Unnamed: 0.1	Gene ID	Genome	Chromosome	Start Position	End Position	Product Description	Cluster	Occupancy	Genes in cluster	Number of genes unmapped	Percentage of genes unmapped	Location
0	Pf7G8-2_000005800	7G8-2019	VBRD01000007.1	10511	11724	Rifin/stevor family, putative	Pf7G8-2_000005800	2	Pf7G8_000005100, Pf7G8-2_000005800	1	50.0	Subtelomeric/Variable
1	Pf7G8-2_000006300	7G8-2019	VBRD01000016.1	7948	16977	erythrocyte membrane protein 1, PfEMP1	Pf7G8-2_000006300	2	Pf7G8_120005400, Pf7G8-2_000006300	2	100.0	Subtelomeric/Variable
2	Pf7G8-2_000006400	7G8-2019	VBRD01000016.1	18851	20194	Rifin/stevor family, putative	Pf7G8-2_000006400	2	Pf7G8_120005500, Pf7G8-2_000006400	2	100.0	Subtelomeric/Variable
3	Pf7G8-2_000025000	7G8-2019	VBRD01000016.1	742519	751543	erythrocyte membrane protein 1, PfEMP1	Pf7G8-2_000025000	2	Pf7G8_120024100, Pf7G8-2_000025000	2	100.0	Core
4	Pf7G8-2_000035500	7G8-2019	VBRD01000001.1	51973	64489	erythrocyte membrane protein 1, PfEMP1	Pf7G8-2_000035500	3	Pf7G8_010005600, Pf7G8-2_000035500, PfGB4_100004900	2	66.66666666666666	Subtelomeric/Variable
5	Pf7G8-2_000035800	7G8-2019	VBRD01000001.1	73513	74721	Rifin/stevor family, putative	PfDd2_140083700	3	PfDd2_140083700, Pf7G8_010005900, Pf7G8-2_000035800	2	66.66666666666666	Subtelomeric/Variable
6	Pf7G8-2_000036000	7G8-2019	VBRD01000001.1	79273	80367	Rifin/stevor family, putative	Pf7G8-2_000036000	6	Pf7G8_010006100, PfHB3_010006100, Pf7G8-2_000036000, PfKH01_010007100, PfGN01_140084600, PfCD01_140084500	3	50.0	Subtelomeric/Variable
7	Pf7G8-2_000069100	7G8-2019	VBRD01000003.1	860254	860916	hypothetical protein	PfDd2_020024500	3	PfDd2_020024500, Pf7G8_020026400, Pf7G8-2_000069100	1	33.33333333333333	Core
8	Pf7G8-2_000069500:pseudogene	7G8-2019	VBRD01000003.1	871043	871944	Rifin/stevor family, putative	Pf7G8-2_000069500:pseudogene	1	Pf7G8-2_000069500:pseudogene	1	100.0	Subtelomeric/Variable
9	Pf7G8-2_000069700	7G8-2019	VBRD01000004.1	29445	39915	erythrocyte membrane protein 1, PfEMP1	Pf7G8-2_000069700	2	Pf7G8_030005900, Pf7G8-2_000069700	2	100.0	Subtelomeric/Variable
10	Pf7G8-2_000069900	7G8-2019	VBRD01000004.1	46824	48005	rifin	PfDd2_130078300	4	PfDd2_130078300, Pf7G8_030006100, PfIT_120059900, Pf7G8-2_000069900	4	100.0	Subtelomeric/Variable
11	Pf7G8-2_000105800	7G8-2019	VBRD01000005.1	516881	522412	erythrocyte membrane protein 1, PfEMP1	Pf7G8-2_000105800	3	Pf7G8_040017600, Pf7G8-2_000105800, PfGB4_040017800	2	66.66666666666666	Subtelomeric/Variable
12	Pf7G8-2_000113600	7G8-2019	VBRD01000005.1	873222	881088	erythrocyte membrane protein 1, PfEMP1	Pf7G8-2_000113600	4	Pf7G8_040025600, PfKE01_040027600, Pf7G8-2_000113600, PfKH01_000028300	4	100.0	Core
13	Pf7G8-2_000118600	7G8-2019	VBRD01000005.1	1078659	1089016	erythrocyte membrane protein 1, PfEMP1	Pf7G8-2_000118600	4	Pf7G8_040030800, PfIT_080005000, Pf7G8-2_000118600, PfNF166_050005600	2	50.0	Subtelomeric/Variable
14	Pf7G8-2_000119900	7G8-2019	VBRD01000006.1	58787	60043	Rifin/stevor family, putative	Pf7G8-2_000119900	2	Pf7G8_050006000, Pf7G8-2_000119900	2	100.0	Subtelomeric/Variable
15	Pf7G8-2_000120000:pseudogene	7G8-2019	VBRD01000006.1	62160	63035	Rifin/stevor family, putative	Pf7G8-2_000120000:pseudogene	4	Pf7G8_050006100, PfIT_050006000, Pf7G8-2_000120000:pseudogene, PfGN01_050005700	3	75.0	Subtelomeric/Variable
16	Pf7G8-2_000152100	7G8-2019	VBRD01000006.1	1377443	1378595	Rifin/stevor family, putative	Pf7G8-2_000152100	2	Pf7G8_050038000, Pf7G8-2_000152100	2	100.0	Subtelomeric/Variable
17	Pf7G8-2_000152500	7G8-2019	VBRD01000006.1	1399364	1409488	erythrocyte membrane protein 1, PfEMP1	Pf7G8-2_000152500	2	Pf7G8_050038400, Pf7G8-2_000152500	2	100.0	Subtelomeric/Variable
18	Pf7G8-2_000153000	7G8-2019	VBRD01000009.1	10099	11351	Rifin/stevor family, putative	Pf7G8-2_000153000	2	Pf7G8_060005600, Pf7G8-2_000153000	2	100.0	Subtelomeric/Variable
19	Pf7G8-2_000169900	7G8-2019	VBRD01000008.1	673589	681994	erythrocyte membrane protein 1, PfEMP1	Pf7G8-2_000169900	7	Pf7G8_060022500, PfHB3_060021800, PfIT_060021400, PfKH02_060023700, Pf7G8-2_000169900, PfKH01_060024600, PfGN01_060023300	6	85.71428571428571	Core
20	Pf7G8-2_000183800	7G8-2019	VBRD01000002.1	43332	44423	rifin	Pf7G8-2_000183800	1	Pf7G8-2_000183800	1	100.0	Subtelomeric/Variable
21	Pf7G8-2_000185000	7G8-2019	VBRD01000010.1	56825	57636	hypothetical protein	Pf7G8-2_000185000	4	Pf7G8_070006000, PfIT_060036200, Pf7G8-2_000185000, PfCD01_000008100	4	100.0	Subtelomeric/Variable
22	Pf7G8-2_000185800	7G8-2019	VBRD01000010.1	92907	94140	rifin	Pf7G8-2_000185800	2	Pf7G8_070006900, Pf7G8-2_000185800	2	100.0	Subtelomeric/Variable
23	Pf7G8-2_000195900	7G8-2019	VBRD01000010.1	538931	548994	erythrocyte membrane protein 1, PfEMP1	Pf7G8-2_000195900	5	Pf7G8_070017100, PfKE01_070015300, Pf7G8-2_000195900, PfKH01_080013900, PfCD01_070015600	4	80.0	Core
24	Pf7G8-2_000196300	7G8-2019	VBRD01000010.1	580819	581940	rifin	Pf7G8-2_000196300	7	Pf7G8_070017800, PfKH02_040026200, PfKE01_040019200, Pf7G8-2_000196300, PfGB4_070017400, PfKH01_070016000, PfCD01_070016600	4	57.14285714285714	Subtelomeric/Variable
25	Pf7G8-2_000196400	7G8-2019	VBRD01000010.1	583857	585111	Rifin/stevor family, putative	Pf7G8-2_000196400	7	Pf7G8_070017900, PfKE01_040019300, Pf7G8-2_000196400, PfGB4_070017500, PfKH01_070016100, PfCD01_070016700, PfNF166_070016500	2	28.57142857142857	Subtelomeric/Variable
26	Pf7G8-2_000216000	7G8-2019	VBRD01000011.1	34660	43265	erythrocyte membrane protein 1, PfEMP1	Pf7G8-2_000216000	3	Pf7G8_080005400, PfHB3_010019600, Pf7G8-2_000216000	3	100.0	Subtelomeric/Variable
27	Pf7G8-2_000224300	7G8-2019	VBRD01000011.1	437946	447844	erythrocyte membrane protein 1, PfEMP1	Pf7G8-2_000224300	2	Pf7G8_080013900, Pf7G8-2_000224300	2	100.0	Subtelomeric/Variable
28	Pf7G8-2_000248000:pseudogene	7G8-2019	VBRD01000011.1	1421205	1422209	Rifin/stevor family, putative	PfDd2_050005200	4	PfDd2_050005200, Pf7G8_080038100, Pf7G8-2_000248000:pseudogene, PfKH01_010006200	2	50.0	Subtelomeric/Variable
29	Pf7G8-2_000248100:pseudogene	7G8-2019	VBRD01000011.1	1424582	1425556	Rifin/stevor family, putative	Pf7G8-2_000248100:pseudogene	4	Pf7G8_080038200, PfKH02_110005800, Pf7G8-2_000248100:pseudogene, PfKH01_010006100	1	25.0	Subtelomeric/Variable
30	Pf7G8-2_000248900	7G8-2019	VBRD01000012.1	49057	56376	erythrocyte membrane protein 1, PfEMP1	Pf7G8-2_000248900	2	Pf7G8_090005600, Pf7G8-2_000248900	2	100.0	Subtelomeric/Variable
31	Pf7G8-2_000249600:pseudogene	7G8-2019	VBRD01000012.1	77557	78294	Rifin/stevor family, putative	PfDd2_090006800	8	PfDd2_090006800, Pf7G8_090006300, PfIT_090006200, PfKH02_090006500, PfKE01_090006100, Pf7G8-2_000249600:pseudogene, PfGN01_090006400, PfSN01_090006200	1	12.5	Subtelomeric/Variable
32	Pf7G8-2_000285500	7G8-2019	VBRD01000012.1	1478357	1479450	Rifin/stevor family, putative	PfDd2_090042600	9	PfDd2_090042600, Pf7G8_090042400, PfHB3_000011300, PfKH02_090042400, Pf7G8-2_000285500, PfGB4_000010700, PfKH01_090041700, PfCD01_090042000, PfNF166_090041600	5	55.55555555555556	Subtelomeric/Variable
33	Pf7G8-2_000285800	7G8-2019	VBRD01000012.1	1488512	1498372	erythrocyte membrane protein 1, PfEMP1	Pf7G8-2_000285800	2	Pf7G8_090042800, Pf7G8-2_000285800	2	100.0	Subtelomeric/Variable
34	Pf7G8-2_000286400	7G8-2019	VBRD01000013.1	4262	4898	hypothetical protein	Pf7G8-2_000286400	2	Pf7G8_100005100, Pf7G8-2_000286400	2	100.0	Core
35	Pf7G8-2_000320500	7G8-2019	VBRD01000013.1	1347379	1351461	S-antigen	Pf7G8-2_000320500	2	Pf7G8_100039500, Pf7G8-2_000320500	2	100.0	Core
36	Pf7G8-2_000324700	7G8-2019	VBRD01000015.1	6589	7794	Rifin/stevor family, putative	Pf7G8-2_000324700	2	Pf7G8_110005100, Pf7G8-2_000324700	2	100.0	Subtelomeric/Variable
37	Pf7G8-2_000389800	7G8-2019	VBRD01000017.1	784207	793989	erythrocyte membrane protein 1, PfEMP1	PfDd2_120045300	4	PfDd2_120045300, Pf7G8_120045800, PfKH02_040017600, Pf7G8-2_000389800	3	75.0	Subtelomeric/Variable
38	Pf7G8-2_000390300	7G8-2019	VBRD01000017.1	829006	836672	erythrocyte membrane protein 1, PfEMP1	Pf7G8-2_000390300	2	Pf7G8_120046600, Pf7G8-2_000390300	2	100.0	Subtelomeric/Variable
39	Pf7G8-2_000403400	7G8-2019	VBRD01000017.1	1319725	1331301	erythrocyte membrane protein 1, PfEMP1	Pf7G8-2_000403400	2	Pf7G8_120060000, Pf7G8-2_000403400	2	100.0	Subtelomeric/Variable
40	Pf7G8-2_000466300	7G8-2019	VBRD01000019.1	2511165	2511707	Reticulon, putative	PfDd2_130069700	15	PfDd2_130069700, Pf7G8_130068400, PfHB3_130070300, PfIT_130069200, PfKH02_130066800, PfKE01_130069500, Pf7G8-2_000466300, PfGB4_130069800, PfKH01_130067900, PfGA01_130070000, PfGN01_130070600, PfCD01_130069500, PfSN01_130066900, PfNF166_130068800, PfNF54_130068500	15	100.0	Core
41	Pf7G8_010005600	7G8	Pf7G8_01	51269	63783	erythrocyte membrane protein 1, PfEMP1	Pf7G8-2_000035500	3	Pf7G8_010005600, Pf7G8-2_000035500, PfGB4_100004900	2	66.66666666666666	Subtelomeric/Variable
42	Pf7G8_010005900	7G8	Pf7G8_01	72809	74017	rifin	PfDd2_140083700	3	PfDd2_140083700, Pf7G8_010005900, Pf7G8-2_000035800	2	66.66666666666666	Subtelomeric/Variable
43	Pf7G8_030005900	7G8	Pf7G8_03	29590	40048	erythrocyte membrane protein 1, PfEMP1	Pf7G8-2_000069700	2	Pf7G8_030005900, Pf7G8-2_000069700	2	100.0	Subtelomeric/Variable
44	Pf7G8_030006100	7G8	Pf7G8_03	46960	48141	rifin	PfDd2_130078300	4	PfDd2_130078300, Pf7G8_030006100, PfIT_120059900, Pf7G8-2_000069900	4	100.0	Subtelomeric/Variable
45	Pf7G8_040017600	7G8	Pf7G8_04	514649	522776	erythrocyte membrane protein 1, PfEMP1	Pf7G8-2_000105800	3	Pf7G8_040017600, Pf7G8-2_000105800, PfGB4_040017800	2	66.66666666666666	Core
46	Pf7G8_040025600	7G8	Pf7G8_04	873644	881510	erythrocyte membrane protein 1, PfEMP1	Pf7G8-2_000113600	4	Pf7G8_040025600, PfKE01_040027600, Pf7G8-2_000113600, PfKH01_000028300	4	100.0	Core
47	Pf7G8_040030800	7G8	Pf7G8_04	1079156	1089513	erythrocyte membrane protein 1, PfEMP1	Pf7G8-2_000118600	4	Pf7G8_040030800, PfIT_080005000, Pf7G8-2_000118600, PfNF166_050005600	2	50.0	Subtelomeric/Variable
48	Pf7G8_050006000	7G8	Pf7G8_05	51310	52566	rifin	Pf7G8-2_000119900	2	Pf7G8_050006000, Pf7G8-2_000119900	2	100.0	Subtelomeric/Variable
49	Pf7G8_050006100	7G8	Pf7G8_05	54683	55800	rifin	Pf7G8-2_000120000:pseudogene	4	Pf7G8_050006100, PfIT_050006000, Pf7G8-2_000120000:pseudogene, PfGN01_050005700	3	75.0	Subtelomeric/Variable
50	Pf7G8_050038000	7G8	Pf7G8_05	1370223	1371375	rifin	Pf7G8-2_000152100	2	Pf7G8_050038000, Pf7G8-2_000152100	2	100.0	Subtelomeric/Variable
51	Pf7G8_050038400	7G8	Pf7G8_05	1392160	1402284	erythrocyte membrane protein 1, PfEMP1	Pf7G8-2_000152500	2	Pf7G8_050038400, Pf7G8-2_000152500	2	100.0	Subtelomeric/Variable
52	Pf7G8_060005400	7G8	Pf7G8_06	22753	32482	erythrocyte membrane protein 1 (PfEMP1), pseudogene	Pf7G8-2_000152900:pseudogene	2	Pf7G8_060005400, Pf7G8-2_000152900:pseudogene	1	50.0	Subtelomeric/Variable
53	Pf7G8_060005600	7G8	Pf7G8_06	34388	35640	rifin	Pf7G8-2_000153000	2	Pf7G8_060005600, Pf7G8-2_000153000	2	100.0	Subtelomeric/Variable
54	Pf7G8_060022500	7G8	Pf7G8_06	715374	723779	erythrocyte membrane protein 1, PfEMP1	Pf7G8-2_000169900	7	Pf7G8_060022500, PfHB3_060021800, PfIT_060021400, PfKH02_060023700, Pf7G8-2_000169900, PfKH01_060024600, PfGN01_060023300	6	85.71428571428571	Core
55	Pf7G8_070006000	7G8	Pf7G8_07	56875	57686	Plasmodium exported protein, unknown function	Pf7G8-2_000185000	4	Pf7G8_070006000, PfIT_060036200, Pf7G8-2_000185000, PfCD01_000008100	4	100.0	Subtelomeric/Variable
56	Pf7G8_070006200	7G8	Pf7G8_07	62068	62605	hypothetical protein	Pf7G8_070006200	3	Pf7G8_070006200, PfIT_100043300, PfGA01_040030000	3	100.0	Subtelomeric/Variable
57	Pf7G8_070006900	7G8	Pf7G8_07	92982	94215	rifin	Pf7G8-2_000185800	2	Pf7G8_070006900, Pf7G8-2_000185800	2	100.0	Subtelomeric/Variable
58	Pf7G8_070017100	7G8	Pf7G8_07	539128	549191	erythrocyte membrane protein 1, PfEMP1	Pf7G8-2_000195900	5	Pf7G8_070017100, PfKE01_070015300, Pf7G8-2_000195900, PfKH01_080013900, PfCD01_070015600	4	80.0	Core
59	Pf7G8_070017800	7G8	Pf7G8_07	581018	582139	rifin	Pf7G8-2_000196300	7	Pf7G8_070017800, PfKH02_040026200, PfKE01_040019200, Pf7G8-2_000196300, PfGB4_070017400, PfKH01_070016000, PfCD01_070016600	4	57.14285714285714	Subtelomeric/Variable
60	Pf7G8_070017900	7G8	Pf7G8_07	584056	585310	rifin	Pf7G8-2_000196400	7	Pf7G8_070017900, PfKE01_040019300, Pf7G8-2_000196400, PfGB4_070017500, PfKH01_070016100, PfCD01_070016700, PfNF166_070016500	2	28.57142857142857	Subtelomeric/Variable
61	Pf7G8_080005400	7G8	Pf7G8_08	18769	27375	erythrocyte membrane protein 1, PfEMP1	Pf7G8-2_000216000	3	Pf7G8_080005400, PfHB3_010019600, Pf7G8-2_000216000	3	100.0	Subtelomeric/Variable
62	Pf7G8_080005600	7G8	Pf7G8_08	32315	33554	rifin	Pf7G8-2_000216200	3	Pf7G8_080005600, PfKE01_040006400, Pf7G8-2_000216200	1	33.33333333333333	Subtelomeric/Variable
63	Pf7G8_080005800	7G8	Pf7G8_08	39188	40548	rifin	Pf7G8-2_000216400:pseudogene	6	Pf7G8_080005800, PfIT_000012000, PfKH02_080006100, Pf7G8-2_000216400:pseudogene, PfCD01_080005700, PfSN01_010017800	3	50.0	Subtelomeric/Variable
64	Pf7G8_080013900	7G8	Pf7G8_08	422121	432019	erythrocyte membrane protein 1, PfEMP1	Pf7G8-2_000224300	2	Pf7G8_080013900, Pf7G8-2_000224300	2	100.0	Subtelomeric/Variable
65	Pf7G8_080038100	7G8	Pf7G8_08	1405736	1406741	rifin	PfDd2_050005200	4	PfDd2_050005200, Pf7G8_080038100, Pf7G8-2_000248000:pseudogene, PfKH01_010006200	2	50.0	Subtelomeric/Variable
66	Pf7G8_090005600	7G8	Pf7G8_09	41601	50973	erythrocyte membrane protein 1, PfEMP1	Pf7G8-2_000248900	2	Pf7G8_090005600, Pf7G8-2_000248900	2	100.0	Subtelomeric/Variable
67	Pf7G8_090042400	7G8	Pf7G8_09	1471327	1472420	rifin	PfDd2_090042600	9	PfDd2_090042600, Pf7G8_090042400, PfHB3_000011300, PfKH02_090042400, Pf7G8-2_000285500, PfGB4_000010700, PfKH01_090041700, PfCD01_090042000, PfNF166_090041600	5	55.55555555555556	Subtelomeric/Variable
68	Pf7G8_090042800	7G8	Pf7G8_09	1481489	1491351	erythrocyte membrane protein 1, PfEMP1	Pf7G8-2_000285800	2	Pf7G8_090042800, Pf7G8-2_000285800	2	100.0	Subtelomeric/Variable
69	Pf7G8_100005100	7G8	Pf7G8_10	4428	5064	hypothetical protein	Pf7G8-2_000286400	2	Pf7G8_100005100, Pf7G8-2_000286400	2	100.0	Core
70	Pf7G8_100039500	7G8	Pf7G8_10	1347655	1351737	S-antigen	Pf7G8-2_000320500	2	Pf7G8_100039500, Pf7G8-2_000320500	2	100.0	Core
71	Pf7G8_100043300	7G8	Pf7G8_10	1529995	1531404	hypothetical protein	Pf7G8_100043300	3	Pf7G8_100043300, PfHB3_100043300, PfIT_100043000	3	100.0	Subtelomeric/Variable
72	Pf7G8_100043700	7G8	Pf7G8_10	1553963	1554720	Plasmodium exported protein, unknown function	Pf7G8_100043700	4	Pf7G8_100043700, PfHB3_100043600, PfGA01_040030100, PfSN01_140007000	1	25.0	Subtelomeric/Variable
73	Pf7G8_100043800	7G8	Pf7G8_10	1556187	1556995	Plasmodium exported protein, unknown function	Pf7G8_100043800	4	Pf7G8_100043800, PfHB3_100043700, PfGA01_040030200, PfSN01_140006900	4	100.0	Subtelomeric/Variable
74	Pf7G8_110005100	7G8	Pf7G8_11	6971	8176	rifin	Pf7G8-2_000324700	2	Pf7G8_110005100, Pf7G8-2_000324700	2	100.0	Subtelomeric/Variable
75	Pf7G8_110028600	7G8	Pf7G8_11	916959	921014	hypothetical protein	PfDd2_110027900	7	PfDd2_110027900, Pf7G8_110028600, PfHB3_110028200, PfIT_110029200, PfKH02_110030000, Pf7G8-2_000347600, Pf7G8-2_000347700, PfKH01_110029000	6	85.71428571428571	Core
76	Pf7G8_120005400	7G8	Pf7G8_12	30287	41620	erythrocyte membrane protein 1, PfEMP1	Pf7G8-2_000006300	2	Pf7G8_120005400, Pf7G8-2_000006300	2	100.0	Subtelomeric/Variable
77	Pf7G8_120005500	7G8	Pf7G8_12	43501	44844	rifin	Pf7G8-2_000006400	2	Pf7G8_120005500, Pf7G8-2_000006400	2	100.0	Subtelomeric/Variable
78	Pf7G8_120024100	7G8	Pf7G8_12	767303	776329	erythrocyte membrane protein 1, PfEMP1	Pf7G8-2_000025000	2	Pf7G8_120024100, Pf7G8-2_000025000	2	100.0	Core
79	Pf7G8_120045700	7G8	Pf7G8_12	1728321	1735817	erythrocyte membrane protein 1, PfEMP1	Pf7G8-2_000389700	4	Pf7G8_120045700, PfHB3_120045000, Pf7G8-2_000389700, PfGB4_120045400	2	50.0	Core
80	Pf7G8_120045800	7G8	Pf7G8_12	1737330	1747113	erythrocyte membrane protein 1, PfEMP1	PfDd2_120045300	4	PfDd2_120045300, Pf7G8_120045800, PfKH02_040017600, Pf7G8-2_000389800	3	75.0	Subtelomeric/Variable
81	Pf7G8_120046600	7G8	Pf7G8_12	1782132	1789799	erythrocyte membrane protein 1, PfEMP1	Pf7G8-2_000390300	2	Pf7G8_120046600, Pf7G8-2_000390300	2	100.0	Subtelomeric/Variable
82	Pf7G8_120059150	7G8	Pf7G8_12	2242784	2243761	Plasmodium exported protein (PHISTa), unknown function	Pf7G8_120059150	10	Pf7G8_120059150, PfHB3_120058250, PfIT_120058800, PfKH02_120058150, PfKE01_120058900, PfGB4_120058800, PfKH01_120059550, PfGA01_120058900, PfGN01_120059700, PfSN01_120058900	9	90.0	Core
83	Pf7G8_120060000	7G8	Pf7G8_12	2273021	2284597	erythrocyte membrane protein 1, PfEMP1	Pf7G8-2_000403400	2	Pf7G8_120060000, Pf7G8-2_000403400	2	100.0	Subtelomeric/Variable
84	Pf7G8_130006400	7G8	Pf7G8_13	65649	66683	hypothetical protein	PfDd2_130007800	11	PfDd2_130007800, Pf7G8_130006400, PfHB3_130008300, PfIT_130007200, PfKE01_130007600, PfGB4_130007900, PfKH01_130006200, PfGA01_130008000, PfGN01_130008700, PfCD01_130007500, PfSN01_130005000	11	100.0	Core
85	Pf7G8_130068400	7G8	Pf7G8_13	2512021	2512527	hypothetical protein	PfDd2_130069700	15	PfDd2_130069700, Pf7G8_130068400, PfHB3_130070300, PfIT_130069200, PfKH02_130066800, PfKE01_130069500, Pf7G8-2_000466300, PfGB4_130069800, PfKH01_130067900, PfGA01_130070000, PfGN01_130070600, PfCD01_130069500, PfSN01_130066900, PfNF166_130068800, PfNF54_130068500	15	100.0	Core
86	PfCD01_000006100	CD01	PfCD01_00_1	33890	35046	rifin	PfCD01_000006100	1	PfCD01_000006100	1	100.0	Subtelomeric/Variable
87	PfCD01_000006400	CD01	PfCD01_00_1	43452	44778	rifin	PfCD01_000006400	1	PfCD01_000006400	1	100.0	Subtelomeric/Variable
88	PfCD01_000006600	CD01	PfCD01_00_1	50312	57457	erythrocyte membrane protein 1, PfEMP1	Pf7G8-2_000094000	10	Pf7G8_040005600, PfKE01_100005500, Pf7G8-2_000094000, PfGB4_000006900, PfKH01_000028900, PfGA01_040005600, PfGN01_080038400, PfCD01_000006600, PfSN01_000005600, PfNF166_040007200	4	40.0	Subtelomeric/Variable
89	PfCD01_000007600	CD01	PfCD01_00_2	28975	30180	rifin	PfCD01_000007600	1	PfCD01_000007600	1	100.0	Subtelomeric/Variable
90	PfCD01_000008100	CD01	PfCD01_00_2	43960	44771	hypothetical protein	Pf7G8-2_000185000	4	Pf7G8_070006000, PfIT_060036200, Pf7G8-2_000185000, PfCD01_000008100	4	100.0	Subtelomeric/Variable
91	PfCD01_000008700	CD01	PfCD01_00_2	71329	72418	rifin	PfCD01_000008700	1	PfCD01_000008700	1	100.0	Subtelomeric/Variable
92	PfCD01_000009400	CD01	PfCD01_00_4	192	5544	erythrocyte membrane protein 1, PfEMP1	PfCD01_000009400	1	PfCD01_000009400	1	100.0	Subtelomeric/Variable
93	PfCD01_010019500	CD01	PfCD01_01	570544	579284	erythrocyte membrane protein 1, PfEMP1	PfCD01_010019500	1	PfCD01_010019500	1	100.0	Subtelomeric/Variable
94	PfCD01_020006000	CD01	PfCD01_02	32133	37395	erythrocyte membrane protein 1, PfEMP1	PfCD01_020006000	2	PfGB4_000019700, PfCD01_020006000	1	50.0	Subtelomeric/Variable
95	PfCD01_020026700	CD01	PfCD01_02	866031	867270	rifin	PfCD01_020026700	1	PfCD01_020026700	1	100.0	Core
96	PfCD01_030030500	CD01	PfCD01_03	1034531	1046155	erythrocyte membrane protein 1, PfEMP1	PfCD01_030030500	1	PfCD01_030030500	1	100.0	Subtelomeric/Variable
97	PfCD01_040005300	CD01	PfCD01_04	15364	25278	erythrocyte membrane protein 1, PfEMP1	PfCD01_040005300	3	PfKH01_050005600, PfCD01_040005300, PfSN01_130075300	2	66.66666666666666	Subtelomeric/Variable
98	PfCD01_040005700	CD01	PfCD01_04	37865	38930	rifin	PfCD01_040005700	1	PfCD01_040005700	1	100.0	Subtelomeric/Variable
99	PfCD01_040005900	CD01	PfCD01_04	43615	44884	rifin	PfCD01_040005900	3	PfGB4_040006400, PfCD01_040005900, PfSN01_040006000	3	100.0	Subtelomeric/Variable
100	PfCD01_040017400	CD01	PfCD01_04	507729	516810	erythrocyte membrane protein 1, PfEMP1	PfCD01_040017400	4	PfHB3_040016500, PfIT_040017000, PfGA01_040017300, PfCD01_040017400	1	25.0	Core
101	PfCD01_040026200	CD01	PfCD01_04	905043	913912	erythrocyte membrane protein 1, PfEMP1	PfCD01_040026200	2	PfKH02_040025700, PfCD01_040026200	2	100.0	Core
102	PfCD01_040026500	CD01	PfCD01_04	928935	937661	erythrocyte membrane protein 1, PfEMP1	PfCD01_040026500	1	PfCD01_040026500	1	100.0	Subtelomeric/Variable
103	PfCD01_040031100	CD01	PfCD01_04	1120270	1130480	erythrocyte membrane protein 1, PfEMP1	PfCD01_040031100	1	PfCD01_040031100	1	100.0	Subtelomeric/Variable
104	PfCD01_050007000	CD01	PfCD01_05	73596	74696	rifin	PfCD01_050007000	1	PfCD01_050007000	1	100.0	Subtelomeric/Variable
105	PfCD01_050039400	CD01	PfCD01_05	1402540	1414055	erythrocyte membrane protein 1, PfEMP1	PfCD01_050039400	1	PfCD01_050039400	1	100.0	Subtelomeric/Variable
106	PfCD01_050039600	CD01	PfCD01_05	1419459	1426737	erythrocyte membrane protein 1, PfEMP1	PfCD01_050039600	4	PfIT_070005800, PfCD01_050039600, PfSN01_000012600, PfNF166_090042600	2	50.0	Subtelomeric/Variable
107	PfCD01_060005300	CD01	PfCD01_06	16963	24493	erythrocyte membrane protein 1, PfEMP1	PfCD01_060005300	1	PfCD01_060005300	1	100.0	Subtelomeric/Variable
108	PfCD01_070005300	CD01	PfCD01_07	22783	30469	erythrocyte membrane protein 1, PfEMP1	PfCD01_070005300	1	PfCD01_070005300	1	100.0	Subtelomeric/Variable
109	PfCD01_070016600	CD01	PfCD01_07	533025	534146	rifin	Pf7G8-2_000196300	7	Pf7G8_070017800, PfKH02_040026200, PfKE01_040019200, Pf7G8-2_000196300, PfGB4_070017400, PfKH01_070016000, PfCD01_070016600	4	57.14285714285714	Subtelomeric/Variable
110	PfCD01_070035800	CD01	PfCD01_07	1355464	1367296	erythrocyte membrane protein 1, PfEMP1	PfCD01_070035800	4	PfHB3_000008700, PfKH01_040027700, PfGN01_020005900, PfCD01_070035800	3	75.0	Subtelomeric/Variable
111	PfCD01_070035900	CD01	PfCD01_07	1368816	1376573	erythrocyte membrane protein 1 (PfEMP1), pseudogene	PfCD01_070035900	1	PfCD01_070035900	1	100.0	Subtelomeric/Variable
112	PfCD01_080005400	CD01	PfCD01_08	39896	48792	erythrocyte membrane protein 1, PfEMP1	PfCD01_080005400	4	PfGB4_000018400, PfGA01_080036000, PfGN01_000022600, PfCD01_080005400	4	100.0	Subtelomeric/Variable
113	PfCD01_080005500	CD01	PfCD01_08	50865	60545	erythrocyte membrane protein 1, PfEMP1	PfCD01_080005500	1	PfCD01_080005500	1	100.0	Subtelomeric/Variable
114	PfCD01_080013800	CD01	PfCD01_08	450298	457843	erythrocyte membrane protein 1, PfEMP1	PfCD01_080013800	1	PfCD01_080013800	1	100.0	Subtelomeric/Variable
115	PfCD01_080038400	CD01	PfCD01_08	1457438	1458546	rifin	PfCD01_080038400	4	PfIT_040030500, PfKH02_010005500, PfKE01_070005100, PfCD01_080038400	1	25.0	Subtelomeric/Variable
116	PfCD01_080038700	CD01	PfCD01_08	1467123	1468261	rifin	PfCD01_080038700	1	PfCD01_080038700	1	100.0	Subtelomeric/Variable
117	PfCD01_090005600	CD01	PfCD01_09	35644	45698	erythrocyte membrane protein 1, PfEMP1	PfCD01_090005600	2	PfKH02_100045500, PfCD01_090005600	1	50.0	Subtelomeric/Variable
118	PfCD01_090005800	CD01	PfCD01_09	51077	62211	erythrocyte membrane protein 1, PfEMP1	PfCD01_090005800	1	PfCD01_090005800	1	100.0	Subtelomeric/Variable
119	PfCD01_090042000	CD01	PfCD01_09	1472547	1473640	rifin	PfDd2_090042600	9	PfDd2_090042600, Pf7G8_090042400, PfHB3_000011300, PfKH02_090042400, Pf7G8-2_000285500, PfGB4_000010700, PfKH01_090041700, PfCD01_090042000, PfNF166_090041600	5	55.55555555555556	Subtelomeric/Variable
120	PfCD01_090042700	CD01	PfCD01_09	1493834	1494936	rifin	PfCD01_090042700	1	PfCD01_090042700	1	100.0	Subtelomeric/Variable
121	PfCD01_090042900	CD01	PfCD01_09	1501052	1512235	erythrocyte membrane protein 1, PfEMP1	PfCD01_090042900	1	PfCD01_090042900	1	100.0	Subtelomeric/Variable
122	PfCD01_100005600	CD01	PfCD01_10	31712	41972	erythrocyte membrane protein 1, PfEMP1	PfCD01_100005600	1	PfCD01_100005600	1	100.0	Subtelomeric/Variable
123	PfCD01_100040300	CD01	PfCD01_10	1397094	1398595	S-antigen	PfCD01_100040300	1	PfCD01_100040300	1	100.0	Core
124	PfCD01_100044800	CD01	PfCD01_10	1612100	1613361	rifin	PfCD01_100044800	1	PfCD01_100044800	1	100.0	Subtelomeric/Variable
125	PfCD01_100044900	CD01	PfCD01_10	1615356	1616422	rifin	PfCD01_100044900	1	PfCD01_100044900	1	100.0	Subtelomeric/Variable
126	PfCD01_100045400	CD01	PfCD01_10	1630560	1639703	erythrocyte membrane protein 1, PfEMP1	PfCD01_100045400	1	PfCD01_100045400	1	100.0	Subtelomeric/Variable
127	PfCD01_100045500	CD01	PfCD01_10	1641109	1648309	erythrocyte membrane protein 1, PfEMP1	PfCD01_100045500	1	PfCD01_100045500	1	100.0	Subtelomeric/Variable
128	PfCD01_110005900	CD01	PfCD01_11	33040	42022	erythrocyte membrane protein 1, PfEMP1	PfCD01_110005900	2	PfIT_140085700, PfCD01_110005900	2	100.0	Subtelomeric/Variable
129	PfCD01_110006100	CD01	PfCD01_11	47620	48694	rifin	Pf7G8-2_000403200	4	Pf7G8_120059800, Pf7G8-2_000403200, PfGA01_060005500, PfCD01_110006100	2	50.0	Subtelomeric/Variable
130	PfCD01_110055400	CD01	PfCD01_11	2029262	2030415	rifin	PfCD01_110055400	1	PfCD01_110055400	1	100.0	Subtelomeric/Variable
131	PfCD01_120024200	CD01	PfCD01_12	783725	786906	erythrocyte membrane protein 1 (PfEMP1), pseudogene	PfCD01_120024200	2	PfKH01_120025600, PfKH01_120025700, PfCD01_120024200	1	50.0	Core
132	PfCD01_120024400	CD01	PfCD01_12	792163	793425	rifin	PfCD01_120024400	2	PfKH01_120025900, PfCD01_120024400	1	50.0	Core
133	PfCD01_120024500	CD01	PfCD01_12	797772	798776	hypothetical protein	PfCD01_120024500	2	PfKH01_120026000, PfCD01_120024500	2	100.0	Core
134	PfCD01_120024600	CD01	PfCD01_12	798819	800200	Duffy binding domain/acidic terminal segments, variant surface antigen of PfEMP1, putative	PfCD01_120024600	2	PfKH01_120026100, PfCD01_120024600	2	100.0	Core
135	PfCD01_120045100	CD01	PfCD01_12	1718526	1726081	erythrocyte membrane protein 1, PfEMP1	PfCD01_120045100	2	PfCD01_120045100, PfSN01_070016700	2	100.0	Subtelomeric/Variable
136	PfCD01_130005500	CD01	PfCD01_13	23277	30624	erythrocyte membrane protein 1, PfEMP1	PfCD01_130005500	1	PfCD01_130005500	1	100.0	Subtelomeric/Variable
137	PfCD01_130007500	CD01	PfCD01_13	114460	115515	hypothetical protein	PfDd2_130007800	11	PfDd2_130007800, Pf7G8_130006400, PfHB3_130008300, PfIT_130007200, PfKE01_130007600, PfGB4_130007900, PfKH01_130006200, PfGA01_130008000, PfGN01_130008700, PfCD01_130007500, PfSN01_130005000	11	100.0	Core
138	PfCD01_130069500	CD01	PfCD01_13	2564371	2564877	hypothetical protein	PfDd2_130069700	15	PfDd2_130069700, Pf7G8_130068400, PfHB3_130070300, PfIT_130069200, PfKH02_130066800, PfKE01_130069500, Pf7G8-2_000466300, PfGB4_130069800, PfKH01_130067900, PfGA01_130070000, PfGN01_130070600, PfCD01_130069500, PfSN01_130066900, PfNF166_130068800, PfNF54_130068500	15	100.0	Core
139	PfCD01_130077700	CD01	PfCD01_13	2863443	2864835	rifin	PfCD01_130077700	1	PfCD01_130077700	1	100.0	Subtelomeric/Variable
140	PfCD01_130078200	CD01	PfCD01_13	2878659	2879931	rifin	PfCD01_130078200	1	PfCD01_130078200	1	100.0	Subtelomeric/Variable
141	PfCD01_140005600	CD01	PfCD01_14	27805	37678	erythrocyte membrane protein 1, PfEMP1	PfCD01_140005600	1	PfCD01_140005600	1	100.0	Subtelomeric/Variable
142	PfCD01_140005700	CD01	PfCD01_14	39587	40817	rifin	PfCD01_140005700	1	PfCD01_140005700	1	100.0	Subtelomeric/Variable
143	PfCD01_140084500	CD01	PfCD01_14	3310393	3311268	rifin	Pf7G8-2_000036000	6	Pf7G8_010006100, PfHB3_010006100, Pf7G8-2_000036000, PfKH01_010007100, PfGN01_140084600, PfCD01_140084500	3	50.0	Subtelomeric/Variable
144	PfCD01_140084600	CD01	PfCD01_14	3313206	3314534	rifin	PfCD01_140084600	1	PfCD01_140084600	1	100.0	Subtelomeric/Variable
145	PfCD01_140084800	CD01	PfCD01_14	3318676	3319880	rifin	PfCD01_140084800	1	PfCD01_140084800	1	100.0	Subtelomeric/Variable
146	PfDd2_010005500	Dd2	PfDd2_01	29541	39741	erythrocyte membrane protein 1, PfEMP1	PfDd2_010005500	4	PfDd2_010005500, PfHB3_120045300, PfGB4_000013800, PfGA01_110054000	3	75.0	Subtelomeric/Variable
147	PfDd2_010018800	Dd2	PfDd2_01	549522	551102	rifin	PfDd2_010018800	2	PfDd2_010018800, PfGB4_010018900	1	50.0	Subtelomeric/Variable
148	PfDd2_010019200	Dd2	PfDd2_01	562349	563519	rifin	PfDd2_010019200	2	PfDd2_010019200, PfCD01_140084700	1	50.0	Subtelomeric/Variable
149	PfDd2_010019400	Dd2	PfDd2_01	569431	579166	erythrocyte membrane protein 1, PfEMP1	PfDd2_010019400	1	PfDd2_010019400	1	100.0	Subtelomeric/Variable
150	PfDd2_020009600	Dd2	PfDd2_02	167680	168570	merozoite surface protein 2	PfDd2_020009600	8	PfDd2_020009600, PfHB3_020011500, PfKH02_020010800, PfKE01_020009300, PfKH01_020012000, PfGA01_020009800, PfCD01_020011700, PfSN01_020009800	1	12.5	Core
151	PfDd2_020024900	Dd2	PfDd2_02	780191	781362	rifin	PfDd2_020024900	1	PfDd2_020024900	1	100.0	Subtelomeric/Variable
152	PfDd2_020025400	Dd2	PfDd2_02	791867	803377	erythrocyte membrane protein 1, PfEMP1	PfDd2_020025400	3	PfDd2_020025400, PfIT_110005600, PfKH01_000029300	2	66.66666666666666	Subtelomeric/Variable
153	PfDd2_030005700	Dd2	PfDd2_03	41612	42987	rifin	PfDd2_030005700	1	PfDd2_030005700	1	100.0	Subtelomeric/Variable
154	PfDd2_030029800	Dd2	PfDd2_03	1003137	1011067	erythrocyte membrane protein 1, PfEMP1	PfDd2_030029800	1	PfDd2_030029800	1	100.0	Subtelomeric/Variable
155	PfDd2_040005100	Dd2	PfDd2_04	3483	14910	erythrocyte membrane protein 1, PfEMP1	PfDd2_040005100	1	PfDd2_040005100	1	100.0	Subtelomeric/Variable
156	PfDd2_040005700	Dd2	PfDd2_04	29666	30763	rifin	PfDd2_040005700	5	PfDd2_040005700, PfGB4_000012900, PfGA01_110053600, PfCD01_110054900, PfNF166_040031500	1	20.0	Subtelomeric/Variable
157	PfDd2_040018200	Dd2	PfDd2_04	540458	548154	erythrocyte membrane protein 1, PfEMP1	PfDd2_040018200	2	PfDd2_040018200, PfGA01_000007100	2	100.0	Subtelomeric/Variable
158	PfDd2_040025900	Dd2	PfDd2_04	883861	892626	erythrocyte membrane protein 1, PfEMP1	PfDd2_040025900	3	PfDd2_040025900, PfHB3_040024700, PfGN01_040026100	2	66.66666666666666	Core
159	PfDd2_040026100	Dd2	PfDd2_04	897372	898489	rifin	PfDd2_040026100	3	PfDd2_040026100, PfHB3_080014400, PfGA01_040025600	2	66.66666666666666	Subtelomeric/Variable
160	PfDd2_040026300	Dd2	PfDd2_04	904261	913085	erythrocyte membrane protein 1, PfEMP1	PfDd2_040026300	6	PfDd2_040026300, Pf7G8_030005800, PfHB3_080005000, PfKE01_040027900, Pf7G8-2_000069600:pseudogene, PfGA01_040025800	4	66.66666666666666	Subtelomeric/Variable
161	PfDd2_040030400	Dd2	PfDd2_04	1084458	1085056	Plasmodium exported protein (hyp10), unknown function	PfDd2_040030400	7	PfDd2_040030400, PfHB3_120058300, PfIT_040030000, PfKH02_040030900, PfGB4_040030200, PfSN01_040030100, PfNF166_040031100	7	100.0	Subtelomeric/Variable
162	PfDd2_050005400	Dd2	PfDd2_05	27339	28299	rifin, pseudogene	PfDd2_050005400	1	PfDd2_050005400	1	100.0	Subtelomeric/Variable
163	PfDd2_050005700	Dd2	PfDd2_05	36920	37945	stevor	PfDd2_050005700	2	PfDd2_050005700, PfCD01_040005500	1	50.0	Subtelomeric/Variable
164	PfDd2_050037600	Dd2	PfDd2_05	1341926	1354420	erythrocyte membrane protein 1 (PfEMP1), pseudogene	PfDd2_050037600	3	PfDd2_050037600, PfGA01_050037000, PfSN01_050037600	1	33.33333333333333	Subtelomeric/Variable
165	PfDd2_050037800	Dd2	PfDd2_05	1359711	1360831	rifin	PfDd2_050037800	1	PfDd2_050037800	1	100.0	Subtelomeric/Variable
166	PfDd2_050038000	Dd2	PfDd2_05	1365635	1366994	rifin	PfDd2_050038000	1	PfDd2_050038000	1	100.0	Subtelomeric/Variable
167	PfDd2_050038100	Dd2	PfDd2_05	1368899	1369996	rifin	PfDd2_050038100	1	PfDd2_050038100	1	100.0	Subtelomeric/Variable
168	PfDd2_050039000	Dd2	PfDd2_05	1393432	1405083	erythrocyte membrane protein 1, PfEMP1	PfDd2_050039000	1	PfDd2_050039000	1	100.0	Subtelomeric/Variable
169	PfDd2_070005500	Dd2	PfDd2_07	24611	36217	erythrocyte membrane protein 1, PfEMP1	PfDd2_070005500	3	PfDd2_070005500, PfGB4_040031300, PfSN01_090005700	3	100.0	Subtelomeric/Variable
170	PfDd2_070005600	Dd2	PfDd2_07	39085	40355	rifin	PfDd2_070005600	1	PfDd2_070005600	1	100.0	Subtelomeric/Variable
171	PfDd2_070005800	Dd2	PfDd2_07	45875	47083	rifin	PfDd2_070005800	1	PfDd2_070005800	1	100.0	Subtelomeric/Variable
172	PfDd2_070015900	Dd2	PfDd2_07	487000	497786	erythrocyte membrane protein 1, PfEMP1	PfDd2_070015900	2	PfDd2_070015900, PfIT_070016600	2	100.0	Core
173	PfDd2_070016000	Dd2	PfDd2_07	500510	510592	erythrocyte membrane protein 1, PfEMP1	PfDd2_070016000	3	PfDd2_070016000, PfIT_070016700, PfGN01_000022000	2	66.66666666666666	Subtelomeric/Variable
174	PfDd2_070016200	Dd2	PfDd2_07	518207	527277	erythrocyte membrane protein 1, PfEMP1	PfDd2_070016200	3	PfDd2_070016200, PfIT_070016900, PfGB4_070017900	3	100.0	Subtelomeric/Variable
175	PfDd2_070016400	Dd2	PfDd2_07	540461	549472	erythrocyte membrane protein 1, PfEMP1	PfDd2_070016400	3	PfDd2_070016400, PfIT_070017100, PfGB4_070018100	3	100.0	Subtelomeric/Variable
176	PfDd2_080005500	Dd2	PfDd2_08	31728	42695	erythrocyte membrane protein 1, PfEMP1	PfDd2_080005500	2	PfDd2_080005500, PfGN01_030030800	2	100.0	Subtelomeric/Variable
177	PfDd2_090006100	Dd2	PfDd2_09	33533	45036	erythrocyte membrane protein 1, PfEMP1	PfDd2_090006100	1	PfDd2_090006100	1	100.0	Subtelomeric/Variable
178	PfDd2_090006300	Dd2	PfDd2_09	51982	53230	rifin	PfDd2_090006300	2	PfDd2_090006300, PfKH02_090006000	1	50.0	Subtelomeric/Variable
179	PfDd2_090042600	Dd2	PfDd2_09	1465105	1466198	rifin	PfDd2_090042600	9	PfDd2_090042600, Pf7G8_090042400, PfHB3_000011300, PfKH02_090042400, Pf7G8-2_000285500, PfGB4_000010700, PfKH01_090041700, PfCD01_090042000, PfNF166_090041600	5	55.55555555555556	Subtelomeric/Variable
180	PfDd2_090042800	Dd2	PfDd2_09	1471530	1472625	rifin	PfDd2_090042800	1	PfDd2_090042800	1	100.0	Subtelomeric/Variable
181	PfDd2_100040400	Dd2	PfDd2_10	1370799	1372548	S-antigen protein, putative	PfDd2_100040400	1	PfDd2_100040400	1	100.0	Core
182	PfDd2_100045900	Dd2	PfDd2_10	1618184	1628349	erythrocyte membrane protein 1, PfEMP1	PfDd2_100045900	3	PfDd2_100045900, PfKH02_040026700, PfKH01_070035900	2	66.66666666666666	Subtelomeric/Variable
183	PfDd2_110027900	Dd2	PfDd2_11	889812	893878	hypothetical protein	PfDd2_110027900	7	PfDd2_110027900, Pf7G8_110028600, PfHB3_110028200, PfIT_110029200, PfKH02_110030000, Pf7G8-2_000347600, Pf7G8-2_000347700, PfKH01_110029000	6	85.71428571428571	Core
184	PfDd2_110053300	Dd2	PfDd2_11	1948442	1958591	erythrocyte membrane protein 1, PfEMP1	PfDd2_110053300	1	PfDd2_110053300	1	100.0	Subtelomeric/Variable
185	PfDd2_120005300	Dd2	PfDd2_12	11482	12580	rifin	PfDd2_120005300	2	PfDd2_120005300, PfKH02_120005800	1	50.0	Subtelomeric/Variable
186	PfDd2_120028600	Dd2	PfDd2_12	955362	956045	50S ribosomal protein L24, putative	PfDd2_120028600	1	PfDd2_120028600	1	100.0	Core
187	PfDd2_120028700	Dd2	PfDd2_12	956551	957477	Mitochondrial carrier protein, putative	PfDd2_120028700	1	PfDd2_120028700	1	100.0	Core
188	PfDd2_120045300	Dd2	PfDd2_12	1685986	1695001	erythrocyte membrane protein 1, PfEMP1	PfDd2_120045300	4	PfDd2_120045300, Pf7G8_120045800, PfKH02_040017600, Pf7G8-2_000389800	3	75.0	Core
189	PfDd2_120045400	Dd2	PfDd2_12	1697513	1698742	Rifin/stevor family, putative	PfDd2_120045400	1	PfDd2_120045400	1	100.0	Core
190	PfDd2_130005700	Dd2	PfDd2_13	36512	45875	erythrocyte membrane protein 1, PfEMP1	PfDd2_130005700	1	PfDd2_130005700	1	100.0	Subtelomeric/Variable
191	PfDd2_130006100	Dd2	PfDd2_13	60910	62164	rifin	PfDd2_130006100	1	PfDd2_130006100	1	100.0	Subtelomeric/Variable
192	PfDd2_130006300	Dd2	PfDd2_13	67384	68603	rifin	PfDd2_130006300	1	PfDd2_130006300	1	100.0	Subtelomeric/Variable
193	PfDd2_130007800	Dd2	PfDd2_13	131288	132334	hypothetical protein	PfDd2_130007800	11	PfDd2_130007800, Pf7G8_130006400, PfHB3_130008300, PfIT_130007200, PfKE01_130007600, PfGB4_130007900, PfKH01_130006200, PfGA01_130008000, PfGN01_130008700, PfCD01_130007500, PfSN01_130005000	11	100.0	Core
194	PfDd2_130069700	Dd2	PfDd2_13	2576951	2577457	hypothetical protein	PfDd2_130069700	15	PfDd2_130069700, Pf7G8_130068400, PfHB3_130070300, PfIT_130069200, PfKH02_130066800, PfKE01_130069500, Pf7G8-2_000466300, PfGB4_130069800, PfKH01_130067900, PfGA01_130070000, PfGN01_130070600, PfCD01_130069500, PfSN01_130066900, PfNF166_130068800, PfNF54_130068500	15	100.0	Core
195	PfDd2_130078300	Dd2	PfDd2_13	2892330	2893534	rifin	PfDd2_130078300	4	PfDd2_130078300, Pf7G8_030006100, PfIT_120059900, Pf7G8-2_000069900	4	100.0	Subtelomeric/Variable
196	PfDd2_130078800	Dd2	PfDd2_13	2917204	2926999	erythrocyte membrane protein 1, PfEMP1	PfDd2_130078800	1	PfDd2_130078800	1	100.0	Subtelomeric/Variable
197	PfGA01_000006400	GA01	PfGA01_00_2	39848	40705	stevor	PfDd2_050038800	3	PfDd2_050038800, PfGA01_000006400, PfNF166_010005300:pseudogene	1	33.33333333333333	Subtelomeric/Variable
198	PfGA01_000006900	GA01	PfGA01_00_2	61757	70708	erythrocyte membrane protein 1, PfEMP1	PfGA01_000006900	1	PfGA01_000006900	1	100.0	Subtelomeric/Variable
199	PfGA01_000007100	GA01	PfGA01_00_2	74786	83761	erythrocyte membrane protein 1, PfEMP1	PfDd2_040018200	2	PfDd2_040018200, PfGA01_000007100	2	100.0	Subtelomeric/Variable
200	PfGA01_000007300	GA01	PfGA01_00_2	85248	86443	rifin	PfGA01_000007300	1	PfGA01_000007300	1	100.0	Subtelomeric/Variable
201	PfGA01_010019300	GA01	PfGA01_01	569281	570539	rifin	PfGA01_010019300	6	PfHB3_010019000, PfKH01_010020200, PfGA01_010019300, PfGN01_010019200, PfSN01_000014000, PfNF166_000019500	4	66.66666666666666	Subtelomeric/Variable
202	PfGA01_010019800	GA01	PfGA01_01	584614	585722	rifin	PfGA01_010019800	1	PfGA01_010019800	1	100.0	Subtelomeric/Variable
203	PfGA01_010020300	GA01	PfGA01_01	596095	604749	erythrocyte membrane protein 1, PfEMP1	Pf7G8-2_000049000	11	Pf7G8_020005600, PfHB3_030029400, PfIT_030005100, PfKE01_060038600, Pf7G8-2_000049000, PfGB4_010019400, PfGA01_010020300, PfGN01_070005300, PfCD01_050005600, PfSN01_140088600, PfNF166_120005000	1	9.090909090909092	Subtelomeric/Variable
204	PfGA01_030006400	GA01	PfGA01_03	65326	66409	rifin	PfGA01_030006400	1	PfGA01_030006400	1	100.0	Subtelomeric/Variable
205	PfGA01_030006800	GA01	PfGA01_03	76136	77394	rifin	PfGA01_030006800	1	PfGA01_030006800	1	100.0	Subtelomeric/Variable
206	PfGA01_030031600	GA01	PfGA01_03	1057382	1058734	rifin	PfGA01_030031600	1	PfGA01_030031600	1	100.0	Subtelomeric/Variable
207	PfGA01_030032000	GA01	PfGA01_03	1071417	1082328	erythrocyte membrane protein 1, PfEMP1	PfGA01_030032000	2	PfGA01_030032000, PfGN01_100005800	1	50.0	Subtelomeric/Variable
208	PfGA01_040005600	GA01	PfGA01_04	20824	30004	erythrocyte membrane protein 1 (PfEMP1), pseudogene	Pf7G8-2_000094000	10	Pf7G8_040005600, PfKE01_100005500, Pf7G8-2_000094000, PfGB4_000006900, PfKH01_000028900, PfGA01_040005600, PfGN01_080038400, PfCD01_000006600, PfSN01_000005600, PfNF166_040007200	4	40.0	Subtelomeric/Variable
209	PfGA01_040025200	GA01	PfGA01_04	869745	877798	erythrocyte membrane protein 1, PfEMP1	PfGA01_040025200	1	PfGA01_040025200	1	100.0	Core
210	PfGA01_040025600	GA01	PfGA01_04	891385	892505	rifin	PfDd2_040026100	3	PfDd2_040026100, PfHB3_080014400, PfGA01_040025600	2	66.66666666666666	Core
211	PfGA01_040025700	GA01	PfGA01_04	894414	895689	rifin	PfDd2_040026200	2	PfDd2_040026200, PfGA01_040025700	1	50.0	Core
212	PfGA01_040025800	GA01	PfGA01_04	898249	905945	erythrocyte membrane protein 1, PfEMP1	PfDd2_040026300	6	PfDd2_040026300, Pf7G8_030005800, PfHB3_080005000, PfKE01_040027900, Pf7G8-2_000069600:pseudogene, PfGA01_040025800	4	66.66666666666666	Core
213	PfGA01_040030000	GA01	PfGA01_04	1086166	1086667	hypothetical protein	Pf7G8_070006200	3	Pf7G8_070006200, PfIT_100043300, PfGA01_040030000	3	100.0	Subtelomeric/Variable
214	PfGA01_040030200	GA01	PfGA01_04	1091010	1091828	hypothetical protein	Pf7G8_100043800	4	Pf7G8_100043800, PfHB3_100043700, PfGA01_040030200, PfSN01_140006900	4	100.0	Subtelomeric/Variable
215	PfGA01_040030700	GA01	PfGA01_04	1104906	1105898	stevor	PfGA01_040030700	3	PfHB3_100044200, PfGA01_040030700, PfSN01_140006500	2	66.66666666666666	Subtelomeric/Variable
216	PfGA01_040030900	GA01	PfGA01_04	1111264	1118825	erythrocyte membrane protein 1, PfEMP1	PfGA01_040030900	1	PfGA01_040030900	1	100.0	Subtelomeric/Variable
217	PfGA01_050037600	GA01	PfGA01_05	1352937	1360575	erythrocyte membrane protein 1, PfEMP1	PfGA01_050037600	1	PfGA01_050037600	1	100.0	Subtelomeric/Variable
218	PfGA01_060005500	GA01	PfGA01_06	43872	44944	rifin	Pf7G8-2_000403200	4	Pf7G8_120059800, Pf7G8-2_000403200, PfGA01_060005500, PfCD01_110006100	2	50.0	Subtelomeric/Variable
219	PfGA01_060005600	GA01	PfGA01_06	46425	55798	erythrocyte membrane protein 1, PfEMP1	PfGA01_060005600	1	PfGA01_060005600	1	100.0	Subtelomeric/Variable
220	PfGA01_070015900	GA01	PfGA01_07	493648	502369	erythrocyte membrane protein 1, PfEMP1	PfGA01_070015900	4	PfKE01_070016000, PfKH01_080013500, PfGA01_070015900, PfSN01_070017500	2	50.0	Core
221	PfGA01_070034700	GA01	PfGA01_07	1292908	1294003	rifin	PfGA01_070034700	3	PfKH02_000008200, PfGA01_070034700, PfNF166_070035200	2	66.66666666666666	Subtelomeric/Variable
222	PfGA01_070036200	GA01	PfGA01_07	1340854	1342037	rifin	PfGA01_070036200	1	PfGA01_070036200	1	100.0	Subtelomeric/Variable
223	PfGA01_070036400	GA01	PfGA01_07	1347668	1359271	erythrocyte membrane protein 1, PfEMP1	PfGA01_070036400	1	PfGA01_070036400	1	100.0	Subtelomeric/Variable
224	PfGA01_080012800	GA01	PfGA01_08	359149	366630	erythrocyte membrane protein 1, PfEMP1	PfGA01_080012800	2	PfIT_080014100, PfGA01_080012800	2	100.0	Core
225	PfGA01_080036000	GA01	PfGA01_08	1308255	1315666	erythrocyte membrane protein 1, PfEMP1	PfCD01_080005400	4	PfGB4_000018400, PfGA01_080036000, PfGN01_000022600, PfCD01_080005400	4	100.0	Subtelomeric/Variable
226	PfGA01_080036300	GA01	PfGA01_08	1323750	1324865	rifin	PfGA01_080036300	1	PfGA01_080036300	1	100.0	Subtelomeric/Variable
227	PfGA01_100040400	GA01	PfGA01_10	1409042	1411354	S-antigen	PfGA01_100040400	1	PfGA01_100040400	1	100.0	Core
228	PfGA01_110005700	GA01	PfGA01_11	39849	41074	rifin	PfGA01_110005700	2	PfHB3_130078800, PfGA01_110005700	2	100.0	Subtelomeric/Variable
229	PfGA01_110054100	GA01	PfGA01_11	2006705	2007964	rifin	PfGA01_110054100	1	PfGA01_110054100	1	100.0	Subtelomeric/Variable
230	PfGA01_110054300	GA01	PfGA01_11	2019520	2020812	rifin	PfGA01_110054300	1	PfGA01_110054300	1	100.0	Subtelomeric/Variable
231	PfGA01_120005700	GA01	PfGA01_12	21847	31938	erythrocyte membrane protein 1, PfEMP1	PfGA01_120005700	1	PfGA01_120005700	1	100.0	Subtelomeric/Variable
232	PfGA01_120024100	GA01	PfGA01_12	742359	752271	erythrocyte membrane protein 1, PfEMP1	PfGA01_120024100	3	PfGB4_080013400, PfKH01_040026700, PfGA01_120024100	3	100.0	Core
233	PfGA01_120044800	GA01	PfGA01_12	1672109	1679811	erythrocyte membrane protein 1, PfEMP1	PfGA01_120044800	1	PfGA01_120044800	1	100.0	Core
234	PfGA01_120045000	GA01	PfGA01_12	1690648	1691864	rifin	PfGA01_120045000	2	PfGA01_120045000, PfSN01_120045900	1	50.0	Subtelomeric/Variable
235	PfGA01_120045100	GA01	PfGA01_12	1693377	1700202	erythrocyte membrane protein 1, PfEMP1	PfGA01_120045100	1	PfGA01_120045100	1	100.0	Subtelomeric/Variable
236	PfGA01_120045200	GA01	PfGA01_12	1701528	1702744	rifin	PfGA01_120045200	1	PfGA01_120045200	1	100.0	Subtelomeric/Variable
237	PfGA01_120045300	GA01	PfGA01_12	1704254	1711666	erythrocyte membrane protein 1 (PfEMP1), pseudogene	PfGA01_120045300	1	PfGA01_120045300	1	100.0	Subtelomeric/Variable
238	PfGA01_120045400	GA01	PfGA01_12	1712414	1713630	rifin	PfGA01_120045400	1	PfGA01_120045400	1	100.0	Subtelomeric/Variable
239	PfGA01_120045600	GA01	PfGA01_12	1723970	1724938	rifin	Pf7G8-2_000389900	3	Pf7G8_120045900, Pf7G8-2_000389900, PfGA01_120045600	1	33.33333333333333	Subtelomeric/Variable
240	PfGA01_120045700	GA01	PfGA01_12	1726859	1727975	rifin	Pf7G8-2_000390000	3	Pf7G8_120046000, Pf7G8-2_000390000, PfGA01_120045700	1	33.33333333333333	Subtelomeric/Variable
241	PfGA01_120058900	GA01	PfGA01_12	2200879	2201856	Plasmodium RESA N-terminal, putative	Pf7G8_120059150	10	Pf7G8_120059150, PfHB3_120058250, PfIT_120058800, PfKH02_120058150, PfKE01_120058900, PfGB4_120058800, PfKH01_120059550, PfGA01_120058900, PfGN01_120059700, PfSN01_120058900	9	90.0	Subtelomeric/Variable
242	PfGA01_120060300	GA01	PfGA01_12	2246538	2247766	rifin	PfGA01_120060300	1	PfGA01_120060300	1	100.0	Subtelomeric/Variable
243	PfGA01_120060600	GA01	PfGA01_12	2256364	2265505	erythrocyte membrane protein 1, PfEMP1	PfGA01_120060600	1	PfGA01_120060600	1	100.0	Subtelomeric/Variable
244	PfGA01_130005500	GA01	PfGA01_13	28483	34969	erythrocyte membrane protein 1, PfEMP1	PfGA01_130005500	1	PfGA01_130005500	1	100.0	Subtelomeric/Variable
245	PfGA01_130005700	GA01	PfGA01_13	40377	41975	rifin	PfGA01_130005700	1	PfGA01_130005700	1	100.0	Subtelomeric/Variable
246	PfGA01_130005900	GA01	PfGA01_13	47154	48253	rifin	PfGA01_130005900	1	PfGA01_130005900	1	100.0	Subtelomeric/Variable
247	PfGA01_130007400	GA01	PfGA01_13	113526	120318	surface-associated interspersed protein	PfGA01_130007400	7	PfHB3_130007700, PfIT_130006700, PfKH02_000009900, PfGA01_130007400, PfGN01_130008100, PfSN01_000019600, PfNF166_130007200	7	100.0	Core
248	PfGA01_130008000	GA01	PfGA01_13	136659	137693	hypothetical protein	PfDd2_130007800	11	PfDd2_130007800, Pf7G8_130006400, PfHB3_130008300, PfIT_130007200, PfKE01_130007600, PfGB4_130007900, PfKH01_130006200, PfGA01_130008000, PfGN01_130008700, PfCD01_130007500, PfSN01_130005000	11	100.0	Core
249	PfGA01_130070000	GA01	PfGA01_13	2586019	2586525	hypothetical protein	PfDd2_130069700	15	PfDd2_130069700, Pf7G8_130068400, PfHB3_130070300, PfIT_130069200, PfKH02_130066800, PfKE01_130069500, Pf7G8-2_000466300, PfGB4_130069800, PfKH01_130067900, PfGA01_130070000, PfGN01_130070600, PfCD01_130069500, PfSN01_130066900, PfNF166_130068800, PfNF54_130068500	15	100.0	Core
250	PfGB4_000008300	GB4	PfGB4_00_31	32023	33265	rifin	PfGB4_000008300	1	PfGB4_000008300	1	100.0	Subtelomeric/Variable
251	PfGB4_000010800	GB4	PfGB4_00_32	86219	87591	rifin	PfDd2_090042700	6	PfDd2_090042700, Pf7G8_090042500, Pf7G8-2_000285600, PfGB4_000010800, PfKH01_090041800, PfNF166_090041700	1	16.666666666666664	Subtelomeric/Variable
252	PfGB4_000010900	GB4	PfGB4_00_32	89985	91318	rifin	PfCD01_020006100	2	PfGB4_000010900, PfCD01_020006100	1	50.0	Subtelomeric/Variable
253	PfGB4_000013300	GB4	PfGB4_00_33	47947	49196	rifin	PfGB4_000013300	1	PfGB4_000013300	1	100.0	Subtelomeric/Variable
254	PfGB4_000013500	GB4	PfGB4_00_33	54292	55496	rifin	PfGB4_000013500	1	PfGB4_000013500	1	100.0	Subtelomeric/Variable
255	PfGB4_000013600	GB4	PfGB4_00_33	57478	58543	rifin	PfGB4_000013600	1	PfGB4_000013600	1	100.0	Subtelomeric/Variable
256	PfGB4_000013700	GB4	PfGB4_00_33	60740	61883	rifin	PfGB4_000013700	1	PfGB4_000013700	1	100.0	Subtelomeric/Variable
257	PfGB4_000013800	GB4	PfGB4_00_33	65737	76830	erythrocyte membrane protein 1, PfEMP1	PfDd2_010005500	4	PfDd2_010005500, PfHB3_120045300, PfGB4_000013800, PfGA01_110054000	3	75.0	Subtelomeric/Variable
258	PfGB4_000014800	GB4	PfGB4_00_4	30832	31695	rifin	PfGB4_000014800	1	PfGB4_000014800	1	100.0	Subtelomeric/Variable
259	PfGB4_000015400	GB4	PfGB4_00_4	49944	51013	rifin	PfGB4_000015400	2	PfGB4_000015400, PfGN01_060038500	2	100.0	Subtelomeric/Variable
260	PfGB4_000015800	GB4	PfGB4_00_4	65808	66997	rifin	PfGB4_000015800	1	PfGB4_000015800	1	100.0	Subtelomeric/Variable
261	PfGB4_000015900	GB4	PfGB4_00_4	69841	78145	erythrocyte membrane protein 1, PfEMP1	PfGB4_000015900	1	PfGB4_000015900	1	100.0	Subtelomeric/Variable
262	PfGB4_000016000	GB4	PfGB4_00_4	80327	81612	rifin	PfGA01_050037400	2	PfGB4_000016000, PfGA01_050037400	1	50.0	Subtelomeric/Variable
263	PfGB4_000016600	GB4	PfGB4_00_5	17576	27679	erythrocyte membrane protein 1, PfEMP1	PfGB4_000016600	1	PfGB4_000016600	1	100.0	Subtelomeric/Variable
264	PfGB4_000017600	GB4	PfGB4_00_5	54326	55432	rifin	PfGB4_000017600	1	PfGB4_000017600	1	100.0	Subtelomeric/Variable
265	PfGB4_000018300	GB4	PfGB4_00_61	11819	21059	erythrocyte membrane protein 1, PfEMP1	PfGB4_000018300	1	PfGB4_000018300	1	100.0	Subtelomeric/Variable
266	PfGB4_000018400	GB4	PfGB4_00_61	22194	32258	erythrocyte membrane protein 1, PfEMP1	PfCD01_080005400	4	PfGB4_000018400, PfGA01_080036000, PfGN01_000022600, PfCD01_080005400	4	100.0	Subtelomeric/Variable
267	PfGB4_000018600	GB4	PfGB4_00_61	34631	44377	erythrocyte membrane protein 1, PfEMP1	PfGA01_140005500	2	PfGB4_000018600, PfGA01_140005500	1	50.0	Subtelomeric/Variable
268	PfGB4_010005500	GB4	PfGB4_01	34261	46380	erythrocyte membrane protein 1, PfEMP1	PfGB4_010005500	1	PfGB4_010005500	1	100.0	Subtelomeric/Variable
269	PfGB4_010019100	GB4	PfGB4_01	574981	584239	erythrocyte membrane protein 1, PfEMP1	PfGB4_010019100	1	PfGB4_010019100	1	100.0	Subtelomeric/Variable
270	PfGB4_010019300	GB4	PfGB4_01	589362	590593	rifin	PfGB4_010019300	1	PfGB4_010019300	1	100.0	Subtelomeric/Variable
271	PfGB4_030006100	GB4	PfGB4_03	55199	56376	rifin	PfGB4_030006100	1	PfGB4_030006100	1	100.0	Subtelomeric/Variable
272	PfGB4_030006400	GB4	PfGB4_03	64637	65842	rifin	PfGB4_030006400	2	PfGB4_030006400, PfKH01_130076500	1	50.0	Subtelomeric/Variable
273	PfGB4_030006600	GB4	PfGB4_03	71599	78596	erythrocyte membrane protein 1, PfEMP1	PfGB4_030006600	1	PfGB4_030006600	1	100.0	Subtelomeric/Variable
274	PfGB4_030030300	GB4	PfGB4_03	1024965	1026099	rifin	PfGB4_030030300	1	PfGB4_030030300	1	100.0	Subtelomeric/Variable
275	PfGB4_030030800	GB4	PfGB4_03	1036887	1045361	erythrocyte membrane protein 1, PfEMP1	PfGA01_100045500	3	PfGB4_030030800, PfGA01_100045500, PfSN01_060005100	2	66.66666666666666	Subtelomeric/Variable
276	PfGB4_040005800	GB4	PfGB4_04	43263	54386	erythrocyte membrane protein 1, PfEMP1	PfGB4_040005800	1	PfGB4_040005800	1	100.0	Subtelomeric/Variable
277	PfGB4_040006200	GB4	PfGB4_04	66801	76436	erythrocyte membrane protein 1, PfEMP1	PfGB4_040006200	1	PfGB4_040006200	1	100.0	Subtelomeric/Variable
278	PfGB4_040006400	GB4	PfGB4_04	82183	83386	rifin	PfCD01_040005900	3	PfGB4_040006400, PfCD01_040005900, PfSN01_040006000	3	100.0	Subtelomeric/Variable
279	PfGB4_040030200	GB4	PfGB4_04	1096732	1097330	hypothetical protein	PfDd2_040030400	7	PfDd2_040030400, PfHB3_120058300, PfIT_040030000, PfKH02_040030900, PfGB4_040030200, PfSN01_040030100, PfNF166_040031100	7	100.0	Subtelomeric/Variable
280	PfGB4_040030400	GB4	PfGB4_04	1102171	1103305	rifin	PfGB4_040030400	2	PfGB4_040030400, PfSN01_040030300	2	100.0	Subtelomeric/Variable
281	PfGB4_040030500	GB4	PfGB4_04	1105249	1106392	rifin	Pf7G8-2_000049300	9	Pf7G8_020005900, Pf7G8-2_000049300, PfGB4_040030500, PfKH01_020006500, PfGA01_000006100, PfGN01_020006600, PfCD01_020026800, PfSN01_070036300, PfNF166_020006200, PfNF166_020006400	4	44.44444444444444	Subtelomeric/Variable
282	PfGB4_040031000	GB4	PfGB4_04	1121257	1122374	rifin	PfGB4_040031000	1	PfGB4_040031000	1	100.0	Subtelomeric/Variable
283	PfGB4_040031300	GB4	PfGB4_04	1131659	1142665	erythrocyte membrane protein 1, PfEMP1	PfDd2_070005500	3	PfDd2_070005500, PfGB4_040031300, PfSN01_090005700	3	100.0	Subtelomeric/Variable
284	PfGB4_050005400	GB4	PfGB4_05	17646	27921	erythrocyte membrane protein 1, PfEMP1	PfGB4_050005400	2	PfKE01_080014300, PfGB4_050005400	2	100.0	Subtelomeric/Variable
285	PfGB4_050015800	GB4	PfGB4_05	439047	444032	phosphatidylinositol 4-kinase	PfGB4_050015800	1	PfGB4_050015800	1	100.0	Core
286	PfGB4_050039200	GB4	PfGB4_05	1391046	1398198	erythrocyte membrane protein 1, PfEMP1	PfGB4_050039200	1	PfGB4_050039200	1	100.0	Subtelomeric/Variable
287	PfGB4_060014500	GB4	PfGB4_06	392572	398642	conserved Plasmodium protein, unknown function	PfGB4_060014500	1	PfGB4_060014500	1	100.0	Core
288	PfGB4_060022100	GB4	PfGB4_06	700919	702206	rifin	Pf7G8-2_000170000:pseudogene	4	Pf7G8_060022600, PfIT_060021500, Pf7G8-2_000170000:pseudogene, PfGB4_060022100	1	25.0	Core
289	PfGB4_070006000	GB4	PfGB4_07	44446	54864	erythrocyte membrane protein 1, PfEMP1	PfGB4_070006000	1	PfGB4_070006000	1	100.0	Subtelomeric/Variable
290	PfGB4_070006100	GB4	PfGB4_07	57703	58889	rifin	PfGB4_070006100	1	PfGB4_070006100	1	100.0	Subtelomeric/Variable
291	PfGB4_070006700	GB4	PfGB4_07	76349	77452	rifin	PfGB4_070006700	1	PfGB4_070006700	1	100.0	Subtelomeric/Variable
292	PfGB4_070017900	GB4	PfGB4_07	582660	591729	erythrocyte membrane protein 1, PfEMP1	PfDd2_070016200	3	PfDd2_070016200, PfIT_070016900, PfGB4_070017900	3	100.0	Subtelomeric/Variable
293	PfGB4_070018100	GB4	PfGB4_07	604913	613926	erythrocyte membrane protein 1, PfEMP1	PfDd2_070016400	3	PfDd2_070016400, PfIT_070017100, PfGB4_070018100	3	100.0	Subtelomeric/Variable
294	PfGB4_080013400	GB4	PfGB4_08	381995	392067	erythrocyte membrane protein 1, PfEMP1	PfGA01_120024100	3	PfGB4_080013400, PfKH01_040026700, PfGA01_120024100	3	100.0	Subtelomeric/Variable
295	PfGB4_080013900	GB4	PfGB4_08	413702	420633	erythrocyte membrane protein 1, PfEMP1	PfGB4_080013900	1	PfGB4_080013900	1	100.0	Core
296	PfGB4_080037300	GB4	PfGB4_08	1364742	1375828	erythrocyte membrane protein 1 (PfEMP1), pseudogene	PfGB4_080037300	1	PfGB4_080037300	1	100.0	Subtelomeric/Variable
297	PfGB4_090006400	GB4	PfGB4_09	66267	67470	rifin	PfGB4_090006400	1	PfGB4_090006400	1	100.0	Subtelomeric/Variable
298	PfGB4_100040050	GB4	PfGB4_10	1378158	1380806	S-antigen	PfGB4_100040050	1	PfGB4_100040050	1	100.0	Core
299	PfGB4_110006800	GB4	PfGB4_11	64130	73425	erythrocyte membrane protein 1, PfEMP1	PfGB4_110006800	1	PfGB4_110006800	1	100.0	Subtelomeric/Variable
300	PfGB4_110006900	GB4	PfGB4_11	75366	85862	erythrocyte membrane protein 1, PfEMP1	PfGB4_110006900	2	PfGB4_110006900, PfGN01_140004000	2	100.0	Subtelomeric/Variable
301	PfGB4_110056500	GB4	PfGB4_11	2075393	2076531	rifin	PfCD01_020006300	3	PfGB4_110056500, PfGN01_020006300, PfGN01_020006400, PfCD01_020006300	1	33.33333333333333	Subtelomeric/Variable
302	PfGB4_110057200	GB4	PfGB4_11	2097597	2098866	rifin	PfGB4_110057200	1	PfGB4_110057200	1	100.0	Subtelomeric/Variable
303	PfGB4_110057300	GB4	PfGB4_11	2100736	2109432	erythrocyte membrane protein 1, PfEMP1	PfGB4_110057300	1	PfGB4_110057300	1	100.0	Subtelomeric/Variable
304	PfGB4_120028700	GB4	PfGB4_12	960000	961093	iron transporter, putative	PfGB4_120028700	1	PfGB4_120028700	1	100.0	Core
305	PfGB4_120028800	GB4	PfGB4_12	962275	963201	mitochondrial carrier protein, putative	PfGB4_120028800	1	PfGB4_120028800	1	100.0	Core
306	PfGB4_120028900	GB4	PfGB4_12	963707	964389	KOW motif containing protein, putative	PfGB4_120028900	1	PfGB4_120028900	1	100.0	Core
307	PfGB4_120029000	GB4	PfGB4_12	965405	966535	GTP cyclohydrolase I, putative	PfGB4_120029000	1	PfGB4_120029000	1	100.0	Core
308	PfGB4_120058800	GB4	PfGB4_12	2185291	2186268	Plasmodium RESA N-terminal, putative	Pf7G8_120059150	10	Pf7G8_120059150, PfHB3_120058250, PfIT_120058800, PfKH02_120058150, PfKE01_120058900, PfGB4_120058800, PfKH01_120059550, PfGA01_120058900, PfGN01_120059700, PfSN01_120058900	9	90.0	Core
309	PfGB4_130007900	GB4	PfGB4_13	125514	126548	hypothetical protein	PfDd2_130007800	11	PfDd2_130007800, Pf7G8_130006400, PfHB3_130008300, PfIT_130007200, PfKE01_130007600, PfGB4_130007900, PfKH01_130006200, PfGA01_130008000, PfGN01_130008700, PfCD01_130007500, PfSN01_130005000	11	100.0	Core
310	PfGB4_130069800	GB4	PfGB4_13	2573677	2574183	hypothetical protein	PfDd2_130069700	15	PfDd2_130069700, Pf7G8_130068400, PfHB3_130070300, PfIT_130069200, PfKH02_130066800, PfKE01_130069500, Pf7G8-2_000466300, PfGB4_130069800, PfKH01_130067900, PfGA01_130070000, PfGN01_130070600, PfCD01_130069500, PfSN01_130066900, PfNF166_130068800, PfNF54_130068500	15	100.0	Core
311	PfGB4_140006500	GB4	PfGB4_14	53530	54633	rifin	PfGB4_140006500	3	PfHB3_030028400, PfIT_140007000, PfGB4_140006500	1	33.33333333333333	Subtelomeric/Variable
312	PfGB4_140006700	GB4	PfGB4_14	59341	60612	rifin	PfGB4_140006700	1	PfGB4_140006700	1	100.0	Subtelomeric/Variable
313	PfGB4_140085400	GB4	PfGB4_14	3315136	3325902	erythrocyte membrane protein 1, PfEMP1	PfGB4_140085400	1	PfGB4_140085400	1	100.0	Subtelomeric/Variable
314	PfGN01_000021300	GN01	PfGN01_00_5	79	10832	erythrocyte membrane protein 1 (PfEMP1), pseudogene	PfGN01_000021300	1	PfGN01_000021300	1	100.0	Subtelomeric/Variable
315	PfGN01_000021400	GN01	PfGN01_00_5	13649	14727	rifin	PfGN01_000021400	1	PfGN01_000021400	1	100.0	Subtelomeric/Variable
316	PfGN01_000021800	GN01	PfGN01_00_6	77	462	Duffy binding domain containing protein, putative	PfGN01_000021800	1	PfGN01_000021800	1	100.0	Subtelomeric/Variable
317	PfGN01_000022300	GN01	PfGN01_00_6	29443	38215	erythrocyte membrane protein 1 (PfEMP1), pseudogene	PfGN01_000022300	1	PfGN01_000022300	1	100.0	Subtelomeric/Variable
318	PfGN01_000022600	GN01	PfGN01_00_6	39362	48702	erythrocyte membrane protein 1 (PfEMP1), pseudogene	PfCD01_080005400	4	PfGB4_000018400, PfGA01_080036000, PfGN01_000022600, PfCD01_080005400	4	100.0	Subtelomeric/Variable
319	PfGN01_000022700	GN01	PfGN01_00_7	285	7453	erythrocyte membrane protein 1 (PfEMP1), pseudogene	PfGN01_000022700	1	PfGN01_000022700	1	100.0	Subtelomeric/Variable
320	PfGN01_000023000	GN01	PfGN01_00_7	21012	27008	erythrocyte membrane protein 1 (PfEMP1), pseudogene	PfGN01_000023000	1	PfGN01_000023000	1	100.0	Subtelomeric/Variable
321	PfGN01_010005300	GN01	PfGN01_01	35711	36801	rifin	PfGB4_010019200	3	PfKE01_060038400, PfGB4_010019200, PfGN01_010005300	1	33.33333333333333	Subtelomeric/Variable
322	PfGN01_010005900	GN01	PfGN01_01	58722	59964	rifin	PfGN01_010005900	1	PfGN01_010005900	1	100.0	Subtelomeric/Variable
323	PfGN01_010006000	GN01	PfGN01_01	61886	63249	rifin	PfGN01_010006000	1	PfGN01_010006000	1	100.0	Subtelomeric/Variable
324	PfGN01_010006400	GN01	PfGN01_01	70926	71967	rifin	PfGN01_010006400	1	PfGN01_010006400	1	100.0	Subtelomeric/Variable
325	PfGN01_010019400	GN01	PfGN01_01	581463	582690	rifin	PfGN01_010019400	1	PfGN01_010019400	1	100.0	Subtelomeric/Variable
326	PfGN01_010019800	GN01	PfGN01_01	598253	610518	erythrocyte membrane protein 1, PfEMP1	PfGN01_010019800	1	PfGN01_010019800	1	100.0	Subtelomeric/Variable
327	PfGN01_010020000	GN01	PfGN01_01	615801	623406	erythrocyte membrane protein 1, PfEMP1	PfCD01_010006000	3	PfKE01_140084200, PfGN01_010020000, PfCD01_010006000	1	33.33333333333333	Subtelomeric/Variable
328	PfGN01_020005700	GN01	PfGN01_02	34439	35697	rifin	PfGN01_020005700	1	PfGN01_020005700	1	100.0	Subtelomeric/Variable
329	PfGN01_020005900	GN01	PfGN01_02	40763	49164	erythrocyte membrane protein 1, PfEMP1	PfCD01_070035800	4	PfHB3_000008700, PfKH01_040027700, PfGN01_020005900, PfCD01_070035800	3	75.0	Subtelomeric/Variable
330	PfGN01_020006600	GN01	PfGN01_02	70017	71207	rifin	Pf7G8-2_000049300	9	Pf7G8_020005900, Pf7G8-2_000049300, PfGB4_040030500, PfKH01_020006500, PfGA01_000006100, PfGN01_020006600, PfCD01_020026800, PfSN01_070036300, PfNF166_020006200, PfNF166_020006400	4	44.44444444444444	Subtelomeric/Variable
331	PfGN01_020027900	GN01	PfGN01_02	914287	922993	erythrocyte membrane protein 1, PfEMP1	PfGN01_020027900	1	PfGN01_020027900	1	100.0	Subtelomeric/Variable
332	PfGN01_020028200	GN01	PfGN01_02	931255	942153	erythrocyte membrane protein 1, PfEMP1	PfGN01_020028200	1	PfGN01_020028200	1	100.0	Subtelomeric/Variable
333	PfGN01_030005500	GN01	PfGN01_03	19071	28089	erythrocyte membrane protein 1, PfEMP1	PfGN01_030005500	1	PfGN01_030005500	1	100.0	Subtelomeric/Variable
334	PfGN01_030030100	GN01	PfGN01_03	1013067	1014307	rifin	PfCD01_030029900	3	PfIT_020026800, PfGN01_030030100, PfCD01_030029900	1	33.33333333333333	Subtelomeric/Variable
335	PfGN01_030030600	GN01	PfGN01_03	1034824	1036102	rifin	PfGN01_030030600	1	PfGN01_030030600	1	100.0	Subtelomeric/Variable
336	PfGN01_030030800	GN01	PfGN01_03	1042126	1053408	erythrocyte membrane protein 1, PfEMP1	PfDd2_080005500	2	PfDd2_080005500, PfGN01_030030800	2	100.0	Subtelomeric/Variable
337	PfGN01_040018100	GN01	PfGN01_04	541255	549567	erythrocyte membrane protein 1, PfEMP1	PfGN01_040018100	1	PfGN01_040018100	1	100.0	Subtelomeric/Variable
338	PfGN01_040026100	GN01	PfGN01_04	910119	919029	erythrocyte membrane protein 1, PfEMP1	PfDd2_040025900	3	PfDd2_040025900, PfHB3_040024700, PfGN01_040026100	2	66.66666666666666	Core
339	PfGN01_040026300	GN01	PfGN01_04	925827	936955	erythrocyte membrane protein 1, PfEMP1	PfGN01_040026300	1	PfGN01_040026300	1	100.0	Subtelomeric/Variable
340	PfGN01_040026400	GN01	PfGN01_04	938352	946381	erythrocyte membrane protein 1, PfEMP1	PfGN01_040026400	1	PfGN01_040026400	1	100.0	Subtelomeric/Variable
341	PfGN01_050005000	GN01	PfGN01_05	6556	7813	rifin	PfGN01_050005000	1	PfGN01_050005000	1	100.0	Subtelomeric/Variable
342	PfGN01_050005100	GN01	PfGN01_05	9916	11129	rifin	PfGN01_050005100	1	PfGN01_050005100	1	100.0	Subtelomeric/Variable
343	PfGN01_050005200	GN01	PfGN01_05	12610	19988	erythrocyte membrane protein 1, PfEMP1	PfGN01_050005200	1	PfGN01_050005200	1	100.0	Subtelomeric/Variable
344	PfGN01_050005700	GN01	PfGN01_05	34265	35398	rifin	Pf7G8-2_000120000:pseudogene	4	Pf7G8_050006100, PfIT_050006000, Pf7G8-2_000120000:pseudogene, PfGN01_050005700	3	75.0	Subtelomeric/Variable
345	PfGN01_050037800	GN01	PfGN01_05	1357251	1369575	erythrocyte membrane protein 1, PfEMP1	PfGN01_050037800	1	PfGN01_050037800	1	100.0	Subtelomeric/Variable
346	PfGN01_050037900	GN01	PfGN01_05	1370775	1378553	erythrocyte membrane protein 1, PfEMP1	PfGN01_050037900	1	PfGN01_050037900	1	100.0	Subtelomeric/Variable
347	PfGN01_060005800	GN01	PfGN01_06	31810	39278	erythrocyte membrane protein 1, PfEMP1	PfGN01_060005800	1	PfGN01_060005800	1	100.0	Subtelomeric/Variable
348	PfGN01_060005900	GN01	PfGN01_06	40404	49357	erythrocyte membrane protein 1, PfEMP1	PfGN01_060005900	2	PfKE01_050038100, PfGN01_060005900	2	100.0	Subtelomeric/Variable
349	PfGN01_060006100	GN01	PfGN01_06	51378	59686	erythrocyte membrane protein 1, PfEMP1	PfGN01_060006100	1	PfGN01_060006100	1	100.0	Subtelomeric/Variable
350	PfGN01_060023300	GN01	PfGN01_06	753643	762226	erythrocyte membrane protein 1, PfEMP1	Pf7G8-2_000169900	7	Pf7G8_060022500, PfHB3_060021800, PfIT_060021400, PfKH02_060023700, Pf7G8-2_000169900, PfKH01_060024600, PfGN01_060023300	6	85.71428571428571	Core
351	PfGN01_060038000	GN01	PfGN01_06	1350566	1351809	rifin	PfGN01_060038000	1	PfGN01_060038000	1	100.0	Subtelomeric/Variable
352	PfGN01_060038400	GN01	PfGN01_06	1364708	1372739	erythrocyte membrane protein 1, PfEMP1	PfGN01_060038400	1	PfGN01_060038400	1	100.0	Subtelomeric/Variable
353	PfGN01_060038500	GN01	PfGN01_06	1374214	1375298	rifin	PfGB4_000015400	2	PfGB4_000015400, PfGN01_060038500	2	100.0	Subtelomeric/Variable
354	PfGN01_070017000	GN01	PfGN01_07	517231	526519	erythrocyte membrane protein 1, PfEMP1	PfGN01_070017000	1	PfGN01_070017000	1	100.0	Core
355	PfGN01_070017400	GN01	PfGN01_07	540515	548127	erythrocyte membrane protein 1, PfEMP1	PfGN01_070017400	1	PfGN01_070017400	1	100.0	Subtelomeric/Variable
356	PfGN01_080005700	GN01	PfGN01_08	38070	46386	erythrocyte membrane protein 1, PfEMP1	PfGN01_080005700	1	PfGN01_080005700	1	100.0	Subtelomeric/Variable
357	PfGN01_080014600	GN01	PfGN01_08	459811	466391	erythrocyte membrane protein 1, PfEMP1	PfGN01_080014600	1	PfGN01_080014600	1	100.0	Subtelomeric/Variable
358	PfGN01_080038100	GN01	PfGN01_08	1423209	1424503	rifin	PfGN01_080038100	1	PfGN01_080038100	1	100.0	Subtelomeric/Variable
359	PfGN01_090005800	GN01	PfGN01_09	33173	46056	erythrocyte membrane protein 1, PfEMP1	PfGN01_090005800	1	PfGN01_090005800	1	100.0	Subtelomeric/Variable
360	PfGN01_090042900	GN01	PfGN01_09	1483529	1494939	erythrocyte membrane protein 1, PfEMP1	PfGN01_090042900	1	PfGN01_090042900	1	100.0	Subtelomeric/Variable
361	PfGN01_090043000	GN01	PfGN01_09	1497132	1498495	rifin	PfGN01_090043000	1	PfGN01_090043000	1	100.0	Subtelomeric/Variable
362	PfGN01_090043100	GN01	PfGN01_09	1500316	1510562	erythrocyte membrane protein 1, PfEMP1	PfGN01_090043100	1	PfGN01_090043100	1	100.0	Subtelomeric/Variable
363	PfGN01_100005900	GN01	PfGN01_10	51560	62390	erythrocyte membrane protein 1, PfEMP1	PfGN01_100005900	2	PfKH02_030030200, PfGN01_100005900	1	50.0	Subtelomeric/Variable
364	PfGN01_100040600	GN01	PfGN01_10	1423009	1424844	S-antigen	PfGN01_100040600	2	PfKE01_100040400, PfGN01_100040600	2	100.0	Core
365	PfGN01_100045500	GN01	PfGN01_10	1654596	1655799	rifin	PfGN01_100045500	1	PfGN01_100045500	1	100.0	Subtelomeric/Variable
366	PfGN01_100045900	GN01	PfGN01_10	1669656	1681412	erythrocyte membrane protein 1, PfEMP1	PfGN01_100045900	1	PfGN01_100045900	1	100.0	Subtelomeric/Variable
367	PfGN01_110006200	GN01	PfGN01_11	41549	42801	rifin	PfGN01_110006200	1	PfGN01_110006200	1	100.0	Subtelomeric/Variable
368	PfGN01_110054500	GN01	PfGN01_11	1995765	2007332	erythrocyte membrane protein 1, PfEMP1	PfGN01_110054500	1	PfGN01_110054500	1	100.0	Subtelomeric/Variable
369	PfGN01_120007300	GN01	PfGN01_12	85398	95654	erythrocyte membrane protein 1, PfEMP1	PfGN01_120007300	1	PfGN01_120007300	1	100.0	Subtelomeric/Variable
370	PfGN01_120025500	GN01	PfGN01_12	806749	816840	erythrocyte membrane protein 1, PfEMP1	PfGN01_120025500	1	PfGN01_120025500	1	100.0	Core
371	PfGN01_120046300	GN01	PfGN01_12	1748191	1757798	erythrocyte membrane protein 1, PfEMP1	PfGN01_120046300	1	PfGN01_120046300	1	100.0	Subtelomeric/Variable
372	PfGN01_120047000	GN01	PfGN01_12	1776533	1781727	erythrocyte membrane protein 1, PfEMP1	PfGN01_120047000	1	PfGN01_120047000	1	100.0	Subtelomeric/Variable
373	PfGN01_120047100	GN01	PfGN01_12	1783133	1790697	erythrocyte membrane protein 1, PfEMP1	PfGA01_120046300	4	PfIT_120046200, PfKE01_120045700, PfKE01_120046100, PfGA01_120046300, PfGN01_120047100	1	25.0	Core
374	PfGN01_120059700	GN01	PfGN01_12	2233415	2234392	Plasmodium RESA N-terminal, putative	Pf7G8_120059150	10	Pf7G8_120059150, PfHB3_120058250, PfIT_120058800, PfKH02_120058150, PfKE01_120058900, PfGB4_120058800, PfKH01_120059550, PfGA01_120058900, PfGN01_120059700, PfSN01_120058900	9	90.0	Core
375	PfGN01_120061400	GN01	PfGN01_12	2290732	2291879	rifin	PfCD01_000007800	2	PfGN01_120061400, PfCD01_000007800	1	50.0	Subtelomeric/Variable
376	PfGN01_120061500	GN01	PfGN01_12	2295756	2305787	erythrocyte membrane protein 1, PfEMP1	PfGN01_120061500	1	PfGN01_120061500	1	100.0	Subtelomeric/Variable
377	PfGN01_130005700	GN01	PfGN01_13	44959	53786	erythrocyte membrane protein 1, PfEMP1	PfGN01_130005700	2	PfIT_120060300, PfGN01_130005700	2	100.0	Subtelomeric/Variable
378	PfGN01_130005800	GN01	PfGN01_13	57576	58708	rifin	PfGN01_130005800	1	PfGN01_130005800	1	100.0	Subtelomeric/Variable
379	PfGN01_130005900	GN01	PfGN01_13	60660	61809	rifin	PfGN01_130005900	1	PfGN01_130005900	1	100.0	Subtelomeric/Variable
380	PfGN01_130006500	GN01	PfGN01_13	80033	81177	rifin	PfGN01_130006500	3	PfIT_060036500, PfKH02_020005200, PfGN01_130006500	2	66.66666666666666	Subtelomeric/Variable
381	PfGN01_130008100	GN01	PfGN01_13	146786	153602	surface-associated interspersed protein	PfGA01_130007400	7	PfHB3_130007700, PfIT_130006700, PfKH02_000009900, PfGA01_130007400, PfGN01_130008100, PfSN01_000019600, PfNF166_130007200	7	100.0	Core
382	PfGN01_130008700	GN01	PfGN01_13	170217	171272	hypothetical protein	PfDd2_130007800	11	PfDd2_130007800, Pf7G8_130006400, PfHB3_130008300, PfIT_130007200, PfKE01_130007600, PfGB4_130007900, PfKH01_130006200, PfGA01_130008000, PfGN01_130008700, PfCD01_130007500, PfSN01_130005000	11	100.0	Core
383	PfGN01_130070600	GN01	PfGN01_13	2619684	2620190	hypothetical protein	PfDd2_130069700	15	PfDd2_130069700, Pf7G8_130068400, PfHB3_130070300, PfIT_130069200, PfKH02_130066800, PfKE01_130069500, Pf7G8-2_000466300, PfGB4_130069800, PfKH01_130067900, PfGA01_130070000, PfGN01_130070600, PfCD01_130069500, PfSN01_130066900, PfNF166_130068800, PfNF54_130068500	15	100.0	Core
384	PfGN01_130078600	GN01	PfGN01_13	2914995	2916427	rifin	PfGN01_130078600	1	PfGN01_130078600	1	100.0	Subtelomeric/Variable
385	PfGN01_130079200	GN01	PfGN01_13	2934361	2945065	erythrocyte membrane protein 1, PfEMP1	PfGN01_130079200	1	PfGN01_130079200	1	100.0	Subtelomeric/Variable
386	PfGN01_140004000	GN01	PfGN01_14	1605	8519	erythrocyte membrane protein 1, PfEMP1	PfGB4_110006900	2	PfGB4_110006900, PfGN01_140004000	2	100.0	Subtelomeric/Variable
387	PfGN01_140005100	GN01	PfGN01_14	15418	26963	erythrocyte membrane protein 1 (PfEMP1), pseudogene	PfGN01_140005100	1	PfGN01_140005100	1	100.0	Subtelomeric/Variable
388	PfGN01_140005400	GN01	PfGN01_14	37042	38361	rifin	PfGN01_140005400	1	PfGN01_140005400	1	100.0	Subtelomeric/Variable
389	PfGN01_140084600	GN01	PfGN01_14	3307191	3308285	rifin	Pf7G8-2_000036000	6	Pf7G8_010006100, PfHB3_010006100, Pf7G8-2_000036000, PfKH01_010007100, PfGN01_140084600, PfCD01_140084500	3	50.0	Subtelomeric/Variable
390	PfGN01_140084800	GN01	PfGN01_14	3313405	3314642	rifin	PfGN01_140084800	1	PfGN01_140084800	1	100.0	Subtelomeric/Variable
391	PfGN01_140085400	GN01	PfGN01_14	3341813	3353219	erythrocyte membrane protein 1, PfEMP1	Pf7G8-2_000119400	5	Pf7G8_050005500, PfKE01_040005700, Pf7G8-2_000119400, PfGN01_140085400, PfCD01_130078400	1	20.0	Subtelomeric/Variable
392	PfGN01_140085600	GN01	PfGN01_14	3358677	3366149	erythrocyte membrane protein 1, PfEMP1	PfGN01_140085600	1	PfGN01_140085600	1	100.0	Subtelomeric/Variable
393	PfHB3_000006700	HB3	PfHB3_00_1	56022	57104	rifin	PfHB3_000006700	1	PfHB3_000006700	1	100.0	Subtelomeric/Variable
394	PfHB3_000008700	HB3	PfHB3_00_20	5043	15489	erythrocyte membrane protein 1, PfEMP1	PfCD01_070035800	4	PfHB3_000008700, PfKH01_040027700, PfGN01_020005900, PfCD01_070035800	3	75.0	Subtelomeric/Variable
395	PfHB3_000011350	HB3	PfHB3_00_8	79	8762	erythrocyte membrane protein 1, PfEMP1	PfHB3_000011350	1	PfHB3_000011350	1	100.0	Subtelomeric/Variable
396	PfHB3_010019000	HB3	PfHB3_01	538170	539422	rifin	PfGA01_010019300	6	PfHB3_010019000, PfKH01_010020200, PfGA01_010019300, PfGN01_010019200, PfSN01_000014000, PfNF166_000019500	4	66.66666666666666	Subtelomeric/Variable
397	PfHB3_010019300	HB3	PfHB3_01	547264	557438	erythrocyte membrane protein 1 (PfEMP1), pseudogene	PfHB3_010019300	1	PfHB3_010019300	1	100.0	Subtelomeric/Variable
398	PfHB3_010019600	HB3	PfHB3_01	563857	571367	erythrocyte membrane protein 1 (PfEMP1), pseudogene	Pf7G8-2_000216000	3	Pf7G8_080005400, PfHB3_010019600, Pf7G8-2_000216000	3	100.0	Subtelomeric/Variable
399	PfHB3_020005900	HB3	PfHB3_02	28034	36838	erythrocyte membrane protein 1, PfEMP1	PfHB3_020005900	1	PfHB3_020005900	1	100.0	Subtelomeric/Variable
400	PfHB3_020026300	HB3	PfHB3_02	849572	850710	rifin	PfGN01_100045000	3	PfHB3_020026300, PfKH01_070005500, PfGN01_100045000	1	33.33333333333333	Core
401	PfHB3_020026400	HB3	PfHB3_02	852752	854083	rifin	PfHB3_020026400	1	PfHB3_020026400	1	100.0	Subtelomeric/Variable
402	PfHB3_020026500	HB3	PfHB3_02	855942	866664	erythrocyte membrane protein 1, PfEMP1	PfHB3_020026500	1	PfHB3_020026500	1	100.0	Subtelomeric/Variable
403	PfHB3_030028900	HB3	PfHB3_03	966121	967374	rifin	PfCD01_030005800	4	PfHB3_030028900, PfGA01_030006500, PfCD01_030005800, PfSN01_140087900	2	50.0	Subtelomeric/Variable
404	PfHB3_040017200	HB3	PfHB3_04	512042	513325	rifin	PfDd2_040018300	6	PfDd2_040018300, PfHB3_040017200, PfKE01_040020100, PfGB4_040018500, PfKH01_040018600, PfGN01_040018600	1	16.666666666666664	Core
405	PfHB3_050005200	HB3	PfHB3_05	15066	27121	erythrocyte membrane protein 1, PfEMP1	PfHB3_050005200	1	PfHB3_050005200	1	100.0	Subtelomeric/Variable
406	PfHB3_050038400	HB3	PfHB3_05	1375337	1376638	rifin	PfHB3_050038400	1	PfHB3_050038400	1	100.0	Subtelomeric/Variable
407	PfHB3_060021800	HB3	PfHB3_06	678501	686963	erythrocyte membrane protein 1, PfEMP1	Pf7G8-2_000169900	7	Pf7G8_060022500, PfHB3_060021800, PfIT_060021400, PfKH02_060023700, Pf7G8-2_000169900, PfKH01_060024600, PfGN01_060023300	6	85.71428571428571	Core
408	PfHB3_060036100	HB3	PfHB3_06	1277140	1278229	rifin	PfDd2_060036600	4	PfDd2_060036600, PfHB3_060036100, PfIT_060035700, PfGB4_110057000	1	25.0	Subtelomeric/Variable
409	PfHB3_060036400	HB3	PfHB3_06	1287150	1288360	rifin	PfHB3_060036400	2	PfHB3_060036400, PfSN01_140087000	1	50.0	Subtelomeric/Variable
410	PfHB3_060036600	HB3	PfHB3_06	1293348	1294619	rifin	PfCD01_030006200	4	PfHB3_060036600, PfKH02_030006300, PfGA01_050037200, PfCD01_030006200	2	50.0	Subtelomeric/Variable
411	PfHB3_060037000	HB3	PfHB3_06	1306128	1315388	erythrocyte membrane protein 1, PfEMP1	Pf7G8-2_000248200	3	Pf7G8_080038300, PfHB3_060037000, Pf7G8-2_000248200	1	33.33333333333333	Subtelomeric/Variable
412	PfHB3_070005200	HB3	PfHB3_07	21135	22460	erythrocyte membrane protein 1 (PfEMP1), exon 2	PfHB3_070005200	1	PfHB3_070005200	1	100.0	Subtelomeric/Variable
413	PfHB3_070005300	HB3	PfHB3_07	23548	33204	erythrocyte membrane protein 1, PfEMP1	PfHB3_070005300	1	PfHB3_070005300	1	100.0	Subtelomeric/Variable
414	PfHB3_070015700	HB3	PfHB3_07	485271	495874	erythrocyte membrane protein 1, PfEMP1	PfHB3_070015700	1	PfHB3_070015700	1	100.0	Core
415	PfHB3_070016000	HB3	PfHB3_07	510384	520344	erythrocyte membrane protein 1, PfEMP1	PfGN01_070017800	2	PfHB3_070016000, PfGN01_070017800	1	50.0	Subtelomeric/Variable
416	PfHB3_080005000	HB3	PfHB3_08	1790	3115	acidic terminal segments, variant surface antigen of PfEMP1, putative	PfDd2_040026300	6	PfDd2_040026300, Pf7G8_030005800, PfHB3_080005000, PfKE01_040027900, Pf7G8-2_000069600:pseudogene, PfGA01_040025800	4	66.66666666666666	Subtelomeric/Variable
417	PfHB3_080013600	HB3	PfHB3_08	404704	413113	erythrocyte membrane protein 1, PfEMP1	PfHB3_080013600	2	PfHB3_080013600, PfKH02_080014300	2	100.0	Subtelomeric/Variable
418	PfHB3_080013800	HB3	PfHB3_08	421442	430975	erythrocyte membrane protein 1, PfEMP1	PfDd2_080014100	9	PfDd2_080014100, Pf7G8_070017600, PfHB3_080013800, PfIT_120045600, PfKH02_070015500, Pf7G8-2_000196200, PfKH01_080013300, PfCD01_070016000, PfSN01_070017300	2	22.22222222222222	Subtelomeric/Variable
419	PfHB3_080014200	HB3	PfHB3_08	450772	460803	erythrocyte membrane protein 1, PfEMP1	PfHB3_080014200	1	PfHB3_080014200	1	100.0	Subtelomeric/Variable
420	PfHB3_080014600	HB3	PfHB3_08	472617	479462	erythrocyte membrane protein 1, PfEMP1	PfHB3_080014600	1	PfHB3_080014600	1	100.0	Core
421	PfHB3_090005500	HB3	PfHB3_09	21644	31553	erythrocyte membrane protein 1, PfEMP1	PfHB3_090005500	1	PfHB3_090005500	1	100.0	Subtelomeric/Variable
422	PfHB3_100039500	HB3	PfHB3_10	1347853	1351239	S-antigen	PfHB3_100039500	1	PfHB3_100039500	1	100.0	Core
423	PfHB3_100043300	HB3	PfHB3_10	1526241	1527678	hypothetical protein	Pf7G8_100043300	3	Pf7G8_100043300, PfHB3_100043300, PfIT_100043000	3	100.0	Subtelomeric/Variable
424	PfHB3_100043700	HB3	PfHB3_10	1550401	1551213	Plasmodium exported protein, unknown function	Pf7G8_100043800	4	Pf7G8_100043800, PfHB3_100043700, PfGA01_040030200, PfSN01_140006900	4	100.0	Subtelomeric/Variable
425	PfHB3_100044200	HB3	PfHB3_10	1564062	1565251	stevor	PfGA01_040030700	3	PfHB3_100044200, PfGA01_040030700, PfSN01_140006500	2	66.66666666666666	Subtelomeric/Variable
426	PfHB3_110028200	HB3	PfHB3_11	895592	899710	hypothetical protein	PfDd2_110027900	7	PfDd2_110027900, Pf7G8_110028600, PfHB3_110028200, PfIT_110029200, PfKH02_110030000, Pf7G8-2_000347600, Pf7G8-2_000347700, PfKH01_110029000	6	85.71428571428571	Core
427	PfHB3_120045000	HB3	PfHB3_12	1684831	1694581	erythrocyte membrane protein 1, PfEMP1	Pf7G8-2_000389700	4	Pf7G8_120045700, PfHB3_120045000, Pf7G8-2_000389700, PfGB4_120045400	2	50.0	Core
428	PfHB3_120045300	HB3	PfHB3_12	1706721	1717855	erythrocyte membrane protein 1, PfEMP1	PfDd2_010005500	4	PfDd2_010005500, PfHB3_120045300, PfGB4_000013800, PfGA01_110054000	3	75.0	Subtelomeric/Variable
429	PfHB3_120045400	HB3	PfHB3_12	1721869	1723090	rifin	PfHB3_120045400	1	PfHB3_120045400	1	100.0	Subtelomeric/Variable
430	PfHB3_120058300	HB3	PfHB3_12	2193529	2194127	hypothetical protein	PfDd2_040030400	7	PfDd2_040030400, PfHB3_120058300, PfIT_040030000, PfKH02_040030900, PfGB4_040030200, PfSN01_040030100, PfNF166_040031100	7	100.0	Subtelomeric/Variable
431	PfHB3_130006100	HB3	PfHB3_13	59251	60449	rifin	PfHB3_130006100	1	PfHB3_130006100	1	100.0	Subtelomeric/Variable
432	PfHB3_130007700	HB3	PfHB3_13	125854	132678	surface-associated interspersed protein (SURFIN)	PfGA01_130007400	7	PfHB3_130007700, PfIT_130006700, PfKH02_000009900, PfGA01_130007400, PfGN01_130008100, PfSN01_000019600, PfNF166_130007200	7	100.0	Core
433	PfHB3_130008300	HB3	PfHB3_13	148862	149896	hypothetical protein	PfDd2_130007800	11	PfDd2_130007800, Pf7G8_130006400, PfHB3_130008300, PfIT_130007200, PfKE01_130007600, PfGB4_130007900, PfKH01_130006200, PfGA01_130008000, PfGN01_130008700, PfCD01_130007500, PfSN01_130005000	11	100.0	Core
434	PfHB3_130070300	HB3	PfHB3_13	2594977	2595483	hypothetical protein	PfDd2_130069700	15	PfDd2_130069700, Pf7G8_130068400, PfHB3_130070300, PfIT_130069200, PfKH02_130066800, PfKE01_130069500, Pf7G8-2_000466300, PfGB4_130069800, PfKH01_130067900, PfGA01_130070000, PfGN01_130070600, PfCD01_130069500, PfSN01_130066900, PfNF166_130068800, PfNF54_130068500	15	100.0	Core
435	PfHB3_130078800	HB3	PfHB3_13	2932159	2933381	rifin	PfGA01_110005700	2	PfHB3_130078800, PfGA01_110005700	2	100.0	Subtelomeric/Variable
436	PfHB3_130080100	HB3	PfHB3_13	2968768	2979560	erythrocyte membrane protein 1, PfEMP1	PfHB3_130080100	3	PfHB3_130080100, PfSN01_000020900, PfNF166_000006800	3	100.0	Subtelomeric/Variable
437	PfHB3_130080200	HB3	PfHB3_13	2980633	2981958	erythrocyte membrane protein 1 (PfEMP1), exon 2	PfHB3_130080200	1	PfHB3_130080200	1	100.0	Subtelomeric/Variable
438	PfHB3_140005500	HB3	PfHB3_14	25602	34596	erythrocyte membrane protein 1, PfEMP1	PfHB3_140005500	2	PfHB3_140005500, PfKH01_030030500	1	50.0	Subtelomeric/Variable
439	PfHB3_140006500	HB3	PfHB3_14	62870	64052	rifin	PfHB3_140006500	1	PfHB3_140006500	1	100.0	Subtelomeric/Variable
440	PfIT_000006900	IT	PfIT_00_11	1203	2461	rifin	PfIT_000006900	1	PfIT_000006900	1	100.0	Subtelomeric/Variable
441	PfIT_000007150	IT	PfIT_00_11	10125	10726	Plasmodium exported protein (hyp10), unknown function, pseudogene	PfIT_000007150	1	PfIT_000007150	1	100.0	Subtelomeric/Variable
442	PfIT_000007600	IT	PfIT_00_11	26044	27284	rifin	PfIT_000007600	1	PfIT_000007600	1	100.0	Subtelomeric/Variable
443	PfIT_000009600	IT	PfIT_00_4	27754	29027	rifin	PfIT_000009600	1	PfIT_000009600	1	100.0	Subtelomeric/Variable
444	PfIT_000010800	IT	PfIT_00_6	9054	16651	erythrocyte membrane protein 1, PfEMP1	PfIT_000010800	1	PfIT_000010800	1	100.0	Subtelomeric/Variable
445	PfIT_010005000	IT	PfIT_01	12383	23123	erythrocyte membrane protein 1, PfEMP1	PfDd2_010005300	2	PfDd2_010005300, PfIT_010005000	1	50.0	Subtelomeric/Variable
446	PfIT_020005200	IT	PfIT_02	19326	29055	erythrocyte membrane protein 1, PfEMP1	PfIT_020005200	1	PfIT_020005200	1	100.0	Subtelomeric/Variable
447	PfIT_020005600	IT	PfIT_02	42081	43163	rifin	PfIT_020005600	1	PfIT_020005600	1	100.0	Subtelomeric/Variable
448	PfIT_020026900	IT	PfIT_02	879544	880625	rifin	PfGN01_120006500	3	PfIT_020026900, PfKH01_060007700, PfGN01_120006500	2	66.66666666666666	Subtelomeric/Variable
449	PfIT_030029700	IT	PfIT_03	1008347	1019244	erythrocyte membrane protein 1, PfEMP1	PfIT_030029700	1	PfIT_030029700	1	100.0	Subtelomeric/Variable
450	PfIT_030029800	IT	PfIT_03	1020361	1030771	erythrocyte membrane protein 1, PfEMP1	PfIT_030029800	1	PfIT_030029800	1	100.0	Subtelomeric/Variable
451	PfIT_040025300	IT	PfIT_04	889735	895094	erythrocyte membrane protein 1, PfEMP1	PfIT_040025300	1	PfIT_040025300	1	100.0	Subtelomeric/Variable
452	PfIT_040025800	IT	PfIT_04	917623	925431	erythrocyte membrane protein 1, PfEMP1	PfGN01_080014400	2	PfIT_040025800, PfGN01_080014400	1	50.0	Subtelomeric/Variable
453	PfIT_040030000	IT	PfIT_04	1096379	1096983	Plasmodium exported protein (hyp10), unknown function	PfDd2_040030400	7	PfDd2_040030400, PfHB3_120058300, PfIT_040030000, PfKH02_040030900, PfGB4_040030200, PfSN01_040030100, PfNF166_040031100	7	100.0	Subtelomeric/Variable
454	PfIT_040030600	IT	PfIT_04	1111903	1119576	erythrocyte membrane protein 1, PfEMP1	PfIT_040030600	1	PfIT_040030600	1	100.0	Subtelomeric/Variable
455	PfIT_060021400	IT	PfIT_06	676147	684743	erythrocyte membrane protein 1, PfEMP1	Pf7G8-2_000169900	7	Pf7G8_060022500, PfHB3_060021800, PfIT_060021400, PfKH02_060023700, Pf7G8-2_000169900, PfKH01_060024600, PfGN01_060023300	6	85.71428571428571	Core
456	PfIT_060036200	IT	PfIT_06	1304083	1304898	Plasmodium exported protein, unknown function	Pf7G8-2_000185000	4	Pf7G8_070006000, PfIT_060036200, Pf7G8-2_000185000, PfCD01_000008100	4	100.0	Subtelomeric/Variable
457	PfIT_060036500	IT	PfIT_06	1312758	1313901	rifin	PfGN01_130006500	3	PfIT_060036500, PfKH02_020005200, PfGN01_130006500	2	66.66666666666666	Subtelomeric/Variable
458	PfIT_070005900	IT	PfIT_07	39254	49905	erythrocyte membrane protein 1, PfEMP1	PfIT_070005900	1	PfIT_070005900	1	100.0	Subtelomeric/Variable
459	PfIT_070006000	IT	PfIT_07	52712	53982	rifin	PfIT_070006000	1	PfIT_070006000	1	100.0	Subtelomeric/Variable
460	PfIT_070016600	IT	PfIT_07	509704	520490	erythrocyte membrane protein 1, PfEMP1	PfDd2_070015900	2	PfDd2_070015900, PfIT_070016600	2	100.0	Core
461	PfIT_070016700	IT	PfIT_07	523256	533338	erythrocyte membrane protein 1, PfEMP1	PfDd2_070016000	3	PfDd2_070016000, PfIT_070016700, PfGN01_000022000	2	66.66666666666666	Subtelomeric/Variable
462	PfIT_070016900	IT	PfIT_07	540958	550027	erythrocyte membrane protein 1, PfEMP1	PfDd2_070016200	3	PfDd2_070016200, PfIT_070016900, PfGB4_070017900	3	100.0	Subtelomeric/Variable
463	PfIT_070017000	IT	PfIT_07	551454	561348	erythrocyte membrane protein 1, PfEMP1	PfDd2_070016300	3	PfDd2_070016300, PfIT_070017000, PfGB4_070018000	1	33.33333333333333	Subtelomeric/Variable
464	PfIT_070017100	IT	PfIT_07	563210	572167	erythrocyte membrane protein 1, PfEMP1	PfDd2_070016400	3	PfDd2_070016400, PfIT_070017100, PfGB4_070018100	3	100.0	Subtelomeric/Variable
465	PfIT_080005600	IT	PfIT_08	18283	19406	rifin	PfIT_080005600	1	PfIT_080005600	1	100.0	Subtelomeric/Variable
466	PfIT_080014100	IT	PfIT_08	411066	418387	erythrocyte membrane protein 1, PfEMP1	PfGA01_080012800	2	PfIT_080014100, PfGA01_080012800	2	100.0	Core
467	PfIT_090005900	IT	PfIT_09	38874	39958	rifin	PfCD01_130005900	6	PfHB3_130006700, PfIT_090005900, PfKE01_130006200, PfGN01_130007100, PfCD01_130005900, PfSN01_120059900	1	16.666666666666664	Subtelomeric/Variable
468	PfIT_100039100	IT	PfIT_10	1332698	1334764	S-antigen	PfIT_100039100	2	PfIT_100039100, PfNF166_100039800	2	100.0	Core
469	PfIT_100043000	IT	PfIT_10	1518602	1520001	rifin, pseudogene	Pf7G8_100043300	3	Pf7G8_100043300, PfHB3_100043300, PfIT_100043000	3	100.0	Subtelomeric/Variable
470	PfIT_100043300	IT	PfIT_10	1529516	1530053	hypothetical protein	Pf7G8_070006200	3	Pf7G8_070006200, PfIT_100043300, PfGA01_040030000	3	100.0	Subtelomeric/Variable
471	PfIT_100043400	IT	PfIT_10	1532198	1532938	Plasmodium exported protein (PHISTa), unknown function	PfIT_100043400	1	PfIT_100043400	1	100.0	Subtelomeric/Variable
472	PfIT_100043500	IT	PfIT_10	1534417	1535228	Plasmodium exported protein (hyp15), unknown function	PfIT_100043500	1	PfIT_100043500	1	100.0	Subtelomeric/Variable
473	PfIT_100044000	IT	PfIT_10	1550853	1561414	erythrocyte membrane protein 1, PfEMP1	Pf7G8-2_000152300	5	Pf7G8_050038200, PfIT_100044000, Pf7G8-2_000152300, PfKH01_080037900, PfGN01_070005500	1	20.0	Subtelomeric/Variable
474	PfIT_110029200	IT	PfIT_11	940439	944670	hypothetical protein	PfDd2_110027900	7	PfDd2_110027900, Pf7G8_110028600, PfHB3_110028200, PfIT_110029200, PfKH02_110030000, Pf7G8-2_000347600, Pf7G8-2_000347700, PfKH01_110029000	6	85.71428571428571	Core
475	PfIT_120024500	IT	PfIT_12	768886	778539	erythrocyte membrane protein 1, PfEMP1	PfIT_120024500	1	PfIT_120024500	1	100.0	Core
476	PfIT_120045700	IT	PfIT_12	1733465	1741704	erythrocyte membrane protein 1, PfEMP1	PfIT_120045700	2	PfIT_120045700, PfNF166_120046700	1	50.0	Subtelomeric/Variable
477	PfIT_120046000	IT	PfIT_12	1761515	1762641	rifin	PfIT_120046000	1	PfIT_120046000	1	100.0	Subtelomeric/Variable
478	PfIT_120058800	IT	PfIT_12	2216424	2217401	Plasmodium RESA N-terminal, putative	Pf7G8_120059150	10	Pf7G8_120059150, PfHB3_120058250, PfIT_120058800, PfKH02_120058150, PfKE01_120058900, PfGB4_120058800, PfKH01_120059550, PfGA01_120058900, PfGN01_120059700, PfSN01_120058900	9	90.0	Core
479	PfIT_120059900	IT	PfIT_12	2253005	2254209	rifin	PfDd2_130078300	4	PfDd2_130078300, Pf7G8_030006100, PfIT_120059900, Pf7G8-2_000069900	4	100.0	Subtelomeric/Variable
480	PfIT_120060300	IT	PfIT_12	2268381	2277078	erythrocyte membrane protein 1, PfEMP1	PfGN01_130005700	2	PfIT_120060300, PfGN01_130005700	2	100.0	Subtelomeric/Variable
481	PfIT_130005200	IT	PfIT_13	19349	30309	erythrocyte membrane protein 1, PfEMP1	PfIT_130005200	1	PfIT_130005200	1	100.0	Subtelomeric/Variable
482	PfIT_130005300	IT	PfIT_13	31337	40756	erythrocyte membrane protein 1, PfEMP1	PfIT_130005300	2	PfIT_130005300, PfSN01_000010300	1	50.0	Subtelomeric/Variable
483	PfIT_130005600	IT	PfIT_13	50534	51658	rifin	PfIT_130005600	1	PfIT_130005600	1	100.0	Subtelomeric/Variable
484	PfIT_130006700	IT	PfIT_13	104487	111218	surface-associated interspersed protein 13.1 (SURFIN 13.1)	PfGA01_130007400	7	PfHB3_130007700, PfIT_130006700, PfKH02_000009900, PfGA01_130007400, PfGN01_130008100, PfSN01_000019600, PfNF166_130007200	7	100.0	Core
485	PfIT_130007200	IT	PfIT_13	128498	129532	gametocyte associated protein, pseudogene	PfDd2_130007800	11	PfDd2_130007800, Pf7G8_130006400, PfHB3_130008300, PfIT_130007200, PfKE01_130007600, PfGB4_130007900, PfKH01_130006200, PfGA01_130008000, PfGN01_130008700, PfCD01_130007500, PfSN01_130005000	11	100.0	Core
486	PfIT_130069200	IT	PfIT_13	2573423	2573929	hypothetical protein	PfDd2_130069700	15	PfDd2_130069700, Pf7G8_130068400, PfHB3_130070300, PfIT_130069200, PfKH02_130066800, PfKE01_130069500, Pf7G8-2_000466300, PfGB4_130069800, PfKH01_130067900, PfGA01_130070000, PfGN01_130070600, PfCD01_130069500, PfSN01_130066900, PfNF166_130068800, PfNF54_130068500	15	100.0	Core
487	PfIT_130077800	IT	PfIT_13	2912618	2921693	erythrocyte membrane protein 1, PfEMP1	PfIT_130077800	1	PfIT_130077800	1	100.0	Subtelomeric/Variable
488	PfIT_140006500	IT	PfIT_14	74677	75815	rifin	PfIT_140006500	1	PfIT_140006500	1	100.0	Subtelomeric/Variable
489	PfIT_140085500	IT	PfIT_14	3341111	3342204	rifin	Pf7G8-2_000552600	5	Pf7G8_140084300, PfIT_140085500, PfKH02_000009000, Pf7G8-2_000552600, PfGB4_140085000	1	20.0	Subtelomeric/Variable
490	PfIT_140085700	IT	PfIT_14	3347657	3359568	erythrocyte membrane protein 1, PfEMP1	PfCD01_110005900	2	PfIT_140085700, PfCD01_110005900	2	100.0	Subtelomeric/Variable
491	PfKE01_010005000	KE01	PfKE01_01	4592	16343	erythrocyte membrane protein 1, PfEMP1	PfKE01_010005000	1	PfKE01_010005000	1	100.0	Subtelomeric/Variable
492	PfKE01_020024600	KE01	PfKE01_02	769852	770882	rifin	Pf7G8-2_000325000	6	Pf7G8_110005400, PfKE01_020024600, Pf7G8-2_000325000, PfGA01_020025200, PfCD01_050006100, PfSN01_000011300	2	33.33333333333333	Subtelomeric/Variable
493	PfKE01_030005200	KE01	PfKE01_03	26106	33791	erythrocyte membrane protein 1 (PfEMP1), exon 1	PfKE01_030005200	1	PfKE01_030005200	1	100.0	Subtelomeric/Variable
494	PfKE01_040005900	KE01	PfKE01_04	42360	43430	rifin	PfKE01_040005900	1	PfKE01_040005900	1	100.0	Subtelomeric/Variable
495	PfKE01_040006100	KE01	PfKE01_04	48257	49427	rifin	PfKE01_040006100	1	PfKE01_040006100	1	100.0	Subtelomeric/Variable
496	PfKE01_040006900	KE01	PfKE01_04	72194	73455	rifin	PfKE01_040006900	1	PfKE01_040006900	1	100.0	Subtelomeric/Variable
497	PfKE01_040007100	KE01	PfKE01_04	78774	80091	rifin	PfKE01_040007100	1	PfKE01_040007100	1	100.0	Subtelomeric/Variable
498	PfKE01_040027600	KE01	PfKE01_04	949796	957355	erythrocyte membrane protein 1, PfEMP1	Pf7G8-2_000113600	4	Pf7G8_040025600, PfKE01_040027600, Pf7G8-2_000113600, PfKH01_000028300	4	100.0	Core
499	PfKE01_040027900	KE01	PfKE01_04	971764	980555	erythrocyte membrane protein 1, PfEMP1	PfDd2_040026300	6	PfDd2_040026300, Pf7G8_030005800, PfHB3_080005000, PfKE01_040027900, Pf7G8-2_000069600:pseudogene, PfGA01_040025800	4	66.66666666666666	Core
500	PfKE01_050037800	KE01	PfKE01_05	1344513	1354733	erythrocyte membrane protein 1, PfEMP1	Pf7G8-2_000552900	5	Pf7G8_140084600, PfKE01_050037800, Pf7G8-2_000552900, PfGA01_000007700, PfSN01_000015500	2	40.0	Subtelomeric/Variable
501	PfKE01_050038100	KE01	PfKE01_05	1356594	1368636	erythrocyte membrane protein 1 (PfEMP1), pseudogene	PfGN01_060005900	2	PfKE01_050038100, PfGN01_060005900	2	100.0	Subtelomeric/Variable
502	PfKE01_060005000	KE01	PfKE01_06	1440	5830	erythrocyte membrane protein 1, PfEMP1	PfKE01_060005000	1	PfKE01_060005000	1	100.0	Subtelomeric/Variable
503	PfKE01_060005600	KE01	PfKE01_06	22597	23805	rifin	PfKE01_060005600	1	PfKE01_060005600	1	100.0	Subtelomeric/Variable
504	PfKE01_060005800	KE01	PfKE01_06	28211	29520	rifin	PfDd2_080005600	5	PfDd2_080005600, PfKH02_010019200, PfKE01_060005800, PfKH01_050005700, PfSN01_120006300	1	20.0	Subtelomeric/Variable
505	PfKE01_060005900	KE01	PfKE01_06	31197	32366	erythrocyte membrane protein 1 (PfEMP1), exon 2	PfKE01_060005900	1	PfKE01_060005900	1	100.0	Subtelomeric/Variable
506	PfKE01_060006600	KE01	PfKE01_06	48239	49316	rifin	PfKE01_060006600	1	PfKE01_060006600	1	100.0	Subtelomeric/Variable
507	PfKE01_070015300	KE01	PfKE01_07	451820	463345	erythrocyte membrane protein 1, PfEMP1	Pf7G8-2_000195900	5	Pf7G8_070017100, PfKE01_070015300, Pf7G8-2_000195900, PfKH01_080013900, PfCD01_070015600	4	80.0	Core
508	PfKE01_070015800	KE01	PfKE01_07	489009	496452	erythrocyte membrane protein 1, PfEMP1	PfKE01_070015800	1	PfKE01_070015800	1	100.0	Subtelomeric/Variable
509	PfKE01_070034800	KE01	PfKE01_07	1301272	1302583	rifin	PfKE01_070034800	2	PfKE01_070034800, PfKH01_070035700	1	50.0	Subtelomeric/Variable
510	PfKE01_070035100	KE01	PfKE01_07	1312778	1323598	erythrocyte membrane protein 1, PfEMP1	PfKE01_070035100	1	PfKE01_070035100	1	100.0	Subtelomeric/Variable
511	PfKE01_070035300	KE01	PfKE01_07	1328994	1338075	erythrocyte membrane protein 1, PfEMP1	PfKE01_070035300	1	PfKE01_070035300	1	100.0	Subtelomeric/Variable
512	PfKE01_080005600	KE01	PfKE01_08	35357	45045	erythrocyte membrane protein 1, PfEMP1	PfKE01_080005600	1	PfKE01_080005600	1	100.0	Subtelomeric/Variable
513	PfKE01_080014300	KE01	PfKE01_08	441094	450694	erythrocyte membrane protein 1, PfEMP1	PfGB4_050005400	2	PfKE01_080014300, PfGB4_050005400	2	100.0	Subtelomeric/Variable
514	PfKE01_080037600	KE01	PfKE01_08	1394832	1404981	erythrocyte membrane protein 1, PfEMP1	PfKE01_080037600	1	PfKE01_080037600	1	100.0	Subtelomeric/Variable
515	PfKE01_080037800	KE01	PfKE01_08	1410058	1418928	erythrocyte membrane protein 1, PfEMP1	PfKE01_080037800	1	PfKE01_080037800	1	100.0	Subtelomeric/Variable
516	PfKE01_100040400	KE01	PfKE01_10	1407600	1408166	S-antigen	PfGN01_100040600	2	PfKE01_100040400, PfGN01_100040600	2	100.0	Core
517	PfKE01_110006200	KE01	PfKE01_11	47298	48538	rifin	PfKE01_110006200	1	PfKE01_110006200	1	100.0	Subtelomeric/Variable
518	PfKE01_120005900	KE01	PfKE01_12	40763	41936	rifin	PfKE01_120005900	1	PfKE01_120005900	1	100.0	Subtelomeric/Variable
519	PfKE01_120006100	KE01	PfKE01_12	46173	56246	erythrocyte membrane protein 1, PfEMP1	PfKE01_120006100	1	PfKE01_120006100	1	100.0	Subtelomeric/Variable
520	PfKE01_120024500	KE01	PfKE01_12	766564	773701	erythrocyte membrane protein 1, PfEMP1	PfKE01_120024500	1	PfKE01_120024500	1	100.0	Core
521	PfKE01_120045900	KE01	PfKE01_12	1736030	1743927	erythrocyte membrane protein 1, PfEMP1	Pf7G8-2_000390200	4	Pf7G8_120046400, PfKE01_120045900, Pf7G8-2_000390200, PfCD01_120045700	1	25.0	Core
522	PfKE01_120046300	KE01	PfKE01_12	1763106	1771004	erythrocyte membrane protein 1, PfEMP1	PfKE01_120046300	1	PfKE01_120046300	1	100.0	Core
523	PfKE01_120058900	KE01	PfKE01_12	2213597	2214574	Plasmodium RESA N-terminal, putative	Pf7G8_120059150	10	Pf7G8_120059150, PfHB3_120058250, PfIT_120058800, PfKH02_120058150, PfKE01_120058900, PfGB4_120058800, PfKH01_120059550, PfGA01_120058900, PfGN01_120059700, PfSN01_120058900	9	90.0	Core
524	PfKE01_130005400	KE01	PfKE01_13	23472	30635	erythrocyte membrane protein 1, PfEMP1	PfKE01_130005400	1	PfKE01_130005400	1	100.0	Subtelomeric/Variable
525	PfKE01_130005500	KE01	PfKE01_13	32558	33819	rifin	PfHB3_020005800	4	PfHB3_020005800, PfKE01_130005500, PfSN01_110052900, PfNF166_120007100	1	25.0	Subtelomeric/Variable
526	PfKE01_130005600	KE01	PfKE01_13	36009	41825	erythrocyte membrane protein 1, PfEMP1	PfKE01_130005600	1	PfKE01_130005600	1	100.0	Subtelomeric/Variable
527	PfKE01_130007600	KE01	PfKE01_13	121852	122907	hypothetical protein	PfDd2_130007800	11	PfDd2_130007800, Pf7G8_130006400, PfHB3_130008300, PfIT_130007200, PfKE01_130007600, PfGB4_130007900, PfKH01_130006200, PfGA01_130008000, PfGN01_130008700, PfCD01_130007500, PfSN01_130005000	11	100.0	Core
528	PfKE01_130069500	KE01	PfKE01_13	2570360	2570866	hypothetical protein	PfDd2_130069700	15	PfDd2_130069700, Pf7G8_130068400, PfHB3_130070300, PfIT_130069200, PfKH02_130066800, PfKE01_130069500, Pf7G8-2_000466300, PfGB4_130069800, PfKH01_130067900, PfGA01_130070000, PfGN01_130070600, PfCD01_130069500, PfSN01_130066900, PfNF166_130068800, PfNF54_130068500	15	100.0	Core
529	PfKE01_130077800	KE01	PfKE01_13	2866195	2866431	rifin	PfKE01_130077800	1	PfKE01_130077800	1	100.0	Subtelomeric/Variable
530	PfKH01_000005000	KH01	PfKH01_00_1	328	8379	erythrocyte membrane protein 1 (PfEMP1), exon 1	PfKH01_000005000	1	PfKH01_000005000	1	100.0	Subtelomeric/Variable
531	PfKH01_000005050	KH01	PfKH01_00_1	9986	17392	erythrocyte membrane protein 1 (PfEMP1), exon 1	PfKH01_000005050	1	PfKH01_000005050	1	100.0	Subtelomeric/Variable
532	PfKH01_000028300	KH01	PfKH01_00_26	2216	11140	erythrocyte membrane protein 1, PfEMP1	Pf7G8-2_000113600	4	Pf7G8_040025600, PfKE01_040027600, Pf7G8-2_000113600, PfKH01_000028300	4	100.0	Subtelomeric/Variable
533	PfKH01_000028900	KH01	PfKH01_00_27	29805	37884	erythrocyte membrane protein 1, PfEMP1	Pf7G8-2_000094000	10	Pf7G8_040005600, PfKE01_100005500, Pf7G8-2_000094000, PfGB4_000006900, PfKH01_000028900, PfGA01_040005600, PfGN01_080038400, PfCD01_000006600, PfSN01_000005600, PfNF166_040007200	4	40.0	Subtelomeric/Variable
534	PfKH01_000029300	KH01	PfKH01_00_27	44949	55568	erythrocyte membrane protein 1, PfEMP1	PfDd2_020025400	3	PfDd2_020025400, PfIT_110005600, PfKH01_000029300	2	66.66666666666666	Subtelomeric/Variable
535	PfKH01_000031800	KH01	PfKH01_00_3	40637	41847	rifin	PfKH01_000031800	1	PfKH01_000031800	1	100.0	Subtelomeric/Variable
536	PfKH01_000032200	KH01	PfKH01_00_3	61313	62575	rifin	PfKH01_000032200	1	PfKH01_000032200	1	100.0	Subtelomeric/Variable
537	PfKH01_010006900	KH01	PfKH01_01	68299	69394	rifin	PfKH01_010006900	1	PfKH01_010006900	1	100.0	Subtelomeric/Variable
538	PfKH01_010020200	KH01	PfKH01_01	578301	579581	rifin	PfGA01_010019300	6	PfHB3_010019000, PfKH01_010020200, PfGA01_010019300, PfGN01_010019200, PfSN01_000014000, PfNF166_000019500	4	66.66666666666666	Subtelomeric/Variable
539	PfKH01_010020700	KH01	PfKH01_01	595278	596623	rifin	PfKH01_010020700	1	PfKH01_010020700	1	100.0	Subtelomeric/Variable
540	PfKH01_010021200	KH01	PfKH01_01	610903	612113	rifin	PfKH01_010021200	1	PfKH01_010021200	1	100.0	Subtelomeric/Variable
541	PfKH01_010021400	KH01	PfKH01_01	618250	628071	erythrocyte membrane protein 1, PfEMP1	PfKH01_010021400	1	PfKH01_010021400	1	100.0	Subtelomeric/Variable
542	PfKH01_020006000	KH01	PfKH01_02	33694	34752	rifin	PfKE01_060037800	2	PfKE01_060037800, PfKH01_020006000	1	50.0	Subtelomeric/Variable
543	PfKH01_020006300	KH01	PfKH01_02	45702	46894	rifin	PfKH01_020006300	1	PfKH01_020006300	1	100.0	Subtelomeric/Variable
544	PfKH01_020006500	KH01	PfKH01_02	51916	53108	rifin	Pf7G8-2_000049300	9	Pf7G8_020005900, Pf7G8-2_000049300, PfGB4_040030500, PfKH01_020006500, PfGA01_000006100, PfGN01_020006600, PfCD01_020026800, PfSN01_070036300, PfNF166_020006200, PfNF166_020006400	4	44.44444444444444	Subtelomeric/Variable
545	PfKH01_020028200	KH01	PfKH01_02	903516	915735	erythrocyte membrane protein 1, PfEMP1	PfIT_090005100	2	PfIT_090005100, PfKH01_020028200	1	50.0	Subtelomeric/Variable
546	PfKH01_030005400	KH01	PfKH01_03	16872	18127	rifin	PfKH01_030005400	1	PfKH01_030005400	1	100.0	Subtelomeric/Variable
547	PfKH01_030005500	KH01	PfKH01_03	20498	21782	rifin	PfKH01_030005500	1	PfKH01_030005500	1	100.0	Subtelomeric/Variable
548	PfKH01_040005800	KH01	PfKH01_04	39914	51248	erythrocyte membrane protein 1, PfEMP1	PfKH01_040005800	1	PfKH01_040005800	1	100.0	Subtelomeric/Variable
549	PfKH01_040026100	KH01	PfKH01_04	928240	936995	erythrocyte membrane protein 1, PfEMP1	PfKH01_040026100	1	PfKH01_040026100	1	100.0	Core
550	PfKH01_040026700	KH01	PfKH01_04	964948	973406	erythrocyte membrane protein 1, PfEMP1	PfGA01_120024100	3	PfGB4_080013400, PfKH01_040026700, PfGA01_120024100	3	100.0	Subtelomeric/Variable
551	PfKH01_040027400	KH01	PfKH01_04	993976	995081	rifin	PfKH01_040027400	1	PfKH01_040027400	1	100.0	Subtelomeric/Variable
552	PfKH01_050005500	KH01	PfKH01_05	31043	43200	erythrocyte membrane protein 1, PfEMP1	PfKH01_050005500	1	PfKH01_050005500	1	100.0	Subtelomeric/Variable
553	PfKH01_060007200	KH01	PfKH01_06	87721	88963	rifin	PfKH01_060007200	1	PfKH01_060007200	1	100.0	Subtelomeric/Variable
554	PfKH01_060007300	KH01	PfKH01_06	90819	92040	rifin	PfKH01_060007300	1	PfKH01_060007300	1	100.0	Subtelomeric/Variable
555	PfKH01_060007700	KH01	PfKH01_06	103569	104654	rifin	PfGN01_120006500	3	PfIT_020026900, PfKH01_060007700, PfGN01_120006500	2	66.66666666666666	Subtelomeric/Variable
556	PfKH01_060039600	KH01	PfKH01_06	1401482	1413530	erythrocyte membrane protein 1, PfEMP1	PfGB4_070005800	4	PfHB3_050038500, PfKH02_080038400, PfGB4_070005800, PfKH01_060039600	1	25.0	Subtelomeric/Variable
557	PfKH01_070016000	KH01	PfKH01_07	482768	483889	rifin	Pf7G8-2_000196300	7	Pf7G8_070017800, PfKH02_040026200, PfKE01_040019200, Pf7G8-2_000196300, PfGB4_070017400, PfKH01_070016000, PfCD01_070016600	4	57.14285714285714	Subtelomeric/Variable
558	PfKH01_070016500	KH01	PfKH01_07	506015	507136	rifin	PfKH01_070016500	1	PfKH01_070016500	1	100.0	Subtelomeric/Variable
559	PfKH01_070016600	KH01	PfKH01_07	509048	510052	rifin	PfKH01_070016600	1	PfKH01_070016600	1	100.0	Subtelomeric/Variable
560	PfKH01_080013900	KH01	PfKH01_08	426217	435080	erythrocyte membrane protein 1, PfEMP1	Pf7G8-2_000195900	5	Pf7G8_070017100, PfKE01_070015300, Pf7G8-2_000195900, PfKH01_080013900, PfCD01_070015600	4	80.0	Subtelomeric/Variable
561	PfKH01_090041700	KH01	PfKH01_09	1441334	1442427	rifin	PfDd2_090042600	9	PfDd2_090042600, Pf7G8_090042400, PfHB3_000011300, PfKH02_090042400, Pf7G8-2_000285500, PfGB4_000010700, PfKH01_090041700, PfCD01_090042000, PfNF166_090041600	5	55.55555555555556	Subtelomeric/Variable
562	PfKH01_090042400	KH01	PfKH01_09	1464464	1465716	rifin	Pf7G8-2_000094100	6	Pf7G8_040005700, PfKE01_040032500, Pf7G8-2_000094100, PfKH01_090042400, PfGN01_100045800, PfSN01_140088500	1	16.666666666666664	Subtelomeric/Variable
563	PfKH01_100005000	KH01	PfKH01_10	2499	11540	erythrocyte membrane protein 1, PfEMP1	PfKH01_100005000	1	PfKH01_100005000	1	100.0	Subtelomeric/Variable
564	PfKH01_100039600	KH01	PfKH01_10	1358767	1360641	S-antigen protein, putative	PfKH01_100039600	1	PfKH01_100039600	1	100.0	Core
565	PfKH01_100044700	KH01	PfKH01_10	1588474	1599466	erythrocyte membrane protein 1, PfEMP1	PfKH01_100044700	1	PfKH01_100044700	1	100.0	Subtelomeric/Variable
566	PfKH01_110005100	KH01	PfKH01_11	2179	12045	erythrocyte membrane protein 1, PfEMP1	PfKH01_110005100	1	PfKH01_110005100	1	100.0	Subtelomeric/Variable
567	PfKH01_110029000	KH01	PfKH01_11	934070	938106	hypothetical protein	PfDd2_110027900	7	PfDd2_110027900, Pf7G8_110028600, PfHB3_110028200, PfIT_110029200, PfKH02_110030000, Pf7G8-2_000347600, Pf7G8-2_000347700, PfKH01_110029000	6	85.71428571428571	Core
568	PfKH01_120005600	KH01	PfKH01_12	42604	43904	rifin	PfKH01_120005600	1	PfKH01_120005600	1	100.0	Subtelomeric/Variable
569	PfKH01_120006700	KH01	PfKH01_12	73772	75138	rifin	PfKH01_120006700	1	PfKH01_120006700	1	100.0	Subtelomeric/Variable
570	PfKH01_120007300	KH01	PfKH01_12	94007	94366	hypothetical protein	PfKH01_120007300	1	PfKH01_120007300	1	100.0	Core
571	PfKH01_120026000	KH01	PfKH01_12	815799	816803	hypothetical protein	PfCD01_120024500	2	PfKH01_120026000, PfCD01_120024500	2	100.0	Core
572	PfKH01_120026100	KH01	PfKH01_12	816846	818227	Duffy binding domain/acidic terminal segments, variant surface antigen of PfEMP1, putative	PfCD01_120024600	2	PfKH01_120026100, PfCD01_120024600	2	100.0	Core
573	PfKH01_120046800	KH01	PfKH01_12	1741950	1747462	erythrocyte membrane protein 1, PfEMP1	PfKH01_120046800	2	PfKH01_120046800, PfSN01_120045800	2	100.0	Subtelomeric/Variable
574	PfKH01_120046900	KH01	PfKH01_12	1748846	1758798	erythrocyte membrane protein 1, PfEMP1	PfKH01_120046900	1	PfKH01_120046900	1	100.0	Subtelomeric/Variable
575	PfKH01_120047100	KH01	PfKH01_12	1767348	1775532	erythrocyte membrane protein 1, PfEMP1	PfKH01_120047100	1	PfKH01_120047100	1	100.0	Core
576	PfKH01_120059550	KH01	PfKH01_12	2217242	2218111	Plasmodium exported protein, unknown function	Pf7G8_120059150	10	Pf7G8_120059150, PfHB3_120058250, PfIT_120058800, PfKH02_120058150, PfKE01_120058900, PfGB4_120058800, PfKH01_120059550, PfGA01_120058900, PfGN01_120059700, PfSN01_120058900	9	90.0	Core
577	PfKH01_130006200	KH01	PfKH01_13	56680	57735	hypothetical protein	PfDd2_130007800	11	PfDd2_130007800, Pf7G8_130006400, PfHB3_130008300, PfIT_130007200, PfKE01_130007600, PfGB4_130007900, PfKH01_130006200, PfGA01_130008000, PfGN01_130008700, PfCD01_130007500, PfSN01_130005000	11	100.0	Core
578	PfKH01_130067900	KH01	PfKH01_13	2485521	2486027	hypothetical protein	PfDd2_130069700	15	PfDd2_130069700, Pf7G8_130068400, PfHB3_130070300, PfIT_130069200, PfKH02_130066800, PfKE01_130069500, Pf7G8-2_000466300, PfGB4_130069800, PfKH01_130067900, PfGA01_130070000, PfGN01_130070600, PfCD01_130069500, PfSN01_130066900, PfNF166_130068800, PfNF54_130068500	15	100.0	Core
579	PfKH01_130076000	KH01	PfKH01_13	2780977	2781848	rifin	PfKH01_130076000	1	PfKH01_130076000	1	100.0	Subtelomeric/Variable
580	PfKH01_130076900	KH01	PfKH01_13	2821490	2828990	erythrocyte membrane protein 1, PfEMP1	PfKH01_130076900	1	PfKH01_130076900	1	100.0	Subtelomeric/Variable
581	PfKH01_140005500	KH01	PfKH01_14	30118	31454	rifin	PfKH01_140005500	1	PfKH01_140005500	1	100.0	Subtelomeric/Variable
582	PfKH01_140005600	KH01	PfKH01_14	33967	35202	rifin	PfKH01_140005600	1	PfKH01_140005600	1	100.0	Subtelomeric/Variable
583	PfKH01_140005900	KH01	PfKH01_14	44526	45628	rifin	PfKH01_140005900	2	PfKH01_140005900, PfNF166_000021200	1	50.0	Subtelomeric/Variable
584	PfKH01_140085100	KH01	PfKH01_14	3304120	3305264	rifin	PfKH01_140085100	1	PfKH01_140085100	1	100.0	Subtelomeric/Variable
585	PfKH02_000008200	KH02	PfKH02_00_4	24656	25751	rifin	PfGA01_070034700	3	PfKH02_000008200, PfGA01_070034700, PfNF166_070035200	2	66.66666666666666	Subtelomeric/Variable
586	PfKH02_000008800	KH02	PfKH02_00_4	43242	44446	rifin	PfKH02_000008800	1	PfKH02_000008800	1	100.0	Subtelomeric/Variable
587	PfKH02_000008900	KH02	PfKH02_00_4	46606	47460	stevor	Pf7G8-2_000185900	5	Pf7G8_070007000, PfHB3_000006600, PfIT_070006500, PfKH02_000008900, Pf7G8-2_000185900	1	20.0	Subtelomeric/Variable
588	PfKH02_000009900	KH02	PfKH02_00_4	98140	104877	surface-associated interspersed protein (SURFIN)	PfGA01_130007400	7	PfHB3_130007700, PfIT_130006700, PfKH02_000009900, PfGA01_130007400, PfGN01_130008100, PfSN01_000019600, PfNF166_130007200	7	100.0	Core
589	PfKH02_030006300	KH02	PfKH02_03	59930	61134	rifin	PfCD01_030006200	4	PfHB3_060036600, PfKH02_030006300, PfGA01_050037200, PfCD01_030006200	2	50.0	Subtelomeric/Variable
590	PfKH02_030030100	KH02	PfKH02_03	1012369	1013574	rifin	PfKH02_030030100	1	PfKH02_030030100	1	100.0	Subtelomeric/Variable
591	PfKH02_040017200	KH02	PfKH02_04	504922	512960	erythrocyte membrane protein 1, PfEMP1	Pf7G8-2_000390100:pseudogene	3	Pf7G8_120046200, PfKH02_040017200, Pf7G8-2_000390100:pseudogene	1	33.33333333333333	Core
592	PfKH02_040017400	KH02	PfKH02_04	517703	518821	rifin	PfKH02_040017400	1	PfKH02_040017400	1	100.0	Subtelomeric/Variable
593	PfKH02_040017800	KH02	PfKH02_04	536851	537969	rifin	PfKH02_040017800	1	PfKH02_040017800	1	100.0	Subtelomeric/Variable
594	PfKH02_040017900	KH02	PfKH02_04	539796	541084	rifin	PfKH02_040017900	1	PfKH02_040017900	1	100.0	Subtelomeric/Variable
595	PfKH02_040025700	KH02	PfKH02_04	886039	894790	erythrocyte membrane protein 1, PfEMP1	PfCD01_040026200	2	PfKH02_040025700, PfCD01_040026200	2	100.0	Core
596	PfKH02_040026300	KH02	PfKH02_04	919515	920830	rifin	PfKH02_040026300	1	PfKH02_040026300	1	100.0	Subtelomeric/Variable
597	PfKH02_040026700	KH02	PfKH02_04	945609	956081	erythrocyte membrane protein 1, PfEMP1	PfDd2_100045900	3	PfDd2_100045900, PfKH02_040026700, PfKH01_070035900	2	66.66666666666666	Subtelomeric/Variable
598	PfKH02_040030900	KH02	PfKH02_04	1127011	1127609	hypothetical protein	PfDd2_040030400	7	PfDd2_040030400, PfHB3_120058300, PfIT_040030000, PfKH02_040030900, PfGB4_040030200, PfSN01_040030100, PfNF166_040031100	7	100.0	Subtelomeric/Variable
599	PfKH02_040031000	KH02	PfKH02_04	1129166	1129762	stevor	PfKH02_040031000	2	PfKH02_040031000, PfNF166_040031200	1	50.0	Subtelomeric/Variable
600	PfKH02_040031400	KH02	PfKH02_04	1137382	1138785	rifin	PfKH02_040031400	1	PfKH02_040031400	1	100.0	Subtelomeric/Variable
601	PfKH02_050005800	KH02	PfKH02_05	46189	47537	rifin	PfKH02_050005800	1	PfKH02_050005800	1	100.0	Subtelomeric/Variable
602	PfKH02_060005800	KH02	PfKH02_06	36084	46800	erythrocyte membrane protein 1, PfEMP1	PfKH02_060005800	2	PfKH02_060005800, PfSN01_060037800	2	100.0	Subtelomeric/Variable
603	PfKH02_060006000	KH02	PfKH02_06	53730	54970	rifin	PfKH02_060006000	2	PfKH02_060006000, PfSN01_060037600	1	50.0	Subtelomeric/Variable
604	PfKH02_060023700	KH02	PfKH02_06	757925	766394	erythrocyte membrane protein 1, PfEMP1	Pf7G8-2_000169900	7	Pf7G8_060022500, PfHB3_060021800, PfIT_060021400, PfKH02_060023700, Pf7G8-2_000169900, PfKH01_060024600, PfGN01_060023300	6	85.71428571428571	Core
605	PfKH02_060023900	KH02	PfKH02_06	773354	782860	erythrocyte membrane protein 1, PfEMP1	PfKH02_060023900	1	PfKH02_060023900	1	100.0	Subtelomeric/Variable
606	PfKH02_060024100	KH02	PfKH02_06	789988	799495	erythrocyte membrane protein 1, PfEMP1	PfKH02_060024100	1	PfKH02_060024100	1	100.0	Subtelomeric/Variable
607	PfKH02_060038500	KH02	PfKH02_06	1383012	1383952	Plasmodium RESA N-terminal, putative	PfKH02_060038500	1	PfKH02_060038500	1	100.0	Subtelomeric/Variable
608	PfKH02_060038600	KH02	PfKH02_06	1385689	1386876	rifin	PfKH02_060038600	1	PfKH02_060038600	1	100.0	Subtelomeric/Variable
609	PfKH02_060039000	KH02	PfKH02_06	1398899	1408858	erythrocyte membrane protein 1, PfEMP1	PfKH02_060039000	1	PfKH02_060039000	1	100.0	Subtelomeric/Variable
610	PfKH02_070015000	KH02	PfKH02_07	439431	447676	erythrocyte membrane protein 1, PfEMP1	PfKH02_070015000	1	PfKH02_070015000	1	100.0	Core
611	PfKH02_070015200	KH02	PfKH02_07	462074	472047	erythrocyte membrane protein 1, PfEMP1	PfKH02_070015200	1	PfKH02_070015200	1	100.0	Subtelomeric/Variable
612	PfKH02_070015500	KH02	PfKH02_07	482389	491869	erythrocyte membrane protein 1, PfEMP1	PfDd2_080014100	9	PfDd2_080014100, Pf7G8_070017600, PfHB3_080013800, PfIT_120045600, PfKH02_070015500, Pf7G8-2_000196200, PfKH01_080013300, PfCD01_070016000, PfSN01_070017300	2	22.22222222222222	Subtelomeric/Variable
613	PfKH02_070015800	KH02	PfKH02_07	504329	513227	erythrocyte membrane protein 1, PfEMP1	PfKH02_070015800	1	PfKH02_070015800	1	100.0	Subtelomeric/Variable
614	PfKH02_070034900	KH02	PfKH02_07	1314689	1315799	rifin	PfKH02_070034900	1	PfKH02_070034900	1	100.0	Subtelomeric/Variable
615	PfKH02_080005700	KH02	PfKH02_08	57266	58394	rifin	PfKH02_080005700	1	PfKH02_080005700	1	100.0	Core
616	PfKH02_080006100	KH02	PfKH02_08	69683	70977	rifin	Pf7G8-2_000216400:pseudogene	6	Pf7G8_080005800, PfIT_000012000, PfKH02_080006100, Pf7G8-2_000216400:pseudogene, PfCD01_080005700, PfSN01_010017800	3	50.0	Core
617	PfKH02_080014300	KH02	PfKH02_08	457482	466163	erythrocyte membrane protein 1, PfEMP1	PfHB3_080013600	2	PfHB3_080013600, PfKH02_080014300	2	100.0	Subtelomeric/Variable
618	PfKH02_080038200	KH02	PfKH02_08	1444266	1456719	erythrocyte membrane protein 1 (PfEMP1), pseudogene	PfKH02_080038200	1	PfKH02_080038200	1	100.0	Subtelomeric/Variable
619	PfKH02_090042600	KH02	PfKH02_09	1461750	1463003	rifin	PfKH02_090042600	1	PfKH02_090042600	1	100.0	Subtelomeric/Variable
620	PfKH02_090042700	KH02	PfKH02_09	1466831	1477094	erythrocyte membrane protein 1, PfEMP1	PfKH02_090042700	1	PfKH02_090042700	1	100.0	Subtelomeric/Variable
621	PfKH02_100005000	KH02	PfKH02_10	3836	15492	erythrocyte membrane protein 1, PfEMP1	PfKH02_100005000	1	PfKH02_100005000	1	100.0	Subtelomeric/Variable
622	PfKH02_100005700	KH02	PfKH02_10	36534	37714	rifin	PfGN01_120060700	2	PfKH02_100005700, PfGN01_120060700	1	50.0	Subtelomeric/Variable
623	PfKH02_100006000	KH02	PfKH02_10	45796	47041	rifin	PfGN01_100006200	2	PfKH02_100006000, PfGN01_100006200	1	50.0	Subtelomeric/Variable
624	PfKH02_100040500	KH02	PfKH02_10	1388276	1391480	S-antigen	PfKH02_100040500	1	PfKH02_100040500	1	100.0	Core
625	PfKH02_100045000	KH02	PfKH02_10	1601424	1602667	rifin	PfHB3_130079900	2	PfHB3_130079900, PfKH02_100045000	1	50.0	Subtelomeric/Variable
626	PfKH02_110030000	KH02	PfKH02_11	974335	978512	hypothetical protein	PfDd2_110027900	7	PfDd2_110027900, Pf7G8_110028600, PfHB3_110028200, PfIT_110029200, PfKH02_110030000, Pf7G8-2_000347600, Pf7G8-2_000347700, PfKH01_110029000	6	85.71428571428571	Core
627	PfKH02_110054900	KH02	PfKH02_11	2022307	2030212	erythrocyte membrane protein 1, PfEMP1	PfKH02_110054900	1	PfKH02_110054900	1	100.0	Subtelomeric/Variable
628	PfKH02_120005600	KH02	PfKH02_12	45832	46826	stevor	PfDd2_120005100	2	PfDd2_120005100, PfKH02_120005600	1	50.0	Subtelomeric/Variable
629	PfKH02_120006100	KH02	PfKH02_12	62026	78558	erythrocyte membrane protein 1, PfEMP1	PfKH02_120006100	1	PfKH02_120006100	1	100.0	Subtelomeric/Variable
630	PfKH02_120024500	KH02	PfKH02_12	787317	798793	erythrocyte membrane protein 1, PfEMP1	PfKH02_120024500	1	PfKH02_120024500	1	100.0	Core
631	PfKH02_120045300	KH02	PfKH02_12	1728902	1730189	rifin	PfKH02_120045300	1	PfKH02_120045300	1	100.0	Subtelomeric/Variable
632	PfKH02_120045700	KH02	PfKH02_12	1746437	1755370	erythrocyte membrane protein 1, PfEMP1	PfKH02_120045700	1	PfKH02_120045700	1	100.0	Core
633	PfKH02_120058150	KH02	PfKH02_12	2196741	2197718	Plasmodium exported protein (PHISTa), unknown function	Pf7G8_120059150	10	Pf7G8_120059150, PfHB3_120058250, PfIT_120058800, PfKH02_120058150, PfKE01_120058900, PfGB4_120058800, PfKH01_120059550, PfGA01_120058900, PfGN01_120059700, PfSN01_120058900	9	90.0	Core
634	PfKH02_120059000	KH02	PfKH02_12	2227299	2228551	rifin	PfKH02_120059000	1	PfKH02_120059000	1	100.0	Subtelomeric/Variable
635	PfKH02_120059400	KH02	PfKH02_12	2241504	2249407	erythrocyte membrane protein 1, PfEMP1	PfKH02_120059400	1	PfKH02_120059400	1	100.0	Subtelomeric/Variable
636	PfKH02_130066800	KH02	PfKH02_13	2444381	2444887	hypothetical protein	PfDd2_130069700	15	PfDd2_130069700, Pf7G8_130068400, PfHB3_130070300, PfIT_130069200, PfKH02_130066800, PfKE01_130069500, Pf7G8-2_000466300, PfGB4_130069800, PfKH01_130067900, PfGA01_130070000, PfGN01_130070600, PfCD01_130069500, PfSN01_130066900, PfNF166_130068800, PfNF54_130068500	15	100.0	Core
637	PfKH02_130075400	KH02	PfKH02_13	2749850	2751151	rifin	PfKH02_130075400	1	PfKH02_130075400	1	100.0	Subtelomeric/Variable
638	PfKH02_140005500	KH02	PfKH02_14	29187	37785	erythrocyte membrane protein 1, PfEMP1	PfKH02_140005500	2	PfKH02_140005500, PfNF166_040031700	2	100.0	Subtelomeric/Variable
639	PfKH02_140006100	KH02	PfKH02_14	56776	57957	rifin	PfKH02_140006100	1	PfKH02_140006100	1	100.0	Subtelomeric/Variable
640	PfKH02_140006200	KH02	PfKH02_14	59873	61122	rifin	PfKH02_140006200	1	PfKH02_140006200	1	100.0	Subtelomeric/Variable
641	PfNF166_000006800	NF166	VBRE01000022.1	82584	94335	erythrocyte membrane protein 1, PfEMP1	PfHB3_130080100	3	PfHB3_130080100, PfSN01_000020900, PfNF166_000006800	3	100.0	Subtelomeric/Variable
642	PfNF166_000007000	NF166	VBRE01000022.1	105906	106385	hypothetical protein	PfNF166_000007000	1	PfNF166_000007000	1	100.0	Subtelomeric/Variable
643	PfNF166_000007900	NF166	VBRE01000002.1	36852	43843	erythrocyte membrane protein 1, PfEMP1	PfNF166_000007900	1	PfNF166_000007900	1	100.0	Subtelomeric/Variable
644	PfNF166_000009300	NF166	VBRE01000002.1	80495	81737	Rifin/stevor family, putative	PfNF166_000009300	1	PfNF166_000009300	1	100.0	Subtelomeric/Variable
645	PfNF166_000017800	NF166	VBRE01000013.1	33622	34877	rifin	PfNF166_000017800	1	PfNF166_000017800	1	100.0	Subtelomeric/Variable
646	PfNF166_000017900	NF166	VBRE01000013.1	36905	48555	erythrocyte membrane protein 1, PfEMP1	PfNF166_000017900	1	PfNF166_000017900	1	100.0	Subtelomeric/Variable
647	PfNF166_000018000	NF166	VBRE01000013.1	51376	52676	rifin	Pf7G8-2_000119500	3	Pf7G8_050005600, Pf7G8-2_000119500, PfNF166_000018000	1	33.33333333333333	Subtelomeric/Variable
648	PfNF166_000018400:pseudogene	NF166	VBRE01000013.1	65043	66008	rifin	PfNF166_000018400:pseudogene	1	PfNF166_000018400:pseudogene	1	100.0	Subtelomeric/Variable
649	PfNF166_000019300:pseudogene	NF166	VBRE01000026.1	4409	10473	surface-associated interspersed protein 14.1 (SURFIN 14.1)	PfNF166_000019300:pseudogene	1	PfNF166_000019300:pseudogene	1	100.0	Subtelomeric/Variable
650	PfNF166_000019800	NF166	VBRE01000026.1	28849	35918	erythrocyte membrane protein 1, PfEMP1	PfNF166_000019800	1	PfNF166_000019800	1	100.0	Subtelomeric/Variable
651	PfNF166_000020800	NF166	VBRE01000020.1	45804	52586	erythrocyte membrane protein 1, PfEMP1	PfNF166_000020800	1	PfNF166_000020800	1	100.0	Subtelomeric/Variable
652	PfNF166_010005100	NF166	VBRE01000028.1	30362	31620	rifin	PfNF166_010005100	1	PfNF166_010005100	1	100.0	Subtelomeric/Variable
653	PfNF166_010005600	NF166	VBRE01000028.1	44981	45478	Rifin/stevor family, putative	PfNF166_010005600	1	PfNF166_010005600	1	100.0	Subtelomeric/Variable
654	PfNF166_020005800	NF166	VBRE01000003.1	44887	57214	erythrocyte membrane protein 1, PfEMP1	PfNF166_020005800	1	PfNF166_020005800	1	100.0	Subtelomeric/Variable
655	PfNF166_020005900	NF166	VBRE01000003.1	59099	63597	erythrocyte membrane protein 1, PfEMP1	PfNF166_020005900	1	PfNF166_020005900	1	100.0	Subtelomeric/Variable
656	PfNF166_040005100	NF166	VBRE01000030.1	20420	20659	hypothetical protein	PfNF166_040005100	1	PfNF166_040005100	1	100.0	Subtelomeric/Variable
657	PfNF166_040005200	NF166	VBRE01000030.1	23842	24105	hypothetical protein	PfNF166_040005200	1	PfNF166_040005200	1	100.0	Subtelomeric/Variable
658	PfNF166_040005700	NF166	VBRE01000030.1	59745	60965	Rifin/stevor family, putative	PfNF166_040005700	1	PfNF166_040005700	1	100.0	Subtelomeric/Variable
659	PfNF166_040026800	NF166	VBRE01000006.1	899646	907316	erythrocyte membrane protein 1, PfEMP1	PfNF166_040026800	1	PfNF166_040026800	1	100.0	Subtelomeric/Variable
660	PfNF166_040031100	NF166	VBRE01000006.1	1078429	1079027	hypothetical protein	PfDd2_040030400	7	PfDd2_040030400, PfHB3_120058300, PfIT_040030000, PfKH02_040030900, PfGB4_040030200, PfSN01_040030100, PfNF166_040031100	7	100.0	Subtelomeric/Variable
661	PfNF166_040031600	NF166	VBRE01000006.1	1092067	1093393	rifin	Pf7G8-2_000285700	5	Pf7G8_090042700, PfKH02_140005600, Pf7G8-2_000285700, PfGN01_020028100, PfNF166_040031600	1	20.0	Subtelomeric/Variable
662	PfNF166_040031700	NF166	VBRE01000006.1	1095286	1102233	erythrocyte membrane protein 1, PfEMP1	PfKH02_140005500	2	PfKH02_140005500, PfNF166_040031700	2	100.0	Subtelomeric/Variable
663	PfNF166_040032300	NF166	VBRE01000027.1	11073	12421	rifin	PfGA01_020025400	5	PfKH02_020026300, PfKH01_120005500, PfGA01_020025400, PfSN01_030031400, PfNF166_040032300	1	20.0	Subtelomeric/Variable
664	PfNF166_050005100	NF166	VBRE01000007.1	4582	5894	Rifin/stevor family, putative	PfNF166_050005100	1	PfNF166_050005100	1	100.0	Subtelomeric/Variable
665	PfNF166_050005400	NF166	VBRE01000007.1	23004	24316	Rifin/stevor family, putative	PfNF166_050005400	1	PfNF166_050005400	1	100.0	Subtelomeric/Variable
666	PfNF166_060005100	NF166	VBRE01000015.1	20017	20250	hypothetical protein	PfNF166_060005100	1	PfNF166_060005100	1	100.0	Subtelomeric/Variable
667	PfNF166_070016100	NF166	VBRE01000011.1	486451	496241	erythrocyte membrane protein 1, PfEMP1	PfNF166_070016100	1	PfNF166_070016100	1	100.0	Core
668	PfNF166_080012700	NF166	VBRE01000012.1	373012	381196	erythrocyte membrane protein 1, PfEMP1	PfNF166_080012700	1	PfNF166_080012700	1	100.0	Core
669	PfNF166_080012800	NF166	VBRE01000012.1	382591	392876	erythrocyte membrane protein 1, PfEMP1	PfNF166_080012800	1	PfNF166_080012800	1	100.0	Subtelomeric/Variable
670	PfNF166_080013000	NF166	VBRE01000012.1	400876	407633	erythrocyte membrane protein 1, PfEMP1	PfNF166_080013000	1	PfNF166_080013000	1	100.0	Core
671	PfNF166_080036100	NF166	VBRE01000012.1	1354206	1364433	erythrocyte membrane protein 1, PfEMP1	PfNF166_080036100	1	PfNF166_080036100	1	100.0	Subtelomeric/Variable
672	PfNF166_090005000	NF166	VBRE01000014.1	2620	15316	erythrocyte membrane protein 1, PfEMP1	PfNF166_090005000	1	PfNF166_090005000	1	100.0	Subtelomeric/Variable
673	PfNF166_090005200	NF166	VBRE01000014.1	21104	22292	Rifin/stevor family, putative	PfNF166_090005200	1	PfNF166_090005200	1	100.0	Subtelomeric/Variable
674	PfNF166_090005700	NF166	VBRE01000014.1	36465	37677	Rifin/stevor family, putative	PfNF166_090005700	1	PfNF166_090005700	1	100.0	Subtelomeric/Variable
675	PfNF166_090042400	NF166	VBRE01000014.1	1463775	1473895	erythrocyte membrane protein 1, PfEMP1	PfNF166_090042400	2	PfSN01_000010200, PfNF166_090042400	2	100.0	Subtelomeric/Variable
676	PfNF166_100005200	NF166	VBRE01000016.1	33464	44895	erythrocyte membrane protein 1, PfEMP1	PfNF166_100005200	1	PfNF166_100005200	1	100.0	Subtelomeric/Variable
677	PfNF166_100005500	NF166	VBRE01000016.1	57147	58401	Rifin/stevor family, putative	PfGN01_010019500	2	PfGN01_010019500, PfNF166_100005500	1	50.0	Subtelomeric/Variable
678	PfNF166_100005600	NF166	VBRE01000016.1	61149	62475	Rifin/stevor family, putative	PfNF166_100005600	1	PfNF166_100005600	1	100.0	Subtelomeric/Variable
679	PfNF166_100039800	NF166	VBRE01000016.1	1412232	1415306	S-antigen	PfIT_100039100	2	PfIT_100039100, PfNF166_100039800	2	100.0	Core
680	PfNF166_110052900	NF166	VBRE01000017.1	102642	107581	erythrocyte membrane protein 1, PfEMP1	PfNF166_110052900	1	PfNF166_110052900	1	100.0	Subtelomeric/Variable
681	PfNF166_120005300	NF166	VBRE01000008.1	40985	41386	hypothetical protein	PfNF166_120005300	1	PfNF166_120005300	1	100.0	Subtelomeric/Variable
682	PfNF166_120005400	NF166	VBRE01000008.1	41439	41657	hypothetical protein	PfNF166_120005400	1	PfNF166_120005400	1	100.0	Subtelomeric/Variable
683	PfNF166_120005600	NF166	VBRE01000008.1	56290	57563	rifin	PfNF166_120005600	1	PfNF166_120005600	1	100.0	Subtelomeric/Variable
684	PfNF166_120026200	NF166	VBRE01000021.1	758762	768218	erythrocyte membrane protein 1, PfEMP1	PfNF166_120026200	1	PfNF166_120026200	1	100.0	Core
685	PfNF166_120046600	NF166	VBRE01000021.1	1687176	1695734	erythrocyte membrane protein 1, PfEMP1	PfNF166_120046600	1	PfNF166_120046600	1	100.0	Core
686	PfNF166_120059400	NF166	VBRE01000021.1	2181176	2181661	hypothetical protein	PfNF166_120059400	1	PfNF166_120059400	1	100.0	Subtelomeric/Variable
687	PfNF166_130005900	NF166	VBRE01000023.1	64774	65885	Rifin/stevor family, putative	PfNF166_130005900	1	PfNF166_130005900	1	100.0	Subtelomeric/Variable
688	PfNF166_130006300	NF166	VBRE01000023.1	78146	79141	Rifin/stevor family, putative	PfNF166_130006300	1	PfNF166_130006300	1	100.0	Subtelomeric/Variable
689	PfNF166_130007100	NF166	VBRE01000023.1	116044	120084	hypothetical protein	PfCD01_130006800	5	PfHB3_130007500, PfGA01_130007200, PfGN01_130008000, PfCD01_130006800, PfNF166_130007100	1	20.0	Core
690	PfNF166_130007200	NF166	VBRE01000023.1	122784	128447	hypothetical protein	PfGA01_130007400	7	PfHB3_130007700, PfIT_130006700, PfKH02_000009900, PfGA01_130007400, PfGN01_130008100, PfSN01_000019600, PfNF166_130007200	7	100.0	Core
691	PfNF166_130068800	NF166	VBRE01000023.1	2592609	2593151	Reticulon, putative	PfDd2_130069700	15	PfDd2_130069700, Pf7G8_130068400, PfHB3_130070300, PfIT_130069200, PfKH02_130066800, PfKE01_130069500, Pf7G8-2_000466300, PfGB4_130069800, PfKH01_130067900, PfGA01_130070000, PfGN01_130070600, PfCD01_130069500, PfSN01_130066900, PfNF166_130068800, PfNF54_130068500	15	100.0	Core
692	PfNF54_130068500	NF54	VBRF01000025.1	2566810	2567352	Reticulon, putative	PfDd2_130069700	15	PfDd2_130069700, Pf7G8_130068400, PfHB3_130070300, PfIT_130069200, PfKH02_130066800, PfKE01_130069500, Pf7G8-2_000466300, PfGB4_130069800, PfKH01_130067900, PfGA01_130070000, PfGN01_130070600, PfCD01_130069500, PfSN01_130066900, PfNF166_130068800, PfNF54_130068500	15	100.0	Core
693	PfNF54_130075500	NF54	VBRF01000026.1	16526	24401	Duffy binding domain/Erythrocyte binding antigen 175, putative	PfNF54_130075500	1	PfNF54_130075500	1	100.0	Subtelomeric/Variable
694	PfSN01_000005500	SN01	PfSN01_00_1	21451	22779	rifin	PfSN01_000005500	1	PfSN01_000005500	1	100.0	Subtelomeric/Variable
695	PfSN01_000005600	SN01	PfSN01_00_1	24633	33463	erythrocyte membrane protein 1 (PfEMP1), pseudogene	Pf7G8-2_000094000	10	Pf7G8_040005600, PfKE01_100005500, Pf7G8-2_000094000, PfGB4_000006900, PfKH01_000028900, PfGA01_040005600, PfGN01_080038400, PfCD01_000006600, PfSN01_000005600, PfNF166_040007200	4	40.0	Subtelomeric/Variable
696	PfSN01_000009500	SN01	PfSN01_00_17	16042	25724	erythrocyte membrane protein 1, PfEMP1	PfSN01_000009500	1	PfSN01_000009500	1	100.0	Subtelomeric/Variable
697	PfSN01_000010200	SN01	PfSN01_00_18	6869	16690	erythrocyte membrane protein 1 (PfEMP1), pseudogene	PfNF166_090042400	2	PfSN01_000010200, PfNF166_090042400	2	100.0	Subtelomeric/Variable
698	PfSN01_000011300	SN01	PfSN01_00_2	10951	12017	rifin	Pf7G8-2_000325000	6	Pf7G8_110005400, PfKE01_020024600, Pf7G8-2_000325000, PfGA01_020025200, PfCD01_050006100, PfSN01_000011300	2	33.33333333333333	Subtelomeric/Variable
699	PfSN01_000011400	SN01	PfSN01_00_2	14369	15453	rifin	Pf7G8-2_000324900	3	Pf7G8_110005300, Pf7G8-2_000324900, PfSN01_000011400	1	33.33333333333333	Subtelomeric/Variable
700	PfSN01_000012000	SN01	PfSN01_00_2	28489	29900	rifin	PfSN01_000012000	1	PfSN01_000012000	1	100.0	Subtelomeric/Variable
701	PfSN01_000012100	SN01	PfSN01_00_2	31711	41664	erythrocyte membrane protein 1, PfEMP1	PfSN01_000012100	1	PfSN01_000012100	1	100.0	Subtelomeric/Variable
702	PfSN01_000012600	SN01	PfSN01_00_20	2353	9634	erythrocyte membrane protein 1, PfEMP1	PfCD01_050039600	4	PfIT_070005800, PfCD01_050039600, PfSN01_000012600, PfNF166_090042600	2	50.0	Subtelomeric/Variable
703	PfSN01_000012700	SN01	PfSN01_00_20	10702	16465	erythrocyte membrane protein 1, PfEMP1	PfSN01_000012700	1	PfSN01_000012700	1	100.0	Subtelomeric/Variable
704	PfSN01_000013100	SN01	PfSN01_00_3	8560	9793	rifin	PfDd2_010005400	10	PfDd2_010005400, Pf7G8_020005700, PfIT_050038400, PfKH02_030006100, PfKE01_070005300, Pf7G8-2_000049100:pseudogene, PfGB4_070037500, PfKH01_080038000, PfGA01_000006600, PfSN01_000013100	1	10.0	Subtelomeric/Variable
705	PfSN01_000013400	SN01	PfSN01_00_4	878	1156	hypothetical protein	PfSN01_000013400	1	PfSN01_000013400	1	100.0	Subtelomeric/Variable
706	PfSN01_000013600	SN01	PfSN01_00_4	1826	2536	N-terminal segments of PfEMP1/Duffy binding domain containing protein, putative	PfSN01_000013600	1	PfSN01_000013600	1	100.0	Subtelomeric/Variable
707	PfSN01_000013700	SN01	PfSN01_00_4	6594	7771	rifin	PfDd2_010019300	6	PfDd2_010019300, Pf7G8_010005700, PfKE01_010005100, Pf7G8-2_000035600, PfCD01_050039300, PfSN01_000013700	1	16.666666666666664	Subtelomeric/Variable
708	PfSN01_000013800	SN01	PfSN01_00_4	9642	10875	rifin	PfSN01_000013800	1	PfSN01_000013800	1	100.0	Subtelomeric/Variable
709	PfSN01_000014000	SN01	PfSN01_00_4	15582	16840	rifin	PfGA01_010019300	6	PfHB3_010019000, PfKH01_010020200, PfGA01_010019300, PfGN01_010019200, PfSN01_000014000, PfNF166_000019500	4	66.66666666666666	Subtelomeric/Variable
710	PfSN01_000015500	SN01	PfSN01_00_5	36202	45948	erythrocyte membrane protein 1, PfEMP1	Pf7G8-2_000552900	5	Pf7G8_140084600, PfKE01_050037800, Pf7G8-2_000552900, PfGA01_000007700, PfSN01_000015500	2	40.0	Subtelomeric/Variable
711	PfSN01_000019600	SN01	PfSN01_00_8	86976	93738	surface-associated interspersed protein (SURFIN)	PfGA01_130007400	7	PfHB3_130007700, PfIT_130006700, PfKH02_000009900, PfGA01_130007400, PfGN01_130008100, PfSN01_000019600, PfNF166_130007200	7	100.0	Core
712	PfSN01_000020700	SN01	PfSN01_00_9	19330	26788	erythrocyte membrane protein 1, PfEMP1	PfSN01_000020700	1	PfSN01_000020700	1	100.0	Subtelomeric/Variable
713	PfSN01_000020900	SN01	PfSN01_00_9	32130	45177	erythrocyte membrane protein 1, PfEMP1	PfHB3_130080100	3	PfHB3_130080100, PfSN01_000020900, PfNF166_000006800	3	100.0	Subtelomeric/Variable
714	PfSN01_010017800	SN01	PfSN01_01	498027	499357	rifin	Pf7G8-2_000216400:pseudogene	6	Pf7G8_080005800, PfIT_000012000, PfKH02_080006100, Pf7G8-2_000216400:pseudogene, PfCD01_080005700, PfSN01_010017800	3	50.0	Subtelomeric/Variable
715	PfSN01_010018400	SN01	PfSN01_01	513102	520237	erythrocyte membrane protein 1, PfEMP1	PfSN01_010018400	1	PfSN01_010018400	1	100.0	Subtelomeric/Variable
716	PfSN01_030031500	SN01	PfSN01_03	1031363	1038746	erythrocyte membrane protein 1, PfEMP1	PfSN01_030031500	1	PfSN01_030031500	1	100.0	Subtelomeric/Variable
717	PfSN01_040005200	SN01	PfSN01_04	23250	30833	erythrocyte membrane protein 1, PfEMP1	PfSN01_040005200	1	PfSN01_040005200	1	100.0	Subtelomeric/Variable
718	PfSN01_040005400	SN01	PfSN01_04	36187	44780	erythrocyte membrane protein 1, PfEMP1	PfCD01_120058300	3	PfCD01_120058300, PfSN01_040005400, PfNF166_120007600:pseudogene	1	33.33333333333333	Subtelomeric/Variable
719	PfSN01_040006000	SN01	PfSN01_04	63644	64627	rifin	PfCD01_040005900	3	PfGB4_040006400, PfCD01_040005900, PfSN01_040006000	3	100.0	Subtelomeric/Variable
720	PfSN01_040006100	SN01	PfSN01_04	66931	67896	rifin	PfDd2_040006300	7	PfDd2_040006300, PfHB3_040005200, PfKE01_040007700, PfGB4_140006800, PfGN01_040006300, PfCD01_040006000, PfSN01_040006100	1	14.285714285714285	Subtelomeric/Variable
721	PfSN01_040017700	SN01	PfSN01_04	541448	551390	erythrocyte membrane protein 1, PfEMP1	PfSN01_040017700	1	PfSN01_040017700	1	100.0	Subtelomeric/Variable
722	PfSN01_040025500	SN01	PfSN01_04	896878	905674	erythrocyte membrane protein 1, PfEMP1	PfSN01_040025500	1	PfSN01_040025500	1	100.0	Core
723	PfSN01_040025900	SN01	PfSN01_04	920091	928788	erythrocyte membrane protein 1, PfEMP1	PfSN01_040025900	1	PfSN01_040025900	1	100.0	Core
724	PfSN01_040030100	SN01	PfSN01_04	1098297	1098895	hypothetical protein	PfDd2_040030400	7	PfDd2_040030400, PfHB3_120058300, PfIT_040030000, PfKH02_040030900, PfGB4_040030200, PfSN01_040030100, PfNF166_040031100	7	100.0	Subtelomeric/Variable
725	PfSN01_040030300	SN01	PfSN01_04	1103739	1104873	rifin	PfGB4_040030400	2	PfGB4_040030400, PfSN01_040030300	2	100.0	Subtelomeric/Variable
726	PfSN01_050005000	SN01	PfSN01_05	1	2516	erythrocyte membrane protein 1, PfEMP1	PfSN01_050005000	1	PfSN01_050005000	1	100.0	Subtelomeric/Variable
727	PfSN01_050005100	SN01	PfSN01_05	5160	6346	rifin	PfSN01_050005100	1	PfSN01_050005100	1	100.0	Subtelomeric/Variable
728	PfSN01_050005200	SN01	PfSN01_05	8186	9325	rifin	PfSN01_050005200	1	PfSN01_050005200	1	100.0	Subtelomeric/Variable
729	PfSN01_050005300	SN01	PfSN01_05	11273	12371	rifin	PfSN01_050005300	1	PfSN01_050005300	1	100.0	Subtelomeric/Variable
730	PfSN01_050005400	SN01	PfSN01_05	14314	22901	erythrocyte membrane protein 1, PfEMP1	PfSN01_050005400	1	PfSN01_050005400	1	100.0	Subtelomeric/Variable
731	PfSN01_050005500	SN01	PfSN01_05	25594	26774	rifin	PfSN01_050005500	1	PfSN01_050005500	1	100.0	Subtelomeric/Variable
732	PfSN01_050005600	SN01	PfSN01_05	28616	29755	rifin	PfSN01_050005600	1	PfSN01_050005600	1	100.0	Subtelomeric/Variable
733	PfSN01_050005700	SN01	PfSN01_05	31703	32882	rifin	PfSN01_050005700	1	PfSN01_050005700	1	100.0	Subtelomeric/Variable
734	PfSN01_050037800	SN01	PfSN01_05	1362501	1374738	erythrocyte membrane protein 1, PfEMP1	PfSN01_050037800	1	PfSN01_050037800	1	100.0	Subtelomeric/Variable
735	PfSN01_060005100	SN01	PfSN01_06	3519	12352	erythrocyte membrane protein 1, PfEMP1	PfGA01_100045500	3	PfGB4_030030800, PfGA01_100045500, PfSN01_060005100	2	66.66666666666666	Subtelomeric/Variable
736	PfSN01_060005300	SN01	PfSN01_06	17729	18863	acidic terminal segments, variant surface antigen of PfEMP1, putative	PfSN01_060005300	1	PfSN01_060005300	1	100.0	Subtelomeric/Variable
737	PfSN01_060037800	SN01	PfSN01_06	1336287	1347003	erythrocyte membrane protein 1, PfEMP1	PfKH02_060005800	2	PfKH02_060005800, PfSN01_060037800	2	100.0	Subtelomeric/Variable
738	PfSN01_070005700	SN01	PfSN01_07	40938	50721	erythrocyte membrane protein 1, PfEMP1	PfSN01_070005700	1	PfSN01_070005700	1	100.0	Subtelomeric/Variable
739	PfSN01_070005800	SN01	PfSN01_07	52563	53814	rifin	PfSN01_070005800	1	PfSN01_070005800	1	100.0	Subtelomeric/Variable
740	PfSN01_070016700	SN01	PfSN01_07	522295	527648	erythrocyte membrane protein 1, PfEMP1	PfCD01_120045100	2	PfCD01_120045100, PfSN01_070016700	2	100.0	Subtelomeric/Variable
741	PfSN01_070017500	SN01	PfSN01_07	571379	578969	erythrocyte membrane protein 1, PfEMP1	PfGA01_070015900	4	PfKE01_070016000, PfKH01_080013500, PfGA01_070015900, PfSN01_070017500	2	50.0	Core
742	PfSN01_070036300	SN01	PfSN01_07	1373078	1374310	rifin	Pf7G8-2_000049300	9	Pf7G8_020005900, Pf7G8-2_000049300, PfGB4_040030500, PfKH01_020006500, PfGA01_000006100, PfGN01_020006600, PfCD01_020026800, PfSN01_070036300, PfNF166_020006200, PfNF166_020006400	4	44.44444444444444	Subtelomeric/Variable
743	PfSN01_080037400	SN01	PfSN01_08	1370201	1381343	erythrocyte membrane protein 1, PfEMP1	PfSN01_080037400	1	PfSN01_080037400	1	100.0	Subtelomeric/Variable
744	PfSN01_090005700	SN01	PfSN01_09	47130	58902	erythrocyte membrane protein 1, PfEMP1	PfDd2_070005500	3	PfDd2_070005500, PfGB4_040031300, PfSN01_090005700	3	100.0	Subtelomeric/Variable
745	PfSN01_100040500	SN01	PfSN01_10	1401428	1402732	S-antigen protein, putative	PfSN01_100040500	1	PfSN01_100040500	1	100.0	Core
746	PfSN01_100045100	SN01	PfSN01_10	1616389	1617480	rifin	PfSN01_100045100	1	PfSN01_100045100	1	100.0	Subtelomeric/Variable
747	PfSN01_110052800	SN01	PfSN01_11	1932837	1945505	erythrocyte membrane protein 1, PfEMP1	PfSN01_110052800	1	PfSN01_110052800	1	100.0	Subtelomeric/Variable
748	PfSN01_120005700	SN01	PfSN01_12	27850	36569	erythrocyte membrane protein 1, PfEMP1	PfKH01_130076800	2	PfKH01_130076800, PfSN01_120005700	1	50.0	Subtelomeric/Variable
749	PfSN01_120005800	SN01	PfSN01_12	38587	46990	erythrocyte membrane protein 1, PfEMP1	PfSN01_120005800	1	PfSN01_120005800	1	100.0	Subtelomeric/Variable
750	PfSN01_120006400	SN01	PfSN01_12	69007	79026	erythrocyte membrane protein 1, PfEMP1	PfSN01_120006400	1	PfSN01_120006400	1	100.0	Subtelomeric/Variable
751	PfSN01_120045800	SN01	PfSN01_12	1749614	1759322	erythrocyte membrane protein 1, PfEMP1	PfKH01_120046800	2	PfKH01_120046800, PfSN01_120045800	2	100.0	Subtelomeric/Variable
752	PfSN01_120058900	SN01	PfSN01_12	2226471	2227448	Plasmodium RESA N-terminal, putative	Pf7G8_120059150	10	Pf7G8_120059150, PfHB3_120058250, PfIT_120058800, PfKH02_120058150, PfKE01_120058900, PfGB4_120058800, PfKH01_120059550, PfGA01_120058900, PfGN01_120059700, PfSN01_120058900	9	90.0	Core
753	PfSN01_120060500	SN01	PfSN01_12	2273797	2284474	erythrocyte membrane protein 1, PfEMP1	PfSN01_120060500	1	PfSN01_120060500	1	100.0	Subtelomeric/Variable
754	PfSN01_130005000	SN01	PfSN01_13	1888	2943	hypothetical protein	PfDd2_130007800	11	PfDd2_130007800, Pf7G8_130006400, PfHB3_130008300, PfIT_130007200, PfKE01_130007600, PfGB4_130007900, PfKH01_130006200, PfGA01_130008000, PfGN01_130008700, PfCD01_130007500, PfSN01_130005000	11	100.0	Subtelomeric/Variable
755	PfSN01_130066900	SN01	PfSN01_13	2448476	2448982	hypothetical protein	PfDd2_130069700	15	PfDd2_130069700, Pf7G8_130068400, PfHB3_130070300, PfIT_130069200, PfKH02_130066800, PfKE01_130069500, Pf7G8-2_000466300, PfGB4_130069800, PfKH01_130067900, PfGA01_130070000, PfGN01_130070600, PfCD01_130069500, PfSN01_130066900, PfNF166_130068800, PfNF54_130068500	15	100.0	Core
756	PfSN01_130075300	SN01	PfSN01_13	2750909	2762911	erythrocyte membrane protein 1, PfEMP1	PfCD01_040005300	3	PfKH01_050005600, PfCD01_040005300, PfSN01_130075300	2	66.66666666666666	Subtelomeric/Variable
757	PfSN01_140006100	SN01	PfSN01_14	58877	68645	erythrocyte membrane protein 1, PfEMP1	PfSN01_140006100	1	PfSN01_140006100	1	100.0	Subtelomeric/Variable
758	PfSN01_140006900	SN01	PfSN01_14	94790	95590	hypothetical protein	Pf7G8_100043800	4	Pf7G8_100043800, PfHB3_100043700, PfGA01_040030200, PfSN01_140006900	4	100.0	Subtelomeric/Variable
759	PfSN01_140086100	SN01	PfSN01_14	3375702	3378879	ring-infected erythrocyte surface antigen	PfSN01_140086100	1	PfSN01_140086100	1	100.0	Subtelomeric/Variable
760	PfSN01_140086200	SN01	PfSN01_14	3381854	3382613	hypothetical protein	PfSN01_140086200	1	PfSN01_140086200	1	100.0	Subtelomeric/Variable
761	PfSN01_140086400	SN01	PfSN01_14	3386256	3387317	rifin	PfSN01_140086400	1	PfSN01_140086400	1	100.0	Subtelomeric/Variable
762	PfSN01_140086900	SN01	PfSN01_14	3401238	3402519	rifin	PfSN01_140086900	1	PfSN01_140086900	1	100.0	Subtelomeric/Variable
763	PfSN01_140087400	SN01	PfSN01_14	3416255	3417431	rifin	PfSN01_140087400	1	PfSN01_140087400	1	100.0	Subtelomeric/Variable
764	PfSN01_140087900	SN01	PfSN01_14	3435641	3436899	rifin	PfCD01_030005800	4	PfHB3_030028900, PfGA01_030006500, PfCD01_030005800, PfSN01_140087900	2	50.0	Subtelomeric/Variable
765	PfSN01_140088200	SN01	PfSN01_14	3446267	3447538	rifin	PfSN01_140088200	1	PfSN01_140088200	1	100.0	Subtelomeric/Variable
