PF3D7_0100100|NTS|1|1|67	QG0202-C.g200	82.759	58	8	1	12	67	5	62	8.33e-23	91.7
PF3D7_0100100|NTS|1|1|67	PA0137-C.g400	79.310	58	12	0	10	67	5	62	2.04e-22	90.5
PF3D7_0100100|NTS|1|1|67	PC0058-C.g572	90.196	51	5	0	17	67	12	62	2.55e-22	90.1
PF3D7_0100100|NTS|1|1|67	PA0041-C.g671	79.310	58	12	0	10	67	5	62	3.50e-22	89.7
PF3D7_0100100|NTS|1|1|67	PD0510-C.g382	78.846	52	11	0	16	67	19	70	1.62e-20	85.1
PF3D7_0100100|DBLa|1|68|496	PC0058-C.g572	90.993	433	30	4	1	429	63	490	0.0	804
PF3D7_0100100|DBLa|1|68|496	PC0058-C.g572	26.488	336	179	12	130	429	1073	1376	3.92e-18	89.7
PF3D7_0100100|DBLa|1|68|496	PA0041-C.g671	74.487	439	89	10	1	429	63	488	0.0	635
PF3D7_0100100|DBLa|1|68|496	PA0041-C.g671	34.440	241	109	11	64	288	888	1095	7.19e-25	110
PF3D7_0100100|DBLa|1|68|496	PA0137-C.g400	74.773	440	86	11	1	429	63	488	0.0	634
PF3D7_0100100|DBLa|1|68|496	PA0137-C.g400	34.440	241	109	11	64	288	888	1095	6.42e-25	110
PF3D7_0100100|DBLa|1|68|496	PA0137-C.g400	34.000	100	62	2	246	344	1636	1732	5.10e-08	57.8
PF3D7_0100100|DBLa|1|68|496	QG0202-C.g200	76.190	441	81	11	1	429	63	491	0.0	631
PF3D7_0100100|DBLa|1|68|496	QG0202-C.g200	31.225	253	148	6	47	290	1708	1943	5.93e-27	116
PF3D7_0100100|DBLa|1|68|496	QG0202-C.g200	26.766	269	144	10	199	429	1071	1324	1.18e-12	72.8
PF3D7_0100100|DBLa|1|68|496	QG0202-C.g200	26.009	223	115	8	51	273	2098	2270	2.41e-10	65.5
PF3D7_0100100|DBLa|1|68|496	PF0507-C.g500	73.394	436	94	11	1	429	69	489	0.0	620
PF3D7_0100100|CIDRa|1|497|760	PC0058-C.g572	89.394	264	26	2	1	262	491	754	2.28e-160	489
PF3D7_0100100|CIDRa|1|497|760	PV0155-C.g19	73.993	273	62	5	1	264	484	756	6.47e-131	400
PF3D7_0100100|CIDRa|1|497|760	PV0023-C.g52	73.993	273	62	5	1	264	954	1226	5.91e-127	399
PF3D7_0100100|CIDRa|1|497|760	PV0023-C.g52	73.292	161	35	4	1	153	700	860	2.04e-70	237
PF3D7_0100100|CIDRa|1|497|760	PM0062-C.g533	73.897	272	62	5	1	263	494	765	2.40e-126	395
PF3D7_0100100|CIDRa|1|497|760	PV0147-C.g86	73.529	272	63	5	1	263	488	759	4.07e-126	395
PF3D7_0100100|DBLd|1|856|1363	PM0087-C.g463	55.659	539	164	17	1	508	787	1281	1.23e-149	468
PF3D7_0100100|DBLd|1|856|1363	QG0260-C.g192	50.912	548	204	21	1	508	210	732	1.60e-144	444
PF3D7_0100100|DBLd|1|856|1363	SenT058.11.g458	47.016	553	206	13	1	508	191	701	5.60e-140	432
PF3D7_0100100|DBLd|1|856|1363	PT0098-C.g34	47.568	555	222	17	1	508	101	633	6.20e-139	428
PF3D7_0100100|DBLd|1|856|1363	SenT114.09.g799	49.614	518	216	15	1	508	838	1320	1.88e-138	437
PF3D7_0100100|DBLd|1|856|1363	SenT114.09.g799	24.496	347	191	14	186	508	178	477	5.28e-12	71.2
PF3D7_0100100|CIDRb|1|1364|1614	SenT224.08.g371	99.203	251	2	0	1	251	1418	1668	8.49e-170	514
PF3D7_0100100|CIDRb|1|1364|1614	PM0087-C.g463	99.587	242	1	0	1	242	1282	1523	4.08e-164	495
PF3D7_0100100|CIDRb|1|1364|1614	PA0209-C.g1401	68.992	258	67	6	1	251	1360	1611	6.61e-105	335
PF3D7_0100100|CIDRb|1|1364|1614	PF0037-C.g256	67.729	251	69	6	1	247	2194	2436	1.49e-103	331
PF3D7_0100100|CIDRb|1|1364|1614	SenV092.05.g366	67.704	257	67	6	1	250	2162	2409	8.60e-101	323
PF3D7_0100100|ATS|1|1732|2163	PV0028-C.g43	81.279	438	75	5	1	432	1843	2279	0.0	707
PF3D7_0100100|ATS|1|1732|2163	PF0489-C.g691	78.685	441	77	6	1	427	1767	2204	0.0	688
PF3D7_0100100|ATS|1|1732|2163	PFKE07.g1065	78.440	436	77	5	2	432	1645	2068	0.0	683
PF3D7_0100100|ATS|1|1732|2163	PFKE07.g667	75.610	451	90	6	1	432	2365	2814	0.0	667
PF3D7_0100100|ATS|1|1732|2163	PC0122-C.g20	75.515	437	99	6	2	432	2347	2781	0.0	653
PF3D7_0115700|NTS|1|1|63	QE0437-C.g1000	90.741	54	5	0	10	63	18	71	1.21e-25	99.4
PF3D7_0115700|NTS|1|1|63	PT0141-C.g11	69.231	65	17	2	1	63	4	67	4.80e-20	83.6
PF3D7_0115700|NTS|1|1|63	PT0261-Cx.g976	69.231	65	17	2	1	63	4	67	4.89e-20	83.6
PF3D7_0115700|NTS|1|1|63	QG0271-C.g656	70.000	60	17	1	4	63	8	66	1.04e-19	82.4
PF3D7_0115700|NTS|1|1|63	QG0269-C.g459	70.000	60	17	1	4	63	8	66	1.04e-19	82.4
PF3D7_0115700|DBLa|1|64|497	QE0437-C.g1000	91.648	443	26	3	1	434	72	512	0.0	805
PF3D7_0115700|DBLa|1|64|497	QE0437-C.g1000	28.351	194	107	5	241	434	1202	1363	4.06e-08	58.2
PF3D7_0115700|DBLa|1|64|497	PA0040-C.g169	83.333	438	67	3	1	434	75	510	0.0	702
PF3D7_0115700|DBLa|1|64|497	PA0040-C.g169	26.752	314	171	9	38	329	2194	2470	3.86e-19	92.8
PF3D7_0115700|DBLa|1|64|497	PA0040-C.g169	28.216	241	127	12	38	257	912	1127	1.81e-12	72.0
PF3D7_0115700|DBLa|1|64|497	PA0040-C.g169	23.077	351	198	13	115	434	1524	1833	3.53e-09	61.6
PF3D7_0115700|DBLa|1|64|497	PC0056-C.g355	66.136	440	134	8	1	434	65	495	0.0	559
PF3D7_0115700|DBLa|1|64|497	PC0056-C.g355	26.724	232	137	6	123	332	1061	1281	1.60e-13	75.5
PF3D7_0115700|DBLa|1|64|497	PT0109-C.g578	67.841	454	110	14	1	434	68	505	0.0	555
PF3D7_0115700|DBLa|1|64|497	PT0109-C.g578	33.645	107	71	0	238	344	1238	1344	1.57e-09	62.8
PF3D7_0115700|DBLa|1|64|497	QE0414-C.g614	64.653	447	129	11	1	434	61	491	1.06e-180	551
PF3D7_0115700|DBLa|1|64|497	QE0414-C.g614	23.333	390	198	14	98	434	1021	1362	1.36e-11	69.3
PF3D7_0115700|CIDRa|1|498|789	PF0288-C.g381	92.833	293	20	1	1	292	501	793	0.0	562
PF3D7_0115700|CIDRa|1|498|789	PF0288-C.g381	36.842	76	46	1	112	187	1562	1635	7.71e-09	58.9
PF3D7_0115700|CIDRa|1|498|789	QG0287-C.g636	77.258	299	57	5	1	291	489	784	4.32e-147	454
PF3D7_0115700|CIDRa|1|498|789	PM0153-C.g1098	76.271	295	54	7	1	288	509	794	6.62e-141	432
PF3D7_0115700|CIDRa|1|498|789	SenT231.08.g359	76.271	295	54	7	1	288	246	531	1.27e-139	431
PF3D7_0115700|CIDRa|1|498|789	SenT105.07.g327	75.932	295	55	7	1	288	513	798	9.01e-137	426
PF3D7_0115700|DBLd|1|895|1372	QE0444-C.g660	51.418	529	186	17	1	478	871	1379	1.84e-145	458
PF3D7_0115700|DBLd|1|895|1372	QE0444-C.g660	28.517	263	131	10	172	412	181	408	5.40e-16	83.6
PF3D7_0115700|DBLd|1|895|1372	PD0503-C.g719	53.092	469	175	10	17	478	817	1247	3.04e-138	437
PF3D7_0115700|DBLd|1|895|1372	PD0503-C.g719	22.335	394	217	10	76	444	114	443	4.49e-13	74.3
PF3D7_0115700|DBLd|1|895|1372	QG0228-C.g3192	48.837	516	192	16	1	478	866	1347	4.84e-137	434
PF3D7_0115700|DBLd|1|895|1372	QG0228-C.g3192	22.970	431	242	12	75	478	118	485	4.87e-16	83.6
PF3D7_0115700|DBLd|1|895|1372	QG0228-C.g231	49.598	498	190	17	1	478	195	651	6.79e-134	414
PF3D7_0115700|DBLd|1|895|1372	SenT085.10.g367	48.327	538	203	18	1	478	818	1340	1.22e-133	424
PF3D7_0115700|DBLd|1|895|1372	SenT085.10.g367	28.105	306	152	12	172	444	189	459	3.98e-17	87.0
PF3D7_0115700|CIDRb|1|1373|1636	QG0202-C.g182	69.288	267	73	3	1	264	2504	2764	7.86e-115	364
PF3D7_0115700|CIDRb|1|1373|1636	PM0103-C.g524	67.669	266	78	4	1	264	1417	1676	8.79e-109	347
PF3D7_0115700|CIDRb|1|1373|1636	PV0020-C.g21	65.038	266	91	2	1	264	1412	1677	2.19e-104	334
PF3D7_0115700|CIDRb|1|1373|1636	PD0497-C.g653	66.415	265	80	4	1	264	1419	1675	4.80e-104	333
PF3D7_0115700|CIDRb|1|1373|1636	PD0474-C.g859	66.415	265	80	4	1	264	1419	1675	4.80e-104	333
PF3D7_0115700|ATS|1|1750|2203	PV0028-C.g50	84.516	465	52	6	1	454	2600	3055	0.0	755
PF3D7_0115700|ATS|1|1750|2203	PA0245-C.g998	77.521	476	67	4	1	454	1706	2163	0.0	713
PF3D7_0115700|ATS|1|1750|2203	PA0245-C.g391	79.310	464	58	3	1	454	2512	2947	0.0	713
PF3D7_0115700|ATS|1|1750|2203	PFKE01.g19	81.562	461	56	5	1	454	1733	2171	0.0	708
PF3D7_0115700|ATS|1|1750|2203	PV0139-C.g46	83.077	455	51	5	2	454	2379	2809	0.0	701
PF3D7_0200100|NTS|1|1|64	SenT143.09.g1445	93.750	64	4	0	1	64	1	64	4.16e-35	126
PF3D7_0200100|NTS|1|1|64	PM0020-C.g1555	95.312	64	3	0	1	64	1	64	4.41e-35	126
PF3D7_0200100|NTS|1|1|64	PT0066-C.g710	95.312	64	3	0	1	64	1	64	5.11e-35	126
PF3D7_0200100|NTS|1|1|64	PA0211-C.g863	95.312	64	3	0	1	64	1	64	5.26e-35	126
PF3D7_0200100|NTS|1|1|64	PT0184-C.g433	95.312	64	3	0	1	64	1	64	5.91e-35	125
PF3D7_0200100|DBLa|1|65|484	PF0692-C.g763	84.834	422	54	7	1	420	65	478	0.0	728
PF3D7_0200100|DBLa|1|65|484	PF0692-C.g763	26.071	280	130	12	118	339	1050	1310	8.38e-13	73.2
PF3D7_0200100|DBLa|1|65|484	PV0265-C.g20	86.429	420	50	5	1	420	66	478	0.0	709
PF3D7_0200100|DBLa|1|65|484	PV0265-C.g20	28.261	184	119	4	239	420	1175	1347	2.95e-15	80.5
PF3D7_0200100|DBLa|1|65|484	PD0565-C.g722	86.429	420	50	5	1	420	66	478	0.0	708
PF3D7_0200100|DBLa|1|65|484	PD0565-C.g722	24.719	267	147	7	191	420	1021	1270	2.04e-14	78.2
PF3D7_0200100|DBLa|1|65|484	PD0562-C.g527	86.429	420	50	5	1	420	66	478	0.0	708
PF3D7_0200100|DBLa|1|65|484	PD0562-C.g527	24.719	267	147	7	191	420	1021	1270	2.04e-14	78.2
PF3D7_0200100|DBLa|1|65|484	PD0515-C.g922	86.429	420	50	5	1	420	66	478	0.0	708
PF3D7_0200100|DBLa|1|65|484	PD0515-C.g922	24.719	267	147	7	191	420	1021	1270	2.04e-14	78.2
PF3D7_0200100|CIDRa|1|485|742	PV0160-C.g50	97.674	258	6	0	1	258	479	736	6.76e-171	515
PF3D7_0200100|CIDRa|1|485|742	PV0265-C.g20	97.674	258	6	0	1	258	479	736	8.76e-171	516
PF3D7_0200100|CIDRa|1|485|742	PD0565-C.g722	97.674	258	6	0	1	258	479	736	4.11e-170	513
PF3D7_0200100|CIDRa|1|485|742	PD0562-C.g527	97.674	258	6	0	1	258	479	736	4.11e-170	513
PF3D7_0200100|CIDRa|1|485|742	PD0515-C.g922	97.674	258	6	0	1	258	479	736	4.11e-170	513
PF3D7_0200100|DBLg|1|827|1201	QG0187-C.g892	95.745	376	15	1	1	375	587	962	0.0	749
PF3D7_0200100|DBLg|1|827|1201	PA0041-C.g679	95.745	376	15	1	1	375	857	1232	0.0	746
PF3D7_0200100|DBLg|1|827|1201	SenT113.09.g954	95.213	376	16	2	1	375	824	1198	0.0	711
PF3D7_0200100|DBLg|1|827|1201	QG0276-C.g749	90.186	377	34	3	1	375	1253	1628	0.0	674
PF3D7_0200100|DBLg|1|827|1201	QG0276-C.g749	22.006	309	180	11	48	328	881	1156	5.39e-09	60.5
PF3D7_0200100|DBLg|1|827|1201	QG0276-C.g749	21.687	332	192	11	37	326	114	419	4.89e-08	57.4
PF3D7_0200100|DBLg|1|827|1201	PA0158-C.g834	90.186	377	34	3	1	375	1253	1628	0.0	674
PF3D7_0200100|DBLg|1|827|1201	PA0158-C.g834	21.498	307	184	11	48	328	881	1156	1.02e-08	59.7
PF3D7_0200100|DBLg|1|827|1201	PA0158-C.g834	21.687	332	192	11	37	326	114	419	4.37e-08	57.8
PF3D7_0200100|ATS|1|1249|1711	PT0170-C.g672	81.395	473	63	6	1	463	1768	2225	0.0	740
PF3D7_0200100|ATS|1|1249|1711	PC0097-C.g664	75.833	480	67	6	1	463	2364	2811	0.0	694
PF3D7_0200100|ATS|1|1249|1711	PV0239-C.g10	72.619	504	91	7	1	463	3361	3858	0.0	691
PF3D7_0200100|ATS|1|1249|1711	PV0028-C.g43	74.627	469	81	7	1	463	1843	2279	0.0	678
PF3D7_0200100|ATS|1|1249|1711	PV0211-C.g122	74.134	491	96	8	1	463	891	1378	0.0	674
PF3D7_0223500|NTS|1|1|60	PF0119-C.g522	100.000	60	0	0	1	60	1	60	2.44e-34	124
PF3D7_0223500|NTS|1|1|60	PM0041-C.g911	100.000	60	0	0	1	60	1	60	2.85e-34	124
PF3D7_0223500|NTS|1|1|60	PC0053-C.g472	91.228	57	5	0	4	60	8	64	3.69e-26	100
PF3D7_0223500|NTS|1|1|60	QG0291-C.g3353	89.362	47	5	0	10	56	14	60	2.04e-20	84.3
PF3D7_0223500|NTS|1|1|60	PA0187-C.g712	83.673	49	7	1	11	59	9	56	3.25e-20	84.0
PF3D7_0223500|DBLa|1|61|507	PF0119-C.g522	87.973	449	50	2	1	447	61	507	0.0	796
PF3D7_0223500|DBLa|1|61|507	PF0119-C.g522	23.414	457	247	12	61	447	968	1391	2.98e-19	93.6
PF3D7_0223500|DBLa|1|61|507	PM0041-C.g911	86.667	450	55	3	1	447	61	508	0.0	782
PF3D7_0223500|DBLa|1|61|507	PM0041-C.g911	28.684	380	184	17	107	447	1040	1371	5.61e-21	98.6
PF3D7_0223500|DBLa|1|61|507	PM0129-C.g1750	78.509	456	71	6	1	447	65	502	0.0	697
PF3D7_0223500|DBLa|1|61|507	PM0129-C.g1750	23.833	407	222	13	97	447	1077	1451	1.07e-17	88.6
PF3D7_0223500|DBLa|1|61|507	PA0173-C.g721	74.833	449	95	8	1	447	61	493	0.0	605
PF3D7_0223500|DBLa|1|61|507	PA0173-C.g721	27.225	382	199	13	101	447	1081	1418	1.07e-19	94.7
PF3D7_0223500|DBLa|1|61|507	PV0285-C.g125	66.958	457	116	9	1	447	69	500	0.0	589
PF3D7_0223500|CIDRa|1|508|826	PC0061-C.g1309	70.846	319	85	5	1	319	188	498	3.65e-124	389
PF3D7_0223500|CIDRa|1|508|826	PT0158-C.g677	59.459	333	105	8	1	317	482	800	4.83e-109	350
PF3D7_0223500|CIDRa|1|508|826	PT0158-C.g677	33.696	92	60	1	152	242	1518	1609	1.44e-09	61.6
PF3D7_0223500|CIDRa|1|508|826	PF0133-C.g355	61.801	322	105	7	1	319	517	823	7.38e-108	347
PF3D7_0223500|CIDRa|1|508|826	PT0262-C.g608	61.059	321	101	5	1	319	480	778	8.00e-108	347
PF3D7_0223500|CIDRa|1|508|826	PF0489-C.g626	64.537	313	104	4	1	311	483	790	2.39e-107	345
PF3D7_0223500|DBLd|1|914|1414	PT0226-Cx.g568	51.184	549	185	19	1	501	914	1427	6.83e-149	468
PF3D7_0223500|DBLd|1|914|1414	PT0226-Cx.g568	31.000	100	65	1	337	432	317	416	6.53e-08	58.2
PF3D7_0223500|DBLd|1|914|1414	PA0030-C.g59	50.459	545	203	16	1	501	480	1001	1.64e-148	461
PF3D7_0223500|DBLd|1|914|1414	PH0604-C.g706	49.721	537	225	14	1	501	816	1343	4.19e-145	457
PF3D7_0223500|DBLd|1|914|1414	PH0604-C.g706	25.074	339	185	12	196	501	183	485	2.28e-12	72.4
PF3D7_0223500|DBLd|1|914|1414	PH0585-C.g644	49.721	537	225	14	1	501	816	1343	4.19e-145	457
PF3D7_0223500|DBLd|1|914|1414	PH0585-C.g644	25.074	339	185	12	196	501	183	485	2.28e-12	72.4
PF3D7_0223500|DBLd|1|914|1414	PA0161-C.g45	48.776	531	230	15	1	501	2094	2612	6.22e-145	462
PF3D7_0223500|DBLd|1|914|1414	PA0161-C.g45	28.079	406	146	15	27	429	1246	1508	6.06e-31	130
PF3D7_0223500|DBLd|1|914|1414	PA0161-C.g45	33.898	177	84	6	343	501	300	461	1.06e-15	83.2
PF3D7_0223500|CIDRb|1|1415|1667	QE0461-C.g303	61.328	256	94	2	1	253	2196	2449	1.46e-96	311
PF3D7_0223500|CIDRb|1|1415|1667	QE0438-C.g233	61.328	256	94	2	1	253	2196	2449	1.46e-96	311
PF3D7_0223500|CIDRb|1|1415|1667	QG0269-C.g689	65.000	260	81	4	1	253	1319	1575	1.61e-96	311
PF3D7_0223500|CIDRb|1|1415|1667	PV0023-C.g14	61.328	256	94	2	1	253	2587	2840	1.64e-96	311
PF3D7_0223500|CIDRb|1|1415|1667	PA0052-C.g61	60.079	253	98	2	1	253	1306	1555	2.75e-92	299
PF3D7_0223500|ATS|1|1749|2177	PA0245-C.g391	85.421	439	51	4	1	429	2512	2947	0.0	742
PF3D7_0223500|ATS|1|1749|2177	PC0113-C.g949	85.360	444	49	3	1	429	1702	2144	0.0	729
PF3D7_0223500|ATS|1|1749|2177	PD0590-C.g13	78.004	491	42	8	1	429	818	1304	0.0	715
PF3D7_0223500|ATS|1|1749|2177	PC0097-C.g664	82.781	453	49	8	1	429	2364	2811	0.0	713
PF3D7_0223500|ATS|1|1749|2177	PA0270-C.g443	79.956	459	58	8	1	429	2185	2639	0.0	697
PF3D7_0300100|NTS|1|1|67	PM0098-C.g1101	100.000	67	0	0	1	67	1	67	5.09e-40	140
PF3D7_0300100|NTS|1|1|67	PM0062-C.g251	81.818	66	12	0	1	66	1	66	1.41e-28	107
PF3D7_0300100|NTS|1|1|67	QG0258-C.g643	76.562	64	15	0	1	64	1	64	5.71e-27	103
PF3D7_0300100|NTS|1|1|67	PA0089-C.g361	76.562	64	15	0	1	64	1	64	6.94e-27	103
PF3D7_0300100|NTS|1|1|67	PT0102-C.g1039	89.091	55	6	0	13	67	10	64	1.14e-26	102
PF3D7_0300100|DBLa|1|68|476	PM0098-C.g1101	97.311	409	8	1	1	409	68	473	0.0	832
PF3D7_0300100|DBLa|1|68|476	PM0098-C.g1101	28.125	192	114	5	225	409	1192	1366	1.58e-09	62.4
PF3D7_0300100|DBLa|1|68|476	PA0220-C.g1002	83.173	416	57	7	1	409	65	474	0.0	700
PF3D7_0300100|DBLa|1|68|476	PA0220-C.g1002	26.254	339	179	12	115	409	1029	1340	1.54e-20	96.7
PF3D7_0300100|DBLa|1|68|476	PV0139-C.g12	73.366	413	94	7	1	409	67	467	0.0	613
PF3D7_0300100|DBLa|1|68|476	PV0139-C.g12	35.043	117	72	2	221	335	1134	1248	4.32e-11	67.4
PF3D7_0300100|DBLa|1|68|476	PD0582-C.g703	73.366	413	94	7	1	409	67	467	0.0	612
PF3D7_0300100|DBLa|1|68|476	PD0582-C.g703	35.043	117	72	2	221	335	1141	1255	4.37e-11	67.4
PF3D7_0300100|DBLa|1|68|476	QE0428-C.g643	73.366	413	94	7	1	409	67	467	0.0	612
PF3D7_0300100|DBLa|1|68|476	QE0428-C.g643	35.043	117	72	2	221	335	1134	1248	5.44e-11	67.0
PF3D7_0300100|CIDRa|1|477|729	PM0098-C.g1101	100.000	253	0	0	1	253	474	726	9.35e-173	521
PF3D7_0300100|CIDRa|1|477|729	PA0089-C.g361	95.951	247	10	0	1	247	471	717	5.79e-161	489
PF3D7_0300100|CIDRa|1|477|729	PA0034-C.g113	90.283	247	24	0	1	247	475	721	2.28e-149	462
PF3D7_0300100|CIDRa|1|477|729	PA0034-C.g113	30.508	118	73	1	34	151	1379	1487	5.28e-07	52.8
PF3D7_0300100|CIDRa|1|477|729	PA0220-C.g1002	84.980	253	37	1	1	253	475	726	4.53e-143	435
PF3D7_0300100|CIDRa|1|477|729	QE0475-C.g828	86.235	247	33	1	1	247	475	720	1.78e-132	412
PF3D7_0300100|CIDRa|1|477|729	QE0475-C.g828	29.240	171	101	5	36	200	1353	1509	3.00e-09	59.7
PF3D7_0300100|DBLd|1|840|1353	PA0089-C.g319	53.488	559	161	19	1	514	203	707	3.21e-165	498
PF3D7_0300100|DBLd|1|840|1353	SenT143.09.g1778	55.166	542	161	14	1	514	369	856	2.02e-164	499
PF3D7_0300100|DBLd|1|840|1353	SenT046.11.g591	55.166	542	161	14	1	514	389	876	3.51e-164	499
PF3D7_0300100|DBLd|1|840|1353	PA0195-C.g38	53.488	559	161	19	1	514	513	1017	8.59e-162	497
PF3D7_0300100|DBLd|1|840|1353	QG0296-C.g5608	51.546	582	185	16	1	514	792	1344	4.85e-158	493
PF3D7_0300100|DBLd|1|840|1353	QG0296-C.g5608	29.412	187	113	6	342	514	294	475	8.67e-14	77.0
PF3D7_0300100|CIDRb|1|1354|1613	PF0157-C.g420	82.812	256	42	1	1	256	1725	1978	5.16e-127	399
PF3D7_0300100|CIDRb|1|1354|1613	SenT230.08.g379	65.490	255	82	5	7	260	1394	1643	3.29e-101	325
PF3D7_0300100|CIDRb|1|1354|1613	SenT230.08.g379	29.075	227	137	9	35	250	511	724	9.39e-09	58.2
PF3D7_0300100|CIDRb|1|1354|1613	PA0029-C.g502	62.698	252	91	3	2	252	650	899	1.64e-99	314
PF3D7_0300100|CIDRb|1|1354|1613	PA0173-C.g686	62.835	261	94	2	1	260	1482	1740	1.07e-96	312
PF3D7_0300100|CIDRb|1|1354|1613	PM0051-C.g1249	63.855	249	87	3	2	249	1431	1677	1.13e-96	312
PF3D7_0300100|ATS|1|1754|2209	PV0028-C.g50	78.542	480	55	6	1	456	2600	3055	0.0	707
PF3D7_0300100|ATS|1|1754|2209	PFKE01.g19	81.046	459	64	4	1	456	1733	2171	0.0	684
PF3D7_0300100|ATS|1|1754|2209	PV0139-C.g46	80.482	456	63	4	2	456	2379	2809	0.0	682
PF3D7_0300100|ATS|1|1754|2209	PA0245-C.g998	74.948	483	69	7	1	456	1706	2163	0.0	670
PF3D7_0300100|ATS|1|1754|2209	PC0122-C.g100	80.317	442	59	6	1	439	1987	2403	0.0	668
PF3D7_0324900|NTS|1|1|67	PA0041-C.g633	100.000	67	0	0	1	67	1	67	1.73e-38	136
PF3D7_0324900|NTS|1|1|67	PA0183-C.g602	100.000	67	0	0	1	67	1	67	4.44e-38	135
PF3D7_0324900|NTS|1|1|67	PM0090-C.g655	100.000	67	0	0	1	67	1	67	4.44e-38	135
PF3D7_0324900|NTS|1|1|67	PA0084-C.g950	100.000	67	0	0	1	67	1	67	4.44e-38	135
PF3D7_0324900|NTS|1|1|67	PA0032-C.g503	100.000	67	0	0	1	67	1	67	4.94e-38	134
PF3D7_0324900|DBLa|1|68|484	PT0008-CW.g499	98.561	417	6	0	1	417	68	484	0.0	856
PF3D7_0324900|DBLa|1|68|484	PT0008-CW.g499	25.862	290	158	10	168	417	1070	1342	2.97e-14	77.4
PF3D7_0324900|DBLa|1|68|484	PF0282-C.g462	80.760	421	68	6	1	417	61	472	0.0	676
PF3D7_0324900|DBLa|1|68|484	PF0282-C.g465	80.760	421	68	6	1	417	61	472	0.0	675
PF3D7_0324900|DBLa|1|68|484	PA0185-C.g97	79.384	422	78	6	1	417	68	485	0.0	663
PF3D7_0324900|DBLa|1|68|484	PA0185-C.g97	25.753	299	143	9	44	342	2335	2554	1.89e-17	87.4
PF3D7_0324900|DBLa|1|68|484	PA0185-C.g97	30.159	189	114	6	236	417	1129	1306	4.17e-14	77.0
PF3D7_0324900|DBLa|1|68|484	PA0185-C.g97	22.870	223	116	5	50	272	2012	2178	5.66e-08	57.8
PF3D7_0324900|DBLa|1|68|484	PfKE04.g613	75.650	423	94	6	1	417	65	484	0.0	647
PF3D7_0324900|DBLa|1|68|484	PfKE04.g613	26.394	269	147	9	187	417	998	1253	7.73e-17	85.5
PF3D7_0324900|CIDRa|1|485|736	PT0008-CW.g499	100.000	252	0	0	1	252	485	736	2.12e-173	522
PF3D7_0324900|CIDRa|1|485|736	PT0008-CW.g499	28.834	163	102	5	86	243	1429	1582	2.45e-10	62.8
PF3D7_0324900|CIDRa|1|485|736	PA0008-C.g64	85.714	252	36	0	1	252	485	736	1.65e-144	444
PF3D7_0324900|CIDRa|1|485|736	PA0008-C.g64	24.490	147	105	2	100	243	1430	1573	7.63e-09	58.2
PF3D7_0324900|CIDRa|1|485|736	PA0020-C.g446	86.111	252	33	2	1	252	91	340	3.17e-144	438
PF3D7_0324900|CIDRa|1|485|736	PA0020-C.g433	86.111	252	33	2	1	252	91	340	4.27e-142	434
PF3D7_0324900|CIDRa|1|485|736	QE0401-C.g134	83.730	252	40	1	1	252	459	709	7.36e-141	429
PF3D7_0324900|DBLd|1|828|1359	PF0157-C.g774	66.184	553	155	12	1	532	826	1367	0.0	683
PF3D7_0324900|DBLd|1|828|1359	PF0157-C.g774	27.551	196	115	7	353	532	289	473	5.77e-10	64.7
PF3D7_0324900|DBLd|1|828|1359	PF0157-C.g275	66.184	553	155	12	1	532	1690	2231	0.0	682
PF3D7_0324900|DBLd|1|828|1359	PV0139-C.g123	51.993	552	209	21	1	532	866	1381	1.17e-151	477
PF3D7_0324900|DBLd|1|828|1359	PV0139-C.g123	27.273	220	114	6	350	532	291	501	2.45e-13	75.5
PF3D7_0324900|DBLd|1|828|1359	PM0041-C.g1211	51.885	557	219	26	1	532	201	733	3.77e-149	457
PF3D7_0324900|DBLd|1|828|1359	PM0041-C.g1211	31.193	109	49	2	361	469	20	102	7.10e-09	61.2
PF3D7_0324900|DBLd|1|828|1359	PA0229-C.g879	49.536	539	230	14	1	532	815	1318	5.49e-149	469
PF3D7_0324900|DBLd|1|828|1359	PA0229-C.g879	29.319	191	110	6	359	532	290	472	3.70e-10	65.5
PF3D7_0324900|CIDRb|1|1360|1612	PF0157-C.g774	98.712	233	2	1	21	253	1390	1621	6.27e-152	465
PF3D7_0324900|CIDRb|1|1360|1612	PF0157-C.g275	98.712	233	2	1	21	253	2254	2485	1.63e-150	466
PF3D7_0324900|CIDRb|1|1360|1612	PD0474-C.g974	67.901	243	69	4	17	253	1322	1561	2.37e-97	313
PF3D7_0324900|CIDRb|1|1360|1612	PF0730-C.g539	63.922	255	85	6	2	253	1454	1704	1.99e-92	300
PF3D7_0324900|CIDRb|1|1360|1612	PT0181-C.g2447	61.811	254	81	5	6	253	1402	1645	5.02e-90	293
PF3D7_0324900|ATS|1|1723|2169	PC0097-C.g664	83.843	458	53	5	1	447	2364	2811	0.0	745
PF3D7_0324900|ATS|1|1723|2169	PA0245-C.g391	82.276	457	50	4	1	447	2512	2947	0.0	734
PF3D7_0324900|ATS|1|1723|2169	PFKE07.g667	80.889	450	81	4	2	447	2366	2814	0.0	734
PF3D7_0324900|ATS|1|1723|2169	PV0028-C.g50	82.276	457	70	3	1	447	2600	3055	0.0	725
PF3D7_0324900|ATS|1|1723|2169	PA0270-C.g443	79.574	470	58	5	1	447	2185	2639	0.0	717
PF3D7_0400100|NTS|1|1|77	PM0098-C.g724	68.182	66	21	0	12	77	11	76	4.14e-21	87.4
PF3D7_0400100|NTS|1|1|77	PT0242-Cx.g701	64.935	77	22	2	1	77	1	72	6.68e-21	86.7
PF3D7_0400100|NTS|1|1|77	PT0035-C.g511	64.935	77	22	2	1	77	1	72	8.43e-21	86.3
PF3D7_0400100|NTS|1|1|77	PT0158-C.g761	66.234	77	18	2	1	77	1	69	1.15e-20	85.9
PF3D7_0400100|NTS|1|1|77	PT0106-C.g814	77.193	57	13	0	20	76	21	77	1.91e-20	85.5
PF3D7_0400100|DBLa|1|78|519	PF0424-C.g445	69.128	447	126	8	1	442	66	505	0.0	598
PF3D7_0400100|DBLa|1|78|519	PF0424-C.g445	35.510	245	104	9	55	286	934	1137	2.40e-30	127
PF3D7_0400100|DBLa|1|78|519	PF0424-C.g445	22.955	440	241	16	1	355	1356	1782	1.03e-12	73.2
PF3D7_0400100|DBLa|1|78|519	PH0610-C.g495	67.473	455	127	8	1	442	63	509	0.0	598
PF3D7_0400100|DBLa|1|78|519	PH0610-C.g495	25.000	272	148	10	120	347	1042	1301	9.75e-11	66.6
PF3D7_0400100|DBLa|1|78|519	QG0190-C.g537	69.005	442	125	6	1	442	63	492	0.0	597
PF3D7_0400100|DBLa|1|78|519	QG0190-C.g537	31.525	295	139	8	60	345	896	1136	9.20e-32	131
PF3D7_0400100|DBLa|1|78|519	QG0190-C.g537	29.412	187	103	6	186	347	1596	1778	3.18e-09	62.0
PF3D7_0400100|DBLa|1|78|519	QG0281-C.g427	70.153	459	110	9	1	442	63	511	0.0	597
PF3D7_0400100|DBLa|1|78|519	QG0281-C.g427	37.607	117	67	3	248	358	1267	1383	5.14e-14	77.0
PF3D7_0400100|DBLa|1|78|519	QE0465-C.g783	67.467	458	125	9	1	442	62	511	0.0	591
PF3D7_0400100|DBLa|1|78|519	QE0465-C.g783	30.055	183	106	6	187	348	1086	1267	2.27e-14	78.2
PF3D7_0400100|CIDRa|1|520|803	PV0209-C.g77	72.378	286	70	2	1	282	174	454	2.75e-138	419
PF3D7_0400100|CIDRa|1|520|803	QG0237-C.g1	72.028	286	71	2	1	282	504	784	1.59e-137	419
PF3D7_0400100|CIDRa|1|520|803	PF0590-C.g772	72.982	285	73	1	1	281	504	788	1.15e-135	422
PF3D7_0400100|CIDRa|1|520|803	PA0061-C.g695	73.145	283	70	2	1	282	501	778	6.30e-135	421
PF3D7_0400100|CIDRa|1|520|803	PH0589-C.g567	72.378	286	70	2	1	282	504	784	7.17e-135	420
PF3D7_0400100|CIDRa|1|520|803	PH0589-C.g567	32.955	88	56	2	102	189	1452	1536	3.74e-07	53.5
PF3D7_0400100|DBLg|1|859|1219	PFKE10.g4	83.791	364	56	2	1	361	1329	1692	0.0	627
PF3D7_0400100|DBLg|1|859|1219	PFKE10.g4	39.572	374	184	16	1	361	1726	2070	8.88e-62	216
PF3D7_0400100|DBLg|1|859|1219	PFKE10.g4	30.000	400	164	12	1	288	2075	2470	3.80e-34	136
PF3D7_0400100|DBLg|1|859|1219	PFKE10.g4	23.774	265	156	6	47	292	962	1199	1.19e-09	62.4
PF3D7_0400100|DBLg|1|859|1219	PFKE10.g4	20.427	328	186	10	45	319	116	421	8.09e-09	60.1
PF3D7_0400100|DBLg|1|859|1219	QE0398-C.g555	68.044	363	108	3	1	361	746	1102	8.36e-163	505
PF3D7_0400100|DBLg|1|859|1219	QE0398-C.g555	40.571	350	167	13	1	335	1136	1459	8.49e-66	228
PF3D7_0400100|DBLg|1|859|1219	QE0398-C.g555	26.389	288	166	11	32	292	1583	1851	3.45e-12	70.5
PF3D7_0400100|DBLg|1|859|1219	QE0398-C.g555	23.607	305	188	10	14	305	1954	2226	1.62e-10	65.1
PF3D7_0400100|DBLg|1|859|1219	QE0398-C.g555	23.052	308	174	11	25	285	91	382	7.92e-08	56.6
PF3D7_0400100|DBLg|1|859|1219	PT0008-CW.g530	67.486	366	113	4	1	361	711	1075	1.44e-160	491
PF3D7_0400100|DBLg|1|859|1219	PT0008-CW.g530	27.729	458	161	15	1	291	1138	1592	1.57e-32	131
PF3D7_0400100|DBLg|1|859|1219	PT0008-CW.g530	25.725	276	155	11	45	293	322	574	3.47e-13	73.6
PF3D7_0400100|DBLg|1|859|1219	PA0176-C.g336	68.232	362	110	3	1	361	1246	1603	1.54e-159	497
PF3D7_0400100|DBLg|1|859|1219	PA0176-C.g336	25.124	402	161	12	32	293	1670	2071	7.17e-25	108
PF3D7_0400100|DBLg|1|859|1219	PA0176-C.g336	23.794	311	185	9	45	314	114	413	4.56e-12	70.1
PF3D7_0400100|DBLg|1|859|1219	PA0176-C.g336	21.091	275	169	9	45	293	850	1102	7.88e-07	53.5
PF3D7_0400100|DBLg|1|859|1219	PA0020-C.g393	65.193	362	121	3	1	361	511	868	2.85e-159	474
PF3D7_0400100|DBLd|1|1255|1804	PF0784-C.g676	82.070	541	59	4	11	550	114	617	0.0	830
PF3D7_0400100|DBLd|1|1255|1804	PM0108-C.g82	50.238	629	212	18	1	550	260	866	8.32e-165	503
PF3D7_0400100|DBLd|1|1255|1804	PA0254-C.g618	52.504	579	222	23	1	550	916	1470	3.41e-160	502
PF3D7_0400100|DBLd|1|1255|1804	PA0254-C.g618	27.230	213	125	7	303	511	248	434	2.91e-11	68.9
PF3D7_0400100|DBLd|1|1255|1804	PD0632-C.g641	52.321	560	204	15	1	550	825	1331	3.18e-154	483
PF3D7_0400100|DBLd|1|1255|1804	PD0632-C.g641	28.947	114	75	2	377	487	288	398	1.86e-08	60.1
PF3D7_0400100|DBLd|1|1255|1804	PD0472-C.g717	52.321	560	204	15	1	550	825	1331	3.18e-154	483
PF3D7_0400100|DBLd|1|1255|1804	PD0472-C.g717	28.947	114	75	2	377	487	288	398	1.86e-08	60.1
PF3D7_0400100|CIDRb|1|1805|2061	PF0784-C.g676	100.000	257	0	0	1	257	618	874	0.0	530
PF3D7_0400100|CIDRb|1|1805|2061	PM0098-C.g926	96.800	250	8	0	1	250	1391	1640	7.48e-164	498
PF3D7_0400100|CIDRb|1|1805|2061	QE0454-C.g644	67.176	262	77	5	1	257	1387	1644	6.48e-105	335
PF3D7_0400100|CIDRb|1|1805|2061	PA0188-C.g648	67.176	262	77	5	1	257	1349	1606	7.87e-105	335
PF3D7_0400100|CIDRb|1|1805|2061	PA0137-C.g681	67.176	262	77	5	1	257	1349	1606	7.87e-105	335
PF3D7_0400100|ATS|1|2172|2646	PV0239-C.g10	77.282	515	60	6	1	475	3361	3858	0.0	759
PF3D7_0400100|ATS|1|2172|2646	PV0229-C.g26	79.012	486	68	6	1	475	1803	2265	0.0	744
PF3D7_0400100|ATS|1|2172|2646	PV0028-C.g31	76.763	482	79	9	1	475	1737	2192	0.0	707
PF3D7_0400100|ATS|1|2172|2646	PD0549-C.g516	78.423	482	63	9	1	475	2187	2634	0.0	703
PF3D7_0400100|ATS|1|2172|2646	PD0511-C.g583	78.423	482	63	9	1	475	2187	2634	0.0	703
PF3D7_0400400|NTS|1|1|76	PF0122-C.g28	100.000	76	0	0	1	76	1	76	1.76e-44	153
PF3D7_0400400|NTS|1|1|76	QG0196-C.g879	92.105	76	6	0	1	76	1	76	2.62e-40	142
PF3D7_0400400|NTS|1|1|76	PT0008-CW.g515	90.789	76	7	0	1	76	1	76	2.24e-39	139
PF3D7_0400400|NTS|1|1|76	PA0207-C.g211	90.789	76	7	0	1	76	1	76	3.85e-39	138
PF3D7_0400400|NTS|1|1|76	PA0152-C.g746	85.526	76	11	0	1	76	1	76	1.50e-35	128
PF3D7_0400400|DBLa|1|77|474	PF0122-C.g28	97.487	398	8	2	1	398	77	472	0.0	801
PF3D7_0400400|DBLa|1|77|474	PF0122-C.g28	37.179	156	70	6	57	188	845	996	6.13e-20	94.4
PF3D7_0400400|DBLa|1|77|474	PM0068-C.g23	87.437	398	50	0	1	398	77	474	0.0	723
PF3D7_0400400|DBLa|1|77|474	PM0068-C.g23	34.028	288	144	10	18	298	809	1057	4.37e-35	140
PF3D7_0400400|DBLa|1|77|474	PM0068-C.g23	26.848	257	148	8	171	398	1970	2215	1.63e-17	87.4
PF3D7_0400400|DBLa|1|77|474	PA0213-C.g362	89.975	399	37	2	1	398	75	471	0.0	714
PF3D7_0400400|DBLa|1|77|474	PA0213-C.g362	33.245	376	187	14	18	383	812	1133	1.04e-41	159
PF3D7_0400400|DBLa|1|77|474	PA0213-C.g362	25.260	289	155	10	53	319	1604	1853	8.05e-10	63.5
PF3D7_0400400|DBLa|1|77|474	PA0213-C.g362	23.625	309	176	11	53	343	1238	1504	9.11e-09	60.1
PF3D7_0400400|DBLa|1|77|474	PA0213-C.g362	24.607	191	111	4	221	379	2445	2634	9.97e-07	53.5
PF3D7_0400400|DBLa|1|77|474	PF0524-C.g208	86.284	401	52	2	1	398	75	475	0.0	710
PF3D7_0400400|DBLa|1|77|474	PF0524-C.g208	31.959	291	139	10	57	327	847	1098	6.55e-31	127
PF3D7_0400400|DBLa|1|77|474	PF0524-C.g208	23.385	325	186	11	53	353	1633	1918	2.42e-16	84.0
PF3D7_0400400|DBLa|1|77|474	PF0524-C.g208	30.519	154	96	1	174	316	2433	2586	6.18e-15	79.3
PF3D7_0400400|DBLa|1|77|474	PF0524-C.g208	24.194	310	187	9	45	335	1251	1531	5.25e-13	73.6
PF3D7_0400400|DBLa|1|77|474	QG0271-C.g410	84.925	398	60	0	1	398	75	472	0.0	708
PF3D7_0400400|DBLa|1|77|474	QG0271-C.g410	31.546	317	161	9	18	318	808	1084	3.72e-35	140
PF3D7_0400400|DBLa|1|77|474	QG0271-C.g410	24.691	324	180	10	50	349	1278	1561	5.68e-16	82.8
PF3D7_0400400|DBLa|1|77|474	QG0271-C.g410	24.332	337	200	12	53	371	1683	1982	4.01e-14	77.0
PF3D7_0400400|CIDRa|1|475|727	SenT022.11.g545	88.933	253	28	0	1	253	474	726	2.99e-153	462
PF3D7_0400400|CIDRa|1|475|727	PT0118-C.g16	89.388	245	26	0	6	250	1	245	1.14e-150	447
PF3D7_0400400|CIDRa|1|475|727	PF0818-C.g564	89.600	250	26	0	1	250	473	722	5.62e-150	459
PF3D7_0400400|CIDRa|1|475|727	PM0145-C.g127	84.585	253	39	0	1	253	475	727	5.09e-149	449
PF3D7_0400400|CIDRa|1|475|727	PV0236-C.g3	86.957	253	33	0	1	253	473	725	6.32e-149	461
PF3D7_0400400|DBLb|1|736|1183	PA0018-C.g38	80.889	450	81	2	3	448	734	1182	0.0	742
PF3D7_0400400|DBLb|1|736|1183	PA0018-C.g38	31.437	334	164	14	80	367	94	408	1.84e-29	124
PF3D7_0400400|DBLb|1|736|1183	PA0018-C.g38	24.528	318	191	10	106	401	1607	1897	1.85e-15	81.6
PF3D7_0400400|DBLb|1|736|1183	PA0018-C.g38	29.520	271	132	14	71	309	1206	1449	3.22e-13	74.7
PF3D7_0400400|DBLb|1|736|1183	PF0467-C.g346	80.444	450	82	2	3	448	734	1181	0.0	741
PF3D7_0400400|DBLb|1|736|1183	PF0467-C.g346	33.141	347	167	14	63	367	85	408	2.23e-34	139
PF3D7_0400400|DBLb|1|736|1183	PF0467-C.g346	24.497	298	167	12	111	381	1247	1513	2.18e-11	68.9
PF3D7_0400400|DBLb|1|736|1183	PT0178-C.g1283	82.119	453	70	5	1	448	735	1181	0.0	739
PF3D7_0400400|DBLb|1|736|1183	PT0178-C.g1283	36.162	271	131	10	80	325	95	348	2.83e-34	139
PF3D7_0400400|DBLb|1|736|1183	PT0178-C.g1283	28.205	390	202	13	106	448	1618	1976	1.45e-31	130
PF3D7_0400400|DBLb|1|736|1183	PT0178-C.g1283	27.174	276	145	8	109	353	1245	1495	1.63e-16	85.1
PF3D7_0400400|DBLb|1|736|1183	PC0070-C.g475	79.476	458	81	4	1	448	174	628	0.0	729
PF3D7_0400400|DBLb|1|736|1183	PC0070-C.g475	29.581	382	191	15	106	448	1052	1394	3.93e-25	111
PF3D7_0400400|DBLb|1|736|1183	PC0070-C.g475	28.315	279	163	11	70	337	658	910	2.25e-19	93.6
PF3D7_0400400|DBLb|1|736|1183	PM0159-C.g1	78.038	469	80	8	1	448	736	1202	0.0	714
PF3D7_0400400|DBLb|1|736|1183	PM0159-C.g1	31.215	362	173	15	80	382	94	438	3.01e-26	114
PF3D7_0400400|DBLb|1|736|1183	PM0159-C.g1	27.798	277	153	10	106	370	1633	1874	1.29e-17	88.6
PF3D7_0400400|DBLb|1|736|1183	PM0159-C.g1	26.692	266	153	9	111	351	1266	1514	8.69e-15	79.7
PF3D7_0400400|DBLg|1|1199|1556	QG0203-C.g1370	98.324	358	6	0	1	358	1205	1562	0.0	721
PF3D7_0400400|DBLg|1|1199|1556	QG0203-C.g1370	41.104	326	158	13	4	318	1581	1883	1.86e-55	197
PF3D7_0400400|DBLg|1|1199|1556	QG0203-C.g1370	27.666	347	151	11	44	295	2141	2482	2.01e-24	107
PF3D7_0400400|DBLg|1|1199|1556	QG0203-C.g1370	29.667	300	150	13	24	295	818	1084	5.97e-17	85.1
PF3D7_0400400|DBLg|1|1199|1556	QG0203-C.g1370	28.293	205	124	3	115	296	186	390	2.57e-15	80.1
PF3D7_0400400|DBLg|1|1199|1556	PA0018-C.g38	81.006	358	64	2	1	358	1198	1551	0.0	578
PF3D7_0400400|DBLg|1|1199|1556	PA0018-C.g38	37.791	344	170	12	14	346	1580	1890	5.18e-53	191
PF3D7_0400400|DBLg|1|1199|1556	PA0018-C.g38	29.193	322	158	16	9	296	802	1087	3.31e-15	79.7
PF3D7_0400400|DBLg|1|1199|1556	PA0018-C.g38	25.180	278	172	7	44	296	126	392	9.08e-15	78.2
PF3D7_0400400|DBLg|1|1199|1556	SenT130.09.g26	80.447	358	68	1	1	358	1212	1567	0.0	578
PF3D7_0400400|DBLg|1|1199|1556	SenT130.09.g26	39.058	361	170	15	14	358	1596	1922	2.80e-54	194
PF3D7_0400400|DBLg|1|1199|1556	SenT130.09.g26	28.134	359	162	11	28	301	2100	2447	4.50e-33	132
PF3D7_0400400|DBLg|1|1199|1556	SenT130.09.g26	28.623	276	141	13	47	296	840	1085	5.18e-17	85.1
PF3D7_0400400|DBLg|1|1199|1556	SenT130.09.g26	24.390	287	160	11	44	295	121	385	1.43e-09	62.4
PF3D7_0400400|DBLg|1|1199|1556	SenP051.02.g323	80.447	358	68	1	1	358	1212	1567	0.0	577
PF3D7_0400400|DBLg|1|1199|1556	SenP051.02.g323	46.687	332	155	10	1	321	2960	3280	1.54e-81	273
PF3D7_0400400|DBLg|1|1199|1556	SenP051.02.g323	39.867	301	165	9	1	296	2569	2858	1.05e-57	204
PF3D7_0400400|DBLg|1|1199|1556	SenP051.02.g323	39.058	361	170	15	14	358	1596	1922	3.31e-54	194
PF3D7_0400400|DBLg|1|1199|1556	SenP051.02.g323	28.623	276	141	13	47	296	840	1085	5.64e-17	85.1
PF3D7_0400400|DBLg|1|1199|1556	SenP051.02.g323	25.641	273	150	11	47	296	2219	2461	2.88e-12	70.5
PF3D7_0400400|DBLg|1|1199|1556	SenP051.02.g323	24.390	287	160	11	44	295	121	385	1.34e-09	62.4
PF3D7_0400400|DBLg|1|1199|1556	PF0730-C.g235	80.447	358	68	1	1	358	1232	1587	0.0	577
PF3D7_0400400|DBLg|1|1199|1556	PF0730-C.g235	40.446	314	145	11	14	319	1616	1895	1.26e-52	189
PF3D7_0400400|DBLg|1|1199|1556	PF0730-C.g235	24.363	353	196	12	10	319	811	1135	6.26e-16	81.6
PF3D7_0400400|DBLg|1|1199|1556	PF0730-C.g235	25.342	292	181	6	35	300	119	399	3.46e-15	79.7
PF3D7_0400400|DBLg|2|1572|1931	QE0426-C.g187	71.353	377	88	5	1	360	1088	1461	4.91e-176	542
PF3D7_0400400|DBLg|2|1572|1931	QE0426-C.g187	37.059	340	163	11	1	294	1546	1880	2.94e-55	197
PF3D7_0400400|DBLg|2|1572|1931	QE0426-C.g187	24.645	422	221	14	1	360	683	1069	1.04e-15	81.3
PF3D7_0400400|DBLg|2|1572|1931	QE0426-C.g187	25.685	292	159	9	50	296	2	280	6.72e-11	66.2
PF3D7_0400400|DBLg|2|1572|1931	QG0297-C.g1418	70.166	362	100	5	1	360	478	833	2.26e-173	511
PF3D7_0400400|DBLg|2|1572|1931	QG0297-C.g1418	47.135	384	167	13	1	360	100	471	3.19e-98	315
PF3D7_0400400|DBLg|2|1572|1931	PC0071-C.g580	67.313	361	113	4	1	360	313	669	3.97e-154	475
PF3D7_0400400|DBLg|2|1572|1931	PC0071-C.g580	52.475	303	121	9	69	360	9	299	2.35e-80	270
PF3D7_0400400|DBLg|2|1572|1931	PC0071-C.g580	31.858	339	141	10	46	294	887	1225	1.13e-38	149
PF3D7_0400400|DBLg|2|1572|1931	SenT030.11.g378	67.313	361	113	4	1	360	408	764	1.32e-153	475
PF3D7_0400400|DBLg|2|1572|1931	SenT030.11.g378	54.839	372	145	9	1	360	34	394	4.25e-119	380
PF3D7_0400400|DBLg|2|1572|1931	SenT030.11.g378	28.272	382	149	14	46	302	948	1329	2.87e-30	124
PF3D7_0400400|DBLg|2|1572|1931	PM0029-C.g1219	67.313	361	113	4	1	360	1203	1559	7.37e-152	475
PF3D7_0400400|DBLg|2|1572|1931	PM0029-C.g1219	53.439	378	152	7	1	360	818	1189	5.26e-121	387
PF3D7_0400400|DBLg|2|1572|1931	PM0029-C.g1219	27.660	470	178	16	1	312	1655	2120	5.22e-40	153
PF3D7_0400400|DBLg|2|1572|1931	PM0029-C.g1219	25.940	266	140	11	47	287	439	672	8.77e-15	78.6
PF3D7_0400400|DBLd|1|2099|2618	PA0183-C.g137	65.844	527	118	10	1	520	2132	2603	0.0	625
PF3D7_0400400|DBLd|1|2099|2618	PA0183-C.g137	29.018	448	170	20	1	443	1575	1879	2.01e-31	132
PF3D7_0400400|DBLd|1|2099|2618	PA0183-C.g137	24.528	318	119	10	71	385	1234	1433	2.56e-13	75.5
PF3D7_0400400|DBLd|1|2099|2618	PA0183-C.g137	26.642	274	136	9	264	520	238	463	4.66e-13	74.7
PF3D7_0400400|DBLd|1|2099|2618	PA0183-C.g137	24.928	345	173	14	155	488	865	1134	2.44e-08	59.7
PF3D7_0400400|DBLd|1|2099|2618	PF0782-C.g855	56.877	538	173	12	1	520	837	1333	4.27e-178	547
PF3D7_0400400|DBLd|1|2099|2618	PF0782-C.g855	29.296	355	183	14	201	520	186	507	1.08e-25	114
PF3D7_0400400|DBLd|1|2099|2618	QG0256-C.g3302	54.306	569	192	21	1	520	334	883	1.41e-174	528
PF3D7_0400400|DBLd|1|2099|2618	PT0240-C.g579	56.642	542	191	16	1	520	916	1435	2.49e-173	535
PF3D7_0400400|DBLd|1|2099|2618	PT0240-C.g579	30.588	255	139	10	201	447	195	419	2.32e-21	100
PF3D7_0400400|DBLd|1|2099|2618	SenT097.09.g219	57.090	543	161	27	1	520	826	1319	5.83e-169	523
PF3D7_0400400|DBLd|1|2099|2618	SenT097.09.g219	29.499	339	176	13	201	520	181	475	5.58e-21	99.8
PF3D7_0400400|CIDRg|1|2619|2896	PA0098-C.g175	79.649	285	49	5	1	278	1287	1569	1.93e-141	441
PF3D7_0400400|CIDRg|1|2619|2896	PA0184-C.g516	79.649	285	49	5	1	278	996	1278	2.25e-141	441
PF3D7_0400400|CIDRg|1|2619|2896	PA0008-C.g176	77.143	280	57	3	1	277	1348	1623	1.15e-139	433
PF3D7_0400400|CIDRg|1|2619|2896	PA0008-C.g176	32.110	109	67	4	116	220	614	719	4.74e-07	53.1
PF3D7_0400400|CIDRg|1|2619|2896	PA0084-C.g112	73.022	278	63	4	1	277	1321	1587	4.88e-128	401
PF3D7_0400400|CIDRg|1|2619|2896	PH0592-C.g448	73.050	282	62	6	1	278	1404	1675	2.73e-126	396
PF3D7_0400400|CIDRg|1|2619|2896	PH0592-C.g448	40.789	76	42	3	116	189	621	695	1.12e-07	55.1
PF3D7_0400400|ATS|1|3017|3467	PC0104-C.g47	88.470	451	49	2	1	451	3045	3492	0.0	812
PF3D7_0400400|ATS|1|3017|3467	PA0262-C.g127	88.470	451	49	2	1	451	2860	3307	0.0	807
PF3D7_0400400|ATS|1|3017|3467	PT0256-C.g286	87.583	451	52	3	1	451	2267	2713	0.0	793
PF3D7_0400400|ATS|1|3017|3467	QE0468-C.g202	85.778	450	60	3	2	451	2890	3335	0.0	782
PF3D7_0400400|ATS|1|3017|3467	PFKE11.g431	86.253	451	57	4	1	451	3005	3450	0.0	779
PF3D7_0412400|NTS|1|1|62	PA0015-C.g460	100.000	62	0	0	1	62	1	62	1.47e-35	127
PF3D7_0412400|NTS|1|1|62	PM0117-C.g1043	69.697	66	12	2	1	62	1	62	8.93e-21	85.5
PF3D7_0412400|NTS|1|1|62	PF0282-C.g437	67.213	61	19	1	3	62	4	64	1.11e-20	85.1
PF3D7_0412400|NTS|1|1|62	PD0460-C.g1424	66.129	62	19	1	1	62	1	60	2.26e-20	84.3
PF3D7_0412400|NTS|1|1|62	QG0202-C.g520	72.131	61	15	2	3	62	7	66	3.44e-20	84.0
PF3D7_0412400|DBLa|1|63|509	PA0015-C.g460	94.934	454	14	3	1	447	63	514	0.0	875
PF3D7_0412400|DBLa|1|63|509	PA0015-C.g460	25.714	315	165	12	128	416	1080	1351	1.85e-10	65.9
PF3D7_0412400|DBLa|1|63|509	PFKE10.g289	75.000	452	93	11	7	447	77	519	0.0	653
PF3D7_0412400|DBLa|1|63|509	PFKE10.g289	25.541	231	137	5	147	353	1139	1358	1.01e-14	79.3
PF3D7_0412400|DBLa|1|63|509	PF0314-C.g601	75.000	456	90	12	7	447	77	523	0.0	652
PF3D7_0412400|DBLa|1|63|509	PF0314-C.g601	29.167	192	108	6	256	447	1260	1423	7.05e-10	63.9
PF3D7_0412400|DBLa|1|63|509	SenT231.08.g38	75.000	456	90	12	7	447	77	523	0.0	651
PF3D7_0412400|DBLa|1|63|509	SenT231.08.g38	29.067	375	215	11	62	430	1733	2062	2.81e-29	124
PF3D7_0412400|DBLa|1|63|509	SenT231.08.g38	31.333	300	159	10	153	447	1080	1337	1.88e-27	118
PF3D7_0412400|DBLa|1|63|509	SenT231.08.g38	26.360	239	109	9	55	290	2117	2291	6.00e-08	57.8
PF3D7_0412400|DBLa|1|63|509	PT0219-C.g437	68.791	455	119	7	10	447	70	518	0.0	621
PF3D7_0412400|DBLa|1|63|509	PT0219-C.g437	27.451	255	134	10	132	353	1090	1326	2.72e-14	77.8
PF3D7_0412400|CIDRa|1|510|822	PF0288-C.g466	100.000	313	0	0	1	313	3	315	0.0	635
PF3D7_0412400|CIDRa|1|510|822	PA0015-C.g460	100.000	313	0	0	1	313	515	827	0.0	635
PF3D7_0412400|CIDRa|1|510|822	SenT001.11.g1395	99.023	307	3	0	1	307	517	823	0.0	618
PF3D7_0412400|CIDRa|1|510|822	PM0096-C.g409	95.440	307	11	1	1	307	557	860	0.0	595
PF3D7_0412400|CIDRa|1|510|822	PA0034-C.g278	75.649	308	64	4	1	307	482	779	1.59e-146	453
PF3D7_0412400|DBLd|1|914|1365	PA0015-C.g460	100.000	452	0	0	1	452	919	1370	0.0	939
PF3D7_0412400|DBLd|1|914|1365	PA0015-C.g460	25.312	320	171	13	159	433	187	483	4.63e-10	64.7
PF3D7_0412400|DBLd|1|914|1365	PF0288-C.g466	100.000	452	0	0	1	452	407	858	0.0	937
PF3D7_0412400|DBLd|1|914|1365	PM0124-C.g288	63.100	458	148	8	1	452	895	1337	2.94e-176	540
PF3D7_0412400|DBLd|1|914|1365	PM0124-C.g288	22.857	350	186	12	159	452	190	511	8.36e-08	57.4
PF3D7_0412400|DBLd|1|914|1365	PA0040-C.g408	63.100	458	148	8	1	452	895	1337	2.94e-176	540
PF3D7_0412400|DBLd|1|914|1365	PA0040-C.g408	22.857	350	186	12	159	452	190	511	8.36e-08	57.4
PF3D7_0412400|DBLd|1|914|1365	PA0245-C.g597	52.354	531	156	15	1	452	1565	2077	1.67e-151	478
PF3D7_0412400|DBLd|1|914|1365	PA0245-C.g597	27.211	441	211	16	1	432	1048	1387	2.87e-33	135
PF3D7_0412400|CIDRb|1|1366|1634	PF0288-C.g466	100.000	269	0	0	1	269	859	1127	0.0	552
PF3D7_0412400|CIDRb|1|1366|1634	PA0015-C.g460	100.000	269	0	0	1	269	1371	1639	0.0	552
PF3D7_0412400|CIDRb|1|1366|1634	PM0084-C.g464	87.361	269	33	1	1	269	427	694	6.18e-166	488
PF3D7_0412400|CIDRb|1|1366|1634	PF0288-C.g273	87.361	269	33	1	1	269	1348	1615	1.88e-157	485
PF3D7_0412400|CIDRb|1|1366|1634	PF0288-C.g273	27.731	238	132	9	47	261	582	802	1.32e-09	60.8
PF3D7_0412400|CIDRb|1|1366|1634	PF0122-C.g366	87.361	269	33	1	1	269	1347	1614	2.27e-157	485
PF3D7_0412400|ATS|1|1745|2209	PV0098-C.g12	92.094	468	33	3	1	465	1826	2292	0.0	872
PF3D7_0412400|ATS|1|1745|2209	PV0138-C.g12	92.094	468	33	3	1	465	975	1441	0.0	869
PF3D7_0412400|ATS|1|1745|2209	PV0112-C.g18	92.094	468	33	3	1	465	911	1377	0.0	869
PF3D7_0412400|ATS|1|1745|2209	PfKE02.g353	70.894	481	98	12	1	463	2514	2970	0.0	622
PF3D7_0412400|ATS|1|1745|2209	PH0604-C.g65	61.426	477	130	8	5	465	850	1288	6.38e-180	540
PF3D7_0412700|NTS|1|1|63	PF0288-C.g386	100.000	63	0	0	1	63	1	63	2.16e-34	124
PF3D7_0412700|NTS|1|1|63	PA0098-C.g648	100.000	63	0	0	1	63	1	63	2.18e-34	124
PF3D7_0412700|NTS|1|1|63	PT0048-C.g455	94.000	50	3	0	1	50	1	50	3.03e-24	95.5
PF3D7_0412700|NTS|1|1|63	PT0048-C.g456	94.000	50	3	0	1	50	1	50	4.98e-24	94.7
PF3D7_0412700|NTS|1|1|63	PV0028-C.g99	92.000	50	4	0	1	50	1	50	1.70e-23	93.2
PF3D7_0412700|DBLa|1|64|536	PF0288-C.g386	95.349	473	5	1	1	473	64	519	0.0	930
PF3D7_0412700|DBLa|1|64|536	PA0098-C.g648	78.125	480	81	6	1	473	64	526	0.0	731
PF3D7_0412700|DBLa|1|64|536	PA0098-C.g648	22.449	294	174	10	106	364	1047	1321	2.07e-07	56.2
PF3D7_0412700|DBLa|1|64|536	SenT165.09.g3880	76.344	465	92	8	15	473	74	526	0.0	654
PF3D7_0412700|DBLa|1|64|536	SenT165.09.g3880	26.160	237	130	7	192	402	1151	1368	6.39e-09	61.2
PF3D7_0412700|DBLa|1|64|536	QG0237-C.g2794	76.344	465	92	8	15	473	74	526	0.0	654
PF3D7_0412700|DBLa|1|64|536	PF0513-C.g4119	74.839	465	97	9	15	473	74	524	0.0	643
PF3D7_0412700|CIDRa|1|537|818	PF0288-C.g386	100.000	282	0	0	1	282	520	801	0.0	579
PF3D7_0412700|CIDRa|1|537|818	PA0015-C.g507	100.000	253	0	0	30	282	1	253	1.06e-174	517
PF3D7_0412700|CIDRa|1|537|818	PF0207-C.g176	92.199	282	20	2	1	282	510	789	2.13e-145	449
PF3D7_0412700|CIDRa|1|537|818	PV0241-C.g68	77.224	281	62	2	1	279	468	748	3.43e-129	404
PF3D7_0412700|CIDRa|1|537|818	PV0241-C.g68	40.000	65	38	1	139	203	1405	1468	3.24e-09	60.1
PF3D7_0412700|CIDRa|1|537|818	PV0234-C.g66	77.224	281	62	2	1	279	468	748	3.43e-129	404
PF3D7_0412700|CIDRa|1|537|818	PV0234-C.g66	40.000	65	38	1	139	203	1405	1468	3.24e-09	60.1
PF3D7_0412700|DBLd|1|893|1442	PA0015-C.g507	100.000	550	0	0	1	550	324	873	0.0	1137
PF3D7_0412700|DBLd|1|893|1442	PF0288-C.g386	100.000	550	0	0	1	550	872	1421	0.0	1135
PF3D7_0412700|DBLd|1|893|1442	PF0288-C.g386	27.928	111	78	1	369	479	298	406	1.03e-07	57.8
PF3D7_0412700|DBLd|1|893|1442	PF0207-C.g176	100.000	550	0	0	1	550	860	1409	0.0	1133
PF3D7_0412700|DBLd|1|893|1442	PF0207-C.g176	29.557	203	114	8	369	550	315	509	9.63e-12	70.5
PF3D7_0412700|DBLd|1|893|1442	PM0077-C.g226	58.393	560	174	14	1	550	643	1153	0.0	596
PF3D7_0412700|DBLd|1|893|1442	PM0077-C.g226	28.829	111	76	2	369	479	60	167	2.06e-09	63.2
PF3D7_0412700|DBLd|1|893|1442	QE0467-C.g142	54.733	581	169	19	12	550	87	615	1.58e-180	536
PF3D7_0412700|CIDRb|1|1443|1704	PA0015-C.g507	100.000	262	0	0	1	262	874	1135	0.0	547
PF3D7_0412700|CIDRb|1|1443|1704	PF0288-C.g386	100.000	262	0	0	1	262	1422	1683	0.0	546
PF3D7_0412700|CIDRb|1|1443|1704	PM0077-C.g226	100.000	262	0	0	1	262	1154	1415	0.0	542
PF3D7_0412700|CIDRb|1|1443|1704	PM0077-C.g226	35.385	65	42	0	108	172	406	470	2.42e-07	53.9
PF3D7_0412700|CIDRb|1|1443|1704	PF0207-C.g176	99.618	262	1	0	1	262	1410	1671	2.13e-180	543
PF3D7_0412700|CIDRb|1|1443|1704	PF0524-C.g91	93.916	263	13	1	1	260	2986	3248	1.07e-163	504
PF3D7_0412700|CIDRb|1|1443|1704	PF0524-C.g91	26.549	226	155	6	33	256	500	716	5.72e-10	62.0
PF3D7_0412700|ATS|1|1814|2277	PD0590-C.g548	95.075	467	19	2	1	464	2191	2656	0.0	912
PF3D7_0412700|ATS|1|1814|2277	PD0585-C.g522	95.075	467	19	2	1	464	2191	2656	0.0	912
PF3D7_0412700|ATS|1|1814|2277	PFKE11.g671	79.317	498	60	6	1	462	2046	2536	0.0	784
PF3D7_0412700|ATS|1|1814|2277	PF0489-C.g723	83.298	473	55	8	1	464	1717	2174	0.0	771
PF3D7_0412700|ATS|1|1814|2277	PFKE12.g305	83.227	471	65	7	1	464	1823	2286	0.0	761
PF3D7_0412900|NTS|1|1|60	PA0015-C.g375	100.000	49	0	0	12	60	14	62	3.28e-24	95.1
PF3D7_0412900|NTS|1|1|60	PF0288-C.g391	100.000	49	0	0	12	60	14	62	3.37e-24	95.1
PF3D7_0412900|NTS|1|1|60	PM0096-C.g336	100.000	49	0	0	12	60	14	62	4.88e-24	94.7
PF3D7_0412900|NTS|1|1|60	PF0207-C.g176	100.000	49	0	0	12	60	14	62	6.35e-24	94.4
PF3D7_0412900|NTS|1|1|60	QG0246-C.g3417	100.000	49	0	0	12	60	14	62	7.00e-24	94.4
PF3D7_0412900|DBLa|1|61|505	PM0096-C.g336	85.144	451	57	4	1	445	63	509	0.0	746
PF3D7_0412900|DBLa|1|61|505	PM0096-C.g336	24.699	332	172	9	144	445	1185	1468	3.92e-17	86.7
PF3D7_0412900|DBLa|1|61|505	PF0207-C.g176	84.479	451	60	4	1	445	63	509	0.0	746
PF3D7_0412900|DBLa|1|61|505	PF0207-C.g176	25.743	202	125	6	249	445	1228	1409	1.03e-07	57.0
PF3D7_0412900|DBLa|1|61|505	PF0288-C.g391	84.479	451	60	4	1	445	63	509	0.0	744
PF3D7_0412900|DBLa|1|61|505	PF0288-C.g391	26.642	274	148	9	191	445	1225	1464	3.50e-15	80.9
PF3D7_0412900|DBLa|1|61|505	PA0015-C.g375	84.479	451	60	4	1	445	63	509	0.0	744
PF3D7_0412900|DBLa|1|61|505	PA0015-C.g375	26.642	274	148	9	191	445	1220	1459	3.50e-15	80.9
PF3D7_0412900|DBLa|1|61|505	PA0098-C.g648	69.831	474	103	11	1	445	64	526	0.0	611
PF3D7_0412900|DBLa|1|61|505	PA0098-C.g648	29.464	112	75	2	242	351	1202	1311	2.76e-08	58.9
PF3D7_0412900|CIDRa|1|506|788	PM0096-C.g336	95.760	283	12	0	1	283	510	792	0.0	556
PF3D7_0412900|CIDRa|1|506|788	PA0015-C.g375	93.515	293	9	2	1	283	510	802	0.0	548
PF3D7_0412900|CIDRa|1|506|788	PF0288-C.g391	93.515	293	9	2	1	283	510	802	0.0	548
PF3D7_0412900|CIDRa|1|506|788	PA0104-C.g513	88.889	288	26	2	1	283	524	810	3.29e-172	516
PF3D7_0412900|CIDRa|1|506|788	QG0250-C.g2742	62.887	291	91	2	1	276	521	809	4.42e-119	376
PF3D7_0412900|DBLd|1|863|1448	PF0288-C.g391	100.000	586	0	0	1	586	879	1464	0.0	1216
PF3D7_0412900|DBLd|1|863|1448	PF0288-C.g391	24.286	350	201	11	280	586	181	509	1.05e-17	90.1
PF3D7_0412900|DBLd|1|863|1448	PA0015-C.g375	100.000	586	0	0	1	586	874	1459	0.0	1215
PF3D7_0412900|DBLd|1|863|1448	PA0015-C.g375	24.286	350	201	11	280	586	181	509	1.05e-17	90.1
PF3D7_0412900|DBLd|1|863|1448	PT0215-Cx.g713	100.000	586	0	0	1	586	15	600	0.0	1212
PF3D7_0412900|DBLd|1|863|1448	PF0365-C.g492	94.489	617	3	1	1	586	71	687	0.0	1191
PF3D7_0412900|DBLd|1|863|1448	PT0063-C.g361	94.932	592	24	1	1	586	903	1494	0.0	1165
PF3D7_0412900|DBLd|1|863|1448	PT0063-C.g361	27.143	280	142	11	347	586	250	507	2.25e-15	82.4
PF3D7_0412900|CIDRg|1|1449|1722	PT0215-Cx.g713	100.000	274	0	0	1	274	601	874	0.0	562
PF3D7_0412900|CIDRg|1|1449|1722	PF0365-C.g492	100.000	274	0	0	1	274	688	961	0.0	561
PF3D7_0412900|CIDRg|1|1449|1722	PM0096-C.g336	100.000	274	0	0	1	274	1469	1742	0.0	560
PF3D7_0412900|CIDRg|1|1449|1722	PT0063-C.g361	100.000	274	0	0	1	274	1495	1768	0.0	560
PF3D7_0412900|CIDRg|1|1449|1722	PF0288-C.g391	100.000	274	0	0	1	274	1465	1738	0.0	559
PF3D7_0412900|ATS|1|1820|2312	PFKE11.g671	86.345	498	61	3	1	493	2046	2541	0.0	859
PF3D7_0412900|ATS|1|1820|2312	PD0590-C.g548	79.960	494	63	7	1	488	2191	2654	0.0	769
PF3D7_0412900|ATS|1|1820|2312	PD0585-C.g522	79.960	494	63	7	1	488	2191	2654	0.0	769
PF3D7_0412900|ATS|1|1820|2312	PA0214-C.g1007	74.488	537	89	11	1	493	995	1527	0.0	731
PF3D7_0412900|ATS|1|1820|2312	PV0089-C.g38	75.734	511	94	10	1	493	1747	2245	0.0	701
PF3D7_0413100|NTS|1|1|62	PA0015-C.g375	100.000	62	0	0	1	62	1	62	1.21e-32	119
PF3D7_0413100|NTS|1|1|62	PF0288-C.g391	100.000	62	0	0	1	62	1	62	1.25e-32	119
PF3D7_0413100|NTS|1|1|62	PM0096-C.g336	100.000	62	0	0	1	62	1	62	1.48e-32	119
PF3D7_0413100|NTS|1|1|62	QG0246-C.g3417	100.000	62	0	0	1	62	1	62	5.32e-32	117
PF3D7_0413100|NTS|1|1|62	PF0207-C.g176	100.000	62	0	0	1	62	1	62	1.15e-31	116
PF3D7_0413100|DBLa|1|63|509	PF0207-C.g176	100.000	447	0	0	1	447	63	509	0.0	938
PF3D7_0413100|DBLa|1|63|509	PF0207-C.g176	29.557	203	114	8	253	447	1228	1409	7.07e-12	70.5
PF3D7_0413100|DBLa|1|63|509	PM0096-C.g336	100.000	447	0	0	1	447	63	509	0.0	936
PF3D7_0413100|DBLa|1|63|509	PM0096-C.g336	25.479	365	191	13	119	447	1149	1468	2.23e-20	97.1
PF3D7_0413100|DBLa|1|63|509	PF0288-C.g391	100.000	447	0	0	1	447	63	509	0.0	936
PF3D7_0413100|DBLa|1|63|509	PF0288-C.g391	26.103	272	150	8	195	447	1225	1464	1.16e-17	88.6
PF3D7_0413100|DBLa|1|63|509	PA0015-C.g375	100.000	447	0	0	1	447	63	509	0.0	935
PF3D7_0413100|DBLa|1|63|509	PA0015-C.g375	26.103	272	150	8	195	447	1220	1459	1.15e-17	88.6
PF3D7_0413100|DBLa|1|63|509	PA0184-C.g660	73.778	450	97	7	1	447	63	494	0.0	655
PF3D7_0413100|DBLa|1|63|509	PA0184-C.g660	26.549	226	140	6	193	407	1129	1339	2.85e-15	80.9
PF3D7_0413100|CIDRa|1|510|802	PF0288-C.g391	100.000	293	0	0	1	293	510	802	0.0	601
PF3D7_0413100|CIDRa|1|510|802	PA0015-C.g375	100.000	293	0	0	1	293	510	802	0.0	601
PF3D7_0413100|CIDRa|1|510|802	PM0096-C.g336	94.198	293	7	2	1	293	510	792	0.0	554
PF3D7_0413100|CIDRa|1|510|802	PA0104-C.g513	87.584	298	21	4	1	293	524	810	1.41e-171	514
PF3D7_0413100|CIDRa|1|510|802	PM0103-C.g728	69.625	293	79	5	1	287	363	651	7.93e-123	385
PF3D7_0413100|DBLd|1|877|1462	PF0288-C.g391	100.000	586	0	0	1	586	879	1464	0.0	1216
PF3D7_0413100|DBLd|1|877|1462	PF0288-C.g391	24.286	350	201	11	280	586	181	509	1.05e-17	90.1
PF3D7_0413100|DBLd|1|877|1462	PA0015-C.g375	100.000	586	0	0	1	586	874	1459	0.0	1215
PF3D7_0413100|DBLd|1|877|1462	PA0015-C.g375	24.286	350	201	11	280	586	181	509	1.05e-17	90.1
PF3D7_0413100|DBLd|1|877|1462	PT0215-Cx.g713	100.000	586	0	0	1	586	15	600	0.0	1212
PF3D7_0413100|DBLd|1|877|1462	PF0365-C.g492	94.489	617	3	1	1	586	71	687	0.0	1191
PF3D7_0413100|DBLd|1|877|1462	PT0063-C.g361	94.932	592	24	1	1	586	903	1494	0.0	1165
PF3D7_0413100|DBLd|1|877|1462	PT0063-C.g361	27.143	280	142	11	347	586	250	507	2.25e-15	82.4
PF3D7_0413100|CIDRg|1|1463|1736	PT0215-Cx.g713	100.000	274	0	0	1	274	601	874	0.0	562
PF3D7_0413100|CIDRg|1|1463|1736	PF0365-C.g492	100.000	274	0	0	1	274	688	961	0.0	561
PF3D7_0413100|CIDRg|1|1463|1736	PM0096-C.g336	100.000	274	0	0	1	274	1469	1742	0.0	560
PF3D7_0413100|CIDRg|1|1463|1736	PT0063-C.g361	100.000	274	0	0	1	274	1495	1768	0.0	560
PF3D7_0413100|CIDRg|1|1463|1736	PF0288-C.g391	100.000	274	0	0	1	274	1465	1738	0.0	559
PF3D7_0413100|ATS|1|1834|2326	PFKE11.g671	86.345	498	61	3	1	493	2046	2541	0.0	859
PF3D7_0413100|ATS|1|1834|2326	PD0590-C.g548	79.960	494	63	7	1	488	2191	2654	0.0	769
PF3D7_0413100|ATS|1|1834|2326	PD0585-C.g522	79.960	494	63	7	1	488	2191	2654	0.0	769
PF3D7_0413100|ATS|1|1834|2326	PA0214-C.g1007	74.488	537	89	11	1	493	995	1527	0.0	731
PF3D7_0413100|ATS|1|1834|2326	PV0089-C.g38	75.734	511	94	10	1	493	1747	2245	0.0	701
PF3D7_0420700|NTS|1|1|66	QE0437-C.g372	73.134	67	17	1	1	66	1	67	2.12e-25	99.0
PF3D7_0420700|NTS|1|1|66	QE0397-C.g640	73.134	67	17	1	1	66	1	67	2.20e-25	99.0
PF3D7_0420700|NTS|1|1|66	SenT105.07.g266	73.134	67	17	1	1	66	1	67	2.25e-25	99.0
PF3D7_0420700|NTS|1|1|66	QG0269-C.g737	73.134	67	17	1	1	66	1	67	2.53e-25	98.6
PF3D7_0420700|NTS|1|1|66	PA0061-C.g702	73.134	67	17	1	1	66	1	67	2.53e-25	98.6
PF3D7_0420700|DBLa|1|67|507	QE0429-C.g677	72.210	439	100	11	22	441	1	436	0.0	601
PF3D7_0420700|DBLa|1|67|507	QE0429-C.g677	28.477	302	133	13	53	345	2003	2230	3.53e-16	84.0
PF3D7_0420700|DBLa|1|67|507	QE0429-C.g677	22.255	337	181	12	138	441	995	1283	3.81e-10	64.7
PF3D7_0420700|DBLa|1|67|507	SenT036.10.g2380	67.338	447	123	11	1	441	65	494	0.0	572
PF3D7_0420700|DBLa|1|67|507	SenT036.10.g2380	25.087	287	149	12	185	441	1137	1387	2.64e-11	68.6
PF3D7_0420700|DBLa|1|67|507	PC0097-C.g1147	63.519	466	138	11	1	441	59	517	0.0	561
PF3D7_0420700|DBLa|1|67|507	PC0097-C.g1147	25.714	280	148	8	188	441	1198	1443	5.39e-16	83.2
PF3D7_0420700|DBLa|1|67|507	PfKE05.g226	63.519	466	138	11	1	441	59	517	0.0	560
PF3D7_0420700|DBLa|1|67|507	PfKE05.g226	24.648	284	145	8	188	441	1198	1442	1.23e-13	75.9
PF3D7_0420700|DBLa|1|67|507	QE0424-C.g614	64.254	456	125	10	22	441	82	535	0.0	558
PF3D7_0420700|DBLa|1|67|507	QE0424-C.g614	23.529	340	177	7	134	441	1129	1417	2.99e-14	77.8
PF3D7_0420700|CIDRa|1|508|806	PT0059-C.g800	98.980	294	3	0	1	294	496	789	0.0	597
PF3D7_0420700|CIDRa|1|508|806	PT0059-C.g800	35.955	89	52	4	128	214	1473	1558	8.60e-07	52.8
PF3D7_0420700|CIDRa|1|508|806	QG0291-C.g3239	91.216	296	24	2	1	295	531	825	4.56e-165	503
PF3D7_0420700|CIDRa|1|508|806	QG0291-C.g3239	30.709	127	86	2	128	254	1450	1574	1.23e-11	67.8
PF3D7_0420700|CIDRa|1|508|806	PM0144-C.g834	83.446	296	45	3	1	295	515	807	1.62e-148	459
PF3D7_0420700|CIDRa|1|508|806	PF0818-C.g255	83.446	296	45	3	1	295	515	807	2.01e-148	459
PF3D7_0420700|CIDRa|1|508|806	PT0303-Cx.g2234	83.446	296	45	3	1	295	515	807	5.25e-148	457
PF3D7_0420700|DBLd|1|885|1330	PM0020-C.g1549	97.297	444	12	0	3	446	864	1307	0.0	905
PF3D7_0420700|DBLd|1|885|1330	PM0020-C.g1549	30.000	330	165	10	160	446	183	489	2.72e-31	130
PF3D7_0420700|DBLd|1|885|1330	PA0193-C.g234	75.697	502	63	8	1	446	910	1408	0.0	743
PF3D7_0420700|DBLd|1|885|1330	PA0193-C.g234	35.714	168	89	4	278	430	318	481	9.87e-21	97.8
PF3D7_0420700|DBLd|1|885|1330	PF0730-C.g774	77.149	477	78	5	1	446	827	1303	0.0	728
PF3D7_0420700|DBLd|1|885|1330	PF0730-C.g774	27.628	333	176	9	156	446	178	487	2.25e-26	115
PF3D7_0420700|DBLd|1|885|1330	PA0200-C.g277	79.303	459	67	5	1	446	888	1331	0.0	718
PF3D7_0420700|DBLd|1|885|1330	PA0200-C.g277	27.097	310	181	7	139	424	180	468	4.04e-26	114
PF3D7_0420700|DBLd|1|885|1330	PC0053-C.g475	71.373	517	70	12	1	446	877	1386	0.0	711
PF3D7_0420700|DBLd|1|885|1330	PC0053-C.g475	29.139	302	180	7	157	436	184	473	1.94e-26	115
PF3D7_0420700|CIDRg|1|1331|1586	SenP027.02.g411	99.219	256	2	0	1	256	660	915	0.0	531
PF3D7_0420700|CIDRg|1|1331|1586	PV0236-C.g37	99.609	256	1	0	1	256	328	583	0.0	531
PF3D7_0420700|CIDRg|1|1331|1586	QE0418-C.g652	99.609	256	1	0	1	256	373	628	0.0	530
PF3D7_0420700|CIDRg|1|1331|1586	PF0816-C.g282	99.609	256	1	0	1	256	314	569	0.0	530
PF3D7_0420700|CIDRg|1|1331|1586	PD0505-C.g597	99.609	256	1	0	1	256	229	484	0.0	530
PF3D7_0420700|ATS|1|1699|2152	PM0020-C.g1549	100.000	454	0	0	1	454	1676	2129	0.0	923
PF3D7_0420700|ATS|1|1699|2152	PF0157-C.g49	99.119	454	4	0	1	454	2420	2873	0.0	915
PF3D7_0420700|ATS|1|1699|2152	PA0149-C.g23	99.119	454	4	0	1	454	1850	2303	0.0	914
PF3D7_0420700|ATS|1|1699|2152	PFKE10.g223	98.899	454	5	0	1	454	1736	2189	0.0	914
PF3D7_0420700|ATS|1|1699|2152	PV0211-C.g10	99.339	454	3	0	1	454	2416	2869	0.0	914
PF3D7_0420900|NTS|1|1|66	QE0437-C.g372	73.134	67	17	1	1	66	1	67	2.12e-25	99.0
PF3D7_0420900|NTS|1|1|66	QE0397-C.g640	73.134	67	17	1	1	66	1	67	2.20e-25	99.0
PF3D7_0420900|NTS|1|1|66	SenT105.07.g266	73.134	67	17	1	1	66	1	67	2.25e-25	99.0
PF3D7_0420900|NTS|1|1|66	QG0269-C.g737	73.134	67	17	1	1	66	1	67	2.53e-25	98.6
PF3D7_0420900|NTS|1|1|66	PA0061-C.g702	73.134	67	17	1	1	66	1	67	2.53e-25	98.6
PF3D7_0420900|DBLa|1|67|507	QE0429-C.g677	72.210	439	100	11	22	441	1	436	0.0	601
PF3D7_0420900|DBLa|1|67|507	QE0429-C.g677	28.477	302	133	13	53	345	2003	2230	3.53e-16	84.0
PF3D7_0420900|DBLa|1|67|507	QE0429-C.g677	22.255	337	181	12	138	441	995	1283	3.81e-10	64.7
PF3D7_0420900|DBLa|1|67|507	SenT036.10.g2380	67.338	447	123	11	1	441	65	494	0.0	572
PF3D7_0420900|DBLa|1|67|507	SenT036.10.g2380	25.087	287	149	12	185	441	1137	1387	2.64e-11	68.6
PF3D7_0420900|DBLa|1|67|507	PC0097-C.g1147	63.519	466	138	11	1	441	59	517	0.0	561
PF3D7_0420900|DBLa|1|67|507	PC0097-C.g1147	25.714	280	148	8	188	441	1198	1443	5.39e-16	83.2
PF3D7_0420900|DBLa|1|67|507	PfKE05.g226	63.519	466	138	11	1	441	59	517	0.0	560
PF3D7_0420900|DBLa|1|67|507	PfKE05.g226	24.648	284	145	8	188	441	1198	1442	1.23e-13	75.9
PF3D7_0420900|DBLa|1|67|507	QE0424-C.g614	64.254	456	125	10	22	441	82	535	0.0	558
PF3D7_0420900|DBLa|1|67|507	QE0424-C.g614	23.529	340	177	7	134	441	1129	1417	2.99e-14	77.8
PF3D7_0420900|CIDRa|1|508|806	PT0059-C.g800	98.980	294	3	0	1	294	496	789	0.0	597
PF3D7_0420900|CIDRa|1|508|806	PT0059-C.g800	35.955	89	52	4	128	214	1473	1558	8.60e-07	52.8
PF3D7_0420900|CIDRa|1|508|806	QG0291-C.g3239	91.216	296	24	2	1	295	531	825	4.56e-165	503
PF3D7_0420900|CIDRa|1|508|806	QG0291-C.g3239	30.709	127	86	2	128	254	1450	1574	1.23e-11	67.8
PF3D7_0420900|CIDRa|1|508|806	PM0144-C.g834	83.446	296	45	3	1	295	515	807	1.62e-148	459
PF3D7_0420900|CIDRa|1|508|806	PF0818-C.g255	83.446	296	45	3	1	295	515	807	2.01e-148	459
PF3D7_0420900|CIDRa|1|508|806	PT0303-Cx.g2234	83.446	296	45	3	1	295	515	807	5.25e-148	457
PF3D7_0420900|DBLd|1|885|1350	PA0254-C.g859	62.986	489	133	15	2	466	1887	2351	0.0	569
PF3D7_0420900|DBLd|1|885|1350	PA0254-C.g859	23.631	347	191	12	139	466	188	479	1.02e-09	63.5
PF3D7_0420900|DBLd|1|885|1350	PA0200-C.g577	61.396	487	140	14	7	466	925	1390	1.18e-178	547
PF3D7_0420900|DBLd|1|885|1350	PA0200-C.g577	25.134	374	185	13	139	466	187	511	1.66e-17	88.2
PF3D7_0420900|DBLd|1|885|1350	PA0220-C.g973	49.904	521	187	15	1	466	84	585	1.07e-151	458
PF3D7_0420900|DBLd|1|885|1350	PA0254-C.g125	47.913	551	172	14	1	466	150	670	1.21e-151	460
PF3D7_0420900|DBLd|1|885|1350	QG0187-C.g555	50.484	517	183	13	1	466	843	1337	5.42e-144	448
PF3D7_0420900|DBLd|1|885|1350	QG0187-C.g555	24.295	461	242	18	48	466	112	507	9.26e-21	98.2
PF3D7_0420900|CIDRg|1|1351|1630	PA0200-C.g577	96.364	275	10	0	1	275	1391	1665	2.45e-178	538
PF3D7_0420900|CIDRg|1|1351|1630	PA0245-C.g845	95.956	272	11	0	1	272	1420	1691	2.57e-174	528
PF3D7_0420900|CIDRg|1|1351|1630	PA0254-C.g859	93.571	280	17	1	1	280	2352	2630	3.24e-166	512
PF3D7_0420900|CIDRg|1|1351|1630	PT0240-C.g626	80.212	283	49	3	1	280	1422	1700	1.37e-142	442
PF3D7_0420900|CIDRg|1|1351|1630	PM0073-C.g1347	69.718	284	77	4	1	280	1531	1809	3.35e-126	397
PF3D7_0420900|ATS|1|1762|2201	PV0211-C.g52	68.443	469	106	10	2	440	1846	2302	0.0	578
PF3D7_0420900|ATS|1|1762|2201	PV0234-C.g26	65.031	489	112	11	2	437	1736	2218	0.0	571
PF3D7_0420900|ATS|1|1762|2201	PFKE09.g399	65.768	482	90	15	1	440	1790	2238	0.0	560
PF3D7_0420900|ATS|1|1762|2201	PT0170-C.g672	65.245	469	123	12	1	440	1768	2225	4.46e-177	548
PF3D7_0420900|ATS|1|1762|2201	PFKE09.g563	65.795	459	121	11	1	440	775	1216	1.13e-175	526
PF3D7_0421100|NTS|1|1|67	PV0082-C.g88	75.385	65	16	0	2	66	1	65	1.06e-25	99.8
PF3D7_0421100|NTS|1|1|67	PA0251-C.g542	71.642	67	19	0	1	67	1	67	2.24e-24	95.9
PF3D7_0421100|NTS|1|1|67	PT0222-C.g662	74.603	63	16	0	5	67	3	65	1.67e-23	93.6
PF3D7_0421100|NTS|1|1|67	SenT001.08.g328	68.116	69	20	1	1	67	1	69	2.19e-23	93.2
PF3D7_0421100|NTS|1|1|67	PA0202-C.g562	70.769	65	19	0	3	67	9	73	2.61e-23	92.8
PF3D7_0421100|DBLa|1|68|472	QG0200-C.g505	72.038	422	100	3	1	405	70	490	0.0	604
PF3D7_0421100|DBLa|1|68|472	QG0200-C.g505	30.000	290	143	13	164	405	1049	1326	1.89e-17	87.0
PF3D7_0421100|DBLa|1|68|472	SenT001.08.g328	72.038	422	100	3	1	405	70	490	0.0	603
PF3D7_0421100|DBLa|1|68|472	SenT001.08.g328	29.655	290	144	13	164	405	1024	1301	9.36e-17	85.1
PF3D7_0421100|DBLa|1|68|472	PV0139-C.g122	72.639	413	104	4	1	405	70	481	0.0	601
PF3D7_0421100|DBLa|1|68|472	PV0139-C.g122	32.967	182	108	5	230	405	1178	1351	1.20e-14	78.6
PF3D7_0421100|DBLa|1|68|472	PV0028-C.g84	72.639	413	104	4	1	405	70	481	0.0	598
PF3D7_0421100|DBLa|1|68|472	PV0028-C.g84	27.407	270	142	12	182	405	1056	1317	4.50e-14	76.6
PF3D7_0421100|DBLa|1|68|472	SenV092.05.g361	73.544	412	98	4	1	405	66	473	0.0	596
PF3D7_0421100|DBLa|1|68|472	SenV092.05.g361	30.811	185	106	6	229	405	1164	1334	5.30e-12	70.5
PF3D7_0421100|CIDRa|1|473|754	SenV092.05.g361	79.152	283	57	2	1	282	474	755	1.58e-134	419
PF3D7_0421100|CIDRa|1|473|754	SenV092.05.g361	33.065	124	77	4	112	233	1418	1537	2.90e-08	57.0
PF3D7_0421100|CIDRa|1|473|754	PM0157-C.g620	68.478	276	75	3	1	274	474	739	2.78e-114	363
PF3D7_0421100|CIDRa|1|473|754	PM0157-C.g620	30.827	133	84	3	112	239	1425	1554	1.48e-10	63.9
PF3D7_0421100|CIDRa|1|473|754	PM0132-C.g278	67.029	276	74	4	1	274	476	736	7.18e-110	350
PF3D7_0421100|CIDRa|1|473|754	PH0367-C.g445	64.912	285	83	5	1	282	486	756	5.96e-108	345
PF3D7_0421100|CIDRa|1|473|754	PA0040-C.g28	63.475	282	87	4	1	279	499	767	1.45e-107	336
PF3D7_0421100|DBLd|1|835|1330	PA0254-C.g859	61.220	508	139	14	3	496	1888	2351	0.0	576
PF3D7_0421100|DBLd|1|835|1330	PA0254-C.g859	23.837	344	188	12	172	496	191	479	5.71e-10	64.7
PF3D7_0421100|DBLd|1|835|1330	PA0200-C.g577	58.414	517	137	14	7	496	925	1390	1.39e-177	545
PF3D7_0421100|DBLd|1|835|1330	PA0200-C.g577	25.067	375	186	13	168	496	186	511	6.74e-18	89.7
PF3D7_0421100|DBLd|1|835|1330	PA0254-C.g125	48.577	562	182	16	1	496	150	670	1.77e-155	471
PF3D7_0421100|DBLd|1|835|1330	PA0245-C.g845	50.874	572	173	16	1	496	880	1419	3.10e-154	483
PF3D7_0421100|DBLd|1|835|1330	PA0245-C.g845	25.442	283	163	9	168	440	172	416	1.38e-14	79.3
PF3D7_0421100|DBLd|1|835|1330	PA0220-C.g973	49.348	537	196	16	1	496	84	585	1.95e-152	461
PF3D7_0421100|CIDRg|1|1331|1610	PA0200-C.g577	96.364	275	10	0	1	275	1391	1665	2.45e-178	538
PF3D7_0421100|CIDRg|1|1331|1610	PA0245-C.g845	95.956	272	11	0	1	272	1420	1691	2.57e-174	528
PF3D7_0421100|CIDRg|1|1331|1610	PA0254-C.g859	93.571	280	17	1	1	280	2352	2630	3.24e-166	512
PF3D7_0421100|CIDRg|1|1331|1610	PT0240-C.g626	80.212	283	49	3	1	280	1422	1700	1.37e-142	442
PF3D7_0421100|CIDRg|1|1331|1610	PM0073-C.g1347	69.718	284	77	4	1	280	1531	1809	3.35e-126	397
PF3D7_0421100|ATS|1|1742|2181	PV0211-C.g52	68.443	469	106	10	2	440	1846	2302	0.0	578
PF3D7_0421100|ATS|1|1742|2181	PV0234-C.g26	65.031	489	112	11	2	437	1736	2218	0.0	571
PF3D7_0421100|ATS|1|1742|2181	PFKE09.g399	65.768	482	90	15	1	440	1790	2238	0.0	560
PF3D7_0421100|ATS|1|1742|2181	PT0170-C.g672	65.245	469	123	12	1	440	1768	2225	4.46e-177	548
PF3D7_0421100|ATS|1|1742|2181	PFKE09.g563	65.795	459	121	11	1	440	775	1216	1.13e-175	526
PF3D7_0421300|NTS|1|1|64	PF0145-C.g479	100.000	64	0	0	1	64	1	64	5.31e-37	131
PF3D7_0421300|NTS|1|1|64	PT0303-Cx.g2233	79.310	58	12	0	7	64	8	65	1.87e-23	93.2
PF3D7_0421300|NTS|1|1|64	PFKE09.g142	75.862	58	14	0	7	64	8	65	8.14e-22	88.6
PF3D7_0421300|NTS|1|1|64	PA0254-C.g849	93.478	46	3	0	7	52	8	53	9.73e-22	88.2
PF3D7_0421300|NTS|1|1|64	PM0019-C.g1711	67.188	64	19	1	1	64	1	62	4.28e-21	86.7
PF3D7_0421300|DBLa|1|65|490	PF0145-C.g479	76.854	445	84	3	1	426	65	509	0.0	669
PF3D7_0421300|DBLa|1|65|490	PF0145-C.g479	25.392	319	187	9	120	426	1077	1356	1.25e-16	85.1
PF3D7_0421300|DBLa|1|65|490	PT0063-C.g485	65.393	445	115	12	1	426	68	492	1.65e-178	543
PF3D7_0421300|DBLa|1|65|490	PT0063-C.g485	28.793	323	180	12	114	426	1057	1339	1.16e-27	118
PF3D7_0421300|DBLa|1|65|490	PM0107-C.g498	63.839	448	137	7	1	426	63	507	1.87e-178	539
PF3D7_0421300|DBLa|1|65|490	PM0107-C.g498	28.852	305	170	13	148	426	1082	1365	5.70e-19	92.0
PF3D7_0421300|DBLa|1|65|490	QG0252-C.g2092	65.393	445	115	12	1	426	68	492	8.77e-178	543
PF3D7_0421300|DBLa|1|65|490	QG0252-C.g2092	31.156	199	119	5	231	426	1230	1413	1.10e-17	88.2
PF3D7_0421300|DBLa|1|65|490	PM0115-C.g530	63.839	448	137	7	1	426	63	507	7.57e-177	540
PF3D7_0421300|DBLa|1|65|490	PM0115-C.g530	28.852	305	170	13	148	426	1082	1365	4.54e-19	92.4
PF3D7_0421300|CIDRa|1|491|783	PM0020-C.g1549	98.653	297	0	1	1	293	490	786	0.0	594
PF3D7_0421300|CIDRa|1|491|783	PF0190-C.g458	66.013	306	79	9	1	292	517	811	3.26e-118	375
PF3D7_0421300|CIDRa|1|491|783	PA0089-C.g365	67.785	298	81	7	1	293	172	459	2.64e-113	358
PF3D7_0421300|CIDRa|1|491|783	PT0222-C.g29	63.782	312	87	8	1	293	509	813	9.42e-113	351
PF3D7_0421300|CIDRa|1|491|783	SenT224.08.g277	67.785	298	81	7	1	293	501	788	1.01e-112	359
PF3D7_0421300|DBLd|1|867|1384	PA0188-C.g719	54.275	538	167	15	11	518	856	1344	4.73e-160	498
PF3D7_0421300|DBLd|1|867|1384	PA0188-C.g719	32.796	186	98	7	360	518	304	489	4.96e-18	90.5
PF3D7_0421300|DBLd|1|867|1384	PF0152-C.g545	53.933	534	174	16	1	518	842	1319	1.74e-154	483
PF3D7_0421300|DBLd|1|867|1384	PF0152-C.g545	30.481	187	103	6	358	518	314	499	1.52e-14	79.3
PF3D7_0421300|DBLd|1|867|1384	PM0100-C.g1342	52.050	561	208	25	1	518	904	1446	2.20e-148	468
PF3D7_0421300|DBLd|1|867|1384	PM0100-C.g1342	30.556	108	73	1	349	454	304	411	1.35e-11	70.1
PF3D7_0421300|DBLd|1|867|1384	PT0041-C.g218	50.746	536	206	16	1	518	1270	1765	1.05e-145	463
PF3D7_0421300|DBLd|1|867|1384	PC0046-C.g16	51.571	541	184	19	1	518	1642	2127	1.17e-144	461
PF3D7_0421300|DBLd|1|867|1384	PC0046-C.g16	24.138	406	169	11	56	454	1269	1542	2.96e-21	100
PF3D7_0421300|DBLd|1|867|1384	PC0046-C.g16	32.984	191	97	5	359	518	253	443	1.53e-16	85.9
PF3D7_0421300|CIDRb|1|1385|1629	PA0208-C.g247	99.592	245	1	0	1	245	1748	1992	2.67e-164	503
PF3D7_0421300|CIDRb|1|1385|1629	PF0035-C.g281	99.592	245	1	0	1	245	1748	1992	2.67e-164	503
PF3D7_0421300|CIDRb|1|1385|1629	QE0470-C.g1073	78.776	245	51	1	1	244	1293	1537	1.57e-125	392
PF3D7_0421300|CIDRb|1|1385|1629	QE0470-C.g1073	32.520	123	77	3	48	164	533	655	3.06e-08	56.2
PF3D7_0421300|CIDRb|1|1385|1629	PF0730-C.g154	67.063	252	76	4	1	245	2367	2618	2.94e-101	324
PF3D7_0421300|CIDRb|1|1385|1629	PF0730-C.g154	26.050	238	148	5	1	210	460	697	4.23e-07	52.8
PF3D7_0421300|CIDRb|1|1385|1629	PfKE05.g226	68.333	240	70	3	1	234	1443	1682	4.45e-101	324
PF3D7_0421300|CIDRb|1|1385|1629	PfKE05.g226	44.615	65	35	1	101	164	663	727	1.53e-08	57.4
PF3D7_0421300|ATS|1|1748|2193	PC0113-C.g949	82.119	453	64	9	1	446	1702	2144	0.0	694
PF3D7_0421300|ATS|1|1748|2193	PC0097-C.g664	78.337	457	79	7	1	446	2364	2811	0.0	692
PF3D7_0421300|ATS|1|1748|2193	PA0245-C.g391	77.996	459	65	9	1	446	2512	2947	0.0	682
PF3D7_0421300|ATS|1|1748|2193	PFKE01.g19	77.111	450	88	6	1	446	1733	2171	0.0	669
PF3D7_0421300|ATS|1|1748|2193	PV0028-C.g43	76.872	454	80	10	1	446	1843	2279	0.0	666
PF3D7_0425800|NTS|1|1|72	PfKE05.g185	100.000	72	0	0	1	72	1	72	1.89e-42	147
PF3D7_0425800|NTS|1|1|72	QG0204-C.g873	100.000	72	0	0	1	72	1	72	1.33e-41	145
PF3D7_0425800|NTS|1|1|72	QG0218-C.g5937	100.000	72	0	0	1	72	1	72	1.62e-41	145
PF3D7_0425800|NTS|1|1|72	PF0011-C.g476	100.000	72	0	0	1	72	1	72	2.12e-41	144
PF3D7_0425800|NTS|1|1|72	PM0146-C.g41	100.000	72	0	0	1	72	1	72	4.57e-41	144
PF3D7_0425800|DBLa|1|73|478	PM0146-C.g41	100.000	406	0	0	1	406	73	478	0.0	852
PF3D7_0425800|DBLa|1|73|478	PM0146-C.g41	29.126	309	164	10	55	348	851	1119	2.69e-25	111
PF3D7_0425800|DBLa|1|73|478	PM0146-C.g41	30.396	227	113	6	55	265	1372	1569	2.72e-25	111
PF3D7_0425800|DBLa|1|73|478	PM0146-C.g41	23.867	331	176	10	35	336	1758	2041	3.50e-14	77.4
PF3D7_0425800|DBLa|1|73|478	PM0146-C.g41	29.493	217	99	10	184	357	2483	2688	2.96e-13	74.3
PF3D7_0425800|DBLa|1|73|478	QG0204-C.g873	100.000	406	0	0	1	406	73	478	0.0	850
PF3D7_0425800|DBLa|1|73|478	QG0204-C.g873	27.515	338	199	8	78	406	2345	2645	7.24e-34	136
PF3D7_0425800|DBLa|1|73|478	QG0204-C.g873	30.650	323	168	13	55	356	1379	1666	3.66e-31	128
PF3D7_0425800|DBLa|1|73|478	QG0204-C.g873	29.126	309	164	10	55	348	851	1119	3.41e-25	110
PF3D7_0425800|DBLa|1|73|478	QG0204-C.g873	25.360	347	186	13	48	376	1794	2085	4.03e-15	80.1
PF3D7_0425800|DBLa|1|73|478	PfKE05.g185	100.000	406	0	0	1	406	73	478	0.0	849
PF3D7_0425800|DBLa|1|73|478	PfKE05.g185	29.126	309	164	10	55	348	851	1119	3.03e-25	110
PF3D7_0425800|DBLa|1|73|478	PfKE05.g185	26.586	331	166	11	28	325	2802	3088	4.86e-23	104
PF3D7_0425800|DBLa|1|73|478	PfKE05.g185	29.057	265	145	7	118	370	2179	2412	2.33e-22	102
PF3D7_0425800|DBLa|1|73|478	PfKE05.g185	27.164	335	172	11	41	357	1274	1554	3.55e-21	98.6
PF3D7_0425800|DBLa|1|73|478	PfKE05.g185	23.214	336	201	11	52	376	3234	3523	7.73e-15	79.3
PF3D7_0425800|DBLa|1|73|478	PfKE05.g185	27.517	149	88	3	179	325	1842	1972	1.27e-09	62.8
PF3D7_0425800|DBLa|1|73|478	QG0218-C.g5937	100.000	406	0	0	1	406	73	478	0.0	849
PF3D7_0425800|DBLa|1|73|478	QG0218-C.g5937	30.199	351	179	11	39	380	1332	1625	2.98e-28	120
PF3D7_0425800|DBLa|1|73|478	QG0218-C.g5937	29.126	309	164	10	55	348	851	1119	2.36e-25	111
PF3D7_0425800|DBLa|1|73|478	QG0218-C.g5937	25.890	309	164	12	47	338	1731	1991	1.13e-19	94.0
PF3D7_0425800|DBLa|1|73|478	QG0218-C.g5937	26.235	324	186	12	126	406	2332	2645	8.63e-15	79.0
PF3D7_0425800|DBLa|1|73|478	QG0290-C.g6783	86.650	412	47	3	1	406	72	481	0.0	706
PF3D7_0425800|DBLa|1|73|478	QG0290-C.g6783	30.464	302	160	10	118	406	2243	2507	2.14e-26	114
PF3D7_0425800|DBLa|1|73|478	QG0290-C.g6783	31.429	315	159	15	55	356	2925	3195	1.54e-24	108
PF3D7_0425800|DBLa|1|73|478	QG0290-C.g6783	28.852	305	165	10	55	349	854	1116	6.94e-24	107
PF3D7_0425800|DBLa|1|73|478	QG0290-C.g6783	22.917	336	188	10	51	356	1285	1579	1.01e-12	72.8
PF3D7_0425800|DBLa|1|73|478	QG0290-C.g6783	24.823	282	153	11	85	359	3369	3598	4.04e-11	67.8
PF3D7_0425800|DBLa|1|73|478	QG0290-C.g6783	22.857	315	175	11	37	331	1775	2041	1.03e-09	63.2
PF3D7_0425800|CIDRa|1|479|728	PM0146-C.g41	100.000	250	0	0	1	250	479	728	3.77e-169	519
PF3D7_0425800|CIDRa|1|479|728	QG0204-C.g873	100.000	250	0	0	1	250	479	728	1.42e-168	518
PF3D7_0425800|CIDRa|1|479|728	QG0204-C.g873	26.316	209	128	7	9	208	2649	2840	6.71e-09	58.5
PF3D7_0425800|CIDRa|1|479|728	QG0218-C.g5937	100.000	250	0	0	1	250	479	728	1.58e-168	518
PF3D7_0425800|CIDRa|1|479|728	PfKE05.g185	100.000	250	0	0	1	250	479	728	5.44e-168	516
PF3D7_0425800|CIDRa|1|479|728	PH0549-C.g296	92.800	250	18	0	1	250	463	712	3.62e-153	473
PF3D7_0425800|CIDRa|1|479|728	PH0549-C.g296	28.205	117	83	1	54	170	2723	2838	1.29e-07	54.7
PF3D7_0425800|DBLb|1|737|1221	QG0218-C.g5937	99.794	485	1	0	1	485	737	1221	0.0	1012
PF3D7_0425800|DBLb|1|737|1221	QG0218-C.g5937	43.606	477	211	13	14	485	1252	1675	1.72e-102	339
PF3D7_0425800|DBLb|1|737|1221	QG0218-C.g5937	29.740	269	138	9	115	347	127	380	9.83e-25	110
PF3D7_0425800|DBLb|1|737|1221	QG0218-C.g5937	26.761	284	153	9	104	365	1728	1978	3.63e-15	81.3
PF3D7_0425800|DBLb|1|737|1221	PM0146-C.g41	98.969	485	5	0	1	485	737	1221	0.0	1001
PF3D7_0425800|DBLb|1|737|1221	PM0146-C.g41	40.784	510	217	15	14	485	1252	1714	3.96e-94	315
PF3D7_0425800|DBLb|1|737|1221	PM0146-C.g41	29.740	269	138	9	115	347	127	380	9.77e-25	110
PF3D7_0425800|DBLb|1|737|1221	PM0146-C.g41	25.641	273	155	8	114	359	1774	2025	7.79e-15	80.1
PF3D7_0425800|DBLb|1|737|1221	PfKE05.g185	97.113	485	14	0	1	485	737	1221	0.0	983
PF3D7_0425800|DBLb|1|737|1221	PfKE05.g185	43.574	498	221	14	1	485	2731	3181	1.08e-112	368
PF3D7_0425800|DBLb|1|737|1221	PfKE05.g185	29.740	269	138	9	115	347	127	380	1.64e-24	110
PF3D7_0425800|DBLb|1|737|1221	PfKE05.g185	25.185	270	154	6	114	365	1287	1526	1.51e-19	95.1
PF3D7_0425800|DBLb|1|737|1221	PfKE05.g185	23.420	269	166	9	114	364	3236	3482	2.16e-11	69.3
PF3D7_0425800|DBLb|1|737|1221	PfKE05.g185	24.579	297	167	13	96	366	1709	1974	2.72e-11	68.9
PF3D7_0425800|DBLb|1|737|1221	PfKE05.g185	22.126	348	192	11	111	401	2087	2412	1.04e-08	60.5
PF3D7_0425800|DBLb|1|737|1221	QG0204-C.g873	94.970	497	13	1	1	485	737	1233	0.0	971
PF3D7_0425800|DBLb|1|737|1221	QG0204-C.g873	43.470	536	207	20	1	485	1249	1739	3.70e-108	355
PF3D7_0425800|DBLb|1|737|1221	QG0204-C.g873	29.740	269	138	9	115	347	127	380	1.23e-24	110
PF3D7_0425800|DBLb|1|737|1221	QG0204-C.g873	24.727	275	153	8	114	364	1800	2044	1.55e-13	75.9
PF3D7_0425800|DBLb|1|737|1221	QG0204-C.g873	24.189	339	201	11	85	370	2244	2579	1.17e-09	63.5
PF3D7_0425800|DBLb|1|737|1221	PF0011-C.g476	94.845	485	22	1	1	485	902	1383	0.0	939
PF3D7_0425800|DBLb|1|737|1221	PF0011-C.g476	40.755	503	214	16	14	485	1414	1863	8.71e-90	302
PF3D7_0425800|DBLb|1|737|1221	PF0011-C.g476	29.851	268	137	9	115	346	127	379	1.09e-24	110
PF3D7_0425800|DBLb|1|737|1221	PF0011-C.g476	26.133	375	180	15	58	398	1879	2190	1.02e-14	79.7
PF3D7_0425800|DBLb|2|1237|1689	PM0096-C.g586	66.222	450	127	7	5	433	1239	1684	0.0	592
PF3D7_0425800|DBLb|2|1237|1689	PM0096-C.g586	47.817	504	200	17	1	453	726	1217	1.66e-126	404
PF3D7_0425800|DBLb|2|1237|1689	PM0096-C.g586	30.435	368	172	15	113	421	122	464	1.78e-28	121
PF3D7_0425800|DBLb|2|1237|1689	SenT036.10.g1124	67.896	461	133	6	1	453	70	523	0.0	590
PF3D7_0425800|DBLb|2|1237|1689	SenT190.09.g854	66.593	455	122	10	4	453	561	990	0.0	582
PF3D7_0425800|DBLb|2|1237|1689	SenT190.09.g854	44.534	494	214	18	1	453	65	539	4.98e-106	344
PF3D7_0425800|DBLb|2|1237|1689	SenT190.09.g854	26.336	262	148	8	115	349	1048	1291	1.08e-16	85.5
PF3D7_0425800|DBLb|2|1237|1689	PT0303-Cx.g1431	61.134	494	147	10	1	453	1259	1748	0.0	568
PF3D7_0425800|DBLb|2|1237|1689	PT0303-Cx.g1431	42.300	513	224	16	1	453	730	1230	5.79e-102	336
PF3D7_0425800|DBLb|2|1237|1689	PT0303-Cx.g1431	32.951	349	171	15	42	339	38	374	5.81e-41	159
PF3D7_0425800|DBLb|2|1237|1689	PV0204-C.g69	60.759	474	138	9	5	453	85	535	0.0	544
PF3D7_0425800|DBLb|2|1237|1689	PV0204-C.g69	41.767	498	224	17	1	453	551	1027	2.37e-104	337
PF3D7_0425800|DBLb|2|1237|1689	PV0204-C.g69	54.902	51	23	0	403	453	11	61	3.37e-09	61.6
PF3D7_0425800|DBLg|1|1709|2091	PA0022-C.g242	100.000	383	0	0	1	383	1052	1434	0.0	807
PF3D7_0425800|DBLg|1|1709|2091	PA0022-C.g242	30.841	428	176	15	1	312	1593	2016	3.98e-41	157
PF3D7_0425800|DBLg|1|1709|2091	PA0022-C.g242	29.032	279	149	8	50	308	688	937	1.97e-20	95.9
PF3D7_0425800|DBLg|1|1709|2091	PA0022-C.g242	25.524	286	157	8	44	306	164	416	1.92e-18	90.1
PF3D7_0425800|DBLg|1|1709|2091	PA0011-C.g541	100.000	383	0	0	1	383	1724	2106	0.0	801
PF3D7_0425800|DBLg|1|1709|2091	PA0011-C.g541	28.674	279	150	8	50	308	1360	1609	2.96e-20	95.5
PF3D7_0425800|DBLg|1|1709|2091	PA0011-C.g541	25.524	286	157	8	44	306	836	1088	2.00e-18	89.7
PF3D7_0425800|DBLg|1|1709|2091	PA0011-C.g541	23.746	299	190	8	32	306	103	387	4.25e-15	79.7
PF3D7_0425800|DBLg|1|1709|2091	PT0170-C.g421	78.718	390	59	4	1	383	1207	1579	0.0	619
PF3D7_0425800|DBLg|1|1709|2091	PT0170-C.g421	32.687	361	174	13	1	306	1759	2105	6.86e-40	153
PF3D7_0425800|DBLg|1|1709|2091	PT0170-C.g421	25.240	313	176	10	36	322	322	602	2.22e-20	95.9
PF3D7_0425800|DBLg|1|1709|2091	PT0170-C.g421	26.144	306	152	11	35	316	844	1099	1.97e-11	68.2
PF3D7_0425800|DBLg|1|1709|2091	PC0071-C.g2	78.161	348	58	4	1	348	446	775	0.0	549
PF3D7_0425800|DBLg|1|1709|2091	PC0071-C.g2	26.736	288	150	11	52	316	88	337	1.81e-11	68.2
PF3D7_0425800|DBLg|1|1709|2091	PC0071-C.g2	32.331	133	32	5	48	122	1024	1156	3.99e-07	54.7
PF3D7_0425800|DBLg|1|1709|2091	QG0277-C.g969	69.330	388	100	3	1	383	1668	2041	9.23e-175	542
PF3D7_0425800|DBLg|1|1709|2091	QG0277-C.g969	43.301	418	171	14	1	383	2087	2473	1.01e-90	300
PF3D7_0425800|DBLg|1|1709|2091	QG0277-C.g969	26.450	431	186	13	1	310	2547	2967	2.83e-31	128
PF3D7_0425800|DBLg|1|1709|2091	QG0277-C.g969	27.609	297	140	11	52	324	1321	1566	4.94e-18	88.6
PF3D7_0425800|DBLg|1|1709|2091	QG0277-C.g969	26.804	291	158	10	52	324	835	1088	7.38e-15	79.0
PF3D7_0425800|DBLg|1|1709|2091	QG0277-C.g969	23.547	327	190	14	46	338	123	423	9.75e-15	78.6
PF3D7_0425800|DBLd|1|2242|2744	PT0039-C.g565	54.802	531	171	14	1	503	451	940	4.03e-159	488
PF3D7_0425800|DBLd|1|2242|2744	PF0449-C.g793	56.827	542	156	18	1	503	2525	3027	6.22e-157	496
PF3D7_0425800|DBLd|1|2242|2744	PF0449-C.g793	32.704	318	145	9	141	458	2069	2317	5.93e-37	148
PF3D7_0425800|DBLd|1|2242|2744	PF0449-C.g793	35.669	314	133	14	132	440	1287	1536	9.66e-36	144
PF3D7_0425800|DBLd|1|2242|2744	PF0449-C.g793	30.420	286	130	7	146	431	1703	1919	3.22e-33	137
PF3D7_0425800|DBLd|1|2242|2744	PF0449-C.g793	28.934	197	109	4	261	454	241	409	1.42e-16	85.9
PF3D7_0425800|DBLd|1|2242|2744	PC0061-C.g1218	55.801	543	182	17	1	503	2074	2598	1.19e-155	493
PF3D7_0425800|DBLd|1|2242|2744	PC0061-C.g1218	31.457	302	138	9	132	433	1209	1441	4.33e-31	130
PF3D7_0425800|DBLd|1|2242|2744	PC0061-C.g1218	27.397	292	128	8	142	433	1610	1817	6.84e-25	111
PF3D7_0425800|DBLd|1|2242|2744	PC0061-C.g1218	25.794	252	151	7	264	503	238	465	4.23e-16	84.3
PF3D7_0425800|DBLd|1|2242|2744	PC0069-C.g312	52.874	522	181	15	1	503	903	1378	7.73e-152	476
PF3D7_0425800|DBLd|1|2242|2744	PC0069-C.g312	26.816	358	174	15	206	503	185	514	8.49e-17	86.3
PF3D7_0425800|DBLd|1|2242|2744	PFKE10.g14	55.577	520	192	16	1	503	847	1344	1.18e-150	472
PF3D7_0425800|DBLd|1|2242|2744	PFKE10.g14	26.235	324	185	12	206	503	195	490	5.07e-13	74.3
PF3D7_0425800|CIDRb|1|2745|2990	PT0158-C.g314	95.935	246	10	0	1	246	1401	1646	1.00e-156	483
PF3D7_0425800|CIDRb|1|2745|2990	PF0282-C.g437	78.138	247	52	2	1	246	1380	1625	3.30e-122	383
PF3D7_0425800|CIDRb|1|2745|2990	PA0078-C.g559	75.966	233	48	2	20	244	1336	1568	3.40e-108	343
PF3D7_0425800|CIDRb|1|2745|2990	SenT044.11.g1211	75.966	233	48	2	20	244	2349	2581	9.03e-108	343
PF3D7_0425800|CIDRb|1|2745|2990	PM0076-C.g323	75.966	233	48	2	20	244	2340	2572	9.29e-108	343
PF3D7_0425800|ATS|1|3128|3553	QE0448-C.g49	88.551	428	46	3	1	426	2723	3149	0.0	763
PF3D7_0425800|ATS|1|3128|3553	PC0113-C.g1115	87.793	426	48	3	1	426	3496	3917	0.0	753
PF3D7_0425800|ATS|1|3128|3553	PA0262-C.g127	82.812	448	55	3	1	426	2860	3307	0.0	744
PF3D7_0425800|ATS|1|3128|3553	PFKE01.g6	85.480	427	59	3	1	426	2709	3133	0.0	742
PF3D7_0425800|ATS|1|3128|3553	PfKE02.g4	87.703	431	46	5	1	426	3080	3508	0.0	739
PF3D7_0426000|NTS|1|1|62	PC0047-C.g371	88.136	59	6	1	4	61	3	61	5.90e-25	97.4
PF3D7_0426000|NTS|1|1|62	PF0692-C.g866	77.966	59	13	0	4	62	3	61	8.87e-23	91.3
PF3D7_0426000|NTS|1|1|62	PA0149-C.g23	67.857	56	18	0	7	62	9	64	8.51e-19	79.7
PF3D7_0426000|NTS|1|1|62	PF0590-C.g746	64.062	64	21	1	1	62	1	64	3.17e-18	78.2
PF3D7_0426000|NTS|1|1|62	PA0204-C.g420	65.517	58	20	0	5	62	5	62	3.30e-18	78.2
PF3D7_0426000|DBLa|1|63|488	PV0099-C.g63	99.063	427	3	1	1	426	61	487	0.0	877
PF3D7_0426000|DBLa|1|63|488	PV0099-C.g63	35.000	180	101	5	248	426	1161	1325	4.47e-17	86.7
PF3D7_0426000|DBLa|1|63|488	PV0099-C.g63	24.771	218	105	6	52	269	2329	2487	2.62e-09	62.0
PF3D7_0426000|DBLa|1|63|488	PV0099-C.g63	22.083	240	119	7	52	285	2007	2184	2.13e-08	59.3
PF3D7_0426000|DBLa|1|63|488	PH0367-C.g270	99.063	427	3	1	1	426	61	487	0.0	877
PF3D7_0426000|DBLa|1|63|488	PH0367-C.g270	35.000	180	101	5	248	426	1161	1325	4.47e-17	86.7
PF3D7_0426000|DBLa|1|63|488	PH0367-C.g270	24.771	218	105	6	52	269	2329	2487	2.62e-09	62.0
PF3D7_0426000|DBLa|1|63|488	PH0367-C.g270	22.083	240	119	7	52	285	2007	2184	2.13e-08	59.3
PF3D7_0426000|DBLa|1|63|488	PA0157-C.g806	85.484	434	51	4	1	426	61	490	0.0	728
PF3D7_0426000|DBLa|1|63|488	PA0157-C.g806	31.016	187	106	10	248	426	1139	1310	3.49e-11	67.8
PF3D7_0426000|DBLa|1|63|488	PT0242-Cx.g749	69.111	450	109	7	5	426	69	516	0.0	604
PF3D7_0426000|DBLa|1|63|488	PT0242-Cx.g749	32.759	116	77	1	248	363	1194	1308	1.51e-13	75.5
PF3D7_0426000|DBLa|1|63|488	QG0297-C.g2574	71.046	411	105	8	21	426	81	482	0.0	584
PF3D7_0426000|DBLa|1|63|488	QG0297-C.g2574	27.381	336	186	12	58	383	886	1173	3.25e-24	108
PF3D7_0426000|CIDRa|1|489|743	PV0099-C.g63	94.118	255	14	1	1	255	488	741	2.81e-145	451
PF3D7_0426000|CIDRa|1|489|743	PH0367-C.g270	94.118	255	14	1	1	255	488	741	2.81e-145	451
PF3D7_0426000|CIDRa|1|489|743	PF0513-C.g1448	77.647	255	56	1	1	255	490	743	4.71e-133	413
PF3D7_0426000|CIDRa|1|489|743	PT0098-C.g624	77.647	255	56	1	1	255	487	740	1.35e-132	412
PF3D7_0426000|CIDRa|1|489|743	PV0211-C.g160	76.953	256	55	4	1	255	496	748	2.28e-130	400
PF3D7_0426000|CIDRa|1|489|743	PV0211-C.g160	82.677	127	21	1	129	255	800	925	1.19e-64	220
PF3D7_0426000|DBLd|1|835|1299	PM0100-C.g2209	50.275	545	167	20	1	465	148	668	2.23e-149	452
PF3D7_0426000|DBLd|1|835|1299	PFKE06.g273	51.009	545	169	19	1	465	828	1354	7.78e-144	453
PF3D7_0426000|DBLd|1|835|1299	PFKE06.g273	24.336	452	235	18	47	465	118	495	4.47e-15	80.5
PF3D7_0426000|DBLd|1|835|1299	PM0159-C.g24	50.275	545	167	20	1	465	880	1400	2.68e-143	451
PF3D7_0426000|DBLd|1|835|1299	PM0159-C.g24	22.615	283	152	8	209	465	257	498	4.04e-07	55.5
PF3D7_0426000|DBLd|1|835|1299	PA0270-C.g781	50.275	545	167	20	1	465	879	1399	4.10e-143	451
PF3D7_0426000|DBLd|1|835|1299	PA0270-C.g781	26.460	291	147	9	209	465	240	497	1.55e-15	82.0
PF3D7_0426000|DBLd|1|835|1299	SenT185.10.g798	50.275	545	167	20	1	465	896	1416	6.03e-143	451
PF3D7_0426000|DBLd|1|835|1299	SenT185.10.g798	26.460	291	147	9	209	465	257	514	1.44e-15	82.0
PF3D7_0426000|CIDRb|1|1300|1557	PF0092-C.g67	100.000	258	0	0	1	258	689	946	0.0	530
PF3D7_0426000|CIDRb|1|1300|1557	PM0152-C.g695	100.000	258	0	0	1	258	1404	1661	2.00e-174	526
PF3D7_0426000|CIDRb|1|1300|1557	PM0152-C.g695	33.333	72	48	0	98	169	611	682	2.15e-07	53.9
PF3D7_0426000|CIDRb|1|1300|1557	PF0789-C.g665	72.614	241	66	0	1	241	1290	1530	1.27e-108	345
PF3D7_0426000|CIDRb|1|1300|1557	PA0160-C.g1873	66.142	254	80	3	1	253	1398	1646	4.87e-100	322
PF3D7_0426000|CIDRb|1|1300|1557	PA0160-C.g1873	30.058	173	104	7	72	240	607	766	5.14e-07	52.8
PF3D7_0426000|CIDRb|1|1300|1557	PT0071-C.g482	66.142	254	80	3	1	253	1416	1664	8.24e-100	321
PF3D7_0426000|ATS|1|1670|2149	PV0239-C.g25	77.019	483	82	6	1	480	2129	2585	0.0	716
PF3D7_0426000|ATS|1|1670|2149	PD0483-C.g348	77.320	485	78	8	1	480	2589	3046	0.0	687
PF3D7_0426000|ATS|1|1670|2149	PC0122-C.g587	71.654	508	89	7	1	480	3364	3844	0.0	662
PF3D7_0426000|ATS|1|1670|2149	PT0264-C.g599	72.222	486	80	12	1	480	3166	3602	0.0	658
PF3D7_0426000|ATS|1|1670|2149	PV0118-C.g34	76.941	438	81	6	1	424	1740	2171	0.0	658
PF3D7_0500100|NTS|1|1|59	PA0254-C.g834	95.745	47	2	0	1	47	1	47	1.74e-23	93.2
PF3D7_0500100|NTS|1|1|59	PM0157-C.g125	63.934	61	20	1	1	59	1	61	1.55e-19	81.6
PF3D7_0500100|NTS|1|1|59	PA0151-C.g618	66.102	59	20	0	1	59	1	59	6.63e-19	80.1
PF3D7_0500100|NTS|1|1|59	PA0260-C.g600	64.407	59	21	0	1	59	1	59	2.70e-18	78.2
PF3D7_0500100|NTS|1|1|59	PM0152-C.g73	64.407	59	21	0	1	59	1	59	3.68e-18	77.8
PF3D7_0500100|DBLa|1|60|497	PM0021-C.g199	75.730	445	84	10	1	438	69	496	0.0	669
PF3D7_0500100|DBLa|1|60|497	PM0021-C.g199	27.168	346	183	11	56	392	860	1145	9.24e-23	103
PF3D7_0500100|DBLa|1|60|497	PM0021-C.g199	27.299	348	202	16	117	438	1864	2186	1.09e-14	79.3
PF3D7_0500100|DBLa|1|60|497	PA0183-C.g576	72.336	441	107	5	1	438	67	495	0.0	627
PF3D7_0500100|DBLa|1|60|497	PA0183-C.g576	28.947	304	159	9	153	438	1094	1358	4.08e-21	99.0
PF3D7_0500100|DBLa|1|60|497	PD0562-C.g187	72.260	447	94	9	1	438	72	497	0.0	626
PF3D7_0500100|DBLa|1|60|497	PD0562-C.g187	30.878	353	168	10	53	393	864	1152	3.51e-35	141
PF3D7_0500100|DBLa|1|60|497	PD0562-C.g187	29.811	265	139	10	194	438	1533	1770	1.80e-19	94.0
PF3D7_0500100|DBLa|1|60|497	PD0552-C.g621	72.260	447	94	9	1	438	72	497	0.0	626
PF3D7_0500100|DBLa|1|60|497	PD0552-C.g621	30.878	353	168	10	53	393	864	1152	3.51e-35	141
PF3D7_0500100|DBLa|1|60|497	PD0552-C.g621	29.811	265	139	10	194	438	1533	1770	1.80e-19	94.0
PF3D7_0500100|DBLa|1|60|497	PA0251-C.g1050	70.682	440	103	9	1	438	73	488	0.0	611
PF3D7_0500100|DBLa|1|60|497	PA0251-C.g1050	24.784	347	210	14	116	438	1042	1361	2.43e-12	71.6
PF3D7_0500100|CIDRa|1|498|754	PM0076-C.g51	80.078	256	51	0	1	256	1	256	3.55e-137	415
PF3D7_0500100|CIDRa|1|498|754	PM0076-C.g51	30.370	135	84	3	39	172	783	908	1.64e-11	66.2
PF3D7_0500100|CIDRa|1|498|754	PA0263-C.g1760	80.078	256	51	0	1	256	301	556	2.81e-134	415
PF3D7_0500100|CIDRa|1|498|754	QG0184-C.g529	80.078	256	51	0	1	256	475	730	7.05e-134	415
PF3D7_0500100|CIDRa|1|498|754	QG0184-C.g529	29.630	135	85	3	39	172	1310	1435	6.58e-12	67.4
PF3D7_0500100|CIDRa|1|498|754	PA0180-C.g616	80.078	256	51	0	1	256	495	750	1.09e-133	414
PF3D7_0500100|CIDRa|1|498|754	PA0180-C.g616	30.370	135	84	3	39	172	1268	1393	1.96e-11	66.2
PF3D7_0500100|CIDRa|1|498|754	PC0122-C.g530	80.078	256	51	0	1	256	495	750	4.40e-133	416
PF3D7_0500100|CIDRa|1|498|754	PC0122-C.g530	30.370	135	84	3	39	172	1312	1437	2.43e-11	65.9
PF3D7_0500100|DBLd|1|851|1385	PM0156-C.g556	63.670	545	131	12	1	535	820	1307	0.0	615
PF3D7_0500100|DBLd|1|851|1385	PA0084-C.g608	58.639	573	174	11	1	535	1046	1593	0.0	596
PF3D7_0500100|DBLd|1|851|1385	PA0042-C.g326	58.639	573	174	11	1	535	1046	1593	0.0	596
PF3D7_0500100|DBLd|1|851|1385	PM0132-C.g261	58.897	562	154	15	1	535	1039	1550	0.0	583
PF3D7_0500100|DBLd|1|851|1385	PT0264-C.g322	56.552	580	178	15	1	535	1298	1848	0.0	567
PF3D7_0500100|DBLd|1|851|1385	PT0264-C.g322	30.330	333	124	10	126	457	972	1197	3.27e-30	128
PF3D7_0500100|DBLd|1|851|1385	PT0264-C.g322	23.653	334	180	13	232	535	208	496	1.56e-13	76.3
PF3D7_0500100|CIDRb|1|1386|1640	PFKE06.g17	100.000	255	0	0	1	255	1385	1639	8.41e-174	525
PF3D7_0500100|CIDRb|1|1386|1640	PFKE06.g17	27.778	198	131	4	61	249	532	726	2.43e-12	68.9
PF3D7_0500100|CIDRb|1|1386|1640	PA0084-C.g608	100.000	255	0	0	1	255	1594	1848	3.83e-173	525
PF3D7_0500100|CIDRb|1|1386|1640	PA0042-C.g326	100.000	255	0	0	1	255	1594	1848	3.83e-173	525
PF3D7_0500100|CIDRb|1|1386|1640	PM0132-C.g261	100.000	255	0	0	1	255	1551	1805	4.54e-173	525
PF3D7_0500100|CIDRb|1|1386|1640	PT0264-C.g322	100.000	255	0	0	1	255	1849	2103	1.25e-171	524
PF3D7_0500100|ATS|1|1775|2207	PFKE01.g19	82.313	441	68	4	1	433	1733	2171	0.0	696
PF3D7_0500100|ATS|1|1775|2207	PC0097-C.g664	79.157	451	73	6	1	433	2364	2811	0.0	691
PF3D7_0500100|ATS|1|1775|2207	PV0028-C.g50	79.431	457	69	5	1	433	2600	3055	0.0	691
PF3D7_0500100|ATS|1|1775|2207	PA0245-C.g391	79.730	444	71	4	1	433	2512	2947	0.0	689
PF3D7_0500100|ATS|1|1775|2207	PA0245-C.g998	76.688	459	80	4	1	433	1706	2163	0.0	683
PF3D7_0600200|NTS|1|1|59	PT0052-C.g824	83.051	59	10	0	1	59	1	59	1.51e-26	101
PF3D7_0600200|NTS|1|1|59	PH0604-C.g553	78.333	60	12	1	1	59	1	60	7.53e-22	88.6
PF3D7_0600200|NTS|1|1|59	PH0585-C.g557	78.333	60	12	1	1	59	1	60	7.53e-22	88.6
PF3D7_0600200|NTS|1|1|59	QE0417-C.g686	78.333	60	12	1	1	59	1	60	8.63e-22	88.2
PF3D7_0600200|NTS|1|1|59	QE0412-C.g634	78.333	60	12	1	1	59	1	60	8.63e-22	88.2
PF3D7_0600200|DBLa|1|60|452	PT0052-C.g824	84.673	398	55	2	1	393	60	456	0.0	703
PF3D7_0600200|DBLa|1|60|452	PT0052-C.g824	29.167	360	178	17	17	357	802	1103	2.24e-25	110
PF3D7_0600200|DBLa|1|60|452	PA0071-C.g299	81.343	402	66	2	1	393	65	466	0.0	672
PF3D7_0600200|DBLa|1|60|452	PA0071-C.g299	29.804	255	135	10	17	252	813	1042	2.28e-23	104
PF3D7_0600200|DBLa|1|60|452	PA0067-C.g128	81.343	402	66	2	1	393	65	466	0.0	672
PF3D7_0600200|DBLa|1|60|452	PA0067-C.g128	29.804	255	135	10	17	252	813	1042	2.19e-23	104
PF3D7_0600200|DBLa|1|60|452	PF0692-C.g246	80.000	385	73	2	13	393	112	496	0.0	614
PF3D7_0600200|DBLa|1|60|452	PF0692-C.g246	31.595	326	184	12	54	364	1793	2094	8.28e-28	118
PF3D7_0600200|DBLa|1|60|452	PF0692-C.g246	30.931	333	158	14	54	357	875	1164	4.98e-27	115
PF3D7_0600200|DBLa|1|60|452	PF0692-C.g246	24.555	281	155	9	50	328	2174	2399	4.82e-11	67.4
PF3D7_0600200|DBLa|1|60|452	PF0692-C.g246	25.321	312	183	14	48	342	1354	1632	9.97e-10	63.2
PF3D7_0600200|DBLa|1|60|452	PV0028-C.g81	74.500	400	94	3	1	393	61	459	0.0	610
PF3D7_0600200|DBLa|1|60|452	PV0028-C.g81	30.833	360	207	14	18	364	1700	2030	1.93e-31	129
PF3D7_0600200|DBLa|1|60|452	PV0028-C.g81	28.297	364	186	14	15	357	802	1111	6.12e-24	106
PF3D7_0600200|DBLa|1|60|452	PV0028-C.g81	29.327	208	110	7	45	251	2109	2280	2.45e-12	71.2
PF3D7_0600200|DBLa|1|60|452	PV0028-C.g81	23.232	297	187	10	50	334	1290	1557	2.59e-10	65.1
PF3D7_0600200|CIDRa|1|453|708	PA0092-C.g201	95.200	250	12	0	1	250	454	703	9.16e-160	491
PF3D7_0600200|CIDRa|1|453|708	PT0052-C.g824	91.406	256	22	0	1	256	457	712	3.64e-159	479
PF3D7_0600200|CIDRa|1|453|708	PA0267-C.g346	92.400	250	19	0	1	250	464	713	7.78e-156	474
PF3D7_0600200|CIDRa|1|453|708	PT0101-C.g142	94.400	250	13	1	1	250	462	710	3.20e-154	477
PF3D7_0600200|CIDRa|1|453|708	PF0617-C.g309	90.625	256	24	0	1	256	471	726	8.83e-152	469
PF3D7_0600200|DBLb|1|714|1196	PT0240-C.g362	69.094	508	130	9	1	483	736	1241	0.0	690
PF3D7_0600200|DBLb|1|714|1196	PT0240-C.g362	27.681	401	212	12	18	371	1686	2055	1.48e-31	131
PF3D7_0600200|DBLb|1|714|1196	PT0240-C.g362	27.885	312	162	12	112	377	120	414	9.52e-20	95.5
PF3D7_0600200|DBLb|1|714|1196	PT0240-C.g362	25.352	284	155	11	101	353	1337	1594	1.57e-12	72.8
PF3D7_0600200|DBLb|1|714|1196	PF0314-C.g182	67.894	489	137	10	1	483	717	1191	0.0	641
PF3D7_0600200|DBLb|1|714|1196	PF0314-C.g182	26.938	516	265	19	9	483	1614	2058	4.72e-36	145
PF3D7_0600200|DBLb|1|714|1196	PF0314-C.g182	27.915	283	159	10	114	390	2112	2355	1.21e-20	98.2
PF3D7_0600200|DBLb|1|714|1196	PF0314-C.g182	28.829	222	120	7	112	314	114	316	3.40e-19	94.0
PF3D7_0600200|DBLb|1|714|1196	PF0314-C.g182	28.832	274	130	13	114	361	1301	1535	5.56e-15	80.5
PF3D7_0600200|DBLb|1|714|1196	PF0692-C.g246	64.484	504	157	8	1	483	757	1259	0.0	638
PF3D7_0600200|DBLb|1|714|1196	PF0692-C.g246	27.255	521	253	21	9	483	1683	2123	1.02e-35	144
PF3D7_0600200|DBLb|1|714|1196	PF0692-C.g246	27.559	381	208	14	24	359	58	415	2.82e-23	106
PF3D7_0600200|DBLb|1|714|1196	PF0692-C.g246	31.295	278	131	15	114	380	2177	2405	5.13e-20	96.3
PF3D7_0600200|DBLb|1|714|1196	PF0692-C.g246	27.465	284	156	10	99	359	1344	1600	8.21e-19	92.4
PF3D7_0600200|DBLb|1|714|1196	PT0059-C.g208	66.203	503	144	11	1	483	764	1260	0.0	638
PF3D7_0600200|DBLb|1|714|1196	PT0059-C.g208	28.307	378	207	14	24	359	67	422	7.42e-25	110
PF3D7_0600200|DBLb|1|714|1196	PfKE04.g599	65.863	498	144	10	1	483	735	1221	0.0	635
PF3D7_0600200|DBLb|1|714|1196	PfKE04.g599	27.835	291	153	10	112	360	121	396	2.33e-19	94.4
PF3D7_0600200|DBLg|1|1255|1641	PA0267-C.g346	91.040	346	30	1	1	345	1264	1609	0.0	648
PF3D7_0600200|DBLg|1|1255|1641	PA0267-C.g346	27.698	278	148	13	44	295	836	1086	3.30e-12	70.9
PF3D7_0600200|DBLg|1|1255|1641	PA0267-C.g346	22.561	328	209	11	1	295	67	382	4.11e-08	57.8
PF3D7_0600200|DBLg|1|1255|1641	SenT094.09.g954	79.540	391	70	4	1	387	1292	1676	0.0	628
PF3D7_0600200|DBLg|1|1255|1641	SenT094.09.g954	25.271	277	152	10	49	295	860	1111	5.59e-10	63.9
PF3D7_0600200|DBLg|1|1255|1641	SenT094.09.g954	21.813	353	204	11	46	339	125	464	1.75e-08	58.9
PF3D7_0600200|DBLg|1|1255|1641	PV0028-C.g81	78.663	389	74	3	1	387	1244	1625	0.0	607
PF3D7_0600200|DBLg|1|1255|1641	PV0028-C.g81	24.923	325	214	10	33	340	1714	2025	7.46e-16	82.0
PF3D7_0600200|DBLg|1|1255|1641	PV0028-C.g81	26.291	213	111	6	45	254	2113	2282	1.72e-13	74.7
PF3D7_0600200|DBLg|1|1255|1641	PV0028-C.g81	26.740	273	156	10	42	295	826	1073	1.47e-11	68.9
PF3D7_0600200|DBLg|1|1255|1641	PA0038-C.g128	77.519	387	81	1	1	387	47	427	0.0	604
PF3D7_0600200|DBLg|1|1255|1641	PA0038-C.g128	24.923	325	214	10	33	340	516	827	5.06e-16	82.4
PF3D7_0600200|DBLg|1|1255|1641	PA0038-C.g128	26.291	213	111	6	45	254	915	1084	9.82e-14	75.5
PF3D7_0600200|DBLg|1|1255|1641	PV0099-C.g68	77.778	387	81	1	1	387	1245	1626	0.0	602
PF3D7_0600200|DBLg|1|1255|1641	PV0099-C.g68	24.923	325	214	10	33	340	1715	2026	6.88e-16	82.0
PF3D7_0600200|DBLg|1|1255|1641	PV0099-C.g68	26.291	213	111	6	45	254	2114	2283	1.36e-13	75.1
PF3D7_0600200|DBLg|1|1255|1641	PV0099-C.g68	26.568	271	149	10	49	295	849	1093	1.33e-12	72.0
PF3D7_0600200|DBLz|1|1650|2077	PT0118-C.g147	100.000	428	0	0	1	428	1618	2045	0.0	882
PF3D7_0600200|DBLz|1|1650|2077	PT0118-C.g147	33.158	380	216	9	4	368	746	1102	7.94e-53	192
PF3D7_0600200|DBLz|1|1650|2077	PT0118-C.g147	33.518	361	212	10	63	397	85	443	2.09e-41	159
PF3D7_0600200|DBLz|1|1650|2077	PT0118-C.g147	26.061	330	190	11	79	403	2082	2362	8.31e-18	88.6
PF3D7_0600200|DBLz|1|1650|2077	PT0118-C.g147	24.000	325	211	8	81	388	1253	1558	6.76e-16	82.8
PF3D7_0600200|DBLz|1|1650|2077	PV0028-C.g81	100.000	428	0	0	1	428	1634	2061	0.0	881
PF3D7_0600200|DBLz|1|1650|2077	PV0028-C.g81	31.378	392	210	13	10	375	753	1111	1.65e-41	159
PF3D7_0600200|DBLz|1|1650|2077	PV0028-C.g81	31.335	367	197	16	67	397	83	430	9.42e-31	127
PF3D7_0600200|DBLz|1|1650|2077	PV0028-C.g81	26.061	330	190	11	79	403	2098	2378	7.33e-18	89.0
PF3D7_0600200|DBLz|1|1650|2077	PV0028-C.g81	25.075	335	218	9	65	388	1262	1574	2.65e-16	84.0
PF3D7_0600200|DBLz|1|1650|2077	PA0038-C.g128	99.766	428	1	0	1	428	436	863	0.0	881
PF3D7_0600200|DBLz|1|1650|2077	PA0038-C.g128	26.061	330	190	11	79	403	900	1180	3.11e-18	90.1
PF3D7_0600200|DBLz|1|1650|2077	PA0038-C.g128	25.387	323	201	10	81	388	79	376	1.89e-16	84.3
PF3D7_0600200|DBLz|1|1650|2077	SenT143.09.g780	100.000	428	0	0	1	428	274	701	0.0	880
PF3D7_0600200|DBLz|1|1650|2077	SenT143.09.g780	26.061	330	190	11	79	403	738	1018	4.26e-18	89.4
PF3D7_0600200|DBLz|1|1650|2077	SenT143.09.g780	24.786	234	154	6	157	388	1	214	1.04e-12	72.8
PF3D7_0600200|DBLz|1|1650|2077	PV0099-C.g68	100.000	428	0	0	1	428	1635	2062	0.0	880
PF3D7_0600200|DBLz|1|1650|2077	PV0099-C.g68	33.226	310	163	9	86	375	840	1125	4.92e-46	173
PF3D7_0600200|DBLz|1|1650|2077	PV0099-C.g68	29.909	438	239	17	2	397	26	437	1.30e-31	130
PF3D7_0600200|DBLz|1|1650|2077	PV0099-C.g68	26.061	330	190	11	79	403	2099	2379	7.46e-18	89.0
PF3D7_0600200|DBLz|1|1650|2077	PV0099-C.g68	26.168	321	202	10	81	388	1277	1575	4.94e-17	86.3
PF3D7_0600200|DBLe|1|2083|2395	PA0038-C.g128	100.000	313	0	0	1	313	869	1181	0.0	654
PF3D7_0600200|DBLe|1|2083|2395	PA0038-C.g128	26.518	313	179	10	49	312	528	838	7.13e-20	92.4
PF3D7_0600200|DBLe|1|2083|2395	PA0038-C.g128	26.047	215	113	7	42	216	86	294	9.30e-15	77.4
PF3D7_0600200|DBLe|1|2083|2395	PV0028-C.g81	100.000	313	0	0	1	313	2067	2379	0.0	653
PF3D7_0600200|DBLe|1|2083|2395	PV0028-C.g81	26.198	313	180	10	49	312	1726	2036	1.62e-18	88.6
PF3D7_0600200|DBLe|1|2083|2395	PV0028-C.g81	30.263	228	111	10	41	228	824	1043	1.33e-17	85.9
PF3D7_0600200|DBLe|1|2083|2395	PV0028-C.g81	23.944	213	122	6	41	216	1283	1492	3.48e-11	66.6
PF3D7_0600200|DBLe|1|2083|2395	PV0028-C.g81	24.830	294	162	10	45	282	112	402	7.80e-11	65.5
PF3D7_0600200|DBLe|1|2083|2395	PT0118-C.g147	100.000	313	0	0	1	313	2051	2363	0.0	653
PF3D7_0600200|DBLe|1|2083|2395	PT0118-C.g147	26.198	313	180	10	49	312	1710	2020	1.59e-18	88.6
PF3D7_0600200|DBLe|1|2083|2395	PT0118-C.g147	26.736	288	155	12	41	286	830	1103	3.03e-17	84.7
PF3D7_0600200|DBLe|1|2083|2395	PT0118-C.g147	27.511	229	120	8	45	228	116	343	2.13e-11	67.4
PF3D7_0600200|DBLe|1|2083|2395	PT0118-C.g147	23.431	239	130	7	25	216	1244	1476	6.74e-11	65.9
PF3D7_0600200|DBLe|1|2083|2395	PV0099-C.g68	100.000	313	0	0	1	313	2068	2380	0.0	652
PF3D7_0600200|DBLe|1|2083|2395	PV0099-C.g68	26.198	313	180	10	49	312	1727	2037	1.41e-18	89.0
PF3D7_0600200|DBLe|1|2083|2395	PV0099-C.g68	26.408	284	147	11	49	281	847	1119	1.27e-16	83.2
PF3D7_0600200|DBLe|1|2083|2395	PV0099-C.g68	23.944	213	121	6	42	216	1284	1493	7.16e-12	68.6
PF3D7_0600200|DBLe|1|2083|2395	PV0099-C.g68	27.536	207	111	7	48	217	121	325	2.44e-10	63.9
PF3D7_0600200|DBLe|1|2083|2395	SenT143.09.g780	100.000	313	0	0	1	313	707	1019	0.0	652
PF3D7_0600200|DBLe|1|2083|2395	SenT143.09.g780	26.198	313	180	10	49	312	366	676	1.22e-18	89.0
PF3D7_0600200|ATS|1|2459|2879	PA0197-C.g415	78.322	429	80	6	1	421	2369	2792	0.0	664
PF3D7_0600200|ATS|1|2459|2879	PFKE07.g667	73.778	450	87	5	2	421	2366	2814	0.0	645
PF3D7_0600200|ATS|1|2459|2879	PfKE05.g393	77.725	422	87	5	1	421	2567	2982	0.0	643
PF3D7_0600200|ATS|1|2459|2879	PFKE07.g202	77.014	422	90	5	1	421	2909	3324	0.0	637
PF3D7_0600200|ATS|1|2459|2879	PT0158-C.g224	74.942	431	91	7	2	421	2360	2784	0.0	634
PF3D7_0617400|NTS|1|1|61	QE0440-C.g464	100.000	61	0	0	1	61	1	61	7.51e-33	119
PF3D7_0617400|NTS|1|1|61	PA0185-C.g673	100.000	61	0	0	1	61	1	61	1.59e-32	119
PF3D7_0617400|NTS|1|1|61	PA0151-C.g682	100.000	61	0	0	1	61	1	61	1.59e-32	119
PF3D7_0617400|NTS|1|1|61	PM0017-C.g801	100.000	61	0	0	1	61	1	61	1.59e-32	119
PF3D7_0617400|NTS|1|1|61	PF0282-C.g444	100.000	61	0	0	1	61	1	61	1.59e-32	119
PF3D7_0617400|DBLa|1|62|465	QE0481-C.g269	100.000	404	0	0	1	404	68	471	0.0	840
PF3D7_0617400|DBLa|1|62|465	QE0481-C.g269	33.688	282	138	14	8	269	806	1058	4.37e-26	113
PF3D7_0617400|DBLa|1|62|465	QE0481-C.g269	26.048	334	182	11	116	404	1384	1697	1.52e-13	75.1
PF3D7_0617400|DBLa|1|62|465	PV0288-C.g30	100.000	404	0	0	1	404	62	465	0.0	840
PF3D7_0617400|DBLa|1|62|465	PV0288-C.g30	33.688	282	138	14	8	269	800	1052	5.11e-26	113
PF3D7_0617400|DBLa|1|62|465	PV0288-C.g30	26.048	334	182	11	116	404	1378	1691	1.48e-13	75.1
PF3D7_0617400|DBLa|1|62|465	QE0469-C.g795	100.000	404	0	0	1	404	62	465	0.0	839
PF3D7_0617400|DBLa|1|62|465	QE0469-C.g795	33.688	282	138	14	8	269	800	1052	4.37e-26	113
PF3D7_0617400|DBLa|1|62|465	QE0469-C.g795	26.048	334	182	11	116	404	1378	1691	1.52e-13	75.1
PF3D7_0617400|DBLa|1|62|465	QE0467-C.g572	100.000	404	0	0	1	404	62	465	0.0	839
PF3D7_0617400|DBLa|1|62|465	QE0467-C.g572	33.688	282	138	14	8	269	800	1052	4.37e-26	113
PF3D7_0617400|DBLa|1|62|465	QE0467-C.g572	26.048	334	182	11	116	404	1378	1691	1.52e-13	75.1
PF3D7_0617400|DBLa|1|62|465	QE0398-C.g578	100.000	404	0	0	1	404	62	465	0.0	839
PF3D7_0617400|DBLa|1|62|465	QE0398-C.g578	33.688	282	138	14	8	269	800	1052	4.37e-26	113
PF3D7_0617400|DBLa|1|62|465	QE0398-C.g578	26.048	334	182	11	116	404	1378	1691	1.52e-13	75.1
PF3D7_0617400|CIDRa|1|466|708	PV0205-C.g28	99.588	243	1	0	1	243	479	721	1.86e-169	498
PF3D7_0617400|CIDRa|1|466|708	PA0016-C.g308	100.000	243	0	0	1	243	466	708	5.94e-169	501
PF3D7_0617400|CIDRa|1|466|708	PF0330-C.g341	100.000	243	0	0	1	243	466	708	2.12e-167	501
PF3D7_0617400|CIDRa|1|466|708	PT0027-C.g588	100.000	243	0	0	1	243	469	711	2.67e-167	502
PF3D7_0617400|CIDRa|1|466|708	QG0190-C.g5	100.000	243	0	0	1	243	466	708	2.97e-167	502
PF3D7_0617400|DBLb|1|737|1185	PT0242-Cx.g8	100.000	449	0	0	1	449	229	677	0.0	948
PF3D7_0617400|DBLb|1|737|1185	PT0080-C.g303	100.000	449	0	0	1	449	737	1185	0.0	948
PF3D7_0617400|DBLb|1|737|1185	PT0080-C.g303	31.437	334	177	14	13	316	19	330	1.27e-25	112
PF3D7_0617400|DBLb|1|737|1185	PA0051-C.g79	100.000	449	0	0	1	449	737	1185	0.0	948
PF3D7_0617400|DBLb|1|737|1185	PA0051-C.g79	31.437	334	177	14	13	316	19	330	1.27e-25	112
PF3D7_0617400|DBLb|1|737|1185	PA0017-C.g400	100.000	449	0	0	1	449	737	1185	0.0	948
PF3D7_0617400|DBLb|1|737|1185	PA0017-C.g400	31.437	334	177	14	13	316	19	330	1.27e-25	112
PF3D7_0617400|DBLb|1|737|1185	QG0258-C.g190	100.000	449	0	0	1	449	740	1188	0.0	947
PF3D7_0617400|DBLb|1|737|1185	QG0258-C.g190	31.437	334	177	14	13	316	19	330	1.40e-25	112
PF3D7_0617400|DBLd|1|1207|1666	PA0270-C.g528	100.000	460	0	0	1	460	1207	1666	0.0	954
PF3D7_0617400|DBLd|1|1207|1666	PA0270-C.g528	26.733	303	157	11	172	460	214	465	6.20e-13	73.9
PF3D7_0617400|DBLd|1|1207|1666	PM0037-C.g1680	100.000	460	0	0	1	460	1213	1672	0.0	954
PF3D7_0617400|DBLd|1|1207|1666	PM0037-C.g1680	26.733	303	157	11	172	460	220	471	6.20e-13	73.9
PF3D7_0617400|DBLd|1|1207|1666	QG0287-C.g62	100.000	460	0	0	1	460	1207	1666	0.0	953
PF3D7_0617400|DBLd|1|1207|1666	QG0287-C.g62	26.733	303	157	11	172	460	214	465	6.31e-13	73.9
PF3D7_0617400|DBLd|1|1207|1666	PV0155-C.g6	90.309	485	22	2	1	460	1226	1710	0.0	847
PF3D7_0617400|DBLd|1|1207|1666	PV0155-C.g6	26.403	303	158	11	172	460	233	484	7.29e-13	73.6
PF3D7_0617400|DBLd|1|1207|1666	PC0073-C.g194	90.309	485	22	2	1	460	1208	1692	0.0	847
PF3D7_0617400|DBLd|1|1207|1666	PC0073-C.g194	25.743	303	160	11	172	460	214	465	3.15e-11	68.6
PF3D7_0617400|CIDRb|1|1667|1919	QG0292-C.g3671	100.000	253	0	0	1	253	676	928	1.29e-177	518
PF3D7_0617400|CIDRb|1|1667|1919	PF0784-C.g274	100.000	253	0	0	1	253	1397	1649	2.67e-172	520
PF3D7_0617400|CIDRb|1|1667|1919	PT0242-Cx.g8	100.000	253	0	0	1	253	1184	1436	2.78e-172	516
PF3D7_0617400|CIDRb|1|1667|1919	PT0242-Cx.g8	28.070	171	91	5	98	253	47	200	2.48e-07	53.5
PF3D7_0617400|CIDRb|1|1667|1919	PA0085-C.g349	100.000	253	0	0	1	253	1405	1657	4.13e-172	520
PF3D7_0617400|CIDRb|1|1667|1919	QG0291-C.g2954	100.000	253	0	0	1	253	1263	1515	5.46e-172	517
PF3D7_0617400|ATS|1|2028|2394	PF0288-C.g374	100.000	367	0	0	1	367	1648	2014	0.0	756
PF3D7_0617400|ATS|1|2028|2394	PA0202-C.g54	98.619	362	5	0	6	367	2385	2746	0.0	737
PF3D7_0617400|ATS|1|2028|2394	PF0240-C.g44	98.619	362	5	0	6	367	2418	2779	0.0	736
PF3D7_0617400|ATS|1|2028|2394	QE0434-C.g351	98.343	362	6	0	6	367	1676	2037	0.0	735
PF3D7_0617400|ATS|1|2028|2394	PD0523-C.g267	98.343	362	6	0	6	367	1676	2037	0.0	735
PF3D7_0632500|NTS|1|1|64	PF0092-C.g336	100.000	64	0	0	1	64	1	64	1.77e-35	127
PF3D7_0632500|NTS|1|1|64	PF0190-C.g438	69.492	59	18	0	6	64	4	62	1.24e-21	88.2
PF3D7_0632500|NTS|1|1|64	PF0400-C.g215	70.769	65	18	1	1	64	1	65	4.24e-21	86.7
PF3D7_0632500|NTS|1|1|64	PFKE10.g239	69.492	59	18	0	6	64	4	62	5.69e-21	86.3
PF3D7_0632500|NTS|1|1|64	PM0133-C.g297	66.667	66	20	1	1	64	1	66	5.08e-20	83.6
PF3D7_0632500|DBLa|1|65|514	PF0092-C.g336	100.000	450	0	0	1	450	65	514	0.0	926
PF3D7_0632500|DBLa|1|65|514	PF0092-C.g336	27.456	397	223	11	54	437	941	1285	1.95e-30	127
PF3D7_0632500|DBLa|1|65|514	PF0092-C.g336	27.826	345	213	8	51	395	1801	2109	2.25e-26	115
PF3D7_0632500|DBLa|1|65|514	PF0092-C.g336	26.531	245	121	8	53	295	2189	2376	1.16e-12	72.8
PF3D7_0632500|DBLa|1|65|514	PF0092-C.g336	22.635	296	173	10	50	333	1359	1610	3.27e-08	58.9
PF3D7_0632500|DBLa|1|65|514	PM0133-C.g297	79.956	454	62	8	1	450	67	495	0.0	709
PF3D7_0632500|DBLa|1|65|514	PM0133-C.g297	33.929	224	131	7	51	270	1758	1968	7.22e-31	128
PF3D7_0632500|DBLa|1|65|514	PM0133-C.g297	31.034	377	191	14	6	372	880	1197	3.77e-30	126
PF3D7_0632500|DBLa|1|65|514	PM0133-C.g297	26.549	339	179	16	45	372	1332	1611	5.08e-16	83.6
PF3D7_0632500|DBLa|1|65|514	PA0061-C.g287	77.632	456	83	6	1	450	77	519	0.0	702
PF3D7_0632500|DBLa|1|65|514	PA0061-C.g287	29.708	377	199	12	6	372	915	1235	2.46e-30	127
PF3D7_0632500|DBLa|1|65|514	PA0061-C.g287	27.193	228	137	7	141	349	2003	2220	6.67e-13	73.6
PF3D7_0632500|DBLa|1|65|514	PA0061-C.g287	26.073	303	161	13	50	340	1370	1621	8.65e-12	70.1
PF3D7_0632500|DBLa|1|65|514	PF0400-C.g215	77.681	457	75	5	1	450	66	502	0.0	695
PF3D7_0632500|DBLa|1|65|514	PF0400-C.g215	29.968	317	185	10	45	358	1761	2043	8.06e-32	131
PF3D7_0632500|DBLa|1|65|514	PF0400-C.g215	35.294	255	118	10	54	298	958	1175	7.64e-31	128
PF3D7_0632500|DBLa|1|65|514	PF0400-C.g215	26.246	301	154	12	45	338	1354	1593	1.78e-16	84.7
PF3D7_0632500|DBLa|1|65|514	PD0515-C.g328	74.946	459	83	6	1	450	73	508	0.0	670
PF3D7_0632500|DBLa|1|65|514	PD0515-C.g328	32.047	337	162	13	54	380	964	1243	2.26e-32	133
PF3D7_0632500|DBLa|1|65|514	PD0515-C.g328	22.549	306	176	11	37	329	1366	1623	2.05e-07	56.2
PF3D7_0632500|CIDRa|1|515|819	PF0092-C.g336	100.000	305	0	0	1	305	515	819	0.0	628
PF3D7_0632500|CIDRa|1|515|819	PM0133-C.g297	89.389	311	26	3	1	305	496	805	4.28e-167	514
PF3D7_0632500|CIDRa|1|515|819	PA0061-C.g287	87.188	320	26	5	1	305	520	839	3.80e-164	508
PF3D7_0632500|CIDRa|1|515|819	PT0109-C.g264	82.075	318	44	2	1	305	504	821	1.39e-145	454
PF3D7_0632500|CIDRa|1|515|819	PA0053-C.g176	60.772	311	112	6	1	305	447	753	1.18e-107	337
PF3D7_0632500|DBLb|1|831|1301	PF0092-C.g336	99.788	471	1	0	1	471	831	1301	0.0	979
PF3D7_0632500|DBLb|1|831|1301	PF0092-C.g336	29.157	439	228	15	59	471	1754	2135	2.50e-35	142
PF3D7_0632500|DBLb|1|831|1301	PF0092-C.g336	33.725	255	121	8	111	330	118	359	5.97e-30	126
PF3D7_0632500|DBLb|1|831|1301	PF0092-C.g336	28.870	239	118	8	108	338	2187	2381	3.13e-17	87.4
PF3D7_0632500|DBLb|1|831|1301	PF0092-C.g336	26.039	361	211	16	57	391	1311	1641	1.40e-12	72.8
PF3D7_0632500|DBLb|1|831|1301	PT0008-CW.g583	90.546	476	38	4	1	471	849	1322	0.0	874
PF3D7_0632500|DBLb|1|831|1301	PT0008-CW.g583	32.344	337	171	10	75	380	2486	2796	2.66e-37	148
PF3D7_0632500|DBLb|1|831|1301	PT0008-CW.g583	25.502	498	276	19	4	429	3	477	8.05e-29	123
PF3D7_0632500|DBLb|1|831|1301	PT0008-CW.g583	24.501	351	208	13	61	384	2045	2365	6.97e-15	80.1
PF3D7_0632500|DBLb|1|831|1301	PT0008-CW.g583	23.143	350	162	13	110	388	1387	1700	9.06e-10	63.9
PF3D7_0632500|DBLb|1|831|1301	QG0184-C.g1156	83.368	475	66	7	1	471	832	1297	0.0	799
PF3D7_0632500|DBLb|1|831|1301	QG0184-C.g1156	30.745	322	173	10	87	380	2513	2812	2.08e-35	142
PF3D7_0632500|DBLb|1|831|1301	QG0184-C.g1156	29.831	295	147	10	111	361	125	403	1.16e-22	104
PF3D7_0632500|DBLb|1|831|1301	QG0184-C.g1156	28.571	252	134	11	110	345	2125	2346	6.85e-18	89.7
PF3D7_0632500|DBLb|1|831|1301	PD0632-C.g133	72.842	475	110	5	1	471	853	1312	0.0	696
PF3D7_0632500|DBLb|1|831|1301	PD0632-C.g133	31.438	299	140	10	111	354	126	414	1.32e-27	119
PF3D7_0632500|DBLb|1|831|1301	PD0632-C.g133	27.653	311	152	16	100	376	1370	1641	5.89e-12	70.9
PF3D7_0632500|DBLb|1|831|1301	PD0515-C.g328	72.842	475	110	5	1	471	853	1312	0.0	696
PF3D7_0632500|DBLb|1|831|1301	PD0515-C.g328	31.438	299	140	10	111	354	126	414	1.25e-27	119
PF3D7_0632500|DBLb|1|831|1301	PD0515-C.g328	27.653	311	152	16	100	376	1370	1641	5.75e-12	70.9
PF3D7_0632500|DBLg|1|1319|1687	PF0330-C.g298	83.245	376	55	4	1	369	517	891	0.0	627
PF3D7_0632500|DBLg|1|1319|1687	PF0330-C.g298	35.950	242	109	5	30	231	931	1166	4.85e-38	147
PF3D7_0632500|DBLg|1|1319|1687	PF0330-C.g298	30.142	282	171	9	19	285	1610	1880	2.26e-24	107
PF3D7_0632500|DBLg|1|1319|1687	PF0330-C.g298	27.068	266	135	10	40	275	150	386	1.50e-14	77.8
PF3D7_0632500|DBLg|1|1319|1687	PF0330-C.g298	26.136	264	151	7	28	285	2299	2524	1.65e-13	74.7
PF3D7_0632500|DBLg|1|1319|1687	PF0330-C.g298	25.078	319	180	12	33	343	1976	2243	2.83e-12	70.9
PF3D7_0632500|DBLg|1|1319|1687	PM0142-C.g435	70.588	374	98	6	1	369	1203	1569	5.58e-167	515
PF3D7_0632500|DBLg|1|1319|1687	PM0142-C.g435	23.611	288	174	9	27	286	817	1086	4.76e-17	85.5
PF3D7_0632500|DBLg|1|1319|1687	PM0142-C.g435	22.826	368	240	12	27	369	1653	2001	1.20e-09	62.4
PF3D7_0632500|DBLg|1|1319|1687	PM0142-C.g435	25.328	229	137	9	37	247	103	315	8.29e-09	60.1
PF3D7_0632500|DBLg|1|1319|1687	QG0269-C.g624	68.966	377	103	6	1	369	1219	1589	1.11e-159	498
PF3D7_0632500|DBLg|1|1319|1687	QG0269-C.g624	29.558	362	176	13	1	290	1596	1950	1.75e-35	140
PF3D7_0632500|DBLg|1|1319|1687	QG0269-C.g624	26.756	299	178	12	19	285	801	1090	1.07e-16	84.3
PF3D7_0632500|DBLg|1|1319|1687	QG0269-C.g624	27.652	264	147	7	28	285	3023	3248	1.32e-16	84.0
PF3D7_0632500|DBLg|1|1319|1687	QG0269-C.g624	28.571	322	192	12	31	340	2345	2640	2.55e-15	80.1
PF3D7_0632500|DBLg|1|1319|1687	QG0269-C.g624	24.688	320	182	14	33	343	2698	2967	9.19e-13	72.4
PF3D7_0632500|DBLg|1|1319|1687	QG0269-C.g624	24.201	219	140	7	42	245	110	317	2.16e-07	55.5
PF3D7_0632500|DBLg|1|1319|1687	QG0271-C.g411	68.966	377	103	6	1	369	1216	1586	1.55e-159	498
PF3D7_0632500|DBLg|1|1319|1687	QG0271-C.g411	29.558	362	176	13	1	290	1593	1947	1.77e-35	140
PF3D7_0632500|DBLg|1|1319|1687	QG0271-C.g411	26.756	299	178	12	19	285	798	1087	1.07e-16	84.3
PF3D7_0632500|DBLg|1|1319|1687	QG0271-C.g411	27.652	264	147	7	28	285	3020	3245	1.39e-16	84.0
PF3D7_0632500|DBLg|1|1319|1687	QG0271-C.g411	28.571	322	192	12	31	340	2342	2637	2.71e-15	80.1
PF3D7_0632500|DBLg|1|1319|1687	QG0271-C.g411	24.688	320	182	14	33	343	2695	2964	8.71e-13	72.4
PF3D7_0632500|DBLg|1|1319|1687	QG0271-C.g411	25.571	219	137	8	42	245	107	314	2.32e-07	55.5
PF3D7_0632500|DBLg|1|1319|1687	QG0271-C.g846	75.522	335	69	3	1	332	1235	1559	1.37e-158	495
PF3D7_0632500|DBLg|1|1319|1687	QG0271-C.g846	40.464	388	182	15	1	369	2754	3111	6.98e-69	237
PF3D7_0632500|DBLg|1|1319|1687	QG0271-C.g846	37.543	293	128	11	1	245	1590	1875	3.63e-42	159
PF3D7_0632500|DBLg|1|1319|1687	QG0271-C.g846	24.390	287	174	7	27	287	839	1108	8.36e-17	84.7
PF3D7_0632500|DBLg|1|1319|1687	QG0271-C.g846	25.153	326	183	9	38	321	2399	2705	1.70e-15	80.9
PF3D7_0632500|DBLg|1|1319|1687	QG0271-C.g846	24.434	221	140	7	42	245	119	329	1.06e-08	59.7
PF3D7_0632500|DBLd|1|1694|2127	PFKE11.g293	95.291	446	9	2	1	434	1182	1627	0.0	875
PF3D7_0632500|DBLd|1|1694|2127	PFKE11.g293	29.975	407	182	11	1	388	803	1125	1.23e-44	169
PF3D7_0632500|DBLd|1|1694|2127	PFKE11.g293	29.461	241	110	9	147	383	2686	2870	5.26e-16	83.2
PF3D7_0632500|DBLd|1|1694|2127	PFKE11.g293	28.740	254	139	12	204	434	249	483	1.63e-13	75.5
PF3D7_0632500|DBLd|1|1694|2127	PFKE11.g293	25.344	363	204	17	70	417	1966	2276	4.30e-08	58.2
PF3D7_0632500|DBLd|1|1694|2127	PA0046-C.g437	75.566	442	99	4	1	434	1540	1980	0.0	662
PF3D7_0632500|DBLd|1|1694|2127	PA0046-C.g437	29.973	367	155	10	1	364	1186	1453	6.89e-37	146
PF3D7_0632500|DBLd|1|1694|2127	PA0046-C.g437	28.094	299	169	13	165	434	188	469	1.88e-18	90.9
PF3D7_0632500|DBLd|1|1694|2127	PA0034-C.g424	75.566	442	99	4	1	434	1540	1980	0.0	662
PF3D7_0632500|DBLd|1|1694|2127	PA0034-C.g424	29.973	367	155	10	1	364	1186	1453	6.89e-37	146
PF3D7_0632500|DBLd|1|1694|2127	PA0034-C.g424	28.094	299	169	13	165	434	188	469	1.88e-18	90.9
PF3D7_0632500|DBLd|1|1694|2127	QE0437-C.g387	73.529	442	100	6	1	434	1616	2048	0.0	637
PF3D7_0632500|DBLd|1|1694|2127	QE0437-C.g387	30.024	423	194	12	1	397	1217	1563	2.69e-44	168
PF3D7_0632500|DBLd|1|1694|2127	QE0437-C.g387	28.669	293	170	10	163	434	182	456	3.77e-21	99.0
PF3D7_0632500|DBLd|1|1694|2127	QG0234-C.g2080	70.897	457	107	4	2	434	1292	1746	0.0	631
PF3D7_0632500|DBLd|1|1694|2127	QG0234-C.g2080	28.481	316	178	11	125	419	189	477	7.75e-20	95.1
PF3D7_0632500|DBLd|1|1694|2127	QG0234-C.g2080	23.006	326	178	11	70	385	2083	2345	7.25e-09	60.8
PF3D7_0632500|DBLd|1|1694|2127	QG0234-C.g2080	22.778	360	186	15	70	410	923	1209	7.70e-09	60.8
PF3D7_0632500|CIDRg|1|2128|2375	QG0194-C.g1197	100.000	248	0	0	1	248	740	987	1.98e-171	517
PF3D7_0632500|CIDRg|1|2128|2375	PF0330-C.g218	99.597	248	1	0	1	248	486	733	1.38e-169	513
PF3D7_0632500|CIDRg|1|2128|2375	PC0104-C.g548	100.000	248	0	0	1	248	1421	1668	2.64e-168	516
PF3D7_0632500|CIDRg|1|2128|2375	PV0082-C.g48	100.000	248	0	0	1	248	1419	1666	3.07e-168	515
PF3D7_0632500|CIDRg|1|2128|2375	PC0083-C.g28	100.000	248	0	0	1	248	2117	2364	1.12e-167	515
PF3D7_0632500|CIDRg|1|2128|2375	PC0083-C.g28	26.875	160	104	5	93	240	643	801	3.85e-07	53.1
PF3D7_0632500|DBLe|1|2417|2762	PM0152-C.g184	100.000	346	0	0	1	346	1616	1961	0.0	712
PF3D7_0632500|DBLe|1|2417|2762	PM0152-C.g184	31.163	215	107	7	34	246	2000	2175	1.30e-16	83.6
PF3D7_0632500|DBLe|1|2417|2762	PM0152-C.g184	29.500	200	117	5	118	316	2399	2575	2.47e-14	76.6
PF3D7_0632500|DBLe|1|2417|2762	PM0152-C.g184	26.007	273	141	10	71	291	135	398	4.61e-10	63.5
PF3D7_0632500|DBLe|1|2417|2762	PFKE11.g293	100.000	346	0	0	1	346	1917	2262	0.0	711
PF3D7_0632500|DBLe|1|2417|2762	PFKE11.g293	31.163	215	107	7	34	246	2301	2476	1.05e-16	84.0
PF3D7_0632500|DBLe|1|2417|2762	PFKE11.g293	29.500	200	117	5	118	316	2700	2876	2.52e-14	76.6
PF3D7_0632500|DBLe|1|2417|2762	PFKE11.g293	32.090	134	77	5	171	291	960	1092	9.32e-11	65.9
PF3D7_0632500|DBLe|1|2417|2762	PFKE11.g293	24.252	301	163	13	50	291	1263	1557	1.15e-08	59.3
PF3D7_0632500|DBLe|1|2417|2762	PF0330-C.g218	100.000	346	0	0	1	346	775	1120	0.0	709
PF3D7_0632500|DBLe|1|2417|2762	PF0330-C.g218	27.586	290	166	10	34	315	1159	1412	1.17e-16	84.0
PF3D7_0632500|DBLe|1|2417|2762	PF0330-C.g218	29.500	200	117	5	118	316	1558	1734	1.67e-14	77.4
PF3D7_0632500|DBLe|1|2417|2762	PF0330-C.g218	23.824	319	164	13	38	291	111	415	6.14e-07	53.9
PF3D7_0632500|DBLe|1|2417|2762	PF0399-C.g54	91.618	346	29	0	1	346	1590	1935	0.0	617
PF3D7_0632500|DBLe|1|2417|2762	PF0399-C.g54	32.000	200	112	6	118	316	2373	2549	2.52e-17	85.9
PF3D7_0632500|DBLe|1|2417|2762	PF0399-C.g54	31.707	205	99	7	44	246	1984	2149	1.02e-16	84.0
PF3D7_0632500|DBLe|1|2417|2762	SenT139.11.g826	90.964	332	30	0	15	346	948	1279	0.0	588
PF3D7_0632500|DBLe|1|2417|2762	SenT139.11.g826	26.180	233	111	10	121	292	214	446	3.39e-07	54.7
PF3D7_0632500|DBLe|2|2774|3057	QG0201-C.g621	91.901	284	23	0	1	284	1119	1402	1.16e-171	520
PF3D7_0632500|DBLe|2|2774|3057	QG0201-C.g621	42.105	171	94	2	42	211	1489	1655	4.82e-34	133
PF3D7_0632500|DBLe|2|2774|3057	QG0201-C.g621	28.231	294	160	11	30	284	800	1081	1.81e-16	81.6
PF3D7_0632500|DBLe|2|2774|3057	QG0201-C.g621	23.041	217	119	5	25	201	109	317	1.79e-07	54.7
PF3D7_0632500|DBLe|2|2774|3057	PC0012_01.g10	89.734	263	27	0	22	284	799	1061	8.18e-165	496
PF3D7_0632500|DBLe|2|2774|3057	PC0012_01.g10	38.009	221	114	7	4	212	1107	1316	2.95e-35	136
PF3D7_0632500|DBLe|2|2774|3057	PC0012_01.g10	30.882	204	105	7	40	207	466	669	2.43e-17	84.3
PF3D7_0632500|DBLe|2|2774|3057	PV0230-C.g64	87.072	263	34	0	22	284	679	941	9.85e-164	484
PF3D7_0632500|DBLe|2|2774|3057	PV0230-C.g64	27.106	273	154	9	41	279	353	614	2.45e-14	75.5
PF3D7_0632500|DBLe|2|2774|3057	QG0297-C.g4261	81.690	284	51	1	1	284	926	1208	1.30e-163	488
PF3D7_0632500|DBLe|2|2774|3057	QG0297-C.g4261	26.596	282	163	9	41	284	612	887	8.85e-16	79.7
PF3D7_0632500|DBLe|2|2774|3057	QG0297-C.g4261	23.711	194	108	6	101	256	15	206	1.41e-08	58.2
PF3D7_0632500|DBLe|2|2774|3057	PT0071-C.g174	88.772	285	30	2	1	284	1994	2277	1.58e-163	504
PF3D7_0632500|DBLe|2|2774|3057	PT0071-C.g174	36.652	221	117	7	4	212	2323	2532	3.20e-32	127
PF3D7_0632500|DBLe|2|2774|3057	PT0071-C.g174	29.787	282	153	10	40	284	1683	1956	3.50e-18	87.0
PF3D7_0632500|DBLe|2|2774|3057	PT0071-C.g174	27.442	215	103	7	45	210	124	334	7.58e-10	62.0
PF3D7_0632500|DBLe|3|3100|3402	PM0076-C.g744	98.007	301	6	0	3	303	3097	3397	0.0	614
PF3D7_0632500|DBLe|3|3100|3402	PM0076-C.g744	41.279	172	95	4	45	212	2810	2979	3.55e-32	128
PF3D7_0632500|DBLe|3|3100|3402	PM0076-C.g744	26.603	312	176	9	44	303	1372	1682	1.20e-22	100
PF3D7_0632500|DBLe|3|3100|3402	PM0076-C.g744	28.014	282	159	11	39	278	2451	2730	1.83e-20	94.4
PF3D7_0632500|DBLe|3|3100|3402	PM0076-C.g744	25.000	296	159	9	18	265	930	1210	4.79e-20	92.8
PF3D7_0632500|DBLe|3|3100|3402	PM0076-C.g744	25.342	292	147	11	35	262	110	394	1.98e-14	76.3
PF3D7_0632500|DBLe|3|3100|3402	PM0076-C.g744	25.000	236	121	9	101	280	1839	2074	3.24e-09	60.5
PF3D7_0632500|DBLe|3|3100|3402	PF0692-C.g1178	98.007	301	6	0	3	303	2976	3276	0.0	614
PF3D7_0632500|DBLe|3|3100|3402	PF0692-C.g1178	41.279	172	95	4	45	212	2689	2858	2.90e-32	128
PF3D7_0632500|DBLe|3|3100|3402	PF0692-C.g1178	29.583	240	122	9	39	239	843	1074	3.74e-21	96.3
PF3D7_0632500|DBLe|3|3100|3402	PF0692-C.g1178	28.014	282	159	11	39	278	2330	2609	1.84e-20	94.4
PF3D7_0632500|DBLe|3|3100|3402	PF0692-C.g1178	26.606	327	183	10	28	303	1242	1562	6.15e-20	92.8
PF3D7_0632500|DBLe|3|3100|3402	PF0692-C.g1178	27.986	293	139	11	35	257	105	395	7.92e-16	80.5
PF3D7_0632500|DBLe|3|3100|3402	PF0692-C.g1178	22.727	220	116	4	101	266	1724	1943	1.86e-07	55.1
PF3D7_0632500|DBLe|3|3100|3402	PF0638-C.g721	98.007	301	6	0	3	303	3027	3327	0.0	614
PF3D7_0632500|DBLe|3|3100|3402	PF0638-C.g721	41.279	172	95	4	45	212	2740	2909	3.23e-32	128
PF3D7_0632500|DBLe|3|3100|3402	PF0638-C.g721	30.268	261	128	9	39	253	1248	1500	1.98e-20	94.0
PF3D7_0632500|DBLe|3|3100|3402	PF0638-C.g721	28.014	282	159	11	39	278	2381	2660	2.04e-20	94.0
PF3D7_0632500|DBLe|3|3100|3402	PF0638-C.g721	26.415	318	160	16	11	266	799	1104	2.27e-18	88.2
PF3D7_0632500|DBLe|3|3100|3402	PF0638-C.g721	26.493	268	139	9	42	253	107	372	1.36e-16	82.8
PF3D7_0632500|DBLe|3|3100|3402	PF0638-C.g721	24.779	226	106	8	101	263	1770	1994	2.29e-07	54.7
PF3D7_0632500|DBLe|3|3100|3402	PT0021-CW.g332	98.007	301	6	0	3	303	1300	1600	0.0	612
PF3D7_0632500|DBLe|3|3100|3402	PT0021-CW.g332	41.279	172	95	4	45	212	1013	1182	3.93e-32	128
PF3D7_0632500|DBLe|3|3100|3402	PT0021-CW.g332	28.065	310	176	13	39	303	654	961	1.91e-20	94.0
PF3D7_0632500|DBLe|3|3100|3402	PT0021-CW.g332	23.451	226	119	7	101	273	45	269	3.41e-07	53.9
PF3D7_0632500|DBLe|3|3100|3402	PC0077-C.g541	80.528	303	58	1	1	303	678	979	2.11e-174	511
PF3D7_0632500|DBLe|3|3100|3402	PC0077-C.g541	30.568	229	126	6	16	212	334	561	5.25e-26	110
PF3D7_0632500|DBLe|3|3100|3402	PC0077-C.g541	31.333	150	84	4	142	274	100	247	5.35e-17	83.6
PF3D7_0632500|ATS|1|3443|3954	PfKE03.g242	74.514	514	85	11	2	512	1362	1832	0.0	696
PF3D7_0632500|ATS|1|3443|3954	QE0414-C.g590	71.078	529	102	13	2	512	3405	3900	0.0	692
PF3D7_0632500|ATS|1|3443|3954	QE0436-C.g670	70.370	540	100	11	2	512	1708	2216	0.0	676
PF3D7_0632500|ATS|1|3443|3954	PV0239-C.g10	69.565	529	111	11	2	512	3362	3858	0.0	676
PF3D7_0632500|ATS|1|3443|3954	PV0139-C.g62	71.612	546	91	10	2	512	1705	2221	0.0	650
PF3D7_0632800|NTS|1|1|66	PM0144-C.g1074	71.212	66	19	0	1	66	1	66	6.39e-24	94.7
PF3D7_0632800|NTS|1|1|66	PA0084-C.g832	68.182	66	21	0	1	66	1	66	3.93e-22	89.7
PF3D7_0632800|NTS|1|1|66	PF0206-C.g544	67.164	67	21	1	1	66	1	67	1.37e-21	88.2
PF3D7_0632800|NTS|1|1|66	QG0250-C.g1273	68.182	66	21	0	1	66	1	66	1.75e-21	87.8
PF3D7_0632800|NTS|1|1|66	QG0249-C.g164	68.182	66	21	0	1	66	1	66	1.75e-21	87.8
PF3D7_0632800|DBLa|1|67|477	PM0124-C.g533	74.886	438	81	5	1	411	64	499	0.0	642
PF3D7_0632800|DBLa|1|67|477	PM0124-C.g533	33.628	113	72	2	213	322	1197	1309	6.36e-12	70.1
PF3D7_0632800|DBLa|1|67|477	PT0063-C.g580	74.528	424	93	5	1	411	64	485	0.0	602
PF3D7_0632800|DBLa|1|67|477	PT0063-C.g580	37.037	108	59	2	230	328	1210	1317	2.33e-12	71.6
PF3D7_0632800|DBLa|1|67|477	SenT231.08.g314	71.226	424	102	7	1	411	66	482	0.0	590
PF3D7_0632800|DBLa|1|67|477	SenT231.08.g314	27.532	316	153	10	141	411	1051	1335	3.56e-18	89.4
PF3D7_0632800|DBLa|1|67|477	PF0417-C.g422	71.226	424	102	7	1	411	66	482	0.0	590
PF3D7_0632800|DBLa|1|67|477	PF0417-C.g422	27.532	316	153	10	141	411	1051	1335	3.56e-18	89.4
PF3D7_0632800|DBLa|1|67|477	PA0102-C.g493	70.991	424	103	7	1	411	66	482	0.0	590
PF3D7_0632800|DBLa|1|67|477	PA0102-C.g493	25.743	303	165	11	148	411	1038	1319	8.52e-13	72.8
PF3D7_0632800|CIDRa|1|478|754	PA0101-C.g568	71.795	273	62	5	1	272	483	741	1.63e-116	363
PF3D7_0632800|CIDRa|1|478|754	PH0367-C.g446	71.223	278	65	5	1	277	477	740	2.74e-116	368
PF3D7_0632800|CIDRa|1|478|754	PD0507-C.g659	71.223	278	65	5	1	277	477	740	5.12e-116	368
PF3D7_0632800|CIDRa|1|478|754	PD0507-C.g659	28.859	149	98	4	101	244	1432	1577	7.37e-08	55.8
PF3D7_0632800|CIDRa|1|478|754	PA0032-C.g556	71.795	273	62	5	1	272	483	741	1.18e-115	363
PF3D7_0632800|CIDRa|1|478|754	PA0057-C.g437	71.795	273	62	5	1	272	483	741	1.49e-114	363
PF3D7_0632800|CIDRa|1|478|754	PA0057-C.g437	30.233	86	58	2	102	185	1430	1515	2.72e-07	53.9
PF3D7_0632800|DBLd|1|843|1375	QG0293-C.g2529	54.771	524	171	17	18	533	894	1359	5.12e-155	486
PF3D7_0632800|DBLd|1|843|1375	QG0293-C.g2529	29.167	192	104	7	370	533	316	503	1.85e-11	69.7
PF3D7_0632800|DBLd|1|843|1375	QE0455-C.g767	51.087	552	175	18	1	533	863	1338	4.28e-151	475
PF3D7_0632800|DBLd|1|843|1375	QE0455-C.g767	29.032	124	77	2	370	493	301	413	9.12e-07	54.3
PF3D7_0632800|DBLd|1|843|1375	QG0246-C.g3545	52.348	575	197	21	1	533	890	1429	5.69e-150	473
PF3D7_0632800|DBLd|1|843|1375	QG0246-C.g3545	27.692	195	105	7	370	533	297	486	2.93e-10	65.9
PF3D7_0632800|DBLd|1|843|1375	PF0393-CW.g153	49.462	558	174	18	1	533	501	975	1.16e-147	461
PF3D7_0632800|DBLd|1|843|1375	PF0113-C.g570	52.110	545	193	16	1	533	800	1288	2.01e-147	464
PF3D7_0632800|DBLd|1|843|1375	PF0113-C.g570	32.086	187	96	8	370	533	299	477	3.28e-16	84.7
PF3D7_0632800|CIDRb|1|1376|1629	SenT013.11.g322	72.800	250	67	1	1	249	1388	1637	4.28e-115	364
PF3D7_0632800|CIDRb|1|1376|1629	PA0092-C.g488	72.800	250	67	1	1	249	1388	1637	4.28e-115	364
PF3D7_0632800|CIDRb|1|1376|1629	PA0022-C.g460	72.984	248	58	3	7	249	736	979	5.36e-113	350
PF3D7_0632800|CIDRb|1|1376|1629	PA0197-C.g788	72.984	248	58	3	7	249	1398	1641	2.13e-110	350
PF3D7_0632800|CIDRb|1|1376|1629	PA0022-C.g408	72.984	248	58	3	7	249	1196	1439	4.71e-110	348
PF3D7_0632800|ATS|1|1740|2238	PC0107-C.g899	76.846	501	48	6	1	499	1572	2006	0.0	690
PF3D7_0632800|ATS|1|1740|2238	PH0121-CW.g102	73.948	499	60	5	1	499	802	1230	0.0	686
PF3D7_0632800|ATS|1|1740|2238	PFKE09.g563	72.603	511	59	10	1	499	775	1216	0.0	680
PF3D7_0632800|ATS|1|1740|2238	PFKE01.g19	71.825	504	72	11	1	499	1733	2171	0.0	653
PF3D7_0632800|ATS|1|1740|2238	PD0582-C.g778	70.930	516	76	9	1	499	1669	2127	0.0	652
PF3D7_0700100|NTS|1|1|61	QE0466-C.g959	94.545	55	3	0	7	61	8	62	9.82e-29	108
PF3D7_0700100|NTS|1|1|61	QE0461-C.g715	94.545	55	3	0	7	61	8	62	9.82e-29	108
PF3D7_0700100|NTS|1|1|61	QE0424-C.g694	94.545	55	3	0	7	61	8	62	9.82e-29	108
PF3D7_0700100|NTS|1|1|61	QE0439-C.g1032	94.545	55	3	0	7	61	8	62	1.02e-28	108
PF3D7_0700100|NTS|1|1|61	PV0287-C.g57	91.071	56	5	0	6	61	5	60	5.28e-28	105
PF3D7_0700100|DBLa|1|62|505	QG0290-C.g819	81.778	450	73	4	1	444	65	511	0.0	726
PF3D7_0700100|DBLa|1|62|505	PC0107-C.g206	65.605	471	119	15	1	444	62	516	0.0	566
PF3D7_0700100|DBLa|1|62|505	PC0107-C.g206	24.359	234	140	7	119	348	1092	1292	1.78e-13	75.5
PF3D7_0700100|DBLa|1|62|505	PF0730-C.g738	65.605	471	119	15	1	444	62	516	0.0	563
PF3D7_0700100|DBLa|1|62|505	PF0730-C.g738	24.473	237	136	7	119	348	1092	1292	1.27e-13	75.9
PF3D7_0700100|DBLa|1|62|505	PC0058-C.g508	65.393	471	120	15	1	444	62	516	0.0	559
PF3D7_0700100|DBLa|1|62|505	PC0058-C.g508	24.359	234	140	7	119	348	1089	1289	1.97e-13	75.1
PF3D7_0700100|DBLa|1|62|505	QG0202-C.g576	66.524	466	117	12	1	444	58	506	0.0	557
PF3D7_0700100|DBLa|1|62|505	QG0202-C.g576	36.441	118	71	3	236	351	1180	1295	4.23e-16	83.6
PF3D7_0700100|CIDRa|1|506|819	PC0113-C.g1474	97.134	314	9	0	1	314	517	830	0.0	629
PF3D7_0700100|CIDRa|1|506|819	QG0250-C.g2884	95.469	309	14	0	1	309	511	819	0.0	605
PF3D7_0700100|CIDRa|1|506|819	QG0249-C.g906	95.469	309	14	0	1	309	511	819	0.0	605
PF3D7_0700100|CIDRa|1|506|819	PC0113-C.g485	81.433	307	54	2	1	305	502	807	2.49e-158	474
PF3D7_0700100|CIDRa|1|506|819	PF0058-C.g543	73.817	317	56	5	1	305	520	821	6.72e-145	449
PF3D7_0700100|DBLd|1|897|1462	SenP051.02.g284	56.367	589	159	22	1	566	936	1449	3.13e-175	543
PF3D7_0700100|DBLd|1|897|1462	SenP051.02.g284	21.561	269	159	8	250	502	202	434	2.36e-10	66.2
PF3D7_0700100|DBLd|1|897|1462	PF0737-C.g304	49.481	578	212	17	1	566	873	1382	3.94e-153	488
PF3D7_0700100|DBLd|1|897|1462	PF0737-C.g304	22.400	250	160	8	250	495	183	402	3.00e-08	59.3
PF3D7_0700100|DBLd|1|897|1462	PF0737-C.g304	23.792	269	111	11	248	516	2202	2376	4.17e-07	55.8
PF3D7_0700100|DBLd|1|897|1462	QG0228-C.g2782	44.692	584	218	13	1	566	147	643	1.81e-148	455
PF3D7_0700100|DBLd|1|897|1462	SenT224.08.g220	46.667	585	235	20	1	566	200	726	6.78e-145	448
PF3D7_0700100|DBLd|1|897|1462	QG0243-C.g75	47.811	594	234	21	1	566	531	1076	2.47e-144	454
PF3D7_0700100|DBLd|1|897|1462	QG0243-C.g75	26.281	449	179	15	89	533	147	447	4.90e-25	112
PF3D7_0700100|CIDRb|1|1463|1714	QE0444-C.g13	87.449	247	30	1	1	246	1289	1535	9.08e-146	447
PF3D7_0700100|CIDRb|1|1463|1714	QE0444-C.g13	24.000	225	156	7	26	245	519	733	4.73e-11	64.7
PF3D7_0700100|CIDRb|1|1463|1714	PV0020-C.g37	80.709	254	47	1	1	252	1341	1594	1.17e-137	426
PF3D7_0700100|CIDRb|1|1463|1714	SenP051.02.g284	87.008	254	31	2	1	252	1450	1703	1.61e-135	421
PF3D7_0700100|CIDRb|1|1463|1714	SenP051.02.g284	33.684	95	57	4	104	196	675	765	1.52e-07	54.3
PF3D7_0700100|CIDRb|1|1463|1714	PT0240-C.g721	76.000	250	54	3	1	244	1353	1602	5.51e-120	377
PF3D7_0700100|CIDRb|1|1463|1714	QG0243-C.g75	65.748	254	78	3	1	251	1077	1324	1.81e-106	338
PF3D7_0700100|ATS|1|1822|2286	PV0139-C.g62	80.806	521	41	6	1	465	1704	2221	0.0	753
PF3D7_0700100|ATS|1|1822|2286	PA0245-C.g998	83.015	471	61	8	1	465	1706	2163	0.0	742
PF3D7_0700100|ATS|1|1822|2286	PA0270-C.g443	80.042	471	72	5	1	465	2185	2639	0.0	716
PF3D7_0700100|ATS|1|1822|2286	PV0028-C.g50	78.151	476	73	7	1	465	2600	3055	0.0	694
PF3D7_0700100|ATS|1|1822|2286	PV0211-C.g39	78.769	471	79	9	1	465	2632	3087	0.0	693
PF3D7_0711700|NTS|1|1|62	PF0424-C.g43	94.643	56	3	0	7	62	4	59	1.55e-29	110
PF3D7_0711700|NTS|1|1|62	SenT036.10.g3488	91.379	58	5	0	5	62	4	61	1.75e-29	110
PF3D7_0711700|NTS|1|1|62	PA0173-C.g749	91.379	58	5	0	5	62	4	61	2.10e-29	110
PF3D7_0711700|NTS|1|1|62	PV0099-C.g103	81.356	59	7	1	8	62	10	68	1.61e-24	96.3
PF3D7_0711700|NTS|1|1|62	QE0400-C.g480	81.356	59	7	1	8	62	10	68	1.61e-24	96.3
PF3D7_0711700|DBLa|1|63|498	PF0424-C.g43	79.279	444	77	6	1	436	60	496	0.0	682
PF3D7_0711700|DBLa|1|63|498	PT0027-C.g404	73.085	457	98	8	1	436	63	515	0.0	649
PF3D7_0711700|DBLa|1|63|498	PT0027-C.g404	23.315	356	202	15	120	436	1099	1422	3.07e-13	74.7
PF3D7_0711700|DBLa|1|63|498	PF0417-C.g413	69.635	438	106	8	15	436	86	512	0.0	561
PF3D7_0711700|DBLa|1|63|498	PF0417-C.g413	22.021	386	199	13	30	338	948	1308	5.17e-12	70.5
PF3D7_0711700|DBLa|1|63|498	PC0113-C.g73	65.161	465	111	12	11	436	82	534	0.0	560
PF3D7_0711700|DBLa|1|63|498	PC0113-C.g73	23.000	200	108	5	187	341	1152	1350	1.62e-08	59.7
PF3D7_0711700|DBLa|1|63|498	PM0086-C.g373	65.161	465	111	12	11	436	82	534	0.0	560
PF3D7_0711700|DBLa|1|63|498	PM0086-C.g373	23.000	200	108	5	187	341	1146	1344	1.50e-08	59.7
PF3D7_0711700|CIDRa|1|499|796	PA0092-C.g1037	66.772	316	80	8	1	298	494	802	7.30e-127	389
PF3D7_0711700|CIDRa|1|499|796	PF0330-C.g555	67.541	305	75	4	1	298	2	289	1.28e-125	388
PF3D7_0711700|CIDRa|1|499|796	SenT114.09.g799	67.213	305	76	4	1	298	478	765	4.30e-123	386
PF3D7_0711700|CIDRa|1|499|796	PA0008-C.g826	66.562	317	80	8	1	298	118	427	1.09e-122	384
PF3D7_0711700|CIDRa|1|499|796	PT0102-C.g893	67.752	307	80	7	1	298	488	784	3.18e-121	383
PF3D7_0711700|DBLd|1|891|1381	PT0098-C.g560	77.218	496	90	10	1	491	864	1341	0.0	744
PF3D7_0711700|DBLd|1|891|1381	SenT001.08.g392	53.918	536	175	16	1	491	437	945	7.89e-167	506
PF3D7_0711700|DBLd|1|891|1381	PC0085-C.g1010	54.753	526	199	12	1	491	754	1275	4.10e-166	512
PF3D7_0711700|DBLd|1|891|1381	PA0209-C.g1446	55.062	563	173	19	1	491	830	1384	1.15e-164	510
PF3D7_0711700|DBLd|1|891|1381	PA0209-C.g1446	27.509	269	150	11	235	491	247	482	6.90e-09	61.2
PF3D7_0711700|DBLd|1|891|1381	SenT130.09.g288	53.918	536	175	16	1	491	873	1381	1.86e-163	506
PF3D7_0711700|DBLd|1|891|1381	SenT130.09.g288	21.498	307	159	10	145	417	161	419	6.10e-08	58.2
PF3D7_0711700|CIDRb|1|1382|1625	PT0098-C.g560	100.000	244	0	0	1	244	1342	1585	4.59e-166	502
PF3D7_0711700|CIDRb|1|1382|1625	PM0138-C.g844	95.902	244	10	0	1	244	1371	1614	2.63e-158	482
PF3D7_0711700|CIDRb|1|1382|1625	QG0256-C.g3081	71.369	241	52	7	1	230	1198	1432	1.81e-99	319
PF3D7_0711700|CIDRb|1|1382|1625	QE0419-C.g798	70.815	233	58	5	5	230	1265	1494	3.23e-96	310
PF3D7_0711700|CIDRb|1|1382|1625	QE0419-C.g798	31.852	135	74	6	35	158	503	630	1.03e-07	54.7
PF3D7_0711700|CIDRb|1|1382|1625	QG0226-C.g14	61.134	247	88	3	5	243	1332	1578	5.12e-91	295
PF3D7_0711700|ATS|1|1732|2215	PFKE09.g410	89.050	484	50	3	1	484	1751	2231	0.0	838
PF3D7_0711700|ATS|1|1732|2215	PV0128-C.g36	86.864	472	56	6	1	472	1848	2313	0.0	778
PF3D7_0711700|ATS|1|1732|2215	PF0638-C.g8678	79.678	497	77	5	1	484	1747	2232	0.0	759
PF3D7_0711700|ATS|1|1732|2215	PC0107-C.g222	82.174	460	69	5	1	459	1797	2244	0.0	742
PF3D7_0711700|ATS|1|1732|2215	PD0472-C.g722	79.837	491	75	5	1	484	1681	2154	0.0	740
PF3D7_0712000|NTS|1|1|63	PT0059-C.g94	73.016	63	14	1	1	63	1	60	3.15e-22	89.7
PF3D7_0712000|NTS|1|1|63	PFKE01.g19	72.308	65	13	3	1	63	1	62	2.50e-19	81.6
PF3D7_0712000|NTS|1|1|63	PT0264-C.g471	70.149	67	16	3	1	63	1	67	2.60e-19	81.3
PF3D7_0712000|NTS|1|1|63	PA0209-C.g1899	63.492	63	20	1	1	63	1	60	3.48e-19	80.9
PF3D7_0712000|NTS|1|1|63	QG0246-C.g600	63.492	63	20	1	1	63	1	60	3.85e-19	80.9
PF3D7_0712000|DBLa|1|64|506	PM0144-C.g908	76.709	468	80	8	1	443	69	532	0.0	704
PF3D7_0712000|DBLa|1|64|506	PM0144-C.g908	24.047	341	188	13	138	443	1084	1388	2.51e-11	68.6
PF3D7_0712000|DBLa|1|64|506	PC0061-C.g954	73.451	452	100	9	1	443	60	500	0.0	649
PF3D7_0712000|DBLa|1|64|506	PC0061-C.g954	26.857	350	178	17	134	443	1073	1384	1.72e-16	84.7
PF3D7_0712000|DBLa|1|64|506	PT0066-C.g728	71.335	457	108	9	1	443	66	513	0.0	630
PF3D7_0712000|DBLa|1|64|506	PT0066-C.g728	24.199	281	151	10	193	443	1142	1390	3.21e-11	68.2
PF3D7_0712000|DBLa|1|64|506	PT0225-C.g130	64.050	484	125	8	1	443	70	545	0.0	576
PF3D7_0712000|DBLa|1|64|506	PT0225-C.g130	24.786	351	186	16	138	443	1109	1426	5.17e-14	77.0
PF3D7_0712000|DBLa|1|64|506	PFKE12.g170	64.050	484	125	8	1	443	70	545	0.0	576
PF3D7_0712000|DBLa|1|64|506	PFKE12.g170	24.786	351	186	16	138	443	1104	1421	5.21e-14	77.0
PF3D7_0712000|CIDRa|1|507|819	PF0159-C.g532	80.000	320	55	2	1	313	520	837	3.82e-150	464
PF3D7_0712000|CIDRa|1|507|819	QG0271-C.g643	80.000	320	55	2	1	313	520	837	7.29e-150	463
PF3D7_0712000|CIDRa|1|507|819	QG0269-C.g409	80.000	320	55	2	1	313	520	837	7.29e-150	463
PF3D7_0712000|CIDRa|1|507|819	PA0158-C.g655	80.000	320	55	2	1	313	520	837	7.83e-150	462
PF3D7_0712000|CIDRa|1|507|819	PM0029-C.g2510	76.825	315	55	2	1	313	400	698	1.02e-142	442
PF3D7_0712000|DBLd|1|909|1424	PF0816-C.g871	49.460	556	217	14	1	516	856	1387	2.19e-159	497
PF3D7_0712000|DBLd|1|909|1424	PF0816-C.g871	30.435	184	108	6	349	516	313	492	3.22e-13	75.1
PF3D7_0712000|DBLd|1|909|1424	QE0438-C.g62	51.402	535	205	16	1	516	143	641	8.92e-158	478
PF3D7_0712000|DBLd|1|909|1424	PM0020-C.g1073	48.217	589	224	14	1	516	885	1465	1.28e-157	494
PF3D7_0712000|DBLd|1|909|1424	PM0020-C.g1073	29.381	194	90	5	254	446	254	401	8.29e-16	83.6
PF3D7_0712000|DBLd|1|909|1424	QE0468-C.g72	49.442	538	206	15	1	516	233	726	2.43e-157	478
PF3D7_0712000|DBLd|1|909|1424	PH0560-C.g65	48.463	553	214	16	1	516	85	603	4.40e-157	474
PF3D7_0712000|CIDRg|1|1425|1697	SenT001.08.g182	76.190	273	61	2	1	273	1371	1639	1.74e-135	421
PF3D7_0712000|CIDRg|1|1425|1697	PF0417-C.g477	79.211	279	50	6	1	273	1063	1339	6.38e-132	408
PF3D7_0712000|CIDRg|1|1425|1697	PA0146-C.g312	74.638	276	63	3	1	273	1736	2007	7.24e-132	413
PF3D7_0712000|CIDRg|1|1425|1697	QG0271-C.g733	77.899	276	57	2	1	272	1363	1638	6.25e-129	403
PF3D7_0712000|CIDRg|1|1425|1697	QG0269-C.g588	77.899	276	57	2	1	272	1363	1638	6.25e-129	403
PF3D7_0712000|ATS|1|1807|2275	PF0092-C.g708	91.755	473	33	2	1	467	1720	2192	0.0	859
PF3D7_0712000|ATS|1|1807|2275	QE0454-C.g647	91.543	473	34	2	1	467	1716	2188	0.0	857
PF3D7_0712000|ATS|1|1807|2275	PC0113-C.g606	86.681	473	56	3	1	467	1758	2229	0.0	810
PF3D7_0712000|ATS|1|1807|2275	PF0489-C.g723	85.684	475	45	6	1	469	1717	2174	0.0	796
PF3D7_0712000|ATS|1|1807|2275	PD0497-C.g400	80.171	469	74	6	2	467	2488	2940	0.0	752
PF3D7_0712300|NTS|1|1|60	PA0188-C.g736	88.462	52	6	0	9	60	10	61	2.86e-22	89.7
PF3D7_0712300|NTS|1|1|60	SenT165.09.g3880	75.000	60	15	0	1	60	1	60	3.56e-21	86.7
PF3D7_0712300|NTS|1|1|60	QG0237-C.g2794	75.000	60	15	0	1	60	1	60	4.58e-21	86.3
PF3D7_0712300|NTS|1|1|60	PF0513-C.g4119	75.000	60	15	0	1	60	1	60	9.39e-21	85.5
PF3D7_0712300|NTS|1|1|60	QG0237-C.g2938	72.881	59	16	0	2	60	3	61	4.61e-20	83.6
PF3D7_0712300|DBLa|1|61|504	PA0188-C.g736	99.099	444	3	1	1	444	62	504	0.0	915
PF3D7_0712300|DBLa|1|61|504	PA0188-C.g736	23.967	242	166	6	119	344	1061	1300	3.92e-13	74.3
PF3D7_0712300|DBLa|1|61|504	PFKE08.g424	77.143	455	82	7	1	444	72	515	0.0	647
PF3D7_0712300|DBLa|1|61|504	PFKE08.g424	24.458	323	174	11	153	444	1109	1392	3.70e-11	68.2
PF3D7_0712300|DBLa|1|61|504	PfKE04.g422	72.429	457	103	11	1	444	62	508	0.0	626
PF3D7_0712300|DBLa|1|61|504	PfKE04.g422	29.268	205	108	6	245	444	1252	1424	3.07e-14	77.8
PF3D7_0712300|DBLa|1|61|504	PH0774-C.g360	71.397	451	102	13	1	444	66	496	0.0	592
PF3D7_0712300|DBLa|1|61|504	PH0774-C.g360	27.697	343	187	12	119	444	1097	1395	7.18e-16	82.8
PF3D7_0712300|DBLa|1|61|504	PH0769-C.g671	71.397	451	102	13	1	444	66	496	0.0	590
PF3D7_0712300|DBLa|1|61|504	PH0769-C.g671	24.359	234	129	6	144	342	1123	1343	1.01e-11	69.7
PF3D7_0712300|CIDRa|1|505|790	PA0188-C.g736	99.650	286	1	0	1	286	505	790	0.0	584
PF3D7_0712300|CIDRa|1|505|790	PA0188-C.g736	40.000	70	40	2	126	194	1475	1543	1.86e-08	57.8
PF3D7_0712300|CIDRa|1|505|790	PA0160-C.g286	99.650	286	1	0	1	286	192	477	0.0	583
PF3D7_0712300|CIDRa|1|505|790	PA0229-C.g845	85.664	286	35	3	1	286	513	792	1.63e-158	484
PF3D7_0712300|CIDRa|1|505|790	QG0236-C.g2831	71.724	290	66	7	1	283	527	807	4.34e-127	399
PF3D7_0712300|CIDRa|1|505|790	QG0228-C.g2935	70.333	300	67	6	1	285	510	802	4.77e-127	399
PF3D7_0712300|DBLd|1|866|1402	SenT001.11.g1451	52.951	576	220	19	1	537	818	1381	1.46e-164	507
PF3D7_0712300|DBLd|1|866|1402	SenT001.11.g1451	29.043	303	132	9	157	459	352	571	1.13e-26	117
PF3D7_0712300|DBLd|1|866|1402	SenT001.11.g1451	30.830	253	109	10	208	460	14	200	8.98e-23	105
PF3D7_0712300|DBLd|1|866|1402	PD0524-C.g573	50.967	569	201	19	1	537	1312	1834	3.98e-158	499
PF3D7_0712300|DBLd|1|866|1402	PD0524-C.g573	27.941	272	139	9	219	473	179	410	7.68e-17	87.0
PF3D7_0712300|DBLd|1|866|1402	PM0029-C.g726	49.168	541	223	16	14	537	93	598	4.74e-157	475
PF3D7_0712300|DBLd|1|866|1402	SenT002.07.g921	48.490	563	198	16	1	537	800	1296	3.99e-156	483
PF3D7_0712300|DBLd|1|866|1402	PM0015-C.g18	49.821	560	213	14	1	537	452	966	9.69e-155	479
PF3D7_0712300|CIDRg|1|1403|1659	QG0275-C.g500	70.741	270	57	7	1	251	1376	1642	1.33e-114	363
PF3D7_0712300|CIDRg|1|1403|1659	PM0049-C.g405	69.615	260	66	5	1	250	1424	1680	4.70e-110	350
PF3D7_0712300|CIDRg|1|1403|1659	SenT230.08.g441	69.960	253	66	5	1	245	1322	1572	4.78e-109	347
PF3D7_0712300|CIDRg|1|1403|1659	PT0059-C.g739	67.939	262	75	5	1	257	1485	1742	1.11e-108	346
PF3D7_0712300|CIDRg|1|1403|1659	QG0250-C.g2928	68.000	250	72	3	1	245	1380	1626	1.18e-108	346
PF3D7_0712300|ATS|1|1770|2267	PV0276-C.g5	83.815	519	48	6	1	498	2482	2985	0.0	849
PF3D7_0712300|ATS|1|1770|2267	PC0118-C.g189	83.495	515	53	5	1	498	1709	2208	0.0	840
PF3D7_0712300|ATS|1|1770|2267	PFKE11.g502	88.595	491	36	4	21	494	1	488	0.0	834
PF3D7_0712300|ATS|1|1770|2267	PFKE11.g502	53.382	547	146	18	16	498	484	985	3.32e-144	440
PF3D7_0712300|ATS|1|1770|2267	PV0139-C.g5	69.901	505	116	13	1	498	2090	2565	0.0	652
PF3D7_0712300|ATS|1|1770|2267	PV0116-C.g28	69.034	507	128	11	1	498	1887	2373	0.0	651
PF3D7_0712400|NTS|1|1|56	PfKE05.g8	98.214	56	1	0	1	56	1	56	9.70e-33	119
PF3D7_0712400|NTS|1|1|56	PA0085-C.g155	98.214	56	1	0	1	56	1	56	1.46e-32	118
PF3D7_0712400|NTS|1|1|56	PM0103-C.g139	98.214	56	1	0	1	56	1	56	1.86e-32	118
PF3D7_0712400|NTS|1|1|56	QG0282-C.g150	98.214	56	1	0	1	56	1	56	2.20e-32	118
PF3D7_0712400|NTS|1|1|56	PF0180-C.g490	100.000	56	0	0	1	56	1	56	2.33e-32	118
PF3D7_0712400|DBLa|1|57|464	PF0180-C.g490	96.594	411	11	1	1	408	57	467	0.0	821
PF3D7_0712400|DBLa|1|57|464	PF0180-C.g490	29.464	336	167	12	4	328	815	1091	1.37e-27	117
PF3D7_0712400|DBLa|1|57|464	PM0144-C.g352	95.864	411	14	1	1	408	57	467	0.0	816
PF3D7_0712400|DBLa|1|57|464	PM0144-C.g352	31.908	304	153	10	4	293	815	1078	9.02e-30	124
PF3D7_0712400|DBLa|1|57|464	PM0144-C.g352	26.549	339	165	15	114	408	2063	2361	6.61e-13	73.2
PF3D7_0712400|DBLa|1|57|464	PM0144-C.g352	23.676	321	172	10	43	341	1247	1516	1.83e-07	56.2
PF3D7_0712400|DBLa|1|57|464	PM0117-C.g284	91.220	410	34	1	1	408	57	466	0.0	778
PF3D7_0712400|DBLa|1|57|464	PM0117-C.g284	31.229	301	136	12	49	328	843	1093	8.28e-27	115
PF3D7_0712400|DBLa|1|57|464	PM0117-C.g284	33.184	223	124	5	51	267	1694	1897	2.19e-26	114
PF3D7_0712400|DBLa|1|57|464	PA0039-C.g673	91.220	410	34	1	1	408	57	466	0.0	776
PF3D7_0712400|DBLa|1|57|464	PA0039-C.g673	31.229	301	136	12	49	328	843	1093	1.24e-26	115
PF3D7_0712400|DBLa|1|57|464	PA0039-C.g673	25.000	312	172	14	49	342	1252	1519	1.63e-10	65.5
PF3D7_0712400|DBLa|1|57|464	PA0254-C.g349	85.437	412	52	4	1	408	57	464	0.0	689
PF3D7_0712400|DBLa|1|57|464	PA0254-C.g349	33.333	333	187	8	1	329	1625	1926	3.70e-41	158
PF3D7_0712400|DBLa|1|57|464	PA0254-C.g349	33.333	303	169	10	1	293	795	1074	3.30e-36	143
PF3D7_0712400|DBLa|1|57|464	PA0254-C.g349	25.763	295	156	10	49	343	2059	2290	5.73e-15	79.7
PF3D7_0712400|DBLa|1|57|464	PA0254-C.g349	25.000	296	142	8	48	327	1250	1481	1.03e-13	75.9
PF3D7_0712400|CIDRa|1|465|721	PF0180-C.g490	100.000	257	0	0	1	257	468	724	0.0	532
PF3D7_0712400|CIDRa|1|465|721	PF0399-C.g212	100.000	257	0	0	1	257	330	586	5.55e-179	533
PF3D7_0712400|CIDRa|1|465|721	PM0144-C.g352	100.000	257	0	0	1	257	468	724	5.49e-175	535
PF3D7_0712400|CIDRa|1|465|721	PA0186-C.g669	89.883	257	18	1	1	257	469	717	1.87e-157	478
PF3D7_0712400|CIDRa|1|465|721	PA0039-C.g673	89.883	257	18	1	1	257	467	715	7.25e-154	469
PF3D7_0712400|DBLb|1|742|1194	PF0399-C.g212	100.000	453	0	0	1	453	607	1059	0.0	949
PF3D7_0712400|DBLb|1|742|1194	PF0399-C.g212	26.718	393	214	15	94	453	1104	1455	1.73e-23	106
PF3D7_0712400|DBLb|1|742|1194	PF0399-C.g212	32.547	212	96	6	176	340	24	235	1.04e-21	100
PF3D7_0712400|DBLb|1|742|1194	PM0144-C.g352	95.806	453	18	1	1	453	745	1196	0.0	904
PF3D7_0712400|DBLb|1|742|1194	PM0144-C.g352	30.462	325	160	11	71	340	60	373	2.26e-27	118
PF3D7_0712400|DBLb|1|742|1194	PM0144-C.g352	26.786	392	213	15	95	453	1242	1592	1.94e-23	106
PF3D7_0712400|DBLb|1|742|1194	PM0144-C.g352	29.348	184	89	6	109	259	1956	2131	2.70e-09	62.4
PF3D7_0712400|DBLb|1|742|1194	PM0144-C.g352	32.394	142	78	6	317	453	1654	1782	9.36e-08	57.4
PF3D7_0712400|DBLb|1|742|1194	PT0073-C.g814	83.885	453	71	2	1	453	754	1204	0.0	772
PF3D7_0712400|DBLb|1|742|1194	PT0073-C.g814	32.168	286	135	10	100	337	97	371	3.66e-30	126
PF3D7_0712400|DBLb|1|742|1194	PT0073-C.g814	26.010	396	220	14	91	453	1241	1596	2.92e-26	114
PF3D7_0712400|DBLb|1|742|1194	PF0180-C.g490	100.000	351	0	0	1	351	745	1095	0.0	739
PF3D7_0712400|DBLb|1|742|1194	PF0180-C.g490	30.462	325	160	11	71	340	60	373	1.61e-27	118
PF3D7_0712400|DBLb|1|742|1194	PV0094-C.g52	74.414	469	91	5	1	453	751	1206	0.0	704
PF3D7_0712400|DBLb|1|742|1194	PV0094-C.g52	29.134	381	216	13	2	340	8	376	6.33e-30	125
PF3D7_0712400|DBLb|1|742|1194	PV0094-C.g52	28.475	295	149	10	95	353	1269	1537	3.21e-19	93.2
PF3D7_0712400|DBLg|1|1208|1590	PM0144-C.g352	99.739	383	1	0	1	383	1210	1592	0.0	803
PF3D7_0712400|DBLg|1|1208|1590	PM0144-C.g352	93.182	132	9	0	252	383	1651	1782	1.27e-75	257
PF3D7_0712400|DBLg|1|1208|1590	PM0144-C.g352	31.323	431	180	17	1	328	1908	2325	1.21e-34	138
PF3D7_0712400|DBLg|1|1208|1590	PM0144-C.g352	27.665	394	208	19	32	383	838	1196	4.70e-23	103
PF3D7_0712400|DBLg|1|1208|1590	PF0399-C.g212	99.739	383	1	0	1	383	1073	1455	0.0	801
PF3D7_0712400|DBLg|1|1208|1590	PF0399-C.g212	28.101	395	206	18	32	383	700	1059	8.44e-26	112
PF3D7_0712400|DBLg|1|1208|1590	PA0041-C.g657	79.898	393	61	4	1	383	1203	1587	0.0	612
PF3D7_0712400|DBLg|1|1208|1590	PA0041-C.g657	28.571	378	193	15	45	383	850	1189	4.28e-25	109
PF3D7_0712400|DBLg|1|1208|1590	PA0041-C.g657	22.034	295	180	9	38	293	99	382	5.37e-08	57.4
PF3D7_0712400|DBLg|1|1208|1590	QE0471-C.g952	76.142	394	75	5	1	383	1198	1583	0.0	583
PF3D7_0712400|DBLg|1|1208|1590	QE0471-C.g952	28.682	387	210	16	33	383	828	1184	3.99e-26	112
PF3D7_0712400|DBLg|1|1208|1590	QE0471-C.g952	23.529	306	191	8	38	307	99	397	9.07e-10	63.2
PF3D7_0712400|DBLg|1|1208|1590	PT0109-C.g833	76.142	394	75	5	1	383	1205	1590	0.0	582
PF3D7_0712400|DBLg|1|1208|1590	PT0109-C.g833	25.693	397	216	16	33	383	828	1191	3.71e-23	103
PF3D7_0712400|ATS|1|1630|2064	PV0028-C.g43	85.421	439	58	5	1	435	1843	2279	0.0	749
PF3D7_0712400|ATS|1|1630|2064	PFKE09.g563	86.292	445	48	5	1	435	775	1216	0.0	746
PF3D7_0712400|ATS|1|1630|2064	PC0113-C.g949	86.547	446	46	6	1	435	1702	2144	0.0	736
PF3D7_0712400|ATS|1|1630|2064	PC0122-C.g100	87.321	418	52	1	1	418	1987	2403	0.0	726
PF3D7_0712400|ATS|1|1630|2064	PV0229-C.g26	80.942	467	53	6	1	435	1803	2265	0.0	723
PF3D7_0712600|NTS|1|1|65	PT0156-C.g69	100.000	65	0	0	1	65	1	65	5.93e-38	134
PF3D7_0712600|NTS|1|1|65	PA0026-C.g261	78.462	65	14	0	1	65	1	65	5.02e-25	97.8
PF3D7_0712600|NTS|1|1|65	PA0057-C.g553	78.462	65	14	0	1	65	1	65	1.94e-24	96.3
PF3D7_0712600|NTS|1|1|65	PT0169-C.g41	75.758	66	15	1	1	65	2	67	1.11e-23	94.0
PF3D7_0712600|NTS|1|1|65	PV0083-C.g53	77.049	61	14	0	1	61	1	61	4.51e-23	92.0
PF3D7_0712600|DBLa|1|66|519	PT0156-C.g69	80.778	463	70	5	1	454	66	518	0.0	739
PF3D7_0712600|DBLa|1|66|519	PT0156-C.g69	26.849	365	172	15	9	351	888	1179	2.80e-14	77.8
PF3D7_0712600|DBLa|1|66|519	PF0524-C.g967	65.180	471	125	10	5	454	71	523	0.0	578
PF3D7_0712600|DBLa|1|66|519	PF0524-C.g967	24.739	287	188	8	93	354	1051	1334	7.89e-14	76.6
PF3D7_0712600|DBLa|1|66|519	PD0572-C.g436	65.042	472	131	11	1	454	58	513	0.0	573
PF3D7_0712600|DBLa|1|66|519	PD0572-C.g436	29.086	361	200	13	52	407	1791	2100	1.23e-25	113
PF3D7_0712600|DBLa|1|66|519	PD0572-C.g436	29.010	293	181	9	117	397	1093	1370	1.25e-22	103
PF3D7_0712600|DBLa|1|66|519	PD0555-C.g310	65.042	472	131	11	1	454	58	513	0.0	573
PF3D7_0712600|DBLa|1|66|519	PD0555-C.g310	29.086	361	200	13	52	407	1791	2100	1.23e-25	113
PF3D7_0712600|DBLa|1|66|519	PD0555-C.g310	29.010	293	181	9	117	397	1093	1370	1.25e-22	103
PF3D7_0712600|DBLa|1|66|519	QE0439-C.g1079	64.831	472	131	11	1	454	58	512	0.0	563
PF3D7_0712600|DBLa|1|66|519	QE0439-C.g1079	24.865	185	108	8	193	354	1136	1312	1.56e-07	56.6
PF3D7_0712600|CIDRa|1|520|834	PT0137-C.g33	81.150	313	48	4	1	309	101	406	3.18e-149	455
PF3D7_0712600|CIDRa|1|520|834	PA0209-C.g1047	66.456	316	90	7	1	315	530	830	1.98e-111	357
PF3D7_0712600|CIDRa|1|520|834	PF0240-C.g527	61.250	320	103	8	1	313	158	463	4.37e-109	348
PF3D7_0712600|CIDRa|1|520|834	PM0133-C.g497	61.875	320	101	9	1	313	502	807	4.66e-108	347
PF3D7_0712600|CIDRa|1|520|834	PC0061-C.g580	61.875	320	101	9	1	313	502	807	6.85e-108	347
PF3D7_0712600|DBLd|1|895|1391	PF0730-C.g760	55.094	530	179	20	1	497	866	1369	4.25e-151	474
PF3D7_0712600|DBLd|1|895|1391	PF0730-C.g760	26.490	302	149	10	145	439	171	406	3.39e-18	90.9
PF3D7_0712600|DBLd|1|895|1391	PA0204-C.g226	49.442	538	193	13	1	497	915	1414	6.14e-144	455
PF3D7_0712600|DBLd|1|895|1391	PA0204-C.g226	27.624	181	105	6	333	491	322	498	9.36e-09	60.8
PF3D7_0712600|DBLd|1|895|1391	PF0816-C.g838	49.442	538	193	13	1	497	881	1380	9.07e-144	454
PF3D7_0712600|DBLd|1|895|1391	PF0816-C.g838	32.727	110	68	2	330	439	308	411	2.33e-08	59.3
PF3D7_0712600|DBLd|1|895|1391	QE0483-C.g495	49.174	545	212	19	1	497	905	1432	3.09e-139	442
PF3D7_0712600|DBLd|1|895|1391	QE0483-C.g495	23.288	292	154	9	162	444	177	407	1.94e-11	69.3
PF3D7_0712600|DBLd|1|895|1391	QE0392-C.g667	49.174	545	212	19	1	497	905	1432	3.09e-139	442
PF3D7_0712600|DBLd|1|895|1391	QE0392-C.g667	23.288	292	154	9	162	444	177	407	1.94e-11	69.3
PF3D7_0712600|CIDRb|1|1392|1643	QE0399-C.g603	74.206	252	58	5	1	250	1422	1668	2.99e-111	353
PF3D7_0712600|CIDRb|1|1392|1643	QE0438-C.g950	74.206	252	58	5	1	250	1422	1668	3.24e-111	353
PF3D7_0712600|CIDRb|1|1392|1643	QE0424-C.g524	74.206	252	58	5	1	250	1422	1668	3.24e-111	353
PF3D7_0712600|CIDRb|1|1392|1643	QE0401-C.g360	74.206	252	58	5	1	250	1422	1668	3.24e-111	353
PF3D7_0712600|CIDRb|1|1392|1643	SenT179.08.g1111	63.889	252	83	5	3	251	1106	1352	2.08e-89	290
PF3D7_0712600|CIDRb|1|1392|1643	SenT179.08.g1111	24.468	188	131	7	69	251	336	517	6.44e-07	52.4
PF3D7_0712600|ATS|1|1746|2215	PV0160-C.g1	99.362	470	3	0	1	470	2510	2979	0.0	968
PF3D7_0712600|ATS|1|1746|2215	PA0205-C.g150	98.511	470	7	0	1	470	2474	2943	0.0	962
PF3D7_0712600|ATS|1|1746|2215	PH0497-CW.g427	96.170	470	18	0	1	470	2086	2555	0.0	931
PF3D7_0712600|ATS|1|1746|2215	PT0034-C.g459	88.983	472	48	4	1	470	1602	2071	0.0	807
PF3D7_0712600|ATS|1|1746|2215	PH0774-C.g618	86.653	472	59	4	1	470	980	1449	0.0	804
PF3D7_0712800|NTS|1|1|67	PA0180-C.g579	100.000	67	0	0	1	67	1	67	2.74e-40	141
PF3D7_0712800|NTS|1|1|67	PM0062-C.g526	88.889	63	7	0	5	67	7	69	9.04e-31	114
PF3D7_0712800|NTS|1|1|67	PA0157-C.g791	79.221	77	6	2	1	67	1	77	1.65e-29	110
PF3D7_0712800|NTS|1|1|67	PM0077-C.g3881	71.429	70	17	1	1	67	1	70	8.71e-27	102
PF3D7_0712800|NTS|1|1|67	PT0184-C.g615	74.627	67	15	1	1	67	1	65	1.12e-26	102
PF3D7_0712800|DBLa|1|68|473	PA0180-C.g579	100.000	406	0	0	1	406	68	473	0.0	855
PF3D7_0712800|DBLa|1|68|473	PA0180-C.g579	23.121	346	213	12	105	406	1009	1345	9.76e-16	82.0
PF3D7_0712800|DBLa|1|68|473	PT0184-C.g615	99.754	406	1	0	1	406	66	471	0.0	848
PF3D7_0712800|DBLa|1|68|473	PT0184-C.g615	27.692	195	92	6	174	326	988	1175	5.80e-09	60.8
PF3D7_0712800|DBLa|1|68|473	PM0077-C.g3881	99.015	406	4	0	1	406	71	476	0.0	847
PF3D7_0712800|DBLa|1|68|473	PA0184-C.g448	97.044	406	12	0	1	406	72	477	0.0	824
PF3D7_0712800|DBLa|1|68|473	PA0184-C.g448	31.159	276	165	5	10	270	1982	2247	1.89e-30	126
PF3D7_0712800|DBLa|1|68|473	PA0184-C.g448	27.103	321	182	10	105	406	965	1252	1.89e-23	105
PF3D7_0712800|DBLa|1|68|473	PA0184-C.g448	20.745	376	223	12	45	395	1581	1906	5.22e-11	67.4
PF3D7_0712800|DBLa|1|68|473	SenT036.10.g3749	96.798	406	13	0	1	406	72	477	0.0	823
PF3D7_0712800|DBLa|1|68|473	SenT036.10.g3749	21.705	258	160	3	103	323	984	1236	1.74e-11	68.6
PF3D7_0712800|CIDRa|1|474|718	PA0180-C.g579	100.000	245	0	0	1	245	474	718	5.94e-168	507
PF3D7_0712800|CIDRa|1|474|718	PA0157-C.g791	89.831	236	22	1	1	236	484	717	1.50e-140	433
PF3D7_0712800|CIDRa|1|474|718	PA0157-C.g791	33.000	100	64	2	64	162	1400	1497	3.08e-07	53.1
PF3D7_0712800|CIDRa|1|474|718	PA0184-C.g448	79.592	245	50	0	1	245	478	722	9.25e-128	400
PF3D7_0712800|CIDRa|1|474|718	PT0184-C.g615	77.959	245	52	1	1	245	472	714	1.15e-126	395
PF3D7_0712800|CIDRa|1|474|718	PT0184-C.g615	27.193	114	79	3	64	175	1322	1433	4.50e-07	52.8
PF3D7_0712800|CIDRa|1|474|718	PM0018-C.g984	72.245	245	68	0	1	245	481	725	5.55e-117	369
PF3D7_0712800|CIDRa|1|474|718	PM0018-C.g984	28.333	180	121	4	63	236	1421	1598	4.54e-09	58.9
PF3D7_0712800|DBLd|1|839|1368	PD0519-C.g792	51.455	550	205	15	1	530	356	863	5.24e-172	513
PF3D7_0712800|DBLd|1|839|1368	PM0159-C.g768	55.396	556	181	15	1	530	241	755	1.02e-171	517
PF3D7_0712800|DBLd|1|839|1368	PV0112-C.g55	53.058	556	208	18	1	530	527	1055	9.21e-167	512
PF3D7_0712800|DBLd|1|839|1368	PA0053-C.g790	49.648	568	214	16	1	530	59	592	3.90e-166	498
PF3D7_0712800|DBLd|1|839|1368	PV0138-C.g47	53.058	556	208	18	1	530	578	1106	4.27e-166	511
PF3D7_0712800|DBLd|1|839|1368	PV0138-C.g47	29.412	85	60	0	375	459	1	85	2.93e-07	55.8
PF3D7_0712800|CIDRg|1|1369|1630	PM0159-C.g768	94.656	262	13	1	1	262	756	1016	5.83e-171	504
PF3D7_0712800|CIDRg|1|1369|1630	PT0195-Cx.g109	69.057	265	71	5	1	262	1377	1633	1.77e-107	343
PF3D7_0712800|CIDRg|1|1369|1630	PC0047-C.g349	67.286	269	75	6	1	262	1397	1659	2.41e-104	334
PF3D7_0712800|CIDRg|1|1369|1630	PA0157-C.g144	66.794	262	76	5	1	262	1406	1656	1.99e-103	332
PF3D7_0712800|CIDRg|1|1369|1630	PC0056-C.g366	65.926	270	81	6	1	262	1377	1643	5.91e-103	330
PF3D7_0712800|ATS|1|1742|2239	PFKE11.g671	85.516	504	59	4	1	498	2046	2541	0.0	852
PF3D7_0712800|ATS|1|1742|2239	PFKE09.g410	76.295	502	94	5	1	498	1751	2231	0.0	704
PF3D7_0712800|ATS|1|1742|2239	PA0214-C.g1007	70.467	535	119	9	1	498	995	1527	0.0	696
PF3D7_0712800|ATS|1|1742|2239	PV0099-C.g12	72.530	506	118	8	1	498	3295	3787	0.0	685
PF3D7_0712800|ATS|1|1742|2239	PD0590-C.g627	71.540	513	118	9	1	498	1894	2393	0.0	677
PF3D7_0712900|NTS|1|1|70	PT0118-C.g465	100.000	70	0	0	1	70	1	70	5.64e-41	143
PF3D7_0712900|NTS|1|1|70	PT0258-Cx.g362	100.000	70	0	0	1	70	1	70	6.53e-41	143
PF3D7_0712900|NTS|1|1|70	PA0180-C.g541	100.000	70	0	0	1	70	1	70	9.81e-41	142
PF3D7_0712900|NTS|1|1|70	PA0044-C.g203	81.429	70	12	1	1	70	1	69	1.49e-30	113
PF3D7_0712900|NTS|1|1|70	PF0298-C.g540	81.429	70	12	1	1	70	1	69	1.77e-30	113
PF3D7_0712900|DBLa|1|71|524	PT0118-C.g465	100.000	454	0	0	1	454	71	524	0.0	953
PF3D7_0712900|DBLa|1|71|524	PT0118-C.g465	25.939	293	155	10	101	337	1072	1358	1.50e-11	69.3
PF3D7_0712900|DBLa|1|71|524	PA0180-C.g541	100.000	454	0	0	1	454	71	524	0.0	952
PF3D7_0712900|DBLa|1|71|524	PA0180-C.g541	23.782	349	172	10	101	390	1088	1401	7.69e-14	76.6
PF3D7_0712900|DBLa|1|71|524	PT0258-Cx.g362	100.000	454	0	0	1	454	71	524	0.0	952
PF3D7_0712900|DBLa|1|71|524	PT0258-Cx.g362	26.441	295	151	12	101	337	1086	1372	4.79e-12	70.9
PF3D7_0712900|DBLa|1|71|524	QG0196-C.g839	65.284	458	134	11	10	454	74	519	0.0	571
PF3D7_0712900|DBLa|1|71|524	QG0196-C.g839	27.273	297	143	12	101	339	1120	1401	6.40e-12	70.5
PF3D7_0712900|DBLa|1|71|524	SenT061.09.g127	63.655	476	124	14	1	454	60	508	0.0	562
PF3D7_0712900|CIDRa|1|525|823	PT0118-C.g465	99.320	294	2	0	1	294	525	818	0.0	605
PF3D7_0712900|CIDRa|1|525|823	PT0258-Cx.g362	99.320	294	2	0	1	294	525	818	0.0	604
PF3D7_0712900|CIDRa|1|525|823	PA0180-C.g541	95.395	304	9	1	1	299	525	828	0.0	593
PF3D7_0712900|CIDRa|1|525|823	PF0041-C.g897	99.222	257	2	0	1	257	213	469	3.26e-178	533
PF3D7_0712900|CIDRa|1|525|823	QE0412-C.g703	73.986	296	70	6	1	293	530	821	7.63e-130	407
PF3D7_0712900|DBLd|1|897|1409	PA0180-C.g541	90.414	532	31	2	1	513	906	1436	0.0	980
PF3D7_0712900|DBLd|1|897|1409	PA0180-C.g541	22.604	407	204	13	165	513	171	524	1.37e-12	73.2
PF3D7_0712900|DBLd|1|897|1409	PT0258-Cx.g362	59.392	559	153	16	1	513	904	1434	0.0	590
PF3D7_0712900|DBLd|1|897|1409	PT0258-Cx.g362	22.760	413	196	13	165	513	171	524	9.17e-13	73.6
PF3D7_0712900|DBLd|1|897|1409	PF0041-C.g897	59.392	559	153	16	1	513	558	1088	0.0	589
PF3D7_0712900|DBLd|1|897|1409	PF0041-C.g897	26.147	218	107	7	343	513	2	212	5.96e-09	61.2
PF3D7_0712900|DBLd|1|897|1409	PV0083-C.g53	57.542	537	128	13	1	513	920	1380	2.49e-175	539
PF3D7_0712900|DBLd|1|897|1409	PV0083-C.g53	26.230	305	148	12	244	513	255	517	5.57e-15	80.9
PF3D7_0712900|DBLd|1|897|1409	PC0054-C.g205	59.768	517	170	14	1	513	906	1388	1.65e-174	538
PF3D7_0712900|DBLd|1|897|1409	PC0054-C.g205	26.908	249	127	7	244	476	258	467	1.38e-14	79.3
PF3D7_0712900|CIDRb|1|1410|1665	PT0219-C.g598	100.000	256	0	0	1	256	1389	1644	1.10e-175	529
PF3D7_0712900|CIDRb|1|1410|1665	PC0054-C.g205	100.000	256	0	0	1	256	1389	1644	1.26e-175	529
PF3D7_0712900|CIDRb|1|1410|1665	PA0180-C.g541	100.000	256	0	0	1	256	1437	1692	1.32e-175	530
PF3D7_0712900|CIDRb|1|1410|1665	PV0083-C.g53	94.531	256	0	1	1	256	1381	1622	2.55e-160	488
PF3D7_0712900|CIDRb|1|1410|1665	PV0083-C.g53	39.726	73	41	2	106	176	678	749	3.57e-07	53.1
PF3D7_0712900|CIDRb|1|1410|1665	PF0789-C.g677	80.159	252	48	2	1	250	1368	1619	4.99e-127	397
PF3D7_0712900|ATS|1|1763|2192	PFKE09.g563	84.389	442	57	4	1	430	775	1216	0.0	726
PF3D7_0712900|ATS|1|1763|2192	QE0434-C.g814	85.417	432	55	3	1	430	2811	3236	0.0	717
PF3D7_0712900|ATS|1|1763|2192	PA0245-C.g391	83.484	442	55	4	1	430	2512	2947	0.0	711
PF3D7_0712900|ATS|1|1763|2192	PV0028-C.g50	81.838	457	55	7	1	430	2600	3055	0.0	701
PF3D7_0712900|ATS|1|1763|2192	PD0561-C.g263	79.039	458	66	8	1	430	2424	2879	0.0	700
PF3D7_0733000|NTS|1|1|70	PF0489-C.g726	82.353	51	8	1	20	70	9	58	6.34e-18	77.8
PF3D7_0733000|NTS|1|1|70	QG0271-C.g1091	66.102	59	20	0	11	69	5	63	3.23e-17	75.9
PF3D7_0733000|NTS|1|1|70	PF0113-C.g622	80.000	50	9	1	11	60	7	55	5.12e-17	75.1
PF3D7_0733000|NTS|1|1|70	QE0452-C.g393	65.079	63	21	1	8	70	2	63	1.40e-16	73.9
PF3D7_0733000|NTS|1|1|70	PA0022-C.g115	69.643	56	15	1	17	70	14	69	1.95e-16	73.6
PF3D7_0733000|DBLa|1|71|488	PF0489-C.g726	84.086	421	62	4	1	418	59	477	0.0	716
PF3D7_0733000|DBLa|1|71|488	PF0489-C.g726	25.962	208	127	4	149	331	1114	1319	1.70e-12	72.0
PF3D7_0733000|DBLa|1|71|488	PA0032-C.g393	68.374	449	100	9	1	418	72	509	0.0	596
PF3D7_0733000|DBLa|1|71|488	PA0032-C.g393	28.090	356	174	12	124	418	1112	1446	4.73e-24	107
PF3D7_0733000|DBLa|1|71|488	QE0452-C.g747	65.831	439	123	9	1	418	74	506	0.0	547
PF3D7_0733000|DBLa|1|71|488	QE0452-C.g747	22.383	277	152	8	173	418	1144	1388	7.85e-12	69.7
PF3D7_0733000|DBLa|1|71|488	QE0451-C.g25	65.831	439	123	9	1	418	74	506	1.98e-180	547
PF3D7_0733000|DBLa|1|71|488	QE0451-C.g25	22.383	277	152	8	173	418	1144	1388	6.31e-12	70.1
PF3D7_0733000|DBLa|1|71|488	PV0084-C.g93	65.831	439	123	9	1	418	74	506	3.52e-180	548
PF3D7_0733000|DBLa|1|71|488	PV0084-C.g93	22.383	277	152	8	173	418	1144	1388	6.43e-12	70.1
PF3D7_0733000|CIDRa|1|489|815	SenT085.10.g598	75.610	328	74	5	1	325	495	819	5.97e-151	460
PF3D7_0733000|CIDRa|1|489|815	QG0201-C.g526	71.646	328	88	3	1	327	493	816	3.07e-130	410
PF3D7_0733000|CIDRa|1|489|815	PA0195-C.g752	71.125	329	85	5	1	326	477	798	8.11e-128	403
PF3D7_0733000|CIDRa|1|489|815	PV0256-C.g59	68.502	327	84	6	1	324	493	803	4.61e-126	398
PF3D7_0733000|CIDRa|1|489|815	PT0242-Cx.g701	71.605	324	78	6	1	324	505	814	6.96e-126	397
PF3D7_0733000|DBLd|1|904|1390	PF0133-C.g182	95.297	489	17	2	1	487	902	1386	0.0	907
PF3D7_0733000|DBLd|1|904|1390	PF0133-C.g182	22.976	457	233	17	77	487	119	502	6.32e-17	86.7
PF3D7_0733000|DBLd|1|904|1390	PM0058-C.g927	55.243	534	158	16	1	487	811	1310	8.95e-167	514
PF3D7_0733000|DBLd|1|904|1390	PM0058-C.g927	27.138	269	130	11	250	487	250	483	1.52e-14	79.0
PF3D7_0733000|DBLd|1|904|1390	PA0228-C.g4460	54.696	543	165	19	1	487	786	1303	3.59e-158	496
PF3D7_0733000|DBLd|1|904|1390	PA0228-C.g4460	32.086	187	95	8	331	487	295	479	5.36e-17	87.0
PF3D7_0733000|DBLd|1|904|1390	QG0226-C.g3410	55.969	511	167	15	1	487	849	1325	4.98e-157	489
PF3D7_0733000|DBLd|1|904|1390	QG0226-C.g3410	23.481	362	202	15	158	487	168	486	1.60e-07	56.6
PF3D7_0733000|DBLd|1|904|1390	PA0044-C.g542	52.381	525	189	15	15	487	896	1411	1.06e-156	489
PF3D7_0733000|DBLd|1|904|1390	PA0044-C.g542	23.964	338	164	12	205	487	212	511	9.85e-12	70.1
PF3D7_0733000|CIDRb|1|1391|1644	PF0133-C.g182	100.000	254	0	0	1	254	1387	1640	7.06e-170	518
PF3D7_0733000|CIDRb|1|1391|1644	PF0133-C.g182	30.476	105	71	1	110	214	659	761	5.37e-07	52.8
PF3D7_0733000|CIDRb|1|1391|1644	PA0228-C.g4460	96.063	254	10	0	1	254	1304	1557	1.49e-162	497
PF3D7_0733000|CIDRb|1|1391|1644	PM0038-C.g1185	95.984	249	10	0	1	249	298	546	8.76e-160	484
PF3D7_0733000|CIDRb|1|1391|1644	PM0058-C.g927	86.885	244	28	1	1	240	1311	1554	1.49e-139	431
PF3D7_0733000|CIDRb|1|1391|1644	PM0058-C.g927	30.252	119	77	2	99	214	576	691	6.20e-08	55.5
PF3D7_0733000|CIDRb|1|1391|1644	QG0226-C.g3410	84.252	254	40	0	1	254	1326	1579	2.38e-138	428
PF3D7_0733000|DBLe|1|1708|2029	PF0133-C.g182	100.000	322	0	0	1	322	1704	2025	0.0	671
PF3D7_0733000|DBLe|1|1708|2029	PF0133-C.g182	26.160	237	116	8	47	225	111	346	1.04e-10	65.1
PF3D7_0733000|DBLe|1|1708|2029	PC0069-C.g196	90.282	319	31	0	4	322	2056	2374	0.0	595
PF3D7_0733000|DBLe|1|1708|2029	PC0069-C.g196	24.490	294	163	10	23	271	871	1150	1.49e-09	61.6
PF3D7_0733000|DBLe|1|1708|2029	QE0399-C.g749	87.888	322	39	0	1	322	984	1305	0.0	586
PF3D7_0733000|DBLe|1|1708|2029	QE0438-C.g663	87.888	322	39	0	1	322	1611	1932	0.0	585
PF3D7_0733000|DBLe|1|1708|2029	QE0438-C.g663	24.336	226	118	7	53	225	129	354	1.92e-07	55.1
PF3D7_0733000|DBLe|1|1708|2029	QE0424-C.g454	87.888	322	39	0	1	322	1611	1932	0.0	585
PF3D7_0733000|DBLe|1|1708|2029	QE0424-C.g454	24.336	226	118	7	53	225	129	354	1.92e-07	55.1
PF3D7_0733000|ATS|1|2096|2595	PV0211-C.g126	79.383	519	74	9	1	500	841	1345	0.0	746
PF3D7_0733000|ATS|1|2096|2595	PV0028-C.g50	79.125	503	55	7	1	500	2600	3055	0.0	746
PF3D7_0733000|ATS|1|2096|2595	PD0590-C.g13	76.983	517	72	8	1	500	818	1304	0.0	739
PF3D7_0733000|ATS|1|2096|2595	PA0245-C.g998	76.541	503	70	6	1	500	1706	2163	0.0	723
PF3D7_0733000|ATS|1|2096|2595	PA0245-C.g391	75.149	503	55	6	1	500	2512	2947	0.0	708
PF3D7_0800100|NTS|1|1|67	QG0195-C.g308	90.741	54	5	0	14	67	27	80	8.96e-26	100
PF3D7_0800100|NTS|1|1|67	QG0285-C.g342	76.119	67	16	0	1	67	1	67	1.45e-25	99.4
PF3D7_0800100|NTS|1|1|67	PT0262-C.g756	75.362	69	15	1	1	67	1	69	1.43e-24	96.7
PF3D7_0800100|NTS|1|1|67	PC0057-C.g149	75.362	69	15	1	1	67	1	69	1.73e-24	96.3
PF3D7_0800100|NTS|1|1|67	PT0071-C.g131	75.758	66	16	0	2	67	9	74	6.12e-24	94.7
PF3D7_0800100|DBLa|1|68|482	PT0071-C.g131	87.530	417	45	3	1	415	75	486	0.0	754
PF3D7_0800100|DBLa|1|68|482	PT0071-C.g131	31.892	185	111	7	235	415	1160	1333	2.48e-17	87.0
PF3D7_0800100|DBLa|1|68|482	QG0195-C.g308	82.651	415	66	1	1	415	81	489	0.0	716
PF3D7_0800100|DBLa|1|68|482	QG0195-C.g308	27.221	349	181	10	106	415	1034	1348	1.18e-19	94.0
PF3D7_0800100|DBLa|1|68|482	PA0204-C.g643	80.576	417	73	2	1	415	83	493	0.0	698
PF3D7_0800100|DBLa|1|68|482	PA0204-C.g643	25.287	348	186	11	108	415	1002	1315	2.68e-15	80.9
PF3D7_0800100|DBLa|1|68|482	PM0108-C.g23	73.494	415	104	1	1	415	71	479	0.0	635
PF3D7_0800100|DBLa|1|68|482	PM0108-C.g23	32.240	183	105	8	235	415	1118	1283	1.81e-12	72.0
PF3D7_0800100|DBLa|1|68|482	PA0064-C.g212	69.811	424	112	5	1	415	85	501	0.0	602
PF3D7_0800100|DBLa|1|68|482	PA0064-C.g212	30.556	180	114	5	238	415	1266	1436	8.91e-11	66.6
PF3D7_0800100|CIDRa|1|483|730	PT0071-C.g131	92.653	245	17	1	1	244	487	731	2.00e-151	463
PF3D7_0800100|CIDRa|1|483|730	PH0474-CW.g29	69.636	247	68	5	1	243	162	405	1.35e-107	343
PF3D7_0800100|CIDRa|1|483|730	PH0474-CW.g29	30.058	173	101	7	1	165	877	1037	2.36e-10	62.8
PF3D7_0800100|CIDRa|1|483|730	PV0195-C.g13	69.636	247	68	5	1	243	474	717	1.71e-107	342
PF3D7_0800100|CIDRa|1|483|730	PV0195-C.g13	30.058	173	101	7	1	165	1189	1349	2.44e-10	62.8
PF3D7_0800100|CIDRa|1|483|730	PV0083-C.g20	69.636	247	68	5	1	243	474	717	1.71e-107	342
PF3D7_0800100|CIDRa|1|483|730	PV0083-C.g20	30.058	173	101	7	1	165	1189	1349	2.44e-10	62.8
PF3D7_0800100|CIDRa|1|483|730	PD0569-C.g109	69.636	247	68	5	1	243	474	717	1.71e-107	342
PF3D7_0800100|CIDRa|1|483|730	PD0569-C.g109	30.058	173	101	7	1	165	1189	1349	2.44e-10	62.8
PF3D7_0800100|DBLd|1|820|1297	PA0246-C.g770	55.894	492	155	15	1	478	2198	2641	2.33e-147	468
PF3D7_0800100|DBLd|1|820|1297	PA0246-C.g770	29.369	412	164	14	1	410	1704	1990	6.31e-35	141
PF3D7_0800100|DBLd|1|820|1297	PC0073-C.g529	51.215	535	161	19	1	478	564	1055	2.93e-141	442
PF3D7_0800100|DBLd|1|820|1297	PFKE10.g320	51.402	535	160	19	1	478	946	1437	3.17e-139	441
PF3D7_0800100|DBLd|1|820|1297	PM0156-C.g495	50.093	537	192	16	1	478	891	1410	8.00e-135	429
PF3D7_0800100|DBLd|1|820|1297	QE0428-C.g67	50.988	506	203	14	1	478	2179	2667	1.03e-132	426
PF3D7_0800100|DBLd|1|820|1297	QE0428-C.g67	34.752	282	101	12	68	343	1719	1923	4.89e-31	130
PF3D7_0800100|DBLd|1|820|1297	QE0428-C.g67	20.788	457	256	15	38	478	97	463	1.56e-07	56.6
PF3D7_0800100|CIDRb|1|1298|1548	PA0246-C.g770	92.857	238	15	1	1	236	2642	2879	4.32e-146	453
PF3D7_0800100|CIDRb|1|1298|1548	PA0071-C.g330	87.552	241	29	1	1	240	67	307	7.05e-139	428
PF3D7_0800100|CIDRb|1|1298|1548	PA0079-C.g350	87.552	241	29	1	1	240	303	543	3.80e-138	428
PF3D7_0800100|CIDRb|1|1298|1548	PC0073-C.g529	84.232	241	34	2	1	240	1056	1293	9.64e-134	412
PF3D7_0800100|CIDRb|1|1298|1548	PFKE10.g320	84.232	241	34	2	1	240	1438	1675	7.61e-132	411
PF3D7_0800100|ATS|1|1649|2120	PFKE12.g465	74.659	513	66	10	1	472	1773	2262	0.0	707
PF3D7_0800100|ATS|1|1649|2120	PV0239-C.g10	74.219	512	78	10	1	472	3361	3858	0.0	696
PF3D7_0800100|ATS|1|1649|2120	PA0204-C.g659	76.861	497	66	8	1	472	1701	2173	0.0	680
PF3D7_0800100|ATS|1|1649|2120	PC0097-C.g664	74.847	489	65	10	1	472	2364	2811	0.0	670
PF3D7_0800100|ATS|1|1649|2120	PA0245-C.g391	74.481	482	67	8	1	472	2512	2947	0.0	663
PF3D7_0800200|NTS|1|1|75	PH0599-C.g652	92.000	75	6	0	1	75	1	75	8.54e-42	145
PF3D7_0800200|NTS|1|1|75	PH0349-C.g203	92.000	75	6	0	1	75	1	75	1.02e-41	145
PF3D7_0800200|NTS|1|1|75	PH0343-C.g183	92.000	75	6	0	1	75	1	75	1.02e-41	145
PF3D7_0800200|NTS|1|1|75	PA0253-C.g876	92.000	75	6	0	1	75	1	75	1.04e-41	145
PF3D7_0800200|NTS|1|1|75	PD0539-C.g352	92.000	75	6	0	1	75	1	75	1.06e-41	145
PF3D7_0800200|DBLa|1|76|462	PH0349-C.g203	93.282	387	26	0	1	387	76	462	0.0	758
PF3D7_0800200|DBLa|1|76|462	PH0349-C.g203	32.407	216	105	8	55	254	890	1080	1.76e-22	102
PF3D7_0800200|DBLa|1|76|462	PH0349-C.g203	25.000	288	167	9	49	314	1400	1660	7.41e-17	85.1
PF3D7_0800200|DBLa|1|76|462	PH0349-C.g203	27.059	255	136	9	172	387	2085	2328	3.02e-11	67.8
PF3D7_0800200|DBLa|1|76|462	PH0343-C.g183	93.282	387	26	0	1	387	76	462	0.0	758
PF3D7_0800200|DBLa|1|76|462	PH0343-C.g183	32.407	216	105	8	55	254	890	1080	1.76e-22	102
PF3D7_0800200|DBLa|1|76|462	PH0343-C.g183	25.000	288	167	9	49	314	1400	1660	7.41e-17	85.1
PF3D7_0800200|DBLa|1|76|462	PH0343-C.g183	27.059	255	136	9	172	387	2085	2328	3.02e-11	67.8
PF3D7_0800200|DBLa|1|76|462	PD0555-C.g661	93.798	387	24	0	1	387	76	462	0.0	757
PF3D7_0800200|DBLa|1|76|462	PD0555-C.g661	29.932	294	177	5	118	387	2126	2414	9.66e-34	135
PF3D7_0800200|DBLa|1|76|462	PD0555-C.g661	30.279	251	149	8	20	254	2781	3021	6.21e-23	103
PF3D7_0800200|DBLa|1|76|462	PD0555-C.g661	27.219	338	183	13	14	330	839	1134	2.79e-19	92.4
PF3D7_0800200|DBLa|1|76|462	PD0555-C.g661	24.199	281	180	6	51	323	1268	1523	1.56e-15	81.3
PF3D7_0800200|DBLa|1|76|462	PD0555-C.g661	25.000	292	176	9	51	330	1643	1903	4.98e-15	79.7
PF3D7_0800200|DBLa|1|76|462	PD0555-C.g661	23.552	259	144	8	51	307	3212	3418	3.76e-09	61.2
PF3D7_0800200|DBLa|1|76|462	PH0599-C.g652	93.282	387	26	0	1	387	76	462	0.0	757
PF3D7_0800200|DBLa|1|76|462	PH0599-C.g652	29.134	254	139	6	170	387	2430	2678	5.71e-24	106
PF3D7_0800200|DBLa|1|76|462	PH0599-C.g652	32.407	216	105	8	55	254	890	1080	2.28e-22	102
PF3D7_0800200|DBLa|1|76|462	PH0599-C.g652	24.407	295	170	11	41	317	1365	1624	1.07e-12	72.4
PF3D7_0800200|DBLa|1|76|462	PH0599-C.g652	23.708	329	188	12	55	368	1750	2030	5.23e-10	63.9
PF3D7_0800200|DBLa|1|76|462	PH0361-C.g438	93.282	387	26	0	1	387	76	462	0.0	753
PF3D7_0800200|DBLa|1|76|462	PH0361-C.g438	30.282	284	141	12	55	318	890	1136	5.46e-22	100
PF3D7_0800200|CIDRd|1|463|717	PC0085-C.g975	93.359	256	16	1	1	255	479	734	1.13e-152	472
PF3D7_0800200|CIDRd|1|463|717	PC0085-C.g975	49.590	244	122	1	1	243	2044	2287	2.21e-62	213
PF3D7_0800200|CIDRd|1|463|717	PF0818-C.g738	92.578	256	18	1	1	255	478	733	1.13e-151	469
PF3D7_0800200|CIDRd|1|463|717	PF0818-C.g738	31.019	216	145	3	30	243	2662	2875	5.07e-25	105
PF3D7_0800200|CIDRd|1|463|717	PA0038-C.g487	87.500	256	31	1	1	255	464	719	4.99e-143	440
PF3D7_0800200|CIDRd|1|463|717	PM0134-C.g1402	87.109	256	32	1	1	255	459	714	6.39e-141	439
PF3D7_0800200|CIDRd|1|463|717	PT0101-C.g81	87.109	256	32	1	1	255	459	714	2.67e-140	437
PF3D7_0800200|DBLb|1|747|1226	PV0147-C.g31	83.884	484	71	6	3	480	754	1236	0.0	753
PF3D7_0800200|DBLb|1|747|1226	PV0147-C.g31	28.643	398	212	15	119	480	2133	2494	2.74e-36	145
PF3D7_0800200|DBLb|1|747|1226	PV0147-C.g31	29.010	293	150	10	146	394	130	408	9.23e-25	110
PF3D7_0800200|DBLb|1|747|1226	PV0147-C.g31	29.052	327	174	14	113	425	2517	2799	6.70e-23	105
PF3D7_0800200|DBLb|1|747|1226	PV0147-C.g31	25.620	363	190	11	143	475	1735	2047	4.67e-17	87.0
PF3D7_0800200|DBLb|1|747|1226	PV0147-C.g31	24.396	414	235	14	4	373	1170	1549	5.86e-13	74.3
PF3D7_0800200|DBLb|1|747|1226	PV0139-C.g31	83.884	484	71	6	3	480	754	1236	0.0	753
PF3D7_0800200|DBLb|1|747|1226	PV0139-C.g31	28.643	398	212	15	119	480	2133	2494	2.38e-36	145
PF3D7_0800200|DBLb|1|747|1226	PV0139-C.g31	29.010	293	150	10	146	394	130	408	1.05e-24	110
PF3D7_0800200|DBLb|1|747|1226	PV0139-C.g31	29.052	327	174	14	113	425	2517	2799	6.45e-23	105
PF3D7_0800200|DBLb|1|747|1226	PV0139-C.g31	25.620	363	190	11	143	475	1735	2047	4.15e-17	87.4
PF3D7_0800200|DBLb|1|747|1226	PV0139-C.g31	24.396	414	235	14	4	373	1170	1549	5.09e-13	74.3
PF3D7_0800200|DBLb|1|747|1226	QE0438-C.g218	83.884	484	71	6	3	480	754	1236	0.0	753
PF3D7_0800200|DBLb|1|747|1226	QE0438-C.g218	28.643	398	212	15	119	480	2133	2494	3.07e-36	145
PF3D7_0800200|DBLb|1|747|1226	QE0438-C.g218	29.010	293	150	10	146	394	130	408	1.55e-24	110
PF3D7_0800200|DBLb|1|747|1226	QE0438-C.g218	29.052	327	174	14	113	425	2517	2799	7.14e-23	105
PF3D7_0800200|DBLb|1|747|1226	QE0438-C.g218	25.620	363	190	11	143	475	1735	2047	4.03e-17	87.4
PF3D7_0800200|DBLb|1|747|1226	QE0438-C.g218	24.396	414	235	14	4	373	1170	1549	4.30e-13	74.7
PF3D7_0800200|DBLb|1|747|1226	QE0432-C.g1342	83.884	484	71	6	3	480	754	1236	0.0	753
PF3D7_0800200|DBLb|1|747|1226	QE0432-C.g1342	28.643	398	212	15	119	480	2133	2494	3.07e-36	145
PF3D7_0800200|DBLb|1|747|1226	QE0432-C.g1342	29.010	293	150	10	146	394	130	408	1.55e-24	110
PF3D7_0800200|DBLb|1|747|1226	QE0432-C.g1342	29.052	327	174	14	113	425	2517	2799	7.14e-23	105
PF3D7_0800200|DBLb|1|747|1226	QE0432-C.g1342	25.620	363	190	11	143	475	1735	2047	4.03e-17	87.4
PF3D7_0800200|DBLb|1|747|1226	QE0432-C.g1342	24.396	414	235	14	4	373	1170	1549	4.30e-13	74.7
PF3D7_0800200|DBLb|1|747|1226	QE0399-C.g60	83.884	484	71	6	3	480	754	1236	0.0	753
PF3D7_0800200|DBLb|1|747|1226	QE0399-C.g60	28.643	398	212	15	119	480	2133	2494	3.07e-36	145
PF3D7_0800200|DBLb|1|747|1226	QE0399-C.g60	29.010	293	150	10	146	394	130	408	1.55e-24	110
PF3D7_0800200|DBLb|1|747|1226	QE0399-C.g60	29.052	327	174	14	113	425	2517	2799	7.14e-23	105
PF3D7_0800200|DBLb|1|747|1226	QE0399-C.g60	25.620	363	190	11	143	475	1735	2047	4.03e-17	87.4
PF3D7_0800200|DBLb|1|747|1226	QE0399-C.g60	24.396	414	235	14	4	373	1170	1549	4.30e-13	74.7
PF3D7_0800200|DBLg|1|1243|1632	PA0256-C.g331	98.210	391	6	1	1	390	1259	1649	0.0	791
PF3D7_0800200|DBLg|1|1243|1632	PA0256-C.g331	25.442	283	165	8	44	298	123	387	1.25e-16	84.3
PF3D7_0800200|DBLg|1|1243|1632	PA0256-C.g331	24.242	330	186	11	36	337	882	1175	1.16e-13	75.5
PF3D7_0800200|DBLg|1|1243|1632	PA0256-C.g331	21.533	274	150	7	49	312	2140	2358	1.05e-09	63.2
PF3D7_0800200|DBLg|1|1243|1632	PA0256-C.g331	23.473	311	184	13	16	298	1718	2002	2.85e-08	58.5
PF3D7_0800200|DBLg|1|1243|1632	QG0208-C.g117	94.118	391	22	1	1	390	1266	1656	0.0	722
PF3D7_0800200|DBLg|1|1243|1632	QG0208-C.g117	28.814	295	160	9	36	298	111	387	1.49e-21	99.4
PF3D7_0800200|DBLg|1|1243|1632	QG0208-C.g117	26.154	325	184	11	36	337	898	1189	1.63e-15	81.3
PF3D7_0800200|DBLg|1|1243|1632	QG0208-C.g117	21.533	274	150	7	49	312	2147	2365	1.00e-09	63.2
PF3D7_0800200|DBLg|1|1243|1632	QG0208-C.g117	23.794	311	183	13	16	298	1725	2009	8.36e-09	60.1
PF3D7_0800200|DBLg|1|1243|1632	PT0253-Cx.g263	93.606	391	24	1	1	390	902	1292	0.0	721
PF3D7_0800200|DBLg|1|1243|1632	PT0253-Cx.g263	24.457	368	209	11	36	370	528	859	1.67e-17	87.0
PF3D7_0800200|DBLg|1|1243|1632	PT0253-Cx.g263	23.418	316	179	10	17	328	1751	2007	8.68e-15	79.0
PF3D7_0800200|DBLg|1|1243|1632	PT0253-Cx.g263	25.342	292	167	12	33	298	1379	1645	1.90e-11	68.6
PF3D7_0800200|DBLg|1|1243|1632	QG0218-C.g6010	92.583	391	28	1	1	390	1260	1650	0.0	711
PF3D7_0800200|DBLg|1|1243|1632	QG0218-C.g6010	27.758	281	157	8	46	298	126	388	9.18e-19	90.9
PF3D7_0800200|DBLg|1|1243|1632	QG0218-C.g6010	23.418	316	179	10	17	328	2109	2365	9.51e-15	78.6
PF3D7_0800200|DBLg|1|1243|1632	QG0218-C.g6010	24.370	357	193	11	49	388	908	1204	5.45e-14	76.3
PF3D7_0800200|DBLg|1|1243|1632	QG0218-C.g6010	25.342	292	167	12	33	298	1737	2003	2.01e-11	68.6
PF3D7_0800200|DBLg|1|1243|1632	PC0061-C.g320	92.583	391	28	1	1	390	1268	1658	0.0	710
PF3D7_0800200|DBLg|1|1243|1632	PC0061-C.g320	25.231	325	183	9	44	332	123	423	2.35e-16	83.6
PF3D7_0800200|DBLg|1|1243|1632	PC0061-C.g320	23.867	331	191	10	36	337	893	1191	5.17e-15	79.7
PF3D7_0800200|DBLg|1|1243|1632	PC0061-C.g320	23.418	316	179	10	17	328	2117	2373	1.05e-14	78.6
PF3D7_0800200|DBLg|1|1243|1632	PC0061-C.g320	25.342	292	167	12	33	298	1745	2011	1.70e-11	68.6
PF3D7_0800200|DBLz|1|1641|2069	PT0253-Cx.g263	100.000	429	0	0	1	429	1301	1729	0.0	886
PF3D7_0800200|DBLz|1|1641|2069	PT0253-Cx.g263	30.402	398	208	17	70	429	518	884	8.79e-36	142
PF3D7_0800200|DBLz|1|1641|2069	PT0253-Cx.g263	26.433	314	172	12	94	401	1783	2043	3.35e-15	80.5
PF3D7_0800200|DBLz|1|1641|2069	PT0253-Cx.g263	24.150	294	169	11	79	345	934	1200	5.70e-11	67.4
PF3D7_0800200|DBLz|1|1641|2069	QG0218-C.g6010	100.000	429	0	0	1	429	1659	2087	0.0	884
PF3D7_0800200|DBLz|1|1641|2069	QG0218-C.g6010	31.633	392	208	12	68	429	882	1243	2.13e-43	165
PF3D7_0800200|DBLz|1|1641|2069	QG0218-C.g6010	32.000	275	153	9	93	346	128	389	4.12e-32	132
PF3D7_0800200|DBLz|1|1641|2069	QG0218-C.g6010	26.433	314	172	12	94	401	2141	2401	3.70e-15	80.5
PF3D7_0800200|DBLz|1|1641|2069	QG0218-C.g6010	23.810	294	170	10	79	345	1292	1558	4.98e-10	64.3
PF3D7_0800200|DBLz|1|1641|2069	PC0061-C.g320	100.000	429	0	0	1	429	1667	2095	0.0	884
PF3D7_0800200|DBLz|1|1641|2069	PC0061-C.g320	30.769	390	219	15	70	429	883	1251	8.54e-37	145
PF3D7_0800200|DBLz|1|1641|2069	PC0061-C.g320	32.246	276	158	9	93	347	127	394	2.06e-30	127
PF3D7_0800200|DBLz|1|1641|2069	PC0061-C.g320	26.433	314	172	12	94	401	2149	2409	3.39e-15	80.5
PF3D7_0800200|DBLz|1|1641|2069	PC0061-C.g320	24.161	298	164	11	79	345	1300	1566	4.85e-10	64.3
PF3D7_0800200|DBLz|1|1641|2069	QG0258-C.g499	99.767	429	1	0	1	429	2057	2485	0.0	881
PF3D7_0800200|DBLz|1|1641|2069	QG0258-C.g499	32.298	322	183	10	70	375	875	1177	1.08e-36	145
PF3D7_0800200|DBLz|1|1641|2069	QG0258-C.g499	33.091	275	155	9	93	346	127	393	1.62e-31	130
PF3D7_0800200|DBLz|1|1641|2069	QG0258-C.g499	30.196	255	137	7	94	345	1743	1959	1.69e-20	97.1
PF3D7_0800200|DBLz|1|1641|2069	QG0258-C.g499	26.433	314	172	12	94	401	2539	2799	1.77e-15	81.6
PF3D7_0800200|DBLz|1|1641|2069	QG0258-C.g499	24.837	306	194	13	68	352	1294	1584	6.95e-14	76.6
PF3D7_0800200|DBLz|1|1641|2069	PM0054-C.g1394	95.571	429	19	0	1	429	174	602	0.0	821
PF3D7_0800200|DBLz|1|1641|2069	PM0054-C.g1394	27.308	260	138	10	94	353	656	864	4.08e-13	73.9
PF3D7_0800200|DBLe|1|2075|2381	PV0147-C.g31	100.000	307	0	0	1	307	2500	2806	0.0	636
PF3D7_0800200|DBLe|1|2075|2381	PV0147-C.g31	31.373	306	151	14	18	270	863	1162	4.66e-25	107
PF3D7_0800200|DBLe|1|2075|2381	PV0147-C.g31	26.460	291	160	10	49	288	2161	2448	1.29e-15	79.7
PF3D7_0800200|DBLe|1|2075|2381	PV0147-C.g31	24.476	286	157	8	17	244	1269	1553	7.11e-15	77.8
PF3D7_0800200|DBLe|1|2075|2381	PV0147-C.g31	25.090	279	158	10	44	277	1732	2004	8.95e-15	77.4
PF3D7_0800200|DBLe|1|2075|2381	PV0147-C.g31	22.772	303	171	7	46	285	126	428	5.31e-12	68.9
PF3D7_0800200|DBLe|1|2075|2381	PV0139-C.g31	100.000	307	0	0	1	307	2500	2806	0.0	636
PF3D7_0800200|DBLe|1|2075|2381	PV0139-C.g31	31.373	306	151	14	18	270	863	1162	4.08e-25	108
PF3D7_0800200|DBLe|1|2075|2381	PV0139-C.g31	26.460	291	160	10	49	288	2161	2448	1.13e-15	80.1
PF3D7_0800200|DBLe|1|2075|2381	PV0139-C.g31	24.476	286	157	8	17	244	1269	1553	6.48e-15	77.8
PF3D7_0800200|DBLe|1|2075|2381	PV0139-C.g31	24.731	279	159	10	44	277	1732	2004	9.19e-15	77.4
PF3D7_0800200|DBLe|1|2075|2381	PV0139-C.g31	22.772	303	171	7	46	285	126	428	4.98e-12	68.9
PF3D7_0800200|DBLe|1|2075|2381	PV0285-C.g43	100.000	307	0	0	1	307	1686	1992	0.0	636
PF3D7_0800200|DBLe|1|2075|2381	PV0285-C.g43	31.373	306	151	14	18	270	49	348	2.56e-25	108
PF3D7_0800200|DBLe|1|2075|2381	PV0285-C.g43	26.460	291	160	10	49	288	1347	1634	9.65e-16	80.1
PF3D7_0800200|DBLe|1|2075|2381	PV0285-C.g43	24.476	286	157	8	17	244	455	739	3.27e-15	78.6
PF3D7_0800200|DBLe|1|2075|2381	PV0285-C.g43	25.090	279	158	10	44	277	918	1190	6.01e-15	77.8
PF3D7_0800200|DBLe|1|2075|2381	PV0286-C.g32	100.000	307	0	0	1	307	1685	1991	0.0	635
PF3D7_0800200|DBLe|1|2075|2381	PV0286-C.g32	31.373	306	151	14	18	270	48	347	2.24e-25	108
PF3D7_0800200|DBLe|1|2075|2381	PV0286-C.g32	26.460	291	160	10	49	288	1346	1633	9.45e-16	80.1
PF3D7_0800200|DBLe|1|2075|2381	PV0286-C.g32	24.476	286	157	8	17	244	454	738	2.76e-15	79.0
PF3D7_0800200|DBLe|1|2075|2381	PV0286-C.g32	25.090	279	158	10	44	277	917	1189	6.46e-15	77.8
PF3D7_0800200|DBLe|1|2075|2381	QG0297-C.g1586	100.000	307	0	0	1	307	2483	2789	0.0	635
PF3D7_0800200|DBLe|1|2075|2381	QG0297-C.g1586	28.065	310	162	14	18	270	839	1144	2.17e-20	94.0
PF3D7_0800200|DBLe|1|2075|2381	QG0297-C.g1586	26.460	291	160	10	49	288	2144	2431	9.84e-16	80.1
PF3D7_0800200|DBLe|1|2075|2381	QG0297-C.g1586	24.476	286	157	8	17	244	1251	1535	1.91e-15	79.3
PF3D7_0800200|DBLe|1|2075|2381	QG0297-C.g1586	23.656	279	162	9	44	277	1715	1987	5.75e-14	75.1
PF3D7_0800200|DBLe|1|2075|2381	QG0297-C.g1586	25.592	211	110	5	46	209	95	305	6.38e-11	65.9
PF3D7_0800200|ATS|1|2447|2858	PC0107-C.g190	80.896	424	67	3	2	412	2707	3129	0.0	695
PF3D7_0800200|ATS|1|2447|2858	PF0513-C.g5231	80.615	423	70	3	1	412	2388	2809	0.0	678
PF3D7_0800200|ATS|1|2447|2858	PV0133-C.g18	81.773	406	71	2	2	405	2596	3000	0.0	672
PF3D7_0800200|ATS|1|2447|2858	PfKE03.g3	81.055	417	73	3	2	412	2761	3177	0.0	671
PF3D7_0800200|ATS|1|2447|2858	PD0507-C.g826	78.330	443	63	6	1	412	2909	3349	0.0	668
PF3D7_0800300|NTS|1|1|73	PH0059-C.g282	94.366	71	4	0	1	71	1	71	1.09e-26	102
PF3D7_0800300|NTS|1|1|73	PH0148-CW.g63	91.228	57	5	0	17	73	1	57	1.55e-26	102
PF3D7_0800300|NTS|1|1|73	QG0286-C.g3121	87.097	62	8	0	10	71	12	73	2.50e-26	102
PF3D7_0800300|NTS|1|1|73	PV0134-C.g36	93.151	73	5	0	1	73	1	73	1.02e-25	100
PF3D7_0800300|NTS|1|1|73	QE0475-C.g98	93.151	73	5	0	1	73	1	73	1.21e-25	100
PF3D7_0800300|DBLa|1|74|477	PA0092-C.g215	89.604	404	42	0	1	404	67	470	0.0	722
PF3D7_0800300|DBLa|1|74|477	PA0092-C.g215	33.138	341	157	14	12	340	799	1080	2.11e-34	138
PF3D7_0800300|DBLa|1|74|477	PA0092-C.g215	27.778	180	114	6	175	352	1360	1525	5.58e-10	63.9
PF3D7_0800300|DBLa|1|74|477	QG0275-C.g120	86.241	407	53	1	1	404	77	483	0.0	694
PF3D7_0800300|DBLa|1|74|477	QG0275-C.g120	36.019	211	106	7	57	263	853	1038	1.60e-25	111
PF3D7_0800300|DBLa|1|74|477	QG0275-C.g120	29.060	234	136	6	120	334	1946	2168	4.74e-18	89.0
PF3D7_0800300|DBLa|1|74|477	QG0275-C.g120	23.324	373	204	12	36	366	1238	1570	1.23e-16	84.7
PF3D7_0800300|DBLa|1|74|477	QE0475-C.g98	82.310	407	69	1	1	404	74	480	0.0	690
PF3D7_0800300|DBLa|1|74|477	QE0475-C.g98	32.267	344	175	13	8	340	804	1100	7.56e-34	136
PF3D7_0800300|DBLa|1|74|477	QE0475-C.g98	23.836	365	199	9	11	323	1674	2011	3.11e-12	71.2
PF3D7_0800300|DBLa|1|74|477	PV0134-C.g36	82.310	407	69	1	1	404	74	480	0.0	689
PF3D7_0800300|DBLa|1|74|477	PV0134-C.g36	32.267	344	175	13	8	340	804	1100	8.09e-34	136
PF3D7_0800300|DBLa|1|74|477	PV0134-C.g36	23.958	288	162	10	52	324	1255	1500	1.19e-12	72.4
PF3D7_0800300|DBLa|1|74|477	PV0134-C.g36	24.691	324	176	13	120	404	1855	2149	3.18e-09	61.6
PF3D7_0800300|DBLa|1|74|477	PH0148-CW.g63	82.310	407	69	1	1	404	58	464	0.0	688
PF3D7_0800300|DBLa|1|74|477	PH0148-CW.g63	32.267	344	175	13	8	340	788	1084	7.04e-34	136
PF3D7_0800300|DBLa|1|74|477	PH0148-CW.g63	31.667	300	158	9	120	404	1727	1994	4.82e-28	119
PF3D7_0800300|CIDRa|1|478|726	PA0092-C.g215	98.795	249	3	0	1	249	471	719	1.34e-170	512
PF3D7_0800300|CIDRa|1|478|726	PM0062-C.g538	91.566	249	21	0	1	249	100	348	2.10e-154	473
PF3D7_0800300|CIDRa|1|478|726	SenT058.11.g917	91.165	249	22	0	1	249	473	721	1.49e-153	469
PF3D7_0800300|CIDRa|1|478|726	PT0042-C.g255	91.566	249	21	0	1	249	473	721	2.27e-153	473
PF3D7_0800300|CIDRa|1|478|726	PC0071-C.g177	91.566	249	21	0	1	249	473	721	2.34e-153	473
PF3D7_0800300|DBLb|1|735|1187	PA0092-C.g215	81.046	459	76	7	1	453	728	1181	0.0	730
PF3D7_0800300|DBLb|1|735|1187	PA0092-C.g215	33.051	354	174	16	23	326	32	372	2.32e-36	145
PF3D7_0800300|DBLb|1|735|1187	PA0092-C.g215	24.490	392	214	14	93	453	1228	1568	2.35e-16	84.3
PF3D7_0800300|DBLb|1|735|1187	PT0195-Cx.g57	71.092	467	116	8	1	453	735	1196	0.0	644
PF3D7_0800300|DBLb|1|735|1187	PT0195-Cx.g57	33.898	354	171	19	23	326	41	381	2.51e-37	148
PF3D7_0800300|DBLb|1|735|1187	PA0202-C.g330	69.757	453	131	5	3	453	737	1185	0.0	618
PF3D7_0800300|DBLb|1|735|1187	PA0202-C.g330	33.030	330	169	12	59	344	74	395	5.26e-37	147
PF3D7_0800300|DBLb|1|735|1187	PA0202-C.g330	26.781	407	213	15	86	453	1621	1981	2.05e-24	109
PF3D7_0800300|DBLb|1|735|1187	PA0202-C.g330	26.106	226	125	8	171	372	1334	1541	4.11e-09	61.6
PF3D7_0800300|DBLb|1|735|1187	PA0213-C.g362	69.481	462	120	9	1	453	731	1180	0.0	611
PF3D7_0800300|DBLb|1|735|1187	PA0213-C.g362	32.822	326	167	12	62	344	75	391	1.52e-33	137
PF3D7_0800300|DBLb|1|735|1187	PA0213-C.g362	28.772	285	162	10	109	373	1241	1504	4.96e-12	70.9
PF3D7_0800300|DBLb|1|735|1187	PA0213-C.g362	24.275	276	144	13	107	345	1605	1852	2.54e-07	55.8
PF3D7_0800300|DBLb|1|735|1187	PfKE05.g355	65.427	457	147	7	1	453	791	1240	0.0	588
PF3D7_0800300|DBLb|1|735|1187	PfKE05.g355	33.214	280	127	13	110	344	188	452	3.13e-29	124
PF3D7_0800300|DBLg|1|1205|1586	PA0253-C.g314	82.723	382	65	1	1	382	1220	1600	0.0	659
PF3D7_0800300|DBLg|1|1205|1586	PA0253-C.g314	27.160	405	184	13	44	338	1833	2236	3.41e-30	125
PF3D7_0800300|DBLg|1|1205|1586	PA0253-C.g314	24.483	290	177	10	30	294	109	381	6.11e-15	79.3
PF3D7_0800300|DBLg|1|1205|1586	PA0253-C.g314	24.924	329	191	11	28	335	829	1122	7.29e-14	75.9
PF3D7_0800300|DBLg|1|1205|1586	PA0256-C.g410	74.286	385	75	6	1	382	1191	1554	0.0	565
PF3D7_0800300|DBLg|1|1205|1586	PA0256-C.g410	27.767	515	230	20	1	381	1669	2175	2.11e-33	134
PF3D7_0800300|DBLg|1|1205|1586	PA0256-C.g410	24.671	304	190	11	30	310	95	382	3.38e-14	77.0
PF3D7_0800300|DBLg|1|1205|1586	PA0256-C.g410	24.727	275	151	11	45	301	836	1072	1.08e-11	69.3
PF3D7_0800300|DBLg|1|1205|1586	QG0232-C.g2593	66.162	396	111	5	1	382	1213	1599	1.59e-172	535
PF3D7_0800300|DBLg|1|1205|1586	QG0232-C.g2593	26.812	414	175	13	33	321	1819	2229	8.27e-29	120
PF3D7_0800300|DBLg|1|1205|1586	QG0232-C.g2593	24.051	316	196	11	39	332	123	416	6.62e-17	85.1
PF3D7_0800300|DBLg|1|1205|1586	QG0232-C.g2593	25.342	292	150	10	45	311	841	1089	2.10e-12	71.2
PF3D7_0800300|DBLg|1|1205|1586	SenT139.11.g159	62.660	391	134	4	1	382	1300	1687	3.29e-165	512
PF3D7_0800300|DBLg|1|1205|1586	SenT139.11.g159	40.000	385	201	9	1	374	1811	2176	1.43e-76	259
PF3D7_0800300|DBLg|1|1205|1586	SenT139.11.g159	26.582	316	174	12	34	308	153	451	5.03e-18	88.6
PF3D7_0800300|DBLg|1|1205|1586	SenT139.11.g159	25.413	303	177	12	34	315	897	1171	3.71e-15	79.7
PF3D7_0800300|DBLg|1|1205|1586	PC0122-C.g203	62.760	384	138	3	1	382	1273	1653	1.07e-161	504
PF3D7_0800300|DBLg|1|1205|1586	PC0122-C.g203	34.615	390	195	10	10	349	1892	2271	3.12e-56	201
PF3D7_0800300|DBLg|1|1205|1586	PC0122-C.g203	23.404	329	197	10	28	318	109	420	3.36e-17	86.3
PF3D7_0800300|DBLg|1|1205|1586	PC0122-C.g203	24.579	297	156	12	43	311	867	1123	1.11e-12	72.4
PF3D7_0800300|DBLd|1|1716|2172	SenT233.08.g868	50.672	521	185	15	1	457	916	1428	5.60e-143	451
PF3D7_0800300|DBLd|1|1716|2172	PA0059-C.g12	50.096	521	182	16	1	457	1759	2265	1.03e-142	453
PF3D7_0800300|DBLd|1|1716|2172	PA0059-C.g12	30.905	398	173	17	1	392	1358	1659	2.36e-32	133
PF3D7_0800300|DBLd|1|1716|2172	PA0059-C.g12	33.010	103	63	3	288	387	311	410	1.60e-08	59.7
PF3D7_0800300|DBLd|1|1716|2172	SenT184.09.g761	49.102	501	197	13	1	457	507	993	5.06e-141	432
PF3D7_0800300|DBLd|1|1716|2172	PM0073-C.g1313	52.400	500	165	14	1	457	1231	1700	1.15e-140	446
PF3D7_0800300|DBLd|1|1716|2172	PM0073-C.g1313	29.484	407	195	16	1	387	803	1137	4.74e-29	123
PF3D7_0800300|DBLd|1|1716|2172	PM0073-C.g1313	30.526	190	111	7	284	457	311	495	1.51e-07	56.6
PF3D7_0800300|DBLd|1|1716|2172	QE0414-C.g667	52.259	509	180	20	1	457	881	1378	6.46e-140	442
PF3D7_0800300|DBLd|1|1716|2172	QE0414-C.g667	31.902	163	89	7	274	433	306	449	7.97e-08	57.4
PF3D7_0800300|CIDRb|1|2173|2435	SenT084.10.g3343	69.697	264	69	4	1	263	614	867	1.02e-117	362
PF3D7_0800300|CIDRb|1|2173|2435	PA0053-C.g3	69.962	263	70	4	1	263	1338	1591	1.33e-112	357
PF3D7_0800300|CIDRb|1|2173|2435	QG0200-C.g334	68.657	268	73	5	1	263	1841	2102	1.10e-108	347
PF3D7_0800300|CIDRb|1|2173|2435	PF0737-C.g100	64.773	264	87	4	1	263	731	989	2.48e-102	323
PF3D7_0800300|CIDRb|1|2173|2435	PA0149-C.g530	65.056	269	77	4	1	263	1307	1564	3.76e-100	322
PF3D7_0800300|ATS|1|2526|2980	PA0270-C.g443	86.842	456	58	2	1	455	2185	2639	0.0	790
PF3D7_0800300|ATS|1|2526|2980	PA0245-C.g998	84.532	459	66	2	1	455	1706	2163	0.0	763
PF3D7_0800300|ATS|1|2526|2980	PD0483-C.g348	85.900	461	56	7	1	455	2589	3046	0.0	753
PF3D7_0800300|ATS|1|2526|2980	PA0157-C.g190	82.495	457	75	4	1	455	2245	2698	0.0	736
PF3D7_0800300|ATS|1|2526|2980	PA0245-C.g391	83.114	456	56	5	1	455	2512	2947	0.0	733
PF3D7_0808600|NTS|1|1|64	PM0096-C.g419	100.000	64	0	0	1	64	1	64	9.51e-36	128
PF3D7_0808600|NTS|1|1|64	PF0590-C.g737	100.000	64	0	0	1	64	1	64	9.51e-36	128
PF3D7_0808600|NTS|1|1|64	SenT105.07.g307	100.000	64	0	0	1	64	1	64	1.53e-35	127
PF3D7_0808600|NTS|1|1|64	PM0152-C.g683	100.000	64	0	0	1	64	1	64	2.30e-35	127
PF3D7_0808600|NTS|1|1|64	QG0261-C.g473	100.000	64	0	0	1	64	1	64	4.16e-35	126
PF3D7_0808600|DBLa|1|65|505	QG0261-C.g473	95.034	443	14	4	1	441	65	501	0.0	825
PF3D7_0808600|DBLa|1|65|505	QG0261-C.g473	28.125	160	97	4	191	348	1199	1342	4.73e-12	70.9
PF3D7_0808600|DBLa|1|65|505	PA0204-C.g498	93.878	441	18	3	1	441	65	496	0.0	817
PF3D7_0808600|DBLa|1|65|505	PA0204-C.g498	24.138	319	169	11	115	378	1093	1393	1.02e-08	60.1
PF3D7_0808600|DBLa|1|65|505	PM0152-C.g683	94.118	442	15	4	1	441	65	496	0.0	816
PF3D7_0808600|DBLa|1|65|505	PM0152-C.g683	20.963	353	215	11	123	441	1067	1389	2.08e-12	72.0
PF3D7_0808600|DBLa|1|65|505	SenT105.07.g307	94.118	442	15	4	1	441	65	496	0.0	816
PF3D7_0808600|DBLa|1|65|505	QG0282-C.g786	94.118	442	15	4	1	441	65	496	0.0	815
PF3D7_0808600|DBLa|1|65|505	QG0282-C.g786	24.138	319	169	11	115	378	1068	1368	1.22e-08	60.1
PF3D7_0808600|CIDRa|1|506|809	SenT105.07.g307	100.000	304	0	0	1	304	497	800	0.0	624
PF3D7_0808600|CIDRa|1|506|809	PM0152-C.g683	100.000	304	0	0	1	304	497	800	0.0	623
PF3D7_0808600|CIDRa|1|506|809	QG0282-C.g786	100.000	304	0	0	1	304	497	800	0.0	622
PF3D7_0808600|CIDRa|1|506|809	QG0282-C.g786	32.184	174	101	5	131	297	1498	1661	1.15e-09	61.6
PF3D7_0808600|CIDRa|1|506|809	SenT125.11.g587	100.000	304	0	0	1	304	96	399	0.0	621
PF3D7_0808600|CIDRa|1|506|809	SenT125.11.g587	32.184	174	101	5	131	297	1102	1265	1.17e-09	61.6
PF3D7_0808600|CIDRa|1|506|809	QG0261-C.g473	98.382	309	0	1	1	304	502	810	0.0	618
PF3D7_0808600|DBLd|1|890|1408	QG0261-C.g473	100.000	457	0	0	1	457	891	1347	0.0	954
PF3D7_0808600|DBLd|1|890|1408	QG0261-C.g473	30.233	215	115	7	333	519	294	501	3.18e-15	81.6
PF3D7_0808600|DBLd|1|890|1408	PM0018-C.g842	55.327	535	195	17	1	519	705	1211	9.70e-165	503
PF3D7_0808600|DBLd|1|890|1408	PM0018-C.g842	28.774	212	128	6	311	517	60	253	2.01e-10	66.2
PF3D7_0808600|DBLd|1|890|1408	PC0053-C.g594	55.327	535	195	17	1	519	921	1427	1.26e-161	504
PF3D7_0808600|DBLd|1|890|1408	PC0053-C.g594	26.749	243	135	7	311	519	280	513	1.50e-14	79.3
PF3D7_0808600|DBLd|1|890|1408	SenT224.08.g631	55.191	549	167	17	1	519	851	1350	9.27e-160	498
PF3D7_0808600|DBLd|1|890|1408	SenT224.08.g631	24.317	366	190	13	191	519	177	492	2.00e-16	85.5
PF3D7_0808600|DBLd|1|890|1408	PF0692-C.g616	55.191	549	167	17	1	519	851	1350	9.27e-160	498
PF3D7_0808600|DBLd|1|890|1408	PF0692-C.g616	24.317	366	190	13	191	519	177	492	2.00e-16	85.5
PF3D7_0808600|CIDRg|1|1409|1667	PA0056-C.g236	100.000	259	0	0	1	259	1351	1609	2.37e-177	533
PF3D7_0808600|CIDRg|1|1409|1667	PfKE03.g322	100.000	259	0	0	1	259	1358	1616	2.67e-177	533
PF3D7_0808600|CIDRg|1|1409|1667	SenT224.08.g631	100.000	259	0	0	1	259	1351	1609	3.72e-177	533
PF3D7_0808600|CIDRg|1|1409|1667	PF0692-C.g616	100.000	259	0	0	1	259	1351	1609	3.72e-177	533
PF3D7_0808600|CIDRg|1|1409|1667	PT0158-C.g106	100.000	259	0	0	1	259	1810	2068	1.60e-174	532
PF3D7_0808600|CIDRg|1|1409|1667	PT0158-C.g106	29.787	141	87	4	75	205	568	706	2.30e-08	57.0
PF3D7_0808600|ATS|1|1775|2265	PV0211-C.g126	76.218	513	92	7	1	491	841	1345	0.0	719
PF3D7_0808600|ATS|1|1775|2265	PH0643-C.g487	76.268	493	80	7	1	491	1677	2134	0.0	708
PF3D7_0808600|ATS|1|1775|2265	PV0117-C.g64	71.429	532	86	5	1	491	1194	1700	0.0	696
PF3D7_0808600|ATS|1|1775|2265	PFKE09.g563	74.696	494	70	6	1	491	775	1216	0.0	683
PF3D7_0808600|ATS|1|1775|2265	PFKE12.g465	69.508	528	86	9	1	491	1773	2262	0.0	672
PF3D7_0808700|NTS|1|1|59	PM0058-C.g692	83.051	59	10	0	1	59	1	59	3.72e-25	97.8
PF3D7_0808700|NTS|1|1|59	PM0107-C.g453	79.661	59	12	0	1	59	1	59	1.95e-23	92.8
PF3D7_0808700|NTS|1|1|59	PM0115-C.g409	79.661	59	12	0	1	59	1	59	2.72e-23	92.4
PF3D7_0808700|NTS|1|1|59	PM0152-C.g252	72.881	59	15	1	2	59	9	67	5.21e-22	89.0
PF3D7_0808700|NTS|1|1|59	PT0035-C.g507	76.667	60	13	1	1	59	1	60	1.05e-21	88.2
PF3D7_0808700|DBLa|1|60|492	PM0134-C.g1369	73.102	461	90	8	1	433	65	519	0.0	646
PF3D7_0808700|DBLa|1|60|492	PM0134-C.g1369	25.231	325	181	9	143	433	1132	1428	7.82e-17	85.9
PF3D7_0808700|DBLa|1|60|492	PC0107-C.g694	73.649	444	90	8	1	433	75	502	0.0	611
PF3D7_0808700|DBLa|1|60|492	PC0107-C.g694	25.419	358	180	13	123	433	1104	1421	7.90e-12	70.1
PF3D7_0808700|DBLa|1|60|492	PA0098-C.g643	67.198	439	123	11	1	433	68	491	0.0	560
PF3D7_0808700|DBLa|1|60|492	PA0098-C.g643	25.779	353	184	12	124	433	1095	1412	1.71e-14	78.6
PF3D7_0808700|DBLa|1|60|492	PA0053-C.g709	67.198	439	123	11	1	433	68	491	0.0	560
PF3D7_0808700|DBLa|1|60|492	PA0053-C.g709	25.779	353	184	12	124	433	1129	1446	1.75e-14	78.6
PF3D7_0808700|DBLa|1|60|492	QG0205-C.g882	66.079	454	126	11	1	433	75	521	0.0	556
PF3D7_0808700|CIDRa|1|493|777	PA0254-C.g810	67.752	307	74	6	1	285	493	796	1.52e-116	369
PF3D7_0808700|CIDRa|1|493|777	PA0221-C.g689	65.789	304	78	6	1	282	533	832	4.16e-116	369
PF3D7_0808700|CIDRa|1|493|777	PT0230-Cx.g725	66.118	304	68	8	1	285	482	769	4.62e-114	362
PF3D7_0808700|CIDRa|1|493|777	QG0295-C.g3526	69.825	285	71	5	1	282	116	388	3.03e-110	349
PF3D7_0808700|CIDRa|1|493|777	SenT044.10.g1116	69.825	285	71	5	1	282	420	692	3.07e-109	348
PF3D7_0808700|DBLd|1|883|1384	PT0256-C.g662	53.383	532	182	17	1	502	921	1416	3.98e-157	491
PF3D7_0808700|DBLd|1|883|1384	PT0256-C.g662	24.147	381	189	18	180	502	176	514	3.85e-11	68.6
PF3D7_0808700|DBLd|1|883|1384	QG0205-C.g593	52.679	560	171	24	1	502	852	1375	6.87e-151	473
PF3D7_0808700|DBLd|1|883|1384	QG0260-C.g955	53.420	541	171	23	1	502	840	1338	1.00e-150	473
PF3D7_0808700|DBLd|1|883|1384	QG0260-C.g955	25.070	355	196	16	174	502	187	497	3.93e-12	71.6
PF3D7_0808700|DBLd|1|883|1384	SenT044.10.g796	50.000	534	209	17	1	502	149	656	4.14e-148	451
PF3D7_0808700|DBLd|1|883|1384	PT0299-Cx.g3581	51.296	540	195	18	1	502	884	1393	2.11e-147	464
PF3D7_0808700|DBLd|1|883|1384	PT0299-Cx.g3581	31.707	205	104	10	326	502	298	494	8.41e-14	77.0
PF3D7_0808700|CIDRb|1|1385|1652	PM0084-C.g464	72.587	259	64	4	1	252	427	685	1.04e-122	376
PF3D7_0808700|CIDRb|1|1385|1652	PV0115-C.g98	68.773	269	80	3	1	265	859	1127	5.62e-120	373
PF3D7_0808700|CIDRb|1|1385|1652	PV0099-C.g22	71.484	256	71	2	1	254	1374	1629	2.07e-118	375
PF3D7_0808700|CIDRb|1|1385|1652	PH0148-CW.g85	68.773	269	80	3	1	265	1360	1628	6.31e-118	372
PF3D7_0808700|CIDRb|1|1385|1652	PA0267-C.g213	72.587	259	64	4	1	252	1351	1609	8.04e-118	373
PF3D7_0808700|CIDRb|1|1385|1652	PA0267-C.g213	25.600	250	146	9	46	267	578	815	1.80e-08	57.4
PF3D7_0808700|ATS|1|1769|2231	PV0028-C.g25	79.493	473	76	5	2	463	1769	2231	0.0	738
PF3D7_0808700|ATS|1|1769|2231	PA0209-C.g1047	77.167	473	87	5	2	463	1782	2244	0.0	722
PF3D7_0808700|ATS|1|1769|2231	PD0561-C.g263	77.035	479	69	7	2	463	2425	2879	0.0	717
PF3D7_0808700|ATS|1|1769|2231	PfKE05.g221	79.104	469	82	6	2	463	3586	4045	0.0	713
PF3D7_0808700|ATS|1|1769|2231	PV0128-C.g12	78.970	466	78	7	2	463	2297	2746	0.0	677
PF3D7_0809100|NTS|1|1|62	PC0122-C.g581	94.737	57	3	0	6	62	7	63	1.05e-31	116
PF3D7_0809100|NTS|1|1|62	PC0073-C.g386	92.727	55	3	1	9	62	14	68	2.03e-28	107
PF3D7_0809100|NTS|1|1|62	PA0044-C.g635	89.091	55	5	1	9	62	16	70	3.12e-27	103
PF3D7_0809100|NTS|1|1|62	PF0041-C.g672	77.966	59	12	1	5	62	9	67	2.25e-25	98.6
PF3D7_0809100|NTS|1|1|62	PA0045-C.g557	78.182	55	11	1	9	62	16	70	5.59e-22	89.0
PF3D7_0809100|DBLa|1|63|479	PC0073-C.g386	89.952	418	33	4	1	417	69	478	0.0	765
PF3D7_0809100|DBLa|1|63|479	PC0073-C.g386	26.899	316	171	11	132	417	1057	1342	2.33e-19	93.2
PF3D7_0809100|DBLa|1|63|479	PA0044-C.g635	88.995	418	44	2	1	417	71	487	0.0	765
PF3D7_0809100|DBLa|1|63|479	PA0044-C.g635	33.880	183	97	6	240	417	1154	1317	1.42e-14	78.6
PF3D7_0809100|DBLa|1|63|479	QG0258-C.g687	85.885	418	53	4	1	417	66	478	0.0	730
PF3D7_0809100|DBLa|1|63|479	QG0258-C.g687	23.558	416	237	15	54	417	945	1331	6.50e-13	73.2
PF3D7_0809100|DBLa|1|63|479	PF0041-C.g672	83.215	423	61	6	1	417	68	486	0.0	705
PF3D7_0809100|DBLa|1|63|479	PF0041-C.g672	25.283	265	136	9	120	340	1076	1322	3.50e-10	64.7
PF3D7_0809100|DBLa|1|63|479	PM0049-C.g17	73.412	425	97	5	1	417	70	486	0.0	623
PF3D7_0809100|CIDRa|1|480|737	PV0117-C.g109	78.210	257	56	0	1	257	503	759	3.75e-137	413
PF3D7_0809100|CIDRa|1|480|737	SenT179.08.g926	79.767	257	52	0	1	257	492	748	5.22e-137	424
PF3D7_0809100|CIDRa|1|480|737	PV0209-C.g50	78.210	257	56	0	1	257	211	467	7.83e-134	412
PF3D7_0809100|CIDRa|1|480|737	PA0204-C.g682	75.096	261	59	3	1	256	505	764	9.64e-127	397
PF3D7_0809100|CIDRa|1|480|737	QG0252-C.g2388	70.677	266	64	3	1	258	506	765	1.86e-118	374
PF3D7_0809100|DBLd|1|800|1309	PF0158-C.g467	79.845	516	70	7	4	510	887	1377	0.0	808
PF3D7_0809100|DBLd|1|800|1309	PF0158-C.g467	31.937	191	104	8	342	510	318	504	2.36e-10	65.9
PF3D7_0809100|DBLd|1|800|1309	PC0061-C.g1062	56.647	519	169	12	1	510	879	1350	7.01e-171	527
PF3D7_0809100|DBLd|1|800|1309	PC0061-C.g1062	23.513	353	198	13	190	510	187	499	1.63e-11	69.7
PF3D7_0809100|DBLd|1|800|1309	PC0063-C.g7324	50.519	578	187	16	1	510	296	842	2.62e-158	483
PF3D7_0809100|DBLd|1|800|1309	PV0084-C.g104	52.416	538	178	17	1	510	861	1348	9.93e-155	484
PF3D7_0809100|DBLd|1|800|1309	PV0084-C.g104	20.783	332	215	8	190	510	182	476	1.87e-11	69.3
PF3D7_0809100|DBLd|1|800|1309	SenT128.08.g460	52.462	528	205	17	1	510	253	752	1.44e-151	463
PF3D7_0809100|CIDRb|1|1310|1567	QG0296-C.g3851	68.675	249	77	1	7	255	2109	2356	1.62e-109	349
PF3D7_0809100|CIDRb|1|1310|1567	QG0296-C.g3851	27.559	127	84	4	41	163	502	624	1.63e-10	63.5
PF3D7_0809100|CIDRb|1|1310|1567	PM0108-C.g160	65.504	258	84	4	1	256	698	952	4.68e-107	335
PF3D7_0809100|CIDRb|1|1310|1567	QE0464-C.g81	65.900	261	83	3	1	256	700	959	1.25e-106	334
PF3D7_0809100|CIDRb|1|1310|1567	PM0019-C.g1609	69.732	261	75	4	2	258	1412	1672	5.21e-106	338
PF3D7_0809100|CIDRb|1|1310|1567	PM0019-C.g1609	34.667	75	48	1	103	176	648	722	5.24e-07	52.8
PF3D7_0809100|CIDRb|1|1310|1567	PF0399-C.g255	69.732	261	75	4	2	258	1412	1672	5.21e-106	338
PF3D7_0809100|CIDRb|1|1310|1567	PF0399-C.g255	34.667	75	48	1	103	176	648	722	5.24e-07	52.8
PF3D7_0809100|ATS|1|1673|2109	PF0489-C.g723	78.186	463	63	6	1	432	1717	2172	0.0	697
PF3D7_0809100|ATS|1|1673|2109	PFKE12.g150	78.925	465	61	6	1	432	1774	2234	0.0	697
PF3D7_0809100|ATS|1|1673|2109	QE0454-C.g647	76.812	483	61	9	1	437	1716	2193	0.0	676
PF3D7_0809100|ATS|1|1673|2109	PF0092-C.g708	76.605	483	62	9	1	437	1720	2197	0.0	675
PF3D7_0809100|ATS|1|1673|2109	PA0209-C.g1047	75.107	466	85	6	1	437	1781	2244	0.0	674
PF3D7_0833500|NTS|1|1|65	PA0091-C.g697	86.667	60	7	1	6	65	725	783	2.72e-26	101
PF3D7_0833500|NTS|1|1|65	PA0091-C.g697	57.576	66	25	1	3	65	7	72	1.13e-14	68.2
PF3D7_0833500|NTS|1|1|65	PT0042-C.g412	80.000	65	13	0	1	65	2	66	2.13e-25	99.0
PF3D7_0833500|NTS|1|1|65	SenT231.08.g289	67.188	64	19	1	2	65	4	65	3.44e-19	81.3
PF3D7_0833500|NTS|1|1|65	QE0454-C.g635	66.154	65	19	1	1	65	1	62	3.98e-19	80.9
PF3D7_0833500|NTS|1|1|65	QE0454-C.g516	67.188	64	19	1	2	65	4	65	5.55e-19	80.5
PF3D7_0833500|DBLa|1|66|511	PT0042-C.g412	80.044	451	76	8	1	446	67	508	0.0	698
PF3D7_0833500|DBLa|1|66|511	PT0042-C.g412	33.103	145	85	4	242	385	1292	1425	1.52e-12	72.4
PF3D7_0833500|DBLa|1|66|511	SenT110.09.g738	71.806	454	107	11	1	446	68	508	0.0	631
PF3D7_0833500|DBLa|1|66|511	SenT110.09.g738	30.137	219	134	6	118	334	1056	1257	4.42e-18	89.7
PF3D7_0833500|DBLa|1|66|511	PT0048-C.g413	70.133	452	94	9	3	446	77	495	0.0	611
PF3D7_0833500|DBLa|1|66|511	PT0048-C.g413	23.106	264	158	6	124	346	1125	1384	4.06e-10	64.7
PF3D7_0833500|DBLa|1|66|511	PF0133-C.g342	68.085	470	112	12	1	446	64	519	0.0	605
PF3D7_0833500|DBLa|1|66|511	PF0133-C.g342	22.184	293	180	10	122	371	1103	1390	9.34e-09	60.5
PF3D7_0833500|DBLa|1|66|511	QG0291-C.g2935	66.817	443	128	10	17	446	84	520	0.0	569
PF3D7_0833500|DBLa|1|66|511	QG0291-C.g2935	24.119	369	180	14	124	446	1131	1445	4.76e-10	64.7
PF3D7_0833500|CIDRa|1|512|822	PT0048-C.g413	90.354	311	21	2	1	311	496	797	4.46e-162	496
PF3D7_0833500|CIDRa|1|512|822	PF0133-C.g208	68.269	312	89	6	1	309	502	806	2.80e-123	390
PF3D7_0833500|CIDRa|1|512|822	PF0818-C.g8	59.547	309	115	4	1	308	493	792	5.27e-109	345
PF3D7_0833500|CIDRa|1|512|822	PC0061-C.g79	60.127	316	103	7	1	310	507	805	3.19e-107	343
PF3D7_0833500|CIDRa|1|512|822	PC0053-C.g475	60.127	316	103	7	1	310	507	805	6.67e-107	343
PF3D7_0833500|DBLd|1|894|1425	QE0410-C.g963	51.773	564	206	23	1	532	296	825	4.80e-154	473
PF3D7_0833500|DBLd|1|894|1425	QE0439-C.g1090	51.773	564	206	23	1	532	792	1321	1.87e-150	473
PF3D7_0833500|DBLd|1|894|1425	QE0439-C.g1090	24.706	170	90	5	293	462	237	368	1.17e-08	60.5
PF3D7_0833500|DBLd|1|894|1425	PA0186-C.g572	50.984	559	211	18	1	532	900	1422	2.77e-149	471
PF3D7_0833500|DBLd|1|894|1425	PA0186-C.g572	25.134	187	108	6	293	477	254	410	1.52e-09	63.5
PF3D7_0833500|DBLd|1|894|1425	QG0216-C.g783	49.355	543	194	13	12	532	948	1431	8.46e-146	462
PF3D7_0833500|DBLd|1|894|1425	QG0216-C.g783	23.970	267	154	9	222	479	194	420	7.89e-17	86.7
PF3D7_0833500|DBLd|1|894|1425	PM0134-C.g795	50.086	579	180	19	1	532	1407	1923	1.39e-144	461
PF3D7_0833500|DBLd|1|894|1425	PM0134-C.g795	26.455	189	101	6	293	479	252	404	4.17e-12	71.6
PF3D7_0833500|CIDRb|1|1426|1685	QG0280-C.g1233	74.319	257	63	2	1	256	1297	1551	4.85e-119	375
PF3D7_0833500|CIDRb|1|1426|1685	SenT058.11.g928	72.093	258	68	4	1	255	776	1032	6.94e-114	355
PF3D7_0833500|CIDRb|1|1426|1685	PA0209-C.g391	72.763	257	65	4	1	255	2653	2906	9.37e-111	352
PF3D7_0833500|CIDRb|1|1426|1685	PFKE06.g335	72.624	263	60	6	1	254	2141	2400	1.09e-110	352
PF3D7_0833500|CIDRb|1|1426|1685	PFKE06.g335	35.514	214	136	2	37	250	494	705	3.41e-29	118
PF3D7_0833500|CIDRb|1|1426|1685	PA0232-C.g92	68.605	258	69	6	1	251	646	898	2.64e-106	332
PF3D7_0833500|ATS|1|1796|2269	PFKE09.g563	76.730	477	73	7	1	474	775	1216	0.0	692
PF3D7_0833500|ATS|1|1796|2269	PH0121-CW.g102	77.004	474	64	3	1	474	802	1230	0.0	692
PF3D7_0833500|ATS|1|1796|2269	PA0270-C.g443	75.523	478	90	6	1	474	2185	2639	0.0	690
PF3D7_0833500|ATS|1|1796|2269	PA0245-C.g998	74.843	477	98	5	1	474	1706	2163	0.0	683
PF3D7_0833500|ATS|1|1796|2269	PV0147-C.g7	74.473	474	86	4	1	474	1761	2199	0.0	681
PF3D7_0900100|NTS|1|1|62	PD0460-C.g1362	70.149	67	15	1	1	62	1	67	3.13e-23	92.4
PF3D7_0900100|NTS|1|1|62	SenT143.09.g1225	73.214	56	15	0	1	56	1	56	4.41e-21	86.3
PF3D7_0900100|NTS|1|1|62	PF0590-C.g399	73.214	56	15	0	1	56	1	56	4.41e-21	86.3
PF3D7_0900100|NTS|1|1|62	SenT190.09.g507	66.129	62	21	0	1	62	1	62	1.03e-19	82.4
PF3D7_0900100|NTS|1|1|62	PT0014-CW.g160	66.129	62	21	0	1	62	1	62	1.27e-19	82.4
PF3D7_0900100|DBLa|1|63|499	PD0494-C.g546	74.670	454	91	6	1	437	60	506	0.0	647
PF3D7_0900100|DBLa|1|63|499	PD0494-C.g546	24.000	450	256	16	39	437	911	1325	7.85e-21	98.2
PF3D7_0900100|DBLa|1|63|499	PH0856-C.g89	74.229	454	93	6	1	437	60	506	0.0	633
PF3D7_0900100|DBLa|1|63|499	PH0856-C.g89	32.923	325	153	11	30	341	2108	2380	2.81e-34	138
PF3D7_0900100|DBLa|1|63|499	PH0856-C.g89	28.065	367	212	13	78	437	1046	1367	5.75e-20	95.5
PF3D7_0900100|DBLa|1|63|499	PH0856-C.g89	23.932	351	185	13	17	336	1647	1946	7.18e-08	57.4
PF3D7_0900100|DBLa|1|63|499	PC0083-C.g293	72.247	454	91	7	1	437	60	495	0.0	602
PF3D7_0900100|DBLa|1|63|499	PC0083-C.g293	26.332	319	187	13	118	411	1101	1396	1.24e-13	75.9
PF3D7_0900100|DBLa|1|63|499	PC0083-C.g293	25.000	304	167	10	55	344	1799	2055	3.00e-10	65.1
PF3D7_0900100|DBLa|1|63|499	PC0080-C.g246	72.247	454	91	7	1	437	60	495	0.0	602
PF3D7_0900100|DBLa|1|63|499	PC0080-C.g246	26.332	319	187	13	118	411	1101	1396	1.24e-13	75.9
PF3D7_0900100|DBLa|1|63|499	PC0080-C.g246	25.000	304	167	10	55	344	1799	2055	3.00e-10	65.1
PF3D7_0900100|DBLa|1|63|499	PF0782-C.g698	68.514	451	114	9	1	437	64	500	0.0	597
PF3D7_0900100|DBLa|1|63|499	PF0782-C.g698	26.074	326	179	13	142	437	1083	1376	4.09e-16	83.6
PF3D7_0900100|CIDRa|1|500|795	PD0494-C.g546	74.183	306	68	4	1	296	507	811	1.66e-122	386
PF3D7_0900100|CIDRa|1|500|795	PH0856-C.g89	74.183	306	68	4	1	296	507	811	3.21e-122	387
PF3D7_0900100|CIDRa|1|500|795	PT0261-Cx.g860	72.667	300	76	4	1	296	505	802	4.26e-122	385
PF3D7_0900100|CIDRa|1|500|795	PT0261-Cx.g860	30.000	170	87	5	142	279	1497	1666	3.59e-10	63.2
PF3D7_0900100|CIDRa|1|500|795	PA0188-C.g567	72.667	300	76	4	1	296	511	808	6.13e-122	385
PF3D7_0900100|CIDRa|1|500|795	PA0188-C.g567	30.000	170	87	5	142	279	1503	1672	3.73e-10	63.2
PF3D7_0900100|CIDRa|1|500|795	PM0108-C.g937	72.667	300	76	4	1	296	511	808	6.13e-122	385
PF3D7_0900100|CIDRa|1|500|795	PM0108-C.g937	30.000	170	87	5	142	279	1503	1672	3.73e-10	63.2
PF3D7_0900100|DBLd|1|875|1408	PM0108-C.g956	50.950	579	198	13	1	534	914	1451	2.14e-170	528
PF3D7_0900100|DBLd|1|875|1408	PM0108-C.g956	24.924	329	170	12	230	520	184	473	1.76e-11	69.7
PF3D7_0900100|DBLd|1|875|1408	PM0152-C.g690	48.731	591	213	19	1	534	52	609	2.89e-159	481
PF3D7_0900100|DBLd|1|875|1408	PA0211-C.g897	51.042	576	202	20	1	534	814	1351	1.46e-157	493
PF3D7_0900100|DBLd|1|875|1408	PA0211-C.g897	27.636	275	129	11	283	534	245	472	9.77e-14	77.0
PF3D7_0900100|DBLd|1|875|1408	PM0029-C.g726	50.362	552	220	20	1	534	83	598	2.84e-156	473
PF3D7_0900100|DBLd|1|875|1408	QE0481-C.g844	50.000	556	212	15	1	534	113	624	4.19e-154	469
PF3D7_0900100|CIDRg|1|1409|1683	PF0035-C.g449	81.522	276	36	5	1	275	1365	1626	3.19e-142	440
PF3D7_0900100|CIDRg|1|1409|1683	PA0102-C.g481	81.522	276	36	5	1	275	1383	1644	6.00e-142	439
PF3D7_0900100|CIDRg|1|1409|1683	PH0560-C.g15	71.642	268	60	8	1	262	968	1225	7.51e-117	366
PF3D7_0900100|CIDRg|1|1409|1683	PH0474-CW.g366	69.039	281	71	8	1	275	1371	1641	5.12e-115	365
PF3D7_0900100|CIDRg|1|1409|1683	PH0471-C.g440	69.039	281	71	8	1	275	1371	1641	5.12e-115	365
PF3D7_0900100|ATS|1|1799|2270	PFKE12.g465	78.745	494	79	6	1	472	1773	2262	0.0	750
PF3D7_0900100|ATS|1|1799|2270	PD0590-C.g13	77.666	497	76	8	1	472	818	1304	0.0	729
PF3D7_0900100|ATS|1|1799|2270	PV0239-C.g10	74.319	514	74	9	1	472	3361	3858	0.0	710
PF3D7_0900100|ATS|1|1799|2270	PV0116-C.g28	74.082	490	106	6	1	472	1887	2373	0.0	696
PF3D7_0900100|ATS|1|1799|2270	PT0170-C.g672	75.862	493	63	10	1	472	1768	2225	0.0	696
PF3D7_0937800|NTS|1|1|65	PF0011-C.g242	100.000	65	0	0	1	65	1	65	7.65e-37	131
PF3D7_0937800|NTS|1|1|65	PT0226-Cx.g511	89.583	48	5	0	18	65	21	68	6.32e-20	83.2
PF3D7_0937800|NTS|1|1|65	PT0008-CW.g527	67.213	61	20	0	5	65	8	68	2.13e-19	81.6
PF3D7_0937800|NTS|1|1|65	QG0205-C.g702	64.179	67	22	1	1	65	1	67	3.21e-18	78.6
PF3D7_0937800|NTS|1|1|65	QG0296-C.g5448	64.179	67	22	1	1	65	1	67	3.97e-18	78.2
PF3D7_0937800|DBLa|1|66|503	PF0011-C.g242	99.772	438	1	0	1	438	66	503	0.0	914
PF3D7_0937800|DBLa|1|66|503	PH0343-C.g378	65.368	462	125	8	1	438	63	513	0.0	580
PF3D7_0937800|DBLa|1|66|503	QE0412-C.g583	65.368	462	125	8	1	438	63	513	0.0	578
PF3D7_0937800|DBLa|1|66|503	PV0133-C.g91	65.368	462	125	8	1	438	63	513	0.0	578
PF3D7_0937800|DBLa|1|66|503	PH0349-C.g360	65.368	462	125	8	1	438	63	513	0.0	578
PF3D7_0937800|CIDRa|1|504|805	PF0011-C.g242	100.000	302	0	0	1	302	504	805	0.0	613
PF3D7_0937800|CIDRa|1|504|805	PF0206-C.g490	68.254	315	80	9	1	302	504	811	1.81e-119	379
PF3D7_0937800|CIDRa|1|504|805	QG0295-C.g2943	68.254	315	80	10	1	302	527	834	1.01e-118	377
PF3D7_0937800|CIDRa|1|504|805	PA0149-C.g311	66.667	321	81	9	1	302	496	809	7.69e-118	374
PF3D7_0937800|CIDRa|1|504|805	PH0872-C.g21	59.621	317	108	8	1	299	513	827	6.09e-104	335
PF3D7_0937800|DBLd|1|885|1396	PC0065-C.g3519	56.660	533	196	15	1	512	1311	1829	5.10e-163	512
PF3D7_0937800|DBLd|1|885|1396	PC0065-C.g3519	26.000	300	162	8	197	473	193	455	1.68e-18	92.0
PF3D7_0937800|DBLd|1|885|1396	PT0048-C.g478	52.166	531	204	15	1	512	238	737	1.10e-160	487
PF3D7_0937800|DBLd|1|885|1396	PF0617-C.g699	48.048	589	205	17	1	512	850	1414	3.09e-153	481
PF3D7_0937800|DBLd|1|885|1396	PF0617-C.g699	30.495	364	180	19	177	512	168	486	4.48e-16	84.3
PF3D7_0937800|DBLd|1|885|1396	PF0159-C.g771	50.763	524	183	15	1	512	941	1401	1.13e-151	477
PF3D7_0937800|DBLd|1|885|1396	PF0159-C.g771	25.309	324	185	11	184	475	190	488	3.02e-16	84.7
PF3D7_0937800|DBLd|1|885|1396	PA0208-C.g592	52.390	544	175	19	1	512	874	1365	2.21e-151	475
PF3D7_0937800|DBLd|1|885|1396	PA0208-C.g592	28.213	319	181	12	183	483	171	459	7.12e-22	102
PF3D7_0937800|CIDRg|1|1397|1658	PT0118-C.g794	99.618	262	1	0	1	262	1353	1614	3.09e-180	541
PF3D7_0937800|CIDRg|1|1397|1658	PT0118-C.g794	30.457	197	108	7	28	207	508	692	6.51e-09	58.5
PF3D7_0937800|CIDRg|1|1397|1658	PM0145-C.g26	78.810	269	45	5	1	262	669	932	1.48e-124	381
PF3D7_0937800|CIDRg|1|1397|1658	QG0280-C.g426	78.810	269	45	5	1	262	2285	2548	2.22e-119	377
PF3D7_0937800|CIDRg|1|1397|1658	QG0246-C.g2757	70.722	263	75	2	1	262	2216	2477	7.74e-117	370
PF3D7_0937800|CIDRg|1|1397|1658	PA0151-C.g671	71.805	266	66	6	1	262	1372	1632	7.07e-112	355
PF3D7_0937800|CIDRg|1|1397|1658	PA0151-C.g671	27.168	173	115	7	39	201	533	704	1.84e-08	57.4
PF3D7_0937800|ATS|1|1777|2264	PV0028-C.g31	80.573	489	61	7	1	488	1737	2192	0.0	773
PF3D7_0937800|ATS|1|1777|2264	PD0549-C.g516	79.755	489	57	7	1	488	2187	2634	0.0	746
PF3D7_0937800|ATS|1|1777|2264	PD0511-C.g583	79.755	489	57	7	1	488	2187	2634	0.0	746
PF3D7_0937800|ATS|1|1777|2264	PT0219-C.g578	77.579	504	76	8	1	488	1736	2218	0.0	732
PF3D7_0937800|ATS|1|1777|2264	PV0239-C.g10	72.989	522	83	6	1	488	3361	3858	0.0	728
PF3D7_1000100|NTS|1|1|65	PF0400-C.g380	80.702	57	8	1	9	65	4	57	7.62e-23	91.7
PF3D7_1000100|NTS|1|1|65	PA0186-C.g594	75.000	64	15	1	3	65	2	65	2.59e-21	87.0
PF3D7_1000100|NTS|1|1|65	PA0263-C.g508	75.000	64	15	1	3	65	2	65	2.62e-21	87.0
PF3D7_1000100|NTS|1|1|65	QE0429-C.g882	60.000	65	26	0	1	65	5	69	2.57e-19	81.6
PF3D7_1000100|NTS|1|1|65	SenT044.11.g514	63.077	65	20	1	1	65	1	61	4.05e-18	78.2
PF3D7_1000100|DBLa|1|66|490	PF0400-C.g380	76.734	447	82	4	1	425	58	504	0.0	692
PF3D7_1000100|DBLa|1|66|490	PF0400-C.g380	24.373	279	139	9	123	337	1109	1379	5.26e-12	70.5
PF3D7_1000100|DBLa|1|66|490	PH0558-C.g807	68.160	424	113	10	13	425	76	488	0.0	565
PF3D7_1000100|DBLa|1|66|490	PH0558-C.g807	22.523	222	143	8	142	336	1102	1321	4.66e-10	64.3
PF3D7_1000100|DBLa|1|66|490	PV0094-C.g24	64.176	455	128	11	1	425	62	511	0.0	554
PF3D7_1000100|DBLa|1|66|490	PV0094-C.g24	25.762	361	206	19	97	425	1156	1486	5.82e-16	82.8
PF3D7_1000100|DBLa|1|66|490	SenT129.11.g1191	60.667	450	148	9	1	425	69	514	6.07e-174	526
PF3D7_1000100|DBLa|1|66|490	SenT129.11.g1191	22.378	286	197	7	145	425	1122	1387	5.68e-15	79.7
PF3D7_1000100|DBLa|1|66|490	SenT015.11.g689	60.667	450	148	9	1	425	69	514	1.70e-173	525
PF3D7_1000100|DBLa|1|66|490	SenT015.11.g689	22.378	286	197	7	145	425	1122	1387	6.03e-15	79.7
PF3D7_1000100|CIDRa|1|491|808	PA0183-C.g511	100.000	318	0	0	1	318	514	831	0.0	655
PF3D7_1000100|CIDRa|1|491|808	PC0085-C.g1447	63.158	323	105	6	1	314	513	830	1.15e-115	369
PF3D7_1000100|CIDRa|1|491|808	PM0037-C.g2076	58.934	319	120	8	1	312	501	815	1.25e-111	357
PF3D7_1000100|CIDRa|1|491|808	PA0008-C.g4	60.615	325	113	8	1	316	513	831	2.83e-111	356
PF3D7_1000100|CIDRa|1|491|808	PF0330-C.g236	58.621	319	121	8	1	312	515	829	1.65e-110	354
PF3D7_1000100|DBLd|1|877|1421	PH0279-C.g48	51.423	562	209	16	1	545	899	1413	1.43e-161	505
PF3D7_1000100|DBLd|1|877|1421	PH0279-C.g48	38.835	103	60	2	379	481	298	397	4.65e-14	78.2
PF3D7_1000100|DBLd|1|877|1421	PT0005-CW.g689	50.000	574	225	16	1	545	1158	1698	8.63e-160	500
PF3D7_1000100|DBLd|1|877|1421	SenT231.08.g350	50.263	571	236	14	1	545	507	1055	1.29e-158	490
PF3D7_1000100|DBLd|1|877|1421	SenT130.09.g261	50.692	578	214	13	1	545	826	1365	2.10e-157	493
PF3D7_1000100|DBLd|1|877|1421	SenT130.09.g261	32.584	89	55	3	379	465	293	378	5.58e-07	55.1
PF3D7_1000100|DBLd|1|877|1421	PA0040-C.g436	51.687	563	207	21	1	545	912	1427	6.00e-157	493
PF3D7_1000100|DBLd|1|877|1421	PA0040-C.g436	32.692	104	66	3	379	481	317	417	6.92e-10	64.7
PF3D7_1000100|CIDRg|1|1422|1688	PC0104-C.g672	86.567	268	30	3	1	267	1440	1702	2.12e-141	438
PF3D7_1000100|CIDRg|1|1422|1688	SenT165.09.g2791	72.222	270	66	4	1	267	1412	1675	5.29e-120	378
PF3D7_1000100|CIDRg|1|1422|1688	PF0400-C.g391	74.908	271	61	5	1	267	1322	1589	4.46e-118	372
PF3D7_1000100|CIDRg|1|1422|1688	SenT231.08.g348	76.471	255	56	3	14	267	1304	1555	1.30e-114	363
PF3D7_1000100|CIDRg|1|1422|1688	QG0237-C.g2939	65.714	280	83	2	1	267	944	1223	4.45e-109	345
PF3D7_1000100|ATS|1|1782|2241	PV0028-C.g50	83.156	469	57	7	1	460	2600	3055	0.0	748
PF3D7_1000100|ATS|1|1782|2241	PV0118-C.g26	81.345	461	62	4	1	460	1745	2182	0.0	695
PF3D7_1000100|ATS|1|1782|2241	PC0122-C.g100	82.883	444	48	7	1	443	1987	2403	0.0	694
PF3D7_1000100|ATS|1|1782|2241	PV0139-C.g46	81.917	459	55	8	2	460	2379	2809	0.0	685
PF3D7_1000100|ATS|1|1782|2241	PD0582-C.g778	77.801	473	78	6	1	460	1669	2127	0.0	681
PF3D7_1041300|NTS|1|1|67	QG0258-C.g617	79.104	67	14	0	1	67	1	67	5.70e-28	106
PF3D7_1041300|NTS|1|1|67	QG0258-C.g643	76.119	67	16	0	1	67	1	67	1.07e-27	105
PF3D7_1041300|NTS|1|1|67	PA0089-C.g361	76.119	67	16	0	1	67	1	67	1.51e-27	105
PF3D7_1041300|NTS|1|1|67	PM0004-C.g652	90.741	54	5	0	14	67	12	65	1.98e-27	104
PF3D7_1041300|NTS|1|1|67	PH0643-C.g717	90.741	54	5	0	14	67	12	65	2.89e-27	104
PF3D7_1041300|DBLa|1|68|475	PA0237-C.g802	83.092	414	60	5	1	408	66	475	0.0	687
PF3D7_1041300|DBLa|1|68|475	PA0237-C.g802	28.767	219	128	5	144	341	1025	1236	3.59e-16	83.2
PF3D7_1041300|DBLa|1|68|475	PH0558-C.g772	79.024	410	79	5	1	408	65	469	0.0	654
PF3D7_1041300|DBLa|1|68|475	PH0558-C.g772	28.889	180	115	5	232	408	1148	1317	2.03e-12	71.6
PF3D7_1041300|DBLa|1|68|475	PC0059-C.g333	77.859	411	88	3	1	408	65	475	0.0	638
PF3D7_1041300|DBLa|1|68|475	PC0059-C.g333	31.551	187	107	7	232	408	1209	1384	1.68e-14	78.2
PF3D7_1041300|DBLa|1|68|475	PA0167-C.g866	77.163	416	80	8	1	408	73	481	0.0	629
PF3D7_1041300|DBLa|1|68|475	PA0167-C.g866	34.239	184	104	7	229	408	1146	1316	3.16e-15	80.5
PF3D7_1041300|DBLa|1|68|475	QE0424-C.g535	78.641	412	80	4	1	408	67	474	0.0	628
PF3D7_1041300|DBLa|1|68|475	QE0424-C.g535	22.222	360	215	11	85	408	1066	1396	5.33e-12	70.5
PF3D7_1041300|CIDRa|1|476|746	PA0185-C.g917	82.971	276	35	3	1	270	480	749	6.24e-143	439
PF3D7_1041300|CIDRa|1|476|746	PH0558-C.g772	76.241	282	51	6	1	271	470	746	2.79e-127	398
PF3D7_1041300|CIDRa|1|476|746	PA0185-C.g529	95.213	188	9	0	83	270	1	188	1.49e-108	347
PF3D7_1041300|CIDRa|1|476|746	SenT055.11.g112	61.938	289	84	7	1	271	472	752	1.04e-106	333
PF3D7_1041300|CIDRa|1|476|746	SenT128.08.g547	63.701	281	80	8	1	270	470	739	3.82e-103	328
PF3D7_1041300|DBLd|1|837|1397	PF0298-C.g433	51.585	568	183	18	2	561	1339	1822	5.27e-155	492
PF3D7_1041300|DBLd|1|837|1397	PF0298-C.g433	29.570	186	113	7	388	561	299	478	2.10e-11	69.7
PF3D7_1041300|DBLd|1|837|1397	QG0200-C.g616	49.570	581	209	18	1	561	878	1394	3.33e-152	480
PF3D7_1041300|DBLd|1|837|1397	QG0200-C.g616	26.904	197	117	6	388	561	310	502	6.11e-11	68.2
PF3D7_1041300|DBLd|1|837|1397	PA0079-C.g316	48.951	572	243	16	1	561	867	1400	1.19e-148	470
PF3D7_1041300|DBLd|1|837|1397	PA0079-C.g316	31.053	190	109	8	385	561	319	499	1.04e-07	57.8
PF3D7_1041300|DBLd|1|837|1397	QE0455-C.g703	48.485	594	219	16	1	561	806	1345	1.70e-148	469
PF3D7_1041300|DBLd|1|837|1397	QE0455-C.g703	29.730	185	113	5	388	561	303	481	5.08e-15	81.3
PF3D7_1041300|DBLd|1|837|1397	PA0207-C.g578	49.746	591	223	15	1	561	1196	1742	4.75e-148	472
PF3D7_1041300|DBLd|1|837|1397	PA0207-C.g578	24.069	349	142	11	141	489	872	1097	4.85e-18	90.9
PF3D7_1041300|DBLd|1|837|1397	PA0207-C.g578	30.688	189	109	7	388	561	311	492	4.71e-14	78.2
PF3D7_1041300|CIDRb|1|1398|1653	PF0298-C.g433	100.000	256	0	0	1	256	1823	2078	2.72e-174	531
PF3D7_1041300|CIDRb|1|1398|1653	PA0040-C.g146	100.000	256	0	0	1	256	1815	2070	3.21e-174	531
PF3D7_1041300|CIDRb|1|1398|1653	PH0279-C.g81	79.457	258	49	4	1	256	712	967	1.78e-133	410
PF3D7_1041300|CIDRb|1|1398|1653	QE0461-C.g717	79.457	258	49	4	1	256	1366	1621	1.55e-130	407
PF3D7_1041300|CIDRb|1|1398|1653	QE0401-C.g741	76.953	256	57	2	1	256	1353	1606	1.50e-128	401
PF3D7_1041300|ATS|1|1764|2194	PFKE01.g19	87.016	439	49	3	1	431	1733	2171	0.0	741
PF3D7_1041300|ATS|1|1764|2194	PA0245-C.g391	84.354	441	54	4	1	431	2512	2947	0.0	733
PF3D7_1041300|ATS|1|1764|2194	PV0028-C.g50	83.624	458	46	6	1	431	2600	3055	0.0	729
PF3D7_1041300|ATS|1|1764|2194	PA0270-C.g443	81.319	455	61	3	1	431	2185	2639	0.0	725
PF3D7_1041300|ATS|1|1764|2194	PC0097-C.g664	82.705	451	55	6	1	431	2364	2811	0.0	722
PF3D7_1100100|NTS|1|1|67	SenT030.11.g131	90.741	54	5	0	14	67	12	65	5.66e-27	103
PF3D7_1100100|NTS|1|1|67	PA0151-C.g683	92.727	55	4	0	13	67	7	61	6.96e-26	100
PF3D7_1100100|NTS|1|1|67	PC0061-C.g996	92.727	55	4	0	13	67	7	61	1.27e-25	99.8
PF3D7_1100100|NTS|1|1|67	QG0237-C.g1	80.328	61	10	1	7	67	7	65	4.44e-23	92.4
PF3D7_1100100|NTS|1|1|67	PH0248-C.g426	80.328	61	10	1	7	67	7	65	4.75e-23	92.4
PF3D7_1100100|DBLa|1|68|489	QG0260-C.g1061	73.303	442	85	7	1	422	72	500	0.0	645
PF3D7_1100100|DBLa|1|68|489	QG0260-C.g1061	24.725	364	190	10	104	422	1053	1377	1.98e-17	87.4
PF3D7_1100100|DBLa|1|68|489	QG0187-C.g701	71.910	445	98	6	1	422	66	506	0.0	633
PF3D7_1100100|DBLa|1|68|489	QG0187-C.g701	23.370	368	211	15	104	422	1047	1392	1.51e-09	62.8
PF3D7_1100100|DBLa|1|68|489	PA0101-C.g386	69.690	452	96	11	1	422	65	505	0.0	602
PF3D7_1100100|DBLa|1|68|489	PA0101-C.g386	25.253	198	104	4	242	422	1206	1376	7.11e-12	70.1
PF3D7_1100100|DBLa|1|68|489	PA0020-C.g351	69.690	452	96	11	1	422	65	505	0.0	602
PF3D7_1100100|DBLa|1|68|489	PA0020-C.g351	25.253	198	104	4	242	422	1206	1376	7.11e-12	70.1
PF3D7_1100100|DBLa|1|68|489	SenT030.11.g131	68.764	445	99	8	1	422	66	493	0.0	602
PF3D7_1100100|CIDRa|1|490|804	PC0070-C.g350	81.587	315	49	2	1	315	477	782	8.05e-159	487
PF3D7_1100100|CIDRa|1|490|804	PfKE02.g251	81.587	315	49	2	1	315	477	782	9.03e-159	487
PF3D7_1100100|CIDRa|1|490|804	PA0228-C.g4794	74.448	317	66	3	1	314	500	804	4.56e-145	449
PF3D7_1100100|CIDRa|1|490|804	QG0271-C.g806	74.448	317	66	3	1	314	496	800	1.06e-144	448
PF3D7_1100100|CIDRa|1|490|804	QG0269-C.g644	74.448	317	66	3	1	314	496	800	1.06e-144	448
PF3D7_1100100|DBLd|1|888|1406	QE0399-C.g43	54.444	540	188	14	1	519	301	803	1.48e-167	503
PF3D7_1100100|DBLd|1|888|1406	QE0438-C.g948	54.444	540	188	14	1	519	301	803	5.78e-166	503
PF3D7_1100100|DBLd|1|888|1406	PM0161-C.g3122	50.777	579	200	15	1	519	83	636	5.61e-165	496
PF3D7_1100100|DBLd|1|888|1406	QE0424-C.g827	54.259	540	189	14	1	519	301	803	1.69e-164	499
PF3D7_1100100|DBLd|1|888|1406	PT0240-C.g716	54.845	547	174	14	1	519	844	1345	8.31e-163	506
PF3D7_1100100|DBLd|1|888|1406	PT0240-C.g716	24.675	308	167	11	231	519	233	494	3.28e-12	72.0
PF3D7_1100100|CIDRb|1|1407|1659	PA0102-C.g71	93.281	253	17	0	1	253	2617	2869	3.62e-148	459
PF3D7_1100100|CIDRb|1|1407|1659	PC0059-C.g569	93.281	253	17	0	1	253	2290	2542	6.69e-148	459
PF3D7_1100100|CIDRb|1|1407|1659	QG0253-C.g2477	72.619	252	64	2	1	250	2365	2613	1.47e-103	332
PF3D7_1100100|CIDRb|1|1407|1659	PT0303-Cx.g2225	67.323	254	77	4	1	253	1373	1621	1.46e-102	328
PF3D7_1100100|CIDRb|1|1407|1659	PA0021-C.g667	64.504	262	84	5	1	253	609	870	3.33e-102	320
PF3D7_1100100|ATS|1|1752|2182	PFKE09.g563	84.424	443	56	5	1	431	775	1216	0.0	729
PF3D7_1100100|ATS|1|1752|2182	PH0121-CW.g102	80.182	439	69	4	1	431	802	1230	0.0	687
PF3D7_1100100|ATS|1|1752|2182	PV0147-C.g7	78.104	443	81	5	1	431	1761	2199	0.0	686
PF3D7_1100100|ATS|1|1752|2182	PV0028-C.g31	75.641	468	65	9	1	431	1737	2192	0.0	678
PF3D7_1100100|ATS|1|1752|2182	PF0456-C.g548	78.097	452	75	6	1	431	1099	1547	0.0	670
PF3D7_1100200|NTS|1|1|70	SenT022.11.g773	100.000	70	0	0	1	70	1	70	3.05e-42	147
PF3D7_1100200|NTS|1|1|70	PC0070-C.g498	100.000	70	0	0	1	70	1	70	3.81e-42	146
PF3D7_1100200|NTS|1|1|70	PM0100-C.g2527	98.571	70	1	0	1	70	1	70	5.21e-42	146
PF3D7_1100200|NTS|1|1|70	PF0784-C.g633	100.000	70	0	0	1	70	1	70	2.79e-39	138
PF3D7_1100200|NTS|1|1|70	PF0489-C.g610	100.000	70	0	0	1	70	1	70	4.51e-39	138
PF3D7_1100200|DBLa|1|71|473	PA0045-C.g298	100.000	403	0	0	1	403	71	473	0.0	838
PF3D7_1100200|DBLa|1|71|473	PA0045-C.g298	28.308	325	185	10	121	403	1879	2197	2.01e-20	96.3
PF3D7_1100200|DBLa|1|71|473	PA0045-C.g298	25.291	344	195	11	29	348	1282	1587	9.08e-19	91.3
PF3D7_1100200|DBLa|1|71|473	PA0045-C.g298	24.595	370	209	12	38	397	912	1221	1.54e-17	87.4
PF3D7_1100200|DBLa|1|71|473	PA0017-C.g181	100.000	403	0	0	1	403	71	473	0.0	838
PF3D7_1100200|DBLa|1|71|473	PA0017-C.g181	28.308	325	185	10	121	403	1879	2197	2.01e-20	96.3
PF3D7_1100200|DBLa|1|71|473	PA0017-C.g181	25.291	344	195	11	29	348	1282	1587	9.08e-19	91.3
PF3D7_1100200|DBLa|1|71|473	PA0017-C.g181	24.595	370	209	12	38	397	912	1221	1.54e-17	87.4
PF3D7_1100200|DBLa|1|71|473	PF0784-C.g633	100.000	403	0	0	1	403	71	473	0.0	836
PF3D7_1100200|DBLa|1|71|473	PF0784-C.g633	25.890	309	161	12	51	339	877	1137	1.17e-15	81.6
PF3D7_1100200|DBLa|1|71|473	SenT022.11.g773	100.000	403	0	0	1	403	71	473	0.0	834
PF3D7_1100200|DBLa|1|71|473	QE0414-C.g357	82.222	405	51	4	1	403	71	456	0.0	673
PF3D7_1100200|DBLa|1|71|473	QE0414-C.g357	35.652	230	131	6	188	403	1418	1644	7.09e-33	133
PF3D7_1100200|DBLa|1|71|473	QE0414-C.g357	31.095	283	148	10	58	335	2061	2301	2.84e-26	114
PF3D7_1100200|DBLa|1|71|473	QE0414-C.g357	25.852	352	210	12	46	380	912	1229	2.30e-10	65.1
PF3D7_1100200|CIDRg|1|474|728	SenT022.11.g773	100.000	255	0	0	1	255	474	728	0.0	527
PF3D7_1100200|CIDRg|1|474|728	SenT185.10.g1867	100.000	255	0	0	1	255	260	514	1.58e-177	526
PF3D7_1100200|CIDRg|1|474|728	PF0784-C.g633	100.000	255	0	0	1	255	474	728	1.06e-176	527
PF3D7_1100200|CIDRg|1|474|728	PA0045-C.g298	100.000	255	0	0	1	255	474	728	4.66e-173	530
PF3D7_1100200|CIDRg|1|474|728	PA0045-C.g298	31.532	222	135	4	35	250	2234	2444	3.34e-23	100
PF3D7_1100200|CIDRg|1|474|728	PA0017-C.g181	100.000	255	0	0	1	255	474	728	4.66e-173	530
PF3D7_1100200|CIDRg|1|474|728	PA0017-C.g181	31.532	222	135	4	35	250	2234	2444	3.34e-23	100
PF3D7_1100200|DBLg|1|862|1209	PT0008-CW.g59	91.193	352	27	1	1	348	926	1277	0.0	662
PF3D7_1100200|DBLg|1|862|1209	PT0008-CW.g59	36.119	371	181	12	1	322	1282	1645	1.18e-52	189
PF3D7_1100200|DBLg|1|862|1209	PT0008-CW.g59	27.508	309	171	11	21	298	2067	2353	2.54e-16	82.8
PF3D7_1100200|DBLg|1|862|1209	PT0008-CW.g59	25.850	294	166	10	40	293	128	409	2.04e-15	80.1
PF3D7_1100200|DBLg|1|862|1209	PM0062-C.g613	89.971	349	34	1	1	348	894	1242	0.0	619
PF3D7_1100200|DBLg|1|862|1209	PM0062-C.g613	41.243	354	159	12	1	320	2402	2740	5.17e-62	216
PF3D7_1100200|DBLg|1|862|1209	PM0062-C.g613	35.484	341	164	11	1	293	1247	1579	3.91e-47	173
PF3D7_1100200|DBLg|1|862|1209	PM0062-C.g613	26.724	348	194	12	1	312	2007	2329	1.82e-18	89.4
PF3D7_1100200|DBLg|1|862|1209	PM0062-C.g613	26.176	340	184	11	31	318	114	438	1.70e-13	74.3
PF3D7_1100200|DBLg|1|862|1209	PA0262-C.g127	81.180	356	59	2	1	348	827	1182	0.0	591
PF3D7_1100200|DBLg|1|862|1209	PA0262-C.g127	38.830	376	184	16	1	348	2351	2708	8.09e-62	216
PF3D7_1100200|DBLg|1|862|1209	PA0262-C.g127	35.831	307	132	10	42	286	1234	1537	2.66e-44	165
PF3D7_1100200|DBLg|1|862|1209	PA0262-C.g127	26.496	351	179	16	1	312	1975	2285	4.16e-17	85.1
PF3D7_1100200|DBLg|1|862|1209	PA0262-C.g127	25.939	293	154	8	41	286	126	402	2.97e-15	79.7
PF3D7_1100200|DBLg|1|862|1209	PM0093-C.g1324	80.337	356	62	2	1	348	881	1236	0.0	582
PF3D7_1100200|DBLg|1|862|1209	PM0093-C.g1324	38.564	376	185	16	1	348	2417	2774	2.76e-61	214
PF3D7_1100200|DBLg|1|862|1209	PM0093-C.g1324	37.500	344	155	11	1	286	1241	1582	2.48e-53	191
PF3D7_1100200|DBLg|1|862|1209	PM0093-C.g1324	25.357	280	160	8	41	286	126	390	1.31e-15	80.9
PF3D7_1100200|DBLg|1|862|1209	PM0093-C.g1324	25.697	323	183	13	30	312	2046	2351	1.57e-15	80.5
PF3D7_1100200|DBLg|1|862|1209	SenT130.09.g413	81.143	350	63	2	1	348	888	1236	0.0	575
PF3D7_1100200|DBLg|1|862|1209	SenT130.09.g413	36.842	342	154	13	1	285	1241	1577	4.38e-50	182
PF3D7_1100200|DBLg|1|862|1209	SenT130.09.g413	26.644	289	172	9	30	293	2037	2310	2.97e-16	82.8
PF3D7_1100200|DBLg|1|862|1209	SenT130.09.g413	23.077	286	163	9	39	285	123	390	9.90e-13	72.0
PF3D7_1100200|DBLd|1|1214|1629	QG0216-C.g416	76.978	417	79	6	1	416	1110	1510	0.0	609
PF3D7_1100200|DBLd|1|1214|1629	QG0216-C.g416	33.333	399	197	16	1	393	2268	2603	2.11e-45	171
PF3D7_1100200|DBLd|1|1214|1629	QG0216-C.g416	29.226	349	185	9	46	387	791	1084	1.81e-31	129
PF3D7_1100200|DBLd|1|1214|1629	QG0216-C.g416	29.967	307	162	9	142	416	180	465	9.83e-24	106
PF3D7_1100200|DBLd|1|1214|1629	PF0263-C.g191	76.739	417	80	6	1	416	1292	1692	0.0	600
PF3D7_1100200|DBLd|1|1214|1629	PF0263-C.g191	35.833	360	179	11	32	387	955	1266	1.77e-47	177
PF3D7_1100200|DBLd|1|1214|1629	PF0263-C.g191	30.872	298	173	8	142	416	187	474	1.95e-29	123
PF3D7_1100200|DBLd|1|1214|1629	QE0451-C.g956	73.488	430	97	7	1	416	1552	1978	0.0	595
PF3D7_1100200|DBLd|1|1214|1629	QE0451-C.g956	32.242	397	195	14	1	393	2725	3051	2.49e-42	161
PF3D7_1100200|DBLd|1|1214|1629	QE0451-C.g956	30.670	388	196	15	1	381	1200	1521	1.53e-37	147
PF3D7_1100200|DBLd|1|1214|1629	QE0451-C.g956	30.132	302	177	8	139	416	178	469	4.67e-26	113
PF3D7_1100200|DBLd|1|1214|1629	PM0090-C.g779	73.721	430	95	8	1	416	1560	1985	0.0	594
PF3D7_1100200|DBLd|1|1214|1629	PM0090-C.g779	32.242	397	195	14	1	393	2732	3058	2.98e-42	161
PF3D7_1100200|DBLd|1|1214|1629	PM0090-C.g779	32.447	376	179	17	3	370	1211	1519	3.22e-35	140
PF3D7_1100200|DBLd|1|1214|1629	PM0090-C.g779	28.526	312	160	8	142	416	184	469	7.94e-27	115
PF3D7_1100200|DBLd|1|1214|1629	PM0090-C.g779	22.086	326	173	12	50	359	843	1103	4.20e-07	55.1
PF3D7_1100200|DBLd|1|1214|1629	PM0144-C.g537	73.256	430	98	7	1	416	944	1370	0.0	593
PF3D7_1100200|CIDRb|1|1630|1885	SenT114.09.g1616	100.000	255	0	0	2	256	1	255	1.04e-176	523
PF3D7_1100200|CIDRb|1|1630|1885	QG0216-C.g416	96.875	256	8	0	1	256	1511	1766	6.84e-163	501
PF3D7_1100200|CIDRb|1|1630|1885	PA0134-C.g241	94.531	256	14	0	1	256	1530	1785	1.52e-159	492
PF3D7_1100200|CIDRb|1|1630|1885	PA0134-C.g241	31.679	262	158	7	1	252	464	714	1.00e-29	119
PF3D7_1100200|CIDRb|1|1630|1885	PF0789-C.g133	94.531	256	14	0	1	256	1530	1785	1.74e-159	492
PF3D7_1100200|CIDRb|1|1630|1885	PF0789-C.g133	31.679	262	158	7	1	252	464	714	1.08e-29	119
PF3D7_1100200|CIDRb|1|1630|1885	PT0008-CW.g59	94.141	256	15	0	1	256	1681	1936	7.77e-159	490
PF3D7_1100200|CIDRb|1|1630|1885	PT0008-CW.g59	30.000	260	173	7	1	256	476	730	4.25e-28	115
PF3D7_1100200|DBLb|1|1922|2378	PM0159-C.g769	72.609	460	119	4	1	457	2184	2639	0.0	693
PF3D7_1100200|DBLb|1|1922|2378	PM0159-C.g769	38.669	481	220	15	1	457	683	1112	5.24e-85	287
PF3D7_1100200|DBLb|1|1922|2378	PM0159-C.g769	28.713	303	175	8	91	370	94	378	1.24e-28	122
PF3D7_1100200|DBLb|1|1922|2378	PM0159-C.g769	28.794	257	143	10	123	364	2699	2930	1.62e-13	75.9
PF3D7_1100200|DBLb|1|1922|2378	PM0159-C.g769	24.658	292	169	8	125	385	1173	1444	1.08e-09	63.5
PF3D7_1100200|DBLb|1|1922|2378	PM0159-C.g769	24.742	291	154	12	193	430	1622	1900	5.88e-08	58.2
PF3D7_1100200|DBLb|1|1922|2378	PT0017-CW.g404	74.353	464	106	7	1	457	2273	2730	0.0	685
PF3D7_1100200|DBLb|1|1922|2378	PT0017-CW.g404	43.849	504	212	13	1	457	733	1212	2.25e-115	375
PF3D7_1100200|DBLb|1|1922|2378	PT0017-CW.g404	30.797	276	144	10	91	338	94	350	2.45e-24	109
PF3D7_1100200|DBLb|1|1922|2378	PT0017-CW.g404	24.706	340	209	11	71	396	1225	1531	5.29e-13	73.9
PF3D7_1100200|DBLb|1|1922|2378	PT0017-CW.g404	22.754	334	195	8	117	409	2784	3095	1.30e-12	72.8
PF3D7_1100200|DBLb|1|1922|2378	PT0041-C.g52	74.138	464	108	6	1	457	2272	2730	0.0	682
PF3D7_1100200|DBLb|1|1922|2378	PT0041-C.g52	43.738	503	213	12	1	457	733	1211	4.58e-116	377
PF3D7_1100200|DBLb|1|1922|2378	PT0041-C.g52	30.797	276	144	10	91	338	94	350	2.96e-24	108
PF3D7_1100200|DBLb|1|1922|2378	PT0041-C.g52	24.706	340	209	11	71	396	1224	1530	6.96e-13	73.6
PF3D7_1100200|DBLb|1|1922|2378	PT0041-C.g52	22.754	334	195	8	117	409	2784	3095	1.82e-12	72.4
PF3D7_1100200|DBLb|1|1922|2378	PM0024-C.g834	71.242	459	127	3	1	457	2236	2691	0.0	681
PF3D7_1100200|DBLb|1|1922|2378	PM0024-C.g834	46.624	474	200	20	1	457	740	1177	1.13e-108	355
PF3D7_1100200|DBLb|1|1922|2378	PM0024-C.g834	29.429	350	190	9	79	391	76	405	4.22e-35	141
PF3D7_1100200|DBLb|1|1922|2378	PM0024-C.g834	29.389	262	141	10	120	364	2750	2984	4.00e-18	90.1
PF3D7_1100200|DBLb|1|1922|2378	PM0024-C.g834	23.529	306	194	8	125	410	1240	1525	6.75e-16	83.2
PF3D7_1100200|DBLb|1|1922|2378	PH0604-C.g80	74.187	461	109	6	1	457	1874	2328	0.0	673
PF3D7_1100200|DBLb|1|1922|2378	PH0604-C.g80	31.933	238	124	8	126	344	131	349	8.11e-27	116
PF3D7_1100200|DBLb|1|1922|2378	PH0604-C.g80	22.222	342	196	9	125	421	862	1178	9.53e-13	73.2
PF3D7_1100200|DBLb|1|1922|2378	PH0604-C.g80	22.956	318	155	11	193	431	2599	2905	6.82e-07	54.7
PF3D7_1100200|ATS|1|2553|2994	PD0507-C.g826	84.842	442	64	3	2	442	2910	3349	0.0	759
PF3D7_1100200|ATS|1|2553|2994	PF0489-C.g117	84.270	445	65	4	1	442	2944	3386	0.0	750
PF3D7_1100200|ATS|1|2553|2994	PfKE02.g50	85.294	442	59	4	7	442	2571	3012	0.0	748
PF3D7_1100200|ATS|1|2553|2994	PFKE11.g264	83.964	449	65	4	1	442	2779	3227	0.0	745
PF3D7_1100200|ATS|1|2553|2994	PV0089-C.g15	82.921	445	63	4	1	442	2331	2765	0.0	738
PF3D7_1150400|NTS|1|1|70	PA0041-C.g668	100.000	70	0	0	1	70	1	70	2.00e-40	142
PF3D7_1150400|NTS|1|1|70	PD0667-C.g276	100.000	70	0	0	1	70	1	70	8.91e-40	140
PF3D7_1150400|NTS|1|1|70	PH0516-C.g48	100.000	70	0	0	1	70	1	70	2.97e-39	138
PF3D7_1150400|NTS|1|1|70	QG0243-C.g382	87.143	70	9	0	1	70	1	70	7.76e-35	125
PF3D7_1150400|NTS|1|1|70	PA0165-C.g278	87.143	70	9	0	1	70	1	70	7.91e-35	125
PF3D7_1150400|DBLa|1|71|469	PA0041-C.g668	97.744	399	9	0	1	399	71	469	0.0	821
PF3D7_1150400|DBLa|1|71|469	PA0041-C.g668	31.679	262	147	10	1	245	788	1034	4.01e-28	119
PF3D7_1150400|DBLa|1|71|469	PA0041-C.g668	26.899	316	174	12	114	399	2753	3041	1.40e-21	99.8
PF3D7_1150400|DBLa|1|71|469	PA0041-C.g668	26.769	325	202	10	14	334	2008	2300	1.04e-19	94.0
PF3D7_1150400|DBLa|1|71|469	PA0041-C.g668	26.457	223	144	8	49	261	1277	1489	8.42e-11	66.6
PF3D7_1150400|DBLa|1|71|469	PA0041-C.g668	22.751	378	220	13	47	399	1647	1977	2.24e-10	65.1
PF3D7_1150400|DBLa|1|71|469	PH0516-C.g48	88.471	399	46	0	1	399	71	469	0.0	731
PF3D7_1150400|DBLa|1|71|469	PH0516-C.g48	30.946	349	181	16	7	336	794	1101	1.02e-31	130
PF3D7_1150400|DBLa|1|71|469	PH0516-C.g48	25.826	333	181	13	44	348	1255	1549	9.49e-11	66.2
PF3D7_1150400|DBLa|1|71|469	PD0667-C.g276	88.471	399	46	0	1	399	71	469	0.0	730
PF3D7_1150400|DBLa|1|71|469	PD0667-C.g276	32.378	349	176	18	7	336	794	1101	1.15e-31	129
PF3D7_1150400|DBLa|1|71|469	PD0667-C.g276	25.826	333	181	13	44	348	1255	1549	8.17e-11	66.6
PF3D7_1150400|DBLa|1|71|469	PF0524-C.g91	84.962	399	60	0	1	399	71	469	0.0	719
PF3D7_1150400|DBLa|1|71|469	PF0524-C.g91	32.471	348	182	17	7	336	792	1104	2.40e-31	129
PF3D7_1150400|DBLa|1|71|469	PF0524-C.g91	30.435	184	116	6	223	399	2807	2985	3.83e-12	70.9
PF3D7_1150400|DBLa|1|71|469	PF0524-C.g91	23.776	286	165	12	51	321	2031	2278	5.70e-12	70.1
PF3D7_1150400|DBLa|1|71|469	PF0524-C.g91	22.789	294	171	10	42	321	1658	1909	3.87e-08	58.2
PF3D7_1150400|DBLa|1|71|469	QE0470-C.g967	86.000	400	54	2	1	399	71	469	0.0	717
PF3D7_1150400|DBLa|1|71|469	QE0470-C.g967	32.203	354	187	13	55	387	1344	1665	7.03e-34	136
PF3D7_1150400|DBLa|1|71|469	QE0470-C.g967	29.193	322	175	14	8	318	795	1074	4.26e-26	113
PF3D7_1150400|DBLa|1|71|469	QE0470-C.g967	23.133	415	241	14	48	399	2273	2672	9.28e-15	79.0
PF3D7_1150400|DBLa|1|71|469	QE0470-C.g967	23.707	232	137	6	51	258	1744	1959	3.37e-08	58.2
PF3D7_1150400|CIDRa|1|470|719	PA0041-C.g668	93.200	250	17	0	1	250	470	719	2.46e-149	462
PF3D7_1150400|CIDRa|1|470|719	PA0041-C.g668	29.845	258	158	10	1	242	3042	3292	1.82e-09	60.1
PF3D7_1150400|CIDRa|1|470|719	PA0041-C.g519	84.000	250	40	0	1	250	480	729	1.41e-135	423
PF3D7_1150400|CIDRa|1|470|719	PA0041-C.g519	27.273	187	117	5	58	235	2413	2589	2.48e-11	65.9
PF3D7_1150400|CIDRa|1|470|719	SenT105.07.g13	85.259	251	35	2	1	250	472	721	5.46e-133	416
PF3D7_1150400|CIDRa|1|470|719	PM0152-C.g50	84.064	251	38	2	1	250	397	646	6.33e-132	407
PF3D7_1150400|CIDRa|1|470|719	PA0195-C.g193	84.064	251	38	2	1	250	470	719	8.06e-131	409
PF3D7_1150400|DBLb|1|728|1214	PA0041-C.g519	98.152	487	9	0	1	487	738	1224	0.0	1006
PF3D7_1150400|DBLb|1|728|1214	PA0041-C.g519	43.454	527	207	15	1	487	1256	1731	4.25e-116	378
PF3D7_1150400|DBLb|1|728|1214	PA0041-C.g519	33.846	260	118	11	109	324	129	378	5.36e-29	124
PF3D7_1150400|DBLb|1|728|1214	PA0104-C.g52	71.598	507	117	9	1	487	730	1229	0.0	707
PF3D7_1150400|DBLb|1|728|1214	PA0104-C.g52	32.154	311	153	16	77	342	92	389	1.97e-26	116
PF3D7_1150400|DBLb|1|728|1214	PA0104-C.g52	23.434	431	198	14	108	487	1324	1673	4.07e-20	96.7
PF3D7_1150400|DBLb|1|728|1214	PA0104-C.g52	27.273	319	165	14	63	343	1697	1986	8.16e-17	86.3
PF3D7_1150400|DBLb|1|728|1214	QG0293-C.g1021	69.745	509	127	5	1	487	736	1239	0.0	706
PF3D7_1150400|DBLb|1|728|1214	QG0293-C.g1021	41.980	505	210	14	11	487	1268	1717	6.73e-103	340
PF3D7_1150400|DBLb|1|728|1214	QG0293-C.g1021	33.654	208	97	8	109	285	126	323	7.70e-24	108
PF3D7_1150400|DBLb|1|728|1214	PF0158-C.g763	70.238	504	127	6	1	487	736	1233	0.0	706
PF3D7_1150400|DBLb|1|728|1214	PF0158-C.g763	48.919	509	186	14	1	487	1265	1721	3.09e-132	424
PF3D7_1150400|DBLb|1|728|1214	PF0158-C.g763	33.654	208	97	9	109	285	126	323	1.55e-23	107
PF3D7_1150400|DBLb|1|728|1214	PA0187-C.g122	71.856	501	116	10	1	487	731	1220	0.0	704
PF3D7_1150400|DBLb|1|728|1214	PA0187-C.g122	30.052	386	205	20	7	342	20	390	3.90e-28	121
PF3D7_1150400|DBLb|1|728|1214	PA0187-C.g122	26.198	313	169	13	63	342	1641	1924	4.06e-14	77.8
PF3D7_1150400|DBLb|1|728|1214	PA0187-C.g122	24.917	301	163	13	75	342	1282	1552	2.42e-11	68.9
PF3D7_1150400|DBLb|2|1248|1695	PF0368-C.g499	69.099	466	120	5	7	448	278	743	0.0	639
PF3D7_1150400|DBLb|2|1248|1695	PF0368-C.g499	29.204	452	223	17	59	448	766	1182	1.50e-35	142
PF3D7_1150400|DBLb|2|1248|1695	PF0368-C.g499	27.632	304	151	12	79	345	1214	1485	6.42e-15	80.1
PF3D7_1150400|DBLb|2|1248|1695	PC0113-C.g934	69.099	466	120	5	7	448	911	1376	0.0	637
PF3D7_1150400|DBLb|2|1248|1695	PC0113-C.g934	28.884	457	218	15	59	448	1399	1815	1.36e-35	142
PF3D7_1150400|DBLb|2|1248|1695	PC0113-C.g934	28.689	366	192	12	44	356	54	403	5.68e-29	123
PF3D7_1150400|DBLb|2|1248|1695	PC0113-C.g934	28.387	310	155	12	79	346	1847	2131	4.78e-18	89.7
PF3D7_1150400|DBLb|2|1248|1695	PA0254-C.g594	68.000	475	124	7	1	448	666	1139	0.0	629
PF3D7_1150400|DBLb|2|1248|1695	PA0254-C.g594	41.061	509	225	12	1	448	133	627	9.35e-103	338
PF3D7_1150400|DBLb|2|1248|1695	PA0254-C.g594	27.758	281	137	9	109	345	1590	1848	1.78e-16	84.7
PF3D7_1150400|DBLb|2|1248|1695	PA0254-C.g594	25.373	335	164	11	59	346	1162	1457	1.66e-15	81.6
PF3D7_1150400|DBLb|2|1248|1695	QE0455-C.g546	65.293	461	139	8	3	448	886	1340	0.0	577
PF3D7_1150400|DBLb|2|1248|1695	QE0455-C.g546	44.969	487	218	11	1	448	393	868	4.01e-116	376
PF3D7_1150400|DBLb|2|1248|1695	PM0127-C.g309	64.530	468	138	10	7	448	545	1010	0.0	566
PF3D7_1150400|DBLb|2|1248|1695	PM0127-C.g309	39.223	515	219	14	1	448	35	522	2.18e-94	310
PF3D7_1150400|DBLd|1|1870|2296	PF0456-C.g547	67.512	434	119	7	1	427	1132	1550	2.05e-175	546
PF3D7_1150400|DBLd|1|1870|2296	PF0456-C.g547	40.072	277	143	8	163	427	190	455	1.62e-51	189
PF3D7_1150400|DBLd|1|1870|2296	PF0456-C.g547	33.607	366	170	13	1	357	755	1056	2.62e-44	167
PF3D7_1150400|DBLd|1|1870|2296	PF0456-C.g547	19.683	315	166	5	58	372	2709	2936	3.57e-10	64.7
PF3D7_1150400|DBLd|1|1870|2296	PF0456-C.g547	23.404	329	171	12	61	364	2310	2582	2.49e-08	58.9
PF3D7_1150400|DBLd|1|1870|2296	PT0141-C.g1137	67.512	434	119	7	1	427	1132	1550	2.07e-175	546
PF3D7_1150400|DBLd|1|1870|2296	PT0141-C.g1137	40.433	277	142	8	163	427	190	455	3.86e-52	191
PF3D7_1150400|DBLd|1|1870|2296	PT0141-C.g1137	33.607	366	170	13	1	357	755	1056	2.59e-44	167
PF3D7_1150400|DBLd|1|1870|2296	PT0141-C.g1137	19.683	315	166	5	58	372	2709	2936	3.66e-10	64.7
PF3D7_1150400|DBLd|1|1870|2296	PT0141-C.g1137	23.404	329	171	12	61	364	2310	2582	2.53e-08	58.9
PF3D7_1150400|DBLd|1|1870|2296	PT0071-C.g1041	67.352	438	124	8	1	427	1136	1565	1.10e-174	544
PF3D7_1150400|DBLd|1|1870|2296	PT0071-C.g1041	32.215	298	144	6	60	357	813	1052	1.30e-43	166
PF3D7_1150400|DBLd|1|1870|2296	PT0071-C.g1041	33.569	283	161	8	163	427	196	469	1.12e-39	154
PF3D7_1150400|DBLd|1|1870|2296	PT0071-C.g1041	23.111	225	128	4	148	372	2772	2951	3.51e-10	64.7
PF3D7_1150400|DBLd|1|1870|2296	PT0071-C.g1041	23.100	329	172	11	61	364	2325	2597	2.24e-08	59.3
PF3D7_1150400|DBLd|1|1870|2296	PA0085-C.g595	66.136	440	125	8	1	427	1135	1563	5.94e-170	530
PF3D7_1150400|DBLd|1|1870|2296	PA0085-C.g595	30.000	330	153	10	62	376	817	1083	2.54e-35	141
PF3D7_1150400|DBLd|1|1870|2296	PA0085-C.g595	29.795	292	169	10	163	427	197	479	2.90e-27	117
PF3D7_1150400|DBLd|1|1870|2296	PA0085-C.g595	19.683	315	166	5	58	372	2722	2949	4.28e-10	64.7
PF3D7_1150400|DBLd|1|1870|2296	PA0085-C.g595	23.404	329	171	12	61	364	2323	2595	3.23e-08	58.5
PF3D7_1150400|DBLd|1|1870|2296	PA0035-C.g462	66.136	440	125	8	1	427	1135	1563	5.94e-170	530
PF3D7_1150400|DBLd|1|1870|2296	PA0035-C.g462	30.000	330	153	10	62	376	817	1083	2.54e-35	141
PF3D7_1150400|DBLd|1|1870|2296	PA0035-C.g462	29.795	292	169	10	163	427	197	479	2.90e-27	117
PF3D7_1150400|DBLd|1|1870|2296	PA0035-C.g462	19.683	315	166	5	58	372	2722	2949	4.28e-10	64.7
PF3D7_1150400|DBLd|1|1870|2296	PA0035-C.g462	23.404	329	171	12	61	364	2323	2595	3.23e-08	58.5
PF3D7_1150400|CIDRg|1|2297|2554	PA0079-C.g369	88.417	259	29	1	1	258	476	734	2.37e-149	452
PF3D7_1150400|CIDRg|1|2297|2554	PM0038-C.g2062	90.079	252	25	0	1	252	156	407	6.26e-149	449
PF3D7_1150400|CIDRg|1|2297|2554	PA0049-C.g508	88.417	259	29	1	1	258	496	754	9.12e-148	452
PF3D7_1150400|CIDRg|1|2297|2554	PF0314-C.g374	88.417	259	29	1	1	258	2482	2740	4.09e-146	454
PF3D7_1150400|CIDRg|1|2297|2554	PF0314-C.g374	30.045	223	131	10	37	248	499	707	6.13e-14	73.6
PF3D7_1150400|CIDRg|1|2297|2554	QG0247-C.g1941	90.079	252	25	0	1	252	2128	2379	1.03e-145	452
PF3D7_1150400|ATS|1|2699|3119	PFKE07.g1073	83.452	423	58	6	1	421	3671	4083	0.0	696
PF3D7_1150400|ATS|1|2699|3119	QE0448-C.g49	82.028	434	58	8	1	421	2723	3149	0.0	696
PF3D7_1150400|ATS|1|2699|3119	PC0113-C.g1115	81.250	432	60	6	1	421	3496	3917	0.0	694
PF3D7_1150400|ATS|1|2699|3119	PD0569-C.g128	80.410	439	66	4	1	421	2498	2934	0.0	691
PF3D7_1150400|ATS|1|2699|3119	PFKE01.g6	81.019	432	64	6	1	421	2709	3133	0.0	689
PF3D7_1200100|NTS|1|1|69	PT0102-C.g904	91.304	69	6	0	1	69	1	69	3.79e-37	132
PF3D7_1200100|NTS|1|1|69	PA0052-C.g525	91.304	69	6	0	1	69	1	69	1.24e-36	130
PF3D7_1200100|NTS|1|1|69	PA0101-C.g447	91.304	69	6	0	1	69	1	69	1.34e-36	130
PF3D7_1200100|NTS|1|1|69	PA0020-C.g392	91.304	69	6	0	1	69	1	69	1.34e-36	130
PF3D7_1200100|NTS|1|1|69	PA0193-C.g330	89.855	69	7	0	1	69	1	69	2.50e-36	130
PF3D7_1200100|DBLa|1|70|490	QG0246-C.g3442	81.473	421	78	0	1	421	64	484	0.0	717
PF3D7_1200100|DBLa|1|70|490	QG0246-C.g3442	33.645	107	68	2	230	333	1189	1295	1.40e-11	69.3
PF3D7_1200100|DBLa|1|70|490	PA0081-C.g231	81.797	423	75	1	1	421	71	493	0.0	712
PF3D7_1200100|DBLa|1|70|490	PA0081-C.g231	30.725	345	176	12	53	383	1766	2061	9.80e-33	133
PF3D7_1200100|DBLa|1|70|490	PA0081-C.g231	25.907	193	102	4	183	338	1128	1316	3.85e-12	70.9
PF3D7_1200100|DBLa|1|70|490	PA0081-C.g231	24.653	288	155	10	40	327	2138	2363	6.76e-12	70.1
PF3D7_1200100|DBLa|1|70|490	PA0053-C.g3	81.324	423	75	2	1	421	67	487	0.0	705
PF3D7_1200100|DBLa|1|70|490	PA0101-C.g447	80.760	421	80	1	1	421	70	489	0.0	702
PF3D7_1200100|DBLa|1|70|490	PA0101-C.g447	32.576	132	83	4	212	342	1108	1234	7.83e-12	70.1
PF3D7_1200100|DBLa|1|70|490	PA0020-C.g392	80.760	421	80	1	1	421	70	489	0.0	702
PF3D7_1200100|DBLa|1|70|490	PA0020-C.g392	32.576	132	83	4	212	342	1108	1234	7.83e-12	70.1
PF3D7_1200100|CIDRa|1|491|744	PA0081-C.g231	75.686	255	59	2	1	252	494	748	7.13e-119	375
PF3D7_1200100|CIDRa|1|491|744	PF0424-C.g458	66.667	267	74	4	1	254	489	753	1.23e-108	345
PF3D7_1200100|CIDRa|1|491|744	PT0206-Cx.g105	66.397	247	80	3	1	247	398	641	1.49e-106	332
PF3D7_1200100|CIDRa|1|491|744	QG0194-C.g930	66.265	249	78	3	1	246	482	727	3.87e-106	338
PF3D7_1200100|CIDRa|1|491|744	PH0361-C.g433	64.844	256	82	4	1	254	186	435	4.71e-105	334
PF3D7_1200100|DBLd|1|830|1325	PC0118-C.g300	55.268	541	154	18	1	496	801	1298	6.64e-163	504
PF3D7_1200100|DBLd|1|830|1325	PC0118-C.g300	30.000	180	116	3	327	496	295	474	7.44e-17	86.7
PF3D7_1200100|DBLd|1|830|1325	PT0106-C.g760	52.857	560	173	16	1	496	912	1444	3.95e-152	478
PF3D7_1200100|DBLd|1|830|1325	PT0106-C.g760	28.488	172	106	4	327	482	300	470	4.21e-11	68.2
PF3D7_1200100|DBLd|1|830|1325	SenT058.11.g928	51.267	513	196	13	1	496	300	775	1.16e-146	451
PF3D7_1200100|DBLd|1|830|1325	SenT125.11.g397	50.376	532	203	19	1	496	788	1294	5.51e-144	453
PF3D7_1200100|DBLd|1|830|1325	SenT125.11.g397	32.653	147	86	5	327	464	240	382	1.62e-11	69.7
PF3D7_1200100|DBLd|1|830|1325	QE0481-C.g956	49.522	523	207	11	1	496	842	1334	3.73e-143	452
PF3D7_1200100|DBLd|1|830|1325	QE0481-C.g956	21.939	392	213	12	50	435	100	404	2.49e-11	68.9
PF3D7_1200100|CIDRb|1|1326|1573	PM0152-C.g666	95.781	237	10	0	1	237	1577	1813	2.15e-154	474
PF3D7_1200100|CIDRb|1|1326|1573	PM0117-C.g610	64.490	245	79	3	1	237	1429	1673	2.30e-92	299
PF3D7_1200100|CIDRb|1|1326|1573	PC0047-C.g180	61.508	252	87	4	5	246	1661	1912	9.25e-91	295
PF3D7_1200100|CIDRb|1|1326|1573	QE0414-C.g662	61.200	250	89	3	5	246	1372	1621	3.23e-90	293
PF3D7_1200100|CIDRb|1|1326|1573	PF0400-C.g461	59.846	259	92	4	1	247	1042	1300	3.85e-90	292
PF3D7_1200100|ATS|1|1673|2178	PV0211-C.g126	76.879	519	93	8	1	506	841	1345	0.0	742
PF3D7_1200100|ATS|1|1673|2178	PA0270-C.g443	75.296	506	74	8	1	506	2185	2639	0.0	716
PF3D7_1200100|ATS|1|1673|2178	PFKE12.g465	71.157	527	94	12	1	506	1773	2262	0.0	691
PF3D7_1200100|ATS|1|1673|2178	PV0139-C.g62	73.805	523	115	9	1	506	1704	2221	0.0	679
PF3D7_1200100|ATS|1|1673|2178	PA0245-C.g998	70.949	506	99	9	1	506	1706	2163	0.0	672
PF3D7_1200400|NTS|1|11|75	SenT036.10.g1541	85.938	64	9	0	1	64	1	64	5.91e-30	111
PF3D7_1200400|NTS|1|11|75	QG0287-C.g246	94.643	56	3	0	10	65	16	71	1.58e-28	107
PF3D7_1200400|NTS|1|11|75	PT0102-C.g845	73.438	64	17	0	1	64	1	64	4.57e-24	95.1
PF3D7_1200400|NTS|1|11|75	QG0190-C.g1085	70.312	64	19	0	2	65	8	71	8.36e-24	94.4
PF3D7_1200400|NTS|1|11|75	PA0085-C.g581	70.312	64	19	0	2	65	8	71	1.30e-23	93.6
PF3D7_1200400|DBLa|1|76|475	QG0209-C.g737	82.426	404	67	2	1	400	66	469	0.0	678
PF3D7_1200400|DBLa|1|76|475	QG0209-C.g737	34.756	328	157	12	52	351	857	1155	1.27e-39	153
PF3D7_1200400|DBLa|1|76|475	QG0209-C.g737	25.269	372	177	13	22	345	1293	1611	1.32e-14	78.2
PF3D7_1200400|DBLa|1|76|475	PT0189-Cx.g635	82.426	404	67	2	1	400	66	469	0.0	678
PF3D7_1200400|DBLa|1|76|475	PT0189-Cx.g635	34.756	328	157	12	52	351	857	1155	1.27e-39	153
PF3D7_1200400|DBLa|1|76|475	PT0189-Cx.g635	25.269	372	177	13	22	345	1293	1611	1.32e-14	78.2
PF3D7_1200400|DBLa|1|76|475	PF0456-C.g496	82.250	400	71	0	1	400	76	475	0.0	672
PF3D7_1200400|DBLa|1|76|475	PF0456-C.g496	33.945	327	158	12	52	351	864	1159	2.18e-36	143
PF3D7_1200400|DBLa|1|76|475	PF0456-C.g496	24.925	333	209	12	45	357	1288	1599	1.88e-12	71.6
PF3D7_1200400|DBLa|1|76|475	PV0234-C.g6	79.000	400	84	0	1	400	63	462	0.0	666
PF3D7_1200400|DBLa|1|76|475	PV0234-C.g6	34.576	295	163	11	1	276	802	1085	6.95e-36	142
PF3D7_1200400|DBLa|1|76|475	PV0234-C.g6	31.023	303	156	10	115	400	1787	2053	4.43e-32	131
PF3D7_1200400|DBLa|1|76|475	PV0234-C.g6	25.364	343	169	10	48	350	1290	1585	5.34e-15	79.7
PF3D7_1200400|DBLa|1|76|475	PF0737-C.g94	79.602	402	80	1	1	400	63	464	0.0	666
PF3D7_1200400|DBLa|1|76|475	PF0737-C.g94	32.424	330	166	13	1	316	804	1090	1.30e-34	138
PF3D7_1200400|DBLa|1|76|475	PF0737-C.g94	31.833	311	163	9	115	400	1732	2018	1.74e-34	138
PF3D7_1200400|DBLa|1|76|475	PF0737-C.g94	27.063	303	163	13	47	328	1249	1514	2.12e-15	80.9
PF3D7_1200400|CIDRa|1|476|728	PT0156-C.g32	100.000	253	0	0	1	253	451	703	7.68e-169	518
PF3D7_1200400|CIDRa|1|476|728	PT0156-C.g32	29.018	224	146	7	38	251	2044	2264	2.54e-11	65.9
PF3D7_1200400|CIDRa|1|476|728	QG0237-C.g2475	100.000	253	0	0	1	253	479	731	9.75e-169	517
PF3D7_1200400|CIDRa|1|476|728	PF0113-C.g591	82.213	253	45	0	1	253	277	529	1.93e-138	426
PF3D7_1200400|CIDRa|1|476|728	PT0095-C.g370	82.213	253	45	0	1	253	464	716	4.31e-137	427
PF3D7_1200400|CIDRa|1|476|728	PA0220-C.g1176	82.213	253	45	0	1	253	461	713	1.91e-136	422
PF3D7_1200400|DBLb|1|750|1225	QG0237-C.g2475	79.012	486	84	7	1	476	753	1230	0.0	755
PF3D7_1200400|DBLb|1|750|1225	QG0237-C.g2475	32.071	396	184	14	108	476	1719	2056	6.60e-43	165
PF3D7_1200400|DBLb|1|750|1225	QG0237-C.g2475	31.081	370	196	12	15	336	22	380	4.04e-35	142
PF3D7_1200400|DBLb|1|750|1225	QG0237-C.g2475	27.273	286	152	10	100	358	2097	2353	3.12e-15	81.3
PF3D7_1200400|DBLb|1|750|1225	QG0237-C.g2475	25.312	320	169	10	68	349	1250	1537	2.51e-13	75.1
PF3D7_1200400|DBLb|1|750|1225	PC0058-C.g282	67.828	488	137	6	1	476	739	1218	0.0	661
PF3D7_1200400|DBLb|1|750|1225	PC0058-C.g282	30.688	378	195	12	15	340	10	372	7.86e-36	144
PF3D7_1200400|DBLb|1|750|1225	PC0103-C.g324	65.510	490	147	7	1	476	743	1224	0.0	636
PF3D7_1200400|DBLb|1|750|1225	PC0103-C.g324	32.518	409	206	17	19	394	1628	1999	2.89e-43	166
PF3D7_1200400|DBLb|1|750|1225	PC0103-C.g324	26.223	511	299	16	15	463	18	512	2.45e-34	139
PF3D7_1200400|DBLb|1|750|1225	PC0103-C.g324	27.206	272	146	10	99	359	2082	2312	5.72e-20	96.3
PF3D7_1200400|DBLb|1|750|1225	PC0103-C.g324	24.521	261	144	10	115	349	1287	1520	6.17e-12	70.9
PF3D7_1200400|DBLb|1|750|1225	PT0048-C.g74	65.594	497	140	12	1	476	743	1229	0.0	620
PF3D7_1200400|DBLb|1|750|1225	PT0048-C.g74	28.180	511	290	19	15	463	17	512	4.30e-37	148
PF3D7_1200400|DBLb|1|750|1225	PT0048-C.g74	28.627	255	149	7	113	366	2452	2674	5.73e-21	99.4
PF3D7_1200400|DBLb|1|750|1225	PT0048-C.g74	23.920	301	165	10	115	374	1292	1569	2.21e-11	68.9
PF3D7_1200400|DBLb|1|750|1225	SenT136.09.g225	67.842	482	139	10	1	476	741	1212	0.0	620
PF3D7_1200400|DBLb|1|750|1225	SenT136.09.g225	33.641	434	216	16	62	476	1664	2044	9.22e-50	185
PF3D7_1200400|DBLb|1|750|1225	SenT136.09.g225	29.923	391	208	14	18	358	22	396	3.61e-34	139
PF3D7_1200400|DBLb|1|750|1225	SenT136.09.g225	28.287	251	152	7	115	354	1275	1508	1.21e-20	98.2
PF3D7_1200400|DBLb|1|750|1225	SenT136.09.g225	26.749	243	140	9	115	354	2101	2308	9.09e-13	73.6
PF3D7_1200400|DBLg|1|1243|1631	PT0299-Cx.g1133	69.059	404	98	7	1	389	1228	1619	4.06e-176	544
PF3D7_1200400|DBLg|1|1243|1631	PT0299-Cx.g1133	28.261	276	146	9	40	310	2106	2334	5.14e-20	94.7
PF3D7_1200400|DBLg|1|1243|1631	PT0299-Cx.g1133	25.828	302	161	9	37	296	106	386	1.33e-13	75.1
PF3D7_1200400|DBLg|1|1243|1631	PT0299-Cx.g1133	25.092	271	158	8	45	296	852	1096	4.35e-13	73.6
PF3D7_1200400|DBLg|1|1243|1631	PT0299-Cx.g1133	24.662	296	166	12	28	296	1708	1973	2.35e-10	65.1
PF3D7_1200400|DBLg|1|1243|1631	PA0075-C.g66	70.324	401	89	8	1	389	1235	1617	5.79e-174	531
PF3D7_1200400|DBLg|1|1243|1631	PA0075-C.g66	23.948	309	168	9	37	299	111	398	9.30e-14	75.5
PF3D7_1200400|DBLg|1|1243|1631	PA0075-C.g66	23.773	387	220	13	45	389	864	1217	8.51e-13	72.8
PF3D7_1200400|DBLg|1|1243|1631	PA0098-C.g262	66.334	401	112	8	1	389	1511	1900	3.36e-165	514
PF3D7_1200400|DBLg|1|1243|1631	PA0098-C.g262	33.333	378	183	14	1	321	803	1168	9.17e-49	179
PF3D7_1200400|DBLg|1|1243|1631	PA0098-C.g262	26.007	273	159	5	39	310	2383	2613	7.73e-23	103
PF3D7_1200400|DBLg|1|1243|1631	PA0098-C.g262	24.013	304	164	9	39	296	114	396	6.28e-17	85.5
PF3D7_1200400|DBLg|1|1243|1631	PA0098-C.g262	21.798	367	229	9	45	389	2003	2333	1.20e-14	78.6
PF3D7_1200400|DBLg|1|1243|1631	PA0263-C.g608	64.646	396	120	7	1	389	1228	1610	8.57e-164	504
PF3D7_1200400|DBLg|1|1243|1631	PA0263-C.g608	26.059	307	156	12	37	295	103	386	3.12e-14	77.0
PF3D7_1200400|DBLg|1|1243|1631	PA0263-C.g608	23.785	391	219	13	45	389	854	1211	1.81e-12	71.6
PF3D7_1200400|DBLg|1|1243|1631	PM0019-C.g159	86.395	294	37	3	1	292	1212	1504	2.00e-163	510
PF3D7_1200400|DBLg|1|1243|1631	PM0019-C.g159	32.425	367	173	14	42	341	1638	1996	2.60e-41	157
PF3D7_1200400|DBLg|1|1243|1631	PM0019-C.g159	26.117	291	171	10	28	296	2413	2681	1.05e-12	72.4
PF3D7_1200400|DBLg|1|1243|1631	PM0019-C.g159	25.283	265	141	8	40	296	2814	3029	8.16e-12	69.7
PF3D7_1200400|DBLg|1|1243|1631	PM0019-C.g159	25.083	303	162	11	39	300	108	386	1.37e-10	65.9
PF3D7_1200400|DBLz|1|1640|2062	PH0810-C.g598	84.161	423	65	1	1	423	743	1163	0.0	735
PF3D7_1200400|DBLz|1|1640|2062	PH0810-C.g598	27.667	300	150	14	71	344	392	650	1.56e-13	75.1
PF3D7_1200400|DBLz|1|1640|2062	PH0810-C.g598	30.151	199	102	9	89	284	1209	1373	2.45e-13	74.7
PF3D7_1200400|DBLz|1|1640|2062	PC0077-C.g12	85.849	424	57	2	1	423	1215	1636	0.0	733
PF3D7_1200400|DBLz|1|1640|2062	PC0077-C.g12	30.151	199	102	9	89	284	1682	1846	3.03e-13	74.3
PF3D7_1200400|DBLz|1|1640|2062	PC0077-C.g12	25.455	275	161	12	95	344	867	1122	4.34e-09	61.2
PF3D7_1200400|DBLz|1|1640|2062	PC0077-C.g12	23.573	403	172	17	93	371	81	471	1.04e-07	57.0
PF3D7_1200400|DBLz|1|1640|2062	PA0084-C.g19	84.906	424	63	1	1	423	770	1193	0.0	731
PF3D7_1200400|DBLz|1|1640|2062	PA0084-C.g19	25.333	300	185	11	95	378	428	704	3.41e-14	77.4
PF3D7_1200400|DBLz|1|1640|2062	PA0084-C.g19	26.693	251	135	9	42	284	1200	1409	5.25e-12	70.5
PF3D7_1200400|DBLz|1|1640|2062	PfKE04.g600	85.849	424	57	2	1	423	1619	2040	0.0	731
PF3D7_1200400|DBLz|1|1640|2062	PfKE04.g600	30.914	372	211	12	2	354	734	1078	1.69e-35	142
PF3D7_1200400|DBLz|1|1640|2062	PfKE04.g600	29.491	373	215	15	2	344	23	377	1.98e-35	141
PF3D7_1200400|DBLz|1|1640|2062	PfKE04.g600	30.151	199	102	9	89	284	2086	2250	2.18e-13	75.1
PF3D7_1200400|DBLz|1|1640|2062	PfKE04.g600	27.174	276	153	12	95	344	1273	1526	5.79e-12	70.5
PF3D7_1200400|DBLz|1|1640|2062	PT0181-C.g1873	85.849	424	57	2	1	423	1584	2005	0.0	731
PF3D7_1200400|DBLz|1|1640|2062	PT0181-C.g1873	31.808	437	228	18	30	423	782	1191	2.71e-45	170
PF3D7_1200400|DBLz|1|1640|2062	PT0181-C.g1873	31.046	306	173	10	96	373	114	409	4.85e-32	131
PF3D7_1200400|DBLz|1|1640|2062	PT0181-C.g1873	30.151	199	102	9	89	284	2051	2215	1.89e-13	75.1
PF3D7_1200400|DBLz|1|1640|2062	PT0181-C.g1873	26.119	268	152	9	95	344	1252	1491	6.50e-13	73.6
PF3D7_1200400|DBLe|1|2068|2367	PA0052-C.g592	85.430	302	42	1	1	300	1457	1758	6.70e-173	525
PF3D7_1200400|DBLe|1|2068|2367	PA0052-C.g592	27.536	276	159	11	32	274	1105	1372	4.83e-15	77.8
PF3D7_1200400|DBLe|1|2068|2367	PA0052-C.g592	25.292	257	138	7	47	272	698	931	6.36e-14	74.7
PF3D7_1200400|DBLe|1|2068|2367	PA0101-C.g262	85.430	302	42	1	1	300	1515	1816	1.03e-172	526
PF3D7_1200400|DBLe|1|2068|2367	PA0101-C.g262	28.261	276	157	12	32	274	1163	1430	4.55e-15	78.2
PF3D7_1200400|DBLe|1|2068|2367	PA0101-C.g262	25.292	257	138	7	47	272	756	989	5.66e-14	74.7
PF3D7_1200400|DBLe|1|2068|2367	PA0020-C.g365	85.430	302	42	1	1	300	1563	1864	1.19e-172	526
PF3D7_1200400|DBLe|1|2068|2367	PA0020-C.g365	27.536	276	159	11	32	274	1211	1478	4.56e-15	78.2
PF3D7_1200400|DBLe|1|2068|2367	PA0020-C.g365	25.292	257	138	7	47	272	804	1037	5.23e-14	74.7
PF3D7_1200400|DBLe|1|2068|2367	PH0643-C.g434	85.762	302	41	1	1	300	2061	2362	3.25e-172	529
PF3D7_1200400|DBLe|1|2068|2367	PH0643-C.g434	29.956	227	122	9	32	226	1708	1929	6.37e-16	80.5
PF3D7_1200400|DBLe|1|2068|2367	PH0643-C.g434	23.134	268	151	7	49	272	1274	1530	4.66e-14	75.1
PF3D7_1200400|DBLe|1|2068|2367	PH0643-C.g434	26.740	273	137	15	44	274	824	1075	8.37e-13	71.2
PF3D7_1200400|DBLe|1|2068|2367	PH0643-C.g434	25.510	294	151	14	43	280	107	388	1.48e-11	67.4
PF3D7_1200400|DBLe|1|2068|2367	PC0058-C.g448	85.762	302	41	1	1	300	2883	3184	6.62e-172	530
PF3D7_1200400|DBLe|1|2068|2367	PC0058-C.g448	28.462	260	152	8	45	274	963	1218	3.00e-19	90.5
PF3D7_1200400|DBLe|1|2068|2367	PC0058-C.g448	29.545	220	120	9	32	221	2531	2745	9.73e-15	77.0
PF3D7_1200400|DBLe|1|2068|2367	PC0058-C.g448	25.625	320	152	14	37	278	105	416	7.59e-10	62.4
PF3D7_1200400|ATS|1|2437|2860	PFKE07.g1065	80.184	434	67	7	1	424	1644	2068	0.0	689
PF3D7_1200400|ATS|1|2437|2860	PFKE07.g667	77.506	449	75	6	2	424	2366	2814	0.0	688
PF3D7_1200400|ATS|1|2437|2860	PV0084-C.g24	73.629	474	70	4	2	420	2455	2928	0.0	682
PF3D7_1200400|ATS|1|2437|2860	PV0028-C.g43	78.440	436	81	6	2	424	1844	2279	0.0	681
PF3D7_1200400|ATS|1|2437|2860	PV0129-C.g36	76.940	451	75	7	2	424	1740	2189	0.0	678
PF3D7_1200600|NTSpam|1|1|50	PfKE03.g11	100.000	50	0	0	1	50	1	50	3.07e-27	103
PF3D7_1200600|NTSpam|1|1|50	PT0149-C.g300	100.000	50	0	0	1	50	1	50	4.44e-27	102
PF3D7_1200600|NTSpam|1|1|50	PM0076-C.g882	100.000	50	0	0	1	50	1	50	5.45e-27	102
PF3D7_1200600|NTSpam|1|1|50	PA0084-C.g42	94.000	50	3	0	1	50	1	50	2.19e-24	95.1
PF3D7_1200600|NTSpam|1|1|50	PF0456-C.g460	94.000	50	3	0	1	50	1	50	3.56e-24	94.4
PF3D7_1200600|DBLpam1|1|51|426	PM0076-C.g882	96.817	377	10	2	1	376	51	426	0.0	753
PF3D7_1200600|DBLpam1|1|51|426	PM0076-C.g882	31.148	366	211	13	1	342	2767	3115	5.47e-35	139
PF3D7_1200600|DBLpam1|1|51|426	PM0076-C.g882	30.153	262	138	11	40	285	574	806	1.06e-23	105
PF3D7_1200600|DBLpam1|1|51|426	PM0076-C.g882	27.737	274	155	10	25	298	2376	2606	4.96e-13	73.2
PF3D7_1200600|DBLpam1|1|51|426	PM0076-C.g882	23.333	300	171	12	16	296	2022	2281	6.84e-12	69.7
PF3D7_1200600|DBLpam1|1|51|426	PM0076-C.g882	23.469	294	169	9	43	307	1629	1895	3.70e-11	67.4
PF3D7_1200600|DBLpam1|1|51|426	PM0076-C.g882	22.256	328	179	14	18	300	1243	1539	8.35e-10	63.2
PF3D7_1200600|DBLpam1|1|51|426	PV0276-C.g69	90.981	377	33	1	1	376	51	427	0.0	710
PF3D7_1200600|DBLpam1|1|51|426	PV0276-C.g69	33.212	274	141	13	40	285	540	799	1.44e-28	120
PF3D7_1200600|DBLpam1|1|51|426	PV0276-C.g69	23.718	312	166	15	18	289	1245	1524	2.77e-10	64.7
PF3D7_1200600|DBLpam1|1|51|426	PV0099-C.g24	90.981	377	33	1	1	376	51	427	0.0	709
PF3D7_1200600|DBLpam1|1|51|426	PV0099-C.g24	30.403	273	149	11	40	285	574	832	1.31e-25	111
PF3D7_1200600|DBLpam1|1|51|426	PV0099-C.g24	30.435	276	140	13	34	305	2389	2616	1.19e-19	93.6
PF3D7_1200600|DBLpam1|1|51|426	PV0099-C.g24	23.693	287	171	8	43	307	1649	1909	2.10e-12	71.2
PF3D7_1200600|DBLpam1|1|51|426	PV0099-C.g24	23.485	264	158	9	41	299	2068	2292	2.12e-12	71.2
PF3D7_1200600|DBLpam1|1|51|426	PV0099-C.g24	25.076	327	170	18	18	300	1264	1559	1.80e-10	65.5
PF3D7_1200600|DBLpam1|1|51|426	QE0399-C.g150	90.981	377	33	1	1	376	51	427	0.0	709
PF3D7_1200600|DBLpam1|1|51|426	QE0399-C.g150	33.212	274	141	13	40	285	540	799	2.31e-28	119
PF3D7_1200600|DBLpam1|1|51|426	QE0399-C.g150	30.435	276	140	13	34	305	2365	2592	1.51e-19	93.2
PF3D7_1200600|DBLpam1|1|51|426	QE0399-C.g150	24.458	323	172	15	18	300	1245	1535	1.75e-12	71.6
PF3D7_1200600|DBLpam1|1|51|426	QE0399-C.g150	23.485	264	158	9	41	299	2044	2268	2.37e-12	71.2
PF3D7_1200600|DBLpam1|1|51|426	QE0399-C.g150	23.693	287	171	8	43	307	1625	1885	3.41e-12	70.5
PF3D7_1200600|DBLpam1|1|51|426	PV0287-C.g13	90.981	377	33	1	1	376	51	427	0.0	709
PF3D7_1200600|DBLpam1|1|51|426	PV0287-C.g13	33.212	274	141	13	40	285	540	799	2.31e-28	119
PF3D7_1200600|DBLpam1|1|51|426	PV0287-C.g13	30.435	276	140	13	34	305	2365	2592	1.51e-19	93.2
PF3D7_1200600|DBLpam1|1|51|426	PV0287-C.g13	24.458	323	172	15	18	300	1245	1535	1.75e-12	71.6
PF3D7_1200600|DBLpam1|1|51|426	PV0287-C.g13	23.485	264	158	9	41	299	2044	2268	2.37e-12	71.2
PF3D7_1200600|DBLpam1|1|51|426	PV0287-C.g13	23.693	287	171	8	43	307	1625	1885	3.41e-12	70.5
PF3D7_1200600|DBLpam2|1|526|957	PfKE03.g11	97.460	433	10	1	1	432	527	959	0.0	863
PF3D7_1200600|DBLpam2|1|526|957	PfKE03.g11	30.268	261	146	10	48	286	90	336	5.04e-24	107
PF3D7_1200600|DBLpam2|1|526|957	PfKE03.g11	25.464	377	201	15	55	399	1258	1586	8.24e-13	73.2
PF3D7_1200600|DBLpam2|1|526|957	PH0343-C.g1	86.758	438	51	2	1	432	265	701	0.0	749
PF3D7_1200600|DBLpam2|1|526|957	PD0562-C.g600	86.758	438	51	2	1	432	530	966	0.0	749
PF3D7_1200600|DBLpam2|1|526|957	PD0562-C.g600	28.667	300	158	12	53	314	95	376	1.82e-20	96.7
PF3D7_1200600|DBLpam2|1|526|957	PD0562-C.g600	31.019	216	110	8	55	247	1266	1465	5.51e-10	64.3
PF3D7_1200600|DBLpam2|1|526|957	PD0564-C.g596	86.758	438	51	2	1	432	530	966	0.0	748
PF3D7_1200600|DBLpam2|1|526|957	PD0564-C.g596	28.667	300	158	12	53	314	95	376	1.69e-20	97.1
PF3D7_1200600|DBLpam2|1|526|957	PD0564-C.g596	27.397	365	186	14	55	386	1266	1584	1.56e-14	78.6
PF3D7_1200600|DBLpam2|1|526|957	PD0564-C.g596	26.706	337	186	13	16	320	1584	1891	2.26e-14	78.2
PF3D7_1200600|DBLpam2|1|526|957	PD0552-C.g380	86.758	438	51	2	1	432	530	966	0.0	748
PF3D7_1200600|DBLpam2|1|526|957	PD0552-C.g380	28.667	300	158	12	53	314	95	376	1.62e-20	97.1
PF3D7_1200600|DBLpam2|1|526|957	PD0552-C.g380	29.832	238	126	9	53	287	2384	2583	4.85e-16	83.2
PF3D7_1200600|DBLpam2|1|526|957	PD0552-C.g380	26.706	337	186	13	16	320	1584	1891	1.95e-14	78.2
PF3D7_1200600|DBLpam2|1|526|957	PD0552-C.g380	27.397	365	186	14	55	386	1266	1584	2.13e-14	78.2
PF3D7_1200600|DBLpam2|1|526|957	PD0552-C.g380	27.928	222	117	7	53	266	2050	2236	1.11e-09	63.2
PF3D7_1200600|CIDRpam|1|966|1193	PfKE03.g11	94.298	228	13	0	1	228	968	1195	8.92e-145	442
PF3D7_1200600|CIDRpam|1|966|1193	PD0523-C.g46	91.667	228	19	0	1	228	972	1199	5.21e-139	432
PF3D7_1200600|CIDRpam|1|966|1193	QE0451-C.g230	91.667	228	19	0	1	228	972	1199	6.70e-139	431
PF3D7_1200600|CIDRpam|1|966|1193	PD0648-C.g1945	89.474	228	24	0	1	228	317	544	9.03e-139	423
PF3D7_1200600|CIDRpam|1|966|1193	PD0585-C.g170	89.474	228	24	0	1	228	966	1193	2.56e-136	424
PF3D7_1200600|DBLpam3|1|1212|1558	PV0094-C.g25	93.660	347	22	0	1	347	1191	1537	0.0	667
PF3D7_1200600|DBLpam3|1|1212|1558	PV0094-C.g25	26.838	272	142	10	40	285	547	787	3.37e-10	63.9
PF3D7_1200600|DBLpam3|1|1212|1558	PV0094-C.g25	22.713	317	180	12	19	301	69	354	8.30e-10	62.8
PF3D7_1200600|DBLpam3|1|1212|1558	PV0094-C.g25	25.085	295	158	12	42	305	1582	1844	2.94e-09	61.2
PF3D7_1200600|DBLpam3|1|1212|1558	PD0474-C.g423	93.660	347	22	0	1	347	1191	1537	0.0	666
PF3D7_1200600|DBLpam3|1|1212|1558	PD0474-C.g423	25.490	255	139	9	42	295	2010	2214	1.25e-13	74.7
PF3D7_1200600|DBLpam3|1|1212|1558	PD0474-C.g423	27.962	211	115	7	129	323	2399	2588	2.23e-13	73.9
PF3D7_1200600|DBLpam3|1|1212|1558	PD0474-C.g423	26.838	272	142	10	40	285	547	787	2.75e-10	64.3
PF3D7_1200600|DBLpam3|1|1212|1558	PD0474-C.g423	22.713	317	180	12	19	301	69	354	6.54e-10	63.2
PF3D7_1200600|DBLpam3|1|1212|1558	PD0474-C.g423	25.085	295	158	12	42	305	1582	1844	2.31e-09	61.6
PF3D7_1200600|DBLpam3|1|1212|1558	PM0134-C.g518	92.219	347	26	1	1	347	1233	1578	0.0	654
PF3D7_1200600|DBLpam3|1|1212|1558	PM0134-C.g518	29.907	214	109	8	129	323	2439	2630	3.85e-14	76.3
PF3D7_1200600|DBLpam3|1|1212|1558	PM0134-C.g518	25.490	255	146	8	42	295	2043	2254	7.09e-13	72.4
PF3D7_1200600|DBLpam3|1|1212|1558	PM0134-C.g518	26.042	288	157	12	42	305	1623	1878	6.63e-12	69.3
PF3D7_1200600|DBLpam3|1|1212|1558	PM0134-C.g518	25.962	312	162	13	24	301	75	351	1.24e-11	68.6
PF3D7_1200600|DBLpam3|1|1212|1558	PM0134-C.g518	24.719	267	145	10	40	276	566	806	3.04e-10	64.3
PF3D7_1200600|DBLpam3|1|1212|1558	PC0107-C.g173	89.972	359	24	1	1	347	1229	1587	0.0	654
PF3D7_1200600|DBLpam3|1|1212|1558	PC0107-C.g173	24.214	318	170	12	42	340	2059	2324	1.82e-12	71.2
PF3D7_1200600|DBLpam3|1|1212|1558	PC0107-C.g173	24.746	295	159	12	42	305	1632	1894	6.66e-11	66.2
PF3D7_1200600|DBLpam3|1|1212|1558	PC0107-C.g173	26.230	305	152	11	18	285	566	834	1.63e-10	65.1
PF3D7_1200600|DBLpam3|1|1212|1558	PC0107-C.g173	28.090	178	98	5	129	297	2448	2604	1.77e-10	65.1
PF3D7_1200600|DBLpam3|1|1212|1558	PC0107-C.g173	23.718	312	169	13	24	301	75	351	1.80e-10	65.1
PF3D7_1200600|DBLpam3|1|1212|1558	PM0160-C.g445	89.415	359	26	1	1	347	1238	1596	0.0	653
PF3D7_1200600|DBLpam3|1|1212|1558	PM0160-C.g445	26.199	271	152	9	40	283	576	825	4.58e-12	69.7
PF3D7_1200600|DBLpam3|1|1212|1558	PM0160-C.g445	24.742	291	158	12	42	305	1641	1897	7.31e-12	69.3
PF3D7_1200600|DBLpam3|1|1212|1558	PM0160-C.g445	25.292	257	146	9	42	295	2062	2275	1.50e-11	68.2
PF3D7_1200600|DBLpam3|1|1212|1558	PM0160-C.g445	24.062	320	175	14	19	304	70	355	4.19e-09	60.8
PF3D7_1200600|DBLpam3|1|1212|1558	PM0160-C.g445	25.000	300	173	12	29	304	2804	3075	1.77e-07	55.5
PF3D7_1200600|DBLpam3|1|1212|1558	PM0160-C.g445	27.072	181	106	5	122	297	2454	2613	5.74e-07	53.9
PF3D7_1200600|DBLe|1|1560|1904	QG0190-C.g57	97.681	345	8	0	1	345	1573	1917	0.0	699
PF3D7_1200600|DBLe|1|1560|1904	QG0190-C.g57	26.102	295	162	11	43	333	2042	2284	4.05e-17	85.1
PF3D7_1200600|DBLe|1|1560|1904	QG0190-C.g57	27.076	277	153	8	45	316	2374	2606	1.62e-16	83.6
PF3D7_1200600|DBLe|1|1560|1904	QG0190-C.g57	24.752	303	191	10	45	328	96	380	2.28e-13	73.9
PF3D7_1200600|DBLe|1|1560|1904	QG0190-C.g57	24.679	312	188	12	22	306	1238	1529	3.48e-11	67.0
PF3D7_1200600|DBLe|1|1560|1904	QG0190-C.g57	24.658	292	175	9	45	314	575	843	6.30e-10	63.2
PF3D7_1200600|DBLe|1|1560|1904	PA0232-C.g181	97.681	345	8	0	1	345	1551	1895	0.0	698
PF3D7_1200600|DBLe|1|1560|1904	PA0232-C.g181	28.425	292	164	9	43	333	2020	2267	6.36e-21	96.7
PF3D7_1200600|DBLe|1|1560|1904	PA0232-C.g181	23.022	278	161	8	44	316	2354	2583	3.17e-10	63.9
PF3D7_1200600|DBLe|1|1560|1904	PA0232-C.g181	23.154	298	180	9	45	314	550	826	4.88e-09	60.5
PF3D7_1200600|DBLe|1|1560|1904	PA0232-C.g181	25.606	289	170	11	44	306	1238	1507	1.22e-07	56.2
PF3D7_1200600|DBLe|1|1560|1904	PA0232-C.g181	22.340	282	186	8	43	307	93	358	1.97e-07	55.5
PF3D7_1200600|DBLe|1|1560|1904	PT0027-C.g147	97.101	345	9	1	1	345	1571	1914	0.0	690
PF3D7_1200600|DBLe|1|1560|1904	PT0027-C.g147	26.351	296	167	11	43	333	2040	2289	6.83e-17	84.3
PF3D7_1200600|DBLe|1|1560|1904	PT0027-C.g147	25.087	287	166	10	44	306	1266	1527	1.17e-12	71.6
PF3D7_1200600|DBLe|1|1560|1904	PT0027-C.g147	24.555	281	192	6	45	314	579	850	1.49e-12	71.2
PF3D7_1200600|DBLe|1|1560|1904	PT0027-C.g147	24.251	334	177	14	1	316	2331	2606	2.03e-12	70.9
PF3D7_1200600|DBLe|1|1560|1904	PT0027-C.g147	23.443	273	167	10	45	297	95	345	2.66e-08	58.2
PF3D7_1200600|DBLe|1|1560|1904	PF0789-C.g214	95.129	349	13	1	1	345	1561	1909	0.0	682
PF3D7_1200600|DBLe|1|1560|1904	PF0789-C.g214	27.458	295	166	10	43	333	2034	2284	8.20e-20	93.2
PF3D7_1200600|DBLe|1|1560|1904	PF0789-C.g214	23.867	331	181	12	1	316	2326	2600	3.91e-12	70.1
PF3D7_1200600|DBLe|1|1560|1904	PF0789-C.g214	24.832	298	159	11	45	311	96	359	5.17e-12	69.7
PF3D7_1200600|DBLe|1|1560|1904	PF0789-C.g214	24.920	313	198	11	20	314	551	844	1.06e-10	65.5
PF3D7_1200600|DBLe|1|1560|1904	PF0789-C.g214	24.919	309	178	12	22	306	1239	1517	3.72e-10	63.9
PF3D7_1200600|DBLe|1|1560|1904	QG0243-C.g1764	95.129	349	13	1	1	345	1564	1912	0.0	682
PF3D7_1200600|DBLe|1|1560|1904	QG0243-C.g1764	27.055	292	168	8	43	333	2037	2284	1.38e-19	92.8
PF3D7_1200600|DBLe|1|1560|1904	QG0243-C.g1764	25.225	333	172	14	1	316	2326	2598	1.84e-14	77.0
PF3D7_1200600|DBLe|1|1560|1904	QG0243-C.g1764	28.114	281	177	9	45	314	569	835	2.36e-14	76.6
PF3D7_1200600|DBLe|1|1560|1904	QG0243-C.g1764	24.149	323	177	12	22	306	1228	1520	1.07e-08	59.3
PF3D7_1200600|DBLe|1|1560|1904	QG0243-C.g1764	23.509	285	166	10	45	305	95	351	2.33e-08	58.2
PF3D7_1200600|DBLe|2|1981|2282	PF0789-C.g214	96.040	303	11	1	1	302	1986	2288	0.0	598
PF3D7_1200600|DBLe|2|1981|2282	PF0789-C.g214	31.273	275	160	8	36	302	2359	2612	5.20e-27	113
PF3D7_1200600|DBLe|2|1981|2282	PF0789-C.g214	28.523	298	160	12	50	298	1604	1897	8.68e-18	86.3
PF3D7_1200600|DBLe|2|1981|2282	PF0789-C.g214	26.538	260	142	11	49	264	94	348	6.55e-15	77.8
PF3D7_1200600|DBLe|2|1981|2282	PF0789-C.g214	25.287	261	150	9	50	268	1258	1515	4.34e-14	75.1
PF3D7_1200600|DBLe|2|1981|2282	PF0789-C.g214	27.547	265	139	9	51	266	579	839	1.18e-11	67.8
PF3D7_1200600|DBLe|2|1981|2282	PT0080-C.g88	89.744	312	22	2	1	302	2000	2311	0.0	566
PF3D7_1200600|DBLe|2|1981|2282	PT0080-C.g88	32.364	275	160	9	34	302	2379	2633	6.06e-27	113
PF3D7_1200600|DBLe|2|1981|2282	PT0080-C.g88	28.082	292	162	10	50	297	1622	1909	1.95e-19	91.3
PF3D7_1200600|DBLe|2|1981|2282	PT0080-C.g88	23.529	272	155	8	50	268	1262	1533	2.47e-12	69.7
PF3D7_1200600|DBLe|2|1981|2282	PT0080-C.g88	27.442	215	120	6	51	229	573	787	4.21e-12	69.3
PF3D7_1200600|DBLe|2|1981|2282	PT0080-C.g88	24.727	275	147	12	34	256	78	344	6.47e-10	62.4
PF3D7_1200600|DBLe|2|1981|2282	PC0118-C.g127	91.118	304	20	2	1	302	1990	2288	0.0	563
PF3D7_1200600|DBLe|2|1981|2282	PC0118-C.g127	33.077	260	147	10	49	302	2372	2610	2.18e-23	102
PF3D7_1200600|DBLe|2|1981|2282	PC0118-C.g127	28.772	285	162	11	50	297	1619	1899	2.57e-19	90.9
PF3D7_1200600|DBLe|2|1981|2282	PC0118-C.g127	25.758	264	148	9	50	268	1270	1530	9.22e-15	77.0
PF3D7_1200600|DBLe|2|1981|2282	PC0118-C.g127	25.941	239	132	7	51	244	573	811	1.78e-10	64.3
PF3D7_1200600|DBLe|2|1981|2282	PC0118-C.g127	23.934	305	170	12	32	283	76	371	3.43e-10	63.5
PF3D7_1200600|DBLe|2|1981|2282	PC0118-C.g110	91.118	304	20	2	1	302	2015	2313	0.0	562
PF3D7_1200600|DBLe|2|1981|2282	PC0118-C.g110	33.077	260	147	10	49	302	2397	2635	1.89e-23	102
PF3D7_1200600|DBLe|2|1981|2282	PC0118-C.g110	27.365	296	163	11	50	297	1633	1924	6.02e-17	83.6
PF3D7_1200600|DBLe|2|1981|2282	PC0118-C.g110	26.246	301	165	13	32	283	76	368	1.00e-14	77.0
PF3D7_1200600|DBLe|2|1981|2282	PC0118-C.g110	27.876	226	130	6	51	243	581	806	2.45e-13	72.8
PF3D7_1200600|DBLe|2|1981|2282	PC0118-C.g110	24.908	273	151	10	50	268	1272	1544	1.15e-12	70.9
PF3D7_1200600|DBLe|2|1981|2282	PF0157-C.g263	91.089	303	21	2	1	302	2014	2311	0.0	561
PF3D7_1200600|DBLe|2|1981|2282	PF0157-C.g263	32.593	270	161	8	36	302	2382	2633	8.65e-30	121
PF3D7_1200600|DBLe|2|1981|2282	PF0157-C.g263	28.269	283	165	10	50	298	1647	1925	5.64e-17	84.0
PF3D7_1200600|DBLe|2|1981|2282	PF0157-C.g263	25.497	302	166	13	32	283	76	368	1.74e-14	76.3
PF3D7_1200600|DBLe|2|1981|2282	PF0157-C.g263	28.194	227	129	6	51	243	581	807	1.70e-13	73.6
PF3D7_1200600|DBLe|2|1981|2282	PF0157-C.g263	24.535	269	153	10	50	268	1290	1558	4.49e-13	72.0
PF3D7_1200600|DBLe|3|2322|2633	QG0218-C.g6180	100.000	312	0	0	1	312	2256	2567	0.0	642
PF3D7_1200600|DBLe|3|2322|2633	QG0218-C.g6180	29.918	244	149	8	29	255	1944	2182	1.20e-20	95.1
PF3D7_1200600|DBLe|3|2322|2633	QG0218-C.g6180	24.768	323	178	10	25	283	1512	1833	4.15e-16	81.3
PF3D7_1200600|DBLe|3|2322|2633	QG0218-C.g6180	28.191	188	103	6	101	259	1259	1443	1.06e-12	71.2
PF3D7_1200600|DBLe|3|2322|2633	QG0218-C.g6180	24.060	266	161	8	37	261	88	353	7.13e-11	65.5
PF3D7_1200600|DBLe|3|2322|2633	PT0080-C.g88	100.000	312	0	0	1	312	2351	2662	0.0	642
PF3D7_1200600|DBLe|3|2322|2633	PT0080-C.g88	30.100	299	171	9	29	296	2033	2324	2.72e-26	111
PF3D7_1200600|DBLe|3|2322|2633	PT0080-C.g88	28.767	219	103	8	45	217	573	784	3.44e-14	75.9
PF3D7_1200600|DBLe|3|2322|2633	PT0080-C.g88	23.204	362	179	15	1	283	1581	1922	2.97e-13	72.8
PF3D7_1200600|DBLe|3|2322|2633	PT0080-C.g88	24.481	241	136	8	38	236	89	325	2.12e-09	61.2
PF3D7_1200600|DBLe|3|2322|2633	PT0080-C.g88	26.596	188	106	6	101	259	1347	1531	7.94e-09	59.3
PF3D7_1200600|DBLe|3|2322|2633	PA0102-C.g265	91.026	312	1	1	1	312	2270	2554	0.0	571
PF3D7_1200600|DBLe|3|2322|2633	PA0102-C.g265	32.627	236	146	7	29	255	1965	2196	1.13e-24	106
PF3D7_1200600|DBLe|3|2322|2633	PA0102-C.g265	25.641	312	178	10	25	283	1544	1854	1.03e-17	86.3
PF3D7_1200600|DBLe|3|2322|2633	PA0102-C.g265	27.211	294	150	11	9	241	477	767	4.09e-15	78.6
PF3D7_1200600|DBLe|3|2322|2633	PA0102-C.g265	28.022	182	99	5	101	259	1303	1475	1.24e-12	70.9
PF3D7_1200600|DBLe|3|2322|2633	PA0102-C.g265	24.528	212	121	6	37	209	27	238	2.89e-09	60.8
PF3D7_1200600|DBLe|3|2322|2633	PA0049-C.g424	84.665	313	46	2	1	312	651	962	0.0	531
PF3D7_1200600|DBLe|3|2322|2633	PA0049-C.g424	31.164	292	155	12	29	283	329	611	1.64e-22	100
PF3D7_1200600|DBLe|3|2322|2633	PA0049-C.g424	26.027	219	124	7	102	283	2	219	9.06e-15	77.4
PF3D7_1200600|DBLe|3|2322|2633	PM0115-C.g189	86.218	312	42	1	1	312	2363	2673	1.74e-180	554
PF3D7_1200600|DBLe|3|2322|2633	PM0115-C.g189	31.183	279	163	10	29	283	2050	2323	9.80e-23	101
PF3D7_1200600|DBLe|3|2322|2633	PM0115-C.g189	25.146	342	191	12	1	283	1603	1938	7.87e-16	80.5
PF3D7_1200600|DBLe|3|2322|2633	PM0115-C.g189	27.692	260	122	11	45	241	581	837	2.81e-14	75.9
PF3D7_1200600|DBLe|3|2322|2633	PM0115-C.g189	24.648	284	168	9	34	272	85	367	2.04e-12	70.5
PF3D7_1200600|DBLe|3|2322|2633	PM0115-C.g189	26.776	183	100	6	101	259	1381	1553	1.30e-09	61.6
PF3D7_1200600|ATS|1|2649|3056	PA0134-C.g295	96.569	408	13	1	1	408	2692	3098	0.0	807
PF3D7_1200600|ATS|1|2649|3056	PD0582-C.g234	95.343	408	19	0	1	408	2663	3070	0.0	800
PF3D7_1200600|ATS|1|2649|3056	PD0572-C.g308	95.332	407	19	0	2	408	2683	3089	0.0	797
PF3D7_1200600|ATS|1|2649|3056	PD0543-C.g218	95.332	407	19	0	2	408	2691	3097	0.0	796
PF3D7_1200600|ATS|1|2649|3056	PV0099-C.g24	87.389	452	13	2	1	408	2680	3131	0.0	786
PF3D7_1219300|NTS|1|1|59	QE0463-C.g784	100.000	59	0	0	1	59	1	59	1.35e-29	110
PF3D7_1219300|NTS|1|1|59	QE0460-C.g717	100.000	59	0	0	1	59	1	59	1.35e-29	110
PF3D7_1219300|NTS|1|1|59	QE0458-C.g559	100.000	59	0	0	1	59	1	59	1.35e-29	110
PF3D7_1219300|NTS|1|1|59	QE0456-C.g812	100.000	59	0	0	1	59	1	59	1.35e-29	110
PF3D7_1219300|NTS|1|1|59	QE0436-C.g729	100.000	59	0	0	1	59	1	59	1.35e-29	110
PF3D7_1219300|DBLa|1|60|496	QE0466-C.g36	99.085	437	0	1	1	437	60	492	0.0	905
PF3D7_1219300|DBLa|1|60|496	QE0466-C.g36	27.273	198	94	5	192	344	1114	1306	3.12e-17	87.0
PF3D7_1219300|DBLa|1|60|496	QE0463-C.g784	99.085	437	0	1	1	437	60	492	0.0	904
PF3D7_1219300|DBLa|1|60|496	QE0463-C.g784	27.018	285	143	11	190	437	1126	1382	8.61e-15	79.3
PF3D7_1219300|DBLa|1|60|496	QE0460-C.g717	99.085	437	0	1	1	437	60	492	0.0	904
PF3D7_1219300|DBLa|1|60|496	QE0460-C.g717	27.018	285	143	11	190	437	1126	1382	8.61e-15	79.3
PF3D7_1219300|DBLa|1|60|496	QE0458-C.g559	99.085	437	0	1	1	437	60	492	0.0	904
PF3D7_1219300|DBLa|1|60|496	QE0458-C.g559	27.018	285	143	11	190	437	1126	1382	8.61e-15	79.3
PF3D7_1219300|DBLa|1|60|496	QE0456-C.g812	99.085	437	0	1	1	437	60	492	0.0	904
PF3D7_1219300|DBLa|1|60|496	QE0456-C.g812	27.018	285	143	11	190	437	1126	1382	8.61e-15	79.3
PF3D7_1219300|CIDRa|1|497|797	QE0463-C.g784	100.000	301	0	0	1	301	493	793	0.0	613
PF3D7_1219300|CIDRa|1|497|797	QE0460-C.g717	100.000	301	0	0	1	301	493	793	0.0	613
PF3D7_1219300|CIDRa|1|497|797	QE0458-C.g559	100.000	301	0	0	1	301	493	793	0.0	613
PF3D7_1219300|CIDRa|1|497|797	QE0456-C.g812	100.000	301	0	0	1	301	493	793	0.0	613
PF3D7_1219300|CIDRa|1|497|797	QE0436-C.g729	100.000	301	0	0	1	301	493	793	0.0	613
PF3D7_1219300|DBLd|1|897|1423	QE0481-C.g908	53.565	547	191	19	1	527	861	1364	5.60e-163	507
PF3D7_1219300|DBLd|1|897|1423	QE0481-C.g908	27.622	286	133	10	275	527	247	491	7.91e-17	86.7
PF3D7_1219300|DBLd|1|897|1423	PH0367-C.g420	51.277	548	175	14	1	527	470	946	7.17e-160	491
PF3D7_1219300|DBLd|1|897|1423	PM0029-C.g2510	49.057	583	212	20	2	527	796	1350	1.02e-156	490
PF3D7_1219300|DBLd|1|897|1423	PM0029-C.g2510	36.111	108	68	1	363	469	200	307	2.67e-13	75.5
PF3D7_1219300|DBLd|1|897|1423	PT0253-Cx.g1068	49.204	565	201	13	1	527	239	755	6.36e-155	473
PF3D7_1219300|DBLd|1|897|1423	PFKE12.g291	46.050	595	204	17	1	527	124	669	1.56e-154	481
PF3D7_1219300|CIDRg|1|1424|1689	PF0730-C.g31	66.543	269	81	6	1	262	707	973	2.90e-112	349
PF3D7_1219300|CIDRg|1|1424|1689	QG0264-C.g533	66.171	269	82	6	1	262	602	868	1.22e-111	346
PF3D7_1219300|CIDRg|1|1424|1689	PD0585-C.g705	67.416	267	81	4	1	266	1477	1738	3.54e-109	348
PF3D7_1219300|CIDRg|1|1424|1689	PA0228-C.g4749	64.368	261	87	2	1	255	1426	1686	2.06e-107	343
PF3D7_1219300|CIDRg|1|1424|1689	QG0246-C.g6	64.368	261	87	2	1	255	1395	1655	4.05e-107	342
PF3D7_1219300|ATS|1|1795|2256	PA0158-C.g774	99.784	462	1	0	1	462	1750	2211	0.0	953
PF3D7_1219300|ATS|1|1795|2256	PA0195-C.g729	99.567	462	2	0	1	462	1743	2204	0.0	946
PF3D7_1219300|ATS|1|1795|2256	PV0128-C.g40	99.134	462	4	0	1	462	1703	2164	0.0	941
PF3D7_1219300|ATS|1|1795|2256	QE0448-C.g711	98.485	462	7	0	1	462	1693	2154	0.0	934
PF3D7_1219300|ATS|1|1795|2256	PV0285-C.g4	98.485	462	7	0	1	462	1693	2154	0.0	934
PF3D7_1240300|NTS|1|1|68	QG0203-C.g1025	100.000	68	0	0	1	68	1	68	3.30e-40	141
PF3D7_1240300|NTS|1|1|68	PT0141-C.g820	100.000	68	0	0	1	68	1	68	3.68e-40	140
PF3D7_1240300|NTS|1|1|68	PD0565-C.g584	100.000	68	0	0	1	68	1	68	3.68e-40	140
PF3D7_1240300|NTS|1|1|68	PD0564-C.g716	100.000	68	0	0	1	68	1	68	3.68e-40	140
PF3D7_1240300|NTS|1|1|68	PD0496-C.g827	100.000	68	0	0	1	68	1	68	3.68e-40	140
PF3D7_1240300|DBLa|1|69|484	QG0247-C.g3265	100.000	416	0	0	1	416	69	484	0.0	875
PF3D7_1240300|DBLa|1|69|484	QG0247-C.g3265	25.902	305	166	10	66	325	997	1286	1.19e-14	78.6
PF3D7_1240300|DBLa|1|69|484	PA0022-C.g126	100.000	416	0	0	1	416	69	484	0.0	873
PF3D7_1240300|DBLa|1|69|484	PA0022-C.g126	32.616	279	146	8	55	325	857	1101	2.39e-33	135
PF3D7_1240300|DBLa|1|69|484	PA0022-C.g126	26.075	372	199	15	93	416	1453	1796	9.38e-15	79.0
PF3D7_1240300|DBLa|1|69|484	QE0397-C.g256	100.000	416	0	0	1	416	69	484	0.0	871
PF3D7_1240300|DBLa|1|69|484	QE0397-C.g256	32.616	279	146	8	55	325	857	1101	2.66e-33	135
PF3D7_1240300|DBLa|1|69|484	QE0397-C.g256	29.064	203	113	6	220	416	1958	2135	8.24e-15	79.3
PF3D7_1240300|DBLa|1|69|484	QE0397-C.g256	23.529	289	173	10	49	325	1306	1558	5.87e-13	73.6
PF3D7_1240300|DBLa|1|69|484	PT0218-Cx.g530	100.000	416	0	0	1	416	69	484	0.0	871
PF3D7_1240300|DBLa|1|69|484	PT0218-Cx.g530	34.066	182	95	8	237	416	1147	1305	9.66e-14	75.9
PF3D7_1240300|DBLa|1|69|484	PT0073-C.g416	99.760	416	1	0	1	416	69	484	0.0	871
PF3D7_1240300|DBLa|1|69|484	PT0073-C.g416	32.616	279	146	8	55	325	857	1101	3.13e-33	135
PF3D7_1240300|DBLa|1|69|484	PT0073-C.g416	28.302	265	152	9	93	325	1445	1703	5.19e-21	98.2
PF3D7_1240300|CIDRa|1|485|742	PC0063-C.g1688	100.000	258	0	0	1	258	485	742	6.27e-180	525
PF3D7_1240300|CIDRa|1|485|742	PT0021-CW.g444	100.000	258	0	0	1	258	449	706	9.53e-180	525
PF3D7_1240300|CIDRa|1|485|742	PA0021-C.g7	100.000	258	0	0	1	258	449	706	1.18e-176	527
PF3D7_1240300|CIDRa|1|485|742	QG0247-C.g3265	100.000	258	0	0	1	258	485	742	3.41e-175	527
PF3D7_1240300|CIDRa|1|485|742	QG0247-C.g3265	31.304	115	67	2	98	200	1442	1556	1.49e-09	60.5
PF3D7_1240300|CIDRa|1|485|742	PA0027-C.g304	100.000	258	0	0	1	258	449	706	1.65e-172	526
PF3D7_1240300|DBLb|1|749|1215	QG0287-C.g87	100.000	467	0	0	1	467	749	1215	0.0	979
PF3D7_1240300|DBLb|1|749|1215	QG0287-C.g87	29.442	394	213	16	13	353	12	393	2.30e-31	130
PF3D7_1240300|DBLb|1|749|1215	PT0073-C.g416	100.000	467	0	0	1	467	749	1215	0.0	978
PF3D7_1240300|DBLb|1|749|1215	PT0073-C.g416	29.695	394	212	16	13	353	12	393	1.97e-32	134
PF3D7_1240300|DBLb|1|749|1215	PA0022-C.g126	99.786	467	1	0	1	467	749	1215	0.0	978
PF3D7_1240300|DBLb|1|749|1215	PA0022-C.g126	29.695	394	212	16	13	353	12	393	2.18e-32	133
PF3D7_1240300|DBLb|1|749|1215	QE0397-C.g256	94.017	468	14	2	1	467	749	1203	0.0	878
PF3D7_1240300|DBLb|1|749|1215	QE0397-C.g256	29.620	395	211	16	13	353	12	393	2.25e-32	133
PF3D7_1240300|DBLb|1|749|1215	QE0397-C.g256	25.000	260	141	9	108	339	1311	1544	4.97e-11	67.8
PF3D7_1240300|DBLb|1|749|1215	PV0211-C.g72	94.017	468	14	2	1	467	709	1163	0.0	878
PF3D7_1240300|DBLb|1|749|1215	PV0211-C.g72	32.616	279	146	8	109	353	83	353	6.19e-32	132
PF3D7_1240300|DBLb|1|749|1215	PV0211-C.g72	25.000	260	141	9	108	339	1271	1504	4.83e-11	67.8
PF3D7_1240300|DBLd|1|1298|1813	PA0022-C.g126	83.460	526	50	5	1	516	1298	1796	0.0	853
PF3D7_1240300|DBLd|1|1298|1813	PA0022-C.g126	27.839	273	136	10	267	516	250	484	5.59e-13	74.3
PF3D7_1240300|DBLd|1|1298|1813	PV0118-C.g34	73.358	533	80	12	1	516	899	1386	0.0	712
PF3D7_1240300|DBLd|1|1298|1813	PV0118-C.g34	27.660	188	89	7	267	448	250	396	5.99e-12	71.2
PF3D7_1240300|DBLd|1|1298|1813	QE0424-C.g632	73.358	533	80	12	1	516	899	1386	0.0	709
PF3D7_1240300|DBLd|1|1298|1813	QE0424-C.g632	27.660	188	89	7	267	448	250	396	7.70e-12	70.9
PF3D7_1240300|DBLd|1|1298|1813	QE0404-C.g581	73.358	533	80	12	1	516	899	1386	0.0	709
PF3D7_1240300|DBLd|1|1298|1813	QE0404-C.g581	27.660	188	89	7	267	448	250	396	7.70e-12	70.9
PF3D7_1240300|DBLd|1|1298|1813	PV0124-C.g51	73.358	533	80	12	1	516	899	1386	0.0	709
PF3D7_1240300|DBLd|1|1298|1813	PV0124-C.g51	27.660	188	89	7	267	448	250	396	7.70e-12	70.9
PF3D7_1240300|CIDRb|1|1814|2071	PT0141-C.g820	100.000	258	0	0	1	258	1433	1690	3.47e-179	539
PF3D7_1240300|CIDRb|1|1814|2071	PT0141-C.g820	45.588	68	36	1	105	171	671	738	8.52e-11	64.3
PF3D7_1240300|CIDRb|1|1814|2071	PD0565-C.g584	100.000	258	0	0	1	258	1433	1690	3.47e-179	539
PF3D7_1240300|CIDRb|1|1814|2071	PD0565-C.g584	45.588	68	36	1	105	171	671	738	8.44e-11	64.3
PF3D7_1240300|CIDRb|1|1814|2071	PD0564-C.g716	100.000	258	0	0	1	258	1433	1690	3.47e-179	539
PF3D7_1240300|CIDRb|1|1814|2071	PD0564-C.g716	45.588	68	36	1	105	171	671	738	8.44e-11	64.3
PF3D7_1240300|CIDRb|1|1814|2071	PD0496-C.g827	100.000	258	0	0	1	258	1433	1690	3.47e-179	539
PF3D7_1240300|CIDRb|1|1814|2071	PD0496-C.g827	45.588	68	36	1	105	171	671	738	8.44e-11	64.3
PF3D7_1240300|CIDRb|1|1814|2071	QE0424-C.g632	100.000	258	0	0	1	258	1387	1644	5.36e-179	538
PF3D7_1240300|CIDRb|1|1814|2071	QE0424-C.g632	34.167	120	59	5	55	171	620	722	1.80e-07	54.3
PF3D7_1240300|ATS|1|2167|2646	PV0118-C.g34	95.787	451	11	2	1	443	1740	2190	0.0	885
PF3D7_1240300|ATS|1|2167|2646	PV0239-C.g25	75.362	483	90	7	1	480	2129	2585	0.0	686
PF3D7_1240300|ATS|1|2167|2646	QE0436-C.g591	76.693	502	83	10	1	480	1702	2191	0.0	684
PF3D7_1240300|ATS|1|2167|2646	PC0122-C.g587	74.168	511	71	8	1	480	3364	3844	0.0	673
PF3D7_1240300|ATS|1|2167|2646	PD0483-C.g348	75.202	496	69	8	1	480	2589	3046	0.0	671
PF3D7_1240400|NTS|1|1|60	QE0438-C.g463	81.356	59	10	1	1	59	1	58	3.79e-24	95.1
PF3D7_1240400|NTS|1|1|60	QE0424-C.g258	81.356	59	10	1	1	59	1	58	3.79e-24	95.1
PF3D7_1240400|NTS|1|1|60	PM0103-C.g459	77.193	57	12	1	1	57	1	56	1.67e-20	84.7
PF3D7_1240400|NTS|1|1|60	PA0044-C.g556	74.576	59	14	1	1	59	1	58	5.34e-20	83.2
PF3D7_1240400|NTS|1|1|60	PM0051-C.g983	73.770	61	15	1	1	60	1	61	8.20e-20	82.8
PF3D7_1240400|DBLa|1|61|496	PA0221-C.g858	78.652	445	76	8	1	436	66	500	0.0	640
PF3D7_1240400|DBLa|1|61|496	PA0221-C.g858	28.507	221	130	6	155	354	1073	1286	4.65e-19	92.8
PF3D7_1240400|DBLa|1|61|496	PT0048-C.g411	71.460	459	94	8	1	436	63	507	0.0	596
PF3D7_1240400|DBLa|1|61|496	PT0048-C.g411	32.338	201	100	9	239	436	1217	1384	9.43e-14	76.3
PF3D7_1240400|DBLa|1|61|496	PF0298-C.g535	71.111	450	104	7	1	436	64	501	0.0	595
PF3D7_1240400|DBLa|1|61|496	PF0298-C.g535	23.432	303	175	6	113	361	1078	1377	5.98e-17	86.3
PF3D7_1240400|DBLa|1|61|496	PV0239-C.g70	68.571	455	118	9	1	436	63	511	0.0	595
PF3D7_1240400|DBLa|1|61|496	PV0239-C.g70	29.429	333	172	12	134	436	1094	1393	1.57e-22	103
PF3D7_1240400|DBLa|1|61|496	QG0201-C.g637	66.815	449	126	7	1	436	60	498	0.0	585
PF3D7_1240400|DBLa|1|61|496	QG0201-C.g637	31.624	234	111	13	156	345	1088	1316	4.82e-12	70.9
PF3D7_1240400|CIDRa|1|497|799	PT0141-C.g567	69.932	296	85	3	1	295	510	802	5.34e-124	391
PF3D7_1240400|CIDRa|1|497|799	PA0018-C.g292	69.697	297	87	2	1	297	498	791	8.07e-121	377
PF3D7_1240400|CIDRa|1|497|799	PT0066-C.g412	69.697	297	87	2	1	297	516	809	1.65e-119	380
PF3D7_1240400|CIDRa|1|497|799	PM0103-C.g188	69.697	297	87	2	1	297	492	785	4.33e-119	378
PF3D7_1240400|CIDRa|1|497|799	SenT233.08.g135	69.697	297	87	2	1	297	491	784	6.23e-119	378
PF3D7_1240400|CIDRa|1|497|799	SenT233.08.g135	43.333	60	34	0	150	209	1977	2036	5.12e-08	56.6
PF3D7_1240400|DBLd|1|882|1427	PF0282-C.g416	53.925	586	162	15	1	546	916	1433	3.89e-172	533
PF3D7_1240400|DBLd|1|882|1427	PF0282-C.g416	21.277	282	169	9	203	472	170	410	3.56e-08	58.9
PF3D7_1240400|DBLd|1|882|1427	QG0226-C.g3149	51.365	586	187	15	1	546	809	1336	2.14e-162	506
PF3D7_1240400|DBLd|1|882|1427	QG0226-C.g3149	28.729	181	112	6	379	546	304	480	6.49e-13	74.3
PF3D7_1240400|DBLd|1|882|1427	PF0513-C.g6489	49.141	582	208	16	1	546	203	732	7.21e-157	479
PF3D7_1240400|DBLd|1|882|1427	PM0133-C.g689	52.708	554	156	21	18	546	858	1330	7.15e-148	462
PF3D7_1240400|DBLd|1|882|1427	PM0133-C.g689	30.526	95	66	0	379	473	311	405	1.37e-10	66.6
PF3D7_1240400|DBLd|1|882|1427	PA0213-C.g1224	49.647	566	197	20	1	546	905	1402	2.22e-143	455
PF3D7_1240400|DBLd|1|882|1427	PA0213-C.g1224	29.474	95	66	1	379	472	325	419	1.22e-07	57.4
PF3D7_1240400|CIDRb|1|1428|1679	PF0282-C.g416	100.000	252	0	0	1	252	1434	1685	9.38e-174	525
PF3D7_1240400|CIDRb|1|1428|1679	PM0146-C.g447	85.124	242	32	3	13	252	1452	1691	2.76e-119	376
PF3D7_1240400|CIDRb|1|1428|1679	PV0142-C.g20	80.165	242	45	3	1	242	129	367	1.49e-112	352
PF3D7_1240400|CIDRb|1|1428|1679	PV0112-C.g69	80.165	242	45	3	1	242	232	470	2.61e-112	353
PF3D7_1240400|CIDRb|1|1428|1679	PH0305-C.g111	80.165	242	45	3	1	242	1849	2087	1.30e-111	354
PF3D7_1240400|CIDRb|1|1428|1679	PH0305-C.g111	27.273	132	93	3	41	170	518	648	2.10e-07	53.9
PF3D7_1240400|ATS|1|1792|2287	PFKE11.g671	75.522	527	67	10	1	496	2046	2541	0.0	736
PF3D7_1240400|ATS|1|1792|2287	PF0638-C.g8678	76.877	506	87	6	1	496	1747	2232	0.0	716
PF3D7_1240400|ATS|1|1792|2287	PFKE09.g410	76.553	499	96	6	1	496	1751	2231	0.0	709
PF3D7_1240400|ATS|1|1792|2287	PV0128-C.g36	77.710	489	81	7	1	484	1848	2313	0.0	707
PF3D7_1240400|ATS|1|1792|2287	PC0107-C.g222	77.684	475	75	8	1	471	1797	2244	0.0	689
PF3D7_1240600|NTS|1|1|62	PA0193-C.g839	100.000	62	0	0	1	62	1	62	5.01e-35	125
PF3D7_1240600|NTS|1|1|62	PH0932-C.g14	89.474	57	6	0	6	62	15	71	8.70e-26	99.8
PF3D7_1240600|NTS|1|1|62	PH0325-C.g506	89.474	57	6	0	6	62	15	71	6.44e-25	97.4
PF3D7_1240600|NTS|1|1|62	PT0071-C.g852	89.474	57	6	0	6	62	15	71	6.44e-25	97.4
PF3D7_1240600|NTS|1|1|62	PT0071-C.g792	89.474	57	6	0	6	62	15	71	8.80e-25	97.1
PF3D7_1240600|DBLa|1|63|521	PA0261-C.g437	68.376	468	128	6	1	459	65	521	0.0	633
PF3D7_1240600|DBLa|1|63|521	QG0250-C.g2799	67.511	474	108	11	12	459	88	541	0.0	605
PF3D7_1240600|DBLa|1|63|521	QG0250-C.g2799	27.336	289	183	11	58	324	1134	1417	2.72e-16	84.3
PF3D7_1240600|DBLa|1|63|521	QG0249-C.g835	67.511	474	108	11	12	459	88	541	0.0	605
PF3D7_1240600|DBLa|1|63|521	QG0249-C.g835	27.336	289	183	11	58	324	1134	1417	2.72e-16	84.3
PF3D7_1240600|DBLa|1|63|521	QG0275-C.g614	67.511	474	108	11	12	459	88	541	0.0	605
PF3D7_1240600|DBLa|1|63|521	QG0275-C.g614	28.444	225	144	6	125	344	1117	1329	1.99e-18	90.9
PF3D7_1240600|DBLa|1|63|521	PV0287-C.g57	67.019	473	126	13	1	459	61	517	0.0	599
PF3D7_1240600|DBLa|1|63|521	PV0287-C.g57	24.481	241	146	5	184	393	1151	1386	1.94e-10	65.9
PF3D7_1240600|CIDRa|1|522|933	PA0152-C.g333	89.520	229	20	2	180	408	2	226	1.40e-128	400
PF3D7_1240600|CIDRa|1|522|933	PT0109-C.g679	88.462	234	24	2	175	408	606	836	7.09e-119	382
PF3D7_1240600|CIDRa|1|522|933	PT0109-C.g679	64.179	67	18	2	1	61	526	592	2.23e-15	80.9
PF3D7_1240600|CIDRa|1|522|933	PH0329-C.g18	67.089	237	65	5	180	412	600	827	1.34e-99	320
PF3D7_1240600|CIDRa|1|522|933	PA0157-C.g921	61.455	275	80	8	153	412	598	861	6.61e-97	315
PF3D7_1240600|CIDRa|1|522|933	PA0157-C.g921	47.674	86	40	2	1	84	536	618	4.89e-10	63.9
PF3D7_1240600|CIDRa|1|522|933	PH0367-C.g423	67.089	237	65	5	180	412	600	827	3.16e-96	317
PF3D7_1240600|DBLd|1|1033|1536	PA0263-C.g970	50.460	543	193	14	1	504	896	1401	3.77e-157	491
PF3D7_1240600|DBLd|1|1033|1536	PA0263-C.g970	25.379	264	162	7	228	470	188	437	6.62e-11	67.8
PF3D7_1240600|DBLd|1|1033|1536	PT0059-C.g204	49.328	521	215	12	1	504	2141	2629	2.48e-148	472
PF3D7_1240600|DBLd|1|1033|1536	PT0059-C.g204	25.745	369	162	10	66	433	1644	1901	3.29e-27	119
PF3D7_1240600|DBLd|1|1033|1536	PT0059-C.g204	25.939	293	145	7	142	433	1290	1511	1.69e-22	104
PF3D7_1240600|DBLd|1|1033|1536	PT0059-C.g204	21.595	301	184	8	228	504	196	468	1.52e-14	79.3
PF3D7_1240600|DBLd|1|1033|1536	PA0079-C.g205	50.182	548	176	20	1	504	906	1400	2.42e-146	461
PF3D7_1240600|DBLd|1|1033|1536	PA0079-C.g205	24.280	243	152	6	203	433	200	422	2.67e-11	68.9
PF3D7_1240600|DBLd|1|1033|1536	PC0103-C.g960	49.162	537	208	15	1	504	855	1359	4.91e-145	458
PF3D7_1240600|DBLd|1|1033|1536	PC0103-C.g960	28.962	183	110	6	332	494	305	487	7.69e-10	64.3
PF3D7_1240600|DBLd|1|1033|1536	QG0297-C.g3965	47.961	515	214	12	1	504	198	669	3.21e-144	442
PF3D7_1240600|CIDRb|1|1537|1804	QG0205-C.g441	74.908	271	53	6	1	268	1802	2060	1.55e-113	361
PF3D7_1240600|CIDRb|1|1537|1804	QG0205-C.g441	34.000	100	61	2	86	180	568	667	4.20e-09	59.3
PF3D7_1240600|CIDRb|1|1537|1804	PM0134-C.g439	69.847	262	71	3	1	260	579	834	3.19e-113	350
PF3D7_1240600|CIDRb|1|1537|1804	PM0037-C.g1602	69.847	262	71	3	1	260	1849	2104	3.71e-109	348
PF3D7_1240600|CIDRb|1|1537|1804	PA0263-C.g970	84.186	215	33	1	42	256	1436	1649	1.01e-108	347
PF3D7_1240600|CIDRb|1|1537|1804	PF0207-C.g224	66.667	267	77	5	1	267	2072	2326	9.32e-106	338
PF3D7_1240600|ATS|1|1894|2359	PV0028-C.g24	84.879	496	34	5	1	466	1827	2311	0.0	822
PF3D7_1240600|ATS|1|1894|2359	PD0497-C.g400	85.256	468	56	6	2	466	2488	2945	0.0	803
PF3D7_1240600|ATS|1|1894|2359	PV0118-C.g21	81.363	499	53	5	1	466	2115	2606	0.0	797
PF3D7_1240600|ATS|1|1894|2359	PFKE12.g18	84.486	477	47	7	1	466	1747	2207	0.0	788
PF3D7_1240600|ATS|1|1894|2359	PD0518-C.g670	74.573	468	97	8	1	466	1690	2137	0.0	678
PF3D7_1240900|NTS|1|1|64	PM0129-C.g1483	100.000	58	0	0	7	64	1	58	9.53e-32	116
PF3D7_1240900|NTS|1|1|64	QG0194-C.g1074	73.438	64	17	0	1	64	1	64	7.55e-22	88.6
PF3D7_1240900|NTS|1|1|64	PF0590-C.g600	66.667	66	19	1	1	63	1	66	1.82e-19	82.0
PF3D7_1240900|NTS|1|1|64	PT0240-C.g14	69.697	66	18	2	1	64	1	66	1.15e-18	79.7
PF3D7_1240900|NTS|1|1|64	QG0247-C.g2421	65.625	64	18	1	1	64	1	60	1.47e-18	79.3
PF3D7_1240900|DBLa|1|65|513	PM0129-C.g1483	67.457	464	119	10	1	449	59	505	0.0	595
PF3D7_1240900|DBLa|1|65|513	PM0129-C.g1483	26.866	201	122	5	187	362	1172	1372	3.27e-11	68.2
PF3D7_1240900|DBLa|1|65|513	PV0094-C.g55	67.597	466	131	9	1	449	61	523	0.0	583
PF3D7_1240900|DBLa|1|65|513	PV0094-C.g55	25.346	217	148	3	130	346	1127	1329	1.61e-14	78.6
PF3D7_1240900|DBLa|1|65|513	PC0005-Cx.g497	67.749	462	119	11	1	449	63	507	0.0	582
PF3D7_1240900|DBLa|1|65|513	PC0005-Cx.g497	23.684	190	108	6	187	345	1171	1354	1.32e-08	60.1
PF3D7_1240900|DBLa|1|65|513	PFKE12.g89	68.831	462	114	12	1	449	67	511	0.0	581
PF3D7_1240900|DBLa|1|65|513	PFKE12.g89	22.989	261	148	8	135	356	1121	1367	7.02e-10	63.9
PF3D7_1240900|DBLa|1|65|513	PC0066-C.g3005	68.398	462	116	11	1	449	67	511	0.0	581
PF3D7_1240900|DBLa|1|65|513	PC0066-C.g3005	22.989	261	148	8	135	356	1121	1367	8.63e-10	63.5
PF3D7_1240900|CIDRa|1|514|830	QG0258-C.g271	93.060	317	13	1	1	317	518	825	0.0	595
PF3D7_1240900|CIDRa|1|514|830	SenT061.09.g564	70.997	331	78	6	1	317	211	537	6.85e-139	430
PF3D7_1240900|CIDRa|1|514|830	SenT061.09.g564	37.647	85	51	2	134	217	1263	1346	7.44e-09	59.3
PF3D7_1240900|CIDRa|1|514|830	PM0161-C.g3087	62.500	328	100	8	1	315	358	675	1.16e-114	366
PF3D7_1240900|CIDRa|1|514|830	PT0080-C.g680	66.265	332	88	7	1	316	502	825	6.42e-113	360
PF3D7_1240900|CIDRa|1|514|830	PM0019-C.g1609	66.265	332	88	7	1	316	494	817	1.16e-112	360
PF3D7_1240900|DBLd|1|924|1444	PA0074-C.g550	56.089	542	173	19	1	521	905	1402	2.98e-172	532
PF3D7_1240900|DBLd|1|924|1444	PA0074-C.g550	25.424	177	109	7	282	455	263	419	1.18e-09	63.5
PF3D7_1240900|DBLd|1|924|1444	PA0213-C.g1224	56.089	542	173	19	1	521	905	1402	3.21e-172	532
PF3D7_1240900|DBLd|1|924|1444	PA0213-C.g1224	25.424	177	109	7	282	455	263	419	1.16e-09	63.9
PF3D7_1240900|DBLd|1|924|1444	PA0100-C.g297	56.089	542	173	19	1	521	905	1402	4.39e-172	532
PF3D7_1240900|DBLd|1|924|1444	PA0100-C.g297	25.424	177	109	7	282	455	263	419	1.19e-09	63.5
PF3D7_1240900|DBLd|1|924|1444	PA0061-C.g676	56.089	542	173	19	1	521	905	1402	4.39e-172	532
PF3D7_1240900|DBLd|1|924|1444	PA0061-C.g676	25.424	177	109	7	282	455	263	419	1.19e-09	63.5
PF3D7_1240900|DBLd|1|924|1444	QE0444-C.g759	52.198	546	200	16	1	521	652	1161	3.21e-165	509
PF3D7_1240900|CIDRb|1|1445|1701	PT0073-C.g728	82.422	256	44	1	2	257	1382	1636	1.17e-140	435
PF3D7_1240900|CIDRb|1|1445|1701	PT0073-C.g728	26.220	164	103	4	102	254	625	781	1.17e-10	63.9
PF3D7_1240900|CIDRb|1|1445|1701	PA0040-C.g493	82.745	255	37	3	2	249	1346	1600	9.53e-137	424
PF3D7_1240900|CIDRb|1|1445|1701	PC0061-C.g729	85.317	252	37	0	1	252	1565	1816	4.58e-136	424
PF3D7_1240900|CIDRb|1|1445|1701	QG0216-C.g988	82.171	258	45	1	1	257	1426	1683	1.36e-131	410
PF3D7_1240900|CIDRb|1|1445|1701	PA0092-C.g688	74.104	251	58	4	1	249	1338	1583	1.10e-114	363
PF3D7_1240900|ATS|1|1801|2287	PA0221-C.g780	94.251	487	13	1	1	487	1803	2274	0.0	937
PF3D7_1240900|ATS|1|1801|2287	PFKE11.g671	80.556	504	73	6	1	487	2046	2541	0.0	791
PF3D7_1240900|ATS|1|1801|2287	PfKE03.g341	94.866	409	21	0	1	409	1170	1578	0.0	776
PF3D7_1240900|ATS|1|1801|2287	QE0439-C.g985	84.318	491	64	6	1	487	1674	2155	0.0	752
PF3D7_1240900|ATS|1|1801|2287	PD0472-C.g722	82.077	491	67	9	1	487	1681	2154	0.0	750
PF3D7_1255200|NTS|1|1|66	PA0202-C.g1	72.308	65	14	2	1	65	1	61	7.59e-20	83.2
PF3D7_1255200|NTS|1|1|66	PF0298-C.g533	71.875	64	14	2	2	65	4	63	3.10e-19	81.3
PF3D7_1255200|NTS|1|1|66	PM0018-C.g132	70.492	61	16	1	6	66	5	63	3.21e-19	81.3
PF3D7_1255200|NTS|1|1|66	PT0106-C.g111	70.492	61	16	1	6	66	5	63	3.30e-19	81.3
PF3D7_1255200|NTS|1|1|66	PM0152-C.g551	71.875	64	14	2	2	65	4	63	5.96e-19	80.5
PF3D7_1255200|DBLa|1|67|492	PD0569-C.g804	65.376	439	137	6	1	426	63	499	0.0	573
PF3D7_1255200|DBLa|1|67|492	PD0569-C.g804	26.829	246	137	7	123	337	1013	1246	1.02e-14	79.0
PF3D7_1255200|DBLa|1|67|492	PD0550-C.g652	65.376	439	137	6	1	426	63	499	0.0	573
PF3D7_1255200|DBLa|1|67|492	PD0550-C.g652	26.829	246	137	7	123	337	1013	1246	1.02e-14	79.0
PF3D7_1255200|DBLa|1|67|492	PD0549-C.g687	65.376	439	137	6	1	426	63	499	0.0	573
PF3D7_1255200|DBLa|1|67|492	PD0549-C.g687	26.829	246	137	7	123	337	1013	1246	1.02e-14	79.0
PF3D7_1255200|DBLa|1|67|492	PD0546-C.g799	65.376	439	137	6	1	426	63	499	0.0	573
PF3D7_1255200|DBLa|1|67|492	PD0546-C.g799	26.829	246	137	7	123	337	1013	1246	1.02e-14	79.0
PF3D7_1255200|DBLa|1|67|492	PD0527-C.g584	65.376	439	137	6	1	426	63	499	0.0	573
PF3D7_1255200|DBLa|1|67|492	PD0527-C.g584	26.829	246	137	7	123	337	1013	1246	1.04e-14	79.0
PF3D7_1255200|CIDRa|1|493|764	PM0108-C.g8	92.251	271	19	1	1	271	493	761	1.69e-170	516
PF3D7_1255200|CIDRa|1|493|764	PA0065-C.g462	92.251	271	19	1	1	271	518	786	3.11e-170	515
PF3D7_1255200|CIDRa|1|493|764	PT0206-Cx.g468	85.240	271	38	1	1	271	509	777	4.50e-155	477
PF3D7_1255200|CIDRa|1|493|764	QG0205-C.g738	78.388	273	57	2	1	272	491	762	7.81e-139	431
PF3D7_1255200|CIDRa|1|493|764	PM0058-C.g657	71.678	286	64	2	1	271	508	791	1.05e-130	408
PF3D7_1255200|DBLd|1|861|1423	PM0076-C.g1131	45.652	598	239	20	1	563	830	1376	3.36e-140	447
PF3D7_1255200|DBLd|1|861|1423	PM0076-C.g1131	28.155	206	119	7	377	563	295	490	6.69e-13	74.3
PF3D7_1255200|DBLd|1|861|1423	PV0134-C.g99	46.959	592	187	24	1	563	46	539	6.00e-135	426
PF3D7_1255200|DBLd|1|861|1423	PC0069-C.g386	45.785	605	231	17	1	563	908	1457	8.26e-135	433
PF3D7_1255200|DBLd|1|861|1423	PC0069-C.g386	24.460	139	98	2	367	499	291	428	6.06e-10	64.7
PF3D7_1255200|DBLd|1|861|1423	PT0184-C.g443	45.089	621	223	22	1	563	840	1400	1.03e-134	432
PF3D7_1255200|DBLd|1|861|1423	PT0184-C.g443	30.702	114	68	4	386	493	307	415	1.61e-08	60.5
PF3D7_1255200|DBLd|1|861|1423	PF0782-C.g570	48.455	615	235	21	1	563	905	1489	2.02e-134	432
PF3D7_1255200|DBLd|1|861|1423	PF0782-C.g570	28.866	97	63	1	404	494	315	411	7.24e-09	61.2
PF3D7_1255200|CIDRb|1|1424|1681	PF0235-C.g519	77.395	261	54	3	1	258	605	863	6.78e-120	367
PF3D7_1255200|CIDRb|1|1424|1681	QG0295-C.g2943	73.234	269	61	4	1	258	1411	1679	5.00e-109	347
PF3D7_1255200|CIDRb|1|1424|1681	PT0195-Cx.g630	63.019	265	82	5	1	256	600	857	1.16e-99	313
PF3D7_1255200|CIDRb|1|1424|1681	QG0277-C.g790	63.019	265	82	5	1	256	1346	1603	1.91e-96	311
PF3D7_1255200|CIDRb|1|1424|1681	PA0067-C.g595	58.397	262	104	3	1	257	616	877	3.21e-93	297
PF3D7_1255200|ATS|1|1806|2268	PV0028-C.g50	81.184	473	62	6	1	463	2600	3055	0.0	723
PF3D7_1255200|ATS|1|1806|2268	PA0245-C.g998	78.755	466	88	7	1	463	1706	2163	0.0	703
PF3D7_1255200|ATS|1|1806|2268	QE0436-C.g591	77.439	492	80	5	1	463	1702	2191	0.0	697
PF3D7_1255200|ATS|1|1806|2268	PA0245-C.g391	78.186	463	74	7	1	463	2512	2947	0.0	682
PF3D7_1255200|ATS|1|1806|2268	PA0270-C.g443	76.774	465	96	9	1	463	2185	2639	0.0	671
PF3D7_1300100|NTS|1|1|59	PA0254-C.g834	95.745	47	2	0	1	47	1	47	1.74e-23	93.2
PF3D7_1300100|NTS|1|1|59	PM0157-C.g125	63.934	61	20	1	1	59	1	61	1.55e-19	81.6
PF3D7_1300100|NTS|1|1|59	PA0151-C.g618	66.102	59	20	0	1	59	1	59	6.63e-19	80.1
PF3D7_1300100|NTS|1|1|59	PA0260-C.g600	64.407	59	21	0	1	59	1	59	2.70e-18	78.2
PF3D7_1300100|NTS|1|1|59	PM0152-C.g73	64.407	59	21	0	1	59	1	59	3.68e-18	77.8
PF3D7_1300100|DBLa|1|60|497	PM0021-C.g199	75.730	445	84	10	1	438	69	496	0.0	669
PF3D7_1300100|DBLa|1|60|497	PM0021-C.g199	27.168	346	183	11	56	392	860	1145	9.24e-23	103
PF3D7_1300100|DBLa|1|60|497	PM0021-C.g199	27.299	348	202	16	117	438	1864	2186	1.09e-14	79.3
PF3D7_1300100|DBLa|1|60|497	PA0183-C.g576	72.336	441	107	5	1	438	67	495	0.0	627
PF3D7_1300100|DBLa|1|60|497	PA0183-C.g576	28.947	304	159	9	153	438	1094	1358	4.08e-21	99.0
PF3D7_1300100|DBLa|1|60|497	PD0562-C.g187	72.260	447	94	9	1	438	72	497	0.0	626
PF3D7_1300100|DBLa|1|60|497	PD0562-C.g187	30.878	353	168	10	53	393	864	1152	3.51e-35	141
PF3D7_1300100|DBLa|1|60|497	PD0562-C.g187	29.811	265	139	10	194	438	1533	1770	1.80e-19	94.0
PF3D7_1300100|DBLa|1|60|497	PD0552-C.g621	72.260	447	94	9	1	438	72	497	0.0	626
PF3D7_1300100|DBLa|1|60|497	PD0552-C.g621	30.878	353	168	10	53	393	864	1152	3.51e-35	141
PF3D7_1300100|DBLa|1|60|497	PD0552-C.g621	29.811	265	139	10	194	438	1533	1770	1.80e-19	94.0
PF3D7_1300100|DBLa|1|60|497	PA0251-C.g1050	70.682	440	103	9	1	438	73	488	0.0	611
PF3D7_1300100|DBLa|1|60|497	PA0251-C.g1050	24.784	347	210	14	116	438	1042	1361	2.43e-12	71.6
PF3D7_1300100|CIDRa|1|498|754	PM0076-C.g51	80.078	256	51	0	1	256	1	256	3.55e-137	415
PF3D7_1300100|CIDRa|1|498|754	PM0076-C.g51	30.370	135	84	3	39	172	783	908	1.64e-11	66.2
PF3D7_1300100|CIDRa|1|498|754	PA0263-C.g1760	80.078	256	51	0	1	256	301	556	2.81e-134	415
PF3D7_1300100|CIDRa|1|498|754	QG0184-C.g529	80.078	256	51	0	1	256	475	730	7.05e-134	415
PF3D7_1300100|CIDRa|1|498|754	QG0184-C.g529	29.630	135	85	3	39	172	1310	1435	6.58e-12	67.4
PF3D7_1300100|CIDRa|1|498|754	PA0180-C.g616	80.078	256	51	0	1	256	495	750	1.09e-133	414
PF3D7_1300100|CIDRa|1|498|754	PA0180-C.g616	30.370	135	84	3	39	172	1268	1393	1.96e-11	66.2
PF3D7_1300100|CIDRa|1|498|754	PC0122-C.g530	80.078	256	51	0	1	256	495	750	4.40e-133	416
PF3D7_1300100|CIDRa|1|498|754	PC0122-C.g530	30.370	135	84	3	39	172	1312	1437	2.43e-11	65.9
PF3D7_1300100|DBLd|1|851|1332	PV0241-C.g49	53.906	512	197	15	1	482	838	1340	3.95e-158	491
PF3D7_1300100|DBLd|1|851|1332	PV0241-C.g49	25.182	274	132	12	248	482	246	485	3.72e-09	62.0
PF3D7_1300100|DBLd|1|851|1332	PV0234-C.g69	53.906	512	197	15	1	482	838	1340	3.95e-158	491
PF3D7_1300100|DBLd|1|851|1332	PV0234-C.g69	25.182	274	132	12	248	482	246	485	3.72e-09	62.0
PF3D7_1300100|DBLd|1|851|1332	PC0065-C.g98	53.612	526	184	19	1	482	844	1353	4.65e-156	486
PF3D7_1300100|DBLd|1|851|1332	QE0400-C.g558	53.107	531	169	18	1	482	922	1421	4.83e-154	482
PF3D7_1300100|DBLd|1|851|1332	QE0400-C.g558	26.596	282	138	13	248	482	263	522	1.75e-13	75.9
PF3D7_1300100|DBLd|1|851|1332	QG0258-C.g271	54.134	508	184	14	1	482	919	1403	1.01e-153	481
PF3D7_1300100|DBLd|1|851|1332	QG0258-C.g271	26.816	179	99	7	248	416	259	415	4.26e-09	61.6
PF3D7_1300100|CIDRb|1|1333|1586	QG0184-C.g597	72.932	266	52	6	2	254	1334	1592	3.30e-101	325
PF3D7_1300100|CIDRb|1|1333|1586	PV0241-C.g49	68.526	251	71	5	1	248	1341	1586	1.76e-92	300
PF3D7_1300100|CIDRb|1|1333|1586	PV0234-C.g69	68.526	251	71	5	1	248	1341	1586	1.76e-92	300
PF3D7_1300100|CIDRb|1|1333|1586	PM0145-C.g518	57.977	257	100	4	1	254	1405	1656	2.49e-88	288
PF3D7_1300100|CIDRb|1|1333|1586	PFKE07.g78	60.317	252	86	5	3	247	1297	1541	3.15e-88	287
PF3D7_1300100|CIDRb|1|1333|1586	PFKE07.g78	29.412	153	93	4	98	240	583	730	5.48e-12	67.8
PF3D7_1300100|ATS|1|1706|2162	PA0270-C.g443	80.392	459	84	5	1	457	2185	2639	0.0	717
PF3D7_1300100|ATS|1|1706|2162	PA0245-C.g998	79.004	462	88	5	1	457	1706	2163	0.0	699
PF3D7_1300100|ATS|1|1706|2162	PV0099-C.g26	79.828	466	82	5	1	457	2596	3058	0.0	690
PF3D7_1300100|ATS|1|1706|2162	PV0028-C.g43	77.538	463	72	10	1	457	1843	2279	0.0	687
PF3D7_1300100|ATS|1|1706|2162	QE0475-C.g596	78.112	466	88	7	1	457	1737	2197	0.0	680
PF3D7_1300300|NTS|1|1|77	PT0017-CW.g180	88.312	77	9	0	1	77	1	77	4.85e-37	132
PF3D7_1300300|NTS|1|1|77	QG0214-C.g1593	88.312	77	9	0	1	77	1	77	4.96e-37	132
PF3D7_1300300|NTS|1|1|77	QG0201-C.g131	89.610	77	8	0	1	77	1	77	1.92e-36	130
PF3D7_1300300|NTS|1|1|77	QG0275-C.g989	89.610	77	8	0	1	77	1	77	1.92e-36	130
PF3D7_1300300|NTS|1|1|77	PC0122-C.g188	89.610	77	8	0	1	77	1	77	1.97e-36	130
PF3D7_1300300|DBLa|1|78|469	PM0108-C.g517	81.061	396	71	2	1	392	75	470	0.0	635
PF3D7_1300300|DBLa|1|78|469	PM0108-C.g517	30.030	333	172	11	1	321	818	1101	2.34e-33	134
PF3D7_1300300|DBLa|1|78|469	PM0108-C.g517	29.759	373	220	10	11	368	1660	2005	2.62e-33	134
PF3D7_1300300|DBLa|1|78|469	PM0108-C.g517	24.723	271	147	10	53	320	2083	2299	5.07e-13	73.6
PF3D7_1300300|DBLa|1|78|469	PM0108-C.g517	19.863	292	172	7	54	319	1255	1510	2.98e-10	64.7
PF3D7_1300300|DBLa|1|78|469	QE0464-C.g414	78.934	394	81	1	1	392	76	469	0.0	615
PF3D7_1300300|DBLa|1|78|469	QE0464-C.g414	29.080	337	178	11	11	331	815	1106	3.08e-31	128
PF3D7_1300300|DBLa|1|78|469	QE0464-C.g414	25.763	295	159	10	144	392	2096	2376	3.17e-15	80.1
PF3D7_1300300|DBLa|1|78|469	QE0464-C.g414	21.705	387	229	12	8	359	1293	1640	5.43e-14	76.3
PF3D7_1300300|DBLa|1|78|469	QE0410-C.g1088	78.934	394	81	1	1	392	76	469	0.0	614
PF3D7_1300300|DBLa|1|78|469	QE0410-C.g1088	35.185	324	175	10	55	365	2414	2715	1.74e-49	182
PF3D7_1300300|DBLa|1|78|469	QE0410-C.g1088	29.518	332	173	11	11	324	815	1103	2.60e-33	134
PF3D7_1300300|DBLa|1|78|469	QE0410-C.g1088	30.584	291	169	8	120	392	1748	2023	1.01e-27	118
PF3D7_1300300|DBLa|1|78|469	QE0410-C.g1088	27.244	312	164	12	51	355	2797	3052	4.44e-17	85.9
PF3D7_1300300|DBLa|1|78|469	QE0410-C.g1088	24.074	324	188	12	47	341	1255	1549	8.41e-13	72.8
PF3D7_1300300|DBLa|1|78|469	PA0137-C.g306	75.635	394	93	2	1	392	69	461	0.0	592
PF3D7_1300300|DBLa|1|78|469	PA0137-C.g306	26.380	326	174	13	113	392	1387	1692	6.39e-19	91.7
PF3D7_1300300|DBLa|1|78|469	PA0137-C.g306	24.342	304	174	11	48	329	886	1155	2.74e-12	71.2
PF3D7_1300300|DBLa|1|78|469	PA0214-C.g185	73.604	394	102	1	1	392	76	469	0.0	591
PF3D7_1300300|DBLa|1|78|469	PA0214-C.g185	28.571	315	160	13	21	319	831	1096	3.41e-26	113
PF3D7_1300300|DBLa|1|78|469	PA0214-C.g185	26.644	289	169	9	136	392	2008	2285	3.59e-21	98.2
PF3D7_1300300|DBLa|1|78|469	PA0214-C.g185	22.310	381	246	10	1	361	1311	1661	2.57e-14	77.4
PF3D7_1300300|CIDRd|1|470|724	PA0213-C.g196	100.000	255	0	0	1	255	466	720	3.65e-172	509
PF3D7_1300300|CIDRd|1|470|724	PM0041-C.g1027	100.000	255	0	0	1	255	457	711	2.97e-169	510
PF3D7_1300300|CIDRd|1|470|724	PA0195-C.g327	100.000	255	0	0	1	255	380	634	3.13e-168	513
PF3D7_1300300|CIDRd|1|470|724	PA0195-C.g327	33.969	262	141	8	5	254	1720	1961	4.95e-32	126
PF3D7_1300300|CIDRd|1|470|724	PM0084-C.g79	100.000	255	0	0	1	255	260	514	4.59e-167	512
PF3D7_1300300|CIDRd|1|470|724	PM0084-C.g79	39.111	225	137	0	31	255	1545	1769	5.41e-44	160
PF3D7_1300300|CIDRd|1|470|724	PT0195-Cx.g895	100.000	255	0	0	1	255	468	722	1.06e-166	513
PF3D7_1300300|CIDRd|1|470|724	PT0195-Cx.g895	37.037	216	136	0	40	255	2054	2269	3.38e-42	155
PF3D7_1300300|DBLb|1|748|1194	PA0213-C.g196	99.776	447	1	0	1	447	744	1190	0.0	941
PF3D7_1300300|DBLb|1|748|1194	PA0213-C.g196	31.065	338	183	16	2	305	11	332	1.36e-25	112
PF3D7_1300300|DBLb|1|748|1194	PM0084-C.g79	79.050	463	76	6	1	447	538	995	0.0	716
PF3D7_1300300|DBLb|1|748|1194	PM0084-C.g79	44.742	485	214	17	1	447	1802	2270	1.41e-116	378
PF3D7_1300300|DBLb|1|748|1194	PM0084-C.g79	30.714	140	75	5	200	320	4	140	4.32e-09	61.6
PF3D7_1300300|DBLb|1|748|1194	PF0400-C.g169	70.306	458	115	11	1	447	733	1180	0.0	603
PF3D7_1300300|DBLb|1|748|1194	PF0400-C.g169	30.361	415	214	21	9	369	16	409	6.46e-29	122
PF3D7_1300300|DBLb|1|748|1194	PF0400-C.g169	25.155	322	182	10	97	385	1347	1642	2.26e-11	68.9
PF3D7_1300300|DBLb|1|748|1194	PV0134-C.g17	63.816	456	152	7	1	447	731	1182	0.0	578
PF3D7_1300300|DBLb|1|748|1194	PV0134-C.g17	29.923	391	199	16	42	381	48	414	1.53e-35	142
PF3D7_1300300|DBLb|1|748|1194	PV0134-C.g17	26.259	278	160	9	97	350	1227	1483	1.64e-20	97.4
PF3D7_1300300|DBLb|1|748|1194	PH0815-C.g964	61.771	463	148	7	1	447	730	1179	1.67e-180	548
PF3D7_1300300|DBLb|1|748|1194	PH0815-C.g964	29.695	394	199	17	40	381	46	413	2.58e-36	144
PF3D7_1300300|DBLb|1|748|1194	PH0815-C.g964	25.915	328	192	10	88	387	1220	1524	2.72e-23	105
PF3D7_1300300|DBLg|1|1212|1567	PH0592-C.g65	84.314	357	54	2	1	356	1675	2030	0.0	573
PF3D7_1300300|DBLg|1|1212|1567	PH0592-C.g65	39.773	352	177	12	1	329	1228	1567	5.06e-62	217
PF3D7_1300300|DBLg|1|1212|1567	PH0592-C.g65	32.738	336	149	10	33	302	2066	2390	8.87e-42	158
PF3D7_1300300|DBLg|1|1212|1567	PH0592-C.g65	28.571	231	129	9	42	256	119	329	6.23e-17	84.7
PF3D7_1300300|DBLg|1|1212|1567	PH0592-C.g65	24.074	270	149	11	42	279	829	1074	4.41e-09	60.8
PF3D7_1300300|DBLg|1|1212|1567	PV0211-C.g36	84.314	357	54	2	1	356	1687	2042	0.0	572
PF3D7_1300300|DBLg|1|1212|1567	PV0211-C.g36	39.489	352	178	12	1	329	1240	1579	1.35e-60	213
PF3D7_1300300|DBLg|1|1212|1567	PV0211-C.g36	35.635	362	191	13	1	333	3204	3552	2.10e-55	197
PF3D7_1300300|DBLg|1|1212|1567	PV0211-C.g36	34.395	314	144	11	33	296	2078	2379	6.20e-43	161
PF3D7_1300300|DBLg|1|1212|1567	PV0211-C.g36	24.113	282	167	6	45	296	128	392	1.52e-14	77.8
PF3D7_1300300|DBLg|1|1212|1567	PV0211-C.g36	22.677	269	170	7	9	254	800	1053	2.25e-13	73.9
PF3D7_1300300|DBLg|1|1212|1567	PV0211-C.g36	24.296	284	154	10	42	294	2847	3100	1.05e-10	65.9
PF3D7_1300300|DBLg|1|1212|1567	QE0429-C.g866	84.314	357	54	2	1	356	1692	2047	0.0	572
PF3D7_1300300|DBLg|1|1212|1567	QE0429-C.g866	39.773	352	177	12	1	329	1245	1584	9.04e-62	216
PF3D7_1300300|DBLg|1|1212|1567	QE0429-C.g866	35.635	362	191	13	1	333	3209	3557	2.36e-55	197
PF3D7_1300300|DBLg|1|1212|1567	QE0429-C.g866	34.395	314	144	11	33	296	2083	2384	7.09e-43	161
PF3D7_1300300|DBLg|1|1212|1567	QE0429-C.g866	25.080	311	181	10	10	286	800	1092	4.28e-15	79.3
PF3D7_1300300|DBLg|1|1212|1567	QE0429-C.g866	24.101	278	168	7	45	296	126	386	5.08e-15	79.0
PF3D7_1300300|DBLg|1|1212|1567	QE0429-C.g866	24.296	284	154	10	42	294	2852	3105	1.23e-10	65.5
PF3D7_1300300|DBLg|1|1212|1567	PA0065-C.g208	82.961	358	57	3	1	356	525	880	0.0	562
PF3D7_1300300|DBLg|1|1212|1567	PA0065-C.g208	40.115	349	182	10	1	332	82	420	3.05e-65	226
PF3D7_1300300|DBLg|1|1212|1567	PA0065-C.g208	36.494	348	188	13	1	333	2037	2366	8.62e-54	193
PF3D7_1300300|DBLg|1|1212|1567	PA0065-C.g208	34.262	359	162	14	1	300	885	1228	1.09e-46	172
PF3D7_1300300|DBLg|1|1212|1567	PA0065-C.g208	22.293	314	200	8	1	294	1642	1931	3.74e-12	70.1
PF3D7_1300300|DBLg|1|1212|1567	PF0122-C.g384	82.402	358	59	3	1	356	1679	2034	2.63e-180	556
PF3D7_1300300|DBLg|1|1212|1567	PF0122-C.g384	40.115	349	182	10	1	332	1236	1574	2.67e-65	226
PF3D7_1300300|DBLg|1|1212|1567	PF0122-C.g384	34.085	355	192	10	1	332	3196	3531	7.88e-51	184
PF3D7_1300300|DBLg|1|1212|1567	PF0122-C.g384	32.288	319	166	9	46	319	2085	2398	3.86e-42	159
PF3D7_1300300|DBLg|1|1212|1567	PF0122-C.g384	22.093	344	207	8	1	300	76	402	2.97e-14	76.6
PF3D7_1300300|DBLg|1|1212|1567	PF0122-C.g384	24.211	285	168	9	36	295	837	1098	1.02e-12	72.0
PF3D7_1300300|DBLg|1|1212|1567	PF0122-C.g384	22.692	260	151	12	43	279	2843	3075	6.44e-07	53.9
PF3D7_1300300|DBLd|1|1572|1981	PF0157-C.g74	96.341	410	15	0	1	410	1551	1960	0.0	820
PF3D7_1300300|DBLd|1|1572|1981	PF0157-C.g74	34.817	382	183	14	3	378	1201	1522	1.04e-49	183
PF3D7_1300300|DBLd|1|1572|1981	PF0157-C.g74	28.499	393	206	12	42	410	120	461	2.86e-28	120
PF3D7_1300300|DBLd|1|1572|1981	PF0157-C.g74	24.242	264	132	9	140	385	912	1125	8.78e-08	57.0
PF3D7_1300300|DBLd|1|1572|1981	QG0184-C.g512	66.184	414	128	6	1	410	1137	1542	3.17e-172	536
PF3D7_1300300|DBLd|1|1572|1981	QG0184-C.g512	33.687	377	161	12	1	366	797	1095	4.89e-46	172
PF3D7_1300300|DBLd|1|1572|1981	QG0184-C.g512	34.758	351	169	15	1	341	2284	2584	1.02e-39	154
PF3D7_1300300|DBLd|1|1572|1981	QG0184-C.g512	24.324	370	199	13	31	383	412	717	2.93e-11	68.2
PF3D7_1300300|DBLd|1|1572|1981	PM0100-C.g2122	65.860	413	135	4	1	410	445	854	4.78e-171	508
PF3D7_1300300|DBLd|1|1572|1981	PM0100-C.g2122	33.088	136	76	5	289	410	10	144	3.05e-08	58.5
PF3D7_1300300|DBLd|1|1572|1981	PT0189-Cx.g847	66.585	410	130	6	1	410	374	776	2.20e-167	511
PF3D7_1300300|DBLd|1|1572|1981	PT0189-Cx.g847	33.333	405	192	11	1	401	28	358	4.00e-47	175
PF3D7_1300300|DBLd|1|1572|1981	QE0399-C.g265	66.024	415	128	9	1	410	896	1302	2.47e-163	510
PF3D7_1300300|DBLd|1|1572|1981	QE0399-C.g265	33.425	365	174	17	1	351	2052	2361	1.04e-34	139
PF3D7_1300300|DBLd|1|1572|1981	QE0399-C.g265	24.458	323	192	6	45	344	113	406	7.18e-17	85.5
PF3D7_1300300|DBLd|1|1572|1981	QE0399-C.g265	21.221	344	183	8	54	377	1703	1978	8.14e-07	53.9
PF3D7_1300300|CIDRb|1|1982|2236	PF0157-C.g74	100.000	255	0	0	1	255	1961	2215	3.59e-171	525
PF3D7_1300300|CIDRb|1|1982|2236	PF0157-C.g74	40.889	225	132	1	32	255	492	716	1.18e-47	171
PF3D7_1300300|CIDRb|1|1982|2236	PV0082-C.g42	81.818	253	46	0	3	255	1288	1540	3.90e-132	414
PF3D7_1300300|CIDRb|1|1982|2236	PV0082-C.g42	28.082	146	93	4	106	247	639	776	4.80e-08	55.8
PF3D7_1300300|CIDRb|1|1982|2236	QE0444-C.g733	79.216	255	53	0	1	255	82	336	1.57e-131	410
PF3D7_1300300|CIDRb|1|1982|2236	PC0104-C.g517	79.216	255	53	0	1	255	1532	1786	2.94e-130	408
PF3D7_1300300|CIDRb|1|1982|2236	PC0104-C.g517	25.258	194	133	6	57	243	533	721	7.77e-08	55.5
PF3D7_1300300|CIDRb|1|1982|2236	PF0190-C.g36	79.216	255	53	0	1	255	1532	1786	4.59e-130	407
PF3D7_1300300|CIDRb|1|1982|2236	PF0190-C.g36	26.639	244	159	9	7	243	498	728	1.25e-13	72.8
PF3D7_1300300|DBLb|2|2265|2726	PF0157-C.g74	100.000	462	0	0	1	462	2244	2705	0.0	960
PF3D7_1300300|DBLb|2|2265|2726	PF0157-C.g74	44.025	477	217	15	1	462	741	1182	1.54e-104	343
PF3D7_1300300|DBLb|2|2265|2726	PF0157-C.g74	29.508	427	196	16	52	406	48	441	1.45e-22	103
PF3D7_1300300|DBLb|2|2265|2726	PF0157-C.g74	23.792	269	149	8	122	365	1247	1484	7.61e-10	63.9
PF3D7_1300300|DBLb|2|2265|2726	PF0157-C.g74	23.362	351	177	13	120	407	1602	1923	4.09e-08	58.5
PF3D7_1300300|DBLb|2|2265|2726	PT0066-C.g685	67.872	470	134	7	1	462	1825	2285	0.0	635
PF3D7_1300300|DBLb|2|2265|2726	PT0066-C.g685	30.051	396	209	14	101	462	2755	3116	4.91e-35	141
PF3D7_1300300|DBLb|2|2265|2726	PT0066-C.g685	32.188	320	155	12	88	365	94	393	1.67e-28	122
PF3D7_1300300|DBLb|2|2265|2726	PT0066-C.g685	25.729	377	197	16	117	462	2351	2675	2.33e-17	87.8
PF3D7_1300300|DBLb|2|2265|2726	PT0066-C.g685	23.585	318	182	12	76	365	772	1056	3.22e-09	62.0
PF3D7_1300300|DBLb|2|2265|2726	PT0066-C.g685	21.519	395	212	14	110	422	1159	1537	9.26e-08	57.4
PF3D7_1300300|DBLb|2|2265|2726	QG0271-C.g261	70.000	470	130	6	1	462	1943	2409	0.0	630
PF3D7_1300300|DBLb|2|2265|2726	QG0271-C.g261	29.138	429	216	16	8	383	9	402	7.77e-31	129
PF3D7_1300300|DBLb|2|2265|2726	QG0271-C.g261	22.906	406	202	14	112	432	1286	1665	2.52e-08	59.3
PF3D7_1300300|DBLb|2|2265|2726	QG0269-C.g95	70.000	470	130	6	1	462	1943	2409	0.0	630
PF3D7_1300300|DBLb|2|2265|2726	QG0269-C.g95	29.138	429	216	16	8	383	9	402	7.77e-31	129
PF3D7_1300300|DBLb|2|2265|2726	QG0269-C.g95	22.906	406	202	14	112	432	1286	1665	2.52e-08	59.3
PF3D7_1300300|DBLb|2|2265|2726	PA0091-C.g666	67.957	465	139	8	1	462	1122	1579	0.0	619
PF3D7_1300300|DBLb|2|2265|2726	PA0091-C.g666	25.436	287	161	9	116	366	97	366	2.79e-11	68.6
PF3D7_1300300|ATS|1|2929|3346	PFKE01.g6	85.915	426	51	2	1	418	2709	3133	0.0	744
PF3D7_1300300|ATS|1|2929|3346	PFKE12.g497	85.514	428	51	3	1	418	2528	2954	0.0	733
PF3D7_1300300|ATS|1|2929|3346	PFKE01.g2	86.936	421	51	4	1	418	3279	3698	0.0	729
PF3D7_1300300|ATS|1|2929|3346	QE0448-C.g49	84.813	428	54	4	1	418	2723	3149	0.0	726
PF3D7_1300300|ATS|1|2929|3346	PfKE02.g4	86.014	429	49	4	1	418	3080	3508	0.0	724
PF3D7_1373500|NTS|1|1|61	PA0165-C.g899	79.167	48	10	0	1	48	1	48	1.85e-19	81.6
PF3D7_1373500|NTS|1|1|61	PA0208-C.g459	70.492	61	17	1	1	61	1	60	5.78e-19	80.5
PF3D7_1373500|NTS|1|1|61	PF0400-C.g402	65.672	67	16	2	1	60	1	67	3.94e-18	77.8
PF3D7_1373500|NTS|1|1|61	PD0640-C.g136	66.667	60	19	1	1	60	1	59	6.36e-18	77.4
PF3D7_1373500|NTS|1|1|61	PH0594-C.g849	66.667	60	19	1	1	60	1	59	9.04e-18	77.0
PF3D7_1373500|DBLa|1|62|514	PA0208-C.g459	81.004	458	62	8	1	453	61	498	0.0	724
PF3D7_1373500|DBLa|1|62|514	PA0208-C.g459	29.719	249	133	10	126	351	1106	1335	6.45e-19	92.4
PF3D7_1373500|DBLa|1|62|514	QE0467-C.g969	70.346	462	115	12	1	453	59	507	0.0	592
PF3D7_1373500|DBLa|1|62|514	QE0467-C.g969	25.995	377	202	15	107	453	1056	1385	5.36e-20	95.9
PF3D7_1373500|DBLa|1|62|514	QE0475-C.g8	70.346	462	115	12	1	453	59	507	0.0	591
PF3D7_1373500|DBLa|1|62|514	QE0475-C.g8	25.826	333	181	13	107	410	1056	1351	4.42e-17	86.7
PF3D7_1373500|DBLa|1|62|514	PF0449-C.g713	69.848	461	112	12	1	453	62	503	0.0	578
PF3D7_1373500|DBLa|1|62|514	PF0449-C.g713	27.481	262	152	8	126	351	1049	1308	2.14e-17	87.8
PF3D7_1373500|DBLa|1|62|514	PC0054-C.g266	68.398	462	120	10	1	453	61	505	0.0	571
PF3D7_1373500|DBLa|1|62|514	PC0054-C.g266	24.033	362	185	13	130	453	1152	1461	5.92e-12	70.5
PF3D7_1373500|CIDRa|1|515|834	QG0298-C.g2025	72.561	328	74	6	1	320	81	400	2.51e-117	363
PF3D7_1373500|CIDRa|1|515|834	PT0039-C.g488	62.963	324	103	6	1	320	499	809	1.47e-115	358
PF3D7_1373500|CIDRa|1|515|834	QE0424-C.g26	62.080	327	104	7	1	320	489	802	6.91e-115	357
PF3D7_1373500|CIDRa|1|515|834	PF0792-C.g431	63.692	325	100	8	1	320	463	774	4.23e-114	357
PF3D7_1373500|CIDRa|1|515|834	SenT105.07.g266	62.500	320	96	7	1	317	496	794	1.76e-113	362
PF3D7_1373500|CIDRa|1|515|834	SenT105.07.g266	33.333	129	69	4	154	268	1485	1610	1.14e-10	65.1
PF3D7_1373500|DBLd|1|923|1404	PM0073-C.g68	52.885	520	191	17	1	482	210	713	6.08e-154	468
PF3D7_1373500|DBLd|1|923|1404	PM0018-C.g842	47.091	550	180	18	1	482	705	1211	6.10e-134	421
PF3D7_1373500|DBLd|1|923|1404	PM0018-C.g842	28.926	242	122	8	228	448	34	246	1.77e-13	75.5
PF3D7_1373500|DBLd|1|923|1404	PC0053-C.g594	47.091	550	180	18	1	482	921	1427	5.63e-132	421
PF3D7_1373500|DBLd|1|923|1404	PC0053-C.g594	25.729	377	198	13	153	482	172	513	3.67e-17	87.4
PF3D7_1373500|DBLd|1|923|1404	PA0245-C.g458	47.985	546	195	18	1	482	1770	2290	2.27e-131	422
PF3D7_1373500|DBLd|1|923|1404	PA0245-C.g458	32.231	363	177	13	79	437	1284	1581	4.25e-37	148
PF3D7_1373500|DBLd|1|923|1404	PA0245-C.g458	22.866	328	201	9	165	482	188	473	3.86e-13	74.7
PF3D7_1373500|DBLd|1|923|1404	SenT184.09.g761	46.992	532	187	19	1	482	507	993	1.70e-130	406
PF3D7_1373500|CIDRb|1|1405|1658	QG0277-C.g767	83.137	255	40	3	1	254	1366	1618	3.55e-133	414
PF3D7_1373500|CIDRb|1|1405|1658	PC0053-C.g664	69.685	254	75	1	1	254	1340	1591	2.86e-110	350
PF3D7_1373500|CIDRb|1|1405|1658	PA0228-C.g4586	69.685	254	75	1	1	254	1415	1666	5.39e-110	350
PF3D7_1373500|CIDRb|1|1405|1658	PA0056-C.g371	64.202	257	86	5	1	254	1319	1572	1.55e-98	317
PF3D7_1373500|CIDRb|1|1405|1658	PA0056-C.g371	24.215	223	149	6	39	249	517	731	5.77e-08	55.8
PF3D7_1373500|CIDRb|1|1405|1658	PA0021-C.g663	64.202	257	86	5	1	254	1319	1572	1.55e-98	317
PF3D7_1373500|CIDRb|1|1405|1658	PA0021-C.g663	24.215	223	149	6	39	249	517	731	5.77e-08	55.8
PF3D7_1373500|ATS|1|1762|2223	PD0483-C.g348	85.991	464	57	3	1	462	2589	3046	0.0	769
PF3D7_1373500|ATS|1|1762|2223	PA0270-C.g443	82.974	464	68	6	1	462	2185	2639	0.0	741
PF3D7_1373500|ATS|1|1762|2223	PA0245-C.g998	81.720	465	75	6	1	462	1706	2163	0.0	729
PF3D7_1373500|ATS|1|1762|2223	PA0245-C.g391	81.641	463	57	7	1	462	2512	2947	0.0	723
PF3D7_1373500|ATS|1|1762|2223	PC0097-C.g664	81.075	465	68	8	1	462	2364	2811	0.0	715
