PfCD01_010006000|NTS|1|1|66	PA0008-C.g813	100.000	66	0	0	1	66	1	66	1.26e-38	136
PfCD01_010006000|NTS|1|1|66	QG0253-C.g3423	96.970	66	2	0	1	66	1	66	2.22e-37	132
PfCD01_010006000|NTS|1|1|66	PV0082-C.g64	68.333	60	19	0	6	65	2	61	5.37e-20	83.6
PfCD01_010006000|NTS|1|1|66	PH0594-C.g1097	68.333	60	19	0	6	65	2	61	5.37e-20	83.6
PfCD01_010006000|NTS|1|1|66	PA0102-C.g469	77.358	53	12	0	1	53	1	53	6.16e-20	83.2
PfCD01_010006000|DBLa|1|67|512	PA0008-C.g813	96.188	446	14	1	1	446	67	509	0.0	891
PfCD01_010006000|DBLa|1|67|512	PA0008-C.g813	32.353	204	106	7	250	446	1192	1370	1.82e-18	90.9
PfCD01_010006000|DBLa|1|67|512	PA0008-C.g813	25.856	263	127	12	31	289	1719	1917	5.12e-09	61.2
PfCD01_010006000|DBLa|1|67|512	QG0253-C.g3423	95.516	446	13	2	1	446	67	505	0.0	882
PfCD01_010006000|DBLa|1|67|512	QG0253-C.g3423	25.278	360	188	13	129	446	1035	1355	1.56e-16	85.1
PfCD01_010006000|DBLa|1|67|512	PF0011-C.g323	73.719	449	98	10	6	446	64	500	0.0	643
PfCD01_010006000|DBLa|1|67|512	PF0011-C.g323	26.111	180	107	5	196	354	1118	1292	6.51e-07	54.3
PfCD01_010006000|DBLa|1|67|512	PT0101-C.g468	69.397	464	108	9	1	446	69	516	0.0	627
PfCD01_010006000|DBLa|1|67|512	PT0101-C.g468	31.034	203	114	7	246	446	1222	1400	4.69e-15	80.5
PfCD01_010006000|DBLa|1|67|512	PD0508-C.g4997	70.499	461	107	9	1	446	69	515	0.0	620
PfCD01_010006000|CIDRa|1|513|776	QG0253-C.g3423	93.182	264	16	1	1	264	506	767	2.07e-164	500
PfCD01_010006000|CIDRa|1|513|776	QE0474-C.g689	93.182	264	16	1	1	264	510	771	2.83e-164	499
PfCD01_010006000|CIDRa|1|513|776	PA0008-C.g813	92.803	264	17	1	1	264	510	771	6.58e-163	498
PfCD01_010006000|CIDRa|1|513|776	PM0113-C.g661	89.020	255	27	1	1	255	481	734	2.56e-150	461
PfCD01_010006000|CIDRa|1|513|776	PA0232-C.g762	74.729	277	53	5	1	264	508	780	7.16e-124	389
PfCD01_010006000|DBLd|1|859|1390	PF0122-C.g451	51.306	536	209	17	18	532	917	1421	9.28e-149	469
PfCD01_010006000|DBLd|1|859|1390	PT0144-C.g254	48.639	551	229	14	1	532	106	621	5.95e-148	452
PfCD01_010006000|DBLd|1|859|1390	PM0017-C.g256	50.000	564	207	19	1	532	1383	1903	5.79e-145	462
PfCD01_010006000|DBLd|1|859|1390	PC0005-Cx.g324	50.628	557	196	20	1	532	890	1392	4.08e-144	456
PfCD01_010006000|DBLd|1|859|1390	PC0005-Cx.g324	29.524	105	65	2	367	470	317	413	4.48e-07	55.5
PfCD01_010006000|DBLd|1|859|1390	PH0810-C.g447	50.179	560	181	22	1	532	820	1309	4.13e-144	456
PfCD01_010006000|DBLd|1|859|1390	PH0810-C.g447	32.143	112	70	1	367	478	303	408	1.01e-10	67.4
PfCD01_010006000|CIDRb|1|1391|1657	QE0472-C.g338	89.513	267	27	1	1	267	1462	1727	1.13e-143	444
PfCD01_010006000|CIDRb|1|1391|1657	QE0472-C.g338	32.967	91	57	3	85	173	608	696	8.32e-07	52.4
PfCD01_010006000|CIDRb|1|1391|1657	QE0410-C.g385	74.427	262	63	1	1	262	1397	1654	7.73e-125	392
PfCD01_010006000|CIDRb|1|1391|1657	PM0062-C.g8	70.189	265	67	5	1	262	588	843	1.15e-115	356
PfCD01_010006000|CIDRb|1|1391|1657	PA0263-C.g182	70.260	269	70	4	1	267	807	1067	1.75e-112	352
PfCD01_010006000|CIDRb|1|1391|1657	PH0497-CW.g82	71.984	257	62	4	1	254	2772	3021	3.88e-112	357
PfCD01_010006000|CIDRb|1|1391|1657	PH0497-CW.g82	23.651	241	161	5	18	257	496	714	1.91e-11	66.6
PfCD01_010006000|ATS|1|1776|2223	PV0028-C.g50	82.751	458	67	4	1	448	2600	3055	0.0	739
PfCD01_010006000|ATS|1|1776|2223	PC0113-C.g949	85.366	451	55	5	1	448	1702	2144	0.0	734
PfCD01_010006000|ATS|1|1776|2223	PA0245-C.g998	79.104	469	66	3	1	448	1706	2163	0.0	729
PfCD01_010006000|ATS|1|1776|2223	PFKE01.g19	81.278	454	64	4	1	448	1733	2171	0.0	716
PfCD01_010006000|ATS|1|1776|2223	PA0261-C.g233	85.588	451	54	4	1	448	2130	2572	0.0	714
PfCD01_010019500|NTS|1|1|62	PH0343-C.g378	76.190	63	13	2	1	62	1	62	6.00e-23	91.7
PfCD01_010019500|NTS|1|1|62	QE0412-C.g583	76.190	63	13	2	1	62	1	62	6.07e-23	91.7
PfCD01_010019500|NTS|1|1|62	PV0133-C.g91	76.190	63	13	2	1	62	1	62	6.07e-23	91.7
PfCD01_010019500|NTS|1|1|62	PH0349-C.g360	76.190	63	13	2	1	62	1	62	6.13e-23	91.7
PfCD01_010019500|NTS|1|1|62	PF0037-C.g304	72.881	59	15	1	4	62	3	60	7.52e-20	82.8
PfCD01_010019500|DBLa|1|63|486	PA0084-C.g29	64.775	423	128	8	6	424	73	478	0.0	544
PfCD01_010019500|DBLa|1|63|486	PA0084-C.g29	30.769	351	174	16	55	373	904	1217	9.20e-27	115
PfCD01_010019500|DBLa|1|63|486	PH0546-C.g294	64.775	423	128	8	6	424	73	478	5.28e-177	544
PfCD01_010019500|DBLa|1|63|486	PH0546-C.g294	27.273	352	186	16	55	373	904	1218	2.95e-18	90.1
PfCD01_010019500|DBLa|1|63|486	PH0546-C.g294	31.313	198	109	8	235	424	1633	1811	5.65e-15	79.7
PfCD01_010019500|DBLa|1|63|486	QE0453-C.g638	64.775	423	128	8	6	424	73	478	1.20e-176	545
PfCD01_010019500|DBLa|1|63|486	QE0453-C.g638	30.769	351	174	16	55	373	904	1217	5.76e-27	116
PfCD01_010019500|DBLa|1|63|486	QE0453-C.g638	31.313	198	109	8	235	424	1632	1810	4.31e-15	80.1
PfCD01_010019500|DBLa|1|63|486	PV0195-C.g31	64.775	423	128	8	6	424	73	478	1.20e-176	545
PfCD01_010019500|DBLa|1|63|486	PV0195-C.g31	30.769	351	174	16	55	373	904	1217	5.76e-27	116
PfCD01_010019500|DBLa|1|63|486	PV0195-C.g31	31.313	198	109	8	235	424	1632	1810	4.31e-15	80.1
PfCD01_010019500|DBLa|1|63|486	PH0991-C.g391	64.775	423	128	8	6	424	73	478	1.20e-176	545
PfCD01_010019500|DBLa|1|63|486	PH0991-C.g391	30.769	351	174	16	55	373	904	1217	5.76e-27	116
PfCD01_010019500|DBLa|1|63|486	PH0991-C.g391	31.313	198	109	8	235	424	1632	1810	4.31e-15	80.1
PfCD01_010019500|CIDRa|1|487|798	QG0295-C.g1898	67.391	322	77	7	1	312	484	787	2.25e-128	405
PfCD01_010019500|CIDRa|1|487|798	SenT046.11.g631	67.391	322	77	7	1	312	484	787	4.01e-128	405
PfCD01_010019500|CIDRa|1|487|798	PFKE11.g709	71.203	316	70	5	1	312	507	805	8.79e-128	404
PfCD01_010019500|CIDRa|1|487|798	PM0161-C.g743	68.269	312	83	7	1	310	492	789	2.94e-125	391
PfCD01_010019500|CIDRa|1|487|798	PT0008-CW.g84	67.925	318	82	5	1	312	497	800	6.43e-119	378
PfCD01_010019500|DBLb|1|805|1282	PM0071-C.g326	62.474	485	154	9	1	478	753	1216	0.0	590
PfCD01_010019500|DBLb|1|805|1282	PM0071-C.g326	29.369	412	211	15	20	369	10	403	8.49e-41	159
PfCD01_010019500|DBLb|1|805|1282	SenT128.08.g133	63.617	481	142	9	1	478	778	1228	0.0	576
PfCD01_010019500|DBLb|1|805|1282	SenT128.08.g133	33.564	289	154	10	110	369	116	395	6.25e-39	153
PfCD01_010019500|DBLb|1|805|1282	PM0024-C.g1017	64.745	451	141	8	1	444	755	1194	0.0	571
PfCD01_010019500|DBLb|1|805|1282	PM0024-C.g1017	29.427	384	196	15	42	370	43	406	1.88e-38	151
PfCD01_010019500|DBLb|1|805|1282	QG0277-C.g101	57.980	495	173	11	1	478	418	894	0.0	537
PfCD01_010019500|DBLb|1|805|1282	PV0251-C.g33	56.364	495	193	8	1	478	46	534	1.22e-175	538
PfCD01_010019500|DBLb|1|805|1282	PV0251-C.g33	25.212	353	216	12	92	437	622	933	1.48e-16	85.5
PfCD01_010019500|DBLd|1|1358|1797	PA0056-C.g377	56.954	453	174	9	1	440	897	1341	1.55e-149	466
PfCD01_010019500|DBLd|1|1358|1797	PA0056-C.g377	28.090	178	105	6	203	378	246	402	2.28e-13	75.1
PfCD01_010019500|DBLd|1|1358|1797	PV0139-C.g39	54.724	508	148	11	13	440	2153	2658	4.53e-149	471
PfCD01_010019500|DBLd|1|1358|1797	PV0139-C.g39	33.780	373	150	13	9	370	1638	1924	6.45e-44	167
PfCD01_010019500|DBLd|1|1358|1797	PV0139-C.g39	35.673	171	94	5	286	440	308	478	1.48e-18	91.3
PfCD01_010019500|DBLd|1|1358|1797	PH0332-C.g80	54.724	508	148	11	13	440	2153	2658	4.53e-149	471
PfCD01_010019500|DBLd|1|1358|1797	PH0332-C.g80	33.780	373	150	13	9	370	1638	1924	6.45e-44	167
PfCD01_010019500|DBLd|1|1358|1797	PH0332-C.g80	35.673	171	94	5	286	440	308	478	1.48e-18	91.3
PfCD01_010019500|DBLd|1|1358|1797	PF0113-C.g575	55.439	478	158	12	1	440	811	1271	2.65e-146	457
PfCD01_010019500|DBLd|1|1358|1797	PF0113-C.g575	31.053	190	103	7	279	440	231	420	1.18e-13	75.9
PfCD01_010019500|DBLd|1|1358|1797	PM0113-C.g517	55.439	478	158	12	1	440	872	1332	3.56e-146	457
PfCD01_010019500|DBLd|1|1358|1797	PM0113-C.g517	31.053	190	103	7	279	440	292	481	1.02e-13	76.3
PfCD01_010019500|CIDRb|1|1798|2044	PA0098-C.g686	74.262	237	59	2	1	236	1355	1590	5.84e-111	352
PfCD01_010019500|CIDRb|1|1798|2044	PC0056-C.g500	69.748	238	70	2	1	236	1045	1282	1.74e-102	326
PfCD01_010019500|CIDRb|1|1798|2044	PD0548-C.g702	65.432	243	83	1	1	242	1326	1568	1.98e-101	325
PfCD01_010019500|CIDRb|1|1798|2044	PD0513-C.g618	65.432	243	83	1	1	242	1326	1568	1.98e-101	325
PfCD01_010019500|CIDRb|1|1798|2044	PD0497-C.g752	65.432	243	83	1	1	242	1411	1653	2.31e-101	325
PfCD01_010019500|ATS|1|2166|2644	PFKE12.g465	79.234	496	80	9	1	479	1773	2262	0.0	745
PfCD01_010019500|ATS|1|2166|2644	PD0590-C.g13	77.092	502	77	9	1	479	818	1304	0.0	720
PfCD01_010019500|ATS|1|2166|2644	QE0436-C.g732	77.218	496	85	8	1	479	1692	2176	0.0	719
PfCD01_010019500|ATS|1|2166|2644	PV0117-C.g64	74.038	520	81	7	1	479	1194	1700	0.0	715
PfCD01_010019500|ATS|1|2166|2644	PV0211-C.g126	76.108	519	70	8	1	479	841	1345	0.0	712
PfCD01_010019600|NTS|1|1|66	PM0108-C.g113	73.016	63	17	0	4	66	3	65	3.91e-22	89.7
PfCD01_010019600|NTS|1|1|66	QE0454-C.g622	80.303	66	13	0	1	66	1	66	2.62e-21	87.4
PfCD01_010019600|NTS|1|1|66	PV0117-C.g72	69.118	68	18	2	1	66	1	67	2.66e-20	84.3
PfCD01_010019600|NTS|1|1|66	PM0157-C.g633	89.362	47	5	0	20	66	14	60	3.14e-20	84.3
PfCD01_010019600|NTS|1|1|66	PA0254-C.g696	70.588	68	17	2	1	66	1	67	1.66e-19	82.0
PfCD01_010019600|DBLa|1|67|494	PfKE03.g277	86.105	439	50	5	1	428	60	498	0.0	729
PfCD01_010019600|DBLa|1|67|494	PfKE03.g277	23.699	346	193	14	112	428	1124	1427	3.28e-12	71.2
PfCD01_010019600|DBLa|1|67|494	PM0157-C.g633	75.561	446	82	10	1	428	61	497	0.0	639
PfCD01_010019600|DBLa|1|67|494	PM0157-C.g633	24.832	298	157	9	178	428	1100	1377	8.18e-11	66.6
PfCD01_010019600|DBLa|1|67|494	PM0138-C.g43	65.618	445	129	10	1	428	69	506	0.0	556
PfCD01_010019600|DBLa|1|67|494	PH0474-CW.g388	65.011	443	136	12	1	428	57	495	8.83e-175	534
PfCD01_010019600|DBLa|1|67|494	PH0474-CW.g388	26.667	255	145	10	113	336	1037	1280	4.06e-07	55.1
PfCD01_010019600|DBLa|1|67|494	PH0471-C.g436	65.011	443	136	12	1	428	63	501	1.03e-174	534
PfCD01_010019600|DBLa|1|67|494	PH0471-C.g436	26.667	255	145	10	113	336	1043	1286	4.10e-07	55.1
PfCD01_010019600|CIDRa|1|495|783	PF0133-C.g547	87.889	289	31	2	1	289	291	575	2.38e-167	504
PfCD01_010019600|CIDRa|1|495|783	PM0068-C.g645	70.990	293	75	5	1	289	511	797	1.54e-126	397
PfCD01_010019600|CIDRa|1|495|783	PFKE01.g21	71.329	286	67	3	1	284	501	773	9.72e-124	390
PfCD01_010019600|CIDRa|1|495|783	PFKE01.g21	27.642	123	85	2	105	225	1470	1590	1.58e-09	61.2
PfCD01_010019600|CIDRa|1|495|783	QE0414-C.g681	64.310	297	90	7	1	284	506	799	3.36e-112	357
PfCD01_010019600|CIDRa|1|495|783	QE0414-C.g681	27.184	103	65	2	89	189	1446	1540	1.59e-07	55.1
PfCD01_010019600|CIDRa|1|495|783	PF0489-C.g714	64.706	289	82	5	1	284	493	766	7.18e-108	345
PfCD01_010019600|DBLd|1|884|1438	PD0554-C.g1034	50.794	567	216	15	1	555	825	1340	1.97e-159	494
PfCD01_010019600|DBLd|1|884|1438	PD0554-C.g1034	25.691	362	174	13	231	555	195	498	1.99e-12	72.8
PfCD01_010019600|DBLd|1|884|1438	PD0532-C.g615	50.175	570	218	16	1	555	825	1343	1.22e-158	496
PfCD01_010019600|DBLd|1|884|1438	PD0532-C.g615	25.691	362	174	13	231	555	195	498	1.59e-12	73.2
PfCD01_010019600|DBLd|1|884|1438	PA0104-C.g381	49.752	605	173	21	1	555	884	1407	1.13e-156	492
PfCD01_010019600|DBLd|1|884|1438	PA0207-C.g689	49.752	605	173	21	1	555	887	1410	1.14e-156	492
PfCD01_010019600|DBLd|1|884|1438	PA0085-C.g616	47.586	580	218	18	1	555	75	593	4.32e-150	457
PfCD01_010019600|CIDRg|1|1439|1704	PA0202-C.g642	98.872	266	2	1	1	266	1362	1626	1.55e-177	535
PfCD01_010019600|CIDRg|1|1439|1704	PC0122-C.g456	69.485	272	71	6	1	266	1393	1658	6.82e-117	370
PfCD01_010019600|CIDRg|1|1439|1704	PC0122-C.g456	26.705	176	116	6	82	247	595	767	1.93e-08	57.4
PfCD01_010019600|CIDRg|1|1439|1704	QG0274-C.g68	67.528	271	81	4	1	266	442	710	1.47e-113	356
PfCD01_010019600|CIDRg|1|1439|1704	PA0253-C.g526	73.162	272	66	4	1	266	758	1028	1.89e-112	351
PfCD01_010019600|CIDRg|1|1439|1704	PT0256-C.g637	67.424	264	78	3	1	261	1342	1600	1.98e-110	351
PfCD01_010019600|ATS|1|1812|2271	PV0229-C.g26	75.670	485	71	7	1	460	1803	2265	0.0	688
PfCD01_010019600|ATS|1|1812|2271	PV0028-C.g43	74.730	463	88	7	1	460	1843	2279	0.0	682
PfCD01_010019600|ATS|1|1812|2271	PC0113-C.g949	79.437	462	74	6	1	460	1702	2144	0.0	682
PfCD01_010019600|ATS|1|1812|2271	PV0028-C.g31	75.368	475	83	10	1	460	1737	2192	0.0	681
PfCD01_010019600|ATS|1|1812|2271	PV0139-C.g46	77.560	459	75	5	2	460	2379	2809	0.0	679
PfCD01_020005900|NTS|1|1|62	SenT092.08.g1029	75.385	65	13	2	1	62	2	66	5.64e-22	89.0
PfCD01_020005900|NTS|1|1|62	SenT097.09.g289	73.846	65	14	2	1	62	1	65	9.37e-22	88.2
PfCD01_020005900|NTS|1|1|62	PT0066-C.g526	81.481	54	9	1	10	62	12	65	5.85e-21	85.9
PfCD01_020005900|NTS|1|1|62	PA0041-C.g568	69.355	62	18	1	2	62	7	68	3.60e-19	80.9
PfCD01_020005900|NTS|1|1|62	PM0146-C.g419	69.841	63	18	1	1	62	1	63	5.98e-19	80.5
PfCD01_020005900|DBLa|1|63|520	PA0044-C.g596	72.034	472	113	10	1	458	69	535	0.0	642
PfCD01_020005900|DBLa|1|63|520	PA0044-C.g596	24.291	247	148	8	126	348	1090	1321	1.25e-10	66.6
PfCD01_020005900|DBLa|1|63|520	QG0280-C.g1078	71.368	468	110	7	1	458	64	517	0.0	639
PfCD01_020005900|DBLa|1|63|520	QG0280-C.g1078	25.000	304	182	9	87	357	1081	1371	2.74e-13	75.1
PfCD01_020005900|DBLa|1|63|520	QG0196-C.g735	69.593	467	120	8	1	458	16	469	0.0	627
PfCD01_020005900|DBLa|1|63|520	QG0196-C.g735	24.762	210	116	5	249	458	1241	1408	8.82e-10	63.9
PfCD01_020005900|DBLa|1|63|520	PM0134-C.g1369	68.577	471	119	11	1	458	65	519	0.0	617
PfCD01_020005900|DBLa|1|63|520	PM0134-C.g1369	26.538	260	130	9	142	360	1132	1371	8.23e-13	73.6
PfCD01_020005900|DBLa|1|63|520	PV0089-C.g85	69.593	467	116	7	1	458	61	510	0.0	607
PfCD01_020005900|DBLa|1|63|520	PV0089-C.g85	25.188	266	144	8	123	350	1045	1293	5.80e-13	73.9
PfCD01_020005900|CIDRa|1|521|811	PT0048-C.g456	89.236	288	30	1	1	288	508	794	3.71e-150	451
PfCD01_020005900|CIDRa|1|521|811	PT0219-C.g513	86.598	291	39	0	1	291	528	818	4.26e-150	456
PfCD01_020005900|CIDRa|1|521|811	PT0048-C.g455	89.236	288	30	1	1	288	508	794	7.26e-150	451
PfCD01_020005900|CIDRa|1|521|811	PFKE11.g270	77.632	304	51	3	1	288	491	793	2.37e-141	438
PfCD01_020005900|CIDRa|1|521|811	QG0236-C.g3009	81.126	302	44	3	1	291	508	807	3.46e-139	433
PfCD01_020005900|DBLd|1|896|1362	PT0264-C.g625	61.723	499	148	9	1	467	765	1252	1.18e-180	550
PfCD01_020005900|DBLd|1|896|1362	PT0264-C.g625	31.047	277	137	11	208	467	219	458	1.77e-18	91.3
PfCD01_020005900|DBLd|1|896|1362	PH0305-C.g394	61.723	499	148	9	1	467	850	1337	1.70e-180	551
PfCD01_020005900|DBLd|1|896|1362	PH0305-C.g394	29.603	277	130	14	229	467	250	499	4.68e-16	83.6
PfCD01_020005900|DBLd|1|896|1362	PM0049-C.g424	62.577	489	139	9	11	467	921	1397	8.00e-179	547
PfCD01_020005900|DBLd|1|896|1362	PM0049-C.g424	30.841	214	86	11	309	467	320	526	7.61e-10	63.9
PfCD01_020005900|DBLd|1|896|1362	PF0037-C.g592	62.577	489	139	9	11	467	921	1397	8.00e-179	547
PfCD01_020005900|DBLd|1|896|1362	PF0037-C.g592	30.841	214	86	11	309	467	320	526	7.61e-10	63.9
PfCD01_020005900|DBLd|1|896|1362	PA0165-C.g662	62.577	489	139	9	11	467	924	1400	8.37e-179	547
PfCD01_020005900|DBLd|1|896|1362	PA0165-C.g662	30.841	214	86	11	309	467	320	526	7.62e-10	63.9
PfCD01_020005900|CIDRb|1|1363|1615	SenT044.10.g1069	88.462	260	23	2	1	253	737	996	8.62e-154	458
PfCD01_020005900|CIDRb|1|1363|1615	SenT044.10.g1069	26.316	190	135	4	62	249	9	195	2.92e-08	56.6
PfCD01_020005900|CIDRb|1|1363|1615	PV0138-C.g77	65.600	250	77	3	1	250	630	870	4.77e-103	323
PfCD01_020005900|CIDRb|1|1363|1615	PF0467-C.g683	68.800	250	73	5	1	247	1344	1591	1.03e-102	329
PfCD01_020005900|CIDRb|1|1363|1615	PF0467-C.g683	26.562	192	123	8	5	191	470	648	1.28e-07	54.7
PfCD01_020005900|CIDRb|1|1363|1615	PF0207-C.g512	70.000	250	70	5	1	249	1291	1536	1.20e-102	328
PfCD01_020005900|CIDRb|1|1363|1615	PF0207-C.g512	31.193	109	68	3	106	208	592	699	1.61e-07	54.3
PfCD01_020005900|CIDRb|1|1363|1615	PA0102-C.g363	66.535	254	80	3	1	253	1744	1993	6.26e-102	327
PfCD01_020005900|ATS|1|1739|2179	PD0582-C.g778	80.911	461	66	4	1	441	1669	2127	0.0	692
PfCD01_020005900|ATS|1|1739|2179	PH0121-CW.g102	81.818	451	50	9	1	441	802	1230	0.0	692
PfCD01_020005900|ATS|1|1739|2179	PV0028-C.g50	77.167	473	59	9	1	441	2600	3055	0.0	675
PfCD01_020005900|ATS|1|1739|2179	QE0436-C.g591	75.153	491	71	5	1	441	1702	2191	0.0	658
PfCD01_020005900|ATS|1|1739|2179	PFKE09.g563	77.273	462	64	11	1	441	775	1216	0.0	658
PfCD01_020027200|NTS|1|1|60	QE0439-C.g18	90.741	54	5	0	7	60	4	57	4.92e-27	103
PfCD01_020027200|NTS|1|1|60	QE0418-C.g587	90.741	54	5	0	7	60	4	57	4.92e-27	103
PfCD01_020027200|NTS|1|1|60	PH0546-C.g709	90.741	54	5	0	7	60	4	57	4.92e-27	103
PfCD01_020027200|NTS|1|1|60	PH0325-C.g532	90.741	54	5	0	7	60	4	57	4.92e-27	103
PfCD01_020027200|NTS|1|1|60	PM0019-C.g1424	95.918	49	2	0	12	60	14	62	3.23e-25	98.2
PfCD01_020027200|DBLa|1|61|466	PT0098-C.g595	97.291	406	11	0	1	406	70	475	0.0	827
PfCD01_020027200|DBLa|1|61|466	PT0098-C.g595	33.962	265	137	9	52	310	862	1094	9.57e-36	142
PfCD01_020027200|DBLa|1|61|466	PT0098-C.g595	28.169	213	116	6	48	251	1679	1863	1.28e-11	69.3
PfCD01_020027200|DBLa|1|61|466	PT0098-C.g595	23.242	327	176	13	35	333	1267	1546	4.69e-11	67.4
PfCD01_020027200|DBLa|1|61|466	PM0129-C.g2149	94.335	406	23	0	1	406	69	474	0.0	754
PfCD01_020027200|DBLa|1|61|466	PM0129-C.g2149	32.364	275	136	9	52	314	863	1099	3.38e-31	128
PfCD01_020027200|DBLa|1|61|466	QG0209-C.g737	80.637	408	73	3	1	406	66	469	0.0	679
PfCD01_020027200|DBLa|1|61|466	QG0209-C.g737	34.602	289	139	8	52	321	857	1114	1.19e-40	156
PfCD01_020027200|DBLa|1|61|466	QG0209-C.g737	24.928	345	185	12	30	344	1303	1603	2.91e-12	71.2
PfCD01_020027200|DBLa|1|61|466	PT0189-Cx.g635	80.637	408	73	3	1	406	66	469	0.0	679
PfCD01_020027200|DBLa|1|61|466	PT0189-Cx.g635	34.602	289	139	8	52	321	857	1114	1.19e-40	156
PfCD01_020027200|DBLa|1|61|466	PT0189-Cx.g635	24.928	345	185	12	30	344	1303	1603	2.91e-12	71.2
PfCD01_020027200|DBLa|1|61|466	PA0134-C.g218	81.034	406	75	1	1	406	67	470	0.0	650
PfCD01_020027200|DBLa|1|61|466	PA0134-C.g218	34.855	241	134	9	52	283	859	1085	2.37e-29	123
PfCD01_020027200|DBLa|1|61|466	PA0134-C.g218	32.461	191	103	7	224	406	1956	2128	5.02e-15	79.7
PfCD01_020027200|DBLa|1|61|466	PA0134-C.g218	25.225	333	188	10	44	352	2508	2803	6.89e-13	73.2
PfCD01_020027200|DBLa|1|61|466	PA0134-C.g218	23.377	231	143	6	48	264	1272	1482	2.06e-07	55.8
PfCD01_020027200|CIDRa|1|467|720	PT0098-C.g595	100.000	254	0	0	1	254	476	729	8.83e-172	520
PfCD01_020027200|CIDRa|1|467|720	PM0129-C.g2149	94.882	254	13	0	1	254	475	728	2.15e-152	462
PfCD01_020027200|CIDRa|1|467|720	PA0079-C.g358	88.189	254	29	1	1	254	470	722	2.57e-147	452
PfCD01_020027200|CIDRa|1|467|720	PA0049-C.g453	88.189	254	29	1	1	254	470	722	2.57e-147	452
PfCD01_020027200|CIDRa|1|467|720	SenT190.09.g794	79.528	254	51	1	1	254	469	721	4.97e-134	410
PfCD01_020027200|DBLb|1|740|1219	PT0098-C.g595	77.914	489	86	9	1	480	749	1224	0.0	754
PfCD01_020027200|DBLb|1|740|1219	PT0098-C.g595	30.612	343	189	11	42	345	47	379	2.94e-34	139
PfCD01_020027200|DBLb|1|740|1219	PT0098-C.g595	30.594	219	113	7	101	302	1667	1863	2.32e-15	81.6
PfCD01_020027200|DBLb|1|740|1219	PT0098-C.g595	27.645	293	156	13	103	362	1271	1540	2.47e-15	81.6
PfCD01_020027200|DBLb|1|740|1219	PA0008-C.g143	74.200	500	93	10	1	480	153	636	0.0	724
PfCD01_020027200|DBLb|1|740|1219	PA0008-C.g143	28.369	282	159	11	113	370	715	977	1.03e-19	95.1
PfCD01_020027200|DBLb|1|740|1219	PV0239-C.g25	65.455	495	147	7	1	480	740	1225	0.0	629
PfCD01_020027200|DBLb|1|740|1219	PV0239-C.g25	30.825	412	205	13	91	480	1690	2043	1.35e-39	155
PfCD01_020027200|DBLb|1|740|1219	PV0239-C.g25	28.571	378	218	14	8	345	6	371	2.86e-33	136
PfCD01_020027200|DBLb|1|740|1219	PV0239-C.g25	28.315	279	161	9	102	363	1275	1531	8.98e-20	95.5
PfCD01_020027200|DBLb|1|740|1219	QE0476-C.g439	65.455	495	147	7	1	480	740	1225	0.0	627
PfCD01_020027200|DBLb|1|740|1219	QE0476-C.g439	30.825	412	205	13	91	480	1690	2043	3.19e-39	154
PfCD01_020027200|DBLb|1|740|1219	QE0476-C.g439	28.571	378	218	14	8	345	6	371	2.84e-33	136
PfCD01_020027200|DBLb|1|740|1219	QE0476-C.g439	28.315	279	161	9	102	363	1275	1531	7.10e-20	95.9
PfCD01_020027200|DBLb|1|740|1219	PT0048-C.g74	64.898	490	159	10	1	480	743	1229	0.0	618
PfCD01_020027200|DBLb|1|740|1219	PT0048-C.g74	31.738	397	207	16	35	384	36	415	2.19e-37	149
PfCD01_020027200|DBLb|1|740|1219	PT0048-C.g74	24.275	276	167	9	113	365	1292	1548	3.24e-15	81.3
PfCD01_020027200|DBLb|1|740|1219	PT0048-C.g74	26.592	267	153	11	111	376	2452	2676	3.36e-13	74.7
PfCD01_020027200|DBLg|1|1260|1632	PM0159-C.g537	73.810	378	90	4	1	373	548	921	0.0	566
PfCD01_020027200|DBLg|1|1260|1632	PM0159-C.g537	24.567	289	173	11	12	289	114	368	1.35e-11	68.6
PfCD01_020027200|DBLg|1|1260|1632	PF0818-C.g689	74.933	375	88	3	1	373	1248	1618	0.0	565
PfCD01_020027200|DBLg|1|1260|1632	PF0818-C.g689	24.727	275	155	9	45	298	851	1094	2.94e-12	70.9
PfCD01_020027200|DBLg|1|1260|1632	PF0818-C.g689	24.507	355	201	15	31	339	100	433	9.22e-12	69.3
PfCD01_020027200|DBLg|1|1260|1632	QE0452-C.g404	74.332	374	87	3	1	373	2127	2492	0.0	565
PfCD01_020027200|DBLg|1|1260|1632	QE0452-C.g404	26.682	431	166	17	1	284	1259	1686	6.54e-24	106
PfCD01_020027200|DBLg|1|1260|1632	QE0452-C.g404	25.633	316	172	12	16	307	826	1102	4.80e-12	70.1
PfCD01_020027200|DBLg|1|1260|1632	QE0452-C.g404	24.749	299	168	10	42	298	115	398	3.11e-09	61.2
PfCD01_020027200|DBLg|1|1260|1632	QE0453-C.g804	74.332	374	87	3	1	373	1703	2068	0.0	564
PfCD01_020027200|DBLg|1|1260|1632	QE0453-C.g804	28.527	319	130	12	63	284	945	1262	9.71e-23	102
PfCD01_020027200|DBLg|1|1260|1632	QE0453-C.g804	24.756	307	177	11	31	298	95	386	1.00e-13	75.5
PfCD01_020027200|DBLg|1|1260|1632	SenT231.08.g349	72.222	378	86	5	1	373	1222	1585	0.0	547
PfCD01_020027200|DBLg|1|1260|1632	SenT231.08.g349	24.483	290	170	11	42	300	116	387	6.23e-13	72.8
PfCD01_020027200|DBLg|1|1260|1632	SenT231.08.g349	25.329	304	162	11	20	291	807	1077	1.28e-11	68.6
PfCD01_020027200|ATS|1|1686|2126	PFKE09.g563	79.821	446	81	6	1	441	775	1216	0.0	672
PfCD01_020027200|ATS|1|1686|2126	PV0211-C.g136	78.523	447	83	6	2	441	837	1277	0.0	648
PfCD01_020027200|ATS|1|1686|2126	PD0561-C.g263	72.611	471	84	9	1	441	2424	2879	0.0	647
PfCD01_020027200|ATS|1|1686|2126	PT0219-C.g578	72.967	492	73	10	1	441	1736	2218	0.0	647
PfCD01_020027200|ATS|1|1686|2126	PV0239-C.g98	72.269	476	78	9	2	441	1285	1742	0.0	646
PfCD01_030005500|NTS|1|1|66	PF0507-C.g562	89.286	56	6	0	10	65	10	65	4.59e-28	106
PfCD01_030005500|NTS|1|1|66	PA0057-C.g530	84.211	57	9	0	10	66	10	66	9.71e-27	102
PfCD01_030005500|NTS|1|1|66	PA0078-C.g444	84.211	57	9	0	10	66	10	66	1.04e-26	102
PfCD01_030005500|NTS|1|1|66	PA0026-C.g100	84.211	57	9	0	10	66	10	66	1.04e-26	102
PfCD01_030005500|NTS|1|1|66	PA0039-C.g649	84.211	57	9	0	10	66	10	66	1.06e-26	102
PfCD01_030005500|DBLa|1|67|481	PA0165-C.g924	91.084	415	33	2	1	415	65	475	0.0	763
PfCD01_030005500|DBLa|1|67|481	PA0165-C.g924	31.250	144	90	2	239	382	1172	1306	1.09e-14	79.0
PfCD01_030005500|DBLa|1|67|481	PA0069-C.g596	89.234	418	35	4	1	415	67	477	0.0	749
PfCD01_030005500|DBLa|1|67|481	PA0069-C.g596	30.208	192	109	7	235	415	1177	1354	8.41e-14	75.9
PfCD01_030005500|DBLa|1|67|481	PA0068-C.g525	89.234	418	35	4	1	415	67	477	0.0	749
PfCD01_030005500|DBLa|1|67|481	PA0068-C.g525	30.208	192	109	7	235	415	1177	1354	8.41e-14	75.9
PfCD01_030005500|DBLa|1|67|481	PA0050-C.g428	89.234	418	35	4	1	415	67	477	0.0	749
PfCD01_030005500|DBLa|1|67|481	PA0050-C.g428	30.208	192	109	7	235	415	1177	1354	8.41e-14	75.9
PfCD01_030005500|DBLa|1|67|481	PA0039-C.g649	89.234	418	35	4	1	415	67	477	0.0	749
PfCD01_030005500|DBLa|1|67|481	PA0039-C.g649	23.318	446	248	17	43	415	897	1321	3.60e-15	80.5
PfCD01_030005500|CIDRa|1|482|738	PA0057-C.g530	99.611	257	1	0	1	257	478	734	8.62e-174	522
PfCD01_030005500|CIDRa|1|482|738	PA0069-C.g596	99.611	257	1	0	1	257	478	734	1.17e-173	523
PfCD01_030005500|CIDRa|1|482|738	PA0068-C.g525	99.611	257	1	0	1	257	478	734	1.17e-173	523
PfCD01_030005500|CIDRa|1|482|738	PA0050-C.g428	99.611	257	1	0	1	257	478	734	1.17e-173	523
PfCD01_030005500|CIDRa|1|482|738	PA0039-C.g649	99.611	257	1	0	1	257	478	734	2.02e-173	522
PfCD01_030005500|DBLd|1|843|1333	SenT067.11.g109	53.448	522	178	17	1	491	113	600	4.68e-161	484
PfCD01_030005500|DBLd|1|843|1333	PC0070-C.g483	52.050	561	185	20	1	491	60	606	1.42e-159	480
PfCD01_030005500|DBLd|1|843|1333	PA0030-C.g538	54.253	529	182	17	1	491	904	1410	2.63e-155	486
PfCD01_030005500|DBLd|1|843|1333	PA0030-C.g538	28.571	196	109	10	320	491	311	499	5.25e-12	71.2
PfCD01_030005500|DBLd|1|843|1333	QE0468-C.g72	52.259	509	210	14	1	491	233	726	3.18e-155	472
PfCD01_030005500|DBLd|1|843|1333	SenT179.08.g893	51.957	562	173	20	1	491	858	1393	4.81e-155	485
PfCD01_030005500|DBLd|1|843|1333	SenT179.08.g893	28.302	212	129	6	299	491	272	479	2.91e-15	81.3
PfCD01_030005500|CIDRg|1|1334|1604	SenT058.11.g918	75.092	273	58	4	1	271	812	1076	2.58e-132	404
PfCD01_030005500|CIDRg|1|1334|1604	SenT179.08.g893	79.323	266	53	2	1	264	1394	1659	2.26e-131	410
PfCD01_030005500|CIDRg|1|1334|1604	PA0183-C.g562	73.529	272	68	3	1	271	1387	1655	6.26e-126	395
PfCD01_030005500|CIDRg|1|1334|1604	PA0183-C.g562	29.189	185	110	7	97	268	619	795	6.98e-09	58.9
PfCD01_030005500|CIDRg|1|1334|1604	PfKE04.g10	65.836	281	81	5	1	271	1418	1693	2.67e-115	365
PfCD01_030005500|CIDRg|1|1334|1604	SenT224.08.g503	67.803	264	76	5	1	259	613	872	1.31e-111	347
PfCD01_030005500|ATS|1|1719|2191	PFKE12.g291	84.279	458	54	3	1	441	1061	1517	0.0	731
PfCD01_030005500|ATS|1|1719|2191	PV0028-C.g50	78.008	482	71	6	1	473	2600	3055	0.0	726
PfCD01_030005500|ATS|1|1719|2191	PA0245-C.g998	78.361	476	82	6	1	473	1706	2163	0.0	718
PfCD01_030005500|ATS|1|1719|2191	PV0147-C.g7	77.004	474	73	6	1	473	1761	2199	0.0	700
PfCD01_030005500|ATS|1|1719|2191	PFKE09.g563	77.568	477	68	7	1	473	775	1216	0.0	697
PfCD01_030030500|NTS|1|1|59	PA0092-C.g214	92.982	57	4	0	3	59	2	58	2.35e-29	109
PfCD01_030030500|NTS|1|1|59	PA0180-C.g367	89.286	56	6	0	4	59	3	58	2.08e-27	104
PfCD01_030030500|NTS|1|1|59	PA0059-C.g102	89.286	56	6	0	4	59	3	58	2.23e-27	103
PfCD01_030030500|NTS|1|1|59	PA0069-C.g335	89.286	56	6	0	4	59	3	58	2.66e-27	103
PfCD01_030030500|NTS|1|1|59	PA0068-C.g226	89.286	56	6	0	4	59	3	58	2.66e-27	103
PfCD01_030030500|DBLa|1|60|460	QG0209-C.g828	82.469	405	63	5	1	401	60	460	0.0	649
PfCD01_030030500|DBLa|1|60|460	QG0209-C.g828	30.081	369	197	15	2	345	799	1131	2.53e-28	120
PfCD01_030030500|DBLa|1|60|460	PM0049-C.g159	76.961	408	84	7	1	401	67	471	0.0	625
PfCD01_030030500|DBLa|1|60|460	PM0049-C.g159	35.570	298	164	8	54	344	2502	2778	3.89e-40	155
PfCD01_030030500|DBLa|1|60|460	PM0049-C.g159	30.380	316	173	13	39	338	843	1127	7.92e-25	109
PfCD01_030030500|DBLa|1|60|460	PM0049-C.g159	27.147	361	190	15	85	401	1365	1696	4.00e-22	101
PfCD01_030030500|DBLa|1|60|460	PM0049-C.g159	28.780	205	115	8	50	254	2887	3060	2.87e-14	77.4
PfCD01_030030500|DBLa|1|60|460	PM0049-C.g159	26.241	282	171	9	52	318	2042	2301	2.15e-13	74.7
PfCD01_030030500|DBLa|1|60|460	PA0044-C.g109	76.961	408	84	7	1	401	67	471	0.0	625
PfCD01_030030500|DBLa|1|60|460	PA0044-C.g109	35.570	298	164	8	54	344	2536	2812	3.89e-40	155
PfCD01_030030500|DBLa|1|60|460	PA0044-C.g109	30.380	316	173	13	39	338	843	1127	8.00e-25	109
PfCD01_030030500|DBLa|1|60|460	PA0044-C.g109	26.870	361	191	15	85	401	1399	1730	4.92e-21	98.2
PfCD01_030030500|DBLa|1|60|460	PA0044-C.g109	28.780	205	115	8	50	254	2921	3094	2.85e-14	77.4
PfCD01_030030500|DBLa|1|60|460	PA0044-C.g109	26.241	282	171	9	52	318	2076	2335	2.29e-13	74.7
PfCD01_030030500|DBLa|1|60|460	QG0225-C.g100	78.922	408	78	6	1	401	60	466	0.0	620
PfCD01_030030500|DBLa|1|60|460	QG0225-C.g100	27.746	346	190	9	47	372	845	1150	4.04e-26	113
PfCD01_030030500|DBLa|1|60|460	QG0225-C.g100	23.810	294	168	10	52	315	1255	1522	4.57e-07	54.7
PfCD01_030030500|DBLa|1|60|460	PF0400-C.g64	77.037	405	83	5	1	401	59	457	0.0	615
PfCD01_030030500|DBLa|1|60|460	PF0400-C.g64	33.221	298	158	9	115	401	1351	1618	9.02e-34	136
PfCD01_030030500|DBLa|1|60|460	PF0400-C.g64	27.434	339	212	9	47	371	2391	2709	2.09e-28	120
PfCD01_030030500|DBLa|1|60|460	PF0400-C.g64	30.000	320	175	11	47	345	834	1125	2.91e-26	114
PfCD01_030030500|DBLa|1|60|460	PF0400-C.g64	25.843	267	149	9	119	377	2048	2273	7.25e-12	70.1
PfCD01_030030500|CIDRa|1|461|712	PA0046-C.g420	85.200	250	35	2	1	249	482	730	1.13e-141	436
PfCD01_030030500|CIDRa|1|461|712	PA0034-C.g374	85.200	250	35	2	1	249	482	730	1.13e-141	436
PfCD01_030030500|CIDRa|1|461|712	PA0167-C.g429	80.952	252	48	0	1	252	473	724	9.30e-136	424
PfCD01_030030500|CIDRa|1|461|712	PA0167-C.g429	26.442	208	139	7	10	213	2020	2217	1.25e-07	54.7
PfCD01_030030500|CIDRa|1|461|712	QG0225-C.g97	83.730	252	40	1	1	252	185	435	1.03e-134	414
PfCD01_030030500|CIDRa|1|461|712	QE0393-Cx.g730	78.884	251	50	1	1	248	487	737	5.56e-134	410
PfCD01_030030500|DBLb|1|739|1204	QG0247-C.g3396	90.987	466	36	1	1	466	739	1198	0.0	882
PfCD01_030030500|DBLb|1|739|1204	QG0247-C.g3396	28.219	365	209	13	111	450	109	445	3.80e-25	111
PfCD01_030030500|DBLb|1|739|1204	QG0247-C.g3396	26.804	291	145	9	101	358	1277	1532	1.38e-17	88.6
PfCD01_030030500|DBLb|1|739|1204	QG0225-C.g97	90.987	466	36	1	1	466	462	921	0.0	880
PfCD01_030030500|DBLb|1|739|1204	QG0225-C.g97	26.389	288	144	8	101	355	1000	1252	2.03e-17	87.8
PfCD01_030030500|DBLb|1|739|1204	PM0127-C.g1082	86.081	467	49	3	1	466	742	1193	0.0	826
PfCD01_030030500|DBLb|1|739|1204	PM0127-C.g1082	26.869	428	242	18	16	406	15	408	4.17e-26	114
PfCD01_030030500|DBLb|1|739|1204	QG0287-C.g77	81.410	468	78	4	1	466	740	1200	0.0	782
PfCD01_030030500|DBLb|1|739|1204	QG0287-C.g77	30.514	331	188	12	60	373	1639	1944	5.32e-32	132
PfCD01_030030500|DBLb|1|739|1204	QG0287-C.g77	30.769	312	167	10	111	397	119	406	3.26e-29	124
PfCD01_030030500|DBLb|1|739|1204	QG0287-C.g77	26.182	275	146	12	110	365	1268	1504	4.73e-15	80.5
PfCD01_030030500|DBLb|1|739|1204	QG0225-C.g100	77.682	466	97	2	1	466	744	1202	0.0	761
PfCD01_030030500|DBLb|1|739|1204	QG0225-C.g100	28.358	402	214	16	111	464	114	489	8.23e-26	113
PfCD01_030030500|DBLb|1|739|1204	QG0225-C.g100	21.762	386	219	14	110	466	1258	1589	4.85e-10	64.7
PfCD01_030030500|DBLd|1|1227|1677	SenP027.02.g382	71.895	459	71	6	9	451	210	626	0.0	642
PfCD01_030030500|DBLd|1|1227|1677	SenP027.02.g382	31.579	171	88	7	258	425	1	145	5.67e-09	61.2
PfCD01_030030500|DBLd|1|1227|1677	PfKE02.g570	56.827	498	158	15	1	451	1555	2042	6.72e-159	499
PfCD01_030030500|DBLd|1|1227|1677	PfKE02.g570	32.970	367	169	10	63	426	1203	1495	3.38e-48	180
PfCD01_030030500|DBLd|1|1227|1677	PfKE02.g570	28.643	398	193	11	1	395	764	1073	8.61e-39	152
PfCD01_030030500|DBLd|1|1227|1677	PfKE02.g570	29.900	301	164	9	179	451	173	454	1.29e-31	130
PfCD01_030030500|DBLd|1|1227|1677	PT0080-C.g706	56.250	464	173	11	1	451	2238	2684	2.62e-147	466
PfCD01_030030500|DBLd|1|1227|1677	PT0080-C.g706	29.742	427	207	13	17	443	1279	1612	4.81e-42	162
PfCD01_030030500|DBLd|1|1227|1677	PT0080-C.g706	30.904	343	154	11	63	396	1684	1952	3.47e-38	150
PfCD01_030030500|DBLd|1|1227|1677	PT0080-C.g706	29.333	300	173	9	179	451	191	478	1.90e-28	121
PfCD01_030030500|DBLd|1|1227|1677	PT0080-C.g706	25.225	222	117	10	174	382	905	1090	1.68e-10	66.2
PfCD01_030030500|DBLd|1|1227|1677	SenT097.11.g443	51.613	496	186	12	1	451	822	1308	9.33e-143	448
PfCD01_030030500|DBLd|1|1227|1677	SenT097.11.g443	29.773	309	173	8	175	451	176	472	1.39e-32	134
PfCD01_030030500|DBLd|1|1227|1677	PV0115-C.g40	52.079	505	161	16	1	451	880	1357	3.85e-141	445
PfCD01_030030500|DBLd|1|1227|1677	PV0115-C.g40	29.412	306	175	8	176	451	179	473	7.35e-33	134
PfCD01_030030500|CIDRb|1|1678|1930	SenP027.02.g382	87.160	257	29	2	1	253	627	883	4.71e-151	456
PfCD01_030030500|CIDRb|1|1678|1930	PT0017-CW.g60	70.732	246	71	1	1	246	1064	1308	1.05e-111	351
PfCD01_030030500|CIDRb|1|1678|1930	QG0214-C.g930	70.732	246	71	1	1	246	472	716	4.45e-111	352
PfCD01_030030500|CIDRb|1|1678|1930	PA0267-C.g165	66.932	251	80	3	4	253	1435	1683	2.95e-106	339
PfCD01_030030500|CIDRb|1|1678|1930	PA0168-C.g331	66.932	251	80	3	4	253	1400	1648	4.74e-106	338
PfCD01_030030500|DBLg|1|1971|2339	PA0140-C.g15	100.000	369	0	0	1	369	72	440	0.0	764
PfCD01_030030500|DBLg|1|1971|2339	PA0140-C.g15	23.077	286	173	7	44	321	928	1174	5.10e-15	79.0
PfCD01_030030500|DBLg|1|1971|2339	PA0140-C.g15	28.319	226	118	11	43	247	543	745	3.28e-08	58.2
PfCD01_030030500|DBLg|1|1971|2339	SenT013.11.g1226	100.000	369	0	0	1	369	157	525	0.0	764
PfCD01_030030500|DBLg|1|1971|2339	SenT013.11.g1226	28.319	226	118	11	43	247	628	830	2.94e-08	58.2
PfCD01_030030500|DBLg|1|1971|2339	PF0133-C.g583	100.000	369	0	0	1	369	23	391	0.0	763
PfCD01_030030500|DBLg|1|1971|2339	PF0133-C.g583	23.077	286	173	7	44	321	879	1125	5.01e-15	79.0
PfCD01_030030500|DBLg|1|1971|2339	PF0133-C.g583	28.319	226	118	11	43	247	494	696	3.08e-08	58.2
PfCD01_030030500|DBLg|1|1971|2339	PA0084-C.g165	100.000	369	0	0	1	369	56	424	0.0	763
PfCD01_030030500|DBLg|1|1971|2339	PA0084-C.g165	23.077	286	173	7	44	321	912	1158	5.37e-15	79.0
PfCD01_030030500|DBLg|1|1971|2339	PA0084-C.g165	28.319	226	118	11	43	247	527	729	3.24e-08	58.2
PfCD01_030030500|DBLg|1|1971|2339	PM0038-C.g2294	100.000	321	0	0	49	369	1	321	0.0	660
PfCD01_030030500|DBLg|1|1971|2339	PM0038-C.g2294	23.077	286	173	7	44	321	809	1055	6.36e-15	79.0
PfCD01_030030500|DBLg|1|1971|2339	PM0038-C.g2294	28.319	226	118	11	43	247	424	626	3.05e-08	58.2
PfCD01_030030500|DBLz|1|2348|2773	SenT013.11.g1226	100.000	426	0	0	1	426	534	959	0.0	872
PfCD01_030030500|DBLz|1|2348|2773	SenT013.11.g1226	27.645	293	153	15	81	346	184	444	9.88e-12	69.7
PfCD01_030030500|DBLz|1|2348|2773	PM0038-C.g2294	100.000	426	0	0	1	426	330	755	0.0	872
PfCD01_030030500|DBLz|1|2348|2773	PM0038-C.g2294	25.871	201	114	7	86	285	799	965	1.66e-10	65.9
PfCD01_030030500|DBLz|1|2348|2773	PM0038-C.g2294	28.873	142	80	5	214	346	111	240	2.98e-08	58.5
PfCD01_030030500|DBLz|1|2348|2773	PA0140-C.g15	100.000	426	0	0	1	426	449	874	0.0	871
PfCD01_030030500|DBLz|1|2348|2773	PA0140-C.g15	27.645	293	153	15	81	346	99	359	1.66e-11	68.9
PfCD01_030030500|DBLz|1|2348|2773	PA0140-C.g15	25.871	201	114	7	86	285	918	1084	1.52e-10	65.9
PfCD01_030030500|DBLz|1|2348|2773	PF0133-C.g583	100.000	426	0	0	1	426	400	825	0.0	871
PfCD01_030030500|DBLz|1|2348|2773	PF0133-C.g583	27.645	293	153	15	81	346	50	310	1.85e-11	68.6
PfCD01_030030500|DBLz|1|2348|2773	PF0133-C.g583	25.871	201	114	7	86	285	869	1035	1.48e-10	65.9
PfCD01_030030500|DBLz|1|2348|2773	PA0084-C.g165	99.765	426	1	0	1	426	433	858	0.0	869
PfCD01_030030500|DBLz|1|2348|2773	PA0084-C.g165	27.645	293	153	15	81	346	83	343	1.86e-11	68.6
PfCD01_030030500|DBLz|1|2348|2773	PA0084-C.g165	25.871	201	114	7	86	285	902	1068	1.53e-10	65.9
PfCD01_030030500|DBLe|1|2779|3111	PA0140-C.g15	100.000	333	0	0	1	333	880	1212	0.0	691
PfCD01_030030500|DBLe|1|2779|3111	PA0140-C.g15	23.077	286	173	7	49	295	115	392	3.76e-15	79.0
PfCD01_030030500|DBLe|1|2779|3111	PA0140-C.g15	25.871	201	114	7	39	205	534	733	1.32e-10	65.1
PfCD01_030030500|DBLe|1|2779|3111	PA0084-C.g165	100.000	333	0	0	1	333	864	1196	0.0	691
PfCD01_030030500|DBLe|1|2779|3111	PA0084-C.g165	23.077	286	173	7	49	295	99	376	3.48e-15	79.0
PfCD01_030030500|DBLe|1|2779|3111	PA0084-C.g165	25.871	201	114	7	39	205	518	717	1.25e-10	65.1
PfCD01_030030500|DBLe|1|2779|3111	PM0038-C.g2294	100.000	333	0	0	1	333	761	1093	0.0	689
PfCD01_030030500|DBLe|1|2779|3111	PM0038-C.g2294	22.568	257	154	6	78	295	23	273	5.71e-12	69.3
PfCD01_030030500|DBLe|1|2779|3111	PM0038-C.g2294	25.871	201	114	7	39	205	415	614	1.23e-10	65.1
PfCD01_030030500|DBLe|1|2779|3111	PF0133-C.g583	100.000	333	0	0	1	333	831	1163	0.0	689
PfCD01_030030500|DBLe|1|2779|3111	PF0133-C.g583	23.077	286	173	7	49	295	66	343	3.66e-15	79.0
PfCD01_030030500|DBLe|1|2779|3111	PF0133-C.g583	25.871	201	114	7	39	205	485	684	1.32e-10	65.1
PfCD01_030030500|DBLe|1|2779|3111	PV0133-C.g37	97.289	332	9	0	1	332	2086	2417	0.0	677
PfCD01_030030500|DBLe|1|2779|3111	PV0133-C.g37	28.254	315	176	11	17	287	812	1120	4.24e-22	99.8
PfCD01_030030500|DBLe|1|2779|3111	PV0133-C.g37	27.273	198	110	6	42	205	1742	1939	1.55e-12	70.9
PfCD01_030030500|DBLe|1|2779|3111	PV0133-C.g37	23.729	295	157	13	42	273	107	396	3.42e-09	60.8
PfCD01_030030500|DBLe|1|2779|3111	PV0133-C.g37	23.301	206	116	7	49	220	1317	1514	8.26e-08	56.6
PfCD01_030030500|ATS|1|3162|3615	PFKE07.g667	76.739	460	89	8	2	454	2366	2814	0.0	694
PfCD01_030030500|ATS|1|3162|3615	PH0549-C.g563	79.560	455	73	6	1	454	2423	2858	0.0	687
PfCD01_030030500|ATS|1|3162|3615	PV0028-C.g43	73.536	461	91	8	1	454	1843	2279	0.0	660
PfCD01_030030500|ATS|1|3162|3615	PFKE11.g708	70.276	471	96	10	1	454	1918	2361	0.0	632
PfCD01_030030500|ATS|1|3162|3615	QG0296-C.g5597	68.220	472	117	7	1	454	1002	1458	0.0	624
PfCD01_040005300|NTS|1|1|64	PM0114-C.g263	100.000	64	0	0	1	64	1	64	1.40e-36	130
PfCD01_040005300|NTS|1|1|64	PM0084-C.g485	85.938	64	4	1	1	64	1	59	1.93e-28	107
PfCD01_040005300|NTS|1|1|64	PD0555-C.g365	84.375	64	9	1	1	64	5	67	9.46e-27	102
PfCD01_040005300|NTS|1|1|64	PH0305-C.g111	78.125	64	10	1	1	64	1	60	3.54e-24	95.1
PfCD01_040005300|NTS|1|1|64	PH0549-C.g619	78.125	64	10	1	1	64	1	60	1.17e-23	94.0
PfCD01_040005300|DBLa|1|65|458	PT0101-C.g142	76.942	399	84	2	1	394	66	461	0.0	617
PfCD01_040005300|DBLa|1|65|458	PT0101-C.g142	30.120	332	198	10	46	366	1752	2060	8.07e-34	136
PfCD01_040005300|DBLa|1|65|458	PT0101-C.g142	24.834	302	166	9	38	314	832	1097	1.87e-21	99.4
PfCD01_040005300|DBLa|1|65|458	PT0101-C.g142	25.545	321	179	10	47	359	2139	2407	2.74e-15	80.5
PfCD01_040005300|DBLa|1|65|458	PA0184-C.g409	74.138	406	87	4	1	394	70	469	0.0	602
PfCD01_040005300|DBLa|1|65|458	PA0184-C.g409	28.902	346	211	10	33	366	1731	2053	2.76e-26	114
PfCD01_040005300|DBLa|1|65|458	PA0184-C.g409	26.510	298	164	9	39	314	840	1104	4.05e-19	92.0
PfCD01_040005300|DBLa|1|65|458	PA0184-C.g409	24.161	298	171	9	27	313	1301	1554	1.18e-11	69.3
PfCD01_040005300|DBLa|1|65|458	PA0184-C.g409	23.860	285	163	10	51	333	2135	2367	2.11e-09	62.0
PfCD01_040005300|DBLa|1|65|458	PA0034-C.g103	73.815	401	94	5	1	394	75	471	0.0	597
PfCD01_040005300|DBLa|1|65|458	PA0034-C.g103	29.085	306	155	13	52	337	848	1111	5.93e-22	100
PfCD01_040005300|DBLa|1|65|458	PA0034-C.g103	25.072	347	198	14	23	343	1254	1564	2.45e-12	71.2
PfCD01_040005300|DBLa|1|65|458	PA0034-C.g103	22.884	319	187	10	118	394	1950	2251	8.27e-09	60.1
PfCD01_040005300|DBLa|1|65|458	PM0084-C.g485	73.684	399	99	5	1	394	60	457	0.0	593
PfCD01_040005300|DBLa|1|65|458	PM0084-C.g485	30.659	349	188	12	46	371	1718	2035	2.13e-31	129
PfCD01_040005300|DBLa|1|65|458	PM0084-C.g485	29.141	326	168	11	15	313	790	1079	9.35e-27	115
PfCD01_040005300|DBLa|1|65|458	PM0084-C.g485	27.306	271	142	12	47	313	2108	2327	3.07e-15	80.5
PfCD01_040005300|DBLa|1|65|458	PM0084-C.g485	21.086	313	209	9	27	335	1278	1556	2.37e-08	58.9
PfCD01_040005300|DBLa|1|65|458	PA0085-C.g53	75.063	397	93	4	3	394	62	457	0.0	592
PfCD01_040005300|DBLa|1|65|458	PA0085-C.g53	28.829	333	184	13	1	314	784	1082	4.34e-26	113
PfCD01_040005300|CIDRa|1|459|712	PA0184-C.g409	92.913	254	18	0	1	254	470	723	5.31e-158	487
PfCD01_040005300|CIDRa|1|459|712	PF0206-C.g15	89.020	255	27	1	1	254	475	729	3.08e-155	466
PfCD01_040005300|CIDRa|1|459|712	PM0024-C.g1039	89.020	255	27	1	1	254	480	734	9.12e-154	466
PfCD01_040005300|CIDRa|1|459|712	SenT094.09.g954	89.804	255	25	1	1	254	483	737	1.46e-150	462
PfCD01_040005300|CIDRa|1|459|712	PC0051-C.g137	88.189	254	30	0	1	254	364	617	2.68e-149	457
PfCD01_040005300|DBLb|1|718|1195	PM0085-C.g1134	73.878	490	110	7	1	478	739	1222	0.0	719
PfCD01_040005300|DBLb|1|718|1195	PM0085-C.g1134	31.224	474	227	16	41	478	2098	2508	8.21e-48	179
PfCD01_040005300|DBLb|1|718|1195	PM0085-C.g1134	31.657	338	157	15	89	368	88	409	3.88e-26	115
PfCD01_040005300|DBLb|1|718|1195	PM0085-C.g1134	29.197	274	157	10	98	365	2542	2784	1.25e-22	104
PfCD01_040005300|DBLb|1|718|1195	PM0085-C.g1134	25.298	336	173	13	104	394	1275	1577	6.53e-15	80.5
PfCD01_040005300|DBLb|1|718|1195	PM0085-C.g1134	25.249	301	171	11	88	361	1713	1986	8.56e-12	70.5
PfCD01_040005300|DBLb|1|718|1195	PT0225-C.g520	72.349	481	114	7	1	478	738	1202	0.0	682
PfCD01_040005300|DBLb|1|718|1195	PT0225-C.g520	32.890	301	152	11	90	359	1693	1974	2.39e-35	142
PfCD01_040005300|DBLb|1|718|1195	PT0225-C.g520	31.989	372	169	16	89	393	88	442	3.60e-29	124
PfCD01_040005300|DBLb|1|718|1195	PT0225-C.g520	25.796	314	173	11	106	394	1295	1573	9.65e-16	82.8
PfCD01_040005300|DBLb|1|718|1195	PT0052-C.g824	72.671	483	108	10	1	478	718	1181	0.0	670
PfCD01_040005300|DBLb|1|718|1195	PT0052-C.g824	28.571	329	168	14	29	309	6	315	4.06e-22	102
PfCD01_040005300|DBLb|1|718|1195	PV0211-C.g71	69.979	483	125	9	1	478	732	1199	0.0	645
PfCD01_040005300|DBLb|1|718|1195	PV0211-C.g71	31.250	464	224	15	47	478	1688	2088	1.05e-49	185
PfCD01_040005300|DBLb|1|718|1195	PV0211-C.g71	28.389	391	208	18	25	357	18	394	1.53e-24	110
PfCD01_040005300|DBLb|1|718|1195	PV0211-C.g71	29.630	270	153	10	98	361	2122	2360	2.21e-23	106
PfCD01_040005300|DBLb|1|718|1195	PV0211-C.g71	28.938	273	146	13	106	349	1305	1558	8.91e-17	86.3
PfCD01_040005300|DBLb|1|718|1195	PfKE04.g599	68.064	501	123	12	1	478	735	1221	0.0	637
PfCD01_040005300|DBLb|1|718|1195	PfKE04.g599	30.169	295	150	10	117	365	121	405	2.52e-22	103
PfCD01_040005300|DBLg|1|1259|1636	PT0008-CW.g497	79.894	378	74	1	1	378	584	959	0.0	634
PfCD01_040005300|DBLg|1|1259|1636	PT0008-CW.g497	24.825	286	161	11	38	287	131	398	2.33e-12	71.2
PfCD01_040005300|DBLg|1|1259|1636	PT0008-CW.g497	25.664	339	189	12	1	296	1002	1320	1.05e-10	65.9
PfCD01_040005300|DBLg|1|1259|1636	PT0008-CW.g497	24.500	200	100	6	46	230	1441	1604	9.05e-10	63.2
PfCD01_040005300|DBLg|1|1259|1636	PA0220-C.g21	79.420	379	66	3	1	378	314	681	0.0	617
PfCD01_040005300|DBLg|1|1259|1636	PA0220-C.g21	50.679	221	92	5	162	378	31	238	2.52e-58	207
PfCD01_040005300|DBLg|1|1259|1636	PA0220-C.g21	26.255	259	152	8	40	288	1161	1390	9.00e-14	75.5
PfCD01_040005300|DBLg|1|1259|1636	PA0220-C.g21	27.273	286	153	10	35	285	768	1033	1.86e-12	71.2
PfCD01_040005300|DBLg|1|1259|1636	PC0073-C.g317	77.105	380	85	1	1	378	1278	1657	0.0	615
PfCD01_040005300|DBLg|1|1259|1636	PC0073-C.g317	27.304	293	159	10	38	297	830	1101	3.35e-15	79.7
PfCD01_040005300|DBLg|1|1259|1636	PC0073-C.g317	23.410	346	213	12	19	322	80	415	1.18e-09	62.8
PfCD01_040005300|DBLg|1|1259|1636	PV0239-C.g30	76.842	380	86	1	1	378	1278	1657	0.0	614
PfCD01_040005300|DBLg|1|1259|1636	PV0239-C.g30	28.720	289	156	11	40	315	2132	2383	1.43e-17	87.0
PfCD01_040005300|DBLg|1|1259|1636	PV0239-C.g30	26.280	293	162	10	38	297	830	1101	6.57e-15	79.0
PfCD01_040005300|DBLg|1|1259|1636	PV0239-C.g30	23.765	324	202	11	34	322	102	415	8.71e-10	63.2
PfCD01_040005300|DBLg|1|1259|1636	PV0239-C.g30	24.427	262	159	10	51	285	1759	2008	2.22e-09	62.0
PfCD01_040005300|DBLg|1|1259|1636	PV0028-C.g66	76.842	380	86	1	1	378	1278	1657	0.0	613
PfCD01_040005300|DBLg|1|1259|1636	PV0028-C.g66	28.720	289	156	11	40	315	2132	2383	1.33e-17	87.4
PfCD01_040005300|DBLg|1|1259|1636	PV0028-C.g66	26.280	293	162	10	38	297	830	1101	5.99e-15	79.3
PfCD01_040005300|DBLg|1|1259|1636	PV0028-C.g66	23.457	324	203	11	34	322	102	415	2.17e-09	62.0
PfCD01_040005300|DBLg|1|1259|1636	PV0028-C.g66	24.427	262	159	10	51	285	1759	2008	2.21e-09	62.0
PfCD01_040005300|DBLz|1|1645|2073	SenT061.09.g891	97.902	429	7	1	1	429	1186	1612	0.0	857
PfCD01_040005300|DBLz|1|1645|2073	SenT061.09.g891	32.710	321	165	12	66	367	393	681	6.37e-35	140
PfCD01_040005300|DBLz|1|1645|2073	SenT061.09.g891	26.761	284	169	8	78	355	1647	1897	4.22e-15	80.5
PfCD01_040005300|DBLz|1|1645|2073	SenT061.09.g891	25.177	282	165	9	80	345	837	1088	2.46e-08	58.9
PfCD01_040005300|DBLz|1|1645|2073	PM0133-C.g190	96.270	429	14	1	1	429	1606	2032	0.0	843
PfCD01_040005300|DBLz|1|1645|2073	PM0133-C.g190	32.546	381	199	13	22	374	766	1116	2.88e-38	150
PfCD01_040005300|DBLz|1|1645|2073	PM0133-C.g190	30.390	385	219	15	2	350	22	393	7.97e-33	134
PfCD01_040005300|DBLz|1|1645|2073	PM0133-C.g190	28.169	284	152	11	78	354	2067	2305	3.16e-17	87.0
PfCD01_040005300|DBLz|1|1645|2073	PM0133-C.g190	25.818	275	153	11	94	345	1258	1504	1.43e-12	72.4
PfCD01_040005300|DBLz|1|1645|2073	PM0103-C.g101	95.804	429	16	1	1	429	1642	2068	0.0	843
PfCD01_040005300|DBLz|1|1645|2073	PM0103-C.g101	31.734	271	154	11	95	346	117	375	3.06e-27	117
PfCD01_040005300|DBLz|1|1645|2073	PM0103-C.g101	28.274	336	183	9	67	376	801	1104	1.19e-25	112
PfCD01_040005300|DBLz|1|1645|2073	PM0103-C.g101	24.771	327	202	9	78	398	2103	2391	8.37e-15	79.3
PfCD01_040005300|DBLz|1|1645|2073	PM0103-C.g101	24.101	278	157	10	94	345	1292	1541	7.00e-08	57.4
PfCD01_040005300|DBLz|1|1645|2073	PA0144-C.g22	95.804	429	16	1	1	429	1603	2029	0.0	842
PfCD01_040005300|DBLz|1|1645|2073	PA0144-C.g22	30.896	424	232	19	41	429	792	1189	1.05e-37	148
PfCD01_040005300|DBLz|1|1645|2073	PA0144-C.g22	33.840	263	142	9	95	331	120	376	2.21e-31	129
PfCD01_040005300|DBLz|1|1645|2073	PA0144-C.g22	24.771	327	202	9	78	398	2064	2352	1.29e-14	79.0
PfCD01_040005300|DBLz|1|1645|2073	PA0144-C.g22	21.300	277	166	8	94	345	1253	1502	3.99e-10	64.7
PfCD01_040005300|DBLz|1|1645|2073	PA0087-C.g76	95.571	429	17	1	1	429	1608	2034	0.0	838
PfCD01_040005300|DBLz|1|1645|2073	PA0087-C.g76	33.661	407	200	19	67	429	830	1210	2.22e-41	159
PfCD01_040005300|DBLz|1|1645|2073	PA0087-C.g76	30.931	333	196	12	95	401	125	449	1.76e-28	121
PfCD01_040005300|DBLz|1|1645|2073	PA0087-C.g76	27.817	284	159	11	78	354	2069	2313	5.87e-15	79.7
PfCD01_040005300|DBLz|1|1645|2073	PA0087-C.g76	25.352	284	163	11	80	345	1258	1510	2.73e-11	68.6
PfCD01_040005300|DBLe|1|2079|2404	PM0103-C.g101	92.771	332	18	1	1	326	2074	2405	0.0	620
PfCD01_040005300|DBLe|1|2079|2404	PM0103-C.g101	26.176	340	195	13	20	312	1707	2037	1.09e-16	83.6
PfCD01_040005300|DBLe|1|2079|2404	PM0103-C.g101	29.197	274	136	14	38	268	822	1080	4.18e-16	81.6
PfCD01_040005300|DBLe|1|2079|2404	PM0103-C.g101	25.368	272	154	11	46	269	113	383	8.70e-13	71.6
PfCD01_040005300|DBLe|1|2079|2404	PM0103-C.g101	24.658	292	159	10	20	264	1264	1541	1.16e-12	71.2
PfCD01_040005300|DBLe|1|2079|2404	PA0144-C.g22	92.771	332	18	1	1	326	2035	2366	0.0	620
PfCD01_040005300|DBLe|1|2079|2404	PA0144-C.g22	29.286	280	165	8	19	270	818	1092	8.28e-25	107
PfCD01_040005300|DBLe|1|2079|2404	PA0144-C.g22	26.176	340	195	13	20	312	1668	1998	7.73e-17	84.0
PfCD01_040005300|DBLe|1|2079|2404	PA0144-C.g22	25.298	336	176	14	9	288	1214	1530	8.10e-12	68.6
PfCD01_040005300|DBLe|1|2079|2404	PA0144-C.g22	25.714	245	132	8	33	232	103	342	1.44e-10	64.7
PfCD01_040005300|DBLe|1|2079|2404	SenT061.09.g891	87.952	332	34	1	1	326	1618	1949	0.0	592
PfCD01_040005300|DBLe|1|2079|2404	SenT061.09.g891	26.295	251	154	8	47	270	421	667	4.15e-17	84.7
PfCD01_040005300|DBLe|1|2079|2404	SenT061.09.g891	26.687	326	185	12	32	312	1265	1581	6.65e-17	84.0
PfCD01_040005300|DBLe|1|2079|2404	SenT061.09.g891	28.333	240	131	9	7	219	822	1047	2.29e-12	70.5
PfCD01_040005300|DBLe|1|2079|2404	PF0152-C.g157	83.133	332	50	1	1	326	2051	2382	0.0	567
PfCD01_040005300|DBLe|1|2079|2404	PF0152-C.g157	30.743	296	162	13	12	268	809	1100	2.99e-21	97.1
PfCD01_040005300|DBLe|1|2079|2404	PF0152-C.g157	28.033	239	133	11	27	232	98	330	1.02e-13	74.3
PfCD01_040005300|DBLe|1|2079|2404	PF0152-C.g157	27.941	204	109	6	42	209	1703	1904	4.58e-12	69.3
PfCD01_040005300|DBLe|1|2079|2404	PF0152-C.g157	23.164	177	112	5	106	264	1345	1515	7.89e-07	53.1
PfCD01_040005300|DBLe|1|2079|2404	PA0056-C.g112	81.627	332	55	1	1	326	1563	1894	0.0	554
PfCD01_040005300|DBLe|1|2079|2404	PA0056-C.g112	26.923	208	114	8	32	205	1212	1415	3.28e-12	69.7
PfCD01_040005300|DBLe|1|2079|2404	PA0056-C.g112	26.296	270	146	11	44	264	72	337	2.22e-11	67.4
PfCD01_040005300|DBLe|1|2079|2404	PA0056-C.g112	24.188	277	146	8	41	266	770	1033	4.26e-11	66.6
PfCD01_040005300|ATS|1|2484|2937	PV0083-C.g6	68.094	467	104	9	2	454	2375	2810	0.0	577
PfCD01_040005300|ATS|1|2484|2937	PH0148-CW.g98	67.447	470	118	11	2	454	908	1359	0.0	569
PfCD01_040005300|ATS|1|2484|2937	PV0099-C.g12	62.885	520	100	15	1	454	3295	3787	0.0	565
PfCD01_040005300|ATS|1|2484|2937	PH0148-CW.g99	66.740	457	120	8	1	454	896	1323	0.0	565
PfCD01_040005300|ATS|1|2484|2937	PV0147-C.g88	64.968	471	134	13	1	454	933	1389	0.0	548
PfCD01_040017400|NTS|1|1|76	PA0163-C.g1119	100.000	56	0	0	21	76	16	71	1.90e-31	116
PfCD01_040017400|NTS|1|1|76	PM0004-C.g700	83.582	67	11	0	10	76	2	68	8.43e-28	106
PfCD01_040017400|NTS|1|1|76	PF0456-C.g484	76.119	67	16	0	10	76	4	70	8.71e-24	94.7
PfCD01_040017400|NTS|1|1|76	PF0456-C.g463	76.119	67	16	0	10	76	4	70	1.17e-22	91.7
PfCD01_040017400|NTS|1|1|76	SenT150.09.g824	90.000	50	5	0	27	76	1	50	1.25e-22	91.7
PfCD01_040017400|DBLa|1|77|499	PM0004-C.g700	100.000	423	0	0	1	423	69	491	0.0	892
PfCD01_040017400|DBLa|1|77|499	PM0004-C.g700	20.984	305	175	11	47	331	921	1179	2.38e-07	55.8
PfCD01_040017400|DBLa|1|77|499	SenT150.09.g824	100.000	423	0	0	1	423	51	473	0.0	890
PfCD01_040017400|DBLa|1|77|499	SenT150.09.g824	20.984	305	175	11	47	331	881	1139	2.18e-07	55.8
PfCD01_040017400|DBLa|1|77|499	PA0163-C.g1119	96.226	424	12	2	1	423	72	492	0.0	851
PfCD01_040017400|DBLa|1|77|499	PA0163-C.g1119	23.897	272	176	5	89	334	1104	1370	9.56e-16	82.0
PfCD01_040017400|DBLa|1|77|499	PH0594-C.g1055	71.462	431	102	8	1	423	74	491	0.0	597
PfCD01_040017400|DBLa|1|77|499	PH0599-C.g567	71.462	431	102	8	1	423	74	491	0.0	597
PfCD01_040017400|DBLa|1|77|499	PH0599-C.g567	25.627	359	201	14	115	423	1073	1415	8.54e-14	76.3
PfCD01_040017400|CIDRa|1|500|784	SenT150.09.g824	96.284	296	0	1	1	285	474	769	0.0	583
PfCD01_040017400|CIDRa|1|500|784	PM0004-C.g700	89.623	318	0	1	1	285	492	809	0.0	571
PfCD01_040017400|CIDRa|1|500|784	PA0040-C.g441	78.694	291	49	7	1	285	505	788	2.60e-140	436
PfCD01_040017400|CIDRa|1|500|784	SenT224.08.g474	73.776	286	55	3	1	285	509	775	6.75e-134	417
PfCD01_040017400|CIDRa|1|500|784	SenT224.08.g474	26.712	146	86	3	149	283	1488	1623	1.95e-09	60.8
PfCD01_040017400|CIDRa|1|500|784	QE0472-C.g604	72.014	293	73	3	1	285	497	788	5.58e-129	404
PfCD01_040017400|DBLg|1|849|1238	QG0202-C.g840	69.873	395	112	5	1	390	74	466	6.98e-180	537
PfCD01_040017400|DBLg|1|849|1238	QG0202-C.g840	29.508	366	167	14	1	286	484	838	1.53e-32	132
PfCD01_040017400|DBLg|1|849|1238	QG0202-C.g361	69.873	395	112	5	1	390	840	1232	7.80e-175	538
PfCD01_040017400|DBLg|1|849|1238	QG0202-C.g361	26.171	363	172	12	28	294	1326	1688	4.14e-22	101
PfCD01_040017400|DBLg|1|849|1238	QG0202-C.g361	25.240	313	170	10	41	303	116	414	7.73e-13	72.8
PfCD01_040017400|DBLg|1|849|1238	PA0081-C.g311	65.664	399	119	7	1	390	840	1229	2.44e-165	513
PfCD01_040017400|DBLg|1|849|1238	PA0081-C.g311	25.054	459	175	17	1	292	1255	1711	6.34e-23	103
PfCD01_040017400|DBLg|1|849|1238	PV0147-C.g127	62.657	399	132	8	1	390	790	1180	3.15e-161	486
PfCD01_040017400|DBLg|1|849|1238	PV0285-C.g116	62.657	399	132	8	1	390	790	1180	8.23e-161	487
PfCD01_040017400|DBLd|1|1256|1763	PH0610-C.g594	58.955	536	170	11	1	508	820	1333	9.28e-180	548
PfCD01_040017400|DBLd|1|1256|1763	PH0610-C.g594	24.762	315	174	9	219	508	209	485	2.03e-11	69.3
PfCD01_040017400|DBLd|1|1256|1763	PH0248-C.g361	58.955	536	170	11	1	508	820	1333	1.80e-179	548
PfCD01_040017400|DBLd|1|1256|1763	PH0248-C.g361	24.762	315	174	9	219	508	209	485	2.38e-11	68.9
PfCD01_040017400|DBLd|1|1256|1763	PH0599-C.g610	58.955	536	170	11	1	508	820	1333	2.02e-179	550
PfCD01_040017400|DBLd|1|1256|1763	PH0599-C.g610	28.079	203	124	4	323	508	288	485	2.12e-11	69.3
PfCD01_040017400|DBLd|1|1256|1763	PV0084-C.g4	58.955	536	170	11	1	508	850	1363	2.16e-177	551
PfCD01_040017400|DBLd|1|1256|1763	PV0084-C.g4	30.108	186	108	4	340	508	335	515	2.08e-11	69.3
PfCD01_040017400|DBLd|1|1256|1763	PF0158-C.g280	58.090	513	153	13	16	508	1253	1723	1.32e-169	529
PfCD01_040017400|DBLd|1|1256|1763	PF0158-C.g280	28.090	356	153	10	82	437	912	1164	1.09e-28	123
PfCD01_040017400|CIDRb|1|1764|2017	PF0737-C.g124	100.000	254	0	0	1	254	1306	1559	3.27e-176	529
PfCD01_040017400|CIDRb|1|1764|2017	PH0599-C.g610	100.000	254	0	0	1	254	1334	1587	3.36e-176	530
PfCD01_040017400|CIDRb|1|1764|2017	PH0248-C.g361	100.000	254	0	0	1	254	1334	1587	3.36e-176	528
PfCD01_040017400|CIDRb|1|1764|2017	PH0610-C.g594	100.000	254	0	0	1	254	1334	1587	3.58e-176	528
PfCD01_040017400|CIDRb|1|1764|2017	PT0102-C.g620	100.000	254	0	0	1	254	1433	1686	6.76e-176	530
PfCD01_040017400|ATS|1|2132|2576	PV0139-C.g12	90.909	462	22	3	1	445	1673	2131	0.0	843
PfCD01_040017400|ATS|1|2132|2576	PD0494-C.g424	89.394	462	22	4	1	445	1751	2202	0.0	822
PfCD01_040017400|ATS|1|2132|2576	PV0117-C.g40	71.398	465	91	6	1	445	1559	2001	0.0	635
PfCD01_040017400|ATS|1|2132|2576	PV0211-C.g59	71.398	465	91	6	1	445	1844	2286	0.0	634
PfCD01_040017400|ATS|1|2132|2576	PV0128-C.g37	71.398	465	91	6	1	445	1844	2286	0.0	634
PfCD01_040018100|NTS|1|1|68	PA0172-C.g925	100.000	68	0	0	1	68	1	68	1.18e-39	139
PfCD01_040018100|NTS|1|1|68	SenT130.11.g338	100.000	68	0	0	1	68	1	68	1.18e-39	139
PfCD01_040018100|NTS|1|1|68	SenT040.11.g690	100.000	68	0	0	1	68	1	68	1.18e-39	139
PfCD01_040018100|NTS|1|1|68	PM0108-C.g1065	100.000	68	0	0	1	68	1	68	1.18e-39	139
PfCD01_040018100|NTS|1|1|68	PFKE01.g467	100.000	68	0	0	1	68	1	68	1.18e-39	139
PfCD01_040018100|DBLa|1|69|496	PA0172-C.g925	100.000	428	0	0	1	428	69	496	0.0	893
PfCD01_040018100|DBLa|1|69|496	PA0172-C.g925	25.483	259	127	10	119	334	1045	1280	6.09e-09	60.8
PfCD01_040018100|DBLa|1|69|496	SenT130.11.g338	100.000	428	0	0	1	428	69	496	0.0	893
PfCD01_040018100|DBLa|1|69|496	SenT130.11.g338	25.483	259	127	10	119	334	1045	1280	6.09e-09	60.8
PfCD01_040018100|DBLa|1|69|496	SenT040.11.g690	100.000	428	0	0	1	428	69	496	0.0	893
PfCD01_040018100|DBLa|1|69|496	SenT040.11.g690	25.483	259	127	10	119	334	1045	1280	6.09e-09	60.8
PfCD01_040018100|DBLa|1|69|496	PM0108-C.g1065	100.000	428	0	0	1	428	69	496	0.0	893
PfCD01_040018100|DBLa|1|69|496	PM0108-C.g1065	25.483	259	127	10	119	334	1045	1280	6.09e-09	60.8
PfCD01_040018100|DBLa|1|69|496	PFKE01.g467	100.000	428	0	0	1	428	69	496	0.0	893
PfCD01_040018100|DBLa|1|69|496	PFKE01.g467	25.483	259	127	10	119	334	1045	1280	6.09e-09	60.8
PfCD01_040018100|CIDRa|1|497|797	PA0172-C.g925	100.000	301	0	0	1	301	497	797	0.0	622
PfCD01_040018100|CIDRa|1|497|797	PT0014-CW.g423	99.668	301	1	0	1	301	497	797	0.0	622
PfCD01_040018100|CIDRa|1|497|797	SenT130.11.g338	100.000	301	0	0	1	301	497	797	0.0	622
PfCD01_040018100|CIDRa|1|497|797	SenT040.11.g690	100.000	301	0	0	1	301	497	797	0.0	622
PfCD01_040018100|CIDRa|1|497|797	PM0108-C.g1065	100.000	301	0	0	1	301	497	797	0.0	622
PfCD01_040018100|DBLd|1|875|1324	SenT130.09.g359	92.421	475	11	2	1	450	182	656	0.0	897
PfCD01_040018100|DBLd|1|875|1324	PA0172-C.g925	92.421	475	11	2	1	450	875	1349	0.0	896
PfCD01_040018100|DBLd|1|875|1324	PA0172-C.g925	25.681	257	125	10	148	381	189	402	4.20e-09	61.6
PfCD01_040018100|DBLd|1|875|1324	SenT130.11.g338	92.421	475	11	2	1	450	875	1349	0.0	896
PfCD01_040018100|DBLd|1|875|1324	SenT130.11.g338	25.681	257	125	10	148	381	189	402	4.20e-09	61.6
PfCD01_040018100|DBLd|1|875|1324	SenT040.11.g690	92.421	475	11	2	1	450	875	1349	0.0	896
PfCD01_040018100|DBLd|1|875|1324	SenT040.11.g690	25.681	257	125	10	148	381	189	402	4.20e-09	61.6
PfCD01_040018100|DBLd|1|875|1324	PM0108-C.g1065	92.421	475	11	2	1	450	875	1349	0.0	896
PfCD01_040018100|DBLd|1|875|1324	PM0108-C.g1065	25.681	257	125	10	148	381	189	402	4.20e-09	61.6
PfCD01_040018100|CIDRb|1|1325|1583	SenT130.09.g359	100.000	259	0	0	1	259	657	915	7.83e-180	524
PfCD01_040018100|CIDRb|1|1325|1583	PA0021-C.g4	100.000	259	0	0	1	259	1121	1379	8.51e-176	525
PfCD01_040018100|CIDRb|1|1325|1583	PA0007-C.g243	100.000	259	0	0	1	259	1153	1411	1.84e-175	525
PfCD01_040018100|CIDRb|1|1325|1583	PA0094-C.g68	100.000	259	0	0	1	259	1534	1792	1.74e-173	526
PfCD01_040018100|CIDRb|1|1325|1583	PA0172-C.g925	100.000	259	0	0	1	259	1350	1608	3.54e-173	522
PfCD01_040018100|ATS|1|1698|2179	PV0089-C.g11	80.745	483	49	7	1	482	1730	2169	0.0	718
PfCD01_040018100|ATS|1|1698|2179	PFKE12.g291	80.128	468	57	6	1	442	1061	1518	0.0	697
PfCD01_040018100|ATS|1|1698|2179	PFKE09.g563	77.178	482	63	8	1	480	775	1211	0.0	696
PfCD01_040018100|ATS|1|1698|2179	PV0028-C.g50	75.569	483	83	10	1	480	2600	3050	0.0	674
PfCD01_040018100|ATS|1|1698|2179	PV0028-C.g27	74.096	498	98	8	1	482	2441	2923	0.0	667
PfCD01_040018200|NTS|1|1|64	PA0172-C.g954	100.000	64	0	0	1	64	1	64	1.81e-35	127
PfCD01_040018200|NTS|1|1|64	PM0108-C.g1008	100.000	64	0	0	1	64	1	64	1.81e-35	127
PfCD01_040018200|NTS|1|1|64	PFKE01.g302	100.000	64	0	0	1	64	1	64	1.82e-35	127
PfCD01_040018200|NTS|1|1|64	QE0434-C.g749	100.000	64	0	0	1	64	1	64	1.93e-35	127
PfCD01_040018200|NTS|1|1|64	PT0034-C.g669	100.000	64	0	0	1	64	1	64	3.08e-35	126
PfCD01_040018200|DBLa|1|65|495	PA0172-C.g954	100.000	431	0	0	1	431	65	495	0.0	903
PfCD01_040018200|DBLa|1|65|495	PA0172-C.g954	25.753	365	203	16	106	431	982	1317	2.26e-20	96.7
PfCD01_040018200|DBLa|1|65|495	PM0108-C.g1008	100.000	431	0	0	1	431	65	495	0.0	903
PfCD01_040018200|DBLa|1|65|495	PM0108-C.g1008	25.753	365	203	16	106	431	982	1317	2.26e-20	96.7
PfCD01_040018200|DBLa|1|65|495	PFKE01.g302	100.000	431	0	0	1	431	65	495	0.0	903
PfCD01_040018200|DBLa|1|65|495	PFKE01.g302	25.753	365	203	16	106	431	982	1317	2.20e-20	96.7
PfCD01_040018200|DBLa|1|65|495	SenT130.11.g524	100.000	431	0	0	1	431	54	484	0.0	902
PfCD01_040018200|DBLa|1|65|495	SenT130.11.g524	25.753	365	203	16	106	431	971	1306	2.61e-20	96.3
PfCD01_040018200|DBLa|1|65|495	SenT130.09.g335	100.000	431	0	0	1	431	48	478	0.0	902
PfCD01_040018200|DBLa|1|65|495	SenT130.09.g335	25.753	365	203	16	106	431	965	1300	2.20e-20	96.7
PfCD01_040018200|CIDRa|1|496|751	PA0030-C.g1680	100.000	256	0	0	1	256	496	751	9.03e-178	532
PfCD01_040018200|CIDRa|1|496|751	PA0172-C.g954	100.000	256	0	0	1	256	496	751	1.40e-177	533
PfCD01_040018200|CIDRa|1|496|751	PM0108-C.g1008	100.000	256	0	0	1	256	496	751	1.40e-177	533
PfCD01_040018200|CIDRa|1|496|751	PV0115-C.g60	100.000	256	0	0	1	256	496	751	1.61e-177	531
PfCD01_040018200|CIDRa|1|496|751	SenT130.09.g335	100.000	256	0	0	1	256	479	734	1.67e-177	532
PfCD01_040018200|DBLd|1|813|1317	PA0030-C.g1680	100.000	505	0	0	1	505	813	1317	0.0	1050
PfCD01_040018200|DBLd|1|813|1317	PA0030-C.g1680	26.027	365	202	17	170	505	170	495	2.76e-20	97.4
PfCD01_040018200|DBLd|1|813|1317	SenT130.09.g335	100.000	505	0	0	1	505	796	1300	0.0	1049
PfCD01_040018200|DBLd|1|813|1317	SenT130.09.g335	26.027	365	202	17	170	505	153	478	2.85e-20	97.4
PfCD01_040018200|DBLd|1|813|1317	SenT130.11.g524	100.000	505	0	0	1	505	802	1306	0.0	1048
PfCD01_040018200|DBLd|1|813|1317	SenT130.11.g524	26.027	365	202	17	170	505	159	484	3.21e-20	97.1
PfCD01_040018200|DBLd|1|813|1317	PT0014-CW.g256	100.000	505	0	0	1	505	794	1298	0.0	1048
PfCD01_040018200|DBLd|1|813|1317	PT0014-CW.g256	27.119	295	149	11	167	443	163	409	5.99e-14	77.4
PfCD01_040018200|DBLd|1|813|1317	PA0172-C.g954	100.000	505	0	0	1	505	813	1317	0.0	1048
PfCD01_040018200|DBLd|1|813|1317	PA0172-C.g954	26.027	365	202	17	170	505	170	495	2.81e-20	97.4
PfCD01_040018200|CIDRb|1|1318|1570	PA0030-C.g1680	81.377	247	42	1	1	247	1318	1560	5.58e-129	401
PfCD01_040018200|CIDRb|1|1318|1570	PA0172-C.g954	81.377	247	42	1	1	247	1318	1560	7.72e-129	401
PfCD01_040018200|CIDRb|1|1318|1570	PM0108-C.g1008	81.377	247	42	1	1	247	1318	1560	7.72e-129	401
PfCD01_040018200|CIDRb|1|1318|1570	SenT130.09.g335	81.377	247	42	1	1	247	1301	1543	8.12e-129	401
PfCD01_040018200|CIDRb|1|1318|1570	PFKE01.g302	81.377	247	42	1	1	247	1318	1560	8.37e-129	401
PfCD01_040018200|ATS|1|1689|2120	PH0121-CW.g102	81.448	442	59	5	1	432	802	1230	0.0	686
PfCD01_040018200|ATS|1|1689|2120	PFKE01.g19	79.819	441	78	7	1	432	1733	2171	0.0	676
PfCD01_040018200|ATS|1|1689|2120	PFKE09.g563	79.730	444	76	6	1	432	775	1216	0.0	675
PfCD01_040018200|ATS|1|1689|2120	PA0245-C.g391	78.330	443	78	5	1	432	2512	2947	0.0	667
PfCD01_040018200|ATS|1|1689|2120	PC0113-C.g949	79.955	444	76	6	1	432	1702	2144	0.0	657
PfCD01_040018400|NTS|1|1|72	PA0085-C.g230	100.000	72	0	0	1	72	1	72	1.13e-42	148
PfCD01_040018400|NTS|1|1|72	PT0303-Cx.g2234	100.000	72	0	0	1	72	1	72	2.36e-42	147
PfCD01_040018400|NTS|1|1|72	SenT044.11.g531	100.000	72	0	0	1	72	1	72	2.47e-42	147
PfCD01_040018400|NTS|1|1|72	QE0455-C.g876	100.000	72	0	0	1	72	1	72	8.16e-41	143
PfCD01_040018400|NTS|1|1|72	PA0172-C.g978	100.000	72	0	0	1	72	1	72	8.40e-41	143
PfCD01_040018400|DBLa|1|73|503	QE0455-C.g876	100.000	431	0	0	1	431	73	503	0.0	909
PfCD01_040018400|DBLa|1|73|503	QE0455-C.g876	32.103	271	130	11	115	377	1026	1250	1.92e-24	108
PfCD01_040018400|DBLa|1|73|503	PA0172-C.g978	100.000	431	0	0	1	431	73	503	0.0	909
PfCD01_040018400|DBLa|1|73|503	PA0172-C.g978	32.472	271	129	12	115	377	1026	1250	5.98e-24	107
PfCD01_040018400|DBLa|1|73|503	PC0069-C.g332	100.000	431	0	0	1	431	73	503	0.0	907
PfCD01_040018400|DBLa|1|73|503	PC0069-C.g332	25.475	263	142	9	112	331	1125	1376	1.49e-15	81.6
PfCD01_040018400|DBLa|1|73|503	PT0042-C.g442	100.000	431	0	0	1	431	73	503	0.0	906
PfCD01_040018400|DBLa|1|73|503	PT0042-C.g442	24.907	269	142	9	112	331	1104	1361	8.44e-15	79.3
PfCD01_040018400|DBLa|1|73|503	PA0079-C.g262	100.000	431	0	0	1	431	73	503	0.0	906
PfCD01_040018400|DBLa|1|73|503	PA0079-C.g262	25.475	263	142	9	112	331	1103	1354	1.60e-15	81.6
PfCD01_040018400|CIDRa|1|504|794	QE0455-C.g876	100.000	291	0	0	1	291	504	794	0.0	601
PfCD01_040018400|CIDRa|1|504|794	PA0172-C.g978	100.000	291	0	0	1	291	504	794	0.0	600
PfCD01_040018400|CIDRa|1|504|794	QE0440-C.g60	100.000	291	0	0	1	291	523	813	0.0	600
PfCD01_040018400|CIDRa|1|504|794	PT0042-C.g442	100.000	291	0	0	1	291	504	794	0.0	599
PfCD01_040018400|CIDRa|1|504|794	SenT130.09.g331	100.000	291	0	0	1	291	478	768	0.0	599
PfCD01_040018400|DBLd|1|862|1285	PA0172-C.g978	100.000	424	0	0	1	424	862	1285	0.0	880
PfCD01_040018400|DBLd|1|862|1285	PA0172-C.g978	32.889	225	109	9	165	356	187	402	3.34e-22	102
PfCD01_040018400|DBLd|1|862|1285	SenT130.09.g331	100.000	424	0	0	1	424	836	1259	0.0	879
PfCD01_040018400|DBLd|1|862|1285	SenT130.09.g331	27.434	226	100	9	162	356	184	376	4.92e-09	61.2
PfCD01_040018400|DBLd|1|862|1285	PM0108-C.g21	100.000	424	0	0	1	424	862	1285	0.0	877
PfCD01_040018400|DBLd|1|862|1285	PM0108-C.g21	31.273	275	133	12	162	389	184	449	2.89e-22	102
PfCD01_040018400|DBLd|1|862|1285	PF0152-C.g668	100.000	424	0	0	1	424	862	1285	0.0	877
PfCD01_040018400|DBLd|1|862|1285	PF0152-C.g668	31.273	275	133	12	162	389	184	449	2.97e-22	102
PfCD01_040018400|DBLd|1|862|1285	PFKE01.g45	100.000	424	0	0	1	424	862	1285	0.0	877
PfCD01_040018400|DBLd|1|862|1285	PFKE01.g45	31.273	275	133	12	162	389	184	449	2.89e-22	102
PfCD01_040018400|CIDRb|1|1286|1539	PV0204-C.g42	100.000	254	0	0	1	254	382	635	2.48e-178	524
PfCD01_040018400|CIDRb|1|1286|1539	PM0038-C.g1459	100.000	254	0	0	1	254	1111	1364	9.55e-173	516
PfCD01_040018400|CIDRb|1|1286|1539	SenT130.09.g331	100.000	254	0	0	1	254	1260	1513	5.87e-172	517
PfCD01_040018400|CIDRb|1|1286|1539	PV0088-C.g38	100.000	254	0	0	1	254	1286	1539	1.43e-171	516
PfCD01_040018400|CIDRb|1|1286|1539	PM0108-C.g21	100.000	254	0	0	1	254	1286	1539	1.50e-171	516
PfCD01_040018400|ATS|1|1660|2106	QE0455-C.g876	100.000	447	0	0	1	447	1660	2106	0.0	923
PfCD01_040018400|ATS|1|1660|2106	PA0172-C.g978	100.000	447	0	0	1	447	1660	2106	0.0	923
PfCD01_040018400|ATS|1|1660|2106	PV0204-C.g42	98.210	447	8	0	1	447	756	1202	0.0	901
PfCD01_040018400|ATS|1|1660|2106	PFKE06.g12	90.667	450	35	4	1	447	2026	2471	0.0	816
PfCD01_040018400|ATS|1|1660|2106	QE0466-C.g695	90.667	450	35	4	1	447	1620	2065	0.0	815
PfCD01_040026200|NTS|1|1|57	PF0609-C.g5291	98.246	57	1	0	1	57	1	57	1.68e-31	115
PfCD01_040026200|NTS|1|1|57	PA0229-C.g913	73.684	57	15	0	1	57	1	57	2.69e-20	84.0
PfCD01_040026200|NTS|1|1|57	PF0035-C.g51	84.783	46	7	0	12	57	12	57	7.99e-19	79.7
PfCD01_040026200|NTS|1|1|57	PF0617-C.g269	84.783	46	7	0	12	57	12	57	8.22e-19	79.7
PfCD01_040026200|NTS|1|1|57	PF0737-C.g73	84.783	46	7	0	12	57	12	57	8.39e-19	79.7
PfCD01_040026200|DBLa|1|58|449	PF0609-C.g5291	99.745	392	1	0	1	392	58	449	0.0	817
PfCD01_040026200|DBLa|1|58|449	PF0609-C.g5291	29.563	389	201	16	1	364	777	1117	2.21e-36	143
PfCD01_040026200|DBLa|1|58|449	PF0609-C.g5291	31.333	300	170	9	116	392	1723	2009	2.28e-33	134
PfCD01_040026200|DBLa|1|58|449	PF0609-C.g5291	24.324	333	201	8	26	328	1200	1511	8.47e-18	88.2
PfCD01_040026200|DBLa|1|58|449	QG0195-C.g93	74.307	397	95	3	1	392	63	457	0.0	585
PfCD01_040026200|DBLa|1|58|449	QG0195-C.g93	31.541	279	140	8	54	307	832	1084	6.23e-32	130
PfCD01_040026200|DBLa|1|58|449	QG0195-C.g93	29.966	297	171	10	116	392	1761	2040	2.18e-20	95.9
PfCD01_040026200|DBLa|1|58|449	QG0195-C.g93	20.588	306	200	9	50	344	1264	1537	1.38e-07	56.2
PfCD01_040026200|DBLa|1|58|449	QE0472-C.g353	74.495	396	96	3	1	392	59	453	0.0	576
PfCD01_040026200|DBLa|1|58|449	QE0472-C.g353	32.056	287	149	8	116	392	1689	1939	7.87e-30	124
PfCD01_040026200|DBLa|1|58|449	QE0472-C.g353	27.248	367	196	15	1	344	756	1074	2.27e-27	117
PfCD01_040026200|DBLa|1|58|449	QE0472-C.g353	22.289	332	193	13	50	360	1203	1490	1.64e-09	62.4
PfCD01_040026200|DBLa|1|58|449	PV0088-C.g10	74.495	396	96	3	1	392	59	453	0.0	576
PfCD01_040026200|DBLa|1|58|449	PV0088-C.g10	32.119	302	158	9	102	392	1690	1955	1.18e-34	138
PfCD01_040026200|DBLa|1|58|449	PV0088-C.g10	27.248	367	196	15	1	344	781	1099	2.06e-27	117
PfCD01_040026200|DBLa|1|58|449	PV0088-C.g10	20.818	269	180	6	50	311	1228	1470	1.98e-09	62.0
PfCD01_040026200|DBLa|1|58|449	PF0035-C.g51	72.704	392	106	1	1	392	58	448	0.0	575
PfCD01_040026200|DBLa|1|58|449	PF0035-C.g51	29.134	381	197	17	20	371	799	1135	1.28e-30	126
PfCD01_040026200|DBLa|1|58|449	PF0035-C.g51	29.210	291	171	11	116	392	1748	2017	8.94e-24	106
PfCD01_040026200|DBLa|1|58|449	PF0035-C.g51	22.414	290	191	6	50	330	1267	1531	2.05e-12	71.6
PfCD01_040026200|CIDRa|1|450|697	PF0609-C.g5291	100.000	248	0	0	1	248	450	697	3.88e-168	516
PfCD01_040026200|CIDRa|1|450|697	PF0609-C.g5291	31.579	133	81	4	37	162	2045	2174	2.10e-09	60.1
PfCD01_040026200|CIDRa|1|450|697	PT0299-Cx.g1046	100.000	248	0	0	1	248	456	703	8.28e-168	515
PfCD01_040026200|CIDRa|1|450|697	PT0299-Cx.g1046	31.579	133	81	4	37	162	2051	2180	2.53e-09	59.7
PfCD01_040026200|CIDRa|1|450|697	PT0059-C.g375	100.000	248	0	0	1	248	459	706	8.48e-168	515
PfCD01_040026200|CIDRa|1|450|697	PT0059-C.g375	31.579	133	81	4	37	162	2054	2183	2.59e-09	59.7
PfCD01_040026200|CIDRa|1|450|697	QG0195-C.g93	95.968	248	10	0	1	248	458	705	6.30e-162	498
PfCD01_040026200|CIDRa|1|450|697	QG0195-C.g93	24.074	216	148	6	39	245	2079	2287	6.29e-09	58.5
PfCD01_040026200|CIDRa|1|450|697	PA0030-C.g1252	90.726	248	23	0	1	248	453	700	1.09e-153	473
PfCD01_040026200|DBLb|1|717|1163	PF0609-C.g5291	93.512	447	29	0	1	447	717	1163	0.0	885
PfCD01_040026200|DBLb|1|717|1163	PF0609-C.g5291	27.990	418	230	18	36	407	35	427	5.51e-31	129
PfCD01_040026200|DBLb|1|717|1163	PF0609-C.g5291	23.220	323	177	11	109	392	1229	1519	2.62e-13	75.1
PfCD01_040026200|DBLb|1|717|1163	PT0059-C.g375	93.289	447	30	0	1	447	726	1172	0.0	881
PfCD01_040026200|DBLb|1|717|1163	PT0059-C.g375	27.919	394	223	17	61	407	57	436	9.51e-31	128
PfCD01_040026200|DBLb|1|717|1163	PT0059-C.g375	23.220	323	177	11	109	392	1238	1528	3.38e-13	74.7
PfCD01_040026200|DBLb|1|717|1163	PT0299-Cx.g1046	93.065	447	31	0	1	447	723	1169	0.0	879
PfCD01_040026200|DBLb|1|717|1163	PT0299-Cx.g1046	29.487	390	219	16	61	407	57	433	1.44e-33	136
PfCD01_040026200|DBLb|1|717|1163	PT0299-Cx.g1046	23.220	323	177	11	109	392	1235	1525	2.71e-13	74.7
PfCD01_040026200|DBLb|1|717|1163	PC0079-C.g589	89.732	448	45	1	1	447	739	1186	0.0	854
PfCD01_040026200|DBLb|1|717|1163	PC0079-C.g589	28.653	349	193	15	13	323	14	344	4.93e-26	114
PfCD01_040026200|DBLb|1|717|1163	PC0079-C.g589	23.733	375	212	14	84	404	1615	1969	2.89e-15	81.3
PfCD01_040026200|DBLb|1|717|1163	PC0079-C.g589	24.601	313	177	11	69	357	1215	1492	1.03e-13	76.3
PfCD01_040026200|DBLb|1|717|1163	PF0725-C.g680	89.732	448	45	1	1	447	739	1186	0.0	852
PfCD01_040026200|DBLb|1|717|1163	PF0725-C.g680	28.653	349	193	15	13	323	14	344	5.65e-26	114
PfCD01_040026200|DBLb|1|717|1163	PF0725-C.g680	24.000	350	206	11	69	391	1215	1531	5.72e-14	77.0
PfCD01_040026200|DBLg|1|1182|1566	PF0609-C.g5291	100.000	385	0	0	1	385	1182	1566	0.0	800
PfCD01_040026200|DBLg|1|1182|1566	PF0609-C.g5291	36.193	373	176	12	1	317	1573	1939	6.25e-59	209
PfCD01_040026200|DBLg|1|1182|1566	PF0609-C.g5291	23.762	303	180	8	19	300	83	355	5.87e-15	79.3
PfCD01_040026200|DBLg|1|1182|1566	PF0609-C.g5291	22.590	363	207	11	11	338	785	1108	1.94e-13	74.7
PfCD01_040026200|DBLg|1|1182|1566	PT0059-C.g375	100.000	385	0	0	1	385	1191	1575	0.0	800
PfCD01_040026200|DBLg|1|1182|1566	PT0059-C.g375	36.461	373	175	12	1	317	1582	1948	4.98e-59	209
PfCD01_040026200|DBLg|1|1182|1566	PT0059-C.g375	22.590	363	207	11	11	338	794	1117	1.90e-13	74.7
PfCD01_040026200|DBLg|1|1182|1566	PT0059-C.g375	23.448	290	164	9	42	300	102	364	7.11e-08	57.0
PfCD01_040026200|DBLg|1|1182|1566	PC0107-C.g882	97.347	377	8	1	11	385	761	1137	0.0	757
PfCD01_040026200|DBLg|1|1182|1566	PC0107-C.g882	36.461	373	175	12	1	317	1144	1510	7.27e-59	209
PfCD01_040026200|DBLg|1|1182|1566	PC0107-C.g882	23.667	300	159	9	48	315	365	626	1.54e-14	78.2
PfCD01_040026200|DBLg|1|1182|1566	QG0247-C.g1374	97.347	377	8	1	11	385	1243	1619	0.0	757
PfCD01_040026200|DBLg|1|1182|1566	QG0247-C.g1374	36.461	373	175	12	1	317	1626	1992	7.03e-59	209
PfCD01_040026200|DBLg|1|1182|1566	QG0247-C.g1374	23.667	300	159	9	48	315	847	1108	1.58e-14	78.2
PfCD01_040026200|DBLg|1|1182|1566	QG0247-C.g1374	23.453	307	170	7	40	313	109	383	2.89e-12	70.9
PfCD01_040026200|DBLg|1|1182|1566	QG0186-C.g953	97.347	377	8	1	11	385	1243	1619	0.0	757
PfCD01_040026200|DBLg|1|1182|1566	QG0186-C.g953	36.461	373	175	12	1	317	1626	1992	7.03e-59	209
PfCD01_040026200|DBLg|1|1182|1566	QG0186-C.g953	23.667	300	159	9	48	315	847	1108	1.50e-14	78.2
PfCD01_040026200|DBLg|1|1182|1566	QG0186-C.g953	23.453	307	170	7	40	313	109	383	2.84e-12	70.9
PfCD01_040026200|DBLd|1|1573|2009	PA0256-C.g492	100.000	437	0	0	1	437	1039	1475	0.0	914
PfCD01_040026200|DBLd|1|1573|2009	PA0256-C.g492	37.921	356	153	11	18	367	671	964	2.60e-48	180
PfCD01_040026200|DBLd|1|1573|2009	PA0044-C.g43	100.000	437	0	0	1	437	1608	2044	0.0	914
PfCD01_040026200|DBLd|1|1573|2009	PA0044-C.g43	38.095	378	167	16	1	367	1212	1533	5.07e-52	191
PfCD01_040026200|DBLd|1|1573|2009	PA0044-C.g43	28.053	303	181	8	148	437	170	448	1.85e-24	109
PfCD01_040026200|DBLd|1|1573|2009	PT0256-C.g198	100.000	437	0	0	1	437	1610	2046	0.0	913
PfCD01_040026200|DBLd|1|1573|2009	PT0256-C.g198	38.095	378	167	16	1	367	1214	1535	9.98e-52	190
PfCD01_040026200|DBLd|1|1573|2009	PT0256-C.g198	28.165	316	172	10	148	437	176	462	5.12e-26	114
PfCD01_040026200|DBLd|1|1573|2009	PT0184-C.g2992	100.000	437	0	0	1	437	1614	2050	0.0	913
PfCD01_040026200|DBLd|1|1573|2009	PT0184-C.g2992	38.095	378	167	16	1	367	1218	1539	6.71e-52	190
PfCD01_040026200|DBLd|1|1573|2009	PT0184-C.g2992	30.255	314	169	9	148	437	173	460	8.91e-24	107
PfCD01_040026200|DBLd|1|1573|2009	PT0071-C.g11	100.000	437	0	0	1	437	341	777	0.0	913
PfCD01_040026200|DBLd|1|1573|2009	PT0071-C.g11	35.535	318	149	9	54	367	1	266	2.00e-47	177
PfCD01_040026200|CIDRg|1|2010|2265	SenP027.02.g411	99.609	256	1	0	1	256	660	915	0.0	533
PfCD01_040026200|CIDRg|1|2010|2265	PV0236-C.g37	100.000	256	0	0	1	256	328	583	0.0	532
PfCD01_040026200|CIDRg|1|2010|2265	PF0816-C.g282	100.000	256	0	0	1	256	314	569	0.0	532
PfCD01_040026200|CIDRg|1|2010|2265	QE0418-C.g652	100.000	256	0	0	1	256	373	628	0.0	532
PfCD01_040026200|CIDRg|1|2010|2265	PD0505-C.g597	100.000	256	0	0	1	256	229	484	0.0	531
PfCD01_040026200|ATS|1|2378|2827	PF0424-C.g229	99.556	450	2	0	1	450	1795	2244	0.0	914
PfCD01_040026200|ATS|1|2378|2827	PFKE06.g20	98.458	454	3	1	1	450	1746	2199	0.0	910
PfCD01_040026200|ATS|1|2378|2827	PA0193-C.g234	99.333	450	3	0	1	450	1777	2226	0.0	907
PfCD01_040026200|ATS|1|2378|2827	PM0142-C.g998	99.333	450	3	0	1	450	2431	2880	0.0	905
PfCD01_040026200|ATS|1|2378|2827	PC0107-C.g882	99.556	450	2	0	1	450	1949	2398	0.0	905
PfCD01_040026400|NTS|1|1|68	SenT235.08.g329	75.806	62	10	1	5	61	2	63	5.82e-21	86.3
PfCD01_040026400|NTS|1|1|68	SenT170.08.g351	75.806	62	10	1	5	61	2	63	5.82e-21	86.3
PfCD01_040026400|NTS|1|1|68	PM0024-C.g238	76.562	64	14	1	5	68	3	65	1.10e-19	82.8
PfCD01_040026400|NTS|1|1|68	PFKE07.g843	73.846	65	15	2	5	68	2	65	2.55e-19	81.6
PfCD01_040026400|NTS|1|1|68	PV0287-C.g97	70.588	68	17	2	1	68	1	65	2.82e-19	81.6
PfCD01_040026400|DBLa|1|69|488	PT0195-Cx.g15	100.000	364	0	0	57	420	1	364	0.0	766
PfCD01_040026400|DBLa|1|69|488	PT0195-Cx.g15	28.653	349	181	8	46	385	771	1060	2.82e-29	123
PfCD01_040026400|DBLa|1|69|488	QG0216-C.g585	72.261	429	105	6	1	420	68	491	0.0	625
PfCD01_040026400|DBLa|1|69|488	QG0216-C.g585	32.743	339	147	14	58	367	918	1204	5.05e-32	131
PfCD01_040026400|DBLa|1|69|488	QG0216-C.g585	23.642	313	181	12	149	420	1545	1840	1.83e-12	72.0
PfCD01_040026400|DBLa|1|69|488	QG0204-C.g342	71.562	429	108	6	1	420	68	491	0.0	620
PfCD01_040026400|DBLa|1|69|488	QG0204-C.g342	32.534	292	135	9	55	334	904	1145	1.37e-33	136
PfCD01_040026400|DBLa|1|69|488	QG0204-C.g342	26.111	360	218	14	82	420	1514	1846	4.09e-20	95.5
PfCD01_040026400|DBLa|1|69|488	PA0167-C.g801	73.103	435	100	11	1	420	74	506	0.0	582
PfCD01_040026400|DBLa|1|69|488	PA0167-C.g801	25.182	274	163	10	181	420	1136	1401	8.13e-15	79.3
PfCD01_040026400|DBLa|1|69|488	QG0287-C.g626	70.561	428	109	7	1	420	71	489	0.0	579
PfCD01_040026400|DBLa|1|69|488	QG0287-C.g626	32.447	188	105	7	239	420	1185	1356	4.96e-15	80.1
PfCD01_040026400|CIDRa|1|489|778	PT0195-Cx.g15	100.000	290	0	0	1	290	365	654	0.0	598
PfCD01_040026400|CIDRa|1|489|778	PM0159-C.g93	83.278	299	41	3	1	290	508	806	9.52e-162	483
PfCD01_040026400|CIDRa|1|489|778	PM0084-C.g355	68.858	289	89	1	1	288	389	677	3.49e-125	393
PfCD01_040026400|CIDRa|1|489|778	PM0084-C.g355	28.889	90	64	0	113	202	1368	1457	3.63e-07	53.9
PfCD01_040026400|CIDRa|1|489|778	QG0246-C.g3267	72.109	294	70	6	1	290	502	787	5.99e-125	394
PfCD01_040026400|CIDRa|1|489|778	PF0207-C.g463	69.310	290	86	2	1	288	512	800	7.38e-125	393
PfCD01_040026400|CIDRa|1|489|778	PF0207-C.g463	28.889	90	64	0	113	202	1491	1580	3.43e-07	53.9
PfCD01_040026400|DBLb|1|785|1263	PT0195-Cx.g15	99.374	479	3	0	1	479	661	1139	0.0	1002
PfCD01_040026400|DBLb|1|785|1263	PT0195-Cx.g15	27.761	335	178	10	123	400	2	329	1.02e-25	113
PfCD01_040026400|DBLb|1|785|1263	QG0261-C.g342	63.878	490	144	7	1	479	80	547	0.0	617
PfCD01_040026400|DBLb|1|785|1263	PF0609-C.g5812	63.878	490	144	7	1	479	782	1249	0.0	616
PfCD01_040026400|DBLb|1|785|1263	PF0609-C.g5812	30.645	248	126	9	123	342	120	349	5.08e-22	102
PfCD01_040026400|DBLb|1|785|1263	PT0170-C.g519	63.878	490	144	7	1	479	782	1249	0.0	615
PfCD01_040026400|DBLb|1|785|1263	PT0170-C.g519	30.942	223	121	7	123	317	120	337	5.52e-22	102
PfCD01_040026400|DBLb|1|785|1263	PC0026-C.g1	64.536	485	146	11	1	479	117	581	0.0	602
PfCD01_040026400|DBLd|1|1350|1857	PA0016-C.g9	55.926	540	191	15	1	508	82	606	0.0	536
PfCD01_040026400|DBLd|1|1350|1857	PA0094-C.g124	55.926	540	191	15	1	508	1108	1632	7.37e-173	536
PfCD01_040026400|DBLd|1|1350|1857	QG0258-C.g593	56.203	532	186	12	1	508	895	1403	9.13e-156	487
PfCD01_040026400|DBLd|1|1350|1857	QG0258-C.g593	26.008	496	276	19	82	508	26	499	1.74e-22	104
PfCD01_040026400|DBLd|1|1350|1857	PV0258-C.g40	54.104	536	184	16	1	508	506	1007	1.65e-155	480
PfCD01_040026400|DBLd|1|1350|1857	PV0258-C.g40	28.804	184	95	6	359	508	1	182	1.17e-11	70.1
PfCD01_040026400|DBLd|1|1350|1857	PV0083-C.g51	54.104	536	184	16	1	508	817	1318	8.34e-154	481
PfCD01_040026400|DBLd|1|1350|1857	PV0083-C.g51	25.150	334	177	12	218	508	190	493	2.79e-16	84.7
PfCD01_040026400|CIDRb|1|1858|2106	PT0230-Cx.g433	96.386	249	9	0	1	249	1363	1611	1.54e-160	488
PfCD01_040026400|CIDRb|1|1858|2106	PT0181-C.g2364	96.386	249	9	0	1	249	1432	1680	2.10e-160	489
PfCD01_040026400|CIDRb|1|1858|2106	PM0136-C.g37	90.283	247	24	0	1	247	652	898	1.12e-156	463
PfCD01_040026400|CIDRb|1|1858|2106	QG0234-C.g2535	84.274	248	35	3	2	246	2183	2429	1.98e-131	411
PfCD01_040026400|CIDRb|1|1858|2106	PA0016-C.g9	82.800	250	40	3	1	249	607	854	8.46e-130	392
PfCD01_040026400|ATS|1|2242|2696	PFKE09.g399	78.497	479	49	7	1	455	1790	2238	0.0	741
PfCD01_040026400|ATS|1|2242|2696	PC0085-C.g1371	75.560	491	76	7	1	455	1768	2250	0.0	711
PfCD01_040026400|ATS|1|2242|2696	PD0518-C.g670	73.077	468	93	8	1	455	1690	2137	0.0	661
PfCD01_040026400|ATS|1|2242|2696	PV0204-C.g42	72.234	461	108	6	1	455	756	1202	0.0	647
PfCD01_040026400|ATS|1|2242|2696	PD0585-C.g823	70.851	470	99	8	1	455	1711	2157	0.0	643
PfCD01_040026500|NTS|1|1|56	QG0216-C.g599	100.000	56	0	0	1	56	1	56	2.64e-31	115
PfCD01_040026500|NTS|1|1|56	SenT046.11.g1116	100.000	56	0	0	1	56	1	56	4.97e-31	114
PfCD01_040026500|NTS|1|1|56	PT0230-Cx.g564	96.429	56	2	0	1	56	1	56	1.82e-29	109
PfCD01_040026500|NTS|1|1|56	PT0109-C.g453	85.714	56	8	0	1	56	1	56	6.34e-27	102
PfCD01_040026500|NTS|1|1|56	PF0152-C.g511	85.714	56	8	0	1	56	1	56	1.28e-26	101
PfCD01_040026500|DBLa|1|57|462	QG0216-C.g599	100.000	406	0	0	1	406	57	462	0.0	850
PfCD01_040026500|DBLa|1|57|462	QG0216-C.g599	31.525	295	151	12	8	290	824	1079	6.54e-30	124
PfCD01_040026500|DBLa|1|57|462	QG0216-C.g599	24.834	451	251	14	24	406	1284	1714	6.55e-19	91.7
PfCD01_040026500|DBLa|1|57|462	SenT046.11.g1116	100.000	406	0	0	1	406	57	462	0.0	848
PfCD01_040026500|DBLa|1|57|462	SenT046.11.g1116	31.561	301	151	12	8	290	824	1087	2.73e-30	125
PfCD01_040026500|DBLa|1|57|462	SenT046.11.g1116	25.581	301	169	8	145	406	1438	1722	2.83e-15	80.5
PfCD01_040026500|DBLa|1|57|462	PA0214-C.g285	77.372	411	87	2	1	406	58	467	0.0	655
PfCD01_040026500|DBLa|1|57|462	PA0214-C.g285	30.636	346	181	11	1	324	814	1122	2.20e-36	144
PfCD01_040026500|DBLa|1|57|462	PA0214-C.g285	25.166	302	185	9	43	339	1282	1547	1.04e-11	69.3
PfCD01_040026500|DBLa|1|57|462	SenT001.08.g571	77.372	411	87	2	1	406	58	467	0.0	655
PfCD01_040026500|DBLa|1|57|462	SenT001.08.g571	30.636	346	181	11	1	324	814	1122	2.20e-36	144
PfCD01_040026500|DBLa|1|57|462	SenT001.08.g571	25.166	302	185	9	43	339	1282	1547	1.04e-11	69.3
PfCD01_040026500|DBLa|1|57|462	PA0173-C.g647	77.150	407	92	1	1	406	59	465	0.0	651
PfCD01_040026500|DBLa|1|57|462	PA0173-C.g647	31.692	325	162	12	53	369	847	1119	1.15e-26	115
PfCD01_040026500|DBLa|1|57|462	PA0173-C.g647	29.154	319	159	11	143	406	1452	1758	1.62e-24	108
PfCD01_040026500|CIDRa|1|463|734	QG0216-C.g599	100.000	272	0	0	1	272	463	734	0.0	558
PfCD01_040026500|CIDRa|1|463|734	SenT046.11.g1116	100.000	272	0	0	1	272	463	734	0.0	557
PfCD01_040026500|CIDRa|1|463|734	PF0513-C.g1448	69.853	272	64	2	1	272	490	743	3.29e-123	387
PfCD01_040026500|CIDRa|1|463|734	PT0098-C.g624	69.853	272	64	2	1	272	487	740	6.88e-123	386
PfCD01_040026500|CIDRa|1|463|734	PA0059-C.g150	71.747	269	59	2	1	269	465	716	5.81e-122	385
PfCD01_040026500|DBLb|1|752|1193	SenT046.11.g1116	93.172	454	19	3	1	442	752	1205	0.0	869
PfCD01_040026500|DBLb|1|752|1193	SenT046.11.g1116	31.438	299	148	12	73	330	64	346	9.73e-29	122
PfCD01_040026500|DBLb|1|752|1193	QG0216-C.g599	81.099	455	64	7	1	442	752	1197	0.0	740
PfCD01_040026500|DBLb|1|752|1193	QG0216-C.g599	31.438	299	148	12	73	330	64	346	5.90e-29	122
PfCD01_040026500|DBLb|1|752|1193	PF0133-C.g220	79.823	451	81	4	1	442	738	1187	0.0	723
PfCD01_040026500|DBLb|1|752|1193	PF0133-C.g220	29.492	295	162	11	73	330	64	349	1.67e-26	115
PfCD01_040026500|DBLb|1|752|1193	PV0211-C.g139	74.561	456	97	5	1	442	598	1048	0.0	678
PfCD01_040026500|DBLb|1|752|1193	PV0211-C.g139	34.123	211	110	7	148	330	4	213	1.45e-26	115
PfCD01_040026500|DBLb|1|752|1193	PV0211-C.g139	27.444	266	131	11	115	338	1124	1369	1.49e-17	88.2
PfCD01_040026500|DBLb|1|752|1193	PT0005-CW.g763	74.561	456	97	5	1	442	726	1176	0.0	678
PfCD01_040026500|DBLb|1|752|1193	PT0005-CW.g763	30.208	288	161	9	73	330	64	341	1.04e-29	125
PfCD01_040026500|DBLb|1|752|1193	PT0005-CW.g763	27.444	266	131	11	115	338	1252	1497	1.69e-17	87.8
PfCD01_040026500|DBLd|1|1230|1743	SenT001.11.g869	56.296	540	176	18	13	514	917	1434	2.31e-167	519
PfCD01_040026500|DBLd|1|1230|1743	SenT001.11.g869	28.182	110	68	3	336	444	294	393	2.49e-08	59.3
PfCD01_040026500|DBLd|1|1230|1743	PA0201-C.g530	55.263	532	164	16	13	514	842	1329	1.79e-160	499
PfCD01_040026500|DBLd|1|1230|1743	PA0201-C.g530	22.985	335	177	13	216	514	205	494	4.06e-08	58.9
PfCD01_040026500|DBLd|1|1230|1743	PV0020-C.g24	53.371	534	161	17	13	514	924	1401	8.60e-152	477
PfCD01_040026500|DBLd|1|1230|1743	PV0020-C.g24	24.699	332	176	14	225	514	218	517	2.40e-08	59.3
PfCD01_040026500|DBLd|1|1230|1743	PV0256-C.g34	51.986	554	161	19	1	514	1334	1822	2.88e-147	468
PfCD01_040026500|DBLd|1|1230|1743	PV0256-C.g34	29.825	114	65	4	330	443	299	397	3.95e-08	58.9
PfCD01_040026500|DBLd|1|1230|1743	SenP027.02.g129	52.841	528	213	15	1	514	795	1300	3.35e-145	462
PfCD01_040026500|DBLd|1|1230|1743	SenP027.02.g129	28.713	404	154	10	44	447	1688	1957	1.46e-31	132
PfCD01_040026500|DBLd|1|1230|1743	SenP027.02.g129	27.320	194	116	8	336	514	296	479	3.60e-07	55.8
PfCD01_040026500|CIDRb|1|1744|2004	PV0256-C.g34	95.402	261	12	0	1	261	1823	2083	4.23e-166	509
PfCD01_040026500|CIDRb|1|1744|2004	PV0256-C.g34	37.500	80	49	1	111	189	625	704	4.07e-09	59.3
PfCD01_040026500|CIDRb|1|1744|2004	QG0298-C.g1990	74.349	269	59	5	1	261	1269	1535	5.04e-121	380
PfCD01_040026500|CIDRb|1|1744|2004	QG0290-C.g793	73.432	271	58	6	1	261	1405	1671	7.03e-119	375
PfCD01_040026500|CIDRb|1|1744|2004	PA0102-C.g159	73.432	271	58	6	1	261	1379	1645	7.95e-119	375
PfCD01_040026500|CIDRb|1|1744|2004	PF0159-C.g519	73.432	271	58	6	1	261	1353	1619	1.11e-118	374
PfCD01_040026500|CIDRb|1|1744|2004	PF0159-C.g519	33.136	169	97	7	97	253	614	778	3.93e-08	56.2
PfCD01_040026500|ATS|1|2120|2555	PV0028-C.g43	86.530	438	56	3	1	436	1843	2279	0.0	775
PfCD01_040026500|ATS|1|2120|2555	PFKE07.g667	80.044	451	72	5	2	436	2366	2814	0.0	729
PfCD01_040026500|ATS|1|2120|2555	PF0489-C.g691	80.090	442	73	6	1	431	1767	2204	0.0	712
PfCD01_040026500|ATS|1|2120|2555	PFKE07.g1065	78.082	438	79	5	2	436	1645	2068	0.0	689
PfCD01_040026500|ATS|1|2120|2555	PC0122-C.g20	77.449	439	91	6	2	436	2347	2781	0.0	677
PfCD01_040031100|NTS|1|1|62	PT0109-C.g783	96.078	51	2	0	12	62	12	62	3.33e-28	106
PfCD01_040031100|NTS|1|1|62	PFKE07.g1007	77.419	62	14	0	1	62	1	62	1.01e-26	102
PfCD01_040031100|NTS|1|1|62	QE0418-C.g603	84.483	58	9	0	5	62	1	58	1.92e-26	101
PfCD01_040031100|NTS|1|1|62	QE0418-C.g600	84.483	58	9	0	5	62	1	58	2.65e-26	101
PfCD01_040031100|NTS|1|1|62	PV0139-C.g44	81.356	59	11	0	4	62	7	65	4.32e-26	100
PfCD01_040031100|DBLa|1|63|498	PF0754-C.g709	64.719	445	128	7	1	436	63	487	0.0	563
PfCD01_040031100|DBLa|1|63|498	PF0754-C.g709	22.373	295	140	10	117	360	1039	1295	1.86e-08	59.3
PfCD01_040031100|DBLa|1|63|498	PV0139-C.g44	66.667	444	134	9	1	436	66	503	0.0	563
PfCD01_040031100|DBLa|1|63|498	PV0139-C.g44	34.848	264	141	8	27	289	2130	2363	1.31e-32	133
PfCD01_040031100|DBLa|1|63|498	PV0139-C.g44	25.704	284	138	9	51	331	2537	2750	9.44e-16	82.4
PfCD01_040031100|DBLa|1|63|498	PV0139-C.g44	23.630	292	153	8	43	328	1727	1954	3.26e-12	71.2
PfCD01_040031100|DBLa|1|63|498	PV0139-C.g44	26.087	207	108	6	235	436	1187	1353	4.28e-09	61.6
PfCD01_040031100|DBLa|1|63|498	PT0184-C.g3829	63.889	468	119	13	1	436	65	514	2.06e-176	546
PfCD01_040031100|DBLa|1|63|498	PT0184-C.g3829	26.807	332	200	9	50	370	1829	2128	2.59e-26	114
PfCD01_040031100|DBLa|1|63|498	PT0184-C.g3829	24.742	291	144	10	184	436	1189	1442	5.95e-16	83.2
PfCD01_040031100|DBLa|1|63|498	PT0106-C.g835	62.077	443	136	7	1	436	66	483	1.60e-171	526
PfCD01_040031100|DBLa|1|63|498	PT0106-C.g835	26.180	233	128	7	211	436	1163	1358	6.38e-13	73.6
PfCD01_040031100|DBLa|1|63|498	PA0064-C.g319	64.189	444	124	10	1	436	73	489	3.81e-171	524
PfCD01_040031100|DBLa|1|63|498	PA0064-C.g319	24.638	207	116	6	233	436	1164	1333	9.45e-09	60.5
PfCD01_040031100|CIDRa|1|499|827	PT0184-C.g3829	98.137	322	6	0	1	322	515	836	0.0	650
PfCD01_040031100|CIDRa|1|499|827	QG0261-C.g576	81.212	330	53	5	1	322	515	843	5.76e-154	474
PfCD01_040031100|CIDRa|1|499|827	QE0433-C.g784	74.695	328	72	5	1	325	519	838	2.00e-139	436
PfCD01_040031100|CIDRa|1|499|827	QG0276-C.g574	75.150	334	77	5	1	329	536	868	3.60e-138	432
PfCD01_040031100|CIDRa|1|499|827	PF0311-C.g570	67.492	323	92	6	1	322	15	325	6.70e-131	404
PfCD01_040031100|DBLd|1|912|1438	PA0137-C.g754	56.425	537	152	15	1	527	1234	1698	2.87e-166	524
PfCD01_040031100|DBLd|1|912|1438	PA0137-C.g754	25.000	436	161	15	68	491	2035	2316	3.61e-23	106
PfCD01_040031100|DBLd|1|912|1438	PA0137-C.g754	26.171	363	186	12	195	527	172	482	1.53e-21	101
PfCD01_040031100|DBLd|1|912|1438	PA0137-C.g754	24.367	316	161	12	205	509	2529	2777	1.80e-08	60.1
PfCD01_040031100|DBLd|1|912|1438	PM0029-C.g726	48.807	545	232	16	1	527	83	598	7.34e-155	469
PfCD01_040031100|DBLd|1|912|1438	QG0290-C.g133	49.911	561	198	14	1	527	1265	1776	1.75e-153	488
PfCD01_040031100|DBLd|1|912|1438	QG0290-C.g133	26.488	336	144	10	134	465	925	1161	3.17e-18	91.3
PfCD01_040031100|DBLd|1|912|1438	QG0290-C.g133	25.278	360	190	13	208	527	189	509	5.39e-12	71.2
PfCD01_040031100|DBLd|1|912|1438	PM0132-C.g310	51.754	570	197	17	1	527	1717	2251	5.64e-153	486
PfCD01_040031100|DBLd|1|912|1438	PM0132-C.g310	26.786	392	162	11	69	460	1358	1624	6.96e-27	118
PfCD01_040031100|DBLd|1|912|1438	PM0132-C.g310	24.274	379	190	10	195	527	170	497	2.03e-19	95.1
PfCD01_040031100|DBLd|1|912|1438	PV0083-C.g29	51.351	555	167	17	1	527	1768	2247	1.39e-152	485
PfCD01_040031100|DBLd|1|912|1438	PV0083-C.g29	25.225	444	193	15	68	508	1424	1731	7.87e-26	115
PfCD01_040031100|DBLd|1|912|1438	PV0083-C.g29	25.749	334	182	10	208	527	178	459	2.43e-21	100
PfCD01_040031100|CIDRg|1|1439|1691	PA0137-C.g754	100.000	253	0	0	1	253	1699	1951	9.87e-169	518
PfCD01_040031100|CIDRg|1|1439|1691	PA0137-C.g754	27.193	114	75	3	61	169	540	650	5.01e-08	55.8
PfCD01_040031100|CIDRg|1|1439|1691	SenT136.09.g927	88.538	253	28	1	1	253	394	645	4.33e-150	457
PfCD01_040031100|CIDRg|1|1439|1691	PM0132-C.g310	88.538	253	28	1	1	253	2252	2503	8.44e-148	458
PfCD01_040031100|CIDRg|1|1439|1691	PA0263-C.g107	77.559	254	56	1	1	253	1649	1902	3.97e-131	410
PfCD01_040031100|CIDRg|1|1439|1691	PT0141-C.g27	77.559	254	56	1	1	253	1639	1892	6.57e-131	410
PfCD01_040031100|DBLg|1|1735|2100	PA0165-C.g169	100.000	366	0	0	1	366	1933	2298	0.0	760
PfCD01_040031100|DBLg|1|1735|2100	PA0165-C.g169	31.165	369	166	14	1	293	1224	1580	1.46e-41	157
PfCD01_040031100|DBLg|1|1735|2100	PA0165-C.g169	24.832	298	189	9	32	305	823	1109	1.50e-13	74.7
PfCD01_040031100|DBLg|1|1735|2100	PA0165-C.g169	24.865	370	236	12	22	366	2376	2728	1.45e-12	71.6
PfCD01_040031100|DBLg|1|1735|2100	PC0058-C.g47	75.134	374	85	4	1	366	1888	2261	0.0	571
PfCD01_040031100|DBLg|1|1735|2100	PC0058-C.g47	32.275	378	173	12	1	310	1191	1553	1.23e-36	143
PfCD01_040031100|DBLg|1|1735|2100	PC0058-C.g47	21.563	371	226	10	33	366	2348	2690	2.12e-09	61.6
PfCD01_040031100|DBLg|1|1735|2100	PC0058-C.g47	23.810	315	184	10	1	287	778	1064	7.42e-09	60.1
PfCD01_040031100|DBLg|1|1735|2100	PC0058-C.g47	19.643	280	182	9	45	293	109	376	9.19e-07	53.5
PfCD01_040031100|DBLg|1|1735|2100	PT0230-Cx.g585	68.617	376	108	5	1	366	754	1129	1.98e-166	512
PfCD01_040031100|DBLg|1|1735|2100	PT0230-Cx.g585	23.175	315	193	10	45	321	117	420	2.22e-14	77.0
PfCD01_040031100|DBLg|1|1735|2100	PT0230-Cx.g585	25.676	296	171	10	45	338	1639	1887	1.47e-11	68.6
PfCD01_040031100|DBLg|1|1735|2100	PT0230-Cx.g585	26.852	324	195	15	22	310	1207	1523	1.88e-11	68.2
PfCD01_040031100|DBLg|1|1735|2100	SenT136.09.g964	65.499	371	123	2	1	366	2012	2382	1.25e-157	492
PfCD01_040031100|DBLg|1|1735|2100	SenT136.09.g964	30.807	409	221	16	1	355	1319	1719	2.80e-39	151
PfCD01_040031100|DBLg|1|1735|2100	SenT136.09.g964	26.425	386	231	12	11	366	2447	2809	4.55e-19	91.7
PfCD01_040031100|DBLg|1|1735|2100	SenT136.09.g964	22.530	253	163	6	48	287	967	1199	1.67e-09	62.0
PfCD01_040031100|DBLg|1|1735|2100	SenT136.09.g964	22.145	289	166	9	45	287	127	402	1.52e-08	59.3
PfCD01_040031100|DBLg|1|1735|2100	PT0137-C.g623	63.172	372	123	6	1	366	793	1156	1.46e-150	466
PfCD01_040031100|DBLg|1|1735|2100	PT0137-C.g623	25.234	214	121	5	167	342	254	466	6.44e-09	60.1
PfCD01_040031100|DBLz|1|2109|2530	PA0165-C.g169	97.867	422	9	0	1	422	2307	2728	0.0	843
PfCD01_040031100|DBLz|1|2109|2530	PA0165-C.g169	32.044	362	199	11	42	373	782	1126	2.45e-44	167
PfCD01_040031100|DBLz|1|2109|2530	PA0165-C.g169	26.439	469	272	15	2	420	15	460	6.74e-25	110
PfCD01_040031100|DBLz|1|2109|2530	PA0165-C.g169	24.868	378	226	12	70	422	1954	2298	1.51e-14	78.6
PfCD01_040031100|DBLz|1|2109|2530	PA0165-C.g169	24.324	370	202	12	81	387	1256	1610	1.39e-13	75.5
PfCD01_040031100|DBLz|1|2109|2530	PA0213-C.g669	71.154	416	118	2	1	416	1577	1990	0.0	609
PfCD01_040031100|DBLz|1|2109|2530	PA0213-C.g669	31.790	324	178	11	47	356	802	1096	3.89e-36	143
PfCD01_040031100|DBLz|1|2109|2530	PA0213-C.g669	29.107	347	186	14	45	345	63	395	2.41e-21	99.4
PfCD01_040031100|DBLz|1|2109|2530	PA0213-C.g669	24.800	375	218	15	81	422	1225	1568	1.89e-15	81.3
PfCD01_040031100|DBLz|1|2109|2530	PV0239-C.g25	71.963	428	113	3	1	422	1617	2043	0.0	607
PfCD01_040031100|DBLz|1|2109|2530	PV0239-C.g25	33.687	377	185	13	41	375	791	1144	4.50e-45	170
PfCD01_040031100|DBLz|1|2109|2530	PV0239-C.g25	27.826	345	182	10	67	360	80	408	2.86e-25	111
PfCD01_040031100|DBLz|1|2109|2530	PV0239-C.g25	24.933	373	217	14	80	422	1269	1608	1.70e-15	81.6
PfCD01_040031100|DBLz|1|2109|2530	QE0476-C.g439	71.963	428	113	3	1	422	1617	2043	0.0	605
PfCD01_040031100|DBLz|1|2109|2530	QE0476-C.g439	33.687	377	185	13	41	375	791	1144	5.22e-45	169
PfCD01_040031100|DBLz|1|2109|2530	QE0476-C.g439	27.826	345	182	10	67	360	80	408	2.38e-25	111
PfCD01_040031100|DBLz|1|2109|2530	QE0476-C.g439	24.933	373	217	14	80	422	1269	1608	1.00e-15	82.0
PfCD01_040031100|DBLz|1|2109|2530	PT0117-C.g213	70.233	430	118	5	1	422	2312	2739	0.0	605
PfCD01_040031100|DBLz|1|2109|2530	PT0117-C.g213	28.211	475	239	21	4	422	792	1220	3.89e-35	140
PfCD01_040031100|DBLz|1|2109|2530	PT0117-C.g213	29.814	322	181	9	74	357	95	409	8.76e-26	112
PfCD01_040031100|DBLz|1|2109|2530	PT0117-C.g213	23.529	374	227	11	80	422	1958	2303	1.79e-18	90.9
PfCD01_040031100|ATS|1|2616|3079	PV0239-C.g25	83.262	466	67	4	1	464	2129	2585	0.0	752
PfCD01_040031100|ATS|1|2616|3079	PC0122-C.g587	78.208	491	70	5	1	464	3364	3844	0.0	709
PfCD01_040031100|ATS|1|2616|3079	PD0483-C.g348	79.915	468	80	7	1	464	2589	3046	0.0	693
PfCD01_040031100|ATS|1|2616|3079	PD0561-C.g263	74.233	489	68	9	1	464	2424	2879	0.0	692
PfCD01_040031100|ATS|1|2616|3079	PH0121-CW.g61	76.278	489	75	13	1	464	1474	1946	0.0	685
PfCD01_050005600|NTS|1|1|61	QG0225-C.g3250	74.074	54	14	0	8	61	14	67	1.26e-19	82.0
PfCD01_050005600|NTS|1|1|61	PH0332-C.g600	63.934	61	22	0	1	61	1	61	1.31e-19	82.0
PfCD01_050005600|NTS|1|1|61	PF0489-C.g691	65.574	61	21	0	1	61	1	61	6.64e-19	80.1
PfCD01_050005600|NTS|1|1|61	PF0152-C.g371	75.000	48	12	0	1	48	1	48	3.48e-18	78.2
PfCD01_050005600|NTS|1|1|61	QG0246-C.g3276	70.690	58	16	1	4	61	3	59	4.57e-18	77.8
PfCD01_050005600|DBLa|1|62|505	PF0730-C.g586	67.609	460	122	9	1	444	65	513	0.0	615
PfCD01_050005600|DBLa|1|62|505	PF0730-C.g586	28.151	238	129	11	144	358	1139	1357	1.11e-09	63.2
PfCD01_050005600|DBLa|1|62|505	PT0118-C.g716	65.577	459	122	8	1	444	64	501	0.0	588
PfCD01_050005600|DBLa|1|62|505	PT0118-C.g716	29.744	195	116	5	253	444	1263	1439	3.75e-15	80.5
PfCD01_050005600|DBLa|1|62|505	PV0241-C.g39	66.446	453	135	10	1	444	70	514	0.0	584
PfCD01_050005600|DBLa|1|62|505	PV0241-C.g39	27.151	372	208	12	55	424	1362	1672	5.87e-24	107
PfCD01_050005600|DBLa|1|62|505	PV0241-C.g39	26.190	252	140	11	43	289	927	1137	1.13e-10	66.6
PfCD01_050005600|DBLa|1|62|505	PV0234-C.g77	66.446	453	135	10	1	444	70	514	0.0	584
PfCD01_050005600|DBLa|1|62|505	PV0234-C.g77	27.151	372	208	12	55	424	1362	1672	5.80e-24	107
PfCD01_050005600|DBLa|1|62|505	PV0234-C.g77	26.190	252	140	11	43	289	927	1137	1.12e-10	66.6
PfCD01_050005600|DBLa|1|62|505	PH0305-C.g13	65.342	453	140	10	1	444	71	515	0.0	575
PfCD01_050005600|CIDRa|1|506|807	PF0730-C.g586	95.364	302	14	0	1	302	514	815	3.96e-170	517
PfCD01_050005600|CIDRa|1|506|807	PH0643-C.g104	65.176	313	88	5	1	302	510	812	7.98e-133	404
PfCD01_050005600|CIDRa|1|506|807	QE0401-C.g112	65.176	313	88	5	1	302	308	610	3.69e-132	404
PfCD01_050005600|CIDRa|1|506|807	QE0399-C.g714	65.176	313	88	5	1	302	289	591	4.79e-129	403
PfCD01_050005600|CIDRa|1|506|807	PV0182-C.g40	65.176	313	88	5	1	302	510	812	1.10e-128	404
PfCD01_050005600|DBLd|1|906|1414	QG0218-C.g5742	55.388	529	185	15	1	509	2612	3109	6.43e-164	517
PfCD01_050005600|DBLd|1|906|1414	QG0218-C.g5742	27.793	367	142	13	77	443	1756	1999	2.67e-27	119
PfCD01_050005600|DBLd|1|906|1414	QG0218-C.g5742	31.982	222	82	9	59	276	2134	2290	1.25e-18	92.4
PfCD01_050005600|DBLd|1|906|1414	QG0218-C.g5742	25.758	330	179	12	197	509	188	468	2.40e-17	88.2
PfCD01_050005600|DBLd|1|906|1414	QG0218-C.g5742	34.343	99	56	2	349	446	2314	2404	1.74e-08	60.1
PfCD01_050005600|DBLd|1|906|1414	PM0133-C.g142	51.407	533	206	15	1	509	101	604	9.09e-161	484
PfCD01_050005600|DBLd|1|906|1414	PF0282-C.g493	54.771	524	196	14	1	509	2250	2747	7.13e-158	499
PfCD01_050005600|DBLd|1|906|1414	PF0282-C.g493	30.000	410	165	14	77	485	1776	2064	3.61e-38	152
PfCD01_050005600|DBLd|1|906|1414	PF0282-C.g493	24.934	381	206	13	151	509	158	480	1.16e-12	73.6
PfCD01_050005600|DBLd|1|906|1414	PT0098-C.g233	54.789	522	192	14	3	509	1696	2188	7.46e-158	499
PfCD01_050005600|DBLd|1|906|1414	PT0098-C.g233	28.016	489	197	16	1	486	1226	1562	9.74e-39	153
PfCD01_050005600|DBLd|1|906|1414	PT0098-C.g233	27.703	444	156	16	1	442	818	1098	8.53e-35	142
PfCD01_050005600|DBLd|1|906|1414	PT0098-C.g233	26.168	321	186	7	197	509	184	461	1.56e-18	92.0
PfCD01_050005600|DBLd|1|906|1414	PC0107-C.g757	54.151	530	190	17	1	509	863	1360	1.86e-154	483
PfCD01_050005600|DBLd|1|906|1414	PC0107-C.g757	24.930	357	185	13	194	509	186	500	4.14e-10	65.1
PfCD01_050005600|CIDRb|1|1415|1663	QG0204-C.g675	72.835	254	59	5	1	248	1314	1563	3.58e-110	349
PfCD01_050005600|CIDRb|1|1415|1663	QG0204-C.g675	25.946	185	118	6	68	240	532	709	3.23e-07	53.1
PfCD01_050005600|CIDRb|1|1415|1663	PC0085-C.g1511	71.373	255	63	5	1	249	1523	1773	3.36e-109	347
PfCD01_050005600|CIDRb|1|1415|1663	SenT077.11.g66	68.872	257	68	4	1	245	1701	1957	3.83e-104	333
PfCD01_050005600|CIDRb|1|1415|1663	PD0548-C.g702	69.106	246	70	3	1	243	1326	1568	4.53e-103	330
PfCD01_050005600|CIDRb|1|1415|1663	PD0513-C.g618	69.106	246	70	3	1	243	1326	1568	4.53e-103	330
PfCD01_050005600|ATS|1|1761|2214	PFKE12.g465	80.769	494	51	6	1	454	1773	2262	0.0	767
PfCD01_050005600|ATS|1|1761|2214	PV0239-C.g10	79.200	500	56	7	1	454	3361	3858	0.0	755
PfCD01_050005600|ATS|1|1761|2214	PV0028-C.g31	81.602	462	71	9	1	454	1737	2192	0.0	729
PfCD01_050005600|ATS|1|1761|2214	PC0053-C.g243	82.328	464	67	7	1	454	2111	2569	0.0	724
PfCD01_050005600|ATS|1|1761|2214	PV0229-C.g26	80.645	465	77	7	1	454	1803	2265	0.0	715
PfCD01_050039400|NTS|1|1|75	PM0019-C.g2374	100.000	75	0	0	1	75	1	75	3.56e-44	152
PfCD01_050039400|NTS|1|1|75	PM0076-C.g608	100.000	75	0	0	1	75	1	75	3.58e-44	152
PfCD01_050039400|NTS|1|1|75	QG0209-C.g900	100.000	75	0	0	1	75	1	75	3.94e-44	152
PfCD01_050039400|NTS|1|1|75	PA0213-C.g88	100.000	75	0	0	1	75	1	75	4.10e-44	152
PfCD01_050039400|NTS|1|1|75	PV0251-C.g3	92.000	75	6	0	1	75	1	75	1.30e-39	139
PfCD01_050039400|DBLa|1|76|472	PA0213-C.g88	100.000	397	0	0	1	397	76	472	0.0	822
PfCD01_050039400|DBLa|1|76|472	PA0213-C.g88	32.836	335	181	8	40	359	2466	2771	2.51e-43	164
PfCD01_050039400|DBLa|1|76|472	PA0213-C.g88	32.292	288	140	11	57	330	843	1089	2.19e-28	120
PfCD01_050039400|DBLa|1|76|472	PA0213-C.g88	31.513	238	141	5	173	397	1869	2097	1.04e-23	106
PfCD01_050039400|DBLa|1|76|472	PA0213-C.g88	28.745	247	123	9	43	277	2848	3053	9.41e-17	85.1
PfCD01_050039400|DBLa|1|76|472	PA0213-C.g88	22.569	288	170	10	53	317	1341	1598	1.94e-08	58.9
PfCD01_050039400|DBLa|1|76|472	PM0019-C.g2374	100.000	397	0	0	1	397	76	472	0.0	822
PfCD01_050039400|DBLa|1|76|472	PM0019-C.g2374	31.475	305	152	12	57	347	843	1104	2.06e-28	120
PfCD01_050039400|DBLa|1|76|472	QG0209-C.g900	100.000	397	0	0	1	397	76	472	0.0	821
PfCD01_050039400|DBLa|1|76|472	QG0209-C.g900	31.230	317	181	8	55	359	2485	2776	8.09e-38	148
PfCD01_050039400|DBLa|1|76|472	QG0209-C.g900	31.475	305	152	12	57	347	843	1104	2.32e-28	120
PfCD01_050039400|DBLa|1|76|472	QG0209-C.g900	27.815	302	175	7	116	397	1827	2105	2.06e-17	87.0
PfCD01_050039400|DBLa|1|76|472	QG0209-C.g900	28.761	226	118	7	43	267	2854	3037	1.50e-14	78.2
PfCD01_050039400|DBLa|1|76|472	QG0209-C.g900	22.569	288	170	10	53	317	1341	1598	2.30e-08	58.9
PfCD01_050039400|DBLa|1|76|472	PM0144-C.g38	99.496	397	2	0	1	397	76	472	0.0	820
PfCD01_050039400|DBLa|1|76|472	PM0144-C.g38	32.836	335	181	8	40	359	2445	2750	3.43e-43	163
PfCD01_050039400|DBLa|1|76|472	PM0144-C.g38	31.290	310	153	12	57	348	843	1110	3.05e-29	122
PfCD01_050039400|DBLa|1|76|472	PM0144-C.g38	31.513	238	141	5	173	397	1848	2076	1.16e-23	105
PfCD01_050039400|DBLa|1|76|472	PM0144-C.g38	28.745	247	123	9	43	277	2827	3032	1.08e-16	84.7
PfCD01_050039400|DBLa|1|76|472	PM0076-C.g608	100.000	397	0	0	1	397	76	472	0.0	819
PfCD01_050039400|DBLa|1|76|472	PM0076-C.g608	32.836	335	181	8	40	359	2430	2735	3.47e-43	163
PfCD01_050039400|DBLa|1|76|472	PM0076-C.g608	31.378	341	167	15	57	371	843	1142	4.00e-29	122
PfCD01_050039400|DBLa|1|76|472	PM0076-C.g608	29.508	305	165	10	116	397	1787	2064	1.04e-23	106
PfCD01_050039400|DBLa|1|76|472	PM0076-C.g608	26.887	212	116	9	116	323	1402	1578	1.52e-09	62.4
PfCD01_050039400|CIDRa|1|473|724	PA0011-C.g510	100.000	252	0	0	1	252	473	724	1.24e-176	520
PfCD01_050039400|CIDRa|1|473|724	PM0019-C.g2374	100.000	252	0	0	1	252	473	724	1.54e-175	521
PfCD01_050039400|CIDRa|1|473|724	QG0182-C.g934	100.000	252	0	0	1	252	474	725	7.26e-170	521
PfCD01_050039400|CIDRa|1|473|724	QG0182-C.g934	21.860	215	154	5	36	244	2093	2299	5.79e-07	52.8
PfCD01_050039400|CIDRa|1|473|724	QG0209-C.g900	100.000	252	0	0	1	252	473	724	6.65e-169	519
PfCD01_050039400|CIDRa|1|473|724	QG0209-C.g900	30.303	198	122	9	8	201	2108	2293	1.28e-07	54.7
PfCD01_050039400|CIDRa|1|473|724	PM0144-C.g38	100.000	252	0	0	1	252	473	724	9.42e-169	518
PfCD01_050039400|DBLb|1|733|1177	PT0017-CW.g151	84.430	456	47	6	1	445	63	505	0.0	777
PfCD01_050039400|DBLb|1|733|1177	PT0017-CW.g151	26.748	329	167	14	76	356	602	904	1.47e-12	72.4
PfCD01_050039400|DBLb|1|733|1177	PM0153-C.g1198	83.553	456	50	7	1	445	71	512	0.0	766
PfCD01_050039400|DBLb|1|733|1177	QG0182-C.g934	82.418	455	63	6	1	445	734	1181	0.0	764
PfCD01_050039400|DBLb|1|733|1177	QG0182-C.g934	44.351	478	216	14	1	445	2339	2799	5.83e-115	373
PfCD01_050039400|DBLb|1|733|1177	QG0182-C.g934	30.473	338	174	14	111	409	132	447	3.59e-27	117
PfCD01_050039400|DBLb|1|733|1177	QG0182-C.g934	23.279	305	165	11	84	348	1302	1577	3.34e-11	68.2
PfCD01_050039400|DBLb|1|733|1177	PA0213-C.g88	82.456	456	56	6	1	445	733	1175	0.0	761
PfCD01_050039400|DBLb|1|733|1177	PA0213-C.g88	32.405	395	187	16	87	445	2456	2806	5.99e-44	167
PfCD01_050039400|DBLb|1|733|1177	PA0213-C.g88	30.769	338	172	14	111	409	132	446	2.68e-27	118
PfCD01_050039400|DBLb|1|733|1177	PA0213-C.g88	24.695	328	191	13	62	356	1303	1607	9.09e-19	92.0
PfCD01_050039400|DBLb|1|733|1177	PA0213-C.g88	28.631	241	136	9	102	335	2854	3065	1.44e-16	85.1
PfCD01_050039400|DBLb|1|733|1177	QG0209-C.g900	82.456	456	56	6	1	445	733	1175	0.0	760
PfCD01_050039400|DBLb|1|733|1177	QG0209-C.g900	32.346	405	192	17	76	445	2455	2812	4.32e-40	156
PfCD01_050039400|DBLb|1|733|1177	QG0209-C.g900	30.769	338	172	14	111	409	132	446	2.49e-27	118
PfCD01_050039400|DBLb|1|733|1177	QG0209-C.g900	24.695	328	191	13	62	356	1303	1607	7.95e-19	92.0
PfCD01_050039400|DBLb|1|733|1177	QG0209-C.g900	29.918	244	127	11	102	335	2860	3069	1.50e-16	85.1
PfCD01_050039400|DBLg|1|1273|1643	PV0133-C.g14	87.766	376	41	1	1	371	1323	1698	0.0	686
PfCD01_050039400|DBLg|1|1273|1643	PV0133-C.g14	34.072	361	165	12	1	300	1705	2053	9.20e-50	182
PfCD01_050039400|DBLg|1|1273|1643	PV0133-C.g14	24.438	356	228	11	33	366	828	1164	1.87e-20	95.9
PfCD01_050039400|DBLg|1|1273|1643	PV0133-C.g14	26.690	281	158	9	42	317	2834	3071	9.66e-18	87.8
PfCD01_050039400|DBLg|1|1273|1643	PV0133-C.g14	26.154	260	163	7	48	299	2467	2705	1.03e-15	81.3
PfCD01_050039400|DBLg|1|1273|1643	PV0133-C.g14	27.675	271	151	9	45	285	121	376	1.25e-15	81.3
PfCD01_050039400|DBLg|1|1273|1643	PV0287-C.g15	87.766	376	41	1	1	371	1327	1702	0.0	685
PfCD01_050039400|DBLg|1|1273|1643	PV0287-C.g15	34.072	361	165	12	1	300	1709	2057	9.96e-50	182
PfCD01_050039400|DBLg|1|1273|1643	PV0287-C.g15	24.438	356	228	11	33	366	832	1168	1.82e-20	95.9
PfCD01_050039400|DBLg|1|1273|1643	PV0287-C.g15	26.449	276	155	9	42	312	2838	3070	2.89e-17	86.3
PfCD01_050039400|DBLg|1|1273|1643	PV0287-C.g15	26.154	260	163	7	48	299	2471	2709	1.12e-15	81.3
PfCD01_050039400|DBLg|1|1273|1643	PV0287-C.g15	27.273	275	151	9	45	285	121	380	1.72e-15	80.9
PfCD01_050039400|DBLg|1|1273|1643	PM0024-C.g947	87.701	374	43	1	1	371	1314	1687	0.0	682
PfCD01_050039400|DBLg|1|1273|1643	PM0024-C.g947	34.358	358	167	13	1	299	1694	2042	1.64e-45	169
PfCD01_050039400|DBLg|1|1273|1643	PM0024-C.g947	24.571	350	232	10	33	366	822	1155	1.05e-20	96.7
PfCD01_050039400|DBLg|1|1273|1643	PM0024-C.g947	27.239	268	150	7	46	285	124	374	8.44e-17	84.7
PfCD01_050039400|DBLg|1|1273|1643	PM0024-C.g947	27.857	280	149	10	42	314	2846	3079	2.47e-16	83.2
PfCD01_050039400|DBLg|1|1273|1643	PM0024-C.g947	23.098	368	198	11	48	371	2446	2772	6.73e-12	69.7
PfCD01_050039400|DBLg|1|1273|1643	PA0221-C.g52	87.701	374	43	1	1	371	1314	1687	0.0	682
PfCD01_050039400|DBLg|1|1273|1643	PA0221-C.g52	34.358	358	167	13	1	299	1694	2042	1.75e-45	169
PfCD01_050039400|DBLg|1|1273|1643	PA0221-C.g52	24.571	350	232	10	33	366	822	1155	1.16e-20	96.3
PfCD01_050039400|DBLg|1|1273|1643	PA0221-C.g52	25.970	335	196	10	48	371	2446	2739	3.32e-18	89.0
PfCD01_050039400|DBLg|1|1273|1643	PA0221-C.g52	27.239	268	150	7	46	285	124	374	9.67e-17	84.7
PfCD01_050039400|DBLg|1|1273|1643	PA0221-C.g52	27.857	280	149	10	42	314	2813	3046	1.14e-15	81.3
PfCD01_050039400|DBLg|1|1273|1643	PM0020-C.g169	87.701	374	43	1	1	371	1316	1689	0.0	682
PfCD01_050039400|DBLg|1|1273|1643	PM0020-C.g169	34.358	358	167	13	1	299	1696	2044	1.75e-45	169
PfCD01_050039400|DBLg|1|1273|1643	PM0020-C.g169	24.571	350	232	10	33	366	824	1157	1.12e-20	96.7
PfCD01_050039400|DBLg|1|1273|1643	PM0020-C.g169	26.567	335	194	11	48	371	2448	2741	3.20e-18	89.0
PfCD01_050039400|DBLg|1|1273|1643	PM0020-C.g169	27.239	268	150	7	46	285	126	376	9.67e-17	84.7
PfCD01_050039400|DBLg|1|1273|1643	PM0020-C.g169	27.857	280	149	10	42	314	2815	3048	1.12e-15	81.3
PfCD01_050039400|DBLd|1|1650|2068	PA0213-C.g88	100.000	419	0	0	1	419	1679	2097	0.0	866
PfCD01_050039400|DBLd|1|1650|2068	PA0213-C.g88	31.844	358	178	13	1	347	1297	1599	5.67e-37	146
PfCD01_050039400|DBLd|1|1650|2068	PA0213-C.g88	31.513	238	141	5	191	419	248	472	3.48e-23	105
PfCD01_050039400|DBLd|1|1650|2068	PV0099-C.g28	92.471	425	26	1	1	419	1607	2031	0.0	778
PfCD01_050039400|DBLd|1|1650|2068	PV0099-C.g28	31.487	343	162	13	26	358	1240	1519	6.26e-37	145
PfCD01_050039400|DBLd|1|1650|2068	PV0099-C.g28	30.252	238	143	5	192	419	246	470	4.96e-23	104
PfCD01_050039400|DBLd|1|1650|2068	PV0099-C.g28	23.095	433	215	19	25	416	2392	2747	1.44e-11	69.3
PfCD01_050039400|DBLd|1|1650|2068	PV0099-C.g28	21.519	316	159	7	43	355	2794	3023	1.35e-09	62.8
PfCD01_050039400|DBLd|1|1650|2068	PH0872-C.g215	84.977	426	52	3	1	419	1179	1599	0.0	745
PfCD01_050039400|DBLd|1|1650|2068	PH0872-C.g215	30.894	369	189	15	1	358	778	1091	1.19e-36	145
PfCD01_050039400|DBLd|1|1650|2068	PH0872-C.g215	30.830	253	145	8	183	419	244	482	2.74e-26	114
PfCD01_050039400|DBLd|1|1650|2068	PH0872-C.g215	23.611	360	178	13	16	348	1986	2275	2.27e-10	65.5
PfCD01_050039400|DBLd|1|1650|2068	PH0872-C.g215	21.488	242	124	5	44	283	2400	2577	9.49e-08	57.0
PfCD01_050039400|DBLd|1|1650|2068	PF0784-C.g661	87.411	421	45	3	1	419	1277	1691	0.0	723
PfCD01_050039400|DBLd|1|1650|2068	PF0784-C.g661	33.491	424	207	15	1	419	917	1270	2.13e-45	171
PfCD01_050039400|DBLd|1|1650|2068	QG0196-C.g134	87.173	421	46	3	1	419	261	675	0.0	722
PfCD01_050039400|DBLd|1|1650|2068	QG0196-C.g134	36.486	222	106	7	130	349	8	196	2.50e-27	117
PfCD01_050039400|CIDRg|1|2069|2318	QG0196-C.g134	100.000	250	0	0	1	250	676	925	9.91e-172	505
PfCD01_050039400|CIDRg|1|2069|2318	PF0784-C.g661	100.000	250	0	0	1	250	1692	1941	1.18e-166	507
PfCD01_050039400|CIDRg|1|2069|2318	QE0472-C.g182	100.000	250	0	0	1	250	1338	1587	2.10e-165	508
PfCD01_050039400|CIDRg|1|2069|2318	PF0424-C.g826	100.000	250	0	0	1	250	2078	2327	5.45e-165	507
PfCD01_050039400|CIDRg|1|2069|2318	PM0144-C.g38	100.000	250	0	0	1	250	2077	2326	6.23e-165	507
PfCD01_050039400|DBLz|1|2358|2777	PA0213-C.g88	100.000	420	0	0	1	420	2387	2806	0.0	863
PfCD01_050039400|DBLz|1|2358|2777	PA0213-C.g88	31.250	464	240	18	2	420	746	1175	1.62e-47	177
PfCD01_050039400|DBLz|1|2358|2777	PA0213-C.g88	32.836	335	181	8	80	385	115	434	1.69e-42	162
PfCD01_050039400|DBLz|1|2358|2777	PA0213-C.g88	25.397	315	175	12	92	375	1344	1629	6.89e-15	79.7
PfCD01_050039400|DBLz|1|2358|2777	PA0213-C.g88	26.860	242	134	8	88	329	2858	3056	1.90e-14	78.2
PfCD01_050039400|DBLz|1|2358|2777	PM0144-C.g38	100.000	420	0	0	1	420	2366	2785	0.0	862
PfCD01_050039400|DBLz|1|2358|2777	PM0144-C.g38	34.203	345	162	12	71	391	820	1123	1.23e-45	171
PfCD01_050039400|DBLz|1|2358|2777	PM0144-C.g38	32.537	335	182	8	80	385	115	434	4.48e-42	161
PfCD01_050039400|DBLz|1|2358|2777	PM0144-C.g38	26.860	242	134	8	88	329	2837	3035	2.04e-14	78.2
PfCD01_050039400|DBLz|1|2358|2777	PM0144-C.g38	24.932	365	175	18	78	389	1337	1655	4.97e-07	54.7
PfCD01_050039400|DBLz|1|2358|2777	PF0424-C.g826	100.000	420	0	0	1	420	2367	2786	0.0	862
PfCD01_050039400|DBLz|1|2358|2777	PF0424-C.g826	34.203	345	162	12	71	391	820	1123	1.32e-45	171
PfCD01_050039400|DBLz|1|2358|2777	PF0424-C.g826	32.537	335	182	8	80	385	115	434	4.83e-42	161
PfCD01_050039400|DBLz|1|2358|2777	PF0424-C.g826	26.860	242	134	8	88	329	2838	3036	2.09e-14	78.2
PfCD01_050039400|DBLz|1|2358|2777	PF0424-C.g826	24.932	365	175	18	78	389	1338	1656	5.23e-07	54.7
PfCD01_050039400|DBLz|1|2358|2777	PA0246-C.g670	93.632	424	23	2	1	420	2381	2804	0.0	810
PfCD01_050039400|DBLz|1|2358|2777	PA0246-C.g670	33.038	339	187	11	80	392	115	439	1.82e-44	168
PfCD01_050039400|DBLz|1|2358|2777	PA0246-C.g670	31.931	404	203	14	64	420	831	1209	3.57e-43	164
PfCD01_050039400|DBLz|1|2358|2777	PA0246-C.g670	28.807	243	128	8	88	329	2856	3054	6.42e-15	79.7
PfCD01_050039400|DBLz|1|2358|2777	PA0246-C.g670	22.433	263	153	8	152	380	1818	2063	1.65e-09	62.8
PfCD01_050039400|DBLz|1|2358|2777	PA0246-C.g670	25.676	370	206	16	70	408	1333	1664	2.88e-09	62.0
PfCD01_050039400|DBLz|1|2358|2777	PM0076-C.g608	93.632	424	23	2	1	420	2347	2770	0.0	809
PfCD01_050039400|DBLz|1|2358|2777	PM0076-C.g608	33.503	394	183	17	71	420	820	1178	1.00e-46	174
PfCD01_050039400|DBLz|1|2358|2777	PM0076-C.g608	32.836	335	181	8	80	385	115	434	1.29e-42	162
PfCD01_050039400|DBLz|1|2358|2777	PM0076-C.g608	22.433	263	153	8	152	380	1784	2029	1.55e-09	62.8
PfCD01_050039400|DBLz|1|2358|2777	PM0076-C.g608	28.814	236	120	10	152	374	1399	1599	1.20e-08	60.1
PfCD01_050039400|DBLe|1|2782|3104	PA0213-C.g88	100.000	323	0	0	1	323	2811	3133	0.0	657
PfCD01_050039400|DBLe|1|2782|3104	PA0213-C.g88	28.139	231	124	8	49	242	1341	1566	7.20e-18	87.0
PfCD01_050039400|DBLe|1|2782|3104	PA0213-C.g88	29.825	228	115	9	38	223	118	342	2.80e-17	85.1
PfCD01_050039400|DBLe|1|2782|3104	PA0213-C.g88	30.693	202	105	8	48	220	838	1033	3.28e-17	85.1
PfCD01_050039400|DBLe|1|2782|3104	PA0213-C.g88	27.572	243	131	8	48	246	2474	2715	3.25e-14	75.9
PfCD01_050039400|DBLe|1|2782|3104	PM0144-C.g38	100.000	323	0	0	1	323	2790	3112	0.0	656
PfCD01_050039400|DBLe|1|2782|3104	PM0144-C.g38	29.075	227	118	8	38	223	118	342	5.40e-17	84.3
PfCD01_050039400|DBLe|1|2782|3104	PM0144-C.g38	30.198	202	106	8	48	220	838	1033	5.82e-17	84.3
PfCD01_050039400|DBLe|1|2782|3104	PM0144-C.g38	27.572	243	131	8	48	246	2453	2694	2.81e-14	76.3
PfCD01_050039400|DBLe|1|2782|3104	PM0144-C.g38	23.737	198	109	7	48	206	1348	1542	1.48e-10	64.7
PfCD01_050039400|DBLe|1|2782|3104	PF0424-C.g826	100.000	323	0	0	1	323	2791	3113	0.0	656
PfCD01_050039400|DBLe|1|2782|3104	PF0424-C.g826	29.075	227	118	8	38	223	118	342	5.21e-17	84.3
PfCD01_050039400|DBLe|1|2782|3104	PF0424-C.g826	30.198	202	106	8	48	220	838	1033	6.04e-17	84.3
PfCD01_050039400|DBLe|1|2782|3104	PF0424-C.g826	27.572	243	131	8	48	246	2454	2695	2.84e-14	76.3
PfCD01_050039400|DBLe|1|2782|3104	PF0424-C.g826	23.737	198	109	7	48	206	1349	1543	1.51e-10	64.7
PfCD01_050039400|DBLe|1|2782|3104	QE0414-C.g345	89.164	323	35	0	1	323	2413	2735	0.0	588
PfCD01_050039400|DBLe|1|2782|3104	QE0414-C.g345	28.646	192	95	9	50	207	846	1029	1.45e-11	67.8
PfCD01_050039400|DBLe|1|2782|3104	QE0414-C.g345	24.627	268	160	7	47	273	2072	2338	1.17e-10	65.1
PfCD01_050039400|DBLe|1|2782|3104	QE0414-C.g345	27.014	211	121	11	41	218	96	306	7.48e-09	59.7
PfCD01_050039400|DBLe|1|2782|3104	QE0466-C.g343	88.545	323	37	0	1	323	2032	2354	0.0	585
PfCD01_050039400|DBLe|1|2782|3104	QE0466-C.g343	24.345	267	160	7	48	273	1692	1957	2.35e-10	64.3
PfCD01_050039400|DBLe|1|2782|3104	QE0466-C.g343	26.860	242	114	12	42	223	107	345	9.75e-09	59.3
PfCD01_050039400|ATS|1|3171|3606	PA0204-C.g725	85.584	437	60	3	1	436	3319	3753	0.0	744
PfCD01_050039400|ATS|1|3171|3606	PFKE12.g2	80.822	438	74	5	1	436	2688	3117	0.0	715
PfCD01_050039400|ATS|1|3171|3606	PT0218-Cx.g21	82.500	440	70	5	1	436	2374	2810	0.0	699
PfCD01_050039400|ATS|1|3171|3606	PA0254-C.g320	79.680	438	86	2	1	436	2568	3004	0.0	690
PfCD01_050039400|ATS|1|3171|3606	PFKE07.g424	79.863	437	72	6	1	436	2619	3040	0.0	689
PfCD01_050039600|NTS|1|1|65	PF0206-C.g498	68.254	63	19	1	3	65	5	66	1.75e-18	79.3
PfCD01_050039600|NTS|1|1|65	PA0022-C.g115	72.727	55	13	1	11	65	17	69	8.35e-18	77.4
PfCD01_050039600|NTS|1|1|65	PA0176-C.g712	71.429	56	12	1	10	65	25	76	1.29e-17	76.6
PfCD01_050039600|NTS|1|1|65	PV0081-C.g56	74.074	54	12	1	12	65	17	68	5.01e-17	75.1
PfCD01_050039600|NTS|1|1|65	PH0604-C.g518	74.074	54	12	1	12	65	17	68	5.42e-17	75.1
PfCD01_050039600|DBLa|1|66|506	PC0058-C.g800	70.264	454	117	7	1	441	56	504	0.0	617
PfCD01_050039600|DBLa|1|66|506	PC0058-C.g800	27.915	283	140	12	138	394	1055	1299	9.46e-15	79.3
PfCD01_050039600|DBLa|1|66|506	QG0190-C.g985	70.444	450	115	10	1	441	63	503	0.0	612
PfCD01_050039600|DBLa|1|66|506	QG0190-C.g985	25.723	346	182	16	129	441	1089	1392	2.37e-13	75.1
PfCD01_050039600|DBLa|1|66|506	PT0206-Cx.g923	71.558	443	112	5	1	441	76	506	0.0	607
PfCD01_050039600|DBLa|1|66|506	PT0206-Cx.g923	27.811	338	168	11	58	379	924	1201	3.77e-29	123
PfCD01_050039600|DBLa|1|66|506	PM0041-C.g584	70.312	448	93	10	1	441	66	480	0.0	604
PfCD01_050039600|DBLa|1|66|506	SenP027.02.g116	69.248	452	119	11	1	441	62	504	0.0	599
PfCD01_050039600|DBLa|1|66|506	SenP027.02.g116	33.235	340	150	15	63	385	904	1183	1.07e-34	140
PfCD01_050039600|DBLa|1|66|506	SenP027.02.g116	30.909	220	114	8	226	441	1699	1884	8.13e-13	73.2
PfCD01_050039600|CIDRa|1|507|760	PM0134-C.g220	79.151	259	47	2	1	254	504	760	2.21e-126	394
PfCD01_050039600|CIDRa|1|507|760	PC0063-C.g7888	74.708	257	60	3	1	254	502	756	6.84e-123	385
PfCD01_050039600|CIDRa|1|507|760	PC0063-C.g7888	32.292	96	55	2	99	193	1467	1553	4.36e-07	53.1
PfCD01_050039600|CIDRa|1|507|760	PT0052-C.g31	73.745	259	61	2	1	254	199	455	2.10e-120	376
PfCD01_050039600|CIDRa|1|507|760	PD0562-C.g572	69.141	256	77	2	1	254	494	749	6.01e-110	349
PfCD01_050039600|CIDRa|1|507|760	PD0491-C.g765	69.141	256	77	2	1	254	494	749	9.14e-110	348
PfCD01_050039600|DBLd|1|834|1375	QG0196-C.g754	56.998	593	144	16	1	542	824	1356	0.0	583
PfCD01_050039600|DBLd|1|834|1375	QG0196-C.g754	24.885	217	133	5	258	471	214	403	1.60e-11	69.7
PfCD01_050039600|DBLd|1|834|1375	PM0156-C.g546	54.437	586	153	18	1	542	869	1384	2.96e-177	546
PfCD01_050039600|DBLd|1|834|1375	PM0156-C.g546	23.762	303	180	7	181	475	155	414	3.69e-17	87.8
PfCD01_050039600|DBLd|1|834|1375	PA0167-C.g794	54.530	596	172	17	1	542	916	1466	4.68e-176	544
PfCD01_050039600|DBLd|1|834|1375	PA0167-C.g794	26.852	324	167	14	258	542	217	509	4.09e-16	84.7
PfCD01_050039600|DBLd|1|834|1375	QG0194-C.g133	53.860	557	189	16	1	542	323	826	4.28e-172	520
PfCD01_050039600|DBLd|1|834|1375	PM0153-C.g600	51.858	565	183	13	1	542	903	1401	4.36e-166	517
PfCD01_050039600|DBLd|1|834|1375	PM0153-C.g600	23.626	364	205	13	213	542	177	501	2.12e-12	72.8
PfCD01_050039600|CIDRb|1|1376|1624	QG0196-C.g754	100.000	249	0	0	1	249	1357	1605	2.20e-168	509
PfCD01_050039600|CIDRb|1|1376|1624	PM0156-C.g546	97.581	248	6	0	1	248	1385	1632	1.85e-162	493
PfCD01_050039600|CIDRb|1|1376|1624	PM0156-C.g546	29.944	177	107	4	87	249	631	804	4.86e-10	61.6
PfCD01_050039600|CIDRb|1|1376|1624	PF0180-C.g414	87.854	247	30	0	1	247	1334	1580	3.80e-143	441
PfCD01_050039600|CIDRb|1|1376|1624	PT0073-C.g651	75.806	248	54	3	1	246	1377	1620	8.85e-118	371
PfCD01_050039600|CIDRb|1|1376|1624	PT0073-C.g651	28.859	149	91	3	53	188	524	670	5.63e-10	61.6
PfCD01_050039600|CIDRb|1|1376|1624	SenT125.11.g818	70.683	249	69	3	1	247	697	943	1.90e-112	349
PfCD01_050039600|ATS|1|1739|2167	PV0028-C.g43	81.136	440	69	8	1	429	1843	2279	0.0	704
PfCD01_050039600|ATS|1|1739|2167	PC0097-C.g1245	85.219	433	54	8	1	429	1701	2127	0.0	691
PfCD01_050039600|ATS|1|1739|2167	PA0245-C.g391	79.271	439	78	5	1	429	2512	2947	0.0	683
PfCD01_050039600|ATS|1|1739|2167	PC0122-C.g100	83.532	419	60	4	1	412	1987	2403	0.0	681
PfCD01_050039600|ATS|1|1739|2167	PC0113-C.g949	80.942	446	65	6	1	429	1702	2144	0.0	681
PfCD01_060005300|NTS|1|1|61	PC0113-C.g106	96.154	52	2	0	10	61	14	65	1.96e-28	107
PfCD01_060005300|NTS|1|1|61	PA0052-C.g759	96.154	52	2	0	10	61	14	65	5.83e-27	103
PfCD01_060005300|NTS|1|1|61	PT0034-C.g911	71.429	63	16	1	1	61	1	63	5.73e-22	89.0
PfCD01_060005300|NTS|1|1|61	PV0239-C.g39	71.186	59	16	1	3	61	7	64	4.10e-21	86.3
PfCD01_060005300|NTS|1|1|61	SenT011.09.g309	71.186	59	16	1	3	61	7	64	4.46e-21	86.3
PfCD01_060005300|DBLa|1|62|486	PV0147-C.g81	78.404	426	72	6	7	425	83	495	0.0	652
PfCD01_060005300|DBLa|1|62|486	PV0147-C.g81	24.126	286	169	10	123	375	996	1266	3.00e-08	58.5
PfCD01_060005300|DBLa|1|62|486	PD0552-C.g774	78.404	426	72	6	7	425	76	488	0.0	651
PfCD01_060005300|DBLa|1|62|486	PD0552-C.g774	31.551	187	110	6	245	425	1249	1423	1.87e-12	72.0
PfCD01_060005300|DBLa|1|62|486	PD0552-C.g774	22.961	331	172	12	51	359	1815	2084	2.87e-10	65.1
PfCD01_060005300|DBLa|1|62|486	PD0519-C.g866	78.404	426	72	6	7	425	76	488	0.0	651
PfCD01_060005300|DBLa|1|62|486	PD0519-C.g866	31.551	187	110	6	245	425	1249	1423	1.87e-12	72.0
PfCD01_060005300|DBLa|1|62|486	PD0519-C.g866	22.961	331	172	12	51	359	1815	2084	2.87e-10	65.1
PfCD01_060005300|DBLa|1|62|486	PD0491-C.g624	78.404	426	72	6	7	425	76	488	0.0	651
PfCD01_060005300|DBLa|1|62|486	PD0491-C.g624	31.551	187	110	6	245	425	1249	1423	1.87e-12	72.0
PfCD01_060005300|DBLa|1|62|486	PD0491-C.g624	22.961	331	172	12	51	359	1815	2084	2.87e-10	65.1
PfCD01_060005300|DBLa|1|62|486	SenT151.08.g333	75.581	430	91	4	5	425	83	507	0.0	646
PfCD01_060005300|DBLa|1|62|486	SenT151.08.g333	34.234	111	60	4	242	343	1208	1314	6.05e-08	57.8
PfCD01_060005300|CIDRa|1|487|738	SenT151.08.g333	98.810	252	3	0	1	252	508	759	1.35e-172	515
PfCD01_060005300|CIDRa|1|487|738	PH0715-C.g542	93.254	252	17	0	1	252	488	739	6.24e-158	481
PfCD01_060005300|CIDRa|1|487|738	PH0715-C.g542	32.432	148	87	6	32	175	1355	1493	4.90e-12	67.8
PfCD01_060005300|CIDRa|1|487|738	PH0556-C.g848	93.254	252	17	0	1	252	488	739	6.24e-158	481
PfCD01_060005300|CIDRa|1|487|738	PH0556-C.g848	32.432	148	87	6	32	175	1355	1493	4.90e-12	67.8
PfCD01_060005300|CIDRa|1|487|738	PV0147-C.g81	93.254	252	17	0	1	252	496	747	1.01e-157	479
PfCD01_060005300|CIDRa|1|487|738	PD0552-C.g774	93.254	252	17	0	1	252	489	740	2.03e-155	479
PfCD01_060005300|DBLd|1|835|1358	PM0134-C.g124	52.470	587	143	18	14	524	887	1413	1.76e-163	509
PfCD01_060005300|DBLd|1|835|1358	PM0134-C.g124	23.256	430	249	16	146	524	108	507	1.21e-12	73.2
PfCD01_060005300|DBLd|1|835|1358	PC0059-C.g142	51.754	570	175	15	1	524	1026	1541	1.66e-162	508
PfCD01_060005300|DBLd|1|835|1358	PC0059-C.g142	29.245	318	135	13	128	445	600	827	5.96e-28	121
PfCD01_060005300|DBLd|1|835|1358	PM0020-C.g459	54.991	551	195	13	1	524	1781	2305	1.89e-160	507
PfCD01_060005300|DBLd|1|835|1358	PM0020-C.g459	29.595	321	145	11	129	445	1407	1650	7.05e-30	127
PfCD01_060005300|DBLd|1|835|1358	PM0020-C.g459	25.916	382	198	15	180	524	195	528	5.48e-16	84.0
PfCD01_060005300|DBLd|1|835|1358	PM0041-C.g834	52.289	568	169	18	1	524	822	1331	2.22e-157	491
PfCD01_060005300|DBLd|1|835|1358	PM0041-C.g834	29.252	294	163	10	212	486	183	450	1.18e-16	86.3
PfCD01_060005300|DBLd|1|835|1358	PA0140-C.g421	50.183	546	185	15	1	524	773	1253	3.24e-153	479
PfCD01_060005300|DBLd|1|835|1358	PA0140-C.g421	24.903	257	154	7	212	452	56	289	6.68e-15	80.5
PfCD01_060005300|CIDRb|1|1359|1628	PM0020-C.g459	99.630	270	0	1	1	270	2306	2574	7.51e-178	545
PfCD01_060005300|CIDRb|1|1359|1628	PA0167-C.g614	77.778	270	50	5	1	270	1422	1681	2.75e-120	380
PfCD01_060005300|CIDRb|1|1359|1628	PC0097-C.g1219	77.323	269	53	4	1	267	1365	1627	4.50e-119	376
PfCD01_060005300|CIDRb|1|1359|1628	PT0156-C.g1141	72.470	247	56	5	1	244	655	892	4.81e-105	330
PfCD01_060005300|CIDRb|1|1359|1628	PA0029-C.g490	72.180	266	66	5	1	266	610	867	4.56e-104	326
PfCD01_060005300|ATS|1|1743|2222	PFKE07.g667	76.812	483	74	10	2	480	2366	2814	0.0	712
PfCD01_060005300|ATS|1|1743|2222	PV0028-C.g43	75.983	483	65	9	2	480	1844	2279	0.0	707
PfCD01_060005300|ATS|1|1743|2222	PD0483-C.g348	76.113	494	66	7	2	480	2590	3046	0.0	692
PfCD01_060005300|ATS|1|1743|2222	PV0129-C.g36	74.494	494	67	11	2	480	1740	2189	0.0	687
PfCD01_060005300|ATS|1|1743|2222	PFKE07.g1065	73.554	484	65	9	1	480	1644	2068	0.0	683
PfCD01_060005500|NTS|1|1|120	PA0094-C.g502	79.787	94	16	2	28	120	28	119	4.09e-27	106
PfCD01_060005500|NTS|1|1|120	QE0471-C.g372	67.143	70	21	1	51	120	6	73	8.07e-23	94.4
PfCD01_060005500|NTS|1|1|120	QE0465-C.g279	65.753	73	22	1	48	120	4	73	1.09e-22	94.0
PfCD01_060005500|NTS|1|1|120	PC0113-C.g183	71.014	69	20	0	52	120	4	72	1.34e-22	93.6
PfCD01_060005500|NTS|1|1|120	PH0349-C.g321	67.647	68	20	1	53	120	6	71	5.04e-22	92.0
PfCD01_060005500|DBLa|1|121|520	PT0170-C.g462	75.980	408	83	6	1	400	71	471	0.0	585
PfCD01_060005500|DBLa|1|121|520	PT0170-C.g462	28.966	290	169	10	1	275	795	1062	1.46e-30	126
PfCD01_060005500|DBLa|1|121|520	PT0170-C.g462	27.575	301	157	11	42	321	1628	1888	1.84e-18	90.1
PfCD01_060005500|DBLa|1|121|520	PT0170-C.g462	27.039	233	122	9	42	272	1984	2170	9.09e-15	79.0
PfCD01_060005500|DBLa|1|121|520	PT0170-C.g462	22.944	231	151	5	43	259	1235	1452	9.76e-09	60.1
PfCD01_060005500|DBLa|1|121|520	PT0027-C.g216	75.186	403	93	6	1	400	69	467	0.0	567
PfCD01_060005500|DBLa|1|121|520	PT0027-C.g216	31.900	279	141	8	55	321	838	1079	6.23e-30	124
PfCD01_060005500|DBLa|1|121|520	PT0027-C.g216	21.578	431	242	13	41	400	1789	2194	5.52e-11	67.0
PfCD01_060005500|DBLa|1|121|520	PT0027-C.g216	24.762	315	164	9	50	319	1358	1644	3.10e-10	64.7
PfCD01_060005500|DBLa|1|121|520	PM0021-C.g281	71.569	408	101	6	1	400	71	471	4.25e-179	552
PfCD01_060005500|DBLa|1|121|520	PM0021-C.g281	28.621	290	170	10	1	275	795	1062	3.64e-30	125
PfCD01_060005500|DBLa|1|121|520	PM0021-C.g281	27.575	301	157	11	42	321	1628	1888	1.84e-18	90.1
PfCD01_060005500|DBLa|1|121|520	PM0021-C.g281	27.039	233	122	9	42	272	1984	2170	7.20e-15	79.3
PfCD01_060005500|DBLa|1|121|520	PM0021-C.g281	22.511	231	152	5	43	259	1235	1452	3.23e-08	58.5
PfCD01_060005500|DBLa|1|121|520	PD0640-C.g853	64.078	412	134	6	1	400	52	461	1.03e-171	509
PfCD01_060005500|DBLa|1|121|520	PD0640-C.g853	32.130	277	143	11	8	266	789	1038	1.21e-28	120
PfCD01_060005500|DBLa|1|121|520	PD0562-C.g48	64.078	412	134	6	1	400	160	569	8.95e-171	509
PfCD01_060005500|DBLa|1|121|520	PD0562-C.g48	29.864	221	120	8	55	260	944	1144	5.98e-24	106
PfCD01_060005500|CIDRa|1|521|773	PT0226-Cx.g645	97.628	253	6	0	1	253	471	723	2.79e-164	497
PfCD01_060005500|CIDRa|1|521|773	PA0079-C.g411	93.281	253	17	0	1	253	541	793	2.36e-154	477
PfCD01_060005500|CIDRa|1|521|773	PT0027-C.g216	87.251	251	32	0	1	251	468	718	8.38e-144	447
PfCD01_060005500|CIDRa|1|521|773	QE0444-C.g311	79.447	253	52	0	1	253	456	708	8.75e-131	409
PfCD01_060005500|CIDRa|1|521|773	PA0220-C.g342	77.470	253	57	0	1	253	458	710	7.24e-129	404
PfCD01_060005500|DBLb|1|782|1245	PA0202-C.g330	73.276	464	107	6	3	464	737	1185	0.0	669
PfCD01_060005500|DBLb|1|782|1245	PA0202-C.g330	32.941	340	167	13	41	336	54	376	6.65e-34	138
PfCD01_060005500|DBLb|1|782|1245	PA0202-C.g330	26.456	412	218	15	87	464	1621	1981	3.30e-24	108
PfCD01_060005500|DBLb|1|782|1245	PA0202-C.g330	25.000	324	167	16	74	361	1230	1513	1.19e-09	63.5
PfCD01_060005500|DBLb|1|782|1245	PA0213-C.g362	72.881	472	98	8	1	464	731	1180	0.0	662
PfCD01_060005500|DBLb|1|782|1245	PA0213-C.g362	33.436	326	160	12	68	354	83	390	1.58e-32	134
PfCD01_060005500|DBLb|1|782|1245	PA0213-C.g362	30.469	256	144	11	106	347	1237	1472	3.43e-12	71.6
PfCD01_060005500|DBLb|1|782|1245	PA0213-C.g362	24.000	275	152	9	108	354	1605	1850	1.39e-10	66.2
PfCD01_060005500|DBLb|1|782|1245	PT0262-C.g230	67.932	474	130	10	1	464	827	1288	0.0	616
PfCD01_060005500|DBLb|1|782|1245	PT0262-C.g230	29.825	285	146	10	111	354	214	485	2.51e-27	118
PfCD01_060005500|DBLb|1|782|1245	PT0262-C.g230	27.469	324	166	13	68	354	1309	1600	3.80e-20	96.7
PfCD01_060005500|DBLb|1|782|1245	PT0262-C.g230	23.554	242	125	8	180	364	2005	2243	4.39e-08	58.5
PfCD01_060005500|DBLb|1|782|1245	PT0041-C.g128	67.932	474	130	10	1	464	827	1288	0.0	616
PfCD01_060005500|DBLb|1|782|1245	PT0041-C.g128	29.825	285	146	10	111	354	214	485	2.51e-27	118
PfCD01_060005500|DBLb|1|782|1245	PT0041-C.g128	27.469	324	166	13	68	354	1309	1600	3.80e-20	96.7
PfCD01_060005500|DBLb|1|782|1245	PT0041-C.g128	23.554	242	125	8	180	364	2005	2243	4.39e-08	58.5
PfCD01_060005500|DBLb|1|782|1245	QG0218-C.g6074	65.161	465	153	8	3	464	681	1139	0.0	598
PfCD01_060005500|DBLb|1|782|1245	QG0218-C.g6074	33.234	334	162	13	47	336	4	320	6.54e-34	138
PfCD01_060005500|DBLb|1|782|1245	QG0218-C.g6074	26.265	415	214	17	87	464	1575	1934	1.72e-23	106
PfCD01_060005500|DBLb|1|782|1245	QG0218-C.g6074	25.000	324	167	16	74	361	1184	1467	1.15e-09	63.5
PfCD01_060005500|DBLg|1|1264|1618	PV0035-C.g4	85.070	355	49	1	1	355	1227	1577	0.0	624
PfCD01_060005500|DBLg|1|1264|1618	PV0035-C.g4	24.101	473	203	17	1	324	1871	2336	1.01e-24	108
PfCD01_060005500|DBLg|1|1264|1618	PV0035-C.g4	25.088	283	164	7	38	299	839	1094	3.38e-13	73.6
PfCD01_060005500|DBLg|1|1264|1618	PV0035-C.g4	25.484	310	156	15	40	292	106	397	5.97e-10	63.5
PfCD01_060005500|DBLg|1|1264|1618	PH0991-C.g1046	85.070	355	49	1	1	355	1227	1577	0.0	623
PfCD01_060005500|DBLg|1|1264|1618	PH0991-C.g1046	32.047	337	188	11	20	355	2923	3219	7.35e-34	135
PfCD01_060005500|DBLg|1|1264|1618	PH0991-C.g1046	25.059	427	187	15	1	300	1690	2110	8.36e-23	102
PfCD01_060005500|DBLg|1|1264|1618	PH0991-C.g1046	25.088	283	164	7	38	299	848	1103	2.29e-13	73.9
PfCD01_060005500|DBLg|1|1264|1618	PH0991-C.g1046	25.484	310	156	15	40	292	115	406	6.21e-10	63.5
PfCD01_060005500|DBLg|1|1264|1618	PH0991-C.g1046	23.963	217	136	5	51	251	2567	2770	9.36e-08	56.6
PfCD01_060005500|DBLg|1|1264|1618	PH0915-C.g31	85.070	355	49	1	1	355	1218	1568	0.0	623
PfCD01_060005500|DBLg|1|1264|1618	PH0915-C.g31	32.047	337	188	11	20	355	2914	3210	7.63e-34	135
PfCD01_060005500|DBLg|1|1264|1618	PH0915-C.g31	25.059	427	187	15	1	300	1681	2101	8.67e-23	102
PfCD01_060005500|DBLg|1|1264|1618	PH0915-C.g31	25.088	283	164	7	38	299	839	1094	2.33e-13	73.9
PfCD01_060005500|DBLg|1|1264|1618	PH0915-C.g31	25.484	310	156	15	40	292	106	397	6.49e-10	63.2
PfCD01_060005500|DBLg|1|1264|1618	PH0915-C.g31	23.963	217	136	5	51	251	2558	2761	8.79e-08	56.6
PfCD01_060005500|DBLg|1|1264|1618	PD0494-C.g71	85.070	355	49	1	1	355	1218	1568	0.0	623
PfCD01_060005500|DBLg|1|1264|1618	PD0494-C.g71	32.047	337	188	11	20	355	2914	3210	7.42e-34	135
PfCD01_060005500|DBLg|1|1264|1618	PD0494-C.g71	25.059	427	187	15	1	300	1681	2101	8.51e-23	102
PfCD01_060005500|DBLg|1|1264|1618	PD0494-C.g71	25.088	283	164	7	38	299	839	1094	2.33e-13	73.9
PfCD01_060005500|DBLg|1|1264|1618	PD0494-C.g71	25.484	310	156	15	40	292	106	397	6.44e-10	63.2
PfCD01_060005500|DBLg|1|1264|1618	PD0494-C.g71	23.963	217	136	5	51	251	2558	2761	8.79e-08	56.6
PfCD01_060005500|DBLg|1|1264|1618	PH0121-CW.g41	85.070	355	49	1	1	355	1071	1421	0.0	622
PfCD01_060005500|DBLg|1|1264|1618	PH0121-CW.g41	32.047	337	188	11	20	355	2807	3103	8.76e-34	134
PfCD01_060005500|DBLg|1|1264|1618	PH0121-CW.g41	26.641	259	125	8	107	300	1736	1994	1.24e-15	80.9
PfCD01_060005500|DBLg|1|1264|1618	PH0121-CW.g41	25.088	283	164	7	38	299	692	947	2.30e-13	73.9
PfCD01_060005500|DBLg|1|1264|1618	PH0121-CW.g41	23.963	217	136	5	51	251	2451	2654	9.42e-08	56.6
PfCD01_060005500|DBLd|1|1761|2276	PT0230-Cx.g753	54.981	522	167	13	13	516	897	1368	1.09e-156	490
PfCD01_060005500|DBLd|1|1761|2276	PT0230-Cx.g753	28.750	240	141	8	222	456	188	402	9.14e-17	86.3
PfCD01_060005500|DBLd|1|1761|2276	PA0012-C.g475	53.510	527	171	19	11	516	919	1392	1.57e-150	473
PfCD01_060005500|DBLd|1|1761|2276	PA0012-C.g475	28.509	228	123	8	234	454	204	398	9.68e-15	80.1
PfCD01_060005500|DBLd|1|1761|2276	PC0085-C.g1199	52.015	546	183	19	1	516	837	1333	8.41e-147	462
PfCD01_060005500|DBLd|1|1761|2276	PC0085-C.g1199	28.065	310	148	13	247	516	194	468	1.78e-17	88.6
PfCD01_060005500|DBLd|1|1761|2276	PA0254-C.g555	51.800	500	164	12	50	516	1280	1735	1.85e-144	460
PfCD01_060005500|DBLd|1|1761|2276	PC0113-C.g1272	49.057	530	174	14	13	516	1156	1615	4.33e-138	441
PfCD01_060005500|CIDRb|1|2277|2529	PC0113-C.g1272	68.526	251	73	3	1	245	1616	1866	4.86e-106	338
PfCD01_060005500|CIDRb|1|2277|2529	PA0211-C.g92	69.020	255	76	3	1	253	2730	2983	6.94e-106	338
PfCD01_060005500|CIDRb|1|2277|2529	PV0020-C.g19	67.442	258	76	4	1	253	1651	1905	7.04e-105	335
PfCD01_060005500|CIDRb|1|2277|2529	PV0211-C.g6	67.442	258	76	4	1	253	1651	1905	7.76e-105	335
PfCD01_060005500|CIDRb|1|2277|2529	PH0810-C.g154	67.442	258	76	4	1	253	1668	1922	8.01e-105	335
PfCD01_060005500|ATS|1|2625|3051	PT0218-Cx.g21	87.385	436	45	2	2	427	2375	2810	0.0	751
PfCD01_060005500|ATS|1|2625|3051	PC0104-C.g272	84.615	442	47	3	1	427	2968	3403	0.0	731
PfCD01_060005500|ATS|1|2625|3051	PF0513-C.g5231	83.641	434	52	5	1	427	2388	2809	0.0	729
PfCD01_060005500|ATS|1|2625|3051	PD0507-C.g826	80.624	449	57	6	1	427	2909	3349	0.0	715
PfCD01_060005500|ATS|1|2625|3051	PFKE11.g431	79.204	452	61	6	2	427	3006	3450	0.0	712
PfCD01_060023000|NTS|1|1|57	QG0194-C.g180	100.000	57	0	0	1	57	1	57	2.14e-32	118
PfCD01_060023000|NTS|1|1|57	PA0254-C.g274	100.000	57	0	0	1	57	1	57	2.16e-32	118
PfCD01_060023000|NTS|1|1|57	PF0417-C.g144	100.000	57	0	0	1	57	1	57	2.16e-32	118
PfCD01_060023000|NTS|1|1|57	PFKE08.g360	100.000	57	0	0	1	57	1	57	2.21e-32	118
PfCD01_060023000|NTS|1|1|57	PFKE10.g267	100.000	57	0	0	1	57	1	57	2.21e-32	118
PfCD01_060023000|DBLa|1|58|454	QG0194-C.g180	100.000	397	0	0	1	397	58	454	0.0	835
PfCD01_060023000|DBLa|1|58|454	QG0194-C.g180	31.959	291	161	11	118	397	1361	1625	3.69e-27	116
PfCD01_060023000|DBLa|1|58|454	QG0194-C.g180	33.468	248	131	10	44	273	828	1059	1.93e-26	114
PfCD01_060023000|DBLa|1|58|454	PA0254-C.g274	100.000	397	0	0	1	397	58	454	0.0	835
PfCD01_060023000|DBLa|1|58|454	PA0254-C.g274	31.959	291	161	11	118	397	1361	1625	3.98e-27	116
PfCD01_060023000|DBLa|1|58|454	PA0254-C.g274	33.468	248	131	10	44	273	828	1059	1.96e-26	114
PfCD01_060023000|DBLa|1|58|454	PF0417-C.g144	100.000	397	0	0	1	397	58	454	0.0	835
PfCD01_060023000|DBLa|1|58|454	PF0417-C.g144	31.959	291	161	11	118	397	1361	1625	3.98e-27	116
PfCD01_060023000|DBLa|1|58|454	PF0417-C.g144	33.468	248	131	10	44	273	828	1059	1.96e-26	114
PfCD01_060023000|DBLa|1|58|454	PFKE08.g360	100.000	397	0	0	1	397	58	454	0.0	835
PfCD01_060023000|DBLa|1|58|454	PFKE08.g360	31.959	291	161	11	118	397	1361	1625	4.09e-27	116
PfCD01_060023000|DBLa|1|58|454	PFKE08.g360	33.468	248	131	10	44	273	828	1059	1.98e-26	114
PfCD01_060023000|DBLa|1|58|454	PFKE10.g267	100.000	397	0	0	1	397	58	454	0.0	835
PfCD01_060023000|DBLa|1|58|454	PFKE10.g267	31.959	291	161	11	118	397	1361	1625	4.09e-27	116
PfCD01_060023000|DBLa|1|58|454	PFKE10.g267	33.468	248	131	10	44	273	828	1059	1.98e-26	114
PfCD01_060023000|CIDRa|1|455|708	PM0144-C.g67	100.000	254	0	0	1	254	455	708	7.16e-176	522
PfCD01_060023000|CIDRa|1|455|708	PF0206-C.g348	100.000	254	0	0	1	254	99	352	7.45e-173	520
PfCD01_060023000|CIDRa|1|455|708	PF0206-C.g348	25.292	257	172	8	1	248	1270	1515	8.23e-13	70.1
PfCD01_060023000|CIDRa|1|455|708	PM0156-C.g245	100.000	254	0	0	1	254	455	708	5.28e-171	520
PfCD01_060023000|CIDRa|1|455|708	PM0156-C.g245	25.292	257	172	8	1	248	1626	1871	8.80e-13	70.1
PfCD01_060023000|CIDRa|1|455|708	PA0203-C.g487	100.000	254	0	0	1	254	455	708	6.42e-171	520
PfCD01_060023000|CIDRa|1|455|708	PA0203-C.g487	25.292	257	172	8	1	248	1626	1871	5.83e-13	70.5
PfCD01_060023000|CIDRa|1|455|708	QG0271-C.g211	100.000	254	0	0	1	254	455	708	7.10e-171	520
PfCD01_060023000|CIDRa|1|455|708	QG0271-C.g211	25.292	257	172	8	1	248	1626	1871	5.94e-13	70.5
PfCD01_060023000|DBLb|1|728|1204	QG0194-C.g180	99.790	477	1	0	1	477	728	1204	0.0	996
PfCD01_060023000|DBLb|1|728|1204	QG0194-C.g180	29.851	335	186	13	21	332	22	330	3.44e-26	115
PfCD01_060023000|DBLb|1|728|1204	QG0194-C.g180	24.534	322	163	12	112	376	1269	1567	4.87e-13	74.3
PfCD01_060023000|DBLb|1|728|1204	PA0254-C.g274	99.790	477	1	0	1	477	728	1204	0.0	996
PfCD01_060023000|DBLb|1|728|1204	PA0254-C.g274	29.851	335	186	13	21	332	22	330	3.53e-26	115
PfCD01_060023000|DBLb|1|728|1204	PA0254-C.g274	24.534	322	163	12	112	376	1269	1567	4.95e-13	74.3
PfCD01_060023000|DBLb|1|728|1204	PFKE08.g360	99.790	477	1	0	1	477	728	1204	0.0	996
PfCD01_060023000|DBLb|1|728|1204	PFKE08.g360	29.851	335	186	13	21	332	22	330	3.83e-26	115
PfCD01_060023000|DBLb|1|728|1204	PFKE08.g360	24.534	322	163	12	112	376	1269	1567	5.31e-13	74.3
PfCD01_060023000|DBLb|1|728|1204	PFKE10.g267	99.790	477	1	0	1	477	728	1204	0.0	996
PfCD01_060023000|DBLb|1|728|1204	PFKE10.g267	29.851	335	186	13	21	332	22	330	3.83e-26	115
PfCD01_060023000|DBLb|1|728|1204	PFKE10.g267	24.534	322	163	12	112	376	1269	1567	5.31e-13	74.3
PfCD01_060023000|DBLb|1|728|1204	PfKE02.g256	99.790	477	1	0	1	477	728	1204	0.0	996
PfCD01_060023000|DBLb|1|728|1204	PfKE02.g256	29.851	335	186	13	21	332	22	330	3.83e-26	115
PfCD01_060023000|DBLb|1|728|1204	PfKE02.g256	24.534	322	163	12	112	376	1269	1567	5.31e-13	74.3
PfCD01_060023000|DBLd|1|1221|1625	QG0194-C.g180	99.753	405	1	0	1	405	1221	1625	0.0	848
PfCD01_060023000|DBLd|1|1221|1625	QG0194-C.g180	31.633	294	164	11	138	405	172	454	6.94e-26	112
PfCD01_060023000|DBLd|1|1221|1625	QG0194-C.g180	23.101	316	175	11	49	347	839	1103	6.33e-13	73.2
PfCD01_060023000|DBLd|1|1221|1625	PA0254-C.g274	99.753	405	1	0	1	405	1221	1625	0.0	848
PfCD01_060023000|DBLd|1|1221|1625	PA0254-C.g274	31.633	294	164	11	138	405	172	454	6.94e-26	112
PfCD01_060023000|DBLd|1|1221|1625	PA0254-C.g274	23.101	316	175	11	49	347	839	1103	6.11e-13	73.2
PfCD01_060023000|DBLd|1|1221|1625	PF0417-C.g144	99.753	405	1	0	1	405	1221	1625	0.0	848
PfCD01_060023000|DBLd|1|1221|1625	PF0417-C.g144	31.633	294	164	11	138	405	172	454	7.83e-26	112
PfCD01_060023000|DBLd|1|1221|1625	PF0417-C.g144	23.101	316	175	11	49	347	839	1103	6.62e-13	73.2
PfCD01_060023000|DBLd|1|1221|1625	PFKE08.g360	99.753	405	1	0	1	405	1221	1625	0.0	848
PfCD01_060023000|DBLd|1|1221|1625	PFKE08.g360	31.633	294	164	11	138	405	172	454	6.94e-26	112
PfCD01_060023000|DBLd|1|1221|1625	PFKE08.g360	23.101	316	175	11	49	347	839	1103	6.16e-13	73.2
PfCD01_060023000|DBLd|1|1221|1625	PFKE10.g267	99.753	405	1	0	1	405	1221	1625	0.0	848
PfCD01_060023000|DBLd|1|1221|1625	PFKE10.g267	31.633	294	164	11	138	405	172	454	6.94e-26	112
PfCD01_060023000|DBLd|1|1221|1625	PFKE10.g267	23.101	316	175	11	49	347	839	1103	6.16e-13	73.2
PfCD01_060023000|CIDRb|1|1626|1878	PA0237-C.g203	100.000	253	0	0	1	253	643	895	8.73e-176	521
PfCD01_060023000|CIDRb|1|1626|1878	PM0073-C.g344	100.000	253	0	0	1	253	1004	1256	6.49e-175	520
PfCD01_060023000|CIDRb|1|1626|1878	QG0280-C.g611	100.000	253	0	0	1	253	1080	1332	2.21e-174	520
PfCD01_060023000|CIDRb|1|1626|1878	PA0022-C.g374	100.000	253	0	0	1	253	964	1216	1.85e-173	522
PfCD01_060023000|CIDRb|1|1626|1878	PF0206-C.g348	100.000	253	0	0	1	253	1270	1522	3.10e-173	520
PfCD01_060023000|CIDRb|1|1626|1878	PF0206-C.g348	24.903	257	173	6	1	246	99	346	3.58e-11	65.1
PfCD01_060023000|ATS|1|1989|2355	PF0417-C.g144	100.000	367	0	0	1	367	1989	2355	0.0	754
PfCD01_060023000|ATS|1|1989|2355	PFKE08.g360	100.000	367	0	0	1	367	1989	2355	0.0	754
PfCD01_060023000|ATS|1|1989|2355	PFKE10.g267	100.000	367	0	0	1	367	1989	2355	0.0	754
PfCD01_060023000|ATS|1|1989|2355	PfKE02.g256	100.000	367	0	0	1	367	1989	2355	0.0	754
PfCD01_060023000|ATS|1|1989|2355	PF0311-C.g256	100.000	367	0	0	1	367	2371	2737	0.0	753
PfCD01_070005300|NTS|1|1|67	PD0524-C.g716	80.357	56	11	0	1	56	1	56	4.68e-23	92.4
PfCD01_070005300|NTS|1|1|67	PD0543-C.g772	80.357	56	11	0	1	56	1	56	5.20e-23	92.0
PfCD01_070005300|NTS|1|1|67	PM0041-C.g1039	80.000	60	11	1	1	59	1	60	1.38e-22	90.9
PfCD01_070005300|NTS|1|1|67	PM0097-C.g921	73.913	69	16	2	1	67	1	69	6.58e-21	86.3
PfCD01_070005300|NTS|1|1|67	PM0156-C.g107	74.545	55	14	0	1	55	1	55	7.94e-21	85.9
PfCD01_070005300|DBLa|1|68|495	PM0136-C.g525	69.058	446	109	10	1	428	68	502	0.0	607
PfCD01_070005300|DBLa|1|68|495	PM0136-C.g525	28.446	341	183	16	122	428	1048	1361	1.26e-21	100
PfCD01_070005300|DBLa|1|68|495	PF0789-C.g685	72.365	427	98	9	15	428	75	494	0.0	602
PfCD01_070005300|DBLa|1|68|495	PF0789-C.g685	25.574	305	161	12	158	428	1022	1294	1.25e-16	85.1
PfCD01_070005300|DBLa|1|68|495	PA0237-C.g718	69.027	452	110	9	1	428	63	508	0.0	592
PfCD01_070005300|DBLa|1|68|495	PA0237-C.g718	28.291	357	185	13	122	428	1068	1403	7.34e-27	116
PfCD01_070005300|DBLa|1|68|495	QE0429-C.g488	70.853	422	109	8	19	428	86	505	0.0	585
PfCD01_070005300|DBLa|1|68|495	QE0429-C.g488	29.781	366	213	13	36	396	1723	2049	9.31e-30	125
PfCD01_070005300|DBLa|1|68|495	QE0429-C.g488	24.524	473	285	15	10	428	863	1317	2.15e-21	99.8
PfCD01_070005300|DBLa|1|68|495	PM0159-C.g29	71.256	414	109	7	22	428	3	413	0.0	582
PfCD01_070005300|DBLa|1|68|495	PM0159-C.g29	32.461	191	111	8	247	428	1108	1289	3.42e-13	74.3
PfCD01_070005300|CIDRa|1|496|749	PF0789-C.g685	86.220	254	35	0	1	254	495	748	1.05e-143	442
PfCD01_070005300|CIDRa|1|496|749	PF0789-C.g685	32.990	97	63	2	72	167	1367	1462	1.04e-08	57.8
PfCD01_070005300|CIDRa|1|496|749	PT0095-C.g627	84.462	251	38	1	1	251	487	736	2.17e-122	384
PfCD01_070005300|CIDRa|1|496|749	PV0211-C.g160	77.533	227	50	1	28	254	523	748	4.63e-117	365
PfCD01_070005300|CIDRa|1|496|749	PV0211-C.g160	82.540	126	22	0	129	254	800	925	5.50e-64	218
PfCD01_070005300|CIDRa|1|496|749	QE0395-C.g244	77.093	227	51	1	28	254	521	746	6.53e-114	361
PfCD01_070005300|CIDRa|1|496|749	PA0229-C.g37	74.786	234	59	0	21	254	500	733	3.04e-113	352
PfCD01_070005300|DBLe|1|816|1160	QG0201-C.g621	100.000	345	0	0	1	345	763	1107	0.0	706
PfCD01_070005300|DBLe|1|816|1160	QG0201-C.g621	29.197	274	142	9	47	313	1489	1717	1.87e-17	86.3
PfCD01_070005300|DBLe|1|816|1160	QG0201-C.g621	28.014	282	157	12	46	319	1159	1402	6.33e-17	84.7
PfCD01_070005300|DBLe|1|816|1160	PF0263-C.g395	88.986	345	37	1	1	345	798	1141	0.0	633
PfCD01_070005300|DBLe|1|816|1160	PF0263-C.g395	29.818	275	140	11	47	313	1524	1753	1.08e-21	99.0
PfCD01_070005300|DBLe|1|816|1160	PF0263-C.g395	26.855	283	160	11	46	319	1193	1437	8.36e-15	78.2
PfCD01_070005300|DBLe|1|816|1160	PF0263-C.g395	25.463	216	115	10	122	291	178	393	1.04e-07	56.2
PfCD01_070005300|DBLe|1|816|1160	PA0032-C.g476	84.348	345	52	2	1	345	771	1113	0.0	587
PfCD01_070005300|DBLe|1|816|1160	PA0032-C.g476	27.273	286	148	11	47	320	1487	1724	2.43e-20	94.7
PfCD01_070005300|DBLe|1|816|1160	PA0032-C.g476	27.240	279	156	11	46	319	1164	1400	1.04e-15	80.9
PfCD01_070005300|DBLe|1|816|1160	PF0725-C.g536	84.058	345	53	2	1	345	765	1107	0.0	583
PfCD01_070005300|DBLe|1|816|1160	PF0725-C.g536	30.449	312	159	11	47	345	1481	1747	2.03e-31	127
PfCD01_070005300|DBLe|1|816|1160	PF0725-C.g536	27.240	279	156	11	46	319	1158	1394	1.30e-15	80.5
PfCD01_070005300|DBLe|1|816|1160	PF0725-C.g536	23.364	214	115	9	123	291	176	385	1.08e-07	56.2
PfCD01_070005300|DBLe|1|816|1160	PA0020-C.g433	79.420	345	70	1	1	345	391	734	0.0	558
PfCD01_070005300|DBLe|1|816|1160	PA0020-C.g433	29.779	272	144	9	47	313	1117	1346	8.91e-24	105
PfCD01_070005300|DBLe|1|816|1160	PA0020-C.g433	27.208	283	159	11	46	319	786	1030	3.70e-15	79.3
PfCD01_070005300|DBLe|2|1172|1455	QG0201-C.g621	100.000	284	0	0	1	284	1119	1402	0.0	590
PfCD01_070005300|DBLe|2|1172|1455	QG0201-C.g621	39.888	178	102	2	35	211	1482	1655	2.08e-34	134
PfCD01_070005300|DBLe|2|1172|1455	QG0201-C.g621	28.014	282	157	12	41	284	808	1081	1.96e-17	84.7
PfCD01_070005300|DBLe|2|1172|1455	QG0201-C.g621	23.502	217	118	5	25	201	109	317	5.44e-08	56.2
PfCD01_070005300|DBLe|2|1172|1455	PT0240-C.g707	90.559	286	25	2	1	284	1120	1405	1.32e-166	507
PfCD01_070005300|DBLe|2|1172|1455	PT0240-C.g707	38.400	250	132	10	42	284	1492	1726	7.64e-38	144
PfCD01_070005300|DBLe|2|1172|1455	PT0240-C.g707	31.373	204	100	8	40	207	812	1011	2.28e-14	75.5
PfCD01_070005300|DBLe|2|1172|1455	PT0240-C.g707	21.076	223	122	5	31	201	107	327	4.45e-07	53.5
PfCD01_070005300|DBLe|2|1172|1455	PA0185-C.g934	85.614	285	38	2	1	284	1082	1364	5.43e-166	502
PfCD01_070005300|DBLe|2|1172|1455	PA0185-C.g934	46.753	154	72	5	42	191	1451	1598	8.31e-33	129
PfCD01_070005300|DBLe|2|1172|1455	PA0185-C.g934	27.208	283	159	10	41	284	769	1043	6.12e-19	89.0
PfCD01_070005300|DBLe|2|1172|1455	PF0816-C.g730	92.803	264	18	1	22	284	1216	1479	6.84e-166	506
PfCD01_070005300|DBLe|2|1172|1455	PF0816-C.g730	37.354	257	143	9	32	284	1559	1801	4.62e-38	144
PfCD01_070005300|DBLe|2|1172|1455	PF0816-C.g730	27.402	281	159	10	41	284	884	1156	3.67e-19	89.7
PfCD01_070005300|DBLe|2|1172|1455	PF0816-C.g730	25.221	226	105	10	45	211	120	340	4.98e-09	59.3
PfCD01_070005300|DBLe|2|1172|1455	PV0230-C.g64	87.452	263	33	0	22	284	679	941	1.58e-164	486
PfCD01_070005300|DBLe|2|1172|1455	PV0230-C.g64	28.727	275	149	12	40	279	352	614	3.58e-15	77.8
PfCD01_070005300|DBLe|3|1498|1799	QG0201-C.g621	100.000	302	0	0	1	302	1445	1746	0.0	625
PfCD01_070005300|DBLe|3|1498|1799	QG0201-C.g621	35.743	249	140	7	38	277	1153	1390	6.16e-36	139
PfCD01_070005300|DBLe|3|1498|1799	QG0201-C.g621	28.479	309	160	10	45	302	809	1107	9.04e-21	95.1
PfCD01_070005300|DBLe|3|1498|1799	QG0201-C.g621	23.504	234	135	7	44	238	125	353	2.97e-08	57.4
PfCD01_070005300|DBLe|3|1498|1799	PA0185-C.g97	89.333	300	32	0	3	302	2296	2595	0.0	561
PfCD01_070005300|DBLe|3|1498|1799	PA0185-C.g97	33.468	248	147	6	38	277	2002	2239	4.33e-33	131
PfCD01_070005300|DBLe|3|1498|1799	PA0185-C.g97	29.934	304	169	10	41	302	1656	1957	5.97e-20	92.8
PfCD01_070005300|DBLe|3|1498|1799	PA0185-C.g97	25.253	297	142	9	42	258	111	407	1.11e-17	85.9
PfCD01_070005300|DBLe|3|1498|1799	PA0185-C.g97	32.110	109	53	2	172	259	1128	1236	2.25e-07	54.7
PfCD01_070005300|DBLe|3|1498|1799	PC0009-C.g40	87.748	302	37	0	1	302	1247	1548	0.0	543
PfCD01_070005300|DBLe|3|1498|1799	PC0009-C.g40	34.783	230	138	6	42	262	958	1184	1.04e-32	129
PfCD01_070005300|DBLe|3|1498|1799	PC0009-C.g40	30.693	303	154	12	45	302	617	908	1.01e-25	109
PfCD01_070005300|DBLe|3|1498|1799	PC0009-C.g40	25.701	214	103	5	102	259	1	214	2.71e-12	69.7
PfCD01_070005300|DBLe|3|1498|1799	PD0497-C.g60	85.762	302	43	0	1	302	841	1142	0.0	539
PfCD01_070005300|DBLe|3|1498|1799	PD0497-C.g60	39.234	209	116	6	38	237	548	754	2.78e-33	131
PfCD01_070005300|DBLe|3|1498|1799	PD0497-C.g60	28.947	304	170	11	41	302	202	501	1.67e-22	100
PfCD01_070005300|DBLe|3|1498|1799	PA0049-C.g461	86.093	302	42	0	1	302	1400	1701	2.58e-179	541
PfCD01_070005300|DBLe|3|1498|1799	PA0049-C.g461	39.234	209	116	6	38	237	1107	1313	2.10e-33	132
PfCD01_070005300|DBLe|3|1498|1799	PA0049-C.g461	28.947	304	170	11	41	302	761	1060	2.03e-22	99.8
PfCD01_070005300|ATS|1|1839|2276	PV0028-C.g43	81.798	445	66	7	1	438	1843	2279	0.0	721
PfCD01_070005300|ATS|1|1839|2276	PA0270-C.g443	81.210	463	54	6	1	438	2185	2639	0.0	719
PfCD01_070005300|ATS|1|1839|2276	PA0245-C.g391	81.778	450	56	5	1	438	2512	2947	0.0	712
PfCD01_070005300|ATS|1|1839|2276	PFKE07.g667	79.823	451	75	7	2	438	2366	2814	0.0	711
PfCD01_070005300|ATS|1|1839|2276	PC0097-C.g664	81.333	450	70	6	1	438	2364	2811	0.0	707
PfCD01_070015600|NTS|1|1|65	PF0818-C.g575	100.000	55	0	0	11	65	7	61	2.56e-30	112
PfCD01_070015600|NTS|1|1|65	QG0203-C.g696	85.246	61	9	0	5	65	4	64	3.00e-28	107
PfCD01_070015600|NTS|1|1|65	PA0254-C.g924	78.689	61	13	0	5	65	4	64	3.39e-26	101
PfCD01_070015600|NTS|1|1|65	QG0218-C.g434	67.213	61	20	0	5	65	4	64	1.90e-22	90.5
PfCD01_070015600|NTS|1|1|65	PA0205-C.g116	67.188	64	20	1	2	65	7	69	1.58e-21	87.8
PfCD01_070015600|DBLa|1|66|501	PA0144-C.g602	73.304	457	98	8	1	436	66	519	0.0	647
PfCD01_070015600|DBLa|1|66|501	PA0144-C.g602	30.939	181	94	8	226	394	1265	1426	7.08e-11	67.0
PfCD01_070015600|DBLa|1|66|501	PD0496-C.g858	73.556	450	98	7	1	436	64	506	0.0	639
PfCD01_070015600|DBLa|1|66|501	PH0114-C.g30	70.022	457	115	7	1	436	66	521	0.0	632
PfCD01_070015600|DBLa|1|66|501	PH0148-CW.g51	70.022	457	115	7	1	436	66	521	0.0	629
PfCD01_070015600|DBLa|1|66|501	PH0148-CW.g51	31.250	352	180	12	29	363	1800	2106	1.78e-34	139
PfCD01_070015600|DBLa|1|66|501	PH0148-CW.g51	26.562	320	172	12	17	335	2174	2431	1.30e-15	82.0
PfCD01_070015600|DBLa|1|66|501	PH0148-CW.g51	35.606	132	83	1	211	342	1236	1365	4.08e-10	64.7
PfCD01_070015600|DBLa|1|66|501	PM0138-C.g1114	71.715	449	111	9	1	436	64	509	0.0	594
PfCD01_070015600|DBLa|1|66|501	PM0138-C.g1114	29.700	367	207	15	1	356	2490	2816	1.30e-28	121
PfCD01_070015600|DBLa|1|66|501	PM0138-C.g1114	33.333	339	169	17	1	324	889	1185	1.70e-28	121
PfCD01_070015600|DBLa|1|66|501	PM0138-C.g1114	26.756	299	180	8	102	377	1443	1725	4.86e-18	89.7
PfCD01_070015600|DBLa|1|66|501	PM0138-C.g1114	26.174	298	168	10	34	320	2093	2349	1.75e-15	81.6
PfCD01_070015600|CIDRa|1|502|799	QG0202-C.g361	71.237	299	79	4	1	296	495	789	1.35e-128	405
PfCD01_070015600|CIDRa|1|502|799	QE0400-C.g665	70.100	301	81	7	1	296	509	805	6.67e-125	393
PfCD01_070015600|CIDRa|1|502|799	PV0276-C.g52	70.100	301	81	7	1	296	509	805	6.67e-125	393
PfCD01_070015600|CIDRa|1|502|799	PV0129-C.g66	70.100	301	81	7	1	296	509	805	6.67e-125	393
PfCD01_070015600|CIDRa|1|502|799	PD0524-C.g782	70.100	301	81	7	1	296	509	805	6.67e-125	393
PfCD01_070015600|DBLd|1|882|1388	PF0524-C.g42	54.721	519	160	15	1	507	528	983	5.48e-161	493
PfCD01_070015600|DBLd|1|882|1388	SenP027.02.g251	54.721	519	160	15	1	507	906	1361	2.37e-158	493
PfCD01_070015600|DBLd|1|882|1388	SenP027.02.g251	31.579	190	97	8	251	436	260	420	8.10e-12	70.5
PfCD01_070015600|DBLd|1|882|1388	QE0444-C.g785	51.661	542	185	15	1	507	813	1312	1.28e-155	480
PfCD01_070015600|DBLd|1|882|1388	QE0444-C.g785	31.414	191	109	9	329	507	291	471	1.57e-09	63.2
PfCD01_070015600|DBLd|1|882|1388	QE0437-C.g704	51.661	542	185	15	1	507	813	1312	2.18e-153	480
PfCD01_070015600|DBLd|1|882|1388	QE0437-C.g704	31.414	191	109	9	329	507	291	471	1.57e-09	63.2
PfCD01_070015600|DBLd|1|882|1388	PF0456-C.g548	51.737	547	204	20	1	507	164	690	5.03e-152	473
PfCD01_070015600|CIDRb|1|1389|1644	PC0061-C.g1007	80.392	255	48	2	1	255	1372	1624	1.18e-134	418
PfCD01_070015600|CIDRb|1|1389|1644	PC0061-C.g1007	32.353	102	63	4	74	171	608	707	1.41e-07	54.7
PfCD01_070015600|CIDRb|1|1389|1644	PT0181-C.g2056	80.321	249	46	3	1	249	2018	2263	8.36e-128	401
PfCD01_070015600|CIDRb|1|1389|1644	PT0181-C.g2056	31.373	153	94	4	99	247	553	698	5.93e-11	64.7
PfCD01_070015600|CIDRb|1|1389|1644	QG0236-C.g2664	75.969	258	57	2	1	256	1455	1709	5.33e-123	386
PfCD01_070015600|CIDRb|1|1389|1644	PC0104-C.g587	73.180	261	59	6	1	255	1441	1696	5.28e-115	364
PfCD01_070015600|CIDRb|1|1389|1644	QE0429-C.g677	64.981	257	81	4	1	252	1284	1536	2.78e-98	317
PfCD01_070015600|CIDRb|1|1389|1644	QE0429-C.g677	26.203	187	126	4	76	256	546	726	2.39e-08	57.0
PfCD01_070015600|ATS|1|1770|2249	PFKE09.g410	96.050	481	18	1	1	480	1751	2231	0.0	944
PfCD01_070015600|ATS|1|1770|2249	PV0128-C.g36	89.979	469	43	4	1	468	1848	2313	0.0	803
PfCD01_070015600|ATS|1|1770|2249	PF0638-C.g8678	82.892	491	68	6	1	480	1747	2232	0.0	769
PfCD01_070015600|ATS|1|1770|2249	PD0472-C.g722	83.640	489	56	4	1	480	1681	2154	0.0	768
PfCD01_070015600|ATS|1|1770|2249	PC0107-C.g222	80.786	458	75	5	1	455	1797	2244	0.0	730
PfCD01_070015700|NTS|1|1|63	PM0054-C.g1386	87.302	63	8	0	1	63	1	63	2.10e-33	121
PfCD01_070015700|NTS|1|1|63	PA0229-C.g663	87.302	63	8	0	1	63	1	63	2.34e-33	121
PfCD01_070015700|NTS|1|1|63	PT0039-C.g259	87.302	63	8	0	1	63	1	63	2.34e-33	121
PfCD01_070015700|NTS|1|1|63	PM0160-C.g1077	87.302	63	8	0	1	63	1	63	6.88e-33	120
PfCD01_070015700|NTS|1|1|63	SenT097.09.g357	87.302	63	8	0	1	63	1	63	1.10e-32	119
PfCD01_070015700|DBLa|1|64|485	SenT190.09.g441	76.322	435	88	4	1	422	63	495	0.0	668
PfCD01_070015700|DBLa|1|64|485	SenT190.09.g441	27.820	266	138	9	109	347	1052	1290	6.10e-15	79.7
PfCD01_070015700|DBLa|1|64|485	PF0092-C.g732	77.283	427	89	6	1	422	64	487	0.0	652
PfCD01_070015700|DBLa|1|64|485	PF0092-C.g732	30.172	232	139	8	99	318	1024	1244	9.88e-20	94.4
PfCD01_070015700|DBLa|1|64|485	PA0049-C.g404	74.091	440	96	6	1	422	65	504	0.0	652
PfCD01_070015700|DBLa|1|64|485	PA0049-C.g404	21.900	379	214	13	94	422	1090	1436	1.92e-11	68.6
PfCD01_070015700|DBLa|1|64|485	PA0079-C.g295	74.091	440	96	6	1	422	65	504	0.0	652
PfCD01_070015700|DBLa|1|64|485	PA0079-C.g295	21.900	379	214	13	94	422	1090	1436	1.91e-11	68.9
PfCD01_070015700|DBLa|1|64|485	PT0117-C.g1256	68.203	434	124	6	1	422	63	494	0.0	596
PfCD01_070015700|CIDRa|1|486|770	PH0604-C.g736	91.034	290	17	3	1	285	490	775	8.54e-159	484
PfCD01_070015700|CIDRa|1|486|770	PH0585-C.g700	91.034	290	17	3	1	285	490	775	8.54e-159	484
PfCD01_070015700|CIDRa|1|486|770	QG0243-C.g2868	73.379	293	70	5	1	285	503	795	3.53e-131	410
PfCD01_070015700|CIDRa|1|486|770	QG0225-C.g3095	71.906	299	70	6	1	285	504	802	4.13e-131	410
PfCD01_070015700|CIDRa|1|486|770	PA0008-C.g53	75.593	295	58	4	1	285	478	768	2.76e-128	402
PfCD01_070015700|CIDRa|1|486|770	PA0008-C.g53	33.600	125	70	5	109	222	1450	1572	2.04e-09	60.5
PfCD01_070015700|DBLd|1|856|1411	QG0237-C.g2621	57.968	571	137	14	1	556	1346	1828	0.0	582
PfCD01_070015700|DBLd|1|856|1411	QG0237-C.g2621	27.500	160	110	3	382	541	308	461	8.30e-08	58.2
PfCD01_070015700|DBLd|1|856|1411	QE0474-C.g498	52.660	564	184	16	1	556	922	1410	3.64e-153	483
PfCD01_070015700|DBLd|1|856|1411	QE0474-C.g498	24.895	237	127	8	266	492	210	405	9.54e-10	64.3
PfCD01_070015700|DBLd|1|856|1411	QE0466-C.g737	52.660	564	184	16	1	556	922	1410	3.64e-153	483
PfCD01_070015700|DBLd|1|856|1411	QE0466-C.g737	24.895	237	127	8	266	492	210	405	9.54e-10	64.3
PfCD01_070015700|DBLd|1|856|1411	PA0201-C.g530	52.768	578	174	22	1	556	829	1329	9.50e-152	477
PfCD01_070015700|DBLd|1|856|1411	PA0201-C.g530	32.323	99	62	3	382	478	300	395	5.01e-07	55.5
PfCD01_070015700|DBLd|1|856|1411	PM0018-C.g567	49.738	573	209	18	1	556	818	1328	1.77e-151	476
PfCD01_070015700|DBLd|1|856|1411	PM0018-C.g567	24.465	327	175	10	262	556	212	498	1.81e-15	82.4
PfCD01_070015700|CIDRb|1|1412|1663	QG0237-C.g2621	100.000	252	0	0	1	252	1829	2080	3.43e-170	520
PfCD01_070015700|CIDRb|1|1412|1663	PF0754-C.g646	83.133	249	38	1	1	245	1430	1678	3.06e-134	417
PfCD01_070015700|CIDRb|1|1412|1663	QG0216-C.g979	73.518	253	64	2	1	251	1337	1588	6.33e-119	374
PfCD01_070015700|CIDRb|1|1412|1663	QG0216-C.g979	38.462	65	40	0	106	170	600	664	8.91e-09	58.2
PfCD01_070015700|CIDRb|1|1412|1663	QG0204-C.g1043	72.764	246	59	3	1	242	684	925	1.12e-110	344
PfCD01_070015700|CIDRb|1|1412|1663	PF0158-C.g569	72.177	248	62	3	1	245	1436	1679	2.29e-110	350
PfCD01_070015700|ATS|1|1765|2216	PV0028-C.g43	80.921	456	64	7	1	452	1843	2279	0.0	728
PfCD01_070015700|ATS|1|1765|2216	PFKE09.g563	81.602	462	55	7	1	452	775	1216	0.0	717
PfCD01_070015700|ATS|1|1765|2216	PFKE07.g667	77.440	461	82	6	2	452	2366	2814	0.0	711
PfCD01_070015700|ATS|1|1765|2216	PV0239-C.g10	72.584	507	75	7	1	452	3361	3858	0.0	697
PfCD01_070015700|ATS|1|1765|2216	PC0113-C.g949	81.360	456	68	7	1	452	1702	2144	0.0	697
PfCD01_070016000|NTS|1|1|77	PT0041-C.g374	84.416	77	7	1	1	77	1	72	3.35e-36	130
PfCD01_070016000|NTS|1|1|77	PM0060-C.g598	83.562	73	12	0	5	77	4	76	4.15e-34	124
PfCD01_070016000|NTS|1|1|77	PT0059-C.g770	76.623	77	17	1	1	77	1	76	4.40e-33	121
PfCD01_070016000|NTS|1|1|77	QG0260-C.g1162	77.922	77	15	1	1	77	1	75	1.22e-32	120
PfCD01_070016000|NTS|1|1|77	QE0464-C.g797	77.922	77	15	1	1	77	1	75	1.22e-32	120
PfCD01_070016000|DBLa|1|78|493	PA0074-C.g552	86.150	426	49	2	1	416	71	496	0.0	729
PfCD01_070016000|DBLa|1|78|493	PA0074-C.g552	31.868	182	111	6	235	416	1131	1299	4.99e-10	64.3
PfCD01_070016000|DBLa|1|78|493	PA0061-C.g707	86.150	426	49	2	1	416	71	496	0.0	729
PfCD01_070016000|DBLa|1|78|493	PA0061-C.g707	31.868	182	111	6	235	416	1131	1299	4.99e-10	64.3
PfCD01_070016000|DBLa|1|78|493	PA0100-C.g535	86.150	426	49	2	1	416	71	496	0.0	728
PfCD01_070016000|DBLa|1|78|493	PA0100-C.g535	31.868	182	111	6	235	416	1106	1274	6.20e-10	63.9
PfCD01_070016000|DBLa|1|78|493	PA0015-C.g477	86.150	426	49	2	1	416	71	496	0.0	728
PfCD01_070016000|DBLa|1|78|493	PA0015-C.g477	32.275	189	105	8	231	416	1148	1316	2.70e-14	77.4
PfCD01_070016000|DBLa|1|78|493	QE0393-Cx.g542	80.742	431	66	4	1	416	68	496	0.0	680
PfCD01_070016000|DBLa|1|78|493	QE0393-Cx.g542	32.086	187	109	6	235	416	1180	1353	8.79e-18	88.2
PfCD01_070016000|CIDRa|1|494|754	QE0393-Cx.g542	91.120	259	23	0	1	259	497	755	1.04e-161	485
PfCD01_070016000|CIDRa|1|494|754	PD0523-C.g656	91.120	259	23	0	1	259	497	755	2.21e-159	485
PfCD01_070016000|CIDRa|1|494|754	PA0015-C.g477	73.864	264	64	3	1	261	497	758	3.16e-126	394
PfCD01_070016000|CIDRa|1|494|754	PA0074-C.g552	73.864	264	64	3	1	261	497	758	7.32e-126	394
PfCD01_070016000|CIDRa|1|494|754	PA0061-C.g707	73.864	264	64	3	1	261	497	758	7.32e-126	394
PfCD01_070016000|DBLd|1|832|1311	PF0368-C.g456	54.766	535	171	14	1	480	873	1391	3.10e-162	504
PfCD01_070016000|DBLd|1|832|1311	PF0368-C.g456	26.404	178	100	3	228	405	242	388	1.05e-12	73.2
PfCD01_070016000|DBLd|1|832|1311	PM0097-C.g20	51.434	523	199	17	1	480	125	635	2.80e-145	443
PfCD01_070016000|DBLd|1|832|1311	PT0149-C.g542	47.826	552	197	15	1	480	904	1436	1.19e-144	456
PfCD01_070016000|DBLd|1|832|1311	PT0149-C.g542	25.210	357	185	14	166	480	180	496	1.98e-20	97.4
PfCD01_070016000|DBLd|1|832|1311	SenT185.10.g1954	48.995	547	194	14	4	480	501	1032	1.70e-144	446
PfCD01_070016000|DBLd|1|832|1311	QG0256-C.g13	52.277	505	196	14	1	480	847	1331	1.79e-144	454
PfCD01_070016000|DBLd|1|832|1311	QG0256-C.g13	22.941	340	196	9	170	480	187	489	4.36e-16	84.0
PfCD01_070016000|CIDRb|1|1312|1575	SenT136.09.g324	84.701	268	34	5	1	264	1895	2159	3.27e-141	439
PfCD01_070016000|CIDRb|1|1312|1575	QE0471-C.g800	62.879	264	88	5	2	262	1444	1700	3.51e-97	313
PfCD01_070016000|CIDRb|1|1312|1575	SenT110.09.g267	62.921	267	93	5	2	263	1430	1695	5.33e-97	313
PfCD01_070016000|CIDRb|1|1312|1575	PV0160-C.g21	62.738	263	90	5	2	260	1369	1627	2.05e-96	311
PfCD01_070016000|CIDRb|1|1312|1575	PA0201-C.g741	60.153	261	101	1	2	262	1392	1649	7.49e-94	304
PfCD01_070016000|ATS|1|1687|2162	PF0092-C.g708	88.958	480	40	3	1	474	1720	2192	0.0	839
PfCD01_070016000|ATS|1|1687|2162	QE0454-C.g647	88.750	480	41	3	1	474	1716	2188	0.0	837
PfCD01_070016000|ATS|1|1687|2162	PC0113-C.g606	84.375	480	61	4	1	474	1758	2229	0.0	790
PfCD01_070016000|ATS|1|1687|2162	PF0489-C.g723	84.025	482	47	7	1	476	1717	2174	0.0	788
PfCD01_070016000|ATS|1|1687|2162	PD0497-C.g400	77.521	476	81	7	2	474	2488	2940	0.0	731
PfCD01_070016300|NTS|1|1|67	PT0303-Cx.g73	76.786	56	13	0	12	67	4	59	1.52e-20	85.1
PfCD01_070016300|NTS|1|1|67	QE0469-C.g1071	78.000	50	11	0	18	67	12	61	5.29e-20	83.6
PfCD01_070016300|NTS|1|1|67	PF0288-C.g373	76.471	51	12	0	17	67	12	62	9.22e-20	82.8
PfCD01_070016300|NTS|1|1|67	PH0643-C.g875	64.179	67	21	2	1	67	1	64	6.86e-19	80.5
PfCD01_070016300|NTS|1|1|67	QG0281-C.g705	63.636	66	19	2	5	67	1	64	7.49e-19	80.5
PfCD01_070016300|DBLa|1|68|486	PT0240-C.g711	73.872	421	98	4	1	419	58	468	0.0	637
PfCD01_070016300|DBLa|1|68|486	PT0240-C.g711	23.476	328	225	9	106	419	1001	1316	2.99e-15	80.5
PfCD01_070016300|DBLa|1|68|486	PA0041-C.g597	70.115	435	108	8	1	419	60	488	0.0	595
PfCD01_070016300|DBLa|1|68|486	PA0041-C.g597	24.803	254	149	9	146	368	1062	1304	6.06e-08	57.8
PfCD01_070016300|DBLa|1|68|486	PV0115-C.g108	72.381	420	99	5	14	419	77	493	0.0	584
PfCD01_070016300|DBLa|1|68|486	QE0434-C.g644	72.381	420	99	5	14	419	77	493	0.0	583
PfCD01_070016300|DBLa|1|68|486	QE0434-C.g644	28.283	198	115	7	231	419	1164	1343	6.89e-12	70.1
PfCD01_070016300|DBLa|1|68|486	PF0157-C.g605	69.585	434	99	9	9	419	77	500	0.0	583
PfCD01_070016300|DBLa|1|68|486	PF0157-C.g605	31.959	194	106	5	234	419	1185	1360	1.09e-17	88.2
PfCD01_070016300|CIDRa|1|487|744	QG0208-C.g287	92.636	258	18	1	1	258	492	748	6.41e-155	479
PfCD01_070016300|CIDRa|1|487|744	QG0208-C.g287	29.310	116	73	3	63	170	1384	1498	9.70e-07	52.0
PfCD01_070016300|CIDRa|1|487|744	SenT015.11.g339	86.179	246	30	2	1	246	496	737	2.21e-140	421
PfCD01_070016300|CIDRa|1|487|744	SenT129.11.g694	86.179	246	30	2	1	246	497	738	1.24e-139	421
PfCD01_070016300|CIDRa|1|487|744	PM0124-C.g636	86.179	246	30	2	1	246	497	738	1.57e-135	421
PfCD01_070016300|CIDRa|1|487|744	SenT133.11.g326	86.179	246	30	2	1	246	479	720	4.23e-135	419
PfCD01_070016300|DBLd|1|815|1345	PFKE01.g15	54.182	550	192	15	1	531	849	1357	5.60e-163	507
PfCD01_070016300|DBLd|1|815|1345	PFKE01.g15	25.691	362	184	14	215	531	184	505	4.95e-14	77.8
PfCD01_070016300|DBLd|1|815|1345	PH0329-C.g272	49.740	577	220	14	1	531	1693	2245	2.98e-154	490
PfCD01_070016300|DBLd|1|815|1345	PH0329-C.g272	27.835	388	135	13	69	455	1296	1539	8.66e-31	130
PfCD01_070016300|DBLd|1|815|1345	PH0329-C.g272	27.861	201	129	6	340	531	314	507	4.97e-09	62.0
PfCD01_070016300|DBLd|1|815|1345	PA0092-C.g1046	51.449	552	216	21	1	531	227	747	2.61e-152	466
PfCD01_070016300|DBLd|1|815|1345	SenT067.11.g563	51.449	552	216	21	1	531	323	843	1.66e-151	466
PfCD01_070016300|DBLd|1|815|1345	SenT001.11.g980	51.449	552	216	21	1	531	872	1392	3.16e-150	468
PfCD01_070016300|DBLd|1|815|1345	SenT001.11.g980	26.515	264	140	7	215	461	183	409	2.98e-10	65.5
PfCD01_070016300|CIDRb|1|1346|1607	PFKE01.g15	89.879	247	22	2	1	245	1358	1603	4.16e-145	447
PfCD01_070016300|CIDRb|1|1346|1607	SenT233.08.g1030	80.377	265	47	5	1	262	1379	1641	1.07e-134	419
PfCD01_070016300|CIDRb|1|1346|1607	PA0040-C.g546	77.273	264	52	3	1	261	652	910	4.75e-132	400
PfCD01_070016300|CIDRb|1|1346|1607	PA0039-C.g659	77.273	264	52	3	1	261	1343	1601	8.99e-127	396
PfCD01_070016300|CIDRb|1|1346|1607	PA0185-C.g853	77.273	264	52	3	1	261	1359	1617	1.12e-126	396
PfCD01_070016300|ATS|1|1713|2214	PV0117-C.g64	75.849	530	77	9	1	502	1194	1700	0.0	728
PfCD01_070016300|ATS|1|1713|2214	PV0211-C.g126	71.963	535	87	10	1	502	841	1345	0.0	683
PfCD01_070016300|ATS|1|1713|2214	PFKE12.g465	67.362	527	110	10	1	502	1773	2262	0.0	655
PfCD01_070016300|ATS|1|1713|2214	PV0116-C.g28	68.605	516	119	11	1	502	1887	2373	0.0	651
PfCD01_070016300|ATS|1|1713|2214	QE0434-C.g52	72.233	515	100	11	2	498	2811	3300	0.0	650
PfCD01_070016800|NTS|1|1|61	PD0640-C.g225	100.000	61	0	0	1	61	1	61	1.07e-35	127
PfCD01_070016800|NTS|1|1|61	QG0194-C.g1355	100.000	61	0	0	1	61	1	61	1.37e-35	127
PfCD01_070016800|NTS|1|1|61	SenT110.09.g182	100.000	61	0	0	1	61	1	61	8.27e-34	122
PfCD01_070016800|NTS|1|1|61	QE0454-C.g644	100.000	61	0	0	1	61	1	61	8.77e-34	122
PfCD01_070016800|NTS|1|1|61	PT0222-C.g642	100.000	61	0	0	1	61	1	61	1.27e-33	122
PfCD01_070016800|DBLa|1|62|500	PA0027-C.g740	100.000	439	0	0	1	439	62	500	0.0	915
PfCD01_070016800|DBLa|1|62|500	PA0027-C.g740	29.798	198	111	6	243	439	1222	1392	6.38e-15	79.7
PfCD01_070016800|DBLa|1|62|500	QG0184-C.g406	100.000	439	0	0	1	439	62	500	0.0	915
PfCD01_070016800|DBLa|1|62|500	QG0184-C.g406	29.798	198	111	6	243	439	1206	1376	7.13e-15	79.7
PfCD01_070016800|DBLa|1|62|500	PF0282-C.g431	100.000	439	0	0	1	439	62	500	0.0	915
PfCD01_070016800|DBLa|1|62|500	PF0282-C.g431	22.478	347	182	13	125	439	1058	1349	1.51e-08	59.7
PfCD01_070016800|DBLa|1|62|500	SenT036.10.g1127	100.000	439	0	0	1	439	62	500	0.0	914
PfCD01_070016800|DBLa|1|62|500	SenT036.10.g1127	30.049	203	112	7	240	439	1201	1376	6.72e-15	79.7
PfCD01_070016800|DBLa|1|62|500	QG0209-C.g628	99.772	439	1	0	1	439	62	500	0.0	914
PfCD01_070016800|DBLa|1|62|500	QG0209-C.g628	24.476	286	150	10	189	439	1119	1373	4.24e-10	64.7
PfCD01_070016800|CIDRa|1|501|814	PF0282-C.g431	100.000	314	0	0	1	314	501	814	0.0	643
PfCD01_070016800|CIDRa|1|501|814	QG0209-C.g628	100.000	314	0	0	1	314	501	814	0.0	643
PfCD01_070016800|CIDRa|1|501|814	QG0184-C.g406	100.000	314	0	0	1	314	501	814	0.0	642
PfCD01_070016800|CIDRa|1|501|814	PA0208-C.g391	100.000	314	0	0	1	314	501	814	0.0	642
PfCD01_070016800|CIDRa|1|501|814	PC0079-C.g236	100.000	314	0	0	1	314	445	758	0.0	642
PfCD01_070016800|DBLd|1|895|1354	QG0290-C.g521	58.645	561	130	10	1	460	1319	1878	0.0	604
PfCD01_070016800|DBLd|1|895|1354	QG0290-C.g521	29.310	406	194	14	1	403	817	1132	3.60e-33	135
PfCD01_070016800|DBLd|1|895|1354	QG0290-C.g521	34.225	187	95	8	301	460	305	490	9.36e-17	85.9
PfCD01_070016800|DBLd|1|895|1354	PD0519-C.g792	52.055	511	191	14	1	460	356	863	1.01e-156	471
PfCD01_070016800|DBLd|1|895|1354	PD0507-C.g759	52.964	506	185	13	1	460	818	1316	2.20e-153	478
PfCD01_070016800|DBLd|1|895|1354	PD0507-C.g759	32.386	176	103	6	301	460	303	478	2.67e-14	78.2
PfCD01_070016800|DBLd|1|895|1354	PF0207-C.g472	53.252	492	193	8	1	460	938	1424	2.54e-153	479
PfCD01_070016800|DBLd|1|895|1354	PF0207-C.g472	33.158	190	89	7	301	460	320	501	9.57e-15	79.3
PfCD01_070016800|DBLd|1|895|1354	PD0496-C.g62	53.862	492	182	15	1	460	17	495	1.30e-152	467
PfCD01_070016800|CIDRg|1|1355|1621	QG0290-C.g521	100.000	267	0	0	1	267	1879	2145	2.15e-177	541
PfCD01_070016800|CIDRg|1|1355|1621	QG0246-C.g3417	78.102	274	49	3	1	267	1398	1667	3.70e-127	398
PfCD01_070016800|CIDRg|1|1355|1621	QG0247-C.g3139	78.102	274	49	3	1	267	1411	1680	3.71e-127	398
PfCD01_070016800|CIDRg|1|1355|1621	PF0119-C.g645	78.102	274	49	3	1	267	1409	1678	4.26e-127	398
PfCD01_070016800|CIDRg|1|1355|1621	QE0470-C.g170	73.438	256	64	3	1	253	1345	1599	8.64e-108	344
PfCD01_070016800|ATS|1|1703|2158	PD0582-C.g452	98.904	456	5	0	1	456	2584	3039	0.0	925
PfCD01_070016800|ATS|1|1703|2158	PfKE03.g67	98.904	456	5	0	1	456	1305	1760	0.0	917
PfCD01_070016800|ATS|1|1703|2158	PV0211-C.g63	96.154	468	6	1	1	456	1628	2095	0.0	910
PfCD01_070016800|ATS|1|1703|2158	QE0461-C.g639	94.092	457	20	2	1	456	1718	2168	0.0	863
PfCD01_070016800|ATS|1|1703|2158	PFKE11.g698	95.175	456	22	0	1	456	2120	2575	0.0	854
PfCD01_070035800|NTS|1|1|69	PC0063-C.g7785	65.217	69	23	1	1	69	1	68	2.73e-21	87.4
PfCD01_070035800|NTS|1|1|69	PM0077-C.g4020	65.217	69	23	1	1	69	1	68	2.87e-21	87.4
PfCD01_070035800|NTS|1|1|69	PM0020-C.g1428	65.217	69	23	1	1	69	1	68	2.87e-21	87.4
PfCD01_070035800|NTS|1|1|69	QG0187-C.g169	65.217	69	23	1	1	69	1	68	3.15e-21	87.0
PfCD01_070035800|NTS|1|1|69	PA0038-C.g465	59.420	69	28	0	1	69	7	75	1.49e-20	85.1
PfCD01_070035800|DBLa|1|70|492	PV0080-C.g53	83.841	427	65	3	1	423	67	493	0.0	729
PfCD01_070035800|DBLa|1|70|492	PV0080-C.g53	32.609	230	106	11	41	257	850	1043	7.25e-21	97.8
PfCD01_070035800|DBLa|1|70|492	PF0207-C.g85	82.629	426	65	5	1	423	68	487	0.0	717
PfCD01_070035800|DBLa|1|70|492	PF0207-C.g85	28.180	401	235	13	21	418	2392	2742	2.99e-35	141
PfCD01_070035800|DBLa|1|70|492	PF0207-C.g85	31.045	335	152	16	55	369	863	1138	8.54e-27	115
PfCD01_070035800|DBLa|1|70|492	PF0207-C.g85	26.331	338	178	10	109	423	1716	2005	2.02e-20	96.7
PfCD01_070035800|DBLa|1|70|492	PF0207-C.g85	27.404	208	101	8	51	257	2807	2965	3.41e-11	68.2
PfCD01_070035800|DBLa|1|70|492	PF0207-C.g85	21.802	344	196	10	15	341	1229	1516	1.46e-09	62.8
PfCD01_070035800|DBLa|1|70|492	QE0470-C.g713	83.411	428	64	5	1	423	67	492	0.0	708
PfCD01_070035800|DBLa|1|70|492	QE0470-C.g713	29.573	328	178	13	55	369	875	1162	2.04e-28	120
PfCD01_070035800|DBLa|1|70|492	QE0470-C.g713	25.685	292	156	8	109	383	1741	1988	8.95e-22	100
PfCD01_070035800|DBLa|1|70|492	QE0470-C.g713	22.408	299	161	7	42	340	3028	3255	3.34e-12	71.2
PfCD01_070035800|DBLa|1|70|492	QE0470-C.g713	24.242	297	170	10	52	341	1287	1535	4.76e-10	64.3
PfCD01_070035800|DBLa|1|70|492	QE0470-C.g713	27.586	174	87	6	113	278	2432	2574	5.75e-08	57.8
PfCD01_070035800|DBLa|1|70|492	QE0470-C.g713	22.222	333	173	10	55	382	2711	2962	8.27e-08	57.4
PfCD01_070035800|DBLa|1|70|492	PF0609-C.g5552	83.411	428	64	5	1	423	104	529	0.0	707
PfCD01_070035800|DBLa|1|70|492	PF0609-C.g5552	29.570	372	194	14	17	376	871	1186	1.93e-27	117
PfCD01_070035800|DBLa|1|70|492	PF0609-C.g5552	24.324	296	173	8	124	383	1841	2121	1.25e-15	82.0
PfCD01_070035800|DBLa|1|70|492	PF0609-C.g5552	25.379	264	162	10	1	256	1260	1496	1.33e-08	59.7
PfCD01_070035800|DBLa|1|70|492	PF0263-C.g146	82.558	430	66	5	1	423	101	528	0.0	702
PfCD01_070035800|DBLa|1|70|492	PF0263-C.g146	28.418	373	201	14	17	380	859	1174	4.66e-24	107
PfCD01_070035800|DBLa|1|70|492	PF0263-C.g146	29.297	256	149	8	21	269	2428	2658	2.38e-20	96.7
PfCD01_070035800|DBLa|1|70|492	PF0263-C.g146	23.662	355	184	11	111	423	1403	1712	2.36e-13	74.7
PfCD01_070035800|DBLa|1|70|492	PF0263-C.g146	22.756	312	176	11	34	341	2043	2293	1.04e-09	63.2
PfCD01_070035800|CIDRa|1|493|753	PF0609-C.g5552	91.954	261	21	0	1	261	530	790	4.01e-162	499
PfCD01_070035800|CIDRa|1|493|753	PA0140-C.g316	87.739	261	32	0	1	261	489	749	9.26e-160	473
PfCD01_070035800|CIDRa|1|493|753	PA0195-C.g299	89.615	260	27	0	2	261	485	744	9.05e-158	485
PfCD01_070035800|CIDRa|1|493|753	QE0470-C.g713	88.123	261	31	0	1	261	493	753	1.05e-153	476
PfCD01_070035800|CIDRa|1|493|753	QE0470-C.g713	24.419	172	125	3	90	260	2102	2269	1.70e-10	63.5
PfCD01_070035800|CIDRa|1|493|753	PA0211-C.g40	87.739	261	32	0	1	261	489	749	2.18e-153	475
PfCD01_070035800|DBLb|1|762|1221	SenP051.02.g407	67.516	471	137	8	1	460	758	1223	0.0	629
PfCD01_070035800|DBLb|1|762|1221	SenP051.02.g407	31.127	408	203	15	84	460	2408	2768	4.58e-39	153
PfCD01_070035800|DBLb|1|762|1221	SenP051.02.g407	28.434	415	200	18	9	347	18	411	4.10e-27	117
PfCD01_070035800|DBLb|1|762|1221	SenP051.02.g407	25.926	297	181	13	60	347	2767	3033	1.38e-18	91.7
PfCD01_070035800|DBLb|1|762|1221	SenP051.02.g407	22.300	287	164	10	96	347	1980	2242	5.73e-09	61.2
PfCD01_070035800|DBLb|1|762|1221	SenT130.09.g371	67.516	471	137	8	1	460	758	1223	0.0	628
PfCD01_070035800|DBLb|1|762|1221	SenT130.09.g371	31.127	408	203	15	84	460	2408	2768	4.42e-39	153
PfCD01_070035800|DBLb|1|762|1221	SenT130.09.g371	28.434	415	200	18	9	347	18	411	3.99e-27	117
PfCD01_070035800|DBLb|1|762|1221	SenT130.09.g371	25.926	297	181	13	60	347	2767	3033	1.38e-18	91.7
PfCD01_070035800|DBLb|1|762|1221	SenT130.09.g371	22.300	287	164	10	96	347	1980	2242	5.69e-09	61.2
PfCD01_070035800|DBLb|1|762|1221	PH0500-CW.g219	66.385	473	141	9	1	460	746	1213	0.0	616
PfCD01_070035800|DBLb|1|762|1221	PH0500-CW.g219	30.769	286	134	10	112	347	128	399	1.03e-28	122
PfCD01_070035800|DBLb|1|762|1221	PH0500-CW.g219	20.532	263	166	8	111	348	1274	1518	3.19e-08	58.9
PfCD01_070035800|DBLb|1|762|1221	PD0553-C.g168	65.895	475	142	9	1	460	745	1214	0.0	614
PfCD01_070035800|DBLb|1|762|1221	PD0553-C.g168	28.513	491	252	22	9	460	2352	2782	9.00e-35	140
PfCD01_070035800|DBLb|1|762|1221	PD0553-C.g168	29.032	403	201	18	9	347	17	398	1.94e-28	121
PfCD01_070035800|DBLb|1|762|1221	PD0553-C.g168	26.241	282	155	9	96	347	2010	2268	1.81e-17	88.2
PfCD01_070035800|DBLb|1|762|1221	PV0211-C.g47	65.895	475	142	9	1	460	746	1215	0.0	612
PfCD01_070035800|DBLb|1|762|1221	PV0211-C.g47	31.105	389	195	12	108	460	2459	2810	4.69e-41	159
PfCD01_070035800|DBLb|1|762|1221	PV0211-C.g47	30.769	286	134	10	112	347	128	399	2.65e-28	121
PfCD01_070035800|DBLb|1|762|1221	PV0211-C.g47	28.185	259	141	9	109	361	2865	3084	2.39e-18	90.9
PfCD01_070035800|DBLb|1|762|1221	PV0211-C.g47	23.214	280	164	7	96	347	2011	2267	1.41e-13	75.9
PfCD01_070035800|DBLg|1|1241|1615	PF0816-C.g910	65.707	382	124	5	1	375	2275	2656	1.09e-155	487
PfCD01_070035800|DBLg|1|1241|1615	PF0816-C.g910	45.161	279	133	9	19	286	771	1040	8.72e-60	211
PfCD01_070035800|DBLg|1|1241|1615	PF0816-C.g910	33.602	372	179	15	1	312	1108	1471	7.20e-42	159
PfCD01_070035800|DBLg|1|1241|1615	PF0816-C.g910	26.648	364	207	11	43	375	1927	2261	1.96e-24	107
PfCD01_070035800|DBLg|1|1241|1615	PT0222-C.g700	65.707	382	124	5	1	375	2752	3133	1.29e-155	487
PfCD01_070035800|DBLg|1|1241|1615	PT0222-C.g700	42.140	299	145	7	1	287	1229	1511	2.02e-61	216
PfCD01_070035800|DBLg|1|1241|1615	PT0222-C.g700	33.333	411	198	14	1	351	1578	1972	1.16e-46	173
PfCD01_070035800|DBLg|1|1241|1615	PT0222-C.g700	29.235	366	197	14	43	375	2402	2738	1.73e-29	122
PfCD01_070035800|DBLg|1|1241|1615	PT0222-C.g700	30.400	375	192	16	43	375	864	1211	1.13e-26	114
PfCD01_070035800|DBLg|1|1241|1615	PT0222-C.g700	25.000	268	151	9	41	272	122	375	1.49e-07	56.2
PfCD01_070035800|DBLg|1|1241|1615	PA0193-C.g344	67.979	381	98	7	1	375	1231	1593	2.34e-154	483
PfCD01_070035800|DBLg|1|1241|1615	PA0193-C.g344	26.753	385	208	14	43	375	849	1211	3.36e-25	110
PfCD01_070035800|DBLg|1|1241|1615	PA0193-C.g344	25.065	383	228	12	22	375	1709	2061	2.20e-24	107
PfCD01_070035800|DBLg|1|1241|1615	PA0193-C.g344	24.679	312	189	8	37	343	2112	2382	6.97e-18	88.2
PfCD01_070035800|DBLg|1|1241|1615	PA0193-C.g344	23.377	308	178	11	40	305	111	402	9.08e-08	56.6
PfCD01_070035800|DBLg|1|1241|1615	SenT114.09.g1616	61.832	393	116	9	1	375	773	1149	6.52e-148	452
PfCD01_070035800|DBLg|1|1241|1615	SenT114.09.g1616	28.926	363	202	11	43	375	423	759	5.39e-34	135
PfCD01_070035800|DBLg|1|1241|1615	PM0100-C.g430	62.850	393	112	9	1	375	1953	2329	1.10e-147	463
PfCD01_070035800|DBLg|1|1241|1615	PM0100-C.g430	42.105	304	157	8	1	292	431	727	9.56e-60	211
PfCD01_070035800|DBLg|1|1241|1615	PM0100-C.g430	33.904	292	145	10	1	246	787	1076	7.70e-36	141
PfCD01_070035800|DBLg|1|1241|1615	PM0100-C.g430	29.948	384	216	13	17	375	1584	1939	1.82e-35	140
PfCD01_070035800|DBLd|1|1624|2048	PA0205-C.g908	86.111	432	50	4	1	425	156	584	0.0	682
PfCD01_070035800|DBLd|1|1624|2048	PA0205-C.g908	24.242	330	202	12	56	379	992	1279	7.03e-14	76.3
PfCD01_070035800|DBLd|1|1624|2048	PA0205-C.g908	23.506	251	119	7	44	291	1369	1549	1.38e-08	59.7
PfCD01_070035800|DBLd|1|1624|2048	PA0205-C.g908	33.333	99	46	2	254	352	5	83	4.33e-07	55.1
PfCD01_070035800|DBLd|1|1624|2048	PA0184-C.g88	80.134	448	66	5	1	425	1581	2028	0.0	651
PfCD01_070035800|DBLd|1|1624|2048	PA0184-C.g88	31.561	301	152	8	56	352	1243	1493	4.62e-38	149
PfCD01_070035800|DBLd|1|1624|2048	PA0184-C.g88	32.365	241	138	7	197	425	236	463	2.05e-21	99.8
PfCD01_070035800|DBLd|1|1624|2048	PA0184-C.g88	22.000	250	123	7	54	299	2794	2975	5.26e-09	61.2
PfCD01_070035800|DBLd|1|1624|2048	PA0184-C.g88	22.081	394	189	17	1	361	2352	2660	1.45e-07	56.6
PfCD01_070035800|DBLd|1|1624|2048	QE0471-C.g225	76.718	451	78	4	1	425	1564	2013	0.0	638
PfCD01_070035800|DBLd|1|1624|2048	QE0471-C.g225	36.170	329	158	8	56	378	1237	1519	5.27e-50	184
PfCD01_070035800|DBLd|1|1624|2048	QE0471-C.g225	29.338	317	192	9	128	425	165	468	5.49e-27	116
PfCD01_070035800|DBLd|1|1624|2048	QE0471-C.g225	23.497	366	197	16	59	403	851	1154	6.13e-09	60.8
PfCD01_070035800|DBLd|1|1624|2048	PA0040-C.g518	76.000	425	101	1	1	425	1719	2142	0.0	614
PfCD01_070035800|DBLd|1|1624|2048	PA0040-C.g518	28.255	361	192	10	1	352	1318	1620	6.68e-36	143
PfCD01_070035800|DBLd|1|1624|2048	PA0040-C.g518	27.016	248	139	6	177	399	220	450	3.28e-16	84.0
PfCD01_070035800|DBLd|1|1624|2048	PA0040-C.g518	23.962	313	168	11	59	352	928	1189	4.92e-10	64.3
PfCD01_070035800|DBLd|1|1624|2048	PA0040-C.g518	26.087	161	104	3	143	293	2887	3042	1.38e-09	63.2
PfCD01_070035800|DBLd|1|1624|2048	PA0040-C.g518	20.717	251	137	6	149	399	3255	3443	9.30e-08	57.0
PfCD01_070035800|DBLd|1|1624|2048	PA0040-C.g518	22.006	359	174	14	54	389	2480	2755	1.39e-07	56.6
PfCD01_070035800|DBLd|1|1624|2048	QE0419-C.g325	75.117	426	100	2	1	425	885	1305	0.0	609
PfCD01_070035800|DBLd|1|1624|2048	QE0419-C.g325	27.966	236	136	8	197	407	254	480	4.48e-17	86.3
PfCD01_070035800|DBLd|1|1624|2048	QE0419-C.g325	22.613	398	205	15	24	394	1650	1971	1.25e-12	72.4
PfCD01_070035800|DBLd|1|1624|2048	QE0419-C.g325	23.016	378	191	15	51	419	2050	2336	4.61e-11	67.8
PfCD01_070035800|CIDRg|1|2049|2296	PA0205-C.g908	96.774	248	7	1	1	248	585	831	3.98e-164	497
PfCD01_070035800|CIDRg|1|2049|2296	PM0113-C.g231	82.996	247	32	3	1	247	1423	1659	3.72e-132	413
PfCD01_070035800|CIDRg|1|2049|2296	QG0186-C.g341	82.470	251	31	3	1	248	1027	1267	7.46e-132	412
PfCD01_070035800|CIDRg|1|2049|2296	PC0097-C.g1396	72.332	253	52	4	1	237	560	810	4.81e-117	369
PfCD01_070035800|CIDRg|1|2049|2296	PD0519-C.g265	72.332	253	52	4	1	237	1710	1960	7.08e-117	369
PfCD01_070035800|DBLz|1|2361|2793	PM0157-C.g241	100.000	433	0	0	1	433	1668	2100	0.0	892
PfCD01_070035800|DBLz|1|2361|2793	PM0157-C.g241	30.239	377	218	13	68	404	74	445	8.12e-33	134
PfCD01_070035800|DBLz|1|2361|2793	PM0157-C.g241	25.430	291	167	9	97	385	2153	2395	3.99e-16	83.6
PfCD01_070035800|DBLz|1|2361|2793	PM0157-C.g241	28.112	249	123	11	146	353	1047	1280	5.63e-09	61.2
PfCD01_070035800|DBLz|1|2361|2793	PA0205-C.g908	100.000	433	0	0	1	433	896	1328	0.0	890
PfCD01_070035800|DBLz|1|2361|2793	PA0205-C.g908	25.517	290	166	9	98	385	1382	1623	2.26e-16	84.3
PfCD01_070035800|DBLz|1|2361|2793	PA0205-C.g908	25.000	248	142	9	160	384	312	538	1.62e-07	56.2
PfCD01_070035800|DBLz|1|2361|2793	PT0042-C.g57	100.000	433	0	0	1	433	2309	2741	0.0	890
PfCD01_070035800|DBLz|1|2361|2793	PT0042-C.g57	33.750	320	174	10	68	375	811	1104	5.02e-44	167
PfCD01_070035800|DBLz|1|2361|2793	PT0042-C.g57	31.058	293	171	9	69	334	80	368	1.95e-30	127
PfCD01_070035800|DBLz|1|2361|2793	PT0042-C.g57	25.346	434	219	18	71	431	1600	2001	9.03e-18	88.6
PfCD01_070035800|DBLz|1|2361|2793	PT0042-C.g57	25.430	291	167	9	97	385	2794	3036	3.64e-16	83.6
PfCD01_070035800|DBLz|1|2361|2793	PT0042-C.g57	25.240	313	173	14	70	352	1229	1510	8.45e-15	79.3
PfCD01_070035800|DBLz|1|2361|2793	PM0153-C.g533	100.000	433	0	0	1	433	2362	2794	0.0	890
PfCD01_070035800|DBLz|1|2361|2793	PM0153-C.g533	32.494	397	202	14	68	433	815	1176	1.02e-48	181
PfCD01_070035800|DBLz|1|2361|2793	PM0153-C.g533	33.667	300	165	10	69	338	91	386	3.85e-36	144
PfCD01_070035800|DBLz|1|2361|2793	PM0153-C.g533	24.242	396	239	14	70	433	1212	1578	3.09e-21	99.4
PfCD01_070035800|DBLz|1|2361|2793	PM0153-C.g533	25.430	291	167	9	97	385	2847	3089	4.10e-16	83.6
PfCD01_070035800|DBLz|1|2361|2793	PA0260-C.g218	100.000	433	0	0	1	433	2316	2748	0.0	889
PfCD01_070035800|DBLz|1|2361|2793	PA0260-C.g218	30.238	420	223	17	67	433	814	1216	1.45e-44	169
PfCD01_070035800|DBLz|1|2361|2793	PA0260-C.g218	29.972	357	222	8	70	403	91	442	1.62e-39	154
PfCD01_070035800|DBLz|1|2361|2793	PA0260-C.g218	25.159	314	176	9	86	352	1620	1921	2.92e-17	87.0
PfCD01_070035800|DBLz|1|2361|2793	PA0260-C.g218	28.095	210	109	7	97	305	2801	2969	5.74e-16	83.2
PfCD01_070035800|DBLz|1|2361|2793	PA0260-C.g218	22.781	338	180	13	46	355	1239	1523	9.48e-15	79.3
PfCD01_070035800|DBLe|1|2799|3111	PM0157-C.g241	100.000	313	0	0	1	313	2106	2418	0.0	647
PfCD01_070035800|DBLe|1|2799|3111	PM0157-C.g241	25.517	290	166	9	49	290	1765	2052	5.29e-17	84.0
PfCD01_070035800|DBLe|1|2799|3111	PM0157-C.g241	24.651	215	110	7	41	204	105	318	1.49e-10	64.7
PfCD01_070035800|DBLe|1|2799|3111	PD0524-C.g177	100.000	313	0	0	1	313	2850	3162	0.0	645
PfCD01_070035800|DBLe|1|2799|3111	PD0524-C.g177	31.727	249	117	10	49	253	915	1154	1.08e-20	95.1
PfCD01_070035800|DBLe|1|2799|3111	PD0524-C.g177	25.517	290	166	9	49	290	2509	2796	5.40e-17	84.0
PfCD01_070035800|DBLe|1|2799|3111	PD0524-C.g177	27.778	234	119	9	30	216	1294	1524	1.43e-14	77.0
PfCD01_070035800|DBLe|1|2799|3111	PD0524-C.g177	26.238	202	107	6	43	204	111	310	3.40e-11	66.6
PfCD01_070035800|DBLe|1|2799|3111	PA0205-C.g908	100.000	313	0	0	1	313	1334	1646	0.0	645
PfCD01_070035800|DBLe|1|2799|3111	PA0205-C.g908	25.517	290	166	9	49	290	993	1280	4.17e-17	84.3
PfCD01_070035800|DBLe|1|2799|3111	PT0042-C.g57	100.000	313	0	0	1	313	2747	3059	0.0	645
PfCD01_070035800|DBLe|1|2799|3111	PT0042-C.g57	32.432	185	93	5	49	206	846	1025	2.37e-19	91.3
PfCD01_070035800|DBLe|1|2799|3111	PT0042-C.g57	25.517	290	166	9	49	290	2406	2693	5.54e-17	84.0
PfCD01_070035800|DBLe|1|2799|3111	PT0042-C.g57	26.906	223	114	7	44	220	1254	1473	9.49e-15	77.4
PfCD01_070035800|DBLe|1|2799|3111	PT0042-C.g57	26.638	229	111	8	39	216	104	326	4.39e-13	72.4
PfCD01_070035800|DBLe|1|2799|3111	PM0153-C.g533	100.000	313	0	0	1	313	2800	3112	0.0	644
PfCD01_070035800|DBLe|1|2799|3111	PM0153-C.g533	35.135	185	82	7	49	203	846	1022	6.83e-21	95.9
PfCD01_070035800|DBLe|1|2799|3111	PM0153-C.g533	25.517	290	166	9	49	290	2459	2746	4.01e-17	84.3
PfCD01_070035800|DBLe|1|2799|3111	PM0153-C.g533	27.363	201	101	7	46	204	1233	1430	5.87e-16	80.9
PfCD01_070035800|DBLe|1|2799|3111	PM0153-C.g533	28.037	214	103	10	39	203	115	326	2.75e-10	63.9
PfCD01_070035800|ATS|1|3175|3620	PV0028-C.g43	80.889	450	69	8	1	446	1843	2279	0.0	713
PfCD01_070035800|ATS|1|3175|3620	PT0264-C.g599	77.533	454	77	12	1	446	3166	3602	0.0	681
PfCD01_070035800|ATS|1|3175|3620	PC0122-C.g587	76.162	495	55	9	1	446	3364	3844	0.0	675
PfCD01_070035800|ATS|1|3175|3620	PV0129-C.g36	76.496	468	71	12	1	446	1739	2189	0.0	669
PfCD01_070035800|ATS|1|3175|3620	PD0483-C.g348	78.511	470	65	9	1	446	2589	3046	0.0	667
PfCD01_080005300|NTS|1|1|72	SenT130.11.g277	90.278	72	7	0	1	72	1	72	3.27e-29	110
PfCD01_080005300|NTS|1|1|72	SenT124.10.g359	82.759	58	10	0	15	72	8	65	9.79e-26	100
PfCD01_080005300|NTS|1|1|72	PF0180-C.g408	83.051	59	10	0	14	72	6	64	1.15e-25	100
PfCD01_080005300|NTS|1|1|72	PA0260-C.g706	83.929	56	9	0	17	72	14	69	1.68e-24	96.7
PfCD01_080005300|NTS|1|1|72	SenT133.11.g232	69.863	73	15	2	1	72	1	67	2.53e-23	93.2
PfCD01_080005300|DBLa|1|73|507	PF0298-C.g532	65.310	467	124	9	1	435	66	526	0.0	575
PfCD01_080005300|DBLa|1|73|507	PF0298-C.g532	25.292	257	143	8	115	327	1109	1360	2.89e-12	71.6
PfCD01_080005300|DBLa|1|73|507	QG0295-C.g3009	68.481	441	117	7	1	435	64	488	0.0	573
PfCD01_080005300|DBLa|1|73|507	QG0295-C.g3009	28.324	173	98	8	205	368	1222	1377	1.00e-08	60.1
PfCD01_080005300|DBLa|1|73|507	PV0133-C.g76	64.653	447	133	7	4	435	72	508	0.0	558
PfCD01_080005300|DBLa|1|73|507	PV0133-C.g76	25.524	286	156	9	97	334	1074	1350	1.91e-17	87.8
PfCD01_080005300|DBLa|1|73|507	QE0466-C.g824	63.474	449	140	8	4	435	73	514	0.0	553
PfCD01_080005300|DBLa|1|73|507	QE0466-C.g824	22.340	376	196	10	103	435	1107	1429	8.59e-12	70.1
PfCD01_080005300|DBLa|1|73|507	PA0146-C.g1065	63.341	461	124	9	4	435	70	514	0.0	550
PfCD01_080005300|CIDRa|1|508|827	PA0232-C.g692	71.472	326	79	3	1	320	512	829	8.57e-130	409
PfCD01_080005300|CIDRa|1|508|827	PT0102-C.g909	68.421	323	92	5	1	316	508	827	9.86e-128	402
PfCD01_080005300|CIDRa|1|508|827	PA0185-C.g858	74.448	317	61	6	1	316	491	788	1.64e-125	396
PfCD01_080005300|CIDRa|1|508|827	PV0182-C.g80	64.329	328	93	6	1	316	38	353	1.57e-124	389
PfCD01_080005300|CIDRa|1|508|827	PA0209-C.g1101	66.258	326	95	7	1	320	537	853	5.60e-124	392
PfCD01_080005300|DBLd|1|923|1421	SenT224.08.g645	58.153	509	175	9	9	499	127	615	0.0	551
PfCD01_080005300|DBLd|1|923|1421	QG0250-C.g2975	51.107	542	197	14	1	499	841	1357	2.74e-155	485
PfCD01_080005300|DBLd|1|923|1421	QG0250-C.g2975	24.157	356	203	13	162	499	175	481	2.57e-12	72.0
PfCD01_080005300|DBLd|1|923|1421	QG0249-C.g966	51.107	542	197	14	1	499	841	1357	2.74e-155	485
PfCD01_080005300|DBLd|1|923|1421	QG0249-C.g966	24.157	356	203	13	162	499	175	481	2.57e-12	72.0
PfCD01_080005300|DBLd|1|923|1421	PF0180-C.g397	54.406	522	180	21	1	499	918	1404	4.27e-154	483
PfCD01_080005300|DBLd|1|923|1421	PF0180-C.g397	24.917	301	172	11	139	430	163	418	6.05e-12	70.9
PfCD01_080005300|DBLd|1|923|1421	PA0064-C.g319	52.256	532	207	16	1	499	816	1333	8.30e-154	481
PfCD01_080005300|DBLd|1|923|1421	PA0064-C.g319	24.860	358	195	16	162	499	186	489	3.86e-13	74.7
PfCD01_080005300|CIDRb|1|1422|1679	SenT224.08.g645	100.000	258	0	0	1	258	616	873	0.0	535
PfCD01_080005300|CIDRb|1|1422|1679	QG0250-C.g2975	81.783	258	45	1	1	258	1358	1613	8.51e-137	424
PfCD01_080005300|CIDRb|1|1422|1679	QG0249-C.g966	81.783	258	45	1	1	258	1358	1613	8.51e-137	424
PfCD01_080005300|CIDRb|1|1422|1679	PF0449-C.g268	78.295	258	54	1	1	258	1347	1602	2.21e-131	409
PfCD01_080005300|CIDRb|1|1422|1679	PF0180-C.g397	79.537	259	48	3	1	258	1405	1659	4.62e-129	403
PfCD01_080005300|ATS|1|1779|2237	PC0113-C.g949	84.314	459	56	3	1	459	1702	2144	0.0	721
PfCD01_080005300|ATS|1|1779|2237	PFKE09.g563	81.064	470	50	9	1	459	775	1216	0.0	716
PfCD01_080005300|ATS|1|1779|2237	PA0261-C.g233	85.870	460	47	4	1	459	2130	2572	0.0	711
PfCD01_080005300|ATS|1|1779|2237	PD0582-C.g778	82.241	473	56	6	1	459	1669	2127	0.0	701
PfCD01_080005300|ATS|1|1779|2237	PV0028-C.g50	79.318	469	70	11	4	459	2601	3055	0.0	691
PfCD01_080005400|NTS|1|1|70	PF0041-C.g344	100.000	70	0	0	1	70	1	70	7.41e-41	143
PfCD01_080005400|NTS|1|1|70	PH0343-C.g96	77.143	70	16	0	1	70	1	70	3.37e-27	104
PfCD01_080005400|NTS|1|1|70	PH0349-C.g59	77.143	70	16	0	1	70	1	70	3.89e-27	103
PfCD01_080005400|NTS|1|1|70	PA0158-C.g227	72.059	68	19	0	1	68	1	68	5.38e-26	100
PfCD01_080005400|NTS|1|1|70	PA0101-C.g476	74.286	70	18	0	1	70	1	70	8.59e-26	100
PfCD01_080005400|DBLa|1|75|459	PF0041-C.g344	99.740	385	1	0	1	385	75	459	0.0	806
PfCD01_080005400|DBLa|1|75|459	PF0041-C.g344	31.849	292	136	11	55	319	868	1123	6.18e-31	127
PfCD01_080005400|DBLa|1|75|459	PF0041-C.g344	26.990	289	153	10	51	313	1356	1612	3.19e-15	80.1
PfCD01_080005400|DBLa|1|75|459	PF0041-C.g344	24.444	315	183	12	52	349	1770	2046	3.14e-12	70.9
PfCD01_080005400|DBLa|1|75|459	PD0519-C.g961	78.351	388	81	2	1	385	69	456	0.0	603
PfCD01_080005400|DBLa|1|75|459	PD0519-C.g961	39.631	217	111	8	53	252	2406	2619	1.71e-39	152
PfCD01_080005400|DBLa|1|75|459	PD0519-C.g961	30.345	290	170	8	114	385	1744	2019	1.16e-30	126
PfCD01_080005400|DBLa|1|75|459	PD0519-C.g961	30.142	282	157	8	43	313	851	1103	5.96e-30	124
PfCD01_080005400|DBLa|1|75|459	PD0519-C.g961	24.658	292	159	8	51	312	1256	1516	4.01e-16	82.8
PfCD01_080005400|DBLa|1|75|459	PD0515-C.g296	78.351	388	81	2	1	385	69	456	0.0	603
PfCD01_080005400|DBLa|1|75|459	PD0515-C.g296	39.631	217	111	8	53	252	2410	2623	1.66e-39	152
PfCD01_080005400|DBLa|1|75|459	PD0515-C.g296	30.345	290	170	8	114	385	1744	2019	1.16e-30	126
PfCD01_080005400|DBLa|1|75|459	PD0515-C.g296	30.142	282	157	8	43	313	851	1103	5.96e-30	124
PfCD01_080005400|DBLa|1|75|459	PD0515-C.g296	24.658	292	159	8	51	312	1256	1516	3.94e-16	82.8
PfCD01_080005400|DBLa|1|75|459	PA0214-C.g185	73.350	394	96	4	1	385	76	469	0.0	580
PfCD01_080005400|DBLa|1|75|459	PA0214-C.g185	33.094	278	130	10	52	312	858	1096	4.89e-31	127
PfCD01_080005400|DBLa|1|75|459	PA0214-C.g185	28.627	255	141	11	162	385	2041	2285	4.11e-20	95.1
PfCD01_080005400|DBLa|1|75|459	PA0214-C.g185	24.625	333	203	10	1	313	1311	1615	1.03e-15	81.6
PfCD01_080005400|DBLa|1|75|459	QG0226-C.g2821	74.103	390	96	2	1	385	88	477	0.0	578
PfCD01_080005400|DBLa|1|75|459	QG0226-C.g2821	30.966	352	199	11	54	384	2389	2717	8.37e-42	159
PfCD01_080005400|DBLa|1|75|459	QG0226-C.g2821	31.471	340	172	12	1	323	816	1111	3.93e-35	139
PfCD01_080005400|DBLa|1|75|459	QG0226-C.g2821	32.423	293	154	10	120	385	1749	2024	2.40e-31	128
PfCD01_080005400|DBLa|1|75|459	QG0226-C.g2821	24.315	292	164	10	51	313	1244	1507	5.93e-15	79.3
PfCD01_080005400|DBLa|1|75|459	QG0226-C.g2821	26.804	194	108	5	51	242	2769	2930	2.57e-12	71.2
PfCD01_080005400|CIDRd|1|460|715	PF0041-C.g344	100.000	256	0	0	1	256	460	715	8.06e-170	520
PfCD01_080005400|CIDRd|1|460|715	PM0041-C.g405	98.438	256	4	0	1	256	471	726	4.43e-167	512
PfCD01_080005400|CIDRd|1|460|715	PT0014-CW.g414	83.721	258	40	1	1	256	463	720	5.45e-139	425
PfCD01_080005400|CIDRd|1|460|715	PF0816-C.g208	80.469	256	50	0	1	256	470	725	1.35e-134	421
PfCD01_080005400|CIDRd|1|460|715	PF0816-C.g208	32.258	217	121	7	39	246	2313	2512	1.99e-24	104
PfCD01_080005400|CIDRd|1|460|715	PA0187-C.g456	79.377	257	52	1	1	256	460	716	3.68e-131	410
PfCD01_080005400|DBLb|1|737|1212	PF0041-C.g344	96.008	476	17	2	1	476	737	1210	0.0	937
PfCD01_080005400|DBLb|1|737|1212	PF0041-C.g344	27.226	393	225	11	115	476	1343	1705	3.89e-34	139
PfCD01_080005400|DBLb|1|737|1212	PF0041-C.g344	33.333	228	113	7	132	343	129	333	1.39e-28	122
PfCD01_080005400|DBLb|1|737|1212	PF0041-C.g344	26.006	323	190	11	75	378	1723	2015	6.02e-16	83.6
PfCD01_080005400|DBLb|1|737|1212	PM0063-C.g62	60.040	498	163	10	1	476	1234	1717	0.0	572
PfCD01_080005400|DBLb|1|737|1212	PM0063-C.g62	40.149	538	212	20	1	476	729	1218	1.30e-102	339
PfCD01_080005400|DBLb|1|737|1212	PM0063-C.g62	30.424	401	196	15	38	387	24	392	1.39e-35	143
PfCD01_080005400|DBLb|1|737|1212	QE0448-C.g668	61.297	478	149	10	1	476	732	1175	1.84e-179	551
PfCD01_080005400|DBLb|1|737|1212	QE0448-C.g668	32.735	223	114	6	132	337	131	334	4.23e-30	127
PfCD01_080005400|DBLb|1|737|1212	QE0448-C.g668	24.348	345	193	14	68	382	1268	1574	1.56e-10	66.2
PfCD01_080005400|DBLb|1|737|1212	QE0449-C.g440	61.297	478	149	10	1	476	732	1175	2.88e-179	551
PfCD01_080005400|DBLb|1|737|1212	QE0449-C.g440	32.735	223	114	6	132	337	131	334	5.07e-30	126
PfCD01_080005400|DBLb|1|737|1212	QE0449-C.g440	24.348	345	193	14	68	382	1268	1574	1.77e-10	66.2
PfCD01_080005400|DBLb|1|737|1212	PF0816-C.g417	60.797	477	161	9	1	476	1809	2260	1.24e-178	555
PfCD01_080005400|DBLb|1|737|1212	PF0816-C.g417	28.242	347	189	9	75	384	66	389	5.40e-30	126
PfCD01_080005400|DBLb|1|737|1212	PF0816-C.g417	24.521	261	168	8	131	379	800	1043	9.51e-11	67.0
PfCD01_080005400|DBLg|1|1339|1720	PC0063-C.g6171	100.000	382	0	0	1	382	822	1203	0.0	799
PfCD01_080005400|DBLg|1|1339|1720	PC0063-C.g6171	31.099	373	191	12	47	382	1333	1676	1.61e-39	152
PfCD01_080005400|DBLg|1|1339|1720	PC0063-C.g6171	23.711	291	163	10	45	296	128	398	2.87e-12	70.9
PfCD01_080005400|DBLg|1|1339|1720	PA0160-C.g1082	88.542	384	41	2	1	382	1306	1688	0.0	684
PfCD01_080005400|DBLg|1|1339|1720	PA0160-C.g1082	41.228	342	172	13	1	328	1703	2029	1.77e-59	210
PfCD01_080005400|DBLg|1|1339|1720	PA0160-C.g1082	27.049	366	213	13	45	382	864	1203	4.10e-21	97.8
PfCD01_080005400|DBLg|1|1339|1720	PA0160-C.g1082	24.161	298	164	11	43	296	126	405	9.82e-13	72.4
PfCD01_080005400|DBLg|1|1339|1720	PF0737-C.g741	83.333	384	60	3	1	382	850	1231	0.0	624
PfCD01_080005400|DBLg|1|1339|1720	PF0737-C.g741	42.566	343	155	11	1	328	1248	1563	5.06e-69	238
PfCD01_080005400|DBLg|1|1339|1720	PF0737-C.g741	24.468	282	164	8	45	295	128	391	3.56e-13	73.6
PfCD01_080005400|DBLg|1|1339|1720	QG0276-C.g397	77.922	385	81	3	1	382	899	1282	0.0	595
PfCD01_080005400|DBLg|1|1339|1720	QG0276-C.g397	40.110	364	179	13	32	382	1327	1664	4.18e-62	218
PfCD01_080005400|DBLg|1|1339|1720	QG0276-C.g397	24.370	357	207	13	44	362	124	455	4.76e-16	82.4
PfCD01_080005400|DBLg|1|1339|1720	PA0167-C.g590	72.656	384	102	3	1	382	1295	1677	0.0	570
PfCD01_080005400|DBLg|1|1339|1720	PA0167-C.g590	41.433	321	173	6	17	328	1710	2024	7.91e-69	237
PfCD01_080005400|DBLg|1|1339|1720	PA0167-C.g590	29.167	312	175	8	47	329	835	1129	7.61e-30	124
PfCD01_080005400|DBLg|1|1339|1720	PA0167-C.g590	23.699	346	212	14	43	355	124	450	7.94e-15	79.0
PfCD01_080005400|DBLg|2|1737|2113	PA0061-C.g275	76.842	380	78	5	1	377	2082	2454	0.0	579
PfCD01_080005400|DBLg|2|1737|2113	PA0061-C.g275	43.548	310	142	11	1	299	1685	1972	1.01e-66	231
PfCD01_080005400|DBLg|2|1737|2113	PA0061-C.g275	30.435	276	134	8	44	298	1338	1576	1.43e-20	96.3
PfCD01_080005400|DBLg|2|1737|2113	PA0061-C.g275	27.937	315	179	12	28	319	821	1110	1.39e-19	93.2
PfCD01_080005400|DBLg|2|1737|2113	PA0061-C.g275	26.074	326	182	16	41	331	121	422	1.85e-13	74.7
PfCD01_080005400|DBLg|2|1737|2113	PA0084-C.g192	71.053	380	96	6	1	377	1670	2038	1.71e-171	532
PfCD01_080005400|DBLg|2|1737|2113	PA0084-C.g192	40.000	360	174	11	1	335	1256	1598	8.59e-65	225
PfCD01_080005400|DBLg|2|1737|2113	PA0084-C.g192	30.347	346	152	10	38	302	2221	2558	1.65e-33	134
PfCD01_080005400|DBLg|2|1737|2113	PA0084-C.g192	24.211	380	220	12	4	337	79	436	1.57e-19	93.2
PfCD01_080005400|DBLg|2|1737|2113	PA0084-C.g192	27.052	329	203	11	10	319	812	1122	4.13e-17	85.9
PfCD01_080005400|DBLg|2|1737|2113	PA0061-C.g104	71.053	380	96	6	1	377	1670	2038	1.71e-171	532
PfCD01_080005400|DBLg|2|1737|2113	PA0061-C.g104	40.000	360	174	11	1	335	1256	1598	8.59e-65	225
PfCD01_080005400|DBLg|2|1737|2113	PA0061-C.g104	30.347	346	152	10	38	302	2221	2558	1.65e-33	134
PfCD01_080005400|DBLg|2|1737|2113	PA0061-C.g104	24.211	380	220	12	4	337	79	436	1.57e-19	93.2
PfCD01_080005400|DBLg|2|1737|2113	PA0061-C.g104	27.052	329	203	11	10	319	812	1122	4.13e-17	85.9
PfCD01_080005400|DBLg|2|1737|2113	PF0417-C.g461	71.053	380	96	6	1	377	1641	2009	2.06e-171	532
PfCD01_080005400|DBLg|2|1737|2113	PF0417-C.g461	40.000	360	172	12	1	335	1229	1569	4.29e-64	223
PfCD01_080005400|DBLg|2|1737|2113	PF0417-C.g461	30.058	346	153	10	38	302	2192	2529	4.68e-33	133
PfCD01_080005400|DBLg|2|1737|2113	PF0417-C.g461	24.211	380	220	12	4	337	52	409	1.61e-19	93.2
PfCD01_080005400|DBLg|2|1737|2113	PF0417-C.g461	27.052	329	203	11	10	319	785	1095	3.91e-17	85.9
PfCD01_080005400|DBLg|2|1737|2113	PM0086-C.g769	71.053	380	96	6	1	377	1644	2012	2.17e-171	532
PfCD01_080005400|DBLg|2|1737|2113	PM0086-C.g769	42.319	345	172	9	1	335	1245	1572	2.45e-66	230
PfCD01_080005400|DBLg|2|1737|2113	PM0086-C.g769	28.497	386	182	12	38	337	2195	2572	2.70e-29	122
PfCD01_080005400|DBLg|2|1737|2113	PM0086-C.g769	24.211	380	220	12	4	337	79	436	1.37e-19	93.2
PfCD01_080005400|DBLg|2|1737|2113	PM0086-C.g769	27.597	308	186	11	10	298	812	1101	5.53e-17	85.5
PfCD01_080005400|ATS|1|2280|2727	PA0262-C.g127	98.884	448	5	0	1	448	2860	3307	0.0	907
PfCD01_080005400|ATS|1|2280|2727	PT0256-C.g286	97.098	448	12	1	1	448	2267	2713	0.0	884
PfCD01_080005400|ATS|1|2280|2727	PC0104-C.g47	94.866	448	23	0	1	448	3045	3492	0.0	873
PfCD01_080005400|ATS|1|2280|2727	PV0139-C.g51	90.646	449	20	4	1	448	2344	2771	0.0	812
PfCD01_080005400|ATS|1|2280|2727	PFKE11.g431	89.286	448	46	2	1	448	3005	3450	0.0	809
PfCD01_080005500|DBLb|1|75|534	PF0157-C.g478	67.447	470	133	8	1	460	95	554	0.0	636
PfCD01_080005500|DBLb|1|75|534	PF0157-C.g478	57.294	473	168	10	1	460	590	1041	3.22e-170	527
PfCD01_080005500|DBLb|1|75|534	PT0063-C.g87	66.388	479	131	8	1	460	585	1052	0.0	614
PfCD01_080005500|DBLb|1|75|534	PT0063-C.g87	60.084	476	159	10	1	460	1091	1551	1.70e-168	527
PfCD01_080005500|DBLb|1|75|534	PT0063-C.g87	59.060	447	156	11	25	460	96	526	6.56e-162	508
PfCD01_080005500|DBLb|1|75|534	QG0256-C.g3172	65.553	479	135	8	1	460	79	546	0.0	606
PfCD01_080005500|DBLb|1|75|534	QG0256-C.g3172	59.454	476	164	9	1	460	585	1047	1.10e-167	521
PfCD01_080005500|DBLb|1|75|534	PA0163-C.g572	63.750	480	144	9	1	460	122	591	0.0	600
PfCD01_080005500|DBLb|1|75|534	PA0163-C.g572	56.851	489	158	12	1	460	627	1091	4.67e-168	522
PfCD01_080005500|DBLb|1|75|534	PF0314-C.g373	63.750	480	144	9	1	460	122	591	0.0	600
PfCD01_080005500|DBLb|1|75|534	PF0314-C.g373	56.851	489	158	12	1	460	627	1091	4.67e-168	522
PfCD01_080005500|DBLb|2|573|1040	QG0276-C.g356	85.084	476	58	4	1	468	478	948	0.0	823
PfCD01_080005500|DBLb|2|573|1040	QG0276-C.g356	51.991	452	172	10	35	468	12	436	6.52e-134	427
PfCD01_080005500|DBLb|2|573|1040	QG0228-C.g2766	85.084	476	58	4	1	468	478	948	0.0	823
PfCD01_080005500|DBLb|2|573|1040	QG0228-C.g2766	52.212	452	171	10	35	468	12	436	4.70e-135	431
PfCD01_080005500|DBLb|2|573|1040	PA0270-C.g308	82.600	477	70	5	1	468	580	1052	0.0	791
PfCD01_080005500|DBLb|2|573|1040	PA0270-C.g308	53.644	494	189	15	1	468	1123	1602	1.32e-150	476
PfCD01_080005500|DBLb|2|573|1040	PA0270-C.g308	49.487	487	203	12	1	468	79	541	2.54e-137	438
PfCD01_080005500|DBLb|2|573|1040	PA0270-C.g324	82.600	477	70	5	1	468	580	1052	0.0	790
PfCD01_080005500|DBLb|2|573|1040	PA0270-C.g324	53.644	494	189	15	1	468	1123	1602	1.49e-150	476
PfCD01_080005500|DBLb|2|573|1040	PA0270-C.g324	49.590	488	201	13	1	468	79	541	2.90e-137	438
PfCD01_080005500|DBLb|2|573|1040	PF0158-C.g330	78.344	471	91	5	1	468	496	958	0.0	738
PfCD01_080005500|DBLb|2|573|1040	PF0158-C.g330	50.862	464	187	11	19	468	26	462	5.78e-130	416
PfCD01_080005500|DBLb|3|1084|1553	PF0449-C.g429	78.452	478	80	6	1	470	481	943	0.0	752
PfCD01_080005500|DBLb|3|1084|1553	PF0449-C.g429	48.387	465	193	12	24	470	2	437	4.30e-121	392
PfCD01_080005500|DBLb|3|1084|1553	PF0449-C.g429	46.351	507	212	13	1	470	983	1466	1.40e-120	390
PfCD01_080005500|DBLb|3|1084|1553	PT0095-C.g154	74.844	481	96	7	1	470	511	977	0.0	711
PfCD01_080005500|DBLb|3|1084|1553	PT0095-C.g154	62.115	454	130	14	32	470	20	446	6.20e-164	514
PfCD01_080005500|DBLb|3|1084|1553	PT0095-C.g154	46.045	493	205	17	1	468	1036	1492	1.40e-114	373
PfCD01_080005500|DBLb|3|1084|1553	PA0270-C.g324	72.614	482	101	8	1	470	79	541	0.0	688
PfCD01_080005500|DBLb|3|1084|1553	PA0270-C.g324	47.211	502	204	13	1	470	580	1052	8.39e-130	417
PfCD01_080005500|DBLb|3|1084|1553	PA0270-C.g324	48.444	514	187	13	1	470	1123	1602	1.26e-129	416
PfCD01_080005500|DBLb|3|1084|1553	PA0270-C.g308	72.614	482	101	8	1	470	79	541	0.0	688
PfCD01_080005500|DBLb|3|1084|1553	PA0270-C.g308	47.211	502	204	13	1	470	580	1052	8.15e-130	417
PfCD01_080005500|DBLb|3|1084|1553	PA0270-C.g308	48.444	514	187	13	1	470	1123	1602	1.23e-129	416
PfCD01_080005500|DBLb|3|1084|1553	PV0234-C.g27	70.440	477	114	7	1	470	1039	1495	0.0	662
PfCD01_080005500|DBLb|3|1084|1553	PV0234-C.g27	59.101	445	139	10	24	441	54	482	2.58e-156	493
PfCD01_080005500|DBLb|3|1084|1553	PV0234-C.g27	48.491	497	197	16	1	470	536	1000	1.14e-122	396
PfCD01_080005500|DBLd|1|1652|2147	PA0092-C.g1053	100.000	496	0	0	1	496	215	710	0.0	1020
PfCD01_080005500|DBLd|1|1652|2147	PA0040-C.g11	92.678	519	15	1	1	496	406	924	0.0	977
PfCD01_080005500|DBLd|1|1652|2147	PA0267-C.g22	61.464	519	175	6	1	496	543	1059	0.0	591
PfCD01_080005500|DBLd|1|1652|2147	PT0303-Cx.g1941	61.829	503	179	7	1	496	1187	1683	0.0	580
PfCD01_080005500|DBLd|1|1652|2147	PD0545-C.g27	62.795	508	162	10	1	496	378	870	0.0	575
PfCD01_080005500|CIDRb|1|2148|2402	PA0092-C.g1053	100.000	255	0	0	1	255	711	965	1.70e-180	527
PfCD01_080005500|CIDRb|1|2148|2402	PA0040-C.g11	99.608	255	1	0	1	255	925	1179	3.96e-177	523
PfCD01_080005500|CIDRb|1|2148|2402	QE0399-C.g618	88.525	244	26	2	1	242	1404	1647	8.65e-143	441
PfCD01_080005500|CIDRb|1|2148|2402	PV0035-C.g16	88.115	244	27	2	1	242	1989	2232	6.54e-141	439
PfCD01_080005500|CIDRb|1|2148|2402	PA0056-C.g281	78.008	241	52	1	1	241	1375	1614	3.26e-120	378
PfCD01_080005500|ATS|1|2520|2961	PV0028-C.g31	79.482	463	67	8	1	442	1737	2192	0.0	716
PfCD01_080005500|ATS|1|2520|2961	PFKE09.g563	82.301	452	60	5	1	442	775	1216	0.0	715
PfCD01_080005500|ATS|1|2520|2961	PC0107-C.g899	82.167	443	70	3	1	442	1572	2006	0.0	696
PfCD01_080005500|ATS|1|2520|2961	PF0590-C.g528	79.642	447	73	7	1	442	2051	2484	0.0	687
PfCD01_080005500|ATS|1|2520|2961	PD0549-C.g516	78.834	463	62	10	1	442	2187	2634	0.0	684
PfCD01_080013700|NTS|1|1|56	QE0449-C.g211	100.000	56	0	0	1	56	1	56	6.66e-31	114
PfCD01_080013700|NTS|1|1|56	QE0448-C.g505	100.000	56	0	0	1	56	1	56	6.66e-31	114
PfCD01_080013700|NTS|1|1|56	QE0428-C.g362	100.000	56	0	0	1	56	1	56	6.66e-31	114
PfCD01_080013700|NTS|1|1|56	QE0427-C.g510	100.000	56	0	0	1	56	1	56	6.66e-31	114
PfCD01_080013700|NTS|1|1|56	QG0236-C.g2417	100.000	56	0	0	1	56	1	56	9.00e-31	113
PfCD01_080013700|DBLa|1|59|456	QG0194-C.g862	100.000	398	0	0	1	398	59	456	0.0	837
PfCD01_080013700|DBLa|1|59|456	QG0194-C.g862	30.939	181	104	8	222	398	1147	1310	2.09e-08	58.9
PfCD01_080013700|DBLa|1|59|456	QG0296-C.g5760	100.000	398	0	0	1	398	59	456	0.0	836
PfCD01_080013700|DBLa|1|59|456	QG0296-C.g5760	31.285	179	109	5	222	398	1133	1299	7.40e-12	69.7
PfCD01_080013700|DBLa|1|59|456	PA0197-C.g837	100.000	398	0	0	1	398	59	456	0.0	835
PfCD01_080013700|DBLa|1|59|456	PA0197-C.g837	33.520	179	104	6	222	398	1147	1312	1.83e-13	74.7
PfCD01_080013700|DBLa|1|59|456	PFKE07.g75	100.000	398	0	0	1	398	59	456	0.0	835
PfCD01_080013700|DBLa|1|59|456	PFKE07.g75	33.520	179	104	6	222	398	1155	1320	1.68e-13	75.1
PfCD01_080013700|DBLa|1|59|456	PC0085-C.g10	100.000	398	0	0	1	398	59	456	0.0	835
PfCD01_080013700|DBLa|1|59|456	PC0085-C.g10	33.520	179	104	6	222	398	1143	1308	1.82e-13	74.7
PfCD01_080013700|CIDRa|1|457|720	QG0296-C.g5760	100.000	264	0	0	1	264	457	720	0.0	541
PfCD01_080013700|CIDRa|1|457|720	QG0194-C.g862	100.000	264	0	0	1	264	457	720	3.65e-180	540
PfCD01_080013700|CIDRa|1|457|720	PA0197-C.g837	100.000	264	0	0	1	264	457	720	6.30e-180	540
PfCD01_080013700|CIDRa|1|457|720	PA0197-C.g837	26.163	172	110	3	90	261	1406	1560	9.98e-07	52.0
PfCD01_080013700|CIDRa|1|457|720	PFKE07.g75	100.000	264	0	0	1	264	457	720	1.34e-179	539
PfCD01_080013700|CIDRa|1|457|720	PA0262-C.g696	100.000	264	0	0	1	264	457	720	3.34e-179	538
PfCD01_080013700|DBLd|1|812|1312	QE0459-C.g774	100.000	501	0	0	1	501	830	1330	0.0	1041
PfCD01_080013700|DBLd|1|812|1312	QE0459-C.g774	24.176	364	219	14	156	501	157	481	4.73e-13	74.3
PfCD01_080013700|DBLd|1|812|1312	QE0466-C.g941	100.000	501	0	0	1	501	830	1330	0.0	1040
PfCD01_080013700|DBLd|1|812|1312	QE0466-C.g941	24.176	364	219	14	156	501	157	481	5.58e-13	74.3
PfCD01_080013700|DBLd|1|812|1312	PFKE07.g75	99.800	501	1	0	1	501	820	1320	0.0	1040
PfCD01_080013700|DBLd|1|812|1312	PFKE07.g75	34.078	179	103	7	336	501	280	456	3.95e-14	77.8
PfCD01_080013700|DBLd|1|812|1312	PC0085-C.g10	100.000	501	0	0	1	501	808	1308	0.0	1040
PfCD01_080013700|DBLd|1|812|1312	PC0085-C.g10	34.078	179	103	7	336	501	280	456	3.98e-14	77.8
PfCD01_080013700|DBLd|1|812|1312	PA0197-C.g837	100.000	501	0	0	1	501	812	1312	0.0	1039
PfCD01_080013700|DBLd|1|812|1312	PA0197-C.g837	34.078	179	103	7	336	501	280	456	3.46e-14	78.2
PfCD01_080013700|CIDRb|1|1313|1580	PC0118-C.g651	99.627	268	1	0	1	268	1409	1676	0.0	552
PfCD01_080013700|CIDRb|1|1313|1580	QE0466-C.g941	100.000	268	0	0	1	268	1331	1598	0.0	552
PfCD01_080013700|CIDRb|1|1313|1580	QE0466-C.g941	36.471	85	50	1	90	174	569	649	1.35e-08	57.8
PfCD01_080013700|CIDRb|1|1313|1580	QE0459-C.g774	100.000	268	0	0	1	268	1331	1598	0.0	552
PfCD01_080013700|CIDRb|1|1313|1580	QE0459-C.g774	36.471	85	50	1	90	174	569	649	1.35e-08	57.8
PfCD01_080013700|CIDRb|1|1313|1580	PFKE07.g75	100.000	268	0	0	1	268	1321	1588	0.0	551
PfCD01_080013700|CIDRb|1|1313|1580	PC0085-C.g10	100.000	268	0	0	1	268	1309	1576	0.0	551
PfCD01_080013700|ATS|1|1689|2141	PH0549-C.g841	78.013	473	82	6	1	453	1685	2155	0.0	729
PfCD01_080013700|ATS|1|1689|2141	PF0489-C.g723	79.095	464	73	7	1	448	1717	2172	0.0	717
PfCD01_080013700|ATS|1|1689|2141	PV0089-C.g38	72.255	501	89	7	1	453	1747	2245	0.0	700
PfCD01_080013700|ATS|1|1689|2141	PV0028-C.g65	75.693	469	84	10	1	453	1639	2093	0.0	687
PfCD01_080013700|ATS|1|1689|2141	PFKE12.g18	75.161	467	96	9	1	453	1747	2207	0.0	683
PfCD01_080013800|NTS|1|1|71	QG0194-C.g919	100.000	71	0	0	1	71	1	71	3.05e-43	150
PfCD01_080013800|NTS|1|1|71	PC0051-C.g415	100.000	71	0	0	1	71	1	71	4.29e-43	149
PfCD01_080013800|NTS|1|1|71	PFKE07.g1072	100.000	71	0	0	1	71	1	71	6.39e-43	149
PfCD01_080013800|NTS|1|1|71	SenT084.10.g2373	100.000	71	0	0	1	71	1	71	6.57e-43	149
PfCD01_080013800|NTS|1|1|71	QE0466-C.g354	89.062	64	7	0	8	71	7	70	4.88e-34	123
PfCD01_080013800|DBLa|1|72|499	QG0194-C.g919	100.000	428	0	0	1	428	72	499	0.0	905
PfCD01_080013800|DBLa|1|72|499	QG0194-C.g919	30.811	185	107	7	245	428	1234	1398	1.58e-14	78.6
PfCD01_080013800|DBLa|1|72|499	QE0466-C.g354	99.766	428	1	0	1	428	71	498	0.0	905
PfCD01_080013800|DBLa|1|72|499	QE0466-C.g354	23.485	264	148	7	192	428	1101	1337	1.55e-15	81.6
PfCD01_080013800|DBLa|1|72|499	PFKE07.g1072	100.000	428	0	0	1	428	72	499	0.0	904
PfCD01_080013800|DBLa|1|72|499	PFKE07.g1072	22.917	288	160	9	140	382	1065	1335	2.60e-09	62.0
PfCD01_080013800|DBLa|1|72|499	SenT084.10.g2373	100.000	428	0	0	1	428	72	499	0.0	901
PfCD01_080013800|DBLa|1|72|499	SenT084.10.g2373	26.374	273	141	12	196	428	1062	1314	5.48e-11	67.4
PfCD01_080013800|DBLa|1|72|499	PC0051-C.g415	100.000	428	0	0	1	428	72	499	0.0	899
PfCD01_080013800|DBLa|1|72|499	PC0051-C.g415	22.917	288	160	9	140	382	1065	1335	2.61e-09	62.0
PfCD01_080013800|CIDRa|1|500|747	PC0051-C.g415	100.000	248	0	0	1	248	500	747	4.60e-172	515
PfCD01_080013800|CIDRa|1|500|747	PC0051-C.g415	43.243	74	40	1	94	165	1465	1538	7.98e-10	61.2
PfCD01_080013800|CIDRa|1|500|747	PFKE07.g1072	100.000	248	0	0	1	248	500	747	1.38e-171	518
PfCD01_080013800|CIDRa|1|500|747	PFKE07.g1072	40.860	93	53	1	94	184	1465	1557	1.93e-13	72.0
PfCD01_080013800|CIDRa|1|500|747	QG0194-C.g919	100.000	248	0	0	1	248	500	747	2.19e-171	518
PfCD01_080013800|CIDRa|1|500|747	SenT084.10.g2373	100.000	248	0	0	1	248	500	747	2.74e-171	516
PfCD01_080013800|CIDRa|1|500|747	SenT084.10.g2373	32.450	151	90	5	103	246	1424	1569	1.75e-10	63.2
PfCD01_080013800|CIDRa|1|500|747	QE0459-C.g869	100.000	248	0	0	1	248	499	746	3.47e-171	516
PfCD01_080013800|CIDRa|1|500|747	QE0459-C.g869	34.343	99	63	1	90	186	1422	1520	9.54e-10	60.8
PfCD01_080013800|DBLd|1|823|1339	PD0526-C.g980	58.175	526	150	16	2	517	862	1327	2.10e-162	504
PfCD01_080013800|DBLd|1|823|1339	PD0526-C.g980	26.147	218	138	5	245	459	210	407	1.49e-16	85.9
PfCD01_080013800|DBLd|1|823|1339	PD0554-C.g758	58.175	526	150	16	2	517	863	1328	2.13e-162	504
PfCD01_080013800|DBLd|1|823|1339	PD0554-C.g758	26.147	218	138	5	245	459	211	408	1.46e-16	85.9
PfCD01_080013800|DBLd|1|823|1339	SenT185.10.g1114	56.309	531	197	12	1	517	852	1361	1.45e-161	503
PfCD01_080013800|DBLd|1|823|1339	SenT185.10.g1114	26.087	253	150	6	200	443	161	385	7.11e-16	83.6
PfCD01_080013800|DBLd|1|823|1339	SenT022.11.g288	56.309	531	197	12	1	517	852	1361	1.45e-161	503
PfCD01_080013800|DBLd|1|823|1339	SenT022.11.g288	26.087	253	150	6	200	443	161	385	7.11e-16	83.6
PfCD01_080013800|DBLd|1|823|1339	PA0253-C.g997	52.686	577	188	17	1	517	204	755	4.15e-158	479
PfCD01_080013800|CIDRb|1|1340|1594	PF0098-C.g317	85.433	254	33	2	1	250	1364	1617	1.04e-132	412
PfCD01_080013800|CIDRb|1|1340|1594	QE0483-C.g662	81.928	249	43	2	1	247	1364	1612	1.56e-132	412
PfCD01_080013800|CIDRb|1|1340|1594	QE0434-C.g668	81.928	249	43	2	1	247	1364	1612	1.56e-132	412
PfCD01_080013800|CIDRb|1|1340|1594	QE0417-C.g737	81.928	249	43	2	1	247	1364	1612	1.56e-132	412
PfCD01_080013800|CIDRb|1|1340|1594	PV0265-C.g21	81.928	249	43	2	1	247	1364	1612	1.56e-132	412
PfCD01_080013800|ATS|1|1732|2179	PA0180-C.g460	86.093	453	55	5	1	448	1782	2231	0.0	737
PfCD01_080013800|ATS|1|1732|2179	PV0211-C.g48	86.313	453	54	5	1	448	2342	2791	0.0	737
PfCD01_080013800|ATS|1|1732|2179	PD0582-C.g452	78.993	457	83	7	1	448	2584	3036	0.0	705
PfCD01_080013800|ATS|1|1732|2179	PD0472-C.g722	77.615	478	70	10	1	448	1681	2151	0.0	703
PfCD01_080013800|ATS|1|1732|2179	QE0429-C.g177	79.204	452	82	5	1	448	2372	2815	0.0	694
PfCD01_080014000|NTS|1|1|59	QG0275-C.g449	73.333	60	15	1	1	59	1	60	7.90e-19	79.7
PfCD01_080014000|NTS|1|1|59	SenT013.11.g433	74.074	54	14	0	6	59	6	59	1.27e-18	79.3
PfCD01_080014000|NTS|1|1|59	QG0287-C.g274	71.667	60	16	1	1	59	1	60	1.53e-18	79.0
PfCD01_080014000|NTS|1|1|59	PH0307-C.g432	62.712	59	22	0	1	59	1	59	3.34e-18	78.2
PfCD01_080014000|NTS|1|1|59	QG0293-C.g2487	72.549	51	14	0	9	59	17	67	5.39e-18	77.4
PfCD01_080014000|DBLa|1|60|506	PT0118-C.g1005	72.926	458	91	12	11	447	79	524	0.0	639
PfCD01_080014000|DBLa|1|60|506	PC0071-C.g390	68.277	476	110	11	1	447	57	520	0.0	616
PfCD01_080014000|DBLa|1|60|506	PC0071-C.g390	23.864	264	144	7	120	339	1107	1357	1.46e-08	59.7
PfCD01_080014000|DBLa|1|60|506	PA0144-C.g708	70.861	453	100	11	17	447	92	534	0.0	611
PfCD01_080014000|DBLa|1|60|506	PA0144-C.g708	30.189	106	68	3	239	339	1244	1348	3.85e-07	55.1
PfCD01_080014000|DBLa|1|60|506	PT0195-Cx.g523	68.565	474	109	13	1	447	68	528	0.0	610
PfCD01_080014000|DBLa|1|60|506	PT0195-Cx.g523	24.648	284	157	12	163	415	1164	1421	4.24e-10	64.7
PfCD01_080014000|DBLa|1|60|506	QE0400-C.g584	68.845	459	103	12	17	447	75	521	0.0	596
PfCD01_080014000|DBLa|1|60|506	QE0400-C.g584	25.397	252	148	9	120	339	1107	1350	1.07e-08	60.1
PfCD01_080014000|CIDRa|1|507|817	PA0256-C.g721	60.559	322	112	6	1	309	499	818	7.36e-114	363
PfCD01_080014000|CIDRa|1|507|817	QE0463-C.g35	59.133	323	104	7	1	311	511	817	3.37e-113	353
PfCD01_080014000|CIDRa|1|507|817	QE0460-C.g43	59.133	323	104	7	1	311	511	817	4.26e-113	353
PfCD01_080014000|CIDRa|1|507|817	QE0456-C.g13	59.133	323	104	7	1	311	511	817	6.47e-112	352
PfCD01_080014000|CIDRa|1|507|817	QE0432-C.g6	59.133	323	104	7	1	311	511	817	6.47e-112	352
PfCD01_080014000|DBLd|1|897|1400	PA0030-C.g538	61.090	532	154	11	1	504	904	1410	0.0	566
PfCD01_080014000|DBLd|1|897|1400	PA0030-C.g538	26.994	326	171	14	166	471	167	445	1.08e-14	79.7
PfCD01_080014000|DBLd|1|897|1400	PT0005-CW.g6	49.201	563	200	18	1	504	269	804	4.68e-151	464
PfCD01_080014000|DBLd|1|897|1400	QG0226-C.g188	50.372	538	192	17	1	504	395	891	1.12e-149	462
PfCD01_080014000|DBLd|1|897|1400	PF0157-C.g606	51.685	534	197	16	1	504	2511	3013	4.67e-147	468
PfCD01_080014000|DBLd|1|897|1400	PF0157-C.g606	25.740	439	193	12	14	450	1979	2286	2.72e-29	125
PfCD01_080014000|DBLd|1|897|1400	PF0157-C.g606	25.307	407	173	10	64	468	1278	1555	1.64e-25	113
PfCD01_080014000|DBLd|1|897|1400	PF0157-C.g606	24.658	292	172	10	225	504	206	461	4.15e-15	81.3
PfCD01_080014000|DBLd|1|897|1400	PF0157-C.g606	23.664	262	122	10	182	443	1703	1886	2.88e-08	59.3
PfCD01_080014000|DBLd|1|897|1400	SenP027.02.g264	49.365	551	196	16	1	504	828	1342	3.01e-146	461
PfCD01_080014000|DBLd|1|897|1400	SenP027.02.g264	38.235	102	58	4	335	435	290	387	1.36e-12	73.2
PfCD01_080014000|CIDRb|1|1401|1664	PA0172-C.g25	93.939	264	16	0	1	264	2828	3091	6.81e-166	511
PfCD01_080014000|CIDRb|1|1401|1664	PA0172-C.g25	25.405	185	124	6	5	187	474	646	9.76e-08	55.1
PfCD01_080014000|CIDRb|1|1401|1664	PT0102-C.g349	82.213	253	44	1	1	252	2200	2452	3.12e-136	426
PfCD01_080014000|CIDRb|1|1401|1664	PFKE06.g251	65.517	261	85	4	5	264	1044	1300	1.87e-104	333
PfCD01_080014000|CIDRb|1|1401|1664	PC0113-C.g606	65.517	261	85	4	5	264	1389	1645	2.75e-104	334
PfCD01_080014000|CIDRb|1|1401|1664	PFKE06.g18	65.517	261	85	4	5	264	1399	1655	4.30e-104	333
PfCD01_080014000|ATS|1|1756|2222	QG0296-C.g5597	74.788	472	99	10	1	467	1002	1458	0.0	681
PfCD01_080014000|ATS|1|1756|2222	PFKE11.g698	75.906	469	98	6	1	467	2120	2575	0.0	669
PfCD01_080014000|ATS|1|1756|2222	PFKE06.g276	75.745	470	89	7	1	467	1752	2199	0.0	667
PfCD01_080014000|ATS|1|1756|2222	PM0152-C.g381	73.774	469	108	6	1	467	924	1379	0.0	658
PfCD01_080014000|ATS|1|1756|2222	QE0468-C.g704	73.348	469	110	6	1	467	1767	2222	0.0	656
PfCD01_080014400|NTS|1|1|61	PM0138-C.g170	88.235	51	6	0	11	61	16	66	2.66e-22	89.7
PfCD01_080014400|NTS|1|1|61	PA0245-C.g629	88.235	51	6	0	11	61	16	66	2.74e-22	89.7
PfCD01_080014400|NTS|1|1|61	PF0818-C.g656	79.245	53	11	0	9	61	12	64	7.79e-21	85.5
PfCD01_080014400|NTS|1|1|61	PV0287-C.g34	75.439	57	13	1	4	60	8	63	1.75e-20	84.7
PfCD01_080014400|NTS|1|1|61	QE0444-C.g698	75.439	57	13	1	4	60	8	63	5.47e-20	83.2
PfCD01_080014400|DBLa|1|62|515	PA0245-C.g629	92.291	454	29	2	1	454	67	514	0.0	853
PfCD01_080014400|DBLa|1|62|515	PA0245-C.g629	32.824	262	118	9	64	306	900	1122	5.50e-31	129
PfCD01_080014400|DBLa|1|62|515	PA0245-C.g629	28.488	172	109	5	196	353	1590	1761	4.59e-13	74.3
PfCD01_080014400|DBLa|1|62|515	PM0138-C.g170	92.291	454	29	2	1	454	67	514	0.0	853
PfCD01_080014400|DBLa|1|62|515	PM0138-C.g170	32.824	262	118	9	64	306	900	1122	5.51e-31	129
PfCD01_080014400|DBLa|1|62|515	PM0138-C.g170	28.488	172	109	5	196	353	1590	1761	4.47e-13	74.3
PfCD01_080014400|DBLa|1|62|515	PD0510-C.g416	72.294	462	110	9	1	454	65	516	0.0	622
PfCD01_080014400|DBLa|1|62|515	PD0510-C.g416	32.824	262	118	9	64	306	902	1124	3.00e-31	130
PfCD01_080014400|DBLa|1|62|515	PD0510-C.g416	27.106	273	144	8	127	364	1530	1782	9.46e-15	79.3
PfCD01_080014400|DBLa|1|62|515	PD0507-C.g598	72.294	462	110	9	1	454	65	516	0.0	622
PfCD01_080014400|DBLa|1|62|515	PD0507-C.g598	32.824	262	118	9	64	306	902	1124	3.00e-31	130
PfCD01_080014400|DBLa|1|62|515	PD0507-C.g598	27.106	273	144	8	127	364	1530	1782	9.46e-15	79.3
PfCD01_080014400|DBLa|1|62|515	QG0271-C.g1157	68.936	470	110	12	1	454	66	515	0.0	595
PfCD01_080014400|DBLa|1|62|515	QG0271-C.g1157	30.117	342	187	12	64	404	2257	2547	8.58e-33	134
PfCD01_080014400|DBLa|1|62|515	QG0271-C.g1157	32.685	257	118	9	64	307	924	1138	1.01e-24	110
PfCD01_080014400|DBLa|1|62|515	QG0271-C.g1157	33.333	267	129	11	197	454	1630	1856	1.18e-21	100
PfCD01_080014400|DBLa|1|62|515	QG0271-C.g1157	26.877	253	129	6	55	307	2632	2828	3.96e-17	87.0
PfCD01_080014400|CIDRa|1|516|775	PD0510-C.g416	98.462	260	4	0	1	260	517	776	1.79e-174	532
PfCD01_080014400|CIDRa|1|516|775	PD0507-C.g598	98.462	260	4	0	1	260	517	776	1.79e-174	532
PfCD01_080014400|CIDRa|1|516|775	PM0138-C.g170	98.462	260	4	0	1	260	515	774	5.72e-174	530
PfCD01_080014400|CIDRa|1|516|775	PA0245-C.g629	98.462	260	4	0	1	260	515	774	5.77e-174	530
PfCD01_080014400|CIDRa|1|516|775	PH0643-C.g185	83.712	264	39	3	1	260	524	787	4.97e-132	413
PfCD01_080014400|CIDRa|1|516|775	PH0643-C.g185	26.667	150	99	3	111	258	1830	1970	3.18e-08	56.6
PfCD01_080014400|DBLb|1|782|1247	PA0245-C.g629	100.000	466	0	0	1	466	781	1246	0.0	975
PfCD01_080014400|DBLb|1|782|1247	PA0245-C.g629	32.824	262	118	9	120	342	130	372	3.71e-30	127
PfCD01_080014400|DBLb|1|782|1247	PM0138-C.g170	100.000	466	0	0	1	466	781	1246	0.0	975
PfCD01_080014400|DBLb|1|782|1247	PM0138-C.g170	32.824	262	118	9	120	342	130	372	2.87e-30	127
PfCD01_080014400|DBLb|1|782|1247	PD0510-C.g416	98.283	466	8	0	1	466	783	1248	0.0	959
PfCD01_080014400|DBLb|1|782|1247	PD0510-C.g416	30.534	262	127	9	120	342	129	374	3.03e-22	102
PfCD01_080014400|DBLb|1|782|1247	PD0507-C.g598	98.283	466	8	0	1	466	783	1248	0.0	959
PfCD01_080014400|DBLb|1|782|1247	PD0507-C.g598	30.534	262	127	9	120	342	129	374	3.03e-22	102
PfCD01_080014400|DBLb|1|782|1247	PT0189-Cx.g244	73.013	478	111	5	1	466	795	1266	0.0	692
PfCD01_080014400|DBLb|1|782|1247	PT0189-Cx.g244	30.233	258	129	7	120	343	116	356	1.98e-20	97.4
PfCD01_080014400|DBLd|1|1327|1817	SenT233.08.g1303	68.938	499	129	12	1	491	552	1032	0.0	620
PfCD01_080014400|DBLd|1|1327|1817	SenT233.08.g1303	30.659	349	131	13	78	424	78	317	1.08e-31	132
PfCD01_080014400|DBLd|1|1327|1817	PM0019-C.g478	50.926	540	194	19	1	491	205	722	1.48e-149	457
PfCD01_080014400|DBLd|1|1327|1817	PF0190-C.g51	51.938	516	205	18	1	491	132	629	7.37e-148	451
PfCD01_080014400|DBLd|1|1327|1817	PV0276-C.g27	54.669	514	196	17	1	491	1710	2209	3.97e-146	465
PfCD01_080014400|DBLd|1|1327|1817	PV0276-C.g27	29.882	338	142	10	83	420	1263	1505	3.72e-31	130
PfCD01_080014400|DBLd|1|1327|1817	PV0276-C.g27	23.077	299	166	8	195	491	944	1180	4.63e-09	61.6
PfCD01_080014400|DBLd|1|1327|1817	PV0276-C.g27	25.506	247	132	11	194	434	432	632	3.13e-08	58.9
PfCD01_080014400|DBLd|1|1327|1817	SenT077.11.g421	53.372	519	201	14	1	491	878	1383	3.80e-145	457
PfCD01_080014400|DBLd|1|1327|1817	SenT077.11.g421	26.036	338	187	12	186	487	182	492	1.55e-19	94.7
PfCD01_080014400|CIDRb|1|1818|2077	QE0481-C.g627	74.297	249	59	3	1	246	1389	1635	4.80e-103	330
PfCD01_080014400|CIDRb|1|1818|2077	QE0415-C.g655	74.297	249	59	3	1	246	1389	1635	4.80e-103	330
PfCD01_080014400|CIDRb|1|1818|2077	PH0510-C.g539	74.297	249	59	3	1	246	1447	1693	7.87e-103	330
PfCD01_080014400|CIDRb|1|1818|2077	PH0367-C.g427	74.297	249	59	3	1	246	1447	1693	7.87e-103	330
PfCD01_080014400|CIDRb|1|1818|2077	PH0516-C.g549	74.297	249	59	3	1	246	1451	1697	7.90e-103	330
PfCD01_080014400|ATS|1|2199|2642	PF0489-C.g691	79.075	454	71	9	1	444	1767	2206	0.0	706
PfCD01_080014400|ATS|1|2199|2642	PV0028-C.g27	72.984	496	69	8	1	444	2441	2923	0.0	689
PfCD01_080014400|ATS|1|2199|2642	PV0089-C.g11	78.587	453	75	8	1	444	1730	2169	0.0	674
PfCD01_080014400|ATS|1|2199|2642	PV0084-C.g6	73.451	452	106	9	1	444	1815	2260	0.0	652
PfCD01_080014400|ATS|1|2199|2642	PV0099-C.g36	71.983	464	85	8	1	444	1763	2201	0.0	650
PfCD01_080014700|NTS|1|1|60	QG0300-C.g5298	100.000	60	0	0	1	60	1	60	1.01e-34	125
PfCD01_080014700|NTS|1|1|60	PA0098-C.g515	78.333	60	12	1	1	60	1	59	3.44e-24	95.1
PfCD01_080014700|NTS|1|1|60	PA0270-C.g654	78.333	60	12	1	1	60	1	59	3.94e-24	95.1
PfCD01_080014700|NTS|1|1|60	PM0087-C.g288	78.333	60	12	1	1	60	1	59	3.94e-24	95.1
PfCD01_080014700|NTS|1|1|60	PF0207-C.g465	78.333	60	12	1	1	60	1	59	3.98e-24	95.1
PfCD01_080014700|DBLa|1|61|531	PM0144-C.g75	99.788	471	1	0	1	471	67	537	0.0	971
PfCD01_080014700|DBLa|1|61|531	PM0144-C.g75	29.773	309	158	11	143	429	1090	1361	1.14e-16	85.5
PfCD01_080014700|DBLa|1|61|531	PA0270-C.g654	80.085	472	70	7	1	471	60	508	0.0	701
PfCD01_080014700|DBLa|1|61|531	PM0087-C.g288	79.873	472	71	7	1	471	60	508	0.0	699
PfCD01_080014700|DBLa|1|61|531	QE0449-C.g1031	72.176	478	104	8	1	471	60	515	0.0	648
PfCD01_080014700|DBLa|1|61|531	QE0448-C.g67	72.176	478	104	8	1	471	60	515	0.0	648
PfCD01_080014700|CIDRa|1|532|824	PM0144-C.g75	100.000	293	0	0	1	293	538	830	0.0	605
PfCD01_080014700|CIDRa|1|532|824	PC0063-C.g8997	68.106	301	79	5	1	290	531	825	2.74e-120	378
PfCD01_080014700|CIDRa|1|532|824	PA0208-C.g111	66.667	306	86	6	1	293	521	823	1.45e-113	362
PfCD01_080014700|CIDRa|1|532|824	PFKE11.g649	63.072	306	95	8	1	290	478	781	6.88e-110	351
PfCD01_080014700|CIDRa|1|532|824	PC0047-C.g536	62.791	301	95	8	1	291	520	813	1.82e-109	345
PfCD01_080014700|DBLd|1|915|1374	PM0144-C.g75	99.783	461	0	1	1	460	921	1381	0.0	965
PfCD01_080014700|DBLd|1|915|1374	PM0144-C.g75	30.128	312	159	11	166	440	206	495	7.11e-17	86.3
PfCD01_080014700|DBLd|1|915|1374	PV0134-C.g67	90.302	464	28	4	3	460	901	1353	0.0	810
PfCD01_080014700|DBLd|1|915|1374	PV0134-C.g67	29.167	312	150	9	166	428	182	471	1.10e-23	107
PfCD01_080014700|DBLd|1|915|1374	PA0053-C.g684	82.192	511	37	5	1	460	917	1424	0.0	793
PfCD01_080014700|DBLd|1|915|1374	PA0053-C.g684	30.000	300	156	8	166	427	201	484	1.41e-20	97.8
PfCD01_080014700|DBLd|1|915|1374	PH0332-C.g426	88.147	464	37	4	3	460	903	1354	0.0	793
PfCD01_080014700|DBLd|1|915|1374	PH0332-C.g426	27.859	341	188	12	166	460	193	521	3.05e-19	93.6
PfCD01_080014700|DBLd|1|915|1374	PT0137-C.g818	88.627	466	35	7	1	460	830	1283	0.0	784
PfCD01_080014700|DBLd|1|915|1374	PT0137-C.g818	28.529	340	167	10	166	460	175	483	3.66e-26	114
PfCD01_080014700|CIDRg|1|1375|1626	PV0023-C.g145	99.603	252	1	0	1	252	717	968	5.78e-178	518
PfCD01_080014700|CIDRg|1|1375|1626	PA0059-C.g363	99.603	252	1	0	1	252	1081	1332	1.63e-174	519
PfCD01_080014700|CIDRg|1|1375|1626	PA0016-C.g322	99.603	252	1	0	1	252	983	1234	4.25e-174	517
PfCD01_080014700|CIDRg|1|1375|1626	PV0236-C.g29	99.603	252	1	0	1	252	1107	1358	9.63e-174	518
PfCD01_080014700|CIDRg|1|1375|1626	PV0182-C.g77	99.603	252	1	0	1	252	1068	1319	2.03e-173	517
PfCD01_080014700|ATS|1|1737|2193	PV0287-C.g9	98.906	457	5	0	1	457	843	1299	0.0	923
PfCD01_080014700|ATS|1|1737|2193	PV0084-C.g4	97.593	457	11	0	1	457	1732	2188	0.0	915
PfCD01_080014700|ATS|1|1737|2193	PV0239-C.g22	96.718	457	15	0	1	457	1742	2198	0.0	909
PfCD01_080014700|ATS|1|1737|2193	PV0211-C.g28	96.718	457	15	0	1	457	1742	2198	0.0	909
PfCD01_080014700|ATS|1|1737|2193	PH0248-C.g293	96.499	457	16	0	1	457	1682	2138	0.0	900
PfCD01_080039400|NTS|1|1|67	PT0106-C.g782	83.051	59	9	1	10	67	16	74	3.83e-24	95.5
PfCD01_080039400|NTS|1|1|67	PM0124-C.g597	81.967	61	10	1	8	67	5	65	1.16e-23	94.0
PfCD01_080039400|NTS|1|1|67	PA0188-C.g743	78.333	60	12	1	9	67	6	65	2.32e-23	93.2
PfCD01_080039400|NTS|1|1|67	PA0137-C.g710	78.333	60	12	1	9	67	6	65	2.32e-23	93.2
PfCD01_080039400|NTS|1|1|67	PA0078-C.g484	78.333	60	12	1	9	67	6	65	2.32e-23	93.2
PfCD01_080039400|DBLa|1|68|505	PA0188-C.g743	73.148	432	99	4	12	438	80	499	0.0	619
PfCD01_080039400|DBLa|1|68|505	PA0188-C.g743	29.167	312	164	14	148	438	1010	1285	1.20e-16	85.1
PfCD01_080039400|DBLa|1|68|505	PA0137-C.g710	73.148	432	99	4	12	438	80	499	0.0	619
PfCD01_080039400|DBLa|1|68|505	PA0137-C.g710	29.167	312	164	14	148	438	1010	1285	1.20e-16	85.1
PfCD01_080039400|DBLa|1|68|505	PA0078-C.g484	73.148	432	99	4	12	438	80	499	0.0	619
PfCD01_080039400|DBLa|1|68|505	PA0078-C.g484	29.167	312	164	14	148	438	1010	1285	1.20e-16	85.1
PfCD01_080039400|DBLa|1|68|505	PA0071-C.g71	73.148	432	99	4	12	438	80	499	0.0	619
PfCD01_080039400|DBLa|1|68|505	PA0071-C.g71	29.167	312	164	14	148	438	1010	1285	1.20e-16	85.1
PfCD01_080039400|DBLa|1|68|505	PA0052-C.g634	73.148	432	99	4	12	438	80	499	0.0	619
PfCD01_080039400|DBLa|1|68|505	PA0052-C.g634	29.167	312	164	14	148	438	1010	1285	1.20e-16	85.1
PfCD01_080039400|CIDRa|1|506|747	PM0100-C.g2451	77.686	242	53	1	1	242	478	718	2.16e-124	382
PfCD01_080039400|CIDRa|1|506|747	PA0065-C.g223	78.512	242	50	2	1	242	497	736	2.50e-121	382
PfCD01_080039400|CIDRa|1|506|747	QE0398-C.g5	73.577	246	60	2	1	242	120	364	5.57e-118	367
PfCD01_080039400|CIDRa|1|506|747	PA0008-C.g257	76.446	242	56	1	1	242	484	724	5.70e-118	372
PfCD01_080039400|CIDRa|1|506|747	PH0589-C.g548	73.577	246	60	2	1	242	499	743	3.72e-117	369
PfCD01_080039400|CIDRa|1|506|747	PH0589-C.g548	27.928	111	78	2	66	175	1441	1550	1.10e-07	54.7
PfCD01_080039400|DBLd|1|826|1324	PM0108-C.g589	54.296	547	179	12	1	499	106	629	2.12e-176	524
PfCD01_080039400|DBLd|1|826|1324	SenT067.11.g302	56.762	525	157	13	1	499	852	1332	2.82e-170	525
PfCD01_080039400|DBLd|1|826|1324	SenT067.11.g302	27.509	269	154	11	251	499	270	517	3.80e-11	68.6
PfCD01_080039400|DBLd|1|826|1324	QE0467-C.g969	54.510	510	197	15	1	499	900	1385	1.12e-159	497
PfCD01_080039400|DBLd|1|826|1324	QE0467-C.g969	26.554	354	191	15	185	499	184	507	5.08e-17	87.0
PfCD01_080039400|DBLd|1|826|1324	PT0101-C.g647	53.591	543	201	17	1	499	868	1403	2.81e-159	496
PfCD01_080039400|DBLd|1|826|1324	PT0101-C.g647	27.011	348	192	13	184	499	179	496	4.56e-18	90.5
PfCD01_080039400|DBLd|1|826|1324	QE0475-C.g8	54.167	504	196	15	1	493	900	1379	1.52e-157	484
PfCD01_080039400|DBLd|1|826|1324	QE0475-C.g8	27.586	319	166	13	217	499	218	507	3.79e-17	87.4
PfCD01_080039400|CIDRb|1|1325|1596	PM0108-C.g589	76.136	264	55	3	1	264	630	885	2.65e-130	395
PfCD01_080039400|CIDRb|1|1325|1596	QE0469-C.g137	72.794	272	68	1	1	272	778	1043	1.88e-128	394
PfCD01_080039400|CIDRb|1|1325|1596	PT0222-C.g726	74.539	271	62	2	1	271	2651	2914	1.36e-127	401
PfCD01_080039400|CIDRb|1|1325|1596	QE0424-C.g273	73.162	272	67	1	1	272	1915	2180	2.53e-125	395
PfCD01_080039400|CIDRb|1|1325|1596	PH0729-C.g279	72.000	275	66	4	1	272	738	1004	7.01e-125	384
PfCD01_080039400|ATS|1|1707|2189	PV0028-C.g43	76.543	486	62	6	1	483	1843	2279	0.0	717
PfCD01_080039400|ATS|1|1707|2189	PT0095-C.g144	81.015	453	63	7	7	455	2288	2721	0.0	712
PfCD01_080039400|ATS|1|1707|2189	PD0483-C.g348	76.543	486	83	6	1	483	2589	3046	0.0	706
PfCD01_080039400|ATS|1|1707|2189	PV0211-C.g126	73.973	511	99	11	1	483	841	1345	0.0	689
PfCD01_080039400|ATS|1|1707|2189	PV0211-C.g122	75.000	492	110	9	1	483	891	1378	0.0	685
PfCD01_090005600|NTS|1|1|62	PT0222-C.g299	84.211	57	9	0	6	62	10	66	3.60e-25	98.2
PfCD01_090005600|NTS|1|1|62	QE0453-C.g528	70.000	70	13	2	1	62	1	70	4.35e-22	89.4
PfCD01_090005600|NTS|1|1|62	PV0195-C.g32	70.000	70	13	2	1	62	1	70	4.35e-22	89.4
PfCD01_090005600|NTS|1|1|62	PH0248-C.g125	70.000	70	13	2	1	62	1	70	4.43e-22	89.4
PfCD01_090005600|NTS|1|1|62	PD0503-C.g153	70.000	70	13	2	1	62	1	70	4.43e-22	89.4
PfCD01_090005600|DBLa|1|63|504	QE0483-C.g284	74.945	455	80	10	1	442	37	470	0.0	667
PfCD01_090005600|DBLa|1|63|504	QE0483-C.g284	33.588	262	127	11	8	263	873	1093	6.73e-25	110
PfCD01_090005600|DBLa|1|63|504	QE0483-C.g284	24.252	301	152	8	48	339	1312	1545	1.65e-13	75.5
PfCD01_090005600|DBLa|1|63|504	QE0483-C.g284	35.484	124	71	4	225	342	1933	2053	5.61e-12	70.9
PfCD01_090005600|DBLa|1|63|504	PV0233-C.g33	74.945	455	80	10	1	442	66	499	0.0	667
PfCD01_090005600|DBLa|1|63|504	PV0233-C.g33	33.588	262	127	11	8	263	902	1122	6.68e-25	110
PfCD01_090005600|DBLa|1|63|504	PV0233-C.g33	24.252	301	152	8	48	339	1341	1574	1.87e-13	75.5
PfCD01_090005600|DBLa|1|63|504	PV0233-C.g33	35.484	124	71	4	225	342	1962	2082	5.66e-12	70.5
PfCD01_090005600|DBLa|1|63|504	QE0417-C.g103	74.945	455	80	10	1	442	37	470	0.0	664
PfCD01_090005600|DBLa|1|63|504	QE0417-C.g103	33.588	262	127	11	8	263	873	1093	6.40e-25	110
PfCD01_090005600|DBLa|1|63|504	QE0453-C.g528	72.345	452	100	9	1	442	71	507	0.0	653
PfCD01_090005600|DBLa|1|63|504	QE0453-C.g528	35.345	232	101	9	52	276	963	1152	3.73e-25	111
PfCD01_090005600|DBLa|1|63|504	QE0453-C.g528	27.439	328	161	14	145	442	1911	2191	9.52e-18	88.6
PfCD01_090005600|DBLa|1|63|504	QE0453-C.g528	25.478	314	161	11	48	344	1360	1617	3.17e-15	80.9
PfCD01_090005600|DBLa|1|63|504	PV0195-C.g32	72.345	452	100	9	1	442	71	507	0.0	653
PfCD01_090005600|DBLa|1|63|504	PV0195-C.g32	35.345	232	101	9	52	276	963	1152	3.73e-25	111
PfCD01_090005600|DBLa|1|63|504	PV0195-C.g32	27.439	328	161	14	145	442	1911	2191	9.52e-18	88.6
PfCD01_090005600|DBLa|1|63|504	PV0195-C.g32	25.478	314	161	11	48	344	1360	1617	3.17e-15	80.9
PfCD01_090005600|CIDRa|1|505|820	QE0417-C.g103	99.051	316	3	0	1	316	471	786	0.0	635
PfCD01_090005600|CIDRa|1|505|820	PV0233-C.g33	99.051	316	3	0	1	316	500	815	0.0	634
PfCD01_090005600|CIDRa|1|505|820	QE0483-C.g284	99.051	316	3	0	1	316	471	786	0.0	634
PfCD01_090005600|CIDRa|1|505|820	QG0281-C.g1159	84.177	316	39	3	1	316	507	811	5.79e-169	521
PfCD01_090005600|CIDRa|1|505|820	SenT052.11.g446	82.895	304	41	2	1	304	499	791	1.97e-158	475
PfCD01_090005600|DBLb|1|830|1303	QG0281-C.g1159	99.578	474	2	0	1	474	821	1294	0.0	993
PfCD01_090005600|DBLb|1|830|1303	QG0281-C.g1159	31.268	355	174	16	44	354	36	364	6.96e-29	123
PfCD01_090005600|DBLb|1|830|1303	QG0281-C.g1159	24.723	271	164	8	103	348	1345	1600	3.75e-12	71.6
PfCD01_090005600|DBLb|1|830|1303	PA0253-C.g673	60.208	480	160	10	1	474	692	1146	0.0	549
PfCD01_090005600|DBLb|1|830|1303	PA0253-C.g673	30.303	363	159	16	69	364	16	351	6.04e-31	129
PfCD01_090005600|DBLb|1|830|1303	PD0464-C.g480	57.927	492	174	12	1	474	372	848	9.10e-179	556
PfCD01_090005600|DBLb|1|830|1303	PD0464-C.g480	30.000	410	206	14	95	474	2100	2458	4.07e-37	148
PfCD01_090005600|DBLb|1|830|1303	PD0464-C.g480	29.213	267	137	11	114	358	1680	1916	3.21e-13	74.7
PfCD01_090005600|DBLb|1|830|1303	PD0546-C.g22	57.927	492	174	12	1	474	818	1294	1.57e-178	557
PfCD01_090005600|DBLb|1|830|1303	PD0546-C.g22	30.000	410	206	14	95	474	2546	2904	2.72e-37	148
PfCD01_090005600|DBLb|1|830|1303	PD0546-C.g22	31.321	265	144	10	25	273	21	263	8.31e-23	104
PfCD01_090005600|DBLb|1|830|1303	PD0546-C.g22	29.213	267	137	11	114	358	2126	2362	3.02e-13	75.1
PfCD01_090005600|DBLb|1|830|1303	PD0569-C.g218	57.927	492	174	12	1	474	842	1318	2.12e-178	556
PfCD01_090005600|DBLb|1|830|1303	PD0569-C.g218	30.000	410	206	14	95	474	2570	2928	3.19e-37	148
PfCD01_090005600|DBLb|1|830|1303	PD0569-C.g218	31.183	372	186	16	25	354	21	364	1.03e-30	129
PfCD01_090005600|DBLb|1|830|1303	PD0569-C.g218	29.213	267	137	11	114	358	2150	2386	2.94e-13	75.1
PfCD01_090005600|DBLg|1|1320|1696	PT0242-Cx.g838	71.240	379	103	5	1	377	1207	1581	6.41e-175	542
PfCD01_090005600|DBLg|1|1320|1696	PT0242-Cx.g838	34.483	348	179	9	1	300	1588	1934	1.77e-52	190
PfCD01_090005600|DBLg|1|1320|1696	PT0242-Cx.g838	28.244	262	157	9	50	296	2349	2594	9.09e-16	81.6
PfCD01_090005600|DBLg|1|1320|1696	PT0242-Cx.g838	23.723	274	157	9	50	294	843	1093	3.34e-11	67.4
PfCD01_090005600|DBLg|1|1320|1696	PT0242-Cx.g838	23.305	236	132	8	47	257	114	325	1.62e-07	55.8
PfCD01_090005600|DBLg|1|1320|1696	PA0038-C.g156	67.008	391	111	7	1	377	1211	1597	1.54e-163	509
PfCD01_090005600|DBLg|1|1320|1696	PA0038-C.g156	34.483	348	179	9	1	300	1604	1950	2.17e-52	189
PfCD01_090005600|DBLg|1|1320|1696	PA0038-C.g156	28.244	262	157	9	50	296	2365	2610	9.87e-16	81.6
PfCD01_090005600|DBLg|1|1320|1696	PA0038-C.g156	25.090	279	137	10	50	294	850	1090	9.58e-14	75.5
PfCD01_090005600|DBLg|1|1320|1696	PA0245-C.g117	67.708	384	99	5	1	377	1248	1613	1.56e-163	509
PfCD01_090005600|DBLg|1|1320|1696	PA0245-C.g117	38.754	289	142	7	1	257	1620	1905	3.31e-50	183
PfCD01_090005600|DBLg|1|1320|1696	PA0245-C.g117	30.739	257	150	9	50	295	2385	2624	2.22e-21	98.6
PfCD01_090005600|DBLg|1|1320|1696	PA0245-C.g117	25.407	307	156	11	47	340	2754	3000	9.36e-16	81.6
PfCD01_090005600|DBLg|1|1320|1696	PA0245-C.g117	22.945	292	153	8	39	295	862	1116	3.11e-12	70.9
PfCD01_090005600|DBLg|1|1320|1696	PV0083-C.g29	64.858	387	116	7	1	377	1385	1761	1.61e-158	495
PfCD01_090005600|DBLg|1|1320|1696	PV0083-C.g29	35.897	234	109	5	1	194	1768	2000	1.39e-41	158
PfCD01_090005600|DBLg|1|1320|1696	PV0083-C.g29	28.391	317	160	12	34	338	2593	2854	1.42e-22	102
PfCD01_090005600|DBLg|1|1320|1696	PV0083-C.g29	25.448	279	143	9	46	294	1016	1259	7.84e-13	72.8
PfCD01_090005600|DBLg|1|1320|1696	QE0483-C.g124	64.858	387	116	7	1	377	1208	1584	1.71e-158	495
PfCD01_090005600|DBLg|1|1320|1696	QE0483-C.g124	35.897	234	109	5	1	194	1591	1823	1.34e-41	158
PfCD01_090005600|DBLg|1|1320|1696	QE0483-C.g124	28.391	317	160	12	34	338	2416	2677	1.35e-22	102
PfCD01_090005600|DBLg|1|1320|1696	QE0483-C.g124	25.263	285	136	10	46	294	839	1082	7.66e-13	72.8
PfCD01_090005600|DBLd|1|1703|2170	QG0276-C.g7	74.330	522	77	8	1	468	147	665	0.0	727
PfCD01_090005600|DBLd|1|1703|2170	QE0483-C.g124	51.927	493	199	11	1	468	1591	2070	6.31e-147	466
PfCD01_090005600|DBLd|1|1703|2170	QE0483-C.g124	29.925	401	174	16	1	395	1208	1507	1.21e-34	140
PfCD01_090005600|DBLd|1|1703|2170	QE0483-C.g124	27.052	329	178	13	151	468	182	459	2.30e-20	97.4
PfCD01_090005600|DBLd|1|1703|2170	QE0414-C.g256	51.927	493	199	11	1	468	1591	2070	6.31e-147	466
PfCD01_090005600|DBLd|1|1703|2170	QE0414-C.g256	29.925	401	174	16	1	395	1208	1507	1.21e-34	140
PfCD01_090005600|DBLd|1|1703|2170	QE0414-C.g256	27.052	329	178	13	151	468	182	459	2.30e-20	97.4
PfCD01_090005600|DBLd|1|1703|2170	PV0258-C.g9	51.927	493	199	11	1	468	1591	2070	6.31e-147	466
PfCD01_090005600|DBLd|1|1703|2170	PV0258-C.g9	29.925	401	174	16	1	395	1208	1507	1.21e-34	140
PfCD01_090005600|DBLd|1|1703|2170	PV0258-C.g9	27.052	329	178	13	151	468	182	459	2.30e-20	97.4
PfCD01_090005600|DBLd|1|1703|2170	PH0774-C.g206	51.927	493	199	11	1	468	1591	2070	6.31e-147	466
PfCD01_090005600|DBLd|1|1703|2170	PH0774-C.g206	29.925	401	174	16	1	395	1208	1507	1.21e-34	140
PfCD01_090005600|DBLd|1|1703|2170	PH0774-C.g206	27.052	329	178	13	151	468	182	459	2.30e-20	97.4
PfCD01_090005600|CIDRb|1|2171|2437	QG0276-C.g7	100.000	267	0	0	1	267	666	932	0.0	555
PfCD01_090005600|CIDRb|1|2171|2437	QG0218-C.g408	72.332	253	55	6	1	253	1410	1647	2.17e-109	348
PfCD01_090005600|CIDRb|1|2171|2437	PM0017-C.g256	69.549	266	64	6	1	264	1904	2154	3.13e-109	348
PfCD01_090005600|CIDRb|1|2171|2437	QE0414-C.g605	68.030	269	76	3	1	267	1454	1714	1.20e-106	341
PfCD01_090005600|CIDRb|1|2171|2437	QE0414-C.g605	40.000	65	38	1	115	178	665	729	5.53e-07	52.8
PfCD01_090005600|CIDRb|1|2171|2437	PV0035-C.g31	68.030	269	76	3	1	267	1454	1714	1.20e-106	341
PfCD01_090005600|CIDRb|1|2171|2437	PV0035-C.g31	40.000	65	38	1	115	178	665	729	5.53e-07	52.8
PfCD01_090005600|ATS|1|2540|2970	PV0028-C.g43	83.562	438	64	5	1	431	1843	2279	0.0	732
PfCD01_090005600|ATS|1|2540|2970	PA0270-C.g443	80.702	456	62	5	1	431	2185	2639	0.0	724
PfCD01_090005600|ATS|1|2540|2970	PV0229-C.g26	81.897	464	50	7	1	431	1803	2265	0.0	718
PfCD01_090005600|ATS|1|2540|2970	PC0097-C.g664	81.292	449	65	5	1	431	2364	2811	0.0	712
PfCD01_090005600|ATS|1|2540|2970	PC0113-C.g949	83.784	444	58	6	1	431	1702	2144	0.0	700
PfCD01_090005800|NTS|1|1|67	PC0016-C.g67	100.000	67	0	0	1	67	1	67	5.30e-39	137
PfCD01_090005800|NTS|1|1|67	PH0556-C.g464	100.000	67	0	0	1	67	1	67	3.16e-38	135
PfCD01_090005800|NTS|1|1|67	PH0332-C.g290	100.000	67	0	0	1	67	1	67	3.16e-38	135
PfCD01_090005800|NTS|1|1|67	PD0539-C.g441	100.000	67	0	0	1	67	1	67	3.42e-38	135
PfCD01_090005800|NTS|1|1|67	PD0530-C.g517	100.000	67	0	0	1	67	1	67	3.42e-38	135
PfCD01_090005800|DBLa|1|68|459	PH0556-C.g464	87.245	392	50	0	1	392	68	459	0.0	713
PfCD01_090005800|DBLa|1|68|459	PH0556-C.g464	29.508	366	195	12	1	344	792	1116	8.00e-33	133
PfCD01_090005800|DBLa|1|68|459	PH0556-C.g464	29.615	260	147	10	154	392	1523	1767	1.63e-16	84.3
PfCD01_090005800|DBLa|1|68|459	PH0332-C.g290	87.245	392	50	0	1	392	68	459	0.0	713
PfCD01_090005800|DBLa|1|68|459	PH0332-C.g290	29.508	366	195	12	1	344	792	1116	8.00e-33	133
PfCD01_090005800|DBLa|1|68|459	PH0332-C.g290	29.615	260	147	10	154	392	1523	1767	1.63e-16	84.3
PfCD01_090005800|DBLa|1|68|459	PD0539-C.g441	87.245	392	50	0	1	392	68	459	0.0	713
PfCD01_090005800|DBLa|1|68|459	PD0539-C.g441	27.692	260	152	8	154	392	1627	1871	1.60e-16	84.3
PfCD01_090005800|DBLa|1|68|459	PD0539-C.g441	26.452	310	169	12	20	308	910	1181	9.57e-14	75.5
PfCD01_090005800|DBLa|1|68|459	PD0530-C.g517	87.245	392	50	0	1	392	68	459	0.0	713
PfCD01_090005800|DBLa|1|68|459	PD0530-C.g517	27.692	260	152	8	154	392	1627	1871	1.60e-16	84.3
PfCD01_090005800|DBLa|1|68|459	PD0530-C.g517	26.452	310	169	12	20	308	910	1181	9.57e-14	75.5
PfCD01_090005800|DBLa|1|68|459	PD0487-C.g435	87.245	392	50	0	1	392	68	459	0.0	713
PfCD01_090005800|DBLa|1|68|459	PD0487-C.g435	27.692	260	152	8	154	392	1627	1871	1.60e-16	84.3
PfCD01_090005800|DBLa|1|68|459	PD0487-C.g435	26.452	310	169	12	20	308	910	1181	9.57e-14	75.5
PfCD01_090005800|CIDRa|1|460|710	PV0087-C.g11	75.000	252	62	1	1	251	460	711	4.33e-115	362
PfCD01_090005800|CIDRa|1|460|710	PV0230-C.g2	75.000	252	62	1	1	251	464	715	2.10e-114	362
PfCD01_090005800|CIDRa|1|460|710	QE0475-C.g143	75.000	252	62	1	1	251	460	711	3.12e-114	362
PfCD01_090005800|CIDRa|1|460|710	QE0454-C.g708	75.000	252	62	1	1	251	460	711	3.12e-114	362
PfCD01_090005800|CIDRa|1|460|710	PC0046-C.g385	69.412	255	74	2	1	251	470	724	1.56e-109	345
PfCD01_090005800|DBLg|1|741|1092	PC0046-C.g461	98.580	352	5	0	1	352	756	1107	0.0	714
PfCD01_090005800|DBLg|1|741|1092	PC0046-C.g461	24.126	286	166	10	41	292	120	388	6.20e-11	66.2
PfCD01_090005800|DBLg|1|741|1092	PF0816-C.g910	94.886	352	18	0	1	352	752	1103	0.0	664
PfCD01_090005800|DBLg|1|741|1092	PF0816-C.g910	43.299	291	139	12	1	276	2275	2554	8.21e-57	201
PfCD01_090005800|DBLg|1|741|1092	PF0816-C.g910	31.722	331	163	9	20	292	1126	1451	1.41e-43	163
PfCD01_090005800|DBLg|1|741|1092	PF0816-C.g910	26.481	287	156	12	41	292	120	386	3.45e-15	79.3
PfCD01_090005800|DBLg|1|741|1092	PF0816-C.g910	25.795	283	172	7	24	290	1908	2168	4.56e-12	70.1
PfCD01_090005800|DBLg|1|741|1092	PA0038-C.g78	93.750	352	22	0	1	352	694	1045	0.0	657
PfCD01_090005800|DBLg|1|741|1092	PA0038-C.g78	24.468	282	163	10	42	289	122	387	1.71e-12	70.9
PfCD01_090005800|DBLg|1|741|1092	SenT036.10.g353	93.750	352	22	0	1	352	400	751	0.0	656
PfCD01_090005800|DBLg|1|741|1092	SenT036.10.g353	40.000	375	197	12	1	352	1940	2309	2.85e-62	217
PfCD01_090005800|DBLg|1|741|1092	SenT036.10.g353	31.003	329	158	11	20	285	774	1096	2.65e-38	147
PfCD01_090005800|DBLg|1|741|1092	SenT036.10.g353	27.019	359	199	13	1	352	2355	2657	2.81e-26	112
PfCD01_090005800|DBLg|1|741|1092	SenT036.10.g353	22.324	327	181	9	44	326	1566	1863	2.72e-09	61.2
PfCD01_090005800|DBLg|1|741|1092	PfKE02.g252	92.898	352	25	0	1	352	757	1108	0.0	652
PfCD01_090005800|DBLg|1|741|1092	PfKE02.g252	40.000	375	197	12	1	352	2297	2666	2.79e-62	217
PfCD01_090005800|DBLg|1|741|1092	PfKE02.g252	31.003	329	158	11	20	285	1131	1453	2.38e-38	148
PfCD01_090005800|DBLg|1|741|1092	PfKE02.g252	26.780	295	160	10	1	290	2712	2955	5.04e-21	97.1
PfCD01_090005800|DBLg|1|741|1092	PfKE02.g252	25.939	293	154	11	42	292	121	392	4.02e-11	67.0
PfCD01_090005800|DBLg|1|741|1092	PfKE02.g252	22.324	327	181	10	44	326	1923	2220	3.80e-09	60.8
PfCD01_090005800|DBLd|1|1097|1508	PT0041-C.g474	100.000	412	0	0	1	412	1623	2034	0.0	856
PfCD01_090005800|DBLd|1|1097|1508	PT0041-C.g474	30.380	316	163	5	29	341	1290	1551	9.80e-39	151
PfCD01_090005800|DBLd|1|1097|1508	PT0041-C.g474	29.945	364	167	13	1	345	2776	3070	4.35e-35	140
PfCD01_090005800|DBLd|1|1097|1508	PT0041-C.g474	27.844	334	195	9	107	412	161	476	1.41e-23	106
PfCD01_090005800|DBLd|1|1097|1508	PT0041-C.g474	24.000	300	157	13	32	303	835	1091	2.62e-10	65.1
PfCD01_090005800|DBLd|1|1097|1508	PfKE02.g252	100.000	412	0	0	1	412	1113	1524	0.0	856
PfCD01_090005800|DBLd|1|1097|1508	PfKE02.g252	31.322	348	183	13	1	342	2297	2594	4.01e-40	155
PfCD01_090005800|DBLd|1|1097|1508	PfKE02.g252	32.229	332	150	12	19	341	776	1041	9.44e-34	136
PfCD01_090005800|DBLd|1|1097|1508	PfKE02.g252	25.672	335	203	8	107	412	151	468	1.79e-19	93.6
PfCD01_090005800|DBLd|1|1097|1508	PfKE02.g252	23.582	335	153	12	16	345	2718	2954	3.82e-07	55.1
PfCD01_090005800|DBLd|1|1097|1508	SenT036.10.g353	100.000	412	0	0	1	412	756	1167	0.0	855
PfCD01_090005800|DBLd|1|1097|1508	SenT036.10.g353	31.322	348	183	13	1	342	1940	2237	3.89e-40	155
PfCD01_090005800|DBLd|1|1097|1508	SenT036.10.g353	32.229	332	150	12	19	341	419	684	9.80e-34	136
PfCD01_090005800|DBLd|1|1097|1508	SenT036.10.g353	32.203	177	103	5	251	412	1	175	1.01e-16	85.1
PfCD01_090005800|DBLd|1|1097|1508	SenT036.10.g353	23.582	335	153	12	16	345	2361	2597	3.90e-07	55.1
PfCD01_090005800|DBLd|1|1097|1508	PC0046-C.g452	99.757	412	1	0	1	412	80	491	0.0	853
PfCD01_090005800|DBLd|1|1097|1508	PA0038-C.g77	100.000	362	0	0	51	412	1	362	0.0	749
PfCD01_090005800|DBLd|1|1097|1508	PA0038-C.g77	31.322	348	183	13	1	342	1135	1432	2.93e-40	155
PfCD01_090005800|DBLd|1|1097|1508	PA0038-C.g77	23.582	335	153	12	16	345	1556	1792	2.72e-07	55.5
PfCD01_090005800|CIDRb|1|1509|1763	PC0046-C.g452	98.824	255	3	0	1	255	492	746	9.94e-173	512
PfCD01_090005800|CIDRb|1|1509|1763	PA0038-C.g77	98.824	255	3	0	1	255	363	617	6.36e-168	513
PfCD01_090005800|CIDRb|1|1509|1763	PFKE07.g255	98.824	255	3	0	1	255	1997	2251	1.98e-167	514
PfCD01_090005800|CIDRb|1|1509|1763	PT0041-C.g474	98.824	255	3	0	1	255	2035	2289	5.68e-167	513
PfCD01_090005800|CIDRb|1|1509|1763	PT0041-C.g474	23.636	220	141	8	38	243	513	719	1.21e-07	54.7
PfCD01_090005800|CIDRb|1|1509|1763	PfKE02.g252	98.824	255	3	0	1	255	1525	1779	1.84e-166	512
PfCD01_090005800|DBLb|1|1792|2255	PA0027-C.g333	82.655	467	70	3	1	464	1825	2283	0.0	780
PfCD01_090005800|DBLb|1|1792|2255	PA0027-C.g333	30.623	369	183	17	48	364	41	388	7.93e-28	120
PfCD01_090005800|DBLb|1|1792|2255	PA0027-C.g333	26.573	286	160	10	109	386	2718	2961	5.78e-15	80.5
PfCD01_090005800|DBLb|1|1792|2255	PA0027-C.g333	23.774	265	159	8	121	363	2340	2583	9.54e-15	79.7
PfCD01_090005800|DBLb|1|1792|2255	PA0027-C.g333	26.855	283	139	13	121	364	803	1056	1.10e-10	66.6
PfCD01_090005800|DBLb|1|1792|2255	PA0021-C.g297	82.655	467	70	3	1	464	1825	2283	0.0	780
PfCD01_090005800|DBLb|1|1792|2255	PA0021-C.g297	30.623	369	183	17	48	364	41	388	7.93e-28	120
PfCD01_090005800|DBLb|1|1792|2255	PA0021-C.g297	26.573	286	160	10	109	386	2718	2961	5.78e-15	80.5
PfCD01_090005800|DBLb|1|1792|2255	PA0021-C.g297	23.774	265	159	8	121	363	2340	2583	9.54e-15	79.7
PfCD01_090005800|DBLb|1|1792|2255	PA0021-C.g297	26.855	283	139	13	121	364	803	1056	1.10e-10	66.6
PfCD01_090005800|DBLb|1|1792|2255	PT0035-C.g114	80.514	467	87	4	1	464	1810	2275	0.0	759
PfCD01_090005800|DBLb|1|1792|2255	PT0035-C.g114	30.792	341	171	13	68	363	67	387	5.69e-29	123
PfCD01_090005800|DBLb|1|1792|2255	PT0035-C.g114	27.211	294	170	13	123	396	801	1070	6.01e-11	67.4
PfCD01_090005800|DBLb|1|1792|2255	PT0005-CW.g867	80.514	467	87	4	1	464	930	1395	0.0	758
PfCD01_090005800|DBLb|1|1792|2255	PT0005-CW.g867	27.731	238	135	11	172	396	1	214	5.15e-08	58.2
PfCD01_090005800|DBLb|1|1792|2255	PA0197-C.g875	81.023	469	82	6	1	464	1782	2248	0.0	758
PfCD01_090005800|DBLb|1|1792|2255	PA0197-C.g875	31.335	367	183	13	45	363	37	382	1.21e-30	128
PfCD01_090005800|DBLb|1|1792|2255	PA0197-C.g875	28.839	267	143	12	93	341	2301	2538	4.39e-16	84.0
PfCD01_090005800|DBLb|1|1792|2255	PA0197-C.g875	21.662	337	183	10	123	397	1150	1467	1.03e-12	73.2
PfCD01_090005800|DBLb|1|1792|2255	PA0197-C.g875	27.170	265	151	12	123	364	795	1040	6.60e-10	64.3
PfCD01_090005800|DBLg|2|2284|2655	PA0038-C.g77	91.200	375	25	3	1	372	1135	1504	0.0	684
PfCD01_090005800|DBLg|2|2284|2655	PA0038-C.g77	32.203	295	150	11	51	298	1	292	9.47e-34	135
PfCD01_090005800|DBLg|2|2284|2655	PA0038-C.g77	25.749	334	174	13	48	372	1584	1852	3.01e-17	86.3
PfCD01_090005800|DBLg|2|2284|2655	PA0038-C.g77	26.374	273	148	9	48	298	761	1002	1.02e-13	75.1
PfCD01_090005800|DBLg|2|2284|2655	PfKE02.g252	91.200	375	25	3	1	372	2297	2666	0.0	682
PfCD01_090005800|DBLg|2|2284|2655	PfKE02.g252	36.675	379	207	12	2	372	755	1108	3.75e-54	194
PfCD01_090005800|DBLg|2|2284|2655	PfKE02.g252	30.326	399	213	15	1	341	1113	1504	5.47e-40	153
PfCD01_090005800|DBLg|2|2284|2655	PfKE02.g252	25.769	260	136	8	48	301	2746	2954	1.89e-15	80.5
PfCD01_090005800|DBLg|2|2284|2655	PfKE02.g252	27.083	288	159	10	46	301	121	389	2.62e-15	80.1
PfCD01_090005800|DBLg|2|2284|2655	PfKE02.g252	26.007	273	149	9	48	298	1923	2164	3.74e-14	76.6
PfCD01_090005800|DBLg|2|2284|2655	SenT036.10.g353	91.200	375	25	3	1	372	1940	2309	0.0	682
PfCD01_090005800|DBLg|2|2284|2655	SenT036.10.g353	37.566	378	205	13	1	366	400	758	3.25e-54	194
PfCD01_090005800|DBLg|2|2284|2655	SenT036.10.g353	30.326	399	213	15	1	341	756	1147	4.74e-40	153
PfCD01_090005800|DBLg|2|2284|2655	SenT036.10.g353	25.749	334	174	13	48	372	2389	2657	3.43e-17	85.9
PfCD01_090005800|DBLg|2|2284|2655	SenT036.10.g353	26.374	273	148	9	48	298	1566	1807	9.64e-14	75.5
PfCD01_090005800|DBLg|2|2284|2655	SenT036.10.g353	26.531	147	90	4	226	356	5	149	3.23e-07	55.1
PfCD01_090005800|DBLg|2|2284|2655	PF0393-CW.g333	76.517	379	78	3	1	372	942	1316	0.0	588
PfCD01_090005800|DBLg|2|2284|2655	PF0393-CW.g333	25.436	287	155	11	35	301	568	815	2.32e-13	73.9
PfCD01_090005800|DBLg|2|2284|2655	PF0393-CW.g333	22.796	329	180	11	48	372	1396	1654	3.37e-11	67.4
PfCD01_090005800|DBLg|2|2284|2655	PF0393-CW.g333	27.536	138	77	3	218	332	7	144	5.24e-09	60.5
PfCD01_090005800|DBLg|2|2284|2655	PT0063-C.g348	71.658	374	95	4	1	372	1291	1655	0.0	553
PfCD01_090005800|DBLg|2|2284|2655	PT0063-C.g348	24.834	302	168	9	42	308	114	391	5.87e-15	79.0
PfCD01_090005800|DBLg|2|2284|2655	PT0063-C.g348	25.079	315	179	9	42	348	1729	1994	4.26e-14	76.3
PfCD01_090005800|DBLg|2|2284|2655	PT0063-C.g348	23.897	272	156	8	48	301	924	1162	7.84e-12	69.3
PfCD01_090005800|DBLe|1|2691|2998	PF0393-CW.g333	81.481	243	43	2	1	242	1352	1593	3.19e-126	397
PfCD01_090005800|DBLe|1|2691|2998	PF0393-CW.g333	25.581	258	154	8	43	268	579	830	4.73e-11	65.9
PfCD01_090005800|DBLe|1|2691|2998	PT0158-C.g935	81.893	243	42	2	1	242	3118	3359	1.26e-125	397
PfCD01_090005800|DBLe|1|2691|2998	PT0158-C.g935	26.429	280	138	10	43	266	838	1105	1.95e-14	76.3
PfCD01_090005800|DBLe|1|2691|2998	PT0158-C.g935	26.812	276	141	13	43	263	2354	2623	3.40e-11	66.6
PfCD01_090005800|DBLe|1|2691|2998	PT0158-C.g935	23.958	288	174	9	41	292	1240	1518	1.42e-10	64.7
PfCD01_090005800|DBLe|1|2691|2998	PT0158-C.g935	23.963	217	117	10	36	206	116	330	2.62e-08	57.8
PfCD01_090005800|DBLe|1|2691|2998	PFKE07.g297	81.893	243	42	2	1	242	3118	3359	1.26e-125	397
PfCD01_090005800|DBLe|1|2691|2998	PFKE07.g297	26.429	280	138	10	43	266	838	1105	1.95e-14	76.3
PfCD01_090005800|DBLe|1|2691|2998	PFKE07.g297	26.812	276	141	13	43	263	2354	2623	3.40e-11	66.6
PfCD01_090005800|DBLe|1|2691|2998	PFKE07.g297	23.958	288	174	9	41	292	1240	1518	1.42e-10	64.7
PfCD01_090005800|DBLe|1|2691|2998	PFKE07.g297	23.963	217	117	10	36	206	116	330	2.62e-08	57.8
PfCD01_090005800|DBLe|1|2691|2998	PH0589-C.g664	76.894	264	56	3	1	263	2652	2911	2.41e-125	397
PfCD01_090005800|DBLe|1|2691|2998	PH0589-C.g664	29.319	191	105	8	43	205	1914	2102	3.53e-10	63.5
PfCD01_090005800|DBLe|1|2691|2998	PH0589-C.g664	25.688	218	118	9	36	211	114	329	2.62e-08	57.8
PfCD01_090005800|DBLe|1|2691|2998	PH0589-C.g664	23.116	199	108	5	37	191	790	987	2.85e-07	54.3
PfCD01_090005800|DBLe|1|2691|2998	QG0196-C.g1003	81.481	243	43	2	1	242	2709	2950	3.13e-125	396
PfCD01_090005800|DBLe|1|2691|2998	QG0196-C.g1003	27.311	238	129	8	43	240	1931	2164	8.01e-12	68.6
PfCD01_090005800|DBLe|1|2691|2998	QG0196-C.g1003	22.881	236	136	8	15	205	771	1005	8.04e-07	53.1
PfCD01_090005800|ATS|1|3060|3502	PA0204-C.g725	87.416	445	44	5	1	443	3319	3753	0.0	756
PfCD01_090005800|ATS|1|3060|3502	PFKE12.g2	80.000	445	72	6	1	443	2688	3117	0.0	707
PfCD01_090005800|ATS|1|3060|3502	PT0218-Cx.g21	82.812	448	61	7	1	443	2374	2810	0.0	698
PfCD01_090005800|ATS|1|3060|3502	PD0503-C.g454	81.839	446	74	4	1	443	2517	2958	0.0	697
PfCD01_090005800|ATS|1|3060|3502	PV0139-C.g35	79.912	453	78	3	1	443	2371	2820	0.0	697
PfCD01_090042900|NTS|1|1|74	QG0247-C.g1956	100.000	74	0	0	1	74	1	74	3.13e-43	150
PfCD01_090042900|NTS|1|1|74	QG0209-C.g865	100.000	74	0	0	1	74	1	74	3.39e-43	150
PfCD01_090042900|NTS|1|1|74	PM0156-C.g17	100.000	74	0	0	1	74	1	74	4.19e-43	149
PfCD01_090042900|NTS|1|1|74	PT0041-C.g354	95.946	74	3	0	1	74	1	74	7.62e-41	143
PfCD01_090042900|NTS|1|1|74	PfKE05.g187	94.595	74	4	0	1	74	1	74	4.97e-40	140
PfCD01_090042900|DBLa|1|75|483	QG0247-C.g1956	100.000	409	0	0	1	409	75	483	0.0	851
PfCD01_090042900|DBLa|1|75|483	QG0247-C.g1956	32.576	264	136	9	60	299	820	1065	1.13e-32	133
PfCD01_090042900|DBLa|1|75|483	QG0247-C.g1956	32.997	297	127	11	58	330	1301	1549	1.31e-32	132
PfCD01_090042900|DBLa|1|75|483	QG0247-C.g1956	27.077	325	182	12	117	409	2388	2689	2.86e-18	89.7
PfCD01_090042900|DBLa|1|75|483	QG0247-C.g1956	22.222	315	171	10	37	328	1684	1947	1.59e-11	68.9
PfCD01_090042900|DBLa|1|75|483	SenT136.09.g189	100.000	409	0	0	1	409	75	483	0.0	851
PfCD01_090042900|DBLa|1|75|483	SenT136.09.g189	31.551	374	194	16	14	370	1337	1665	8.56e-38	148
PfCD01_090042900|DBLa|1|75|483	SenT136.09.g189	33.216	283	134	11	58	330	852	1089	1.35e-30	127
PfCD01_090042900|DBLa|1|75|483	SenT136.09.g189	31.148	183	118	4	230	409	2179	2356	2.66e-14	77.8
PfCD01_090042900|DBLa|1|75|483	PT0041-C.g355	100.000	409	0	0	1	409	3	411	0.0	851
PfCD01_090042900|DBLa|1|75|483	PT0041-C.g355	35.780	327	146	10	19	329	1207	1485	1.68e-43	165
PfCD01_090042900|DBLa|1|75|483	PT0041-C.g355	32.955	264	135	9	60	299	748	993	1.60e-32	132
PfCD01_090042900|DBLa|1|75|483	PT0041-C.g355	23.885	314	158	10	45	328	1639	1901	2.13e-13	74.7
PfCD01_090042900|DBLa|1|75|483	PT0041-C.g355	23.019	265	150	8	184	409	2384	2633	1.17e-11	69.3
PfCD01_090042900|DBLa|1|75|483	QG0209-C.g865	100.000	409	0	0	1	409	75	483	0.0	850
PfCD01_090042900|DBLa|1|75|483	QG0209-C.g865	32.955	264	135	9	60	299	820	1065	1.25e-32	133
PfCD01_090042900|DBLa|1|75|483	QG0209-C.g865	25.000	296	176	10	48	333	1251	1510	5.77e-15	79.7
PfCD01_090042900|DBLa|1|75|483	QG0209-C.g865	29.752	121	84	1	212	331	2346	2466	1.39e-10	65.9
PfCD01_090042900|DBLa|1|75|483	QG0209-C.g865	23.264	288	160	9	55	328	1636	1876	4.34e-10	64.3
PfCD01_090042900|DBLa|1|75|483	PM0145-C.g389	100.000	409	0	0	1	409	384	792	0.0	847
PfCD01_090042900|DBLa|1|75|483	PM0145-C.g389	73.585	265	58	3	1	253	75	339	4.68e-122	392
PfCD01_090042900|DBLa|1|75|483	PM0145-C.g389	35.447	347	158	11	1	329	1577	1875	6.30e-45	169
PfCD01_090042900|DBLa|1|75|483	PM0145-C.g389	32.576	264	136	9	60	299	1129	1374	1.63e-32	132
PfCD01_090042900|DBLa|1|75|483	PM0145-C.g389	23.481	362	198	12	45	374	2029	2343	1.82e-12	72.0
PfCD01_090042900|DBLa|1|75|483	PM0145-C.g389	23.563	348	209	10	51	386	2437	2739	1.22e-11	69.3
PfCD01_090042900|CIDRa|1|484|733	PV0182-C.g69	99.200	250	2	0	1	250	466	715	8.60e-170	509
PfCD01_090042900|CIDRa|1|484|733	PV0117-C.g20	100.000	250	0	0	1	250	466	715	4.65e-168	511
PfCD01_090042900|CIDRa|1|484|733	PT0102-C.g26	100.000	250	0	0	1	250	487	736	4.79e-168	516
PfCD01_090042900|CIDRa|1|484|733	PT0041-C.g355	100.000	250	0	0	1	250	412	661	7.09e-168	516
PfCD01_090042900|CIDRa|1|484|733	PT0041-C.g355	23.922	255	175	7	5	249	2638	2883	4.34e-08	55.8
PfCD01_090042900|CIDRa|1|484|733	QG0247-C.g1956	100.000	250	0	0	1	250	484	733	1.50e-167	514
PfCD01_090042900|DBLb|1|742|1162	QG0247-C.g1956	100.000	421	0	0	1	421	742	1162	0.0	881
PfCD01_090042900|DBLb|1|742|1162	QG0247-C.g1956	40.773	466	205	13	8	421	1187	1633	3.18e-98	324
PfCD01_090042900|DBLb|1|742|1162	QG0247-C.g1956	32.576	264	136	9	79	324	134	373	1.46e-30	127
PfCD01_090042900|DBLb|1|742|1162	QG0247-C.g1956	23.507	268	169	10	79	332	1702	1947	8.59e-09	60.5
PfCD01_090042900|DBLb|1|742|1162	PT0041-C.g355	94.588	425	19	1	1	421	670	1094	0.0	836
PfCD01_090042900|DBLb|1|742|1162	PT0041-C.g355	46.281	363	161	9	79	421	1243	1591	1.62e-91	304
PfCD01_090042900|DBLb|1|742|1162	PT0041-C.g355	32.576	264	136	9	79	324	62	301	1.61e-30	127
PfCD01_090042900|DBLb|1|742|1162	PT0041-C.g355	26.332	319	172	10	79	366	1654	1940	1.24e-15	82.0
PfCD01_090042900|DBLb|1|742|1162	PT0102-C.g26	94.537	421	18	1	1	416	745	1165	0.0	824
PfCD01_090042900|DBLb|1|742|1162	PT0102-C.g26	32.959	267	134	8	79	324	134	376	5.46e-32	131
PfCD01_090042900|DBLb|1|742|1162	PT0102-C.g26	29.097	299	170	10	145	421	1720	1998	2.63e-26	114
PfCD01_090042900|DBLb|1|742|1162	QG0209-C.g865	94.537	421	18	1	1	416	742	1162	0.0	822
PfCD01_090042900|DBLb|1|742|1162	QG0209-C.g865	32.576	264	136	9	79	324	134	373	1.18e-30	127
PfCD01_090042900|DBLb|1|742|1162	QG0209-C.g865	29.000	200	115	8	145	332	1321	1505	3.21e-15	80.5
PfCD01_090042900|DBLb|1|742|1162	QG0209-C.g865	25.763	295	169	11	145	421	1698	1960	9.68e-12	69.7
PfCD01_090042900|DBLb|1|742|1162	QG0261-C.g119	94.537	421	18	1	1	416	729	1149	0.0	822
PfCD01_090042900|DBLb|1|742|1162	QG0261-C.g119	43.829	397	149	13	1	350	1210	1579	5.93e-80	271
PfCD01_090042900|DBLb|1|742|1162	QG0261-C.g119	30.859	256	136	9	79	324	134	358	2.42e-27	117
PfCD01_090042900|DBLb|2|1178|1633	QG0247-C.g1956	100.000	456	0	0	1	456	1178	1633	0.0	950
PfCD01_090042900|DBLb|2|1178|1633	QG0247-C.g1956	40.842	475	208	14	1	456	742	1162	6.36e-99	327
PfCD01_090042900|DBLb|2|1178|1633	QG0247-C.g1956	28.778	483	239	19	9	414	10	464	6.98e-31	129
PfCD01_090042900|DBLb|2|1178|1633	QG0247-C.g1956	25.461	271	153	10	123	366	1699	1947	4.77e-11	67.8
PfCD01_090042900|DBLb|2|1178|1633	PV0251-C.g2	75.217	460	104	4	3	456	1356	1811	0.0	694
PfCD01_090042900|DBLb|2|1178|1633	PV0251-C.g2	43.882	474	215	17	1	456	898	1338	3.80e-106	348
PfCD01_090042900|DBLb|2|1178|1633	PV0251-C.g2	39.600	500	226	13	9	456	399	874	7.01e-99	327
PfCD01_090042900|DBLb|2|1178|1633	PM0085-C.g884	71.800	461	117	7	1	456	67	519	0.0	667
PfCD01_090042900|DBLb|2|1178|1633	PM0085-C.g884	29.551	379	182	13	123	456	577	915	1.73e-27	118
PfCD01_090042900|DBLb|2|1178|1633	PT0170-C.g246	70.763	472	109	8	3	456	1242	1702	0.0	647
PfCD01_090042900|DBLb|2|1178|1633	PT0170-C.g246	38.241	523	228	15	1	456	730	1224	8.41e-101	333
PfCD01_090042900|DBLb|2|1178|1633	PT0170-C.g246	28.453	362	198	11	49	368	47	389	7.18e-30	125
PfCD01_090042900|DBLb|2|1178|1633	PA0008-C.g870	68.936	470	120	10	1	456	1250	1707	0.0	614
PfCD01_090042900|DBLb|2|1178|1633	PA0008-C.g870	39.575	518	227	17	1	456	724	1217	1.12e-99	329
PfCD01_090042900|DBLb|2|1178|1633	PA0008-C.g870	29.755	326	157	11	117	395	125	425	8.36e-27	116
PfCD01_090042900|DBLg|1|1653|2028	QG0247-C.g1956	99.202	376	3	0	1	376	1653	2028	0.0	771
PfCD01_090042900|DBLg|1|1653|2028	QG0247-C.g1956	30.220	364	144	11	46	299	2260	2623	6.99e-38	147
PfCD01_090042900|DBLg|1|1653|2028	QG0247-C.g1956	25.926	297	162	11	47	321	1300	1560	1.59e-11	68.6
PfCD01_090042900|DBLg|1|1653|2028	QG0247-C.g1956	22.013	318	174	9	32	298	111	405	1.05e-10	65.9
PfCD01_090042900|DBLg|1|1653|2028	QG0247-C.g1956	23.161	367	218	15	50	376	820	1162	1.54e-10	65.5
PfCD01_090042900|DBLg|1|1653|2028	PA0084-C.g718	90.186	377	32	2	1	376	1706	2078	0.0	687
PfCD01_090042900|DBLg|1|1653|2028	PA0084-C.g718	36.570	309	143	8	41	300	2288	2592	1.05e-49	182
PfCD01_090042900|DBLg|1|1653|2028	PA0084-C.g718	24.412	340	199	12	33	336	109	426	3.16e-15	80.1
PfCD01_090042900|DBLg|1|1653|2028	PA0084-C.g718	25.076	331	183	13	31	328	831	1129	3.74e-13	73.6
PfCD01_090042900|DBLg|1|1653|2028	PA0084-C.g718	24.060	266	158	8	47	295	1362	1600	1.18e-10	65.9
PfCD01_090042900|DBLg|1|1653|2028	PA0042-C.g84	90.186	377	32	2	1	376	1706	2078	0.0	687
PfCD01_090042900|DBLg|1|1653|2028	PA0042-C.g84	36.570	309	143	8	41	300	2288	2592	9.80e-50	182
PfCD01_090042900|DBLg|1|1653|2028	PA0042-C.g84	24.412	340	199	12	33	336	109	426	3.24e-15	80.1
PfCD01_090042900|DBLg|1|1653|2028	PA0042-C.g84	25.076	331	183	13	31	328	831	1129	3.33e-13	73.9
PfCD01_090042900|DBLg|1|1653|2028	PA0042-C.g84	24.060	266	158	8	47	295	1362	1600	1.07e-10	65.9
PfCD01_090042900|DBLg|1|1653|2028	PT0102-C.g1021	84.211	380	54	2	1	376	1640	2017	0.0	642
PfCD01_090042900|DBLg|1|1653|2028	PT0102-C.g1021	27.273	429	156	13	24	300	2202	2626	3.23e-29	122
PfCD01_090042900|DBLg|1|1653|2028	PT0102-C.g1021	23.718	312	201	7	32	315	111	413	6.40e-12	69.7
PfCD01_090042900|DBLg|1|1653|2028	PT0102-C.g1021	25.574	305	179	13	50	330	812	1092	2.39e-11	68.2
PfCD01_090042900|DBLg|1|1653|2028	PT0102-C.g1021	25.843	267	156	11	47	296	1290	1531	9.52e-11	66.2
PfCD01_090042900|DBLg|1|1653|2028	PF0263-C.g36	80.423	378	71	3	1	376	1266	1642	0.0	624
PfCD01_090042900|DBLg|1|1653|2028	PF0263-C.g36	40.741	405	194	16	1	376	1649	2036	1.86e-77	262
PfCD01_090042900|DBLg|1|1653|2028	PF0263-C.g36	29.598	348	164	10	34	300	2243	2590	8.54e-35	138
PfCD01_090042900|DBLg|1|1653|2028	PF0263-C.g36	24.342	304	176	11	32	303	107	388	6.50e-14	75.9
PfCD01_090042900|DBLg|1|1653|2028	PF0263-C.g36	25.267	281	160	13	39	296	904	1157	2.04e-08	58.9
PfCD01_090042900|DBLd|1|2142|2658	PF0638-C.g3277	84.030	526	48	6	1	517	1797	2295	0.0	818
PfCD01_090042900|DBLd|1|2142|2658	PF0638-C.g3277	21.065	432	249	10	28	458	58	398	1.52e-10	66.6
PfCD01_090042900|DBLd|1|2142|2658	PA0187-C.g236	79.735	528	68	7	1	517	1836	2335	0.0	788
PfCD01_090042900|DBLd|1|2142|2658	PA0187-C.g236	22.846	267	143	9	200	455	188	402	4.46e-09	62.0
PfCD01_090042900|DBLd|1|2142|2658	PF0298-C.g258	56.934	548	181	17	1	517	1673	2196	1.64e-163	515
PfCD01_090042900|DBLd|1|2142|2658	PA0040-C.g12	51.792	558	198	18	1	517	184	711	3.56e-149	456
PfCD01_090042900|DBLd|1|2142|2658	PM0073-C.g591	47.148	526	199	13	1	517	235	690	5.76e-142	437
PfCD01_090042900|CIDRb|1|2659|2913	PF0298-C.g258	100.000	255	0	0	1	255	2197	2451	4.40e-171	525
PfCD01_090042900|CIDRb|1|2659|2913	PF0638-C.g3277	100.000	255	0	0	1	255	2296	2550	1.31e-170	523
PfCD01_090042900|CIDRb|1|2659|2913	PF0638-C.g3277	24.868	189	135	3	5	188	471	657	4.89e-10	62.0
PfCD01_090042900|CIDRb|1|2659|2913	PA0209-C.g1239	70.400	250	69	4	1	248	1459	1705	2.14e-107	342
PfCD01_090042900|CIDRb|1|2659|2913	PA0209-C.g1239	34.127	126	74	4	73	194	607	727	2.52e-09	59.7
PfCD01_090042900|CIDRb|1|2659|2913	SenT232.08.g383	68.924	251	73	4	1	250	935	1181	4.14e-103	328
PfCD01_090042900|CIDRb|1|2659|2913	SenT232.08.g383	26.842	190	116	7	20	198	114	291	9.42e-08	55.1
PfCD01_090042900|CIDRb|1|2659|2913	QG0205-C.g208	66.403	253	82	2	1	252	2321	2571	5.74e-102	327
PfCD01_090042900|CIDRb|1|2659|2913	QG0205-C.g208	28.758	153	105	3	39	188	514	665	3.24e-09	59.7
PfCD01_090042900|ATS|1|3044|3495	PFKE11.g264	87.033	455	50	4	1	452	2779	3227	0.0	791
PfCD01_090042900|ATS|1|3044|3495	PT0256-C.g286	83.480	454	66	4	1	452	2267	2713	0.0	756
PfCD01_090042900|ATS|1|3044|3495	QE0448-C.g49	84.547	453	43	4	1	452	2723	3149	0.0	754
PfCD01_090042900|ATS|1|3044|3495	PF0489-C.g117	82.743	452	69	2	1	452	2944	3386	0.0	751
PfCD01_090042900|ATS|1|3044|3495	PfKE02.g50	83.482	448	66	3	7	452	2571	3012	0.0	751
PfCD01_100005600|NTS|1|1|64	QG0202-C.g395	73.333	60	14	2	6	64	5	63	1.77e-19	82.0
PfCD01_100005600|NTS|1|1|64	PM0144-C.g908	62.712	59	22	0	6	64	10	68	6.46e-19	80.5
PfCD01_100005600|NTS|1|1|64	PA0207-C.g636	60.938	64	25	0	1	64	1	64	1.00e-18	79.7
PfCD01_100005600|NTS|1|1|64	PT0118-C.g380	75.000	56	12	2	10	64	15	69	2.06e-18	79.0
PfCD01_100005600|NTS|1|1|64	PM0161-C.g2628	64.516	62	22	0	3	64	9	70	8.64e-18	77.0
PfCD01_100005600|DBLa|1|65|523	PA0211-C.g678	63.924	474	138	11	1	459	66	521	0.0	582
PfCD01_100005600|DBLa|1|65|523	PA0211-C.g678	23.651	241	130	8	149	353	1154	1376	2.29e-11	68.9
PfCD01_100005600|DBLa|1|65|523	PC0005-Cx.g250	65.245	469	129	11	1	459	66	510	0.0	577
PfCD01_100005600|DBLa|1|65|523	PC0005-Cx.g250	29.598	348	167	13	1	342	873	1148	4.76e-30	126
PfCD01_100005600|DBLa|1|65|523	PC0005-Cx.g250	24.590	244	126	11	150	360	1501	1719	2.44e-08	59.3
PfCD01_100005600|DBLa|1|65|523	QE0426-C.g270	68.293	451	118	11	18	459	82	516	0.0	573
PfCD01_100005600|DBLa|1|65|523	QE0426-C.g270	29.573	328	164	12	20	342	862	1127	1.56e-26	115
PfCD01_100005600|DBLa|1|65|523	QE0426-C.g270	36.607	112	67	2	249	357	1603	1713	4.63e-14	77.4
PfCD01_100005600|DBLa|1|65|523	PA0203-C.g446	63.519	466	137	10	1	459	65	504	0.0	573
PfCD01_100005600|DBLa|1|65|523	PA0203-C.g446	29.085	306	155	7	52	349	881	1132	2.39e-26	115
PfCD01_100005600|DBLa|1|65|523	PA0203-C.g446	26.300	327	186	11	125	426	1440	1736	6.98e-16	83.2
PfCD01_100005600|DBLa|1|65|523	PA0186-C.g429	63.519	466	137	10	1	459	65	504	0.0	573
PfCD01_100005600|DBLa|1|65|523	PA0186-C.g429	29.085	306	155	7	52	349	881	1132	2.39e-26	115
PfCD01_100005600|DBLa|1|65|523	PA0186-C.g429	26.300	327	186	11	125	426	1440	1736	6.98e-16	83.2
PfCD01_100005600|CIDRa|1|524|777	PM0049-C.g391	88.048	251	30	0	1	251	495	745	2.58e-147	456
PfCD01_100005600|CIDRa|1|524|777	PM0049-C.g391	28.000	175	107	5	96	253	1803	1975	2.81e-10	62.8
PfCD01_100005600|CIDRa|1|524|777	PT0158-C.g269	88.048	251	30	0	1	251	495	745	1.06e-146	455
PfCD01_100005600|CIDRa|1|524|777	PT0158-C.g269	26.471	238	140	9	30	239	1731	1961	6.96e-11	64.3
PfCD01_100005600|CIDRa|1|524|777	PA0232-C.g417	87.402	254	29	1	1	251	517	770	6.07e-145	449
PfCD01_100005600|CIDRa|1|524|777	PA0232-C.g417	32.231	121	76	3	72	188	1947	2065	2.57e-12	68.6
PfCD01_100005600|CIDRa|1|524|777	PA0158-C.g834	84.462	251	39	0	1	251	505	755	3.39e-142	438
PfCD01_100005600|CIDRa|1|524|777	QG0276-C.g749	84.462	251	39	0	1	251	505	755	4.24e-142	438
PfCD01_100005600|DBLb|1|791|1244	PF0507-C.g386	60.465	473	164	10	1	454	840	1308	0.0	568
PfCD01_100005600|DBLb|1|791|1244	PF0507-C.g386	32.123	358	190	15	37	352	47	393	3.76e-29	123
PfCD01_100005600|DBLb|1|791|1244	PF0507-C.g386	24.752	303	165	11	83	351	1342	1615	1.21e-09	63.2
PfCD01_100005600|DBLb|1|791|1244	PM0157-C.g284	60.465	473	164	10	1	454	843	1311	0.0	567
PfCD01_100005600|DBLb|1|791|1244	PM0157-C.g284	32.123	358	190	15	37	352	47	393	4.05e-29	123
PfCD01_100005600|DBLb|1|791|1244	PM0157-C.g284	24.752	303	165	11	83	351	1345	1618	1.26e-09	63.2
PfCD01_100005600|DBLb|1|791|1244	SenT119.09.g156	62.033	482	147	12	1	454	744	1217	0.0	560
PfCD01_100005600|DBLb|1|791|1244	SenT119.09.g156	31.429	280	141	9	111	350	116	384	1.23e-27	119
PfCD01_100005600|DBLb|1|791|1244	PF0240-C.g493	58.664	479	172	7	1	454	760	1237	2.65e-178	543
PfCD01_100005600|DBLb|1|791|1244	PF0240-C.g493	31.349	252	128	8	111	328	119	359	1.24e-23	107
PfCD01_100005600|DBLb|1|791|1244	PF0240-C.g493	24.069	349	190	16	110	416	1293	1608	2.99e-10	65.1
PfCD01_100005600|DBLb|1|791|1244	PH1003-C.g137	61.935	465	162	10	1	454	827	1287	5.25e-176	543
PfCD01_100005600|DBLb|1|791|1244	PH1003-C.g137	27.484	473	255	21	11	412	19	474	9.36e-30	125
PfCD01_100005600|DBLb|1|791|1244	PH1003-C.g137	19.613	413	224	13	83	414	1320	1705	9.03e-07	53.9
PfCD01_100005600|DBLg|1|1263|1686	QG0252-C.g693	76.941	425	92	5	1	424	1609	2028	0.0	662
PfCD01_100005600|DBLg|1|1263|1686	QG0252-C.g693	38.441	372	166	14	1	362	1234	1552	7.10e-54	196
PfCD01_100005600|DBLg|1|1263|1686	QG0252-C.g693	31.266	387	206	13	1	335	2190	2568	5.44e-42	160
PfCD01_100005600|DBLg|1|1263|1686	QG0252-C.g693	31.905	210	91	6	260	424	1014	1216	2.23e-15	81.3
PfCD01_100005600|DBLg|1|1263|1686	QG0252-C.g693	24.485	388	213	12	45	405	119	453	3.29e-08	58.5
PfCD01_100005600|DBLg|1|1263|1686	PT0048-C.g149	76.941	425	92	5	1	424	1609	2028	0.0	662
PfCD01_100005600|DBLg|1|1263|1686	PT0048-C.g149	38.441	372	166	14	1	362	1234	1552	8.73e-54	195
PfCD01_100005600|DBLg|1|1263|1686	PT0048-C.g149	31.266	387	206	13	1	335	2190	2568	6.30e-42	160
PfCD01_100005600|DBLg|1|1263|1686	PT0048-C.g149	31.905	210	91	6	260	424	1014	1216	2.27e-15	81.3
PfCD01_100005600|DBLg|1|1263|1686	PT0048-C.g149	24.485	388	213	12	45	405	119	453	3.95e-08	58.2
PfCD01_100005600|DBLg|1|1263|1686	PA0018-C.g579	76.941	425	92	5	1	424	1585	2004	0.0	662
PfCD01_100005600|DBLg|1|1263|1686	PA0018-C.g579	38.275	371	168	13	1	362	1210	1528	1.13e-54	198
PfCD01_100005600|DBLg|1|1263|1686	PA0018-C.g579	31.169	385	209	11	1	335	2166	2544	5.89e-42	160
PfCD01_100005600|DBLg|1|1263|1686	PA0018-C.g579	26.077	418	200	16	51	424	840	1192	7.92e-18	89.0
PfCD01_100005600|DBLg|1|1263|1686	PA0018-C.g579	25.714	315	164	10	48	338	121	389	5.50e-12	70.5
PfCD01_100005600|DBLg|1|1263|1686	PA0213-C.g715	74.651	430	94	6	1	424	112	532	0.0	625
PfCD01_100005600|DBLg|1|1263|1686	PA0213-C.g715	35.429	350	151	14	1	298	717	1043	7.51e-43	163
PfCD01_100005600|DBLg|1|1263|1686	QG0286-C.g4616	73.488	430	99	6	1	424	872	1292	0.0	616
PfCD01_100005600|DBLg|1|1263|1686	QG0286-C.g4616	27.042	355	186	12	43	368	429	739	1.72e-23	105
PfCD01_100005600|DBLg|1|1263|1686	QG0286-C.g4616	28.390	236	84	11	1	155	1430	1661	9.28e-12	69.7
PfCD01_100005600|DBLd|1|1829|2297	SenT233.08.g828	59.551	534	148	10	1	469	868	1398	1.54e-180	547
PfCD01_100005600|DBLd|1|1829|2297	SenT233.08.g828	25.706	354	179	12	162	469	149	464	7.41e-14	76.6
PfCD01_100005600|DBLd|1|1829|2297	PM0108-C.g161	49.251	534	193	17	1	469	145	665	2.00e-143	439
PfCD01_100005600|DBLd|1|1829|2297	PM0038-C.g2149	47.490	518	209	13	1	469	436	939	3.42e-142	441
PfCD01_100005600|DBLd|1|1829|2297	PA0200-C.g681	50.187	534	188	13	1	469	858	1378	8.48e-141	445
PfCD01_100005600|DBLd|1|1829|2297	PA0200-C.g681	25.862	348	177	13	158	469	197	499	1.43e-16	85.5
PfCD01_100005600|DBLd|1|1829|2297	PT0034-C.g106	52.166	531	186	16	1	469	144	668	1.89e-140	432
PfCD01_100005600|CIDRb|1|2298|2554	PM0024-C.g317	72.031	261	65	3	1	257	664	920	2.48e-119	367
PfCD01_100005600|CIDRb|1|2298|2554	PF0782-C.g570	72.031	261	65	3	1	257	1490	1746	2.09e-115	365
PfCD01_100005600|CIDRb|1|2298|2554	PFKE01.g282	70.155	258	72	4	1	255	1446	1701	6.48e-115	363
PfCD01_100005600|CIDRb|1|2298|2554	PM0161-C.g2599	69.434	265	72	4	1	256	1421	1685	7.29e-110	349
PfCD01_100005600|CIDRb|1|2298|2554	PC0063-C.g7439	69.434	265	72	4	1	256	1356	1620	1.50e-109	348
PfCD01_100005600|CIDRb|1|2298|2554	PC0063-C.g7439	25.688	218	152	6	36	246	513	727	6.15e-12	67.8
PfCD01_100005600|ATS|1|2665|3121	PA0270-C.g443	81.699	459	78	5	1	457	2185	2639	0.0	740
PfCD01_100005600|ATS|1|2665|3121	QE0475-C.g596	83.621	464	66	5	1	457	1737	2197	0.0	724
PfCD01_100005600|ATS|1|2665|3121	PA0245-C.g998	80.043	461	85	4	1	457	1706	2163	0.0	721
PfCD01_100005600|ATS|1|2665|3121	PD0483-C.g348	81.345	461	79	5	1	457	2589	3046	0.0	713
PfCD01_100005600|ATS|1|2665|3121	PC0097-C.g664	79.310	464	73	7	1	457	2364	2811	0.0	708
PfCD01_100045400|NTS|1|1|64	PT0256-C.g403	96.875	64	2	0	1	64	1	64	5.86e-36	129
PfCD01_100045400|NTS|1|1|64	PM0161-C.g2304	73.438	64	17	0	1	64	1	64	1.94e-23	93.2
PfCD01_100045400|NTS|1|1|64	PA0253-C.g924	73.438	64	17	0	1	64	1	64	2.77e-23	92.8
PfCD01_100045400|NTS|1|1|64	PT0118-C.g705	73.438	64	17	0	1	64	1	64	9.78e-23	91.3
PfCD01_100045400|NTS|1|1|64	QG0205-C.g775	73.438	64	16	1	1	64	1	63	1.67e-22	90.5
PfCD01_100045400|DBLa|1|65|485	PT0256-C.g403	83.945	436	54	4	1	421	65	499	0.0	721
PfCD01_100045400|DBLa|1|65|485	PT0256-C.g403	30.488	246	140	5	61	298	915	1137	1.52e-27	118
PfCD01_100045400|DBLa|1|65|485	PT0256-C.g403	28.037	214	125	6	222	421	1660	1858	3.97e-11	67.8
PfCD01_100045400|DBLa|1|65|485	QE0414-C.g657	68.360	433	112	9	1	421	64	483	0.0	559
PfCD01_100045400|DBLa|1|65|485	QE0414-C.g657	32.258	186	110	5	239	421	1180	1352	4.62e-15	80.1
PfCD01_100045400|DBLa|1|65|485	PT0052-C.g63	66.667	423	129	6	1	421	65	477	0.0	550
PfCD01_100045400|DBLa|1|65|485	QE0438-C.g829	65.340	427	129	9	1	421	64	477	1.10e-179	546
PfCD01_100045400|DBLa|1|65|485	QE0438-C.g829	24.235	392	211	14	55	379	888	1260	2.10e-14	78.2
PfCD01_100045400|DBLa|1|65|485	QE0401-C.g807	64.665	433	138	7	1	421	68	497	3.98e-179	539
PfCD01_100045400|DBLa|1|65|485	QE0401-C.g807	31.989	372	184	14	19	381	864	1175	1.64e-33	135
PfCD01_100045400|CIDRa|1|486|771	PT0256-C.g403	72.632	285	71	1	1	278	500	784	4.03e-117	372
PfCD01_100045400|CIDRa|1|486|771	PT0224-Cx.g475	72.857	280	74	1	1	278	493	772	7.50e-116	367
PfCD01_100045400|CIDRa|1|486|771	PfKE05.g230	69.896	289	76	2	1	278	517	805	3.63e-109	348
PfCD01_100045400|CIDRa|1|486|771	PH0497-CW.g377	64.539	282	85	3	1	278	476	746	7.85e-104	334
PfCD01_100045400|CIDRa|1|486|771	QG0216-C.g204	62.633	281	93	2	1	281	484	752	1.67e-102	330
PfCD01_100045400|DBLb|1|785|1245	PF0035-C.g304	90.968	465	34	3	1	461	754	1214	0.0	874
PfCD01_100045400|DBLb|1|785|1245	PF0035-C.g304	32.476	311	164	11	74	357	1679	1970	2.09e-34	139
PfCD01_100045400|DBLb|1|785|1245	PF0035-C.g304	32.765	293	137	11	105	348	115	396	3.76e-29	124
PfCD01_100045400|DBLb|1|785|1245	PF0035-C.g304	25.836	329	170	11	61	348	1234	1529	3.50e-16	84.0
PfCD01_100045400|DBLb|1|785|1245	PT0042-C.g292	77.149	477	90	6	1	461	751	1224	0.0	735
PfCD01_100045400|DBLb|1|785|1245	PT0042-C.g292	33.447	293	138	12	105	348	117	401	1.50e-28	122
PfCD01_100045400|DBLb|1|785|1245	PF0400-C.g407	64.831	472	143	11	1	461	754	1213	0.0	588
PfCD01_100045400|DBLb|1|785|1245	PF0400-C.g407	38.073	218	96	10	105	297	128	331	9.37e-26	113
PfCD01_100045400|DBLb|1|785|1245	PF0400-C.g407	28.226	372	189	13	47	372	1248	1587	1.09e-17	88.6
PfCD01_100045400|DBLb|1|785|1245	PF0818-C.g687	61.426	477	160	9	1	461	746	1214	0.0	574
PfCD01_100045400|DBLb|1|785|1245	PF0818-C.g687	38.073	218	96	10	105	297	127	330	7.16e-26	114
PfCD01_100045400|DBLb|1|785|1245	PF0818-C.g687	27.957	279	134	10	105	343	1288	1539	7.05e-18	89.4
PfCD01_100045400|DBLb|1|785|1245	PF0035-C.g445	60.960	479	161	9	1	461	750	1220	0.0	574
PfCD01_100045400|DBLb|1|785|1245	PF0035-C.g445	36.400	250	126	10	77	300	89	331	2.99e-29	124
PfCD01_100045400|DBLb|1|785|1245	PF0035-C.g445	27.526	287	137	8	98	349	1296	1546	2.47e-15	81.3
PfCD01_100045400|DBLg|1|1254|1601	QG0236-C.g2575	100.000	348	0	0	1	348	1249	1596	0.0	733
PfCD01_100045400|DBLg|1|1254|1601	QG0236-C.g2575	26.165	279	147	9	45	296	878	1124	2.93e-13	73.6
PfCD01_100045400|DBLg|1|1254|1601	QG0236-C.g2575	23.404	329	175	11	28	324	2012	2295	3.31e-12	70.1
PfCD01_100045400|DBLg|1|1254|1601	QG0236-C.g2575	24.367	316	189	13	39	330	1669	1958	1.38e-09	62.0
PfCD01_100045400|DBLg|1|1254|1601	QG0236-C.g2575	24.662	296	175	13	44	304	116	398	3.80e-07	54.7
PfCD01_100045400|DBLg|1|1254|1601	PA0140-C.g213	100.000	348	0	0	1	348	1222	1569	0.0	731
PfCD01_100045400|DBLg|1|1254|1601	PA0140-C.g213	28.676	272	146	9	47	293	863	1111	4.46e-17	85.1
PfCD01_100045400|DBLg|1|1254|1601	PA0140-C.g213	23.404	329	175	11	28	324	1985	2268	3.31e-12	70.1
PfCD01_100045400|DBLg|1|1254|1601	PA0140-C.g213	24.051	316	190	13	39	330	1642	1931	4.11e-09	60.8
PfCD01_100045400|DBLg|1|1254|1601	PV0286-C.g17	89.112	349	36	2	1	348	1206	1553	0.0	623
PfCD01_100045400|DBLg|1|1254|1601	PV0286-C.g17	24.127	315	188	10	42	348	1990	2261	7.51e-14	75.5
PfCD01_100045400|DBLg|1|1254|1601	PV0286-C.g17	27.157	313	169	14	5	296	810	1084	4.78e-12	69.7
PfCD01_100045400|DBLg|1|1254|1601	PV0286-C.g17	24.920	313	191	11	39	330	1626	1915	1.04e-10	65.5
PfCD01_100045400|DBLg|1|1254|1601	PV0285-C.g37	89.112	349	36	2	1	348	1206	1553	0.0	623
PfCD01_100045400|DBLg|1|1254|1601	PV0285-C.g37	24.127	315	188	10	42	348	1990	2261	7.51e-14	75.5
PfCD01_100045400|DBLg|1|1254|1601	PV0285-C.g37	27.157	313	169	14	5	296	810	1084	4.78e-12	69.7
PfCD01_100045400|DBLg|1|1254|1601	PV0285-C.g37	24.920	313	191	11	39	330	1626	1915	1.04e-10	65.5
PfCD01_100045400|DBLg|1|1254|1601	PT0215-Cx.g980	89.112	349	36	2	1	348	1189	1536	0.0	623
PfCD01_100045400|DBLg|1|1254|1601	PT0215-Cx.g980	24.127	315	188	10	42	348	1973	2244	7.64e-14	75.1
PfCD01_100045400|DBLg|1|1254|1601	PT0215-Cx.g980	24.920	313	191	11	39	330	1609	1898	6.34e-11	66.2
PfCD01_100045400|DBLg|1|1254|1601	PT0215-Cx.g980	25.260	289	153	9	32	296	819	1068	6.64e-10	63.2
PfCD01_100045400|DBLg|1|1254|1601	PT0215-Cx.g980	22.945	292	172	9	44	294	112	391	1.34e-08	58.9
PfCD01_100045400|DBLe|1|1627|1954	QG0236-C.g2575	100.000	328	0	0	1	328	1622	1949	0.0	681
PfCD01_100045400|DBLe|1|1627|1954	QG0236-C.g2575	29.577	284	157	11	44	323	2021	2265	6.21e-25	108
PfCD01_100045400|DBLe|1|1627|1954	QG0236-C.g2575	26.299	308	162	10	47	306	105	395	2.79e-18	88.2
PfCD01_100045400|DBLe|1|1627|1954	QG0236-C.g2575	26.068	234	99	9	59	253	878	1076	5.68e-10	63.2
PfCD01_100045400|DBLe|1|1627|1954	QG0236-C.g2575	25.110	227	136	8	48	253	1287	1500	1.51e-08	58.5
PfCD01_100045400|DBLe|1|1627|1954	PA0140-C.g213	99.695	328	1	0	1	328	1595	1922	0.0	681
PfCD01_100045400|DBLe|1|1627|1954	PA0140-C.g213	29.577	284	157	11	44	323	1994	2238	6.44e-25	107
PfCD01_100045400|DBLe|1|1627|1954	PA0140-C.g213	28.378	222	139	7	49	256	98	313	7.43e-22	99.0
PfCD01_100045400|DBLe|1|1627|1954	PA0140-C.g213	27.313	227	112	10	61	255	863	1068	2.97e-10	63.9
PfCD01_100045400|DBLe|1|1627|1954	PA0140-C.g213	25.110	227	136	8	48	253	1260	1473	1.20e-08	58.9
PfCD01_100045400|DBLe|1|1627|1954	PC0071-C.g482	95.122	328	16	0	1	328	2494	2821	0.0	659
PfCD01_100045400|DBLe|1|1627|1954	PC0071-C.g482	29.195	298	170	10	28	323	2879	3137	2.69e-28	117
PfCD01_100045400|DBLe|1|1627|1954	PC0071-C.g482	25.830	271	142	9	59	299	953	1194	7.33e-16	81.3
PfCD01_100045400|DBLe|1|1627|1954	PC0071-C.g482	25.091	275	143	9	35	255	93	358	9.92e-15	77.8
PfCD01_100045400|DBLe|1|1627|1954	PC0071-C.g482	23.423	222	141	7	55	254	2158	2372	1.14e-07	55.8
PfCD01_100045400|DBLe|1|1627|1954	PT0005-CW.g465	95.122	328	16	0	1	328	1580	1907	0.0	657
PfCD01_100045400|DBLe|1|1627|1954	PT0005-CW.g465	26.423	246	140	8	30	244	77	312	1.48e-19	92.0
PfCD01_100045400|DBLe|1|1627|1954	PT0005-CW.g465	27.311	238	109	8	56	255	836	1047	6.31e-14	75.1
PfCD01_100045400|DBLe|1|1627|1954	PT0005-CW.g465	28.054	221	120	9	61	254	1250	1458	1.99e-08	58.2
PfCD01_100045400|DBLe|1|1627|1954	PC0073-C.g77	95.122	328	16	0	1	328	1593	1920	0.0	656
PfCD01_100045400|DBLe|1|1627|1954	PC0073-C.g77	29.801	302	175	9	28	328	1978	2243	8.72e-29	119
PfCD01_100045400|DBLe|1|1627|1954	PC0073-C.g77	25.092	271	148	10	59	298	851	1097	7.39e-15	78.2
PfCD01_100045400|DBLe|1|1627|1954	PC0073-C.g77	25.424	295	173	7	56	309	108	396	1.00e-14	77.8
PfCD01_100045400|DBLe|1|1627|1954	PC0073-C.g77	23.963	217	139	7	55	254	1264	1471	7.81e-09	59.7
PfCD01_100045400|DBLe|2|1997|2298	PA0140-C.g213	100.000	302	0	0	1	302	1965	2266	0.0	629
PfCD01_100045400|DBLe|2|1997|2298	PA0140-C.g213	32.558	215	111	7	30	213	1638	1849	3.64e-26	110
PfCD01_100045400|DBLe|2|1997|2298	PA0140-C.g213	27.099	262	137	11	25	239	843	1097	2.95e-19	90.5
PfCD01_100045400|DBLe|2|1997|2298	PA0140-C.g213	24.766	214	116	9	35	208	98	306	2.13e-10	63.9
PfCD01_100045400|DBLe|2|1997|2298	PA0140-C.g213	22.321	336	192	12	21	302	1249	1569	3.39e-10	63.5
PfCD01_100045400|DBLe|2|1997|2298	QG0236-C.g2575	100.000	302	0	0	1	302	1992	2293	0.0	629
PfCD01_100045400|DBLe|2|1997|2298	QG0236-C.g2575	32.093	215	112	7	30	213	1665	1876	1.17e-25	109
PfCD01_100045400|DBLe|2|1997|2298	QG0236-C.g2575	27.083	240	124	7	39	235	872	1103	6.02e-18	86.7
PfCD01_100045400|DBLe|2|1997|2298	QG0236-C.g2575	24.013	304	151	10	31	264	103	396	8.69e-13	71.2
PfCD01_100045400|DBLe|2|1997|2298	QG0236-C.g2575	22.321	336	192	12	21	302	1276	1596	3.21e-10	63.5
PfCD01_100045400|DBLe|2|1997|2298	PM0124-C.g168	89.439	303	30	2	1	302	1949	2250	0.0	556
PfCD01_100045400|DBLe|2|1997|2298	PM0124-C.g168	28.972	214	120	5	30	213	1620	1831	3.17e-24	105
PfCD01_100045400|DBLe|2|1997|2298	PM0124-C.g168	26.752	314	172	12	42	302	1242	1550	6.73e-18	86.7
PfCD01_100045400|DBLe|2|1997|2298	PM0124-C.g168	28.017	232	123	9	45	239	846	1070	1.03e-16	83.2
PfCD01_100045400|DBLe|2|1997|2298	PM0124-C.g168	26.433	314	135	13	33	264	100	399	8.60e-16	80.1
PfCD01_100045400|DBLe|2|1997|2298	PF0263-C.g301	89.439	303	30	2	1	302	1953	2254	0.0	555
PfCD01_100045400|DBLe|2|1997|2298	PF0263-C.g301	29.439	214	119	5	30	213	1624	1835	4.13e-24	104
PfCD01_100045400|DBLe|2|1997|2298	PF0263-C.g301	25.000	324	174	11	42	302	1237	1554	4.37e-17	84.0
PfCD01_100045400|DBLe|2|1997|2298	PF0263-C.g301	25.614	285	153	10	30	268	822	1093	7.93e-15	77.4
PfCD01_100045400|DBLe|2|1997|2298	PF0263-C.g301	25.667	300	142	13	35	258	99	393	5.33e-13	72.0
PfCD01_100045400|DBLe|2|1997|2298	PC0019-C.g2	89.769	303	29	2	1	302	1778	2079	0.0	555
PfCD01_100045400|DBLe|2|1997|2298	PC0019-C.g2	30.804	224	112	7	30	213	1440	1660	3.02e-24	105
PfCD01_100045400|DBLe|2|1997|2298	PC0019-C.g2	23.482	247	139	7	43	239	642	888	8.64e-19	89.4
PfCD01_100045400|DBLe|2|1997|2298	PC0019-C.g2	24.085	328	173	10	42	302	1052	1370	1.20e-14	76.6
PfCD01_100045400|DBLe|2|1997|2298	PC0019-C.g2	28.916	166	81	7	141	271	37	200	1.11e-08	58.5
PfCD01_100045400|ATS|1|2358|2847	PD0561-C.g263	76.423	492	76	8	2	490	2425	2879	0.0	729
PfCD01_100045400|ATS|1|2358|2847	PV0239-C.g98	75.813	492	84	8	1	490	1284	1742	0.0	691
PfCD01_100045400|ATS|1|2358|2847	PV0129-C.g36	70.693	505	77	8	2	490	1740	2189	0.0	674
PfCD01_100045400|ATS|1|2358|2847	PV0239-C.g24	69.903	515	98	12	2	490	1706	2189	0.0	670
PfCD01_100045400|ATS|1|2358|2847	PV0028-C.g50	73.077	494	89	9	2	490	2601	3055	0.0	667
PfCD01_100045500|NTS|1|1|70	PM0108-C.g1022	100.000	70	0	0	1	70	1	70	1.60e-41	145
PfCD01_100045500|NTS|1|1|70	PF0524-C.g922	100.000	70	0	0	1	70	1	70	3.34e-41	144
PfCD01_100045500|NTS|1|1|70	PA0229-C.g888	72.059	68	18	1	4	70	6	73	3.80e-22	89.7
PfCD01_100045500|NTS|1|1|70	QE0432-C.g198	72.881	59	16	0	5	63	5	63	4.13e-20	84.0
PfCD01_100045500|NTS|1|1|70	QG0184-C.g556	80.769	52	10	0	5	56	5	56	8.70e-20	83.2
PfCD01_100045500|DBLa|1|71|482	PM0108-C.g1022	99.757	412	1	0	1	412	71	482	0.0	871
PfCD01_100045500|DBLa|1|71|482	PM0108-C.g1022	28.105	153	94	4	229	372	1245	1390	1.96e-11	68.6
PfCD01_100045500|DBLa|1|71|482	PF0524-C.g922	99.757	412	1	0	1	412	71	482	0.0	866
PfCD01_100045500|DBLa|1|71|482	PF0524-C.g922	29.412	187	112	7	229	412	1191	1360	1.86e-12	71.6
PfCD01_100045500|DBLa|1|71|482	PM0098-C.g683	79.810	421	76	2	1	412	67	487	0.0	691
PfCD01_100045500|DBLa|1|71|482	PM0098-C.g683	32.418	182	98	7	231	412	1227	1383	8.85e-11	66.6
PfCD01_100045500|DBLa|1|71|482	PC0047-C.g466	73.759	423	98	4	1	412	74	494	0.0	603
PfCD01_100045500|DBLa|1|71|482	PC0047-C.g466	29.500	200	106	11	223	412	1191	1365	1.16e-07	56.6
PfCD01_100045500|DBLa|1|71|482	PF0288-C.g403	70.476	420	113	5	1	412	67	483	0.0	599
PfCD01_100045500|DBLa|1|71|482	PF0288-C.g403	23.279	305	180	9	137	412	1051	1330	7.93e-11	66.6
PfCD01_100045500|CIDRa|1|483|747	PM0108-C.g1022	100.000	265	0	0	1	265	483	747	0.0	550
PfCD01_100045500|CIDRa|1|483|747	PF0524-C.g922	100.000	265	0	0	1	265	483	747	0.0	546
PfCD01_100045500|CIDRa|1|483|747	PM0063-C.g645	80.309	259	49	2	1	257	496	754	2.87e-135	419
PfCD01_100045500|CIDRa|1|483|747	PA0038-C.g476	80.309	259	49	2	1	257	496	754	1.04e-133	418
PfCD01_100045500|CIDRa|1|483|747	PA0038-C.g476	26.882	186	114	6	1	183	1288	1454	6.64e-07	52.8
PfCD01_100045500|CIDRa|1|483|747	SenT150.09.g466	77.273	264	59	1	1	263	477	740	1.59e-128	401
PfCD01_100045500|CIDRa|1|483|747	SenT150.09.g466	26.147	218	126	5	56	261	1383	1577	3.56e-08	56.6
PfCD01_100045500|DBLd|1|824|1334	SenT165.09.g15	50.452	553	196	15	1	511	170	686	1.18e-156	476
PfCD01_100045500|DBLd|1|824|1334	QG0196-C.g724	47.716	591	198	16	1	511	933	1492	1.04e-151	473
PfCD01_100045500|DBLd|1|824|1334	QG0196-C.g724	23.585	318	175	11	143	456	170	423	5.12e-10	64.7
PfCD01_100045500|DBLd|1|824|1334	PA0018-C.g559	49.030	567	198	19	1	511	57	588	2.28e-147	449
PfCD01_100045500|DBLd|1|824|1334	PV0083-C.g64	49.620	526	205	15	1	511	916	1396	3.21e-146	462
PfCD01_100045500|DBLd|1|824|1334	PV0083-C.g64	25.540	278	146	10	238	498	240	473	3.02e-12	72.0
PfCD01_100045500|DBLd|1|824|1334	PT0258-Cx.g164	48.696	575	200	17	1	511	46	589	3.47e-145	443
PfCD01_100045500|CIDRg|1|1335|1592	PT0106-C.g848	92.748	262	15	1	1	258	1294	1555	6.37e-145	445
PfCD01_100045500|CIDRg|1|1335|1592	PM0029-C.g2409	92.366	262	16	1	1	258	1296	1557	1.09e-144	445
PfCD01_100045500|CIDRg|1|1335|1592	PM0029-C.g2409	25.128	195	108	4	80	250	546	726	5.70e-07	52.8
PfCD01_100045500|CIDRg|1|1335|1592	SenT136.09.g588	72.348	264	51	5	1	247	1470	1728	6.03e-108	344
PfCD01_100045500|CIDRg|1|1335|1592	SenP051.02.g82	67.557	262	73	6	1	258	2173	2426	8.92e-107	341
PfCD01_100045500|CIDRg|1|1335|1592	QG0277-C.g319	62.963	270	83	5	1	258	2217	2481	4.96e-103	330
PfCD01_100045500|ATS|1|1686|2145	PFKE07.g667	74.790	476	76	9	2	460	2366	2814	0.0	677
PfCD01_100045500|ATS|1|1686|2145	PC0122-C.g20	74.732	467	78	10	2	460	2347	2781	0.0	656
PfCD01_100045500|ATS|1|1686|2145	PC0053-C.g243	74.359	468	103	8	1	460	2111	2569	0.0	649
PfCD01_100045500|ATS|1|1686|2145	PFKE11.g708	71.158	475	91	7	1	460	1918	2361	0.0	647
PfCD01_100045500|ATS|1|1686|2145	PV0234-C.g27	69.066	514	99	9	1	460	2445	2952	0.0	645
PfCD01_110005900|NTS|1|1|62	PF0609-C.g329	75.439	57	14	0	1	57	1	57	2.53e-21	87.0
PfCD01_110005900|NTS|1|1|62	QG0275-C.g386	67.692	65	17	1	1	61	1	65	5.39e-20	83.2
PfCD01_110005900|NTS|1|1|62	PD0515-C.g961	68.750	64	18	1	1	62	1	64	7.08e-20	82.8
PfCD01_110005900|NTS|1|1|62	PD0491-C.g922	68.750	64	18	1	1	62	1	64	7.08e-20	82.8
PfCD01_110005900|NTS|1|1|62	PM0129-C.g1601	73.684	57	14	1	7	62	6	62	2.91e-19	81.3
PfCD01_110005900|DBLa|1|63|493	PF0282-C.g56	78.132	439	83	7	1	431	75	508	0.0	679
PfCD01_110005900|DBLa|1|63|493	PF0282-C.g56	31.349	252	134	8	57	295	930	1155	2.32e-26	114
PfCD01_110005900|DBLa|1|63|493	PF0282-C.g56	25.600	375	191	13	107	431	1440	1776	5.66e-19	92.4
PfCD01_110005900|DBLa|1|63|493	PF0282-C.g56	27.907	215	106	9	53	266	2804	2970	5.28e-15	80.1
PfCD01_110005900|DBLa|1|63|493	PF0282-C.g56	25.439	228	119	8	49	271	2468	2649	1.03e-09	63.5
PfCD01_110005900|DBLa|1|63|493	PF0282-C.g56	24.424	217	125	8	75	274	2140	2334	7.45e-07	54.3
PfCD01_110005900|DBLa|1|63|493	QE0417-C.g26	72.009	443	109	5	1	431	65	504	0.0	630
PfCD01_110005900|DBLa|1|63|493	QE0417-C.g26	31.361	338	173	10	37	343	911	1220	7.60e-37	146
PfCD01_110005900|DBLa|1|63|493	QE0417-C.g26	31.525	387	194	17	1	373	2430	2759	6.30e-34	137
PfCD01_110005900|DBLa|1|63|493	QE0417-C.g26	26.829	328	159	14	124	431	1799	2065	9.20e-18	88.6
PfCD01_110005900|DBLa|1|63|493	QE0417-C.g26	25.436	287	156	8	51	331	1363	1597	2.92e-16	84.0
PfCD01_110005900|DBLa|1|63|493	QE0417-C.g26	23.913	322	190	9	53	355	2867	3152	1.68e-13	75.5
PfCD01_110005900|DBLa|1|63|493	QE0412-C.g968	72.009	443	109	5	1	431	65	504	0.0	630
PfCD01_110005900|DBLa|1|63|493	QE0412-C.g968	31.361	338	173	10	37	343	911	1220	7.60e-37	146
PfCD01_110005900|DBLa|1|63|493	QE0412-C.g968	31.525	387	194	17	1	373	2430	2759	6.30e-34	137
PfCD01_110005900|DBLa|1|63|493	QE0412-C.g968	26.829	328	159	14	124	431	1799	2065	9.20e-18	88.6
PfCD01_110005900|DBLa|1|63|493	QE0412-C.g968	25.436	287	156	8	51	331	1363	1597	2.92e-16	84.0
PfCD01_110005900|DBLa|1|63|493	QE0412-C.g968	23.913	322	190	9	53	355	2867	3152	1.68e-13	75.5
PfCD01_110005900|DBLa|1|63|493	PH0604-C.g41	72.009	443	109	5	1	431	65	504	0.0	630
PfCD01_110005900|DBLa|1|63|493	PH0604-C.g41	31.361	338	173	10	37	343	911	1220	7.60e-37	146
PfCD01_110005900|DBLa|1|63|493	PH0604-C.g41	31.525	387	194	17	1	373	2430	2759	6.30e-34	137
PfCD01_110005900|DBLa|1|63|493	PH0604-C.g41	26.829	328	159	14	124	431	1799	2065	9.20e-18	88.6
PfCD01_110005900|DBLa|1|63|493	PH0604-C.g41	25.436	287	156	8	51	331	1363	1597	2.92e-16	84.0
PfCD01_110005900|DBLa|1|63|493	PH0604-C.g41	23.913	322	190	9	53	355	2867	3152	1.68e-13	75.5
PfCD01_110005900|DBLa|1|63|493	PH0585-C.g770	72.009	443	109	5	1	431	65	504	0.0	630
PfCD01_110005900|DBLa|1|63|493	PH0585-C.g770	31.361	338	173	10	37	343	911	1220	7.60e-37	146
PfCD01_110005900|DBLa|1|63|493	PH0585-C.g770	31.525	387	194	17	1	373	2430	2759	6.30e-34	137
PfCD01_110005900|DBLa|1|63|493	PH0585-C.g770	26.829	328	159	14	124	431	1799	2065	9.20e-18	88.6
PfCD01_110005900|DBLa|1|63|493	PH0585-C.g770	25.436	287	156	8	51	331	1363	1597	2.92e-16	84.0
PfCD01_110005900|DBLa|1|63|493	PH0585-C.g770	23.913	322	190	9	53	355	2867	3152	1.68e-13	75.5
PfCD01_110005900|CIDRa|1|494|808	PM0108-C.g147	60.188	319	92	5	1	313	539	828	5.37e-115	357
PfCD01_110005900|CIDRa|1|494|808	PA0209-C.g456	62.102	314	106	6	1	310	352	656	7.34e-115	358
PfCD01_110005900|CIDRa|1|494|808	PF0207-C.g58	60.188	319	92	5	1	313	548	837	8.85e-115	357
PfCD01_110005900|CIDRa|1|494|808	SenT230.08.g666	60.188	319	92	5	1	313	541	830	9.94e-115	357
PfCD01_110005900|CIDRa|1|494|808	PA0137-C.g118	63.323	319	102	6	1	312	497	807	1.76e-114	366
PfCD01_110005900|CIDRa|1|494|808	PA0137-C.g118	37.143	70	41	2	143	210	1506	1574	6.14e-07	53.5
PfCD01_110005900|DBLb|1|828|1302	QG0264-C.g248	58.149	497	158	14	1	475	161	629	2.49e-175	534
PfCD01_110005900|DBLb|1|828|1302	QG0264-C.g248	30.330	333	183	10	63	368	1089	1399	4.38e-33	135
PfCD01_110005900|DBLb|1|828|1302	QG0264-C.g248	24.773	331	190	12	61	354	646	954	3.09e-09	62.0
PfCD01_110005900|DBLb|1|828|1302	PM0127-C.g228	55.984	493	182	12	1	475	488	963	2.48e-174	528
PfCD01_110005900|DBLb|1|828|1302	PM0127-C.g228	27.957	279	132	12	106	346	1024	1271	1.65e-17	88.2
PfCD01_110005900|DBLb|1|828|1302	PT0008-CW.g583	58.592	483	183	12	1	475	849	1322	1.17e-173	543
PfCD01_110005900|DBLb|1|828|1302	PT0008-CW.g583	30.854	363	181	13	79	404	2484	2813	8.03e-33	135
PfCD01_110005900|DBLb|1|828|1302	PT0008-CW.g583	30.421	309	140	13	104	353	109	401	4.31e-27	117
PfCD01_110005900|DBLb|1|828|1302	PT0008-CW.g583	25.460	326	188	9	106	404	2086	2383	1.64e-20	97.8
PfCD01_110005900|DBLb|1|828|1302	PT0008-CW.g583	22.327	318	161	8	103	353	1379	1677	3.11e-13	75.1
PfCD01_110005900|DBLb|1|828|1302	SenT097.11.g1117	57.787	488	178	16	1	475	46	518	8.39e-173	513
PfCD01_110005900|DBLb|1|828|1302	SenT097.11.g1117	26.298	289	147	10	103	353	598	858	1.42e-15	82.0
PfCD01_110005900|DBLb|1|828|1302	PT0014-CW.g206	58.400	500	168	17	1	475	754	1238	2.09e-172	536
PfCD01_110005900|DBLb|1|828|1302	PT0014-CW.g206	28.276	435	217	15	71	475	1676	2045	9.00e-32	132
PfCD01_110005900|DBLb|1|828|1302	PT0014-CW.g206	30.728	371	181	17	40	353	35	386	4.74e-30	127
PfCD01_110005900|DBLb|1|828|1302	PT0014-CW.g206	23.048	269	155	9	105	351	1293	1531	6.77e-12	70.5
PfCD01_110005900|DBLg|1|1320|1693	PF0122-C.g410	90.374	374	34	1	1	374	1235	1606	0.0	704
PfCD01_110005900|DBLg|1|1320|1693	PF0122-C.g410	23.476	328	208	9	29	337	1695	1998	1.40e-15	80.9
PfCD01_110005900|DBLg|1|1320|1693	PF0122-C.g410	26.978	278	150	10	39	282	110	368	7.60e-14	75.9
PfCD01_110005900|DBLg|1|1320|1693	PF0122-C.g410	27.778	270	143	9	45	289	849	1091	1.12e-13	75.1
PfCD01_110005900|DBLg|1|1320|1693	PA0137-C.g754	88.770	374	40	1	1	374	1995	2366	0.0	692
PfCD01_110005900|DBLg|1|1320|1693	PA0137-C.g754	29.208	404	176	16	26	324	1264	1662	1.51e-35	140
PfCD01_110005900|DBLg|1|1320|1693	PA0137-C.g754	27.660	282	152	9	39	296	855	1108	7.68e-17	85.1
PfCD01_110005900|DBLg|1|1320|1693	PA0137-C.g754	24.397	373	222	15	29	374	2455	2794	1.75e-11	68.6
PfCD01_110005900|DBLg|1|1320|1693	PA0137-C.g754	23.692	325	181	10	11	282	76	386	6.08e-11	66.6
PfCD01_110005900|DBLg|1|1320|1693	QG0281-C.g307	86.702	376	46	3	1	374	1251	1624	0.0	672
PfCD01_110005900|DBLg|1|1320|1693	QG0281-C.g307	28.819	288	167	14	34	296	850	1124	8.29e-16	81.6
PfCD01_110005900|DBLg|1|1320|1693	QG0281-C.g307	24.242	297	170	10	41	299	108	387	9.68e-09	59.7
PfCD01_110005900|DBLg|1|1320|1693	PA0256-C.g343	81.698	377	63	3	1	374	1645	2018	0.0	641
PfCD01_110005900|DBLg|1|1320|1693	PA0256-C.g343	26.777	422	184	19	1	300	838	1256	1.72e-25	110
PfCD01_110005900|DBLg|1|1320|1693	PA0256-C.g343	25.949	316	174	12	27	296	95	396	8.64e-14	75.5
PfCD01_110005900|DBLg|1|1320|1693	PT0141-C.g27	85.067	375	52	3	1	374	1937	2308	0.0	624
PfCD01_110005900|DBLg|1|1320|1693	PT0141-C.g27	33.163	392	187	11	1	324	1218	1602	2.25e-49	181
PfCD01_110005900|DBLg|1|1320|1693	PT0141-C.g27	27.397	292	151	9	27	296	837	1089	2.96e-19	92.4
PfCD01_110005900|DBLg|1|1320|1693	PT0141-C.g27	26.421	299	165	10	41	299	107	390	7.56e-14	75.9
PfCD01_110005900|DBLz|1|1702|2127	QG0216-C.g704	84.977	426	56	3	1	426	1613	2030	0.0	721
PfCD01_110005900|DBLz|1|1702|2127	QG0216-C.g704	28.009	457	227	13	36	426	796	1216	2.80e-41	159
PfCD01_110005900|DBLz|1|1702|2127	QG0216-C.g704	27.914	326	190	9	94	380	106	425	1.89e-24	108
PfCD01_110005900|DBLz|1|1702|2127	QG0216-C.g704	24.907	269	173	8	91	345	1269	1522	2.42e-12	71.6
PfCD01_110005900|DBLz|1|1702|2127	PT0048-C.g185	82.639	432	62	4	1	426	1607	2031	0.0	711
PfCD01_110005900|DBLz|1|1702|2127	PT0048-C.g185	34.589	292	142	11	82	353	842	1104	2.38e-38	150
PfCD01_110005900|DBLz|1|1702|2127	PT0048-C.g185	28.819	288	157	10	102	349	117	396	4.14e-26	114
PfCD01_110005900|DBLz|1|1702|2127	PT0048-C.g185	25.090	279	165	9	89	345	1260	1516	5.83e-14	76.6
PfCD01_110005900|DBLz|1|1702|2127	PA0148-C.g223	81.967	427	76	1	1	426	1987	2413	0.0	696
PfCD01_110005900|DBLz|1|1702|2127	PA0148-C.g223	27.824	478	257	20	2	426	764	1206	6.85e-36	143
PfCD01_110005900|DBLz|1|1702|2127	PA0148-C.g223	28.079	406	248	12	2	379	26	415	1.19e-31	130
PfCD01_110005900|DBLz|1|1702|2127	PA0148-C.g223	26.562	256	156	5	102	349	1668	1899	1.73e-17	87.8
PfCD01_110005900|DBLz|1|1702|2127	PA0148-C.g223	25.337	371	208	17	102	426	1266	1613	3.78e-17	86.7
PfCD01_110005900|DBLz|1|1702|2127	QG0226-C.g2853	84.579	428	64	2	1	426	2368	2795	0.0	696
PfCD01_110005900|DBLz|1|1702|2127	QG0226-C.g2853	31.832	333	168	12	50	358	799	1096	1.93e-37	147
PfCD01_110005900|DBLz|1|1702|2127	QG0226-C.g2853	29.537	281	154	8	91	336	101	372	2.71e-27	117
PfCD01_110005900|DBLz|1|1702|2127	QG0226-C.g2853	25.623	281	150	9	93	345	2028	2277	4.37e-13	73.9
PfCD01_110005900|DBLz|1|1702|2127	QG0226-C.g2853	24.834	302	178	10	157	412	1379	1677	5.21e-08	57.8
PfCD01_110005900|DBLz|1|1702|2127	QE0475-C.g430	81.967	427	76	1	1	426	1994	2420	0.0	696
PfCD01_110005900|DBLz|1|1702|2127	QE0475-C.g430	28.463	397	205	13	82	426	842	1211	5.86e-38	149
PfCD01_110005900|DBLz|1|1702|2127	QE0475-C.g430	30.000	300	173	9	102	379	130	414	1.56e-29	124
PfCD01_110005900|DBLz|1|1702|2127	QE0475-C.g430	25.606	371	207	17	102	426	1271	1618	2.98e-18	90.1
PfCD01_110005900|DBLz|1|1702|2127	QE0475-C.g430	25.581	258	157	5	102	349	1674	1906	3.45e-15	80.5
PfCD01_110005900|ATS|1|2214|2698	PA0245-C.g998	79.918	488	65	7	1	485	1706	2163	0.0	749
PfCD01_110005900|ATS|1|2214|2698	PV0028-C.g50	77.328	494	65	6	1	485	2600	3055	0.0	718
PfCD01_110005900|ATS|1|2214|2698	PC0097-C.g664	78.439	487	64	7	1	485	2364	2811	0.0	716
PfCD01_110005900|ATS|1|2214|2698	PA0270-C.g443	76.687	489	76	7	1	485	2185	2639	0.0	703
PfCD01_110005900|ATS|1|2214|2698	PV0211-C.g126	73.271	535	63	9	1	485	841	1345	0.0	702
PfCD01_120005500|NTS|1|1|70	PC0107-C.g672	98.462	65	1	0	6	70	4	68	4.04e-36	129
PfCD01_120005500|NTS|1|1|70	PA0195-C.g723	67.606	71	22	1	1	70	1	71	3.62e-22	89.7
PfCD01_120005500|NTS|1|1|70	PT0226-Cx.g390	71.642	67	18	1	4	69	8	74	5.83e-22	89.4
PfCD01_120005500|NTS|1|1|70	PF0190-C.g454	86.275	51	7	0	20	70	8	58	1.18e-21	88.6
PfCD01_120005500|NTS|1|1|70	PT0219-C.g42	82.353	51	9	0	20	70	14	64	1.40e-20	85.5
PfCD01_120005500|DBLa|1|71|495	PC0107-C.g672	90.676	429	33	4	1	425	69	494	0.0	794
PfCD01_120005500|DBLa|1|71|495	PC0107-C.g672	27.586	377	194	14	100	425	998	1346	2.15e-19	93.6
PfCD01_120005500|DBLa|1|71|495	PA0017-C.g508	76.690	429	89	6	1	425	64	485	0.0	654
PfCD01_120005500|DBLa|1|71|495	PA0017-C.g508	29.293	297	154	11	105	350	985	1276	8.65e-19	91.7
PfCD01_120005500|DBLa|1|71|495	QG0205-C.g627	75.174	431	94	5	1	425	76	499	0.0	653
PfCD01_120005500|DBLa|1|71|495	QG0205-C.g627	26.667	330	176	13	79	357	1054	1368	3.72e-15	80.5
PfCD01_120005500|DBLa|1|71|495	QG0286-C.g5957	75.772	421	91	4	9	425	71	484	0.0	652
PfCD01_120005500|DBLa|1|71|495	QG0286-C.g5957	33.679	193	93	10	240	425	1193	1357	4.42e-11	67.8
PfCD01_120005500|DBLa|1|71|495	PA0081-C.g397	76.168	428	90	6	1	425	65	483	0.0	649
PfCD01_120005500|DBLa|1|71|495	PA0081-C.g397	28.736	261	153	6	186	425	1029	1277	1.27e-21	100
PfCD01_120005500|CIDRa|1|496|748	QG0298-C.g2694	90.000	250	25	0	1	250	495	744	6.81e-144	443
PfCD01_120005500|CIDRa|1|496|748	QG0298-C.g2694	25.786	159	106	3	102	252	1454	1608	1.24e-07	54.7
PfCD01_120005500|CIDRa|1|496|748	PA0085-C.g280	86.561	253	34	0	1	253	480	732	6.32e-138	429
PfCD01_120005500|CIDRa|1|496|748	PT0141-C.g1191	77.075	253	58	0	1	253	496	748	1.25e-122	383
PfCD01_120005500|CIDRa|1|496|748	PM0063-C.g621	72.727	253	62	1	1	253	506	751	1.31e-121	382
PfCD01_120005500|CIDRa|1|496|748	PM0063-C.g621	28.571	84	60	0	88	171	1470	1553	7.72e-07	52.4
PfCD01_120005500|CIDRa|1|496|748	PT0240-C.g747	70.751	253	74	0	1	253	487	739	3.97e-117	369
PfCD01_120005500|CIDRa|1|496|748	PT0240-C.g747	30.435	161	96	5	81	228	1384	1541	9.94e-13	70.1
PfCD01_120005500|DBLd|1|818|1332	PA0202-C.g651	52.302	543	203	22	1	515	808	1322	1.44e-149	470
PfCD01_120005500|DBLd|1|818|1332	PA0202-C.g651	24.668	377	192	15	165	515	162	472	4.33e-11	68.2
PfCD01_120005500|DBLd|1|818|1332	SenT002.07.g1528	49.647	566	219	21	1	515	819	1369	3.51e-144	452
PfCD01_120005500|DBLd|1|818|1332	SenT002.07.g1528	23.770	366	191	13	173	515	183	483	6.67e-09	61.2
PfCD01_120005500|DBLd|1|818|1332	PA0039-C.g199	48.763	566	202	20	1	515	95	623	5.98e-144	441
PfCD01_120005500|DBLd|1|818|1332	PT0118-C.g380	50.442	565	211	23	1	515	922	1467	1.31e-143	455
PfCD01_120005500|DBLd|1|818|1332	PT0118-C.g380	22.715	361	202	16	163	502	179	483	1.95e-11	69.3
PfCD01_120005500|DBLd|1|818|1332	PV0020-C.g4	50.284	529	211	18	1	515	2329	2819	1.08e-142	456
PfCD01_120005500|DBLd|1|818|1332	PV0020-C.g4	27.130	446	186	16	1	443	1799	2108	4.77e-35	142
PfCD01_120005500|CIDRb|1|1333|1592	PM0098-C.g683	65.900	261	85	3	1	260	1384	1641	1.48e-94	306
PfCD01_120005500|CIDRb|1|1333|1592	PV0099-C.g13	61.925	239	85	3	1	239	1384	1616	1.00e-86	283
PfCD01_120005500|CIDRb|1|1333|1592	QG0260-C.g608	62.264	265	90	7	1	260	1449	1708	2.87e-86	282
PfCD01_120005500|CIDRb|1|1333|1592	QG0195-C.g322	62.264	265	90	7	1	260	1448	1707	3.26e-86	282
PfCD01_120005500|CIDRb|1|1333|1592	PT0066-C.g612	62.264	265	90	7	1	260	1448	1707	3.26e-86	282
PfCD01_120005500|ATS|1|1699|2147	PFKE09.g563	82.418	455	61	7	1	449	775	1216	0.0	716
PfCD01_120005500|ATS|1|1699|2147	PV0147-C.g7	79.867	452	75	5	1	449	1761	2199	0.0	709
PfCD01_120005500|ATS|1|1699|2147	PD0549-C.g516	77.801	473	56	8	1	449	2187	2634	0.0	704
PfCD01_120005500|ATS|1|1699|2147	PD0511-C.g583	77.801	473	56	8	1	449	2187	2634	0.0	704
PfCD01_120005500|ATS|1|1699|2147	PA0270-C.g443	78.509	456	90	4	1	449	2185	2639	0.0	701
PfCD01_120005700|NTSpam|1|1|51	QE0415-C.g159	96.078	51	2	0	1	51	1	51	2.55e-26	100
PfCD01_120005700|NTSpam|1|1|51	PM0017-C.g82	96.078	51	2	0	1	51	1	51	3.52e-26	100
PfCD01_120005700|NTSpam|1|1|51	PF0314-C.g45	96.078	51	2	0	1	51	1	51	3.66e-26	100
PfCD01_120005700|NTSpam|1|1|51	QG0195-C.g42	94.118	51	3	0	1	51	1	51	1.11e-25	99.0
PfCD01_120005700|NTSpam|1|1|51	PA0049-C.g506	92.157	51	4	0	1	51	1	51	3.64e-25	97.4
PfCD01_120005700|DBLpam1|1|52|428	PT0071-C.g45	86.472	377	49	2	1	376	51	426	0.0	671
PfCD01_120005700|DBLpam1|1|52|428	PT0071-C.g45	29.412	255	137	9	45	280	578	808	1.23e-20	96.3
PfCD01_120005700|DBLpam1|1|52|428	PA0220-C.g163	86.207	377	51	1	1	376	52	428	0.0	664
PfCD01_120005700|DBLpam1|1|52|428	PA0220-C.g163	27.113	284	163	10	37	285	565	839	3.42e-20	94.7
PfCD01_120005700|DBLpam1|1|52|428	QG0226-C.g8	85.676	377	53	1	1	376	52	428	0.0	659
PfCD01_120005700|DBLpam1|1|52|428	QG0226-C.g8	28.516	256	135	11	45	280	581	808	9.90e-18	87.4
PfCD01_120005700|DBLpam1|1|52|428	QG0226-C.g8	24.534	322	173	13	19	300	1246	1537	3.06e-11	67.8
PfCD01_120005700|DBLpam1|1|52|428	SenT097.09.g675	84.615	377	56	2	1	376	51	426	0.0	656
PfCD01_120005700|DBLpam1|1|52|428	SenT097.09.g675	29.249	253	149	8	45	285	579	813	8.22e-23	102
PfCD01_120005700|DBLpam1|1|52|428	SenT097.09.g675	25.077	323	170	15	19	300	1226	1517	7.94e-11	66.2
PfCD01_120005700|DBLpam1|1|52|428	PA0263-C.g740	85.185	378	53	3	1	376	51	427	0.0	654
PfCD01_120005700|DBLpam1|1|52|428	PA0263-C.g740	26.909	275	163	11	37	285	563	825	1.08e-15	81.3
PfCD01_120005700|DBLpam1|1|52|428	PA0263-C.g740	23.779	307	177	10	9	297	2029	2296	3.00e-14	77.0
PfCD01_120005700|DBLpam1|1|52|428	PA0263-C.g740	24.545	330	176	14	19	300	1255	1559	3.18e-12	70.9
PfCD01_120005700|DBLpam1|1|52|428	PA0263-C.g740	25.407	307	152	14	45	314	1651	1917	1.06e-10	65.9
PfCD01_120005700|DBLpam2|1|528|971	PF0692-C.g1108	83.991	456	57	2	1	444	532	983	0.0	753
PfCD01_120005700|DBLpam2|1|528|971	PF0692-C.g1108	28.253	269	153	12	48	296	90	338	1.65e-18	90.9
PfCD01_120005700|DBLpam2|1|528|971	PF0692-C.g1108	26.606	218	135	5	50	254	1277	1482	3.77e-09	61.6
PfCD01_120005700|DBLpam2|1|528|971	QE0419-C.g207	81.304	460	70	1	1	444	494	953	0.0	735
PfCD01_120005700|DBLpam2|1|528|971	QE0419-C.g207	29.225	284	129	12	14	284	2345	2569	5.98e-21	98.6
PfCD01_120005700|DBLpam2|1|528|971	QE0419-C.g207	27.885	312	205	10	25	329	1585	1883	2.00e-16	84.7
PfCD01_120005700|DBLpam2|1|528|971	QE0419-C.g207	26.804	291	163	13	53	334	96	345	3.41e-16	84.0
PfCD01_120005700|DBLpam2|1|528|971	QE0419-C.g207	29.699	266	151	8	53	317	2042	2272	7.31e-12	70.5
PfCD01_120005700|DBLpam2|1|528|971	QE0419-C.g207	26.038	265	165	10	50	294	1247	1500	1.80e-09	62.8
PfCD01_120005700|DBLpam2|1|528|971	PM0136-C.g82	82.571	459	53	6	1	444	530	976	0.0	723
PfCD01_120005700|DBLpam2|1|528|971	PM0136-C.g82	29.787	235	132	9	48	268	90	305	2.66e-22	102
PfCD01_120005700|DBLpam2|1|528|971	PM0136-C.g82	30.864	243	119	9	53	294	2358	2552	2.55e-19	93.6
PfCD01_120005700|DBLpam2|1|528|971	PM0136-C.g82	27.044	318	182	11	25	329	1584	1864	1.17e-16	85.5
PfCD01_120005700|DBLpam2|1|528|971	PM0136-C.g82	26.374	273	146	7	53	324	2023	2241	1.15e-12	72.8
PfCD01_120005700|DBLpam2|1|528|971	PM0136-C.g82	25.632	277	149	9	50	294	1248	1499	4.61e-11	67.8
PfCD01_120005700|DBLpam2|1|528|971	PF0590-C.g293	82.207	444	66	4	1	444	530	960	0.0	723
PfCD01_120005700|DBLpam2|1|528|971	PF0590-C.g293	27.397	365	204	14	22	366	69	392	2.99e-25	111
PfCD01_120005700|DBLpam2|1|528|971	PF0590-C.g293	30.924	249	111	9	53	294	2370	2564	2.19e-20	97.1
PfCD01_120005700|DBLpam2|1|528|971	PF0590-C.g293	27.273	319	183	12	25	329	1592	1875	1.07e-16	85.5
PfCD01_120005700|DBLpam2|1|528|971	PF0590-C.g293	28.315	279	142	9	53	326	2033	2258	2.20e-12	72.0
PfCD01_120005700|DBLpam2|1|528|971	PF0590-C.g293	25.094	267	163	5	50	294	1256	1507	1.71e-08	59.7
PfCD01_120005700|DBLpam2|1|528|971	PV0099-C.g24	79.493	473	61	7	1	444	527	992	0.0	721
PfCD01_120005700|DBLpam2|1|528|971	PV0099-C.g24	28.296	311	177	12	48	334	90	378	3.43e-24	108
PfCD01_120005700|DBLpam2|1|528|971	PV0099-C.g24	31.707	287	135	13	13	294	2362	2592	2.06e-23	106
PfCD01_120005700|DBLpam2|1|528|971	PV0099-C.g24	27.532	316	186	11	27	329	1628	1913	1.54e-17	88.2
PfCD01_120005700|DBLpam2|1|528|971	PV0099-C.g24	27.636	275	146	7	53	326	2072	2294	7.23e-12	70.5
PfCD01_120005700|DBLpam2|1|528|971	PV0099-C.g24	26.007	273	157	10	50	294	1286	1541	4.08e-09	61.6
PfCD01_120005700|CIDRpam|1|980|1209	PF0365-C.g136	90.435	230	21	1	1	230	98	326	6.91e-136	418
PfCD01_120005700|CIDRpam|1|980|1209	PA0032-C.g92	90.000	230	22	1	1	230	448	676	4.80e-135	414
PfCD01_120005700|CIDRpam|1|980|1209	PF0207-C.g501	90.000	230	22	1	1	230	975	1203	7.27e-134	414
PfCD01_120005700|CIDRpam|1|980|1209	PT0274-Cx.g365	88.261	230	26	1	1	230	74	302	8.70e-134	407
PfCD01_120005700|CIDRpam|1|980|1209	PT0014-CW.g47	90.435	230	21	1	1	230	996	1224	2.81e-133	416
PfCD01_120005700|DBLpam3|1|1228|1581	PF0784-C.g996	96.601	353	12	0	2	354	1251	1603	0.0	694
PfCD01_120005700|DBLpam3|1|1228|1581	PF0784-C.g996	25.478	314	174	15	23	312	1626	1903	4.90e-13	72.8
PfCD01_120005700|DBLpam3|1|1228|1581	PF0784-C.g996	25.993	277	160	10	40	290	582	839	1.97e-10	64.7
PfCD01_120005700|DBLpam3|1|1228|1581	PF0784-C.g996	24.522	314	175	12	24	308	75	355	5.12e-10	63.5
PfCD01_120005700|DBLpam3|1|1228|1581	PA0074-C.g243	94.618	353	19	0	2	354	1223	1575	0.0	680
PfCD01_120005700|DBLpam3|1|1228|1581	PA0074-C.g243	26.236	263	156	6	40	292	576	810	1.41e-15	80.5
PfCD01_120005700|DBLpam3|1|1228|1581	PM0134-C.g517	94.366	355	19	1	1	354	1258	1612	0.0	676
PfCD01_120005700|DBLpam3|1|1228|1581	PM0134-C.g517	26.394	269	169	9	40	290	582	839	1.99e-11	67.8
PfCD01_120005700|DBLpam3|1|1228|1581	PM0134-C.g517	23.242	327	189	13	12	308	60	354	1.62e-08	58.9
PfCD01_120005700|DBLpam3|1|1228|1581	QG0296-C.g3159	93.785	354	22	0	1	354	1242	1595	0.0	673
PfCD01_120005700|DBLpam3|1|1228|1581	QG0296-C.g3159	28.053	303	154	13	40	330	2401	2651	1.81e-13	74.3
PfCD01_120005700|DBLpam3|1|1228|1581	QG0296-C.g3159	26.282	312	176	13	42	347	2072	2335	4.96e-13	72.8
PfCD01_120005700|DBLpam3|1|1228|1581	QG0296-C.g3159	25.079	315	185	12	23	312	1618	1906	2.02e-12	70.9
PfCD01_120005700|DBLpam3|1|1228|1581	QG0296-C.g3159	24.390	287	156	9	40	292	579	838	2.32e-10	64.7
PfCD01_120005700|DBLpam3|1|1228|1581	QG0296-C.g3159	23.125	320	181	12	18	308	69	352	1.04e-08	59.7
PfCD01_120005700|DBLpam3|1|1228|1581	PC0118-C.g110	93.575	358	19	1	1	354	1231	1588	0.0	672
PfCD01_120005700|DBLpam3|1|1228|1581	PC0118-C.g110	26.437	261	137	10	42	302	2064	2269	1.07e-13	75.1
PfCD01_120005700|DBLpam3|1|1228|1581	PC0118-C.g110	26.349	315	180	13	23	312	1611	1898	3.92e-13	73.2
PfCD01_120005700|DBLpam3|1|1228|1581	PC0118-C.g110	26.712	292	156	10	20	290	566	820	1.12e-12	72.0
PfCD01_120005700|DBLpam3|1|1228|1581	PC0118-C.g110	26.244	221	114	8	125	330	2455	2641	7.60e-11	66.2
PfCD01_120005700|DBLpam3|1|1228|1581	PC0118-C.g110	24.437	311	176	13	24	308	75	352	3.36e-09	60.8
PfCD01_120005700|DBLe|1|1583|1918	SenT165.09.g650	95.294	340	12	2	1	336	1585	1924	0.0	661
PfCD01_120005700|DBLe|1|1583|1918	SenT165.09.g650	28.369	282	174	7	43	323	2049	2303	2.18e-21	97.8
PfCD01_120005700|DBLe|1|1583|1918	SenT165.09.g650	24.653	288	175	9	21	307	2371	2617	7.45e-17	84.3
PfCD01_120005700|DBLe|1|1583|1918	SenT165.09.g650	23.611	288	170	10	44	297	1270	1541	1.20e-09	62.4
PfCD01_120005700|DBLe|1|1583|1918	SenT165.09.g650	25.547	274	155	14	43	288	94	346	4.07e-07	54.3
PfCD01_120005700|DBLe|1|1583|1918	PT0256-C.g195	94.379	338	17	2	1	336	1600	1937	0.0	653
PfCD01_120005700|DBLe|1|1583|1918	PT0256-C.g195	28.014	282	163	8	43	323	2062	2304	8.67e-23	102
PfCD01_120005700|DBLe|1|1583|1918	PT0256-C.g195	25.468	267	157	8	43	307	2392	2618	2.20e-15	79.7
PfCD01_120005700|DBLe|1|1583|1918	PT0256-C.g195	24.483	290	177	9	45	308	96	369	1.88e-12	70.9
PfCD01_120005700|DBLe|1|1583|1918	PT0256-C.g195	24.739	287	167	12	44	297	1286	1556	4.95e-10	63.5
PfCD01_120005700|DBLe|1|1583|1918	PT0256-C.g195	22.903	310	170	11	45	305	585	874	3.18e-08	57.8
PfCD01_120005700|DBLe|1|1583|1918	PA0167-C.g306	94.412	340	13	3	1	336	1597	1934	0.0	651
PfCD01_120005700|DBLe|1|1583|1918	PA0167-C.g306	27.500	280	166	8	44	323	2060	2302	9.75e-20	92.8
PfCD01_120005700|DBLe|1|1583|1918	PA0167-C.g306	26.136	264	159	6	44	307	2391	2618	3.88e-15	79.0
PfCD01_120005700|DBLe|1|1583|1918	PA0167-C.g306	23.345	287	171	10	44	297	1283	1553	1.72e-10	64.7
PfCD01_120005700|DBLe|1|1583|1918	PA0167-C.g306	23.264	288	180	9	45	308	96	366	4.41e-09	60.5
PfCD01_120005700|DBLe|1|1583|1918	PT0262-C.g161	94.970	338	13	3	1	336	1594	1929	0.0	650
PfCD01_120005700|DBLe|1|1583|1918	PT0262-C.g161	28.826	281	164	8	44	323	2055	2300	1.99e-22	100
PfCD01_120005700|DBLe|1|1583|1918	PT0262-C.g161	26.692	266	155	9	44	309	2388	2613	8.51e-15	78.2
PfCD01_120005700|DBLe|1|1583|1918	PT0262-C.g161	23.052	308	185	11	45	321	96	382	5.97e-10	63.2
PfCD01_120005700|DBLe|1|1583|1918	PT0262-C.g161	22.997	287	173	11	44	297	1279	1550	8.16e-09	59.7
PfCD01_120005700|DBLe|1|1583|1918	PF0784-C.g996	93.567	342	12	3	1	336	1605	1942	0.0	649
PfCD01_120005700|DBLe|1|1583|1918	PF0784-C.g996	24.042	287	169	10	44	297	1291	1561	1.63e-11	67.8
PfCD01_120005700|DBLe|1|1583|1918	PF0784-C.g996	25.436	287	158	14	43	296	94	357	3.45e-08	57.8
PfCD01_120005700|DBLe|2|1995|2302	PF0730-C.g20	91.883	308	25	0	1	308	2013	2320	0.0	585
PfCD01_120005700|DBLe|2|1995|2302	PF0730-C.g20	31.679	262	152	9	50	308	2403	2640	7.66e-25	107
PfCD01_120005700|DBLe|2|1995|2302	PF0730-C.g20	29.795	292	164	11	50	304	1636	1923	2.65e-19	90.9
PfCD01_120005700|DBLe|2|1995|2302	PF0730-C.g20	30.137	219	115	10	50	233	1278	1493	4.62e-15	78.2
PfCD01_120005700|DBLe|2|1995|2302	PF0730-C.g20	27.523	218	121	6	51	236	586	798	1.83e-10	64.3
PfCD01_120005700|DBLe|2|1995|2302	PF0730-C.g20	22.727	220	119	8	34	212	78	287	4.08e-07	53.9
PfCD01_120005700|DBLe|2|1995|2302	PFKE08.g252	91.883	308	25	0	1	308	393	700	0.0	584
PfCD01_120005700|DBLe|2|1995|2302	PFKE08.g252	34.035	285	151	11	34	308	768	1025	2.38e-30	123
PfCD01_120005700|DBLe|2|1995|2302	PFKE08.g252	27.875	287	174	9	49	303	17	302	2.50e-19	90.9
PfCD01_120005700|DBLe|2|1995|2302	PF0180-C.g479	91.234	308	27	0	1	308	597	904	0.0	580
PfCD01_120005700|DBLe|2|1995|2302	PF0180-C.g479	32.500	280	155	10	36	308	973	1225	4.38e-26	110
PfCD01_120005700|DBLe|2|1995|2302	PF0180-C.g479	30.796	289	158	10	50	303	226	507	1.92e-22	100
PfCD01_120005700|DBLe|2|1995|2302	PF0180-C.g479	32.911	79	46	1	161	232	4	82	7.00e-07	53.1
PfCD01_120005700|DBLe|2|1995|2302	QG0225-C.g2643	88.924	316	27	1	1	308	696	1011	0.0	577
PfCD01_120005700|DBLe|2|1995|2302	QG0225-C.g2643	31.359	287	161	10	50	304	325	607	2.64e-23	102
PfCD01_120005700|DBLe|2|1995|2302	QG0225-C.g2643	31.818	132	74	5	117	233	52	182	1.87e-10	64.3
PfCD01_120005700|DBLe|2|1995|2302	QG0246-C.g2420	90.584	308	29	0	1	308	2014	2321	0.0	577
PfCD01_120005700|DBLe|2|1995|2302	QG0246-C.g2420	32.549	255	140	6	49	299	2404	2630	7.04e-25	107
PfCD01_120005700|DBLe|2|1995|2302	QG0246-C.g2420	29.693	293	166	9	50	303	1633	1924	5.37e-21	95.9
PfCD01_120005700|DBLe|2|1995|2302	QG0246-C.g2420	28.241	216	122	9	50	233	1276	1490	1.68e-14	76.6
PfCD01_120005700|DBLe|2|1995|2302	QG0246-C.g2420	24.468	282	152	8	51	277	583	858	1.54e-10	64.7
PfCD01_120005700|DBLe|2|1995|2302	QG0246-C.g2420	25.490	204	103	9	47	212	92	284	8.62e-09	59.3
PfCD01_120005700|DBLe|3|2340|2650	QE0418-C.g33	89.068	311	34	0	1	311	2324	2634	0.0	580
PfCD01_120005700|DBLe|3|2340|2650	QE0418-C.g33	31.786	280	158	11	29	282	2014	2286	3.60e-29	120
PfCD01_120005700|DBLe|3|2340|2650	QE0418-C.g33	30.292	274	143	13	45	271	91	363	3.26e-17	84.7
PfCD01_120005700|DBLe|3|2340|2650	QE0418-C.g33	26.592	267	138	10	33	248	557	816	5.39e-16	81.3
PfCD01_120005700|DBLe|3|2340|2650	QE0418-C.g33	23.529	323	188	11	1	271	1564	1879	4.65e-12	69.3
PfCD01_120005700|DBLe|3|2340|2650	QE0418-C.g33	27.386	241	131	10	104	311	1333	1562	6.13e-10	62.8
PfCD01_120005700|DBLe|3|2340|2650	QE0438-C.g399	89.068	311	34	0	1	311	2324	2634	0.0	577
PfCD01_120005700|DBLe|3|2340|2650	QE0438-C.g399	31.111	270	158	10	34	282	2024	2286	5.80e-26	110
PfCD01_120005700|DBLe|3|2340|2650	QE0438-C.g399	27.778	234	123	8	48	240	584	812	1.45e-17	85.9
PfCD01_120005700|DBLe|3|2340|2650	QE0438-C.g399	24.611	321	175	12	1	271	1579	1882	3.92e-14	75.5
PfCD01_120005700|DBLe|3|2340|2650	QE0438-C.g399	28.720	289	148	13	39	271	84	370	5.40e-14	75.1
PfCD01_120005700|DBLe|3|2340|2650	QE0438-C.g399	27.615	239	131	9	104	311	1350	1577	3.35e-13	72.8
PfCD01_120005700|DBLe|3|2340|2650	PA0151-C.g126	89.068	311	34	0	1	311	2329	2639	0.0	577
PfCD01_120005700|DBLe|3|2340|2650	PA0151-C.g126	31.273	275	163	9	29	282	2022	2291	1.92e-28	117
PfCD01_120005700|DBLe|3|2340|2650	PA0151-C.g126	26.996	263	136	11	33	240	565	826	4.34e-17	84.3
PfCD01_120005700|DBLe|3|2340|2650	PA0151-C.g126	28.521	284	148	13	41	271	89	370	9.92e-16	80.1
PfCD01_120005700|DBLe|3|2340|2650	PA0151-C.g126	23.899	318	188	11	1	271	1576	1886	3.35e-13	72.8
PfCD01_120005700|DBLe|3|2340|2650	PA0151-C.g126	27.917	240	130	10	104	311	1346	1574	2.74e-12	70.1
PfCD01_120005700|DBLe|3|2340|2650	PA0180-C.g107	89.068	311	34	0	1	311	2329	2639	0.0	577
PfCD01_120005700|DBLe|3|2340|2650	PA0180-C.g107	31.273	275	163	9	29	282	2022	2291	2.13e-28	117
PfCD01_120005700|DBLe|3|2340|2650	PA0180-C.g107	26.996	263	136	11	33	240	565	826	4.95e-17	84.3
PfCD01_120005700|DBLe|3|2340|2650	PA0180-C.g107	28.521	284	148	13	41	271	89	370	1.19e-15	80.1
PfCD01_120005700|DBLe|3|2340|2650	PA0180-C.g107	23.899	318	188	11	1	271	1576	1886	3.64e-13	72.4
PfCD01_120005700|DBLe|3|2340|2650	PA0180-C.g107	27.917	240	130	10	104	311	1346	1574	3.12e-12	69.7
PfCD01_120005700|DBLe|3|2340|2650	PF0467-C.g96	89.068	311	34	0	1	311	2329	2639	0.0	577
PfCD01_120005700|DBLe|3|2340|2650	PF0467-C.g96	31.273	275	163	9	29	282	2022	2291	2.22e-28	117
PfCD01_120005700|DBLe|3|2340|2650	PF0467-C.g96	26.996	263	136	11	33	240	565	826	5.08e-17	84.3
PfCD01_120005700|DBLe|3|2340|2650	PF0467-C.g96	28.521	284	148	13	41	271	89	370	1.19e-15	80.1
PfCD01_120005700|DBLe|3|2340|2650	PF0467-C.g96	23.899	318	188	11	1	271	1576	1886	3.91e-13	72.4
PfCD01_120005700|DBLe|3|2340|2650	PF0467-C.g96	27.917	240	130	10	104	311	1346	1574	3.29e-12	69.7
PfCD01_120005700|ATS|1|2667|3073	PA0134-C.g295	98.280	407	7	0	1	407	2692	3098	0.0	820
PfCD01_120005700|ATS|1|2667|3073	PFKE06.g409	97.297	407	11	0	1	407	5929	6335	0.0	814
PfCD01_120005700|ATS|1|2667|3073	PfKE04.g1171	98.025	405	7	1	1	404	2671	3075	0.0	810
PfCD01_120005700|ATS|1|2667|3073	PFKE08.g252	97.304	408	10	1	1	407	1070	1477	0.0	804
PfCD01_120005700|ATS|1|2667|3073	QE0461-C.g204	92.647	408	29	1	1	407	2697	3104	0.0	765
PfCD01_120045000|NTS|1|1|65	PH0932-C.g527	100.000	65	0	0	1	65	1	65	3.16e-38	135
PfCD01_120045000|NTS|1|1|65	PH0585-C.g716	100.000	65	0	0	1	65	1	65	3.16e-38	135
PfCD01_120045000|NTS|1|1|65	PH0500-CW.g526	100.000	65	0	0	1	65	1	65	3.16e-38	135
PfCD01_120045000|NTS|1|1|65	PC0016-C.g384	100.000	65	0	0	1	65	1	65	3.16e-38	135
PfCD01_120045000|NTS|1|1|65	PH0604-C.g842	100.000	65	0	0	1	65	1	65	3.28e-38	135
PfCD01_120045000|DBLa|1|66|494	QG0275-C.g514	100.000	429	0	0	1	429	66	494	0.0	904
PfCD01_120045000|DBLa|1|66|494	QG0275-C.g514	25.627	359	195	13	116	429	1018	1349	2.68e-18	90.1
PfCD01_120045000|DBLa|1|66|494	QG0228-C.g230	100.000	429	0	0	1	429	66	494	0.0	904
PfCD01_120045000|DBLa|1|66|494	QE0419-C.g771	91.917	433	28	3	1	429	66	495	0.0	787
PfCD01_120045000|DBLa|1|66|494	QE0419-C.g771	22.563	359	197	12	115	429	1011	1332	2.89e-11	68.2
PfCD01_120045000|DBLa|1|66|494	PM0097-C.g1072	81.839	435	64	4	1	429	66	491	0.0	729
PfCD01_120045000|DBLa|1|66|494	PM0097-C.g1072	24.815	270	153	8	116	340	1073	1337	4.01e-13	73.9
PfCD01_120045000|DBLa|1|66|494	PA0237-C.g1	76.072	443	91	5	1	429	66	507	0.0	675
PfCD01_120045000|DBLa|1|66|494	PA0237-C.g1	24.074	216	146	5	124	336	1102	1302	1.10e-12	72.8
PfCD01_120045000|CIDRa|1|495|760	PA0061-C.g59	100.000	266	0	0	1	266	81	346	0.0	550
PfCD01_120045000|CIDRa|1|495|760	QG0275-C.g514	100.000	266	0	0	1	266	495	760	0.0	550
PfCD01_120045000|CIDRa|1|495|760	QG0228-C.g230	100.000	266	0	0	1	266	495	760	0.0	550
PfCD01_120045000|CIDRa|1|495|760	QE0419-C.g771	99.248	266	2	0	1	266	496	761	0.0	548
PfCD01_120045000|CIDRa|1|495|760	PH0932-C.g475	60.727	275	90	6	1	264	527	794	1.31e-97	315
PfCD01_120045000|DBLd|1|837|1353	PM0097-C.g1072	100.000	469	0	0	1	469	888	1356	0.0	964
PfCD01_120045000|DBLd|1|837|1353	PM0097-C.g1072	24.370	357	201	12	185	517	180	491	3.01e-15	81.6
PfCD01_120045000|DBLd|1|837|1353	QG0275-C.g514	88.247	519	27	4	1	517	863	1349	0.0	889
PfCD01_120045000|DBLd|1|837|1353	QG0275-C.g514	25.556	360	196	13	185	517	180	494	4.73e-18	90.5
PfCD01_120045000|DBLd|1|837|1353	PA0061-C.g59	88.247	519	27	4	1	517	449	935	0.0	889
PfCD01_120045000|DBLd|1|837|1353	PA0185-C.g412	53.125	576	203	11	1	517	842	1409	3.07e-172	536
PfCD01_120045000|DBLd|1|837|1353	PA0185-C.g412	27.875	287	142	12	254	517	255	499	6.02e-16	84.0
PfCD01_120045000|DBLd|1|837|1353	PM0041-C.g238	53.211	545	198	17	1	517	915	1430	2.16e-164	506
PfCD01_120045000|DBLd|1|837|1353	PM0041-C.g238	24.691	243	137	4	254	481	249	460	2.23e-13	75.5
PfCD01_120045000|CIDRb|1|1354|1605	PA0061-C.g59	100.000	252	0	0	1	252	936	1187	2.77e-177	524
PfCD01_120045000|CIDRb|1|1354|1605	QG0275-C.g514	100.000	252	0	0	1	252	1350	1601	1.19e-173	523
PfCD01_120045000|CIDRb|1|1354|1605	QG0190-C.g866	95.635	252	11	0	1	252	1360	1611	5.93e-163	494
PfCD01_120045000|CIDRb|1|1354|1605	PA0180-C.g601	88.492	252	29	0	1	252	1315	1566	2.91e-148	454
PfCD01_120045000|CIDRb|1|1354|1605	PV0287-C.g66	87.698	252	31	0	1	252	1374	1625	4.46e-147	452
PfCD01_120045000|ATS|1|1731|2208	PD0549-C.g516	81.211	479	58	4	1	478	2187	2634	0.0	760
PfCD01_120045000|ATS|1|1731|2208	PD0511-C.g583	81.211	479	58	4	1	478	2187	2634	0.0	760
PfCD01_120045000|ATS|1|1731|2208	PV0028-C.g31	78.586	481	75	6	1	478	1737	2192	0.0	745
PfCD01_120045000|ATS|1|1731|2208	PFKE12.g465	72.447	519	73	7	1	478	1773	2262	0.0	707
PfCD01_120045000|ATS|1|1731|2208	PV0229-C.g26	76.423	492	73	9	1	478	1803	2265	0.0	705
PfCD01_120045100|NTS|1|1|66	PA0180-C.g598	83.333	66	11	0	1	66	1	66	5.69e-32	117
PfCD01_120045100|NTS|1|1|66	PA0084-C.g838	80.303	66	13	0	1	66	1	66	1.68e-30	113
PfCD01_120045100|NTS|1|1|66	PV0256-C.g74	78.788	66	14	0	1	66	1	66	2.23e-29	110
PfCD01_120045100|NTS|1|1|66	QE0469-C.g1180	81.818	66	11	1	1	66	1	65	3.29e-28	107
PfCD01_120045100|NTS|1|1|66	PV0138-C.g32	81.818	66	11	1	1	66	1	65	3.39e-28	106
PfCD01_120045100|DBLa|1|67|504	PV0083-C.g107	77.500	440	91	4	1	438	83	516	0.0	677
PfCD01_120045100|DBLa|1|67|504	PT0149-C.g722	76.484	438	95	3	1	438	66	495	0.0	675
PfCD01_120045100|DBLa|1|67|504	PT0149-C.g722	25.095	263	151	11	115	339	993	1247	3.10e-10	65.1
PfCD01_120045100|DBLa|1|67|504	PH0815-C.g1078	77.500	440	91	4	1	438	83	516	0.0	674
PfCD01_120045100|DBLa|1|67|504	PH0815-C.g1078	23.664	262	139	11	119	339	1074	1315	1.13e-12	72.8
PfCD01_120045100|DBLa|1|67|504	PT0106-C.g848	74.661	442	83	6	1	438	68	484	0.0	653
PfCD01_120045100|DBLa|1|67|504	PT0106-C.g848	23.249	357	191	9	118	438	984	1293	2.31e-14	78.2
PfCD01_120045100|DBLa|1|67|504	QE0453-C.g814	72.523	444	108	7	1	438	67	502	0.0	632
PfCD01_120045100|DBLa|1|67|504	QE0453-C.g814	24.597	248	124	7	147	342	1092	1328	5.60e-14	77.0
PfCD01_120045100|CIDRa|1|505|791	PT0158-C.g832	77.857	280	59	3	1	278	509	787	8.24e-137	426
PfCD01_120045100|CIDRa|1|505|791	PT0158-C.g832	27.933	179	105	6	115	282	1450	1615	4.65e-09	59.7
PfCD01_120045100|CIDRa|1|505|791	QG0297-C.g3807	77.857	280	59	3	1	278	493	771	1.28e-136	425
PfCD01_120045100|CIDRa|1|505|791	QE0466-C.g922	73.958	288	60	2	1	287	495	768	7.64e-136	423
PfCD01_120045100|CIDRa|1|505|791	QE0429-C.g781	73.958	288	60	2	1	287	495	768	7.93e-136	424
PfCD01_120045100|CIDRa|1|505|791	QG0236-C.g2380	77.857	280	59	3	1	278	509	787	1.70e-135	425
PfCD01_120045100|DBLd|1|881|1379	QG0286-C.g7247	56.751	511	183	15	1	499	721	1205	2.68e-167	514
PfCD01_120045100|DBLd|1|881|1379	PH0474-CW.g473	51.371	547	167	18	1	499	2085	2580	5.11e-149	473
PfCD01_120045100|DBLd|1|881|1379	PH0474-CW.g473	25.336	446	187	16	1	443	1606	1908	1.99e-24	110
PfCD01_120045100|DBLd|1|881|1379	PH0474-CW.g473	24.594	431	165	14	16	441	1253	1528	1.15e-17	89.4
PfCD01_120045100|DBLd|1|881|1379	PH0474-CW.g473	30.645	186	109	6	328	499	294	473	2.23e-09	62.8
PfCD01_120045100|DBLd|1|881|1379	PH0471-C.g94	51.371	547	167	18	1	499	2085	2580	5.11e-149	473
PfCD01_120045100|DBLd|1|881|1379	PH0471-C.g94	25.336	446	187	16	1	443	1606	1908	1.99e-24	110
PfCD01_120045100|DBLd|1|881|1379	PH0471-C.g94	24.594	431	165	14	16	441	1253	1528	1.15e-17	89.4
PfCD01_120045100|DBLd|1|881|1379	PH0471-C.g94	30.645	186	109	6	328	499	294	473	2.23e-09	62.8
PfCD01_120045100|DBLd|1|881|1379	PH0305-C.g135	51.371	547	167	18	1	499	2085	2580	5.11e-149	473
PfCD01_120045100|DBLd|1|881|1379	PH0305-C.g135	25.336	446	187	16	1	443	1606	1908	1.99e-24	110
PfCD01_120045100|DBLd|1|881|1379	PH0305-C.g135	24.594	431	165	14	16	441	1253	1528	1.15e-17	89.4
PfCD01_120045100|DBLd|1|881|1379	PH0305-C.g135	30.645	186	109	6	328	499	294	473	2.23e-09	62.8
PfCD01_120045100|DBLd|1|881|1379	PV0128-C.g110	50.285	527	218	13	1	499	235	745	6.82e-149	462
PfCD01_120045100|CIDRb|1|1380|1621	PA0027-C.g767	71.837	245	60	3	1	238	1340	1582	1.07e-99	320
PfCD01_120045100|CIDRb|1|1380|1621	PH0610-C.g786	67.364	239	75	3	1	237	797	1034	6.24e-97	308
PfCD01_120045100|CIDRb|1|1380|1621	PC0065-C.g3618	67.755	245	70	4	1	237	1412	1655	7.35e-97	311
PfCD01_120045100|CIDRb|1|1380|1621	PH0599-C.g640	67.364	239	75	3	1	237	1458	1695	2.04e-95	307
PfCD01_120045100|CIDRb|1|1380|1621	PfKE05.g14	64.372	247	80	5	1	241	1803	2047	2.50e-95	307
PfCD01_120045100|ATS|1|1724|2196	PC0122-C.g587	82.268	485	70	4	1	473	3364	3844	0.0	738
PfCD01_120045100|ATS|1|1724|2196	PD0483-C.g348	80.672	476	71	7	1	473	2589	3046	0.0	720
PfCD01_120045100|ATS|1|1724|2196	PV0028-C.g43	77.149	477	65	10	1	473	1843	2279	0.0	706
PfCD01_120045100|ATS|1|1724|2196	PV0239-C.g25	78.059	474	82	7	4	473	2130	2585	0.0	705
PfCD01_120045100|ATS|1|1724|2196	PV0129-C.g36	75.941	478	83	8	1	473	1739	2189	0.0	700
PfCD01_120045200|NTS|1|1|65	QG0216-C.g988	100.000	65	0	0	1	65	1	65	3.76e-37	132
PfCD01_120045200|NTS|1|1|65	QE0410-C.g121	100.000	65	0	0	1	65	1	65	2.63e-33	121
PfCD01_120045200|NTS|1|1|65	PH0589-C.g135	100.000	65	0	0	1	65	1	65	3.26e-33	120
PfCD01_120045200|NTS|1|1|65	PC0005-Cx.g556	89.231	65	7	0	1	65	1	65	2.53e-31	115
PfCD01_120045200|NTS|1|1|65	QG0186-C.g527	87.692	65	8	0	1	65	1	65	4.72e-30	112
PfCD01_120045200|DBLa|1|66|502	QE0410-C.g121	98.398	437	7	0	1	437	66	502	0.0	897
PfCD01_120045200|DBLa|1|66|502	QE0410-C.g121	33.746	323	173	9	45	366	2115	2397	2.40e-37	147
PfCD01_120045200|DBLa|1|66|502	QE0410-C.g121	26.879	346	174	14	121	437	1047	1342	9.50e-17	85.5
PfCD01_120045200|DBLa|1|66|502	QE0410-C.g121	24.585	301	152	9	49	349	2524	2749	3.95e-13	74.3
PfCD01_120045200|DBLa|1|66|502	QE0410-C.g121	24.719	356	190	14	12	348	1649	1945	9.14e-12	70.1
PfCD01_120045200|DBLa|1|66|502	PH0589-C.g135	98.398	437	7	0	1	437	66	502	0.0	897
PfCD01_120045200|DBLa|1|66|502	PH0589-C.g135	33.746	323	173	9	45	366	2115	2397	2.15e-37	147
PfCD01_120045200|DBLa|1|66|502	PH0589-C.g135	26.879	346	174	14	121	437	1047	1342	8.24e-17	85.9
PfCD01_120045200|DBLa|1|66|502	PH0589-C.g135	24.585	301	152	9	49	349	2524	2749	3.65e-13	74.3
PfCD01_120045200|DBLa|1|66|502	PH0589-C.g135	24.719	356	190	14	12	348	1649	1945	7.80e-12	70.1
PfCD01_120045200|DBLa|1|66|502	QG0216-C.g988	96.339	437	12	1	1	437	66	498	0.0	878
PfCD01_120045200|DBLa|1|66|502	QG0216-C.g988	27.530	247	136	5	143	352	1130	1370	2.40e-08	58.9
PfCD01_120045200|DBLa|1|66|502	PF0590-C.g722	89.041	438	46	2	1	437	66	502	0.0	808
PfCD01_120045200|DBLa|1|66|502	PF0590-C.g722	29.268	205	95	8	245	437	1243	1409	1.05e-08	60.1
PfCD01_120045200|DBLa|1|66|502	PC0005-Cx.g556	84.966	439	60	4	1	437	66	500	0.0	752
PfCD01_120045200|DBLa|1|66|502	PC0005-Cx.g556	24.722	360	169	15	134	437	1115	1428	3.47e-12	71.2
PfCD01_120045200|CIDRa|1|503|816	QE0410-C.g121	97.771	314	7	0	1	314	503	816	0.0	631
PfCD01_120045200|CIDRa|1|503|816	PH0589-C.g135	97.771	314	7	0	1	314	503	816	0.0	631
PfCD01_120045200|CIDRa|1|503|816	PF0590-C.g722	98.382	309	5	0	1	309	503	811	0.0	626
PfCD01_120045200|CIDRa|1|503|816	QG0216-C.g988	97.106	311	9	0	1	311	499	809	0.0	619
PfCD01_120045200|CIDRa|1|503|816	PC0005-Cx.g556	76.923	312	69	2	1	310	501	811	1.78e-155	478
PfCD01_120045200|DBLd|1|912|1434	PM0152-C.g677	54.628	551	188	20	1	523	884	1400	1.23e-161	504
PfCD01_120045200|DBLd|1|912|1434	PM0152-C.g677	27.094	203	127	5	336	523	313	509	5.57e-09	61.6
PfCD01_120045200|DBLd|1|912|1434	PT0137-C.g88	53.552	549	180	17	1	523	253	752	3.71e-161	490
PfCD01_120045200|DBLd|1|912|1434	PM0024-C.g776	53.623	552	205	15	11	523	819	1358	8.25e-159	496
PfCD01_120045200|DBLd|1|912|1434	PM0024-C.g776	28.877	187	119	7	349	523	305	489	2.59e-08	59.3
PfCD01_120045200|DBLd|1|912|1434	QE0419-C.g653	53.114	546	199	19	1	523	891	1402	4.38e-158	494
PfCD01_120045200|DBLd|1|912|1434	QE0419-C.g653	30.693	101	68	2	355	454	326	425	8.58e-07	54.7
PfCD01_120045200|DBLd|1|912|1434	PF0489-C.g142	53.791	554	193	18	1	523	822	1343	7.25e-157	490
PfCD01_120045200|CIDRb|1|1435|1696	PM0152-C.g677	86.415	265	33	2	1	262	1401	1665	5.86e-151	463
PfCD01_120045200|CIDRb|1|1435|1696	PF0122-C.g448	80.000	260	50	2	1	258	1446	1705	9.39e-134	417
PfCD01_120045200|CIDRb|1|1435|1696	PF0122-C.g448	29.530	149	74	7	116	243	673	811	5.09e-08	55.8
PfCD01_120045200|CIDRb|1|1435|1696	PM0024-C.g776	71.429	287	53	2	1	258	1359	1645	8.47e-129	402
PfCD01_120045200|CIDRb|1|1435|1696	PA0089-C.g363	76.062	259	59	2	1	259	1300	1555	2.47e-126	395
PfCD01_120045200|CIDRb|1|1435|1696	PT0137-C.g88	74.525	263	59	4	1	257	753	1013	5.13e-123	379
PfCD01_120045200|ATS|1|1815|2288	PD0472-C.g722	83.125	480	69	5	1	474	1681	2154	0.0	764
PfCD01_120045200|ATS|1|1815|2288	PFKE11.g671	79.200	500	74	8	1	474	2046	2541	0.0	759
PfCD01_120045200|ATS|1|1815|2288	PA0262-C.g433	81.837	479	77	7	1	474	2175	2648	0.0	741
PfCD01_120045200|ATS|1|1815|2288	PFKE09.g410	79.381	485	85	6	1	474	1751	2231	0.0	729
PfCD01_120045200|ATS|1|1815|2288	PC0107-C.g222	80.752	452	80	5	1	449	1797	2244	0.0	722
PfCD01_120045400|NTS|1|1|59	PA0134-C.g373	78.571	56	12	0	4	59	12	67	2.16e-23	92.8
PfCD01_120045400|NTS|1|1|59	PA0151-C.g112	78.571	56	12	0	4	59	12	67	2.67e-23	92.4
PfCD01_120045400|NTS|1|1|59	SenP051.02.g284	78.571	56	12	0	4	59	12	67	2.97e-23	92.4
PfCD01_120045400|NTS|1|1|59	PA0172-C.g799	78.571	56	12	0	4	59	11	66	3.79e-23	92.0
PfCD01_120045400|NTS|1|1|59	PM0021-C.g660	75.000	56	14	0	4	59	7	62	3.01e-19	80.9
PfCD01_120045400|DBLa|1|60|532	PA0201-C.g387	70.779	462	106	11	27	473	67	514	0.0	615
PfCD01_120045400|DBLa|1|60|532	PA0201-C.g387	32.692	104	64	2	282	379	1264	1367	9.65e-08	57.4
PfCD01_120045400|DBLa|1|60|532	PH0599-C.g640	69.161	441	114	7	37	473	81	503	0.0	614
PfCD01_120045400|DBLa|1|60|532	PH0599-C.g640	27.027	185	102	5	218	371	1200	1382	2.88e-10	65.5
PfCD01_120045400|DBLa|1|60|532	PT0048-C.g365	69.161	441	114	7	37	473	81	503	0.0	613
PfCD01_120045400|DBLa|1|60|532	PT0048-C.g365	25.993	277	155	8	127	371	1058	1316	6.91e-11	67.4
PfCD01_120045400|DBLa|1|60|532	PA0042-C.g510	70.067	451	101	11	34	473	73	500	0.0	602
PfCD01_120045400|DBLa|1|60|532	PA0042-C.g510	29.630	189	105	7	218	379	1122	1309	1.92e-11	68.9
PfCD01_120045400|DBLa|1|60|532	SenP051.02.g284	68.024	491	119	11	1	473	68	538	0.0	598
PfCD01_120045400|DBLa|1|60|532	SenP051.02.g284	25.207	242	128	8	161	370	1162	1382	3.31e-09	62.0
PfCD01_120045400|CIDRa|1|533|861	SenT136.09.g634	79.762	336	48	2	1	329	520	842	6.35e-161	494
PfCD01_120045400|CIDRa|1|533|861	QG0209-C.g556	80.723	332	45	3	1	325	517	836	1.67e-160	493
PfCD01_120045400|CIDRa|1|533|861	QG0209-C.g556	34.524	84	53	2	141	223	1505	1587	6.60e-07	53.5
PfCD01_120045400|CIDRa|1|533|861	PF0816-C.g857	75.301	332	52	2	1	325	532	840	1.88e-152	470
PfCD01_120045400|CIDRa|1|533|861	PT0222-C.g11	74.405	336	73	5	1	329	487	816	1.85e-144	434
PfCD01_120045400|CIDRa|1|533|861	PF0098-C.g488	69.254	335	73	4	1	324	521	836	9.64e-144	438
PfCD01_120045400|DBLd|1|936|1440	PM0076-C.g775	56.381	525	169	15	1	505	822	1306	6.71e-168	515
PfCD01_120045400|DBLd|1|936|1440	PM0076-C.g775	25.786	318	178	11	205	505	213	489	2.43e-16	85.1
PfCD01_120045400|DBLd|1|936|1440	QG0271-C.g1060	53.846	546	193	19	1	505	842	1369	9.45e-161	500
PfCD01_120045400|DBLd|1|936|1440	QG0271-C.g1060	28.090	178	119	4	336	505	302	478	6.74e-13	73.9
PfCD01_120045400|DBLd|1|936|1440	QG0269-C.g748	53.846	546	193	19	1	505	842	1369	9.45e-161	500
PfCD01_120045400|DBLd|1|936|1440	QG0269-C.g748	28.090	178	119	4	336	505	302	478	6.74e-13	73.9
PfCD01_120045400|DBLd|1|936|1440	QG0276-C.g607	53.663	546	194	19	1	505	913	1440	4.19e-160	499
PfCD01_120045400|DBLd|1|936|1440	QG0276-C.g607	26.441	295	147	10	237	505	260	510	1.09e-09	63.9
PfCD01_120045400|DBLd|1|936|1440	PA0197-C.g751	53.394	545	182	16	1	505	907	1419	1.19e-158	495
PfCD01_120045400|DBLd|1|936|1440	PA0197-C.g751	24.397	373	190	12	174	505	187	508	1.04e-13	76.6
PfCD01_120045400|CIDRb|1|1441|1697	PA0065-C.g66	87.891	256	29	2	1	255	987	1241	8.93e-152	459
PfCD01_120045400|CIDRb|1|1441|1697	PT0118-C.g10	71.815	259	71	2	1	257	1284	1542	4.80e-117	369
PfCD01_120045400|CIDRb|1|1441|1697	PT0118-C.g10	31.707	82	55	1	103	184	575	655	1.31e-08	57.8
PfCD01_120045400|CIDRb|1|1441|1697	PT0144-C.g53	76.987	239	53	2	1	237	1371	1609	3.13e-116	367
PfCD01_120045400|CIDRb|1|1441|1697	PC0061-C.g1273	73.092	249	62	3	1	246	1281	1527	1.62e-113	359
PfCD01_120045400|CIDRb|1|1441|1697	PfKE03.g43	68.462	260	79	3	1	257	932	1191	1.03e-112	353
PfCD01_120045400|ATS|1|1823|2283	PD0590-C.g548	88.675	468	44	3	1	461	2191	2656	0.0	842
PfCD01_120045400|ATS|1|1823|2283	PD0585-C.g522	88.675	468	44	3	1	461	2191	2656	0.0	842
PfCD01_120045400|ATS|1|1823|2283	PfKE02.g507	80.000	480	73	6	1	461	1741	2216	0.0	754
PfCD01_120045400|ATS|1|1823|2283	PF0489-C.g723	80.851	470	69	8	1	461	1717	2174	0.0	749
PfCD01_120045400|ATS|1|1823|2283	PFKE12.g305	79.614	466	88	4	1	461	1823	2286	0.0	739
PfCD01_120045700|NTS|1|1|68	PV0256-C.g48	85.714	49	7	0	20	68	13	61	9.33e-22	88.6
PfCD01_120045700|NTS|1|1|68	PV0139-C.g96	85.714	49	7	0	20	68	13	61	9.70e-22	88.6
PfCD01_120045700|NTS|1|1|68	PV0133-C.g75	85.714	49	7	0	20	68	13	61	9.89e-22	88.6
PfCD01_120045700|NTS|1|1|68	PH0248-C.g339	85.714	49	7	0	20	68	13	61	1.03e-21	88.6
PfCD01_120045700|NTS|1|1|68	QE0467-C.g885	81.633	49	9	0	20	68	13	61	3.66e-19	81.3
PfCD01_120045700|DBLa|1|69|506	PM0107-C.g498	67.478	452	126	9	1	438	63	507	0.0	599
PfCD01_120045700|DBLa|1|69|506	PM0107-C.g498	27.925	265	156	8	195	438	1115	1365	3.50e-18	89.7
PfCD01_120045700|DBLa|1|69|506	PM0115-C.g530	67.478	452	126	9	1	438	63	507	0.0	598
PfCD01_120045700|DBLa|1|69|506	PM0115-C.g530	27.925	265	156	8	195	438	1115	1365	3.14e-18	90.1
PfCD01_120045700|DBLa|1|69|506	QG0280-C.g1299	67.411	448	128	9	1	438	65	504	0.0	588
PfCD01_120045700|DBLa|1|69|506	QG0280-C.g1299	26.570	414	237	12	41	438	986	1348	2.08e-29	124
PfCD01_120045700|DBLa|1|69|506	PA0069-C.g546	66.075	451	123	7	1	438	67	500	0.0	587
PfCD01_120045700|DBLa|1|69|506	PA0069-C.g546	25.386	453	252	21	45	438	950	1375	1.20e-18	91.3
PfCD01_120045700|DBLa|1|69|506	PA0068-C.g378	66.075	451	123	7	1	438	67	500	0.0	587
PfCD01_120045700|DBLa|1|69|506	PA0068-C.g378	25.386	453	252	21	45	438	950	1375	1.20e-18	91.3
PfCD01_120045700|CIDRa|1|507|798	PT0066-C.g664	68.807	327	60	6	1	286	504	829	1.50e-126	398
PfCD01_120045700|CIDRa|1|507|798	PM0021-C.g351	65.517	319	72	6	1	286	502	815	5.22e-120	379
PfCD01_120045700|CIDRa|1|507|798	PfKE03.g325	65.517	319	72	6	1	286	502	815	5.24e-120	379
PfCD01_120045700|CIDRa|1|507|798	PT0149-C.g9	65.677	303	90	5	1	292	519	818	2.63e-113	354
PfCD01_120045700|CIDRa|1|507|798	PM0107-C.g498	66.892	296	84	5	1	286	508	799	2.72e-113	358
PfCD01_120045700|DBLd|1|870|1367	PH0932-C.g78	81.600	500	50	4	1	498	1666	2125	0.0	779
PfCD01_120045700|DBLd|1|870|1367	PH0932-C.g78	26.702	382	183	12	74	455	1329	1613	2.86e-30	128
PfCD01_120045700|DBLd|1|870|1367	PH0932-C.g78	26.409	337	201	9	178	498	169	474	4.55e-22	102
PfCD01_120045700|DBLd|1|870|1367	PH0604-C.g948	81.600	500	50	4	1	498	1666	2125	0.0	779
PfCD01_120045700|DBLd|1|870|1367	PH0604-C.g948	26.702	382	183	12	74	455	1329	1613	2.86e-30	128
PfCD01_120045700|DBLd|1|870|1367	PH0604-C.g948	26.409	337	201	9	178	498	169	474	4.55e-22	102
PfCD01_120045700|DBLd|1|870|1367	PH0585-C.g128	81.600	500	50	4	1	498	1666	2125	0.0	779
PfCD01_120045700|DBLd|1|870|1367	PH0585-C.g128	26.702	382	183	12	74	455	1329	1613	2.86e-30	128
PfCD01_120045700|DBLd|1|870|1367	PH0585-C.g128	26.409	337	201	9	178	498	169	474	4.55e-22	102
PfCD01_120045700|DBLd|1|870|1367	PH0500-CW.g140	81.600	500	50	4	1	498	1666	2125	0.0	779
PfCD01_120045700|DBLd|1|870|1367	PH0500-CW.g140	26.702	382	183	12	74	455	1329	1613	2.86e-30	128
PfCD01_120045700|DBLd|1|870|1367	PH0500-CW.g140	26.409	337	201	9	178	498	169	474	4.55e-22	102
PfCD01_120045700|DBLd|1|870|1367	PC0016-C.g368	81.600	500	50	4	1	498	1666	2125	0.0	779
PfCD01_120045700|DBLd|1|870|1367	PC0016-C.g368	26.702	382	183	12	74	455	1329	1613	2.86e-30	128
PfCD01_120045700|DBLd|1|870|1367	PC0016-C.g368	26.409	337	201	9	178	498	169	474	4.55e-22	102
PfCD01_120045700|CIDRb|1|1368|1619	PH0932-C.g78	99.603	252	1	0	1	252	2126	2377	8.20e-168	515
PfCD01_120045700|CIDRb|1|1368|1619	PH0604-C.g948	99.603	252	1	0	1	252	2126	2377	8.20e-168	515
PfCD01_120045700|CIDRb|1|1368|1619	PH0585-C.g128	99.603	252	1	0	1	252	2126	2377	8.20e-168	515
PfCD01_120045700|CIDRb|1|1368|1619	PH0500-CW.g140	99.603	252	1	0	1	252	2126	2377	8.20e-168	515
PfCD01_120045700|CIDRb|1|1368|1619	PC0016-C.g368	99.603	252	1	0	1	252	2126	2377	8.20e-168	515
PfCD01_120045700|ATS|1|1744|2221	PA0221-C.g780	85.041	488	47	5	1	478	1803	2274	0.0	774
PfCD01_120045700|ATS|1|1744|2221	QE0439-C.g985	85.685	482	65	4	1	478	1674	2155	0.0	765
PfCD01_120045700|ATS|1|1744|2221	PD0472-C.g722	77.893	484	91	10	1	478	1681	2154	0.0	696
PfCD01_120045700|ATS|1|1744|2221	PA0262-C.g433	77.593	482	96	8	1	478	2175	2648	0.0	686
PfCD01_120045700|ATS|1|1744|2221	PV0099-C.g12	72.636	497	113	5	1	478	3295	3787	0.0	684
PfCD01_120058500|NTS|1|1|73	PT0299-Cx.g1471	85.185	54	8	0	20	73	5	58	4.24e-22	89.7
PfCD01_120058500|NTS|1|1|73	PH0305-C.g436	85.185	54	8	0	20	73	5	58	4.27e-22	89.7
PfCD01_120058500|NTS|1|1|73	QG0209-C.g459	87.273	55	6	1	20	73	5	59	4.53e-22	89.7
PfCD01_120058500|NTS|1|1|73	PD0632-C.g341	85.185	54	8	0	20	73	5	58	4.54e-22	89.7
PfCD01_120058500|NTS|1|1|73	PD0572-C.g605	85.185	54	8	0	20	73	5	58	4.54e-22	89.7
PfCD01_120058500|DBLa|1|74|521	QG0209-C.g459	74.165	449	99	8	1	448	60	492	0.0	652
PfCD01_120058500|DBLa|1|74|521	QG0209-C.g459	24.251	367	202	14	118	448	1034	1360	1.23e-16	85.5
PfCD01_120058500|DBLa|1|74|521	PA0204-C.g677	74.215	446	101	7	11	448	76	515	0.0	649
PfCD01_120058500|DBLa|1|74|521	PA0204-C.g677	23.954	263	140	9	122	333	1100	1353	1.81e-10	65.9
PfCD01_120058500|DBLa|1|74|521	PF0730-C.g631	72.477	436	106	6	19	448	79	506	0.0	611
PfCD01_120058500|DBLa|1|74|521	PF0730-C.g631	28.061	196	114	7	242	427	1238	1416	7.42e-10	63.9
PfCD01_120058500|DBLa|1|74|521	PM0146-C.g441	69.163	454	123	10	1	448	64	506	0.0	602
PfCD01_120058500|DBLa|1|74|521	PM0146-C.g441	25.575	348	173	10	138	448	1110	1408	1.59e-19	94.4
PfCD01_120058500|DBLa|1|74|521	PA0041-C.g607	69.316	453	121	10	1	448	64	503	0.0	598
PfCD01_120058500|DBLa|1|74|521	PA0041-C.g607	24.022	358	179	13	77	386	989	1301	6.52e-14	76.6
PfCD01_120058500|CIDRa|1|522|792	QG0194-C.g737	96.679	271	9	0	1	271	507	777	0.0	546
PfCD01_120058500|CIDRa|1|522|792	PM0024-C.g8	93.680	269	16	1	1	268	497	765	4.53e-157	478
PfCD01_120058500|CIDRa|1|522|792	PA0172-C.g891	84.559	272	39	3	1	271	538	807	4.24e-134	417
PfCD01_120058500|CIDRa|1|522|792	PA0017-C.g407	62.774	274	94	3	1	268	492	763	3.01e-98	317
PfCD01_120058500|CIDRa|1|522|792	PA0172-C.g955	64.338	272	77	7	1	269	513	767	2.32e-93	303
PfCD01_120058500|DBLd|1|890|1386	QE0404-C.g589	57.827	543	134	15	1	497	912	1405	2.69e-178	548
PfCD01_120058500|DBLd|1|890|1386	QE0404-C.g589	26.271	354	195	11	184	497	180	507	1.07e-19	95.5
PfCD01_120058500|DBLd|1|890|1386	PF0041-C.g457	56.684	561	145	14	1	497	1192	1718	1.54e-173	540
PfCD01_120058500|DBLd|1|890|1386	PF0041-C.g457	27.312	465	200	20	19	470	800	1139	1.18e-29	126
PfCD01_120058500|DBLd|1|890|1386	PF0041-C.g457	24.233	326	199	8	187	497	178	470	6.69e-17	86.7
PfCD01_120058500|DBLd|1|890|1386	PD0510-C.g659	59.410	542	146	16	1	497	895	1407	6.99e-173	533
PfCD01_120058500|DBLd|1|890|1386	PD0510-C.g659	26.331	338	192	11	187	497	189	496	4.75e-20	96.7
PfCD01_120058500|DBLd|1|890|1386	PF0617-C.g220	59.423	520	152	14	1	497	1196	1679	1.57e-169	532
PfCD01_120058500|DBLd|1|890|1386	PF0617-C.g220	26.603	421	178	17	1	419	787	1078	4.58e-27	118
PfCD01_120058500|DBLd|1|890|1386	PF0617-C.g220	28.173	323	185	11	187	497	181	468	2.06e-26	116
PfCD01_120058500|DBLd|1|890|1386	PF0617-C.g220	26.480	321	179	16	184	497	2144	2414	2.55e-09	62.8
PfCD01_120058500|DBLd|1|890|1386	PfKE02.g176	55.140	535	182	16	1	497	924	1438	8.14e-161	503
PfCD01_120058500|DBLd|1|890|1386	PfKE02.g176	25.410	366	192	12	184	497	186	522	4.45e-19	93.6
PfCD01_120058500|CIDRg|1|1387|1659	PF0617-C.g220	100.000	273	0	0	1	273	1680	1952	0.0	561
PfCD01_120058500|CIDRg|1|1387|1659	PH0325-C.g257	77.032	283	38	4	1	273	1407	1672	5.53e-135	422
PfCD01_120058500|CIDRg|1|1387|1659	PT0170-C.g379	76.056	284	41	4	1	273	1360	1627	1.12e-127	402
PfCD01_120058500|CIDRg|1|1387|1659	PM0097-C.g245	71.014	276	70	3	1	267	1394	1668	6.78e-122	385
PfCD01_120058500|CIDRg|1|1387|1659	PM0097-C.g245	29.412	153	90	6	83	225	538	682	3.68e-07	53.5
PfCD01_120058500|CIDRg|1|1387|1659	SenT044.10.g428	67.766	273	65	3	1	267	756	1011	1.95e-120	372
PfCD01_120058500|DBLz|1|1696|2111	PM0062-C.g480	100.000	416	0	0	1	416	1066	1481	0.0	858
PfCD01_120058500|DBLz|1|1696|2111	PM0062-C.g480	27.857	280	161	8	90	369	1535	1773	1.25e-17	87.8
PfCD01_120058500|DBLz|1|1696|2111	PM0062-C.g480	22.713	317	174	9	152	410	465	768	1.36e-08	59.7
PfCD01_120058500|DBLz|1|1696|2111	PF0122-C.g495	85.142	424	53	4	1	416	900	1321	0.0	692
PfCD01_120058500|DBLz|1|1696|2111	PF0122-C.g495	29.329	283	157	11	90	370	1375	1616	1.93e-17	87.4
PfCD01_120058500|DBLz|1|1696|2111	PF0133-C.g158	80.714	420	77	2	1	416	1595	2014	0.0	659
PfCD01_120058500|DBLz|1|1696|2111	PF0133-C.g158	28.342	374	214	13	6	327	16	387	1.01e-31	130
PfCD01_120058500|DBLz|1|1696|2111	PF0133-C.g158	27.857	280	161	8	90	369	2068	2306	7.30e-18	88.6
PfCD01_120058500|DBLz|1|1696|2111	PF0133-C.g158	25.633	316	191	11	125	410	998	1299	7.21e-12	70.1
PfCD01_120058500|DBLz|1|1696|2111	PD0572-C.g475	78.571	420	83	4	1	416	1711	2127	0.0	650
PfCD01_120058500|DBLz|1|1696|2111	PD0572-C.g475	33.564	289	151	10	91	340	133	419	1.41e-30	127
PfCD01_120058500|DBLz|1|1696|2111	PD0572-C.g475	26.421	299	169	12	77	369	2165	2418	1.12e-13	75.9
PfCD01_120058500|DBLz|1|1696|2111	PD0572-C.g475	23.039	408	213	15	86	399	986	1386	2.01e-08	59.3
PfCD01_120058500|DBLz|1|1696|2111	PD0496-C.g505	78.571	420	83	4	1	416	1711	2127	0.0	650
PfCD01_120058500|DBLz|1|1696|2111	PD0496-C.g505	33.564	289	151	10	91	340	133	419	1.41e-30	127
PfCD01_120058500|DBLz|1|1696|2111	PD0496-C.g505	26.421	299	169	12	77	369	2165	2418	1.12e-13	75.9
PfCD01_120058500|DBLz|1|1696|2111	PD0496-C.g505	23.039	408	213	15	86	399	986	1386	2.01e-08	59.3
PfCD01_120058500|DBLe|1|2116|2434	PM0062-C.g480	99.687	319	1	0	1	319	1486	1804	0.0	667
PfCD01_120058500|DBLe|1|2116|2434	PM0062-C.g480	27.857	280	161	8	50	288	1155	1434	8.93e-18	86.7
PfCD01_120058500|DBLe|1|2116|2434	PF0133-C.g158	99.687	319	1	0	1	319	2019	2337	0.0	665
PfCD01_120058500|DBLe|1|2116|2434	PF0133-C.g158	28.169	284	161	9	50	291	1688	1970	1.08e-16	83.2
PfCD01_120058500|DBLe|1|2116|2434	PF0133-C.g158	23.810	231	126	6	40	220	107	337	1.25e-10	65.1
PfCD01_120058500|DBLe|1|2116|2434	QG0293-C.g354	95.925	319	13	0	1	319	2680	2998	0.0	643
PfCD01_120058500|DBLe|1|2116|2434	QG0293-C.g354	26.182	275	158	5	43	273	1015	1288	9.97e-24	104
PfCD01_120058500|DBLe|1|2116|2434	QG0293-C.g354	28.426	197	115	5	49	220	637	832	6.77e-22	99.0
PfCD01_120058500|DBLe|1|2116|2434	QG0293-C.g354	26.042	288	163	8	50	287	2344	2631	1.10e-18	89.4
PfCD01_120058500|DBLe|1|2116|2434	QG0293-C.g354	29.596	223	115	8	47	231	238	456	1.34e-17	86.3
PfCD01_120058500|DBLe|1|2116|2434	QG0293-C.g354	22.364	313	140	12	52	265	1589	1897	1.59e-11	67.8
PfCD01_120058500|DBLe|1|2116|2434	SenT113.09.g561	95.925	319	13	0	1	319	1450	1768	0.0	641
PfCD01_120058500|DBLe|1|2116|2434	SenT113.09.g561	30.479	292	144	11	81	319	1	286	4.00e-21	96.7
PfCD01_120058500|DBLe|1|2116|2434	SenT113.09.g561	26.042	288	163	8	50	287	1114	1401	9.00e-19	89.4
PfCD01_120058500|DBLe|1|2116|2434	SenT113.09.g561	22.364	313	140	12	52	265	359	667	1.61e-11	67.8
PfCD01_120058500|DBLe|1|2116|2434	PA0047-C.g301	95.925	319	13	0	1	319	1178	1496	0.0	640
PfCD01_120058500|DBLe|1|2116|2434	PA0047-C.g301	26.042	288	163	8	50	287	842	1129	8.70e-19	89.4
PfCD01_120058500|DBLe|1|2116|2434	PA0047-C.g301	22.364	313	140	12	52	265	87	395	1.61e-11	67.8
PfCD01_120058500|ATS|1|2490|2951	PV0147-C.g7	82.581	465	50	6	2	462	1762	2199	0.0	743
PfCD01_120058500|ATS|1|2490|2951	PA0245-C.g998	81.897	464	74	6	2	462	1707	2163	0.0	735
PfCD01_120058500|ATS|1|2490|2951	PD0483-C.g348	83.047	466	65	4	2	462	2590	3046	0.0	726
PfCD01_120058500|ATS|1|2490|2951	PV0028-C.g50	81.277	470	64	8	2	462	2601	3055	0.0	724
PfCD01_120058500|ATS|1|2490|2951	QE0436-C.g591	79.678	497	57	7	2	462	1703	2191	0.0	716
PfCD01_130005500|NTS|1|1|72	PA0213-C.g1366	87.097	62	8	0	11	72	7	68	1.10e-26	102
PfCD01_130005500|NTS|1|1|72	PF0368-C.g470	85.484	62	9	0	11	72	7	68	3.32e-26	101
PfCD01_130005500|NTS|1|1|72	PT0073-C.g1028	81.250	64	11	1	9	72	4	66	9.69e-25	97.4
PfCD01_130005500|NTS|1|1|72	PT0073-C.g698	72.131	61	17	0	10	70	5	65	4.18e-20	84.0
PfCD01_130005500|NTS|1|1|72	PFKE11.g350	70.769	65	13	2	11	72	4	65	1.04e-19	83.2
PfCD01_130005500|DBLa|1|73|515	PT0073-C.g1028	80.493	446	80	5	1	443	67	508	0.0	725
PfCD01_130005500|DBLa|1|73|515	PT0073-C.g1028	28.464	267	140	9	198	443	1104	1340	4.91e-12	70.9
PfCD01_130005500|DBLa|1|73|515	PF0368-C.g470	80.624	449	72	7	1	443	69	508	0.0	702
PfCD01_130005500|DBLa|1|73|515	PF0368-C.g470	30.112	269	147	10	195	443	1085	1332	2.47e-19	93.6
PfCD01_130005500|DBLa|1|73|515	SenT151.08.g333	76.854	445	88	7	1	443	76	507	0.0	672
PfCD01_130005500|DBLa|1|73|515	SenT151.08.g333	24.265	272	136	8	129	361	1074	1314	4.01e-09	61.6
PfCD01_130005500|DBLa|1|73|515	PA0213-C.g1366	79.601	451	74	9	1	443	69	509	0.0	672
PfCD01_130005500|DBLa|1|73|515	PA0213-C.g1366	26.816	358	196	13	100	443	1006	1311	2.86e-18	90.1
PfCD01_130005500|DBLa|1|73|515	PH0715-C.g542	77.303	445	75	8	1	443	67	487	0.0	671
PfCD01_130005500|DBLa|1|73|515	PH0715-C.g542	33.460	263	139	10	196	443	1083	1324	4.90e-26	114
PfCD01_130005500|CIDRa|1|516|773	PM0097-C.g773	80.769	260	45	5	1	258	506	762	6.52e-133	414
PfCD01_130005500|CIDRa|1|516|773	PT0048-C.g429	78.295	258	51	4	1	255	480	735	6.65e-126	394
PfCD01_130005500|CIDRa|1|516|773	PT0048-C.g429	28.846	104	66	2	73	176	1397	1492	2.54e-07	53.9
PfCD01_130005500|CIDRa|1|516|773	PC0069-C.g356	78.261	253	51	4	1	251	412	662	1.52e-124	389
PfCD01_130005500|CIDRa|1|516|773	PD0510-C.g788	74.231	260	60	2	1	258	479	733	7.97e-124	388
PfCD01_130005500|CIDRa|1|516|773	PD0667-C.g530	74.231	260	60	2	1	258	479	733	2.39e-123	387
PfCD01_130005500|CIDRa|1|516|773	PD0667-C.g530	25.466	161	92	4	70	224	1348	1486	2.96e-09	59.7
PfCD01_130005500|DBLd|1|864|1310	PM0142-C.g685	67.373	472	86	8	1	447	888	1316	0.0	555
PfCD01_130005500|DBLd|1|864|1310	PM0142-C.g685	29.502	261	143	8	187	412	186	440	2.20e-21	100
PfCD01_130005500|DBLd|1|864|1310	PA0091-C.g606	66.112	481	120	13	1	447	909	1380	1.49e-166	513
PfCD01_130005500|DBLd|1|864|1310	PA0091-C.g606	30.534	262	138	9	187	412	195	448	1.29e-16	85.1
PfCD01_130005500|DBLd|1|864|1310	PFKE12.g38	58.281	477	122	13	1	447	1227	1656	2.27e-147	464
PfCD01_130005500|DBLd|1|864|1310	PFKE12.g38	26.936	297	177	8	188	447	172	465	4.51e-15	80.5
PfCD01_130005500|DBLd|1|864|1310	PC0058-C.g674	52.731	476	182	14	1	447	899	1360	1.85e-141	446
PfCD01_130005500|DBLd|1|864|1310	PC0058-C.g674	30.415	217	126	6	187	380	197	411	1.34e-18	91.3
PfCD01_130005500|DBLd|1|864|1310	QE0475-C.g853	55.741	479	172	14	1	447	836	1306	1.43e-140	442
PfCD01_130005500|DBLd|1|864|1310	QE0475-C.g853	28.169	355	175	14	165	447	167	513	1.98e-26	115
PfCD01_130005500|CIDRb|1|1311|1557	PM0142-C.g685	99.595	247	1	0	1	247	1317	1563	1.29e-164	498
PfCD01_130005500|CIDRb|1|1311|1557	PF0311-C.g556	97.166	247	7	0	1	247	1403	1649	7.62e-161	489
PfCD01_130005500|CIDRb|1|1311|1557	PF0190-C.g473	89.113	248	25	2	1	247	1369	1615	3.77e-145	446
PfCD01_130005500|CIDRb|1|1311|1557	PM0100-C.g1364	66.531	245	79	3	5	247	900	1143	6.37e-99	315
PfCD01_130005500|CIDRb|1|1311|1557	PA0201-C.g740	66.400	250	79	4	1	247	1244	1491	8.31e-97	311
PfCD01_130005500|ATS|1|1667|2166	PFKE12.g465	87.000	500	55	5	1	500	1773	2262	0.0	853
PfCD01_130005500|ATS|1|1667|2166	PV0239-C.g10	83.142	522	42	10	1	500	3361	3858	0.0	821
PfCD01_130005500|ATS|1|1667|2166	PT0034-C.g724	80.725	524	59	8	1	500	2851	3356	0.0	757
PfCD01_130005500|ATS|1|1667|2166	PV0139-C.g62	78.692	535	62	9	1	500	1704	2221	0.0	732
PfCD01_130005500|ATS|1|1667|2166	QE0414-C.g590	75.969	516	89	11	1	500	3404	3900	0.0	731
PfCD01_130078400|NTS|1|1|71	PA0203-C.g614	100.000	71	0	0	1	71	1	71	6.16e-43	149
PfCD01_130078400|NTS|1|1|71	PH0589-C.g564	100.000	71	0	0	1	71	1	71	6.28e-43	149
PfCD01_130078400|NTS|1|1|71	PH0367-C.g94	100.000	71	0	0	1	71	1	71	6.72e-43	149
PfCD01_130078400|NTS|1|1|71	PC0097-C.g73	100.000	71	0	0	1	71	1	71	6.72e-43	149
PfCD01_130078400|NTS|1|1|71	PH0349-C.g30	100.000	71	0	0	1	71	1	71	6.85e-43	149
PfCD01_130078400|DBLa|1|72|464	PA0201-C.g216	96.438	393	14	0	1	393	71	463	0.0	804
PfCD01_130078400|DBLa|1|72|464	PA0201-C.g216	27.273	330	167	11	23	313	752	1047	4.21e-25	110
PfCD01_130078400|DBLa|1|72|464	PA0201-C.g216	24.818	274	158	8	55	315	1190	1428	3.01e-13	74.3
PfCD01_130078400|DBLa|1|72|464	PA0201-C.g216	24.308	325	179	12	121	393	2268	2577	6.19e-13	73.2
PfCD01_130078400|DBLa|1|72|464	PA0201-C.g216	23.345	287	164	12	46	313	1561	1810	4.58e-07	54.7
PfCD01_130078400|DBLa|1|72|464	PA0144-C.g155	95.431	394	17	1	1	393	71	464	0.0	792
PfCD01_130078400|DBLa|1|72|464	PA0144-C.g155	30.496	282	137	8	58	313	839	1087	8.07e-27	115
PfCD01_130078400|DBLa|1|72|464	PA0144-C.g155	25.231	325	185	10	121	393	2290	2608	2.01e-16	84.0
PfCD01_130078400|DBLa|1|72|464	PA0144-C.g155	24.528	212	131	7	55	254	1229	1423	3.90e-08	58.2
PfCD01_130078400|DBLa|1|72|464	PA0144-C.g155	23.549	293	156	13	46	313	1604	1853	8.11e-08	57.0
PfCD01_130078400|DBLa|1|72|464	PA0203-C.g614	93.401	394	25	1	1	393	72	465	0.0	772
PfCD01_130078400|DBLa|1|72|464	PA0203-C.g614	30.347	346	157	13	58	362	841	1143	7.47e-28	118
PfCD01_130078400|DBLa|1|72|464	PA0203-C.g614	27.660	282	140	10	58	314	2237	2479	9.77e-22	100
PfCD01_130078400|DBLa|1|72|464	PA0203-C.g614	27.160	324	178	13	44	335	1644	1941	8.41e-17	85.1
PfCD01_130078400|DBLa|1|72|464	PA0203-C.g614	22.433	263	147	8	117	323	2845	3106	6.40e-09	60.5
PfCD01_130078400|DBLa|1|72|464	PV0287-C.g7	93.655	394	24	1	1	393	72	465	0.0	771
PfCD01_130078400|DBLa|1|72|464	PV0287-C.g7	32.411	253	121	8	58	281	840	1071	1.02e-25	112
PfCD01_130078400|DBLa|1|72|464	PV0287-C.g7	30.000	280	137	9	58	313	2111	2355	1.24e-23	105
PfCD01_130078400|DBLa|1|72|464	PV0287-C.g7	24.818	274	158	8	55	315	1259	1497	5.26e-13	73.6
PfCD01_130078400|DBLa|1|72|464	PV0287-C.g7	27.187	320	166	15	44	341	1630	1904	1.52e-11	68.9
PfCD01_130078400|DBLa|1|72|464	PV0287-C.g7	22.826	276	157	9	164	393	2896	3161	6.45e-09	60.5
PfCD01_130078400|DBLa|1|72|464	PT0206-Cx.g93	93.909	394	23	1	1	393	72	465	0.0	770
PfCD01_130078400|DBLa|1|72|464	PT0206-Cx.g93	31.788	302	139	13	58	327	840	1106	7.00e-26	112
PfCD01_130078400|DBLa|1|72|464	PT0206-Cx.g93	25.589	297	168	13	56	336	2017	2276	1.59e-14	78.2
PfCD01_130078400|DBLa|1|72|464	PT0206-Cx.g93	22.628	274	164	10	55	315	1259	1497	3.32e-08	58.2
PfCD01_130078400|DBLa|1|72|464	PT0206-Cx.g93	28.244	131	76	4	117	239	1713	1833	3.99e-08	58.2
PfCD01_130078400|CIDRa|1|465|716	PF0818-C.g764	99.603	252	1	0	1	252	466	717	2.22e-167	514
PfCD01_130078400|CIDRa|1|465|716	PF0818-C.g764	25.000	192	133	6	58	243	2679	2865	2.79e-07	53.5
PfCD01_130078400|CIDRa|1|465|716	PC0061-C.g1218	99.603	252	1	0	1	252	466	717	2.63e-167	514
PfCD01_130078400|CIDRa|1|465|716	PC0061-C.g1218	23.265	245	169	6	5	245	2603	2832	7.61e-07	52.4
PfCD01_130078400|CIDRa|1|465|716	PA0201-C.g216	99.603	252	1	0	1	252	464	715	4.99e-167	513
PfCD01_130078400|CIDRa|1|465|716	PA0201-C.g216	24.082	245	180	5	9	251	2587	2827	6.64e-13	70.5
PfCD01_130078400|CIDRa|1|465|716	QG0250-C.g3024	99.603	252	1	0	1	252	466	717	5.35e-167	513
PfCD01_130078400|CIDRa|1|465|716	QG0250-C.g3024	30.000	200	114	7	1	188	2647	2832	3.26e-10	62.4
PfCD01_130078400|CIDRa|1|465|716	QG0249-C.g738	99.603	252	1	0	1	252	466	717	5.35e-167	513
PfCD01_130078400|CIDRa|1|465|716	QG0249-C.g738	30.000	200	114	7	1	188	2647	2832	3.26e-10	62.4
PfCD01_130078400|DBLb|1|725|1215	PA0254-C.g594	85.282	496	67	2	1	491	133	627	0.0	872
PfCD01_130078400|DBLb|1|725|1215	PA0254-C.g594	39.417	515	247	9	1	491	666	1139	1.48e-102	339
PfCD01_130078400|DBLb|1|725|1215	PA0254-C.g594	25.651	269	156	9	117	361	1590	1838	2.12e-13	75.5
PfCD01_130078400|DBLb|1|725|1215	PA0254-C.g594	25.194	258	137	10	112	338	1201	1433	8.03e-12	70.5
PfCD01_130078400|DBLb|1|725|1215	QE0393-Cx.g204	82.072	502	74	4	1	491	731	1227	0.0	841
PfCD01_130078400|DBLb|1|725|1215	QE0393-Cx.g204	32.246	276	124	10	118	360	133	378	2.00e-23	106
PfCD01_130078400|DBLb|1|725|1215	PT0158-C.g21	77.844	501	94	4	1	491	741	1234	0.0	790
PfCD01_130078400|DBLb|1|725|1215	PT0158-C.g21	38.521	514	239	18	1	491	2289	2748	1.69e-92	310
PfCD01_130078400|DBLb|1|725|1215	PT0158-C.g21	32.258	279	127	9	118	360	132	384	3.23e-30	127
PfCD01_130078400|DBLb|1|725|1215	PT0158-C.g21	27.778	288	160	10	101	368	2794	3053	9.38e-15	80.1
PfCD01_130078400|DBLb|1|725|1215	PT0158-C.g21	26.182	275	125	11	117	358	1294	1523	3.08e-12	72.0
PfCD01_130078400|DBLb|1|725|1215	PM0161-C.g1163	75.752	499	110	3	1	491	141	636	0.0	751
PfCD01_130078400|DBLb|1|725|1215	PM0161-C.g1163	43.461	497	220	17	1	491	1694	2135	4.29e-103	341
PfCD01_130078400|DBLb|1|725|1215	PM0161-C.g1163	28.671	286	146	10	117	386	2199	2442	6.41e-17	86.7
PfCD01_130078400|DBLb|1|725|1215	PM0161-C.g1163	25.667	300	159	10	117	381	704	974	5.54e-12	71.2
PfCD01_130078400|DBLb|1|725|1215	PV0239-C.g5	72.941	510	116	5	1	491	734	1240	0.0	726
PfCD01_130078400|DBLb|1|725|1215	PV0239-C.g5	38.911	514	245	15	1	491	3493	3960	6.16e-94	314
PfCD01_130078400|DBLb|1|725|1215	PV0239-C.g5	37.864	515	242	17	1	491	2320	2780	4.74e-85	288
PfCD01_130078400|DBLb|1|725|1215	PV0239-C.g5	30.606	330	163	13	112	411	126	419	6.71e-28	120
PfCD01_130078400|DBLb|1|725|1215	PV0239-C.g5	25.667	300	159	10	117	381	1300	1570	4.66e-12	71.2
PfCD01_130078400|DBLg|1|1225|1593	PT0156-C.g1122	100.000	369	0	0	1	369	417	785	0.0	780
PfCD01_130078400|DBLg|1|1225|1593	PT0156-C.g1122	31.392	395	236	9	1	369	798	1183	3.24e-50	183
PfCD01_130078400|DBLg|1|1225|1593	PT0156-C.g1122	29.397	398	205	14	31	369	27	407	8.46e-38	147
PfCD01_130078400|DBLg|1|1225|1593	PT0156-C.g1122	26.966	356	148	12	40	288	1441	1791	5.07e-21	97.4
PfCD01_130078400|DBLg|1|1225|1593	PF0424-C.g810	95.935	369	15	0	1	369	19	387	0.0	749
PfCD01_130078400|DBLg|1|1225|1593	PF0424-C.g810	37.202	336	181	10	1	318	400	723	5.45e-55	197
PfCD01_130078400|DBLg|1|1225|1593	PF0424-C.g810	23.333	390	194	10	9	294	995	1383	1.99e-20	95.5
PfCD01_130078400|DBLg|1|1225|1593	QE0410-C.g483	93.496	369	24	0	1	369	707	1075	0.0	725
PfCD01_130078400|DBLg|1|1225|1593	QE0410-C.g483	37.500	336	180	10	1	318	1088	1411	9.28e-56	199
PfCD01_130078400|DBLg|1|1225|1593	QE0410-C.g483	29.639	388	228	12	11	369	1571	1942	3.35e-39	151
PfCD01_130078400|DBLg|1|1225|1593	QE0410-C.g483	28.288	403	205	14	31	369	315	697	4.86e-35	139
PfCD01_130078400|DBLg|1|1225|1593	QE0410-C.g483	20.900	311	130	6	42	236	2214	2524	2.19e-10	65.1
PfCD01_130078400|DBLg|1|1225|1593	PV0204-C.g24	93.225	369	25	0	1	369	186	554	0.0	725
PfCD01_130078400|DBLg|1|1225|1593	PV0204-C.g24	34.857	350	185	11	1	318	567	905	3.18e-51	186
PfCD01_130078400|DBLg|1|1225|1593	PV0204-C.g24	27.577	388	222	10	19	369	1073	1438	3.83e-41	156
PfCD01_130078400|DBLg|1|1225|1593	PV0204-C.g24	31.111	180	85	7	225	369	1	176	1.67e-13	74.7
PfCD01_130078400|DBLg|1|1225|1593	PH0589-C.g564	93.496	369	24	0	1	369	1219	1587	0.0	724
PfCD01_130078400|DBLg|1|1225|1593	PH0589-C.g564	37.500	336	180	10	1	318	1600	1923	9.33e-56	199
PfCD01_130078400|DBLg|1|1225|1593	PH0589-C.g564	29.639	388	228	12	11	369	2083	2454	4.19e-39	150
PfCD01_130078400|DBLg|1|1225|1593	PH0589-C.g564	28.288	403	205	14	31	369	827	1209	5.52e-35	139
PfCD01_130078400|DBLg|1|1225|1593	PH0589-C.g564	20.900	311	130	6	42	236	2726	3036	2.67e-10	64.7
PfCD01_130078400|DBLg|1|1225|1593	PH0589-C.g564	23.474	213	132	7	41	235	126	325	2.32e-08	58.5
PfCD01_130078400|DBLg|2|1606|1991	PT0156-C.g1122	99.741	386	1	0	1	386	798	1183	0.0	793
PfCD01_130078400|DBLg|2|1606|1991	PT0156-C.g1122	35.065	308	170	8	1	304	417	698	2.40e-50	184
PfCD01_130078400|DBLg|2|1606|1991	PT0156-C.g1122	27.809	356	164	12	45	309	1441	1794	7.61e-27	115
PfCD01_130078400|DBLg|2|1606|1991	PT0156-C.g1122	24.490	294	163	10	32	299	23	283	6.17e-11	66.6
PfCD01_130078400|DBLg|2|1606|1991	PF0424-C.g567	87.855	387	45	2	1	386	548	933	0.0	695
PfCD01_130078400|DBLg|2|1606|1991	PF0424-C.g567	37.987	308	158	10	1	304	168	446	2.39e-54	196
PfCD01_130078400|DBLg|2|1606|1991	PF0424-C.g567	25.908	413	184	15	19	310	1112	1523	1.46e-27	117
PfCD01_130078400|DBLg|2|1606|1991	PM0138-C.g441	88.114	387	44	2	1	386	66	451	0.0	693
PfCD01_130078400|DBLg|2|1606|1991	PM0138-C.g441	31.551	374	177	14	1	310	615	973	1.95e-41	158
PfCD01_130078400|DBLg|2|1606|1991	PM0138-C.g441	31.229	301	159	9	39	337	1805	2059	4.72e-30	124
PfCD01_130078400|DBLg|2|1606|1991	PM0138-C.g441	27.095	358	209	14	48	386	1433	1757	6.83e-11	66.6
PfCD01_130078400|DBLg|2|1606|1991	PM0054-C.g1179	87.435	382	43	2	1	381	1591	1968	0.0	672
PfCD01_130078400|DBLg|2|1606|1991	PM0054-C.g1179	35.159	347	182	12	1	338	1208	1520	1.01e-52	191
PfCD01_130078400|DBLg|2|1606|1991	PM0054-C.g1179	26.216	370	162	11	72	332	2285	2652	7.44e-23	103
PfCD01_130078400|DBLg|2|1606|1991	PM0054-C.g1179	25.743	303	164	13	36	307	114	386	3.87e-12	70.5
PfCD01_130078400|DBLg|2|1606|1991	PM0054-C.g1179	24.437	311	158	12	32	299	823	1099	2.28e-09	62.0
PfCD01_130078400|DBLg|2|1606|1991	PV0124-C.g70	86.649	382	46	2	1	381	275	652	0.0	664
PfCD01_130078400|DBLg|2|1606|1991	PV0124-C.g70	28.788	396	173	13	47	333	927	1322	1.07e-32	132
PfCD01_130078400|DBLg|2|1606|1991	PV0124-C.g70	31.739	230	128	7	112	338	1	204	9.46e-26	112
PfCD01_130078400|DBLd|1|2149|2662	PF0152-C.g654	58.902	528	125	13	1	514	891	1340	6.11e-179	549
PfCD01_130078400|DBLd|1|2149|2662	PF0152-C.g654	31.875	160	86	6	346	484	296	453	1.52e-07	57.0
PfCD01_130078400|DBLd|1|2149|2662	PC0063-C.g1229	56.107	524	148	12	1	514	1752	2203	3.34e-166	523
PfCD01_130078400|DBLd|1|2149|2662	PC0063-C.g1229	33.129	326	152	9	121	446	1330	1589	2.52e-40	158
PfCD01_130078400|DBLd|1|2149|2662	PC0063-C.g1229	25.490	255	144	13	274	514	252	474	2.59e-09	62.8
PfCD01_130078400|DBLd|1|2149|2662	PA0245-C.g1088	53.398	515	180	14	19	514	928	1401	7.96e-154	482
PfCD01_130078400|DBLd|1|2149|2662	PA0245-C.g1088	27.468	233	122	10	274	484	265	472	1.24e-12	73.2
PfCD01_130078400|DBLd|1|2149|2662	PC0085-C.g1589	50.171	584	191	20	1	514	899	1452	1.96e-152	479
PfCD01_130078400|DBLd|1|2149|2662	PC0085-C.g1589	26.639	244	125	10	274	489	268	485	2.63e-12	72.4
PfCD01_130078400|DBLd|1|2149|2662	PV0256-C.g58	47.349	547	224	11	1	514	887	1402	3.17e-146	461
PfCD01_130078400|DBLd|1|2149|2662	PV0256-C.g58	30.693	202	109	12	339	514	306	502	2.42e-12	72.4
PfCD01_130078400|CIDRb|1|2663|2914	PC0063-C.g1229	100.000	252	0	0	1	252	2204	2455	1.26e-168	517
PfCD01_130078400|CIDRb|1|2663|2914	PC0085-C.g1589	84.739	249	35	2	7	252	1459	1707	2.08e-136	424
PfCD01_130078400|CIDRb|1|2663|2914	SenT044.11.g205	77.912	249	52	2	7	252	810	1058	2.71e-123	384
PfCD01_130078400|CIDRb|1|2663|2914	SenT044.11.g205	31.655	139	90	4	64	200	13	148	9.43e-11	63.9
PfCD01_130078400|CIDRb|1|2663|2914	QE0414-C.g13	65.759	257	81	3	1	252	185	439	9.08e-102	323
PfCD01_130078400|CIDRb|1|2663|2914	PA0184-C.g4	66.031	262	72	5	7	252	541	801	5.52e-98	313
PfCD01_130078400|ATS|1|2997|3424	PV0286-C.g2	79.215	433	80	5	1	428	2995	3422	0.0	679
PfCD01_130078400|ATS|1|2997|3424	PV0285-C.g1	79.215	433	80	5	1	428	2995	3422	0.0	679
PfCD01_130078400|ATS|1|2997|3424	PT0158-C.g302	77.212	452	70	7	2	428	2360	2803	0.0	671
PfCD01_130078400|ATS|1|2997|3424	PD0569-C.g128	77.117	437	89	4	2	428	2499	2934	0.0	669
PfCD01_130078400|ATS|1|2997|3424	PF0513-C.g5231	77.907	430	85	5	1	428	2388	2809	0.0	664
PfCD01_130078600|NTS|1|1|75	QG0296-C.g5555	83.099	71	12	0	5	75	6	76	4.37e-31	115
PfCD01_130078600|NTS|1|1|75	QG0298-C.g2694	85.938	64	9	0	12	75	19	82	3.64e-29	110
PfCD01_130078600|NTS|1|1|75	PA0098-C.g573	80.000	70	13	1	7	75	8	77	4.33e-26	101
PfCD01_130078600|NTS|1|1|75	PT0230-Cx.g606	69.333	75	23	0	1	75	1	75	4.19e-24	95.5
PfCD01_130078600|NTS|1|1|75	PT0008-CW.g279	77.778	63	13	1	14	75	15	77	3.25e-23	93.2
PfCD01_130078600|DBLa|1|76|494	QG0296-C.g5555	76.887	424	91	5	1	419	77	498	0.0	660
PfCD01_130078600|DBLa|1|76|494	QG0296-C.g5555	31.174	247	133	9	193	419	1143	1372	7.42e-21	97.8
PfCD01_130078600|DBLa|1|76|494	PT0158-C.g640	78.960	423	85	3	1	419	68	490	0.0	658
PfCD01_130078600|DBLa|1|76|494	PT0158-C.g640	32.804	189	109	6	238	419	1150	1327	1.26e-15	81.6
PfCD01_130078600|DBLa|1|76|494	PM0159-C.g781	75.355	422	92	5	1	419	66	478	0.0	640
PfCD01_130078600|DBLa|1|76|494	PM0159-C.g781	35.484	93	58	1	246	338	1156	1246	6.46e-09	60.8
PfCD01_130078600|DBLa|1|76|494	PH0856-C.g536	75.708	424	94	3	1	419	67	486	0.0	640
PfCD01_130078600|DBLa|1|76|494	PH0856-C.g536	25.191	262	137	8	193	419	1079	1316	1.14e-14	79.0
PfCD01_130078600|DBLa|1|76|494	PC0118-C.g189	78.155	412	84	3	9	419	79	485	0.0	636
PfCD01_130078600|DBLa|1|76|494	PC0118-C.g189	27.925	265	137	9	119	346	1010	1257	1.22e-14	79.0
PfCD01_130078600|CIDRa|1|495|747	PV0142-C.g28	91.700	253	17	3	1	251	500	750	1.24e-157	466
PfCD01_130078600|CIDRa|1|495|747	PV0138-C.g37	91.700	253	17	3	1	251	500	750	7.60e-152	464
PfCD01_130078600|CIDRa|1|495|747	PV0098-C.g88	91.700	253	17	3	1	251	500	750	7.60e-152	464
PfCD01_130078600|CIDRa|1|495|747	PF0617-C.g743	81.569	255	43	3	1	251	497	751	4.55e-132	410
PfCD01_130078600|CIDRa|1|495|747	PT0225-C.g754	80.784	255	47	2	1	253	477	731	3.69e-130	405
PfCD01_130078600|DBLd|1|849|1381	PA0102-C.g493	53.704	540	185	18	1	533	838	1319	1.63e-162	505
PfCD01_130078600|DBLd|1|849|1381	PA0102-C.g493	32.353	136	75	4	374	500	291	418	1.58e-09	63.5
PfCD01_130078600|DBLd|1|849|1381	QE0404-C.g680	51.761	568	194	22	1	533	850	1372	8.74e-162	498
PfCD01_130078600|DBLd|1|849|1381	PM0029-C.g2448	49.910	555	223	18	1	533	838	1359	1.81e-152	479
PfCD01_130078600|DBLd|1|849|1381	PM0029-C.g2448	20.879	273	165	6	197	466	165	389	4.87e-08	58.5
PfCD01_130078600|DBLd|1|849|1381	PF0609-C.g5812	51.885	557	190	24	1	533	1345	1847	8.17e-151	479
PfCD01_130078600|DBLd|1|849|1381	PF0609-C.g5812	26.829	205	92	7	280	475	253	408	1.72e-10	66.6
PfCD01_130078600|DBLd|1|849|1381	PC0026-C.g6	49.198	561	224	17	1	533	206	733	2.92e-150	461
PfCD01_130078600|CIDRb|1|1382|1624	PT0005-CW.g889	77.733	247	50	4	1	243	933	1178	1.78e-123	382
PfCD01_130078600|CIDRb|1|1382|1624	PA0188-C.g502	78.138	247	49	4	1	243	1424	1669	3.06e-121	380
PfCD01_130078600|CIDRb|1|1382|1624	PM0161-C.g2628	73.600	250	59	2	1	243	1471	1720	1.56e-114	362
PfCD01_130078600|CIDRb|1|1382|1624	SenT165.09.g3828	74.684	237	54	3	1	231	1319	1555	1.63e-110	350
PfCD01_130078600|CIDRb|1|1382|1624	PA0207-C.g495	70.683	249	67	2	1	243	1896	2144	4.48e-108	344
PfCD01_130078600|ATS|1|1746|2189	PC0113-C.g949	82.522	452	62	3	1	444	1702	2144	0.0	700
PfCD01_130078600|ATS|1|1746|2189	PC0097-C.g664	80.310	452	77	7	1	444	2364	2811	0.0	699
PfCD01_130078600|ATS|1|1746|2189	PA0245-C.g391	78.924	446	82	5	1	444	2512	2947	0.0	683
PfCD01_130078600|ATS|1|1746|2189	PD0582-C.g778	80.467	471	53	7	1	444	1669	2127	0.0	679
PfCD01_130078600|ATS|1|1746|2189	QE0475-C.g596	80.172	464	69	7	1	444	1737	2197	0.0	669
PfCD01_140005600|NTS|1|1|67	PA0084-C.g872	84.483	58	9	0	10	67	8	65	2.73e-24	95.9
PfCD01_140005600|NTS|1|1|67	PA0042-C.g464	84.483	58	9	0	10	67	8	65	2.73e-24	95.9
PfCD01_140005600|NTS|1|1|67	QE0470-C.g788	84.483	58	9	0	10	67	8	65	2.95e-24	95.5
PfCD01_140005600|NTS|1|1|67	PH0610-C.g296	84.483	58	9	0	10	67	8	65	3.95e-24	95.5
PfCD01_140005600|NTS|1|1|67	SenT067.09.g1057	84.483	58	9	0	10	67	8	65	5.00e-24	95.1
PfCD01_140005600|DBLa|1|68|492	PH0604-C.g314	67.043	443	121	10	1	425	65	500	0.0	563
PfCD01_140005600|DBLa|1|68|492	PH0604-C.g314	31.544	298	158	12	49	335	1688	1950	4.48e-32	131
PfCD01_140005600|DBLa|1|68|492	PH0604-C.g314	25.094	267	143	7	188	425	1069	1307	3.59e-15	80.5
PfCD01_140005600|DBLa|1|68|492	PH0604-C.g314	24.675	231	123	4	50	280	2089	2268	1.68e-12	72.0
PfCD01_140005600|DBLa|1|68|492	PH0585-C.g305	67.043	443	121	10	1	425	65	500	0.0	563
PfCD01_140005600|DBLa|1|68|492	PH0585-C.g305	31.544	298	158	12	49	335	1688	1950	4.48e-32	131
PfCD01_140005600|DBLa|1|68|492	PH0585-C.g305	25.094	267	143	7	188	425	1069	1307	3.59e-15	80.5
PfCD01_140005600|DBLa|1|68|492	PH0585-C.g305	24.675	231	123	4	50	280	2089	2268	1.68e-12	72.0
PfCD01_140005600|DBLa|1|68|492	PF0180-C.g378	66.667	450	123	13	1	425	72	519	0.0	561
PfCD01_140005600|DBLa|1|68|492	PF0180-C.g378	30.542	203	111	9	231	425	1196	1376	9.63e-14	75.9
PfCD01_140005600|DBLa|1|68|492	PM0117-C.g937	67.281	434	117	10	11	425	94	521	0.0	560
PfCD01_140005600|DBLa|1|68|492	PM0117-C.g937	29.572	257	122	12	120	335	1060	1298	6.78e-13	73.2
PfCD01_140005600|DBLa|1|68|492	PA0100-C.g541	67.051	434	119	10	12	425	76	505	0.0	558
PfCD01_140005600|DBLa|1|68|492	PA0100-C.g541	22.753	356	179	12	57	338	924	1257	1.21e-13	75.9
PfCD01_140005600|CIDRa|1|493|753	PF0240-C.g492	82.007	289	23	2	1	261	479	766	1.31e-155	475
PfCD01_140005600|CIDRa|1|493|753	PA0158-C.g718	77.855	289	35	2	1	261	483	770	4.33e-145	447
PfCD01_140005600|CIDRa|1|493|753	PF0507-C.g435	83.525	261	41	2	1	261	495	753	9.86e-143	444
PfCD01_140005600|CIDRa|1|493|753	PD0464-C.g1170	73.462	260	64	4	1	259	497	752	8.78e-124	377
PfCD01_140005600|CIDRa|1|493|753	PT0042-C.g425	65.424	295	63	1	1	256	502	796	8.45e-123	386
PfCD01_140005600|DBLd|1|817|1312	PD0464-C.g1583	56.673	517	172	17	1	496	475	960	3.03e-167	509
PfCD01_140005600|DBLd|1|817|1312	PA0032-C.g350	55.728	515	180	18	15	496	205	704	1.81e-163	493
PfCD01_140005600|DBLd|1|817|1312	PT0258-Cx.g164	53.153	555	190	21	1	496	46	589	2.05e-163	490
PfCD01_140005600|DBLd|1|817|1312	PD0569-C.g614	56.673	517	172	17	1	496	1244	1729	1.98e-162	509
PfCD01_140005600|DBLd|1|817|1312	PD0569-C.g614	27.734	256	146	8	181	426	183	409	2.55e-17	88.2
PfCD01_140005600|DBLd|1|817|1312	PD0564-C.g608	56.673	517	172	17	1	496	1244	1729	1.98e-162	509
PfCD01_140005600|DBLd|1|817|1312	PD0564-C.g608	27.734	256	146	8	181	426	183	409	2.55e-17	88.2
PfCD01_140005600|CIDRg|1|1313|1577	PT0137-C.g440	72.556	266	67	3	1	265	1321	1581	7.83e-120	379
PfCD01_140005600|CIDRg|1|1313|1577	PM0021-C.g1394	73.162	272	65	5	1	265	1670	1940	2.20e-117	372
PfCD01_140005600|CIDRg|1|1313|1577	PT0303-Cx.g1755	68.030	269	81	3	1	265	1265	1532	6.83e-115	364
PfCD01_140005600|CIDRg|1|1313|1577	SenT044.11.g347	68.148	270	75	5	1	265	1634	1897	4.01e-112	357
PfCD01_140005600|CIDRg|1|1313|1577	PA0221-C.g494	66.421	271	83	5	1	265	1876	2144	9.54e-111	353
PfCD01_140005600|DBLz|1|1611|2033	PC0085-C.g926	100.000	423	0	0	1	423	1636	2058	0.0	871
PfCD01_140005600|DBLz|1|1611|2033	PC0085-C.g926	32.278	316	171	10	70	345	88	400	3.00e-32	132
PfCD01_140005600|DBLz|1|1611|2033	PC0085-C.g926	26.349	315	153	14	81	375	2099	2354	2.11e-14	78.2
PfCD01_140005600|DBLz|1|1611|2033	QG0261-C.g303	98.109	423	8	0	1	423	1573	1995	0.0	853
PfCD01_140005600|DBLz|1|1611|2033	QG0261-C.g303	32.731	443	236	15	4	392	29	463	4.18e-41	158
PfCD01_140005600|DBLz|1|1611|2033	QG0261-C.g303	29.530	298	162	10	72	364	2025	2279	6.98e-24	107
PfCD01_140005600|DBLz|1|1611|2033	PM0073-C.g958	84.397	423	63	2	1	423	1638	2057	0.0	726
PfCD01_140005600|DBLz|1|1611|2033	PM0073-C.g958	32.680	306	169	12	67	345	83	378	8.72e-30	124
PfCD01_140005600|DBLz|1|1611|2033	PM0073-C.g958	27.273	297	162	11	93	385	2112	2358	3.06e-15	80.9
PfCD01_140005600|DBLz|1|1611|2033	PM0073-C.g958	24.684	316	144	14	155	391	1015	1315	3.73e-08	58.5
PfCD01_140005600|DBLz|1|1611|2033	QE0444-C.g31	81.324	423	78	1	1	423	2345	2766	0.0	692
PfCD01_140005600|DBLz|1|1611|2033	QE0444-C.g31	32.692	364	204	10	2	349	733	1071	2.34e-43	165
PfCD01_140005600|DBLz|1|1611|2033	QE0444-C.g31	28.266	421	259	13	2	392	21	428	6.31e-36	143
PfCD01_140005600|DBLz|1|1611|2033	QE0444-C.g31	27.128	376	225	15	81	423	1248	1607	2.11e-21	99.8
PfCD01_140005600|DBLz|1|1611|2033	QE0444-C.g31	27.243	301	160	12	81	369	2807	3060	1.02e-16	85.5
PfCD01_140005600|DBLz|1|1611|2033	QE0444-C.g31	23.478	345	183	11	94	378	1688	2011	3.37e-08	58.5
PfCD01_140005600|DBLz|1|1611|2033	PH0704-C.g1042	81.324	423	78	1	1	423	2345	2766	0.0	692
PfCD01_140005600|DBLz|1|1611|2033	PH0704-C.g1042	32.692	364	204	10	2	349	733	1071	2.28e-43	165
PfCD01_140005600|DBLz|1|1611|2033	PH0704-C.g1042	28.266	421	259	13	2	392	21	428	5.80e-36	143
PfCD01_140005600|DBLz|1|1611|2033	PH0704-C.g1042	27.128	376	225	15	81	423	1248	1607	1.98e-21	99.8
PfCD01_140005600|DBLz|1|1611|2033	PH0704-C.g1042	27.243	301	160	12	81	369	2807	3060	7.69e-17	85.9
PfCD01_140005600|DBLz|1|1611|2033	PH0704-C.g1042	23.478	345	183	11	94	378	1688	2011	3.14e-08	58.5
PfCD01_140005600|DBLe|1|2038|2361	PA0193-C.g330	83.962	318	48	2	1	318	2030	2344	1.20e-180	554
PfCD01_140005600|DBLe|1|2038|2361	PA0193-C.g330	26.351	296	168	11	52	301	1698	1989	2.28e-14	76.6
PfCD01_140005600|DBLe|1|2038|2361	PA0193-C.g330	28.194	227	116	7	42	225	111	333	1.11e-12	71.2
PfCD01_140005600|DBLe|1|2038|2361	PH0769-C.g820	79.938	324	62	2	1	324	1057	1377	1.69e-178	534
PfCD01_140005600|DBLe|1|2038|2361	PH0769-C.g820	26.073	303	172	10	52	314	722	1012	4.04e-17	84.7
PfCD01_140005600|DBLe|1|2038|2361	PH0774-C.g787	79.938	324	62	2	1	324	1148	1468	4.59e-178	535
PfCD01_140005600|DBLe|1|2038|2361	PH0774-C.g787	26.073	303	172	10	52	314	813	1103	4.56e-17	84.3
PfCD01_140005600|DBLe|1|2038|2361	QG0264-C.g52	78.704	324	66	2	1	324	894	1214	8.14e-177	525
PfCD01_140005600|DBLe|1|2038|2361	QG0264-C.g52	24.528	318	185	11	37	314	545	847	1.09e-13	74.3
PfCD01_140005600|DBLe|1|2038|2361	QE0418-C.g273	79.938	324	62	2	1	324	2080	2400	5.10e-174	536
PfCD01_140005600|DBLe|1|2038|2361	QE0418-C.g273	26.316	304	170	11	52	314	1745	2035	6.40e-17	84.0
PfCD01_140005600|DBLe|1|2038|2361	QE0418-C.g273	25.475	263	135	7	51	253	116	377	2.74e-12	70.1
PfCD01_140005600|ATS|1|2405|2857	PV0139-C.g46	82.819	454	55	5	1	453	2378	2809	0.0	709
PfCD01_140005600|ATS|1|2405|2857	PV0028-C.g50	78.452	478	54	8	2	453	2601	3055	0.0	701
PfCD01_140005600|ATS|1|2405|2857	PC0122-C.g100	84.247	438	44	5	2	436	1988	2403	0.0	695
PfCD01_140005600|ATS|1|2405|2857	PC0122-C.g20	77.074	458	78	7	1	453	2346	2781	0.0	684
PfCD01_140005600|ATS|1|2405|2857	PV0134-C.g25	77.489	462	77	8	1	453	2380	2823	0.0	684
PfCD01_140086300|NTS|1|1|71	QG0208-C.g721	66.197	71	23	1	1	71	5	74	1.39e-23	94.0
PfCD01_140086300|NTS|1|1|71	PM0142-C.g699	62.500	72	26	1	1	71	1	72	9.33e-19	80.1
PfCD01_140086300|NTS|1|1|71	PA0144-C.g796	62.500	72	20	2	1	71	1	66	8.11e-18	77.4
PfCD01_140086300|NTS|1|1|71	PF0119-C.g628	61.972	71	26	1	1	70	1	71	2.15e-17	76.3
PfCD01_140086300|NTS|1|1|71	PF0617-C.g668	57.746	71	27	1	1	71	1	68	3.33e-17	75.9
PfCD01_140086300|DBLa|1|72|514	PT0158-C.g893	70.312	448	120	11	1	443	61	500	0.0	595
PfCD01_140086300|DBLa|1|72|514	PT0158-C.g893	28.906	256	125	6	122	343	1029	1261	2.04e-23	106
PfCD01_140086300|DBLa|1|72|514	QG0249-C.g873	69.956	456	109	12	1	443	67	507	0.0	591
PfCD01_140086300|DBLa|1|72|514	QG0249-C.g873	25.468	267	142	7	115	343	996	1243	2.64e-17	87.4
PfCD01_140086300|DBLa|1|72|514	PH0999-C.g595	70.302	431	116	10	17	443	86	508	0.0	574
PfCD01_140086300|DBLa|1|72|514	PH0999-C.g595	26.642	274	140	10	118	343	1090	1350	2.61e-11	68.6
PfCD01_140086300|DBLa|1|72|514	PH0715-C.g300	70.302	431	116	10	17	443	86	508	0.0	574
PfCD01_140086300|DBLa|1|72|514	PH0715-C.g300	26.277	274	141	10	118	343	1090	1350	5.58e-15	80.1
PfCD01_140086300|DBLa|1|72|514	PH0695-C.g293	70.302	431	116	10	17	443	86	508	0.0	574
PfCD01_140086300|DBLa|1|72|514	PH0695-C.g293	26.277	274	141	10	118	343	1090	1350	5.68e-15	80.1
PfCD01_140086300|CIDRa|1|515|779	QG0287-C.g629	79.231	260	44	3	1	260	517	766	2.28e-122	384
PfCD01_140086300|CIDRa|1|515|779	PA0173-C.g730	70.229	262	72	4	1	256	509	770	4.13e-107	342
PfCD01_140086300|CIDRa|1|515|779	PA0253-C.g911	64.338	272	76	9	1	262	506	766	1.07e-103	332
PfCD01_140086300|CIDRa|1|515|779	PA0253-C.g911	35.870	92	55	4	99	189	1465	1553	1.16e-08	58.2
PfCD01_140086300|CIDRa|1|515|779	PA0092-C.g549	67.528	271	73	7	1	262	487	751	7.64e-103	330
PfCD01_140086300|CIDRa|1|515|779	PF0206-C.g41	62.500	280	81	6	1	256	514	793	4.57e-98	311
PfCD01_140086300|DBLd|1|854|1393	PF0638-C.g8713	53.169	568	200	16	1	540	838	1367	1.52e-166	517
PfCD01_140086300|DBLd|1|854|1393	PF0638-C.g8713	30.570	193	112	4	367	540	294	483	7.18e-14	77.4
PfCD01_140086300|DBLd|1|854|1393	PT0149-C.g558	51.237	566	181	17	1	540	926	1422	5.95e-159	498
PfCD01_140086300|DBLd|1|854|1393	PT0149-C.g558	27.919	197	110	4	285	477	264	432	3.02e-12	72.0
PfCD01_140086300|DBLd|1|854|1393	PC0118-C.g626	52.381	546	190	15	17	540	945	1442	9.51e-159	497
PfCD01_140086300|DBLd|1|854|1393	PC0118-C.g626	28.832	274	147	10	210	472	186	422	5.19e-11	68.2
PfCD01_140086300|DBLd|1|854|1393	PA0137-C.g696	52.575	563	214	19	1	540	840	1372	1.30e-156	491
PfCD01_140086300|DBLd|1|854|1393	PA0137-C.g696	25.857	321	166	10	274	540	194	496	1.60e-14	79.3
PfCD01_140086300|DBLd|1|854|1393	PH0915-C.g90	49.120	568	233	19	1	540	56	595	8.85e-156	473
PfCD01_140086300|CIDRg|1|1394|1640	PF0365-C.g505	71.548	239	65	2	1	238	1188	1424	9.78e-108	341
PfCD01_140086300|CIDRg|1|1394|1640	PF0365-C.g505	26.277	137	91	4	30	156	377	513	5.48e-08	55.5
PfCD01_140086300|CIDRg|1|1394|1640	PA0188-C.g633	69.710	241	70	2	1	240	713	951	2.75e-106	332
PfCD01_140086300|CIDRg|1|1394|1640	QE0440-C.g733	69.919	246	69	3	1	243	486	729	6.37e-106	337
PfCD01_140086300|CIDRg|1|1394|1640	PA0022-C.g405	70.954	241	67	2	1	240	2056	2294	9.47e-106	337
PfCD01_140086300|CIDRg|1|1394|1640	PA0022-C.g405	32.639	144	87	5	30	166	505	645	2.92e-10	62.4
PfCD01_140086300|CIDRg|1|1394|1640	QG0186-C.g527	70.588	238	67	2	1	237	1393	1628	2.66e-104	333
PfCD01_140086300|ATS|1|1742|2214	PA0245-C.g998	81.211	479	63	8	1	473	1706	2163	0.0	733
PfCD01_140086300|ATS|1|1742|2214	PA0270-C.g443	79.832	476	72	8	1	473	2185	2639	0.0	724
PfCD01_140086300|ATS|1|1742|2214	QE0475-C.g596	78.914	479	77	6	1	473	1737	2197	0.0	719
PfCD01_140086300|ATS|1|1742|2214	PV0211-C.g126	77.104	511	73	10	1	473	841	1345	0.0	717
PfCD01_140086300|ATS|1|1742|2214	PC0097-C.g664	78.216	482	62	10	1	473	2364	2811	0.0	712
PfCD01_000006600|NTS|1|1|63	PM0051-C.g1397	73.016	63	14	1	1	63	1	60	1.15e-21	88.2
PfCD01_000006600|NTS|1|1|63	PH0594-C.g1177	70.312	64	18	1	1	63	5	68	2.63e-21	87.0
PfCD01_000006600|NTS|1|1|63	PV0147-C.g143	70.312	64	18	1	1	63	5	68	2.66e-21	87.0
PfCD01_000006600|NTS|1|1|63	PH0599-C.g410	70.312	64	18	1	1	63	5	68	3.57e-21	86.7
PfCD01_000006600|NTS|1|1|63	PV0133-C.g182	65.079	63	22	0	1	63	1	63	7.60e-21	85.9
PfCD01_000006600|DBLa|1|64|487	PM0051-C.g1397	94.131	426	22	3	1	424	61	485	0.0	798
PfCD01_000006600|DBLa|1|64|487	PM0051-C.g1397	34.392	189	99	6	240	424	1195	1362	7.79e-18	88.6
PfCD01_000006600|DBLa|1|64|487	PT0048-C.g409	78.009	432	85	7	1	424	69	498	0.0	671
PfCD01_000006600|DBLa|1|64|487	PT0048-C.g409	30.592	304	162	12	149	424	1057	1339	1.89e-21	99.8
PfCD01_000006600|DBLa|1|64|487	PD0523-C.g535	75.806	434	91	9	1	424	61	490	0.0	649
PfCD01_000006600|DBLa|1|64|487	PD0523-C.g535	36.449	107	67	1	242	347	1164	1270	2.06e-10	65.5
PfCD01_000006600|DBLa|1|64|487	PM0024-C.g19	74.312	436	100	7	1	424	72	507	0.0	646
PfCD01_000006600|DBLa|1|64|487	PA0051-C.g217	78.704	432	80	9	1	424	70	497	0.0	646
PfCD01_000006600|DBLa|1|64|487	PA0051-C.g217	26.005	373	206	14	93	424	972	1315	6.01e-22	101
PfCD01_000006600|CIDRa|1|488|733	QG0236-C.g3033	94.309	246	14	0	1	246	500	745	1.61e-158	483
PfCD01_000006600|CIDRa|1|488|733	QG0236-C.g3033	30.000	100	69	1	63	162	1444	1542	5.16e-09	58.5
PfCD01_000006600|CIDRa|1|488|733	PM0051-C.g1397	82.996	247	41	1	1	246	486	732	1.18e-132	412
PfCD01_000006600|CIDRa|1|488|733	PM0051-C.g1397	26.174	149	102	4	63	206	1439	1584	2.45e-08	56.6
PfCD01_000006600|CIDRa|1|488|733	PT0256-C.g647	70.161	248	71	3	1	246	484	730	2.76e-108	344
PfCD01_000006600|CIDRa|1|488|733	PT0256-C.g647	27.419	186	100	5	58	241	1383	1535	1.13e-08	57.8
PfCD01_000006600|CIDRa|1|488|733	PC0113-C.g106	71.548	239	65	3	1	237	492	729	2.99e-107	341
PfCD01_000006600|CIDRa|1|488|733	PT0240-C.g35	66.667	246	79	1	1	246	69	311	7.56e-104	329
PfCD01_000006600|DBLd|1|805|1325	PA0008-C.g78	51.642	548	162	14	18	521	820	1308	2.11e-151	475
PfCD01_000006600|DBLd|1|805|1325	PA0008-C.g78	21.484	256	146	8	188	435	170	378	1.99e-07	56.6
PfCD01_000006600|DBLd|1|805|1325	PF0152-C.g359	50.805	559	177	21	1	521	1228	1726	3.20e-148	470
PfCD01_000006600|DBLd|1|805|1325	PF0152-C.g359	26.164	451	177	18	1	448	810	1107	9.59e-29	123
PfCD01_000006600|DBLd|1|805|1325	PF0152-C.g359	23.834	193	97	5	269	451	245	397	9.93e-10	63.9
PfCD01_000006600|DBLd|1|805|1325	PC0057-C.g216	50.652	537	204	18	1	521	837	1328	3.17e-147	464
PfCD01_000006600|DBLd|1|805|1325	PC0057-C.g216	31.443	194	97	8	349	521	322	500	1.84e-08	59.7
PfCD01_000006600|DBLd|1|805|1325	PF0098-C.g351	50.560	536	193	17	1	521	939	1417	6.06e-147	464
PfCD01_000006600|DBLd|1|805|1325	PF0098-C.g351	35.577	104	63	2	346	448	321	421	2.20e-09	62.8
PfCD01_000006600|DBLd|1|805|1325	PA0232-C.g578	51.064	564	183	24	1	521	916	1429	1.67e-146	463
PfCD01_000006600|DBLd|1|805|1325	PA0232-C.g578	25.784	287	147	10	269	521	270	524	9.74e-10	63.9
PfCD01_000006600|CIDRb|1|1326|1580	PA0008-C.g78	97.255	255	7	0	1	255	1309	1563	7.69e-167	505
PfCD01_000006600|CIDRb|1|1326|1580	PT0253-Cx.g52	79.767	257	45	2	2	255	589	841	1.73e-132	400
PfCD01_000006600|CIDRb|1|1326|1580	PF0789-C.g25	79.767	257	45	2	2	255	2682	2934	1.07e-126	398
PfCD01_000006600|CIDRb|1|1326|1580	PF0041-C.g488	77.907	258	48	4	2	255	1598	1850	1.26e-119	377
PfCD01_000006600|CIDRb|1|1326|1580	PT0242-Cx.g751	75.403	248	55	5	1	247	1317	1559	4.21e-112	355
PfCD01_000006600|ATS|1|1673|2120	PV0028-C.g31	78.678	469	66	7	1	448	1737	2192	0.0	721
PfCD01_000006600|ATS|1|1673|2120	PV0028-C.g50	84.165	461	55	10	1	448	2600	3055	0.0	720
PfCD01_000006600|ATS|1|1673|2120	PFKE09.g563	79.956	459	64	6	1	448	775	1216	0.0	706
PfCD01_000006600|ATS|1|1673|2120	PFKE01.g19	81.400	457	58	8	1	448	1733	2171	0.0	702
PfCD01_000006600|ATS|1|1673|2120	PC0113-C.g949	83.592	451	63	6	1	448	1702	2144	0.0	700
PfCD01_000010300|NTS|1|1|62	QG0228-C.g2938	76.190	63	14	1	1	62	1	63	2.97e-24	95.5
PfCD01_000010300|NTS|1|1|62	PV0133-C.g59	80.702	57	9	1	8	62	6	62	2.53e-23	92.8
PfCD01_000010300|NTS|1|1|62	PF0113-C.g6	73.016	63	16	1	1	62	1	63	1.29e-21	87.8
PfCD01_000010300|NTS|1|1|62	PV0256-C.g52	76.786	56	11	1	9	62	8	63	3.17e-21	86.7
PfCD01_000010300|NTS|1|1|62	PV0035-C.g41	76.786	56	11	1	9	62	8	63	3.17e-21	86.7
PfCD01_000010300|DBLa|1|63|507	PA0168-C.g149	67.452	467	122	10	1	445	68	526	0.0	580
PfCD01_000010300|DBLa|1|63|507	PA0168-C.g149	31.471	340	192	10	55	390	2213	2515	5.56e-32	132
PfCD01_000010300|DBLa|1|63|507	PA0168-C.g149	26.578	301	138	12	41	340	2586	2804	8.26e-15	79.7
PfCD01_000010300|DBLa|1|63|507	PA0168-C.g149	25.114	219	117	6	183	365	1197	1404	1.51e-11	69.3
PfCD01_000010300|DBLa|1|63|507	PT0242-Cx.g778	68.736	451	116	12	12	445	75	517	0.0	580
PfCD01_000010300|DBLa|1|63|507	PT0242-Cx.g778	22.511	231	155	6	126	340	1107	1329	4.51e-09	61.2
PfCD01_000010300|DBLa|1|63|507	PM0021-C.g660	66.809	467	133	11	1	445	63	529	0.0	575
PfCD01_000010300|DBLa|1|63|507	PM0021-C.g660	26.036	169	81	5	244	376	1278	1438	4.78e-08	58.2
PfCD01_000010300|DBLa|1|63|507	PM0108-C.g113	66.812	458	124	11	1	445	66	508	0.0	572
PfCD01_000010300|DBLa|1|63|507	PM0103-C.g944	65.435	460	133	10	1	445	68	516	0.0	566
PfCD01_000010300|CIDRa|1|508|801	PA0065-C.g555	96.599	294	10	0	1	294	500	793	0.0	581
PfCD01_000010300|CIDRa|1|508|801	QG0286-C.g5185	83.729	295	46	2	1	294	520	813	2.16e-149	461
PfCD01_000010300|CIDRa|1|508|801	PM0159-C.g772	66.892	296	87	3	1	287	548	841	2.63e-119	375
PfCD01_000010300|CIDRa|1|508|801	PA0213-C.g859	66.330	297	87	3	1	288	494	786	9.49e-118	373
PfCD01_000010300|CIDRa|1|508|801	PA0213-C.g859	40.260	77	44	2	127	203	1511	1585	4.04e-08	57.0
PfCD01_000010300|CIDRa|1|508|801	PV0112-C.g61	64.883	299	94	5	1	294	486	778	4.01e-116	361
PfCD01_000010300|DBLd|1|912|1417	PC0053-C.g535	58.885	574	143	15	1	506	808	1356	0.0	600
PfCD01_000010300|DBLd|1|912|1417	PC0053-C.g535	28.796	191	113	4	333	506	290	474	3.41e-09	62.0
PfCD01_000010300|DBLd|1|912|1417	PF0818-C.g201	53.235	541	200	14	1	506	1680	2202	9.90e-166	521
PfCD01_000010300|DBLd|1|912|1417	PF0818-C.g201	26.316	361	162	8	71	431	1242	1498	1.02e-28	123
PfCD01_000010300|DBLd|1|912|1417	PF0818-C.g201	35.841	226	96	6	70	295	877	1053	1.22e-27	120
PfCD01_000010300|DBLd|1|912|1417	PF0818-C.g201	25.225	333	191	9	179	506	183	462	3.21e-20	97.4
PfCD01_000010300|DBLd|1|912|1417	PA0146-C.g312	52.095	549	198	16	1	506	1209	1735	3.68e-163	511
PfCD01_000010300|DBLd|1|912|1417	PA0146-C.g312	27.500	280	155	8	246	506	59	309	2.72e-13	75.5
PfCD01_000010300|DBLd|1|912|1417	QG0292-C.g2442	53.471	533	198	16	1	506	922	1431	2.94e-162	505
PfCD01_000010300|DBLd|1|912|1417	QG0292-C.g2442	27.835	291	147	11	246	506	255	512	2.82e-17	87.8
PfCD01_000010300|DBLd|1|912|1417	PA0053-C.g773	53.831	522	209	14	1	506	916	1421	1.25e-161	503
PfCD01_000010300|DBLd|1|912|1417	PA0053-C.g773	25.573	262	146	9	180	431	191	413	1.42e-12	73.2
PfCD01_000010300|CIDRg|1|1418|1685	PC0053-C.g535	90.672	268	25	0	1	268	1357	1624	1.52e-156	478
PfCD01_000010300|CIDRg|1|1418|1685	PF0330-C.g406	79.688	256	52	0	1	256	1001	1256	4.72e-123	383
PfCD01_000010300|CIDRg|1|1418|1685	PH0341-C.g623	74.265	272	66	2	1	268	981	1252	6.46e-120	375
PfCD01_000010300|CIDRg|1|1418|1685	QE0414-C.g661	68.015	272	74	5	1	268	1417	1679	2.49e-113	360
PfCD01_000010300|CIDRg|1|1418|1685	PV0139-C.g117	68.015	272	74	5	1	268	1417	1679	2.49e-113	360
PfCD01_000010300|ATS|1|1812|2288	PV0234-C.g27	71.048	525	87	8	1	477	2445	2952	0.0	662
PfCD01_000010300|ATS|1|1812|2288	PV0028-C.g31	71.757	478	112	9	1	477	1737	2192	0.0	647
PfCD01_000010300|ATS|1|1812|2288	PV0239-C.g10	68.164	512	114	12	1	477	3361	3858	0.0	636
PfCD01_000010300|ATS|1|1812|2288	PfKE03.g242	69.860	501	98	10	1	477	1361	1832	0.0	636
PfCD01_000010300|ATS|1|1812|2288	PV0028-C.g43	71.014	483	88	11	1	477	1843	2279	0.0	636
