PfGA01_010005500|NTS|1|1|74	PA0160-C.g1712	100.000	60	0	0	15	74	20	79	8.69e-31	114
PfGA01_010005500|NTS|1|1|74	PT0184-C.g3829	64.865	74	16	2	1	74	1	64	9.38e-20	83.2
PfGA01_010005500|NTS|1|1|74	PT0008-CW.g443	64.865	74	16	2	1	74	1	64	4.40e-19	81.3
PfGA01_010005500|NTS|1|1|74	PT0098-C.g530	66.667	69	17	2	5	73	3	65	1.04e-18	80.1
PfGA01_010005500|NTS|1|1|74	PA0184-C.g396	67.742	62	16	1	8	69	4	61	2.43e-18	79.3
PfGA01_010005500|DBLa|1|75|515	PT0184-C.g3829	75.055	457	91	6	1	441	65	514	0.0	677
PfGA01_010005500|DBLa|1|75|515	PT0184-C.g3829	29.493	217	125	10	151	349	1163	1369	8.57e-17	85.9
PfGA01_010005500|DBLa|1|75|515	PT0184-C.g3829	25.170	294	179	11	61	348	1829	2087	9.71e-17	85.5
PfGA01_010005500|DBLa|1|75|515	PA0160-C.g1712	76.053	451	95	4	1	441	80	527	0.0	670
PfGA01_010005500|DBLa|1|75|515	PA0160-C.g1712	28.800	250	146	9	137	361	1140	1382	6.99e-19	92.0
PfGA01_010005500|DBLa|1|75|515	PT0008-CW.g443	81.390	403	68	4	1	403	65	460	0.0	660
PfGA01_010005500|DBLa|1|75|515	PT0008-CW.g443	36.842	114	69	2	239	352	1214	1324	1.85e-14	78.6
PfGA01_010005500|DBLa|1|75|515	PA0267-C.g420	64.706	459	128	10	1	441	67	509	0.0	575
PfGA01_010005500|DBLa|1|75|515	PA0267-C.g420	27.039	233	128	6	149	349	1123	1345	1.90e-16	84.7
PfGA01_010005500|DBLa|1|75|515	SenT085.10.g1002	63.576	453	125	10	1	441	64	488	0.0	555
PfGA01_010005500|DBLa|1|75|515	SenT085.10.g1002	30.093	216	117	10	238	441	1175	1368	3.70e-15	80.5
PfGA01_010005500|CIDRa|1|516|814	PA0267-C.g420	69.281	306	76	6	1	296	510	807	4.23e-121	383
PfGA01_010005500|CIDRa|1|516|814	PM0144-C.g1181	62.620	313	87	6	1	296	511	810	9.76e-111	353
PfGA01_010005500|CIDRa|1|516|814	PA0209-C.g1129	61.564	307	93	5	1	299	494	783	2.30e-108	347
PfGA01_010005500|CIDRa|1|516|814	PM0071-C.g490	62.418	306	90	5	1	298	496	784	2.64e-108	347
PfGA01_010005500|CIDRa|1|516|814	PA0078-C.g555	57.235	311	112	6	1	299	520	821	2.95e-105	332
PfGA01_010005500|DBLd|1|909|1408	PF0098-C.g500	65.863	539	134	11	1	500	196	723	0.0	659
PfGA01_010005500|DBLd|1|909|1408	PM0108-C.g165	47.091	550	218	19	1	500	120	646	3.28e-140	432
PfGA01_010005500|DBLd|1|909|1408	PA0185-C.g741	46.881	561	214	17	1	500	916	1453	1.38e-138	441
PfGA01_010005500|DBLd|1|909|1408	QE0467-C.g944	50.000	528	215	13	1	500	860	1366	2.64e-138	439
PfGA01_010005500|DBLd|1|909|1408	QE0467-C.g944	21.575	292	161	7	148	431	167	398	1.86e-09	63.2
PfGA01_010005500|DBLd|1|909|1408	QG0190-C.g1074	49.084	546	184	19	10	500	817	1323	1.97e-135	431
PfGA01_010005500|DBLd|1|909|1408	QG0190-C.g1074	25.683	366	192	15	154	500	174	478	3.55e-12	71.6
PfGA01_010005500|CIDRb|1|1409|1663	PF0098-C.g500	99.608	255	1	0	1	255	724	978	9.20e-180	525
PfGA01_010005500|CIDRb|1|1409|1663	QE0424-C.g807	73.387	248	57	3	2	248	926	1165	3.79e-111	349
PfGA01_010005500|CIDRb|1|1409|1663	QE0438-C.g940	73.387	248	57	3	2	248	1328	1567	6.39e-110	349
PfGA01_010005500|CIDRb|1|1409|1663	PM0087-C.g619	72.908	251	50	6	2	250	1172	1406	5.57e-109	346
PfGA01_010005500|CIDRb|1|1409|1663	PA0065-C.g2	63.878	263	80	5	2	255	784	1040	1.36e-99	316
PfGA01_010005500|ATS|1|1788|2270	PFKE12.g465	76.938	503	83	5	1	483	1773	2262	0.0	758
PfGA01_010005500|ATS|1|1788|2270	PV0239-C.g10	71.810	525	79	9	1	483	3361	3858	0.0	706
PfGA01_010005500|ATS|1|1788|2270	PD0590-C.g13	73.518	506	92	9	1	483	818	1304	0.0	699
PfGA01_010005500|ATS|1|1788|2270	PFKE09.g563	76.955	486	65	8	1	483	775	1216	0.0	698
PfGA01_010005500|ATS|1|1788|2270	QE0434-C.g52	76.000	500	88	8	2	479	2811	3300	0.0	697
PfGA01_010005600|NTS|1|1|71	PM0133-C.g321	97.183	71	2	0	1	71	1	71	1.93e-40	142
PfGA01_010005600|NTS|1|1|71	PC0069-C.g351	97.183	71	2	0	1	71	1	71	2.15e-40	142
PfGA01_010005600|NTS|1|1|71	PA0214-C.g991	95.775	71	3	0	1	71	1	71	1.02e-39	140
PfGA01_010005600|NTS|1|1|71	QE0429-C.g29	94.366	71	4	0	1	71	1	71	1.40e-39	139
PfGA01_010005600|NTS|1|1|71	PV0256-C.g9	94.366	71	4	0	1	71	1	71	1.40e-39	139
PfGA01_010005600|DBLa|1|72|466	QG0196-C.g55	100.000	395	0	0	1	395	72	466	0.0	825
PfGA01_010005600|DBLa|1|72|466	QG0196-C.g55	32.400	250	115	10	58	271	846	1077	7.02e-25	109
PfGA01_010005600|DBLa|1|72|466	QG0196-C.g55	28.000	350	186	16	38	356	1281	1595	3.57e-17	86.3
PfGA01_010005600|DBLa|1|72|466	QG0196-C.g55	24.845	322	179	14	118	395	2346	2648	4.27e-10	64.3
PfGA01_010005600|DBLa|1|72|466	PA0207-C.g199	100.000	395	0	0	1	395	72	466	0.0	825
PfGA01_010005600|DBLa|1|72|466	PA0207-C.g199	32.400	250	115	10	58	271	846	1077	8.07e-25	109
PfGA01_010005600|DBLa|1|72|466	PA0207-C.g199	28.286	350	185	16	38	356	1281	1595	1.25e-17	87.8
PfGA01_010005600|DBLa|1|72|466	PA0207-C.g199	24.335	263	130	12	114	313	2321	2577	6.14e-09	60.5
PfGA01_010005600|DBLa|1|72|466	PF0035-C.g543	98.481	395	6	0	1	395	72	466	0.0	816
PfGA01_010005600|DBLa|1|72|466	PF0035-C.g543	31.487	343	176	16	45	355	1348	1663	7.80e-30	124
PfGA01_010005600|DBLa|1|72|466	PF0035-C.g543	31.169	385	194	17	18	364	1798	2149	7.87e-29	121
PfGA01_010005600|DBLa|1|72|466	PF0035-C.g543	29.655	290	141	12	58	314	838	1097	7.43e-27	115
PfGA01_010005600|DBLa|1|72|466	PF0035-C.g543	24.847	326	176	12	117	395	2528	2831	1.48e-10	65.9
PfGA01_010005600|DBLa|1|72|466	PA0032-C.g514	98.481	395	6	0	1	395	72	466	0.0	816
PfGA01_010005600|DBLa|1|72|466	PA0032-C.g514	29.679	374	189	16	19	363	1310	1638	1.52e-32	132
PfGA01_010005600|DBLa|1|72|466	PA0032-C.g514	30.435	276	150	10	46	300	823	1077	6.14e-31	127
PfGA01_010005600|DBLa|1|72|466	PA0032-C.g514	30.488	328	164	14	58	355	1827	2120	9.39e-30	124
PfGA01_010005600|DBLa|1|72|466	PA0032-C.g514	25.786	318	177	13	123	395	2512	2815	4.19e-11	67.4
PfGA01_010005600|DBLa|1|72|466	PF0609-C.g5346	98.481	395	6	0	1	395	72	466	0.0	813
PfGA01_010005600|DBLa|1|72|466	PF0609-C.g5346	29.964	277	147	13	1	250	787	1043	1.17e-26	115
PfGA01_010005600|DBLa|1|72|466	PF0609-C.g5346	27.523	218	130	6	53	253	1276	1482	1.88e-16	84.0
PfGA01_010005600|DBLa|1|72|466	PF0609-C.g5346	26.300	327	188	13	54	360	1655	1948	1.68e-13	75.1
PfGA01_010005600|DBLa|1|72|466	PF0609-C.g5346	25.161	310	164	12	137	395	2358	2650	2.86e-08	58.5
PfGA01_010005600|CIDRa|1|467|716	PM0019-C.g2375	90.800	250	23	0	1	250	256	505	4.94e-150	464
PfGA01_010005600|CIDRa|1|467|716	PM0037-C.g556	87.200	250	32	0	1	250	479	728	3.64e-139	433
PfGA01_010005600|CIDRa|1|467|716	PM0037-C.g556	26.344	186	126	6	6	189	2709	2885	2.05e-08	57.0
PfGA01_010005600|CIDRa|1|467|716	PT0170-C.g149	87.200	250	32	0	1	250	479	728	6.90e-139	432
PfGA01_010005600|CIDRa|1|467|716	SenT092.08.g1310	86.000	250	35	0	1	250	354	603	3.45e-136	425
PfGA01_010005600|CIDRa|1|467|716	PA0185-C.g146	86.000	250	35	0	1	250	470	719	8.07e-136	424
PfGA01_010005600|CIDRa|1|467|716	PA0185-C.g146	25.888	197	141	3	54	248	2379	2572	5.16e-11	64.7
PfGA01_010005600|DBLb|1|725|1212	QG0218-C.g5742	82.258	496	67	4	1	488	728	1210	0.0	840
PfGA01_010005600|DBLb|1|725|1212	QG0218-C.g5742	39.189	518	233	18	1	488	1226	1691	2.55e-97	324
PfGA01_010005600|DBLb|1|725|1212	QG0218-C.g5742	27.561	410	216	14	93	488	1741	2083	8.28e-32	132
PfGA01_010005600|DBLb|1|725|1212	QG0218-C.g5742	29.218	243	130	9	109	337	129	343	3.30e-22	103
PfGA01_010005600|DBLb|1|725|1212	QG0218-C.g5742	23.780	328	207	11	55	365	2099	2400	5.71e-16	84.0
PfGA01_010005600|DBLb|1|725|1212	PH0516-C.g757	82.996	494	63	4	1	488	724	1202	0.0	823
PfGA01_010005600|DBLb|1|725|1212	PH0516-C.g757	41.988	493	214	14	1	488	1218	1643	6.82e-102	337
PfGA01_010005600|DBLb|1|725|1212	PH0516-C.g757	27.436	390	225	15	108	488	1704	2044	5.27e-28	120
PfGA01_010005600|DBLb|1|725|1212	PH0516-C.g757	29.078	282	151	10	109	366	129	385	1.36e-23	107
PfGA01_010005600|DBLb|1|725|1212	PH0516-C.g757	27.798	277	163	12	102	360	2097	2354	9.56e-17	86.3
PfGA01_010005600|DBLb|1|725|1212	PH0516-C.g757	23.162	272	146	11	164	380	2682	2945	6.86e-07	54.7
PfGA01_010005600|DBLb|1|725|1212	PH0932-C.g578	82.996	494	63	4	1	488	724	1202	0.0	822
PfGA01_010005600|DBLb|1|725|1212	PH0932-C.g578	41.988	493	214	14	1	488	1218	1643	7.98e-102	337
PfGA01_010005600|DBLb|1|725|1212	PH0932-C.g578	27.436	390	225	15	108	488	1704	2044	7.00e-28	120
PfGA01_010005600|DBLb|1|725|1212	PH0932-C.g578	29.078	282	151	10	109	366	129	385	1.40e-23	107
PfGA01_010005600|DBLb|1|725|1212	PH0932-C.g578	27.798	277	163	12	102	360	2097	2354	1.07e-16	85.9
PfGA01_010005600|DBLb|1|725|1212	PH0932-C.g578	23.162	272	146	11	164	380	2682	2945	6.79e-07	54.7
PfGA01_010005600|DBLb|1|725|1212	QE0470-C.g54	82.996	494	63	4	1	488	724	1202	0.0	822
PfGA01_010005600|DBLb|1|725|1212	QE0470-C.g54	41.988	493	214	14	1	488	1218	1643	7.32e-102	337
PfGA01_010005600|DBLb|1|725|1212	QE0470-C.g54	29.078	282	151	10	109	366	129	385	1.19e-23	107
PfGA01_010005600|DBLb|1|725|1212	QE0470-C.g54	25.000	268	168	9	108	360	1704	1953	2.33e-13	75.5
PfGA01_010005600|DBLb|1|725|1212	QE0470-C.g54	23.162	272	146	11	164	380	2281	2544	6.17e-07	54.7
PfGA01_010005600|DBLb|1|725|1212	PM0086-C.g177	82.661	496	69	3	1	488	608	1094	0.0	822
PfGA01_010005600|DBLb|1|725|1212	PM0086-C.g177	40.078	514	235	13	1	488	1112	1578	3.83e-99	329
PfGA01_010005600|DBLb|1|725|1212	PM0086-C.g177	29.078	282	151	10	109	366	13	269	1.56e-23	107
PfGA01_010005600|DBLb|1|725|1212	PM0086-C.g177	24.390	287	180	8	93	360	1630	1898	5.83e-18	90.1
PfGA01_010005600|DBLg|1|1232|1622	PF0037-C.g384	73.366	413	81	6	1	391	170	575	0.0	585
PfGA01_010005600|DBLg|1|1232|1622	PF0037-C.g384	43.350	406	193	13	1	391	953	1336	1.16e-93	309
PfGA01_010005600|DBLg|1|1232|1622	PF0037-C.g384	34.375	320	176	9	13	320	605	902	6.56e-49	180
PfGA01_010005600|DBLg|1|1232|1622	PF0037-C.g384	28.389	391	155	13	43	315	1535	1918	9.18e-31	127
PfGA01_010005600|DBLg|1|1232|1622	PM0093-C.g456	73.366	413	81	6	1	391	1047	1452	0.0	583
PfGA01_010005600|DBLg|1|1232|1622	PM0093-C.g456	34.375	320	176	9	13	320	1482	1779	1.27e-48	179
PfGA01_010005600|DBLg|1|1232|1622	PM0093-C.g456	44.271	192	90	6	1	176	1830	2020	1.29e-39	153
PfGA01_010005600|DBLg|1|1232|1622	PM0093-C.g456	24.940	417	234	14	29	391	635	1026	1.54e-25	111
PfGA01_010005600|DBLg|1|1232|1622	PH0932-C.g578	73.418	395	91	5	1	391	1660	2044	0.0	576
PfGA01_010005600|DBLg|1|1232|1622	PH0932-C.g578	38.398	362	173	14	1	337	2059	2395	3.46e-59	210
PfGA01_010005600|DBLg|1|1232|1622	PH0932-C.g578	30.120	332	166	10	38	303	2611	2942	5.31e-38	148
PfGA01_010005600|DBLg|1|1232|1622	PH0932-C.g578	25.750	400	216	14	45	391	831	1202	7.74e-25	109
PfGA01_010005600|DBLg|1|1232|1622	PH0932-C.g578	26.558	369	203	13	45	391	1321	1643	1.79e-22	102
PfGA01_010005600|DBLg|1|1232|1622	PH0932-C.g578	24.172	302	164	11	31	293	109	384	6.94e-12	69.7
PfGA01_010005600|DBLg|1|1232|1622	PH0516-C.g757	73.418	395	91	5	1	391	1660	2044	0.0	576
PfGA01_010005600|DBLg|1|1232|1622	PH0516-C.g757	38.567	363	171	15	1	337	2059	2395	2.34e-59	210
PfGA01_010005600|DBLg|1|1232|1622	PH0516-C.g757	30.120	332	166	10	38	303	2611	2942	5.16e-38	148
PfGA01_010005600|DBLg|1|1232|1622	PH0516-C.g757	25.750	400	216	14	45	391	831	1202	8.66e-25	109
PfGA01_010005600|DBLg|1|1232|1622	PH0516-C.g757	26.558	369	203	13	45	391	1321	1643	1.77e-22	102
PfGA01_010005600|DBLg|1|1232|1622	PH0516-C.g757	24.172	302	164	11	31	293	109	384	7.27e-12	69.7
PfGA01_010005600|DBLg|1|1232|1622	PA0104-C.g521	69.270	397	112	4	1	391	1220	1612	0.0	561
PfGA01_010005600|DBLg|1|1232|1622	PA0104-C.g521	44.340	318	150	8	1	293	1971	2286	6.14e-73	249
PfGA01_010005600|DBLg|1|1232|1622	PA0104-C.g521	34.483	319	160	11	13	323	1642	1919	1.38e-44	167
PfGA01_010005600|DBLg|1|1232|1622	PA0104-C.g521	26.812	414	160	11	36	307	2562	2974	6.85e-29	121
PfGA01_010005600|DBLg|1|1232|1622	PA0104-C.g521	26.000	400	206	14	45	391	838	1200	1.67e-25	111
PfGA01_010005600|DBLg|1|1232|1622	PA0104-C.g521	24.922	321	167	11	31	308	109	398	7.03e-13	73.2
PfGA01_010005600|DBLg|2|1639|1983	PF0037-C.g384	93.623	345	22	0	1	345	592	936	0.0	670
PfGA01_010005600|DBLg|2|1639|1983	PF0037-C.g384	35.423	319	158	9	1	282	170	477	3.07e-52	188
PfGA01_010005600|DBLg|2|1639|1983	PF0037-C.g384	34.007	297	173	8	1	284	953	1239	2.34e-44	165
PfGA01_010005600|DBLg|2|1639|1983	PF0037-C.g384	29.231	325	132	7	68	294	1592	1916	7.71e-32	129
PfGA01_010005600|DBLg|2|1639|1983	PM0093-C.g456	93.623	345	22	0	1	345	1469	1813	0.0	664
PfGA01_010005600|DBLg|2|1639|1983	PM0093-C.g456	35.423	319	158	9	1	282	1047	1354	4.67e-52	187
PfGA01_010005600|DBLg|2|1639|1983	PM0093-C.g456	40.816	196	83	7	1	168	1830	2020	9.66e-35	137
PfGA01_010005600|DBLg|2|1639|1983	PM0093-C.g456	24.476	286	159	8	30	275	635	903	4.81e-14	75.9
PfGA01_010005600|DBLg|2|1639|1983	SenT061.09.g849	89.275	345	37	0	1	345	1574	1918	0.0	633
PfGA01_010005600|DBLg|2|1639|1983	SenT061.09.g849	35.905	337	171	13	1	305	1935	2258	3.40e-49	179
PfGA01_010005600|DBLg|2|1639|1983	SenT061.09.g849	23.667	300	172	9	32	288	3	288	1.38e-11	68.2
PfGA01_010005600|DBLg|2|1639|1983	SenT061.09.g849	24.281	313	174	14	1	283	682	961	3.22e-11	67.0
PfGA01_010005600|DBLg|2|1639|1983	SenT061.09.g849	23.774	265	154	10	41	275	1211	1457	6.87e-09	60.1
PfGA01_010005600|DBLg|2|1639|1983	PF0513-C.g5706	89.275	345	37	0	1	345	1650	1994	0.0	632
PfGA01_010005600|DBLg|2|1639|1983	PF0513-C.g5706	39.933	298	161	9	1	283	1255	1549	4.50e-56	199
PfGA01_010005600|DBLg|2|1639|1983	PF0513-C.g5706	35.905	337	171	13	1	305	2011	2334	3.90e-49	179
PfGA01_010005600|DBLg|2|1639|1983	PF0513-C.g5706	25.651	269	159	9	42	283	830	1084	2.69e-14	76.6
PfGA01_010005600|DBLg|2|1639|1983	PF0513-C.g5706	23.129	294	171	9	33	285	111	390	2.88e-09	61.2
PfGA01_010005600|DBLg|2|1639|1983	PF0524-C.g91	83.768	345	56	0	1	345	1625	1969	0.0	594
PfGA01_010005600|DBLg|2|1639|1983	PF0524-C.g91	40.532	301	165	7	1	290	1986	2283	2.53e-57	202
PfGA01_010005600|DBLg|2|1639|1983	PF0524-C.g91	39.057	297	162	9	1	282	1229	1521	2.32e-53	191
PfGA01_010005600|DBLg|2|1639|1983	PF0524-C.g91	25.995	377	146	8	44	287	2534	2910	2.20e-28	118
PfGA01_010005600|DBLg|2|1639|1983	PF0524-C.g91	25.806	279	154	11	37	283	827	1084	8.88e-12	68.9
PfGA01_010005600|DBLg|2|1639|1983	PF0524-C.g91	22.603	292	170	9	33	282	111	388	5.72e-07	53.9
PfGA01_010005600|DBLg|3|2000|2373	PA0256-C.g816	78.701	385	66	5	1	374	2069	2448	0.0	600
PfGA01_010005600|DBLg|3|2000|2373	PA0256-C.g816	43.343	353	175	11	1	349	1701	2032	5.20e-72	246
PfGA01_010005600|DBLg|3|2000|2373	PA0256-C.g816	25.212	472	199	14	1	323	2563	3029	5.70e-26	112
PfGA01_010005600|DBLg|3|2000|2373	PA0256-C.g816	27.046	281	144	12	36	292	1337	1580	1.51e-16	84.0
PfGA01_010005600|DBLg|3|2000|2373	PA0256-C.g816	24.036	337	199	12	34	332	112	429	4.86e-14	76.3
PfGA01_010005600|DBLg|3|2000|2373	PA0256-C.g816	24.151	265	170	8	49	299	844	1091	3.38e-09	61.2
PfGA01_010005600|DBLg|3|2000|2373	PF0157-C.g507	74.468	376	82	6	1	374	1357	1720	0.0	556
PfGA01_010005600|DBLg|3|2000|2373	PF0157-C.g507	45.820	323	143	11	1	300	572	885	2.40e-68	236
PfGA01_010005600|DBLg|3|2000|2373	PF0157-C.g507	35.817	349	190	10	1	341	990	1312	7.05e-55	196
PfGA01_010005600|DBLg|3|2000|2373	PF0157-C.g507	29.588	267	147	8	49	299	206	447	3.55e-20	95.1
PfGA01_010005600|DBLg|3|2000|2373	PM0041-C.g170	70.942	382	93	6	1	374	514	885	3.13e-175	535
PfGA01_010005600|DBLg|3|2000|2373	PM0041-C.g170	24.937	397	187	14	1	304	1017	1395	6.45e-21	97.1
PfGA01_010005600|DBLg|3|2000|2373	PM0041-C.g170	29.104	268	152	7	49	299	136	382	1.05e-20	96.7
PfGA01_010005600|DBLg|3|2000|2373	PC0077-C.g31	73.037	382	81	7	1	371	1575	1945	4.00e-174	534
PfGA01_010005600|DBLg|3|2000|2373	PC0077-C.g31	46.547	333	162	9	1	329	814	1134	2.07e-83	279
PfGA01_010005600|DBLg|3|2000|2373	PC0077-C.g31	35.530	349	191	10	1	341	1208	1530	6.89e-55	197
PfGA01_010005600|DBLg|3|2000|2373	PC0077-C.g31	26.984	315	175	12	43	330	124	410	6.83e-17	85.1
PfGA01_010005600|DBLg|3|2000|2373	PF0400-C.g252	73.037	382	81	7	1	371	1574	1944	1.14e-173	535
PfGA01_010005600|DBLg|3|2000|2373	PF0400-C.g252	48.845	303	139	9	1	299	815	1105	4.42e-80	270
PfGA01_010005600|DBLg|3|2000|2373	PF0400-C.g252	35.244	349	192	10	1	341	1207	1529	5.98e-54	194
PfGA01_010005600|DBLg|3|2000|2373	PF0400-C.g252	23.746	299	183	8	34	305	112	392	6.47e-14	75.9
PfGA01_010005600|DBLd|1|2488|3029	QG0182-C.g118	57.895	551	169	12	1	542	116	612	0.0	565
PfGA01_010005600|DBLd|1|2488|3029	PF0311-C.g534	49.567	577	220	16	1	542	902	1442	3.57e-157	493
PfGA01_010005600|DBLd|1|2488|3029	PF0311-C.g534	26.562	192	107	5	289	478	240	399	3.75e-12	72.0
PfGA01_010005600|DBLd|1|2488|3029	QE0417-C.g912	52.847	562	204	17	1	542	1085	1605	2.05e-156	493
PfGA01_010005600|DBLd|1|2488|3029	QE0417-C.g912	27.089	395	144	13	85	473	625	881	1.07e-29	127
PfGA01_010005600|DBLd|1|2488|3029	PA0053-C.g745	52.668	581	179	23	1	542	872	1395	4.31e-156	489
PfGA01_010005600|DBLd|1|2488|3029	PA0053-C.g745	24.084	191	117	4	289	478	237	400	1.88e-09	63.2
PfGA01_010005600|DBLd|1|2488|3029	PA0051-C.g194	52.668	581	179	23	1	542	872	1395	4.31e-156	489
PfGA01_010005600|DBLd|1|2488|3029	PA0051-C.g194	24.084	191	117	4	289	478	237	400	1.88e-09	63.2
PfGA01_010005600|CIDRb|1|3030|3290	PA0059-C.g12	84.615	260	34	2	1	258	2266	2521	8.07e-130	407
PfGA01_010005600|CIDRb|1|3030|3290	PM0161-C.g2859	75.000	264	61	2	1	259	1387	1650	1.99e-114	362
PfGA01_010005600|CIDRb|1|3030|3290	QE0472-C.g1004	74.060	266	53	7	1	259	1357	1613	2.62e-109	347
PfGA01_010005600|CIDRb|1|3030|3290	QE0472-C.g1004	42.254	71	38	2	107	174	634	704	7.99e-07	52.4
PfGA01_010005600|CIDRb|1|3030|3290	PD0550-C.g583	67.939	262	79	3	1	261	1454	1711	3.99e-109	347
PfGA01_010005600|CIDRb|1|3030|3290	PD0550-C.g583	34.783	115	65	3	100	207	683	794	3.38e-08	56.6
PfGA01_010005600|CIDRb|1|3030|3290	PD0496-C.g824	67.939	262	79	3	1	261	1454	1711	3.99e-109	347
PfGA01_010005600|CIDRb|1|3030|3290	PD0496-C.g824	34.783	115	65	3	100	207	683	794	3.38e-08	56.6
PfGA01_010005600|ATS|1|3433|3859	PH0148-CW.g99	87.150	428	54	1	1	427	896	1323	0.0	768
PfGA01_010005600|ATS|1|3433|3859	PD0569-C.g128	80.549	437	75	4	1	427	2498	2934	0.0	686
PfGA01_010005600|ATS|1|3433|3859	PfKE03.g3	79.118	431	73	6	1	427	2760	3177	0.0	668
PfGA01_010005600|ATS|1|3433|3859	PfKE02.g562	76.562	448	71	8	1	427	2592	3026	0.0	663
PfGA01_010005600|ATS|1|3433|3859	QE0448-C.g49	78.291	433	82	6	1	427	2723	3149	0.0	662
PfGA01_010020300|NTS|1|1|68	PV0035-C.g9	70.175	57	17	0	12	68	8	64	3.84e-23	92.4
PfGA01_010020300|NTS|1|1|68	PV0138-C.g44	70.175	57	17	0	12	68	8	64	4.83e-23	92.4
PfGA01_010020300|NTS|1|1|68	PV0098-C.g79	70.175	57	17	0	12	68	8	64	5.08e-23	92.0
PfGA01_010020300|NTS|1|1|68	SenT001.08.g328	71.212	66	16	2	6	68	4	69	5.00e-22	89.4
PfGA01_010020300|NTS|1|1|68	QG0200-C.g505	71.212	66	16	2	6	68	4	69	6.90e-22	89.0
PfGA01_010020300|DBLa|1|69|486	PT0039-C.g181	70.872	436	105	7	1	418	65	496	0.0	613
PfGA01_010020300|DBLa|1|69|486	PT0039-C.g181	24.620	329	190	8	125	418	1446	1751	7.75e-16	82.4
PfGA01_010020300|DBLa|1|69|486	PT0039-C.g181	25.333	300	169	11	50	333	889	1149	5.28e-13	73.6
PfGA01_010020300|DBLa|1|69|486	PA0052-C.g44	64.569	429	137	6	1	418	68	492	0.0	540
PfGA01_010020300|DBLa|1|69|486	PA0069-C.g320	64.569	429	137	6	1	418	40	464	2.74e-177	541
PfGA01_010020300|DBLa|1|69|486	PA0069-C.g320	27.094	203	131	5	221	418	1205	1395	3.25e-14	77.4
PfGA01_010020300|DBLa|1|69|486	SenT190.09.g425	64.569	429	137	6	1	418	68	492	3.48e-177	540
PfGA01_010020300|DBLa|1|69|486	SenT190.09.g425	24.576	236	125	4	141	336	1067	1289	4.63e-12	70.5
PfGA01_010020300|DBLa|1|69|486	SenT119.09.g141	64.569	429	137	6	1	418	68	492	3.48e-177	540
PfGA01_010020300|DBLa|1|69|486	SenT119.09.g141	24.576	236	125	4	141	336	1067	1289	4.63e-12	70.5
PfGA01_010020300|CIDRa|1|487|775	PF0035-C.g267	72.759	290	70	2	1	281	502	791	5.66e-127	400
PfGA01_010020300|CIDRa|1|487|775	PT0039-C.g181	69.258	283	79	5	1	281	497	773	8.93e-119	377
PfGA01_010020300|CIDRa|1|487|775	QE0459-C.g634	59.310	290	99	7	1	285	514	789	2.83e-98	318
PfGA01_010020300|CIDRa|1|487|775	PM0029-C.g2111	61.644	292	85	11	1	289	526	793	5.60e-98	317
PfGA01_010020300|CIDRa|1|487|775	SenT185.10.g575	61.644	292	85	11	1	289	526	793	5.62e-98	317
PfGA01_010020300|DBLg|1|846|1237	SenT022.11.g632	69.543	394	109	5	1	392	672	1056	1.18e-173	522
PfGA01_010020300|DBLg|1|846|1237	SenT022.11.g632	34.599	237	118	7	44	254	1118	1343	2.20e-28	119
PfGA01_010020300|DBLg|1|846|1237	SenT022.11.g632	26.368	402	226	16	32	392	291	663	2.20e-24	107
PfGA01_010020300|DBLg|1|846|1237	PA0246-C.g785	65.920	402	117	7	1	392	1268	1659	3.95e-169	526
PfGA01_010020300|DBLg|1|846|1237	PA0246-C.g785	24.566	403	176	10	29	303	1711	2113	2.21e-22	102
PfGA01_010020300|DBLg|1|846|1237	PA0246-C.g785	26.271	354	184	17	18	330	799	1116	1.25e-09	62.8
PfGA01_010020300|DBLg|1|846|1237	PA0246-C.g785	22.472	267	171	8	44	289	114	365	4.96e-09	60.8
PfGA01_010020300|DBLg|1|846|1237	PT0189-Cx.g532	67.419	399	116	5	1	392	1291	1682	7.56e-166	512
PfGA01_010020300|DBLg|1|846|1237	PT0189-Cx.g532	35.842	279	132	11	1	244	1691	1957	2.76e-34	137
PfGA01_010020300|DBLg|1|846|1237	PT0189-Cx.g532	23.799	437	243	17	1	392	883	1274	8.96e-24	106
PfGA01_010020300|DBLg|1|846|1237	PA0061-C.g531	64.721	394	129	7	1	392	656	1041	1.15e-157	492
PfGA01_010020300|DBLg|1|846|1237	PA0061-C.g531	41.196	301	148	9	1	290	1893	2175	3.36e-59	210
PfGA01_010020300|DBLg|1|846|1237	PA0061-C.g531	27.704	379	170	16	44	323	1133	1506	1.82e-23	105
PfGA01_010020300|DBLg|1|846|1237	PM0018-C.g666	61.735	392	142	5	1	392	251	634	1.57e-156	481
PfGA01_010020300|DBLg|1|846|1237	PM0018-C.g666	25.708	424	170	13	35	313	721	1144	1.35e-23	105
PfGA01_010020300|DBLg|1|846|1237	PM0018-C.g666	28.405	257	136	11	159	392	11	242	3.36e-14	77.0
PfGA01_010020300|DBLd|1|1259|1728	QE0465-C.g40	49.219	512	194	15	1	470	161	648	2.13e-147	448
PfGA01_010020300|DBLd|1|1259|1728	PH0915-C.g15	49.219	512	194	15	1	470	245	732	2.89e-146	447
PfGA01_010020300|DBLd|1|1259|1728	PD0555-C.g431	51.473	509	193	15	1	470	832	1325	3.39e-145	451
PfGA01_010020300|DBLd|1|1259|1728	PD0555-C.g431	22.936	327	182	13	178	470	206	496	1.99e-13	75.5
PfGA01_010020300|DBLd|1|1259|1728	PH0594-C.g68	51.277	509	194	15	1	470	832	1325	2.81e-144	449
PfGA01_010020300|DBLd|1|1259|1728	PH0594-C.g68	22.936	327	182	13	178	470	206	496	2.06e-13	75.5
PfGA01_010020300|DBLd|1|1259|1728	QG0209-C.g638	48.362	519	211	15	1	470	906	1416	2.81e-143	452
PfGA01_010020300|DBLd|1|1259|1728	QG0209-C.g638	21.294	371	204	11	144	470	188	514	2.96e-09	62.0
PfGA01_010020300|CIDRb|1|1729|1991	PA0017-C.g100	78.707	263	47	3	1	256	2454	2714	2.45e-130	409
PfGA01_010020300|CIDRb|1|1729|1991	PA0017-C.g100	33.750	80	52	1	93	172	567	645	2.33e-07	53.9
PfGA01_010020300|CIDRb|1|1729|1991	QG0253-C.g2076	78.707	263	47	3	1	256	3034	3294	1.13e-129	407
PfGA01_010020300|CIDRb|1|1729|1991	PM0060-C.g691	72.624	263	56	5	2	257	1415	1668	3.76e-116	367
PfGA01_010020300|CIDRb|1|1729|1991	PM0060-C.g691	24.444	270	159	10	8	255	498	744	6.20e-10	61.6
PfGA01_010020300|CIDRb|1|1729|1991	PM0145-C.g212	73.664	262	58	5	1	257	2078	2333	7.06e-116	367
PfGA01_010020300|CIDRb|1|1729|1991	PM0145-C.g212	33.133	166	105	5	88	252	553	713	2.31e-13	72.0
PfGA01_010020300|CIDRb|1|1729|1991	PC0054-C.g358	72.692	260	57	4	1	257	1351	1599	5.39e-115	364
PfGA01_010020300|ATS|1|2111|2542	PFKE01.g19	86.105	439	54	2	1	432	1733	2171	0.0	729
PfGA01_010020300|ATS|1|2111|2542	PV0028-C.g50	82.789	459	49	8	1	432	2600	3055	0.0	720
PfGA01_010020300|ATS|1|2111|2542	PA0245-C.g998	81.481	459	57	5	1	432	1706	2163	0.0	719
PfGA01_010020300|ATS|1|2111|2542	PV0139-C.g46	87.558	434	48	4	2	432	2379	2809	0.0	713
PfGA01_010020300|ATS|1|2111|2542	PC0122-C.g100	87.112	419	48	6	1	415	1987	2403	0.0	704
PfGA01_020025500|NTS|1|1|69	QE0472-C.g558	87.097	62	8	0	8	69	5	66	3.08e-29	110
PfGA01_020025500|NTS|1|1|69	PV0286-C.g38	87.097	62	8	0	8	69	5	66	3.74e-29	109
PfGA01_020025500|NTS|1|1|69	PV0285-C.g60	87.097	62	8	0	8	69	5	66	3.74e-29	109
PfGA01_020025500|NTS|1|1|69	PC0047-C.g442	77.778	63	13	1	7	69	4	65	7.60e-23	91.7
PfGA01_020025500|NTS|1|1|69	PM0098-C.g828	78.947	57	12	0	13	69	17	73	8.38e-23	91.7
PfGA01_020025500|DBLa|1|70|496	SenT044.11.g412	75.229	436	88	9	1	427	65	489	0.0	592
PfGA01_020025500|DBLa|1|70|496	SenT044.11.g412	26.748	329	156	14	144	427	1164	1452	9.68e-14	75.9
PfGA01_020025500|DBLa|1|70|496	PA0205-C.g116	74.023	435	98	8	1	427	70	497	0.0	587
PfGA01_020025500|DBLa|1|70|496	PA0205-C.g116	31.937	382	186	17	52	421	2219	2538	4.38e-33	134
PfGA01_020025500|DBLa|1|70|496	PA0205-C.g116	29.817	218	123	7	213	427	1662	1852	1.96e-16	84.3
PfGA01_020025500|DBLa|1|70|496	PA0205-C.g116	25.342	292	153	10	36	326	2589	2816	9.67e-15	79.3
PfGA01_020025500|DBLa|1|70|496	PA0205-C.g116	23.381	278	173	8	16	284	857	1103	3.78e-10	64.7
PfGA01_020025500|DBLa|1|70|496	PA0184-C.g277	71.395	430	100	9	1	427	64	473	0.0	561
PfGA01_020025500|DBLa|1|70|496	PA0184-C.g277	29.968	317	158	10	141	427	1500	1782	5.48e-25	110
PfGA01_020025500|DBLa|1|70|496	PC0122-C.g562	65.541	444	133	7	1	427	61	501	8.05e-180	548
PfGA01_020025500|DBLa|1|70|496	PC0122-C.g562	28.626	262	148	8	181	427	1160	1397	1.64e-14	78.6
PfGA01_020025500|DBLa|1|70|496	PM0117-C.g313	69.302	430	105	10	1	427	64	469	1.13e-174	540
PfGA01_020025500|DBLa|1|70|496	PM0117-C.g313	28.808	302	164	10	150	427	1484	1758	2.68e-20	96.3
PfGA01_020025500|CIDRa|1|497|816	PA0187-C.g912	62.342	316	106	6	1	315	487	790	2.91e-114	365
PfGA01_020025500|CIDRa|1|497|816	PM0107-C.g499	65.635	323	95	9	1	320	163	472	1.93e-110	352
PfGA01_020025500|CIDRa|1|497|816	PM0115-C.g481	65.635	323	95	9	1	320	500	809	1.62e-109	351
PfGA01_020025500|CIDRa|1|497|816	PA0049-C.g30	61.491	322	103	7	1	314	520	828	2.55e-108	339
PfGA01_020025500|CIDRa|1|497|816	SenT139.11.g391	63.777	323	98	9	1	320	518	824	1.03e-107	346
PfGA01_020025500|DBLd|1|900|1433	PF0590-C.g85	53.506	542	182	15	1	534	1225	1704	5.01e-163	515
PfGA01_020025500|DBLd|1|900|1433	PF0590-C.g85	27.219	338	140	14	138	475	2072	2303	8.76e-22	102
PfGA01_020025500|DBLd|1|900|1433	PF0590-C.g85	36.145	83	52	1	363	444	298	380	2.09e-09	63.2
PfGA01_020025500|DBLd|1|900|1433	PM0017-C.g569	50.000	594	188	20	1	534	74	618	3.35e-160	484
PfGA01_020025500|DBLd|1|900|1433	PM0029-C.g726	50.817	551	202	20	10	534	91	598	1.33e-158	479
PfGA01_020025500|DBLd|1|900|1433	PT0052-C.g782	52.372	548	209	15	1	534	826	1335	5.04e-158	494
PfGA01_020025500|DBLd|1|900|1433	PT0052-C.g782	32.065	184	109	6	363	534	288	467	1.64e-15	82.4
PfGA01_020025500|DBLd|1|900|1433	PA0197-C.g778	52.294	545	199	17	1	534	932	1426	2.12e-155	488
PfGA01_020025500|DBLd|1|900|1433	PA0197-C.g778	28.767	219	139	7	254	471	240	442	3.16e-13	75.1
PfGA01_020025500|CIDRg|1|1434|1709	PA0065-C.g641	74.910	279	61	6	1	276	1292	1564	2.35e-126	395
PfGA01_020025500|CIDRg|1|1434|1709	PA0038-C.g62	74.910	279	61	6	1	276	1405	1677	2.56e-126	395
PfGA01_020025500|CIDRg|1|1434|1709	SenP027.02.g213	74.910	279	61	6	1	276	1405	1677	3.27e-126	396
PfGA01_020025500|CIDRg|1|1434|1709	PA0015-C.g258	74.910	279	61	6	1	276	1405	1677	3.27e-126	396
PfGA01_020025500|CIDRg|1|1434|1709	QG0287-C.g274	74.910	279	61	6	1	276	1436	1708	5.14e-126	396
PfGA01_020025500|ATS|1|1822|2254	PFKE01.g19	89.116	441	38	6	1	433	1733	2171	0.0	746
PfGA01_020025500|ATS|1|1822|2254	PV0028-C.g50	84.245	457	47	5	1	433	2600	3055	0.0	736
PfGA01_020025500|ATS|1|1822|2254	PA0245-C.g998	79.913	458	67	3	1	433	1706	2163	0.0	714
PfGA01_020025500|ATS|1|1822|2254	PC0122-C.g100	87.321	418	50	3	1	416	1987	2403	0.0	712
PfGA01_020025500|ATS|1|1822|2254	PT0206-Cx.g946	85.450	433	60	3	1	433	901	1330	0.0	701
PfGA01_030005800|NTS|1|1|58	QG0264-C.g710	100.000	58	0	0	1	58	1	58	3.82e-32	117
PfGA01_030005800|NTS|1|1|58	PT0156-C.g1095	63.492	63	18	1	1	58	1	63	3.13e-17	75.1
PfGA01_030005800|NTS|1|1|58	PT0034-C.g97	72.917	48	13	0	11	58	24	71	1.85e-16	73.2
PfGA01_030005800|NTS|1|1|58	PM0096-C.g606	69.811	53	16	0	6	58	11	63	2.41e-16	72.8
PfGA01_030005800|NTS|1|1|58	PF0725-C.g563	68.333	60	15	2	2	58	1	59	4.36e-16	72.0
PfGA01_030005800|DBLa|1|59|486	QG0264-C.g710	99.766	428	1	0	1	428	59	486	0.0	888
PfGA01_030005800|DBLa|1|59|486	QG0264-C.g710	25.403	248	141	8	123	341	1040	1272	8.81e-15	79.3
PfGA01_030005800|DBLa|1|59|486	PA0052-C.g656	80.615	423	64	6	14	428	73	485	0.0	677
PfGA01_030005800|DBLa|1|59|486	PD0487-C.g700	76.674	433	87	8	1	428	63	486	0.0	654
PfGA01_030005800|DBLa|1|59|486	PD0487-C.g700	25.893	336	188	11	124	428	1030	1335	1.16e-12	72.8
PfGA01_030005800|DBLa|1|59|486	PV0182-C.g53	76.674	433	87	8	1	428	63	486	0.0	653
PfGA01_030005800|DBLa|1|59|486	PV0182-C.g53	25.410	366	197	14	97	428	1018	1341	4.94e-16	83.2
PfGA01_030005800|DBLa|1|59|486	PD0530-C.g734	76.674	433	87	8	1	428	63	486	0.0	653
PfGA01_030005800|DBLa|1|59|486	PD0530-C.g734	33.981	206	105	8	226	428	1155	1332	2.26e-13	74.7
PfGA01_030005800|CIDRa|1|487|735	QG0264-C.g710	100.000	249	0	0	1	249	487	735	1.38e-171	517
PfGA01_030005800|CIDRa|1|487|735	PM0144-C.g484	67.063	252	79	3	1	249	487	737	4.12e-101	324
PfGA01_030005800|CIDRa|1|487|735	QG0208-C.g341	65.339	251	84	2	1	249	500	749	7.30e-101	323
PfGA01_030005800|CIDRa|1|487|735	QG0208-C.g341	28.571	84	60	0	106	189	1903	1986	2.50e-07	53.5
PfGA01_030005800|CIDRa|1|487|735	PH0516-C.g769	65.200	250	84	3	1	249	489	736	1.03e-99	314
PfGA01_030005800|CIDRa|1|487|735	QE0415-C.g19	64.822	253	84	4	1	249	493	744	1.59e-99	315
PfGA01_030005800|DBLd|1|814|1302	PA0256-C.g420	64.516	496	112	13	17	489	1587	2041	0.0	585
PfGA01_030005800|DBLd|1|814|1302	PA0256-C.g420	28.035	346	134	9	84	427	1270	1502	1.36e-25	113
PfGA01_030005800|DBLd|1|814|1302	PA0256-C.g420	26.923	260	142	7	242	489	257	480	1.28e-13	76.3
PfGA01_030005800|DBLd|1|814|1302	PA0245-C.g1077	59.013	527	157	17	1	489	816	1321	0.0	557
PfGA01_030005800|DBLd|1|814|1302	PA0245-C.g1077	24.484	339	187	13	186	489	189	493	1.99e-16	85.1
PfGA01_030005800|DBLd|1|814|1302	QG0195-C.g487	56.147	545	160	18	1	489	841	1362	1.47e-165	512
PfGA01_030005800|DBLd|1|814|1302	QG0195-C.g487	26.236	263	156	9	242	489	261	500	6.47e-16	83.6
PfGA01_030005800|DBLd|1|814|1302	PF0113-C.g328	54.323	532	180	12	1	489	923	1434	4.59e-160	498
PfGA01_030005800|DBLd|1|814|1302	PF0113-C.g328	25.397	189	106	7	242	422	253	414	7.24e-11	67.4
PfGA01_030005800|DBLd|1|814|1302	PV0209-C.g71	50.186	538	169	15	1	489	174	661	1.94e-152	462
PfGA01_030005800|CIDRb|1|1303|1558	PF0113-C.g328	69.231	247	67	4	1	244	1435	1675	1.42e-99	320
PfGA01_030005800|CIDRb|1|1303|1558	PA0256-C.g420	65.354	254	82	5	1	250	2042	2293	7.35e-96	310
PfGA01_030005800|CIDRb|1|1303|1558	PA0256-C.g420	31.579	190	109	8	69	246	546	726	9.61e-12	67.0
PfGA01_030005800|CIDRb|1|1303|1558	PA0173-C.g700	71.094	256	66	5	1	252	1303	1554	9.52e-96	309
PfGA01_030005800|CIDRb|1|1303|1558	PA0173-C.g700	26.293	232	138	8	33	243	517	736	1.08e-07	55.1
PfGA01_030005800|CIDRb|1|1303|1558	PC0113-C.g1051	70.312	256	68	5	1	252	1818	2069	2.80e-95	308
PfGA01_030005800|CIDRb|1|1303|1558	PF0818-C.g415	61.089	257	98	2	1	256	1441	1696	1.35e-94	306
PfGA01_030005800|ATS|1|1668|2124	PC0113-C.g949	85.249	461	46	7	1	457	1702	2144	0.0	748
PfGA01_030005800|ATS|1|1668|2124	PV0028-C.g50	82.314	458	74	6	4	457	2601	3055	0.0	727
PfGA01_030005800|ATS|1|1668|2124	PFKE09.g563	81.699	459	65	5	1	457	775	1216	0.0	724
PfGA01_030005800|ATS|1|1668|2124	PV0028-C.g43	79.266	463	64	8	1	457	1843	2279	0.0	714
PfGA01_030005800|ATS|1|1668|2124	PC0097-C.g664	79.565	460	79	7	1	457	2364	2811	0.0	711
PfGA01_030032000|NTS|1|1|74	QG0208-C.g1080	100.000	74	0	0	1	74	1	74	2.13e-45	156
PfGA01_030032000|NTS|1|1|74	PF0400-C.g387	100.000	74	0	0	1	74	1	74	3.86e-45	155
PfGA01_030032000|NTS|1|1|74	PA0098-C.g720	97.297	74	2	0	1	74	1	74	1.77e-43	150
PfGA01_030032000|NTS|1|1|74	PA0167-C.g241	97.297	74	2	0	1	74	1	74	2.30e-43	150
PfGA01_030032000|NTS|1|1|74	QE0429-C.g44	97.297	74	2	0	1	74	1	74	2.73e-43	150
PfGA01_030032000|DBLa|1|75|461	QG0208-C.g1080	98.966	387	4	0	1	387	75	461	0.0	796
PfGA01_030032000|DBLa|1|75|461	QG0208-C.g1080	32.491	277	134	10	55	315	884	1123	8.70e-29	120
PfGA01_030032000|DBLa|1|75|461	QG0208-C.g1080	31.690	284	165	8	118	387	2312	2580	1.09e-28	120
PfGA01_030032000|DBLa|1|75|461	QG0208-C.g1080	24.437	311	172	10	55	344	1745	2013	1.81e-10	65.5
PfGA01_030032000|DBLa|1|75|461	QG0208-C.g1080	21.014	276	171	9	52	315	1377	1617	5.65e-09	60.8
PfGA01_030032000|DBLa|1|75|461	PF0400-C.g387	96.124	387	15	0	1	387	75	461	0.0	775
PfGA01_030032000|DBLa|1|75|461	PF0400-C.g387	34.965	286	148	8	118	387	1727	1990	1.05e-35	141
PfGA01_030032000|DBLa|1|75|461	PF0400-C.g387	29.642	307	166	11	55	347	2406	2676	6.64e-28	118
PfGA01_030032000|DBLa|1|75|461	PF0400-C.g387	27.338	278	145	9	55	316	899	1135	7.41e-23	103
PfGA01_030032000|DBLa|1|75|461	PF0400-C.g387	25.084	299	173	10	42	322	2792	3057	3.32e-14	77.0
PfGA01_030032000|DBLa|1|75|461	PF0400-C.g387	24.199	281	159	8	52	317	1284	1525	1.37e-10	65.9
PfGA01_030032000|DBLa|1|75|461	SenV092.05.g251	89.031	392	38	2	1	387	75	466	0.0	717
PfGA01_030032000|DBLa|1|75|461	SenV092.05.g251	30.847	295	171	7	118	387	1755	2041	7.24e-29	121
PfGA01_030032000|DBLa|1|75|461	SenV092.05.g251	35.648	216	105	8	55	254	2455	2652	2.91e-26	113
PfGA01_030032000|DBLa|1|75|461	SenV092.05.g251	27.564	312	176	11	55	348	892	1171	1.20e-21	99.8
PfGA01_030032000|DBLa|1|75|461	SenV092.05.g251	25.084	299	173	10	42	322	2847	3112	3.77e-14	77.0
PfGA01_030032000|DBLa|1|75|461	SenV092.05.g251	23.871	310	190	10	51	339	1289	1573	5.70e-12	70.1
PfGA01_030032000|DBLa|1|75|461	PA0075-C.g113	86.990	392	46	2	1	387	76	467	0.0	701
PfGA01_030032000|DBLa|1|75|461	PA0075-C.g113	33.108	296	133	12	55	326	863	1117	8.31e-30	124
PfGA01_030032000|DBLa|1|75|461	PA0022-C.g58	86.990	392	46	2	1	387	76	467	0.0	701
PfGA01_030032000|DBLa|1|75|461	PA0022-C.g58	33.108	296	133	12	55	326	863	1117	5.84e-30	124
PfGA01_030032000|DBLa|1|75|461	PA0022-C.g58	28.354	328	199	10	81	387	1779	2091	3.17e-22	101
PfGA01_030032000|DBLa|1|75|461	PA0022-C.g58	26.557	305	173	10	51	340	1347	1615	7.70e-15	79.0
PfGA01_030032000|CIDRd|1|462|717	PF0180-C.g425	92.188	256	20	0	1	256	476	731	2.05e-140	437
PfGA01_030032000|CIDRd|1|462|717	PF0180-C.g425	32.296	257	170	3	1	255	2068	2322	4.53e-36	138
PfGA01_030032000|CIDRd|1|462|717	QE0466-C.g227	80.859	256	49	0	1	256	462	717	7.19e-137	427
PfGA01_030032000|CIDRd|1|462|717	QE0466-C.g227	28.111	217	137	5	40	250	2268	2471	3.80e-18	85.9
PfGA01_030032000|CIDRd|1|462|717	PA0059-C.g345	89.883	257	25	1	1	256	462	718	8.24e-137	420
PfGA01_030032000|CIDRd|1|462|717	PV0020-C.g14	80.859	256	49	0	1	256	444	699	1.95e-136	426
PfGA01_030032000|CIDRd|1|462|717	PV0020-C.g14	35.088	228	139	7	33	256	2267	2489	1.27e-28	116
PfGA01_030032000|CIDRd|1|462|717	QE0467-C.g499	80.859	256	49	0	1	256	461	716	8.20e-136	424
PfGA01_030032000|CIDRd|1|462|717	QE0467-C.g499	31.452	248	152	5	7	250	1822	2055	1.03e-25	108
PfGA01_030032000|DBLb|1|747|1215	SenV092.05.g251	84.100	478	65	6	1	469	748	1223	0.0	768
PfGA01_030032000|DBLb|1|747|1215	SenV092.05.g251	41.797	512	212	19	1	469	2328	2796	6.99e-98	325
PfGA01_030032000|DBLb|1|747|1215	SenV092.05.g251	29.221	308	161	12	144	411	129	419	3.12e-22	103
PfGA01_030032000|DBLb|1|747|1215	SenV092.05.g251	26.032	315	153	12	143	410	1292	1573	7.54e-11	67.4
PfGA01_030032000|DBLb|1|747|1215	SenV092.05.g251	24.382	283	138	11	143	385	2859	3105	7.33e-09	60.8
PfGA01_030032000|DBLb|1|747|1215	PA0229-C.g171	81.930	487	68	5	1	469	761	1245	0.0	751
PfGA01_030032000|DBLb|1|747|1215	PA0229-C.g171	33.416	401	196	12	122	469	2118	2500	1.60e-52	193
PfGA01_030032000|DBLb|1|747|1215	PA0229-C.g171	28.710	310	168	11	144	411	129	427	8.75e-23	104
PfGA01_030032000|DBLb|1|747|1215	PA0229-C.g171	27.969	261	144	9	141	398	2555	2774	4.30e-18	90.1
PfGA01_030032000|DBLb|1|747|1215	PA0229-C.g171	27.338	278	150	11	141	387	1677	1933	6.78e-16	83.2
PfGA01_030032000|DBLb|1|747|1215	PA0229-C.g171	23.853	327	186	12	143	436	1312	1608	5.26e-12	70.9
PfGA01_030032000|DBLb|1|747|1215	SenT232.08.g414	81.930	487	68	5	1	469	761	1245	0.0	751
PfGA01_030032000|DBLb|1|747|1215	SenT232.08.g414	33.416	401	196	12	122	469	2118	2500	1.60e-52	193
PfGA01_030032000|DBLb|1|747|1215	SenT232.08.g414	28.710	310	168	11	144	411	129	427	8.75e-23	104
PfGA01_030032000|DBLb|1|747|1215	SenT232.08.g414	27.969	261	144	9	141	398	2555	2774	4.30e-18	90.1
PfGA01_030032000|DBLb|1|747|1215	SenT232.08.g414	27.338	278	150	11	141	387	1677	1933	6.78e-16	83.2
PfGA01_030032000|DBLb|1|747|1215	SenT232.08.g414	23.853	327	186	12	143	436	1312	1608	5.26e-12	70.9
PfGA01_030032000|DBLb|1|747|1215	PF0180-C.g425	80.933	493	66	6	1	469	761	1249	0.0	743
PfGA01_030032000|DBLb|1|747|1215	PF0180-C.g425	35.121	373	201	13	121	469	2802	3157	4.24e-52	192
PfGA01_030032000|DBLb|1|747|1215	PF0180-C.g425	27.174	368	201	15	144	469	130	472	5.12e-23	105
PfGA01_030032000|DBLb|1|747|1215	PF0180-C.g425	27.692	260	147	8	141	397	3212	3433	5.21e-18	90.1
PfGA01_030032000|DBLb|1|747|1215	PF0180-C.g425	25.938	320	175	13	143	423	1314	1610	1.89e-14	79.0
PfGA01_030032000|DBLb|1|747|1215	PF0180-C.g425	24.723	271	172	8	135	387	2408	2664	4.66e-08	58.5
PfGA01_030032000|DBLb|1|747|1215	QG0202-C.g767	78.455	492	79	7	1	469	748	1235	0.0	735
PfGA01_030032000|DBLb|1|747|1215	QG0202-C.g767	47.071	495	198	15	1	469	2333	2789	1.38e-123	399
PfGA01_030032000|DBLb|1|747|1215	QG0202-C.g767	27.019	359	197	13	143	464	2848	3178	2.72e-24	109
PfGA01_030032000|DBLb|1|747|1215	QG0202-C.g767	29.934	304	159	12	144	411	129	414	4.19e-22	102
PfGA01_030032000|DBLb|1|747|1215	QG0202-C.g767	22.986	509	312	17	1	469	1168	1636	5.91e-17	86.7
PfGA01_030032000|DBLg|1|1231|1593	PA0092-C.g171	97.521	363	9	0	1	363	1280	1642	0.0	736
PfGA01_030032000|DBLg|1|1231|1593	PA0092-C.g171	38.298	329	172	12	18	332	1663	1974	7.64e-53	190
PfGA01_030032000|DBLg|1|1231|1593	PA0092-C.g171	23.569	297	185	7	39	312	122	399	1.28e-15	80.9
PfGA01_030032000|DBLg|1|1231|1593	PA0092-C.g171	24.172	302	166	9	30	302	888	1155	8.74e-11	66.2
PfGA01_030032000|DBLg|1|1231|1593	QE0469-C.g698	95.592	363	16	0	1	363	318	680	0.0	723
PfGA01_030032000|DBLg|1|1231|1593	QE0469-C.g698	39.936	313	161	12	30	332	717	1012	6.20e-54	193
PfGA01_030032000|DBLg|1|1231|1593	QE0469-C.g698	24.664	223	115	7	110	302	6	205	5.69e-09	60.5
PfGA01_030032000|DBLg|1|1231|1593	QE0470-C.g416	95.592	363	16	0	1	363	1267	1629	0.0	722
PfGA01_030032000|DBLg|1|1231|1593	QE0470-C.g416	39.936	313	161	12	30	332	1666	1961	5.45e-54	194
PfGA01_030032000|DBLg|1|1231|1593	QE0470-C.g416	24.837	306	161	12	30	302	885	1154	1.08e-11	68.9
PfGA01_030032000|DBLg|1|1231|1593	QE0470-C.g416	23.208	293	179	8	43	310	127	398	1.38e-08	59.3
PfGA01_030032000|DBLg|1|1231|1593	PV0287-C.g46	95.592	363	16	0	1	363	1274	1636	0.0	722
PfGA01_030032000|DBLg|1|1231|1593	PV0287-C.g46	39.936	313	161	12	30	332	1673	1968	4.21e-54	194
PfGA01_030032000|DBLg|1|1231|1593	PV0287-C.g46	24.752	303	160	12	30	302	897	1161	6.01e-11	66.6
PfGA01_030032000|DBLg|1|1231|1593	PV0287-C.g46	20.608	296	165	7	43	301	127	389	4.25e-09	60.8
PfGA01_030032000|DBLg|1|1231|1593	QE0481-C.g372	95.592	363	16	0	1	363	1266	1628	0.0	722
PfGA01_030032000|DBLg|1|1231|1593	QE0481-C.g372	39.936	313	161	12	30	332	1665	1960	5.25e-54	194
PfGA01_030032000|DBLg|1|1231|1593	QE0481-C.g372	24.837	306	161	12	30	302	884	1153	1.28e-11	68.6
PfGA01_030032000|DBLg|1|1231|1593	QE0481-C.g372	23.208	293	179	8	43	310	126	397	1.36e-08	59.3
PfGA01_030032000|DBLg|2|1598|1960	PT0095-C.g737	80.628	382	49	4	1	363	2058	2433	0.0	615
PfGA01_030032000|DBLg|2|1598|1960	PT0095-C.g737	46.757	370	144	11	30	363	1699	2051	3.84e-88	292
PfGA01_030032000|DBLg|2|1598|1960	PT0095-C.g737	28.455	369	155	12	27	290	2606	2970	2.67e-32	130
PfGA01_030032000|DBLg|2|1598|1960	PT0095-C.g737	25.857	321	205	10	34	323	108	426	6.33e-17	85.1
PfGA01_030032000|DBLg|2|1598|1960	PT0095-C.g737	27.817	284	149	10	49	306	1312	1565	4.30e-15	79.3
PfGA01_030032000|DBLg|2|1598|1960	PT0095-C.g737	31.677	161	86	5	143	303	909	1045	1.22e-13	75.1
PfGA01_030032000|DBLg|2|1598|1960	PF0725-C.g772	65.722	388	105	7	1	363	1626	2010	1.65e-153	480
PfGA01_030032000|DBLg|2|1598|1960	PF0725-C.g772	41.155	277	128	7	30	283	1287	1551	5.11e-54	194
PfGA01_030032000|DBLg|2|1598|1960	PF0725-C.g772	25.059	427	165	13	13	294	2190	2606	1.63e-20	95.9
PfGA01_030032000|DBLg|2|1598|1960	PF0725-C.g772	25.962	312	185	11	33	316	831	1124	1.12e-19	93.2
PfGA01_030032000|DBLg|2|1598|1960	PF0725-C.g772	24.232	293	171	9	34	285	108	390	2.03e-13	74.3
PfGA01_030032000|DBLg|2|1598|1960	QE0424-C.g828	66.038	371	111	7	1	363	1235	1598	5.41e-151	473
PfGA01_030032000|DBLg|2|1598|1960	QE0424-C.g828	33.837	331	182	12	44	363	1690	1994	1.36e-39	152
PfGA01_030032000|DBLg|2|1598|1960	QE0424-C.g828	25.670	261	154	10	49	285	867	1111	4.21e-16	82.4
PfGA01_030032000|DBLg|2|1598|1960	QE0424-C.g828	24.262	305	169	10	41	306	119	400	2.02e-11	68.2
PfGA01_030032000|DBLg|2|1598|1960	QE0424-C.g828	22.785	316	178	12	33	306	2081	2372	7.06e-09	60.1
PfGA01_030032000|DBLg|2|1598|1960	PC0083-C.g268	62.205	381	115	6	1	363	448	817	2.11e-148	446
PfGA01_030032000|DBLg|2|1598|1960	PC0083-C.g268	43.455	382	179	12	1	363	39	402	9.78e-79	262
PfGA01_030032000|DBLg|2|1598|1960	PC0025-C.g21	62.205	381	115	6	1	363	463	832	3.50e-148	446
PfGA01_030032000|DBLg|2|1598|1960	PC0025-C.g21	43.455	382	179	12	1	363	54	417	1.30e-78	262
PfGA01_030032000|DBLd|1|2132|2574	PF0152-C.g81	97.309	446	9	1	1	443	1796	2241	0.0	887
PfGA01_030032000|DBLd|1|2132|2574	PF0152-C.g81	33.766	308	125	10	1	300	1307	1543	3.64e-33	135
PfGA01_030032000|DBLd|1|2132|2574	PF0152-C.g81	27.027	333	182	12	136	443	184	480	5.21e-19	92.8
PfGA01_030032000|DBLd|1|2132|2574	QG0195-C.g973	57.087	508	145	10	1	443	2156	2655	9.19e-169	528
PfGA01_030032000|DBLd|1|2132|2574	QG0195-C.g973	32.432	444	196	17	1	438	1629	1974	1.50e-43	166
PfGA01_030032000|DBLd|1|2132|2574	QG0195-C.g973	34.097	349	143	14	27	366	1287	1557	1.39e-37	148
PfGA01_030032000|DBLd|1|2132|2574	QG0195-C.g973	26.183	317	192	9	136	443	190	473	9.15e-22	101
PfGA01_030032000|DBLd|1|2132|2574	PT0299-Cx.g780	56.151	504	159	9	1	443	2093	2595	1.18e-167	524
PfGA01_030032000|DBLd|1|2132|2574	PT0299-Cx.g780	30.585	376	179	17	1	365	1233	1537	2.40e-34	139
PfGA01_030032000|DBLd|1|2132|2574	PT0299-Cx.g780	28.165	316	177	7	139	443	185	461	3.29e-27	117
PfGA01_030032000|DBLd|1|2132|2574	PT0299-Cx.g780	24.390	328	174	10	47	371	1647	1903	6.73e-12	70.5
PfGA01_030032000|DBLd|1|2132|2574	PT0299-Cx.g780	24.138	319	165	13	118	428	924	1173	5.55e-10	64.3
PfGA01_030032000|DBLd|1|2132|2574	SenT128.08.g74	62.039	461	155	10	1	443	1138	1596	7.03e-165	512
PfGA01_030032000|DBLd|1|2132|2574	SenT128.08.g74	32.527	372	166	13	1	366	782	1074	1.23e-34	139
PfGA01_030032000|DBLd|1|2132|2574	PM0113-C.g350	56.879	487	165	9	1	443	2082	2567	2.69e-163	512
PfGA01_030032000|DBLd|1|2132|2574	PM0113-C.g350	35.347	331	143	15	1	318	812	1084	2.44e-38	150
PfGA01_030032000|DBLd|1|2132|2574	PM0113-C.g350	30.874	366	180	15	1	360	1567	1865	9.10e-37	146
PfGA01_030032000|DBLd|1|2132|2574	PM0113-C.g350	26.299	308	133	12	71	369	1245	1467	4.50e-10	64.7
PfGA01_030032000|CIDRb|1|2575|2823	PF0152-C.g81	100.000	249	0	0	1	249	2242	2490	1.67e-164	506
PfGA01_030032000|CIDRb|1|2575|2823	PA0193-C.g605	68.379	253	72	6	1	249	1343	1591	4.23e-103	330
PfGA01_030032000|CIDRb|1|2575|2823	PF0590-C.g794	66.532	248	82	1	1	247	1327	1574	5.22e-101	323
PfGA01_030032000|CIDRb|1|2575|2823	PM0108-C.g1058	66.403	253	77	5	1	249	1376	1624	3.88e-100	321
PfGA01_030032000|CIDRb|1|2575|2823	PF0638-C.g8569	64.143	251	86	3	1	249	1453	1701	5.98e-100	321
PfGA01_030032000|ATS|1|2935|3379	PfKE02.g50	84.187	449	66	4	1	445	2565	3012	0.0	758
PfGA01_030032000|ATS|1|2935|3379	PA0161-C.g176	83.736	455	60	5	1	445	2533	2983	0.0	757
PfGA01_030032000|ATS|1|2935|3379	PC0104-C.g47	83.929	448	69	2	1	445	3045	3492	0.0	757
PfGA01_030032000|ATS|1|2935|3379	PD0550-C.g459	86.547	446	58	2	1	445	2359	2803	0.0	754
PfGA01_030032000|ATS|1|2935|3379	PD0549-C.g105	86.547	446	58	2	1	445	2719	3163	0.0	754
PfGA01_030032200|NTS|1|1|64	PA0197-C.g866	69.231	65	17	2	1	64	1	63	3.64e-20	84.0
PfGA01_030032200|NTS|1|1|64	QG0226-C.g15	70.492	61	15	2	1	61	1	58	1.71e-18	79.0
PfGA01_030032200|NTS|1|1|64	PV0286-C.g43	61.905	63	24	0	1	63	1	63	2.84e-18	78.6
PfGA01_030032200|NTS|1|1|64	PV0285-C.g59	61.905	63	24	0	1	63	1	63	2.87e-18	78.6
PfGA01_030032200|NTS|1|1|64	PH0510-C.g895	63.934	61	22	0	1	61	1	61	1.37e-17	76.6
PfGA01_030032200|DBLa|1|65|489	PM0138-C.g55	69.565	437	118	6	1	425	178	611	0.0	605
PfGA01_030032200|DBLa|1|65|489	PM0138-C.g55	32.787	244	115	8	49	273	1057	1270	1.24e-26	115
PfGA01_030032200|DBLa|1|65|489	PM0138-C.g55	30.000	190	109	6	241	425	2160	2330	1.78e-13	75.1
PfGA01_030032200|DBLa|1|65|489	PM0138-C.g55	25.081	307	157	12	40	321	1465	1723	5.84e-10	64.3
PfGA01_030032200|DBLa|1|65|489	PA0214-C.g528	71.982	439	97	10	1	425	75	501	0.0	601
PfGA01_030032200|DBLa|1|65|489	PA0214-C.g528	30.137	292	139	9	60	334	876	1119	2.73e-24	108
PfGA01_030032200|DBLa|1|65|489	PA0214-C.g528	24.603	252	142	6	123	340	1537	1774	1.53e-15	81.6
PfGA01_030032200|DBLa|1|65|489	QG0187-C.g555	65.859	454	119	11	1	425	61	507	0.0	561
PfGA01_030032200|DBLa|1|65|489	QG0187-C.g555	24.931	361	198	14	103	425	1012	1337	1.10e-16	85.1
PfGA01_030032200|DBLa|1|65|489	PA0168-C.g470	67.356	435	122	9	1	425	62	486	0.0	561
PfGA01_030032200|DBLa|1|65|489	PA0168-C.g470	28.319	339	162	13	62	387	866	1136	2.45e-25	111
PfGA01_030032200|DBLa|1|65|489	PA0168-C.g470	29.126	206	126	6	224	425	1590	1779	6.75e-13	73.6
PfGA01_030032200|DBLa|1|65|489	PM0062-C.g591	67.356	435	122	9	1	425	62	486	0.0	560
PfGA01_030032200|DBLa|1|65|489	PM0062-C.g591	28.319	339	162	13	62	387	866	1136	3.31e-25	110
PfGA01_030032200|CIDRa|1|490|759	PM0041-C.g238	70.748	294	59	5	1	270	542	832	6.29e-131	406
PfGA01_030032200|CIDRa|1|490|759	PFKE07.g843	63.605	294	70	5	1	263	489	776	1.04e-110	352
PfGA01_030032200|CIDRa|1|490|759	PF0157-C.g730	65.371	283	69	6	1	263	486	759	2.59e-109	348
PfGA01_030032200|CIDRa|1|490|759	PA0187-C.g790	61.438	306	74	4	1	267	505	805	6.41e-108	344
PfGA01_030032200|CIDRa|1|490|759	PC0107-C.g757	66.308	279	69	8	1	261	501	772	3.63e-107	342
PfGA01_030032200|DBLd|1|853|1324	PT0095-C.g579	54.667	525	166	13	4	472	883	1391	3.21e-165	511
PfGA01_030032200|DBLd|1|853|1324	PT0095-C.g579	23.574	263	150	8	154	409	195	413	5.07e-07	55.1
PfGA01_030032200|DBLd|1|853|1324	SenT185.10.g1954	50.823	547	177	13	4	472	500	1032	4.98e-160	487
PfGA01_030032200|DBLd|1|853|1324	SenT052.11.g493	50.640	547	178	12	4	472	455	987	4.92e-159	487
PfGA01_030032200|DBLd|1|853|1324	SenT022.11.g436	50.823	547	177	13	4	472	894	1426	2.17e-156	486
PfGA01_030032200|DBLd|1|853|1324	PA0008-C.g257	54.856	556	166	15	1	472	845	1399	8.87e-153	483
PfGA01_030032200|DBLd|1|853|1324	PA0008-C.g257	31.731	104	67	2	309	412	303	402	1.96e-08	59.7
PfGA01_030032200|CIDRb|1|1325|1571	PA0068-C.g590	94.828	232	12	0	1	232	1489	1720	5.57e-151	462
PfGA01_030032200|CIDRb|1|1325|1571	PA0069-C.g457	94.828	232	12	0	1	232	1493	1724	8.75e-151	463
PfGA01_030032200|CIDRb|1|1325|1571	PM0073-C.g539	83.404	235	36	1	1	232	765	999	3.48e-137	415
PfGA01_030032200|CIDRb|1|1325|1571	PF0314-C.g531	80.672	238	46	0	1	238	1407	1644	1.74e-129	404
PfGA01_030032200|CIDRb|1|1325|1571	PH0592-C.g17	72.727	242	65	1	1	241	731	972	3.25e-119	367
PfGA01_030032200|ATS|1|1680|2165	PV0229-C.g26	80.855	491	61	5	1	486	1803	2265	0.0	764
PfGA01_030032200|ATS|1|1680|2165	PC0104-C.g515	81.563	499	69	10	1	486	1694	2182	0.0	744
PfGA01_030032200|ATS|1|1680|2165	PA0245-C.g998	78.074	488	75	5	1	486	1706	2163	0.0	737
PfGA01_030032200|ATS|1|1680|2165	PD0549-C.g516	78.645	487	64	8	1	486	2187	2634	0.0	727
PfGA01_030032200|ATS|1|1680|2165	PD0511-C.g583	78.645	487	64	8	1	486	2187	2634	0.0	727
PfGA01_040005800|NTS|1|1|68	PF0098-C.g65	100.000	68	0	0	1	68	1	68	3.00e-40	141
PfGA01_040005800|NTS|1|1|68	PD0474-C.g216	100.000	68	0	0	1	68	1	68	3.16e-40	141
PfGA01_040005800|NTS|1|1|68	PD0519-C.g522	100.000	68	0	0	1	68	1	68	5.65e-40	140
PfGA01_040005800|NTS|1|1|68	PD0481-C.g375	100.000	68	0	0	1	68	1	68	5.65e-40	140
PfGA01_040005800|NTS|1|1|68	PD0473-C.g426	100.000	68	0	0	1	68	1	68	6.53e-40	140
PfGA01_040005800|DBLa|1|69|464	PF0359-C.g155	86.364	396	54	0	1	396	69	464	0.0	711
PfGA01_040005800|DBLa|1|69|464	PF0359-C.g155	25.806	279	163	9	53	323	802	1044	1.69e-17	87.0
PfGA01_040005800|DBLa|1|69|464	PF0359-C.g155	27.132	258	122	10	93	350	1232	1423	2.17e-12	71.2
PfGA01_040005800|DBLa|1|69|464	PA0254-C.g144	80.808	396	72	1	1	396	69	460	0.0	665
PfGA01_040005800|DBLa|1|69|464	PA0254-C.g144	33.025	324	188	8	6	325	1568	1866	4.18e-45	169
PfGA01_040005800|DBLa|1|69|464	PA0254-C.g144	25.714	280	154	12	46	325	2008	2233	1.51e-11	68.9
PfGA01_040005800|DBLa|1|69|464	PA0254-C.g144	26.147	218	145	8	53	264	798	1005	8.50e-11	66.6
PfGA01_040005800|DBLa|1|69|464	PA0254-C.g144	22.143	280	135	8	93	372	1233	1429	1.23e-09	62.8
PfGA01_040005800|DBLa|1|69|464	PFKE11.g264	79.798	396	80	0	1	396	69	464	0.0	659
PfGA01_040005800|DBLa|1|69|464	PFKE11.g264	30.328	366	183	11	21	368	1897	2208	7.78e-33	133
PfGA01_040005800|DBLa|1|69|464	PFKE11.g264	28.485	330	171	15	19	330	2307	2589	1.06e-21	100
PfGA01_040005800|DBLa|1|69|464	PFKE11.g264	25.260	289	182	6	120	396	1254	1520	2.71e-21	99.0
PfGA01_040005800|DBLa|1|69|464	PFKE11.g264	23.810	294	177	11	53	334	801	1059	6.30e-10	63.9
PfGA01_040005800|DBLa|1|69|464	QE0452-C.g267	81.108	397	70	3	1	396	69	461	0.0	659
PfGA01_040005800|DBLa|1|69|464	QE0452-C.g267	33.754	317	181	8	11	323	1574	1865	1.39e-42	162
PfGA01_040005800|DBLa|1|69|464	QE0452-C.g267	24.735	283	166	11	53	323	799	1046	1.25e-11	68.9
PfGA01_040005800|DBLa|1|69|464	QE0452-C.g267	25.177	282	155	11	46	322	2009	2239	1.30e-11	68.9
PfGA01_040005800|DBLa|1|69|464	QE0452-C.g267	24.681	235	121	10	117	351	1247	1425	6.37e-10	63.9
PfGA01_040005800|DBLa|1|69|464	PV0276-C.g25	81.108	397	70	3	1	396	69	461	0.0	657
PfGA01_040005800|DBLa|1|69|464	PV0276-C.g25	33.230	322	186	8	6	323	1569	1865	1.56e-42	161
PfGA01_040005800|DBLa|1|69|464	PV0276-C.g25	24.286	280	177	8	50	323	796	1046	9.35e-12	69.3
PfGA01_040005800|DBLa|1|69|464	PV0276-C.g25	24.786	234	120	10	117	350	1247	1424	7.69e-10	63.5
PfGA01_040005800|DBLg|1|760|1110	PA0173-C.g160	100.000	351	0	0	1	351	754	1104	0.0	729
PfGA01_040005800|DBLg|1|760|1110	PA0173-C.g160	26.490	302	173	10	37	322	1159	1427	3.90e-21	97.4
PfGA01_040005800|DBLg|1|760|1110	PA0173-C.g160	26.241	282	166	10	29	283	1590	1856	3.99e-17	85.5
PfGA01_040005800|DBLg|1|760|1110	PA0173-C.g160	28.523	298	157	15	38	323	2004	2257	4.97e-17	85.1
PfGA01_040005800|DBLg|1|760|1110	PA0173-C.g160	25.818	275	168	11	38	283	118	385	4.14e-14	76.3
PfGA01_040005800|DBLg|1|760|1110	PA0253-C.g1367	100.000	351	0	0	1	351	755	1105	0.0	727
PfGA01_040005800|DBLg|1|760|1110	PA0253-C.g1367	26.490	302	173	10	37	322	1160	1428	4.15e-21	97.4
PfGA01_040005800|DBLg|1|760|1110	PA0253-C.g1367	26.316	285	162	11	29	283	1591	1857	3.28e-17	85.5
PfGA01_040005800|DBLg|1|760|1110	PA0253-C.g1367	28.523	298	157	15	38	323	2005	2258	5.10e-17	85.1
PfGA01_040005800|DBLg|1|760|1110	PA0253-C.g1367	23.279	305	176	11	38	305	119	402	9.08e-12	68.9
PfGA01_040005800|DBLg|1|760|1110	PA0085-C.g129	100.000	351	0	0	1	351	755	1105	0.0	726
PfGA01_040005800|DBLg|1|760|1110	PA0085-C.g129	26.230	305	176	10	37	325	1160	1431	4.21e-21	97.4
PfGA01_040005800|DBLg|1|760|1110	PA0085-C.g129	26.316	285	162	11	29	283	1591	1857	3.76e-17	85.5
PfGA01_040005800|DBLg|1|760|1110	PA0085-C.g129	22.968	283	166	9	38	283	119	386	9.66e-12	68.9
PfGA01_040005800|DBLg|1|760|1110	PA0075-C.g161	100.000	351	0	0	1	351	741	1091	0.0	726
PfGA01_040005800|DBLg|1|760|1110	PA0075-C.g161	25.000	272	163	8	37	292	1146	1392	3.40e-16	82.4
PfGA01_040005800|DBLg|1|760|1110	PA0075-C.g161	22.968	283	166	9	38	283	105	372	7.40e-12	69.3
PfGA01_040005800|DBLg|1|760|1110	PF0359-C.g155	94.051	353	18	3	1	351	761	1112	0.0	672
PfGA01_040005800|DBLg|1|760|1110	PF0359-C.g155	26.230	305	176	10	37	325	1167	1438	2.45e-21	97.8
PfGA01_040005800|DBLg|1|760|1110	PF0359-C.g155	26.648	349	202	14	38	339	118	459	9.64e-16	80.9
PfGA01_040005800|DBLe|1|1118|1457	PA0173-C.g160	100.000	340	0	0	1	340	1112	1451	0.0	697
PfGA01_040005800|DBLe|1|1118|1457	PA0173-C.g160	25.836	329	194	11	48	340	790	1104	2.72e-21	97.4
PfGA01_040005800|DBLe|1|1118|1457	PA0173-C.g160	29.218	243	135	9	53	285	2008	2223	1.75e-19	92.0
PfGA01_040005800|DBLe|1|1118|1457	PA0173-C.g160	28.114	281	148	10	56	292	125	395	2.52e-15	79.7
PfGA01_040005800|DBLe|1|1118|1457	PA0173-C.g160	23.577	369	181	16	55	340	1604	1954	9.81e-07	53.1
PfGA01_040005800|DBLe|1|1118|1457	SenT105.07.g247	100.000	340	0	0	1	340	1118	1457	0.0	696
PfGA01_040005800|DBLe|1|1118|1457	SenT105.07.g247	27.458	295	164	10	55	316	804	1081	1.72e-19	92.0
PfGA01_040005800|DBLe|1|1118|1457	SenT105.07.g247	24.830	294	161	13	56	301	125	406	2.82e-11	67.4
PfGA01_040005800|DBLe|1|1118|1457	PA0253-C.g1367	100.000	340	0	0	1	340	1113	1452	0.0	696
PfGA01_040005800|DBLe|1|1118|1457	PA0253-C.g1367	25.836	329	194	11	48	340	791	1105	3.14e-21	97.4
PfGA01_040005800|DBLe|1|1118|1457	PA0253-C.g1367	28.870	239	141	8	53	285	2009	2224	2.46e-19	91.7
PfGA01_040005800|DBLe|1|1118|1457	PA0253-C.g1367	27.982	218	103	7	126	292	182	396	6.07e-10	63.2
PfGA01_040005800|DBLe|1|1118|1457	PF0359-C.g155	100.000	340	0	0	1	340	1120	1459	0.0	696
PfGA01_040005800|DBLe|1|1118|1457	PF0359-C.g155	26.962	293	169	10	55	316	805	1083	6.84e-21	96.3
PfGA01_040005800|DBLe|1|1118|1457	PF0359-C.g155	26.829	287	150	12	56	292	125	401	1.05e-13	74.7
PfGA01_040005800|DBLe|1|1118|1457	PT0262-C.g494	100.000	340	0	0	1	340	1126	1465	0.0	695
PfGA01_040005800|DBLe|1|1118|1457	PT0262-C.g494	25.430	291	182	8	54	316	806	1089	2.89e-19	91.7
PfGA01_040005800|DBLe|1|1118|1457	PT0262-C.g494	27.488	211	101	8	126	286	186	394	4.87e-13	72.8
PfGA01_040005800|DBLz|1|1516|1960	PA0253-C.g1367	99.775	445	1	0	1	445	1511	1955	0.0	918
PfGA01_040005800|DBLz|1|1516|1960	PA0253-C.g1367	33.571	280	157	8	87	347	117	386	7.81e-36	143
PfGA01_040005800|DBLz|1|1516|1960	PA0253-C.g1367	26.241	282	166	10	81	347	783	1037	3.68e-18	90.1
PfGA01_040005800|DBLz|1|1516|1960	PA0253-C.g1367	29.091	220	112	9	93	309	2009	2187	4.19e-13	74.3
PfGA01_040005800|DBLz|1|1516|1960	PA0253-C.g1367	23.598	428	199	18	63	445	1108	1452	7.84e-09	60.8
PfGA01_040005800|DBLz|1|1516|1960	PA0173-C.g160	99.551	445	2	0	1	445	1510	1954	0.0	914
PfGA01_040005800|DBLz|1|1516|1960	PA0173-C.g160	33.548	310	163	9	67	347	90	385	2.65e-35	142
PfGA01_040005800|DBLz|1|1516|1960	PA0173-C.g160	26.241	282	166	10	81	347	782	1036	3.74e-18	90.1
PfGA01_040005800|DBLz|1|1516|1960	PA0173-C.g160	29.091	220	112	9	93	309	2008	2186	3.69e-13	74.3
PfGA01_040005800|DBLz|1|1516|1960	PA0173-C.g160	24.065	428	197	19	63	445	1107	1451	6.27e-09	60.8
PfGA01_040005800|DBLz|1|1516|1960	PT0262-C.g494	99.551	445	2	0	1	445	1524	1968	0.0	910
PfGA01_040005800|DBLz|1|1516|1960	PT0262-C.g494	29.101	378	226	11	56	403	79	444	1.80e-37	148
PfGA01_040005800|DBLz|1|1516|1960	PT0262-C.g494	24.638	276	171	9	86	347	798	1050	1.09e-14	79.3
PfGA01_040005800|DBLz|1|1516|1960	PT0262-C.g494	23.131	428	201	17	63	445	1121	1465	5.88e-09	61.2
PfGA01_040005800|DBLz|1|1516|1960	PA0075-C.g162	99.101	445	4	0	1	445	1528	1972	0.0	909
PfGA01_040005800|DBLz|1|1516|1960	PA0075-C.g162	36.331	278	153	6	87	347	129	399	4.10e-40	156
PfGA01_040005800|DBLz|1|1516|1960	PA0075-C.g162	23.948	309	197	10	54	347	770	1055	8.58e-15	79.7
PfGA01_040005800|DBLz|1|1516|1960	PA0075-C.g162	29.412	221	110	10	93	309	2026	2204	1.03e-11	69.7
PfGA01_040005800|DBLz|1|1516|1960	PA0075-C.g162	21.649	388	208	12	75	445	1161	1469	2.24e-09	62.4
PfGA01_040005800|DBLz|1|1516|1960	QG0201-C.g317	97.528	445	11	0	1	445	1527	1971	0.0	897
PfGA01_040005800|DBLz|1|1516|1960	QG0201-C.g317	31.746	315	173	11	59	341	86	390	4.82e-35	141
PfGA01_040005800|DBLz|1|1516|1960	QG0201-C.g317	25.912	274	171	7	86	347	801	1054	1.58e-15	82.0
PfGA01_040005800|DBLz|1|1516|1960	QG0201-C.g317	27.397	219	117	8	93	309	2025	2203	1.41e-11	69.3
PfGA01_040005800|DBLz|1|1516|1960	QG0201-C.g317	23.858	394	192	15	75	445	1160	1468	2.03e-10	65.9
PfGA01_040005800|DBLe|2|1965|2261	PA0075-C.g162	99.663	297	1	0	1	297	1977	2273	0.0	611
PfGA01_040005800|DBLe|2|1965|2261	PA0075-C.g162	28.692	237	143	7	50	265	1183	1414	1.95e-21	97.1
PfGA01_040005800|DBLe|2|1965|2261	PA0075-C.g162	26.291	213	118	8	47	223	808	1017	1.68e-13	73.2
PfGA01_040005800|DBLe|2|1965|2261	PA0075-C.g162	28.241	216	120	9	42	222	126	341	3.88e-12	69.3
PfGA01_040005800|DBLe|2|1965|2261	PA0075-C.g162	27.397	219	117	8	50	228	1620	1836	6.49e-12	68.6
PfGA01_040005800|DBLe|2|1965|2261	PA0228-C.g185	98.653	297	4	0	1	297	483	779	0.0	611
PfGA01_040005800|DBLe|2|1965|2261	PA0228-C.g185	30.374	214	115	10	49	228	129	342	5.40e-13	71.6
PfGA01_040005800|DBLe|2|1965|2261	PA0204-C.g500	98.316	297	5	0	1	297	475	771	0.0	610
PfGA01_040005800|DBLe|2|1965|2261	PA0204-C.g500	30.631	222	119	11	42	228	113	334	5.11e-13	71.6
PfGA01_040005800|DBLe|2|1965|2261	PA0152-C.g716	98.653	297	4	0	1	297	473	769	0.0	610
PfGA01_040005800|DBLe|2|1965|2261	PA0152-C.g716	28.037	214	119	9	50	228	119	332	5.06e-09	59.7
PfGA01_040005800|DBLe|2|1965|2261	PT0080-C.g519	98.653	297	4	0	1	297	475	771	0.0	610
PfGA01_040005800|DBLe|2|1965|2261	PT0080-C.g519	30.631	222	119	11	42	228	113	334	6.24e-13	71.6
PfGA01_040005800|ATS|1|2378|2806	PA0267-C.g23	94.884	430	21	1	1	429	2384	2813	0.0	798
PfGA01_040005800|ATS|1|2378|2806	QE0399-C.g743	93.256	430	23	2	1	429	893	1317	0.0	796
PfGA01_040005800|ATS|1|2378|2806	PF0789-C.g724	94.884	430	21	1	1	429	887	1316	0.0	794
PfGA01_040005800|ATS|1|2378|2806	QE0456-C.g1148	94.884	430	21	1	1	429	893	1322	0.0	793
PfGA01_040005800|ATS|1|2378|2806	QE0424-C.g794	94.884	430	21	1	1	429	893	1322	0.0	793
PfGA01_040017300|NTS|1|1|61	PT0262-C.g672	77.419	62	12	2	1	61	1	61	1.28e-22	90.9
PfGA01_040017300|NTS|1|1|61	PH0510-C.g1021	79.032	62	12	1	1	61	1	62	6.89e-22	88.6
PfGA01_040017300|NTS|1|1|61	PH0589-C.g554	72.131	61	16	1	1	61	1	60	1.20e-21	87.8
PfGA01_040017300|NTS|1|1|61	PV0256-C.g54	72.131	61	16	1	1	61	1	60	1.23e-21	87.8
PfGA01_040017300|NTS|1|1|61	PV0099-C.g80	72.131	61	16	1	1	61	1	60	1.32e-21	87.8
PfGA01_040017300|DBLa|1|62|502	PT0262-C.g672	78.667	450	82	6	1	441	62	506	0.0	704
PfGA01_040017300|DBLa|1|62|502	PT0262-C.g672	26.257	358	187	14	113	441	1065	1374	3.27e-15	80.9
PfGA01_040017300|DBLa|1|62|502	PF0152-C.g387	78.667	450	82	6	1	441	68	512	0.0	704
PfGA01_040017300|DBLa|1|62|502	PF0152-C.g387	25.956	366	189	15	113	441	1079	1399	3.43e-15	80.9
PfGA01_040017300|DBLa|1|62|502	SenT235.08.g283	78.222	450	84	7	1	441	68	512	0.0	693
PfGA01_040017300|DBLa|1|62|502	SenT235.08.g283	23.902	205	118	6	189	357	1173	1375	8.89e-09	60.5
PfGA01_040017300|DBLa|1|62|502	PD0473-C.g705	70.460	457	114	7	1	441	60	511	0.0	642
PfGA01_040017300|DBLa|1|62|502	PD0473-C.g705	28.102	274	145	6	189	441	1111	1353	9.00e-25	110
PfGA01_040017300|DBLa|1|62|502	PT0118-C.g51	70.460	457	114	7	1	441	60	511	0.0	642
PfGA01_040017300|CIDRa|1|503|798	PF0113-C.g418	78.114	297	46	5	1	296	507	785	1.50e-144	447
PfGA01_040017300|CIDRa|1|503|798	PA0184-C.g71	56.839	329	103	9	1	296	486	808	1.97e-108	340
PfGA01_040017300|CIDRa|1|503|798	PA0160-C.g286	61.074	298	99	7	1	294	192	476	3.41e-107	342
PfGA01_040017300|CIDRa|1|503|798	PA0188-C.g736	61.074	298	99	7	1	294	505	789	6.32e-107	343
PfGA01_040017300|CIDRa|1|503|798	PA0185-C.g302	57.191	299	111	6	1	294	521	807	2.10e-106	334
PfGA01_040017300|DBLd|1|876|1412	PM0021-C.g1436	53.058	556	195	19	1	537	305	813	9.84e-164	498
PfGA01_040017300|DBLd|1|876|1412	SenT150.09.g720	51.460	548	198	15	12	537	491	992	1.07e-163	502
PfGA01_040017300|DBLd|1|876|1412	QE0471-C.g916	52.995	551	206	19	1	537	897	1408	6.53e-163	508
PfGA01_040017300|DBLd|1|876|1412	QE0471-C.g916	20.275	291	170	8	189	475	177	409	9.03e-08	57.8
PfGA01_040017300|DBLd|1|876|1412	SenT125.11.g587	51.993	577	185	20	1	537	485	1009	1.97e-162	498
PfGA01_040017300|DBLd|1|876|1412	QG0282-C.g786	51.993	577	185	20	1	537	886	1410	3.07e-159	498
PfGA01_040017300|DBLd|1|876|1412	QG0282-C.g786	28.800	125	82	2	353	472	281	403	5.25e-08	58.5
PfGA01_040017300|CIDRb|1|1413|1664	PF0513-C.g476	90.295	237	22	1	1	236	1383	1619	3.09e-143	442
PfGA01_040017300|CIDRb|1|1413|1664	SenT125.11.g587	76.981	265	48	3	1	252	1010	1274	5.57e-131	402
PfGA01_040017300|CIDRb|1|1413|1664	SenT125.11.g587	30.769	182	105	8	78	244	218	393	1.65e-08	57.4
PfGA01_040017300|CIDRb|1|1413|1664	QG0282-C.g786	78.462	260	48	3	1	252	1411	1670	7.51e-130	405
PfGA01_040017300|CIDRb|1|1413|1664	QG0282-C.g786	30.769	182	105	8	78	244	619	794	1.70e-08	57.4
PfGA01_040017300|CIDRb|1|1413|1664	PA0204-C.g498	78.462	260	48	3	1	252	1436	1695	8.65e-130	406
PfGA01_040017300|CIDRb|1|1413|1664	PA0204-C.g498	30.769	182	105	8	78	244	644	819	1.71e-08	57.4
PfGA01_040017300|CIDRb|1|1413|1664	PC0069-C.g318	76.172	256	50	5	3	249	1439	1692	1.31e-117	371
PfGA01_040017300|ATS|1|1768|2215	PD0518-C.g670	99.554	448	2	0	1	448	1690	2137	0.0	928
PfGA01_040017300|ATS|1|1768|2215	PFKE12.g25	98.238	454	2	1	1	448	1712	2165	0.0	920
PfGA01_040017300|ATS|1|1768|2215	PD0585-C.g823	96.429	448	15	1	1	448	1711	2157	0.0	900
PfGA01_040017300|ATS|1|1768|2215	PH0367-C.g369	96.429	448	15	1	1	448	1614	2060	0.0	899
PfGA01_040017300|ATS|1|1768|2215	PV0028-C.g65	93.187	455	24	1	1	448	1639	2093	0.0	870
PfGA01_040017500|NTS|1|1|72	QG0282-C.g553	100.000	72	0	0	1	72	1	72	3.11e-40	141
PfGA01_040017500|NTS|1|1|72	QG0236-C.g3030	100.000	72	0	0	1	72	1	72	4.68e-40	140
PfGA01_040017500|NTS|1|1|72	PF0159-C.g710	100.000	72	0	0	1	72	1	72	4.77e-40	140
PfGA01_040017500|NTS|1|1|72	PT0225-C.g738	98.611	72	1	0	1	72	1	72	2.09e-39	139
PfGA01_040017500|NTS|1|1|72	PA0085-C.g230	95.833	72	3	0	1	72	1	72	4.43e-39	138
PfGA01_040017500|DBLa|1|73|496	QG0236-C.g3030	100.000	424	0	0	1	424	73	496	0.0	894
PfGA01_040017500|DBLa|1|73|496	QG0236-C.g3030	25.000	364	183	15	112	424	1067	1391	2.64e-14	77.8
PfGA01_040017500|DBLa|1|73|496	PA0253-C.g945	87.385	436	43	3	1	424	73	508	0.0	776
PfGA01_040017500|DBLa|1|73|496	PA0253-C.g945	24.022	358	183	12	115	424	1031	1347	4.84e-16	83.2
PfGA01_040017500|DBLa|1|73|496	PA0134-C.g865	88.263	426	44	3	1	424	73	494	0.0	772
PfGA01_040017500|DBLa|1|73|496	PA0134-C.g865	25.459	381	197	14	96	424	1065	1410	6.87e-18	89.0
PfGA01_040017500|DBLa|1|73|496	PM0021-C.g807	88.263	426	44	3	1	424	73	494	0.0	772
PfGA01_040017500|DBLa|1|73|496	PM0021-C.g807	25.459	381	197	14	96	424	1065	1410	6.87e-18	89.0
PfGA01_040017500|DBLa|1|73|496	PF0754-C.g748	88.263	426	44	3	1	424	73	494	0.0	772
PfGA01_040017500|DBLa|1|73|496	PF0754-C.g748	25.905	359	185	13	112	424	1087	1410	6.57e-18	89.0
PfGA01_040017500|CIDRa|1|497|786	QG0236-C.g3030	100.000	290	0	0	1	290	497	786	0.0	595
PfGA01_040017500|CIDRa|1|497|786	QE0469-C.g99	62.583	302	97	4	1	287	510	810	1.76e-116	363
PfGA01_040017500|CIDRa|1|497|786	PC0065-C.g14	73.841	302	64	5	1	288	526	826	3.08e-115	366
PfGA01_040017500|CIDRa|1|497|786	PM0156-C.g727	63.245	302	95	9	1	288	536	835	2.57e-108	338
PfGA01_040017500|CIDRa|1|497|786	PFKE10.g217	63.576	302	94	9	1	288	531	830	4.96e-107	340
PfGA01_040017500|DBLd|1|859|1373	PfKE04.g366	86.460	517	49	4	1	515	862	1359	0.0	871
PfGA01_040017500|DBLd|1|859|1373	PfKE04.g366	22.006	309	173	11	192	478	184	446	3.21e-09	62.4
PfGA01_040017500|DBLd|1|859|1373	QG0236-C.g3030	68.488	549	116	9	1	515	866	1391	0.0	682
PfGA01_040017500|DBLd|1|859|1373	QG0236-C.g3030	23.691	363	190	15	191	515	183	496	5.52e-12	71.2
PfGA01_040017500|DBLd|1|859|1373	PA0209-C.g1101	51.337	561	199	17	1	515	932	1464	8.06e-156	489
PfGA01_040017500|DBLd|1|859|1373	PA0209-C.g1101	23.077	351	194	11	178	493	186	495	2.20e-13	75.5
PfGA01_040017500|DBLd|1|859|1373	PC0046-C.g537	50.755	530	201	11	1	515	889	1373	1.37e-151	476
PfGA01_040017500|DBLd|1|859|1373	PC0046-C.g537	26.733	303	178	12	191	481	190	460	6.41e-11	67.8
PfGA01_040017500|DBLd|1|859|1373	QE0476-C.g569	51.167	557	200	18	1	515	896	1422	5.73e-150	472
PfGA01_040017500|DBLd|1|859|1373	QE0476-C.g569	25.532	376	199	14	184	515	176	514	4.71e-14	77.8
PfGA01_040017500|CIDRb|1|1374|1627	QG0236-C.g3030	94.882	254	7	1	1	254	1392	1639	1.40e-161	491
PfGA01_040017500|CIDRb|1|1374|1627	PfKE04.g366	81.102	254	47	1	1	253	1360	1613	2.44e-135	420
PfGA01_040017500|CIDRb|1|1374|1627	PD0503-C.g86	72.763	257	67	3	1	254	615	871	9.32e-118	361
PfGA01_040017500|CIDRb|1|1374|1627	PH0594-C.g700	72.763	257	67	3	1	254	688	944	2.36e-117	362
PfGA01_040017500|CIDRb|1|1374|1627	PV0182-C.g84	72.763	257	67	3	1	254	861	1117	1.44e-115	360
PfGA01_040017500|ATS|1|1744|2252	PV0089-C.g38	82.456	513	72	5	1	509	1747	2245	0.0	813
PfGA01_040017500|ATS|1|1744|2252	PH0549-C.g841	71.875	512	100	6	1	509	1685	2155	0.0	704
PfGA01_040017500|ATS|1|1744|2252	PH0604-C.g150	75.097	518	98	7	1	509	683	1178	0.0	702
PfGA01_040017500|ATS|1|1744|2252	PFKE11.g671	72.814	526	96	10	1	509	2046	2541	0.0	696
PfGA01_040017500|ATS|1|1744|2252	PF0092-C.g708	71.917	527	81	7	1	509	1720	2197	0.0	696
PfGA01_040025200|NTS|1|1|59	PA0081-C.g73	100.000	59	0	0	1	59	1	59	1.40e-34	124
PfGA01_040025200|NTS|1|1|59	PA0270-C.g182	100.000	59	0	0	1	59	1	59	1.51e-32	119
PfGA01_040025200|NTS|1|1|59	PA0220-C.g98	100.000	59	0	0	1	59	1	59	1.51e-32	119
PfGA01_040025200|NTS|1|1|59	PA0148-C.g494	100.000	59	0	0	1	59	1	59	1.51e-32	119
PfGA01_040025200|NTS|1|1|59	SenT150.09.g218	98.305	59	1	0	1	59	1	59	1.41e-31	116
PfGA01_040025200|DBLa|1|60|460	PA0081-C.g73	99.751	401	1	0	1	401	60	460	0.0	838
PfGA01_040025200|DBLa|1|60|460	PA0081-C.g73	40.097	207	87	9	52	249	863	1041	4.12e-31	128
PfGA01_040025200|DBLa|1|60|460	PA0081-C.g73	29.796	245	144	6	178	401	1490	1727	2.32e-19	93.2
PfGA01_040025200|DBLa|1|60|460	PA0148-C.g494	100.000	401	0	0	1	401	60	460	0.0	837
PfGA01_040025200|DBLa|1|60|460	PA0148-C.g494	40.097	207	87	9	52	249	863	1041	4.52e-31	128
PfGA01_040025200|DBLa|1|60|460	PA0148-C.g494	29.796	245	144	6	178	401	1490	1727	3.00e-19	92.8
PfGA01_040025200|DBLa|1|60|460	PA0270-C.g182	99.751	401	1	0	1	401	60	460	0.0	835
PfGA01_040025200|DBLa|1|60|460	PA0270-C.g182	40.097	207	87	9	52	249	863	1041	5.20e-31	127
PfGA01_040025200|DBLa|1|60|460	PA0270-C.g182	29.796	245	144	6	178	401	1490	1727	3.11e-19	92.8
PfGA01_040025200|DBLa|1|60|460	PA0220-C.g98	99.751	401	1	0	1	401	60	460	0.0	835
PfGA01_040025200|DBLa|1|60|460	PA0220-C.g98	40.097	207	87	9	52	249	863	1041	5.20e-31	127
PfGA01_040025200|DBLa|1|60|460	PA0220-C.g98	29.796	245	144	6	178	401	1490	1727	3.11e-19	92.8
PfGA01_040025200|DBLa|1|60|460	SenT150.09.g218	100.000	401	0	0	1	401	60	460	0.0	835
PfGA01_040025200|DBLa|1|60|460	SenT150.09.g218	40.097	207	87	9	52	249	863	1041	3.80e-31	128
PfGA01_040025200|DBLa|1|60|460	SenT150.09.g218	26.332	319	176	12	118	401	1398	1692	7.98e-20	94.4
PfGA01_040025200|CIDRa|1|461|712	SenT150.09.g218	99.603	252	1	0	1	252	461	712	4.90e-172	522
PfGA01_040025200|CIDRa|1|461|712	PA0270-C.g182	99.603	252	1	0	1	252	461	712	1.53e-171	523
PfGA01_040025200|CIDRa|1|461|712	PA0220-C.g98	99.603	252	1	0	1	252	461	712	1.53e-171	523
PfGA01_040025200|CIDRa|1|461|712	PA0148-C.g494	99.603	252	1	0	1	252	461	712	1.53e-171	523
PfGA01_040025200|CIDRa|1|461|712	PA0047-C.g460	99.603	252	1	0	1	252	416	667	2.14e-171	520
PfGA01_040025200|DBLb|1|744|1191	PA0081-C.g73	100.000	448	0	0	1	448	744	1191	0.0	951
PfGA01_040025200|DBLb|1|744|1191	PA0081-C.g73	39.450	218	95	9	120	309	111	319	1.10e-31	131
PfGA01_040025200|DBLb|1|744|1191	PA0270-C.g182	100.000	448	0	0	1	448	744	1191	0.0	947
PfGA01_040025200|DBLb|1|744|1191	PA0270-C.g182	39.450	218	95	9	120	309	111	319	1.01e-31	131
PfGA01_040025200|DBLb|1|744|1191	PA0220-C.g98	100.000	448	0	0	1	448	744	1191	0.0	947
PfGA01_040025200|DBLb|1|744|1191	PA0220-C.g98	39.450	218	95	9	120	309	111	319	1.01e-31	131
PfGA01_040025200|DBLb|1|744|1191	PA0148-C.g494	100.000	448	0	0	1	448	744	1191	0.0	947
PfGA01_040025200|DBLb|1|744|1191	PA0148-C.g494	39.450	218	95	9	120	309	111	319	7.30e-32	131
PfGA01_040025200|DBLb|1|744|1191	SenT150.09.g218	100.000	448	0	0	1	448	744	1191	0.0	947
PfGA01_040025200|DBLb|1|744|1191	SenT150.09.g218	39.450	218	95	9	120	309	111	319	5.63e-32	132
PfGA01_040025200|DBLd|1|1212|1727	PA0081-C.g73	100.000	516	0	0	1	516	1212	1727	0.0	1081
PfGA01_040025200|DBLd|1|1212|1727	PA0081-C.g73	29.796	245	144	6	279	516	237	460	9.75e-24	108
PfGA01_040025200|DBLd|1|1212|1727	PA0270-C.g182	100.000	516	0	0	1	516	1212	1727	0.0	1078
PfGA01_040025200|DBLd|1|1212|1727	PA0270-C.g182	29.796	245	144	6	279	516	237	460	1.20e-23	108
PfGA01_040025200|DBLd|1|1212|1727	PA0220-C.g98	100.000	516	0	0	1	516	1212	1727	0.0	1078
PfGA01_040025200|DBLd|1|1212|1727	PA0220-C.g98	29.796	245	144	6	279	516	237	460	1.20e-23	108
PfGA01_040025200|DBLd|1|1212|1727	PA0148-C.g494	100.000	516	0	0	1	516	1212	1727	0.0	1078
PfGA01_040025200|DBLd|1|1212|1727	PA0148-C.g494	29.796	245	144	6	279	516	237	460	1.16e-23	108
PfGA01_040025200|DBLd|1|1212|1727	QG0290-C.g531	100.000	516	0	0	1	516	1213	1728	0.0	1078
PfGA01_040025200|DBLd|1|1212|1727	QG0290-C.g531	30.612	245	142	6	279	516	238	461	1.66e-24	110
PfGA01_040025200|CIDRg|1|1728|1972	PC0118-C.g19	99.184	245	2	0	1	245	123	367	7.10e-175	509
PfGA01_040025200|CIDRg|1|1728|1972	PA0012-C.g15	99.184	245	2	0	1	245	625	869	1.53e-173	506
PfGA01_040025200|CIDRg|1|1728|1972	PH0610-C.g553	99.184	245	2	0	1	245	636	880	8.72e-173	504
PfGA01_040025200|CIDRg|1|1728|1972	PA0146-C.g1199	99.592	245	1	0	1	245	636	880	2.56e-172	503
PfGA01_040025200|CIDRg|1|1728|1972	PV0147-C.g82	99.184	245	2	0	1	245	266	510	4.13e-172	503
PfGA01_040025200|ATS|1|2093|2546	PV0035-C.g20	99.559	454	2	0	1	454	1733	2186	0.0	922
PfGA01_040025200|ATS|1|2093|2546	PH0148-CW.g59	99.559	454	2	0	1	454	1712	2165	0.0	921
PfGA01_040025200|ATS|1|2093|2546	PD0569-C.g509	99.559	454	2	0	1	454	1712	2165	0.0	921
PfGA01_040025200|ATS|1|2093|2546	PD0549-C.g464	99.559	454	2	0	1	454	1712	2165	0.0	921
PfGA01_040025200|ATS|1|2093|2546	PD0527-C.g529	99.559	454	2	0	1	454	1712	2165	0.0	921
PfGA01_040025800|NTS|1|1|59	PM0077-C.g2816	100.000	59	0	0	1	59	1	59	4.35e-36	129
PfGA01_040025800|NTS|1|1|59	PA0008-C.g175	100.000	59	0	0	1	59	1	59	4.52e-36	129
PfGA01_040025800|NTS|1|1|59	PH0497-CW.g161	100.000	59	0	0	1	59	1	59	7.65e-36	128
PfGA01_040025800|NTS|1|1|59	PM0021-C.g279	100.000	59	0	0	1	59	1	59	1.21e-35	127
PfGA01_040025800|NTS|1|1|59	PT0106-C.g597	89.362	47	5	0	13	59	9	55	2.76e-22	89.7
PfGA01_040025800|DBLa|1|60|450	PM0021-C.g279	99.744	391	1	0	1	391	60	450	0.0	812
PfGA01_040025800|DBLa|1|60|450	PM0021-C.g279	30.961	281	136	9	52	310	829	1073	2.41e-25	110
PfGA01_040025800|DBLa|1|60|450	PM0021-C.g279	32.765	293	160	9	115	391	1329	1600	1.27e-21	99.8
PfGA01_040025800|DBLa|1|60|450	PH0497-CW.g161	91.816	391	1	1	1	391	60	419	0.0	724
PfGA01_040025800|DBLa|1|60|450	PH0497-CW.g161	31.498	327	165	11	92	391	1652	1946	1.61e-29	123
PfGA01_040025800|DBLa|1|60|450	PH0497-CW.g161	28.443	334	177	11	1	310	747	1042	2.04e-25	111
PfGA01_040025800|DBLa|1|60|450	PH0497-CW.g161	23.569	297	174	10	36	312	1187	1450	1.41e-08	59.3
PfGA01_040025800|DBLa|1|60|450	PM0077-C.g2816	91.816	391	1	1	1	391	60	419	0.0	722
PfGA01_040025800|DBLa|1|60|450	PM0077-C.g2816	32.333	300	148	10	115	391	1679	1946	1.44e-29	123
PfGA01_040025800|DBLa|1|60|450	PM0077-C.g2816	28.443	334	177	11	1	310	747	1042	2.07e-25	111
PfGA01_040025800|DBLa|1|60|450	PM0077-C.g2816	23.906	297	173	10	36	312	1187	1450	1.69e-08	59.3
PfGA01_040025800|DBLa|1|60|450	PA0008-C.g175	91.816	391	1	1	1	391	60	419	0.0	721
PfGA01_040025800|DBLa|1|60|450	PA0008-C.g175	28.443	334	177	11	1	310	747	1042	1.43e-25	111
PfGA01_040025800|DBLa|1|60|450	PA0008-C.g175	23.569	297	174	10	36	312	1187	1450	1.53e-08	59.3
PfGA01_040025800|DBLa|1|60|450	PM0024-C.g332	99.381	323	2	0	69	391	1	323	0.0	662
PfGA01_040025800|DBLa|1|60|450	PM0024-C.g332	28.443	334	177	11	1	310	651	946	2.39e-25	110
PfGA01_040025800|DBLa|1|60|450	PM0024-C.g332	33.106	293	159	9	115	391	1202	1473	2.87e-21	98.6
PfGA01_040025800|CIDRa|1|451|696	PA0008-C.g175	99.593	246	1	0	1	246	420	665	6.63e-167	501
PfGA01_040025800|CIDRa|1|451|696	PM0077-C.g2816	99.593	246	1	0	1	246	420	665	3.34e-163	501
PfGA01_040025800|CIDRa|1|451|696	PM0077-C.g2816	33.333	147	91	3	38	177	1985	2131	3.78e-14	73.9
PfGA01_040025800|CIDRa|1|451|696	PH0497-CW.g161	99.593	246	1	0	1	246	420	665	3.67e-163	502
PfGA01_040025800|CIDRa|1|451|696	PH0497-CW.g161	33.333	147	91	3	38	177	1985	2131	3.61e-14	73.9
PfGA01_040025800|CIDRa|1|451|696	QG0187-C.g169	95.951	247	9	1	1	246	473	719	2.01e-161	477
PfGA01_040025800|CIDRa|1|451|696	PT0048-C.g402	95.935	246	10	0	1	246	477	722	2.61e-159	484
PfGA01_040025800|DBLb|1|715|1170	PM0021-C.g279	99.781	456	1	0	1	456	715	1170	0.0	957
PfGA01_040025800|DBLb|1|715|1170	PM0021-C.g279	26.859	417	228	14	30	398	17	404	6.69e-27	117
PfGA01_040025800|DBLb|1|715|1170	PM0024-C.g332	99.781	456	1	0	1	456	588	1043	0.0	954
PfGA01_040025800|DBLb|1|715|1170	PM0024-C.g332	28.920	287	151	9	149	398	7	277	9.66e-22	101
PfGA01_040025800|DBLb|1|715|1170	PH0497-CW.g161	97.162	458	11	1	1	456	684	1141	0.0	927
PfGA01_040025800|DBLb|1|715|1170	PH0497-CW.g161	28.916	332	181	11	30	330	17	324	1.88e-24	109
PfGA01_040025800|DBLb|1|715|1170	PH0497-CW.g161	22.881	236	125	10	249	456	1316	1522	1.03e-08	60.5
PfGA01_040025800|DBLb|1|715|1170	PH0497-CW.g161	23.629	237	116	9	188	378	1678	1895	9.31e-07	54.3
PfGA01_040025800|DBLb|1|715|1170	PM0077-C.g2816	97.162	458	11	1	1	456	684	1141	0.0	924
PfGA01_040025800|DBLb|1|715|1170	PM0077-C.g2816	28.916	332	181	11	30	330	17	324	1.69e-24	109
PfGA01_040025800|DBLb|1|715|1170	PM0077-C.g2816	21.875	384	196	16	114	456	1202	1522	8.82e-09	60.5
PfGA01_040025800|DBLb|1|715|1170	PA0008-C.g175	97.162	458	11	1	1	456	684	1141	0.0	923
PfGA01_040025800|DBLb|1|715|1170	PA0008-C.g175	28.916	332	181	11	30	330	17	324	2.00e-24	109
PfGA01_040025800|DBLb|1|715|1170	PA0008-C.g175	21.907	388	199	16	110	456	1198	1522	7.83e-09	60.8
PfGA01_040025800|DBLd|1|1188|1600	PM0021-C.g279	99.758	413	1	0	1	413	1188	1600	0.0	853
PfGA01_040025800|DBLd|1|1188|1600	PM0021-C.g279	30.423	378	219	13	46	413	107	450	1.57e-29	124
PfGA01_040025800|DBLd|1|1188|1600	PM0021-C.g279	24.051	316	153	14	41	336	820	1068	6.03e-09	60.8
PfGA01_040025800|DBLd|1|1188|1600	PT0240-C.g677	99.516	413	2	0	1	413	1204	1616	0.0	852
PfGA01_040025800|DBLd|1|1188|1600	PT0240-C.g677	27.949	390	232	13	41	413	106	463	3.41e-25	110
PfGA01_040025800|DBLd|1|1188|1600	PT0240-C.g677	24.803	254	107	10	41	267	835	1031	6.35e-09	60.8
PfGA01_040025800|DBLd|1|1188|1600	PM0024-C.g332	99.758	413	1	0	1	413	1061	1473	0.0	850
PfGA01_040025800|DBLd|1|1188|1600	PM0024-C.g332	32.432	296	163	10	139	413	44	323	5.09e-30	125
PfGA01_040025800|DBLd|1|1188|1600	PM0024-C.g332	24.051	316	153	14	41	336	693	941	5.16e-09	60.8
PfGA01_040025800|DBLd|1|1188|1600	PF0368-C.g256	99.274	413	3	0	1	413	1017	1429	0.0	847
PfGA01_040025800|DBLd|1|1188|1600	PF0368-C.g256	27.303	304	160	12	139	413	5	276	1.70e-12	72.0
PfGA01_040025800|DBLd|1|1188|1600	PF0368-C.g256	24.803	254	107	10	41	267	648	844	4.48e-09	61.2
PfGA01_040025800|DBLd|1|1188|1600	QG0280-C.g626	91.084	415	35	1	1	413	1538	1952	0.0	747
PfGA01_040025800|DBLd|1|1188|1600	QG0280-C.g626	33.425	365	171	11	27	386	1176	1473	1.68e-45	171
PfGA01_040025800|DBLd|1|1188|1600	QG0280-C.g626	29.296	355	194	9	1	348	760	1064	3.25e-36	143
PfGA01_040025800|DBLd|1|1188|1600	QG0280-C.g626	25.964	389	226	11	45	413	105	451	2.61e-25	111
PfGA01_040025800|CIDRg|1|1601|1848	PT0299-Cx.g3432	100.000	248	0	0	1	248	1372	1619	2.04e-170	515
PfGA01_040025800|CIDRg|1|1601|1848	PA0056-C.g386	99.597	248	1	0	1	248	1243	1490	1.25e-169	511
PfGA01_040025800|CIDRg|1|1601|1848	PF0368-C.g256	100.000	248	0	0	1	248	1430	1677	1.31e-168	511
PfGA01_040025800|CIDRg|1|1601|1848	PM0024-C.g332	100.000	248	0	0	1	248	1474	1721	1.79e-168	511
PfGA01_040025800|CIDRg|1|1601|1848	PM0024-C.g332	26.347	167	114	6	28	189	359	521	5.45e-07	52.8
PfGA01_040025800|CIDRg|1|1601|1848	PT0222-C.g328	100.000	248	0	0	1	248	1443	1690	6.93e-168	514
PfGA01_040025800|ATS|1|1985|2460	PT0178-C.g459	89.518	477	44	3	1	476	2367	2838	0.0	842
PfGA01_040025800|ATS|1|1985|2460	PF0092-C.g751	89.518	477	44	3	1	476	1080	1551	0.0	839
PfGA01_040025800|ATS|1|1985|2460	PM0021-C.g279	93.908	476	27	2	1	476	1985	2458	0.0	838
PfGA01_040025800|ATS|1|1985|2460	PH0497-CW.g161	93.277	476	30	2	1	476	2321	2794	0.0	829
PfGA01_040025800|ATS|1|1985|2460	PM0134-C.g150	87.841	477	54	3	1	476	2423	2896	0.0	818
PfGA01_040030900|NTS|1|1|62	PM0144-C.g857	87.302	63	7	1	1	62	1	63	6.34e-27	103
PfGA01_040030900|NTS|1|1|62	PT0052-C.g724	86.667	60	8	0	3	62	4	63	9.66e-26	99.8
PfGA01_040030900|NTS|1|1|62	PT0137-C.g795	86.667	60	8	0	3	62	4	63	1.82e-25	99.0
PfGA01_040030900|NTS|1|1|62	QE0453-C.g1007	79.032	62	12	1	1	62	1	61	8.75e-24	94.0
PfGA01_040030900|NTS|1|1|62	QE0468-C.g704	92.000	50	4	0	4	53	4	53	1.14e-23	93.6
PfGA01_040030900|DBLa|1|63|496	PT0052-C.g724	82.110	436	68	4	1	434	64	491	0.0	728
PfGA01_040030900|DBLa|1|63|496	PT0052-C.g724	31.250	176	94	3	186	334	1156	1331	1.08e-16	85.5
PfGA01_040030900|DBLa|1|63|496	PT0137-C.g795	82.110	436	68	4	1	434	64	491	0.0	728
PfGA01_040030900|DBLa|1|63|496	PT0137-C.g795	28.571	238	119	7	210	434	1200	1399	2.16e-16	84.3
PfGA01_040030900|DBLa|1|63|496	PM0144-C.g857	77.324	441	86	6	1	434	64	497	0.0	669
PfGA01_040030900|DBLa|1|63|496	PM0144-C.g857	37.168	113	66	3	233	342	1184	1294	9.87e-13	72.8
PfGA01_040030900|DBLa|1|63|496	SenT151.08.g345	72.500	440	98	9	1	434	63	485	0.0	630
PfGA01_040030900|DBLa|1|63|496	SenT151.08.g345	22.086	489	239	16	42	434	905	1347	8.14e-07	53.9
PfGA01_040030900|DBLa|1|63|496	PA0158-C.g786	70.136	442	104	9	1	434	64	485	0.0	598
PfGA01_040030900|DBLa|1|63|496	PA0158-C.g786	34.043	94	61	1	235	328	1150	1242	9.45e-12	69.7
PfGA01_040030900|CIDRa|1|497|767	PT0242-Cx.g780	70.290	276	71	6	1	265	489	764	6.71e-117	370
PfGA01_040030900|CIDRa|1|497|767	PH0604-C.g915	67.391	276	76	5	1	271	484	750	2.29e-112	353
PfGA01_040030900|CIDRa|1|497|767	PH0589-C.g570	67.391	276	81	3	1	267	486	761	8.61e-112	355
PfGA01_040030900|CIDRa|1|497|767	PF0041-C.g855	69.630	270	71	6	1	263	496	761	3.61e-111	353
PfGA01_040030900|CIDRa|1|497|767	SenT110.09.g161	64.748	278	76	5	1	265	491	759	1.08e-104	333
PfGA01_040030900|DBLd|1|860|1376	PT0299-Cx.g3669	56.351	559	148	16	1	517	874	1378	0.0	558
PfGA01_040030900|DBLd|1|860|1376	PT0299-Cx.g3669	25.306	245	155	7	213	446	187	414	1.98e-11	69.3
PfGA01_040030900|DBLd|1|860|1376	PF0359-C.g455	53.065	571	179	19	1	517	821	1356	1.70e-169	524
PfGA01_040030900|DBLd|1|860|1376	PF0359-C.g455	28.788	330	177	12	211	517	185	479	3.33e-13	75.1
PfGA01_040030900|DBLd|1|860|1376	PF0037-C.g700	49.186	553	199	14	1	517	851	1357	2.44e-157	491
PfGA01_040030900|DBLd|1|860|1376	PF0037-C.g700	26.766	269	139	10	273	517	250	484	1.77e-08	60.1
PfGA01_040030900|DBLd|1|860|1376	PC0054-C.g314	51.812	552	183	17	1	517	890	1393	5.11e-154	483
PfGA01_040030900|DBLd|1|860|1376	PC0054-C.g314	27.353	340	186	12	200	517	175	475	6.22e-17	87.0
PfGA01_040030900|DBLd|1|860|1376	PM0004-C.g943	50.362	552	199	19	1	517	1758	2269	1.54e-153	487
PfGA01_040030900|DBLd|1|860|1376	PM0004-C.g943	26.398	447	176	18	1	443	1353	1650	3.11e-23	106
PfGA01_040030900|DBLd|1|860|1376	PM0004-C.g943	22.674	344	206	12	178	491	152	465	2.31e-10	66.2
PfGA01_040030900|CIDRg|1|1377|1642	PT0039-C.g542	68.613	274	71	6	1	266	1155	1421	1.66e-114	362
PfGA01_040030900|CIDRg|1|1377|1642	PFKE11.g649	68.504	254	77	2	1	251	1358	1611	8.00e-113	358
PfGA01_040030900|CIDRg|1|1377|1642	SenT055.11.g1088	67.399	273	74	7	1	266	785	1049	2.94e-112	351
PfGA01_040030900|CIDRg|1|1377|1642	SenT002.07.g1446	65.827	278	73	7	1	266	671	938	4.80e-112	348
PfGA01_040030900|CIDRg|1|1377|1642	PT0101-C.g285	66.926	257	78	3	1	254	1770	2022	4.81e-110	350
PfGA01_040030900|ATS|1|1756|2234	PV0239-C.g24	75.703	498	89	10	1	479	1705	2189	0.0	710
PfGA01_040030900|ATS|1|1756|2234	PD0561-C.g263	77.035	479	87	11	1	479	2424	2879	0.0	686
PfGA01_040030900|ATS|1|1756|2234	PC0122-C.g20	74.844	481	72	10	2	479	2347	2781	0.0	684
PfGA01_040030900|ATS|1|1756|2234	PV0147-C.g56	76.483	489	60	6	1	479	1700	2143	0.0	682
PfGA01_040030900|ATS|1|1756|2234	PV0028-C.g43	74.636	481	76	9	1	479	1843	2279	0.0	680
PfGA01_050037300|NTS|1|1|69	PD0523-C.g31	91.525	59	5	0	11	69	11	69	4.28e-31	115
PfGA01_050037300|NTS|1|1|69	PV0256-C.g11	91.525	59	5	0	11	69	11	69	7.24e-31	114
PfGA01_050037300|NTS|1|1|69	QG0261-C.g318	89.831	59	6	0	11	69	11	69	8.38e-30	111
PfGA01_050037300|NTS|1|1|69	QG0291-C.g1723	79.710	69	14	0	1	69	1	69	1.43e-29	110
PfGA01_050037300|NTS|1|1|69	PA0038-C.g514	71.014	69	19	1	1	69	1	68	1.10e-23	94.4
PfGA01_050037300|DBLa|1|70|458	PF0524-C.g117	80.662	393	72	2	1	389	70	462	0.0	650
PfGA01_050037300|DBLa|1|70|458	PF0524-C.g117	36.027	297	152	9	30	318	1617	1883	9.97e-43	162
PfGA01_050037300|DBLa|1|70|458	PF0524-C.g117	29.021	286	155	11	57	328	1171	1422	1.78e-19	93.2
PfGA01_050037300|DBLa|1|70|458	PF0524-C.g117	26.531	294	156	12	53	343	2057	2293	3.36e-15	80.1
PfGA01_050037300|DBLa|1|70|458	PF0524-C.g117	23.183	289	173	8	46	324	803	1052	6.07e-10	63.9
PfGA01_050037300|DBLa|1|70|458	QG0297-C.g2537	81.491	389	72	0	1	389	70	458	0.0	605
PfGA01_050037300|DBLa|1|70|458	QG0297-C.g2537	31.915	329	192	9	55	373	1606	1912	2.74e-37	146
PfGA01_050037300|DBLa|1|70|458	QG0297-C.g2537	27.586	290	147	10	53	342	2022	2248	1.63e-21	99.4
PfGA01_050037300|DBLa|1|70|458	QG0297-C.g2537	27.899	276	155	12	57	318	1153	1398	7.73e-13	72.8
PfGA01_050037300|DBLa|1|70|458	QG0297-C.g2537	22.420	281	165	8	48	318	801	1038	1.12e-09	62.8
PfGA01_050037300|DBLa|1|70|458	PF0456-C.g54	84.224	393	57	3	1	389	72	463	0.0	597
PfGA01_050037300|DBLa|1|70|458	PF0456-C.g54	33.016	315	159	9	26	318	1957	2241	5.32e-37	145
PfGA01_050037300|DBLa|1|70|458	PF0456-C.g54	28.522	291	145	11	53	343	2417	2644	3.51e-21	98.2
PfGA01_050037300|DBLa|1|70|458	PF0456-C.g54	28.975	283	145	10	57	318	1167	1414	3.89e-19	92.0
PfGA01_050037300|DBLa|1|70|458	PF0456-C.g54	24.069	349	201	11	43	370	806	1111	2.14e-13	74.7
PfGA01_050037300|DBLa|1|70|458	PF0456-C.g54	22.420	281	163	8	53	318	1549	1789	5.12e-08	57.8
PfGA01_050037300|DBLa|1|70|458	PA0061-C.g316	84.224	393	57	3	1	389	48	439	0.0	597
PfGA01_050037300|DBLa|1|70|458	PA0061-C.g316	28.975	283	145	10	57	318	1143	1390	4.31e-19	92.0
PfGA01_050037300|DBLa|1|70|458	PA0061-C.g316	24.069	349	201	11	43	370	782	1087	2.70e-13	74.3
PfGA01_050037300|DBLa|1|70|458	PD0632-C.g185	80.362	387	74	1	3	389	70	454	0.0	594
PfGA01_050037300|DBLa|1|70|458	PD0632-C.g185	34.058	276	153	10	55	318	1976	2234	3.18e-35	140
PfGA01_050037300|DBLa|1|70|458	PD0632-C.g185	30.389	283	141	10	57	318	1158	1405	1.83e-21	99.4
PfGA01_050037300|DBLa|1|70|458	PD0632-C.g185	26.786	280	139	8	53	330	2410	2625	1.08e-19	94.0
PfGA01_050037300|DBLa|1|70|458	PD0632-C.g185	27.368	285	147	9	53	318	1540	1783	4.38e-17	85.9
PfGA01_050037300|DBLa|1|70|458	PD0632-C.g185	22.321	336	207	8	46	365	795	1092	3.54e-11	67.8
PfGA01_050037300|CIDRg|1|459|716	QG0208-C.g1143	90.698	258	24	0	1	258	465	722	2.19e-160	482
PfGA01_050037300|CIDRg|1|459|716	PD0562-C.g668	87.597	258	32	0	1	258	240	497	3.01e-156	462
PfGA01_050037300|CIDRg|1|459|716	PfKE05.g33	89.147	258	28	0	1	258	136	393	1.54e-153	475
PfGA01_050037300|CIDRg|1|459|716	PD0555-C.g222	89.535	258	27	0	1	258	459	716	1.75e-153	474
PfGA01_050037300|CIDRg|1|459|716	PF0399-C.g67	89.147	258	28	0	1	258	455	712	5.93e-153	473
PfGA01_050037300|DBLg|1|761|1123	PT0063-C.g583	97.796	363	8	0	1	363	766	1128	0.0	740
PfGA01_050037300|DBLg|1|761|1123	PT0063-C.g583	34.218	339	182	8	1	299	1135	1472	2.30e-51	186
PfGA01_050037300|DBLg|1|761|1123	PT0063-C.g583	24.252	301	182	10	41	314	1912	2193	3.13e-16	82.8
PfGA01_050037300|DBLg|1|761|1123	PT0063-C.g583	27.092	251	135	9	43	288	2299	2506	2.24e-14	77.0
PfGA01_050037300|DBLg|1|761|1123	PT0063-C.g583	23.077	286	165	12	43	292	121	387	1.33e-07	56.2
PfGA01_050037300|DBLg|1|761|1123	PA0160-C.g1683	99.639	277	1	0	87	363	1	277	0.0	573
PfGA01_050037300|DBLg|1|761|1123	PA0160-C.g1683	33.923	339	183	8	1	299	284	621	1.38e-50	183
PfGA01_050037300|DBLg|1|761|1123	PM0004-C.g549	66.038	371	115	6	1	363	748	1115	2.39e-157	486
PfGA01_050037300|DBLg|1|761|1123	PM0004-C.g549	35.347	331	146	10	43	315	1178	1498	3.54e-44	165
PfGA01_050037300|DBLg|1|761|1123	PM0004-C.g549	23.906	297	167	12	43	310	405	671	7.20e-09	60.1
PfGA01_050037300|DBLg|1|761|1123	QG0209-C.g128	64.000	375	115	12	1	363	794	1160	7.39e-141	444
PfGA01_050037300|DBLg|1|761|1123	QG0209-C.g128	26.329	395	159	12	37	302	1857	2248	4.04e-28	118
PfGA01_050037300|DBLg|1|761|1123	QG0209-C.g128	24.818	274	157	10	45	293	1321	1570	2.64e-14	77.0
PfGA01_050037300|DBLg|1|761|1123	QG0209-C.g128	24.510	204	114	6	157	329	250	444	6.58e-10	63.5
PfGA01_050037300|DBLg|1|761|1123	PT0080-C.g778	64.000	375	115	12	1	363	783	1149	1.16e-140	443
PfGA01_050037300|DBLg|1|761|1123	PT0080-C.g778	27.476	313	143	9	68	296	1935	2247	2.12e-27	116
PfGA01_050037300|DBLg|1|761|1123	PT0080-C.g778	23.985	271	163	7	45	293	1310	1559	3.42e-13	73.6
PfGA01_050037300|DBLg|1|761|1123	PT0080-C.g778	22.455	334	191	11	43	329	126	438	1.34e-12	71.6
PfGA01_050037300|DBLd|1|1130|1516	PT0063-C.g583	99.742	387	1	0	1	387	1135	1521	0.0	799
PfGA01_050037300|DBLd|1|1130|1516	PT0063-C.g583	34.808	339	180	8	1	338	766	1064	6.70e-52	188
PfGA01_050037300|DBLd|1|1130|1516	PT0063-C.g583	30.404	421	209	13	11	387	79	459	2.44e-34	137
PfGA01_050037300|DBLd|1|1130|1516	PT0063-C.g583	24.062	320	160	11	47	363	2299	2538	1.49e-18	90.5
PfGA01_050037300|DBLd|1|1130|1516	PT0063-C.g583	22.781	338	192	12	46	361	1913	2203	2.34e-10	65.1
PfGA01_050037300|DBLd|1|1130|1516	PA0160-C.g1683	99.742	387	1	0	1	387	284	670	0.0	798
PfGA01_050037300|DBLd|1|1130|1516	PA0160-C.g1683	35.931	231	128	4	109	338	2	213	6.06e-39	150
PfGA01_050037300|DBLd|1|1130|1516	PM0146-C.g163	84.596	396	52	2	1	387	1151	1546	0.0	677
PfGA01_050037300|DBLd|1|1130|1516	PM0146-C.g163	31.786	280	140	9	49	317	817	1056	1.71e-37	146
PfGA01_050037300|DBLd|1|1130|1516	PM0146-C.g163	28.523	298	158	9	133	387	194	479	1.72e-25	111
PfGA01_050037300|DBLd|1|1130|1516	PM0146-C.g163	23.512	336	173	13	32	364	2309	2563	3.21e-15	80.1
PfGA01_050037300|DBLd|1|1130|1516	PM0146-C.g163	22.781	338	192	12	46	361	1938	2228	2.67e-10	64.7
PfGA01_050037300|DBLd|1|1130|1516	PA0052-C.g34	84.596	396	52	2	1	387	1138	1533	0.0	677
PfGA01_050037300|DBLd|1|1130|1516	PA0052-C.g34	31.786	280	140	9	49	317	804	1043	1.90e-37	146
PfGA01_050037300|DBLd|1|1130|1516	PA0052-C.g34	28.523	298	158	11	133	387	188	473	1.67e-17	87.0
PfGA01_050037300|DBLd|1|1130|1516	PA0052-C.g34	23.228	254	138	8	20	270	2284	2483	8.65e-12	69.3
PfGA01_050037300|DBLd|1|1130|1516	PA0052-C.g34	22.781	338	192	12	46	361	1925	2215	2.54e-10	65.1
PfGA01_050037300|DBLd|1|1130|1516	PM0054-C.g279	84.596	396	52	2	1	387	429	824	0.0	676
PfGA01_050037300|DBLd|1|1130|1516	PM0054-C.g279	31.786	280	140	9	49	317	95	334	1.85e-37	146
PfGA01_050037300|DBLd|1|1130|1516	PM0054-C.g279	22.781	338	192	12	46	361	1250	1540	2.08e-10	65.1
PfGA01_050037300|CIDRg|2|1517|1765	PA0160-C.g1683	99.598	249	1	0	1	249	671	919	2.58e-173	507
PfGA01_050037300|CIDRg|2|1517|1765	QG0293-C.g1385	100.000	249	0	0	1	249	398	646	1.61e-170	511
PfGA01_050037300|CIDRg|2|1517|1765	PH0305-C.g417	100.000	249	0	0	1	249	728	976	4.23e-170	515
PfGA01_050037300|CIDRg|2|1517|1765	PM0054-C.g279	100.000	249	0	0	1	249	825	1073	5.50e-170	510
PfGA01_050037300|CIDRg|2|1517|1765	PA0044-C.g648	99.598	249	1	0	1	249	680	928	1.30e-168	511
PfGA01_050037300|DBLz|1|1816|2239	PA0044-C.g648	99.764	424	1	0	1	424	979	1402	0.0	866
PfGA01_050037300|DBLz|1|1816|2239	PA0044-C.g648	27.509	269	147	7	94	361	1457	1678	1.70e-16	84.7
PfGA01_050037300|DBLz|1|1816|2239	PA0044-C.g648	26.068	234	136	6	156	371	7	221	1.30e-14	78.6
PfGA01_050037300|DBLz|1|1816|2239	PA0044-C.g648	23.695	249	134	6	156	374	423	645	7.00e-10	63.9
PfGA01_050037300|DBLz|1|1816|2239	PT0063-C.g583	99.764	424	1	0	1	424	1821	2244	0.0	864
PfGA01_050037300|DBLz|1|1816|2239	PT0063-C.g583	38.538	301	158	7	95	377	122	413	3.74e-48	179
PfGA01_050037300|DBLz|1|1816|2239	PT0063-C.g583	27.509	269	147	7	94	361	2299	2520	1.86e-16	84.3
PfGA01_050037300|DBLz|1|1816|2239	PT0063-C.g583	23.920	301	183	10	92	373	806	1079	2.75e-15	80.9
PfGA01_050037300|DBLz|1|1816|2239	PT0063-C.g583	23.754	341	168	11	93	374	1180	1487	1.58e-10	65.9
PfGA01_050037300|DBLz|1|1816|2239	SenT140.11.g1040	99.057	424	4	0	1	424	1150	1573	0.0	859
PfGA01_050037300|DBLz|1|1816|2239	SenT140.11.g1040	29.831	295	141	13	94	378	1628	1866	1.72e-20	97.1
PfGA01_050037300|DBLz|1|1816|2239	SenT140.11.g1040	23.901	364	188	12	68	374	485	816	2.91e-13	74.3
PfGA01_050037300|DBLz|1|1816|2239	SenT097.11.g377	99.057	424	4	0	1	424	1809	2232	0.0	859
PfGA01_050037300|DBLz|1|1816|2239	SenT097.11.g377	36.667	330	175	11	91	394	128	449	7.14e-43	163
PfGA01_050037300|DBLz|1|1816|2239	SenT097.11.g377	29.831	295	141	13	94	378	2287	2525	1.29e-20	97.4
PfGA01_050037300|DBLz|1|1816|2239	SenT097.11.g377	23.901	364	188	12	68	374	1144	1475	2.18e-13	75.1
PfGA01_050037300|DBLz|1|1816|2239	PA0052-C.g34	99.057	424	4	0	1	424	1833	2256	0.0	859
PfGA01_050037300|DBLz|1|1816|2239	PA0052-C.g34	32.716	324	176	10	41	337	66	374	5.16e-37	146
PfGA01_050037300|DBLz|1|1816|2239	PA0052-C.g34	28.440	218	106	8	94	306	2311	2483	9.94e-14	75.9
PfGA01_050037300|DBLz|1|1816|2239	PA0052-C.g34	24.727	275	155	9	96	345	804	1051	1.66e-13	75.5
PfGA01_050037300|DBLz|1|1816|2239	PA0052-C.g34	22.636	349	171	9	93	374	1183	1499	1.23e-12	72.4
PfGA01_050037300|DBLe|1|2244|2562	QE0453-C.g585	100.000	319	0	0	1	319	2001	2319	0.0	666
PfGA01_050037300|DBLe|1|2244|2562	QE0453-C.g585	28.527	319	172	12	3	272	1622	1933	7.00e-22	99.0
PfGA01_050037300|DBLe|1|2244|2562	QE0453-C.g585	29.365	252	129	10	26	228	88	339	8.10e-13	71.6
PfGA01_050037300|DBLe|1|2244|2562	PT0063-C.g583	100.000	319	0	0	1	319	2249	2567	0.0	660
PfGA01_050037300|DBLe|1|2244|2562	PT0063-C.g583	24.316	329	166	11	45	293	1175	1500	1.45e-18	89.0
PfGA01_050037300|DBLe|1|2244|2562	PT0063-C.g583	26.199	271	143	10	48	262	118	387	4.61e-17	84.3
PfGA01_050037300|DBLe|1|2244|2562	PT0063-C.g583	28.253	269	145	9	51	272	1914	2181	7.11e-17	84.0
PfGA01_050037300|DBLe|1|2244|2562	PT0063-C.g583	27.490	251	134	9	51	258	808	1053	5.17e-14	75.1
PfGA01_050037300|DBLe|1|2244|2562	PA0044-C.g648	99.687	319	1	0	1	319	1407	1725	0.0	658
PfGA01_050037300|DBLe|1|2244|2562	PA0044-C.g648	28.253	269	145	9	51	272	1072	1339	5.66e-17	84.0
PfGA01_050037300|DBLe|1|2244|2562	PA0044-C.g648	22.157	343	172	12	43	293	319	658	1.30e-12	70.9
PfGA01_050037300|DBLe|1|2244|2562	PA0044-C.g648	25.000	236	121	8	107	291	7	237	1.94e-09	61.2
PfGA01_050037300|DBLe|1|2244|2562	SenT105.07.g218	71.875	320	86	3	1	319	1671	1987	1.65e-148	462
PfGA01_050037300|DBLe|1|2244|2562	SenT105.07.g218	28.253	269	152	9	51	280	1344	1610	4.96e-14	75.5
PfGA01_050037300|DBLe|1|2244|2562	PA0152-C.g238	70.625	320	91	2	1	319	2044	2361	4.20e-146	456
PfGA01_050037300|DBLe|1|2244|2562	PA0152-C.g238	28.000	275	152	8	42	272	1699	1971	4.63e-18	87.4
PfGA01_050037300|DBLe|1|2244|2562	PA0152-C.g238	28.807	243	131	9	31	232	90	331	5.23e-13	72.4
PfGA01_050037300|ATS|1|2624|3069	PT0256-C.g286	88.814	447	49	1	1	446	2267	2713	0.0	815
PfGA01_050037300|ATS|1|2624|3069	PA0262-C.g127	88.839	448	48	2	1	446	2860	3307	0.0	812
PfGA01_050037300|ATS|1|2624|3069	PC0104-C.g47	86.384	448	59	2	1	446	3045	3492	0.0	795
PfGA01_050037300|ATS|1|2624|3069	QE0468-C.g202	86.067	445	61	1	3	446	2891	3335	0.0	786
PfGA01_050037300|ATS|1|2624|3069	PFKE11.g431	86.161	448	58	4	1	446	3005	3450	0.0	782
PfGA01_050037600|NTS|1|1|64	PA0197-C.g866	69.231	65	17	2	1	64	1	63	3.64e-20	84.0
PfGA01_050037600|NTS|1|1|64	QG0226-C.g15	70.492	61	15	2	1	61	1	58	1.71e-18	79.0
PfGA01_050037600|NTS|1|1|64	PV0286-C.g43	61.905	63	24	0	1	63	1	63	2.84e-18	78.6
PfGA01_050037600|NTS|1|1|64	PV0285-C.g59	61.905	63	24	0	1	63	1	63	2.87e-18	78.6
PfGA01_050037600|NTS|1|1|64	PH0510-C.g895	63.934	61	22	0	1	61	1	61	1.37e-17	76.6
PfGA01_050037600|DBLa|1|65|489	PM0138-C.g55	69.565	437	118	6	1	425	178	611	0.0	605
PfGA01_050037600|DBLa|1|65|489	PM0138-C.g55	32.787	244	115	8	49	273	1057	1270	1.24e-26	115
PfGA01_050037600|DBLa|1|65|489	PM0138-C.g55	30.000	190	109	6	241	425	2160	2330	1.78e-13	75.1
PfGA01_050037600|DBLa|1|65|489	PM0138-C.g55	25.081	307	157	12	40	321	1465	1723	5.84e-10	64.3
PfGA01_050037600|DBLa|1|65|489	PA0214-C.g528	71.982	439	97	10	1	425	75	501	0.0	601
PfGA01_050037600|DBLa|1|65|489	PA0214-C.g528	30.137	292	139	9	60	334	876	1119	2.73e-24	108
PfGA01_050037600|DBLa|1|65|489	PA0214-C.g528	24.603	252	142	6	123	340	1537	1774	1.53e-15	81.6
PfGA01_050037600|DBLa|1|65|489	QG0187-C.g555	65.859	454	119	11	1	425	61	507	0.0	561
PfGA01_050037600|DBLa|1|65|489	QG0187-C.g555	24.931	361	198	14	103	425	1012	1337	1.10e-16	85.1
PfGA01_050037600|DBLa|1|65|489	PA0168-C.g470	67.356	435	122	9	1	425	62	486	0.0	561
PfGA01_050037600|DBLa|1|65|489	PA0168-C.g470	28.319	339	162	13	62	387	866	1136	2.45e-25	111
PfGA01_050037600|DBLa|1|65|489	PA0168-C.g470	29.126	206	126	6	224	425	1590	1779	6.75e-13	73.6
PfGA01_050037600|DBLa|1|65|489	PM0062-C.g591	67.356	435	122	9	1	425	62	486	0.0	560
PfGA01_050037600|DBLa|1|65|489	PM0062-C.g591	28.319	339	162	13	62	387	866	1136	3.31e-25	110
PfGA01_050037600|CIDRa|1|490|759	PM0041-C.g238	70.748	294	59	5	1	270	542	832	6.29e-131	406
PfGA01_050037600|CIDRa|1|490|759	PFKE07.g843	63.605	294	70	5	1	263	489	776	1.04e-110	352
PfGA01_050037600|CIDRa|1|490|759	PF0157-C.g730	65.371	283	69	6	1	263	486	759	2.59e-109	348
PfGA01_050037600|CIDRa|1|490|759	PA0187-C.g790	61.438	306	74	4	1	267	505	805	6.41e-108	344
PfGA01_050037600|CIDRa|1|490|759	PC0107-C.g757	66.308	279	69	8	1	261	501	772	3.63e-107	342
PfGA01_050037600|DBLd|1|838|1366	PF0359-C.g10	51.201	541	220	15	16	529	107	630	1.20e-147	451
PfGA01_050037600|DBLd|1|838|1366	PC0113-C.g517	48.739	595	202	19	1	529	908	1465	2.66e-146	462
PfGA01_050037600|DBLd|1|838|1366	PC0113-C.g517	24.490	392	192	14	193	529	196	538	3.77e-11	68.6
PfGA01_050037600|DBLd|1|838|1366	PF0282-C.g419	48.866	573	218	16	1	529	904	1445	1.10e-145	461
PfGA01_050037600|DBLd|1|838|1366	PF0282-C.g419	24.235	392	193	15	193	529	196	538	3.74e-11	68.6
PfGA01_050037600|DBLd|1|838|1366	PFKE09.g500	50.179	558	227	17	1	529	351	886	1.44e-143	446
PfGA01_050037600|DBLd|1|838|1366	QE0476-C.g857	49.215	573	210	20	1	529	908	1443	2.90e-143	449
PfGA01_050037600|DBLd|1|838|1366	QE0476-C.g857	31.250	112	70	3	366	473	313	421	7.41e-08	57.8
PfGA01_050037600|CIDRb|1|1367|1614	QE0465-C.g567	91.020	245	18	3	1	243	1294	1536	1.99e-134	416
PfGA01_050037600|CIDRb|1|1367|1614	PM0090-C.g701	78.138	247	50	3	1	245	1324	1568	2.06e-111	353
PfGA01_050037600|CIDRb|1|1367|1614	PM0098-C.g632	71.200	250	69	3	1	248	1827	2075	4.78e-107	341
PfGA01_050037600|CIDRb|1|1367|1614	PV0023-C.g24	77.119	236	53	1	1	236	2365	2599	2.13e-106	339
PfGA01_050037600|CIDRb|1|1367|1614	PF0122-C.g24	71.186	236	67	1	1	236	819	1053	2.82e-104	328
PfGA01_050037600|ATS|1|1737|2202	PV0234-C.g27	75.734	511	76	9	1	466	2445	2952	0.0	693
PfGA01_050037600|ATS|1|1737|2202	PV0239-C.g10	72.908	502	96	7	1	466	3361	3858	0.0	680
PfGA01_050037600|ATS|1|1737|2202	QE0436-C.g670	73.025	519	76	11	2	466	1708	2216	0.0	666
PfGA01_050037600|ATS|1|1737|2202	PT0034-C.g724	72.427	515	84	9	1	466	2851	3356	0.0	665
PfGA01_050037600|ATS|1|1737|2202	PD0549-C.g516	76.221	471	84	8	1	466	2187	2634	0.0	664
PfGA01_060005100|NTS|1|1|64	PV0133-C.g13	93.443	61	4	0	1	61	1	61	6.22e-33	120
PfGA01_060005100|NTS|1|1|64	QE0464-C.g518	89.062	64	7	0	1	64	1	64	6.71e-33	120
PfGA01_060005100|NTS|1|1|64	PA0044-C.g437	89.062	64	7	0	1	64	1	64	6.98e-33	120
PfGA01_060005100|NTS|1|1|64	PV0082-C.g59	89.062	64	7	0	1	64	1	64	7.54e-33	120
PfGA01_060005100|NTS|1|1|64	PA0263-C.g828	89.062	64	7	0	1	64	1	64	8.07e-33	119
PfGA01_060005100|DBLa|1|65|486	QE0414-C.g431	84.471	425	61	4	1	422	65	487	0.0	704
PfGA01_060005100|DBLa|1|65|486	QE0414-C.g431	27.679	336	203	10	53	388	1748	2043	2.43e-24	108
PfGA01_060005100|DBLa|1|65|486	QE0414-C.g431	24.928	349	202	12	121	422	1046	1381	2.22e-15	81.3
PfGA01_060005100|DBLa|1|65|486	QE0414-C.g431	24.825	286	145	10	51	336	2127	2342	3.92e-14	77.4
PfGA01_060005100|DBLa|1|65|486	PFKE07.g41	82.118	425	70	5	1	422	65	486	0.0	686
PfGA01_060005100|DBLa|1|65|486	PFKE07.g41	32.979	94	61	2	247	339	1201	1293	1.85e-07	56.2
PfGA01_060005100|DBLa|1|65|486	PM0004-C.g392	82.353	425	71	4	1	422	65	488	0.0	684
PfGA01_060005100|DBLa|1|65|486	PM0004-C.g392	22.397	317	181	10	116	389	1048	1342	2.24e-11	68.6
PfGA01_060005100|DBLa|1|65|486	PT0041-C.g399	80.986	426	76	4	1	422	65	489	0.0	677
PfGA01_060005100|DBLa|1|65|486	PT0041-C.g399	30.570	193	116	5	235	422	1158	1337	2.61e-13	74.7
PfGA01_060005100|DBLa|1|65|486	PT0184-C.g348	79.765	425	79	6	1	422	65	485	0.0	664
PfGA01_060005100|DBLa|1|65|486	PT0184-C.g348	23.889	360	195	16	107	422	1079	1403	1.46e-09	62.8
PfGA01_060005100|CIDRa|1|487|742	QG0208-C.g36	80.934	257	47	2	1	256	490	745	7.25e-131	400
PfGA01_060005100|CIDRa|1|487|742	QE0414-C.g431	81.641	256	46	1	1	256	488	742	1.43e-127	400
PfGA01_060005100|CIDRa|1|487|742	PT0005-CW.g252	74.609	256	64	1	1	256	483	737	5.65e-114	361
PfGA01_060005100|CIDRa|1|487|742	PM0038-C.g1812	68.750	256	78	2	1	256	97	350	6.42e-114	353
PfGA01_060005100|CIDRa|1|487|742	PT0063-C.g602	67.578	256	82	1	1	256	473	727	2.59e-113	358
PfGA01_060005100|DBLd|1|814|1301	PA0053-C.g7	50.662	529	202	15	1	488	142	652	1.40e-149	454
PfGA01_060005100|DBLd|1|814|1301	PA0057-C.g529	48.529	544	206	14	1	488	901	1426	4.40e-147	458
PfGA01_060005100|DBLd|1|814|1301	PA0057-C.g529	23.529	255	150	7	175	420	185	403	2.44e-10	65.9
PfGA01_060005100|DBLd|1|814|1301	PA0026-C.g152	48.529	544	206	14	1	488	901	1426	1.71e-145	459
PfGA01_060005100|DBLd|1|814|1301	PA0026-C.g152	23.529	255	150	7	175	420	185	403	2.24e-10	65.9
PfGA01_060005100|DBLd|1|814|1301	QE0476-C.g722	50.000	514	204	15	1	488	799	1285	5.53e-143	450
PfGA01_060005100|DBLd|1|814|1301	QE0476-C.g722	26.286	350	193	16	171	488	173	489	2.13e-16	85.1
PfGA01_060005100|DBLd|1|814|1301	QG0195-C.g452	49.807	518	225	16	1	488	906	1418	7.26e-143	452
PfGA01_060005100|DBLd|1|814|1301	QG0195-C.g452	25.378	331	210	12	175	488	205	515	7.58e-16	83.2
PfGA01_060005100|CIDRb|1|1302|1557	SenT230.08.g677	65.726	248	82	3	1	247	701	946	1.22e-100	318
PfGA01_060005100|CIDRb|1|1302|1557	PM0058-C.g870	66.129	248	81	3	1	247	1360	1605	5.07e-99	318
PfGA01_060005100|CIDRb|1|1302|1557	PT0098-C.g592	66.129	248	81	3	1	247	1394	1639	5.17e-99	318
PfGA01_060005100|CIDRb|1|1302|1557	SenT058.11.g1011	63.566	258	84	4	1	254	703	954	5.16e-98	310
PfGA01_060005100|CIDRb|1|1302|1557	PA0204-C.g588	65.726	248	82	3	1	247	1437	1682	5.82e-98	315
PfGA01_060005100|ATS|1|1668|2128	PD0549-C.g516	79.281	473	61	11	1	461	2187	2634	0.0	697
PfGA01_060005100|ATS|1|1668|2128	PD0511-C.g583	79.281	473	61	11	1	461	2187	2634	0.0	697
PfGA01_060005100|ATS|1|1668|2128	PV0028-C.g31	74.583	480	79	11	1	461	1737	2192	0.0	675
PfGA01_060005100|ATS|1|1668|2128	PV0234-C.g27	74.269	513	75	10	1	461	2445	2952	0.0	668
PfGA01_060005100|ATS|1|1668|2128	PV0139-C.g130	72.534	517	74	9	1	461	874	1378	0.0	660
PfGA01_060005600|NTS|1|1|61	PA0176-C.g548	94.340	53	3	0	9	61	7	59	4.18e-25	97.8
PfGA01_060005600|NTS|1|1|61	PM0145-C.g332	92.453	53	4	0	9	61	119	171	1.91e-24	95.9
PfGA01_060005600|NTS|1|1|61	PA0256-C.g707	69.565	69	13	1	1	61	1	69	1.01e-23	94.0
PfGA01_060005600|NTS|1|1|61	PM0108-C.g110	69.565	69	13	1	1	61	1	69	1.11e-23	93.6
PfGA01_060005600|NTS|1|1|61	PA0232-C.g880	69.565	69	13	1	1	61	1	69	1.72e-23	93.2
PfGA01_060005600|DBLa|1|62|460	PT0225-C.g729	67.381	420	114	7	1	399	59	476	0.0	554
PfGA01_060005600|DBLa|1|62|460	PT0225-C.g729	30.049	203	116	8	211	399	1196	1386	1.60e-14	78.2
PfGA01_060005600|DBLa|1|62|460	PT0066-C.g705	67.381	420	114	7	1	399	59	476	0.0	554
PfGA01_060005600|DBLa|1|62|460	PT0066-C.g705	30.049	203	116	8	211	399	1196	1386	1.60e-14	78.2
PfGA01_060005600|DBLa|1|62|460	PT0035-C.g466	67.381	420	114	7	1	399	59	476	0.0	554
PfGA01_060005600|DBLa|1|62|460	PT0035-C.g466	30.049	203	116	8	211	399	1196	1386	1.74e-14	77.8
PfGA01_060005600|DBLa|1|62|460	PM0108-C.g110	64.988	417	128	4	1	399	70	486	0.0	538
PfGA01_060005600|DBLa|1|62|460	PA0256-C.g707	64.988	417	128	4	1	399	70	486	9.60e-177	537
PfGA01_060005600|DBLa|1|62|460	PA0256-C.g707	24.555	281	135	7	176	399	1070	1330	2.33e-14	77.4
PfGA01_060005600|CIDRa|1|461|710	PF0638-C.g8825	89.200	250	27	0	1	250	463	712	2.17e-133	414
PfGA01_060005600|CIDRa|1|461|710	PA0008-C.g509	81.048	248	46	1	1	247	468	715	1.47e-119	377
PfGA01_060005600|CIDRa|1|461|710	PT0118-C.g990	74.603	252	62	2	1	250	458	709	1.62e-118	369
PfGA01_060005600|CIDRa|1|461|710	PH0148-CW.g97	77.381	252	55	2	1	250	470	721	2.26e-118	369
PfGA01_060005600|CIDRa|1|461|710	PA0079-C.g370	77.381	252	55	2	1	250	463	714	9.22e-118	367
PfGA01_060005600|DBLb|1|730|1187	PV0287-C.g17	74.689	482	92	6	1	458	768	1243	0.0	710
PfGA01_060005600|DBLb|1|730|1187	PV0287-C.g17	31.136	273	137	8	109	339	135	398	4.74e-27	117
PfGA01_060005600|DBLb|1|730|1187	QE0468-C.g609	74.689	482	92	6	1	458	771	1246	0.0	709
PfGA01_060005600|DBLb|1|730|1187	QE0468-C.g609	31.136	273	137	8	109	339	138	401	6.01e-27	117
PfGA01_060005600|DBLb|1|730|1187	QE0444-C.g418	74.689	482	92	6	1	458	768	1243	0.0	709
PfGA01_060005600|DBLb|1|730|1187	QE0444-C.g418	31.136	273	137	8	109	339	135	398	6.01e-27	117
PfGA01_060005600|DBLb|1|730|1187	QE0437-C.g526	74.689	482	92	6	1	458	768	1243	0.0	709
PfGA01_060005600|DBLb|1|730|1187	QE0437-C.g526	31.136	273	137	8	109	339	135	398	6.01e-27	117
PfGA01_060005600|DBLb|1|730|1187	PV0251-C.g15	74.689	482	92	6	1	458	771	1246	0.0	709
PfGA01_060005600|DBLb|1|730|1187	PV0251-C.g15	31.136	273	137	8	109	339	138	401	6.01e-27	117
PfGA01_060005600|DBLg|1|1201|1539	PF0035-C.g205	72.515	342	89	3	1	339	1700	2039	2.11e-152	476
PfGA01_060005600|DBLg|1|1201|1539	PF0035-C.g205	37.859	383	183	13	1	339	2062	2433	2.13e-60	211
PfGA01_060005600|DBLg|1|1201|1539	PF0035-C.g205	24.561	399	146	15	42	286	952	1349	3.79e-18	88.2
PfGA01_060005600|DBLg|1|1201|1539	QE0471-C.g922	68.605	344	94	4	1	339	1297	1631	4.15e-151	466
PfGA01_060005600|DBLg|1|1201|1539	QE0471-C.g922	26.042	288	160	11	29	279	920	1191	2.13e-09	61.2
PfGA01_060005600|DBLg|1|1201|1539	QE0471-C.g922	26.012	173	95	5	145	286	221	391	1.64e-07	55.5
PfGA01_060005600|DBLg|1|1201|1539	PD0632-C.g203	68.314	344	94	4	1	339	1309	1642	9.43e-149	465
PfGA01_060005600|DBLg|1|1201|1539	PD0632-C.g203	25.301	415	171	12	1	281	1660	2069	4.00e-25	108
PfGA01_060005600|DBLg|1|1201|1539	PD0632-C.g203	23.264	288	168	10	29	279	932	1203	1.25e-09	62.0
PfGA01_060005600|DBLg|1|1201|1539	PD0632-C.g203	26.012	173	95	5	145	286	227	397	1.54e-07	55.8
PfGA01_060005600|DBLg|1|1201|1539	PD0519-C.g629	68.314	344	94	4	1	339	1309	1642	9.43e-149	465
PfGA01_060005600|DBLg|1|1201|1539	PD0519-C.g629	25.301	415	171	12	1	281	1660	2069	4.00e-25	108
PfGA01_060005600|DBLg|1|1201|1539	PD0519-C.g629	23.264	288	168	10	29	279	932	1203	1.25e-09	62.0
PfGA01_060005600|DBLg|1|1201|1539	PD0519-C.g629	26.012	173	95	5	145	286	227	397	1.54e-07	55.8
PfGA01_060005600|DBLg|1|1201|1539	PD0539-C.g395	68.314	344	94	4	1	339	1274	1607	1.12e-148	465
PfGA01_060005600|DBLg|1|1201|1539	PD0539-C.g395	24.819	415	173	11	1	281	1625	2034	4.39e-25	108
PfGA01_060005600|DBLg|1|1201|1539	PD0539-C.g395	23.264	288	168	10	29	279	897	1168	1.82e-09	61.6
PfGA01_060005600|DBLd|1|1557|2035	SenT113.09.g303	63.115	488	152	9	1	479	1639	2107	2.15e-179	556
PfGA01_060005600|DBLd|1|1557|2035	SenT113.09.g303	34.188	234	108	11	1	231	1273	1463	5.05e-21	99.4
PfGA01_060005600|DBLd|1|1557|2035	SenT113.09.g303	27.461	386	210	16	113	479	152	486	1.19e-19	95.1
PfGA01_060005600|DBLd|1|1557|2035	PD0539-C.g467	63.115	488	152	9	1	479	1639	2107	2.10e-178	555
PfGA01_060005600|DBLd|1|1557|2035	PD0539-C.g467	34.188	234	108	11	1	231	1273	1463	5.76e-21	99.4
PfGA01_060005600|DBLd|1|1557|2035	PD0539-C.g467	27.461	386	210	16	113	479	152	486	1.97e-19	94.4
PfGA01_060005600|DBLd|1|1557|2035	PA0185-C.g749	59.491	511	146	15	1	479	856	1337	2.30e-173	533
PfGA01_060005600|DBLd|1|1557|2035	PA0185-C.g749	31.176	170	88	7	309	457	322	483	1.91e-10	65.9
PfGA01_060005600|DBLd|1|1557|2035	PFKE11.g647	61.323	499	156	17	1	479	1533	2014	1.57e-160	505
PfGA01_060005600|DBLd|1|1557|2035	PFKE11.g647	28.151	238	102	9	1	232	1189	1363	3.19e-16	84.3
PfGA01_060005600|DBLd|1|1557|2035	PFKE11.g647	32.796	186	105	6	305	479	292	468	1.71e-14	79.0
PfGA01_060005600|DBLd|1|1557|2035	QE0471-C.g110	56.790	486	181	14	1	479	223	686	1.14e-156	474
PfGA01_060005600|CIDRb|1|2036|2282	PA0185-C.g749	80.738	244	43	2	1	240	1338	1581	2.50e-128	400
PfGA01_060005600|CIDRb|1|2036|2282	PFKE09.g372	79.098	244	44	4	1	242	1361	1599	5.71e-125	391
PfGA01_060005600|CIDRb|1|2036|2282	PF0282-C.g84	65.600	250	78	3	1	242	2650	2899	1.69e-103	331
PfGA01_060005600|CIDRb|1|2036|2282	PV0233-C.g18	65.690	239	80	2	1	239	1410	1646	2.91e-99	319
PfGA01_060005600|CIDRb|1|2036|2282	PF0011-C.g366	67.373	236	74	2	1	235	1286	1519	5.88e-99	318
PfGA01_060005600|CIDRb|1|2036|2282	PF0011-C.g366	34.524	84	49	1	85	162	85	168	2.47e-07	53.5
PfGA01_060005600|ATS|1|2400|2841	PFKE09.g563	84.753	446	60	7	1	442	775	1216	0.0	738
PfGA01_060005600|ATS|1|2400|2841	PV0147-C.g7	83.480	454	48	7	1	442	1761	2199	0.0	730
PfGA01_060005600|ATS|1|2400|2841	PC0107-C.g899	85.811	444	52	3	1	442	1572	2006	0.0	718
PfGA01_060005600|ATS|1|2400|2841	QE0434-C.g814	84.944	445	45	9	1	442	2811	3236	0.0	715
PfGA01_060005600|ATS|1|2400|2841	PH0121-CW.g102	83.296	443	59	5	1	442	802	1230	0.0	712
PfGA01_060022400|NTS|1|1|61	QE0440-C.g464	100.000	61	0	0	1	61	1	61	7.51e-33	119
PfGA01_060022400|NTS|1|1|61	PA0185-C.g673	100.000	61	0	0	1	61	1	61	1.59e-32	119
PfGA01_060022400|NTS|1|1|61	PA0151-C.g682	100.000	61	0	0	1	61	1	61	1.59e-32	119
PfGA01_060022400|NTS|1|1|61	PM0017-C.g801	100.000	61	0	0	1	61	1	61	1.59e-32	119
PfGA01_060022400|NTS|1|1|61	PF0282-C.g444	100.000	61	0	0	1	61	1	61	1.59e-32	119
PfGA01_060022400|DBLa|1|62|465	QE0481-C.g269	100.000	404	0	0	1	404	68	471	0.0	840
PfGA01_060022400|DBLa|1|62|465	QE0481-C.g269	33.688	282	138	14	8	269	806	1058	4.37e-26	113
PfGA01_060022400|DBLa|1|62|465	QE0481-C.g269	26.048	334	182	11	116	404	1384	1697	1.52e-13	75.1
PfGA01_060022400|DBLa|1|62|465	PV0288-C.g30	100.000	404	0	0	1	404	62	465	0.0	840
PfGA01_060022400|DBLa|1|62|465	PV0288-C.g30	33.688	282	138	14	8	269	800	1052	5.11e-26	113
PfGA01_060022400|DBLa|1|62|465	PV0288-C.g30	26.048	334	182	11	116	404	1378	1691	1.48e-13	75.1
PfGA01_060022400|DBLa|1|62|465	QE0469-C.g795	100.000	404	0	0	1	404	62	465	0.0	839
PfGA01_060022400|DBLa|1|62|465	QE0469-C.g795	33.688	282	138	14	8	269	800	1052	4.37e-26	113
PfGA01_060022400|DBLa|1|62|465	QE0469-C.g795	26.048	334	182	11	116	404	1378	1691	1.52e-13	75.1
PfGA01_060022400|DBLa|1|62|465	QE0467-C.g572	100.000	404	0	0	1	404	62	465	0.0	839
PfGA01_060022400|DBLa|1|62|465	QE0467-C.g572	33.688	282	138	14	8	269	800	1052	4.37e-26	113
PfGA01_060022400|DBLa|1|62|465	QE0467-C.g572	26.048	334	182	11	116	404	1378	1691	1.52e-13	75.1
PfGA01_060022400|DBLa|1|62|465	QE0398-C.g578	100.000	404	0	0	1	404	62	465	0.0	839
PfGA01_060022400|DBLa|1|62|465	QE0398-C.g578	33.688	282	138	14	8	269	800	1052	4.37e-26	113
PfGA01_060022400|DBLa|1|62|465	QE0398-C.g578	26.048	334	182	11	116	404	1378	1691	1.52e-13	75.1
PfGA01_060022400|CIDRa|1|466|708	PV0205-C.g28	99.588	243	1	0	1	243	479	721	1.86e-169	498
PfGA01_060022400|CIDRa|1|466|708	PA0016-C.g308	100.000	243	0	0	1	243	466	708	5.94e-169	501
PfGA01_060022400|CIDRa|1|466|708	PF0330-C.g341	100.000	243	0	0	1	243	466	708	2.12e-167	501
PfGA01_060022400|CIDRa|1|466|708	PT0027-C.g588	100.000	243	0	0	1	243	469	711	2.67e-167	502
PfGA01_060022400|CIDRa|1|466|708	QG0190-C.g5	100.000	243	0	0	1	243	466	708	2.97e-167	502
PfGA01_060022400|DBLb|1|737|1185	PT0242-Cx.g8	100.000	449	0	0	1	449	229	677	0.0	948
PfGA01_060022400|DBLb|1|737|1185	PT0080-C.g303	100.000	449	0	0	1	449	737	1185	0.0	948
PfGA01_060022400|DBLb|1|737|1185	PT0080-C.g303	31.437	334	177	14	13	316	19	330	1.27e-25	112
PfGA01_060022400|DBLb|1|737|1185	PA0051-C.g79	100.000	449	0	0	1	449	737	1185	0.0	948
PfGA01_060022400|DBLb|1|737|1185	PA0051-C.g79	31.437	334	177	14	13	316	19	330	1.27e-25	112
PfGA01_060022400|DBLb|1|737|1185	PA0017-C.g400	100.000	449	0	0	1	449	737	1185	0.0	948
PfGA01_060022400|DBLb|1|737|1185	PA0017-C.g400	31.437	334	177	14	13	316	19	330	1.27e-25	112
PfGA01_060022400|DBLb|1|737|1185	QG0258-C.g190	100.000	449	0	0	1	449	740	1188	0.0	947
PfGA01_060022400|DBLb|1|737|1185	QG0258-C.g190	31.437	334	177	14	13	316	19	330	1.40e-25	112
PfGA01_060022400|DBLd|1|1207|1691	PV0155-C.g6	100.000	485	0	0	1	485	1226	1710	0.0	1003
PfGA01_060022400|DBLd|1|1207|1691	PV0155-C.g6	25.280	447	240	17	56	485	115	484	2.02e-14	78.6
PfGA01_060022400|DBLd|1|1207|1691	PT0242-Cx.g8	100.000	485	0	0	1	485	699	1183	0.0	1003
PfGA01_060022400|DBLd|1|1207|1691	QE0481-C.g269	100.000	485	0	0	1	485	1213	1697	0.0	1002
PfGA01_060022400|DBLd|1|1207|1691	QE0481-C.g269	25.280	447	240	17	56	485	102	471	1.74e-14	79.0
PfGA01_060022400|DBLd|1|1207|1691	PC0073-C.g194	100.000	485	0	0	1	485	1208	1692	0.0	1002
PfGA01_060022400|DBLd|1|1207|1691	PC0073-C.g194	24.609	447	243	17	56	485	96	465	1.03e-12	73.2
PfGA01_060022400|DBLd|1|1207|1691	PA0050-C.g370	100.000	485	0	0	1	485	1213	1697	0.0	1002
PfGA01_060022400|DBLd|1|1207|1691	PA0050-C.g370	24.722	449	240	19	56	485	102	471	1.28e-12	73.2
PfGA01_060022400|CIDRb|1|1692|1944	QG0292-C.g3671	100.000	253	0	0	1	253	676	928	1.29e-177	518
PfGA01_060022400|CIDRb|1|1692|1944	PF0784-C.g274	100.000	253	0	0	1	253	1397	1649	2.67e-172	520
PfGA01_060022400|CIDRb|1|1692|1944	PT0242-Cx.g8	100.000	253	0	0	1	253	1184	1436	2.78e-172	516
PfGA01_060022400|CIDRb|1|1692|1944	PT0242-Cx.g8	28.070	171	91	5	98	253	47	200	2.48e-07	53.5
PfGA01_060022400|CIDRb|1|1692|1944	PA0085-C.g349	100.000	253	0	0	1	253	1405	1657	4.13e-172	520
PfGA01_060022400|CIDRb|1|1692|1944	QG0291-C.g2954	100.000	253	0	0	1	253	1263	1515	5.46e-172	517
PfGA01_060022400|ATS|1|2053|2419	PF0288-C.g374	100.000	367	0	0	1	367	1648	2014	0.0	756
PfGA01_060022400|ATS|1|2053|2419	PA0202-C.g54	98.619	362	5	0	6	367	2385	2746	0.0	737
PfGA01_060022400|ATS|1|2053|2419	PF0240-C.g44	98.619	362	5	0	6	367	2418	2779	0.0	736
PfGA01_060022400|ATS|1|2053|2419	QE0434-C.g351	98.343	362	6	0	6	367	1676	2037	0.0	735
PfGA01_060022400|ATS|1|2053|2419	PD0523-C.g267	98.343	362	6	0	6	367	1676	2037	0.0	735
PfGA01_070015100|NTS|1|1|82	PA0214-C.g897	100.000	82	0	0	1	82	1	82	8.53e-48	163
PfGA01_070015100|NTS|1|1|82	SenT055.11.g62	100.000	82	0	0	1	82	1	82	8.53e-48	163
PfGA01_070015100|NTS|1|1|82	PA0049-C.g339	75.342	73	16	1	9	81	2	72	4.19e-24	95.9
PfGA01_070015100|NTS|1|1|82	PA0017-C.g496	77.049	61	14	0	22	82	14	74	3.68e-22	90.5
PfGA01_070015100|NTS|1|1|82	PA0008-C.g1061	77.049	61	14	0	22	82	14	74	3.68e-22	90.5
PfGA01_070015100|DBLa|1|83|522	PA0214-C.g897	79.167	456	73	5	1	440	83	532	0.0	726
PfGA01_070015100|DBLa|1|83|522	PA0214-C.g897	26.667	300	156	11	177	440	1152	1423	1.02e-14	79.3
PfGA01_070015100|DBLa|1|83|522	SenT055.11.g62	79.167	456	73	5	1	440	83	532	0.0	726
PfGA01_070015100|DBLa|1|83|522	SenT055.11.g62	26.667	300	156	11	177	440	1152	1423	1.02e-14	79.3
PfGA01_070015100|DBLa|1|83|522	PM0103-C.g471	72.093	473	98	6	1	440	64	535	0.0	677
PfGA01_070015100|DBLa|1|83|522	PM0103-C.g471	23.969	388	210	18	95	440	1058	1402	2.40e-11	68.6
PfGA01_070015100|DBLa|1|83|522	PM0085-C.g583	70.346	462	111	5	1	440	61	518	0.0	654
PfGA01_070015100|DBLa|1|83|522	PM0085-C.g583	32.298	161	101	4	234	388	1196	1354	1.54e-13	75.5
PfGA01_070015100|DBLa|1|83|522	PA0260-C.g683	70.474	464	105	9	1	440	69	524	0.0	634
PfGA01_070015100|DBLa|1|83|522	PA0260-C.g683	36.000	125	78	2	234	357	1265	1388	2.01e-13	75.1
PfGA01_070015100|CIDRa|1|523|838	PF0240-C.g495	99.684	316	1	0	1	316	507	822	0.0	642
PfGA01_070015100|CIDRa|1|523|838	QG0286-C.g2094	100.000	202	0	0	115	316	1	202	2.74e-134	411
PfGA01_070015100|CIDRa|1|523|838	PT0095-C.g528	66.772	316	92	10	1	313	480	785	5.02e-121	383
PfGA01_070015100|CIDRa|1|523|838	QE0401-C.g669	67.089	316	91	6	1	314	513	817	3.37e-118	375
PfGA01_070015100|CIDRa|1|523|838	PV0256-C.g42	67.089	316	91	6	1	314	513	817	3.72e-118	375
PfGA01_070015100|DBLd|1|910|1435	QG0225-C.g17	99.049	526	5	0	1	526	715	1240	0.0	1068
PfGA01_070015100|DBLd|1|910|1435	QG0225-C.g17	31.383	188	92	7	274	456	35	190	1.82e-18	91.7
PfGA01_070015100|DBLd|1|910|1435	QE0466-C.g791	49.094	552	228	16	1	526	2138	2662	1.25e-150	479
PfGA01_070015100|DBLd|1|910|1435	QE0466-C.g791	33.660	306	128	11	157	462	1679	1909	6.29e-39	154
PfGA01_070015100|DBLd|1|910|1435	QE0466-C.g791	29.085	306	129	10	157	462	1319	1536	3.43e-26	116
PfGA01_070015100|DBLd|1|910|1435	QE0466-C.g791	25.311	241	133	8	223	456	190	390	3.02e-11	68.9
PfGA01_070015100|DBLd|1|910|1435	PM0060-C.g724	49.020	561	218	16	1	526	806	1333	6.02e-148	466
PfGA01_070015100|DBLd|1|910|1435	PM0060-C.g724	27.928	333	175	14	223	526	178	474	3.15e-20	97.4
PfGA01_070015100|DBLd|1|910|1435	PF0311-C.g534	47.863	585	202	22	1	526	902	1442	3.10e-146	462
PfGA01_070015100|DBLd|1|910|1435	PF0311-C.g534	27.273	231	145	6	232	462	189	396	5.08e-15	80.9
PfGA01_070015100|DBLd|1|910|1435	SenT097.09.g947	48.479	559	190	21	1	526	209	702	4.27e-144	443
PfGA01_070015100|CIDRb|1|1436|1685	QG0225-C.g17	100.000	250	0	0	1	250	1241	1490	8.74e-171	512
PfGA01_070015100|CIDRb|1|1436|1685	PA0026-C.g200	81.673	251	43	3	1	250	756	1004	6.71e-121	372
PfGA01_070015100|CIDRb|1|1436|1685	PA0057-C.g464	81.673	251	43	3	1	250	1380	1628	7.65e-118	371
PfGA01_070015100|CIDRb|1|1436|1685	PF0424-C.g817	74.016	254	55	6	1	250	1326	1572	1.99e-102	328
PfGA01_070015100|CIDRb|1|1436|1685	PF0424-C.g817	32.381	105	60	3	71	168	556	656	6.80e-07	52.4
PfGA01_070015100|CIDRb|1|1436|1685	PA0187-C.g893	73.092	249	60	5	1	249	1343	1584	7.59e-98	315
PfGA01_070015100|ATS|1|1797|2274	PD0472-C.g722	81.628	479	82	6	1	478	1681	2154	0.0	731
PfGA01_070015100|ATS|1|1797|2274	PF0638-C.g8678	78.947	494	80	7	1	478	1747	2232	0.0	714
PfGA01_070015100|ATS|1|1797|2274	QE0439-C.g985	79.381	485	90	5	1	478	1674	2155	0.0	712
PfGA01_070015100|ATS|1|1797|2274	PD0582-C.g452	74.743	487	83	7	1	478	2584	3039	0.0	701
PfGA01_070015100|ATS|1|1797|2274	PF0235-C.g378	81.366	483	67	5	1	466	760	1236	0.0	693
PfGA01_070015400|NTS|1|1|82	PA0214-C.g897	100.000	82	0	0	1	82	1	82	8.53e-48	163
PfGA01_070015400|NTS|1|1|82	SenT055.11.g62	100.000	82	0	0	1	82	1	82	8.53e-48	163
PfGA01_070015400|NTS|1|1|82	PA0049-C.g339	75.342	73	16	1	9	81	2	72	4.19e-24	95.9
PfGA01_070015400|NTS|1|1|82	PA0017-C.g496	77.049	61	14	0	22	82	14	74	3.68e-22	90.5
PfGA01_070015400|NTS|1|1|82	PA0008-C.g1061	77.049	61	14	0	22	82	14	74	3.68e-22	90.5
PfGA01_070015400|DBLa|1|83|532	PA0214-C.g897	100.000	450	0	0	1	450	83	532	0.0	942
PfGA01_070015400|DBLa|1|83|532	PA0214-C.g897	25.854	205	112	4	177	347	1152	1350	1.14e-14	79.3
PfGA01_070015400|DBLa|1|83|532	SenT055.11.g62	100.000	450	0	0	1	450	83	532	0.0	942
PfGA01_070015400|DBLa|1|83|532	SenT055.11.g62	25.854	205	112	4	177	347	1152	1350	1.14e-14	79.3
PfGA01_070015400|DBLa|1|83|532	PM0085-C.g583	73.491	464	103	8	1	450	61	518	0.0	683
PfGA01_070015400|DBLa|1|83|532	PM0085-C.g583	32.065	184	107	6	234	413	1196	1365	2.20e-17	87.8
PfGA01_070015400|DBLa|1|83|532	PA0260-C.g683	73.638	459	109	6	1	450	69	524	0.0	680
PfGA01_070015400|DBLa|1|83|532	PA0260-C.g683	32.787	122	81	1	234	355	1265	1385	1.62e-12	72.4
PfGA01_070015400|DBLa|1|83|532	PT0149-C.g66	73.362	473	101	9	1	450	63	533	0.0	668
PfGA01_070015400|CIDRa|1|533|827	PA0214-C.g897	100.000	295	0	0	1	295	533	827	0.0	605
PfGA01_070015400|CIDRa|1|533|827	SenT055.11.g62	100.000	295	0	0	1	295	533	827	0.0	605
PfGA01_070015400|CIDRa|1|533|827	PT0059-C.g82	77.778	297	58	4	1	295	547	837	6.26e-139	421
PfGA01_070015400|CIDRa|1|533|827	PA0186-C.g626	75.768	293	67	2	1	292	500	789	1.44e-136	425
PfGA01_070015400|CIDRa|1|533|827	QE0427-C.g1093	70.508	295	73	3	1	294	84	365	1.84e-125	390
PfGA01_070015400|DBLd|1|926|1413	PA0214-C.g897	71.260	508	116	8	1	488	926	1423	0.0	670
PfGA01_070015400|DBLd|1|926|1413	PA0214-C.g897	25.000	276	162	8	153	415	186	429	2.41e-15	81.6
PfGA01_070015400|DBLd|1|926|1413	SenT055.11.g62	71.260	508	116	8	1	488	926	1423	0.0	670
PfGA01_070015400|DBLd|1|926|1413	SenT055.11.g62	25.000	276	162	8	153	415	186	429	2.41e-15	81.6
PfGA01_070015400|DBLd|1|926|1413	QG0182-C.g748	49.636	550	187	18	1	488	873	1394	2.41e-145	458
PfGA01_070015400|DBLd|1|926|1413	QG0182-C.g748	27.311	238	132	8	231	458	250	456	9.96e-13	73.6
PfGA01_070015400|DBLd|1|926|1413	PM0156-C.g355	50.376	532	199	15	1	488	830	1340	2.80e-144	454
PfGA01_070015400|DBLd|1|926|1413	PM0156-C.g355	27.461	193	103	6	231	421	246	403	2.24e-11	68.9
PfGA01_070015400|DBLd|1|926|1413	SenT077.11.g1125	50.092	541	191	19	1	488	111	625	5.42e-144	439
PfGA01_070015400|CIDRb|1|1414|1656	PA0214-C.g897	100.000	243	0	0	1	243	1424	1666	1.38e-164	499
PfGA01_070015400|CIDRb|1|1414|1656	SenT055.11.g62	100.000	243	0	0	1	243	1424	1666	1.38e-164	499
PfGA01_070015400|CIDRb|1|1414|1656	PA0056-C.g377	78.008	241	50	2	2	242	1343	1580	8.21e-118	370
PfGA01_070015400|CIDRb|1|1414|1656	QG0261-C.g1031	73.140	242	60	3	3	241	818	1057	3.06e-111	347
PfGA01_070015400|CIDRb|1|1414|1656	PT0299-Cx.g2339	73.140	242	60	3	3	241	1413	1652	1.87e-109	347
PfGA01_070015400|ATS|1|1763|2198	PC0113-C.g949	84.719	445	57	4	1	436	1702	2144	0.0	717
PfGA01_070015400|ATS|1|1763|2198	PV0028-C.g43	81.448	442	71	9	1	436	1843	2279	0.0	697
PfGA01_070015400|ATS|1|1763|2198	PFKE09.g563	81.027	448	67	9	1	436	775	1216	0.0	682
PfGA01_070015400|ATS|1|1763|2198	PA0270-C.g443	77.609	460	74	8	1	436	2185	2639	0.0	671
PfGA01_070015400|ATS|1|1763|2198	PFKE01.g19	79.730	444	77	8	1	436	1733	2171	0.0	671
PfGA01_070015600|NTS|1|1|61	PA0232-C.g770	100.000	61	0	0	1	61	1	61	4.53e-36	129
PfGA01_070015600|NTS|1|1|61	SenT055.11.g364	100.000	61	0	0	1	61	1	61	6.48e-34	122
PfGA01_070015600|NTS|1|1|61	QG0260-C.g1072	93.548	62	3	1	1	61	1	62	1.72e-32	119
PfGA01_070015600|NTS|1|1|61	QE0424-C.g1	93.548	62	3	1	1	61	1	62	2.58e-32	118
PfGA01_070015600|NTS|1|1|61	QG0195-C.g322	100.000	55	0	0	7	61	8	62	1.30e-31	116
PfGA01_070015600|DBLa|1|62|481	SenT055.11.g364	100.000	420	0	0	1	420	62	481	0.0	881
PfGA01_070015600|DBLa|1|62|481	SenT055.11.g364	24.186	215	124	6	213	420	1193	1375	8.75e-10	63.5
PfGA01_070015600|DBLa|1|62|481	PA0232-C.g770	100.000	420	0	0	1	420	62	481	0.0	880
PfGA01_070015600|DBLa|1|62|481	PA0232-C.g770	24.186	215	124	6	213	420	1193	1375	1.03e-09	63.2
PfGA01_070015600|DBLa|1|62|481	PF0513-C.g434	79.157	427	79	5	1	420	63	486	0.0	690
PfGA01_070015600|DBLa|1|62|481	PF0513-C.g434	27.586	116	71	4	217	319	1250	1365	3.14e-07	55.5
PfGA01_070015600|DBLa|1|62|481	QG0260-C.g1072	78.241	432	81	3	1	420	63	493	0.0	675
PfGA01_070015600|DBLa|1|62|481	QG0260-C.g1072	30.814	172	94	5	227	394	1231	1381	2.19e-11	68.6
PfGA01_070015600|DBLa|1|62|481	QG0195-C.g350	78.241	432	81	3	1	420	63	493	0.0	675
PfGA01_070015600|DBLa|1|62|481	QG0195-C.g350	32.075	106	67	2	216	319	1196	1298	2.37e-09	62.0
PfGA01_070015600|CIDRa|1|482|779	PA0232-C.g770	100.000	298	0	0	1	298	482	779	0.0	615
PfGA01_070015600|CIDRa|1|482|779	SenT055.11.g364	100.000	298	0	0	1	298	482	779	0.0	615
PfGA01_070015600|CIDRa|1|482|779	SenT125.11.g227	98.311	296	5	0	1	296	490	785	0.0	598
PfGA01_070015600|CIDRa|1|482|779	QE0437-C.g670	96.309	298	9	1	1	298	510	805	0.0	590
PfGA01_070015600|CIDRa|1|482|779	QG0281-C.g471	92.617	298	21	1	1	298	513	809	6.82e-175	529
PfGA01_070015600|DBLd|1|867|1381	PC0107-C.g573	62.529	427	114	8	119	515	72	482	4.53e-164	501
PfGA01_070015600|DBLd|1|867|1381	PC0030-C.g29	50.967	569	191	14	1	515	128	662	9.65e-160	482
PfGA01_070015600|DBLd|1|867|1381	PA0158-C.g546	57.598	533	190	11	1	515	1213	1727	9.53e-152	480
PfGA01_070015600|DBLd|1|867|1381	PA0158-C.g546	26.220	328	175	10	217	515	177	466	1.57e-16	85.9
PfGA01_070015600|DBLd|1|867|1381	PV0287-C.g66	50.093	537	205	15	1	515	878	1373	1.71e-147	464
PfGA01_070015600|DBLd|1|867|1381	PV0287-C.g66	24.324	370	202	15	191	515	170	506	1.14e-13	76.6
PfGA01_070015600|DBLd|1|867|1381	PA0232-C.g432	57.925	530	190	12	1	515	1213	1724	5.02e-146	464
PfGA01_070015600|DBLd|1|867|1381	PA0232-C.g432	26.220	328	175	10	217	515	177	466	1.77e-16	85.5
PfGA01_070015600|CIDRb|1|1382|1632	PC0107-C.g573	99.602	251	1	0	1	251	483	733	1.01e-178	528
PfGA01_070015600|CIDRb|1|1382|1632	PA0008-C.g56	96.748	246	8	0	1	246	1328	1573	2.89e-164	498
PfGA01_070015600|CIDRb|1|1382|1632	SenT129.11.g816	80.894	246	46	1	1	246	646	890	1.09e-121	372
PfGA01_070015600|CIDRb|1|1382|1632	PF0513-C.g1357	82.520	246	42	1	1	246	1338	1582	3.33e-120	378
PfGA01_070015600|CIDRb|1|1382|1632	PT0059-C.g588	79.600	250	47	3	2	251	1807	2052	1.48e-117	371
PfGA01_070015600|ATS|1|1739|2198	PF0092-C.g708	75.665	489	79	9	1	460	1720	2197	0.0	676
PfGA01_070015600|ATS|1|1739|2198	QE0454-C.g647	75.460	489	80	9	1	460	1716	2193	0.0	674
PfGA01_070015600|ATS|1|1739|2198	QE0452-C.g608	74.370	476	88	8	1	460	1718	2175	0.0	662
PfGA01_070015600|ATS|1|1739|2198	PFKE06.g276	77.204	465	84	7	1	460	1752	2199	0.0	657
PfGA01_070015600|ATS|1|1739|2198	PA0209-C.g1047	72.479	476	103	9	1	460	1781	2244	0.0	654
PfGA01_070015800|NTS|1|1|63	QG0293-C.g2981	85.484	62	9	0	2	63	9	70	1.74e-27	104
PfGA01_070015800|NTS|1|1|63	PA0187-C.g877	83.051	59	10	0	5	63	11	69	2.79e-26	101
PfGA01_070015800|NTS|1|1|63	PC0046-C.g194	77.419	62	14	0	2	63	8	69	3.30e-26	100
PfGA01_070015800|NTS|1|1|63	PfKE04.g219	77.419	62	14	0	2	63	8	69	2.03e-24	95.9
PfGA01_070015800|NTS|1|1|63	QE0433-C.g206	75.806	62	15	0	2	63	9	70	3.07e-24	95.5
PfGA01_070015800|DBLa|1|66|477	PA0187-C.g877	85.036	421	52	5	1	412	72	490	0.0	725
PfGA01_070015800|DBLa|1|66|477	PA0187-C.g877	29.778	225	125	6	122	333	1052	1256	6.11e-21	97.8
PfGA01_070015800|DBLa|1|66|477	PC0046-C.g194	78.199	422	75	5	1	412	72	486	0.0	645
PfGA01_070015800|DBLa|1|66|477	PC0046-C.g194	24.159	327	198	10	118	412	1033	1341	5.08e-12	70.5
PfGA01_070015800|DBLa|1|66|477	QG0293-C.g2981	77.014	422	85	4	1	412	73	492	0.0	642
PfGA01_070015800|DBLa|1|66|477	QG0293-C.g2981	27.404	208	117	6	212	412	1183	1363	2.05e-11	68.6
PfGA01_070015800|DBLa|1|66|477	PfKE04.g219	76.777	422	81	5	1	412	72	486	0.0	634
PfGA01_070015800|DBLa|1|66|477	PfKE04.g219	49.065	428	192	13	1	412	1784	2201	2.37e-114	370
PfGA01_070015800|DBLa|1|66|477	PfKE04.g219	29.870	385	236	10	1	383	4138	4490	5.20e-37	146
PfGA01_070015800|DBLa|1|66|477	PfKE04.g219	27.342	395	208	13	10	376	2556	2899	5.47e-29	122
PfGA01_070015800|DBLa|1|66|477	PfKE04.g219	27.326	344	197	8	85	412	3082	3388	1.96e-23	105
PfGA01_070015800|DBLa|1|66|477	PfKE04.g219	27.469	324	170	13	13	336	4532	4790	2.62e-19	93.2
PfGA01_070015800|DBLa|1|66|477	PfKE04.g219	32.584	178	99	7	239	412	1183	1343	7.42e-14	76.3
PfGA01_070015800|DBLa|1|66|477	PfKE04.g219	22.742	299	157	12	55	330	3739	3986	4.89e-09	61.2
PfGA01_070015800|DBLa|1|66|477	PA0263-C.g1126	70.714	420	107	6	1	412	70	481	0.0	587
PfGA01_070015800|DBLa|1|66|477	PA0263-C.g1126	32.536	209	123	7	207	412	1168	1361	4.20e-17	86.3
PfGA01_070015800|CIDRa|1|478|725	QG0190-C.g1164	93.361	241	15	1	1	240	470	710	2.20e-140	432
PfGA01_070015800|CIDRa|1|478|725	QG0190-C.g1164	23.874	222	150	4	33	243	1322	1535	1.16e-11	66.6
PfGA01_070015800|CIDRa|1|478|725	PA0022-C.g382	81.200	250	45	2	1	248	482	731	3.81e-132	410
PfGA01_070015800|CIDRa|1|478|725	PA0022-C.g382	35.366	82	53	0	94	175	1449	1530	2.67e-11	65.5
PfGA01_070015800|CIDRa|1|478|725	PT0066-C.g731	79.435	248	50	1	1	248	475	721	9.05e-131	407
PfGA01_070015800|CIDRa|1|478|725	PA0187-C.g877	81.328	241	44	1	1	240	491	731	5.85e-128	399
PfGA01_070015800|CIDRa|1|478|725	PH0643-C.g68	75.904	249	59	1	1	248	476	724	7.52e-128	389
PfGA01_070015800|DBLd|1|815|1348	PA0158-C.g546	58.377	567	151	15	1	534	1213	1727	9.76e-180	557
PfGA01_070015800|DBLd|1|815|1348	PA0158-C.g546	31.694	183	110	5	361	534	290	466	6.70e-16	84.0
PfGA01_070015800|DBLd|1|815|1348	PF0282-C.g419	53.901	564	208	16	1	534	904	1445	4.08e-163	509
PfGA01_070015800|DBLd|1|815|1348	PF0282-C.g419	23.315	356	196	12	227	534	212	538	2.09e-09	63.2
PfGA01_070015800|DBLd|1|815|1348	PA0027-C.g740	52.364	550	194	15	1	534	895	1392	6.79e-160	500
PfGA01_070015800|DBLd|1|815|1348	PA0027-C.g740	27.431	288	144	14	278	534	247	500	1.54e-12	73.2
PfGA01_070015800|DBLd|1|815|1348	SenT036.10.g1127	52.000	550	180	14	1	534	895	1376	1.63e-158	494
PfGA01_070015800|DBLd|1|815|1348	SenT036.10.g1127	27.431	288	144	14	278	534	247	500	2.41e-12	72.4
PfGA01_070015800|DBLd|1|815|1348	QG0184-C.g406	52.000	550	180	14	1	534	895	1376	2.78e-158	495
PfGA01_070015800|DBLd|1|815|1348	QG0184-C.g406	27.431	288	144	14	278	534	247	500	1.94e-12	72.8
PfGA01_070015800|CIDRb|1|1349|1599	PA0158-C.g546	100.000	251	0	0	1	251	1728	1978	4.37e-168	513
PfGA01_070015800|CIDRb|1|1349|1599	PT0017-CW.g383	88.382	241	23	3	1	241	1103	1338	2.54e-138	424
PfGA01_070015800|CIDRb|1|1349|1599	PF0737-C.g727	80.080	251	50	0	1	251	1409	1659	2.00e-129	404
PfGA01_070015800|CIDRb|1|1349|1599	PC0063-C.g2018	80.992	242	44	2	1	241	2124	2364	1.02e-123	389
PfGA01_070015800|CIDRb|1|1349|1599	PC0046-C.g691	78.455	246	48	5	1	246	1284	1524	8.29e-119	374
PfGA01_070015800|ATS|1|1702|2136	PFKE01.g19	85.520	442	54	5	1	435	1733	2171	0.0	726
PfGA01_070015800|ATS|1|1702|2136	PC0113-C.g949	83.973	443	63	1	1	435	1702	2144	0.0	715
PfGA01_070015800|ATS|1|1702|2136	PV0028-C.g50	81.739	460	55	8	1	435	2600	3055	0.0	707
PfGA01_070015800|ATS|1|1702|2136	PC0097-C.g664	82.080	452	60	7	1	435	2364	2811	0.0	707
PfGA01_070015800|ATS|1|1702|2136	PA0270-C.g443	79.694	458	67	5	1	435	2185	2639	0.0	703
PfGA01_070015900|NTS|1|1|59	QG0277-C.g601	98.305	59	1	0	1	59	1	59	9.39e-33	119
PfGA01_070015900|NTS|1|1|59	PM0124-C.g135	98.305	59	1	0	1	59	1	59	9.39e-33	119
PfGA01_070015900|NTS|1|1|59	PT0059-C.g45	96.610	59	2	0	1	59	1	59	1.13e-31	116
PfGA01_070015900|NTS|1|1|59	PA0214-C.g542	100.000	59	0	0	1	59	1	59	1.17e-30	113
PfGA01_070015900|NTS|1|1|59	PA0207-C.g443	100.000	59	0	0	1	59	1	59	2.03e-30	112
PfGA01_070015900|DBLa|1|62|466	PV0239-C.g7	100.000	405	0	0	1	405	62	466	0.0	848
PfGA01_070015900|DBLa|1|62|466	PV0239-C.g7	30.887	327	157	16	1	308	803	1079	4.02e-26	113
PfGA01_070015900|DBLa|1|62|466	PV0239-C.g7	32.778	180	104	8	231	405	1527	1694	1.49e-12	72.0
PfGA01_070015900|DBLa|1|62|466	PV0139-C.g5	100.000	405	0	0	1	405	62	466	0.0	848
PfGA01_070015900|DBLa|1|62|466	PV0139-C.g5	30.887	327	157	16	1	308	803	1079	3.38e-26	114
PfGA01_070015900|DBLa|1|62|466	PV0139-C.g5	32.778	180	104	8	231	405	1527	1694	1.66e-12	72.0
PfGA01_070015900|DBLa|1|62|466	PF0590-C.g528	100.000	405	0	0	1	405	62	466	0.0	848
PfGA01_070015900|DBLa|1|62|466	PF0590-C.g528	31.193	327	156	16	1	308	803	1079	6.73e-27	115
PfGA01_070015900|DBLa|1|62|466	PF0590-C.g528	22.029	345	201	12	101	405	1371	1687	1.54e-08	59.3
PfGA01_070015900|DBLa|1|62|466	PA0214-C.g542	100.000	405	0	0	1	405	62	466	0.0	847
PfGA01_070015900|DBLa|1|62|466	PA0214-C.g542	30.275	327	159	15	1	308	803	1079	2.93e-26	114
PfGA01_070015900|DBLa|1|62|466	PA0214-C.g542	26.989	352	174	10	115	405	1506	1835	9.37e-19	91.3
PfGA01_070015900|DBLa|1|62|466	PF0119-C.g298	100.000	405	0	0	1	405	62	466	0.0	847
PfGA01_070015900|DBLa|1|62|466	PF0119-C.g298	30.275	327	159	15	1	308	803	1079	2.41e-26	114
PfGA01_070015900|DBLa|1|62|466	PF0119-C.g298	30.726	179	117	2	230	405	1589	1763	1.18e-17	87.8
PfGA01_070015900|CIDRa|1|467|716	PC0085-C.g973	100.000	250	0	0	1	250	467	716	2.09e-171	514
PfGA01_070015900|CIDRa|1|467|716	SenT143.09.g1142	100.000	250	0	0	1	250	25	274	2.27e-171	515
PfGA01_070015900|CIDRa|1|467|716	PH0932-C.g642	100.000	250	0	0	1	250	467	716	3.21e-171	514
PfGA01_070015900|CIDRa|1|467|716	PV0236-C.g14	100.000	250	0	0	1	250	467	716	4.83e-170	514
PfGA01_070015900|CIDRa|1|467|716	PM0161-C.g1911	100.000	250	0	0	1	250	467	716	5.01e-169	512
PfGA01_070015900|DBLb|1|738|1193	QG0200-C.g361	100.000	456	0	0	1	456	738	1193	0.0	965
PfGA01_070015900|DBLb|1|738|1193	QG0200-C.g361	29.167	384	203	15	8	342	6	369	5.53e-33	135
PfGA01_070015900|DBLb|1|738|1193	PT0156-C.g792	100.000	456	0	0	1	456	738	1193	0.0	965
PfGA01_070015900|DBLb|1|738|1193	PT0156-C.g792	29.793	386	198	16	8	342	6	369	7.55e-33	134
PfGA01_070015900|DBLb|1|738|1193	PA0172-C.g289	100.000	456	0	0	1	456	738	1193	0.0	965
PfGA01_070015900|DBLb|1|738|1193	PA0172-C.g289	29.167	384	203	15	8	342	6	369	4.78e-33	135
PfGA01_070015900|DBLb|1|738|1193	PV0236-C.g14	100.000	456	0	0	1	456	738	1193	0.0	964
PfGA01_070015900|DBLb|1|738|1193	PV0236-C.g14	29.793	386	198	16	8	342	6	369	4.85e-33	135
PfGA01_070015900|DBLb|1|738|1193	PC0047-C.g203	100.000	456	0	0	1	456	737	1192	0.0	964
PfGA01_070015900|DBLb|1|738|1193	PC0047-C.g203	29.167	384	203	15	8	342	6	369	2.12e-32	133
PfGA01_070015900|DBLd|1|1213|1731	PA0232-C.g432	98.651	519	0	1	1	519	1213	1724	0.0	1058
PfGA01_070015900|DBLd|1|1213|1731	PA0232-C.g432	25.581	344	191	11	202	519	162	466	7.11e-17	86.7
PfGA01_070015900|DBLd|1|1213|1731	PA0158-C.g546	77.694	529	94	5	1	519	1213	1727	0.0	751
PfGA01_070015900|DBLd|1|1213|1731	PA0158-C.g546	25.581	344	191	11	202	519	162	466	4.12e-17	87.4
PfGA01_070015900|DBLd|1|1213|1731	QG0202-C.g302	53.541	579	153	12	1	519	1213	1735	1.25e-177	552
PfGA01_070015900|DBLd|1|1213|1731	QG0202-C.g302	25.581	344	191	11	202	519	162	466	9.04e-17	86.7
PfGA01_070015900|DBLd|1|1213|1731	PM0134-C.g942	53.541	579	153	12	1	519	1213	1735	1.53e-177	551
PfGA01_070015900|DBLd|1|1213|1731	PM0134-C.g942	24.566	346	192	12	202	519	162	466	3.70e-17	87.8
PfGA01_070015900|DBLd|1|1213|1731	PF0638-C.g7869	51.498	534	172	11	1	519	1213	1674	3.71e-158	498
PfGA01_070015900|DBLd|1|1213|1731	PF0638-C.g7869	25.581	344	191	11	202	519	162	466	7.41e-17	86.7
PfGA01_070015900|CIDRg|1|1732|1999	PA0232-C.g432	100.000	268	0	0	1	268	1725	1992	0.0	552
PfGA01_070015900|CIDRg|1|1732|1999	PF0159-C.g438	85.091	275	34	5	1	268	1346	1620	1.06e-138	430
PfGA01_070015900|CIDRg|1|1732|1999	PA0046-C.g96	74.074	270	59	6	1	261	591	858	1.27e-126	385
PfGA01_070015900|CIDRg|1|1732|1999	QE0464-C.g798	78.832	274	40	5	1	260	1371	1640	1.20e-123	389
PfGA01_070015900|CIDRg|1|1732|1999	QE0468-C.g570	78.832	274	40	5	1	260	1937	2206	1.85e-123	389
PfGA01_070015900|ATS|1|2102|2562	PFKE09.g563	78.233	464	76	7	1	461	775	1216	0.0	701
PfGA01_070015900|ATS|1|2102|2562	PF0590-C.g528	77.634	465	69	8	1	461	2051	2484	0.0	699
PfGA01_070015900|ATS|1|2102|2562	PV0028-C.g31	75.362	483	70	8	1	461	1737	2192	0.0	697
PfGA01_070015900|ATS|1|2102|2562	PA0245-C.g998	75.699	465	102	8	1	461	1706	2163	0.0	680
PfGA01_070015900|ATS|1|2102|2562	PA0270-C.g443	76.180	466	95	10	1	461	2185	2639	0.0	679
PfGA01_070036400|NTS|1|1|61	QE0428-C.g347	98.361	61	1	0	1	61	1	61	2.76e-32	118
PfGA01_070036400|NTS|1|1|61	QE0427-C.g856	98.361	61	1	0	1	61	1	61	2.76e-32	118
PfGA01_070036400|NTS|1|1|61	PH0361-C.g322	98.361	61	1	0	1	61	1	61	2.76e-32	118
PfGA01_070036400|NTS|1|1|61	PH0361-C.g420	95.833	48	2	0	14	61	13	60	3.72e-25	97.8
PfGA01_070036400|NTS|1|1|61	QE0428-C.g713	95.833	48	2	0	14	61	13	60	3.94e-25	97.8
PfGA01_070036400|DBLa|1|62|504	QG0260-C.g608	61.470	449	150	7	1	443	64	495	0.0	553
PfGA01_070036400|DBLa|1|62|504	QG0260-C.g608	23.693	287	170	11	118	361	1130	1410	5.29e-09	61.2
PfGA01_070036400|DBLa|1|62|504	QG0195-C.g322	61.470	449	150	7	1	443	63	494	0.0	553
PfGA01_070036400|DBLa|1|62|504	QG0195-C.g322	23.693	287	170	11	118	361	1129	1409	4.85e-09	61.2
PfGA01_070036400|DBLa|1|62|504	PT0117-C.g1256	61.470	449	150	7	1	443	63	494	0.0	553
PfGA01_070036400|DBLa|1|62|504	PT0117-C.g1256	22.727	286	174	11	118	361	1129	1409	4.94e-09	61.2
PfGA01_070036400|DBLa|1|62|504	PT0066-C.g612	61.470	449	150	7	1	443	63	494	0.0	553
PfGA01_070036400|DBLa|1|62|504	PT0066-C.g612	23.693	287	170	11	118	361	1129	1409	4.85e-09	61.2
PfGA01_070036400|DBLa|1|62|504	PT0063-C.g570	61.470	449	150	7	1	443	63	494	0.0	553
PfGA01_070036400|DBLa|1|62|504	PT0063-C.g570	23.693	287	170	11	118	361	1129	1409	4.85e-09	61.2
PfGA01_070036400|CIDRa|1|505|816	PA0221-C.g297	83.062	307	48	2	1	306	506	809	1.39e-165	512
PfGA01_070036400|CIDRa|1|505|816	SenT232.08.g32	83.062	307	48	2	1	306	506	809	2.02e-165	511
PfGA01_070036400|CIDRa|1|505|816	PT0052-C.g587	81.639	305	52	2	1	304	527	828	1.86e-162	501
PfGA01_070036400|CIDRa|1|505|816	PF0288-C.g458	71.160	319	76	5	1	308	526	839	3.37e-142	429
PfGA01_070036400|CIDRa|1|505|816	PA0053-C.g176	70.288	313	79	4	1	312	447	746	1.92e-138	418
PfGA01_070036400|DBLb|1|836|1308	QG0216-C.g665	71.190	479	125	7	1	473	714	1185	0.0	682
PfGA01_070036400|DBLb|1|836|1308	QG0216-C.g665	32.932	249	130	8	115	349	109	334	3.48e-25	112
PfGA01_070036400|DBLb|1|836|1308	PT0230-Cx.g528	68.619	478	129	7	1	473	716	1177	0.0	655
PfGA01_070036400|DBLb|1|836|1308	PT0230-Cx.g528	35.437	206	99	7	115	305	111	297	3.62e-25	112
PfGA01_070036400|DBLb|1|836|1308	SenT143.09.g1124	62.630	479	142	12	1	473	717	1164	0.0	566
PfGA01_070036400|DBLb|1|836|1308	SenT143.09.g1124	35.437	206	99	7	115	305	112	298	3.99e-25	112
PfGA01_070036400|DBLb|1|836|1308	PA0065-C.g521	61.474	475	162	10	1	473	726	1181	0.0	565
PfGA01_070036400|DBLb|1|836|1308	PA0065-C.g521	35.437	206	99	7	115	305	116	302	1.82e-25	112
PfGA01_070036400|DBLb|1|836|1308	PD0648-C.g1371	60.334	479	158	14	1	473	307	759	4.31e-177	533
PfGA01_070036400|DBLg|1|1317|1666	PH0558-C.g180	70.141	355	101	2	1	350	1226	1580	1.26e-166	517
PfGA01_070036400|DBLg|1|1317|1666	PH0558-C.g180	34.185	313	142	8	42	290	1633	1945	1.39e-45	169
PfGA01_070036400|DBLg|1|1317|1666	PH0558-C.g180	29.904	311	175	9	44	350	2815	3086	2.90e-24	106
PfGA01_070036400|DBLg|1|1317|1666	PH0558-C.g180	23.404	329	182	11	34	309	96	407	1.03e-11	68.9
PfGA01_070036400|DBLg|1|1317|1666	PH0558-C.g180	22.867	293	191	8	21	289	2402	2683	1.08e-08	59.3
PfGA01_070036400|DBLg|1|1317|1666	PH0558-C.g180	24.016	254	136	10	48	269	851	1079	3.01e-08	58.2
PfGA01_070036400|DBLg|1|1317|1666	PfKE03.g7	80.495	323	55	4	1	319	1217	1535	1.91e-166	515
PfGA01_070036400|DBLg|1|1317|1666	PfKE03.g7	23.390	295	176	8	42	320	2078	2338	1.43e-14	77.4
PfGA01_070036400|DBLg|1|1317|1666	PfKE03.g7	23.194	263	168	6	48	287	847	1098	1.64e-09	62.0
PfGA01_070036400|DBLg|1|1317|1666	PfKE03.g7	22.148	298	173	12	34	290	96	375	6.04e-09	60.1
PfGA01_070036400|DBLg|1|1317|1666	PfKE03.g7	25.000	272	150	12	48	287	1698	1947	3.90e-07	54.7
PfGA01_070036400|DBLg|1|1317|1666	PF0754-C.g167	75.367	341	66	5	1	327	1936	2272	5.75e-163	506
PfGA01_070036400|DBLg|1|1317|1666	PF0754-C.g167	34.139	331	153	11	32	299	1257	1585	1.28e-46	172
PfGA01_070036400|DBLg|1|1317|1666	PF0754-C.g167	25.000	264	151	8	48	287	843	1083	1.10e-09	62.4
PfGA01_070036400|DBLg|1|1317|1666	PF0754-C.g167	24.567	289	163	11	45	290	112	388	7.24e-07	53.5
PfGA01_070036400|DBLg|1|1317|1666	SenT232.08.g402	75.367	341	66	5	1	327	1979	2315	1.28e-162	506
PfGA01_070036400|DBLg|1|1317|1666	SenT232.08.g402	34.139	331	153	11	32	299	1300	1628	1.74e-46	171
PfGA01_070036400|DBLg|1|1317|1666	SenT232.08.g402	25.087	287	167	9	44	290	117	395	5.35e-08	57.4
PfGA01_070036400|DBLg|1|1317|1666	SenT232.08.g402	25.830	271	148	12	48	287	891	1139	7.96e-08	56.6
PfGA01_070036400|DBLg|1|1317|1666	PF0417-C.g438	75.073	341	67	5	1	327	2104	2440	1.96e-162	505
PfGA01_070036400|DBLg|1|1317|1666	PF0417-C.g438	29.683	347	154	9	32	290	1373	1717	1.04e-39	152
PfGA01_070036400|DBLg|1|1317|1666	PF0417-C.g438	24.632	272	152	10	48	287	966	1216	5.39e-11	66.6
PfGA01_070036400|DBLg|1|1317|1666	PF0417-C.g438	22.257	319	164	10	40	290	109	411	4.38e-08	57.4
PfGA01_070036400|DBLd|1|1671|2097	QG0258-C.g1024	78.271	428	91	2	1	427	1570	1996	0.0	650
PfGA01_070036400|DBLd|1|1671|2097	QG0258-C.g1024	33.613	357	173	12	1	357	1210	1502	7.35e-38	149
PfGA01_070036400|DBLd|1|1671|2097	QG0258-C.g1024	33.466	251	129	12	190	427	254	479	1.22e-22	103
PfGA01_070036400|DBLd|1|1671|2097	PA0089-C.g355	76.636	428	99	1	1	427	1583	2010	0.0	649
PfGA01_070036400|DBLd|1|1671|2097	PA0089-C.g355	33.518	361	167	13	1	358	1226	1516	3.73e-37	147
PfGA01_070036400|DBLd|1|1671|2097	PA0089-C.g355	31.600	250	136	7	192	427	238	466	1.13e-22	103
PfGA01_070036400|DBLd|1|1671|2097	PA0089-C.g355	25.392	319	158	13	45	357	2345	2589	8.25e-09	60.5
PfGA01_070036400|DBLd|1|1671|2097	PM0159-C.g247	70.737	434	117	4	1	427	1679	2109	5.18e-179	554
PfGA01_070036400|DBLd|1|1671|2097	PM0159-C.g247	34.066	364	173	11	1	358	1310	1612	2.16e-43	165
PfGA01_070036400|DBLd|1|1671|2097	PM0159-C.g247	28.402	169	83	5	297	427	327	495	4.20e-07	55.1
PfGA01_070036400|DBLd|1|1671|2097	QG0296-C.g4862	68.360	433	128	6	1	427	564	993	8.60e-178	548
PfGA01_070036400|DBLd|1|1671|2097	QG0296-C.g4862	36.446	332	135	11	32	357	213	474	5.02e-49	181
PfGA01_070036400|DBLd|1|1671|2097	QG0253-C.g2090	69.626	428	126	4	1	427	1546	1970	3.23e-177	551
PfGA01_070036400|DBLd|1|1671|2097	QG0253-C.g2090	34.356	326	151	9	33	358	1217	1479	4.94e-42	161
PfGA01_070036400|DBLd|1|1671|2097	QG0253-C.g2090	31.419	296	167	8	144	427	179	450	6.96e-31	128
PfGA01_070036400|DBLd|1|1671|2097	QG0253-C.g2090	21.608	398	225	13	25	410	2699	3021	2.38e-09	62.4
PfGA01_070036400|CIDRb|1|2098|2352	PV0147-C.g26	100.000	255	0	0	1	255	1696	1950	3.79e-170	522
PfGA01_070036400|CIDRb|1|2098|2352	PV0020-C.g6	100.000	255	0	0	1	255	1624	1878	2.72e-169	520
PfGA01_070036400|CIDRb|1|2098|2352	PV0020-C.g6	25.822	213	146	7	1	208	476	681	1.75e-07	54.3
PfGA01_070036400|CIDRb|1|2098|2352	PF0098-C.g503	71.705	258	66	4	3	255	164	419	7.82e-118	363
PfGA01_070036400|CIDRb|1|2098|2352	PA0065-C.g18	68.359	256	79	2	1	255	341	595	1.37e-112	349
PfGA01_070036400|CIDRb|1|2098|2352	QG0258-C.g26	67.059	255	84	0	1	255	2017	2271	7.01e-110	350
PfGA01_070036400|CIDRb|1|2098|2352	QG0258-C.g26	30.000	170	115	4	40	207	519	686	1.11e-10	63.9
PfGA01_070036400|DBLz|1|2423|2855	QE0419-C.g359	100.000	433	0	0	1	433	1712	2144	0.0	894
PfGA01_070036400|DBLz|1|2423|2855	QE0419-C.g359	30.105	382	234	10	49	399	70	449	3.95e-40	155
PfGA01_070036400|DBLz|1|2423|2855	QE0419-C.g359	26.568	271	143	12	99	364	2202	2421	3.81e-12	71.2
PfGA01_070036400|DBLz|1|2423|2855	QG0187-C.g579	100.000	433	0	0	1	433	1154	1586	0.0	890
PfGA01_070036400|DBLz|1|2423|2855	QG0187-C.g579	24.728	368	222	16	50	388	6	347	3.23e-16	84.0
PfGA01_070036400|DBLz|1|2423|2855	PV0084-C.g22	100.000	433	0	0	1	433	2330	2762	0.0	890
PfGA01_070036400|DBLz|1|2423|2855	PV0084-C.g22	30.816	331	188	11	97	403	117	430	1.43e-31	130
PfGA01_070036400|DBLz|1|2423|2855	PV0084-C.g22	30.097	309	159	10	79	364	821	1095	5.17e-30	125
PfGA01_070036400|DBLz|1|2423|2855	PV0084-C.g22	26.552	290	174	10	82	353	1273	1541	3.80e-14	77.4
PfGA01_070036400|DBLz|1|2423|2855	PV0084-C.g22	24.556	338	181	14	99	433	2820	3086	2.21e-11	68.6
PfGA01_070036400|DBLz|1|2423|2855	PV0084-C.g22	22.118	321	178	10	98	364	1653	1955	6.90e-07	54.3
PfGA01_070036400|DBLz|1|2423|2855	PA0256-C.g317	100.000	433	0	0	1	433	1591	2023	0.0	889
PfGA01_070036400|DBLz|1|2423|2855	PA0256-C.g317	29.882	425	229	13	67	431	84	499	3.01e-37	147
PfGA01_070036400|DBLz|1|2423|2855	PA0256-C.g317	26.568	271	143	12	99	364	2081	2300	2.53e-12	71.6
PfGA01_070036400|DBLz|1|2423|2855	QE0453-C.g610	99.307	433	3	0	1	433	1749	2181	0.0	888
PfGA01_070036400|DBLz|1|2423|2855	QE0453-C.g610	29.477	363	207	12	48	364	62	421	9.83e-34	137
PfGA01_070036400|DBLz|1|2423|2855	QE0453-C.g610	27.106	273	143	12	97	364	2237	2458	1.75e-12	72.0
PfGA01_070036400|DBLe|1|2861|3178	QE0419-C.g359	100.000	318	0	0	1	318	2150	2467	0.0	667
PfGA01_070036400|DBLe|1|2861|3178	QE0419-C.g359	26.255	259	130	11	18	225	99	347	1.87e-11	67.4
PfGA01_070036400|DBLe|1|2861|3178	QE0419-C.g359	26.335	281	131	13	53	272	1810	2075	8.01e-10	62.4
PfGA01_070036400|DBLe|1|2861|3178	QG0277-C.g79	100.000	318	0	0	1	318	2831	3148	0.0	665
PfGA01_070036400|DBLe|1|2861|3178	QG0277-C.g79	28.044	271	142	10	44	265	853	1119	4.25e-18	87.4
PfGA01_070036400|DBLe|1|2861|3178	QG0277-C.g79	27.523	218	122	6	48	229	1292	1509	8.25e-13	71.6
PfGA01_070036400|DBLe|1|2861|3178	QG0277-C.g79	26.335	281	131	13	53	272	2491	2756	1.14e-09	62.0
PfGA01_070036400|DBLe|1|2861|3178	QG0277-C.g79	25.862	232	118	7	30	207	91	322	5.28e-09	60.1
PfGA01_070036400|DBLe|1|2861|3178	PA0256-C.g317	100.000	318	0	0	1	318	2029	2346	0.0	665
PfGA01_070036400|DBLe|1|2861|3178	PA0256-C.g317	26.335	281	131	13	53	272	1689	1954	9.72e-10	62.4
PfGA01_070036400|DBLe|1|2861|3178	PA0256-C.g317	26.577	222	119	7	48	225	114	335	8.61e-09	59.3
PfGA01_070036400|DBLe|1|2861|3178	PC0030-C.g116	100.000	318	0	0	1	318	1092	1409	0.0	664
PfGA01_070036400|DBLe|1|2861|3178	PC0030-C.g116	26.690	281	130	13	53	272	752	1017	5.24e-10	62.8
PfGA01_070036400|DBLe|1|2861|3178	PC0030-C.g116	24.034	233	116	8	101	272	38	270	2.27e-09	60.8
PfGA01_070036400|DBLe|1|2861|3178	QG0296-C.g4862	100.000	318	0	0	1	318	1756	2073	0.0	663
PfGA01_070036400|DBLe|1|2861|3178	QG0296-C.g4862	25.188	266	156	7	50	273	227	491	4.58e-15	78.6
PfGA01_070036400|DBLe|1|2861|3178	QG0296-C.g4862	26.690	281	130	13	53	272	1416	1681	5.25e-10	63.2
PfGA01_070036400|DBLe|1|2861|3178	QG0296-C.g4862	24.034	233	116	8	101	272	702	934	2.10e-09	61.2
PfGA01_070036400|ATS|1|3202|3646	PV0211-C.g136	83.624	458	44	7	2	445	837	1277	0.0	726
PfGA01_070036400|ATS|1|3202|3646	PFKE07.g667	80.266	451	80	7	2	445	2366	2814	0.0	711
PfGA01_070036400|ATS|1|3202|3646	PA0245-C.g391	79.212	457	62	5	1	445	2512	2947	0.0	702
PfGA01_070036400|ATS|1|3202|3646	PFKE11.g708	76.688	459	78	4	1	445	1918	2361	0.0	701
PfGA01_070036400|ATS|1|3202|3646	PV0028-C.g50	80.786	458	73	5	1	445	2600	3055	0.0	699
PfGA01_070036500|NTS|1|1|64	PA0197-C.g866	69.231	65	17	2	1	64	1	63	3.64e-20	84.0
PfGA01_070036500|NTS|1|1|64	QG0226-C.g15	70.492	61	15	2	1	61	1	58	1.71e-18	79.0
PfGA01_070036500|NTS|1|1|64	PV0286-C.g43	61.905	63	24	0	1	63	1	63	2.84e-18	78.6
PfGA01_070036500|NTS|1|1|64	PV0285-C.g59	61.905	63	24	0	1	63	1	63	2.87e-18	78.6
PfGA01_070036500|NTS|1|1|64	PH0510-C.g895	63.934	61	22	0	1	61	1	61	1.37e-17	76.6
PfGA01_070036500|DBLa|1|65|489	PM0138-C.g55	69.565	437	118	6	1	425	178	611	0.0	605
PfGA01_070036500|DBLa|1|65|489	PM0138-C.g55	32.787	244	115	8	49	273	1057	1270	1.24e-26	115
PfGA01_070036500|DBLa|1|65|489	PM0138-C.g55	30.000	190	109	6	241	425	2160	2330	1.78e-13	75.1
PfGA01_070036500|DBLa|1|65|489	PM0138-C.g55	25.081	307	157	12	40	321	1465	1723	5.84e-10	64.3
PfGA01_070036500|DBLa|1|65|489	PA0214-C.g528	71.982	439	97	10	1	425	75	501	0.0	601
PfGA01_070036500|DBLa|1|65|489	PA0214-C.g528	30.137	292	139	9	60	334	876	1119	2.73e-24	108
PfGA01_070036500|DBLa|1|65|489	PA0214-C.g528	24.603	252	142	6	123	340	1537	1774	1.53e-15	81.6
PfGA01_070036500|DBLa|1|65|489	QG0187-C.g555	65.859	454	119	11	1	425	61	507	0.0	561
PfGA01_070036500|DBLa|1|65|489	QG0187-C.g555	24.931	361	198	14	103	425	1012	1337	1.10e-16	85.1
PfGA01_070036500|DBLa|1|65|489	PA0168-C.g470	67.356	435	122	9	1	425	62	486	0.0	561
PfGA01_070036500|DBLa|1|65|489	PA0168-C.g470	28.319	339	162	13	62	387	866	1136	2.45e-25	111
PfGA01_070036500|DBLa|1|65|489	PA0168-C.g470	29.126	206	126	6	224	425	1590	1779	6.75e-13	73.6
PfGA01_070036500|DBLa|1|65|489	PM0062-C.g591	67.356	435	122	9	1	425	62	486	0.0	560
PfGA01_070036500|DBLa|1|65|489	PM0062-C.g591	28.319	339	162	13	62	387	866	1136	3.31e-25	110
PfGA01_070036500|CIDRa|1|490|759	PM0041-C.g238	70.748	294	59	5	1	270	542	832	6.29e-131	406
PfGA01_070036500|CIDRa|1|490|759	PFKE07.g843	63.605	294	70	5	1	263	489	776	1.04e-110	352
PfGA01_070036500|CIDRa|1|490|759	PF0157-C.g730	65.371	283	69	6	1	263	486	759	2.59e-109	348
PfGA01_070036500|CIDRa|1|490|759	PA0187-C.g790	61.438	306	74	4	1	267	505	805	6.41e-108	344
PfGA01_070036500|CIDRa|1|490|759	PC0107-C.g757	66.308	279	69	8	1	261	501	772	3.63e-107	342
PfGA01_070036500|DBLd|1|838|1366	PF0359-C.g10	51.201	541	220	15	16	529	107	630	1.20e-147	451
PfGA01_070036500|DBLd|1|838|1366	PC0113-C.g517	48.739	595	202	19	1	529	908	1465	2.66e-146	462
PfGA01_070036500|DBLd|1|838|1366	PC0113-C.g517	24.490	392	192	14	193	529	196	538	3.77e-11	68.6
PfGA01_070036500|DBLd|1|838|1366	PF0282-C.g419	48.866	573	218	16	1	529	904	1445	1.10e-145	461
PfGA01_070036500|DBLd|1|838|1366	PF0282-C.g419	24.235	392	193	15	193	529	196	538	3.74e-11	68.6
PfGA01_070036500|DBLd|1|838|1366	PFKE09.g500	50.179	558	227	17	1	529	351	886	1.44e-143	446
PfGA01_070036500|DBLd|1|838|1366	QE0476-C.g857	49.215	573	210	20	1	529	908	1443	2.90e-143	449
PfGA01_070036500|DBLd|1|838|1366	QE0476-C.g857	31.250	112	70	3	366	473	313	421	7.41e-08	57.8
PfGA01_070036500|CIDRb|1|1367|1614	QE0465-C.g567	91.837	245	16	3	1	243	1294	1536	3.34e-134	416
PfGA01_070036500|CIDRb|1|1367|1614	PM0090-C.g701	78.947	247	48	3	1	245	1324	1568	3.18e-111	352
PfGA01_070036500|CIDRb|1|1367|1614	PM0098-C.g632	70.800	250	70	3	1	248	1827	2075	1.89e-106	339
PfGA01_070036500|CIDRb|1|1367|1614	PV0023-C.g24	77.966	236	51	1	1	236	2365	2599	2.77e-106	339
PfGA01_070036500|CIDRb|1|1367|1614	PF0122-C.g24	71.610	236	66	1	1	236	819	1053	2.86e-105	331
PfGA01_070036500|ATS|1|1737|2200	PV0028-C.g31	82.839	472	57	6	1	464	1737	2192	0.0	773
PfGA01_070036500|ATS|1|1737|2200	PT0219-C.g578	81.725	487	62	5	1	464	1736	2218	0.0	768
PfGA01_070036500|ATS|1|1737|2200	PD0549-C.g516	83.011	465	61	5	1	464	2187	2634	0.0	753
PfGA01_070036500|ATS|1|1737|2200	PD0511-C.g583	83.011	465	61	5	1	464	2187	2634	0.0	753
PfGA01_070036500|ATS|1|1737|2200	PH0121-CW.g102	79.741	464	59	3	1	464	802	1230	0.0	713
PfGA01_080012800|NTS|1|1|67	PA0221-C.g678	100.000	67	0	0	1	67	1	67	4.66e-39	137
PfGA01_080012800|NTS|1|1|67	SenT143.09.g1479	73.134	67	15	1	1	67	1	64	1.17e-23	94.0
PfGA01_080012800|NTS|1|1|67	QE0459-C.g634	70.769	65	18	1	1	65	1	64	9.95e-22	88.6
PfGA01_080012800|NTS|1|1|67	PC0005-Cx.g353	70.769	65	18	1	1	65	1	64	1.12e-21	88.2
PfGA01_080012800|NTS|1|1|67	PA0260-C.g452	73.770	61	16	0	7	67	9	69	1.28e-21	88.2
PfGA01_080012800|DBLa|1|68|531	PA0221-C.g678	100.000	464	0	0	1	464	68	531	0.0	963
PfGA01_080012800|DBLa|1|68|531	PA0221-C.g678	28.814	295	134	13	201	464	1158	1407	8.84e-21	98.2
PfGA01_080012800|DBLa|1|68|531	PT0034-C.g855	67.850	479	117	11	1	464	68	524	0.0	580
PfGA01_080012800|DBLa|1|68|531	PT0034-C.g855	26.027	219	132	6	161	361	1090	1296	4.44e-14	77.4
PfGA01_080012800|DBLa|1|68|531	QE0476-C.g841	66.521	457	133	9	17	464	82	527	0.0	575
PfGA01_080012800|DBLa|1|68|531	QE0476-C.g841	23.214	336	173	14	115	409	1067	1358	7.36e-08	57.8
PfGA01_080012800|DBLa|1|68|531	PA0228-C.g4529	66.447	456	133	9	18	464	83	527	0.0	574
PfGA01_080012800|DBLa|1|68|531	PF0180-C.g493	65.245	469	144	9	1	464	66	520	0.0	567
PfGA01_080012800|CIDRa|1|532|851	PA0221-C.g678	100.000	320	0	0	1	320	532	851	0.0	662
PfGA01_080012800|CIDRa|1|532|851	SenT094.09.g562	63.444	331	105	8	1	320	487	812	8.59e-121	378
PfGA01_080012800|CIDRa|1|532|851	QE0476-C.g857	66.775	307	94	5	1	303	513	815	5.49e-120	378
PfGA01_080012800|CIDRa|1|532|851	PT0264-C.g13	62.840	331	107	8	1	320	501	826	7.81e-120	369
PfGA01_080012800|CIDRa|1|532|851	PA0098-C.g525	66.775	307	94	5	1	303	502	804	7.09e-119	377
PfGA01_080012800|CIDRa|1|532|851	PA0098-C.g525	40.000	65	38	1	152	216	1474	1537	2.91e-08	57.8
PfGA01_080012800|DBLd|1|923|1418	PA0221-C.g678	95.363	496	8	2	1	496	927	1407	0.0	971
PfGA01_080012800|DBLd|1|923|1418	PA0221-C.g678	27.778	342	158	15	213	496	221	531	6.10e-21	99.4
PfGA01_080012800|DBLd|1|923|1418	PF0424-C.g458	92.570	498	20	3	1	496	832	1314	0.0	890
PfGA01_080012800|DBLd|1|923|1418	PF0424-C.g458	25.284	352	182	13	179	496	184	488	4.03e-19	93.6
PfGA01_080012800|DBLd|1|923|1418	QE0449-C.g800	98.361	427	6	1	71	496	874	1300	0.0	872
PfGA01_080012800|DBLd|1|923|1418	QE0449-C.g800	34.536	194	93	7	334	496	306	496	1.04e-13	76.6
PfGA01_080012800|DBLd|1|923|1418	QE0448-C.g671	98.361	427	6	1	71	496	874	1300	0.0	872
PfGA01_080012800|DBLd|1|923|1418	QE0448-C.g671	34.536	194	93	7	334	496	306	496	1.09e-13	76.6
PfGA01_080012800|DBLd|1|923|1418	QE0428-C.g827	98.361	427	6	1	71	496	874	1300	0.0	872
PfGA01_080012800|DBLd|1|923|1418	QE0428-C.g827	34.536	194	93	7	334	496	306	496	1.08e-13	76.6
PfGA01_080012800|CIDRb|1|1419|1671	PH0815-C.g819	100.000	253	0	0	1	253	594	846	1.09e-180	525
PfGA01_080012800|CIDRb|1|1419|1671	PV0285-C.g127	100.000	253	0	0	1	253	610	862	1.17e-180	525
PfGA01_080012800|CIDRb|1|1419|1671	PV0115-C.g92	100.000	253	0	0	1	253	956	1208	7.58e-176	521
PfGA01_080012800|CIDRb|1|1419|1671	PA0221-C.g678	100.000	253	0	0	1	253	1408	1660	1.56e-174	527
PfGA01_080012800|CIDRb|1|1419|1671	PT0230-Cx.g747	100.000	253	0	0	1	253	1380	1632	3.38e-174	526
PfGA01_080012800|ATS|1|1828|2284	PF0207-C.g201	99.125	457	4	0	1	457	1797	2253	0.0	934
PfGA01_080012800|ATS|1|1828|2284	PF0400-C.g153	95.842	457	19	0	1	457	1784	2240	0.0	903
PfGA01_080012800|ATS|1|1828|2284	QG0201-C.g247	95.842	457	19	0	1	457	1705	2161	0.0	903
PfGA01_080012800|ATS|1|1828|2284	PT0073-C.g527	95.842	457	19	0	1	457	2043	2499	0.0	897
PfGA01_080012800|ATS|1|1828|2284	PF0449-C.g338	95.842	457	19	0	1	457	1974	2430	0.0	896
PfGA01_080036000|NTS|1|1|74	PA0203-C.g521	98.571	70	1	0	5	74	7	76	1.28e-42	148
PfGA01_080036000|NTS|1|1|74	PA0069-C.g30	76.923	65	15	0	10	74	2	66	3.79e-28	107
PfGA01_080036000|NTS|1|1|74	SenT231.08.g370	76.923	65	15	0	10	74	2	66	3.88e-28	107
PfGA01_080036000|NTS|1|1|74	PT0261-Cx.g1134	76.923	65	15	0	10	74	2	66	3.88e-28	107
PfGA01_080036000|NTS|1|1|74	PF0035-C.g28	76.923	65	15	0	10	74	2	66	4.31e-28	107
PfGA01_080036000|DBLa|1|75|494	PA0203-C.g521	91.211	421	36	1	1	420	77	497	0.0	777
PfGA01_080036000|DBLa|1|75|494	PA0203-C.g521	31.230	317	184	8	54	367	1246	1531	6.31e-34	137
PfGA01_080036000|DBLa|1|75|494	PA0203-C.g521	25.623	281	143	12	54	333	1636	1851	8.09e-11	66.6
PfGA01_080036000|DBLa|1|75|494	PT0008-CW.g362	77.123	424	88	6	1	420	69	487	0.0	654
PfGA01_080036000|DBLa|1|75|494	PT0008-CW.g362	24.615	325	167	13	52	373	1497	1746	7.58e-15	79.3
PfGA01_080036000|DBLa|1|75|494	PT0008-CW.g362	26.442	208	94	8	60	260	1175	1330	2.28e-08	58.9
PfGA01_080036000|DBLa|1|75|494	PF0113-C.g401	77.123	424	88	6	1	420	69	487	0.0	654
PfGA01_080036000|DBLa|1|75|494	PF0113-C.g401	24.308	325	168	13	52	373	1497	1746	8.82e-15	79.3
PfGA01_080036000|DBLa|1|75|494	PF0113-C.g401	26.519	181	75	7	86	260	1202	1330	2.64e-08	58.9
PfGA01_080036000|DBLa|1|75|494	PV0117-C.g17	66.353	425	132	6	1	420	66	484	0.0	561
PfGA01_080036000|DBLa|1|75|494	PV0117-C.g17	30.383	339	187	12	60	387	1715	2015	1.43e-33	136
PfGA01_080036000|DBLa|1|75|494	PV0117-C.g17	31.651	218	117	5	60	269	856	1049	5.29e-24	107
PfGA01_080036000|DBLa|1|75|494	PV0117-C.g17	25.246	305	173	10	43	337	1270	1529	6.65e-13	73.6
PfGA01_080036000|DBLa|1|75|494	PV0117-C.g17	24.251	334	193	10	60	386	2101	2381	2.73e-12	71.6
PfGA01_080036000|DBLa|1|75|494	PT0195-Cx.g886	66.033	421	135	5	1	420	66	479	0.0	556
PfGA01_080036000|DBLa|1|75|494	PT0195-Cx.g886	32.624	282	137	13	1	269	796	1037	5.85e-26	113
PfGA01_080036000|CIDRa|1|495|750	PH0341-C.g252	86.719	256	30	3	1	256	482	733	2.94e-136	425
PfGA01_080036000|CIDRa|1|495|750	PH0341-C.g252	26.754	228	157	6	29	254	1230	1449	1.04e-08	58.2
PfGA01_080036000|CIDRa|1|495|750	PT0008-CW.g362	81.323	257	45	3	1	256	488	742	2.49e-128	401
PfGA01_080036000|CIDRa|1|495|750	PF0113-C.g401	81.323	257	45	3	1	256	488	742	3.56e-128	401
PfGA01_080036000|CIDRa|1|495|750	PA0197-C.g823	81.008	258	43	5	1	256	483	736	1.23e-127	399
PfGA01_080036000|CIDRa|1|495|750	PC0061-C.g172	75.294	255	62	1	1	254	478	732	1.73e-127	392
PfGA01_080036000|DBLe|1|778|1119	PT0240-C.g707	89.181	342	35	1	1	342	769	1108	0.0	595
PfGA01_080036000|DBLe|1|778|1119	PT0240-C.g707	35.021	237	118	7	84	319	1528	1729	1.55e-28	119
PfGA01_080036000|DBLe|1|778|1119	PT0240-C.g707	28.720	289	164	11	44	324	1160	1414	6.45e-17	84.3
PfGA01_080036000|DBLe|1|778|1119	PF0365-C.g471	79.240	342	69	1	1	342	2314	2653	1.82e-169	525
PfGA01_080036000|DBLe|1|778|1119	PF0365-C.g471	30.000	270	143	9	46	310	3061	3289	6.57e-16	81.6
PfGA01_080036000|DBLe|1|778|1119	PF0365-C.g471	25.879	313	163	11	48	318	1282	1567	7.39e-15	78.2
PfGA01_080036000|DBLe|1|778|1119	PF0365-C.g471	25.000	264	166	8	45	290	866	1115	9.26e-14	75.1
PfGA01_080036000|DBLe|1|778|1119	PF0365-C.g471	27.556	225	102	7	44	242	2703	2892	1.94e-11	67.8
PfGA01_080036000|DBLe|1|778|1119	PF0365-C.g471	25.541	231	112	8	104	290	1738	1952	5.07e-10	63.5
PfGA01_080036000|DBLe|1|778|1119	PF0365-C.g471	24.419	258	146	10	91	308	146	394	1.84e-07	55.5
PfGA01_080036000|DBLe|1|778|1119	PH0729-C.g88	78.613	346	68	2	1	342	820	1163	2.63e-168	515
PfGA01_080036000|DBLe|1|778|1119	PH0729-C.g88	35.545	211	107	6	119	323	1602	1789	2.90e-27	115
PfGA01_080036000|DBLe|1|778|1119	PH0729-C.g88	32.161	199	100	6	44	242	1215	1378	3.56e-17	85.1
PfGA01_080036000|DBLe|1|778|1119	PH0872-C.g290	78.613	346	68	2	1	342	1619	1962	1.30e-166	516
PfGA01_080036000|DBLe|1|778|1119	PH0872-C.g290	35.545	211	107	6	119	323	2401	2588	3.15e-27	115
PfGA01_080036000|DBLe|1|778|1119	PH0872-C.g290	32.161	199	100	6	44	242	2014	2177	2.96e-17	85.5
PfGA01_080036000|DBLe|1|778|1119	PM0051-C.g1503	78.019	323	69	1	20	342	1	321	4.11e-164	485
PfGA01_080036000|DBLe|1|778|1119	PM0051-C.g1503	30.870	230	124	7	82	310	737	932	2.39e-21	97.4
PfGA01_080036000|DBLe|1|778|1119	PM0051-C.g1503	31.000	200	105	6	44	243	371	537	4.25e-16	81.6
PfGA01_080036000|DBLe|2|1131|1416	PT0240-C.g707	99.650	286	1	0	1	286	1120	1405	0.0	590
PfGA01_080036000|DBLe|2|1131|1416	PT0240-C.g707	37.903	248	137	9	43	286	1492	1726	5.71e-37	141
PfGA01_080036000|DBLe|2|1131|1416	PT0240-C.g707	31.156	199	104	9	41	207	812	1009	6.62e-15	77.0
PfGA01_080036000|DBLe|2|1131|1416	QE0444-C.g645	97.203	286	8	0	1	286	1227	1512	0.0	583
PfGA01_080036000|DBLe|2|1131|1416	QE0444-C.g645	37.759	241	136	7	43	281	1599	1827	1.97e-37	143
PfGA01_080036000|DBLe|2|1131|1416	QE0444-C.g645	28.571	203	107	7	43	207	914	1116	1.24e-14	76.3
PfGA01_080036000|DBLe|2|1131|1416	QG0237-C.g2468	93.706	286	18	0	1	286	1052	1337	8.25e-178	536
PfGA01_080036000|DBLe|2|1131|1416	QG0237-C.g2468	35.088	171	93	3	43	213	1424	1576	1.04e-23	103
PfGA01_080036000|DBLe|2|1131|1416	QG0237-C.g2468	33.166	199	98	9	41	205	744	941	1.28e-17	85.1
PfGA01_080036000|DBLe|2|1131|1416	PD0590-C.g868	93.706	286	18	0	1	286	792	1077	4.82e-176	526
PfGA01_080036000|DBLe|2|1131|1416	PD0590-C.g868	39.091	220	112	6	4	213	1123	1330	1.06e-36	140
PfGA01_080036000|DBLe|2|1131|1416	PD0590-C.g868	27.835	291	161	11	37	286	471	753	7.76e-21	94.7
PfGA01_080036000|DBLe|2|1131|1416	PF0816-C.g730	95.833	264	11	0	23	286	1216	1479	1.76e-174	529
PfGA01_080036000|DBLe|2|1131|1416	PF0816-C.g730	36.822	258	144	10	33	286	1559	1801	1.39e-35	137
PfGA01_080036000|DBLe|2|1131|1416	PF0816-C.g730	25.979	281	164	10	42	286	884	1156	1.17e-16	82.4
PfGA01_080036000|DBLe|2|1131|1416	PF0816-C.g730	22.768	224	114	8	46	213	120	340	4.30e-08	56.6
PfGA01_080036000|DBLe|3|1459|1766	PT0240-C.g707	100.000	308	0	0	1	308	1448	1755	0.0	642
PfGA01_080036000|DBLe|3|1459|1766	PT0240-C.g707	37.903	248	137	9	45	279	1162	1405	6.53e-37	142
PfGA01_080036000|DBLe|3|1459|1766	PT0240-C.g707	35.321	218	121	5	84	282	869	1085	1.69e-24	106
PfGA01_080036000|DBLe|3|1459|1766	PT0240-C.g707	26.421	299	143	12	35	256	105	403	7.87e-16	80.5
PfGA01_080036000|DBLe|3|1459|1766	PM0108-C.g1021	99.351	308	2	0	1	308	1522	1829	0.0	640
PfGA01_080036000|DBLe|3|1459|1766	PM0108-C.g1021	34.754	305	151	11	45	308	882	1179	2.31e-38	146
PfGA01_080036000|DBLe|3|1459|1766	PM0108-C.g1021	39.370	254	128	10	45	279	1233	1479	4.20e-37	142
PfGA01_080036000|DBLe|3|1459|1766	PM0108-C.g1021	24.262	305	136	12	44	256	114	415	1.62e-12	70.5
PfGA01_080036000|DBLe|3|1459|1766	PF0816-C.g730	83.713	307	49	1	3	308	1524	1830	1.41e-176	536
PfGA01_080036000|DBLe|3|1459|1766	PF0816-C.g730	37.500	248	138	9	45	279	1236	1479	1.13e-35	138
PfGA01_080036000|DBLe|3|1459|1766	PF0816-C.g730	29.537	281	150	9	45	282	885	1160	4.89e-27	113
PfGA01_080036000|DBLe|3|1459|1766	PF0816-C.g730	25.159	314	155	10	31	265	103	415	2.03e-17	85.1
PfGA01_080036000|DBLe|3|1459|1766	PH0585-C.g779	79.288	309	62	2	1	308	1033	1340	3.19e-168	505
PfGA01_080036000|DBLe|3|1459|1766	PH0585-C.g779	32.616	279	138	11	45	279	718	990	2.85e-28	117
PfGA01_080036000|DBLe|3|1459|1766	PH0585-C.g779	28.852	305	170	10	45	308	367	665	7.85e-25	107
PfGA01_080036000|DBLe|3|1459|1766	PH0729-C.g88	79.288	309	63	1	1	308	1503	1811	1.85e-167	511
PfGA01_080036000|DBLe|3|1459|1766	PH0729-C.g88	37.903	248	137	8	45	279	1217	1460	8.43e-38	145
PfGA01_080036000|DBLe|3|1459|1766	PH0729-C.g88	32.530	249	139	6	84	308	920	1163	3.91e-22	99.4
PfGA01_080036000|DBLe|3|1459|1766	PH0729-C.g88	24.034	233	103	5	104	262	214	446	1.29e-07	55.5
PfGA01_080036000|ATS|1|1810|2255	PV0239-C.g25	77.371	464	78	8	2	446	2130	2585	0.0	682
PfGA01_080036000|ATS|1|1810|2255	QE0438-C.g681	75.771	454	89	7	2	446	1670	2111	0.0	678
PfGA01_080036000|ATS|1|1810|2255	PC0122-C.g587	74.490	490	70	9	2	446	3365	3844	0.0	667
PfGA01_080036000|ATS|1|1810|2255	PV0147-C.g7	75.947	449	93	8	2	446	1762	2199	0.0	667
PfGA01_080036000|ATS|1|1810|2255	PH0121-CW.g61	74.686	478	82	11	2	446	1475	1946	0.0	665
PfGA01_080036900|NTS|1|1|64	PA0022-C.g383	98.438	64	1	0	1	64	1	64	2.01e-36	130
PfGA01_080036900|NTS|1|1|64	PT0101-C.g633	95.312	64	3	0	1	64	1	64	1.59e-34	124
PfGA01_080036900|NTS|1|1|64	PC0054-C.g416	87.500	64	4	1	5	64	4	67	1.63e-30	113
PfGA01_080036900|NTS|1|1|64	QG0216-C.g856	87.500	64	4	1	5	64	4	67	1.78e-30	113
PfGA01_080036900|NTS|1|1|64	PA0186-C.g399	84.375	64	10	0	1	64	1	64	7.36e-30	111
PfGA01_080036900|DBLa|1|65|477	PT0101-C.g633	77.069	423	81	6	1	413	65	481	0.0	647
PfGA01_080036900|DBLa|1|65|477	PT0101-C.g633	21.711	304	175	9	104	348	1005	1304	3.26e-07	55.1
PfGA01_080036900|DBLa|1|65|477	PA0022-C.g383	76.123	423	84	6	1	413	65	480	0.0	631
PfGA01_080036900|DBLa|1|65|477	PA0022-C.g383	27.519	258	152	9	161	413	1076	1303	1.74e-14	78.2
PfGA01_080036900|DBLa|1|65|477	PM0096-C.g171	71.934	424	96	6	1	413	66	477	0.0	612
PfGA01_080036900|DBLa|1|65|477	PM0096-C.g171	28.977	352	212	8	1	352	1698	2011	8.23e-36	142
PfGA01_080036900|DBLa|1|65|477	PM0096-C.g171	26.330	376	190	15	114	413	991	1355	7.08e-18	88.6
PfGA01_080036900|DBLa|1|65|477	PM0096-C.g171	26.374	273	132	11	55	325	2150	2355	9.61e-16	82.0
PfGA01_080036900|DBLa|1|65|477	QG0216-C.g856	74.038	416	94	5	1	413	68	472	0.0	607
PfGA01_080036900|DBLa|1|65|477	QG0216-C.g856	24.658	365	205	13	104	413	975	1324	1.97e-16	84.3
PfGA01_080036900|DBLa|1|65|477	SenT136.09.g618	70.766	431	98	6	1	413	63	483	0.0	603
PfGA01_080036900|DBLa|1|65|477	SenT136.09.g618	23.546	361	208	11	104	413	944	1287	2.82e-16	83.6
PfGA01_080036900|CIDRa|1|478|722	PT0101-C.g633	90.204	245	24	0	1	245	482	726	8.03e-153	467
PfGA01_080036900|CIDRa|1|478|722	PA0022-C.g383	90.244	246	23	1	1	245	481	726	3.52e-151	462
PfGA01_080036900|CIDRa|1|478|722	PA0022-C.g383	27.835	97	70	0	99	195	1404	1500	1.19e-07	54.7
PfGA01_080036900|CIDRa|1|478|722	PA0211-C.g1020	73.577	246	64	1	1	245	425	670	4.05e-122	382
PfGA01_080036900|CIDRa|1|478|722	PC0057-C.g160	72.470	247	65	2	1	245	479	724	1.68e-116	367
PfGA01_080036900|CIDRa|1|478|722	PC0057-C.g160	32.609	92	59	1	93	181	1512	1603	3.70e-08	56.2
PfGA01_080036900|CIDRa|1|478|722	PA0197-C.g843	71.660	247	68	2	1	245	483	729	7.05e-116	365
PfGA01_080036900|DBLd|1|805|1308	PM0152-C.g708	55.185	540	187	18	1	504	898	1418	5.37e-170	526
PfGA01_080036900|DBLd|1|805|1308	PM0152-C.g708	27.240	279	167	9	171	440	158	409	1.19e-14	79.7
PfGA01_080036900|DBLd|1|805|1308	QE0481-C.g844	50.883	566	162	16	1	504	113	624	1.03e-167	503
PfGA01_080036900|DBLd|1|805|1308	PA0078-C.g489	54.183	526	197	15	1	504	878	1381	1.12e-163	509
PfGA01_080036900|DBLd|1|805|1308	PA0078-C.g489	25.824	364	178	13	184	504	189	503	1.73e-18	91.7
PfGA01_080036900|DBLd|1|805|1308	QG0275-C.g628	54.228	544	183	17	1	504	868	1385	2.57e-163	508
PfGA01_080036900|DBLd|1|805|1308	QG0275-C.g628	25.547	411	212	17	140	504	140	502	2.34e-16	85.1
PfGA01_080036900|DBLd|1|805|1308	QG0194-C.g148	51.585	568	176	18	1	504	217	749	1.69e-162	493
PfGA01_080036900|CIDRg|1|1309|1574	PA0197-C.g805	100.000	266	0	0	1	266	1444	1709	0.0	550
PfGA01_080036900|CIDRg|1|1309|1574	PM0144-C.g1048	77.239	268	53	4	1	266	1389	1650	8.19e-134	416
PfGA01_080036900|CIDRg|1|1309|1574	PM0029-C.g726	68.613	274	73	5	1	266	599	867	4.37e-120	368
PfGA01_080036900|CIDRg|1|1309|1574	PA0160-C.g2744	72.800	250	60	4	18	266	1054	1296	1.57e-117	367
PfGA01_080036900|CIDRg|1|1309|1574	PA0160-C.g2744	27.950	161	104	6	100	253	227	382	4.40e-07	53.1
PfGA01_080036900|CIDRg|1|1309|1574	PM0068-C.g730	70.896	268	66	7	1	266	1369	1626	6.93e-117	369
PfGA01_080036900|ATS|1|1672|2148	PV0028-C.g31	79.541	479	73	8	1	477	1737	2192	0.0	736
PfGA01_080036900|ATS|1|1672|2148	PD0549-C.g516	76.827	479	78	9	1	477	2187	2634	0.0	695
PfGA01_080036900|ATS|1|1672|2148	PD0511-C.g583	76.827	479	78	9	1	477	2187	2634	0.0	695
PfGA01_080036900|ATS|1|1672|2148	PT0219-C.g578	76.673	493	89	9	1	477	1736	2218	0.0	692
PfGA01_080036900|ATS|1|1672|2148	PF0590-C.g528	75.625	480	68	8	1	477	2051	2484	0.0	682
PfGA01_090005300|NTS|1|1|63	PC0077-C.g185	75.410	61	15	0	3	63	6	66	7.06e-23	91.7
PfGA01_090005300|NTS|1|1|63	PA0056-C.g414	72.727	66	15	1	1	63	1	66	5.14e-22	89.0
PfGA01_090005300|NTS|1|1|63	PA0229-C.g779	72.727	66	15	1	1	63	1	66	2.30e-21	87.4
PfGA01_090005300|NTS|1|1|63	PA0245-C.g671	75.439	57	13	1	7	63	6	61	3.33e-20	84.0
PfGA01_090005300|NTS|1|1|63	PF0158-C.g428	69.231	65	18	1	1	63	1	65	5.46e-20	83.2
PfGA01_090005300|DBLa|1|64|478	PF0058-C.g562	72.326	430	100	7	1	415	66	491	0.0	628
PfGA01_090005300|DBLa|1|64|478	PF0058-C.g562	34.807	181	100	6	241	415	1159	1327	5.72e-20	95.1
PfGA01_090005300|DBLa|1|64|478	PT0219-C.g42	72.771	415	101	8	9	415	76	486	0.0	605
PfGA01_090005300|DBLa|1|64|478	PT0225-C.g773	70.843	415	104	5	10	415	74	480	0.0	591
PfGA01_090005300|DBLa|1|64|478	PT0225-C.g773	27.744	328	195	9	108	415	961	1266	1.63e-21	99.8
PfGA01_090005300|DBLa|1|64|478	PT0158-C.g911	68.545	426	115	6	1	415	65	482	0.0	591
PfGA01_090005300|DBLa|1|64|478	PT0158-C.g911	24.455	413	237	14	52	415	954	1340	3.26e-16	83.6
PfGA01_090005300|DBLa|1|64|478	PA0053-C.g4	70.794	428	103	9	5	415	72	494	0.0	587
PfGA01_090005300|DBLa|1|64|478	PA0053-C.g4	34.483	203	115	7	216	415	1134	1321	5.06e-20	95.1
PfGA01_090005300|CIDRa|1|479|732	PA0021-C.g648	68.992	258	76	1	1	254	492	749	7.79e-115	363
PfGA01_090005300|CIDRa|1|479|732	PA0029-C.g554	68.992	258	76	1	1	254	492	749	8.32e-115	363
PfGA01_090005300|CIDRa|1|479|732	QG0205-C.g441	71.654	254	70	1	1	254	497	748	5.06e-112	356
PfGA01_090005300|CIDRa|1|479|732	QG0205-C.g441	28.191	188	117	6	22	203	1821	1996	2.16e-07	53.9
PfGA01_090005300|CIDRa|1|479|732	PH0815-C.g483	71.094	256	69	4	1	254	476	728	7.21e-111	352
PfGA01_090005300|CIDRa|1|479|732	PH0815-C.g483	26.452	155	104	4	24	176	1829	1975	2.87e-07	53.5
PfGA01_090005300|CIDRa|1|479|732	PH0778-C.g437	71.094	256	69	4	1	254	476	728	7.21e-111	352
PfGA01_090005300|CIDRa|1|479|732	PH0778-C.g437	26.452	155	104	4	24	176	1829	1975	2.87e-07	53.5
PfGA01_090005300|DBLd|1|829|1382	QG0203-C.g972	50.084	597	223	18	1	554	192	756	4.45e-170	514
PfGA01_090005300|DBLd|1|829|1382	PA0015-C.g441	50.751	599	200	19	1	554	86	634	6.37e-169	508
PfGA01_090005300|DBLd|1|829|1382	PA0270-C.g561	53.974	604	167	19	1	554	1232	1774	2.07e-166	523
PfGA01_090005300|DBLd|1|829|1382	PA0270-C.g561	33.514	185	109	3	380	554	289	469	1.83e-17	89.0
PfGA01_090005300|DBLd|1|829|1382	PM0029-C.g2125	51.783	589	211	17	1	554	879	1429	1.43e-164	513
PfGA01_090005300|DBLd|1|829|1382	PM0029-C.g2125	32.850	207	95	6	381	554	299	494	1.26e-18	92.8
PfGA01_090005300|DBLd|1|829|1382	SenT119.09.g62	51.423	562	210	14	1	554	622	1128	4.92e-161	499
PfGA01_090005300|DBLd|1|829|1382	SenT119.09.g62	27.027	333	134	12	144	475	141	365	9.42e-20	96.3
PfGA01_090005300|CIDRg|1|1383|1644	PM0152-C.g77	85.393	267	32	3	1	262	755	1019	9.61e-143	431
PfGA01_090005300|CIDRg|1|1383|1644	PT0195-Cx.g388	79.283	251	46	3	1	248	1372	1619	2.83e-118	373
PfGA01_090005300|CIDRg|1|1383|1644	PA0051-C.g148	67.399	273	75	4	3	261	1404	1676	3.25e-113	359
PfGA01_090005300|CIDRg|1|1383|1644	PA0045-C.g514	67.399	273	75	4	3	261	1404	1676	3.25e-113	359
PfGA01_090005300|CIDRg|1|1383|1644	QE0398-C.g715	67.164	268	74	6	1	255	1415	1681	4.37e-107	342
PfGA01_090005300|ATS|1|1774|2209	PC0113-C.g949	86.067	445	51	4	1	436	1702	2144	0.0	731
PfGA01_090005300|ATS|1|1774|2209	PV0028-C.g43	81.406	441	73	7	1	436	1843	2279	0.0	712
PfGA01_090005300|ATS|1|1774|2209	PFKE09.g563	82.998	447	60	7	1	436	775	1216	0.0	711
PfGA01_090005300|ATS|1|1774|2209	PV0229-C.g26	79.570	465	64	6	1	436	1803	2265	0.0	700
PfGA01_090005300|ATS|1|1774|2209	PA0270-C.g443	78.649	459	71	6	1	436	2185	2639	0.0	697
PfGA01_090005500|NTS|1|1|71	PA0041-C.g667	100.000	71	0	0	1	71	1	71	8.53e-43	148
PfGA01_090005500|NTS|1|1|71	PF0784-C.g857	100.000	71	0	0	1	71	1	71	9.26e-43	148
PfGA01_090005500|NTS|1|1|71	PH0810-C.g689	100.000	71	0	0	1	71	1	71	9.53e-43	148
PfGA01_090005500|NTS|1|1|71	PT0258-Cx.g88	100.000	71	0	0	1	71	1	71	1.01e-42	148
PfGA01_090005500|NTS|1|1|71	PV0256-C.g5	100.000	71	0	0	1	71	1	71	1.04e-42	148
PfGA01_090005500|DBLa|1|72|465	QE0427-C.g698	100.000	394	0	0	1	394	72	465	0.0	826
PfGA01_090005500|DBLa|1|72|465	QE0427-C.g698	34.884	215	115	7	55	254	848	1052	1.82e-27	117
PfGA01_090005500|DBLa|1|72|465	QE0427-C.g698	31.776	321	145	14	21	314	1342	1615	5.50e-27	115
PfGA01_090005500|DBLa|1|72|465	QE0427-C.g698	27.301	326	165	14	38	326	1762	2052	1.37e-16	84.3
PfGA01_090005500|DBLa|1|72|465	QE0427-C.g698	21.581	468	266	14	14	394	2305	2758	6.78e-12	70.1
PfGA01_090005500|DBLa|1|72|465	PT0042-C.g86	100.000	394	0	0	1	394	72	465	0.0	826
PfGA01_090005500|DBLa|1|72|465	PT0042-C.g86	33.818	275	147	9	17	271	807	1066	4.57e-30	125
PfGA01_090005500|DBLa|1|72|465	PT0042-C.g86	31.071	280	131	12	55	315	1343	1579	1.27e-24	108
PfGA01_090005500|DBLa|1|72|465	PT0042-C.g86	28.415	183	119	5	214	394	2163	2335	8.92e-11	66.2
PfGA01_090005500|DBLa|1|72|465	QE0428-C.g670	100.000	394	0	0	1	394	72	465	0.0	825
PfGA01_090005500|DBLa|1|72|465	QE0428-C.g670	34.884	215	115	7	55	254	848	1052	2.14e-27	117
PfGA01_090005500|DBLa|1|72|465	QE0428-C.g670	31.776	321	145	14	21	314	1342	1615	5.41e-27	115
PfGA01_090005500|DBLa|1|72|465	QE0428-C.g670	27.301	326	165	14	38	326	1762	2052	1.06e-16	84.7
PfGA01_090005500|DBLa|1|72|465	QE0428-C.g670	21.581	468	266	14	14	394	2305	2758	6.61e-12	70.1
PfGA01_090005500|DBLa|1|72|465	PH0810-C.g689	100.000	394	0	0	1	394	72	465	0.0	824
PfGA01_090005500|DBLa|1|72|465	PH0810-C.g689	33.818	275	147	9	17	271	807	1066	5.04e-30	125
PfGA01_090005500|DBLa|1|72|465	PH0810-C.g689	29.380	371	177	18	55	375	1743	2078	1.23e-28	120
PfGA01_090005500|DBLa|1|72|465	PH0810-C.g689	31.098	164	97	4	169	316	2438	2601	7.44e-16	82.4
PfGA01_090005500|DBLa|1|72|465	PH0810-C.g689	27.076	277	146	11	51	311	1313	1549	1.44e-14	78.2
PfGA01_090005500|DBLa|1|72|465	PV0256-C.g5	100.000	394	0	0	1	394	72	465	0.0	823
PfGA01_090005500|DBLa|1|72|465	PV0256-C.g5	32.432	333	166	14	6	315	1289	1585	1.30e-32	132
PfGA01_090005500|DBLa|1|72|465	PV0256-C.g5	33.818	275	147	9	17	271	807	1066	5.68e-30	124
PfGA01_090005500|DBLa|1|72|465	PV0256-C.g5	27.468	233	141	8	38	255	1722	1941	1.17e-12	72.4
PfGA01_090005500|DBLa|1|72|465	PV0256-C.g5	33.333	108	65	1	216	316	2469	2576	1.25e-12	72.4
PfGA01_090005500|CIDRa|1|466|719	PA0041-C.g667	100.000	254	0	0	1	254	466	719	3.01e-175	519
PfGA01_090005500|CIDRa|1|466|719	QG0293-C.g680	100.000	254	0	0	1	254	470	723	3.55e-172	516
PfGA01_090005500|CIDRa|1|466|719	PT0042-C.g86	100.000	254	0	0	1	254	466	719	4.76e-170	522
PfGA01_090005500|CIDRa|1|466|719	PT0042-C.g86	26.818	220	143	6	39	251	2377	2585	1.42e-10	63.5
PfGA01_090005500|CIDRa|1|466|719	PH0810-C.g689	100.000	254	0	0	1	254	466	719	1.76e-169	520
PfGA01_090005500|CIDRa|1|466|719	PA0015-C.g450	100.000	254	0	0	1	254	466	719	2.54e-169	520
PfGA01_090005500|CIDRa|1|466|719	PA0015-C.g450	25.000	228	154	7	35	252	2848	3068	1.05e-08	58.2
PfGA01_090005500|DBLb|1|728|1216	PF0784-C.g857	83.832	501	68	4	1	489	728	1227	0.0	809
PfGA01_090005500|DBLb|1|728|1216	PF0784-C.g857	32.697	419	184	11	109	489	1300	1658	3.18e-49	184
PfGA01_090005500|DBLb|1|728|1216	PF0784-C.g857	32.075	318	164	11	79	364	88	385	7.83e-27	117
PfGA01_090005500|DBLb|1|728|1216	PF0784-C.g857	25.368	272	155	9	117	358	1737	1990	9.61e-13	73.6
PfGA01_090005500|DBLb|1|728|1216	PT0042-C.g86	80.483	497	83	6	1	489	728	1218	0.0	798
PfGA01_090005500|DBLb|1|728|1216	PT0042-C.g86	43.002	493	213	12	12	489	1244	1683	5.11e-106	349
PfGA01_090005500|DBLb|1|728|1216	PT0042-C.g86	32.075	318	164	11	79	364	88	385	4.49e-27	118
PfGA01_090005500|DBLb|1|728|1216	PV0256-C.g5	82.317	492	77	4	1	489	728	1212	0.0	795
PfGA01_090005500|DBLb|1|728|1216	PV0256-C.g5	49.351	462	171	12	42	489	1261	1673	9.60e-116	377
PfGA01_090005500|DBLb|1|728|1216	PV0256-C.g5	32.075	318	164	11	79	364	88	385	5.67e-27	117
PfGA01_090005500|DBLb|1|728|1216	PV0256-C.g5	29.615	260	150	10	117	360	1736	1978	9.19e-14	76.6
PfGA01_090005500|DBLb|1|728|1216	PT0258-Cx.g88	81.038	501	82	4	1	489	728	1227	0.0	793
PfGA01_090005500|DBLb|1|728|1216	PT0258-Cx.g88	41.874	523	220	17	1	489	1258	1730	1.50e-102	339
PfGA01_090005500|DBLb|1|728|1216	PT0258-Cx.g88	32.075	318	164	11	79	364	88	385	7.72e-27	117
PfGA01_090005500|DBLb|1|728|1216	PT0258-Cx.g88	27.047	403	203	17	117	489	1796	2137	2.64e-18	91.3
PfGA01_090005500|DBLb|1|728|1216	PA0041-C.g667	79.840	501	82	5	1	489	728	1221	0.0	782
PfGA01_090005500|DBLb|1|728|1216	PA0041-C.g667	32.075	318	164	11	79	364	88	385	3.95e-27	118
PfGA01_090005500|DBLb|2|1232|1707	PM0146-C.g41	79.002	481	89	6	3	476	1239	1714	0.0	742
PfGA01_090005500|DBLb|2|1232|1707	PM0146-C.g41	42.939	524	212	17	1	476	737	1221	2.44e-106	349
PfGA01_090005500|DBLb|2|1232|1707	PM0146-C.g41	30.370	270	125	8	136	358	127	380	7.67e-26	114
PfGA01_090005500|DBLb|2|1232|1707	PM0146-C.g41	22.968	283	150	10	135	375	1774	2030	1.52e-10	66.2
PfGA01_090005500|DBLb|2|1232|1707	PF0011-C.g476	76.310	477	96	6	3	476	1401	1863	0.0	697
PfGA01_090005500|DBLb|2|1232|1707	PF0011-C.g476	43.954	521	208	17	1	476	902	1383	8.49e-113	368
PfGA01_090005500|DBLb|2|1232|1707	PF0011-C.g476	31.278	227	113	5	136	335	127	337	1.79e-25	113
PfGA01_090005500|DBLb|2|1232|1707	PF0011-C.g476	24.453	274	148	11	132	375	1923	2167	3.78e-08	58.5
PfGA01_090005500|DBLb|2|1232|1707	PT0274-Cx.g573	70.981	479	115	7	1	476	1249	1706	0.0	665
PfGA01_090005500|DBLb|2|1232|1707	PT0274-Cx.g573	41.386	534	217	17	1	476	727	1222	8.79e-109	357
PfGA01_090005500|DBLb|2|1232|1707	PT0274-Cx.g573	29.395	347	169	13	136	440	132	444	6.02e-26	114
PfGA01_090005500|DBLb|2|1232|1707	PT0274-Cx.g573	27.113	284	144	11	135	382	2130	2386	1.46e-15	82.4
PfGA01_090005500|DBLb|2|1232|1707	PT0274-Cx.g573	26.596	282	155	11	119	376	1753	2006	5.43e-11	67.8
PfGA01_090005500|DBLb|2|1232|1707	PA0044-C.g130	67.505	477	126	7	3	476	1233	1683	0.0	647
PfGA01_090005500|DBLb|2|1232|1707	PA0044-C.g130	37.782	532	230	19	1	476	729	1215	2.50e-87	295
PfGA01_090005500|DBLb|2|1232|1707	PA0044-C.g130	27.520	367	194	11	58	375	45	388	1.47e-23	107
PfGA01_090005500|DBLb|2|1232|1707	PA0044-C.g130	26.596	282	155	11	119	376	1730	1983	4.17e-11	68.2
PfGA01_090005500|DBLb|2|1232|1707	PF0818-C.g553	67.708	480	122	9	1	476	1237	1687	0.0	640
PfGA01_090005500|DBLb|2|1232|1707	PF0818-C.g553	37.757	535	231	20	1	476	728	1219	4.87e-87	294
PfGA01_090005500|DBLb|2|1232|1707	PF0818-C.g553	27.273	385	213	15	57	397	44	405	2.75e-26	115
PfGA01_090005500|DBLb|2|1232|1707	PF0818-C.g553	27.622	286	142	11	135	378	2110	2372	4.25e-19	93.6
PfGA01_090005500|DBLb|2|1232|1707	PF0818-C.g553	26.596	282	155	11	119	376	1734	1987	5.18e-11	67.8
PfGA01_090005500|DBLg|1|1723|2070	PA0044-C.g130	100.000	348	0	0	1	348	1699	2046	0.0	722
PfGA01_090005500|DBLg|1|1723|2070	PA0044-C.g130	30.270	370	144	10	36	291	2245	2614	3.00e-36	142
PfGA01_090005500|DBLg|1|1723|2070	PA0044-C.g130	27.547	265	145	8	45	284	846	1088	4.18e-17	85.1
PfGA01_090005500|DBLg|1|1723|2070	PA0044-C.g130	26.786	280	149	12	47	287	129	391	4.65e-12	69.7
PfGA01_090005500|DBLg|1|1723|2070	PA0044-C.g130	24.643	280	157	9	32	285	1332	1583	6.03e-12	69.3
PfGA01_090005500|DBLg|1|1723|2070	PT0274-Cx.g573	100.000	348	0	0	1	348	1722	2069	0.0	719
PfGA01_090005500|DBLg|1|1723|2070	PT0274-Cx.g573	40.575	313	149	11	1	288	2087	2387	3.84e-54	193
PfGA01_090005500|DBLg|1|1723|2070	PT0274-Cx.g573	26.207	290	146	11	31	279	822	1084	1.21e-16	84.0
PfGA01_090005500|DBLg|1|1723|2070	PT0274-Cx.g573	23.358	274	173	8	32	285	1350	1606	1.82e-11	68.2
PfGA01_090005500|DBLg|1|1723|2070	PT0274-Cx.g573	23.214	280	170	9	41	287	126	393	4.60e-10	63.5
PfGA01_090005500|DBLg|1|1723|2070	PF0818-C.g553	100.000	348	0	0	1	348	1703	2050	0.0	719
PfGA01_090005500|DBLg|1|1723|2070	PF0818-C.g553	37.798	336	170	13	46	348	2110	2439	4.88e-48	176
PfGA01_090005500|DBLg|1|1723|2070	PF0818-C.g553	27.893	337	145	9	62	300	2672	3008	2.48e-22	100
PfGA01_090005500|DBLg|1|1723|2070	PF0818-C.g553	26.148	283	150	11	42	286	838	1099	8.50e-15	78.2
PfGA01_090005500|DBLg|1|1723|2070	PF0818-C.g553	23.381	278	161	10	32	285	1338	1587	2.31e-10	64.7
PfGA01_090005500|DBLg|1|1723|2070	PF0818-C.g553	22.420	281	161	8	47	287	125	388	2.30e-08	58.5
PfGA01_090005500|DBLg|1|1723|2070	SenT058.11.g917	73.816	359	82	7	1	348	1202	1559	6.25e-159	489
PfGA01_090005500|DBLg|1|1723|2070	SenT058.11.g917	45.161	155	70	5	46	189	1624	1774	5.00e-31	126
PfGA01_090005500|DBLg|1|1723|2070	SenT058.11.g917	25.914	301	158	11	19	284	808	1078	2.08e-16	83.2
PfGA01_090005500|DBLg|1|1723|2070	SenT058.11.g917	23.552	259	152	6	47	270	130	377	3.75e-11	67.0
PfGA01_090005500|DBLg|1|1723|2070	PT0178-C.g1283	71.788	358	90	6	1	348	1201	1557	1.06e-152	476
PfGA01_090005500|DBLg|1|1723|2070	PT0178-C.g1283	40.794	277	129	10	46	291	1623	1895	2.51e-46	171
PfGA01_090005500|DBLg|1|1723|2070	PT0178-C.g1283	27.402	281	155	8	32	286	830	1087	2.49e-19	92.0
PfGA01_090005500|DBLg|1|1723|2070	PT0178-C.g1283	24.468	282	155	8	46	287	130	393	1.15e-13	74.7
PfGA01_090005500|DBLg|2|2088|2480	PT0178-C.g1283	69.479	403	112	5	1	393	1575	1976	0.0	558
PfGA01_090005500|DBLg|2|2088|2480	PT0178-C.g1283	36.449	321	179	8	1	317	1201	1500	2.43e-50	184
PfGA01_090005500|DBLg|2|2088|2480	PT0178-C.g1283	28.647	377	198	14	49	393	844	1181	2.46e-31	128
PfGA01_090005500|DBLg|2|2088|2480	PT0178-C.g1283	24.333	300	160	13	45	311	126	391	3.18e-15	80.1
PfGA01_090005500|DBLg|2|2088|2480	PF0489-C.g303	68.354	395	106	6	1	393	1697	2074	2.37e-170	530
PfGA01_090005500|DBLg|2|2088|2480	PF0489-C.g303	29.199	387	212	16	40	393	1320	1677	5.42e-36	142
PfGA01_090005500|DBLg|2|2088|2480	PF0489-C.g303	29.927	411	198	18	1	324	2204	2611	5.86e-31	127
PfGA01_090005500|DBLg|2|2088|2480	PF0489-C.g303	26.972	393	208	17	49	393	840	1201	3.16e-26	113
PfGA01_090005500|DBLg|2|2088|2480	PF0489-C.g303	25.763	295	157	13	47	311	129	391	6.30e-12	70.1
PfGA01_090005500|DBLg|2|2088|2480	PFKE07.g597	64.838	401	125	5	1	393	1245	1637	1.59e-158	496
PfGA01_090005500|DBLg|2|2088|2480	PFKE07.g597	44.375	320	157	9	1	310	1658	1966	4.13e-69	239
PfGA01_090005500|DBLg|2|2088|2480	PFKE07.g597	30.460	348	155	15	1	265	2198	2541	1.94e-29	123
PfGA01_090005500|DBLg|2|2088|2480	PFKE07.g597	26.429	420	207	18	34	393	822	1199	3.21e-28	119
PfGA01_090005500|DBLg|2|2088|2480	PFKE07.g597	23.986	296	166	10	45	311	125	390	3.21e-15	80.1
PfGA01_090005500|DBLg|2|2088|2480	PFKE11.g349	65.337	401	123	5	1	393	803	1195	2.11e-158	496
PfGA01_090005500|DBLg|2|2088|2480	PFKE11.g349	40.187	321	169	8	1	310	1216	1524	2.34e-59	210
PfGA01_090005500|DBLg|2|2088|2480	PFKE11.g349	36.076	316	156	10	31	337	445	723	1.64e-47	176
PfGA01_090005500|DBLg|2|2088|2480	PFKE11.g349	25.455	330	164	9	126	393	89	398	9.04e-26	112
PfGA01_090005500|DBLg|2|2088|2480	PFKE11.g349	33.784	222	106	10	43	226	1769	1987	7.10e-18	88.6
PfGA01_090005500|DBLg|2|2088|2480	PA0012-C.g595	69.679	343	91	5	1	336	1645	1981	3.92e-152	478
PfGA01_090005500|DBLg|2|2088|2480	PA0012-C.g595	42.512	414	184	16	1	393	1247	1627	5.63e-82	276
PfGA01_090005500|DBLg|2|2088|2480	PA0012-C.g595	25.000	472	191	16	1	312	2187	2655	2.94e-27	116
PfGA01_090005500|DBLg|2|2088|2480	PA0012-C.g595	27.483	302	173	9	34	325	827	1092	4.69e-23	103
PfGA01_090005500|DBLg|2|2088|2480	PA0012-C.g595	24.917	301	155	13	47	312	121	385	1.84e-11	68.6
PfGA01_090005500|DBLd|1|2583|3068	QG0280-C.g662	77.735	521	47	5	1	486	2168	2654	0.0	799
PfGA01_090005500|DBLd|1|2583|3068	QG0280-C.g662	30.939	362	164	13	103	457	1313	1595	4.79e-36	145
PfGA01_090005500|DBLd|1|2583|3068	QG0280-C.g662	29.380	371	173	11	86	454	1696	1979	1.36e-34	140
PfGA01_090005500|DBLd|1|2583|3068	QG0280-C.g662	24.484	339	204	11	173	486	157	468	4.15e-13	74.7
PfGA01_090005500|DBLd|1|2583|3068	SenT190.09.g1042	78.035	519	43	8	1	486	205	685	0.0	784
PfGA01_090005500|DBLd|1|2583|3068	QG0261-C.g118	74.759	519	67	7	1	486	229	716	0.0	757
PfGA01_090005500|DBLd|1|2583|3068	QG0247-C.g3406	51.471	476	174	12	1	457	893	1330	2.64e-138	438
PfGA01_090005500|DBLd|1|2583|3068	QG0247-C.g3406	27.046	281	160	10	171	423	157	420	2.17e-14	78.6
PfGA01_090005500|DBLd|1|2583|3068	PFKE12.g311	48.321	536	224	16	1	486	880	1412	2.52e-136	434
PfGA01_090005500|DBLd|1|2583|3068	PFKE12.g311	25.101	247	137	6	203	423	193	417	6.86e-12	70.9
PfGA01_090005500|CIDRb|1|3069|3328	QG0261-C.g118	99.615	260	1	0	1	260	717	976	0.0	540
PfGA01_090005500|CIDRb|1|3069|3328	SenT190.09.g1042	99.615	260	1	0	1	260	686	945	0.0	538
PfGA01_090005500|CIDRb|1|3069|3328	QG0280-C.g662	99.615	260	1	0	1	260	2655	2914	3.93e-173	531
PfGA01_090005500|CIDRb|1|3069|3328	PA0059-C.g314	80.000	260	49	2	1	260	1342	1598	7.44e-136	421
PfGA01_090005500|CIDRb|1|3069|3328	PF0816-C.g786	76.062	259	60	1	1	257	1344	1602	4.73e-132	411
PfGA01_090005500|ATS|1|3460|3903	PFKE11.g264	86.860	449	54	2	1	444	2779	3227	0.0	793
PfGA01_090005500|ATS|1|3460|3903	PT0256-C.g286	81.027	448	80	2	1	444	2267	2713	0.0	725
PfGA01_090005500|ATS|1|3460|3903	PC0113-C.g1115	83.333	444	52	4	1	444	3496	3917	0.0	724
PfGA01_090005500|ATS|1|3460|3903	PfKE02.g50	83.333	444	66	6	7	444	2571	3012	0.0	721
PfGA01_090005500|ATS|1|3460|3903	PA0262-C.g127	80.624	449	81	3	1	444	2860	3307	0.0	718
PfGA01_100005400|NTS|1|1|60	QG0236-C.g2816	83.333	54	9	0	7	60	5	58	3.05e-25	98.2
PfGA01_100005400|NTS|1|1|60	SenT013.11.g322	75.000	60	15	0	1	60	1	60	3.51e-24	95.1
PfGA01_100005400|NTS|1|1|60	PA0092-C.g488	75.000	60	15	0	1	60	1	60	3.51e-24	95.1
PfGA01_100005400|NTS|1|1|60	PA0160-C.g1938	75.000	60	15	0	1	60	1	60	7.62e-24	94.0
PfGA01_100005400|NTS|1|1|60	PV0211-C.g64	83.333	54	7	1	7	60	14	65	1.65e-23	93.2
PfGA01_100005400|DBLa|1|61|493	PA0160-C.g1938	100.000	433	0	0	1	433	61	493	0.0	913
PfGA01_100005400|DBLa|1|61|493	QG0236-C.g2816	100.000	433	0	0	1	433	59	491	0.0	910
PfGA01_100005400|DBLa|1|61|493	QG0236-C.g2816	30.918	207	105	6	231	433	1237	1409	5.56e-16	83.2
PfGA01_100005400|DBLa|1|61|493	SenT013.11.g322	100.000	433	0	0	1	433	61	493	0.0	910
PfGA01_100005400|DBLa|1|61|493	SenT013.11.g322	27.273	209	109	7	230	433	1217	1387	9.86e-09	60.1
PfGA01_100005400|DBLa|1|61|493	PA0092-C.g488	100.000	433	0	0	1	433	61	493	0.0	910
PfGA01_100005400|DBLa|1|61|493	PA0092-C.g488	27.273	209	109	7	230	433	1217	1387	9.86e-09	60.1
PfGA01_100005400|DBLa|1|61|493	PV0211-C.g64	99.769	433	1	0	1	433	66	498	0.0	905
PfGA01_100005400|DBLa|1|61|493	PV0211-C.g64	32.234	273	117	10	185	433	1158	1386	1.22e-21	100
PfGA01_100005400|DBLa|1|61|493	PV0211-C.g64	30.196	255	144	9	19	265	2132	2360	2.36e-21	99.8
PfGA01_100005400|DBLa|1|61|493	PV0211-C.g64	20.323	310	181	9	48	335	1721	1986	2.99e-08	58.9
PfGA01_100005400|CIDRa|1|494|809	PA0160-C.g1938	98.418	316	4	1	1	316	494	808	0.0	635
PfGA01_100005400|CIDRa|1|494|809	SenT013.11.g322	98.418	316	4	1	1	316	494	808	0.0	635
PfGA01_100005400|CIDRa|1|494|809	PA0092-C.g488	98.418	316	4	1	1	316	494	808	0.0	635
PfGA01_100005400|CIDRa|1|494|809	QG0236-C.g2816	98.418	316	4	1	1	316	492	806	0.0	634
PfGA01_100005400|CIDRa|1|494|809	PV0211-C.g64	98.418	316	4	1	1	316	499	813	0.0	633
PfGA01_100005400|DBLd|1|905|1433	PF0393-CW.g238	48.768	568	210	21	1	529	86	611	7.50e-148	451
PfGA01_100005400|DBLd|1|905|1433	PM0127-C.g1095	49.729	553	210	21	1	529	320	828	3.27e-146	446
PfGA01_100005400|DBLd|1|905|1433	PF0782-C.g775	48.446	547	215	14	1	529	898	1395	5.05e-146	462
PfGA01_100005400|DBLd|1|905|1433	PF0782-C.g775	24.543	383	201	18	187	529	179	513	1.25e-10	67.0
PfGA01_100005400|DBLd|1|905|1433	PV0285-C.g70	50.092	543	207	18	1	529	912	1404	1.39e-145	461
PfGA01_100005400|DBLd|1|905|1433	PV0285-C.g70	23.547	327	188	12	234	529	213	508	6.88e-12	70.9
PfGA01_100005400|DBLd|1|905|1433	PF0311-C.g323	47.892	593	225	19	1	529	817	1389	1.15e-144	459
PfGA01_100005400|DBLd|1|905|1433	PF0311-C.g323	30.726	179	109	5	360	529	300	472	2.99e-14	78.6
PfGA01_100005400|CIDRb|1|1434|1695	SenT001.08.g980	63.137	255	86	4	1	252	706	955	7.34e-98	311
PfGA01_100005400|CIDRb|1|1434|1695	PF0298-C.g546	60.784	255	92	4	1	252	1331	1580	5.06e-92	299
PfGA01_100005400|CIDRb|1|1434|1695	PM0018-C.g1126	59.398	266	95	7	1	260	596	854	6.50e-92	294
PfGA01_100005400|CIDRb|1|1434|1695	QE0467-C.g814	59.925	267	95	5	1	260	1385	1646	6.97e-92	298
PfGA01_100005400|CIDRb|1|1434|1695	PV0239-C.g41	59.925	267	95	5	1	260	1385	1646	7.81e-92	298
PfGA01_100005400|ATS|1|1810|2265	PFKE07.g667	78.214	459	86	6	2	456	2366	2814	0.0	715
PfGA01_100005400|ATS|1|1810|2265	PV0134-C.g25	77.970	463	74	7	2	456	2381	2823	0.0	691
PfGA01_100005400|ATS|1|1810|2265	PC0097-C.g664	76.923	468	76	7	1	456	2364	2811	0.0	681
PfGA01_100005400|ATS|1|1810|2265	PFKE01.g326	78.891	469	67	8	1	456	1767	2216	0.0	676
PfGA01_100005400|ATS|1|1810|2265	PV0028-C.g50	76.496	468	86	8	1	456	2600	3055	0.0	665
PfGA01_100045500|NTS|1|1|64	QG0290-C.g774	85.714	49	7	0	16	64	29	77	3.75e-22	89.7
PfGA01_100045500|NTS|1|1|64	PC0113-C.g999	61.017	59	23	0	6	64	4	62	9.55e-19	79.7
PfGA01_100045500|NTS|1|1|64	SenT067.11.g271	67.213	61	15	2	6	64	5	62	5.09e-17	75.1
PfGA01_100045500|NTS|1|1|64	PF0816-C.g142	61.290	62	23	1	2	63	1	61	1.76e-16	73.6
PfGA01_100045500|NTS|1|1|64	PA0053-C.g818	63.793	58	19	1	7	64	5	60	1.27e-15	70.9
PfGA01_100045500|DBLa|1|65|523	QG0290-C.g774	83.983	462	68	4	1	459	78	536	0.0	733
PfGA01_100045500|DBLa|1|65|523	QG0290-C.g774	25.095	263	156	6	124	351	1121	1377	1.05e-17	89.0
PfGA01_100045500|DBLa|1|65|523	QG0296-C.g5428	60.934	471	148	13	1	459	62	508	4.81e-173	531
PfGA01_100045500|DBLa|1|65|523	PT0080-C.g428	59.619	473	164	10	1	459	60	519	8.23e-173	531
PfGA01_100045500|DBLa|1|65|523	PT0080-C.g428	24.359	234	148	4	146	350	1143	1376	1.29e-12	72.8
PfGA01_100045500|DBLa|1|65|523	PA0165-C.g920	63.793	464	127	14	3	459	81	510	6.66e-172	530
PfGA01_100045500|DBLa|1|65|523	PA0165-C.g920	25.587	383	213	13	94	425	1065	1426	3.50e-14	77.8
PfGA01_100045500|DBLa|1|65|523	PA0018-C.g492	61.255	462	142	13	1	459	69	496	3.32e-171	508
PfGA01_100045500|CIDRa|1|524|848	PM0152-C.g73	64.417	326	99	5	1	325	499	808	3.37e-122	380
PfGA01_100045500|CIDRa|1|524|848	SenT013.11.g294	66.154	325	95	4	1	325	511	820	2.45e-121	385
PfGA01_100045500|CIDRa|1|524|848	QG0276-C.g8	64.923	325	96	5	1	324	528	835	2.82e-120	371
PfGA01_100045500|CIDRa|1|524|848	PA0256-C.g721	62.874	334	102	9	1	325	499	819	5.41e-120	381
PfGA01_100045500|CIDRa|1|524|848	QE0474-C.g346	63.323	319	100	5	1	319	526	827	9.98e-120	381
PfGA01_100045500|DBLd|1|930|1492	PM0145-C.g467	55.363	578	188	15	1	563	865	1387	6.87e-171	530
PfGA01_100045500|DBLd|1|930|1492	PM0145-C.g467	29.474	190	116	5	385	563	284	466	6.46e-15	80.9
PfGA01_100045500|DBLd|1|930|1492	PC0058-C.g162	52.796	608	200	15	1	563	1391	1956	1.66e-168	530
PfGA01_100045500|DBLd|1|930|1492	PC0058-C.g162	21.629	356	159	10	260	563	209	496	5.24e-10	65.1
PfGA01_100045500|DBLd|1|930|1492	SenT030.11.g252	53.966	580	195	17	1	563	869	1393	6.07e-164	511
PfGA01_100045500|DBLd|1|930|1492	SenT030.11.g252	24.096	332	146	12	265	563	237	495	3.36e-11	68.9
PfGA01_100045500|DBLd|1|930|1492	PA0035-C.g440	49.043	575	234	17	1	563	200	727	5.11e-159	493
PfGA01_100045500|DBLd|1|930|1492	PA0035-C.g440	33.918	342	125	12	144	484	1135	1376	1.32e-35	145
PfGA01_100045500|DBLd|1|930|1492	PA0085-C.g316	49.043	575	234	17	1	563	830	1357	4.36e-155	492
PfGA01_100045500|DBLd|1|930|1492	PA0085-C.g316	33.626	342	126	11	144	484	1765	2006	3.30e-35	144
PfGA01_100045500|DBLd|1|930|1492	PA0085-C.g316	30.928	194	102	8	393	563	284	468	5.47e-12	71.6
PfGA01_100045500|CIDRb|1|1493|1744	PM0145-C.g467	100.000	252	0	0	1	252	1388	1639	2.32e-173	523
PfGA01_100045500|CIDRb|1|1493|1744	SenT030.11.g252	79.832	238	44	1	1	234	1394	1631	3.27e-123	387
PfGA01_100045500|CIDRb|1|1493|1744	PC0058-C.g162	77.959	245	49	3	1	240	1957	2201	6.50e-122	384
PfGA01_100045500|CIDRb|1|1493|1744	QE0428-C.g713	64.167	240	83	3	1	239	1373	1610	6.96e-95	306
PfGA01_100045500|CIDRb|1|1493|1744	QE0427-C.g552	64.167	240	83	3	1	239	1373	1610	6.96e-95	306
PfGA01_100045500|ATS|1|1833|2342	PT0219-C.g578	76.015	517	83	7	1	510	1736	2218	0.0	736
PfGA01_100045500|ATS|1|1833|2342	PV0089-C.g40	72.868	516	93	6	1	510	1655	2129	0.0	699
PfGA01_100045500|ATS|1|1833|2342	PV0028-C.g31	71.373	510	92	6	1	510	1737	2192	0.0	699
PfGA01_100045500|ATS|1|1833|2342	PV0118-C.g21	70.037	534	94	8	1	510	2115	2606	0.0	692
PfGA01_100045500|ATS|1|1833|2342	PV0239-C.g10	71.893	523	109	9	1	510	3361	3858	0.0	691
PfGA01_110005400|NTS|1|1|67	QG0286-C.g5067	100.000	67	0	0	1	67	1	67	2.98e-38	135
PfGA01_110005400|NTS|1|1|67	PF0206-C.g519	100.000	65	0	0	3	67	4	68	8.93e-37	131
PfGA01_110005400|NTS|1|1|67	PA0168-C.g782	94.030	67	4	0	1	67	1	67	2.38e-35	127
PfGA01_110005400|NTS|1|1|67	QG0287-C.g637	89.231	65	7	0	3	67	4	68	3.62e-31	115
PfGA01_110005400|NTS|1|1|67	PA0173-C.g730	82.090	67	8	1	1	67	1	63	1.63e-28	107
PfGA01_110005400|DBLa|1|68|501	PA0168-C.g782	94.713	435	22	1	1	434	68	502	0.0	810
PfGA01_110005400|DBLa|1|68|501	PA0168-C.g782	26.374	273	149	11	187	434	1145	1390	4.40e-12	70.9
PfGA01_110005400|DBLa|1|68|501	PF0206-C.g519	92.694	438	18	3	1	434	69	496	0.0	791
PfGA01_110005400|DBLa|1|68|501	PF0206-C.g519	25.556	270	157	8	190	434	1131	1381	7.08e-15	79.7
PfGA01_110005400|DBLa|1|68|501	QG0286-C.g5067	92.466	438	19	3	1	434	68	495	0.0	790
PfGA01_110005400|DBLa|1|68|501	QG0286-C.g5067	36.667	90	56	1	252	341	1238	1326	2.88e-10	65.1
PfGA01_110005400|DBLa|1|68|501	PF0789-C.g591	79.535	430	72	5	13	434	74	495	0.0	680
PfGA01_110005400|DBLa|1|68|501	PF0789-C.g591	26.733	202	121	7	235	434	1242	1418	7.62e-11	67.0
PfGA01_110005400|DBLa|1|68|501	PA0173-C.g730	73.543	446	105	7	1	434	64	508	0.0	644
PfGA01_110005400|DBLa|1|68|501	PA0173-C.g730	31.739	230	110	8	144	341	1145	1359	7.90e-12	70.1
PfGA01_110005400|CIDRa|1|503|811	PF0206-C.g519	100.000	309	0	0	1	309	498	806	0.0	633
PfGA01_110005400|CIDRa|1|503|811	PF0789-C.g591	82.258	310	27	4	1	304	497	784	1.42e-155	478
PfGA01_110005400|CIDRa|1|503|811	QG0286-C.g5067	82.258	310	27	4	1	304	497	784	2.28e-155	477
PfGA01_110005400|CIDRa|1|503|811	PA0168-C.g782	82.258	310	27	4	1	304	504	791	5.59e-155	476
PfGA01_110005400|CIDRa|1|503|811	PA0211-C.g834	71.803	305	54	5	1	300	489	766	3.31e-133	417
PfGA01_110005400|DBLd|1|891|1416	PT0240-C.g644	54.766	535	190	12	11	526	915	1416	1.42e-165	514
PfGA01_110005400|DBLd|1|891|1416	PT0240-C.g644	24.742	194	110	5	262	455	272	429	2.53e-08	59.3
PfGA01_110005400|DBLd|1|891|1416	PFKE09.g399	51.613	558	212	14	1	526	888	1419	6.97e-160	504
PfGA01_110005400|DBLd|1|891|1416	PFKE09.g399	37.391	115	61	4	345	458	297	401	1.23e-11	70.1
PfGA01_110005400|DBLd|1|891|1416	SenT002.07.g2096	49.632	544	214	16	1	526	214	715	3.77e-152	464
PfGA01_110005400|DBLd|1|891|1416	PF0206-C.g575	49.632	544	214	16	1	526	420	921	8.74e-150	463
PfGA01_110005400|DBLd|1|891|1416	PF0206-C.g575	27.575	301	124	13	204	499	1	212	3.35e-17	87.8
PfGA01_110005400|DBLd|1|891|1416	QG0190-C.g1057	49.033	569	213	16	1	526	807	1341	3.59e-149	469
PfGA01_110005400|DBLd|1|891|1416	QG0190-C.g1057	32.447	188	105	6	352	526	300	478	1.54e-15	82.4
PfGA01_110005400|CIDRb|1|1417|1683	PT0240-C.g644	84.291	261	33	2	1	261	1417	1669	4.29e-145	448
PfGA01_110005400|CIDRb|1|1417|1683	QG0225-C.g2632	67.293	266	75	4	1	266	1478	1731	1.68e-109	349
PfGA01_110005400|CIDRb|1|1417|1683	PF0449-C.g199	67.293	266	75	4	1	266	2667	2920	2.21e-109	349
PfGA01_110005400|CIDRb|1|1417|1683	PT0240-C.g134	67.293	266	75	4	1	266	2734	2987	2.99e-109	348
PfGA01_110005400|CIDRb|1|1417|1683	PF0816-C.g22	67.293	266	75	4	1	266	2666	2919	4.94e-109	348
PfGA01_110005400|ATS|1|1794|2249	PV0028-C.g31	79.104	469	72	7	1	456	1737	2192	0.0	722
PfGA01_110005400|ATS|1|1794|2249	PD0549-C.g516	78.959	461	79	6	1	456	2187	2634	0.0	689
PfGA01_110005400|ATS|1|1794|2249	PD0511-C.g583	78.959	461	79	6	1	456	2187	2634	0.0	689
PfGA01_110005400|ATS|1|1794|2249	PH0121-CW.g102	77.223	461	68	6	1	456	802	1230	0.0	672
PfGA01_110005400|ATS|1|1794|2249	PV0118-C.g21	70.974	503	88	11	1	456	2115	2606	0.0	659
PfGA01_110054200|NTS|1|1|62	PA0213-C.g1305	79.688	64	11	1	1	62	1	64	4.35e-26	100
PfGA01_110054200|NTS|1|1|62	PA0254-C.g899	79.688	64	11	1	1	62	1	64	5.71e-26	100
PfGA01_110054200|NTS|1|1|62	QG0201-C.g597	77.193	57	12	1	6	62	5	60	2.85e-19	81.3
PfGA01_110054200|NTS|1|1|62	PH0594-C.g832	67.188	64	18	2	1	62	5	67	5.06e-18	77.8
PfGA01_110054200|NTS|1|1|62	PA0061-C.g608	67.188	64	18	2	1	62	5	67	5.57e-18	77.4
PfGA01_110054200|DBLa|1|63|483	PC0016-C.g382	96.200	421	13	1	1	421	72	489	0.0	842
PfGA01_110054200|DBLa|1|63|483	PC0016-C.g382	27.089	347	194	11	108	421	1009	1329	2.61e-20	96.3
PfGA01_110054200|DBLa|1|63|483	PH0471-C.g250	96.200	421	13	1	1	421	72	489	0.0	837
PfGA01_110054200|DBLa|1|63|483	PH0471-C.g250	33.036	336	154	14	54	382	1635	1906	3.74e-28	120
PfGA01_110054200|DBLa|1|63|483	PH0471-C.g250	26.720	378	193	13	50	391	878	1207	6.66e-20	95.1
PfGA01_110054200|DBLa|1|63|483	PH0471-C.g250	25.478	314	182	12	50	348	2007	2283	3.05e-14	77.4
PfGA01_110054200|DBLa|1|63|483	PV0099-C.g106	92.874	421	27	1	1	421	72	489	0.0	717
PfGA01_110054200|DBLa|1|63|483	PV0099-C.g106	30.405	148	88	5	238	384	1153	1286	5.63e-11	67.4
PfGA01_110054200|DBLa|1|63|483	PD0524-C.g506	80.235	425	66	3	9	421	71	489	0.0	650
PfGA01_110054200|DBLa|1|63|483	PD0524-C.g506	28.198	344	201	10	52	391	1720	2021	9.01e-26	112
PfGA01_110054200|DBLa|1|63|483	PD0524-C.g506	36.538	104	65	1	244	346	1152	1255	8.94e-12	69.7
PfGA01_110054200|DBLa|1|63|483	PD0524-C.g506	24.211	285	145	8	43	326	2101	2315	9.26e-08	57.0
PfGA01_110054200|DBLa|1|63|483	PF0399-C.g294	71.729	428	104	8	1	421	72	489	0.0	607
PfGA01_110054200|DBLa|1|63|483	PF0399-C.g294	34.000	100	64	2	238	336	1142	1240	2.59e-08	58.9
PfGA01_110054200|CIDRa|1|484|735	PC0016-C.g382	98.780	246	3	0	1	246	490	735	4.30e-167	505
PfGA01_110054200|CIDRa|1|484|735	PC0016-C.g382	26.190	168	112	3	7	170	1334	1493	1.58e-09	60.5
PfGA01_110054200|CIDRa|1|484|735	PV0099-C.g106	98.780	246	3	0	1	246	490	735	6.83e-167	505
PfGA01_110054200|CIDRa|1|484|735	PD0524-C.g506	98.780	246	3	0	1	246	490	735	7.58e-164	503
PfGA01_110054200|CIDRa|1|484|735	PH0471-C.g250	98.780	246	3	0	1	246	490	735	4.00e-163	501
PfGA01_110054200|CIDRa|1|484|735	PH0471-C.g250	28.646	192	124	4	54	241	1288	1470	6.26e-14	73.6
PfGA01_110054200|CIDRa|1|484|735	PF0782-C.g817	79.757	247	47	3	1	246	499	743	4.92e-123	386
PfGA01_110054200|DBLd|1|825|1332	PM0085-C.g680	50.000	578	197	16	1	508	817	1372	7.41e-156	487
PfGA01_110054200|DBLd|1|825|1332	PM0085-C.g680	26.882	279	140	8	252	508	249	485	5.28e-15	80.9
PfGA01_110054200|DBLd|1|825|1332	PA0045-C.g539	49.391	575	186	20	1	508	903	1439	1.54e-145	460
PfGA01_110054200|DBLd|1|825|1332	PA0045-C.g539	24.176	364	205	11	170	508	187	504	1.01e-14	79.7
PfGA01_110054200|DBLd|1|825|1332	QG0293-C.g2981	50.446	561	187	22	1	508	841	1363	2.19e-143	448
PfGA01_110054200|DBLd|1|825|1332	QG0293-C.g2981	25.606	289	148	10	197	470	197	433	5.22e-07	55.1
PfGA01_110054200|DBLd|1|825|1332	PF0456-C.g338	51.673	538	181	21	1	508	1269	1757	5.13e-143	456
PfGA01_110054200|DBLd|1|825|1332	PF0456-C.g338	26.007	273	144	8	252	508	252	482	3.77e-14	78.2
PfGA01_110054200|DBLd|1|825|1332	PF0311-C.g534	50.444	563	202	21	1	508	902	1442	4.89e-142	450
PfGA01_110054200|DBLd|1|825|1332	PF0311-C.g534	23.853	327	171	12	222	508	207	495	8.11e-11	67.4
PfGA01_110054200|CIDRb|1|1333|1594	QG0196-C.g55	80.077	261	47	3	2	260	2650	2907	7.15e-121	382
PfGA01_110054200|CIDRb|1|1333|1594	QG0196-C.g55	27.586	232	149	9	27	249	489	710	1.64e-09	60.5
PfGA01_110054200|CIDRb|1|1333|1594	PA0213-C.g1197	76.562	256	54	2	2	254	1295	1547	7.06e-119	374
PfGA01_110054200|CIDRb|1|1333|1594	PA0213-C.g1197	28.061	196	119	6	75	259	557	741	8.44e-10	61.2
PfGA01_110054200|CIDRb|1|1333|1594	PA0270-C.g929	76.172	256	55	2	2	254	1415	1667	1.44e-118	374
PfGA01_110054200|CIDRb|1|1333|1594	PA0270-C.g929	28.571	161	100	6	105	250	631	791	1.02e-08	58.2
PfGA01_110054200|CIDRb|1|1333|1594	PF0489-C.g645	72.797	261	67	3	2	262	1694	1950	6.72e-117	370
PfGA01_110054200|CIDRb|1|1333|1594	PF0489-C.g645	30.220	182	115	5	75	250	536	711	1.76e-08	57.4
PfGA01_110054200|CIDRb|1|1333|1594	PA0228-C.g4254	70.385	260	75	2	3	261	858	1116	1.39e-110	347
PfGA01_110054200|ATS|1|1715|2169	PA0245-C.g998	83.948	461	65	5	1	455	1706	2163	0.0	757
PfGA01_110054200|ATS|1|1715|2169	PV0211-C.g126	78.937	508	51	7	1	455	841	1345	0.0	734
PfGA01_110054200|ATS|1|1715|2169	QE0436-C.g591	80.652	491	58	5	1	455	1702	2191	0.0	722
PfGA01_110054200|ATS|1|1715|2169	QE0395-C.g30	85.653	467	32	4	1	455	891	1334	0.0	720
PfGA01_110054200|ATS|1|1715|2169	PD0483-C.g348	82.353	459	76	4	1	455	2589	3046	0.0	718
PfGA01_110054400|NTS|1|1|62	PA0213-C.g1305	79.688	64	11	1	1	62	1	64	4.35e-26	100
PfGA01_110054400|NTS|1|1|62	PA0254-C.g899	79.688	64	11	1	1	62	1	64	5.71e-26	100
PfGA01_110054400|NTS|1|1|62	QG0201-C.g597	77.193	57	12	1	6	62	5	60	2.85e-19	81.3
PfGA01_110054400|NTS|1|1|62	PH0594-C.g832	67.188	64	18	2	1	62	5	67	5.06e-18	77.8
PfGA01_110054400|NTS|1|1|62	PA0061-C.g608	67.188	64	18	2	1	62	5	67	5.57e-18	77.4
PfGA01_110054400|DBLa|1|63|483	PC0016-C.g382	96.200	421	13	1	1	421	72	489	0.0	842
PfGA01_110054400|DBLa|1|63|483	PC0016-C.g382	27.089	347	194	11	108	421	1009	1329	2.61e-20	96.3
PfGA01_110054400|DBLa|1|63|483	PH0471-C.g250	96.200	421	13	1	1	421	72	489	0.0	837
PfGA01_110054400|DBLa|1|63|483	PH0471-C.g250	33.036	336	154	14	54	382	1635	1906	3.74e-28	120
PfGA01_110054400|DBLa|1|63|483	PH0471-C.g250	26.720	378	193	13	50	391	878	1207	6.66e-20	95.1
PfGA01_110054400|DBLa|1|63|483	PH0471-C.g250	25.478	314	182	12	50	348	2007	2283	3.05e-14	77.4
PfGA01_110054400|DBLa|1|63|483	PV0099-C.g106	92.874	421	27	1	1	421	72	489	0.0	717
PfGA01_110054400|DBLa|1|63|483	PV0099-C.g106	30.405	148	88	5	238	384	1153	1286	5.63e-11	67.4
PfGA01_110054400|DBLa|1|63|483	PD0524-C.g506	80.235	425	66	3	9	421	71	489	0.0	650
PfGA01_110054400|DBLa|1|63|483	PD0524-C.g506	28.198	344	201	10	52	391	1720	2021	9.01e-26	112
PfGA01_110054400|DBLa|1|63|483	PD0524-C.g506	36.538	104	65	1	244	346	1152	1255	8.94e-12	69.7
PfGA01_110054400|DBLa|1|63|483	PD0524-C.g506	24.211	285	145	8	43	326	2101	2315	9.26e-08	57.0
PfGA01_110054400|DBLa|1|63|483	PF0399-C.g294	71.729	428	104	8	1	421	72	489	0.0	607
PfGA01_110054400|DBLa|1|63|483	PF0399-C.g294	34.000	100	64	2	238	336	1142	1240	2.59e-08	58.9
PfGA01_110054400|CIDRa|1|484|735	PC0016-C.g382	98.780	246	3	0	1	246	490	735	4.30e-167	505
PfGA01_110054400|CIDRa|1|484|735	PC0016-C.g382	26.190	168	112	3	7	170	1334	1493	1.58e-09	60.5
PfGA01_110054400|CIDRa|1|484|735	PV0099-C.g106	98.780	246	3	0	1	246	490	735	6.83e-167	505
PfGA01_110054400|CIDRa|1|484|735	PD0524-C.g506	98.780	246	3	0	1	246	490	735	7.58e-164	503
PfGA01_110054400|CIDRa|1|484|735	PH0471-C.g250	98.780	246	3	0	1	246	490	735	4.00e-163	501
PfGA01_110054400|CIDRa|1|484|735	PH0471-C.g250	28.646	192	124	4	54	241	1288	1470	6.26e-14	73.6
PfGA01_110054400|CIDRa|1|484|735	PF0782-C.g817	79.757	247	47	3	1	246	499	743	4.92e-123	386
PfGA01_110054400|DBLd|1|825|1332	PM0085-C.g680	50.000	578	197	16	1	508	817	1372	7.04e-156	487
PfGA01_110054400|DBLd|1|825|1332	PM0085-C.g680	27.240	279	139	8	252	508	249	485	8.73e-16	83.2
PfGA01_110054400|DBLd|1|825|1332	PA0045-C.g539	49.391	575	186	20	1	508	903	1439	2.11e-145	459
PfGA01_110054400|DBLd|1|825|1332	PA0045-C.g539	24.451	364	204	11	170	508	187	504	2.13e-15	82.0
PfGA01_110054400|DBLd|1|825|1332	PF0456-C.g338	51.859	538	180	21	1	508	1269	1757	8.90e-144	458
PfGA01_110054400|DBLd|1|825|1332	PF0456-C.g338	26.374	273	143	8	252	508	252	482	7.39e-15	80.5
PfGA01_110054400|DBLd|1|825|1332	QG0293-C.g2981	50.446	561	187	22	1	508	841	1363	3.00e-143	448
PfGA01_110054400|DBLd|1|825|1332	QG0293-C.g2981	25.952	289	147	10	197	470	197	433	9.85e-08	57.4
PfGA01_110054400|DBLd|1|825|1332	PF0311-C.g534	50.622	563	201	21	1	508	902	1442	5.40e-143	453
PfGA01_110054400|DBLd|1|825|1332	PF0311-C.g534	24.159	327	170	12	222	508	207	495	1.31e-11	70.1
PfGA01_110054400|CIDRb|1|1333|1594	QG0196-C.g55	80.077	261	47	3	2	260	2650	2907	7.15e-121	382
PfGA01_110054400|CIDRb|1|1333|1594	QG0196-C.g55	27.586	232	149	9	27	249	489	710	1.64e-09	60.5
PfGA01_110054400|CIDRb|1|1333|1594	PA0213-C.g1197	76.562	256	54	2	2	254	1295	1547	7.06e-119	374
PfGA01_110054400|CIDRb|1|1333|1594	PA0213-C.g1197	28.061	196	119	6	75	259	557	741	8.44e-10	61.2
PfGA01_110054400|CIDRb|1|1333|1594	PA0270-C.g929	76.172	256	55	2	2	254	1415	1667	1.44e-118	374
PfGA01_110054400|CIDRb|1|1333|1594	PA0270-C.g929	28.571	161	100	6	105	250	631	791	1.02e-08	58.2
PfGA01_110054400|CIDRb|1|1333|1594	PF0489-C.g645	72.797	261	67	3	2	262	1694	1950	6.72e-117	370
PfGA01_110054400|CIDRb|1|1333|1594	PF0489-C.g645	30.220	182	115	5	75	250	536	711	1.76e-08	57.4
PfGA01_110054400|CIDRb|1|1333|1594	PA0228-C.g4254	70.385	260	75	2	3	261	858	1116	1.39e-110	347
PfGA01_110054400|ATS|1|1715|2169	PA0245-C.g998	83.948	461	65	5	1	455	1706	2163	0.0	757
PfGA01_110054400|ATS|1|1715|2169	PV0211-C.g126	78.937	508	51	7	1	455	841	1345	0.0	734
PfGA01_110054400|ATS|1|1715|2169	QE0436-C.g591	80.652	491	58	5	1	455	1702	2191	0.0	722
PfGA01_110054400|ATS|1|1715|2169	QE0395-C.g30	85.653	467	32	4	1	455	891	1334	0.0	720
PfGA01_110054400|ATS|1|1715|2169	PD0483-C.g348	82.353	459	76	4	1	455	2589	3046	0.0	718
PfGA01_120005500|NTS|1|1|69	SenT077.11.g336	86.957	69	9	0	1	69	1	69	3.65e-34	124
PfGA01_120005500|NTS|1|1|69	PA0052-C.g525	84.058	69	11	0	1	69	1	69	5.93e-32	117
PfGA01_120005500|NTS|1|1|69	PA0101-C.g447	84.058	69	11	0	1	69	1	69	6.80e-32	117
PfGA01_120005500|NTS|1|1|69	PA0020-C.g392	84.058	69	11	0	1	69	1	69	6.80e-32	117
PfGA01_120005500|NTS|1|1|69	QE0417-C.g880	81.159	69	13	0	1	69	1	69	1.42e-31	116
PfGA01_120005500|DBLa|1|70|476	PT0041-C.g374	86.732	407	53	1	1	407	73	478	0.0	733
PfGA01_120005500|DBLa|1|70|476	PT0041-C.g374	23.757	362	223	12	91	407	1037	1390	2.32e-11	68.2
PfGA01_120005500|DBLa|1|70|476	PC0056-C.g378	80.344	407	79	1	1	407	75	480	0.0	680
PfGA01_120005500|DBLa|1|70|476	PC0056-C.g378	24.092	303	198	8	122	407	1033	1320	2.45e-12	71.2
PfGA01_120005500|DBLa|1|70|476	PA0053-C.g3	75.118	422	89	4	1	407	67	487	0.0	637
PfGA01_120005500|DBLa|1|70|476	QG0194-C.g930	75.728	412	95	3	1	407	70	481	0.0	634
PfGA01_120005500|DBLa|1|70|476	QG0194-C.g930	25.418	299	175	10	135	407	1035	1311	5.52e-18	89.0
PfGA01_120005500|DBLa|1|70|476	PA0081-C.g231	74.468	423	92	4	1	407	71	493	0.0	632
PfGA01_120005500|DBLa|1|70|476	PA0081-C.g231	28.415	366	210	13	21	374	1739	2064	1.23e-28	121
PfGA01_120005500|DBLa|1|70|476	PA0081-C.g231	26.045	311	176	9	140	407	1082	1381	2.59e-17	87.0
PfGA01_120005500|DBLa|1|70|476	PA0081-C.g231	22.569	288	160	10	40	326	2138	2363	5.03e-11	67.4
PfGA01_120005500|CIDRa|1|477|728	PT0041-C.g374	97.619	252	6	0	1	252	479	730	1.65e-170	515
PfGA01_120005500|CIDRa|1|477|728	QG0295-C.g4025	80.645	248	48	0	1	248	486	733	2.75e-133	411
PfGA01_120005500|CIDRa|1|477|728	PC0026-C.g13	80.408	245	47	1	1	244	93	337	3.36e-133	408
PfGA01_120005500|CIDRa|1|477|728	QE0460-C.g808	84.274	248	39	0	1	248	472	719	4.28e-133	412
PfGA01_120005500|CIDRa|1|477|728	QE0463-C.g789	84.274	248	39	0	1	248	472	719	5.27e-133	413
PfGA01_120005500|DBLd|1|817|1338	PT0144-C.g822	56.464	526	169	13	1	522	1332	1801	7.71e-171	534
PfGA01_120005500|DBLd|1|817|1338	PT0144-C.g822	26.738	187	114	5	356	522	315	498	1.24e-08	60.5
PfGA01_120005500|DBLd|1|817|1338	PT0066-C.g84	55.367	531	192	16	1	522	2227	2721	2.95e-163	515
PfGA01_120005500|DBLd|1|817|1338	PT0066-C.g84	26.205	477	174	19	1	473	1704	2006	4.80e-25	112
PfGA01_120005500|DBLd|1|817|1338	PT0066-C.g84	25.731	171	116	3	360	522	306	473	8.79e-08	57.8
PfGA01_120005500|DBLd|1|817|1338	PH0599-C.g645	52.909	550	208	18	1	522	867	1393	1.29e-158	495
PfGA01_120005500|DBLd|1|817|1338	PH0599-C.g645	27.064	218	123	8	335	522	280	491	2.12e-10	66.2
PfGA01_120005500|DBLd|1|817|1338	QG0293-C.g2180	52.364	571	196	17	1	522	884	1427	3.41e-158	494
PfGA01_120005500|DBLd|1|817|1338	QG0293-C.g2180	24.272	206	117	4	356	522	320	525	2.76e-07	56.2
PfGA01_120005500|DBLd|1|817|1338	PC0054-C.g366	52.364	571	196	17	1	522	884	1427	3.41e-158	494
PfGA01_120005500|DBLd|1|817|1338	PC0054-C.g366	24.272	206	117	4	356	522	320	525	2.76e-07	56.2
PfGA01_120005500|CIDRb|1|1339|1583	PT0144-C.g822	73.913	253	55	3	1	242	1802	2054	1.48e-115	365
PfGA01_120005500|CIDRb|1|1339|1583	QG0205-C.g769	71.937	253	60	4	1	243	1371	1622	7.50e-111	352
PfGA01_120005500|CIDRb|1|1339|1583	PC0053-C.g111	71.146	253	62	3	1	242	2624	2876	1.07e-106	340
PfGA01_120005500|CIDRb|1|1339|1583	QE0451-C.g761	68.750	240	72	1	1	240	1358	1594	8.39e-105	334
PfGA01_120005500|CIDRb|1|1339|1583	QE0464-C.g160	68.750	240	72	1	1	240	3014	3250	1.19e-104	334
PfGA01_120005500|ATS|1|1684|2143	PD0549-C.g516	79.004	462	81	5	1	460	2187	2634	0.0	705
PfGA01_120005500|ATS|1|1684|2143	PD0511-C.g583	79.004	462	81	5	1	460	2187	2634	0.0	705
PfGA01_120005500|ATS|1|1684|2143	PT0219-C.g578	76.578	491	76	8	1	460	1736	2218	0.0	697
PfGA01_120005500|ATS|1|1684|2143	PV0028-C.g31	74.627	469	97	6	1	460	1737	2192	0.0	684
PfGA01_120005500|ATS|1|1684|2143	QE0434-C.g814	77.223	461	69	4	1	460	2811	3236	0.0	679
PfGA01_120005700|NTSpam|1|1|50	PD0474-C.g423	100.000	50	0	0	1	50	1	50	9.77e-27	101
PfGA01_120005700|NTSpam|1|1|50	PA0059-C.g51	100.000	50	0	0	1	50	1	50	9.87e-27	101
PfGA01_120005700|NTSpam|1|1|50	PV0094-C.g25	100.000	50	0	0	1	50	1	50	9.88e-27	101
PfGA01_120005700|NTSpam|1|1|50	PA0200-C.g251	100.000	50	0	0	1	50	1	50	1.03e-26	101
PfGA01_120005700|NTSpam|1|1|50	PA0263-C.g740	100.000	50	0	0	1	50	1	50	1.08e-26	101
PfGA01_120005700|DBLpam1|1|51|431	PT0101-C.g733	91.601	381	32	0	1	381	52	432	0.0	713
PfGA01_120005700|DBLpam1|1|51|431	PT0101-C.g733	24.793	242	152	7	51	284	647	866	1.70e-15	80.9
PfGA01_120005700|DBLpam1|1|51|431	PT0101-C.g733	27.526	287	156	12	25	309	2445	2681	2.38e-15	80.5
PfGA01_120005700|DBLpam1|1|51|431	PT0101-C.g733	22.581	279	161	10	27	294	2106	2340	3.86e-09	61.2
PfGA01_120005700|DBLpam1|1|51|431	PT0101-C.g733	21.300	277	184	8	44	304	1695	1953	1.86e-08	58.9
PfGA01_120005700|DBLpam1|1|51|431	PT0101-C.g733	24.302	358	193	17	24	345	1316	1631	9.24e-07	53.5
PfGA01_120005700|DBLpam1|1|51|431	PC0113-C.g105	90.551	381	36	0	1	381	52	432	0.0	706
PfGA01_120005700|DBLpam1|1|51|431	PC0113-C.g105	27.985	268	148	10	45	292	584	826	1.15e-19	93.6
PfGA01_120005700|DBLpam1|1|51|431	PC0113-C.g105	24.507	355	193	15	24	345	1253	1565	6.31e-13	72.8
PfGA01_120005700|DBLpam1|1|51|431	PM0085-C.g442	91.316	380	33	0	1	380	51	430	0.0	704
PfGA01_120005700|DBLpam1|1|51|431	PM0085-C.g442	25.937	347	182	15	45	342	582	902	6.08e-19	91.3
PfGA01_120005700|DBLpam1|1|51|431	PA0157-C.g107	90.551	381	36	0	1	381	52	432	0.0	703
PfGA01_120005700|DBLpam1|1|51|431	PA0157-C.g107	27.985	268	148	10	45	292	584	826	2.17e-19	92.8
PfGA01_120005700|DBLpam1|1|51|431	PA0157-C.g107	27.303	304	162	12	42	344	2382	2627	2.41e-15	80.5
PfGA01_120005700|DBLpam1|1|51|431	PA0157-C.g107	24.507	355	193	15	24	345	1253	1565	9.32e-13	72.4
PfGA01_120005700|DBLpam1|1|51|431	PA0157-C.g107	23.625	309	185	12	27	329	2034	2297	4.49e-10	63.9
PfGA01_120005700|DBLpam1|1|51|431	PA0157-C.g107	22.022	277	176	8	44	304	1629	1881	3.37e-09	61.2
PfGA01_120005700|DBLpam1|1|51|431	PC0005-Cx.g29	90.551	381	36	0	1	381	52	432	0.0	703
PfGA01_120005700|DBLpam1|1|51|431	PC0005-Cx.g29	27.985	268	148	10	45	292	584	826	2.17e-19	92.8
PfGA01_120005700|DBLpam1|1|51|431	PC0005-Cx.g29	27.303	304	162	12	42	344	2382	2627	2.57e-15	80.5
PfGA01_120005700|DBLpam1|1|51|431	PC0005-Cx.g29	24.507	355	193	15	24	345	1253	1565	9.92e-13	72.4
PfGA01_120005700|DBLpam1|1|51|431	PC0005-Cx.g29	23.625	309	185	12	27	329	2034	2297	4.73e-10	63.9
PfGA01_120005700|DBLpam1|1|51|431	PC0005-Cx.g29	22.022	277	176	8	44	304	1629	1881	3.65e-09	61.2
PfGA01_120005700|DBLpam2|1|532|980	PA0200-C.g251	94.019	418	15	1	32	449	555	962	0.0	794
PfGA01_120005700|DBLpam2|1|532|980	PA0200-C.g251	26.377	345	197	12	52	384	95	394	1.83e-20	97.4
PfGA01_120005700|DBLpam2|1|532|980	PA0200-C.g251	27.799	259	123	9	52	304	2368	2568	2.61e-14	78.2
PfGA01_120005700|DBLpam2|1|532|980	PA0200-C.g251	24.590	366	188	14	54	386	1261	1571	4.43e-11	67.8
PfGA01_120005700|DBLpam2|1|532|980	PA0200-C.g251	26.667	240	126	7	52	284	2033	2229	3.07e-09	62.0
PfGA01_120005700|DBLpam2|1|532|980	PA0011-C.g14	88.377	456	46	2	1	449	533	988	0.0	793
PfGA01_120005700|DBLpam2|1|532|980	PA0011-C.g14	27.574	272	167	8	47	306	90	343	4.87e-19	92.8
PfGA01_120005700|DBLpam2|1|532|980	PA0011-C.g14	27.304	293	157	10	14	303	2343	2582	5.03e-15	80.5
PfGA01_120005700|DBLpam2|1|532|980	PA0011-C.g14	26.316	285	139	8	52	332	2051	2268	6.13e-13	73.9
PfGA01_120005700|DBLpam2|1|532|980	PA0011-C.g14	23.662	355	189	11	54	386	1287	1581	3.81e-10	65.1
PfGA01_120005700|DBLpam2|1|532|980	PC0058-C.g418	86.638	464	47	3	1	449	602	1065	0.0	786
PfGA01_120005700|DBLpam2|1|532|980	PC0058-C.g418	28.571	266	159	9	52	306	167	412	4.10e-22	102
PfGA01_120005700|DBLpam2|1|532|980	PC0058-C.g418	25.000	368	181	15	54	386	1365	1672	2.96e-09	62.0
PfGA01_120005700|DBLpam2|1|532|980	PA0015-C.g78	84.449	463	58	2	1	449	530	992	0.0	766
PfGA01_120005700|DBLpam2|1|532|980	PA0015-C.g78	29.044	272	163	8	47	306	91	344	1.97e-21	100
PfGA01_120005700|DBLpam2|1|532|980	PA0015-C.g78	29.644	253	119	10	52	303	2416	2610	2.89e-18	90.5
PfGA01_120005700|DBLpam2|1|532|980	PA0015-C.g78	23.129	294	193	6	52	337	1647	1915	2.99e-10	65.1
PfGA01_120005700|DBLpam2|1|532|980	PA0015-C.g78	25.086	291	144	9	52	332	2074	2300	3.17e-10	65.1
PfGA01_120005700|DBLpam2|1|532|980	PA0015-C.g78	23.333	360	197	13	54	386	1291	1598	5.86e-09	61.2
PfGA01_120005700|DBLpam2|1|532|980	PM0019-C.g1894	86.534	453	57	4	1	449	493	945	0.0	762
PfGA01_120005700|DBLpam2|1|532|980	PM0019-C.g1894	28.090	267	162	8	52	306	57	305	2.32e-18	90.5
PfGA01_120005700|CIDRpam|1|989|1216	PA0200-C.g251	100.000	228	0	0	1	228	971	1198	2.86e-150	464
PfGA01_120005700|CIDRpam|1|989|1216	PC0113-C.g105	91.266	229	19	1	1	228	983	1211	8.47e-138	425
PfGA01_120005700|CIDRpam|1|989|1216	QG0253-C.g2173	91.228	228	20	0	1	228	963	1190	7.97e-137	426
PfGA01_120005700|CIDRpam|1|989|1216	PA0157-C.g107	91.266	229	19	1	1	228	983	1211	3.90e-136	424
PfGA01_120005700|CIDRpam|1|989|1216	PC0005-Cx.g29	91.266	229	19	1	1	228	983	1211	3.94e-136	424
PfGA01_120005700|DBLpam3|1|1235|1587	PA0262-C.g111	92.655	354	25	1	1	353	1222	1575	0.0	673
PfGA01_120005700|DBLpam3|1|1235|1587	PA0262-C.g111	27.778	270	154	10	42	310	2034	2263	8.79e-13	72.0
PfGA01_120005700|DBLpam3|1|1235|1587	PA0262-C.g111	25.163	306	177	13	23	311	1598	1868	7.71e-11	66.2
PfGA01_120005700|DBLpam3|1|1235|1587	PA0262-C.g111	23.239	284	150	10	40	294	579	823	2.29e-09	61.6
PfGA01_120005700|DBLpam3|1|1235|1587	PA0262-C.g111	24.451	319	178	14	19	307	70	355	7.06e-09	60.1
PfGA01_120005700|DBLpam3|1|1235|1587	PF0282-C.g193	94.382	356	17	3	1	353	1214	1569	0.0	672
PfGA01_120005700|DBLpam3|1|1235|1587	PF0282-C.g193	25.658	304	176	12	42	335	2029	2292	2.74e-16	82.8
PfGA01_120005700|DBLpam3|1|1235|1587	PF0282-C.g193	30.275	218	110	9	125	329	2421	2609	2.28e-14	77.0
PfGA01_120005700|DBLpam3|1|1235|1587	PF0282-C.g193	24.126	286	165	10	42	311	1614	1863	2.04e-11	67.8
PfGA01_120005700|DBLpam3|1|1235|1587	PF0282-C.g193	23.438	320	182	12	18	307	68	354	3.95e-07	54.7
PfGA01_120005700|DBLpam3|1|1235|1587	PA0188-C.g764	92.655	354	25	1	1	353	1216	1569	0.0	671
PfGA01_120005700|DBLpam3|1|1235|1587	PM0037-C.g1019	92.655	354	25	1	1	353	1222	1575	0.0	671
PfGA01_120005700|DBLpam3|1|1235|1587	PM0037-C.g1019	26.740	273	143	10	40	307	2371	2591	7.48e-13	72.4
PfGA01_120005700|DBLpam3|1|1235|1587	PM0037-C.g1019	25.240	313	176	11	42	353	2034	2289	2.86e-11	67.4
PfGA01_120005700|DBLpam3|1|1235|1587	PM0037-C.g1019	25.163	306	177	13	23	311	1598	1868	1.06e-10	65.9
PfGA01_120005700|DBLpam3|1|1235|1587	PM0037-C.g1019	23.239	284	150	10	40	294	579	823	2.62e-09	61.2
PfGA01_120005700|DBLpam3|1|1235|1587	PM0037-C.g1019	24.451	319	178	14	19	307	70	355	7.73e-09	60.1
PfGA01_120005700|DBLpam3|1|1235|1587	PV0139-C.g9	92.918	353	25	0	1	353	1230	1582	0.0	670
PfGA01_120005700|DBLpam3|1|1235|1587	PV0139-C.g9	26.022	269	160	8	36	303	2042	2272	4.81e-11	66.6
PfGA01_120005700|DBLpam3|1|1235|1587	PV0139-C.g9	27.273	275	147	11	40	291	582	826	5.25e-11	66.6
PfGA01_120005700|DBLpam3|1|1235|1587	PV0139-C.g9	24.742	291	162	12	42	311	1627	1881	7.35e-10	63.2
PfGA01_120005700|DBLpam3|1|1235|1587	PV0139-C.g9	24.107	336	188	12	5	307	54	355	4.95e-09	60.5
PfGA01_120005700|DBLpam3|1|1235|1587	PV0139-C.g9	23.548	310	156	13	36	324	2376	2625	1.81e-07	55.5
PfGA01_120005700|DBLe|1|1589|1927	PD0550-C.g205	94.203	345	14	2	1	339	1588	1932	0.0	668
PfGA01_120005700|DBLe|1|1589|1927	PD0550-C.g205	29.210	291	162	10	43	326	2058	2311	8.79e-22	99.0
PfGA01_120005700|DBLe|1|1589|1927	PD0550-C.g205	25.818	275	151	9	43	310	2399	2627	4.27e-16	82.0
PfGA01_120005700|DBLe|1|1589|1927	PD0550-C.g205	25.806	279	165	10	44	300	1286	1544	3.92e-12	70.1
PfGA01_120005700|DBLe|1|1589|1927	PD0550-C.g205	24.080	299	189	6	45	308	577	872	9.92e-11	65.5
PfGA01_120005700|DBLe|1|1589|1927	PD0550-C.g205	23.077	286	173	11	45	305	95	358	5.02e-07	53.9
PfGA01_120005700|DBLe|1|1589|1927	PA0251-C.g114	93.023	344	14	2	1	339	748	1086	0.0	658
PfGA01_120005700|DBLe|1|1589|1927	PA0251-C.g114	26.429	280	141	10	44	310	1554	1781	1.17e-18	89.7
PfGA01_120005700|DBLe|1|1589|1927	PA0251-C.g114	27.586	290	169	9	43	326	1211	1465	3.52e-18	88.2
PfGA01_120005700|DBLe|1|1589|1927	PA0251-C.g114	26.481	287	165	10	44	300	434	704	1.15e-12	71.6
PfGA01_120005700|DBLe|1|1589|1927	PA0149-C.g650	93.023	344	14	2	1	339	1570	1908	0.0	658
PfGA01_120005700|DBLe|1|1589|1927	PA0149-C.g650	26.429	280	141	10	44	310	2376	2603	1.08e-18	89.7
PfGA01_120005700|DBLe|1|1589|1927	PA0149-C.g650	27.586	290	169	9	43	326	2033	2287	4.38e-18	87.8
PfGA01_120005700|DBLe|1|1589|1927	PA0149-C.g650	27.465	284	181	8	38	308	574	845	4.28e-15	79.0
PfGA01_120005700|DBLe|1|1589|1927	PA0149-C.g650	26.481	287	165	10	44	300	1256	1526	1.21e-12	71.6
PfGA01_120005700|DBLe|1|1589|1927	PA0149-C.g650	23.794	311	182	12	45	324	96	382	1.38e-08	58.9
PfGA01_120005700|DBLe|1|1589|1927	PT0189-Cx.g20	92.353	340	25	1	1	339	1582	1921	0.0	654
PfGA01_120005700|DBLe|1|1589|1927	PT0189-Cx.g20	26.298	289	169	10	43	326	2047	2296	8.97e-17	84.0
PfGA01_120005700|DBLe|1|1589|1927	PT0189-Cx.g20	24.843	318	185	12	1	310	2339	2610	1.48e-14	77.4
PfGA01_120005700|DBLe|1|1589|1927	PT0189-Cx.g20	25.503	298	171	10	45	308	581	861	5.39e-14	75.5
PfGA01_120005700|DBLe|1|1589|1927	PT0189-Cx.g20	26.071	280	163	10	44	300	1280	1538	8.43e-11	65.9
PfGA01_120005700|DBLe|1|1589|1927	PT0189-Cx.g20	24.913	289	170	14	43	305	94	361	1.10e-08	59.3
PfGA01_120005700|DBLe|1|1589|1927	PA0256-C.g199	92.151	344	16	2	1	339	1578	1915	0.0	654
PfGA01_120005700|DBLe|1|1589|1927	PA0256-C.g199	28.472	288	161	9	43	326	2041	2287	3.23e-20	94.4
PfGA01_120005700|DBLe|1|1589|1927	PA0256-C.g199	27.645	293	157	10	45	308	576	842	7.82e-15	78.2
PfGA01_120005700|DBLe|1|1589|1927	PA0256-C.g199	25.984	254	147	7	43	294	2375	2589	9.39e-13	71.6
PfGA01_120005700|DBLe|1|1589|1927	PA0256-C.g199	24.912	285	167	9	44	297	1262	1530	3.30e-12	70.1
PfGA01_120005700|DBLe|1|1589|1927	PA0256-C.g199	23.793	290	183	10	45	311	95	369	2.04e-07	55.5
PfGA01_120005700|DBLe|2|2004|2310	PA0065-C.g78	95.114	307	15	0	1	307	1979	2285	0.0	604
PfGA01_120005700|DBLe|2|2004|2310	PA0065-C.g78	26.766	269	157	9	50	278	1278	1546	1.27e-17	85.9
PfGA01_120005700|DBLe|2|2004|2310	PA0065-C.g78	24.806	258	143	10	49	266	94	340	4.21e-13	72.4
PfGA01_120005700|DBLe|2|2004|2310	PA0065-C.g78	26.721	247	149	7	86	302	1645	1889	7.64e-13	71.6
PfGA01_120005700|DBLe|2|2004|2310	PA0065-C.g78	26.190	294	142	12	51	276	582	868	1.76e-09	61.2
PfGA01_120005700|DBLe|2|2004|2310	PM0071-C.g408	94.788	307	16	0	1	307	1998	2304	0.0	603
PfGA01_120005700|DBLe|2|2004|2310	PM0071-C.g408	90.260	308	29	1	1	307	2749	3056	0.0	570
PfGA01_120005700|DBLe|2|2004|2310	PM0071-C.g408	29.682	283	157	10	38	307	3129	3382	4.15e-27	114
PfGA01_120005700|DBLe|2|2004|2310	PM0071-C.g408	31.206	282	159	10	34	307	2372	2626	1.04e-26	112
PfGA01_120005700|DBLe|2|2004|2310	PM0071-C.g408	28.571	287	166	11	50	302	1625	1906	8.49e-19	89.4
PfGA01_120005700|DBLe|2|2004|2310	PM0071-C.g408	25.641	273	157	10	50	278	1266	1536	7.32e-17	83.6
PfGA01_120005700|DBLe|2|2004|2310	PM0071-C.g408	23.397	312	182	13	32	300	76	373	2.80e-13	72.8
PfGA01_120005700|DBLe|2|2004|2310	PM0071-C.g408	27.074	229	112	7	51	230	581	803	8.40e-11	65.5
PfGA01_120005700|DBLe|2|2004|2310	PD0460-C.g690	94.788	307	16	0	1	307	1829	2135	0.0	600
PfGA01_120005700|DBLe|2|2004|2310	PD0460-C.g690	35.938	192	103	4	49	236	2218	2393	4.17e-23	102
PfGA01_120005700|DBLe|2|2004|2310	PD0460-C.g690	27.946	297	164	11	50	303	1450	1739	1.03e-19	92.0
PfGA01_120005700|DBLe|2|2004|2310	PD0460-C.g690	29.032	217	118	8	50	232	1132	1346	7.21e-16	80.5
PfGA01_120005700|DBLe|2|2004|2310	PD0460-C.g690	27.200	250	129	9	51	254	494	736	1.81e-11	67.4
PfGA01_120005700|DBLe|2|2004|2310	PD0460-C.g690	23.529	204	105	9	46	211	92	282	2.55e-07	54.7
PfGA01_120005700|DBLe|2|2004|2310	QG0196-C.g665	92.834	307	22	0	1	307	1075	1381	0.0	594
PfGA01_120005700|DBLe|2|2004|2310	QG0196-C.g665	28.044	271	163	10	50	303	730	985	3.03e-19	90.5
PfGA01_120005700|DBLe|2|2004|2310	QG0196-C.g665	25.091	275	158	11	50	278	369	641	1.18e-15	79.7
PfGA01_120005700|DBLe|2|2004|2310	QE0474-C.g42	93.811	307	19	0	1	307	2007	2313	0.0	594
PfGA01_120005700|DBLe|2|2004|2310	QE0474-C.g42	33.585	265	146	8	49	307	2396	2636	2.54e-27	114
PfGA01_120005700|DBLe|2|2004|2310	QE0474-C.g42	28.378	296	162	11	50	302	1629	1917	7.64e-20	92.4
PfGA01_120005700|DBLe|2|2004|2310	QE0474-C.g42	25.632	277	151	11	50	278	1271	1540	1.06e-12	71.2
PfGA01_120005700|DBLe|2|2004|2310	QE0474-C.g42	23.759	282	162	11	34	273	78	348	1.41e-10	64.7
PfGA01_120005700|DBLe|2|2004|2310	QE0474-C.g42	24.912	285	149	10	51	276	579	857	3.79e-09	60.1
PfGA01_120005700|DBLe|3|2348|2667	QG0190-C.g57	95.950	321	12	1	1	320	2326	2646	0.0	630
PfGA01_120005700|DBLe|3|2348|2667	QG0190-C.g57	32.824	262	145	10	46	291	2042	2288	3.47e-27	114
PfGA01_120005700|DBLe|3|2348|2667	QG0190-C.g57	24.476	286	171	10	45	288	93	375	3.14e-18	87.8
PfGA01_120005700|DBLe|3|2348|2667	QG0190-C.g57	28.509	228	126	7	48	242	575	798	4.82e-17	84.3
PfGA01_120005700|DBLe|3|2348|2667	QG0190-C.g57	26.126	333	176	12	1	280	1573	1888	1.35e-15	80.1
PfGA01_120005700|DBLe|3|2348|2667	QG0190-C.g57	26.638	229	112	9	104	297	1340	1547	1.32e-10	65.1
PfGA01_120005700|DBLe|3|2348|2667	PA0101-C.g86	87.888	322	30	3	1	320	2351	2665	0.0	568
PfGA01_120005700|DBLe|3|2348|2667	PA0101-C.g86	31.734	271	147	11	46	291	2056	2313	5.90e-25	107
PfGA01_120005700|DBLe|3|2348|2667	PA0101-C.g86	30.085	236	125	9	48	249	586	815	8.48e-19	89.7
PfGA01_120005700|DBLe|3|2348|2667	PA0101-C.g86	25.826	333	177	10	1	280	1586	1901	9.14e-19	89.7
PfGA01_120005700|DBLe|3|2348|2667	PA0101-C.g86	25.874	286	156	11	26	263	74	351	9.78e-13	71.2
PfGA01_120005700|DBLe|3|2348|2667	PA0101-C.g86	28.302	212	117	7	104	297	1366	1560	5.71e-12	68.9
PfGA01_120005700|DBLe|3|2348|2667	PA0020-C.g160	87.888	322	30	3	1	320	2351	2665	0.0	568
PfGA01_120005700|DBLe|3|2348|2667	PA0020-C.g160	31.734	271	147	11	46	291	2056	2313	5.90e-25	107
PfGA01_120005700|DBLe|3|2348|2667	PA0020-C.g160	30.085	236	125	9	48	249	586	815	8.48e-19	89.7
PfGA01_120005700|DBLe|3|2348|2667	PA0020-C.g160	25.826	333	177	10	1	280	1586	1901	9.14e-19	89.7
PfGA01_120005700|DBLe|3|2348|2667	PA0020-C.g160	25.874	286	156	11	26	263	74	351	9.78e-13	71.2
PfGA01_120005700|DBLe|3|2348|2667	PA0020-C.g160	28.302	212	117	7	104	297	1366	1560	5.71e-12	68.9
PfGA01_120005700|DBLe|3|2348|2667	PA0044-C.g219	86.646	322	33	4	1	320	2164	2477	0.0	555
PfGA01_120005700|DBLe|3|2348|2667	PA0044-C.g219	31.734	271	147	11	46	291	1869	2126	6.50e-25	107
PfGA01_120005700|DBLe|3|2348|2667	PA0044-C.g219	30.085	236	125	9	48	249	399	628	9.42e-19	89.4
PfGA01_120005700|DBLe|3|2348|2667	PA0044-C.g219	25.826	333	177	10	1	280	1399	1714	9.96e-19	89.4
PfGA01_120005700|DBLe|3|2348|2667	PA0044-C.g219	28.302	212	117	7	104	297	1179	1373	6.75e-12	68.9
PfGA01_120005700|DBLe|3|2348|2667	PA0044-C.g219	31.944	144	66	6	145	263	28	164	3.83e-07	54.3
PfGA01_120005700|DBLe|3|2348|2667	SenT067.11.g612	84.259	324	45	6	1	320	820	1141	0.0	541
PfGA01_120005700|DBLe|3|2348|2667	SenT067.11.g612	32.281	285	160	11	46	309	532	804	4.03e-29	120
PfGA01_120005700|DBLe|3|2348|2667	SenT067.11.g612	25.926	297	135	10	46	280	105	378	2.16e-15	79.3
PfGA01_120005700|ATS|1|2684|3091	PD0582-C.g234	97.304	408	11	0	1	408	2663	3070	0.0	816
PfGA01_120005700|ATS|1|2684|3091	PFKE06.g409	97.304	408	10	1	1	408	5929	6335	0.0	809
PfGA01_120005700|ATS|1|2684|3091	PD0572-C.g308	96.314	407	15	0	2	408	2683	3089	0.0	806
PfGA01_120005700|ATS|1|2684|3091	PD0543-C.g218	96.314	407	15	0	2	408	2691	3097	0.0	805
PfGA01_120005700|ATS|1|2684|3091	PA0134-C.g295	95.833	408	16	1	1	408	2692	3098	0.0	800
PfGA01_120024100|NTS|1|1|64	PF0368-C.g435	73.016	63	17	0	1	63	1	63	2.15e-22	90.1
PfGA01_120024100|NTS|1|1|64	PT0189-Cx.g707	67.188	64	20	1	1	64	1	63	9.56e-20	82.8
PfGA01_120024100|NTS|1|1|64	PF0513-C.g5094	67.188	64	21	0	1	64	1	64	1.46e-19	82.0
PfGA01_120024100|NTS|1|1|64	PF0489-C.g407	67.188	64	21	0	1	64	1	64	1.81e-19	82.0
PfGA01_120024100|NTS|1|1|64	QG0190-C.g49	65.625	64	22	0	1	64	1	64	1.25e-18	79.3
PfGA01_120024100|DBLa|1|65|509	QG0202-C.g288	78.009	432	79	6	14	445	85	500	0.0	645
PfGA01_120024100|DBLa|1|65|509	QG0202-C.g288	29.667	300	142	9	50	336	943	1186	5.37e-24	107
PfGA01_120024100|DBLa|1|65|509	QG0202-C.g288	22.553	470	268	13	26	445	1436	1859	4.17e-14	77.4
PfGA01_120024100|DBLa|1|65|509	PA0041-C.g357	74.667	450	88	8	10	445	86	523	0.0	644
PfGA01_120024100|DBLa|1|65|509	PA0041-C.g357	37.179	234	96	7	53	276	890	1082	1.03e-32	134
PfGA01_120024100|DBLa|1|65|509	PF0638-C.g8354	75.901	444	93	7	10	445	80	517	0.0	635
PfGA01_120024100|DBLa|1|65|509	PF0638-C.g8354	26.638	229	116	7	231	445	1199	1389	7.00e-11	67.0
PfGA01_120024100|DBLa|1|65|509	PM0157-C.g382	72.788	452	94	10	9	445	77	514	0.0	632
PfGA01_120024100|DBLa|1|65|509	PM0157-C.g382	30.547	311	144	12	53	349	878	1130	5.24e-26	114
PfGA01_120024100|DBLa|1|65|509	PM0157-C.g382	30.909	220	107	10	233	445	1660	1841	3.35e-10	65.1
PfGA01_120024100|DBLa|1|65|509	PT0035-C.g393	69.300	443	113	9	10	445	88	514	0.0	593
PfGA01_120024100|DBLa|1|65|509	PT0035-C.g393	34.842	221	101	10	53	261	916	1105	2.42e-25	112
PfGA01_120024100|DBLa|1|65|509	PT0035-C.g393	23.650	389	216	11	62	408	1504	1853	1.25e-14	79.0
PfGA01_120024100|CIDRa|1|510|819	PT0181-C.g2274	83.974	312	39	4	1	310	502	804	1.41e-140	439
PfGA01_120024100|CIDRa|1|510|819	PF0159-C.g889	72.524	313	64	5	1	310	501	794	1.50e-117	374
PfGA01_120024100|CIDRa|1|510|819	PH0474-CW.g2	66.026	312	64	8	1	310	421	692	3.87e-105	332
PfGA01_120024100|CIDRa|1|510|819	PM0097-C.g758	59.177	316	108	8	1	310	502	802	7.23e-104	335
PfGA01_120024100|CIDRa|1|510|819	PH0560-C.g418	66.026	312	64	8	1	310	513	784	1.89e-103	334
PfGA01_120024100|DBLb|1|828|1265	QE0401-C.g807	74.439	446	100	7	1	438	789	1228	0.0	667
PfGA01_120024100|DBLb|1|828|1265	QE0401-C.g807	31.865	386	189	16	12	336	22	394	2.95e-33	135
PfGA01_120024100|DBLb|1|828|1265	PM0156-C.g218	70.495	444	119	9	1	438	802	1239	0.0	612
PfGA01_120024100|DBLb|1|828|1265	PM0156-C.g218	32.152	395	185	18	12	336	26	407	1.02e-32	134
PfGA01_120024100|DBLb|1|828|1265	SenT232.08.g149	67.756	459	115	9	1	438	772	1218	0.0	593
PfGA01_120024100|DBLb|1|828|1265	SenT232.08.g149	29.855	345	172	10	7	302	16	339	4.83e-33	135
PfGA01_120024100|DBLb|1|828|1265	QG0182-C.g449	66.379	464	121	12	1	438	797	1251	0.0	588
PfGA01_120024100|DBLb|1|828|1265	QG0182-C.g449	31.596	307	132	10	108	343	122	421	3.44e-30	126
PfGA01_120024100|DBLb|1|828|1265	QG0196-C.g325	65.510	461	128	8	1	438	61	513	0.0	584
PfGA01_120024100|DBLb|1|828|1265	QG0196-C.g325	24.046	262	158	6	107	345	603	846	9.65e-14	76.3
PfGA01_120024100|DBLg|1|1316|1659	SenT128.08.g206	80.523	344	66	1	1	344	845	1187	0.0	563
PfGA01_120024100|DBLg|1|1316|1659	SenT128.08.g206	27.353	340	136	11	42	271	1319	1657	1.55e-26	113
PfGA01_120024100|DBLg|1|1316|1659	SenT128.08.g206	26.990	289	154	12	32	276	91	366	4.64e-13	72.8
PfGA01_120024100|DBLg|1|1316|1659	QE0481-C.g1179	59.777	358	127	4	4	344	862	1219	2.30e-142	438
PfGA01_120024100|DBLg|1|1316|1659	QE0481-C.g1179	26.023	342	168	13	32	294	99	434	2.61e-14	76.6
PfGA01_120024100|DBLg|1|1316|1659	PA0030-C.g236	62.248	347	119	5	1	344	727	1064	6.81e-142	434
PfGA01_120024100|DBLg|1|1316|1659	PA0030-C.g236	46.825	126	65	2	30	154	1109	1233	2.32e-27	115
PfGA01_120024100|DBLg|1|1316|1659	PA0030-C.g236	23.776	286	172	10	12	271	302	567	3.09e-10	63.9
PfGA01_120024100|DBLg|1|1316|1659	QE0474-C.g255	59.777	358	127	4	4	344	863	1220	1.20e-139	439
PfGA01_120024100|DBLg|1|1316|1659	QE0474-C.g255	24.606	317	125	9	73	275	1431	1747	3.10e-19	91.7
PfGA01_120024100|DBLg|1|1316|1659	QE0474-C.g255	26.045	311	157	11	32	275	99	403	1.95e-14	77.0
PfGA01_120024100|DBLg|1|1316|1659	QE0395-C.g618	59.777	358	127	4	4	344	863	1220	3.14e-139	438
PfGA01_120024100|DBLg|1|1316|1659	QE0395-C.g618	36.723	354	177	13	1	318	2134	2476	1.12e-57	204
PfGA01_120024100|DBLg|1|1316|1659	QE0395-C.g618	25.078	319	122	10	73	275	1431	1748	1.97e-18	89.0
PfGA01_120024100|DBLg|1|1316|1659	QE0395-C.g618	26.045	311	157	11	32	275	99	403	2.12e-14	77.0
PfGA01_120024100|DBLd|1|1689|2206	PA0039-C.g478	51.498	534	209	15	12	518	90	600	1.76e-155	471
PfGA01_120024100|DBLd|1|1689|2206	PA0134-C.g126	45.719	584	230	20	1	518	249	811	1.30e-139	431
PfGA01_120024100|DBLd|1|1689|2206	PM0093-C.g736	50.187	536	211	18	1	518	835	1332	1.27e-138	440
PfGA01_120024100|DBLd|1|1689|2206	PM0093-C.g736	23.944	284	147	10	186	452	167	398	3.03e-08	59.3
PfGA01_120024100|DBLd|1|1689|2206	PM0020-C.g1234	48.535	546	234	19	1	518	900	1426	4.03e-137	437
PfGA01_120024100|DBLd|1|1689|2206	PM0020-C.g1234	25.606	371	188	17	196	518	175	505	1.33e-14	79.7
PfGA01_120024100|DBLd|1|1689|2206	PT0242-Cx.g780	50.000	538	225	20	1	518	876	1389	1.18e-136	436
PfGA01_120024100|DBLd|1|1689|2206	PT0242-Cx.g780	22.015	268	140	7	191	442	163	377	6.15e-09	61.2
PfGA01_120024100|CIDRb|1|2207|2461	PM0051-C.g1384	95.312	256	11	1	1	255	1348	1603	2.38e-161	490
PfGA01_120024100|CIDRb|1|2207|2461	PD0569-C.g465	76.210	248	56	2	1	248	2202	2446	1.66e-120	380
PfGA01_120024100|CIDRb|1|2207|2461	PD0569-C.g465	30.657	137	85	3	45	174	573	706	5.88e-08	55.8
PfGA01_120024100|CIDRb|1|2207|2461	PD0550-C.g233	76.210	248	56	2	1	248	2202	2446	1.66e-120	380
PfGA01_120024100|CIDRb|1|2207|2461	PD0550-C.g233	30.657	137	85	3	45	174	573	706	5.88e-08	55.8
PfGA01_120024100|CIDRb|1|2207|2461	PD0549-C.g441	76.210	248	56	2	1	248	2202	2446	1.66e-120	380
PfGA01_120024100|CIDRb|1|2207|2461	PD0549-C.g441	30.657	137	85	3	45	174	573	706	5.88e-08	55.8
PfGA01_120024100|CIDRb|1|2207|2461	PD0545-C.g248	76.210	248	56	2	1	248	2202	2446	1.66e-120	380
PfGA01_120024100|CIDRb|1|2207|2461	PD0545-C.g248	30.657	137	85	3	45	174	573	706	5.88e-08	55.8
PfGA01_120024100|ATS|1|2583|3058	PH0121-CW.g14	87.212	477	56	2	1	476	3109	3581	0.0	843
PfGA01_120024100|ATS|1|2583|3058	PD0582-C.g186	87.212	477	56	2	1	476	3109	3581	0.0	843
PfGA01_120024100|ATS|1|2583|3058	PT0226-Cx.g621	86.134	476	62	1	1	476	2452	2923	0.0	833
PfGA01_120024100|ATS|1|2583|3058	PFKE12.g8	84.664	476	69	1	1	476	1689	2160	0.0	824
PfGA01_120024100|ATS|1|2583|3058	PH0148-CW.g19	86.555	476	59	2	1	476	2598	3068	0.0	820
PfGA01_120044800|NTS|1|1|68	QG0203-C.g1025	100.000	68	0	0	1	68	1	68	3.30e-40	141
PfGA01_120044800|NTS|1|1|68	PT0141-C.g820	100.000	68	0	0	1	68	1	68	3.68e-40	140
PfGA01_120044800|NTS|1|1|68	PD0565-C.g584	100.000	68	0	0	1	68	1	68	3.68e-40	140
PfGA01_120044800|NTS|1|1|68	PD0564-C.g716	100.000	68	0	0	1	68	1	68	3.68e-40	140
PfGA01_120044800|NTS|1|1|68	PD0496-C.g827	100.000	68	0	0	1	68	1	68	3.68e-40	140
PfGA01_120044800|DBLa|1|69|519	PA0186-C.g648	100.000	451	0	0	1	451	69	519	0.0	950
PfGA01_120044800|DBLa|1|69|519	PA0186-C.g648	28.000	350	178	15	126	435	1106	1421	2.40e-20	96.7
PfGA01_120044800|DBLa|1|69|519	PM0113-C.g488	100.000	451	0	0	1	451	69	519	0.0	949
PfGA01_120044800|DBLa|1|69|519	PM0113-C.g488	28.000	350	178	15	126	435	1129	1444	2.78e-20	96.7
PfGA01_120044800|DBLa|1|69|519	SenT113.09.g469	99.778	451	1	0	1	451	69	519	0.0	948
PfGA01_120044800|DBLa|1|69|519	SenT113.09.g469	28.261	230	137	10	124	343	1115	1326	5.08e-08	58.2
PfGA01_120044800|DBLa|1|69|519	PD0539-C.g611	100.000	451	0	0	1	451	69	519	0.0	948
PfGA01_120044800|DBLa|1|69|519	PD0539-C.g611	24.262	305	152	12	105	343	1062	1353	6.32e-08	57.8
PfGA01_120044800|DBLa|1|69|519	PfKE02.g13	100.000	451	0	0	1	451	69	519	0.0	948
PfGA01_120044800|DBLa|1|69|519	PfKE02.g13	25.269	186	98	5	180	329	1140	1320	6.62e-11	67.4
PfGA01_120044800|CIDRa|1|520|825	PA0018-C.g346	100.000	306	0	0	1	306	520	825	0.0	630
PfGA01_120044800|CIDRa|1|520|825	PA0263-C.g1793	100.000	306	0	0	1	306	150	455	0.0	629
PfGA01_120044800|CIDRa|1|520|825	QG0232-C.g3644	100.000	306	0	0	1	306	62	367	0.0	629
PfGA01_120044800|CIDRa|1|520|825	PM0113-C.g488	100.000	306	0	0	1	306	520	825	0.0	629
PfGA01_120044800|CIDRa|1|520|825	PD0539-C.g611	100.000	306	0	0	1	306	520	825	0.0	629
PfGA01_120044800|DBLd|1|938|1443	PA0220-C.g106	65.863	539	124	10	1	506	796	1307	0.0	668
PfGA01_120044800|DBLd|1|938|1443	PA0220-C.g106	22.609	345	187	14	207	506	105	414	2.25e-08	59.3
PfGA01_120044800|DBLd|1|938|1443	PA0102-C.g483	57.856	541	163	19	1	506	814	1324	1.98e-175	538
PfGA01_120044800|DBLd|1|938|1443	PA0102-C.g483	31.731	104	68	1	347	447	299	402	1.31e-10	66.6
PfGA01_120044800|DBLd|1|938|1443	PM0156-C.g355	50.568	528	222	11	1	506	830	1340	7.52e-156	486
PfGA01_120044800|DBLd|1|938|1443	PM0156-C.g355	29.680	219	111	6	330	506	281	498	2.59e-13	75.5
PfGA01_120044800|DBLd|1|938|1443	QG0208-C.g837	51.220	533	201	17	1	506	916	1416	4.67e-153	479
PfGA01_120044800|DBLd|1|938|1443	QG0208-C.g837	28.283	198	103	6	347	506	325	521	4.70e-10	65.1
PfGA01_120044800|DBLd|1|938|1443	PV0233-C.g180	49.905	529	191	15	1	506	198	675	5.66e-150	458
PfGA01_120044800|CIDRb|1|1444|1698	SenT230.08.g291	70.588	255	62	5	1	244	1359	1611	1.65e-106	340
PfGA01_120044800|CIDRb|1|1444|1698	PF0180-C.g331	70.588	255	62	5	1	244	1444	1696	2.13e-106	339
PfGA01_120044800|CIDRb|1|1444|1698	PT0048-C.g407	66.409	259	77	6	3	255	1324	1578	1.57e-101	325
PfGA01_120044800|CIDRb|1|1444|1698	PM0076-C.g1131	66.667	255	78	5	3	255	1379	1628	6.48e-100	321
PfGA01_120044800|CIDRb|1|1444|1698	PM0076-C.g1131	25.837	209	138	4	57	253	538	741	7.79e-09	58.2
PfGA01_120044800|CIDRb|1|1444|1698	PA0201-C.g577	65.737	251	79	4	1	246	1378	1626	3.90e-98	316
PfGA01_120044800|ATS|1|1808|2253	PV0028-C.g43	78.587	453	74	9	1	446	1843	2279	0.0	687
PfGA01_120044800|ATS|1|1808|2253	PT0264-C.g599	76.837	449	89	6	1	446	3166	3602	0.0	675
PfGA01_120044800|ATS|1|1808|2253	PFKE07.g667	76.497	451	98	7	2	446	2366	2814	0.0	673
PfGA01_120044800|ATS|1|1808|2253	PV0129-C.g36	73.491	464	92	9	1	446	1739	2189	0.0	656
PfGA01_120044800|ATS|1|1808|2253	PV0028-C.g31	73.077	468	92	7	1	446	1737	2192	0.0	653
PfGA01_120044900|NTS|1|1|68	PV0112-C.g43	64.706	68	24	0	1	68	1	68	3.73e-19	81.3
PfGA01_120044900|NTS|1|1|68	PV0098-C.g40	64.706	68	24	0	1	68	1	68	3.73e-19	81.3
PfGA01_120044900|NTS|1|1|68	PA0195-C.g710	78.846	52	11	0	17	68	25	76	6.43e-19	80.5
PfGA01_120044900|NTS|1|1|68	PM0051-C.g1232	78.846	52	11	0	17	68	25	76	1.86e-18	79.3
PfGA01_120044900|NTS|1|1|68	PA0041-C.g411	64.706	68	24	0	1	68	1	68	4.26e-18	78.2
PfGA01_120044900|DBLa|1|69|481	SenT002.07.g1186	68.080	448	95	10	1	413	64	498	0.0	556
PfGA01_120044900|DBLa|1|69|481	SenT002.07.g1186	24.012	329	178	13	128	413	1112	1411	5.76e-13	73.6
PfGA01_120044900|DBLa|1|69|481	PF0449-C.g1	68.080	448	94	10	1	413	63	496	0.0	554
PfGA01_120044900|DBLa|1|69|481	PF0449-C.g1	25.786	318	180	13	124	413	1049	1338	4.66e-15	80.1
PfGA01_120044900|DBLa|1|69|481	SenT094.09.g562	65.640	422	131	6	1	413	70	486	0.0	541
PfGA01_120044900|DBLa|1|69|481	PM0087-C.g476	69.065	417	111	9	1	413	69	471	0.0	535
PfGA01_120044900|DBLa|1|69|481	PA0046-C.g336	66.900	429	122	11	1	413	61	485	4.16e-180	548
PfGA01_120044900|DBLa|1|69|481	PA0046-C.g336	28.615	325	175	15	120	413	1075	1373	4.76e-22	101
PfGA01_120044900|CIDRa|1|482|797	PA0094-C.g466	68.389	329	87	6	1	315	519	844	1.02e-118	367
PfGA01_120044900|CIDRa|1|482|797	PM0152-C.g660	65.421	321	87	8	1	316	505	806	1.27e-118	377
PfGA01_120044900|CIDRa|1|482|797	PA0049-C.g499	68.389	329	87	6	1	315	519	844	1.92e-117	367
PfGA01_120044900|CIDRa|1|482|797	PH0305-C.g13	62.270	326	97	7	1	316	516	825	1.21e-115	359
PfGA01_120044900|CIDRa|1|482|797	SenT230.08.g134	62.424	330	90	10	1	315	510	820	1.40e-114	365
PfGA01_120044900|DBLd|1|903|1399	SenT130.09.g308	52.041	588	169	16	1	497	820	1385	5.73e-161	500
PfGA01_120044900|DBLd|1|903|1399	SenT130.09.g308	34.259	108	68	2	322	428	287	392	5.77e-11	67.8
PfGA01_120044900|DBLd|1|903|1399	PT0299-Cx.g3388	51.711	526	184	16	3	497	836	1322	2.71e-149	468
PfGA01_120044900|DBLd|1|903|1399	PT0299-Cx.g3388	27.895	190	118	6	325	497	321	508	1.97e-09	62.8
PfGA01_120044900|DBLd|1|903|1399	PT0149-C.g644	53.373	504	154	19	36	497	591	1055	2.08e-145	454
PfGA01_120044900|DBLd|1|903|1399	PM0021-C.g993	49.624	532	191	15	3	497	291	782	5.89e-144	443
PfGA01_120044900|DBLd|1|903|1399	PA0140-C.g694	49.909	547	191	20	1	497	819	1332	1.26e-139	441
PfGA01_120044900|DBLd|1|903|1399	PA0140-C.g694	29.032	186	115	5	325	497	302	483	1.06e-11	70.1
PfGA01_120044900|CIDRb|1|1400|1653	PT0101-C.g633	68.992	258	69	6	2	251	1364	1618	1.06e-102	329
PfGA01_120044900|CIDRb|1|1400|1653	QG0252-C.g2147	72.199	241	60	5	1	237	1412	1649	2.64e-102	328
PfGA01_120044900|CIDRb|1|1400|1653	PD0524-C.g802	66.538	260	77	4	1	254	1330	1585	6.60e-102	327
PfGA01_120044900|CIDRb|1|1400|1653	PD0473-C.g78	62.782	266	82	7	1	254	863	1123	1.05e-93	301
PfGA01_120044900|CIDRb|1|1400|1653	SenT044.10.g780	60.687	262	92	5	2	254	1454	1713	3.59e-93	301
PfGA01_120044900|ATS|1|1756|2194	PV0028-C.g50	83.843	458	53	6	1	439	2600	3055	0.0	745
PfGA01_120044900|ATS|1|1756|2194	PA0245-C.g998	78.205	468	63	3	1	439	1706	2163	0.0	709
PfGA01_120044900|ATS|1|1756|2194	PFKE01.g19	84.318	440	67	2	1	439	1733	2171	0.0	707
PfGA01_120044900|ATS|1|1756|2194	PFKE07.g667	77.556	450	88	5	2	439	2366	2814	0.0	689
PfGA01_120044900|ATS|1|1756|2194	PV0147-C.g7	78.478	460	57	6	1	439	1761	2199	0.0	687
PfGA01_120045500|NTS|1|1|56	PT0118-C.g990	87.500	56	7	0	1	56	1	56	1.75e-27	104
PfGA01_120045500|NTS|1|1|56	PF0818-C.g714	85.714	56	8	0	1	56	1	56	3.86e-27	103
PfGA01_120045500|NTS|1|1|56	PM0029-C.g203	85.714	56	8	0	1	56	1	56	8.16e-27	102
PfGA01_120045500|NTS|1|1|56	PF0058-C.g587	87.500	56	7	0	1	56	1	56	1.09e-26	102
PfGA01_120045500|NTS|1|1|56	PM0060-C.g1161	83.929	56	9	0	1	56	1	56	1.73e-26	101
PfGA01_120045500|DBLa|1|57|466	PF0122-C.g454	93.431	411	21	2	1	410	60	465	0.0	790
PfGA01_120045500|DBLa|1|57|466	PF0122-C.g454	23.622	254	139	7	32	267	1149	1365	1.10e-10	66.2
PfGA01_120045500|DBLa|1|57|466	PF0122-C.g454	24.415	299	147	12	40	334	1515	1738	1.17e-10	66.2
PfGA01_120045500|DBLa|1|57|466	PM0029-C.g203	80.630	413	69	4	1	410	57	461	0.0	685
PfGA01_120045500|DBLa|1|57|466	PM0029-C.g203	33.065	248	128	11	53	290	840	1059	1.87e-22	102
PfGA01_120045500|DBLa|1|57|466	PA0102-C.g389	78.049	410	83	3	1	410	57	459	0.0	659
PfGA01_120045500|DBLa|1|57|466	PA0102-C.g389	28.763	372	206	13	8	365	806	1132	4.63e-33	134
PfGA01_120045500|DBLa|1|57|466	PA0102-C.g389	25.373	268	143	12	182	410	1475	1724	1.97e-10	65.5
PfGA01_120045500|DBLa|1|57|466	PT0118-C.g183	78.049	410	80	4	1	410	57	456	0.0	649
PfGA01_120045500|DBLa|1|57|466	PT0118-C.g183	33.333	264	130	11	43	288	844	1079	5.12e-28	119
PfGA01_120045500|DBLa|1|57|466	PT0118-C.g183	27.976	336	183	12	114	410	1405	1720	1.28e-20	97.1
PfGA01_120045500|DBLa|1|57|466	PT0118-C.g183	25.347	288	162	8	55	337	2093	2332	4.37e-12	70.9
PfGA01_120045500|DBLa|1|57|466	PC0103-C.g517	75.545	413	91	4	1	410	60	465	0.0	645
PfGA01_120045500|DBLa|1|57|466	PC0103-C.g517	32.877	292	136	10	50	329	830	1073	1.92e-31	129
PfGA01_120045500|DBLa|1|57|466	PC0103-C.g517	27.826	230	146	7	184	410	1481	1693	3.74e-15	80.1
PfGA01_120045500|CIDRa|1|467|723	PF0122-C.g454	91.051	257	21	2	1	256	466	721	1.12e-155	477
PfGA01_120045500|CIDRa|1|467|723	PF0298-C.g564	84.400	250	31	2	1	250	464	705	1.21e-138	429
PfGA01_120045500|CIDRa|1|467|723	PF0400-C.g408	80.159	252	48	2	1	251	478	728	5.72e-135	419
PfGA01_120045500|CIDRa|1|467|723	PA0146-C.g668	82.879	257	36	2	1	249	468	724	6.13e-131	407
PfGA01_120045500|CIDRa|1|467|723	PT0149-C.g723	78.764	259	40	5	1	257	477	722	1.27e-127	398
PfGA01_120045500|DBLd|1|807|1286	PA0091-C.g433	57.310	513	180	10	1	480	79	585	1.22e-175	521
PfGA01_120045500|DBLd|1|807|1286	PA0168-C.g786	54.990	511	168	14	1	480	893	1372	7.28e-160	497
PfGA01_120045500|DBLd|1|807|1286	PA0168-C.g786	34.286	105	67	2	310	414	283	385	8.89e-07	54.3
PfGA01_120045500|DBLd|1|807|1286	QG0196-C.g502	50.640	547	180	12	1	480	531	1054	9.58e-153	472
PfGA01_120045500|DBLd|1|807|1286	QG0196-C.g502	31.267	371	160	16	68	429	175	459	6.53e-35	141
PfGA01_120045500|DBLd|1|807|1286	PH0991-C.g625	52.652	509	181	15	1	480	844	1321	5.06e-150	470
PfGA01_120045500|DBLd|1|807|1286	PH0991-C.g625	23.986	296	157	9	216	480	227	485	3.27e-12	71.6
PfGA01_120045500|DBLd|1|807|1286	PH0915-C.g637	52.652	509	181	15	1	480	844	1321	5.06e-150	470
PfGA01_120045500|DBLd|1|807|1286	PH0915-C.g637	23.986	296	157	9	216	480	227	485	3.27e-12	71.6
PfGA01_120045500|CIDRb|1|1287|1540	PT0101-C.g633	68.992	258	69	6	2	251	1364	1618	1.06e-102	329
PfGA01_120045500|CIDRb|1|1287|1540	QG0252-C.g2147	72.199	241	60	5	1	237	1412	1649	2.64e-102	328
PfGA01_120045500|CIDRb|1|1287|1540	PD0524-C.g802	66.538	260	77	4	1	254	1330	1585	6.60e-102	327
PfGA01_120045500|CIDRb|1|1287|1540	PD0473-C.g78	62.782	266	82	7	1	254	863	1123	1.05e-93	301
PfGA01_120045500|CIDRb|1|1287|1540	SenT044.10.g780	60.687	262	92	5	2	254	1454	1713	3.59e-93	301
PfGA01_120045500|ATS|1|1644|2096	PV0089-C.g11	80.477	461	61	9	1	453	1730	2169	0.0	694
PfGA01_120045500|ATS|1|1644|2096	PFKE09.g563	77.851	456	77	10	1	451	775	1211	0.0	672
PfGA01_120045500|ATS|1|1644|2096	PF0489-C.g691	76.356	461	80	9	1	453	1767	2206	0.0	669
PfGA01_120045500|ATS|1|1644|2096	PV0028-C.g27	71.032	504	74	9	1	453	2441	2923	0.0	658
PfGA01_120045500|ATS|1|1644|2096	PF0590-C.g528	75.824	455	80	9	1	451	2051	2479	0.0	640
PfGA01_120045900|NTS|1|1|67	PT0144-C.g1243	92.754	69	3	1	1	67	1	69	6.23e-35	125
PfGA01_120045900|NTS|1|1|67	PD0545-C.g846	74.667	75	11	1	1	67	1	75	4.77e-29	109
PfGA01_120045900|NTS|1|1|67	PM0159-C.g772	78.571	70	12	1	1	67	1	70	7.98e-29	108
PfGA01_120045900|NTS|1|1|67	SenT044.10.g613	85.294	68	9	1	1	67	1	68	8.29e-29	108
PfGA01_120045900|NTS|1|1|67	QE0412-C.g462	74.667	75	11	1	1	67	1	75	1.25e-28	108
PfGA01_120045900|DBLa|1|68|534	PM0159-C.g772	70.637	487	113	8	1	467	71	547	0.0	644
PfGA01_120045900|DBLa|1|68|534	PM0159-C.g772	31.481	162	100	4	254	408	1229	1386	2.30e-11	68.9
PfGA01_120045900|DBLa|1|68|534	QG0246-C.g3417	69.439	481	115	14	1	467	63	525	0.0	613
PfGA01_120045900|DBLa|1|68|534	QG0246-C.g3417	22.222	369	227	12	124	467	1064	1397	2.55e-13	75.1
PfGA01_120045900|DBLa|1|68|534	PT0048-C.g378	66.737	475	133	11	1	467	71	528	0.0	602
PfGA01_120045900|DBLa|1|68|534	PT0048-C.g378	25.279	269	158	10	129	371	1115	1366	1.75e-10	66.2
PfGA01_120045900|DBLa|1|68|534	PM0004-C.g334	65.638	486	136	11	1	467	56	529	0.0	601
PfGA01_120045900|DBLa|1|68|534	PM0004-C.g334	23.684	380	225	16	116	467	1131	1473	4.86e-13	74.3
PfGA01_120045900|DBLa|1|68|534	PF0754-C.g56	66.737	475	133	11	1	467	71	528	0.0	600
PfGA01_120045900|CIDRa|1|535|840	PA0021-C.g1	69.872	312	62	7	1	306	514	799	2.94e-124	380
PfGA01_120045900|CIDRa|1|535|840	PF0638-C.g3128	70.064	314	58	9	1	306	507	792	2.94e-123	381
PfGA01_120045900|CIDRa|1|535|840	PM0107-C.g266	72.100	319	65	8	1	306	533	840	5.36e-122	384
PfGA01_120045900|CIDRa|1|535|840	PA0151-C.g597	71.924	317	69	6	1	306	525	832	4.50e-121	384
PfGA01_120045900|CIDRa|1|535|840	PM0076-C.g1255	72.100	319	65	8	1	306	533	840	4.68e-121	383
PfGA01_120045900|DBLd|1|923|1398	PA0168-C.g786	60.040	503	151	13	1	476	893	1372	0.0	565
PfGA01_120045900|DBLd|1|923|1398	PA0091-C.g433	58.221	517	165	15	1	476	79	585	4.75e-166	496
PfGA01_120045900|DBLd|1|923|1398	QG0196-C.g502	52.294	545	170	13	1	476	531	1054	2.07e-156	482
PfGA01_120045900|DBLd|1|923|1398	QG0196-C.g502	29.844	449	192	20	28	466	158	493	1.04e-34	140
PfGA01_120045900|DBLd|1|923|1398	PM0084-C.g179	53.892	501	199	12	1	476	898	1391	1.01e-155	486
PfGA01_120045900|DBLd|1|923|1398	PM0084-C.g179	23.047	256	147	9	178	414	189	413	2.81e-12	72.0
PfGA01_120045900|DBLd|1|923|1398	PM0073-C.g144	52.662	526	183	19	1	476	1084	1593	1.68e-145	460
PfGA01_120045900|CIDRb|1|1399|1647	PC0103-C.g900	82.661	248	35	5	1	244	1345	1588	7.23e-126	393
PfGA01_120045900|CIDRb|1|1399|1647	QG0282-C.g436	77.016	248	55	2	1	247	1373	1619	8.58e-122	382
PfGA01_120045900|CIDRb|1|1399|1647	PA0251-C.g1390	77.733	247	52	3	1	246	2355	2599	9.57e-120	378
PfGA01_120045900|CIDRb|1|1399|1647	PA0251-C.g1390	25.403	248	166	8	12	245	469	711	1.48e-08	57.4
PfGA01_120045900|CIDRb|1|1399|1647	PA0172-C.g949	76.613	248	56	2	1	248	1320	1565	2.33e-119	375
PfGA01_120045900|CIDRb|1|1399|1647	PD0494-C.g7	79.079	239	45	3	2	238	787	1022	7.99e-118	365
PfGA01_120045900|ATS|1|1756|2208	PV0089-C.g11	80.477	461	61	9	1	453	1730	2169	0.0	694
PfGA01_120045900|ATS|1|1756|2208	PFKE09.g563	77.851	456	77	10	1	451	775	1211	0.0	672
PfGA01_120045900|ATS|1|1756|2208	PF0489-C.g691	76.356	461	80	9	1	453	1767	2206	0.0	669
PfGA01_120045900|ATS|1|1756|2208	PV0028-C.g27	71.032	504	74	9	1	453	2441	2923	0.0	658
PfGA01_120045900|ATS|1|1756|2208	PF0590-C.g528	75.824	455	80	9	1	451	2051	2479	0.0	640
PfGA01_120046300|NTS|1|1|67	PT0144-C.g1243	92.754	69	3	1	1	67	1	69	6.23e-35	125
PfGA01_120046300|NTS|1|1|67	PD0545-C.g846	74.667	75	11	1	1	67	1	75	4.77e-29	109
PfGA01_120046300|NTS|1|1|67	PM0159-C.g772	78.571	70	12	1	1	67	1	70	7.98e-29	108
PfGA01_120046300|NTS|1|1|67	SenT044.10.g613	85.294	68	9	1	1	67	1	68	8.29e-29	108
PfGA01_120046300|NTS|1|1|67	QE0412-C.g462	74.667	75	11	1	1	67	1	75	1.25e-28	108
PfGA01_120046300|DBLa|1|68|534	PM0159-C.g772	70.637	487	113	8	1	467	71	547	0.0	644
PfGA01_120046300|DBLa|1|68|534	PM0159-C.g772	31.481	162	100	4	254	408	1229	1386	2.30e-11	68.9
PfGA01_120046300|DBLa|1|68|534	QG0246-C.g3417	69.439	481	115	14	1	467	63	525	0.0	613
PfGA01_120046300|DBLa|1|68|534	QG0246-C.g3417	22.222	369	227	12	124	467	1064	1397	2.55e-13	75.1
PfGA01_120046300|DBLa|1|68|534	PT0048-C.g378	66.737	475	133	11	1	467	71	528	0.0	602
PfGA01_120046300|DBLa|1|68|534	PT0048-C.g378	25.279	269	158	10	129	371	1115	1366	1.75e-10	66.2
PfGA01_120046300|DBLa|1|68|534	PM0004-C.g334	65.638	486	136	11	1	467	56	529	0.0	601
PfGA01_120046300|DBLa|1|68|534	PM0004-C.g334	23.684	380	225	16	116	467	1131	1473	4.86e-13	74.3
PfGA01_120046300|DBLa|1|68|534	PF0754-C.g56	66.737	475	133	11	1	467	71	528	0.0	600
PfGA01_120046300|CIDRa|1|535|840	PA0021-C.g1	70.382	314	57	9	1	306	514	799	2.02e-125	384
PfGA01_120046300|CIDRa|1|535|840	PF0638-C.g3128	70.382	314	57	9	1	306	507	792	1.70e-124	384
PfGA01_120046300|CIDRa|1|535|840	PM0107-C.g266	72.414	319	64	8	1	306	533	840	4.34e-123	387
PfGA01_120046300|CIDRa|1|535|840	PA0151-C.g597	72.240	317	68	6	1	306	525	832	3.38e-122	387
PfGA01_120046300|CIDRa|1|535|840	PM0076-C.g1255	72.240	317	68	6	1	306	533	840	4.11e-122	386
PfGA01_120046300|DBLd|1|921|1412	PM0136-C.g185	77.075	506	94	5	1	492	835	1332	0.0	733
PfGA01_120046300|DBLd|1|921|1412	PM0136-C.g185	30.729	192	98	6	328	492	308	491	1.95e-12	72.4
PfGA01_120046300|DBLd|1|921|1412	QG0281-C.g756	71.543	499	110	7	1	492	814	1287	0.0	662
PfGA01_120046300|DBLd|1|921|1412	QG0281-C.g756	32.609	184	98	7	328	492	312	488	1.94e-08	59.7
PfGA01_120046300|DBLd|1|921|1412	PV0241-C.g49	53.308	529	184	18	1	492	838	1340	3.29e-160	498
PfGA01_120046300|DBLd|1|921|1412	PV0241-C.g49	34.483	116	68	3	316	430	287	395	5.97e-09	61.2
PfGA01_120046300|DBLd|1|921|1412	PV0234-C.g69	53.308	529	184	18	1	492	838	1340	3.29e-160	498
PfGA01_120046300|DBLd|1|921|1412	PV0234-C.g69	34.483	116	68	3	316	430	287	395	5.97e-09	61.2
PfGA01_120046300|DBLd|1|921|1412	QG0260-C.g816	52.434	534	190	14	1	492	940	1451	7.03e-154	482
PfGA01_120046300|DBLd|1|921|1412	QG0260-C.g816	31.122	196	99	8	328	492	317	507	3.18e-11	68.6
PfGA01_120046300|CIDRb|1|1413|1661	PC0103-C.g900	83.065	248	34	5	1	244	1345	1588	2.13e-126	395
PfGA01_120046300|CIDRb|1|1413|1661	QG0282-C.g436	77.419	248	54	2	1	247	1373	1619	2.96e-122	384
PfGA01_120046300|CIDRb|1|1413|1661	PA0251-C.g1390	78.138	247	51	3	1	246	2355	2599	2.38e-120	379
PfGA01_120046300|CIDRb|1|1413|1661	PA0251-C.g1390	25.403	248	166	8	12	245	469	711	1.88e-08	57.0
PfGA01_120046300|CIDRb|1|1413|1661	PA0172-C.g949	77.016	248	55	2	1	248	1320	1565	4.86e-120	377
PfGA01_120046300|CIDRb|1|1413|1661	PD0494-C.g7	79.498	239	44	3	2	238	787	1022	1.45e-118	367
PfGA01_120046300|ATS|1|1779|2260	QE0439-C.g985	91.718	483	38	2	1	482	1674	2155	0.0	848
PfGA01_120046300|ATS|1|1779|2260	PD0472-C.g722	84.298	484	64	7	1	482	1681	2154	0.0	788
PfGA01_120046300|ATS|1|1779|2260	PF0638-C.g8678	83.133	498	56	7	1	482	1747	2232	0.0	767
PfGA01_120046300|ATS|1|1779|2260	PA0221-C.g780	84.286	490	51	6	1	482	1803	2274	0.0	759
PfGA01_120046300|ATS|1|1779|2260	PA0262-C.g433	80.538	483	84	6	1	482	2175	2648	0.0	731
PfGA01_120060600|NTS|1|1|75	SenT084.10.g2176	100.000	75	0	0	1	75	1	75	1.46e-44	154
PfGA01_120060600|NTS|1|1|75	PM0058-C.g1310	100.000	75	0	0	1	75	1	75	1.46e-44	154
PfGA01_120060600|NTS|1|1|75	PV0229-C.g10	98.667	75	1	0	1	75	1	75	4.26e-44	152
PfGA01_120060600|NTS|1|1|75	PV0081-C.g7	98.667	75	1	0	1	75	1	75	4.43e-44	152
PfGA01_120060600|NTS|1|1|75	SenT230.08.g292	98.667	75	1	0	1	75	1	75	5.49e-44	152
PfGA01_120060600|DBLa|1|76|471	SenT084.10.g2176	100.000	396	0	0	1	396	76	471	0.0	825
PfGA01_120060600|DBLa|1|76|471	SenT084.10.g2176	29.703	303	149	10	55	325	849	1119	5.36e-30	124
PfGA01_120060600|DBLa|1|76|471	SenT084.10.g2176	31.317	281	129	11	57	317	1361	1597	4.90e-26	113
PfGA01_120060600|DBLa|1|76|471	SenT084.10.g2176	22.936	327	205	10	52	357	1757	2057	3.81e-10	64.3
PfGA01_120060600|DBLa|1|76|471	PM0058-C.g1310	100.000	396	0	0	1	396	76	471	0.0	825
PfGA01_120060600|DBLa|1|76|471	PM0058-C.g1310	29.703	303	149	10	55	325	849	1119	5.36e-30	124
PfGA01_120060600|DBLa|1|76|471	PM0058-C.g1310	31.317	281	129	11	57	317	1361	1597	4.90e-26	113
PfGA01_120060600|DBLa|1|76|471	PM0058-C.g1310	22.936	327	205	10	52	357	1757	2057	3.81e-10	64.3
PfGA01_120060600|DBLa|1|76|471	PF0417-C.g425	85.427	398	54	2	1	396	76	471	0.0	694
PfGA01_120060600|DBLa|1|76|471	PF0417-C.g425	30.488	328	173	11	8	317	1327	1617	3.13e-30	125
PfGA01_120060600|DBLa|1|76|471	PF0417-C.g425	29.032	279	141	9	55	317	855	1092	3.29e-25	110
PfGA01_120060600|DBLa|1|76|471	QE0404-C.g719	83.081	396	65	1	1	396	71	464	0.0	690
PfGA01_120060600|DBLa|1|76|471	QE0404-C.g719	31.532	333	162	14	57	365	1371	1661	6.92e-23	103
PfGA01_120060600|DBLa|1|76|471	QE0404-C.g719	31.203	266	114	11	55	284	856	1088	1.40e-22	102
PfGA01_120060600|DBLa|1|76|471	QE0404-C.g719	31.441	229	125	5	114	321	2379	2596	2.14e-16	84.0
PfGA01_120060600|DBLa|1|76|471	QE0404-C.g719	24.497	298	163	9	51	319	1767	2031	1.61e-15	81.3
PfGA01_120060600|DBLa|1|76|471	PA0044-C.g130	82.116	397	68	3	1	396	75	469	0.0	669
PfGA01_120060600|DBLa|1|76|471	PA0044-C.g130	30.341	323	162	11	13	316	1304	1582	1.94e-25	111
PfGA01_120060600|DBLa|1|76|471	PA0044-C.g130	28.016	257	133	9	55	285	848	1078	5.12e-19	92.0
PfGA01_120060600|DBLa|1|76|471	PA0044-C.g130	23.397	312	190	10	120	396	2377	2674	4.37e-14	76.6
PfGA01_120060600|DBLa|1|76|471	PA0044-C.g130	26.449	276	157	10	55	319	1745	1985	2.88e-08	58.5
PfGA01_120060600|CIDRa|1|472|722	PF0417-C.g425	99.203	251	2	0	1	251	472	722	9.81e-171	515
PfGA01_120060600|CIDRa|1|472|722	PM0086-C.g197	96.414	251	9	0	1	251	472	722	1.75e-169	497
PfGA01_120060600|CIDRa|1|472|722	SenT084.10.g2176	100.000	251	0	0	1	251	472	722	6.30e-169	519
PfGA01_120060600|CIDRa|1|472|722	PM0058-C.g1310	100.000	251	0	0	1	251	472	722	6.30e-169	519
PfGA01_120060600|CIDRa|1|472|722	QG0186-C.g48	99.203	251	2	0	1	251	470	720	1.10e-168	518
PfGA01_120060600|CIDRa|1|472|722	QG0186-C.g48	28.070	171	116	5	1	168	2377	2543	9.09e-10	61.2
PfGA01_120060600|DBLb|1|731|1228	SenT084.10.g2176	100.000	498	0	0	1	498	731	1228	0.0	1040
PfGA01_120060600|DBLb|1|731|1228	SenT084.10.g2176	40.039	517	227	20	1	498	1247	1699	3.92e-91	306
PfGA01_120060600|DBLb|1|731|1228	SenT084.10.g2176	27.451	408	219	15	23	389	29	400	2.44e-31	131
PfGA01_120060600|DBLb|1|731|1228	SenT084.10.g2176	25.622	402	223	12	116	498	1757	2101	7.85e-23	105
PfGA01_120060600|DBLb|1|731|1228	PM0058-C.g1310	100.000	498	0	0	1	498	731	1228	0.0	1040
PfGA01_120060600|DBLb|1|731|1228	PM0058-C.g1310	40.039	517	227	20	1	498	1247	1699	3.92e-91	306
PfGA01_120060600|DBLb|1|731|1228	PM0058-C.g1310	27.451	408	219	15	23	389	29	400	2.44e-31	131
PfGA01_120060600|DBLb|1|731|1228	PM0058-C.g1310	25.622	402	223	12	116	498	1757	2101	7.85e-23	105
PfGA01_120060600|DBLb|1|731|1228	PM0051-C.g1159	85.600	500	65	2	1	498	12	506	0.0	881
PfGA01_120060600|DBLb|1|731|1228	PM0051-C.g1159	36.711	523	252	17	1	498	523	991	1.97e-79	269
PfGA01_120060600|DBLb|1|731|1228	PF0037-C.g102	84.800	500	69	2	1	498	725	1219	0.0	873
PfGA01_120060600|DBLb|1|731|1228	PF0037-C.g102	37.094	523	245	16	1	498	1241	1704	3.42e-86	292
PfGA01_120060600|DBLb|1|731|1228	PF0037-C.g102	28.571	448	238	19	19	421	24	434	4.38e-30	127
PfGA01_120060600|DBLb|1|731|1228	PF0037-C.g102	27.778	270	133	12	116	371	1786	2007	1.34e-14	79.3
PfGA01_120060600|DBLb|1|731|1228	PV0287-C.g92	82.766	499	80	2	1	498	722	1215	0.0	853
PfGA01_120060600|DBLb|1|731|1228	PV0287-C.g92	71.429	140	40	0	359	498	1295	1434	1.81e-59	214
PfGA01_120060600|DBLb|1|731|1228	PV0287-C.g92	30.000	410	211	20	19	392	24	393	2.91e-30	127
PfGA01_120060600|DBLb|2|1247|1699	SenT084.10.g2176	100.000	453	0	0	1	453	1247	1699	0.0	943
PfGA01_120060600|DBLb|2|1247|1699	SenT084.10.g2176	39.845	517	228	20	1	453	731	1228	1.32e-91	306
PfGA01_120060600|DBLb|2|1247|1699	SenT084.10.g2176	26.790	433	235	15	63	453	1709	2101	3.67e-32	132
PfGA01_120060600|DBLb|2|1247|1699	SenT084.10.g2176	31.317	281	129	11	115	351	132	392	1.22e-26	116
PfGA01_120060600|DBLb|2|1247|1699	PM0058-C.g1310	100.000	453	0	0	1	453	1247	1699	0.0	943
PfGA01_120060600|DBLb|2|1247|1699	PM0058-C.g1310	39.845	517	228	20	1	453	731	1228	1.32e-91	306
PfGA01_120060600|DBLb|2|1247|1699	PM0058-C.g1310	26.790	433	235	15	63	453	1709	2101	3.67e-32	132
PfGA01_120060600|DBLb|2|1247|1699	PM0058-C.g1310	31.317	281	129	11	115	351	132	392	1.22e-26	116
PfGA01_120060600|DBLb|2|1247|1699	PA0041-C.g155	70.507	434	100	8	1	421	1889	2307	0.0	607
PfGA01_120060600|DBLb|2|1247|1699	PA0041-C.g155	35.563	284	120	13	110	356	123	380	1.83e-32	133
PfGA01_120060600|DBLb|2|1247|1699	PA0041-C.g155	26.460	291	158	12	98	353	868	1137	3.25e-10	65.1
PfGA01_120060600|DBLb|2|1247|1699	PC0056-C.g622	62.987	462	145	12	1	453	16	460	0.0	568
PfGA01_120060600|DBLb|2|1247|1699	PC0056-C.g622	22.456	285	143	9	109	351	624	872	4.28e-10	64.7
PfGA01_120060600|DBLb|2|1247|1699	PfKE02.g225	61.688	462	151	12	1	453	730	1174	8.86e-178	554
PfGA01_120060600|DBLb|2|1247|1699	PfKE02.g225	31.942	479	252	18	14	453	2404	2847	1.68e-46	175
PfGA01_120060600|DBLb|2|1247|1699	PfKE02.g225	32.484	314	150	11	68	333	75	374	7.36e-36	144
PfGA01_120060600|DBLb|2|1247|1699	PfKE02.g225	27.863	262	133	9	109	356	2901	3120	1.21e-15	82.4
PfGA01_120060600|DBLb|2|1247|1699	PfKE02.g225	27.660	282	131	13	105	343	1326	1577	2.51e-13	75.1
PfGA01_120060600|DBLg|1|1714|2101	SenT084.10.g2176	99.742	388	1	0	1	388	1714	2101	0.0	800
PfGA01_120060600|DBLg|1|1714|2101	SenT084.10.g2176	26.869	428	231	15	1	388	1314	1699	3.18e-31	128
PfGA01_120060600|DBLg|1|1714|2101	SenT084.10.g2176	26.521	411	193	12	1	302	2249	2659	1.25e-25	111
PfGA01_120060600|DBLg|1|1714|2101	SenT084.10.g2176	25.622	402	223	12	44	388	846	1228	5.36e-24	106
PfGA01_120060600|DBLg|1|1714|2101	SenT084.10.g2176	21.884	329	206	10	44	344	127	432	1.89e-10	65.5
PfGA01_120060600|DBLg|1|1714|2101	PM0058-C.g1310	99.742	388	1	0	1	388	1714	2101	0.0	800
PfGA01_120060600|DBLg|1|1714|2101	PM0058-C.g1310	26.869	428	231	15	1	388	1314	1699	3.18e-31	128
PfGA01_120060600|DBLg|1|1714|2101	PM0058-C.g1310	26.521	411	193	12	1	302	2249	2659	1.25e-25	111
PfGA01_120060600|DBLg|1|1714|2101	PM0058-C.g1310	25.622	402	223	12	44	388	846	1228	5.36e-24	106
PfGA01_120060600|DBLg|1|1714|2101	PM0058-C.g1310	21.884	329	206	10	44	344	127	432	1.89e-10	65.5
PfGA01_120060600|DBLg|1|1714|2101	PH0592-C.g804	71.939	392	95	6	1	388	1667	2047	7.72e-180	557
PfGA01_120060600|DBLg|1|1714|2101	PH0592-C.g804	30.946	391	197	13	31	388	831	1181	9.39e-38	147
PfGA01_120060600|DBLg|1|1714|2101	PH0592-C.g804	28.278	389	217	14	30	388	1291	1647	3.53e-30	125
PfGA01_120060600|DBLg|1|1714|2101	PH0592-C.g804	24.402	418	158	11	37	300	2285	2698	9.48e-26	112
PfGA01_120060600|DBLg|1|1714|2101	PH0592-C.g804	23.836	365	218	13	45	378	122	457	1.61e-13	75.1
PfGA01_120060600|DBLg|1|1714|2101	PC0080-C.g423	70.000	390	106	7	1	388	94	474	8.19e-180	541
PfGA01_120060600|DBLg|1|1714|2101	PC0080-C.g423	28.495	372	166	15	31	302	636	1007	2.31e-25	110
PfGA01_120060600|DBLg|1|1714|2101	PH0610-C.g667	70.000	390	106	7	1	388	173	553	9.10e-179	540
PfGA01_120060600|DBLg|1|1714|2101	PH0610-C.g667	28.495	372	166	15	31	302	715	1086	3.00e-25	110
PfGA01_120060600|DBLg|1|1714|2101	PH0610-C.g667	38.272	162	88	5	235	388	1	158	6.94e-22	100
PfGA01_120060600|ATS|1|2303|2746	PD0507-C.g826	86.907	443	55	3	2	444	2910	3349	0.0	778
PfGA01_120060600|ATS|1|2303|2746	PfKE02.g50	84.855	449	62	4	1	444	2565	3012	0.0	771
PfGA01_120060600|ATS|1|2303|2746	PC0104-C.g47	84.187	449	65	3	1	444	3045	3492	0.0	768
PfGA01_120060600|ATS|1|2303|2746	QE0468-C.g202	83.929	448	65	4	2	444	2890	3335	0.0	755
PfGA01_120060600|ATS|1|2303|2746	PV0147-C.g17	87.865	445	47	4	1	444	3015	3453	0.0	755
PfGA01_120060800|NTS|1|1|66	PC0065-C.g3512	90.769	65	6	0	2	66	10	74	2.86e-34	124
PfGA01_120060800|NTS|1|1|66	PH0578-C.g140	80.952	63	12	0	4	66	5	67	1.84e-28	107
PfGA01_120060800|NTS|1|1|66	PH0540-C.g300	80.952	63	12	0	4	66	5	67	1.84e-28	107
PfGA01_120060800|NTS|1|1|66	PH1003-C.g264	80.952	63	12	0	4	66	5	67	3.17e-28	107
PfGA01_120060800|NTS|1|1|66	PH0999-C.g228	80.952	63	12	0	4	66	5	67	3.17e-28	107
PfGA01_120060800|DBLa|1|67|477	PM0124-C.g619	78.345	411	75	4	1	411	60	456	0.0	664
PfGA01_120060800|DBLa|1|67|477	PM0124-C.g619	28.428	299	175	10	117	411	996	1259	6.69e-23	103
PfGA01_120060800|DBLa|1|67|477	PT0137-C.g440	76.755	413	81	5	1	411	63	462	0.0	642
PfGA01_120060800|DBLa|1|67|477	PT0137-C.g440	32.227	211	135	3	54	264	1709	1911	1.40e-27	118
PfGA01_120060800|DBLa|1|67|477	PT0137-C.g440	23.810	336	188	10	42	375	2081	2350	7.59e-12	70.1
PfGA01_120060800|DBLa|1|67|477	PT0137-C.g440	36.792	106	63	2	228	330	1143	1247	8.44e-12	69.7
PfGA01_120060800|DBLa|1|67|477	PT0052-C.g782	74.879	414	88	4	1	411	67	467	0.0	613
PfGA01_120060800|DBLa|1|67|477	PT0052-C.g782	22.764	369	224	14	85	411	986	1335	3.84e-12	70.9
PfGA01_120060800|DBLa|1|67|477	PA0040-C.g509	74.879	414	88	4	1	411	67	467	0.0	612
PfGA01_120060800|DBLa|1|67|477	PA0040-C.g509	26.744	258	160	9	157	411	1090	1321	1.47e-11	68.9
PfGA01_120060800|DBLa|1|67|477	SenT114.09.g26	74.879	414	88	4	1	411	79	479	0.0	612
PfGA01_120060800|CIDRa|1|478|742	SenT114.09.g26	95.849	265	11	0	1	265	480	744	0.0	528
PfGA01_120060800|CIDRa|1|478|742	PM0018-C.g631	95.849	265	11	0	1	265	468	732	6.28e-178	527
PfGA01_120060800|CIDRa|1|478|742	PT0052-C.g782	95.849	265	11	0	1	265	468	732	3.32e-175	528
PfGA01_120060800|CIDRa|1|478|742	PA0040-C.g509	86.792	265	28	1	1	265	468	725	8.46e-154	471
PfGA01_120060800|CIDRa|1|478|742	PA0056-C.g306	73.978	269	60	3	1	262	504	769	2.17e-123	387
PfGA01_120060800|DBLd|1|829|1364	PF0513-C.g6489	50.507	592	175	16	1	536	203	732	6.91e-167	504
PfGA01_120060800|DBLd|1|829|1364	PD0473-C.g96	48.873	577	189	13	1	536	220	731	7.96e-160	485
PfGA01_120060800|DBLd|1|829|1364	SenT224.08.g291	54.676	556	199	20	1	536	893	1415	4.53e-158	495
PfGA01_120060800|DBLd|1|829|1364	PV0204-C.g80	49.298	570	198	13	1	536	114	626	2.37e-157	476
PfGA01_120060800|DBLd|1|829|1364	PD0532-C.g669	48.873	577	189	13	1	536	854	1365	3.30e-154	483
PfGA01_120060800|DBLd|1|829|1364	PD0532-C.g669	34.951	103	63	2	367	466	309	410	7.48e-08	58.2
PfGA01_120060800|CIDRb|1|1365|1625	QE0444-C.g645	96.787	249	8	0	1	249	579	827	1.61e-162	496
PfGA01_120060800|CIDRb|1|1365|1625	PF0513-C.g6489	81.679	262	44	3	1	260	733	992	4.13e-128	391
PfGA01_120060800|CIDRb|1|1365|1625	PH0991-C.g465	65.918	267	82	6	1	261	1364	1627	8.10e-102	327
PfGA01_120060800|CIDRb|1|1365|1625	PH0471-C.g411	65.918	267	82	6	1	261	1258	1521	1.36e-101	326
PfGA01_120060800|CIDRb|1|1365|1625	PH0991-C.g951	65.918	267	82	6	1	261	1258	1521	1.60e-101	325
PfGA01_120060800|ATS|1|1743|2183	PFKE09.g563	80.942	446	76	7	1	441	775	1216	0.0	686
PfGA01_120060800|ATS|1|1743|2183	PV0028-C.g43	78.795	448	77	8	1	441	1843	2279	0.0	680
PfGA01_120060800|ATS|1|1743|2183	PA0245-C.g998	76.035	459	91	6	1	441	1706	2163	0.0	673
PfGA01_120060800|ATS|1|1743|2183	PFKE01.g19	77.556	450	81	7	1	441	1733	2171	0.0	649
PfGA01_120060800|ATS|1|1743|2183	PF0590-C.g528	79.018	448	73	9	1	441	2051	2484	0.0	648
PfGA01_130005500|NTS|1|1|67	PT0169-C.g543	91.045	67	6	0	1	67	1	67	6.54e-36	129
PfGA01_130005500|NTS|1|1|67	PV0138-C.g34	85.075	67	10	0	1	67	1	67	6.94e-33	120
PfGA01_130005500|NTS|1|1|67	PV0112-C.g27	85.075	67	10	0	1	67	1	67	6.94e-33	120
PfGA01_130005500|NTS|1|1|67	PV0098-C.g55	85.075	67	10	0	1	67	1	67	6.94e-33	120
PfGA01_130005500|NTS|1|1|67	QG0261-C.g530	86.567	67	9	0	1	67	1	67	1.28e-32	119
PfGA01_130005500|DBLa|1|68|561	PM0161-C.g530	65.354	508	135	10	1	494	68	548	0.0	556
PfGA01_130005500|DBLa|1|68|561	PM0161-C.g530	27.697	343	189	13	93	396	708	1030	1.48e-16	85.5
PfGA01_130005500|DBLa|1|68|561	QG0228-C.g17	58.365	526	177	14	1	494	69	584	6.78e-179	542
PfGA01_130005500|DBLa|1|68|561	QG0228-C.g17	30.314	287	132	12	130	373	784	1045	3.25e-18	90.9
PfGA01_130005500|DBLa|1|68|561	QG0295-C.g3947	58.527	516	176	15	1	494	71	570	2.63e-167	501
PfGA01_130005500|DBLa|1|68|561	QG0295-C.g3947	32.292	96	62	2	225	320	891	983	5.18e-07	55.1
PfGA01_130005500|DBLa|1|68|561	PT0052-C.g12	58.113	530	167	12	1	494	67	577	1.05e-166	509
PfGA01_130005500|DBLa|1|68|561	PT0052-C.g12	42.574	101	55	2	226	326	876	973	5.63e-18	90.1
PfGA01_130005500|DBLa|1|68|561	PT0242-Cx.g9	55.877	519	195	14	1	494	76	585	3.34e-160	494
PfGA01_130005500|DBLa|1|68|561	PT0242-Cx.g9	34.899	149	80	4	226	373	934	1066	3.89e-15	80.9
PfGA01_130005500|DBLd|1|544|1016	PM0097-C.g875	53.772	517	179	15	1	473	833	1333	3.96e-151	472
PfGA01_130005500|DBLd|1|544|1016	PM0097-C.g875	23.315	356	210	12	145	473	164	483	5.98e-11	67.4
PfGA01_130005500|DBLd|1|544|1016	PF0037-C.g924	53.279	488	188	12	1	473	913	1375	2.42e-149	468
PfGA01_130005500|DBLd|1|544|1016	PF0037-C.g924	27.308	260	142	7	161	409	191	414	5.19e-14	77.4
PfGA01_130005500|DBLd|1|544|1016	QG0186-C.g124	52.881	486	210	12	1	473	1722	2201	3.19e-146	464
PfGA01_130005500|DBLd|1|544|1016	QG0186-C.g124	26.829	410	171	15	3	407	1327	1612	1.14e-27	119
PfGA01_130005500|DBLd|1|544|1016	QG0186-C.g124	27.778	198	111	5	306	473	312	507	6.12e-12	70.9
PfGA01_130005500|DBLd|1|544|1016	QE0439-C.g938	52.140	514	194	16	1	473	933	1435	1.42e-145	459
PfGA01_130005500|DBLd|1|544|1016	QE0418-C.g515	52.140	514	194	16	1	473	933	1435	1.42e-145	459
PfGA01_130005500|CIDRb|1|1017|1271	SenT067.11.g1119	69.697	264	63	5	1	253	935	1192	1.95e-114	358
PfGA01_130005500|CIDRb|1|1017|1271	PM0097-C.g875	68.821	263	72	3	1	254	1334	1595	5.65e-114	360
PfGA01_130005500|CIDRb|1|1017|1271	PM0097-C.g875	27.374	179	109	5	5	169	488	659	2.51e-09	59.7
PfGA01_130005500|CIDRb|1|1017|1271	PF0145-C.g545	69.697	264	63	5	1	253	2596	2853	1.95e-112	357
PfGA01_130005500|CIDRb|1|1017|1271	PF0145-C.g545	26.357	258	161	8	17	254	480	728	5.80e-11	64.7
PfGA01_130005500|CIDRb|1|1017|1271	PH0556-C.g707	67.843	255	69	4	1	245	1364	1615	1.16e-104	334
PfGA01_130005500|CIDRb|1|1017|1271	PH0497-CW.g371	67.843	255	69	4	1	245	1364	1615	1.16e-104	334
PfGA01_130005500|ATS|1|1384|1843	PV0147-C.g7	85.870	460	44	4	1	460	1761	2199	0.0	780
PfGA01_130005500|ATS|1|1384|1843	PA0245-C.g998	79.526	464	85	7	1	460	1706	2163	0.0	710
PfGA01_130005500|ATS|1|1384|1843	PA0270-C.g443	77.586	464	91	7	1	460	2185	2639	0.0	686
PfGA01_130005500|ATS|1|1384|1843	PC0107-C.g899	77.922	462	73	4	1	460	1572	2006	0.0	684
PfGA01_130005500|ATS|1|1384|1843	PFKE09.g563	76.890	463	83	7	1	460	775	1216	0.0	683
PfGA01_140005500|NTS|1|1|67	PA0232-C.g780	98.214	56	1	0	12	67	14	69	5.52e-29	108
PfGA01_140005500|NTS|1|1|67	QG0202-C.g520	94.915	59	3	0	9	67	8	66	9.16e-29	108
PfGA01_140005500|NTS|1|1|67	PF0638-C.g8147	92.593	54	4	0	14	67	13	66	2.25e-27	104
PfGA01_140005500|NTS|1|1|67	PFKE01.g19	82.812	64	8	1	4	67	2	62	1.56e-26	102
PfGA01_140005500|NTS|1|1|67	PF0011-C.g400	81.818	55	10	0	13	67	16	70	2.66e-23	92.8
PfGA01_140005500|DBLa|1|68|528	PA0232-C.g780	83.262	466	57	6	1	461	70	519	0.0	714
PfGA01_140005500|DBLa|1|68|528	PA0232-C.g780	30.841	214	109	9	254	461	1209	1389	1.20e-14	79.3
PfGA01_140005500|DBLa|1|68|528	QG0202-C.g520	82.189	466	62	6	1	461	67	516	0.0	706
PfGA01_140005500|DBLa|1|68|528	QG0202-C.g520	31.034	203	105	8	264	461	1255	1427	7.26e-12	70.5
PfGA01_140005500|DBLa|1|68|528	QG0208-C.g942	75.053	469	104	7	1	461	64	527	0.0	693
PfGA01_140005500|DBLa|1|68|528	QG0208-C.g942	27.338	278	154	9	206	461	1087	1338	6.31e-18	89.4
PfGA01_140005500|DBLa|1|68|528	PFKE07.g40	72.258	465	115	9	1	461	59	513	0.0	646
PfGA01_140005500|DBLa|1|68|528	PFKE07.g40	23.316	386	212	12	122	461	1057	1404	1.42e-15	82.0
PfGA01_140005500|DBLa|1|68|528	PA0149-C.g368	75.000	420	89	4	42	461	91	494	0.0	645
PfGA01_140005500|DBLa|1|68|528	PA0149-C.g368	31.034	203	115	7	264	461	1208	1390	3.07e-18	90.5
PfGA01_140005500|CIDRa|1|529|804	PA0149-C.g368	96.390	277	9	1	1	276	495	771	0.0	552
PfGA01_140005500|CIDRa|1|529|804	PA0149-C.g368	27.907	86	62	0	109	194	1473	1558	9.92e-07	52.4
PfGA01_140005500|CIDRa|1|529|804	PM0049-C.g441	78.700	277	55	2	1	276	511	784	3.52e-129	404
PfGA01_140005500|CIDRa|1|529|804	PH0325-C.g505	72.563	277	71	3	1	276	482	754	9.11e-125	392
PfGA01_140005500|CIDRa|1|529|804	QE0426-C.g519	71.636	275	74	3	1	274	491	762	4.38e-124	380
PfGA01_140005500|CIDRa|1|529|804	SenT224.08.g474	72.388	268	69	4	1	267	509	772	1.08e-122	386
PfGA01_140005500|CIDRa|1|529|804	SenT224.08.g474	31.818	88	60	0	109	196	1467	1554	3.41e-07	53.5
PfGA01_140005500|DBLd|1|874|1341	PA0091-C.g641	56.198	484	175	16	1	468	170	632	2.00e-145	442
PfGA01_140005500|DBLd|1|874|1341	SenT124.10.g529	49.711	519	190	17	1	468	914	1412	1.13e-140	443
PfGA01_140005500|DBLd|1|874|1341	SenT124.10.g529	26.510	298	180	12	158	440	192	465	1.35e-14	79.0
PfGA01_140005500|DBLd|1|874|1341	PA0089-C.g283	50.688	509	203	17	1	468	785	1286	9.60e-139	438
PfGA01_140005500|DBLd|1|874|1341	PA0089-C.g283	25.301	249	140	8	158	395	96	309	3.82e-11	68.2
PfGA01_140005500|DBLd|1|874|1341	SenT124.10.g834	50.495	505	190	16	1	468	309	790	2.51e-138	429
PfGA01_140005500|DBLd|1|874|1341	PT0170-C.g188	56.198	484	175	16	1	468	2106	2568	3.33e-138	441
PfGA01_140005500|DBLd|1|874|1341	PT0170-C.g188	29.268	410	196	14	47	450	1635	1956	5.52e-37	147
PfGA01_140005500|DBLd|1|874|1341	PT0170-C.g188	29.104	402	179	15	1	398	1233	1532	5.80e-35	141
PfGA01_140005500|DBLd|1|874|1341	PT0170-C.g188	25.862	174	108	4	235	395	232	397	5.30e-09	61.2
PfGA01_140005500|CIDRb|1|1342|1591	QG0282-C.g861	91.085	258	15	2	1	250	587	844	7.16e-162	476
PfGA01_140005500|CIDRb|1|1342|1591	QG0281-C.g1005	91.085	258	15	2	1	250	501	758	8.00e-158	472
PfGA01_140005500|CIDRb|1|1342|1591	PM0108-C.g160	63.035	257	85	4	1	250	698	951	1.80e-99	314
PfGA01_140005500|CIDRb|1|1342|1591	PA0008-C.g906	62.698	252	88	4	1	248	1390	1639	6.41e-90	292
PfGA01_140005500|CIDRb|1|1342|1591	PD0507-C.g724	62.791	258	79	8	1	244	1422	1676	4.28e-88	287
PfGA01_140005500|ATS|1|1701|2166	PV0118-C.g21	72.745	499	96	10	1	466	2115	2606	0.0	671
PfGA01_140005500|ATS|1|1701|2166	PFKE09.g563	76.110	473	75	10	1	466	775	1216	0.0	663
PfGA01_140005500|ATS|1|1701|2166	PV0028-C.g31	73.265	490	73	13	1	466	1737	2192	0.0	660
PfGA01_140005500|ATS|1|1701|2166	PF0590-C.g528	76.160	474	65	12	1	466	2051	2484	0.0	658
PfGA01_140005500|ATS|1|1701|2166	PH0121-CW.g102	75.372	471	69	10	1	466	802	1230	0.0	647
PfGA01_140085000|NTS|1|1|63	PH0497-CW.g497	70.175	57	17	0	7	63	13	69	2.53e-19	81.3
PfGA01_140085000|NTS|1|1|63	SenT136.09.g487	66.667	63	21	0	1	63	1	63	9.87e-19	79.7
PfGA01_140085000|NTS|1|1|63	PC0122-C.g546	64.815	54	19	0	10	63	12	65	1.76e-18	79.0
PfGA01_140085000|NTS|1|1|63	PT0101-C.g668	68.254	63	19	1	2	63	9	71	4.06e-18	78.2
PfGA01_140085000|NTS|1|1|63	PC0069-C.g337	68.750	64	17	1	3	63	6	69	5.28e-18	77.8
PfGA01_140085000|DBLa|1|64|481	QG0236-C.g3131	82.394	426	63	3	1	418	71	492	0.0	720
PfGA01_140085000|DBLa|1|64|481	QG0236-C.g3131	25.140	358	193	13	111	418	1036	1368	1.34e-14	78.6
PfGA01_140085000|DBLa|1|64|481	PF0122-C.g479	78.282	419	80	6	1	418	71	479	0.0	659
PfGA01_140085000|DBLa|1|64|481	PF0122-C.g479	24.798	371	214	13	87	418	943	1287	4.45e-19	92.4
PfGA01_140085000|DBLa|1|64|481	PF0730-C.g337	78.282	419	80	6	1	418	71	479	0.0	658
PfGA01_140085000|DBLa|1|64|481	PF0730-C.g337	28.024	339	198	11	55	384	1675	1976	3.83e-26	114
PfGA01_140085000|DBLa|1|64|481	PF0730-C.g337	40.217	184	88	7	239	418	1121	1286	6.25e-26	113
PfGA01_140085000|DBLa|1|64|481	PF0730-C.g337	29.052	327	155	9	44	366	2054	2307	1.08e-20	97.4
PfGA01_140085000|DBLa|1|64|481	QE0400-C.g655	74.822	421	93	6	1	418	70	480	0.0	640
PfGA01_140085000|DBLa|1|64|481	QE0400-C.g655	29.834	181	99	5	187	339	1051	1231	2.03e-12	71.6
PfGA01_140085000|DBLa|1|64|481	QG0208-C.g22	75.598	418	87	6	1	418	71	473	0.0	637
PfGA01_140085000|CIDRa|1|482|727	PT0169-C.g639	80.972	247	44	2	1	246	470	714	1.34e-136	410
PfGA01_140085000|CIDRa|1|482|727	PA0185-C.g16	80.972	247	44	2	1	246	472	716	4.41e-135	410
PfGA01_140085000|CIDRa|1|482|727	PF0311-C.g323	80.972	247	44	2	1	246	473	717	2.40e-132	412
PfGA01_140085000|CIDRa|1|482|727	PF0311-C.g323	29.851	201	121	6	35	224	1429	1620	9.69e-07	52.0
PfGA01_140085000|CIDRa|1|482|727	PA0158-C.g715	80.972	247	44	2	1	246	474	718	4.40e-132	410
PfGA01_140085000|CIDRa|1|482|727	PA0158-C.g715	32.331	133	85	4	33	161	1351	1482	4.12e-12	67.8
PfGA01_140085000|CIDRa|1|482|727	PA0052-C.g712	79.757	247	47	2	1	246	169	413	2.10e-130	402
PfGA01_140085000|DBLd|1|808|1339	PA0146-C.g397	54.399	557	206	19	1	532	881	1414	3.82e-165	514
PfGA01_140085000|DBLd|1|808|1339	PA0151-C.g112	53.929	560	187	18	1	532	910	1426	5.72e-165	513
PfGA01_140085000|DBLd|1|808|1339	PA0151-C.g112	33.333	114	64	5	355	465	318	422	3.77e-08	58.9
PfGA01_140085000|DBLd|1|808|1339	PF0288-C.g392	54.039	557	208	18	1	532	898	1431	7.83e-165	513
PfGA01_140085000|DBLd|1|808|1339	PA0134-C.g373	54.107	560	186	18	1	532	899	1415	1.47e-163	514
PfGA01_140085000|DBLd|1|808|1339	PA0134-C.g373	33.333	114	64	5	355	465	318	422	2.56e-08	59.7
PfGA01_140085000|DBLd|1|808|1339	PF0782-C.g876	51.943	566	213	16	1	532	882	1422	9.29e-158	494
PfGA01_140085000|DBLd|1|808|1339	PF0782-C.g876	27.638	199	118	7	355	532	307	500	9.78e-09	60.8
PfGA01_140085000|CIDRb|1|1340|1594	PA0232-C.g465	94.094	254	12	2	1	254	1763	2013	4.49e-157	483
PfGA01_140085000|CIDRb|1|1340|1594	SenT092.08.g883	91.463	246	21	0	1	246	1451	1696	2.55e-152	467
PfGA01_140085000|CIDRb|1|1340|1594	PF0359-C.g361	89.558	249	23	1	1	246	1415	1663	7.23e-149	457
PfGA01_140085000|CIDRb|1|1340|1594	PM0157-C.g227	89.494	257	23	3	1	254	2124	2379	1.17e-147	458
PfGA01_140085000|CIDRb|1|1340|1594	QE0414-C.g758	85.656	244	27	3	1	242	2602	2839	2.89e-134	419
PfGA01_140085000|ATS|1|1706|2160	PA0245-C.g998	84.816	461	61	5	1	455	1706	2163	0.0	760
PfGA01_140085000|ATS|1|1706|2160	PV0147-C.g7	83.516	455	59	5	1	455	1761	2199	0.0	739
PfGA01_140085000|ATS|1|1706|2160	PA0270-C.g443	83.660	459	67	6	1	455	2185	2639	0.0	738
PfGA01_140085000|ATS|1|1706|2160	PD0483-C.g348	81.996	461	74	6	1	455	2589	3046	0.0	703
PfGA01_140085000|ATS|1|1706|2160	QE0436-C.g591	81.301	492	53	8	1	455	1702	2191	0.0	702
PfGA01_000006700|NTS|1|1|62	PA0195-C.g783	100.000	50	0	0	13	62	22	71	4.09e-24	95.1
PfGA01_000006700|NTS|1|1|62	QG0291-C.g3714	78.431	51	11	0	12	62	14	64	1.72e-19	82.0
PfGA01_000006700|NTS|1|1|62	PM0096-C.g488	77.358	53	12	0	10	62	16	68	2.03e-19	81.6
PfGA01_000006700|NTS|1|1|62	SenP051.02.g294	76.471	51	12	0	12	62	14	64	6.40e-19	80.1
PfGA01_000006700|NTS|1|1|62	QG0253-C.g3569	77.778	54	10	1	9	62	18	69	7.34e-19	80.1
PfGA01_000006700|DBLa|1|63|507	PM0060-C.g339	78.588	439	78	7	15	445	77	507	0.0	686
PfGA01_000006700|DBLa|1|63|507	PM0060-C.g339	30.252	238	107	8	56	283	920	1108	6.28e-21	98.6
PfGA01_000006700|DBLa|1|63|507	PM0060-C.g339	23.678	397	232	12	74	445	1516	1866	7.88e-16	82.8
PfGA01_000006700|DBLa|1|63|507	PM0071-C.g136	70.732	451	108	10	1	445	69	501	0.0	611
PfGA01_000006700|DBLa|1|63|507	PM0071-C.g136	29.642	307	137	11	56	346	895	1138	1.26e-24	109
PfGA01_000006700|DBLa|1|63|507	PF0235-C.g475	71.175	451	103	11	1	445	69	498	0.0	611
PfGA01_000006700|DBLa|1|63|507	PF0235-C.g475	32.618	233	97	9	56	272	892	1080	9.01e-24	107
PfGA01_000006700|DBLa|1|63|507	QG0281-C.g56	68.341	458	121	11	1	445	60	506	0.0	607
PfGA01_000006700|DBLa|1|63|507	QG0281-C.g56	27.937	315	156	10	53	362	931	1179	1.93e-25	112
PfGA01_000006700|DBLa|1|63|507	QG0281-C.g56	25.000	368	192	14	115	445	1704	2024	2.18e-16	84.7
PfGA01_000006700|DBLa|1|63|507	PA0185-C.g363	68.341	458	121	11	1	445	19	465	0.0	605
PfGA01_000006700|DBLa|1|63|507	PA0185-C.g363	27.937	315	156	10	53	362	890	1138	3.01e-25	111
PfGA01_000006700|DBLa|1|63|507	PA0185-C.g363	26.289	194	108	8	187	352	1568	1754	1.39e-08	59.7
PfGA01_000006700|CIDRa|1|508|792	PM0060-C.g339	100.000	285	0	0	1	285	508	792	0.0	595
PfGA01_000006700|CIDRa|1|508|792	PF0782-C.g964	86.111	288	28	4	1	285	511	789	4.12e-155	474
PfGA01_000006700|CIDRa|1|508|792	PA0168-C.g359	81.185	287	46	4	1	285	510	790	3.32e-151	464
PfGA01_000006700|CIDRa|1|508|792	PM0146-C.g519	81.185	287	46	4	1	285	510	790	3.32e-151	464
PfGA01_000006700|CIDRa|1|508|792	PA0201-C.g618	81.185	287	46	4	1	285	520	800	3.53e-151	464
PfGA01_000006700|DBLb|1|799|1262	PH0510-C.g1147	79.713	488	73	5	1	464	46	531	0.0	753
PfGA01_000006700|DBLb|1|799|1262	PV0239-C.g64	79.713	488	73	5	1	464	799	1284	0.0	749
PfGA01_000006700|DBLb|1|799|1262	PV0239-C.g64	27.933	358	198	10	18	348	24	348	1.47e-29	125
PfGA01_000006700|DBLb|1|799|1262	PV0139-C.g76	79.713	488	73	5	1	464	799	1284	0.0	749
PfGA01_000006700|DBLb|1|799|1262	PV0139-C.g76	27.933	358	198	10	18	348	24	348	1.47e-29	125
PfGA01_000006700|DBLb|1|799|1262	PM0146-C.g315	73.253	501	91	10	1	464	768	1262	0.0	694
PfGA01_000006700|DBLb|1|799|1262	PM0146-C.g315	27.737	411	201	14	27	374	18	395	1.49e-28	122
PfGA01_000006700|DBLb|1|799|1262	PFKE08.g10	66.465	495	125	9	1	464	587	1071	0.0	631
PfGA01_000006700|DBLd|1|1344|1796	PA0085-C.g13	77.215	474	81	10	1	453	1880	2347	0.0	634
PfGA01_000006700|DBLd|1|1344|1796	PA0085-C.g13	23.765	324	178	9	161	453	182	467	8.97e-16	82.8
PfGA01_000006700|DBLd|1|1344|1796	PA0085-C.g13	22.074	376	169	13	43	397	839	1111	2.60e-08	58.9
PfGA01_000006700|DBLd|1|1344|1796	PT0264-C.g642	74.896	482	86	9	1	453	929	1404	0.0	634
PfGA01_000006700|DBLd|1|1344|1796	PT0264-C.g642	24.576	354	167	12	161	453	182	496	1.54e-15	82.0
PfGA01_000006700|DBLd|1|1344|1796	PF0035-C.g115	80.095	422	69	7	43	453	1913	2330	0.0	616
PfGA01_000006700|DBLd|1|1344|1796	PF0035-C.g115	28.358	402	175	11	1	391	1288	1587	7.25e-40	155
PfGA01_000006700|DBLd|1|1344|1796	PF0035-C.g115	25.305	328	170	12	161	453	224	511	5.40e-17	86.7
PfGA01_000006700|DBLd|1|1344|1796	PF0789-C.g621	60.294	476	139	9	1	453	871	1319	9.30e-165	508
PfGA01_000006700|DBLd|1|1344|1796	PF0789-C.g621	26.070	257	126	6	160	389	179	398	8.80e-20	95.1
PfGA01_000006700|DBLd|1|1344|1796	PD0554-C.g783	55.804	491	164	13	1	453	452	927	5.55e-154	472
PfGA01_000006700|CIDRb|1|1797|2050	PC0085-C.g1458	70.850	247	70	1	1	247	1398	1642	5.00e-112	355
PfGA01_000006700|CIDRb|1|1797|2050	PA0205-C.g640	68.526	251	75	3	1	249	1447	1695	9.16e-107	340
PfGA01_000006700|CIDRb|1|1797|2050	PA0205-C.g640	36.538	104	52	4	81	174	651	750	1.30e-08	57.8
PfGA01_000006700|CIDRb|1|1797|2050	QE0472-C.g439	64.981	257	86	4	1	254	1391	1646	4.16e-95	307
PfGA01_000006700|CIDRb|1|1797|2050	PA0069-C.g603	61.328	256	95	4	1	254	1290	1543	1.23e-94	306
PfGA01_000006700|CIDRb|1|1797|2050	PA0050-C.g435	61.328	256	95	4	1	254	1290	1543	1.27e-94	306
PfGA01_000006700|ATS|1|2173|2604	PC0097-C.g664	79.823	451	69	8	1	432	2364	2811	0.0	677
PfGA01_000006700|ATS|1|2173|2604	PA0270-C.g443	79.521	459	63	9	1	432	2185	2639	0.0	675
PfGA01_000006700|ATS|1|2173|2604	QE0436-C.g732	74.082	490	64	8	1	432	1692	2176	0.0	672
PfGA01_000006700|ATS|1|2173|2604	PFKE01.g19	79.007	443	78	9	1	432	1733	2171	0.0	665
PfGA01_000006700|ATS|1|2173|2604	PV0139-C.g46	80.000	435	79	7	2	432	2379	2809	0.0	661
PfGA01_000006900|NTS|1|1|75	QG0196-C.g559	82.667	75	13	0	1	75	1	75	1.44e-24	97.1
PfGA01_000006900|NTS|1|1|75	PA0180-C.g661	79.032	62	12	1	12	73	5	65	5.30e-24	95.5
PfGA01_000006900|NTS|1|1|75	PT0137-C.g762	72.308	65	16	1	11	75	5	67	1.10e-22	91.7
PfGA01_000006900|NTS|1|1|75	PA0148-C.g115	68.000	75	16	3	1	75	63	129	1.61e-21	88.2
PfGA01_000006900|NTS|1|1|75	PD0545-C.g751	64.000	75	17	3	1	75	1	65	3.12e-20	84.7
PfGA01_000006900|DBLa|1|76|519	PM0060-C.g339	77.655	452	82	8	1	444	67	507	0.0	695
PfGA01_000006900|DBLa|1|76|519	PM0060-C.g339	30.252	238	107	8	55	282	920	1108	6.26e-21	98.6
PfGA01_000006900|DBLa|1|76|519	PM0060-C.g339	23.678	397	232	12	73	444	1516	1866	7.67e-16	82.8
PfGA01_000006900|DBLa|1|76|519	PM0071-C.g136	71.333	450	106	9	1	444	69	501	0.0	624
PfGA01_000006900|DBLa|1|76|519	PM0071-C.g136	29.191	346	162	12	16	345	860	1138	7.12e-25	110
PfGA01_000006900|DBLa|1|76|519	PF0235-C.g475	71.778	450	101	10	1	444	69	498	0.0	624
PfGA01_000006900|DBLa|1|76|519	PF0235-C.g475	31.618	272	122	10	16	271	857	1080	4.78e-24	107
PfGA01_000006900|DBLa|1|76|519	PT0230-Cx.g476	69.063	459	120	13	1	444	59	510	0.0	597
PfGA01_000006900|DBLa|1|76|519	PT0230-Cx.g476	32.766	235	103	9	57	282	930	1118	3.88e-26	114
PfGA01_000006900|DBLa|1|76|519	PT0230-Cx.g476	23.322	283	159	12	185	444	1601	1848	3.72e-09	61.6
PfGA01_000006900|DBLa|1|76|519	PF0489-C.g603	68.282	454	122	9	2	444	61	503	0.0	597
PfGA01_000006900|DBLa|1|76|519	PF0489-C.g603	34.426	244	103	8	55	282	913	1115	3.78e-28	120
PfGA01_000006900|DBLa|1|76|519	PF0489-C.g603	30.994	171	93	5	234	400	1637	1786	1.47e-12	72.4
PfGA01_000006900|CIDRa|1|520|804	PM0060-C.g339	100.000	285	0	0	1	285	508	792	0.0	595
PfGA01_000006900|CIDRa|1|520|804	PF0782-C.g964	86.111	288	28	4	1	285	511	789	4.12e-155	474
PfGA01_000006900|CIDRa|1|520|804	PA0168-C.g359	81.185	287	46	4	1	285	510	790	3.32e-151	464
PfGA01_000006900|CIDRa|1|520|804	PM0146-C.g519	81.185	287	46	4	1	285	510	790	3.32e-151	464
PfGA01_000006900|CIDRa|1|520|804	PA0201-C.g618	81.185	287	46	4	1	285	520	800	3.53e-151	464
PfGA01_000006900|DBLb|1|811|1274	PH0510-C.g1147	79.713	488	73	5	1	464	46	531	0.0	753
PfGA01_000006900|DBLb|1|811|1274	PV0239-C.g64	79.713	488	73	5	1	464	799	1284	0.0	749
PfGA01_000006900|DBLb|1|811|1274	PV0239-C.g64	27.933	358	198	10	18	348	24	348	1.47e-29	125
PfGA01_000006900|DBLb|1|811|1274	PV0139-C.g76	79.713	488	73	5	1	464	799	1284	0.0	749
PfGA01_000006900|DBLb|1|811|1274	PV0139-C.g76	27.933	358	198	10	18	348	24	348	1.47e-29	125
PfGA01_000006900|DBLb|1|811|1274	PM0146-C.g315	73.253	501	91	10	1	464	768	1262	0.0	694
PfGA01_000006900|DBLb|1|811|1274	PM0146-C.g315	27.737	411	201	14	27	374	18	395	1.49e-28	122
PfGA01_000006900|DBLb|1|811|1274	PFKE08.g10	66.465	495	125	9	1	464	587	1071	0.0	631
PfGA01_000006900|DBLd|1|1356|1881	SenT013.11.g477	52.158	556	200	18	1	526	275	794	1.78e-158	483
PfGA01_000006900|DBLd|1|1356|1881	PC0058-C.g851	52.731	531	207	15	1	526	512	1003	3.47e-158	487
PfGA01_000006900|DBLd|1|1356|1881	PC0046-C.g537	52.710	535	194	17	1	526	889	1373	4.41e-151	475
PfGA01_000006900|DBLd|1|1356|1881	PC0046-C.g537	21.970	264	153	6	184	444	190	403	5.41e-08	58.5
PfGA01_000006900|DBLd|1|1356|1881	PF0789-C.g666	48.468	555	232	20	4	526	842	1374	4.03e-147	464
PfGA01_000006900|DBLd|1|1356|1881	PF0789-C.g666	30.409	171	93	7	332	490	282	438	2.84e-13	75.5
PfGA01_000006900|DBLd|1|1356|1881	PF0590-C.g722	49.005	553	218	15	1	526	894	1409	1.63e-145	460
PfGA01_000006900|DBLd|1|1356|1881	PF0590-C.g722	20.619	388	231	9	109	477	105	434	7.89e-13	73.9
PfGA01_000006900|CIDRb|1|1882|2132	PA0051-C.g266	78.423	241	48	4	1	239	1381	1619	4.07e-115	363
PfGA01_000006900|CIDRb|1|1882|2132	PA0017-C.g512	78.423	241	48	4	1	239	1381	1619	4.07e-115	363
PfGA01_000006900|CIDRb|1|1882|2132	PA0203-C.g755	69.200	250	72	5	2	246	1313	1562	3.67e-102	327
PfGA01_000006900|CIDRb|1|1882|2132	PA0203-C.g755	31.915	94	60	2	93	185	552	642	1.10e-08	57.8
PfGA01_000006900|CIDRb|1|1882|2132	PA0160-C.g432	65.833	240	79	2	7	243	924	1163	4.39e-100	319
PfGA01_000006900|CIDRb|1|1882|2132	PA0160-C.g432	34.483	87	55	2	82	166	148	234	1.31e-07	54.3
PfGA01_000006900|CIDRb|1|1882|2132	PC0046-C.g548	67.078	243	76	4	1	240	659	900	2.10e-98	311
PfGA01_000006900|ATS|1|2231|2685	PA0245-C.g998	82.609	460	73	4	1	455	1706	2163	0.0	751
PfGA01_000006900|ATS|1|2231|2685	PFKE09.g563	82.495	457	63	5	1	455	775	1216	0.0	722
PfGA01_000006900|ATS|1|2231|2685	PA0270-C.g443	80.525	457	85	4	1	455	2185	2639	0.0	720
PfGA01_000006900|ATS|1|2231|2685	PV0028-C.g50	78.511	470	72	5	1	455	2600	3055	0.0	703
PfGA01_000006900|ATS|1|2231|2685	PV0211-C.g126	74.556	507	75	6	1	455	841	1345	0.0	697
PfGA01_000007100|NTS|1|1|75	QG0196-C.g559	86.667	75	10	0	1	75	1	75	8.57e-27	103
PfGA01_000007100|NTS|1|1|75	PA0180-C.g661	77.419	62	13	1	12	73	5	65	2.17e-23	93.6
PfGA01_000007100|NTS|1|1|75	PA0195-C.g648	72.973	74	13	1	1	74	1	67	1.59e-22	91.3
PfGA01_000007100|NTS|1|1|75	PT0137-C.g762	72.308	65	16	1	11	75	5	67	1.67e-22	91.3
PfGA01_000007100|NTS|1|1|75	PD0474-C.g636	74.138	58	13	1	14	71	5	60	1.29e-20	85.9
PfGA01_000007100|DBLa|1|76|527	PM0060-C.g339	75.546	458	89	10	1	452	67	507	0.0	677
PfGA01_000007100|DBLa|1|76|527	PM0060-C.g339	31.224	237	107	9	62	290	920	1108	6.37e-22	101
PfGA01_000007100|DBLa|1|76|527	PM0060-C.g339	24.668	377	206	13	108	452	1536	1866	9.90e-16	82.4
PfGA01_000007100|DBLa|1|76|527	QG0196-C.g559	68.539	445	124	5	8	452	80	508	0.0	583
PfGA01_000007100|DBLa|1|76|527	QG0196-C.g559	28.022	364	177	15	1	353	918	1207	2.41e-23	105
PfGA01_000007100|DBLa|1|76|527	QG0281-C.g56	66.017	462	132	14	1	452	60	506	0.0	578
PfGA01_000007100|DBLa|1|76|527	QG0281-C.g56	27.389	314	160	11	59	369	931	1179	5.04e-24	108
PfGA01_000007100|DBLa|1|76|527	QG0281-C.g56	24.397	373	215	12	109	452	1690	2024	5.90e-17	86.3
PfGA01_000007100|DBLa|1|76|527	SenT128.08.g617	66.017	462	132	14	1	452	64	510	0.0	576
PfGA01_000007100|DBLa|1|76|527	SenT128.08.g617	27.389	314	160	11	59	369	935	1183	4.53e-24	108
PfGA01_000007100|DBLa|1|76|527	PC0065-C.g97	64.835	455	141	8	1	452	68	506	0.0	576
PfGA01_000007100|DBLa|1|76|527	PC0065-C.g97	24.932	365	196	14	126	452	1044	1368	1.08e-18	91.7
PfGA01_000007100|CIDRa|1|528|812	PM0060-C.g339	100.000	285	0	0	1	285	508	792	0.0	595
PfGA01_000007100|CIDRa|1|528|812	PF0782-C.g964	86.111	288	28	4	1	285	511	789	4.12e-155	474
PfGA01_000007100|CIDRa|1|528|812	PA0168-C.g359	81.185	287	46	4	1	285	510	790	3.32e-151	464
PfGA01_000007100|CIDRa|1|528|812	PM0146-C.g519	81.185	287	46	4	1	285	510	790	3.32e-151	464
PfGA01_000007100|CIDRa|1|528|812	PA0201-C.g618	81.185	287	46	4	1	285	520	800	3.53e-151	464
PfGA01_000007100|DBLb|1|819|1282	PH0510-C.g1147	79.713	488	73	5	1	464	46	531	0.0	753
PfGA01_000007100|DBLb|1|819|1282	PV0239-C.g64	79.713	488	73	5	1	464	799	1284	0.0	749
PfGA01_000007100|DBLb|1|819|1282	PV0239-C.g64	27.933	358	198	10	18	348	24	348	1.47e-29	125
PfGA01_000007100|DBLb|1|819|1282	PV0139-C.g76	79.713	488	73	5	1	464	799	1284	0.0	749
PfGA01_000007100|DBLb|1|819|1282	PV0139-C.g76	27.933	358	198	10	18	348	24	348	1.47e-29	125
PfGA01_000007100|DBLb|1|819|1282	PM0146-C.g315	73.253	501	91	10	1	464	768	1262	0.0	694
PfGA01_000007100|DBLb|1|819|1282	PM0146-C.g315	27.737	411	201	14	27	374	18	395	1.49e-28	122
PfGA01_000007100|DBLb|1|819|1282	PFKE08.g10	66.465	495	125	9	1	464	587	1071	0.0	631
PfGA01_000007100|DBLd|1|1364|1889	PC0058-C.g851	52.731	531	207	15	1	526	512	1003	2.18e-159	491
PfGA01_000007100|DBLd|1|1364|1889	SenT013.11.g477	51.439	556	204	17	1	526	275	794	6.33e-157	479
PfGA01_000007100|DBLd|1|1364|1889	PC0046-C.g537	52.897	535	193	17	1	526	889	1373	2.98e-153	481
PfGA01_000007100|DBLd|1|1364|1889	PC0046-C.g537	22.348	264	152	7	184	444	190	403	5.55e-08	58.5
PfGA01_000007100|DBLd|1|1364|1889	PF0789-C.g666	49.009	555	229	20	4	526	842	1374	4.10e-150	473
PfGA01_000007100|DBLd|1|1364|1889	PF0789-C.g666	30.409	171	93	7	332	490	282	438	2.09e-13	75.9
PfGA01_000007100|DBLd|1|1364|1889	PF0590-C.g722	49.186	553	217	15	1	526	894	1409	1.58e-146	463
PfGA01_000007100|DBLd|1|1364|1889	PF0590-C.g722	20.876	388	230	8	109	477	105	434	1.26e-13	76.6
PfGA01_000007100|CIDRb|1|1890|2140	PA0051-C.g266	78.423	241	48	4	1	239	1381	1619	4.07e-115	363
PfGA01_000007100|CIDRb|1|1890|2140	PA0017-C.g512	78.423	241	48	4	1	239	1381	1619	4.07e-115	363
PfGA01_000007100|CIDRb|1|1890|2140	PA0203-C.g755	69.200	250	72	5	2	246	1313	1562	3.67e-102	327
PfGA01_000007100|CIDRb|1|1890|2140	PA0203-C.g755	31.915	94	60	2	93	185	552	642	1.10e-08	57.8
PfGA01_000007100|CIDRb|1|1890|2140	PA0160-C.g432	65.833	240	79	2	7	243	924	1163	4.39e-100	319
PfGA01_000007100|CIDRb|1|1890|2140	PA0160-C.g432	34.483	87	55	2	82	166	148	234	1.31e-07	54.3
PfGA01_000007100|CIDRb|1|1890|2140	PC0046-C.g548	67.078	243	76	4	1	240	659	900	2.10e-98	311
PfGA01_000007100|ATS|1|2239|2693	PA0245-C.g998	82.609	460	73	4	1	455	1706	2163	0.0	751
PfGA01_000007100|ATS|1|2239|2693	PFKE09.g563	82.495	457	63	5	1	455	775	1216	0.0	722
PfGA01_000007100|ATS|1|2239|2693	PA0270-C.g443	80.525	457	85	4	1	455	2185	2639	0.0	720
PfGA01_000007100|ATS|1|2239|2693	PV0028-C.g50	78.511	470	72	5	1	455	2600	3055	0.0	703
PfGA01_000007100|ATS|1|2239|2693	PV0211-C.g126	74.556	507	75	6	1	455	841	1345	0.0	697
PfGA01_000007400|NTS|1|1|75	QG0196-C.g559	86.667	75	10	0	1	75	1	75	8.57e-27	103
PfGA01_000007400|NTS|1|1|75	PA0180-C.g661	77.419	62	13	1	12	73	5	65	2.17e-23	93.6
PfGA01_000007400|NTS|1|1|75	PA0195-C.g648	72.973	74	13	1	1	74	1	67	1.59e-22	91.3
PfGA01_000007400|NTS|1|1|75	PT0137-C.g762	72.308	65	16	1	11	75	5	67	1.67e-22	91.3
PfGA01_000007400|NTS|1|1|75	PD0474-C.g636	74.138	58	13	1	14	71	5	60	1.29e-20	85.9
PfGA01_000007400|DBLa|1|76|511	QG0196-C.g559	95.804	429	18	0	8	436	80	508	0.0	847
PfGA01_000007400|DBLa|1|76|511	QG0196-C.g559	29.545	352	175	15	1	341	918	1207	7.89e-26	113
PfGA01_000007400|DBLa|1|76|511	QE0472-C.g42	85.874	446	43	5	8	436	73	515	0.0	702
PfGA01_000007400|DBLa|1|76|511	QE0472-C.g42	26.429	280	148	8	123	357	1033	1299	5.70e-13	73.6
PfGA01_000007400|DBLa|1|76|511	PC0056-C.g210	86.168	441	46	4	8	436	75	512	0.0	701
PfGA01_000007400|DBLa|1|76|511	PC0056-C.g210	36.429	140	77	4	246	378	1225	1359	1.94e-17	87.8
PfGA01_000007400|DBLa|1|76|511	PF0449-C.g713	70.330	455	103	12	1	436	62	503	0.0	587
PfGA01_000007400|DBLa|1|76|511	PF0449-C.g713	25.283	265	134	5	132	350	1071	1317	1.09e-17	88.6
PfGA01_000007400|DBLa|1|76|511	PA0041-C.g480	68.889	450	116	8	1	436	69	508	0.0	584
PfGA01_000007400|DBLa|1|76|511	PA0041-C.g480	25.818	275	147	5	194	436	1142	1391	7.93e-17	85.9
PfGA01_000007400|CIDRa|1|512|813	QG0196-C.g559	98.675	302	4	0	1	302	509	810	0.0	603
PfGA01_000007400|CIDRa|1|512|813	PA0081-C.g284	65.902	305	91	5	1	298	487	785	4.00e-117	373
PfGA01_000007400|CIDRa|1|512|813	PM0153-C.g808	72.277	303	68	5	1	296	504	797	2.33e-116	369
PfGA01_000007400|CIDRa|1|512|813	PC0077-C.g735	65.372	309	82	7	1	301	298	589	2.55e-116	367
PfGA01_000007400|CIDRa|1|512|813	PM0021-C.g351	66.352	318	82	7	1	296	502	816	4.97e-115	366
PfGA01_000007400|DBLb|1|843|1320	PM0073-C.g475	99.747	396	1	0	83	478	1	396	0.0	843
PfGA01_000007400|DBLb|1|843|1320	QG0196-C.g559	93.069	404	25	2	3	406	842	1242	0.0	761
PfGA01_000007400|DBLb|1|843|1320	QG0196-C.g559	26.966	534	280	21	9	462	20	523	7.78e-29	123
PfGA01_000007400|DBLb|1|843|1320	PC0071-C.g54	62.602	492	146	13	3	478	802	1271	0.0	567
PfGA01_000007400|DBLb|1|843|1320	PC0071-C.g54	29.381	388	191	15	46	371	35	401	9.16e-32	132
PfGA01_000007400|DBLb|1|843|1320	PC0071-C.g54	25.094	267	159	7	130	371	1333	1583	1.15e-15	82.8
PfGA01_000007400|DBLb|1|843|1320	PT0299-Cx.g1821	57.086	501	182	12	3	478	818	1310	9.73e-173	537
PfGA01_000007400|DBLb|1|843|1320	PT0299-Cx.g1821	28.671	286	147	9	131	371	117	390	1.39e-21	101
PfGA01_000007400|DBLb|1|843|1320	PC0063-C.g4743	62.272	493	151	15	3	478	843	1317	5.62e-172	536
PfGA01_000007400|DBLb|1|843|1320	PC0063-C.g4743	27.346	373	208	15	53	372	44	406	1.13e-28	122
PfGA01_000007400|DBLd|1|1342|1867	PC0058-C.g851	54.717	530	198	13	1	526	512	1003	2.12e-169	517
PfGA01_000007400|DBLd|1|1342|1867	SenT013.11.g477	52.424	557	197	18	1	526	275	794	1.80e-160	488
PfGA01_000007400|DBLd|1|1342|1867	PC0046-C.g537	53.271	535	191	18	1	526	889	1373	4.14e-152	478
PfGA01_000007400|DBLd|1|1342|1867	PC0046-C.g537	21.970	264	153	6	184	444	190	403	5.05e-08	58.5
PfGA01_000007400|DBLd|1|1342|1867	PF0789-C.g666	49.374	559	226	21	1	526	840	1374	2.21e-151	476
PfGA01_000007400|DBLd|1|1342|1867	PF0789-C.g666	30.409	171	93	7	332	490	282	438	2.47e-13	75.5
PfGA01_000007400|DBLd|1|1342|1867	PFKE10.g17	47.478	575	233	17	1	526	215	769	1.40e-148	456
PfGA01_000007400|CIDRb|1|1868|2118	PA0051-C.g266	78.423	241	48	4	1	239	1381	1619	4.07e-115	363
PfGA01_000007400|CIDRb|1|1868|2118	PA0017-C.g512	78.423	241	48	4	1	239	1381	1619	4.07e-115	363
PfGA01_000007400|CIDRb|1|1868|2118	PA0203-C.g755	69.200	250	72	5	2	246	1313	1562	3.67e-102	327
PfGA01_000007400|CIDRb|1|1868|2118	PA0203-C.g755	31.915	94	60	2	93	185	552	642	1.10e-08	57.8
PfGA01_000007400|CIDRb|1|1868|2118	PA0160-C.g432	65.833	240	79	2	7	243	924	1163	4.39e-100	319
PfGA01_000007400|CIDRb|1|1868|2118	PA0160-C.g432	34.483	87	55	2	82	166	148	234	1.31e-07	54.3
PfGA01_000007400|CIDRb|1|1868|2118	PC0046-C.g548	67.078	243	76	4	1	240	659	900	2.10e-98	311
PfGA01_000007400|ATS|1|2217|2671	PA0245-C.g998	82.609	460	73	4	1	455	1706	2163	0.0	751
PfGA01_000007400|ATS|1|2217|2671	PFKE09.g563	82.495	457	63	5	1	455	775	1216	0.0	722
PfGA01_000007400|ATS|1|2217|2671	PA0270-C.g443	80.525	457	85	4	1	455	2185	2639	0.0	720
PfGA01_000007400|ATS|1|2217|2671	PV0028-C.g50	78.511	470	72	5	1	455	2600	3055	0.0	703
PfGA01_000007400|ATS|1|2217|2671	PV0211-C.g126	74.556	507	75	6	1	455	841	1345	0.0	697
PfGA01_000007700|NTS|1|1|65	PFKE09.g372	92.308	65	5	0	1	65	2	66	1.17e-33	122
PfGA01_000007700|NTS|1|1|65	PA0245-C.g929	85.185	54	8	0	12	65	17	70	1.13e-23	94.0
PfGA01_000007700|NTS|1|1|65	PC0054-C.g371	78.947	57	12	0	9	65	7	63	5.86e-23	92.0
PfGA01_000007700|NTS|1|1|65	PH0774-C.g692	75.806	62	12	1	7	65	4	65	3.25e-22	89.7
PfGA01_000007700|NTS|1|1|65	PH0769-C.g656	75.806	62	12	1	7	65	4	65	3.25e-22	89.7
PfGA01_000007700|DBLa|1|66|475	PFKE09.g372	99.512	410	2	0	1	410	67	476	0.0	861
PfGA01_000007700|DBLa|1|66|475	PFKE09.g372	30.412	194	106	8	229	410	1184	1360	9.34e-11	66.6
PfGA01_000007700|DBLa|1|66|475	SenT136.09.g1175	83.455	411	64	4	1	410	69	476	0.0	699
PfGA01_000007700|DBLa|1|66|475	PF0399-C.g202	82.482	411	68	4	1	410	69	476	0.0	691
PfGA01_000007700|DBLa|1|66|475	PF0399-C.g202	25.547	274	140	10	183	410	1033	1288	8.99e-11	66.6
PfGA01_000007700|DBLa|1|66|475	PA0185-C.g918	82.482	411	68	4	1	410	69	476	0.0	691
PfGA01_000007700|DBLa|1|66|475	QG0202-C.g668	79.126	412	79	5	1	410	66	472	0.0	660
PfGA01_000007700|DBLa|1|66|475	QG0202-C.g668	23.642	313	182	9	126	410	985	1268	3.41e-14	77.0
PfGA01_000007700|CIDRa|1|476|720	PFKE09.g372	96.327	245	9	0	1	245	477	721	3.66e-160	487
PfGA01_000007700|CIDRa|1|476|720	SenT052.11.g559	81.633	245	44	1	1	245	487	730	2.45e-133	407
PfGA01_000007700|CIDRa|1|476|720	PF0122-C.g480	81.301	246	45	1	1	245	485	730	1.16e-129	403
PfGA01_000007700|CIDRa|1|476|720	SenT136.09.g1175	77.236	246	54	2	1	245	477	721	5.29e-123	375
PfGA01_000007700|CIDRa|1|476|720	PA0185-C.g918	77.236	246	54	2	1	245	477	721	2.95e-122	375
PfGA01_000007700|DBLd|1|811|1299	PM0073-C.g411	77.309	498	93	4	1	489	837	1323	0.0	699
PfGA01_000007700|DBLd|1|811|1299	PM0073-C.g411	34.054	185	102	6	322	489	298	479	6.71e-18	89.7
PfGA01_000007700|DBLd|1|811|1299	PM0159-C.g802	51.601	531	206	14	1	489	812	1333	1.86e-148	466
PfGA01_000007700|DBLd|1|811|1299	PM0159-C.g802	34.127	126	76	4	318	442	305	424	1.07e-14	79.7
PfGA01_000007700|DBLd|1|811|1299	PT0017-CW.g594	51.479	507	201	13	1	489	1753	2232	3.82e-147	468
PfGA01_000007700|DBLd|1|811|1299	PT0017-CW.g594	30.332	422	159	15	1	419	1249	1538	2.29e-35	143
PfGA01_000007700|DBLd|1|811|1299	PT0017-CW.g594	27.336	289	160	9	178	453	178	429	1.81e-15	82.0
PfGA01_000007700|DBLd|1|811|1299	QE0455-C.g767	51.938	516	181	14	1	489	863	1338	3.82e-146	459
PfGA01_000007700|DBLd|1|811|1299	QE0455-C.g767	28.972	107	72	2	322	426	299	403	3.06e-08	58.9
PfGA01_000007700|DBLd|1|811|1299	SenT077.11.g1125	49.067	536	205	14	1	489	111	625	2.47e-144	440
PfGA01_000007700|CIDRb|1|1300|1560	PD0561-C.g367	84.170	259	37	2	1	259	1804	2058	7.01e-140	436
PfGA01_000007700|CIDRb|1|1300|1560	PT0106-C.g816	85.600	250	32	2	1	250	1389	1634	5.72e-138	428
PfGA01_000007700|CIDRb|1|1300|1560	PT0106-C.g816	30.994	171	99	5	77	244	629	783	1.31e-10	63.9
PfGA01_000007700|CIDRb|1|1300|1560	PM0152-C.g684	84.000	250	36	2	1	250	1367	1612	7.19e-135	419
PfGA01_000007700|CIDRb|1|1300|1560	PM0077-C.g4041	81.961	255	42	2	1	255	1349	1599	3.59e-132	411
PfGA01_000007700|CIDRb|1|1300|1560	QE0465-C.g96	90.566	212	19	1	1	212	816	1026	4.42e-129	392
PfGA01_000007700|ATS|1|1673|2133	PT0170-C.g672	79.830	471	72	7	1	461	1768	2225	0.0	725
PfGA01_000007700|ATS|1|1673|2133	PV0028-C.g43	75.589	467	78	9	1	461	1843	2279	0.0	682
PfGA01_000007700|ATS|1|1673|2133	PV0229-C.g26	74.233	489	72	4	1	461	1803	2265	0.0	680
PfGA01_000007700|ATS|1|1673|2133	PV0234-C.g27	74.414	512	76	8	1	461	2445	2952	0.0	671
PfGA01_000007700|ATS|1|1673|2133	PD0561-C.g263	74.784	464	106	10	1	461	2424	2879	0.0	667
PfGA01_000009400|NTS|1|1|64	PA0176-C.g599	96.875	64	2	0	1	64	1	64	1.24e-32	119
PfGA01_000009400|NTS|1|1|64	QE0464-C.g777	65.625	64	21	1	2	64	4	67	1.11e-17	76.6
PfGA01_000009400|NTS|1|1|64	PA0229-C.g705	67.797	59	17	1	7	63	8	66	3.55e-16	72.4
PfGA01_000009400|NTS|1|1|64	PF0816-C.g142	59.375	64	24	1	1	64	1	62	5.36e-16	72.0
PfGA01_000009400|NTS|1|1|64	PA0039-C.g37	64.615	65	18	2	5	64	4	68	8.26e-16	71.6
PfGA01_000009400|DBLa|1|65|491	PA0176-C.g599	86.946	429	50	2	1	427	65	489	0.0	762
PfGA01_000009400|DBLa|1|65|491	PA0176-C.g599	27.726	321	173	15	138	427	1181	1473	1.99e-15	81.3
PfGA01_000009400|DBLa|1|65|491	PA0237-C.g554	71.202	441	111	8	1	427	69	507	0.0	613
PfGA01_000009400|DBLa|1|65|491	PA0237-C.g554	27.974	311	171	9	140	427	1148	1428	4.86e-21	98.6
PfGA01_000009400|DBLa|1|65|491	PA0021-C.g21	71.202	441	111	8	1	427	69	507	0.0	612
PfGA01_000009400|DBLa|1|65|491	PA0021-C.g21	42.424	99	56	1	247	344	1284	1382	1.94e-16	84.3
PfGA01_000009400|DBLa|1|65|491	PA0029-C.g434	71.202	441	111	8	1	427	69	507	0.0	612
PfGA01_000009400|DBLa|1|65|491	PA0029-C.g434	34.555	191	98	6	247	427	1284	1457	8.46e-19	91.7
PfGA01_000009400|DBLa|1|65|491	PA0007-C.g143	71.202	441	111	8	1	427	69	507	0.0	612
PfGA01_000009400|DBLa|1|65|491	PA0007-C.g143	34.555	191	98	6	247	427	1284	1457	8.46e-19	91.7
PfGA01_000009400|CIDRa|1|492|816	PA0176-C.g599	84.242	330	39	4	1	325	490	811	2.35e-166	509
PfGA01_000009400|CIDRa|1|492|816	PF0792-C.g357	70.769	325	82	3	1	325	493	804	1.80e-140	424
PfGA01_000009400|CIDRa|1|492|816	PF0263-C.g418	75.153	326	76	3	1	325	495	816	1.71e-138	432
PfGA01_000009400|CIDRa|1|492|816	PF0263-C.g418	39.130	69	41	1	149	217	1497	1564	5.55e-08	57.0
PfGA01_000009400|CIDRa|1|492|816	PA0214-C.g743	74.320	331	75	5	1	325	494	820	5.48e-136	425
PfGA01_000009400|CIDRa|1|492|816	QE0472-C.g338	66.565	329	95	3	1	325	483	800	4.68e-134	421
PfGA01_000009400|DBLd|1|897|1399	PD0648-C.g1576	60.000	555	156	15	1	503	222	762	9.58e-176	527
PfGA01_000009400|DBLd|1|897|1399	QE0476-C.g684	61.185	523	146	14	1	503	849	1334	1.38e-168	521
PfGA01_000009400|DBLd|1|897|1399	QE0476-C.g684	27.187	320	162	13	187	491	194	457	4.27e-18	90.5
PfGA01_000009400|DBLd|1|897|1399	PD0590-C.g372	59.459	555	159	15	1	503	1773	2313	7.56e-168	527
PfGA01_000009400|DBLd|1|897|1399	PD0590-C.g372	27.097	465	189	17	1	452	1271	1598	3.36e-35	143
PfGA01_000009400|DBLd|1|897|1399	PD0590-C.g372	26.820	261	138	7	251	503	242	457	5.07e-20	96.7
PfGA01_000009400|DBLd|1|897|1399	PD0508-C.g6585	59.459	555	159	15	1	503	1773	2313	7.56e-168	527
PfGA01_000009400|DBLd|1|897|1399	PD0508-C.g6585	27.097	465	189	17	1	452	1271	1598	3.36e-35	143
PfGA01_000009400|DBLd|1|897|1399	PD0508-C.g6585	26.820	261	138	7	251	503	242	457	5.07e-20	96.7
PfGA01_000009400|DBLd|1|897|1399	PV0276-C.g90	58.378	555	165	16	1	503	436	976	9.91e-164	501
PfGA01_000009400|CIDRb|1|1400|1647	PA0149-C.g402	80.894	246	45	1	2	247	1364	1607	9.95e-125	390
PfGA01_000009400|CIDRb|1|1400|1647	PC0058-C.g625	75.502	249	53	6	3	248	1391	1634	3.63e-110	350
PfGA01_000009400|CIDRb|1|1400|1647	PM0117-C.g736	72.951	244	63	2	1	244	1361	1601	3.80e-110	350
PfGA01_000009400|CIDRb|1|1400|1647	PM0019-C.g1008	72.764	246	58	5	3	244	2280	2520	8.16e-106	338
PfGA01_000009400|CIDRb|1|1400|1647	SenT232.08.g59	72.764	246	58	5	3	244	2235	2475	9.61e-106	337
PfGA01_000009400|ATS|1|1765|2215	PC0113-C.g949	80.088	452	80	5	1	451	1702	2144	0.0	694
PfGA01_000009400|ATS|1|1765|2215	PV0028-C.g50	79.870	462	76	8	1	451	2600	3055	0.0	692
PfGA01_000009400|ATS|1|1765|2215	PC0097-C.g664	78.571	462	74	10	1	451	2364	2811	0.0	679
PfGA01_000009400|ATS|1|1765|2215	PD0590-C.g13	71.176	510	65	9	1	451	818	1304	0.0	665
PfGA01_000009400|ATS|1|1765|2215	PA0245-C.g391	76.790	461	72	9	1	451	2512	2947	0.0	664
