PfGB4_010005400|NTS|1|1|61	PT0066-C.g401	82.759	58	9	1	4	60	5	62	2.85e-24	95.5
PfGB4_010005400|NTS|1|1|61	PF0359-C.g234	82.759	58	9	1	4	60	5	62	2.93e-24	95.5
PfGB4_010005400|NTS|1|1|61	PD0481-C.g689	89.796	49	5	0	1	49	1	49	1.22e-23	93.6
PfGB4_010005400|NTS|1|1|61	PD0632-C.g749	89.796	49	5	0	1	49	1	49	1.25e-23	93.6
PfGB4_010005400|NTS|1|1|61	PD0564-C.g697	89.796	49	5	0	1	49	1	49	1.29e-23	93.6
PfGB4_010005400|DBLa|1|62|480	SenT044.10.g868	68.360	433	111	6	10	419	83	512	3.20e-180	549
PfGB4_010005400|DBLa|1|62|480	SenT044.10.g868	24.722	360	173	13	120	419	1085	1406	8.44e-19	91.7
PfGB4_010005400|DBLa|1|62|480	PA0137-C.g533	68.360	433	111	6	10	419	83	512	1.12e-179	548
PfGB4_010005400|DBLa|1|62|480	PA0137-C.g533	26.975	367	186	12	99	419	1077	1407	1.37e-17	87.8
PfGB4_010005400|DBLa|1|62|480	PV0099-C.g97	62.937	429	127	8	18	419	92	515	4.99e-173	512
PfGB4_010005400|DBLa|1|62|480	PA0152-C.g388	63.039	441	138	7	1	419	59	496	3.09e-171	523
PfGB4_010005400|DBLa|1|62|480	PA0152-C.g388	25.397	252	142	5	120	325	1066	1317	1.40e-19	94.0
PfGB4_010005400|DBLa|1|62|480	PA0161-C.g642	66.667	441	119	11	3	419	74	510	1.77e-170	523
PfGB4_010005400|DBLa|1|62|480	PA0161-C.g642	30.837	227	115	9	201	419	1219	1411	3.98e-15	80.1
PfGB4_010005400|CIDRa|1|481|809	PA0188-C.g444	69.632	326	87	5	1	322	517	834	3.39e-138	432
PfGB4_010005400|CIDRa|1|481|809	PA0173-C.g721	71.006	338	79	3	1	328	494	822	4.62e-136	426
PfGB4_010005400|CIDRa|1|481|809	QE0404-C.g284	76.636	321	70	3	1	321	514	829	1.40e-134	424
PfGB4_010005400|CIDRa|1|481|809	QE0404-C.g284	27.044	159	99	3	114	270	1415	1558	8.25e-07	53.1
PfGB4_010005400|CIDRa|1|481|809	PF0288-C.g394	64.985	337	102	7	1	327	497	827	2.32e-132	416
PfGB4_010005400|CIDRa|1|481|809	QE0428-C.g713	64.157	332	97	5	1	329	497	809	1.08e-123	391
PfGB4_010005400|DBLd|1|902|1400	PF0818-C.g688	58.167	502	163	12	18	499	856	1330	1.95e-165	512
PfGB4_010005400|DBLd|1|902|1400	PF0818-C.g688	33.945	109	69	2	333	440	282	388	9.74e-11	67.0
PfGB4_010005400|DBLd|1|902|1400	PH0643-C.g880	54.340	530	163	19	1	499	901	1382	3.49e-162	504
PfGB4_010005400|DBLd|1|902|1400	PH0643-C.g880	26.592	267	157	9	187	445	200	435	5.72e-16	83.6
PfGB4_010005400|DBLd|1|902|1400	SenT143.09.g1740	54.459	527	180	20	1	499	823	1317	3.05e-156	487
PfGB4_010005400|DBLd|1|902|1400	SenT143.09.g1740	25.490	204	114	5	248	448	250	418	6.06e-13	73.9
PfGB4_010005400|DBLd|1|902|1400	QE0474-C.g241	55.233	516	164	17	1	499	1348	1813	7.34e-155	488
PfGB4_010005400|DBLd|1|902|1400	QE0474-C.g241	27.041	196	99	7	248	442	268	420	8.31e-10	64.3
PfGB4_010005400|DBLd|1|902|1400	QE0455-C.g747	51.693	561	159	20	1	499	821	1331	3.07e-151	474
PfGB4_010005400|DBLd|1|902|1400	QE0455-C.g747	24.088	274	141	11	248	499	255	483	3.39e-09	62.0
PfGB4_010005400|CIDRb|1|1401|1655	PF0818-C.g688	99.608	255	1	0	1	255	1331	1585	4.12e-175	526
PfGB4_010005400|CIDRb|1|1401|1655	QE0474-C.g241	80.769	260	40	6	2	253	1815	2072	3.23e-120	379
PfGB4_010005400|CIDRb|1|1401|1655	QE0474-C.g241	28.704	108	64	2	68	165	563	667	4.54e-08	55.8
PfGB4_010005400|CIDRb|1|1401|1655	PC0077-C.g717	80.591	237	45	1	1	237	749	984	5.73e-119	368
PfGB4_010005400|CIDRb|1|1401|1655	QE0461-C.g716	81.092	238	42	2	2	237	1383	1619	2.30e-115	365
PfGB4_010005400|CIDRb|1|1401|1655	QE0399-C.g667	81.092	238	42	2	2	237	1383	1619	2.30e-115	365
PfGB4_010005400|ATS|1|1763|2239	PV0211-C.g126	74.853	509	92	10	1	477	841	1345	0.0	693
PfGB4_010005400|ATS|1|1763|2239	QE0436-C.g670	72.147	517	95	9	2	477	1708	2216	0.0	690
PfGB4_010005400|ATS|1|1763|2239	PV0147-C.g7	75.783	479	74	8	1	477	1761	2199	0.0	679
PfGB4_010005400|ATS|1|1763|2239	PA0245-C.g998	75.670	485	83	10	1	477	1706	2163	0.0	672
PfGB4_010005400|ATS|1|1763|2239	PD0561-C.g263	72.557	481	103	9	1	477	2424	2879	0.0	667
PfGB4_010005500|NTS|1|1|59	SenV092.05.g81	79.365	63	9	1	1	59	1	63	3.96e-24	94.7
PfGB4_010005500|NTS|1|1|59	QG0186-C.g69	79.365	63	9	1	1	59	1	63	5.36e-24	94.4
PfGB4_010005500|NTS|1|1|59	PV0258-C.g32	77.966	59	13	0	1	59	1	59	1.48e-22	90.5
PfGB4_010005500|NTS|1|1|59	PH0594-C.g364	77.966	59	13	0	1	59	1	59	3.23e-22	89.4
PfGB4_010005500|NTS|1|1|59	QG0296-C.g5074	77.966	59	12	1	1	59	1	58	3.96e-22	89.4
PfGB4_010005500|DBLa|1|60|460	PC0053-C.g410	83.791	401	62	3	1	401	60	457	0.0	694
PfGB4_010005500|DBLa|1|60|460	PC0053-C.g410	35.096	208	115	6	51	248	1664	1861	5.50e-29	122
PfGB4_010005500|DBLa|1|60|460	PC0053-C.g410	30.400	250	132	9	54	285	843	1068	4.76e-20	95.1
PfGB4_010005500|DBLa|1|60|460	PC0053-C.g410	22.082	317	176	10	22	330	2020	2273	3.19e-11	67.8
PfGB4_010005500|DBLa|1|60|460	PC0053-C.g410	22.789	294	173	10	46	327	1239	1490	5.41e-07	54.3
PfGB4_010005500|DBLa|1|60|460	PT0041-C.g89	83.791	401	62	3	1	401	60	457	0.0	693
PfGB4_010005500|DBLa|1|60|460	PT0041-C.g89	30.627	271	159	6	54	318	2418	2665	4.43e-31	128
PfGB4_010005500|DBLa|1|60|460	PT0041-C.g89	28.431	306	173	10	119	401	1744	2026	7.52e-23	103
PfGB4_010005500|DBLa|1|60|460	PT0041-C.g89	30.400	250	132	9	54	285	843	1068	5.75e-20	95.1
PfGB4_010005500|DBLa|1|60|460	PT0041-C.g89	26.396	197	111	6	48	244	2792	2954	5.27e-12	70.5
PfGB4_010005500|DBLa|1|60|460	PC0053-C.g268	83.791	401	62	3	1	401	60	457	0.0	693
PfGB4_010005500|DBLa|1|60|460	PC0053-C.g268	30.400	250	132	9	54	285	843	1068	7.16e-20	94.7
PfGB4_010005500|DBLa|1|60|460	PC0053-C.g268	24.549	277	140	11	48	318	1630	1843	5.27e-10	63.9
PfGB4_010005500|DBLa|1|60|460	PC0053-C.g268	26.190	168	102	7	88	255	2023	2168	1.96e-08	58.9
PfGB4_010005500|DBLa|1|60|460	PA0144-C.g522	81.592	402	72	2	1	401	59	459	0.0	681
PfGB4_010005500|DBLa|1|60|460	PA0144-C.g522	25.815	399	236	12	34	401	1237	1606	7.27e-25	109
PfGB4_010005500|DBLa|1|60|460	PA0144-C.g522	26.611	357	198	14	20	357	811	1122	7.30e-20	94.7
PfGB4_010005500|DBLa|1|60|460	PT0042-C.g436	81.592	402	72	2	1	401	59	459	0.0	681
PfGB4_010005500|DBLa|1|60|460	PT0042-C.g436	25.815	399	236	12	34	401	1237	1606	7.90e-25	109
PfGB4_010005500|DBLa|1|60|460	PT0042-C.g436	26.611	357	198	14	20	357	811	1122	7.17e-20	94.7
PfGB4_010005500|CIDRa|1|461|709	PM0073-C.g1430	81.855	248	45	0	1	248	453	700	2.04e-134	419
PfGB4_010005500|CIDRa|1|461|709	PA0214-C.g1025	82.041	245	44	0	1	245	461	705	2.11e-133	413
PfGB4_010005500|CIDRa|1|461|709	PC0073-C.g426	82.041	245	44	0	1	245	467	711	3.50e-133	413
PfGB4_010005500|CIDRa|1|461|709	PT0118-C.g440	82.449	245	43	0	1	245	472	716	9.12e-133	414
PfGB4_010005500|CIDRa|1|461|709	PT0118-C.g440	25.888	197	134	5	1	189	1708	1900	2.75e-10	62.4
PfGB4_010005500|CIDRa|1|461|709	PF0725-C.g34	80.000	245	48	1	1	244	455	699	2.53e-131	407
PfGB4_010005500|DBLb|1|725|1176	PA0167-C.g429	92.952	454	29	2	1	452	753	1205	0.0	877
PfGB4_010005500|DBLb|1|725|1176	PA0167-C.g429	30.333	300	168	11	14	289	18	300	3.15e-23	105
PfGB4_010005500|DBLb|1|725|1176	PA0167-C.g429	25.517	290	148	9	95	347	1253	1511	6.60e-12	70.5
PfGB4_010005500|DBLb|1|725|1176	SenT036.10.g1541	87.253	455	55	1	1	452	736	1190	0.0	829
PfGB4_010005500|DBLb|1|725|1176	SenT036.10.g1541	31.013	316	173	10	87	367	1651	1956	3.54e-35	141
PfGB4_010005500|DBLb|1|725|1176	SenT036.10.g1541	28.846	364	201	14	6	330	11	355	2.75e-25	112
PfGB4_010005500|DBLb|1|725|1176	SenT036.10.g1541	26.727	333	165	16	57	347	1198	1493	3.01e-14	77.8
PfGB4_010005500|DBLb|1|725|1176	PA0038-C.g156	75.492	457	106	3	1	452	739	1194	0.0	707
PfGB4_010005500|DBLb|1|725|1176	PA0038-C.g156	28.979	421	232	16	14	387	18	418	1.09e-32	134
PfGB4_010005500|DBLb|1|725|1176	PA0038-C.g156	25.899	278	143	9	110	347	1260	1514	7.49e-15	79.7
PfGB4_010005500|DBLb|1|725|1176	PA0038-C.g156	26.718	262	162	8	107	350	2362	2611	1.92e-14	78.6
PfGB4_010005500|DBLb|1|725|1176	PA0038-C.g156	28.641	206	102	7	106	302	2720	2889	3.03e-12	71.6
PfGB4_010005500|DBLb|1|725|1176	PV0084-C.g68	74.836	457	109	3	1	452	737	1192	0.0	698
PfGB4_010005500|DBLb|1|725|1176	PV0084-C.g68	28.538	431	241	16	4	387	6	416	1.37e-32	134
PfGB4_010005500|DBLb|1|725|1176	PV0084-C.g68	27.907	258	134	9	100	347	1989	2204	2.13e-21	100
PfGB4_010005500|DBLb|1|725|1176	PV0084-C.g68	26.225	347	177	16	45	340	1175	1493	2.02e-15	81.6
PfGB4_010005500|DBLb|1|725|1176	PV0084-C.g68	23.792	269	149	7	108	347	1639	1880	3.86e-12	71.2
PfGB4_010005500|DBLb|1|725|1176	PH0367-C.g319	74.836	457	109	3	1	452	737	1192	0.0	698
PfGB4_010005500|DBLb|1|725|1176	PH0367-C.g319	27.350	468	268	16	15	452	1599	2024	2.95e-37	147
PfGB4_010005500|DBLb|1|725|1176	PH0367-C.g319	28.538	431	241	16	4	387	6	416	1.14e-32	134
PfGB4_010005500|DBLb|1|725|1176	PH0367-C.g319	26.693	251	145	9	110	351	2078	2298	5.94e-18	89.4
PfGB4_010005500|DBLb|1|725|1176	PH0367-C.g319	25.556	270	154	8	110	348	1252	1505	3.20e-13	74.7
PfGB4_010005500|DBLg|1|1185|1539	PA0027-C.g251	71.429	357	93	4	1	355	1258	1607	1.35e-168	521
PfGB4_010005500|DBLg|1|1185|1539	PA0027-C.g251	29.781	366	181	8	1	295	1615	1975	1.15e-36	143
PfGB4_010005500|DBLg|1|1185|1539	PA0027-C.g251	26.115	314	151	14	44	301	113	401	2.60e-10	64.3
PfGB4_010005500|DBLg|1|1185|1539	PA0027-C.g251	23.103	290	163	11	32	294	873	1129	3.85e-10	63.9
PfGB4_010005500|DBLg|1|1185|1539	PA0021-C.g334	71.429	357	93	4	1	355	1258	1607	2.98e-168	521
PfGB4_010005500|DBLg|1|1185|1539	PA0021-C.g334	29.781	366	181	8	1	295	1615	1975	1.51e-36	142
PfGB4_010005500|DBLg|1|1185|1539	PA0021-C.g334	26.115	314	151	14	44	301	113	401	2.94e-10	64.3
PfGB4_010005500|DBLg|1|1185|1539	PA0021-C.g334	23.103	290	163	11	32	294	873	1129	4.28e-10	63.9
PfGB4_010005500|DBLg|1|1185|1539	PT0005-CW.g21	72.699	326	54	4	1	304	2034	2346	3.35e-140	441
PfGB4_010005500|DBLg|1|1185|1539	PT0005-CW.g21	30.288	416	168	14	1	298	1246	1657	5.31e-36	141
PfGB4_010005500|DBLg|1|1185|1539	PT0005-CW.g21	25.312	320	184	10	42	355	2915	3185	2.25e-21	98.2
PfGB4_010005500|DBLg|1|1185|1539	PT0005-CW.g21	25.676	296	145	11	41	300	869	1125	8.51e-13	72.4
PfGB4_010005500|DBLg|1|1185|1539	PT0005-CW.g21	25.194	258	137	10	40	265	112	345	7.30e-09	60.1
PfGB4_010005500|DBLg|1|1185|1539	PT0005-CW.g21	26.875	320	175	14	31	317	2513	2806	5.81e-08	57.0
PfGB4_010005500|DBLg|1|1185|1539	PT0035-C.g571	72.699	326	54	4	1	304	2060	2372	5.13e-140	441
PfGB4_010005500|DBLg|1|1185|1539	PT0035-C.g571	30.288	416	168	14	1	298	1272	1683	6.79e-36	140
PfGB4_010005500|DBLg|1|1185|1539	PT0035-C.g571	24.688	320	190	9	40	355	2939	3211	2.31e-21	98.2
PfGB4_010005500|DBLg|1|1185|1539	PT0035-C.g571	25.676	296	145	11	41	300	895	1151	8.44e-13	72.4
PfGB4_010005500|DBLg|1|1185|1539	PT0035-C.g571	26.953	256	138	9	31	245	101	348	1.68e-09	62.0
PfGB4_010005500|DBLg|1|1185|1539	PT0035-C.g571	26.875	320	175	14	31	317	2539	2832	7.57e-08	57.0
PfGB4_010005500|DBLg|1|1185|1539	QG0253-C.g2090	61.983	363	120	8	1	355	1189	1541	2.62e-130	413
PfGB4_010005500|DBLg|1|1185|1539	QG0253-C.g2090	31.467	375	186	11	1	308	1546	1916	2.61e-38	148
PfGB4_010005500|DBLg|1|1185|1539	QG0253-C.g2090	30.063	316	172	11	41	355	3102	3369	4.52e-28	118
PfGB4_010005500|DBLg|1|1185|1539	QG0253-C.g2090	27.759	299	165	13	44	312	109	386	2.49e-12	70.9
PfGB4_010005500|DBLg|1|1185|1539	QG0253-C.g2090	25.753	299	191	10	47	333	2316	2595	3.63e-12	70.5
PfGB4_010005500|DBLg|1|1185|1539	QG0253-C.g2090	22.327	318	193	10	32	316	2707	3003	2.38e-10	64.7
PfGB4_010005500|DBLg|1|1185|1539	QG0253-C.g2090	23.746	299	174	12	30	307	824	1089	9.87e-07	53.1
PfGB4_010005500|DBLd|1|1544|1952	PFKE06.g553	100.000	409	0	0	1	409	1593	2001	0.0	851
PfGB4_010005500|DBLd|1|1544|1952	PFKE06.g553	34.302	344	167	13	1	332	1225	1521	1.19e-41	159
PfGB4_010005500|DBLd|1|1544|1952	PFKE06.g553	29.568	301	161	10	148	409	201	489	4.23e-32	131
PfGB4_010005500|DBLd|1|1544|1952	PFKE06.g553	26.829	287	140	9	51	337	3013	3229	9.39e-14	75.9
PfGB4_010005500|DBLd|1|1544|1952	PFKE06.g553	24.917	301	168	11	44	338	2335	2583	4.84e-08	57.8
PfGB4_010005500|DBLd|1|1544|1952	PFKE06.g553	21.813	353	202	13	1	337	808	1102	9.86e-08	57.0
PfGB4_010005500|DBLd|1|1544|1952	QE0397-C.g581	97.066	409	8	1	1	409	1558	1962	0.0	816
PfGB4_010005500|DBLd|1|1544|1952	QE0397-C.g581	40.419	334	154	14	35	365	1229	1520	4.35e-56	201
PfGB4_010005500|DBLd|1|1544|1952	QE0397-C.g581	32.753	287	159	10	148	409	187	464	7.27e-31	127
PfGB4_010005500|DBLd|1|1544|1952	QE0397-C.g581	25.893	224	120	8	126	336	898	1088	2.35e-11	68.6
PfGB4_010005500|DBLd|1|1544|1952	QE0397-C.g581	24.138	290	151	7	51	340	2972	3192	5.06e-11	67.4
PfGB4_010005500|DBLd|1|1544|1952	QE0397-C.g581	24.759	311	170	12	38	337	2289	2546	1.52e-07	56.2
PfGB4_010005500|DBLd|1|1544|1952	PH0148-CW.g20	97.066	409	8	1	1	409	1553	1957	0.0	816
PfGB4_010005500|DBLd|1|1544|1952	PH0148-CW.g20	35.417	336	163	13	35	365	1229	1515	2.09e-45	170
PfGB4_010005500|DBLd|1|1544|1952	PH0148-CW.g20	32.753	287	159	10	148	409	187	464	6.59e-31	127
PfGB4_010005500|DBLd|1|1544|1952	PH0148-CW.g20	25.893	224	120	8	126	336	898	1088	2.74e-11	68.2
PfGB4_010005500|DBLd|1|1544|1952	PH0148-CW.g20	24.138	290	151	7	51	340	2967	3187	4.77e-11	67.4
PfGB4_010005500|DBLd|1|1544|1952	PH0148-CW.g20	24.839	310	169	12	38	336	2284	2540	1.47e-07	56.2
PfGB4_010005500|DBLd|1|1544|1952	PA0261-C.g756	97.066	409	8	1	1	409	1569	1973	0.0	816
PfGB4_010005500|DBLd|1|1544|1952	PA0261-C.g756	40.120	334	155	14	35	365	1240	1531	2.33e-55	199
PfGB4_010005500|DBLd|1|1544|1952	PA0261-C.g756	27.747	364	214	11	84	409	126	478	2.81e-26	114
PfGB4_010005500|DBLd|1|1544|1952	PA0261-C.g756	26.866	201	101	6	140	340	3050	3204	4.11e-12	70.9
PfGB4_010005500|DBLd|1|1544|1952	PA0261-C.g756	25.854	205	106	8	140	336	921	1087	8.08e-10	63.5
PfGB4_010005500|DBLd|1|1544|1952	PA0261-C.g756	25.000	240	133	8	111	345	2687	2884	1.19e-08	59.7
PfGB4_010005500|DBLd|1|1544|1952	PA0261-C.g756	24.759	311	170	12	38	337	2300	2557	1.26e-07	56.6
PfGB4_010005500|DBLd|1|1544|1952	PH0856-C.g228	97.066	409	8	1	1	409	676	1080	0.0	815
PfGB4_010005500|DBLd|1|1544|1952	PH0856-C.g228	40.120	334	155	14	35	365	347	638	3.81e-55	199
PfGB4_010005500|DBLd|1|1544|1952	PH0856-C.g228	25.893	224	120	8	126	336	16	206	2.77e-11	68.2
PfGB4_010005500|DBLd|1|1544|1952	PH0856-C.g228	24.138	290	151	7	51	340	2090	2310	5.05e-11	67.4
PfGB4_010005500|DBLd|1|1544|1952	PH0856-C.g228	24.759	311	170	12	38	337	1407	1664	1.45e-07	56.2
PfGB4_010005500|DBLe|1|2247|2587	PT0218-Cx.g834	100.000	341	0	0	1	341	2276	2616	0.0	700
PfGB4_010005500|DBLe|1|2247|2587	PT0218-Cx.g834	31.353	303	157	8	48	338	2994	3257	8.02e-29	119
PfGB4_010005500|DBLe|1|2247|2587	PT0218-Cx.g834	27.719	285	161	10	48	329	2675	2917	3.44e-16	82.4
PfGB4_010005500|DBLe|1|2247|2587	PT0218-Cx.g834	25.439	342	212	11	28	341	1238	1564	5.43e-15	78.6
PfGB4_010005500|DBLe|1|2247|2587	PT0218-Cx.g834	26.860	242	123	12	97	288	1682	1919	7.46e-09	59.7
PfGB4_010005500|DBLe|1|2247|2587	PT0218-Cx.g834	25.000	276	155	12	47	293	853	1105	1.14e-08	59.3
PfGB4_010005500|DBLe|1|2247|2587	PT0218-Cx.g834	24.662	296	150	13	57	293	124	405	5.53e-08	57.0
PfGB4_010005500|DBLe|1|2247|2587	PFKE06.g553	100.000	341	0	0	1	341	2296	2636	0.0	699
PfGB4_010005500|DBLe|1|2247|2587	PFKE06.g553	31.353	303	157	8	48	338	3014	3277	6.97e-29	120
PfGB4_010005500|DBLe|1|2247|2587	PFKE06.g553	27.682	289	164	10	48	333	2695	2941	4.78e-16	82.0
PfGB4_010005500|DBLe|1|2247|2587	PFKE06.g553	28.698	338	183	13	47	341	1266	1588	1.95e-14	77.0
PfGB4_010005500|DBLe|1|2247|2587	PFKE06.g553	25.940	266	160	10	45	289	855	1104	1.64e-10	65.1
PfGB4_010005500|DBLe|1|2247|2587	PFKE06.g553	24.917	301	168	11	40	288	1636	1930	2.70e-08	58.2
PfGB4_010005500|DBLe|1|2247|2587	PFKE06.g9	95.294	340	15	1	2	341	2307	2645	0.0	662
PfGB4_010005500|DBLe|1|2247|2587	PFKE06.g9	26.625	323	201	11	44	341	1252	1563	2.30e-16	82.8
PfGB4_010005500|DBLe|1|2247|2587	PFKE06.g9	25.753	299	168	13	12	269	804	1089	3.13e-11	67.0
PfGB4_010005500|DBLe|1|2247|2587	PFKE06.g9	26.042	288	133	14	57	286	123	388	7.40e-10	62.8
PfGB4_010005500|DBLe|1|2247|2587	PFKE06.g9	23.585	318	169	11	35	287	1638	1946	5.27e-08	57.0
PfGB4_010005500|DBLe|1|2247|2587	PFKE01.g227	95.294	340	15	1	2	341	2307	2645	0.0	662
PfGB4_010005500|DBLe|1|2247|2587	PFKE01.g227	31.353	303	157	8	48	338	3023	3286	7.81e-29	120
PfGB4_010005500|DBLe|1|2247|2587	PFKE01.g227	26.625	323	201	11	44	341	1252	1563	2.81e-16	82.4
PfGB4_010005500|DBLe|1|2247|2587	PFKE01.g227	27.719	285	161	10	48	329	2704	2946	3.20e-16	82.4
PfGB4_010005500|DBLe|1|2247|2587	PFKE01.g227	25.753	299	168	13	12	269	804	1089	3.60e-11	67.0
PfGB4_010005500|DBLe|1|2247|2587	PFKE01.g227	26.042	288	133	14	57	286	123	388	6.11e-10	63.2
PfGB4_010005500|DBLe|1|2247|2587	PFKE01.g227	23.585	318	169	11	35	287	1638	1946	6.21e-08	57.0
PfGB4_010005500|DBLe|1|2247|2587	PA0008-C.g803	95.266	338	15	1	4	341	896	1232	0.0	660
PfGB4_010005500|DBLe|1|2247|2587	PA0008-C.g803	31.353	303	157	8	48	338	1610	1873	5.85e-29	120
PfGB4_010005500|DBLe|1|2247|2587	PA0008-C.g803	27.682	289	164	10	48	333	1291	1537	3.37e-16	82.4
PfGB4_010005500|DBLe|1|2247|2587	PA0008-C.g803	23.510	302	148	13	53	288	132	416	4.95e-07	53.9
PfGB4_010005500|DBLe|2|2599|2878	PT0218-Cx.g834	100.000	280	0	0	1	280	2628	2907	0.0	576
PfGB4_010005500|DBLe|2|2599|2878	PT0218-Cx.g834	33.446	296	164	9	5	280	2954	3236	5.18e-36	139
PfGB4_010005500|DBLe|2|2599|2878	PT0218-Cx.g834	27.407	270	157	8	48	280	2323	2590	2.61e-16	81.3
PfGB4_010005500|DBLe|2|2599|2878	PT0218-Cx.g834	29.469	207	108	8	48	216	854	1060	2.43e-15	78.6
PfGB4_010005500|DBLe|2|2599|2878	PT0218-Cx.g834	23.264	288	162	9	45	280	1255	1535	2.80e-11	66.2
PfGB4_010005500|DBLe|2|2599|2878	PT0218-Cx.g834	25.112	223	117	7	46	218	113	335	1.66e-10	63.9
PfGB4_010005500|DBLe|2|2599|2878	PM0024-C.g946	99.643	280	1	0	1	280	957	1236	0.0	574
PfGB4_010005500|DBLe|2|2599|2878	PM0024-C.g946	31.188	202	115	8	101	280	720	919	2.03e-16	81.6
PfGB4_010005500|DBLe|2|2599|2878	PFKE06.g553	99.643	280	1	0	1	280	2648	2927	0.0	574
PfGB4_010005500|DBLe|2|2599|2878	PFKE06.g553	33.446	296	164	9	5	280	2974	3256	5.81e-36	138
PfGB4_010005500|DBLe|2|2599|2878	PFKE06.g553	27.407	270	157	8	48	280	2343	2610	2.82e-16	81.3
PfGB4_010005500|DBLe|2|2599|2878	PFKE06.g553	26.848	257	143	6	40	253	850	1104	1.44e-14	76.3
PfGB4_010005500|DBLe|2|2599|2878	PFKE06.g553	23.667	300	165	9	43	280	1262	1559	3.81e-13	72.0
PfGB4_010005500|DBLe|2|2599|2878	PFKE06.g553	25.652	230	116	6	44	218	118	347	1.83e-12	69.7
PfGB4_010005500|DBLe|2|2599|2878	PA0008-C.g803	99.286	280	2	0	1	280	1244	1523	0.0	574
PfGB4_010005500|DBLe|2|2599|2878	PA0008-C.g803	33.446	296	164	9	5	280	1570	1852	4.75e-36	139
PfGB4_010005500|DBLe|2|2599|2878	PA0008-C.g803	27.407	270	157	8	48	280	939	1206	2.28e-16	81.3
PfGB4_010005500|DBLe|2|2599|2878	PA0008-C.g803	21.834	229	120	6	46	215	125	353	2.35e-08	57.4
PfGB4_010005500|DBLe|2|2599|2878	PT0170-C.g353	99.286	280	2	0	1	280	1912	2191	0.0	573
PfGB4_010005500|DBLe|2|2599|2878	PT0170-C.g353	34.122	296	163	9	5	280	2238	2521	3.59e-33	130
PfGB4_010005500|DBLe|2|2599|2878	PT0170-C.g353	31.183	279	135	13	48	280	1607	1874	4.76e-20	92.4
PfGB4_010005500|DBLe|3|2921|3236	QG0200-C.g712	100.000	316	0	0	1	316	1186	1501	0.0	658
PfGB4_010005500|DBLe|3|2921|3236	QG0200-C.g712	34.219	301	155	11	5	287	868	1143	3.83e-36	140
PfGB4_010005500|DBLe|3|2921|3236	QG0200-C.g712	31.068	309	174	7	40	316	551	852	1.91e-32	129
PfGB4_010005500|DBLe|3|2921|3236	QG0200-C.g712	25.651	269	142	9	39	259	108	366	5.07e-15	78.2
PfGB4_010005500|DBLe|3|2921|3236	QE0424-C.g193	100.000	316	0	0	1	316	2233	2548	0.0	657
PfGB4_010005500|DBLe|3|2921|3236	QE0424-C.g193	34.219	301	155	11	5	287	1915	2190	3.81e-36	140
PfGB4_010005500|DBLe|3|2921|3236	QE0424-C.g193	31.068	309	174	7	40	316	1598	1899	1.71e-32	129
PfGB4_010005500|DBLe|3|2921|3236	QE0424-C.g193	25.879	313	160	12	35	276	112	423	8.79e-15	77.4
PfGB4_010005500|DBLe|3|2921|3236	QE0424-C.g193	26.115	157	78	6	96	218	977	1129	8.42e-09	59.3
PfGB4_010005500|DBLe|3|2921|3236	QE0399-C.g305	100.000	316	0	0	1	316	2233	2548	0.0	657
PfGB4_010005500|DBLe|3|2921|3236	QE0399-C.g305	34.219	301	155	11	5	287	1915	2190	3.85e-36	140
PfGB4_010005500|DBLe|3|2921|3236	QE0399-C.g305	31.068	309	174	7	40	316	1598	1899	1.74e-32	129
PfGB4_010005500|DBLe|3|2921|3236	QE0399-C.g305	25.879	313	160	12	35	276	112	423	8.63e-15	77.4
PfGB4_010005500|DBLe|3|2921|3236	QE0399-C.g305	26.115	157	78	6	96	218	977	1129	8.49e-09	59.3
PfGB4_010005500|DBLe|3|2921|3236	PD0507-C.g277	100.000	316	0	0	1	316	2603	2918	0.0	656
PfGB4_010005500|DBLe|3|2921|3236	PD0507-C.g277	34.219	301	155	11	5	287	2285	2560	4.33e-36	140
PfGB4_010005500|DBLe|3|2921|3236	PD0507-C.g277	31.068	309	174	7	40	316	1968	2269	2.21e-32	129
PfGB4_010005500|DBLe|3|2921|3236	PD0507-C.g277	27.526	287	150	12	44	279	827	1106	9.00e-17	83.6
PfGB4_010005500|DBLe|3|2921|3236	PD0507-C.g277	25.325	308	154	9	35	274	106	405	1.24e-16	83.2
PfGB4_010005500|DBLe|3|2921|3236	PD0507-C.g277	26.115	157	78	6	96	218	1347	1499	1.03e-08	58.9
PfGB4_010005500|DBLe|3|2921|3236	PFKE01.g227	100.000	316	0	0	1	316	2979	3294	0.0	656
PfGB4_010005500|DBLe|3|2921|3236	PFKE01.g227	34.448	299	157	10	5	287	2661	2936	2.06e-36	141
PfGB4_010005500|DBLe|3|2921|3236	PFKE01.g227	31.683	303	156	8	45	308	2352	2642	1.38e-31	127
PfGB4_010005500|DBLe|3|2921|3236	PFKE01.g227	27.010	311	187	8	44	316	1255	1563	5.41e-22	99.0
PfGB4_010005500|DBLe|3|2921|3236	PFKE01.g227	26.159	302	147	12	39	272	108	401	1.33e-16	83.2
PfGB4_010005500|DBLe|3|2921|3236	PFKE01.g227	26.217	267	129	9	36	247	841	1094	8.33e-16	80.5
PfGB4_010005500|DBLe|3|2921|3236	PFKE01.g227	24.880	209	114	8	97	262	1740	1948	2.50e-10	63.9
PfGB4_010005500|ATS|1|3273|3727	PV0028-C.g50	82.609	460	71	5	1	455	2600	3055	0.0	733
PfGB4_010005500|ATS|1|3273|3727	PC0097-C.g664	81.619	457	73	5	1	455	2364	2811	0.0	724
PfGB4_010005500|ATS|1|3273|3727	PA0245-C.g391	80.525	457	66	3	1	455	2512	2947	0.0	719
PfGB4_010005500|ATS|1|3273|3727	PA0245-C.g998	76.972	469	83	5	1	455	1706	2163	0.0	699
PfGB4_010005500|ATS|1|3273|3727	PV0139-C.g46	81.400	457	56	6	2	455	2379	2809	0.0	687
PfGB4_010019100|NTS|1|1|60	PM0152-C.g335	100.000	60	0	0	1	60	1	60	1.18e-32	119
PfGB4_010019100|NTS|1|1|60	PA0092-C.g201	100.000	60	0	0	1	60	1	60	2.57e-32	118
PfGB4_010019100|NTS|1|1|60	PT0080-C.g275	100.000	60	0	0	1	60	1	60	2.70e-32	118
PfGB4_010019100|NTS|1|1|60	SenP027.02.g455	98.333	60	1	0	1	60	1	60	9.28e-31	114
PfGB4_010019100|NTS|1|1|60	PM0093-C.g1011	83.333	60	10	0	1	60	1	60	8.99e-25	96.7
PfGB4_010019100|DBLa|1|61|452	PM0152-C.g335	100.000	392	0	0	1	392	61	452	0.0	821
PfGB4_010019100|DBLa|1|61|452	PM0152-C.g335	31.118	331	191	10	49	363	1737	2046	7.97e-31	127
PfGB4_010019100|DBLa|1|61|452	PM0152-C.g335	30.479	292	132	12	49	313	828	1075	1.42e-21	99.8
PfGB4_010019100|DBLa|1|61|452	PM0152-C.g335	26.573	286	152	10	47	325	2125	2359	2.92e-15	80.5
PfGB4_010019100|DBLa|1|61|452	PM0152-C.g335	22.896	297	181	9	48	323	1295	1564	4.81e-12	70.5
PfGB4_010019100|DBLa|1|61|452	PM0037-C.g1311	97.449	392	10	0	1	392	60	451	0.0	803
PfGB4_010019100|DBLa|1|61|452	PM0037-C.g1311	30.233	344	203	11	46	373	1717	2039	3.68e-37	145
PfGB4_010019100|DBLa|1|61|452	PM0037-C.g1311	34.419	215	89	11	52	238	830	1020	1.69e-24	108
PfGB4_010019100|DBLa|1|61|452	PM0037-C.g1311	25.077	323	176	11	18	335	2082	2343	5.61e-16	82.4
PfGB4_010019100|DBLa|1|61|452	PM0037-C.g1311	23.404	282	171	6	48	314	1286	1537	8.17e-12	69.7
PfGB4_010019100|DBLa|1|61|452	PA0064-C.g21	97.449	392	10	0	1	392	60	451	0.0	803
PfGB4_010019100|DBLa|1|61|452	PA0064-C.g21	30.233	344	203	11	46	373	1717	2039	3.68e-37	145
PfGB4_010019100|DBLa|1|61|452	PA0064-C.g21	34.419	215	89	11	52	238	830	1020	1.69e-24	108
PfGB4_010019100|DBLa|1|61|452	PA0064-C.g21	25.077	323	176	11	18	335	2082	2343	5.61e-16	82.4
PfGB4_010019100|DBLa|1|61|452	PA0064-C.g21	23.404	282	171	6	48	314	1286	1537	8.17e-12	69.7
PfGB4_010019100|DBLa|1|61|452	PA0052-C.g223	97.449	392	10	0	1	392	60	451	0.0	803
PfGB4_010019100|DBLa|1|61|452	PA0052-C.g223	30.233	344	203	11	46	373	1717	2039	3.68e-37	145
PfGB4_010019100|DBLa|1|61|452	PA0052-C.g223	34.419	215	89	11	52	238	830	1020	1.69e-24	108
PfGB4_010019100|DBLa|1|61|452	PA0052-C.g223	25.077	323	176	11	18	335	2082	2343	5.61e-16	82.4
PfGB4_010019100|DBLa|1|61|452	PA0052-C.g223	23.404	282	171	6	48	314	1286	1537	8.17e-12	69.7
PfGB4_010019100|DBLa|1|61|452	PA0040-C.g96	97.449	392	10	0	1	392	60	451	0.0	803
PfGB4_010019100|DBLa|1|61|452	PA0040-C.g96	30.233	344	203	11	46	373	1717	2039	3.68e-37	145
PfGB4_010019100|DBLa|1|61|452	PA0040-C.g96	34.419	215	89	11	52	238	830	1020	1.69e-24	108
PfGB4_010019100|DBLa|1|61|452	PA0040-C.g96	25.077	323	176	11	18	335	2082	2343	5.61e-16	82.4
PfGB4_010019100|DBLa|1|61|452	PA0040-C.g96	23.404	282	171	6	48	314	1286	1537	8.17e-12	69.7
PfGB4_010019100|CIDRa|1|453|707	PM0152-C.g335	100.000	255	0	0	1	255	453	707	3.82e-170	521
PfGB4_010019100|CIDRa|1|453|707	SenT046.11.g766	91.235	251	22	0	1	251	509	759	4.39e-140	436
PfGB4_010019100|CIDRa|1|453|707	PC0057-C.g600	90.040	251	25	0	1	251	520	770	4.85e-139	433
PfGB4_010019100|CIDRa|1|453|707	PC0057-C.g600	26.190	168	118	4	5	168	2316	2481	3.05e-08	56.6
PfGB4_010019100|CIDRa|1|453|707	QG0216-C.g336	89.641	251	26	0	1	251	533	783	3.92e-138	431
PfGB4_010019100|CIDRa|1|453|707	PM0152-C.g325	79.297	256	51	2	1	255	455	709	6.31e-131	410
PfGB4_010019100|DBLb|1|713|1164	PM0152-C.g335	100.000	452	0	0	1	452	713	1164	0.0	944
PfGB4_010019100|DBLb|1|713|1164	PM0152-C.g335	30.479	292	132	12	116	363	109	373	1.48e-21	100
PfGB4_010019100|DBLb|1|713|1164	PM0152-C.g335	28.947	228	118	6	116	321	1737	1942	1.25e-19	94.7
PfGB4_010019100|DBLb|1|713|1164	PM0152-C.g335	28.679	265	130	12	117	365	2128	2349	1.85e-17	87.8
PfGB4_010019100|DBLb|1|713|1164	PM0152-C.g335	25.887	282	159	10	102	356	1282	1540	1.27e-10	66.6
PfGB4_010019100|DBLb|1|713|1164	PC0071-C.g153	94.923	453	21	2	1	452	716	1167	0.0	863
PfGB4_010019100|DBLb|1|713|1164	PC0071-C.g153	29.076	368	194	13	41	378	1660	1990	1.14e-35	143
PfGB4_010019100|DBLb|1|713|1164	PC0071-C.g153	29.938	324	170	13	19	320	22	310	2.28e-25	112
PfGB4_010019100|DBLb|1|713|1164	PC0071-C.g153	23.939	330	197	14	49	371	2056	2338	4.09e-12	71.2
PfGB4_010019100|DBLb|1|713|1164	PC0071-C.g153	22.977	309	186	9	102	382	1278	1562	2.99e-09	62.0
PfGB4_010019100|DBLb|1|713|1164	PA0149-C.g85	83.002	453	74	3	1	452	724	1174	0.0	774
PfGB4_010019100|DBLb|1|713|1164	PA0149-C.g85	31.856	361	181	15	39	368	1676	2002	1.91e-35	142
PfGB4_010019100|DBLb|1|713|1164	PA0149-C.g85	30.263	304	160	12	40	320	44	318	2.07e-19	94.0
PfGB4_010019100|DBLb|1|713|1164	PA0149-C.g85	25.271	277	137	12	113	365	2125	2355	2.13e-11	68.9
PfGB4_010019100|DBLb|1|713|1164	PA0149-C.g85	22.222	315	166	11	98	362	1272	1557	7.30e-08	57.8
PfGB4_010019100|DBLb|1|713|1164	QG0297-C.g2342	76.856	458	98	3	1	452	719	1174	0.0	715
PfGB4_010019100|DBLb|1|713|1164	QG0297-C.g2342	31.769	277	145	6	66	321	1685	1938	6.56e-33	135
PfGB4_010019100|DBLb|1|713|1164	QG0297-C.g2342	29.808	312	163	14	23	310	25	304	1.65e-23	106
PfGB4_010019100|DBLb|1|713|1164	QG0297-C.g2342	29.082	196	85	8	117	305	2123	2271	6.09e-13	73.9
PfGB4_010019100|DBLb|1|713|1164	PT0303-Cx.g1723	73.304	457	112	5	1	452	734	1185	0.0	681
PfGB4_010019100|DBLb|1|713|1164	PT0303-Cx.g1723	31.408	277	146	6	66	321	1691	1944	8.50e-33	134
PfGB4_010019100|DBLb|1|713|1164	PT0303-Cx.g1723	31.699	306	158	11	40	320	49	328	1.64e-24	109
PfGB4_010019100|DBLb|1|713|1164	PT0303-Cx.g1723	29.082	196	85	8	117	305	2129	2277	5.29e-13	73.9
PfGB4_010019100|DBLb|1|713|1164	PT0303-Cx.g1723	26.537	309	166	14	118	396	1288	1565	1.30e-09	63.2
PfGB4_010019100|DBLg|1|1251|1636	PM0152-C.g335	100.000	386	0	0	1	386	1251	1636	0.0	803
PfGB4_010019100|DBLg|1|1251|1636	PM0152-C.g335	24.912	285	165	11	45	321	2126	2369	7.55e-14	75.9
PfGB4_010019100|DBLg|1|1251|1636	PM0152-C.g335	22.896	297	181	9	45	314	108	383	3.26e-12	70.9
PfGB4_010019100|DBLg|1|1251|1636	PM0152-C.g335	25.887	282	159	10	32	290	814	1068	8.73e-11	66.2
PfGB4_010019100|DBLg|1|1251|1636	PM0152-C.g335	26.415	371	211	17	46	386	1737	2075	3.89e-09	61.2
PfGB4_010019100|DBLg|1|1251|1636	PC0053-C.g586	76.726	391	84	4	1	386	1278	1666	0.0	614
PfGB4_010019100|DBLg|1|1251|1636	PC0053-C.g586	27.760	317	162	12	38	342	2143	2404	1.86e-19	93.2
PfGB4_010019100|DBLg|1|1251|1636	PC0053-C.g586	25.410	366	222	11	5	337	1718	2065	2.34e-18	89.7
PfGB4_010019100|DBLg|1|1251|1636	PC0053-C.g586	24.771	327	194	12	45	330	123	438	1.04e-13	75.5
PfGB4_010019100|DBLg|1|1251|1636	PC0053-C.g586	22.823	333	197	13	18	317	845	1150	6.09e-09	60.5
PfGB4_010019100|DBLg|1|1251|1636	PC0103-C.g471	75.515	388	80	4	1	386	737	1111	0.0	590
PfGB4_010019100|DBLg|1|1251|1636	PC0103-C.g471	28.464	267	146	7	37	298	1601	1827	3.35e-22	101
PfGB4_010019100|DBLg|1|1251|1636	PC0103-C.g471	24.557	395	226	15	32	386	1196	1558	5.20e-14	76.3
PfGB4_010019100|DBLg|1|1251|1636	PC0103-C.g471	23.304	339	188	13	32	333	309	612	5.97e-10	63.5
PfGB4_010019100|DBLg|1|1251|1636	PF0190-C.g310	75.635	394	81	6	1	386	810	1196	0.0	584
PfGB4_010019100|DBLg|1|1251|1636	PF0190-C.g310	25.263	285	164	11	45	321	1686	1929	8.05e-14	75.9
PfGB4_010019100|DBLg|1|1251|1636	PF0190-C.g310	22.327	318	183	9	44	317	122	419	4.76e-11	67.0
PfGB4_010019100|DBLg|1|1251|1636	PF0190-C.g310	26.415	371	211	17	46	386	1297	1635	5.66e-09	60.5
PfGB4_010019100|DBLg|1|1251|1636	PC0054-C.g14	72.449	392	98	6	1	386	1228	1615	0.0	576
PfGB4_010019100|DBLg|1|1251|1636	PC0054-C.g14	20.245	326	222	8	33	332	97	410	6.22e-12	70.1
PfGB4_010019100|DBLg|1|1251|1636	PC0054-C.g14	21.695	295	189	6	37	323	2095	2355	3.04e-11	67.8
PfGB4_010019100|DBLg|1|1251|1636	PC0054-C.g14	26.545	275	165	11	41	295	1712	1969	2.06e-08	58.9
PfGB4_010019100|DBLz|1|1645|2075	PA0041-C.g424	100.000	431	0	0	1	431	1617	2047	0.0	892
PfGB4_010019100|DBLz|1|1645|2075	PA0041-C.g424	31.858	339	179	14	93	402	108	423	4.82e-33	134
PfGB4_010019100|DBLz|1|1645|2075	PA0041-C.g424	31.970	269	132	14	47	289	772	1015	7.71e-22	101
PfGB4_010019100|DBLz|1|1645|2075	PA0041-C.g424	29.384	211	107	11	81	286	2084	2257	3.40e-12	71.2
PfGB4_010019100|DBLz|1|1645|2075	PA0041-C.g424	23.571	280	169	9	90	347	1260	1516	5.81e-09	60.8
PfGB4_010019100|DBLz|1|1645|2075	PM0152-C.g335	100.000	431	0	0	1	431	1645	2075	0.0	890
PfGB4_010019100|DBLz|1|1645|2075	PM0152-C.g335	30.909	330	193	9	93	402	109	423	9.31e-34	137
PfGB4_010019100|DBLz|1|1645|2075	PM0152-C.g335	27.915	283	153	7	93	354	828	1080	2.62e-22	102
PfGB4_010019100|DBLz|1|1645|2075	PM0152-C.g335	26.970	330	183	15	81	400	2112	2393	3.58e-14	77.4
PfGB4_010019100|DBLz|1|1645|2075	PM0152-C.g335	26.415	371	211	17	93	431	1296	1636	4.63e-12	70.9
PfGB4_010019100|DBLz|1|1645|2075	PF0190-C.g310	100.000	431	0	0	1	431	1205	1635	0.0	888
PfGB4_010019100|DBLz|1|1645|2075	PF0190-C.g310	29.191	346	192	11	34	347	73	397	2.32e-26	114
PfGB4_010019100|DBLz|1|1645|2075	PF0190-C.g310	27.273	330	182	15	81	400	1672	1953	2.49e-14	77.8
PfGB4_010019100|DBLz|1|1645|2075	PF0190-C.g310	25.199	377	208	18	93	431	856	1196	4.68e-12	70.9
PfGB4_010019100|DBLz|1|1645|2075	PA0202-C.g365	91.183	431	34	2	1	431	1606	2032	0.0	781
PfGB4_010019100|DBLz|1|1645|2075	PA0202-C.g365	36.396	283	151	10	94	352	115	392	3.61e-37	147
PfGB4_010019100|DBLz|1|1645|2075	PA0202-C.g365	29.024	379	198	15	26	376	782	1117	2.81e-31	129
PfGB4_010019100|DBLz|1|1645|2075	PA0202-C.g365	27.875	287	151	11	80	360	2068	2304	3.03e-19	93.2
PfGB4_010019100|DBLz|1|1645|2075	PA0202-C.g365	26.882	279	153	11	91	347	1267	1516	1.12e-14	79.0
PfGB4_010019100|DBLz|1|1645|2075	PM0086-C.g281	91.183	431	34	2	1	431	1606	2032	0.0	781
PfGB4_010019100|DBLz|1|1645|2075	PM0086-C.g281	36.396	283	151	10	94	352	115	392	3.29e-37	147
PfGB4_010019100|DBLz|1|1645|2075	PM0086-C.g281	29.024	379	198	15	26	376	782	1117	2.43e-31	129
PfGB4_010019100|DBLz|1|1645|2075	PM0086-C.g281	26.882	279	153	11	91	347	1267	1516	1.10e-14	79.0
PfGB4_010019100|DBLe|1|2081|2375	PM0152-C.g335	100.000	295	0	0	1	295	2081	2375	0.0	609
PfGB4_010019100|DBLe|1|2081|2375	PM0152-C.g335	28.679	265	130	12	48	269	829	1077	1.89e-17	85.1
PfGB4_010019100|DBLe|1|2081|2375	PM0152-C.g335	26.573	286	152	10	45	279	107	385	6.94e-16	80.5
PfGB4_010019100|DBLe|1|2081|2375	PM0152-C.g335	24.561	285	166	11	46	289	1295	1571	8.80e-14	73.9
PfGB4_010019100|DBLe|1|2081|2375	PM0152-C.g335	28.505	214	105	9	32	205	1725	1930	4.52e-12	68.9
PfGB4_010019100|DBLe|1|2081|2375	PF0190-C.g310	99.661	295	1	0	1	295	1641	1935	0.0	609
PfGB4_010019100|DBLe|1|2081|2375	PF0190-C.g310	26.019	319	169	12	8	265	85	397	1.02e-14	77.0
PfGB4_010019100|DBLe|1|2081|2375	PF0190-C.g310	24.281	313	184	12	20	289	829	1131	2.93e-14	75.5
PfGB4_010019100|DBLe|1|2081|2375	PF0190-C.g310	28.505	214	105	9	32	205	1285	1490	4.12e-12	68.9
PfGB4_010019100|DBLe|1|2081|2375	PfKE04.g776	96.949	295	9	0	1	295	1592	1886	0.0	591
PfGB4_010019100|DBLe|1|2081|2375	PfKE04.g776	28.646	192	101	7	49	205	1251	1441	7.78e-14	74.3
PfGB4_010019100|DBLe|1|2081|2375	PfKE04.g776	22.993	274	161	9	49	289	829	1085	8.04e-11	65.1
PfGB4_010019100|DBLe|1|2081|2375	PfKE04.g776	22.184	293	167	10	44	276	111	402	1.86e-08	57.8
PfGB4_010019100|DBLe|1|2081|2375	PV0182-C.g22	92.542	295	22	0	1	295	2030	2324	0.0	568
PfGB4_010019100|DBLe|1|2081|2375	PV0182-C.g22	26.950	282	163	8	46	289	1248	1524	1.87e-21	97.1
PfGB4_010019100|DBLe|1|2081|2375	PV0182-C.g22	27.465	284	150	13	47	285	833	1105	3.48e-18	87.0
PfGB4_010019100|DBLe|1|2081|2375	PV0182-C.g22	27.241	290	146	13	37	271	102	381	8.66e-16	80.1
PfGB4_010019100|DBLe|1|2081|2375	PV0182-C.g22	28.646	192	100	7	49	205	1690	1879	4.10e-13	72.0
PfGB4_010019100|DBLe|1|2081|2375	PH0367-C.g319	92.542	295	22	0	1	295	2030	2324	0.0	568
PfGB4_010019100|DBLe|1|2081|2375	PH0367-C.g319	26.877	253	145	8	49	269	848	1092	3.62e-18	87.0
PfGB4_010019100|DBLe|1|2081|2375	PH0367-C.g319	24.252	301	166	10	46	293	1249	1540	3.12e-14	75.5
PfGB4_010019100|DBLe|1|2081|2375	PH0367-C.g319	28.643	199	103	8	41	205	1686	1879	6.54e-14	74.3
PfGB4_010019100|DBLe|1|2081|2375	PH0367-C.g319	25.175	286	160	11	43	276	107	390	7.07e-12	68.2
PfGB4_010019100|ATS|1|2449|2872	PFKE07.g1065	82.710	428	67	5	1	424	1644	2068	0.0	726
PfGB4_010019100|ATS|1|2449|2872	PV0083-C.g28	82.009	428	69	6	2	424	2402	2826	0.0	696
PfGB4_010019100|ATS|1|2449|2872	PT0158-C.g224	79.446	433	73	5	1	424	2359	2784	0.0	696
PfGB4_010019100|ATS|1|2449|2872	PC0107-C.g205	80.751	426	75	7	2	424	1013	1434	0.0	688
PfGB4_010019100|ATS|1|2449|2872	PFKE11.g708	75.621	443	88	3	2	424	1919	2361	0.0	673
PfGB4_010019400|NTS|1|1|64	PM0019-C.g2066	100.000	64	0	0	1	64	1	64	5.16e-37	131
PfGB4_010019400|NTS|1|1|64	PT0042-C.g441	98.438	64	1	0	1	64	1	64	1.74e-36	130
PfGB4_010019400|NTS|1|1|64	PF0725-C.g528	82.812	64	11	0	1	64	1	64	7.14e-30	111
PfGB4_010019400|NTS|1|1|64	SenT097.09.g465	78.125	64	14	0	1	64	1	64	1.43e-28	107
PfGB4_010019400|NTS|1|1|64	PT0052-C.g787	76.562	64	15	0	1	64	1	64	3.30e-28	106
PfGB4_010019400|DBLa|1|65|471	PT0042-C.g441	94.595	407	22	0	1	407	65	471	0.0	805
PfGB4_010019400|DBLa|1|65|471	PT0042-C.g441	29.586	169	97	5	207	365	1143	1299	3.89e-11	67.8
PfGB4_010019400|DBLa|1|65|471	PM0019-C.g2066	94.349	407	23	0	1	407	65	471	0.0	804
PfGB4_010019400|DBLa|1|65|471	PM0019-C.g2066	25.725	276	153	6	93	324	978	1245	6.79e-15	79.3
PfGB4_010019400|DBLa|1|65|471	PT0242-Cx.g784	78.676	408	79	4	1	407	65	465	0.0	655
PfGB4_010019400|DBLa|1|65|471	PT0242-Cx.g784	31.313	99	63	1	226	324	1163	1256	3.31e-10	64.7
PfGB4_010019400|DBLa|1|65|471	PT0066-C.g731	77.805	410	88	2	1	407	65	474	0.0	654
PfGB4_010019400|DBLa|1|65|471	PT0066-C.g731	29.680	219	133	5	195	407	1123	1326	9.80e-17	85.1
PfGB4_010019400|DBLa|1|65|471	QG0280-C.g1201	78.049	410	79	5	1	407	65	466	0.0	642
PfGB4_010019400|DBLa|1|65|471	QG0280-C.g1201	24.633	341	177	12	122	407	969	1284	7.95e-11	66.6
PfGB4_010019400|CIDRa|1|472|721	PT0042-C.g441	99.200	250	2	0	1	250	472	721	1.37e-172	520
PfGB4_010019400|CIDRa|1|472|721	PT0042-C.g441	27.885	104	74	1	69	172	1401	1503	1.68e-07	54.3
PfGB4_010019400|CIDRa|1|472|721	PM0019-C.g2066	98.361	244	4	0	1	244	472	715	5.16e-165	499
PfGB4_010019400|CIDRa|1|472|721	PT0066-C.g731	85.200	250	34	1	1	250	475	721	1.04e-143	442
PfGB4_010019400|CIDRa|1|472|721	PC0071-C.g528	83.267	251	38	2	1	250	479	726	2.34e-136	422
PfGB4_010019400|CIDRa|1|472|721	PC0071-C.g528	25.789	190	127	7	72	250	1372	1558	4.44e-08	55.8
PfGB4_010019400|CIDRa|1|472|721	PH0643-C.g68	79.365	252	47	3	1	250	476	724	6.43e-131	397
PfGB4_010019400|DBLd|1|807|1320	PM0152-C.g633	71.626	578	84	6	11	514	933	1504	0.0	788
PfGB4_010019400|DBLd|1|807|1320	PM0152-C.g633	22.968	283	153	9	177	444	196	428	7.97e-07	54.7
PfGB4_010019400|DBLd|1|807|1320	PF0158-C.g667	53.358	551	182	13	1	514	810	1322	2.32e-152	477
PfGB4_010019400|DBLd|1|807|1320	PF0158-C.g667	32.031	128	75	4	323	444	278	399	7.30e-10	64.3
PfGB4_010019400|DBLd|1|807|1320	PF0400-C.g390	49.723	541	219	14	1	514	822	1336	7.43e-151	473
PfGB4_010019400|DBLd|1|807|1320	PF0400-C.g390	24.771	327	163	10	180	480	183	452	2.44e-09	62.8
PfGB4_010019400|DBLd|1|807|1320	SenT136.09.g324	50.000	556	213	19	1	514	1362	1894	6.78e-148	470
PfGB4_010019400|DBLd|1|807|1320	SenT136.09.g324	23.986	296	158	10	161	450	173	407	1.27e-10	67.0
PfGB4_010019400|DBLd|1|807|1320	PFKE07.g20	48.673	565	199	16	1	514	900	1424	1.25e-147	466
PfGB4_010019400|DBLd|1|807|1320	PFKE07.g20	21.352	281	160	8	177	450	180	406	2.40e-11	69.3
PfGB4_010019400|CIDRb|1|1321|1596	PM0152-C.g633	100.000	276	0	0	1	276	1505	1780	0.0	568
PfGB4_010019400|CIDRb|1|1321|1596	PT0256-C.g403	65.480	281	67	4	1	276	1859	2114	4.56e-110	351
PfGB4_010019400|CIDRb|1|1321|1596	SenT124.10.g529	68.702	262	67	3	1	259	1413	1662	7.78e-109	347
PfGB4_010019400|CIDRb|1|1321|1596	PF0609-C.g612	65.343	277	84	6	1	268	737	1010	4.08e-107	337
PfGB4_010019400|CIDRb|1|1321|1596	PM0041-C.g761	64.045	267	68	3	1	263	1548	1790	3.11e-102	328
PfGB4_010019400|ATS|1|1696|2153	PFKE09.g563	79.193	471	56	12	1	458	775	1216	0.0	683
PfGB4_010019400|ATS|1|1696|2153	PV0028-C.g31	72.973	481	82	11	1	458	1737	2192	0.0	666
PfGB4_010019400|ATS|1|1696|2153	PD0582-C.g778	78.556	471	76	7	1	458	1669	2127	0.0	662
PfGB4_010019400|ATS|1|1696|2153	PF0590-C.g528	75.000	464	80	9	1	458	2051	2484	0.0	652
PfGB4_010019400|ATS|1|1696|2153	QE0436-C.g591	76.258	497	72	8	1	458	1702	2191	0.0	649
PfGB4_030005800|NTS|1|1|61	QE0472-C.g1004	100.000	61	0	0	1	61	1	61	1.57e-34	124
PfGB4_030005800|NTS|1|1|61	PA0232-C.g893	100.000	61	0	0	1	61	1	61	2.10e-34	124
PfGB4_030005800|NTS|1|1|61	QE0483-C.g495	98.361	61	1	0	1	61	1	61	1.89e-33	121
PfGB4_030005800|NTS|1|1|61	QE0392-C.g667	98.361	61	1	0	1	61	1	61	1.89e-33	121
PfGB4_030005800|NTS|1|1|61	PM0144-C.g1027	96.721	61	2	0	1	61	1	61	3.73e-33	120
PfGB4_030005800|DBLa|1|62|524	PA0232-C.g893	95.503	467	17	2	1	463	62	528	0.0	878
PfGB4_030005800|DBLa|1|62|524	PA0232-C.g893	27.309	249	128	11	191	403	1165	1396	9.61e-10	63.5
PfGB4_030005800|DBLa|1|62|524	QE0472-C.g1004	84.648	469	36	9	1	463	62	500	0.0	776
PfGB4_030005800|DBLa|1|62|524	QE0472-C.g1004	24.268	239	141	8	192	408	1114	1334	2.69e-07	55.8
PfGB4_030005800|DBLa|1|62|524	QE0429-C.g792	84.043	470	39	9	1	463	73	513	0.0	773
PfGB4_030005800|DBLa|1|62|524	QE0483-C.g495	70.551	472	104	10	1	463	62	507	0.0	627
PfGB4_030005800|DBLa|1|62|524	QE0483-C.g495	30.435	115	74	3	240	349	1256	1369	1.46e-09	63.2
PfGB4_030005800|DBLa|1|62|524	QE0392-C.g667	70.551	472	104	10	1	463	62	507	0.0	627
PfGB4_030005800|DBLa|1|62|524	QE0392-C.g667	30.435	115	74	3	240	349	1256	1369	1.46e-09	63.2
PfGB4_030005800|CIDRa|1|525|822	PA0232-C.g893	95.302	298	14	0	1	298	529	826	0.0	582
PfGB4_030005800|CIDRa|1|525|822	QE0429-C.g792	94.966	298	13	1	1	298	514	809	0.0	576
PfGB4_030005800|CIDRa|1|525|822	PH0610-C.g690	87.919	298	30	3	1	298	509	800	1.11e-164	495
PfGB4_030005800|CIDRa|1|525|822	PH0599-C.g649	87.919	298	30	3	1	298	509	800	2.02e-162	496
PfGB4_030005800|CIDRa|1|525|822	PH0599-C.g649	37.895	95	55	2	130	224	1483	1573	6.17e-09	59.3
PfGB4_030005800|CIDRa|1|525|822	QE0472-C.g1004	85.714	308	32	2	1	298	501	806	2.75e-162	493
PfGB4_030005800|DBLd|1|913|1397	PF0456-C.g297	59.843	508	170	14	1	485	834	1330	2.88e-171	535
PfGB4_030005800|DBLd|1|913|1397	PF0456-C.g297	26.205	332	179	10	186	485	194	491	2.14e-20	97.4
PfGB4_030005800|DBLd|1|913|1397	PFKE10.g289	52.000	550	193	17	1	485	889	1432	1.38e-158	494
PfGB4_030005800|DBLd|1|913|1397	PFKE10.g289	26.056	284	144	10	242	485	262	519	5.89e-15	80.5
PfGB4_030005800|DBLd|1|913|1397	QE0461-C.g35	52.107	522	199	17	1	485	139	646	4.40e-157	474
PfGB4_030005800|DBLd|1|913|1397	SenV092.05.g397	55.106	519	195	14	1	485	2255	2769	1.57e-154	489
PfGB4_030005800|DBLd|1|913|1397	SenV092.05.g397	28.125	192	122	6	308	485	279	468	1.78e-13	75.9
PfGB4_030005800|DBLd|1|913|1397	QG0226-C.g14	53.937	508	189	12	1	485	842	1327	4.72e-152	474
PfGB4_030005800|DBLd|1|913|1397	QG0226-C.g14	27.485	342	154	14	186	485	179	468	3.11e-15	81.3
PfGB4_030005800|CIDRb|1|1398|1655	QE0481-C.g627	75.573	262	58	5	1	258	1389	1648	1.71e-115	365
PfGB4_030005800|CIDRb|1|1398|1655	QE0415-C.g655	75.573	262	58	5	1	258	1389	1648	1.71e-115	365
PfGB4_030005800|CIDRb|1|1398|1655	PH0510-C.g539	75.573	262	58	5	1	258	1447	1706	2.57e-115	365
PfGB4_030005800|CIDRb|1|1398|1655	PH0367-C.g427	75.573	262	58	5	1	258	1447	1706	2.57e-115	365
PfGB4_030005800|CIDRb|1|1398|1655	PH0516-C.g549	75.573	262	58	5	1	258	1451	1710	2.60e-115	365
PfGB4_030005800|ATS|1|1766|2211	PA0261-C.g233	85.144	451	54	5	1	446	2130	2572	0.0	701
PfGB4_030005800|ATS|1|1766|2211	PA0245-C.g998	77.234	470	71	6	1	446	1706	2163	0.0	701
PfGB4_030005800|ATS|1|1766|2211	PH0121-CW.g102	79.867	452	62	6	1	446	802	1230	0.0	698
PfGB4_030005800|ATS|1|1766|2211	PFKE09.g563	79.303	459	65	7	1	446	775	1216	0.0	696
PfGB4_030005800|ATS|1|1766|2211	PC0113-C.g949	82.222	450	69	6	1	446	1702	2144	0.0	696
PfGB4_030006000|NTS|1|1|74	PA0059-C.g387	100.000	74	0	0	1	74	1	74	3.64e-45	155
PfGB4_030006000|NTS|1|1|74	QE0470-C.g1074	100.000	74	0	0	1	74	1	74	3.97e-45	155
PfGB4_030006000|NTS|1|1|74	PT0080-C.g38	100.000	74	0	0	1	74	1	74	4.72e-45	155
PfGB4_030006000|NTS|1|1|74	PF0590-C.g46	100.000	74	0	0	1	74	1	74	5.47e-45	155
PfGB4_030006000|NTS|1|1|74	QG0208-C.g906	100.000	74	0	0	1	74	1	74	5.63e-45	155
PfGB4_030006000|DBLa|1|75|489	PA0202-C.g113	92.289	415	30	1	1	415	71	483	0.0	797
PfGB4_030006000|DBLa|1|75|489	PA0202-C.g113	31.834	289	153	9	57	335	855	1109	7.80e-32	130
PfGB4_030006000|DBLa|1|75|489	PA0202-C.g113	32.143	336	164	14	49	371	1375	1659	2.21e-30	126
PfGB4_030006000|DBLa|1|75|489	PA0202-C.g113	24.725	364	198	12	86	415	2001	2322	4.37e-15	80.1
PfGB4_030006000|DBLa|1|75|489	QG0208-C.g393	91.566	415	33	1	1	415	72	484	0.0	795
PfGB4_030006000|DBLa|1|75|489	QG0208-C.g393	32.526	289	146	11	57	335	850	1099	4.86e-32	131
PfGB4_030006000|DBLa|1|75|489	QG0208-C.g393	30.330	333	163	12	57	374	1831	2109	6.27e-30	125
PfGB4_030006000|DBLa|1|75|489	QG0208-C.g393	27.317	410	225	14	1	388	1307	1665	1.48e-27	118
PfGB4_030006000|DBLa|1|75|489	QG0208-C.g393	25.680	331	183	12	121	415	2523	2826	7.38e-16	82.4
PfGB4_030006000|DBLa|1|75|489	PF0789-C.g151	91.566	415	33	1	1	415	72	484	0.0	794
PfGB4_030006000|DBLa|1|75|489	PF0789-C.g151	31.944	288	149	10	57	335	850	1099	5.39e-32	131
PfGB4_030006000|DBLa|1|75|489	PF0789-C.g151	30.670	388	190	16	8	371	1323	1655	7.99e-29	122
PfGB4_030006000|DBLa|1|75|489	PF0789-C.g151	28.324	173	107	6	246	415	2221	2379	8.79e-07	53.9
PfGB4_030006000|DBLa|1|75|489	PM0115-C.g163	91.566	415	33	1	1	415	72	484	0.0	793
PfGB4_030006000|DBLa|1|75|489	PM0115-C.g163	31.488	289	155	8	57	335	856	1111	1.89e-31	129
PfGB4_030006000|DBLa|1|75|489	PM0115-C.g163	32.099	324	159	12	57	365	1371	1648	4.89e-31	128
PfGB4_030006000|DBLa|1|75|489	PM0115-C.g163	28.065	310	169	9	120	415	2064	2333	1.46e-24	108
PfGB4_030006000|DBLa|1|75|489	QG0290-C.g6783	76.145	415	94	1	1	415	72	481	0.0	641
PfGB4_030006000|DBLa|1|75|489	QG0290-C.g6783	30.252	357	173	16	7	336	2860	3167	4.77e-29	122
PfGB4_030006000|DBLa|1|75|489	QG0290-C.g6783	31.271	291	134	10	57	337	854	1088	3.44e-28	120
PfGB4_030006000|DBLa|1|75|489	QG0290-C.g6783	29.773	309	160	11	120	415	2243	2507	3.45e-23	105
PfGB4_030006000|DBLa|1|75|489	QG0290-C.g6783	21.812	298	191	7	53	335	1285	1555	3.78e-12	70.9
PfGB4_030006000|DBLa|1|75|489	QG0290-C.g6783	25.794	252	127	10	87	337	3369	3561	1.44e-10	65.9
PfGB4_030006000|CIDRa|1|490|736	PF0489-C.g706	100.000	247	0	0	1	247	469	715	1.91e-166	511
PfGB4_030006000|CIDRa|1|490|736	PA0158-C.g287	100.000	247	0	0	1	247	469	715	3.80e-166	510
PfGB4_030006000|CIDRa|1|490|736	PF0789-C.g151	100.000	247	0	0	1	247	485	731	4.46e-166	510
PfGB4_030006000|CIDRa|1|490|736	QG0208-C.g393	100.000	247	0	0	1	247	485	731	7.45e-166	509
PfGB4_030006000|CIDRa|1|490|736	QG0208-C.g393	27.374	179	106	4	80	245	2913	3080	5.63e-09	58.5
PfGB4_030006000|CIDRa|1|490|736	PM0160-C.g110	100.000	247	0	0	1	247	465	711	7.96e-166	509
PfGB4_030006000|DBLb|1|745|1242	PM0115-C.g163	94.990	499	24	1	1	498	740	1238	0.0	989
PfGB4_030006000|DBLb|1|745|1242	PM0115-C.g163	40.583	515	227	17	5	498	1263	1719	4.14e-96	321
PfGB4_030006000|DBLb|1|745|1242	PM0115-C.g163	27.295	403	229	14	12	371	23	404	1.04e-30	129
PfGB4_030006000|DBLb|1|745|1242	PM0115-C.g163	26.357	258	141	11	185	408	2059	2301	1.78e-10	66.2
PfGB4_030006000|DBLb|1|745|1242	PM0107-C.g536	94.990	499	24	1	1	498	132	630	0.0	989
PfGB4_030006000|DBLb|1|745|1242	PM0107-C.g536	40.583	515	227	17	5	498	655	1111	3.81e-96	321
PfGB4_030006000|DBLb|1|745|1242	PM0107-C.g536	26.357	258	141	11	185	408	1451	1693	2.02e-10	66.2
PfGB4_030006000|DBLb|1|745|1242	PA0202-C.g113	93.587	499	30	2	1	498	739	1236	0.0	970
PfGB4_030006000|DBLb|1|745|1242	PA0202-C.g113	42.023	514	215	16	5	498	1261	1711	1.84e-105	348
PfGB4_030006000|DBLb|1|745|1242	PA0202-C.g113	29.795	292	155	9	117	371	125	403	4.57e-29	124
PfGB4_030006000|DBLb|1|745|1242	PA0158-C.g287	87.059	510	54	2	1	498	724	1233	0.0	914
PfGB4_030006000|DBLb|1|745|1242	PA0158-C.g287	46.352	466	201	9	38	498	1307	1728	8.39e-119	386
PfGB4_030006000|DBLb|1|745|1242	PA0158-C.g287	31.692	325	174	12	75	371	84	388	2.79e-32	134
PfGB4_030006000|DBLb|1|745|1242	PF0489-C.g706	79.568	509	90	2	1	498	724	1229	0.0	826
PfGB4_030006000|DBLb|1|745|1242	PF0489-C.g706	37.616	537	232	20	13	498	1259	1743	7.74e-87	294
PfGB4_030006000|DBLb|1|745|1242	PF0489-C.g706	30.504	377	197	15	40	371	32	388	6.68e-32	132
PfGB4_030006000|DBLb|2|1260|1742	SenT092.08.g1524	68.648	488	137	4	3	483	406	884	0.0	675
PfGB4_030006000|DBLb|2|1260|1742	SenT092.08.g1524	41.523	407	173	9	119	483	2	385	6.37e-86	291
PfGB4_030006000|DBLb|2|1260|1742	PA0012-C.g649	67.828	488	141	4	3	483	1246	1724	0.0	662
PfGB4_030006000|DBLb|2|1260|1742	PA0012-C.g649	45.180	529	214	15	1	483	729	1227	1.31e-122	397
PfGB4_030006000|DBLb|2|1260|1742	PA0012-C.g649	31.329	316	151	14	81	360	83	368	2.04e-28	122
PfGB4_030006000|DBLb|2|1260|1742	QG0250-C.g780	68.116	483	128	5	3	483	1254	1712	0.0	657
PfGB4_030006000|DBLb|2|1260|1742	QG0250-C.g780	46.314	529	209	13	1	483	737	1236	3.71e-128	412
PfGB4_030006000|DBLb|2|1260|1742	QG0250-C.g780	29.238	407	196	19	75	434	76	437	7.90e-33	135
PfGB4_030006000|DBLb|2|1260|1742	QG0249-C.g248	68.116	483	128	5	3	483	1254	1712	0.0	657
PfGB4_030006000|DBLb|2|1260|1742	QG0249-C.g248	46.314	529	209	13	1	483	737	1236	3.71e-128	412
PfGB4_030006000|DBLb|2|1260|1742	QG0249-C.g248	29.238	407	196	19	75	434	76	437	7.90e-33	135
PfGB4_030006000|DBLb|2|1260|1742	PF0368-C.g322	67.143	490	115	9	1	483	112	562	0.0	627
PfGB4_030006000|DBLb|2|1260|1742	PF0368-C.g322	30.565	301	159	11	119	406	990	1253	1.29e-23	107
PfGB4_030006000|DBLb|2|1260|1742	PF0368-C.g322	25.430	291	159	11	116	379	621	880	4.30e-13	74.7
PfGB4_030006000|ATS|1|1777|2221	PF0513-C.g5231	83.445	447	47	8	1	445	2388	2809	0.0	720
PfGB4_030006000|ATS|1|1777|2221	PC0104-C.g272	84.375	448	55	6	1	445	2968	3403	0.0	719
PfGB4_030006000|ATS|1|1777|2221	PT0218-Cx.g21	84.000	450	52	8	2	445	2375	2810	0.0	708
PfGB4_030006000|ATS|1|1777|2221	PC0107-C.g927	82.247	445	50	9	1	441	2886	3305	0.0	697
PfGB4_030006000|ATS|1|1777|2221	PD0507-C.g826	79.258	458	65	9	1	445	2909	3349	0.0	694
PfGB4_030006600|NTS|1|1|70	PV0094-C.g18	100.000	70	0	0	1	70	1	70	1.68e-42	147
PfGB4_030006600|NTS|1|1|70	PV0286-C.g8	100.000	70	0	0	1	70	1	70	1.97e-42	147
PfGB4_030006600|NTS|1|1|70	PV0285-C.g15	100.000	70	0	0	1	70	1	70	1.97e-42	147
PfGB4_030006600|NTS|1|1|70	PD0564-C.g94	100.000	70	0	0	1	70	1	70	1.97e-42	147
PfGB4_030006600|NTS|1|1|70	SenT232.08.g335	100.000	70	0	0	1	70	1	70	2.30e-42	147
PfGB4_030006600|DBLa|1|71|462	PA0188-C.g305	100.000	392	0	0	1	392	71	462	0.0	819
PfGB4_030006600|DBLa|1|71|462	PA0188-C.g305	29.304	273	131	9	54	317	1178	1397	4.51e-21	97.8
PfGB4_030006600|DBLa|1|71|462	PA0188-C.g305	26.512	215	118	9	113	323	879	1057	1.12e-09	62.8
PfGB4_030006600|DBLa|1|71|462	PA0245-C.g806	100.000	392	0	0	1	392	71	462	0.0	817
PfGB4_030006600|DBLa|1|71|462	PA0245-C.g806	31.790	324	179	11	56	363	855	1152	2.22e-36	143
PfGB4_030006600|DBLa|1|71|462	PA0245-C.g806	27.317	205	105	6	109	313	1290	1450	5.40e-13	73.2
PfGB4_030006600|DBLa|1|71|462	PA0134-C.g682	100.000	392	0	0	1	392	71	462	0.0	817
PfGB4_030006600|DBLa|1|71|462	PA0134-C.g682	31.790	324	179	11	56	363	855	1152	2.22e-36	143
PfGB4_030006600|DBLa|1|71|462	PA0134-C.g682	27.317	205	105	6	109	313	1290	1450	5.40e-13	73.2
PfGB4_030006600|DBLa|1|71|462	PF0489-C.g707	100.000	392	0	0	1	392	71	462	0.0	817
PfGB4_030006600|DBLa|1|71|462	PF0489-C.g707	31.790	324	179	11	56	363	855	1152	2.22e-36	143
PfGB4_030006600|DBLa|1|71|462	PF0489-C.g707	27.317	205	105	6	109	313	1290	1450	5.40e-13	73.2
PfGB4_030006600|DBLa|1|71|462	PA0203-C.g64	88.636	396	41	1	1	392	71	466	0.0	741
PfGB4_030006600|DBLa|1|71|462	PA0203-C.g64	33.091	275	131	11	58	314	847	1086	6.34e-29	121
PfGB4_030006600|DBLa|1|71|462	PA0203-C.g64	26.488	336	195	12	22	333	1688	1995	1.39e-17	87.4
PfGB4_030006600|DBLa|1|71|462	PA0203-C.g64	21.884	361	208	11	95	392	2282	2631	2.73e-12	71.2
PfGB4_030006600|DBLa|1|71|462	PA0203-C.g64	23.975	317	175	9	38	325	1273	1552	2.57e-11	68.2
PfGB4_030006600|CIDRb|1|463|717	PV0169-C.g21	98.824	255	3	0	1	255	580	834	3.61e-178	519
PfGB4_030006600|CIDRb|1|463|717	PA0188-C.g305	100.000	255	0	0	1	255	463	717	1.66e-175	524
PfGB4_030006600|CIDRb|1|463|717	PA0245-C.g806	100.000	255	0	0	1	255	463	717	9.62e-175	523
PfGB4_030006600|CIDRb|1|463|717	PA0134-C.g682	100.000	255	0	0	1	255	463	717	9.62e-175	523
PfGB4_030006600|CIDRb|1|463|717	PF0489-C.g707	100.000	255	0	0	1	255	463	717	9.62e-175	523
PfGB4_030006600|DBLz|1|764|1182	PV0089-C.g31	100.000	419	0	0	1	419	2139	2557	0.0	866
PfGB4_030006600|DBLz|1|764|1182	PV0089-C.g31	34.817	382	193	16	69	419	676	1032	5.64e-50	184
PfGB4_030006600|DBLz|1|764|1182	PV0089-C.g31	32.632	285	151	10	134	391	3	273	7.28e-33	134
PfGB4_030006600|DBLz|1|764|1182	PV0089-C.g31	22.532	395	194	11	69	383	1439	1801	7.80e-15	79.3
PfGB4_030006600|DBLz|1|764|1182	PV0089-C.g31	25.510	294	157	11	77	357	2596	2840	1.11e-12	72.8
PfGB4_030006600|DBLz|1|764|1182	PV0089-C.g31	22.013	318	194	11	53	344	1049	1338	2.97e-10	65.1
PfGB4_030006600|DBLz|1|764|1182	PC0021-C.g87	100.000	419	0	0	1	419	189	607	0.0	865
PfGB4_030006600|DBLz|1|764|1182	PC0021-C.g87	25.256	293	159	11	77	357	646	890	3.59e-12	70.9
PfGB4_030006600|DBLz|1|764|1182	PA0188-C.g20	100.000	419	0	0	1	419	197	615	0.0	864
PfGB4_030006600|DBLz|1|764|1182	PA0188-C.g20	25.597	293	158	11	77	357	654	898	1.64e-12	72.0
PfGB4_030006600|DBLz|1|764|1182	PC0016-C.g56	100.000	419	0	0	1	419	2325	2743	0.0	864
PfGB4_030006600|DBLz|1|764|1182	PC0016-C.g56	33.333	396	200	12	65	419	826	1198	7.31e-48	178
PfGB4_030006600|DBLz|1|764|1182	PC0016-C.g56	32.938	337	188	10	65	371	90	418	8.95e-40	154
PfGB4_030006600|DBLz|1|764|1182	PC0016-C.g56	25.077	323	192	11	78	369	1247	1550	1.18e-16	85.1
PfGB4_030006600|DBLz|1|764|1182	PC0016-C.g56	22.619	420	204	14	53	383	1600	1987	2.95e-14	77.8
PfGB4_030006600|DBLz|1|764|1182	PC0016-C.g56	24.573	293	161	10	77	357	2782	3026	2.63e-12	71.6
PfGB4_030006600|DBLz|1|764|1182	PA0245-C.g806	100.000	419	0	0	1	419	764	1182	0.0	864
PfGB4_030006600|DBLz|1|764|1182	PA0245-C.g806	31.790	324	179	11	92	389	126	433	1.48e-35	141
PfGB4_030006600|DBLz|1|764|1182	PA0245-C.g806	25.256	293	159	10	77	357	1221	1465	1.51e-13	75.1
PfGB4_030006600|DBLe|1|1187|1507	PA0245-C.g806	100.000	321	0	0	1	321	1187	1507	0.0	666
PfGB4_030006600|DBLe|1|1187|1507	PA0245-C.g806	25.170	294	158	10	35	279	840	1120	6.42e-14	75.1
PfGB4_030006600|DBLe|1|1187|1507	PA0245-C.g806	31.724	145	73	3	104	222	179	323	2.90e-13	72.8
PfGB4_030006600|DBLe|1|1187|1507	PA0134-C.g682	100.000	321	0	0	1	321	1187	1507	0.0	666
PfGB4_030006600|DBLe|1|1187|1507	PA0134-C.g682	25.170	294	158	10	35	279	840	1120	6.42e-14	75.1
PfGB4_030006600|DBLe|1|1187|1507	PA0134-C.g682	31.724	145	73	3	104	222	179	323	2.90e-13	72.8
PfGB4_030006600|DBLe|1|1187|1507	PF0489-C.g707	100.000	321	0	0	1	321	1187	1507	0.0	666
PfGB4_030006600|DBLe|1|1187|1507	PF0489-C.g707	25.170	294	158	10	35	279	840	1120	6.42e-14	75.1
PfGB4_030006600|DBLe|1|1187|1507	PF0489-C.g707	31.724	145	73	3	104	222	179	323	2.90e-13	72.8
PfGB4_030006600|DBLe|1|1187|1507	PA0161-C.g623	97.196	321	9	0	1	321	2734	3054	0.0	650
PfGB4_030006600|DBLe|1|1187|1507	PA0161-C.g623	26.800	250	142	8	48	266	833	1072	1.02e-14	77.4
PfGB4_030006600|DBLe|1|1187|1507	PA0161-C.g623	25.170	294	158	10	35	279	2387	2667	6.49e-14	75.1
PfGB4_030006600|DBLe|1|1187|1507	PA0161-C.g623	27.206	272	149	9	50	280	1259	1522	2.11e-13	73.6
PfGB4_030006600|DBLe|1|1187|1507	PA0161-C.g623	27.982	218	123	7	28	211	103	320	6.47e-12	68.9
PfGB4_030006600|DBLe|1|1187|1507	PA0161-C.g623	21.326	347	161	12	34	281	1621	1954	1.33e-07	55.8
PfGB4_030006600|DBLe|1|1187|1507	PA0188-C.g20	97.196	321	9	0	1	321	620	940	0.0	650
PfGB4_030006600|DBLe|1|1187|1507	PA0188-C.g20	25.170	294	158	10	35	279	273	553	3.85e-14	75.5
PfGB4_030006600|ATS|1|1565|1987	PT0158-C.g302	84.787	447	42	5	1	423	2359	2803	0.0	738
PfGB4_030006600|ATS|1|1565|1987	PV0239-C.g11	85.948	427	56	4	1	423	3329	3755	0.0	736
PfGB4_030006600|ATS|1|1565|1987	PD0507-C.g210	85.748	428	54	6	1	423	3017	3442	0.0	731
PfGB4_030006600|ATS|1|1565|1987	QE0468-C.g202	83.893	447	46	7	2	423	2890	3335	0.0	729
PfGB4_030006600|ATS|1|1565|1987	PT0059-C.g77	85.349	430	55	5	1	423	3012	3440	0.0	728
PfGB4_030030800|DBLb|1|93|546	PF0609-C.g7	85.129	464	57	4	1	454	106	567	0.0	806
PfGB4_030030800|DBLb|1|93|546	PF0609-C.g7	52.119	472	195	16	1	454	611	1069	1.14e-134	429
PfGB4_030030800|DBLb|1|93|546	PT0262-C.g509	88.889	423	44	2	35	454	111	533	0.0	781
PfGB4_030030800|DBLb|1|93|546	PT0262-C.g509	50.106	471	198	14	1	454	598	1048	9.93e-133	424
PfGB4_030030800|DBLb|1|93|546	PC0061-C.g592	85.360	444	57	4	19	454	109	552	0.0	776
PfGB4_030030800|DBLb|1|93|546	PC0061-C.g592	49.590	488	198	13	1	454	594	1067	7.27e-134	427
PfGB4_030030800|DBLb|1|93|546	PM0152-C.g572	85.360	444	57	4	19	454	103	546	0.0	776
PfGB4_030030800|DBLb|1|93|546	PM0152-C.g572	49.795	488	197	13	1	454	588	1061	9.45e-135	430
PfGB4_030030800|DBLb|1|93|546	PC0073-C.g145	85.151	431	56	4	32	454	1	431	0.0	751
PfGB4_030030800|DBLb|1|93|546	PC0073-C.g145	49.590	488	198	13	1	454	473	946	5.68e-134	427
PfGB4_030030800|DBLb|2|590|1056	PM0129-C.g88	74.274	482	102	6	1	467	530	1004	0.0	699
PfGB4_030030800|DBLb|2|590|1056	PM0129-C.g88	53.965	454	179	10	18	450	26	470	2.59e-142	435
PfGB4_030030800|DBLb|2|590|1056	PA0032-C.g356	74.735	471	103	7	1	467	532	990	0.0	686
PfGB4_030030800|DBLb|2|590|1056	PA0032-C.g356	53.965	454	179	10	18	450	28	472	6.53e-137	436
PfGB4_030030800|DBLb|2|590|1056	SenT124.10.g751	72.292	480	113	5	1	467	576	1048	0.0	682
PfGB4_030030800|DBLb|2|590|1056	SenT124.10.g751	55.787	432	167	13	40	467	106	517	1.22e-146	453
PfGB4_030030800|DBLb|2|590|1056	PA0071-C.g268	68.880	482	126	6	1	467	30	502	0.0	659
PfGB4_030030800|DBLb|2|590|1056	PA0071-C.g268	53.535	495	166	15	1	467	542	1000	1.07e-147	462
PfGB4_030030800|DBLb|2|590|1056	QG0216-C.g380	70.213	470	120	10	1	467	952	1404	0.0	650
PfGB4_030030800|DBLb|2|590|1056	QG0216-C.g380	52.505	459	185	13	1	450	462	896	1.37e-133	427
PfGB4_030030800|DBLb|2|590|1056	QG0216-C.g380	49.199	437	170	16	42	467	28	423	3.47e-113	369
PfGB4_030030800|DBLd|1|1175|1670	PA0260-C.g701	52.852	526	202	16	1	496	106	615	1.37e-151	459
PfGB4_030030800|DBLd|1|1175|1670	SenT185.10.g1094	49.910	555	212	16	1	496	45	592	2.59e-148	457
PfGB4_030030800|DBLd|1|1175|1670	SenT185.10.g1094	26.872	454	185	17	1	443	914	1231	5.79e-29	123
PfGB4_030030800|DBLd|1|1175|1670	PM0060-C.g771	45.796	559	204	12	1	496	859	1381	9.03e-137	435
PfGB4_030030800|DBLd|1|1175|1670	PM0060-C.g771	33.333	111	68	2	317	427	297	401	1.06e-07	57.4
PfGB4_030030800|DBLd|1|1175|1670	SenT185.10.g1031	49.624	532	204	18	1	496	841	1344	1.98e-136	434
PfGB4_030030800|DBLd|1|1175|1670	SenT185.10.g1031	31.050	219	118	8	301	496	269	477	2.33e-15	81.6
PfGB4_030030800|DBLd|1|1175|1670	SenT052.11.g223	49.624	532	204	18	1	496	841	1344	1.98e-136	434
PfGB4_030030800|DBLd|1|1175|1670	SenT052.11.g223	31.050	219	118	8	301	496	269	477	2.33e-15	81.6
PfGB4_030030800|CIDRb|1|1671|1931	PA0214-C.g955	79.771	262	48	4	1	259	1422	1681	1.18e-122	385
PfGB4_030030800|CIDRb|1|1671|1931	PA0214-C.g955	33.333	135	65	5	46	164	597	722	2.21e-07	53.9
PfGB4_030030800|CIDRb|1|1671|1931	PA0213-C.g1197	74.016	254	64	2	1	252	1294	1547	8.84e-113	357
PfGB4_030030800|CIDRb|1|1671|1931	PA0213-C.g1197	29.412	187	111	5	73	250	559	733	6.32e-11	64.7
PfGB4_030030800|CIDRb|1|1671|1931	PA0270-C.g929	73.622	254	65	2	1	252	1414	1667	1.58e-112	357
PfGB4_030030800|CIDRb|1|1671|1931	PA0270-C.g929	32.298	161	97	6	101	249	631	791	3.42e-10	62.4
PfGB4_030030800|CIDRb|1|1671|1931	QG0196-C.g55	74.046	262	63	4	1	259	2649	2908	7.02e-111	353
PfGB4_030030800|CIDRb|1|1671|1931	QG0196-C.g55	31.707	164	106	5	84	246	550	708	8.87e-10	61.2
PfGB4_030030800|CIDRb|1|1671|1931	PF0159-C.g63	64.093	259	87	3	1	256	650	905	1.16e-104	328
PfGB4_030030800|ATS|1|2033|2493	PV0028-C.g31	75.615	488	60	10	1	461	1737	2192	0.0	694
PfGB4_030030800|ATS|1|2033|2493	PV0117-C.g64	70.644	528	67	7	1	461	1194	1700	0.0	681
PfGB4_030030800|ATS|1|2033|2493	PD0582-C.g778	77.521	476	75	7	1	461	1669	2127	0.0	676
PfGB4_030030800|ATS|1|2033|2493	PT0219-C.g578	71.206	514	64	8	1	461	1736	2218	0.0	676
PfGB4_030030800|ATS|1|2033|2493	PD0549-C.g516	73.663	486	65	8	1	461	2187	2634	0.0	673
PfGB4_030031000|NTS|1|1|74	QG0228-C.g2391	100.000	74	0	0	1	74	1	74	1.11e-40	142
PfGB4_030031000|NTS|1|1|74	PFKE10.g363	100.000	74	0	0	1	74	1	74	2.61e-40	141
PfGB4_030031000|NTS|1|1|74	PD0545-C.g191	83.784	74	12	0	1	74	1	74	7.66e-35	126
PfGB4_030031000|NTS|1|1|74	PD0569-C.g128	83.784	74	12	0	1	74	1	74	1.08e-34	125
PfGB4_030031000|NTS|1|1|74	PH0474-CW.g46	82.432	74	13	0	1	74	1	74	5.39e-34	124
PfGB4_030031000|DBLa|1|75|468	QG0228-C.g2391	100.000	394	0	0	1	394	75	468	0.0	821
PfGB4_030031000|DBLa|1|75|468	QG0228-C.g2391	28.280	343	181	10	54	367	2074	2380	9.63e-27	115
PfGB4_030031000|DBLa|1|75|468	QG0228-C.g2391	26.617	402	221	14	32	394	1283	1649	3.28e-20	95.5
PfGB4_030031000|DBLa|1|75|468	QG0228-C.g2391	24.282	383	238	17	9	370	2424	2775	4.84e-14	76.6
PfGB4_030031000|DBLa|1|75|468	QG0228-C.g2391	25.430	291	162	12	51	317	930	1189	9.44e-09	60.1
PfGB4_030031000|DBLa|1|75|468	PFKE10.g363	100.000	394	0	0	1	394	75	468	0.0	821
PfGB4_030031000|DBLa|1|75|468	PFKE10.g363	35.354	297	138	11	6	269	947	1222	1.91e-35	140
PfGB4_030031000|DBLa|1|75|468	PFKE10.g363	25.393	382	218	14	1	356	1347	1687	5.72e-17	85.5
PfGB4_030031000|DBLa|1|75|468	PFKE10.g363	23.003	313	185	11	51	343	1788	2064	3.45e-07	55.1
PfGB4_030031000|DBLa|1|75|468	PT0181-C.g1684	80.000	395	78	1	1	394	75	469	0.0	641
PfGB4_030031000|DBLa|1|75|468	PT0181-C.g1684	30.220	364	188	15	19	356	820	1143	1.60e-29	123
PfGB4_030031000|DBLa|1|75|468	PT0181-C.g1684	27.309	249	138	9	112	321	2240	2484	5.14e-13	73.6
PfGB4_030031000|DBLa|1|75|468	PT0181-C.g1684	25.725	276	153	10	54	314	1600	1838	3.22e-11	67.8
PfGB4_030031000|DBLa|1|75|468	PT0158-C.g957	79.146	398	78	5	1	394	75	471	0.0	615
PfGB4_030031000|DBLa|1|75|468	PT0158-C.g957	27.020	396	222	12	1	367	2060	2417	4.61e-30	125
PfGB4_030031000|DBLa|1|75|468	PT0158-C.g957	30.743	296	169	10	110	394	1437	1707	6.25e-24	106
PfGB4_030031000|DBLa|1|75|468	PT0158-C.g957	25.291	344	194	14	3	322	936	1240	1.52e-13	75.1
PfGB4_030031000|DBLa|1|75|468	PT0158-C.g957	20.253	316	201	8	41	344	2497	2773	1.61e-10	65.5
PfGB4_030031000|DBLa|1|75|468	PT0034-C.g229	77.975	395	84	3	1	394	75	467	0.0	612
PfGB4_030031000|DBLa|1|75|468	PT0034-C.g229	29.825	399	202	16	1	367	1973	2325	3.63e-32	131
PfGB4_030031000|DBLa|1|75|468	PT0034-C.g229	26.519	362	197	12	47	361	1251	1590	1.84e-18	90.1
PfGB4_030031000|DBLa|1|75|468	PT0034-C.g229	24.242	297	169	10	45	317	879	1143	1.48e-13	75.1
PfGB4_030031000|CIDRa|1|469|720	QG0276-C.g397	90.079	252	25	0	1	252	468	719	9.13e-153	469
PfGB4_030031000|CIDRa|1|469|720	QG0228-C.g2391	90.079	252	25	0	1	252	469	720	1.02e-151	469
PfGB4_030031000|CIDRa|1|469|720	QG0228-C.g2391	27.103	214	138	7	38	243	1689	1892	5.63e-10	61.6
PfGB4_030031000|CIDRa|1|469|720	PFKE10.g363	86.508	252	34	0	1	252	469	720	6.87e-145	449
PfGB4_030031000|CIDRa|1|469|720	QG0208-C.g308	83.730	252	41	0	1	252	478	729	6.09e-141	438
PfGB4_030031000|CIDRa|1|469|720	PA0221-C.g477	83.730	252	41	0	1	252	478	729	1.47e-140	437
PfGB4_030031000|DBLg|1|829|1182	PM0077-C.g2959	88.418	354	41	0	1	354	50	403	0.0	645
PfGB4_030031000|DBLg|1|829|1182	PM0077-C.g2959	35.783	313	150	7	28	292	437	746	6.77e-47	172
PfGB4_030031000|DBLg|1|829|1182	PT0041-C.g474	85.593	354	51	0	1	354	1265	1618	0.0	611
PfGB4_030031000|DBLg|1|829|1182	PT0041-C.g474	36.490	359	179	14	1	329	2776	3115	1.41e-53	192
PfGB4_030031000|DBLg|1|829|1182	PT0041-C.g474	30.769	325	161	8	26	296	1651	1965	2.69e-40	154
PfGB4_030031000|DBLg|1|829|1182	PT0041-C.g474	26.531	245	150	6	29	251	835	1071	2.46e-15	80.1
PfGB4_030031000|DBLg|1|829|1182	PT0041-C.g474	21.523	302	173	9	33	294	121	398	7.61e-12	69.3
PfGB4_030031000|DBLg|1|829|1182	PT0041-C.g474	26.336	262	154	8	40	291	2432	2664	2.69e-10	64.3
PfGB4_030031000|DBLg|1|829|1182	SenT015.11.g1134	77.966	354	75	1	1	354	310	660	0.0	554
PfGB4_030031000|DBLg|1|829|1182	SenT015.11.g1134	31.595	326	159	7	28	294	695	1015	4.21e-44	164
PfGB4_030031000|DBLg|1|829|1182	SenT133.11.g1037	77.966	354	75	1	1	354	858	1208	0.0	553
PfGB4_030031000|DBLg|1|829|1182	SenT133.11.g1037	31.595	326	159	7	28	294	1243	1563	5.72e-44	164
PfGB4_030031000|DBLg|1|829|1182	SenT133.11.g1037	24.679	312	178	12	7	277	83	378	1.43e-12	71.2
PfGB4_030031000|DBLg|1|829|1182	PM0114-C.g121	77.966	354	75	1	1	354	822	1172	1.22e-179	554
PfGB4_030031000|DBLg|1|829|1182	PM0114-C.g121	37.006	354	180	12	1	333	2333	2664	2.36e-57	203
PfGB4_030031000|DBLg|1|829|1182	PM0114-C.g121	35.860	343	165	13	1	291	1177	1516	5.23e-48	176
PfGB4_030031000|DBLg|1|829|1182	PM0114-C.g121	26.807	332	184	9	28	321	113	423	9.04e-19	90.5
PfGB4_030031000|DBLg|1|829|1182	PM0114-C.g121	24.731	279	168	8	32	292	1978	2232	1.09e-10	65.9
PfGB4_030031000|DBLd|1|1187|1586	PH0510-C.g767	88.861	404	40	2	1	400	1127	1529	0.0	734
PfGB4_030031000|DBLd|1|1187|1586	PH0510-C.g767	36.036	333	160	9	1	325	2277	2564	2.46e-52	190
PfGB4_030031000|DBLd|1|1187|1586	PH0510-C.g767	31.200	375	194	13	11	367	778	1106	2.67e-38	149
PfGB4_030031000|DBLd|1|1187|1586	PH0510-C.g767	30.137	292	169	8	130	400	186	463	5.92e-31	127
PfGB4_030031000|DBLd|1|1187|1586	PH0510-C.g767	25.114	219	117	7	130	331	2812	3000	8.87e-07	53.9
PfGB4_030031000|DBLd|1|1187|1586	QE0437-C.g820	88.861	404	40	2	1	400	1131	1533	0.0	734
PfGB4_030031000|DBLd|1|1187|1586	QE0437-C.g820	32.546	381	188	14	1	372	2282	2602	6.66e-43	163
PfGB4_030031000|DBLd|1|1187|1586	QE0437-C.g820	31.200	375	194	13	11	367	782	1110	2.97e-38	149
PfGB4_030031000|DBLd|1|1187|1586	QE0437-C.g820	29.457	258	148	9	130	365	189	434	1.45e-19	93.6
PfGB4_030031000|DBLd|1|1187|1586	QE0437-C.g820	23.779	307	161	12	42	332	2702	2951	4.42e-10	64.3
PfGB4_030031000|DBLd|1|1187|1586	QE0437-C.g820	22.642	371	212	13	28	372	3124	3445	1.23e-08	59.7
PfGB4_030031000|DBLd|1|1187|1586	PH0774-C.g188	88.861	404	40	2	1	400	1131	1533	0.0	734
PfGB4_030031000|DBLd|1|1187|1586	PH0774-C.g188	32.546	381	188	14	1	372	2282	2602	6.26e-43	163
PfGB4_030031000|DBLd|1|1187|1586	PH0774-C.g188	31.200	375	194	13	11	367	782	1110	2.63e-38	149
PfGB4_030031000|DBLd|1|1187|1586	PH0774-C.g188	29.457	258	148	9	130	365	189	434	1.24e-19	94.0
PfGB4_030031000|DBLd|1|1187|1586	PH0774-C.g188	23.779	307	161	12	42	332	2702	2951	4.00e-10	64.3
PfGB4_030031000|DBLd|1|1187|1586	PH0774-C.g188	22.642	371	212	13	28	372	3124	3445	1.27e-08	59.7
PfGB4_030031000|DBLd|1|1187|1586	PH0769-C.g207	88.861	404	40	2	1	400	1131	1533	0.0	734
PfGB4_030031000|DBLd|1|1187|1586	PH0769-C.g207	32.546	381	188	14	1	372	2282	2602	4.95e-43	163
PfGB4_030031000|DBLd|1|1187|1586	PH0769-C.g207	31.200	375	194	13	11	367	782	1110	2.38e-38	149
PfGB4_030031000|DBLd|1|1187|1586	PH0769-C.g207	29.457	258	148	9	130	365	189	434	1.33e-19	94.0
PfGB4_030031000|DBLd|1|1187|1586	QE0469-C.g729	88.861	404	40	2	1	400	1127	1529	0.0	733
PfGB4_030031000|DBLd|1|1187|1586	QE0469-C.g729	32.546	381	188	14	1	372	2278	2598	7.61e-43	162
PfGB4_030031000|DBLd|1|1187|1586	QE0469-C.g729	31.200	375	194	13	11	367	778	1106	3.05e-38	149
PfGB4_030031000|DBLd|1|1187|1586	QE0469-C.g729	30.450	289	166	8	133	400	189	463	5.92e-31	127
PfGB4_030031000|DBLd|1|1187|1586	QE0469-C.g729	23.779	307	161	12	42	332	2698	2947	4.35e-10	64.3
PfGB4_030031000|DBLd|1|1187|1586	QE0469-C.g729	22.642	371	212	13	28	372	3120	3441	1.22e-08	59.7
PfGB4_030031000|CIDRb|1|1587|1841	PT0158-C.g21	80.156	257	48	2	1	255	2006	2261	2.87e-126	397
PfGB4_030031000|CIDRb|1|1587|1841	PT0158-C.g21	25.103	243	144	8	20	237	488	717	2.32e-08	57.0
PfGB4_030031000|CIDRb|1|1587|1841	PC0103-C.g200	83.966	237	37	1	20	255	1362	1598	8.57e-124	389
PfGB4_030031000|CIDRb|1|1587|1841	PM0161-C.g1643	75.889	253	61	0	3	255	1626	1878	1.32e-122	386
PfGB4_030031000|CIDRb|1|1587|1841	PM0161-C.g1643	29.787	235	158	5	26	255	492	724	7.05e-24	102
PfGB4_030031000|CIDRb|1|1587|1841	SenT097.09.g372	73.518	253	67	0	3	255	460	712	4.26e-120	378
PfGB4_030031000|CIDRb|1|1587|1841	PV0211-C.g36	73.047	256	68	1	1	255	2446	2701	1.71e-119	377
PfGB4_030031000|CIDRb|1|1587|1841	PV0211-C.g36	25.287	174	108	4	20	175	478	647	7.27e-09	58.5
PfGB4_030031000|DBLb|1|1876|2324	PC0061-C.g354	71.586	454	118	6	1	449	713	1160	0.0	642
PfGB4_030031000|DBLb|1|1876|2324	PC0061-C.g354	25.292	257	146	10	120	355	1212	1443	5.14e-11	67.8
PfGB4_030031000|DBLb|1|1876|2324	PA0161-C.g176	73.970	461	101	8	1	449	1903	2356	0.0	635
PfGB4_030031000|DBLb|1|1876|2324	PA0161-C.g176	28.333	360	205	14	8	331	4	346	1.85e-26	115
PfGB4_030031000|DBLb|1|1876|2324	PA0161-C.g176	24.069	349	176	15	73	356	830	1154	2.68e-08	58.9
PfGB4_030031000|DBLb|1|1876|2324	PM0096-C.g40	71.058	463	117	3	1	449	1921	2380	0.0	620
PfGB4_030031000|DBLb|1|1876|2324	PM0096-C.g40	29.700	367	185	16	52	355	48	404	6.46e-26	114
PfGB4_030031000|DBLb|1|1876|2324	PM0096-C.g40	23.793	290	167	10	67	319	844	1116	6.57e-09	60.8
PfGB4_030031000|DBLb|1|1876|2324	PA0134-C.g241	68.387	465	118	8	1	449	1820	2271	0.0	616
PfGB4_030031000|DBLb|1|1876|2324	PA0134-C.g241	27.273	385	211	17	24	355	20	388	4.40e-24	108
PfGB4_030031000|DBLb|1|1876|2324	PA0134-C.g241	22.807	285	158	10	118	355	2342	2611	6.08e-09	61.2
PfGB4_030031000|DBLb|1|1876|2324	PF0789-C.g133	68.387	465	118	8	1	449	1820	2271	0.0	616
PfGB4_030031000|DBLb|1|1876|2324	PF0789-C.g133	27.273	385	211	17	24	355	20	388	4.48e-24	108
PfGB4_030031000|DBLb|1|1876|2324	PF0789-C.g133	22.807	285	158	10	118	355	2342	2611	6.08e-09	61.2
PfGB4_030031000|DBLg|2|2334|2720	PF0489-C.g117	100.000	387	0	0	1	387	2424	2810	0.0	805
PfGB4_030031000|DBLg|2|2334|2720	PF0489-C.g117	36.928	306	166	9	1	300	903	1187	3.75e-56	201
PfGB4_030031000|DBLg|2|2334|2720	PF0489-C.g117	29.610	385	209	11	1	329	1255	1633	2.58e-38	149
PfGB4_030031000|DBLg|2|2334|2720	PF0489-C.g117	29.104	402	224	13	9	387	2051	2414	4.42e-38	148
PfGB4_030031000|DBLg|2|2334|2720	PF0489-C.g117	24.581	358	215	13	42	366	125	460	2.83e-14	77.4
PfGB4_030031000|DBLg|2|2334|2720	PF0152-C.g158	100.000	387	0	0	1	387	2749	3135	0.0	801
PfGB4_030031000|DBLg|2|2334|2720	PF0152-C.g158	37.647	340	169	11	1	327	1234	1543	2.78e-58	207
PfGB4_030031000|DBLg|2|2334|2720	PF0152-C.g158	33.143	350	179	12	1	307	1587	1924	1.27e-44	167
PfGB4_030031000|DBLg|2|2334|2720	PF0152-C.g158	29.104	402	224	13	9	387	2376	2739	4.58e-38	148
PfGB4_030031000|DBLg|2|2334|2720	PF0152-C.g158	27.358	424	238	14	12	387	818	1219	1.38e-32	132
PfGB4_030031000|DBLg|2|2334|2720	PF0152-C.g158	26.174	298	170	8	41	308	128	405	6.10e-14	76.3
PfGB4_030031000|DBLg|2|2334|2720	PA0030-C.g1632	66.580	386	129	0	2	387	1472	1857	3.30e-175	536
PfGB4_030031000|DBLg|2|2334|2720	PA0030-C.g1632	37.845	399	213	12	1	387	1080	1455	2.68e-79	268
PfGB4_030031000|DBLg|2|2334|2720	PA0030-C.g1632	24.783	460	240	17	1	387	636	1062	1.44e-23	105
PfGB4_030031000|DBLg|2|2334|2720	PA0030-C.g1632	24.171	211	128	6	117	302	34	237	4.71e-08	57.8
PfGB4_030031000|DBLg|2|2334|2720	PC0069-C.g174	67.442	387	118	4	1	387	1221	1599	1.75e-171	532
PfGB4_030031000|DBLg|2|2334|2720	PC0069-C.g174	25.591	508	204	18	3	366	1804	2281	5.32e-25	109
PfGB4_030031000|DBLg|2|2334|2720	PC0069-C.g174	27.960	397	198	16	47	387	842	1206	8.13e-20	94.4
PfGB4_030031000|DBLg|2|2334|2720	PC0069-C.g174	25.159	314	184	13	5	286	78	372	1.08e-11	69.3
PfGB4_030031000|DBLg|2|2334|2720	PC0054-C.g594	66.757	370	118	1	18	387	1587	1951	1.76e-161	504
PfGB4_030031000|DBLg|2|2334|2720	PC0054-C.g594	38.534	423	201	14	1	387	1153	1552	1.48e-81	274
PfGB4_030031000|DBLg|2|2334|2720	PC0054-C.g594	27.342	395	212	14	47	387	764	1137	3.19e-30	125
PfGB4_030031000|DBLg|2|2334|2720	PC0054-C.g594	24.235	392	186	12	43	330	2169	2553	1.21e-25	111
PfGB4_030031000|DBLg|2|2334|2720	PC0054-C.g594	24.746	295	186	7	39	311	41	321	2.28e-12	71.2
PfGB4_030031000|ATS|1|2906|3350	PfKE02.g7	100.000	445	0	0	1	445	2941	3385	0.0	916
PfGB4_030031000|ATS|1|2906|3350	PC0104-C.g47	87.305	449	52	3	1	445	3045	3492	0.0	787
PfGB4_030031000|ATS|1|2906|3350	PT0256-C.g286	85.491	448	61	2	1	445	2267	2713	0.0	761
PfGB4_030031000|ATS|1|2906|3350	PF0145-C.g277	86.414	449	48	3	1	445	3288	3727	0.0	759
PfGB4_030031000|ATS|1|2906|3350	PF0122-C.g545	85.843	445	56	1	1	445	3291	3728	0.0	758
PfGB4_030031100|NTS|1|1|70	SenT097.11.g538	100.000	70	0	0	1	70	1	70	3.82e-41	144
PfGB4_030031100|NTS|1|1|70	QG0287-C.g626	100.000	70	0	0	1	70	1	70	1.99e-39	139
PfGB4_030031100|NTS|1|1|70	PF0282-C.g320	72.727	55	15	0	16	70	10	64	1.48e-19	82.4
PfGB4_030031100|NTS|1|1|70	PF0737-C.g267	74.545	55	14	0	16	70	10	64	4.19e-19	81.3
PfGB4_030031100|NTS|1|1|70	PT0014-CW.g32	72.727	55	15	0	16	70	10	64	8.14e-19	80.5
PfGB4_030031100|DBLa|1|71|505	SenT097.11.g538	93.333	435	23	2	1	435	71	499	0.0	806
PfGB4_030031100|DBLa|1|71|505	SenT097.11.g538	28.025	157	80	6	184	334	1006	1135	8.81e-07	53.9
PfGB4_030031100|DBLa|1|71|505	QG0287-C.g626	82.299	435	61	4	1	435	71	489	0.0	724
PfGB4_030031100|DBLa|1|71|505	QG0287-C.g626	30.846	201	110	7	237	435	1183	1356	6.87e-13	73.6
PfGB4_030031100|DBLa|1|71|505	PA0260-C.g770	80.180	444	79	4	1	435	76	519	0.0	707
PfGB4_030031100|DBLa|1|71|505	PA0260-C.g770	24.225	355	205	10	110	435	1057	1376	7.31e-17	85.9
PfGB4_030031100|DBLa|1|71|505	QG0261-C.g795	80.449	445	77	4	1	435	70	514	0.0	703
PfGB4_030031100|DBLa|1|71|505	QG0261-C.g795	24.148	352	191	9	122	435	1054	1367	8.87e-14	76.3
PfGB4_030031100|DBLa|1|71|505	QG0246-C.g3123	78.733	442	78	9	1	435	68	500	0.0	688
PfGB4_030031100|DBLa|1|71|505	QG0246-C.g3123	35.270	241	113	6	57	292	909	1111	2.92e-33	135
PfGB4_030031100|DBLa|1|71|505	QG0246-C.g3123	22.823	333	184	10	125	435	1545	1826	1.25e-08	60.1
PfGB4_030031100|CIDRa|1|506|793	PF0158-C.g589	94.755	286	13	2	1	284	505	790	3.71e-161	493
PfGB4_030031100|CIDRa|1|506|793	PH0604-C.g5	70.242	289	80	6	1	285	517	803	2.59e-121	374
PfGB4_030031100|CIDRa|1|506|793	PH0585-C.g799	70.242	289	80	6	1	285	517	803	2.59e-121	374
PfGB4_030031100|CIDRa|1|506|793	QE0464-C.g787	70.242	289	80	6	1	285	517	803	1.94e-117	372
PfGB4_030031100|CIDRa|1|506|793	PC0047-C.g12	64.068	295	80	7	1	285	501	779	3.93e-110	352
PfGB4_030031100|DBLd|1|900|1405	PA0052-C.g4	54.614	531	182	14	1	506	531	1027	1.91e-165	506
PfGB4_030031100|DBLd|1|900|1405	PA0020-C.g362	54.614	531	182	14	1	506	910	1406	9.27e-163	506
PfGB4_030031100|DBLd|1|900|1405	PA0020-C.g362	30.811	185	99	7	259	439	256	415	2.09e-15	82.0
PfGB4_030031100|DBLd|1|900|1405	PfKE04.g16	52.717	552	205	14	1	506	2591	3132	6.01e-161	508
PfGB4_030031100|DBLd|1|900|1405	PfKE04.g16	40.190	525	240	21	1	506	901	1370	1.32e-84	288
PfGB4_030031100|DBLd|1|900|1405	PfKE04.g16	30.000	270	132	11	259	506	2026	2260	6.53e-18	90.1
PfGB4_030031100|DBLd|1|900|1405	PfKE04.g16	29.010	293	157	13	236	506	233	496	4.17e-17	87.4
PfGB4_030031100|DBLd|1|900|1405	QE0466-C.g777	54.894	521	192	16	1	506	898	1390	1.19e-159	498
PfGB4_030031100|DBLd|1|900|1405	QE0466-C.g777	23.723	274	161	8	179	436	163	404	2.45e-12	72.4
PfGB4_030031100|DBLd|1|900|1405	PT0184-C.g8	53.918	536	185	15	1	506	862	1365	4.41e-159	500
PfGB4_030031100|DBLd|1|900|1405	PT0184-C.g8	26.909	275	151	10	182	448	168	400	4.10e-18	90.5
PfGB4_030031100|CIDRg|1|1406|1679	PF0207-C.g472	86.275	255	30	2	20	274	1445	1694	3.48e-145	448
PfGB4_030031100|CIDRg|1|1406|1679	PA0160-C.g2306	72.924	277	63	7	1	274	635	902	9.27e-130	394
PfGB4_030031100|CIDRg|1|1406|1679	PC0059-C.g241	74.368	277	62	6	1	274	1349	1619	1.29e-129	405
PfGB4_030031100|CIDRg|1|1406|1679	PC0047-C.g251	75.769	260	59	2	15	274	1322	1577	9.46e-128	400
PfGB4_030031100|CIDRg|1|1406|1679	PC0047-C.g361	72.593	270	66	3	1	270	1367	1628	1.02e-127	400
PfGB4_030031100|CIDRg|1|1406|1679	PC0047-C.g361	28.713	101	63	2	93	186	565	663	5.79e-07	53.1
PfGB4_030031100|ATS|1|1783|2261	PA0245-C.g998	82.881	479	61	5	1	479	1706	2163	0.0	765
PfGB4_030031100|ATS|1|1783|2261	PV0028-C.g50	79.794	485	63	7	1	479	2600	3055	0.0	729
PfGB4_030031100|ATS|1|1783|2261	PA0270-C.g443	79.210	481	72	7	1	479	2185	2639	0.0	719
PfGB4_030031100|ATS|1|1783|2261	PC0113-C.g949	80.167	479	59	3	1	479	1702	2144	0.0	717
PfGB4_030031100|ATS|1|1783|2261	QE0436-C.g591	78.558	513	53	6	1	479	1702	2191	0.0	717
PfGB4_040005600|NTS|1|1|74	PM0020-C.g1180	93.151	73	5	0	2	74	5	77	5.61e-38	135
PfGB4_040005600|NTS|1|1|74	PF0158-C.g420	91.379	58	5	0	17	74	15	72	2.93e-29	110
PfGB4_040005600|NTS|1|1|74	QE0428-C.g772	87.500	56	7	0	19	74	12	67	2.60e-26	102
PfGB4_040005600|NTS|1|1|74	QE0427-C.g752	87.500	56	7	0	19	74	12	67	2.60e-26	102
PfGB4_040005600|NTS|1|1|74	QE0419-C.g564	84.746	59	9	0	16	74	9	67	2.63e-26	102
PfGB4_040005600|DBLa|1|75|488	PM0020-C.g1180	85.167	418	58	3	1	414	78	495	0.0	716
PfGB4_040005600|DBLa|1|75|488	PM0020-C.g1180	26.991	226	135	7	135	330	1082	1307	4.24e-11	67.4
PfGB4_040005600|DBLa|1|75|488	PV0134-C.g46	72.494	429	102	6	1	414	68	495	0.0	615
PfGB4_040005600|DBLa|1|75|488	PV0134-C.g46	26.906	223	120	5	133	318	1093	1309	1.37e-15	81.6
PfGB4_040005600|DBLa|1|75|488	PV0094-C.g60	72.494	429	102	6	1	414	68	495	0.0	614
PfGB4_040005600|DBLa|1|75|488	PV0094-C.g60	26.906	223	120	5	133	318	1093	1309	1.43e-15	81.6
PfGB4_040005600|DBLa|1|75|488	PH0932-C.g461	72.028	429	104	6	1	414	68	495	0.0	610
PfGB4_040005600|DBLa|1|75|488	PH0932-C.g461	30.841	214	135	6	118	322	1087	1296	9.25e-22	100
PfGB4_040005600|DBLa|1|75|488	PH0872-C.g730	72.028	429	104	6	1	414	68	495	0.0	610
PfGB4_040005600|CIDRa|1|489|790	PV0023-C.g119	86.195	297	33	2	1	297	615	903	3.25e-175	517
PfGB4_040005600|CIDRa|1|489|790	PV0023-C.g119	92.208	154	12	0	144	297	983	1136	3.36e-93	301
PfGB4_040005600|CIDRa|1|489|790	PV0094-C.g60	86.195	297	33	2	1	297	496	784	9.17e-171	518
PfGB4_040005600|CIDRa|1|489|790	PV0134-C.g46	86.195	297	33	2	1	297	496	784	1.25e-170	518
PfGB4_040005600|CIDRa|1|489|790	PH0872-C.g730	85.284	299	36	2	1	299	496	786	7.94e-170	516
PfGB4_040005600|CIDRa|1|489|790	PH0729-C.g490	85.284	299	36	2	1	299	496	786	7.94e-170	516
PfGB4_040005600|DBLd|1|873|1382	PM0058-C.g883	56.298	524	186	17	1	510	887	1381	1.84e-166	516
PfGB4_040005600|DBLd|1|873|1382	PM0058-C.g883	25.564	266	145	10	268	510	259	494	3.08e-09	62.4
PfGB4_040005600|DBLd|1|873|1382	SenT013.11.g193	52.397	605	156	16	1	510	854	1421	6.28e-166	517
PfGB4_040005600|DBLd|1|873|1382	SenT013.11.g193	28.571	175	88	6	268	437	238	380	2.62e-12	72.0
PfGB4_040005600|DBLd|1|873|1382	QG0225-C.g3102	52.504	579	183	24	1	510	820	1375	6.90e-155	485
PfGB4_040005600|DBLd|1|873|1382	QG0225-C.g3102	26.347	167	83	7	266	426	249	381	9.50e-07	54.3
PfGB4_040005600|DBLd|1|873|1382	SenT143.09.g1493	54.475	514	188	12	1	510	840	1311	5.20e-153	479
PfGB4_040005600|DBLd|1|873|1382	SenT143.09.g1493	26.690	281	161	9	178	455	162	400	2.68e-11	68.9
PfGB4_040005600|DBLd|1|873|1382	PF0725-C.g571	50.613	571	187	21	1	510	870	1406	1.19e-149	471
PfGB4_040005600|DBLd|1|873|1382	PF0725-C.g571	26.667	165	87	5	266	426	254	388	1.09e-09	63.9
PfGB4_040005600|CIDRb|1|1383|1638	PT0170-C.g794	79.688	256	43	2	1	250	1299	1551	4.89e-120	377
PfGB4_040005600|CIDRb|1|1383|1638	SenT013.11.g193	80.392	255	43	2	1	249	1422	1675	2.04e-118	374
PfGB4_040005600|CIDRb|1|1383|1638	SenT013.11.g193	100.000	73	0	0	184	256	1729	1801	8.99e-40	148
PfGB4_040005600|CIDRb|1|1383|1638	SenT130.09.g291	79.365	252	45	2	1	247	1351	1600	3.09e-116	367
PfGB4_040005600|CIDRb|1|1383|1638	QE0472-C.g102	74.427	262	60	3	1	256	2104	2364	4.16e-108	345
PfGB4_040005600|CIDRb|1|1383|1638	QE0451-C.g245	74.427	262	60	3	1	256	2090	2350	8.50e-108	344
PfGB4_040005600|ATS|1|1760|2224	PV0028-C.g31	85.653	467	54	6	1	465	1737	2192	0.0	792
PfGB4_040005600|ATS|1|1760|2224	PD0549-C.g516	82.441	467	61	7	1	465	2187	2634	0.0	737
PfGB4_040005600|ATS|1|1760|2224	PD0511-C.g583	82.441	467	61	7	1	465	2187	2634	0.0	737
PfGB4_040005600|ATS|1|1760|2224	PT0219-C.g578	77.254	488	83	8	1	465	1736	2218	0.0	701
PfGB4_040005600|ATS|1|1760|2224	PM0142-C.g950	68.598	535	87	12	1	465	980	1503	0.0	681
PfGB4_040005800|NTS|1|1|70	PC0061-C.g267	98.571	70	1	0	1	70	1	70	3.73e-42	146
PfGB4_040005800|NTS|1|1|70	PF0730-C.g154	98.571	70	1	0	1	70	1	70	3.84e-42	146
PfGB4_040005800|NTS|1|1|70	PA0084-C.g474	98.571	70	1	0	1	70	173	242	4.62e-42	146
PfGB4_040005800|NTS|1|1|70	PM0098-C.g1102	95.714	70	3	0	1	70	1	70	8.82e-38	134
PfGB4_040005800|NTS|1|1|70	PF0792-C.g213	91.429	70	6	0	1	70	1	70	2.16e-37	133
PfGB4_040005800|DBLa|1|71|468	PA0157-C.g959	80.702	399	71	4	1	398	73	466	0.0	659
PfGB4_040005800|DBLa|1|71|468	PA0157-C.g959	29.706	340	174	13	58	373	1654	1952	8.58e-26	112
PfGB4_040005800|DBLa|1|71|468	PA0157-C.g959	36.449	214	87	10	60	257	806	986	1.42e-24	108
PfGB4_040005800|DBLa|1|71|468	PA0157-C.g959	21.975	314	189	9	121	398	2305	2598	4.93e-10	64.3
PfGB4_040005800|DBLa|1|71|468	PA0157-C.g959	24.453	274	162	10	54	317	1224	1462	3.24e-09	61.6
PfGB4_040005800|DBLa|1|71|468	PH0474-CW.g385	77.136	398	90	1	1	398	71	467	0.0	627
PfGB4_040005800|DBLa|1|71|468	PH0474-CW.g385	28.417	278	142	9	58	318	840	1077	1.35e-22	102
PfGB4_040005800|DBLa|1|71|468	PH0474-CW.g385	23.460	341	184	11	117	398	2689	3011	1.78e-11	68.6
PfGB4_040005800|DBLa|1|71|468	PH0474-CW.g385	25.237	317	183	13	53	350	1262	1543	3.22e-11	67.8
PfGB4_040005800|DBLa|1|71|468	PH0474-CW.g385	23.193	332	181	11	53	334	2006	2313	6.20e-09	60.8
PfGB4_040005800|DBLa|1|71|468	PH0474-CW.g385	23.381	278	164	11	51	313	1631	1874	6.26e-09	60.8
PfGB4_040005800|DBLa|1|71|468	PH0471-C.g506	77.136	398	90	1	1	398	71	467	0.0	627
PfGB4_040005800|DBLa|1|71|468	PH0471-C.g506	28.417	278	142	9	58	318	840	1077	1.35e-22	102
PfGB4_040005800|DBLa|1|71|468	PH0471-C.g506	23.460	341	184	11	117	398	2689	3011	1.78e-11	68.6
PfGB4_040005800|DBLa|1|71|468	PH0471-C.g506	25.237	317	183	13	53	350	1262	1543	3.22e-11	67.8
PfGB4_040005800|DBLa|1|71|468	PH0471-C.g506	23.193	332	181	11	53	334	2006	2313	6.20e-09	60.8
PfGB4_040005800|DBLa|1|71|468	PH0471-C.g506	23.381	278	164	11	51	313	1631	1874	6.26e-09	60.8
PfGB4_040005800|DBLa|1|71|468	PH0991-C.g1056	77.136	398	90	1	1	398	71	467	0.0	624
PfGB4_040005800|DBLa|1|71|468	PH0991-C.g1056	33.557	149	76	5	58	189	840	982	1.65e-14	77.8
PfGB4_040005800|DBLa|1|71|468	PF0730-C.g154	77.136	398	89	2	1	398	71	466	0.0	624
PfGB4_040005800|DBLa|1|71|468	PF0730-C.g154	29.885	348	171	15	1	322	1338	1638	7.71e-27	115
PfGB4_040005800|DBLa|1|71|468	PF0730-C.g154	28.621	290	137	9	58	318	838	1086	1.58e-23	105
PfGB4_040005800|DBLa|1|71|468	PF0730-C.g154	25.379	264	138	8	173	398	2124	2366	1.54e-13	75.1
PfGB4_040005800|CIDRa|1|469|719	PF0417-C.g425	99.203	251	2	0	1	251	472	722	9.81e-171	515
PfGB4_040005800|CIDRa|1|469|719	PM0086-C.g197	96.414	251	9	0	1	251	472	722	1.75e-169	497
PfGB4_040005800|CIDRa|1|469|719	SenT084.10.g2176	100.000	251	0	0	1	251	472	722	6.30e-169	519
PfGB4_040005800|CIDRa|1|469|719	PM0058-C.g1310	100.000	251	0	0	1	251	472	722	6.30e-169	519
PfGB4_040005800|CIDRa|1|469|719	QG0186-C.g48	99.203	251	2	0	1	251	470	720	1.10e-168	518
PfGB4_040005800|CIDRa|1|469|719	QG0186-C.g48	28.070	171	116	5	1	168	2377	2543	9.09e-10	61.2
PfGB4_040005800|DBLb|1|728|1215	PT0274-Cx.g293	88.320	488	47	3	1	488	727	1204	0.0	848
PfGB4_040005800|DBLb|1|728|1215	PT0274-Cx.g293	42.400	500	221	17	4	488	1227	1674	8.72e-105	345
PfGB4_040005800|DBLb|1|728|1215	PT0274-Cx.g293	32.751	229	118	7	115	324	129	340	2.31e-26	115
PfGB4_040005800|DBLb|1|728|1215	PT0274-Cx.g293	25.256	293	152	11	98	346	1717	1986	1.29e-11	69.7
PfGB4_040005800|DBLb|1|728|1215	QG0202-C.g182	87.500	488	51	3	1	488	543	1020	0.0	842
PfGB4_040005800|DBLb|1|728|1215	QG0202-C.g182	43.713	501	209	15	4	488	1043	1486	2.70e-110	361
PfGB4_040005800|DBLb|1|728|1215	QG0202-C.g182	32.484	157	83	5	187	324	4	156	4.83e-15	80.9
PfGB4_040005800|DBLb|1|728|1215	QG0202-C.g182	24.555	281	144	9	114	346	1548	1808	1.28e-13	76.3
PfGB4_040005800|DBLb|1|728|1215	PT0261-Cx.g63	72.323	495	126	5	1	488	728	1218	0.0	708
PfGB4_040005800|DBLb|1|728|1215	PT0261-Cx.g63	40.719	501	220	18	1	488	1239	1675	6.15e-95	317
PfGB4_040005800|DBLb|1|728|1215	PT0261-Cx.g63	32.219	329	165	14	33	326	39	344	2.76e-31	130
PfGB4_040005800|DBLb|1|728|1215	PT0261-Cx.g63	25.833	360	192	12	105	435	1724	2037	7.93e-13	73.9
PfGB4_040005800|DBLb|1|728|1215	PF0145-C.g18	72.745	510	108	7	1	488	743	1243	0.0	707
PfGB4_040005800|DBLb|1|728|1215	PF0145-C.g18	43.145	496	209	15	9	488	1271	1709	5.28e-105	346
PfGB4_040005800|DBLb|1|728|1215	PF0145-C.g18	33.473	239	119	8	115	326	134	359	2.68e-27	119
PfGB4_040005800|DBLb|1|728|1215	PF0145-C.g18	26.103	272	149	9	114	352	1774	2026	2.70e-13	75.1
PfGB4_040005800|DBLb|1|728|1215	PH0329-C.g83	73.577	492	104	8	1	488	722	1191	0.0	703
PfGB4_040005800|DBLb|1|728|1215	PH0329-C.g83	39.961	518	225	14	3	488	1209	1672	1.75e-97	324
PfGB4_040005800|DBLb|1|728|1215	PH0329-C.g83	31.907	257	133	9	115	350	125	360	6.22e-26	114
PfGB4_040005800|DBLb|1|728|1215	PH0329-C.g83	30.137	219	114	10	114	308	1735	1938	6.01e-13	74.3
PfGB4_040005800|DBLb|2|1231|1689	PA0100-C.g514	63.502	474	146	9	1	459	1195	1656	0.0	575
PfGB4_040005800|DBLb|2|1231|1689	PA0100-C.g514	39.718	496	209	16	1	459	729	1171	3.92e-91	305
PfGB4_040005800|DBLb|2|1231|1689	PA0100-C.g514	30.208	288	140	8	103	354	125	387	2.56e-29	124
PfGB4_040005800|DBLb|2|1231|1689	PA0100-C.g514	26.502	283	164	11	91	354	1704	1961	3.85e-16	84.0
PfGB4_040005800|DBLb|2|1231|1689	PA0100-C.g514	23.843	281	159	9	103	354	2105	2359	3.48e-10	65.1
PfGB4_040005800|DBLb|2|1231|1689	PM0107-C.g147	60.924	476	159	6	1	459	69	534	6.91e-180	534
PfGB4_040005800|DBLb|2|1231|1689	PM0107-C.g147	23.492	315	182	14	59	342	629	915	1.44e-08	59.7
PfGB4_040005800|DBLb|2|1231|1689	PF0507-C.g233	63.537	458	138	9	7	459	1232	1665	1.07e-177	553
PfGB4_040005800|DBLb|2|1231|1689	PF0507-C.g233	46.322	503	211	19	1	459	720	1207	3.14e-112	366
PfGB4_040005800|DBLb|2|1231|1689	PF0507-C.g233	31.650	297	141	12	93	354	114	383	1.08e-28	122
PfGB4_040005800|DBLb|2|1231|1689	QE0437-C.g207	65.665	466	124	9	7	459	1246	1688	4.63e-177	551
PfGB4_040005800|DBLb|2|1231|1689	QE0437-C.g207	40.800	500	246	13	1	459	733	1223	1.90e-103	340
PfGB4_040005800|DBLb|2|1231|1689	QE0437-C.g207	31.773	299	142	7	93	354	118	391	4.81e-31	129
PfGB4_040005800|DBLb|2|1231|1689	PA0186-C.g187	60.000	485	141	13	1	459	1969	2426	1.89e-173	541
PfGB4_040005800|DBLb|2|1231|1689	PA0186-C.g187	29.825	399	214	15	10	365	31	406	6.51e-34	138
PfGB4_040005800|DBLb|2|1231|1689	PA0186-C.g187	26.866	268	144	11	102	342	951	1193	1.69e-12	72.4
PfGB4_040005800|DBLg|1|1709|2083	PD0474-C.g233	78.215	381	69	4	1	375	2450	2822	0.0	597
PfGB4_040005800|DBLg|1|1709|2083	PD0474-C.g233	47.704	392	180	12	1	375	1693	2076	3.64e-100	327
PfGB4_040005800|DBLg|1|1709|2083	PD0474-C.g233	38.583	381	185	14	5	375	2102	2443	2.23e-61	216
PfGB4_040005800|DBLg|1|1709|2083	PD0474-C.g233	29.551	379	204	15	39	375	1316	1673	1.42e-32	132
PfGB4_040005800|DBLg|1|1709|2083	PD0474-C.g233	27.937	383	194	13	49	375	836	1192	9.89e-29	120
PfGB4_040005800|DBLg|1|1709|2083	PD0474-C.g233	26.989	352	192	14	46	354	122	451	3.02e-14	77.0
PfGB4_040005800|DBLg|1|1709|2083	PM0153-C.g44	71.316	380	92	9	1	375	1599	1966	5.09e-174	539
PfGB4_040005800|DBLg|1|1709|2083	PM0153-C.g44	45.918	392	177	11	5	375	1994	2371	1.85e-95	314
PfGB4_040005800|DBLg|1|1709|2083	PM0153-C.g44	46.646	328	148	13	1	311	1214	1531	6.43e-72	246
PfGB4_040005800|DBLg|1|1709|2083	PM0153-C.g44	27.202	386	194	17	49	375	841	1198	1.69e-22	102
PfGB4_040005800|DBLg|1|1709|2083	PM0153-C.g44	26.590	346	195	12	35	334	108	440	2.23e-14	77.4
PfGB4_040005800|DBLg|1|1709|2083	PF0240-C.g27	70.765	366	87	6	30	375	1576	1941	7.17e-159	496
PfGB4_040005800|DBLg|1|1709|2083	PF0240-C.g27	41.892	296	144	8	1	281	1185	1467	4.81e-58	206
PfGB4_040005800|DBLg|1|1709|2083	PF0240-C.g27	24.444	405	180	13	48	331	2169	2568	1.78e-22	102
PfGB4_040005800|DBLg|1|1709|2083	PF0240-C.g27	23.902	410	212	16	35	375	787	1165	1.19e-19	93.6
PfGB4_040005800|DBLg|1|1709|2083	PF0240-C.g27	23.140	363	217	12	43	365	122	462	8.87e-13	72.4
PfGB4_040005800|DBLg|1|1709|2083	PM0138-C.g793	65.385	390	104	8	1	375	1531	1904	2.23e-156	489
PfGB4_040005800|DBLg|1|1709|2083	PM0138-C.g793	46.102	295	144	8	1	287	1950	2237	1.10e-68	237
PfGB4_040005800|DBLg|1|1709|2083	PM0138-C.g793	32.399	321	144	11	72	331	2581	2889	1.81e-35	140
PfGB4_040005800|DBLg|1|1709|2083	PM0138-C.g793	27.747	364	186	12	49	375	1188	1511	2.39e-27	116
PfGB4_040005800|DBLg|1|1709|2083	PM0138-C.g793	25.799	407	226	17	33	375	664	1058	7.18e-23	103
PfGB4_040005800|DBLg|1|1709|2083	PM0138-C.g793	24.454	229	131	7	115	303	16	242	2.51e-10	64.7
PfGB4_040005800|DBLg|1|1709|2083	PM0073-C.g1314	65.385	390	104	8	1	375	1702	2075	4.07e-156	488
PfGB4_040005800|DBLg|1|1709|2083	PM0073-C.g1314	46.102	295	144	8	1	287	2121	2408	1.46e-68	236
PfGB4_040005800|DBLg|1|1709|2083	PM0073-C.g1314	29.874	318	146	10	43	286	2642	2956	1.87e-30	125
PfGB4_040005800|DBLg|1|1709|2083	PM0073-C.g1314	27.473	364	185	12	49	375	1361	1682	8.44e-27	114
PfGB4_040005800|DBLg|1|1709|2083	PM0073-C.g1314	25.799	407	226	17	33	375	837	1231	7.90e-23	103
PfGB4_040005800|DBLg|1|1709|2083	PM0073-C.g1314	23.846	390	221	15	35	373	113	477	9.53e-12	69.3
PfGB4_040005800|DBLd|1|2206|2662	PF0692-C.g227	94.748	457	21	3	1	457	1861	2314	0.0	883
PfGB4_040005800|DBLd|1|2206|2662	PF0692-C.g227	29.967	307	161	13	181	457	186	468	9.08e-25	110
PfGB4_040005800|DBLd|1|2206|2662	PF0692-C.g227	22.782	417	214	13	37	438	811	1134	2.46e-11	68.9
PfGB4_040005800|DBLd|1|2206|2662	PF0692-C.g227	22.609	230	129	7	179	397	1469	1660	4.37e-08	58.5
PfGB4_040005800|DBLd|1|2206|2662	PM0138-C.g793	77.712	507	63	5	1	457	2420	2926	0.0	768
PfGB4_040005800|DBLd|1|2206|2662	PM0138-C.g793	29.897	388	173	14	1	386	1531	1821	1.03e-36	146
PfGB4_040005800|DBLd|1|2206|2662	PM0138-C.g793	30.025	393	167	15	1	389	1950	2238	8.22e-36	143
PfGB4_040005800|DBLd|1|2206|2662	PM0138-C.g793	31.788	302	168	12	181	457	17	305	1.36e-32	134
PfGB4_040005800|DBLd|1|2206|2662	PM0138-C.g793	23.158	285	158	8	143	410	1213	1453	3.46e-10	65.1
PfGB4_040005800|DBLd|1|2206|2662	PM0138-C.g793	24.324	296	142	10	58	342	676	900	1.58e-09	63.2
PfGB4_040005800|DBLd|1|2206|2662	PA0213-C.g506	80.753	478	60	5	1	457	1753	2219	0.0	736
PfGB4_040005800|DBLd|1|2206|2662	PA0213-C.g506	32.796	372	162	10	49	409	1227	1521	1.70e-48	181
PfGB4_040005800|DBLd|1|2206|2662	PA0213-C.g506	33.945	327	139	8	1	325	820	1071	3.29e-47	177
PfGB4_040005800|DBLd|1|2206|2662	PA0213-C.g506	32.119	302	167	9	181	457	184	472	1.00e-28	122
PfGB4_040005800|DBLd|1|2206|2662	PC0077-C.g372	80.632	475	62	4	1	457	1635	2097	0.0	735
PfGB4_040005800|DBLd|1|2206|2662	PC0077-C.g372	30.946	391	170	11	1	389	798	1090	7.15e-44	167
PfGB4_040005800|DBLd|1|2206|2662	PC0077-C.g372	28.770	431	200	13	1	426	1183	1511	9.04e-41	158
PfGB4_040005800|DBLd|1|2206|2662	PC0077-C.g372	34.375	288	160	9	181	457	185	454	1.66e-35	142
PfGB4_040005800|DBLd|1|2206|2662	PA0148-C.g78	73.319	476	93	6	1	457	156	616	0.0	698
PfGB4_040005800|CIDRg|1|2663|2906	PA0148-C.g78	99.590	244	1	0	1	244	617	860	8.22e-174	506
PfGB4_040005800|CIDRg|1|2663|2906	QE0448-C.g705	99.590	244	1	0	1	244	1585	1828	4.83e-164	500
PfGB4_040005800|CIDRg|1|2663|2906	QE0449-C.g538	99.590	244	1	0	1	244	1546	1789	5.64e-164	499
PfGB4_040005800|CIDRg|1|2663|2906	PF0692-C.g227	100.000	244	0	0	1	244	2315	2558	3.96e-163	501
PfGB4_040005800|CIDRg|1|2663|2906	PV0147-C.g68	99.590	244	1	0	1	244	2035	2278	1.96e-162	499
PfGB4_040005800|CIDRg|1|2663|2906	PV0147-C.g68	25.628	199	133	6	44	234	268	459	1.76e-07	53.9
PfGB4_040005800|ATS|1|3036|3461	PC0113-C.g1115	89.202	426	42	3	1	426	3496	3917	0.0	759
PfGB4_040005800|ATS|1|3036|3461	QE0448-C.g49	85.814	430	54	4	1	426	2723	3149	0.0	723
PfGB4_040005800|ATS|1|3036|3461	PfKE02.g4	86.047	430	55	3	1	426	3080	3508	0.0	720
PfGB4_040005800|ATS|1|3036|3461	PFKE01.g6	84.382	429	60	3	1	426	2709	3133	0.0	718
PfGB4_040005800|ATS|1|3036|3461	PC0107-C.g927	84.323	421	64	1	2	422	2887	3305	0.0	717
PfGB4_040006200|NTS|1|1|74	PA0012-C.g309	84.932	73	11	0	1	73	1	73	2.00e-33	122
PfGB4_040006200|NTS|1|1|74	PD0508-C.g6604	72.603	73	20	0	1	73	1	73	7.50e-28	106
PfGB4_040006200|NTS|1|1|74	PD0505-C.g4601	72.603	73	20	0	1	73	1	73	7.50e-28	106
PfGB4_040006200|NTS|1|1|74	QE0415-C.g186	73.973	73	19	0	1	73	1	73	8.19e-28	106
PfGB4_040006200|NTS|1|1|74	PD0590-C.g637	72.603	73	20	0	1	73	1	73	8.74e-28	106
PfGB4_040006200|DBLa|1|75|453	PT0063-C.g102	84.252	381	58	1	1	379	71	451	0.0	670
PfGB4_040006200|DBLa|1|75|453	PT0063-C.g102	28.800	375	210	12	52	379	1228	1592	3.77e-36	142
PfGB4_040006200|DBLa|1|75|453	PT0063-C.g102	29.448	326	166	11	8	310	1961	2245	1.20e-27	117
PfGB4_040006200|DBLa|1|75|453	PT0063-C.g102	23.098	368	214	13	38	379	853	1177	1.57e-11	68.6
PfGB4_040006200|DBLa|1|75|453	PF0449-C.g414	79.528	381	76	1	1	379	71	451	0.0	609
PfGB4_040006200|DBLa|1|75|453	PF0449-C.g414	32.407	324	154	12	8	309	813	1093	2.27e-34	137
PfGB4_040006200|DBLa|1|75|453	PF0449-C.g414	27.682	289	174	9	114	379	1931	2207	1.21e-22	102
PfGB4_040006200|DBLa|1|75|453	PF0449-C.g414	23.906	297	176	9	37	310	1246	1515	8.74e-14	75.5
PfGB4_040006200|DBLa|1|75|453	PF0524-C.g492	76.378	381	88	1	1	379	71	451	0.0	601
PfGB4_040006200|DBLa|1|75|453	PF0524-C.g492	29.524	315	165	10	55	349	910	1187	3.31e-32	130
PfGB4_040006200|DBLa|1|75|453	PF0524-C.g492	25.436	287	172	12	39	309	1694	1954	4.05e-14	76.6
PfGB4_040006200|DBLa|1|75|453	PF0524-C.g492	24.725	364	205	17	37	364	1289	1619	8.20e-13	72.4
PfGB4_040006200|DBLa|1|75|453	PA0073-C.g533	74.674	383	93	1	1	379	75	457	0.0	600
PfGB4_040006200|DBLa|1|75|453	PA0073-C.g533	30.634	284	147	7	55	316	1430	1685	1.05e-30	126
PfGB4_040006200|DBLa|1|75|453	PA0073-C.g533	28.929	280	150	8	55	316	845	1093	2.65e-26	113
PfGB4_040006200|DBLa|1|75|453	PA0270-C.g883	74.413	383	94	1	1	379	75	457	0.0	583
PfGB4_040006200|DBLa|1|75|453	PA0270-C.g883	27.083	288	161	8	48	309	1241	1505	1.01e-17	87.4
PfGB4_040006200|DBLa|1|75|453	PA0270-C.g883	26.797	306	154	12	38	310	848	1116	2.44e-17	86.3
PfGB4_040006200|CIDRb|1|454|708	QE0440-C.g431	93.651	252	16	0	1	252	458	709	5.90e-154	475
PfGB4_040006200|CIDRb|1|454|708	QE0440-C.g431	33.333	249	154	5	3	248	1895	2134	4.09e-28	115
PfGB4_040006200|CIDRb|1|454|708	QE0459-C.g402	93.651	252	16	0	1	252	458	709	5.92e-154	475
PfGB4_040006200|CIDRb|1|454|708	QE0459-C.g402	33.333	249	154	5	3	248	1895	2134	4.09e-28	115
PfGB4_040006200|CIDRb|1|454|708	PD0503-C.g485	94.048	252	15	0	1	252	451	702	6.23e-153	473
PfGB4_040006200|CIDRb|1|454|708	PD0503-C.g485	43.750	256	143	1	1	255	1536	1791	2.56e-60	207
PfGB4_040006200|CIDRb|1|454|708	PD0572-C.g487	93.651	252	16	0	1	252	481	732	2.32e-152	471
PfGB4_040006200|CIDRb|1|454|708	PD0572-C.g487	42.745	255	145	1	1	255	1576	1829	1.35e-58	202
PfGB4_040006200|CIDRb|1|454|708	QG0295-C.g4199	90.119	253	25	0	1	253	464	716	2.61e-150	452
PfGB4_040006200|DBLb|1|737|1188	PV0258-C.g14	67.223	479	125	7	1	452	640	1113	0.0	621
PfGB4_040006200|DBLb|1|737|1188	PV0258-C.g14	30.000	280	146	10	113	357	26	290	5.04e-23	105
PfGB4_040006200|DBLb|1|737|1188	PV0258-C.g14	24.534	322	181	10	63	352	1236	1527	4.11e-12	71.2
PfGB4_040006200|DBLb|1|737|1188	PfKE02.g264	69.114	463	126	10	1	452	742	1198	0.0	611
PfGB4_040006200|DBLb|1|737|1188	PfKE02.g264	29.398	415	218	13	78	452	2474	2853	8.15e-36	143
PfGB4_040006200|DBLb|1|737|1188	PfKE02.g264	28.010	407	208	14	33	372	39	427	6.63e-30	125
PfGB4_040006200|DBLb|1|737|1188	PfKE02.g264	29.839	248	135	10	110	350	2908	3123	1.20e-20	97.8
PfGB4_040006200|DBLb|1|737|1188	PfKE02.g264	25.653	421	228	14	68	452	1322	1693	5.24e-19	92.8
PfGB4_040006200|DBLb|1|737|1188	PfKE02.g264	23.573	403	207	17	61	385	1698	2077	3.23e-08	58.9
PfGB4_040006200|DBLb|1|737|1188	PF0368-C.g119	68.062	454	135	6	1	452	1239	1684	0.0	605
PfGB4_040006200|DBLb|1|737|1188	PF0368-C.g119	39.258	512	231	20	1	452	730	1221	7.49e-94	312
PfGB4_040006200|DBLb|1|737|1188	PF0368-C.g119	29.942	344	187	15	33	332	39	372	3.83e-26	114
PfGB4_040006200|DBLb|1|737|1188	PA0087-C.g465	63.675	468	143	11	1	452	749	1205	0.0	567
PfGB4_040006200|DBLb|1|737|1188	PA0087-C.g465	26.854	391	228	15	16	357	23	404	8.57e-26	113
PfGB4_040006200|DBLb|1|737|1188	PA0038-C.g249	63.948	466	142	8	3	452	1238	1693	0.0	567
PfGB4_040006200|DBLb|1|737|1188	PA0038-C.g249	37.573	511	242	17	1	452	728	1220	1.66e-84	285
PfGB4_040006200|DBLb|1|737|1188	PA0038-C.g249	29.524	315	186	12	33	322	39	342	4.81e-25	111
PfGB4_040006200|DBLg|1|1400|1774	PT0073-C.g561	88.267	375	43	1	1	375	1389	1762	0.0	692
PfGB4_040006200|DBLg|1|1400|1774	PT0073-C.g561	26.909	275	159	11	34	289	860	1111	9.63e-18	87.4
PfGB4_040006200|DBLg|1|1400|1774	PT0073-C.g561	23.746	299	163	11	41	300	121	393	5.78e-10	63.5
PfGB4_040006200|DBLg|1|1400|1774	PT0184-C.g4494	88.267	375	43	1	1	375	1386	1759	0.0	691
PfGB4_040006200|DBLg|1|1400|1774	PT0184-C.g4494	25.857	321	197	11	34	330	1845	2148	2.72e-19	92.4
PfGB4_040006200|DBLg|1|1400|1774	PT0184-C.g4494	26.909	275	159	11	34	289	857	1108	8.74e-18	87.8
PfGB4_040006200|DBLg|1|1400|1774	PT0184-C.g4494	23.175	315	170	11	42	351	2248	2495	3.25e-14	77.0
PfGB4_040006200|DBLg|1|1400|1774	PT0184-C.g4494	23.746	299	163	11	41	300	118	390	6.28e-10	63.5
PfGB4_040006200|DBLg|1|1400|1774	QG0214-C.g1593	88.267	375	43	1	1	375	1357	1730	0.0	691
PfGB4_040006200|DBLg|1|1400|1774	QG0214-C.g1593	25.916	382	206	15	37	375	840	1187	2.50e-19	92.4
PfGB4_040006200|DBLg|1|1400|1774	QG0214-C.g1593	26.168	321	196	12	34	330	1816	2119	2.64e-19	92.4
PfGB4_040006200|DBLg|1|1400|1774	QG0214-C.g1593	23.175	315	170	11	42	351	2219	2466	3.52e-14	76.6
PfGB4_040006200|DBLg|1|1400|1774	QG0214-C.g1593	23.567	314	195	9	47	332	131	427	5.84e-09	60.5
PfGB4_040006200|DBLg|1|1400|1774	QG0280-C.g1353	80.533	375	72	1	1	375	1224	1597	0.0	616
PfGB4_040006200|DBLg|1|1400|1774	QG0280-C.g1353	26.351	296	176	9	18	300	834	1100	5.88e-20	94.4
PfGB4_040006200|DBLg|1|1400|1774	QG0280-C.g1353	27.760	317	191	12	34	332	1683	1979	8.15e-19	90.9
PfGB4_040006200|DBLg|1|1400|1774	QG0280-C.g1353	25.223	337	184	13	44	375	2080	2353	1.53e-18	90.1
PfGB4_040006200|DBLg|1|1400|1774	QG0280-C.g1353	24.116	311	185	8	47	326	129	419	2.16e-10	65.1
PfGB4_040006200|DBLg|1|1400|1774	PT0169-C.g195	74.133	375	92	3	1	375	1210	1579	0.0	567
PfGB4_040006200|DBLg|1|1400|1774	PT0169-C.g195	28.213	319	187	13	34	332	1665	1961	8.80e-20	94.0
PfGB4_040006200|DBLg|1|1400|1774	PT0169-C.g195	25.223	337	184	13	44	375	2062	2335	1.41e-18	90.1
PfGB4_040006200|DBLg|1|1400|1774	PT0169-C.g195	26.129	310	190	11	47	336	853	1143	6.53e-18	88.2
PfGB4_040006200|DBLg|1|1400|1774	PT0169-C.g195	22.713	317	182	10	47	326	119	409	8.67e-09	60.1
PfGB4_040006200|DBLz|1|1788|2217	PT0184-C.g4494	88.372	430	49	1	1	430	1773	2201	0.0	762
PfGB4_040006200|DBLz|1|1788|2217	PT0184-C.g4494	30.536	429	220	19	47	430	821	1216	2.90e-35	141
PfGB4_040006200|DBLz|1|1788|2217	PT0184-C.g4494	30.457	394	212	17	67	428	99	462	5.20e-33	134
PfGB4_040006200|DBLz|1|1788|2217	PT0184-C.g4494	27.726	321	183	13	46	342	1385	1680	4.53e-19	92.8
PfGB4_040006200|DBLz|1|1788|2217	PT0184-C.g4494	25.000	280	147	10	84	359	2250	2470	5.36e-15	80.1
PfGB4_040006200|DBLz|1|1788|2217	QG0214-C.g1593	88.372	430	49	1	1	430	1744	2172	0.0	761
PfGB4_040006200|DBLz|1|1788|2217	QG0214-C.g1593	30.791	354	188	13	46	377	804	1122	6.26e-33	134
PfGB4_040006200|DBLz|1|1788|2217	QG0214-C.g1593	31.045	335	187	13	56	364	95	411	2.02e-28	120
PfGB4_040006200|DBLz|1|1788|2217	QG0214-C.g1593	27.726	321	183	13	46	342	1356	1651	4.90e-19	92.4
PfGB4_040006200|DBLz|1|1788|2217	QG0214-C.g1593	25.000	280	147	10	84	359	2221	2441	6.28e-15	79.7
PfGB4_040006200|DBLz|1|1788|2217	QE0452-C.g766	74.483	435	92	5	1	430	5	425	0.0	590
PfGB4_040006200|DBLz|1|1788|2217	QE0452-C.g766	25.632	277	156	12	81	354	469	698	9.35e-18	88.2
PfGB4_040006200|DBLz|1|1788|2217	PV0276-C.g31	74.483	435	92	5	1	430	924	1344	0.0	589
PfGB4_040006200|DBLz|1|1788|2217	PV0276-C.g31	32.447	376	189	14	87	430	174	516	4.77e-45	170
PfGB4_040006200|DBLz|1|1788|2217	PV0276-C.g31	25.632	277	156	12	81	354	1388	1617	1.66e-17	87.8
PfGB4_040006200|DBLz|1|1788|2217	PV0276-C.g31	26.736	288	171	11	73	342	566	831	8.73e-15	79.3
PfGB4_040006200|DBLz|1|1788|2217	PT0169-C.g195	74.253	435	93	5	1	430	1593	2013	0.0	588
PfGB4_040006200|DBLz|1|1788|2217	PT0169-C.g195	31.678	423	218	19	46	430	806	1195	2.86e-36	144
PfGB4_040006200|DBLz|1|1788|2217	PT0169-C.g195	33.133	332	187	9	65	376	93	409	3.72e-32	132
PfGB4_040006200|DBLz|1|1788|2217	PT0169-C.g195	25.632	277	156	12	81	354	2057	2286	1.66e-17	87.8
PfGB4_040006200|DBLz|1|1788|2217	PT0169-C.g195	24.742	291	165	12	73	342	1243	1500	5.61e-13	73.6
PfGB4_040006200|DBLe|1|2223|2528	PT0256-C.g419	100.000	306	0	0	1	306	1945	2250	0.0	629
PfGB4_040006200|DBLe|1|2223|2528	PT0256-C.g419	29.964	277	143	12	47	277	1185	1456	3.90e-20	93.2
PfGB4_040006200|DBLe|1|2223|2528	PT0256-C.g419	24.715	263	147	8	47	259	1602	1863	3.22e-14	75.5
PfGB4_040006200|DBLe|1|2223|2528	PT0256-C.g419	24.540	326	174	13	7	270	32	347	1.05e-11	68.2
PfGB4_040006200|DBLe|1|2223|2528	PT0256-C.g419	26.818	220	102	8	98	258	540	759	7.71e-08	56.2
PfGB4_040006200|DBLe|1|2223|2528	PF0122-C.g481	100.000	306	0	0	1	306	2642	2947	0.0	629
PfGB4_040006200|DBLe|1|2223|2528	PF0122-C.g481	29.964	277	143	12	47	277	1882	2153	4.69e-20	93.2
PfGB4_040006200|DBLe|1|2223|2528	PF0122-C.g481	24.715	263	147	8	47	259	2299	2560	4.72e-14	75.1
PfGB4_040006200|DBLe|1|2223|2528	PF0122-C.g481	25.806	310	148	13	49	279	751	1057	3.39e-12	69.7
PfGB4_040006200|DBLe|1|2223|2528	PF0122-C.g481	23.636	275	141	10	49	256	123	395	2.09e-10	63.9
PfGB4_040006200|DBLe|1|2223|2528	PF0122-C.g481	27.830	212	94	8	106	258	1245	1456	1.74e-07	55.1
PfGB4_040006200|DBLe|1|2223|2528	QG0216-C.g238	99.673	306	1	0	1	306	2917	3222	0.0	628
PfGB4_040006200|DBLe|1|2223|2528	QG0216-C.g238	27.969	261	138	8	46	260	619	875	1.14e-20	94.7
PfGB4_040006200|DBLe|1|2223|2528	QG0216-C.g238	29.964	277	143	12	47	277	2157	2428	3.63e-20	93.6
PfGB4_040006200|DBLe|1|2223|2528	QG0216-C.g238	24.715	263	147	8	47	259	2574	2835	3.70e-14	75.5
PfGB4_040006200|DBLe|1|2223|2528	QG0216-C.g238	23.810	315	154	11	40	276	1019	1325	6.81e-09	59.3
PfGB4_040006200|DBLe|1|2223|2528	QG0216-C.g238	26.818	220	102	8	98	258	1512	1731	8.41e-08	56.2
PfGB4_040006200|DBLe|1|2223|2528	PH0872-C.g76	99.020	306	3	0	1	306	2036	2341	0.0	621
PfGB4_040006200|DBLe|1|2223|2528	PH0872-C.g76	27.586	290	147	12	24	251	98	386	3.03e-19	90.5
PfGB4_040006200|DBLe|1|2223|2528	PH0872-C.g76	28.723	282	144	12	44	273	854	1130	3.63e-18	87.4
PfGB4_040006200|DBLe|1|2223|2528	PH0872-C.g76	25.442	283	155	10	44	272	1248	1528	2.05e-12	70.1
PfGB4_040006200|DBLe|1|2223|2528	PH0872-C.g76	25.843	267	142	10	47	259	1690	1954	3.31e-11	66.6
PfGB4_040006200|DBLe|1|2223|2528	PH0729-C.g568	99.020	306	3	0	1	306	2036	2341	0.0	621
PfGB4_040006200|DBLe|1|2223|2528	PH0729-C.g568	27.586	290	147	12	24	251	98	386	3.03e-19	90.5
PfGB4_040006200|DBLe|1|2223|2528	PH0729-C.g568	28.723	282	144	12	44	273	854	1130	3.63e-18	87.4
PfGB4_040006200|DBLe|1|2223|2528	PH0729-C.g568	25.442	283	155	10	44	272	1248	1528	2.05e-12	70.1
PfGB4_040006200|DBLe|1|2223|2528	PH0729-C.g568	25.843	267	142	10	47	259	1690	1954	3.31e-11	66.6
PfGB4_040006200|ATS|1|2575|3000	PC0107-C.g927	87.886	421	49	1	2	422	2887	3305	0.0	752
PfGB4_040006200|ATS|1|2575|3000	PfKE04.g1	87.209	430	48	4	1	426	3373	3799	0.0	747
PfGB4_040006200|ATS|1|2575|3000	PD0507-C.g210	86.512	430	50	5	1	426	3017	3442	0.0	738
PfGB4_040006200|ATS|1|2575|3000	PC0113-C.g1115	85.446	426	58	3	1	426	3496	3917	0.0	731
PfGB4_040006200|ATS|1|2575|3000	PV0099-C.g17	85.116	430	57	3	1	426	2971	3397	0.0	729
PfGB4_040017800|NTS|1|1|66	PT0101-C.g367	100.000	66	0	0	1	66	1	66	8.97e-35	125
PfGB4_040017800|NTS|1|1|66	PF0617-C.g642	100.000	66	0	0	1	66	1	66	8.97e-35	125
PfGB4_040017800|NTS|1|1|66	PF0152-C.g401	100.000	66	0	0	1	66	1	66	8.97e-35	125
PfGB4_040017800|NTS|1|1|66	PT0242-Cx.g663	100.000	66	0	0	1	66	1	66	9.51e-35	125
PfGB4_040017800|NTS|1|1|66	PC0053-C.g599	100.000	66	0	0	1	66	1	66	9.70e-35	125
PfGB4_040017800|DBLa|1|67|512	PT0101-C.g367	100.000	446	0	0	1	446	67	512	0.0	930
PfGB4_040017800|DBLa|1|67|512	PT0101-C.g367	25.362	276	150	9	208	446	1131	1387	2.52e-13	74.7
PfGB4_040017800|DBLa|1|67|512	PF0617-C.g642	100.000	446	0	0	1	446	67	512	0.0	930
PfGB4_040017800|DBLa|1|67|512	PF0617-C.g642	25.362	276	150	9	208	446	1131	1387	2.52e-13	74.7
PfGB4_040017800|DBLa|1|67|512	PF0152-C.g401	100.000	446	0	0	1	446	67	512	0.0	930
PfGB4_040017800|DBLa|1|67|512	PF0152-C.g401	25.362	276	150	9	208	446	1131	1387	2.52e-13	74.7
PfGB4_040017800|DBLa|1|67|512	PT0242-Cx.g663	99.332	449	0	1	1	446	67	515	0.0	924
PfGB4_040017800|DBLa|1|67|512	PT0242-Cx.g663	25.362	276	150	9	208	446	1134	1390	2.53e-13	74.7
PfGB4_040017800|DBLa|1|67|512	PC0053-C.g599	96.882	449	9	2	1	446	67	513	0.0	900
PfGB4_040017800|DBLa|1|67|512	PC0053-C.g599	25.362	276	150	9	208	446	1132	1388	2.53e-13	74.7
PfGB4_040017800|CIDRa|1|513|823	PT0242-Cx.g663	100.000	311	0	0	1	311	516	826	0.0	642
PfGB4_040017800|CIDRa|1|513|823	PT0101-C.g367	100.000	311	0	0	1	311	513	823	0.0	642
PfGB4_040017800|CIDRa|1|513|823	PF0617-C.g642	100.000	311	0	0	1	311	513	823	0.0	642
PfGB4_040017800|CIDRa|1|513|823	PF0152-C.g401	100.000	311	0	0	1	311	513	823	0.0	642
PfGB4_040017800|CIDRa|1|513|823	PC0053-C.g599	100.000	311	0	0	1	311	514	824	0.0	641
PfGB4_040017800|DBLd|1|902|1381	PA0104-C.g547	100.000	480	0	0	1	480	79	558	0.0	1003
PfGB4_040017800|DBLd|1|902|1381	PA0059-C.g235	100.000	480	0	0	1	480	232	711	0.0	1003
PfGB4_040017800|DBLd|1|902|1381	PC0053-C.g599	100.000	480	0	0	1	480	909	1388	0.0	1001
PfGB4_040017800|DBLd|1|902|1381	PC0053-C.g599	29.189	185	113	6	312	480	331	513	3.78e-13	74.7
PfGB4_040017800|DBLd|1|902|1381	PT0242-Cx.g663	100.000	480	0	0	1	480	911	1390	0.0	1001
PfGB4_040017800|DBLd|1|902|1381	PT0242-Cx.g663	24.638	276	152	8	224	480	277	515	9.77e-14	76.6
PfGB4_040017800|DBLd|1|902|1381	PT0101-C.g367	100.000	480	0	0	1	480	908	1387	0.0	1001
PfGB4_040017800|DBLd|1|902|1381	PT0101-C.g367	24.638	276	152	8	224	480	274	512	9.77e-14	76.6
PfGB4_040017800|CIDRb|1|1382|1635	PA0104-C.g547	100.000	254	0	0	1	254	559	812	1.27e-180	525
PfGB4_040017800|CIDRb|1|1382|1635	PA0059-C.g235	100.000	254	0	0	1	254	712	965	2.89e-179	523
PfGB4_040017800|CIDRb|1|1382|1635	SenT190.09.g946	100.000	254	0	0	1	254	1061	1314	1.20e-174	520
PfGB4_040017800|CIDRb|1|1382|1635	PT0242-Cx.g663	100.000	254	0	0	1	254	1391	1644	4.58e-173	522
PfGB4_040017800|CIDRb|1|1382|1635	PT0101-C.g367	100.000	254	0	0	1	254	1388	1641	4.68e-173	522
PfGB4_040017800|ATS|1|1757|2222	PV0139-C.g12	98.283	466	1	1	1	466	1673	2131	0.0	940
PfGB4_040017800|ATS|1|1757|2222	PD0494-C.g424	96.781	466	1	1	1	466	1751	2202	0.0	924
PfGB4_040017800|ATS|1|1757|2222	PV0117-C.g40	73.996	473	86	7	1	466	1559	2001	0.0	672
PfGB4_040017800|ATS|1|1757|2222	PV0211-C.g59	73.996	473	86	7	1	466	1844	2286	0.0	671
PfGB4_040017800|ATS|1|1757|2222	PV0128-C.g37	73.996	473	86	7	1	466	1844	2286	0.0	671
PfGB4_040018100|NTS|1|1|75	PT0242-Cx.g494	100.000	75	0	0	1	75	1	75	2.55e-40	142
PfGB4_040018100|NTS|1|1|75	PF0617-C.g431	100.000	75	0	0	1	75	1	75	3.61e-40	141
PfGB4_040018100|NTS|1|1|75	QG0190-C.g1199	72.000	75	14	1	1	75	1	68	2.92e-24	96.3
PfGB4_040018100|NTS|1|1|75	SenT046.11.g988	72.000	75	15	1	1	75	2	70	2.92e-24	96.3
PfGB4_040018100|NTS|1|1|75	PA0053-C.g745	72.000	75	11	1	1	75	1	65	8.15e-23	92.0
PfGB4_040018100|DBLa|1|76|507	PA0140-C.g389	100.000	432	0	0	1	432	66	497	0.0	900
PfGB4_040018100|DBLa|1|76|507	PA0140-C.g389	22.807	342	188	10	128	432	1101	1403	2.09e-17	87.4
PfGB4_040018100|DBLa|1|76|507	PT0242-Cx.g494	100.000	432	0	0	1	432	76	507	0.0	899
PfGB4_040018100|DBLa|1|76|507	PT0242-Cx.g494	22.807	342	188	10	128	432	1103	1405	1.95e-17	87.4
PfGB4_040018100|DBLa|1|76|507	PF0617-C.g431	100.000	432	0	0	1	432	76	507	0.0	899
PfGB4_040018100|DBLa|1|76|507	PF0617-C.g431	22.807	342	188	10	128	432	1117	1419	2.15e-17	87.4
PfGB4_040018100|DBLa|1|76|507	PM0138-C.g584	71.523	453	100	9	1	432	67	511	0.0	627
PfGB4_040018100|DBLa|1|76|507	PM0138-C.g584	23.203	306	164	10	105	361	1100	1383	1.90e-13	75.1
PfGB4_040018100|DBLa|1|76|507	PV0139-C.g123	71.946	442	104	9	1	432	70	501	0.0	617
PfGB4_040018100|DBLa|1|76|507	PV0139-C.g123	22.252	373	203	15	104	432	1052	1381	1.86e-14	78.2
PfGB4_040018100|CIDRa|1|508|806	PA0140-C.g389	100.000	299	0	0	1	299	498	796	0.0	624
PfGB4_040018100|CIDRa|1|508|806	PF0617-C.g431	100.000	299	0	0	1	299	508	806	0.0	624
PfGB4_040018100|CIDRa|1|508|806	PT0242-Cx.g494	98.333	300	4	1	1	299	508	807	0.0	613
PfGB4_040018100|CIDRa|1|508|806	PT0262-C.g11	71.197	309	72	6	1	299	199	500	1.81e-135	419
PfGB4_040018100|CIDRa|1|508|806	PA0209-C.g804	67.213	305	77	5	1	299	396	683	6.95e-128	400
PfGB4_040018100|DBLd|1|888|1415	QG0246-C.g3543	54.676	556	203	15	1	528	896	1430	6.27e-173	535
PfGB4_040018100|DBLd|1|888|1415	QG0246-C.g3543	25.094	267	150	8	196	453	181	406	7.18e-17	87.0
PfGB4_040018100|DBLd|1|888|1415	PV0129-C.g37	54.137	556	205	20	1	528	904	1437	1.42e-166	518
PfGB4_040018100|DBLd|1|888|1415	PV0129-C.g37	31.799	239	132	6	227	465	207	414	5.39e-16	84.0
PfGB4_040018100|DBLd|1|888|1415	PD0561-C.g578	53.261	552	211	18	1	528	844	1372	8.87e-164	509
PfGB4_040018100|DBLd|1|888|1415	PD0561-C.g578	34.211	190	110	8	350	528	291	476	9.88e-18	89.7
PfGB4_040018100|DBLd|1|888|1415	SenT105.07.g351	54.250	553	200	18	1	528	828	1352	3.46e-162	504
PfGB4_040018100|DBLd|1|888|1415	SenT105.07.g351	34.426	183	97	7	350	518	281	454	8.06e-19	93.2
PfGB4_040018100|DBLd|1|888|1415	PT0035-C.g466	53.382	547	192	19	1	528	884	1386	2.17e-161	499
PfGB4_040018100|DBLd|1|888|1415	PT0035-C.g466	23.925	372	202	13	181	528	162	476	9.40e-15	80.1
PfGB4_040018100|CIDRg|1|1416|1668	PA0256-C.g783	92.704	233	17	0	1	233	1390	1622	1.76e-146	450
PfGB4_040018100|CIDRg|1|1416|1668	PT0106-C.g753	71.371	248	62	3	1	244	1412	1654	3.67e-111	353
PfGB4_040018100|CIDRg|1|1416|1668	PT0225-C.g729	71.371	248	62	3	1	244	1387	1629	5.81e-111	352
PfGB4_040018100|CIDRg|1|1416|1668	PT0066-C.g705	71.371	248	62	3	1	244	1387	1629	5.81e-111	352
PfGB4_040018100|CIDRg|1|1416|1668	PfKE03.g15	71.371	248	62	3	1	244	1345	1587	1.18e-110	351
PfGB4_040018100|ATS|1|1810|2278	PF0489-C.g723	80.550	473	73	8	1	469	1717	2174	0.0	735
PfGB4_040018100|ATS|1|1810|2278	PA0209-C.g1047	74.691	486	77	8	1	467	1781	2239	0.0	699
PfGB4_040018100|ATS|1|1810|2278	PFKE12.g305	78.737	475	84	10	1	469	1823	2286	0.0	692
PfGB4_040018100|ATS|1|1810|2278	PFKE12.g150	76.858	471	99	7	1	469	1774	2236	0.0	684
PfGB4_040018100|ATS|1|1810|2278	PV0028-C.g25	72.222	486	89	8	1	467	1768	2226	0.0	668
PfGB4_040018400|NTS|1|1|65	PF0400-C.g379	100.000	65	0	0	1	65	1	65	7.21e-38	134
PfGB4_040018400|NTS|1|1|65	PA0146-C.g869	100.000	65	0	0	1	65	1	65	7.29e-38	134
PfGB4_040018400|NTS|1|1|65	PA0214-C.g979	100.000	65	0	0	1	65	1	65	7.36e-38	134
PfGB4_040018400|NTS|1|1|65	QG0256-C.g181	100.000	65	0	0	1	65	1	65	1.04e-37	134
PfGB4_040018400|NTS|1|1|65	PA0221-C.g852	100.000	65	0	0	1	65	1	65	1.06e-37	134
PfGB4_040018400|DBLa|1|66|466	PT0144-C.g105	100.000	401	0	0	1	401	66	466	0.0	842
PfGB4_040018400|DBLa|1|66|466	PT0144-C.g105	29.834	181	119	3	221	401	1174	1346	1.44e-12	72.0
PfGB4_040018400|DBLa|1|66|466	QG0256-C.g181	100.000	401	0	0	1	401	66	466	0.0	840
PfGB4_040018400|DBLa|1|66|466	QG0256-C.g181	30.688	189	109	8	219	401	1145	1317	4.55e-10	64.3
PfGB4_040018400|DBLa|1|66|466	PA0214-C.g979	100.000	401	0	0	1	401	66	466	0.0	840
PfGB4_040018400|DBLa|1|66|466	PA0214-C.g979	22.713	317	193	9	124	401	975	1278	6.03e-07	54.3
PfGB4_040018400|DBLa|1|66|466	PA0221-C.g852	100.000	401	0	0	1	401	66	466	0.0	840
PfGB4_040018400|DBLa|1|66|466	PA0221-C.g852	24.921	317	182	14	124	401	991	1290	2.94e-14	77.4
PfGB4_040018400|DBLa|1|66|466	PA0200-C.g734	100.000	401	0	0	1	401	66	466	0.0	840
PfGB4_040018400|DBLa|1|66|466	PA0200-C.g734	32.990	97	63	1	223	319	1132	1226	9.69e-09	60.1
PfGB4_040018400|CIDRa|1|467|718	PT0206-Cx.g105	100.000	252	0	0	1	252	398	649	1.40e-180	525
PfGB4_040018400|CIDRa|1|467|718	PT0144-C.g105	100.000	252	0	0	1	252	467	718	7.44e-178	527
PfGB4_040018400|CIDRa|1|467|718	PA0214-C.g979	100.000	252	0	0	1	252	467	718	5.29e-175	525
PfGB4_040018400|CIDRa|1|467|718	PA0221-C.g852	100.000	252	0	0	1	252	467	718	8.25e-175	525
PfGB4_040018400|CIDRa|1|467|718	PM0087-C.g503	100.000	252	0	0	1	252	467	718	8.28e-175	525
PfGB4_040018400|DBLd|1|799|1274	PA0049-C.g452	99.790	476	1	0	1	476	799	1274	0.0	978
PfGB4_040018400|DBLd|1|799|1274	PA0049-C.g452	29.508	183	112	6	309	476	286	466	5.84e-10	64.3
PfGB4_040018400|DBLd|1|799|1274	PA0214-C.g979	96.250	480	14	1	1	476	799	1278	0.0	945
PfGB4_040018400|DBLd|1|799|1274	PA0214-C.g979	29.508	183	112	6	309	476	286	466	6.60e-10	64.3
PfGB4_040018400|DBLd|1|799|1274	PF0400-C.g388	85.714	490	45	5	1	476	894	1372	0.0	781
PfGB4_040018400|DBLd|1|799|1274	PF0400-C.g388	26.693	251	146	8	164	404	181	403	2.42e-12	72.0
PfGB4_040018400|DBLd|1|799|1274	QE0395-C.g562	86.722	482	40	5	1	476	856	1319	0.0	780
PfGB4_040018400|DBLd|1|799|1274	QE0395-C.g562	25.312	320	179	12	176	476	246	524	4.66e-12	71.2
PfGB4_040018400|DBLd|1|799|1274	PA0146-C.g751	61.741	494	141	15	1	476	844	1307	1.10e-174	535
PfGB4_040018400|DBLd|1|799|1274	PA0146-C.g751	25.796	314	184	11	176	476	235	512	4.62e-13	74.3
PfGB4_040018400|CIDRb|1|1275|1527	PA0049-C.g452	99.605	253	1	0	1	253	1275	1527	1.28e-171	516
PfGB4_040018400|CIDRb|1|1275|1527	PA0049-C.g452	26.144	153	108	2	99	248	566	716	1.92e-08	57.0
PfGB4_040018400|CIDRb|1|1275|1527	PA0214-C.g979	99.605	253	1	0	1	253	1279	1531	1.31e-171	516
PfGB4_040018400|CIDRb|1|1275|1527	PA0214-C.g979	26.144	153	108	2	99	248	566	716	2.12e-08	57.0
PfGB4_040018400|CIDRb|1|1275|1527	QE0395-C.g562	99.605	253	1	0	1	253	1320	1572	5.97e-171	515
PfGB4_040018400|CIDRb|1|1275|1527	PF0400-C.g388	99.605	253	1	0	1	253	1373	1625	6.24e-171	516
PfGB4_040018400|CIDRb|1|1275|1527	PF0400-C.g388	39.706	68	41	0	102	169	647	714	3.91e-08	56.2
PfGB4_040018400|CIDRb|1|1275|1527	SenT066.08.g1364	64.062	256	84	4	1	250	694	947	5.72e-101	318
PfGB4_040018400|ATS|1|1623|2069	PV0246-C.g3	87.033	455	46	5	1	447	3066	3515	0.0	788
PfGB4_040018400|ATS|1|1623|2069	PFKE12.g18	80.562	463	72	6	1	447	1747	2207	0.0	734
PfGB4_040018400|ATS|1|1623|2069	PD0497-C.g400	80.514	467	61	9	2	447	2488	2945	0.0	731
PfGB4_040018400|ATS|1|1623|2069	PFKE11.g671	67.793	503	99	9	1	447	2046	2541	0.0	660
PfGB4_040018400|ATS|1|1623|2069	PFKE12.g305	74.409	465	91	7	1	441	1823	2283	0.0	659
PfGB4_040026000|NTS|1|1|60	PA0160-C.g1938	100.000	60	0	0	1	60	1	60	7.83e-35	125
PfGB4_040026000|NTS|1|1|60	SenT013.11.g322	100.000	60	0	0	1	60	1	60	9.74e-31	113
PfGB4_040026000|NTS|1|1|60	PA0092-C.g488	100.000	60	0	0	1	60	1	60	9.74e-31	113
PfGB4_040026000|NTS|1|1|60	PV0211-C.g64	76.786	56	13	0	5	60	10	65	4.96e-21	86.3
PfGB4_040026000|NTS|1|1|60	SenT044.10.g1345	79.592	49	10	0	12	60	20	68	2.08e-19	81.6
PfGB4_040026000|DBLa|1|61|493	PA0160-C.g1938	100.000	433	0	0	1	433	61	493	0.0	913
PfGB4_040026000|DBLa|1|61|493	QG0236-C.g2816	100.000	433	0	0	1	433	59	491	0.0	910
PfGB4_040026000|DBLa|1|61|493	QG0236-C.g2816	30.918	207	105	6	231	433	1237	1409	5.56e-16	83.2
PfGB4_040026000|DBLa|1|61|493	SenT013.11.g322	100.000	433	0	0	1	433	61	493	0.0	910
PfGB4_040026000|DBLa|1|61|493	SenT013.11.g322	27.273	209	109	7	230	433	1217	1387	9.86e-09	60.1
PfGB4_040026000|DBLa|1|61|493	PA0092-C.g488	100.000	433	0	0	1	433	61	493	0.0	910
PfGB4_040026000|DBLa|1|61|493	PA0092-C.g488	27.273	209	109	7	230	433	1217	1387	9.86e-09	60.1
PfGB4_040026000|DBLa|1|61|493	PV0211-C.g64	99.769	433	1	0	1	433	66	498	0.0	905
PfGB4_040026000|DBLa|1|61|493	PV0211-C.g64	32.234	273	117	10	185	433	1158	1386	1.22e-21	100
PfGB4_040026000|DBLa|1|61|493	PV0211-C.g64	30.196	255	144	9	19	265	2132	2360	2.36e-21	99.8
PfGB4_040026000|DBLa|1|61|493	PV0211-C.g64	20.323	310	181	9	48	335	1721	1986	2.99e-08	58.9
PfGB4_040026000|CIDRa|1|494|808	PA0160-C.g1938	100.000	315	0	0	1	315	494	808	0.0	649
PfGB4_040026000|CIDRa|1|494|808	QG0236-C.g2816	100.000	315	0	0	1	315	492	806	0.0	647
PfGB4_040026000|CIDRa|1|494|808	SenT013.11.g322	100.000	315	0	0	1	315	494	808	0.0	647
PfGB4_040026000|CIDRa|1|494|808	PA0092-C.g488	100.000	315	0	0	1	315	494	808	0.0	647
PfGB4_040026000|CIDRa|1|494|808	PV0211-C.g64	100.000	315	0	0	1	315	499	813	0.0	646
PfGB4_040026000|DBLd|1|913|1424	PA0260-C.g548	87.645	518	48	6	1	512	891	1398	0.0	867
PfGB4_040026000|DBLd|1|913|1424	PA0260-C.g548	31.579	114	63	5	337	449	298	397	2.66e-07	56.2
PfGB4_040026000|DBLd|1|913|1424	PM0144-C.g175	87.645	518	48	6	1	512	460	967	0.0	864
PfGB4_040026000|DBLd|1|913|1424	PV0082-C.g31	70.881	522	116	11	1	512	880	1375	0.0	672
PfGB4_040026000|DBLd|1|913|1424	PV0082-C.g31	23.232	198	111	5	250	446	246	403	7.09e-09	61.2
PfGB4_040026000|DBLd|1|913|1424	PV0020-C.g22	70.962	520	119	11	1	512	880	1375	0.0	671
PfGB4_040026000|DBLd|1|913|1424	PV0020-C.g22	23.232	198	111	5	250	446	246	403	8.69e-09	60.8
PfGB4_040026000|DBLd|1|913|1424	PV0115-C.g24	70.962	520	119	11	1	512	880	1375	0.0	671
PfGB4_040026000|DBLd|1|913|1424	PV0115-C.g24	23.232	198	111	5	250	446	246	403	8.76e-09	60.8
PfGB4_040026000|CIDRb|1|1425|1676	QG0209-C.g86	100.000	252	0	0	1	252	733	984	4.08e-180	524
PfGB4_040026000|CIDRb|1|1425|1676	PH0546-C.g799	100.000	252	0	0	1	252	1052	1303	5.51e-176	523
PfGB4_040026000|CIDRb|1|1425|1676	PT0095-C.g528	100.000	252	0	0	1	252	1355	1606	5.38e-174	524
PfGB4_040026000|CIDRb|1|1425|1676	PF0513-C.g6030	100.000	252	0	0	1	252	1352	1603	6.02e-174	524
PfGB4_040026000|CIDRb|1|1425|1676	PM0156-C.g355	100.000	252	0	0	1	252	1341	1592	6.84e-174	523
PfGB4_040026000|ATS|1|1785|2238	PV0082-C.g31	98.678	454	6	0	1	454	1736	2189	0.0	917
PfGB4_040026000|ATS|1|1785|2238	PFKE08.g229	98.458	454	7	0	1	454	1766	2219	0.0	911
PfGB4_040026000|ATS|1|1785|2238	PF0157-C.g49	97.137	454	13	0	1	454	2420	2873	0.0	897
PfGB4_040026000|ATS|1|1785|2238	PT0073-C.g233	97.577	454	11	0	1	454	743	1196	0.0	893
PfGB4_040026000|ATS|1|1785|2238	PM0098-C.g503	96.696	454	15	0	1	454	1704	2157	0.0	893
PfGB4_040031300|NTS|1|1|70	PC0073-C.g12	94.286	70	4	0	1	70	1	70	4.64e-39	137
PfGB4_040031300|NTS|1|1|70	PT0052-C.g223	94.286	70	4	0	1	70	1	70	5.07e-39	137
PfGB4_040031300|NTS|1|1|70	PM0144-C.g320	94.286	70	4	0	1	70	1	70	6.65e-39	137
PfGB4_040031300|NTS|1|1|70	PA0073-C.g549	94.286	70	4	0	1	70	1	70	6.71e-39	137
PfGB4_040031300|NTS|1|1|70	PF0113-C.g58	94.286	70	4	0	1	70	1	70	8.56e-39	137
PfGB4_040031300|DBLa|1|71|470	PFKE12.g2	90.773	401	36	1	1	400	71	471	0.0	711
PfGB4_040031300|DBLa|1|71|470	PFKE12.g2	36.036	222	102	8	55	264	1325	1518	1.21e-29	124
PfGB4_040031300|DBLa|1|71|470	PFKE12.g2	31.179	263	138	8	52	310	839	1062	3.94e-28	119
PfGB4_040031300|DBLa|1|71|470	PFKE12.g2	28.267	329	185	13	114	400	1976	2295	1.00e-17	88.2
PfGB4_040031300|DBLa|1|71|470	PT0225-C.g213	83.292	407	54	4	1	400	71	470	0.0	663
PfGB4_040031300|DBLa|1|71|470	PT0225-C.g213	30.588	340	170	11	8	323	1288	1585	1.95e-32	132
PfGB4_040031300|DBLa|1|71|470	PT0225-C.g213	30.476	315	156	13	8	310	796	1059	1.51e-30	126
PfGB4_040031300|DBLa|1|71|470	PT0225-C.g213	34.959	123	68	4	208	325	2167	2282	9.93e-11	66.2
PfGB4_040031300|DBLa|1|71|470	PT0117-C.g336	83.047	407	55	4	1	400	71	470	0.0	661
PfGB4_040031300|DBLa|1|71|470	PT0117-C.g336	34.295	312	174	9	13	322	799	1081	4.51e-43	163
PfGB4_040031300|DBLa|1|71|470	PT0117-C.g336	28.994	338	163	14	55	374	1350	1628	4.11e-26	113
PfGB4_040031300|DBLa|1|71|470	PT0117-C.g336	27.301	326	186	13	114	400	1982	2295	4.18e-17	86.3
PfGB4_040031300|DBLa|1|71|470	PA0195-C.g70	83.292	407	54	4	1	400	71	470	0.0	660
PfGB4_040031300|DBLa|1|71|470	PA0195-C.g70	30.476	315	156	12	8	310	796	1059	2.50e-30	125
PfGB4_040031300|DBLa|1|71|470	PA0195-C.g70	27.208	283	175	8	140	400	2364	2637	2.71e-18	89.7
PfGB4_040031300|DBLa|1|71|470	PA0195-C.g70	27.815	302	156	12	38	322	1690	1946	3.27e-16	83.6
PfGB4_040031300|DBLa|1|71|470	PA0195-C.g70	22.635	296	165	8	51	322	1289	1544	1.04e-10	66.2
PfGB4_040031300|DBLa|1|71|470	QG0249-C.g1018	83.047	407	55	4	1	400	71	470	0.0	659
PfGB4_040031300|DBLa|1|71|470	QG0249-C.g1018	31.690	284	150	9	55	324	842	1095	7.46e-33	133
PfGB4_040031300|DBLa|1|71|470	QG0249-C.g1018	25.602	332	191	11	114	400	2301	2621	1.91e-14	77.8
PfGB4_040031300|DBLa|1|71|470	QG0249-C.g1018	26.207	290	159	11	51	324	1290	1540	5.73e-14	76.6
PfGB4_040031300|DBLa|1|71|470	QG0249-C.g1018	29.605	152	83	5	176	319	1788	1923	3.29e-09	61.6
PfGB4_040031300|CIDRa|1|471|721	SenT231.08.g323	93.227	251	17	0	1	251	459	709	8.28e-157	476
PfGB4_040031300|CIDRa|1|471|721	PA0146-C.g1028	89.243	251	27	0	1	251	471	721	4.95e-151	457
PfGB4_040031300|CIDRa|1|471|721	PM0073-C.g396	89.243	251	27	0	1	251	471	721	2.15e-150	457
PfGB4_040031300|CIDRa|1|471|721	PM0015-C.g2	89.243	251	27	0	1	251	122	372	6.49e-149	460
PfGB4_040031300|CIDRa|1|471|721	PT0117-C.g336	89.243	251	27	0	1	251	471	721	1.21e-148	461
PfGB4_040031300|CIDRa|1|471|721	PT0117-C.g336	27.586	261	146	12	9	251	2312	2547	2.71e-07	53.5
PfGB4_040031300|DBLb|1|730|1210	PF0058-C.g360	68.526	502	126	9	1	481	726	1216	0.0	660
PfGB4_040031300|DBLb|1|730|1210	PF0058-C.g360	31.507	365	182	19	37	353	44	388	7.84e-26	114
PfGB4_040031300|DBLb|1|730|1210	PF0058-C.g360	26.450	431	206	15	95	481	1642	2005	1.24e-23	107
PfGB4_040031300|DBLb|1|730|1210	PF0058-C.g360	24.188	277	154	9	109	353	2064	2316	5.60e-11	67.8
PfGB4_040031300|DBLb|1|730|1210	PF0058-C.g360	25.439	342	168	15	55	352	1233	1531	8.94e-11	67.0
PfGB4_040031300|DBLb|1|730|1210	PM0086-C.g769	70.541	499	117	9	1	481	739	1225	0.0	654
PfGB4_040031300|DBLb|1|730|1210	PM0086-C.g769	30.357	448	198	14	71	481	1254	1624	2.25e-42	164
PfGB4_040031300|DBLb|1|730|1210	PM0086-C.g769	33.333	318	157	12	78	353	95	399	2.42e-35	142
PfGB4_040031300|DBLb|1|730|1210	PM0086-C.g769	24.643	280	161	9	100	352	1677	1933	3.62e-13	74.7
PfGB4_040031300|DBLb|1|730|1210	PA0084-C.g192	69.940	499	126	8	1	481	739	1231	0.0	649
PfGB4_040031300|DBLb|1|730|1210	PA0084-C.g192	30.695	417	172	12	111	481	1305	1650	8.10e-42	162
PfGB4_040031300|DBLb|1|730|1210	PA0084-C.g192	33.333	318	157	12	78	353	95	399	2.26e-35	143
PfGB4_040031300|DBLb|1|730|1210	PA0084-C.g192	24.643	280	161	9	100	352	1703	1959	3.15e-13	75.1
PfGB4_040031300|DBLb|1|730|1210	PA0061-C.g104	69.940	499	126	8	1	481	739	1231	0.0	649
PfGB4_040031300|DBLb|1|730|1210	PA0061-C.g104	30.695	417	172	12	111	481	1305	1650	8.10e-42	162
PfGB4_040031300|DBLb|1|730|1210	PA0061-C.g104	33.333	318	157	12	78	353	95	399	2.26e-35	143
PfGB4_040031300|DBLb|1|730|1210	PA0061-C.g104	24.643	280	161	9	100	352	1703	1959	3.15e-13	75.1
PfGB4_040031300|DBLb|1|730|1210	PF0417-C.g461	69.940	499	126	8	1	481	712	1204	0.0	648
PfGB4_040031300|DBLb|1|730|1210	PF0417-C.g461	30.918	414	173	14	111	481	1278	1621	1.35e-40	158
PfGB4_040031300|DBLb|1|730|1210	PF0417-C.g461	33.333	318	157	12	78	353	68	372	2.75e-35	142
PfGB4_040031300|DBLb|1|730|1210	PF0417-C.g461	24.643	280	161	9	100	352	1674	1930	3.23e-13	75.1
PfGB4_040031300|DBLg|1|1227|1594	PA0237-C.g83	100.000	368	0	0	1	368	1276	1643	0.0	770
PfGB4_040031300|DBLg|1|1227|1594	PA0237-C.g83	34.218	339	179	10	1	307	1662	1988	1.15e-45	170
PfGB4_040031300|DBLg|1|1227|1594	PA0237-C.g83	28.060	335	140	11	43	277	2262	2595	2.10e-26	113
PfGB4_040031300|DBLg|1|1227|1594	PA0237-C.g83	24.318	440	249	11	10	368	804	1240	5.90e-23	103
PfGB4_040031300|DBLg|1|1227|1594	PA0237-C.g83	23.636	330	189	12	44	323	130	446	8.58e-10	63.2
PfGB4_040031300|DBLg|1|1227|1594	PA0008-C.g533	100.000	368	0	0	1	368	602	969	0.0	770
PfGB4_040031300|DBLg|1|1227|1594	PA0008-C.g533	40.461	304	137	13	1	277	986	1272	4.07e-48	177
PfGB4_040031300|DBLg|1|1227|1594	PA0008-C.g533	25.432	405	156	11	47	317	1567	1959	1.19e-24	108
PfGB4_040031300|DBLg|1|1227|1594	PA0008-C.g533	25.750	400	209	12	48	368	195	585	1.47e-22	102
PfGB4_040031300|DBLg|1|1227|1594	PA0134-C.g400	100.000	368	0	0	1	368	1235	1602	0.0	769
PfGB4_040031300|DBLg|1|1227|1594	PA0134-C.g400	36.765	340	167	11	1	307	1619	1943	1.31e-52	190
PfGB4_040031300|DBLg|1|1227|1594	PA0134-C.g400	27.407	405	182	10	1	294	2150	2553	1.16e-32	132
PfGB4_040031300|DBLg|1|1227|1594	PA0134-C.g400	29.680	438	218	13	10	368	792	1218	2.20e-31	128
PfGB4_040031300|DBLg|1|1227|1594	PA0134-C.g400	21.071	280	163	8	46	279	121	388	1.63e-08	58.9
PfGB4_040031300|DBLg|1|1227|1594	PFKE06.g3	100.000	368	0	0	1	368	1249	1616	0.0	768
PfGB4_040031300|DBLg|1|1227|1594	PFKE06.g3	40.461	304	137	13	1	277	1633	1919	4.57e-48	177
PfGB4_040031300|DBLg|1|1227|1594	PFKE06.g3	25.432	405	156	11	47	317	2214	2606	1.27e-24	108
PfGB4_040031300|DBLg|1|1227|1594	PFKE06.g3	25.743	404	212	12	44	368	838	1232	1.54e-22	102
PfGB4_040031300|DBLg|1|1227|1594	PFKE06.g3	23.214	336	191	12	46	333	128	444	5.57e-11	66.6
PfGB4_040031300|DBLg|1|1227|1594	PA0100-C.g39	96.739	368	12	0	1	368	1223	1590	0.0	742
PfGB4_040031300|DBLg|1|1227|1594	PA0100-C.g39	35.621	306	160	8	1	278	1607	1903	1.86e-51	186
PfGB4_040031300|DBLg|1|1227|1594	PA0100-C.g39	29.708	377	200	12	48	368	836	1203	4.10e-36	142
PfGB4_040031300|DBLg|1|1227|1594	PA0100-C.g39	31.987	297	131	10	1	237	1988	2273	8.67e-34	135
PfGB4_040031300|DBLg|1|1227|1594	PA0100-C.g39	23.423	333	197	10	27	313	108	428	5.71e-13	72.8
PfGB4_040031300|DBLg|2|1613|1981	PC0063-C.g4550	99.458	369	2	0	1	369	1708	2076	0.0	768
PfGB4_040031300|DBLg|2|1613|1981	PC0063-C.g4550	39.353	371	168	17	1	337	1315	1662	9.17e-63	219
PfGB4_040031300|DBLg|2|1613|1981	PC0063-C.g4550	24.571	350	200	10	34	331	109	446	5.57e-17	85.1
PfGB4_040031300|DBLg|2|1613|1981	PC0063-C.g4550	26.038	265	157	9	47	293	863	1106	1.12e-16	84.3
PfGB4_040031300|DBLg|2|1613|1981	PT0184-C.g4311	98.645	369	5	0	1	369	1710	2078	0.0	762
PfGB4_040031300|DBLg|2|1613|1981	PT0184-C.g4311	48.505	301	139	10	1	290	2085	2380	8.16e-77	260
PfGB4_040031300|DBLg|2|1613|1981	PT0184-C.g4311	39.247	372	169	17	1	338	1317	1665	1.43e-62	219
PfGB4_040031300|DBLg|2|1613|1981	PT0184-C.g4311	36.203	395	208	13	1	369	2479	2855	4.02e-61	214
PfGB4_040031300|DBLg|2|1613|1981	PT0184-C.g4311	26.038	265	157	9	47	293	865	1108	1.34e-16	84.0
PfGB4_040031300|DBLg|2|1613|1981	PT0184-C.g4311	25.455	275	160	9	46	290	122	381	2.27e-13	74.3
PfGB4_040031300|DBLg|2|1613|1981	PF0638-C.g6416	98.374	369	6	0	1	369	1711	2079	0.0	761
PfGB4_040031300|DBLg|2|1613|1981	PF0638-C.g6416	39.353	371	168	17	1	337	1318	1665	1.10e-62	219
PfGB4_040031300|DBLg|2|1613|1981	PF0638-C.g6416	26.408	284	166	10	31	293	848	1109	5.13e-17	85.5
PfGB4_040031300|DBLg|2|1613|1981	PF0638-C.g6416	24.571	350	200	10	34	331	109	446	5.72e-17	85.1
PfGB4_040031300|DBLg|2|1613|1981	PT0206-Cx.g93	79.301	372	66	5	1	369	1970	2333	0.0	593
PfGB4_040031300|DBLg|2|1613|1981	PT0206-Cx.g93	37.059	340	179	12	1	331	1219	1532	2.11e-54	195
PfGB4_040031300|DBLg|2|1613|1981	PT0206-Cx.g93	36.056	355	184	13	1	337	1595	1924	1.74e-46	172
PfGB4_040031300|DBLg|2|1613|1981	PT0206-Cx.g93	28.571	266	146	7	47	285	837	1085	2.22e-19	92.4
PfGB4_040031300|DBLg|2|1613|1981	PT0206-Cx.g93	25.407	307	177	11	48	318	127	417	9.36e-14	75.5
PfGB4_040031300|DBLg|2|1613|1981	SenT136.09.g440	75.733	375	78	5	1	369	1330	1697	0.0	568
PfGB4_040031300|DBLg|2|1613|1981	SenT136.09.g440	34.804	204	104	6	1	179	1798	1997	1.10e-22	102
PfGB4_040031300|DBLg|2|1613|1981	SenT136.09.g440	26.302	384	206	14	9	339	825	1184	5.26e-20	94.4
PfGB4_040031300|DBLg|2|1613|1981	SenT136.09.g440	24.046	262	158	8	46	277	125	375	5.81e-12	69.7
PfGB4_040031300|DBLd|1|2136|2627	PF0058-C.g516	77.264	497	103	5	1	492	815	1306	0.0	709
PfGB4_040031300|DBLd|1|2136|2627	PF0058-C.g516	35.366	82	53	0	327	408	286	367	1.51e-10	66.6
PfGB4_040031300|DBLd|1|2136|2627	QG0295-C.g3526	62.004	529	135	11	1	492	482	981	0.0	588
PfGB4_040031300|DBLd|1|2136|2627	SenT044.10.g1116	62.004	529	135	11	1	492	786	1285	0.0	588
PfGB4_040031300|DBLd|1|2136|2627	SenT044.10.g1116	34.167	120	75	2	316	433	205	322	1.70e-12	72.8
PfGB4_040031300|DBLd|1|2136|2627	QE0429-C.g289	54.795	511	187	16	1	492	1816	2301	1.03e-156	495
PfGB4_040031300|DBLd|1|2136|2627	QE0429-C.g289	33.735	83	55	0	325	407	291	373	1.57e-10	66.6
PfGB4_040031300|DBLd|1|2136|2627	PF0399-C.g78	52.741	529	185	17	1	492	801	1301	7.04e-149	473
PfGB4_040031300|DBLd|1|2136|2627	PF0399-C.g78	26.420	352	172	11	166	492	192	481	1.18e-17	89.0
PfGB4_040031300|CIDRb|1|2628|2880	SenV092.05.g397	71.486	249	65	5	1	247	2770	3014	2.12e-102	328
PfGB4_040031300|CIDRb|1|2628|2880	SenT105.07.g185	71.486	249	65	5	1	247	1672	1916	3.51e-102	327
PfGB4_040031300|CIDRb|1|2628|2880	PT0109-C.g799	66.797	256	75	6	1	253	1386	1634	2.08e-96	311
PfGB4_040031300|CIDRb|1|2628|2880	QE0476-C.g466	66.397	247	74	5	1	244	1417	1657	6.39e-96	310
PfGB4_040031300|CIDRb|1|2628|2880	PV0251-C.g20	66.397	247	74	5	1	244	1417	1657	2.22e-95	308
PfGB4_040031300|ATS|1|3009|3433	PV0139-C.g51	83.411	428	68	2	1	425	2344	2771	0.0	726
PfGB4_040031300|ATS|1|3009|3433	PfKE04.g1	83.645	428	66	3	1	425	3373	3799	0.0	720
PfGB4_040031300|ATS|1|3009|3433	PC0085-C.g1320	84.742	426	61	3	2	425	2061	2484	0.0	719
PfGB4_040031300|ATS|1|3009|3433	PFKE11.g431	80.269	446	67	3	1	425	3005	3450	0.0	719
PfGB4_040031300|ATS|1|3009|3433	QE0463-C.g287	84.419	430	61	5	1	425	2589	3017	0.0	714
PfGB4_040031500|NTS|1|1|70	PF0417-C.g59	81.034	58	11	0	1	58	1	58	1.91e-25	99.4
PfGB4_040031500|NTS|1|1|70	PV0133-C.g110	68.056	72	21	1	1	70	1	72	1.11e-24	97.1
PfGB4_040031500|NTS|1|1|70	PV0233-C.g82	70.423	71	20	1	1	70	1	71	1.33e-24	96.7
PfGB4_040031500|NTS|1|1|70	PV0129-C.g49	70.423	71	20	1	1	70	1	71	1.33e-24	96.7
PfGB4_040031500|NTS|1|1|70	PF0730-C.g253	68.056	72	21	1	1	70	1	72	1.40e-24	96.7
PfGB4_040031500|DBLa|1|71|499	PT0158-C.g473	95.360	431	13	2	3	429	68	495	0.0	843
PfGB4_040031500|DBLa|1|71|499	PT0158-C.g473	27.839	273	136	8	60	331	2363	2575	3.00e-18	90.1
PfGB4_040031500|DBLa|1|71|499	PT0158-C.g473	40.196	102	60	1	231	331	1179	1280	7.28e-17	85.9
PfGB4_040031500|DBLa|1|71|499	PT0158-C.g473	24.910	277	152	13	66	328	1692	1926	6.91e-11	67.0
PfGB4_040031500|DBLa|1|71|499	PT0158-C.g473	27.570	214	107	8	64	271	2037	2208	1.02e-10	66.6
PfGB4_040031500|DBLa|1|71|499	PA0173-C.g721	68.934	441	117	7	1	429	61	493	0.0	553
PfGB4_040031500|DBLa|1|71|499	PA0173-C.g721	28.152	341	168	14	129	429	1115	1418	6.86e-15	79.7
PfGB4_040031500|DBLa|1|71|499	PC0097-C.g1366	66.667	435	113	9	16	429	78	501	0.0	551
PfGB4_040031500|DBLa|1|71|499	PC0097-C.g1366	26.568	271	135	10	114	327	1047	1310	2.04e-12	72.0
PfGB4_040031500|DBLa|1|71|499	PV0211-C.g12	68.642	405	98	12	32	429	93	475	3.52e-171	525
PfGB4_040031500|DBLa|1|71|499	PV0211-C.g12	32.317	164	98	6	168	327	1170	1324	1.24e-11	69.3
PfGB4_040031500|DBLa|1|71|499	PH0594-C.g454	68.642	405	98	12	32	429	93	475	3.52e-171	525
PfGB4_040031500|DBLa|1|71|499	PH0594-C.g454	32.317	164	98	6	168	327	1170	1324	1.24e-11	69.3
PfGB4_040031500|CIDRa|1|500|822	PF0737-C.g771	93.146	321	21	1	1	320	497	817	2.44e-172	523
PfGB4_040031500|CIDRa|1|500|822	QE0469-C.g1132	65.079	315	85	3	1	315	521	810	3.20e-120	381
PfGB4_040031500|CIDRa|1|500|822	PT0262-C.g608	60.635	315	101	2	1	315	480	771	4.24e-112	359
PfGB4_040031500|CIDRa|1|500|822	SenT119.09.g1200	62.462	333	84	5	1	319	506	811	5.08e-112	349
PfGB4_040031500|CIDRa|1|500|822	PH0594-C.g29	61.846	325	110	6	1	323	509	821	2.59e-110	353
PfGB4_040031500|DBLd|1|889|1403	PT0073-C.g576	55.556	531	189	18	1	515	892	1391	2.23e-156	489
PfGB4_040031500|DBLd|1|889|1403	PA0161-C.g564	55.556	531	179	16	1	515	875	1364	4.41e-155	485
PfGB4_040031500|DBLd|1|889|1403	QG0260-C.g955	50.829	543	195	17	1	515	840	1338	2.71e-150	472
PfGB4_040031500|DBLd|1|889|1403	QG0260-C.g955	28.079	203	109	9	339	515	306	497	1.43e-10	66.6
PfGB4_040031500|DBLd|1|889|1403	QG0264-C.g374	50.903	554	183	19	11	515	1209	1722	2.89e-148	470
PfGB4_040031500|DBLd|1|889|1403	QG0264-C.g374	27.577	388	137	10	1	384	796	1043	3.08e-30	128
PfGB4_040031500|DBLd|1|889|1403	QG0264-C.g374	23.605	466	237	22	102	515	94	492	1.60e-09	63.2
PfGB4_040031500|DBLd|1|889|1403	QG0298-C.g2278	51.149	522	195	14	12	515	230	709	2.60e-147	451
PfGB4_040031500|CIDRb|1|1404|1663	PA0161-C.g564	90.272	257	23	2	1	257	1365	1619	8.69e-155	473
PfGB4_040031500|CIDRb|1|1404|1663	PT0073-C.g576	90.514	253	19	2	1	251	1392	1641	7.16e-152	466
PfGB4_040031500|CIDRb|1|1404|1663	PT0073-C.g576	40.000	60	36	0	114	173	632	691	1.07e-07	55.1
PfGB4_040031500|CIDRb|1|1404|1663	PA0092-C.g743	88.372	258	25	3	1	257	1209	1462	3.40e-150	459
PfGB4_040031500|CIDRb|1|1404|1663	QG0264-C.g374	87.597	258	27	3	1	257	1723	1976	4.22e-147	455
PfGB4_040031500|CIDRb|1|1404|1663	PC0061-C.g850	76.046	263	52	5	1	260	776	1030	5.78e-125	384
PfGB4_040031500|ATS|1|1779|2240	PFKE09.g563	82.328	464	58	9	1	462	775	1216	0.0	710
PfGB4_040031500|ATS|1|1779|2240	PV0099-C.g26	85.225	467	60	6	1	462	2596	3058	0.0	710
PfGB4_040031500|ATS|1|1779|2240	PA0245-C.g998	79.443	467	82	8	1	462	1706	2163	0.0	704
PfGB4_040031500|ATS|1|1779|2240	PV0211-C.g126	76.117	515	60	11	1	462	841	1345	0.0	691
PfGB4_040031500|ATS|1|1779|2240	PA0245-C.g391	77.106	463	78	9	1	462	2512	2947	0.0	674
PfGB4_050005300|NTS|1|1|74	PM0020-C.g1180	93.151	73	5	0	2	74	5	77	5.61e-38	135
PfGB4_050005300|NTS|1|1|74	PF0158-C.g420	91.379	58	5	0	17	74	15	72	2.93e-29	110
PfGB4_050005300|NTS|1|1|74	QE0428-C.g772	87.500	56	7	0	19	74	12	67	2.60e-26	102
PfGB4_050005300|NTS|1|1|74	QE0427-C.g752	87.500	56	7	0	19	74	12	67	2.60e-26	102
PfGB4_050005300|NTS|1|1|74	QE0419-C.g564	84.746	59	9	0	16	74	9	67	2.63e-26	102
PfGB4_050005300|DBLa|1|75|488	PM0020-C.g1180	85.167	418	58	3	1	414	78	495	0.0	716
PfGB4_050005300|DBLa|1|75|488	PM0020-C.g1180	26.991	226	135	7	135	330	1082	1307	4.24e-11	67.4
PfGB4_050005300|DBLa|1|75|488	PV0134-C.g46	72.494	429	102	6	1	414	68	495	0.0	615
PfGB4_050005300|DBLa|1|75|488	PV0134-C.g46	26.906	223	120	5	133	318	1093	1309	1.37e-15	81.6
PfGB4_050005300|DBLa|1|75|488	PV0094-C.g60	72.494	429	102	6	1	414	68	495	0.0	614
PfGB4_050005300|DBLa|1|75|488	PV0094-C.g60	26.906	223	120	5	133	318	1093	1309	1.43e-15	81.6
PfGB4_050005300|DBLa|1|75|488	PH0932-C.g461	72.028	429	104	6	1	414	68	495	0.0	610
PfGB4_050005300|DBLa|1|75|488	PH0932-C.g461	30.841	214	135	6	118	322	1087	1296	9.25e-22	100
PfGB4_050005300|DBLa|1|75|488	PH0872-C.g730	72.028	429	104	6	1	414	68	495	0.0	610
PfGB4_050005300|CIDRa|1|489|790	PV0023-C.g119	86.195	297	33	2	1	297	615	903	3.25e-175	517
PfGB4_050005300|CIDRa|1|489|790	PV0023-C.g119	92.208	154	12	0	144	297	983	1136	3.36e-93	301
PfGB4_050005300|CIDRa|1|489|790	PV0094-C.g60	86.195	297	33	2	1	297	496	784	9.17e-171	518
PfGB4_050005300|CIDRa|1|489|790	PV0134-C.g46	86.195	297	33	2	1	297	496	784	1.25e-170	518
PfGB4_050005300|CIDRa|1|489|790	PH0872-C.g730	85.284	299	36	2	1	299	496	786	7.94e-170	516
PfGB4_050005300|CIDRa|1|489|790	PH0729-C.g490	85.284	299	36	2	1	299	496	786	7.94e-170	516
PfGB4_050005300|DBLd|1|877|1464	QG0226-C.g3148	54.892	603	195	20	1	588	876	1416	0.0	570
PfGB4_050005300|DBLd|1|877|1464	QG0226-C.g3148	30.151	199	102	6	415	588	316	502	4.49e-16	84.7
PfGB4_050005300|DBLd|1|877|1464	QG0295-C.g2236	52.665	638	216	20	1	588	1343	1944	6.67e-177	555
PfGB4_050005300|DBLd|1|877|1464	QG0295-C.g2236	30.500	200	106	7	415	588	307	499	1.63e-14	79.7
PfGB4_050005300|DBLd|1|877|1464	PT0048-C.g235	52.990	602	210	20	1	588	884	1426	3.62e-167	529
PfGB4_050005300|DBLd|1|877|1464	PT0048-C.g235	37.500	112	66	3	403	513	310	418	2.81e-13	75.9
PfGB4_050005300|DBLd|1|877|1464	PA0205-C.g599	49.436	621	228	18	1	588	894	1461	3.13e-164	514
PfGB4_050005300|DBLd|1|877|1464	PA0205-C.g599	30.952	210	107	9	408	588	311	511	9.10e-17	87.0
PfGB4_050005300|DBLd|1|877|1464	PF0206-C.g489	54.392	592	195	15	1	588	964	1484	2.20e-161	507
PfGB4_050005300|DBLd|1|877|1464	PF0206-C.g489	32.710	214	106	9	404	588	326	530	1.20e-17	89.7
PfGB4_050005300|CIDRg|1|1465|1723	PF0206-C.g489	100.000	259	0	0	1	259	1485	1743	1.31e-178	539
PfGB4_050005300|CIDRg|1|1465|1723	PA0209-C.g1579	72.519	262	68	4	1	259	1354	1614	1.54e-115	365
PfGB4_050005300|CIDRg|1|1465|1723	PM0113-C.g540	69.697	264	73	5	1	259	1299	1560	4.81e-113	358
PfGB4_050005300|CIDRg|1|1465|1723	PM0004-C.g322	69.697	264	73	5	1	259	1299	1560	4.81e-113	358
PfGB4_050005300|CIDRg|1|1465|1723	PF0159-C.g651	69.697	264	73	5	1	259	1299	1560	4.81e-113	358
PfGB4_050005300|ATS|1|1826|2330	PD0561-C.g263	77.120	507	63	9	1	505	2424	2879	0.0	745
PfGB4_050005300|ATS|1|1826|2330	PV0211-C.g126	77.885	520	85	12	1	505	841	1345	0.0	733
PfGB4_050005300|ATS|1|1826|2330	PV0117-C.g64	72.661	545	71	8	1	505	1194	1700	0.0	720
PfGB4_050005300|ATS|1|1826|2330	PH0643-C.g487	74.951	507	76	8	1	505	1677	2134	0.0	703
PfGB4_050005300|ATS|1|1826|2330	PV0139-C.g62	75.954	524	101	12	1	505	1704	2221	0.0	702
PfGB4_050005400|NTS|1|1|70	PD0638-C.g892	100.000	70	0	0	1	70	1	70	1.81e-43	150
PfGB4_050005400|NTS|1|1|70	QG0281-C.g211	100.000	70	0	0	1	70	1	70	2.01e-43	150
PfGB4_050005400|NTS|1|1|70	PF0590-C.g845	100.000	70	0	0	1	70	1	70	2.09e-43	150
PfGB4_050005400|NTS|1|1|70	QG0195-C.g73	100.000	70	0	0	1	70	1	70	2.30e-43	150
PfGB4_050005400|NTS|1|1|70	PT0008-CW.g14	100.000	70	0	0	1	70	1	70	2.48e-43	150
PfGB4_050005400|DBLa|1|71|469	PT0170-C.g246	100.000	399	0	0	1	399	71	469	0.0	843
PfGB4_050005400|DBLa|1|71|469	PT0170-C.g246	32.822	326	169	10	8	318	796	1086	4.19e-37	145
PfGB4_050005400|DBLa|1|71|469	PT0170-C.g246	31.132	318	160	8	21	319	1337	1614	1.73e-32	132
PfGB4_050005400|DBLa|1|71|469	PF0206-C.g81	100.000	399	0	0	1	399	71	469	0.0	838
PfGB4_050005400|DBLa|1|71|469	PF0206-C.g81	31.802	283	158	11	46	318	832	1089	6.81e-29	121
PfGB4_050005400|DBLa|1|71|469	PF0206-C.g81	31.429	280	145	11	55	318	1363	1611	1.06e-27	118
PfGB4_050005400|DBLa|1|71|469	PF0206-C.g81	29.570	186	99	8	229	399	2167	2335	3.71e-08	58.2
PfGB4_050005400|DBLa|1|71|469	PfKE02.g4	95.238	399	19	0	1	399	71	469	0.0	805
PfGB4_050005400|DBLa|1|71|469	PfKE02.g4	30.909	330	163	13	7	319	796	1077	5.02e-28	119
PfGB4_050005400|DBLa|1|71|469	PfKE02.g4	32.022	178	98	7	229	399	2511	2672	1.09e-14	78.6
PfGB4_050005400|DBLa|1|71|469	PfKE02.g4	23.323	313	172	9	37	317	1729	2005	1.31e-11	68.9
PfGB4_050005400|DBLa|1|71|469	PfKE02.g4	23.588	301	160	11	51	313	1260	1528	1.08e-07	56.6
PfGB4_050005400|DBLa|1|71|469	PA0038-C.g249	92.982	399	26	2	1	399	71	467	0.0	769
PfGB4_050005400|DBLa|1|71|469	PA0038-C.g249	30.000	380	194	15	21	368	1322	1661	1.83e-27	117
PfGB4_050005400|DBLa|1|71|469	PA0038-C.g249	29.129	333	172	14	8	317	795	1086	2.26e-25	111
PfGB4_050005400|DBLa|1|71|469	PF0489-C.g277	84.712	399	59	2	1	399	71	467	0.0	688
PfGB4_050005400|DBLa|1|71|469	PF0489-C.g277	35.146	239	120	12	55	275	837	1058	1.13e-26	115
PfGB4_050005400|DBLa|1|71|469	PF0489-C.g277	28.155	206	118	4	158	333	2378	2583	6.46e-15	79.3
PfGB4_050005400|DBLa|1|71|469	PF0489-C.g277	27.083	288	161	12	47	318	1677	1931	1.56e-10	65.9
PfGB4_050005400|DBLa|1|71|469	PF0489-C.g277	23.316	386	222	15	51	399	1274	1622	1.27e-09	62.8
PfGB4_050005400|CIDRa|1|470|721	PA0085-C.g5	99.603	252	1	0	1	252	102	353	2.10e-179	523
PfGB4_050005400|CIDRa|1|470|721	PA0038-C.g249	100.000	252	0	0	1	252	468	719	1.41e-173	523
PfGB4_050005400|CIDRa|1|470|721	PA0041-C.g635	99.603	252	1	0	1	252	67	318	1.53e-173	521
PfGB4_050005400|CIDRa|1|470|721	PT0170-C.g246	100.000	252	0	0	1	252	470	721	7.22e-172	527
PfGB4_050005400|CIDRa|1|470|721	PT0170-C.g246	26.267	217	104	6	1	185	2446	2638	1.05e-12	69.7
PfGB4_050005400|CIDRa|1|470|721	PA0232-C.g910	100.000	252	0	0	1	252	473	724	4.07e-171	525
PfGB4_050005400|DBLb|1|730|1215	PF0235-C.g498	93.679	443	9	2	1	424	736	1178	0.0	848
PfGB4_050005400|DBLb|1|730|1215	PF0235-C.g498	33.546	313	163	13	78	357	96	396	1.03e-34	140
PfGB4_050005400|DBLb|1|730|1215	PA0232-C.g910	83.573	487	70	4	1	486	733	1210	0.0	832
PfGB4_050005400|DBLb|1|730|1215	PA0232-C.g910	33.333	318	182	13	14	311	24	331	7.35e-35	141
PfGB4_050005400|DBLb|1|730|1215	PA0232-C.g910	25.672	335	189	10	55	356	1702	2009	1.47e-21	101
PfGB4_050005400|DBLb|1|730|1215	PA0232-C.g910	24.125	257	159	9	108	353	1275	1506	4.98e-13	74.3
PfGB4_050005400|DBLb|1|730|1215	PF0206-C.g81	79.065	492	93	6	1	486	730	1217	0.0	781
PfGB4_050005400|DBLb|1|730|1215	PF0206-C.g81	41.344	491	206	20	25	486	1272	1709	1.14e-93	313
PfGB4_050005400|DBLb|1|730|1215	PF0206-C.g81	33.240	358	196	13	79	409	91	432	2.01e-37	149
PfGB4_050005400|DBLb|1|730|1215	PM0019-C.g1766	78.049	492	92	6	1	486	731	1212	0.0	764
PfGB4_050005400|DBLb|1|730|1215	PM0019-C.g1766	40.000	520	231	17	1	486	1247	1719	6.28e-98	325
PfGB4_050005400|DBLb|1|730|1215	PM0019-C.g1766	33.155	374	209	14	14	356	24	387	2.32e-39	155
PfGB4_050005400|DBLb|1|730|1215	PT0170-C.g246	65.226	509	140	8	1	486	730	1224	0.0	665
PfGB4_050005400|DBLb|1|730|1215	PT0170-C.g246	37.647	510	222	17	11	486	1255	1702	1.10e-88	299
PfGB4_050005400|DBLb|1|730|1215	PT0170-C.g246	33.240	358	196	13	79	409	91	432	1.67e-37	149
PfGB4_050005400|DBLb|2|1284|1747	PM0152-C.g88	71.667	480	110	8	1	464	1808	2277	0.0	681
PfGB4_050005400|DBLb|2|1284|1747	PM0152-C.g88	27.412	456	254	17	6	415	13	437	2.94e-29	124
PfGB4_050005400|DBLb|2|1284|1747	PM0152-C.g88	23.512	336	172	12	125	407	2354	2657	4.22e-11	68.2
PfGB4_050005400|DBLb|2|1284|1747	PM0152-C.g88	25.188	266	162	9	125	371	800	1047	1.07e-08	60.5
PfGB4_050005400|DBLb|2|1284|1747	PV0133-C.g38	66.667	480	127	9	1	464	1809	2271	0.0	608
PfGB4_050005400|DBLb|2|1284|1747	PV0133-C.g38	30.634	284	136	9	126	370	126	387	1.12e-28	122
PfGB4_050005400|DBLb|2|1284|1747	PV0133-C.g38	28.745	247	143	11	125	354	799	1029	6.93e-10	64.3
PfGB4_050005400|DBLb|2|1284|1747	PM0024-C.g834	64.043	470	149	5	1	464	2236	2691	0.0	601
PfGB4_050005400|DBLb|2|1284|1747	PM0024-C.g834	41.529	484	217	20	1	464	740	1177	7.91e-93	310
PfGB4_050005400|DBLb|2|1284|1747	PM0024-C.g834	35.433	254	110	9	126	348	125	355	7.90e-30	125
PfGB4_050005400|DBLb|2|1284|1747	PM0024-C.g834	24.776	335	182	11	106	412	2731	3023	4.87e-14	77.4
PfGB4_050005400|DBLb|2|1284|1747	PM0024-C.g834	25.545	321	184	11	125	414	1240	1536	5.59e-13	73.9
PfGB4_050005400|DBLb|2|1284|1747	PC0061-C.g16	64.562	491	139	9	1	464	624	1106	0.0	600
PfGB4_050005400|DBLb|2|1284|1747	PC0061-C.g16	25.444	338	174	13	117	412	1195	1496	2.50e-16	84.3
PfGB4_050005400|DBLb|2|1284|1747	PD0545-C.g134	64.596	483	148	7	1	464	1972	2450	0.0	598
PfGB4_050005400|DBLb|2|1284|1747	PD0545-C.g134	30.945	307	136	11	116	376	119	395	1.69e-28	122
PfGB4_050005400|DBLd|1|1873|2395	PT0303-Cx.g1431	92.764	539	23	1	1	523	1883	2421	0.0	1006
PfGB4_050005400|DBLd|1|1873|2395	PT0303-Cx.g1431	37.037	81	45	1	359	439	303	377	3.42e-07	55.8
PfGB4_050005400|DBLd|1|1873|2395	PA0049-C.g140	92.950	539	22	1	1	523	2241	2779	0.0	1004
PfGB4_050005400|DBLd|1|1873|2395	PA0049-C.g140	25.859	495	203	16	1	493	1707	2039	5.30e-30	127
PfGB4_050005400|DBLd|1|1873|2395	PA0049-C.g140	25.180	278	137	8	184	461	189	395	6.34e-11	67.8
PfGB4_050005400|DBLd|1|1873|2395	PA0079-C.g240	92.950	539	22	1	1	523	2214	2752	0.0	1004
PfGB4_050005400|DBLd|1|1873|2395	PA0079-C.g240	25.859	495	203	16	1	493	1680	2012	5.90e-30	127
PfGB4_050005400|DBLd|1|1873|2395	PA0079-C.g240	25.180	278	137	8	184	461	189	395	6.12e-11	68.2
PfGB4_050005400|DBLd|1|1873|2395	PC0051-C.g415	52.548	569	193	17	1	523	823	1360	5.20e-166	511
PfGB4_050005400|DBLd|1|1873|2395	PC0051-C.g415	22.626	495	235	16	63	523	119	499	8.89e-13	73.6
PfGB4_050005400|DBLd|1|1873|2395	PFKE07.g1072	52.548	569	193	17	1	523	823	1360	1.54e-164	511
PfGB4_050005400|DBLd|1|1873|2395	PFKE07.g1072	22.626	495	235	16	63	523	119	499	1.05e-12	73.6
PfGB4_050005400|CIDRb|1|2396|2654	PT0303-Cx.g1431	100.000	259	0	0	1	259	2422	2680	2.24e-175	537
PfGB4_050005400|CIDRb|1|2396|2654	PA0049-C.g140	100.000	259	0	0	1	259	2780	3038	7.10e-175	536
PfGB4_050005400|CIDRb|1|2396|2654	PA0049-C.g140	28.440	109	69	2	90	190	554	661	8.86e-07	52.4
PfGB4_050005400|CIDRb|1|2396|2654	PA0079-C.g240	100.000	259	0	0	1	259	2753	3011	8.51e-175	536
PfGB4_050005400|CIDRb|1|2396|2654	PA0079-C.g240	28.440	109	69	2	90	190	554	661	9.27e-07	52.0
PfGB4_050005400|CIDRb|1|2396|2654	PD0497-C.g71	66.923	260	74	6	1	255	784	1036	1.43e-107	338
PfGB4_050005400|CIDRb|1|2396|2654	PV0035-C.g70	66.923	260	74	6	1	255	786	1038	1.33e-106	338
PfGB4_050005400|ATS|1|2793|3213	PC0113-C.g1115	89.100	422	45	1	1	421	3496	3917	0.0	771
PfGB4_050005400|ATS|1|2793|3213	PF0513-C.g5231	85.782	422	57	3	2	421	2389	2809	0.0	738
PfGB4_050005400|ATS|1|2793|3213	PFKE07.g1073	86.256	422	48	4	1	421	3671	4083	0.0	730
PfGB4_050005400|ATS|1|2793|3213	PFKE12.g2	84.687	431	55	5	1	421	2688	3117	0.0	728
PfGB4_050005400|ATS|1|2793|3213	QE0448-C.g49	83.841	427	63	4	1	421	2723	3149	0.0	721
PfGB4_050039200|CIDRa|1|36|288	QG0260-C.g200	87.352	253	32	0	1	253	452	704	1.68e-149	444
PfGB4_050039200|CIDRa|1|36|288	PM0037-C.g177	86.957	253	33	0	1	253	453	705	5.23e-149	449
PfGB4_050039200|CIDRa|1|36|288	PA0195-C.g272	90.119	253	25	0	1	253	461	713	6.69e-149	461
PfGB4_050039200|CIDRa|1|36|288	PF0692-C.g282	90.119	253	25	0	1	253	461	713	6.69e-149	461
PfGB4_050039200|CIDRa|1|36|288	PH0121-CW.g34	88.933	253	28	0	1	253	448	700	6.24e-148	459
PfGB4_050039200|DBLb|1|297|761	PT0117-C.g381	75.214	468	106	3	1	459	715	1181	0.0	691
PfGB4_050039200|DBLb|1|297|761	PT0117-C.g381	30.303	396	212	14	22	379	1636	2005	2.77e-33	136
PfGB4_050039200|DBLb|1|297|761	PT0117-C.g381	29.934	304	166	12	19	298	20	300	1.56e-23	107
PfGB4_050039200|DBLb|1|297|761	PT0117-C.g381	28.025	157	85	3	114	270	2110	2238	2.55e-10	65.5
PfGB4_050039200|DBLb|1|297|761	PT0117-C.g381	23.611	288	164	10	99	349	1267	1535	2.03e-07	56.2
PfGB4_050039200|DBLb|1|297|761	PM0134-C.g670	73.053	475	114	6	1	463	718	1190	0.0	691
PfGB4_050039200|DBLb|1|297|761	PM0134-C.g670	31.962	316	149	14	25	298	8	299	1.07e-27	119
PfGB4_050039200|DBLb|1|297|761	PM0134-C.g670	34.818	247	115	10	78	300	1695	1919	2.82e-25	112
PfGB4_050039200|DBLb|1|297|761	PM0134-C.g670	27.303	304	155	12	59	351	2071	2319	7.92e-15	79.7
PfGB4_050039200|DBLb|1|297|761	PM0134-C.g670	25.161	310	164	12	115	379	1276	1562	1.89e-08	59.7
PfGB4_050039200|DBLb|1|297|761	PT0264-C.g179	69.231	481	132	6	1	465	720	1200	0.0	674
PfGB4_050039200|DBLb|1|297|761	PT0264-C.g179	30.154	325	164	10	99	383	1696	1997	5.93e-32	132
PfGB4_050039200|DBLb|1|297|761	PT0264-C.g179	31.889	323	169	15	6	302	9	306	3.57e-26	115
PfGB4_050039200|DBLb|1|297|761	PT0264-C.g179	25.806	310	189	10	61	360	2054	2332	2.78e-14	78.2
PfGB4_050039200|DBLb|1|297|761	PT0264-C.g179	23.774	265	166	11	99	344	1275	1522	5.50e-07	55.1
PfGB4_050039200|DBLb|1|297|761	SenT097.11.g206	72.632	475	120	3	1	465	334	808	0.0	674
PfGB4_050039200|DBLb|1|297|761	SenT097.11.g206	29.859	355	190	14	62	379	1307	1639	5.77e-33	135
PfGB4_050039200|DBLb|1|297|761	SenT097.11.g206	26.515	264	149	7	114	363	1744	1976	1.28e-12	72.8
PfGB4_050039200|DBLb|1|297|761	SenT140.11.g357	72.632	475	120	3	1	465	341	815	0.0	673
PfGB4_050039200|DBLb|1|297|761	SenT140.11.g357	30.330	333	175	13	62	359	1314	1624	8.69e-32	131
PfGB4_050039200|DBLg|1|806|1184	PM0024-C.g869	75.066	381	89	5	1	379	1335	1711	0.0	581
PfGB4_050039200|DBLg|1|806|1184	PM0024-C.g869	24.316	329	198	13	31	328	1799	2107	6.01e-15	79.3
PfGB4_050039200|DBLg|1|806|1184	PM0024-C.g869	22.648	287	178	10	42	303	114	381	5.04e-10	63.9
PfGB4_050039200|DBLg|1|806|1184	PM0037-C.g519	73.491	381	95	5	1	379	87	463	0.0	570
PfGB4_050039200|DBLg|1|806|1184	PM0037-C.g519	23.237	241	154	8	31	261	552	771	2.28e-09	61.6
PfGB4_050039200|DBLg|1|806|1184	QG0196-C.g436	70.496	383	102	6	1	379	1200	1575	2.17e-170	525
PfGB4_050039200|DBLg|1|806|1184	QG0196-C.g436	25.784	287	175	11	31	300	1663	1928	1.37e-16	84.3
PfGB4_050039200|DBLg|1|806|1184	QG0196-C.g436	25.182	274	164	9	43	300	831	1079	2.62e-12	70.9
PfGB4_050039200|DBLg|1|806|1184	QG0196-C.g436	23.913	276	155	10	45	288	111	363	1.04e-10	65.9
PfGB4_050039200|DBLg|1|806|1184	PH0774-C.g1039	63.780	381	131	4	1	379	115	490	1.09e-165	492
PfGB4_050039200|DBLg|1|806|1184	PH0774-C.g1039	36.000	100	62	1	282	379	1	100	1.56e-13	74.7
PfGB4_050039200|DBLg|1|806|1184	PH0774-C.g1039	22.761	268	163	9	9	261	567	805	3.99e-08	57.8
PfGB4_050039200|DBLg|1|806|1184	QG0260-C.g165	62.992	381	134	4	1	379	235	610	1.24e-163	490
PfGB4_050039200|DBLg|1|806|1184	QG0260-C.g165	21.164	378	231	13	32	379	706	1046	4.90e-07	54.3
PfGB4_050039200|DBLz|1|1193|1611	PA0228-C.g694	89.048	420	44	2	1	419	822	1240	0.0	717
PfGB4_050039200|DBLz|1|1193|1611	PA0228-C.g694	29.348	368	199	11	23	363	5	338	8.00e-32	130
PfGB4_050039200|DBLz|1|1193|1611	PA0228-C.g694	21.000	400	232	13	65	419	453	813	8.91e-11	66.6
PfGB4_050039200|DBLz|1|1193|1611	PF0122-C.g425	86.429	420	56	1	1	419	1577	1996	0.0	716
PfGB4_050039200|DBLz|1|1193|1611	PF0122-C.g425	28.747	407	212	13	69	419	821	1205	2.43e-33	135
PfGB4_050039200|DBLz|1|1193|1611	PF0122-C.g425	27.344	384	233	10	48	392	58	434	1.31e-29	124
PfGB4_050039200|DBLz|1|1193|1611	PF0122-C.g425	26.667	375	188	15	78	419	1248	1568	3.51e-21	99.0
PfGB4_050039200|DBLz|1|1193|1611	PV0276-C.g20	85.000	420	62	1	1	419	2007	2426	0.0	713
PfGB4_050039200|DBLz|1|1193|1611	PV0276-C.g20	29.126	309	181	9	65	343	85	385	6.00e-26	113
PfGB4_050039200|DBLz|1|1193|1611	PV0276-C.g20	27.114	343	183	16	78	396	1662	1961	1.88e-15	81.3
PfGB4_050039200|DBLz|1|1193|1611	PV0129-C.g26	85.000	420	62	1	1	419	2058	2477	0.0	711
PfGB4_050039200|DBLz|1|1193|1611	PV0129-C.g26	28.250	400	217	16	48	391	64	449	1.18e-24	109
PfGB4_050039200|DBLz|1|1193|1611	PV0129-C.g26	22.911	371	226	13	78	419	1710	2049	1.78e-13	75.1
PfGB4_050039200|DBLz|1|1193|1611	PV0129-C.g26	22.611	314	152	12	154	390	1024	1323	1.32e-07	56.6
PfGB4_050039200|DBLz|1|1193|1611	PA0074-C.g328	87.857	420	49	2	1	419	1604	2022	0.0	711
PfGB4_050039200|DBLz|1|1193|1611	PA0074-C.g328	26.768	396	192	13	94	419	837	1204	1.74e-31	129
PfGB4_050039200|DBLz|1|1193|1611	PA0074-C.g328	26.667	375	207	15	65	390	80	435	5.80e-23	104
PfGB4_050039200|DBLz|1|1193|1611	PA0074-C.g328	25.175	286	168	14	79	339	1248	1512	1.03e-09	63.2
PfGB4_050039200|ATS|1|1697|2163	PV0028-C.g50	77.618	487	58	10	1	467	2600	3055	0.0	691
PfGB4_050039200|ATS|1|1697|2163	PT0219-C.g578	76.327	490	86	10	1	467	1736	2218	0.0	688
PfGB4_050039200|ATS|1|1697|2163	PfKE03.g242	76.016	492	73	8	1	467	1361	1832	0.0	681
PfGB4_050039200|ATS|1|1697|2163	PC0097-C.g664	76.360	478	72	7	1	467	2364	2811	0.0	680
PfGB4_050039200|ATS|1|1697|2163	PC0104-C.g515	74.745	491	98	6	1	467	1694	2182	0.0	674
PfGB4_060022000|NTS|1|1|64	QE0455-C.g199	100.000	64	0	0	1	64	1	64	8.48e-38	134
PfGB4_060022000|NTS|1|1|64	PA0074-C.g560	100.000	64	0	0	1	64	1	64	8.56e-38	134
PfGB4_060022000|NTS|1|1|64	QG0205-C.g324	79.688	64	13	0	1	64	1	64	6.27e-28	105
PfGB4_060022000|NTS|1|1|64	PF0314-C.g244	90.566	53	5	0	1	53	1	53	2.10e-26	101
PfGB4_060022000|NTS|1|1|64	PV0083-C.g62	86.792	53	7	0	1	53	1	53	3.83e-26	100
PfGB4_060022000|DBLa|1|67|482	PA0074-C.g560	100.000	416	0	0	1	416	67	482	0.0	871
PfGB4_060022000|DBLa|1|67|482	PA0074-C.g560	30.928	291	160	10	10	287	822	1084	9.45e-28	118
PfGB4_060022000|DBLa|1|67|482	PA0074-C.g560	27.961	304	153	11	123	416	1384	1631	5.78e-24	107
PfGB4_060022000|DBLa|1|67|482	QE0455-C.g199	99.760	416	1	0	1	416	67	482	0.0	867
PfGB4_060022000|DBLa|1|67|482	QE0455-C.g199	32.218	239	126	8	59	287	874	1086	1.98e-26	114
PfGB4_060022000|DBLa|1|67|482	QE0455-C.g199	26.974	304	156	10	123	416	1393	1640	1.13e-22	103
PfGB4_060022000|DBLa|1|67|482	PT0066-C.g366	82.254	417	67	3	1	416	67	477	0.0	697
PfGB4_060022000|DBLa|1|67|482	PT0066-C.g366	29.825	228	140	6	51	270	1708	1923	1.37e-25	112
PfGB4_060022000|DBLa|1|67|482	PT0066-C.g366	28.383	303	158	9	1	289	814	1071	1.96e-25	111
PfGB4_060022000|DBLa|1|67|482	PT0066-C.g366	22.715	361	195	14	1	331	1228	1534	1.68e-07	56.2
PfGB4_060022000|DBLa|1|67|482	PM0029-C.g1977	78.538	424	80	3	1	416	71	491	0.0	678
PfGB4_060022000|DBLa|1|67|482	PM0029-C.g1977	35.671	328	171	13	59	377	1377	1673	1.74e-42	162
PfGB4_060022000|DBLa|1|67|482	PM0029-C.g1977	34.505	313	159	12	1	297	844	1126	3.32e-37	146
PfGB4_060022000|DBLa|1|67|482	PM0029-C.g1977	29.289	239	119	10	48	280	1756	1950	2.89e-12	71.2
PfGB4_060022000|DBLa|1|67|482	PF0145-C.g394	75.540	417	92	5	1	416	73	480	0.0	628
PfGB4_060022000|DBLa|1|67|482	PF0145-C.g394	25.558	403	224	13	8	394	844	1186	5.90e-25	110
PfGB4_060022000|DBLa|1|67|482	PF0145-C.g394	22.185	302	170	9	55	332	1327	1587	4.30e-11	67.4
PfGB4_060022000|CIDRa|1|483|738	PA0074-C.g560	100.000	256	0	0	1	256	483	738	1.17e-172	525
PfGB4_060022000|CIDRa|1|483|738	PA0074-C.g560	28.571	154	105	3	34	184	1666	1817	9.12e-09	58.2
PfGB4_060022000|CIDRa|1|483|738	QE0455-C.g199	99.609	256	1	0	1	256	483	738	3.82e-172	523
PfGB4_060022000|CIDRa|1|483|738	QE0455-C.g199	28.571	154	105	3	34	184	1675	1826	7.52e-09	58.5
PfGB4_060022000|CIDRa|1|483|738	QE0424-C.g821	83.468	248	41	0	1	248	481	728	3.40e-127	393
PfGB4_060022000|CIDRa|1|483|738	PD0523-C.g503	83.468	248	41	0	1	248	481	728	5.33e-125	393
PfGB4_060022000|CIDRa|1|483|738	QG0205-C.g324	74.545	275	51	2	1	256	495	769	5.24e-123	387
PfGB4_060022000|DBLb|1|758|1226	PA0074-C.g560	100.000	469	0	0	1	469	758	1226	0.0	984
PfGB4_060022000|DBLb|1|758|1226	PA0074-C.g560	29.003	331	186	11	33	327	36	353	4.65e-27	117
PfGB4_060022000|DBLb|1|758|1226	PA0074-C.g560	28.837	215	92	8	182	354	1379	1574	3.47e-15	80.9
PfGB4_060022000|DBLb|1|758|1226	PC0031-C.g7	100.000	453	0	0	17	469	1	453	0.0	949
PfGB4_060022000|DBLb|1|758|1226	PC0031-C.g7	28.837	215	92	8	182	354	606	801	3.45e-15	80.9
PfGB4_060022000|DBLb|1|758|1226	QE0455-C.g199	94.480	471	24	1	1	469	758	1228	0.0	927
PfGB4_060022000|DBLb|1|758|1226	QE0455-C.g199	29.003	331	186	11	33	327	36	353	1.46e-27	119
PfGB4_060022000|DBLb|1|758|1226	QE0455-C.g199	27.876	226	102	8	171	354	1377	1583	6.67e-13	73.9
PfGB4_060022000|DBLb|1|758|1226	QG0256-C.g3167	63.948	466	148	8	19	469	752	1212	0.0	588
PfGB4_060022000|DBLb|1|758|1226	QG0256-C.g3167	30.392	408	206	12	92	469	1681	2040	5.64e-44	168
PfGB4_060022000|DBLb|1|758|1226	QG0256-C.g3167	29.147	422	226	16	33	408	40	434	2.21e-32	133
PfGB4_060022000|DBLb|1|758|1226	QG0256-C.g3167	25.725	276	159	7	114	365	1275	1528	8.79e-16	82.8
PfGB4_060022000|DBLb|1|758|1226	QG0275-C.g44	60.986	487	169	9	1	469	845	1328	0.0	586
PfGB4_060022000|DBLb|1|758|1226	QG0275-C.g44	30.612	343	154	13	82	356	82	408	5.59e-28	120
PfGB4_060022000|DBLb|1|758|1226	QG0275-C.g44	24.164	269	156	11	114	355	1394	1641	3.38e-11	68.6
PfGB4_060022000|DBLd|1|1247|1631	PA0074-C.g560	100.000	385	0	0	1	385	1247	1631	0.0	796
PfGB4_060022000|DBLd|1|1247|1631	PA0074-C.g560	25.915	355	197	12	87	385	138	482	2.65e-20	95.5
PfGB4_060022000|DBLd|1|1247|1631	PA0074-C.g560	25.574	305	141	12	46	328	871	1111	9.85e-15	78.6
PfGB4_060022000|DBLd|1|1247|1631	PC0031-C.g7	99.740	385	1	0	1	385	474	858	0.0	793
PfGB4_060022000|DBLd|1|1247|1631	PC0031-C.g7	25.574	305	141	12	46	328	98	338	8.45e-15	78.6
PfGB4_060022000|DBLd|1|1247|1631	QE0455-C.g199	83.673	392	57	1	1	385	1249	1640	0.0	652
PfGB4_060022000|DBLd|1|1247|1631	QE0455-C.g199	25.915	355	197	12	87	385	138	482	2.05e-20	95.9
PfGB4_060022000|DBLd|1|1247|1631	QE0455-C.g199	28.837	215	92	8	133	328	941	1113	1.19e-14	78.2
PfGB4_060022000|DBLd|1|1247|1631	QE0439-C.g635	82.741	394	58	3	1	385	917	1309	0.0	640
PfGB4_060022000|DBLd|1|1247|1631	QE0439-C.g635	31.780	236	104	9	175	362	254	480	5.07e-19	91.7
PfGB4_060022000|DBLd|1|1247|1631	QE0439-C.g635	30.798	263	125	10	88	339	204	420	4.73e-18	88.6
PfGB4_060022000|DBLd|1|1247|1631	QE0476-C.g529	82.741	394	58	3	1	385	1339	1731	0.0	639
PfGB4_060022000|DBLd|1|1247|1631	QE0476-C.g529	27.384	409	201	15	43	385	128	506	8.85e-24	105
PfGB4_060022000|DBLd|1|1247|1631	QE0476-C.g529	23.492	315	163	12	39	333	978	1234	3.17e-12	70.9
PfGB4_060022000|CIDRg|1|1632|1889	PC0031-C.g7	100.000	258	0	0	1	258	859	1116	0.0	531
PfGB4_060022000|CIDRg|1|1632|1889	QG0290-C.g1253	100.000	258	0	0	1	258	1287	1544	2.16e-177	533
PfGB4_060022000|CIDRg|1|1632|1889	QG0216-C.g1029	100.000	258	0	0	1	258	1287	1544	2.16e-177	533
PfGB4_060022000|CIDRg|1|1632|1889	PM0097-C.g941	100.000	258	0	0	1	258	1287	1544	2.16e-177	533
PfGB4_060022000|CIDRg|1|1632|1889	PV0209-C.g33	99.612	258	1	0	1	258	1345	1602	9.62e-176	529
PfGB4_060022000|ATS|1|2028|2402	PFKE09.g139	100.000	375	0	0	1	375	1707	2081	0.0	774
PfGB4_060022000|ATS|1|2028|2402	PV0084-C.g66	100.000	375	0	0	1	375	868	1242	0.0	772
PfGB4_060022000|ATS|1|2028|2402	PV0083-C.g70	99.467	375	2	0	1	375	1476	1850	0.0	769
PfGB4_060022000|ATS|1|2028|2402	PH0643-C.g581	90.212	378	34	1	1	375	2073	2450	0.0	704
PfGB4_060022000|ATS|1|2028|2402	PD0503-C.g356	73.947	380	80	6	1	375	932	1297	1.79e-173	519
PfGB4_070005800|NTS|1|1|56	PFKE08.g238	87.500	56	7	0	1	56	1	56	6.79e-27	102
PfGB4_070005800|NTS|1|1|56	QG0225-C.g3096	85.714	56	8	0	1	56	1	56	1.57e-26	101
PfGB4_070005800|NTS|1|1|56	PT0098-C.g384	85.714	56	8	0	1	56	1	56	2.08e-25	98.2
PfGB4_070005800|NTS|1|1|56	PV0286-C.g17	85.714	56	8	0	1	56	1	56	2.25e-25	98.2
PfGB4_070005800|NTS|1|1|56	PV0285-C.g37	85.714	56	8	0	1	56	1	56	2.25e-25	98.2
PfGB4_070005800|DBLa|1|57|476	PA0209-C.g582	67.654	439	120	6	1	420	58	493	0.0	590
PfGB4_070005800|DBLa|1|57|476	PA0209-C.g582	31.833	311	153	10	118	420	1850	2109	1.19e-27	118
PfGB4_070005800|DBLa|1|57|476	PA0209-C.g582	26.710	307	166	9	52	343	943	1205	1.81e-20	96.7
PfGB4_070005800|DBLa|1|57|476	PA0209-C.g582	28.296	311	151	12	51	337	1350	1612	2.37e-14	77.8
PfGB4_070005800|DBLa|1|57|476	PT0039-C.g275	65.646	457	118	6	1	420	65	519	0.0	580
PfGB4_070005800|DBLa|1|57|476	PT0039-C.g275	30.620	258	135	12	46	287	946	1175	9.49e-23	103
PfGB4_070005800|DBLa|1|57|476	PA0172-C.g777	64.224	464	116	6	1	420	57	514	0.0	575
PfGB4_070005800|DBLa|1|57|476	PA0172-C.g777	29.442	197	101	9	237	420	1283	1454	7.62e-09	60.5
PfGB4_070005800|DBLa|1|57|476	PFKE06.g15	66.814	452	107	10	1	420	57	497	0.0	573
PfGB4_070005800|DBLa|1|57|476	PFKE06.g15	29.167	336	180	11	115	420	1079	1386	5.20e-15	79.7
PfGB4_070005800|DBLa|1|57|476	QG0205-C.g517	67.447	427	126	7	1	420	63	483	0.0	568
PfGB4_070005800|DBLa|1|57|476	QG0205-C.g517	25.294	340	171	14	118	420	1482	1775	1.38e-15	81.6
PfGB4_070005800|DBLa|1|57|476	QG0205-C.g517	26.752	314	161	13	37	331	913	1176	2.73e-14	77.8
PfGB4_070005800|CIDRa|1|477|801	SenT125.11.g332	83.801	321	35	4	1	316	352	660	5.64e-157	481
PfGB4_070005800|CIDRa|1|477|801	PM0076-C.g308	79.751	321	49	3	1	316	526	835	3.03e-148	463
PfGB4_070005800|CIDRa|1|477|801	SenT190.09.g248	72.755	323	70	7	1	316	522	833	1.89e-133	418
PfGB4_070005800|CIDRa|1|477|801	PF0158-C.g453	71.609	317	66	5	1	316	505	798	6.08e-132	414
PfGB4_070005800|CIDRa|1|477|801	PA0187-C.g515	67.188	320	88	5	1	320	497	799	2.94e-129	407
PfGB4_070005800|DBLd|1|898|1497	PF0041-C.g245	52.298	631	157	16	1	600	1570	2087	1.21e-172	544
PfGB4_070005800|DBLd|1|898|1497	PH0500-CW.g547	47.533	608	222	20	1	600	827	1345	3.79e-152	477
PfGB4_070005800|DBLd|1|898|1497	PH0500-CW.g547	28.571	196	117	8	419	600	297	483	7.99e-11	67.8
PfGB4_070005800|DBLd|1|898|1497	PT0240-C.g702	47.021	621	249	17	1	600	840	1401	1.15e-151	480
PfGB4_070005800|DBLd|1|898|1497	PT0240-C.g702	28.713	202	130	6	407	600	297	492	1.05e-14	80.5
PfGB4_070005800|DBLd|1|898|1497	PA0209-C.g1446	49.844	640	196	27	1	600	830	1384	1.32e-150	476
PfGB4_070005800|DBLd|1|898|1497	PA0209-C.g1446	29.930	284	158	11	350	600	207	482	5.88e-13	74.7
PfGB4_070005800|DBLd|1|898|1497	PT0109-C.g791	46.625	637	217	23	1	600	827	1377	4.62e-148	469
PfGB4_070005800|DBLd|1|898|1497	PT0109-C.g791	29.439	214	131	6	401	600	271	478	1.77e-13	76.6
PfGB4_070005800|CIDRb|1|1498|1756	PF0041-C.g245	93.436	259	17	0	1	259	2088	2346	5.81e-161	496
PfGB4_070005800|CIDRb|1|1498|1756	PC0113-C.g664	66.540	263	78	4	1	259	2232	2488	2.60e-103	331
PfGB4_070005800|CIDRb|1|1498|1756	PT0242-Cx.g102	62.109	256	93	3	1	255	839	1091	1.90e-98	314
PfGB4_070005800|CIDRb|1|1498|1756	SenT232.08.g226	62.109	256	93	3	1	255	1315	1567	1.23e-97	315
PfGB4_070005800|CIDRb|1|1498|1756	SenT232.08.g226	37.500	104	63	1	156	259	1689	1790	8.63e-13	70.1
PfGB4_070005800|CIDRb|1|1498|1756	PF0730-C.g772	62.109	256	93	3	1	255	1309	1561	1.31e-97	314
PfGB4_070005800|ATS|1|1872|2306	PV0028-C.g43	88.813	438	45	4	1	435	1843	2279	0.0	785
PfGB4_070005800|ATS|1|1872|2306	PC0122-C.g20	82.460	439	68	6	2	435	2347	2781	0.0	728
PfGB4_070005800|ATS|1|1872|2306	PFKE07.g667	80.044	451	71	6	2	435	2366	2814	0.0	718
PfGB4_070005800|ATS|1|1872|2306	PFKE07.g1065	78.261	437	79	5	2	435	1645	2068	0.0	676
PfGB4_070005800|ATS|1|1872|2306	PF0489-C.g691	75.621	443	90	7	1	430	1767	2204	0.0	661
PfGB4_070006000|NTS|1|1|74	SenT136.09.g440	100.000	74	0	0	1	74	1	74	1.49e-42	148
PfGB4_070006000|NTS|1|1|74	PfKE03.g323	100.000	74	0	0	1	74	1	74	2.50e-42	147
PfGB4_070006000|NTS|1|1|74	PA0161-C.g45	100.000	74	0	0	1	74	1	74	1.73e-41	145
PfGB4_070006000|NTS|1|1|74	PA0221-C.g955	94.521	73	4	0	2	74	3	75	4.96e-38	135
PfGB4_070006000|NTS|1|1|74	PA0030-C.g1116	93.243	74	5	0	1	74	7	80	7.09e-38	134
PfGB4_070006000|DBLa|1|75|461	PfKE03.g323	100.000	387	0	0	1	387	75	461	0.0	813
PfGB4_070006000|DBLa|1|75|461	PfKE03.g323	31.437	334	152	13	8	315	821	1103	9.22e-27	115
PfGB4_070006000|DBLa|1|75|461	PfKE03.g323	33.516	182	102	6	219	387	2105	2280	1.40e-18	90.5
PfGB4_070006000|DBLa|1|75|461	PfKE03.g323	26.408	284	156	10	47	314	1360	1606	2.58e-16	83.6
PfGB4_070006000|DBLa|1|75|461	SenT136.09.g440	100.000	387	0	0	1	387	75	461	0.0	810
PfGB4_070006000|DBLa|1|75|461	SenT136.09.g440	31.884	276	139	10	55	315	867	1108	4.84e-26	112
PfGB4_070006000|DBLa|1|75|461	SenT136.09.g440	27.273	286	158	10	47	314	1365	1618	2.30e-18	89.7
PfGB4_070006000|DBLa|1|75|461	PA0161-C.g45	92.248	387	30	0	1	387	75	461	0.0	755
PfGB4_070006000|DBLa|1|75|461	PA0161-C.g45	28.531	354	179	15	1	331	813	1115	6.28e-21	97.4
PfGB4_070006000|DBLa|1|75|461	PA0161-C.g45	28.910	211	118	4	135	315	2330	2538	3.68e-18	89.4
PfGB4_070006000|DBLa|1|75|461	PA0161-C.g45	25.795	283	155	11	55	314	1623	1873	1.38e-13	75.1
PfGB4_070006000|DBLa|1|75|461	PA0161-C.g45	23.827	277	167	7	51	315	1265	1509	4.85e-13	73.6
PfGB4_070006000|DBLa|1|75|461	QE0404-C.g41	91.214	387	34	0	1	387	75	461	0.0	745
PfGB4_070006000|DBLa|1|75|461	QE0404-C.g41	29.412	289	169	10	51	330	857	1119	2.14e-25	110
PfGB4_070006000|DBLa|1|75|461	QE0404-C.g41	25.175	286	157	10	52	317	1702	1950	1.05e-15	81.6
PfGB4_070006000|DBLa|1|75|461	QE0404-C.g41	28.214	280	154	12	51	314	1318	1566	2.75e-11	67.8
PfGB4_070006000|DBLa|1|75|461	QE0404-C.g41	26.421	299	172	9	131	387	2392	2684	3.17e-11	67.8
PfGB4_070006000|DBLa|1|75|461	PT0230-Cx.g271	77.749	391	82	2	1	387	76	465	0.0	616
PfGB4_070006000|DBLa|1|75|461	PT0230-Cx.g271	33.121	314	162	12	53	345	1742	2028	4.85e-39	151
PfGB4_070006000|DBLa|1|75|461	PT0230-Cx.g271	30.032	313	159	13	55	341	897	1175	1.18e-28	120
PfGB4_070006000|DBLa|1|75|461	PT0230-Cx.g271	23.214	280	170	7	51	314	1302	1552	1.13e-11	69.3
PfGB4_070006000|DBLa|1|75|461	PT0230-Cx.g271	23.779	307	166	11	22	325	2103	2344	1.00e-09	63.2
PfGB4_070006000|CIDRd|1|462|719	SenT136.09.g440	100.000	258	0	0	1	258	462	719	3.90e-172	523
PfGB4_070006000|CIDRd|1|462|719	PfKE03.g323	100.000	258	0	0	1	258	462	719	3.08e-171	525
PfGB4_070006000|CIDRd|1|462|719	PfKE03.g323	34.951	206	123	5	46	245	2345	2545	1.57e-22	99.0
PfGB4_070006000|CIDRd|1|462|719	QE0404-C.g41	100.000	258	0	0	1	258	462	719	7.90e-171	525
PfGB4_070006000|CIDRd|1|462|719	QE0404-C.g41	31.250	224	143	5	36	254	2728	2945	3.39e-27	112
PfGB4_070006000|CIDRd|1|462|719	PT0073-C.g364	100.000	258	0	0	1	258	464	721	2.03e-169	520
PfGB4_070006000|CIDRd|1|462|719	PT0073-C.g364	36.546	249	150	6	3	249	2024	2266	3.63e-38	144
PfGB4_070006000|CIDRd|1|462|719	PA0161-C.g45	91.860	258	20	1	1	258	462	718	1.77e-142	443
PfGB4_070006000|CIDRd|1|462|719	PA0161-C.g45	30.078	256	160	8	11	258	2632	2876	8.47e-22	96.7
PfGB4_070006000|DBLb|1|751|1194	SenT136.09.g440	100.000	444	0	0	1	444	751	1194	0.0	926
PfGB4_070006000|DBLb|1|751|1194	SenT136.09.g440	27.751	418	240	17	2	374	5	405	1.49e-23	106
PfGB4_070006000|DBLb|1|751|1194	SenT136.09.g440	25.210	357	196	11	102	434	1358	1667	4.53e-19	92.8
PfGB4_070006000|DBLb|1|751|1194	PfKE03.g323	76.380	453	84	8	1	444	751	1189	0.0	656
PfGB4_070006000|DBLb|1|751|1194	PfKE03.g323	27.751	418	240	17	2	374	5	405	1.78e-23	106
PfGB4_070006000|DBLb|1|751|1194	PfKE03.g323	25.633	316	184	10	102	393	1353	1641	6.13e-17	86.3
PfGB4_070006000|DBLb|1|751|1194	QE0400-C.g320	66.667	474	116	7	1	444	742	1203	0.0	610
PfGB4_070006000|DBLb|1|751|1194	QE0400-C.g320	28.533	375	201	19	18	344	21	376	4.31e-26	114
PfGB4_070006000|DBLb|1|751|1194	QE0400-C.g320	29.248	359	198	13	116	444	1361	1693	3.19e-23	105
PfGB4_070006000|DBLb|1|751|1194	QE0400-C.g320	27.676	383	224	16	82	444	1722	2071	2.26e-20	97.1
PfGB4_070006000|DBLb|1|751|1194	PH0361-C.g257	66.667	474	116	7	1	444	742	1203	0.0	610
PfGB4_070006000|DBLb|1|751|1194	PH0361-C.g257	29.306	389	208	19	18	358	21	390	8.73e-29	122
PfGB4_070006000|DBLb|1|751|1194	PH0361-C.g257	29.248	359	198	13	116	444	1361	1693	4.04e-23	105
PfGB4_070006000|DBLb|1|751|1194	PH0361-C.g257	27.676	383	224	16	82	444	1722	2071	2.43e-20	96.7
PfGB4_070006000|DBLb|1|751|1194	QG0291-C.g1704	64.957	468	140	8	1	444	747	1214	0.0	566
PfGB4_070006000|DBLb|1|751|1194	QG0291-C.g1704	27.964	447	227	18	18	407	21	429	3.30e-32	132
PfGB4_070006000|DBLb|1|751|1194	QG0291-C.g1704	30.208	288	146	14	114	369	2469	2733	3.57e-21	99.4
PfGB4_070006000|DBLb|1|751|1194	QG0291-C.g1704	23.704	270	173	10	102	352	1353	1608	3.48e-11	68.2
PfGB4_070006000|DBLb|1|751|1194	QG0291-C.g1704	25.000	248	134	9	182	391	1841	2074	1.74e-08	59.7
PfGB4_070006000|DBLg|1|1330|1697	SenT136.09.g440	100.000	368	0	0	1	368	1330	1697	0.0	766
PfGB4_070006000|DBLg|1|1330|1697	SenT136.09.g440	39.512	205	94	7	1	178	1798	1999	4.94e-32	130
PfGB4_070006000|DBLg|1|1330|1697	SenT136.09.g440	24.930	357	197	11	29	338	852	1184	1.06e-18	90.5
PfGB4_070006000|DBLg|1|1330|1697	SenT136.09.g440	26.374	273	151	10	36	276	121	375	5.67e-15	79.0
PfGB4_070006000|DBLg|1|1330|1697	PT0052-C.g518	76.819	371	75	5	1	368	1270	1632	0.0	569
PfGB4_070006000|DBLg|1|1330|1697	PT0052-C.g518	34.771	371	204	12	19	368	789	1142	1.61e-54	195
PfGB4_070006000|DBLg|1|1330|1697	PT0052-C.g518	32.934	334	137	9	40	289	1690	2020	5.18e-40	153
PfGB4_070006000|DBLg|1|1330|1697	PT0052-C.g518	26.048	334	186	12	4	289	80	400	2.63e-17	86.3
PfGB4_070006000|DBLg|1|1330|1697	PC0063-C.g4550	75.467	375	79	5	1	368	1708	2076	0.0	566
PfGB4_070006000|DBLg|1|1330|1697	PC0063-C.g4550	42.289	402	171	19	1	368	1315	1689	3.89e-75	255
PfGB4_070006000|DBLg|1|1330|1697	PC0063-C.g4550	25.180	278	166	8	32	292	854	1106	3.41e-19	92.0
PfGB4_070006000|DBLg|1|1330|1697	PC0063-C.g4550	24.781	343	195	10	37	330	118	446	7.78e-19	90.9
PfGB4_070006000|DBLg|1|1330|1697	PF0638-C.g6416	75.733	375	78	5	1	368	1711	2079	0.0	565
PfGB4_070006000|DBLg|1|1330|1697	PF0638-C.g6416	42.040	402	172	18	1	368	1318	1692	4.57e-75	254
PfGB4_070006000|DBLg|1|1330|1697	PF0638-C.g6416	24.781	343	195	10	37	330	118	446	8.52e-19	90.9
PfGB4_070006000|DBLg|1|1330|1697	PF0638-C.g6416	24.825	286	169	8	28	292	849	1109	1.06e-17	87.4
PfGB4_070006000|DBLg|1|1330|1697	PT0184-C.g4311	75.467	375	79	5	1	368	1710	2078	0.0	563
PfGB4_070006000|DBLg|1|1330|1697	PT0184-C.g4311	51.961	306	120	11	1	289	2085	2380	6.42e-86	286
PfGB4_070006000|DBLg|1|1330|1697	PT0184-C.g4311	42.040	402	172	18	1	368	1317	1691	7.58e-75	254
PfGB4_070006000|DBLg|1|1330|1697	PT0184-C.g4311	38.636	396	196	15	1	368	2479	2855	7.61e-70	239
PfGB4_070006000|DBLg|1|1330|1697	PT0184-C.g4311	25.180	278	166	8	32	292	856	1108	3.55e-19	92.0
PfGB4_070006000|DBLg|1|1330|1697	PT0184-C.g4311	25.271	277	169	7	37	289	119	381	5.35e-16	82.4
PfGB4_070006000|DBLd|1|1817|2379	PM0049-C.g160	76.079	556	92	10	18	563	3145	3669	0.0	818
PfGB4_070006000|DBLd|1|1817|2379	PM0049-C.g160	25.916	382	146	13	145	523	2640	2887	6.92e-20	97.1
PfGB4_070006000|DBLd|1|1817|2379	PM0049-C.g160	26.409	337	127	11	150	486	2275	2490	5.74e-17	87.4
PfGB4_070006000|DBLd|1|1817|2379	PM0049-C.g160	31.522	184	108	5	394	563	1254	1433	1.79e-08	60.1
PfGB4_070006000|DBLd|1|1817|2379	PM0049-C.g160	30.556	108	55	1	392	499	718	805	2.24e-07	56.6
PfGB4_070006000|DBLd|1|1817|2379	PF0754-C.g533	54.514	576	200	20	2	563	970	1497	9.66e-177	548
PfGB4_070006000|DBLd|1|1817|2379	PF0754-C.g533	26.471	204	114	7	305	502	262	435	8.16e-12	70.9
PfGB4_070006000|DBLd|1|1817|2379	PF0417-C.g264	53.099	597	212	22	2	563	1326	1889	1.86e-172	541
PfGB4_070006000|DBLd|1|1817|2379	PF0417-C.g264	25.562	356	191	13	234	563	178	485	6.13e-17	87.4
PfGB4_070006000|DBLd|1|1817|2379	PT0261-Cx.g23	53.125	576	191	20	15	563	763	1286	9.56e-168	513
PfGB4_070006000|DBLd|1|1817|2379	PT0261-Cx.g23	34.615	104	56	4	390	489	167	262	1.56e-10	66.6
PfGB4_070006000|DBLd|1|1817|2379	PV0083-C.g59	52.787	574	198	19	3	563	901	1414	1.54e-166	519
PfGB4_070006000|DBLd|1|1817|2379	PV0083-C.g59	25.067	375	210	13	219	563	183	516	1.19e-13	76.6
PfGB4_070006000|CIDRg|1|2380|2654	PT0109-C.g749	77.778	261	55	3	1	260	1349	1607	9.82e-129	403
PfGB4_070006000|CIDRg|1|2380|2654	PA0018-C.g539	68.592	277	79	3	1	275	617	887	1.84e-125	383
PfGB4_070006000|CIDRg|1|2380|2654	PT0181-C.g2257	75.954	262	57	5	1	260	1456	1713	4.32e-122	385
PfGB4_070006000|CIDRg|1|2380|2654	PM0073-C.g126	71.631	282	65	7	1	275	1335	1608	1.93e-121	382
PfGB4_070006000|CIDRg|1|2380|2654	SenT165.09.g4260	74.340	265	50	7	1	260	731	982	4.23e-121	373
PfGB4_070006000|ATS|1|2750|3175	PV0211-C.g29	90.164	427	41	1	1	426	2905	3331	0.0	788
PfGB4_070006000|ATS|1|2750|3175	PV0147-C.g27	87.793	426	52	0	1	426	2912	3337	0.0	766
PfGB4_070006000|ATS|1|2750|3175	PV0116-C.g22	90.845	426	35	3	1	426	2087	2508	0.0	761
PfGB4_070006000|ATS|1|2750|3175	PfKE04.g1	85.948	427	59	1	1	426	3373	3799	0.0	751
PfGB4_070006000|ATS|1|2750|3175	PV0139-C.g51	85.981	428	58	2	1	426	2344	2771	0.0	748
PfGB4_070016900|NTS|1|1|61	PM0076-C.g1131	76.271	59	13	1	4	61	3	61	2.91e-21	87.0
PfGB4_070016900|NTS|1|1|61	PF0782-C.g180	69.841	63	17	1	1	61	1	63	3.83e-21	86.7
PfGB4_070016900|NTS|1|1|61	PM0161-C.g2899	69.841	63	17	1	1	61	1	63	4.06e-21	86.3
PfGB4_070016900|NTS|1|1|61	PA0050-C.g454	69.841	63	17	1	1	61	1	63	4.13e-21	86.3
PfGB4_070016900|NTS|1|1|61	PM0161-C.g2434	67.213	61	20	0	1	61	1	61	4.30e-21	86.3
PfGB4_070016900|DBLa|1|62|493	PM0085-C.g498	67.536	422	126	5	17	432	84	500	0.0	565
PfGB4_070016900|DBLa|1|62|493	PM0085-C.g498	24.031	387	221	13	80	432	1029	1376	1.70e-17	87.8
PfGB4_070016900|DBLa|1|62|493	PA0104-C.g413	67.277	437	119	11	12	432	80	508	0.0	563
PfGB4_070016900|DBLa|1|62|493	PA0104-C.g413	23.242	327	194	9	132	432	1199	1494	9.07e-17	85.5
PfGB4_070016900|DBLa|1|62|493	PA0149-C.g291	64.172	441	139	8	1	432	73	503	0.0	553
PfGB4_070016900|DBLa|1|62|493	PA0149-C.g291	24.571	350	199	11	107	432	1097	1405	1.89e-17	87.8
PfGB4_070016900|DBLa|1|62|493	PM0161-C.g2819	66.118	425	131	8	17	432	93	513	0.0	549
PfGB4_070016900|DBLa|1|62|493	PT0048-C.g426	63.415	451	140	8	1	432	68	512	3.22e-180	549
PfGB4_070016900|DBLa|1|62|493	PT0048-C.g426	22.193	374	211	14	97	432	1042	1373	7.20e-12	70.1
PfGB4_070016900|CIDRa|1|494|786	PH0148-CW.g115	68.106	301	86	5	1	293	194	492	9.87e-122	381
PfGB4_070016900|CIDRa|1|494|786	SenT143.09.g1398	67.577	293	83	6	1	292	500	781	2.43e-114	363
PfGB4_070016900|CIDRa|1|494|786	PD0582-C.g677	65.217	299	90	7	1	293	514	804	2.19e-112	358
PfGB4_070016900|CIDRa|1|494|786	PD0582-C.g677	37.879	66	41	0	133	198	1449	1514	2.46e-08	57.4
PfGB4_070016900|CIDRa|1|494|786	PD0472-C.g704	65.217	299	90	7	1	293	514	804	5.38e-112	357
PfGB4_070016900|CIDRa|1|494|786	QG0246-C.g9	62.925	294	90	3	1	293	498	773	1.38e-108	347
PfGB4_070016900|CIDRa|1|494|786	QG0246-C.g9	25.564	133	94	2	112	244	1454	1581	1.55e-07	55.1
PfGB4_070016900|DBLd|1|849|1331	QE0453-C.g1050	54.406	522	167	21	1	483	778	1267	2.48e-152	475
PfGB4_070016900|DBLd|1|849|1331	QE0453-C.g1050	27.139	339	194	12	163	483	167	470	1.50e-21	100
PfGB4_070016900|DBLd|1|849|1331	PV0195-C.g80	54.406	522	167	21	1	483	778	1267	2.48e-152	475
PfGB4_070016900|DBLd|1|849|1331	PV0195-C.g80	27.139	339	194	12	163	483	167	470	1.50e-21	100
PfGB4_070016900|DBLd|1|849|1331	PH0549-C.g849	54.406	522	167	21	1	483	778	1267	2.48e-152	475
PfGB4_070016900|DBLd|1|849|1331	PH0549-C.g849	27.139	339	194	12	163	483	167	470	1.50e-21	100
PfGB4_070016900|DBLd|1|849|1331	PH0248-C.g363	54.406	522	167	21	1	483	778	1267	2.48e-152	475
PfGB4_070016900|DBLd|1|849|1331	PH0248-C.g363	27.139	339	194	12	163	483	167	470	1.50e-21	100
PfGB4_070016900|DBLd|1|849|1331	PH0121-CW.g9	54.511	521	168	21	1	483	778	1267	7.35e-151	476
PfGB4_070016900|DBLd|1|849|1331	PH0121-CW.g9	27.139	339	194	12	163	483	167	470	3.20e-21	100
PfGB4_070016900|CIDRb|1|1332|1570	PA0056-C.g377	81.092	238	43	2	2	238	1343	1579	8.53e-124	387
PfGB4_070016900|CIDRb|1|1332|1570	QG0261-C.g1031	79.752	242	43	5	3	239	818	1058	1.05e-121	375
PfGB4_070016900|CIDRb|1|1332|1570	PT0299-Cx.g2339	79.752	242	43	5	3	239	1413	1653	4.88e-119	374
PfGB4_070016900|CIDRb|1|1332|1570	PM0073-C.g43	79.752	242	43	5	3	239	1405	1645	6.82e-119	374
PfGB4_070016900|CIDRb|1|1332|1570	PA0214-C.g897	75.304	247	46	5	1	238	1424	1664	2.08e-106	338
PfGB4_070016900|ATS|1|1677|2190	PV0089-C.g38	83.525	522	55	5	1	514	1747	2245	0.0	829
PfGB4_070016900|ATS|1|1677|2190	PV0099-C.g12	75.242	517	101	6	1	514	3295	3787	0.0	739
PfGB4_070016900|ATS|1|1677|2190	QE0444-C.g508	74.237	524	101	7	1	514	1928	2427	0.0	731
PfGB4_070016900|ATS|1|1677|2190	PD0590-C.g627	74.237	524	101	7	1	514	1894	2393	0.0	731
PfGB4_070016900|ATS|1|1677|2190	PD0510-C.g444	74.237	524	101	7	1	514	1930	2429	0.0	731
PfGB4_070017200|NTS|1|1|60	QE0438-C.g818	100.000	60	0	0	1	60	1	60	5.52e-35	125
PfGB4_070017200|NTS|1|1|60	QE0467-C.g956	100.000	60	0	0	1	60	1	60	6.51e-35	125
PfGB4_070017200|NTS|1|1|60	PF0456-C.g352	94.828	58	2	1	4	60	5	62	2.02e-29	110
PfGB4_070017200|NTS|1|1|60	QE0440-C.g60	94.828	58	2	1	4	60	5	62	3.38e-29	109
PfGB4_070017200|NTS|1|1|60	PM0124-C.g636	78.333	60	13	0	1	60	1	60	1.66e-23	93.2
PfGB4_070017200|DBLa|1|61|529	QE0467-C.g956	100.000	469	0	0	1	469	61	529	0.0	977
PfGB4_070017200|DBLa|1|61|529	QE0467-C.g956	24.011	379	189	12	125	469	1094	1407	1.81e-12	72.4
PfGB4_070017200|DBLa|1|61|529	QE0438-C.g818	100.000	469	0	0	1	469	61	529	0.0	976
PfGB4_070017200|DBLa|1|61|529	QE0438-C.g818	25.434	346	183	13	141	469	1121	1408	2.02e-13	75.5
PfGB4_070017200|DBLa|1|61|529	PF0456-C.g352	77.070	471	92	6	1	469	63	519	0.0	705
PfGB4_070017200|DBLa|1|61|529	PF0456-C.g352	26.048	334	183	14	154	469	1191	1478	1.67e-11	69.3
PfGB4_070017200|DBLa|1|61|529	PM0054-C.g37	78.166	458	84	5	12	469	63	504	0.0	702
PfGB4_070017200|DBLa|1|61|529	SenT058.11.g332	71.138	492	101	9	1	469	61	534	0.0	665
PfGB4_070017200|DBLa|1|61|529	SenT058.11.g332	23.364	321	168	9	178	469	1173	1444	1.25e-09	63.2
PfGB4_070017200|CIDRa|1|530|826	QE0438-C.g818	99.664	298	0	1	1	297	530	827	0.0	604
PfGB4_070017200|CIDRa|1|530|826	QE0438-C.g818	26.415	159	90	5	145	292	1511	1653	5.49e-07	53.5
PfGB4_070017200|CIDRa|1|530|826	QE0467-C.g956	99.664	298	0	1	1	297	530	827	0.0	603
PfGB4_070017200|CIDRa|1|530|826	PF0513-C.g434	62.838	296	98	7	1	288	487	778	5.63e-103	332
PfGB4_070017200|CIDRa|1|530|826	PF0513-C.g434	24.675	154	108	3	144	294	1544	1692	5.30e-07	53.5
PfGB4_070017200|CIDRa|1|530|826	PT0066-C.g667	60.201	299	104	4	1	293	514	803	2.55e-101	327
PfGB4_070017200|CIDRa|1|530|826	PD0514-C.g79	62.116	293	101	4	1	288	507	794	2.95e-101	320
PfGB4_070017200|DBLd|1|895|1375	PV0139-C.g36	54.757	515	176	16	1	481	2230	2721	3.20e-155	490
PfGB4_070017200|DBLd|1|895|1375	PV0139-C.g36	31.063	367	184	11	61	427	1755	2052	8.91e-39	153
PfGB4_070017200|DBLd|1|895|1375	PV0139-C.g36	22.260	292	164	12	211	481	221	470	1.01e-07	57.4
PfGB4_070017200|DBLd|1|895|1375	PV0084-C.g29	54.757	515	176	16	1	481	2230	2721	3.49e-155	490
PfGB4_070017200|DBLd|1|895|1375	PV0084-C.g29	31.063	367	184	11	61	427	1755	2052	8.42e-39	153
PfGB4_070017200|DBLd|1|895|1375	PV0084-C.g29	22.260	292	164	12	211	481	221	470	9.59e-08	57.4
PfGB4_070017200|DBLd|1|895|1375	QG0293-C.g1037	52.788	538	163	16	1	481	873	1376	3.24e-153	484
PfGB4_070017200|DBLd|1|895|1375	QG0293-C.g1037	30.345	290	116	9	71	358	1737	1942	2.44e-27	119
PfGB4_070017200|DBLd|1|895|1375	QG0293-C.g1037	24.268	239	140	8	187	419	175	378	5.09e-09	61.6
PfGB4_070017200|DBLd|1|895|1375	PF0041-C.g729	54.406	522	173	16	1	481	840	1337	3.43e-150	470
PfGB4_070017200|DBLd|1|895|1375	PF0041-C.g729	29.430	316	150	18	212	481	213	501	9.19e-11	67.0
PfGB4_070017200|DBLd|1|895|1375	PF0489-C.g729	55.754	504	159	20	17	481	871	1349	6.82e-147	461
PfGB4_070017200|DBLd|1|895|1375	PF0489-C.g729	29.151	271	136	17	241	481	256	500	8.78e-08	57.4
PfGB4_070017200|CIDRb|1|1376|1630	PV0084-C.g29	74.118	255	56	8	1	253	2722	2968	8.20e-112	355
PfGB4_070017200|CIDRb|1|1376|1630	PV0139-C.g36	74.118	255	56	8	1	253	2722	2968	8.36e-112	355
PfGB4_070017200|CIDRb|1|1376|1630	PT0098-C.g436	71.084	249	63	5	1	242	1742	1988	5.09e-106	338
PfGB4_070017200|CIDRb|1|1376|1630	QG0282-C.g938	66.544	272	72	7	1	255	1043	1312	2.99e-105	334
PfGB4_070017200|CIDRb|1|1376|1630	QG0282-C.g938	30.208	96	66	1	83	177	295	390	1.33e-08	57.8
PfGB4_070017200|CIDRb|1|1376|1630	PM0037-C.g556	68.924	251	72	5	1	249	2699	2945	3.15e-102	328
PfGB4_070017200|ATS|1|1734|2188	PF0489-C.g723	83.585	463	63	6	1	455	1717	2174	0.0	757
PfGB4_070017200|ATS|1|1734|2188	PF0092-C.g708	82.278	474	62	6	1	453	1720	2192	0.0	745
PfGB4_070017200|ATS|1|1734|2188	QE0454-C.g647	82.068	474	63	6	1	453	1716	2188	0.0	743
PfGB4_070017200|ATS|1|1734|2188	PC0113-C.g606	77.637	474	83	7	1	453	1758	2229	0.0	696
PfGB4_070017200|ATS|1|1734|2188	PFKE12.g150	76.989	465	95	8	1	455	1774	2236	0.0	685
PfGB4_070017600|NTS|1|1|59	PA0173-C.g539	100.000	59	0	0	1	59	1	59	8.95e-33	119
PfGB4_070017600|NTS|1|1|59	SenT067.11.g313	78.182	55	12	0	5	59	8	62	5.87e-23	91.7
PfGB4_070017600|NTS|1|1|59	PA0220-C.g650	73.333	60	15	1	1	59	1	60	1.58e-21	87.4
PfGB4_070017600|NTS|1|1|59	PF0207-C.g471	73.333	60	15	1	1	59	1	60	2.11e-21	87.0
PfGB4_070017600|NTS|1|1|59	QG0276-C.g785	66.102	59	20	0	1	59	1	59	2.58e-19	81.3
PfGB4_070017600|DBLa|1|62|470	PA0173-C.g539	100.000	409	0	0	1	409	62	470	0.0	864
PfGB4_070017600|DBLa|1|62|470	PA0173-C.g539	32.399	321	161	13	54	362	891	1167	2.68e-31	129
PfGB4_070017600|DBLa|1|62|470	PA0173-C.g539	27.946	297	166	11	119	409	1823	2077	6.13e-19	92.0
PfGB4_070017600|DBLa|1|62|470	PM0077-C.g1856	76.755	413	86	5	1	409	67	473	0.0	642
PfGB4_070017600|DBLa|1|62|470	PM0077-C.g1856	26.914	431	244	15	16	409	1264	1660	1.90e-31	129
PfGB4_070017600|DBLa|1|62|470	PM0077-C.g1856	29.368	269	149	8	25	272	2377	2625	1.45e-21	100
PfGB4_070017600|DBLa|1|62|470	PM0077-C.g1856	28.261	322	160	14	3	314	846	1106	8.36e-21	97.8
PfGB4_070017600|DBLa|1|62|470	PM0077-C.g1856	24.425	348	189	13	19	360	1976	2255	4.05e-14	77.0
PfGB4_070017600|DBLa|1|62|470	PH0516-C.g294	76.755	413	86	5	1	409	67	473	0.0	642
PfGB4_070017600|DBLa|1|62|470	PH0516-C.g294	26.914	431	244	15	16	409	1264	1660	1.99e-31	129
PfGB4_070017600|DBLa|1|62|470	PH0516-C.g294	28.996	269	150	8	25	272	2377	2625	3.49e-21	99.0
PfGB4_070017600|DBLa|1|62|470	PH0516-C.g294	28.261	322	160	14	3	314	846	1106	8.75e-21	97.4
PfGB4_070017600|DBLa|1|62|470	PH0516-C.g294	24.425	348	189	13	19	360	1976	2255	4.27e-14	77.0
PfGB4_070017600|DBLa|1|62|470	PH0367-C.g162	76.755	413	86	5	1	409	67	473	0.0	642
PfGB4_070017600|DBLa|1|62|470	PH0367-C.g162	26.914	431	244	15	16	409	1264	1660	1.90e-31	129
PfGB4_070017600|DBLa|1|62|470	PH0367-C.g162	29.368	269	149	8	25	272	2377	2625	1.45e-21	100
PfGB4_070017600|DBLa|1|62|470	PH0367-C.g162	28.261	322	160	14	3	314	846	1106	8.36e-21	97.8
PfGB4_070017600|DBLa|1|62|470	PH0367-C.g162	24.425	348	189	13	19	360	1976	2255	4.05e-14	77.0
PfGB4_070017600|DBLa|1|62|470	PH0510-C.g114	76.755	413	86	5	1	409	67	473	0.0	642
PfGB4_070017600|DBLa|1|62|470	PH0510-C.g114	26.914	431	244	15	16	409	1264	1660	1.94e-31	129
PfGB4_070017600|DBLa|1|62|470	PH0510-C.g114	29.368	269	149	8	25	272	2377	2625	1.44e-21	100
PfGB4_070017600|DBLa|1|62|470	PH0510-C.g114	28.261	322	160	14	3	314	846	1106	8.67e-21	97.4
PfGB4_070017600|DBLa|1|62|470	PH0510-C.g114	24.425	348	189	13	19	360	1976	2255	4.05e-14	77.0
PfGB4_070017600|CIDRa|1|471|764	PA0173-C.g539	100.000	294	0	0	1	294	471	764	0.0	603
PfGB4_070017600|CIDRa|1|471|764	PfKE04.g219	76.431	297	57	5	1	294	2202	2488	3.22e-141	441
PfGB4_070017600|CIDRa|1|471|764	PfKE04.g219	37.919	298	126	11	1	280	487	743	5.89e-45	165
PfGB4_070017600|CIDRa|1|471|764	PH0497-CW.g377	72.222	288	56	5	1	281	476	746	2.77e-121	384
PfGB4_070017600|CIDRa|1|471|764	PC0057-C.g448	74.306	288	63	5	1	284	459	739	7.03e-119	370
PfGB4_070017600|CIDRa|1|471|764	PA0027-C.g251	71.667	300	72	6	1	294	477	769	2.27e-118	376
PfGB4_070017600|DBLb|1|774|1247	PA0173-C.g539	100.000	474	0	0	1	474	774	1247	0.0	993
PfGB4_070017600|DBLb|1|774|1247	PA0173-C.g539	32.399	321	161	13	118	394	115	423	4.58e-31	129
PfGB4_070017600|DBLb|1|774|1247	PA0173-C.g539	24.503	302	155	13	103	369	1309	1572	2.47e-12	72.0
PfGB4_070017600|DBLb|1|774|1247	PA0173-C.g539	23.684	342	182	13	105	390	1724	2042	1.02e-07	57.4
PfGB4_070017600|DBLb|1|774|1247	SenT165.09.g1100	72.912	491	108	6	1	474	821	1303	0.0	683
PfGB4_070017600|DBLb|1|774|1247	SenT165.09.g1100	30.897	301	140	9	118	358	125	417	5.18e-31	129
PfGB4_070017600|DBLb|1|774|1247	SenT165.09.g1100	26.897	290	142	12	92	343	1387	1644	2.35e-11	68.9
PfGB4_070017600|DBLb|1|774|1247	PM0097-C.g183	72.912	491	108	6	1	474	821	1303	0.0	683
PfGB4_070017600|DBLb|1|774|1247	PM0097-C.g183	30.897	301	140	9	118	358	125	417	5.18e-31	129
PfGB4_070017600|DBLb|1|774|1247	PM0097-C.g183	26.897	290	142	12	92	343	1387	1644	2.35e-11	68.9
PfGB4_070017600|DBLb|1|774|1247	PF0789-C.g198	69.835	484	131	8	1	474	751	1229	0.0	619
PfGB4_070017600|DBLb|1|774|1247	PF0789-C.g198	28.868	433	239	16	14	411	2422	2820	2.70e-43	166
PfGB4_070017600|DBLb|1|774|1247	PF0789-C.g198	34.375	256	115	6	118	340	122	357	4.87e-30	127
PfGB4_070017600|DBLb|1|774|1247	PF0789-C.g198	25.444	338	193	13	117	428	2105	2409	5.08e-13	74.3
PfGB4_070017600|DBLb|1|774|1247	PM0018-C.g197	65.217	483	141	9	1	474	222	686	0.0	599
PfGB4_070017600|DBLb|1|774|1247	PM0018-C.g197	29.495	495	237	22	21	474	1770	2193	7.04e-36	144
PfGB4_070017600|DBLb|1|774|1247	PM0018-C.g197	21.293	263	180	6	117	372	1452	1694	7.27e-11	67.4
PfGB4_070017600|DBLb|1|774|1247	PM0018-C.g197	21.065	413	228	14	101	434	730	1123	2.96e-08	58.9
PfGB4_070017600|DBLg|1|1278|1631	PA0173-C.g539	100.000	354	0	0	1	354	1278	1631	0.0	738
PfGB4_070017600|DBLg|1|1278|1631	PA0173-C.g539	33.898	354	155	13	1	286	1670	2012	1.80e-45	169
PfGB4_070017600|DBLg|1|1278|1631	PA0173-C.g539	22.603	292	173	8	32	295	876	1142	1.84e-12	71.2
PfGB4_070017600|DBLg|1|1278|1631	PA0173-C.g539	22.000	300	170	10	44	292	111	397	8.11e-07	53.5
PfGB4_070017600|DBLg|1|1278|1631	PF0288-C.g287	68.802	359	102	3	1	354	1252	1605	4.38e-159	495
PfGB4_070017600|DBLg|1|1278|1631	PF0288-C.g287	34.706	340	159	12	1	288	1642	1970	5.46e-46	170
PfGB4_070017600|DBLg|1|1278|1631	PF0288-C.g287	24.028	283	160	8	32	285	861	1117	7.78e-14	75.5
PfGB4_070017600|DBLg|1|1278|1631	PF0288-C.g287	23.667	300	167	9	44	291	114	403	5.27e-11	66.6
PfGB4_070017600|DBLg|1|1278|1631	QG0250-C.g1273	69.722	360	97	6	1	354	1227	1580	1.24e-156	488
PfGB4_070017600|DBLg|1|1278|1631	QG0250-C.g1273	27.123	365	146	10	40	284	1670	2034	4.28e-30	124
PfGB4_070017600|DBLg|1|1278|1631	QG0250-C.g1273	26.493	268	138	8	31	266	843	1083	6.16e-15	78.6
PfGB4_070017600|DBLg|1|1278|1631	QG0250-C.g1273	22.876	306	162	12	39	288	110	397	2.49e-08	58.2
PfGB4_070017600|DBLg|1|1278|1631	QG0249-C.g164	69.722	360	97	6	1	354	1227	1580	1.24e-156	488
PfGB4_070017600|DBLg|1|1278|1631	QG0249-C.g164	27.123	365	146	10	40	284	1670	2034	4.28e-30	124
PfGB4_070017600|DBLg|1|1278|1631	QG0249-C.g164	26.493	268	138	8	31	266	843	1083	6.16e-15	78.6
PfGB4_070017600|DBLg|1|1278|1631	QG0249-C.g164	22.876	306	162	12	39	288	110	397	2.49e-08	58.2
PfGB4_070017600|DBLg|1|1278|1631	SenT165.09.g1100	66.575	362	113	3	1	354	1367	1728	3.54e-153	479
PfGB4_070017600|DBLg|1|1278|1631	SenT165.09.g1100	27.500	400	164	14	12	286	1777	2175	2.25e-30	124
PfGB4_070017600|DBLd|1|1670|2077	PA0173-C.g539	100.000	408	0	0	1	408	1670	2077	0.0	844
PfGB4_070017600|DBLd|1|1670|2077	PA0173-C.g539	33.898	354	155	13	1	343	1278	1563	3.93e-45	169
PfGB4_070017600|DBLd|1|1670|2077	PA0173-C.g539	28.333	300	167	12	151	408	177	470	6.75e-19	91.7
PfGB4_070017600|DBLd|1|1670|2077	PA0173-C.g539	23.729	295	147	11	55	327	878	1116	1.82e-08	59.3
PfGB4_070017600|DBLd|1|1670|2077	PH0589-C.g238	99.755	408	1	0	1	408	1595	2002	0.0	839
PfGB4_070017600|DBLd|1|1670|2077	PH0589-C.g238	31.399	293	143	5	54	344	1259	1495	1.88e-38	150
PfGB4_070017600|DBLd|1|1670|2077	PH0589-C.g238	28.859	298	167	9	150	408	180	471	2.04e-20	96.3
PfGB4_070017600|DBLd|1|1670|2077	PH0589-C.g238	23.567	314	159	13	55	342	833	1091	2.10e-09	62.4
PfGB4_070017600|DBLd|1|1670|2077	PA0183-C.g451	89.157	415	38	4	1	408	1246	1660	0.0	716
PfGB4_070017600|DBLd|1|1670|2077	PA0183-C.g451	35.314	303	145	10	45	343	877	1132	2.34e-43	164
PfGB4_070017600|DBLd|1|1670|2077	PA0183-C.g451	33.577	137	80	5	197	328	241	371	3.45e-10	64.7
PfGB4_070017600|DBLd|1|1670|2077	PM0157-C.g369	89.157	415	38	4	1	408	1246	1660	0.0	716
PfGB4_070017600|DBLd|1|1670|2077	PM0157-C.g369	35.314	303	145	10	45	343	877	1132	2.32e-43	164
PfGB4_070017600|DBLd|1|1670|2077	PM0157-C.g369	33.103	145	84	6	189	328	235	371	1.12e-09	63.2
PfGB4_070017600|DBLd|1|1670|2077	PD0464-C.g1249	63.466	427	128	9	1	408	548	965	2.12e-148	455
PfGB4_070017600|CIDRb|1|2078|2331	PM0157-C.g369	99.606	254	1	0	1	254	1661	1914	4.83e-170	518
PfGB4_070017600|CIDRb|1|2078|2331	PA0183-C.g451	99.606	254	1	0	1	254	1661	1914	5.14e-170	518
PfGB4_070017600|CIDRb|1|2078|2331	PH0589-C.g238	99.213	254	2	0	1	254	2003	2256	1.04e-167	514
PfGB4_070017600|CIDRb|1|2078|2331	PA0173-C.g539	97.638	254	6	0	1	254	2078	2331	1.75e-164	505
PfGB4_070017600|CIDRb|1|2078|2331	PA0261-C.g233	68.379	253	77	2	2	254	1750	1999	1.72e-105	337
PfGB4_070017600|CIDRb|1|2078|2331	PA0261-C.g233	24.715	263	170	8	5	246	459	714	7.08e-09	58.5
PfGB4_070017600|ATS|1|2434|2889	PD0582-C.g452	97.368	456	12	0	1	456	2584	3039	0.0	907
PfGB4_070017600|ATS|1|2434|2889	PfKE03.g67	97.149	456	13	0	1	456	1305	1760	0.0	897
PfGB4_070017600|ATS|1|2434|2889	PV0211-C.g63	94.872	468	12	1	1	456	1628	2095	0.0	895
PfGB4_070017600|ATS|1|2434|2889	QE0461-C.g639	91.028	457	34	2	1	456	1718	2168	0.0	835
PfGB4_070017600|ATS|1|2434|2889	PFKE11.g698	92.105	456	36	0	1	456	2120	2575	0.0	828
PfGB4_070017700|NTS|1|1|65	PA0173-C.g725	100.000	65	0	0	1	65	1	65	7.29e-39	137
PfGB4_070017700|NTS|1|1|65	PFKE08.g361	89.231	65	7	0	1	65	1	65	8.52e-33	119
PfGB4_070017700|NTS|1|1|65	QG0208-C.g633	81.250	64	12	0	1	64	1	64	2.30e-29	110
PfGB4_070017700|NTS|1|1|65	PF0507-C.g687	81.250	64	12	0	1	64	1	64	4.60e-29	109
PfGB4_070017700|NTS|1|1|65	PD0523-C.g660	83.077	65	8	1	1	65	1	62	1.88e-28	107
PfGB4_070017700|DBLa|1|66|492	PA0173-C.g725	93.435	457	0	1	1	427	66	522	0.0	869
PfGB4_070017700|DBLa|1|66|492	PA0173-C.g725	30.137	219	108	7	141	317	1108	1323	2.34e-18	90.5
PfGB4_070017700|DBLa|1|66|492	QG0260-C.g1072	82.380	437	61	3	1	427	63	493	0.0	711
PfGB4_070017700|DBLa|1|66|492	QG0260-C.g1072	24.444	270	152	7	132	362	1103	1359	2.28e-09	62.4
PfGB4_070017700|DBLa|1|66|492	QG0195-C.g350	82.380	437	61	3	1	427	63	493	0.0	710
PfGB4_070017700|DBLa|1|66|492	QG0195-C.g350	31.933	119	77	3	204	320	1185	1301	2.13e-09	62.4
PfGB4_070017700|DBLa|1|66|492	QE0424-C.g1	81.348	445	65	4	1	427	63	507	0.0	699
PfGB4_070017700|DBLa|1|66|492	QE0461-C.g650	79.326	445	74	4	1	427	63	507	0.0	697
PfGB4_070017700|DBLa|1|66|492	QE0461-C.g650	29.932	147	90	4	165	310	1135	1269	2.94e-10	65.1
PfGB4_070017700|CIDRa|1|493|799	PA0173-C.g725	100.000	307	0	0	1	307	523	829	0.0	629
PfGB4_070017700|CIDRa|1|493|799	PF0288-C.g458	69.255	322	79	8	1	307	526	842	1.81e-137	416
PfGB4_070017700|CIDRa|1|493|799	PD0507-C.g729	76.547	307	66	4	1	303	510	814	1.01e-134	421
PfGB4_070017700|CIDRa|1|493|799	SenT084.10.g2984	72.204	313	72	3	1	300	515	825	5.87e-134	410
PfGB4_070017700|CIDRa|1|493|799	PA0052-C.g392	72.204	313	72	3	1	300	515	825	6.91e-134	410
PfGB4_070017700|DBLd|1|887|1362	PA0173-C.g725	99.790	476	1	0	1	476	918	1393	0.0	981
PfGB4_070017700|DBLd|1|887|1362	PA0173-C.g725	30.137	219	108	7	191	406	206	382	9.09e-18	89.4
PfGB4_070017700|DBLd|1|887|1362	PM0018-C.g457	57.258	496	151	15	1	476	1046	1500	6.19e-157	489
PfGB4_070017700|DBLd|1|887|1362	PM0018-C.g457	29.745	353	143	12	55	406	673	921	1.44e-30	128
PfGB4_070017700|DBLd|1|887|1362	PT0008-CW.g546	54.331	508	190	12	1	476	1840	2337	4.02e-156	493
PfGB4_070017700|DBLd|1|887|1362	PT0008-CW.g546	27.891	441	194	16	1	437	1257	1577	1.51e-33	137
PfGB4_070017700|DBLd|1|887|1362	PT0008-CW.g546	28.253	269	138	10	223	476	224	452	4.03e-17	87.4
PfGB4_070017700|DBLd|1|887|1362	PM0113-C.g404	56.107	524	176	15	1	476	830	1347	8.52e-155	483
PfGB4_070017700|DBLd|1|887|1362	PM0113-C.g404	30.325	277	133	12	226	476	250	492	1.04e-17	89.0
PfGB4_070017700|DBLd|1|887|1362	PA0134-C.g906	56.442	489	164	12	1	476	872	1324	1.02e-150	471
PfGB4_070017700|DBLd|1|887|1362	PA0134-C.g906	24.701	251	138	7	189	428	193	403	3.33e-12	71.6
PfGB4_070017700|CIDRb|1|1363|1621	PA0173-C.g725	100.000	259	0	0	1	259	1394	1652	1.20e-177	535
PfGB4_070017700|CIDRb|1|1363|1621	PA0134-C.g906	99.609	256	1	0	1	256	1325	1580	8.54e-175	526
PfGB4_070017700|CIDRb|1|1363|1621	PT0035-C.g502	90.763	249	23	0	1	249	1454	1702	2.30e-151	465
PfGB4_070017700|CIDRb|1|1363|1621	PC0061-C.g592	90.763	249	23	0	1	249	1737	1985	4.38e-151	466
PfGB4_070017700|CIDRb|1|1363|1621	PfKE04.g11	90.514	253	23	1	1	252	1798	2050	1.16e-150	466
PfGB4_070017700|ATS|1|1755|2238	PFKE09.g563	78.144	485	62	6	1	484	775	1216	0.0	716
PfGB4_070017700|ATS|1|1755|2238	PV0028-C.g31	76.230	488	80	9	1	484	1737	2192	0.0	712
PfGB4_070017700|ATS|1|1755|2238	PF0456-C.g548	75.556	495	64	9	1	484	1099	1547	0.0	694
PfGB4_070017700|ATS|1|1755|2238	PT0219-C.g578	74.000	500	97	8	1	484	1736	2218	0.0	693
PfGB4_070017700|ATS|1|1755|2238	PFKE11.g671	67.103	535	86	10	1	484	2046	2541	0.0	678
PfGB4_070017900|NTS|1|1|68	PH0594-C.g1136	100.000	68	0	0	1	68	1	68	4.32e-39	137
PfGB4_070017900|NTS|1|1|68	PA0047-C.g17	100.000	68	0	0	1	68	1	68	6.91e-39	137
PfGB4_070017900|NTS|1|1|68	PA0140-C.g285	100.000	68	0	0	1	68	1	68	2.51e-38	135
PfGB4_070017900|NTS|1|1|68	PC0016-C.g344	100.000	68	0	0	1	68	1	68	2.77e-38	135
PfGB4_070017900|NTS|1|1|68	PC0080-C.g396	100.000	68	0	0	1	68	1	68	2.85e-38	135
PfGB4_070017900|DBLa|1|69|488	PA0047-C.g17	100.000	420	0	0	1	420	69	488	0.0	881
PfGB4_070017900|DBLa|1|69|488	PA0047-C.g17	33.333	306	140	13	16	309	820	1073	2.24e-31	129
PfGB4_070017900|DBLa|1|69|488	PA0047-C.g17	28.626	262	132	10	184	420	1501	1732	2.51e-15	80.9
PfGB4_070017900|DBLa|1|69|488	QG0291-C.g2636	100.000	420	0	0	1	420	69	488	0.0	880
PfGB4_070017900|DBLa|1|69|488	QG0291-C.g2636	33.333	306	140	13	16	309	820	1073	1.87e-31	129
PfGB4_070017900|DBLa|1|69|488	QG0291-C.g2636	22.712	295	152	10	175	420	1540	1807	6.22e-08	57.8
PfGB4_070017900|DBLa|1|69|488	PA0256-C.g217	100.000	420	0	0	1	420	69	488	0.0	880
PfGB4_070017900|DBLa|1|69|488	PA0256-C.g217	33.333	306	140	13	16	309	820	1073	1.87e-31	129
PfGB4_070017900|DBLa|1|69|488	PA0256-C.g217	22.712	295	152	10	175	420	1540	1807	6.22e-08	57.8
PfGB4_070017900|DBLa|1|69|488	PA0254-C.g540	100.000	420	0	0	1	420	69	488	0.0	880
PfGB4_070017900|DBLa|1|69|488	PA0254-C.g540	33.333	306	140	13	16	309	820	1073	1.87e-31	129
PfGB4_070017900|DBLa|1|69|488	PA0254-C.g540	22.712	295	152	10	175	420	1540	1807	6.22e-08	57.8
PfGB4_070017900|DBLa|1|69|488	PA0245-C.g728	100.000	420	0	0	1	420	69	488	0.0	880
PfGB4_070017900|DBLa|1|69|488	PA0245-C.g728	33.333	306	140	13	16	309	820	1073	1.87e-31	129
PfGB4_070017900|DBLa|1|69|488	PA0245-C.g728	22.712	295	152	10	175	420	1540	1807	6.22e-08	57.8
PfGB4_070017900|CIDRa|1|489|739	PC0025-C.g24	100.000	251	0	0	1	251	102	352	1.69e-174	513
PfGB4_070017900|CIDRa|1|489|739	PH0594-C.g1136	100.000	251	0	0	1	251	489	739	3.00e-174	511
PfGB4_070017900|CIDRa|1|489|739	PC0083-C.g384	100.000	251	0	0	1	251	294	544	9.26e-174	514
PfGB4_070017900|CIDRa|1|489|739	PA0140-C.g285	100.000	251	0	0	1	251	489	739	1.82e-172	515
PfGB4_070017900|CIDRa|1|489|739	PC0080-C.g396	100.000	251	0	0	1	251	489	739	1.73e-171	515
PfGB4_070017900|DBLb|1|749|1201	PC0071-C.g345	100.000	453	0	0	1	453	141	593	0.0	953
PfGB4_070017900|DBLb|1|749|1201	PC0080-C.g396	100.000	453	0	0	1	453	749	1201	0.0	951
PfGB4_070017900|DBLb|1|749|1201	PC0080-C.g396	30.851	376	180	17	5	325	27	377	5.68e-32	132
PfGB4_070017900|DBLb|1|749|1201	PA0047-C.g17	100.000	453	0	0	1	453	749	1201	0.0	951
PfGB4_070017900|DBLb|1|749|1201	PA0047-C.g17	30.831	373	178	17	5	322	27	374	6.71e-32	132
PfGB4_070017900|DBLb|1|749|1201	PA0140-C.g285	100.000	453	0	0	1	453	749	1201	0.0	951
PfGB4_070017900|DBLb|1|749|1201	PA0140-C.g285	30.851	376	180	17	5	325	27	377	6.71e-32	131
PfGB4_070017900|DBLb|1|749|1201	PC0025-C.g24	100.000	453	0	0	1	453	362	814	0.0	950
PfGB4_070017900|DBLb|1|749|1201	PC0025-C.g24	24.490	294	173	9	59	326	876	1146	1.66e-13	75.5
PfGB4_070017900|DBLd|1|1282|1807	PC0071-C.g345	100.000	526	0	0	1	526	674	1199	0.0	1087
PfGB4_070017900|DBLd|1|1282|1807	PA0152-C.g303	100.000	526	0	0	1	526	1282	1807	0.0	1086
PfGB4_070017900|DBLd|1|1282|1807	PA0152-C.g303	25.500	200	118	7	354	526	293	488	7.22e-07	54.7
PfGB4_070017900|DBLd|1|1282|1807	QG0291-C.g2636	100.000	526	0	0	1	526	1282	1807	0.0	1086
PfGB4_070017900|DBLd|1|1282|1807	QG0291-C.g2636	25.500	200	118	7	354	526	293	488	7.54e-07	54.7
PfGB4_070017900|DBLd|1|1282|1807	PA0256-C.g217	100.000	526	0	0	1	526	1282	1807	0.0	1086
PfGB4_070017900|DBLd|1|1282|1807	PA0256-C.g217	25.500	200	118	7	354	526	293	488	7.54e-07	54.7
PfGB4_070017900|DBLd|1|1282|1807	PA0254-C.g540	100.000	526	0	0	1	526	1282	1807	0.0	1086
PfGB4_070017900|DBLd|1|1282|1807	PA0254-C.g540	25.500	200	118	7	354	526	293	488	7.54e-07	54.7
PfGB4_070017900|CIDRb|1|1808|2072	PA0228-C.g4254	100.000	265	0	0	1	265	856	1120	0.0	547
PfGB4_070017900|CIDRb|1|1808|2072	PC0071-C.g345	100.000	265	0	0	1	265	1200	1464	0.0	547
PfGB4_070017900|CIDRb|1|1808|2072	QG0291-C.g2636	100.000	265	0	0	1	265	1808	2072	3.04e-179	545
PfGB4_070017900|CIDRb|1|1808|2072	PA0256-C.g217	100.000	265	0	0	1	265	1808	2072	3.04e-179	545
PfGB4_070017900|CIDRb|1|1808|2072	PA0254-C.g540	100.000	265	0	0	1	265	1808	2072	3.04e-179	545
PfGB4_070017900|ATS|1|2178|2664	PfKE02.g507	76.815	496	89	5	1	487	1741	2219	0.0	738
PfGB4_070017900|ATS|1|2178|2664	PFKE11.g671	70.802	524	88	8	1	487	2046	2541	0.0	708
PfGB4_070017900|ATS|1|2178|2664	PD0590-C.g548	73.984	492	90	8	1	482	2191	2654	0.0	698
PfGB4_070017900|ATS|1|2178|2664	PD0585-C.g522	73.984	492	90	8	1	482	2191	2654	0.0	698
PfGB4_070017900|ATS|1|2178|2664	PH0121-CW.g9	71.515	495	101	7	2	487	1637	2100	0.0	676
PfGB4_070018000|NTS|1|1|57	PA0047-C.g208	100.000	57	0	0	1	57	1	57	2.84e-33	120
PfGB4_070018000|NTS|1|1|57	PA0101-C.g101	100.000	57	0	0	1	57	1	57	3.58e-33	120
PfGB4_070018000|NTS|1|1|57	PA0140-C.g72	100.000	57	0	0	1	57	1	57	3.58e-33	120
PfGB4_070018000|NTS|1|1|57	QG0291-C.g1979	100.000	57	0	0	1	57	1	57	4.27e-33	120
PfGB4_070018000|NTS|1|1|57	PA0254-C.g336	100.000	57	0	0	1	57	1	57	4.27e-33	120
PfGB4_070018000|DBLa|1|58|472	QG0291-C.g1979	100.000	415	0	0	1	415	58	472	0.0	863
PfGB4_070018000|DBLa|1|58|472	QG0291-C.g1979	31.613	310	145	11	55	350	850	1106	7.67e-32	130
PfGB4_070018000|DBLa|1|58|472	QG0291-C.g1979	26.524	328	182	14	119	415	1907	2206	3.51e-19	92.8
PfGB4_070018000|DBLa|1|58|472	QG0291-C.g1979	23.762	303	176	10	47	338	1264	1522	1.45e-08	59.7
PfGB4_070018000|DBLa|1|58|472	PA0254-C.g336	100.000	415	0	0	1	415	58	472	0.0	863
PfGB4_070018000|DBLa|1|58|472	PA0254-C.g336	31.613	310	145	11	55	350	850	1106	7.67e-32	130
PfGB4_070018000|DBLa|1|58|472	PA0254-C.g336	26.524	328	182	14	119	415	1907	2206	3.51e-19	92.8
PfGB4_070018000|DBLa|1|58|472	PA0254-C.g336	23.762	303	176	10	47	338	1264	1522	1.45e-08	59.7
PfGB4_070018000|DBLa|1|58|472	PA0245-C.g434	100.000	415	0	0	1	415	58	472	0.0	863
PfGB4_070018000|DBLa|1|58|472	PA0245-C.g434	31.613	310	145	11	55	350	850	1106	7.67e-32	130
PfGB4_070018000|DBLa|1|58|472	PA0245-C.g434	26.524	328	182	14	119	415	1907	2206	3.51e-19	92.8
PfGB4_070018000|DBLa|1|58|472	PA0245-C.g434	23.762	303	176	10	47	338	1264	1522	1.45e-08	59.7
PfGB4_070018000|DBLa|1|58|472	PA0228-C.g1198	100.000	415	0	0	1	415	58	472	0.0	863
PfGB4_070018000|DBLa|1|58|472	PA0228-C.g1198	31.613	310	145	11	55	350	850	1106	7.67e-32	130
PfGB4_070018000|DBLa|1|58|472	PA0228-C.g1198	26.524	328	182	14	119	415	1907	2206	3.51e-19	92.8
PfGB4_070018000|DBLa|1|58|472	PA0228-C.g1198	23.762	303	176	10	47	338	1264	1522	1.45e-08	59.7
PfGB4_070018000|DBLa|1|58|472	PA0220-C.g303	100.000	415	0	0	1	415	58	472	0.0	863
PfGB4_070018000|DBLa|1|58|472	PA0220-C.g303	31.613	310	145	11	55	350	850	1106	7.67e-32	130
PfGB4_070018000|DBLa|1|58|472	PA0220-C.g303	26.524	328	182	14	119	415	1907	2206	3.51e-19	92.8
PfGB4_070018000|DBLa|1|58|472	PA0220-C.g303	23.762	303	176	10	47	338	1264	1522	1.45e-08	59.7
PfGB4_070018000|CIDRa|1|473|724	PC0080-C.g450	100.000	252	0	0	1	252	473	724	1.43e-179	521
PfGB4_070018000|CIDRa|1|473|724	PM0068-C.g1116	100.000	252	0	0	1	252	473	724	6.83e-178	520
PfGB4_070018000|CIDRa|1|473|724	PH0594-C.g256	100.000	252	0	0	1	252	473	724	6.90e-178	521
PfGB4_070018000|CIDRa|1|473|724	SenT128.08.g28	100.000	252	0	0	1	252	68	319	6.57e-176	525
PfGB4_070018000|CIDRa|1|473|724	PA0047-C.g208	100.000	252	0	0	1	252	473	724	5.05e-174	521
PfGB4_070018000|DBLb|1|733|1204	PC0016-C.g364	100.000	472	0	0	1	472	160	631	0.0	987
PfGB4_070018000|DBLb|1|733|1204	PC0016-C.g364	24.648	284	171	10	102	362	683	946	1.70e-11	69.3
PfGB4_070018000|DBLb|1|733|1204	PA0085-C.g85	100.000	472	0	0	1	472	733	1204	0.0	987
PfGB4_070018000|DBLb|1|733|1204	PA0085-C.g85	28.784	403	206	14	25	364	10	394	1.14e-33	137
PfGB4_070018000|DBLb|1|733|1204	PA0085-C.g85	24.648	284	171	10	102	362	1256	1519	1.56e-11	69.7
PfGB4_070018000|DBLb|1|733|1204	QG0291-C.g1979	100.000	472	0	0	1	472	733	1204	0.0	986
PfGB4_070018000|DBLb|1|733|1204	QG0291-C.g1979	28.784	403	206	14	25	364	10	394	1.26e-33	137
PfGB4_070018000|DBLb|1|733|1204	QG0291-C.g1979	24.648	284	171	10	102	362	1256	1519	1.60e-11	69.3
PfGB4_070018000|DBLb|1|733|1204	PA0254-C.g336	100.000	472	0	0	1	472	733	1204	0.0	986
PfGB4_070018000|DBLb|1|733|1204	PA0254-C.g336	28.784	403	206	14	25	364	10	394	1.26e-33	137
PfGB4_070018000|DBLb|1|733|1204	PA0254-C.g336	24.648	284	171	10	102	362	1256	1519	1.60e-11	69.3
PfGB4_070018000|DBLb|1|733|1204	PA0245-C.g434	100.000	472	0	0	1	472	733	1204	0.0	986
PfGB4_070018000|DBLb|1|733|1204	PA0245-C.g434	28.784	403	206	14	25	364	10	394	1.26e-33	137
PfGB4_070018000|DBLb|1|733|1204	PA0245-C.g434	24.648	284	171	10	102	362	1256	1519	1.60e-11	69.3
PfGB4_070018000|DBLg|1|1223|1582	PM0068-C.g1114	100.000	360	0	0	1	360	89	448	0.0	750
PfGB4_070018000|DBLg|1|1223|1582	PM0068-C.g1114	32.134	417	182	16	1	320	622	1034	6.77e-49	179
PfGB4_070018000|DBLg|1|1223|1582	PH0594-C.g255	100.000	360	0	0	1	360	55	414	0.0	750
PfGB4_070018000|DBLg|1|1223|1582	PH0594-C.g255	32.134	417	182	16	1	320	588	1000	7.54e-49	178
PfGB4_070018000|DBLg|1|1223|1582	PC0080-C.g395	100.000	360	0	0	1	360	375	734	0.0	748
PfGB4_070018000|DBLg|1|1223|1582	PC0080-C.g395	32.134	417	182	16	1	320	908	1320	7.17e-49	179
PfGB4_070018000|DBLg|1|1223|1582	PC0080-C.g395	25.651	269	157	11	49	297	1	246	2.12e-11	67.8
PfGB4_070018000|DBLg|1|1223|1582	PC0016-C.g364	100.000	360	0	0	1	360	650	1009	0.0	748
PfGB4_070018000|DBLg|1|1223|1582	PC0016-C.g364	32.134	417	182	16	1	320	1183	1595	8.40e-49	178
PfGB4_070018000|DBLg|1|1223|1582	PC0016-C.g364	25.352	284	169	11	34	297	261	521	1.42e-12	71.6
PfGB4_070018000|DBLg|1|1223|1582	PA0052-C.g144	100.000	360	0	0	1	360	1223	1582	0.0	746
PfGB4_070018000|DBLg|1|1223|1582	PA0052-C.g144	32.134	417	182	16	1	320	1756	2168	1.04e-48	178
PfGB4_070018000|DBLg|1|1223|1582	PA0052-C.g144	25.352	284	169	11	34	297	834	1094	1.46e-12	71.6
PfGB4_070018000|DBLg|1|1223|1582	PA0052-C.g144	23.762	303	176	10	42	300	104	395	8.17e-09	60.1
PfGB4_070018000|DBLd|1|1756|2206	PH0594-C.g255	100.000	451	0	0	1	451	588	1038	0.0	940
PfGB4_070018000|DBLd|1|1756|2206	PH0594-C.g255	30.935	417	187	14	1	413	55	374	1.25e-46	175
PfGB4_070018000|DBLd|1|1756|2206	PM0068-C.g1114	100.000	451	0	0	1	451	622	1072	0.0	939
PfGB4_070018000|DBLd|1|1756|2206	PM0068-C.g1114	30.935	417	187	14	1	413	89	408	1.59e-46	175
PfGB4_070018000|DBLd|1|1756|2206	PC0080-C.g395	100.000	451	0	0	1	451	908	1358	0.0	939
PfGB4_070018000|DBLd|1|1756|2206	PC0080-C.g395	30.935	417	187	14	1	413	375	694	1.61e-46	175
PfGB4_070018000|DBLd|1|1756|2206	PC0016-C.g364	100.000	451	0	0	1	451	1183	1633	0.0	939
PfGB4_070018000|DBLd|1|1756|2206	PC0016-C.g364	30.935	417	187	14	1	413	650	969	1.66e-46	175
PfGB4_070018000|DBLd|1|1756|2206	PA0085-C.g85	100.000	451	0	0	1	451	1756	2206	0.0	939
PfGB4_070018000|DBLd|1|1756|2206	PA0085-C.g85	31.175	417	186	15	1	413	1223	1542	7.86e-47	176
PfGB4_070018000|DBLd|1|1756|2206	PA0085-C.g85	25.532	329	184	13	152	451	176	472	1.31e-17	88.6
PfGB4_070018000|CIDRb|1|2207|2466	PA0092-C.g47	100.000	260	0	0	1	260	630	889	0.0	527
PfGB4_070018000|CIDRb|1|2207|2466	PM0068-C.g1114	100.000	260	0	0	1	260	1073	1332	1.52e-178	531
PfGB4_070018000|CIDRb|1|2207|2466	PH0594-C.g255	100.000	260	0	0	1	260	1039	1298	2.27e-178	530
PfGB4_070018000|CIDRb|1|2207|2466	PC0080-C.g395	100.000	260	0	0	1	260	1359	1618	1.08e-175	529
PfGB4_070018000|CIDRb|1|2207|2466	PC0016-C.g364	100.000	260	0	0	1	260	1634	1893	8.54e-174	528
PfGB4_070018000|CIDRb|1|2207|2466	PC0016-C.g364	28.859	149	100	4	116	260	5	151	6.81e-08	55.5
PfGB4_070018000|ATS|1|2578|3006	PV0028-C.g43	81.236	437	74	4	1	429	1843	2279	0.0	707
PfGB4_070018000|ATS|1|2578|3006	PFKE07.g667	79.733	449	70	5	2	429	2366	2814	0.0	706
PfGB4_070018000|ATS|1|2578|3006	PV0129-C.g36	79.912	453	65	8	1	429	1739	2189	0.0	704
PfGB4_070018000|ATS|1|2578|3006	PV0084-C.g24	75.158	475	68	5	1	425	2454	2928	0.0	702
PfGB4_070018000|ATS|1|2578|3006	PA0245-C.g998	78.478	460	66	6	1	429	1706	2163	0.0	700
PfGB4_070018100|NTS|1|1|74	PA0254-C.g488	100.000	74	0	0	1	74	1	74	1.18e-41	145
PfGB4_070018100|NTS|1|1|74	QG0291-C.g2439	100.000	74	0	0	1	74	1	74	1.26e-41	145
PfGB4_070018100|NTS|1|1|74	PA0256-C.g534	100.000	74	0	0	1	74	1	74	1.26e-41	145
PfGB4_070018100|NTS|1|1|74	PA0245-C.g771	100.000	74	0	0	1	74	1	74	1.26e-41	145
PfGB4_070018100|NTS|1|1|74	PA0220-C.g515	100.000	74	0	0	1	74	1	74	1.26e-41	145
PfGB4_070018100|DBLa|1|75|469	PA0012-C.g273	100.000	395	0	0	1	395	75	469	0.0	824
PfGB4_070018100|DBLa|1|75|469	PA0012-C.g273	35.014	357	164	16	8	345	832	1139	2.04e-40	155
PfGB4_070018100|DBLa|1|75|469	PA0012-C.g273	26.910	301	158	13	50	333	1793	2048	9.69e-15	79.0
PfGB4_070018100|DBLa|1|75|469	PA0012-C.g273	23.707	232	136	6	53	268	1385	1591	1.33e-09	62.8
PfGB4_070018100|DBLa|1|75|469	QG0291-C.g2439	100.000	395	0	0	1	395	75	469	0.0	824
PfGB4_070018100|DBLa|1|75|469	QG0291-C.g2439	35.097	359	161	16	8	345	832	1139	1.84e-40	155
PfGB4_070018100|DBLa|1|75|469	QG0291-C.g2439	26.910	301	158	13	50	333	1776	2031	9.34e-15	79.0
PfGB4_070018100|DBLa|1|75|469	QG0291-C.g2439	23.707	232	136	6	53	268	1368	1574	1.29e-09	62.8
PfGB4_070018100|DBLa|1|75|469	PA0256-C.g534	100.000	395	0	0	1	395	75	469	0.0	824
PfGB4_070018100|DBLa|1|75|469	PA0256-C.g534	35.097	359	161	16	8	345	832	1139	1.84e-40	155
PfGB4_070018100|DBLa|1|75|469	PA0256-C.g534	26.910	301	158	13	50	333	1776	2031	9.34e-15	79.0
PfGB4_070018100|DBLa|1|75|469	PA0256-C.g534	23.707	232	136	6	53	268	1368	1574	1.29e-09	62.8
PfGB4_070018100|DBLa|1|75|469	PA0245-C.g771	100.000	395	0	0	1	395	75	469	0.0	824
PfGB4_070018100|DBLa|1|75|469	PA0245-C.g771	35.097	359	161	16	8	345	832	1139	1.84e-40	155
PfGB4_070018100|DBLa|1|75|469	PA0245-C.g771	26.910	301	158	13	50	333	1776	2031	9.34e-15	79.0
PfGB4_070018100|DBLa|1|75|469	PA0245-C.g771	23.707	232	136	6	53	268	1368	1574	1.29e-09	62.8
PfGB4_070018100|DBLa|1|75|469	PA0228-C.g3371	100.000	395	0	0	1	395	75	469	0.0	824
PfGB4_070018100|DBLa|1|75|469	PA0228-C.g3371	35.014	357	164	16	8	345	832	1139	2.44e-40	155
PfGB4_070018100|DBLa|1|75|469	PA0228-C.g3371	26.910	301	158	13	50	333	1777	2032	1.04e-14	78.6
PfGB4_070018100|DBLa|1|75|469	PA0228-C.g3371	23.707	232	136	6	53	268	1369	1575	1.40e-09	62.8
PfGB4_070018100|CIDRd|1|470|725	PC0080-C.g422	100.000	256	0	0	1	256	470	725	1.03e-178	531
PfGB4_070018100|CIDRd|1|470|725	PM0019-C.g47	100.000	256	0	0	1	256	470	725	2.25e-178	529
PfGB4_070018100|CIDRd|1|470|725	PA0140-C.g342	100.000	256	0	0	1	256	367	622	6.94e-178	521
PfGB4_070018100|CIDRd|1|470|725	PC0083-C.g271	100.000	256	0	0	1	256	470	725	2.44e-177	522
PfGB4_070018100|CIDRd|1|470|725	PM0051-C.g759	100.000	256	0	0	1	256	470	725	2.60e-177	522
PfGB4_070018100|DBLb|1|747|1233	PH0815-C.g1202	100.000	487	0	0	1	487	146	632	0.0	1013
PfGB4_070018100|DBLb|1|747|1233	PH0815-C.g1202	24.359	312	168	10	124	400	1174	1452	1.21e-12	73.2
PfGB4_070018100|DBLb|1|747|1233	PH0815-C.g1202	23.841	302	173	11	131	401	770	1045	6.20e-08	58.2
PfGB4_070018100|DBLb|1|747|1233	PA0137-C.g330	100.000	487	0	0	1	487	747	1233	0.0	1013
PfGB4_070018100|DBLb|1|747|1233	PA0137-C.g330	32.530	415	205	19	35	393	24	419	6.06e-37	147
PfGB4_070018100|DBLb|1|747|1233	PA0137-C.g330	24.359	312	168	10	124	400	1786	2064	1.67e-12	72.8
PfGB4_070018100|DBLb|1|747|1233	PA0137-C.g330	23.841	302	173	11	131	401	1382	1657	6.84e-08	57.8
PfGB4_070018100|DBLb|1|747|1233	PM0138-C.g214	100.000	487	0	0	1	487	747	1233	0.0	1013
PfGB4_070018100|DBLb|1|747|1233	PM0138-C.g214	32.530	415	205	19	35	393	24	419	6.06e-37	147
PfGB4_070018100|DBLb|1|747|1233	PM0138-C.g214	24.359	312	168	10	124	400	1786	2064	1.67e-12	72.8
PfGB4_070018100|DBLb|1|747|1233	PM0138-C.g214	23.841	302	173	11	131	401	1382	1657	6.84e-08	57.8
PfGB4_070018100|DBLb|1|747|1233	PH0556-C.g582	100.000	487	0	0	1	487	747	1233	0.0	1013
PfGB4_070018100|DBLb|1|747|1233	PH0556-C.g582	32.530	415	205	19	35	393	24	419	6.06e-37	147
PfGB4_070018100|DBLb|1|747|1233	PH0556-C.g582	24.359	312	168	10	124	400	1786	2064	1.67e-12	72.8
PfGB4_070018100|DBLb|1|747|1233	PH0556-C.g582	23.841	302	173	11	131	401	1382	1657	6.84e-08	57.8
PfGB4_070018100|DBLb|1|747|1233	PH0497-CW.g396	100.000	487	0	0	1	487	747	1233	0.0	1013
PfGB4_070018100|DBLb|1|747|1233	PH0497-CW.g396	32.530	415	205	19	35	393	24	419	6.06e-37	147
PfGB4_070018100|DBLb|1|747|1233	PH0497-CW.g396	24.359	312	168	10	124	400	1786	2064	1.67e-12	72.8
PfGB4_070018100|DBLb|1|747|1233	PH0497-CW.g396	23.841	302	173	11	131	401	1382	1657	6.84e-08	57.8
PfGB4_070018100|DBLg|1|1354|1717	PC0025-C.g21	100.000	364	0	0	1	364	54	417	0.0	763
PfGB4_070018100|DBLg|1|1354|1717	PC0025-C.g21	47.200	375	182	10	1	364	463	832	5.06e-99	317
PfGB4_070018100|DBLg|1|1354|1717	PA0152-C.g320	100.000	364	0	0	1	364	59	422	0.0	762
PfGB4_070018100|DBLg|1|1354|1717	PA0152-C.g320	47.200	375	182	10	1	364	468	837	4.25e-99	318
PfGB4_070018100|DBLg|1|1354|1717	PM0051-C.g760	100.000	364	0	0	1	364	80	443	0.0	762
PfGB4_070018100|DBLg|1|1354|1717	PM0051-C.g760	47.200	375	182	10	1	364	489	858	5.42e-99	318
PfGB4_070018100|DBLg|1|1354|1717	PC0016-C.g342	100.000	364	0	0	1	364	59	422	0.0	762
PfGB4_070018100|DBLg|1|1354|1717	PC0016-C.g342	47.200	375	182	10	1	364	468	837	4.25e-99	318
PfGB4_070018100|DBLg|1|1354|1717	PM0136-C.g317	100.000	364	0	0	1	364	69	432	0.0	762
PfGB4_070018100|DBLg|1|1354|1717	PM0136-C.g317	47.200	375	182	10	1	364	478	847	4.82e-99	318
PfGB4_070018100|DBLg|2|1763|2132	PM0051-C.g760	100.000	370	0	0	1	370	489	858	0.0	775
PfGB4_070018100|DBLg|2|1763|2132	PM0051-C.g760	47.200	375	182	10	1	370	80	443	4.42e-96	310
PfGB4_070018100|DBLg|2|1763|2132	PM0068-C.g1123	100.000	370	0	0	1	370	480	849	0.0	775
PfGB4_070018100|DBLg|2|1763|2132	PM0068-C.g1123	47.200	375	182	10	1	370	71	434	4.16e-96	310
PfGB4_070018100|DBLg|2|1763|2132	PC0025-C.g21	100.000	370	0	0	1	370	463	832	0.0	775
PfGB4_070018100|DBLg|2|1763|2132	PC0025-C.g21	47.200	375	182	10	1	370	54	417	2.80e-96	310
PfGB4_070018100|DBLg|2|1763|2132	PA0152-C.g320	100.000	370	0	0	1	370	468	837	0.0	774
PfGB4_070018100|DBLg|2|1763|2132	PA0152-C.g320	47.200	375	182	10	1	370	59	422	4.02e-96	310
PfGB4_070018100|DBLg|2|1763|2132	PM0136-C.g317	100.000	370	0	0	1	370	478	847	0.0	774
PfGB4_070018100|DBLg|2|1763|2132	PM0136-C.g317	47.200	375	182	10	1	370	69	432	4.39e-96	310
PfGB4_070018100|ATS|1|2322|2755	QE0448-C.g49	85.714	434	55	3	1	434	2723	3149	0.0	751
PfGB4_070018100|ATS|1|2322|2755	PFKE12.g2	84.332	434	64	4	1	434	2688	3117	0.0	736
PfGB4_070018100|ATS|1|2322|2755	PFKE08.g502	84.332	434	59	4	1	434	2361	2785	0.0	734
PfGB4_070018100|ATS|1|2322|2755	PFKE11.g264	81.778	450	65	3	1	434	2779	3227	0.0	732
PfGB4_070018100|ATS|1|2322|2755	PC0104-C.g47	80.624	449	71	2	1	434	3045	3492	0.0	732
PfGB4_070018200|NTS|1|1|62	QG0186-C.g883	100.000	62	0	0	1	62	1	62	1.95e-37	132
PfGB4_070018200|NTS|1|1|62	PT0035-C.g514	100.000	62	0	0	1	62	1	62	1.95e-37	132
PfGB4_070018200|NTS|1|1|62	PD0543-C.g718	100.000	62	0	0	1	62	1	62	1.95e-37	132
PfGB4_070018200|NTS|1|1|62	PD0524-C.g776	100.000	62	0	0	1	62	1	62	1.95e-37	132
PfGB4_070018200|NTS|1|1|62	PH0549-C.g840	100.000	62	0	0	1	62	1	62	1.95e-37	132
PfGB4_070018200|DBLa|1|68|496	QG0291-C.g3026	100.000	429	0	0	1	429	68	496	0.0	896
PfGB4_070018200|DBLa|1|68|496	QG0291-C.g3026	24.317	366	203	12	113	429	1027	1367	1.23e-18	91.3
PfGB4_070018200|DBLa|1|68|496	PA0254-C.g784	100.000	429	0	0	1	429	68	496	0.0	896
PfGB4_070018200|DBLa|1|68|496	PA0254-C.g784	24.317	366	203	12	113	429	1027	1367	1.23e-18	91.3
PfGB4_070018200|DBLa|1|68|496	PA0245-C.g1006	100.000	429	0	0	1	429	68	496	0.0	896
PfGB4_070018200|DBLa|1|68|496	PA0245-C.g1006	24.317	366	203	12	113	429	1027	1367	1.23e-18	91.3
PfGB4_070018200|DBLa|1|68|496	PA0152-C.g494	100.000	429	0	0	1	429	68	496	0.0	896
PfGB4_070018200|DBLa|1|68|496	PA0152-C.g494	24.317	366	203	12	113	429	1027	1367	1.20e-18	91.3
PfGB4_070018200|DBLa|1|68|496	PA0137-C.g630	100.000	429	0	0	1	429	68	496	0.0	896
PfGB4_070018200|DBLa|1|68|496	PA0137-C.g630	24.317	366	203	12	113	429	1027	1367	1.20e-18	91.3
PfGB4_070018200|CIDRa|1|497|795	PA0256-C.g912	100.000	299	0	0	1	299	121	419	0.0	621
PfGB4_070018200|CIDRa|1|497|795	SenT128.08.g352	100.000	299	0	0	1	299	473	771	0.0	621
PfGB4_070018200|CIDRa|1|497|795	PA0220-C.g811	100.000	299	0	0	1	299	469	767	0.0	620
PfGB4_070018200|CIDRa|1|497|795	PM0051-C.g59	100.000	299	0	0	1	299	179	477	0.0	620
PfGB4_070018200|CIDRa|1|497|795	QG0291-C.g3026	100.000	299	0	0	1	299	497	795	0.0	620
PfGB4_070018200|DBLd|1|870|1367	QG0293-C.g2328	100.000	498	0	0	1	498	866	1363	0.0	1038
PfGB4_070018200|DBLd|1|870|1367	QG0293-C.g2328	29.310	174	103	6	345	498	295	468	3.11e-09	62.4
PfGB4_070018200|DBLd|1|870|1367	PA0256-C.g912	100.000	498	0	0	1	498	494	991	0.0	1038
PfGB4_070018200|DBLd|1|870|1367	PC0057-C.g121	100.000	498	0	0	1	498	866	1363	0.0	1037
PfGB4_070018200|DBLd|1|870|1367	PC0057-C.g121	29.310	174	103	6	345	498	295	468	2.85e-09	62.4
PfGB4_070018200|DBLd|1|870|1367	SenT128.08.g352	100.000	498	0	0	1	498	846	1343	0.0	1037
PfGB4_070018200|DBLd|1|870|1367	SenT128.08.g352	29.213	178	102	6	345	498	295	472	6.13e-10	64.7
PfGB4_070018200|DBLd|1|870|1367	PA0052-C.g377	100.000	498	0	0	1	498	844	1341	0.0	1037
PfGB4_070018200|DBLd|1|870|1367	PA0052-C.g377	30.058	173	97	6	350	498	298	470	1.03e-09	63.9
PfGB4_070018200|CIDRb|1|1368|1628	PA0256-C.g912	100.000	261	0	0	1	261	992	1252	7.39e-178	528
PfGB4_070018200|CIDRb|1|1368|1628	PM0051-C.g59	100.000	261	0	0	1	261	1050	1310	5.19e-177	526
PfGB4_070018200|CIDRb|1|1368|1628	PA0140-C.g490	100.000	261	0	0	1	261	1065	1325	7.73e-177	526
PfGB4_070018200|CIDRb|1|1368|1628	PA0052-C.g377	100.000	261	0	0	1	261	1342	1602	4.71e-175	527
PfGB4_070018200|CIDRb|1|1368|1628	PA0220-C.g811	100.000	261	0	0	1	261	1340	1600	5.03e-175	527
PfGB4_070018200|ATS|1|1745|2210	PT0170-C.g672	77.178	482	70	10	1	466	1768	2225	0.0	694
PfGB4_070018200|ATS|1|1745|2210	PD0561-C.g263	74.841	473	95	10	1	466	2424	2879	0.0	673
PfGB4_070018200|ATS|1|1745|2210	PV0239-C.g24	71.717	495	101	10	1	466	1705	2189	0.0	662
PfGB4_070018200|ATS|1|1745|2210	PD0590-C.g13	72.200	500	92	11	1	466	818	1304	0.0	661
PfGB4_070018200|ATS|1|1745|2210	PV0028-C.g43	72.594	478	78	9	1	466	1843	2279	0.0	653
PfGB4_070037600|NTS|1|1|68	QG0247-C.g3146	94.340	53	3	0	16	68	15	67	3.40e-26	101
PfGB4_070037600|NTS|1|1|68	PV0182-C.g42	87.273	55	7	0	14	68	12	66	1.75e-24	96.3
PfGB4_070037600|NTS|1|1|68	PT0073-C.g789	72.727	66	16	1	1	66	1	64	1.50e-23	93.6
PfGB4_070037600|NTS|1|1|68	PM0161-C.g2768	72.727	66	16	1	1	66	1	64	1.61e-23	93.6
PfGB4_070037600|NTS|1|1|68	PA0027-C.g239	87.500	56	6	1	13	68	9	63	1.96e-23	93.6
PfGB4_070037600|DBLa|1|69|517	QG0247-C.g3146	99.777	449	1	0	1	449	68	516	0.0	937
PfGB4_070037600|DBLa|1|69|517	QG0247-C.g3146	23.861	373	203	13	109	449	1126	1449	1.38e-15	82.0
PfGB4_070037600|DBLa|1|69|517	PA0021-C.g47	91.091	449	27	4	1	449	64	499	0.0	781
PfGB4_070037600|DBLa|1|69|517	PA0017-C.g570	91.091	449	27	4	1	449	64	499	0.0	781
PfGB4_070037600|DBLa|1|69|517	PA0056-C.g427	91.091	449	27	4	1	449	64	499	0.0	779
PfGB4_070037600|DBLa|1|69|517	PA0027-C.g239	91.091	449	27	4	1	449	64	499	0.0	777
PfGB4_070037600|CIDRa|1|518|846	QG0214-C.g646	99.696	329	1	0	1	329	503	831	0.0	677
PfGB4_070037600|CIDRa|1|518|846	QG0214-C.g646	33.333	102	59	2	144	245	1540	1632	1.44e-08	58.5
PfGB4_070037600|CIDRa|1|518|846	PA0021-C.g47	98.480	329	5	0	1	329	500	828	0.0	670
PfGB4_070037600|CIDRa|1|518|846	PA0056-C.g427	98.480	329	5	0	1	329	500	828	0.0	669
PfGB4_070037600|CIDRa|1|518|846	PA0017-C.g570	98.480	329	5	0	1	329	500	828	0.0	669
PfGB4_070037600|CIDRa|1|518|846	PA0027-C.g239	98.480	329	5	0	1	329	500	828	0.0	667
PfGB4_070037600|DBLd|1|918|1488	PT0073-C.g750	54.608	586	221	12	1	571	859	1414	1.84e-166	519
PfGB4_070037600|DBLd|1|918|1488	PT0073-C.g750	31.443	194	107	6	403	571	299	491	1.67e-13	76.3
PfGB4_070037600|DBLd|1|918|1488	PF0467-C.g62	46.901	597	241	18	1	571	59	605	5.12e-152	463
PfGB4_070037600|DBLd|1|918|1488	PM0090-C.g666	49.244	595	216	16	1	571	816	1348	3.04e-150	474
PfGB4_070037600|DBLd|1|918|1488	PM0090-C.g666	22.039	363	194	11	246	571	191	501	3.60e-11	68.9
PfGB4_070037600|DBLd|1|918|1488	PM0086-C.g360	51.541	584	198	18	1	571	862	1373	3.48e-149	466
PfGB4_070037600|DBLd|1|918|1488	PM0086-C.g360	31.250	96	65	1	406	500	313	408	5.12e-09	62.0
PfGB4_070037600|DBLd|1|918|1488	QG0200-C.g297	48.259	603	235	15	1	571	1347	1904	6.42e-149	475
PfGB4_070037600|DBLd|1|918|1488	QG0200-C.g297	26.642	274	152	11	244	509	190	422	1.71e-12	73.2
PfGB4_070037600|CIDRb|1|1489|1746	PA0053-C.g26	87.597	258	31	1	1	258	1342	1598	6.17e-149	456
PfGB4_070037600|CIDRb|1|1489|1746	PM0103-C.g550	82.625	259	43	2	1	258	1321	1578	2.10e-136	422
PfGB4_070037600|CIDRb|1|1489|1746	QG0276-C.g75	77.907	258	54	3	1	256	2572	2828	9.96e-126	395
PfGB4_070037600|CIDRb|1|1489|1746	QG0276-C.g75	21.825	252	187	4	5	254	483	726	1.29e-07	54.7
PfGB4_070037600|CIDRb|1|1489|1746	QG0290-C.g1182	70.943	265	69	4	1	258	1340	1603	1.87e-113	359
PfGB4_070037600|CIDRb|1|1489|1746	PF0282-C.g279	72.374	257	68	3	1	255	2075	2330	1.77e-112	357
PfGB4_070037600|ATS|1|1850|2288	PV0028-C.g50	85.120	457	49	6	1	439	2600	3055	0.0	750
PfGB4_070037600|ATS|1|1850|2288	PC0122-C.g100	87.294	425	43	3	1	422	1987	2403	0.0	723
PfGB4_070037600|ATS|1|1850|2288	PFKE01.g19	84.375	448	52	5	1	439	1733	2171	0.0	721
PfGB4_070037600|ATS|1|1850|2288	PA0245-C.g998	80.346	463	62	6	1	439	1706	2163	0.0	714
PfGB4_070037600|ATS|1|1850|2288	PA0261-C.g233	85.553	443	60	2	1	439	2130	2572	0.0	704
PfGB4_080013300|NTS|1|1|65	SenP051.02.g350	100.000	65	0	0	1	65	1	65	3.48e-35	126
PfGB4_080013300|NTS|1|1|65	PA0084-C.g899	100.000	65	0	0	1	65	1	65	3.48e-35	126
PfGB4_080013300|NTS|1|1|65	PA0042-C.g465	100.000	65	0	0	1	65	1	65	3.48e-35	126
PfGB4_080013300|NTS|1|1|65	SenT085.10.g367	100.000	65	0	0	1	65	1	65	4.22e-35	126
PfGB4_080013300|NTS|1|1|65	PA0067-C.g401	98.462	65	1	0	1	65	1	65	1.21e-34	125
PfGB4_080013300|DBLa|1|66|497	SenP051.02.g350	100.000	432	0	0	1	432	66	497	0.0	903
PfGB4_080013300|DBLa|1|66|497	SenP051.02.g350	25.581	258	153	9	124	352	1020	1267	2.25e-14	78.2
PfGB4_080013300|DBLa|1|66|497	PA0102-C.g569	100.000	432	0	0	1	432	66	497	0.0	903
PfGB4_080013300|DBLa|1|66|497	PA0084-C.g899	100.000	432	0	0	1	432	66	497	0.0	903
PfGB4_080013300|DBLa|1|66|497	PA0084-C.g899	25.581	258	153	9	124	352	1020	1267	2.25e-14	78.2
PfGB4_080013300|DBLa|1|66|497	PA0042-C.g465	100.000	432	0	0	1	432	66	497	0.0	903
PfGB4_080013300|DBLa|1|66|497	PA0042-C.g465	25.581	258	153	9	124	352	1020	1267	2.25e-14	78.2
PfGB4_080013300|DBLa|1|66|497	SenT085.10.g367	100.000	432	0	0	1	432	66	497	0.0	901
PfGB4_080013300|DBLa|1|66|497	SenT085.10.g367	25.581	258	153	9	124	352	1020	1267	2.85e-14	77.8
PfGB4_080013300|CIDRa|1|498|743	PA0102-C.g569	100.000	246	0	0	1	246	498	743	2.44e-174	509
PfGB4_080013300|CIDRa|1|498|743	PT0261-Cx.g1	100.000	246	0	0	1	246	501	746	4.79e-172	508
PfGB4_080013300|CIDRa|1|498|743	PC0046-C.g109	100.000	246	0	0	1	246	127	372	7.41e-171	507
PfGB4_080013300|CIDRa|1|498|743	SenT085.10.g367	100.000	246	0	0	1	246	498	743	5.88e-169	508
PfGB4_080013300|CIDRa|1|498|743	SenP051.02.g350	100.000	246	0	0	1	246	498	743	2.27e-168	508
PfGB4_080013300|DBLd|1|818|1340	SenT085.10.g367	100.000	523	0	0	1	523	818	1340	0.0	1081
PfGB4_080013300|DBLd|1|818|1340	SenT085.10.g367	23.964	338	211	12	203	523	189	497	2.09e-14	79.0
PfGB4_080013300|DBLd|1|818|1340	SenP051.02.g350	100.000	523	0	0	1	523	818	1340	0.0	1080
PfGB4_080013300|DBLd|1|818|1340	SenP051.02.g350	23.964	338	211	12	203	523	189	497	1.95e-14	79.0
PfGB4_080013300|DBLd|1|818|1340	PA0084-C.g899	100.000	523	0	0	1	523	818	1340	0.0	1080
PfGB4_080013300|DBLd|1|818|1340	PA0084-C.g899	23.964	338	211	12	203	523	189	497	1.95e-14	79.0
PfGB4_080013300|DBLd|1|818|1340	PA0042-C.g465	100.000	523	0	0	1	523	818	1340	0.0	1080
PfGB4_080013300|DBLd|1|818|1340	PA0042-C.g465	23.964	338	211	12	203	523	189	497	1.95e-14	79.0
PfGB4_080013300|DBLd|1|818|1340	PC0069-C.g318	53.526	553	195	13	13	523	904	1436	2.89e-167	520
PfGB4_080013300|DBLd|1|818|1340	PC0069-C.g318	25.212	353	206	15	203	523	180	506	1.60e-13	76.3
PfGB4_080013300|CIDRb|1|1341|1583	SenT085.10.g367	100.000	243	0	0	1	243	1341	1583	4.47e-164	495
PfGB4_080013300|CIDRb|1|1341|1583	SenP051.02.g350	100.000	243	0	0	1	243	1341	1583	1.63e-163	495
PfGB4_080013300|CIDRb|1|1341|1583	PA0084-C.g899	100.000	243	0	0	1	243	1341	1583	1.63e-163	495
PfGB4_080013300|CIDRb|1|1341|1583	PA0042-C.g465	100.000	243	0	0	1	243	1341	1583	1.63e-163	495
PfGB4_080013300|CIDRb|1|1341|1583	PM0108-C.g837	62.205	254	84	3	2	243	1469	1722	1.55e-95	308
PfGB4_080013300|ATS|1|1696|2174	PV0211-C.g122	78.119	489	96	5	1	479	891	1378	0.0	704
PfGB4_080013300|ATS|1|1696|2174	QE0436-C.g670	70.793	517	104	8	2	479	1708	2216	0.0	678
PfGB4_080013300|ATS|1|1696|2174	PT0170-C.g672	75.155	483	91	9	1	479	1768	2225	0.0	673
PfGB4_080013300|ATS|1|1696|2174	QE0475-C.g596	76.543	486	82	6	1	479	1737	2197	0.0	662
PfGB4_080013300|ATS|1|1696|2174	PV0099-C.g26	75.615	488	85	5	1	479	2596	3058	0.0	652
PfGB4_080013400|NTS|1|1|60	PA0084-C.g315	100.000	60	0	0	1	60	1	60	5.58e-34	122
PfGB4_080013400|NTS|1|1|60	PA0042-C.g128	100.000	60	0	0	1	60	1	60	5.58e-34	122
PfGB4_080013400|NTS|1|1|60	SenP051.02.g70	100.000	60	0	0	1	60	1	60	5.92e-34	122
PfGB4_080013400|NTS|1|1|60	PT0299-Cx.g3762	66.667	60	20	0	1	60	1	60	3.80e-20	83.6
PfGB4_080013400|NTS|1|1|60	PM0127-C.g59	66.667	60	20	0	1	60	1	60	3.84e-20	83.6
PfGB4_080013400|DBLa|1|61|496	SenP051.02.g70	80.963	436	73	3	1	436	61	486	0.0	692
PfGB4_080013400|DBLa|1|61|496	SenP051.02.g70	30.086	349	189	10	1	344	841	1139	1.23e-26	115
PfGB4_080013400|DBLa|1|61|496	SenP051.02.g70	25.225	222	114	6	152	336	1943	2149	4.31e-12	70.9
PfGB4_080013400|DBLa|1|61|496	SenP051.02.g70	24.771	218	129	8	139	345	1418	1611	5.71e-07	54.7
PfGB4_080013400|DBLa|1|61|496	PA0084-C.g315	80.963	436	73	3	1	436	61	486	0.0	692
PfGB4_080013400|DBLa|1|61|496	PA0084-C.g315	30.086	349	189	10	1	344	841	1139	1.16e-26	115
PfGB4_080013400|DBLa|1|61|496	PA0084-C.g315	25.225	222	114	6	152	336	1943	2149	4.09e-12	71.2
PfGB4_080013400|DBLa|1|61|496	PA0084-C.g315	24.771	218	129	8	139	345	1418	1611	5.33e-07	54.7
PfGB4_080013400|DBLa|1|61|496	PA0042-C.g128	80.963	436	73	3	1	436	61	486	0.0	692
PfGB4_080013400|DBLa|1|61|496	PA0042-C.g128	30.086	349	189	10	1	344	841	1139	1.16e-26	115
PfGB4_080013400|DBLa|1|61|496	PA0042-C.g128	25.225	222	114	6	152	336	1943	2149	4.09e-12	71.2
PfGB4_080013400|DBLa|1|61|496	PA0042-C.g128	24.771	218	129	8	139	345	1418	1611	5.33e-07	54.7
PfGB4_080013400|DBLa|1|61|496	PT0027-C.g240	67.556	450	120	8	1	436	66	503	0.0	580
PfGB4_080013400|DBLa|1|61|496	PT0027-C.g240	26.599	297	155	9	47	343	1740	1973	5.79e-16	83.2
PfGB4_080013400|DBLa|1|61|496	PT0027-C.g240	30.645	248	131	10	201	436	1161	1379	1.54e-15	81.6
PfGB4_080013400|DBLa|1|61|496	PT0027-C.g240	22.500	320	182	9	44	345	2085	2356	8.92e-11	66.6
PfGB4_080013400|DBLa|1|61|496	PT0206-Cx.g13	67.556	450	120	8	1	436	66	503	0.0	579
PfGB4_080013400|CIDRa|1|497|786	PA0084-C.g315	100.000	290	0	0	1	290	487	776	0.0	605
PfGB4_080013400|CIDRa|1|497|786	PA0042-C.g128	100.000	290	0	0	1	290	487	776	0.0	605
PfGB4_080013400|CIDRa|1|497|786	SenP051.02.g70	100.000	290	0	0	1	290	487	776	0.0	605
PfGB4_080013400|CIDRa|1|497|786	PA0074-C.g288	83.784	296	42	2	1	290	514	809	1.25e-145	454
PfGB4_080013400|CIDRa|1|497|786	PA0061-C.g436	83.784	296	42	2	1	290	514	809	1.25e-145	454
PfGB4_080013400|DBLb|1|795|1268	PA0084-C.g315	100.000	474	0	0	1	474	785	1258	0.0	990
PfGB4_080013400|DBLb|1|795|1268	PA0084-C.g315	29.655	435	229	18	10	393	19	427	2.31e-31	130
PfGB4_080013400|DBLb|1|795|1268	PA0084-C.g315	24.194	310	185	11	96	379	1346	1631	2.68e-15	81.6
PfGB4_080013400|DBLb|1|795|1268	PA0042-C.g128	100.000	474	0	0	1	474	785	1258	0.0	990
PfGB4_080013400|DBLb|1|795|1268	PA0042-C.g128	29.655	435	229	18	10	393	19	427	2.31e-31	130
PfGB4_080013400|DBLb|1|795|1268	PA0042-C.g128	24.194	310	185	11	96	379	1346	1631	2.68e-15	81.6
PfGB4_080013400|DBLb|1|795|1268	SenP051.02.g70	100.000	474	0	0	1	474	785	1258	0.0	989
PfGB4_080013400|DBLb|1|795|1268	SenP051.02.g70	29.655	435	229	18	10	393	19	427	1.86e-31	131
PfGB4_080013400|DBLb|1|795|1268	SenP051.02.g70	24.194	310	185	11	96	379	1346	1631	2.43e-15	81.6
PfGB4_080013400|DBLb|1|795|1268	PD0565-C.g19	63.257	479	140	10	1	474	833	1280	0.0	573
PfGB4_080013400|DBLb|1|795|1268	PD0565-C.g19	31.726	394	183	16	32	354	48	426	3.65e-34	139
PfGB4_080013400|DBLb|1|795|1268	PD0565-C.g19	27.681	401	227	10	79	450	2600	2966	3.98e-28	121
PfGB4_080013400|DBLb|1|795|1268	PD0565-C.g19	27.208	283	162	9	101	355	2180	2446	2.27e-18	91.3
PfGB4_080013400|DBLb|1|795|1268	PD0562-C.g515	63.410	481	136	11	1	474	345	792	0.0	573
PfGB4_080013400|DBLb|1|795|1268	PD0562-C.g515	27.681	401	227	10	79	450	2112	2478	4.49e-28	120
PfGB4_080013400|DBLb|1|795|1268	PD0562-C.g515	27.208	283	162	9	101	355	1692	1958	3.05e-18	90.9
PfGB4_080013400|DBLg|1|1325|1689	PA0102-C.g551	100.000	365	0	0	1	365	68	432	0.0	763
PfGB4_080013400|DBLg|1|1325|1689	PA0102-C.g551	26.039	361	151	11	45	289	543	903	8.65e-25	108
PfGB4_080013400|DBLg|1|1325|1689	SenP051.02.g70	100.000	365	0	0	1	365	1315	1679	0.0	758
PfGB4_080013400|DBLg|1|1325|1689	SenP051.02.g70	26.316	361	150	11	45	289	1790	2150	1.18e-24	108
PfGB4_080013400|DBLg|1|1325|1689	SenP051.02.g70	23.226	310	188	9	32	317	880	1163	2.10e-13	74.3
PfGB4_080013400|DBLg|1|1325|1689	PA0084-C.g315	100.000	365	0	0	1	365	1315	1679	0.0	758
PfGB4_080013400|DBLg|1|1325|1689	PA0084-C.g315	26.316	361	150	11	45	289	1790	2150	1.03e-24	108
PfGB4_080013400|DBLg|1|1325|1689	PA0084-C.g315	23.226	310	188	9	32	317	880	1163	1.87e-13	74.3
PfGB4_080013400|DBLg|1|1325|1689	PA0042-C.g128	100.000	365	0	0	1	365	1315	1679	0.0	758
PfGB4_080013400|DBLg|1|1325|1689	PA0042-C.g128	26.316	361	150	11	45	289	1790	2150	1.03e-24	108
PfGB4_080013400|DBLg|1|1325|1689	PA0042-C.g128	23.226	310	188	9	32	317	880	1163	1.87e-13	74.3
PfGB4_080013400|DBLg|1|1325|1689	PV0265-C.g41	81.370	365	66	2	1	365	673	1035	0.0	603
PfGB4_080013400|DBLg|1|1325|1689	PV0265-C.g41	31.102	254	105	8	71	254	1202	1455	1.38e-27	116
PfGB4_080013400|DBLg|1|1325|1689	PV0265-C.g41	24.643	280	152	12	47	296	256	506	7.21e-10	63.2
PfGB4_080013400|DBLd|1|1725|2237	SenP051.02.g70	100.000	513	0	0	1	513	1715	2227	0.0	1055
PfGB4_080013400|DBLd|1|1725|2237	SenP051.02.g70	26.005	373	152	12	76	444	1359	1611	1.50e-25	114
PfGB4_080013400|DBLd|1|1725|2237	SenP051.02.g70	27.174	184	91	5	268	445	250	396	3.08e-12	72.0
PfGB4_080013400|DBLd|1|1725|2237	PA0084-C.g315	100.000	513	0	0	1	513	1715	2227	0.0	1055
PfGB4_080013400|DBLd|1|1725|2237	PA0084-C.g315	26.005	373	152	12	76	444	1359	1611	1.38e-25	114
PfGB4_080013400|DBLd|1|1725|2237	PA0084-C.g315	27.174	184	91	5	268	445	250	396	3.06e-12	72.0
PfGB4_080013400|DBLd|1|1725|2237	PA0042-C.g128	100.000	513	0	0	1	513	1715	2227	0.0	1055
PfGB4_080013400|DBLd|1|1725|2237	PA0042-C.g128	26.005	373	152	12	76	444	1359	1611	1.38e-25	114
PfGB4_080013400|DBLd|1|1725|2237	PA0042-C.g128	27.174	184	91	5	268	445	250	396	3.06e-12	72.0
PfGB4_080013400|DBLd|1|1725|2237	PA0102-C.g551	100.000	513	0	0	1	513	468	980	0.0	1054
PfGB4_080013400|DBLd|1|1725|2237	PA0102-C.g551	25.250	400	164	13	76	460	112	391	6.57e-26	114
PfGB4_080013400|DBLd|1|1725|2237	SenP051.02.g378	90.522	517	45	3	1	513	840	1356	0.0	922
PfGB4_080013400|DBLd|1|1725|2237	SenP051.02.g378	30.539	167	71	6	268	428	246	373	5.64e-12	71.2
PfGB4_080013400|CIDRb|1|2238|2492	PA0102-C.g551	100.000	255	0	0	1	255	981	1235	3.04e-176	523
PfGB4_080013400|CIDRb|1|2238|2492	SenP051.02.g378	100.000	255	0	0	1	255	1357	1611	8.04e-173	521
PfGB4_080013400|CIDRb|1|2238|2492	PA0084-C.g315	100.000	255	0	0	1	255	2228	2482	1.57e-169	520
PfGB4_080013400|CIDRb|1|2238|2492	PA0042-C.g128	100.000	255	0	0	1	255	2228	2482	1.57e-169	520
PfGB4_080013400|CIDRb|1|2238|2492	SenP051.02.g70	100.000	255	0	0	1	255	2228	2482	2.33e-169	520
PfGB4_080013400|ATS|1|2624|3106	PFKE09.g410	82.887	485	77	4	1	483	1751	2231	0.0	769
PfGB4_080013400|ATS|1|2624|3106	PF0638-C.g8678	81.136	493	76	6	1	483	1747	2232	0.0	754
PfGB4_080013400|ATS|1|2624|3106	PFKE11.g671	78.824	510	67	9	1	483	2046	2541	0.0	753
PfGB4_080013400|ATS|1|2624|3106	PC0107-C.g222	81.562	461	69	5	1	458	1797	2244	0.0	736
PfGB4_080013400|ATS|1|2624|3106	PD0472-C.g722	77.347	490	88	5	1	483	1681	2154	0.0	715
PfGB4_080013600|NTS|1|1|63	PA0084-C.g953	100.000	63	0	0	1	63	1	63	2.20e-34	124
PfGB4_080013600|NTS|1|1|63	PA0042-C.g490	100.000	63	0	0	1	63	1	63	2.20e-34	124
PfGB4_080013600|NTS|1|1|63	SenP051.02.g378	100.000	63	0	0	1	63	1	63	2.21e-34	124
PfGB4_080013600|NTS|1|1|63	PT0195-Cx.g1	90.476	63	6	0	1	63	1	63	1.65e-31	116
PfGB4_080013600|NTS|1|1|63	PF0784-C.g757	77.778	63	14	0	1	63	1	63	6.91e-25	97.4
PfGB4_080013600|DBLa|1|64|476	SenP051.02.g378	100.000	413	0	0	1	413	64	476	0.0	869
PfGB4_080013600|DBLa|1|64|476	SenP051.02.g378	31.034	174	75	6	183	317	1111	1278	1.37e-13	75.5
PfGB4_080013600|DBLa|1|64|476	PA0084-C.g953	100.000	413	0	0	1	413	64	476	0.0	867
PfGB4_080013600|DBLa|1|64|476	PA0084-C.g953	32.065	184	101	11	231	413	1161	1321	1.13e-08	59.7
PfGB4_080013600|DBLa|1|64|476	PA0042-C.g490	100.000	413	0	0	1	413	64	476	0.0	867
PfGB4_080013600|DBLa|1|64|476	PA0042-C.g490	32.065	184	101	11	231	413	1161	1321	1.13e-08	59.7
PfGB4_080013600|DBLa|1|64|476	PT0195-Cx.g1	97.094	413	10	1	1	413	64	474	0.0	837
PfGB4_080013600|DBLa|1|64|476	PM0103-C.g684	91.726	423	23	4	1	413	71	491	0.0	746
PfGB4_080013600|DBLa|1|64|476	PM0103-C.g684	31.900	279	143	10	115	372	1018	1270	4.26e-24	107
PfGB4_080013600|CIDRa|1|477|760	PA0102-C.g555	100.000	284	0	0	1	284	94	377	0.0	583
PfGB4_080013600|CIDRa|1|477|760	SenP051.02.g378	100.000	284	0	0	1	284	477	760	0.0	582
PfGB4_080013600|CIDRa|1|477|760	PA0084-C.g953	100.000	284	0	0	1	284	477	760	0.0	582
PfGB4_080013600|CIDRa|1|477|760	PA0042-C.g490	100.000	284	0	0	1	284	477	760	0.0	582
PfGB4_080013600|CIDRa|1|477|760	SenT085.10.g575	100.000	284	0	0	1	284	209	492	0.0	580
PfGB4_080013600|DBLd|1|840|1321	PA0102-C.g555	100.000	482	0	0	1	482	457	938	0.0	995
PfGB4_080013600|DBLd|1|840|1321	PA0084-C.g953	100.000	482	0	0	1	482	840	1321	0.0	994
PfGB4_080013600|DBLd|1|840|1321	PA0084-C.g953	26.946	167	83	7	239	400	244	376	7.19e-07	54.7
PfGB4_080013600|DBLd|1|840|1321	PA0042-C.g490	100.000	482	0	0	1	482	840	1321	0.0	994
PfGB4_080013600|DBLd|1|840|1321	PA0042-C.g490	26.946	167	83	7	239	400	244	376	7.19e-07	54.7
PfGB4_080013600|DBLd|1|840|1321	SenT085.10.g575	100.000	482	0	0	1	482	572	1053	0.0	992
PfGB4_080013600|DBLd|1|840|1321	PA0079-C.g347	49.909	549	172	13	1	482	883	1395	9.03e-150	470
PfGB4_080013600|DBLd|1|840|1321	PA0079-C.g347	22.599	354	205	10	81	421	113	410	2.79e-10	65.5
PfGB4_080013600|CIDRb|1|1322|1575	PA0102-C.g555	100.000	254	0	0	1	254	939	1192	1.50e-178	527
PfGB4_080013600|CIDRb|1|1322|1575	SenT085.10.g575	100.000	254	0	0	1	254	1054	1307	1.60e-176	525
PfGB4_080013600|CIDRb|1|1322|1575	PA0084-C.g953	100.000	254	0	0	1	254	1322	1575	6.94e-175	526
PfGB4_080013600|CIDRb|1|1322|1575	PA0042-C.g490	100.000	254	0	0	1	254	1322	1575	6.94e-175	526
PfGB4_080013600|CIDRb|1|1322|1575	PF0609-C.g459	93.725	255	14	2	1	254	1334	1587	6.02e-159	484
PfGB4_080013600|ATS|1|1678|2116	PF0489-C.g691	87.528	441	52	2	1	439	1767	2206	0.0	797
PfGB4_080013600|ATS|1|1678|2116	PV0028-C.g27	81.366	483	46	1	1	439	2441	2923	0.0	795
PfGB4_080013600|ATS|1|1678|2116	PV0089-C.g11	86.818	440	57	1	1	439	1730	2169	0.0	761
PfGB4_080013600|ATS|1|1678|2116	PV0099-C.g16	85.337	416	52	3	1	415	1721	2128	0.0	723
PfGB4_080013600|ATS|1|1678|2116	PV0099-C.g36	74.009	454	88	3	1	439	1763	2201	0.0	664
PfGB4_080013900|NTS|1|1|70	SenP051.02.g276	100.000	70	0	0	1	70	1	70	2.22e-41	144
PfGB4_080013900|NTS|1|1|70	SenT085.10.g725	100.000	70	0	0	1	70	1	70	2.77e-41	144
PfGB4_080013900|NTS|1|1|70	PA0102-C.g239	100.000	70	0	0	1	70	1	70	3.87e-41	144
PfGB4_080013900|NTS|1|1|70	PA0262-C.g444	85.965	57	8	0	13	69	13	69	1.90e-25	99.4
PfGB4_080013900|NTS|1|1|70	QG0291-C.g2913	65.714	70	24	0	1	70	1	70	5.62e-24	95.1
PfGB4_080013900|DBLa|1|71|493	PA0102-C.g239	100.000	423	0	0	1	423	71	493	0.0	891
PfGB4_080013900|DBLa|1|71|493	PA0102-C.g239	25.751	233	129	6	150	342	1077	1305	1.83e-14	78.2
PfGB4_080013900|DBLa|1|71|493	SenT085.10.g725	100.000	423	0	0	1	423	71	493	0.0	890
PfGB4_080013900|DBLa|1|71|493	SenP051.02.g276	100.000	423	0	0	1	423	71	493	0.0	888
PfGB4_080013900|DBLa|1|71|493	SenP051.02.g276	25.991	227	124	6	150	336	1077	1299	1.38e-14	78.6
PfGB4_080013900|DBLa|1|71|493	PF0122-C.g528	91.127	417	31	3	13	423	83	499	0.0	786
PfGB4_080013900|DBLa|1|71|493	PM0004-C.g378	72.196	428	96	9	9	423	80	497	0.0	599
PfGB4_080013900|DBLa|1|71|493	PM0004-C.g378	28.272	191	112	5	233	423	1286	1451	1.45e-07	56.6
PfGB4_080013900|CIDRa|1|494|774	PF0122-C.g528	100.000	281	0	0	1	281	500	780	0.0	590
PfGB4_080013900|CIDRa|1|494|774	PA0102-C.g239	100.000	281	0	0	1	281	494	774	0.0	586
PfGB4_080013900|CIDRa|1|494|774	SenT085.10.g725	100.000	281	0	0	1	281	494	774	0.0	585
PfGB4_080013900|CIDRa|1|494|774	SenP051.02.g276	100.000	281	0	0	1	281	494	774	0.0	584
PfGB4_080013900|CIDRa|1|494|774	PV0233-C.g148	71.277	282	76	4	1	281	167	444	1.58e-129	401
PfGB4_080013900|DBLd|1|859|1360	PA0102-C.g239	100.000	502	0	0	1	502	859	1360	0.0	1035
PfGB4_080013900|DBLd|1|859|1360	PA0102-C.g239	25.551	227	125	5	219	441	220	406	1.06e-14	79.7
PfGB4_080013900|DBLd|1|859|1360	SenP051.02.g276	100.000	502	0	0	1	502	859	1360	0.0	1031
PfGB4_080013900|DBLd|1|859|1360	SenP051.02.g276	25.991	227	124	6	219	441	220	406	1.24e-14	79.7
PfGB4_080013900|DBLd|1|859|1360	PF0037-C.g685	77.132	516	91	8	1	502	841	1343	0.0	780
PfGB4_080013900|DBLd|1|859|1360	PF0037-C.g685	23.602	322	194	12	200	502	199	487	1.41e-13	76.3
PfGB4_080013900|DBLd|1|859|1360	QG0295-C.g2836	77.132	516	91	8	1	502	424	926	0.0	778
PfGB4_080013900|DBLd|1|859|1360	PV0160-C.g24	75.822	517	98	7	1	502	889	1393	0.0	766
PfGB4_080013900|DBLd|1|859|1360	PV0160-C.g24	33.000	100	65	1	339	436	301	400	8.97e-12	70.5
PfGB4_080013900|CIDRb|1|1361|1611	PF0330-C.g533	100.000	251	0	0	1	251	205	455	1.20e-179	522
PfGB4_080013900|CIDRb|1|1361|1611	PH0325-C.g564	100.000	251	0	0	1	251	418	668	2.61e-177	522
PfGB4_080013900|CIDRb|1|1361|1611	QG0186-C.g1204	99.602	251	1	0	1	251	316	566	4.03e-177	519
PfGB4_080013900|CIDRb|1|1361|1611	QG0295-C.g2836	100.000	251	0	0	1	251	927	1177	1.13e-174	516
PfGB4_080013900|CIDRb|1|1361|1611	PT0215-Cx.g280	100.000	251	0	0	1	251	1398	1648	6.46e-172	519
PfGB4_080013900|ATS|1|1732|2182	PF0524-C.g464	100.000	451	0	0	1	451	1768	2218	0.0	929
PfGB4_080013900|ATS|1|1732|2182	PA0102-C.g239	100.000	451	0	0	1	451	1732	2182	0.0	927
PfGB4_080013900|ATS|1|1732|2182	PF0041-C.g231	99.778	451	1	0	1	451	1722	2172	0.0	927
PfGB4_080013900|ATS|1|1732|2182	PF0513-C.g6001	100.000	451	0	0	1	451	1635	2085	0.0	926
PfGB4_080013900|ATS|1|1732|2182	PT0256-C.g150	100.000	451	0	0	1	451	1640	2090	0.0	926
PfGB4_090005500|NTS|1|1|64	PM0108-C.g455	89.062	64	7	0	1	64	1	64	2.45e-32	118
PfGB4_090005500|NTS|1|1|64	PT0102-C.g1039	90.625	64	6	0	1	64	1	64	3.27e-32	118
PfGB4_090005500|NTS|1|1|64	PA0034-C.g113	89.062	64	7	0	1	64	1	64	3.31e-32	118
PfGB4_090005500|NTS|1|1|64	PF0263-C.g429	87.500	64	8	0	1	64	1	64	6.47e-31	114
PfGB4_090005500|NTS|1|1|64	PH0510-C.g639	87.500	64	8	0	1	64	1	64	7.56e-31	114
PfGB4_090005500|DBLa|1|65|474	PM0098-C.g1101	75.545	413	91	3	1	410	68	473	0.0	632
PfGB4_090005500|DBLa|1|65|474	PM0098-C.g1101	31.250	192	111	7	223	410	1192	1366	1.97e-13	74.7
PfGB4_090005500|DBLa|1|65|474	SenT128.08.g547	73.077	416	94	7	1	410	66	469	0.0	613
PfGB4_090005500|DBLa|1|65|474	SenT128.08.g547	24.514	257	143	6	167	394	1075	1309	2.03e-16	84.0
PfGB4_090005500|DBLa|1|65|474	PA0220-C.g1002	73.986	419	91	7	1	410	65	474	0.0	607
PfGB4_090005500|DBLa|1|65|474	PA0220-C.g1002	26.686	341	176	12	115	410	1029	1340	2.50e-21	99.0
PfGB4_090005500|DBLa|1|65|474	PD0569-C.g627	72.315	419	94	7	1	410	69	474	0.0	599
PfGB4_090005500|DBLa|1|65|474	PD0569-C.g627	25.373	335	181	12	10	322	1661	1948	3.97e-17	86.3
PfGB4_090005500|DBLa|1|65|474	PD0569-C.g627	25.296	253	143	6	164	371	1043	1294	1.23e-11	69.3
PfGB4_090005500|DBLa|1|65|474	PD0565-C.g504	72.315	419	94	7	1	410	69	474	0.0	599
PfGB4_090005500|DBLa|1|65|474	PD0565-C.g504	25.373	335	181	12	10	322	1661	1948	3.97e-17	86.3
PfGB4_090005500|DBLa|1|65|474	PD0565-C.g504	25.296	253	143	6	164	371	1043	1294	1.23e-11	69.3
PfGB4_090005500|CIDRa|1|475|749	PA0015-C.g408	85.971	278	27	4	1	275	473	741	3.44e-161	481
PfGB4_090005500|CIDRa|1|475|749	QE0397-C.g266	82.353	272	38	3	1	269	474	738	8.86e-140	436
PfGB4_090005500|CIDRa|1|475|749	SenT190.09.g453	72.993	274	67	5	1	269	478	749	3.94e-124	390
PfGB4_090005500|CIDRa|1|475|749	SenT185.10.g1031	72.993	274	67	5	1	269	478	749	8.54e-124	389
PfGB4_090005500|CIDRa|1|475|749	SenT052.11.g223	72.993	274	67	5	1	269	478	749	8.54e-124	389
PfGB4_090005500|DBLd|1|843|1376	PA0152-C.g574	52.415	559	194	16	1	534	866	1377	3.29e-158	494
PfGB4_090005500|DBLd|1|843|1376	PA0152-C.g574	25.000	360	195	14	215	534	186	510	3.91e-13	75.1
PfGB4_090005500|DBLd|1|843|1376	PV0233-C.g180	49.273	550	191	13	1	534	198	675	1.86e-157	479
PfGB4_090005500|DBLd|1|843|1376	PF0314-C.g94	51.754	570	195	20	1	534	1710	2235	5.50e-151	481
PfGB4_090005500|DBLd|1|843|1376	PF0314-C.g94	26.055	403	157	16	78	476	1354	1619	5.81e-23	106
PfGB4_090005500|DBLd|1|843|1376	PF0314-C.g94	23.770	366	186	14	215	534	185	503	5.68e-08	58.5
PfGB4_090005500|DBLd|1|843|1376	QG0260-C.g341	51.332	563	159	17	1	534	1688	2164	1.93e-148	473
PfGB4_090005500|DBLd|1|843|1376	QG0260-C.g341	25.693	397	150	12	77	470	1349	1603	1.32e-25	114
PfGB4_090005500|DBLd|1|843|1376	QG0260-C.g341	24.340	341	187	14	215	534	187	477	2.58e-11	69.3
PfGB4_090005500|DBLd|1|843|1376	QG0205-C.g616	48.837	559	236	17	1	534	903	1436	4.70e-148	468
PfGB4_090005500|DBLd|1|843|1376	QG0205-C.g616	24.798	371	206	13	202	534	172	507	1.88e-14	79.3
PfGB4_090005500|CIDRb|1|1377|1642	QG0260-C.g341	97.458	236	6	0	1	236	2165	2400	1.20e-150	467
PfGB4_090005500|CIDRb|1|1377|1642	PA0152-C.g574	87.500	256	28	2	1	252	1378	1633	1.00e-144	446
PfGB4_090005500|CIDRb|1|1377|1642	QG0205-C.g593	70.992	262	68	5	2	256	1377	1637	1.24e-110	352
PfGB4_090005500|CIDRb|1|1377|1642	PF0818-C.g133	63.670	267	85	5	2	263	2441	2700	1.87e-98	317
PfGB4_090005500|CIDRb|1|1377|1642	PF0818-C.g133	22.609	230	165	4	45	266	506	730	3.49e-07	53.5
PfGB4_090005500|CIDRb|1|1377|1642	QG0256-C.g3168	63.670	267	85	5	2	263	1678	1937	3.80e-98	317
PfGB4_090005500|CIDRb|1|1377|1642	QG0256-C.g3168	29.688	256	166	8	1	250	468	715	6.61e-26	108
PfGB4_090005500|ATS|1|1751|2184	PC0097-C.g664	80.310	452	67	7	1	434	2364	2811	0.0	702
PfGB4_090005500|ATS|1|1751|2184	PV0028-C.g43	79.545	440	81	7	1	434	1843	2279	0.0	696
PfGB4_090005500|ATS|1|1751|2184	PA0245-C.g391	81.124	445	64	6	1	434	2512	2947	0.0	695
PfGB4_090005500|ATS|1|1751|2184	PC0113-C.g949	82.022	445	67	6	1	434	1702	2144	0.0	689
PfGB4_090005500|ATS|1|1751|2184	PFKE09.g563	80.984	447	67	8	1	434	775	1216	0.0	684
PfGB4_100004900|NTS|1|1|71	PA0053-C.g65	94.366	71	4	0	1	71	1	71	1.18e-38	137
PfGB4_100004900|NTS|1|1|71	PF0113-C.g225	94.366	71	4	0	1	71	1	71	1.47e-38	136
PfGB4_100004900|NTS|1|1|71	PM0156-C.g434	92.958	71	5	0	1	71	1	71	5.83e-38	134
PfGB4_100004900|NTS|1|1|71	PA0094-C.g571	92.958	71	5	0	1	71	1	71	6.70e-38	134
PfGB4_100004900|NTS|1|1|71	PM0037-C.g556	92.958	71	5	0	1	71	1	71	7.36e-38	134
PfGB4_100004900|DBLa|1|72|473	PA0041-C.g519	92.647	408	24	2	1	402	72	479	0.0	783
PfGB4_100004900|DBLa|1|72|473	PA0041-C.g519	32.500	320	174	10	58	358	1376	1672	2.22e-40	155
PfGB4_100004900|DBLa|1|72|473	PA0041-C.g519	32.459	305	148	13	8	301	804	1061	5.22e-31	128
PfGB4_100004900|DBLa|1|72|473	PA0041-C.g519	25.083	303	181	13	121	402	2077	2354	1.85e-10	65.5
PfGB4_100004900|DBLa|1|72|473	PA0081-C.g61	90.547	402	38	0	1	402	72	473	0.0	764
PfGB4_100004900|DBLa|1|72|473	PA0081-C.g61	33.667	300	151	10	58	331	853	1130	1.75e-36	144
PfGB4_100004900|DBLa|1|72|473	PA0081-C.g61	32.482	274	140	8	58	320	1373	1612	2.05e-29	123
PfGB4_100004900|DBLa|1|72|473	PA0081-C.g61	32.105	190	104	10	224	402	2542	2717	5.81e-12	70.1
PfGB4_100004900|DBLa|1|72|473	PA0081-C.g61	21.661	277	172	8	58	320	1783	2028	2.93e-10	65.1
PfGB4_100004900|DBLa|1|72|473	PF0725-C.g772	90.796	402	36	1	1	402	72	472	0.0	760
PfGB4_100004900|DBLa|1|72|473	PF0725-C.g772	31.208	298	150	11	58	331	848	1114	4.12e-30	125
PfGB4_100004900|DBLa|1|72|473	PF0725-C.g772	25.155	322	194	11	51	349	1667	1964	2.45e-19	93.2
PfGB4_100004900|DBLa|1|72|473	PF0725-C.g772	24.490	343	185	14	117	402	2349	2674	3.16e-11	67.8
PfGB4_100004900|DBLa|1|72|473	PF0725-C.g772	23.265	245	149	7	35	260	1289	1513	3.87e-10	64.7
PfGB4_100004900|DBLa|1|72|473	QG0290-C.g111	90.796	402	36	1	1	402	72	472	0.0	759
PfGB4_100004900|DBLa|1|72|473	QG0290-C.g111	31.208	298	150	11	58	331	848	1114	3.38e-30	125
PfGB4_100004900|DBLa|1|72|473	QG0290-C.g111	23.265	245	149	7	35	260	1289	1513	3.24e-10	64.7
PfGB4_100004900|DBLa|1|72|473	QG0290-C.g111	24.648	284	168	8	53	320	1670	1923	1.28e-08	59.7
PfGB4_100004900|DBLa|1|72|473	PA0021-C.g603	90.547	402	37	1	1	402	72	472	0.0	757
PfGB4_100004900|DBLa|1|72|473	PA0021-C.g603	32.975	279	149	7	8	272	1293	1547	3.58e-34	137
PfGB4_100004900|DBLa|1|72|473	PA0021-C.g603	29.730	296	147	10	58	331	847	1103	1.08e-28	121
PfGB4_100004900|DBLa|1|72|473	PA0021-C.g603	27.723	303	177	15	118	402	2728	3006	1.02e-17	88.2
PfGB4_100004900|DBLa|1|72|473	PA0021-C.g603	29.839	248	122	11	35	259	1713	1931	5.79e-16	82.8
PfGB4_100004900|DBLa|1|72|473	PA0021-C.g603	24.405	336	198	12	51	362	2097	2400	1.94e-13	74.7
PfGB4_100004900|CIDRa|1|474|723	QG0190-C.g12	100.000	250	0	0	1	250	479	728	1.60e-167	504
PfGB4_100004900|CIDRa|1|474|723	QE0439-C.g439	97.200	250	7	0	1	250	96	345	8.04e-165	491
PfGB4_100004900|CIDRa|1|474|723	QG0252-C.g1474	100.000	250	0	0	1	250	470	719	1.89e-164	506
PfGB4_100004900|CIDRa|1|474|723	PT0035-C.g146	100.000	250	0	0	1	250	403	652	2.65e-164	505
PfGB4_100004900|CIDRa|1|474|723	PA0172-C.g25	100.000	250	0	0	1	250	470	719	3.14e-164	505
PfGB4_100004900|CIDRa|1|474|723	PA0172-C.g25	23.715	253	170	9	5	242	2832	3076	1.32e-08	57.8
PfGB4_100004900|DBLb|1|732|1221	PA0173-C.g67	96.951	492	13	1	1	490	737	1228	0.0	997
PfGB4_100004900|DBLb|1|732|1221	PA0173-C.g67	30.130	385	208	18	25	368	33	397	1.29e-33	138
PfGB4_100004900|DBLb|1|732|1221	PA0173-C.g67	29.758	289	148	11	103	370	2061	2315	2.60e-25	112
PfGB4_100004900|DBLb|1|732|1221	PA0173-C.g67	27.845	413	211	19	94	490	1663	2004	4.84e-25	112
PfGB4_100004900|DBLb|1|732|1221	PA0173-C.g67	26.071	280	147	10	107	362	1295	1538	4.04e-17	87.4
PfGB4_100004900|DBLb|1|732|1221	PA0041-C.g668	91.075	493	34	4	1	490	728	1213	0.0	921
PfGB4_100004900|DBLb|1|732|1221	PA0041-C.g668	27.882	373	222	13	25	367	33	388	8.39e-31	129
PfGB4_100004900|DBLb|1|732|1221	PA0041-C.g668	25.428	409	213	19	100	490	1645	1979	3.39e-19	94.0
PfGB4_100004900|DBLb|1|732|1221	PA0041-C.g668	27.106	273	156	9	109	368	2043	2285	2.18e-18	91.3
PfGB4_100004900|DBLb|1|732|1221	PA0041-C.g668	25.540	278	146	10	107	360	1280	1520	9.86e-14	76.6
PfGB4_100004900|DBLb|1|732|1221	QG0252-C.g1474	91.242	491	32	4	1	490	728	1208	0.0	898
PfGB4_100004900|DBLb|1|732|1221	QG0252-C.g1474	39.448	507	240	13	5	490	1231	1691	4.48e-102	338
PfGB4_100004900|DBLb|1|732|1221	QG0252-C.g1474	28.884	457	242	21	53	490	1698	2090	1.50e-32	134
PfGB4_100004900|DBLb|1|732|1221	QG0252-C.g1474	30.887	327	161	15	110	407	129	419	5.84e-28	120
PfGB4_100004900|DBLb|1|732|1221	QG0190-C.g12	77.470	506	89	6	1	490	737	1233	0.0	785
PfGB4_100004900|DBLb|1|732|1221	QG0190-C.g12	42.294	279	129	10	1	257	1295	1563	1.13e-50	188
PfGB4_100004900|DBLb|1|732|1221	QG0190-C.g12	30.025	393	206	17	110	461	129	493	4.90e-34	139
PfGB4_100004900|DBLb|1|732|1221	SenT128.08.g1107	77.000	500	91	7	1	490	117	602	0.0	760
PfGB4_100004900|DBLb|1|732|1221	SenT128.08.g1107	28.701	331	182	15	59	367	1379	1677	1.01e-20	98.6
PfGB4_100004900|DBLb|1|732|1221	SenT128.08.g1107	25.879	398	211	17	104	490	1042	1366	1.10e-20	98.6
PfGB4_100004900|DBLb|1|732|1221	SenT128.08.g1107	26.599	297	161	11	94	367	651	913	1.17e-17	89.0
PfGB4_100004900|DBLg|1|1246|1562	PA0253-C.g213	98.697	307	4	0	1	307	1234	1540	0.0	639
PfGB4_100004900|DBLg|1|1246|1562	PA0253-C.g213	41.590	327	149	11	1	311	1622	1922	2.30e-64	222
PfGB4_100004900|DBLg|1|1246|1562	PA0253-C.g213	44.516	310	145	12	10	307	2024	2318	1.19e-63	220
PfGB4_100004900|DBLg|1|1246|1562	PA0253-C.g213	29.231	325	174	13	1	303	788	1078	3.56e-25	108
PfGB4_100004900|DBLg|1|1246|1562	PA0253-C.g213	22.849	337	206	12	1	303	71	387	1.37e-14	77.0
PfGB4_100004900|DBLg|1|1246|1562	PV0099-C.g78	95.765	307	13	0	1	307	129	435	0.0	622
PfGB4_100004900|DBLg|1|1246|1562	PV0099-C.g78	45.625	320	141	11	1	311	519	814	7.93e-74	249
PfGB4_100004900|DBLg|1|1246|1562	PV0099-C.g78	43.038	316	156	9	1	307	909	1209	2.37e-69	236
PfGB4_100004900|DBLg|1|1246|1562	PV0099-C.g78	33.819	343	155	10	40	312	1488	1828	1.38e-47	173
PfGB4_100004900|DBLg|1|1246|1562	QE0426-C.g82	95.765	307	13	0	1	307	566	872	0.0	621
PfGB4_100004900|DBLg|1|1246|1562	QE0426-C.g82	44.984	309	147	10	1	303	956	1247	3.51e-71	241
PfGB4_100004900|DBLg|1|1246|1562	QE0426-C.g82	43.648	307	151	9	1	303	1350	1638	2.30e-67	230
PfGB4_100004900|DBLg|1|1246|1562	QE0426-C.g82	29.612	412	182	13	1	309	1768	2174	1.33e-42	159
PfGB4_100004900|DBLg|1|1246|1562	QE0426-C.g82	29.210	291	165	10	43	311	160	431	2.26e-24	106
PfGB4_100004900|DBLg|1|1246|1562	PF0159-C.g93	95.114	307	15	0	1	307	1269	1575	0.0	619
PfGB4_100004900|DBLg|1|1246|1562	PF0159-C.g93	41.896	327	148	11	1	311	1659	1959	1.67e-64	222
PfGB4_100004900|DBLg|1|1246|1562	PF0159-C.g93	44.516	310	145	12	10	307	2061	2355	8.27e-64	220
PfGB4_100004900|DBLg|1|1246|1562	PF0159-C.g93	27.928	333	194	12	1	311	788	1096	4.43e-25	108
PfGB4_100004900|DBLg|1|1246|1562	PF0159-C.g93	22.849	337	206	12	1	303	71	387	1.10e-14	77.4
PfGB4_100004900|DBLg|1|1246|1562	PV0084-C.g60	95.765	307	13	0	1	307	1244	1550	0.0	618
PfGB4_100004900|DBLg|1|1246|1562	PV0084-C.g60	44.984	309	147	10	1	303	1634	1925	5.85e-71	241
PfGB4_100004900|DBLg|1|1246|1562	PV0084-C.g60	29.210	291	165	10	43	311	838	1109	1.45e-24	106
PfGB4_100004900|DBLg|1|1246|1562	PV0084-C.g60	23.569	297	180	9	48	315	125	403	4.63e-15	78.2
PfGB4_110006600|NTS|1|1|70	SenT097.11.g538	100.000	70	0	0	1	70	1	70	3.82e-41	144
PfGB4_110006600|NTS|1|1|70	QG0287-C.g626	100.000	70	0	0	1	70	1	70	1.99e-39	139
PfGB4_110006600|NTS|1|1|70	PF0282-C.g320	72.727	55	15	0	16	70	10	64	1.48e-19	82.4
PfGB4_110006600|NTS|1|1|70	PF0737-C.g267	74.545	55	14	0	16	70	10	64	4.19e-19	81.3
PfGB4_110006600|NTS|1|1|70	PT0014-CW.g32	72.727	55	15	0	16	70	10	64	8.14e-19	80.5
PfGB4_110006600|DBLa|1|71|505	SenT097.11.g538	93.333	435	23	2	1	435	71	499	0.0	806
PfGB4_110006600|DBLa|1|71|505	SenT097.11.g538	28.025	157	80	6	184	334	1006	1135	8.81e-07	53.9
PfGB4_110006600|DBLa|1|71|505	QG0287-C.g626	82.299	435	61	4	1	435	71	489	0.0	724
PfGB4_110006600|DBLa|1|71|505	QG0287-C.g626	30.846	201	110	7	237	435	1183	1356	6.87e-13	73.6
PfGB4_110006600|DBLa|1|71|505	PA0260-C.g770	80.180	444	79	4	1	435	76	519	0.0	707
PfGB4_110006600|DBLa|1|71|505	PA0260-C.g770	24.225	355	205	10	110	435	1057	1376	7.31e-17	85.9
PfGB4_110006600|DBLa|1|71|505	QG0261-C.g795	80.449	445	77	4	1	435	70	514	0.0	703
PfGB4_110006600|DBLa|1|71|505	QG0261-C.g795	24.148	352	191	9	122	435	1054	1367	8.87e-14	76.3
PfGB4_110006600|DBLa|1|71|505	QG0246-C.g3123	78.733	442	78	9	1	435	68	500	0.0	688
PfGB4_110006600|DBLa|1|71|505	QG0246-C.g3123	35.270	241	113	6	57	292	909	1111	2.92e-33	135
PfGB4_110006600|DBLa|1|71|505	QG0246-C.g3123	22.823	333	184	10	125	435	1545	1826	1.25e-08	60.1
PfGB4_110006600|CIDRa|1|506|795	QG0287-C.g626	100.000	290	0	0	1	290	490	779	0.0	602
PfGB4_110006600|CIDRa|1|506|795	PA0167-C.g801	83.904	292	43	3	1	290	507	796	1.73e-161	493
PfGB4_110006600|CIDRa|1|506|795	QG0196-C.g941	76.316	304	55	4	1	290	489	789	2.94e-146	452
PfGB4_110006600|CIDRa|1|506|795	PM0018-C.g496	76.898	303	53	4	1	289	509	808	3.69e-146	451
PfGB4_110006600|CIDRa|1|506|795	PT0039-C.g300	72.697	304	66	4	1	290	494	794	6.86e-137	427
PfGB4_110006600|CIDRa|1|506|795	PT0039-C.g300	32.031	128	71	6	113	237	1532	1646	1.22e-08	58.5
PfGB4_110006600|DBLd|1|879|1376	PT0181-C.g2	53.409	528	205	15	1	498	842	1358	2.31e-164	509
PfGB4_110006600|DBLd|1|879|1376	PT0181-C.g2	29.915	351	180	17	180	498	184	500	1.64e-15	82.4
PfGB4_110006600|DBLd|1|879|1376	PFKE07.g81	52.256	532	190	16	1	498	898	1399	5.17e-156	488
PfGB4_110006600|DBLd|1|879|1376	PFKE07.g81	28.571	189	102	5	236	421	253	411	2.39e-14	78.6
PfGB4_110006600|DBLd|1|879|1376	SenT224.08.g745	52.247	534	187	16	1	498	873	1374	1.40e-155	479
PfGB4_110006600|DBLd|1|879|1376	SenT224.08.g745	29.204	339	184	9	180	498	192	494	4.91e-25	112
PfGB4_110006600|DBLd|1|879|1376	PFKE07.g1007	52.930	529	199	15	1	498	818	1327	3.66e-155	484
PfGB4_110006600|DBLd|1|879|1376	PFKE07.g1007	29.562	274	135	9	236	498	248	474	5.02e-18	90.1
PfGB4_110006600|DBLd|1|879|1376	PF0235-C.g514	48.054	591	196	24	1	498	43	615	7.24e-153	463
PfGB4_110006600|CIDRg|1|1377|1644	SenT002.07.g1202	100.000	268	0	0	1	268	1411	1678	0.0	551
PfGB4_110006600|CIDRg|1|1377|1644	PA0195-C.g538	100.000	268	0	0	1	268	1450	1717	0.0	550
PfGB4_110006600|CIDRg|1|1377|1644	PT0137-C.g812	84.387	269	31	5	1	268	1325	1583	2.36e-133	415
PfGB4_110006600|CIDRg|1|1377|1644	PT0169-C.g423	72.075	265	68	3	1	262	1391	1652	5.25e-121	381
PfGB4_110006600|CIDRg|1|1377|1644	PA0049-C.g438	71.429	266	69	5	1	264	1365	1625	4.37e-115	364
PfGB4_110006600|ATS|1|1754|2219	PFKE07.g667	80.687	466	72	5	2	466	2366	2814	0.0	752
PfGB4_110006600|ATS|1|1754|2219	PV0129-C.g36	81.624	468	67	9	1	466	1739	2189	0.0	736
PfGB4_110006600|ATS|1|1754|2219	PV0239-C.g25	75.410	488	67	6	1	466	2129	2585	0.0	699
PfGB4_110006600|ATS|1|1754|2219	PC0122-C.g587	77.956	499	59	6	1	466	3364	3844	0.0	690
PfGB4_110006600|ATS|1|1754|2219	PD0483-C.g348	76.892	489	59	8	1	466	2589	3046	0.0	682
PfGB4_110006800|NTS|1|1|75	PF0368-C.g191	100.000	75	0	0	1	75	1	75	4.19e-46	158
PfGB4_110006800|NTS|1|1|75	PF0359-C.g132	100.000	75	0	0	1	75	1	75	5.12e-44	152
PfGB4_110006800|NTS|1|1|75	PF0638-C.g5751	100.000	75	0	0	1	75	1	75	6.40e-44	152
PfGB4_110006800|NTS|1|1|75	PA0047-C.g512	100.000	75	0	0	1	75	1	75	6.58e-44	152
PfGB4_110006800|NTS|1|1|75	PT0264-C.g208	100.000	75	0	0	1	75	1	75	8.56e-44	151
PfGB4_110006800|DBLa|1|76|464	PT0264-C.g208	100.000	389	0	0	1	389	76	464	0.0	807
PfGB4_110006800|DBLa|1|76|464	PT0264-C.g208	31.169	385	216	13	10	373	1584	1940	1.58e-40	155
PfGB4_110006800|DBLa|1|76|464	PT0264-C.g208	28.223	287	138	13	51	332	2058	2281	3.65e-19	92.4
PfGB4_110006800|DBLa|1|76|464	PT0264-C.g208	24.399	291	168	11	49	322	800	1055	1.40e-09	62.8
PfGB4_110006800|DBLa|1|76|464	PM0115-C.g151	100.000	389	0	0	1	389	76	464	0.0	807
PfGB4_110006800|DBLa|1|76|464	PM0115-C.g151	31.169	385	216	13	10	373	1584	1940	1.58e-40	155
PfGB4_110006800|DBLa|1|76|464	PM0115-C.g151	28.223	287	138	13	51	332	2058	2281	3.65e-19	92.4
PfGB4_110006800|DBLa|1|76|464	PM0115-C.g151	24.399	291	168	11	49	322	800	1055	1.40e-09	62.8
PfGB4_110006800|DBLa|1|76|464	PF0638-C.g5751	93.573	389	25	0	1	389	76	464	0.0	756
PfGB4_110006800|DBLa|1|76|464	PF0638-C.g5751	31.169	385	216	13	10	373	1585	1941	5.35e-40	154
PfGB4_110006800|DBLa|1|76|464	PF0638-C.g5751	27.778	234	122	8	57	286	2064	2254	5.17e-16	82.8
PfGB4_110006800|DBLa|1|76|464	PF0638-C.g5751	23.891	293	167	10	49	322	800	1055	1.28e-08	59.7
PfGB4_110006800|DBLa|1|76|464	PF0638-C.g5751	24.664	223	119	8	99	320	1260	1434	1.94e-07	55.8
PfGB4_110006800|DBLa|1|76|464	PA0148-C.g361	93.350	391	22	3	1	389	76	464	0.0	714
PfGB4_110006800|DBLa|1|76|464	PA0148-C.g361	31.978	369	203	14	10	359	1586	1925	9.13e-42	159
PfGB4_110006800|DBLa|1|76|464	PA0148-C.g361	25.938	320	177	12	38	334	784	1066	1.21e-15	81.6
PfGB4_110006800|DBLa|1|76|464	PA0148-C.g361	26.298	289	146	12	51	335	2059	2284	3.11e-14	77.0
PfGB4_110006800|DBLa|1|76|464	PA0047-C.g512	85.242	393	54	2	1	389	76	468	0.0	687
PfGB4_110006800|DBLa|1|76|464	PA0047-C.g512	30.769	338	188	10	10	329	1590	1899	2.01e-38	149
PfGB4_110006800|DBLa|1|76|464	PA0047-C.g512	23.841	302	168	10	38	319	797	1056	4.48e-09	60.8
PfGB4_110006800|DBLa|1|76|464	PA0047-C.g512	25.664	226	121	7	99	324	1264	1442	4.72e-08	57.8
PfGB4_110006800|CIDRb|1|465|720	PA0148-C.g361	100.000	256	0	0	1	256	465	720	8.48e-171	523
PfGB4_110006800|CIDRb|1|465|720	QG0205-C.g519	94.141	256	15	0	1	256	464	719	5.58e-160	489
PfGB4_110006800|CIDRb|1|465|720	PT0224-Cx.g98	94.141	256	15	0	1	256	464	719	7.60e-159	489
PfGB4_110006800|CIDRb|1|465|720	PA0202-C.g281	94.141	256	15	0	1	256	463	718	9.14e-159	489
PfGB4_110006800|CIDRb|1|465|720	PA0237-C.g381	87.891	256	31	0	1	256	459	714	4.83e-150	464
PfGB4_110006800|DBLg|1|764|1118	PA0148-C.g361	100.000	355	0	0	1	355	764	1118	0.0	733
PfGB4_110006800|DBLg|1|764|1118	PA0148-C.g361	29.268	328	193	11	42	355	1188	1490	4.74e-21	97.1
PfGB4_110006800|DBLg|1|764|1118	PA0148-C.g361	26.899	316	179	10	42	355	2061	2326	1.30e-19	92.8
PfGB4_110006800|DBLg|1|764|1118	PA0148-C.g361	26.490	302	188	10	28	306	1611	1901	4.20e-19	91.3
PfGB4_110006800|DBLg|1|764|1118	PA0148-C.g361	23.906	297	172	8	21	284	113	388	1.62e-13	74.3
PfGB4_110006800|DBLg|1|764|1118	QE0467-C.g373	99.718	355	1	0	1	355	732	1086	0.0	732
PfGB4_110006800|DBLg|1|764|1118	QE0467-C.g373	29.268	328	193	11	42	355	1156	1458	2.95e-21	97.8
PfGB4_110006800|DBLg|1|764|1118	QE0467-C.g373	26.557	305	190	10	25	306	1576	1869	3.07e-19	91.7
PfGB4_110006800|DBLg|1|764|1118	QE0467-C.g373	26.266	316	181	11	42	355	2029	2294	4.01e-16	82.4
PfGB4_110006800|DBLg|1|764|1118	QE0467-C.g373	23.973	292	159	11	28	277	110	380	2.09e-07	55.5
PfGB4_110006800|DBLg|1|764|1118	QE0436-C.g472	99.718	355	1	0	1	355	732	1086	0.0	732
PfGB4_110006800|DBLg|1|764|1118	QE0436-C.g472	29.268	328	193	11	42	355	1156	1458	2.95e-21	97.8
PfGB4_110006800|DBLg|1|764|1118	QE0436-C.g472	26.557	305	190	10	25	306	1576	1869	3.07e-19	91.7
PfGB4_110006800|DBLg|1|764|1118	QE0436-C.g472	26.266	316	181	11	42	355	2029	2294	4.01e-16	82.4
PfGB4_110006800|DBLg|1|764|1118	QE0436-C.g472	23.973	292	159	11	28	277	110	380	2.09e-07	55.5
PfGB4_110006800|DBLg|1|764|1118	PV0084-C.g2	99.718	355	1	0	1	355	732	1086	0.0	732
PfGB4_110006800|DBLg|1|764|1118	PV0084-C.g2	29.268	328	193	11	42	355	1156	1458	2.81e-21	97.8
PfGB4_110006800|DBLg|1|764|1118	PV0084-C.g2	26.557	305	190	10	25	306	1576	1869	3.07e-19	91.7
PfGB4_110006800|DBLg|1|764|1118	PV0084-C.g2	26.266	316	181	11	42	355	2029	2294	4.08e-16	82.4
PfGB4_110006800|DBLg|1|764|1118	PV0084-C.g2	23.973	292	159	11	28	277	110	380	2.29e-07	55.5
PfGB4_110006800|DBLg|1|764|1118	PV0301-C.g35	99.718	355	1	0	1	355	732	1086	0.0	731
PfGB4_110006800|DBLg|1|764|1118	PV0301-C.g35	29.268	328	193	11	42	355	1156	1458	2.98e-21	97.8
PfGB4_110006800|DBLg|1|764|1118	PV0301-C.g35	26.557	305	190	10	25	306	1576	1869	3.30e-19	91.7
PfGB4_110006800|DBLg|1|764|1118	PV0301-C.g35	26.101	318	183	11	40	355	2027	2294	4.35e-16	82.4
PfGB4_110006800|DBLg|1|764|1118	PV0301-C.g35	23.973	292	159	11	28	277	110	380	2.43e-07	55.1
PfGB4_110006800|DBLe|1|1127|1490	QG0203-C.g476	99.725	364	1	0	1	364	1129	1492	0.0	736
PfGB4_110006800|DBLe|1|1127|1490	QG0203-C.g476	31.761	318	168	13	53	364	2054	2328	6.92e-29	120
PfGB4_110006800|DBLe|1|1127|1490	QG0203-C.g476	29.052	327	195	13	62	364	807	1120	4.43e-23	103
PfGB4_110006800|DBLe|1|1127|1490	QG0203-C.g476	26.897	290	157	11	57	309	1622	1893	6.63e-13	72.8
PfGB4_110006800|DBLe|1|1127|1490	PV0301-C.g35	99.451	364	2	0	1	364	1095	1458	0.0	734
PfGB4_110006800|DBLe|1|1127|1490	PV0301-C.g35	32.362	309	160	13	62	364	2029	2294	6.30e-29	120
PfGB4_110006800|DBLe|1|1127|1490	PV0301-C.g35	29.573	328	192	12	62	364	773	1086	8.39e-23	102
PfGB4_110006800|DBLe|1|1127|1490	PV0301-C.g35	26.897	290	157	11	57	309	1588	1859	6.04e-13	72.8
PfGB4_110006800|DBLe|1|1127|1490	PV0301-C.g35	22.115	208	114	5	134	293	172	379	1.02e-07	56.6
PfGB4_110006800|DBLe|1|1127|1490	QE0467-C.g373	99.451	364	2	0	1	364	1095	1458	0.0	734
PfGB4_110006800|DBLe|1|1127|1490	QE0467-C.g373	32.362	309	160	13	62	364	2029	2294	5.67e-29	120
PfGB4_110006800|DBLe|1|1127|1490	QE0467-C.g373	28.923	325	198	11	62	364	773	1086	7.22e-23	102
PfGB4_110006800|DBLe|1|1127|1490	QE0467-C.g373	26.897	290	157	11	57	309	1588	1859	5.77e-13	72.8
PfGB4_110006800|DBLe|1|1127|1490	QE0467-C.g373	22.115	208	114	5	134	293	172	379	9.70e-08	56.6
PfGB4_110006800|DBLe|1|1127|1490	QE0436-C.g472	99.451	364	2	0	1	364	1095	1458	0.0	734
PfGB4_110006800|DBLe|1|1127|1490	QE0436-C.g472	32.362	309	160	13	62	364	2029	2294	5.67e-29	120
PfGB4_110006800|DBLe|1|1127|1490	QE0436-C.g472	28.923	325	198	11	62	364	773	1086	7.22e-23	102
PfGB4_110006800|DBLe|1|1127|1490	QE0436-C.g472	26.897	290	157	11	57	309	1588	1859	5.77e-13	72.8
PfGB4_110006800|DBLe|1|1127|1490	QE0436-C.g472	22.115	208	114	5	134	293	172	379	9.70e-08	56.6
PfGB4_110006800|DBLe|1|1127|1490	PV0084-C.g2	99.451	364	2	0	1	364	1095	1458	0.0	734
PfGB4_110006800|DBLe|1|1127|1490	PV0084-C.g2	32.362	309	160	13	62	364	2029	2294	5.52e-29	120
PfGB4_110006800|DBLe|1|1127|1490	PV0084-C.g2	28.923	325	198	11	62	364	773	1086	6.64e-23	102
PfGB4_110006800|DBLe|1|1127|1490	PV0084-C.g2	26.897	290	157	11	57	309	1588	1859	5.37e-13	72.8
PfGB4_110006800|DBLe|1|1127|1490	PV0084-C.g2	22.115	208	114	5	134	293	172	379	9.53e-08	56.6
PfGB4_110006800|DBLz|1|1541|2007	QE0467-C.g373	100.000	467	0	0	1	467	1509	1975	0.0	966
PfGB4_110006800|DBLz|1|1541|2007	QE0467-C.g373	29.321	324	188	9	46	346	85	390	9.41e-29	122
PfGB4_110006800|DBLz|1|1541|2007	QE0467-C.g373	26.885	305	189	11	68	361	756	1037	5.33e-19	92.8
PfGB4_110006800|DBLz|1|1541|2007	QE0467-C.g373	26.740	273	139	9	84	352	2028	2243	1.31e-15	82.4
PfGB4_110006800|DBLz|1|1541|2007	QE0467-C.g373	26.897	290	157	11	80	351	1151	1403	6.14e-10	64.3
PfGB4_110006800|DBLz|1|1541|2007	QE0436-C.g472	100.000	467	0	0	1	467	1509	1975	0.0	966
PfGB4_110006800|DBLz|1|1541|2007	QE0436-C.g472	29.321	324	188	9	46	346	85	390	9.41e-29	122
PfGB4_110006800|DBLz|1|1541|2007	QE0436-C.g472	26.885	305	189	11	68	361	756	1037	5.33e-19	92.8
PfGB4_110006800|DBLz|1|1541|2007	QE0436-C.g472	26.740	273	139	9	84	352	2028	2243	1.31e-15	82.4
PfGB4_110006800|DBLz|1|1541|2007	QE0436-C.g472	26.897	290	157	11	80	351	1151	1403	6.14e-10	64.3
PfGB4_110006800|DBLz|1|1541|2007	PV0301-C.g35	100.000	467	0	0	1	467	1509	1975	0.0	966
PfGB4_110006800|DBLz|1|1541|2007	PV0301-C.g35	29.321	324	188	9	46	346	85	390	9.69e-29	122
PfGB4_110006800|DBLz|1|1541|2007	PV0301-C.g35	26.885	305	189	11	68	361	756	1037	5.43e-19	92.8
PfGB4_110006800|DBLz|1|1541|2007	PV0301-C.g35	26.740	273	139	9	84	352	2028	2243	1.28e-15	82.4
PfGB4_110006800|DBLz|1|1541|2007	PV0301-C.g35	26.897	290	157	12	80	351	1151	1403	6.58e-10	64.3
PfGB4_110006800|DBLz|1|1541|2007	PV0084-C.g2	100.000	467	0	0	1	467	1509	1975	0.0	966
PfGB4_110006800|DBLz|1|1541|2007	PV0084-C.g2	29.321	324	188	9	46	346	85	390	9.77e-29	122
PfGB4_110006800|DBLz|1|1541|2007	PV0084-C.g2	26.885	305	189	11	68	361	756	1037	5.42e-19	92.8
PfGB4_110006800|DBLz|1|1541|2007	PV0084-C.g2	26.740	273	139	9	84	352	2028	2243	1.36e-15	82.4
PfGB4_110006800|DBLz|1|1541|2007	PV0084-C.g2	26.897	290	157	11	80	351	1151	1403	6.52e-10	64.3
PfGB4_110006800|DBLz|1|1541|2007	QG0203-C.g476	100.000	467	0	0	1	467	1543	2009	0.0	964
PfGB4_110006800|DBLz|1|1541|2007	QG0203-C.g476	31.132	318	183	9	46	339	85	390	3.10e-35	142
PfGB4_110006800|DBLz|1|1541|2007	QG0203-C.g476	26.740	273	139	9	84	352	2062	2277	1.24e-15	82.4
PfGB4_110006800|DBLz|1|1541|2007	QG0203-C.g476	25.352	284	180	9	88	361	810	1071	5.82e-14	77.0
PfGB4_110006800|DBLz|1|1541|2007	QG0203-C.g476	26.897	290	157	11	80	351	1185	1437	5.55e-10	64.7
PfGB4_110006800|DBLe|2|2012|2326	QE0467-C.g373	100.000	315	0	0	1	315	1980	2294	0.0	654
PfGB4_110006800|DBLe|2|2012|2326	QE0467-C.g373	31.132	318	170	12	41	315	1147	1458	3.65e-25	108
PfGB4_110006800|DBLe|2|2012|2326	QE0467-C.g373	26.875	320	174	12	50	315	773	1086	1.95e-16	82.4
PfGB4_110006800|DBLe|2|2012|2326	QE0467-C.g373	27.007	274	137	8	49	264	1592	1860	4.72e-16	81.3
PfGB4_110006800|DBLe|2|2012|2326	QE0467-C.g373	24.752	202	115	2	53	217	130	331	1.26e-12	70.9
PfGB4_110006800|DBLe|2|2012|2326	QE0436-C.g472	100.000	315	0	0	1	315	1980	2294	0.0	654
PfGB4_110006800|DBLe|2|2012|2326	QE0436-C.g472	31.132	318	170	12	41	315	1147	1458	3.65e-25	108
PfGB4_110006800|DBLe|2|2012|2326	QE0436-C.g472	26.875	320	174	12	50	315	773	1086	1.95e-16	82.4
PfGB4_110006800|DBLe|2|2012|2326	QE0436-C.g472	27.007	274	137	8	49	264	1592	1860	4.72e-16	81.3
PfGB4_110006800|DBLe|2|2012|2326	QE0436-C.g472	24.752	202	115	2	53	217	130	331	1.26e-12	70.9
PfGB4_110006800|DBLe|2|2012|2326	PV0301-C.g35	100.000	315	0	0	1	315	1980	2294	0.0	654
PfGB4_110006800|DBLe|2|2012|2326	PV0301-C.g35	31.132	318	170	12	41	315	1147	1458	3.49e-25	108
PfGB4_110006800|DBLe|2|2012|2326	PV0301-C.g35	26.875	320	174	12	50	315	773	1086	1.83e-16	82.4
PfGB4_110006800|DBLe|2|2012|2326	PV0301-C.g35	27.007	274	137	8	49	264	1592	1860	4.77e-16	81.3
PfGB4_110006800|DBLe|2|2012|2326	PV0301-C.g35	24.752	202	115	2	53	217	130	331	1.22e-12	70.9
PfGB4_110006800|DBLe|2|2012|2326	PV0084-C.g2	100.000	315	0	0	1	315	1980	2294	0.0	654
PfGB4_110006800|DBLe|2|2012|2326	PV0084-C.g2	31.132	318	170	12	41	315	1147	1458	3.98e-25	108
PfGB4_110006800|DBLe|2|2012|2326	PV0084-C.g2	26.875	320	174	12	50	315	773	1086	2.04e-16	82.4
PfGB4_110006800|DBLe|2|2012|2326	PV0084-C.g2	27.007	274	137	8	49	264	1592	1860	5.04e-16	81.3
PfGB4_110006800|DBLe|2|2012|2326	PV0084-C.g2	24.752	202	115	2	53	217	130	331	1.28e-12	70.9
PfGB4_110006800|DBLe|2|2012|2326	QG0203-C.g476	100.000	315	0	0	1	315	2014	2328	0.0	653
PfGB4_110006800|DBLe|2|2012|2326	QG0203-C.g476	31.447	318	169	12	41	315	1181	1492	6.12e-26	110
PfGB4_110006800|DBLe|2|2012|2326	QG0203-C.g476	26.374	273	140	8	49	264	1626	1894	4.37e-16	81.3
PfGB4_110006800|DBLe|2|2012|2326	QG0203-C.g476	26.269	335	186	14	35	315	793	1120	5.41e-16	81.3
PfGB4_110006800|DBLe|2|2012|2326	QG0203-C.g476	29.577	213	103	9	48	216	126	335	1.14e-14	77.0
PfGB4_110006800|ATS|1|2370|2816	PD0507-C.g826	87.668	446	49	5	2	447	2910	3349	0.0	786
PfGB4_110006800|ATS|1|2370|2816	PfKE02.g50	84.701	451	62	4	1	447	2565	3012	0.0	770
PfGB4_110006800|ATS|1|2370|2816	PT0158-C.g302	87.528	449	50	3	1	447	2359	2803	0.0	756
PfGB4_110006800|ATS|1|2370|2816	PF0513-C.g5231	85.874	446	38	6	2	447	2389	2809	0.0	756
PfGB4_110006800|ATS|1|2370|2816	PT0256-C.g286	84.735	452	59	6	1	447	2267	2713	0.0	756
PfGB4_110006900|NTS|1|1|136	PT0264-C.g109	87.013	77	6	1	60	136	58	130	5.24e-36	132
PfGB4_110006900|NTS|1|1|136	PM0115-C.g238	87.013	77	6	1	60	136	58	130	5.24e-36	132
PfGB4_110006900|NTS|1|1|136	PD0511-C.g249	73.171	82	17	4	57	136	44	122	3.85e-27	107
PfGB4_110006900|NTS|1|1|136	PD0546-C.g514	73.171	82	17	4	57	136	44	122	3.96e-27	107
PfGB4_110006900|NTS|1|1|136	PA0148-C.g115	78.824	85	18	0	52	136	45	129	9.35e-26	103
PfGB4_110006900|DBLa|1|137|555	PM0100-C.g2158	100.000	419	0	0	1	419	67	485	0.0	866
PfGB4_110006900|DBLa|1|137|555	PM0100-C.g2158	28.451	355	170	12	53	385	859	1151	6.36e-27	116
PfGB4_110006900|DBLa|1|137|555	PM0100-C.g2158	23.372	261	146	10	46	285	1285	1512	2.73e-07	55.5
PfGB4_110006900|DBLa|1|137|555	QE0467-C.g470	88.389	422	46	2	1	419	65	486	0.0	709
PfGB4_110006900|DBLa|1|137|555	QE0467-C.g470	33.198	247	114	9	69	298	883	1095	4.18e-27	116
PfGB4_110006900|DBLa|1|137|555	QE0467-C.g470	27.869	305	158	10	161	419	1583	1871	1.20e-20	97.4
PfGB4_110006900|DBLa|1|137|555	QE0469-C.g320	88.152	422	47	2	1	419	65	486	0.0	708
PfGB4_110006900|DBLa|1|137|555	QE0469-C.g320	31.615	291	143	10	67	342	879	1128	4.96e-28	119
PfGB4_110006900|DBLa|1|137|555	QE0469-C.g320	27.711	415	223	19	61	419	2254	2647	1.79e-23	105
PfGB4_110006900|DBLa|1|137|555	QE0469-C.g320	24.576	354	190	13	46	377	1668	1966	7.02e-11	67.0
PfGB4_110006900|DBLa|1|137|555	QE0469-C.g320	22.257	319	168	11	63	352	1292	1559	6.61e-07	54.3
PfGB4_110006900|DBLa|1|137|555	PH0594-C.g423	88.389	422	46	2	1	419	65	486	0.0	707
PfGB4_110006900|DBLa|1|137|555	PH0594-C.g423	33.198	247	114	9	69	298	883	1095	4.31e-27	116
PfGB4_110006900|DBLa|1|137|555	QE0481-C.g1069	88.152	422	47	2	1	419	65	486	0.0	706
PfGB4_110006900|DBLa|1|137|555	QE0481-C.g1069	31.615	291	143	10	67	342	879	1128	5.58e-28	119
PfGB4_110006900|DBLa|1|137|555	QE0481-C.g1069	22.257	319	168	11	63	352	1292	1559	7.43e-07	54.3
PfGB4_110006900|CIDRa|1|556|828	PM0100-C.g2158	99.634	273	1	0	1	273	486	758	0.0	554
PfGB4_110006900|CIDRa|1|556|828	PC0063-C.g8351	95.911	269	5	1	1	269	491	753	1.16e-173	526
PfGB4_110006900|CIDRa|1|556|828	PA0149-C.g604	94.465	271	15	0	1	271	476	746	5.29e-144	448
PfGB4_110006900|CIDRa|1|556|828	PA0074-C.g180	92.419	277	15	1	1	271	504	780	4.26e-143	446
PfGB4_110006900|CIDRa|1|556|828	PA0061-C.g254	92.419	277	15	1	1	271	504	780	4.26e-143	446
PfGB4_110006900|DBLb|1|837|1299	PM0100-C.g2158	100.000	463	0	0	1	463	767	1229	0.0	965
PfGB4_110006900|DBLb|1|837|1299	PM0100-C.g2158	31.174	247	121	8	112	326	133	362	8.95e-26	113
PfGB4_110006900|DBLb|1|837|1299	PM0100-C.g2158	26.022	269	142	12	111	348	1298	1540	7.29e-10	63.9
PfGB4_110006900|DBLb|1|837|1299	PA0202-C.g142	67.446	513	116	6	1	463	723	1234	0.0	675
PfGB4_110006900|DBLb|1|837|1299	PA0202-C.g142	30.864	324	177	14	30	326	35	338	4.06e-29	124
PfGB4_110006900|DBLb|1|837|1299	PA0202-C.g142	26.032	315	181	10	75	354	1254	1551	2.72e-19	94.0
PfGB4_110006900|DBLb|1|837|1299	QE0467-C.g347	69.167	480	130	6	1	463	765	1243	0.0	668
PfGB4_110006900|DBLb|1|837|1299	QE0467-C.g347	30.311	386	196	17	24	355	58	424	1.71e-24	109
PfGB4_110006900|DBLb|1|837|1299	QE0467-C.g347	26.433	314	172	11	68	356	1265	1544	5.89e-15	80.1
PfGB4_110006900|DBLb|1|837|1299	PD0553-C.g268	68.542	480	132	7	1	463	765	1242	0.0	660
PfGB4_110006900|DBLb|1|837|1299	PD0553-C.g268	30.311	386	196	17	24	355	58	424	2.86e-24	108
PfGB4_110006900|DBLb|1|837|1299	PD0553-C.g268	26.685	371	200	12	64	393	1254	1593	3.12e-16	84.3
PfGB4_110006900|DBLb|1|837|1299	PM0096-C.g24	68.220	472	139	6	1	463	713	1182	0.0	637
PfGB4_110006900|DBLb|1|837|1299	PM0096-C.g24	28.530	347	192	12	109	416	104	433	1.27e-25	113
PfGB4_110006900|DBLb|1|837|1299	PM0096-C.g24	25.312	320	177	14	93	384	1229	1514	1.38e-10	66.2
PfGB4_110006900|DBLg|1|1318|1681	PM0100-C.g2158	100.000	295	0	0	1	295	1248	1542	0.0	618
PfGB4_110006900|DBLg|1|1318|1681	PM0100-C.g2158	26.910	301	168	12	51	326	877	1150	3.35e-13	73.6
PfGB4_110006900|DBLg|1|1318|1681	PM0100-C.g2158	21.519	316	179	11	38	302	112	409	1.21e-08	59.3
PfGB4_110006900|DBLg|1|1318|1681	SenT094.09.g781	70.812	394	85	5	1	364	329	722	2.58e-171	512
PfGB4_110006900|DBLg|1|1318|1681	SenT094.09.g781	32.773	357	158	12	1	296	873	1208	2.88e-40	154
PfGB4_110006900|DBLg|1|1318|1681	SenT232.08.g86	70.812	394	85	5	1	364	1298	1691	1.67e-164	511
PfGB4_110006900|DBLg|1|1318|1681	SenT232.08.g86	32.773	357	158	12	1	296	1842	2177	1.79e-40	154
PfGB4_110006900|DBLg|1|1318|1681	SenT232.08.g86	23.885	314	177	10	35	302	174	471	2.90e-10	64.3
PfGB4_110006900|DBLg|1|1318|1681	SenT232.08.g86	23.891	293	173	10	51	317	921	1189	6.38e-10	63.5
PfGB4_110006900|DBLg|1|1318|1681	QE0475-C.g353	66.120	366	115	3	1	364	1300	1658	5.77e-157	490
PfGB4_110006900|DBLg|1|1318|1681	QE0475-C.g353	27.446	419	184	17	1	305	1776	2188	1.28e-27	117
PfGB4_110006900|DBLg|1|1318|1681	QE0475-C.g353	28.467	274	149	11	51	299	839	1090	2.87e-16	82.8
PfGB4_110006900|DBLg|1|1318|1681	QE0475-C.g353	22.261	283	175	9	50	304	132	397	9.36e-07	53.5
PfGB4_110006900|DBLg|1|1318|1681	QG0190-C.g240	67.663	368	93	6	1	364	1207	1552	2.00e-156	488
PfGB4_110006900|DBLg|1|1318|1681	QG0190-C.g240	30.504	377	146	13	24	303	1715	2072	4.54e-37	144
PfGB4_110006900|DBLg|1|1318|1681	QG0190-C.g240	25.974	308	160	12	51	326	838	1109	2.11e-13	74.3
PfGB4_110006900|DBLd|1|1843|2339	SenT119.09.g516	75.781	512	100	9	1	497	779	1281	0.0	754
PfGB4_110006900|DBLd|1|1843|2339	SenT119.09.g516	26.852	324	190	14	197	497	147	446	2.06e-15	82.0
PfGB4_110006900|DBLd|1|1843|2339	PF0638-C.g8077	74.857	525	99	8	1	497	932	1451	0.0	743
PfGB4_110006900|DBLd|1|1843|2339	PF0638-C.g8077	28.481	158	106	2	274	428	261	414	4.85e-12	71.2
PfGB4_110006900|DBLd|1|1843|2339	PF0524-C.g208	62.572	521	127	10	1	497	2172	2648	0.0	597
PfGB4_110006900|DBLd|1|1843|2339	PF0524-C.g208	29.792	433	151	17	1	423	1210	1499	5.27e-37	148
PfGB4_110006900|DBLd|1|1843|2339	PF0524-C.g208	27.670	412	161	18	19	427	1607	1884	1.20e-28	123
PfGB4_110006900|DBLd|1|1843|2339	PF0524-C.g208	27.562	283	168	8	229	497	216	475	5.94e-18	90.1
PfGB4_110006900|DBLd|1|1843|2339	QG0226-C.g3293	54.679	545	168	13	1	497	883	1396	8.71e-170	525
PfGB4_110006900|DBLd|1|1843|2339	QG0226-C.g3293	25.498	251	165	5	180	427	170	401	7.48e-16	83.2
PfGB4_110006900|DBLd|1|1843|2339	QG0196-C.g1126	56.600	500	161	14	1	497	632	1078	3.87e-165	506
PfGB4_110006900|DBLd|1|1843|2339	QG0196-C.g1126	28.897	263	128	8	274	497	44	286	7.96e-18	89.4
PfGB4_110006900|CIDRb|1|2340|2594	SenT119.09.g516	90.196	255	24	1	1	255	1282	1535	3.21e-152	465
PfGB4_110006900|CIDRb|1|2340|2594	PF0638-C.g8077	87.843	255	30	1	1	255	1452	1705	3.59e-145	448
PfGB4_110006900|CIDRb|1|2340|2594	QG0226-C.g3293	75.000	244	57	3	1	243	1397	1637	1.01e-117	371
PfGB4_110006900|CIDRb|1|2340|2594	PfKE02.g562	70.612	245	64	3	1	244	2215	2452	1.86e-105	337
PfGB4_110006900|CIDRb|1|2340|2594	PfKE02.g562	34.081	223	143	3	34	255	507	726	3.27e-35	135
PfGB4_110006900|CIDRb|1|2340|2594	PA0256-C.g159	70.612	245	64	3	1	244	2583	2820	9.69e-105	335
PfGB4_110006900|CIDRb|1|2340|2594	PA0256-C.g159	32.400	250	163	5	3	249	472	718	5.42e-37	140
PfGB4_110006900|ATS|1|2718|3201	PV0028-C.g50	76.411	496	55	8	7	484	2604	3055	0.0	702
PfGB4_110006900|ATS|1|2718|3201	QE0436-C.g670	74.525	526	74	8	2	484	1708	2216	0.0	679
PfGB4_110006900|ATS|1|2718|3201	PV0134-C.g25	72.951	488	82	7	2	484	2381	2823	0.0	675
PfGB4_110006900|ATS|1|2718|3201	PH0121-CW.g102	74.897	486	63	8	1	484	802	1230	0.0	675
PfGB4_110006900|ATS|1|2718|3201	PV0028-C.g31	71.825	504	74	9	1	484	1737	2192	0.0	673
PfGB4_110057300|NTS|1|1|60	QG0296-C.g4730	85.106	47	7	0	1	47	1	47	2.88e-18	78.2
PfGB4_110057300|NTS|1|1|60	QE0470-C.g1073	66.667	63	18	1	1	60	5	67	3.11e-18	78.2
PfGB4_110057300|NTS|1|1|60	PH0349-C.g214	71.698	53	15	0	8	60	17	69	3.82e-18	77.8
PfGB4_110057300|NTS|1|1|60	PH0343-C.g199	71.698	53	15	0	8	60	17	69	3.82e-18	77.8
PfGB4_110057300|NTS|1|1|60	PF0298-C.g564	70.000	60	14	1	1	60	1	56	4.41e-18	77.8
PfGB4_110057300|DBLa|1|61|484	PF0590-C.g265	77.622	429	83	3	1	424	70	490	0.0	681
PfGB4_110057300|DBLa|1|61|484	PF0590-C.g265	27.985	268	139	10	188	424	1441	1685	1.89e-14	78.2
PfGB4_110057300|DBLa|1|61|484	PF0590-C.g265	26.059	307	155	11	48	333	2072	2327	7.77e-13	73.2
PfGB4_110057300|DBLa|1|61|484	PF0590-C.g265	29.221	154	78	5	185	332	983	1111	1.28e-11	69.3
PfGB4_110057300|DBLa|1|61|484	PT0144-C.g1285	76.291	426	89	5	1	424	57	472	0.0	657
PfGB4_110057300|DBLa|1|61|484	PT0144-C.g1285	26.736	288	151	10	179	424	1065	1334	1.26e-14	78.6
PfGB4_110057300|DBLa|1|61|484	PF0400-C.g471	76.000	425	88	4	1	424	61	472	0.0	655
PfGB4_110057300|DBLa|1|61|484	PF0400-C.g471	34.524	252	124	9	48	289	852	1072	1.53e-28	120
PfGB4_110057300|DBLa|1|61|484	QG0218-C.g768	76.056	426	90	5	1	424	57	472	0.0	654
PfGB4_110057300|DBLa|1|61|484	QG0218-C.g768	26.275	255	125	9	122	338	1014	1243	1.32e-11	69.3
PfGB4_110057300|DBLa|1|61|484	PT0158-C.g885	74.253	435	94	5	1	424	64	491	0.0	649
PfGB4_110057300|DBLa|1|61|484	PT0158-C.g885	23.565	331	194	13	54	338	1013	1330	2.07e-10	65.5
PfGB4_110057300|CIDRa|1|485|735	PA0030-C.g764	83.468	248	41	0	1	248	409	656	7.92e-145	434
PfGB4_110057300|CIDRa|1|485|735	PM0029-C.g203	81.673	251	46	0	1	251	462	712	4.06e-142	432
PfGB4_110057300|CIDRa|1|485|735	PF0400-C.g471	84.000	250	37	3	1	248	473	721	1.06e-139	424
PfGB4_110057300|CIDRa|1|485|735	PA0044-C.g644	80.723	249	46	2	1	248	478	725	1.00e-132	412
PfGB4_110057300|CIDRa|1|485|735	PT0184-C.g10	79.839	248	50	0	1	248	503	750	4.61e-131	410
PfGB4_110057300|CIDRa|1|485|735	PT0184-C.g10	28.049	164	96	4	27	186	1800	1945	3.15e-08	56.6
PfGB4_110057300|DBLb|1|753|1197	PM0160-C.g1398	65.652	460	140	9	1	445	750	1206	0.0	589
PfGB4_110057300|DBLb|1|753|1197	PM0160-C.g1398	32.982	285	136	11	109	350	122	394	7.58e-29	122
PfGB4_110057300|DBLb|1|753|1197	QG0205-C.g867	64.871	464	137	10	1	445	743	1199	0.0	573
PfGB4_110057300|DBLb|1|753|1197	QG0205-C.g867	29.819	332	169	15	67	350	72	387	8.12e-25	110
PfGB4_110057300|DBLb|1|753|1197	PA0044-C.g644	63.499	463	143	10	1	445	746	1200	0.0	567
PfGB4_110057300|DBLb|1|753|1197	PA0044-C.g644	32.635	334	162	11	65	350	73	391	6.85e-32	131
PfGB4_110057300|DBLb|1|753|1197	PA0044-C.g644	27.612	268	158	8	108	353	1261	1514	2.67e-18	90.5
PfGB4_110057300|DBLb|1|753|1197	PM0018-C.g852	63.956	455	151	9	1	445	747	1198	0.0	566
PfGB4_110057300|DBLb|1|753|1197	PM0018-C.g852	29.600	375	201	13	67	393	74	433	1.37e-30	127
PfGB4_110057300|DBLb|1|753|1197	PH0872-C.g412	62.472	453	157	8	1	445	741	1188	0.0	564
PfGB4_110057300|DBLb|1|753|1197	PH0872-C.g412	29.570	372	198	13	67	390	71	426	2.90e-31	129
PfGB4_110057300|DBLb|1|753|1197	PH0872-C.g412	26.071	280	147	10	106	357	1254	1501	1.86e-13	75.5
PfGB4_110057300|DBLd|1|1213|1756	PA0084-C.g363	52.205	567	208	21	1	544	846	1372	5.76e-159	497
PfGB4_110057300|DBLd|1|1213|1756	PA0084-C.g363	33.333	207	97	7	369	544	302	498	1.08e-15	83.2
PfGB4_110057300|DBLd|1|1213|1756	PA0042-C.g474	52.205	567	208	21	1	544	846	1372	5.76e-159	497
PfGB4_110057300|DBLd|1|1213|1756	PA0042-C.g474	33.333	207	97	7	369	544	302	498	1.08e-15	83.2
PfGB4_110057300|DBLd|1|1213|1756	PA0039-C.g656	49.291	564	208	21	1	544	871	1376	2.67e-145	460
PfGB4_110057300|DBLd|1|1213|1756	PA0039-C.g656	29.384	211	123	8	354	544	295	499	4.45e-12	71.6
PfGB4_110057300|DBLd|1|1213|1756	PM0037-C.g1878	54.487	468	155	12	110	544	1091	1533	8.56e-144	457
PfGB4_110057300|DBLd|1|1213|1756	PM0037-C.g1878	53.061	98	31	6	1	94	899	985	3.15e-13	75.5
PfGB4_110057300|DBLd|1|1213|1756	PM0037-C.g1878	28.452	239	123	10	341	544	290	515	1.48e-10	66.6
PfGB4_110057300|DBLd|1|1213|1756	PA0041-C.g384	48.601	572	199	21	1	544	1261	1765	1.37e-141	453
PfGB4_110057300|DBLd|1|1213|1756	PA0041-C.g384	32.222	180	72	5	80	254	891	1025	2.77e-19	94.7
PfGB4_110057300|DBLd|1|1213|1756	PA0041-C.g384	31.068	206	117	4	358	544	301	500	5.24e-17	87.4
PfGB4_110057300|CIDRb|1|1757|2013	PFKE07.g51	75.194	258	60	3	1	257	1389	1643	2.03e-119	376
PfGB4_110057300|CIDRb|1|1757|2013	PFKE07.g51	20.886	158	120	2	95	249	569	724	5.26e-07	52.8
PfGB4_110057300|CIDRb|1|1757|2013	PH0516-C.g521	73.930	257	59	2	1	249	1384	1640	4.67e-117	370
PfGB4_110057300|CIDRb|1|1757|2013	PV0288-C.g39	73.930	257	59	2	1	249	1318	1574	8.15e-117	369
PfGB4_110057300|CIDRb|1|1757|2013	PM0152-C.g704	73.930	257	61	2	1	251	1338	1594	1.09e-116	368
PfGB4_110057300|CIDRb|1|1757|2013	PM0152-C.g704	22.297	148	114	1	102	249	590	736	5.30e-09	58.9
PfGB4_110057300|CIDRb|1|1757|2013	PA0187-C.g100	70.992	262	70	3	1	257	2634	2894	3.46e-112	356
PfGB4_110057300|ATS|1|2116|2583	PF0456-C.g548	77.987	477	68	7	1	468	1099	1547	0.0	692
PfGB4_110057300|ATS|1|2116|2583	PFKE09.g563	77.263	475	68	7	1	468	775	1216	0.0	689
PfGB4_110057300|ATS|1|2116|2583	PH0121-CW.g102	74.153	472	75	6	1	468	802	1230	0.0	657
PfGB4_110057300|ATS|1|2116|2583	PD0561-C.g263	72.956	477	99	10	1	468	2424	2879	0.0	650
PfGB4_110057300|ATS|1|2116|2583	PV0028-C.g31	68.000	500	84	11	1	468	1737	2192	0.0	623
PfGB4_120005700|NTSpam|1|1|51	QG0250-C.g603	100.000	51	0	0	1	51	1	51	8.39e-28	104
PfGB4_120005700|NTSpam|1|1|51	QG0249-C.g418	100.000	51	0	0	1	51	1	51	1.03e-27	104
PfGB4_120005700|NTSpam|1|1|51	PC0016-C.g380	96.078	51	2	0	1	51	1	51	1.37e-26	101
PfGB4_120005700|NTSpam|1|1|51	PD0564-C.g676	96.078	51	2	0	1	51	1	51	1.47e-26	101
PfGB4_120005700|NTSpam|1|1|51	PD0554-C.g141	96.078	51	2	0	1	51	1	51	1.60e-26	101
PfGB4_120005700|DBLpam1|1|52|430	QG0249-C.g418	100.000	379	0	0	1	379	52	430	0.0	784
PfGB4_120005700|DBLpam1|1|52|430	QG0249-C.g418	28.938	273	152	10	40	289	578	831	1.03e-25	111
PfGB4_120005700|DBLpam1|1|52|430	QG0249-C.g418	26.027	292	161	11	43	312	1630	1888	9.09e-14	75.5
PfGB4_120005700|DBLpam1|1|52|430	QG0249-C.g418	24.026	308	174	12	9	298	2005	2270	2.12e-11	68.2
PfGB4_120005700|DBLpam1|1|52|430	QG0249-C.g418	24.000	325	170	14	19	301	1251	1540	3.76e-10	64.3
PfGB4_120005700|DBLpam1|1|52|430	QG0249-C.g418	24.373	279	163	10	45	323	2383	2613	1.31e-08	59.3
PfGB4_120005700|DBLpam1|1|52|430	QG0250-C.g603	100.000	379	0	0	1	379	52	430	0.0	784
PfGB4_120005700|DBLpam1|1|52|430	QG0250-C.g603	28.938	273	152	10	40	289	578	831	1.33e-25	111
PfGB4_120005700|DBLpam1|1|52|430	QG0250-C.g603	26.027	292	161	11	43	312	1630	1888	1.46e-13	75.1
PfGB4_120005700|DBLpam1|1|52|430	QG0250-C.g603	24.026	308	174	12	9	298	2005	2270	2.50e-11	68.2
PfGB4_120005700|DBLpam1|1|52|430	QG0250-C.g603	24.000	325	170	14	19	301	1251	1540	4.60e-10	63.9
PfGB4_120005700|DBLpam1|1|52|430	QG0250-C.g603	26.984	189	98	7	45	233	2383	2531	1.39e-08	59.3
PfGB4_120005700|DBLpam1|1|52|430	PT0230-Cx.g245	91.005	378	33	1	1	378	52	428	0.0	689
PfGB4_120005700|DBLpam1|1|52|430	PT0230-Cx.g245	31.022	274	139	14	27	279	559	803	2.58e-23	104
PfGB4_120005700|DBLpam1|1|52|430	PT0230-Cx.g245	24.756	307	173	11	9	298	1997	2262	2.18e-14	77.4
PfGB4_120005700|DBLpam1|1|52|430	PT0230-Cx.g245	25.818	275	159	12	33	306	2366	2596	8.43e-13	72.4
PfGB4_120005700|DBLpam1|1|52|430	PT0230-Cx.g245	25.430	291	170	7	43	312	1617	1881	3.36e-12	70.9
PfGB4_120005700|DBLpam1|1|52|430	PT0230-Cx.g245	24.110	365	205	13	19	343	1234	1566	2.50e-08	58.5
PfGB4_120005700|DBLpam1|1|52|430	SenT084.10.g3380	89.182	379	41	0	1	379	52	430	0.0	677
PfGB4_120005700|DBLpam1|1|52|430	SenT084.10.g3380	29.008	262	146	9	40	289	578	811	7.28e-25	108
PfGB4_120005700|DBLpam1|1|52|430	SenT084.10.g3380	25.939	293	162	9	43	312	1609	1869	4.06e-13	73.6
PfGB4_120005700|DBLpam1|1|52|430	SenT084.10.g3380	22.785	316	184	11	19	301	1231	1519	2.98e-09	61.6
PfGB4_120005700|DBLpam1|1|52|430	QE0470-C.g152	87.071	379	46	2	1	379	52	427	0.0	677
PfGB4_120005700|DBLpam1|1|52|430	QE0470-C.g152	31.008	258	145	11	40	281	574	814	1.60e-24	108
PfGB4_120005700|DBLpam1|1|52|430	QE0470-C.g152	25.373	335	188	14	9	323	2012	2304	8.27e-15	79.0
PfGB4_120005700|DBLpam1|1|52|430	QE0470-C.g152	24.028	283	173	8	33	315	2387	2627	9.59e-11	66.2
PfGB4_120005700|DBLpam1|1|52|430	QE0470-C.g152	24.382	283	183	8	43	312	1632	1896	4.50e-10	63.9
PfGB4_120005700|DBLpam1|1|52|430	QE0470-C.g152	24.599	374	202	17	19	343	1239	1581	5.23e-10	63.9
PfGB4_120005700|DBLpam2|1|531|977	QG0249-C.g418	99.776	447	1	0	1	447	531	977	0.0	926
PfGB4_120005700|DBLpam2|1|531|977	QG0249-C.g418	24.257	404	229	14	48	430	91	438	3.72e-22	102
PfGB4_120005700|DBLpam2|1|531|977	QG0249-C.g418	25.243	309	170	12	41	333	1625	1888	5.04e-12	70.9
PfGB4_120005700|DBLpam2|1|531|977	QG0249-C.g418	26.740	273	118	13	13	270	2345	2550	1.05e-11	69.7
PfGB4_120005700|DBLpam2|1|531|977	QG0249-C.g418	25.448	279	145	10	55	301	1277	1524	1.59e-09	62.8
PfGB4_120005700|DBLpam2|1|531|977	QG0249-C.g418	26.291	213	108	7	53	260	2048	2216	9.96e-08	57.4
PfGB4_120005700|DBLpam2|1|531|977	QG0250-C.g603	99.776	447	1	0	1	447	531	977	0.0	924
PfGB4_120005700|DBLpam2|1|531|977	QG0250-C.g603	24.257	404	229	14	48	430	91	438	2.48e-22	102
PfGB4_120005700|DBLpam2|1|531|977	QG0250-C.g603	25.243	309	170	12	41	333	1625	1888	5.34e-12	70.9
PfGB4_120005700|DBLpam2|1|531|977	QG0250-C.g603	26.394	269	124	12	13	270	2345	2550	1.36e-11	69.7
PfGB4_120005700|DBLpam2|1|531|977	QG0250-C.g603	25.448	279	145	10	55	301	1277	1524	1.39e-09	63.2
PfGB4_120005700|DBLpam2|1|531|977	QG0250-C.g603	26.291	213	108	7	53	260	2048	2216	7.16e-08	57.8
PfGB4_120005700|DBLpam2|1|531|977	PA0254-C.g934	86.534	453	49	4	1	447	531	977	0.0	764
PfGB4_120005700|DBLpam2|1|531|977	PA0254-C.g934	30.417	240	133	8	53	280	96	313	9.40e-27	115
PfGB4_120005700|DBLpam2|1|531|977	SenT084.10.g3380	88.591	447	31	3	1	447	531	957	0.0	760
PfGB4_120005700|DBLpam2|1|531|977	SenT084.10.g3380	29.167	264	153	9	53	301	96	340	2.01e-24	109
PfGB4_120005700|DBLpam2|1|531|977	SenT084.10.g3380	25.080	311	170	11	41	333	1604	1869	1.45e-12	72.4
PfGB4_120005700|DBLpam2|1|531|977	SenT084.10.g3380	24.731	279	146	9	55	301	1257	1503	6.79e-09	60.8
PfGB4_120005700|DBLpam2|1|531|977	QG0246-C.g2420	84.615	455	56	2	1	447	531	979	0.0	759
PfGB4_120005700|DBLpam2|1|531|977	QG0246-C.g2420	27.431	288	165	10	36	298	69	337	1.18e-21	100
PfGB4_120005700|DBLpam2|1|531|977	QG0246-C.g2420	29.010	293	143	12	13	299	2367	2600	4.23e-20	96.3
PfGB4_120005700|DBLpam2|1|531|977	QG0246-C.g2420	27.575	301	153	12	38	301	1254	1526	4.04e-13	74.3
PfGB4_120005700|DBLpam2|1|531|977	QG0246-C.g2420	25.484	310	184	10	41	333	1627	1906	1.03e-12	73.2
PfGB4_120005700|DBLpam2|1|531|977	QG0246-C.g2420	26.339	224	116	6	53	270	2064	2244	5.85e-11	67.4
PfGB4_120005700|CIDRpam|1|986|1214	QG0249-C.g418	100.000	229	0	0	1	229	986	1214	2.23e-153	473
PfGB4_120005700|CIDRpam|1|986|1214	QG0250-C.g603	100.000	229	0	0	1	229	986	1214	4.78e-153	472
PfGB4_120005700|CIDRpam|1|986|1214	SenT084.10.g3380	96.943	229	7	0	1	229	966	1194	2.27e-148	457
PfGB4_120005700|CIDRpam|1|986|1214	PF0041-C.g868	91.703	229	19	0	1	229	991	1219	5.96e-140	434
PfGB4_120005700|CIDRpam|1|986|1214	PH0643-C.g248	90.393	229	22	0	1	229	985	1213	1.09e-135	422
PfGB4_120005700|DBLpam3|1|1233|1586	QG0249-C.g418	100.000	354	0	0	1	354	1233	1586	0.0	727
PfGB4_120005700|DBLpam3|1|1233|1586	QG0249-C.g418	25.574	305	179	12	23	312	1609	1880	1.41e-13	74.7
PfGB4_120005700|DBLpam3|1|1233|1586	QG0249-C.g418	24.497	298	175	10	36	324	2041	2297	1.84e-12	71.2
PfGB4_120005700|DBLpam3|1|1233|1586	QG0249-C.g418	24.000	325	170	14	19	308	70	352	2.42e-10	64.7
PfGB4_120005700|DBLpam3|1|1233|1586	QG0249-C.g418	25.743	303	154	12	28	292	562	831	3.66e-09	60.8
PfGB4_120005700|DBLpam3|1|1233|1586	QG0250-C.g603	100.000	354	0	0	1	354	1233	1586	0.0	724
PfGB4_120005700|DBLpam3|1|1233|1586	QG0250-C.g603	25.574	305	179	12	23	312	1609	1880	2.15e-13	73.9
PfGB4_120005700|DBLpam3|1|1233|1586	QG0250-C.g603	24.497	298	175	10	36	324	2041	2297	2.14e-12	70.9
PfGB4_120005700|DBLpam3|1|1233|1586	QG0250-C.g603	24.000	325	170	14	19	308	70	352	2.35e-10	64.7
PfGB4_120005700|DBLpam3|1|1233|1586	QG0250-C.g603	25.743	303	154	12	28	292	562	831	3.69e-09	60.8
PfGB4_120005700|DBLpam3|1|1233|1586	PF0041-C.g868	98.305	354	5	1	1	354	1238	1590	0.0	708
PfGB4_120005700|DBLpam3|1|1233|1586	PF0041-C.g868	24.912	285	167	10	42	312	1635	1886	7.13e-12	69.3
PfGB4_120005700|DBLpam3|1|1233|1586	PF0041-C.g868	27.928	222	123	8	36	255	2047	2233	8.93e-12	68.9
PfGB4_120005700|DBLpam3|1|1233|1586	PF0041-C.g868	26.838	272	149	10	40	290	576	818	9.50e-10	62.8
PfGB4_120005700|DBLpam3|1|1233|1586	SenT084.10.g3380	98.305	354	5	1	1	354	1213	1565	0.0	707
PfGB4_120005700|DBLpam3|1|1233|1586	SenT084.10.g3380	24.912	285	167	10	42	312	1610	1861	8.07e-12	69.3
PfGB4_120005700|DBLpam3|1|1233|1586	SenT084.10.g3380	23.602	322	165	13	24	308	75	352	6.05e-11	66.6
PfGB4_120005700|DBLpam3|1|1233|1586	SenT084.10.g3380	25.597	293	147	10	28	292	562	811	1.04e-10	65.9
PfGB4_120005700|DBLpam3|1|1233|1586	PFKE07.g1059	92.938	354	24	1	1	354	1224	1576	0.0	667
PfGB4_120005700|DBLpam3|1|1233|1586	PFKE07.g1059	26.389	288	167	10	42	324	2036	2283	9.12e-14	75.1
PfGB4_120005700|DBLpam3|1|1233|1586	PFKE07.g1059	25.360	347	192	15	19	333	70	381	1.08e-12	72.0
PfGB4_120005700|DBLpam3|1|1233|1586	PFKE07.g1059	26.087	299	152	10	21	292	548	804	1.53e-12	71.6
PfGB4_120005700|DBLpam3|1|1233|1586	PFKE07.g1059	25.088	283	167	10	42	312	1621	1870	5.15e-12	69.7
PfGB4_120005700|DBLpam3|1|1233|1586	PFKE07.g1059	23.642	313	166	13	30	329	3077	3329	2.45e-10	64.7
PfGB4_120005700|DBLpam3|1|1233|1586	PFKE07.g1059	24.913	289	164	12	40	328	2367	2602	7.60e-08	57.0
PfGB4_120005700|DBLpam3|1|1233|1586	PFKE07.g1059	22.064	281	164	8	39	298	2720	2966	3.13e-07	55.1
PfGB4_120005700|DBLe|1|1588|1919	QG0249-C.g418	100.000	332	0	0	1	332	1588	1919	0.0	692
PfGB4_120005700|DBLe|1|1588|1919	QG0249-C.g418	27.622	286	163	12	43	320	2046	2295	7.77e-18	87.0
PfGB4_120005700|DBLe|1|1588|1919	QG0249-C.g418	25.574	305	179	12	22	293	1255	1544	6.24e-13	72.4
PfGB4_120005700|DBLe|1|1588|1919	QG0249-C.g418	25.965	285	156	11	43	294	94	356	8.12e-13	72.0
PfGB4_120005700|DBLe|1|1588|1919	QG0249-C.g418	25.243	309	170	12	38	301	571	863	1.26e-11	68.2
PfGB4_120005700|DBLe|1|1588|1919	QG0249-C.g418	24.104	307	158	11	1	286	2337	2589	1.88e-09	61.6
PfGB4_120005700|DBLe|1|1588|1919	QG0250-C.g603	100.000	332	0	0	1	332	1588	1919	0.0	691
PfGB4_120005700|DBLe|1|1588|1919	QG0250-C.g603	27.402	281	170	11	43	320	2046	2295	7.07e-18	87.0
PfGB4_120005700|DBLe|1|1588|1919	QG0250-C.g603	25.574	305	179	12	22	293	1255	1544	4.33e-13	72.8
PfGB4_120005700|DBLe|1|1588|1919	QG0250-C.g603	26.056	284	157	9	43	294	94	356	5.44e-13	72.4
PfGB4_120005700|DBLe|1|1588|1919	QG0250-C.g603	25.243	309	170	12	38	301	571	863	8.38e-12	68.9
PfGB4_120005700|DBLe|1|1588|1919	QG0250-C.g603	24.104	307	158	11	1	286	2337	2589	1.60e-09	61.6
PfGB4_120005700|DBLe|1|1588|1919	SenT084.10.g3380	96.108	334	11	1	1	332	1567	1900	0.0	664
PfGB4_120005700|DBLe|1|1588|1919	SenT084.10.g3380	26.370	292	168	9	38	301	571	843	6.01e-15	78.2
PfGB4_120005700|DBLe|1|1588|1919	SenT084.10.g3380	24.828	290	158	10	44	293	1254	1523	3.55e-12	70.1
PfGB4_120005700|DBLe|1|1588|1919	SenT084.10.g3380	25.088	283	157	11	45	294	96	356	1.47e-11	68.2
PfGB4_120005700|DBLe|1|1588|1919	PF0041-C.g868	96.108	334	11	1	1	332	1592	1925	0.0	663
PfGB4_120005700|DBLe|1|1588|1919	PF0041-C.g868	27.622	286	163	11	43	320	2052	2301	3.88e-18	87.8
PfGB4_120005700|DBLe|1|1588|1919	PF0041-C.g868	25.342	292	169	11	45	301	579	856	7.20e-13	72.0
PfGB4_120005700|DBLe|1|1588|1919	PF0041-C.g868	24.828	290	158	10	44	293	1279	1548	5.68e-12	69.3
PfGB4_120005700|DBLe|1|1588|1919	PF0041-C.g868	26.132	287	157	11	45	298	94	358	3.42e-10	63.9
PfGB4_120005700|DBLe|1|1588|1919	PF0041-C.g868	24.333	300	166	11	1	286	2343	2595	2.09e-09	61.2
PfGB4_120005700|DBLe|1|1588|1919	PA0064-C.g271	95.783	332	13	1	1	332	695	1025	0.0	656
PfGB4_120005700|DBLe|1|1588|1919	PA0064-C.g271	29.930	284	160	12	43	320	1150	1400	4.71e-18	87.8
PfGB4_120005700|DBLe|1|1588|1919	PA0064-C.g271	25.962	312	185	10	1	303	1442	1716	1.19e-16	83.6
PfGB4_120005700|DBLe|1|1588|1919	PA0064-C.g271	24.080	299	164	10	44	293	367	651	1.77e-11	67.8
PfGB4_120005700|DBLe|2|1998|2299	QG0249-C.g418	100.000	302	0	0	1	302	1998	2299	0.0	623
PfGB4_120005700|DBLe|2|1998|2299	QG0249-C.g418	32.246	276	155	8	36	302	2368	2620	1.06e-28	118
PfGB4_120005700|DBLe|2|1998|2299	QG0249-C.g418	28.070	285	161	12	50	298	1631	1907	1.65e-19	91.3
PfGB4_120005700|DBLe|2|1998|2299	QG0249-C.g418	24.832	298	174	11	44	300	1268	1556	9.36e-15	77.0
PfGB4_120005700|DBLe|2|1998|2299	QG0249-C.g418	26.033	242	123	10	8	210	60	284	5.25e-11	65.9
PfGB4_120005700|DBLe|2|1998|2299	QG0249-C.g418	26.761	213	107	6	51	219	583	790	3.94e-10	63.2
PfGB4_120005700|DBLe|2|1998|2299	QG0250-C.g603	100.000	302	0	0	1	302	1998	2299	0.0	622
PfGB4_120005700|DBLe|2|1998|2299	QG0250-C.g603	32.246	276	155	8	36	302	2368	2620	9.68e-29	118
PfGB4_120005700|DBLe|2|1998|2299	QG0250-C.g603	28.070	285	161	12	50	298	1631	1907	1.49e-19	91.7
PfGB4_120005700|DBLe|2|1998|2299	QG0250-C.g603	24.497	298	175	10	44	300	1268	1556	6.52e-15	77.8
PfGB4_120005700|DBLe|2|1998|2299	QG0250-C.g603	25.620	242	124	10	8	210	60	284	5.54e-11	65.9
PfGB4_120005700|DBLe|2|1998|2299	QG0250-C.g603	26.761	213	107	6	51	219	583	790	3.41e-10	63.5
PfGB4_120005700|DBLe|2|1998|2299	PF0041-C.g868	98.675	302	4	0	1	302	2004	2305	0.0	612
PfGB4_120005700|DBLe|2|1998|2299	PF0041-C.g868	32.609	276	154	8	36	302	2374	2626	2.48e-30	123
PfGB4_120005700|DBLe|2|1998|2299	PF0041-C.g868	27.660	282	168	10	50	298	1635	1913	4.62e-19	90.1
PfGB4_120005700|DBLe|2|1998|2299	PF0041-C.g868	24.399	291	171	10	50	300	1279	1560	7.25e-14	74.3
PfGB4_120005700|DBLe|2|1998|2299	PF0041-C.g868	30.137	219	113	8	51	234	579	792	1.17e-10	64.7
PfGB4_120005700|DBLe|2|1998|2299	PF0041-C.g868	25.094	267	148	11	47	272	90	345	1.17e-08	58.5
PfGB4_120005700|DBLe|2|1998|2299	QE0418-C.g164	95.364	302	14	0	1	302	1991	2292	0.0	590
PfGB4_120005700|DBLe|2|1998|2299	QE0418-C.g164	30.175	285	163	11	29	302	2358	2617	1.57e-26	112
PfGB4_120005700|DBLe|2|1998|2299	QE0418-C.g164	27.972	286	166	10	50	298	1620	1902	1.04e-18	89.0
PfGB4_120005700|DBLe|2|1998|2299	QE0418-C.g164	28.625	269	144	9	51	275	574	838	3.13e-15	78.6
PfGB4_120005700|DBLe|2|1998|2299	QE0418-C.g164	25.850	294	163	11	50	300	1264	1545	6.49e-15	77.8
PfGB4_120005700|DBLe|2|1998|2299	QE0418-C.g164	24.653	288	160	12	34	278	78	351	9.07e-14	74.3
PfGB4_120005700|DBLe|2|1998|2299	PA0161-C.g198	93.709	302	12	1	1	302	2013	2307	0.0	577
PfGB4_120005700|DBLe|2|1998|2299	PA0161-C.g198	33.333	276	152	8	36	302	2376	2628	4.57e-31	125
PfGB4_120005700|DBLe|2|1998|2299	PA0161-C.g198	28.671	286	163	12	50	297	1639	1921	1.28e-17	85.9
PfGB4_120005700|DBLe|2|1998|2299	PA0161-C.g198	26.512	215	125	7	50	231	1282	1496	2.05e-10	63.9
PfGB4_120005700|DBLe|2|1998|2299	PA0161-C.g198	23.602	322	181	13	25	295	68	375	4.83e-09	59.7
PfGB4_120005700|DBLe|2|1998|2299	PA0161-C.g198	23.746	299	145	10	51	275	583	872	1.19e-07	55.5
PfGB4_120005700|DBLe|3|2337|2620	QG0249-C.g418	100.000	284	0	0	1	284	2337	2620	0.0	593
PfGB4_120005700|DBLe|3|2337|2620	QG0249-C.g418	31.884	276	156	8	32	284	2033	2299	3.87e-26	110
PfGB4_120005700|DBLe|3|2337|2620	QG0249-C.g418	26.766	269	127	13	9	216	543	802	6.98e-12	68.2
PfGB4_120005700|DBLe|3|2337|2620	QG0249-C.g418	24.104	307	158	11	1	253	1588	1873	2.96e-09	60.1
PfGB4_120005700|DBLe|3|2337|2620	QG0249-C.g418	26.984	189	98	7	47	195	96	284	5.01e-09	59.7
PfGB4_120005700|DBLe|3|2337|2620	QG0250-C.g603	100.000	284	0	0	1	284	2337	2620	0.0	592
PfGB4_120005700|DBLe|3|2337|2620	QG0250-C.g603	31.884	276	156	8	32	284	2033	2299	3.65e-26	110
PfGB4_120005700|DBLe|3|2337|2620	QG0250-C.g603	26.766	269	127	13	9	216	543	802	5.25e-12	68.6
PfGB4_120005700|DBLe|3|2337|2620	QG0250-C.g603	24.104	307	158	11	1	253	1588	1873	2.61e-09	60.5
PfGB4_120005700|DBLe|3|2337|2620	QG0250-C.g603	26.984	189	98	7	47	195	96	284	4.50e-09	59.7
PfGB4_120005700|DBLe|3|2337|2620	PM0093-C.g457	93.662	284	18	0	1	284	525	808	0.0	553
PfGB4_120005700|DBLe|3|2337|2620	PM0093-C.g457	35.821	268	150	8	32	284	227	487	7.72e-35	135
PfGB4_120005700|DBLe|3|2337|2620	PA0084-C.g172	88.380	284	33	0	1	284	487	770	2.59e-177	517
PfGB4_120005700|DBLe|3|2337|2620	PA0084-C.g172	33.574	277	151	8	32	284	182	449	2.16e-30	122
PfGB4_120005700|DBLe|3|2337|2620	PT0215-Cx.g654	92.254	284	22	0	1	284	2328	2611	8.05e-177	543
PfGB4_120005700|DBLe|3|2337|2620	PT0215-Cx.g654	32.734	278	166	7	22	284	2019	2290	2.37e-28	116
PfGB4_120005700|DBLe|3|2337|2620	PT0215-Cx.g654	27.230	213	115	8	42	214	572	784	2.28e-13	72.8
PfGB4_120005700|DBLe|3|2337|2620	PT0215-Cx.g654	23.871	310	162	10	1	253	1578	1870	4.03e-09	59.7
PfGB4_120005700|DBLe|3|2337|2620	PT0215-Cx.g654	25.439	228	109	9	47	230	96	306	6.04e-07	53.1
PfGB4_120005700|ATS|1|2837|3290	QG0249-C.g418	100.000	454	0	0	1	454	2837	3290	0.0	937
PfGB4_120005700|ATS|1|2837|3290	PT0052-C.g402	99.780	454	1	0	1	454	2831	3284	0.0	934
PfGB4_120005700|ATS|1|2837|3290	QG0196-C.g438	99.780	454	1	0	1	454	3948	4401	0.0	934
PfGB4_120005700|ATS|1|2837|3290	QG0277-C.g211	99.780	454	1	0	1	454	3945	4398	0.0	933
PfGB4_120005700|ATS|1|2837|3290	PV0139-C.g9	99.559	454	2	0	1	454	2843	3296	0.0	932
PfGB4_120024100|NTS|1|1|56	PA0059-C.g150	100.000	56	0	0	1	56	1	56	1.42e-30	113
PfGB4_120024100|NTS|1|1|56	PT0005-CW.g763	91.071	56	5	0	1	56	1	56	2.87e-28	106
PfGB4_120024100|NTS|1|1|56	SenT001.08.g689	91.071	56	5	0	1	56	1	56	5.73e-28	105
PfGB4_120024100|NTS|1|1|56	PM0060-C.g1161	91.071	56	5	0	1	56	1	56	7.10e-28	105
PfGB4_120024100|NTS|1|1|56	PC0122-C.g449	91.071	56	5	0	1	56	1	56	1.31e-27	104
PfGB4_120024100|DBLa|1|57|464	PA0059-C.g150	100.000	408	0	0	1	408	57	464	0.0	857
PfGB4_120024100|DBLa|1|57|464	PA0059-C.g150	29.365	378	201	15	1	370	803	1122	1.13e-30	127
PfGB4_120024100|DBLa|1|57|464	PA0059-C.g150	25.272	368	198	11	99	408	1370	1718	9.39e-20	94.4
PfGB4_120024100|DBLa|1|57|464	PM0144-C.g221	79.167	408	82	1	1	408	56	460	0.0	677
PfGB4_120024100|DBLa|1|57|464	PM0144-C.g221	29.630	378	199	15	1	370	792	1110	5.04e-30	125
PfGB4_120024100|DBLa|1|57|464	PM0144-C.g221	25.378	331	190	11	21	338	1594	1880	1.50e-19	93.6
PfGB4_120024100|DBLa|1|57|464	PM0144-C.g221	27.891	294	139	12	40	329	1971	2195	1.58e-19	93.6
PfGB4_120024100|DBLa|1|57|464	PM0144-C.g221	27.778	234	144	8	43	260	1218	1442	3.84e-12	70.9
PfGB4_120024100|DBLa|1|57|464	PA0254-C.g882	78.676	408	79	4	1	408	62	461	0.0	649
PfGB4_120024100|DBLa|1|57|464	PA0254-C.g882	31.008	258	148	5	50	297	845	1082	1.25e-29	124
PfGB4_120024100|DBLa|1|57|464	PA0254-C.g882	25.879	313	176	10	30	324	1261	1535	3.87e-15	80.1
PfGB4_120024100|DBLa|1|57|464	PT0005-CW.g763	75.490	408	95	3	1	408	57	459	0.0	632
PfGB4_120024100|DBLa|1|57|464	PT0005-CW.g763	29.610	385	198	13	8	373	798	1128	7.81e-32	130
PfGB4_120024100|DBLa|1|57|464	PT0005-CW.g763	27.143	280	156	14	49	310	1249	1498	2.41e-08	58.9
PfGB4_120024100|DBLa|1|57|464	PC0122-C.g449	74.510	408	99	3	1	408	57	459	0.0	631
PfGB4_120024100|DBLa|1|57|464	PC0122-C.g449	32.515	326	159	12	8	323	798	1072	2.08e-34	138
PfGB4_120024100|DBLa|1|57|464	PC0122-C.g449	32.620	187	105	7	224	408	1555	1722	9.94e-19	91.3
PfGB4_120024100|CIDRa|1|465|719	PA0059-C.g150	100.000	255	0	0	1	255	465	719	2.41e-175	533
PfGB4_120024100|CIDRa|1|465|719	QG0286-C.g6255	75.904	249	60	0	1	249	472	720	7.26e-133	403
PfGB4_120024100|CIDRa|1|465|719	PF0513-C.g1448	74.902	255	63	1	1	255	490	743	3.69e-129	403
PfGB4_120024100|CIDRa|1|465|719	PT0098-C.g624	74.902	255	63	1	1	255	487	740	8.08e-129	402
PfGB4_120024100|CIDRa|1|465|719	PA0229-C.g37	75.294	255	63	0	1	255	479	733	2.52e-126	387
PfGB4_120024100|DBLb|1|737|1179	PA0059-C.g150	100.000	443	0	0	1	443	737	1179	0.0	930
PfGB4_120024100|DBLb|1|737|1179	PA0059-C.g150	29.280	403	215	17	42	386	36	426	2.90e-31	129
PfGB4_120024100|DBLb|1|737|1179	PH0729-C.g362	91.910	445	33	2	1	443	725	1168	0.0	852
PfGB4_120024100|DBLb|1|737|1179	PH0729-C.g362	27.353	340	190	12	67	357	57	388	3.76e-27	117
PfGB4_120024100|DBLb|1|737|1179	PH0810-C.g154	91.910	445	33	2	1	443	725	1168	0.0	850
PfGB4_120024100|DBLb|1|737|1179	PH0810-C.g154	27.123	365	205	13	42	357	36	388	2.31e-27	118
PfGB4_120024100|DBLb|1|737|1179	PH0589-C.g488	91.910	445	33	2	1	443	725	1168	0.0	850
PfGB4_120024100|DBLb|1|737|1179	PH0589-C.g488	27.123	365	205	13	42	357	36	388	2.27e-27	118
PfGB4_120024100|DBLb|1|737|1179	QE0410-C.g360	91.910	445	33	2	1	443	725	1168	0.0	850
PfGB4_120024100|DBLb|1|737|1179	QE0410-C.g360	27.123	365	205	13	42	357	36	388	2.49e-27	117
PfGB4_120024100|DBLd|1|1201|1721	PA0059-C.g150	88.506	522	55	3	1	521	1201	1718	0.0	910
PfGB4_120024100|DBLd|1|1201|1721	PA0059-C.g150	25.676	370	197	15	170	521	155	464	8.13e-18	89.7
PfGB4_120024100|DBLd|1|1201|1721	QE0428-C.g569	53.578	545	205	17	1	521	893	1413	5.70e-162	505
PfGB4_120024100|DBLd|1|1201|1721	QE0428-C.g569	24.573	293	162	8	167	459	167	400	9.23e-10	63.9
PfGB4_120024100|DBLd|1|1201|1721	QE0427-C.g627	53.578	545	205	17	1	521	893	1413	5.70e-162	505
PfGB4_120024100|DBLd|1|1201|1721	QE0427-C.g627	24.573	293	162	8	167	459	167	400	9.23e-10	63.9
PfGB4_120024100|DBLd|1|1201|1721	PM0020-C.g1223	52.128	564	210	18	1	521	875	1421	1.05e-161	504
PfGB4_120024100|DBLd|1|1201|1721	PM0020-C.g1223	31.884	138	88	3	355	488	316	451	6.32e-10	64.7
PfGB4_120024100|DBLd|1|1201|1721	PT0206-Cx.g39	51.296	540	187	15	1	521	194	676	5.22e-156	473
PfGB4_120024100|CIDRb|1|1722|1977	PA0059-C.g150	98.828	256	3	0	1	256	1719	1974	7.93e-169	515
PfGB4_120024100|CIDRb|1|1722|1977	QG0250-C.g2468	63.534	266	83	5	1	253	1716	1980	5.40e-101	324
PfGB4_120024100|CIDRb|1|1722|1977	QG0249-C.g550	63.534	266	83	5	1	253	1716	1980	5.40e-101	324
PfGB4_120024100|CIDRb|1|1722|1977	PT0224-Cx.g358	66.537	257	74	6	1	249	1432	1684	9.68e-99	318
PfGB4_120024100|CIDRb|1|1722|1977	PV0211-C.g62	64.015	264	86	4	1	256	1800	2062	2.84e-98	317
PfGB4_120024100|CIDRb|1|1722|1977	PV0211-C.g62	27.311	238	145	7	36	256	507	733	1.14e-09	60.8
PfGB4_120024100|ATS|1|2109|2572	PFKE07.g750	90.929	463	40	2	2	464	3015	3475	0.0	853
PfGB4_120024100|ATS|1|2109|2572	PA0172-C.g376	88.273	469	43	5	1	464	2579	3040	0.0	828
PfGB4_120024100|ATS|1|2109|2572	QE0448-C.g711	87.846	469	45	5	1	464	1693	2154	0.0	816
PfGB4_120024100|ATS|1|2109|2572	PV0285-C.g4	87.846	469	45	5	1	464	1693	2154	0.0	816
PfGB4_120024100|ATS|1|2109|2572	PV0128-C.g40	87.633	469	46	5	1	464	1703	2164	0.0	813
PfGB4_120045400|NTS|1|1|65	PH0932-C.g527	100.000	65	0	0	1	65	1	65	3.16e-38	135
PfGB4_120045400|NTS|1|1|65	PH0585-C.g716	100.000	65	0	0	1	65	1	65	3.16e-38	135
PfGB4_120045400|NTS|1|1|65	PH0500-CW.g526	100.000	65	0	0	1	65	1	65	3.16e-38	135
PfGB4_120045400|NTS|1|1|65	PC0016-C.g384	100.000	65	0	0	1	65	1	65	3.16e-38	135
PfGB4_120045400|NTS|1|1|65	PH0604-C.g842	100.000	65	0	0	1	65	1	65	3.28e-38	135
PfGB4_120045400|DBLa|1|66|513	QE0401-C.g808	98.884	448	5	0	1	448	66	513	0.0	926
PfGB4_120045400|DBLa|1|66|513	QE0401-C.g808	24.658	219	136	6	105	316	1105	1301	7.81e-08	57.4
PfGB4_120045400|DBLa|1|66|513	PC0113-C.g223	89.868	454	31	4	1	448	66	510	0.0	793
PfGB4_120045400|DBLa|1|66|513	PM0161-C.g2690	89.648	454	32	4	1	448	66	510	0.0	790
PfGB4_120045400|DBLa|1|66|513	PM0161-C.g2690	24.556	338	202	12	89	391	1075	1394	4.16e-16	83.6
PfGB4_120045400|DBLa|1|66|513	PM0115-C.g516	89.868	454	31	4	1	448	66	510	0.0	790
PfGB4_120045400|DBLa|1|66|513	PM0115-C.g516	25.641	234	153	7	125	344	1092	1318	5.78e-14	77.0
PfGB4_120045400|DBLa|1|66|513	PM0107-C.g330	89.868	454	31	4	1	448	66	510	0.0	790
PfGB4_120045400|DBLa|1|66|513	PM0107-C.g330	25.641	234	153	7	125	344	1092	1318	5.78e-14	77.0
PfGB4_120045400|CIDRa|1|514|828	QE0401-C.g808	96.845	317	8	1	1	315	514	830	0.0	622
PfGB4_120045400|CIDRa|1|514|828	PC0113-C.g223	77.603	317	61	5	1	315	511	819	6.84e-137	415
PfGB4_120045400|CIDRa|1|514|828	PM0161-C.g2690	77.603	317	61	5	1	315	511	819	2.15e-132	415
PfGB4_120045400|CIDRa|1|514|828	PM0115-C.g516	76.636	321	57	5	1	315	511	819	3.63e-132	414
PfGB4_120045400|CIDRa|1|514|828	PM0107-C.g330	76.636	321	57	5	1	315	511	819	3.63e-132	414
PfGB4_120045400|DBLd|1|904|1399	PT0156-C.g818	63.900	518	160	10	1	496	820	1332	0.0	613
PfGB4_120045400|DBLd|1|904|1399	PT0156-C.g818	28.137	263	140	9	249	496	255	483	2.09e-16	85.1
PfGB4_120045400|DBLd|1|904|1399	PT0169-C.g635	50.847	531	208	12	1	496	488	1000	1.34e-163	500
PfGB4_120045400|DBLd|1|904|1399	PH0915-C.g359	59.684	506	175	12	1	496	447	933	3.74e-162	496
PfGB4_120045400|DBLd|1|904|1399	PH0500-CW.g542	59.684	506	175	12	1	496	585	1071	4.73e-161	496
PfGB4_120045400|DBLd|1|904|1399	PH0500-CW.g542	31.776	107	73	0	334	440	3	109	1.59e-10	66.2
PfGB4_120045400|DBLd|1|904|1399	SenT143.09.g396	49.812	532	215	12	1	496	222	737	7.78e-161	487
PfGB4_120045400|CIDRg|1|1400|1664	PfKE05.g292	69.751	281	68	5	1	265	2241	2520	6.17e-118	373
PfGB4_120045400|CIDRg|1|1400|1664	QE0454-C.g344	69.751	281	68	5	1	265	2189	2468	8.56e-118	373
PfGB4_120045400|CIDRg|1|1400|1664	QE0418-C.g219	69.751	281	68	5	1	265	2189	2468	8.56e-118	373
PfGB4_120045400|CIDRg|1|1400|1664	PH0810-C.g82	69.751	281	68	5	1	265	2189	2468	8.56e-118	373
PfGB4_120045400|CIDRg|1|1400|1664	QG0271-C.g185	69.853	272	75	3	1	265	2225	2496	1.39e-116	369
PfGB4_120045400|ATS|1|1762|2211	PD0590-C.g548	80.213	470	60	7	1	444	2191	2653	0.0	731
PfGB4_120045400|ATS|1|1762|2211	PD0585-C.g522	80.213	470	60	7	1	444	2191	2653	0.0	731
PfGB4_120045400|ATS|1|1762|2211	PV0246-C.g3	78.603	458	82	5	1	450	3066	3515	0.0	717
PfGB4_120045400|ATS|1|1762|2211	PfKE02.g507	78.542	480	72	6	1	450	1741	2219	0.0	706
PfGB4_120045400|ATS|1|1762|2211	PFKE12.g305	78.402	463	79	7	1	444	1823	2283	0.0	680
PfGB4_120045600|NTS|1|1|85	PC0047-C.g536	88.333	60	7	0	26	85	8	67	4.82e-27	104
PfGB4_120045600|NTS|1|1|85	PM0037-C.g1665	79.661	59	12	0	27	85	6	64	2.17e-23	94.4
PfGB4_120045600|NTS|1|1|85	PA0100-C.g297	77.966	59	13	0	27	85	6	64	7.19e-22	89.7
PfGB4_120045600|NTS|1|1|85	PA0061-C.g676	77.966	59	13	0	27	85	6	64	7.19e-22	89.7
PfGB4_120045600|NTS|1|1|85	PA0074-C.g550	77.966	59	13	0	27	85	6	64	8.57e-22	89.7
PfGB4_120045600|DBLa|1|86|546	PFKE09.g223	67.715	477	112	9	1	461	66	516	0.0	617
PfGB4_120045600|DBLa|1|86|546	PFKE09.g223	35.772	123	73	1	247	369	1227	1343	1.79e-17	88.2
PfGB4_120045600|DBLa|1|86|546	PA0165-C.g662	66.879	471	122	9	9	461	72	526	0.0	602
PfGB4_120045600|DBLa|1|86|546	PA0165-C.g662	24.359	234	134	6	142	349	1123	1339	1.57e-13	75.9
PfGB4_120045600|DBLa|1|86|546	PA0158-C.g745	65.678	472	137	9	1	461	64	521	0.0	602
PfGB4_120045600|DBLa|1|86|546	PA0158-C.g745	28.182	110	67	3	245	344	1272	1379	5.49e-07	54.7
PfGB4_120045600|DBLa|1|86|546	PM0049-C.g424	66.879	471	122	9	9	461	72	526	0.0	602
PfGB4_120045600|DBLa|1|86|546	PM0049-C.g424	24.359	234	134	6	142	349	1120	1336	1.57e-13	75.9
PfGB4_120045600|DBLa|1|86|546	PF0037-C.g592	66.879	471	122	9	9	461	72	526	0.0	602
PfGB4_120045600|DBLa|1|86|546	PF0037-C.g592	24.359	234	134	6	142	349	1120	1336	1.57e-13	75.9
PfGB4_120045600|CIDRa|1|547|833	QE0400-C.g20	100.000	287	0	0	1	287	534	820	0.0	590
PfGB4_120045600|CIDRa|1|547|833	PV0276-C.g106	100.000	287	0	0	1	287	534	820	0.0	590
PfGB4_120045600|CIDRa|1|547|833	SenT011.09.g790	100.000	287	0	0	1	287	534	820	0.0	590
PfGB4_120045600|CIDRa|1|547|833	PH0594-C.g136	100.000	287	0	0	1	287	531	817	0.0	590
PfGB4_120045600|CIDRa|1|547|833	PD0524-C.g11	100.000	287	0	0	1	287	534	820	0.0	590
PfGB4_120045600|DBLd|1|927|1430	PA0089-C.g256	62.197	537	149	12	1	504	409	924	0.0	626
PfGB4_120045600|DBLd|1|927|1430	SenT232.08.g352	62.977	524	147	14	1	504	888	1384	0.0	613
PfGB4_120045600|DBLd|1|927|1430	PM0108-C.g1064	56.660	533	185	11	1	504	843	1358	2.06e-178	547
PfGB4_120045600|DBLd|1|927|1430	PM0108-C.g1064	26.738	187	125	5	330	504	304	490	6.28e-09	61.2
PfGB4_120045600|DBLd|1|927|1430	PA0207-C.g813	57.043	575	161	17	1	504	825	1384	5.39e-178	546
PfGB4_120045600|DBLd|1|927|1430	PA0207-C.g813	30.387	181	115	6	334	504	323	502	6.86e-09	61.2
PfGB4_120045600|DBLd|1|927|1430	PT0181-C.g2437	49.378	563	205	16	1	504	181	722	5.74e-155	472
PfGB4_120045600|CIDRb|1|1431|1687	PA0207-C.g813	100.000	257	0	0	1	257	1385	1641	1.69e-173	523
PfGB4_120045600|CIDRb|1|1431|1687	PM0108-C.g1064	100.000	257	0	0	1	257	1359	1615	2.11e-173	523
PfGB4_120045600|CIDRb|1|1431|1687	PA0089-C.g256	82.558	258	42	3	1	257	925	1180	1.55e-134	412
PfGB4_120045600|CIDRb|1|1431|1687	SenT232.08.g352	82.558	258	42	3	1	257	1385	1640	1.20e-131	410
PfGB4_120045600|CIDRb|1|1431|1687	PF0298-C.g541	69.767	258	73	3	1	257	1421	1674	1.50e-110	351
PfGB4_120045600|ATS|1|1794|2245	PFKE09.g563	79.646	452	75	7	1	450	775	1211	0.0	676
PfGB4_120045600|ATS|1|1794|2245	PF0489-C.g723	74.268	478	77	11	1	452	1717	2174	0.0	668
PfGB4_120045600|ATS|1|1794|2245	PD0590-C.g548	73.444	482	82	11	1	452	2191	2656	0.0	662
PfGB4_120045600|ATS|1|1794|2245	PD0585-C.g522	73.444	482	82	11	1	452	2191	2656	0.0	662
PfGB4_120045600|ATS|1|1794|2245	PV0089-C.g11	78.556	457	76	9	1	452	1730	2169	0.0	659
PfGB4_120045900|NTS|1|1|64	QG0202-C.g395	82.812	64	10	1	1	64	1	63	1.22e-26	102
PfGB4_120045900|NTS|1|1|64	PFKE10.g15	73.438	64	16	1	1	64	1	63	6.25e-25	97.4
PfGB4_120045900|NTS|1|1|64	PH0361-C.g351	72.308	65	17	1	1	64	1	65	4.95e-23	92.0
PfGB4_120045900|NTS|1|1|64	PH0329-C.g407	72.308	65	17	1	1	64	1	65	4.95e-23	92.0
PfGB4_120045900|NTS|1|1|64	QE0437-C.g655	72.308	65	17	1	1	64	1	65	4.95e-23	92.0
PfGB4_120045900|DBLa|1|65|498	QG0202-C.g395	90.227	440	36	3	1	434	64	502	0.0	818
PfGB4_120045900|DBLa|1|65|498	QG0202-C.g395	22.878	271	153	8	112	340	1030	1286	3.57e-11	68.2
PfGB4_120045900|DBLa|1|65|498	PT0118-C.g380	73.128	454	101	4	1	434	70	522	0.0	668
PfGB4_120045900|DBLa|1|65|498	PT0118-C.g380	21.068	337	181	13	145	434	1169	1467	1.40e-08	59.7
PfGB4_120045900|DBLa|1|65|498	PM0037-C.g454	65.682	440	129	10	7	434	63	492	0.0	549
PfGB4_120045900|DBLa|1|65|498	PM0086-C.g847	64.889	450	131	13	1	434	73	511	0.0	543
PfGB4_120045900|DBLa|1|65|498	QE0449-C.g633	64.588	449	130	12	1	434	65	499	3.53e-180	550
PfGB4_120045900|DBLa|1|65|498	QE0449-C.g633	29.302	215	117	6	227	434	1208	1394	1.10e-16	85.1
PfGB4_120045900|CIDRa|1|499|807	PF0035-C.g572	84.142	309	39	2	1	309	521	819	3.61e-179	525
PfGB4_120045900|CIDRa|1|499|807	PA0197-C.g794	66.349	315	95	5	1	309	506	815	2.86e-130	409
PfGB4_120045900|CIDRa|1|499|807	SenT044.10.g1345	64.241	316	97	4	1	309	502	808	7.62e-127	391
PfGB4_120045900|CIDRa|1|499|807	PC0107-C.g905	64.417	326	93	6	1	309	504	823	3.13e-125	395
PfGB4_120045900|CIDRa|1|499|807	PFKE07.g12	68.687	297	79	4	1	297	514	796	8.22e-122	385
PfGB4_120045900|DBLd|1|886|1370	PA0207-C.g820	53.296	531	184	14	1	485	815	1327	7.29e-161	499
PfGB4_120045900|DBLd|1|886|1370	PA0207-C.g820	28.718	195	118	6	305	485	278	465	2.04e-11	69.3
PfGB4_120045900|DBLd|1|886|1370	PA0047-C.g473	51.538	520	181	14	1	485	268	751	4.47e-152	464
PfGB4_120045900|DBLd|1|886|1370	PA0047-C.g473	25.446	224	103	9	194	415	3	164	5.77e-09	61.2
PfGB4_120045900|DBLd|1|886|1370	QG0293-C.g3314	51.013	543	186	16	1	485	524	1044	9.25e-152	464
PfGB4_120045900|DBLd|1|886|1370	PF0145-C.g526	54.491	501	187	12	1	485	785	1260	1.73e-150	470
PfGB4_120045900|DBLd|1|886|1370	PF0145-C.g526	23.496	349	202	13	154	485	171	471	3.30e-13	74.7
PfGB4_120045900|DBLd|1|886|1370	PF0359-C.g542	54.491	501	187	12	1	485	785	1260	1.94e-150	469
PfGB4_120045900|DBLd|1|886|1370	PF0359-C.g542	23.496	349	202	13	154	485	171	471	4.38e-13	74.3
PfGB4_120045900|CIDRb|1|1371|1623	PM0096-C.g273	88.571	245	25	1	1	242	609	853	1.07e-150	447
PfGB4_120045900|CIDRb|1|1371|1623	PA0237-C.g777	81.250	256	42	5	1	253	1330	1582	8.01e-130	404
PfGB4_120045900|CIDRb|1|1371|1623	PT0102-C.g877	81.250	256	42	5	1	253	1347	1599	9.63e-130	404
PfGB4_120045900|CIDRb|1|1371|1623	PC0063-C.g411	79.835	243	44	4	1	242	1086	1324	9.74e-124	385
PfGB4_120045900|CIDRb|1|1371|1623	PT0222-C.g424	79.835	243	44	4	1	242	1646	1884	2.90e-122	385
PfGB4_120045900|ATS|1|1732|2196	PV0246-C.g3	82.403	466	65	6	1	465	3066	3515	0.0	753
PfGB4_120045900|ATS|1|1732|2196	PD0497-C.g400	77.426	474	81	11	2	465	2488	2945	0.0	700
PfGB4_120045900|ATS|1|1732|2196	PFKE12.g18	74.739	479	89	9	1	465	1747	2207	0.0	674
PfGB4_120045900|ATS|1|1732|2196	PV0028-C.g24	70.138	509	84	9	1	465	1827	2311	0.0	654
PfGB4_120045900|ATS|1|1732|2196	PD0590-C.g548	72.385	478	98	10	1	459	2191	2653	0.0	653
PfGB4_130005700|NTS|1|1|64	PT0118-C.g768	88.889	54	3	1	1	51	1	54	2.64e-24	95.5
PfGB4_130005700|NTS|1|1|64	PF0417-C.g418	76.364	55	13	0	6	60	6	60	4.14e-20	83.6
PfGB4_130005700|NTS|1|1|64	PA0261-C.g578	75.000	56	14	0	5	60	8	63	4.93e-20	83.6
PfGB4_130005700|NTS|1|1|64	QG0275-C.g728	76.471	51	12	0	1	51	2	52	7.87e-20	82.8
PfGB4_130005700|NTS|1|1|64	PF0158-C.g693	70.968	62	16	1	1	60	1	62	2.79e-19	81.3
PfGB4_130005700|DBLa|1|65|489	PA0261-C.g475	93.256	430	24	3	1	425	61	490	0.0	807
PfGB4_130005700|DBLa|1|65|489	PA0261-C.g475	29.744	195	109	4	231	425	1265	1431	3.86e-17	86.7
PfGB4_130005700|DBLa|1|65|489	PF0513-C.g6933	67.972	434	124	8	1	425	65	492	0.0	588
PfGB4_130005700|DBLa|1|65|489	PF0513-C.g6933	33.555	301	147	11	43	333	905	1162	1.43e-30	127
PfGB4_130005700|DBLa|1|65|489	PF0513-C.g6933	33.503	197	108	6	233	425	1673	1850	7.38e-21	98.2
PfGB4_130005700|DBLa|1|65|489	QG0234-C.g4036	68.721	438	115	9	1	425	65	493	0.0	581
PfGB4_130005700|DBLa|1|65|489	QG0234-C.g4036	27.698	278	143	12	183	425	1146	1400	1.47e-15	81.6
PfGB4_130005700|DBLa|1|65|489	QG0275-C.g531	71.854	437	103	9	1	425	72	500	0.0	579
PfGB4_130005700|DBLa|1|65|489	QG0275-C.g531	26.230	244	146	6	121	337	1156	1392	1.68e-13	75.1
PfGB4_130005700|DBLa|1|65|489	PH0332-C.g579	67.991	453	109	10	1	425	65	509	0.0	576
PfGB4_130005700|CIDRa|1|490|791	PA0261-C.g475	98.344	302	5	0	1	302	491	792	0.0	615
PfGB4_130005700|CIDRa|1|490|791	PT0017-CW.g626	93.770	305	16	1	1	302	317	621	8.31e-178	535
PfGB4_130005700|CIDRa|1|490|791	QG0275-C.g531	71.562	320	72	4	1	302	501	819	5.83e-133	416
PfGB4_130005700|CIDRa|1|490|791	PV0265-C.g17	68.182	330	75	5	1	301	484	812	3.50e-131	411
PfGB4_130005700|CIDRa|1|490|791	PM0076-C.g916	67.628	312	83	7	1	300	494	799	4.86e-115	366
PfGB4_130005700|DBLd|1|878|1346	PM0063-C.g605	58.116	499	133	15	1	469	902	1354	5.97e-167	510
PfGB4_130005700|DBLd|1|878|1346	PM0063-C.g605	27.451	357	173	13	159	469	196	512	8.37e-19	92.4
PfGB4_130005700|DBLd|1|878|1346	PF0424-C.g809	52.500	520	184	18	1	469	835	1342	3.99e-144	453
PfGB4_130005700|DBLd|1|878|1346	PF0424-C.g809	25.507	345	183	11	159	469	191	495	8.51e-14	76.6
PfGB4_130005700|DBLd|1|878|1346	PM0133-C.g142	52.124	518	185	20	1	469	101	604	4.44e-143	436
PfGB4_130005700|DBLd|1|878|1346	SenP027.02.g342	52.259	509	188	15	1	469	815	1308	4.92e-143	450
PfGB4_130005700|DBLd|1|878|1346	SenP027.02.g342	27.059	340	171	13	159	469	187	478	1.06e-16	85.9
PfGB4_130005700|DBLd|1|878|1346	PT0005-CW.g748	50.838	537	171	20	1	469	886	1397	2.22e-142	449
PfGB4_130005700|DBLd|1|878|1346	PT0005-CW.g748	36.607	112	65	3	294	402	294	402	2.72e-14	78.2
PfGB4_130005700|CIDRb|1|1347|1607	PM0073-C.g1046	75.000	264	55	5	1	261	1586	1841	1.34e-117	372
PfGB4_130005700|CIDRb|1|1347|1607	PM0076-C.g905	72.835	254	61	3	1	247	1402	1654	3.85e-115	364
PfGB4_130005700|CIDRb|1|1347|1607	PF0782-C.g782	68.077	260	78	2	1	259	1347	1602	5.03e-109	347
PfGB4_130005700|CIDRb|1|1347|1607	SenT233.08.g2357	72.835	254	61	3	1	247	1257	1509	7.20e-108	343
PfGB4_130005700|CIDRb|1|1347|1607	PA0263-C.g779	72.835	254	61	3	1	247	2004	2256	5.92e-107	342
PfGB4_130005700|ATS|1|1739|2173	PV0028-C.g31	76.638	458	82	7	1	435	1737	2192	0.0	673
PfGB4_130005700|ATS|1|1739|2173	PT0219-C.g578	72.597	489	74	8	1	435	1736	2218	0.0	651
PfGB4_130005700|ATS|1|1739|2173	PH0121-CW.g102	77.955	440	81	7	1	435	802	1230	0.0	644
PfGB4_130005700|ATS|1|1739|2173	PT0206-Cx.g946	75.286	437	99	4	1	435	901	1330	0.0	628
PfGB4_130005700|ATS|1|1739|2173	PFKE09.g563	75.778	450	86	10	1	435	775	1216	0.0	624
PfGB4_130079400|NTS|1|1|73	PF0818-C.g320	83.636	55	8	1	20	73	14	68	1.25e-23	94.4
PfGB4_130079400|NTS|1|1|73	QG0282-C.g640	80.769	52	10	0	22	73	15	66	7.23e-22	89.4
PfGB4_130079400|NTS|1|1|73	PM0114-C.g629	67.568	74	21	2	1	73	1	72	2.05e-21	87.8
PfGB4_130079400|NTS|1|1|73	QG0300-C.g8699	75.000	64	11	2	1	63	1	60	2.86e-21	87.4
PfGB4_130079400|NTS|1|1|73	PF0513-C.g983	79.245	53	11	0	21	73	26	78	1.32e-20	85.5
PfGB4_130079400|DBLa|1|74|515	PF0818-C.g320	84.375	448	62	3	1	442	69	514	0.0	769
PfGB4_130079400|DBLa|1|74|515	PF0818-C.g320	32.899	307	163	9	40	344	1735	2000	8.99e-39	152
PfGB4_130079400|DBLa|1|74|515	PF0818-C.g320	24.058	345	197	11	124	442	1056	1361	6.16e-12	70.5
PfGB4_130079400|DBLa|1|74|515	PF0818-C.g320	24.159	327	165	12	24	346	2096	2343	5.95e-09	61.2
PfGB4_130079400|DBLa|1|74|515	PT0008-CW.g495	81.532	444	77	3	1	442	68	508	0.0	726
PfGB4_130079400|DBLa|1|74|515	PT0008-CW.g495	23.767	223	122	8	232	442	1211	1397	2.48e-07	55.8
PfGB4_130079400|DBLa|1|74|515	PM0073-C.g1183	78.271	451	81	8	1	442	71	513	0.0	696
PfGB4_130079400|DBLa|1|74|515	PM0073-C.g1183	29.429	333	168	12	23	344	869	1145	2.92e-28	120
PfGB4_130079400|DBLa|1|74|515	PM0114-C.g629	77.902	448	78	6	1	442	73	505	0.0	691
PfGB4_130079400|DBLa|1|74|515	PC0046-C.g469	69.058	446	112	11	1	442	57	480	0.0	588
PfGB4_130079400|DBLa|1|74|515	PC0046-C.g469	26.599	297	160	10	96	341	980	1269	5.74e-12	70.5
PfGB4_130079400|CIDRa|1|516|797	PA0050-C.g28	87.018	285	32	2	1	282	231	513	1.65e-169	501
PfGB4_130079400|CIDRa|1|516|797	SenP051.02.g376	87.368	285	31	2	1	282	138	420	1.73e-165	504
PfGB4_130079400|CIDRa|1|516|797	PA0026-C.g496	87.018	285	32	2	1	282	145	427	6.73e-165	503
PfGB4_130079400|CIDRa|1|516|797	SenT067.11.g901	87.368	285	31	2	1	282	499	781	7.48e-164	504
PfGB4_130079400|CIDRa|1|516|797	PA0057-C.g131	87.018	285	32	2	1	282	499	781	1.16e-163	503
PfGB4_130079400|DBLb|1|804|1264	PT0258-Cx.g163	82.112	464	76	4	1	461	765	1224	0.0	755
PfGB4_130079400|DBLb|1|804|1264	PT0258-Cx.g163	29.750	400	184	17	23	359	35	400	2.35e-30	127
PfGB4_130079400|DBLb|1|804|1264	PF0113-C.g611	67.770	453	135	6	15	461	1	448	0.0	610
PfGB4_130079400|DBLb|1|804|1264	PA0209-C.g901	62.062	485	152	9	1	461	778	1254	0.0	566
PfGB4_130079400|DBLb|1|804|1264	PA0209-C.g901	29.639	388	187	20	17	341	20	384	1.49e-32	134
PfGB4_130079400|DBLb|1|804|1264	PT0059-C.g785	61.523	486	155	9	1	461	749	1227	0.0	560
PfGB4_130079400|DBLb|1|804|1264	PT0059-C.g785	33.846	260	117	10	111	340	124	358	3.07e-27	118
PfGB4_130079400|DBLb|1|804|1264	PT0059-C.g785	23.741	278	159	6	110	358	1312	1565	6.64e-14	77.0
PfGB4_130079400|DBLb|1|804|1264	QG0277-C.g79	62.090	488	150	12	1	461	758	1237	8.04e-180	560
PfGB4_130079400|DBLb|1|804|1264	QG0277-C.g79	34.069	317	149	12	110	395	2491	2778	3.52e-31	130
PfGB4_130079400|DBLb|1|804|1264	QG0277-C.g79	30.252	357	176	14	43	345	49	386	5.31e-29	123
PfGB4_130079400|DBLb|1|804|1264	QG0277-C.g79	29.057	265	134	9	101	358	2874	3091	8.99e-18	89.0
PfGB4_130079400|DBLd|1|1334|1793	PM0086-C.g360	52.908	533	157	16	1	460	862	1373	6.71e-144	448
PfGB4_130079400|DBLd|1|1334|1793	PM0086-C.g360	31.250	96	65	1	295	389	313	408	1.21e-08	60.1
PfGB4_130079400|DBLd|1|1334|1793	PD0562-C.g818	50.000	510	191	16	1	460	339	834	1.05e-138	430
PfGB4_130079400|DBLd|1|1334|1793	PD0562-C.g818	23.111	225	108	6	197	419	1	162	4.18e-08	58.2
PfGB4_130079400|DBLd|1|1334|1793	PD0552-C.g224	50.100	501	176	15	1	460	2278	2745	9.64e-138	439
PfGB4_130079400|DBLd|1|1334|1793	PD0552-C.g224	27.907	129	91	2	281	409	278	404	1.83e-09	62.8
PfGB4_130079400|DBLd|1|1334|1793	QE0404-C.g180	50.000	504	175	16	1	460	2268	2738	1.24e-137	439
PfGB4_130079400|DBLd|1|1334|1793	QE0404-C.g180	30.513	390	161	13	1	384	1786	2071	7.74e-33	135
PfGB4_130079400|DBLd|1|1334|1793	QE0404-C.g180	31.683	101	68	1	288	388	291	390	6.54e-10	64.3
PfGB4_130079400|DBLd|1|1334|1793	QE0404-C.g180	30.303	132	72	3	270	401	1570	1681	4.63e-07	55.1
PfGB4_130079400|DBLd|1|1334|1793	PV0082-C.g36	50.100	501	176	15	1	460	1946	2413	1.51e-137	439
PfGB4_130079400|DBLd|1|1334|1793	PV0082-C.g36	32.653	98	65	1	291	388	430	526	5.08e-10	64.7
PfGB4_130079400|CIDRb|1|1794|2051	PA0053-C.g26	87.597	258	31	1	1	258	1342	1598	6.17e-149	456
PfGB4_130079400|CIDRb|1|1794|2051	PM0103-C.g550	82.625	259	43	2	1	258	1321	1578	2.10e-136	422
PfGB4_130079400|CIDRb|1|1794|2051	QG0276-C.g75	77.907	258	54	3	1	256	2572	2828	9.96e-126	395
PfGB4_130079400|CIDRb|1|1794|2051	QG0276-C.g75	21.825	252	187	4	5	254	483	726	1.29e-07	54.7
PfGB4_130079400|CIDRb|1|1794|2051	QG0290-C.g1182	70.943	265	69	4	1	258	1340	1603	1.87e-113	359
PfGB4_130079400|CIDRb|1|1794|2051	PF0282-C.g279	72.374	257	68	3	1	255	2075	2330	1.77e-112	357
PfGB4_130079400|ATS|1|2155|2624	PV0147-C.g7	82.166	471	51	6	1	470	1761	2199	0.0	742
PfGB4_130079400|ATS|1|2155|2624	PV0239-C.g25	82.068	474	64	6	1	470	2129	2585	0.0	723
PfGB4_130079400|ATS|1|2155|2624	PFKE09.g563	80.591	474	56	11	1	470	775	1216	0.0	713
PfGB4_130079400|ATS|1|2155|2624	PA0245-C.g998	80.802	474	71	10	1	470	1706	2163	0.0	712
PfGB4_130079400|ATS|1|2155|2624	PV0028-C.g50	80.842	475	67	12	1	470	2600	3055	0.0	702
PfGB4_140005500|NTS|1|1|68	PF0449-C.g668	100.000	68	0	0	1	68	1	68	2.75e-39	138
PfGB4_140005500|NTS|1|1|68	PA0075-C.g556	100.000	68	0	0	1	68	1	68	3.60e-39	138
PfGB4_140005500|NTS|1|1|68	PH0114-C.g28	72.727	55	15	0	14	68	16	70	6.80e-22	89.0
PfGB4_140005500|NTS|1|1|68	PH0585-C.g321	72.727	55	15	0	14	68	16	70	7.46e-22	89.0
PfGB4_140005500|NTS|1|1|68	PH0117-C.g12	72.727	55	15	0	14	68	16	70	7.46e-22	89.0
PfGB4_140005500|DBLa|1|69|489	PF0449-C.g668	100.000	421	0	0	1	421	69	489	0.0	890
PfGB4_140005500|DBLa|1|69|489	PF0449-C.g668	25.980	204	116	6	150	324	1100	1297	1.14e-12	72.4
PfGB4_140005500|DBLa|1|69|489	PA0075-C.g556	100.000	421	0	0	1	421	69	489	0.0	890
PfGB4_140005500|DBLa|1|69|489	PA0075-C.g556	31.148	122	74	3	238	350	1200	1320	8.43e-09	60.5
PfGB4_140005500|DBLa|1|69|489	PD0523-C.g664	77.358	424	87	6	1	421	66	483	0.0	655
PfGB4_140005500|DBLa|1|69|489	PD0523-C.g664	29.693	293	156	12	144	421	1015	1272	2.19e-23	105
PfGB4_140005500|DBLa|1|69|489	PF0784-C.g299	75.000	424	100	5	1	421	72	492	0.0	643
PfGB4_140005500|DBLa|1|69|489	PF0784-C.g299	29.282	181	115	7	242	421	1269	1437	5.72e-11	67.4
PfGB4_140005500|DBLa|1|69|489	PT0225-C.g677	73.148	432	101	7	1	421	73	500	0.0	641
PfGB4_140005500|DBLa|1|69|489	PT0225-C.g677	25.298	336	187	11	123	421	1079	1387	2.16e-14	77.8
PfGB4_140005500|CIDRa|1|491|740	PA0075-C.g556	97.600	250	5	1	1	250	491	739	3.58e-166	503
PfGB4_140005500|CIDRa|1|491|740	PF0449-C.g668	96.400	250	8	1	1	250	491	739	7.87e-162	492
PfGB4_140005500|CIDRa|1|491|740	PH0856-C.g318	74.308	253	62	1	1	250	497	749	1.63e-120	380
PfGB4_140005500|CIDRa|1|491|740	PH0856-C.g318	31.288	163	91	4	97	248	1851	2003	1.10e-11	66.6
PfGB4_140005500|CIDRa|1|491|740	PV0160-C.g33	74.308	253	62	1	1	250	494	746	3.89e-120	379
PfGB4_140005500|CIDRa|1|491|740	PM0076-C.g1049	70.849	271	56	4	1	250	488	756	6.85e-119	374
PfGB4_140005500|DBLd|1|837|1344	PA0197-C.g49	54.699	532	175	16	1	508	852	1341	1.45e-169	523
PfGB4_140005500|DBLd|1|837|1344	PA0197-C.g49	29.651	172	99	5	339	492	276	443	1.41e-07	57.0
PfGB4_140005500|DBLd|1|837|1344	PV0023-C.g13	54.167	528	168	17	1	508	887	1360	1.88e-162	504
PfGB4_140005500|DBLd|1|837|1344	PV0023-C.g13	24.808	391	228	15	148	508	178	532	5.94e-19	93.2
PfGB4_140005500|DBLd|1|837|1344	PfKE03.g332	52.083	528	192	15	1	508	910	1396	3.21e-153	480
PfGB4_140005500|DBLd|1|837|1344	PfKE03.g332	22.278	395	207	11	110	476	147	469	7.29e-18	89.7
PfGB4_140005500|DBLd|1|837|1344	PA0208-C.g502	48.199	583	203	16	1	508	862	1420	2.99e-149	470
PfGB4_140005500|DBLd|1|837|1344	PA0208-C.g502	23.446	354	199	13	183	508	180	489	8.55e-12	70.5
PfGB4_140005500|DBLd|1|837|1344	SenT230.08.g265	49.725	545	200	16	1	508	902	1409	5.81e-149	469
PfGB4_140005500|DBLd|1|837|1344	SenT230.08.g265	26.984	189	103	6	252	439	255	409	1.50e-11	69.7
PfGB4_140005500|CIDRb|1|1345|1600	SenT230.08.g265	96.911	259	5	2	1	256	1410	1668	6.82e-167	506
PfGB4_140005500|CIDRb|1|1345|1600	PC0070-C.g479	77.132	258	53	3	2	256	968	1222	4.58e-108	342
PfGB4_140005500|CIDRb|1|1345|1600	PfKE02.g259	77.132	258	53	3	2	256	1356	1610	6.89e-107	341
PfGB4_140005500|CIDRb|1|1345|1600	PA0035-C.g72	64.940	251	84	3	1	248	1338	1587	9.29e-99	318
PfGB4_140005500|CIDRb|1|1345|1600	PD0555-C.g618	64.591	257	88	3	1	256	1356	1610	7.98e-97	312
PfGB4_140005500|ATS|1|1705|2212	PD0561-C.g263	73.477	509	81	9	1	508	2424	2879	0.0	713
PfGB4_140005500|ATS|1|1705|2212	QE0436-C.g670	73.171	533	93	9	2	508	1708	2216	0.0	692
PfGB4_140005500|ATS|1|1705|2212	PFKE09.g563	73.281	509	68	8	1	508	775	1216	0.0	689
PfGB4_140005500|ATS|1|1705|2212	PV0211-C.g126	71.161	534	99	11	1	508	841	1345	0.0	686
PfGB4_140005500|ATS|1|1705|2212	PV0211-C.g122	73.694	517	98	11	1	508	891	1378	0.0	685
PfGB4_140085400|NTS|1|1|73	PF0818-C.g320	83.636	55	8	1	20	73	14	68	1.25e-23	94.4
PfGB4_140085400|NTS|1|1|73	QG0282-C.g640	80.769	52	10	0	22	73	15	66	7.23e-22	89.4
PfGB4_140085400|NTS|1|1|73	PM0114-C.g629	67.568	74	21	2	1	73	1	72	2.05e-21	87.8
PfGB4_140085400|NTS|1|1|73	QG0300-C.g8699	75.000	64	11	2	1	63	1	60	2.86e-21	87.4
PfGB4_140085400|NTS|1|1|73	PF0513-C.g983	79.245	53	11	0	21	73	26	78	1.32e-20	85.5
PfGB4_140085400|DBLa|1|74|515	PF0818-C.g320	84.375	448	62	3	1	442	69	514	0.0	769
PfGB4_140085400|DBLa|1|74|515	PF0818-C.g320	32.899	307	163	9	40	344	1735	2000	8.99e-39	152
PfGB4_140085400|DBLa|1|74|515	PF0818-C.g320	24.058	345	197	11	124	442	1056	1361	6.16e-12	70.5
PfGB4_140085400|DBLa|1|74|515	PF0818-C.g320	24.159	327	165	12	24	346	2096	2343	5.95e-09	61.2
PfGB4_140085400|DBLa|1|74|515	PT0008-CW.g495	81.532	444	77	3	1	442	68	508	0.0	726
PfGB4_140085400|DBLa|1|74|515	PT0008-CW.g495	23.767	223	122	8	232	442	1211	1397	2.48e-07	55.8
PfGB4_140085400|DBLa|1|74|515	PM0073-C.g1183	78.271	451	81	8	1	442	71	513	0.0	696
PfGB4_140085400|DBLa|1|74|515	PM0073-C.g1183	29.429	333	168	12	23	344	869	1145	2.92e-28	120
PfGB4_140085400|DBLa|1|74|515	PM0114-C.g629	77.902	448	78	6	1	442	73	505	0.0	691
PfGB4_140085400|DBLa|1|74|515	PC0046-C.g469	69.058	446	112	11	1	442	57	480	0.0	588
PfGB4_140085400|DBLa|1|74|515	PC0046-C.g469	26.599	297	160	10	96	341	980	1269	5.74e-12	70.5
PfGB4_140085400|CIDRa|1|516|797	PA0050-C.g28	87.018	285	32	2	1	282	231	513	1.65e-169	501
PfGB4_140085400|CIDRa|1|516|797	SenP051.02.g376	87.368	285	31	2	1	282	138	420	1.73e-165	504
PfGB4_140085400|CIDRa|1|516|797	PA0026-C.g496	87.018	285	32	2	1	282	145	427	6.73e-165	503
PfGB4_140085400|CIDRa|1|516|797	SenT067.11.g901	87.368	285	31	2	1	282	499	781	7.48e-164	504
PfGB4_140085400|CIDRa|1|516|797	PA0057-C.g131	87.018	285	32	2	1	282	499	781	1.16e-163	503
PfGB4_140085400|DBLb|1|804|1264	PT0258-Cx.g163	82.112	464	76	4	1	461	765	1224	0.0	755
PfGB4_140085400|DBLb|1|804|1264	PT0258-Cx.g163	29.750	400	184	17	23	359	35	400	2.35e-30	127
PfGB4_140085400|DBLb|1|804|1264	PF0113-C.g611	67.770	453	135	6	15	461	1	448	0.0	610
PfGB4_140085400|DBLb|1|804|1264	PA0209-C.g901	62.062	485	152	9	1	461	778	1254	0.0	566
PfGB4_140085400|DBLb|1|804|1264	PA0209-C.g901	29.639	388	187	20	17	341	20	384	1.49e-32	134
PfGB4_140085400|DBLb|1|804|1264	PT0059-C.g785	61.523	486	155	9	1	461	749	1227	0.0	560
PfGB4_140085400|DBLb|1|804|1264	PT0059-C.g785	33.846	260	117	10	111	340	124	358	3.07e-27	118
PfGB4_140085400|DBLb|1|804|1264	PT0059-C.g785	23.741	278	159	6	110	358	1312	1565	6.64e-14	77.0
PfGB4_140085400|DBLb|1|804|1264	QG0277-C.g79	62.090	488	150	12	1	461	758	1237	8.04e-180	560
PfGB4_140085400|DBLb|1|804|1264	QG0277-C.g79	34.069	317	149	12	110	395	2491	2778	3.52e-31	130
PfGB4_140085400|DBLb|1|804|1264	QG0277-C.g79	30.252	357	176	14	43	345	49	386	5.31e-29	123
PfGB4_140085400|DBLb|1|804|1264	QG0277-C.g79	29.057	265	134	9	101	358	2874	3091	8.99e-18	89.0
PfGB4_140085400|DBLd|1|1326|1828	PfKE02.g219	52.788	538	198	13	1	503	529	1045	3.13e-163	501
PfGB4_140085400|DBLd|1|1326|1828	PfKE02.g219	24.695	328	183	9	174	490	170	444	3.25e-10	65.5
PfGB4_140085400|DBLd|1|1326|1828	PA0158-C.g601	55.319	517	194	17	1	503	804	1297	2.63e-157	494
PfGB4_140085400|DBLd|1|1326|1828	PA0158-C.g601	23.890	473	212	16	46	500	1652	1994	1.16e-24	110
PfGB4_140085400|DBLd|1|1326|1828	PA0158-C.g601	27.299	348	185	15	182	503	180	485	2.97e-18	90.9
PfGB4_140085400|DBLd|1|1326|1828	PM0068-C.g1139	50.449	557	189	19	1	503	218	741	3.94e-157	477
PfGB4_140085400|DBLd|1|1326|1828	PH0594-C.g1008	51.667	540	202	17	1	503	914	1431	2.95e-155	486
PfGB4_140085400|DBLd|1|1326|1828	PH0594-C.g1008	28.772	285	141	11	247	503	241	491	8.07e-18	89.7
PfGB4_140085400|DBLd|1|1326|1828	PfKE04.g613	51.657	513	179	13	1	503	800	1253	1.25e-154	482
PfGB4_140085400|DBLd|1|1326|1828	PfKE04.g613	29.044	272	139	11	247	503	252	484	2.17e-19	94.4
PfGB4_140085400|CIDRg|1|1829|2092	PM0096-C.g171	79.151	259	47	3	12	263	1363	1621	1.75e-126	398
PfGB4_140085400|CIDRg|1|1829|2092	PA0151-C.g309	81.452	248	39	3	23	263	1758	2005	7.93e-125	393
PfGB4_140085400|CIDRg|1|1829|2092	PC0085-C.g514	71.377	276	65	6	1	264	1776	2049	2.65e-122	386
PfGB4_140085400|CIDRg|1|1829|2092	PC0085-C.g514	30.851	188	101	9	80	252	610	783	1.02e-09	61.2
PfGB4_140085400|CIDRg|1|1829|2092	SenT058.11.g347	71.377	276	65	6	1	264	1295	1568	9.23e-122	384
PfGB4_140085400|CIDRg|1|1829|2092	SenT044.11.g347	70.370	270	71	5	1	263	1634	1901	2.45e-115	365
PfGB4_140085400|CIDRg|1|1829|2092	SenT044.11.g347	26.573	143	101	2	110	252	487	625	7.47e-08	55.5
PfGB4_140085400|DBLz|1|2123|2545	PA0205-C.g116	90.544	423	38	1	1	423	2128	2548	0.0	790
PfGB4_140085400|DBLz|1|2123|2545	PA0205-C.g116	32.895	380	188	18	92	413	121	491	1.22e-31	130
PfGB4_140085400|DBLz|1|2123|2545	PA0205-C.g116	28.369	282	150	9	87	364	2601	2834	5.88e-17	85.9
PfGB4_140085400|DBLz|1|2123|2545	PA0205-C.g116	25.065	383	209	17	91	423	883	1237	1.40e-16	84.7
PfGB4_140085400|DBLz|1|2123|2545	PA0184-C.g396	89.598	423	42	1	1	423	1722	2142	0.0	783
PfGB4_140085400|DBLz|1|2123|2545	PA0184-C.g396	30.872	298	163	9	92	347	120	416	2.67e-27	117
PfGB4_140085400|DBLz|1|2123|2545	PA0184-C.g396	28.369	282	150	9	87	364	2195	2428	4.38e-17	86.3
PfGB4_140085400|DBLz|1|2123|2545	PA0030-C.g309	89.598	423	42	1	1	423	676	1096	0.0	781
PfGB4_140085400|DBLz|1|2123|2545	PA0030-C.g309	28.369	282	150	9	87	364	1149	1382	3.52e-17	86.7
PfGB4_140085400|DBLz|1|2123|2545	PH0774-C.g254	92.689	424	28	2	1	423	1627	2048	0.0	779
PfGB4_140085400|DBLz|1|2123|2545	PH0774-C.g254	31.746	378	217	13	3	350	25	391	2.65e-35	141
PfGB4_140085400|DBLz|1|2123|2545	PH0774-C.g254	26.792	265	146	9	89	349	2103	2323	8.77e-14	76.3
PfGB4_140085400|DBLz|1|2123|2545	PH0774-C.g254	21.448	359	204	10	138	421	987	1342	7.86e-08	57.4
PfGB4_140085400|DBLz|1|2123|2545	PH0769-C.g257	92.689	424	28	2	1	423	1627	2048	0.0	779
PfGB4_140085400|DBLz|1|2123|2545	PH0769-C.g257	31.746	378	217	13	3	350	25	391	2.65e-35	141
PfGB4_140085400|DBLz|1|2123|2545	PH0769-C.g257	26.792	265	146	9	89	349	2103	2323	8.77e-14	76.3
PfGB4_140085400|DBLz|1|2123|2545	PH0769-C.g257	21.448	359	204	10	138	421	987	1342	7.86e-08	57.4
PfGB4_140085400|DBLe|1|2550|2870	QG0286-C.g2906	99.688	321	1	0	1	321	2425	2745	0.0	660
PfGB4_140085400|DBLe|1|2550|2870	QG0286-C.g2906	30.078	256	128	9	51	264	852	1098	7.91e-19	89.7
PfGB4_140085400|DBLe|1|2550|2870	QG0286-C.g2906	29.455	275	143	11	49	277	2085	2354	5.81e-18	87.0
PfGB4_140085400|DBLe|1|2550|2870	QG0286-C.g2906	27.900	319	151	15	46	290	109	422	2.31e-13	73.2
PfGB4_140085400|DBLe|1|2550|2870	PH0121-CW.g35	97.508	321	8	0	1	321	2059	2379	0.0	652
PfGB4_140085400|DBLe|1|2550|2870	PH0121-CW.g35	27.566	341	188	12	37	321	103	440	4.23e-20	93.6
PfGB4_140085400|DBLe|1|2550|2870	PH0121-CW.g35	27.206	272	148	11	48	274	1720	1986	5.62e-17	84.3
PfGB4_140085400|DBLe|1|2550|2870	PV0028-C.g27	97.508	321	8	0	1	321	2072	2392	0.0	652
PfGB4_140085400|DBLe|1|2550|2870	PV0028-C.g27	27.401	354	185	14	37	321	103	453	3.63e-19	90.9
PfGB4_140085400|DBLe|1|2550|2870	PV0028-C.g27	27.206	272	148	11	48	274	1733	1999	5.63e-17	84.3
PfGB4_140085400|DBLe|1|2550|2870	PD0667-C.g855	97.508	321	8	0	1	321	2085	2405	0.0	651
PfGB4_140085400|DBLe|1|2550|2870	PD0667-C.g855	27.206	272	148	11	48	274	1746	2012	5.39e-17	84.3
PfGB4_140085400|DBLe|1|2550|2870	PD0667-C.g855	26.431	367	185	15	37	321	103	466	1.36e-13	73.9
PfGB4_140085400|DBLe|1|2550|2870	QE0465-C.g245	97.508	321	8	0	1	321	2072	2392	0.0	650
PfGB4_140085400|DBLe|1|2550|2870	QE0465-C.g245	27.401	354	185	14	37	321	103	453	2.86e-19	91.3
PfGB4_140085400|DBLe|1|2550|2870	QE0465-C.g245	27.206	272	148	11	48	274	1733	1999	5.54e-17	84.3
PfGB4_140085400|ATS|1|2919|3360	PV0028-C.g50	84.245	457	56	3	1	442	2600	3055	0.0	753
PfGB4_140085400|ATS|1|2919|3360	PA0245-C.g391	83.070	443	67	3	1	442	2512	2947	0.0	732
PfGB4_140085400|ATS|1|2919|3360	PFKE09.g563	82.247	445	73	6	1	442	775	1216	0.0	707
PfGB4_140085400|ATS|1|2919|3360	PC0097-C.g664	79.867	452	77	7	1	442	2364	2811	0.0	702
PfGB4_140085400|ATS|1|2919|3360	PA0270-C.g443	79.212	457	78	6	1	442	2185	2639	0.0	699
PfGB4_000006900|NTS|1|1|61	PM0073-C.g780	100.000	61	0	0	1	61	1	61	1.00e-35	128
PfGB4_000006900|NTS|1|1|61	QG0208-C.g872	100.000	51	0	0	11	61	12	62	4.93e-28	106
PfGB4_000006900|NTS|1|1|61	QG0194-C.g749	82.540	63	9	1	1	61	1	63	3.02e-26	100
PfGB4_000006900|NTS|1|1|61	PV0118-C.g57	89.091	55	6	0	7	61	10	64	1.28e-25	99.4
PfGB4_000006900|NTS|1|1|61	QE0426-C.g759	89.091	55	6	0	7	61	10	64	1.34e-25	99.4
PfGB4_000006900|DBLa|1|62|501	QG0208-C.g872	98.636	440	6	0	1	440	63	502	0.0	905
PfGB4_000006900|DBLa|1|62|501	QG0208-C.g872	23.881	201	112	3	179	344	1131	1325	2.26e-10	65.5
PfGB4_000006900|DBLa|1|62|501	PM0073-C.g780	90.909	440	36	1	1	440	62	497	0.0	826
PfGB4_000006900|DBLa|1|62|501	PM0073-C.g780	32.059	340	194	11	53	385	1775	2084	4.66e-37	147
PfGB4_000006900|DBLa|1|62|501	PM0073-C.g780	34.862	109	68	2	228	334	1208	1315	5.30e-12	70.9
PfGB4_000006900|DBLa|1|62|501	PM0073-C.g780	24.889	225	118	7	47	268	2157	2333	1.10e-10	66.6
PfGB4_000006900|DBLa|1|62|501	QG0271-C.g968	71.554	457	105	7	1	440	64	512	0.0	598
PfGB4_000006900|DBLa|1|62|501	QG0271-C.g968	29.167	120	79	3	232	345	1276	1395	2.39e-09	62.4
PfGB4_000006900|DBLa|1|62|501	PV0124-C.g22	69.710	449	109	10	1	440	65	495	0.0	585
PfGB4_000006900|DBLa|1|62|501	PV0124-C.g22	22.530	253	154	7	118	334	1049	1295	1.04e-08	60.1
PfGB4_000006900|DBLa|1|62|501	PV0116-C.g25	69.710	449	109	10	1	440	65	495	0.0	585
PfGB4_000006900|DBLa|1|62|501	PV0116-C.g25	22.530	253	154	7	118	334	1049	1295	1.03e-08	60.1
PfGB4_000006900|CIDRa|1|502|799	QG0208-C.g872	94.000	300	16	1	1	298	503	802	0.0	550
PfGB4_000006900|CIDRa|1|502|799	PF0158-C.g612	82.667	300	44	4	1	295	511	807	1.16e-158	486
PfGB4_000006900|CIDRa|1|502|799	PM0108-C.g997	80.198	303	52	4	1	298	510	809	4.00e-152	468
PfGB4_000006900|CIDRa|1|502|799	PFKE10.g287	73.770	305	70	5	1	298	505	806	1.68e-135	423
PfGB4_000006900|CIDRa|1|502|799	PM0037-C.g2353	67.881	302	89	6	1	298	523	820	2.76e-117	372
PfGB4_000006900|DBLd|1|884|1390	PA0144-C.g613	62.451	514	151	11	16	507	920	1413	0.0	595
PfGB4_000006900|DBLd|1|884|1390	PA0144-C.g613	27.358	212	110	9	330	507	298	499	4.05e-10	65.1
PfGB4_000006900|DBLd|1|884|1390	PC0085-C.g527	54.579	535	188	13	1	507	264	771	2.37e-167	505
PfGB4_000006900|DBLd|1|884|1390	PC0085-C.g527	26.407	231	108	7	241	468	32	203	2.76e-12	72.0
PfGB4_000006900|DBLd|1|884|1390	PA0021-C.g90	52.425	536	188	25	1	507	167	664	6.02e-151	460
PfGB4_000006900|DBLd|1|884|1390	PF0424-C.g577	52.987	519	189	17	16	507	916	1406	1.52e-149	471
PfGB4_000006900|DBLd|1|884|1390	PD0564-C.g761	52.132	516	194	16	1	507	865	1336	3.07e-149	469
PfGB4_000006900|DBLd|1|884|1390	PD0564-C.g761	24.427	393	202	17	159	507	152	493	9.59e-14	76.6
PfGB4_000006900|CIDRb|1|1391|1648	PT0117-C.g336	69.106	246	68	3	1	244	2296	2535	3.56e-101	325
PfGB4_000006900|CIDRb|1|1391|1648	PD0640-C.g302	64.683	252	83	4	2	247	601	852	2.86e-99	313
PfGB4_000006900|CIDRb|1|1391|1648	PT0071-C.g552	68.293	246	70	3	1	244	1335	1574	3.48e-99	319
PfGB4_000006900|CIDRb|1|1391|1648	PT0256-C.g682	69.198	237	69	3	2	234	1448	1684	1.55e-98	317
PfGB4_000006900|CIDRb|1|1391|1648	PV0028-C.g116	64.683	252	83	4	2	247	364	615	3.52e-98	313
PfGB4_000006900|ATS|1|1751|2199	PV0234-C.g27	73.438	512	69	7	1	449	2445	2952	0.0	664
PfGB4_000006900|ATS|1|1751|2199	PC0113-C.g949	77.729	458	78	5	1	449	1702	2144	0.0	649
PfGB4_000006900|ATS|1|1751|2199	PA0245-C.g391	74.614	453	94	7	1	449	2512	2947	0.0	644
PfGB4_000006900|ATS|1|1751|2199	PC0097-C.g664	74.017	458	100	7	1	449	2364	2811	0.0	643
PfGB4_000006900|ATS|1|1751|2199	PT0170-C.g672	73.125	480	76	10	1	449	1768	2225	0.0	642
PfGB4_000008400|NTS|1|1|72	PM0159-C.g788	73.438	64	17	0	9	72	7	70	2.39e-25	99.0
PfGB4_000008400|NTS|1|1|72	PA0161-C.g303	75.362	69	16	1	4	72	5	72	3.41e-25	98.6
PfGB4_000008400|NTS|1|1|72	QG0190-C.g812	66.667	72	24	0	1	72	1	72	5.88e-24	95.1
PfGB4_000008400|NTS|1|1|72	PA0008-C.g50	68.056	72	20	1	1	72	1	69	6.74e-24	95.1
PfGB4_000008400|NTS|1|1|72	PT0034-C.g756	66.667	72	24	0	1	72	1	72	7.50e-24	94.7
PfGB4_000008400|DBLa|1|74|486	PA0185-C.g111	69.860	428	111	7	1	413	73	497	0.0	585
PfGB4_000008400|DBLa|1|74|486	PA0185-C.g111	25.667	300	117	11	47	339	2409	2609	6.29e-14	76.6
PfGB4_000008400|DBLa|1|74|486	PA0185-C.g111	31.183	186	111	7	234	413	1218	1392	6.82e-13	73.2
PfGB4_000008400|DBLa|1|74|486	PA0185-C.g111	26.160	237	116	8	47	280	2090	2270	1.47e-12	72.4
PfGB4_000008400|DBLa|1|74|486	PT0144-C.g1367	70.952	420	99	7	1	413	63	466	0.0	570
PfGB4_000008400|DBLa|1|74|486	PT0144-C.g1367	28.492	179	106	6	236	413	1173	1330	1.17e-08	59.7
PfGB4_000008400|DBLa|1|74|486	PF0424-C.g771	68.421	418	121	5	1	413	72	483	0.0	570
PfGB4_000008400|DBLa|1|74|486	PF0424-C.g771	23.055	347	208	12	102	413	1003	1325	3.60e-10	64.7
PfGB4_000008400|DBLa|1|74|486	PT0014-CW.g185	69.639	415	115	7	2	413	64	470	0.0	570
PfGB4_000008400|DBLa|1|74|486	PT0014-CW.g185	27.068	266	150	8	102	334	1406	1660	4.55e-16	83.2
PfGB4_000008400|DBLa|1|74|486	PT0014-CW.g185	21.646	328	188	9	46	352	840	1119	5.39e-11	67.4
PfGB4_000008400|DBLa|1|74|486	PT0117-C.g44	68.765	429	110	7	1	413	63	483	0.0	569
PfGB4_000008400|DBLa|1|74|486	PT0117-C.g44	29.870	154	100	1	230	375	1166	1319	3.43e-13	73.9
PfGB4_000008400|CIDRa|1|487|746	PH0932-C.g327	85.821	268	30	1	1	260	475	742	4.87e-151	462
PfGB4_000008400|CIDRa|1|487|746	PH0932-C.g327	33.846	65	43	0	105	169	1433	1497	5.17e-07	52.8
PfGB4_000008400|CIDRa|1|487|746	PH0286-CW.g67	85.821	268	30	1	1	260	476	743	5.33e-151	462
PfGB4_000008400|CIDRa|1|487|746	PV0129-C.g64	85.821	268	30	1	1	260	476	743	3.20e-150	461
PfGB4_000008400|CIDRa|1|487|746	PV0129-C.g64	29.730	185	103	11	1	169	1381	1554	9.11e-07	52.0
PfGB4_000008400|CIDRa|1|487|746	QE0472-C.g1233	85.821	268	30	1	1	260	475	742	1.55e-148	461
PfGB4_000008400|CIDRa|1|487|746	PA0045-C.g557	63.971	272	84	3	1	260	486	755	2.91e-108	345
PfGB4_000008400|DBLd|1|842|1338	PM0096-C.g582	58.083	532	157	13	1	497	859	1359	2.46e-162	504
PfGB4_000008400|DBLd|1|842|1338	PM0096-C.g582	26.068	234	143	8	203	433	191	397	5.33e-12	71.2
PfGB4_000008400|DBLd|1|842|1338	QG0195-C.g323	52.338	556	192	18	1	497	369	910	3.58e-154	474
PfGB4_000008400|DBLd|1|842|1338	QG0195-C.g323	28.662	314	146	10	135	448	48	283	1.58e-24	110
PfGB4_000008400|DBLd|1|842|1338	PM0096-C.g607	52.816	515	175	17	1	497	734	1198	2.71e-146	459
PfGB4_000008400|DBLd|1|842|1338	PM0096-C.g607	22.535	355	180	11	203	497	78	397	5.29e-10	64.7
PfGB4_000008400|DBLd|1|842|1338	PV0287-C.g127	49.427	524	225	10	8	497	229	746	2.86e-143	441
PfGB4_000008400|DBLd|1|842|1338	PV0209-C.g71	51.158	518	202	14	1	497	174	661	4.94e-142	436
PfGB4_000008400|CIDRb|1|1339|1599	PC0061-C.g247	72.481	258	62	3	1	258	744	992	3.07e-117	363
PfGB4_000008400|CIDRb|1|1339|1599	QE0469-C.g215	75.833	240	50	3	1	240	608	839	5.63e-117	360
PfGB4_000008400|CIDRb|1|1339|1599	SenT128.08.g369	75.781	256	54	3	1	256	998	1245	1.96e-115	362
PfGB4_000008400|CIDRb|1|1339|1599	PM0146-C.g92	72.481	258	62	3	1	258	2350	2598	7.22e-114	361
PfGB4_000008400|CIDRb|1|1339|1599	PA0157-C.g959	72.481	258	62	3	1	258	2599	2847	7.40e-114	361
PfGB4_000008400|ATS|1|1711|2144	PFKE09.g563	81.655	447	64	8	1	434	775	1216	0.0	687
PfGB4_000008400|ATS|1|1711|2144	PF0590-C.g528	80.272	441	73	8	1	434	2051	2484	0.0	678
PfGB4_000008400|ATS|1|1711|2144	PD0549-C.g516	77.462	457	71	10	1	434	2187	2634	0.0	664
PfGB4_000008400|ATS|1|1711|2144	PD0511-C.g583	77.462	457	71	10	1	434	2187	2634	0.0	664
PfGB4_000008400|ATS|1|1711|2144	PV0028-C.g31	74.569	464	80	11	1	434	1737	2192	0.0	659
PfGB4_000011000|NTS|1|1|62	SenT140.11.g148	95.161	62	3	0	1	62	1	62	2.80e-33	121
PfGB4_000011000|NTS|1|1|62	SenT097.11.g190	95.161	62	3	0	1	62	1	62	2.94e-33	120
PfGB4_000011000|NTS|1|1|62	PA0221-C.g61	93.548	62	4	0	1	62	1	62	4.01e-32	117
PfGB4_000011000|NTS|1|1|62	PC0065-C.g3621	95.161	62	3	0	1	62	1	62	5.75e-32	117
PfGB4_000011000|NTS|1|1|62	PT0137-C.g553	95.082	61	3	0	2	62	1	61	6.42e-31	114
PfGB4_000011000|DBLa|1|63|461	PV0182-C.g22	87.970	399	43	2	1	399	63	456	0.0	730
PfGB4_000011000|DBLa|1|63|461	PV0182-C.g22	27.467	375	221	14	8	367	796	1134	3.83e-30	125
PfGB4_000011000|DBLa|1|63|461	PV0182-C.g22	33.721	258	142	7	7	253	1651	1890	8.29e-29	121
PfGB4_000011000|DBLa|1|63|461	PV0182-C.g22	25.664	339	194	12	46	364	1245	1545	2.15e-14	77.8
PfGB4_000011000|DBLa|1|63|461	PV0182-C.g22	25.694	288	158	12	40	324	2066	2300	3.63e-13	73.9
PfGB4_000011000|DBLa|1|63|461	PT0137-C.g553	84.211	399	57	3	1	399	62	454	0.0	693
PfGB4_000011000|DBLa|1|63|461	PT0137-C.g553	27.596	366	215	12	8	356	792	1124	2.19e-27	117
PfGB4_000011000|DBLa|1|63|461	PT0137-C.g553	30.794	315	162	12	116	399	1733	2022	1.14e-23	105
PfGB4_000011000|DBLa|1|63|461	PT0137-C.g553	22.024	336	209	11	16	339	1222	1516	5.49e-11	67.0
PfGB4_000011000|DBLa|1|63|461	PF0330-C.g574	83.459	399	60	3	1	399	64	456	0.0	687
PfGB4_000011000|DBLa|1|63|461	PF0330-C.g574	28.631	241	130	6	53	276	837	1052	3.14e-25	110
PfGB4_000011000|DBLa|1|63|461	PC0104-C.g414	83.208	399	61	3	1	399	62	454	0.0	685
PfGB4_000011000|DBLa|1|63|461	PC0104-C.g414	29.965	287	146	6	53	318	835	1087	3.62e-29	122
PfGB4_000011000|DBLa|1|63|461	PC0104-C.g414	35.065	308	161	12	53	349	1676	1955	4.74e-29	122
PfGB4_000011000|DBLa|1|63|461	PC0104-C.g414	25.079	315	168	11	49	344	1244	1509	9.90e-12	69.3
PfGB4_000011000|DBLa|1|63|461	PC0104-C.g414	23.077	208	119	7	112	318	2117	2284	7.27e-07	53.9
PfGB4_000011000|DBLa|1|63|461	SenT085.10.g901	80.872	413	59	5	1	399	62	468	0.0	679
PfGB4_000011000|DBLa|1|63|461	SenT085.10.g901	31.845	336	168	15	1	318	798	1090	7.41e-30	124
PfGB4_000011000|DBLa|1|63|461	SenT085.10.g901	30.899	178	113	3	222	399	1586	1753	6.83e-16	82.4
PfGB4_000011000|CIDRa|1|462|712	PA0041-C.g657	92.032	251	20	0	1	251	465	715	5.79e-157	477
PfGB4_000011000|CIDRa|1|462|712	PT0240-C.g723	92.032	251	20	0	1	251	464	714	2.47e-156	476
PfGB4_000011000|CIDRa|1|462|712	PF0818-C.g739	86.056	251	35	0	1	251	470	720	2.78e-142	436
PfGB4_000011000|CIDRa|1|462|712	PA0200-C.g780	83.665	251	41	0	1	251	461	711	9.01e-141	433
PfGB4_000011000|CIDRa|1|462|712	PA0251-C.g946	82.937	252	42	1	1	251	470	721	1.28e-138	428
PfGB4_000011000|DBLb|1|733|1214	QE0469-C.g1135	64.669	484	158	7	1	482	751	1223	0.0	619
PfGB4_000011000|DBLb|1|733|1214	QE0469-C.g1135	30.284	317	154	9	114	376	121	424	1.21e-30	128
PfGB4_000011000|DBLb|1|733|1214	QE0469-C.g1135	26.119	268	148	10	113	351	1308	1554	4.68e-13	74.3
PfGB4_000011000|DBLb|1|733|1214	QG0256-C.g3167	64.271	487	156	9	1	482	739	1212	0.0	619
PfGB4_000011000|DBLb|1|733|1214	QG0256-C.g3167	34.727	311	154	10	90	368	1681	1974	4.56e-40	157
PfGB4_000011000|DBLb|1|733|1214	QG0256-C.g3167	26.859	417	218	13	17	382	32	412	8.23e-29	123
PfGB4_000011000|DBLb|1|733|1214	QG0256-C.g3167	25.092	271	154	10	113	357	1275	1522	3.50e-11	68.6
PfGB4_000011000|DBLb|1|733|1214	PV0147-C.g91	64.669	484	158	7	1	482	751	1223	0.0	618
PfGB4_000011000|DBLb|1|733|1214	PV0147-C.g91	30.284	317	154	9	114	376	121	424	1.36e-30	128
PfGB4_000011000|DBLb|1|733|1214	PV0147-C.g91	26.119	268	148	10	113	351	1308	1554	5.02e-13	74.3
PfGB4_000011000|DBLb|1|733|1214	PV0028-C.g102	64.669	484	158	7	1	482	751	1223	0.0	617
PfGB4_000011000|DBLb|1|733|1214	PV0028-C.g102	30.284	317	154	9	114	376	121	424	1.84e-30	128
PfGB4_000011000|DBLb|1|733|1214	PV0028-C.g102	26.119	268	148	10	113	351	1308	1554	5.80e-13	73.9
PfGB4_000011000|DBLb|1|733|1214	PV0028-C.g102	29.771	131	71	3	242	351	1670	1800	1.64e-09	63.2
PfGB4_000011000|DBLb|1|733|1214	PA0008-C.g10	61.303	491	166	9	1	482	165	640	0.0	603
PfGB4_000011000|DBLb|1|733|1214	PA0008-C.g10	25.292	257	161	8	111	358	695	929	1.70e-12	72.8
PfGB4_000011000|DBLg|1|1224|1583	PF0207-C.g335	100.000	360	0	0	1	360	1188	1547	0.0	746
PfGB4_000011000|DBLg|1|1224|1583	PF0207-C.g335	34.043	235	126	8	41	266	2042	2256	1.88e-27	116
PfGB4_000011000|DBLg|1|1224|1583	PF0207-C.g335	21.579	380	231	14	27	360	1633	1991	6.10e-13	72.8
PfGB4_000011000|DBLg|1|1224|1583	PF0207-C.g335	26.493	268	146	12	35	267	816	1067	1.54e-11	68.6
PfGB4_000011000|DBLg|1|1224|1583	PF0207-C.g335	23.529	204	110	6	111	268	173	376	1.22e-10	65.5
PfGB4_000011000|DBLg|1|1224|1583	PM0004-C.g257	100.000	360	0	0	1	360	1206	1565	0.0	746
PfGB4_000011000|DBLg|1|1224|1583	PM0004-C.g257	24.497	298	157	8	32	268	104	394	1.42e-15	80.9
PfGB4_000011000|DBLg|1|1224|1583	PM0004-C.g257	21.579	380	231	14	27	360	1651	2009	5.35e-13	72.8
PfGB4_000011000|DBLg|1|1224|1583	PM0004-C.g257	26.493	268	146	12	35	267	834	1085	1.53e-11	68.6
PfGB4_000011000|DBLg|1|1224|1583	PM0038-C.g1041	78.889	360	71	1	1	360	603	957	0.0	588
PfGB4_000011000|DBLg|1|1224|1583	PM0038-C.g1041	29.825	228	135	6	44	266	1452	1659	2.70e-23	103
PfGB4_000011000|DBLg|1|1224|1583	PM0038-C.g1041	24.912	285	164	11	28	274	1044	1316	8.31e-14	75.5
PfGB4_000011000|DBLg|1|1224|1583	PM0038-C.g1041	23.105	277	154	9	44	266	226	497	2.78e-11	67.4
PfGB4_000011000|DBLg|1|1224|1583	PH0815-C.g182	82.500	360	54	3	1	360	1690	2040	0.0	587
PfGB4_000011000|DBLg|1|1224|1583	PH0815-C.g182	33.333	225	131	5	44	266	2533	2740	6.72e-29	120
PfGB4_000011000|DBLg|1|1224|1583	PH0815-C.g182	25.228	329	123	11	66	271	972	1300	6.90e-17	84.7
PfGB4_000011000|DBLg|1|1224|1583	PH0815-C.g182	22.680	291	155	9	34	266	106	384	5.29e-13	72.8
PfGB4_000011000|DBLg|1|1224|1583	PH0815-C.g182	25.890	309	177	12	1	271	2100	2394	6.05e-13	72.8
PfGB4_000011000|DBLg|1|1224|1583	PH0778-C.g138	82.500	360	54	3	1	360	1690	2040	0.0	587
PfGB4_000011000|DBLg|1|1224|1583	PH0778-C.g138	33.333	225	131	5	44	266	2533	2740	6.72e-29	120
PfGB4_000011000|DBLg|1|1224|1583	PH0778-C.g138	25.228	329	123	11	66	271	972	1300	6.90e-17	84.7
PfGB4_000011000|DBLg|1|1224|1583	PH0778-C.g138	22.680	291	155	9	34	266	106	384	5.29e-13	72.8
PfGB4_000011000|DBLg|1|1224|1583	PH0778-C.g138	25.890	309	177	12	1	271	2100	2394	6.05e-13	72.8
PfGB4_000011000|DBLz|1|1597|2024	PF0207-C.g335	90.719	431	37	1	1	428	1561	1991	0.0	770
PfGB4_000011000|DBLz|1|1597|2024	PF0207-C.g335	32.113	355	187	14	44	370	775	1103	1.72e-42	162
PfGB4_000011000|DBLz|1|1597|2024	PF0207-C.g335	27.793	367	227	10	38	374	55	413	1.49e-27	118
PfGB4_000011000|DBLz|1|1597|2024	PF0207-C.g335	29.688	256	139	10	88	341	2043	2259	3.45e-21	99.0
PfGB4_000011000|DBLz|1|1597|2024	PF0207-C.g335	23.759	282	167	10	73	343	1214	1458	1.78e-14	78.6
PfGB4_000011000|DBLz|1|1597|2024	PM0004-C.g257	90.719	431	37	1	1	428	1579	2009	0.0	769
PfGB4_000011000|DBLz|1|1597|2024	PM0004-C.g257	32.113	355	187	14	44	370	793	1121	1.85e-42	162
PfGB4_000011000|DBLz|1|1597|2024	PM0004-C.g257	29.692	357	215	9	54	374	75	431	3.11e-37	147
PfGB4_000011000|DBLz|1|1597|2024	PM0004-C.g257	23.759	282	167	10	73	343	1232	1476	2.29e-14	78.2
PfGB4_000011000|DBLz|1|1597|2024	PM0129-C.g901	84.223	431	64	2	1	428	340	769	0.0	728
PfGB4_000011000|DBLz|1|1597|2024	PM0129-C.g901	27.444	266	150	10	86	348	819	1044	4.52e-19	92.4
PfGB4_000011000|DBLz|1|1597|2024	PM0129-C.g901	28.495	186	112	9	151	332	60	228	1.38e-09	62.8
PfGB4_000011000|DBLz|1|1597|2024	PC0071-C.g153	82.243	428	75	1	1	428	1637	2063	0.0	718
PfGB4_000011000|DBLz|1|1597|2024	PC0071-C.g153	29.301	372	218	10	68	417	90	438	1.72e-37	147
PfGB4_000011000|DBLz|1|1597|2024	PC0071-C.g153	29.716	387	200	13	3	351	737	1089	1.46e-35	142
PfGB4_000011000|DBLz|1|1597|2024	PC0071-C.g153	27.444	266	150	10	86	348	2113	2338	5.59e-19	92.4
PfGB4_000011000|DBLz|1|1597|2024	PC0071-C.g153	23.906	297	181	10	69	343	1273	1546	1.80e-12	72.0
PfGB4_000011000|DBLz|1|1597|2024	PM0051-C.g712	81.542	428	78	1	1	428	1001	1427	0.0	714
PfGB4_000011000|DBLz|1|1597|2024	PM0051-C.g712	27.882	373	221	12	3	355	148	492	1.17e-25	112
PfGB4_000011000|DBLz|1|1597|2024	PM0051-C.g712	27.863	262	150	10	88	348	1479	1702	5.71e-18	89.4
PfGB4_000011000|DBLz|1|1597|2024	PM0051-C.g712	24.014	279	171	11	73	332	643	899	1.06e-11	69.7
PfGB4_000011000|DBLe|1|2030|2347	PV0204-C.g49	77.987	318	70	0	1	318	849	1166	3.00e-176	521
PfGB4_000011000|DBLe|1|2030|2347	PV0204-C.g49	24.521	261	153	6	37	261	64	316	6.80e-18	86.7
PfGB4_000011000|DBLe|1|2030|2347	PV0204-C.g49	30.412	194	104	9	47	209	508	701	4.30e-17	84.3
PfGB4_000011000|DBLe|1|2030|2347	QG0195-C.g324	80.818	318	61	0	1	318	2066	2383	6.44e-176	540
PfGB4_000011000|DBLe|1|2030|2347	QG0195-C.g324	27.010	311	153	8	46	290	1263	1565	4.77e-20	93.2
PfGB4_000011000|DBLe|1|2030|2347	QG0195-C.g324	27.490	251	134	8	49	261	859	1099	6.97e-19	89.7
PfGB4_000011000|DBLe|1|2030|2347	QG0195-C.g324	28.413	271	145	14	45	269	1711	1978	4.18e-18	87.4
PfGB4_000011000|DBLe|1|2030|2347	QG0195-C.g324	25.000	296	159	12	26	261	90	382	6.48e-16	80.9
PfGB4_000011000|DBLe|1|2030|2347	PC0071-C.g698	83.648	318	52	0	1	318	2462	2779	6.77e-175	539
PfGB4_000011000|DBLe|1|2030|2347	PC0071-C.g698	28.682	258	137	8	46	264	1685	1934	3.97e-22	99.4
PfGB4_000011000|DBLe|1|2030|2347	PC0071-C.g698	28.253	269	140	13	45	269	2115	2374	9.17e-19	89.4
PfGB4_000011000|DBLe|1|2030|2347	PC0071-C.g698	24.340	341	178	14	18	279	84	423	1.34e-12	70.9
PfGB4_000011000|DBLe|1|2030|2347	PT0264-C.g169	83.648	318	52	0	1	318	2165	2482	1.02e-174	538
PfGB4_000011000|DBLe|1|2030|2347	PT0264-C.g169	28.667	300	151	10	46	290	1392	1683	5.61e-24	105
PfGB4_000011000|DBLe|1|2030|2347	PT0264-C.g169	28.897	263	146	13	45	269	1818	2077	3.39e-20	94.0
PfGB4_000011000|DBLe|1|2030|2347	PT0264-C.g169	27.925	265	133	9	43	261	973	1225	2.13e-19	91.3
PfGB4_000011000|DBLe|1|2030|2347	PT0264-C.g169	23.051	295	147	11	49	265	123	415	5.61e-15	78.2
PfGB4_000011000|DBLe|1|2030|2347	PM0097-C.g278	83.648	318	52	0	1	318	2032	2349	1.08e-174	536
PfGB4_000011000|DBLe|1|2030|2347	PM0097-C.g278	28.897	263	146	13	45	269	1685	1944	1.82e-20	94.7
PfGB4_000011000|DBLe|1|2030|2347	PM0097-C.g278	27.969	261	132	8	46	264	1259	1505	1.46e-18	89.0
PfGB4_000011000|DBLe|1|2030|2347	PM0097-C.g278	29.832	238	122	9	45	243	848	1079	7.43e-18	86.7
PfGB4_000011000|DBLe|1|2030|2347	PM0097-C.g278	24.522	314	174	11	18	268	84	397	7.45e-17	84.0
PfGB4_000011000|ATS|1|2363|2855	QE0414-C.g590	69.231	533	86	8	2	493	3405	3900	0.0	696
PfGB4_000011000|ATS|1|2363|2855	PFKE07.g1065	73.494	498	54	9	1	493	1644	2068	0.0	693
PfGB4_000011000|ATS|1|2363|2855	PT0219-C.g578	75.254	493	110	10	2	493	1737	2218	0.0	691
PfGB4_000011000|ATS|1|2363|2855	PFKE12.g465	69.925	532	77	10	2	493	1774	2262	0.0	686
PfGB4_000011000|ATS|1|2363|2855	PA0204-C.g659	74.556	507	79	9	2	493	1702	2173	0.0	678
PfGB4_000011100|NTS|1|1|57	QE0464-C.g806	100.000	57	0	0	1	57	1	57	1.73e-31	115
PfGB4_000011100|NTS|1|1|57	QE0438-C.g737	100.000	57	0	0	1	57	1	57	2.23e-31	115
PfGB4_000011100|NTS|1|1|57	PH0774-C.g442	100.000	57	0	0	1	57	1	57	2.63e-31	115
PfGB4_000011100|NTS|1|1|57	PH0769-C.g448	100.000	57	0	0	1	57	1	57	2.63e-31	115
PfGB4_000011100|NTS|1|1|57	PA0165-C.g880	82.456	57	9	1	1	57	1	56	1.96e-22	90.1
PfGB4_000011100|DBLa|1|58|489	QE0464-C.g806	68.363	452	116	9	1	432	58	502	0.0	587
PfGB4_000011100|DBLa|1|58|489	QE0464-C.g806	25.620	242	140	8	149	354	1123	1360	1.39e-12	72.4
PfGB4_000011100|DBLa|1|58|489	PH0774-C.g442	66.667	462	120	7	1	432	58	515	0.0	579
PfGB4_000011100|DBLa|1|58|489	PH0774-C.g442	24.675	462	267	17	34	432	958	1401	8.19e-15	79.3
PfGB4_000011100|DBLa|1|58|489	PH0769-C.g448	66.667	462	120	7	1	432	58	515	0.0	579
PfGB4_000011100|DBLa|1|58|489	PH0769-C.g448	24.675	462	267	17	34	432	958	1401	8.19e-15	79.3
PfGB4_000011100|DBLa|1|58|489	PT0048-C.g405	71.759	432	91	10	14	432	90	503	0.0	570
PfGB4_000011100|DBLa|1|58|489	PT0048-C.g405	24.908	273	151	6	190	432	1095	1343	6.83e-17	85.9
PfGB4_000011100|DBLa|1|58|489	QE0438-C.g737	65.584	462	120	7	1	432	58	510	0.0	569
PfGB4_000011100|DBLa|1|58|489	QE0438-C.g737	29.231	195	108	7	249	432	1273	1448	3.83e-12	70.9
PfGB4_000011100|CIDRa|1|490|772	PV0139-C.g123	72.509	291	57	3	1	283	502	777	9.54e-131	409
PfGB4_000011100|CIDRa|1|490|772	PFKE12.g170	68.333	300	63	4	1	283	546	830	1.42e-122	386
PfGB4_000011100|CIDRa|1|490|772	PT0225-C.g130	68.333	300	63	4	1	283	546	830	2.37e-122	386
PfGB4_000011100|CIDRa|1|490|772	QG0196-C.g735	68.385	291	80	5	1	281	470	758	1.51e-120	380
PfGB4_000011100|CIDRa|1|490|772	PT0219-C.g621	70.915	306	66	5	1	283	497	802	7.01e-116	367
PfGB4_000011100|DBLd|1|853|1365	QE0437-C.g511	56.128	563	174	12	1	513	1202	1741	9.22e-179	555
PfGB4_000011100|DBLd|1|853|1365	QE0437-C.g511	29.648	199	96	8	338	513	288	465	1.36e-11	70.1
PfGB4_000011100|DBLd|1|853|1365	PA0039-C.g97	58.845	537	180	13	12	513	1765	2295	9.76e-172	539
PfGB4_000011100|DBLd|1|853|1365	PA0039-C.g97	30.890	382	151	13	65	445	1393	1662	5.83e-32	133
PfGB4_000011100|DBLd|1|853|1365	PA0039-C.g97	27.803	223	97	12	336	513	310	513	8.70e-10	64.3
PfGB4_000011100|DBLd|1|853|1365	PM0060-C.g930	56.473	533	170	17	1	513	866	1356	1.50e-167	519
PfGB4_000011100|DBLd|1|853|1365	PM0060-C.g930	30.622	209	106	9	336	513	299	499	7.07e-11	67.8
PfGB4_000011100|DBLd|1|853|1365	PH0279-C.g72	52.425	536	204	17	1	513	538	1045	1.56e-156	484
PfGB4_000011100|DBLd|1|853|1365	PA0203-C.g739	51.342	559	204	15	1	513	831	1367	3.44e-155	486
PfGB4_000011100|DBLd|1|853|1365	PA0203-C.g739	26.335	281	144	9	248	513	253	485	3.49e-15	81.3
PfGB4_000011100|CIDRb|1|1366|1635	PA0039-C.g97	100.000	270	0	0	1	270	2296	2565	3.08e-180	551
PfGB4_000011100|CIDRb|1|1366|1635	PC0103-C.g1059	82.869	251	34	3	1	250	1310	1552	7.62e-133	412
PfGB4_000011100|CIDRb|1|1366|1635	PF0609-C.g16	79.044	272	40	6	1	270	1398	1654	1.06e-129	405
PfGB4_000011100|CIDRb|1|1366|1635	PA0102-C.g418	79.044	272	40	6	1	270	1402	1658	1.09e-129	405
PfGB4_000011100|CIDRb|1|1366|1635	QE0437-C.g511	82.642	265	41	3	1	261	1742	2005	3.84e-129	405
PfGB4_000011100|CIDRb|1|1366|1635	QE0437-C.g511	38.272	81	48	2	99	179	554	632	5.55e-08	56.2
PfGB4_000011100|ATS|1|1737|2217	PFKE12.g291	82.505	463	61	8	1	449	1061	1517	0.0	702
PfGB4_000011100|ATS|1|1737|2217	PV0028-C.g50	77.847	483	78	11	1	481	2600	3055	0.0	695
PfGB4_000011100|ATS|1|1737|2217	PA0245-C.g998	74.645	493	78	9	1	481	1706	2163	0.0	695
PfGB4_000011100|ATS|1|1737|2217	QE0436-C.g591	80.000	495	80	7	1	481	1702	2191	0.0	691
PfGB4_000011100|ATS|1|1737|2217	PV0211-C.g126	71.612	546	49	9	1	481	841	1345	0.0	688
PfGB4_000013800|NTS|1|1|68	QE0400-C.g86	100.000	68	0	0	1	68	1	68	1.45e-37	133
PfGB4_000013800|NTS|1|1|68	PV0115-C.g8	100.000	68	0	0	1	68	1	68	1.45e-37	133
PfGB4_000013800|NTS|1|1|68	PA0148-C.g892	100.000	68	0	0	1	68	1	68	1.45e-37	133
PfGB4_000013800|NTS|1|1|68	SenT105.07.g354	100.000	68	0	0	1	68	1	68	1.45e-37	133
PfGB4_000013800|NTS|1|1|68	PH0991-C.g23	100.000	68	0	0	1	68	1	68	1.45e-37	133
PfGB4_000013800|DBLa|1|69|464	PA0237-C.g129	100.000	396	0	0	1	396	69	464	0.0	822
PfGB4_000013800|DBLa|1|69|464	PA0237-C.g129	30.333	300	170	8	55	346	2356	2624	1.19e-35	141
PfGB4_000013800|DBLa|1|69|464	PA0237-C.g129	32.432	296	155	7	116	396	1302	1567	1.50e-28	120
PfGB4_000013800|DBLa|1|69|464	PA0237-C.g129	32.453	265	136	11	56	317	1922	2146	3.77e-23	104
PfGB4_000013800|DBLa|1|69|464	PA0237-C.g129	23.926	326	200	9	47	346	788	1091	8.25e-13	72.8
PfGB4_000013800|DBLa|1|69|464	PA0237-C.g129	27.885	208	112	7	52	256	2732	2904	2.99e-12	71.2
PfGB4_000013800|DBLa|1|69|464	QE0400-C.g86	100.000	396	0	0	1	396	69	464	0.0	821
PfGB4_000013800|DBLa|1|69|464	QE0400-C.g86	30.333	300	170	8	55	346	2356	2624	1.21e-35	141
PfGB4_000013800|DBLa|1|69|464	QE0400-C.g86	32.432	296	155	7	116	396	1302	1567	1.95e-28	120
PfGB4_000013800|DBLa|1|69|464	QE0400-C.g86	32.453	265	136	11	56	317	1922	2146	3.44e-23	104
PfGB4_000013800|DBLa|1|69|464	QE0400-C.g86	23.926	326	200	9	47	346	788	1091	6.67e-13	73.2
PfGB4_000013800|DBLa|1|69|464	QE0400-C.g86	28.502	207	112	7	52	256	2732	2904	3.07e-12	70.9
PfGB4_000013800|DBLa|1|69|464	PV0115-C.g8	100.000	396	0	0	1	396	69	464	0.0	821
PfGB4_000013800|DBLa|1|69|464	PV0115-C.g8	30.333	300	170	8	55	346	2356	2624	1.20e-35	141
PfGB4_000013800|DBLa|1|69|464	PV0115-C.g8	32.432	296	155	7	116	396	1302	1567	1.90e-28	120
PfGB4_000013800|DBLa|1|69|464	PV0115-C.g8	32.453	265	136	11	56	317	1922	2146	3.44e-23	104
PfGB4_000013800|DBLa|1|69|464	PV0115-C.g8	23.926	326	200	9	47	346	788	1091	6.61e-13	73.2
PfGB4_000013800|DBLa|1|69|464	PV0115-C.g8	28.502	207	112	7	52	256	2732	2904	3.13e-12	70.9
PfGB4_000013800|DBLa|1|69|464	PA0148-C.g892	100.000	396	0	0	1	396	69	464	0.0	821
PfGB4_000013800|DBLa|1|69|464	PA0148-C.g892	30.333	300	170	8	55	346	2356	2624	1.21e-35	141
PfGB4_000013800|DBLa|1|69|464	PA0148-C.g892	32.432	296	155	7	116	396	1302	1567	1.95e-28	120
PfGB4_000013800|DBLa|1|69|464	PA0148-C.g892	32.453	265	136	11	56	317	1922	2146	3.44e-23	104
PfGB4_000013800|DBLa|1|69|464	PA0148-C.g892	23.926	326	200	9	47	346	788	1091	6.67e-13	73.2
PfGB4_000013800|DBLa|1|69|464	PA0148-C.g892	28.502	207	112	7	52	256	2732	2904	3.07e-12	70.9
PfGB4_000013800|DBLa|1|69|464	SenT105.07.g354	100.000	396	0	0	1	396	69	464	0.0	821
PfGB4_000013800|DBLa|1|69|464	SenT105.07.g354	30.333	300	170	8	55	346	2356	2624	1.21e-35	141
PfGB4_000013800|DBLa|1|69|464	SenT105.07.g354	32.432	296	155	7	116	396	1302	1567	1.95e-28	120
PfGB4_000013800|DBLa|1|69|464	SenT105.07.g354	32.453	265	136	11	56	317	1922	2146	3.44e-23	104
PfGB4_000013800|DBLa|1|69|464	SenT105.07.g354	23.926	326	200	9	47	346	788	1091	6.67e-13	73.2
PfGB4_000013800|DBLa|1|69|464	SenT105.07.g354	28.502	207	112	7	52	256	2732	2904	3.07e-12	70.9
PfGB4_000013800|CIDRa|1|465|714	PA0237-C.g129	100.000	250	0	0	1	250	465	714	2.52e-168	517
PfGB4_000013800|CIDRa|1|465|714	PV0115-C.g8	100.000	250	0	0	1	250	465	714	5.74e-168	516
PfGB4_000013800|CIDRa|1|465|714	QE0400-C.g86	100.000	250	0	0	1	250	465	714	5.96e-168	516
PfGB4_000013800|CIDRa|1|465|714	PA0148-C.g892	100.000	250	0	0	1	250	465	714	5.96e-168	516
PfGB4_000013800|CIDRa|1|465|714	SenT105.07.g354	100.000	250	0	0	1	250	465	714	5.96e-168	516
PfGB4_000013800|DBLg|1|751|1138	PD0585-C.g246	100.000	388	0	0	1	388	38	425	0.0	796
PfGB4_000013800|DBLg|1|751|1138	PD0585-C.g246	31.926	379	194	11	23	388	1198	1525	1.36e-50	184
PfGB4_000013800|DBLg|1|751|1138	PD0585-C.g246	35.030	334	160	11	46	331	489	813	3.09e-43	163
PfGB4_000013800|DBLg|1|751|1138	PD0585-C.g246	22.419	339	211	11	1	315	1559	1869	1.21e-12	72.0
PfGB4_000013800|DBLg|1|751|1138	PA0237-C.g129	100.000	388	0	0	1	388	751	1138	0.0	795
PfGB4_000013800|DBLg|1|751|1138	PA0237-C.g129	32.425	367	178	10	46	358	1202	1552	8.28e-42	159
PfGB4_000013800|DBLg|1|751|1138	PA0237-C.g129	34.682	346	168	13	49	388	1924	2217	5.18e-40	154
PfGB4_000013800|DBLg|1|751|1138	PA0237-C.g129	22.713	317	179	10	19	316	2330	2599	1.88e-14	77.8
PfGB4_000013800|DBLg|1|751|1138	PA0237-C.g129	26.038	265	128	12	32	287	2719	2924	1.95e-12	71.6
PfGB4_000013800|DBLg|1|751|1138	PA0237-C.g129	23.926	326	200	9	38	341	115	414	2.39e-12	71.2
PfGB4_000013800|DBLg|1|751|1138	PD0564-C.g236	100.000	388	0	0	1	388	752	1139	0.0	795
PfGB4_000013800|DBLg|1|751|1138	PD0564-C.g236	31.926	379	194	11	23	388	1912	2239	1.89e-50	184
PfGB4_000013800|DBLg|1|751|1138	PD0564-C.g236	35.030	334	160	11	46	331	1203	1527	4.42e-43	163
PfGB4_000013800|DBLg|1|751|1138	PD0564-C.g236	22.951	305	198	9	20	315	2307	2583	1.51e-12	72.0
PfGB4_000013800|DBLg|1|751|1138	PD0564-C.g236	26.562	320	170	13	46	336	121	404	6.59e-12	70.1
PfGB4_000013800|DBLg|1|751|1138	PD0496-C.g350	100.000	388	0	0	1	388	752	1139	0.0	795
PfGB4_000013800|DBLg|1|751|1138	PD0496-C.g350	31.926	379	194	11	23	388	1912	2239	1.89e-50	184
PfGB4_000013800|DBLg|1|751|1138	PD0496-C.g350	35.030	334	160	11	46	331	1203	1527	4.42e-43	163
PfGB4_000013800|DBLg|1|751|1138	PD0496-C.g350	22.951	305	198	9	20	315	2307	2583	1.51e-12	72.0
PfGB4_000013800|DBLg|1|751|1138	PD0496-C.g350	26.562	320	170	13	46	336	121	404	6.59e-12	70.1
PfGB4_000013800|DBLg|1|751|1138	PD0494-C.g116	100.000	388	0	0	1	388	748	1135	0.0	795
PfGB4_000013800|DBLg|1|751|1138	PD0494-C.g116	31.233	365	192	10	24	337	1165	1521	4.79e-43	162
PfGB4_000013800|DBLg|1|751|1138	PD0494-C.g116	23.430	414	240	17	8	388	1906	2275	2.93e-14	77.0
PfGB4_000013800|DBLg|1|751|1138	PD0494-C.g116	24.242	330	203	9	30	336	103	408	3.43e-12	70.9
PfGB4_000013800|DBLg|1|751|1138	PD0494-C.g116	23.868	243	132	8	43	282	2327	2519	7.43e-11	66.6
PfGB4_000013800|DBLd|1|1145|1567	PA0237-C.g129	100.000	423	0	0	1	423	1145	1567	0.0	878
PfGB4_000013800|DBLd|1|1145|1567	PA0237-C.g129	34.448	299	137	9	58	340	796	1051	1.25e-42	162
PfGB4_000013800|DBLd|1|1145|1567	PA0237-C.g129	32.770	296	154	8	158	423	184	464	4.52e-28	119
PfGB4_000013800|DBLd|1|1145|1567	PA0237-C.g129	25.714	210	100	7	157	353	1979	2145	2.00e-10	65.5
PfGB4_000013800|DBLd|1|1145|1567	PA0237-C.g129	27.586	145	75	3	150	290	2786	2904	2.11e-09	62.4
PfGB4_000013800|DBLd|1|1145|1567	PA0237-C.g129	20.554	433	217	16	11	415	2322	2655	3.86e-07	55.1
PfGB4_000013800|DBLd|1|1145|1567	PH0059-C.g362	100.000	423	0	0	1	423	449	871	0.0	878
PfGB4_000013800|DBLd|1|1145|1567	PH0059-C.g362	34.448	299	137	9	58	340	100	355	1.08e-42	163
PfGB4_000013800|DBLd|1|1145|1567	PH0059-C.g362	25.714	210	100	7	157	353	1283	1449	2.21e-10	65.5
PfGB4_000013800|DBLd|1|1145|1567	PH0059-C.g362	27.586	145	75	3	150	290	2090	2208	2.00e-09	62.4
PfGB4_000013800|DBLd|1|1145|1567	PH0059-C.g362	20.554	433	217	16	11	415	1626	1959	3.30e-07	55.5
PfGB4_000013800|DBLd|1|1145|1567	QE0400-C.g86	100.000	423	0	0	1	423	1145	1567	0.0	877
PfGB4_000013800|DBLd|1|1145|1567	QE0400-C.g86	34.448	299	137	9	58	340	796	1051	1.10e-42	163
PfGB4_000013800|DBLd|1|1145|1567	QE0400-C.g86	32.432	296	155	7	158	423	184	464	3.82e-28	120
PfGB4_000013800|DBLd|1|1145|1567	QE0400-C.g86	25.714	210	100	7	157	353	1979	2145	2.01e-10	65.5
PfGB4_000013800|DBLd|1|1145|1567	QE0400-C.g86	27.586	145	75	3	150	290	2786	2904	2.08e-09	62.4
PfGB4_000013800|DBLd|1|1145|1567	QE0400-C.g86	20.554	433	217	16	11	415	2322	2655	2.99e-07	55.5
PfGB4_000013800|DBLd|1|1145|1567	PV0115-C.g8	100.000	423	0	0	1	423	1145	1567	0.0	877
PfGB4_000013800|DBLd|1|1145|1567	PV0115-C.g8	34.448	299	137	9	58	340	796	1051	1.18e-42	162
PfGB4_000013800|DBLd|1|1145|1567	PV0115-C.g8	32.770	296	154	8	158	423	184	464	4.15e-28	120
PfGB4_000013800|DBLd|1|1145|1567	PV0115-C.g8	25.714	210	100	7	157	353	1979	2145	2.08e-10	65.5
PfGB4_000013800|DBLd|1|1145|1567	PV0115-C.g8	27.586	145	75	3	150	290	2786	2904	2.05e-09	62.4
PfGB4_000013800|DBLd|1|1145|1567	PV0115-C.g8	20.554	433	217	16	11	415	2322	2655	3.01e-07	55.5
PfGB4_000013800|DBLd|1|1145|1567	PA0148-C.g892	100.000	423	0	0	1	423	1145	1567	0.0	877
PfGB4_000013800|DBLd|1|1145|1567	PA0148-C.g892	34.448	299	137	9	58	340	796	1051	1.10e-42	163
PfGB4_000013800|DBLd|1|1145|1567	PA0148-C.g892	32.432	296	155	7	158	423	184	464	3.82e-28	120
PfGB4_000013800|DBLd|1|1145|1567	PA0148-C.g892	25.714	210	100	7	157	353	1979	2145	2.01e-10	65.5
PfGB4_000013800|DBLd|1|1145|1567	PA0148-C.g892	27.586	145	75	3	150	290	2786	2904	2.08e-09	62.4
PfGB4_000013800|DBLd|1|1145|1567	PA0148-C.g892	20.554	433	217	16	11	415	2322	2655	2.99e-07	55.5
PfGB4_000013800|CIDRg|1|1568|1813	PH0059-C.g362	100.000	246	0	0	1	246	872	1117	3.67e-161	495
PfGB4_000013800|CIDRg|1|1568|1813	PV0246-C.g37	99.593	246	1	0	1	246	462	707	5.09e-161	492
PfGB4_000013800|CIDRg|1|1568|1813	PA0237-C.g129	100.000	246	0	0	1	246	1568	1813	5.77e-161	496
PfGB4_000013800|CIDRg|1|1568|1813	QE0400-C.g86	100.000	246	0	0	1	246	1568	1813	8.62e-161	495
PfGB4_000013800|CIDRg|1|1568|1813	PA0148-C.g892	100.000	246	0	0	1	246	1568	1813	8.62e-161	495
PfGB4_000013800|DBLe|1|1851|2217	PA0237-C.g129	100.000	367	0	0	1	367	1851	2217	0.0	765
PfGB4_000013800|DBLe|1|1851|2217	PA0237-C.g129	34.393	346	169	12	74	367	799	1138	9.94e-35	138
PfGB4_000013800|DBLe|1|1851|2217	PA0237-C.g129	32.075	265	137	11	72	296	124	385	1.02e-19	93.6
PfGB4_000013800|DBLe|1|1851|2217	PA0237-C.g129	28.289	304	177	10	49	327	2337	2624	4.76e-19	91.7
PfGB4_000013800|DBLe|1|1851|2217	PA0237-C.g129	28.326	233	142	7	70	295	2734	2948	8.42e-12	69.3
PfGB4_000013800|DBLe|1|1851|2217	PA0237-C.g129	25.287	261	122	10	127	333	1299	1540	1.43e-07	56.2
PfGB4_000013800|DBLe|1|1851|2217	PV0246-C.g37	100.000	367	0	0	1	367	745	1111	0.0	763
PfGB4_000013800|DBLe|1|1851|2217	PV0246-C.g37	28.289	304	177	10	49	327	1231	1518	4.24e-19	91.7
PfGB4_000013800|DBLe|1|1851|2217	PV0246-C.g37	29.185	233	140	7	70	295	1628	1842	1.86e-12	71.2
PfGB4_000013800|DBLe|1|1851|2217	PV0246-C.g37	25.940	266	129	9	127	333	178	434	1.94e-09	62.0
PfGB4_000013800|DBLe|1|1851|2217	QE0400-C.g86	100.000	367	0	0	1	367	1851	2217	0.0	763
PfGB4_000013800|DBLe|1|1851|2217	QE0400-C.g86	34.393	346	169	12	74	367	799	1138	1.15e-34	137
PfGB4_000013800|DBLe|1|1851|2217	QE0400-C.g86	33.617	235	118	10	97	296	154	385	1.25e-19	93.2
PfGB4_000013800|DBLe|1|1851|2217	QE0400-C.g86	28.289	304	177	10	49	327	2337	2624	4.43e-19	91.7
PfGB4_000013800|DBLe|1|1851|2217	QE0400-C.g86	28.326	233	142	7	70	295	2734	2948	1.04e-11	68.9
PfGB4_000013800|DBLe|1|1851|2217	QE0400-C.g86	26.054	261	120	11	127	333	1299	1540	1.77e-07	55.8
PfGB4_000013800|DBLe|1|1851|2217	PA0148-C.g892	100.000	367	0	0	1	367	1851	2217	0.0	763
PfGB4_000013800|DBLe|1|1851|2217	PA0148-C.g892	34.393	346	169	12	74	367	799	1138	1.15e-34	137
PfGB4_000013800|DBLe|1|1851|2217	PA0148-C.g892	33.617	235	118	10	97	296	154	385	1.25e-19	93.2
PfGB4_000013800|DBLe|1|1851|2217	PA0148-C.g892	28.289	304	177	10	49	327	2337	2624	4.43e-19	91.7
PfGB4_000013800|DBLe|1|1851|2217	PA0148-C.g892	28.326	233	142	7	70	295	2734	2948	1.04e-11	68.9
PfGB4_000013800|DBLe|1|1851|2217	PA0148-C.g892	26.054	261	120	11	127	333	1299	1540	1.77e-07	55.8
PfGB4_000013800|DBLe|1|1851|2217	SenT105.07.g354	100.000	367	0	0	1	367	1851	2217	0.0	763
PfGB4_000013800|DBLe|1|1851|2217	SenT105.07.g354	34.393	346	169	12	74	367	799	1138	1.15e-34	137
PfGB4_000013800|DBLe|1|1851|2217	SenT105.07.g354	33.617	235	118	10	97	296	154	385	1.25e-19	93.2
PfGB4_000013800|DBLe|1|1851|2217	SenT105.07.g354	28.289	304	177	10	49	327	2337	2624	4.43e-19	91.7
PfGB4_000013800|DBLe|1|1851|2217	SenT105.07.g354	28.326	233	142	7	70	295	2734	2948	1.04e-11	68.9
PfGB4_000013800|DBLe|1|1851|2217	SenT105.07.g354	26.054	261	120	11	127	333	1299	1540	1.77e-07	55.8
PfGB4_000013800|DBLz|1|2265|2679	PA0237-C.g129	100.000	415	0	0	1	415	2265	2679	0.0	858
PfGB4_000013800|DBLz|1|2265|2679	PA0237-C.g129	30.333	300	170	8	92	360	123	414	1.16e-29	124
PfGB4_000013800|DBLz|1|2265|2679	PA0237-C.g129	29.167	288	163	10	73	344	1899	2161	6.55e-19	92.0
PfGB4_000013800|DBLz|1|2265|2679	PA0237-C.g129	22.078	308	174	11	66	326	769	1057	4.10e-11	67.8
PfGB4_000013800|DBLz|1|2265|2679	PA0237-C.g129	26.217	267	153	10	89	347	2732	2962	4.64e-10	64.3
PfGB4_000013800|DBLz|1|2265|2679	QE0400-C.g86	100.000	415	0	0	1	415	2265	2679	0.0	856
PfGB4_000013800|DBLz|1|2265|2679	QE0400-C.g86	30.333	300	170	8	92	360	123	414	1.09e-29	124
PfGB4_000013800|DBLz|1|2265|2679	QE0400-C.g86	29.167	288	163	10	73	344	1899	2161	5.28e-19	92.4
PfGB4_000013800|DBLz|1|2265|2679	QE0400-C.g86	22.078	308	174	11	66	326	769	1057	3.96e-11	67.8
PfGB4_000013800|DBLz|1|2265|2679	QE0400-C.g86	26.217	267	153	10	89	347	2732	2962	5.59e-10	64.3
PfGB4_000013800|DBLz|1|2265|2679	PV0115-C.g8	100.000	415	0	0	1	415	2265	2679	0.0	856
PfGB4_000013800|DBLz|1|2265|2679	PV0115-C.g8	30.333	300	170	8	92	360	123	414	1.22e-29	124
PfGB4_000013800|DBLz|1|2265|2679	PV0115-C.g8	29.167	288	163	10	73	344	1899	2161	4.13e-19	92.4
PfGB4_000013800|DBLz|1|2265|2679	PV0115-C.g8	22.078	308	174	11	66	326	769	1057	4.11e-11	67.8
PfGB4_000013800|DBLz|1|2265|2679	PV0115-C.g8	26.217	267	153	10	89	347	2732	2962	5.94e-10	63.9
PfGB4_000013800|DBLz|1|2265|2679	PA0148-C.g892	100.000	415	0	0	1	415	2265	2679	0.0	856
PfGB4_000013800|DBLz|1|2265|2679	PA0148-C.g892	30.333	300	170	8	92	360	123	414	1.09e-29	124
PfGB4_000013800|DBLz|1|2265|2679	PA0148-C.g892	29.167	288	163	10	73	344	1899	2161	5.28e-19	92.4
PfGB4_000013800|DBLz|1|2265|2679	PA0148-C.g892	22.078	308	174	11	66	326	769	1057	3.96e-11	67.8
PfGB4_000013800|DBLz|1|2265|2679	PA0148-C.g892	26.217	267	153	10	89	347	2732	2962	5.59e-10	64.3
PfGB4_000013800|DBLz|1|2265|2679	SenT105.07.g354	100.000	415	0	0	1	415	2265	2679	0.0	856
PfGB4_000013800|DBLz|1|2265|2679	SenT105.07.g354	30.333	300	170	8	92	360	123	414	1.09e-29	124
PfGB4_000013800|DBLz|1|2265|2679	SenT105.07.g354	29.167	288	163	10	73	344	1899	2161	5.28e-19	92.4
PfGB4_000013800|DBLz|1|2265|2679	SenT105.07.g354	22.078	308	174	11	66	326	769	1057	3.96e-11	67.8
PfGB4_000013800|DBLz|1|2265|2679	SenT105.07.g354	26.217	267	153	10	89	347	2732	2962	5.59e-10	64.3
PfGB4_000013800|DBLe|2|2685|3012	PA0237-C.g129	100.000	328	0	0	1	328	2685	3012	0.0	675
PfGB4_000013800|DBLe|2|2685|3012	PA0237-C.g129	26.038	265	128	12	35	240	782	1037	5.07e-13	72.4
PfGB4_000013800|DBLe|2|2685|3012	PA0237-C.g129	28.326	233	142	7	50	264	1920	2145	2.85e-12	70.1
PfGB4_000013800|DBLe|2|2685|3012	PA0237-C.g129	28.497	193	104	7	48	207	120	311	5.99e-11	66.2
PfGB4_000013800|DBLe|2|2685|3012	PA0237-C.g129	26.415	265	151	10	50	278	2355	2611	2.09e-10	64.3
PfGB4_000013800|DBLe|2|2685|3012	PA0237-C.g129	27.068	133	67	3	101	207	1293	1421	8.87e-08	56.2
PfGB4_000013800|DBLe|2|2685|3012	PV0115-C.g8	100.000	328	0	0	1	328	2685	3012	0.0	674
PfGB4_000013800|DBLe|2|2685|3012	PV0115-C.g8	26.038	265	128	12	35	240	782	1037	4.65e-13	72.4
PfGB4_000013800|DBLe|2|2685|3012	PV0115-C.g8	28.326	233	142	7	50	264	1920	2145	2.38e-12	70.5
PfGB4_000013800|DBLe|2|2685|3012	PV0115-C.g8	28.497	193	104	7	48	207	120	311	5.64e-11	66.2
PfGB4_000013800|DBLe|2|2685|3012	PV0115-C.g8	26.415	265	151	10	50	278	2355	2611	1.69e-10	64.7
PfGB4_000013800|DBLe|2|2685|3012	PV0115-C.g8	27.068	133	67	3	101	207	1293	1421	8.98e-08	56.2
PfGB4_000013800|DBLe|2|2685|3012	QE0400-C.g86	100.000	328	0	0	1	328	2685	3012	0.0	674
PfGB4_000013800|DBLe|2|2685|3012	QE0400-C.g86	26.038	265	128	12	35	240	782	1037	4.82e-13	72.4
PfGB4_000013800|DBLe|2|2685|3012	QE0400-C.g86	28.326	233	142	7	50	264	1920	2145	2.49e-12	70.5
PfGB4_000013800|DBLe|2|2685|3012	QE0400-C.g86	28.497	193	104	7	48	207	120	311	5.85e-11	66.2
PfGB4_000013800|DBLe|2|2685|3012	QE0400-C.g86	26.415	265	151	10	50	278	2355	2611	1.71e-10	64.7
PfGB4_000013800|DBLe|2|2685|3012	QE0400-C.g86	27.068	133	67	3	101	207	1293	1421	9.06e-08	56.2
PfGB4_000013800|DBLe|2|2685|3012	PA0221-C.g224	100.000	328	0	0	1	328	2690	3017	0.0	674
PfGB4_000013800|DBLe|2|2685|3012	PA0221-C.g224	24.601	313	177	9	21	274	89	401	1.57e-15	80.1
PfGB4_000013800|DBLe|2|2685|3012	PA0221-C.g224	28.643	199	99	7	47	206	799	993	1.06e-13	74.7
PfGB4_000013800|DBLe|2|2685|3012	PA0221-C.g224	26.415	265	151	10	50	278	2360	2616	1.51e-10	64.7
PfGB4_000013800|DBLe|2|2685|3012	PA0221-C.g224	25.101	247	147	7	49	264	1911	2150	6.16e-09	60.1
PfGB4_000013800|DBLe|2|2685|3012	PA0148-C.g892	100.000	328	0	0	1	328	2685	3012	0.0	674
PfGB4_000013800|DBLe|2|2685|3012	PA0148-C.g892	26.038	265	128	12	35	240	782	1037	4.82e-13	72.4
PfGB4_000013800|DBLe|2|2685|3012	PA0148-C.g892	28.326	233	142	7	50	264	1920	2145	2.49e-12	70.5
PfGB4_000013800|DBLe|2|2685|3012	PA0148-C.g892	28.497	193	104	7	48	207	120	311	5.85e-11	66.2
PfGB4_000013800|DBLe|2|2685|3012	PA0148-C.g892	26.415	265	151	10	50	278	2355	2611	1.71e-10	64.7
PfGB4_000013800|DBLe|2|2685|3012	PA0148-C.g892	27.068	133	67	3	101	207	1293	1421	9.06e-08	56.2
PfGB4_000013800|ATS|1|3046|3471	PV0147-C.g27	89.227	427	44	2	1	426	2912	3337	0.0	781
PfGB4_000013800|ATS|1|3046|3471	PD0507-C.g210	88.525	427	47	2	1	426	3017	3442	0.0	770
PfGB4_000013800|ATS|1|3046|3471	PfKE04.g1	87.383	428	51	3	1	426	3373	3799	0.0	756
PfGB4_000013800|ATS|1|3046|3471	PF0590-C.g183	86.385	426	48	3	1	426	2367	2782	0.0	742
PfGB4_000013800|ATS|1|3046|3471	PV0099-C.g17	85.047	428	61	3	1	426	2971	3397	0.0	739
PfGB4_000015900|NTS|1|1|74	PV0080-C.g45	98.649	74	1	0	1	74	1	74	2.18e-42	147
PfGB4_000015900|NTS|1|1|74	PV0020-C.g53	98.649	74	1	0	1	74	1	74	2.64e-42	147
PfGB4_000015900|NTS|1|1|74	QE0467-C.g222	91.892	74	6	0	1	74	1	74	3.36e-39	138
PfGB4_000015900|NTS|1|1|74	QE0452-C.g293	91.892	74	6	0	1	74	1	74	3.36e-39	138
PfGB4_000015900|NTS|1|1|74	PH0549-C.g481	91.892	74	6	0	1	74	1	74	3.36e-39	138
PfGB4_000015900|DBLa|1|75|467	PV0080-C.g45	99.491	393	2	0	1	393	75	467	0.0	817
PfGB4_000015900|DBLa|1|75|467	QE0467-C.g222	99.491	393	2	0	1	393	75	467	0.0	816
PfGB4_000015900|DBLa|1|75|467	QE0467-C.g222	31.385	325	175	8	48	357	2015	2306	1.60e-40	155
PfGB4_000015900|DBLa|1|75|467	QE0467-C.g222	29.091	385	212	14	49	393	1248	1611	3.17e-29	122
PfGB4_000015900|DBLa|1|75|467	QE0467-C.g222	25.168	298	159	9	53	322	879	1140	1.68e-11	68.6
PfGB4_000015900|DBLa|1|75|467	QE0452-C.g293	99.491	393	2	0	1	393	75	467	0.0	816
PfGB4_000015900|DBLa|1|75|467	QE0452-C.g293	31.385	325	175	8	48	357	2015	2306	1.60e-40	155
PfGB4_000015900|DBLa|1|75|467	QE0452-C.g293	29.091	385	212	14	49	393	1248	1611	3.17e-29	122
PfGB4_000015900|DBLa|1|75|467	QE0452-C.g293	25.168	298	159	9	53	322	879	1140	1.68e-11	68.6
PfGB4_000015900|DBLa|1|75|467	PH0549-C.g481	99.491	393	2	0	1	393	75	467	0.0	816
PfGB4_000015900|DBLa|1|75|467	PH0549-C.g481	31.385	325	175	8	48	357	2015	2306	1.60e-40	155
PfGB4_000015900|DBLa|1|75|467	PH0549-C.g481	29.091	385	212	14	49	393	1248	1611	3.17e-29	122
PfGB4_000015900|DBLa|1|75|467	PH0549-C.g481	25.168	298	159	9	53	322	879	1140	1.68e-11	68.6
PfGB4_000015900|DBLa|1|75|467	PV0020-C.g53	99.491	393	2	0	1	393	75	467	0.0	815
PfGB4_000015900|CIDRd|1|468|724	PV0080-C.g45	92.520	254	19	0	1	254	468	721	1.01e-155	460
PfGB4_000015900|CIDRd|1|468|724	PV0020-C.g53	92.520	254	19	0	1	254	468	721	9.92e-153	462
PfGB4_000015900|CIDRd|1|468|724	QE0467-C.g222	92.520	254	19	0	1	254	468	721	1.59e-149	463
PfGB4_000015900|CIDRd|1|468|724	QE0467-C.g222	31.200	250	170	2	1	250	1612	1859	3.42e-31	124
PfGB4_000015900|CIDRd|1|468|724	QE0452-C.g293	92.520	254	19	0	1	254	468	721	1.59e-149	463
PfGB4_000015900|CIDRd|1|468|724	QE0452-C.g293	31.200	250	170	2	1	250	1612	1859	3.42e-31	124
PfGB4_000015900|CIDRd|1|468|724	PH0549-C.g481	92.520	254	19	0	1	254	468	721	1.59e-149	463
PfGB4_000015900|CIDRd|1|468|724	PH0549-C.g481	31.200	250	170	2	1	250	1612	1859	3.42e-31	124
PfGB4_000015900|DBLg|1|851|1204	PC0056-C.g622	87.571	354	42	1	1	354	583	934	0.0	636
PfGB4_000015900|DBLg|1|851|1204	PC0056-C.g622	38.988	336	156	11	1	293	939	1268	1.87e-54	194
PfGB4_000015900|DBLg|1|851|1204	PC0056-C.g622	23.684	266	148	10	42	284	123	356	2.48e-07	55.1
PfGB4_000015900|DBLg|1|851|1204	PC0113-C.g594	82.486	354	61	1	1	354	852	1204	0.0	592
PfGB4_000015900|DBLg|1|851|1204	PC0113-C.g594	38.123	341	157	14	1	294	1209	1542	6.24e-48	176
PfGB4_000015900|DBLg|1|851|1204	PT0242-Cx.g302	77.374	358	73	3	1	354	858	1211	0.0	560
PfGB4_000015900|DBLg|1|851|1204	PT0242-Cx.g302	35.979	378	195	9	1	333	1216	1591	2.45e-59	209
PfGB4_000015900|DBLg|1|851|1204	PT0242-Cx.g302	24.375	320	178	11	36	313	118	415	2.05e-11	67.8
PfGB4_000015900|DBLg|1|851|1204	PM0077-C.g2483	75.989	354	80	2	1	354	9	357	0.0	553
PfGB4_000015900|DBLg|1|851|1204	PM0077-C.g2483	31.361	338	165	8	44	317	440	774	3.33e-34	135
PfGB4_000015900|DBLg|1|851|1204	PH0643-C.g942	75.424	354	85	2	1	354	1010	1361	1.91e-177	540
PfGB4_000015900|DBLg|1|851|1204	PH0643-C.g942	28.667	450	195	18	1	331	1428	1870	3.78e-29	121
PfGB4_000015900|DBLg|1|851|1204	PH0643-C.g942	23.592	284	159	8	37	292	551	804	1.20e-09	62.4
PfGB4_000015900|DBLd|1|1209|1645	PM0063-C.g332	93.151	438	27	3	1	437	1295	1730	0.0	835
PfGB4_000015900|DBLd|1|1209|1645	PM0063-C.g332	34.018	341	139	14	31	371	977	1231	7.36e-40	155
PfGB4_000015900|DBLd|1|1209|1645	PM0063-C.g332	23.450	371	191	12	48	413	476	758	3.51e-11	68.2
PfGB4_000015900|DBLd|1|1209|1645	PF0298-C.g444	93.151	438	27	3	1	437	1167	1602	0.0	835
PfGB4_000015900|DBLd|1|1209|1645	PF0298-C.g444	34.604	341	136	13	31	371	850	1103	3.12e-42	162
PfGB4_000015900|DBLd|1|1209|1645	PF0298-C.g444	23.877	423	234	13	31	437	110	460	1.24e-18	91.3
PfGB4_000015900|DBLd|1|1209|1645	PT0215-Cx.g65	92.938	439	21	5	1	437	399	829	0.0	827
PfGB4_000015900|DBLd|1|1209|1645	PT0215-Cx.g65	31.016	374	181	9	1	371	36	335	5.94e-43	164
PfGB4_000015900|DBLd|1|1209|1645	PT0137-C.g253	51.893	449	188	13	1	437	2138	2570	3.70e-129	414
PfGB4_000015900|DBLd|1|1209|1645	PT0137-C.g253	31.635	373	180	11	1	373	1624	1921	2.15e-43	165
PfGB4_000015900|DBLd|1|1209|1645	PT0137-C.g253	28.729	362	179	11	8	365	1253	1539	1.64e-27	118
PfGB4_000015900|DBLd|1|1209|1645	PT0137-C.g253	22.449	392	209	11	4	370	78	399	1.26e-13	75.9
PfGB4_000015900|DBLd|1|1209|1645	PM0054-C.g1395	53.708	445	186	11	1	437	1201	1633	9.23e-128	409
PfGB4_000015900|DBLd|1|1209|1645	PM0054-C.g1395	30.864	324	159	8	49	372	880	1138	2.86e-39	153
PfGB4_000015900|DBLd|1|1209|1645	PM0054-C.g1395	27.187	423	198	12	1	418	2413	2730	9.45e-37	145
PfGB4_000015900|DBLd|1|1209|1645	PM0054-C.g1395	24.485	437	224	20	32	437	111	472	7.56e-17	85.9
PfGB4_000015900|CIDRb|1|1646|1900	PT0215-Cx.g65	100.000	255	0	0	1	255	830	1084	9.93e-177	520
PfGB4_000015900|CIDRb|1|1646|1900	PF0298-C.g444	100.000	255	0	0	1	255	1603	1857	1.34e-170	520
PfGB4_000015900|CIDRb|1|1646|1900	PF0298-C.g444	37.255	255	146	8	3	250	463	710	9.82e-38	142
PfGB4_000015900|CIDRb|1|1646|1900	PM0063-C.g332	100.000	255	0	0	1	255	1731	1985	2.58e-170	520
PfGB4_000015900|CIDRb|1|1646|1900	PM0063-C.g332	31.538	260	161	7	5	255	86	337	2.27e-20	92.4
PfGB4_000015900|CIDRb|1|1646|1900	QE0472-C.g648	87.843	255	31	0	1	255	1333	1587	1.60e-139	431
PfGB4_000015900|CIDRb|1|1646|1900	QG0277-C.g146	84.556	259	34	3	1	255	2087	2343	1.08e-138	432
PfGB4_000015900|ATS|1|2091|2507	PC0107-C.g190	79.118	431	69	9	1	417	2706	3129	0.0	660
PfGB4_000015900|ATS|1|2091|2507	PfKE03.g3	77.778	423	83	7	1	417	2760	3177	0.0	619
PfGB4_000015900|ATS|1|2091|2507	PD0569-C.g128	74.208	442	84	8	1	417	2498	2934	0.0	607
PfGB4_000015900|ATS|1|2091|2507	PA0034-C.g467	75.406	431	86	8	3	417	886	1312	0.0	605
PfGB4_000015900|ATS|1|2091|2507	PFKE12.g2	72.248	436	96	10	1	417	2688	3117	0.0	594
PfGB4_000016100|NTS|1|1|66	PH0305-C.g309	96.970	66	2	0	1	66	1	66	1.86e-37	133
PfGB4_000016100|NTS|1|1|66	PT0101-C.g606	89.706	68	5	1	1	66	1	68	4.46e-33	120
PfGB4_000016100|NTS|1|1|66	PA0232-C.g762	92.727	55	4	0	12	66	12	66	3.74e-27	103
PfGB4_000016100|NTS|1|1|66	PC0053-C.g684	75.758	66	13	1	1	66	1	63	7.54e-27	103
PfGB4_000016100|NTS|1|1|66	PF0207-C.g458	75.758	66	13	1	1	66	1	63	8.64e-27	102
PfGB4_000016100|DBLa|1|67|500	PH0305-C.g309	92.466	438	29	3	1	434	67	504	0.0	801
PfGB4_000016100|DBLa|1|67|500	PH0305-C.g309	30.000	260	138	9	188	434	1021	1249	4.84e-21	98.6
PfGB4_000016100|DBLa|1|67|500	PH0305-C.g309	29.961	257	130	9	44	290	1643	1859	7.16e-20	95.1
PfGB4_000016100|DBLa|1|67|500	PM0063-C.g621	73.516	438	108	6	1	434	72	505	0.0	640
PfGB4_000016100|DBLa|1|67|500	PM0063-C.g621	25.145	346	186	15	131	434	1071	1385	4.46e-15	80.1
PfGB4_000016100|DBLa|1|67|500	PA0148-C.g893	73.804	439	99	9	1	434	64	491	0.0	625
PfGB4_000016100|DBLa|1|67|500	PA0148-C.g893	29.236	301	175	10	151	434	1020	1299	1.48e-22	103
PfGB4_000016100|DBLa|1|67|500	PA0200-C.g240	70.628	446	114	7	1	434	70	510	0.0	615
PfGB4_000016100|DBLa|1|67|500	PA0200-C.g240	27.794	349	199	12	28	374	1761	2058	4.48e-27	117
PfGB4_000016100|DBLa|1|67|500	PA0200-C.g240	30.108	279	158	11	160	434	1153	1398	7.62e-15	79.7
PfGB4_000016100|DBLa|1|67|500	PA0200-C.g240	21.923	260	133	7	49	308	2172	2361	4.77e-09	61.2
PfGB4_000016100|DBLa|1|67|500	PH0599-C.g669	70.246	447	108	8	1	434	68	502	0.0	613
PfGB4_000016100|DBLa|1|67|500	PH0599-C.g669	27.900	319	164	11	120	434	950	1206	3.88e-25	111
PfGB4_000016100|CIDRa|1|501|749	PH0305-C.g309	98.387	248	4	0	1	248	505	752	5.90e-162	498
PfGB4_000016100|CIDRa|1|501|749	PH0305-C.g309	29.630	135	83	3	38	169	1290	1415	6.24e-11	64.3
PfGB4_000016100|CIDRa|1|501|749	PC0063-C.g7814	75.299	251	59	1	1	248	505	755	1.46e-118	373
PfGB4_000016100|CIDRa|1|501|749	PC0058-C.g733	73.413	252	64	1	1	249	505	756	4.94e-118	371
PfGB4_000016100|CIDRa|1|501|749	PC0071-C.g567	70.204	245	70	1	1	242	493	737	2.04e-108	345
PfGB4_000016100|CIDRa|1|501|749	PFKE09.g350	70.204	245	70	1	1	242	493	737	7.68e-108	343
PfGB4_000016100|DBLd|1|837|1367	PF0449-C.g771	52.952	542	179	9	1	531	887	1363	1.82e-169	525
PfGB4_000016100|DBLd|1|837|1367	PF0449-C.g771	27.273	363	191	14	203	531	180	503	2.40e-20	97.8
PfGB4_000016100|DBLd|1|837|1367	QE0472-C.g1048	50.998	551	202	14	1	531	515	1017	7.98e-165	505
PfGB4_000016100|DBLd|1|837|1367	QE0472-C.g1048	32.105	190	111	7	357	531	1	187	3.69e-17	87.8
PfGB4_000016100|DBLd|1|837|1367	PA0184-C.g669	51.792	558	176	18	1	531	823	1314	1.77e-160	499
PfGB4_000016100|DBLd|1|837|1367	PA0184-C.g669	31.835	267	135	12	281	531	251	486	1.33e-18	92.4
PfGB4_000016100|DBLd|1|837|1367	PT0117-C.g1068	52.076	578	187	18	13	531	914	1460	3.57e-156	490
PfGB4_000016100|DBLd|1|837|1367	PT0117-C.g1068	25.857	321	162	11	201	497	176	444	6.66e-16	84.0
PfGB4_000016100|DBLd|1|837|1367	PA0056-C.g317	53.927	573	185	21	1	531	896	1431	6.50e-154	483
PfGB4_000016100|DBLd|1|837|1367	PA0056-C.g317	33.333	114	74	1	356	469	294	405	5.97e-09	61.6
PfGB4_000016100|CIDRb|1|1368|1621	PA0245-C.g922	81.048	248	44	2	1	246	1433	1679	3.07e-127	398
PfGB4_000016100|CIDRb|1|1368|1621	PT0041-C.g399	72.332	253	66	3	1	252	1338	1587	8.31e-112	355
PfGB4_000016100|CIDRb|1|1368|1621	PM0144-C.g598	71.094	256	61	6	1	253	1175	1420	4.60e-106	338
PfGB4_000016100|CIDRb|1|1368|1621	PF0449-C.g771	68.254	252	78	2	1	252	1364	1613	1.12e-105	337
PfGB4_000016100|CIDRb|1|1368|1621	PA0246-C.g417	69.106	246	54	6	3	237	1434	1668	4.84e-95	307
PfGB4_000016100|ATS|1|1734|2194	PA0245-C.g998	80.860	465	78	5	1	461	1706	2163	0.0	732
PfGB4_000016100|ATS|1|1734|2194	PV0211-C.g126	76.998	513	58	6	1	461	841	1345	0.0	721
PfGB4_000016100|ATS|1|1734|2194	PV0147-C.g7	79.826	461	71	8	1	461	1761	2199	0.0	696
PfGB4_000016100|ATS|1|1734|2194	PV0028-C.g50	76.645	471	85	7	1	461	2600	3055	0.0	676
PfGB4_000016100|ATS|1|1734|2194	PFKE09.g563	77.922	462	81	8	1	461	775	1216	0.0	675
PfGB4_000016600|NTS|1|1|74	SenT030.11.g73	70.690	58	17	0	17	74	25	82	6.63e-21	86.7
PfGB4_000016600|NTS|1|1|74	PA0220-C.g1380	77.778	54	12	0	11	64	3	56	8.50e-21	86.3
PfGB4_000016600|NTS|1|1|74	PM0049-C.g405	76.923	52	12	0	11	62	4	55	8.74e-20	83.2
PfGB4_000016600|NTS|1|1|74	SenT113.09.g789	71.667	60	14	1	18	74	12	71	1.03e-19	83.2
PfGB4_000016600|NTS|1|1|74	PT0005-CW.g172	71.667	60	14	1	18	74	12	71	1.29e-19	82.8
PfGB4_000016600|DBLa|1|75|515	PA0237-C.g679	67.991	453	124	11	1	441	61	504	0.0	590
PfGB4_000016600|DBLa|1|75|515	PA0237-C.g679	23.427	286	180	6	90	345	1037	1313	1.24e-14	79.0
PfGB4_000016600|DBLa|1|75|515	QG0268-C.g2698	68.764	445	119	10	1	441	68	496	0.0	588
PfGB4_000016600|DBLa|1|75|515	QG0268-C.g2698	33.110	299	141	10	51	337	929	1180	1.32e-32	133
PfGB4_000016600|DBLa|1|75|515	PH0991-C.g675	64.889	450	143	8	1	441	78	521	0.0	585
PfGB4_000016600|DBLa|1|75|515	PH0991-C.g675	22.143	280	167	8	103	343	1025	1292	9.01e-11	66.6
PfGB4_000016600|DBLa|1|75|515	PH0915-C.g654	64.889	450	143	8	1	441	78	521	0.0	585
PfGB4_000016600|DBLa|1|75|515	PH0915-C.g654	22.143	280	167	8	103	343	1025	1292	9.01e-11	66.6
PfGB4_000016600|DBLa|1|75|515	PD0648-C.g1833	66.592	446	127	7	1	441	61	489	0.0	579
PfGB4_000016600|DBLa|1|75|515	PD0648-C.g1833	31.429	350	164	13	5	330	822	1119	1.16e-35	142
PfGB4_000016600|CIDRa|1|516|806	PD0555-C.g483	80.137	292	53	4	1	291	522	809	2.79e-144	450
PfGB4_000016600|CIDRa|1|516|806	PC0097-C.g84	74.564	287	59	5	1	285	507	781	1.03e-136	416
PfGB4_000016600|CIDRa|1|516|806	PA0089-C.g357	77.397	292	58	4	1	286	513	802	3.26e-133	416
PfGB4_000016600|CIDRa|1|516|806	QG0261-C.g710	74.386	285	63	4	1	285	508	782	4.65e-133	414
PfGB4_000016600|CIDRa|1|516|806	QG0261-C.g710	34.091	88	56	2	104	191	1452	1537	2.59e-08	57.4
PfGB4_000016600|CIDRa|1|516|806	SenT105.07.g64	78.073	301	44	8	1	291	497	785	1.58e-127	402
PfGB4_000016600|DBLb|1|815|1275	SenT233.08.g135	96.095	461	17	1	1	461	792	1251	0.0	924
PfGB4_000016600|DBLb|1|815|1275	SenT233.08.g135	28.146	437	240	18	9	384	18	441	2.40e-29	124
PfGB4_000016600|DBLb|1|815|1275	PM0103-C.g188	92.842	461	31	2	1	461	793	1251	0.0	879
PfGB4_000016600|DBLb|1|815|1275	PM0103-C.g188	28.082	438	240	18	9	384	18	442	2.56e-29	124
PfGB4_000016600|DBLb|1|815|1275	SenT140.11.g706	59.175	485	164	14	1	461	788	1262	2.72e-175	532
PfGB4_000016600|DBLb|1|815|1275	SenT140.11.g706	29.451	455	217	20	11	381	23	457	1.97e-30	127
PfGB4_000016600|DBLb|1|815|1275	SenT097.11.g641	59.175	485	164	14	1	461	788	1262	2.79e-175	532
PfGB4_000016600|DBLb|1|815|1275	SenT097.11.g641	29.451	455	217	20	11	381	23	457	1.92e-30	127
PfGB4_000016600|DBLb|1|815|1275	PF0113-C.g608	58.030	467	174	9	1	461	789	1239	1.82e-170	533
PfGB4_000016600|DBLb|1|815|1275	PF0113-C.g608	33.079	393	203	13	6	357	2122	2495	1.36e-47	178
PfGB4_000016600|DBLb|1|815|1275	PF0113-C.g608	29.321	324	175	11	12	302	20	322	1.94e-28	121
PfGB4_000016600|DBLb|1|815|1275	PF0113-C.g608	28.740	254	140	8	104	349	2610	2830	8.30e-22	101
PfGB4_000016600|DBLg|1|1323|1659	PH0589-C.g238	81.306	337	56	2	1	337	1227	1556	3.70e-176	541
PfGB4_000016600|DBLg|1|1323|1659	PH0589-C.g238	32.877	292	139	7	33	269	1648	1937	2.92e-39	150
PfGB4_000016600|DBLg|1|1323|1659	PH0589-C.g238	25.177	282	155	7	39	267	113	391	7.90e-17	84.0
PfGB4_000016600|DBLg|1|1323|1659	PH0589-C.g238	26.255	259	144	11	44	268	846	1091	1.07e-14	77.8
PfGB4_000016600|DBLg|1|1323|1659	QG0298-C.g1028	79.532	342	64	3	1	337	704	1044	2.89e-170	521
PfGB4_000016600|DBLg|1|1323|1659	QG0298-C.g1028	30.693	202	85	7	33	179	1134	1335	3.55e-14	76.3
PfGB4_000016600|DBLg|1|1323|1659	QG0298-C.g1028	25.954	262	146	9	44	267	326	577	1.48e-12	71.2
PfGB4_000016600|DBLg|1|1323|1659	QG0246-C.g3051	79.532	342	64	3	1	337	1229	1569	1.31e-168	521
PfGB4_000016600|DBLg|1|1323|1659	QG0246-C.g3051	24.643	280	164	9	36	273	115	389	5.63e-15	78.6
PfGB4_000016600|DBLg|1|1323|1659	QG0246-C.g3051	30.693	202	85	7	33	179	1659	1860	3.59e-14	76.3
PfGB4_000016600|DBLg|1|1323|1659	QG0246-C.g3051	25.191	262	148	9	44	267	851	1102	4.76e-12	69.7
PfGB4_000016600|DBLg|1|1323|1659	PT0042-C.g156	71.637	342	91	3	1	337	1389	1729	1.35e-156	488
PfGB4_000016600|DBLg|1|1323|1659	PT0042-C.g156	24.528	371	141	6	43	274	1841	2211	7.91e-22	99.0
PfGB4_000016600|DBLg|1|1323|1659	PT0042-C.g156	26.599	297	146	12	41	269	129	421	5.83e-15	78.6
PfGB4_000016600|DBLg|1|1323|1659	PT0042-C.g156	26.749	243	131	11	44	253	969	1197	5.69e-12	69.3
PfGB4_000016600|DBLg|1|1323|1659	PA0085-C.g169	73.392	342	85	3	1	337	1212	1552	1.86e-156	487
PfGB4_000016600|DBLg|1|1323|1659	PA0085-C.g169	32.132	333	157	9	1	267	1596	1925	4.36e-38	146
PfGB4_000016600|DBLg|1|1323|1659	PA0085-C.g169	29.966	297	155	14	15	276	806	1084	3.59e-17	85.1
PfGB4_000016600|DBLg|1|1323|1659	PA0085-C.g169	25.784	287	149	9	41	273	116	392	4.56e-11	66.6
PfGB4_000016600|DBLd|1|1695|2230	PT0144-C.g822	58.640	544	143	15	1	536	1332	1801	1.95e-179	558
PfGB4_000016600|DBLd|1|1695|2230	PT0144-C.g822	23.077	325	173	9	242	536	221	498	1.40e-10	67.0
PfGB4_000016600|DBLd|1|1695|2230	PM0114-C.g616	49.553	559	210	20	1	536	582	1091	7.18e-153	476
PfGB4_000016600|DBLd|1|1695|2230	QG0205-C.g769	54.644	463	170	13	94	536	928	1370	2.41e-145	460
PfGB4_000016600|DBLd|1|1695|2230	QG0205-C.g769	26.578	301	136	14	271	536	257	507	6.19e-14	77.4
PfGB4_000016600|DBLd|1|1695|2230	PC0053-C.g111	47.099	586	204	14	1	536	2094	2623	1.65e-144	462
PfGB4_000016600|DBLd|1|1695|2230	PC0053-C.g111	26.287	369	146	13	98	462	1243	1489	2.62e-24	110
PfGB4_000016600|DBLd|1|1695|2230	PC0053-C.g111	23.219	379	172	13	99	476	1626	1886	6.68e-16	84.0
PfGB4_000016600|DBLd|1|1695|2230	PC0053-C.g111	23.478	345	192	14	205	536	182	467	3.58e-11	68.9
PfGB4_000016600|DBLd|1|1695|2230	PF0782-C.g877	50.000	550	180	16	1	536	2097	2565	2.71e-141	453
PfGB4_000016600|DBLd|1|1695|2230	PF0782-C.g877	27.644	416	188	14	53	466	1232	1536	3.94e-32	134
PfGB4_000016600|DBLd|1|1695|2230	PF0782-C.g877	26.854	391	159	13	82	468	1765	2032	3.27e-26	116
PfGB4_000016600|DBLd|1|1695|2230	PF0782-C.g877	22.609	345	191	11	208	536	191	475	7.27e-12	70.9
PfGB4_000016600|CIDRb|1|2231|2483	PT0144-C.g822	76.245	261	54	3	1	253	1802	2062	2.98e-124	390
PfGB4_000016600|CIDRb|1|2231|2483	QG0205-C.g769	74.206	252	57	3	1	245	1371	1621	1.19e-113	360
PfGB4_000016600|CIDRb|1|2231|2483	PC0053-C.g111	71.264	261	67	3	1	253	2624	2884	2.48e-110	351
PfGB4_000016600|CIDRb|1|2231|2483	PM0133-C.g521	68.504	254	73	3	1	253	1425	1672	4.31e-102	327
PfGB4_000016600|CIDRb|1|2231|2483	PT0014-CW.g196	64.453	256	83	3	1	253	1346	1596	7.13e-102	326
PfGB4_000016600|ATS|1|2594|3055	PA0245-C.g998	81.720	465	75	6	1	462	1706	2163	0.0	747
PfGB4_000016600|ATS|1|2594|3055	PV0211-C.g126	76.863	510	65	6	1	462	841	1345	0.0	721
PfGB4_000016600|ATS|1|2594|3055	PFKE09.g563	81.818	462	64	8	1	462	775	1216	0.0	717
PfGB4_000016600|ATS|1|2594|3055	QE0475-C.g596	81.585	467	75	5	1	462	1737	2197	0.0	707
PfGB4_000016600|ATS|1|2594|3055	PV0134-C.g25	76.119	469	78	9	2	462	2381	2823	0.0	691
PfGB4_000018300|NTS|1|1|66	PT0034-C.g711	84.000	50	8	0	4	53	11	60	1.58e-20	85.1
PfGB4_000018300|NTS|1|1|66	PA0087-C.g106	63.636	66	22	1	1	66	1	64	1.75e-18	79.3
PfGB4_000018300|NTS|1|1|66	PM0018-C.g1094	70.312	64	16	2	3	66	5	65	4.75e-18	77.8
PfGB4_000018300|NTS|1|1|66	SenT097.09.g789	71.154	52	15	0	15	66	14	65	1.57e-17	76.6
PfGB4_000018300|NTS|1|1|66	PA0081-C.g284	60.938	64	24	1	2	65	4	66	3.95e-17	75.5
PfGB4_000018300|DBLa|1|67|489	PM0054-C.g1099	65.385	442	127	11	1	423	73	507	0.0	547
PfGB4_000018300|DBLa|1|67|489	PM0054-C.g1099	37.209	215	103	9	53	265	920	1104	3.44e-27	117
PfGB4_000018300|DBLa|1|67|489	PM0060-C.g746	68.106	417	111	8	18	423	85	490	1.24e-179	548
PfGB4_000018300|DBLa|1|67|489	PM0060-C.g746	25.110	227	126	5	148	331	1102	1327	1.56e-08	59.7
PfGB4_000018300|DBLa|1|67|489	PM0098-C.g543	66.364	440	115	12	10	423	92	524	2.74e-179	554
PfGB4_000018300|DBLa|1|67|489	PM0098-C.g543	32.500	280	147	10	18	284	918	1168	1.10e-30	127
PfGB4_000018300|DBLa|1|67|489	PM0098-C.g543	29.319	191	96	6	176	329	1674	1862	2.87e-13	74.7
PfGB4_000018300|DBLa|1|67|489	PT0109-C.g508	66.364	440	115	12	10	423	88	520	2.95e-179	553
PfGB4_000018300|DBLa|1|67|489	PT0109-C.g508	32.967	273	141	10	18	277	914	1157	1.47e-30	127
PfGB4_000018300|DBLa|1|67|489	PT0109-C.g508	26.006	323	164	10	149	423	1622	1917	1.56e-12	72.4
PfGB4_000018300|DBLa|1|67|489	QG0268-C.g2698	65.661	431	127	11	5	423	75	496	7.63e-179	538
PfGB4_000018300|DBLa|1|67|489	QG0268-C.g2698	35.739	291	138	12	48	328	929	1180	4.98e-34	137
PfGB4_000018300|CIDRa|1|490|801	QG0285-C.g7451	99.038	312	3	0	1	312	287	598	0.0	645
PfGB4_000018300|CIDRa|1|490|801	PF0190-C.g352	80.851	329	31	5	1	312	522	835	6.20e-169	516
PfGB4_000018300|CIDRa|1|490|801	PA0078-C.g606	78.019	323	47	3	1	311	508	818	2.18e-162	483
PfGB4_000018300|CIDRa|1|490|801	QG0246-C.g3545	79.814	322	40	3	1	309	487	796	4.68e-162	496
PfGB4_000018300|CIDRa|1|490|801	PA0253-C.g542	78.816	321	44	3	1	309	508	816	3.18e-158	485
PfGB4_000018300|DBLb|1|808|1264	QG0226-C.g3005	90.239	461	41	3	1	457	755	1215	0.0	833
PfGB4_000018300|DBLb|1|808|1264	QG0226-C.g3005	30.060	336	183	13	12	310	13	333	4.93e-26	114
PfGB4_000018300|DBLb|1|808|1264	PD0548-C.g506	83.691	466	65	5	1	457	755	1218	0.0	772
PfGB4_000018300|DBLb|1|808|1264	PD0548-C.g506	30.721	319	177	11	12	297	13	320	8.21e-30	125
PfGB4_000018300|DBLb|1|808|1264	PD0513-C.g393	83.691	466	65	5	1	457	755	1218	0.0	772
PfGB4_000018300|DBLb|1|808|1264	PD0513-C.g393	30.721	319	177	11	12	297	13	320	8.21e-30	125
PfGB4_000018300|DBLb|1|808|1264	PA0262-C.g334	69.362	470	125	9	1	457	826	1289	0.0	664
PfGB4_000018300|DBLb|1|808|1264	PA0262-C.g334	35.321	218	104	7	107	297	133	340	1.14e-27	119
PfGB4_000018300|DBLb|1|808|1264	PM0073-C.g910	68.017	469	121	8	1	457	810	1261	0.0	649
PfGB4_000018300|DBLb|1|808|1264	PM0073-C.g910	35.294	221	108	8	107	299	128	341	9.51e-27	116
PfGB4_000018300|DBLb|1|808|1264	PM0073-C.g910	26.073	303	178	11	90	371	1339	1616	6.76e-18	89.4
PfGB4_000018300|DBLd|1|1334|1850	PA0157-C.g66	54.679	545	187	16	1	517	280	792	3.13e-174	524
PfGB4_000018300|DBLd|1|1334|1850	PA0021-C.g100	52.886	537	214	16	1	517	86	603	2.83e-165	496
PfGB4_000018300|DBLd|1|1334|1850	QG0256-C.g3302	51.423	562	216	18	1	517	334	883	1.97e-161	493
PfGB4_000018300|DBLd|1|1334|1850	PD0496-C.g826	50.645	543	205	12	1	517	833	1338	1.25e-160	500
PfGB4_000018300|DBLd|1|1334|1850	PD0496-C.g826	25.672	335	202	9	200	517	182	486	1.58e-14	79.3
PfGB4_000018300|DBLd|1|1334|1850	PF0417-C.g481	53.172	536	177	17	1	517	555	1035	8.28e-160	492
PfGB4_000018300|CIDRg|1|1851|2119	PA0267-C.g737	84.528	265	35	4	1	264	1365	1624	2.21e-140	434
PfGB4_000018300|CIDRg|1|1851|2119	PA0017-C.g37	84.170	259	33	5	1	255	738	992	7.91e-138	414
PfGB4_000018300|CIDRg|1|1851|2119	QG0186-C.g637	83.521	267	36	5	1	263	1390	1652	3.56e-137	426
PfGB4_000018300|CIDRg|1|1851|2119	QG0271-C.g865	82.117	274	40	6	1	269	1336	1605	6.14e-137	425
PfGB4_000018300|CIDRg|1|1851|2119	QG0269-C.g663	82.117	274	40	6	1	269	1336	1605	6.14e-137	425
PfGB4_000018300|ATS|1|2234|2714	PV0139-C.g46	77.386	482	58	9	1	481	2378	2809	0.0	664
PfGB4_000018300|ATS|1|2234|2714	PV0028-C.g50	74.797	492	75	13	2	481	2601	3055	0.0	662
PfGB4_000018300|ATS|1|2234|2714	PV0134-C.g25	72.857	490	78	11	1	481	2380	2823	0.0	655
PfGB4_000018300|ATS|1|2234|2714	PT0034-C.g724	75.242	517	79	10	2	481	2852	3356	0.0	652
PfGB4_000018300|ATS|1|2234|2714	QE0395-C.g30	78.468	483	61	8	2	481	892	1334	0.0	646
PfGB4_000018400|NTS|1|1|76	QG0280-C.g278	100.000	76	0	0	1	76	1	76	4.28e-44	152
PfGB4_000018400|NTS|1|1|76	QG0291-C.g1504	100.000	76	0	0	1	76	1	76	5.15e-44	152
PfGB4_000018400|NTS|1|1|76	PA0008-C.g58	100.000	76	0	0	1	76	1	76	7.66e-44	152
PfGB4_000018400|NTS|1|1|76	PM0062-C.g135	98.684	76	1	0	1	76	1	76	4.14e-43	149
PfGB4_000018400|NTS|1|1|76	PA0251-C.g752	97.368	76	2	0	1	76	1	76	4.22e-42	147
PfGB4_000018400|DBLa|1|77|467	QG0280-C.g278	100.000	391	0	0	1	391	77	467	0.0	821
PfGB4_000018400|DBLa|1|77|467	QG0280-C.g278	33.742	326	159	13	57	364	840	1126	1.73e-37	146
PfGB4_000018400|DBLa|1|77|467	QG0280-C.g278	23.358	274	157	7	53	314	1245	1477	1.01e-14	78.6
PfGB4_000018400|DBLa|1|77|467	QG0280-C.g278	22.086	326	193	8	29	328	2116	2406	1.57e-14	78.2
PfGB4_000018400|DBLa|1|77|467	QG0280-C.g278	24.151	265	157	10	53	299	1619	1857	1.81e-09	62.4
PfGB4_000018400|DBLa|1|77|467	PA0008-C.g58	98.465	391	6	0	1	391	77	467	0.0	812
PfGB4_000018400|DBLa|1|77|467	PA0008-C.g58	30.793	328	172	11	20	325	807	1101	4.48e-32	130
PfGB4_000018400|DBLa|1|77|467	PA0008-C.g58	24.684	316	180	9	53	352	1291	1564	7.82e-17	85.1
PfGB4_000018400|DBLa|1|77|467	PA0008-C.g58	23.746	299	171	11	41	320	1655	1915	2.35e-12	71.2
PfGB4_000018400|DBLa|1|77|467	PA0008-C.g58	21.918	438	233	15	48	391	2267	2689	2.89e-12	71.2
PfGB4_000018400|DBLa|1|77|467	QG0291-C.g1504	98.465	391	6	0	1	391	77	467	0.0	810
PfGB4_000018400|DBLa|1|77|467	QG0291-C.g1504	32.131	305	158	11	57	342	845	1119	1.05e-38	150
PfGB4_000018400|DBLa|1|77|467	QG0291-C.g1504	24.684	316	180	9	53	352	1246	1519	5.95e-16	82.4
PfGB4_000018400|DBLa|1|77|467	QG0291-C.g1504	34.595	185	105	9	213	391	2485	2659	2.11e-15	80.9
PfGB4_000018400|DBLa|1|77|467	QG0291-C.g1504	23.607	305	192	12	57	342	1622	1904	2.58e-10	65.1
PfGB4_000018400|DBLa|1|77|467	QE0438-C.g429	96.684	392	12	1	1	391	80	471	0.0	797
PfGB4_000018400|DBLa|1|77|467	QE0438-C.g429	30.793	328	172	11	20	325	811	1105	2.89e-32	131
PfGB4_000018400|DBLa|1|77|467	QE0438-C.g429	24.818	274	153	7	53	314	1288	1520	2.10e-17	87.0
PfGB4_000018400|DBLa|1|77|467	QE0438-C.g429	22.654	309	188	9	53	341	1665	1942	3.15e-12	70.9
PfGB4_000018400|DBLa|1|77|467	QE0399-C.g295	96.684	392	12	1	1	391	80	471	0.0	797
PfGB4_000018400|DBLa|1|77|467	QE0399-C.g295	30.793	328	172	11	20	325	811	1105	2.89e-32	131
PfGB4_000018400|DBLa|1|77|467	QE0399-C.g295	24.818	274	153	7	53	314	1288	1520	2.10e-17	87.0
PfGB4_000018400|DBLa|1|77|467	QE0399-C.g295	22.654	309	188	9	53	341	1665	1942	3.15e-12	70.9
PfGB4_000018400|CIDRa|1|468|719	QG0280-C.g278	100.000	252	0	0	1	252	468	719	1.02e-170	523
PfGB4_000018400|CIDRa|1|468|719	QG0291-C.g1504	94.444	252	14	0	1	252	468	719	3.51e-160	494
PfGB4_000018400|CIDRa|1|468|719	QG0291-C.g1504	28.571	168	91	4	100	252	2754	2907	8.51e-11	64.3
PfGB4_000018400|CIDRa|1|468|719	PA0008-C.g58	90.514	253	23	1	1	252	468	720	1.10e-151	469
PfGB4_000018400|CIDRa|1|468|719	PC0113-C.g1367	90.909	253	22	1	1	252	472	724	1.70e-151	469
PfGB4_000018400|CIDRa|1|468|719	PC0113-C.g1367	25.000	252	170	8	1	243	2691	2932	5.62e-08	55.8
PfGB4_000018400|CIDRa|1|468|719	QG0184-C.g137	90.909	253	22	1	1	252	478	730	2.61e-151	468
PfGB4_000018400|DBLb|1|735|1185	PC0113-C.g1367	100.000	451	0	0	1	451	740	1190	0.0	937
PfGB4_000018400|DBLb|1|735|1185	PC0113-C.g1367	32.119	302	167	12	106	385	133	418	1.95e-33	136
PfGB4_000018400|DBLb|1|735|1185	PC0113-C.g1367	31.856	361	187	16	105	451	1253	1568	2.42e-32	133
PfGB4_000018400|DBLb|1|735|1185	PC0113-C.g1367	30.769	325	175	15	49	350	1573	1870	2.49e-21	100
PfGB4_000018400|DBLb|1|735|1185	QG0280-C.g278	100.000	451	0	0	1	451	735	1185	0.0	934
PfGB4_000018400|DBLb|1|735|1185	QG0280-C.g278	33.742	326	159	13	106	392	133	440	2.10e-37	148
PfGB4_000018400|DBLb|1|735|1185	QG0280-C.g278	31.856	361	187	16	105	451	1248	1563	2.00e-32	133
PfGB4_000018400|DBLb|1|735|1185	QG0280-C.g278	30.769	325	175	15	49	350	1568	1865	2.69e-21	99.8
PfGB4_000018400|DBLb|1|735|1185	QG0280-C.g278	28.938	273	153	9	105	358	2143	2393	1.57e-20	97.4
PfGB4_000018400|DBLb|1|735|1185	PC0061-C.g404	100.000	451	0	0	1	451	289	739	0.0	934
PfGB4_000018400|DBLb|1|735|1185	PC0061-C.g404	31.856	361	187	16	105	451	802	1117	2.76e-32	133
PfGB4_000018400|DBLb|1|735|1185	PC0061-C.g404	30.769	325	175	15	49	350	1122	1419	2.06e-21	100
PfGB4_000018400|DBLb|1|735|1185	QE0454-C.g198	97.339	451	12	0	1	451	743	1193	0.0	907
PfGB4_000018400|DBLb|1|735|1185	QE0454-C.g198	30.816	331	171	11	106	392	132	448	8.04e-34	137
PfGB4_000018400|DBLb|1|735|1185	QE0454-C.g198	30.978	368	189	15	101	451	1253	1572	3.27e-33	135
PfGB4_000018400|DBLb|1|735|1185	QE0454-C.g198	28.076	317	192	12	49	350	1577	1872	9.87e-18	89.0
PfGB4_000018400|DBLb|1|735|1185	QE0428-C.g26	97.339	451	12	0	1	451	743	1193	0.0	907
PfGB4_000018400|DBLb|1|735|1185	QE0428-C.g26	30.816	331	171	11	106	392	132	448	8.04e-34	137
PfGB4_000018400|DBLb|1|735|1185	QE0428-C.g26	30.978	368	189	15	101	451	1253	1572	3.27e-33	135
PfGB4_000018400|DBLb|1|735|1185	QE0428-C.g26	28.076	317	192	12	49	350	1577	1872	9.87e-18	89.0
PfGB4_000018400|DBLg|1|1200|1563	PC0113-C.g1367	100.000	364	0	0	1	364	1205	1568	0.0	761
PfGB4_000018400|DBLg|1|1200|1563	PC0113-C.g1367	40.000	295	148	8	1	271	1581	1870	1.32e-57	204
PfGB4_000018400|DBLg|1|1200|1563	PC0113-C.g1367	31.579	361	188	16	49	364	844	1190	5.41e-33	132
PfGB4_000018400|DBLg|1|1200|1563	PC0113-C.g1367	30.612	196	78	5	48	185	2253	2448	2.17e-15	80.5
PfGB4_000018400|DBLg|1|1200|1563	PC0113-C.g1367	23.105	277	157	7	46	278	129	393	1.27e-14	78.2
PfGB4_000018400|DBLg|1|1200|1563	PC0061-C.g404	100.000	364	0	0	1	364	754	1117	0.0	759
PfGB4_000018400|DBLg|1|1200|1563	PC0061-C.g404	40.000	295	148	8	1	271	1130	1419	1.45e-57	204
PfGB4_000018400|DBLg|1|1200|1563	PC0061-C.g404	31.579	361	188	16	49	364	393	739	6.24e-33	132
PfGB4_000018400|DBLg|1|1200|1563	PC0061-C.g404	30.612	196	78	5	48	185	1805	2000	1.66e-15	80.5
PfGB4_000018400|DBLg|1|1200|1563	QG0184-C.g137	100.000	364	0	0	1	364	1208	1571	0.0	759
PfGB4_000018400|DBLg|1|1200|1563	QG0184-C.g137	40.000	295	148	8	1	271	1584	1873	2.83e-57	203
PfGB4_000018400|DBLg|1|1200|1563	QG0184-C.g137	31.006	358	191	16	49	364	850	1193	3.43e-32	130
PfGB4_000018400|DBLg|1|1200|1563	QG0184-C.g137	23.105	277	157	7	46	278	135	399	1.59e-14	77.8
PfGB4_000018400|DBLg|1|1200|1563	QG0280-C.g278	100.000	364	0	0	1	364	1200	1563	0.0	758
PfGB4_000018400|DBLg|1|1200|1563	QG0280-C.g278	40.339	295	147	8	1	271	1576	1865	3.94e-57	203
PfGB4_000018400|DBLg|1|1200|1563	QG0280-C.g278	37.117	326	161	13	15	308	2107	2420	1.78e-51	186
PfGB4_000018400|DBLg|1|1200|1563	QG0280-C.g278	31.579	361	188	16	49	364	839	1185	1.11e-32	132
PfGB4_000018400|DBLg|1|1200|1563	QG0280-C.g278	23.358	274	157	7	46	278	129	390	3.28e-15	79.7
PfGB4_000018400|DBLg|1|1200|1563	PA0251-C.g752	94.505	364	20	0	1	364	1209	1572	0.0	716
PfGB4_000018400|DBLg|1|1200|1563	PA0251-C.g752	41.254	303	148	5	1	277	1585	1883	7.17e-63	219
PfGB4_000018400|DBLg|1|1200|1563	PA0251-C.g752	31.856	361	188	15	49	364	847	1194	2.90e-35	139
PfGB4_000018400|DBLg|1|1200|1563	PA0251-C.g752	27.515	338	137	9	48	277	2189	2526	1.15e-25	111
PfGB4_000018400|DBLg|1|1200|1563	PA0251-C.g752	23.297	279	156	7	46	278	129	395	7.11e-15	78.6
PfGB4_000018400|DBLg|2|1576|1952	PC0113-C.g1367	100.000	377	0	0	1	377	1581	1957	0.0	787
PfGB4_000018400|DBLg|2|1576|1952	PC0113-C.g1367	40.498	321	158	10	1	315	1205	1498	2.00e-60	213
PfGB4_000018400|DBLg|2|1576|1952	PC0113-C.g1367	25.676	444	195	13	29	347	2236	2669	3.30e-26	113
PfGB4_000018400|DBLg|2|1576|1952	PC0113-C.g1367	30.818	318	173	14	5	298	803	1097	1.81e-22	102
PfGB4_000018400|DBLg|2|1576|1952	PC0113-C.g1367	24.917	301	171	11	44	311	129	407	1.29e-12	72.0
PfGB4_000018400|DBLg|2|1576|1952	PC0061-C.g404	100.000	377	0	0	1	377	1130	1506	0.0	784
PfGB4_000018400|DBLg|2|1576|1952	PC0061-C.g404	40.312	320	160	9	1	315	754	1047	2.26e-60	213
PfGB4_000018400|DBLg|2|1576|1952	PC0061-C.g404	25.901	444	194	14	29	347	1788	2221	5.02e-26	112
PfGB4_000018400|DBLg|2|1576|1952	PC0061-C.g404	30.818	318	173	14	5	298	352	646	1.95e-22	102
PfGB4_000018400|DBLg|2|1576|1952	QG0184-C.g137	100.000	377	0	0	1	377	1584	1960	0.0	784
PfGB4_000018400|DBLg|2|1576|1952	QG0184-C.g137	40.000	320	161	9	1	315	1208	1501	2.52e-60	213
PfGB4_000018400|DBLg|2|1576|1952	QG0184-C.g137	28.025	314	184	12	5	298	809	1100	3.16e-19	92.0
PfGB4_000018400|DBLg|2|1576|1952	QG0184-C.g137	24.000	300	175	10	44	311	135	413	1.25e-12	72.0
PfGB4_000018400|DBLg|2|1576|1952	QG0280-C.g278	100.000	377	0	0	1	377	1576	1952	0.0	783
PfGB4_000018400|DBLg|2|1576|1952	QG0280-C.g278	50.510	392	167	7	1	377	2093	2472	2.53e-116	374
PfGB4_000018400|DBLg|2|1576|1952	QG0280-C.g278	40.000	320	161	9	1	315	1200	1493	2.37e-60	213
PfGB4_000018400|DBLg|2|1576|1952	QG0280-C.g278	30.818	318	173	14	5	298	798	1092	1.60e-22	102
PfGB4_000018400|DBLg|2|1576|1952	QG0280-C.g278	23.208	293	183	9	44	311	129	404	3.54e-12	70.5
PfGB4_000018400|DBLg|2|1576|1952	PF0282-C.g84	97.090	378	10	1	1	377	1578	1955	0.0	760
PfGB4_000018400|DBLg|2|1576|1952	PF0282-C.g84	37.025	316	170	8	1	315	1208	1495	1.93e-52	190
PfGB4_000018400|DBLg|2|1576|1952	PF0282-C.g84	30.154	325	129	9	72	298	2256	2580	1.31e-31	129
PfGB4_000018400|DBLg|2|1576|1952	PF0282-C.g84	30.000	270	151	11	47	298	850	1099	6.75e-21	97.4
PfGB4_000018400|DBLg|2|1576|1952	PF0282-C.g84	24.595	309	180	11	35	311	120	407	7.51e-13	72.8
PfGB4_000018400|DBLg|3|2082|2461	QG0280-C.g278	98.158	380	7	0	1	380	2093	2472	0.0	781
PfGB4_000018400|DBLg|3|2082|2461	QG0280-C.g278	50.000	392	169	7	1	380	1576	1952	7.06e-108	350
PfGB4_000018400|DBLg|3|2082|2461	QG0280-C.g278	37.117	326	161	13	15	328	1214	1507	2.81e-51	186
PfGB4_000018400|DBLg|3|2082|2461	QG0280-C.g278	26.503	366	214	12	51	380	839	1185	3.29e-21	98.2
PfGB4_000018400|DBLg|3|2082|2461	QG0280-C.g278	22.086	326	193	8	24	314	105	404	5.93e-15	79.3
PfGB4_000018400|DBLg|3|2082|2461	QE0464-C.g414	64.394	396	119	4	1	380	1287	1676	1.12e-166	518
PfGB4_000018400|DBLg|3|2082|2461	QE0464-C.g414	31.429	315	137	9	68	303	1996	2310	1.07e-34	138
PfGB4_000018400|DBLg|3|2082|2461	QE0464-C.g414	26.032	315	186	11	1	300	813	1095	7.07e-16	82.0
PfGB4_000018400|DBLg|3|2082|2461	QE0464-C.g414	25.484	310	164	12	35	300	111	397	8.94e-16	81.6
PfGB4_000018400|DBLg|3|2082|2461	QG0293-C.g3404	62.374	396	129	4	1	380	41	432	6.65e-161	487
PfGB4_000018400|DBLg|3|2082|2461	QG0293-C.g3404	30.366	382	183	12	1	305	439	814	1.41e-42	161
PfGB4_000018400|DBLg|3|2082|2461	PA0040-C.g192	64.796	392	108	6	1	380	1293	1666	8.88e-159	496
PfGB4_000018400|DBLg|3|2082|2461	PA0040-C.g192	29.008	393	169	14	1	300	1786	2161	3.12e-37	145
PfGB4_000018400|DBLg|3|2082|2461	PA0040-C.g192	24.825	286	160	7	48	299	126	390	1.28e-17	87.4
PfGB4_000018400|DBLg|3|2082|2461	PA0040-C.g192	25.092	271	162	8	48	299	846	1094	1.62e-17	87.0
PfGB4_000018400|DBLg|3|2082|2461	PT0181-C.g1444	62.907	399	126	6	1	380	2117	2512	8.79e-158	493
PfGB4_000018400|DBLg|3|2082|2461	PT0181-C.g1444	44.972	358	162	10	32	380	1633	1964	9.12e-79	266
PfGB4_000018400|DBLg|3|2082|2461	PT0181-C.g1444	39.011	364	167	15	1	345	1231	1558	2.29e-54	195
PfGB4_000018400|DBLg|3|2082|2461	PT0181-C.g1444	33.712	264	116	9	108	323	2700	2952	4.24e-31	127
PfGB4_000018400|DBLg|3|2082|2461	PT0181-C.g1444	26.032	315	179	11	48	328	125	419	1.53e-17	87.0
PfGB4_000018400|DBLg|3|2082|2461	PT0181-C.g1444	24.324	296	167	9	30	301	815	1077	3.35e-16	83.2
PfGB4_000018400|DBLg|3|2082|2461	PT0181-C.g1444	42.424	99	49	5	1	94	2519	2614	2.34e-10	65.1
PfGB4_000018400|ATS|1|2629|3067	PfKE02.g7	91.518	448	26	2	1	439	2941	3385	0.0	833
PfGB4_000018400|ATS|1|2629|3067	PF0145-C.g277	93.409	440	28	1	1	439	3288	3727	0.0	818
PfGB4_000018400|ATS|1|2629|3067	PC0071-C.g683	79.435	496	42	3	1	439	1086	1578	0.0	768
PfGB4_000018400|ATS|1|2629|3067	PF0122-C.g545	87.244	439	55	1	1	439	3291	3728	0.0	753
PfGB4_000018400|ATS|1|2629|3067	PC0104-C.g47	82.522	452	62	5	1	439	3045	3492	0.0	736
PfGB4_000018600|DBLb|1|1|439	PM0063-C.g155	99.087	438	4	0	2	439	9	446	0.0	912
PfGB4_000018600|DBLb|1|1|439	PM0063-C.g155	51.236	445	179	11	14	439	1088	1513	1.10e-127	409
PfGB4_000018600|DBLb|1|1|439	PM0063-C.g155	48.637	477	186	12	1	439	543	998	5.02e-125	402
PfGB4_000018600|DBLb|1|1|439	PT0095-C.g154	99.087	438	4	0	2	439	9	446	0.0	911
PfGB4_000018600|DBLb|1|1|439	PT0095-C.g154	53.468	447	162	13	20	439	550	977	1.30e-134	429
PfGB4_000018600|DBLb|1|1|439	PT0095-C.g154	51.126	444	179	11	14	438	1069	1493	1.51e-126	406
PfGB4_000018600|DBLb|1|1|439	PT0156-C.g406	70.814	442	114	5	2	437	9	441	0.0	627
PfGB4_000018600|DBLb|1|1|439	PT0156-C.g406	51.126	444	179	11	14	438	1061	1485	9.67e-127	407
PfGB4_000018600|DBLb|1|1|439	PT0156-C.g406	52.183	458	165	17	11	439	537	969	5.22e-126	404
PfGB4_000018600|DBLb|1|1|439	PA0245-C.g516	67.756	459	107	9	1	439	940	1377	0.0	592
PfGB4_000018600|DBLb|1|1|439	PA0245-C.g516	28.226	372	181	12	44	345	85	440	7.75e-24	107
PfGB4_000018600|DBLb|1|1|439	PT0141-C.g606	66.667	459	113	8	1	439	550	988	0.0	588
PfGB4_000018600|DBLb|1|1|439	PT0141-C.g606	47.569	473	176	18	1	439	1	435	1.01e-114	372
PfGB4_000018600|DBLb|2|504|970	PT0095-C.g154	100.000	467	0	0	1	467	511	977	0.0	982
PfGB4_000018600|DBLb|2|504|970	PT0095-C.g154	53.691	447	161	14	40	467	27	446	4.95e-134	429
PfGB4_000018600|DBLb|2|504|970	PT0095-C.g154	48.852	479	209	14	1	465	1036	1492	5.17e-129	414
PfGB4_000018600|DBLb|2|504|970	PA0270-C.g324	91.471	469	32	4	1	467	79	541	0.0	886
PfGB4_000018600|DBLb|2|504|970	PA0270-C.g324	53.279	488	192	10	1	467	580	1052	1.14e-155	491
PfGB4_000018600|DBLb|2|504|970	PA0270-C.g324	46.906	501	211	13	1	467	1123	1602	1.23e-125	405
PfGB4_000018600|DBLb|2|504|970	PA0270-C.g308	91.471	469	32	4	1	467	79	541	0.0	886
PfGB4_000018600|DBLb|2|504|970	PA0270-C.g308	53.279	488	192	10	1	467	580	1052	9.77e-156	491
PfGB4_000018600|DBLb|2|504|970	PA0270-C.g308	46.906	501	211	13	1	467	1123	1602	1.18e-125	405
PfGB4_000018600|DBLb|2|504|970	PF0449-C.g429	88.223	467	51	2	1	467	481	943	0.0	865
PfGB4_000018600|DBLb|2|504|970	PF0449-C.g429	51.656	453	190	12	27	467	2	437	6.62e-130	417
PfGB4_000018600|DBLb|2|504|970	PF0449-C.g429	44.489	499	230	12	1	467	983	1466	2.45e-111	363
PfGB4_000018600|DBLb|2|504|970	PT0156-C.g406	78.647	473	84	6	1	467	508	969	0.0	744
PfGB4_000018600|DBLb|2|504|970	PT0156-C.g406	48.852	479	209	14	1	465	1028	1484	4.34e-129	415
PfGB4_000018600|DBLb|2|504|970	PT0156-C.g406	50.564	443	174	16	40	465	27	441	3.36e-123	398
PfGB4_000018600|DBLb|3|1036|1494	PT0095-C.g154	99.346	459	3	0	1	459	1036	1494	0.0	958
PfGB4_000018600|DBLb|3|1036|1494	PT0095-C.g154	49.269	479	207	14	1	457	511	975	6.93e-132	422
PfGB4_000018600|DBLb|3|1036|1494	PT0095-C.g154	52.009	448	176	13	31	458	17	445	3.28e-128	412
PfGB4_000018600|DBLb|3|1036|1494	PT0156-C.g406	99.346	459	3	0	1	459	1028	1486	0.0	958
PfGB4_000018600|DBLb|3|1036|1494	PT0156-C.g406	50.336	447	184	12	31	459	17	443	1.42e-129	416
PfGB4_000018600|DBLb|3|1036|1494	PT0156-C.g406	46.778	481	211	15	1	457	508	967	2.85e-119	386
PfGB4_000018600|DBLb|3|1036|1494	PM0063-C.g155	99.127	458	4	0	1	458	1055	1512	0.0	954
PfGB4_000018600|DBLb|3|1036|1494	PM0063-C.g155	52.009	448	176	13	31	458	17	445	2.08e-128	412
PfGB4_000018600|DBLb|3|1036|1494	PM0063-C.g155	44.378	498	226	16	1	458	511	997	4.06e-112	365
PfGB4_000018600|DBLb|3|1036|1494	PA0041-C.g422	62.208	471	160	7	1	458	482	947	0.0	571
PfGB4_000018600|DBLb|3|1036|1494	PA0041-C.g422	52.902	448	173	10	34	459	9	440	8.54e-144	438
PfGB4_000018600|DBLb|3|1036|1494	PM0136-C.g502	61.635	477	149	14	1	458	526	987	0.0	541
PfGB4_000018600|DBLb|3|1036|1494	PM0136-C.g502	47.072	461	186	16	25	457	55	485	4.47e-118	371
PfGB4_000018600|DBLd|1|1599|2080	PFKE07.g790	78.769	471	40	4	12	482	1832	2242	0.0	715
PfGB4_000018600|DBLd|1|1599|2080	PFKE07.g790	37.135	342	138	12	82	413	1343	1617	3.65e-49	184
PfGB4_000018600|DBLd|1|1599|2080	PFKE07.g790	30.892	314	154	12	202	482	190	473	5.21e-28	120
PfGB4_000018600|DBLd|1|1599|2080	QE0461-C.g714	73.054	501	105	10	1	482	802	1291	0.0	691
PfGB4_000018600|DBLd|1|1599|2080	QE0461-C.g714	27.964	329	157	10	202	482	187	483	1.21e-24	110
PfGB4_000018600|DBLd|1|1599|2080	SenP051.02.g379	56.773	502	136	11	1	482	233	673	1.89e-164	510
PfGB4_000018600|DBLd|1|1599|2080	SenP051.02.g379	30.220	182	89	5	238	418	7	151	9.62e-16	82.8
PfGB4_000018600|DBLd|1|1599|2080	SenP051.02.g379	25.862	290	159	13	199	472	1128	1377	1.12e-09	63.5
PfGB4_000018600|DBLd|1|1599|2080	PH0610-C.g677	55.647	487	141	7	11	482	524	950	4.18e-164	494
PfGB4_000018600|DBLd|1|1599|2080	PH0610-C.g677	32.448	339	141	12	82	414	175	431	1.49e-39	155
PfGB4_000018600|DBLd|1|1599|2080	PV0233-C.g171	55.852	487	140	7	11	482	347	773	6.27e-164	497
PfGB4_000018600|DBLd|1|1599|2080	PV0233-C.g171	33.134	335	137	11	86	414	1	254	1.34e-41	161
PfGB4_000018600|CIDRg|1|2081|2341	PFKE07.g790	99.234	261	2	0	1	261	2243	2503	3.74e-173	531
PfGB4_000018600|CIDRg|1|2081|2341	PFKE07.g790	27.602	221	138	9	39	251	510	716	4.22e-08	56.2
PfGB4_000018600|CIDRg|1|2081|2341	QE0461-C.g714	96.016	251	10	0	1	251	1292	1542	1.01e-163	496
PfGB4_000018600|CIDRg|1|2081|2341	PM0024-C.g811	90.385	260	25	0	1	260	420	679	7.30e-152	462
PfGB4_000018600|CIDRg|1|2081|2341	PF0206-C.g505	90.385	260	25	0	1	260	2474	2733	2.13e-149	463
PfGB4_000018600|CIDRg|1|2081|2341	PA0064-C.g273	90.385	260	25	0	1	260	2019	2278	3.12e-149	463
PfGB4_000018600|ATS|1|2464|2950	PV0129-C.g36	78.163	490	65	8	1	487	1739	2189	0.0	728
PfGB4_000018600|ATS|1|2464|2950	PV0239-C.g25	75.659	493	78	7	1	487	2129	2585	0.0	714
PfGB4_000018600|ATS|1|2464|2950	PFKE07.g667	74.338	491	79	8	2	487	2366	2814	0.0	701
PfGB4_000018600|ATS|1|2464|2950	PD0474-C.g567	74.390	492	88	9	1	487	2375	2833	0.0	682
PfGB4_000018600|ATS|1|2464|2950	PT0095-C.g144	74.051	474	72	7	1	459	2284	2721	0.0	679
PfGB4_000019700|DBLd|1|234|699	QG0287-C.g303	52.174	506	167	11	1	466	872	1342	1.24e-153	479
PfGB4_000019700|DBLd|1|234|699	QG0287-C.g303	24.405	336	185	11	186	466	182	503	2.71e-15	81.3
PfGB4_000019700|DBLd|1|234|699	PV0287-C.g66	51.515	528	138	12	11	466	892	1373	1.33e-148	466
PfGB4_000019700|DBLd|1|234|699	PV0287-C.g66	26.102	295	173	12	213	466	216	506	4.88e-17	86.7
PfGB4_000019700|DBLd|1|234|699	QG0226-C.g3141	57.614	394	106	4	102	466	998	1359	5.60e-135	424
PfGB4_000019700|DBLd|1|234|699	QG0226-C.g3141	26.408	284	172	9	184	444	178	447	9.36e-18	89.0
PfGB4_000019700|DBLd|1|234|699	QG0226-C.g3141	51.282	78	29	5	13	85	852	925	4.01e-11	68.2
PfGB4_000019700|DBLd|1|234|699	QG0190-C.g866	57.614	394	106	4	102	466	998	1359	9.43e-134	425
PfGB4_000019700|DBLd|1|234|699	QG0190-C.g866	26.408	284	172	9	184	444	178	447	7.98e-18	89.4
PfGB4_000019700|DBLd|1|234|699	QG0190-C.g866	51.282	78	29	5	13	85	852	925	3.84e-11	68.2
PfGB4_000019700|DBLd|1|234|699	PV0115-C.g38	46.502	486	210	12	1	466	1201	1656	1.34e-127	410
PfGB4_000019700|DBLd|1|234|699	PV0115-C.g38	28.758	306	172	11	190	466	184	472	8.08e-18	89.4
PfGB4_000019700|CIDRb|1|700|959	PC0061-C.g282	82.759	261	37	4	2	260	602	856	2.68e-141	422
PfGB4_000019700|CIDRb|1|700|959	PT0222-C.g612	68.061	263	76	4	1	258	1421	1680	7.84e-105	335
PfGB4_000019700|CIDRb|1|700|959	PF0282-C.g415	64.751	261	87	3	1	260	1396	1652	2.46e-102	328
PfGB4_000019700|CIDRb|1|700|959	PF0282-C.g415	35.165	91	58	1	84	173	644	734	1.28e-08	57.8
PfGB4_000019700|CIDRb|1|700|959	PA0044-C.g536	64.751	261	87	3	1	260	1474	1730	2.57e-102	328
PfGB4_000019700|CIDRb|1|700|959	PA0262-C.g321	64.751	261	87	3	1	260	1859	2115	4.27e-102	328
PfGB4_000019700|ATS|1|1072|1529	PC0122-C.g100	83.900	441	47	2	1	441	1987	2403	0.0	722
PfGB4_000019700|ATS|1|1072|1529	PFKE09.g563	80.171	469	55	7	1	458	775	1216	0.0	712
PfGB4_000019700|ATS|1|1072|1529	PFKE01.g19	80.911	461	63	7	1	458	1733	2171	0.0	712
PfGB4_000019700|ATS|1|1072|1529	PV0028-C.g50	78.105	475	68	6	1	458	2600	3055	0.0	708
PfGB4_000019700|ATS|1|1072|1529	PC0113-C.g949	81.169	462	64	6	1	458	1702	2144	0.0	703
