PfGN01_010005100|NTS|1|1|61	PM0142-C.g745	100.000	61	0	0	1	61	1	61	2.98e-35	126
PfGN01_010005100|NTS|1|1|61	QE0401-C.g753	94.118	51	3	0	11	61	18	68	2.78e-25	98.2
PfGN01_010005100|NTS|1|1|61	PFKE06.g14	94.118	51	3	0	11	61	18	68	6.17e-25	97.4
PfGN01_010005100|NTS|1|1|61	PC0058-C.g783	79.630	54	9	2	6	58	3	55	2.77e-20	84.0
PfGN01_010005100|NTS|1|1|61	PT0262-C.g17	79.630	54	9	2	6	58	3	55	3.29e-20	84.0
PfGN01_010005100|DBLa|1|62|492	PM0142-C.g745	93.468	444	15	4	1	431	62	504	0.0	823
PfGN01_010005100|DBLa|1|62|492	PM0142-C.g745	29.843	191	106	6	241	431	1240	1402	7.85e-16	82.4
PfGN01_010005100|DBLa|1|62|492	QE0401-C.g753	86.907	443	45	5	1	431	69	510	0.0	759
PfGN01_010005100|DBLa|1|62|492	QE0401-C.g753	29.143	350	187	13	106	431	1109	1421	2.91e-27	117
PfGN01_010005100|DBLa|1|62|492	PA0102-C.g459	77.079	445	81	10	1	431	63	500	0.0	657
PfGN01_010005100|DBLa|1|62|492	PA0102-C.g459	24.719	267	139	9	131	350	1088	1339	1.96e-12	72.0
PfGN01_010005100|DBLa|1|62|492	PF0092-C.g599	77.079	445	81	10	1	431	63	500	0.0	657
PfGN01_010005100|DBLa|1|62|492	PF0092-C.g599	36.082	194	95	6	241	431	1301	1468	2.93e-21	99.4
PfGN01_010005100|DBLa|1|62|492	SenP051.02.g294	77.098	441	83	8	4	431	66	501	0.0	646
PfGN01_010005100|DBLa|1|62|492	SenP051.02.g294	22.909	275	166	7	98	343	1103	1360	3.83e-10	64.7
PfGN01_010005100|CIDRa|1|493|782	PM0142-C.g745	95.862	290	12	0	1	290	505	794	0.0	576
PfGN01_010005100|CIDRa|1|493|782	PV0288-C.g58	93.103	290	19	1	1	290	503	791	2.30e-167	507
PfGN01_010005100|CIDRa|1|493|782	PV0229-C.g78	93.103	290	19	1	1	290	503	791	2.30e-167	507
PfGN01_010005100|CIDRa|1|493|782	PV0081-C.g71	93.103	290	19	1	1	290	503	791	2.30e-167	507
PfGN01_010005100|CIDRa|1|493|782	SenT001.08.g134	62.752	298	102	4	1	290	489	785	4.72e-109	348
PfGN01_010005100|DBLd|1|872|1385	QG0203-C.g1025	54.307	534	192	15	1	514	831	1332	7.11e-154	481
PfGN01_010005100|DBLd|1|872|1385	QG0203-C.g1025	26.842	190	125	6	337	514	295	482	6.58e-13	73.9
PfGN01_010005100|DBLd|1|872|1385	PA0168-C.g769	52.091	526	203	14	1	514	809	1297	4.19e-152	476
PfGN01_010005100|DBLd|1|872|1385	PA0168-C.g769	29.592	196	122	7	330	514	294	484	7.45e-14	77.0
PfGN01_010005100|DBLd|1|872|1385	PM0157-C.g628	49.905	527	219	12	1	514	885	1379	6.10e-149	469
PfGN01_010005100|DBLd|1|872|1385	PM0157-C.g628	38.462	104	58	3	335	435	292	392	1.16e-13	76.6
PfGN01_010005100|DBLd|1|872|1385	PF0041-C.g857	50.281	533	233	14	1	514	915	1434	4.00e-148	466
PfGN01_010005100|DBLd|1|872|1385	PF0041-C.g857	33.333	120	71	4	340	458	318	429	6.04e-10	64.7
PfGN01_010005100|DBLd|1|872|1385	PH0148-CW.g96	48.490	563	226	14	1	514	821	1368	2.71e-147	464
PfGN01_010005100|DBLd|1|872|1385	PH0148-CW.g96	37.037	108	65	2	336	442	301	406	3.60e-13	75.1
PfGN01_010005100|CIDRb|1|1386|1640	PM0018-C.g10	80.165	242	47	1	1	242	1392	1632	1.76e-126	395
PfGN01_010005100|CIDRb|1|1386|1640	PT0066-C.g738	75.099	253	58	3	1	250	3164	3414	2.17e-117	371
PfGN01_010005100|CIDRb|1|1386|1640	SenT001.11.g1086	79.372	223	44	2	34	255	756	977	2.30e-117	362
PfGN01_010005100|CIDRb|1|1386|1640	PF0489-C.g711	71.984	257	69	3	1	255	1376	1631	1.37e-115	365
PfGN01_010005100|CIDRb|1|1386|1640	PfKE04.g1176	73.307	251	62	3	1	248	1395	1643	3.34e-115	364
PfGN01_010005100|ATS|1|1753|2189	PFKE07.g667	83.333	450	60	3	2	437	2366	2814	0.0	755
PfGN01_010005100|ATS|1|1753|2189	PV0028-C.g43	84.055	439	66	4	1	437	1843	2279	0.0	741
PfGN01_010005100|ATS|1|1753|2189	PV0129-C.g36	80.702	456	64	8	1	437	1739	2189	0.0	723
PfGN01_010005100|ATS|1|1753|2189	PFKE07.g1065	82.192	438	62	5	2	437	1645	2068	0.0	721
PfGN01_010005100|ATS|1|1753|2189	PV0147-C.g56	82.119	453	56	10	1	437	1700	2143	0.0	708
PfGN01_010005400|NTS|1|1|66	PA0267-C.g756	79.365	63	13	0	4	66	3	65	2.51e-27	104
PfGN01_010005400|NTS|1|1|66	SenT113.09.g729	76.923	65	15	0	2	66	3	67	3.89e-27	103
PfGN01_010005400|NTS|1|1|66	PM0113-C.g676	79.365	63	13	0	4	66	3	65	4.50e-27	103
PfGN01_010005400|NTS|1|1|66	QE0459-C.g971	76.190	63	15	0	4	66	3	65	4.65e-26	100
PfGN01_010005400|NTS|1|1|66	QE0440-C.g709	76.190	63	15	0	4	66	3	65	4.65e-26	100
PfGN01_010005400|DBLa|1|67|479	PT0042-C.g128	76.029	413	86	3	1	413	61	460	0.0	644
PfGN01_010005400|DBLa|1|67|479	PT0042-C.g128	33.333	339	158	14	6	332	794	1076	3.51e-37	146
PfGN01_010005400|DBLa|1|67|479	PT0042-C.g128	29.609	358	205	11	16	365	2343	2661	3.53e-32	131
PfGN01_010005400|DBLa|1|67|479	PT0042-C.g128	28.758	306	159	13	116	413	1349	1603	7.73e-19	91.7
PfGN01_010005400|DBLa|1|67|479	PT0042-C.g128	24.031	387	214	15	34	396	1933	2263	4.21e-10	64.3
PfGN01_010005400|DBLa|1|67|479	QG0285-C.g7978	76.029	413	86	3	1	413	61	460	0.0	643
PfGN01_010005400|DBLa|1|67|479	QG0285-C.g7978	34.472	322	143	14	6	315	794	1059	7.05e-37	145
PfGN01_010005400|DBLa|1|67|479	QG0261-C.g914	76.998	413	85	6	1	413	61	463	0.0	637
PfGN01_010005400|DBLa|1|67|479	QG0261-C.g914	29.639	388	184	16	1	369	796	1113	2.00e-28	120
PfGN01_010005400|DBLa|1|67|479	QG0261-C.g914	24.889	225	121	8	116	333	1298	1481	5.30e-09	60.8
PfGN01_010005400|DBLa|1|67|479	PA0137-C.g661	74.576	413	92	3	1	413	61	460	0.0	632
PfGN01_010005400|DBLa|1|67|479	PA0137-C.g661	32.384	281	158	7	54	333	2496	2745	4.05e-32	131
PfGN01_010005400|DBLa|1|67|479	PA0137-C.g661	32.530	249	128	9	51	288	837	1056	4.20e-25	110
PfGN01_010005400|DBLa|1|67|479	PA0137-C.g661	32.836	201	112	8	224	413	1537	1725	4.58e-16	83.2
PfGN01_010005400|DBLa|1|67|479	PA0137-C.g661	24.055	291	163	8	45	335	2873	3105	1.23e-13	75.5
PfGN01_010005400|DBLa|1|67|479	PA0137-C.g661	27.985	268	128	16	37	279	2053	2280	7.23e-08	57.4
PfGN01_010005400|DBLa|1|67|479	PC0113-C.g287	74.576	413	92	3	1	413	61	460	0.0	632
PfGN01_010005400|DBLa|1|67|479	PC0113-C.g287	32.530	249	128	9	51	288	837	1056	4.93e-25	110
PfGN01_010005400|CIDRa|1|480|739	PM0153-C.g892	92.607	257	19	0	1	257	79	335	9.20e-155	464
PfGN01_010005400|CIDRa|1|480|739	PC0058-C.g862	88.889	261	28	1	1	260	1341	1601	9.03e-144	447
PfGN01_010005400|CIDRa|1|480|739	QE0469-C.g14	78.599	257	55	0	1	257	471	727	1.89e-124	389
PfGN01_010005400|CIDRa|1|480|739	QE0454-C.g705	78.599	257	55	0	1	257	471	727	1.89e-124	389
PfGN01_010005400|CIDRa|1|480|739	QE0414-C.g344	78.599	257	55	0	1	257	472	728	3.89e-124	389
PfGN01_010005400|DBLb|1|754|1210	PF0206-C.g496	70.332	482	105	8	10	457	781	1258	0.0	642
PfGN01_010005400|DBLb|1|754|1210	PF0206-C.g496	28.678	401	210	14	36	392	38	406	1.24e-32	134
PfGN01_010005400|DBLb|1|754|1210	PF0206-C.g496	23.630	292	167	9	98	363	1360	1621	7.40e-11	67.0
PfGN01_010005400|DBLb|1|754|1210	PF0058-C.g548	71.064	470	108	8	10	457	823	1286	0.0	632
PfGN01_010005400|DBLb|1|754|1210	PF0058-C.g548	29.620	395	205	16	36	385	60	426	3.02e-32	132
PfGN01_010005400|DBLb|1|754|1210	PF0058-C.g548	26.440	382	202	14	111	457	1342	1679	3.40e-28	120
PfGN01_010005400|DBLb|1|754|1210	PM0114-C.g603	67.532	462	134	9	1	457	754	1204	0.0	617
PfGN01_010005400|DBLb|1|754|1210	PM0114-C.g603	29.023	348	176	11	64	364	75	398	2.07e-26	115
PfGN01_010005400|DBLb|1|754|1210	PM0114-C.g603	26.651	424	226	20	64	457	1218	1586	4.48e-23	105
PfGN01_010005400|DBLb|1|754|1210	PM0153-C.g892	67.028	461	127	11	1	457	353	792	0.0	600
PfGN01_010005400|DBLb|1|754|1210	PM0153-C.g892	28.609	381	223	15	101	457	842	1197	3.09e-31	129
PfGN01_010005400|DBLb|1|754|1210	QG0281-C.g322	64.682	487	130	13	1	457	769	1243	0.0	598
PfGN01_010005400|DBLb|1|754|1210	QG0281-C.g322	28.533	375	183	15	31	348	35	381	3.24e-24	108
PfGN01_010005400|DBLg|1|1224|1605	PM0153-C.g892	86.260	393	42	3	1	382	806	1197	0.0	691
PfGN01_010005400|DBLg|1|1224|1605	PM0153-C.g892	25.691	362	210	13	46	382	465	792	1.04e-25	111
PfGN01_010005400|DBLg|1|1224|1605	PA0213-C.g1296	89.556	383	34	5	1	382	1230	1607	0.0	687
PfGN01_010005400|DBLg|1|1224|1605	PA0213-C.g1296	25.538	372	210	13	46	382	877	1216	2.93e-26	113
PfGN01_010005400|DBLg|1|1224|1605	PA0213-C.g1296	27.181	298	176	10	43	306	117	407	2.34e-12	71.2
PfGN01_010005400|DBLg|1|1224|1605	PM0114-C.g603	84.293	382	47	2	1	382	1218	1586	0.0	665
PfGN01_010005400|DBLg|1|1224|1605	PM0114-C.g603	27.924	419	238	16	1	382	813	1204	7.86e-29	120
PfGN01_010005400|DBLg|1|1224|1605	PM0114-C.g603	22.150	307	192	9	39	311	119	412	8.78e-08	56.6
PfGN01_010005400|DBLg|1|1224|1605	PF0190-C.g485	84.555	382	56	2	1	382	1196	1574	0.0	656
PfGN01_010005400|DBLg|1|1224|1605	PF0190-C.g485	25.272	368	214	10	44	382	847	1182	5.61e-26	112
PfGN01_010005400|DBLg|1|1224|1605	PF0190-C.g485	25.092	271	176	8	43	295	116	377	9.40e-13	72.4
PfGN01_010005400|DBLg|1|1224|1605	PA0245-C.g500	81.888	392	60	3	1	382	1996	2386	0.0	652
PfGN01_010005400|DBLg|1|1224|1605	PA0245-C.g500	32.081	346	171	12	1	296	818	1149	1.25e-38	149
PfGN01_010005400|DBLg|1|1224|1605	PA0245-C.g500	27.473	364	221	10	46	382	1635	1982	1.99e-28	119
PfGN01_010005400|DBLg|1|1224|1605	PA0245-C.g500	24.825	286	180	9	43	297	113	394	4.60e-08	57.8
PfGN01_010005400|ATS|1|1639|2068	PV0028-C.g43	79.680	438	80	7	1	430	1843	2279	0.0	687
PfGN01_010005400|ATS|1|1639|2068	PT0206-Cx.g946	81.671	431	77	2	1	430	901	1330	0.0	676
PfGN01_010005400|ATS|1|1639|2068	PT0170-C.g672	74.732	467	72	5	1	430	1768	2225	0.0	674
PfGN01_010005400|ATS|1|1639|2068	PV0211-C.g136	78.104	443	81	6	2	430	837	1277	0.0	671
PfGN01_010005400|ATS|1|1639|2068	PC0097-C.g664	77.384	451	78	8	1	430	2364	2811	0.0	662
PfGN01_010019800|NTS|1|1|68	PV0229-C.g32	100.000	68	0	0	1	68	1	68	1.63e-41	144
PfGN01_010019800|NTS|1|1|68	PA0172-C.g989	100.000	68	0	0	1	68	1	68	1.83e-41	144
PfGN01_010019800|NTS|1|1|68	PV0288-C.g43	100.000	68	0	0	1	68	1	68	3.25e-41	144
PfGN01_010019800|NTS|1|1|68	PV0081-C.g79	100.000	68	0	0	1	68	1	68	6.99e-41	143
PfGN01_010019800|NTS|1|1|68	PA0195-C.g852	86.765	68	9	0	1	68	1	68	4.55e-36	129
PfGN01_010019800|DBLa|1|69|470	PA0172-C.g989	99.751	402	1	0	1	402	69	470	0.0	832
PfGN01_010019800|DBLa|1|69|470	PA0172-C.g989	31.742	356	189	17	19	349	807	1133	7.40e-37	145
PfGN01_010019800|DBLa|1|69|470	PA0172-C.g989	31.104	299	167	9	116	402	1768	2039	1.14e-23	106
PfGN01_010019800|DBLa|1|69|470	PA0172-C.g989	28.467	274	139	10	53	322	2762	2982	6.99e-16	82.4
PfGN01_010019800|DBLa|1|69|470	PA0172-C.g989	26.480	321	188	12	3	317	1239	1517	5.26e-14	76.6
PfGN01_010019800|DBLa|1|69|470	PA0195-C.g852	93.797	403	24	1	1	402	69	471	0.0	754
PfGN01_010019800|DBLa|1|69|470	PA0195-C.g852	31.940	335	199	10	46	372	2704	3017	9.26e-38	147
PfGN01_010019800|DBLa|1|69|470	PA0195-C.g852	27.765	425	225	19	19	399	806	1192	4.67e-33	134
PfGN01_010019800|DBLa|1|69|470	PA0195-C.g852	28.667	300	167	9	116	402	1708	1973	4.93e-17	85.9
PfGN01_010019800|DBLa|1|69|470	PA0195-C.g852	25.763	295	172	9	41	320	1245	1507	1.89e-13	75.1
PfGN01_010019800|DBLa|1|69|470	PA0195-C.g852	24.731	279	150	9	46	322	3089	3309	1.25e-10	66.2
PfGN01_010019800|DBLa|1|69|470	QG0196-C.g589	92.786	402	24	2	1	402	69	465	0.0	720
PfGN01_010019800|DBLa|1|69|470	QG0196-C.g589	29.670	364	199	10	19	355	800	1133	8.71e-36	142
PfGN01_010019800|DBLa|1|69|470	QG0196-C.g589	31.940	335	199	10	46	372	2710	3023	1.42e-35	141
PfGN01_010019800|DBLa|1|69|470	QG0196-C.g589	28.535	396	204	13	53	402	1608	1970	4.75e-18	89.0
PfGN01_010019800|DBLa|1|69|470	QG0196-C.g589	24.286	280	150	8	46	322	3095	3315	3.12e-13	74.3
PfGN01_010019800|DBLa|1|69|470	QG0196-C.g589	24.834	302	158	12	53	326	1245	1505	1.57e-09	62.8
PfGN01_010019800|DBLa|1|69|470	QG0196-C.g589	31.126	151	76	6	112	257	2389	2516	1.81e-08	59.3
PfGN01_010019800|DBLa|1|69|470	PV0288-C.g43	84.444	405	56	4	1	402	69	469	0.0	663
PfGN01_010019800|DBLa|1|69|470	PV0288-C.g43	31.283	374	194	15	20	363	807	1147	2.38e-37	146
PfGN01_010019800|DBLa|1|69|470	PV0288-C.g43	26.224	286	158	11	53	316	1245	1499	1.80e-11	68.6
PfGN01_010019800|DBLa|1|69|470	PV0229-C.g32	84.444	405	56	4	1	402	69	469	0.0	662
PfGN01_010019800|DBLa|1|69|470	PV0229-C.g32	32.738	336	168	13	57	363	841	1147	2.54e-37	146
PfGN01_010019800|DBLa|1|69|470	PV0229-C.g32	26.224	286	158	12	53	316	1245	1499	1.88e-11	68.6
PfGN01_010019800|DBLa|1|69|470	PV0229-C.g32	33.333	108	67	2	221	325	2016	2121	1.14e-09	63.2
PfGN01_010019800|CIDRa|1|471|721	PT0102-C.g987	100.000	251	0	0	1	251	471	721	1.84e-170	514
PfGN01_010019800|CIDRa|1|471|721	QE0440-C.g135	95.219	251	12	0	1	251	472	722	4.65e-149	462
PfGN01_010019800|CIDRa|1|471|721	QE0440-C.g135	28.922	204	123	7	1	200	2063	2248	2.72e-11	65.5
PfGN01_010019800|CIDRa|1|471|721	PT0253-Cx.g21	93.227	251	17	0	1	251	471	721	8.22e-149	461
PfGN01_010019800|CIDRa|1|471|721	PT0303-Cx.g1431	93.625	251	16	0	1	251	471	721	2.34e-148	460
PfGN01_010019800|CIDRa|1|471|721	PT0303-Cx.g1431	27.108	166	107	5	6	168	2441	2595	4.47e-08	55.8
PfGN01_010019800|CIDRa|1|471|721	PA0172-C.g989	93.625	251	16	0	1	251	471	721	1.01e-147	458
PfGN01_010019800|CIDRa|1|471|721	PA0172-C.g989	22.705	207	155	5	39	243	2079	2282	1.22e-07	54.7
PfGN01_010019800|DBLb|1|730|1206	PA0100-C.g653	82.510	486	76	4	1	477	728	1213	0.0	818
PfGN01_010019800|DBLb|1|730|1206	PA0100-C.g653	31.715	309	156	12	75	352	87	371	1.09e-33	137
PfGN01_010019800|DBLb|1|730|1206	PA0100-C.g653	29.492	295	145	10	100	390	2725	2960	2.38e-26	115
PfGN01_010019800|DBLb|1|730|1206	PA0100-C.g653	27.097	310	182	9	95	387	1262	1544	5.50e-22	102
PfGN01_010019800|DBLb|1|730|1206	PA0100-C.g653	22.826	276	190	7	101	375	2354	2607	1.56e-08	60.1
PfGN01_010019800|DBLb|1|730|1206	PA0158-C.g491	81.971	477	70	2	1	477	731	1191	0.0	813
PfGN01_010019800|DBLb|1|730|1206	PA0158-C.g491	30.481	374	200	10	63	408	2661	3002	1.65e-42	164
PfGN01_010019800|DBLb|1|730|1206	PA0158-C.g491	30.968	310	160	11	75	352	87	374	1.69e-30	128
PfGN01_010019800|DBLb|1|730|1206	PA0158-C.g491	27.124	306	151	13	106	404	3098	3338	2.26e-15	81.6
PfGN01_010019800|DBLb|1|730|1206	PA0158-C.g491	27.465	284	152	10	95	355	1241	1493	6.64e-13	73.9
PfGN01_010019800|DBLb|1|730|1206	PA0158-C.g491	25.000	268	180	7	107	372	2307	2555	1.12e-08	60.5
PfGN01_010019800|DBLb|1|730|1206	PA0098-C.g117	81.705	481	72	3	1	477	728	1196	0.0	800
PfGN01_010019800|DBLb|1|730|1206	PA0098-C.g117	30.449	312	157	14	76	352	87	373	3.10e-28	121
PfGN01_010019800|DBLb|1|730|1206	PA0098-C.g117	29.066	289	149	11	100	384	2728	2964	2.23e-24	109
PfGN01_010019800|DBLb|1|730|1206	PA0098-C.g117	23.052	308	170	11	95	369	1247	1520	3.84e-16	84.3
PfGN01_010019800|DBLb|1|730|1206	PA0098-C.g117	22.963	270	190	6	107	375	2357	2609	2.03e-12	72.4
PfGN01_010019800|DBLb|1|730|1206	PA0098-C.g117	23.913	322	189	10	110	386	1658	1968	1.15e-09	63.5
PfGN01_010019800|DBLb|1|730|1206	QG0234-C.g2022	81.930	487	69	6	1	477	727	1204	0.0	795
PfGN01_010019800|DBLb|1|730|1206	QG0234-C.g2022	30.874	366	199	9	63	408	2706	3037	4.12e-41	160
PfGN01_010019800|DBLb|1|730|1206	QG0234-C.g2022	33.704	270	126	12	111	352	126	370	1.07e-28	122
PfGN01_010019800|DBLb|1|730|1206	QG0234-C.g2022	27.124	306	151	13	106	404	3133	3373	1.74e-15	82.0
PfGN01_010019800|DBLb|1|730|1206	QG0234-C.g2022	25.843	356	212	14	51	383	1212	1538	1.38e-12	72.8
PfGN01_010019800|DBLb|1|730|1206	QG0234-C.g2022	25.092	271	178	7	103	372	2345	2591	1.87e-10	66.2
PfGN01_010019800|DBLb|1|730|1206	PA0053-C.g660	79.749	479	79	3	1	477	727	1189	0.0	788
PfGN01_010019800|DBLb|1|730|1206	PA0053-C.g660	30.481	374	200	10	63	408	2659	3000	2.14e-42	164
PfGN01_010019800|DBLb|1|730|1206	PA0053-C.g660	30.547	311	157	14	75	352	86	370	8.76e-28	120
PfGN01_010019800|DBLb|1|730|1206	PA0053-C.g660	27.124	306	151	13	106	404	3096	3336	2.09e-15	82.0
PfGN01_010019800|DBLb|1|730|1206	PA0053-C.g660	27.465	284	152	10	95	355	1239	1491	7.00e-13	73.9
PfGN01_010019800|DBLb|1|730|1206	PA0053-C.g660	25.000	268	180	7	107	372	2305	2553	1.79e-08	59.7
PfGN01_010019800|DBLg|1|1224|1582	QG0234-C.g2022	100.000	359	0	0	1	359	1222	1580	0.0	748
PfGN01_010019800|DBLg|1|1224|1582	QG0234-C.g2022	33.708	356	167	11	1	296	1585	1931	3.09e-45	168
PfGN01_010019800|DBLg|1|1224|1582	QG0234-C.g2022	27.760	317	169	12	49	359	3137	3399	3.75e-23	103
PfGN01_010019800|DBLg|1|1224|1582	QG0234-C.g2022	26.829	287	171	8	49	323	2352	2611	5.93e-17	85.1
PfGN01_010019800|DBLg|1|1224|1582	QG0234-C.g2022	24.916	297	192	9	19	296	2721	3005	5.07e-15	79.0
PfGN01_010019800|DBLg|1|1224|1582	QG0234-C.g2022	26.820	261	151	9	9	253	91	327	2.51e-12	70.9
PfGN01_010019800|DBLg|1|1224|1582	QG0234-C.g2022	24.784	347	206	15	1	317	789	1110	7.71e-12	69.3
PfGN01_010019800|DBLg|1|1224|1582	PM0160-C.g766	96.936	359	11	0	1	359	1201	1559	0.0	724
PfGN01_010019800|DBLg|1|1224|1582	PM0160-C.g766	34.188	351	167	11	1	296	1564	1905	1.98e-48	177
PfGN01_010019800|DBLg|1|1224|1582	PM0160-C.g766	27.760	317	169	12	49	359	3113	3375	4.51e-23	103
PfGN01_010019800|DBLg|1|1224|1582	PM0160-C.g766	26.829	287	171	8	49	323	2328	2587	6.37e-17	84.7
PfGN01_010019800|DBLg|1|1224|1582	PM0160-C.g766	24.916	297	192	9	19	296	2697	2981	5.86e-15	79.0
PfGN01_010019800|DBLg|1|1224|1582	PM0160-C.g766	25.000	308	195	11	32	319	824	1115	6.93e-14	75.5
PfGN01_010019800|DBLg|1|1224|1582	PM0160-C.g766	21.973	223	161	5	38	254	114	329	1.60e-09	62.0
PfGN01_010019800|DBLg|1|1224|1582	PA0207-C.g76	96.936	359	11	0	1	359	1201	1559	0.0	723
PfGN01_010019800|DBLg|1|1224|1582	PA0207-C.g76	35.775	355	156	12	1	297	1564	1904	2.55e-45	168
PfGN01_010019800|DBLg|1|1224|1582	PA0207-C.g76	26.415	318	161	11	49	353	3104	3361	4.81e-21	97.4
PfGN01_010019800|DBLg|1|1224|1582	PA0207-C.g76	30.137	292	160	12	49	323	2315	2579	5.86e-20	94.0
PfGN01_010019800|DBLg|1|1224|1582	PA0207-C.g76	25.952	289	176	10	33	299	2703	2975	1.02e-18	90.5
PfGN01_010019800|DBLg|1|1224|1582	PA0207-C.g76	25.000	308	195	11	32	319	824	1115	6.27e-14	75.9
PfGN01_010019800|DBLg|1|1224|1582	PA0207-C.g76	21.973	223	161	5	38	254	114	329	1.46e-09	62.4
PfGN01_010019800|DBLg|1|1224|1582	PT0039-C.g416	96.936	359	11	0	1	359	69	427	0.0	723
PfGN01_010019800|DBLg|1|1224|1582	PT0039-C.g416	35.775	355	156	12	1	297	432	772	3.04e-45	168
PfGN01_010019800|DBLg|1|1224|1582	PT0039-C.g416	26.415	318	161	11	49	353	1972	2229	4.36e-21	97.4
PfGN01_010019800|DBLg|1|1224|1582	PT0039-C.g416	30.137	292	160	12	49	323	1183	1447	7.56e-20	93.6
PfGN01_010019800|DBLg|1|1224|1582	PT0039-C.g416	25.952	289	176	10	33	299	1571	1843	9.66e-19	90.5
PfGN01_010019800|DBLg|1|1224|1582	PM0054-C.g931	96.309	298	11	0	62	359	1	298	0.0	590
PfGN01_010019800|DBLg|1|1224|1582	PM0054-C.g931	35.775	355	156	12	1	297	303	643	2.72e-45	168
PfGN01_010019800|DBLg|1|1224|1582	PM0054-C.g931	30.137	292	160	12	49	323	1054	1318	7.77e-20	93.6
PfGN01_010019800|DBLd|1|1587|2002	QG0234-C.g2022	100.000	416	0	0	1	416	1585	2000	0.0	863
PfGN01_010019800|DBLd|1|1587|2002	QG0234-C.g2022	33.989	356	166	11	1	347	1222	1517	1.13e-47	177
PfGN01_010019800|DBLd|1|1587|2002	QG0234-C.g2022	25.180	417	232	13	29	416	102	467	1.28e-21	100
PfGN01_010019800|DBLd|1|1587|2002	QG0234-C.g2022	25.701	214	103	7	137	350	3188	3345	5.63e-10	64.3
PfGN01_010019800|DBLd|1|1587|2002	QG0234-C.g2022	22.727	352	175	11	30	354	2735	3016	6.04e-09	60.8
PfGN01_010019800|DBLd|1|1587|2002	QG0234-C.g2022	22.840	324	163	12	49	347	835	1096	2.74e-07	55.5
PfGN01_010019800|DBLd|1|1587|2002	PM0160-C.g766	95.673	416	13	1	1	416	1564	1974	0.0	818
PfGN01_010019800|DBLd|1|1587|2002	PM0160-C.g766	33.989	356	166	11	1	347	1201	1496	5.04e-48	178
PfGN01_010019800|DBLd|1|1587|2002	PM0160-C.g766	23.077	364	215	8	41	384	114	432	2.15e-12	71.6
PfGN01_010019800|DBLd|1|1587|2002	PM0160-C.g766	25.701	214	103	7	137	350	3164	3321	5.16e-10	64.3
PfGN01_010019800|DBLd|1|1587|2002	PM0160-C.g766	22.727	352	175	11	30	354	2711	2992	5.49e-09	60.8
PfGN01_010019800|DBLd|1|1587|2002	PM0160-C.g766	23.810	336	183	14	39	357	823	1102	9.75e-09	60.1
PfGN01_010019800|DBLd|1|1587|2002	PM0051-C.g1604	94.964	417	12	2	1	416	589	997	0.0	811
PfGN01_010019800|DBLd|1|1587|2002	PM0051-C.g1604	34.232	371	173	10	1	364	232	538	2.12e-45	171
PfGN01_010019800|DBLd|1|1587|2002	PA0041-C.g306	94.964	417	12	2	1	416	643	1051	0.0	810
PfGN01_010019800|DBLd|1|1587|2002	PA0041-C.g306	34.232	371	173	10	1	364	286	592	3.93e-45	170
PfGN01_010019800|DBLd|1|1587|2002	PA0041-C.g306	22.515	342	170	12	30	347	1787	2057	3.18e-11	68.2
PfGN01_010019800|DBLd|1|1587|2002	PA0041-C.g306	22.831	219	103	6	137	350	2241	2398	1.37e-07	56.6
PfGN01_010019800|DBLd|1|1587|2002	PT0224-Cx.g565	94.724	417	13	2	1	416	1563	1971	0.0	809
PfGN01_010019800|DBLd|1|1587|2002	PT0224-Cx.g565	32.800	375	161	10	1	364	1218	1512	7.05e-43	163
PfGN01_010019800|DBLd|1|1587|2002	PT0224-Cx.g565	23.383	402	232	11	47	416	120	477	6.22e-18	89.0
PfGN01_010019800|DBLd|1|1587|2002	PT0224-Cx.g565	22.515	342	170	12	30	347	2707	2977	2.86e-11	68.2
PfGN01_010019800|DBLd|1|1587|2002	PT0224-Cx.g565	22.831	219	103	6	137	350	3161	3318	1.87e-07	56.2
PfGN01_010019800|CIDRb|1|2003|2259	QE0455-C.g46	99.222	257	2	0	1	257	792	1048	1.46e-180	530
PfGN01_010019800|CIDRb|1|2003|2259	PD0554-C.g1069	99.611	257	1	0	1	257	305	561	1.20e-177	525
PfGN01_010019800|CIDRb|1|2003|2259	PA0209-C.g1623	99.222	257	2	0	1	257	1465	1721	3.95e-175	530
PfGN01_010019800|CIDRb|1|2003|2259	PV0099-C.g78	99.222	257	2	0	1	257	1889	2145	1.76e-172	527
PfGN01_010019800|CIDRb|1|2003|2259	PM0157-C.g701	100.000	257	0	0	1	257	1670	1926	5.53e-172	528
PfGN01_010019800|DBLe|1|2306|2645	PM0051-C.g1604	100.000	340	0	0	1	340	1303	1642	0.0	702
PfGN01_010019800|DBLe|1|2306|2645	PM0051-C.g1604	26.531	147	94	3	152	290	386	526	2.32e-07	55.1
PfGN01_010019800|DBLe|1|2306|2645	PM0157-C.g701	100.000	340	0	0	1	340	1973	2312	0.0	702
PfGN01_010019800|DBLe|1|2306|2645	PM0157-C.g701	28.990	307	163	12	47	340	2804	3068	3.04e-25	109
PfGN01_010019800|DBLe|1|2306|2645	PM0157-C.g701	27.609	297	144	14	49	297	808	1081	4.40e-10	63.5
PfGN01_010019800|DBLe|1|2306|2645	PM0157-C.g701	26.531	294	167	12	46	307	2418	2694	6.70e-10	63.2
PfGN01_010019800|DBLe|1|2306|2645	PM0157-C.g701	23.707	232	139	7	40	246	114	332	8.66e-07	53.1
PfGN01_010019800|DBLe|1|2306|2645	PF0240-C.g514	100.000	340	0	0	1	340	2253	2592	0.0	701
PfGN01_010019800|DBLe|1|2306|2645	PF0240-C.g514	28.990	307	163	12	47	340	3084	3348	3.15e-25	109
PfGN01_010019800|DBLe|1|2306|2645	PF0240-C.g514	28.175	252	154	9	43	281	1231	1468	1.22e-17	86.7
PfGN01_010019800|DBLe|1|2306|2645	PF0240-C.g514	28.507	221	127	7	52	251	127	337	3.67e-10	63.9
PfGN01_010019800|DBLe|1|2306|2645	PF0240-C.g514	26.531	294	167	12	46	307	2698	2974	6.39e-10	63.2
PfGN01_010019800|DBLe|1|2306|2645	PF0240-C.g514	26.923	286	156	13	38	288	824	1091	3.29e-09	60.8
PfGN01_010019800|DBLe|1|2306|2645	QG0234-C.g2022	100.000	340	0	0	1	340	2304	2643	0.0	701
PfGN01_010019800|DBLe|1|2306|2645	QG0234-C.g2022	28.990	307	163	12	47	340	3135	3399	3.63e-25	108
PfGN01_010019800|DBLe|1|2306|2645	QG0234-C.g2022	26.829	287	171	8	49	308	1270	1544	5.89e-17	84.7
PfGN01_010019800|DBLe|1|2306|2645	QG0234-C.g2022	26.531	294	167	12	46	307	2749	3025	7.57e-10	62.8
PfGN01_010019800|DBLe|1|2306|2645	QG0234-C.g2022	25.442	283	161	10	42	288	831	1099	1.40e-09	62.0
PfGN01_010019800|DBLe|1|2306|2645	QG0234-C.g2022	27.500	200	110	8	80	246	132	329	3.15e-09	60.8
PfGN01_010019800|DBLe|1|2306|2645	PM0160-C.g766	100.000	340	0	0	1	340	2280	2619	0.0	701
PfGN01_010019800|DBLe|1|2306|2645	PM0160-C.g766	28.990	307	163	12	47	340	3111	3375	3.33e-25	109
PfGN01_010019800|DBLe|1|2306|2645	PM0160-C.g766	26.623	308	183	9	49	329	1249	1540	8.73e-17	84.0
PfGN01_010019800|DBLe|1|2306|2645	PM0160-C.g766	25.362	276	164	10	42	288	833	1095	4.43e-10	63.5
PfGN01_010019800|DBLe|1|2306|2645	PM0160-C.g766	26.531	294	167	12	46	307	2725	3001	6.39e-10	63.2
PfGN01_010019800|DBLz|1|2658|3087	PM0157-C.g701	100.000	430	0	0	1	430	2325	2754	0.0	887
PfGN01_010019800|DBLz|1|2658|3087	PM0157-C.g701	31.503	346	188	11	59	360	83	423	3.76e-38	150
PfGN01_010019800|DBLz|1|2658|3087	PM0157-C.g701	25.515	388	233	13	78	430	790	1156	7.88e-25	110
PfGN01_010019800|DBLz|1|2658|3087	PM0157-C.g701	27.306	271	138	11	93	359	2802	3017	1.31e-16	85.1
PfGN01_010019800|DBLz|1|2658|3087	PM0157-C.g701	25.795	283	159	11	94	359	2018	2266	2.28e-11	68.6
PfGN01_010019800|DBLz|1|2658|3087	PM0157-C.g701	23.724	333	162	10	94	361	1302	1607	3.53e-08	58.5
PfGN01_010019800|DBLz|1|2658|3087	QG0234-C.g2022	100.000	430	0	0	1	430	2656	3085	0.0	887
PfGN01_010019800|DBLz|1|2658|3087	QG0234-C.g2022	31.844	358	205	11	51	382	791	1135	5.81e-43	164
PfGN01_010019800|DBLz|1|2658|3087	QG0234-C.g2022	35.102	245	144	7	67	303	90	327	7.54e-35	140
PfGN01_010019800|DBLz|1|2658|3087	QG0234-C.g2022	25.000	296	191	9	67	350	1241	1517	4.46e-17	86.7
PfGN01_010019800|DBLz|1|2658|3087	QG0234-C.g2022	27.306	271	138	11	93	359	3133	3348	1.53e-16	84.7
PfGN01_010019800|DBLz|1|2658|3087	QG0234-C.g2022	25.795	283	159	11	94	359	2349	2597	2.77e-11	68.6
PfGN01_010019800|DBLz|1|2658|3087	QG0234-C.g2022	24.251	334	157	11	95	361	1634	1938	4.30e-08	58.2
PfGN01_010019800|DBLz|1|2658|3087	PF0240-C.g514	100.000	430	0	0	1	430	2605	3034	0.0	886
PfGN01_010019800|DBLz|1|2658|3087	PF0240-C.g514	32.518	409	225	14	51	430	792	1178	2.65e-47	176
PfGN01_010019800|DBLz|1|2658|3087	PF0240-C.g514	34.568	243	151	5	67	303	90	330	3.60e-35	141
PfGN01_010019800|DBLz|1|2658|3087	PF0240-C.g514	27.306	271	138	11	93	359	3082	3297	1.57e-16	84.7
PfGN01_010019800|DBLz|1|2658|3087	PF0240-C.g514	24.555	281	172	7	81	350	1221	1472	6.71e-16	82.8
PfGN01_010019800|DBLz|1|2658|3087	PF0240-C.g514	25.795	283	159	11	94	359	2298	2546	2.45e-11	68.6
PfGN01_010019800|DBLz|1|2658|3087	PF0240-C.g514	25.070	355	169	12	72	361	1563	1885	7.96e-11	67.0
PfGN01_010019800|DBLz|1|2658|3087	PT0035-C.g503	100.000	430	0	0	1	430	2172	2601	0.0	886
PfGN01_010019800|DBLz|1|2658|3087	PT0035-C.g503	31.412	347	210	10	75	400	101	440	1.45e-40	157
PfGN01_010019800|DBLz|1|2658|3087	PT0035-C.g503	27.306	271	138	11	93	359	2649	2864	1.54e-16	84.7
PfGN01_010019800|DBLz|1|2658|3087	PT0035-C.g503	23.030	330	203	11	78	382	740	1043	3.43e-15	80.5
PfGN01_010019800|DBLz|1|2658|3087	PT0035-C.g503	25.707	389	188	15	74	395	1139	1493	3.67e-12	71.2
PfGN01_010019800|DBLz|1|2658|3087	PT0035-C.g503	24.359	312	186	13	66	359	1834	2113	2.02e-08	59.3
PfGN01_010019800|DBLz|1|2658|3087	PM0160-C.g766	100.000	430	0	0	1	430	2632	3061	0.0	886
PfGN01_010019800|DBLz|1|2658|3087	PM0160-C.g766	31.311	412	230	15	51	430	793	1183	1.92e-45	171
PfGN01_010019800|DBLz|1|2658|3087	PM0160-C.g766	29.189	370	205	10	59	385	83	438	1.29e-31	130
PfGN01_010019800|DBLz|1|2658|3087	PM0160-C.g766	25.000	296	191	9	67	350	1220	1496	1.43e-17	88.2
PfGN01_010019800|DBLz|1|2658|3087	PM0160-C.g766	27.306	271	138	11	93	359	3109	3324	1.42e-16	85.1
PfGN01_010019800|DBLz|1|2658|3087	PM0160-C.g766	25.795	283	159	11	94	359	2325	2573	2.49e-11	68.6
PfGN01_010019800|DBLz|1|2658|3087	PM0160-C.g766	24.642	349	171	10	78	361	1591	1912	1.13e-10	66.6
PfGN01_010019800|DBLe|2|3093|3401	PM0157-C.g701	100.000	309	0	0	1	309	2760	3068	0.0	640
PfGN01_010019800|DBLe|2|3093|3401	PM0157-C.g701	28.990	307	163	12	45	309	2019	2312	1.82e-25	108
PfGN01_010019800|DBLe|2|3093|3401	PM0157-C.g701	26.592	267	145	8	43	258	2417	2683	1.13e-15	80.1
PfGN01_010019800|DBLe|2|3093|3401	PM0157-C.g701	26.394	269	128	11	47	252	808	1069	1.57e-14	76.6
PfGN01_010019800|DBLe|2|3093|3401	PM0157-C.g701	25.581	215	104	7	97	255	1389	1603	3.55e-10	63.5
PfGN01_010019800|DBLe|2|3093|3401	PM0157-C.g701	24.645	211	109	9	47	210	123	330	6.22e-08	56.6
PfGN01_010019800|DBLe|2|3093|3401	QG0234-C.g2022	100.000	309	0	0	1	309	3091	3399	0.0	639
PfGN01_010019800|DBLe|2|3093|3401	QG0234-C.g2022	28.990	307	163	12	45	309	2350	2643	1.93e-25	108
PfGN01_010019800|DBLe|2|3093|3401	QG0234-C.g2022	27.760	317	169	12	47	309	1270	1580	1.24e-23	103
PfGN01_010019800|DBLe|2|3093|3401	QG0234-C.g2022	27.491	291	144	12	39	265	830	1117	6.60e-18	86.7
PfGN01_010019800|DBLe|2|3093|3401	QG0234-C.g2022	26.592	267	145	8	43	258	2748	3014	9.60e-16	80.5
PfGN01_010019800|DBLe|2|3093|3401	QG0234-C.g2022	27.094	203	109	6	47	210	125	327	8.97e-12	68.2
PfGN01_010019800|DBLe|2|3093|3401	QG0234-C.g2022	25.581	215	104	7	97	255	1720	1934	2.85e-10	63.9
PfGN01_010019800|DBLe|2|3093|3401	PT0035-C.g503	100.000	309	0	0	1	309	2607	2915	0.0	639
PfGN01_010019800|DBLe|2|3093|3401	PT0035-C.g503	28.223	287	159	10	45	287	1857	2140	3.30e-20	93.6
PfGN01_010019800|DBLe|2|3093|3401	PT0035-C.g503	26.592	267	145	8	43	258	2264	2530	8.42e-16	80.5
PfGN01_010019800|DBLe|2|3093|3401	PT0035-C.g503	25.573	262	132	11	47	252	758	1012	1.61e-12	70.5
PfGN01_010019800|DBLe|2|3093|3401	PT0035-C.g503	24.373	279	143	11	42	257	121	394	2.65e-11	67.0
PfGN01_010019800|DBLe|2|3093|3401	PT0035-C.g503	22.388	201	114	6	98	256	1245	1445	7.96e-08	56.2
PfGN01_010019800|DBLe|2|3093|3401	PM0160-C.g766	100.000	309	0	0	1	309	3067	3375	0.0	639
PfGN01_010019800|DBLe|2|3093|3401	PM0160-C.g766	28.990	307	163	12	45	309	2326	2619	2.22e-25	108
PfGN01_010019800|DBLe|2|3093|3401	PM0160-C.g766	27.812	320	165	15	47	309	1249	1559	5.41e-24	104
PfGN01_010019800|DBLe|2|3093|3401	PM0160-C.g766	29.304	273	141	11	39	262	832	1101	1.88e-18	88.6
PfGN01_010019800|DBLe|2|3093|3401	PM0160-C.g766	26.592	267	145	8	43	258	2724	2990	1.12e-15	80.1
PfGN01_010019800|DBLe|2|3093|3401	PM0160-C.g766	25.581	215	104	7	97	255	1694	1908	3.67e-10	63.5
PfGN01_010019800|DBLe|2|3093|3401	PM0160-C.g766	24.510	204	114	5	47	210	125	328	1.05e-07	55.8
PfGN01_010019800|DBLe|2|3093|3401	PF0240-C.g514	100.000	309	0	0	1	309	3040	3348	0.0	639
PfGN01_010019800|DBLe|2|3093|3401	PF0240-C.g514	32.581	310	151	12	47	309	1237	1535	2.44e-26	111
PfGN01_010019800|DBLe|2|3093|3401	PF0240-C.g514	28.990	307	163	12	45	309	2299	2592	1.96e-25	108
PfGN01_010019800|DBLe|2|3093|3401	PF0240-C.g514	28.030	264	145	10	43	262	835	1097	2.21e-17	85.1
PfGN01_010019800|DBLe|2|3093|3401	PF0240-C.g514	26.592	267	145	8	43	258	2697	2963	8.34e-16	80.5
PfGN01_010019800|DBLe|2|3093|3401	PF0240-C.g514	27.962	211	101	8	47	210	124	330	1.80e-12	70.5
PfGN01_010019800|DBLe|2|3093|3401	PF0240-C.g514	25.581	215	104	7	97	255	1667	1881	3.06e-10	63.5
PfGN01_010019800|ATS|1|3463|3898	PV0147-C.g27	84.633	436	57	5	1	436	2912	3337	0.0	738
PfGN01_010019800|ATS|1|3463|3898	PC0104-C.g98	84.404	436	64	3	1	436	3408	3839	0.0	738
PfGN01_010019800|ATS|1|3463|3898	PV0211-C.g29	83.716	436	62	4	1	436	2905	3331	0.0	734
PfGN01_010019800|ATS|1|3463|3898	PFKE12.g2	83.945	436	63	6	1	436	2689	3117	0.0	732
PfGN01_010019800|ATS|1|3463|3898	PA0262-C.g127	81.858	452	62	4	1	436	2860	3307	0.0	731
PfGN01_010020000|NTS|1|1|69	PD0474-C.g1004	62.903	62	23	0	8	69	6	67	2.38e-18	79.0
PfGN01_010020000|NTS|1|1|69	QG0282-C.g716	64.286	70	21	2	3	69	7	75	6.63e-18	77.8
PfGN01_010020000|NTS|1|1|69	QG0234-C.g586	76.786	56	12	1	14	69	9	63	6.80e-18	77.8
PfGN01_010020000|NTS|1|1|69	QE0439-C.g29	68.852	61	18	1	9	69	4	63	1.67e-17	76.6
PfGN01_010020000|NTS|1|1|69	PA0184-C.g533	72.222	54	15	0	11	64	5	58	1.85e-17	76.6
PfGN01_010020000|DBLa|1|70|476	PA0059-C.g328	78.345	411	83	5	1	407	64	472	0.0	658
PfGN01_010020000|DBLa|1|70|476	PA0059-C.g328	28.743	334	202	11	94	407	937	1254	3.27e-21	98.6
PfGN01_010020000|DBLa|1|70|476	PT0184-C.g214	71.602	412	108	5	1	407	68	475	0.0	576
PfGN01_010020000|DBLa|1|70|476	PT0184-C.g214	34.637	179	108	5	233	407	1245	1418	2.33e-20	96.3
PfGN01_010020000|DBLa|1|70|476	PC0113-C.g1404	69.324	414	116	6	1	407	65	474	0.0	573
PfGN01_010020000|DBLa|1|70|476	PC0113-C.g1404	26.689	296	169	10	150	407	1024	1309	3.04e-14	77.4
PfGN01_010020000|DBLa|1|70|476	QG0246-C.g2778	69.082	414	117	6	1	407	73	482	0.0	570
PfGN01_010020000|DBLa|1|70|476	QG0246-C.g2778	30.915	317	181	11	19	328	1684	1969	1.02e-30	127
PfGN01_010020000|DBLa|1|70|476	QG0246-C.g2778	27.557	352	194	12	103	407	982	1319	1.08e-21	100
PfGN01_010020000|DBLa|1|70|476	QG0246-C.g2778	24.460	278	149	7	49	326	2094	2310	1.93e-13	74.7
PfGN01_010020000|DBLa|1|70|476	PM0085-C.g725	71.117	412	105	8	1	407	63	465	0.0	570
PfGN01_010020000|DBLa|1|70|476	PM0085-C.g725	24.324	259	153	7	119	340	978	1230	8.62e-11	66.6
PfGN01_010020000|CIDRa|1|477|725	PA0059-C.g328	97.590	249	6	0	1	249	473	721	1.95e-165	499
PfGN01_010020000|CIDRa|1|477|725	PA0059-C.g328	27.962	211	132	5	16	217	1270	1469	2.52e-13	71.6
PfGN01_010020000|CIDRa|1|477|725	PM0076-C.g1230	76.000	250	59	1	1	249	484	733	1.39e-123	387
PfGN01_010020000|CIDRa|1|477|725	PM0076-C.g1230	30.282	142	81	5	64	197	1488	1619	4.77e-07	52.8
PfGN01_010020000|CIDRa|1|477|725	PC0113-C.g1404	69.721	251	74	2	1	249	475	725	2.01e-108	345
PfGN01_010020000|CIDRa|1|477|725	PC0113-C.g1404	33.663	101	66	1	93	193	1404	1503	7.58e-08	55.1
PfGN01_010020000|CIDRa|1|477|725	QG0246-C.g2778	69.721	251	74	2	1	249	483	733	3.98e-108	344
PfGN01_010020000|CIDRa|1|477|725	QG0246-C.g2778	29.560	159	96	4	101	247	1428	1582	7.66e-11	64.3
PfGN01_010020000|CIDRa|1|477|725	PF0617-C.g735	69.444	252	74	3	1	249	484	735	1.64e-107	342
PfGN01_010020000|DBLe|1|776|1122	PT0005-CW.g240	99.712	347	1	0	1	347	1673	2019	0.0	721
PfGN01_010020000|DBLe|1|776|1122	PT0005-CW.g240	26.222	225	105	10	124	293	177	395	7.17e-08	56.6
PfGN01_010020000|DBLe|1|776|1122	PA0185-C.g529	74.928	347	78	4	4	347	1054	1394	3.27e-166	512
PfGN01_010020000|DBLe|1|776|1122	PA0185-C.g529	31.452	248	130	7	46	292	1776	1984	1.40e-25	110
PfGN01_010020000|DBLe|1|776|1122	PA0185-C.g529	26.531	294	167	12	45	329	1445	1698	7.98e-15	78.2
PfGN01_010020000|DBLe|1|776|1122	PV0035-C.g51	73.011	352	84	6	1	347	837	1182	1.69e-159	491
PfGN01_010020000|DBLe|1|776|1122	PV0035-C.g51	31.724	290	153	9	46	332	1555	1802	3.78e-31	126
PfGN01_010020000|DBLe|1|776|1122	PV0035-C.g51	30.638	235	125	12	117	343	1285	1489	2.22e-12	70.9
PfGN01_010020000|DBLe|1|776|1122	PV0035-C.g51	34.483	87	39	2	224	292	380	466	1.78e-07	55.5
PfGN01_010020000|DBLe|1|776|1122	PM0017-C.g161	73.011	352	84	6	1	347	776	1121	2.35e-159	490
PfGN01_010020000|DBLe|1|776|1122	PM0017-C.g161	27.213	305	161	11	46	342	1494	1745	2.60e-22	100
PfGN01_010020000|DBLe|1|776|1122	PM0017-C.g161	29.487	234	129	11	117	343	1224	1428	3.12e-12	70.5
PfGN01_010020000|DBLe|1|776|1122	PV0241-C.g74	69.540	348	96	5	4	347	701	1042	4.22e-152	470
PfGN01_010020000|DBLe|1|776|1122	PV0241-C.g74	29.084	251	134	9	46	293	1425	1634	3.25e-22	100
PfGN01_010020000|DBLe|1|776|1122	PV0241-C.g74	27.876	226	127	10	117	329	1145	1347	8.45e-13	72.0
PfGN01_010020000|DBLe|2|1134|1408	PT0071-C.g728	99.636	275	1	0	1	275	1127	1401	0.0	562
PfGN01_010020000|DBLe|2|1134|1408	PT0071-C.g728	35.802	243	134	6	41	269	1488	1722	4.30e-36	139
PfGN01_010020000|DBLe|2|1134|1408	PT0071-C.g728	25.359	209	116	7	40	212	817	1021	9.72e-11	64.3
PfGN01_010020000|DBLe|2|1134|1408	PT0071-C.g728	25.126	199	106	7	44	200	121	318	3.15e-07	53.9
PfGN01_010020000|DBLe|2|1134|1408	PM0017-C.g161	99.273	275	2	0	1	275	1133	1407	0.0	557
PfGN01_010020000|DBLe|2|1134|1408	PM0017-C.g161	35.802	243	134	6	41	269	1494	1728	5.11e-36	138
PfGN01_010020000|DBLe|2|1134|1408	PM0017-C.g161	26.899	316	178	11	10	275	783	1095	5.13e-15	77.4
PfGN01_010020000|DBLe|2|1134|1408	PV0035-C.g51	95.273	275	13	0	1	275	1194	1468	1.45e-163	499
PfGN01_010020000|DBLe|2|1134|1408	PV0035-C.g51	34.538	249	141	7	41	275	1555	1795	6.42e-35	135
PfGN01_010020000|DBLe|2|1134|1408	PV0035-C.g51	26.875	320	173	12	10	275	844	1156	9.27e-15	76.6
PfGN01_010020000|DBLe|2|1134|1408	PM0136-C.g40	94.182	275	16	0	1	275	1177	1451	3.22e-161	493
PfGN01_010020000|DBLe|2|1134|1408	PM0136-C.g40	34.661	251	137	8	41	275	1538	1777	2.43e-32	127
PfGN01_010020000|DBLe|2|1134|1408	PM0136-C.g40	28.777	278	148	13	40	275	870	1139	3.12e-18	86.7
PfGN01_010020000|DBLe|2|1134|1408	PA0008-C.g161	84.364	275	42	1	1	275	679	952	1.06e-154	467
PfGN01_010020000|DBLe|2|1134|1408	PA0008-C.g161	35.060	251	137	7	41	275	1039	1279	6.08e-34	132
PfGN01_010020000|DBLe|2|1134|1408	PA0008-C.g161	29.137	278	150	13	40	275	369	641	1.01e-17	85.1
PfGN01_010020000|DBLe|3|1451|1765	PT0071-C.g728	100.000	315	0	0	1	315	1444	1758	0.0	666
PfGN01_010020000|DBLe|3|1451|1765	PT0071-C.g728	35.802	243	134	6	45	279	1167	1395	4.29e-30	122
PfGN01_010020000|DBLe|3|1451|1765	PT0071-C.g728	27.815	302	159	10	45	296	818	1110	5.69e-20	92.8
PfGN01_010020000|DBLe|3|1451|1765	PT0071-C.g728	25.101	247	132	7	20	220	93	332	2.61e-11	67.0
PfGN01_010020000|DBLe|3|1451|1765	PM0017-C.g161	100.000	315	0	0	1	315	1450	1764	0.0	665
PfGN01_010020000|DBLe|3|1451|1765	PM0017-C.g161	35.802	243	134	6	45	279	1173	1401	4.50e-30	122
PfGN01_010020000|DBLe|3|1451|1765	PM0017-C.g161	28.525	305	154	13	45	296	823	1116	1.69e-19	91.7
PfGN01_010020000|DBLe|3|1451|1765	PA0098-C.g275	93.038	316	21	1	1	315	2320	2635	0.0	623
PfGN01_010020000|DBLe|3|1451|1765	PA0098-C.g275	40.329	243	123	6	45	279	2043	2271	2.63e-42	158
PfGN01_010020000|DBLe|3|1451|1765	PA0098-C.g275	27.402	281	153	9	45	287	1699	1966	9.43e-23	101
PfGN01_010020000|DBLe|3|1451|1765	PA0098-C.g275	22.018	327	183	10	31	285	101	427	1.23e-09	62.0
PfGN01_010020000|DBLe|3|1451|1765	PA0098-C.g275	22.711	273	131	8	99	291	1053	1325	2.49e-07	54.7
PfGN01_010020000|DBLe|3|1451|1765	PA0034-C.g113	93.038	316	21	1	1	315	2300	2615	0.0	622
PfGN01_010020000|DBLe|3|1451|1765	PA0034-C.g113	40.329	243	123	6	45	279	2023	2251	3.43e-42	157
PfGN01_010020000|DBLe|3|1451|1765	PA0034-C.g113	27.402	281	153	9	45	287	1679	1946	1.06e-22	101
PfGN01_010020000|DBLe|3|1451|1765	PA0034-C.g113	26.638	229	120	9	35	217	104	330	2.15e-12	70.5
PfGN01_010020000|DBLe|3|1451|1765	PA0034-C.g113	22.711	273	131	8	99	291	1033	1305	2.62e-07	54.7
PfGN01_010020000|DBLe|3|1451|1765	PA0046-C.g142	93.038	316	21	1	1	315	1328	1643	0.0	621
PfGN01_010020000|DBLe|3|1451|1765	PA0046-C.g142	40.329	243	123	6	45	279	1051	1279	4.70e-42	157
PfGN01_010020000|DBLe|3|1451|1765	PA0046-C.g142	27.402	281	153	9	45	287	707	974	8.84e-23	101
PfGN01_010020000|DBLe|3|1451|1765	PA0046-C.g142	24.121	199	101	5	143	291	135	333	2.28e-07	54.7
PfGN01_010020000|ATS|1|1800|2232	QE0436-C.g732	76.483	489	53	7	2	433	1693	2176	0.0	692
PfGN01_010020000|ATS|1|1800|2232	PF0456-C.g548	79.823	451	69	6	2	433	1100	1547	0.0	689
PfGN01_010020000|ATS|1|1800|2232	PC0122-C.g100	83.971	418	62	5	2	416	1988	2403	0.0	682
PfGN01_010020000|ATS|1|1800|2232	PFKE09.g563	79.458	443	78	5	2	433	776	1216	0.0	682
PfGN01_010020000|ATS|1|1800|2232	PFKE01.g19	80.499	441	74	8	2	433	1734	2171	0.0	680
PfGN01_010020400|NTS|1|1|70	PM0117-C.g719	96.970	66	2	0	5	70	6	71	3.70e-38	135
PfGN01_010020400|NTS|1|1|70	PT0222-C.g271	90.909	66	6	0	5	70	6	71	1.21e-33	122
PfGN01_010020400|NTS|1|1|70	PA0104-C.g520	78.571	70	15	0	1	70	1	70	5.11e-29	109
PfGN01_010020400|NTS|1|1|70	PA0008-C.g56	94.444	54	3	0	17	70	7	60	8.74e-29	108
PfGN01_010020400|NTS|1|1|70	PF0119-C.g726	77.143	70	16	0	1	70	1	70	3.19e-28	107
PfGN01_010020400|DBLa|1|71|488	PM0117-C.g719	90.284	422	35	3	1	418	72	491	0.0	783
PfGN01_010020400|DBLa|1|71|488	PM0117-C.g719	31.073	177	108	6	245	418	1216	1381	2.94e-11	68.2
PfGN01_010020400|DBLa|1|71|488	PA0008-C.g56	90.284	422	35	3	1	418	61	480	0.0	783
PfGN01_010020400|DBLa|1|71|488	PA0008-C.g56	25.360	347	181	13	122	418	1009	1327	4.65e-20	95.5
PfGN01_010020400|DBLa|1|71|488	PT0222-C.g271	90.284	422	35	3	1	418	72	491	0.0	779
PfGN01_010020400|DBLa|1|71|488	PT0222-C.g271	29.470	302	179	6	51	352	2050	2317	3.53e-30	125
PfGN01_010020400|DBLa|1|71|488	PT0222-C.g271	30.435	322	163	11	118	418	1007	1288	2.54e-23	105
PfGN01_010020400|DBLa|1|71|488	PA0221-C.g876	74.883	426	96	5	1	418	69	491	0.0	651
PfGN01_010020400|DBLa|1|71|488	PA0221-C.g876	28.267	329	188	15	118	418	1017	1325	2.12e-14	77.8
PfGN01_010020400|DBLa|1|71|488	PT0170-C.g783	73.206	418	104	2	1	418	61	470	0.0	633
PfGN01_010020400|DBLa|1|71|488	PT0170-C.g783	33.981	206	117	8	220	418	1108	1301	1.50e-18	90.9
PfGN01_010020400|CIDRa|1|489|739	PM0117-C.g719	94.422	251	14	0	1	251	492	742	1.44e-162	494
PfGN01_010020400|CIDRa|1|489|739	PA0008-C.g56	94.422	251	14	0	1	251	481	731	2.61e-162	493
PfGN01_010020400|CIDRa|1|489|739	PF0449-C.g741	93.227	251	17	0	1	251	476	726	4.41e-160	486
PfGN01_010020400|CIDRa|1|489|739	PT0222-C.g271	86.885	244	32	0	1	244	492	735	4.36e-140	436
PfGN01_010020400|CIDRa|1|489|739	PT0222-C.g271	27.152	151	91	6	60	205	1346	1482	8.58e-07	52.0
PfGN01_010020400|CIDRa|1|489|739	PT0170-C.g795	84.127	252	39	1	1	251	486	737	5.89e-140	432
PfGN01_010020400|DBLd|1|822|1337	PA0200-C.g240	54.562	559	193	13	1	516	858	1398	3.55e-177	554
PfGN01_010020400|DBLd|1|822|1337	PA0200-C.g240	31.122	196	103	6	251	445	262	426	5.22e-15	80.9
PfGN01_010020400|DBLd|1|822|1337	PA0016-C.g553	53.211	545	207	15	1	516	145	670	8.23e-172	514
PfGN01_010020400|DBLd|1|822|1337	PA0069-C.g21	53.211	545	207	15	1	516	185	710	2.36e-171	514
PfGN01_010020400|DBLd|1|822|1337	PA0050-C.g10	53.211	545	207	15	1	516	253	778	2.09e-170	514
PfGN01_010020400|DBLd|1|822|1337	PA0068-C.g655	53.211	545	207	15	1	516	385	910	5.39e-169	514
PfGN01_010020400|CIDRg|1|1338|1602	PA0183-C.g28	67.790	267	80	5	1	265	862	1124	2.19e-105	333
PfGN01_010020400|CIDRg|1|1338|1602	PF0489-C.g394	62.879	264	88	4	1	257	1394	1654	1.32e-101	326
PfGN01_010020400|CIDRg|1|1338|1602	PC0053-C.g587	61.993	271	92	4	1	265	1384	1649	3.33e-101	325
PfGN01_010020400|CIDRg|1|1338|1602	PH0704-C.g776	61.232	276	91	7	1	265	1381	1651	9.45e-101	324
PfGN01_010020400|CIDRg|1|1338|1602	PH0643-C.g801	61.232	276	91	7	1	265	1379	1649	1.04e-100	324
PfGN01_010020400|ATS|1|1716|2172	PA0245-C.g998	81.818	462	75	6	1	457	1706	2163	0.0	729
PfGN01_010020400|ATS|1|1716|2172	PV0099-C.g26	83.047	466	67	5	1	457	2596	3058	0.0	702
PfGN01_010020400|ATS|1|1716|2172	PFKE09.g563	79.956	459	73	7	1	457	775	1216	0.0	700
PfGN01_010020400|ATS|1|1716|2172	PV0211-C.g39	79.614	466	76	10	1	457	2632	3087	0.0	699
PfGN01_010020400|ATS|1|1716|2172	PA0270-C.g443	79.348	460	87	7	1	457	2185	2639	0.0	698
PfGN01_020005600|NTS|1|1|59	PF0058-C.g321	94.340	53	3	0	7	59	16	68	2.74e-24	95.5
PfGN01_020005600|NTS|1|1|59	PA0151-C.g361	79.630	54	10	1	7	59	16	69	5.27e-21	85.9
PfGN01_020005600|NTS|1|1|59	PD0503-C.g641	74.074	54	14	0	3	56	5	58	4.70e-17	74.7
PfGN01_020005600|NTS|1|1|59	PF0035-C.g392	71.429	56	16	0	2	57	10	65	5.39e-17	74.7
PfGN01_020005600|NTS|1|1|59	PM0100-C.g2077	72.881	59	15	1	1	59	1	58	1.21e-16	73.6
PfGN01_020005600|DBLa|1|60|497	PA0151-C.g361	80.134	448	70	12	1	438	70	508	0.0	657
PfGN01_020005600|DBLa|1|60|497	PA0151-C.g361	32.781	302	153	11	1	290	898	1161	4.77e-32	132
PfGN01_020005600|DBLa|1|60|497	PT0117-C.g1059	74.150	441	90	9	1	438	75	494	0.0	645
PfGN01_020005600|DBLa|1|60|497	PT0117-C.g1059	40.594	101	58	1	246	344	1270	1370	3.48e-15	80.5
PfGN01_020005600|DBLa|1|60|497	PFKE10.g299	74.150	441	90	9	1	438	67	486	0.0	642
PfGN01_020005600|DBLa|1|60|497	PFKE10.g299	29.085	306	184	8	56	358	2109	2384	7.47e-28	119
PfGN01_020005600|DBLa|1|60|497	PFKE10.g299	29.290	338	186	8	122	438	1063	1368	3.81e-24	108
PfGN01_020005600|DBLa|1|60|497	PFKE10.g299	20.573	384	214	11	55	427	1700	2003	1.79e-09	62.8
PfGN01_020005600|DBLa|1|60|497	PH0599-C.g644	72.665	439	102	10	1	438	68	489	0.0	621
PfGN01_020005600|DBLa|1|60|497	PH0599-C.g644	31.507	219	110	11	222	438	1141	1321	1.07e-12	72.8
PfGN01_020005600|DBLa|1|60|497	PH0610-C.g747	72.665	439	102	10	1	438	68	489	0.0	620
PfGN01_020005600|DBLa|1|60|497	PH0610-C.g747	37.391	115	57	5	222	334	1141	1242	2.57e-09	62.0
PfGN01_020005600|CIDRa|1|499|804	PA0151-C.g361	86.495	311	35	3	1	305	510	819	4.36e-174	519
PfGN01_020005600|CIDRa|1|499|804	PD0532-C.g661	81.063	301	53	2	1	299	509	807	1.60e-154	475
PfGN01_020005600|CIDRa|1|499|804	PA0201-C.g741	80.392	306	50	2	1	306	493	788	1.58e-152	469
PfGN01_020005600|CIDRa|1|499|804	PA0201-C.g738	80.392	306	50	2	1	306	493	788	3.96e-152	469
PfGN01_020005600|CIDRa|1|499|804	PD0554-C.g593	78.758	306	59	3	1	304	509	810	4.68e-149	460
PfGN01_020005600|DBLd|1|887|1404	PH0325-C.g257	53.873	568	172	16	1	518	879	1406	1.91e-172	540
PfGN01_020005600|DBLd|1|887|1404	PH0325-C.g257	38.739	111	64	2	338	446	301	409	1.81e-17	88.6
PfGN01_020005600|DBLd|1|887|1404	PF0113-C.g1	53.761	545	174	13	1	518	398	891	1.13e-160	491
PfGN01_020005600|DBLd|1|887|1404	PF0058-C.g292	53.497	529	188	12	16	518	1803	2299	9.71e-157	496
PfGN01_020005600|DBLd|1|887|1404	PF0058-C.g292	31.915	188	107	6	344	518	287	466	2.02e-13	75.9
PfGN01_020005600|DBLd|1|887|1404	PM0114-C.g197	51.075	558	198	16	1	518	879	1401	2.02e-150	478
PfGN01_020005600|DBLd|1|887|1404	PM0114-C.g197	32.292	192	105	6	348	518	313	500	1.74e-18	92.0
PfGN01_020005600|DBLd|1|887|1404	PM0090-C.g643	48.141	538	223	13	1	518	861	1362	1.10e-148	468
PfGN01_020005600|DBLd|1|887|1404	PM0090-C.g643	35.294	119	75	1	330	446	288	406	3.58e-15	81.3
PfGN01_020005600|CIDRg|1|1405|1651	PF0113-C.g1	86.235	247	34	0	1	247	892	1138	3.01e-145	439
PfGN01_020005600|CIDRg|1|1405|1651	PV0115-C.g38	71.545	246	60	3	1	245	1657	1893	1.48e-109	348
PfGN01_020005600|CIDRg|1|1405|1651	PC0054-C.g401	72.541	244	54	4	1	241	1388	1621	1.90e-108	345
PfGN01_020005600|CIDRg|1|1405|1651	PF0368-C.g465	72.541	244	54	4	1	241	1332	1565	4.42e-108	343
PfGN01_020005600|CIDRg|1|1405|1651	PF0058-C.g564	72.541	244	54	4	1	241	1338	1571	5.87e-108	343
PfGN01_020005600|ATS|1|1763|2224	PA0204-C.g659	78.079	479	82	6	1	462	1701	2173	0.0	694
PfGN01_020005600|ATS|1|1763|2224	PA0245-C.g998	77.682	466	92	8	1	462	1706	2163	0.0	692
PfGN01_020005600|ATS|1|1763|2224	PA0270-C.g443	78.879	464	87	10	1	462	2185	2639	0.0	684
PfGN01_020005600|ATS|1|1763|2224	PC0097-C.g1245	80.130	463	55	9	1	462	1701	2127	0.0	680
PfGN01_020005600|ATS|1|1763|2224	PA0245-C.g391	77.322	463	77	9	1	462	2512	2947	0.0	679
PfGN01_020005900|NTS|1|1|67	PC0085-C.g1039	83.051	59	10	0	9	67	5	63	2.61e-26	101
PfGN01_020005900|NTS|1|1|67	PT0080-C.g355	87.500	56	7	0	12	67	18	73	2.91e-25	98.6
PfGN01_020005900|NTS|1|1|67	PF0617-C.g358	85.714	56	8	0	12	67	16	71	3.15e-25	98.6
PfGN01_020005900|NTS|1|1|67	PD0561-C.g263	76.119	67	12	1	1	67	1	63	4.56e-25	97.8
PfGN01_020005900|NTS|1|1|67	PF0456-C.g297	85.714	56	8	0	12	67	15	70	1.04e-24	97.1
PfGN01_020005900|DBLa|1|68|487	PT0264-C.g429	75.806	434	80	7	1	420	67	489	0.0	665
PfGN01_020005900|DBLa|1|68|487	PT0264-C.g429	30.133	375	186	16	6	368	810	1120	3.70e-28	120
PfGN01_020005900|DBLa|1|68|487	PT0264-C.g429	30.612	245	127	8	53	283	1687	1902	3.86e-22	101
PfGN01_020005900|DBLa|1|68|487	PT0264-C.g429	24.176	364	201	13	1	342	1211	1521	1.01e-14	79.0
PfGN01_020005900|DBLa|1|68|487	PV0229-C.g36	71.934	424	99	5	1	420	74	481	0.0	621
PfGN01_020005900|DBLa|1|68|487	PV0229-C.g36	29.697	330	171	13	55	368	856	1140	7.14e-28	119
PfGN01_020005900|DBLa|1|68|487	PV0229-C.g36	30.734	218	120	7	53	255	1688	1889	1.20e-20	97.4
PfGN01_020005900|DBLa|1|68|487	PV0229-C.g36	24.055	291	173	10	51	332	1260	1511	3.04e-11	68.2
PfGN01_020005900|DBLa|1|68|487	PV0128-C.g41	71.934	424	99	5	1	420	74	481	0.0	621
PfGN01_020005900|DBLa|1|68|487	PV0128-C.g41	29.697	330	171	13	55	368	856	1140	7.14e-28	119
PfGN01_020005900|DBLa|1|68|487	PV0128-C.g41	30.734	218	120	7	53	255	1688	1889	1.20e-20	97.4
PfGN01_020005900|DBLa|1|68|487	PV0128-C.g41	24.055	291	173	10	51	332	1260	1511	3.04e-11	68.2
PfGN01_020005900|DBLa|1|68|487	PV0083-C.g48	71.934	424	99	5	1	420	74	481	0.0	621
PfGN01_020005900|DBLa|1|68|487	PV0083-C.g48	29.697	330	171	13	55	368	856	1140	7.14e-28	119
PfGN01_020005900|DBLa|1|68|487	PV0083-C.g48	30.734	218	120	7	53	255	1688	1889	1.20e-20	97.4
PfGN01_020005900|DBLa|1|68|487	PV0083-C.g48	24.055	291	173	10	51	332	1260	1511	3.04e-11	68.2
PfGN01_020005900|DBLa|1|68|487	PH0500-CW.g219	71.934	424	99	5	1	420	74	481	0.0	621
PfGN01_020005900|DBLa|1|68|487	PH0500-CW.g219	27.578	446	232	15	34	420	1685	2098	2.54e-29	123
PfGN01_020005900|DBLa|1|68|487	PH0500-CW.g219	27.778	360	205	12	20	368	822	1137	2.39e-28	120
PfGN01_020005900|CIDRa|1|488|740	PV0080-C.g53	83.665	251	34	2	1	250	494	738	5.11e-136	410
PfGN01_020005900|CIDRa|1|488|740	PA0229-C.g387	80.315	254	49	1	1	253	474	727	1.59e-133	417
PfGN01_020005900|CIDRa|1|488|740	PA0229-C.g387	29.524	105	74	0	84	188	2095	2199	1.69e-10	63.2
PfGN01_020005900|CIDRa|1|488|740	PA0165-C.g440	85.433	254	31	4	2	250	495	747	3.36e-133	416
PfGN01_020005900|CIDRa|1|488|740	PA0165-C.g440	27.737	137	91	4	99	231	2222	2354	4.54e-07	53.1
PfGN01_020005900|CIDRa|1|488|740	PC0070-C.g437	80.080	251	49	1	1	250	474	724	8.45e-133	412
PfGN01_020005900|CIDRa|1|488|740	PV0256-C.g19	80.080	251	43	2	1	250	482	726	1.51e-130	409
PfGN01_020005900|DBLb|1|749|1182	PT0303-Cx.g1544	78.685	441	77	6	1	434	748	1178	0.0	688
PfGN01_020005900|DBLb|1|749|1182	PT0303-Cx.g1544	34.511	368	182	15	105	434	1244	1590	1.21e-43	166
PfGN01_020005900|DBLb|1|749|1182	PT0303-Cx.g1544	30.939	362	172	18	29	322	47	398	2.40e-26	114
PfGN01_020005900|DBLb|1|749|1182	PA0165-C.g440	71.429	448	102	7	1	432	760	1197	0.0	649
PfGN01_020005900|DBLb|1|749|1182	PA0165-C.g440	30.159	441	212	20	9	369	18	442	6.52e-32	131
PfGN01_020005900|DBLb|1|749|1182	PA0165-C.g440	23.054	334	168	11	168	434	1809	2120	5.68e-07	54.7
PfGN01_020005900|DBLb|1|749|1182	PF0263-C.g146	70.337	445	114	7	1	434	787	1224	0.0	602
PfGN01_020005900|DBLb|1|749|1182	PF0263-C.g146	28.395	405	217	17	12	371	2361	2737	2.55e-28	120
PfGN01_020005900|DBLb|1|749|1182	PF0263-C.g146	32.523	329	147	18	73	335	117	436	1.40e-25	112
PfGN01_020005900|DBLb|1|749|1182	PF0263-C.g146	25.000	264	170	9	105	358	2060	2305	6.36e-11	67.4
PfGN01_020005900|DBLb|1|749|1182	PF0782-C.g407	70.112	445	115	7	1	434	737	1174	0.0	599
PfGN01_020005900|DBLb|1|749|1182	PF0782-C.g407	36.042	283	130	15	73	313	83	356	6.60e-30	125
PfGN01_020005900|DBLb|1|749|1182	QG0187-C.g580	67.562	447	123	8	1	434	753	1190	0.0	592
PfGN01_020005900|DBLb|1|749|1182	QG0187-C.g580	27.586	435	227	21	15	375	26	446	3.66e-23	105
PfGN01_020005900|DBLg|1|1197|1577	PT0048-C.g74	70.725	386	101	4	1	381	1248	1626	3.17e-177	548
PfGN01_020005900|DBLg|1|1197|1577	PT0048-C.g74	30.789	393	206	14	1	331	1646	2034	6.34e-46	171
PfGN01_020005900|DBLg|1|1197|1577	PT0048-C.g74	25.321	312	164	11	40	307	108	394	3.71e-16	82.8
PfGN01_020005900|DBLg|1|1197|1577	PT0048-C.g74	27.445	317	163	12	32	346	2441	2692	1.96e-14	77.8
PfGN01_020005900|DBLg|1|1197|1577	PT0048-C.g74	25.547	274	166	9	45	302	859	1110	9.20e-13	72.4
PfGN01_020005900|DBLg|1|1197|1577	QE0469-C.g188	62.982	389	132	4	1	381	85	469	1.00e-161	481
PfGN01_020005900|DBLg|1|1197|1577	QE0469-C.g188	23.894	339	194	12	29	330	558	869	3.05e-15	79.7
PfGN01_020005900|DBLg|1|1197|1577	PA0165-C.g886	72.543	346	81	3	1	346	1318	1649	1.53e-159	498
PfGN01_020005900|DBLg|1|1197|1577	PA0165-C.g886	30.748	361	185	10	43	344	1738	2092	5.91e-42	159
PfGN01_020005900|DBLg|1|1197|1577	PA0165-C.g886	25.862	348	198	10	45	381	2460	2758	2.71e-17	86.3
PfGN01_020005900|DBLg|1|1197|1577	PA0165-C.g886	27.922	308	143	14	45	346	3252	3486	3.52e-14	77.0
PfGN01_020005900|DBLg|1|1197|1577	PA0165-C.g886	24.127	315	185	11	18	304	2834	3122	5.26e-14	76.3
PfGN01_020005900|DBLg|1|1197|1577	PA0165-C.g886	27.234	235	128	10	119	316	195	423	3.97e-12	70.5
PfGN01_020005900|DBLg|1|1197|1577	PA0165-C.g886	23.077	286	150	10	45	302	963	1206	3.01e-08	58.5
PfGN01_020005900|DBLg|1|1197|1577	PT0230-Cx.g733	65.985	391	106	9	1	381	1193	1566	3.60e-157	491
PfGN01_020005900|DBLg|1|1197|1577	PT0230-Cx.g733	34.000	300	160	7	41	315	1653	1939	7.07e-48	177
PfGN01_020005900|DBLg|1|1197|1577	PT0230-Cx.g733	24.779	339	178	11	17	346	3118	3388	4.24e-21	97.8
PfGN01_020005900|DBLg|1|1197|1577	PT0230-Cx.g733	25.993	277	169	5	45	309	2340	2592	3.27e-17	86.3
PfGN01_020005900|DBLg|1|1197|1577	PT0230-Cx.g733	25.762	361	204	15	20	344	2719	3051	3.39e-17	86.3
PfGN01_020005900|DBLg|1|1197|1577	PT0230-Cx.g733	25.000	288	150	10	39	302	834	1079	6.23e-14	76.3
PfGN01_020005900|DBLg|1|1197|1577	PT0230-Cx.g733	25.914	301	164	9	42	305	111	389	7.93e-14	75.9
PfGN01_020005900|DBLg|1|1197|1577	PT0027-C.g610	65.473	391	108	9	1	381	1243	1616	1.47e-155	487
PfGN01_020005900|DBLg|1|1197|1577	PT0027-C.g610	31.596	307	166	7	37	302	1693	1996	3.51e-35	139
PfGN01_020005900|DBLg|1|1197|1577	PT0027-C.g610	25.656	343	198	14	27	336	98	416	7.88e-17	85.1
PfGN01_020005900|DBLg|1|1197|1577	PT0027-C.g610	26.433	314	166	8	24	309	2394	2670	3.51e-16	83.2
PfGN01_020005900|DBLg|1|1197|1577	PT0027-C.g610	26.480	321	169	12	42	351	3101	3365	1.26e-14	78.2
PfGN01_020005900|DBLg|1|1197|1577	PT0027-C.g610	25.442	283	154	10	41	316	2770	3002	7.25e-14	75.9
PfGN01_020005900|DBLg|1|1197|1577	PT0027-C.g610	23.741	278	157	8	45	302	876	1118	4.76e-11	67.0
PfGN01_020005900|DBLz|1|1586|2014	QG0182-C.g434	100.000	429	0	0	1	429	1576	2004	0.0	878
PfGN01_020005900|DBLz|1|1586|2014	QG0182-C.g434	28.178	472	258	13	3	429	770	1205	1.22e-39	154
PfGN01_020005900|DBLz|1|1586|2014	QG0182-C.g434	29.167	288	179	6	95	363	112	393	3.80e-31	129
PfGN01_020005900|DBLz|1|1586|2014	QG0182-C.g434	26.606	327	174	13	81	393	1242	1516	2.26e-15	81.3
PfGN01_020005900|DBLz|1|1586|2014	QG0205-C.g466	73.660	429	113	0	1	429	1569	1997	0.0	641
PfGN01_020005900|DBLz|1|1586|2014	QG0205-C.g466	28.125	416	242	11	4	391	740	1126	3.37e-40	155
PfGN01_020005900|DBLz|1|1586|2014	QG0205-C.g466	30.447	358	217	9	56	388	72	422	1.03e-35	142
PfGN01_020005900|DBLz|1|1586|2014	QG0205-C.g466	25.000	284	147	11	94	348	1231	1477	3.08e-10	65.1
PfGN01_020005900|DBLz|1|1586|2014	PD0544-C.g181	75.058	429	107	0	1	429	2432	2860	0.0	617
PfGN01_020005900|DBLz|1|1586|2014	PD0544-C.g181	28.629	496	255	17	1	429	833	1296	3.04e-44	167
PfGN01_020005900|DBLz|1|1586|2014	PD0544-C.g181	28.529	340	201	9	50	354	71	403	1.77e-30	127
PfGN01_020005900|DBLz|1|1586|2014	PD0544-C.g181	22.559	297	166	11	81	352	2087	2344	4.49e-08	58.2
PfGN01_020005900|DBLz|1|1586|2014	PD0544-C.g181	25.000	260	163	10	156	395	1450	1697	5.30e-08	57.8
PfGN01_020005900|DBLz|1|1586|2014	PD0543-C.g151	75.058	429	107	0	1	429	2432	2860	0.0	617
PfGN01_020005900|DBLz|1|1586|2014	PD0543-C.g151	28.629	496	255	17	1	429	833	1296	3.04e-44	167
PfGN01_020005900|DBLz|1|1586|2014	PD0543-C.g151	28.529	340	201	9	50	354	71	403	1.77e-30	127
PfGN01_020005900|DBLz|1|1586|2014	PD0543-C.g151	22.559	297	166	11	81	352	2087	2344	4.49e-08	58.2
PfGN01_020005900|DBLz|1|1586|2014	PD0543-C.g151	25.000	260	163	10	156	395	1450	1697	5.30e-08	57.8
PfGN01_020005900|DBLz|1|1586|2014	PH0643-C.g554	71.526	439	108	5	1	429	1575	2006	0.0	607
PfGN01_020005900|DBLz|1|1586|2014	PH0643-C.g554	31.692	467	252	18	6	429	736	1178	1.13e-50	186
PfGN01_020005900|DBLz|1|1586|2014	PH0643-C.g554	28.912	377	227	13	2	352	14	375	2.26e-31	129
PfGN01_020005900|DBLz|1|1586|2014	PH0643-C.g554	25.656	343	184	13	30	349	1190	1484	1.35e-11	69.3
PfGN01_020005900|ATS|1|2100|2536	PFKE07.g1065	83.599	439	54	7	2	437	1645	2068	0.0	733
PfGN01_020005900|ATS|1|2100|2536	PFKE07.g667	79.249	453	73	8	2	437	2366	2814	0.0	710
PfGN01_020005900|ATS|1|2100|2536	PV0028-C.g43	80.000	440	82	5	1	437	1843	2279	0.0	706
PfGN01_020005900|ATS|1|2100|2536	PD0483-C.g348	81.304	460	61	5	1	437	2589	3046	0.0	704
PfGN01_020005900|ATS|1|2100|2536	PV0147-C.g56	81.778	450	63	7	1	437	1700	2143	0.0	700
PfGN01_020027900|NTS|1|1|59	PM0138-C.g142	93.220	59	4	0	1	59	1	59	2.28e-29	109
PfGN01_020027900|NTS|1|1|59	QG0243-C.g2012	86.441	59	8	0	1	59	1	59	2.84e-28	106
PfGN01_020027900|NTS|1|1|59	SenT097.11.g471	87.719	57	3	1	7	59	4	60	8.23e-26	99.8
PfGN01_020027900|NTS|1|1|59	SenT140.11.g578	87.719	57	3	1	7	59	4	60	8.64e-26	99.8
PfGN01_020027900|NTS|1|1|59	PF0282-C.g311	79.661	59	12	0	1	59	1	59	2.04e-25	98.6
PfGN01_020027900|DBLa|1|60|459	QG0243-C.g2012	98.750	400	5	0	1	400	60	459	0.0	836
PfGN01_020027900|DBLa|1|60|459	QG0243-C.g2012	30.649	385	202	16	1	365	791	1130	1.61e-30	126
PfGN01_020027900|DBLa|1|60|459	QG0243-C.g2012	23.490	149	94	3	175	320	1397	1528	8.21e-08	57.0
PfGN01_020027900|DBLa|1|60|459	QE0461-C.g394	84.328	402	58	3	1	400	61	459	0.0	672
PfGN01_020027900|DBLa|1|60|459	QE0461-C.g394	30.829	386	215	13	8	382	792	1136	5.31e-33	134
PfGN01_020027900|DBLa|1|60|459	QE0461-C.g394	31.707	328	200	9	53	373	1682	1992	9.57e-32	130
PfGN01_020027900|DBLa|1|60|459	QE0461-C.g394	24.573	293	164	9	51	329	1262	1511	2.45e-09	62.0
PfGN01_020027900|DBLa|1|60|459	PV0084-C.g75	84.328	402	58	3	1	400	61	459	0.0	672
PfGN01_020027900|DBLa|1|60|459	PV0084-C.g75	30.829	386	215	13	8	382	792	1136	5.31e-33	134
PfGN01_020027900|DBLa|1|60|459	PV0084-C.g75	31.707	328	200	9	53	373	1682	1992	9.57e-32	130
PfGN01_020027900|DBLa|1|60|459	PV0084-C.g75	24.573	293	164	9	51	329	1262	1511	2.45e-09	62.0
PfGN01_020027900|DBLa|1|60|459	SenT140.11.g578	83.005	406	62	4	1	400	61	465	0.0	662
PfGN01_020027900|DBLa|1|60|459	SenT140.11.g578	32.407	324	164	14	55	362	844	1128	1.12e-30	127
PfGN01_020027900|DBLa|1|60|459	SenT140.11.g578	26.481	287	161	10	48	320	1249	1499	1.00e-12	72.4
PfGN01_020027900|DBLa|1|60|459	SenT097.11.g471	83.005	406	62	4	1	400	61	465	0.0	662
PfGN01_020027900|DBLa|1|60|459	SenT097.11.g471	32.407	324	164	14	55	362	844	1128	1.16e-30	127
PfGN01_020027900|DBLa|1|60|459	SenT097.11.g471	26.481	287	161	10	48	320	1249	1499	1.09e-12	72.4
PfGN01_020027900|CIDRa|1|460|709	QG0243-C.g2012	91.200	250	21	1	1	250	460	708	3.16e-143	445
PfGN01_020027900|CIDRa|1|460|709	QG0243-C.g2012	25.000	128	95	1	68	194	2264	2391	3.74e-07	53.1
PfGN01_020027900|CIDRa|1|460|709	QE0461-C.g394	80.488	246	47	1	1	246	460	704	7.75e-129	404
PfGN01_020027900|CIDRa|1|460|709	PV0084-C.g75	80.488	246	47	1	1	246	460	704	7.75e-129	404
PfGN01_020027900|CIDRa|1|460|709	PC0056-C.g602	76.735	245	56	1	1	245	463	706	7.30e-126	384
PfGN01_020027900|CIDRa|1|460|709	PF0417-C.g45	76.735	245	56	1	1	245	60	303	1.86e-122	383
PfGN01_020027900|CIDRa|1|460|709	PF0417-C.g45	26.396	197	144	1	36	231	1240	1436	6.64e-17	82.0
PfGN01_020027900|DBLb|1|726|1193	PT0042-C.g356	77.083	480	92	9	1	468	760	1233	0.0	736
PfGN01_020027900|DBLb|1|726|1193	PT0042-C.g356	34.701	268	128	8	115	349	119	372	2.93e-33	136
PfGN01_020027900|DBLb|1|726|1193	PT0042-C.g356	24.555	281	178	6	89	361	1272	1526	4.49e-17	87.0
PfGN01_020027900|DBLb|1|726|1193	PT0042-C.g356	27.208	283	166	10	105	366	1651	1914	1.36e-16	85.5
PfGN01_020027900|DBLb|1|726|1193	PM0153-C.g387	65.678	472	146	7	1	468	247	706	0.0	600
PfGN01_020027900|DBLb|1|726|1193	PM0153-C.g387	29.553	291	155	13	95	367	755	1013	2.34e-17	87.8
PfGN01_020027900|DBLb|1|726|1193	PA0148-C.g255	65.678	472	146	7	1	468	739	1198	0.0	599
PfGN01_020027900|DBLb|1|726|1193	PA0148-C.g255	31.858	339	182	16	63	366	62	386	2.29e-31	130
PfGN01_020027900|DBLb|1|726|1193	PA0148-C.g255	29.553	291	155	13	95	367	1247	1505	2.12e-17	88.2
PfGN01_020027900|DBLb|1|726|1193	PF0725-C.g150	65.678	472	146	7	1	468	738	1197	0.0	599
PfGN01_020027900|DBLb|1|726|1193	PF0725-C.g150	31.858	339	182	16	63	366	61	385	2.07e-31	130
PfGN01_020027900|DBLb|1|726|1193	PF0725-C.g150	29.553	291	155	13	95	367	1246	1504	2.00e-17	88.2
PfGN01_020027900|DBLb|1|726|1193	PF0393-CW.g408	65.678	472	146	7	1	468	739	1198	0.0	599
PfGN01_020027900|DBLb|1|726|1193	PF0393-CW.g408	31.858	339	182	16	63	366	62	386	2.29e-31	130
PfGN01_020027900|DBLb|1|726|1193	PF0393-CW.g408	29.553	291	155	13	95	367	1247	1505	2.12e-17	88.2
PfGN01_020027900|DBLg|1|1211|1582	PT0149-C.g222	78.763	372	77	1	1	372	1939	2308	0.0	599
PfGN01_020027900|DBLg|1|1211|1582	PT0149-C.g222	35.227	352	174	10	1	304	1231	1576	9.15e-52	187
PfGN01_020027900|DBLg|1|1211|1582	PT0149-C.g222	28.025	314	140	13	46	304	116	398	1.31e-11	68.9
PfGN01_020027900|DBLg|1|1211|1582	PT0149-C.g222	23.117	385	213	15	44	372	858	1215	5.26e-11	67.0
PfGN01_020027900|DBLg|1|1211|1582	PT0149-C.g222	24.000	375	229	15	33	372	2395	2748	5.75e-11	66.6
PfGN01_020027900|DBLg|1|1211|1582	PA0035-C.g72	76.882	372	83	1	1	372	1652	2020	0.0	592
PfGN01_020027900|DBLg|1|1211|1582	PA0035-C.g72	26.506	332	132	13	73	297	936	1262	1.66e-20	95.9
PfGN01_020027900|DBLg|1|1211|1582	PA0035-C.g72	22.571	350	224	12	48	372	2122	2449	5.42e-09	60.5
PfGN01_020027900|DBLg|1|1211|1582	PA0035-C.g72	22.436	312	164	13	46	300	115	405	1.37e-07	56.2
PfGN01_020027900|DBLg|1|1211|1582	PV0229-C.g36	72.559	379	86	6	1	372	1220	1587	1.18e-176	542
PfGN01_020027900|DBLg|1|1211|1582	PV0229-C.g36	25.075	335	196	15	46	334	124	449	9.90e-14	75.5
PfGN01_020027900|DBLg|1|1211|1582	PV0229-C.g36	25.758	264	148	9	49	286	855	1096	7.11e-11	66.6
PfGN01_020027900|DBLg|1|1211|1582	PV0128-C.g41	72.559	379	86	6	1	372	1220	1587	1.18e-176	542
PfGN01_020027900|DBLg|1|1211|1582	PV0128-C.g41	25.075	335	196	15	46	334	124	449	9.90e-14	75.5
PfGN01_020027900|DBLg|1|1211|1582	PV0128-C.g41	25.758	264	148	9	49	286	855	1096	7.11e-11	66.6
PfGN01_020027900|DBLg|1|1211|1582	PV0083-C.g48	72.559	379	86	6	1	372	1220	1587	1.18e-176	542
PfGN01_020027900|DBLg|1|1211|1582	PV0083-C.g48	25.075	335	196	15	46	334	124	449	9.90e-14	75.5
PfGN01_020027900|DBLg|1|1211|1582	PV0083-C.g48	25.758	264	148	9	49	286	855	1096	7.11e-11	66.6
PfGN01_020027900|DBLz|1|1591|2017	PT0098-C.g409	84.112	428	66	2	1	427	1568	1994	0.0	721
PfGN01_020027900|DBLz|1|1591|2017	PT0098-C.g409	30.170	411	223	10	23	403	771	1147	4.88e-45	170
PfGN01_020027900|DBLz|1|1591|2017	PT0098-C.g409	26.667	360	217	10	66	401	91	427	1.38e-26	115
PfGN01_020027900|DBLz|1|1591|2017	PT0098-C.g409	23.204	362	212	12	95	427	1235	1559	4.63e-14	77.0
PfGN01_020027900|DBLz|1|1591|2017	SenT231.08.g433	76.224	429	92	3	1	427	2355	2775	0.0	667
PfGN01_020027900|DBLz|1|1591|2017	SenT231.08.g433	30.716	433	221	14	50	427	808	1216	4.84e-47	176
PfGN01_020027900|DBLz|1|1591|2017	SenT231.08.g433	27.389	471	277	16	2	425	18	470	2.40e-32	132
PfGN01_020027900|DBLz|1|1591|2017	SenT231.08.g433	22.659	331	191	12	81	382	2009	2303	1.85e-11	68.9
PfGN01_020027900|DBLz|1|1591|2017	PF0359-C.g221	72.076	419	116	1	1	418	1652	2070	0.0	628
PfGN01_020027900|DBLz|1|1591|2017	PF0359-C.g221	29.283	321	173	10	64	367	827	1110	6.17e-27	116
PfGN01_020027900|DBLz|1|1591|2017	PF0359-C.g221	27.797	295	165	8	95	352	124	407	5.83e-24	107
PfGN01_020027900|DBLz|1|1591|2017	PF0359-C.g221	25.180	278	153	10	94	348	1316	1561	4.68e-12	70.9
PfGN01_020027900|DBLz|1|1591|2017	PA0200-C.g364	72.076	419	116	1	1	418	1620	2038	0.0	627
PfGN01_020027900|DBLz|1|1591|2017	PA0200-C.g364	30.691	391	221	14	67	425	80	452	4.10e-31	129
PfGN01_020027900|DBLz|1|1591|2017	PA0200-C.g364	28.608	388	216	14	2	367	730	1078	3.21e-29	123
PfGN01_020027900|DBLz|1|1591|2017	PA0200-C.g364	24.820	278	154	10	94	348	1284	1529	1.53e-11	69.3
PfGN01_020027900|DBLz|1|1591|2017	PA0030-C.g1191	72.076	419	116	1	1	418	1601	2019	0.0	625
PfGN01_020027900|DBLz|1|1591|2017	PA0030-C.g1191	28.395	405	215	15	73	427	834	1213	2.67e-36	144
PfGN01_020027900|DBLz|1|1591|2017	PA0030-C.g1191	28.788	330	179	8	89	378	105	418	6.51e-30	125
PfGN01_020027900|DBLz|1|1591|2017	PA0030-C.g1191	24.028	283	168	8	81	348	1260	1510	1.07e-12	72.8
PfGN01_020027900|ATS|1|2103|2565	PD0549-C.g516	82.937	463	60	7	2	463	2190	2634	0.0	739
PfGN01_020027900|ATS|1|2103|2565	PD0511-C.g583	82.937	463	60	7	2	463	2190	2634	0.0	739
PfGN01_020027900|ATS|1|2103|2565	PV0028-C.g31	80.085	472	69	8	1	463	1737	2192	0.0	738
PfGN01_020027900|ATS|1|2103|2565	PFKE12.g465	76.877	506	58	8	1	463	1773	2262	0.0	732
PfGN01_020027900|ATS|1|2103|2565	PT0219-C.g578	78.252	492	69	7	1	463	1736	2218	0.0	729
PfGN01_020028200|NTS|1|1|66	PV0229-C.g60	84.848	66	10	0	1	66	1	66	6.65e-31	114
PfGN01_020028200|NTS|1|1|66	PV0083-C.g54	84.848	66	10	0	1	66	1	66	7.78e-31	114
PfGN01_020028200|NTS|1|1|66	PV0128-C.g66	84.848	66	10	0	1	66	1	66	8.25e-31	114
PfGN01_020028200|NTS|1|1|66	PM0157-C.g693	81.429	70	9	1	1	66	1	70	2.18e-29	110
PfGN01_020028200|NTS|1|1|66	PF0489-C.g699	81.429	70	9	1	1	66	1	70	2.31e-29	110
PfGN01_020028200|DBLa|1|67|470	QE0474-C.g18	83.047	407	58	4	1	404	77	475	0.0	659
PfGN01_020028200|DBLa|1|67|470	QE0474-C.g18	32.308	325	186	11	41	355	2154	2454	1.81e-32	132
PfGN01_020028200|DBLa|1|67|470	QE0474-C.g18	30.108	279	157	9	58	326	857	1107	1.62e-28	120
PfGN01_020028200|DBLa|1|67|470	QE0474-C.g18	27.306	271	127	12	57	326	2563	2764	1.92e-16	84.3
PfGN01_020028200|DBLa|1|67|470	QE0474-C.g18	24.759	311	171	14	51	338	1727	1997	2.04e-13	74.7
PfGN01_020028200|DBLa|1|67|470	QE0474-C.g18	24.000	375	217	12	47	400	1258	1585	5.46e-11	67.4
PfGN01_020028200|DBLa|1|67|470	QE0469-C.g783	82.020	406	59	6	1	404	76	469	0.0	644
PfGN01_020028200|DBLa|1|67|470	QE0469-C.g783	30.108	279	157	9	58	326	851	1101	2.34e-28	120
PfGN01_020028200|DBLa|1|67|470	QE0469-C.g783	23.301	309	181	9	54	340	1762	2036	1.93e-13	74.7
PfGN01_020028200|DBLa|1|67|470	QE0469-C.g783	23.733	375	218	12	47	400	1252	1579	7.91e-11	66.6
PfGN01_020028200|DBLa|1|67|470	QE0454-C.g166	82.020	406	59	6	1	404	76	469	0.0	644
PfGN01_020028200|DBLa|1|67|470	QE0454-C.g166	32.143	308	178	9	56	357	2206	2488	8.31e-36	142
PfGN01_020028200|DBLa|1|67|470	QE0454-C.g166	30.108	279	157	9	58	326	851	1101	2.33e-28	120
PfGN01_020028200|DBLa|1|67|470	QE0454-C.g166	23.301	309	181	9	54	340	1762	2036	1.95e-13	74.7
PfGN01_020028200|DBLa|1|67|470	QE0454-C.g166	27.835	291	135	15	48	333	2588	2808	3.71e-13	73.9
PfGN01_020028200|DBLa|1|67|470	QE0454-C.g166	23.733	375	218	12	47	400	1252	1579	1.12e-10	66.2
PfGN01_020028200|DBLa|1|67|470	PC0113-C.g442	82.020	406	59	6	1	404	76	469	0.0	642
PfGN01_020028200|DBLa|1|67|470	PC0113-C.g442	30.233	344	202	11	18	355	2128	2439	9.06e-30	124
PfGN01_020028200|DBLa|1|67|470	PC0113-C.g442	31.022	274	149	10	58	325	853	1092	3.69e-27	116
PfGN01_020028200|DBLa|1|67|470	PC0113-C.g442	27.119	295	164	13	45	325	1708	1965	1.79e-17	87.4
PfGN01_020028200|DBLa|1|67|470	PC0113-C.g442	24.808	391	220	13	31	400	1230	1567	4.54e-13	73.6
PfGN01_020028200|DBLa|1|67|470	PC0113-C.g442	24.490	343	185	14	57	382	2549	2834	2.97e-11	68.2
PfGN01_020028200|DBLa|1|67|470	PV0211-C.g66	82.020	406	59	6	1	404	76	469	0.0	640
PfGN01_020028200|DBLa|1|67|470	PV0211-C.g66	30.403	273	146	10	54	321	842	1075	5.37e-31	128
PfGN01_020028200|DBLa|1|67|470	PV0211-C.g66	25.597	293	167	13	54	331	1625	1881	1.08e-10	66.2
PfGN01_020028200|DBLa|1|67|470	PV0211-C.g66	23.616	271	138	9	57	326	2024	2226	1.95e-10	65.5
PfGN01_020028200|CIDRa|1|471|725	PA0041-C.g224	100.000	255	0	0	1	255	470	724	5.38e-177	523
PfGN01_020028200|CIDRa|1|471|725	QG0261-C.g38	100.000	255	0	0	1	255	53	307	2.04e-174	525
PfGN01_020028200|CIDRa|1|471|725	PA0146-C.g827	100.000	255	0	0	1	255	470	724	5.44e-171	525
PfGN01_020028200|CIDRa|1|471|725	PM0049-C.g115	100.000	255	0	0	1	255	470	724	6.14e-171	525
PfGN01_020028200|CIDRa|1|471|725	PC0113-C.g442	100.000	255	0	0	1	255	470	724	6.51e-171	525
PfGN01_020028200|DBLb|1|741|1187	PM0049-C.g115	100.000	447	0	0	1	447	740	1186	0.0	934
PfGN01_020028200|DBLb|1|741|1187	PM0049-C.g115	30.622	418	228	16	60	447	2109	2494	3.16e-33	135
PfGN01_020028200|DBLb|1|741|1187	PM0049-C.g115	28.809	361	200	14	33	353	47	390	1.74e-32	133
PfGN01_020028200|DBLb|1|741|1187	PM0049-C.g115	29.670	364	203	12	107	447	1244	1577	1.90e-32	133
PfGN01_020028200|DBLb|1|741|1187	PM0049-C.g115	29.492	295	163	13	79	364	2517	2775	4.35e-18	89.7
PfGN01_020028200|DBLb|1|741|1187	PM0049-C.g115	25.000	336	184	11	97	393	1704	2010	2.10e-15	81.6
PfGN01_020028200|DBLb|1|741|1187	PM0019-C.g901	100.000	447	0	0	1	447	732	1178	0.0	934
PfGN01_020028200|DBLb|1|741|1187	PM0019-C.g901	30.622	418	228	16	60	447	2101	2486	2.91e-33	135
PfGN01_020028200|DBLb|1|741|1187	PM0019-C.g901	28.809	361	200	14	33	353	39	382	1.68e-32	133
PfGN01_020028200|DBLb|1|741|1187	PM0019-C.g901	29.670	364	203	12	107	447	1236	1569	1.79e-32	133
PfGN01_020028200|DBLb|1|741|1187	PM0019-C.g901	29.492	295	163	13	79	364	2509	2767	4.12e-18	90.1
PfGN01_020028200|DBLb|1|741|1187	PM0019-C.g901	25.000	336	184	11	97	393	1696	2002	2.06e-15	81.6
PfGN01_020028200|DBLb|1|741|1187	PA0146-C.g827	100.000	447	0	0	1	447	740	1186	0.0	933
PfGN01_020028200|DBLb|1|741|1187	PA0146-C.g827	30.622	418	228	16	60	447	2098	2483	2.93e-33	135
PfGN01_020028200|DBLb|1|741|1187	PA0146-C.g827	28.809	361	200	14	33	353	47	390	1.66e-32	133
PfGN01_020028200|DBLb|1|741|1187	PA0146-C.g827	29.670	364	203	12	107	447	1244	1577	1.93e-32	133
PfGN01_020028200|DBLb|1|741|1187	PA0146-C.g827	29.492	295	163	13	79	364	2506	2764	4.12e-18	90.1
PfGN01_020028200|DBLb|1|741|1187	PA0146-C.g827	25.000	336	184	11	97	393	1693	1999	2.11e-15	81.6
PfGN01_020028200|DBLb|1|741|1187	PC0113-C.g442	100.000	447	0	0	1	447	740	1186	0.0	933
PfGN01_020028200|DBLb|1|741|1187	PC0113-C.g442	30.622	418	228	16	60	447	2109	2494	3.25e-33	135
PfGN01_020028200|DBLb|1|741|1187	PC0113-C.g442	28.809	361	200	14	33	353	47	390	1.86e-32	133
PfGN01_020028200|DBLb|1|741|1187	PC0113-C.g442	29.670	364	203	12	107	447	1244	1577	2.04e-32	133
PfGN01_020028200|DBLb|1|741|1187	PC0113-C.g442	29.492	295	163	13	79	364	2517	2775	8.73e-18	89.0
PfGN01_020028200|DBLb|1|741|1187	PC0113-C.g442	25.000	336	184	11	97	393	1704	2010	2.15e-15	81.6
PfGN01_020028200|DBLb|1|741|1187	PC0061-C.g493	99.776	447	1	0	1	447	155	601	0.0	933
PfGN01_020028200|DBLb|1|741|1187	PC0061-C.g493	30.622	418	228	16	60	447	1524	1909	2.33e-33	136
PfGN01_020028200|DBLb|1|741|1187	PC0061-C.g493	29.477	363	205	11	107	447	659	992	4.11e-33	135
PfGN01_020028200|DBLb|1|741|1187	PC0061-C.g493	29.492	295	163	13	79	364	1932	2190	3.06e-18	90.5
PfGN01_020028200|DBLb|1|741|1187	PC0061-C.g493	25.387	323	173	11	97	380	1119	1412	2.17e-15	81.6
PfGN01_020028200|DBLg|1|1203|1578	PM0019-C.g901	100.000	376	0	0	1	376	1194	1569	0.0	778
PfGN01_020028200|DBLg|1|1203|1578	PM0019-C.g901	41.479	311	146	10	4	301	1672	1959	1.98e-59	210
PfGN01_020028200|DBLg|1|1203|1578	PM0019-C.g901	29.670	364	203	12	43	376	838	1178	1.91e-37	146
PfGN01_020028200|DBLg|1|1203|1578	PM0019-C.g901	27.660	376	213	12	34	376	2137	2486	3.25e-24	107
PfGN01_020028200|DBLg|1|1203|1578	PM0019-C.g901	24.031	387	210	15	33	366	102	457	1.18e-18	90.5
PfGN01_020028200|DBLg|1|1203|1578	PM0019-C.g901	26.038	265	159	8	49	310	2541	2771	2.92e-18	89.4
PfGN01_020028200|DBLg|1|1203|1578	QG0261-C.g38	100.000	376	0	0	1	376	785	1160	0.0	778
PfGN01_020028200|DBLg|1|1203|1578	QG0261-C.g38	41.479	311	146	10	4	301	1263	1550	1.97e-59	210
PfGN01_020028200|DBLg|1|1203|1578	QG0261-C.g38	30.495	364	200	13	43	376	429	769	5.25e-39	150
PfGN01_020028200|DBLg|1|1203|1578	PA0146-C.g827	100.000	376	0	0	1	376	1202	1577	0.0	778
PfGN01_020028200|DBLg|1|1203|1578	PA0146-C.g827	41.401	314	148	10	1	301	1666	1956	4.20e-60	212
PfGN01_020028200|DBLg|1|1203|1578	PA0146-C.g827	29.670	364	203	12	43	376	846	1186	2.08e-37	146
PfGN01_020028200|DBLg|1|1203|1578	PA0146-C.g827	27.660	376	213	12	34	376	2134	2483	3.22e-24	107
PfGN01_020028200|DBLg|1|1203|1578	PA0146-C.g827	24.031	387	210	15	33	366	110	465	1.26e-18	90.5
PfGN01_020028200|DBLg|1|1203|1578	PA0146-C.g827	26.038	265	159	8	49	310	2538	2768	3.35e-18	89.0
PfGN01_020028200|DBLg|1|1203|1578	PM0049-C.g115	100.000	376	0	0	1	376	1202	1577	0.0	778
PfGN01_020028200|DBLg|1|1203|1578	PM0049-C.g115	41.479	311	146	10	4	301	1680	1967	2.10e-59	210
PfGN01_020028200|DBLg|1|1203|1578	PM0049-C.g115	29.670	364	203	12	43	376	846	1186	2.04e-37	146
PfGN01_020028200|DBLg|1|1203|1578	PM0049-C.g115	27.660	376	213	12	34	376	2145	2494	3.16e-24	107
PfGN01_020028200|DBLg|1|1203|1578	PM0049-C.g115	24.031	387	210	15	33	366	110	465	1.17e-18	90.5
PfGN01_020028200|DBLg|1|1203|1578	PM0049-C.g115	26.038	265	159	8	49	310	2549	2779	3.00e-18	89.4
PfGN01_020028200|DBLg|1|1203|1578	PC0113-C.g442	100.000	376	0	0	1	376	1202	1577	0.0	778
PfGN01_020028200|DBLg|1|1203|1578	PC0113-C.g442	41.479	311	146	10	4	301	1680	1967	2.16e-59	210
PfGN01_020028200|DBLg|1|1203|1578	PC0113-C.g442	29.670	364	203	12	43	376	846	1186	2.28e-37	145
PfGN01_020028200|DBLg|1|1203|1578	PC0113-C.g442	27.660	376	213	12	34	376	2145	2494	3.22e-24	107
PfGN01_020028200|DBLg|1|1203|1578	PC0113-C.g442	24.031	387	210	15	33	366	110	465	1.24e-18	90.5
PfGN01_020028200|DBLg|1|1203|1578	PC0113-C.g442	26.038	265	159	8	49	310	2549	2779	2.09e-18	89.7
PfGN01_020028200|DBLg|2|1678|2059	SenT143.09.g1029	100.000	382	0	0	1	382	1363	1744	0.0	800
PfGN01_020028200|DBLg|2|1678|2059	SenT143.09.g1029	47.809	251	108	8	7	247	568	805	2.53e-60	213
PfGN01_020028200|DBLg|2|1678|2059	SenT143.09.g1029	27.042	355	200	11	44	382	970	1281	9.81e-27	114
PfGN01_020028200|DBLg|2|1678|2059	SenT143.09.g1029	27.528	356	189	15	3	321	141	464	2.19e-21	99.0
PfGN01_020028200|DBLg|2|1678|2059	SenT143.09.g1029	26.102	295	166	12	23	289	1826	2096	3.41e-13	73.9
PfGN01_020028200|DBLg|2|1678|2059	SenT046.11.g508	100.000	382	0	0	1	382	177	558	0.0	798
PfGN01_020028200|DBLg|2|1678|2059	SenT046.11.g508	26.102	295	166	12	23	289	640	910	2.89e-13	73.9
PfGN01_020028200|DBLg|2|1678|2059	PA0040-C.g16	100.000	382	0	0	1	382	1663	2044	0.0	796
PfGN01_020028200|DBLg|2|1678|2059	PA0040-C.g16	37.192	406	201	15	1	382	1188	1563	1.31e-57	205
PfGN01_020028200|DBLg|2|1678|2059	PA0040-C.g16	24.364	275	164	7	44	311	2535	2772	2.77e-17	86.3
PfGN01_020028200|DBLg|2|1678|2059	PA0040-C.g16	25.075	335	186	10	28	334	821	1118	3.38e-16	83.2
PfGN01_020028200|DBLg|2|1678|2059	PA0040-C.g16	26.102	295	166	12	23	289	2126	2396	5.75e-13	73.2
PfGN01_020028200|DBLg|2|1678|2059	PA0040-C.g16	24.014	279	161	10	42	289	116	374	6.55e-12	69.7
PfGN01_020028200|DBLg|2|1678|2059	QG0292-C.g1015	100.000	382	0	0	1	382	1675	2056	0.0	796
PfGN01_020028200|DBLg|2|1678|2059	QG0292-C.g1015	37.192	406	201	15	1	382	1200	1575	1.18e-57	205
PfGN01_020028200|DBLg|2|1678|2059	QG0292-C.g1015	24.364	275	164	7	44	311	2547	2784	2.75e-17	86.3
PfGN01_020028200|DBLg|2|1678|2059	QG0292-C.g1015	25.075	335	186	10	28	334	833	1130	3.35e-16	83.2
PfGN01_020028200|DBLg|2|1678|2059	QG0292-C.g1015	26.102	295	166	12	23	289	2138	2408	5.65e-13	73.2
PfGN01_020028200|DBLg|2|1678|2059	QG0292-C.g1015	24.014	279	161	10	42	289	128	386	6.55e-12	69.7
PfGN01_020028200|DBLg|2|1678|2059	QG0261-C.g38	100.000	382	0	0	1	382	1260	1641	0.0	796
PfGN01_020028200|DBLg|2|1678|2059	QG0261-C.g38	36.453	406	204	14	1	382	785	1160	2.65e-57	204
PfGN01_020028200|DBLg|2|1678|2059	QG0261-C.g38	25.223	337	182	12	28	334	419	715	5.72e-16	82.4
PfGN01_020028200|DBLz|1|2068|2495	SenT143.09.g1029	100.000	428	0	0	1	428	1753	2180	0.0	883
PfGN01_020028200|DBLz|1|2068|2495	SenT143.09.g1029	31.959	388	201	14	11	375	119	466	1.29e-41	160
PfGN01_020028200|DBLz|1|2068|2495	SenT143.09.g1029	28.938	273	148	12	94	344	970	1218	4.33e-17	86.7
PfGN01_020028200|DBLz|1|2068|2495	SenT143.09.g1029	25.424	295	168	11	74	344	1385	1651	5.62e-16	83.2
PfGN01_020028200|DBLz|1|2068|2495	SenT143.09.g1029	28.462	260	141	14	79	324	594	822	1.85e-11	68.9
PfGN01_020028200|DBLz|1|2068|2495	PA0051-C.g54	100.000	428	0	0	1	428	1631	2058	0.0	883
PfGN01_020028200|DBLz|1|2068|2495	PA0051-C.g54	28.609	381	225	13	48	399	64	426	2.02e-31	129
PfGN01_020028200|DBLz|1|2068|2495	PA0051-C.g54	31.392	309	157	11	72	355	809	1087	3.90e-31	129
PfGN01_020028200|DBLz|1|2068|2495	PA0051-C.g54	24.845	322	180	12	79	374	1267	1552	7.87e-15	79.3
PfGN01_020028200|DBLz|1|2068|2495	PA0051-C.g54	24.382	283	165	12	89	363	2108	2349	3.15e-11	68.2
PfGN01_020028200|DBLz|1|2068|2495	PA0045-C.g373	100.000	428	0	0	1	428	1631	2058	0.0	883
PfGN01_020028200|DBLz|1|2068|2495	PA0045-C.g373	28.609	381	225	13	48	399	64	426	2.02e-31	129
PfGN01_020028200|DBLz|1|2068|2495	PA0045-C.g373	31.392	309	157	11	72	355	809	1087	3.90e-31	129
PfGN01_020028200|DBLz|1|2068|2495	PA0045-C.g373	24.845	322	180	12	79	374	1267	1552	7.87e-15	79.3
PfGN01_020028200|DBLz|1|2068|2495	PA0045-C.g373	24.382	283	165	12	89	363	2108	2349	3.15e-11	68.2
PfGN01_020028200|DBLz|1|2068|2495	PA0017-C.g274	100.000	428	0	0	1	428	1631	2058	0.0	883
PfGN01_020028200|DBLz|1|2068|2495	PA0017-C.g274	28.609	381	225	13	48	399	64	426	2.02e-31	129
PfGN01_020028200|DBLz|1|2068|2495	PA0017-C.g274	31.392	309	157	11	72	355	809	1087	3.90e-31	129
PfGN01_020028200|DBLz|1|2068|2495	PA0017-C.g274	24.845	322	180	12	79	374	1267	1552	7.87e-15	79.3
PfGN01_020028200|DBLz|1|2068|2495	PA0017-C.g274	24.382	283	165	12	89	363	2108	2349	3.15e-11	68.2
PfGN01_020028200|DBLz|1|2068|2495	PA0220-C.g21	100.000	428	0	0	1	428	690	1117	0.0	882
PfGN01_020028200|DBLz|1|2068|2495	PA0220-C.g21	25.080	311	173	10	79	374	346	611	3.46e-16	83.6
PfGN01_020028200|DBLz|1|2068|2495	PA0220-C.g21	24.382	283	165	12	89	363	1167	1408	1.72e-10	65.9
PfGN01_020028200|DBLz|1|2068|2495	PA0220-C.g21	27.941	136	88	4	212	344	30	158	3.54e-07	55.1
PfGN01_020028200|DBLe|1|2501|2834	PA0051-C.g54	100.000	334	0	0	1	334	2064	2397	0.0	692
PfGN01_020028200|DBLe|1|2501|2834	PA0051-C.g54	27.341	267	137	12	48	271	830	1082	1.04e-14	77.8
PfGN01_020028200|DBLe|1|2501|2834	PA0051-C.g54	24.419	258	149	7	50	268	1282	1532	6.25e-13	72.4
PfGN01_020028200|DBLe|1|2501|2834	PA0051-C.g54	25.238	210	121	7	50	226	114	320	4.02e-10	63.5
PfGN01_020028200|DBLe|1|2501|2834	PA0051-C.g54	24.490	196	113	6	45	206	1719	1913	4.32e-10	63.5
PfGN01_020028200|DBLe|1|2501|2834	PA0045-C.g373	100.000	334	0	0	1	334	2064	2397	0.0	692
PfGN01_020028200|DBLe|1|2501|2834	PA0045-C.g373	27.341	267	137	12	48	271	830	1082	1.04e-14	77.8
PfGN01_020028200|DBLe|1|2501|2834	PA0045-C.g373	24.419	258	149	7	50	268	1282	1532	6.25e-13	72.4
PfGN01_020028200|DBLe|1|2501|2834	PA0045-C.g373	25.238	210	121	7	50	226	114	320	4.02e-10	63.5
PfGN01_020028200|DBLe|1|2501|2834	PA0045-C.g373	24.490	196	113	6	45	206	1719	1913	4.32e-10	63.5
PfGN01_020028200|DBLe|1|2501|2834	PA0017-C.g274	100.000	334	0	0	1	334	2064	2397	0.0	692
PfGN01_020028200|DBLe|1|2501|2834	PA0017-C.g274	27.341	267	137	12	48	271	830	1082	1.04e-14	77.8
PfGN01_020028200|DBLe|1|2501|2834	PA0017-C.g274	24.419	258	149	7	50	268	1282	1532	6.25e-13	72.4
PfGN01_020028200|DBLe|1|2501|2834	PA0017-C.g274	25.238	210	121	7	50	226	114	320	4.02e-10	63.5
PfGN01_020028200|DBLe|1|2501|2834	PA0017-C.g274	24.490	196	113	6	45	206	1719	1913	4.32e-10	63.5
PfGN01_020028200|DBLe|1|2501|2834	PC0061-C.g493	100.000	334	0	0	1	334	1915	2248	0.0	692
PfGN01_020028200|DBLe|1|2501|2834	PC0061-C.g493	29.492	295	163	13	18	276	233	518	8.55e-19	90.1
PfGN01_020028200|DBLe|1|2501|2834	PC0061-C.g493	24.364	275	164	7	50	287	1135	1402	1.42e-17	86.3
PfGN01_020028200|DBLe|1|2501|2834	PC0061-C.g493	28.431	204	111	7	50	221	665	865	1.48e-17	86.3
PfGN01_020028200|DBLe|1|2501|2834	PC0061-C.g493	24.490	196	113	6	45	206	1570	1764	4.74e-10	63.5
PfGN01_020028200|DBLe|1|2501|2834	QG0292-C.g1015	100.000	334	0	0	1	334	2498	2831	0.0	691
PfGN01_020028200|DBLe|1|2501|2834	QG0292-C.g1015	30.566	265	138	12	48	276	847	1101	1.37e-20	95.5
PfGN01_020028200|DBLe|1|2501|2834	QG0292-C.g1015	28.431	204	111	7	50	221	1248	1448	6.44e-18	87.4
PfGN01_020028200|DBLe|1|2501|2834	QG0292-C.g1015	24.364	275	164	7	50	287	1718	1985	1.35e-17	86.3
PfGN01_020028200|DBLe|1|2501|2834	QG0292-C.g1015	28.774	212	116	9	50	231	130	336	1.02e-12	71.6
PfGN01_020028200|DBLe|1|2501|2834	QG0292-C.g1015	24.490	196	113	6	45	206	2153	2347	5.14e-10	63.2
PfGN01_020028200|ATS|1|2885|3337	PFKE11.g708	78.384	458	80	7	1	453	1918	2361	0.0	715
PfGN01_020028200|ATS|1|2885|3337	PV0028-C.g43	75.817	459	83	8	1	453	1843	2279	0.0	679
PfGN01_020028200|ATS|1|2885|3337	PV0211-C.g122	74.239	493	82	10	1	453	891	1378	0.0	665
PfGN01_020028200|ATS|1|2885|3337	PFKE07.g667	71.489	470	95	7	2	453	2366	2814	0.0	664
PfGN01_020028200|ATS|1|2885|3337	PA0168-C.g458	75.870	460	102	6	1	453	2129	2586	0.0	649
PfGN01_030005500|NTS|1|1|67	PA0270-C.g233	100.000	59	0	0	9	67	17	75	1.75e-33	122
PfGN01_030005500|NTS|1|1|67	PF0092-C.g672	75.806	62	13	1	1	62	1	60	1.76e-20	85.1
PfGN01_030005500|NTS|1|1|67	PF0206-C.g509	75.806	62	13	1	1	62	1	60	4.53e-20	84.0
PfGN01_030005500|NTS|1|1|67	PF0818-C.g307	69.492	59	17	1	1	59	1	58	6.70e-20	83.2
PfGN01_030005500|NTS|1|1|67	PT0118-C.g516	65.625	64	20	1	1	64	1	62	8.46e-20	83.2
PfGN01_030005500|DBLa|1|68|505	PA0270-C.g233	91.364	440	33	2	1	438	76	512	0.0	825
PfGN01_030005500|DBLa|1|68|505	PA0270-C.g233	30.422	332	195	9	15	346	2064	2359	5.67e-29	122
PfGN01_030005500|DBLa|1|68|505	PA0270-C.g233	25.714	350	180	8	108	438	1077	1365	2.00e-24	109
PfGN01_030005500|DBLa|1|68|505	PA0270-C.g233	23.184	358	189	10	44	400	2471	2743	2.80e-15	80.9
PfGN01_030005500|DBLa|1|68|505	PM0134-C.g170	71.136	440	102	8	1	438	74	490	0.0	605
PfGN01_030005500|DBLa|1|68|505	PM0134-C.g170	25.263	285	154	8	160	438	1158	1389	8.65e-09	60.5
PfGN01_030005500|DBLa|1|68|505	PF0590-C.g669	66.815	449	132	8	1	438	63	505	0.0	590
PfGN01_030005500|DBLa|1|68|505	PF0590-C.g669	34.921	126	73	2	236	352	1255	1380	7.28e-14	76.6
PfGN01_030005500|DBLa|1|68|505	PV0246-C.g43	66.213	441	130	7	1	438	71	495	0.0	577
PfGN01_030005500|DBLa|1|68|505	PV0246-C.g43	27.055	292	168	10	100	366	1054	1325	1.43e-16	85.1
PfGN01_030005500|DBLa|1|68|505	PT0299-Cx.g3089	68.680	447	122	9	1	438	69	506	0.0	577
PfGN01_030005500|DBLa|1|68|505	PT0299-Cx.g3089	24.675	308	175	8	76	345	1043	1331	2.19e-19	93.6
PfGN01_030005500|CIDRa|1|507|812	PT0117-C.g1240	75.570	307	65	3	1	300	487	790	4.06e-126	397
PfGN01_030005500|CIDRa|1|507|812	PD0494-C.g546	69.775	311	82	5	1	303	508	814	1.04e-117	374
PfGN01_030005500|CIDRa|1|507|812	PH0856-C.g89	69.775	311	82	5	1	303	508	814	1.47e-117	374
PfGN01_030005500|CIDRa|1|507|812	PM0134-C.g170	72.698	315	75	3	1	305	492	805	1.10e-116	371
PfGN01_030005500|CIDRa|1|507|812	PM0134-C.g170	38.235	68	42	0	138	205	1503	1570	1.32e-07	55.5
PfGN01_030005500|CIDRa|1|507|812	PC0083-C.g293	70.164	305	79	5	1	297	497	797	6.00e-116	369
PfGN01_030005500|CIDRa|1|507|812	PC0083-C.g293	40.625	64	38	0	146	209	1528	1591	6.36e-08	56.6
PfGN01_030005500|DBLb|1|819|1292	PA0151-C.g284	97.468	474	11	1	1	474	774	1246	0.0	963
PfGN01_030005500|DBLb|1|819|1292	PA0151-C.g284	33.766	308	169	12	35	322	42	334	3.37e-36	145
PfGN01_030005500|DBLb|1|819|1292	PA0151-C.g284	26.449	276	156	12	91	355	1324	1563	9.33e-10	63.9
PfGN01_030005500|DBLb|1|819|1292	QG0194-C.g431	73.904	479	114	6	1	474	499	971	0.0	688
PfGN01_030005500|DBLb|1|819|1292	QG0194-C.g431	50.989	455	184	13	32	472	17	446	5.13e-127	408
PfGN01_030005500|DBLb|1|819|1292	PFKE01.g4	72.557	481	119	7	1	474	1019	1493	0.0	675
PfGN01_030005500|DBLb|1|819|1292	PFKE01.g4	46.667	495	213	15	1	472	505	971	2.26e-122	395
PfGN01_030005500|DBLb|1|819|1292	PFKE01.g4	49.669	453	177	13	33	474	28	440	4.13e-121	392
PfGN01_030005500|DBLb|1|819|1292	QG0203-C.g668	72.349	481	120	7	1	474	595	1069	0.0	670
PfGN01_030005500|DBLb|1|819|1292	QG0203-C.g668	49.495	495	191	15	1	474	100	556	4.36e-131	420
PfGN01_030005500|DBLb|1|819|1292	PM0117-C.g837	71.429	483	127	6	1	474	595	1075	0.0	665
PfGN01_030005500|DBLb|1|819|1292	PM0117-C.g837	48.033	483	209	12	1	474	101	550	1.32e-123	397
PfGN01_030005500|DBLd|1|1395|1918	SenT130.09.g216	62.037	540	166	14	1	524	896	1412	0.0	610
PfGN01_030005500|DBLd|1|1395|1918	PA0254-C.g726	59.099	555	163	17	1	524	902	1423	0.0	569
PfGN01_030005500|DBLd|1|1395|1918	PA0254-C.g726	24.422	303	187	9	194	489	179	446	1.41e-13	76.3
PfGN01_030005500|DBLd|1|1395|1918	PA0180-C.g546	59.099	555	163	17	1	524	902	1423	0.0	569
PfGN01_030005500|DBLd|1|1395|1918	PA0180-C.g546	24.422	303	187	9	194	489	179	446	1.41e-13	76.3
PfGN01_030005500|DBLd|1|1395|1918	PM0146-C.g427	59.099	555	163	17	1	524	902	1423	0.0	569
PfGN01_030005500|DBLd|1|1395|1918	PM0146-C.g427	24.422	303	187	9	194	489	179	446	1.41e-13	76.3
PfGN01_030005500|DBLd|1|1395|1918	PF0207-C.g489	59.099	555	163	17	1	524	902	1423	0.0	569
PfGN01_030005500|DBLd|1|1395|1918	PF0207-C.g489	24.422	303	187	9	194	489	179	446	1.41e-13	76.3
PfGN01_030005500|CIDRb|1|1919|2171	PA0092-C.g1046	100.000	253	0	0	1	253	748	1000	1.03e-177	520
PfGN01_030005500|CIDRb|1|1919|2171	SenT067.11.g563	100.000	253	0	0	1	253	844	1096	1.57e-176	520
PfGN01_030005500|CIDRb|1|1919|2171	PF0152-C.g304	100.000	253	0	0	1	253	1393	1645	4.10e-171	517
PfGN01_030005500|CIDRb|1|1919|2171	PA0081-C.g365	100.000	253	0	0	1	253	1393	1645	4.10e-171	517
PfGN01_030005500|CIDRb|1|1919|2171	PA0079-C.g305	100.000	253	0	0	1	253	1393	1645	4.10e-171	517
PfGN01_030005500|ATS|1|2287|2734	PV0028-C.g50	84.464	457	57	5	4	448	2601	3055	0.0	753
PfGN01_030005500|ATS|1|2287|2734	PFKE09.g563	82.353	459	53	7	1	448	775	1216	0.0	721
PfGN01_030005500|ATS|1|2287|2734	PC0122-C.g100	84.455	431	53	1	1	431	1987	2403	0.0	716
PfGN01_030005500|ATS|1|2287|2734	PA0245-C.g998	76.546	469	78	3	1	448	1706	2163	0.0	716
PfGN01_030005500|ATS|1|2287|2734	PV0089-C.g11	81.579	456	57	4	1	445	1730	2169	0.0	712
PfGN01_030030400|NTS|1|1|66	PV0023-C.g35	98.485	66	1	0	1	66	1	66	3.57e-38	135
PfGN01_030030400|NTS|1|1|66	PT0041-C.g402	100.000	66	0	0	1	66	1	66	3.03e-37	132
PfGN01_030030400|NTS|1|1|66	QE0410-C.g225	77.273	66	14	1	1	66	1	65	1.60e-26	102
PfGN01_030030400|NTS|1|1|66	PV0099-C.g43	77.273	66	14	1	1	66	1	65	1.60e-26	102
PfGN01_030030400|NTS|1|1|66	PV0256-C.g23	77.273	66	14	1	1	66	1	65	1.80e-26	102
PfGN01_030030400|DBLa|1|67|475	QG0276-C.g913	76.777	422	85	5	1	409	67	488	0.0	639
PfGN01_030030400|DBLa|1|67|475	QG0276-C.g913	28.846	364	218	11	52	407	2419	2749	1.04e-32	133
PfGN01_030030400|DBLa|1|67|475	QG0276-C.g913	29.429	333	178	11	1	309	818	1117	1.47e-30	127
PfGN01_030030400|DBLa|1|67|475	QG0276-C.g913	30.169	295	159	9	114	392	1378	1641	5.31e-20	95.1
PfGN01_030030400|DBLa|1|67|475	QG0276-C.g913	26.259	278	160	9	48	323	2801	3035	9.30e-16	82.0
PfGN01_030030400|DBLa|1|67|475	QG0276-C.g913	24.221	289	167	12	32	307	1980	2229	5.93e-07	54.3
PfGN01_030030400|DBLa|1|67|475	PF0816-C.g922	74.083	409	97	3	1	409	66	465	0.0	595
PfGN01_030030400|DBLa|1|67|475	PF0816-C.g922	29.553	291	149	9	43	310	840	1097	1.08e-27	118
PfGN01_030030400|DBLa|1|67|475	PF0816-C.g922	23.750	320	193	12	11	316	1220	1502	4.60e-12	70.5
PfGN01_030030400|DBLa|1|67|475	PF0393-CW.g41	74.083	409	97	3	1	409	66	465	0.0	595
PfGN01_030030400|DBLa|1|67|475	PF0393-CW.g41	28.319	339	176	11	43	355	840	1137	1.12e-27	118
PfGN01_030030400|DBLa|1|67|475	PF0393-CW.g41	29.795	292	160	13	46	324	1710	1969	6.24e-18	89.0
PfGN01_030030400|DBLa|1|67|475	PF0393-CW.g41	25.088	283	151	9	43	321	2063	2288	1.04e-14	79.0
PfGN01_030030400|DBLa|1|67|475	PF0393-CW.g41	26.515	132	81	4	114	237	1343	1466	5.36e-07	54.7
PfGN01_030030400|DBLa|1|67|475	PV0239-C.g77	70.944	413	108	3	1	409	66	470	0.0	587
PfGN01_030030400|DBLa|1|67|475	PV0239-C.g77	28.421	380	194	17	1	350	799	1130	3.41e-26	113
PfGN01_030030400|DBLa|1|67|475	PV0239-C.g77	25.000	296	169	12	35	309	1288	1551	1.80e-13	75.1
PfGN01_030030400|DBLa|1|67|475	PFKE08.g207	72.705	414	100	5	1	409	63	468	0.0	586
PfGN01_030030400|DBLa|1|67|475	PFKE08.g207	32.508	323	177	10	1	309	796	1091	6.53e-35	139
PfGN01_030030400|DBLa|1|67|475	PFKE08.g207	26.415	159	85	5	162	314	1381	1513	1.21e-08	59.7
PfGN01_030030400|CIDRa|1|476|727	PV0023-C.g35	89.723	253	25	1	1	252	465	717	6.80e-149	461
PfGN01_030030400|CIDRa|1|476|727	PFKE08.g207	81.746	252	46	0	1	252	469	720	4.57e-136	422
PfGN01_030030400|CIDRa|1|476|727	QG0194-C.g1164	80.632	253	48	1	1	252	472	724	5.51e-131	407
PfGN01_030030400|CIDRa|1|476|727	PT0149-C.g410	80.556	252	48	1	1	252	473	723	6.35e-129	404
PfGN01_030030400|CIDRa|1|476|727	PT0149-C.g410	25.389	193	132	3	59	247	2092	2276	8.15e-11	64.3
PfGN01_030030400|CIDRa|1|476|727	PM0129-C.g1280	76.984	252	57	1	1	252	469	719	2.14e-122	385
PfGN01_030030400|DBLb|1|747|1190	PA0184-C.g461	75.724	449	104	4	1	444	750	1198	0.0	693
PfGN01_030030400|DBLb|1|747|1190	PA0184-C.g461	28.571	392	227	13	78	444	1670	2033	4.36e-40	155
PfGN01_030030400|DBLb|1|747|1190	PA0184-C.g461	30.830	253	129	8	106	354	2089	2299	1.21e-22	103
PfGN01_030030400|DBLb|1|747|1190	PA0184-C.g461	27.714	433	243	18	9	395	9	417	1.30e-22	103
PfGN01_030030400|DBLb|1|747|1190	PA0184-C.g461	25.263	285	155	12	95	354	1252	1503	2.08e-11	68.9
PfGN01_030030400|DBLb|1|747|1190	PV0023-C.g35	76.688	459	87	6	1	444	737	1190	0.0	686
PfGN01_030030400|DBLb|1|747|1190	PV0023-C.g35	36.031	383	190	17	94	444	1687	2046	1.36e-50	187
PfGN01_030030400|DBLb|1|747|1190	PV0023-C.g35	26.276	392	240	11	20	377	25	401	5.37e-24	107
PfGN01_030030400|DBLb|1|747|1190	PV0023-C.g35	27.703	296	152	9	95	354	1227	1496	2.01e-21	100
PfGN01_030030400|DBLb|1|747|1190	PV0023-C.g35	28.309	272	146	10	92	354	2084	2315	4.97e-16	83.6
PfGN01_030030400|DBLb|1|747|1190	PM0021-C.g1394	72.826	460	108	5	1	444	756	1214	0.0	684
PfGN01_030030400|DBLb|1|747|1190	PM0021-C.g1394	30.925	346	169	13	81	391	2432	2742	1.43e-32	133
PfGN01_030030400|DBLb|1|747|1190	PM0021-C.g1394	28.184	369	203	12	69	395	75	423	1.43e-22	103
PfGN01_030030400|DBLb|1|747|1190	PM0021-C.g1394	22.338	385	196	14	108	444	2026	2355	5.77e-12	70.9
PfGN01_030030400|DBLb|1|747|1190	PF0298-C.g452	70.842	463	116	6	1	444	740	1202	0.0	659
PfGN01_030030400|DBLb|1|747|1190	PF0298-C.g452	30.479	397	216	17	79	444	1653	2020	7.84e-40	155
PfGN01_030030400|DBLb|1|747|1190	PF0298-C.g452	27.361	413	250	15	6	387	11	404	4.19e-25	111
PfGN01_030030400|DBLb|1|747|1190	PF0298-C.g452	25.000	280	164	10	95	354	1248	1501	1.09e-13	76.3
PfGN01_030030400|DBLb|1|747|1190	QG0194-C.g1164	71.460	459	111	8	1	444	743	1196	0.0	650
PfGN01_030030400|DBLb|1|747|1190	QG0194-C.g1164	28.969	359	194	12	69	387	78	415	2.17e-22	102
PfGN01_030030400|DBLb|1|747|1190	QG0194-C.g1164	23.448	290	164	11	94	354	1245	1505	3.51e-11	68.2
PfGN01_030030400|DBLg|1|1209|1595	QG0271-C.g162	97.933	387	8	0	1	387	1910	2296	0.0	780
PfGN01_030030400|DBLg|1|1209|1595	QG0271-C.g162	35.821	335	173	8	1	297	1204	1534	6.74e-57	203
PfGN01_030030400|DBLg|1|1209|1595	QG0271-C.g162	24.324	296	160	11	50	342	2376	2610	3.05e-15	80.1
PfGN01_030030400|DBLg|1|1209|1595	QG0271-C.g162	24.549	277	164	8	46	297	822	1078	2.00e-13	74.7
PfGN01_030030400|DBLg|1|1209|1595	QG0271-C.g162	22.968	283	168	10	47	297	108	372	1.25e-07	56.2
PfGN01_030030400|DBLg|1|1209|1595	PA0032-C.g17	97.933	387	8	0	1	387	1947	2333	0.0	780
PfGN01_030030400|DBLg|1|1209|1595	PA0032-C.g17	35.821	335	173	8	1	297	1241	1571	7.22e-57	203
PfGN01_030030400|DBLg|1|1209|1595	PA0032-C.g17	24.324	296	160	11	50	342	2413	2647	4.87e-15	79.7
PfGN01_030030400|DBLg|1|1209|1595	PA0032-C.g17	25.095	263	164	6	50	297	864	1108	1.91e-14	77.8
PfGN01_030030400|DBLg|1|1209|1595	PA0032-C.g17	23.214	336	189	13	47	336	124	436	6.63e-08	57.4
PfGN01_030030400|DBLg|1|1209|1595	PF0180-C.g475	97.187	391	7	1	1	387	1241	1631	0.0	775
PfGN01_030030400|DBLg|1|1209|1595	PF0180-C.g475	25.000	264	151	9	50	310	1711	1930	3.96e-17	85.9
PfGN01_030030400|DBLg|1|1209|1595	PF0180-C.g475	23.353	334	213	12	50	362	871	1182	1.38e-12	72.0
PfGN01_030030400|DBLg|1|1209|1595	PF0180-C.g475	22.078	308	167	9	47	299	113	402	2.00e-09	62.0
PfGN01_030030400|DBLg|1|1209|1595	QE0424-C.g476	79.389	393	68	5	1	387	1208	1593	0.0	593
PfGN01_030030400|DBLg|1|1209|1595	QE0424-C.g476	24.662	296	159	11	50	342	1673	1907	9.41e-17	84.7
PfGN01_030030400|DBLg|1|1209|1595	QE0424-C.g476	23.529	289	164	10	34	297	827	1083	2.09e-13	74.3
PfGN01_030030400|DBLg|1|1209|1595	QE0424-C.g476	23.920	301	186	11	47	316	109	397	4.87e-11	67.0
PfGN01_030030400|DBLg|1|1209|1595	PD0472-C.g404	82.188	393	58	3	1	387	1257	1643	0.0	588
PfGN01_030030400|DBLg|1|1209|1595	PD0472-C.g404	36.036	333	175	10	1	299	1664	1992	1.60e-49	181
PfGN01_030030400|DBLg|1|1209|1595	PD0472-C.g404	22.105	285	197	6	33	300	853	1129	2.44e-14	77.4
PfGN01_030030400|DBLg|1|1209|1595	PD0472-C.g404	23.188	207	122	7	126	297	181	385	3.01e-09	61.6
PfGN01_030030400|DBLe|1|1631|1937	PF0180-C.g475	99.349	307	2	0	1	307	1667	1973	0.0	631
PfGN01_030030400|DBLe|1|1631|1937	PF0180-C.g475	24.068	295	162	10	45	279	1294	1586	3.11e-17	84.7
PfGN01_030030400|DBLe|1|1631|1937	PF0180-C.g475	22.951	305	156	10	29	254	100	404	7.28e-11	65.5
PfGN01_030030400|DBLe|1|1631|1937	PF0180-C.g475	24.651	215	109	7	43	208	869	1079	1.31e-09	61.6
PfGN01_030030400|DBLe|1|1631|1937	QE0424-C.g476	96.091	307	12	0	1	307	1629	1935	0.0	609
PfGN01_030030400|DBLe|1|1631|1937	QE0424-C.g476	25.081	307	161	10	39	279	1247	1550	1.32e-17	85.9
PfGN01_030030400|DBLe|1|1631|1937	QE0424-C.g476	26.846	298	157	13	1	250	799	1083	7.24e-15	77.4
PfGN01_030030400|DBLe|1|1631|1937	QE0424-C.g476	26.702	191	103	8	45	198	112	302	2.62e-08	57.8
PfGN01_030030400|DBLe|1|1631|1937	PA0032-C.g17	88.926	298	33	0	1	298	2369	2666	5.88e-179	550
PfGN01_030030400|DBLe|1|1631|1937	PA0032-C.g17	24.696	247	140	8	45	247	1996	2240	1.51e-15	79.7
PfGN01_030030400|DBLe|1|1631|1937	PA0032-C.g17	25.292	257	129	11	45	250	864	1108	1.62e-10	64.3
PfGN01_030030400|DBLe|1|1631|1937	PA0032-C.g17	23.656	279	145	11	45	255	127	405	1.98e-09	61.2
PfGN01_030030400|DBLe|1|1631|1937	PA0032-C.g17	23.944	284	136	10	45	250	1290	1571	1.98e-09	61.2
PfGN01_030030400|DBLe|1|1631|1937	QG0271-C.g162	88.926	298	33	0	1	298	2332	2629	7.78e-179	549
PfGN01_030030400|DBLe|1|1631|1937	QG0271-C.g162	27.509	269	124	10	41	250	822	1078	1.16e-15	80.1
PfGN01_030030400|DBLe|1|1631|1937	QG0271-C.g162	24.696	247	140	8	45	247	1959	2203	1.87e-15	79.3
PfGN01_030030400|DBLe|1|1631|1937	QG0271-C.g162	27.820	266	128	12	45	250	111	372	1.95e-14	76.3
PfGN01_030030400|DBLe|1|1631|1937	QG0271-C.g162	23.944	284	136	10	45	250	1253	1534	2.25e-09	60.8
PfGN01_030030400|DBLe|1|1631|1937	PT0149-C.g578	81.759	307	49	1	1	307	1634	1933	2.09e-167	512
PfGN01_030030400|DBLe|1|1631|1937	PT0149-C.g578	28.571	287	138	14	41	260	838	1124	4.25e-17	84.3
PfGN01_030030400|DBLe|1|1631|1937	PT0149-C.g578	28.626	262	129	13	45	250	118	377	9.02e-17	83.2
PfGN01_030030400|DBLe|1|1631|1937	PT0149-C.g578	24.773	331	169	12	45	307	1280	1598	9.45e-13	71.2
PfGN01_030030400|ATS|1|1966|2429	PFKE09.g563	79.579	475	53	5	1	464	775	1216	0.0	731
PfGN01_030030400|ATS|1|1966|2429	PFKE01.g19	80.342	468	59	5	1	464	1733	2171	0.0	727
PfGN01_030030400|ATS|1|1966|2429	PV0147-C.g7	76.082	485	49	5	1	464	1761	2199	0.0	716
PfGN01_030030400|ATS|1|1966|2429	QE0434-C.g814	78.112	466	60	5	1	464	2811	3236	0.0	702
PfGN01_030030400|ATS|1|1966|2429	PH0121-CW.g102	77.634	465	67	5	1	464	802	1230	0.0	699
PfGN01_030030800|NTS|1|1|66	PA0221-C.g167	100.000	66	0	0	1	66	1	66	1.20e-38	136
PfGN01_030030800|NTS|1|1|66	PC0057-C.g561	98.485	66	1	0	1	66	1	66	1.48e-38	136
PfGN01_030030800|NTS|1|1|66	PC0083-C.g86	100.000	66	0	0	1	66	1	66	1.76e-38	136
PfGN01_030030800|NTS|1|1|66	PC0080-C.g110	100.000	66	0	0	1	66	1	66	1.76e-38	136
PfGN01_030030800|NTS|1|1|66	QE0428-C.g1002	89.655	58	6	0	9	66	16	73	3.53e-28	106
PfGN01_030030800|DBLa|1|67|509	PH0774-C.g166	100.000	443	0	0	1	443	74	516	0.0	926
PfGN01_030030800|DBLa|1|67|509	PH0774-C.g166	29.730	296	139	10	55	343	954	1187	2.83e-25	111
PfGN01_030030800|DBLa|1|67|509	PH0774-C.g166	29.006	362	178	14	103	443	1432	1735	3.75e-25	111
PfGN01_030030800|DBLa|1|67|509	PH0774-C.g166	29.153	295	162	9	53	342	2519	2771	2.70e-24	108
PfGN01_030030800|DBLa|1|67|509	PH0774-C.g166	22.802	364	201	12	1	342	2034	2339	2.28e-10	65.5
PfGN01_030030800|DBLa|1|67|509	QE0428-C.g1002	100.000	443	0	0	1	443	74	516	0.0	925
PfGN01_030030800|DBLa|1|67|509	QE0428-C.g1002	31.229	301	168	9	42	342	2515	2776	4.28e-31	129
PfGN01_030030800|DBLa|1|67|509	QE0428-C.g1002	29.730	296	139	10	55	343	954	1187	3.07e-25	111
PfGN01_030030800|DBLa|1|67|509	QE0428-C.g1002	28.177	362	186	13	103	443	1432	1740	3.01e-21	99.8
PfGN01_030030800|DBLa|1|67|509	QE0428-C.g1002	22.626	358	201	11	1	338	2039	2340	6.38e-12	70.5
PfGN01_030030800|DBLa|1|67|509	QE0427-C.g93	100.000	443	0	0	1	443	74	516	0.0	925
PfGN01_030030800|DBLa|1|67|509	QE0427-C.g93	31.229	301	168	9	42	342	2515	2776	4.28e-31	129
PfGN01_030030800|DBLa|1|67|509	QE0427-C.g93	29.730	296	139	10	55	343	954	1187	3.07e-25	111
PfGN01_030030800|DBLa|1|67|509	QE0427-C.g93	28.177	362	186	13	103	443	1432	1740	3.01e-21	99.8
PfGN01_030030800|DBLa|1|67|509	QE0427-C.g93	22.626	358	201	11	1	338	2039	2340	6.38e-12	70.5
PfGN01_030030800|DBLa|1|67|509	PA0221-C.g167	100.000	443	0	0	1	443	67	509	0.0	924
PfGN01_030030800|DBLa|1|67|509	PA0221-C.g167	29.054	296	161	9	53	344	2492	2742	8.13e-29	122
PfGN01_030030800|DBLa|1|67|509	PA0221-C.g167	29.730	296	139	10	55	343	947	1180	3.61e-25	111
PfGN01_030030800|DBLa|1|67|509	PA0221-C.g167	27.152	302	168	11	103	394	1418	1677	3.60e-21	99.4
PfGN01_030030800|DBLa|1|67|509	PA0221-C.g167	25.081	307	157	8	1	281	2007	2266	6.26e-12	70.5
PfGN01_030030800|DBLa|1|67|509	PC0057-C.g561	100.000	443	0	0	1	443	67	509	0.0	922
PfGN01_030030800|DBLa|1|67|509	PC0057-C.g561	31.877	389	209	15	18	404	2471	2805	9.74e-35	140
PfGN01_030030800|DBLa|1|67|509	PC0057-C.g561	29.730	296	139	10	55	343	947	1180	4.38e-25	111
PfGN01_030030800|DBLa|1|67|509	PC0057-C.g561	28.453	362	185	13	103	443	1422	1730	3.46e-22	102
PfGN01_030030800|DBLa|1|67|509	PC0057-C.g561	24.422	303	165	10	47	342	2073	2318	8.49e-12	70.1
PfGN01_030030800|DBLa|1|67|509	PC0057-C.g561	23.125	320	161	11	38	354	2869	3106	1.14e-11	69.7
PfGN01_030030800|CIDRa|1|510|813	PH0774-C.g166	100.000	304	0	0	1	304	517	820	0.0	617
PfGN01_030030800|CIDRa|1|510|813	QE0428-C.g1002	100.000	304	0	0	1	304	517	820	0.0	615
PfGN01_030030800|CIDRa|1|510|813	QE0427-C.g93	100.000	304	0	0	1	304	517	820	0.0	615
PfGN01_030030800|CIDRa|1|510|813	PA0221-C.g167	100.000	304	0	0	1	304	510	813	0.0	615
PfGN01_030030800|CIDRa|1|510|813	PC0083-C.g86	100.000	304	0	0	1	304	510	813	0.0	614
PfGN01_030030800|DBLb|1|834|1292	PA0221-C.g167	98.039	459	7	1	1	459	834	1290	0.0	944
PfGN01_030030800|DBLb|1|834|1292	PA0221-C.g167	28.367	490	257	22	3	459	2389	2817	6.48e-36	144
PfGN01_030030800|DBLb|1|834|1292	PA0221-C.g167	29.730	296	139	10	114	347	121	409	4.46e-24	108
PfGN01_030030800|DBLb|1|834|1292	PC0057-C.g561	98.039	459	6	1	1	459	834	1289	0.0	944
PfGN01_030030800|DBLb|1|834|1292	PC0057-C.g561	34.169	319	164	11	91	381	2481	2781	1.15e-32	134
PfGN01_030030800|DBLb|1|834|1292	PC0057-C.g561	29.730	296	139	10	114	347	121	409	4.31e-24	108
PfGN01_030030800|DBLb|1|834|1292	PC0057-C.g561	29.388	245	133	8	109	346	2881	3092	2.63e-18	90.9
PfGN01_030030800|DBLb|1|834|1292	PC0057-C.g561	24.306	288	163	10	113	368	2080	2344	3.81e-13	74.7
PfGN01_030030800|DBLb|1|834|1292	PC0083-C.g86	96.296	459	17	0	1	459	834	1292	0.0	926
PfGN01_030030800|DBLb|1|834|1292	PC0083-C.g86	27.318	399	211	14	91	459	2496	2845	1.69e-33	137
PfGN01_030030800|DBLb|1|834|1292	PC0083-C.g86	29.392	296	140	10	114	347	121	409	1.62e-23	106
PfGN01_030030800|DBLb|1|834|1292	PC0080-C.g110	96.296	459	17	0	1	459	834	1292	0.0	926
PfGN01_030030800|DBLb|1|834|1292	PC0080-C.g110	27.318	399	211	14	91	459	2496	2845	1.69e-33	137
PfGN01_030030800|DBLb|1|834|1292	PC0080-C.g110	29.392	296	140	10	114	347	121	409	1.62e-23	106
PfGN01_030030800|DBLb|1|834|1292	QE0428-C.g1002	96.296	459	17	0	1	459	841	1299	0.0	913
PfGN01_030030800|DBLb|1|834|1292	QE0428-C.g1002	30.147	408	197	16	86	459	2500	2853	4.62e-39	153
PfGN01_030030800|DBLb|1|834|1292	QE0428-C.g1002	29.730	296	139	10	114	347	128	416	4.31e-24	108
PfGN01_030030800|DBLb|1|834|1292	QE0428-C.g1002	23.162	272	143	11	113	340	2089	2338	2.92e-09	62.0
PfGN01_030030800|DBLd|1|1301|1733	QE0428-C.g1002	100.000	433	0	0	1	433	1308	1740	0.0	892
PfGN01_030030800|DBLd|1|1301|1733	QE0428-C.g1002	36.755	302	149	8	1	296	2039	2304	3.68e-44	167
PfGN01_030030800|DBLd|1|1301|1733	QE0428-C.g1002	28.177	362	186	12	125	433	176	516	1.66e-18	90.9
PfGN01_030030800|DBLd|1|1301|1733	QE0428-C.g1002	21.381	449	260	16	1	431	2481	2854	7.41e-11	67.0
PfGN01_030030800|DBLd|1|1301|1733	QE0427-C.g93	100.000	433	0	0	1	433	1308	1740	0.0	892
PfGN01_030030800|DBLd|1|1301|1733	QE0427-C.g93	36.755	302	149	8	1	296	2039	2304	3.68e-44	167
PfGN01_030030800|DBLd|1|1301|1733	QE0427-C.g93	28.177	362	186	12	125	433	176	516	1.66e-18	90.9
PfGN01_030030800|DBLd|1|1301|1733	QE0427-C.g93	21.381	449	260	16	1	431	2481	2854	7.41e-11	67.0
PfGN01_030030800|DBLd|1|1301|1733	PC0083-C.g86	100.000	433	0	0	1	433	1301	1733	0.0	890
PfGN01_030030800|DBLd|1|1301|1733	PC0083-C.g86	35.156	384	180	13	1	373	2032	2357	1.05e-47	178
PfGN01_030030800|DBLd|1|1301|1733	PC0083-C.g86	27.901	362	187	12	125	433	169	509	3.03e-18	90.1
PfGN01_030030800|DBLd|1|1301|1733	PC0083-C.g86	23.923	418	224	17	34	431	2503	2846	2.55e-12	71.6
PfGN01_030030800|DBLd|1|1301|1733	PC0080-C.g110	100.000	433	0	0	1	433	1301	1733	0.0	890
PfGN01_030030800|DBLd|1|1301|1733	PC0080-C.g110	35.156	384	180	13	1	373	2032	2357	1.05e-47	178
PfGN01_030030800|DBLd|1|1301|1733	PC0080-C.g110	27.901	362	187	12	125	433	169	509	3.03e-18	90.1
PfGN01_030030800|DBLd|1|1301|1733	PC0080-C.g110	23.923	418	224	17	34	431	2503	2846	2.55e-12	71.6
PfGN01_030030800|DBLd|1|1301|1733	QG0261-C.g559	100.000	433	0	0	1	433	797	1229	0.0	889
PfGN01_030030800|DBLd|1|1301|1733	QG0261-C.g559	38.095	294	132	8	1	292	1529	1774	1.97e-48	180
PfGN01_030030800|DBLd|1|1301|1733	QG0261-C.g559	23.392	342	173	12	18	342	1978	2247	3.95e-10	64.7
PfGN01_030030800|DBLd|1|1301|1733	QG0261-C.g559	22.917	384	189	13	9	371	387	684	1.68e-09	62.8
PfGN01_030030800|CIDRg|1|1734|1990	QG0261-C.g559	100.000	257	0	0	1	257	1230	1486	7.39e-174	530
PfGN01_030030800|CIDRg|1|1734|1990	QG0261-C.g559	23.864	176	127	6	77	247	114	287	7.72e-07	52.4
PfGN01_030030800|CIDRg|1|1734|1990	PC0057-C.g561	100.000	257	0	0	1	257	1731	1987	1.84e-173	532
PfGN01_030030800|CIDRg|1|1734|1990	PH0769-C.g334	97.276	257	7	0	1	257	1084	1340	3.31e-169	518
PfGN01_030030800|CIDRg|1|1734|1990	PH0774-C.g166	97.276	257	7	0	1	257	1736	1992	1.49e-168	518
PfGN01_030030800|CIDRg|1|1734|1990	QE0428-C.g1002	97.276	257	7	0	1	257	1741	1997	2.56e-168	517
PfGN01_030030800|DBLg|1|2033|2384	QG0184-C.g1156	99.716	352	1	0	1	352	2081	2432	0.0	728
PfGN01_030030800|DBLg|1|2033|2384	QG0184-C.g1156	24.866	374	174	9	1	267	1317	1690	4.74e-27	115
PfGN01_030030800|DBLg|1|2033|2384	QG0184-C.g1156	25.681	257	150	8	45	274	942	1184	1.91e-16	83.2
PfGN01_030030800|DBLg|1|2033|2384	QG0184-C.g1156	21.614	347	212	8	45	352	2536	2861	3.85e-14	76.3
PfGN01_030030800|DBLg|1|2033|2384	QG0184-C.g1156	24.055	291	155	10	42	276	121	401	1.90e-09	61.6
PfGN01_030030800|DBLg|1|2033|2384	PA0094-C.g506	99.716	352	1	0	1	352	771	1122	0.0	728
PfGN01_030030800|DBLg|1|2033|2384	PA0094-C.g506	24.798	371	138	12	38	267	10	380	2.65e-19	91.7
PfGN01_030030800|DBLg|1|2033|2384	PA0094-C.g506	22.059	272	176	5	45	288	1226	1489	1.81e-13	73.9
PfGN01_030030800|DBLg|1|2033|2384	PD0565-C.g164	99.432	352	2	0	1	352	1925	2276	0.0	723
PfGN01_030030800|DBLg|1|2033|2384	PD0565-C.g164	30.747	348	166	12	1	276	1215	1559	8.00e-32	129
PfGN01_030030800|DBLg|1|2033|2384	PD0565-C.g164	25.846	325	181	11	6	291	797	1100	1.11e-15	80.9
PfGN01_030030800|DBLg|1|2033|2384	PD0565-C.g164	21.614	347	212	8	45	352	2380	2705	6.14e-14	75.5
PfGN01_030030800|DBLg|1|2033|2384	PD0565-C.g164	23.693	287	158	8	42	279	109	383	4.26e-11	67.0
PfGN01_030030800|DBLg|1|2033|2384	PD0543-C.g279	99.432	352	2	0	1	352	1925	2276	0.0	723
PfGN01_030030800|DBLg|1|2033|2384	PD0543-C.g279	30.747	348	166	12	1	276	1215	1559	8.00e-32	129
PfGN01_030030800|DBLg|1|2033|2384	PD0543-C.g279	25.846	325	181	11	6	291	797	1100	1.11e-15	80.9
PfGN01_030030800|DBLg|1|2033|2384	PD0543-C.g279	21.614	347	212	8	45	352	2380	2705	6.14e-14	75.5
PfGN01_030030800|DBLg|1|2033|2384	PD0543-C.g279	23.693	287	158	8	42	279	109	383	4.26e-11	67.0
PfGN01_030030800|DBLg|1|2033|2384	PD0487-C.g337	99.432	352	2	0	1	352	1925	2276	0.0	723
PfGN01_030030800|DBLg|1|2033|2384	PD0487-C.g337	30.747	348	166	12	1	276	1215	1559	8.00e-32	129
PfGN01_030030800|DBLg|1|2033|2384	PD0487-C.g337	25.846	325	181	11	6	291	797	1100	1.11e-15	80.9
PfGN01_030030800|DBLg|1|2033|2384	PD0487-C.g337	21.614	347	212	8	45	352	2380	2705	6.14e-14	75.5
PfGN01_030030800|DBLg|1|2033|2384	PD0487-C.g337	23.693	287	158	8	42	279	109	383	4.26e-11	67.0
PfGN01_030030800|DBLz|1|2393|2813	PA0051-C.g114	81.075	428	73	3	1	421	1599	2025	0.0	686
PfGN01_030030800|DBLz|1|2393|2813	PA0051-C.g114	30.928	388	216	12	66	421	825	1192	7.23e-41	157
PfGN01_030030800|DBLz|1|2393|2813	PA0051-C.g114	29.467	319	186	10	63	344	80	396	9.07e-28	119
PfGN01_030030800|DBLz|1|2393|2813	PA0051-C.g114	24.318	440	245	16	27	421	1194	1590	2.42e-17	87.0
PfGN01_030030800|DBLz|1|2393|2813	PA0140-C.g317	81.075	428	73	3	1	421	514	940	0.0	686
PfGN01_030030800|DBLz|1|2393|2813	PA0140-C.g317	26.579	380	209	17	82	421	156	505	2.66e-13	74.3
PfGN01_030030800|DBLz|1|2393|2813	PA0017-C.g501	81.075	428	73	3	1	421	1599	2025	0.0	686
PfGN01_030030800|DBLz|1|2393|2813	PA0017-C.g501	30.928	388	216	12	66	421	825	1192	9.35e-41	157
PfGN01_030030800|DBLz|1|2393|2813	PA0017-C.g501	29.467	319	186	10	63	344	80	396	8.93e-28	119
PfGN01_030030800|DBLz|1|2393|2813	PA0017-C.g501	24.318	440	245	16	27	421	1194	1590	2.88e-17	87.0
PfGN01_030030800|DBLz|1|2393|2813	PA0163-C.g550	82.920	363	54	3	1	356	723	1084	0.0	591
PfGN01_030030800|DBLz|1|2393|2813	PA0163-C.g550	34.934	229	124	4	150	371	32	242	1.07e-27	118
PfGN01_030030800|DBLz|1|2393|2813	PA0163-C.g550	26.455	378	212	17	82	421	365	714	2.08e-13	74.7
PfGN01_030030800|DBLz|1|2393|2813	QE0398-C.g592	68.065	429	127	4	1	421	1582	2008	0.0	561
PfGN01_030030800|DBLz|1|2393|2813	QE0398-C.g592	31.353	303	169	8	94	380	843	1122	1.92e-33	135
PfGN01_030030800|DBLz|1|2393|2813	QE0398-C.g592	27.200	375	228	10	2	344	21	382	4.60e-27	116
PfGN01_030030800|DBLz|1|2393|2813	QE0398-C.g592	26.855	283	152	10	80	340	1241	1490	3.13e-20	95.9
PfGN01_030030800|ATS|1|2899|3364	PA0245-C.g998	76.695	472	90	8	1	466	1706	2163	0.0	689
PfGN01_030030800|ATS|1|2899|3364	PV0211-C.g126	73.674	509	87	10	1	466	841	1345	0.0	687
PfGN01_030030800|ATS|1|2899|3364	QE0436-C.g591	75.299	502	76	8	1	466	1702	2191	0.0	674
PfGN01_030030800|ATS|1|2899|3364	PV0028-C.g50	75.362	483	75	11	1	466	2600	3055	0.0	669
PfGN01_030030800|ATS|1|2899|3364	PD0483-C.g348	77.070	471	90	8	1	466	2589	3046	0.0	669
PfGN01_030030900|NTS|1|1|66	PA0051-C.g67	90.909	66	6	0	1	66	1	66	3.09e-32	118
PfGN01_030030900|NTS|1|1|66	PT0256-C.g262	75.758	66	16	0	1	66	1	66	7.06e-27	103
PfGN01_030030900|NTS|1|1|66	PM0145-C.g409	77.273	66	15	0	1	66	1	66	1.08e-26	102
PfGN01_030030900|NTS|1|1|66	PM0054-C.g350	77.273	66	15	0	1	66	1	66	1.11e-26	102
PfGN01_030030900|NTS|1|1|66	PA0146-C.g344	77.273	66	15	0	1	66	1	66	1.28e-26	102
PfGN01_030030900|DBLa|1|67|482	PA0051-C.g67	99.279	416	3	0	1	416	67	482	0.0	856
PfGN01_030030900|DBLa|1|67|482	PA0051-C.g67	28.159	277	169	6	1	269	1630	1884	2.38e-26	114
PfGN01_030030900|DBLa|1|67|482	PA0051-C.g67	30.894	246	130	8	183	416	1071	1288	7.45e-21	97.8
PfGN01_030030900|DBLa|1|67|482	PA0051-C.g67	30.275	218	101	9	51	265	2058	2227	1.16e-16	85.1
PfGN01_030030900|DBLa|1|67|482	QG0296-C.g5693	78.147	421	82	4	1	416	62	477	0.0	658
PfGN01_030030900|DBLa|1|67|482	QG0296-C.g5693	29.524	210	123	9	216	416	1105	1298	2.98e-15	80.5
PfGN01_030030900|DBLa|1|67|482	PM0054-C.g350	74.171	422	99	4	1	416	67	484	0.0	645
PfGN01_030030900|DBLa|1|67|482	PM0145-C.g409	73.934	422	100	4	1	416	67	484	0.0	641
PfGN01_030030900|DBLa|1|67|482	PM0145-C.g409	27.684	177	103	2	184	337	1083	1257	2.84e-14	77.4
PfGN01_030030900|DBLa|1|67|482	PT0041-C.g209	73.747	419	99	5	1	416	65	475	0.0	616
PfGN01_030030900|DBLa|1|67|482	PT0041-C.g209	23.055	347	195	14	1	333	2007	2295	3.49e-11	67.8
PfGN01_030030900|DBLa|1|67|482	PT0041-C.g209	29.121	182	103	7	236	416	1501	1657	1.18e-10	66.2
PfGN01_030030900|CIDRa|1|483|734	PA0017-C.g457	99.603	252	1	0	1	252	278	529	1.42e-169	518
PfGN01_030030900|CIDRa|1|483|734	PA0051-C.g67	99.603	252	1	0	1	252	483	734	2.14e-169	519
PfGN01_030030900|CIDRa|1|483|734	PA0051-C.g395	99.535	215	1	0	38	252	1	215	3.44e-149	448
PfGN01_030030900|CIDRa|1|483|734	QG0281-C.g767	80.237	253	49	1	1	252	479	731	1.58e-128	400
PfGN01_030030900|CIDRa|1|483|734	PA0021-C.g85	76.863	255	52	4	1	248	470	724	6.63e-122	372
PfGN01_030030900|DBLd|1|818|1336	PT0261-Cx.g793	53.417	556	177	21	1	519	821	1331	7.60e-156	487
PfGN01_030030900|DBLd|1|818|1336	PT0261-Cx.g793	29.688	192	109	6	347	519	297	481	9.17e-10	63.9
PfGN01_030030900|DBLd|1|818|1336	QE0444-C.g263	50.368	544	234	14	1	519	403	935	1.13e-155	479
PfGN01_030030900|DBLd|1|818|1336	QE0444-C.g747	50.368	544	234	14	1	519	845	1377	1.69e-152	479
PfGN01_030030900|DBLd|1|818|1336	QE0444-C.g747	25.228	329	192	14	222	519	190	495	1.47e-08	60.1
PfGN01_030030900|DBLd|1|818|1336	QE0437-C.g632	50.368	544	234	14	1	519	857	1389	1.73e-152	479
PfGN01_030030900|DBLd|1|818|1336	QE0437-C.g632	25.228	329	192	14	222	519	202	507	1.50e-08	60.1
PfGN01_030030900|DBLd|1|818|1336	PM0136-C.g535	49.908	545	214	16	1	519	832	1343	4.80e-150	471
PfGN01_030030900|DBLd|1|818|1336	PM0136-C.g535	29.744	195	100	8	348	519	304	484	2.33e-07	56.2
PfGN01_030030900|CIDRb|1|1337|1586	SenT139.11.g529	81.890	254	40	5	1	250	1168	1419	5.80e-125	389
PfGN01_030030900|CIDRb|1|1337|1586	PF0725-C.g818	73.622	254	57	3	1	245	762	1014	6.51e-116	359
PfGN01_030030900|CIDRb|1|1337|1586	PA0085-C.g568	76.923	247	53	3	1	244	1341	1586	5.07e-112	355
PfGN01_030030900|CIDRb|1|1337|1586	PF0113-C.g570	71.951	246	60	3	1	238	1289	1533	2.29e-107	342
PfGN01_030030900|CIDRb|1|1337|1586	PF0263-C.g403	67.969	256	76	3	1	250	1409	1664	1.49e-105	337
PfGN01_030030900|ATS|1|1692|2142	PD0549-C.g516	90.044	452	40	4	1	451	2187	2634	0.0	805
PfGN01_030030900|ATS|1|1692|2142	PD0511-C.g583	90.044	452	40	4	1	451	2187	2634	0.0	805
PfGN01_030030900|ATS|1|1692|2142	PV0028-C.g31	85.033	461	54	7	1	451	1737	2192	0.0	771
PfGN01_030030900|ATS|1|1692|2142	PV0229-C.g26	86.609	463	50	6	1	451	1803	2265	0.0	741
PfGN01_030030900|ATS|1|1692|2142	PV0139-C.g130	76.680	506	62	4	1	451	874	1378	0.0	726
PfGN01_040005200|NTS|1|1|64	PT0170-C.g773	100.000	64	0	0	1	64	1	64	9.33e-38	134
PfGN01_040005200|NTS|1|1|64	PA0165-C.g347	81.250	64	12	0	1	64	1	64	4.37e-29	109
PfGN01_040005200|NTS|1|1|64	PA0149-C.g577	79.688	64	13	0	1	64	1	64	1.18e-27	105
PfGN01_040005200|NTS|1|1|64	PC0103-C.g933	76.562	64	15	0	1	64	1	64	1.31e-27	105
PfGN01_040005200|NTS|1|1|64	QG0190-C.g1191	76.562	64	15	0	1	64	1	64	1.93e-27	104
PfGN01_040005200|DBLa|1|65|478	PT0170-C.g773	98.309	414	6	1	1	414	65	477	0.0	848
PfGN01_040005200|DBLa|1|65|478	PT0170-C.g773	27.234	235	132	9	117	332	1016	1230	4.70e-14	76.6
PfGN01_040005200|DBLa|1|65|478	QG0243-C.g3472	74.396	414	98	5	1	414	65	470	0.0	627
PfGN01_040005200|DBLa|1|65|478	QG0243-C.g3472	25.753	299	158	10	118	374	984	1260	6.77e-11	67.0
PfGN01_040005200|DBLa|1|65|478	QG0190-C.g1191	74.396	414	98	5	1	414	65	470	0.0	625
PfGN01_040005200|DBLa|1|65|478	QG0190-C.g1191	25.220	341	182	14	113	414	973	1279	2.21e-16	84.0
PfGN01_040005200|DBLa|1|65|478	PC0103-C.g933	73.913	414	100	5	1	414	65	470	0.0	625
PfGN01_040005200|DBLa|1|65|478	PC0103-C.g933	31.492	181	108	6	234	414	1151	1315	1.13e-13	75.5
PfGN01_040005200|DBLa|1|65|478	PA0229-C.g797	74.341	417	99	6	1	414	66	477	0.0	619
PfGN01_040005200|DBLa|1|65|478	PA0229-C.g797	25.301	332	184	13	117	414	1061	1362	9.02e-13	72.8
PfGN01_040005200|CIDRa|1|479|745	PT0170-C.g773	98.876	267	3	0	1	267	478	744	0.0	548
PfGN01_040005200|CIDRa|1|479|745	PA0149-C.g577	69.776	268	71	3	1	267	468	726	2.39e-118	373
PfGN01_040005200|CIDRa|1|479|745	PA0102-C.g554	66.296	270	86	4	1	267	24	291	3.01e-111	350
PfGN01_040005200|CIDRa|1|479|745	PA0102-C.g554	27.317	205	123	8	61	262	959	1140	7.04e-07	52.4
PfGN01_040005200|CIDRa|1|479|745	PA0049-C.g444	66.296	270	86	4	1	267	468	735	5.03e-110	350
PfGN01_040005200|CIDRa|1|479|745	PT0181-C.g81	66.296	270	86	4	1	267	470	737	1.01e-109	349
PfGN01_040005200|DBLd|1|827|1348	PH0471-C.g421	50.545	550	210	14	1	522	879	1394	1.64e-157	493
PfGN01_040005200|DBLd|1|827|1348	PH0471-C.g421	25.852	352	185	14	208	522	183	495	1.75e-23	107
PfGN01_040005200|DBLd|1|827|1348	PV0256-C.g41	52.198	546	153	15	1	522	823	1284	2.30e-153	481
PfGN01_040005200|DBLd|1|827|1348	PV0256-C.g41	27.457	346	180	15	208	522	184	489	2.14e-17	88.6
PfGN01_040005200|DBLd|1|827|1348	PD0507-C.g735	50.000	548	195	15	1	522	897	1391	4.65e-152	478
PfGN01_040005200|DBLd|1|827|1348	PD0507-C.g735	26.331	357	191	15	194	522	183	495	3.34e-23	106
PfGN01_040005200|DBLd|1|827|1348	QG0209-C.g51	50.628	557	204	20	1	522	228	748	6.13e-152	465
PfGN01_040005200|DBLd|1|827|1348	QG0194-C.g633	50.628	557	204	20	1	522	885	1405	1.23e-147	466
PfGN01_040005200|DBLd|1|827|1348	QG0194-C.g633	25.635	394	195	16	181	522	158	505	1.25e-20	98.6
PfGN01_040005200|CIDRb|1|1349|1602	PF0311-C.g476	99.213	254	2	0	1	254	1380	1633	9.61e-171	520
PfGN01_040005200|CIDRb|1|1349|1602	PA0008-C.g383	95.669	254	11	0	1	254	1353	1606	9.42e-163	501
PfGN01_040005200|CIDRb|1|1349|1602	PA0202-C.g400	88.281	256	28	1	1	254	1365	1620	1.60e-143	445
PfGN01_040005200|CIDRb|1|1349|1602	PD0519-C.g489	84.252	254	40	0	1	254	416	669	5.46e-139	426
PfGN01_040005200|CIDRb|1|1349|1602	PM0077-C.g3463	84.252	254	40	0	1	254	544	797	5.66e-137	424
PfGN01_040005200|ATS|1|1714|2191	PV0211-C.g122	77.938	485	93	9	6	478	896	1378	0.0	708
PfGN01_040005200|ATS|1|1714|2191	PD0561-C.g263	74.174	484	87	9	3	478	2426	2879	0.0	689
PfGN01_040005200|ATS|1|1714|2191	PV0028-C.g43	73.640	478	75	6	6	478	1848	2279	0.0	687
PfGN01_040005200|ATS|1|1714|2191	PFKE11.g708	72.443	479	92	6	3	478	1920	2361	0.0	677
PfGN01_040005200|ATS|1|1714|2191	PT0095-C.g144	75.497	453	89	7	3	450	2286	2721	0.0	674
PfGN01_040017700|NTS|1|1|74	PT0035-C.g458	100.000	74	0	0	1	74	1	74	1.85e-43	150
PfGN01_040017700|NTS|1|1|74	PC0005-Cx.g458	94.872	78	0	1	1	74	1	78	2.26e-41	144
PfGN01_040017700|NTS|1|1|74	SenT046.11.g454	80.000	55	11	0	20	74	26	80	3.35e-21	87.4
PfGN01_040017700|NTS|1|1|74	QG0292-C.g2388	75.862	58	9	1	17	74	14	66	3.69e-21	87.4
PfGN01_040017700|NTS|1|1|74	PT0240-C.g639	75.862	58	9	1	17	74	14	66	3.99e-21	87.0
PfGN01_040017700|DBLa|1|75|516	PT0035-C.g458	88.300	453	35	3	1	442	75	520	0.0	815
PfGN01_040017700|DBLa|1|75|516	PT0035-C.g458	25.778	225	135	7	137	342	1099	1310	1.35e-15	82.0
PfGN01_040017700|DBLa|1|75|516	PC0005-Cx.g458	87.061	456	37	4	1	442	79	526	0.0	803
PfGN01_040017700|DBLa|1|75|516	PC0005-Cx.g458	26.780	295	135	14	185	442	1194	1444	4.61e-10	64.7
PfGN01_040017700|DBLa|1|75|516	QG0297-C.g3623	86.387	382	34	3	72	442	1	375	0.0	673
PfGN01_040017700|DBLa|1|75|516	QG0297-C.g3623	25.828	151	96	4	185	321	983	1131	7.08e-07	54.3
PfGN01_040017700|DBLa|1|75|516	PV0082-C.g62	73.144	458	97	8	1	442	69	516	0.0	650
PfGN01_040017700|DBLa|1|75|516	PV0082-C.g62	27.485	171	107	4	187	342	1194	1362	1.20e-11	69.7
PfGN01_040017700|DBLa|1|75|516	PT0303-Cx.g2229	72.570	463	90	11	1	442	69	515	0.0	634
PfGN01_040017700|DBLa|1|75|516	PT0303-Cx.g2229	26.197	355	188	14	120	442	1065	1377	5.92e-20	95.5
PfGN01_040017700|CIDRa|1|517|818	PC0005-Cx.g458	100.000	302	0	0	1	302	527	828	0.0	614
PfGN01_040017700|CIDRa|1|517|818	QG0297-C.g3623	100.000	302	0	0	1	302	376	677	0.0	612
PfGN01_040017700|CIDRa|1|517|818	PT0035-C.g458	98.675	302	4	0	1	302	521	822	0.0	606
PfGN01_040017700|CIDRa|1|517|818	PC0069-C.g312	78.689	305	53	3	1	293	515	819	4.39e-127	400
PfGN01_040017700|CIDRa|1|517|818	QG0234-C.g3848	71.290	310	69	8	1	302	519	816	4.29e-119	377
PfGN01_040017700|DBLd|1|902|1367	PA0051-C.g266	76.893	515	63	8	1	466	873	1380	0.0	766
PfGN01_040017700|DBLd|1|902|1367	PA0051-C.g266	28.689	122	80	2	297	412	310	430	1.36e-09	63.2
PfGN01_040017700|DBLd|1|902|1367	PA0017-C.g512	76.893	515	63	8	1	466	873	1380	0.0	766
PfGN01_040017700|DBLd|1|902|1367	PA0017-C.g512	28.689	122	80	2	297	412	310	430	1.36e-09	63.2
PfGN01_040017700|DBLd|1|902|1367	SenT125.11.g267	61.814	474	163	10	1	466	738	1201	3.24e-173	529
PfGN01_040017700|DBLd|1|902|1367	SenT125.11.g267	26.984	252	141	10	253	466	78	324	2.52e-13	75.1
PfGN01_040017700|DBLd|1|902|1367	SenT232.08.g366	54.800	500	184	14	1	466	795	1286	1.50e-156	486
PfGN01_040017700|DBLd|1|902|1367	SenT232.08.g366	24.868	378	233	14	101	466	140	478	6.34e-18	89.4
PfGN01_040017700|DBLd|1|902|1367	QG0203-C.g798	53.295	516	163	18	1	466	914	1401	1.23e-151	474
PfGN01_040017700|DBLd|1|902|1367	QG0203-C.g798	27.885	208	117	7	288	466	313	516	2.34e-11	68.9
PfGN01_040017700|CIDRb|1|1368|1618	PA0051-C.g266	100.000	251	0	0	1	251	1381	1631	4.30e-171	516
PfGN01_040017700|CIDRb|1|1368|1618	PA0017-C.g512	100.000	251	0	0	1	251	1381	1631	4.30e-171	516
PfGN01_040017700|CIDRb|1|1368|1618	PD0569-C.g730	67.451	255	79	2	1	251	1402	1656	6.84e-107	340
PfGN01_040017700|CIDRb|1|1368|1618	PD0569-C.g730	35.385	65	41	1	104	167	693	757	4.43e-07	52.8
PfGN01_040017700|CIDRb|1|1368|1618	PD0549-C.g649	67.451	255	79	2	1	251	1402	1656	6.84e-107	340
PfGN01_040017700|CIDRb|1|1368|1618	PD0549-C.g649	35.385	65	41	1	104	167	693	757	4.43e-07	52.8
PfGN01_040017700|CIDRb|1|1368|1618	PD0527-C.g542	67.451	255	79	2	1	251	1402	1656	6.84e-107	340
PfGN01_040017700|CIDRb|1|1368|1618	PD0527-C.g542	35.385	65	41	1	104	167	693	757	4.43e-07	52.8
PfGN01_040017700|ATS|1|1725|2195	PV0160-C.g28	91.561	474	30	4	1	471	1448	1914	0.0	880
PfGN01_040017700|ATS|1|1725|2195	PV0147-C.g88	76.250	480	82	6	1	471	933	1389	0.0	711
PfGN01_040017700|ATS|1|1725|2195	QE0415-C.g406	72.292	480	88	3	1	471	1218	1661	0.0	697
PfGN01_040017700|ATS|1|1725|2195	QE0395-C.g618	72.292	480	88	3	1	471	2564	3007	0.0	697
PfGN01_040017700|ATS|1|1725|2195	PH0500-CW.g541	72.292	480	88	3	1	471	2564	3007	0.0	697
PfGN01_040018100|NTS|1|1|65	PT0034-C.g937	84.615	65	10	0	1	65	1	65	2.93e-30	112
PfGN01_040018100|NTS|1|1|65	PA0262-C.g471	83.077	65	11	0	1	65	1	65	6.77e-30	111
PfGN01_040018100|NTS|1|1|65	QG0290-C.g1226	81.538	65	12	0	1	65	1	65	1.65e-29	110
PfGN01_040018100|NTS|1|1|65	PV0133-C.g121	78.462	65	14	0	1	65	1	65	6.73e-28	105
PfGN01_040018100|NTS|1|1|65	QG0292-C.g2243	80.000	65	13	0	1	65	1	65	1.78e-27	104
PfGN01_040018100|DBLa|1|66|473	PF0692-C.g1052	76.442	416	88	4	1	408	65	478	0.0	651
PfGN01_040018100|DBLa|1|66|473	PF0692-C.g1052	29.893	281	161	9	51	324	1261	1512	5.33e-22	101
PfGN01_040018100|DBLa|1|66|473	PF0692-C.g1052	25.220	341	202	10	13	338	792	1094	7.89e-17	85.5
PfGN01_040018100|DBLa|1|66|473	PT0218-Cx.g168	74.940	415	94	4	1	408	65	476	0.0	633
PfGN01_040018100|DBLa|1|66|473	PT0218-Cx.g168	22.697	304	172	10	45	324	831	1095	3.04e-11	67.8
PfGN01_040018100|DBLa|1|66|473	QG0290-C.g1226	74.818	413	94	5	1	408	66	473	0.0	624
PfGN01_040018100|DBLa|1|66|473	QG0290-C.g1226	28.148	270	173	5	10	268	1220	1479	6.06e-26	112
PfGN01_040018100|DBLa|1|66|473	QG0290-C.g1226	22.887	284	169	7	49	327	842	1080	1.77e-14	78.2
PfGN01_040018100|DBLa|1|66|473	SenT233.08.g1440	72.554	419	100	5	1	408	68	482	0.0	620
PfGN01_040018100|DBLa|1|66|473	SenT233.08.g1440	27.197	239	139	7	35	263	844	1057	4.82e-13	73.6
PfGN01_040018100|DBLa|1|66|473	PA0034-C.g113	75.485	412	95	4	1	408	65	474	0.0	619
PfGN01_040018100|DBLa|1|66|473	PA0034-C.g113	31.329	316	168	11	120	408	1048	1341	4.10e-24	107
PfGN01_040018100|DBLa|1|66|473	PA0034-C.g113	26.407	231	115	10	40	262	2334	2517	1.46e-11	68.9
PfGN01_040018100|DBLa|1|66|473	PA0034-C.g113	25.106	235	131	6	32	264	2003	2194	2.50e-10	65.1
PfGN01_040018100|CIDRa|1|474|714	PD0544-C.g738	71.548	239	66	1	1	237	479	717	1.06e-112	356
PfGN01_040018100|CIDRa|1|474|714	PF0122-C.g53	67.089	237	78	0	1	237	478	714	3.47e-106	330
PfGN01_040018100|CIDRa|1|474|714	QE0461-C.g23	67.089	237	78	0	1	237	455	691	4.51e-106	330
PfGN01_040018100|CIDRa|1|474|714	PH0774-C.g863	66.531	245	73	2	1	236	243	487	2.43e-104	330
PfGN01_040018100|CIDRa|1|474|714	PH0774-C.g863	32.292	96	63	2	67	162	1139	1232	3.30e-07	53.1
PfGN01_040018100|CIDRa|1|474|714	PA0253-C.g1147	66.667	237	77	1	1	235	42	278	3.63e-104	329
PfGN01_040018100|CIDRa|1|474|714	PA0253-C.g1147	27.232	224	146	9	25	238	873	1089	2.59e-11	65.5
PfGN01_040018100|DBLd|1|822|1332	QG0190-C.g985	54.423	520	203	11	1	511	898	1392	2.22e-155	486
PfGN01_040018100|DBLd|1|822|1332	QG0190-C.g985	32.450	151	92	3	311	453	270	418	2.39e-13	75.5
PfGN01_040018100|DBLd|1|822|1332	PF0041-C.g789	50.423	591	185	17	1	511	823	1385	6.74e-155	484
PfGN01_040018100|DBLd|1|822|1332	PF0041-C.g789	31.551	187	114	5	336	511	297	480	8.65e-20	95.9
PfGN01_040018100|DBLd|1|822|1332	PM0152-C.g703	50.890	562	194	16	1	511	816	1346	2.95e-151	474
PfGN01_040018100|DBLd|1|822|1332	PM0152-C.g703	31.148	183	110	6	345	511	298	480	3.85e-10	65.1
PfGN01_040018100|DBLd|1|822|1332	PA0267-C.g89	48.027	583	211	21	1	511	201	763	1.25e-148	456
PfGN01_040018100|DBLd|1|822|1332	QG0237-C.g2622	49.123	570	213	15	1	511	1258	1809	1.11e-144	461
PfGN01_040018100|DBLd|1|822|1332	QG0237-C.g2622	24.719	445	182	16	1	437	824	1123	1.86e-23	107
PfGN01_040018100|DBLd|1|822|1332	QG0237-C.g2622	31.818	110	69	3	322	430	277	381	3.95e-10	65.1
PfGN01_040018100|CIDRb|1|1333|1587	PD0464-C.g236	71.595	257	69	3	1	254	691	946	9.46e-120	369
PfGN01_040018100|CIDRb|1|1333|1587	PA0073-C.g532	70.635	252	68	3	1	248	577	826	3.14e-117	360
PfGN01_040018100|CIDRb|1|1333|1587	PT0102-C.g966	71.595	257	69	3	1	254	1316	1571	1.85e-116	367
PfGN01_040018100|CIDRb|1|1333|1587	PT0299-Cx.g3230	71.595	257	69	3	1	254	1333	1588	1.98e-116	367
PfGN01_040018100|CIDRb|1|1333|1587	PD0487-C.g701	71.595	257	69	3	1	254	1321	1576	3.24e-116	367
PfGN01_040018100|ATS|1|1686|2145	PT0106-C.g680	94.783	460	24	0	1	460	1694	2153	0.0	795
PfGN01_040018100|ATS|1|1686|2145	PT0184-C.g4612	93.913	460	28	0	1	460	1721	2180	0.0	786
PfGN01_040018100|ATS|1|1686|2145	PV0147-C.g37	93.913	460	28	0	1	460	1803	2262	0.0	785
PfGN01_040018100|ATS|1|1686|2145	PA0262-C.g367	93.696	460	29	0	1	460	1735	2194	0.0	784
PfGN01_040018100|ATS|1|1686|2145	PF0311-C.g449	94.079	456	27	0	1	456	889	1344	0.0	773
PfGN01_040018200|NTS|1|1|65	PT0034-C.g937	84.615	65	10	0	1	65	1	65	2.93e-30	112
PfGN01_040018200|NTS|1|1|65	PA0262-C.g471	83.077	65	11	0	1	65	1	65	6.77e-30	111
PfGN01_040018200|NTS|1|1|65	QG0290-C.g1226	81.538	65	12	0	1	65	1	65	1.65e-29	110
PfGN01_040018200|NTS|1|1|65	PV0133-C.g121	78.462	65	14	0	1	65	1	65	6.73e-28	105
PfGN01_040018200|NTS|1|1|65	QG0292-C.g2243	80.000	65	13	0	1	65	1	65	1.78e-27	104
PfGN01_040018200|DBLa|1|66|473	PF0692-C.g1052	76.442	416	88	4	1	408	65	478	0.0	651
PfGN01_040018200|DBLa|1|66|473	PF0692-C.g1052	29.893	281	161	9	51	324	1261	1512	5.33e-22	101
PfGN01_040018200|DBLa|1|66|473	PF0692-C.g1052	25.220	341	202	10	13	338	792	1094	7.89e-17	85.5
PfGN01_040018200|DBLa|1|66|473	PT0218-Cx.g168	74.940	415	94	4	1	408	65	476	0.0	633
PfGN01_040018200|DBLa|1|66|473	PT0218-Cx.g168	22.697	304	172	10	45	324	831	1095	3.04e-11	67.8
PfGN01_040018200|DBLa|1|66|473	QG0290-C.g1226	74.818	413	94	5	1	408	66	473	0.0	624
PfGN01_040018200|DBLa|1|66|473	QG0290-C.g1226	28.148	270	173	5	10	268	1220	1479	6.06e-26	112
PfGN01_040018200|DBLa|1|66|473	QG0290-C.g1226	22.887	284	169	7	49	327	842	1080	1.77e-14	78.2
PfGN01_040018200|DBLa|1|66|473	SenT233.08.g1440	72.554	419	100	5	1	408	68	482	0.0	620
PfGN01_040018200|DBLa|1|66|473	SenT233.08.g1440	27.197	239	139	7	35	263	844	1057	4.82e-13	73.6
PfGN01_040018200|DBLa|1|66|473	PA0034-C.g113	75.485	412	95	4	1	408	65	474	0.0	619
PfGN01_040018200|DBLa|1|66|473	PA0034-C.g113	31.329	316	168	11	120	408	1048	1341	4.10e-24	107
PfGN01_040018200|DBLa|1|66|473	PA0034-C.g113	26.407	231	115	10	40	262	2334	2517	1.46e-11	68.9
PfGN01_040018200|DBLa|1|66|473	PA0034-C.g113	25.106	235	131	6	32	264	2003	2194	2.50e-10	65.1
PfGN01_040018200|CIDRa|1|474|714	PD0544-C.g738	71.548	239	66	1	1	237	479	717	1.06e-112	356
PfGN01_040018200|CIDRa|1|474|714	PF0122-C.g53	67.089	237	78	0	1	237	478	714	3.47e-106	330
PfGN01_040018200|CIDRa|1|474|714	QE0461-C.g23	67.089	237	78	0	1	237	455	691	4.51e-106	330
PfGN01_040018200|CIDRa|1|474|714	PH0774-C.g863	66.531	245	73	2	1	236	243	487	2.43e-104	330
PfGN01_040018200|CIDRa|1|474|714	PH0774-C.g863	32.292	96	63	2	67	162	1139	1232	3.30e-07	53.1
PfGN01_040018200|CIDRa|1|474|714	PA0253-C.g1147	66.667	237	77	1	1	235	42	278	3.63e-104	329
PfGN01_040018200|CIDRa|1|474|714	PA0253-C.g1147	27.232	224	146	9	25	238	873	1089	2.59e-11	65.5
PfGN01_040018200|DBLd|1|822|1330	PF0041-C.g789	51.613	589	179	16	1	509	823	1385	4.16e-161	501
PfGN01_040018200|DBLd|1|822|1330	PF0041-C.g789	27.273	187	120	6	336	509	297	480	4.03e-11	68.6
PfGN01_040018200|DBLd|1|822|1330	PF0609-C.g324	58.836	481	146	14	39	509	1001	1439	5.70e-161	502
PfGN01_040018200|DBLd|1|822|1330	PH0500-CW.g502	49.245	530	206	12	1	509	90	577	2.82e-147	449
PfGN01_040018200|DBLd|1|822|1330	PT0137-C.g88	51.238	525	215	14	1	509	253	752	1.49e-146	451
PfGN01_040018200|DBLd|1|822|1330	PH0117-C.g20	50.093	537	213	15	1	509	821	1330	1.26e-145	454
PfGN01_040018200|DBLd|1|822|1330	PH0117-C.g20	33.077	130	79	5	339	463	297	423	1.82e-10	66.2
PfGN01_040018200|CIDRb|1|1331|1579	QG0260-C.g816	84.836	244	35	2	1	243	1452	1694	4.16e-134	417
PfGN01_040018200|CIDRb|1|1331|1579	QE0397-C.g290	80.833	240	42	2	1	237	1862	2100	1.95e-125	394
PfGN01_040018200|CIDRb|1|1331|1579	QE0429-C.g900	78.926	242	45	4	1	237	1343	1583	2.61e-120	378
PfGN01_040018200|CIDRb|1|1331|1579	SenT001.11.g869	73.228	254	62	5	1	249	1435	1687	2.56e-113	359
PfGN01_040018200|CIDRb|1|1331|1579	PA0201-C.g530	73.228	254	62	5	1	249	1330	1582	5.08e-113	357
PfGN01_040018200|ATS|1|1706|2151	PC0097-C.g664	82.599	454	65	7	1	446	2364	2811	0.0	732
PfGN01_040018200|ATS|1|1706|2151	PT0034-C.g724	77.866	506	52	5	1	446	2851	3356	0.0	719
PfGN01_040018200|ATS|1|1706|2151	QE0475-C.g596	82.759	464	59	6	1	446	1737	2197	0.0	714
PfGN01_040018200|ATS|1|1706|2151	PV0239-C.g10	74.902	510	52	9	1	446	3361	3858	0.0	706
PfGN01_040018200|ATS|1|1706|2151	PA0245-C.g998	79.698	463	72	7	1	446	1706	2163	0.0	703
PfGN01_040018300|NTS|1|1|61	PA0085-C.g349	75.385	65	12	1	1	61	1	65	1.21e-22	90.9
PfGN01_040018300|NTS|1|1|61	PF0058-C.g569	93.478	46	3	0	15	60	22	67	3.15e-21	86.7
PfGN01_040018300|NTS|1|1|61	PC0107-C.g557	93.478	46	3	0	15	60	22	67	3.79e-21	86.7
PfGN01_040018300|NTS|1|1|61	PM0004-C.g430	87.097	62	7	1	1	61	1	62	9.29e-21	85.5
PfGN01_040018300|NTS|1|1|61	PA0262-C.g646	79.245	53	11	0	8	60	7	59	6.71e-20	82.8
PfGN01_040018300|DBLa|1|62|502	PA0085-C.g349	77.232	448	90	4	1	441	66	508	0.0	695
PfGN01_040018300|DBLa|1|62|502	PA0085-C.g349	32.258	124	78	2	248	371	1239	1356	1.05e-08	60.1
PfGN01_040018300|DBLa|1|62|502	PF0058-C.g569	72.707	447	103	8	1	441	69	502	0.0	622
PfGN01_040018300|DBLa|1|62|502	PF0058-C.g569	22.826	276	161	11	189	441	1159	1405	3.18e-09	62.0
PfGN01_040018300|DBLa|1|62|502	PC0107-C.g557	70.022	447	115	8	1	441	69	502	0.0	597
PfGN01_040018300|DBLa|1|62|502	PC0107-C.g557	27.273	264	120	12	151	368	1154	1391	3.54e-12	71.2
PfGN01_040018300|DBLa|1|62|502	PT0059-C.g726	66.150	452	138	9	1	441	63	510	0.0	574
PfGN01_040018300|DBLa|1|62|502	PT0059-C.g726	27.636	275	154	11	189	441	1150	1401	3.66e-16	83.6
PfGN01_040018300|DBLa|1|62|502	QG0202-C.g545	69.565	437	113	10	8	441	66	485	0.0	573
PfGN01_040018300|DBLa|1|62|502	QG0202-C.g545	23.785	391	222	14	88	441	1047	1398	1.39e-12	72.4
PfGN01_040018300|CIDRa|1|503|806	PD0526-C.g1023	74.434	309	54	4	1	301	468	759	2.12e-147	455
PfGN01_040018300|CIDRa|1|503|806	PD0519-C.g1324	74.434	309	54	4	1	301	468	759	2.12e-147	455
PfGN01_040018300|CIDRa|1|503|806	PD0648-C.g412	71.061	311	77	3	1	303	501	806	1.45e-136	428
PfGN01_040018300|CIDRa|1|503|806	PD0582-C.g337	71.061	311	77	3	1	303	501	806	5.62e-136	427
PfGN01_040018300|CIDRa|1|503|806	PD0508-C.g55	71.061	311	77	3	1	303	501	806	5.62e-136	427
PfGN01_040018300|DBLd|1|883|1400	PF0609-C.g324	51.748	572	179	15	1	518	911	1439	1.80e-162	506
PfGN01_040018300|DBLd|1|883|1400	PF0609-C.g324	24.688	320	161	12	212	491	183	462	2.62e-11	68.9
PfGN01_040018300|DBLd|1|883|1400	QG0260-C.g816	51.449	552	194	14	1	518	940	1451	4.22e-154	484
PfGN01_040018300|DBLd|1|883|1400	QG0260-C.g816	24.031	258	133	11	215	446	193	413	2.30e-07	56.2
PfGN01_040018300|DBLd|1|883|1400	PA0209-C.g1524	50.916	546	208	17	1	518	837	1350	6.15e-151	474
PfGN01_040018300|DBLd|1|883|1400	PA0209-C.g1524	24.933	373	202	15	186	518	162	496	5.79e-14	77.4
PfGN01_040018300|DBLd|1|883|1400	SenT044.10.g796	49.541	545	211	18	1	518	149	656	1.34e-148	453
PfGN01_040018300|DBLd|1|883|1400	SenT046.11.g520	49.541	545	211	18	1	518	830	1337	7.54e-143	452
PfGN01_040018300|DBLd|1|883|1400	SenT046.11.g520	25.833	360	164	15	215	518	183	495	4.72e-12	71.2
PfGN01_040018300|CIDRb|1|1401|1649	QG0260-C.g816	84.836	244	35	2	1	243	1452	1694	4.16e-134	417
PfGN01_040018300|CIDRb|1|1401|1649	QE0397-C.g290	80.833	240	42	2	1	237	1862	2100	1.95e-125	394
PfGN01_040018300|CIDRb|1|1401|1649	QE0429-C.g900	78.926	242	45	4	1	237	1343	1583	2.61e-120	378
PfGN01_040018300|CIDRb|1|1401|1649	SenT001.11.g869	73.228	254	62	5	1	249	1435	1687	2.56e-113	359
PfGN01_040018300|CIDRb|1|1401|1649	PA0201-C.g530	73.228	254	62	5	1	249	1330	1582	5.08e-113	357
PfGN01_040018300|ATS|1|1776|2221	PC0097-C.g664	82.599	454	65	7	1	446	2364	2811	0.0	732
PfGN01_040018300|ATS|1|1776|2221	PT0034-C.g724	77.866	506	52	5	1	446	2851	3356	0.0	719
PfGN01_040018300|ATS|1|1776|2221	QE0475-C.g596	82.759	464	59	6	1	446	1737	2197	0.0	714
PfGN01_040018300|ATS|1|1776|2221	PV0239-C.g10	74.902	510	52	9	1	446	3361	3858	0.0	706
PfGN01_040018300|ATS|1|1776|2221	PA0245-C.g998	79.698	463	72	7	1	446	1706	2163	0.0	703
PfGN01_040018500|NTS|1|1|74	PM0132-C.g301	100.000	74	0	0	1	74	1	74	2.12e-44	153
PfGN01_040018500|NTS|1|1|74	QE0472-C.g400	100.000	74	0	0	1	74	1	74	2.19e-44	153
PfGN01_040018500|NTS|1|1|74	PF0368-C.g421	100.000	74	0	0	1	74	1	74	2.38e-44	153
PfGN01_040018500|NTS|1|1|74	PA0193-C.g605	100.000	74	0	0	1	74	1	74	2.53e-44	153
PfGN01_040018500|NTS|1|1|74	QG0292-C.g2612	100.000	74	0	0	1	74	1	74	2.53e-44	153
PfGN01_040018500|DBLa|1|75|528	PA0176-C.g690	94.967	457	19	2	1	454	75	530	0.0	898
PfGN01_040018500|DBLa|1|75|528	PA0176-C.g690	27.404	208	125	8	151	340	1136	1335	7.13e-13	73.6
PfGN01_040018500|DBLa|1|75|528	PA0074-C.g633	94.967	457	19	2	1	454	75	530	0.0	898
PfGN01_040018500|DBLa|1|75|528	PA0074-C.g633	27.404	208	125	8	151	340	1136	1335	7.13e-13	73.6
PfGN01_040018500|DBLa|1|75|528	PA0061-C.g670	94.967	457	19	2	1	454	75	530	0.0	898
PfGN01_040018500|DBLa|1|75|528	PA0061-C.g670	27.404	208	125	8	151	340	1136	1335	7.13e-13	73.6
PfGN01_040018500|DBLa|1|75|528	PH0341-C.g492	89.278	457	40	4	1	454	75	525	0.0	827
PfGN01_040018500|DBLa|1|75|528	PH0341-C.g492	21.622	296	182	9	131	391	1078	1358	4.31e-07	55.1
PfGN01_040018500|DBLa|1|75|528	SenT044.10.g1576	83.807	457	63	5	1	454	75	523	0.0	776
PfGN01_040018500|CIDRa|1|529|824	PA0176-C.g690	100.000	296	0	0	1	296	531	826	0.0	603
PfGN01_040018500|CIDRa|1|529|824	PA0074-C.g633	100.000	296	0	0	1	296	531	826	0.0	603
PfGN01_040018500|CIDRa|1|529|824	PA0061-C.g670	100.000	296	0	0	1	296	531	826	0.0	603
PfGN01_040018500|CIDRa|1|529|824	PH0341-C.g492	100.000	296	0	0	1	296	526	821	0.0	602
PfGN01_040018500|CIDRa|1|529|824	QG0281-C.g611	62.620	313	91	5	1	296	511	814	2.51e-110	352
PfGN01_040018500|DBLd|1|899|1377	PFKE07.g940	59.231	520	153	12	1	479	1602	2103	0.0	578
PfGN01_040018500|DBLd|1|899|1377	PFKE07.g940	28.232	379	173	13	66	443	1253	1533	3.10e-33	136
PfGN01_040018500|DBLd|1|899|1377	PFKE07.g940	22.715	361	172	16	56	390	113	392	1.04e-08	60.5
PfGN01_040018500|DBLd|1|899|1377	PA0015-C.g498	52.642	511	194	16	1	479	2229	2723	5.12e-152	481
PfGN01_040018500|DBLd|1|899|1377	PA0015-C.g498	30.220	364	145	13	66	412	1737	2008	1.10e-36	147
PfGN01_040018500|DBLd|1|899|1377	PA0207-C.g786	47.842	556	213	9	1	479	870	1425	1.68e-147	464
PfGN01_040018500|DBLd|1|899|1377	PA0207-C.g786	29.231	195	109	6	309	479	301	490	1.56e-10	66.2
PfGN01_040018500|DBLd|1|899|1377	PM0024-C.g1015	51.028	535	183	15	1	479	880	1391	3.23e-146	460
PfGN01_040018500|DBLd|1|899|1377	PM0024-C.g1015	24.153	236	125	6	296	479	282	515	1.60e-07	56.6
PfGN01_040018500|DBLd|1|899|1377	PH0341-C.g492	53.254	507	190	13	1	479	896	1383	3.54e-143	452
PfGN01_040018500|DBLd|1|899|1377	PH0341-C.g492	27.727	220	99	10	309	479	317	525	5.20e-07	55.1
PfGN01_040018500|CIDRb|1|1378|1632	PM0024-C.g1015	79.352	247	48	2	1	246	1392	1636	5.61e-128	400
PfGN01_040018500|CIDRb|1|1378|1632	PFKE07.g940	74.219	256	54	4	1	246	2104	2357	1.18e-117	372
PfGN01_040018500|CIDRb|1|1378|1632	PT0299-Cx.g5121	64.122	262	78	6	1	255	1099	1351	8.71e-97	311
PfGN01_040018500|CIDRb|1|1378|1632	PT0102-C.g781	64.122	262	78	6	1	255	1423	1675	1.01e-96	312
PfGN01_040018500|CIDRb|1|1378|1632	PT0156-C.g1073	62.548	259	85	5	1	254	1390	1641	1.43e-94	306
PfGN01_040018500|ATS|1|1727|2153	PV0028-C.g43	80.769	442	65	9	1	427	1843	2279	0.0	691
PfGN01_040018500|ATS|1|1727|2153	PC0107-C.g205	79.254	429	81	6	1	427	1012	1434	0.0	668
PfGN01_040018500|ATS|1|1727|2153	PT0158-C.g851	78.588	439	74	7	1	427	1774	2204	0.0	657
PfGN01_040018500|ATS|1|1727|2153	PFKE07.g1065	74.942	431	96	8	2	427	1645	2068	0.0	632
PfGN01_040018500|ATS|1|1727|2153	PC0122-C.g20	74.943	439	93	8	2	427	2347	2781	0.0	632
PfGN01_040026100|NTS|1|1|57	PF0617-C.g269	100.000	57	0	0	1	57	1	57	3.42e-33	120
PfGN01_040026100|NTS|1|1|57	PA0195-C.g286	100.000	57	0	0	1	57	1	57	4.19e-33	120
PfGN01_040026100|NTS|1|1|57	SenT105.07.g113	100.000	57	0	0	1	57	1	57	4.40e-33	120
PfGN01_040026100|NTS|1|1|57	PF0288-C.g146	100.000	57	0	0	1	57	1	57	4.40e-33	120
PfGN01_040026100|NTS|1|1|57	SenT231.08.g316	100.000	57	0	0	1	57	1	57	4.62e-33	120
PfGN01_040026100|DBLa|1|58|448	PF0035-C.g51	100.000	391	0	0	1	391	58	448	0.0	822
PfGN01_040026100|DBLa|1|58|448	PF0035-C.g51	26.440	382	208	15	10	357	783	1125	2.54e-23	104
PfGN01_040026100|DBLa|1|58|448	PF0035-C.g51	26.897	290	178	9	116	391	1748	2017	5.69e-15	79.3
PfGN01_040026100|DBLa|1|58|448	PF0035-C.g51	21.986	282	170	9	50	313	1267	1516	8.93e-08	57.0
PfGN01_040026100|DBLa|1|58|448	PA0152-C.g632	100.000	391	0	0	1	391	58	448	0.0	822
PfGN01_040026100|DBLa|1|58|448	PA0152-C.g632	28.041	296	158	12	10	268	783	1060	4.27e-21	98.2
PfGN01_040026100|DBLa|1|58|448	PA0152-C.g632	27.778	306	169	11	102	391	1733	2002	1.29e-17	87.4
PfGN01_040026100|DBLa|1|58|448	PF0754-C.g322	100.000	391	0	0	1	391	58	448	0.0	822
PfGN01_040026100|DBLa|1|58|448	PF0754-C.g322	32.526	289	156	11	116	391	1738	2000	4.34e-26	113
PfGN01_040026100|DBLa|1|58|448	PF0754-C.g322	29.032	248	127	9	54	268	832	1063	2.53e-20	95.9
PfGN01_040026100|DBLa|1|58|448	PA0044-C.g43	100.000	391	0	0	1	391	58	448	0.0	822
PfGN01_040026100|DBLa|1|58|448	PA0044-C.g43	32.794	247	129	10	48	268	827	1062	7.71e-26	112
PfGN01_040026100|DBLa|1|58|448	PA0044-C.g43	28.333	300	178	8	116	391	1758	2044	1.55e-24	108
PfGN01_040026100|DBLa|1|58|448	PA0044-C.g43	22.159	352	197	11	37	349	1247	1560	3.28e-11	67.8
PfGN01_040026100|DBLa|1|58|448	PA0168-C.g391	100.000	391	0	0	1	391	58	448	0.0	821
PfGN01_040026100|DBLa|1|58|448	PA0168-C.g391	28.041	296	158	12	10	268	783	1060	4.68e-21	98.2
PfGN01_040026100|DBLa|1|58|448	PA0168-C.g391	27.778	306	169	11	102	391	1733	2002	1.44e-17	87.4
PfGN01_040026100|CIDRa|1|449|702	PA0022-C.g35	99.606	254	1	0	1	254	450	703	3.11e-178	518
PfGN01_040026100|CIDRa|1|449|702	PH0114-C.g32	99.606	254	1	0	1	254	450	703	2.74e-177	518
PfGN01_040026100|CIDRa|1|449|702	PM0021-C.g9	99.606	254	1	0	1	254	450	703	1.15e-176	518
PfGN01_040026100|CIDRa|1|449|702	PA0030-C.g942	99.606	254	1	0	1	254	450	703	1.18e-176	519
PfGN01_040026100|CIDRa|1|449|702	QG0225-C.g2789	100.000	254	0	0	1	254	48	301	2.23e-175	518
PfGN01_040026100|DBLb|1|722|1198	PF0035-C.g51	92.181	486	26	3	1	477	722	1204	0.0	929
PfGN01_040026100|DBLb|1|722|1198	PF0035-C.g51	29.534	386	204	13	108	477	1268	1601	1.20e-30	128
PfGN01_040026100|DBLb|1|722|1198	PF0035-C.g51	28.571	329	169	14	111	398	111	414	1.86e-21	100
PfGN01_040026100|DBLb|1|722|1198	PF0617-C.g269	92.181	486	26	3	1	477	722	1204	0.0	926
PfGN01_040026100|DBLb|1|722|1198	PF0617-C.g269	29.534	386	204	13	108	477	1268	1601	1.45e-30	128
PfGN01_040026100|DBLb|1|722|1198	PF0617-C.g269	28.571	329	169	14	111	398	111	414	2.35e-21	100
PfGN01_040026100|DBLb|1|722|1198	PA0075-C.g177	92.181	486	26	3	1	477	112	594	0.0	926
PfGN01_040026100|DBLb|1|722|1198	PA0075-C.g177	29.534	386	204	13	108	477	658	991	1.41e-30	128
PfGN01_040026100|DBLb|1|722|1198	PA0041-C.g293	91.564	486	29	3	1	477	722	1204	0.0	922
PfGN01_040026100|DBLb|1|722|1198	PA0041-C.g293	26.263	396	218	14	108	477	1268	1615	4.40e-23	105
PfGN01_040026100|DBLb|1|722|1198	PA0041-C.g293	28.571	329	169	14	111	398	111	414	2.15e-21	100
PfGN01_040026100|DBLb|1|722|1198	SenT231.08.g316	91.564	486	29	3	1	477	722	1204	0.0	921
PfGN01_040026100|DBLb|1|722|1198	SenT231.08.g316	26.263	396	218	14	108	477	1268	1615	4.20e-23	105
PfGN01_040026100|DBLb|1|722|1198	SenT231.08.g316	28.571	329	169	14	111	398	111	414	2.62e-21	100
PfGN01_040026100|DBLg|1|1216|1595	PA0011-C.g202	100.000	380	0	0	1	380	228	607	0.0	801
PfGN01_040026100|DBLg|1|1216|1595	PA0011-C.g202	31.319	364	199	7	1	318	616	974	1.32e-44	167
PfGN01_040026100|DBLg|1|1216|1595	PA0011-C.g202	33.333	195	96	6	218	380	18	210	1.16e-19	93.6
PfGN01_040026100|DBLg|1|1216|1595	PF0035-C.g51	100.000	380	0	0	1	380	1222	1601	0.0	800
PfGN01_040026100|DBLg|1|1216|1595	PF0035-C.g51	31.319	364	199	7	1	318	1610	1968	8.04e-45	167
PfGN01_040026100|DBLg|1|1216|1595	PF0035-C.g51	29.262	393	202	14	47	380	829	1204	4.19e-31	127
PfGN01_040026100|DBLg|1|1216|1595	PF0035-C.g51	21.986	282	170	9	46	295	107	370	3.89e-08	58.2
PfGN01_040026100|DBLg|1|1216|1595	PA0075-C.g177	100.000	380	0	0	1	380	612	991	0.0	798
PfGN01_040026100|DBLg|1|1216|1595	PA0075-C.g177	31.319	364	199	7	1	318	1000	1358	1.39e-44	167
PfGN01_040026100|DBLg|1|1216|1595	PA0075-C.g177	29.262	393	202	14	47	380	219	594	3.56e-31	127
PfGN01_040026100|DBLg|1|1216|1595	PF0617-C.g269	100.000	380	0	0	1	380	1222	1601	0.0	798
PfGN01_040026100|DBLg|1|1216|1595	PF0617-C.g269	31.319	364	199	7	1	318	1610	1968	1.45e-44	167
PfGN01_040026100|DBLg|1|1216|1595	PF0617-C.g269	29.262	393	202	14	47	380	829	1204	3.95e-31	127
PfGN01_040026100|DBLg|1|1216|1595	PF0617-C.g269	22.022	277	176	8	46	295	107	370	5.17e-08	57.4
PfGN01_040026100|DBLg|1|1216|1595	PA0022-C.g171	100.000	380	0	0	1	380	349	728	0.0	797
PfGN01_040026100|DBLg|1|1216|1595	PA0022-C.g171	31.319	364	199	7	1	318	737	1095	1.62e-44	167
PfGN01_040026100|DBLg|1|1216|1595	PA0022-C.g171	30.696	316	157	11	114	380	29	331	1.08e-27	117
PfGN01_040026100|DBLd|1|1604|2011	PA0011-C.g202	100.000	408	0	0	1	408	616	1023	0.0	849
PfGN01_040026100|DBLd|1|1604|2011	PA0011-C.g202	31.319	364	199	7	1	359	228	545	1.67e-45	171
PfGN01_040026100|DBLd|1|1604|2011	PA0085-C.g578	100.000	408	0	0	1	408	1597	2004	0.0	849
PfGN01_040026100|DBLd|1|1604|2011	PA0085-C.g578	33.152	368	184	10	1	359	1212	1526	1.70e-47	176
PfGN01_040026100|DBLd|1|1604|2011	PA0085-C.g578	27.645	293	178	9	136	408	170	448	1.17e-17	87.8
PfGN01_040026100|DBLd|1|1604|2011	PA0075-C.g177	100.000	408	0	0	1	408	1000	1407	0.0	848
PfGN01_040026100|DBLd|1|1604|2011	PA0075-C.g177	31.319	364	199	7	1	359	612	929	1.52e-45	171
PfGN01_040026100|DBLd|1|1604|2011	PF0617-C.g269	100.000	408	0	0	1	408	1610	2017	0.0	847
PfGN01_040026100|DBLd|1|1604|2011	PF0617-C.g269	31.319	364	199	7	1	359	1222	1539	1.24e-45	171
PfGN01_040026100|DBLd|1|1604|2011	PF0617-C.g269	27.645	293	178	9	136	408	170	448	1.25e-17	87.8
PfGN01_040026100|DBLd|1|1604|2011	PF0035-C.g51	99.755	408	1	0	1	408	1610	2017	0.0	847
PfGN01_040026100|DBLd|1|1604|2011	PF0035-C.g51	31.319	364	199	7	1	359	1222	1539	1.12e-45	171
PfGN01_040026100|DBLd|1|1604|2011	PF0035-C.g51	27.645	293	178	9	136	408	170	448	1.26e-17	87.8
PfGN01_040026100|CIDRg|1|2012|2256	PC0118-C.g19	99.592	245	1	0	1	245	123	367	7.29e-176	511
PfGN01_040026100|CIDRg|1|2012|2256	PA0012-C.g15	99.592	245	1	0	1	245	625	869	2.18e-174	508
PfGN01_040026100|CIDRg|1|2012|2256	PH0610-C.g553	99.592	245	1	0	1	245	636	880	1.27e-173	506
PfGN01_040026100|CIDRg|1|2012|2256	PA0146-C.g1199	100.000	245	0	0	1	245	636	880	3.07e-173	505
PfGN01_040026100|CIDRg|1|2012|2256	PV0147-C.g82	99.592	245	1	0	1	245	266	510	4.18e-173	506
PfGN01_040026100|ATS|1|2377|2838	PfKE03.g309	91.342	462	31	1	1	462	1764	2216	0.0	788
PfGN01_040026100|ATS|1|2377|2838	PF0818-C.g552	91.342	462	31	1	1	462	1782	2234	0.0	786
PfGN01_040026100|ATS|1|2377|2838	QE0468-C.g411	90.693	462	34	1	1	462	1770	2222	0.0	765
PfGN01_040026100|ATS|1|2377|2838	PA0042-C.g156	90.693	462	34	1	1	462	1781	2233	0.0	764
PfGN01_040026100|ATS|1|2377|2838	PA0068-C.g160	91.361	463	36	2	1	462	767	1226	0.0	763
PfGN01_040026300|NTS|1|1|63	PC0061-C.g768	100.000	63	0	0	1	63	1	63	5.84e-34	123
PfGN01_040026300|NTS|1|1|63	PM0060-C.g276	100.000	63	0	0	1	63	1	63	5.95e-34	123
PfGN01_040026300|NTS|1|1|63	PT0106-C.g451	100.000	63	0	0	1	63	1	63	6.95e-34	122
PfGN01_040026300|NTS|1|1|63	PH0225-C.g69	91.525	59	5	0	5	63	2	60	2.21e-27	104
PfGN01_040026300|NTS|1|1|63	PH0999-C.g828	91.525	59	5	0	5	63	2	60	2.27e-27	104
PfGN01_040026300|DBLa|1|64|485	PC0061-C.g768	100.000	422	0	0	1	422	64	485	0.0	873
PfGN01_040026300|DBLa|1|64|485	PC0061-C.g768	30.435	345	149	11	58	388	864	1131	1.18e-29	124
PfGN01_040026300|DBLa|1|64|485	PC0061-C.g768	29.706	340	167	12	58	382	2436	2718	3.00e-28	120
PfGN01_040026300|DBLa|1|64|485	PC0061-C.g768	29.020	255	170	4	168	422	1799	2042	8.02e-22	100
PfGN01_040026300|DBLa|1|64|485	PC0061-C.g768	23.385	325	176	11	54	362	1255	1522	8.14e-09	60.5
PfGN01_040026300|DBLa|1|64|485	PT0106-C.g451	100.000	422	0	0	1	422	64	485	0.0	872
PfGN01_040026300|DBLa|1|64|485	PT0106-C.g451	29.971	347	153	12	58	390	864	1134	6.82e-29	122
PfGN01_040026300|DBLa|1|64|485	PT0106-C.g451	27.431	401	224	15	56	422	1688	2055	6.34e-26	113
PfGN01_040026300|DBLa|1|64|485	PT0106-C.g451	22.314	242	127	7	49	272	1244	1442	4.10e-07	55.1
PfGN01_040026300|DBLa|1|64|485	PM0060-C.g276	81.991	422	59	3	1	422	64	468	0.0	677
PfGN01_040026300|DBLa|1|64|485	PM0060-C.g276	32.131	305	135	10	42	325	833	1086	3.47e-31	129
PfGN01_040026300|DBLa|1|64|485	PM0060-C.g276	24.012	329	212	9	120	422	1743	2059	3.54e-11	67.8
PfGN01_040026300|DBLa|1|64|485	PM0060-C.g276	24.839	310	152	12	54	345	1279	1525	2.09e-10	65.5
PfGN01_040026300|DBLa|1|64|485	PH0715-C.g99	79.157	427	76	5	1	422	61	479	0.0	652
PfGN01_040026300|DBLa|1|64|485	PH0715-C.g99	30.990	313	145	12	52	342	857	1120	1.99e-27	117
PfGN01_040026300|DBLa|1|64|485	PH0715-C.g99	22.084	403	251	11	57	422	1777	2153	1.86e-11	68.9
PfGN01_040026300|DBLa|1|64|485	PH0715-C.g99	21.965	346	178	11	52	379	1284	1555	2.21e-08	58.9
PfGN01_040026300|DBLa|1|64|485	PH0556-C.g307	79.157	427	76	5	1	422	61	479	0.0	652
PfGN01_040026300|DBLa|1|64|485	PH0556-C.g307	30.990	313	145	12	52	342	857	1120	1.99e-27	117
PfGN01_040026300|DBLa|1|64|485	PH0556-C.g307	22.084	403	251	11	57	422	1777	2153	1.86e-11	68.9
PfGN01_040026300|DBLa|1|64|485	PH0556-C.g307	21.965	346	178	11	52	379	1284	1555	2.21e-08	58.9
PfGN01_040026300|CIDRa|1|486|743	PC0107-C.g881	99.225	258	2	0	1	258	472	729	4.73e-175	533
PfGN01_040026300|CIDRa|1|486|743	PF0692-C.g1178	99.225	258	2	0	1	258	472	729	8.64e-174	533
PfGN01_040026300|CIDRa|1|486|743	PF0692-C.g1178	26.506	249	170	8	4	247	2004	2244	2.15e-13	72.0
PfGN01_040026300|CIDRa|1|486|743	PA0032-C.g266	87.398	246	31	0	1	246	472	717	6.65e-141	437
PfGN01_040026300|CIDRa|1|486|743	PT0106-C.g451	83.333	258	43	0	1	258	486	743	9.16e-134	418
PfGN01_040026300|CIDRa|1|486|743	PT0106-C.g451	27.083	192	122	5	4	186	2059	2241	1.22e-10	63.9
PfGN01_040026300|CIDRa|1|486|743	PT0144-C.g100	77.907	258	57	0	1	258	440	697	1.45e-133	409
PfGN01_040026300|DBLb|1|757|1218	PF0692-C.g1178	77.944	467	92	6	1	462	743	1203	0.0	726
PfGN01_040026300|DBLb|1|757|1218	PF0692-C.g1178	34.572	269	116	10	109	326	115	374	1.29e-31	131
PfGN01_040026300|DBLb|1|757|1218	PF0692-C.g1178	30.544	239	116	9	103	329	3012	3212	7.06e-21	98.6
PfGN01_040026300|DBLb|1|757|1218	PF0692-C.g1178	26.141	241	149	4	107	343	2687	2902	3.48e-16	84.3
PfGN01_040026300|DBLb|1|757|1218	PF0692-C.g1178	28.213	319	170	16	57	345	1210	1499	1.07e-14	79.3
PfGN01_040026300|DBLb|1|757|1218	PF0692-C.g1178	27.397	219	99	7	173	343	1724	1930	3.08e-08	58.9
PfGN01_040026300|DBLb|1|757|1218	PF0692-C.g1178	24.638	276	156	11	103	346	2330	2585	6.93e-08	57.8
PfGN01_040026300|DBLb|1|757|1218	PC0107-C.g881	78.373	467	90	6	1	462	743	1203	0.0	725
PfGN01_040026300|DBLb|1|757|1218	PC0107-C.g881	34.572	269	116	10	109	326	115	374	2.07e-31	130
PfGN01_040026300|DBLb|1|757|1218	PC0107-C.g881	26.032	315	182	12	57	343	1210	1501	1.08e-12	73.2
PfGN01_040026300|DBLb|1|757|1218	PC0061-C.g768	68.683	463	128	7	1	462	757	1203	0.0	628
PfGN01_040026300|DBLb|1|757|1218	PC0061-C.g768	44.215	484	207	14	1	462	2326	2768	3.49e-107	351
PfGN01_040026300|DBLb|1|757|1218	PC0061-C.g768	28.463	397	201	12	2	326	3	388	2.57e-31	130
PfGN01_040026300|DBLb|1|757|1218	PC0061-C.g768	26.235	324	175	12	57	344	1208	1503	3.72e-15	80.9
PfGN01_040026300|DBLb|1|757|1218	PC0061-C.g768	23.229	353	202	12	39	346	2746	3074	1.64e-08	59.7
PfGN01_040026300|DBLb|1|757|1218	PM0114-C.g109	68.670	466	125	9	1	462	775	1223	0.0	617
PfGN01_040026300|DBLb|1|757|1218	PM0114-C.g109	28.316	392	202	13	5	326	8	390	3.93e-30	127
PfGN01_040026300|DBLb|1|757|1218	PM0114-C.g109	26.239	343	188	8	109	403	2559	2884	5.84e-16	83.6
PfGN01_040026300|DBLb|1|757|1218	PM0114-C.g109	25.223	337	181	12	57	344	1228	1542	5.47e-13	73.9
PfGN01_040026300|DBLb|1|757|1218	PV0147-C.g60	68.240	466	135	8	1	462	766	1222	0.0	617
PfGN01_040026300|DBLb|1|757|1218	PV0147-C.g60	33.948	271	120	9	106	326	120	381	1.04e-30	128
PfGN01_040026300|DBLb|1|757|1218	PV0147-C.g60	24.028	283	158	9	96	344	1268	1527	4.60e-12	71.2
PfGN01_040026300|DBLg|1|1234|1582	PF0092-C.g295	72.843	313	80	2	1	312	1386	1694	3.91e-144	452
PfGN01_040026300|DBLg|1|1234|1582	PF0092-C.g295	42.154	325	164	9	1	309	1000	1316	4.06e-63	219
PfGN01_040026300|DBLg|1|1234|1582	PF0092-C.g295	29.009	424	176	16	1	304	1851	2269	1.70e-32	130
PfGN01_040026300|DBLg|1|1234|1582	PF0092-C.g295	25.581	258	155	9	44	287	580	814	8.88e-10	62.8
PfGN01_040026300|DBLg|1|1234|1582	PA0261-C.g249	60.969	351	134	2	1	349	1274	1623	4.78e-136	429
PfGN01_040026300|DBLg|1|1234|1582	PA0261-C.g249	27.725	422	142	15	31	289	1820	2241	7.53e-26	111
PfGN01_040026300|DBLg|1|1234|1582	PA0261-C.g249	27.306	271	139	10	44	287	910	1149	4.35e-15	79.0
PfGN01_040026300|DBLg|1|1234|1582	PA0261-C.g249	25.532	282	168	10	39	289	194	464	6.80e-07	53.9
PfGN01_040026300|DBLg|1|1234|1582	QG0201-C.g102	60.969	351	134	2	1	349	1276	1625	4.78e-136	429
PfGN01_040026300|DBLg|1|1234|1582	QG0201-C.g102	27.725	422	142	15	31	289	1822	2243	7.53e-26	111
PfGN01_040026300|DBLg|1|1234|1582	QG0201-C.g102	27.306	271	139	10	44	287	912	1151	4.35e-15	79.0
PfGN01_040026300|DBLg|1|1234|1582	QG0201-C.g102	25.532	282	168	10	39	289	196	466	6.80e-07	53.9
PfGN01_040026300|DBLg|1|1234|1582	PA0184-C.g265	61.364	352	131	4	1	349	1212	1561	7.36e-135	426
PfGN01_040026300|DBLg|1|1234|1582	PA0184-C.g265	27.411	394	156	15	26	289	1754	2147	1.70e-27	116
PfGN01_040026300|DBLg|1|1234|1582	PA0184-C.g265	24.638	276	145	12	44	286	841	1086	1.42e-09	62.0
PfGN01_040026300|DBLg|1|1234|1582	PA0184-C.g265	25.704	284	169	11	39	292	123	394	1.62e-09	62.0
PfGN01_040026300|DBLg|1|1234|1582	PM0086-C.g54	61.364	352	131	4	1	349	1258	1607	1.11e-134	425
PfGN01_040026300|DBLg|1|1234|1582	PM0086-C.g54	28.116	345	161	11	33	290	1829	2173	1.73e-26	113
PfGN01_040026300|DBLg|1|1234|1582	PM0086-C.g54	25.704	284	169	11	39	292	171	442	1.41e-09	62.0
PfGN01_040026300|DBLg|1|1234|1582	PM0086-C.g54	24.275	276	146	12	44	286	887	1132	4.86e-09	60.5
PfGN01_040026300|DBLd|1|1590|2049	QE0452-C.g676	51.020	490	190	14	1	460	882	1351	8.47e-141	444
PfGN01_040026300|DBLd|1|1590|2049	QE0452-C.g676	24.762	315	172	15	136	428	184	455	4.04e-08	58.5
PfGN01_040026300|DBLd|1|1590|2049	PV0276-C.g48	51.020	490	190	14	1	460	882	1351	8.47e-141	444
PfGN01_040026300|DBLd|1|1590|2049	PV0276-C.g48	24.762	315	172	15	136	428	184	455	4.04e-08	58.5
PfGN01_040026300|DBLd|1|1590|2049	QG0186-C.g624	48.855	524	180	15	1	460	808	1307	3.44e-135	428
PfGN01_040026300|DBLd|1|1590|2049	QG0186-C.g624	31.953	169	88	7	293	441	298	459	1.48e-10	66.2
PfGN01_040026300|DBLd|1|1590|2049	QG0271-C.g360	50.302	497	181	16	1	460	1586	2053	5.42e-135	431
PfGN01_040026300|DBLd|1|1590|2049	QG0271-C.g360	32.240	366	146	15	36	399	1258	1523	3.55e-37	147
PfGN01_040026300|DBLd|1|1590|2049	QG0269-C.g216	50.302	497	181	16	1	460	1586	2053	5.42e-135	431
PfGN01_040026300|DBLd|1|1590|2049	QG0269-C.g216	32.240	366	146	15	36	399	1258	1523	3.55e-37	147
PfGN01_040026300|CIDRb|1|2050|2296	SenT077.11.g1140	79.508	244	43	5	1	241	667	906	1.25e-125	382
PfGN01_040026300|CIDRb|1|2050|2296	PA0148-C.g777	80.081	246	42	5	1	244	1315	1555	2.12e-123	386
PfGN01_040026300|CIDRb|1|2050|2296	PM0073-C.g1625	78.862	246	45	5	1	243	1406	1647	1.03e-121	382
PfGN01_040026300|CIDRb|1|2050|2296	SenT040.11.g501	78.862	246	45	5	1	243	1430	1671	1.78e-121	382
PfGN01_040026300|CIDRb|1|2050|2296	PA0102-C.g485	70.800	250	63	6	1	243	1254	1500	6.92e-106	337
PfGN01_040026300|DBLg|2|2386|2774	QG0209-C.g737	98.715	389	5	0	1	389	1278	1666	0.0	795
PfGN01_040026300|DBLg|2|2386|2774	QG0209-C.g737	23.333	360	199	14	16	332	87	412	1.79e-11	68.6
PfGN01_040026300|DBLg|2|2386|2774	QG0209-C.g737	23.810	294	162	11	45	306	856	1119	1.94e-11	68.6
PfGN01_040026300|DBLg|2|2386|2774	PT0189-Cx.g635	98.715	389	5	0	1	389	1278	1666	0.0	795
PfGN01_040026300|DBLg|2|2386|2774	PT0189-Cx.g635	23.333	360	199	14	16	332	87	412	1.79e-11	68.6
PfGN01_040026300|DBLg|2|2386|2774	PT0189-Cx.g635	23.810	294	162	11	45	306	856	1119	1.94e-11	68.6
PfGN01_040026300|DBLg|2|2386|2774	PA0012-C.g553	93.059	389	22	2	1	389	1265	1648	0.0	743
PfGN01_040026300|DBLg|2|2386|2774	PA0012-C.g553	25.497	302	179	11	45	329	853	1125	1.11e-14	78.6
PfGN01_040026300|DBLg|2|2386|2774	PA0012-C.g553	26.074	349	183	13	26	334	95	408	1.06e-10	66.2
PfGN01_040026300|DBLg|2|2386|2774	PA0078-C.g79	87.692	390	36	4	1	389	2029	2407	0.0	691
PfGN01_040026300|DBLg|2|2386|2774	PA0078-C.g79	38.903	401	206	10	1	389	795	1168	4.89e-79	267
PfGN01_040026300|DBLg|2|2386|2774	PA0078-C.g79	27.617	449	182	17	1	314	1194	1634	1.08e-31	129
PfGN01_040026300|DBLg|2|2386|2774	PA0078-C.g79	24.051	316	175	12	22	291	94	390	2.56e-10	65.1
PfGN01_040026300|DBLg|2|2386|2774	QG0226-C.g3407	81.841	391	64	3	1	389	1274	1659	0.0	627
PfGN01_040026300|DBLg|2|2386|2774	QG0226-C.g3407	25.237	317	175	12	10	298	827	1109	6.28e-16	82.4
PfGN01_040026300|ATS|1|2829|3323	PD0510-C.g444	74.560	511	103	8	1	495	1930	2429	0.0	711
PfGN01_040026300|ATS|1|2829|3323	PD0508-C.g1406	74.560	511	103	8	1	495	1930	2429	0.0	711
PfGN01_040026300|ATS|1|2829|3323	PD0505-C.g6963	74.560	511	103	8	1	495	1930	2429	0.0	711
PfGN01_040026300|ATS|1|2829|3323	QE0444-C.g508	74.560	511	103	8	1	495	1928	2427	0.0	710
PfGN01_040026300|ATS|1|2829|3323	PD0590-C.g627	74.560	511	103	8	1	495	1894	2393	0.0	710
PfGN01_040026400|NTS|1|1|69	PM0098-C.g995	100.000	69	0	0	1	69	1	69	4.53e-41	143
PfGN01_040026400|NTS|1|1|69	PC0053-C.g474	98.551	69	1	0	1	69	1	69	3.45e-40	141
PfGN01_040026400|NTS|1|1|69	PC0061-C.g1040	88.406	69	8	0	1	69	1	69	4.08e-36	129
PfGN01_040026400|NTS|1|1|69	PT0041-C.g412	79.104	67	14	0	3	69	4	70	3.39e-29	109
PfGN01_040026400|NTS|1|1|69	PA0040-C.g553	76.812	69	16	0	1	69	1	69	5.30e-29	109
PfGN01_040026400|DBLa|1|70|493	PM0098-C.g995	100.000	424	0	0	1	424	70	493	0.0	897
PfGN01_040026400|DBLa|1|70|493	PM0098-C.g995	23.746	299	163	9	86	338	960	1239	9.55e-14	75.9
PfGN01_040026400|DBLa|1|70|493	PC0053-C.g474	99.764	424	1	0	1	424	70	493	0.0	895
PfGN01_040026400|DBLa|1|70|493	PC0053-C.g474	23.757	362	211	11	102	424	995	1330	2.24e-15	81.3
PfGN01_040026400|DBLa|1|70|493	PC0061-C.g1040	99.764	424	1	0	1	424	70	493	0.0	893
PfGN01_040026400|DBLa|1|70|493	PF0638-C.g9072	77.209	430	88	5	1	424	66	491	0.0	668
PfGN01_040026400|DBLa|1|70|493	PF0638-C.g9072	23.861	373	197	12	101	424	975	1309	2.24e-17	87.4
PfGN01_040026400|DBLa|1|70|493	PA0098-C.g709	73.585	424	99	3	1	424	69	479	0.0	650
PfGN01_040026400|DBLa|1|70|493	PA0098-C.g709	28.643	199	112	6	234	424	1182	1358	1.52e-14	78.6
PfGN01_040026400|CIDRa|1|494|741	PC0061-C.g1040	98.387	248	4	0	1	248	494	741	5.95e-171	499
PfGN01_040026400|CIDRa|1|494|741	PC0053-C.g474	100.000	248	0	0	1	248	494	741	4.45e-169	510
PfGN01_040026400|CIDRa|1|494|741	PC0053-C.g474	29.183	257	151	10	9	247	1340	1583	8.38e-10	61.2
PfGN01_040026400|CIDRa|1|494|741	PM0098-C.g995	100.000	248	0	0	1	248	494	741	4.50e-169	510
PfGN01_040026400|CIDRa|1|494|741	QG0291-C.g3730	76.305	249	57	2	1	248	496	743	2.56e-120	378
PfGN01_040026400|CIDRa|1|494|741	PM0049-C.g458	76.543	243	56	1	1	243	507	748	7.05e-120	377
PfGN01_040026400|DBLd|1|824|1337	PM0160-C.g511	55.877	553	185	20	1	514	1150	1682	1.39e-167	523
PfGN01_040026400|DBLd|1|824|1337	PT0098-C.g513	53.723	564	187	20	1	514	845	1384	6.09e-167	518
PfGN01_040026400|DBLd|1|824|1337	PT0098-C.g513	22.376	362	211	11	183	514	167	488	8.79e-13	73.6
PfGN01_040026400|DBLd|1|824|1337	PM0152-C.g71	51.554	547	201	15	1	514	221	736	5.56e-164	496
PfGN01_040026400|DBLd|1|824|1337	PA0041-C.g583	53.148	540	196	14	1	514	890	1398	7.71e-164	509
PfGN01_040026400|DBLd|1|824|1337	PA0041-C.g583	37.255	102	58	3	342	441	294	391	3.16e-14	78.2
PfGN01_040026400|DBLd|1|824|1337	PF0449-C.g706	54.762	546	195	17	1	514	882	1407	8.66e-163	507
PfGN01_040026400|DBLd|1|824|1337	PF0449-C.g706	25.000	352	207	12	165	483	142	469	1.17e-16	85.9
PfGN01_040026400|CIDRg|1|1338|1592	PA0098-C.g684	89.712	243	25	0	1	243	1442	1684	1.15e-145	449
PfGN01_040026400|CIDRg|1|1338|1592	PA0220-C.g1268	74.340	265	54	4	1	255	630	890	1.07e-126	385
PfGN01_040026400|CIDRg|1|1338|1592	PA0176-C.g676	73.106	264	59	4	1	255	1474	1734	1.40e-119	377
PfGN01_040026400|CIDRg|1|1338|1592	SenT125.11.g347	74.242	264	57	5	1	254	619	881	8.33e-117	359
PfGN01_040026400|CIDRg|1|1338|1592	PH0349-C.g366	70.342	263	70	5	1	255	1333	1595	1.79e-114	362
PfGN01_040026400|ATS|1|1715|2221	PV0211-C.g126	80.388	515	83	9	1	507	841	1345	0.0	773
PfGN01_040026400|ATS|1|1715|2221	PD0590-C.g13	77.649	519	72	13	1	507	818	1304	0.0	730
PfGN01_040026400|ATS|1|1715|2221	PV0147-C.g7	76.529	507	51	9	1	507	1761	2199	0.0	727
PfGN01_040026400|ATS|1|1715|2221	QE0436-C.g732	76.062	518	80	11	1	507	1692	2176	0.0	711
PfGN01_040026400|ATS|1|1715|2221	PA0245-C.g998	74.319	514	69	11	1	507	1706	2163	0.0	697
PfGN01_040032000|NTS|1|1|66	SenT084.10.g2196	100.000	66	0	0	1	66	1	66	1.74e-37	133
PfGN01_040032000|NTS|1|1|66	PM0060-C.g820	90.741	54	5	0	13	66	21	74	1.55e-25	99.4
PfGN01_040032000|NTS|1|1|66	SenT036.10.g2017	75.000	60	13	1	1	60	1	58	2.12e-21	87.4
PfGN01_040032000|NTS|1|1|66	PM0152-C.g669	65.152	66	21	1	1	66	1	64	1.93e-19	82.0
PfGN01_040032000|NTS|1|1|66	PA0201-C.g577	67.164	67	21	1	1	66	1	67	3.63e-19	81.3
PfGN01_040032000|DBLa|1|67|545	SenT084.10.g2196	100.000	479	0	0	1	479	67	545	0.0	984
PfGN01_040032000|DBLa|1|67|545	SenT084.10.g2196	27.119	295	161	7	164	416	1135	1417	1.18e-17	89.0
PfGN01_040032000|DBLa|1|67|545	PC0069-C.g43	71.944	499	102	12	1	479	61	541	0.0	661
PfGN01_040032000|DBLa|1|67|545	PC0069-C.g43	23.512	336	193	10	130	436	1113	1413	1.86e-13	75.5
PfGN01_040032000|DBLa|1|67|545	PF0158-C.g409	68.789	487	117	14	1	479	69	528	0.0	620
PfGN01_040032000|DBLa|1|67|545	PF0158-C.g409	28.333	180	96	6	190	343	1149	1321	7.65e-12	70.5
PfGN01_040032000|DBLa|1|67|545	PV0241-C.g64	68.623	494	113	15	1	479	69	535	0.0	618
PfGN01_040032000|DBLa|1|67|545	PV0241-C.g64	28.333	180	96	6	190	343	1141	1313	5.99e-12	70.9
PfGN01_040032000|DBLa|1|67|545	PV0234-C.g36	68.623	494	113	15	1	479	69	535	0.0	618
PfGN01_040032000|DBLa|1|67|545	PV0234-C.g36	28.333	180	96	6	190	343	1141	1313	5.99e-12	70.9
PfGN01_040032000|CIDRa|1|546|842	SenT084.10.g2196	100.000	297	0	0	1	297	546	842	0.0	609
PfGN01_040032000|CIDRa|1|546|842	PM0058-C.g202	85.809	303	36	2	1	297	491	792	1.97e-157	488
PfGN01_040032000|CIDRa|1|546|842	PM0058-C.g202	33.696	92	59	2	139	229	1486	1576	2.17e-07	54.7
PfGN01_040032000|CIDRa|1|546|842	PA0134-C.g46	75.806	310	60	3	1	297	527	834	2.22e-149	447
PfGN01_040032000|CIDRa|1|546|842	PM0021-C.g1384	75.806	310	60	3	1	297	527	834	7.05e-148	447
PfGN01_040032000|CIDRa|1|546|842	PM0076-C.g1274	72.819	298	72	5	1	293	528	821	1.15e-127	401
PfGN01_040032000|DBLd|1|926|1421	PF0159-C.g342	54.529	541	186	13	1	496	1058	1583	2.23e-167	521
PfGN01_040032000|DBLd|1|926|1421	PC0054-C.g314	54.717	530	180	17	1	496	890	1393	1.76e-164	510
PfGN01_040032000|DBLd|1|926|1421	PC0054-C.g314	28.338	367	178	15	151	496	173	475	2.53e-19	94.4
PfGN01_040032000|DBLd|1|926|1421	PT0184-C.g698	54.647	538	178	18	1	496	545	1058	2.95e-159	491
PfGN01_040032000|DBLd|1|926|1421	QG0275-C.g589	53.462	520	187	18	1	496	923	1411	1.79e-156	489
PfGN01_040032000|DBLd|1|926|1421	QG0275-C.g589	25.589	297	152	10	235	496	263	525	1.05e-14	79.7
PfGN01_040032000|DBLd|1|926|1421	PM0087-C.g354	51.526	557	185	21	1	496	837	1369	6.02e-156	487
PfGN01_040032000|DBLd|1|926|1421	PM0087-C.g354	26.374	273	151	9	235	496	252	485	2.73e-16	84.7
PfGN01_040032000|CIDRg|1|1422|1689	QE0398-C.g864	70.741	270	73	3	1	268	1110	1375	8.22e-126	392
PfGN01_040032000|CIDRg|1|1422|1689	PV0229-C.g8	70.741	270	73	3	1	268	2634	2899	4.99e-124	391
PfGN01_040032000|CIDRg|1|1422|1689	PV0229-C.g8	29.592	98	66	2	80	176	542	637	8.02e-07	52.4
PfGN01_040032000|CIDRg|1|1422|1689	PV0083-C.g31	70.741	270	73	3	1	268	2702	2967	7.37e-124	390
PfGN01_040032000|CIDRg|1|1422|1689	PV0083-C.g31	31.481	108	69	2	72	176	536	641	1.07e-07	55.1
PfGN01_040032000|CIDRg|1|1422|1689	PT0299-Cx.g8860	70.741	270	73	3	1	268	2624	2889	8.67e-124	390
PfGN01_040032000|CIDRg|1|1422|1689	PT0299-Cx.g8860	29.592	98	66	2	80	176	537	632	8.04e-07	52.4
PfGN01_040032000|CIDRg|1|1422|1689	PV0288-C.g5	70.741	270	73	3	1	268	2683	2948	1.02e-123	390
PfGN01_040032000|CIDRg|1|1422|1689	PV0288-C.g5	29.592	98	66	2	80	176	591	686	7.83e-07	52.4
PfGN01_040032000|ATS|1|1784|2253	PV0229-C.g26	85.201	473	57	6	1	470	1803	2265	0.0	740
PfGN01_040032000|ATS|1|1784|2253	PfKE03.g242	79.055	487	70	7	1	470	1361	1832	0.0	718
PfGN01_040032000|ATS|1|1784|2253	PV0239-C.g10	74.656	509	79	9	1	470	3361	3858	0.0	706
PfGN01_040032000|ATS|1|1784|2253	PV0028-C.g31	78.452	478	73	12	1	470	1737	2192	0.0	694
PfGN01_040032000|ATS|1|1784|2253	PT0219-C.g578	76.471	493	83	11	1	470	1736	2218	0.0	692
PfGN01_050005200|NTS|1|1|65	PC0103-C.g702	100.000	65	0	0	1	65	1	65	4.27e-38	135
PfGN01_050005200|NTS|1|1|65	PT0039-C.g310	100.000	65	0	0	1	65	1	65	5.83e-38	134
PfGN01_050005200|NTS|1|1|65	PC0122-C.g434	89.231	65	7	0	1	65	1	65	1.93e-32	119
PfGN01_050005200|NTS|1|1|65	PC0118-C.g551	89.231	65	7	0	1	65	1	65	1.93e-32	119
PfGN01_050005200|NTS|1|1|65	PF0617-C.g220	81.538	65	12	0	1	65	1	65	6.59e-30	111
PfGN01_050005200|DBLa|1|66|469	PC0103-C.g702	97.052	407	9	1	1	404	66	472	0.0	830
PfGN01_050005200|DBLa|1|66|469	PC0103-C.g702	28.532	361	211	12	1	353	1230	1551	6.43e-32	130
PfGN01_050005200|DBLa|1|66|469	PC0103-C.g702	26.299	308	167	11	40	323	817	1088	1.00e-11	69.3
PfGN01_050005200|DBLa|1|66|469	PC0103-C.g702	24.561	285	142	12	41	317	1649	1868	7.23e-10	63.5
PfGN01_050005200|DBLa|1|66|469	PT0039-C.g310	86.386	404	51	2	1	404	66	465	0.0	728
PfGN01_050005200|DBLa|1|66|469	PT0039-C.g310	33.432	338	193	12	19	353	1259	1567	5.26e-39	151
PfGN01_050005200|DBLa|1|66|469	PT0039-C.g310	24.324	333	170	12	14	318	814	1092	1.67e-14	78.2
PfGN01_050005200|DBLa|1|66|469	PT0039-C.g310	23.592	284	148	8	44	323	1666	1884	2.81e-12	71.2
PfGN01_050005200|DBLa|1|66|469	PM0103-C.g311	85.396	404	58	1	1	404	62	464	0.0	720
PfGN01_050005200|DBLa|1|66|469	PM0103-C.g311	33.016	315	178	11	19	328	1239	1525	3.96e-35	140
PfGN01_050005200|DBLa|1|66|469	PM0103-C.g311	21.739	322	186	10	43	333	806	1092	3.51e-11	67.8
PfGN01_050005200|DBLa|1|66|469	PM0127-C.g465	80.096	417	69	7	1	404	62	477	0.0	668
PfGN01_050005200|DBLa|1|66|469	PM0127-C.g465	31.646	316	179	9	9	317	1242	1527	2.20e-33	135
PfGN01_050005200|DBLa|1|66|469	PM0127-C.g465	25.847	236	145	9	35	249	823	1049	2.07e-08	58.9
PfGN01_050005200|DBLa|1|66|469	SenT140.11.g677	80.096	417	69	7	1	404	62	477	0.0	666
PfGN01_050005200|DBLa|1|66|469	SenT140.11.g677	29.545	308	159	11	113	404	1382	1647	1.12e-23	106
PfGN01_050005200|DBLa|1|66|469	SenT140.11.g677	23.492	315	186	9	34	322	822	1107	3.69e-14	77.0
PfGN01_050005200|CIDRa|1|470|735	PC0103-C.g702	100.000	266	0	0	1	266	473	738	4.19e-179	542
PfGN01_050005200|CIDRa|1|470|735	PA0213-C.g125	88.722	266	29	1	1	266	58	322	4.57e-157	477
PfGN01_050005200|CIDRa|1|470|735	PM0127-C.g465	85.130	269	36	3	1	266	478	745	5.83e-148	455
PfGN01_050005200|CIDRa|1|470|735	SenT097.11.g222	85.130	269	36	3	1	266	478	745	2.56e-146	452
PfGN01_050005200|CIDRa|1|470|735	SenT140.11.g677	85.130	269	36	3	1	266	478	745	3.16e-146	453
PfGN01_050005200|DBLg|1|776|1153	PF0122-C.g410	74.413	383	82	7	1	378	1235	1606	0.0	565
PfGN01_050005200|DBLg|1|776|1153	PF0122-C.g410	26.822	343	182	13	1	302	1649	1963	3.60e-20	95.1
PfGN01_050005200|DBLg|1|776|1153	PF0122-C.g410	25.984	254	119	8	40	261	108	324	1.06e-11	68.9
PfGN01_050005200|DBLg|1|776|1153	PF0122-C.g410	28.102	274	138	11	48	293	849	1091	2.26e-11	68.2
PfGN01_050005200|DBLg|1|776|1153	PA0137-C.g754	74.413	383	82	7	1	378	1995	2366	0.0	562
PfGN01_050005200|DBLg|1|776|1153	PA0137-C.g754	28.770	431	202	13	1	328	1234	1662	2.15e-42	160
PfGN01_050005200|DBLg|1|776|1153	PA0137-C.g754	27.005	374	213	17	32	378	2454	2794	2.19e-17	86.7
PfGN01_050005200|DBLg|1|776|1153	PA0137-C.g754	27.500	280	144	11	48	300	861	1108	2.33e-14	77.4
PfGN01_050005200|DBLg|1|776|1153	PA0137-C.g754	26.693	251	140	8	37	261	108	340	2.01e-10	65.1
PfGN01_050005200|DBLg|1|776|1153	PM0114-C.g478	69.921	379	103	3	1	378	1187	1555	6.22e-173	532
PfGN01_050005200|DBLg|1|776|1153	PM0114-C.g478	24.262	305	170	11	48	331	840	1104	3.13e-12	70.9
PfGN01_050005200|DBLg|1|776|1153	PM0114-C.g478	23.988	321	183	11	40	318	103	404	1.19e-10	65.9
PfGN01_050005200|DBLg|1|776|1153	PM0114-C.g478	25.131	382	212	18	32	378	1644	1986	1.67e-10	65.5
PfGN01_050005200|DBLg|1|776|1153	PT0215-Cx.g953	69.737	380	110	3	1	378	792	1168	3.13e-172	525
PfGN01_050005200|DBLg|1|776|1153	PT0215-Cx.g953	23.547	344	193	10	40	334	108	430	1.72e-13	74.7
PfGN01_050005200|DBLg|1|776|1153	PT0215-Cx.g953	25.223	337	195	14	33	341	1255	1562	1.93e-11	68.2
PfGN01_050005200|DBLg|1|776|1153	PA0228-C.g1168	69.029	381	102	6	1	378	293	660	1.44e-170	509
PfGN01_050005200|DBLg|1|776|1153	PA0228-C.g1168	28.148	135	81	4	174	300	52	178	1.33e-08	59.3
PfGN01_050005200|DBLg|1|776|1153	PA0228-C.g1168	24.405	336	198	15	33	341	749	1055	1.48e-08	59.3
PfGN01_050005200|DBLz|1|1162|1581	PF0417-C.g186	99.524	420	2	0	1	420	1997	2416	0.0	855
PfGN01_050005200|DBLz|1|1162|1581	PF0417-C.g186	30.435	230	133	7	95	308	118	336	1.19e-21	100
PfGN01_050005200|DBLz|1|1162|1581	PF0417-C.g186	24.107	336	194	13	27	339	1609	1906	6.49e-12	70.1
PfGN01_050005200|DBLz|1|1162|1581	PT0141-C.g27	88.028	426	45	2	1	420	2317	2742	0.0	741
PfGN01_050005200|DBLz|1|1162|1581	PT0141-C.g27	35.211	284	136	9	93	357	853	1107	5.23e-35	140
PfGN01_050005200|DBLz|1|1162|1581	PT0141-C.g27	28.814	354	198	11	76	386	89	431	8.16e-27	115
PfGN01_050005200|DBLz|1|1162|1581	PT0141-C.g27	24.042	287	164	12	81	339	1965	2225	1.04e-09	63.2
PfGN01_050005200|DBLz|1|1162|1581	PT0141-C.g27	24.679	312	166	11	150	418	1353	1638	2.73e-07	55.5
PfGN01_050005200|DBLz|1|1162|1581	PA0081-C.g305	82.185	421	73	2	1	420	1702	2121	0.0	700
PfGN01_050005200|DBLz|1|1162|1581	PA0081-C.g305	29.979	477	231	19	8	420	874	1311	2.96e-41	158
PfGN01_050005200|DBLz|1|1162|1581	PA0081-C.g305	28.571	301	169	10	85	343	107	403	7.39e-26	113
PfGN01_050005200|DBLz|1|1162|1581	PA0081-C.g305	27.239	268	148	14	95	339	1368	1611	6.43e-09	60.8
PfGN01_050005200|DBLz|1|1162|1581	PT0021-CW.g242	83.099	426	66	2	1	420	1654	2079	0.0	694
PfGN01_050005200|DBLz|1|1162|1581	PT0021-CW.g242	31.773	299	153	8	74	347	877	1149	1.15e-31	130
PfGN01_050005200|DBLz|1|1162|1581	PT0021-CW.g242	29.063	320	165	12	76	339	103	416	5.30e-23	104
PfGN01_050005200|DBLz|1|1162|1581	PT0021-CW.g242	23.582	335	220	8	23	339	1246	1562	3.64e-10	64.7
PfGN01_050005200|DBLz|1|1162|1581	QG0281-C.g747	83.099	426	66	2	1	420	1165	1590	0.0	694
PfGN01_050005200|DBLz|1|1162|1581	QG0281-C.g747	22.540	315	186	9	50	339	792	1073	1.98e-11	68.6
PfGN01_050005200|ATS|1|1668|2161	PD0483-C.g348	79.116	498	60	7	1	494	2589	3046	0.0	746
PfGN01_050005200|ATS|1|1668|2161	PD0561-C.g263	75.049	509	59	8	1	494	2424	2879	0.0	733
PfGN01_050005200|ATS|1|1668|2161	PA0157-C.g190	76.459	497	71	11	1	494	2245	2698	0.0	715
PfGN01_050005200|ATS|1|1668|2161	PV0211-C.g122	73.462	520	80	8	1	494	891	1378	0.0	711
PfGN01_050005200|ATS|1|1668|2161	PV0028-C.g43	73.441	497	69	7	1	494	1843	2279	0.0	706
PfGN01_050037800|NTS|1|1|74	PC0118-C.g178	100.000	74	0	0	1	74	1	74	2.76e-43	150
PfGN01_050037800|NTS|1|1|74	SenT136.09.g189	97.297	74	2	0	1	74	1	74	5.99e-42	146
PfGN01_050037800|NTS|1|1|74	PD0509-Cx2.g165	94.595	74	4	0	1	74	1	74	9.53e-41	143
PfGN01_050037800|NTS|1|1|74	PT0102-C.g26	98.649	74	1	0	1	74	1	74	4.96e-38	135
PfGN01_050037800|NTS|1|1|74	PA0146-C.g432	95.946	74	3	0	1	74	1	74	7.65e-38	134
PfGN01_050037800|DBLa|1|75|495	PC0005-Cx.g63	90.736	421	39	0	1	421	75	495	0.0	773
PfGN01_050037800|DBLa|1|75|495	PC0005-Cx.g63	31.978	369	177	12	19	371	1338	1648	8.25e-39	151
PfGN01_050037800|DBLa|1|75|495	PC0005-Cx.g63	29.429	350	163	13	13	340	821	1108	5.03e-30	125
PfGN01_050037800|DBLa|1|75|495	PC0005-Cx.g63	32.479	117	79	0	241	357	2185	2301	4.43e-15	80.1
PfGN01_050037800|DBLa|1|75|495	PT0137-C.g21	89.573	422	41	3	1	421	75	494	0.0	748
PfGN01_050037800|DBLa|1|75|495	PT0137-C.g21	33.730	252	126	8	58	296	868	1091	9.71e-31	127
PfGN01_050037800|DBLa|1|75|495	PT0137-C.g21	31.399	293	137	10	60	340	1377	1617	5.46e-26	113
PfGN01_050037800|DBLa|1|75|495	PT0137-C.g21	26.688	311	183	13	121	421	2797	3072	2.03e-14	78.2
PfGN01_050037800|DBLa|1|75|495	PT0137-C.g21	22.287	341	197	11	49	370	2144	2435	1.08e-11	69.7
PfGN01_050037800|DBLa|1|75|495	PT0137-C.g21	27.273	154	83	5	196	340	1882	2015	1.66e-08	59.7
PfGN01_050037800|DBLa|1|75|495	PF0617-C.g119	89.336	422	43	2	1	421	75	495	0.0	741
PfGN01_050037800|DBLa|1|75|495	PF0617-C.g119	34.459	296	134	8	58	340	1415	1663	3.50e-39	152
PfGN01_050037800|DBLa|1|75|495	PF0617-C.g119	33.828	337	150	14	58	368	884	1173	3.88e-39	152
PfGN01_050037800|DBLa|1|75|495	PF0617-C.g119	26.239	343	179	13	114	421	2439	2742	2.11e-15	81.3
PfGN01_050037800|DBLa|1|75|495	PF0617-C.g119	28.342	187	100	10	196	373	1948	2109	1.78e-09	62.8
PfGN01_050037800|DBLa|1|75|495	PA0144-C.g851	89.336	422	43	2	1	421	75	495	0.0	739
PfGN01_050037800|DBLa|1|75|495	PA0144-C.g851	37.874	301	147	12	13	298	828	1103	5.74e-44	166
PfGN01_050037800|DBLa|1|75|495	PA0144-C.g851	31.161	353	165	11	8	342	1357	1649	8.96e-34	136
PfGN01_050037800|DBLa|1|75|495	PA0144-C.g851	25.816	337	177	12	56	371	1821	2105	8.19e-20	94.7
PfGN01_050037800|DBLa|1|75|495	PA0144-C.g851	27.053	207	126	7	233	421	2594	2793	9.96e-08	57.0
PfGN01_050037800|DBLa|1|75|495	SenT136.09.g357	89.336	422	43	2	1	421	75	495	0.0	739
PfGN01_050037800|DBLa|1|75|495	SenT136.09.g357	37.874	301	147	12	13	298	828	1103	4.36e-44	167
PfGN01_050037800|DBLa|1|75|495	SenT136.09.g357	31.579	361	160	13	1	340	1341	1635	2.26e-34	138
PfGN01_050037800|DBLa|1|75|495	SenT136.09.g357	23.041	434	240	15	53	421	2652	3056	1.26e-17	88.2
PfGN01_050037800|DBLa|1|75|495	SenT136.09.g357	22.581	341	184	11	55	377	2183	2461	1.72e-11	68.9
PfGN01_050037800|DBLa|1|75|495	SenT136.09.g357	22.756	312	162	13	51	340	1791	2045	1.57e-07	56.2
PfGN01_050037800|CIDRa|1|496|746	PT0021-CW.g483	100.000	251	0	0	1	251	469	719	4.80e-166	509
PfGN01_050037800|CIDRa|1|496|746	PM0096-C.g586	96.016	251	10	0	1	251	467	717	8.85e-161	488
PfGN01_050037800|CIDRa|1|496|746	PT0230-Cx.g314	95.219	251	12	0	1	251	469	719	2.36e-158	488
PfGN01_050037800|CIDRa|1|496|746	PC0053-C.g111	95.219	251	12	0	1	251	468	718	2.57e-157	485
PfGN01_050037800|CIDRa|1|496|746	PA0245-C.g598	92.829	251	18	0	1	251	478	728	4.01e-153	470
PfGN01_050037800|DBLb|1|755|1248	PF0035-C.g543	79.084	502	96	5	1	494	725	1225	0.0	804
PfGN01_050037800|DBLb|1|755|1248	PF0035-C.g543	46.869	495	205	16	14	494	1733	2183	2.12e-118	385
PfGN01_050037800|DBLb|1|755|1248	PF0035-C.g543	40.990	505	229	18	4	494	1254	1703	6.44e-100	332
PfGN01_050037800|DBLb|1|755|1248	PF0035-C.g543	29.745	353	175	16	59	371	66	385	1.08e-26	117
PfGN01_050037800|DBLb|1|755|1248	PD0474-C.g554	76.389	504	107	4	1	494	721	1222	0.0	793
PfGN01_050037800|DBLb|1|755|1248	PD0474-C.g554	41.734	496	227	17	9	494	1244	1687	6.84e-99	328
PfGN01_050037800|DBLb|1|755|1248	PD0474-C.g554	28.750	400	200	18	59	418	66	420	4.56e-27	118
PfGN01_050037800|DBLb|1|755|1248	PD0474-C.g554	24.913	289	159	12	102	370	1746	1996	7.36e-14	77.0
PfGN01_050037800|DBLb|1|755|1248	PH0497-CW.g82	76.389	504	107	4	1	494	728	1229	0.0	792
PfGN01_050037800|DBLb|1|755|1248	PH0497-CW.g82	43.662	497	223	17	9	494	1251	1701	6.55e-110	360
PfGN01_050037800|DBLb|1|755|1248	PH0497-CW.g82	34.545	275	126	14	63	314	71	314	8.22e-32	132
PfGN01_050037800|DBLb|1|755|1248	PH0497-CW.g82	24.567	289	175	10	96	370	1747	2006	7.08e-13	73.9
PfGN01_050037800|DBLb|1|755|1248	PV0094-C.g6	75.397	504	112	4	1	494	721	1222	0.0	780
PfGN01_050037800|DBLb|1|755|1248	PV0094-C.g6	42.084	499	221	18	9	494	1244	1687	4.06e-100	332
PfGN01_050037800|DBLb|1|755|1248	PV0094-C.g6	28.750	400	200	18	59	418	66	420	5.29e-27	118
PfGN01_050037800|DBLb|1|755|1248	PV0094-C.g6	24.113	282	159	10	113	370	1747	1997	3.25e-12	72.0
PfGN01_050037800|DBLb|1|755|1248	PV0094-C.g6	25.000	208	100	8	171	351	2355	2533	6.90e-10	64.3
PfGN01_050037800|DBLb|1|755|1248	PM0153-C.g401	75.794	504	108	6	1	494	742	1241	0.0	776
PfGN01_050037800|DBLb|1|755|1248	PM0153-C.g401	47.140	507	208	18	4	494	1263	1725	3.63e-121	393
PfGN01_050037800|DBLb|1|755|1248	PM0153-C.g401	32.526	289	144	8	114	371	134	402	1.43e-31	132
PfGN01_050037800|DBLb|1|755|1248	PM0153-C.g401	27.562	283	163	12	102	370	1776	2030	2.88e-15	81.6
PfGN01_050037800|DBLb|2|1264|1722	PC0071-C.g61	65.086	464	149	7	1	459	346	801	0.0	602
PfGN01_050037800|DBLb|2|1264|1722	PC0071-C.g61	46.273	322	118	9	191	459	1	320	1.10e-80	271
PfGN01_050037800|DBLb|2|1264|1722	PM0093-C.g410	64.240	467	146	6	1	459	638	1091	0.0	601
PfGN01_050037800|DBLb|2|1264|1722	PM0093-C.g410	40.117	511	225	16	1	459	127	608	8.15e-99	327
PfGN01_050037800|DBLb|2|1264|1722	PM0073-C.g1443	64.407	472	153	6	1	459	1168	1637	0.0	595
PfGN01_050037800|DBLb|2|1264|1722	PM0073-C.g1443	41.615	483	202	15	1	459	726	1152	1.82e-94	315
PfGN01_050037800|DBLb|2|1264|1722	PM0073-C.g1443	35.101	396	173	16	107	459	1686	2040	5.14e-49	182
PfGN01_050037800|DBLb|2|1264|1722	PM0073-C.g1443	29.455	275	139	8	123	357	128	387	9.37e-26	113
PfGN01_050037800|DBLb|2|1264|1722	PM0073-C.g1443	23.000	300	160	10	189	459	2169	2426	2.56e-07	55.8
PfGN01_050037800|DBLb|2|1264|1722	PA0270-C.g166	60.730	466	168	7	1	459	1217	1674	2.12e-180	560
PfGN01_050037800|DBLb|2|1264|1722	PA0270-C.g166	47.023	487	198	16	10	459	735	1198	7.71e-118	382
PfGN01_050037800|DBLb|2|1264|1722	PA0270-C.g166	29.897	388	186	17	9	339	12	370	1.59e-31	130
PfGN01_050037800|DBLb|2|1264|1722	PA0270-C.g166	26.772	381	206	13	122	459	1736	2086	1.35e-28	122
PfGN01_050037800|DBLb|2|1264|1722	PA0270-C.g166	25.600	250	140	9	122	344	2157	2387	2.37e-14	78.2
PfGN01_050037800|DBLb|2|1264|1722	PF0524-C.g492	61.945	473	144	10	3	459	791	1243	3.50e-179	555
PfGN01_050037800|DBLb|2|1264|1722	PF0524-C.g492	31.008	387	198	17	108	459	1690	2042	3.24e-37	147
PfGN01_050037800|DBLb|2|1264|1722	PF0524-C.g492	30.890	382	178	17	122	459	1303	1642	3.33e-36	144
PfGN01_050037800|DBLb|2|1264|1722	PF0524-C.g492	27.447	470	258	19	9	427	12	449	2.47e-32	133
PfGN01_050037800|DBLg|1|1742|2125	PM0073-C.g1443	98.438	384	6	0	1	384	1657	2040	0.0	793
PfGN01_050037800|DBLg|1|1742|2125	PM0073-C.g1443	34.761	397	221	14	1	384	2055	2426	1.05e-58	208
PfGN01_050037800|DBLg|1|1742|2125	PM0073-C.g1443	36.061	391	179	15	30	384	1282	1637	3.89e-55	198
PfGN01_050037800|DBLg|1|1742|2125	PM0073-C.g1443	34.653	303	141	11	112	384	877	1152	1.05e-39	153
PfGN01_050037800|DBLg|1|1742|2125	PM0073-C.g1443	27.616	344	140	10	45	279	2639	2982	1.42e-24	108
PfGN01_050037800|DBLg|1|1742|2125	PM0073-C.g1443	24.771	327	176	14	14	295	86	387	2.59e-12	71.2
PfGN01_050037800|DBLg|1|1742|2125	PM0108-C.g715	98.177	384	7	0	1	384	1693	2076	0.0	789
PfGN01_050037800|DBLg|1|1742|2125	PM0108-C.g715	34.761	397	221	14	1	384	2091	2462	1.60e-58	207
PfGN01_050037800|DBLg|1|1742|2125	PM0108-C.g715	35.128	390	186	12	35	384	1311	1673	1.05e-55	199
PfGN01_050037800|DBLg|1|1742|2125	PM0108-C.g715	34.091	396	185	13	31	384	848	1209	9.10e-50	182
PfGN01_050037800|DBLg|1|1742|2125	PM0108-C.g715	28.814	354	129	14	45	279	2653	3002	4.94e-25	109
PfGN01_050037800|DBLg|1|1742|2125	PM0108-C.g715	24.272	309	175	10	34	303	115	403	5.12e-10	63.9
PfGN01_050037800|DBLg|1|1742|2125	PF0725-C.g482	76.190	399	79	4	1	384	1698	2095	0.0	613
PfGN01_050037800|DBLg|1|1742|2125	PF0725-C.g482	35.079	382	183	10	31	384	1339	1683	2.22e-56	201
PfGN01_050037800|DBLg|1|1742|2125	PF0725-C.g482	35.127	316	168	10	1	296	2113	2411	1.45e-48	179
PfGN01_050037800|DBLg|1|1742|2125	PF0725-C.g482	30.244	410	192	15	46	384	843	1229	1.80e-35	140
PfGN01_050037800|DBLg|1|1742|2125	PF0725-C.g482	27.078	421	174	17	1	294	2631	3045	4.05e-24	107
PfGN01_050037800|DBLg|1|1742|2125	PF0725-C.g482	24.924	329	180	12	43	334	126	424	7.28e-11	66.6
PfGN01_050037800|DBLg|1|1742|2125	QG0271-C.g410	76.166	386	87	4	1	384	1240	1622	0.0	595
PfGN01_050037800|DBLg|1|1742|2125	QG0271-C.g410	38.308	402	212	15	1	384	1640	2023	1.73e-71	245
PfGN01_050037800|DBLg|1|1742|2125	QG0271-C.g410	32.481	391	173	12	46	384	842	1193	9.08e-45	167
PfGN01_050037800|DBLg|1|1742|2125	QG0271-C.g410	24.107	336	180	11	43	327	127	438	6.23e-11	66.6
PfGN01_050037800|DBLg|1|1742|2125	PV0251-C.g52	72.208	385	101	4	1	384	948	1327	0.0	555
PfGN01_050037800|DBLg|1|1742|2125	PV0251-C.g52	30.751	413	193	16	37	384	60	444	6.93e-45	168
PfGN01_050037800|DBLg|1|1742|2125	PV0251-C.g52	31.496	381	187	9	46	384	580	928	4.50e-44	165
PfGN01_050037800|DBLg|2|2140|2525	PM0157-C.g164	75.773	388	76	5	1	386	1262	1633	0.0	588
PfGN01_050037800|DBLg|2|2140|2525	PM0157-C.g164	32.102	352	174	11	43	329	1917	2268	1.65e-37	146
PfGN01_050037800|DBLg|2|2140|2525	PM0157-C.g164	27.536	207	113	6	115	304	912	1098	5.00e-14	76.6
PfGN01_050037800|DBLg|2|2140|2525	PM0157-C.g164	25.357	280	164	8	40	297	127	383	5.99e-13	73.2
PfGN01_050037800|DBLg|2|2140|2525	PM0073-C.g1443	75.773	388	76	5	1	386	2055	2426	0.0	587
PfGN01_050037800|DBLg|2|2140|2525	PM0073-C.g1443	34.975	406	222	13	1	386	1657	2040	9.85e-59	208
PfGN01_050037800|DBLg|2|2140|2525	PM0073-C.g1443	25.798	376	178	11	71	348	2694	3066	1.33e-24	108
PfGN01_050037800|DBLg|2|2140|2525	PM0073-C.g1443	27.300	337	192	11	41	352	124	432	1.18e-18	90.5
PfGN01_050037800|DBLg|2|2140|2525	PM0073-C.g1443	28.431	204	106	6	115	304	877	1054	2.35e-15	80.5
PfGN01_050037800|DBLg|2|2140|2525	PM0073-C.g1443	28.641	206	102	6	115	306	1364	1538	2.91e-14	77.4
PfGN01_050037800|DBLg|2|2140|2525	PM0108-C.g715	75.773	388	76	5	1	386	2091	2462	0.0	587
PfGN01_050037800|DBLg|2|2140|2525	PM0108-C.g715	34.729	406	223	13	1	386	1693	2076	8.38e-59	208
PfGN01_050037800|DBLg|2|2140|2525	PM0108-C.g715	29.211	380	161	13	71	348	2713	3086	2.22e-31	128
PfGN01_050037800|DBLg|2|2140|2525	PM0108-C.g715	27.273	286	156	11	39	304	858	1111	1.15e-18	90.9
PfGN01_050037800|DBLg|2|2140|2525	PM0108-C.g715	29.530	298	161	13	33	304	120	394	1.76e-17	87.0
PfGN01_050037800|DBLg|2|2140|2525	PM0108-C.g715	25.246	305	168	13	39	323	1328	1592	1.08e-12	72.4
PfGN01_050037800|DBLg|2|2140|2525	QG0196-C.g1111	66.154	390	120	9	1	386	1223	1604	2.38e-159	497
PfGN01_050037800|DBLg|2|2140|2525	QG0196-C.g1111	31.818	374	180	12	1	304	1786	2154	6.17e-44	165
PfGN01_050037800|DBLg|2|2140|2525	QG0196-C.g1111	26.415	318	166	10	14	304	822	1098	2.55e-19	92.8
PfGN01_050037800|DBLg|2|2140|2525	QG0196-C.g1111	27.830	212	118	6	120	304	191	394	1.04e-15	81.6
PfGN01_050037800|DBLg|2|2140|2525	PF0590-C.g28	78.033	305	63	3	1	305	1222	1522	6.17e-159	497
PfGN01_050037800|DBLg|2|2140|2525	PF0590-C.g28	44.496	427	183	14	1	386	1688	2101	5.61e-103	336
PfGN01_050037800|DBLg|2|2140|2525	PF0590-C.g28	26.801	347	138	9	70	309	2360	2697	2.81e-24	107
PfGN01_050037800|DBLg|2|2140|2525	PF0590-C.g28	26.730	318	165	10	14	304	822	1098	1.15e-19	93.6
PfGN01_050037800|DBLg|2|2140|2525	PF0590-C.g28	25.424	295	163	12	40	304	128	395	7.07e-14	75.9
PfGN01_050037800|DBLd|1|2639|3050	PT0261-Cx.g63	87.981	416	40	5	1	412	2193	2602	0.0	712
PfGN01_050037800|DBLd|1|2639|3050	PT0261-Cx.g63	35.241	332	152	12	54	381	1732	2004	2.25e-44	167
PfGN01_050037800|DBLd|1|2639|3050	PT0261-Cx.g63	26.441	295	181	9	141	412	184	465	1.34e-17	87.8
PfGN01_050037800|DBLd|1|2639|3050	QG0298-C.g3618	66.051	433	118	8	1	412	577	1001	1.58e-172	518
PfGN01_050037800|DBLd|1|2639|3050	PA0042-C.g531	61.031	485	114	9	1	412	506	988	5.85e-172	518
PfGN01_050037800|DBLd|1|2639|3050	PM0133-C.g639	60.850	447	132	8	1	412	887	1325	5.14e-163	502
PfGN01_050037800|DBLd|1|2639|3050	PM0133-C.g639	28.660	321	181	15	132	412	179	491	1.03e-14	79.0
PfGN01_050037800|DBLd|1|2639|3050	PM0134-C.g817	76.968	343	69	3	77	412	1524	1863	8.26e-161	501
PfGN01_050037800|DBLd|1|2639|3050	PM0134-C.g817	26.444	329	170	10	141	412	188	501	1.14e-18	91.3
PfGN01_050037800|DBLd|1|2639|3050	PM0134-C.g817	36.275	102	29	3	1	67	1360	1460	2.16e-08	58.9
PfGN01_050037800|CIDRb|1|3051|3302	PT0261-Cx.g63	100.000	252	0	0	1	252	2603	2854	2.54e-164	506
PfGN01_050037800|CIDRb|1|3051|3302	PA0061-C.g509	77.470	253	48	3	2	252	2255	2500	6.82e-119	375
PfGN01_050037800|CIDRb|1|3051|3302	PA0061-C.g509	28.022	182	117	5	75	246	531	708	7.04e-07	52.4
PfGN01_050037800|CIDRb|1|3051|3302	QE0395-C.g681	75.000	252	60	3	2	252	982	1231	1.06e-114	359
PfGN01_050037800|CIDRb|1|3051|3302	PA0254-C.g891	76.190	252	57	3	2	252	1317	1566	5.35e-114	360
PfGN01_050037800|CIDRb|1|3051|3302	QE0400-C.g552	74.603	252	51	6	3	252	1346	1586	1.63e-109	348
PfGN01_050037800|ATS|1|3441|3867	QE0448-C.g49	88.785	428	46	2	1	427	2723	3149	0.0	771
PfGN01_050037800|ATS|1|3441|3867	PfKE02.g4	89.302	430	42	4	1	427	3080	3508	0.0	755
PfGN01_050037800|ATS|1|3441|3867	PFKE01.g6	85.981	428	56	4	1	427	2709	3133	0.0	740
PfGN01_050037800|ATS|1|3441|3867	PC0113-C.g1115	85.948	427	55	4	1	427	3496	3917	0.0	738
PfGN01_050037800|ATS|1|3441|3867	PfKE04.g1	84.112	428	66	2	1	427	3373	3799	0.0	730
PfGN01_050037900|NTS|1|1|66	PC0107-C.g779	92.982	57	4	0	10	66	8	64	1.25e-30	113
PfGN01_050037900|NTS|1|1|66	PF0041-C.g855	83.333	66	11	0	1	66	1	66	1.81e-30	113
PfGN01_050037900|NTS|1|1|66	QG0250-C.g3209	80.303	66	13	0	1	66	1	66	4.06e-30	112
PfGN01_050037900|NTS|1|1|66	QG0249-C.g978	80.303	66	13	0	1	66	1	66	4.06e-30	112
PfGN01_050037900|NTS|1|1|66	PA0049-C.g438	80.303	66	13	0	1	66	1	66	1.06e-29	111
PfGN01_050037900|DBLa|1|67|490	PA0200-C.g97	80.227	440	62	7	1	424	66	496	0.0	689
PfGN01_050037900|DBLa|1|67|490	PA0200-C.g97	31.959	194	106	7	235	424	1221	1392	8.77e-19	91.7
PfGN01_050037900|DBLa|1|67|490	PT0240-C.g620	80.361	443	65	7	1	424	68	507	0.0	679
PfGN01_050037900|DBLa|1|67|490	PT0240-C.g620	28.108	185	114	7	240	424	1242	1407	4.76e-09	61.2
PfGN01_050037900|DBLa|1|67|490	PC0107-C.g779	80.645	434	67	6	1	424	65	491	0.0	679
PfGN01_050037900|DBLa|1|67|490	PC0107-C.g779	30.688	189	116	6	238	424	1170	1345	3.63e-16	83.6
PfGN01_050037900|DBLa|1|67|490	QG0290-C.g951	79.505	444	70	4	1	424	66	508	0.0	678
PfGN01_050037900|DBLa|1|67|490	QG0290-C.g951	25.357	280	154	7	184	424	1179	1442	1.04e-17	88.2
PfGN01_050037900|DBLa|1|67|490	PFKE12.g74	78.104	443	77	6	1	424	67	508	0.0	663
PfGN01_050037900|DBLa|1|67|490	PFKE12.g74	27.899	276	144	12	190	424	1109	1370	2.12e-16	84.3
PfGN01_050037900|CIDRa|1|491|771	PF0368-C.g452	76.949	295	51	3	1	278	472	766	3.19e-134	418
PfGN01_050037900|CIDRa|1|491|771	PF0368-C.g452	37.805	82	50	1	121	202	1409	1489	4.59e-08	56.6
PfGN01_050037900|CIDRa|1|491|771	PD0524-C.g626	70.968	279	73	3	1	275	486	760	3.43e-120	380
PfGN01_050037900|CIDRa|1|491|771	PD0524-C.g626	33.721	86	56	1	121	205	1765	1850	6.48e-07	52.8
PfGN01_050037900|CIDRa|1|491|771	QG0202-C.g317	70.968	279	73	3	1	275	486	760	4.17e-120	380
PfGN01_050037900|CIDRa|1|491|771	QG0202-C.g317	33.721	86	56	1	121	205	1765	1850	6.65e-07	52.8
PfGN01_050037900|CIDRa|1|491|771	PT0008-CW.g211	68.478	276	82	3	1	272	164	438	1.96e-116	369
PfGN01_050037900|CIDRa|1|491|771	QE0451-C.g712	65.724	283	91	3	1	279	460	740	2.64e-113	360
PfGN01_050037900|CIDRa|1|491|771	QE0451-C.g712	32.990	97	61	1	113	205	1387	1483	1.10e-08	58.5
PfGN01_050037900|DBLd|1|854|1379	PA0069-C.g217	54.851	536	177	12	1	526	841	1321	4.27e-167	525
PfGN01_050037900|DBLd|1|854|1379	PA0069-C.g217	25.746	268	153	9	197	459	181	407	5.49e-15	80.9
PfGN01_050037900|DBLd|1|854|1379	PA0068-C.g159	55.224	536	175	14	1	526	841	1321	8.36e-167	525
PfGN01_050037900|DBLd|1|854|1379	PA0068-C.g159	25.746	268	153	9	197	459	181	407	5.64e-15	80.9
PfGN01_050037900|DBLd|1|854|1379	PA0050-C.g188	55.224	536	175	14	1	526	841	1321	8.36e-167	525
PfGN01_050037900|DBLd|1|854|1379	PA0050-C.g188	25.746	268	153	9	197	459	181	407	5.64e-15	80.9
PfGN01_050037900|DBLd|1|854|1379	PF0399-C.g155	55.963	545	155	16	1	526	860	1338	5.28e-166	522
PfGN01_050037900|DBLd|1|854|1379	PF0399-C.g155	27.298	359	191	13	196	526	189	505	8.42e-18	89.7
PfGN01_050037900|DBLd|1|854|1379	PA0195-C.g578	52.105	570	184	20	1	526	889	1413	2.34e-165	514
PfGN01_050037900|DBLd|1|854|1379	PA0195-C.g578	23.885	314	147	9	261	526	258	527	3.58e-17	87.8
PfGN01_050037900|CIDRg|1|1380|1648	PD0572-C.g244	69.485	272	72	4	1	265	2219	2486	2.34e-117	372
PfGN01_050037900|CIDRg|1|1380|1648	PD0564-C.g198	69.485	272	72	4	1	265	2219	2486	2.34e-117	372
PfGN01_050037900|CIDRg|1|1380|1648	PD0524-C.g307	69.485	272	72	4	1	265	2219	2486	2.34e-117	372
PfGN01_050037900|CIDRg|1|1380|1648	QG0237-C.g2630	70.000	270	72	6	1	265	1390	1655	8.45e-116	367
PfGN01_050037900|CIDRg|1|1380|1648	QE0481-C.g987	67.766	273	76	4	1	265	1254	1522	1.42e-115	365
PfGN01_050037900|ATS|1|1788|2227	PV0028-C.g43	84.910	444	56	4	1	440	1843	2279	0.0	767
PfGN01_050037900|ATS|1|1788|2227	PC0097-C.g664	80.310	452	73	6	1	440	2364	2811	0.0	718
PfGN01_050037900|ATS|1|1788|2227	PC0113-C.g949	83.146	445	68	6	1	440	1702	2144	0.0	714
PfGN01_050037900|ATS|1|1788|2227	PFKE07.g667	77.778	450	88	5	2	440	2366	2814	0.0	711
PfGN01_050037900|ATS|1|1788|2227	PV0028-C.g31	79.565	460	70	7	1	440	1737	2192	0.0	709
PfGN01_060005800|NTS|1|1|66	PF0113-C.g549	91.379	58	3	1	9	66	2	57	2.07e-27	104
PfGN01_060005800|NTS|1|1|66	PA0214-C.g916	96.078	51	2	0	16	66	15	65	4.92e-24	95.1
PfGN01_060005800|NTS|1|1|66	QG0216-C.g50	98.000	50	1	0	17	66	11	60	2.77e-23	92.8
PfGN01_060005800|NTS|1|1|66	QG0253-C.g2974	92.157	51	4	0	16	66	14	64	5.67e-23	92.0
PfGN01_060005800|NTS|1|1|66	PT0303-Cx.g5	75.000	60	15	0	7	66	2	61	1.02e-20	85.5
PfGN01_060005800|DBLa|1|67|481	QG0216-C.g50	83.529	425	57	6	1	415	61	482	0.0	713
PfGN01_060005800|DBLa|1|67|481	PF0113-C.g549	77.305	423	85	8	1	415	58	477	0.0	659
PfGN01_060005800|DBLa|1|67|481	PF0113-C.g549	30.337	267	139	13	186	415	1144	1400	4.88e-17	86.3
PfGN01_060005800|DBLa|1|67|481	PA0214-C.g916	77.412	425	82	7	1	415	66	486	0.0	637
PfGN01_060005800|DBLa|1|67|481	PA0214-C.g916	26.211	351	192	15	109	415	986	1313	1.65e-12	72.0
PfGN01_060005800|DBLa|1|67|481	PC0059-C.g537	72.471	425	99	9	1	415	61	477	0.0	602
PfGN01_060005800|DBLa|1|67|481	PC0059-C.g537	23.360	381	202	13	86	410	965	1311	4.36e-10	64.3
PfGN01_060005800|DBLa|1|67|481	QG0253-C.g2974	72.603	438	90	12	1	415	65	495	0.0	587
PfGN01_060005800|DBLa|1|67|481	QG0253-C.g2974	33.161	193	105	9	231	415	1164	1340	1.07e-13	75.9
PfGN01_060005800|DBLa|1|67|481	QG0253-C.g2974	23.952	334	174	12	51	374	1712	1975	6.50e-11	67.0
PfGN01_060005800|CIDRa|1|482|738	QG0216-C.g50	91.270	252	22	0	1	252	483	734	1.34e-157	469
PfGN01_060005800|CIDRa|1|482|738	PC0061-C.g540	71.923	260	70	3	1	257	477	736	1.85e-114	363
PfGN01_060005800|CIDRa|1|482|738	PF0365-C.g505	69.412	255	77	1	1	254	344	598	1.09e-107	341
PfGN01_060005800|CIDRa|1|482|738	PH0643-C.g875	66.279	258	79	4	1	257	480	730	7.70e-105	335
PfGN01_060005800|CIDRa|1|482|738	QE0419-C.g594	65.891	258	83	2	1	257	476	729	5.78e-104	332
PfGN01_060005800|CIDRa|1|482|738	QE0419-C.g594	23.438	256	166	7	22	257	1374	1619	2.94e-07	53.5
PfGN01_060005800|DBLd|1|825|1343	PM0020-C.g150	56.227	546	185	15	1	519	892	1410	3.30e-172	532
PfGN01_060005800|DBLd|1|825|1343	PM0020-C.g150	24.913	289	160	15	256	519	241	497	1.87e-09	63.2
PfGN01_060005800|DBLd|1|825|1343	QG0258-C.g657	57.778	540	164	15	1	519	887	1383	3.37e-164	510
PfGN01_060005800|DBLd|1|825|1343	QG0258-C.g657	25.311	241	120	9	223	441	220	422	1.85e-09	63.2
PfGN01_060005800|DBLd|1|825|1343	PF0158-C.g420	53.597	556	194	17	1	519	846	1374	3.30e-161	502
PfGN01_060005800|DBLd|1|825|1343	PF0158-C.g420	29.534	193	117	6	340	519	291	477	6.72e-09	61.2
PfGN01_060005800|DBLd|1|825|1343	PA0087-C.g120	54.152	554	170	17	1	519	1315	1819	9.93e-156	492
PfGN01_060005800|DBLd|1|825|1343	PA0087-C.g120	28.934	197	115	8	346	519	303	497	1.35e-10	66.6
PfGN01_060005800|DBLd|1|825|1343	PV0233-C.g134	52.910	567	207	18	1	519	859	1413	4.47e-155	480
PfGN01_060005800|DBLd|1|825|1343	PV0233-C.g134	23.733	375	230	15	166	519	153	492	7.46e-15	80.5
PfGN01_060005800|CIDRb|1|1344|1591	QG0208-C.g942	85.200	250	34	2	1	248	1339	1587	1.51e-141	436
PfGN01_060005800|CIDRb|1|1344|1591	PM0146-C.g516	73.790	248	60	3	1	248	1386	1628	3.22e-110	350
PfGN01_060005800|CIDRb|1|1344|1591	PF0207-C.g465	73.790	248	60	3	1	248	1386	1628	1.33e-109	348
PfGN01_060005800|CIDRb|1|1344|1591	PA0203-C.g732	68.651	252	70	3	1	246	1359	1607	4.50e-105	335
PfGN01_060005800|CIDRb|1|1344|1591	PF0145-C.g454	65.323	248	81	4	1	248	1371	1613	1.45e-98	317
PfGN01_060005800|CIDRb|1|1344|1591	PF0145-C.g454	25.153	163	112	3	83	239	597	755	1.70e-08	57.0
PfGN01_060005800|ATS|1|1688|2209	PV0139-C.g119	74.859	533	89	11	1	522	620	1118	0.0	672
PfGN01_060005800|ATS|1|1688|2209	PV0139-C.g62	68.022	541	131	12	1	522	1704	2221	0.0	652
PfGN01_060005800|ATS|1|1688|2209	PV0211-C.g126	68.598	535	125	13	1	522	841	1345	0.0	642
PfGN01_060005800|ATS|1|1688|2209	PV0211-C.g39	67.297	529	93	8	1	522	2632	3087	0.0	642
PfGN01_060005800|ATS|1|1688|2209	PV0239-C.g24	65.121	539	117	14	1	522	1705	2189	0.0	638
PfGN01_060005900|NTS|1|1|74	PV0256-C.g45	100.000	74	0	0	1	74	1	74	3.48e-44	152
PfGN01_060005900|NTS|1|1|74	PV0160-C.g39	100.000	74	0	0	1	74	1	74	3.48e-44	152
PfGN01_060005900|NTS|1|1|74	PT0109-C.g631	100.000	74	0	0	1	74	1	74	4.44e-44	152
PfGN01_060005900|NTS|1|1|74	PT0219-C.g649	100.000	74	0	0	1	74	1	74	1.92e-41	145
PfGN01_060005900|NTS|1|1|74	PT0256-C.g168	100.000	74	0	0	1	74	1	74	2.38e-41	144
PfGN01_060005900|DBLa|1|75|469	PT0109-C.g631	100.000	395	0	0	1	395	75	469	0.0	816
PfGN01_060005900|DBLa|1|75|469	PT0109-C.g631	35.443	237	131	6	181	395	1368	1604	1.88e-34	137
PfGN01_060005900|DBLa|1|75|469	PT0109-C.g631	24.579	297	170	10	49	326	862	1123	6.52e-13	73.2
PfGN01_060005900|DBLa|1|75|469	PT0109-C.g631	27.465	142	86	3	1	131	1957	2092	2.11e-07	55.8
PfGN01_060005900|DBLa|1|75|469	PT0219-C.g649	92.405	395	30	0	1	395	75	469	0.0	763
PfGN01_060005900|DBLa|1|75|469	PT0219-C.g649	33.218	289	129	12	58	325	2095	2340	9.13e-33	133
PfGN01_060005900|DBLa|1|75|469	PT0219-C.g649	28.916	332	180	10	87	395	1382	1680	9.48e-27	115
PfGN01_060005900|DBLa|1|75|469	PT0219-C.g649	24.172	302	158	12	56	328	952	1211	8.63e-08	57.0
PfGN01_060005900|DBLa|1|75|469	PT0042-C.g200	84.577	402	49	2	1	395	75	470	0.0	694
PfGN01_060005900|DBLa|1|75|469	PT0042-C.g200	32.857	280	137	9	58	326	2098	2337	1.41e-31	129
PfGN01_060005900|DBLa|1|75|469	PT0042-C.g200	29.795	292	170	4	117	395	1417	1686	1.20e-28	120
PfGN01_060005900|DBLa|1|75|469	PT0042-C.g200	21.429	364	212	12	56	395	962	1275	1.63e-10	65.5
PfGN01_060005900|DBLa|1|75|469	PV0147-C.g52	84.328	402	50	2	1	395	75	470	0.0	691
PfGN01_060005900|DBLa|1|75|469	PV0147-C.g52	35.521	259	141	5	158	395	1412	1665	4.98e-36	142
PfGN01_060005900|DBLa|1|75|469	PV0147-C.g52	31.126	302	154	11	1	281	2020	2288	2.01e-27	117
PfGN01_060005900|DBLa|1|75|469	PV0147-C.g52	23.659	317	155	12	41	328	939	1197	5.09e-09	60.8
PfGN01_060005900|DBLa|1|75|469	PA0032-C.g558	74.505	404	84	5	1	395	75	468	0.0	597
PfGN01_060005900|DBLa|1|75|469	PA0032-C.g558	39.732	224	120	5	180	395	1419	1635	1.46e-35	141
PfGN01_060005900|DBLa|1|75|469	PA0032-C.g558	30.435	299	142	10	58	332	2046	2302	7.16e-29	121
PfGN01_060005900|DBLa|1|75|469	PA0032-C.g558	23.077	351	202	12	51	370	2469	2782	8.35e-11	66.6
PfGN01_060005900|CIDRb|1|470|723	PM0018-C.g914	96.443	253	9	0	1	253	454	706	4.67e-167	497
PfGN01_060005900|CIDRb|1|470|723	PF0400-C.g252	97.244	254	7	0	1	254	457	710	1.72e-165	506
PfGN01_060005900|CIDRb|1|470|723	QG0281-C.g262	96.443	253	9	0	1	253	457	709	2.88e-162	499
PfGN01_060005900|CIDRb|1|470|723	QG0281-C.g262	32.159	227	149	2	27	248	1645	1871	1.39e-29	119
PfGN01_060005900|CIDRb|1|470|723	PV0239-C.g61	96.443	253	9	0	1	253	457	709	4.37e-162	499
PfGN01_060005900|CIDRb|1|470|723	PV0239-C.g61	38.174	241	138	4	1	239	1612	1843	1.76e-44	162
PfGN01_060005900|CIDRb|1|470|723	PA0008-C.g705	88.933	253	28	0	1	253	82	334	5.44e-148	458
PfGN01_060005900|CIDRb|1|470|723	PA0008-C.g705	43.529	255	141	3	1	254	1240	1492	1.07e-58	202
PfGN01_060005900|DBLb|1|822|1282	PT0042-C.g283	69.118	476	123	11	1	461	829	1295	0.0	632
PfGN01_060005900|DBLb|1|822|1282	PT0042-C.g283	30.476	420	210	15	12	371	3	400	4.62e-39	153
PfGN01_060005900|DBLb|1|822|1282	PT0042-C.g283	28.075	374	215	13	115	461	1338	1684	7.75e-30	125
PfGN01_060005900|DBLb|1|822|1282	PT0042-C.g283	27.389	314	179	12	114	401	1730	2020	2.76e-20	97.1
PfGN01_060005900|DBLb|1|822|1282	PM0156-C.g37	62.687	469	153	7	6	461	1240	1699	0.0	579
PfGN01_060005900|DBLb|1|822|1282	PM0156-C.g37	41.164	481	197	17	48	461	759	1220	1.94e-92	309
PfGN01_060005900|DBLb|1|822|1282	PM0156-C.g37	28.809	361	195	12	53	371	45	385	1.17e-30	128
PfGN01_060005900|DBLb|1|822|1282	PF0158-C.g465	62.076	472	156	11	3	461	824	1285	0.0	572
PfGN01_060005900|DBLb|1|822|1282	PF0158-C.g465	31.719	413	205	17	12	371	3	391	6.59e-42	161
PfGN01_060005900|DBLb|1|822|1282	PF0158-C.g465	25.904	332	189	11	68	371	1294	1596	6.15e-19	92.8
PfGN01_060005900|DBLb|1|822|1282	SenT040.11.g371	60.684	468	170	7	1	461	590	1050	0.0	572
PfGN01_060005900|DBLb|1|822|1282	SenT040.11.g371	42.015	526	210	20	1	461	62	557	2.43e-111	359
PfGN01_060005900|DBLb|1|822|1282	SenT077.11.g66	60.684	468	170	7	1	461	591	1051	0.0	571
PfGN01_060005900|DBLb|1|822|1282	SenT077.11.g66	42.015	526	210	20	1	461	63	558	1.69e-109	358
PfGN01_060005900|DBLg|1|1328|1703	PM0068-C.g317	84.840	376	57	0	1	376	1201	1576	0.0	661
PfGN01_060005900|DBLg|1|1328|1703	PM0068-C.g317	36.387	382	195	12	17	376	1608	1963	6.40e-62	217
PfGN01_060005900|DBLg|1|1328|1703	PM0068-C.g317	30.027	373	192	14	47	376	837	1183	1.05e-34	138
PfGN01_060005900|DBLg|1|1328|1703	PM0068-C.g317	23.488	281	161	11	31	273	110	374	2.14e-09	62.0
PfGN01_060005900|DBLg|1|1328|1703	PA0263-C.g1249	77.249	378	83	2	1	376	914	1290	0.0	602
PfGN01_060005900|DBLg|1|1328|1703	PA0263-C.g1249	38.133	375	193	14	17	376	1324	1674	8.28e-66	228
PfGN01_060005900|DBLg|1|1328|1703	PA0263-C.g1249	25.964	389	218	10	35	376	530	895	3.84e-31	127
PfGN01_060005900|DBLg|1|1328|1703	PA0021-C.g23	70.529	397	93	6	1	376	548	941	0.0	547
PfGN01_060005900|DBLg|1|1328|1703	PA0021-C.g23	40.830	289	143	12	17	290	975	1250	3.91e-51	186
PfGN01_060005900|DBLg|1|1328|1703	PA0021-C.g23	29.288	379	189	15	46	376	181	528	6.83e-32	129
PfGN01_060005900|DBLg|1|1328|1703	PA0027-C.g54	70.529	397	93	6	1	376	270	663	0.0	544
PfGN01_060005900|DBLg|1|1328|1703	PA0027-C.g54	40.830	289	143	12	17	290	697	972	8.93e-51	184
PfGN01_060005900|DBLg|1|1328|1703	PA0027-C.g54	29.964	277	128	11	139	376	1	250	9.05e-23	102
PfGN01_060005900|DBLg|1|1328|1703	PT0184-C.g4311	72.513	382	97	5	1	376	2085	2464	4.63e-179	554
PfGN01_060005900|DBLg|1|1328|1703	PT0184-C.g4311	43.695	341	170	11	1	328	1710	2041	1.50e-72	248
PfGN01_060005900|DBLg|1|1328|1703	PT0184-C.g4311	46.250	320	135	14	1	291	1317	1628	5.44e-70	240
PfGN01_060005900|DBLg|1|1328|1703	PT0184-C.g4311	35.309	388	201	12	14	376	2493	2855	1.91e-57	204
PfGN01_060005900|DBLg|1|1328|1703	PT0184-C.g4311	27.851	377	207	13	37	376	856	1204	6.20e-33	133
PfGN01_060005900|DBLg|1|1328|1703	PT0184-C.g4311	25.275	364	216	12	23	352	98	439	3.85e-15	79.7
PfGN01_060005900|DBLg|2|1720|2080	PM0041-C.g405	76.965	369	77	2	1	361	1694	2062	0.0	557
PfGN01_060005900|DBLg|2|1720|2080	PM0041-C.g405	46.917	373	181	7	1	361	934	1301	2.04e-98	322
PfGN01_060005900|DBLg|2|1720|2080	PM0041-C.g405	37.018	389	200	14	1	361	1308	1679	5.18e-63	219
PfGN01_060005900|DBLg|2|1720|2080	PM0041-C.g405	24.528	371	209	13	35	345	112	471	1.15e-10	65.9
PfGN01_060005900|DBLg|2|1720|2080	PA0073-C.g549	76.965	369	77	2	1	361	2032	2400	5.51e-180	554
PfGN01_060005900|DBLg|2|1720|2080	PA0073-C.g549	44.987	389	177	11	1	361	1245	1624	4.86e-96	315
PfGN01_060005900|DBLg|2|1720|2080	PA0073-C.g549	42.547	322	153	12	12	309	1635	1948	2.39e-66	229
PfGN01_060005900|DBLg|2|1720|2080	PA0073-C.g549	26.159	302	166	10	44	310	846	1125	1.28e-15	80.9
PfGN01_060005900|DBLg|2|1720|2080	PA0073-C.g549	25.071	351	192	11	44	343	121	451	1.76e-09	62.0
PfGN01_060005900|DBLg|2|1720|2080	PF0113-C.g58	76.965	369	77	2	1	361	2032	2400	5.96e-180	555
PfGN01_060005900|DBLg|2|1720|2080	PF0113-C.g58	44.987	389	177	11	1	361	1245	1624	3.43e-96	315
PfGN01_060005900|DBLg|2|1720|2080	PF0113-C.g58	42.547	322	153	12	12	309	1635	1948	1.75e-66	229
PfGN01_060005900|DBLg|2|1720|2080	PF0113-C.g58	26.159	302	166	10	44	310	846	1125	1.12e-15	81.3
PfGN01_060005900|DBLg|2|1720|2080	PF0113-C.g58	25.071	351	192	11	44	343	121	451	1.51e-09	62.4
PfGN01_060005900|DBLg|2|1720|2080	PM0144-C.g320	76.965	369	77	2	1	361	2032	2400	6.25e-180	554
PfGN01_060005900|DBLg|2|1720|2080	PM0144-C.g320	44.987	389	177	11	1	361	1245	1624	3.77e-96	315
PfGN01_060005900|DBLg|2|1720|2080	PM0144-C.g320	42.547	322	153	12	12	309	1635	1948	2.20e-66	229
PfGN01_060005900|DBLg|2|1720|2080	PM0144-C.g320	26.159	302	166	10	44	310	846	1125	1.04e-15	81.3
PfGN01_060005900|DBLg|2|1720|2080	PM0144-C.g320	25.071	351	192	11	44	343	121	451	1.47e-09	62.4
PfGN01_060005900|DBLg|2|1720|2080	PH0500-CW.g570	69.333	375	101	4	1	361	517	891	2.15e-170	513
PfGN01_060005900|DBLg|2|1720|2080	PH0500-CW.g570	41.196	301	140	11	1	281	139	422	5.58e-56	199
PfGN01_060005900|DBLg|2|1720|2080	PH0500-CW.g570	31.378	392	197	14	1	322	1016	1405	2.01e-44	166
PfGN01_060005900|ATS|1|2285|2726	PC0104-C.g47	89.732	448	40	5	1	442	3045	3492	0.0	805
PfGN01_060005900|ATS|1|2285|2726	PfKE02.g7	90.848	448	32	7	1	442	2941	3385	0.0	796
PfGN01_060005900|ATS|1|2285|2726	PT0256-C.g286	87.472	447	51	4	1	442	2267	2713	0.0	777
PfGN01_060005900|ATS|1|2285|2726	PA0262-C.g127	86.607	448	54	5	1	442	2860	3307	0.0	764
PfGN01_060005900|ATS|1|2285|2726	PfKE02.g12	84.562	434	62	4	1	429	2562	2995	0.0	738
PfGN01_060005900|ATS|1|2285|2726	PfKE02.g12	71.930	114	15	2	331	442	2996	3094	1.20e-38	151
PfGN01_060006100|DBLb|1|80|543	PA0094-C.g68	100.000	435	0	0	30	464	1	435	0.0	917
PfGN01_060006100|DBLb|1|80|543	PA0094-C.g68	44.106	492	218	14	1	464	477	939	2.45e-104	343
PfGN01_060006100|DBLb|1|80|543	PA0229-C.g538	64.940	502	114	14	1	464	82	559	0.0	616
PfGN01_060006100|DBLb|1|80|543	PA0229-C.g538	45.759	507	209	16	1	464	615	1098	2.00e-118	384
PfGN01_060006100|DBLb|1|80|543	PM0051-C.g878	61.618	482	146	9	1	463	97	558	0.0	570
PfGN01_060006100|DBLb|1|80|543	PM0051-C.g878	42.213	488	234	16	1	464	620	1083	1.42e-105	347
PfGN01_060006100|DBLb|1|80|543	PF0041-C.g245	63.180	478	141	12	1	463	505	962	0.0	563
PfGN01_060006100|DBLb|1|80|543	PF0041-C.g245	52.881	486	179	14	1	464	1019	1476	3.77e-143	455
PfGN01_060006100|DBLb|1|80|543	PF0041-C.g245	46.996	466	195	15	26	464	26	466	7.09e-118	382
PfGN01_060006100|DBLb|1|80|543	PM0153-C.g344	65.734	429	121	6	55	464	39	460	0.0	562
PfGN01_060006100|DBLb|1|80|543	PM0153-C.g344	44.421	484	212	15	13	464	506	964	2.60e-105	346
PfGN01_060006100|DBLb|2|585|1037	PT0256-C.g468	83.117	462	64	4	1	453	532	988	0.0	781
PfGN01_060006100|DBLb|2|585|1037	PT0256-C.g468	46.189	433	195	11	31	435	58	480	5.12e-107	350
PfGN01_060006100|DBLb|2|585|1037	PFKE06.g271	81.585	467	67	5	1	453	544	1005	0.0	771
PfGN01_060006100|DBLb|2|585|1037	PFKE06.g271	48.219	421	186	9	36	453	106	497	6.11e-110	358
PfGN01_060006100|DBLb|2|585|1037	QG0292-C.g2080	81.370	467	68	5	1	453	539	1000	0.0	771
PfGN01_060006100|DBLb|2|585|1037	QG0292-C.g2080	48.694	421	184	10	36	453	101	492	3.27e-110	360
PfGN01_060006100|DBLb|2|585|1037	PT0274-Cx.g30	74.518	467	101	4	1	453	509	971	0.0	694
PfGN01_060006100|DBLb|2|585|1037	PT0274-Cx.g30	48.504	468	190	14	1	453	31	462	1.30e-126	394
PfGN01_060006100|DBLb|2|585|1037	PA0232-C.g449	73.276	464	106	5	1	453	651	1107	0.0	670
PfGN01_060006100|DBLb|2|585|1037	PA0232-C.g449	43.611	493	225	16	1	453	100	579	3.21e-112	365
PfGN01_060006100|DBLd|1|1135|1624	PF0113-C.g512	57.845	529	159	20	1	490	845	1348	1.88e-161	501
PfGN01_060006100|DBLd|1|1135|1624	SenT055.11.g1255	54.809	551	164	16	1	490	689	1215	1.05e-159	497
PfGN01_060006100|DBLd|1|1135|1624	QG0271-C.g142	53.475	518	200	15	1	490	1752	2256	2.11e-155	491
PfGN01_060006100|DBLd|1|1135|1624	QG0271-C.g142	25.373	402	181	12	23	423	1379	1662	4.52e-27	118
PfGN01_060006100|DBLd|1|1135|1624	QG0271-C.g142	30.000	120	80	3	305	421	295	413	2.29e-10	65.9
PfGN01_060006100|DBLd|1|1135|1624	QG0269-C.g160	53.475	518	200	15	1	490	1752	2256	2.11e-155	491
PfGN01_060006100|DBLd|1|1135|1624	QG0269-C.g160	25.373	402	181	12	23	423	1379	1662	4.52e-27	118
PfGN01_060006100|DBLd|1|1135|1624	QG0269-C.g160	30.000	120	80	3	305	421	295	413	2.29e-10	65.9
PfGN01_060006100|DBLd|1|1135|1624	PM0015-C.g12	50.958	522	193	17	1	490	185	675	2.26e-151	461
PfGN01_060006100|CIDRb|1|1625|1881	SenT055.11.g1255	99.611	257	1	0	1	257	1216	1472	2.45e-174	526
PfGN01_060006100|CIDRb|1|1625|1881	PA0149-C.g244	89.575	259	25	1	1	257	652	910	1.93e-153	455
PfGN01_060006100|CIDRb|1|1625|1881	PF0449-C.g731	90.272	257	25	0	1	257	1402	1658	1.50e-148	456
PfGN01_060006100|CIDRb|1|1625|1881	QG0216-C.g886	89.961	259	24	1	1	257	1378	1636	4.15e-148	455
PfGN01_060006100|CIDRb|1|1625|1881	PC0107-C.g139	89.961	259	24	1	1	257	1873	2131	2.01e-146	454
PfGN01_060006100|ATS|1|1989|2488	PV0139-C.g62	80.502	518	83	7	1	500	1704	2221	0.0	756
PfGN01_060006100|ATS|1|1989|2488	PV0116-C.g28	76.541	503	99	7	1	500	1887	2373	0.0	741
PfGN01_060006100|ATS|1|1989|2488	PFKE12.g465	75.340	515	87	6	1	500	1773	2262	0.0	733
PfGN01_060006100|ATS|1|1989|2488	PV0211-C.g126	76.154	520	89	9	1	500	841	1345	0.0	716
PfGN01_060006100|ATS|1|1989|2488	PV0239-C.g10	71.028	535	83	8	1	500	3361	3858	0.0	698
PfGN01_060023300|NTS|1|1|57	PM0114-C.g55	100.000	57	0	0	1	57	1	57	4.53e-33	120
PfGN01_060023300|NTS|1|1|57	QG0246-C.g3030	100.000	57	0	0	1	57	1	57	5.14e-33	120
PfGN01_060023300|NTS|1|1|57	PA0027-C.g109	100.000	57	0	0	1	57	1	57	5.14e-33	120
PfGN01_060023300|NTS|1|1|57	PA0040-C.g131	100.000	57	0	0	1	57	1	57	5.24e-33	120
PfGN01_060023300|NTS|1|1|57	PA0220-C.g382	100.000	57	0	0	1	57	1	57	5.34e-33	120
PfGN01_060023300|DBLa|1|58|456	PV0301-C.g19	100.000	399	0	0	1	399	58	456	0.0	838
PfGN01_060023300|DBLa|1|58|456	PV0301-C.g19	30.931	333	176	9	1	319	809	1101	3.54e-35	140
PfGN01_060023300|DBLa|1|58|456	PV0301-C.g19	27.362	307	175	10	114	399	1760	2039	3.26e-14	77.4
PfGN01_060023300|DBLa|1|58|456	PV0301-C.g19	23.718	312	188	11	48	348	1264	1536	2.95e-11	68.2
PfGN01_060023300|DBLa|1|58|456	PH0341-C.g81	100.000	399	0	0	1	399	58	456	0.0	838
PfGN01_060023300|DBLa|1|58|456	PH0341-C.g81	30.931	333	176	9	1	319	809	1101	3.57e-35	140
PfGN01_060023300|DBLa|1|58|456	PH0341-C.g81	27.362	307	175	10	114	399	1760	2039	3.41e-14	77.0
PfGN01_060023300|DBLa|1|58|456	PH0341-C.g81	23.718	312	188	11	48	348	1264	1536	3.03e-11	67.8
PfGN01_060023300|DBLa|1|58|456	PA0046-C.g456	100.000	399	0	0	1	399	58	456	0.0	838
PfGN01_060023300|DBLa|1|58|456	PA0046-C.g456	30.931	333	176	9	1	319	809	1101	3.47e-35	140
PfGN01_060023300|DBLa|1|58|456	PA0046-C.g456	27.362	307	175	10	114	399	1771	2050	3.54e-14	77.0
PfGN01_060023300|DBLa|1|58|456	PA0046-C.g456	23.718	312	188	11	48	348	1275	1547	2.95e-11	68.2
PfGN01_060023300|DBLa|1|58|456	PA0186-C.g58	100.000	399	0	0	1	399	58	456	0.0	837
PfGN01_060023300|DBLa|1|58|456	PA0186-C.g58	32.024	331	166	10	1	319	809	1092	1.50e-34	138
PfGN01_060023300|DBLa|1|58|456	PA0186-C.g58	27.362	307	175	10	114	399	1763	2042	3.18e-14	77.4
PfGN01_060023300|DBLa|1|58|456	PA0186-C.g58	23.962	313	189	10	47	348	1265	1539	2.88e-12	71.2
PfGN01_060023300|DBLa|1|58|456	PA0165-C.g96	100.000	399	0	0	1	399	58	456	0.0	837
PfGN01_060023300|DBLa|1|58|456	PA0165-C.g96	30.931	333	176	9	1	319	809	1101	3.50e-35	140
PfGN01_060023300|DBLa|1|58|456	PA0165-C.g96	27.362	307	175	10	114	399	1760	2039	3.01e-14	77.4
PfGN01_060023300|DBLa|1|58|456	PA0165-C.g96	24.211	285	168	10	48	321	1264	1511	6.87e-12	70.1
PfGN01_060023300|CIDRa|1|457|707	PC0056-C.g512	100.000	251	0	0	1	251	458	708	6.72e-176	511
PfGN01_060023300|CIDRa|1|457|707	PT0240-C.g64	100.000	251	0	0	1	251	457	707	1.55e-174	510
PfGN01_060023300|CIDRa|1|457|707	QG0285-C.g663	100.000	251	0	0	1	251	285	535	1.73e-174	509
PfGN01_060023300|CIDRa|1|457|707	QG0298-C.g3046	100.000	251	0	0	1	251	457	707	5.74e-174	510
PfGN01_060023300|CIDRa|1|457|707	QG0203-C.g216	100.000	251	0	0	1	251	36	286	4.78e-173	509
PfGN01_060023300|DBLb|1|738|1198	PF0207-C.g400	94.839	465	20	2	1	461	147	611	0.0	926
PfGN01_060023300|DBLb|1|738|1198	PF0207-C.g400	24.333	300	179	5	120	394	676	952	7.57e-16	83.2
PfGN01_060023300|DBLb|1|738|1198	PT0256-C.g116	94.839	465	20	2	1	461	749	1213	0.0	925
PfGN01_060023300|DBLb|1|738|1198	PT0256-C.g116	28.861	395	204	16	15	360	21	387	1.17e-29	125
PfGN01_060023300|DBLb|1|738|1198	PT0256-C.g116	25.135	370	211	10	120	461	1278	1609	1.64e-19	94.4
PfGN01_060023300|DBLb|1|738|1198	PA0211-C.g74	94.839	465	20	2	1	461	721	1185	0.0	924
PfGN01_060023300|DBLb|1|738|1198	PA0211-C.g74	29.915	351	189	12	8	328	6	329	3.39e-30	127
PfGN01_060023300|DBLb|1|738|1198	PA0211-C.g74	24.333	300	179	5	120	394	1250	1526	7.75e-16	83.2
PfGN01_060023300|DBLb|1|738|1198	PH0341-C.g81	94.839	465	20	2	1	461	738	1202	0.0	924
PfGN01_060023300|DBLb|1|738|1198	PH0341-C.g81	29.367	395	213	13	8	360	6	376	2.27e-34	139
PfGN01_060023300|DBLb|1|738|1198	PH0341-C.g81	24.333	300	179	5	120	394	1267	1543	7.04e-16	83.2
PfGN01_060023300|DBLb|1|738|1198	PA0165-C.g96	94.839	465	20	2	1	461	738	1202	0.0	924
PfGN01_060023300|DBLb|1|738|1198	PA0165-C.g96	29.367	395	213	13	8	360	6	376	2.42e-34	139
PfGN01_060023300|DBLb|1|738|1198	PA0165-C.g96	25.940	266	149	5	120	360	1267	1509	2.42e-16	84.7
PfGN01_060023300|DBLg|1|1216|1581	PfKE03.g5	100.000	366	0	0	1	366	1239	1604	0.0	774
PfGN01_060023300|DBLg|1|1216|1581	PfKE03.g5	35.792	366	167	13	1	304	1629	1988	1.20e-48	178
PfGN01_060023300|DBLg|1|1216|1581	PfKE03.g5	26.415	318	172	8	11	291	828	1120	2.99e-16	82.8
PfGN01_060023300|DBLg|1|1216|1581	PfKE03.g5	22.930	314	187	9	45	318	118	416	4.93e-12	70.1
PfGN01_060023300|DBLg|1|1216|1581	PC0118-C.g748	100.000	366	0	0	1	366	1242	1607	0.0	774
PfGN01_060023300|DBLg|1|1216|1581	PC0118-C.g748	33.051	354	157	15	1	279	1632	1980	1.46e-40	155
PfGN01_060023300|DBLg|1|1216|1581	PC0118-C.g748	28.839	267	144	9	48	291	871	1114	1.67e-17	86.7
PfGN01_060023300|DBLg|1|1216|1581	PC0118-C.g748	23.706	367	207	16	45	347	112	469	1.91e-12	71.2
PfGN01_060023300|DBLg|1|1216|1581	PT0258-Cx.g131	100.000	366	0	0	1	366	1242	1607	0.0	772
PfGN01_060023300|DBLg|1|1216|1581	PT0258-Cx.g131	33.051	354	157	15	1	279	1632	1980	1.89e-40	154
PfGN01_060023300|DBLg|1|1216|1581	PT0258-Cx.g131	28.839	267	144	9	48	291	871	1114	1.63e-17	86.7
PfGN01_060023300|DBLg|1|1216|1581	PT0258-Cx.g131	23.706	367	207	16	45	347	112	469	1.54e-12	71.6
PfGN01_060023300|DBLg|1|1216|1581	PA0213-C.g489	100.000	366	0	0	1	366	1242	1607	0.0	772
PfGN01_060023300|DBLg|1|1216|1581	PA0213-C.g489	33.051	354	157	15	1	279	1632	1980	2.34e-40	154
PfGN01_060023300|DBLg|1|1216|1581	PA0213-C.g489	28.839	267	144	9	48	291	871	1114	1.81e-17	86.7
PfGN01_060023300|DBLg|1|1216|1581	PA0213-C.g489	23.706	367	207	16	45	347	112	469	1.67e-12	71.6
PfGN01_060023300|DBLg|1|1216|1581	PF0119-C.g98	100.000	366	0	0	1	366	1239	1604	0.0	771
PfGN01_060023300|DBLg|1|1216|1581	PF0119-C.g98	33.051	354	157	15	1	279	1629	1977	2.14e-40	154
PfGN01_060023300|DBLg|1|1216|1581	PF0119-C.g98	27.044	318	170	9	11	291	828	1120	3.09e-16	82.8
PfGN01_060023300|DBLg|1|1216|1581	PF0119-C.g98	22.611	314	188	9	45	318	118	416	1.24e-11	68.9
PfGN01_060023300|DBLd|1|1606|2036	PF0725-C.g692	100.000	431	0	0	1	431	166	596	0.0	901
PfGN01_060023300|DBLd|1|1606|2036	PM0152-C.g687	99.768	431	1	0	1	431	1582	2012	0.0	895
PfGN01_060023300|DBLd|1|1606|2036	PM0152-C.g687	32.231	363	161	14	1	349	1183	1474	1.72e-39	154
PfGN01_060023300|DBLd|1|1606|2036	PM0152-C.g687	29.900	301	172	9	149	431	174	453	1.22e-19	94.4
PfGN01_060023300|DBLd|1|1606|2036	PM0152-C.g687	23.427	461	213	20	18	428	796	1166	4.36e-10	64.7
PfGN01_060023300|DBLd|1|1606|2036	PC0118-C.g748	99.768	431	1	0	1	431	1632	2062	0.0	895
PfGN01_060023300|DBLd|1|1606|2036	PC0118-C.g748	31.429	420	204	16	1	411	1242	1586	3.23e-43	164
PfGN01_060023300|DBLd|1|1606|2036	PC0118-C.g748	28.916	332	189	10	139	431	168	491	1.34e-26	115
PfGN01_060023300|DBLd|1|1606|2036	QG0261-C.g376	99.768	431	1	0	1	431	218	648	0.0	895
PfGN01_060023300|DBLd|1|1606|2036	QG0261-C.g376	26.699	206	113	7	210	411	1	172	6.19e-09	60.8
PfGN01_060023300|DBLd|1|1606|2036	PF0207-C.g400	99.768	431	1	0	1	431	1018	1448	0.0	895
PfGN01_060023300|DBLd|1|1606|2036	PF0207-C.g400	31.905	420	201	15	1	411	629	972	5.51e-45	170
PfGN01_060023300|CIDRb|1|2037|2289	PV0184-C.g10	99.605	253	1	0	1	253	635	887	4.07e-177	516
PfGN01_060023300|CIDRb|1|2037|2289	PV0251-C.g39	99.605	253	1	0	1	253	462	714	3.21e-175	516
PfGN01_060023300|CIDRb|1|2037|2289	QG0261-C.g376	99.605	253	1	0	1	253	649	901	7.23e-175	510
PfGN01_060023300|CIDRb|1|2037|2289	PM0073-C.g489	99.605	253	1	0	1	253	406	658	1.16e-174	515
PfGN01_060023300|CIDRb|1|2037|2289	PV0087-C.g18	99.605	253	1	0	1	253	768	1020	1.24e-173	514
PfGN01_060023300|ATS|1|2404|2769	PT0219-C.g393	99.727	366	1	0	1	366	1700	2065	0.0	754
PfGN01_060023300|ATS|1|2404|2769	PA0057-C.g87	99.727	366	1	0	1	366	1742	2107	0.0	754
PfGN01_060023300|ATS|1|2404|2769	QE0395-C.g192	99.727	366	1	0	1	366	1696	2061	0.0	752
PfGN01_060023300|ATS|1|2404|2769	PF0467-C.g34	99.727	366	1	0	1	366	2410	2775	0.0	752
PfGN01_060023300|ATS|1|2404|2769	PfKE04.g1146	99.727	366	1	0	1	366	2410	2775	0.0	752
PfGN01_060038400|NTS|1|1|66	PM0134-C.g1122	86.364	66	9	0	1	66	1	66	1.86e-32	119
PfGN01_060038400|NTS|1|1|66	PA0017-C.g463	83.333	66	11	0	1	66	1	66	3.79e-31	115
PfGN01_060038400|NTS|1|1|66	PF0590-C.g769	80.303	66	13	0	1	66	1	66	6.68e-29	108
PfGN01_060038400|NTS|1|1|66	PA0104-C.g444	80.303	66	13	0	1	66	1	66	7.15e-29	108
PfGN01_060038400|NTS|1|1|66	PT0253-Cx.g233	94.545	55	3	0	12	66	14	68	1.40e-28	107
PfGN01_060038400|DBLa|1|67|471	PV0138-C.g26	100.000	405	0	0	1	405	69	473	0.0	845
PfGN01_060038400|DBLa|1|67|471	PV0138-C.g26	33.046	348	202	9	8	354	1213	1530	3.90e-37	146
PfGN01_060038400|DBLa|1|67|471	PV0138-C.g26	24.299	321	164	13	35	331	803	1068	1.29e-09	62.8
PfGN01_060038400|DBLa|1|67|471	PV0138-C.g26	23.129	294	152	11	43	332	1628	1851	1.09e-08	60.1
PfGN01_060038400|DBLa|1|67|471	PV0112-C.g24	100.000	405	0	0	1	405	69	473	0.0	845
PfGN01_060038400|DBLa|1|67|471	PV0112-C.g24	33.046	348	202	9	8	354	1213	1530	3.90e-37	146
PfGN01_060038400|DBLa|1|67|471	PV0112-C.g24	24.299	321	164	13	35	331	803	1068	1.29e-09	62.8
PfGN01_060038400|DBLa|1|67|471	PV0112-C.g24	23.129	294	152	11	43	332	1628	1851	1.09e-08	60.1
PfGN01_060038400|DBLa|1|67|471	PV0098-C.g45	100.000	405	0	0	1	405	69	473	0.0	845
PfGN01_060038400|DBLa|1|67|471	PV0098-C.g45	33.046	348	202	9	8	354	1213	1530	3.90e-37	146
PfGN01_060038400|DBLa|1|67|471	PV0098-C.g45	24.299	321	164	13	35	331	803	1068	1.29e-09	62.8
PfGN01_060038400|DBLa|1|67|471	PV0098-C.g45	23.129	294	152	11	43	332	1628	1851	1.09e-08	60.1
PfGN01_060038400|DBLa|1|67|471	PT0253-Cx.g233	87.715	407	48	1	1	405	69	475	0.0	696
PfGN01_060038400|DBLa|1|67|471	PT0253-Cx.g233	32.335	334	196	11	46	375	1287	1594	3.50e-36	143
PfGN01_060038400|DBLa|1|67|471	PT0253-Cx.g233	25.991	227	111	7	102	328	1721	1890	3.70e-12	70.9
PfGN01_060038400|DBLa|1|67|471	PT0253-Cx.g233	23.055	347	197	12	12	336	811	1109	9.73e-10	63.2
PfGN01_060038400|DBLa|1|67|471	PM0062-C.g251	80.000	410	77	4	1	405	68	477	0.0	644
PfGN01_060038400|DBLa|1|67|471	PM0062-C.g251	29.238	407	227	13	5	375	1203	1584	3.27e-40	155
PfGN01_060038400|DBLa|1|67|471	PM0062-C.g251	28.571	231	111	12	36	262	1657	1837	1.42e-11	68.9
PfGN01_060038400|DBLa|1|67|471	PM0062-C.g251	23.944	284	165	9	48	323	828	1068	9.58e-11	66.2
PfGN01_060038400|CIDRa|1|472|727	PV0138-C.g26	99.609	256	1	0	1	256	474	729	1.69e-171	521
PfGN01_060038400|CIDRa|1|472|727	PV0112-C.g24	99.609	256	1	0	1	256	474	729	1.69e-171	521
PfGN01_060038400|CIDRa|1|472|727	PV0098-C.g45	99.609	256	1	0	1	256	474	729	1.69e-171	521
PfGN01_060038400|CIDRa|1|472|727	PT0230-Cx.g574	78.113	265	46	5	1	256	473	734	1.61e-126	397
PfGN01_060038400|CIDRa|1|472|727	PF0692-C.g1052	75.591	254	55	3	1	252	479	727	3.09e-121	380
PfGN01_060038400|DBLg|1|769|1164	QG0292-C.g2243	76.500	400	84	6	1	396	788	1181	0.0	585
PfGN01_060038400|DBLg|1|769|1164	QG0292-C.g2243	24.176	273	153	7	51	319	1668	1890	1.13e-13	75.5
PfGN01_060038400|DBLg|1|769|1164	QG0292-C.g2243	23.292	322	157	11	43	309	109	395	1.75e-11	68.6
PfGN01_060038400|DBLg|1|769|1164	QG0292-C.g2243	22.277	404	236	15	22	396	1259	1613	4.75e-08	57.8
PfGN01_060038400|DBLg|1|769|1164	PA0081-C.g347	74.564	401	96	5	1	396	805	1204	0.0	577
PfGN01_060038400|DBLg|1|769|1164	PA0081-C.g347	25.694	288	154	11	51	332	1684	1917	1.70e-13	74.7
PfGN01_060038400|DBLg|1|769|1164	PA0081-C.g347	21.662	397	219	14	35	396	1291	1630	4.66e-10	64.3
PfGN01_060038400|DBLg|1|769|1164	PA0081-C.g347	23.810	294	137	11	34	282	100	351	2.04e-09	62.0
PfGN01_060038400|DBLg|1|769|1164	QE0414-C.g131	77.387	398	80	4	1	396	1956	2345	0.0	572
PfGN01_060038400|DBLg|1|769|1164	QE0414-C.g131	45.000	240	108	6	30	251	1269	1502	1.19e-56	202
PfGN01_060038400|DBLg|1|769|1164	QE0414-C.g131	22.801	307	199	9	34	313	104	399	1.96e-11	68.6
PfGN01_060038400|DBLg|1|769|1164	QE0414-C.g131	24.723	271	165	9	51	306	869	1115	1.22e-10	65.9
PfGN01_060038400|DBLg|1|769|1164	QE0414-C.g131	22.764	369	225	12	51	396	2448	2779	1.16e-09	62.8
PfGN01_060038400|DBLg|1|769|1164	PD0632-C.g725	71.788	397	108	4	1	396	1962	2355	0.0	569
PfGN01_060038400|DBLg|1|769|1164	PD0632-C.g725	34.181	354	160	12	31	326	1276	1614	3.99e-42	160
PfGN01_060038400|DBLg|1|769|1164	PD0632-C.g725	22.849	372	224	13	51	396	2458	2792	6.04e-12	70.1
PfGN01_060038400|DBLg|1|769|1164	PD0632-C.g725	22.917	336	178	12	34	315	95	403	1.29e-11	68.9
PfGN01_060038400|DBLg|1|769|1164	PD0632-C.g725	24.781	343	173	15	1	306	818	1112	1.49e-11	68.9
PfGN01_060038400|DBLg|1|769|1164	PD0632-C.g725	22.727	308	163	12	45	332	2840	3092	2.44e-07	55.5
PfGN01_060038400|DBLg|1|769|1164	PD0497-C.g300	71.788	397	108	4	1	396	1962	2355	0.0	569
PfGN01_060038400|DBLg|1|769|1164	PD0497-C.g300	34.181	354	160	12	31	326	1276	1614	3.99e-42	160
PfGN01_060038400|DBLg|1|769|1164	PD0497-C.g300	22.849	372	224	13	51	396	2458	2792	6.04e-12	70.1
PfGN01_060038400|DBLg|1|769|1164	PD0497-C.g300	22.917	336	178	12	34	315	95	403	1.29e-11	68.9
PfGN01_060038400|DBLg|1|769|1164	PD0497-C.g300	24.781	343	173	15	1	306	818	1112	1.49e-11	68.9
PfGN01_060038400|DBLg|1|769|1164	PD0497-C.g300	22.727	308	163	12	45	332	2840	3092	2.44e-07	55.5
PfGN01_060038400|DBLz|1|1173|1589	PM0087-C.g109	100.000	417	0	0	1	417	1607	2023	0.0	857
PfGN01_060038400|DBLz|1|1173|1589	PM0087-C.g109	27.621	391	224	12	72	417	815	1191	7.13e-36	142
PfGN01_060038400|DBLz|1|1173|1589	PM0087-C.g109	28.307	378	221	13	2	338	17	385	4.39e-34	137
PfGN01_060038400|DBLz|1|1173|1589	PM0087-C.g109	26.792	265	156	7	84	347	2067	2294	8.32e-19	91.7
PfGN01_060038400|DBLz|1|1173|1589	PM0087-C.g109	25.763	295	158	13	79	337	1240	1509	3.36e-13	74.3
PfGN01_060038400|DBLz|1|1173|1589	PM0085-C.g85	83.693	417	68	0	1	417	1053	1469	0.0	729
PfGN01_060038400|DBLz|1|1173|1589	PM0085-C.g85	31.445	353	187	14	35	351	217	550	5.79e-34	137
PfGN01_060038400|DBLz|1|1173|1589	PM0085-C.g85	29.167	264	131	11	94	347	1523	1740	1.73e-18	90.5
PfGN01_060038400|DBLz|1|1173|1589	PM0085-C.g85	27.536	276	163	11	79	337	697	952	2.99e-13	74.3
PfGN01_060038400|DBLz|1|1173|1589	PM0024-C.g711	83.255	424	63	3	1	417	2340	2762	0.0	702
PfGN01_060038400|DBLz|1|1173|1589	PM0024-C.g711	31.111	405	199	16	69	417	839	1219	1.43e-39	153
PfGN01_060038400|DBLz|1|1173|1589	PM0024-C.g711	28.000	400	228	13	41	390	59	448	6.93e-36	142
PfGN01_060038400|DBLz|1|1173|1589	PM0024-C.g711	29.008	262	136	10	94	348	2816	3034	1.56e-17	87.8
PfGN01_060038400|DBLz|1|1173|1589	PM0024-C.g711	25.253	297	164	11	79	337	1962	2238	1.20e-13	75.9
PfGN01_060038400|DBLz|1|1173|1589	PM0024-C.g711	24.702	336	165	16	70	338	1265	1579	3.51e-09	61.6
PfGN01_060038400|DBLz|1|1173|1589	PM0133-C.g332	80.332	422	78	1	1	417	1204	1625	0.0	694
PfGN01_060038400|DBLz|1|1173|1589	PM0133-C.g332	33.750	320	166	12	93	367	127	445	1.10e-32	133
PfGN01_060038400|DBLz|1|1173|1589	PM0133-C.g332	26.792	265	156	6	84	347	1669	1896	1.57e-21	99.8
PfGN01_060038400|DBLz|1|1173|1589	PM0133-C.g332	24.830	294	153	12	78	337	843	1102	1.20e-11	69.3
PfGN01_060038400|DBLz|1|1173|1589	QG0296-C.g2356	78.910	422	84	2	1	417	2299	2720	0.0	687
PfGN01_060038400|DBLz|1|1173|1589	QG0296-C.g2356	33.550	307	171	9	69	353	817	1112	1.54e-41	159
PfGN01_060038400|DBLz|1|1173|1589	QG0296-C.g2356	31.977	344	179	16	26	324	38	371	4.22e-34	137
PfGN01_060038400|DBLz|1|1173|1589	QG0296-C.g2356	27.799	259	131	10	94	342	2774	2986	8.68e-17	85.5
PfGN01_060038400|DBLz|1|1173|1589	QG0296-C.g2356	26.056	284	155	12	79	337	1948	2201	1.03e-15	82.0
PfGN01_060038400|DBLz|1|1173|1589	QG0296-C.g2356	25.680	331	170	13	69	338	1251	1566	3.81e-13	73.9
PfGN01_060038400|DBLe|1|1595|1907	PM0087-C.g109	100.000	313	0	0	1	313	2029	2341	0.0	642
PfGN01_060038400|DBLe|1|1595|1907	PM0087-C.g109	26.429	280	158	8	49	281	1700	1978	2.42e-19	91.3
PfGN01_060038400|DBLe|1|1595|1907	PM0087-C.g109	24.806	258	141	6	49	256	1255	1509	1.16e-17	86.3
PfGN01_060038400|DBLe|1|1595|1907	PM0087-C.g109	26.715	277	145	8	49	276	837	1104	2.29e-16	82.4
PfGN01_060038400|DBLe|1|1595|1907	PM0087-C.g109	27.018	285	140	13	49	268	115	396	1.19e-15	80.1
PfGN01_060038400|DBLe|1|1595|1907	PM0058-C.g283	90.735	313	29	0	1	313	2035	2347	0.0	583
PfGN01_060038400|DBLe|1|1595|1907	PM0058-C.g283	26.103	272	164	10	49	294	1271	1531	2.01e-19	91.3
PfGN01_060038400|DBLe|1|1595|1907	PM0058-C.g283	27.197	239	124	9	49	242	859	1092	1.17e-17	86.3
PfGN01_060038400|DBLe|1|1595|1907	PM0058-C.g283	28.731	268	143	9	49	270	1698	1963	5.03e-16	81.3
PfGN01_060038400|DBLe|1|1595|1907	PM0058-C.g283	27.240	279	131	12	49	260	113	386	6.81e-14	74.7
PfGN01_060038400|DBLe|1|1595|1907	QG0237-C.g2792	80.255	314	60	2	1	313	1563	1875	1.57e-165	507
PfGN01_060038400|DBLe|1|1595|1907	QG0237-C.g2792	27.059	255	137	7	49	256	780	1032	3.69e-21	96.3
PfGN01_060038400|DBLe|1|1595|1907	QG0237-C.g2792	28.571	252	135	9	49	256	1223	1473	2.44e-17	85.1
PfGN01_060038400|DBLe|1|1595|1907	PD0494-C.g567	80.255	314	60	2	1	313	1543	1855	8.32e-165	504
PfGN01_060038400|DBLe|1|1595|1907	PD0494-C.g567	29.316	307	167	11	49	310	782	1083	7.13e-24	104
PfGN01_060038400|DBLe|1|1595|1907	PD0494-C.g567	27.559	254	137	8	49	256	1205	1457	5.08e-17	84.3
PfGN01_060038400|DBLe|1|1595|1907	PD0494-C.g567	22.650	234	120	6	39	214	67	297	9.07e-12	68.2
PfGN01_060038400|DBLe|1|1595|1907	PD0564-C.g71	80.255	314	60	2	1	313	2762	3074	1.43e-163	506
PfGN01_060038400|DBLe|1|1595|1907	PD0564-C.g71	29.316	307	167	11	49	310	2001	2302	7.95e-24	104
PfGN01_060038400|DBLe|1|1595|1907	PD0564-C.g71	27.843	255	148	8	40	261	871	1122	1.47e-17	85.9
PfGN01_060038400|DBLe|1|1595|1907	PD0564-C.g71	27.559	254	137	8	49	256	2424	2676	8.56e-17	83.6
PfGN01_060038400|DBLe|1|1595|1907	PD0564-C.g71	26.667	315	163	12	16	264	89	401	4.70e-16	81.3
PfGN01_060038400|DBLe|1|1595|1907	PD0564-C.g71	22.650	234	120	6	39	214	1286	1516	1.24e-11	67.8
PfGN01_060038400|ATS|1|1925|2414	PV0211-C.g126	78.711	512	78	10	2	490	842	1345	0.0	743
PfGN01_060038400|ATS|1|1925|2414	PV0147-C.g7	77.959	490	55	7	2	490	1762	2199	0.0	726
PfGN01_060038400|ATS|1|1925|2414	PD0590-C.g13	76.505	515	66	10	2	490	819	1304	0.0	718
PfGN01_060038400|ATS|1|1925|2414	PV0117-C.g64	72.128	531	81	8	2	490	1195	1700	0.0	715
PfGN01_060038400|ATS|1|1925|2414	PV0028-C.g39	74.494	494	84	8	2	477	2754	3223	0.0	703
PfGN01_060038400|ATS|1|1925|2414	PV0028-C.g39	75.325	154	23	4	342	490	3208	3351	6.52e-59	213
PfGN01_070005300|NTS|1|1|68	PF0590-C.g794	89.091	55	6	0	9	63	7	61	1.16e-25	99.8
PfGN01_070005300|NTS|1|1|68	PD0553-C.g379	71.429	63	18	0	6	68	4	66	5.27e-22	89.4
PfGN01_070005300|NTS|1|1|68	PF0782-C.g817	74.194	62	15	1	8	68	5	66	6.57e-22	89.0
PfGN01_070005300|NTS|1|1|68	QG0264-C.g504	76.562	64	13	2	6	68	3	65	8.84e-22	88.6
PfGN01_070005300|NTS|1|1|68	PM0146-C.g526	71.429	63	14	1	6	68	3	61	1.13e-20	85.5
PfGN01_070005300|DBLa|1|70|523	PT0141-C.g798	72.747	466	103	11	1	454	66	519	0.0	637
PfGN01_070005300|DBLa|1|70|523	PT0141-C.g798	27.500	240	125	9	196	405	1151	1371	4.34e-14	77.4
PfGN01_070005300|DBLa|1|70|523	QG0253-C.g3384	66.597	476	127	7	1	454	70	535	0.0	616
PfGN01_070005300|DBLa|1|70|523	QG0253-C.g3384	27.670	206	112	5	251	454	1296	1466	1.19e-14	79.3
PfGN01_070005300|DBLa|1|70|523	PM0146-C.g526	69.298	456	117	8	1	454	63	497	0.0	604
PfGN01_070005300|DBLa|1|70|523	PM0146-C.g526	23.810	273	143	9	125	356	1035	1283	3.77e-12	71.2
PfGN01_070005300|DBLa|1|70|523	PA0011-C.g101	67.679	461	129	11	2	454	68	516	0.0	580
PfGN01_070005300|DBLa|1|70|523	PA0011-C.g101	31.489	235	139	8	56	288	1760	1974	3.24e-27	117
PfGN01_070005300|DBLa|1|70|523	PA0011-C.g101	26.667	300	165	10	112	367	1028	1316	2.43e-16	84.3
PfGN01_070005300|DBLa|1|70|523	PA0011-C.g101	29.249	253	113	11	35	286	2160	2347	5.76e-15	80.1
PfGN01_070005300|DBLa|1|70|523	PD0541-C.g704	66.009	456	125	11	1	454	74	501	0.0	573
PfGN01_070005300|DBLa|1|70|523	PD0541-C.g704	27.586	203	114	4	252	454	1187	1356	5.95e-09	61.2
PfGN01_070005300|CIDRa|1|524|835	PF0816-C.g749	83.121	314	42	2	1	312	518	822	3.47e-158	485
PfGN01_070005300|CIDRa|1|524|835	PF0789-C.g661	76.129	310	51	5	1	305	498	789	1.26e-142	442
PfGN01_070005300|CIDRa|1|524|835	PA0180-C.g653	66.364	330	84	8	1	312	511	831	2.38e-129	394
PfGN01_070005300|CIDRa|1|524|835	PT0158-C.g104	66.562	320	66	5	1	306	491	783	1.50e-121	377
PfGN01_070005300|CIDRa|1|524|835	PF0311-C.g403	65.951	326	83	6	1	310	517	830	7.55e-120	381
PfGN01_070005300|DBLd|1|895|1447	PA0157-C.g738	53.076	569	199	21	1	553	890	1406	6.43e-166	516
PfGN01_070005300|DBLd|1|895|1447	PA0157-C.g738	22.572	381	217	13	208	553	182	519	2.04e-12	72.8
PfGN01_070005300|DBLd|1|895|1447	PF0311-C.g323	51.618	587	236	17	1	553	817	1389	1.70e-163	511
PfGN01_070005300|DBLd|1|895|1447	PF0311-C.g323	25.237	317	166	14	258	553	206	472	4.50e-14	78.2
PfGN01_070005300|DBLd|1|895|1447	PF0206-C.g508	52.456	570	212	18	1	553	912	1439	7.08e-162	506
PfGN01_070005300|DBLd|1|895|1447	PF0206-C.g508	27.018	285	142	10	293	553	259	501	5.86e-17	87.4
PfGN01_070005300|DBLd|1|895|1447	SenT013.11.g407	52.551	588	218	22	1	553	892	1453	1.26e-161	506
PfGN01_070005300|DBLd|1|895|1447	SenT013.11.g407	24.735	283	149	11	293	553	268	508	1.47e-09	63.5
PfGN01_070005300|DBLd|1|895|1447	QE0469-C.g1115	49.206	567	214	16	1	553	826	1332	2.09e-157	493
PfGN01_070005300|DBLd|1|895|1447	QE0469-C.g1115	24.728	368	195	15	201	553	181	481	7.30e-11	67.8
PfGN01_070005300|CIDRb|1|1448|1699	PM0020-C.g170	65.873	252	81	2	1	247	703	954	7.58e-105	329
PfGN01_070005300|CIDRb|1|1448|1699	PM0156-C.g166	65.234	256	84	2	1	251	3026	3281	7.86e-103	329
PfGN01_070005300|CIDRb|1|1448|1699	PM0156-C.g166	29.388	245	152	7	17	248	477	713	3.08e-17	83.2
PfGN01_070005300|CIDRb|1|1448|1699	PF0314-C.g112	65.234	256	84	2	1	251	2308	2563	8.79e-103	329
PfGN01_070005300|CIDRb|1|1448|1699	PF0314-C.g112	26.042	192	135	4	61	248	588	776	5.94e-11	64.7
PfGN01_070005300|CIDRb|1|1448|1699	PT0101-C.g97	65.234	256	84	2	1	251	2249	2504	1.57e-102	328
PfGN01_070005300|CIDRb|1|1448|1699	PT0101-C.g97	25.483	259	169	6	1	248	499	744	3.82e-10	62.4
PfGN01_070005300|CIDRb|1|1448|1699	PH0225-C.g78	65.873	252	81	2	1	247	1364	1615	1.96e-102	328
PfGN01_070005300|ATS|1|1802|2235	PC0122-C.g100	88.010	417	50	0	1	417	1987	2403	0.0	735
PfGN01_070005300|ATS|1|1802|2235	PFKE09.g563	85.169	445	52	6	1	434	775	1216	0.0	730
PfGN01_070005300|ATS|1|1802|2235	PA0245-C.g998	78.649	459	72	3	1	434	1706	2163	0.0	719
PfGN01_070005300|ATS|1|1802|2235	PFKE01.g19	83.673	441	63	5	1	434	1733	2171	0.0	718
PfGN01_070005300|ATS|1|1802|2235	PV0028-C.g50	80.744	457	60	6	4	434	2601	3055	0.0	713
PfGN01_070017000|NTS|1|1|71	PA0081-C.g305	65.079	63	21	1	10	71	2	64	6.27e-19	80.9
PfGN01_070017000|NTS|1|1|71	PC0069-C.g250	66.102	59	19	1	13	71	7	64	1.84e-18	79.3
PfGN01_070017000|NTS|1|1|71	PM0021-C.g34	57.746	71	24	1	1	71	1	65	3.46e-18	78.6
PfGN01_070017000|NTS|1|1|71	PA0022-C.g196	65.574	61	21	0	10	70	4	64	3.47e-18	78.6
PfGN01_070017000|NTS|1|1|71	PA0245-C.g300	66.102	59	19	1	13	71	7	64	1.03e-17	77.4
PfGN01_070017000|DBLa|1|72|479	QG0280-C.g788	78.622	421	75	7	1	408	57	475	0.0	662
PfGN01_070017000|DBLa|1|72|479	QG0280-C.g788	30.030	333	198	10	37	353	1675	1988	1.12e-31	130
PfGN01_070017000|DBLa|1|72|479	QG0280-C.g788	28.125	288	154	9	43	313	844	1095	1.96e-23	105
PfGN01_070017000|DBLa|1|72|479	QG0280-C.g788	26.875	160	89	5	158	315	1379	1512	1.00e-07	57.0
PfGN01_070017000|DBLa|1|72|479	SenT058.11.g166	78.622	421	75	7	1	408	71	489	0.0	660
PfGN01_070017000|DBLa|1|72|479	SenT058.11.g166	28.125	288	154	9	43	313	858	1109	1.61e-23	105
PfGN01_070017000|DBLa|1|72|479	SenT058.11.g166	24.555	281	175	9	44	315	1273	1525	8.02e-15	79.0
PfGN01_070017000|DBLa|1|72|479	PA0221-C.g897	73.301	412	87	7	1	408	70	462	0.0	600
PfGN01_070017000|DBLa|1|72|479	PA0221-C.g897	29.758	289	144	10	43	313	830	1077	1.25e-24	109
PfGN01_070017000|DBLa|1|72|479	PA0221-C.g897	27.083	384	220	10	48	408	1590	1936	1.33e-19	94.0
PfGN01_070017000|DBLa|1|72|479	PA0221-C.g897	25.418	299	163	10	15	313	2926	3164	2.20e-17	87.0
PfGN01_070017000|DBLa|1|72|479	PA0221-C.g897	27.149	221	120	8	46	263	2634	2816	4.78e-12	70.5
PfGN01_070017000|DBLa|1|72|479	PA0221-C.g897	25.850	294	156	12	46	320	2279	2529	7.90e-12	70.1
PfGN01_070017000|DBLa|1|72|479	PA0221-C.g897	27.124	306	169	11	48	337	1231	1498	4.25e-11	67.8
PfGN01_070017000|DBLa|1|72|479	PT0098-C.g409	74.878	410	81	7	1	408	65	454	0.0	598
PfGN01_070017000|DBLa|1|72|479	PT0098-C.g409	29.412	289	148	9	43	313	829	1079	1.99e-24	108
PfGN01_070017000|DBLa|1|72|479	PT0098-C.g409	32.243	214	130	6	50	251	1662	1872	6.35e-23	103
PfGN01_070017000|DBLa|1|72|479	PM0093-C.g345	70.316	411	112	6	1	408	60	463	0.0	562
PfGN01_070017000|DBLa|1|72|479	PM0093-C.g345	30.072	276	138	10	52	312	853	1088	6.55e-23	103
PfGN01_070017000|DBLa|1|72|479	PM0093-C.g345	25.246	305	189	9	42	334	1623	1900	6.20e-18	89.0
PfGN01_070017000|DBLa|1|72|479	PM0093-C.g345	26.103	272	144	10	46	316	1994	2209	1.64e-14	78.2
PfGN01_070017000|DBLa|1|72|479	PM0093-C.g345	24.576	236	145	9	45	259	1237	1460	1.09e-07	56.6
PfGN01_070017000|CIDRa|1|480|732	PA0221-C.g897	95.257	253	11	1	1	253	463	714	3.17e-158	488
PfGN01_070017000|CIDRa|1|480|732	PT0098-C.g409	87.795	254	30	1	1	253	455	708	1.46e-135	423
PfGN01_070017000|CIDRa|1|480|732	QG0292-C.g1989	80.162	247	49	0	1	247	491	737	4.63e-133	416
PfGN01_070017000|CIDRa|1|480|732	PA0069-C.g335	79.528	254	50	2	1	253	455	707	7.51e-132	412
PfGN01_070017000|CIDRa|1|480|732	PA0068-C.g226	79.528	254	50	2	1	253	455	707	7.51e-132	412
PfGN01_070017000|DBLb|1|745|1195	QG0280-C.g788	65.801	462	146	6	1	451	742	1202	0.0	599
PfGN01_070017000|DBLb|1|745|1195	QG0280-C.g788	30.921	304	170	10	86	358	1666	1960	9.92e-38	149
PfGN01_070017000|DBLb|1|745|1195	QG0280-C.g788	31.034	290	144	10	102	346	101	379	8.63e-27	116
PfGN01_070017000|DBLb|1|745|1195	QG0280-C.g788	24.013	304	175	9	73	345	1231	1509	3.73e-14	77.8
PfGN01_070017000|DBLb|1|745|1195	SenT058.11.g166	64.935	462	150	6	1	451	756	1216	0.0	590
PfGN01_070017000|DBLb|1|745|1195	SenT058.11.g166	31.142	289	143	10	103	346	116	393	1.41e-26	115
PfGN01_070017000|DBLb|1|745|1195	SenT058.11.g166	27.857	280	153	8	95	346	1265	1523	1.37e-20	97.4
PfGN01_070017000|DBLb|1|745|1195	PV0088-C.g42	67.366	429	129	4	1	419	740	1167	0.0	580
PfGN01_070017000|DBLb|1|745|1195	PV0088-C.g42	28.358	335	192	12	15	318	19	336	7.20e-27	116
PfGN01_070017000|DBLb|1|745|1195	PV0088-C.g42	23.448	290	144	10	105	345	1244	1504	4.42e-10	64.7
PfGN01_070017000|DBLb|1|745|1195	PA0221-C.g897	62.745	459	159	5	1	451	728	1182	0.0	575
PfGN01_070017000|DBLb|1|745|1195	PA0221-C.g897	28.418	373	211	15	15	346	25	382	2.64e-28	121
PfGN01_070017000|DBLb|1|745|1195	PA0221-C.g897	30.131	229	129	8	75	301	2606	2805	1.27e-17	88.6
PfGN01_070017000|DBLb|1|745|1195	PA0221-C.g897	28.632	234	115	9	78	299	2929	3122	4.73e-17	86.7
PfGN01_070017000|DBLb|1|745|1195	PA0221-C.g897	26.766	269	158	8	101	348	2275	2525	1.76e-16	85.1
PfGN01_070017000|DBLb|1|745|1195	PT0098-C.g409	63.261	460	154	7	1	451	727	1180	0.0	563
PfGN01_070017000|DBLb|1|745|1195	PT0098-C.g409	27.089	395	220	8	86	451	1639	1994	6.70e-30	125
PfGN01_070017000|DBLb|1|745|1195	PT0098-C.g409	31.852	270	139	8	111	346	117	375	1.13e-26	116
PfGN01_070017000|DBLb|1|745|1195	PT0098-C.g409	25.746	268	146	9	110	346	1236	1481	1.27e-14	79.0
PfGN01_070017000|DBLg|1|1212|1581	QG0287-C.g22	100.000	370	0	0	1	370	1357	1726	0.0	775
PfGN01_070017000|DBLg|1|1212|1581	QG0287-C.g22	34.393	346	170	11	1	300	1747	2081	3.53e-48	177
PfGN01_070017000|DBLg|1|1212|1581	QG0287-C.g22	26.354	277	143	11	48	297	994	1236	8.25e-14	75.5
PfGN01_070017000|DBLg|1|1212|1581	QG0287-C.g22	20.820	317	184	9	44	300	112	421	6.78e-07	53.9
PfGN01_070017000|DBLg|1|1212|1581	QG0260-C.g1084	88.410	371	41	2	1	370	1202	1571	0.0	670
PfGN01_070017000|DBLg|1|1212|1581	QG0260-C.g1084	31.008	387	194	14	1	327	1592	1965	2.18e-40	154
PfGN01_070017000|DBLg|1|1212|1581	QG0260-C.g1084	26.277	274	147	10	46	309	2812	3040	1.48e-13	74.7
PfGN01_070017000|DBLg|1|1212|1581	QG0260-C.g1084	23.022	278	160	8	46	297	825	1074	1.37e-10	65.5
PfGN01_070017000|DBLg|1|1212|1581	QG0260-C.g1084	23.514	387	228	15	26	370	2396	2756	2.43e-09	61.6
PfGN01_070017000|DBLg|1|1212|1581	QG0260-C.g1084	26.190	210	110	9	121	297	175	372	5.42e-09	60.5
PfGN01_070017000|DBLg|1|1212|1581	PC0113-C.g1299	75.269	372	84	4	1	370	787	1152	0.0	576
PfGN01_070017000|DBLg|1|1212|1581	PC0113-C.g1299	33.600	375	187	11	1	327	1173	1533	1.17e-52	190
PfGN01_070017000|DBLg|1|1212|1581	PC0113-C.g1299	23.834	386	231	14	34	368	110	483	1.00e-10	65.9
PfGN01_070017000|DBLg|1|1212|1581	PT0262-C.g783	73.333	390	78	4	1	370	1230	1613	0.0	563
PfGN01_070017000|DBLg|1|1212|1581	PT0262-C.g783	33.420	386	165	12	1	306	1634	2007	1.25e-48	178
PfGN01_070017000|DBLg|1|1212|1581	PT0262-C.g783	24.359	312	174	11	18	297	811	1092	2.03e-12	71.2
PfGN01_070017000|DBLg|1|1212|1581	PT0262-C.g783	23.151	311	182	9	34	300	97	394	1.41e-10	65.5
PfGN01_070017000|DBLg|1|1212|1581	PF0816-C.g611	73.333	390	78	4	1	370	1230	1613	0.0	561
PfGN01_070017000|DBLg|1|1212|1581	PF0816-C.g611	33.420	386	165	12	1	306	1634	2007	1.58e-48	178
PfGN01_070017000|DBLg|1|1212|1581	PF0816-C.g611	24.359	312	174	11	18	297	811	1092	2.52e-12	70.9
PfGN01_070017000|DBLg|1|1212|1581	PF0816-C.g611	23.151	311	182	9	34	300	97	394	9.24e-11	66.2
PfGN01_070017000|DBLd|1|1602|2003	QG0287-C.g22	100.000	402	0	0	1	402	1747	2148	0.0	836
PfGN01_070017000|DBLd|1|1602|2003	QG0287-C.g22	34.393	346	170	11	1	335	1357	1656	5.21e-47	175
PfGN01_070017000|DBLd|1|1602|2003	QG0287-C.g22	26.410	390	192	14	107	402	146	534	2.08e-23	105
PfGN01_070017000|DBLd|1|1602|2003	PD0507-C.g543	99.751	402	1	0	1	402	1584	1985	0.0	827
PfGN01_070017000|DBLd|1|1602|2003	PD0507-C.g543	35.417	336	150	13	1	318	1188	1474	2.25e-41	158
PfGN01_070017000|DBLd|1|1602|2003	PD0507-C.g543	29.429	333	157	14	126	402	169	479	2.75e-24	107
PfGN01_070017000|DBLd|1|1602|2003	PM0015-C.g100	75.854	410	84	5	1	402	96	498	0.0	615
PfGN01_070017000|DBLd|1|1602|2003	PA0030-C.g1905	66.420	405	130	3	1	402	15	416	5.33e-173	525
PfGN01_070017000|DBLd|1|1602|2003	PA0030-C.g1905	36.039	308	143	7	32	334	1199	1457	7.32e-45	168
PfGN01_070017000|DBLd|1|1602|2003	PA0184-C.g365	66.420	405	130	3	1	402	914	1315	2.65e-169	526
PfGN01_070017000|DBLd|1|1602|2003	PA0184-C.g365	37.299	311	135	9	32	334	2098	2356	8.62e-45	168
PfGN01_070017000|DBLd|1|1602|2003	PA0184-C.g365	30.738	244	140	7	176	402	255	486	7.46e-27	115
PfGN01_070017000|CIDRb|1|2004|2259	QG0287-C.g22	100.000	256	0	0	1	256	2149	2404	1.11e-170	523
PfGN01_070017000|CIDRb|1|2004|2259	PD0507-C.g543	100.000	256	0	0	1	256	1986	2241	3.93e-169	518
PfGN01_070017000|CIDRb|1|2004|2259	PD0507-C.g543	28.177	181	122	4	73	249	548	724	1.92e-12	69.3
PfGN01_070017000|CIDRb|1|2004|2259	PM0015-C.g100	65.637	259	76	5	1	256	499	747	6.89e-107	335
PfGN01_070017000|CIDRb|1|2004|2259	PC0046-C.g386	68.526	251	66	5	1	248	1948	2188	1.83e-105	337
PfGN01_070017000|CIDRb|1|2004|2259	PV0147-C.g52	66.023	259	75	5	1	256	1666	1914	2.68e-105	337
PfGN01_070017000|CIDRb|1|2004|2259	PV0147-C.g52	43.600	250	136	2	1	248	471	717	1.22e-59	206
PfGN01_070017000|ATS|1|2386|2811	PV0028-C.g43	83.333	438	60	4	1	426	1843	2279	0.0	738
PfGN01_070017000|ATS|1|2386|2811	PFKE07.g667	80.000	450	64	3	2	426	2366	2814	0.0	726
PfGN01_070017000|ATS|1|2386|2811	PFKE07.g1065	83.841	427	64	5	2	426	1645	2068	0.0	716
PfGN01_070017000|ATS|1|2386|2811	PC0107-C.g205	79.108	426	86	3	1	426	1012	1434	0.0	690
PfGN01_070017000|ATS|1|2386|2811	PfKE05.g393	81.925	426	67	5	1	426	2567	2982	0.0	687
PfGN01_070017200|NTS|1|1|67	QG0275-C.g718	64.286	70	21	2	1	67	1	69	6.86e-19	80.5
PfGN01_070017200|NTS|1|1|67	PF0730-C.g738	78.431	51	11	0	17	67	11	61	1.15e-18	79.7
PfGN01_070017200|NTS|1|1|67	PC0058-C.g508	78.431	51	11	0	17	67	11	61	1.18e-18	79.7
PfGN01_070017200|NTS|1|1|67	PM0114-C.g511	67.164	67	14	2	1	67	1	59	1.42e-18	79.3
PfGN01_070017200|NTS|1|1|67	QG0276-C.g412	71.667	60	16	1	9	67	4	63	2.13e-18	79.0
PfGN01_070017200|DBLa|1|68|492	SenT084.10.g2337	81.163	430	67	7	1	425	73	493	0.0	678
PfGN01_070017200|DBLa|1|68|492	SenT084.10.g2337	30.000	190	109	6	244	425	1186	1359	6.95e-13	73.2
PfGN01_070017200|DBLa|1|68|492	PM0114-C.g511	75.638	431	90	7	1	425	60	481	0.0	638
PfGN01_070017200|DBLa|1|68|492	PM0114-C.g511	25.490	255	122	8	134	335	1028	1267	1.90e-08	59.3
PfGN01_070017200|DBLa|1|68|492	QG0225-C.g3102	74.596	433	92	8	1	425	62	484	0.0	610
PfGN01_070017200|DBLa|1|68|492	QG0225-C.g3102	24.931	361	189	13	118	425	1044	1375	2.96e-11	68.2
PfGN01_070017200|DBLa|1|68|492	PH0332-C.g600	73.318	431	103	8	1	425	62	486	0.0	609
PfGN01_070017200|DBLa|1|68|492	PH0332-C.g600	25.564	266	157	9	104	335	992	1250	8.46e-12	69.7
PfGN01_070017200|DBLa|1|68|492	QG0200-C.g682	74.596	433	92	8	1	425	62	484	0.0	609
PfGN01_070017200|DBLa|1|68|492	QG0200-C.g682	30.622	209	124	5	222	425	1143	1335	4.78e-19	92.4
PfGN01_070017200|CIDRa|1|493|732	PM0100-C.g2451	81.743	241	43	1	1	240	478	718	2.66e-131	400
PfGN01_070017200|CIDRa|1|493|732	PM0073-C.g78	84.322	236	36	1	1	235	500	735	3.54e-129	402
PfGN01_070017200|CIDRa|1|493|732	PA0008-C.g257	82.573	241	41	1	1	240	484	724	1.83e-128	402
PfGN01_070017200|CIDRa|1|493|732	PA0065-C.g223	80.833	240	46	0	1	240	497	736	3.41e-128	401
PfGN01_070017200|CIDRa|1|493|732	PH0774-C.g778	81.013	237	45	0	1	237	496	732	1.34e-127	392
PfGN01_070017200|DBLd|1|817|1346	PV0301-C.g88	51.167	557	202	16	1	530	867	1380	1.03e-157	493
PfGN01_070017200|DBLd|1|817|1346	PV0301-C.g88	27.230	213	112	5	268	479	244	414	1.76e-14	79.3
PfGN01_070017200|DBLd|1|817|1346	PF0158-C.g746	49.483	580	214	15	1	530	320	870	1.11e-157	483
PfGN01_070017200|DBLd|1|817|1346	PA0213-C.g945	50.880	568	207	18	1	530	877	1410	2.36e-156	490
PfGN01_070017200|DBLd|1|817|1346	PA0213-C.g945	26.562	256	144	9	268	517	260	477	7.39e-07	54.7
PfGN01_070017200|DBLd|1|817|1346	PA0100-C.g443	50.880	568	207	18	1	530	877	1410	2.36e-156	490
PfGN01_070017200|DBLd|1|817|1346	PA0100-C.g443	26.562	256	144	9	268	517	260	477	7.39e-07	54.7
PfGN01_070017200|DBLd|1|817|1346	PA0061-C.g699	50.880	568	207	18	1	530	877	1410	2.36e-156	490
PfGN01_070017200|DBLd|1|817|1346	PA0061-C.g699	26.562	256	144	9	268	517	260	477	7.39e-07	54.7
PfGN01_070017200|CIDRb|1|1347|1609	PA0186-C.g572	82.772	267	37	5	1	263	1423	1684	5.08e-142	439
PfGN01_070017200|CIDRb|1|1347|1609	PT0063-C.g25	73.234	269	64	2	1	261	596	864	1.52e-131	397
PfGN01_070017200|CIDRb|1|1347|1609	PV0128-C.g95	80.000	270	43	6	1	262	1397	1663	6.74e-128	400
PfGN01_070017200|CIDRb|1|1347|1609	PV0211-C.g111	80.000	270	43	6	1	262	1397	1663	1.05e-127	399
PfGN01_070017200|CIDRb|1|1347|1609	QE0419-C.g732	75.472	265	53	4	1	263	1343	1597	4.65e-125	392
PfGN01_070017200|CIDRb|1|1347|1609	QE0419-C.g732	25.926	162	98	5	102	250	567	719	1.20e-08	57.8
PfGN01_070017200|ATS|1|1726|2161	PA0245-C.g391	83.408	446	54	6	1	436	2512	2947	0.0	726
PfGN01_070017200|ATS|1|1726|2161	PC0122-C.g100	86.667	420	52	4	1	419	1987	2403	0.0	714
PfGN01_070017200|ATS|1|1726|2161	PC0113-C.g949	83.820	445	61	4	1	436	1702	2144	0.0	709
PfGN01_070017200|ATS|1|1726|2161	PD0590-C.g13	76.220	492	56	9	1	436	818	1304	0.0	707
PfGN01_070017200|ATS|1|1726|2161	PC0122-C.g20	81.038	443	68	9	2	436	2347	2781	0.0	699
PfGN01_070017400|NTS|1|1|71	PH0815-C.g199	87.931	58	7	0	14	71	8	65	1.75e-30	113
PfGN01_070017400|NTS|1|1|71	PH0778-C.g180	87.931	58	7	0	14	71	8	65	1.75e-30	113
PfGN01_070017400|NTS|1|1|71	QE0451-C.g848	74.648	71	18	0	1	71	1	71	2.10e-30	113
PfGN01_070017400|NTS|1|1|71	PFKE12.g85	91.228	57	5	0	15	71	10	66	1.28e-29	111
PfGN01_070017400|NTS|1|1|71	PF0207-C.g464	80.952	63	12	0	9	71	15	77	2.29e-29	110
PfGN01_070017400|DBLa|1|72|488	PFKE12.g85	77.176	425	86	6	1	417	67	488	0.0	649
PfGN01_070017400|DBLa|1|72|488	PFKE12.g85	27.273	352	178	14	121	417	964	1292	3.63e-16	83.6
PfGN01_070017400|DBLa|1|72|488	QG0190-C.g1057	75.935	428	78	7	1	417	65	478	0.0	642
PfGN01_070017400|DBLa|1|72|488	QG0190-C.g1057	30.208	192	104	7	236	417	1170	1341	2.02e-12	71.6
PfGN01_070017400|DBLa|1|72|488	PA0185-C.g780	75.935	428	81	7	1	417	64	480	0.0	642
PfGN01_070017400|DBLa|1|72|488	PA0185-C.g780	25.519	337	180	10	121	417	1003	1308	2.79e-17	87.0
PfGN01_070017400|DBLa|1|72|488	PT0141-C.g1123	75.935	428	78	7	1	417	65	478	0.0	641
PfGN01_070017400|DBLa|1|72|488	PT0141-C.g1123	31.771	192	113	7	231	417	1137	1315	5.11e-14	76.6
PfGN01_070017400|DBLa|1|72|488	PA0221-C.g876	75.765	425	93	6	1	417	69	491	0.0	640
PfGN01_070017400|DBLa|1|72|488	PA0221-C.g876	30.435	184	107	8	236	417	1161	1325	1.41e-14	78.6
PfGN01_070017400|CIDRa|1|489|733	PT0071-C.g771	70.325	246	72	1	1	245	489	734	6.73e-114	360
PfGN01_070017400|CIDRa|1|489|733	PT0101-C.g668	70.325	246	72	1	1	245	489	734	1.09e-113	359
PfGN01_070017400|CIDRa|1|489|733	PT0101-C.g668	25.556	180	117	4	78	245	1385	1559	7.74e-09	58.2
PfGN01_070017400|CIDRa|1|489|733	PM0024-C.g833	70.325	246	72	1	1	245	494	739	1.51e-113	359
PfGN01_070017400|CIDRa|1|489|733	PA0228-C.g5256	69.919	246	73	1	1	245	477	722	1.55e-113	358
PfGN01_070017400|CIDRa|1|489|733	PT0101-C.g633	68.571	245	77	0	1	245	482	726	1.66e-113	359
PfGN01_070017400|DBLd|1|821|1415	QG0190-C.g1074	54.695	607	171	17	1	595	809	1323	0.0	571
PfGN01_070017400|DBLd|1|821|1415	QG0190-C.g1074	27.778	360	188	16	249	595	178	478	4.87e-14	78.2
PfGN01_070017400|DBLd|1|821|1415	PD0640-C.g332	46.527	619	208	15	1	595	197	716	1.34e-153	471
PfGN01_070017400|DBLd|1|821|1415	QG0295-C.g3026	46.906	614	203	19	1	595	455	964	2.85e-153	470
PfGN01_070017400|DBLd|1|821|1415	PF0730-C.g631	48.154	623	196	21	1	595	903	1426	9.79e-153	483
PfGN01_070017400|DBLd|1|821|1415	PF0730-C.g631	29.189	185	106	8	418	585	309	485	8.44e-10	64.7
PfGN01_070017400|DBLd|1|821|1415	QG0258-C.g1104	48.768	609	175	20	1	595	833	1318	1.54e-151	485
PfGN01_070017400|DBLd|1|821|1415	QG0258-C.g1104	31.556	225	111	5	146	370	1663	1844	3.05e-26	117
PfGN01_070017400|DBLd|1|821|1415	QG0258-C.g1104	24.834	302	163	9	243	540	181	422	4.32e-12	72.0
PfGN01_070017400|CIDRb|1|1416|1669	PF0730-C.g631	80.315	254	47	2	1	254	1427	1677	9.54e-131	408
PfGN01_070017400|CIDRb|1|1416|1669	PF0730-C.g631	28.384	229	121	7	47	242	586	804	3.07e-10	62.4
PfGN01_070017400|CIDRb|1|1416|1669	PV0160-C.g28	75.781	256	54	4	1	251	1088	1340	1.40e-120	380
PfGN01_070017400|CIDRb|1|1416|1669	QE0461-C.g646	75.781	256	54	4	1	251	1423	1675	4.64e-120	378
PfGN01_070017400|CIDRb|1|1416|1669	PC0059-C.g356	73.047	256	58	5	2	251	1058	1308	1.82e-115	363
PfGN01_070017400|CIDRb|1|1416|1669	PC0059-C.g356	35.294	68	44	0	101	168	254	321	3.59e-08	56.2
PfGN01_070017400|CIDRb|1|1416|1669	PM0136-C.g535	69.084	262	68	6	1	254	1344	1600	4.14e-106	338
PfGN01_070017400|ATS|1|1768|2214	PT0170-C.g672	80.870	460	73	6	1	447	1768	2225	0.0	710
PfGN01_070017400|ATS|1|1768|2214	PV0234-C.g27	74.853	509	65	8	1	447	2445	2952	0.0	664
PfGN01_070017400|ATS|1|1768|2214	PV0028-C.g43	72.138	463	87	7	1	447	1843	2279	0.0	651
PfGN01_070017400|ATS|1|1768|2214	PV0211-C.g136	73.561	469	73	7	2	447	837	1277	0.0	645
PfGN01_070017400|ATS|1|1768|2214	PD0590-C.g13	69.512	492	100	8	1	447	818	1304	0.0	641
PfGN01_070017500|NTS|1|1|64	QG0287-C.g459	91.489	47	4	0	18	64	16	62	3.84e-21	86.7
PfGN01_070017500|NTS|1|1|64	PT0222-C.g454	67.188	64	17	1	5	64	1	64	2.28e-19	81.6
PfGN01_070017500|NTS|1|1|64	QE0483-C.g453	70.000	60	18	0	5	64	1	60	2.79e-19	81.3
PfGN01_070017500|NTS|1|1|64	QE0417-C.g848	70.000	60	18	0	5	64	1	60	2.79e-19	81.3
PfGN01_070017500|NTS|1|1|64	PT0184-C.g4612	73.585	53	14	0	12	64	15	67	3.43e-19	81.3
PfGN01_070017500|DBLa|1|65|490	QG0287-C.g459	80.963	436	68	7	1	426	63	493	0.0	662
PfGN01_070017500|DBLa|1|65|490	QG0287-C.g459	26.148	283	154	8	109	337	1060	1341	2.01e-15	81.3
PfGN01_070017500|DBLa|1|65|490	PC0107-C.g120	71.396	444	103	11	1	426	67	504	0.0	584
PfGN01_070017500|DBLa|1|65|490	PC0107-C.g120	22.703	370	198	11	109	426	1051	1384	8.61e-12	70.1
PfGN01_070017500|DBLa|1|65|490	PV0287-C.g35	67.195	442	122	9	1	426	71	505	0.0	573
PfGN01_070017500|DBLa|1|65|490	PV0287-C.g35	24.701	251	133	6	109	309	1023	1267	1.13e-09	63.2
PfGN01_070017500|DBLa|1|65|490	PA0151-C.g644	66.300	454	116	14	2	426	53	498	0.0	572
PfGN01_070017500|DBLa|1|65|490	PA0151-C.g644	25.223	337	179	12	123	426	1107	1403	9.01e-13	72.8
PfGN01_070017500|DBLa|1|65|490	PT0141-C.g1070	66.447	456	113	12	1	426	60	505	0.0	572
PfGN01_070017500|DBLa|1|65|490	PT0141-C.g1070	24.126	286	151	9	109	336	1085	1362	2.54e-08	58.9
PfGN01_070017500|CIDRa|1|491|783	PA0146-C.g836	91.126	293	22	3	1	293	165	453	3.63e-167	501
PfGN01_070017500|CIDRa|1|491|783	PA0261-C.g347	91.126	293	22	3	1	293	521	809	7.47e-165	502
PfGN01_070017500|CIDRa|1|491|783	SenP051.02.g105	86.986	292	35	2	1	289	545	836	2.02e-154	478
PfGN01_070017500|CIDRa|1|491|783	PA0040-C.g504	75.945	291	47	4	1	289	505	774	4.06e-140	435
PfGN01_070017500|CIDRa|1|491|783	QG0228-C.g3196	75.676	296	68	3	1	293	509	803	1.74e-133	416
PfGN01_070017500|DBLd|1|851|1355	PA0200-C.g420	51.589	535	188	17	1	505	881	1374	6.17e-151	474
PfGN01_070017500|DBLd|1|851|1355	PA0200-C.g420	21.805	266	175	6	177	437	178	415	9.48e-07	54.3
PfGN01_070017500|DBLd|1|851|1355	SenT044.10.g780	48.663	561	215	16	1	505	909	1452	2.40e-148	468
PfGN01_070017500|DBLd|1|851|1355	SenT044.10.g780	28.358	201	105	6	243	443	257	418	8.90e-09	60.8
PfGN01_070017500|DBLd|1|851|1355	PM0132-C.g269	48.381	556	201	18	1	505	73	593	1.06e-146	447
PfGN01_070017500|DBLd|1|851|1355	PA0270-C.g908	52.863	524	202	21	1	505	834	1331	5.69e-146	459
PfGN01_070017500|DBLd|1|851|1355	PA0270-C.g908	22.500	280	155	8	163	434	161	386	4.29e-11	68.2
PfGN01_070017500|DBLd|1|851|1355	PT0170-C.g330	52.823	549	181	23	1	505	1690	2204	3.96e-144	459
PfGN01_070017500|DBLd|1|851|1355	PT0170-C.g330	25.510	392	169	13	50	440	835	1104	1.18e-26	117
PfGN01_070017500|DBLd|1|851|1355	PT0170-C.g330	26.603	421	158	19	24	438	1319	1594	4.30e-22	103
PfGN01_070017500|DBLd|1|851|1355	PT0170-C.g330	25.888	197	126	6	320	505	277	464	3.51e-11	68.6
PfGN01_070017500|CIDRb|1|1356|1609	PM0063-C.g531	71.825	252	57	6	1	246	1352	1595	3.98e-107	341
PfGN01_070017500|CIDRb|1|1356|1609	PM0041-C.g834	69.847	262	68	6	1	253	1332	1591	5.29e-107	341
PfGN01_070017500|CIDRb|1|1356|1609	PM0090-C.g898	64.567	254	75	5	1	247	2580	2825	8.62e-100	321
PfGN01_070017500|CIDRb|1|1356|1609	SenT077.11.g1140	65.251	259	75	8	1	254	667	915	1.62e-99	314
PfGN01_070017500|CIDRb|1|1356|1609	PM0073-C.g1625	65.251	259	75	8	1	254	1406	1654	1.87e-97	314
PfGN01_070017500|ATS|1|1694|2116	PT0170-C.g672	79.130	460	57	7	1	423	1768	2225	0.0	694
PfGN01_070017500|ATS|1|1694|2116	PV0028-C.g43	78.767	438	77	6	1	423	1843	2279	0.0	685
PfGN01_070017500|ATS|1|1694|2116	PC0107-C.g205	78.923	427	82	6	1	423	1012	1434	0.0	667
PfGN01_070017500|ATS|1|1694|2116	PFKE09.g563	79.551	445	66	9	1	423	775	1216	0.0	664
PfGN01_070017500|ATS|1|1694|2116	PV0139-C.g46	80.093	432	75	4	2	423	2379	2809	0.0	660
PfGN01_070017800|NTS|1|1|62	QG0298-C.g568	70.312	64	17	1	1	62	1	64	6.77e-21	85.9
PfGN01_070017800|NTS|1|1|62	QE0401-C.g445	70.492	61	16	1	2	62	1	59	7.72e-20	82.8
PfGN01_070017800|NTS|1|1|62	PT0189-Cx.g647	71.429	63	17	1	1	62	1	63	9.67e-20	82.4
PfGN01_070017800|NTS|1|1|62	PD0572-C.g712	73.214	56	15	0	7	62	9	64	1.07e-19	82.4
PfGN01_070017800|NTS|1|1|62	PF0456-C.g352	67.742	62	20	0	1	62	1	62	1.30e-19	82.0
PfGN01_070017800|DBLa|1|63|499	PF0190-C.g458	69.128	447	125	6	1	437	73	516	0.0	607
PfGN01_070017800|DBLa|1|63|499	PF0190-C.g458	32.353	204	104	7	236	437	1259	1430	1.75e-19	94.0
PfGN01_070017800|DBLa|1|63|499	PA0148-C.g625	67.401	454	113	8	1	437	60	495	0.0	593
PfGN01_070017800|DBLa|1|63|499	PA0148-C.g625	29.843	191	109	7	231	418	1232	1400	4.79e-12	70.9
PfGN01_070017800|DBLa|1|63|499	PA0098-C.g682	68.192	437	114	10	3	437	71	484	0.0	570
PfGN01_070017800|DBLa|1|63|499	PA0098-C.g682	26.149	348	198	13	124	437	1084	1406	1.57e-18	90.9
PfGN01_070017800|DBLa|1|63|499	QG0296-C.g5264	67.562	447	100	12	13	437	86	509	0.0	566
PfGN01_070017800|DBLa|1|63|499	QG0296-C.g5264	25.964	389	223	12	84	437	1065	1423	1.32e-19	94.4
PfGN01_070017800|DBLa|1|63|499	PC0118-C.g590	70.213	423	108	7	17	437	89	495	0.0	566
PfGN01_070017800|DBLa|1|63|499	PC0118-C.g590	27.679	224	125	7	165	356	1218	1436	2.22e-16	84.3
PfGN01_070017800|CIDRa|1|500|803	QG0187-C.g453	71.053	304	79	4	1	296	503	805	1.36e-129	394
PfGN01_070017800|CIDRa|1|500|803	PM0156-C.g458	70.000	300	82	4	1	297	490	784	1.16e-127	401
PfGN01_070017800|CIDRa|1|500|803	PM0156-C.g458	36.765	68	43	0	149	216	1493	1560	1.12e-08	58.5
PfGN01_070017800|CIDRa|1|500|803	QG0186-C.g716	71.053	304	79	4	1	296	503	805	1.16e-124	393
PfGN01_070017800|CIDRa|1|500|803	PA0078-C.g270	70.261	306	83	4	1	304	506	805	4.70e-122	386
PfGN01_070017800|CIDRa|1|500|803	PF0092-C.g599	65.461	304	99	2	1	304	501	798	7.68e-119	377
PfGN01_070017800|DBLd|1|878|1433	PT0262-C.g767	51.581	601	190	14	1	556	852	1396	1.07e-172	535
PfGN01_070017800|DBLd|1|878|1433	PT0262-C.g767	24.731	186	105	2	306	491	249	399	2.50e-13	75.9
PfGN01_070017800|DBLd|1|878|1433	PT0042-C.g444	51.246	562	200	14	1	556	828	1321	5.47e-161	502
PfGN01_070017800|DBLd|1|878|1433	PT0042-C.g444	23.318	446	249	17	158	556	96	495	5.12e-15	81.3
PfGN01_070017800|DBLd|1|878|1433	PA0245-C.g458	51.220	574	209	12	1	556	1770	2290	1.17e-150	481
PfGN01_070017800|DBLd|1|878|1433	PA0245-C.g458	30.909	330	148	8	157	486	1307	1556	5.89e-34	140
PfGN01_070017800|DBLd|1|878|1433	PA0245-C.g458	25.670	261	145	10	306	556	252	473	6.22e-14	77.8
PfGN01_070017800|DBLd|1|878|1433	QE0395-C.g639	48.448	580	213	17	1	556	777	1294	1.30e-148	469
PfGN01_070017800|DBLd|1|878|1433	QE0395-C.g639	28.358	268	141	9	306	556	212	445	6.45e-19	93.6
PfGN01_070017800|DBLd|1|878|1433	PT0095-C.g588	48.653	594	234	19	1	556	834	1394	2.68e-146	463
PfGN01_070017800|DBLd|1|878|1433	PT0095-C.g588	27.957	186	114	5	385	556	303	482	9.14e-15	80.5
PfGN01_070017800|CIDRb|1|1434|1686	PA0245-C.g458	86.719	256	31	3	1	253	2291	2546	4.99e-142	442
PfGN01_070017800|CIDRb|1|1434|1686	PA0245-C.g458	27.746	173	105	6	89	253	566	726	1.45e-09	60.5
PfGN01_070017800|CIDRb|1|1434|1686	PT0262-C.g751	77.647	255	55	1	1	253	1432	1686	1.08e-128	402
PfGN01_070017800|CIDRb|1|1434|1686	PA0085-C.g477	77.647	255	55	1	1	253	1451	1705	1.33e-128	402
PfGN01_070017800|CIDRb|1|1434|1686	PA0085-C.g477	36.842	76	46	2	92	165	621	696	1.28e-07	54.7
PfGN01_070017800|CIDRb|1|1434|1686	PT0262-C.g767	76.834	259	53	5	1	253	1397	1654	1.62e-121	382
PfGN01_070017800|CIDRb|1|1434|1686	PT0042-C.g444	76.587	252	53	5	1	247	1322	1572	1.36e-118	373
PfGN01_070017800|ATS|1|1815|2272	PV0028-C.g24	74.645	493	82	5	1	458	1827	2311	0.0	710
PfGN01_070017800|ATS|1|1815|2272	PV0118-C.g21	72.255	501	87	6	1	458	2115	2606	0.0	691
PfGN01_070017800|ATS|1|1815|2272	PFKE12.g18	75.431	464	105	7	1	458	1747	2207	0.0	682
PfGN01_070017800|ATS|1|1815|2272	PD0497-C.g400	74.786	468	97	9	2	458	2488	2945	0.0	661
PfGN01_070017800|ATS|1|1815|2272	QE0444-C.g638	72.764	492	97	10	1	458	1311	1799	0.0	658
PfGN01_070017900|NTS|1|1|62	QG0186-C.g883	100.000	62	0	0	1	62	1	62	1.95e-37	132
PfGN01_070017900|NTS|1|1|62	PT0035-C.g514	100.000	62	0	0	1	62	1	62	1.95e-37	132
PfGN01_070017900|NTS|1|1|62	PD0543-C.g718	100.000	62	0	0	1	62	1	62	1.95e-37	132
PfGN01_070017900|NTS|1|1|62	PD0524-C.g776	100.000	62	0	0	1	62	1	62	1.95e-37	132
PfGN01_070017900|NTS|1|1|62	PH0549-C.g840	100.000	62	0	0	1	62	1	62	1.95e-37	132
PfGN01_070017900|DBLa|1|68|491	PD0548-C.g1	99.529	425	1	1	1	424	68	492	0.0	879
PfGN01_070017900|DBLa|1|68|491	PH0510-C.g88	99.529	425	1	1	1	424	68	492	0.0	878
PfGN01_070017900|DBLa|1|68|491	PD0460-C.g1318	99.529	425	1	1	1	424	68	492	0.0	878
PfGN01_070017900|DBLa|1|68|491	PD0460-C.g1318	26.389	288	142	11	179	424	1093	1352	5.01e-12	70.5
PfGN01_070017900|DBLa|1|68|491	QE0461-C.g618	99.529	425	1	1	1	424	68	492	0.0	878
PfGN01_070017900|DBLa|1|68|491	QE0461-C.g618	23.810	294	148	9	179	424	1155	1420	4.69e-15	80.1
PfGN01_070017900|DBLa|1|68|491	PM0144-C.g1066	99.529	425	1	1	1	424	68	492	0.0	878
PfGN01_070017900|DBLa|1|68|491	PM0144-C.g1066	24.340	341	180	11	129	424	1094	1401	7.55e-18	88.6
PfGN01_070017900|CIDRa|1|492|801	PF0393-CW.g356	100.000	310	0	0	1	310	493	802	0.0	645
PfGN01_070017900|CIDRa|1|492|801	QE0459-C.g665	100.000	310	0	0	1	310	493	802	0.0	640
PfGN01_070017900|CIDRa|1|492|801	PA0262-C.g533	100.000	310	0	0	1	310	466	775	0.0	640
PfGN01_070017900|CIDRa|1|492|801	PD0460-C.g1318	100.000	310	0	0	1	310	493	802	0.0	640
PfGN01_070017900|CIDRa|1|492|801	PC0063-C.g7222	100.000	310	0	0	1	310	493	802	0.0	640
PfGN01_070017900|DBLd|1|869|1386	SenT052.11.g493	83.057	543	54	4	4	518	455	987	0.0	906
PfGN01_070017900|DBLd|1|869|1386	SenT185.10.g1954	83.057	543	54	4	4	518	500	1032	0.0	905
PfGN01_070017900|DBLd|1|869|1386	SenT022.11.g436	83.057	543	54	4	4	518	894	1426	0.0	905
PfGN01_070017900|DBLd|1|869|1386	SenT022.11.g436	27.897	233	123	9	326	518	294	521	1.13e-10	67.0
PfGN01_070017900|DBLd|1|869|1386	PT0095-C.g579	85.135	518	65	3	4	518	883	1391	0.0	904
PfGN01_070017900|DBLd|1|869|1386	PT0095-C.g579	28.319	226	124	7	326	518	294	514	2.40e-12	72.4
PfGN01_070017900|DBLd|1|869|1386	PF0513-C.g6489	62.025	553	152	13	1	518	203	732	0.0	645
PfGN01_070017900|CIDRb|1|1387|1648	SenT052.11.g493	100.000	262	0	0	1	262	988	1249	0.0	538
PfGN01_070017900|CIDRb|1|1387|1648	PT0095-C.g579	100.000	262	0	0	1	262	1392	1653	4.57e-178	536
PfGN01_070017900|CIDRb|1|1387|1648	SenT022.11.g436	100.000	249	0	0	1	249	1427	1675	1.63e-168	509
PfGN01_070017900|CIDRb|1|1387|1648	SenT185.10.g1954	100.000	216	0	0	1	216	1033	1248	1.15e-147	446
PfGN01_070017900|CIDRb|1|1387|1648	QE0419-C.g703	93.130	262	18	0	1	262	1401	1662	3.98e-145	447
PfGN01_070017900|ATS|1|1759|2223	PM0142-C.g950	70.544	533	80	10	1	465	980	1503	0.0	717
PfGN01_070017900|ATS|1|1759|2223	PV0028-C.g31	77.825	469	87	8	1	465	1737	2192	0.0	711
PfGN01_070017900|ATS|1|1759|2223	PD0549-C.g516	76.017	467	91	7	1	465	2187	2634	0.0	676
PfGN01_070017900|ATS|1|1759|2223	PD0511-C.g583	76.017	467	91	7	1	465	2187	2634	0.0	676
PfGN01_070017900|ATS|1|1759|2223	PT0264-C.g599	74.043	470	84	8	1	465	3166	3602	0.0	663
PfGN01_070037200|NTS|1|1|64	PT0034-C.g836	88.000	50	6	0	15	64	17	66	3.94e-24	95.1
PfGN01_070037200|NTS|1|1|64	PA0197-C.g509	78.947	57	11	1	9	64	6	62	4.95e-23	92.0
PfGN01_070037200|NTS|1|1|64	PF0524-C.g704	71.875	64	16	1	1	64	1	62	3.86e-22	89.4
PfGN01_070037200|NTS|1|1|64	SenT011.09.g722	74.545	55	14	0	10	64	6	60	6.50e-22	89.0
PfGN01_070037200|NTS|1|1|64	QE0471-C.g931	67.742	62	17	1	6	64	2	63	1.80e-21	87.4
PfGN01_070037200|DBLa|1|65|548	PT0156-C.g970	67.140	493	133	9	1	484	66	538	0.0	601
PfGN01_070037200|DBLa|1|65|548	PT0156-C.g970	28.090	267	161	12	131	380	1136	1388	9.33e-15	79.7
PfGN01_070037200|DBLa|1|65|548	PC0061-C.g987	65.779	488	132	9	1	484	62	518	0.0	598
PfGN01_070037200|DBLa|1|65|548	PC0061-C.g987	24.262	305	186	9	94	371	1068	1354	1.07e-11	70.1
PfGN01_070037200|DBLa|1|65|548	PT0034-C.g836	64.898	490	134	12	1	484	67	524	0.0	588
PfGN01_070037200|DBLa|1|65|548	PT0034-C.g836	24.742	291	172	9	101	364	1070	1340	4.19e-13	74.7
PfGN01_070037200|DBLa|1|65|548	PT0256-C.g662	63.115	488	142	12	1	484	61	514	0.0	584
PfGN01_070037200|DBLa|1|65|548	PT0256-C.g662	24.286	280	176	9	108	365	1086	1351	1.89e-15	82.0
PfGN01_070037200|DBLa|1|65|548	PT0256-C.g35	63.115	488	142	12	1	484	61	514	0.0	583
PfGN01_070037200|CIDRa|1|549|866	PA0209-C.g456	65.123	324	92	6	1	318	352	660	1.82e-133	407
PfGN01_070037200|CIDRa|1|549|866	SenT114.09.g1422	65.123	324	92	6	1	318	296	604	3.47e-132	405
PfGN01_070037200|CIDRa|1|549|866	PA0029-C.g459	60.127	316	106	7	1	310	506	807	5.88e-110	344
PfGN01_070037200|CIDRa|1|549|866	PF0789-C.g625	58.176	318	111	6	1	311	542	844	1.19e-109	352
PfGN01_070037200|CIDRa|1|549|866	PA0021-C.g573	59.177	316	109	7	1	310	506	807	7.92e-107	343
PfGN01_070037200|DBLd|1|948|1487	PD0640-C.g332	47.314	577	210	18	1	540	197	716	9.33e-149	456
PfGN01_070037200|DBLd|1|948|1487	PD0561-C.g696	47.578	578	207	19	1	540	828	1347	1.16e-143	455
PfGN01_070037200|DBLd|1|948|1487	PD0561-C.g696	33.152	184	98	8	380	540	310	491	4.19e-16	84.3
PfGN01_070037200|DBLd|1|948|1487	PM0073-C.g471	47.723	593	208	26	1	540	440	983	6.42e-142	444
PfGN01_070037200|DBLd|1|948|1487	PF0417-C.g173	48.342	573	206	22	1	540	900	1415	6.51e-140	448
PfGN01_070037200|DBLd|1|948|1487	PF0417-C.g173	29.534	193	102	7	380	540	294	484	3.70e-11	68.6
PfGN01_070037200|DBLd|1|948|1487	PA0188-C.g648	47.695	564	217	17	1	540	839	1348	1.24e-139	444
PfGN01_070037200|DBLd|1|948|1487	PA0188-C.g648	32.203	177	100	7	384	540	315	491	7.67e-18	90.1
PfGN01_070037200|CIDRb|1|1488|1750	PA0102-C.g483	70.312	256	58	5	1	251	1325	1567	6.87e-102	327
PfGN01_070037200|CIDRb|1|1488|1750	PA0084-C.g341	64.103	273	75	9	1	263	2255	2514	2.12e-95	308
PfGN01_070037200|CIDRb|1|1488|1750	PA0262-C.g690	62.692	260	78	5	1	254	1694	1940	1.17e-91	298
PfGN01_070037200|CIDRb|1|1488|1750	PA0262-C.g690	37.500	72	39	1	110	175	619	690	1.72e-07	54.3
PfGN01_070037200|CIDRb|1|1488|1750	PF0368-C.g495	61.686	261	87	3	3	263	1311	1558	2.28e-90	294
PfGN01_070037200|CIDRb|1|1488|1750	PF0489-C.g2	57.303	267	106	5	1	263	1052	1314	4.34e-88	287
PfGN01_070037200|ATS|1|1851|2306	PD0483-C.g348	89.348	460	43	4	1	456	2589	3046	0.0	786
PfGN01_070037200|ATS|1|1851|2306	PD0474-C.g567	80.994	463	77	8	1	456	2375	2833	0.0	731
PfGN01_070037200|ATS|1|1851|2306	PT0095-C.g144	83.710	442	54	9	1	428	2284	2721	0.0	727
PfGN01_070037200|ATS|1|1851|2306	PV0147-C.g56	82.251	462	58	6	1	456	1700	2143	0.0	721
PfGN01_070037200|ATS|1|1851|2306	PA0270-C.g443	80.217	460	82	7	1	456	2185	2639	0.0	717
PfGN01_080005400|NTS|1|1|79	SenV092.05.g365	80.645	62	12	0	18	79	4	65	7.15e-29	109
PfGN01_080005400|NTS|1|1|79	PA0134-C.g52	80.645	62	12	0	18	79	4	65	8.52e-29	109
PfGN01_080005400|NTS|1|1|79	PA0044-C.g156	76.812	69	14	1	11	79	5	71	6.26e-28	106
PfGN01_080005400|NTS|1|1|79	PM0020-C.g1180	61.039	77	25	1	2	78	5	76	2.28e-21	88.2
PfGN01_080005400|NTS|1|1|79	SenT013.11.g666	66.154	65	22	0	14	78	73	137	3.43e-21	87.4
PfGN01_080005400|DBLa|1|80|505	SenV092.05.g365	78.899	436	78	4	1	426	66	497	0.0	686
PfGN01_080005400|DBLa|1|80|505	SenV092.05.g365	25.091	275	163	6	101	338	1011	1279	6.01e-18	89.0
PfGN01_080005400|DBLa|1|80|505	PA0134-C.g52	77.064	436	65	5	1	426	66	476	0.0	672
PfGN01_080005400|DBLa|1|80|505	PF0400-C.g396	68.820	449	108	8	1	426	73	512	0.0	589
PfGN01_080005400|DBLa|1|80|505	PF0400-C.g396	36.111	108	61	4	222	326	1172	1274	2.10e-12	71.6
PfGN01_080005400|DBLa|1|80|505	PM0153-C.g697	74.533	428	100	6	1	426	68	488	0.0	586
PfGN01_080005400|DBLa|1|80|505	PM0153-C.g697	23.077	260	148	8	108	322	1036	1288	8.03e-12	70.1
PfGN01_080005400|DBLa|1|80|505	PF0789-C.g201	69.231	442	118	5	1	426	60	499	0.0	585
PfGN01_080005400|DBLa|1|80|505	PF0789-C.g201	26.573	286	153	8	42	326	1232	1461	2.72e-18	90.1
PfGN01_080005400|DBLa|1|80|505	PF0789-C.g201	26.736	288	156	10	57	329	870	1117	6.19e-11	67.0
PfGN01_080005400|CIDRa|1|506|758	PM0153-C.g697	93.676	253	16	0	1	253	489	741	7.65e-161	489
PfGN01_080005400|CIDRa|1|506|758	PA0254-C.g924	87.008	254	32	1	1	253	494	747	3.02e-149	457
PfGN01_080005400|CIDRa|1|506|758	PF0058-C.g554	77.600	250	53	1	1	250	476	722	6.62e-127	397
PfGN01_080005400|CIDRa|1|506|758	PA0197-C.g845	76.378	254	56	2	1	251	454	706	8.20e-126	392
PfGN01_080005400|CIDRa|1|506|758	QE0453-C.g1007	76.078	255	57	2	1	251	499	753	1.34e-125	393
PfGN01_080005400|DBLd|1|845|1365	PFKE11.g12	55.461	586	172	19	1	521	1131	1692	0.0	563
PfGN01_080005400|DBLd|1|845|1365	PF0011-C.g208	54.374	583	176	19	1	521	905	1459	1.15e-169	526
PfGN01_080005400|DBLd|1|845|1365	PF0011-C.g208	31.250	112	74	1	338	449	301	409	4.72e-10	65.1
PfGN01_080005400|DBLd|1|845|1365	PT0048-C.g396	54.770	566	157	17	1	521	844	1355	5.32e-164	509
PfGN01_080005400|DBLd|1|845|1365	PT0048-C.g396	32.086	187	111	7	346	521	293	474	3.74e-13	75.1
PfGN01_080005400|DBLd|1|845|1365	PA0089-C.g357	49.479	576	176	15	1	521	878	1393	8.45e-150	471
PfGN01_080005400|DBLd|1|845|1365	PA0089-C.g357	31.068	206	118	6	337	521	310	512	1.02e-14	80.1
PfGN01_080005400|DBLd|1|845|1365	PM0153-C.g562	49.821	558	186	17	1	521	905	1405	6.54e-148	467
PfGN01_080005400|DBLd|1|845|1365	PM0153-C.g562	22.067	358	199	11	196	521	208	517	7.15e-08	58.2
PfGN01_080005400|CIDRb|1|1366|1619	PA0089-C.g357	93.089	246	15	1	1	246	1394	1637	2.97e-141	436
PfGN01_080005400|CIDRb|1|1366|1619	PV0094-C.g60	85.200	250	35	1	1	250	1387	1634	3.91e-139	430
PfGN01_080005400|CIDRb|1|1366|1619	PV0134-C.g46	85.200	250	35	1	1	250	1387	1634	5.99e-139	430
PfGN01_080005400|CIDRb|1|1366|1619	PH0643-C.g913	85.200	250	35	1	1	250	1372	1619	2.24e-138	428
PfGN01_080005400|CIDRb|1|1366|1619	PH0815-C.g182	85.200	250	35	1	1	250	1372	1619	5.57e-137	427
PfGN01_080005400|ATS|1|1730|2208	PV0211-C.g126	81.423	506	66	5	1	479	841	1345	0.0	785
PfGN01_080005400|ATS|1|1730|2208	PV0117-C.g34	84.977	426	56	3	1	425	1725	2143	0.0	728
PfGN01_080005400|ATS|1|1730|2208	PA0270-C.g443	77.547	481	80	5	1	479	2185	2639	0.0	724
PfGN01_080005400|ATS|1|1730|2208	PFKE09.g563	78.794	481	61	7	1	479	775	1216	0.0	711
PfGN01_080005400|ATS|1|1730|2208	PA0245-C.g998	75.413	484	88	5	1	479	1706	2163	0.0	707
PfGN01_080005700|NTS|1|1|59	PFKE08.g356	79.661	59	12	0	1	59	1	59	2.57e-25	98.2
PfGN01_080005700|NTS|1|1|59	PT0230-Cx.g330	79.245	53	11	0	7	59	7	59	5.36e-22	89.0
PfGN01_080005700|NTS|1|1|59	SenT097.11.g313	70.690	58	17	0	2	59	4	61	1.45e-21	87.4
PfGN01_080005700|NTS|1|1|59	QG0186-C.g785	78.846	52	11	0	7	58	5	56	3.03e-21	86.7
PfGN01_080005700|NTS|1|1|59	QG0236-C.g2319	72.131	61	15	1	1	59	1	61	4.13e-20	83.6
PfGN01_080005700|DBLa|1|60|466	PFKE08.g356	87.715	407	49	1	1	407	60	465	0.0	748
PfGN01_080005700|DBLa|1|60|466	PFKE08.g356	31.481	324	186	10	51	367	2436	2730	3.40e-37	146
PfGN01_080005700|DBLa|1|60|466	PFKE08.g356	29.052	327	166	10	53	359	852	1132	2.24e-26	114
PfGN01_080005700|DBLa|1|60|466	PFKE08.g356	28.479	309	166	9	114	407	1371	1639	1.21e-16	84.7
PfGN01_080005700|DBLa|1|60|466	PFKE08.g356	26.936	297	149	8	36	332	2804	3032	1.25e-14	78.6
PfGN01_080005700|DBLa|1|60|466	PFKE08.g356	24.116	311	151	8	49	328	1989	2245	2.31e-10	65.1
PfGN01_080005700|DBLa|1|60|466	PM0145-C.g541	87.775	409	45	3	1	407	69	474	0.0	741
PfGN01_080005700|DBLa|1|60|466	PM0145-C.g541	36.404	228	112	7	48	263	847	1053	5.33e-34	137
PfGN01_080005700|DBLa|1|60|466	PM0090-C.g609	85.854	410	54	3	1	407	68	476	0.0	729
PfGN01_080005700|DBLa|1|60|466	PM0090-C.g609	32.746	284	137	9	53	326	854	1093	5.85e-27	116
PfGN01_080005700|DBLa|1|60|466	PM0090-C.g609	25.215	349	199	9	71	407	1716	2014	6.37e-24	107
PfGN01_080005700|DBLa|1|60|466	PM0090-C.g609	26.936	297	141	12	40	332	3023	3247	1.25e-14	78.6
PfGN01_080005700|DBLa|1|60|466	PM0090-C.g609	24.555	281	141	8	53	329	2707	2920	6.10e-13	73.6
PfGN01_080005700|DBLa|1|60|466	PM0077-C.g2740	85.086	409	56	3	1	407	59	464	0.0	721
PfGN01_080005700|DBLa|1|60|466	PM0077-C.g2740	31.864	295	140	12	39	313	831	1084	1.75e-29	123
PfGN01_080005700|DBLa|1|60|466	PM0077-C.g2740	31.250	304	158	13	114	407	1747	2009	1.77e-20	96.7
PfGN01_080005700|DBLa|1|60|466	PM0077-C.g2740	24.282	383	217	13	3	366	1226	1554	4.67e-11	67.4
PfGN01_080005700|DBLa|1|60|466	PC0059-C.g48	85.086	409	56	3	1	407	38	443	0.0	721
PfGN01_080005700|DBLa|1|60|466	PC0059-C.g48	32.203	295	139	12	39	313	810	1063	4.64e-30	125
PfGN01_080005700|DBLa|1|60|466	PC0059-C.g48	25.065	383	214	15	3	366	1205	1533	3.40e-11	67.8
PfGN01_080005700|DBLa|1|60|466	PC0059-C.g48	27.393	303	140	13	114	407	1726	1957	1.13e-09	63.2
PfGN01_080005700|CIDRa|1|467|717	PV0301-C.g62	92.245	245	18	1	1	245	469	712	1.20e-151	468
PfGN01_080005700|CIDRa|1|467|717	PV0129-C.g27	92.245	245	18	1	1	245	469	712	1.20e-151	468
PfGN01_080005700|CIDRa|1|467|717	QE0464-C.g458	92.245	245	18	1	1	245	471	714	1.53e-151	469
PfGN01_080005700|CIDRa|1|467|717	QE0464-C.g458	25.225	222	147	6	35	251	2190	2397	7.24e-07	52.4
PfGN01_080005700|CIDRa|1|467|717	PA0039-C.g49	86.992	246	31	1	1	246	293	537	2.73e-148	448
PfGN01_080005700|CIDRa|1|467|717	PM0114-C.g478	86.531	245	32	1	1	245	468	711	7.50e-142	440
PfGN01_080005700|DBLb|1|733|1195	QE0419-C.g481	75.934	482	89	7	1	463	740	1213	0.0	721
PfGN01_080005700|DBLb|1|733|1195	QE0419-C.g481	34.276	283	118	12	111	345	112	374	1.42e-28	122
PfGN01_080005700|DBLb|1|733|1195	QE0474-C.g408	75.934	482	89	7	1	463	743	1216	0.0	719
PfGN01_080005700|DBLb|1|733|1195	QE0474-C.g408	33.916	286	118	12	111	345	112	377	1.56e-28	122
PfGN01_080005700|DBLb|1|733|1195	QE0465-C.g339	75.934	482	89	7	1	463	704	1177	0.0	718
PfGN01_080005700|DBLb|1|733|1195	QE0465-C.g339	35.146	239	98	11	111	316	112	326	6.03e-25	111
PfGN01_080005700|DBLb|1|733|1195	PH0148-CW.g64	75.726	482	90	7	1	463	740	1213	0.0	717
PfGN01_080005700|DBLb|1|733|1195	PH0148-CW.g64	34.276	283	118	12	111	345	112	374	1.71e-28	122
PfGN01_080005700|DBLb|1|733|1195	PA0018-C.g1	73.786	412	91	5	1	401	778	1183	0.0	609
PfGN01_080005700|DBLb|1|733|1195	PA0018-C.g1	29.870	385	203	13	4	340	6	371	3.98e-29	123
PfGN01_080005700|DBLg|1|1224|1618	PA0207-C.g348	72.099	405	98	6	1	395	1242	1641	0.0	570
PfGN01_080005700|DBLg|1|1224|1618	PA0207-C.g348	39.554	359	170	9	1	353	868	1185	1.59e-65	228
PfGN01_080005700|DBLg|1|1224|1618	PA0207-C.g348	23.448	290	161	9	51	322	496	742	1.16e-10	66.2
PfGN01_080005700|DBLg|1|1224|1618	PA0207-C.g348	35.185	108	64	3	294	395	9	116	2.02e-07	55.8
PfGN01_080005700|DBLg|1|1224|1618	PF0359-C.g558	72.099	405	98	6	1	395	916	1315	0.0	569
PfGN01_080005700|DBLg|1|1224|1618	PF0359-C.g558	39.503	362	166	10	1	353	542	859	8.68e-66	229
PfGN01_080005700|DBLg|1|1224|1618	PF0359-C.g558	23.448	290	161	9	51	322	170	416	5.29e-11	67.0
PfGN01_080005700|DBLg|1|1224|1618	PF0365-C.g948	72.099	405	98	6	1	395	737	1136	0.0	568
PfGN01_080005700|DBLg|1|1224|1618	PF0365-C.g948	39.554	359	170	9	1	353	363	680	1.34e-65	228
PfGN01_080005700|DBLg|1|1224|1618	PF0365-C.g948	26.214	206	106	7	135	322	60	237	4.94e-10	63.9
PfGN01_080005700|DBLg|1|1224|1618	PD0638-C.g649	69.925	399	114	5	1	395	907	1303	0.0	553
PfGN01_080005700|DBLg|1|1224|1618	PD0638-C.g649	34.153	366	174	13	1	350	520	834	3.63e-51	186
PfGN01_080005700|DBLg|1|1224|1618	PD0638-C.g649	24.779	339	171	14	51	358	152	437	2.99e-13	73.9
PfGN01_080005700|DBLg|1|1224|1618	PT0170-C.g406	67.157	408	119	4	1	395	1564	1969	2.24e-169	524
PfGN01_080005700|DBLg|1|1224|1618	PT0170-C.g406	34.242	330	163	10	1	327	1189	1467	6.64e-49	180
PfGN01_080005700|DBLg|1|1224|1618	PT0170-C.g406	29.841	315	173	8	128	395	164	477	1.78e-28	120
PfGN01_080005700|DBLg|1|1224|1618	PT0170-C.g406	23.346	257	121	7	51	278	838	1047	5.56e-09	60.8
PfGN01_080005700|DBLd|1|1224|1618	PA0207-C.g348	72.099	405	98	6	1	395	1242	1641	0.0	570
PfGN01_080005700|DBLd|1|1224|1618	PA0207-C.g348	39.554	359	170	9	1	353	868	1185	1.59e-65	228
PfGN01_080005700|DBLd|1|1224|1618	PA0207-C.g348	23.448	290	161	9	51	322	496	742	1.16e-10	66.2
PfGN01_080005700|DBLd|1|1224|1618	PA0207-C.g348	35.185	108	64	3	294	395	9	116	2.02e-07	55.8
PfGN01_080005700|DBLd|1|1224|1618	PF0359-C.g558	72.099	405	98	6	1	395	916	1315	0.0	569
PfGN01_080005700|DBLd|1|1224|1618	PF0359-C.g558	39.503	362	166	10	1	353	542	859	8.68e-66	229
PfGN01_080005700|DBLd|1|1224|1618	PF0359-C.g558	23.448	290	161	9	51	322	170	416	5.29e-11	67.0
PfGN01_080005700|DBLd|1|1224|1618	PF0365-C.g948	72.099	405	98	6	1	395	737	1136	0.0	568
PfGN01_080005700|DBLd|1|1224|1618	PF0365-C.g948	39.554	359	170	9	1	353	363	680	1.34e-65	228
PfGN01_080005700|DBLd|1|1224|1618	PF0365-C.g948	26.214	206	106	7	135	322	60	237	4.94e-10	63.9
PfGN01_080005700|DBLd|1|1224|1618	PD0638-C.g649	69.925	399	114	5	1	395	907	1303	0.0	553
PfGN01_080005700|DBLd|1|1224|1618	PD0638-C.g649	34.153	366	174	13	1	350	520	834	3.63e-51	186
PfGN01_080005700|DBLd|1|1224|1618	PD0638-C.g649	24.779	339	171	14	51	358	152	437	2.99e-13	73.9
PfGN01_080005700|DBLd|1|1224|1618	PT0170-C.g406	67.157	408	119	4	1	395	1564	1969	2.24e-169	524
PfGN01_080005700|DBLd|1|1224|1618	PT0170-C.g406	34.242	330	163	10	1	327	1189	1467	6.64e-49	180
PfGN01_080005700|DBLd|1|1224|1618	PT0170-C.g406	29.841	315	173	8	128	395	164	477	1.78e-28	120
PfGN01_080005700|DBLd|1|1224|1618	PT0170-C.g406	23.346	257	121	7	51	278	838	1047	5.56e-09	60.8
PfGN01_080005700|ATS|1|1984|2445	PD0590-C.g13	76.939	490	82	8	1	462	818	1304	0.0	713
PfGN01_080005700|ATS|1|1984|2445	PT0034-C.g724	78.854	506	63	8	1	462	2851	3356	0.0	710
PfGN01_080005700|ATS|1|1984|2445	PA0245-C.g391	76.956	473	61	6	1	462	2512	2947	0.0	692
PfGN01_080005700|ATS|1|1984|2445	PV0028-C.g50	75.720	486	64	5	1	462	2600	3055	0.0	689
PfGN01_080005700|ATS|1|1984|2445	PV0239-C.g10	73.904	502	87	9	1	462	3361	3858	0.0	687
PfGN01_080014400|NTS|1|1|67	PA0211-C.g799	100.000	67	0	0	1	67	1	67	1.48e-38	136
PfGN01_080014400|NTS|1|1|67	SenT170.08.g500	100.000	67	0	0	1	67	1	67	1.48e-38	136
PfGN01_080014400|NTS|1|1|67	SenT044.10.g817	100.000	67	0	0	1	67	1	67	1.48e-38	136
PfGN01_080014400|NTS|1|1|67	SenT001.11.g933	100.000	67	0	0	1	67	1	67	1.48e-38	136
PfGN01_080014400|NTS|1|1|67	PA0039-C.g536	100.000	67	0	0	1	67	1	67	1.48e-38	136
PfGN01_080014400|DBLa|1|68|518	PA0211-C.g799	100.000	451	0	0	1	451	68	518	0.0	933
PfGN01_080014400|DBLa|1|68|518	PA0211-C.g799	30.392	102	69	1	240	339	1209	1310	6.77e-10	63.9
PfGN01_080014400|DBLa|1|68|518	SenT170.08.g500	100.000	451	0	0	1	451	68	518	0.0	933
PfGN01_080014400|DBLa|1|68|518	SenT170.08.g500	30.392	102	69	1	240	339	1209	1310	6.77e-10	63.9
PfGN01_080014400|DBLa|1|68|518	SenT044.10.g817	100.000	451	0	0	1	451	68	518	0.0	933
PfGN01_080014400|DBLa|1|68|518	SenT044.10.g817	30.392	102	69	1	240	339	1209	1310	6.77e-10	63.9
PfGN01_080014400|DBLa|1|68|518	SenT001.11.g933	100.000	451	0	0	1	451	68	518	0.0	933
PfGN01_080014400|DBLa|1|68|518	SenT001.11.g933	30.392	102	69	1	240	339	1209	1310	6.77e-10	63.9
PfGN01_080014400|DBLa|1|68|518	PA0039-C.g536	100.000	451	0	0	1	451	68	518	0.0	933
PfGN01_080014400|DBLa|1|68|518	PA0039-C.g536	30.392	102	69	1	240	339	1209	1310	6.77e-10	63.9
PfGN01_080014400|CIDRa|1|519|805	PA0211-C.g799	100.000	287	0	0	1	287	519	805	0.0	598
PfGN01_080014400|CIDRa|1|519|805	SenT170.08.g500	100.000	287	0	0	1	287	519	805	0.0	598
PfGN01_080014400|CIDRa|1|519|805	SenT044.10.g817	100.000	287	0	0	1	287	519	805	0.0	598
PfGN01_080014400|CIDRa|1|519|805	SenT001.11.g933	100.000	287	0	0	1	287	519	805	0.0	598
PfGN01_080014400|CIDRa|1|519|805	PA0039-C.g536	100.000	287	0	0	1	287	519	805	0.0	598
PfGN01_080014400|DBLd|1|882|1393	PA0211-C.g799	95.117	512	14	2	1	512	882	1382	0.0	998
PfGN01_080014400|DBLd|1|882|1393	PA0211-C.g799	31.373	102	68	1	339	440	307	406	2.68e-10	65.9
PfGN01_080014400|DBLd|1|882|1393	SenT170.08.g500	95.117	512	14	2	1	512	882	1382	0.0	998
PfGN01_080014400|DBLd|1|882|1393	SenT170.08.g500	31.373	102	68	1	339	440	307	406	2.68e-10	65.9
PfGN01_080014400|DBLd|1|882|1393	SenT044.10.g817	95.117	512	14	2	1	512	882	1382	0.0	998
PfGN01_080014400|DBLd|1|882|1393	SenT044.10.g817	31.373	102	68	1	339	440	307	406	2.68e-10	65.9
PfGN01_080014400|DBLd|1|882|1393	SenT001.11.g933	95.117	512	14	2	1	512	882	1382	0.0	998
PfGN01_080014400|DBLd|1|882|1393	SenT001.11.g933	31.373	102	68	1	339	440	307	406	2.68e-10	65.9
PfGN01_080014400|DBLd|1|882|1393	PA0039-C.g536	95.117	512	14	2	1	512	882	1382	0.0	998
PfGN01_080014400|DBLd|1|882|1393	PA0039-C.g536	31.373	102	68	1	339	440	307	406	2.68e-10	65.9
PfGN01_080014400|CIDRb|1|1394|1650	PA0021-C.g90	100.000	257	0	0	1	257	665	921	0.0	537
PfGN01_080014400|CIDRb|1|1394|1650	PA0027-C.g567	100.000	257	0	0	1	257	1381	1637	5.42e-177	533
PfGN01_080014400|CIDRb|1|1394|1650	PA0211-C.g799	100.000	257	0	0	1	257	1383	1639	9.89e-177	532
PfGN01_080014400|CIDRb|1|1394|1650	SenT170.08.g500	100.000	257	0	0	1	257	1383	1639	9.89e-177	532
PfGN01_080014400|CIDRb|1|1394|1650	SenT044.10.g817	100.000	257	0	0	1	257	1383	1639	9.89e-177	532
PfGN01_080014400|ATS|1|1765|2207	PF0489-C.g691	89.165	443	45	3	1	443	1767	2206	0.0	804
PfGN01_080014400|ATS|1|1765|2207	PV0028-C.g27	82.680	485	40	3	1	443	2441	2923	0.0	781
PfGN01_080014400|ATS|1|1765|2207	PV0099-C.g16	88.544	419	37	4	1	419	1721	2128	0.0	743
PfGN01_080014400|ATS|1|1765|2207	PV0099-C.g36	78.431	459	63	3	1	443	1763	2201	0.0	714
PfGN01_080014400|ATS|1|1765|2207	PV0028-C.g43	80.631	444	71	6	1	441	1843	2274	0.0	709
PfGN01_080014600|NTS|1|1|59	PA0211-C.g1007	100.000	59	0	0	1	59	1	59	5.03e-34	123
PfGN01_080014600|NTS|1|1|59	PA0039-C.g1	100.000	59	0	0	1	59	1	59	5.03e-34	123
PfGN01_080014600|NTS|1|1|59	PM0015-C.g37	100.000	59	0	0	1	59	1	59	5.08e-34	123
PfGN01_080014600|NTS|1|1|59	PM0037-C.g1185	84.746	59	9	0	1	59	1	59	2.14e-28	107
PfGN01_080014600|NTS|1|1|59	PF0590-C.g307	84.746	59	9	0	1	59	1	59	2.78e-28	106
PfGN01_080014600|DBLa|1|60|463	PA0211-C.g1007	100.000	404	0	0	1	404	60	463	0.0	845
PfGN01_080014600|DBLa|1|60|463	PA0211-C.g1007	29.197	411	223	14	8	399	804	1165	1.35e-33	135
PfGN01_080014600|DBLa|1|60|463	PM0015-C.g37	100.000	404	0	0	1	404	60	463	0.0	845
PfGN01_080014600|DBLa|1|60|463	PM0015-C.g37	29.197	411	223	14	8	399	804	1165	1.35e-33	135
PfGN01_080014600|DBLa|1|60|463	PA0039-C.g1	100.000	404	0	0	1	404	60	463	0.0	845
PfGN01_080014600|DBLa|1|60|463	PA0039-C.g1	29.197	411	223	14	8	399	804	1165	1.35e-33	135
PfGN01_080014600|DBLa|1|60|463	SenT235.08.g609	100.000	373	0	0	32	404	1	373	0.0	778
PfGN01_080014600|DBLa|1|60|463	SenT235.08.g609	29.197	411	223	14	8	399	714	1075	1.45e-33	135
PfGN01_080014600|DBLa|1|60|463	QG0290-C.g1378	91.584	404	34	0	1	404	57	460	0.0	742
PfGN01_080014600|DBLa|1|60|463	QG0290-C.g1378	29.310	406	215	13	6	391	802	1155	4.53e-33	134
PfGN01_080014600|CIDRa|1|464|713	SenT235.08.g609	100.000	250	0	0	1	250	374	623	8.34e-175	516
PfGN01_080014600|CIDRa|1|464|713	PA0211-C.g1007	100.000	250	0	0	1	250	464	713	3.47e-174	516
PfGN01_080014600|CIDRa|1|464|713	PA0039-C.g1	100.000	250	0	0	1	250	464	713	3.47e-174	516
PfGN01_080014600|CIDRa|1|464|713	PM0015-C.g37	100.000	250	0	0	1	250	464	713	5.31e-174	516
PfGN01_080014600|CIDRa|1|464|713	PV0205-C.g10	88.000	250	30	0	1	250	496	745	1.59e-151	456
PfGN01_080014600|DBLb|1|736|1215	PA0211-C.g1007	100.000	480	0	0	1	480	736	1215	0.0	1000
PfGN01_080014600|DBLb|1|736|1215	PA0211-C.g1007	29.775	356	200	14	6	335	9	340	3.41e-33	136
PfGN01_080014600|DBLb|1|736|1215	PA0039-C.g1	100.000	480	0	0	1	480	736	1215	0.0	1000
PfGN01_080014600|DBLb|1|736|1215	PA0039-C.g1	29.775	356	200	14	6	335	9	340	3.41e-33	136
PfGN01_080014600|DBLb|1|736|1215	SenT235.08.g609	100.000	480	0	0	1	480	646	1125	0.0	999
PfGN01_080014600|DBLb|1|736|1215	SenT235.08.g609	34.538	249	126	8	108	335	18	250	1.05e-31	131
PfGN01_080014600|DBLb|1|736|1215	PM0015-C.g37	100.000	480	0	0	1	480	736	1215	0.0	999
PfGN01_080014600|DBLb|1|736|1215	PM0015-C.g37	29.775	356	200	14	6	335	9	340	3.60e-33	136
PfGN01_080014600|DBLb|1|736|1215	PT0071-C.g393	79.503	483	87	4	1	480	731	1204	0.0	768
PfGN01_080014600|DBLb|1|736|1215	PT0071-C.g393	32.865	356	189	17	6	335	3	334	1.54e-37	149
PfGN01_080014600|ATS|1|1335|1838	PFKE09.g410	78.416	505	84	4	1	504	1751	2231	0.0	754
PfGN01_080014600|ATS|1|1335|1838	PF0638-C.g8678	77.670	515	75	8	1	504	1747	2232	0.0	737
PfGN01_080014600|ATS|1|1335|1838	PV0089-C.g38	75.097	518	96	6	1	504	1747	2245	0.0	720
PfGN01_080014600|ATS|1|1335|1838	PH0604-C.g150	75.388	516	95	7	1	504	683	1178	0.0	718
PfGN01_080014600|ATS|1|1335|1838	PFKE11.g671	75.882	510	103	11	1	504	2046	2541	0.0	708
PfGN01_080014800|NTS|1|1|65	PV0089-C.g11	100.000	65	0	0	1	65	1	65	2.96e-38	135
PfGN01_080014800|NTS|1|1|65	SenT235.08.g315	100.000	65	0	0	1	65	1	65	3.76e-38	135
PfGN01_080014800|NTS|1|1|65	PA0039-C.g404	100.000	65	0	0	1	65	1	65	4.07e-38	135
PfGN01_080014800|NTS|1|1|65	SenT044.10.g679	100.000	65	0	0	1	65	1	65	5.44e-38	134
PfGN01_080014800|NTS|1|1|65	PT0014-CW.g266	87.692	65	5	1	1	65	1	62	5.90e-31	114
PfGN01_080014800|DBLa|1|66|494	PA0039-C.g404	100.000	429	0	0	1	429	66	494	0.0	896
PfGN01_080014800|DBLa|1|66|494	SenT235.08.g315	100.000	429	0	0	1	429	66	494	0.0	895
PfGN01_080014800|DBLa|1|66|494	SenT044.10.g679	100.000	429	0	0	1	429	66	494	0.0	894
PfGN01_080014800|DBLa|1|66|494	PV0089-C.g11	87.269	432	47	4	1	429	66	492	0.0	772
PfGN01_080014800|DBLa|1|66|494	PV0089-C.g11	23.913	184	115	5	177	335	1100	1283	2.29e-09	62.4
PfGN01_080014800|DBLa|1|66|494	PT0014-CW.g266	78.605	430	81	5	1	429	63	482	0.0	674
PfGN01_080014800|DBLa|1|66|494	PT0014-CW.g266	27.500	240	129	6	136	335	1125	1359	1.82e-18	90.9
PfGN01_080014800|CIDRa|1|495|802	SenT235.08.g315	100.000	308	0	0	1	308	495	802	0.0	635
PfGN01_080014800|CIDRa|1|495|802	PA0211-C.g37	100.000	308	0	0	1	308	78	385	0.0	634
PfGN01_080014800|CIDRa|1|495|802	PA0039-C.g404	100.000	308	0	0	1	308	495	802	0.0	634
PfGN01_080014800|CIDRa|1|495|802	SenT044.10.g679	100.000	308	0	0	1	308	495	802	0.0	633
PfGN01_080014800|CIDRa|1|495|802	SenT170.08.g930	100.000	308	0	0	1	308	269	576	0.0	632
PfGN01_080014800|DBLd|1|878|1391	SenT235.08.g315	92.802	514	2	1	1	514	878	1356	0.0	964
PfGN01_080014800|DBLd|1|878|1391	SenT235.08.g315	24.713	348	190	13	191	514	195	494	2.46e-14	78.6
PfGN01_080014800|DBLd|1|878|1391	PA0211-C.g37	92.802	514	2	1	1	514	461	939	0.0	963
PfGN01_080014800|DBLd|1|878|1391	PA0039-C.g404	85.019	514	14	2	1	514	878	1328	0.0	845
PfGN01_080014800|DBLd|1|878|1391	PA0039-C.g404	24.713	348	190	13	191	514	195	494	2.08e-14	79.0
PfGN01_080014800|DBLd|1|878|1391	SenT044.10.g679	85.019	514	14	2	1	514	878	1328	0.0	844
PfGN01_080014800|DBLd|1|878|1391	SenT044.10.g679	24.713	348	190	13	191	514	195	494	2.15e-14	79.0
PfGN01_080014800|DBLd|1|878|1391	SenT170.08.g930	85.019	514	14	2	1	514	652	1102	0.0	843
PfGN01_080014800|DBLd|1|878|1391	SenT170.08.g930	26.246	301	154	12	234	514	16	268	2.25e-13	75.5
PfGN01_080014800|CIDRb|1|1392|1646	PF0816-C.g111	100.000	255	0	0	1	255	702	956	0.0	529
PfGN01_080014800|CIDRb|1|1392|1646	PA0211-C.g37	100.000	255	0	0	1	255	940	1194	1.97e-178	527
PfGN01_080014800|CIDRb|1|1392|1646	PA0011-C.g491	100.000	255	0	0	1	255	1159	1413	8.83e-177	528
PfGN01_080014800|CIDRb|1|1392|1646	SenT170.08.g930	100.000	255	0	0	1	255	1103	1357	1.95e-176	525
PfGN01_080014800|CIDRb|1|1392|1646	PA0209-C.g1885	100.000	255	0	0	1	255	1224	1478	5.03e-176	527
PfGN01_080014800|ATS|1|1744|2213	PH0121-CW.g9	71.020	490	95	13	2	470	1637	2100	0.0	618
PfGN01_080014800|ATS|1|1744|2213	PT0219-C.g578	65.166	511	109	13	1	470	1736	2218	0.0	591
PfGN01_080014800|ATS|1|1744|2213	PFKE12.g150	63.105	496	117	8	1	465	1774	2234	0.0	586
PfGN01_080014800|ATS|1|1744|2213	QE0454-C.g647	64.930	499	125	10	1	470	1716	2193	0.0	582
PfGN01_080014800|ATS|1|1744|2213	PF0092-C.g708	64.729	499	126	10	1	470	1720	2197	0.0	581
PfGN01_080038400|NTS|1|1|72	PF0737-C.g754	91.071	56	5	0	17	72	25	80	1.06e-29	111
PfGN01_080038400|NTS|1|1|72	PD0582-C.g655	75.000	64	13	2	11	72	12	74	1.70e-23	94.0
PfGN01_080038400|NTS|1|1|72	PD0510-C.g506	75.000	64	13	2	11	72	12	74	2.05e-23	93.6
PfGN01_080038400|NTS|1|1|72	PD0585-C.g423	75.000	64	13	2	11	72	12	74	2.49e-23	93.2
PfGN01_080038400|NTS|1|1|72	QE0465-C.g567	65.672	67	23	0	3	69	5	71	9.60e-23	91.7
PfGN01_080038400|DBLa|1|73|490	PF0737-C.g754	83.333	420	67	3	1	418	81	499	0.0	723
PfGN01_080038400|DBLa|1|73|490	PF0737-C.g754	27.348	362	183	12	105	418	992	1321	1.68e-24	108
PfGN01_080038400|DBLa|1|73|490	QG0243-C.g3257	82.578	419	66	4	1	418	81	493	0.0	720
PfGN01_080038400|DBLa|1|73|490	QG0243-C.g3257	24.845	322	162	12	143	418	1039	1326	1.28e-12	72.4
PfGN01_080038400|DBLa|1|73|490	PA0245-C.g318	81.560	423	70	5	1	418	67	486	0.0	709
PfGN01_080038400|DBLa|1|73|490	PA0245-C.g318	24.725	364	203	11	105	418	1034	1376	1.78e-15	81.3
PfGN01_080038400|DBLa|1|73|490	PA0245-C.g318	25.896	251	124	9	33	278	2383	2576	2.77e-11	68.2
PfGN01_080038400|DBLa|1|73|490	PA0245-C.g318	25.909	220	110	8	53	272	2082	2248	1.22e-08	59.7
PfGN01_080038400|DBLa|1|73|490	PA0245-C.g318	24.912	285	145	14	62	335	1747	1973	7.75e-07	54.3
PfGN01_080038400|DBLa|1|73|490	QE0401-C.g752	82.816	419	66	4	1	418	66	479	0.0	698
PfGN01_080038400|DBLa|1|73|490	QE0401-C.g752	26.019	319	158	12	143	418	1045	1328	3.80e-16	83.6
PfGN01_080038400|DBLa|1|73|490	QE0398-C.g749	82.578	419	67	4	1	418	66	479	0.0	697
PfGN01_080038400|DBLa|1|73|490	QE0398-C.g749	28.358	201	130	6	222	418	1133	1323	1.28e-12	72.4
PfGN01_080038400|CIDRa|1|491|742	QE0434-C.g12	80.080	251	48	1	1	249	490	740	2.88e-138	416
PfGN01_080038400|CIDRa|1|491|742	PD0543-C.g696	80.080	251	48	1	1	249	484	734	8.06e-135	417
PfGN01_080038400|CIDRa|1|491|742	PV0117-C.g67	80.645	248	46	1	1	246	474	721	2.14e-134	413
PfGN01_080038400|CIDRa|1|491|742	PV0080-C.g24	80.645	248	46	1	1	246	474	721	4.01e-134	412
PfGN01_080038400|CIDRa|1|491|742	PV0020-C.g40	80.645	248	46	1	1	246	474	721	1.10e-133	414
PfGN01_080038400|DBLg|1|792|1145	PT0195-Cx.g147	77.095	358	75	3	1	354	1244	1598	0.0	567
PfGN01_080038400|DBLg|1|792|1145	PT0195-Cx.g147	25.614	285	159	10	32	291	865	1121	3.22e-13	73.6
PfGN01_080038400|DBLg|1|792|1145	PT0195-Cx.g147	32.743	113	68	4	164	273	240	347	1.06e-07	56.2
PfGN01_080038400|DBLg|1|792|1145	PF0314-C.g153	70.339	354	105	0	1	354	1326	1679	3.40e-166	516
PfGN01_080038400|DBLg|1|792|1145	PF0314-C.g153	25.948	343	134	10	70	292	1855	2197	1.35e-23	104
PfGN01_080038400|DBLg|1|792|1145	PF0314-C.g153	23.592	284	168	9	31	291	935	1192	2.94e-12	70.5
PfGN01_080038400|DBLg|1|792|1145	PF0314-C.g153	22.013	318	173	10	45	297	116	423	2.33e-08	58.5
PfGN01_080038400|DBLg|1|792|1145	PA0089-C.g135	68.802	359	106	2	1	354	781	1138	3.31e-163	504
PfGN01_080038400|DBLg|1|792|1145	PA0089-C.g135	28.571	322	132	10	72	295	1338	1659	8.15e-28	117
PfGN01_080038400|DBLg|1|792|1145	PA0089-C.g135	24.742	291	157	9	45	290	115	388	1.03e-12	72.0
PfGN01_080038400|DBLg|1|792|1145	PC0032-C.g32	68.245	359	109	4	1	354	70	428	1.23e-162	489
PfGN01_080038400|DBLg|1|792|1145	PC0032-C.g32	29.381	388	170	14	1	290	488	869	7.99e-37	143
PfGN01_080038400|DBLg|1|792|1145	PA0020-C.g393	63.989	361	120	3	1	354	511	868	2.26e-160	476
PfGN01_080038400|DBLd|1|1188|1698	PF0133-C.g342	77.239	536	89	8	1	511	892	1419	0.0	795
PfGN01_080038400|DBLd|1|1188|1698	PF0133-C.g342	23.548	310	180	11	182	482	185	446	2.20e-07	56.2
PfGN01_080038400|DBLd|1|1188|1698	PF0122-C.g468	55.846	573	172	23	1	511	850	1403	4.20e-163	507
PfGN01_080038400|DBLd|1|1188|1698	PF0122-C.g468	23.958	192	102	4	253	444	260	407	1.33e-08	60.5
PfGN01_080038400|DBLd|1|1188|1698	PD0491-C.g165	50.738	542	208	16	1	511	42	555	1.13e-157	476
PfGN01_080038400|DBLd|1|1188|1698	SenT015.11.g982	51.311	534	216	17	1	511	138	650	1.63e-150	459
PfGN01_080038400|DBLd|1|1188|1698	SenT129.11.g1629	51.311	534	216	17	1	511	176	688	2.54e-150	459
PfGN01_080038400|CIDRb|1|1699|1947	PF0133-C.g342	100.000	249	0	0	1	249	1420	1668	9.47e-171	516
PfGN01_080038400|CIDRb|1|1699|1947	PA0261-C.g795	83.265	245	38	2	1	244	786	1028	1.24e-122	377
PfGN01_080038400|CIDRb|1|1699|1947	PC0063-C.g6321	82.000	250	42	2	1	249	1435	1682	1.83e-119	376
PfGN01_080038400|CIDRb|1|1699|1947	PM0021-C.g597	82.000	250	42	2	1	249	1428	1675	2.56e-119	375
PfGN01_080038400|CIDRb|1|1699|1947	SenT232.08.g274	67.293	266	69	5	1	249	1409	1673	4.86e-106	338
PfGN01_080038400|ATS|1|2055|2515	PV0028-C.g31	82.265	468	64	8	1	461	1737	2192	0.0	751
PfGN01_080038400|ATS|1|2055|2515	PfKE03.g242	79.545	484	64	5	1	461	1361	1832	0.0	729
PfGN01_080038400|ATS|1|2055|2515	QE0444-C.g638	77.282	493	76	8	1	461	1311	1799	0.0	724
PfGN01_080038400|ATS|1|2055|2515	PV0028-C.g50	78.969	485	45	8	4	461	2601	3055	0.0	716
PfGN01_080038400|ATS|1|2055|2515	PD0549-C.g516	81.602	462	70	8	1	461	2187	2634	0.0	713
PfGN01_090005700|NTS|1|1|68	PM0051-C.g1384	100.000	68	0	0	1	68	1	68	4.54e-37	132
PfGN01_090005700|NTS|1|1|68	PV0133-C.g128	89.062	64	7	0	5	68	4	67	4.55e-30	112
PfGN01_090005700|NTS|1|1|68	SenT150.09.g490	80.882	68	11	1	1	68	2	67	9.44e-26	100
PfGN01_090005700|NTS|1|1|68	PA0202-C.g562	73.016	63	17	0	6	68	11	73	1.67e-24	96.3
PfGN01_090005700|NTS|1|1|68	PA0180-C.g597	80.000	55	11	0	14	68	13	67	4.28e-24	95.1
PfGN01_090005700|DBLa|1|69|499	PM0051-C.g1384	98.608	431	0	1	1	431	69	493	0.0	882
PfGN01_090005700|DBLa|1|69|499	PM0051-C.g1384	28.689	244	129	9	185	396	1103	1333	7.46e-16	82.8
PfGN01_090005700|DBLa|1|69|499	PV0133-C.g128	79.412	442	74	7	1	431	68	503	0.0	669
PfGN01_090005700|DBLa|1|69|499	PV0133-C.g128	30.769	195	111	7	216	406	1045	1219	5.58e-13	73.6
PfGN01_090005700|DBLa|1|69|499	PfKE05.g230	69.717	459	100	10	1	431	69	516	0.0	605
PfGN01_090005700|DBLa|1|69|499	PfKE05.g230	32.862	283	135	13	54	323	935	1175	2.49e-24	108
PfGN01_090005700|DBLa|1|69|499	PfKE05.g230	25.726	241	133	8	41	268	1356	1563	2.58e-10	65.1
PfGN01_090005700|DBLa|1|69|499	SenT150.09.g490	70.345	435	107	7	1	431	68	484	0.0	590
PfGN01_090005700|DBLa|1|69|499	SenT150.09.g490	33.333	96	59	1	233	323	1171	1266	7.66e-09	60.5
PfGN01_090005700|DBLa|1|69|499	PF0190-C.g402	68.981	432	124	4	1	431	72	494	0.0	589
PfGN01_090005700|DBLa|1|69|499	PF0190-C.g402	25.434	346	164	11	130	431	1048	1343	1.55e-15	81.6
PfGN01_090005700|CIDRa|1|500|772	PM0051-C.g1384	99.262	271	2	0	1	271	494	764	0.0	549
PfGN01_090005700|CIDRa|1|500|772	PM0051-C.g1384	39.286	56	34	0	126	181	1457	1512	4.59e-07	53.1
PfGN01_090005700|CIDRa|1|500|772	PA0040-C.g28	78.676	272	55	2	1	271	499	768	4.03e-136	410
PfGN01_090005700|CIDRa|1|500|772	PM0157-C.g620	82.156	269	43	2	1	266	474	740	6.87e-135	419
PfGN01_090005700|CIDRa|1|500|772	PM0157-C.g620	30.857	175	100	8	101	264	1425	1589	8.01e-11	64.7
PfGN01_090005700|CIDRa|1|500|772	PA0050-C.g466	73.801	271	68	2	1	270	310	578	1.88e-121	380
PfGN01_090005700|CIDRa|1|500|772	PF0298-C.g543	73.993	273	67	3	1	271	505	775	4.05e-121	382
PfGN01_090005700|DBLd|1|845|1323	SenT136.09.g173	54.839	527	176	16	1	479	864	1376	9.64e-155	489
PfGN01_090005700|DBLd|1|845|1323	SenT136.09.g173	27.492	331	161	10	194	479	205	501	1.05e-21	101
PfGN01_090005700|DBLd|1|845|1323	SenT136.09.g173	22.333	300	151	10	156	437	1814	2049	7.59e-08	57.8
PfGN01_090005700|DBLd|1|845|1323	QG0280-C.g909	51.823	521	191	14	11	479	219	731	3.18e-153	466
PfGN01_090005700|DBLd|1|845|1323	QE0429-C.g604	53.295	516	190	18	1	479	1382	1883	1.43e-149	473
PfGN01_090005700|DBLd|1|845|1323	QE0429-C.g604	28.571	252	139	8	167	411	169	386	9.20e-14	76.6
PfGN01_090005700|DBLd|1|845|1323	QG0281-C.g944	50.096	519	200	13	1	479	804	1303	1.44e-149	462
PfGN01_090005700|DBLd|1|845|1323	QG0281-C.g944	25.633	316	170	11	194	479	192	472	6.13e-17	86.7
PfGN01_090005700|DBLd|1|845|1323	PA0203-C.g434	53.113	514	186	13	1	479	1216	1709	1.88e-149	472
PfGN01_090005700|DBLd|1|845|1323	PA0203-C.g434	24.516	310	176	9	194	479	194	469	9.91e-20	95.5
PfGN01_090005700|CIDRb|1|1324|1578	QG0280-C.g909	65.587	247	80	4	1	246	732	974	1.78e-100	318
PfGN01_090005700|CIDRb|1|1324|1578	PC0047-C.g413	64.372	247	85	3	2	246	1447	1692	2.98e-100	322
PfGN01_090005700|CIDRb|1|1324|1578	SenT136.09.g173	63.740	262	85	5	1	255	1377	1635	8.12e-100	321
PfGN01_090005700|CIDRb|1|1324|1578	PF0133-C.g605	64.286	238	75	5	20	255	745	974	2.74e-93	298
PfGN01_090005700|CIDRb|1|1324|1578	PH0589-C.g548	60.400	250	98	1	7	255	1373	1622	4.29e-93	301
PfGN01_090005700|CIDRb|1|1324|1578	PH0589-C.g548	31.818	110	73	2	75	183	564	672	7.62e-11	64.3
PfGN01_090005700|ATS|1|1682|2157	PV0239-C.g24	74.251	501	88	11	1	476	1705	2189	0.0	699
PfGN01_090005700|ATS|1|1682|2157	PT0206-Cx.g946	78.151	476	58	4	1	476	901	1330	0.0	691
PfGN01_090005700|ATS|1|1682|2157	PT0034-C.g724	75.828	513	80	8	1	476	2851	3356	0.0	690
PfGN01_090005700|ATS|1|1682|2157	PT0170-C.g672	74.845	485	86	5	1	476	1768	2225	0.0	685
PfGN01_090005700|ATS|1|1682|2157	PV0134-C.g25	75.362	483	69	10	3	476	2382	2823	0.0	678
PfGN01_090005800|NTS|1|1|71	PH0516-C.g757	100.000	71	0	0	1	71	1	71	1.73e-43	150
PfGN01_090005800|NTS|1|1|71	PH0932-C.g578	100.000	71	0	0	1	71	1	71	1.78e-43	150
PfGN01_090005800|NTS|1|1|71	PT0274-Cx.g293	100.000	71	0	0	1	71	1	71	1.90e-43	150
PfGN01_090005800|NTS|1|1|71	QE0470-C.g54	100.000	71	0	0	1	71	1	71	1.96e-43	150
PfGN01_090005800|NTS|1|1|71	QE0418-C.g672	100.000	71	0	0	1	71	1	71	2.29e-43	150
PfGN01_090005800|DBLa|1|72|465	PH0932-C.g578	96.701	394	13	0	1	394	72	465	0.0	796
PfGN01_090005800|DBLa|1|72|465	PH0932-C.g578	34.112	214	104	8	58	255	1322	1514	2.20e-25	111
PfGN01_090005800|DBLa|1|72|465	PH0932-C.g578	32.735	223	103	8	58	254	832	1033	1.80e-23	105
PfGN01_090005800|DBLa|1|72|465	PH0932-C.g578	23.810	294	168	9	38	313	1690	1945	1.78e-15	81.3
PfGN01_090005800|DBLa|1|72|465	PH0932-C.g578	25.974	231	140	6	117	316	2705	2935	7.75e-15	79.0
PfGN01_090005800|DBLa|1|72|465	PH0932-C.g578	22.648	287	192	8	45	316	2091	2362	6.01e-14	76.3
PfGN01_090005800|DBLa|1|72|465	QE0470-C.g54	96.701	394	13	0	1	394	72	465	0.0	796
PfGN01_090005800|DBLa|1|72|465	QE0470-C.g54	34.112	214	104	8	58	255	1322	1514	2.23e-25	111
PfGN01_090005800|DBLa|1|72|465	QE0470-C.g54	32.735	223	103	8	58	254	832	1033	1.65e-23	105
PfGN01_090005800|DBLa|1|72|465	QE0470-C.g54	25.839	298	176	11	38	316	1690	1961	7.32e-17	85.5
PfGN01_090005800|DBLa|1|72|465	QE0470-C.g54	25.974	231	140	6	117	316	2304	2534	6.24e-15	79.3
PfGN01_090005800|DBLa|1|72|465	PH0516-C.g757	96.701	394	13	0	1	394	72	465	0.0	795
PfGN01_090005800|DBLa|1|72|465	PH0516-C.g757	34.112	214	104	8	58	255	1322	1514	2.24e-25	111
PfGN01_090005800|DBLa|1|72|465	PH0516-C.g757	32.735	223	103	8	58	254	832	1033	1.78e-23	105
PfGN01_090005800|DBLa|1|72|465	PH0516-C.g757	23.649	296	170	9	38	315	1690	1947	1.48e-15	81.3
PfGN01_090005800|DBLa|1|72|465	PH0516-C.g757	25.974	231	140	6	117	316	2705	2935	7.56e-15	79.0
PfGN01_090005800|DBLa|1|72|465	PH0516-C.g757	22.648	287	192	8	45	316	2091	2362	5.41e-14	76.6
PfGN01_090005800|DBLa|1|72|465	QE0418-C.g672	96.701	394	13	0	1	394	72	465	0.0	795
PfGN01_090005800|DBLa|1|72|465	QE0418-C.g672	30.256	390	200	16	7	369	1298	1642	1.61e-29	123
PfGN01_090005800|DBLa|1|72|465	QE0418-C.g672	32.735	223	103	8	58	254	832	1033	1.53e-23	105
PfGN01_090005800|DBLa|1|72|465	QE0418-C.g672	27.778	288	179	10	117	394	2311	2579	5.42e-20	94.7
PfGN01_090005800|DBLa|1|72|465	QE0418-C.g672	24.359	312	190	11	46	344	1716	1994	2.81e-14	77.4
PfGN01_090005800|DBLa|1|72|465	PT0027-C.g589	92.658	395	28	1	1	394	72	466	0.0	763
PfGN01_090005800|DBLa|1|72|465	PT0027-C.g589	31.098	328	166	12	58	357	1353	1648	9.42e-31	127
PfGN01_090005800|DBLa|1|72|465	PT0027-C.g589	28.743	334	170	16	1	314	787	1072	1.38e-26	114
PfGN01_090005800|DBLa|1|72|465	PT0027-C.g589	24.359	312	183	12	46	330	2136	2421	1.58e-14	78.2
PfGN01_090005800|DBLa|1|72|465	PT0027-C.g589	25.767	326	182	15	44	343	1742	2033	6.72e-09	60.5
PfGN01_090005800|CIDRa|1|466|715	PF0784-C.g768	94.400	250	14	0	1	250	356	605	1.87e-163	490
PfGN01_090005800|CIDRa|1|466|715	PA0034-C.g138	94.400	250	14	0	1	250	190	439	6.47e-159	490
PfGN01_090005800|CIDRa|1|466|715	PA0046-C.g159	94.400	250	14	0	1	250	238	487	6.94e-159	490
PfGN01_090005800|CIDRa|1|466|715	PA0102-C.g226	94.400	250	14	0	1	250	479	728	1.08e-158	489
PfGN01_090005800|CIDRa|1|466|715	PC0069-C.g351	94.400	250	14	0	1	250	466	715	4.12e-158	488
PfGN01_090005800|DBLb|1|724|1206	PF0190-C.g64	85.540	491	62	3	1	483	737	1226	0.0	814
PfGN01_090005800|DBLb|1|724|1206	PF0190-C.g64	49.130	460	178	14	36	483	1302	1717	1.03e-121	394
PfGN01_090005800|DBLb|1|724|1206	PF0190-C.g64	35.468	203	92	5	119	295	132	321	3.05e-26	115
PfGN01_090005800|DBLb|1|724|1206	PF0190-C.g64	27.132	258	136	9	116	346	1801	2033	3.76e-16	84.3
PfGN01_090005800|DBLb|1|724|1206	PF0818-C.g219	68.327	502	134	7	1	483	729	1224	0.0	669
PfGN01_090005800|DBLb|1|724|1206	PF0818-C.g219	29.909	331	174	11	30	326	40	346	2.28e-27	119
PfGN01_090005800|DBLb|1|724|1206	PF0818-C.g219	27.000	400	189	14	118	483	1295	1625	1.14e-24	110
PfGN01_090005800|DBLb|1|724|1206	PT0017-CW.g632	68.127	502	135	7	1	483	729	1224	0.0	668
PfGN01_090005800|DBLb|1|724|1206	PT0017-CW.g632	29.909	331	174	11	30	326	40	346	2.32e-27	119
PfGN01_090005800|DBLb|1|724|1206	PT0017-CW.g632	27.250	400	188	14	118	483	1295	1625	1.50e-25	113
PfGN01_090005800|DBLb|1|724|1206	PF0638-C.g3277	69.121	489	134	5	1	483	729	1206	0.0	661
PfGN01_090005800|DBLb|1|724|1206	PF0638-C.g3277	43.763	489	210	15	4	483	1229	1661	4.25e-100	332
PfGN01_090005800|DBLb|1|724|1206	PF0638-C.g3277	32.407	216	106	8	119	309	128	328	1.59e-23	107
PfGN01_090005800|DBLb|1|724|1206	PT0219-C.g165	67.780	509	128	7	1	483	725	1223	0.0	659
PfGN01_090005800|DBLb|1|724|1206	PT0219-C.g165	43.205	493	198	15	10	483	1252	1681	1.75e-103	342
PfGN01_090005800|DBLb|1|724|1206	PT0219-C.g165	41.775	462	208	12	36	483	1751	2165	4.87e-90	303
PfGN01_090005800|DBLb|1|724|1206	PT0219-C.g165	29.538	325	179	10	30	326	40	342	1.15e-25	114
PfGN01_090005800|DBLb|2|1239|1686	PA0207-C.g380	66.953	466	129	10	1	448	2275	2733	0.0	601
PfGN01_090005800|DBLb|2|1239|1686	PA0207-C.g380	37.897	504	212	12	1	448	738	1196	6.42e-89	298
PfGN01_090005800|DBLb|2|1239|1686	PA0207-C.g380	29.759	457	243	15	4	400	1	439	3.00e-42	162
PfGN01_090005800|DBLb|2|1239|1686	PA0207-C.g380	25.000	304	174	9	67	344	2746	3021	1.23e-12	72.8
PfGN01_090005800|DBLb|2|1239|1686	PA0207-C.g380	25.794	252	145	9	116	340	1245	1481	1.79e-12	72.4
PfGN01_090005800|DBLb|2|1239|1686	PT0034-C.g972	66.953	466	129	10	1	448	2257	2715	0.0	601
PfGN01_090005800|DBLb|2|1239|1686	PT0034-C.g972	38.755	498	210	12	1	448	726	1178	1.70e-92	308
PfGN01_090005800|DBLb|2|1239|1686	PT0034-C.g972	30.061	489	257	18	8	446	9	462	1.50e-39	154
PfGN01_090005800|DBLb|2|1239|1686	PT0034-C.g972	26.286	350	198	10	66	385	2727	3046	1.47e-18	91.3
PfGN01_090005800|DBLb|2|1239|1686	PT0034-C.g972	26.374	273	155	9	116	359	1227	1482	3.28e-12	71.6
PfGN01_090005800|DBLb|2|1239|1686	PM0097-C.g577	66.953	466	129	10	1	448	2263	2721	0.0	601
PfGN01_090005800|DBLb|2|1239|1686	PM0097-C.g577	37.897	504	212	12	1	448	726	1184	7.48e-89	298
PfGN01_090005800|DBLb|2|1239|1686	PM0097-C.g577	30.061	489	257	18	8	446	9	462	1.36e-39	154
PfGN01_090005800|DBLb|2|1239|1686	PM0097-C.g577	25.000	304	174	9	67	344	2734	3009	1.28e-12	72.8
PfGN01_090005800|DBLb|2|1239|1686	PM0097-C.g577	25.794	252	145	9	116	340	1233	1469	1.92e-12	72.4
PfGN01_090005800|DBLb|2|1239|1686	PV0182-C.g34	71.397	458	112	13	3	448	247	697	0.0	592
PfGN01_090005800|DBLb|2|1239|1686	PV0182-C.g34	36.123	227	93	6	271	448	6	229	4.99e-34	138
PfGN01_090005800|DBLb|2|1239|1686	PV0182-C.g34	25.305	328	185	12	67	358	710	1013	7.69e-14	76.6
PfGN01_090005800|DBLb|2|1239|1686	PV0287-C.g54	71.179	458	113	12	3	448	1152	1602	0.0	589
PfGN01_090005800|DBLb|2|1239|1686	PV0287-C.g54	44.024	502	208	14	1	448	652	1134	9.30e-118	380
PfGN01_090005800|DBLb|2|1239|1686	PV0287-C.g54	31.930	285	125	8	121	360	54	314	4.63e-29	123
PfGN01_090005800|DBLb|2|1239|1686	PV0287-C.g54	25.714	280	158	10	67	320	1615	1870	1.14e-10	66.6
PfGN01_090005800|DBLg|1|1701|2068	PF0041-C.g179	91.848	368	11	3	1	368	1690	2038	0.0	684
PfGN01_090005800|DBLg|1|1701|2068	PF0041-C.g179	37.654	324	155	12	1	304	2058	2354	1.01e-52	190
PfGN01_090005800|DBLg|1|1701|2068	PF0041-C.g179	24.723	271	146	12	47	292	835	1072	1.99e-12	71.2
PfGN01_090005800|DBLg|1|1701|2068	PF0041-C.g179	23.492	315	163	9	33	306	112	389	4.95e-11	67.0
PfGN01_090005800|DBLg|1|1701|2068	SenT067.09.g662	79.076	368	56	3	1	368	584	930	0.0	588
PfGN01_090005800|DBLg|1|1701|2068	SenT067.09.g662	25.490	255	128	10	30	264	175	387	5.11e-14	75.9
PfGN01_090005800|DBLg|1|1701|2068	PA0149-C.g129	78.552	373	56	4	1	368	1285	1638	0.0	583
PfGN01_090005800|DBLg|1|1701|2068	PA0149-C.g129	39.143	350	165	14	20	350	1678	1998	7.59e-60	211
PfGN01_090005800|DBLg|1|1701|2068	PA0149-C.g129	23.750	320	163	9	30	304	109	392	5.25e-15	79.3
PfGN01_090005800|DBLg|1|1701|2068	PA0149-C.g129	23.649	296	165	9	47	314	929	1191	7.13e-14	75.9
PfGN01_090005800|DBLg|1|1701|2068	PV0082-C.g44	75.068	369	72	3	1	368	1706	2055	0.0	561
PfGN01_090005800|DBLg|1|1701|2068	PV0082-C.g44	39.714	350	163	14	20	350	2095	2415	9.52e-61	213
PfGN01_090005800|DBLg|1|1701|2068	PV0082-C.g44	25.294	340	173	10	30	323	106	410	3.47e-17	85.9
PfGN01_090005800|DBLg|1|1701|2068	PV0082-C.g44	25.850	294	160	14	30	304	1337	1591	3.00e-14	77.0
PfGN01_090005800|DBLg|1|1701|2068	PV0082-C.g44	24.113	282	148	12	47	304	835	1074	4.69e-11	67.0
PfGN01_090005800|DBLg|1|1701|2068	QE0466-C.g934	72.900	369	78	4	1	368	1266	1613	1.20e-174	541
PfGN01_090005800|DBLg|1|1701|2068	QE0466-C.g934	38.870	301	144	10	20	306	1653	1927	4.24e-55	197
PfGN01_090005800|DBLg|1|1701|2068	QE0466-C.g934	32.951	349	149	12	40	304	2197	2544	1.50e-41	157
PfGN01_090005800|DBLg|1|1701|2068	QE0466-C.g934	24.062	320	164	11	33	309	109	392	5.63e-15	79.0
PfGN01_090005800|DBLg|1|1701|2068	QE0466-C.g934	24.306	288	151	14	34	290	834	1085	1.59e-12	71.6
PfGN01_090005800|DBLg|2|2088|2450	PV0286-C.g25	86.685	368	41	4	1	363	1638	2002	0.0	639
PfGN01_090005800|DBLg|2|2088|2450	PV0286-C.g25	36.236	356	194	14	1	344	1272	1606	4.22e-54	194
PfGN01_090005800|DBLg|2|2088|2450	PV0286-C.g25	26.481	287	164	11	29	292	889	1151	8.50e-15	78.6
PfGN01_090005800|DBLg|2|2088|2450	PV0286-C.g25	22.500	320	186	10	29	310	110	405	1.44e-10	65.5
PfGN01_090005800|DBLg|2|2088|2450	PV0285-C.g46	86.685	368	41	4	1	363	1638	2002	0.0	639
PfGN01_090005800|DBLg|2|2088|2450	PV0285-C.g46	36.236	356	194	14	1	344	1272	1606	4.22e-54	194
PfGN01_090005800|DBLg|2|2088|2450	PV0285-C.g46	26.481	287	164	11	29	292	889	1151	8.50e-15	78.6
PfGN01_090005800|DBLg|2|2088|2450	PV0285-C.g46	22.500	320	186	10	29	310	110	405	1.44e-10	65.5
PfGN01_090005800|DBLg|2|2088|2450	QG0295-C.g1658	78.630	365	74	3	1	363	1720	2082	0.0	590
PfGN01_090005800|DBLg|2|2088|2450	QG0295-C.g1658	35.952	331	188	10	26	344	1370	1688	4.88e-53	191
PfGN01_090005800|DBLg|2|2088|2450	QG0295-C.g1658	25.496	353	157	11	43	295	2270	2616	4.12e-26	112
PfGN01_090005800|DBLg|2|2088|2450	QG0295-C.g1658	26.978	278	148	10	39	290	985	1233	2.14e-12	71.2
PfGN01_090005800|DBLg|2|2088|2450	QG0295-C.g1658	23.975	317	183	13	29	318	460	745	1.03e-11	68.9
PfGN01_090005800|DBLg|2|2088|2450	PA0071-C.g378	75.798	376	74	4	1	363	969	1340	0.0	573
PfGN01_090005800|DBLg|2|2088|2450	PA0071-C.g378	35.180	361	201	13	1	344	593	937	2.11e-53	192
PfGN01_090005800|DBLg|2|2088|2450	PA0071-C.g378	25.993	277	148	13	44	292	229	476	2.17e-11	67.8
PfGN01_090005800|DBLg|2|2088|2450	PA0207-C.g554	71.968	371	90	2	1	357	980	1350	2.51e-172	532
PfGN01_090005800|DBLg|2|2088|2450	PA0207-C.g554	36.337	344	197	11	10	344	618	948	5.61e-54	194
PfGN01_090005800|DBLg|2|2088|2450	PA0207-C.g554	37.654	324	171	11	1	309	208	515	1.69e-52	189
PfGN01_090005800|DBLg|2|2088|2450	PA0207-C.g554	28.979	421	174	17	28	325	1503	1921	1.08e-32	132
PfGN01_090005800|DBLd|1|2589|3085	PA0165-C.g122	73.694	517	106	11	1	497	2207	2713	0.0	731
PfGN01_090005800|DBLd|1|2589|3085	PA0165-C.g122	27.273	440	191	14	1	434	1701	2017	8.24e-34	138
PfGN01_090005800|DBLd|1|2589|3085	PA0165-C.g122	22.344	273	155	9	232	497	251	473	2.10e-08	59.7
PfGN01_090005800|DBLd|1|2589|3085	PM0108-C.g715	63.250	517	147	15	13	497	2600	3105	1.01e-180	565
PfGN01_090005800|DBLd|1|2589|3085	PM0108-C.g715	28.539	438	171	15	1	431	2091	2393	9.52e-34	138
PfGN01_090005800|DBLd|1|2589|3085	PM0108-C.g715	28.662	314	116	11	52	362	1735	1943	5.81e-27	118
PfGN01_090005800|DBLd|1|2589|3085	PM0108-C.g715	20.882	340	194	12	177	497	191	474	1.88e-07	56.6
PfGN01_090005800|DBLd|1|2589|3085	PA0173-C.g421	60.236	508	162	9	1	497	1692	2170	2.49e-175	548
PfGN01_090005800|DBLd|1|2589|3085	PA0173-C.g421	28.297	364	151	12	1	362	1215	1470	3.61e-29	124
PfGN01_090005800|DBLd|1|2589|3085	PA0173-C.g421	25.507	345	175	19	175	497	194	478	2.16e-09	62.8
PfGN01_090005800|DBLd|1|2589|3085	PT0095-C.g16	58.667	525	153	16	11	497	351	849	1.96e-174	525
PfGN01_090005800|DBLd|1|2589|3085	QE0433-C.g223	58.121	511	182	16	1	497	2121	2613	1.70e-159	503
PfGN01_090005800|DBLd|1|2589|3085	QE0433-C.g223	25.771	454	189	16	5	452	1200	1511	8.91e-26	114
PfGN01_090005800|DBLd|1|2589|3085	QE0433-C.g223	25.606	371	144	11	1	362	1577	1824	1.89e-23	107
PfGN01_090005800|CIDRb|1|3086|3354	PT0095-C.g16	78.030	264	49	5	1	264	850	1104	1.92e-118	368
PfGN01_090005800|CIDRb|1|3086|3354	PT0095-C.g16	29.114	158	101	5	113	260	95	251	5.46e-07	52.8
PfGN01_090005800|CIDRb|1|3086|3354	PF0609-C.g5812	70.588	272	71	6	1	269	1848	2113	2.27e-115	366
PfGN01_090005800|CIDRb|1|3086|3354	QG0202-C.g615	63.838	271	86	7	1	269	1338	1598	1.08e-100	324
PfGN01_090005800|CIDRb|1|3086|3354	PM0084-C.g156	61.423	267	99	3	1	267	1400	1662	2.15e-100	323
PfGN01_090005800|CIDRb|1|3086|3354	PM0041-C.g684	62.550	251	90	3	1	251	1427	1673	3.64e-98	317
PfGN01_090005800|CIDRb|1|3086|3354	PM0041-C.g684	30.952	84	51	1	94	177	641	717	4.20e-07	53.1
PfGN01_090005800|ATS|1|3493|3921	PV0139-C.g51	91.375	429	36	1	1	429	2344	2771	0.0	807
PfGN01_090005800|ATS|1|3493|3921	PA0262-C.g127	88.641	449	30	3	1	429	2860	3307	0.0	800
PfGN01_090005800|ATS|1|3493|3921	QE0463-C.g287	91.163	430	36	2	1	429	2589	3017	0.0	796
PfGN01_090005800|ATS|1|3493|3921	PT0256-C.g286	86.860	449	37	4	1	429	2267	2713	0.0	779
PfGN01_090005800|ATS|1|3493|3921	QE0448-C.g49	89.044	429	45	2	1	429	2723	3149	0.0	778
PfGN01_090042900|NTS|1|1|75	PT0066-C.g145	100.000	75	0	0	1	75	1	75	9.63e-44	151
PfGN01_090042900|NTS|1|1|75	PA0015-C.g527	100.000	75	0	0	1	75	1	75	1.24e-43	151
PfGN01_090042900|NTS|1|1|75	PF0449-C.g506	90.667	75	7	0	1	75	1	75	3.09e-39	138
PfGN01_090042900|NTS|1|1|75	PA0263-C.g1463	90.667	75	7	0	1	75	1	75	3.22e-39	138
PfGN01_090042900|NTS|1|1|75	PM0160-C.g1220	90.667	75	7	0	1	75	1	75	3.22e-39	138
PfGN01_090042900|DBLa|1|76|474	PA0008-C.g55	94.500	400	21	1	1	399	76	475	0.0	784
PfGN01_090042900|DBLa|1|76|474	PA0008-C.g55	31.230	317	163	11	21	319	811	1090	5.56e-36	142
PfGN01_090042900|DBLa|1|76|474	PT0066-C.g145	94.514	401	20	2	1	399	76	476	0.0	782
PfGN01_090042900|DBLa|1|76|474	PT0066-C.g145	30.508	295	154	10	52	319	845	1115	2.72e-34	137
PfGN01_090042900|DBLa|1|76|474	PT0066-C.g145	21.889	434	245	15	46	399	2207	2626	1.41e-13	75.1
PfGN01_090042900|DBLa|1|76|474	PT0066-C.g145	26.316	209	111	7	110	318	1737	1902	3.75e-10	64.7
PfGN01_090042900|DBLa|1|76|474	PF0609-C.g5813	91.000	400	35	1	1	399	76	475	0.0	753
PfGN01_090042900|DBLa|1|76|474	PF0609-C.g5813	31.962	316	162	10	21	319	812	1091	2.11e-38	149
PfGN01_090042900|DBLa|1|76|474	PF0609-C.g5813	25.540	278	147	11	57	318	1640	1873	2.43e-10	65.1
PfGN01_090042900|DBLa|1|76|474	PA0237-C.g507	91.000	400	35	1	1	399	76	475	0.0	753
PfGN01_090042900|DBLa|1|76|474	PA0237-C.g507	31.962	316	162	10	21	319	812	1091	2.39e-38	149
PfGN01_090042900|DBLa|1|76|474	PA0237-C.g507	25.540	278	147	11	57	318	1640	1873	2.45e-10	65.1
PfGN01_090042900|DBLa|1|76|474	SenT232.08.g255	86.750	400	52	1	1	399	76	475	0.0	721
PfGN01_090042900|DBLa|1|76|474	SenT232.08.g255	31.688	385	192	17	1	361	790	1127	3.33e-35	140
PfGN01_090042900|DBLa|1|76|474	SenT232.08.g255	26.471	238	138	7	116	347	1363	1569	7.91e-14	75.9
PfGN01_090042900|DBLa|1|76|474	SenT232.08.g255	25.000	284	167	10	51	320	1670	1921	1.25e-11	69.3
PfGN01_090042900|DBLa|1|76|474	SenT232.08.g255	21.918	292	168	8	127	369	2389	2669	5.76e-07	54.3
PfGN01_090042900|CIDRa|1|475|726	PA0237-C.g507	98.413	252	4	0	1	252	476	727	4.83e-168	514
PfGN01_090042900|CIDRa|1|475|726	PM0113-C.g350	98.016	252	5	0	1	252	51	302	3.82e-166	511
PfGN01_090042900|CIDRa|1|475|726	PM0113-C.g350	29.070	258	162	10	5	251	2572	2819	6.84e-14	73.6
PfGN01_090042900|CIDRa|1|475|726	PF0609-C.g5813	96.032	252	10	0	1	252	476	727	3.52e-163	500
PfGN01_090042900|CIDRa|1|475|726	PA0030-C.g1632	92.063	252	19	1	1	252	317	567	1.54e-119	377
PfGN01_090042900|CIDRa|1|475|726	PA0015-C.g527	92.063	252	19	1	1	252	474	724	1.93e-119	377
PfGN01_090042900|DBLb|1|735|1245	PT0066-C.g145	84.100	522	56	7	1	511	736	1241	0.0	890
PfGN01_090042900|DBLb|1|735|1245	PT0066-C.g145	29.967	307	152	9	101	369	114	395	5.41e-32	133
PfGN01_090042900|DBLb|1|735|1245	PT0066-C.g145	27.070	314	176	10	106	399	1659	1939	7.03e-16	83.6
PfGN01_090042900|DBLb|1|735|1245	PT0066-C.g145	25.175	286	163	11	104	368	1295	1550	1.90e-07	56.6
PfGN01_090042900|DBLb|1|735|1245	PT0063-C.g72	72.296	527	117	10	1	511	740	1253	0.0	755
PfGN01_090042900|DBLb|1|735|1245	PT0063-C.g72	28.814	354	175	15	67	368	70	398	1.32e-29	126
PfGN01_090042900|DBLb|1|735|1245	PT0063-C.g72	23.970	267	136	8	112	354	1316	1539	5.84e-08	58.2
PfGN01_090042900|DBLb|1|735|1245	PT0063-C.g72	23.602	322	171	11	110	367	1797	2107	1.49e-07	57.0
PfGN01_090042900|DBLb|1|735|1245	PA0214-C.g1067	66.729	532	130	9	1	511	735	1240	0.0	687
PfGN01_090042900|DBLb|1|735|1245	PA0214-C.g1067	31.879	298	144	8	106	369	123	395	3.43e-35	143
PfGN01_090042900|DBLb|1|735|1245	PA0214-C.g1067	26.923	312	173	11	102	388	1666	1947	3.91e-21	100
PfGN01_090042900|DBLb|1|735|1245	PF0058-C.g190	67.742	527	140	10	1	511	727	1239	0.0	686
PfGN01_090042900|DBLb|1|735|1245	PF0058-C.g190	27.759	299	150	10	107	369	118	386	2.54e-23	107
PfGN01_090042900|DBLb|1|735|1245	PF0058-C.g190	26.545	437	203	17	102	511	1667	2012	3.48e-20	97.4
PfGN01_090042900|DBLb|1|735|1245	PF0058-C.g190	23.368	291	162	9	102	369	1295	1547	3.08e-11	68.9
PfGN01_090042900|DBLb|1|735|1245	PM0113-C.g350	69.632	517	123	11	1	511	311	799	0.0	684
PfGN01_090042900|DBLb|1|735|1245	PM0113-C.g350	26.224	286	148	12	112	367	1613	1865	1.86e-19	95.1
PfGN01_090042900|DBLb|1|735|1245	PM0113-C.g350	25.876	371	208	10	62	399	1167	1503	3.65e-15	81.3
PfGN01_090042900|DBLb|1|735|1245	PM0113-C.g350	25.338	296	162	13	98	368	843	1104	1.44e-08	60.1
PfGN01_090042900|DBLg|1|1261|1653	PM0063-C.g166	98.982	393	4	0	1	393	1251	1643	0.0	811
PfGN01_090042900|DBLg|1|1261|1653	PM0063-C.g166	41.714	350	174	9	1	343	1660	1986	4.54e-69	238
PfGN01_090042900|DBLg|1|1261|1653	PM0063-C.g166	31.518	257	132	8	45	257	2301	2557	9.12e-30	124
PfGN01_090042900|DBLg|1|1261|1653	PM0063-C.g166	23.697	422	213	12	49	393	846	1235	3.57e-22	101
PfGN01_090042900|DBLg|1|1261|1653	PM0063-C.g166	26.990	289	157	12	47	305	129	393	3.45e-11	67.8
PfGN01_090042900|DBLg|1|1261|1653	PA0012-C.g555	98.728	393	5	0	1	393	1246	1638	0.0	806
PfGN01_090042900|DBLg|1|1261|1653	PA0012-C.g555	46.040	404	185	10	1	393	1655	2036	1.41e-91	303
PfGN01_090042900|DBLg|1|1261|1653	PA0012-C.g555	28.205	468	227	13	1	366	2202	2662	7.24e-38	148
PfGN01_090042900|DBLg|1|1261|1653	PA0012-C.g555	27.873	409	224	14	40	393	838	1230	9.82e-34	135
PfGN01_090042900|DBLg|1|1261|1653	PA0012-C.g555	24.085	328	180	10	45	335	129	424	7.45e-10	63.5
PfGN01_090042900|DBLg|1|1261|1653	PF0263-C.g511	90.840	393	36	0	1	393	1249	1641	0.0	743
PfGN01_090042900|DBLg|1|1261|1653	PF0263-C.g511	42.812	313	145	10	1	305	1658	1944	5.33e-58	206
PfGN01_090042900|DBLg|1|1261|1653	PF0263-C.g511	29.730	444	167	18	1	307	2256	2691	3.10e-34	137
PfGN01_090042900|DBLg|1|1261|1653	PF0263-C.g511	24.823	423	209	13	49	393	842	1233	6.38e-21	97.8
PfGN01_090042900|DBLg|1|1261|1653	PF0263-C.g511	26.154	325	191	10	47	344	128	430	2.30e-12	71.2
PfGN01_090042900|DBLg|1|1261|1653	PA0065-C.g305	76.650	394	81	5	1	393	1226	1609	0.0	599
PfGN01_090042900|DBLg|1|1261|1653	PA0065-C.g305	45.885	401	190	13	1	393	1997	2378	3.81e-97	320
PfGN01_090042900|DBLg|1|1261|1653	PA0065-C.g305	33.908	348	202	9	1	340	1617	1944	2.24e-42	161
PfGN01_090042900|DBLg|1|1261|1653	PA0065-C.g305	27.394	449	236	19	1	393	796	1210	1.81e-30	126
PfGN01_090042900|DBLg|1|1261|1653	PA0065-C.g305	25.397	441	190	13	1	306	2639	3075	7.76e-29	121
PfGN01_090042900|DBLg|1|1261|1653	PA0065-C.g305	25.357	280	150	11	45	293	127	378	1.42e-08	59.3
PfGN01_090042900|DBLg|1|1261|1653	PT0156-C.g1171	76.650	394	81	5	1	393	1226	1609	0.0	598
PfGN01_090042900|DBLg|1|1261|1653	PT0156-C.g1171	45.409	403	189	14	1	393	1994	2375	1.00e-94	312
PfGN01_090042900|DBLg|1|1261|1653	PT0156-C.g1171	33.908	348	202	9	1	340	1617	1944	2.37e-42	161
PfGN01_090042900|DBLg|1|1261|1653	PT0156-C.g1171	27.394	449	236	19	1	393	796	1210	1.85e-30	126
PfGN01_090042900|DBLg|1|1261|1653	PT0156-C.g1171	27.187	423	176	15	1	305	2557	2965	3.69e-25	110
PfGN01_090042900|DBLg|1|1261|1653	PT0156-C.g1171	25.357	280	150	11	45	293	127	378	1.40e-08	59.7
PfGN01_090042900|DBLg|2|1670|2049	PM0037-C.g526	86.649	382	43	3	1	380	1644	2019	0.0	680
PfGN01_090042900|DBLg|2|1670|2049	PM0037-C.g526	44.505	364	160	10	42	380	1281	1627	1.02e-73	251
PfGN01_090042900|DBLg|2|1670|2049	PM0037-C.g526	25.481	416	176	16	1	295	2230	2632	5.16e-22	100
PfGN01_090042900|DBLg|2|1670|2049	PM0037-C.g526	26.426	333	175	11	10	308	804	1100	1.19e-18	90.5
PfGN01_090042900|DBLg|2|1670|2049	PM0037-C.g526	24.555	281	167	12	43	294	129	393	2.70e-10	64.7
PfGN01_090042900|DBLg|2|1670|2049	QG0218-C.g6098	86.649	382	43	3	1	380	1648	2023	0.0	679
PfGN01_090042900|DBLg|2|1670|2049	QG0218-C.g6098	44.505	364	160	10	42	380	1285	1631	1.07e-73	251
PfGN01_090042900|DBLg|2|1670|2049	QG0218-C.g6098	37.338	308	164	10	26	320	2185	2476	4.02e-50	183
PfGN01_090042900|DBLg|2|1670|2049	QG0218-C.g6098	26.426	333	175	11	10	308	808	1104	1.14e-18	90.5
PfGN01_090042900|DBLg|2|1670|2049	QG0218-C.g6098	24.825	286	160	13	43	294	129	393	3.07e-10	64.7
PfGN01_090042900|DBLg|2|1670|2049	QG0200-C.g729	80.789	380	72	1	1	380	1612	1990	0.0	639
PfGN01_090042900|DBLg|2|1670|2049	QG0200-C.g729	35.690	297	176	6	1	294	1244	1528	7.37e-49	179
PfGN01_090042900|DBLg|2|1670|2049	QG0200-C.g729	26.585	410	228	14	29	380	830	1224	1.24e-30	126
PfGN01_090042900|DBLg|2|1670|2049	QG0200-C.g729	27.005	374	156	13	32	295	2208	2574	2.77e-27	116
PfGN01_090042900|DBLg|2|1670|2049	QG0200-C.g729	21.083	351	231	9	22	341	108	443	1.67e-09	62.4
PfGN01_090042900|DBLg|2|1670|2049	PT0184-C.g4323	80.789	380	72	1	1	380	1599	1977	0.0	639
PfGN01_090042900|DBLg|2|1670|2049	PT0184-C.g4323	36.503	326	167	12	1	308	1222	1525	2.14e-49	181
PfGN01_090042900|DBLg|2|1670|2049	PT0184-C.g4323	26.221	389	205	14	45	380	844	1203	1.61e-22	102
PfGN01_090042900|DBLg|2|1670|2049	PT0184-C.g4323	23.226	310	133	9	44	248	2233	2542	4.40e-18	89.0
PfGN01_090042900|DBLg|2|1670|2049	PT0184-C.g4323	25.108	231	130	8	39	249	127	334	5.87e-10	63.5
PfGN01_090042900|DBLg|2|1670|2049	PA0012-C.g555	82.902	386	56	3	1	380	1655	2036	0.0	622
PfGN01_090042900|DBLg|2|1670|2049	PA0012-C.g555	46.420	405	180	14	1	380	1246	1638	3.37e-90	299
PfGN01_090042900|DBLg|2|1670|2049	PA0012-C.g555	28.866	291	175	8	29	299	831	1109	8.85e-29	120
PfGN01_090042900|DBLg|2|1670|2049	PA0012-C.g555	29.210	291	107	9	42	248	2254	2529	3.87e-27	115
PfGN01_090042900|DBLg|2|1670|2049	PA0012-C.g555	21.823	362	236	11	39	370	127	471	3.19e-11	67.8
PfGN01_090042900|DBLd|1|2226|2690	PV0028-C.g70	77.864	515	44	5	1	465	1781	2275	0.0	787
PfGN01_090042900|DBLd|1|2226|2690	PV0028-C.g70	26.764	411	161	17	1	397	1262	1546	2.72e-24	109
PfGN01_090042900|DBLd|1|2226|2690	PV0028-C.g70	33.333	105	67	1	308	412	340	441	2.99e-13	75.1
PfGN01_090042900|DBLd|1|2226|2690	PH0610-C.g23	77.864	515	44	5	1	465	1781	2275	0.0	787
PfGN01_090042900|DBLd|1|2226|2690	PH0610-C.g23	26.764	411	161	17	1	397	1262	1546	2.72e-24	109
PfGN01_090042900|DBLd|1|2226|2690	PH0610-C.g23	33.333	105	67	1	308	412	340	441	2.99e-13	75.1
PfGN01_090042900|DBLd|1|2226|2690	PH0599-C.g235	77.864	515	44	5	1	465	1781	2275	0.0	787
PfGN01_090042900|DBLd|1|2226|2690	PH0599-C.g235	26.764	411	161	17	1	397	1262	1546	2.72e-24	109
PfGN01_090042900|DBLd|1|2226|2690	PH0599-C.g235	33.333	105	67	1	308	412	340	441	2.99e-13	75.1
PfGN01_090042900|DBLd|1|2226|2690	QE0439-C.g358	77.864	515	44	5	1	465	1772	2266	0.0	786
PfGN01_090042900|DBLd|1|2226|2690	QE0439-C.g358	26.764	411	161	17	1	397	1253	1537	3.06e-24	108
PfGN01_090042900|DBLd|1|2226|2690	QE0439-C.g358	33.333	105	67	1	308	412	331	432	3.41e-13	74.7
PfGN01_090042900|DBLd|1|2226|2690	QE0434-C.g112	77.864	515	44	5	1	465	1772	2266	0.0	786
PfGN01_090042900|DBLd|1|2226|2690	QE0434-C.g112	26.764	411	161	17	1	397	1253	1537	3.06e-24	108
PfGN01_090042900|DBLd|1|2226|2690	QE0434-C.g112	33.333	105	67	1	308	412	331	432	3.41e-13	74.7
PfGN01_090042900|CIDRb|1|2691|2945	QE0461-C.g701	99.608	255	1	0	1	255	1330	1584	1.74e-173	523
PfGN01_090042900|CIDRb|1|2691|2945	QE0466-C.g815	99.608	255	1	0	1	255	1368	1622	5.37e-173	522
PfGN01_090042900|CIDRb|1|2691|2945	QE0466-C.g815	22.901	262	180	6	1	247	489	743	2.72e-11	65.9
PfGN01_090042900|CIDRb|1|2691|2945	PH0594-C.g193	99.608	255	1	0	1	255	1828	2082	4.94e-171	522
PfGN01_090042900|CIDRb|1|2691|2945	PH0594-C.g193	27.559	254	165	11	1	243	63	308	3.40e-13	71.2
PfGN01_090042900|CIDRb|1|2691|2945	PV0028-C.g70	99.608	255	1	0	1	255	2276	2530	5.07e-170	522
PfGN01_090042900|CIDRb|1|2691|2945	PV0028-C.g70	27.559	254	165	11	1	243	511	756	2.30e-13	72.0
PfGN01_090042900|CIDRb|1|2691|2945	PH0610-C.g23	99.608	255	1	0	1	255	2276	2530	5.07e-170	522
PfGN01_090042900|CIDRb|1|2691|2945	PH0610-C.g23	27.559	254	165	11	1	243	511	756	2.30e-13	72.0
PfGN01_090042900|ATS|1|3064|3497	PFKE08.g502	82.028	434	67	7	2	434	2362	2785	0.0	699
PfGN01_090042900|ATS|1|3064|3497	PV0139-C.g51	81.149	435	72	5	2	434	2345	2771	0.0	695
PfGN01_090042900|ATS|1|3064|3497	PT0218-Cx.g21	83.032	442	60	7	2	434	2375	2810	0.0	695
PfGN01_090042900|ATS|1|3064|3497	PC0097-C.g1121	80.401	449	69	5	2	434	3398	3843	0.0	693
PfGN01_090042900|ATS|1|3064|3497	PV0286-C.g2	80.275	436	76	4	1	434	2995	3422	0.0	690
PfGN01_090043100|NTS|1|1|59	QG0190-C.g431	100.000	59	0	0	1	59	1	59	1.67e-33	121
PfGN01_090043100|NTS|1|1|59	PF0263-C.g416	94.444	54	3	0	6	59	5	58	3.40e-26	100
PfGN01_090043100|NTS|1|1|59	PA0253-C.g862	94.444	54	3	0	6	59	5	58	4.63e-26	100
PfGN01_090043100|NTS|1|1|59	PT0117-C.g1216	94.444	54	3	0	6	59	5	58	1.19e-25	99.4
PfGN01_090043100|NTS|1|1|59	PT0137-C.g572	88.462	52	6	0	8	59	7	58	1.36e-23	93.2
PfGN01_090043100|DBLa|1|60|460	PA0262-C.g689	95.511	401	18	0	1	401	59	459	0.0	804
PfGN01_090043100|DBLa|1|60|460	PA0262-C.g689	31.679	262	147	9	29	279	1672	1912	9.21e-28	118
PfGN01_090043100|DBLa|1|60|460	PA0262-C.g689	29.537	281	142	9	56	320	845	1085	1.01e-23	106
PfGN01_090043100|DBLa|1|60|460	PA0262-C.g689	25.914	301	160	13	42	340	2077	2316	9.46e-14	75.9
PfGN01_090043100|DBLa|1|60|460	PA0262-C.g689	21.477	298	178	8	39	322	1244	1499	3.60e-09	61.2
PfGN01_090043100|DBLa|1|60|460	PC0019-C.g3	91.294	402	32	2	1	401	60	459	0.0	770
PfGN01_090043100|DBLa|1|60|460	PC0019-C.g3	29.137	278	140	10	56	320	816	1049	2.00e-24	108
PfGN01_090043100|DBLa|1|60|460	PC0019-C.g3	21.122	303	194	9	35	320	1212	1486	1.20e-10	65.9
PfGN01_090043100|DBLa|1|60|460	PA0041-C.g498	89.277	401	43	0	1	401	60	460	0.0	757
PfGN01_090043100|DBLa|1|60|460	PA0041-C.g498	30.942	223	110	10	56	258	847	1045	3.42e-16	83.2
PfGN01_090043100|DBLa|1|60|460	PA0041-C.g498	21.678	286	166	8	45	320	1242	1479	5.47e-09	60.8
PfGN01_090043100|DBLa|1|60|460	SenT105.07.g137	87.811	402	48	1	1	401	59	460	0.0	751
PfGN01_090043100|DBLa|1|60|460	SenT105.07.g137	29.799	349	200	13	28	362	1671	1988	2.51e-31	129
PfGN01_090043100|DBLa|1|60|460	SenT105.07.g137	32.271	251	128	9	56	287	847	1074	3.94e-24	107
PfGN01_090043100|DBLa|1|60|460	SenT105.07.g137	24.668	377	214	12	39	392	1247	1576	3.38e-13	73.9
PfGN01_090043100|DBLa|1|60|460	SenT105.07.g137	23.776	286	153	11	40	324	2062	2283	8.13e-13	72.8
PfGN01_090043100|DBLa|1|60|460	QG0190-C.g431	85.608	403	56	1	1	401	60	462	0.0	721
PfGN01_090043100|DBLa|1|60|460	QG0190-C.g431	29.355	310	187	10	50	350	1698	1984	1.96e-24	108
PfGN01_090043100|DBLa|1|60|460	QG0190-C.g431	29.537	281	142	9	56	320	850	1090	1.39e-23	105
PfGN01_090043100|DBLa|1|60|460	QG0190-C.g431	26.407	231	136	8	19	249	2062	2258	3.37e-11	67.8
PfGN01_090043100|DBLa|1|60|460	QG0190-C.g431	24.268	239	156	6	39	266	1255	1479	3.72e-11	67.8
PfGN01_090043100|CIDRa|1|461|711	PC0019-C.g3	95.618	251	11	0	1	251	460	710	2.52e-161	488
PfGN01_090043100|CIDRa|1|461|711	PA0148-C.g797	94.024	251	15	0	1	251	451	701	1.65e-158	481
PfGN01_090043100|CIDRa|1|461|711	PA0041-C.g498	93.625	251	16	0	1	251	461	711	1.17e-157	482
PfGN01_090043100|CIDRa|1|461|711	SenT105.07.g137	94.024	251	15	0	1	251	461	711	1.88e-155	479
PfGN01_090043100|CIDRa|1|461|711	PC0008_02.g8	90.837	251	23	0	1	251	91	341	1.21e-153	462
PfGN01_090043100|DBLb|1|737|1199	SenT105.07.g137	94.658	468	20	2	1	463	737	1204	0.0	917
PfGN01_090043100|DBLb|1|737|1199	SenT105.07.g137	28.540	452	245	14	43	463	1619	2023	6.74e-39	153
PfGN01_090043100|DBLb|1|737|1199	SenT105.07.g137	29.545	352	183	18	24	338	23	346	6.36e-22	102
PfGN01_090043100|DBLb|1|737|1199	SenT105.07.g137	29.213	267	136	9	95	355	2060	2279	1.89e-21	100
PfGN01_090043100|DBLb|1|737|1199	SenT105.07.g137	25.275	273	152	10	105	355	1258	1500	1.99e-11	68.9
PfGN01_090043100|DBLb|1|737|1199	QG0190-C.g431	79.281	473	83	6	1	463	740	1207	0.0	754
PfGN01_090043100|DBLb|1|737|1199	QG0190-C.g431	29.584	409	200	16	89	463	1681	2035	3.05e-31	130
PfGN01_090043100|DBLb|1|737|1199	QG0190-C.g431	29.305	331	159	14	111	395	115	416	1.04e-23	107
PfGN01_090043100|DBLb|1|737|1199	QG0190-C.g431	29.302	215	112	7	101	307	2084	2266	7.28e-18	89.4
PfGN01_090043100|DBLb|1|737|1199	QG0190-C.g431	26.855	283	144	11	101	355	1262	1509	9.05e-15	79.7
PfGN01_090043100|DBLb|1|737|1199	PA0262-C.g689	78.178	472	89	5	1	463	735	1201	0.0	748
PfGN01_090043100|DBLb|1|737|1199	PA0262-C.g689	29.056	413	206	17	89	463	1672	2035	8.58e-35	140
PfGN01_090043100|DBLb|1|737|1199	PA0262-C.g689	32.510	243	118	10	111	328	114	335	3.32e-22	102
PfGN01_090043100|DBLb|1|737|1199	PA0262-C.g689	30.627	271	138	11	95	358	2072	2299	1.95e-20	97.4
PfGN01_090043100|DBLb|1|737|1199	PA0262-C.g689	27.206	272	146	10	107	356	1257	1498	6.70e-15	80.1
PfGN01_090043100|DBLb|1|737|1199	PM0161-C.g30	74.573	468	108	5	1	463	557	1018	0.0	706
PfGN01_090043100|DBLb|1|737|1199	PM0161-C.g30	25.291	344	179	12	54	355	1014	1321	1.51e-16	85.1
PfGN01_090043100|DBLb|1|737|1199	PM0161-C.g30	30.457	197	95	6	194	356	1	189	1.97e-15	81.6
PfGN01_090043100|DBLb|1|737|1199	PT0181-C.g1873	71.306	467	122	4	1	463	733	1191	0.0	680
PfGN01_090043100|DBLb|1|737|1199	PT0181-C.g1873	32.283	381	185	15	19	362	1587	1931	1.31e-39	155
PfGN01_090043100|DBLb|1|737|1199	PT0181-C.g1873	30.196	255	127	11	111	338	114	344	5.25e-19	92.8
PfGN01_090043100|DBLb|1|737|1199	PT0181-C.g1873	28.897	263	137	11	107	359	2056	2278	9.27e-17	85.9
PfGN01_090043100|DBLb|1|737|1199	PT0181-C.g1873	24.027	437	237	19	59	463	1202	1575	4.77e-12	71.2
PfGN01_090043100|DBLg|1|1216|1566	PA0030-C.g1223	60.763	367	123	7	1	351	779	1140	5.06e-138	422
PfGN01_090043100|DBLg|1|1216|1566	PA0030-C.g1223	26.230	305	157	13	38	293	112	397	8.31e-15	78.2
PfGN01_090043100|DBLg|1|1216|1566	QG0194-C.g347	60.665	361	122	7	1	351	1188	1538	1.21e-132	419
PfGN01_090043100|DBLg|1|1216|1566	QG0194-C.g347	28.721	383	131	13	43	283	1667	2049	9.45e-34	134
PfGN01_090043100|DBLg|1|1216|1566	QG0194-C.g347	27.132	258	127	12	44	275	842	1064	1.73e-14	77.4
PfGN01_090043100|DBLg|1|1216|1566	QG0194-C.g347	24.342	304	168	9	30	287	99	386	2.52e-13	73.9
PfGN01_090043100|DBLg|1|1216|1566	PM0152-C.g325	59.673	367	132	6	1	351	1208	1574	4.02e-132	418
PfGN01_090043100|DBLg|1|1216|1566	PM0152-C.g325	40.688	349	173	9	1	324	1589	1928	7.80e-67	230
PfGN01_090043100|DBLg|1|1216|1566	PM0152-C.g325	26.855	283	154	10	41	287	108	373	4.72e-15	79.0
PfGN01_090043100|DBLg|1|1216|1566	PM0152-C.g325	26.087	230	119	10	35	239	820	1023	6.39e-09	60.1
PfGN01_090043100|DBLg|1|1216|1566	PM0152-C.g325	24.506	253	144	13	28	260	2050	2275	3.87e-07	54.7
PfGN01_090043100|DBLg|1|1216|1566	QG0296-C.g3962	59.116	362	128	6	1	351	1209	1561	1.23e-131	417
PfGN01_090043100|DBLg|1|1216|1566	QG0296-C.g3962	30.990	384	170	15	1	297	1603	1978	1.04e-37	146
PfGN01_090043100|DBLg|1|1216|1566	QG0296-C.g3962	26.263	297	171	10	30	289	109	394	1.17e-14	77.8
PfGN01_090043100|DBLg|1|1216|1566	QG0296-C.g3962	25.830	271	146	8	42	288	856	1095	3.43e-14	76.3
PfGN01_090043100|DBLg|1|1216|1566	PD0497-C.g419	59.167	360	133	5	1	351	1270	1624	1.67e-130	413
PfGN01_090043100|DBLg|1|1216|1566	PD0497-C.g419	28.117	377	144	13	40	289	1716	2092	1.67e-31	128
PfGN01_090043100|DBLg|1|1216|1566	PD0497-C.g419	28.980	245	131	8	41	253	115	348	8.93e-16	81.3
PfGN01_090043100|DBLg|1|1216|1566	PD0497-C.g419	25.632	277	160	10	44	295	889	1144	5.16e-13	72.8
PfGN01_090043100|DBLd|1|1601|2012	PF0011-C.g15	95.631	412	17	1	1	412	1314	1724	0.0	791
PfGN01_090043100|DBLd|1|1601|2012	PF0011-C.g15	35.093	322	143	11	27	346	939	1196	4.40e-43	164
PfGN01_090043100|DBLd|1|1601|2012	PF0011-C.g15	26.791	321	177	11	143	412	185	498	2.40e-15	80.9
PfGN01_090043100|DBLd|1|1601|2012	PV0087-C.g3	68.957	422	113	10	1	412	756	1169	7.74e-163	508
PfGN01_090043100|DBLd|1|1601|2012	PV0087-C.g3	33.152	368	186	10	25	387	1495	1807	5.55e-46	172
PfGN01_090043100|DBLd|1|1601|2012	PV0087-C.g3	23.743	358	188	15	48	387	1950	2240	3.14e-10	64.7
PfGN01_090043100|DBLd|1|1601|2012	PD0632-C.g725	68.957	422	113	10	1	412	1251	1664	2.14e-162	508
PfGN01_090043100|DBLd|1|1601|2012	PD0632-C.g725	33.952	377	184	10	25	396	1990	2306	2.74e-49	182
PfGN01_090043100|DBLd|1|1601|2012	PD0632-C.g725	28.616	318	166	12	143	412	175	479	2.51e-20	96.3
PfGN01_090043100|DBLd|1|1601|2012	PD0632-C.g725	26.316	171	104	5	137	295	2512	2672	1.39e-09	62.8
PfGN01_090043100|DBLd|1|1601|2012	PD0497-C.g300	68.957	422	113	10	1	412	1251	1664	2.14e-162	508
PfGN01_090043100|DBLd|1|1601|2012	PD0497-C.g300	33.952	377	184	10	25	396	1990	2306	2.74e-49	182
PfGN01_090043100|DBLd|1|1601|2012	PD0497-C.g300	28.616	318	166	12	143	412	175	479	2.51e-20	96.3
PfGN01_090043100|DBLd|1|1601|2012	PD0497-C.g300	26.316	171	104	5	137	295	2512	2672	1.39e-09	62.8
PfGN01_090043100|DBLd|1|1601|2012	PA0018-C.g250	61.937	444	134	9	1	412	85	525	1.82e-161	496
PfGN01_090043100|DBLd|1|1601|2012	PA0018-C.g250	35.052	388	191	14	1	382	1199	1531	1.62e-49	182
PfGN01_090043100|DBLd|1|1601|2012	PA0018-C.g250	22.903	310	162	11	34	342	882	1115	6.06e-12	70.1
PfGN01_090043100|CIDRb|1|2013|2266	PA0008-C.g123	100.000	254	0	0	1	254	379	632	1.79e-172	515
PfGN01_090043100|CIDRb|1|2013|2266	PT0206-Cx.g940	100.000	254	0	0	1	254	359	612	2.09e-172	514
PfGN01_090043100|CIDRb|1|2013|2266	PA0018-C.g250	100.000	254	0	0	1	254	526	779	4.26e-172	517
PfGN01_090043100|CIDRb|1|2013|2266	QG0281-C.g844	100.000	254	0	0	1	254	513	766	5.64e-172	516
PfGN01_090043100|CIDRb|1|2013|2266	PC0058-C.g763	100.000	254	0	0	1	254	658	911	4.04e-171	517
PfGN01_090043100|DBLe|1|2318|2637	PF0011-C.g15	99.688	320	1	0	1	320	2030	2349	0.0	662
PfGN01_090043100|DBLe|1|2318|2637	PF0011-C.g15	24.390	328	194	8	43	320	946	1269	2.26e-21	97.4
PfGN01_090043100|DBLe|1|2318|2637	PF0011-C.g15	25.210	238	120	7	44	223	105	342	5.71e-11	65.9
PfGN01_090043100|DBLe|1|2318|2637	PA0148-C.g572	91.250	320	28	0	1	320	1698	2017	0.0	608
PfGN01_090043100|DBLe|1|2318|2637	PA0148-C.g572	25.758	264	128	9	51	249	111	371	2.40e-14	76.3
PfGN01_090043100|DBLe|1|2318|2637	PM0132-C.g170	90.312	320	31	0	1	320	2002	2321	0.0	602
PfGN01_090043100|DBLe|1|2318|2637	PM0132-C.g170	27.215	316	181	9	53	320	824	1138	9.96e-24	104
PfGN01_090043100|DBLe|1|2318|2637	PM0132-C.g170	27.444	266	138	12	36	252	102	361	5.97e-14	75.1
PfGN01_090043100|DBLe|1|2318|2637	PH0643-C.g594	90.312	320	31	0	1	320	1757	2076	0.0	602
PfGN01_090043100|DBLe|1|2318|2637	PH0643-C.g594	24.917	301	150	11	39	264	105	404	7.04e-15	77.8
PfGN01_090043100|DBLe|1|2318|2637	PD0555-C.g581	88.750	320	36	0	1	320	1614	1933	0.0	592
PfGN01_090043100|DBLe|1|2318|2637	PD0555-C.g581	28.631	241	119	10	43	232	99	337	3.92e-15	78.6
PfGN01_090043100|ATS|1|2706|3140	PA0245-C.g391	86.937	444	41	4	1	435	2512	2947	0.0	757
PfGN01_090043100|ATS|1|2706|3140	PC0122-C.g100	87.799	418	50	1	1	418	1987	2403	0.0	726
PfGN01_090043100|ATS|1|2706|3140	PV0028-C.g50	81.659	458	59	4	1	435	2600	3055	0.0	722
PfGN01_090043100|ATS|1|2706|3140	PA0270-C.g443	80.963	457	63	4	1	435	2185	2639	0.0	713
PfGN01_090043100|ATS|1|2706|3140	PV0028-C.g43	79.954	439	82	5	1	435	1843	2279	0.0	707
PfGN01_100005600|NTS|1|1|69	PF0180-C.g474	98.551	69	1	0	1	69	1	69	3.79e-39	138
PfGN01_100005600|NTS|1|1|69	PA0221-C.g602	98.551	69	1	0	1	69	1	69	7.72e-38	134
PfGN01_100005600|NTS|1|1|69	PF0399-C.g155	84.615	52	8	0	6	57	7	58	3.55e-22	89.7
PfGN01_100005600|NTS|1|1|69	PA0134-C.g855	64.286	70	24	1	1	69	4	73	2.23e-21	87.4
PfGN01_100005600|NTS|1|1|69	QG0182-C.g842	70.000	70	15	2	1	69	1	65	2.60e-21	87.4
PfGN01_100005600|DBLa|1|70|492	PF0180-C.g474	92.056	428	25	4	1	423	70	493	0.0	801
PfGN01_100005600|DBLa|1|70|492	PF0180-C.g474	32.203	177	101	4	210	383	1156	1316	8.27e-16	82.4
PfGN01_100005600|DBLa|1|70|492	PA0221-C.g602	89.720	428	37	3	1	423	70	495	0.0	756
PfGN01_100005600|DBLa|1|70|492	PA0221-C.g602	27.123	365	200	16	101	423	1025	1365	5.45e-16	83.2
PfGN01_100005600|DBLa|1|70|492	PA0221-C.g602	23.137	255	133	8	52	303	1716	1910	1.19e-08	60.1
PfGN01_100005600|DBLa|1|70|492	PF0617-C.g345	65.000	440	132	6	1	423	75	509	0.0	564
PfGN01_100005600|DBLa|1|70|492	PF0617-C.g345	33.564	289	154	12	54	340	1772	2024	1.20e-28	121
PfGN01_100005600|DBLa|1|70|492	PF0617-C.g345	26.791	321	163	11	139	423	1099	1383	6.16e-16	82.8
PfGN01_100005600|DBLa|1|70|492	PF0617-C.g345	23.427	286	145	10	55	340	2155	2366	1.54e-09	62.8
PfGN01_100005600|DBLa|1|70|492	PA0202-C.g693	67.143	420	118	5	18	423	83	496	0.0	556
PfGN01_100005600|DBLa|1|70|492	PA0202-C.g693	26.182	275	143	8	186	423	1047	1298	1.77e-13	75.1
PfGN01_100005600|DBLa|1|70|492	QG0218-C.g363	66.905	420	119	5	18	423	83	496	0.0	552
PfGN01_100005600|DBLa|1|70|492	QG0218-C.g363	25.455	275	145	6	186	423	1051	1302	8.90e-14	76.3
PfGN01_100005600|CIDRa|1|493|779	PA0221-C.g602	97.569	288	6	1	1	287	496	783	0.0	584
PfGN01_100005600|CIDRa|1|493|779	PF0180-C.g474	97.569	288	6	1	1	287	494	781	0.0	581
PfGN01_100005600|CIDRa|1|493|779	SenT097.11.g170	75.932	295	54	5	1	284	511	799	6.00e-141	426
PfGN01_100005600|CIDRa|1|493|779	PT0027-C.g328	76.610	295	53	5	1	287	534	820	1.69e-138	433
PfGN01_100005600|CIDRa|1|493|779	PF0507-C.g689	71.854	302	64	4	1	284	494	792	2.13e-137	427
PfGN01_100005600|DBLd|1|869|1382	PM0054-C.g1179	53.641	563	188	17	1	514	2148	2686	8.01e-159	502
PfGN01_100005600|DBLd|1|869|1382	PM0054-C.g1179	25.163	461	186	17	1	455	1591	1898	2.44e-26	116
PfGN01_100005600|DBLd|1|869|1382	PM0054-C.g1179	28.261	184	109	8	350	514	285	464	9.98e-09	60.8
PfGN01_100005600|DBLd|1|869|1382	PA0067-C.g549	50.933	536	214	16	1	514	88	596	6.95e-154	466
PfGN01_100005600|DBLd|1|869|1382	SenP051.02.g269	50.631	555	199	16	1	514	914	1434	6.98e-152	478
PfGN01_100005600|DBLd|1|869|1382	SenP051.02.g269	25.234	214	111	7	348	514	302	513	3.87e-11	68.6
PfGN01_100005600|DBLd|1|869|1382	PC0071-C.g482	53.119	529	193	16	1	514	1313	1801	6.39e-150	477
PfGN01_100005600|DBLd|1|869|1382	PC0071-C.g482	25.627	359	132	13	32	390	2148	2371	1.12e-20	99.0
PfGN01_100005600|DBLd|1|869|1382	PC0071-C.g482	30.556	144	83	6	354	483	322	462	4.63e-09	62.0
PfGN01_100005600|DBLd|1|869|1382	PC0071-C.g482	34.314	102	48	3	362	463	3046	3128	4.71e-07	55.5
PfGN01_100005600|DBLd|1|869|1382	QG0237-C.g2786	48.358	548	228	14	1	514	91	617	7.64e-148	450
PfGN01_100005600|CIDRb|1|1383|1636	PA0152-C.g210	69.084	262	71	3	2	254	1465	1725	1.63e-109	348
PfGN01_100005600|CIDRb|1|1383|1636	PM0038-C.g444	71.373	255	64	7	3	251	682	933	7.36e-108	336
PfGN01_100005600|CIDRb|1|1383|1636	PA0069-C.g152	74.569	232	56	2	3	232	2262	2492	7.09e-107	341
PfGN01_100005600|CIDRb|1|1383|1636	PA0068-C.g55	74.569	232	56	2	3	232	2262	2492	7.09e-107	341
PfGN01_100005600|CIDRb|1|1383|1636	PA0050-C.g145	74.569	232	56	2	3	232	2262	2492	7.09e-107	341
PfGN01_100005600|ATS|1|1749|2217	PV0239-C.g10	76.517	511	65	11	1	469	3361	3858	0.0	733
PfGN01_100005600|ATS|1|1749|2217	PFKE12.g465	73.465	505	83	11	1	469	1773	2262	0.0	694
PfGN01_100005600|ATS|1|1749|2217	PC0097-C.g664	77.406	478	69	11	1	469	2364	2811	0.0	691
PfGN01_100005600|ATS|1|1749|2217	PA0245-C.g998	74.691	486	78	7	1	469	1706	2163	0.0	687
PfGN01_100005600|ATS|1|1749|2217	PT0170-C.g672	75.424	472	99	8	1	469	1768	2225	0.0	681
PfGN01_100005800|NTS|1|1|72	PT0230-Cx.g789	100.000	72	0	0	1	72	1	72	1.91e-42	147
PfGN01_100005800|NTS|1|1|72	PM0058-C.g426	100.000	72	0	0	1	72	1	72	2.06e-42	147
PfGN01_100005800|NTS|1|1|72	PM0060-C.g613	100.000	72	0	0	1	72	1	72	2.53e-42	147
PfGN01_100005800|NTS|1|1|72	PfKE05.g286	100.000	72	0	0	1	72	1	72	2.90e-42	147
PfGN01_100005800|NTS|1|1|72	PM0133-C.g643	100.000	72	0	0	1	72	1	72	3.69e-42	147
PfGN01_100005800|DBLa|1|73|477	PT0230-Cx.g789	96.790	405	13	0	1	405	73	477	0.0	810
PfGN01_100005800|DBLa|1|73|477	PT0230-Cx.g789	32.746	284	144	9	58	326	1380	1631	1.98e-36	144
PfGN01_100005800|DBLa|1|73|477	PT0230-Cx.g789	34.276	283	132	11	58	326	861	1103	1.53e-32	132
PfGN01_100005800|DBLa|1|73|477	PT0230-Cx.g789	29.052	327	176	15	117	405	2423	2731	3.03e-18	89.7
PfGN01_100005800|DBLa|1|73|477	PT0230-Cx.g789	25.656	343	144	14	31	328	1756	2032	1.25e-13	75.5
PfGN01_100005800|DBLa|1|73|477	PM0058-C.g426	92.593	405	30	0	1	405	73	477	0.0	756
PfGN01_100005800|DBLa|1|73|477	PM0058-C.g426	38.043	276	122	10	8	266	807	1050	1.23e-39	153
PfGN01_100005800|DBLa|1|73|477	PM0058-C.g426	25.740	338	184	10	38	355	1702	1992	2.76e-15	80.5
PfGN01_100005800|DBLa|1|73|477	PM0058-C.g426	25.610	328	148	10	53	346	1323	1588	5.26e-14	76.6
PfGN01_100005800|DBLa|1|73|477	PM0060-C.g613	90.172	407	38	2	1	405	73	479	0.0	726
PfGN01_100005800|DBLa|1|73|477	PM0060-C.g613	37.184	277	123	10	8	266	809	1052	2.86e-39	152
PfGN01_100005800|DBLa|1|73|477	PM0060-C.g613	35.870	276	130	11	58	325	1853	2089	2.09e-32	132
PfGN01_100005800|DBLa|1|73|477	PM0060-C.g613	31.165	369	197	12	8	360	1329	1656	1.49e-30	126
PfGN01_100005800|DBLa|1|73|477	PM0060-C.g613	25.405	370	183	15	104	405	2507	2851	7.02e-13	73.2
PfGN01_100005800|DBLa|1|73|477	PM0133-C.g643	90.172	407	38	2	1	405	73	479	0.0	725
PfGN01_100005800|DBLa|1|73|477	PM0133-C.g643	38.043	276	122	10	8	266	809	1052	1.01e-39	154
PfGN01_100005800|DBLa|1|73|477	PM0133-C.g643	31.437	334	177	9	8	326	1326	1622	1.33e-34	139
PfGN01_100005800|DBLa|1|73|477	PM0133-C.g643	28.933	356	182	12	1	339	1806	2107	2.94e-31	129
PfGN01_100005800|DBLa|1|73|477	PM0133-C.g643	27.692	325	177	9	114	405	2477	2776	6.37e-24	107
PfGN01_100005800|DBLa|1|73|477	PfKE04.g406	90.172	407	38	2	1	405	284	690	0.0	725
PfGN01_100005800|DBLa|1|73|477	PfKE04.g406	36.823	277	124	10	8	266	1020	1263	7.03e-39	151
PfGN01_100005800|DBLa|1|73|477	PfKE04.g406	32.184	348	173	11	8	338	1518	1819	4.13e-38	149
PfGN01_100005800|DBLa|1|73|477	PfKE04.g406	32.746	284	136	9	58	326	2039	2282	2.08e-33	135
PfGN01_100005800|DBLa|1|73|477	PfKE04.g406	31.197	234	121	6	117	329	2706	2920	3.69e-16	83.2
PfGN01_100005800|CIDRa|1|478|729	PT0230-Cx.g789	94.048	252	15	0	1	252	478	729	1.28e-151	469
PfGN01_100005800|CIDRa|1|478|729	PA0187-C.g23	92.063	252	20	0	1	252	468	719	4.93e-148	459
PfGN01_100005800|CIDRa|1|478|729	PA0089-C.g383	92.063	252	20	0	1	252	468	719	5.53e-148	459
PfGN01_100005800|CIDRa|1|478|729	QG0204-C.g967	92.063	252	20	0	1	252	468	719	1.75e-147	457
PfGN01_100005800|CIDRa|1|478|729	PT0109-C.g136	92.063	252	20	0	1	252	468	719	2.27e-147	457
PfGN01_100005800|CIDRa|1|478|729	PT0109-C.g136	25.856	263	158	11	10	252	2634	2879	7.81e-09	58.2
PfGN01_100005800|DBLb|1|738|1230	PT0008-CW.g552	80.507	513	64	5	16	493	734	1245	0.0	807
PfGN01_100005800|DBLb|1|738|1230	PT0008-CW.g552	33.220	295	148	13	93	352	88	368	4.35e-30	127
PfGN01_100005800|DBLb|1|738|1230	PM0153-C.g138	80.117	513	66	5	16	493	60	571	0.0	803
PfGN01_100005800|DBLb|1|738|1230	PM0153-C.g138	45.800	500	206	17	1	493	605	1046	1.55e-115	377
PfGN01_100005800|DBLb|1|738|1230	PM0153-C.g138	26.000	300	160	9	112	369	1098	1377	1.88e-17	88.6
PfGN01_100005800|DBLb|1|738|1230	PT0230-Cx.g789	77.932	503	95	7	1	493	738	1234	0.0	765
PfGN01_100005800|DBLb|1|738|1230	PT0230-Cx.g789	43.307	508	226	12	1	493	1258	1718	4.04e-117	381
PfGN01_100005800|DBLb|1|738|1230	PT0230-Cx.g789	37.238	239	108	8	130	341	130	353	5.49e-31	130
PfGN01_100005800|DBLb|1|738|1230	PT0230-Cx.g789	27.305	282	132	11	129	369	1780	2029	3.91e-14	78.2
PfGN01_100005800|DBLb|1|738|1230	QG0186-C.g681	76.099	523	89	9	1	493	726	1242	0.0	754
PfGN01_100005800|DBLb|1|738|1230	QG0186-C.g681	25.635	433	213	14	112	493	2078	2452	8.54e-29	123
PfGN01_100005800|DBLb|1|738|1230	QG0186-C.g681	27.020	396	214	13	129	493	1316	1667	1.37e-28	122
PfGN01_100005800|DBLb|1|738|1230	QG0186-C.g681	32.781	302	143	12	130	389	125	408	8.27e-27	117
PfGN01_100005800|DBLb|1|738|1230	PM0076-C.g323	75.595	504	99	7	1	493	729	1219	0.0	754
PfGN01_100005800|DBLb|1|738|1230	PM0076-C.g323	31.193	327	164	14	130	413	130	438	1.21e-27	120
PfGN01_100005800|DBLb|1|738|1230	PM0076-C.g323	24.648	284	131	7	129	363	1303	1552	2.87e-14	78.6
PfGN01_100005800|DBLg|1|1266|1653	PM0160-C.g1335	99.742	388	1	0	1	388	1683	2070	0.0	809
PfGN01_100005800|DBLg|1|1266|1653	PM0160-C.g1335	29.651	344	162	10	38	305	2300	2639	3.50e-34	137
PfGN01_100005800|DBLg|1|1266|1653	PM0160-C.g1335	25.271	277	157	7	46	305	842	1085	9.80e-20	94.0
PfGN01_100005800|DBLg|1|1266|1653	PM0160-C.g1335	25.163	306	179	10	41	323	122	400	1.17e-17	87.8
PfGN01_100005800|DBLg|1|1266|1653	PM0160-C.g1335	23.797	374	203	12	46	388	1344	1666	2.67e-16	83.6
PfGN01_100005800|DBLg|1|1266|1653	PFKE07.g569	75.128	390	86	4	1	388	1708	2088	0.0	591
PfGN01_100005800|DBLg|1|1266|1653	PFKE07.g569	34.339	431	179	20	39	386	2281	2690	1.17e-47	176
PfGN01_100005800|DBLg|1|1266|1653	PFKE07.g569	24.181	397	215	13	31	388	1342	1691	2.88e-18	89.4
PfGN01_100005800|DBLg|1|1266|1653	PFKE07.g569	27.698	278	160	10	44	305	834	1086	7.07e-17	85.1
PfGN01_100005800|DBLg|1|1266|1653	PFKE07.g569	27.083	288	161	11	30	291	106	370	2.59e-15	80.5
PfGN01_100005800|DBLg|1|1266|1653	SenT150.09.g160	73.469	392	91	5	1	388	601	983	0.0	568
PfGN01_100005800|DBLg|1|1266|1653	SenT150.09.g160	44.051	395	187	15	1	388	1029	1396	2.78e-82	276
PfGN01_100005800|DBLg|1|1266|1653	SenT150.09.g160	27.306	271	161	8	46	305	221	466	5.83e-19	91.7
PfGN01_100005800|DBLg|1|1266|1653	PF0240-C.g151	67.506	397	113	5	1	388	1240	1629	2.17e-176	546
PfGN01_100005800|DBLg|1|1266|1653	PF0240-C.g151	27.930	401	186	15	39	337	1803	2202	1.53e-33	135
PfGN01_100005800|DBLg|1|1266|1653	PF0240-C.g151	25.815	368	209	9	46	388	895	1223	1.07e-21	99.8
PfGN01_100005800|DBLg|1|1266|1653	PF0240-C.g151	27.653	311	173	11	46	338	367	643	1.69e-20	96.3
PfGN01_100005800|DBLg|1|1266|1653	PC0030-C.g5	68.687	396	101	6	1	388	559	939	2.44e-173	525
PfGN01_100005800|DBLg|1|1266|1653	PC0030-C.g5	42.714	398	187	12	1	388	957	1323	1.68e-85	285
PfGN01_100005800|DBLg|1|1266|1653	PC0030-C.g5	23.969	388	221	13	30	388	200	542	2.62e-18	89.4
PfGN01_100005800|DBLd|1|1813|2252	PFKE11.g294	80.368	489	47	4	1	440	2241	2729	0.0	771
PfGN01_100005800|DBLd|1|1813|2252	PFKE11.g294	33.227	313	143	10	47	354	1789	2040	4.44e-41	159
PfGN01_100005800|DBLd|1|1813|2252	PFKE11.g294	28.527	319	178	10	139	440	190	475	2.53e-20	96.7
PfGN01_100005800|DBLd|1|1813|2252	PA0041-C.g596	75.840	476	75	7	1	440	903	1374	0.0	695
PfGN01_100005800|DBLd|1|1813|2252	PA0041-C.g596	27.706	231	135	7	138	354	176	388	1.29e-17	88.2
PfGN01_100005800|DBLd|1|1813|2252	PM0152-C.g701	88.108	370	40	3	71	440	2679	3044	0.0	645
PfGN01_100005800|DBLd|1|1813|2252	PM0152-C.g701	32.176	432	209	16	1	409	2020	2390	1.56e-46	174
PfGN01_100005800|DBLd|1|1813|2252	PM0152-C.g701	32.312	359	163	15	1	351	1639	1925	9.58e-40	155
PfGN01_100005800|DBLd|1|1813|2252	PM0152-C.g701	23.962	313	198	7	139	440	112	395	6.75e-15	79.7
PfGN01_100005800|DBLd|1|1813|2252	QG0186-C.g926	59.394	495	121	12	1	440	819	1288	1.41e-170	522
PfGN01_100005800|DBLd|1|1813|2252	QG0186-C.g926	27.964	329	185	12	138	440	182	484	3.16e-22	102
PfGN01_100005800|DBLd|1|1813|2252	PT0184-C.g4593	62.987	462	118	12	1	423	1694	2141	1.45e-165	518
PfGN01_100005800|DBLd|1|1813|2252	PT0184-C.g4593	35.359	362	163	13	1	354	821	1119	5.52e-52	191
PfGN01_100005800|DBLd|1|1813|2252	PT0184-C.g4593	33.239	352	178	11	31	377	1321	1620	7.02e-42	161
PfGN01_100005800|DBLd|1|1813|2252	PT0184-C.g4593	30.556	324	163	10	139	440	188	471	1.76e-23	106
PfGN01_100005800|CIDRb|1|2253|2509	PT0215-Cx.g828	99.611	257	1	0	1	257	1449	1705	3.05e-175	530
PfGN01_100005800|CIDRb|1|2253|2509	PFKE11.g294	100.000	257	0	0	1	257	2730	2986	3.40e-172	528
PfGN01_100005800|CIDRb|1|2253|2509	PFKE11.g294	28.033	239	159	10	5	238	480	710	2.39e-08	57.0
PfGN01_100005800|CIDRb|1|2253|2509	PT0144-C.g554	99.611	257	1	0	1	257	2183	2439	1.15e-171	526
PfGN01_100005800|CIDRb|1|2253|2509	PT0144-C.g554	37.553	237	141	6	3	236	464	696	1.07e-35	137
PfGN01_100005800|CIDRb|1|2253|2509	PA0263-C.g1321	65.267	262	76	6	1	257	1302	1553	2.01e-99	320
PfGN01_100005800|CIDRb|1|2253|2509	SenT231.08.g315	70.611	262	69	6	1	257	1380	1638	2.89e-99	319
PfGN01_100005800|ATS|1|2648|3073	PFKE01.g6	86.620	426	56	1	1	426	2709	3133	0.0	760
PfGN01_100005800|ATS|1|2648|3073	QE0448-C.g49	87.617	428	50	3	1	426	2723	3149	0.0	757
PfGN01_100005800|ATS|1|2648|3073	QE0468-C.g202	83.857	446	51	3	2	426	2890	3335	0.0	748
PfGN01_100005800|ATS|1|2648|3073	PfKE02.g4	89.070	430	42	4	1	426	3080	3508	0.0	748
PfGN01_100005800|ATS|1|2648|3073	PD0507-C.g210	84.309	427	65	2	1	426	3017	3442	0.0	734
PfGN01_100005900|NTS|1|1|148	PA0034-C.g103	98.551	69	1	0	80	148	6	74	9.25e-39	141
PfGN01_100005900|NTS|1|1|148	PA0087-C.g408	100.000	55	0	0	94	148	71	125	9.10e-32	121
PfGN01_100005900|NTS|1|1|148	PA0260-C.g329	71.171	111	10	3	38	148	23	111	5.96e-29	113
PfGN01_100005900|NTS|1|1|148	PM0068-C.g374	77.049	61	14	0	85	145	7	67	5.74e-23	95.9
PfGN01_100005900|NTS|1|1|148	PT0118-C.g594	78.125	64	13	1	86	148	9	72	8.23e-23	95.5
PfGN01_100005900|DBLa|1|149|545	PA0034-C.g103	99.748	397	1	0	1	397	75	471	0.0	835
PfGN01_100005900|DBLa|1|149|545	PA0034-C.g103	30.225	311	147	15	52	339	848	1111	3.39e-25	110
PfGN01_100005900|DBLa|1|149|545	PA0034-C.g103	24.927	341	208	9	16	337	1247	1558	9.57e-13	72.8
PfGN01_100005900|DBLa|1|149|545	PA0034-C.g103	22.267	247	151	4	116	323	1950	2194	2.96e-10	64.7
PfGN01_100005900|DBLa|1|149|545	PA0087-C.g408	96.296	405	7	2	1	397	126	530	0.0	808
PfGN01_100005900|DBLa|1|149|545	PA0087-C.g408	33.333	366	210	13	12	366	2211	2553	2.49e-42	161
PfGN01_100005900|DBLa|1|149|545	PA0087-C.g408	29.042	334	160	13	52	361	900	1180	3.95e-27	116
PfGN01_100005900|DBLa|1|149|545	PA0087-C.g408	27.273	275	148	9	44	318	2634	2856	3.07e-13	74.3
PfGN01_100005900|DBLa|1|149|545	PA0087-C.g408	24.924	329	171	13	34	318	1769	2065	1.96e-11	68.6
PfGN01_100005900|DBLa|1|149|545	PA0087-C.g408	22.183	284	175	10	1	253	1248	1516	1.97e-08	58.9
PfGN01_100005900|DBLa|1|149|545	PA0260-C.g329	95.802	405	9	2	1	397	112	516	0.0	808
PfGN01_100005900|DBLa|1|149|545	PA0260-C.g329	31.132	318	161	11	14	314	854	1130	1.68e-30	126
PfGN01_100005900|DBLa|1|149|545	PA0260-C.g329	27.245	323	173	16	37	340	1287	1566	1.22e-13	75.5
PfGN01_100005900|DBLa|1|149|545	PA0260-C.g329	24.790	238	137	7	116	313	1921	2156	9.45e-08	57.0
PfGN01_100005900|DBLa|1|149|545	PA0184-C.g300	74.755	408	89	6	1	397	112	516	0.0	615
PfGN01_100005900|DBLa|1|149|545	PA0184-C.g300	31.621	253	132	8	40	271	879	1111	1.27e-26	114
PfGN01_100005900|DBLa|1|149|545	PA0184-C.g300	27.243	301	187	10	116	397	1867	2154	1.96e-15	80.9
PfGN01_100005900|DBLa|1|149|545	PA0184-C.g300	24.691	324	182	15	48	344	1297	1585	9.54e-12	69.3
PfGN01_100005900|DBLa|1|149|545	PD0555-C.g365	68.900	418	105	7	1	397	68	481	0.0	562
PfGN01_100005900|DBLa|1|149|545	PD0555-C.g365	34.016	244	122	9	52	279	861	1081	1.02e-27	118
PfGN01_100005900|DBLa|1|149|545	PD0555-C.g365	24.058	345	195	13	112	397	1876	2212	5.43e-14	76.6
PfGN01_100005900|DBLa|1|149|545	PD0555-C.g365	23.345	287	160	9	52	318	1265	1511	2.60e-09	62.0
PfGN01_100005900|CIDRa|1|546|797	PA0034-C.g103	100.000	252	0	0	1	252	472	723	4.35e-170	522
PfGN01_100005900|CIDRa|1|546|797	PA0087-C.g408	99.603	252	1	0	1	252	531	782	4.53e-168	516
PfGN01_100005900|CIDRa|1|546|797	PA0260-C.g329	98.016	252	5	0	1	252	517	768	8.03e-167	512
PfGN01_100005900|CIDRa|1|546|797	PA0260-C.g329	27.879	165	114	3	86	247	2322	2484	3.40e-08	56.2
PfGN01_100005900|CIDRa|1|546|797	PF0638-C.g5545	98.016	252	5	0	1	252	484	735	1.92e-166	511
PfGN01_100005900|CIDRa|1|546|797	PA0184-C.g300	95.635	252	11	0	1	252	517	768	1.01e-162	501
PfGN01_100005900|DBLb|1|806|1265	PA0087-C.g408	100.000	460	0	0	1	460	791	1250	0.0	961
PfGN01_100005900|DBLb|1|806|1265	PA0087-C.g408	28.469	418	215	16	76	460	2217	2583	7.87e-37	147
PfGN01_100005900|DBLb|1|806|1265	PA0087-C.g408	27.507	349	182	12	110	408	185	512	1.26e-24	110
PfGN01_100005900|DBLb|1|806|1265	PA0087-C.g408	27.481	262	141	9	107	362	2639	2857	8.50e-19	92.4
PfGN01_100005900|DBLb|1|806|1265	PA0087-C.g408	25.547	274	151	8	104	350	1303	1550	4.05e-11	68.2
PfGN01_100005900|DBLb|1|806|1265	SenT030.11.g361	80.973	473	73	5	1	460	772	1240	0.0	765
PfGN01_100005900|DBLb|1|806|1265	SenT030.11.g361	26.410	390	214	15	16	356	67	432	7.49e-22	101
PfGN01_100005900|DBLb|1|806|1265	SenT030.11.g361	27.437	277	155	7	100	356	1298	1548	1.16e-18	92.0
PfGN01_100005900|DBLb|1|806|1265	PA0039-C.g84	81.356	472	74	4	1	460	778	1247	0.0	759
PfGN01_100005900|DBLb|1|806|1265	PA0039-C.g84	24.829	439	245	16	16	392	70	485	2.41e-20	97.1
PfGN01_100005900|DBLb|1|806|1265	PA0039-C.g84	23.099	342	200	9	104	412	1303	1614	2.90e-16	84.3
PfGN01_100005900|DBLb|1|806|1265	SenT232.08.g75	81.356	472	74	4	1	460	778	1247	0.0	758
PfGN01_100005900|DBLb|1|806|1265	SenT232.08.g75	25.389	386	215	13	61	392	119	485	2.51e-20	97.1
PfGN01_100005900|DBLb|1|806|1265	SenT232.08.g75	23.099	342	200	9	104	412	1303	1614	2.94e-16	84.3
PfGN01_100005900|DBLb|1|806|1265	PA0134-C.g647	80.810	469	79	5	1	460	163	629	0.0	756
PfGN01_100005900|DBLb|1|806|1265	PA0134-C.g647	26.214	412	222	17	81	460	696	1057	1.35e-24	110
PfGN01_100005900|DBLg|1|1280|1649	PA0059-C.g456	100.000	370	0	0	1	370	1250	1619	0.0	776
PfGN01_100005900|DBLg|1|1280|1649	PA0059-C.g456	28.612	353	150	12	43	293	1810	2162	4.16e-22	100
PfGN01_100005900|DBLg|1|1280|1649	PA0059-C.g456	28.966	290	147	9	28	293	872	1126	2.01e-16	83.6
PfGN01_100005900|DBLg|1|1280|1649	PA0059-C.g456	26.122	245	140	11	117	330	236	470	2.06e-09	62.0
PfGN01_100005900|DBLg|1|1280|1649	PA0034-C.g515	100.000	370	0	0	1	370	397	766	0.0	775
PfGN01_100005900|DBLg|1|1280|1649	PA0034-C.g515	40.925	281	120	11	1	242	870	1143	7.13e-51	184
PfGN01_100005900|DBLg|1|1280|1649	PA0034-C.g515	27.815	302	158	12	32	304	22	292	5.94e-18	88.2
PfGN01_100005900|DBLg|1|1280|1649	PA0087-C.g408	100.000	370	0	0	1	370	1265	1634	0.0	774
PfGN01_100005900|DBLg|1|1280|1649	PA0087-C.g408	40.876	411	191	14	1	370	1738	2137	2.04e-80	270
PfGN01_100005900|DBLg|1|1280|1649	PA0087-C.g408	24.551	334	184	12	41	370	2638	2907	2.67e-16	83.2
PfGN01_100005900|DBLg|1|1280|1649	PA0087-C.g408	25.510	294	164	9	39	304	894	1160	2.38e-13	74.3
PfGN01_100005900|DBLg|1|1280|1649	PA0087-C.g408	22.569	288	181	10	28	292	2235	2503	6.12e-12	69.7
PfGN01_100005900|DBLg|1|1280|1649	PA0087-C.g408	23.846	260	152	11	8	252	158	386	3.74e-08	57.8
PfGN01_100005900|DBLg|1|1280|1649	QG0228-C.g15	88.406	276	25	2	1	270	783	1057	7.94e-159	474
PfGN01_100005900|DBLg|1|1280|1649	QG0228-C.g15	28.966	290	147	9	28	293	405	659	2.48e-16	83.2
PfGN01_100005900|DBLg|1|1280|1649	PA0163-C.g1106	67.905	377	106	6	1	367	1367	1738	1.90e-152	477
PfGN01_100005900|DBLg|1|1280|1649	PA0163-C.g1106	33.333	324	135	9	43	293	1807	2122	2.19e-41	157
PfGN01_100005900|DBLg|1|1280|1649	PA0163-C.g1106	27.675	271	140	11	22	280	2922	3148	1.78e-14	77.8
PfGN01_100005900|DBLg|1|1280|1649	PA0163-C.g1106	29.915	234	102	10	97	292	932	1141	3.25e-13	73.6
PfGN01_100005900|DBLg|1|1280|1649	PA0163-C.g1106	25.753	299	166	12	26	293	116	389	4.30e-13	73.6
PfGN01_100005900|DBLg|1|1280|1649	PA0163-C.g1106	23.204	362	212	13	43	370	2560	2889	2.52e-11	67.8
PfGN01_100005900|DBLg|2|1753|2152	PA0087-C.g408	100.000	400	0	0	1	400	1738	2137	0.0	830
PfGN01_100005900|DBLg|2|1753|2152	PA0087-C.g408	40.146	411	194	13	1	400	1265	1634	6.66e-76	258
PfGN01_100005900|DBLg|2|1753|2152	PA0087-C.g408	23.848	369	182	14	39	400	2631	2907	2.68e-14	77.4
PfGN01_100005900|DBLg|2|1753|2152	PA0087-C.g408	22.150	307	166	11	43	324	2246	2504	1.76e-11	68.6
PfGN01_100005900|DBLg|2|1753|2152	PA0087-C.g408	23.881	335	175	12	32	328	159	451	1.30e-08	59.7
PfGN01_100005900|DBLg|2|1753|2152	PA0087-C.g408	24.793	363	195	15	1	338	852	1161	1.24e-07	56.6
PfGN01_100005900|DBLg|2|1753|2152	QE0466-C.g300	85.149	404	55	3	1	400	1203	1605	0.0	684
PfGN01_100005900|DBLg|2|1753|2152	QE0466-C.g300	23.839	323	186	11	43	350	1714	1991	6.87e-14	76.3
PfGN01_100005900|DBLg|2|1753|2152	QE0466-C.g300	21.676	346	194	11	32	347	111	409	2.50e-09	62.0
PfGN01_100005900|DBLg|2|1753|2152	QE0466-C.g300	22.222	369	187	14	39	400	2093	2368	4.75e-09	60.8
PfGN01_100005900|DBLg|2|1753|2152	QE0466-C.g300	27.439	164	103	5	33	186	820	977	3.04e-07	55.5
PfGN01_100005900|DBLg|2|1753|2152	PV0082-C.g33	82.090	402	69	2	1	400	1286	1686	0.0	640
PfGN01_100005900|DBLg|2|1753|2152	PV0082-C.g33	24.749	299	163	12	43	323	1795	2049	1.29e-15	81.6
PfGN01_100005900|DBLg|2|1753|2152	PV0082-C.g33	23.018	391	200	14	18	400	2152	2449	1.83e-15	81.3
PfGN01_100005900|DBLg|2|1753|2152	PV0082-C.g33	23.056	360	182	13	32	347	102	410	3.03e-08	58.5
PfGN01_100005900|DBLg|2|1753|2152	PV0082-C.g33	22.884	319	161	12	36	323	837	1101	6.15e-08	57.4
PfGN01_100005900|DBLg|2|1753|2152	PM0073-C.g1455	82.090	402	69	2	1	400	197	597	0.0	639
PfGN01_100005900|DBLg|2|1753|2152	PM0073-C.g1455	23.670	376	186	14	33	400	1078	1360	1.90e-15	80.9
PfGN01_100005900|DBLg|2|1753|2152	PM0073-C.g1455	24.749	299	163	12	43	323	706	960	1.93e-15	80.9
PfGN01_100005900|DBLg|2|1753|2152	QE0401-C.g433	77.000	400	68	4	1	400	1287	1662	0.0	583
PfGN01_100005900|DBLg|2|1753|2152	QE0401-C.g433	24.119	369	179	15	39	400	2156	2430	6.78e-14	76.3
PfGN01_100005900|DBLg|2|1753|2152	QE0401-C.g433	21.782	303	172	10	43	324	1771	2029	9.18e-11	66.6
PfGN01_100005900|DBLz|1|2176|2598	PA0087-C.g408	100.000	423	0	0	1	423	2161	2583	0.0	872
PfGN01_100005900|DBLz|1|2176|2598	PA0087-C.g408	34.049	326	187	10	89	393	181	499	5.60e-40	155
PfGN01_100005900|DBLz|1|2176|2598	PA0087-C.g408	28.777	417	215	15	57	423	866	1250	4.34e-37	146
PfGN01_100005900|DBLz|1|2176|2598	PA0087-C.g408	28.571	308	169	12	48	353	2604	2862	2.09e-20	96.7
PfGN01_100005900|DBLz|1|2176|2598	PA0087-C.g408	22.150	307	166	11	86	344	1780	2061	5.91e-12	70.5
PfGN01_100005900|DBLz|1|2176|2598	PA0087-C.g408	22.105	285	180	10	75	340	1292	1553	4.49e-11	67.8
PfGN01_100005900|DBLz|1|2176|2598	PA0046-C.g421	100.000	423	0	0	1	423	306	728	0.0	870
PfGN01_100005900|DBLz|1|2176|2598	PA0046-C.g421	28.803	309	167	12	48	353	749	1007	1.89e-20	96.7
PfGN01_100005900|DBLz|1|2176|2598	PA0034-C.g498	100.000	423	0	0	1	423	306	728	0.0	870
PfGN01_100005900|DBLz|1|2176|2598	PA0034-C.g498	28.803	309	167	12	48	353	749	1007	1.89e-20	96.7
PfGN01_100005900|DBLz|1|2176|2598	QE0401-C.g433	94.799	423	22	0	1	423	1686	2108	0.0	815
PfGN01_100005900|DBLz|1|2176|2598	QE0401-C.g433	32.316	393	216	13	2	372	777	1141	5.44e-48	178
PfGN01_100005900|DBLz|1|2176|2598	QE0401-C.g433	33.234	337	189	9	89	393	124	456	4.62e-40	155
PfGN01_100005900|DBLz|1|2176|2598	QE0401-C.g433	29.126	309	164	13	48	353	2129	2385	8.46e-19	91.7
PfGN01_100005900|DBLz|1|2176|2598	QE0401-C.g433	24.667	300	167	12	74	344	1317	1586	2.23e-10	65.5
PfGN01_100005900|DBLz|1|2176|2598	QG0232-C.g3794	81.324	423	79	0	1	423	432	854	0.0	707
PfGN01_100005900|DBLz|1|2176|2598	QG0232-C.g3794	30.537	298	164	10	89	385	909	1164	1.67e-23	105
PfGN01_100005900|DBLz|1|2176|2598	QG0232-C.g3794	26.370	292	179	7	65	344	50	317	2.46e-14	77.8
PfGN01_100005900|DBLe|1|2604|2922	PA0087-C.g408	100.000	319	0	0	1	319	2589	2907	0.0	669
PfGN01_100005900|DBLe|1|2604|2922	PA0087-C.g408	28.896	308	168	12	16	274	2208	2513	7.40e-21	95.9
PfGN01_100005900|DBLe|1|2604|2922	PA0087-C.g408	27.099	262	142	8	51	269	897	1152	1.26e-19	92.0
PfGN01_100005900|DBLe|1|2604|2922	PA0087-C.g408	23.423	333	167	11	42	292	1775	2101	1.83e-13	73.6
PfGN01_100005900|DBLe|1|2604|2922	PA0087-C.g408	24.551	334	184	13	50	319	1305	1634	1.06e-11	68.2
PfGN01_100005900|DBLe|1|2604|2922	PA0087-C.g408	25.092	271	151	6	50	268	181	451	1.70e-11	67.8
PfGN01_100005900|DBLe|1|2604|2922	PA0046-C.g421	100.000	319	0	0	1	319	734	1052	0.0	667
PfGN01_100005900|DBLe|1|2604|2922	PA0046-C.g421	28.896	308	168	12	16	274	353	658	4.16e-21	96.3
PfGN01_100005900|DBLe|1|2604|2922	PA0046-C.g421	23.506	251	118	8	111	292	1	246	1.77e-08	58.2
PfGN01_100005900|DBLe|1|2604|2922	PA0034-C.g498	100.000	319	0	0	1	319	734	1052	0.0	667
PfGN01_100005900|DBLe|1|2604|2922	PA0034-C.g498	28.896	308	168	12	16	274	353	658	4.16e-21	96.3
PfGN01_100005900|DBLe|1|2604|2922	PA0034-C.g498	23.506	251	118	8	111	292	1	246	1.77e-08	58.2
PfGN01_100005900|DBLe|1|2604|2922	PT0052-C.g89	99.057	318	3	0	2	319	683	1000	0.0	656
PfGN01_100005900|DBLe|1|2604|2922	PT0052-C.g89	27.986	293	166	9	16	263	307	599	1.98e-23	103
PfGN01_100005900|DBLe|1|2604|2922	PT0052-C.g89	24.277	173	92	6	154	292	31	198	5.40e-07	53.5
PfGN01_100005900|DBLe|1|2604|2922	QE0401-C.g433	93.730	319	18	1	1	319	2114	2430	0.0	623
PfGN01_100005900|DBLe|1|2604|2922	QE0401-C.g433	30.651	261	139	7	51	276	869	1122	1.09e-24	107
PfGN01_100005900|DBLe|1|2604|2922	QE0401-C.g433	28.896	308	168	12	16	274	1733	2038	3.11e-21	97.1
PfGN01_100005900|DBLe|1|2604|2922	QE0401-C.g433	25.325	308	169	10	42	292	1323	1626	8.30e-14	74.7
PfGN01_100005900|DBLe|1|2604|2922	QE0401-C.g433	23.529	289	151	9	50	269	124	411	1.20e-10	65.1
PfGN01_100005900|ATS|1|2993|3424	PC0122-C.g20	81.093	439	71	7	2	432	2347	2781	0.0	707
PfGN01_100005900|ATS|1|2993|3424	PA0245-C.g391	80.899	445	63	7	1	432	2512	2947	0.0	697
PfGN01_100005900|ATS|1|2993|3424	PV0028-C.g43	79.365	441	78	9	1	432	1843	2279	0.0	684
PfGN01_100005900|ATS|1|2993|3424	PA0270-C.g443	78.384	458	70	7	1	432	2185	2639	0.0	683
PfGN01_100005900|ATS|1|2993|3424	PFKE11.g708	78.027	446	82	6	1	432	1918	2361	0.0	683
PfGN01_100045900|NTS|1|1|61	QG0275-C.g386	69.697	66	15	2	1	61	1	66	1.23e-20	85.1
PfGN01_100045900|NTS|1|1|61	PA0064-C.g400	69.355	62	18	1	1	61	1	62	2.55e-19	81.3
PfGN01_100045900|NTS|1|1|61	PA0245-C.g106	72.131	61	16	1	2	61	5	65	6.05e-19	80.1
PfGN01_100045900|NTS|1|1|61	PH0516-C.g305	70.968	62	17	1	1	61	1	62	8.63e-19	79.7
PfGN01_100045900|NTS|1|1|61	PD0555-C.g560	70.968	62	17	1	1	61	1	62	9.80e-19	79.7
PfGN01_100045900|DBLa|1|62|513	PM0021-C.g1172	63.420	462	136	13	1	452	31	469	0.0	557
PfGN01_100045900|DBLa|1|62|513	PM0021-C.g1172	29.448	326	154	13	11	324	805	1066	2.06e-26	115
PfGN01_100045900|DBLa|1|62|513	PD0527-C.g584	61.269	457	152	7	1	452	63	499	6.25e-176	537
PfGN01_100045900|DBLa|1|62|513	PD0527-C.g584	23.980	392	243	12	73	452	966	1314	1.48e-10	66.2
PfGN01_100045900|DBLa|1|62|513	PD0569-C.g804	61.269	457	152	7	1	452	63	499	9.91e-176	537
PfGN01_100045900|DBLa|1|62|513	PD0569-C.g804	23.980	392	243	12	73	452	966	1314	1.53e-10	66.2
PfGN01_100045900|DBLa|1|62|513	PD0550-C.g652	61.269	457	152	7	1	452	63	499	9.91e-176	537
PfGN01_100045900|DBLa|1|62|513	PD0550-C.g652	23.980	392	243	12	73	452	966	1314	1.53e-10	66.2
PfGN01_100045900|DBLa|1|62|513	PD0549-C.g687	61.269	457	152	7	1	452	63	499	9.91e-176	537
PfGN01_100045900|DBLa|1|62|513	PD0549-C.g687	23.980	392	243	12	73	452	966	1314	1.53e-10	66.2
PfGN01_100045900|CIDRa|1|514|765	PT0181-C.g10	93.173	249	16	1	1	249	478	725	2.47e-157	478
PfGN01_100045900|CIDRa|1|514|765	PT0149-C.g741	93.173	249	16	1	1	249	478	725	2.47e-157	478
PfGN01_100045900|CIDRa|1|514|765	PA0044-C.g644	88.353	249	28	1	1	249	478	725	3.04e-149	456
PfGN01_100045900|CIDRa|1|514|765	SenT232.08.g181	88.755	249	23	1	1	249	491	734	1.02e-148	460
PfGN01_100045900|CIDRa|1|514|765	SenT232.08.g181	28.477	151	101	4	44	193	1823	1967	9.12e-07	52.0
PfGN01_100045900|CIDRa|1|514|765	PF0400-C.g471	83.133	249	42	0	1	249	473	721	7.72e-140	425
PfGN01_100045900|DBLb|1|783|1255	SenT077.11.g238	94.292	473	24	2	1	473	61	530	0.0	929
PfGN01_100045900|DBLb|1|783|1255	SenT040.11.g347	94.292	473	24	2	1	473	211	680	0.0	927
PfGN01_100045900|DBLb|1|783|1255	QG0246-C.g2395	76.160	474	86	6	1	473	769	1216	0.0	717
PfGN01_100045900|DBLb|1|783|1255	QG0246-C.g2395	28.200	500	273	14	1	473	2026	2466	1.68e-46	176
PfGN01_100045900|DBLb|1|783|1255	QG0246-C.g2395	29.231	390	206	16	14	357	22	387	6.93e-32	132
PfGN01_100045900|DBLb|1|783|1255	QG0246-C.g2395	31.174	247	131	8	117	357	2522	2735	7.60e-26	114
PfGN01_100045900|DBLb|1|783|1255	PA0161-C.g424	72.878	483	98	6	1	473	739	1198	0.0	698
PfGN01_100045900|DBLb|1|783|1255	PA0161-C.g424	31.392	395	196	16	59	395	60	437	4.04e-30	127
PfGN01_100045900|DBLb|1|783|1255	PA0270-C.g860	71.926	488	111	11	1	473	728	1204	0.0	694
PfGN01_100045900|DBLb|1|783|1255	PA0270-C.g860	30.597	402	210	11	96	473	2428	2784	1.17e-41	161
PfGN01_100045900|DBLb|1|783|1255	PA0270-C.g860	31.287	342	177	13	4	311	2	319	1.31e-30	128
PfGN01_100045900|DBLb|1|783|1255	PA0270-C.g860	33.810	210	97	10	115	315	2840	3016	1.08e-21	101
PfGN01_100045900|DBLb|1|783|1255	PA0270-C.g860	24.912	285	159	10	106	357	1255	1517	1.39e-09	63.2
PfGN01_100045900|DBLd|1|1275|1819	QG0236-C.g2664	49.073	593	232	15	1	545	884	1454	3.17e-155	488
PfGN01_100045900|DBLd|1|1275|1819	QG0236-C.g2664	33.708	178	96	8	364	532	308	472	8.10e-10	64.3
PfGN01_100045900|DBLd|1|1275|1819	PT0156-C.g989	48.881	581	218	16	1	545	902	1439	6.54e-155	487
PfGN01_100045900|DBLd|1|1275|1819	PT0156-C.g989	35.484	155	77	7	362	513	308	442	2.07e-12	72.8
PfGN01_100045900|DBLd|1|1275|1819	PF0513-C.g416	47.412	599	216	16	1	545	921	1474	2.50e-154	486
PfGN01_100045900|DBLd|1|1275|1819	PA0075-C.g296	45.691	615	223	13	1	545	61	634	5.22e-151	461
PfGN01_100045900|DBLd|1|1275|1819	PFKE10.g81	48.893	587	209	19	1	545	934	1471	2.52e-149	472
PfGN01_100045900|DBLd|1|1275|1819	PFKE10.g81	31.429	105	66	2	364	468	352	450	1.66e-08	60.1
PfGN01_100045900|CIDRb|1|1820|2078	PA0075-C.g363	81.545	233	38	2	1	229	1365	1596	2.91e-119	376
PfGN01_100045900|CIDRb|1|1820|2078	PH0497-CW.g585	81.545	233	38	2	1	229	1369	1600	3.25e-119	375
PfGN01_100045900|CIDRb|1|1820|2078	PD0496-C.g847	81.545	233	38	2	1	229	1365	1596	3.69e-119	375
PfGN01_100045900|CIDRb|1|1820|2078	SenT058.11.g332	81.545	233	38	2	1	229	1445	1676	3.85e-119	376
PfGN01_100045900|CIDRb|1|1820|2078	PT0141-C.g328	74.144	263	60	4	1	257	1798	2058	1.05e-113	361
PfGN01_100045900|DBLg|1|2130|2472	PT0240-C.g151	82.849	344	55	2	1	343	1914	2254	0.0	582
PfGN01_100045900|DBLg|1|2130|2472	PT0240-C.g151	32.258	310	141	8	44	289	1252	1556	1.55e-41	157
PfGN01_100045900|DBLg|1|2130|2472	PT0240-C.g151	28.105	306	166	14	43	343	2699	2955	4.30e-16	82.0
PfGN01_100045900|DBLg|1|2130|2472	PT0240-C.g151	28.704	216	132	5	39	247	2335	2535	1.26e-14	77.8
PfGN01_100045900|DBLg|1|2130|2472	PT0240-C.g151	25.263	285	177	8	29	293	822	1090	6.57e-12	69.3
PfGN01_100045900|DBLg|1|2130|2472	PT0240-C.g151	24.688	320	187	12	10	288	71	377	1.62e-10	65.1
PfGN01_100045900|DBLg|1|2130|2472	QG0253-C.g2129	82.849	344	55	2	1	343	1920	2260	0.0	581
PfGN01_100045900|DBLg|1|2130|2472	QG0253-C.g2129	32.258	310	141	8	44	289	1258	1562	1.97e-41	156
PfGN01_100045900|DBLg|1|2130|2472	QG0253-C.g2129	28.431	306	165	14	43	343	2705	2961	4.38e-16	82.0
PfGN01_100045900|DBLg|1|2130|2472	QG0253-C.g2129	28.704	216	132	5	39	247	2341	2541	1.38e-14	77.4
PfGN01_100045900|DBLg|1|2130|2472	QG0253-C.g2129	23.208	293	167	8	43	291	108	386	1.62e-10	65.1
PfGN01_100045900|DBLg|1|2130|2472	QG0253-C.g2129	23.985	271	144	9	45	288	841	1076	1.69e-09	62.0
PfGN01_100045900|DBLg|1|2130|2472	PM0071-C.g36	82.849	344	55	2	1	343	1921	2261	0.0	581
PfGN01_100045900|DBLg|1|2130|2472	PM0071-C.g36	32.258	310	141	8	44	289	1259	1563	1.92e-41	156
PfGN01_100045900|DBLg|1|2130|2472	PM0071-C.g36	28.105	306	166	14	43	343	2706	2962	4.30e-16	82.0
PfGN01_100045900|DBLg|1|2130|2472	PM0071-C.g36	23.706	367	207	12	35	343	845	1196	1.57e-15	80.5
PfGN01_100045900|DBLg|1|2130|2472	PM0071-C.g36	28.704	216	132	5	39	247	2342	2542	1.50e-14	77.4
PfGN01_100045900|DBLg|1|2130|2472	PM0071-C.g36	22.327	318	181	13	44	311	116	417	1.72e-08	58.5
PfGN01_100045900|DBLg|1|2130|2472	PF0263-C.g301	78.431	357	63	2	1	343	1198	1554	0.0	555
PfGN01_100045900|DBLg|1|2130|2472	PF0263-C.g301	27.500	240	142	7	39	267	1635	1853	1.98e-13	73.9
PfGN01_100045900|DBLg|1|2130|2472	PF0263-C.g301	25.574	305	176	14	43	343	1997	2254	1.43e-11	68.2
PfGN01_100045900|DBLg|1|2130|2472	PF0263-C.g301	23.810	273	155	9	45	291	836	1081	4.94e-07	53.9
PfGN01_100045900|DBLg|1|2130|2472	PT0137-C.g563	75.143	350	74	4	1	343	1211	1554	7.62e-173	532
PfGN01_100045900|DBLg|1|2130|2472	PT0137-C.g563	25.868	317	182	9	2	291	782	1072	2.95e-13	73.6
PfGN01_100045900|DBLg|1|2130|2472	PT0137-C.g563	30.147	272	139	11	43	308	1997	2223	5.86e-13	72.4
PfGN01_100045900|DBLg|1|2130|2472	PT0137-C.g563	27.442	215	128	7	43	247	1639	1835	1.30e-12	71.2
PfGN01_100045900|DBLg|1|2130|2472	PT0137-C.g563	26.207	290	146	12	44	289	109	374	1.09e-10	65.5
PfGN01_100045900|DBLe|1|2498|2828	PF0311-C.g618	100.000	331	0	0	1	331	900	1230	0.0	692
PfGN01_100045900|DBLe|1|2498|2828	PF0311-C.g618	27.969	261	153	5	45	304	1302	1528	5.83e-27	114
PfGN01_100045900|DBLe|1|2498|2828	PF0311-C.g618	25.940	266	130	8	58	283	138	376	1.08e-14	77.4
PfGN01_100045900|DBLe|1|2498|2828	PF0311-C.g618	24.201	219	140	6	57	256	567	778	9.57e-11	65.5
PfGN01_100045900|DBLe|1|2498|2828	PM0037-C.g1404	100.000	331	0	0	1	331	1602	1932	0.0	691
PfGN01_100045900|DBLe|1|2498|2828	PM0037-C.g1404	27.969	261	153	5	45	304	2004	2230	5.98e-27	114
PfGN01_100045900|DBLe|1|2498|2828	PM0037-C.g1404	25.322	233	121	6	53	258	837	1043	1.75e-13	73.9
PfGN01_100045900|DBLe|1|2498|2828	PM0037-C.g1404	26.071	280	166	10	55	301	127	398	1.76e-12	70.9
PfGN01_100045900|DBLe|1|2498|2828	PM0037-C.g1404	25.676	222	133	7	57	256	1269	1480	5.46e-12	69.3
PfGN01_100045900|DBLe|1|2498|2828	QE0419-C.g294	99.698	331	1	0	1	331	1628	1958	0.0	688
PfGN01_100045900|DBLe|1|2498|2828	QE0419-C.g294	29.119	261	150	6	45	304	2030	2256	4.47e-27	114
PfGN01_100045900|DBLe|1|2498|2828	QE0419-C.g294	27.839	273	144	10	60	301	886	1136	5.26e-19	90.5
PfGN01_100045900|DBLe|1|2498|2828	QE0419-C.g294	25.100	251	159	9	28	256	1263	1506	3.09e-12	70.1
PfGN01_100045900|DBLe|1|2498|2828	QE0419-C.g294	25.974	231	147	8	49	261	129	353	2.76e-09	60.8
PfGN01_100045900|DBLe|1|2498|2828	QE0476-C.g376	99.698	331	1	0	1	331	1598	1928	0.0	687
PfGN01_100045900|DBLe|1|2498|2828	QE0476-C.g376	29.885	261	148	7	45	304	2000	2226	5.29e-27	114
PfGN01_100045900|DBLe|1|2498|2828	QE0476-C.g376	25.000	240	125	6	47	256	846	1060	1.46e-12	71.2
PfGN01_100045900|DBLe|1|2498|2828	QE0476-C.g376	25.100	251	159	9	28	256	1233	1476	2.87e-12	70.1
PfGN01_100045900|DBLe|1|2498|2828	QE0476-C.g376	26.298	289	166	12	63	317	131	406	1.97e-11	67.8
PfGN01_100045900|DBLe|1|2498|2828	QE0468-C.g801	99.698	331	1	0	1	331	802	1132	0.0	686
PfGN01_100045900|DBLe|1|2498|2828	QE0468-C.g801	29.885	261	148	7	45	304	1204	1430	5.77e-27	114
PfGN01_100045900|DBLe|1|2498|2828	QE0468-C.g801	25.000	240	125	6	47	256	50	264	1.57e-12	70.9
PfGN01_100045900|DBLe|1|2498|2828	QE0468-C.g801	25.100	251	159	9	28	256	437	680	2.96e-12	70.1
PfGN01_100045900|DBLe|2|2871|3173	PF0311-C.g618	99.003	301	3	0	3	303	1275	1575	0.0	625
PfGN01_100045900|DBLe|2|2871|3173	PF0311-C.g618	27.969	261	153	5	30	256	944	1203	3.41e-27	114
PfGN01_100045900|DBLe|2|2871|3173	PF0311-C.g618	28.470	281	154	8	36	271	561	839	8.85e-21	95.1
PfGN01_100045900|DBLe|2|2871|3173	PF0311-C.g618	27.304	293	157	10	45	282	140	431	2.12e-20	94.0
PfGN01_100045900|DBLe|2|2871|3173	PM0037-C.g1404	99.003	301	3	0	3	303	1977	2277	0.0	623
PfGN01_100045900|DBLe|2|2871|3173	PM0037-C.g1404	27.969	261	153	5	30	256	1646	1905	3.96e-27	113
PfGN01_100045900|DBLe|2|2871|3173	PM0037-C.g1404	27.719	285	151	9	36	271	1263	1541	1.64e-20	94.4
PfGN01_100045900|DBLe|2|2871|3173	PM0037-C.g1404	27.798	277	136	11	44	259	131	404	3.10e-19	90.5
PfGN01_100045900|DBLe|2|2871|3173	PM0037-C.g1404	25.461	271	150	10	45	270	844	1107	2.40e-15	79.0
PfGN01_100045900|DBLe|2|2871|3173	QG0297-C.g2547	96.040	303	12	0	1	303	1966	2268	0.0	608
PfGN01_100045900|DBLe|2|2871|3173	QG0297-C.g2547	32.946	258	138	7	30	253	1637	1893	5.12e-29	119
PfGN01_100045900|DBLe|2|2871|3173	QG0297-C.g2547	27.508	309	175	8	36	297	1256	1562	1.77e-20	94.4
PfGN01_100045900|DBLe|2|2871|3173	QG0297-C.g2547	28.522	291	135	12	42	262	108	395	2.09e-20	94.0
PfGN01_100045900|DBLe|2|2871|3173	QG0297-C.g2547	24.335	263	149	8	45	258	849	1110	1.18e-14	77.0
PfGN01_100045900|DBLe|2|2871|3173	QE0452-C.g428	92.027	301	24	0	3	303	1965	2265	0.0	581
PfGN01_100045900|DBLe|2|2871|3173	QE0452-C.g428	27.473	273	163	5	18	256	1622	1893	5.31e-27	113
PfGN01_100045900|DBLe|2|2871|3173	QE0452-C.g428	28.195	266	146	7	36	261	815	1075	4.73e-24	104
PfGN01_100045900|DBLe|2|2871|3173	QE0452-C.g428	27.076	277	158	10	38	271	1255	1530	5.08e-19	89.7
PfGN01_100045900|DBLe|2|2871|3173	QE0452-C.g428	28.058	278	134	13	44	259	107	380	1.03e-16	83.2
PfGN01_100045900|DBLe|2|2871|3173	QE0419-C.g294	88.040	301	36	0	3	303	2003	2303	0.0	558
PfGN01_100045900|DBLe|2|2871|3173	QE0419-C.g294	27.969	261	153	5	30	256	1672	1931	4.75e-27	113
PfGN01_100045900|DBLe|2|2871|3173	QE0419-C.g294	27.303	304	165	12	39	291	880	1178	2.59e-21	96.7
PfGN01_100045900|DBLe|2|2871|3173	QE0419-C.g294	26.298	289	163	11	30	271	1282	1567	1.34e-14	76.6
PfGN01_100045900|DBLe|2|2871|3173	QE0419-C.g294	27.148	291	144	10	41	266	137	424	5.13e-13	72.0
PfGN01_100045900|ATS|1|3220|3644	PFKE07.g1065	87.617	428	47	6	1	425	1644	2068	0.0	759
PfGN01_100045900|ATS|1|3220|3644	PC0107-C.g205	84.434	424	64	2	2	425	1013	1434	0.0	742
PfGN01_100045900|ATS|1|3220|3644	PV0083-C.g28	84.579	428	59	4	2	425	2402	2826	0.0	724
PfGN01_100045900|ATS|1|3220|3644	PV0028-C.g43	79.909	438	72	5	2	425	1844	2279	0.0	701
PfGN01_100045900|ATS|1|3220|3644	PV0129-C.g36	76.044	455	73	7	2	425	1740	2189	0.0	682
PfGN01_110005800|NTS|1|1|67	SenT055.11.g77	92.727	55	4	0	13	67	8	62	1.34e-27	105
PfGN01_110005800|NTS|1|1|67	PA0180-C.g411	87.273	55	7	0	13	67	8	62	3.45e-26	101
PfGN01_110005800|NTS|1|1|67	PF0524-C.g728	87.273	55	7	0	13	67	8	62	1.25e-25	99.8
PfGN01_110005800|NTS|1|1|67	PM0146-C.g16	87.273	55	7	0	13	67	8	62	1.29e-25	99.8
PfGN01_110005800|NTS|1|1|67	QG0271-C.g520	72.727	55	15	0	1	55	1	55	1.00e-17	77.0
PfGN01_110005800|DBLa|1|68|483	SenT055.11.g77	74.943	435	83	9	1	416	63	490	0.0	626
PfGN01_110005800|DBLa|1|68|483	SenT055.11.g77	26.068	234	139	7	163	372	1174	1397	3.65e-15	80.5
PfGN01_110005800|DBLa|1|68|483	PV0128-C.g84	66.075	451	114	8	1	416	66	512	0.0	572
PfGN01_110005800|DBLa|1|68|483	PV0128-C.g84	26.733	303	179	14	133	416	1139	1417	6.74e-14	76.3
PfGN01_110005800|DBLa|1|68|483	PV0117-C.g42	66.075	451	114	8	1	416	66	512	0.0	572
PfGN01_110005800|DBLa|1|68|483	PV0117-C.g42	26.733	303	179	14	133	416	1144	1422	6.62e-14	76.3
PfGN01_110005800|DBLa|1|68|483	PA0180-C.g411	68.680	447	95	10	1	416	63	495	0.0	566
PfGN01_110005800|DBLa|1|68|483	PA0180-C.g411	25.325	308	176	14	136	416	1046	1326	1.02e-10	66.2
PfGN01_110005800|DBLa|1|68|483	PM0146-C.g16	68.680	447	95	10	1	416	63	495	0.0	566
PfGN01_110005800|CIDRa|1|484|801	QG0184-C.g497	84.498	329	39	2	1	317	506	834	4.96e-142	442
PfGN01_110005800|CIDRa|1|484|801	PT0230-Cx.g685	83.386	319	49	3	1	317	520	836	5.98e-132	414
PfGN01_110005800|CIDRa|1|484|801	PF0424-C.g229	67.183	323	76	4	1	318	521	818	3.22e-128	405
PfGN01_110005800|CIDRa|1|484|801	PC0058-C.g791	63.750	320	89	6	1	317	479	774	1.63e-119	379
PfGN01_110005800|CIDRa|1|484|801	PT0059-C.g703	63.125	320	91	6	1	317	518	813	4.43e-118	375
PfGN01_110005800|DBLd|1|879|1347	PA0245-C.g300	52.883	503	193	13	1	469	1804	2296	1.99e-147	468
PfGN01_110005800|DBLd|1|879|1347	PA0245-C.g300	28.212	397	165	13	1	391	1309	1591	9.27e-32	132
PfGN01_110005800|DBLd|1|879|1347	PA0245-C.g300	28.372	215	120	7	193	394	187	380	3.70e-14	77.8
PfGN01_110005800|DBLd|1|879|1347	PT0035-C.g27	52.344	512	180	19	1	469	295	785	1.07e-141	437
PfGN01_110005800|DBLd|1|879|1347	PD0561-C.g598	49.341	531	166	20	1	469	897	1386	3.15e-137	435
PfGN01_110005800|DBLd|1|879|1347	PD0561-C.g598	23.002	413	232	14	8	394	58	410	2.58e-16	84.7
PfGN01_110005800|DBLd|1|879|1347	QG0297-C.g3965	50.101	495	198	15	1	469	198	669	4.26e-137	422
PfGN01_110005800|DBLd|1|879|1347	PH0279-C.g94	49.016	508	207	17	1	469	376	870	6.23e-137	427
PfGN01_110005800|DBLd|1|879|1347	PH0279-C.g94	32.308	195	88	6	207	397	5	159	2.02e-20	97.1
PfGN01_110005800|CIDRb|1|1348|1604	QE0428-C.g176	82.558	258	42	2	1	255	2117	2374	2.35e-136	426
PfGN01_110005800|CIDRb|1|1348|1604	QE0428-C.g176	25.185	270	156	11	4	253	478	721	3.40e-09	59.3
PfGN01_110005800|CIDRb|1|1348|1604	QE0427-C.g261	82.558	258	42	2	1	255	2117	2374	2.35e-136	426
PfGN01_110005800|CIDRb|1|1348|1604	QE0427-C.g261	25.185	270	156	11	4	253	478	721	3.40e-09	59.3
PfGN01_110005800|CIDRb|1|1348|1604	PA0158-C.g728	74.118	255	60	4	1	251	1433	1685	7.85e-115	363
PfGN01_110005800|CIDRb|1|1348|1604	PC0122-C.g584	72.112	251	66	4	1	249	1355	1603	5.35e-111	352
PfGN01_110005800|CIDRb|1|1348|1604	PA0165-C.g684	66.926	257	73	4	5	255	1390	1640	2.87e-98	316
PfGN01_110005800|ATS|1|1698|2133	PV0028-C.g43	83.636	440	65	5	1	436	1843	2279	0.0	737
PfGN01_110005800|ATS|1|1698|2133	PD0483-C.g348	82.826	460	53	5	1	436	2589	3046	0.0	721
PfGN01_110005800|ATS|1|1698|2133	PFKE07.g667	79.912	453	69	7	2	436	2366	2814	0.0	715
PfGN01_110005800|ATS|1|1698|2133	PV0147-C.g56	83.296	449	57	7	1	436	1700	2143	0.0	709
PfGN01_110005800|ATS|1|1698|2133	PFKE07.g1065	79.909	438	71	8	2	436	1645	2068	0.0	694
PfGN01_110054500|NTS|1|1|59	PF0058-C.g564	78.846	52	10	1	9	59	19	70	3.99e-18	77.8
PfGN01_110054500|NTS|1|1|59	PM0073-C.g1576	78.846	52	10	1	9	59	19	70	4.14e-18	77.8
PfGN01_110054500|NTS|1|1|59	PF0513-C.g6323	77.358	53	11	1	7	58	11	63	5.56e-18	77.4
PfGN01_110054500|NTS|1|1|59	PF0590-C.g716	66.129	62	18	1	1	59	1	62	6.06e-18	77.4
PfGN01_110054500|NTS|1|1|59	PF0098-C.g201	66.129	62	18	1	1	59	1	62	6.06e-18	77.4
PfGN01_110054500|DBLa|1|60|509	QE0467-C.g584	69.063	459	121	9	1	450	63	509	0.0	622
PfGN01_110054500|DBLa|1|60|509	QE0467-C.g584	30.769	325	152	10	40	351	887	1151	4.73e-31	129
PfGN01_110054500|DBLa|1|60|509	QE0467-C.g584	26.415	212	124	7	243	450	1647	1830	1.73e-07	56.2
PfGN01_110054500|DBLa|1|60|509	PH0332-C.g477	68.192	459	123	8	1	450	76	520	0.0	606
PfGN01_110054500|DBLa|1|60|509	PH0332-C.g477	28.105	306	145	10	59	349	933	1178	1.93e-25	112
PfGN01_110054500|DBLa|1|60|509	PH0332-C.g477	27.706	231	137	5	140	352	1593	1811	3.30e-15	80.9
PfGN01_110054500|DBLa|1|60|509	QE0465-C.g230	68.192	459	123	8	1	450	73	517	0.0	605
PfGN01_110054500|DBLa|1|60|509	QE0465-C.g230	28.105	306	145	10	59	349	930	1175	7.81e-26	113
PfGN01_110054500|DBLa|1|60|509	QE0465-C.g230	27.407	270	128	9	123	349	1559	1803	1.61e-13	75.5
PfGN01_110054500|DBLa|1|60|509	PD0473-C.g486	68.192	459	123	8	1	450	73	517	0.0	605
PfGN01_110054500|DBLa|1|60|509	PD0473-C.g486	28.105	306	145	10	59	349	930	1175	1.12e-25	113
PfGN01_110054500|DBLa|1|60|509	PD0473-C.g486	23.278	421	227	13	1	352	1359	1752	2.96e-17	87.4
PfGN01_110054500|DBLa|1|60|509	PD0510-C.g467	68.192	459	123	8	1	450	72	516	0.0	605
PfGN01_110054500|DBLa|1|60|509	PD0510-C.g467	28.105	306	145	10	59	349	929	1174	1.14e-25	113
PfGN01_110054500|DBLa|1|60|509	PD0510-C.g467	23.278	421	227	13	1	352	1358	1751	3.30e-17	87.0
PfGN01_110054500|CIDRa|1|510|788	PD0515-C.g37	69.065	278	67	6	1	272	487	751	6.63e-96	307
PfGN01_110054500|CIDRa|1|510|788	PA0204-C.g461	69.039	281	68	6	1	275	496	763	8.97e-96	310
PfGN01_110054500|CIDRa|1|510|788	PM0085-C.g866	57.042	284	104	7	1	278	269	540	2.93e-94	305
PfGN01_110054500|CIDRa|1|510|788	PD0667-C.g832	56.890	283	112	8	1	279	487	763	8.77e-93	297
PfGN01_110054500|CIDRa|1|510|788	PD0505-C.g1137	56.890	283	112	8	1	279	487	763	9.02e-93	297
PfGN01_110054500|DBLb|1|835|1286	PF0609-C.g5575	75.877	456	104	4	1	452	726	1179	0.0	701
PfGN01_110054500|DBLb|1|835|1286	PF0609-C.g5575	33.607	366	180	19	120	452	1706	2041	7.21e-35	140
PfGN01_110054500|DBLb|1|835|1286	PF0609-C.g5575	26.823	384	219	13	24	360	12	380	1.83e-27	118
PfGN01_110054500|DBLb|1|835|1286	PF0609-C.g5575	26.449	276	158	10	111	360	1257	1513	7.69e-18	89.4
PfGN01_110054500|DBLb|1|835|1286	PF0609-C.g5575	27.459	244	136	8	120	359	2095	2301	1.18e-13	76.3
PfGN01_110054500|DBLb|1|835|1286	QG0296-C.g3962	74.561	456	106	5	1	452	739	1188	0.0	689
PfGN01_110054500|DBLb|1|835|1286	QG0296-C.g3962	29.787	329	181	10	111	400	114	431	6.61e-27	117
PfGN01_110054500|DBLb|1|835|1286	QG0296-C.g3962	26.032	315	154	13	85	360	1224	1498	6.73e-13	73.6
PfGN01_110054500|DBLb|1|835|1286	PA0053-C.g783	71.882	473	109	7	1	452	740	1209	0.0	674
PfGN01_110054500|DBLb|1|835|1286	PA0053-C.g783	28.052	385	203	14	5	341	5	363	5.74e-26	114
PfGN01_110054500|DBLb|1|835|1286	PA0053-C.g783	32.544	338	153	16	88	360	2009	2336	5.62e-24	108
PfGN01_110054500|DBLb|1|835|1286	PF0609-C.g173	71.991	457	120	5	1	452	740	1193	0.0	666
PfGN01_110054500|DBLb|1|835|1286	PF0609-C.g173	29.054	296	170	10	47	314	49	332	2.47e-24	108
PfGN01_110054500|DBLb|1|835|1286	PF0037-C.g978	69.263	475	121	7	1	452	730	1202	0.0	623
PfGN01_110054500|DBLb|1|835|1286	PF0037-C.g978	28.097	331	185	10	47	341	35	348	1.01e-24	110
PfGN01_110054500|DBLb|1|835|1286	PF0037-C.g978	26.462	325	177	14	68	356	1240	1538	2.18e-18	90.9
PfGN01_110054500|DBLd|1|1306|1831	QG0292-C.g2501	52.705	573	190	19	1	526	841	1379	2.30e-166	516
PfGN01_110054500|DBLd|1|1306|1831	QG0292-C.g2501	37.383	107	64	2	347	453	302	405	1.67e-12	72.8
PfGN01_110054500|DBLd|1|1306|1831	SenT165.09.g4260	51.111	540	201	16	11	526	230	730	6.59e-166	501
PfGN01_110054500|DBLd|1|1306|1831	PA0185-C.g602	51.366	549	208	15	1	526	847	1359	1.28e-164	512
PfGN01_110054500|DBLd|1|1306|1831	PA0185-C.g602	26.913	379	173	19	192	526	183	501	2.02e-17	88.6
PfGN01_110054500|DBLd|1|1306|1831	PM0093-C.g6	50.269	557	193	17	3	526	114	619	1.87e-163	492
PfGN01_110054500|DBLd|1|1306|1831	PD0472-C.g582	51.300	577	200	18	1	526	818	1364	5.31e-163	512
PfGN01_110054500|DBLd|1|1306|1831	PD0472-C.g582	24.165	389	171	10	59	447	1746	2010	3.47e-25	112
PfGN01_110054500|DBLd|1|1306|1831	PD0472-C.g582	26.875	320	174	14	220	526	199	471	4.54e-18	90.5
PfGN01_110054500|CIDRg|1|1832|2099	PD0496-C.g728	68.100	279	72	5	1	268	299	571	2.94e-113	359
PfGN01_110054500|CIDRg|1|1832|2099	PD0497-C.g401	68.100	279	72	5	1	268	2014	2286	3.05e-113	360
PfGN01_110054500|CIDRg|1|1832|2099	PD0545-C.g539	68.100	279	72	5	1	268	1986	2258	3.83e-113	360
PfGN01_110054500|CIDRg|1|1832|2099	PD0582-C.g60	68.100	279	72	5	1	268	2014	2286	4.18e-113	360
PfGN01_110054500|CIDRg|1|1832|2099	PD0572-C.g740	68.100	279	72	5	1	268	2014	2286	4.18e-113	360
PfGN01_110054500|DBLe|1|2141|2485	PC0053-C.g284	98.841	345	4	0	1	345	1607	1951	0.0	691
PfGN01_110054500|DBLe|1|2141|2485	PC0053-C.g284	28.339	307	174	10	42	345	2330	2593	3.88e-22	100
PfGN01_110054500|DBLe|1|2141|2485	PC0053-C.g284	30.903	288	143	14	49	322	2007	2252	4.23e-17	85.1
PfGN01_110054500|DBLe|1|2141|2485	PC0053-C.g284	24.107	224	121	5	105	291	1026	1237	2.39e-08	58.2
PfGN01_110054500|DBLe|1|2141|2485	PC0053-C.g284	24.765	319	173	15	33	295	100	407	5.73e-07	53.9
PfGN01_110054500|DBLe|1|2141|2485	PA0193-C.g734	98.841	345	4	0	1	345	2424	2768	0.0	689
PfGN01_110054500|DBLe|1|2141|2485	PA0193-C.g734	28.339	307	174	10	42	345	3147	3410	4.70e-22	100
PfGN01_110054500|DBLe|1|2141|2485	PA0193-C.g734	30.903	288	143	14	49	322	2824	3069	4.58e-17	85.1
PfGN01_110054500|DBLe|1|2141|2485	PA0193-C.g734	26.234	385	219	17	6	345	1317	1681	2.84e-13	73.6
PfGN01_110054500|DBLe|1|2141|2485	PA0193-C.g734	24.590	305	156	8	49	291	1762	2054	5.26e-11	66.6
PfGN01_110054500|DBLe|1|2141|2485	PA0193-C.g734	29.381	194	114	8	119	293	1026	1215	3.08e-09	61.2
PfGN01_110054500|DBLe|1|2141|2485	PT0063-C.g310	98.841	345	4	0	1	345	2415	2759	0.0	689
PfGN01_110054500|DBLe|1|2141|2485	PT0063-C.g310	28.339	307	174	10	42	345	3138	3401	5.21e-22	99.8
PfGN01_110054500|DBLe|1|2141|2485	PT0063-C.g310	30.903	288	143	14	49	322	2815	3060	5.60e-17	84.7
PfGN01_110054500|DBLe|1|2141|2485	PT0063-C.g310	26.234	385	219	17	6	345	1308	1672	3.93e-13	73.2
PfGN01_110054500|DBLe|1|2141|2485	PT0063-C.g310	24.590	305	156	8	49	291	1753	2045	4.85e-11	66.6
PfGN01_110054500|DBLe|1|2141|2485	PT0063-C.g310	24.473	237	122	8	120	299	182	418	3.60e-10	63.9
PfGN01_110054500|DBLe|1|2141|2485	PF0449-C.g357	98.841	345	4	0	1	345	2411	2755	0.0	689
PfGN01_110054500|DBLe|1|2141|2485	PF0449-C.g357	28.339	307	174	10	42	345	3134	3397	4.57e-22	100
PfGN01_110054500|DBLe|1|2141|2485	PF0449-C.g357	30.903	288	143	14	49	322	2811	3056	4.84e-17	85.1
PfGN01_110054500|DBLe|1|2141|2485	PF0449-C.g357	26.234	385	219	17	6	345	1304	1668	3.10e-13	73.6
PfGN01_110054500|DBLe|1|2141|2485	PF0449-C.g357	24.590	305	156	8	49	291	1749	2041	4.72e-11	66.6
PfGN01_110054500|DBLe|1|2141|2485	PF0449-C.g357	28.495	186	112	5	119	293	1018	1193	1.86e-10	64.7
PfGN01_110054500|DBLe|1|2141|2485	PF0449-C.g357	24.473	237	122	8	120	299	182	418	3.53e-10	63.9
PfGN01_110054500|DBLe|1|2141|2485	PT0225-C.g678	97.101	345	10	0	1	345	2374	2718	0.0	677
PfGN01_110054500|DBLe|1|2141|2485	PT0225-C.g678	29.073	313	164	12	42	345	3097	3360	5.61e-22	99.8
PfGN01_110054500|DBLe|1|2141|2485	PT0225-C.g678	30.903	288	143	14	49	322	2774	3019	4.70e-17	85.1
PfGN01_110054500|DBLe|1|2141|2485	PT0225-C.g678	25.168	298	174	11	49	320	1344	1618	2.54e-13	73.6
PfGN01_110054500|DBLe|1|2141|2485	PT0225-C.g678	23.432	303	173	10	33	291	1719	2006	1.52e-11	68.2
PfGN01_110054500|DBLe|1|2141|2485	PT0225-C.g678	26.277	274	156	12	42	293	919	1168	2.20e-11	67.8
PfGN01_110054500|DBLe|1|2141|2485	PT0225-C.g678	26.132	287	151	12	72	307	144	420	4.39e-08	57.4
PfGN01_110054500|DBLe|2|2497|2782	PF0282-C.g56	95.804	286	12	0	1	286	2433	2718	0.0	569
PfGN01_110054500|DBLe|2|2497|2782	PF0282-C.g56	37.727	220	115	6	4	213	2764	2971	5.04e-35	136
PfGN01_110054500|DBLe|2|2497|2782	PF0282-C.g56	32.292	192	96	6	42	203	926	1113	1.36e-18	88.2
PfGN01_110054500|DBLe|2|2497|2782	PF0282-C.g56	29.412	221	114	8	29	209	2106	2324	1.63e-14	76.3
PfGN01_110054500|DBLe|2|2497|2782	PF0282-C.g56	29.412	238	116	11	10	203	100	329	1.19e-08	58.5
PfGN01_110054500|DBLe|2|2497|2782	PF0282-C.g56	20.845	355	162	11	27	264	1352	1704	6.71e-08	56.2
PfGN01_110054500|DBLe|2|2497|2782	PD0582-C.g337	95.455	286	13	0	1	286	2069	2354	0.0	569
PfGN01_110054500|DBLe|2|2497|2782	PD0582-C.g337	37.727	220	115	6	4	213	2400	2607	4.80e-35	136
PfGN01_110054500|DBLe|2|2497|2782	PD0582-C.g337	28.179	291	160	11	37	286	1748	2030	4.65e-21	95.5
PfGN01_110054500|DBLe|2|2497|2782	PD0582-C.g337	25.969	258	130	11	17	220	90	340	4.24e-09	59.7
PfGN01_110054500|DBLe|2|2497|2782	PD0508-C.g55	95.455	286	13	0	1	286	2069	2354	0.0	569
PfGN01_110054500|DBLe|2|2497|2782	PD0508-C.g55	37.727	220	115	6	4	213	2400	2607	4.80e-35	136
PfGN01_110054500|DBLe|2|2497|2782	PD0508-C.g55	28.179	291	160	11	37	286	1748	2030	4.65e-21	95.5
PfGN01_110054500|DBLe|2|2497|2782	PD0508-C.g55	25.969	258	130	11	17	220	90	340	4.24e-09	59.7
PfGN01_110054500|DBLe|2|2497|2782	PD0505-C.g9235	95.455	286	13	0	1	286	2069	2354	0.0	569
PfGN01_110054500|DBLe|2|2497|2782	PD0505-C.g9235	37.727	220	115	6	4	213	2400	2607	4.80e-35	136
PfGN01_110054500|DBLe|2|2497|2782	PD0505-C.g9235	28.179	291	160	11	37	286	1748	2030	4.65e-21	95.5
PfGN01_110054500|DBLe|2|2497|2782	PD0505-C.g9235	25.969	258	130	11	17	220	90	340	4.24e-09	59.7
PfGN01_110054500|DBLe|2|2497|2782	PD0590-C.g868	95.455	286	13	0	1	286	792	1077	0.0	564
PfGN01_110054500|DBLe|2|2497|2782	PD0590-C.g868	37.727	220	115	6	4	213	1123	1330	3.51e-35	136
PfGN01_110054500|DBLe|2|2497|2782	PD0590-C.g868	28.179	291	160	11	37	286	471	753	2.94e-21	95.9
PfGN01_110054500|DBLe|3|2825|3127	PA0261-C.g756	100.000	303	0	0	1	303	2948	3250	0.0	626
PfGN01_110054500|DBLe|3|2825|3127	PA0261-C.g756	40.936	171	95	3	45	211	2663	2831	4.85e-32	128
PfGN01_110054500|DBLe|3|2825|3127	PA0261-C.g756	29.114	316	164	12	44	303	1253	1564	2.22e-23	102
PfGN01_110054500|DBLe|3|2825|3127	PA0261-C.g756	27.972	286	162	10	31	277	2302	2582	1.56e-21	97.4
PfGN01_110054500|DBLe|3|2825|3127	PA0261-C.g756	29.148	223	127	9	41	235	850	1069	8.22e-20	92.4
PfGN01_110054500|DBLe|3|2825|3127	PA0261-C.g756	27.972	286	132	13	42	259	122	401	1.61e-16	82.4
PfGN01_110054500|DBLe|3|2825|3127	PA0261-C.g756	26.866	201	101	6	103	257	1704	1904	9.30e-13	71.2
PfGN01_110054500|DBLe|3|2825|3127	PM0161-C.g329	92.079	303	24	0	1	303	2368	2670	0.0	582
PfGN01_110054500|DBLe|3|2825|3127	PM0161-C.g329	40.805	174	96	4	45	213	2081	2252	1.21e-32	129
PfGN01_110054500|DBLe|3|2825|3127	PM0161-C.g329	31.502	273	144	10	41	274	1727	1995	3.94e-25	107
PfGN01_110054500|DBLe|3|2825|3127	PM0161-C.g329	26.727	333	166	12	39	299	118	444	3.17e-16	81.6
PfGN01_110054500|DBLe|3|2825|3127	PV0099-C.g12	92.079	303	24	0	1	303	2954	3256	0.0	581
PfGN01_110054500|DBLe|3|2825|3127	PV0099-C.g12	40.805	174	96	4	45	213	2667	2838	1.11e-32	130
PfGN01_110054500|DBLe|3|2825|3127	PV0099-C.g12	29.841	315	163	12	41	303	1252	1560	1.15e-26	112
PfGN01_110054500|DBLe|3|2825|3127	PV0099-C.g12	31.852	270	140	10	45	277	2322	2584	9.08e-26	109
PfGN01_110054500|DBLe|3|2825|3127	PV0099-C.g12	29.612	206	96	8	103	259	1707	1912	1.29e-13	73.9
PfGN01_110054500|DBLe|3|2825|3127	PV0099-C.g12	26.224	286	141	11	44	259	112	397	2.60e-13	72.8
PfGN01_110054500|DBLe|3|2825|3127	PV0099-C.g12	23.790	248	141	8	45	253	848	1086	1.83e-12	70.5
PfGN01_110054500|DBLe|3|2825|3127	PA0157-C.g635	92.079	303	24	0	1	303	1904	2206	0.0	580
PfGN01_110054500|DBLe|3|2825|3127	PA0157-C.g635	40.805	174	96	4	45	213	1617	1788	1.45e-32	129
PfGN01_110054500|DBLe|3|2825|3127	PA0157-C.g635	31.502	273	144	10	41	274	1263	1531	3.27e-25	108
PfGN01_110054500|DBLe|3|2825|3127	PA0157-C.g635	30.830	253	126	10	44	253	178	424	6.83e-19	89.4
PfGN01_110054500|DBLe|3|2825|3127	PA0157-C.g635	25.763	295	150	10	32	261	581	871	5.18e-14	75.1
PfGN01_110054500|DBLe|3|2825|3127	PD0491-C.g923	92.079	303	24	0	1	303	2954	3256	0.0	580
PfGN01_110054500|DBLe|3|2825|3127	PD0491-C.g923	40.805	174	96	4	45	213	2667	2838	1.62e-32	129
PfGN01_110054500|DBLe|3|2825|3127	PD0491-C.g923	29.841	315	163	12	41	303	1252	1560	1.08e-26	112
PfGN01_110054500|DBLe|3|2825|3127	PD0491-C.g923	31.852	270	140	10	45	277	2322	2584	1.04e-25	109
PfGN01_110054500|DBLe|3|2825|3127	PD0491-C.g923	29.612	206	96	8	103	259	1707	1912	1.61e-13	73.6
PfGN01_110054500|DBLe|3|2825|3127	PD0491-C.g923	25.784	287	141	10	44	259	112	397	2.48e-13	72.8
PfGN01_110054500|DBLe|3|2825|3127	PD0491-C.g923	23.790	248	141	8	45	253	848	1086	1.90e-12	70.1
PfGN01_110054500|ATS|1|3166|3619	PV0239-C.g24	77.113	485	80	8	1	454	1705	2189	0.0	729
PfGN01_110054500|ATS|1|3166|3619	PV0239-C.g98	83.153	463	63	5	2	454	1285	1742	0.0	727
PfGN01_110054500|ATS|1|3166|3619	PD0561-C.g263	79.614	466	73	9	1	454	2424	2879	0.0	719
PfGN01_110054500|ATS|1|3166|3619	PFKE11.g708	73.391	466	90	7	1	454	1918	2361	0.0	658
PfGN01_110054500|ATS|1|3166|3619	PfKE05.g393	73.465	456	79	6	1	454	2567	2982	0.0	657
PfGN01_110054700|NTS|1|1|74	PM0004-C.g536	87.755	49	6	0	26	74	13	61	1.30e-22	91.3
PfGN01_110054700|NTS|1|1|74	PT0101-C.g356	87.755	49	6	0	26	74	13	61	1.49e-22	91.3
PfGN01_110054700|NTS|1|1|74	PT0101-C.g653	87.755	49	6	0	26	74	13	61	1.56e-22	91.3
PfGN01_110054700|NTS|1|1|74	PA0015-C.g398	87.755	49	6	0	26	74	13	61	1.67e-22	90.9
PfGN01_110054700|NTS|1|1|74	PM0063-C.g602	67.123	73	21	2	1	73	1	70	3.27e-22	90.1
PfGN01_110054700|DBLa|1|75|509	PA0015-C.g398	93.563	435	23	1	1	435	62	491	0.0	816
PfGN01_110054700|DBLa|1|75|509	PA0015-C.g398	27.365	296	174	8	109	396	1098	1360	5.18e-20	95.5
PfGN01_110054700|DBLa|1|75|509	PT0101-C.g653	93.563	435	23	1	1	435	62	491	0.0	815
PfGN01_110054700|DBLa|1|75|509	PT0101-C.g653	23.034	356	193	10	104	396	1056	1393	9.16e-15	79.3
PfGN01_110054700|DBLa|1|75|509	PT0101-C.g356	93.563	435	23	1	1	435	62	491	0.0	814
PfGN01_110054700|DBLa|1|75|509	PT0101-C.g356	32.432	111	71	2	219	325	1582	1692	1.01e-11	69.7
PfGN01_110054700|DBLa|1|75|509	PM0004-C.g536	89.474	437	29	4	1	435	62	483	0.0	797
PfGN01_110054700|DBLa|1|75|509	PM0004-C.g536	23.693	287	160	10	94	325	1015	1297	9.68e-13	72.8
PfGN01_110054700|DBLa|1|75|509	PA0163-C.g19	70.629	429	113	5	11	435	77	496	0.0	605
PfGN01_110054700|CIDRa|1|510|822	PT0101-C.g653	95.342	322	6	1	1	313	492	813	0.0	624
PfGN01_110054700|CIDRa|1|510|822	PT0101-C.g356	91.483	317	16	2	1	307	492	807	5.31e-179	546
PfGN01_110054700|CIDRa|1|510|822	PM0004-C.g536	86.875	320	24	2	1	313	484	792	5.84e-179	540
PfGN01_110054700|CIDRa|1|510|822	PM0004-C.g536	33.333	87	54	2	119	205	1456	1538	1.45e-07	55.5
PfGN01_110054700|CIDRa|1|510|822	PA0015-C.g398	87.616	323	19	3	1	313	492	803	4.37e-175	530
PfGN01_110054700|CIDRa|1|510|822	PM0152-C.g669	85.897	312	21	5	1	312	529	817	6.51e-165	504
PfGN01_110054700|DBLd|1|912|1389	QG0182-C.g1202	50.096	523	186	20	1	478	928	1420	1.69e-139	437
PfGN01_110054700|DBLd|1|912|1389	QE0471-C.g110	52.301	478	188	16	12	478	238	686	1.07e-138	427
PfGN01_110054700|DBLd|1|912|1389	QE0471-C.g110	23.293	249	104	8	187	430	1	167	1.16e-07	57.0
PfGN01_110054700|DBLd|1|912|1389	PM0138-C.g914	48.952	525	220	18	1	478	806	1329	2.42e-137	435
PfGN01_110054700|DBLd|1|912|1389	PM0138-C.g914	30.808	198	113	6	302	478	301	495	1.20e-13	76.3
PfGN01_110054700|DBLd|1|912|1389	PF0098-C.g409	49.903	517	199	18	1	478	883	1378	2.44e-136	429
PfGN01_110054700|DBLd|1|912|1389	PF0098-C.g409	24.567	289	142	11	226	478	250	498	2.06e-11	68.9
PfGN01_110054700|DBLd|1|912|1389	PA0149-C.g582	49.718	531	209	18	1	478	901	1426	3.31e-136	433
PfGN01_110054700|DBLd|1|912|1389	PA0149-C.g582	23.964	338	168	15	179	478	213	499	1.90e-08	59.7
PfGN01_110054700|CIDRb|1|1390|1640	PA0184-C.g589	76.190	252	57	2	1	251	1553	1802	1.26e-122	385
PfGN01_110054700|CIDRb|1|1390|1640	PA0008-C.g105	70.445	247	67	3	1	247	1215	1455	9.72e-110	348
PfGN01_110054700|CIDRb|1|1390|1640	PT0225-C.g730	69.048	252	72	5	1	248	1317	1566	2.00e-106	339
PfGN01_110054700|CIDRb|1|1390|1640	PM0063-C.g359	63.922	255	86	3	1	250	1392	1645	1.19e-96	311
PfGN01_110054700|CIDRb|1|1390|1640	PFKE08.g296	66.379	232	75	2	2	231	1294	1524	1.56e-96	311
PfGN01_110054700|ATS|1|1757|2192	PV0028-C.g50	82.135	459	56	6	1	436	2600	3055	0.0	727
PfGN01_110054700|ATS|1|1757|2192	PC0122-C.g100	87.589	419	50	2	1	419	1987	2403	0.0	719
PfGN01_110054700|ATS|1|1757|2192	PC0113-C.g949	84.494	445	58	4	1	436	1702	2144	0.0	719
PfGN01_110054700|ATS|1|1757|2192	PD0582-C.g778	83.983	462	45	5	1	436	1669	2127	0.0	719
PfGN01_110054700|ATS|1|1757|2192	PV0028-C.g43	82.540	441	68	7	1	436	1843	2279	0.0	706
PfGN01_120005900|NTS|1|1|60	PM0062-C.g552	98.148	54	1	0	7	60	11	64	7.85e-27	102
PfGN01_120005900|NTS|1|1|60	PA0172-C.g947	98.148	54	1	0	7	60	11	64	5.55e-26	100
PfGN01_120005900|NTS|1|1|60	PA0163-C.g630	72.727	55	15	0	5	59	7	61	1.67e-20	84.7
PfGN01_120005900|NTS|1|1|60	PC0061-C.g182	72.414	58	16	0	3	60	4	61	6.94e-20	82.8
PfGN01_120005900|NTS|1|1|60	PA0195-C.g666	73.585	53	14	0	7	59	16	68	6.16e-19	80.1
PfGN01_120005900|DBLa|1|61|470	PM0062-C.g552	79.036	415	78	6	1	410	65	475	0.0	667
PfGN01_120005900|DBLa|1|61|470	PM0062-C.g552	30.833	120	71	4	214	326	1071	1185	1.41e-08	59.7
PfGN01_120005900|DBLa|1|61|470	QG0261-C.g838	72.066	426	100	8	1	410	63	485	0.0	619
PfGN01_120005900|DBLa|1|61|470	QG0261-C.g838	25.970	335	177	12	119	410	1022	1328	5.77e-15	79.7
PfGN01_120005900|DBLa|1|61|470	PF0489-C.g711	72.066	426	100	8	1	410	64	486	0.0	616
PfGN01_120005900|DBLa|1|61|470	PF0489-C.g711	32.955	176	100	6	236	410	1217	1375	2.28e-16	84.0
PfGN01_120005900|DBLa|1|61|470	PA0172-C.g947	72.558	430	94	11	1	410	65	490	0.0	606
PfGN01_120005900|DBLa|1|61|470	PA0172-C.g947	27.811	338	184	14	115	410	1026	1345	5.02e-16	82.8
PfGN01_120005900|DBLa|1|61|470	PF0359-C.g462	68.692	428	112	9	1	410	65	488	0.0	585
PfGN01_120005900|DBLa|1|61|470	PF0359-C.g462	33.679	193	102	8	225	410	1195	1368	2.78e-13	74.3
PfGN01_120005900|CIDRa|1|471|727	QG0216-C.g50	91.270	252	22	0	1	252	483	734	1.34e-157	469
PfGN01_120005900|CIDRa|1|471|727	PC0061-C.g540	71.923	260	70	3	1	257	477	736	1.85e-114	363
PfGN01_120005900|CIDRa|1|471|727	PF0365-C.g505	69.412	255	77	1	1	254	344	598	1.09e-107	341
PfGN01_120005900|CIDRa|1|471|727	PH0643-C.g875	66.279	258	79	4	1	257	480	730	7.70e-105	335
PfGN01_120005900|CIDRa|1|471|727	QE0419-C.g594	65.891	258	83	2	1	257	476	729	5.78e-104	332
PfGN01_120005900|CIDRa|1|471|727	QE0419-C.g594	23.438	256	166	7	22	257	1374	1619	2.94e-07	53.5
PfGN01_120005900|DBLd|1|814|1319	QE0419-C.g481	72.266	512	114	9	1	506	1233	1722	0.0	669
PfGN01_120005900|DBLd|1|814|1319	QE0419-C.g481	28.990	307	165	12	231	506	186	470	7.30e-17	86.7
PfGN01_120005900|DBLd|1|814|1319	PM0100-C.g2089	72.246	472	98	6	18	471	962	1418	0.0	595
PfGN01_120005900|DBLd|1|814|1319	PM0100-C.g2089	31.395	172	104	4	271	437	236	398	2.11e-16	85.1
PfGN01_120005900|DBLd|1|814|1319	PA0056-C.g281	62.355	518	116	9	1	506	924	1374	4.43e-174	536
PfGN01_120005900|DBLd|1|814|1319	PA0056-C.g281	27.500	280	139	8	271	506	264	523	1.03e-19	95.5
PfGN01_120005900|DBLd|1|814|1319	PH0305-C.g403	49.907	535	193	12	1	506	842	1330	4.26e-155	484
PfGN01_120005900|DBLd|1|814|1319	PH0305-C.g403	29.618	314	168	14	231	506	194	492	9.82e-21	98.6
PfGN01_120005900|DBLd|1|814|1319	QE0393-Cx.g171	49.907	535	193	12	1	506	842	1330	4.34e-155	484
PfGN01_120005900|DBLd|1|814|1319	QE0393-Cx.g171	29.618	314	168	14	231	506	194	492	9.99e-21	98.6
PfGN01_120005900|CIDRb|1|1320|1570	QE0471-C.g129	67.729	251	77	3	2	251	595	842	1.79e-105	329
PfGN01_120005900|CIDRb|1|1320|1570	PV0115-C.g56	66.135	251	79	2	2	251	1317	1562	4.30e-102	327
PfGN01_120005900|CIDRb|1|1320|1570	QE0432-C.g1045	66.135	251	79	2	2	251	1329	1574	4.89e-102	327
PfGN01_120005900|CIDRb|1|1320|1570	QE0434-C.g697	66.135	251	79	2	2	251	1330	1575	4.89e-102	327
PfGN01_120005900|CIDRb|1|1320|1570	PC0118-C.g716	66.142	254	80	5	2	250	1379	1631	8.09e-99	318
PfGN01_120005900|ATS|1|1698|2158	PD0561-C.g263	80.130	463	83	8	1	461	2424	2879	0.0	720
PfGN01_120005900|ATS|1|1698|2158	PFKE11.g708	78.571	462	80	6	1	461	1918	2361	0.0	712
PfGN01_120005900|ATS|1|1698|2158	PV0028-C.g43	76.724	464	78	6	1	461	1843	2279	0.0	705
PfGN01_120005900|ATS|1|1698|2158	PFKE07.g667	75.630	476	73	9	2	461	2366	2814	0.0	697
PfGN01_120005900|ATS|1|1698|2158	PV0211-C.g122	73.984	492	93	6	1	461	891	1378	0.0	686
PfGN01_120007300|NTSpam|1|1|51	PA0254-C.g934	100.000	51	0	0	1	51	1	51	5.17e-28	105
PfGN01_120007300|NTSpam|1|1|51	QE0472-C.g1025	100.000	51	0	0	1	51	1	51	5.97e-28	105
PfGN01_120007300|NTSpam|1|1|51	QG0184-C.g957	100.000	51	0	0	1	51	1	51	6.39e-28	105
PfGN01_120007300|NTSpam|1|1|51	PD0539-C.g535	100.000	51	0	0	1	51	1	51	6.64e-28	105
PfGN01_120007300|NTSpam|1|1|51	PF0456-C.g461	100.000	51	0	0	1	51	1	51	6.65e-28	105
PfGN01_120007300|DBLpam1|1|52|428	PA0186-C.g114	100.000	377	0	0	1	377	52	428	0.0	783
PfGN01_120007300|DBLpam1|1|52|428	PA0186-C.g114	29.889	271	150	12	40	285	575	830	4.10e-24	107
PfGN01_120007300|DBLpam1|1|52|428	PA0186-C.g114	27.509	269	147	10	40	306	2403	2625	2.00e-16	83.6
PfGN01_120007300|DBLpam1|1|52|428	PA0186-C.g114	26.154	325	163	14	19	300	1261	1551	3.56e-14	76.6
PfGN01_120007300|DBLpam1|1|52|428	PA0186-C.g114	26.014	296	163	10	43	309	1641	1909	3.69e-14	76.6
PfGN01_120007300|DBLpam1|1|52|428	PA0186-C.g114	24.573	293	162	12	16	290	2036	2287	1.59e-11	68.6
PfGN01_120007300|DBLpam1|1|52|428	PM0062-C.g413	100.000	377	0	0	1	377	52	428	0.0	782
PfGN01_120007300|DBLpam1|1|52|428	PM0062-C.g413	27.612	268	160	9	40	285	575	830	4.02e-23	103
PfGN01_120007300|DBLpam1|1|52|428	PM0062-C.g413	27.059	255	141	8	45	297	2766	2977	4.34e-17	85.9
PfGN01_120007300|DBLpam1|1|52|428	PM0062-C.g413	27.778	270	145	13	33	299	2414	2636	1.28e-14	78.2
PfGN01_120007300|DBLpam1|1|52|428	PM0062-C.g413	25.926	297	166	11	16	296	2050	2308	1.19e-13	75.1
PfGN01_120007300|DBLpam1|1|52|428	PM0062-C.g413	24.776	335	169	14	19	300	1269	1573	9.21e-12	69.3
PfGN01_120007300|DBLpam1|1|52|428	PM0062-C.g413	24.913	289	168	9	43	309	1663	1924	2.36e-11	68.2
PfGN01_120007300|DBLpam1|1|52|428	SenT133.11.g950	94.987	379	17	1	1	377	52	430	0.0	741
PfGN01_120007300|DBLpam1|1|52|428	SenT133.11.g950	30.717	293	157	13	25	288	558	833	1.85e-27	117
PfGN01_120007300|DBLpam1|1|52|428	SenT133.11.g950	26.220	328	180	13	16	322	2030	2316	3.91e-15	79.7
PfGN01_120007300|DBLpam1|1|52|428	SenT133.11.g950	29.562	274	144	14	33	305	2398	2623	1.32e-14	78.2
PfGN01_120007300|DBLpam1|1|52|428	SenT133.11.g950	24.062	320	176	13	19	300	1263	1553	1.32e-12	72.0
PfGN01_120007300|DBLpam1|1|52|428	SenT133.11.g950	24.828	290	167	10	43	309	1643	1904	2.41e-11	68.2
PfGN01_120007300|DBLpam1|1|52|428	SenT129.11.g1161	94.987	379	17	1	1	377	52	430	0.0	741
PfGN01_120007300|DBLpam1|1|52|428	SenT129.11.g1161	30.717	293	157	13	25	288	558	833	2.12e-27	116
PfGN01_120007300|DBLpam1|1|52|428	SenT129.11.g1161	26.220	328	180	13	16	322	2030	2316	3.96e-15	79.7
PfGN01_120007300|DBLpam1|1|52|428	SenT129.11.g1161	29.655	290	151	15	33	321	2398	2635	1.06e-14	78.6
PfGN01_120007300|DBLpam1|1|52|428	SenT129.11.g1161	24.062	320	176	13	19	300	1263	1553	1.43e-12	72.0
PfGN01_120007300|DBLpam1|1|52|428	SenT129.11.g1161	24.828	290	167	10	43	309	1643	1904	2.18e-11	68.2
PfGN01_120007300|DBLpam1|1|52|428	SenT015.11.g821	94.987	379	17	1	1	377	52	430	0.0	741
PfGN01_120007300|DBLpam1|1|52|428	SenT015.11.g821	30.717	293	157	13	25	288	558	833	2.15e-27	116
PfGN01_120007300|DBLpam1|1|52|428	SenT015.11.g821	26.220	328	180	13	16	322	2030	2316	4.06e-15	79.7
PfGN01_120007300|DBLpam1|1|52|428	SenT015.11.g821	29.655	290	151	15	33	321	2398	2635	1.10e-14	78.2
PfGN01_120007300|DBLpam1|1|52|428	SenT015.11.g821	24.062	320	176	13	19	300	1263	1553	1.56e-12	71.6
PfGN01_120007300|DBLpam1|1|52|428	SenT015.11.g821	24.828	290	167	10	43	309	1643	1904	2.27e-11	68.2
PfGN01_120007300|DBLpam2|1|528|987	PA0186-C.g114	99.783	460	1	0	1	460	528	987	0.0	945
PfGN01_120007300|DBLpam2|1|528|987	PA0186-C.g114	30.112	269	148	12	48	301	91	334	7.37e-24	107
PfGN01_120007300|DBLpam2|1|528|987	PA0186-C.g114	29.323	266	112	11	48	304	2403	2601	3.98e-20	96.3
PfGN01_120007300|DBLpam2|1|528|987	PA0186-C.g114	24.759	311	168	12	53	338	1643	1912	1.39e-09	63.2
PfGN01_120007300|DBLpam2|1|528|987	PA0186-C.g114	26.645	304	162	11	38	308	1262	1537	2.76e-09	62.4
PfGN01_120007300|DBLpam2|1|528|987	PA0186-C.g114	26.531	245	130	8	53	290	2072	2273	1.82e-08	59.7
PfGN01_120007300|DBLpam2|1|528|987	PF0206-C.g527	85.900	461	52	4	1	460	531	979	0.0	779
PfGN01_120007300|DBLpam2|1|528|987	PF0206-C.g527	29.004	231	135	9	53	274	96	306	6.05e-22	102
PfGN01_120007300|DBLpam2|1|528|987	PF0206-C.g527	25.267	281	153	9	55	308	1279	1529	4.41e-08	58.2
PfGN01_120007300|DBLpam2|1|528|987	PA0263-C.g740	87.609	460	51	3	1	460	528	981	0.0	778
PfGN01_120007300|DBLpam2|1|528|987	PA0263-C.g740	27.715	267	162	10	48	303	90	336	3.13e-22	102
PfGN01_120007300|DBLpam2|1|528|987	PA0263-C.g740	26.754	228	118	6	49	271	2069	2252	1.91e-10	65.9
PfGN01_120007300|DBLpam2|1|528|987	PA0263-C.g740	26.996	263	135	11	53	291	1651	1880	1.55e-09	63.2
PfGN01_120007300|DBLpam2|1|528|987	PA0263-C.g740	24.528	318	165	11	38	308	1256	1545	3.57e-07	55.5
PfGN01_120007300|DBLpam2|1|528|987	PA0059-C.g51	86.957	460	51	4	1	460	528	978	0.0	773
PfGN01_120007300|DBLpam2|1|528|987	PA0059-C.g51	27.715	267	162	10	48	303	90	336	3.08e-22	102
PfGN01_120007300|DBLpam2|1|528|987	PA0059-C.g51	26.367	311	156	12	4	304	2364	2611	2.94e-18	90.5
PfGN01_120007300|DBLpam2|1|528|987	PA0059-C.g51	27.863	262	140	10	53	293	1648	1881	2.02e-12	72.4
PfGN01_120007300|DBLpam2|1|528|987	PA0059-C.g51	28.125	224	113	7	53	271	2076	2256	2.44e-09	62.4
PfGN01_120007300|DBLpam2|1|528|987	PA0059-C.g51	24.528	318	165	11	38	308	1253	1542	3.41e-07	55.5
PfGN01_120007300|DBLpam2|1|528|987	QG0249-C.g418	86.087	460	51	3	1	460	531	977	0.0	764
PfGN01_120007300|DBLpam2|1|528|987	QG0249-C.g418	28.148	270	153	11	48	301	91	335	4.54e-23	105
PfGN01_120007300|DBLpam2|1|528|987	QG0249-C.g418	28.014	282	128	13	4	271	2330	2550	4.61e-14	77.4
PfGN01_120007300|DBLpam2|1|528|987	QG0249-C.g418	26.538	260	133	12	53	291	1632	1854	3.17e-11	68.6
PfGN01_120007300|DBLpam2|1|528|987	QG0249-C.g418	27.803	223	113	8	53	271	2048	2226	2.75e-07	55.8
PfGN01_120007300|CIDRpam|1|996|1224	PA0186-C.g114	100.000	229	0	0	1	229	996	1224	4.57e-151	466
PfGN01_120007300|CIDRpam|1|996|1224	PA0061-C.g554	90.830	229	21	0	1	229	947	1175	9.78e-138	428
PfGN01_120007300|CIDRpam|1|996|1224	SenT233.08.g1006	91.266	229	20	0	1	229	974	1202	1.89e-137	427
PfGN01_120007300|CIDRpam|1|996|1224	PA0176-C.g513	90.830	229	21	0	1	229	980	1208	2.03e-136	424
PfGN01_120007300|CIDRpam|1|996|1224	PT0274-Cx.g365	89.083	229	25	0	1	229	74	302	2.57e-136	413
PfGN01_120007300|DBLpam3|1|1243|1597	PA0186-C.g114	100.000	355	0	0	1	355	1243	1597	0.0	724
PfGN01_120007300|DBLpam3|1|1243|1597	PA0186-C.g114	25.857	321	169	13	19	309	70	351	2.37e-14	77.0
PfGN01_120007300|DBLpam3|1|1243|1597	PA0186-C.g114	26.667	315	177	14	23	313	1620	1904	6.16e-12	69.7
PfGN01_120007300|DBLpam3|1|1243|1597	PA0186-C.g114	25.000	216	128	7	42	256	2071	2253	9.31e-12	68.9
PfGN01_120007300|DBLpam3|1|1243|1597	PA0186-C.g114	26.490	302	161	11	20	293	565	833	7.51e-10	63.2
PfGN01_120007300|DBLpam3|1|1243|1597	PA0186-C.g114	25.000	276	140	12	40	309	2405	2619	2.66e-08	58.2
PfGN01_120007300|DBLpam3|1|1243|1597	PfKE04.g1171	94.366	355	20	0	1	355	1222	1576	0.0	683
PfGN01_120007300|DBLpam3|1|1243|1597	PfKE04.g1171	26.780	295	163	12	42	325	2048	2300	2.78e-16	82.8
PfGN01_120007300|DBLpam3|1|1243|1597	PfKE04.g1171	25.705	319	172	14	19	309	70	351	2.21e-14	77.0
PfGN01_120007300|DBLpam3|1|1243|1597	PfKE04.g1171	29.018	224	111	9	123	331	2441	2631	5.03e-14	75.9
PfGN01_120007300|DBLpam3|1|1243|1597	PfKE04.g1171	26.480	321	170	14	23	313	1599	1883	2.70e-12	70.9
PfGN01_120007300|DBLpam3|1|1243|1597	PfKE04.g1171	25.094	267	165	8	40	293	576	820	2.46e-08	58.5
PfGN01_120007300|DBLpam3|1|1243|1597	PT0226-Cx.g96	94.366	355	20	0	1	355	1222	1576	0.0	680
PfGN01_120007300|DBLpam3|1|1243|1597	PT0226-Cx.g96	26.780	295	163	12	42	325	2048	2300	3.68e-16	82.4
PfGN01_120007300|DBLpam3|1|1243|1597	PT0226-Cx.g96	25.705	319	172	14	19	309	70	351	2.41e-14	77.0
PfGN01_120007300|DBLpam3|1|1243|1597	PT0226-Cx.g96	29.279	222	109	9	125	331	2443	2631	6.88e-14	75.5
PfGN01_120007300|DBLpam3|1|1243|1597	PT0226-Cx.g96	27.103	321	168	15	23	313	1599	1883	4.38e-12	70.1
PfGN01_120007300|DBLpam3|1|1243|1597	PT0226-Cx.g96	25.094	267	165	8	40	293	576	820	2.71e-08	58.2
PfGN01_120007300|DBLpam3|1|1243|1597	PA0040-C.g82	93.803	355	21	1	1	355	1222	1575	0.0	677
PfGN01_120007300|DBLpam3|1|1243|1597	PA0040-C.g82	31.364	220	109	11	42	256	2049	2231	1.02e-15	81.3
PfGN01_120007300|DBLpam3|1|1243|1597	PA0040-C.g82	27.445	317	172	15	23	313	1598	1882	2.08e-14	77.0
PfGN01_120007300|DBLpam3|1|1243|1597	PA0040-C.g82	26.250	320	175	14	18	309	69	355	1.23e-13	74.7
PfGN01_120007300|DBLpam3|1|1243|1597	PA0040-C.g82	28.926	242	127	10	125	355	2447	2654	1.25e-12	71.6
PfGN01_120007300|DBLpam3|1|1243|1597	PA0040-C.g82	27.181	298	163	14	21	291	546	816	4.06e-10	63.9
PfGN01_120007300|DBLpam3|1|1243|1597	PM0108-C.g458	93.521	355	23	0	1	355	794	1148	0.0	675
PfGN01_120007300|DBLpam3|1|1243|1597	PM0108-C.g458	28.904	301	156	14	38	325	1575	1830	1.66e-15	80.5
PfGN01_120007300|DBLpam3|1|1243|1597	PM0108-C.g458	25.081	307	178	12	23	313	1171	1441	4.27e-14	76.3
PfGN01_120007300|DBLpam3|1|1243|1597	PM0108-C.g458	25.588	340	203	13	40	352	206	522	3.04e-09	61.2
PfGN01_120007300|DBLpam3|1|1243|1597	PM0108-C.g458	28.638	213	105	10	125	327	1974	2149	1.77e-08	58.9
PfGN01_120007300|DBLe|1|1599|1943	PA0186-C.g114	100.000	345	0	0	1	345	1599	1943	0.0	714
PfGN01_120007300|DBLe|1|1599|1943	PA0186-C.g114	27.473	273	151	10	44	316	2407	2632	2.02e-16	83.2
PfGN01_120007300|DBLe|1|1599|1943	PA0186-C.g114	27.055	292	166	9	44	332	2071	2318	4.59e-16	82.0
PfGN01_120007300|DBLe|1|1599|1943	PA0186-C.g114	26.014	296	163	10	43	311	94	360	7.70e-15	78.2
PfGN01_120007300|DBLe|1|1599|1943	PA0186-C.g114	26.667	315	177	14	22	306	1265	1555	3.04e-14	76.6
PfGN01_120007300|DBLe|1|1599|1943	PA0186-C.g114	25.843	267	139	11	45	280	580	818	7.21e-10	63.2
PfGN01_120007300|DBLe|1|1599|1943	PV0128-C.g10	95.652	345	15	0	1	345	1594	1938	0.0	681
PfGN01_120007300|DBLe|1|1599|1943	PV0128-C.g10	27.797	295	161	12	44	332	2065	2313	8.13e-17	84.3
PfGN01_120007300|DBLe|1|1599|1943	PV0128-C.g10	25.263	285	184	7	45	314	585	855	4.20e-12	70.1
PfGN01_120007300|DBLe|1|1599|1943	PV0128-C.g10	26.246	301	160	12	43	311	94	364	1.82e-11	68.2
PfGN01_120007300|DBLe|1|1599|1943	PV0128-C.g10	23.242	327	185	12	22	306	1248	1550	1.19e-10	65.5
PfGN01_120007300|DBLe|1|1599|1943	PV0128-C.g10	25.670	261	136	9	44	299	2401	2608	7.33e-09	60.1
PfGN01_120007300|DBLe|1|1599|1943	PH0810-C.g168	95.072	345	17	0	1	345	1019	1363	0.0	678
PfGN01_120007300|DBLe|1|1599|1943	PH0810-C.g168	26.460	291	171	9	44	332	1490	1739	4.69e-16	82.0
PfGN01_120007300|DBLe|1|1599|1943	PH0810-C.g168	25.703	249	140	7	44	292	1828	2031	1.02e-12	71.6
PfGN01_120007300|DBLe|1|1599|1943	PH0810-C.g168	24.232	293	170	9	44	306	705	975	6.69e-12	69.3
PfGN01_120007300|DBLe|1|1599|1943	PH0810-C.g168	26.042	288	188	11	49	314	1	285	4.72e-10	63.5
PfGN01_120007300|DBLe|1|1599|1943	PT0215-Cx.g654	94.203	345	14	1	1	345	1578	1916	0.0	674
PfGN01_120007300|DBLe|1|1599|1943	PT0215-Cx.g654	28.621	290	159	10	44	332	2043	2285	1.22e-17	86.7
PfGN01_120007300|DBLe|1|1599|1943	PT0215-Cx.g654	26.117	291	168	12	43	311	94	359	5.25e-12	69.7
PfGN01_120007300|DBLe|1|1599|1943	PT0215-Cx.g654	24.573	293	169	10	44	306	1264	1534	1.29e-11	68.6
PfGN01_120007300|DBLe|1|1599|1943	PT0215-Cx.g654	25.325	308	207	9	22	314	547	846	2.31e-10	64.7
PfGN01_120007300|DBLe|1|1599|1943	PT0215-Cx.g654	24.272	309	168	10	1	299	2328	2580	1.11e-08	59.3
PfGN01_120007300|DBLe|1|1599|1943	PA0101-C.g86	94.203	345	20	0	1	345	1586	1930	0.0	671
PfGN01_120007300|DBLe|1|1599|1943	PA0101-C.g86	26.027	292	173	8	44	332	2057	2308	2.15e-17	85.9
PfGN01_120007300|DBLe|1|1599|1943	PA0101-C.g86	25.175	286	143	9	44	316	2398	2625	6.84e-15	78.6
PfGN01_120007300|DBLe|1|1599|1943	PA0101-C.g86	24.290	317	184	11	22	306	1250	1542	2.59e-12	70.5
PfGN01_120007300|DBLe|1|1599|1943	PA0101-C.g86	25.540	278	185	8	45	314	586	849	4.01e-11	67.0
PfGN01_120007300|DBLe|1|1599|1943	PA0101-C.g86	24.315	292	164	9	43	305	94	357	9.32e-11	65.9
PfGN01_120007300|DBLe|2|2022|2323	PA0186-C.g114	100.000	302	0	0	1	302	2022	2323	0.0	622
PfGN01_120007300|DBLe|2|2022|2323	PA0186-C.g114	30.769	273	158	7	38	302	2395	2644	4.83e-27	113
PfGN01_120007300|DBLe|2|2022|2323	PA0186-C.g114	28.082	292	163	10	50	297	1642	1930	4.64e-16	81.3
PfGN01_120007300|DBLe|2|2022|2323	PA0186-C.g114	26.389	216	125	8	50	232	1284	1498	7.48e-14	74.3
PfGN01_120007300|DBLe|2|2022|2323	PA0186-C.g114	24.727	275	154	12	34	266	78	341	3.28e-11	66.6
PfGN01_120007300|DBLe|2|2022|2323	PA0186-C.g114	26.531	245	130	8	51	252	580	817	5.52e-11	65.9
PfGN01_120007300|DBLe|2|2022|2323	SenT055.11.g507	92.053	302	24	0	1	302	1956	2257	0.0	574
PfGN01_120007300|DBLe|2|2022|2323	SenT055.11.g507	28.333	240	150	5	38	272	2328	2550	2.07e-23	102
PfGN01_120007300|DBLe|2|2022|2323	SenT055.11.g507	29.286	280	162	11	50	298	1592	1866	1.68e-20	94.4
PfGN01_120007300|DBLe|2|2022|2323	SenT055.11.g507	26.224	286	140	10	51	275	543	818	6.89e-11	65.5
PfGN01_120007300|DBLe|2|2022|2323	SenT055.11.g507	25.532	282	156	14	34	273	77	346	1.96e-10	63.9
PfGN01_120007300|DBLe|2|2022|2323	SenT055.11.g507	24.028	283	165	10	50	283	1231	1512	3.81e-10	63.2
PfGN01_120007300|DBLe|2|2022|2323	QG0252-C.g3102	92.208	308	18	2	1	302	2014	2321	0.0	573
PfGN01_120007300|DBLe|2|2022|2323	QG0252-C.g3102	30.037	273	165	8	38	302	2394	2648	8.50e-25	107
PfGN01_120007300|DBLe|2|2022|2323	QG0252-C.g3102	29.286	280	163	10	50	298	1649	1924	2.26e-19	90.9
PfGN01_120007300|DBLe|2|2022|2323	QG0252-C.g3102	24.561	285	160	11	50	283	1289	1569	1.53e-13	73.6
PfGN01_120007300|DBLe|2|2022|2323	QG0252-C.g3102	24.028	283	160	11	34	273	78	348	6.09e-13	71.6
PfGN01_120007300|DBLe|2|2022|2323	QG0252-C.g3102	25.714	245	134	4	51	252	581	820	8.47e-13	71.2
PfGN01_120007300|DBLe|2|2022|2323	PA0207-C.g313	91.722	302	17	1	1	302	1986	2279	0.0	572
PfGN01_120007300|DBLe|2|2022|2323	PA0207-C.g313	32.979	282	154	10	34	302	2346	2605	1.62e-30	123
PfGN01_120007300|DBLe|2|2022|2323	PA0207-C.g313	28.571	294	161	10	50	298	1607	1896	4.73e-20	92.8
PfGN01_120007300|DBLe|2|2022|2323	PA0207-C.g313	26.636	214	125	9	50	232	1251	1463	4.13e-13	72.4
PfGN01_120007300|DBLe|2|2022|2323	PA0207-C.g313	27.679	224	119	8	51	239	583	798	1.85e-10	64.3
PfGN01_120007300|DBLe|2|2022|2323	PA0207-C.g313	23.381	278	158	11	34	266	78	345	3.01e-09	60.5
PfGN01_120007300|DBLe|2|2022|2323	QG0297-C.g3819	92.208	308	18	2	1	302	927	1234	0.0	572
PfGN01_120007300|DBLe|2|2022|2323	QG0297-C.g3819	31.034	261	154	8	50	302	1319	1561	7.49e-25	107
PfGN01_120007300|DBLe|2|2022|2323	QG0297-C.g3819	29.286	280	163	10	50	298	562	837	2.19e-19	90.9
PfGN01_120007300|DBLe|2|2022|2323	QG0297-C.g3819	24.561	285	160	11	50	283	202	482	1.70e-13	73.2
PfGN01_120007300|DBLe|3|2361|2673	PA0186-C.g114	100.000	313	0	0	1	313	2361	2673	0.0	653
PfGN01_120007300|DBLe|3|2361|2673	PA0186-C.g114	31.387	274	150	8	47	290	2071	2336	1.55e-25	109
PfGN01_120007300|DBLe|3|2361|2673	PA0186-C.g114	29.323	266	112	11	43	241	575	831	3.50e-21	96.7
PfGN01_120007300|DBLe|3|2361|2673	PA0186-C.g114	27.341	267	146	10	48	268	96	360	2.59e-16	82.0
PfGN01_120007300|DBLe|3|2361|2673	PA0186-C.g114	26.740	273	153	9	47	272	1642	1914	1.39e-15	79.7
PfGN01_120007300|DBLe|3|2361|2673	PA0186-C.g114	25.000	276	140	12	45	259	1282	1551	6.36e-09	59.7
PfGN01_120007300|DBLe|3|2361|2673	PM0113-C.g61	89.206	315	30	3	1	313	2336	2648	0.0	573
PfGN01_120007300|DBLe|3|2361|2673	PM0113-C.g61	32.234	273	148	8	47	290	2047	2311	1.13e-27	115
PfGN01_120007300|DBLe|3|2361|2673	PM0113-C.g61	28.340	247	121	9	43	235	574	818	3.21e-19	90.9
PfGN01_120007300|DBLe|3|2361|2673	PM0113-C.g61	26.692	266	154	9	47	272	1627	1891	8.54e-16	80.5
PfGN01_120007300|DBLe|3|2361|2673	PM0113-C.g61	26.910	301	157	12	48	302	94	377	2.44e-12	70.1
PfGN01_120007300|DBLe|3|2361|2673	PM0113-C.g61	26.838	272	139	13	45	259	1268	1536	2.49e-09	60.8
PfGN01_120007300|DBLe|3|2361|2673	PT0253-Cx.g86	85.987	314	42	2	1	313	2346	2658	8.28e-179	550
PfGN01_120007300|DBLe|3|2361|2673	PT0253-Cx.g86	31.203	266	143	9	47	284	2055	2308	2.69e-24	105
PfGN01_120007300|DBLe|3|2361|2673	PT0253-Cx.g86	28.627	255	122	10	43	241	570	820	6.42e-21	95.9
PfGN01_120007300|DBLe|3|2361|2673	PT0253-Cx.g86	27.778	288	158	10	26	264	74	360	7.09e-20	92.8
PfGN01_120007300|DBLe|3|2361|2673	PT0253-Cx.g86	25.275	273	157	8	47	272	1627	1899	3.16e-14	75.9
PfGN01_120007300|DBLe|3|2361|2673	PT0253-Cx.g86	24.632	272	145	11	45	259	1268	1536	4.89e-07	53.9
PfGN01_120007300|DBLe|3|2361|2673	PA0232-C.g181	82.334	317	51	2	1	313	2309	2624	4.77e-171	528
PfGN01_120007300|DBLe|3|2361|2673	PA0232-C.g181	31.274	259	149	9	47	284	2021	2271	1.53e-24	106
PfGN01_120007300|DBLe|3|2361|2673	PA0232-C.g181	29.435	248	126	10	43	241	545	792	4.40e-20	93.2
PfGN01_120007300|DBLe|3|2361|2673	PA0232-C.g181	26.812	276	149	10	47	272	1594	1866	3.73e-15	78.6
PfGN01_120007300|DBLe|3|2361|2673	PA0232-C.g181	26.336	262	145	10	48	261	95	356	9.18e-13	71.2
PfGN01_120007300|DBLe|3|2361|2673	PC0085-C.g1700	78.616	318	62	3	1	313	1574	1890	1.03e-168	516
PfGN01_120007300|DBLe|3|2361|2673	PC0085-C.g1700	29.885	261	152	7	47	284	1284	1536	5.90e-25	107
PfGN01_120007300|DBLe|3|2361|2673	PC0085-C.g1700	26.766	269	150	10	47	272	864	1128	1.17e-15	80.1
PfGN01_120007300|DBLe|3|2361|2673	PC0085-C.g1700	29.609	179	97	7	104	259	601	773	7.75e-11	65.5
PfGN01_120007300|ATS|1|2690|3096	PFKE06.g409	99.509	407	2	0	1	407	5929	6335	0.0	831
PfGN01_120007300|ATS|1|2690|3096	PA0134-C.g295	97.543	407	10	0	1	407	2692	3098	0.0	822
PfGN01_120007300|ATS|1|2690|3096	PfKE04.g1171	97.778	405	8	1	1	404	2671	3075	0.0	813
PfGN01_120007300|ATS|1|2690|3096	PFKE08.g252	97.549	408	9	1	1	407	1070	1477	0.0	810
PfGN01_120007300|ATS|1|2690|3096	PD0582-C.g234	95.588	408	17	1	1	407	2663	3070	0.0	774
PfGN01_120025500|NTS|1|1|65	PA0267-C.g232	100.000	65	0	0	1	65	1	65	5.20e-39	137
PfGN01_120025500|NTS|1|1|65	PT0014-CW.g419	98.462	65	1	0	1	65	1	65	3.58e-38	135
PfGN01_120025500|NTS|1|1|65	PD0507-C.g785	92.308	65	5	0	1	65	1	65	1.76e-34	124
PfGN01_120025500|NTS|1|1|65	QE0397-C.g517	84.615	65	9	1	1	65	1	64	4.72e-31	114
PfGN01_120025500|NTS|1|1|65	PD0565-C.g385	84.615	65	9	1	1	65	1	64	6.51e-31	114
PfGN01_120025500|DBLa|1|66|477	PT0014-CW.g419	100.000	412	0	0	1	412	66	477	0.0	874
PfGN01_120025500|DBLa|1|66|477	PT0014-CW.g419	32.979	94	61	1	227	320	1267	1358	3.04e-11	67.8
PfGN01_120025500|DBLa|1|66|477	PA0267-C.g232	100.000	412	0	0	1	412	66	477	0.0	869
PfGN01_120025500|DBLa|1|66|477	PA0267-C.g232	31.416	226	94	9	166	342	1038	1251	2.03e-16	84.3
PfGN01_120025500|DBLa|1|66|477	PA0267-C.g232	24.014	279	152	9	23	279	1923	2163	1.57e-09	62.8
PfGN01_120025500|DBLa|1|66|477	PF0092-C.g266	76.850	419	80	7	1	412	65	473	0.0	659
PfGN01_120025500|DBLa|1|66|477	PF0092-C.g266	30.341	323	166	12	113	412	983	1269	3.11e-30	125
PfGN01_120025500|DBLa|1|66|477	PF0092-C.g266	25.939	293	146	11	41	331	2273	2496	3.27e-16	83.6
PfGN01_120025500|DBLa|1|66|477	PF0092-C.g266	24.771	218	115	7	50	264	1960	2131	5.45e-10	63.9
PfGN01_120025500|DBLa|1|66|477	PF0092-C.g266	24.364	275	145	8	106	370	1680	1901	8.20e-08	57.4
PfGN01_120025500|DBLa|1|66|477	PT0041-C.g423	77.857	420	81	5	1	412	65	480	0.0	642
PfGN01_120025500|DBLa|1|66|477	PT0041-C.g423	28.409	264	146	8	166	412	1085	1322	1.76e-17	87.4
PfGN01_120025500|DBLa|1|66|477	PM0041-C.g951	75.238	420	86	4	1	412	66	475	0.0	638
PfGN01_120025500|DBLa|1|66|477	PM0041-C.g951	25.798	376	204	15	81	412	978	1322	6.09e-21	97.8
PfGN01_120025500|CIDRa|1|478|726	PA0267-C.g232	100.000	249	0	0	1	249	478	726	8.18e-168	514
PfGN01_120025500|CIDRa|1|478|726	PT0014-CW.g419	91.968	249	20	0	1	249	478	726	1.87e-159	478
PfGN01_120025500|CIDRa|1|478|726	SenT150.09.g873	90.763	249	23	0	1	249	476	724	2.23e-156	466
PfGN01_120025500|CIDRa|1|478|726	PA0149-C.g595	90.763	249	23	0	1	249	476	724	1.35e-152	465
PfGN01_120025500|CIDRa|1|478|726	PM0041-C.g951	90.361	249	24	0	1	249	476	724	5.53e-152	464
PfGN01_120025500|DBLd|1|809|1296	PA0267-C.g232	100.000	488	0	0	1	488	809	1296	0.0	1006
PfGN01_120025500|DBLd|1|809|1296	PA0267-C.g232	32.020	203	90	8	230	420	231	397	4.78e-17	87.0
PfGN01_120025500|DBLd|1|809|1296	PM0107-C.g392	58.349	521	167	14	1	488	868	1371	5.46e-172	529
PfGN01_120025500|DBLd|1|809|1296	PM0107-C.g392	27.968	379	214	12	138	488	150	497	4.06e-25	112
PfGN01_120025500|DBLd|1|809|1296	PM0115-C.g450	58.349	521	167	14	1	488	868	1371	7.74e-172	529
PfGN01_120025500|DBLd|1|809|1296	PM0115-C.g450	27.968	379	214	12	138	488	150	497	4.26e-25	112
PfGN01_120025500|DBLd|1|809|1296	PM0145-C.g187	56.641	512	182	14	1	488	889	1384	1.10e-167	526
PfGN01_120025500|DBLd|1|809|1296	PM0145-C.g187	28.571	189	96	4	236	419	254	408	1.17e-14	79.7
PfGN01_120025500|DBLd|1|809|1296	PM0145-C.g187	23.664	262	151	9	229	485	1900	2117	1.52e-09	63.2
PfGN01_120025500|DBLd|1|809|1296	PF0263-C.g398	53.393	560	188	18	1	488	857	1415	4.18e-164	509
PfGN01_120025500|DBLd|1|809|1296	PF0263-C.g398	24.828	290	138	11	231	488	244	485	2.72e-09	62.4
PfGN01_120025500|CIDRg|1|1297|1565	PA0267-C.g232	91.078	269	0	1	1	269	1297	1541	6.50e-160	493
PfGN01_120025500|CIDRg|1|1297|1565	PV0129-C.g19	91.882	271	17	3	1	269	1395	1662	1.16e-157	487
PfGN01_120025500|CIDRg|1|1297|1565	PV0301-C.g57	91.882	271	17	3	1	269	1198	1465	3.37e-157	486
PfGN01_120025500|CIDRg|1|1297|1565	QG0274-C.g68	81.413	269	50	0	1	269	442	710	5.02e-149	450
PfGN01_120025500|CIDRg|1|1297|1565	PV0129-C.g23	76.952	269	58	3	1	269	1376	1640	1.72e-129	407
PfGN01_120025500|DBLe|1|1601|1946	PF0092-C.g230	99.711	346	1	0	1	346	1667	2012	0.0	709
PfGN01_120025500|DBLe|1|1601|1946	PF0092-C.g230	29.967	307	170	9	44	346	2392	2657	3.40e-26	112
PfGN01_120025500|DBLe|1|1601|1946	PF0092-C.g230	25.965	285	171	8	46	324	2063	2313	5.73e-15	78.6
PfGN01_120025500|DBLe|1|1601|1946	PA0176-C.g287	100.000	346	0	0	1	346	1544	1889	0.0	707
PfGN01_120025500|DBLe|1|1601|1946	PA0176-C.g287	29.967	307	170	9	44	346	2269	2534	3.29e-26	112
PfGN01_120025500|DBLe|1|1601|1946	PA0176-C.g287	25.965	285	171	8	46	324	1940	2190	5.07e-15	79.0
PfGN01_120025500|DBLe|1|1601|1946	PA0267-C.g232	98.844	346	4	0	1	346	1577	1922	0.0	700
PfGN01_120025500|DBLe|1|1601|1946	PA0267-C.g232	26.316	285	170	8	46	324	1973	2223	1.10e-15	80.9
PfGN01_120025500|DBLe|1|1601|1946	QE0468-C.g368	91.040	346	30	1	1	346	1632	1976	0.0	640
PfGN01_120025500|DBLe|1|1601|1946	QE0468-C.g368	28.618	304	172	9	44	346	2357	2616	9.67e-22	99.0
PfGN01_120025500|DBLe|1|1601|1946	QE0468-C.g368	26.224	286	169	9	46	324	2028	2278	6.38e-15	78.6
PfGN01_120025500|DBLe|1|1601|1946	PF0298-C.g92	91.040	346	30	1	1	346	1734	2078	0.0	640
PfGN01_120025500|DBLe|1|1601|1946	PF0298-C.g92	28.618	304	172	9	44	346	2459	2718	8.76e-22	99.4
PfGN01_120025500|DBLe|1|1601|1946	PF0298-C.g92	26.224	286	169	9	46	324	2130	2380	6.18e-15	78.6
PfGN01_120025500|DBLe|2|1958|2242	PF0092-C.g230	99.649	285	1	0	1	285	2024	2308	0.0	585
PfGN01_120025500|DBLe|2|1958|2242	PF0092-C.g230	40.805	174	88	6	39	209	2393	2554	1.93e-32	128
PfGN01_120025500|DBLe|2|1958|2242	PF0092-C.g230	27.586	232	129	7	40	236	1712	1939	4.24e-14	74.7
PfGN01_120025500|DBLe|2|1958|2242	PA0176-C.g287	100.000	285	0	0	1	285	1901	2185	0.0	584
PfGN01_120025500|DBLe|2|1958|2242	PA0176-C.g287	40.805	174	88	6	39	209	2270	2431	1.81e-32	128
PfGN01_120025500|DBLe|2|1958|2242	PA0176-C.g287	27.586	232	129	7	40	236	1589	1816	2.73e-14	75.5
PfGN01_120025500|DBLe|2|1958|2242	PA0176-C.g287	28.099	121	60	3	101	196	989	1107	4.59e-07	53.5
PfGN01_120025500|DBLe|2|1958|2242	PA0267-C.g232	99.298	285	2	0	1	285	1934	2218	0.0	583
PfGN01_120025500|DBLe|2|1958|2242	PA0267-C.g232	40.800	125	64	4	39	161	2303	2419	3.27e-20	92.8
PfGN01_120025500|DBLe|2|1958|2242	PA0267-C.g232	27.155	232	130	7	40	236	1622	1849	3.65e-15	77.8
PfGN01_120025500|DBLe|2|1958|2242	PA0267-C.g232	25.500	200	100	7	44	197	115	311	1.53e-08	58.2
PfGN01_120025500|DBLe|2|1958|2242	PF0400-C.g327	99.649	285	1	0	1	285	732	1016	0.0	582
PfGN01_120025500|DBLe|2|1958|2242	PF0400-C.g327	40.805	174	88	6	39	209	1101	1262	2.30e-32	128
PfGN01_120025500|DBLe|2|1958|2242	PF0400-C.g327	26.481	287	163	10	36	285	419	694	1.88e-19	90.5
PfGN01_120025500|DBLe|2|1958|2242	QE0468-C.g368	97.902	286	5	1	1	285	1988	2273	0.0	571
PfGN01_120025500|DBLe|2|1958|2242	QE0468-C.g368	38.095	189	104	7	39	223	2358	2537	1.20e-30	123
PfGN01_120025500|DBLe|2|1958|2242	QE0468-C.g368	26.449	276	161	9	40	280	1676	1944	1.04e-14	76.6
PfGN01_120025500|DBLe|2|1958|2242	QE0468-C.g368	24.201	219	114	7	44	214	128	342	7.32e-08	55.8
PfGN01_120025500|DBLe|3|2285|2591	PF0092-C.g230	100.000	307	0	0	1	307	2351	2657	0.0	647
PfGN01_120025500|DBLe|3|2285|2591	PF0092-C.g230	33.935	277	157	9	42	299	2061	2330	7.34e-33	130
PfGN01_120025500|DBLe|3|2285|2591	PF0092-C.g230	29.870	308	171	9	41	307	1709	2012	1.59e-26	112
PfGN01_120025500|DBLe|3|2285|2591	PF0092-C.g230	24.573	293	137	11	44	252	110	402	7.33e-14	74.7
PfGN01_120025500|DBLe|3|2285|2591	PF0092-C.g230	27.439	164	72	5	143	261	1151	1312	5.04e-08	56.6
PfGN01_120025500|DBLe|3|2285|2591	PA0176-C.g287	100.000	307	0	0	1	307	2228	2534	0.0	644
PfGN01_120025500|DBLe|3|2285|2591	PA0176-C.g287	33.574	277	158	9	42	299	1938	2207	3.58e-32	128
PfGN01_120025500|DBLe|3|2285|2591	PA0176-C.g287	29.870	308	171	9	41	307	1586	1889	1.66e-26	112
PfGN01_120025500|DBLe|3|2285|2591	PA0176-C.g287	25.490	204	106	4	102	259	987	1190	1.37e-11	67.8
PfGN01_120025500|DBLe|3|2285|2591	PA0176-C.g287	24.046	262	140	8	35	237	104	365	8.77e-11	65.1
PfGN01_120025500|DBLe|3|2285|2591	PF0400-C.g327	100.000	307	0	0	1	307	1059	1365	0.0	643
PfGN01_120025500|DBLe|3|2285|2591	PF0400-C.g327	32.817	323	166	11	21	299	723	1038	6.53e-33	130
PfGN01_120025500|DBLe|3|2285|2591	PF0400-C.g327	30.769	299	166	9	45	307	427	720	8.27e-32	127
PfGN01_120025500|DBLe|3|2285|2591	PD0524-C.g801	86.319	307	42	0	1	307	1399	1705	0.0	565
PfGN01_120025500|DBLe|3|2285|2591	PD0524-C.g801	32.852	277	160	9	42	299	1109	1378	1.14e-32	130
PfGN01_120025500|DBLe|3|2285|2591	PD0524-C.g801	30.519	308	169	9	41	307	756	1059	4.46e-27	113
PfGN01_120025500|DBLe|3|2285|2591	PC0031-C.g64	85.113	309	44	2	1	307	777	1085	0.0	550
PfGN01_120025500|DBLe|3|2285|2591	PC0031-C.g64	37.143	245	138	4	43	278	498	735	7.79e-42	156
PfGN01_120025500|DBLe|3|2285|2591	PC0031-C.g64	29.967	307	162	12	45	307	151	448	1.50e-25	108
PfGN01_120025500|ATS|1|2621|3083	PA0158-C.g774	87.097	465	55	5	1	463	1750	2211	0.0	820
PfGN01_120025500|ATS|1|2621|3083	PA0195-C.g729	87.097	465	55	5	1	463	1743	2204	0.0	817
PfGN01_120025500|ATS|1|2621|3083	PV0128-C.g40	87.097	465	55	5	1	463	1703	2164	0.0	815
PfGN01_120025500|ATS|1|2621|3083	QE0448-C.g711	87.339	466	52	6	1	463	1693	2154	0.0	815
PfGN01_120025500|ATS|1|2621|3083	PV0285-C.g4	87.339	466	52	6	1	463	1693	2154	0.0	815
PfGN01_120046100|NTS|1|1|62	SenT013.11.g494	100.000	62	0	0	1	62	1	62	5.74e-36	128
PfGN01_120046100|NTS|1|1|62	PT0242-Cx.g738	100.000	62	0	0	1	62	1	62	7.99e-36	128
PfGN01_120046100|NTS|1|1|62	PFKE12.g305	100.000	62	0	0	1	62	1	62	1.01e-35	128
PfGN01_120046100|NTS|1|1|62	PT0095-C.g528	90.323	62	6	0	1	62	1	62	2.07e-32	118
PfGN01_120046100|NTS|1|1|62	PF0489-C.g553	90.323	62	6	0	1	62	1	62	3.00e-32	118
PfGN01_120046100|DBLa|1|63|528	SenT013.11.g494	99.785	466	1	0	1	466	63	528	0.0	968
PfGN01_120046100|DBLa|1|63|528	SenT013.11.g494	26.923	260	162	8	116	356	1078	1328	2.80e-15	81.3
PfGN01_120046100|DBLa|1|63|528	PF0609-C.g323	100.000	466	0	0	1	466	65	530	0.0	968
PfGN01_120046100|DBLa|1|63|528	PF0609-C.g323	25.789	190	108	5	193	354	1135	1319	2.12e-10	65.9
PfGN01_120046100|DBLa|1|63|528	PA0073-C.g472	99.733	375	1	0	92	466	1	375	0.0	777
PfGN01_120046100|DBLa|1|63|528	PA0073-C.g472	24.460	278	150	9	116	354	895	1151	1.21e-09	63.2
PfGN01_120046100|DBLa|1|63|528	PM0108-C.g11	66.390	482	129	11	1	466	71	535	0.0	612
PfGN01_120046100|DBLa|1|63|528	SenP051.02.g302	71.967	478	111	11	1	466	68	534	0.0	608
PfGN01_120046100|CIDRa|1|529|828	SenT013.11.g494	100.000	300	0	0	1	300	529	828	0.0	621
PfGN01_120046100|CIDRa|1|529|828	PA0073-C.g472	100.000	300	0	0	1	300	376	675	0.0	621
PfGN01_120046100|CIDRa|1|529|828	PA0073-C.g472	42.254	71	38	2	137	207	1331	1398	1.97e-09	60.8
PfGN01_120046100|CIDRa|1|529|828	PF0609-C.g323	100.000	300	0	0	1	300	531	830	0.0	620
PfGN01_120046100|CIDRa|1|529|828	SenP051.02.g302	100.000	297	0	0	1	297	535	831	0.0	614
PfGN01_120046100|CIDRa|1|529|828	PA0041-C.g21	83.498	303	41	3	1	296	526	826	6.17e-164	501
PfGN01_120046100|DBLd|1|915|1398	PA0073-C.g472	67.140	493	117	12	1	484	764	1220	0.0	583
PfGN01_120046100|DBLd|1|915|1398	PA0073-C.g472	26.642	274	138	9	174	423	32	266	5.16e-16	83.6
PfGN01_120046100|DBLd|1|915|1398	PM0134-C.g124	50.000	544	211	10	1	484	871	1413	6.26e-159	495
PfGN01_120046100|DBLd|1|915|1398	PM0134-C.g124	22.985	335	191	11	195	484	195	507	1.11e-09	63.5
PfGN01_120046100|DBLd|1|915|1398	QG0298-C.g1619	55.819	507	170	18	1	484	900	1375	1.46e-153	477
PfGN01_120046100|DBLd|1|915|1398	PFKE07.g368	55.877	519	184	18	1	484	940	1448	1.79e-150	473
PfGN01_120046100|DBLd|1|915|1398	PFKE07.g368	25.526	333	180	11	175	470	181	482	6.01e-13	73.9
PfGN01_120046100|DBLd|1|915|1398	PA0262-C.g565	50.285	527	205	13	1	484	866	1378	7.54e-150	470
PfGN01_120046100|DBLd|1|915|1398	PA0262-C.g565	23.162	272	141	8	171	417	183	411	4.91e-07	55.1
PfGN01_120046100|CIDRb|1|1399|1644	PT0137-C.g816	80.000	245	45	3	3	246	1376	1617	1.47e-127	398
PfGN01_120046100|CIDRb|1|1399|1644	PM0073-C.g210	79.268	246	45	3	1	243	1339	1581	1.37e-123	387
PfGN01_120046100|CIDRb|1|1399|1644	PA0140-C.g666	78.279	244	47	2	1	241	1163	1403	1.56e-123	385
PfGN01_120046100|CIDRb|1|1399|1644	PM0103-C.g400	78.279	244	47	2	1	241	1440	1680	2.12e-123	387
PfGN01_120046100|CIDRb|1|1399|1644	PF0513-C.g600	78.367	245	48	3	1	243	1439	1680	1.98e-121	382
PfGN01_120046100|ATS|1|1773|2194	PT0170-C.g672	66.876	477	84	9	1	422	1768	2225	0.0	592
PfGN01_120046100|ATS|1|1773|2194	PV0211-C.g52	66.161	461	110	6	3	422	1847	2302	0.0	590
PfGN01_120046100|ATS|1|1773|2194	PFKE09.g399	66.667	465	96	13	1	422	1790	2238	0.0	568
PfGN01_120046100|ATS|1|1773|2194	PFKE11.g708	67.406	451	111	9	1	422	1918	2361	0.0	565
PfGN01_120046100|ATS|1|1773|2194	PH0604-C.g65	66.067	445	118	9	5	422	850	1288	0.0	545
PfGN01_120046300|NTS|1|1|66	PT0106-C.g840	78.788	66	14	0	1	66	1	66	5.54e-30	112
PfGN01_120046300|NTS|1|1|66	PM0063-C.g613	75.758	66	16	0	1	66	1	66	2.99e-28	107
PfGN01_120046300|NTS|1|1|66	QG0200-C.g586	69.697	66	20	0	1	66	1	66	6.95e-25	97.4
PfGN01_120046300|NTS|1|1|66	PH0589-C.g69	72.131	61	17	0	6	66	6	66	1.09e-23	94.0
PfGN01_120046300|NTS|1|1|66	PH0610-C.g525	70.149	67	19	1	1	66	1	67	2.22e-23	93.2
PfGN01_120046300|DBLa|1|67|480	PH0815-C.g1037	81.905	420	66	5	1	414	66	481	0.0	697
PfGN01_120046300|DBLa|1|67|480	PH0815-C.g1037	28.108	185	117	4	231	414	1126	1295	4.97e-12	70.5
PfGN01_120046300|DBLa|1|67|480	PH0778-C.g677	81.905	420	66	5	1	414	66	481	0.0	697
PfGN01_120046300|DBLa|1|67|480	PH0778-C.g677	28.108	185	117	4	231	414	1126	1295	4.97e-12	70.5
PfGN01_120046300|DBLa|1|67|480	PC0054-C.g371	78.282	419	82	4	1	414	64	478	0.0	669
PfGN01_120046300|DBLa|1|67|480	PC0054-C.g371	24.033	362	210	14	92	414	994	1329	3.93e-12	70.9
PfGN01_120046300|DBLa|1|67|480	PF0206-C.g522	77.381	420	89	5	1	414	66	485	0.0	663
PfGN01_120046300|DBLa|1|67|480	PF0206-C.g522	23.529	272	153	7	182	414	1097	1352	3.40e-11	67.8
PfGN01_120046300|DBLa|1|67|480	PT0299-Cx.g2992	77.327	419	87	6	1	414	70	485	0.0	652
PfGN01_120046300|DBLa|1|67|480	PT0299-Cx.g2992	29.167	264	137	11	185	414	1094	1341	2.03e-15	81.3
PfGN01_120046300|CIDRa|1|481|732	PT0169-C.g320	88.492	252	28	1	1	252	473	723	3.13e-145	450
PfGN01_120046300|CIDRa|1|481|732	PT0169-C.g320	28.846	156	97	4	83	228	1393	1544	2.50e-08	56.6
PfGN01_120046300|CIDRa|1|481|732	SenT097.09.g219	84.524	252	38	1	1	252	476	726	2.12e-140	434
PfGN01_120046300|CIDRa|1|481|732	PfKE05.g173	84.127	252	33	2	1	252	471	715	1.37e-138	428
PfGN01_120046300|CIDRa|1|481|732	PH0815-C.g1037	82.143	252	44	1	1	252	482	732	1.79e-138	428
PfGN01_120046300|CIDRa|1|481|732	PH0778-C.g677	82.143	252	44	1	1	252	482	732	1.79e-138	428
PfGN01_120046300|DBLd|1|816|1380	QG0247-C.g2443	79.736	607	52	3	1	565	815	1392	0.0	876
PfGN01_120046300|DBLd|1|816|1380	QG0247-C.g2443	35.533	197	104	8	382	565	298	484	2.95e-24	110
PfGN01_120046300|DBLd|1|816|1380	QG0247-C.g2443	22.090	335	203	11	194	515	1766	2055	3.62e-09	62.4
PfGN01_120046300|DBLd|1|816|1380	PF0263-C.g365	51.232	609	192	18	1	565	889	1436	8.86e-174	539
PfGN01_120046300|DBLd|1|816|1380	PF0263-C.g365	27.076	277	158	8	267	531	199	443	1.26e-17	89.7
PfGN01_120046300|DBLd|1|816|1380	PV0089-C.g37	53.130	591	152	17	14	565	820	1324	4.08e-173	545
PfGN01_120046300|DBLd|1|816|1380	PV0089-C.g37	28.788	330	167	16	267	565	192	484	3.76e-20	97.8
PfGN01_120046300|DBLd|1|816|1380	PV0089-C.g37	31.683	202	78	6	230	431	1725	1866	2.86e-19	94.7
PfGN01_120046300|DBLd|1|816|1380	PV0089-C.g37	21.986	282	169	9	267	536	2149	2391	5.31e-10	65.1
PfGN01_120046300|DBLd|1|816|1380	PT0052-C.g773	49.831	592	194	15	1	565	684	1199	1.39e-161	502
PfGN01_120046300|DBLd|1|816|1380	PT0052-C.g773	28.182	330	167	13	277	565	9	309	5.01e-16	84.3
PfGN01_120046300|DBLd|1|816|1380	PA0263-C.g1085	50.245	613	177	20	1	565	880	1412	1.50e-160	503
PfGN01_120046300|DBLd|1|816|1380	PA0263-C.g1085	25.407	307	169	12	267	551	193	461	7.57e-13	74.3
PfGN01_120046300|CIDRg|1|1381|1626	QG0247-C.g2443	100.000	246	0	0	1	246	1393	1638	1.48e-166	511
PfGN01_120046300|CIDRg|1|1381|1626	QE0468-C.g286	92.405	237	18	0	1	237	1346	1582	7.56e-137	426
PfGN01_120046300|CIDRg|1|1381|1626	QE0468-C.g286	30.159	126	80	4	78	199	627	748	2.40e-08	56.6
PfGN01_120046300|CIDRg|1|1381|1626	PT0052-C.g773	89.916	238	24	0	1	238	1200	1437	1.09e-135	419
PfGN01_120046300|CIDRg|1|1381|1626	PF0263-C.g365	86.555	238	32	0	1	238	1437	1674	2.46e-130	406
PfGN01_120046300|CIDRg|1|1381|1626	QE0404-C.g197	79.681	251	43	2	1	246	1389	1636	7.87e-128	400
PfGN01_120046300|DBLz|1|1668|2092	QE0470-C.g189	99.765	425	1	0	1	425	2006	2430	0.0	873
PfGN01_120046300|DBLz|1|1668|2092	QE0470-C.g189	29.245	424	262	11	2	395	20	435	2.81e-41	159
PfGN01_120046300|DBLz|1|1668|2092	QE0470-C.g189	27.273	374	201	17	91	425	828	1169	2.38e-19	93.6
PfGN01_120046300|DBLz|1|1668|2092	QE0470-C.g189	27.437	277	159	9	90	366	2485	2719	1.41e-16	84.7
PfGN01_120046300|DBLz|1|1668|2092	QE0470-C.g189	23.009	452	223	17	90	418	1271	1720	5.22e-07	54.7
PfGN01_120046300|DBLz|1|1668|2092	PH0643-C.g499	89.510	429	41	2	1	425	1596	2024	0.0	790
PfGN01_120046300|DBLz|1|1668|2092	PH0643-C.g499	29.128	436	245	17	2	388	14	434	3.35e-37	147
PfGN01_120046300|DBLz|1|1668|2092	PH0643-C.g499	27.869	305	164	14	78	378	2064	2316	7.95e-19	91.7
PfGN01_120046300|DBLz|1|1668|2092	PH0643-C.g499	25.514	243	138	8	152	370	1045	1268	7.83e-10	63.5
PfGN01_120046300|DBLz|1|1668|2092	PD0503-C.g393	89.510	429	41	2	1	425	1596	2024	0.0	790
PfGN01_120046300|DBLz|1|1668|2092	PD0503-C.g393	29.128	436	245	17	2	388	14	434	3.35e-37	147
PfGN01_120046300|DBLz|1|1668|2092	PD0503-C.g393	27.869	305	164	14	78	378	2064	2316	7.95e-19	91.7
PfGN01_120046300|DBLz|1|1668|2092	PD0503-C.g393	25.514	243	138	8	152	370	1045	1268	7.83e-10	63.5
PfGN01_120046300|DBLz|1|1668|2092	PT0041-C.g22	85.176	425	61	1	1	425	2445	2867	0.0	735
PfGN01_120046300|DBLz|1|1668|2092	PT0041-C.g22	29.091	495	245	21	2	425	744	1203	4.13e-41	158
PfGN01_120046300|DBLz|1|1668|2092	PT0041-C.g22	27.056	377	236	11	51	396	71	439	6.04e-29	122
PfGN01_120046300|DBLz|1|1668|2092	PT0041-C.g22	26.543	324	180	14	59	378	2890	3159	7.94e-17	85.9
PfGN01_120046300|DBLz|1|1668|2092	PT0041-C.g22	25.413	303	149	12	91	363	1266	1521	7.09e-09	60.8
PfGN01_120046300|DBLz|1|1668|2092	PT0041-C.g22	24.060	266	119	8	214	409	1874	2126	3.86e-07	55.1
PfGN01_120046300|DBLz|1|1668|2092	PT0258-Cx.g628	85.412	425	60	1	1	425	2346	2768	0.0	734
PfGN01_120046300|DBLz|1|1668|2092	PT0258-Cx.g628	28.078	463	267	16	5	425	745	1183	3.20e-43	164
PfGN01_120046300|DBLz|1|1668|2092	PT0258-Cx.g628	28.877	374	229	11	47	394	59	421	9.62e-34	136
PfGN01_120046300|DBLz|1|1668|2092	PT0258-Cx.g628	26.543	324	180	14	59	378	2791	3060	4.67e-17	86.3
PfGN01_120046300|DBLz|1|1668|2092	PT0258-Cx.g628	25.765	392	217	15	68	425	1214	1565	5.39e-14	77.0
PfGN01_120046300|DBLz|1|1668|2092	PT0258-Cx.g628	28.659	164	95	5	239	388	1868	2023	1.14e-08	60.1
PfGN01_120046300|DBLe|1|2097|2420	QE0470-C.g189	100.000	324	0	0	1	324	2435	2758	0.0	676
PfGN01_120046300|DBLe|1|2097|2420	QE0470-C.g189	25.899	278	164	7	47	283	823	1099	2.25e-20	94.4
PfGN01_120046300|DBLe|1|2097|2420	QE0470-C.g189	27.437	277	159	9	51	285	2095	2371	1.06e-16	83.6
PfGN01_120046300|DBLe|1|2097|2420	QE0470-C.g189	28.889	225	102	9	47	225	109	321	9.33e-12	68.6
PfGN01_120046300|DBLe|1|2097|2420	QG0190-C.g37	86.850	327	36	3	1	324	1203	1525	0.0	576
PfGN01_120046300|DBLe|1|2097|2420	QG0190-C.g37	28.253	269	131	8	51	271	864	1118	7.43e-16	80.9
PfGN01_120046300|DBLe|1|2097|2420	PA0047-C.g244	83.750	320	48	2	1	318	802	1119	0.0	559
PfGN01_120046300|DBLe|1|2097|2420	PA0047-C.g244	24.490	294	178	7	34	286	449	739	2.70e-16	82.0
PfGN01_120046300|DBLe|1|2097|2420	PF0737-C.g89	81.931	321	51	3	1	318	689	1005	0.0	532
PfGN01_120046300|DBLe|1|2097|2420	PF0737-C.g89	27.413	259	145	9	51	267	322	579	2.55e-16	82.0
PfGN01_120046300|DBLe|1|2097|2420	PM0145-C.g542	80.247	324	63	1	1	324	1081	1403	5.99e-179	535
PfGN01_120046300|DBLe|1|2097|2420	PM0145-C.g542	28.938	273	154	10	51	285	746	1016	3.21e-17	85.1
PfGN01_120046300|ATS|1|2468|2931	PT0170-C.g672	77.167	473	82	6	2	464	1769	2225	0.0	697
PfGN01_120046300|ATS|1|2468|2931	PD0582-C.g763	80.384	469	67	5	2	464	1664	2113	0.0	695
PfGN01_120046300|ATS|1|2468|2931	PV0139-C.g62	74.662	517	77	7	2	464	1705	2221	0.0	672
PfGN01_120046300|ATS|1|2468|2931	PV0211-C.g126	73.333	510	83	12	2	464	842	1345	0.0	666
PfGN01_120046300|ATS|1|2468|2931	PV0117-C.g34	80.714	420	66	7	2	408	1726	2143	0.0	650
PfGN01_120046500|NTS|1|1|70	SenP027.02.g383	100.000	70	0	0	1	70	1	70	1.69e-41	145
PfGN01_120046500|NTS|1|1|70	PV0083-C.g66	84.286	70	10	1	1	70	1	69	1.20e-31	117
PfGN01_120046500|NTS|1|1|70	PA0081-C.g231	80.000	70	14	0	1	70	1	70	2.88e-31	115
PfGN01_120046500|NTS|1|1|70	QG0291-C.g3009	84.286	70	10	1	1	70	1	69	1.35e-30	114
PfGN01_120046500|NTS|1|1|70	QE0417-C.g880	87.500	64	8	0	7	70	6	69	2.19e-30	113
PfGN01_120046500|DBLa|1|71|483	SenP027.02.g383	100.000	413	0	0	1	413	71	483	0.0	865
PfGN01_120046500|DBLa|1|71|483	SenP027.02.g383	25.460	326	182	12	121	413	1015	1312	3.57e-18	89.4
PfGN01_120046500|DBLa|1|71|483	PM0161-C.g2961	76.271	413	95	2	1	413	70	479	0.0	656
PfGN01_120046500|DBLa|1|71|483	PM0161-C.g2961	26.437	261	149	10	182	413	1088	1334	5.59e-12	70.5
PfGN01_120046500|DBLa|1|71|483	PF0159-C.g811	74.155	414	102	3	1	413	70	479	0.0	627
PfGN01_120046500|DBLa|1|71|483	PF0159-C.g811	37.615	109	63	2	226	331	1224	1330	1.95e-11	68.6
PfGN01_120046500|DBLa|1|71|483	PF0513-C.g1357	74.818	413	103	1	1	413	76	487	0.0	622
PfGN01_120046500|DBLa|1|71|483	PF0513-C.g1357	26.038	265	155	7	180	413	1083	1337	3.97e-15	80.1
PfGN01_120046500|DBLa|1|71|483	QE0410-C.g672	73.913	414	105	2	1	413	65	476	0.0	614
PfGN01_120046500|DBLa|1|71|483	QE0410-C.g672	27.331	311	165	12	127	413	1014	1287	1.26e-15	81.6
PfGN01_120046500|CIDRa|1|484|738	SenP027.02.g383	99.608	255	1	0	1	255	484	738	1.05e-176	525
PfGN01_120046500|CIDRa|1|484|738	PD0487-C.g710	70.238	252	75	0	1	252	485	736	5.02e-112	355
PfGN01_120046500|CIDRa|1|484|738	PD0464-C.g1046	70.238	252	75	0	1	252	485	736	5.02e-112	355
PfGN01_120046500|CIDRa|1|484|738	PD0496-C.g847	70.238	252	75	0	1	252	485	736	5.39e-112	355
PfGN01_120046500|CIDRa|1|484|738	PT0262-C.g757	71.373	255	68	2	1	252	475	727	1.32e-110	351
PfGN01_120046500|DBLd|1|823|1305	PA0073-C.g472	64.815	486	126	12	7	483	771	1220	0.0	550
PfGN01_120046500|DBLd|1|823|1305	PA0073-C.g472	26.642	274	138	9	173	422	32	266	6.22e-16	83.6
PfGN01_120046500|DBLd|1|823|1305	PM0134-C.g124	51.287	544	203	11	1	483	871	1413	8.02e-163	505
PfGN01_120046500|DBLd|1|823|1305	PM0134-C.g124	22.409	357	202	12	172	483	181	507	1.74e-09	63.2
PfGN01_120046500|DBLd|1|823|1305	PA0262-C.g565	51.233	527	199	13	1	483	866	1378	9.16e-154	481
PfGN01_120046500|DBLd|1|823|1305	PA0262-C.g565	23.162	272	141	8	170	416	183	411	6.11e-07	54.7
PfGN01_120046500|DBLd|1|823|1305	PT0109-C.g178	53.229	511	181	16	1	483	891	1371	7.77e-152	475
PfGN01_120046500|DBLd|1|823|1305	PT0109-C.g178	29.167	192	99	8	239	423	246	407	9.10e-12	70.1
PfGN01_120046500|DBLd|1|823|1305	QG0298-C.g1619	55.138	506	174	18	1	483	900	1375	2.59e-150	468
PfGN01_120046500|CIDRb|1|1306|1551	PT0137-C.g816	80.000	245	45	3	3	246	1376	1617	1.47e-127	398
PfGN01_120046500|CIDRb|1|1306|1551	PM0073-C.g210	79.268	246	45	3	1	243	1339	1581	1.37e-123	387
PfGN01_120046500|CIDRb|1|1306|1551	PA0140-C.g666	78.279	244	47	2	1	241	1163	1403	1.56e-123	385
PfGN01_120046500|CIDRb|1|1306|1551	PM0103-C.g400	78.279	244	47	2	1	241	1440	1680	2.12e-123	387
PfGN01_120046500|CIDRb|1|1306|1551	PF0513-C.g600	78.367	245	48	3	1	243	1439	1680	1.98e-121	382
PfGN01_120046500|ATS|1|1680|2101	PT0170-C.g672	66.876	477	84	9	1	422	1768	2225	0.0	592
PfGN01_120046500|ATS|1|1680|2101	PV0211-C.g52	66.161	461	110	6	3	422	1847	2302	0.0	590
PfGN01_120046500|ATS|1|1680|2101	PFKE09.g399	66.667	465	96	13	1	422	1790	2238	0.0	568
PfGN01_120046500|ATS|1|1680|2101	PFKE11.g708	67.406	451	111	9	1	422	1918	2361	0.0	565
PfGN01_120046500|ATS|1|1680|2101	PH0604-C.g65	66.067	445	118	9	5	422	850	1288	0.0	545
PfGN01_120047100|NTS|1|1|70	SenP027.02.g383	100.000	70	0	0	1	70	1	70	1.69e-41	145
PfGN01_120047100|NTS|1|1|70	PV0083-C.g66	84.286	70	10	1	1	70	1	69	1.20e-31	117
PfGN01_120047100|NTS|1|1|70	PA0081-C.g231	80.000	70	14	0	1	70	1	70	2.88e-31	115
PfGN01_120047100|NTS|1|1|70	QG0291-C.g3009	84.286	70	10	1	1	70	1	69	1.35e-30	114
PfGN01_120047100|NTS|1|1|70	QE0417-C.g880	87.500	64	8	0	7	70	6	69	2.19e-30	113
PfGN01_120047100|DBLa|1|71|483	SenP027.02.g383	100.000	413	0	0	1	413	71	483	0.0	865
PfGN01_120047100|DBLa|1|71|483	SenP027.02.g383	25.460	326	182	12	121	413	1015	1312	3.57e-18	89.4
PfGN01_120047100|DBLa|1|71|483	PM0161-C.g2961	76.271	413	95	2	1	413	70	479	0.0	656
PfGN01_120047100|DBLa|1|71|483	PM0161-C.g2961	26.437	261	149	10	182	413	1088	1334	5.59e-12	70.5
PfGN01_120047100|DBLa|1|71|483	PF0159-C.g811	74.155	414	102	3	1	413	70	479	0.0	627
PfGN01_120047100|DBLa|1|71|483	PF0159-C.g811	37.615	109	63	2	226	331	1224	1330	1.95e-11	68.6
PfGN01_120047100|DBLa|1|71|483	PF0513-C.g1357	74.818	413	103	1	1	413	76	487	0.0	622
PfGN01_120047100|DBLa|1|71|483	PF0513-C.g1357	26.038	265	155	7	180	413	1083	1337	3.97e-15	80.1
PfGN01_120047100|DBLa|1|71|483	QE0410-C.g672	73.913	414	105	2	1	413	65	476	0.0	614
PfGN01_120047100|DBLa|1|71|483	QE0410-C.g672	27.331	311	165	12	127	413	1014	1287	1.26e-15	81.6
PfGN01_120047100|CIDRa|1|484|738	SenP027.02.g383	99.608	255	1	0	1	255	484	738	1.05e-176	525
PfGN01_120047100|CIDRa|1|484|738	PD0487-C.g710	70.238	252	75	0	1	252	485	736	5.02e-112	355
PfGN01_120047100|CIDRa|1|484|738	PD0464-C.g1046	70.238	252	75	0	1	252	485	736	5.02e-112	355
PfGN01_120047100|CIDRa|1|484|738	PD0496-C.g847	70.238	252	75	0	1	252	485	736	5.39e-112	355
PfGN01_120047100|CIDRa|1|484|738	PT0262-C.g757	71.373	255	68	2	1	252	475	727	1.32e-110	351
PfGN01_120047100|DBLd|1|823|1340	PV0239-C.g39	95.038	524	18	4	1	518	907	1428	0.0	988
PfGN01_120047100|DBLd|1|823|1340	PV0239-C.g39	23.184	358	207	16	193	518	183	504	6.32e-07	55.1
PfGN01_120047100|DBLd|1|823|1340	PT0303-Cx.g1967	68.582	557	120	12	1	518	917	1457	0.0	696
PfGN01_120047100|DBLd|1|823|1340	PT0303-Cx.g1967	24.585	301	159	12	253	518	252	519	1.22e-09	63.5
PfGN01_120047100|DBLd|1|823|1340	PC0080-C.g448	51.060	519	190	13	1	518	282	737	2.24e-153	469
PfGN01_120047100|DBLd|1|823|1340	PA0237-C.g762	51.577	539	207	13	1	518	809	1314	3.41e-150	471
PfGN01_120047100|DBLd|1|823|1340	PA0237-C.g762	25.547	274	150	11	253	518	250	477	2.10e-11	69.3
PfGN01_120047100|DBLd|1|823|1340	QE0454-C.g644	47.049	593	208	13	1	518	825	1386	6.63e-150	471
PfGN01_120047100|DBLd|1|823|1340	QE0454-C.g644	31.481	216	126	10	318	518	268	476	5.81e-16	84.0
PfGN01_120047100|CIDRb|1|1341|1599	PC0113-C.g1474	100.000	259	0	0	1	259	1437	1695	1.18e-175	530
PfGN01_120047100|CIDRb|1|1341|1599	PV0239-C.g39	100.000	259	0	0	1	259	1429	1687	6.01e-175	528
PfGN01_120047100|CIDRb|1|1341|1599	PV0288-C.g49	88.048	251	29	1	1	251	1310	1559	6.13e-144	443
PfGN01_120047100|CIDRb|1|1341|1599	PV0081-C.g63	88.048	251	29	1	1	251	1310	1559	6.13e-144	443
PfGN01_120047100|CIDRb|1|1341|1599	PA0069-C.g586	87.649	251	30	1	1	251	1393	1642	1.81e-143	442
PfGN01_120047100|ATS|1|1710|2188	PA0221-C.g780	86.475	488	41	4	1	479	1803	2274	0.0	790
PfGN01_120047100|ATS|1|1710|2188	QE0439-C.g985	87.759	482	56	3	1	479	1674	2155	0.0	785
PfGN01_120047100|ATS|1|1710|2188	PD0472-C.g722	79.339	484	85	9	1	479	1681	2154	0.0	713
PfGN01_120047100|ATS|1|1710|2188	PA0262-C.g433	79.046	482	90	7	1	479	2175	2648	0.0	702
PfGN01_120047100|ATS|1|1710|2188	PFKE11.g671	74.653	505	93	9	1	479	2046	2541	0.0	701
PfGN01_120061500|NTS|1|1|68	PC0046-C.g672	100.000	68	0	0	1	68	3	70	6.34e-39	137
PfGN01_120061500|NTS|1|1|68	PH0815-C.g109	98.529	68	1	0	1	68	1	68	1.40e-37	133
PfGN01_120061500|NTS|1|1|68	PH0778-C.g85	98.529	68	1	0	1	68	1	68	1.40e-37	133
PfGN01_120061500|NTS|1|1|68	PT0052-C.g304	98.305	59	1	0	10	68	10	68	1.06e-31	117
PfGN01_120061500|NTS|1|1|68	PfKE02.g252	98.305	59	1	0	10	68	10	68	2.29e-31	115
PfGN01_120061500|DBLa|1|69|462	PC0046-C.g672	100.000	394	0	0	1	394	71	464	0.0	826
PfGN01_120061500|DBLa|1|69|462	PC0046-C.g672	33.226	310	177	10	10	310	1928	2216	5.67e-39	151
PfGN01_120061500|DBLa|1|69|462	PC0046-C.g672	26.351	296	141	13	55	344	2407	2631	6.92e-14	76.3
PfGN01_120061500|DBLa|1|69|462	PC0046-C.g672	29.091	220	127	9	56	262	1152	1355	1.33e-13	75.1
PfGN01_120061500|DBLa|1|69|462	PC0046-C.g672	21.951	287	167	9	46	322	798	1037	1.45e-07	56.2
PfGN01_120061500|DBLa|1|69|462	PT0052-C.g449	100.000	394	0	0	1	394	19	412	0.0	825
PfGN01_120061500|DBLa|1|69|462	PT0052-C.g449	33.226	310	177	10	10	310	1876	2164	6.28e-39	151
PfGN01_120061500|DBLa|1|69|462	PT0052-C.g449	26.957	230	114	8	55	279	2355	2535	7.62e-14	75.9
PfGN01_120061500|DBLa|1|69|462	PT0052-C.g449	29.091	220	127	9	56	262	1100	1303	1.45e-13	75.1
PfGN01_120061500|DBLa|1|69|462	PT0052-C.g449	21.951	287	167	9	46	322	746	985	1.53e-07	56.2
PfGN01_120061500|DBLa|1|69|462	QG0261-C.g318	82.398	392	67	2	3	394	72	461	0.0	666
PfGN01_120061500|DBLa|1|69|462	QG0261-C.g318	36.101	277	145	9	54	322	1610	1862	4.86e-37	145
PfGN01_120061500|DBLa|1|69|462	QG0261-C.g318	25.000	312	161	9	55	364	2028	2268	8.02e-15	79.0
PfGN01_120061500|DBLa|1|69|462	QG0261-C.g318	29.268	246	125	12	44	264	1141	1362	1.12e-13	75.5
PfGN01_120061500|DBLa|1|69|462	QG0261-C.g318	22.907	227	133	9	54	263	803	1004	7.37e-07	53.9
PfGN01_120061500|DBLa|1|69|462	QE0395-C.g380	78.734	395	83	1	1	394	76	470	0.0	654
PfGN01_120061500|DBLa|1|69|462	QE0395-C.g380	35.443	316	172	11	22	330	1679	1969	4.77e-41	157
PfGN01_120061500|DBLa|1|69|462	QE0395-C.g380	32.362	309	148	11	16	308	829	1092	4.40e-37	145
PfGN01_120061500|DBLa|1|69|462	QE0395-C.g380	22.545	275	155	10	53	308	1278	1513	2.00e-07	55.8
PfGN01_120061500|DBLa|1|69|462	PT0048-C.g147	81.934	393	65	4	3	394	72	459	0.0	652
PfGN01_120061500|DBLa|1|69|462	PT0048-C.g147	36.466	266	142	9	54	310	1977	2224	2.23e-39	152
PfGN01_120061500|DBLa|1|69|462	PT0048-C.g147	30.973	226	118	10	56	262	1158	1364	1.17e-16	84.7
PfGN01_120061500|DBLa|1|69|462	PT0048-C.g147	23.871	310	168	12	55	364	2415	2656	3.26e-12	70.9
PfGN01_120061500|DBLa|1|69|462	PT0048-C.g147	24.762	315	176	12	46	345	793	1061	6.87e-10	63.5
PfGN01_120061500|CIDRg|1|463|716	PA0246-C.g431	98.031	254	5	0	1	254	458	711	2.54e-172	513
PfGN01_120061500|CIDRg|1|463|716	PD0667-C.g67	96.850	254	8	0	1	254	462	715	1.67e-171	506
PfGN01_120061500|CIDRg|1|463|716	PT0052-C.g449	100.000	254	0	0	1	254	413	666	1.33e-169	520
PfGN01_120061500|CIDRg|1|463|716	PC0046-C.g672	100.000	254	0	0	1	254	465	718	1.51e-169	520
PfGN01_120061500|CIDRg|1|463|716	PV0241-C.g96	96.850	254	8	0	1	254	292	545	9.41e-168	503
PfGN01_120061500|DBLg|1|761|1098	SenT136.09.g209	94.083	338	19	1	1	338	763	1099	0.0	654
PfGN01_120061500|DBLg|1|761|1098	SenT136.09.g209	28.571	273	144	10	40	305	2037	2265	1.61e-18	89.4
PfGN01_120061500|DBLg|1|761|1098	SenT136.09.g209	26.408	284	187	9	40	305	1155	1434	1.42e-14	77.4
PfGN01_120061500|DBLg|1|761|1098	SenT136.09.g209	22.742	299	186	11	14	284	1595	1876	2.77e-10	64.3
PfGN01_120061500|DBLg|1|761|1098	SenT136.09.g209	23.127	307	174	11	44	307	120	407	1.09e-09	62.4
PfGN01_120061500|DBLg|1|761|1098	PT0048-C.g147	89.941	338	34	0	1	338	758	1095	0.0	631
PfGN01_120061500|DBLg|1|761|1098	PT0048-C.g147	29.242	277	150	8	40	311	2409	2644	9.92e-22	99.0
PfGN01_120061500|DBLg|1|761|1098	PT0048-C.g147	27.444	266	162	9	36	280	1147	1402	4.13e-17	85.1
PfGN01_120061500|DBLg|1|761|1098	PT0048-C.g147	24.483	290	181	9	12	272	1944	2224	9.27e-15	77.8
PfGN01_120061500|DBLg|1|761|1098	PT0048-C.g147	23.776	286	170	8	38	287	117	390	2.83e-12	70.5
PfGN01_120061500|DBLg|1|761|1098	PT0048-C.g147	24.913	289	166	12	40	304	1538	1799	7.96e-09	59.7
PfGN01_120061500|DBLg|1|761|1098	PH0815-C.g1062	87.069	348	35	1	1	338	763	1110	0.0	616
PfGN01_120061500|DBLg|1|761|1098	PH0815-C.g1062	32.286	350	168	11	43	327	1535	1880	5.48e-41	155
PfGN01_120061500|DBLg|1|761|1098	PH0815-C.g1062	30.312	320	163	16	16	317	2655	2932	3.74e-24	105
PfGN01_120061500|DBLg|1|761|1098	PH0815-C.g1062	27.465	284	174	8	44	305	1160	1433	4.67e-15	79.0
PfGN01_120061500|DBLg|1|761|1098	PH0815-C.g1062	22.741	321	169	11	38	307	116	408	3.63e-09	60.8
PfGN01_120061500|DBLg|1|761|1098	PH0778-C.g755	87.069	348	35	1	1	338	763	1110	0.0	616
PfGN01_120061500|DBLg|1|761|1098	PH0778-C.g755	32.286	350	168	11	43	327	1535	1880	5.48e-41	155
PfGN01_120061500|DBLg|1|761|1098	PH0778-C.g755	30.312	320	163	16	16	317	2655	2932	3.74e-24	105
PfGN01_120061500|DBLg|1|761|1098	PH0778-C.g755	27.465	284	174	8	44	305	1160	1433	4.67e-15	79.0
PfGN01_120061500|DBLg|1|761|1098	PH0778-C.g755	22.741	321	169	11	38	307	116	408	3.63e-09	60.8
PfGN01_120061500|DBLg|1|761|1098	PC0032-C.g36	87.870	338	41	0	1	338	439	776	0.0	615
PfGN01_120061500|DBLg|1|761|1098	PC0032-C.g36	27.148	291	176	10	40	304	832	1112	9.87e-16	80.9
PfGN01_120061500|DBLg|1|761|1098	PC0032-C.g36	25.694	288	164	12	42	305	1222	1483	1.11e-09	62.4
PfGN01_120061500|DBLe|1|1103|1468	PT0117-C.g888	90.296	371	31	1	1	366	1106	1476	0.0	682
PfGN01_120061500|DBLe|1|1103|1468	PT0117-C.g888	28.704	324	191	11	56	366	1547	1843	1.07e-17	87.4
PfGN01_120061500|DBLe|1|1103|1468	PT0117-C.g888	25.301	249	167	8	56	298	809	1044	3.23e-11	67.4
PfGN01_120061500|DBLe|1|1103|1468	PT0117-C.g888	26.573	286	144	13	58	301	133	394	5.68e-09	60.5
PfGN01_120061500|DBLe|1|1103|1468	PT0240-C.g226	91.826	367	29	1	1	366	1109	1475	0.0	680
PfGN01_120061500|DBLe|1|1103|1468	PT0240-C.g226	31.348	319	166	13	51	366	2416	2684	4.49e-31	127
PfGN01_120061500|DBLe|1|1103|1468	PT0240-C.g226	30.164	305	166	8	36	309	1964	2252	7.34e-27	114
PfGN01_120061500|DBLe|1|1103|1468	PT0240-C.g226	30.792	341	167	13	56	366	1547	1848	5.52e-24	106
PfGN01_120061500|DBLe|1|1103|1468	PT0240-C.g226	25.763	295	151	11	59	310	134	403	3.15e-13	73.6
PfGN01_120061500|DBLe|1|1103|1468	PT0240-C.g226	25.203	246	145	8	52	282	806	1027	1.19e-10	65.9
PfGN01_120061500|DBLe|1|1103|1468	PV0182-C.g25	90.027	371	32	1	1	366	470	840	0.0	679
PfGN01_120061500|DBLe|1|1103|1468	PV0182-C.g25	29.305	331	182	13	55	366	1737	2034	3.57e-25	109
PfGN01_120061500|DBLe|1|1103|1468	PV0182-C.g25	27.368	285	157	9	58	304	1347	1619	2.20e-21	98.6
PfGN01_120061500|DBLe|1|1103|1468	PV0182-C.g25	27.157	313	178	13	56	366	2117	2381	2.44e-21	98.2
PfGN01_120061500|DBLe|1|1103|1468	PV0182-C.g25	28.571	329	182	13	56	366	911	1204	8.79e-17	84.7
PfGN01_120061500|DBLe|1|1103|1468	PV0182-C.g25	25.581	258	158	8	56	298	170	408	4.45e-11	67.0
PfGN01_120061500|DBLe|1|1103|1468	PA0221-C.g254	89.757	371	33	1	1	366	1702	2072	0.0	676
PfGN01_120061500|DBLe|1|1103|1468	PA0221-C.g254	29.154	319	160	10	36	314	2560	2852	5.64e-26	112
PfGN01_120061500|DBLe|1|1103|1468	PA0221-C.g254	29.242	277	152	9	55	308	866	1121	2.35e-20	95.5
PfGN01_120061500|DBLe|1|1103|1468	PA0221-C.g254	29.912	341	170	15	56	366	2144	2445	2.94e-18	89.0
PfGN01_120061500|DBLe|1|1103|1468	PA0221-C.g254	28.151	238	145	9	58	282	1396	1620	1.05e-12	72.0
PfGN01_120061500|DBLe|1|1103|1468	PA0221-C.g254	24.828	290	161	9	59	313	126	393	2.89e-12	70.9
PfGN01_120061500|DBLe|1|1103|1468	PD0549-C.g105	88.679	371	37	1	1	366	1098	1468	0.0	675
PfGN01_120061500|DBLe|1|1103|1468	PD0549-C.g105	30.721	319	168	13	51	366	2407	2675	2.62e-30	125
PfGN01_120061500|DBLe|1|1103|1468	PD0549-C.g105	30.263	304	167	8	36	309	1955	2243	3.25e-25	110
PfGN01_120061500|DBLe|1|1103|1468	PD0549-C.g105	29.970	337	174	15	56	366	1539	1839	8.70e-21	96.7
PfGN01_120061500|DBLe|1|1103|1468	PD0549-C.g105	29.130	230	117	8	59	266	124	329	1.82e-11	68.2
PfGN01_120061500|DBLe|1|1103|1468	PD0549-C.g105	24.096	249	170	8	56	298	801	1036	6.77e-10	63.5
PfGN01_120061500|DBLe|2|1477|1841	PT0240-C.g226	96.712	365	12	0	1	365	1484	1848	0.0	712
PfGN01_120061500|DBLe|2|1477|1841	PT0240-C.g226	32.595	316	157	14	58	365	2417	2684	1.09e-30	125
PfGN01_120061500|DBLe|2|1477|1841	PT0240-C.g226	29.532	342	171	13	64	365	1164	1475	1.01e-22	102
PfGN01_120061500|DBLe|2|1477|1841	PT0240-C.g226	28.622	283	150	10	64	310	1984	2250	2.81e-14	77.0
PfGN01_120061500|DBLe|2|1477|1841	PT0240-C.g226	25.442	283	169	10	64	325	810	1071	1.62e-09	62.0
PfGN01_120061500|DBLe|2|1477|1841	PC0046-C.g672	92.877	365	23	2	1	365	1471	1832	0.0	672
PfGN01_120061500|DBLe|2|1477|1841	PC0046-C.g672	33.439	314	158	13	58	365	2401	2669	2.21e-31	128
PfGN01_120061500|DBLe|2|1477|1841	PC0046-C.g672	29.815	379	203	14	16	365	1118	1462	1.31e-25	110
PfGN01_120061500|DBLe|2|1477|1841	PC0046-C.g672	28.622	283	150	10	64	310	1968	2234	3.58e-14	76.6
PfGN01_120061500|DBLe|2|1477|1841	PC0046-C.g672	25.503	298	171	12	93	365	829	1100	2.70e-12	70.9
PfGN01_120061500|DBLe|2|1477|1841	PT0052-C.g449	92.877	365	23	2	1	365	1419	1780	0.0	672
PfGN01_120061500|DBLe|2|1477|1841	PT0052-C.g449	33.439	314	158	13	58	365	2349	2617	2.12e-31	128
PfGN01_120061500|DBLe|2|1477|1841	PT0052-C.g449	29.815	379	203	14	16	365	1066	1410	1.34e-25	110
PfGN01_120061500|DBLe|2|1477|1841	PT0052-C.g449	28.622	283	150	10	64	310	1916	2182	3.54e-14	76.6
PfGN01_120061500|DBLe|2|1477|1841	PT0052-C.g449	24.159	327	191	14	64	365	754	1048	2.55e-12	70.9
PfGN01_120061500|DBLe|2|1477|1841	PV0287-C.g18	87.945	365	43	1	1	365	1476	1839	0.0	657
PfGN01_120061500|DBLe|2|1477|1841	PV0287-C.g18	32.166	314	162	12	58	365	2408	2676	4.53e-29	121
PfGN01_120061500|DBLe|2|1477|1841	PV0287-C.g18	31.737	334	178	15	64	365	1152	1467	3.66e-24	106
PfGN01_120061500|DBLe|2|1477|1841	PV0287-C.g18	27.660	282	154	9	64	312	1975	2239	6.78e-14	75.9
PfGN01_120061500|DBLe|2|1477|1841	PV0287-C.g18	23.793	290	163	8	57	308	114	383	1.75e-11	68.2
PfGN01_120061500|DBLe|2|1477|1841	PF0133-C.g145	87.397	365	45	1	1	365	1123	1486	0.0	654
PfGN01_120061500|DBLe|2|1477|1841	PF0133-C.g145	31.065	338	194	13	55	365	789	1114	5.85e-26	112
PfGN01_120061500|DBLe|2|1477|1841	PF0133-C.g145	24.771	218	118	7	142	314	181	397	2.88e-09	61.2
PfGN01_120061500|DBLz|1|1892|2358	PT0240-C.g226	99.145	468	3	1	1	467	1899	2366	0.0	944
PfGN01_120061500|DBLz|1|1892|2358	PT0240-C.g226	31.307	329	188	12	52	357	93	406	8.54e-39	152
PfGN01_120061500|DBLz|1|1892|2358	PT0240-C.g226	30.000	310	170	9	66	358	1144	1423	2.03e-26	115
PfGN01_120061500|DBLz|1|1892|2358	PT0240-C.g226	26.616	263	138	8	84	345	2419	2627	6.10e-18	89.7
PfGN01_120061500|DBLz|1|1892|2358	PT0240-C.g226	28.571	287	152	11	86	355	1547	1797	6.44e-13	73.9
PfGN01_120061500|DBLz|1|1892|2358	PT0240-C.g226	25.685	292	173	14	53	333	780	1038	2.86e-12	72.0
PfGN01_120061500|DBLz|1|1892|2358	PC0046-C.g672	99.145	468	3	1	1	467	1883	2350	0.0	944
PfGN01_120061500|DBLz|1|1892|2358	PC0046-C.g672	31.579	342	199	11	19	333	47	380	5.45e-39	153
PfGN01_120061500|DBLz|1|1892|2358	PC0046-C.g672	31.271	291	155	11	85	358	1148	1410	3.12e-24	108
PfGN01_120061500|DBLz|1|1892|2358	PC0046-C.g672	26.236	263	139	8	84	345	2403	2611	1.20e-16	85.5
PfGN01_120061500|DBLz|1|1892|2358	PC0046-C.g672	24.916	297	174	13	52	337	775	1033	1.52e-11	69.7
PfGN01_120061500|DBLz|1|1892|2358	PC0046-C.g672	27.797	295	154	12	80	355	1527	1781	1.52e-11	69.7
PfGN01_120061500|DBLz|1|1892|2358	PT0052-C.g449	99.145	468	3	1	1	467	1831	2298	0.0	943
PfGN01_120061500|DBLz|1|1892|2358	PT0052-C.g449	33.333	309	177	10	46	333	28	328	6.61e-39	153
PfGN01_120061500|DBLz|1|1892|2358	PT0052-C.g449	31.271	291	155	11	85	358	1096	1358	3.41e-24	108
PfGN01_120061500|DBLz|1|1892|2358	PT0052-C.g449	26.236	263	139	8	84	345	2351	2559	1.15e-16	85.9
PfGN01_120061500|DBLz|1|1892|2358	PT0052-C.g449	27.797	295	154	12	80	355	1475	1729	1.55e-11	69.3
PfGN01_120061500|DBLz|1|1892|2358	PT0052-C.g449	24.916	297	174	13	52	337	723	981	1.56e-11	69.3
PfGN01_120061500|DBLz|1|1892|2358	PT0215-Cx.g867	94.647	467	25	0	1	467	1890	2356	0.0	906
PfGN01_120061500|DBLz|1|1892|2358	PT0215-Cx.g867	32.026	306	170	11	52	333	84	375	9.69e-34	137
PfGN01_120061500|DBLz|1|1892|2358	PT0215-Cx.g867	29.431	299	164	8	66	345	1137	1407	2.74e-25	112
PfGN01_120061500|DBLz|1|1892|2358	PT0215-Cx.g867	27.517	298	165	15	51	333	770	1031	4.46e-16	84.0
PfGN01_120061500|DBLz|1|1892|2358	PT0215-Cx.g867	28.070	285	163	9	80	355	1537	1788	2.93e-14	78.2
PfGN01_120061500|DBLz|1|1892|2358	PT0215-Cx.g867	26.316	266	135	9	84	345	2409	2617	1.26e-13	76.3
PfGN01_120061500|DBLz|1|1892|2358	QG0298-C.g1286	94.647	467	25	0	1	467	1538	2004	0.0	904
PfGN01_120061500|DBLz|1|1892|2358	QG0298-C.g1286	29.431	299	164	8	66	345	785	1055	2.71e-25	112
PfGN01_120061500|DBLz|1|1892|2358	QG0298-C.g1286	27.667	300	161	16	50	333	420	679	2.34e-15	81.6
PfGN01_120061500|DBLz|1|1892|2358	QG0298-C.g1286	28.070	285	163	9	80	355	1185	1436	3.89e-14	77.8
PfGN01_120061500|DBLz|1|1892|2358	QG0298-C.g1286	27.068	266	133	10	84	345	2057	2265	5.67e-14	77.0
PfGN01_120061500|DBLe|3|2363|2677	PT0219-C.g405	97.778	315	7	0	1	315	2017	2331	0.0	642
PfGN01_120061500|DBLe|3|2363|2677	PT0219-C.g405	32.258	310	158	11	50	315	1195	1496	1.12e-31	127
PfGN01_120061500|DBLe|3|2363|2677	PT0219-C.g405	27.341	267	131	8	49	257	1629	1890	1.25e-18	89.0
PfGN01_120061500|DBLe|3|2363|2677	PT0219-C.g405	27.950	322	168	14	50	315	812	1125	4.88e-17	84.3
PfGN01_120061500|DBLe|3|2363|2677	PT0219-C.g405	27.354	223	115	7	40	218	123	342	1.56e-15	79.7
PfGN01_120061500|DBLe|3|2363|2677	PF0725-C.g822	97.778	315	7	0	1	315	2004	2318	0.0	640
PfGN01_120061500|DBLe|3|2363|2677	PF0725-C.g822	31.613	310	165	10	48	315	1178	1482	9.67e-30	121
PfGN01_120061500|DBLe|3|2363|2677	PF0725-C.g822	27.636	275	135	8	49	264	1615	1884	1.20e-20	95.1
PfGN01_120061500|DBLe|3|2363|2677	PF0725-C.g822	28.107	338	174	14	37	315	783	1110	2.15e-19	91.3
PfGN01_120061500|DBLe|3|2363|2677	PF0725-C.g822	25.000	232	132	6	27	216	96	327	8.83e-14	74.3
PfGN01_120061500|DBLe|3|2363|2677	PD0514-C.g288	97.778	315	7	0	1	315	2005	2319	0.0	640
PfGN01_120061500|DBLe|3|2363|2677	PD0514-C.g288	33.226	310	163	10	47	315	1176	1482	4.68e-32	128
PfGN01_120061500|DBLe|3|2363|2677	PD0514-C.g288	26.349	315	182	8	50	315	797	1110	2.90e-21	97.1
PfGN01_120061500|DBLe|3|2363|2677	PD0514-C.g288	27.431	288	144	10	49	277	1616	1897	1.17e-18	89.0
PfGN01_120061500|DBLe|3|2363|2677	PD0514-C.g288	26.007	273	142	10	46	258	115	387	2.86e-14	75.9
PfGN01_120061500|DBLe|3|2363|2677	QG0280-C.g234	97.778	315	7	0	1	315	2361	2675	0.0	639
PfGN01_120061500|DBLe|3|2363|2677	QG0280-C.g234	32.051	312	163	11	47	315	1533	1838	2.03e-30	123
PfGN01_120061500|DBLe|3|2363|2677	QG0280-C.g234	28.261	322	174	12	46	315	1151	1467	1.16e-23	103
PfGN01_120061500|DBLe|3|2363|2677	QG0280-C.g234	28.333	300	162	11	20	277	776	1064	8.49e-20	92.4
PfGN01_120061500|DBLe|3|2363|2677	QG0280-C.g234	27.612	268	130	8	49	257	1972	2234	3.37e-19	90.9
PfGN01_120061500|DBLe|3|2363|2677	QG0280-C.g234	27.622	286	144	12	53	277	125	408	2.52e-18	88.2
PfGN01_120061500|DBLe|3|2363|2677	QG0205-C.g237	97.778	315	7	0	1	315	2361	2675	0.0	639
PfGN01_120061500|DBLe|3|2363|2677	QG0205-C.g237	32.051	312	163	11	47	315	1533	1838	2.17e-30	123
PfGN01_120061500|DBLe|3|2363|2677	QG0205-C.g237	28.261	322	174	12	46	315	1151	1467	1.26e-23	103
PfGN01_120061500|DBLe|3|2363|2677	QG0205-C.g237	28.333	300	162	11	20	277	776	1064	8.82e-20	92.4
PfGN01_120061500|DBLe|3|2363|2677	QG0205-C.g237	27.612	268	130	8	49	257	1972	2234	3.50e-19	90.9
PfGN01_120061500|DBLe|3|2363|2677	QG0205-C.g237	27.622	286	144	12	53	277	125	408	2.64e-18	88.2
PfGN01_120061500|ATS|1|2721|3144	PF0590-C.g183	87.028	424	47	2	1	424	2367	2782	0.0	747
PfGN01_120061500|ATS|1|2721|3144	PF0513-C.g5231	86.085	424	55	3	2	424	2389	2809	0.0	744
PfGN01_120061500|ATS|1|2721|3144	PV0099-C.g17	85.012	427	61	2	1	424	2971	3397	0.0	742
PfGN01_120061500|ATS|1|2721|3144	PC0113-C.g1115	84.198	424	65	1	1	424	3496	3917	0.0	737
PfGN01_120061500|ATS|1|2721|3144	PFKE11.g431	81.839	446	59	4	1	424	3005	3450	0.0	733
PfGN01_120061700|NTS|1|1|58	PD0460-C.g1424	65.000	60	19	1	1	58	1	60	2.26e-19	81.3
PfGN01_120061700|NTS|1|1|58	PT0242-Cx.g712	78.261	46	10	0	13	58	23	68	7.71e-19	79.7
PfGN01_120061700|NTS|1|1|58	PT0042-C.g408	69.643	56	17	0	3	58	4	59	2.56e-18	78.2
PfGN01_120061700|NTS|1|1|58	QE0455-C.g442	67.797	59	18	1	1	58	1	59	2.88e-18	78.2
PfGN01_120061700|NTS|1|1|58	QG0208-C.g914	76.087	46	11	0	13	58	23	68	3.20e-18	78.2
PfGN01_120061700|DBLa|1|59|509	PT0071-C.g1014	64.147	463	141	8	1	451	63	512	0.0	567
PfGN01_120061700|DBLa|1|59|509	PT0071-C.g1014	23.377	308	174	12	129	396	1086	1371	2.05e-10	65.9
PfGN01_120061700|DBLa|1|59|509	PA0081-C.g429	64.502	462	142	11	1	451	70	520	0.0	565
PfGN01_120061700|DBLa|1|59|509	PM0054-C.g509	62.771	462	144	10	1	451	60	504	0.0	560
PfGN01_120061700|DBLa|1|59|509	PM0054-C.g509	23.496	349	176	13	110	396	1068	1387	4.43e-11	67.8
PfGN01_120061700|DBLa|1|59|509	PA0102-C.g478	62.826	460	145	9	1	451	62	504	0.0	558
PfGN01_120061700|DBLa|1|59|509	PA0102-C.g478	27.097	155	94	4	244	396	1255	1392	1.06e-09	63.5
PfGN01_120061700|DBLa|1|59|509	PC0047-C.g428	63.100	458	148	8	1	451	62	505	0.0	558
PfGN01_120061700|DBLa|1|59|509	PC0047-C.g428	28.249	177	102	5	240	414	1230	1383	1.32e-10	66.2
PfGN01_120061700|CIDRa|1|510|796	PT0184-C.g698	94.158	291	13	1	1	287	143	433	3.16e-169	508
PfGN01_120061700|CIDRa|1|510|796	PA0229-C.g969	94.158	291	13	1	1	287	503	793	1.58e-167	508
PfGN01_120061700|CIDRa|1|510|796	PF0424-C.g577	78.007	291	53	3	1	283	513	800	8.98e-138	429
PfGN01_120061700|CIDRa|1|510|796	PA0256-C.g823	76.632	291	58	3	1	283	510	798	5.37e-133	415
PfGN01_120061700|CIDRa|1|510|796	PF0617-C.g554	74.576	295	65	2	1	285	536	830	6.61e-131	409
PfGN01_120061700|DBLd|1|891|1432	PF0206-C.g63	48.944	568	209	17	1	542	74	586	1.26e-149	456
PfGN01_120061700|DBLd|1|891|1432	PH0516-C.g761	48.136	590	186	22	1	542	898	1415	1.19e-146	459
PfGN01_120061700|DBLd|1|891|1432	PH0516-C.g761	27.586	174	105	6	300	470	260	415	9.28e-13	73.9
PfGN01_120061700|DBLd|1|891|1432	PA0251-C.g808	51.020	588	198	25	1	542	852	1395	1.64e-146	463
PfGN01_120061700|DBLd|1|891|1432	PA0251-C.g808	26.616	263	136	9	304	542	255	484	5.41e-14	77.8
PfGN01_120061700|DBLd|1|891|1432	PM0153-C.g441	48.154	596	221	21	1	542	214	775	2.88e-146	451
PfGN01_120061700|DBLd|1|891|1432	QG0187-C.g1090	49.342	608	194	24	1	542	53	612	1.81e-145	446
PfGN01_120061700|CIDRb|1|1433|1691	PC0065-C.g100	70.039	257	68	5	1	254	1415	1665	1.96e-109	348
PfGN01_120061700|CIDRb|1|1433|1691	PC0065-C.g100	29.605	152	86	3	111	245	575	722	3.87e-09	59.3
PfGN01_120061700|CIDRb|1|1433|1691	PA0167-C.g503	69.685	254	65	5	1	248	1872	2119	2.49e-107	342
PfGN01_120061700|CIDRb|1|1433|1691	PA0074-C.g551	66.795	259	75	6	1	254	1337	1589	4.17e-101	325
PfGN01_120061700|CIDRb|1|1433|1691	PA0061-C.g689	66.795	259	75	6	1	254	1337	1589	4.17e-101	325
PfGN01_120061700|CIDRb|1|1433|1691	PF0282-C.g110	63.296	267	87	6	1	259	2386	2649	3.85e-100	322
PfGN01_120061700|ATS|1|1822|2263	PC0097-C.g664	82.927	451	65	5	1	442	2364	2811	0.0	735
PfGN01_120061700|ATS|1|1822|2263	PV0028-C.g43	82.143	448	63	7	1	442	1843	2279	0.0	728
PfGN01_120061700|ATS|1|1822|2263	PA0245-C.g391	81.573	445	70	7	1	442	2512	2947	0.0	704
PfGN01_120061700|ATS|1|1822|2263	PFKE09.g563	82.960	446	68	8	1	442	775	1216	0.0	701
PfGN01_120061700|ATS|1|1822|2263	PT0170-C.g672	76.709	468	73	8	1	442	1768	2225	0.0	684
PfGN01_130005500|NTS|1|1|59	PA0267-C.g577	80.702	57	11	0	3	59	4	60	9.42e-22	88.2
PfGN01_130005500|NTS|1|1|59	QG0182-C.g802	81.481	54	10	0	6	59	8	61	1.03e-20	85.1
PfGN01_130005500|NTS|1|1|59	PM0129-C.g2184	72.881	59	16	0	1	59	1	59	2.06e-20	84.3
PfGN01_130005500|NTS|1|1|59	PM0029-C.g1047	75.000	52	13	0	8	59	10	61	2.90e-19	80.9
PfGN01_130005500|NTS|1|1|59	PA0085-C.g622	74.000	50	13	0	10	59	10	59	9.20e-19	79.7
PfGN01_130005500|DBLa|1|60|506	PA0267-C.g577	81.778	450	71	4	1	447	61	502	0.0	707
PfGN01_130005500|DBLa|1|60|506	PA0267-C.g577	26.224	286	150	10	105	336	1097	1375	2.94e-16	84.0
PfGN01_130005500|DBLa|1|60|506	QG0182-C.g802	86.000	450	52	6	1	447	62	503	0.0	701
PfGN01_130005500|DBLa|1|60|506	QG0182-C.g802	33.333	126	66	4	227	336	1230	1353	8.24e-09	60.5
PfGN01_130005500|DBLa|1|60|506	PM0159-C.g770	63.676	457	149	7	1	447	65	514	0.0	575
PfGN01_130005500|DBLa|1|60|506	PM0159-C.g770	35.514	107	58	5	239	336	1292	1396	5.21e-07	54.7
PfGN01_130005500|DBLa|1|60|506	SenT231.08.g175	63.499	463	133	9	1	447	66	508	0.0	561
PfGN01_130005500|DBLa|1|60|506	SenT231.08.g175	35.395	291	129	7	59	336	932	1176	4.05e-36	144
PfGN01_130005500|DBLa|1|60|506	SenT231.08.g175	27.833	406	209	15	52	414	1365	1729	2.30e-21	100
PfGN01_130005500|DBLa|1|60|506	PA0101-C.g250	63.499	463	133	9	1	447	66	508	0.0	561
PfGN01_130005500|DBLa|1|60|506	PA0101-C.g250	35.395	291	129	7	59	336	932	1176	4.05e-36	144
PfGN01_130005500|DBLa|1|60|506	PA0101-C.g250	27.833	406	209	15	52	414	1365	1729	2.30e-21	100
PfGN01_130005500|CIDRa|1|507|829	PA0078-C.g259	85.312	320	42	2	1	316	524	842	4.70e-151	467
PfGN01_130005500|CIDRa|1|507|829	PA0052-C.g185	85.312	320	42	2	1	316	524	842	1.76e-149	466
PfGN01_130005500|CIDRa|1|507|829	PA0193-C.g699	67.781	329	87	7	1	323	500	815	1.03e-116	372
PfGN01_130005500|CIDRa|1|507|829	PF0417-C.g288	62.264	318	92	5	1	316	545	836	1.43e-111	357
PfGN01_130005500|CIDRa|1|507|829	SenT119.09.g836	62.264	318	92	5	1	316	542	833	1.45e-111	357
PfGN01_130005500|DBLd|1|901|1384	PA0200-C.g432	58.238	522	171	17	1	484	900	1412	7.00e-164	508
PfGN01_130005500|DBLd|1|901|1384	PA0200-C.g432	28.926	242	131	8	241	462	258	478	3.71e-17	87.4
PfGN01_130005500|DBLd|1|901|1384	PM0076-C.g1261	56.360	511	182	11	1	484	883	1379	2.06e-161	501
PfGN01_130005500|DBLd|1|901|1384	PM0076-C.g1261	24.910	277	144	11	241	484	253	498	1.72e-14	79.0
PfGN01_130005500|DBLd|1|901|1384	PD0632-C.g624	53.640	522	182	17	1	484	815	1314	4.20e-153	478
PfGN01_130005500|DBLd|1|901|1384	PD0632-C.g624	24.615	260	147	7	241	484	263	489	2.41e-14	78.6
PfGN01_130005500|DBLd|1|901|1384	PD0472-C.g728	53.640	522	182	17	1	484	815	1314	4.20e-153	478
PfGN01_130005500|DBLd|1|901|1384	PD0472-C.g728	24.615	260	147	7	241	484	263	489	2.41e-14	78.6
PfGN01_130005500|DBLd|1|901|1384	PFKE08.g370	46.667	585	199	12	1	484	107	679	5.08e-153	465
PfGN01_130005500|CIDRb|1|1385|1640	PA0200-C.g432	100.000	256	0	0	1	256	1413	1668	5.82e-177	533
PfGN01_130005500|CIDRb|1|1385|1640	QE0475-C.g787	100.000	256	0	0	1	256	1336	1591	1.33e-175	528
PfGN01_130005500|CIDRb|1|1385|1640	QE0467-C.g916	100.000	256	0	0	1	256	1336	1591	1.33e-175	528
PfGN01_130005500|CIDRb|1|1385|1640	PT0059-C.g821	67.480	246	72	5	13	256	1395	1634	2.59e-97	313
PfGN01_130005500|CIDRb|1|1385|1640	PA0205-C.g899	60.153	261	98	4	1	256	1402	1661	3.09e-91	296
PfGN01_130005500|ATS|1|1723|2181	PfKE03.g242	80.745	483	58	6	1	459	1361	1832	0.0	727
PfGN01_130005500|ATS|1|1723|2181	PFKE12.g465	76.200	500	68	6	1	459	1773	2262	0.0	720
PfGN01_130005500|ATS|1|1723|2181	PA0245-C.g998	77.113	485	58	5	1	459	1706	2163	0.0	712
PfGN01_130005500|ATS|1|1723|2181	PFKE01.g19	81.290	465	55	3	1	459	1733	2171	0.0	712
PfGN01_130005500|ATS|1|1723|2181	PV0028-C.g50	77.366	486	53	8	1	459	2600	3055	0.0	699
PfGN01_130005700|NTS|1|1|69	PA0180-C.g76	91.304	69	6	0	1	69	1	69	9.65e-36	128
PfGN01_130005700|NTS|1|1|69	PA0221-C.g224	91.304	69	6	0	1	69	1	69	9.85e-36	128
PfGN01_130005700|NTS|1|1|69	PF0590-C.g183	89.855	69	7	0	1	69	1	69	1.21e-35	128
PfGN01_130005700|NTS|1|1|69	PT0035-C.g249	91.304	69	6	0	1	69	1	69	1.27e-35	128
PfGN01_130005700|NTS|1|1|69	PC0065-C.g3513	91.304	69	6	0	1	69	1	69	1.27e-35	128
PfGN01_130005700|DBLa|1|70|464	QG0196-C.g276	90.428	397	36	1	1	395	69	465	0.0	739
PfGN01_130005700|DBLa|1|70|464	QG0196-C.g276	32.622	328	181	12	8	325	1589	1886	1.72e-38	149
PfGN01_130005700|DBLa|1|70|464	QG0196-C.g276	25.705	319	195	13	38	348	794	1078	8.64e-13	72.8
PfGN01_130005700|DBLa|1|70|464	QG0196-C.g276	23.985	271	140	9	55	325	2065	2269	5.83e-10	63.9
PfGN01_130005700|DBLa|1|70|464	QG0196-C.g276	25.346	217	118	6	115	331	1268	1440	2.01e-09	62.0
PfGN01_130005700|DBLa|1|70|464	QG0195-C.g142	84.557	395	59	1	1	395	69	461	0.0	679
PfGN01_130005700|DBLa|1|70|464	QG0195-C.g142	32.817	323	182	11	54	365	1617	1915	6.75e-39	150
PfGN01_130005700|DBLa|1|70|464	QG0195-C.g142	23.448	290	178	9	44	325	793	1046	1.45e-11	68.9
PfGN01_130005700|DBLa|1|70|464	QG0195-C.g142	23.985	271	140	9	55	325	2054	2258	1.78e-10	65.5
PfGN01_130005700|DBLa|1|70|464	PA0203-C.g363	82.278	395	68	1	1	395	69	461	0.0	671
PfGN01_130005700|DBLa|1|70|464	PA0203-C.g363	31.595	326	179	10	26	342	1599	1889	3.14e-37	146
PfGN01_130005700|DBLa|1|70|464	PA0203-C.g363	27.751	209	107	7	55	263	2062	2226	2.55e-11	68.2
PfGN01_130005700|DBLa|1|70|464	PA0203-C.g363	23.264	288	184	10	44	325	794	1050	5.70e-11	67.0
PfGN01_130005700|DBLa|1|70|464	PA0203-C.g363	24.642	349	185	15	4	331	1145	1436	4.16e-09	61.2
PfGN01_130005700|DBLa|1|70|464	QG0205-C.g518	82.278	395	68	1	1	395	69	461	0.0	642
PfGN01_130005700|DBLa|1|70|464	QG0205-C.g518	23.860	285	182	8	44	325	794	1046	5.87e-15	79.3
PfGN01_130005700|DBLa|1|70|464	QG0205-C.g518	36.792	106	64	2	54	156	1617	1722	1.98e-12	71.6
PfGN01_130005700|DBLa|1|70|464	PV0288-C.g7	79.345	397	76	2	1	395	76	468	0.0	641
PfGN01_130005700|DBLa|1|70|464	PV0288-C.g7	33.754	317	172	11	16	325	1587	1872	1.18e-39	153
PfGN01_130005700|DBLa|1|70|464	PV0288-C.g7	25.177	282	148	9	56	326	1186	1415	9.65e-12	69.3
PfGN01_130005700|DBLa|1|70|464	PV0288-C.g7	22.188	320	204	8	40	349	797	1081	6.65e-10	63.5
PfGN01_130005700|DBLa|1|70|464	PV0288-C.g7	26.126	222	124	8	43	262	2036	2219	1.53e-09	62.4
PfGN01_130005700|CIDRb|1|465|720	QG0187-C.g219	87.891	256	31	0	1	256	467	722	1.63e-151	457
PfGN01_130005700|CIDRb|1|465|720	QG0196-C.g276	87.500	256	32	0	1	256	466	721	1.46e-146	454
PfGN01_130005700|CIDRb|1|465|720	PA0165-C.g195	87.500	256	32	0	1	256	464	719	1.70e-146	455
PfGN01_130005700|CIDRb|1|465|720	PC0113-C.g874	87.500	256	32	0	1	256	462	717	3.07e-146	454
PfGN01_130005700|CIDRb|1|465|720	QG0264-C.g1116	86.328	256	35	0	1	256	201	456	3.65e-145	449
PfGN01_130005700|DBLg|1|763|1121	PT0224-Cx.g79	95.822	359	15	0	1	359	761	1119	0.0	707
PfGN01_130005700|DBLg|1|763|1121	PT0224-Cx.g79	28.746	327	184	12	45	359	1589	1878	7.84e-23	102
PfGN01_130005700|DBLg|1|763|1121	PT0224-Cx.g79	25.070	359	221	12	29	357	1207	1547	9.76e-17	84.3
PfGN01_130005700|DBLg|1|763|1121	PT0224-Cx.g79	28.205	312	170	12	39	318	120	409	3.87e-16	82.4
PfGN01_130005700|DBLg|1|763|1121	PT0224-Cx.g79	28.774	212	114	7	37	247	1955	2130	4.36e-13	73.2
PfGN01_130005700|DBLg|1|763|1121	PT0052-C.g304	88.333	360	40	2	1	359	760	1118	0.0	649
PfGN01_130005700|DBLg|1|763|1121	PT0052-C.g304	28.440	327	185	12	45	359	1588	1877	2.24e-22	101
PfGN01_130005700|DBLg|1|763|1121	PT0052-C.g304	25.414	362	216	13	29	357	1206	1546	8.06e-17	84.7
PfGN01_130005700|DBLg|1|763|1121	PT0052-C.g304	27.178	287	162	9	39	291	117	390	2.54e-15	80.1
PfGN01_130005700|DBLg|1|763|1121	PT0052-C.g304	28.774	212	114	7	37	247	1954	2129	7.89e-13	72.4
PfGN01_130005700|DBLg|1|763|1121	PD0473-C.g1056	86.944	360	46	1	1	359	756	1115	0.0	639
PfGN01_130005700|DBLg|1|763|1121	PD0473-C.g1056	28.440	327	185	12	45	359	1585	1874	9.97e-23	102
PfGN01_130005700|DBLg|1|763|1121	PD0473-C.g1056	25.414	362	216	13	29	357	1203	1543	7.29e-17	84.7
PfGN01_130005700|DBLg|1|763|1121	PD0473-C.g1056	25.667	300	180	10	36	304	114	401	1.39e-15	80.9
PfGN01_130005700|DBLg|1|763|1121	PD0473-C.g1056	28.774	212	114	7	37	247	1951	2126	8.18e-13	72.4
PfGN01_130005700|DBLg|1|763|1121	PA0220-C.g435	85.237	359	53	0	1	359	754	1112	0.0	635
PfGN01_130005700|DBLg|1|763|1121	PA0220-C.g435	28.746	327	184	12	45	359	1582	1871	7.21e-23	102
PfGN01_130005700|DBLg|1|763|1121	PA0220-C.g435	25.070	359	221	12	29	357	1200	1540	7.70e-17	84.7
PfGN01_130005700|DBLg|1|763|1121	PA0220-C.g435	28.774	212	114	7	37	247	1948	2123	6.96e-13	72.4
PfGN01_130005700|DBLg|1|763|1121	PA0220-C.g435	24.675	385	215	13	12	347	94	452	1.12e-11	68.9
PfGN01_130005700|DBLg|1|763|1121	PD0585-C.g283	85.278	360	52	1	1	359	759	1118	0.0	630
PfGN01_130005700|DBLg|1|763|1121	PD0585-C.g283	29.052	327	183	12	45	359	1588	1877	4.13e-23	103
PfGN01_130005700|DBLg|1|763|1121	PD0585-C.g283	25.414	362	216	13	29	357	1206	1546	1.01e-16	84.3
PfGN01_130005700|DBLg|1|763|1121	PD0585-C.g283	26.074	349	203	13	42	347	121	457	4.64e-13	73.2
PfGN01_130005700|DBLg|1|763|1121	PD0585-C.g283	28.774	212	114	7	37	247	1954	2129	7.96e-13	72.4
PfGN01_130005700|DBLz|1|1134|1551	PD0494-C.g605	100.000	418	0	0	1	418	1124	1541	0.0	856
PfGN01_130005700|DBLz|1|1134|1551	PD0494-C.g605	38.148	270	145	11	90	342	123	387	1.65e-39	153
PfGN01_130005700|DBLz|1|1134|1551	PD0494-C.g605	25.485	361	213	12	76	416	785	1109	2.47e-19	93.2
PfGN01_130005700|DBLz|1|1134|1551	PD0494-C.g605	26.941	219	123	8	76	291	1938	2122	6.49e-11	67.0
PfGN01_130005700|DBLz|1|1134|1551	PD0494-C.g605	24.202	376	207	15	62	416	1550	1868	2.44e-10	65.1
PfGN01_130005700|DBLz|1|1134|1551	PF0058-C.g162	100.000	418	0	0	1	418	1130	1547	0.0	855
PfGN01_130005700|DBLz|1|1134|1551	PF0058-C.g162	32.588	313	182	9	90	381	120	424	5.20e-28	119
PfGN01_130005700|DBLz|1|1134|1551	PF0058-C.g162	23.562	365	225	10	76	416	781	1115	5.80e-15	79.7
PfGN01_130005700|DBLz|1|1134|1551	PF0058-C.g162	26.941	219	123	8	76	291	1944	2128	6.65e-11	67.0
PfGN01_130005700|DBLz|1|1134|1551	PF0058-C.g162	24.202	376	207	15	62	416	1556	1874	2.84e-10	65.1
PfGN01_130005700|DBLz|1|1134|1551	QE0451-C.g460	100.000	418	0	0	1	418	1130	1547	0.0	855
PfGN01_130005700|DBLz|1|1134|1551	QE0451-C.g460	40.293	273	137	11	90	342	122	388	4.26e-43	164
PfGN01_130005700|DBLz|1|1134|1551	QE0451-C.g460	26.000	350	199	13	91	416	802	1115	6.64e-16	82.8
PfGN01_130005700|DBLz|1|1134|1551	QE0451-C.g460	24.468	376	206	15	62	416	1556	1874	5.08e-11	67.4
PfGN01_130005700|DBLz|1|1134|1551	QE0451-C.g460	26.941	219	123	8	76	291	1944	2128	6.61e-11	67.0
PfGN01_130005700|DBLz|1|1134|1551	PT0052-C.g304	100.000	418	0	0	1	418	1131	1548	0.0	855
PfGN01_130005700|DBLz|1|1134|1551	PT0052-C.g304	35.690	297	167	10	68	342	96	390	3.10e-38	149
PfGN01_130005700|DBLz|1|1134|1551	PT0052-C.g304	24.931	361	219	11	76	416	788	1116	2.55e-16	84.0
PfGN01_130005700|DBLz|1|1134|1551	PT0052-C.g304	26.941	219	123	8	76	291	1945	2129	6.67e-11	67.0
PfGN01_130005700|DBLz|1|1134|1551	PT0052-C.g304	24.202	376	207	15	62	416	1557	1875	2.50e-10	65.1
PfGN01_130005700|DBLz|1|1134|1551	PM0015-C.g57	100.000	418	0	0	1	418	514	931	0.0	855
PfGN01_130005700|DBLz|1|1134|1551	PM0015-C.g57	28.184	369	199	14	76	416	169	499	8.82e-20	94.7
PfGN01_130005700|DBLz|1|1134|1551	PM0015-C.g57	26.941	219	123	8	76	291	1328	1512	7.35e-11	67.0
PfGN01_130005700|DBLz|1|1134|1551	PM0015-C.g57	24.202	376	207	15	62	416	940	1258	2.28e-10	65.5
PfGN01_130005700|DBLe|1|1545|1880	PF0058-C.g162	99.702	336	1	0	1	336	1541	1876	0.0	687
PfGN01_130005700|DBLe|1|1545|1880	PF0058-C.g162	26.271	354	199	15	33	336	776	1117	1.18e-14	77.4
PfGN01_130005700|DBLe|1|1545|1880	PF0058-C.g162	25.806	248	143	7	42	277	1956	2174	1.41e-12	71.2
PfGN01_130005700|DBLe|1|1545|1880	PF0058-C.g162	24.561	285	146	11	47	283	121	384	1.54e-11	68.2
PfGN01_130005700|DBLe|1|1545|1880	PF0058-C.g162	22.895	380	207	14	16	334	1191	1545	1.15e-08	59.3
PfGN01_130005700|DBLe|1|1545|1880	PA0165-C.g195	99.405	336	2	0	1	336	1546	1881	0.0	687
PfGN01_130005700|DBLe|1|1545|1880	PA0165-C.g195	27.744	328	189	11	46	336	806	1122	3.41e-21	97.1
PfGN01_130005700|DBLe|1|1545|1880	PA0165-C.g195	25.806	248	143	7	42	277	1961	2179	1.45e-12	71.2
PfGN01_130005700|DBLe|1|1545|1880	PA0165-C.g195	25.352	213	99	8	118	275	179	386	1.94e-09	61.6
PfGN01_130005700|DBLe|1|1545|1880	PA0165-C.g195	22.632	380	208	14	16	334	1196	1550	8.36e-08	56.6
PfGN01_130005700|DBLe|1|1545|1880	PM0015-C.g57	99.702	336	1	0	1	336	925	1260	0.0	687
PfGN01_130005700|DBLe|1|1545|1880	PM0015-C.g57	26.061	330	191	14	47	336	185	501	8.70e-18	87.0
PfGN01_130005700|DBLe|1|1545|1880	PM0015-C.g57	25.806	248	143	7	42	277	1340	1558	1.19e-12	71.2
PfGN01_130005700|DBLe|1|1545|1880	PM0015-C.g57	22.895	380	207	14	16	334	575	929	1.02e-08	59.3
PfGN01_130005700|DBLe|1|1545|1880	PA0084-C.g327	99.702	336	1	0	1	336	1541	1876	0.0	686
PfGN01_130005700|DBLe|1|1545|1880	PA0084-C.g327	26.271	354	199	15	33	336	776	1117	7.18e-15	78.2
PfGN01_130005700|DBLe|1|1545|1880	PA0084-C.g327	25.806	248	143	7	42	277	1956	2174	1.09e-12	71.6
PfGN01_130005700|DBLe|1|1545|1880	PA0084-C.g327	24.561	285	146	11	47	283	121	384	1.20e-11	68.2
PfGN01_130005700|DBLe|1|1545|1880	PA0084-C.g327	22.895	380	207	14	16	334	1191	1545	9.21e-09	59.3
PfGN01_130005700|DBLe|1|1545|1880	PA0029-C.g303	99.702	336	1	0	1	336	1547	1882	0.0	686
PfGN01_130005700|DBLe|1|1545|1880	PA0029-C.g303	26.269	335	189	14	47	336	802	1123	2.42e-14	76.6
PfGN01_130005700|DBLe|1|1545|1880	PA0029-C.g303	25.806	248	143	7	42	277	1962	2180	1.09e-12	71.6
PfGN01_130005700|DBLe|1|1545|1880	PA0029-C.g303	24.918	305	161	11	47	302	124	409	2.24e-11	67.4
PfGN01_130005700|DBLe|1|1545|1880	PA0029-C.g303	22.895	380	207	14	16	334	1197	1551	1.02e-08	59.3
PfGN01_130005700|DBLe|2|1916|2233	PA0165-C.g195	100.000	318	0	0	1	318	1917	2234	0.0	655
PfGN01_130005700|DBLe|2|1916|2233	PA0165-C.g195	26.210	248	142	7	45	263	1587	1822	1.20e-13	74.3
PfGN01_130005700|DBLe|2|1916|2233	PA0165-C.g195	31.628	215	95	8	47	217	804	1010	5.56e-13	72.0
PfGN01_130005700|DBLe|2|1916|2233	PA0165-C.g195	27.727	220	120	9	33	217	1210	1425	5.72e-11	65.9
PfGN01_130005700|DBLe|2|1916|2233	PA0165-C.g195	24.528	265	142	10	40	246	114	378	1.14e-09	62.0
PfGN01_130005700|DBLe|2|1916|2233	QE0451-C.g460	100.000	318	0	0	1	318	1912	2229	0.0	655
PfGN01_130005700|DBLe|2|1916|2233	QE0451-C.g460	26.210	248	142	7	45	263	1582	1817	1.20e-13	74.3
PfGN01_130005700|DBLe|2|1916|2233	QE0451-C.g460	27.488	211	115	6	44	217	796	1005	4.07e-11	66.6
PfGN01_130005700|DBLe|2|1916|2233	QE0451-C.g460	24.016	254	137	9	48	246	121	373	4.30e-11	66.2
PfGN01_130005700|DBLe|2|1916|2233	QE0451-C.g460	26.941	219	123	8	33	217	1205	1420	4.50e-11	66.2
PfGN01_130005700|DBLe|2|1916|2233	PD0532-C.g489	100.000	318	0	0	1	318	1913	2230	0.0	655
PfGN01_130005700|DBLe|2|1916|2233	PD0532-C.g489	29.048	210	113	5	44	217	797	1006	1.07e-14	77.4
PfGN01_130005700|DBLe|2|1916|2233	PD0532-C.g489	26.613	248	141	8	45	263	1583	1818	2.47e-13	73.2
PfGN01_130005700|DBLe|2|1916|2233	PD0532-C.g489	26.941	219	123	8	33	217	1206	1421	4.11e-11	66.2
PfGN01_130005700|DBLe|2|1916|2233	PD0532-C.g489	23.735	257	135	10	48	246	121	374	1.79e-08	58.2
PfGN01_130005700|DBLe|2|1916|2233	PT0052-C.g304	100.000	318	0	0	1	318	1913	2230	0.0	654
PfGN01_130005700|DBLe|2|1916|2233	PT0052-C.g304	25.806	248	143	7	45	263	1583	1818	5.28e-13	72.0
PfGN01_130005700|DBLe|2|1916|2233	PT0052-C.g304	27.572	243	126	11	44	242	116	352	1.23e-11	68.2
PfGN01_130005700|DBLe|2|1916|2233	PT0052-C.g304	26.941	219	123	8	33	217	1206	1421	3.72e-11	66.6
PfGN01_130005700|DBLe|2|1916|2233	PT0052-C.g304	28.502	207	111	8	47	217	801	1006	5.07e-10	63.2
PfGN01_130005700|DBLe|2|1916|2233	PT0014-CW.g118	100.000	318	0	0	1	318	1910	2227	0.0	654
PfGN01_130005700|DBLe|2|1916|2233	PT0014-CW.g118	25.806	248	143	7	45	263	1580	1815	4.69e-13	72.4
PfGN01_130005700|DBLe|2|1916|2233	PT0014-CW.g118	30.516	213	99	6	47	217	798	1003	4.41e-12	69.3
PfGN01_130005700|DBLe|2|1916|2233	PT0014-CW.g118	26.941	219	123	8	33	217	1203	1418	4.34e-11	66.2
PfGN01_130005700|DBLe|2|1916|2233	PT0014-CW.g118	22.069	290	172	9	48	283	122	411	3.48e-07	54.3
PfGN01_130005700|ATS|1|2296|2738	QG0182-C.g1169	86.036	444	58	3	3	443	890	1332	0.0	753
PfGN01_130005700|ATS|1|2296|2738	PT0218-Cx.g21	85.874	446	51	5	1	443	2374	2810	0.0	744
PfGN01_130005700|ATS|1|2296|2738	PA0074-C.g611	82.472	445	54	7	1	443	2810	3232	0.0	725
PfGN01_130005700|ATS|1|2296|2738	PC0104-C.g272	83.484	442	66	3	2	443	2969	3403	0.0	724
PfGN01_130005700|ATS|1|2296|2738	PFKE12.g2	79.821	446	71	5	1	443	2688	3117	0.0	711
PfGN01_130079200|NTS|1|1|72	PC0069-C.g292	88.889	72	7	1	1	72	1	71	2.87e-36	130
PfGN01_130079200|NTS|1|1|72	PM0134-C.g168	88.889	72	7	1	1	72	1	71	3.02e-36	130
PfGN01_130079200|NTS|1|1|72	PA0018-C.g555	88.889	72	7	1	1	72	1	71	3.26e-36	130
PfGN01_130079200|NTS|1|1|72	PFKE09.g324	88.889	72	7	1	1	72	1	71	3.97e-36	129
PfGN01_130079200|NTS|1|1|72	PF0011-C.g544	88.889	72	7	1	1	72	1	71	4.24e-36	129
PfGN01_130079200|DBLa|1|73|465	PV0287-C.g92	83.461	393	64	1	1	393	72	463	0.0	680
PfGN01_130079200|DBLa|1|73|465	PV0287-C.g92	33.696	276	140	10	8	254	790	1051	5.75e-31	127
PfGN01_130079200|DBLa|1|73|465	PF0449-C.g141	82.952	393	64	3	1	393	72	461	0.0	661
PfGN01_130079200|DBLa|1|73|465	PF0449-C.g141	30.435	299	160	13	1	270	782	1061	3.22e-26	113
PfGN01_130079200|DBLa|1|73|465	PF0449-C.g141	26.280	293	163	10	38	314	1264	1519	1.67e-17	87.4
PfGN01_130079200|DBLa|1|73|465	PF0449-C.g141	24.765	319	177	13	117	393	2313	2610	9.71e-16	82.0
PfGN01_130079200|DBLa|1|73|465	PF0449-C.g141	23.188	276	161	9	57	311	1652	1897	2.37e-09	62.0
PfGN01_130079200|DBLa|1|73|465	PV0084-C.g81	82.952	393	64	3	1	393	73	462	0.0	660
PfGN01_130079200|DBLa|1|73|465	PV0084-C.g81	28.061	392	210	14	6	366	791	1141	1.20e-32	132
PfGN01_130079200|DBLa|1|73|465	PV0084-C.g81	25.260	289	183	7	37	313	1618	1885	9.65e-16	81.6
PfGN01_130079200|DBLa|1|73|465	PV0084-C.g81	21.843	293	173	10	44	311	1223	1484	3.65e-09	61.2
PfGN01_130079200|DBLa|1|73|465	PF0037-C.g102	79.345	397	76	3	1	393	72	466	0.0	637
PfGN01_130079200|DBLa|1|73|465	PF0037-C.g102	33.559	295	149	12	8	270	793	1072	3.06e-32	131
PfGN01_130079200|DBLa|1|73|465	PF0037-C.g102	31.699	306	156	10	57	344	1370	1640	6.87e-26	112
PfGN01_130079200|DBLa|1|73|465	PF0037-C.g102	28.462	260	148	9	59	312	1791	2018	9.79e-16	82.0
PfGN01_130079200|DBLa|1|73|465	PF0037-C.g102	23.926	326	192	14	113	393	2383	2697	1.09e-11	69.3
PfGN01_130079200|DBLa|1|73|465	PM0134-C.g295	78.173	394	82	3	1	393	71	461	0.0	607
PfGN01_130079200|DBLa|1|73|465	PM0134-C.g295	31.720	372	182	16	6	344	784	1116	5.83e-36	142
PfGN01_130079200|DBLa|1|73|465	PM0134-C.g295	28.526	312	162	12	8	295	1275	1549	1.07e-23	105
PfGN01_130079200|DBLa|1|73|465	PM0134-C.g295	23.214	224	129	8	134	314	2043	2266	1.97e-09	62.0
PfGN01_130079200|CIDRa|1|466|718	SenT001.08.g236	73.913	253	64	2	1	253	37	287	1.25e-115	366
PfGN01_130079200|CIDRa|1|466|718	PM0153-C.g401	71.542	253	70	2	1	253	483	733	6.80e-110	350
PfGN01_130079200|CIDRa|1|466|718	PA0039-C.g297	71.542	253	70	2	1	253	482	732	7.67e-110	349
PfGN01_130079200|CIDRa|1|466|718	PA0039-C.g297	28.571	175	117	4	36	206	3115	3285	2.18e-09	60.1
PfGN01_130079200|CIDRa|1|466|718	QG0261-C.g89	71.146	253	71	2	1	253	484	734	3.20e-109	348
PfGN01_130079200|CIDRa|1|466|718	QG0250-C.g3467	71.146	253	71	2	1	253	484	734	3.28e-109	348
PfGN01_130079200|DBLb|1|727|1197	PF0368-C.g284	96.903	452	9	2	22	471	1	449	0.0	909
PfGN01_130079200|DBLb|1|727|1197	PF0368-C.g284	27.696	408	200	16	102	471	499	849	5.92e-27	117
PfGN01_130079200|DBLb|1|727|1197	PF0368-C.g284	24.022	358	197	10	60	360	925	1264	3.36e-15	81.3
PfGN01_130079200|DBLb|1|727|1197	QG0204-C.g292	90.756	476	32	4	1	471	734	1202	0.0	850
PfGN01_130079200|DBLb|1|727|1197	QG0204-C.g292	27.851	456	238	18	5	396	11	439	9.79e-28	119
PfGN01_130079200|DBLb|1|727|1197	QG0204-C.g292	28.866	388	198	16	107	471	1659	1991	2.53e-27	118
PfGN01_130079200|DBLb|1|727|1197	QG0204-C.g292	27.529	425	210	15	84	471	1240	1603	4.88e-27	117
PfGN01_130079200|DBLb|1|727|1197	PA0027-C.g262	83.789	475	65	5	1	471	734	1200	0.0	774
PfGN01_130079200|DBLb|1|727|1197	PA0027-C.g262	29.204	339	163	11	109	396	127	439	7.18e-28	120
PfGN01_130079200|DBLb|1|727|1197	PA0027-C.g262	26.690	281	150	8	96	358	1623	1865	3.79e-16	84.0
PfGN01_130079200|DBLb|1|727|1197	PA0027-C.g262	28.621	290	155	13	109	373	1260	1522	2.11e-12	72.4
PfGN01_130079200|DBLb|1|727|1197	PA0021-C.g111	83.789	475	65	5	1	471	165	631	0.0	772
PfGN01_130079200|DBLb|1|727|1197	PA0021-C.g111	26.690	281	150	8	96	358	1078	1320	5.62e-16	83.6
PfGN01_130079200|DBLb|1|727|1197	PA0021-C.g111	27.931	290	157	12	109	373	691	953	3.07e-12	71.6
PfGN01_130079200|DBLb|1|727|1197	PH0558-C.g81	76.000	475	96	9	3	471	738	1200	0.0	677
PfGN01_130079200|DBLb|1|727|1197	PH0558-C.g81	27.928	444	215	16	69	471	1234	1613	8.99e-31	129
PfGN01_130079200|DBLb|1|727|1197	PH0558-C.g81	28.499	393	214	13	96	471	1660	2002	1.61e-28	122
PfGN01_130079200|DBLb|1|727|1197	PH0558-C.g81	31.419	296	135	12	109	362	127	396	3.86e-28	120
PfGN01_130079200|DBLg|1|1213|1568	PF0730-C.g235	100.000	356	0	0	1	356	1232	1587	0.0	728
PfGN01_130079200|DBLg|1|1213|1568	PF0730-C.g235	37.764	331	168	11	1	325	1604	1902	7.60e-51	184
PfGN01_130079200|DBLg|1|1213|1568	PF0730-C.g235	24.675	308	175	11	20	294	824	1107	2.92e-14	76.6
PfGN01_130079200|DBLg|1|1213|1568	PF0730-C.g235	23.511	319	197	6	11	293	87	394	1.56e-12	71.2
PfGN01_130079200|DBLg|1|1213|1568	SenP051.02.g323	100.000	356	0	0	1	356	1212	1567	0.0	727
PfGN01_130079200|DBLg|1|1213|1568	SenP051.02.g323	43.155	336	171	6	1	325	2960	3286	4.10e-78	263
PfGN01_130079200|DBLg|1|1213|1568	SenP051.02.g323	40.134	299	163	9	1	293	2569	2857	1.40e-56	201
PfGN01_130079200|DBLg|1|1213|1568	SenP051.02.g323	38.485	330	165	13	1	325	1584	1880	7.21e-49	179
PfGN01_130079200|DBLg|1|1213|1568	SenP051.02.g323	28.346	254	138	12	47	279	840	1070	2.81e-14	76.6
PfGN01_130079200|DBLg|1|1213|1568	SenP051.02.g323	27.200	250	143	10	47	279	2219	2446	8.14e-13	72.4
PfGN01_130079200|DBLg|1|1213|1568	SenP051.02.g323	24.739	287	157	10	44	293	121	385	2.06e-10	64.7
PfGN01_130079200|DBLg|1|1213|1568	SenT130.09.g26	100.000	356	0	0	1	356	1212	1567	0.0	727
PfGN01_130079200|DBLg|1|1213|1568	SenT130.09.g26	38.485	330	165	13	1	325	1584	1880	6.20e-49	179
PfGN01_130079200|DBLg|1|1213|1568	SenT130.09.g26	28.453	362	153	11	28	298	2100	2446	2.45e-33	133
PfGN01_130079200|DBLg|1|1213|1568	SenT130.09.g26	28.346	254	138	12	47	279	840	1070	2.68e-14	76.6
PfGN01_130079200|DBLg|1|1213|1568	SenT130.09.g26	24.739	287	157	10	44	293	121	385	2.33e-10	64.7
PfGN01_130079200|DBLg|1|1213|1568	PA0027-C.g262	88.385	353	40	1	1	352	1216	1568	0.0	631
PfGN01_130079200|DBLg|1|1213|1568	PA0027-C.g262	41.156	294	147	10	1	289	1591	1863	2.90e-58	206
PfGN01_130079200|DBLg|1|1213|1568	PA0027-C.g262	26.255	259	138	9	47	279	844	1075	5.21e-13	72.8
PfGN01_130079200|DBLg|1|1213|1568	PA0027-C.g262	21.986	282	177	7	44	296	126	393	1.22e-08	59.3
PfGN01_130079200|DBLg|1|1213|1568	PA0021-C.g111	88.385	353	40	1	1	352	647	999	0.0	629
PfGN01_130079200|DBLg|1|1213|1568	PA0021-C.g111	41.758	273	135	9	20	289	1067	1318	1.00e-55	198
PfGN01_130079200|DBLg|1|1213|1568	PA0021-C.g111	26.255	259	138	9	47	279	275	506	4.83e-13	72.8
PfGN01_130079200|DBLg|2|1585|1931	QG0261-C.g245	99.712	347	1	0	1	347	881	1227	0.0	720
PfGN01_130079200|DBLg|2|1585|1931	QG0261-C.g245	39.815	324	144	10	2	280	505	822	6.03e-55	196
PfGN01_130079200|DBLg|2|1585|1931	QG0261-C.g245	28.251	223	77	5	38	177	1463	1685	1.08e-16	84.0
PfGN01_130079200|DBLg|2|1585|1931	QG0261-C.g245	29.310	290	158	11	28	287	117	389	1.16e-16	84.0
PfGN01_130079200|DBLg|2|1585|1931	PF0152-C.g13	95.402	348	15	1	1	347	1598	1945	0.0	687
PfGN01_130079200|DBLg|2|1585|1931	PF0152-C.g13	39.466	337	151	14	1	294	1217	1543	9.72e-51	184
PfGN01_130079200|DBLg|2|1585|1931	PF0152-C.g13	34.375	320	116	10	43	268	2193	2512	1.28e-38	148
PfGN01_130079200|DBLg|2|1585|1931	PF0152-C.g13	29.044	272	148	10	40	279	840	1098	3.69e-19	91.3
PfGN01_130079200|DBLg|2|1585|1931	PF0152-C.g13	27.667	300	144	11	31	270	111	397	1.38e-18	89.7
PfGN01_130079200|DBLg|2|1585|1931	PM0107-C.g36	91.931	347	28	0	1	347	1023	1369	0.0	643
PfGN01_130079200|DBLg|2|1585|1931	PM0107-C.g36	39.466	337	151	14	1	294	642	968	4.32e-51	184
PfGN01_130079200|DBLg|2|1585|1931	PM0107-C.g36	26.158	367	144	10	30	269	1566	1932	1.29e-24	107
PfGN01_130079200|DBLg|2|1585|1931	PM0107-C.g36	28.076	317	165	12	9	287	237	528	9.34e-16	81.3
PfGN01_130079200|DBLg|2|1585|1931	PM0115-C.g30	91.931	347	28	0	1	347	1843	2189	0.0	642
PfGN01_130079200|DBLg|2|1585|1931	PM0115-C.g30	39.466	337	151	14	1	294	1462	1788	6.18e-51	184
PfGN01_130079200|DBLg|2|1585|1931	PM0115-C.g30	26.301	365	142	10	32	269	2388	2752	2.66e-24	106
PfGN01_130079200|DBLg|2|1585|1931	PM0115-C.g30	28.076	317	165	12	9	287	1057	1348	1.32e-15	80.5
PfGN01_130079200|DBLg|2|1585|1931	PM0115-C.g30	24.791	359	198	13	30	330	114	458	2.55e-15	79.7
PfGN01_130079200|DBLg|2|1585|1931	PT0274-Cx.g465	90.517	348	32	1	1	347	1578	1925	0.0	630
PfGN01_130079200|DBLg|2|1585|1931	PT0274-Cx.g465	40.604	298	135	10	13	272	1213	1506	6.41e-51	184
PfGN01_130079200|DBLg|2|1585|1931	PT0274-Cx.g465	27.740	292	140	10	31	264	108	386	3.66e-16	82.4
PfGN01_130079200|DBLg|2|1585|1931	PT0274-Cx.g465	25.915	328	201	13	10	304	807	1125	6.03e-15	78.6
PfGN01_130079200|DBLd|1|2058|2501	PA0021-C.g603	89.394	462	31	3	1	444	2545	3006	0.0	814
PfGN01_130079200|DBLd|1|2058|2501	PA0021-C.g603	33.509	379	158	18	1	375	1684	1972	1.04e-38	152
PfGN01_130079200|DBLd|1|2058|2501	PA0021-C.g603	29.480	346	157	14	50	386	2100	2367	1.67e-28	121
PfGN01_130079200|DBLd|1|2058|2501	PA0021-C.g603	26.119	268	164	9	191	444	225	472	5.16e-20	95.9
PfGN01_130079200|DBLd|1|2058|2501	PA0027-C.g792	89.394	462	31	3	1	444	2444	2905	0.0	813
PfGN01_130079200|DBLd|1|2058|2501	PA0027-C.g792	33.509	379	158	18	1	375	1583	1871	1.18e-38	151
PfGN01_130079200|DBLd|1|2058|2501	PA0027-C.g792	29.480	346	157	14	50	386	1999	2266	2.07e-28	121
PfGN01_130079200|DBLd|1|2058|2501	PA0027-C.g792	26.119	268	164	9	191	444	124	371	5.01e-20	95.9
PfGN01_130079200|DBLd|1|2058|2501	PA0074-C.g650	60.412	485	126	11	1	444	2202	2661	1.88e-165	518
PfGN01_130079200|DBLd|1|2058|2501	PA0074-C.g650	29.712	451	213	19	1	434	1686	2049	5.03e-31	129
PfGN01_130079200|DBLd|1|2058|2501	PA0074-C.g650	29.289	239	142	7	218	444	246	469	1.83e-22	103
PfGN01_130079200|DBLd|1|2058|2501	PM0068-C.g47	63.982	447	122	9	1	444	1610	2020	3.54e-161	506
PfGN01_130079200|DBLd|1|2058|2501	PM0068-C.g47	30.423	355	156	13	41	390	1252	1520	1.94e-35	142
PfGN01_130079200|DBLd|1|2058|2501	PM0068-C.g47	36.207	174	94	6	287	444	298	470	1.74e-23	106
PfGN01_130079200|DBLd|1|2058|2501	PM0068-C.g47	23.041	217	113	4	165	381	2433	2595	4.41e-09	61.6
PfGN01_130079200|DBLd|1|2058|2501	PT0052-C.g353	63.982	447	122	9	1	444	1596	2006	3.57e-161	506
PfGN01_130079200|DBLd|1|2058|2501	PT0052-C.g353	29.243	383	175	15	1	382	1217	1504	6.01e-30	125
PfGN01_130079200|DBLd|1|2058|2501	PT0052-C.g353	35.260	173	97	5	287	444	298	470	4.55e-24	108
PfGN01_130079200|DBLd|1|2058|2501	PT0052-C.g353	23.041	217	113	4	165	381	2419	2581	4.29e-09	61.6
PfGN01_130079200|CIDRb|1|2502|2756	PD0640-C.g136	99.608	255	1	0	1	255	1235	1489	9.66e-172	519
PfGN01_130079200|CIDRb|1|2502|2756	PD0640-C.g136	26.341	205	121	5	74	252	551	751	5.16e-09	58.9
PfGN01_130079200|CIDRb|1|2502|2756	PA0044-C.g496	99.608	255	1	0	1	255	1334	1588	1.63e-171	522
PfGN01_130079200|CIDRb|1|2502|2756	PH0815-C.g539	99.608	255	1	0	1	255	1244	1498	2.28e-171	520
PfGN01_130079200|CIDRb|1|2502|2756	PH0815-C.g539	26.341	205	121	5	74	252	551	751	5.45e-09	58.9
PfGN01_130079200|CIDRb|1|2502|2756	PH0778-C.g544	99.608	255	1	0	1	255	1244	1498	2.28e-171	520
PfGN01_130079200|CIDRb|1|2502|2756	PH0778-C.g544	26.341	205	121	5	74	252	551	751	5.45e-09	58.9
PfGN01_130079200|CIDRb|1|2502|2756	PH0594-C.g849	99.608	255	1	0	1	255	1235	1489	3.11e-171	520
PfGN01_130079200|CIDRb|1|2502|2756	PH0594-C.g849	26.341	205	121	5	74	252	551	751	4.74e-09	58.9
PfGN01_130079200|ATS|1|2905|3340	PFKE12.g2	87.385	436	49	2	1	436	2688	3117	0.0	779
PfGN01_130079200|ATS|1|2905|3340	PFKE01.g6	87.385	436	44	3	1	436	2709	3133	0.0	764
PfGN01_130079200|ATS|1|2905|3340	PC0104-C.g47	82.119	453	59	4	1	436	3045	3492	0.0	741
PfGN01_130079200|ATS|1|2905|3340	PFKE12.g497	85.682	440	46	5	1	436	2528	2954	0.0	739
PfGN01_130079200|ATS|1|2905|3340	QE0448-C.g49	83.753	437	60	4	1	436	2723	3149	0.0	736
PfGN01_130079400|NTS|1|1|59	PH0248-C.g335	67.797	59	19	0	1	59	1	59	4.98e-19	80.5
PfGN01_130079400|NTS|1|1|59	QG0247-C.g2010	69.492	59	18	0	1	59	1	59	1.23e-18	79.3
PfGN01_130079400|NTS|1|1|59	PF0119-C.g833	67.241	58	19	0	1	58	1	58	4.18e-18	77.8
PfGN01_130079400|NTS|1|1|59	PM0076-C.g916	66.102	59	20	0	1	59	1	59	1.81e-17	75.9
PfGN01_130079400|NTS|1|1|59	SenT114.09.g737	69.492	59	15	2	2	59	5	61	2.03e-17	75.9
PfGN01_130079400|DBLa|1|60|468	PA0167-C.g625	78.469	418	81	3	1	409	65	482	0.0	637
PfGN01_130079400|DBLa|1|60|468	PA0167-C.g625	32.258	279	138	7	55	326	859	1093	4.49e-28	119
PfGN01_130079400|DBLa|1|60|468	PA0167-C.g625	32.597	181	107	5	233	409	1638	1807	1.01e-18	91.3
PfGN01_130079400|DBLa|1|60|468	PV0211-C.g62	73.333	420	101	5	1	409	59	478	0.0	612
PfGN01_130079400|DBLa|1|60|468	PV0211-C.g62	31.325	332	165	12	4	326	808	1085	1.24e-28	121
PfGN01_130079400|DBLa|1|60|468	PV0211-C.g62	30.851	188	107	6	231	409	1626	1799	2.47e-16	84.0
PfGN01_130079400|DBLa|1|60|468	QG0271-C.g1115	77.672	421	77	8	1	409	65	480	0.0	611
PfGN01_130079400|DBLa|1|60|468	QG0271-C.g1115	28.758	306	182	11	120	409	1007	1292	1.01e-15	82.0
PfGN01_130079400|DBLa|1|60|468	QG0269-C.g794	77.672	421	77	8	1	409	65	480	0.0	611
PfGN01_130079400|DBLa|1|60|468	QG0269-C.g794	28.758	306	182	11	120	409	1007	1292	1.01e-15	82.0
PfGN01_130079400|DBLa|1|60|468	PT0039-C.g462	72.619	420	101	5	1	409	69	485	0.0	607
PfGN01_130079400|DBLa|1|60|468	PT0039-C.g462	40.367	109	60	4	225	329	1133	1240	1.57e-13	75.1
PfGN01_130079400|CIDRa|1|469|724	PF0365-C.g505	100.000	256	0	0	1	256	344	599	7.31e-176	523
PfGN01_130079400|CIDRa|1|469|724	PF0365-C.g505	24.818	137	93	2	34	170	1218	1344	9.29e-08	55.1
PfGN01_130079400|CIDRa|1|469|724	PT0039-C.g462	77.165	254	55	1	1	251	486	739	4.32e-116	362
PfGN01_130079400|CIDRa|1|469|724	QG0216-C.g50	69.804	255	76	1	1	255	483	736	3.38e-112	350
PfGN01_130079400|CIDRa|1|469|724	PF0159-C.g875	66.275	255	82	3	1	255	493	743	1.14e-101	326
PfGN01_130079400|CIDRa|1|469|724	PF0159-C.g875	31.159	138	80	3	35	172	1387	1509	1.06e-07	55.1
PfGN01_130079400|CIDRa|1|469|724	PC0059-C.g537	66.667	258	81	4	1	256	478	732	1.11e-98	317
PfGN01_130079400|DBLd|1|803|1249	PT0063-C.g2	56.790	486	154	11	1	447	240	708	4.40e-173	516
PfGN01_130079400|DBLd|1|803|1249	PT0181-C.g81	55.118	508	159	12	1	447	831	1330	6.99e-163	503
PfGN01_130079400|DBLd|1|803|1249	PT0181-C.g81	23.055	347	202	11	130	447	159	469	1.67e-09	62.8
PfGN01_130079400|DBLd|1|803|1249	PT0041-C.g335	56.827	498	152	14	1	447	846	1331	7.70e-163	503
PfGN01_130079400|DBLd|1|803|1249	PT0041-C.g335	24.354	271	143	9	208	447	221	460	6.78e-12	70.5
PfGN01_130079400|DBLd|1|803|1249	PC0046-C.g163	52.268	507	173	14	1	447	906	1403	7.83e-147	461
PfGN01_130079400|DBLd|1|803|1249	PC0046-C.g163	25.833	240	146	7	148	379	193	408	4.15e-15	80.5
PfGN01_130079400|DBLd|1|803|1249	QE0427-C.g41	51.440	486	177	20	1	447	210	675	9.26e-139	426
PfGN01_130079400|CIDRb|1|1250|1514	PM0159-C.g787	68.302	265	72	6	1	261	1344	1600	7.95e-104	332
PfGN01_130079400|CIDRb|1|1250|1514	PM0159-C.g787	39.080	87	49	2	112	197	626	709	1.29e-09	60.8
PfGN01_130079400|CIDRb|1|1250|1514	SenT125.11.g635	67.308	260	76	4	1	259	984	1235	3.53e-102	326
PfGN01_130079400|CIDRb|1|1250|1514	QG0296-C.g5311	61.624	271	95	4	1	265	1355	1622	3.70e-99	319
PfGN01_130079400|CIDRb|1|1250|1514	QG0275-C.g739	61.624	271	95	4	1	265	1383	1650	5.88e-99	318
PfGN01_130079400|CIDRb|1|1250|1514	QG0275-C.g739	44.776	67	36	1	112	177	655	721	1.31e-08	57.8
PfGN01_130079400|CIDRb|1|1250|1514	PV0089-C.g83	63.636	264	88	7	1	259	1339	1599	2.84e-98	317
PfGN01_130079400|ATS|1|1618|2085	PA0245-C.g998	77.542	472	88	8	1	468	1706	2163	0.0	703
PfGN01_130079400|ATS|1|1618|2085	QE0475-C.g596	80.892	471	77	6	1	468	1737	2197	0.0	697
PfGN01_130079400|ATS|1|1618|2085	PA0270-C.g443	76.972	469	93	7	1	468	2185	2639	0.0	685
PfGN01_130079400|ATS|1|1618|2085	PV0134-C.g25	75.210	476	76	9	2	468	2381	2823	0.0	683
PfGN01_130079400|ATS|1|1618|2085	PV0099-C.g26	80.380	474	76	9	1	468	2596	3058	0.0	664
PfGN01_140004000|NTS|1|1|67	PA0030-C.g871	100.000	67	0	0	1	67	1	67	1.72e-38	136
PfGN01_140004000|NTS|1|1|67	PH0592-C.g97	100.000	67	0	0	1	67	1	67	1.75e-38	136
PfGN01_140004000|NTS|1|1|67	PD0511-C.g467	100.000	67	0	0	1	67	1	67	2.00e-38	135
PfGN01_140004000|NTS|1|1|67	PD0473-C.g412	100.000	67	0	0	1	67	1	67	2.00e-38	135
PfGN01_140004000|NTS|1|1|67	SenT113.09.g915	100.000	67	0	0	1	67	1	67	2.25e-38	135
PfGN01_140004000|DBLa|1|68|468	PA0069-C.g152	90.299	402	38	1	1	401	68	469	0.0	738
PfGN01_140004000|DBLa|1|68|468	PA0069-C.g152	31.751	337	174	14	1	324	797	1090	1.14e-37	147
PfGN01_140004000|DBLa|1|68|468	PA0069-C.g152	26.644	289	170	10	54	322	1237	1503	1.21e-16	84.7
PfGN01_140004000|DBLa|1|68|468	PA0069-C.g152	24.500	200	134	5	207	401	2072	2259	2.34e-08	58.9
PfGN01_140004000|DBLa|1|68|468	PA0068-C.g55	90.299	402	38	1	1	401	68	469	0.0	738
PfGN01_140004000|DBLa|1|68|468	PA0068-C.g55	31.751	337	174	14	1	324	797	1090	1.14e-37	147
PfGN01_140004000|DBLa|1|68|468	PA0068-C.g55	26.644	289	170	10	54	322	1237	1503	1.21e-16	84.7
PfGN01_140004000|DBLa|1|68|468	PA0068-C.g55	24.500	200	134	5	207	401	2072	2259	2.34e-08	58.9
PfGN01_140004000|DBLa|1|68|468	PA0050-C.g145	90.299	402	38	1	1	401	68	469	0.0	738
PfGN01_140004000|DBLa|1|68|468	PA0050-C.g145	31.751	337	174	14	1	324	797	1090	1.14e-37	147
PfGN01_140004000|DBLa|1|68|468	PA0050-C.g145	26.644	289	170	10	54	322	1237	1503	1.21e-16	84.7
PfGN01_140004000|DBLa|1|68|468	PA0050-C.g145	24.500	200	134	5	207	401	2072	2259	2.34e-08	58.9
PfGN01_140004000|DBLa|1|68|468	PT0102-C.g782	90.796	402	35	2	1	401	68	468	0.0	736
PfGN01_140004000|DBLa|1|68|468	PT0102-C.g782	35.161	310	140	12	20	309	1318	1586	1.97e-36	144
PfGN01_140004000|DBLa|1|68|468	PT0102-C.g782	33.851	322	156	13	20	323	805	1087	1.13e-35	141
PfGN01_140004000|DBLa|1|68|468	PT0102-C.g782	23.901	364	208	14	16	358	1719	2034	3.94e-14	77.0
PfGN01_140004000|DBLa|1|68|468	PT0102-C.g782	22.603	438	246	16	24	401	2226	2630	1.68e-13	75.1
PfGN01_140004000|DBLa|1|68|468	PA0052-C.g745	83.292	401	66	1	1	401	69	468	0.0	679
PfGN01_140004000|DBLa|1|68|468	PA0052-C.g745	28.806	427	239	17	1	401	813	1200	5.24e-34	137
PfGN01_140004000|DBLa|1|68|468	PA0052-C.g745	23.596	267	157	5	177	401	2440	2701	7.17e-15	79.3
PfGN01_140004000|DBLa|1|68|468	PA0052-C.g745	24.399	291	175	9	52	329	1266	1524	1.09e-14	78.6
PfGN01_140004000|DBLa|1|68|468	PA0052-C.g745	26.045	311	155	13	39	322	1653	1915	1.69e-13	75.1
PfGN01_140004000|CIDRa|1|469|721	PA0069-C.g152	100.000	253	0	0	1	253	470	722	1.05e-167	515
PfGN01_140004000|CIDRa|1|469|721	PA0069-C.g152	33.333	84	55	1	85	167	2340	2423	2.63e-09	59.7
PfGN01_140004000|CIDRa|1|469|721	PA0068-C.g55	100.000	253	0	0	1	253	470	722	1.05e-167	515
PfGN01_140004000|CIDRa|1|469|721	PA0068-C.g55	33.333	84	55	1	85	167	2340	2423	2.63e-09	59.7
PfGN01_140004000|CIDRa|1|469|721	PA0050-C.g145	100.000	253	0	0	1	253	470	722	1.05e-167	515
PfGN01_140004000|CIDRa|1|469|721	PA0050-C.g145	33.333	84	55	1	85	167	2340	2423	2.63e-09	59.7
PfGN01_140004000|CIDRa|1|469|721	QG0268-C.g1919	87.352	253	32	0	1	253	470	722	9.22e-127	393
PfGN01_140004000|CIDRa|1|469|721	QE0398-C.g868	78.740	254	53	1	1	253	470	723	1.73e-116	369
PfGN01_140004000|CIDRa|1|469|721	QE0398-C.g868	29.299	157	105	3	102	253	2135	2290	3.21e-10	62.4
PfGN01_140004000|DBLb|1|730|1214	PA0061-C.g275	74.797	492	108	7	1	485	729	1211	0.0	729
PfGN01_140004000|DBLb|1|730|1214	PA0061-C.g275	44.309	492	214	14	1	485	1227	1665	2.95e-109	358
PfGN01_140004000|DBLb|1|730|1214	PA0061-C.g275	28.536	403	215	15	100	485	1723	2069	1.53e-36	146
PfGN01_140004000|DBLb|1|730|1214	PA0061-C.g275	29.240	342	178	14	64	360	68	390	1.43e-25	113
PfGN01_140004000|DBLb|1|730|1214	PA0061-C.g275	28.115	313	186	9	100	391	2112	2406	2.01e-23	107
PfGN01_140004000|DBLb|1|730|1214	PA0069-C.g152	75.876	485	81	6	1	485	731	1179	0.0	710
PfGN01_140004000|DBLb|1|730|1214	PA0069-C.g152	30.408	319	171	11	81	361	86	391	9.94e-35	141
PfGN01_140004000|DBLb|1|730|1214	PA0069-C.g152	27.817	284	161	11	108	360	1233	1503	2.03e-22	103
PfGN01_140004000|DBLb|1|730|1214	PA0068-C.g55	75.876	485	81	6	1	485	731	1179	0.0	710
PfGN01_140004000|DBLb|1|730|1214	PA0068-C.g55	30.408	319	171	11	81	361	86	391	9.94e-35	141
PfGN01_140004000|DBLb|1|730|1214	PA0068-C.g55	27.817	284	161	11	108	360	1233	1503	2.03e-22	103
PfGN01_140004000|DBLb|1|730|1214	PA0050-C.g145	75.876	485	81	6	1	485	731	1179	0.0	710
PfGN01_140004000|DBLb|1|730|1214	PA0050-C.g145	30.408	319	171	11	81	361	86	391	9.94e-35	141
PfGN01_140004000|DBLb|1|730|1214	PA0050-C.g145	27.817	284	161	11	108	360	1233	1503	2.03e-22	103
PfGN01_140004000|DBLb|1|730|1214	QE0428-C.g884	70.648	494	123	11	1	485	726	1206	0.0	681
PfGN01_140004000|DBLb|1|730|1214	QE0428-C.g884	43.133	517	213	18	1	485	1223	1690	5.15e-108	355
PfGN01_140004000|DBLb|1|730|1214	QE0428-C.g884	30.872	298	153	13	81	347	95	370	1.99e-24	110
PfGN01_140004000|DBLb|1|730|1214	QE0428-C.g884	27.599	279	136	12	114	362	1755	1997	2.04e-14	79.0
PfGN01_140004000|DBLb|2|1230|1678	PF0035-C.g543	68.764	461	126	10	1	449	1249	1703	0.0	626
PfGN01_140004000|DBLb|2|1230|1678	PF0035-C.g543	47.458	472	213	15	3	449	1722	2183	1.68e-111	363
PfGN01_140004000|DBLb|2|1230|1678	PF0035-C.g543	42.520	508	226	15	1	449	725	1225	4.54e-110	359
PfGN01_140004000|DBLb|2|1230|1678	PF0035-C.g543	29.316	307	165	12	99	374	116	401	4.21e-27	117
PfGN01_140004000|DBLb|2|1230|1678	PT0017-CW.g180	68.432	472	115	13	1	449	759	1219	0.0	617
PfGN01_140004000|DBLb|2|1230|1678	PT0017-CW.g180	31.965	341	177	15	45	345	61	386	2.75e-37	147
PfGN01_140004000|DBLb|2|1230|1678	PT0017-CW.g180	26.724	348	203	14	33	358	1214	1531	1.20e-18	91.7
PfGN01_140004000|DBLb|2|1230|1678	PT0169-C.g195	66.239	468	124	12	1	449	743	1195	0.0	582
PfGN01_140004000|DBLb|2|1230|1678	PT0169-C.g195	29.083	447	261	16	24	449	1602	2013	8.51e-33	134
PfGN01_140004000|DBLb|2|1230|1678	PT0169-C.g195	28.409	440	233	17	13	400	10	419	1.68e-27	118
PfGN01_140004000|DBLb|2|1230|1678	PT0169-C.g195	29.057	265	141	9	106	366	2065	2286	2.97e-19	93.6
PfGN01_140004000|DBLb|2|1230|1678	PT0169-C.g195	27.612	268	156	9	108	358	1258	1504	7.88e-19	92.0
PfGN01_140004000|DBLb|2|1230|1678	QG0253-C.g2520	66.239	468	124	12	1	449	48	500	0.0	581
PfGN01_140004000|DBLb|2|1230|1678	QG0253-C.g2520	29.083	447	261	16	24	449	907	1318	6.66e-33	134
PfGN01_140004000|DBLb|2|1230|1678	QG0253-C.g2520	29.057	265	141	9	106	366	1370	1591	4.72e-19	92.8
PfGN01_140004000|DBLb|2|1230|1678	QG0253-C.g2520	27.612	268	156	9	108	358	563	809	8.75e-19	92.0
PfGN01_140004000|DBLb|2|1230|1678	PA0185-C.g260	66.239	468	124	12	1	449	695	1147	0.0	581
PfGN01_140004000|DBLb|2|1230|1678	PA0185-C.g260	29.083	447	261	16	24	449	1554	1965	8.66e-33	134
PfGN01_140004000|DBLb|2|1230|1678	PA0185-C.g260	30.650	323	168	13	13	302	10	309	1.56e-26	115
PfGN01_140004000|DBLb|2|1230|1678	PA0185-C.g260	29.057	265	141	9	106	366	2017	2238	4.30e-19	93.2
PfGN01_140004000|DBLb|2|1230|1678	PA0185-C.g260	27.612	268	156	9	108	358	1210	1456	9.45e-19	92.0
PfGN01_140004000|DBLg|1|1688|2044	PV0287-C.g82	73.464	358	92	3	1	357	299	654	1.24e-172	524
PfGN01_140004000|DBLg|1|1688|2044	PV0287-C.g82	30.518	367	168	11	19	298	809	1175	1.10e-38	149
PfGN01_140004000|DBLg|1|1688|2044	PF0092-C.g711	73.464	358	92	3	1	357	2787	3142	4.64e-170	527
PfGN01_140004000|DBLg|1|1688|2044	PF0092-C.g711	43.817	372	178	8	3	357	1248	1605	2.90e-82	275
PfGN01_140004000|DBLg|1|1688|2044	PF0092-C.g711	29.639	388	168	11	1	295	1610	1985	3.02e-37	145
PfGN01_140004000|DBLg|1|1688|2044	PF0092-C.g711	27.941	272	148	10	42	293	2450	2693	3.36e-16	82.8
PfGN01_140004000|DBLg|1|1688|2044	PF0092-C.g711	26.953	256	148	7	47	287	852	1083	3.43e-16	82.8
PfGN01_140004000|DBLg|1|1688|2044	PF0092-C.g711	22.541	244	155	6	36	255	113	346	7.90e-10	63.2
PfGN01_140004000|DBLg|1|1688|2044	QE0414-C.g758	68.611	360	110	2	1	357	1605	1964	4.61e-157	490
PfGN01_140004000|DBLg|1|1688|2044	QE0414-C.g758	38.710	341	174	9	3	329	1237	1556	7.85e-62	216
PfGN01_140004000|DBLg|1|1688|2044	QE0414-C.g758	28.537	410	160	14	19	298	2129	2535	3.92e-30	124
PfGN01_140004000|DBLg|1|1688|2044	QE0414-C.g758	24.430	307	182	10	24	295	106	397	1.96e-11	68.2
PfGN01_140004000|DBLg|1|1688|2044	PA0167-C.g62	67.409	359	113	3	1	357	2746	3102	7.80e-155	484
PfGN01_140004000|DBLg|1|1688|2044	PA0167-C.g62	43.784	370	179	8	3	357	1245	1600	4.47e-86	286
PfGN01_140004000|DBLg|1|1688|2044	PA0167-C.g62	29.121	364	182	12	1	310	1605	1946	2.50e-36	142
PfGN01_140004000|DBLg|1|1688|2044	PA0167-C.g62	26.437	261	147	8	47	287	836	1071	1.44e-13	74.7
PfGN01_140004000|DBLg|1|1688|2044	PA0167-C.g62	27.052	329	163	12	1	293	2357	2644	2.26e-12	70.9
PfGN01_140004000|DBLg|1|1688|2044	PA0167-C.g62	23.077	325	200	11	5	295	84	392	2.56e-11	67.8
PfGN01_140004000|DBLg|1|1688|2044	QE0467-C.g347	73.184	358	84	4	1	357	1261	1607	9.60e-154	480
PfGN01_140004000|DBLg|1|1688|2044	QE0467-C.g347	26.425	386	173	12	37	317	1797	2176	2.83e-26	112
PfGN01_140004000|DBLg|1|1688|2044	QE0467-C.g347	23.741	278	154	10	47	293	878	1128	7.05e-08	57.0
PfGN01_140085000|NTS|1|1|60	PM0004-C.g962	100.000	60	0	0	1	60	1	60	3.64e-35	126
PfGN01_140085000|NTS|1|1|60	PF0119-C.g121	100.000	60	0	0	1	60	1	60	4.17e-35	126
PfGN01_140085000|NTS|1|1|60	QG0250-C.g2031	100.000	60	0	0	1	60	1	60	6.27e-35	125
PfGN01_140085000|NTS|1|1|60	QG0249-C.g300	100.000	60	0	0	1	60	1	60	6.27e-35	125
PfGN01_140085000|NTS|1|1|60	QE0444-C.g311	100.000	60	0	0	1	60	1	60	4.34e-34	123
PfGN01_140085000|DBLa|1|63|453	QE0404-C.g330	84.772	394	57	2	1	391	61	454	0.0	646
PfGN01_140085000|DBLa|1|63|453	QE0404-C.g330	31.445	353	190	18	46	383	1720	2035	2.46e-31	128
PfGN01_140085000|DBLa|1|63|453	QE0404-C.g330	31.317	281	127	11	52	309	834	1071	3.76e-24	107
PfGN01_140085000|DBLa|1|63|453	QE0404-C.g330	24.252	301	183	8	48	331	1283	1555	5.55e-14	76.3
PfGN01_140085000|DBLa|1|63|453	QE0404-C.g330	24.920	313	185	12	48	353	2101	2370	7.34e-11	66.6
PfGN01_140085000|DBLa|1|63|453	QG0276-C.g288	80.964	394	72	2	1	391	67	460	0.0	621
PfGN01_140085000|DBLa|1|63|453	QG0276-C.g288	31.978	369	199	15	21	360	1685	2030	3.46e-39	151
PfGN01_140085000|DBLa|1|63|453	QG0276-C.g288	29.965	287	135	12	1	250	784	1041	1.58e-23	105
PfGN01_140085000|DBLa|1|63|453	QG0276-C.g288	27.068	266	144	12	51	314	2113	2330	2.78e-15	80.5
PfGN01_140085000|DBLa|1|63|453	QG0276-C.g288	26.141	241	135	7	48	259	1279	1505	1.01e-12	72.4
PfGN01_140085000|DBLa|1|63|453	PA0165-C.g515	80.964	394	72	2	1	391	67	460	0.0	621
PfGN01_140085000|DBLa|1|63|453	PA0165-C.g515	31.498	327	184	15	1	313	1710	2010	7.89e-31	127
PfGN01_140085000|DBLa|1|63|453	PA0165-C.g515	30.469	256	132	8	8	236	792	1028	8.28e-23	103
PfGN01_140085000|DBLa|1|63|453	PA0165-C.g515	25.000	200	122	7	51	250	2145	2316	2.37e-11	68.2
PfGN01_140085000|DBLa|1|63|453	PA0165-C.g515	21.404	285	175	8	49	312	1310	1566	2.31e-07	55.5
PfGN01_140085000|DBLa|1|63|453	PA0152-C.g226	80.153	393	72	5	1	391	64	452	0.0	619
PfGN01_140085000|DBLa|1|63|453	PA0152-C.g226	34.375	224	121	9	52	258	1736	1950	2.27e-29	122
PfGN01_140085000|DBLa|1|63|453	PA0152-C.g226	30.502	259	121	11	8	236	782	1011	5.95e-19	91.7
PfGN01_140085000|DBLa|1|63|453	PA0152-C.g226	26.236	263	146	9	48	310	2118	2332	1.49e-12	72.0
PfGN01_140085000|DBLa|1|63|453	PA0152-C.g226	22.271	229	150	5	43	250	1278	1499	6.28e-08	57.4
PfGN01_140085000|DBLa|1|63|453	PC0054-C.g553	80.964	394	72	2	1	391	67	460	0.0	619
PfGN01_140085000|DBLa|1|63|453	PC0054-C.g553	30.418	263	137	8	1	236	784	1027	2.24e-24	108
PfGN01_140085000|DBLa|1|63|453	PC0054-C.g553	23.798	416	232	14	22	391	1626	2002	9.49e-20	94.0
PfGN01_140085000|DBLa|1|63|453	PC0054-C.g553	27.881	269	144	11	48	314	2713	2933	2.33e-16	83.6
PfGN01_140085000|DBLa|1|63|453	PC0054-C.g553	22.222	297	162	9	48	310	1280	1541	2.07e-07	55.8
PfGN01_140085000|CIDRa|1|454|705	SenT235.08.g645	97.222	252	7	0	1	252	461	712	7.96e-162	491
PfGN01_140085000|CIDRa|1|454|705	PV0133-C.g27	98.016	252	5	0	1	252	463	714	2.78e-161	497
PfGN01_140085000|CIDRa|1|454|705	PT0219-C.g366	98.016	252	5	0	1	252	452	703	5.52e-161	495
PfGN01_140085000|CIDRa|1|454|705	PA0100-C.g201	97.619	252	6	0	1	252	458	709	7.43e-161	493
PfGN01_140085000|CIDRa|1|454|705	PA0165-C.g515	96.825	252	8	0	1	252	461	712	2.05e-159	491
PfGN01_140085000|DBLb|1|714|1173	PF0513-C.g6264	88.147	464	51	2	1	460	724	1187	0.0	811
PfGN01_140085000|DBLb|1|714|1173	PF0513-C.g6264	30.871	379	216	10	18	367	1606	1967	9.38e-33	134
PfGN01_140085000|DBLb|1|714|1173	PF0513-C.g6264	26.579	380	207	13	16	345	26	383	2.75e-22	103
PfGN01_140085000|DBLb|1|714|1173	PF0513-C.g6264	30.142	282	143	10	93	357	2067	2311	8.59e-21	98.6
PfGN01_140085000|DBLb|1|714|1173	PF0513-C.g6264	25.418	299	173	12	63	339	1227	1497	7.21e-09	60.8
PfGN01_140085000|DBLb|1|714|1173	PV0169-C.g1	88.889	459	47	2	1	455	718	1176	0.0	802
PfGN01_140085000|DBLb|1|714|1173	PV0169-C.g1	31.909	351	177	12	77	391	1685	2009	3.73e-36	144
PfGN01_140085000|DBLb|1|714|1173	PV0169-C.g1	30.032	313	171	15	9	293	11	303	3.03e-25	112
PfGN01_140085000|DBLb|1|714|1173	PV0169-C.g1	33.158	190	85	9	110	292	2108	2262	3.78e-17	87.0
PfGN01_140085000|DBLb|1|714|1173	PV0169-C.g1	23.362	351	206	11	34	346	1199	1524	9.23e-12	70.1
PfGN01_140085000|DBLb|1|714|1173	PV0089-C.g46	88.889	459	47	2	1	455	718	1176	0.0	801
PfGN01_140085000|DBLb|1|714|1173	PV0089-C.g46	31.909	351	177	12	77	391	1685	2009	3.78e-36	144
PfGN01_140085000|DBLb|1|714|1173	PV0089-C.g46	30.464	302	160	15	17	293	27	303	2.88e-25	112
PfGN01_140085000|DBLb|1|714|1173	PV0089-C.g46	33.158	190	85	9	110	292	2108	2262	4.57e-17	87.0
PfGN01_140085000|DBLb|1|714|1173	PV0089-C.g46	23.362	351	206	11	34	346	1199	1524	8.86e-12	70.1
PfGN01_140085000|DBLb|1|714|1173	QE0456-C.g379	88.889	459	47	2	1	455	735	1193	0.0	798
PfGN01_140085000|DBLb|1|714|1173	QE0456-C.g379	31.026	390	219	10	11	368	1662	2033	1.40e-38	152
PfGN01_140085000|DBLb|1|714|1173	QE0456-C.g379	31.962	316	176	11	16	304	33	336	4.75e-32	132
PfGN01_140085000|DBLb|1|714|1173	QE0456-C.g379	28.016	257	147	12	100	348	2135	2361	4.29e-13	74.3
PfGN01_140085000|DBLb|1|714|1173	PF0263-C.g228	77.996	459	87	7	1	447	713	1169	0.0	678
PfGN01_140085000|DBLb|1|714|1173	PF0263-C.g228	33.333	324	168	14	61	357	1671	1973	9.41e-35	140
PfGN01_140085000|DBLb|1|714|1173	PF0263-C.g228	30.363	303	166	11	14	293	19	299	2.00e-25	112
PfGN01_140085000|DBLb|1|714|1173	PF0263-C.g228	25.478	314	181	13	53	354	2046	2318	3.70e-12	71.2
PfGN01_140085000|DBLb|1|714|1173	PF0263-C.g228	25.552	317	183	12	53	339	1225	1518	4.58e-10	64.7
PfGN01_140085000|DBLg|1|1229|1596	PV0160-C.g20	100.000	368	0	0	1	368	1245	1612	0.0	769
PfGN01_140085000|DBLg|1|1229|1596	PV0160-C.g20	24.317	366	232	11	31	368	1718	2066	3.15e-21	98.2
PfGN01_140085000|DBLg|1|1229|1596	PV0160-C.g20	26.744	258	150	8	45	302	2119	2337	1.10e-14	78.2
PfGN01_140085000|DBLg|1|1229|1596	PV0160-C.g20	23.607	305	186	11	45	316	113	403	1.24e-10	65.9
PfGN01_140085000|DBLg|1|1229|1596	PV0160-C.g20	23.729	295	177	12	32	300	820	1092	1.72e-07	55.8
PfGN01_140085000|DBLg|1|1229|1596	PF0784-C.g137	92.391	368	27	1	1	368	1221	1587	0.0	709
PfGN01_140085000|DBLg|1|1229|1596	PF0784-C.g137	25.137	366	229	12	31	368	1693	2041	4.32e-22	100
PfGN01_140085000|DBLg|1|1229|1596	PF0784-C.g137	25.632	277	165	11	45	319	2094	2331	1.42e-15	80.9
PfGN01_140085000|DBLg|1|1229|1596	PF0784-C.g137	21.661	277	166	11	35	274	118	380	5.39e-08	57.4
PfGN01_140085000|DBLg|1|1229|1596	PF0784-C.g137	24.118	340	194	17	48	352	843	1153	9.71e-07	53.5
PfGN01_140085000|DBLg|1|1229|1596	PA0245-C.g181	92.120	368	28	1	1	368	1221	1587	0.0	707
PfGN01_140085000|DBLg|1|1229|1596	PA0245-C.g181	25.137	366	229	12	31	368	1693	2041	3.98e-22	100
PfGN01_140085000|DBLg|1|1229|1596	PA0245-C.g181	25.632	277	165	11	45	319	2094	2331	1.42e-15	80.9
PfGN01_140085000|DBLg|1|1229|1596	PA0245-C.g181	21.661	277	166	11	35	274	118	380	5.11e-08	57.4
PfGN01_140085000|DBLg|1|1229|1596	PA0245-C.g181	24.118	340	194	17	48	352	843	1153	9.22e-07	53.5
PfGN01_140085000|DBLg|1|1229|1596	PfKE04.g5	91.576	368	30	1	1	368	1211	1577	0.0	703
PfGN01_140085000|DBLg|1|1229|1596	PfKE04.g5	24.863	366	230	12	31	368	1683	2031	2.59e-21	98.2
PfGN01_140085000|DBLg|1|1229|1596	PfKE04.g5	25.632	277	165	11	45	319	2084	2321	1.99e-15	80.5
PfGN01_140085000|DBLg|1|1229|1596	PfKE04.g5	23.304	339	190	16	48	352	841	1143	1.69e-08	58.9
PfGN01_140085000|DBLg|1|1229|1596	PfKE04.g5	20.247	405	221	14	35	354	118	505	2.27e-08	58.5
PfGN01_140085000|DBLg|1|1229|1596	PM0058-C.g1078	91.033	368	32	1	1	368	1221	1587	0.0	699
PfGN01_140085000|DBLg|1|1229|1596	PM0058-C.g1078	29.348	368	172	12	1	287	1594	1954	1.29e-33	134
PfGN01_140085000|DBLg|1|1229|1596	PM0058-C.g1078	27.451	255	151	8	42	292	2815	3039	4.32e-17	85.5
PfGN01_140085000|DBLg|1|1229|1596	PM0058-C.g1078	25.573	262	162	8	47	287	2411	2660	1.04e-10	65.9
PfGN01_140085000|DBLg|1|1229|1596	PM0058-C.g1078	21.661	277	166	11	35	274	118	380	6.85e-08	57.0
PfGN01_140085000|DBLz|1|1620|2050	PV0160-C.g20	100.000	431	0	0	1	431	1636	2066	0.0	888
PfGN01_140085000|DBLz|1|1620|2050	PV0160-C.g20	28.941	387	214	10	2	361	735	1087	6.16e-38	149
PfGN01_140085000|DBLz|1|1620|2050	PV0160-C.g20	31.290	310	180	9	66	351	80	380	2.64e-31	129
PfGN01_140085000|DBLz|1|1620|2050	PV0160-C.g20	23.690	439	268	15	10	431	1224	1612	1.35e-20	97.4
PfGN01_140085000|DBLz|1|1620|2050	PV0160-C.g20	29.139	302	146	14	82	376	2103	2343	2.43e-17	87.4
PfGN01_140085000|DBLz|1|1620|2050	PT0264-C.g195	99.304	431	3	0	1	431	1619	2049	0.0	882
PfGN01_140085000|DBLz|1|1620|2050	PT0264-C.g195	28.827	392	217	15	24	388	765	1121	2.05e-31	130
PfGN01_140085000|DBLz|1|1620|2050	PT0264-C.g195	31.290	310	180	9	66	351	86	386	2.50e-31	129
PfGN01_140085000|DBLz|1|1620|2050	PT0264-C.g195	25.070	355	225	10	95	431	1264	1595	1.35e-18	91.3
PfGN01_140085000|DBLz|1|1620|2050	PT0264-C.g195	28.904	301	146	14	82	375	2086	2325	2.22e-16	84.3
PfGN01_140085000|DBLz|1|1620|2050	PF0298-C.g296	99.304	431	3	0	1	431	1614	2044	0.0	882
PfGN01_140085000|DBLz|1|1620|2050	PF0298-C.g296	28.827	392	217	15	24	388	760	1116	1.75e-31	130
PfGN01_140085000|DBLz|1|1620|2050	PF0298-C.g296	31.290	310	180	9	66	351	81	381	2.23e-31	129
PfGN01_140085000|DBLz|1|1620|2050	PF0298-C.g296	25.070	355	225	10	95	431	1259	1590	1.29e-18	91.3
PfGN01_140085000|DBLz|1|1620|2050	PF0298-C.g296	28.904	301	146	14	82	375	2081	2320	2.16e-16	84.3
PfGN01_140085000|DBLz|1|1620|2050	PT0226-Cx.g170	99.304	431	3	0	1	431	394	824	0.0	880
PfGN01_140085000|DBLz|1|1620|2050	PT0226-Cx.g170	25.070	355	225	10	95	431	39	370	9.87e-19	91.3
PfGN01_140085000|DBLz|1|1620|2050	PT0226-Cx.g170	28.904	301	146	14	82	375	861	1100	1.22e-16	85.1
PfGN01_140085000|DBLz|1|1620|2050	SenT044.11.g159	99.304	431	3	0	1	431	1100	1530	0.0	880
PfGN01_140085000|DBLz|1|1620|2050	SenT044.11.g159	28.970	466	266	17	2	431	272	708	2.28e-44	168
PfGN01_140085000|DBLz|1|1620|2050	SenT044.11.g159	25.758	396	188	16	81	431	742	1076	8.14e-19	91.7
PfGN01_140085000|DBLz|1|1620|2050	SenT044.11.g159	26.117	291	165	9	95	383	1583	1825	2.34e-17	87.4
PfGN01_140085000|DBLe|1|2056|2365	PV0160-C.g20	100.000	310	0	0	1	310	2072	2381	0.0	646
PfGN01_140085000|DBLe|1|2056|2365	PV0160-C.g20	29.474	285	136	13	49	272	1731	2011	4.19e-18	87.4
PfGN01_140085000|DBLe|1|2056|2365	PV0160-C.g20	30.000	270	139	10	49	274	834	1097	2.70e-16	82.0
PfGN01_140085000|DBLe|1|2056|2365	PV0160-C.g20	25.153	326	179	12	48	310	1289	1612	3.72e-15	78.6
PfGN01_140085000|DBLe|1|2056|2365	PV0160-C.g20	30.348	201	91	7	48	203	113	309	3.97e-12	69.3
PfGN01_140085000|DBLe|1|2056|2365	PT0264-C.g195	95.484	310	14	0	1	310	2055	2364	0.0	617
PfGN01_140085000|DBLe|1|2056|2365	PT0264-C.g195	29.259	270	133	12	49	264	1714	1979	2.79e-17	84.7
PfGN01_140085000|DBLe|1|2056|2365	PT0264-C.g195	30.451	266	133	12	44	266	831	1087	5.66e-16	80.9
PfGN01_140085000|DBLe|1|2056|2365	PT0264-C.g195	24.355	349	189	12	33	310	1251	1595	1.29e-14	77.0
PfGN01_140085000|DBLe|1|2056|2365	PT0264-C.g195	30.348	201	91	7	48	203	119	315	4.12e-12	69.3
PfGN01_140085000|DBLe|1|2056|2365	PF0298-C.g296	95.484	310	14	0	1	310	2050	2359	0.0	617
PfGN01_140085000|DBLe|1|2056|2365	PF0298-C.g296	29.259	270	133	12	49	264	1709	1974	3.09e-17	84.7
PfGN01_140085000|DBLe|1|2056|2365	PF0298-C.g296	30.451	266	133	12	44	266	826	1082	5.30e-16	81.3
PfGN01_140085000|DBLe|1|2056|2365	PF0298-C.g296	24.355	349	189	12	33	310	1246	1590	1.30e-14	77.0
PfGN01_140085000|DBLe|1|2056|2365	PF0298-C.g296	30.348	201	91	7	48	203	114	310	4.27e-12	69.3
PfGN01_140085000|DBLe|1|2056|2365	PT0226-Cx.g170	95.484	310	14	0	1	310	830	1139	0.0	616
PfGN01_140085000|DBLe|1|2056|2365	PT0226-Cx.g170	29.259	270	133	12	49	264	489	754	3.44e-17	84.3
PfGN01_140085000|DBLe|1|2056|2365	PT0226-Cx.g170	24.355	349	189	12	33	310	26	370	1.05e-14	77.0
PfGN01_140085000|DBLe|1|2056|2365	SenT143.09.g780	87.129	202	23	2	1	199	707	908	5.12e-116	361
PfGN01_140085000|DBLe|1|2056|2365	SenT143.09.g780	30.370	270	130	12	49	264	366	631	7.22e-19	89.4
PfGN01_140085000|DBLe|1|2056|2365	SenT143.09.g780	30.000	210	106	8	110	286	1	202	8.27e-11	65.1
PfGN01_140085000|ATS|1|2424|2864	PA0245-C.g391	84.199	443	61	4	1	441	2512	2947	0.0	720
PfGN01_140085000|ATS|1|2424|2864	PA0245-C.g998	81.264	459	67	5	1	441	1706	2163	0.0	715
PfGN01_140085000|ATS|1|2424|2864	PV0028-C.g50	81.878	458	64	6	1	441	2600	3055	0.0	712
PfGN01_140085000|ATS|1|2424|2864	PFKE11.g375	84.045	445	64	6	1	441	2449	2890	0.0	707
PfGN01_140085000|ATS|1|2424|2864	PFKE01.g19	82.000	450	61	8	1	441	1733	2171	0.0	704
PfGN01_140085400|NTS|1|1|71	PC0069-C.g351	100.000	71	0	0	1	71	1	71	3.24e-42	147
PfGN01_140085400|NTS|1|1|71	PM0133-C.g321	100.000	71	0	0	1	71	1	71	3.50e-42	147
PfGN01_140085400|NTS|1|1|71	PA0214-C.g991	98.592	71	1	0	1	71	1	71	1.53e-41	145
PfGN01_140085400|NTS|1|1|71	PF0609-C.g5346	98.592	71	1	0	1	71	1	71	5.11e-41	143
PfGN01_140085400|NTS|1|1|71	QE0429-C.g29	92.958	71	5	0	1	71	1	71	3.88e-39	138
PfGN01_140085400|DBLa|1|72|469	PA0172-C.g25	94.472	398	22	0	1	398	72	469	0.0	777
PfGN01_140085400|DBLa|1|72|469	PA0172-C.g25	28.460	383	207	13	8	369	1316	1652	2.56e-30	125
PfGN01_140085400|DBLa|1|72|469	PA0172-C.g25	33.333	303	133	11	55	328	1811	2073	2.40e-29	123
PfGN01_140085400|DBLa|1|72|469	PA0172-C.g25	29.392	296	162	12	58	328	837	1110	2.45e-26	114
PfGN01_140085400|DBLa|1|72|469	PA0172-C.g25	32.283	127	76	4	205	322	2640	2765	8.55e-08	57.0
PfGN01_140085400|DBLa|1|72|469	QG0252-C.g1474	94.472	398	22	0	1	398	72	469	0.0	776
PfGN01_140085400|DBLa|1|72|469	QG0252-C.g1474	30.612	294	147	10	45	317	1343	1600	5.56e-27	115
PfGN01_140085400|DBLa|1|72|469	QG0252-C.g1474	30.745	322	167	15	58	348	837	1133	1.18e-25	112
PfGN01_140085400|DBLa|1|72|469	QG0252-C.g1474	23.301	309	197	8	54	347	1747	2030	1.35e-12	72.0
PfGN01_140085400|DBLa|1|72|469	QG0252-C.g1474	23.333	210	117	5	171	338	2510	2717	1.84e-09	62.4
PfGN01_140085400|DBLa|1|72|469	PF0311-C.g603	92.211	398	31	0	1	398	72	469	0.0	771
PfGN01_140085400|DBLa|1|72|469	PF0311-C.g603	29.674	337	158	15	58	365	843	1129	4.15e-28	119
PfGN01_140085400|DBLa|1|72|469	PF0311-C.g603	23.735	257	152	8	117	333	2328	2580	8.95e-12	69.7
PfGN01_140085400|DBLa|1|72|469	PF0311-C.g603	24.528	318	182	13	49	338	1671	1958	2.01e-09	62.4
PfGN01_140085400|DBLa|1|72|469	PF0311-C.g603	25.630	238	146	9	35	257	1294	1515	2.20e-08	58.9
PfGN01_140085400|DBLa|1|72|469	PT0117-C.g1149	93.734	399	24	1	1	398	19	417	0.0	771
PfGN01_140085400|DBLa|1|72|469	PT0117-C.g1149	28.788	330	166	13	10	317	1248	1530	6.41e-29	121
PfGN01_140085400|DBLa|1|72|469	PT0117-C.g1149	26.910	301	148	12	58	328	784	1042	1.11e-20	97.1
PfGN01_140085400|DBLa|1|72|469	PT0117-C.g1149	23.693	287	166	9	51	319	1684	1935	1.51e-12	72.0
PfGN01_140085400|DBLa|1|72|469	PT0117-C.g1149	24.768	323	167	14	29	327	2032	2302	4.43e-11	67.4
PfGN01_140085400|DBLa|1|72|469	PT0117-C.g1149	23.794	311	175	11	133	398	2697	2990	2.86e-10	65.1
PfGN01_140085400|DBLa|1|72|469	PFKE07.g615	92.211	398	31	0	1	398	72	469	0.0	770
PfGN01_140085400|DBLa|1|72|469	PFKE07.g615	31.488	289	146	11	58	328	846	1100	8.33e-31	127
PfGN01_140085400|DBLa|1|72|469	PFKE07.g615	30.918	414	196	19	8	381	1288	1651	1.17e-29	124
PfGN01_140085400|DBLa|1|72|469	PFKE07.g615	24.803	254	149	6	114	328	2795	3045	4.34e-12	70.5
PfGN01_140085400|DBLa|1|72|469	PFKE07.g615	26.689	296	159	14	38	316	1721	1975	5.15e-11	67.4
PfGN01_140085400|DBLa|1|72|469	PFKE07.g615	23.344	317	186	12	54	347	2121	2403	6.15e-10	63.9
PfGN01_140085400|CIDRa|1|470|719	PF0784-C.g768	100.000	250	0	0	1	250	356	605	2.81e-173	516
PfGN01_140085400|CIDRa|1|470|719	PA0034-C.g138	100.000	250	0	0	1	250	190	439	7.95e-169	518
PfGN01_140085400|CIDRa|1|470|719	PA0046-C.g159	100.000	250	0	0	1	250	238	487	9.26e-169	518
PfGN01_140085400|CIDRa|1|470|719	PA0102-C.g226	100.000	250	0	0	1	250	479	728	3.38e-168	516
PfGN01_140085400|CIDRa|1|470|719	PC0069-C.g351	100.000	250	0	0	1	250	466	715	3.73e-167	514
PfGN01_140085400|DBLb|1|728|1230	PM0085-C.g245	94.892	509	19	3	1	503	291	798	0.0	946
PfGN01_140085400|DBLb|1|728|1230	PM0085-C.g245	25.971	412	214	14	109	503	853	1190	3.24e-25	112
PfGN01_140085400|DBLb|1|728|1230	PA0102-C.g226	86.680	503	64	1	1	503	737	1236	0.0	882
PfGN01_140085400|DBLb|1|728|1230	PA0102-C.g226	33.123	317	157	10	98	384	107	398	1.21e-37	150
PfGN01_140085400|DBLb|1|728|1230	PA0102-C.g226	28.180	401	208	13	116	503	1300	1633	5.48e-29	124
PfGN01_140085400|DBLb|1|728|1230	PA0102-C.g226	24.028	283	179	8	105	376	1679	1936	6.56e-12	70.9
PfGN01_140085400|DBLb|1|728|1230	PA0102-C.g226	26.690	281	149	14	121	383	2071	2312	2.56e-10	65.9
PfGN01_140085400|DBLb|1|728|1230	PM0093-C.g456	86.310	504	60	3	1	503	531	1026	0.0	867
PfGN01_140085400|DBLb|1|728|1230	PM0093-C.g456	25.708	424	239	14	105	503	1080	1452	1.34e-28	122
PfGN01_140085400|DBLb|1|728|1230	PM0093-C.g456	24.028	283	167	8	105	376	1498	1743	8.22e-12	70.5
PfGN01_140085400|DBLb|1|728|1230	PM0093-C.g456	33.071	127	60	6	211	322	1	117	7.54e-10	64.3
PfGN01_140085400|DBLb|1|728|1230	PH0148-CW.g86	82.609	506	84	3	1	503	726	1230	0.0	861
PfGN01_140085400|DBLb|1|728|1230	PH0148-CW.g86	40.421	522	217	18	1	503	1248	1694	1.02e-103	343
PfGN01_140085400|DBLb|1|728|1230	PH0148-CW.g86	26.754	456	256	19	13	427	14	432	2.11e-25	113
PfGN01_140085400|DBLb|1|728|1230	PC0069-C.g351	84.615	507	70	3	1	503	724	1226	0.0	854
PfGN01_140085400|DBLb|1|728|1230	PC0069-C.g351	39.197	523	221	14	1	503	2745	3190	7.09e-96	320
PfGN01_140085400|DBLb|1|728|1230	PC0069-C.g351	27.805	410	220	16	13	384	14	385	2.40e-32	134
PfGN01_140085400|DBLb|1|728|1230	PC0069-C.g351	25.850	294	170	15	105	383	3231	3491	1.63e-14	79.3
PfGN01_140085400|DBLb|1|728|1230	PC0069-C.g351	27.434	226	128	8	119	335	1287	1485	1.32e-12	73.2
PfGN01_140085400|DBLb|1|728|1230	PC0069-C.g351	27.149	221	113	10	121	321	1725	1917	6.47e-08	58.2
PfGN01_140085400|DBLb|2|1245|1704	PA0008-C.g1072	70.753	465	110	7	1	460	807	1250	0.0	655
PfGN01_140085400|DBLb|2|1245|1704	PA0008-C.g1072	29.348	276	145	7	126	367	132	391	1.13e-26	116
PfGN01_140085400|DBLb|2|1245|1704	PA0008-C.g1072	28.214	280	156	9	109	365	1317	1574	3.57e-20	96.3
PfGN01_140085400|DBLb|2|1245|1704	PF0041-C.g898	62.687	469	139	8	1	460	1271	1712	0.0	582
PfGN01_140085400|DBLb|2|1245|1704	PF0041-C.g898	41.487	511	231	14	1	460	733	1226	5.42e-108	353
PfGN01_140085400|DBLb|2|1245|1704	PF0041-C.g898	26.681	461	256	19	6	412	2	434	1.84e-24	109
PfGN01_140085400|DBLb|2|1245|1704	PM0108-C.g329	61.996	471	143	9	1	460	1228	1673	0.0	567
PfGN01_140085400|DBLb|2|1245|1704	PM0108-C.g329	44.071	506	210	16	1	460	732	1210	5.43e-114	371
PfGN01_140085400|DBLb|2|1245|1704	PM0108-C.g329	30.549	419	226	16	6	382	9	404	1.44e-29	125
PfGN01_140085400|DBLb|2|1245|1704	QG0246-C.g2832	61.242	467	157	10	1	460	1167	1616	1.67e-178	545
PfGN01_140085400|DBLb|2|1245|1704	QG0246-C.g2832	41.068	487	197	15	1	460	728	1151	2.40e-94	314
PfGN01_140085400|DBLb|2|1245|1704	QG0246-C.g2832	32.931	331	166	11	88	382	88	398	2.44e-29	124
PfGN01_140085400|DBLb|2|1245|1704	PA0185-C.g741	61.277	470	152	11	1	460	317	766	3.05e-178	547
PfGN01_140085400|DBLb|2|1245|1704	PA0185-C.g741	49.485	291	117	8	188	460	23	301	3.60e-79	270
PfGN01_140085400|DBLe|1|1717|2081	PM0015-C.g20	82.466	365	61	2	1	365	603	964	0.0	611
PfGN01_140085400|DBLe|1|1717|2081	PM0015-C.g20	27.545	334	173	14	23	316	218	522	3.95e-19	91.7
PfGN01_140085400|DBLe|1|1717|2081	PT0117-C.g849	79.730	370	68	2	1	365	965	1332	0.0	592
PfGN01_140085400|DBLe|1|1717|2081	PT0117-C.g849	28.155	309	176	12	17	291	549	845	2.60e-19	92.0
PfGN01_140085400|DBLe|1|1717|2081	PT0117-C.g849	25.843	267	148	10	70	291	87	348	3.08e-15	79.7
PfGN01_140085400|DBLe|1|1717|2081	PT0117-C.g849	23.569	297	155	11	72	302	1497	1787	5.97e-10	63.5
PfGN01_140085400|DBLe|1|1717|2081	PA0214-C.g40	76.757	370	80	2	1	365	1193	1561	0.0	579
PfGN01_140085400|DBLe|1|1717|2081	PA0214-C.g40	28.990	307	187	11	25	323	2653	2936	1.55e-23	104
PfGN01_140085400|DBLe|1|1717|2081	PA0214-C.g40	27.444	266	160	7	55	291	819	1080	5.89e-20	94.4
PfGN01_140085400|DBLe|1|1717|2081	PA0214-C.g40	25.625	320	200	10	22	309	2267	2580	5.11e-19	91.3
PfGN01_140085400|DBLe|1|1717|2081	PA0214-C.g40	29.208	202	113	6	74	249	127	324	9.99e-13	72.0
PfGN01_140085400|DBLe|1|1717|2081	PM0146-C.g596	74.133	375	87	3	1	365	1195	1569	0.0	564
PfGN01_140085400|DBLe|1|1717|2081	PM0146-C.g596	29.084	251	153	6	66	307	2710	2944	1.57e-22	102
PfGN01_140085400|DBLe|1|1717|2081	PM0146-C.g596	30.224	268	149	10	55	291	823	1083	2.95e-21	98.2
PfGN01_140085400|DBLe|1|1717|2081	PM0146-C.g596	27.530	247	148	9	70	291	2341	2581	4.73e-18	88.6
PfGN01_140085400|DBLe|1|1717|2081	PM0146-C.g596	26.295	251	139	6	72	277	125	374	3.56e-13	73.6
PfGN01_140085400|DBLe|1|1717|2081	PM0146-C.g596	23.874	222	121	8	127	304	1719	1936	2.02e-08	58.5
PfGN01_140085400|DBLe|1|1717|2081	QG0203-C.g711	68.241	381	104	6	1	365	1206	1585	2.21e-164	511
PfGN01_140085400|DBLe|1|1717|2081	QG0203-C.g711	30.827	266	156	8	66	323	2715	2960	5.90e-24	106
PfGN01_140085400|DBLe|1|1717|2081	QG0203-C.g711	28.571	301	179	10	22	291	2292	2587	3.86e-22	100
PfGN01_140085400|DBLe|1|1717|2081	QG0203-C.g711	27.957	279	153	10	55	291	821	1093	3.80e-17	85.9
PfGN01_140085400|DBLe|1|1717|2081	QG0203-C.g711	29.839	248	126	11	74	277	126	369	1.50e-15	80.9
PfGN01_140085400|DBLd|1|2241|2745	PA0049-C.g14	65.820	512	142	9	1	505	90	575	0.0	634
PfGN01_140085400|DBLd|1|2241|2745	PA0149-C.g414	57.640	517	167	14	1	505	2519	2995	1.38e-168	530
PfGN01_140085400|DBLd|1|2241|2745	PA0149-C.g414	30.027	373	147	10	63	435	1683	1941	4.01e-38	152
PfGN01_140085400|DBLd|1|2241|2745	PA0149-C.g414	29.286	420	167	16	39	450	2033	2330	1.35e-35	144
PfGN01_140085400|DBLd|1|2241|2745	PA0149-C.g414	26.667	180	118	5	336	505	292	467	1.32e-11	70.1
PfGN01_140085400|DBLd|1|2241|2745	PM0103-C.g915	50.357	560	207	18	1	505	267	810	6.01e-154	471
PfGN01_140085400|DBLd|1|2241|2745	PM0103-C.g915	22.764	246	105	6	182	427	1	161	1.80e-10	66.2
PfGN01_140085400|DBLd|1|2241|2745	PC0059-C.g186	52.996	534	187	14	1	505	878	1376	3.79e-153	479
PfGN01_140085400|DBLd|1|2241|2745	PA0246-C.g457	47.826	552	231	14	1	505	85	626	6.01e-145	443
PfGN01_140085400|CIDRb|1|2746|3003	PT0066-C.g145	86.694	248	27	3	1	247	2627	2869	9.39e-138	430
PfGN01_140085400|CIDRb|1|2746|3003	PA0102-C.g189	86.694	248	27	3	1	247	2239	2481	1.18e-137	429
PfGN01_140085400|CIDRb|1|2746|3003	PM0152-C.g684	78.629	248	50	3	1	247	1367	1612	6.93e-125	391
PfGN01_140085400|CIDRb|1|2746|3003	PT0106-C.g816	77.823	248	52	3	1	247	1389	1634	1.00e-122	385
PfGN01_140085400|CIDRb|1|2746|3003	PT0106-C.g816	30.935	139	85	4	77	204	629	767	3.54e-09	59.3
PfGN01_140085400|CIDRb|1|2746|3003	PM0077-C.g4041	74.419	258	63	3	1	257	1349	1604	4.08e-122	384
PfGN01_140085400|ATS|1|3141|3570	PFKE12.g2	85.388	438	48	5	1	430	2688	3117	0.0	750
PfGN01_140085400|ATS|1|3141|3570	PFKE12.g497	85.023	434	54	4	1	430	2528	2954	0.0	735
PfGN01_140085400|ATS|1|3141|3570	PFKE11.g264	81.319	455	54	6	1	430	2779	3227	0.0	726
PfGN01_140085400|ATS|1|3141|3570	PA0074-C.g611	83.871	434	55	6	1	430	2810	3232	0.0	724
PfGN01_140085400|ATS|1|3141|3570	PT0218-Cx.g21	84.127	441	55	4	1	430	2374	2810	0.0	722
PfGN01_140085600|NTS|1|1|69	PA0151-C.g284	75.714	70	13	3	1	69	1	67	5.19e-24	95.1
PfGN01_140085600|NTS|1|1|69	PM0060-C.g771	77.419	62	13	1	8	69	5	65	9.14e-23	91.7
PfGN01_140085600|NTS|1|1|69	PM0159-C.g740	77.419	62	13	1	8	69	5	65	9.44e-23	91.7
PfGN01_140085600|NTS|1|1|69	SenT128.08.g133	73.134	67	16	2	4	69	2	67	1.13e-22	91.3
PfGN01_140085600|NTS|1|1|69	PV0287-C.g55	69.565	69	14	2	1	69	1	62	1.46e-22	90.9
PfGN01_140085600|DBLa|1|70|490	PFKE11.g10	88.532	436	33	5	1	421	76	509	0.0	769
PfGN01_140085600|DBLa|1|70|490	PFKE11.g10	26.588	425	225	17	1	395	897	1264	1.32e-27	118
PfGN01_140085600|DBLa|1|70|490	PFKE11.g10	30.612	196	103	7	228	421	1794	1958	9.63e-14	75.9
PfGN01_140085600|DBLa|1|70|490	PA0051-C.g278	75.917	436	83	9	1	421	66	494	0.0	637
PfGN01_140085600|DBLa|1|70|490	PA0051-C.g278	25.105	239	116	7	143	322	1090	1324	1.98e-10	65.5
PfGN01_140085600|DBLa|1|70|490	PA0045-C.g554	75.917	436	83	9	1	421	66	494	0.0	637
PfGN01_140085600|DBLa|1|70|490	PA0045-C.g554	25.105	239	116	7	143	322	1090	1324	1.98e-10	65.5
PfGN01_140085600|DBLa|1|70|490	PA0100-C.g541	68.151	449	113	9	1	421	59	505	0.0	582
PfGN01_140085600|DBLa|1|70|490	PA0100-C.g541	27.907	258	132	8	134	358	1052	1288	5.16e-15	79.7
PfGN01_140085600|DBLa|1|70|490	PA0074-C.g530	68.151	449	113	9	1	421	59	505	0.0	582
PfGN01_140085600|DBLa|1|70|490	PA0074-C.g530	27.907	258	132	8	134	358	1052	1288	5.90e-15	79.7
PfGN01_140085600|CIDRa|1|491|748	QG0208-C.g721	73.828	256	61	4	1	251	521	775	2.71e-118	373
PfGN01_140085600|CIDRa|1|491|748	PM0041-C.g1414	62.376	303	65	7	1	257	482	781	2.31e-110	350
PfGN01_140085600|CIDRa|1|491|748	PA0032-C.g495	62.000	300	68	6	1	257	506	802	1.03e-108	346
PfGN01_140085600|CIDRa|1|491|748	PD0461-C.g355	68.077	260	77	4	1	258	488	743	2.02e-108	345
PfGN01_140085600|CIDRa|1|491|748	QE0433-C.g521	68.077	260	77	4	1	258	488	743	2.16e-108	345
PfGN01_140085600|DBLd|1|831|1345	PA0075-C.g556	49.823	566	218	17	1	515	819	1369	2.05e-153	481
PfGN01_140085600|DBLd|1|831|1345	PA0075-C.g556	31.731	104	67	2	346	449	306	405	2.87e-09	62.4
PfGN01_140085600|DBLd|1|831|1345	PV0115-C.g41	50.092	541	217	15	1	515	814	1327	6.69e-149	468
PfGN01_140085600|DBLd|1|831|1345	PV0115-C.g41	24.390	246	151	6	203	446	178	390	1.61e-09	63.2
PfGN01_140085600|DBLd|1|831|1345	PV0082-C.g72	50.092	541	217	15	1	515	814	1327	6.69e-149	468
PfGN01_140085600|DBLd|1|831|1345	PV0082-C.g72	24.390	246	151	6	203	446	178	390	1.61e-09	63.2
PfGN01_140085600|DBLd|1|831|1345	PH0546-C.g564	50.092	541	217	15	1	515	814	1327	6.69e-149	468
PfGN01_140085600|DBLd|1|831|1345	PH0546-C.g564	24.390	246	151	6	203	446	178	390	1.61e-09	63.2
PfGN01_140085600|DBLd|1|831|1345	PF0393-CW.g387	49.636	550	204	15	13	515	159	682	3.84e-148	453
PfGN01_140085600|CIDRb|1|1346|1596	PT0106-C.g815	93.443	244	16	0	1	244	1385	1628	2.18e-142	439
PfGN01_140085600|CIDRb|1|1346|1596	PM0004-C.g407	91.393	244	20	1	1	244	1386	1628	1.01e-137	427
PfGN01_140085600|CIDRb|1|1346|1596	PFKE07.g424	80.159	252	47	3	1	251	2240	2489	1.27e-125	395
PfGN01_140085600|CIDRb|1|1346|1596	PFKE07.g260	80.159	252	47	3	1	251	1376	1625	2.46e-125	392
PfGN01_140085600|CIDRb|1|1346|1596	PM0084-C.g246	80.556	252	46	3	1	251	2646	2895	5.92e-117	370
PfGN01_140085600|ATS|1|1700|2133	PC0113-C.g949	72.429	457	89	6	1	434	1702	2144	0.0	618
PfGN01_140085600|ATS|1|1700|2133	PV0239-C.g23	74.118	425	87	7	1	419	2402	2809	0.0	596
PfGN01_140085600|ATS|1|1700|2133	PA0261-C.g233	70.153	459	96	7	1	434	2130	2572	0.0	595
PfGN01_140085600|ATS|1|1700|2133	PD0582-C.g778	69.002	471	97	8	1	434	1669	2127	0.0	595
PfGN01_140085600|ATS|1|1700|2133	PFKE12.g291	77.150	407	76	5	1	390	1061	1467	0.0	592
PfGN01_000022100|NTS|1|1|69	PA0104-C.g520	97.059	68	2	0	2	69	3	70	5.71e-40	140
PfGN01_000022100|NTS|1|1|69	PF0119-C.g726	89.552	67	7	0	3	69	4	70	4.06e-32	118
PfGN01_000022100|NTS|1|1|69	SenT092.08.g1135	78.462	65	14	0	5	69	9	73	1.13e-26	102
PfGN01_000022100|NTS|1|1|69	PM0117-C.g719	80.882	68	13	0	2	69	4	71	5.24e-26	100
PfGN01_000022100|NTS|1|1|69	PT0222-C.g271	78.788	66	14	0	4	69	6	71	7.94e-25	97.4
PfGN01_000022100|DBLa|1|70|481	PC0097-C.g1245	95.874	412	13	1	1	412	61	468	0.0	825
PfGN01_000022100|DBLa|1|70|481	PC0097-C.g1245	33.511	188	110	5	229	412	1165	1341	2.26e-21	99.4
PfGN01_000022100|DBLa|1|70|481	PT0063-C.g605	80.097	412	75	1	1	412	71	475	0.0	681
PfGN01_000022100|DBLa|1|70|481	PT0063-C.g605	33.333	189	104	9	231	412	1095	1268	1.16e-15	81.6
PfGN01_000022100|DBLa|1|70|481	QE0419-C.g732	77.273	418	79	4	1	412	69	476	0.0	656
PfGN01_000022100|DBLa|1|70|481	QE0419-C.g732	33.155	187	112	6	229	412	1166	1342	1.50e-15	81.6
PfGN01_000022100|DBLa|1|70|481	PA0197-C.g809	74.109	421	91	6	1	412	66	477	0.0	627
PfGN01_000022100|DBLa|1|70|481	PA0197-C.g809	27.758	281	160	10	150	412	1056	1311	1.42e-14	78.6
PfGN01_000022100|DBLa|1|70|481	QG0236-C.g3149	74.232	423	92	8	1	412	70	486	0.0	620
PfGN01_000022100|DBLa|1|70|481	QG0236-C.g3149	30.387	181	111	6	237	412	1173	1343	1.49e-13	75.1
PfGN01_000022100|CIDRa|1|482|734	PC0097-C.g1245	93.281	253	16	1	1	253	469	720	1.12e-151	468
PfGN01_000022100|CIDRa|1|482|734	QE0419-C.g732	85.375	253	36	1	1	253	477	728	9.25e-144	442
PfGN01_000022100|CIDRa|1|482|734	QE0419-C.g732	25.789	190	110	6	87	252	1423	1605	2.52e-09	59.7
PfGN01_000022100|CIDRa|1|482|734	PA0030-C.g1540	79.051	253	52	1	1	253	493	744	2.54e-129	402
PfGN01_000022100|CIDRa|1|482|734	PA0030-C.g1540	27.119	177	111	5	86	252	1458	1626	1.35e-07	54.7
PfGN01_000022100|CIDRa|1|482|734	QG0275-C.g810	78.656	253	54	0	1	253	482	734	2.70e-127	397
PfGN01_000022100|CIDRa|1|482|734	PC0069-C.g337	73.518	253	67	0	1	253	474	726	8.35e-124	388
PfGN01_000022100|DBLd|1|823|1309	PT0109-C.g836	57.671	541	157	17	1	487	811	1333	0.0	558
PfGN01_000022100|DBLd|1|823|1309	PT0109-C.g836	34.066	182	111	4	313	487	302	481	1.79e-18	91.7
PfGN01_000022100|DBLd|1|823|1309	PC0051-C.g485	53.953	506	186	19	1	487	348	825	7.80e-153	468
PfGN01_000022100|DBLd|1|823|1309	PD0519-C.g792	49.904	523	211	13	1	487	356	863	9.29e-153	462
PfGN01_000022100|DBLd|1|823|1309	PH0367-C.g17	51.685	534	182	16	1	487	297	801	9.92e-153	468
PfGN01_000022100|DBLd|1|823|1309	QG0292-C.g2271	52.126	541	169	16	1	487	883	1387	1.89e-152	477
PfGN01_000022100|DBLd|1|823|1309	QG0292-C.g2271	24.462	372	202	11	159	487	169	504	4.36e-18	90.1
PfGN01_000022100|CIDRg|1|1310|1568	PT0098-C.g9	77.444	266	50	5	1	259	863	1125	7.41e-133	406
PfGN01_000022100|CIDRg|1|1310|1568	SenT066.08.g554	77.444	266	50	5	1	259	1367	1629	1.77e-130	407
PfGN01_000022100|CIDRg|1|1310|1568	SenT066.08.g554	28.934	197	116	7	78	258	579	767	1.45e-07	54.7
PfGN01_000022100|CIDRg|1|1310|1568	PA0160-C.g2201	77.068	266	51	5	1	259	1340	1602	2.85e-130	406
PfGN01_000022100|CIDRg|1|1310|1568	PA0040-C.g364	77.444	266	50	5	1	259	1842	2104	7.48e-130	407
PfGN01_000022100|CIDRg|1|1310|1568	PT0230-Cx.g626	77.068	266	51	5	1	259	1349	1611	8.59e-130	405
PfGN01_000022100|ATS|1|1683|2174	PV0211-C.g122	77.976	504	83	6	1	492	891	1378	0.0	743
PfGN01_000022100|ATS|1|1683|2174	QE0436-C.g670	77.395	522	74	9	2	492	1708	2216	0.0	720
PfGN01_000022100|ATS|1|1683|2174	PA0245-C.g998	75.709	494	82	5	1	492	1706	2163	0.0	718
PfGN01_000022100|ATS|1|1683|2174	PV0028-C.g50	76.471	493	74	6	4	492	2601	3055	0.0	705
PfGN01_000022100|ATS|1|1683|2174	PT0170-C.g672	74.545	495	86	5	1	492	1768	2225	0.0	699
PfGN01_000022200|NTS|1|1|74	QG0228-C.g2391	100.000	74	0	0	1	74	1	74	1.11e-40	142
PfGN01_000022200|NTS|1|1|74	PFKE10.g363	100.000	74	0	0	1	74	1	74	2.61e-40	141
PfGN01_000022200|NTS|1|1|74	PD0545-C.g191	83.784	74	12	0	1	74	1	74	7.66e-35	126
PfGN01_000022200|NTS|1|1|74	PD0569-C.g128	83.784	74	12	0	1	74	1	74	1.08e-34	125
PfGN01_000022200|NTS|1|1|74	PH0474-CW.g46	82.432	74	13	0	1	74	1	74	5.39e-34	124
PfGN01_000022200|DBLa|1|75|468	QG0228-C.g2391	100.000	394	0	0	1	394	75	468	0.0	821
PfGN01_000022200|DBLa|1|75|468	QG0228-C.g2391	28.280	343	181	10	54	367	2074	2380	9.63e-27	115
PfGN01_000022200|DBLa|1|75|468	QG0228-C.g2391	26.617	402	221	14	32	394	1283	1649	3.28e-20	95.5
PfGN01_000022200|DBLa|1|75|468	QG0228-C.g2391	24.282	383	238	17	9	370	2424	2775	4.84e-14	76.6
PfGN01_000022200|DBLa|1|75|468	QG0228-C.g2391	25.430	291	162	12	51	317	930	1189	9.44e-09	60.1
PfGN01_000022200|DBLa|1|75|468	PFKE10.g363	100.000	394	0	0	1	394	75	468	0.0	821
PfGN01_000022200|DBLa|1|75|468	PFKE10.g363	35.354	297	138	11	6	269	947	1222	1.91e-35	140
PfGN01_000022200|DBLa|1|75|468	PFKE10.g363	25.393	382	218	14	1	356	1347	1687	5.72e-17	85.5
PfGN01_000022200|DBLa|1|75|468	PFKE10.g363	23.003	313	185	11	51	343	1788	2064	3.45e-07	55.1
PfGN01_000022200|DBLa|1|75|468	PT0181-C.g1684	80.000	395	78	1	1	394	75	469	0.0	641
PfGN01_000022200|DBLa|1|75|468	PT0181-C.g1684	30.220	364	188	15	19	356	820	1143	1.60e-29	123
PfGN01_000022200|DBLa|1|75|468	PT0181-C.g1684	27.309	249	138	9	112	321	2240	2484	5.14e-13	73.6
PfGN01_000022200|DBLa|1|75|468	PT0181-C.g1684	25.725	276	153	10	54	314	1600	1838	3.22e-11	67.8
PfGN01_000022200|DBLa|1|75|468	PT0158-C.g957	79.146	398	78	5	1	394	75	471	0.0	615
PfGN01_000022200|DBLa|1|75|468	PT0158-C.g957	27.020	396	222	12	1	367	2060	2417	4.61e-30	125
PfGN01_000022200|DBLa|1|75|468	PT0158-C.g957	30.743	296	169	10	110	394	1437	1707	6.25e-24	106
PfGN01_000022200|DBLa|1|75|468	PT0158-C.g957	25.291	344	194	14	3	322	936	1240	1.52e-13	75.1
PfGN01_000022200|DBLa|1|75|468	PT0158-C.g957	20.253	316	201	8	41	344	2497	2773	1.61e-10	65.5
PfGN01_000022200|DBLa|1|75|468	PT0034-C.g229	77.975	395	84	3	1	394	75	467	0.0	612
PfGN01_000022200|DBLa|1|75|468	PT0034-C.g229	29.825	399	202	16	1	367	1973	2325	3.63e-32	131
PfGN01_000022200|DBLa|1|75|468	PT0034-C.g229	26.519	362	197	12	47	361	1251	1590	1.84e-18	90.1
PfGN01_000022200|DBLa|1|75|468	PT0034-C.g229	24.242	297	169	10	45	317	879	1143	1.48e-13	75.1
PfGN01_000022200|CIDRa|1|469|720	PFKE10.g363	100.000	252	0	0	1	252	469	720	5.45e-170	520
PfGN01_000022200|CIDRa|1|469|720	QG0276-C.g397	90.873	252	23	0	1	252	468	719	4.17e-155	475
PfGN01_000022200|CIDRa|1|469|720	QG0228-C.g2391	90.873	252	23	0	1	252	469	720	4.00e-154	476
PfGN01_000022200|CIDRa|1|469|720	QG0228-C.g2391	28.235	255	167	10	4	250	1653	1899	4.94e-10	62.0
PfGN01_000022200|CIDRa|1|469|720	PF0507-C.g491	80.556	252	49	0	1	252	471	722	3.25e-137	427
PfGN01_000022200|CIDRa|1|469|720	PT0189-Cx.g878	80.159	252	50	0	1	252	459	710	3.50e-134	419
PfGN01_000022200|CIDRa|1|469|720	PT0189-Cx.g878	24.623	199	143	5	55	250	2026	2220	2.19e-07	53.9
PfGN01_000022200|DBLb|1|887|1350	PF0190-C.g537	63.732	477	138	7	1	464	2531	2985	0.0	588
PfGN01_000022200|DBLb|1|887|1350	PF0190-C.g537	49.695	491	205	12	1	464	470	945	7.57e-131	420
PfGN01_000022200|DBLb|1|887|1350	PF0190-C.g537	26.895	409	234	15	94	464	972	1353	3.61e-24	108
PfGN01_000022200|DBLb|1|887|1350	PF0190-C.g537	29.534	193	98	6	196	368	1585	1759	4.53e-11	68.2
PfGN01_000022200|DBLb|1|887|1350	PF0190-C.g537	27.698	278	155	11	196	460	3104	3348	2.26e-10	65.9
PfGN01_000022200|DBLb|1|887|1350	PA0229-C.g64	63.291	474	144	7	1	464	2270	2723	0.0	581
PfGN01_000022200|DBLb|1|887|1350	PA0229-C.g64	42.369	498	224	13	1	464	732	1200	1.29e-106	350
PfGN01_000022200|DBLb|1|887|1350	PA0229-C.g64	27.750	400	227	13	20	375	1	382	2.98e-27	118
PfGN01_000022200|DBLb|1|887|1350	PA0229-C.g64	27.170	265	134	11	127	362	2773	3007	1.10e-11	70.1
PfGN01_000022200|DBLb|1|887|1350	PA0229-C.g64	22.472	267	162	7	130	375	1267	1509	4.64e-07	55.1
PfGN01_000022200|DBLb|1|887|1350	PA0134-C.g24	63.579	475	138	9	1	464	2298	2748	0.0	580
PfGN01_000022200|DBLb|1|887|1350	PA0134-C.g24	40.637	502	220	16	1	464	737	1198	3.79e-93	311
PfGN01_000022200|DBLb|1|887|1350	PA0134-C.g24	28.141	398	219	14	16	375	14	382	1.87e-30	127
PfGN01_000022200|DBLb|1|887|1350	PA0134-C.g24	28.718	195	101	4	196	368	1342	1520	2.26e-13	75.5
PfGN01_000022200|DBLb|1|887|1350	PA0134-C.g24	27.273	275	138	11	131	374	2804	3047	3.02e-13	75.1
PfGN01_000022200|DBLb|1|887|1350	QE0404-C.g621	63.080	474	143	7	1	464	2285	2736	0.0	579
PfGN01_000022200|DBLb|1|887|1350	QE0404-C.g621	43.275	513	204	15	1	464	731	1205	5.99e-100	330
PfGN01_000022200|DBLb|1|887|1350	QE0404-C.g621	31.503	346	196	9	131	464	2792	3108	4.28e-38	150
PfGN01_000022200|DBLb|1|887|1350	QE0404-C.g621	32.581	310	159	10	100	375	88	381	7.18e-32	132
PfGN01_000022200|DBLb|1|887|1350	QE0404-C.g621	25.604	207	107	9	196	377	1338	1522	6.47e-07	54.7
PfGN01_000022200|DBLb|1|887|1350	QE0476-C.g90	63.080	474	143	7	1	464	2285	2736	0.0	579
PfGN01_000022200|DBLb|1|887|1350	QE0476-C.g90	43.275	513	204	15	1	464	731	1205	9.10e-100	330
PfGN01_000022200|DBLb|1|887|1350	QE0476-C.g90	31.503	346	196	9	131	464	2792	3108	4.81e-38	150
PfGN01_000022200|DBLb|1|887|1350	QE0476-C.g90	31.471	340	182	11	100	404	88	411	7.09e-32	132
PfGN01_000022200|DBLb|1|887|1350	QE0476-C.g90	25.604	207	107	9	196	377	1338	1522	6.56e-07	54.7
PfGN01_000022200|DBLg|1|1378|1770	PD0464-C.g587	68.593	398	112	6	1	393	1021	1410	0.0	548
PfGN01_000022200|DBLg|1|1378|1770	PD0464-C.g587	27.273	418	233	17	1	393	625	996	2.07e-33	134
PfGN01_000022200|DBLg|1|1378|1770	PD0464-C.g587	28.125	416	224	14	29	393	152	543	3.66e-33	134
PfGN01_000022200|DBLg|1|1378|1770	PT0215-Cx.g978	69.307	404	106	10	1	393	394	790	1.15e-179	534
PfGN01_000022200|DBLg|1|1378|1770	PT0215-Cx.g978	41.325	317	151	10	1	305	810	1103	2.81e-63	221
PfGN01_000022200|DBLg|1|1378|1770	PT0215-Cx.g978	28.079	406	207	15	27	393	19	378	1.31e-32	132
PfGN01_000022200|DBLg|1|1378|1770	PD0530-C.g400	68.593	398	112	6	1	393	1210	1599	1.30e-176	546
PfGN01_000022200|DBLg|1|1378|1770	PD0530-C.g400	35.569	343	163	11	23	321	1768	2096	8.05e-52	188
PfGN01_000022200|DBLg|1|1378|1770	PD0530-C.g400	27.456	397	217	14	29	393	828	1185	4.65e-36	142
PfGN01_000022200|DBLg|1|1378|1770	PD0530-C.g400	24.742	291	163	11	41	305	124	384	8.93e-15	79.0
PfGN01_000022200|DBLg|1|1378|1770	PD0460-C.g1684	68.593	398	112	6	1	393	1697	2086	2.23e-176	547
PfGN01_000022200|DBLg|1|1378|1770	PD0460-C.g1684	30.045	446	220	16	23	393	2255	2683	7.73e-44	165
PfGN01_000022200|DBLg|1|1378|1770	PD0460-C.g1684	27.273	418	233	17	1	393	1301	1672	2.76e-33	134
PfGN01_000022200|DBLg|1|1378|1770	PD0460-C.g1684	28.125	416	224	14	29	393	828	1219	6.43e-33	133
PfGN01_000022200|DBLg|1|1378|1770	PD0460-C.g1684	25.850	294	156	12	41	305	124	384	2.67e-13	74.3
PfGN01_000022200|DBLg|1|1378|1770	PD0487-C.g293	68.593	398	112	6	1	393	1697	2086	2.25e-176	547
PfGN01_000022200|DBLg|1|1378|1770	PD0487-C.g293	30.045	446	220	16	23	393	2255	2683	7.95e-44	165
PfGN01_000022200|DBLg|1|1378|1770	PD0487-C.g293	27.273	418	233	17	1	393	1301	1672	2.64e-33	134
PfGN01_000022200|DBLg|1|1378|1770	PD0487-C.g293	28.125	416	224	14	29	393	828	1219	6.37e-33	133
PfGN01_000022200|DBLg|1|1378|1770	PD0487-C.g293	25.850	294	156	12	41	305	124	384	2.74e-13	74.3
PfGN01_000022200|DBLg|2|1787|2145	QG0194-C.g1187	68.320	363	108	5	1	359	1264	1623	5.29e-159	494
PfGN01_000022200|DBLg|2|1787|2145	QG0194-C.g1187	26.203	374	167	7	36	300	1776	2149	7.98e-29	120
PfGN01_000022200|DBLg|2|1787|2145	QG0194-C.g1187	26.298	289	167	12	34	297	831	1098	9.90e-16	81.3
PfGN01_000022200|DBLg|2|1787|2145	QG0194-C.g1187	22.878	271	149	7	104	321	160	423	3.12e-09	61.2
PfGN01_000022200|DBLg|2|1787|2145	PA0167-C.g62	70.166	362	100	6	1	359	2746	3102	1.64e-154	483
PfGN01_000022200|DBLg|2|1787|2145	PA0167-C.g62	42.627	373	186	9	1	359	1242	1600	2.33e-86	287
PfGN01_000022200|DBLg|2|1787|2145	PA0167-C.g62	30.198	404	216	14	1	353	1605	1993	2.30e-39	151
PfGN01_000022200|DBLg|2|1787|2145	PA0167-C.g62	24.188	277	161	11	34	289	821	1069	3.97e-13	73.2
PfGN01_000022200|DBLg|2|1787|2145	PA0167-C.g62	24.675	231	147	5	116	321	186	414	4.63e-13	73.2
PfGN01_000022200|DBLg|2|1787|2145	PA0167-C.g62	25.418	299	171	9	34	311	2389	2656	1.54e-12	71.6
PfGN01_000022200|DBLg|2|1787|2145	PH0279-C.g23	71.930	342	88	6	19	359	2820	3154	1.31e-150	471
PfGN01_000022200|DBLg|2|1787|2145	PH0279-C.g23	36.628	344	180	12	1	319	1228	1558	3.83e-52	188
PfGN01_000022200|DBLg|2|1787|2145	PH0279-C.g23	31.592	402	198	12	1	336	1624	2014	8.66e-40	152
PfGN01_000022200|DBLg|2|1787|2145	PH0279-C.g23	25.078	319	180	10	34	320	2444	2735	7.28e-15	78.6
PfGN01_000022200|DBLg|2|1787|2145	PH0279-C.g23	25.000	300	176	13	34	315	851	1119	8.72e-15	78.6
PfGN01_000022200|DBLg|2|1787|2145	PH0279-C.g23	22.426	272	172	7	49	296	123	379	6.79e-08	57.0
PfGN01_000022200|DBLg|2|1787|2145	QE0437-C.g230	71.930	342	88	6	19	359	2814	3148	1.37e-150	471
PfGN01_000022200|DBLg|2|1787|2145	QE0437-C.g230	36.628	344	180	12	1	319	1222	1552	4.05e-52	188
PfGN01_000022200|DBLg|2|1787|2145	QE0437-C.g230	31.592	402	198	12	1	336	1618	2008	9.26e-40	152
PfGN01_000022200|DBLg|2|1787|2145	QE0437-C.g230	25.078	319	180	10	34	320	2438	2729	8.33e-15	78.6
PfGN01_000022200|DBLg|2|1787|2145	QE0437-C.g230	25.000	300	176	13	34	315	845	1113	1.23e-14	77.8
PfGN01_000022200|DBLg|2|1787|2145	QE0437-C.g230	22.426	272	172	7	49	296	123	379	6.85e-08	57.0
PfGN01_000022200|DBLg|2|1787|2145	PC0077-C.g385	70.175	342	94	6	19	359	2731	3065	4.53e-147	461
PfGN01_000022200|DBLg|2|1787|2145	PC0077-C.g385	46.429	364	170	9	1	359	1203	1546	2.38e-79	267
PfGN01_000022200|DBLg|2|1787|2145	PC0077-C.g385	30.548	383	187	11	1	321	1551	1916	1.61e-40	154
PfGN01_000022200|DBLg|2|1787|2145	PC0077-C.g385	26.032	315	176	11	34	320	2361	2646	4.25e-17	85.5
PfGN01_000022200|DBLg|2|1787|2145	PC0077-C.g385	24.528	318	188	11	34	327	837	1126	9.86e-13	72.0
PfGN01_000022200|DBLg|2|1787|2145	PC0077-C.g385	24.354	271	167	7	49	296	124	379	1.26e-10	65.5
PfGN01_000022200|ATS|1|2326|2770	PfKE02.g7	95.955	445	18	0	1	445	2941	3385	0.0	877
PfGN01_000022200|ATS|1|2326|2770	PF0145-C.g277	88.565	446	44	3	1	445	3288	3727	0.0	774
PfGN01_000022200|ATS|1|2326|2770	PC0104-C.g47	85.969	449	58	3	1	445	3045	3492	0.0	773
PfGN01_000022200|ATS|1|2326|2770	PF0122-C.g545	87.191	445	50	1	1	445	3291	3728	0.0	764
PfGN01_000022200|ATS|1|2326|2770	PT0256-C.g286	84.152	448	67	2	1	445	2267	2713	0.0	747
PfGN01_000023000|NTS|1|1|74	QG0228-C.g2391	100.000	74	0	0	1	74	1	74	1.11e-40	142
PfGN01_000023000|NTS|1|1|74	PFKE10.g363	100.000	74	0	0	1	74	1	74	2.61e-40	141
PfGN01_000023000|NTS|1|1|74	PD0545-C.g191	83.784	74	12	0	1	74	1	74	7.66e-35	126
PfGN01_000023000|NTS|1|1|74	PD0569-C.g128	83.784	74	12	0	1	74	1	74	1.08e-34	125
PfGN01_000023000|NTS|1|1|74	PH0474-CW.g46	82.432	74	13	0	1	74	1	74	5.39e-34	124
PfGN01_000023000|DBLa|1|75|468	QG0228-C.g2391	100.000	394	0	0	1	394	75	468	0.0	821
PfGN01_000023000|DBLa|1|75|468	QG0228-C.g2391	28.280	343	181	10	54	367	2074	2380	9.63e-27	115
PfGN01_000023000|DBLa|1|75|468	QG0228-C.g2391	26.617	402	221	14	32	394	1283	1649	3.28e-20	95.5
PfGN01_000023000|DBLa|1|75|468	QG0228-C.g2391	24.282	383	238	17	9	370	2424	2775	4.84e-14	76.6
PfGN01_000023000|DBLa|1|75|468	QG0228-C.g2391	25.430	291	162	12	51	317	930	1189	9.44e-09	60.1
PfGN01_000023000|DBLa|1|75|468	PFKE10.g363	100.000	394	0	0	1	394	75	468	0.0	821
PfGN01_000023000|DBLa|1|75|468	PFKE10.g363	35.354	297	138	11	6	269	947	1222	1.91e-35	140
PfGN01_000023000|DBLa|1|75|468	PFKE10.g363	25.393	382	218	14	1	356	1347	1687	5.72e-17	85.5
PfGN01_000023000|DBLa|1|75|468	PFKE10.g363	23.003	313	185	11	51	343	1788	2064	3.45e-07	55.1
PfGN01_000023000|DBLa|1|75|468	PT0181-C.g1684	80.000	395	78	1	1	394	75	469	0.0	641
PfGN01_000023000|DBLa|1|75|468	PT0181-C.g1684	30.220	364	188	15	19	356	820	1143	1.60e-29	123
PfGN01_000023000|DBLa|1|75|468	PT0181-C.g1684	27.309	249	138	9	112	321	2240	2484	5.14e-13	73.6
PfGN01_000023000|DBLa|1|75|468	PT0181-C.g1684	25.725	276	153	10	54	314	1600	1838	3.22e-11	67.8
PfGN01_000023000|DBLa|1|75|468	PT0158-C.g957	79.146	398	78	5	1	394	75	471	0.0	615
PfGN01_000023000|DBLa|1|75|468	PT0158-C.g957	27.020	396	222	12	1	367	2060	2417	4.61e-30	125
PfGN01_000023000|DBLa|1|75|468	PT0158-C.g957	30.743	296	169	10	110	394	1437	1707	6.25e-24	106
PfGN01_000023000|DBLa|1|75|468	PT0158-C.g957	25.291	344	194	14	3	322	936	1240	1.52e-13	75.1
PfGN01_000023000|DBLa|1|75|468	PT0158-C.g957	20.253	316	201	8	41	344	2497	2773	1.61e-10	65.5
PfGN01_000023000|DBLa|1|75|468	PT0034-C.g229	77.975	395	84	3	1	394	75	467	0.0	612
PfGN01_000023000|DBLa|1|75|468	PT0034-C.g229	29.825	399	202	16	1	367	1973	2325	3.63e-32	131
PfGN01_000023000|DBLa|1|75|468	PT0034-C.g229	26.519	362	197	12	47	361	1251	1590	1.84e-18	90.1
PfGN01_000023000|DBLa|1|75|468	PT0034-C.g229	24.242	297	169	10	45	317	879	1143	1.48e-13	75.1
PfGN01_000023000|CIDRa|1|469|720	PFKE10.g363	100.000	252	0	0	1	252	469	720	5.45e-170	520
PfGN01_000023000|CIDRa|1|469|720	QG0276-C.g397	90.873	252	23	0	1	252	468	719	4.17e-155	475
PfGN01_000023000|CIDRa|1|469|720	QG0228-C.g2391	90.873	252	23	0	1	252	469	720	4.00e-154	476
PfGN01_000023000|CIDRa|1|469|720	QG0228-C.g2391	28.235	255	167	10	4	250	1653	1899	4.94e-10	62.0
PfGN01_000023000|CIDRa|1|469|720	PF0507-C.g491	80.556	252	49	0	1	252	471	722	3.25e-137	427
PfGN01_000023000|CIDRa|1|469|720	PT0189-Cx.g878	80.159	252	50	0	1	252	459	710	3.50e-134	419
PfGN01_000023000|CIDRa|1|469|720	PT0189-Cx.g878	24.623	199	143	5	55	250	2026	2220	2.19e-07	53.9
PfGN01_000023000|DBLb|1|887|1350	PF0190-C.g537	61.845	477	147	8	1	464	2531	2985	0.0	563
PfGN01_000023000|DBLb|1|887|1350	PF0190-C.g537	47.658	491	215	11	1	464	470	945	7.53e-122	394
PfGN01_000023000|DBLb|1|887|1350	PF0190-C.g537	25.679	405	244	13	94	464	972	1353	4.45e-19	93.2
PfGN01_000023000|DBLb|1|887|1350	PF0190-C.g537	28.497	193	100	5	196	368	1585	1759	5.44e-11	67.8
PfGN01_000023000|DBLb|1|887|1350	PF0190-C.g537	27.749	191	116	7	196	373	3104	3285	4.78e-07	55.1
PfGN01_000023000|DBLb|1|887|1350	QE0404-C.g621	60.338	474	156	6	1	464	2285	2736	4.36e-178	555
PfGN01_000023000|DBLb|1|887|1350	QE0404-C.g621	41.797	512	213	16	1	464	731	1205	7.24e-95	316
PfGN01_000023000|DBLb|1|887|1350	QE0404-C.g621	29.191	346	204	8	131	464	2792	3108	5.20e-32	132
PfGN01_000023000|DBLb|1|887|1350	QE0404-C.g621	32.646	291	146	10	100	356	88	362	3.16e-29	124
PfGN01_000023000|DBLb|1|887|1350	QE0476-C.g90	60.338	474	156	6	1	464	2285	2736	6.90e-178	555
PfGN01_000023000|DBLb|1|887|1350	QE0476-C.g90	41.797	512	213	16	1	464	731	1205	1.13e-94	315
PfGN01_000023000|DBLb|1|887|1350	QE0476-C.g90	29.191	346	204	8	131	464	2792	3108	4.99e-32	132
PfGN01_000023000|DBLb|1|887|1350	QE0476-C.g90	32.646	291	146	10	100	356	88	362	3.18e-29	124
PfGN01_000023000|DBLb|1|887|1350	PA0229-C.g64	60.759	474	156	7	1	464	2270	2723	1.54e-177	554
PfGN01_000023000|DBLb|1|887|1350	PA0229-C.g64	40.763	498	232	12	1	464	732	1200	7.44e-103	339
PfGN01_000023000|DBLb|1|887|1350	PA0229-C.g64	29.508	305	154	9	100	382	87	352	1.86e-25	112
PfGN01_000023000|DBLb|1|887|1350	PA0229-C.g64	27.170	265	134	11	127	362	2773	3007	6.38e-12	70.9
PfGN01_000023000|DBLb|1|887|1350	PA0134-C.g24	61.053	475	150	9	1	464	2298	2748	2.07e-177	553
PfGN01_000023000|DBLb|1|887|1350	PA0134-C.g24	39.600	500	228	16	1	464	737	1198	1.13e-88	298
PfGN01_000023000|DBLb|1|887|1350	PA0134-C.g24	28.346	381	202	13	16	356	14	363	5.31e-29	123
PfGN01_000023000|DBLb|1|887|1350	PA0134-C.g24	26.715	277	141	10	131	376	2804	3049	1.02e-13	76.3
PfGN01_000023000|DBLb|1|887|1350	PA0134-C.g24	28.718	195	101	4	196	368	1342	1520	4.63e-13	74.3
PfGN01_000023000|DBLg|1|1378|1770	PD0464-C.g587	68.593	398	112	6	1	393	1021	1410	0.0	548
PfGN01_000023000|DBLg|1|1378|1770	PD0464-C.g587	27.273	418	233	17	1	393	625	996	2.07e-33	134
PfGN01_000023000|DBLg|1|1378|1770	PD0464-C.g587	28.125	416	224	14	29	393	152	543	3.66e-33	134
PfGN01_000023000|DBLg|1|1378|1770	PT0215-Cx.g978	69.307	404	106	10	1	393	394	790	1.15e-179	534
PfGN01_000023000|DBLg|1|1378|1770	PT0215-Cx.g978	41.325	317	151	10	1	305	810	1103	2.81e-63	221
PfGN01_000023000|DBLg|1|1378|1770	PT0215-Cx.g978	28.079	406	207	15	27	393	19	378	1.31e-32	132
PfGN01_000023000|DBLg|1|1378|1770	PD0530-C.g400	68.593	398	112	6	1	393	1210	1599	1.30e-176	546
PfGN01_000023000|DBLg|1|1378|1770	PD0530-C.g400	35.569	343	163	11	23	321	1768	2096	8.05e-52	188
PfGN01_000023000|DBLg|1|1378|1770	PD0530-C.g400	27.456	397	217	14	29	393	828	1185	4.65e-36	142
PfGN01_000023000|DBLg|1|1378|1770	PD0530-C.g400	24.742	291	163	11	41	305	124	384	8.93e-15	79.0
PfGN01_000023000|DBLg|1|1378|1770	PD0460-C.g1684	68.593	398	112	6	1	393	1697	2086	2.23e-176	547
PfGN01_000023000|DBLg|1|1378|1770	PD0460-C.g1684	30.045	446	220	16	23	393	2255	2683	7.73e-44	165
PfGN01_000023000|DBLg|1|1378|1770	PD0460-C.g1684	27.273	418	233	17	1	393	1301	1672	2.76e-33	134
PfGN01_000023000|DBLg|1|1378|1770	PD0460-C.g1684	28.125	416	224	14	29	393	828	1219	6.43e-33	133
PfGN01_000023000|DBLg|1|1378|1770	PD0460-C.g1684	25.850	294	156	12	41	305	124	384	2.67e-13	74.3
PfGN01_000023000|DBLg|1|1378|1770	PD0487-C.g293	68.593	398	112	6	1	393	1697	2086	2.25e-176	547
PfGN01_000023000|DBLg|1|1378|1770	PD0487-C.g293	30.045	446	220	16	23	393	2255	2683	7.95e-44	165
PfGN01_000023000|DBLg|1|1378|1770	PD0487-C.g293	27.273	418	233	17	1	393	1301	1672	2.64e-33	134
PfGN01_000023000|DBLg|1|1378|1770	PD0487-C.g293	28.125	416	224	14	29	393	828	1219	6.37e-33	133
PfGN01_000023000|DBLg|1|1378|1770	PD0487-C.g293	25.850	294	156	12	41	305	124	384	2.74e-13	74.3
