PfHB3_010005400|NTS|1|1|64	SenT097.09.g342	70.690	58	16	1	7	64	5	61	9.75e-20	82.8
PfHB3_010005400|NTS|1|1|64	QE0454-C.g738	60.606	66	21	1	4	64	6	71	3.46e-18	78.2
PfHB3_010005400|NTS|1|1|64	PH0729-C.g506	60.606	66	21	1	4	64	6	71	3.46e-18	78.2
PfHB3_010005400|NTS|1|1|64	PD0500-C.g95	60.606	66	21	1	4	64	6	71	3.60e-18	78.2
PfHB3_010005400|NTS|1|1|64	PH0349-C.g288	60.606	66	21	1	4	64	6	71	3.67e-18	78.2
PfHB3_010005400|DBLa|1|65|480	QG0209-C.g304	83.173	416	66	3	1	416	75	486	0.0	706
PfHB3_010005400|DBLa|1|65|480	QG0209-C.g304	32.900	231	122	9	55	271	1755	1966	1.57e-25	112
PfHB3_010005400|DBLa|1|65|480	QG0209-C.g304	32.086	187	110	5	236	416	1183	1358	2.26e-17	87.0
PfHB3_010005400|DBLa|1|65|480	QG0209-C.g304	27.451	255	131	10	23	273	2110	2314	1.83e-12	72.0
PfHB3_010005400|DBLa|1|65|480	PA0245-C.g532	69.065	417	119	6	1	416	67	474	0.0	570
PfHB3_010005400|DBLa|1|65|480	PA0245-C.g532	21.569	357	217	10	101	416	972	1306	3.55e-11	67.8
PfHB3_010005400|DBLa|1|65|480	PV0129-C.g60	68.019	419	125	6	1	416	60	472	0.0	561
PfHB3_010005400|DBLa|1|65|480	PV0129-C.g60	26.409	337	189	13	119	416	1013	1329	5.74e-20	95.1
PfHB3_010005400|DBLa|1|65|480	QE0398-C.g602	64.692	422	135	5	1	416	65	478	0.0	555
PfHB3_010005400|DBLa|1|65|480	QE0449-C.g681	64.692	422	135	5	1	416	65	478	0.0	555
PfHB3_010005400|DBLa|1|65|480	QE0449-C.g681	30.556	180	114	4	237	416	1163	1331	5.62e-15	79.7
PfHB3_010005400|CIDRa|1|481|732	PV0081-C.g145	82.540	252	44	0	1	252	463	714	2.38e-148	443
PfHB3_010005400|CIDRa|1|481|732	PD0473-C.g1032	83.922	255	38	1	1	252	486	740	3.09e-144	448
PfHB3_010005400|CIDRa|1|481|732	PA0079-C.g51	83.730	252	41	0	1	252	469	720	4.28e-144	447
PfHB3_010005400|CIDRa|1|481|732	PV0229-C.g86	82.540	252	44	0	1	252	461	712	7.28e-144	442
PfHB3_010005400|CIDRa|1|481|732	PV0288-C.g39	82.540	252	44	0	1	252	479	730	2.15e-143	442
PfHB3_010005400|DBLd|1|807|1298	PV0265-C.g18	52.281	526	183	13	1	492	848	1339	5.45e-154	481
PfHB3_010005400|DBLd|1|807|1298	PV0265-C.g18	20.833	360	200	10	171	492	172	484	3.37e-11	68.6
PfHB3_010005400|DBLd|1|807|1298	QG0292-C.g2587	50.633	553	200	13	1	492	847	1387	4.53e-153	479
PfHB3_010005400|DBLd|1|807|1298	QG0292-C.g2587	26.368	201	114	7	322	492	302	498	7.56e-08	57.8
PfHB3_010005400|DBLd|1|807|1298	QE0426-C.g259	49.635	548	207	14	1	492	95	629	1.13e-152	463
PfHB3_010005400|DBLd|1|807|1298	PM0096-C.g173	50.000	542	205	15	1	492	833	1358	1.72e-152	477
PfHB3_010005400|DBLd|1|807|1298	PM0096-C.g173	25.271	277	151	11	235	492	254	493	7.40e-10	64.3
PfHB3_010005400|DBLd|1|807|1298	PF0816-C.g863	53.565	519	195	18	1	492	831	1330	1.28e-151	474
PfHB3_010005400|DBLd|1|807|1298	PF0816-C.g863	23.381	278	151	8	239	492	244	483	5.31e-13	74.3
PfHB3_010005400|CIDRb|1|1299|1553	PT0066-C.g713	67.176	262	78	5	1	255	1340	1600	4.15e-103	330
PfHB3_010005400|CIDRb|1|1299|1553	PF0818-C.g219	62.687	268	87	4	1	255	2262	2529	9.62e-100	320
PfHB3_010005400|CIDRb|1|1299|1553	PF0818-C.g219	29.442	197	121	7	63	248	527	716	9.20e-07	52.0
PfHB3_010005400|CIDRb|1|1299|1553	PM0129-C.g2085	64.865	259	80	5	1	255	1346	1597	1.35e-99	320
PfHB3_010005400|CIDRb|1|1299|1553	PM0038-C.g860	64.865	259	80	5	1	255	1765	2016	5.11e-99	318
PfHB3_010005400|CIDRb|1|1299|1553	PM0038-C.g860	25.108	231	141	6	41	248	518	739	4.92e-08	55.8
PfHB3_010005400|CIDRb|1|1299|1553	PT0169-C.g634	67.068	249	77	4	1	245	531	778	5.38e-99	316
PfHB3_010005400|ATS|1|1662|2095	PC0097-C.g664	77.704	453	77	8	1	434	2364	2811	0.0	677
PfHB3_010005400|ATS|1|1662|2095	PC0113-C.g949	77.802	455	68	7	1	434	1702	2144	0.0	648
PfHB3_010005400|ATS|1|1662|2095	PT0170-C.g672	73.866	463	87	8	1	434	1768	2225	0.0	642
PfHB3_010005400|ATS|1|1662|2095	PV0147-C.g7	74.888	446	93	6	1	434	1761	2199	0.0	639
PfHB3_010005400|ATS|1|1662|2095	PV0083-C.g28	74.886	438	94	6	1	434	2401	2826	0.0	638
PfHB3_020005700|NTS|1|1|61	PF0133-C.g332	73.214	56	14	1	7	61	15	70	2.08e-20	84.3
PfHB3_020005700|NTS|1|1|61	PA0008-C.g24	72.581	62	16	1	1	61	1	62	2.93e-20	84.0
PfHB3_020005700|NTS|1|1|61	PC0071-C.g310	70.690	58	17	0	1	58	1	58	5.91e-20	83.2
PfHB3_020005700|NTS|1|1|61	PM0049-C.g436	76.364	55	12	1	7	61	14	67	7.54e-20	82.8
PfHB3_020005700|NTS|1|1|61	PC0113-C.g1074	68.254	63	18	1	1	61	1	63	8.08e-20	82.8
PfHB3_020005700|DBLa|1|62|491	PH0991-C.g668	85.092	436	59	2	1	430	62	497	0.0	760
PfHB3_020005700|DBLa|1|62|491	PH0991-C.g668	26.394	269	135	10	123	337	1102	1361	1.34e-13	75.5
PfHB3_020005700|DBLa|1|62|491	PD0667-C.g1022	85.092	436	59	2	1	430	62	497	0.0	760
PfHB3_020005700|DBLa|1|62|491	PD0667-C.g1022	27.273	198	117	5	212	403	1190	1366	7.70e-13	73.2
PfHB3_020005700|DBLa|1|62|491	PH0915-C.g594	85.092	436	59	2	1	430	62	497	0.0	759
PfHB3_020005700|DBLa|1|62|491	PH0915-C.g594	25.483	259	131	11	183	403	1157	1391	6.81e-10	63.9
PfHB3_020005700|DBLa|1|62|491	PH0516-C.g521	85.321	436	58	2	1	430	62	497	0.0	758
PfHB3_020005700|DBLa|1|62|491	PH0516-C.g521	26.136	352	186	13	119	430	1066	1383	1.64e-14	78.6
PfHB3_020005700|DBLa|1|62|491	SenT097.09.g342	82.151	437	71	3	1	430	62	498	0.0	729
PfHB3_020005700|DBLa|1|62|491	SenT097.09.g342	30.986	142	87	3	235	369	1246	1383	6.48e-10	63.9
PfHB3_020005700|CIDRa|1|492|789	SenT097.09.g342	100.000	298	0	0	1	298	499	796	0.0	612
PfHB3_020005700|CIDRa|1|492|789	PH0991-C.g668	100.000	298	0	0	1	298	498	795	0.0	612
PfHB3_020005700|CIDRa|1|492|789	PH0516-C.g521	100.000	298	0	0	1	298	498	795	0.0	612
PfHB3_020005700|CIDRa|1|492|789	PH0915-C.g594	100.000	298	0	0	1	298	498	795	0.0	611
PfHB3_020005700|CIDRa|1|492|789	PD0667-C.g1022	94.845	291	14	1	1	290	498	788	1.05e-174	528
PfHB3_020005700|DBLd|1|880|1403	PH0915-C.g90	51.596	564	209	19	1	524	56	595	2.63e-169	507
PfHB3_020005700|DBLd|1|880|1403	PA0087-C.g308	53.333	540	212	14	1	524	880	1395	1.06e-168	523
PfHB3_020005700|DBLd|1|880|1403	PA0087-C.g308	29.474	190	115	6	352	524	308	495	9.20e-13	73.6
PfHB3_020005700|DBLd|1|880|1403	SenT125.11.g781	52.768	542	178	13	1	524	244	725	5.27e-168	506
PfHB3_020005700|DBLd|1|880|1403	QE0470-C.g697	53.235	541	211	14	1	524	898	1413	8.51e-168	521
PfHB3_020005700|DBLd|1|880|1403	QE0470-C.g697	24.116	311	152	8	258	524	251	521	8.17e-11	67.4
PfHB3_020005700|DBLd|1|880|1403	QG0205-C.g702	54.069	553	178	20	11	524	884	1399	4.16e-165	513
PfHB3_020005700|DBLd|1|880|1403	QG0205-C.g702	34.500	200	103	8	347	524	296	489	2.33e-19	94.7
PfHB3_020005700|CIDRg|1|1404|1670	PT0181-C.g2257	100.000	267	0	0	1	267	1456	1722	0.0	550
PfHB3_020005700|CIDRg|1|1404|1670	PT0109-C.g749	94.796	269	11	2	1	267	1349	1616	2.48e-169	513
PfHB3_020005700|CIDRg|1|1404|1670	PM0097-C.g902	92.278	259	17	1	1	259	1398	1653	1.65e-160	489
PfHB3_020005700|CIDRg|1|1404|1670	QG0271-C.g1091	81.203	266	45	3	1	264	1322	1584	2.03e-137	426
PfHB3_020005700|CIDRg|1|1404|1670	PM0073-C.g126	81.132	265	39	4	1	259	1335	1594	4.70e-134	417
PfHB3_020005700|ATS|1|1777|2213	PV0028-C.g50	81.345	461	57	8	1	437	2600	3055	0.0	708
PfHB3_020005700|ATS|1|1777|2213	PV0139-C.g46	85.550	436	58	5	2	437	2379	2809	0.0	699
PfHB3_020005700|ATS|1|1777|2213	PFKE09.g563	83.296	449	56	10	1	437	775	1216	0.0	697
PfHB3_020005700|ATS|1|1777|2213	PC0113-C.g949	82.287	446	67	5	1	437	1702	2144	0.0	695
PfHB3_020005700|ATS|1|1777|2213	PD0582-C.g778	81.385	462	58	6	1	437	1669	2127	0.0	695
PfHB3_020005900|NTS|1|1|75	PA0221-C.g955	100.000	75	0	0	1	75	1	75	5.85e-42	146
PfHB3_020005900|NTS|1|1|75	SenT136.09.g440	94.521	73	4	0	3	75	2	74	1.18e-38	137
PfHB3_020005900|NTS|1|1|75	PfKE03.g323	94.521	73	4	0	3	75	2	74	2.18e-38	136
PfHB3_020005900|NTS|1|1|75	PA0161-C.g45	94.521	73	4	0	3	75	2	74	1.81e-37	133
PfHB3_020005900|NTS|1|1|75	PA0030-C.g1116	91.781	73	6	0	3	75	8	80	8.56e-36	129
PfHB3_020005900|DBLa|1|76|466	PA0221-C.g955	100.000	391	0	0	1	391	76	466	0.0	810
PfHB3_020005900|DBLa|1|76|466	PA0221-C.g955	31.562	320	191	9	53	364	2429	2728	1.77e-40	155
PfHB3_020005900|DBLa|1|76|466	PA0221-C.g955	29.722	360	182	13	12	345	825	1139	3.94e-32	131
PfHB3_020005900|DBLa|1|76|466	PA0221-C.g955	29.338	317	199	7	90	391	1740	2046	3.34e-31	128
PfHB3_020005900|DBLa|1|76|466	PA0221-C.g955	27.835	291	146	12	51	337	2812	3042	6.76e-19	91.7
PfHB3_020005900|DBLa|1|76|466	PA0221-C.g955	26.599	297	164	9	51	319	1264	1534	2.13e-18	90.1
PfHB3_020005900|DBLa|1|76|466	QE0404-C.g41	74.936	391	94	1	1	391	75	461	0.0	603
PfHB3_020005900|DBLa|1|76|466	QE0404-C.g41	31.633	294	160	12	51	334	857	1119	6.64e-28	118
PfHB3_020005900|DBLa|1|76|466	QE0404-C.g41	26.984	315	188	12	51	352	1318	1603	8.39e-16	82.0
PfHB3_020005900|DBLa|1|76|466	QE0404-C.g41	22.826	276	180	5	52	321	1702	1950	6.26e-13	73.2
PfHB3_020005900|DBLa|1|76|466	QE0404-C.g41	26.344	186	108	6	222	391	2512	2684	1.40e-09	62.8
PfHB3_020005900|DBLa|1|76|466	PA0161-C.g45	74.425	391	96	1	1	391	75	461	0.0	601
PfHB3_020005900|DBLa|1|76|466	PA0161-C.g45	29.459	370	188	14	1	347	813	1132	4.85e-30	124
PfHB3_020005900|DBLa|1|76|466	PA0161-C.g45	26.761	284	155	9	55	318	1623	1873	5.05e-16	82.8
PfHB3_020005900|DBLa|1|76|466	PA0161-C.g45	29.954	217	107	8	143	321	2331	2540	1.19e-15	81.6
PfHB3_020005900|DBLa|1|76|466	PA0161-C.g45	26.441	295	141	10	51	319	1265	1509	1.51e-15	81.3
PfHB3_020005900|DBLa|1|76|466	PA0237-C.g382	76.471	391	92	0	1	391	76	466	0.0	597
PfHB3_020005900|DBLa|1|76|466	PA0237-C.g382	33.094	278	139	10	54	318	867	1110	4.98e-33	133
PfHB3_020005900|DBLa|1|76|466	PA0237-C.g382	28.526	312	196	5	97	391	1727	2028	2.99e-32	131
PfHB3_020005900|DBLa|1|76|466	PA0237-C.g382	27.095	358	219	13	1	348	2741	3066	7.83e-26	112
PfHB3_020005900|DBLa|1|76|466	PA0237-C.g382	25.940	266	153	9	51	306	1272	1503	5.89e-12	70.1
PfHB3_020005900|DBLa|1|76|466	PA0237-C.g382	25.260	289	153	13	51	323	2377	2618	6.18e-08	57.4
PfHB3_020005900|DBLa|1|76|466	PfKE03.g323	74.680	391	95	1	1	391	75	461	0.0	575
PfHB3_020005900|DBLa|1|76|466	PfKE03.g323	34.030	335	146	12	8	319	821	1103	5.42e-37	145
PfHB3_020005900|DBLa|1|76|466	PfKE03.g323	32.632	190	93	6	223	391	2105	2280	1.60e-17	87.4
PfHB3_020005900|DBLa|1|76|466	PfKE03.g323	25.088	283	165	8	47	318	1360	1606	1.91e-13	74.7
PfHB3_020005900|CIDRd|1|467|723	PT0178-C.g1766	90.588	255	24	0	1	255	459	713	3.37e-154	471
PfHB3_020005900|CIDRd|1|467|723	PA0208-C.g210	92.157	255	20	0	1	255	459	713	2.48e-153	473
PfHB3_020005900|CIDRd|1|467|723	PF0058-C.g425	90.588	255	24	0	1	255	459	713	1.32e-151	469
PfHB3_020005900|CIDRd|1|467|723	PA0221-C.g955	92.032	251	20	0	1	251	467	717	2.82e-151	468
PfHB3_020005900|CIDRd|1|467|723	PA0221-C.g955	32.601	273	148	8	1	257	2047	2299	1.15e-28	116
PfHB3_020005900|CIDRd|1|467|723	PF0180-C.g108	90.196	255	25	0	1	255	459	713	1.04e-149	464
PfHB3_020005900|CIDRd|1|467|723	PF0180-C.g108	33.463	257	168	3	1	257	1578	1831	1.05e-38	145
PfHB3_020005900|DBLg|1|790|1189	PT0027-C.g638	73.815	401	94	4	1	400	767	1157	0.0	572
PfHB3_020005900|DBLg|1|790|1189	PT0027-C.g638	36.516	419	199	14	1	400	2746	3116	1.57e-64	226
PfHB3_020005900|DBLg|1|790|1189	PT0027-C.g638	40.616	357	168	12	1	322	1584	1931	1.88e-60	214
PfHB3_020005900|DBLg|1|790|1189	PT0027-C.g638	35.897	390	190	14	1	382	1233	1570	3.52e-47	175
PfHB3_020005900|DBLg|1|790|1189	PT0027-C.g638	23.684	304	192	11	20	310	92	368	1.32e-12	72.4
PfHB3_020005900|DBLg|1|790|1189	PT0027-C.g638	21.918	292	147	8	50	322	2410	2639	5.25e-10	63.9
PfHB3_020005900|DBLg|1|790|1189	QE0428-C.g305	72.167	406	102	5	1	400	220	620	0.0	552
PfHB3_020005900|DBLg|1|790|1189	QE0428-C.g305	32.576	396	190	18	1	328	722	1108	1.05e-39	153
PfHB3_020005900|DBLg|1|790|1189	QE0427-C.g323	72.414	406	101	5	1	400	789	1189	2.21e-179	551
PfHB3_020005900|DBLg|1|790|1189	QE0427-C.g323	32.576	396	190	18	1	328	1291	1677	2.30e-39	152
PfHB3_020005900|DBLg|1|790|1189	QE0427-C.g323	30.864	162	85	6	178	322	230	381	2.69e-11	68.2
PfHB3_020005900|DBLg|1|790|1189	PA0094-C.g366	68.486	403	109	7	1	400	559	946	5.43e-178	524
PfHB3_020005900|DBLg|1|790|1189	PA0094-C.g366	24.742	291	166	10	50	322	127	382	6.75e-13	72.8
PfHB3_020005900|DBLg|1|790|1189	PF0638-C.g4034	68.486	403	109	7	1	400	1260	1647	2.46e-168	524
PfHB3_020005900|DBLg|1|790|1189	PF0638-C.g4034	43.029	416	176	12	1	400	1654	2024	4.34e-85	285
PfHB3_020005900|DBLg|1|790|1189	PF0638-C.g4034	38.693	398	189	13	17	400	2058	2414	4.41e-73	250
PfHB3_020005900|DBLg|1|790|1189	PF0638-C.g4034	24.534	322	197	12	20	322	94	388	1.82e-16	84.3
PfHB3_020005900|DBLg|1|790|1189	PF0638-C.g4034	25.517	290	153	11	50	322	840	1083	2.38e-15	80.9
PfHB3_020005900|DBLd|1|1273|1836	PM0060-C.g796	46.287	579	233	17	1	564	842	1357	5.82e-148	468
PfHB3_020005900|DBLd|1|1273|1836	PM0060-C.g796	29.279	222	129	8	365	564	281	496	5.39e-17	87.4
PfHB3_020005900|DBLd|1|1273|1836	PM0114-C.g630	49.659	586	210	23	1	564	692	1214	1.27e-147	465
PfHB3_020005900|DBLd|1|1273|1836	PF0754-C.g736	50.264	569	204	17	1	564	870	1364	8.60e-146	462
PfHB3_020005900|DBLd|1|1273|1836	PF0754-C.g736	26.804	291	146	12	303	564	247	499	1.82e-14	79.3
PfHB3_020005900|DBLd|1|1273|1836	SenT097.09.g342	48.305	590	234	17	1	564	872	1416	6.99e-145	460
PfHB3_020005900|DBLd|1|1273|1836	SenT097.09.g342	29.694	229	117	11	371	564	279	498	2.24e-10	66.2
PfHB3_020005900|DBLd|1|1273|1836	QE0449-C.g594	48.576	597	234	18	1	564	806	1362	1.88e-144	458
PfHB3_020005900|DBLd|1|1273|1836	QE0449-C.g594	25.071	351	192	12	232	564	187	484	1.43e-17	89.4
PfHB3_020005900|CIDRb|1|1837|2097	PF0145-C.g493	81.992	261	38	3	1	258	1391	1645	5.48e-124	389
PfHB3_020005900|CIDRb|1|1837|2097	PF0145-C.g493	39.394	66	38	1	109	174	681	744	5.79e-08	55.8
PfHB3_020005900|CIDRb|1|1837|2097	PA0008-C.g741	76.806	263	52	5	1	259	1747	2004	2.13e-113	360
PfHB3_020005900|CIDRb|1|1837|2097	PH0594-C.g42	71.264	261	68	5	1	259	1174	1429	4.21e-113	357
PfHB3_020005900|CIDRb|1|1837|2097	QG0275-C.g775	68.605	258	77	3	1	257	1257	1511	8.14e-108	343
PfHB3_020005900|CIDRb|1|1837|2097	QG0275-C.g775	29.661	118	76	3	99	214	572	684	1.63e-07	54.3
PfHB3_020005900|CIDRb|1|1837|2097	PA0044-C.g637	68.605	258	77	3	1	257	1257	1511	8.14e-108	343
PfHB3_020005900|CIDRb|1|1837|2097	PA0044-C.g637	29.661	118	76	3	99	214	572	684	1.63e-07	54.3
PfHB3_020005900|ATS|1|2242|2667	PC0113-C.g1115	83.683	429	60	7	1	426	3496	3917	0.0	709
PfHB3_020005900|ATS|1|2242|2667	QE0448-C.g49	83.759	431	61	8	1	426	2723	3149	0.0	701
PfHB3_020005900|ATS|1|2242|2667	PfKE02.g4	84.722	432	57	8	1	426	3080	3508	0.0	697
PfHB3_020005900|ATS|1|2242|2667	PT0066-C.g97	80.580	448	63	5	2	426	2901	3347	0.0	696
PfHB3_020005900|ATS|1|2242|2667	PF0513-C.g5231	82.009	428	67	7	2	426	2389	2809	0.0	696
PfHB3_020026500|NTS|1|1|67	QE0475-C.g848	92.537	67	5	0	1	67	1	67	1.85e-35	127
PfHB3_020026500|NTS|1|1|67	PV0285-C.g116	92.537	67	5	0	1	67	1	67	2.16e-35	127
PfHB3_020026500|NTS|1|1|67	PV0147-C.g127	92.537	67	5	0	1	67	1	67	2.24e-35	127
PfHB3_020026500|NTS|1|1|67	PV0286-C.g71	92.537	67	5	0	1	67	1	67	2.54e-35	127
PfHB3_020026500|NTS|1|1|67	PF0041-C.g457	94.030	67	2	2	1	67	1	65	3.52e-34	124
PfHB3_020026500|DBLa|1|68|472	PV0147-C.g127	85.012	407	55	4	1	405	68	470	0.0	708
PfHB3_020026500|DBLa|1|68|472	PV0147-C.g127	24.667	300	158	10	47	323	834	1088	9.40e-10	63.2
PfHB3_020026500|DBLa|1|68|472	PV0286-C.g71	84.275	407	58	4	1	405	68	470	0.0	704
PfHB3_020026500|DBLa|1|68|472	PV0286-C.g71	24.667	300	158	10	47	323	834	1088	7.32e-10	63.5
PfHB3_020026500|DBLa|1|68|472	PV0285-C.g116	84.275	407	58	4	1	405	68	470	0.0	704
PfHB3_020026500|DBLa|1|68|472	PV0285-C.g116	24.667	300	158	10	47	323	834	1088	8.07e-10	63.5
PfHB3_020026500|DBLa|1|68|472	QE0475-C.g848	84.275	407	58	4	1	405	68	470	0.0	703
PfHB3_020026500|DBLa|1|68|472	QE0475-C.g848	22.812	320	196	11	35	340	1230	1512	1.74e-09	62.4
PfHB3_020026500|DBLa|1|68|472	QE0475-C.g848	23.026	304	164	10	43	323	830	1086	8.21e-07	53.9
PfHB3_020026500|DBLa|1|68|472	PD0497-C.g844	84.634	410	53	5	1	405	68	472	0.0	701
PfHB3_020026500|CIDRa|1|473|741	PF0041-C.g457	78.810	269	52	3	1	269	471	734	5.40e-135	422
PfHB3_020026500|CIDRa|1|473|741	PA0163-C.g508	78.810	269	52	3	1	269	471	734	6.84e-135	421
PfHB3_020026500|CIDRa|1|473|741	PT0240-C.g560	78.810	269	52	3	1	269	471	734	6.84e-135	421
PfHB3_020026500|CIDRa|1|473|741	PM0129-C.g1829	71.648	261	73	1	1	261	481	740	7.68e-122	383
PfHB3_020026500|CIDRa|1|473|741	PM0127-C.g465	66.667	270	87	3	1	269	478	745	5.85e-110	350
PfHB3_020026500|DBLd|1|830|1357	PA0085-C.g616	53.663	546	177	16	18	528	89	593	3.91e-175	521
PfHB3_020026500|DBLd|1|830|1357	PT0230-Cx.g719	55.882	544	167	17	1	528	900	1386	3.57e-174	538
PfHB3_020026500|DBLd|1|830|1357	PT0230-Cx.g719	33.028	109	67	4	355	462	294	397	5.71e-12	71.2
PfHB3_020026500|DBLd|1|830|1357	SenT179.08.g1253	55.128	546	202	19	1	528	435	955	2.29e-171	522
PfHB3_020026500|DBLd|1|830|1357	PD0554-C.g1034	54.000	550	197	18	1	528	825	1340	6.04e-171	523
PfHB3_020026500|DBLd|1|830|1357	PD0554-C.g1034	26.335	281	139	11	189	459	192	414	1.81e-14	79.3
PfHB3_020026500|DBLd|1|830|1357	PD0532-C.g615	54.647	538	186	19	16	528	839	1343	1.21e-166	517
PfHB3_020026500|DBLd|1|830|1357	PD0532-C.g615	26.158	367	184	13	189	528	192	498	1.30e-14	79.7
PfHB3_020026500|CIDRg|1|1358|1624	PA0081-C.g352	95.131	267	13	0	1	267	1318	1584	1.16e-170	515
PfHB3_020026500|CIDRg|1|1358|1624	PT0299-Cx.g2640	85.441	261	30	3	1	257	1357	1613	3.31e-144	445
PfHB3_020026500|CIDRg|1|1358|1624	PM0108-C.g956	77.455	275	51	5	1	267	1452	1723	1.22e-138	431
PfHB3_020026500|CIDRg|1|1358|1624	PA0172-C.g951	78.309	272	47	5	1	267	1320	1584	2.12e-133	415
PfHB3_020026500|CIDRg|1|1358|1624	PT0230-Cx.g719	77.256	277	49	7	1	267	1387	1659	1.24e-132	413
PfHB3_020026500|DBLg|1|1691|2073	PA0051-C.g54	74.022	358	87	3	30	383	1267	1622	4.80e-172	533
PfHB3_020026500|DBLg|1|1691|2073	PA0051-C.g54	24.150	294	169	9	36	318	2104	2354	2.45e-16	83.6
PfHB3_020026500|DBLg|1|1691|2073	PA0051-C.g54	26.712	292	159	11	29	290	1708	1974	4.35e-14	76.6
PfHB3_020026500|DBLg|1|1691|2073	PA0051-C.g54	25.874	286	161	9	42	294	111	378	1.19e-13	75.1
PfHB3_020026500|DBLg|1|1691|2073	PA0051-C.g54	25.084	299	161	12	41	302	828	1100	2.73e-10	64.7
PfHB3_020026500|DBLg|1|1691|2073	PA0045-C.g373	74.022	358	87	3	30	383	1267	1622	4.80e-172	533
PfHB3_020026500|DBLg|1|1691|2073	PA0045-C.g373	24.150	294	169	9	36	318	2104	2354	2.45e-16	83.6
PfHB3_020026500|DBLg|1|1691|2073	PA0045-C.g373	26.712	292	159	11	29	290	1708	1974	4.35e-14	76.6
PfHB3_020026500|DBLg|1|1691|2073	PA0045-C.g373	25.874	286	161	9	42	294	111	378	1.19e-13	75.1
PfHB3_020026500|DBLg|1|1691|2073	PA0045-C.g373	25.084	299	161	12	41	302	828	1100	2.73e-10	64.7
PfHB3_020026500|DBLg|1|1691|2073	PA0017-C.g274	74.022	358	87	3	30	383	1267	1622	4.80e-172	533
PfHB3_020026500|DBLg|1|1691|2073	PA0017-C.g274	24.150	294	169	9	36	318	2104	2354	2.45e-16	83.6
PfHB3_020026500|DBLg|1|1691|2073	PA0017-C.g274	26.712	292	159	11	29	290	1708	1974	4.35e-14	76.6
PfHB3_020026500|DBLg|1|1691|2073	PA0017-C.g274	25.874	286	161	9	42	294	111	378	1.19e-13	75.1
PfHB3_020026500|DBLg|1|1691|2073	PA0017-C.g274	25.084	299	161	12	41	302	828	1100	2.73e-10	64.7
PfHB3_020026500|DBLg|1|1691|2073	SenT151.08.g980	73.743	358	88	3	30	383	102	457	7.75e-171	509
PfHB3_020026500|DBLg|1|1691|2073	SenT151.08.g980	26.971	241	133	7	41	276	941	1143	3.10e-18	89.0
PfHB3_020026500|DBLg|1|1691|2073	SenT151.08.g980	22.520	373	219	13	43	383	557	891	3.78e-10	64.3
PfHB3_020026500|DBLg|1|1691|2073	PF0288-C.g330	67.857	392	114	7	1	383	1207	1595	7.37e-168	521
PfHB3_020026500|DBLg|1|1691|2073	PF0288-C.g330	26.053	380	212	15	43	383	840	1189	5.21e-15	79.3
PfHB3_020026500|DBLg|1|1691|2073	PF0288-C.g330	23.183	289	174	7	42	290	111	391	2.77e-13	73.9
PfHB3_020026500|DBLg|1|1691|2073	PF0288-C.g330	24.746	295	165	9	39	318	2079	2331	1.59e-11	68.6
PfHB3_020026500|DBLg|1|1691|2073	PF0288-C.g330	26.165	279	144	12	45	290	1698	1947	1.10e-10	65.9
PfHB3_020026500|DBLz|1|2082|2505	PF0692-C.g713	77.123	424	96	1	1	424	1204	1626	0.0	644
PfHB3_020026500|DBLz|1|2082|2505	PF0692-C.g713	29.615	260	132	11	94	349	1680	1892	5.25e-17	86.3
PfHB3_020026500|DBLz|1|2082|2505	PF0692-C.g713	24.169	331	191	13	79	378	836	1137	4.31e-14	77.0
PfHB3_020026500|DBLz|1|2082|2505	PF0489-C.g329	77.123	424	96	1	1	424	2350	2772	0.0	642
PfHB3_020026500|DBLz|1|2082|2505	PF0489-C.g329	30.193	414	219	14	56	424	858	1246	1.04e-39	154
PfHB3_020026500|DBLz|1|2082|2505	PF0489-C.g329	31.977	344	187	14	93	403	121	450	2.96e-34	138
PfHB3_020026500|DBLz|1|2082|2505	PF0489-C.g329	27.394	376	187	18	79	403	1294	1634	2.42e-17	87.4
PfHB3_020026500|DBLz|1|2082|2505	PF0489-C.g329	29.615	260	132	11	94	349	2826	3038	9.20e-17	85.5
PfHB3_020026500|DBLz|1|2082|2505	PF0489-C.g329	25.000	292	176	10	78	344	1979	2252	7.09e-14	76.6
PfHB3_020026500|DBLz|1|2082|2505	QG0286-C.g2563	77.123	424	96	1	1	424	660	1082	0.0	640
PfHB3_020026500|DBLz|1|2082|2505	QG0286-C.g2563	29.615	260	132	11	94	349	1136	1348	1.13e-16	85.1
PfHB3_020026500|DBLz|1|2082|2505	QG0286-C.g2563	25.000	292	176	10	78	344	289	562	1.01e-13	75.9
PfHB3_020026500|DBLz|1|2082|2505	PA0151-C.g23	77.123	424	96	1	1	424	2302	2724	0.0	640
PfHB3_020026500|DBLz|1|2082|2505	PA0151-C.g23	32.303	356	199	12	65	388	82	427	2.12e-37	147
PfHB3_020026500|DBLz|1|2082|2505	PA0151-C.g23	29.703	404	223	16	61	424	808	1190	2.72e-36	144
PfHB3_020026500|DBLz|1|2082|2505	PA0151-C.g23	29.615	260	132	11	94	349	2778	2990	1.30e-16	85.1
PfHB3_020026500|DBLz|1|2082|2505	PA0151-C.g23	25.066	379	200	16	79	403	1242	1590	4.23e-14	77.0
PfHB3_020026500|DBLz|1|2082|2505	PA0151-C.g23	24.074	324	199	12	78	378	1936	2235	4.31e-12	70.9
PfHB3_020026500|DBLz|1|2082|2505	PT0274-Cx.g433	76.887	424	97	1	1	424	1174	1596	0.0	640
PfHB3_020026500|DBLz|1|2082|2505	PT0274-Cx.g433	30.508	413	242	14	2	374	26	433	3.05e-38	150
PfHB3_020026500|DBLz|1|2082|2505	PT0274-Cx.g433	29.615	260	132	11	94	349	1650	1862	6.49e-17	85.9
PfHB3_020026500|DBLz|1|2082|2505	PT0274-Cx.g433	23.460	422	247	15	35	424	788	1165	6.54e-15	79.7
PfHB3_020026500|DBLe|1|2511|2829	PM0037-C.g920	100.000	319	0	0	1	319	2533	2851	0.0	663
PfHB3_020026500|DBLe|1|2511|2829	PM0037-C.g920	27.848	316	173	11	49	319	2192	2497	3.52e-17	84.7
PfHB3_020026500|DBLe|1|2511|2829	PM0037-C.g920	24.648	284	150	10	44	264	116	398	7.79e-13	71.6
PfHB3_020026500|DBLe|1|2511|2829	PM0037-C.g920	23.973	292	156	10	49	285	1749	2029	1.09e-08	58.9
PfHB3_020026500|DBLe|1|2511|2829	PC0085-C.g654	100.000	319	0	0	1	319	2484	2802	0.0	662
PfHB3_020026500|DBLe|1|2511|2829	PC0085-C.g654	27.444	266	149	7	49	273	2147	2409	1.02e-19	92.4
PfHB3_020026500|DBLe|1|2511|2829	PC0085-C.g654	22.449	294	170	9	47	285	1690	1980	2.42e-11	67.0
PfHB3_020026500|DBLe|1|2511|2829	PC0085-C.g654	25.652	230	119	8	91	268	169	398	7.14e-10	62.8
PfHB3_020026500|DBLe|1|2511|2829	PF0524-C.g501	100.000	319	0	0	1	319	2039	2357	0.0	660
PfHB3_020026500|DBLe|1|2511|2829	PF0524-C.g501	29.150	247	133	9	49	262	849	1086	9.23e-21	95.5
PfHB3_020026500|DBLe|1|2511|2829	PF0524-C.g501	26.471	306	178	10	49	319	1710	2003	1.82e-19	91.7
PfHB3_020026500|DBLe|1|2511|2829	PF0524-C.g501	22.727	308	176	9	32	285	1244	1543	3.99e-10	63.5
PfHB3_020026500|DBLe|1|2511|2829	PF0524-C.g501	28.899	218	108	11	49	221	117	332	2.11e-08	58.2
PfHB3_020026500|DBLe|1|2511|2829	PA0270-C.g398	100.000	319	0	0	1	319	2037	2355	0.0	659
PfHB3_020026500|DBLe|1|2511|2829	PA0270-C.g398	26.510	298	172	8	32	285	1239	1533	7.52e-21	95.9
PfHB3_020026500|DBLe|1|2511|2829	PA0270-C.g398	28.165	316	172	11	49	319	1696	2001	1.66e-17	85.9
PfHB3_020026500|DBLe|1|2511|2829	PA0270-C.g398	25.000	308	183	11	49	310	841	1146	7.04e-17	84.0
PfHB3_020026500|DBLe|1|2511|2829	PA0270-C.g398	24.913	289	150	10	37	268	104	382	2.12e-13	73.6
PfHB3_020026500|DBLe|1|2511|2829	PF0507-C.g480	89.342	319	34	0	1	319	1971	2289	0.0	579
PfHB3_020026500|DBLe|1|2511|2829	PF0507-C.g480	28.136	295	173	11	49	316	1231	1513	3.40e-22	99.8
PfHB3_020026500|DBLe|1|2511|2829	PF0507-C.g480	26.316	285	178	11	49	308	850	1127	9.97e-18	86.3
PfHB3_020026500|DBLe|1|2511|2829	PF0507-C.g480	25.342	292	156	10	33	263	93	383	3.67e-15	78.6
PfHB3_020026500|DBLe|1|2511|2829	PF0507-C.g480	25.000	256	156	8	49	268	1635	1890	4.26e-14	75.5
PfHB3_020026500|ATS|1|2845|3274	PV0028-C.g43	81.963	438	68	5	2	430	1844	2279	0.0	724
PfHB3_020026500|ATS|1|2845|3274	PFKE07.g1065	83.141	433	62	8	1	430	1644	2068	0.0	712
PfHB3_020026500|ATS|1|2845|3274	PFKE07.g667	77.212	452	77	7	2	430	2366	2814	0.0	691
PfHB3_020026500|ATS|1|2845|3274	PV0129-C.g36	76.264	455	77	8	2	430	1740	2189	0.0	674
PfHB3_020026500|ATS|1|2845|3274	PC0097-C.g229	79.720	429	76	6	2	430	3018	3435	0.0	671
PfHB3_030029400|NTS|1|1|71	PA0084-C.g193	70.149	67	20	0	5	71	2	68	1.74e-25	99.4
PfHB3_030029400|NTS|1|1|71	PA0042-C.g5	70.149	67	20	0	5	71	2	68	2.15e-25	99.0
PfHB3_030029400|NTS|1|1|71	QG0293-C.g2376	75.410	61	15	0	11	71	6	66	2.28e-24	96.3
PfHB3_030029400|NTS|1|1|71	PF0235-C.g50	71.429	56	16	0	16	71	11	66	1.14e-20	85.9
PfHB3_030029400|NTS|1|1|71	PT0158-C.g885	67.742	62	20	0	10	71	2	63	1.50e-20	85.5
PfHB3_030029400|DBLa|1|72|474	PA0100-C.g540	73.821	424	86	7	1	403	69	488	0.0	624
PfHB3_030029400|DBLa|1|72|474	PA0100-C.g540	24.779	339	190	11	105	403	993	1306	2.32e-18	90.1
PfHB3_030029400|DBLa|1|72|474	QE0481-C.g412	68.868	424	108	8	1	403	66	486	0.0	577
PfHB3_030029400|DBLa|1|72|474	QE0481-C.g412	29.433	282	145	10	55	320	868	1111	3.57e-25	110
PfHB3_030029400|DBLa|1|72|474	QE0481-C.g412	27.619	315	175	8	114	403	1430	1716	2.29e-21	99.4
PfHB3_030029400|DBLa|1|72|474	QE0415-C.g418	68.868	424	108	8	1	403	66	486	0.0	577
PfHB3_030029400|DBLa|1|72|474	QE0415-C.g418	29.433	282	145	10	55	320	868	1111	3.57e-25	110
PfHB3_030029400|DBLa|1|72|474	QE0415-C.g418	27.619	315	175	8	114	403	1430	1716	2.29e-21	99.4
PfHB3_030029400|DBLa|1|72|474	PC0053-C.g682	68.085	423	112	8	1	403	68	487	0.0	563
PfHB3_030029400|DBLa|1|72|474	PC0053-C.g682	27.859	341	195	10	108	403	1029	1363	3.13e-24	107
PfHB3_030029400|DBLa|1|72|474	SenT130.09.g209	66.905	420	118	7	1	403	67	482	0.0	560
PfHB3_030029400|DBLa|1|72|474	SenT130.09.g209	27.972	286	163	10	148	403	1076	1348	4.13e-14	77.0
PfHB3_030029400|CIDRa|1|475|716	PA0100-C.g540	92.149	242	19	0	1	242	489	730	1.34e-151	463
PfHB3_030029400|CIDRa|1|475|716	PT0052-C.g802	76.151	239	56	1	1	239	499	736	3.71e-118	371
PfHB3_030029400|CIDRa|1|475|716	PC0061-C.g182	70.124	241	72	0	1	241	484	724	1.53e-107	342
PfHB3_030029400|CIDRa|1|475|716	PM0068-C.g354	71.730	237	66	1	1	237	501	736	3.25e-105	335
PfHB3_030029400|CIDRa|1|475|716	PA0220-C.g250	65.574	244	81	2	1	242	493	735	4.04e-104	326
PfHB3_030029400|DBLd|1|808|1329	PV0112-C.g97	50.916	546	209	12	1	522	177	687	2.88e-163	494
PfHB3_030029400|DBLd|1|808|1329	PV0098-C.g101	50.916	546	209	12	1	522	595	1105	2.90e-159	493
PfHB3_030029400|DBLd|1|808|1329	QG0277-C.g1	51.799	556	172	19	1	522	840	1333	1.10e-149	465
PfHB3_030029400|DBLd|1|808|1329	QG0277-C.g1	33.645	107	66	3	357	460	291	395	8.79e-12	70.5
PfHB3_030029400|DBLd|1|808|1329	PM0114-C.g303	52.087	551	169	21	1	522	92	576	1.74e-149	454
PfHB3_030029400|DBLd|1|808|1329	PM0068-C.g843	49.365	551	210	14	1	522	621	1131	1.15e-148	465
PfHB3_030029400|DBLd|1|808|1329	PM0068-C.g843	30.142	282	107	11	1	277	148	344	8.77e-21	99.0
PfHB3_030029400|CIDRb|1|1330|1580	PC0071-C.g261	85.657	251	34	2	1	251	1349	1597	3.76e-134	418
PfHB3_030029400|CIDRb|1|1330|1580	PC0071-C.g261	30.973	113	75	1	96	205	618	730	5.31e-08	55.8
PfHB3_030029400|CIDRb|1|1330|1580	PA0202-C.g332	85.259	251	35	2	1	251	1343	1591	7.22e-134	417
PfHB3_030029400|CIDRb|1|1330|1580	PM0100-C.g1383	75.000	252	60	3	1	251	1350	1599	6.99e-114	360
PfHB3_030029400|CIDRb|1|1330|1580	PA0183-C.g577	74.206	252	62	3	1	251	1358	1607	1.36e-112	357
PfHB3_030029400|CIDRb|1|1330|1580	PA0137-C.g35	71.429	252	69	3	1	251	2131	2380	2.54e-109	348
PfHB3_030029400|DBLe|1|1625|1942	PA0149-C.g205	100.000	318	0	0	1	318	1732	2049	0.0	663
PfHB3_030029400|DBLe|1|1625|1942	PA0149-C.g205	23.418	316	154	9	53	282	111	424	3.55e-12	69.7
PfHB3_030029400|DBLe|1|1625|1942	PD0541-C.g173	99.369	317	2	0	2	318	2361	2677	0.0	653
PfHB3_030029400|DBLe|1|1625|1942	PD0541-C.g173	27.305	282	158	7	46	282	1251	1530	5.06e-20	93.2
PfHB3_030029400|DBLe|1|1625|1942	PD0541-C.g173	27.138	269	143	10	54	271	840	1106	1.67e-18	88.6
PfHB3_030029400|DBLe|1|1625|1942	PD0541-C.g173	26.728	217	112	7	51	221	107	322	4.77e-12	69.3
PfHB3_030029400|DBLe|1|1625|1942	PD0541-C.g173	22.115	312	149	9	44	263	1657	1966	3.43e-10	63.5
PfHB3_030029400|DBLe|1|1625|1942	PD0461-C.g113	99.369	317	2	0	2	318	2361	2677	0.0	653
PfHB3_030029400|DBLe|1|1625|1942	PD0461-C.g113	27.305	282	158	7	46	282	1251	1530	5.06e-20	93.2
PfHB3_030029400|DBLe|1|1625|1942	PD0461-C.g113	27.138	269	143	10	54	271	840	1106	1.67e-18	88.6
PfHB3_030029400|DBLe|1|1625|1942	PD0461-C.g113	26.728	217	112	7	51	221	107	322	4.77e-12	69.3
PfHB3_030029400|DBLe|1|1625|1942	PD0461-C.g113	22.115	312	149	9	44	263	1657	1966	3.43e-10	63.5
PfHB3_030029400|DBLe|1|1625|1942	PA0221-C.g602	98.113	318	6	0	1	318	1664	1981	0.0	653
PfHB3_030029400|DBLe|1|1625|1942	PA0221-C.g602	23.346	257	133	8	53	247	121	375	5.38e-10	63.2
PfHB3_030029400|DBLe|1|1625|1942	PD0569-C.g303	99.369	317	2	0	2	318	2372	2688	0.0	653
PfHB3_030029400|DBLe|1|1625|1942	PD0569-C.g303	27.305	282	158	7	46	282	1262	1541	4.36e-20	93.6
PfHB3_030029400|DBLe|1|1625|1942	PD0569-C.g303	25.735	272	150	9	54	275	850	1119	2.14e-14	76.3
PfHB3_030029400|DBLe|1|1625|1942	PD0569-C.g303	25.926	297	149	11	49	275	104	399	2.50e-12	70.1
PfHB3_030029400|DBLe|1|1625|1942	PD0569-C.g303	22.045	313	150	9	43	263	1667	1977	3.59e-10	63.5
PfHB3_030029400|ATS|1|2001|2437	PV0134-C.g25	82.735	446	66	6	1	437	2380	2823	0.0	728
PfHB3_030029400|ATS|1|2001|2437	PC0122-C.g100	87.886	421	44	5	2	420	1988	2403	0.0	712
PfHB3_030029400|ATS|1|2001|2437	PFKE01.g19	84.163	442	60	5	2	437	1734	2171	0.0	710
PfHB3_030029400|ATS|1|2001|2437	PV0028-C.g50	81.562	461	54	9	2	437	2601	3055	0.0	709
PfHB3_030029400|ATS|1|2001|2437	PV0211-C.g126	74.851	505	57	4	2	437	842	1345	0.0	693
PfHB3_040016500|NTS|1|1|74	QG0205-C.g882	100.000	74	0	0	1	74	1	74	1.99e-41	145
PfHB3_040016500|NTS|1|1|74	PT0158-C.g772	100.000	74	0	0	1	74	1	74	4.01e-41	144
PfHB3_040016500|NTS|1|1|74	PA0079-C.g205	97.297	74	2	0	1	74	1	74	2.53e-39	139
PfHB3_040016500|NTS|1|1|74	PM0153-C.g493	100.000	55	0	0	20	74	21	75	1.26e-28	108
PfHB3_040016500|NTS|1|1|74	PA0021-C.g677	76.812	69	9	1	6	74	3	64	7.52e-25	97.8
PfHB3_040016500|DBLa|1|75|533	PM0153-C.g493	85.931	462	57	4	1	459	76	532	0.0	790
PfHB3_040016500|DBLa|1|75|533	PM0153-C.g493	21.972	355	188	14	142	459	1119	1421	2.92e-10	65.5
PfHB3_040016500|DBLa|1|75|533	QG0205-C.g882	82.251	462	64	3	1	459	75	521	0.0	780
PfHB3_040016500|DBLa|1|75|533	PT0158-C.g772	81.034	464	71	4	1	459	75	526	0.0	756
PfHB3_040016500|DBLa|1|75|533	PT0158-C.g772	27.979	193	117	7	191	362	1148	1339	1.75e-13	75.5
PfHB3_040016500|DBLa|1|75|533	PD0582-C.g1	79.785	465	87	4	1	459	46	509	0.0	746
PfHB3_040016500|DBLa|1|75|533	QE0426-C.g436	79.785	465	87	4	1	459	46	509	0.0	745
PfHB3_040016500|DBLa|1|75|533	QE0426-C.g436	26.766	269	139	11	131	351	1057	1315	1.29e-14	79.0
PfHB3_040016500|CIDRa|1|534|843	QG0290-C.g1493	85.016	307	38	3	1	306	531	830	1.45e-164	493
PfHB3_040016500|CIDRa|1|534|843	SenT185.10.g1556	71.935	310	66	4	1	309	496	785	5.83e-130	397
PfHB3_040016500|CIDRa|1|534|843	SenT114.09.g914	73.270	318	72	5	1	310	435	747	1.01e-125	396
PfHB3_040016500|CIDRa|1|534|843	PT0041-C.g405	71.935	310	66	4	1	309	496	785	1.31e-125	396
PfHB3_040016500|CIDRa|1|534|843	QE0410-C.g482	71.104	308	77	5	1	306	508	805	8.19e-124	391
PfHB3_040016500|DBLd|1|932|1421	PT0102-C.g620	66.415	530	121	15	1	490	920	1432	0.0	598
PfHB3_040016500|DBLd|1|932|1421	PT0102-C.g620	26.087	184	117	3	241	423	260	425	1.72e-12	72.8
PfHB3_040016500|DBLd|1|932|1421	PV0084-C.g4	60.773	543	131	10	1	490	850	1363	0.0	587
PfHB3_040016500|DBLd|1|932|1421	PV0084-C.g4	29.952	207	116	6	307	490	315	515	3.70e-12	71.6
PfHB3_040016500|DBLd|1|932|1421	PH0599-C.g610	61.654	532	123	9	11	490	831	1333	0.0	585
PfHB3_040016500|DBLd|1|932|1421	PH0599-C.g610	29.469	207	117	6	307	490	285	485	4.23e-12	71.2
PfHB3_040016500|DBLd|1|932|1421	PH0610-C.g594	61.466	532	124	9	11	490	831	1333	0.0	585
PfHB3_040016500|DBLd|1|932|1421	PH0610-C.g594	29.469	207	117	6	307	490	285	485	6.14e-12	70.9
PfHB3_040016500|DBLd|1|932|1421	PH0248-C.g361	61.466	532	124	9	11	490	831	1333	0.0	585
PfHB3_040016500|DBLd|1|932|1421	PH0248-C.g361	29.469	207	117	6	307	490	285	485	6.38e-12	70.9
PfHB3_040016500|CIDRb|1|1422|1675	PF0737-C.g124	100.000	254	0	0	1	254	1306	1559	3.27e-176	529
PfHB3_040016500|CIDRb|1|1422|1675	PH0599-C.g610	100.000	254	0	0	1	254	1334	1587	3.36e-176	530
PfHB3_040016500|CIDRb|1|1422|1675	PH0248-C.g361	100.000	254	0	0	1	254	1334	1587	3.36e-176	528
PfHB3_040016500|CIDRb|1|1422|1675	PH0610-C.g594	100.000	254	0	0	1	254	1334	1587	3.58e-176	528
PfHB3_040016500|CIDRb|1|1422|1675	PT0102-C.g620	100.000	254	0	0	1	254	1433	1686	6.76e-176	530
PfHB3_040016500|ATS|1|1790|2248	PV0139-C.g12	99.564	459	2	0	1	459	1673	2131	0.0	946
PfHB3_040016500|ATS|1|1790|2248	PD0494-C.g424	98.039	459	2	1	1	459	1751	2202	0.0	924
PfHB3_040016500|ATS|1|1790|2248	PV0117-C.g40	75.322	466	85	7	1	459	1559	2001	0.0	676
PfHB3_040016500|ATS|1|1790|2248	PV0211-C.g59	75.322	466	85	7	1	459	1844	2286	0.0	675
PfHB3_040016500|ATS|1|1790|2248	PV0128-C.g37	75.322	466	85	7	1	459	1844	2286	0.0	675
PfHB3_040016800|NTS|1|1|69	PM0068-C.g301	98.551	69	1	0	1	69	1	69	2.25e-39	139
PfHB3_040016800|NTS|1|1|69	PA0200-C.g777	91.525	59	5	0	11	69	12	70	2.39e-28	107
PfHB3_040016800|NTS|1|1|69	PF0467-C.g26	72.464	69	19	0	1	69	1	69	2.11e-25	99.0
PfHB3_040016800|NTS|1|1|69	PA0081-C.g348	74.627	67	13	1	3	69	4	66	1.41e-24	96.7
PfHB3_040016800|NTS|1|1|69	PV0117-C.g63	70.833	72	17	2	1	69	1	71	8.10e-24	94.7
PfHB3_040016800|DBLa|1|70|503	QE0410-C.g516	72.273	440	100	7	1	434	63	486	0.0	629
PfHB3_040016800|DBLa|1|70|503	QE0410-C.g516	33.858	127	80	2	248	373	1201	1324	4.27e-13	73.9
PfHB3_040016800|DBLa|1|70|503	PF0058-C.g542	71.934	424	109	6	11	434	88	501	0.0	614
PfHB3_040016800|DBLa|1|70|503	PF0058-C.g542	26.791	321	182	13	140	434	1192	1485	7.92e-16	82.8
PfHB3_040016800|DBLa|1|70|503	PH0510-C.g697	72.273	440	103	8	1	434	70	496	0.0	613
PfHB3_040016800|DBLa|1|70|503	PH0510-C.g697	29.302	215	125	8	223	434	1196	1386	1.96e-15	81.3
PfHB3_040016800|DBLa|1|70|503	PF0730-C.g743	70.429	443	111	8	1	434	69	500	0.0	612
PfHB3_040016800|DBLa|1|70|503	PF0730-C.g743	33.333	102	64	3	245	342	1171	1272	7.61e-09	60.5
PfHB3_040016800|DBLa|1|70|503	PA0200-C.g777	70.455	440	110	6	1	434	71	496	0.0	602
PfHB3_040016800|DBLa|1|70|503	PA0200-C.g777	26.975	367	185	15	108	434	1023	1346	6.75e-16	82.8
PfHB3_040016800|CIDRa|1|504|778	PF0782-C.g726	72.894	273	53	3	1	272	491	743	1.08e-112	358
PfHB3_040016800|CIDRa|1|504|778	PV0246-C.g46	71.273	275	56	4	1	272	491	745	5.96e-108	345
PfHB3_040016800|CIDRa|1|504|778	PF0399-C.g281	68.592	277	79	5	1	275	500	770	8.44e-105	336
PfHB3_040016800|CIDRa|1|504|778	PF0399-C.g281	36.111	72	46	0	113	184	1454	1525	7.77e-10	61.6
PfHB3_040016800|CIDRa|1|504|778	PA0148-C.g697	73.444	241	46	2	32	272	541	763	2.23e-104	335
PfHB3_040016800|CIDRa|1|504|778	PM0063-C.g512	73.444	241	46	2	32	272	541	763	2.23e-104	335
PfHB3_040016800|DBLd|1|856|1394	SenT230.08.g200	58.761	565	181	12	1	539	899	1437	4.31e-177	546
PfHB3_040016800|DBLd|1|856|1394	SenT230.08.g200	25.984	254	146	10	226	465	191	416	5.08e-11	68.2
PfHB3_040016800|DBLd|1|856|1394	PD0507-C.g741	56.506	561	189	19	1	539	853	1380	8.50e-162	504
PfHB3_040016800|DBLd|1|856|1394	PD0507-C.g741	26.230	366	182	16	219	539	172	494	8.70e-15	80.5
PfHB3_040016800|DBLd|1|856|1394	PM0049-C.g526	51.658	573	219	19	1	539	186	734	9.80e-160	486
PfHB3_040016800|DBLd|1|856|1394	PM0157-C.g706	51.134	573	222	19	1	539	248	796	7.49e-159	485
PfHB3_040016800|DBLd|1|856|1394	PA0102-C.g410	52.035	565	227	17	1	539	912	1458	3.27e-158	496
PfHB3_040016800|DBLd|1|856|1394	PA0102-C.g410	31.071	280	148	14	280	539	258	512	2.70e-12	72.4
PfHB3_040016800|CIDRb|1|1395|1659	PD0562-C.g818	93.962	265	15	1	1	265	835	1098	3.42e-170	504
PfHB3_040016800|CIDRb|1|1395|1659	QE0395-C.g675	93.962	265	15	1	1	265	930	1193	1.63e-169	504
PfHB3_040016800|CIDRb|1|1395|1659	PD0565-C.g148	93.962	265	15	1	1	265	2234	2497	1.92e-162	501
PfHB3_040016800|CIDRb|1|1395|1659	PD0565-C.g148	31.915	235	144	7	30	263	484	703	4.52e-22	97.8
PfHB3_040016800|CIDRb|1|1395|1659	PD0511-C.g363	93.962	265	15	1	1	265	2234	2497	1.92e-162	501
PfHB3_040016800|CIDRb|1|1395|1659	PD0511-C.g363	31.915	235	144	7	30	263	484	703	4.52e-22	97.8
PfHB3_040016800|CIDRb|1|1395|1659	PA0158-C.g824	84.190	253	35	2	1	253	1329	1576	6.14e-130	405
PfHB3_040016800|ATS|1|1772|2240	PF0489-C.g723	80.338	473	74	8	1	469	1717	2174	0.0	732
PfHB3_040016800|ATS|1|1772|2240	PA0209-C.g1047	74.691	486	77	8	1	467	1781	2239	0.0	699
PfHB3_040016800|ATS|1|1772|2240	PFKE12.g305	78.737	475	84	10	1	469	1823	2286	0.0	691
PfHB3_040016800|ATS|1|1772|2240	PFKE12.g150	76.433	471	101	7	1	469	1774	2236	0.0	681
PfHB3_040016800|ATS|1|1772|2240	PV0028-C.g25	72.016	486	90	8	1	467	1768	2226	0.0	667
PfHB3_040017100|NTS|1|1|75	PT0181-C.g2443	100.000	75	0	0	1	75	1	75	3.58e-46	158
PfHB3_040017100|NTS|1|1|75	PF0098-C.g418	100.000	75	0	0	1	75	1	75	4.43e-46	158
PfHB3_040017100|NTS|1|1|75	PA0067-C.g539	100.000	75	0	0	1	75	1	75	4.43e-46	158
PfHB3_040017100|NTS|1|1|75	PF0590-C.g703	100.000	75	0	0	1	75	1	75	4.66e-46	158
PfHB3_040017100|NTS|1|1|75	PT0240-C.g722	100.000	75	0	0	1	75	1	75	4.75e-46	158
PfHB3_040017100|DBLa|1|76|536	PH0367-C.g437	100.000	461	0	0	1	461	76	536	0.0	954
PfHB3_040017100|DBLa|1|76|536	PH0367-C.g437	23.313	326	192	10	155	461	1111	1397	6.06e-16	83.2
PfHB3_040017100|DBLa|1|76|536	PF0590-C.g703	100.000	461	0	0	1	461	76	536	0.0	954
PfHB3_040017100|DBLa|1|76|536	PF0590-C.g703	23.313	326	192	10	155	461	1111	1397	5.55e-16	83.6
PfHB3_040017100|DBLa|1|76|536	PA0046-C.g362	100.000	461	0	0	1	461	76	536	0.0	954
PfHB3_040017100|DBLa|1|76|536	PA0046-C.g362	23.313	326	192	10	155	461	1111	1397	5.90e-16	83.2
PfHB3_040017100|DBLa|1|76|536	PA0034-C.g430	100.000	461	0	0	1	461	76	536	0.0	954
PfHB3_040017100|DBLa|1|76|536	PA0034-C.g430	23.313	326	192	10	155	461	1111	1397	5.90e-16	83.2
PfHB3_040017100|DBLa|1|76|536	PF0098-C.g418	100.000	461	0	0	1	461	76	536	0.0	952
PfHB3_040017100|DBLa|1|76|536	PF0098-C.g418	23.313	326	192	10	155	461	1111	1397	7.15e-16	83.2
PfHB3_040017100|CIDRa|1|537|845	PD0569-C.g730	97.351	302	8	0	1	302	541	842	0.0	602
PfHB3_040017100|CIDRa|1|537|845	PD0569-C.g730	40.000	65	38	1	153	217	1509	1572	6.68e-07	53.1
PfHB3_040017100|CIDRa|1|537|845	PD0549-C.g649	97.351	302	8	0	1	302	541	842	0.0	602
PfHB3_040017100|CIDRa|1|537|845	PD0549-C.g649	40.000	65	38	1	153	217	1509	1572	6.68e-07	53.1
PfHB3_040017100|CIDRa|1|537|845	PD0546-C.g500	97.351	302	8	0	1	302	523	824	0.0	602
PfHB3_040017100|CIDRa|1|537|845	PD0546-C.g500	40.000	65	38	1	153	217	1491	1554	6.61e-07	53.1
PfHB3_040017100|CIDRa|1|537|845	PD0527-C.g542	97.351	302	8	0	1	302	541	842	0.0	602
PfHB3_040017100|CIDRa|1|537|845	PD0527-C.g542	40.000	65	38	1	153	217	1509	1572	6.68e-07	53.1
PfHB3_040017100|CIDRa|1|537|845	PT0240-C.g722	97.351	302	8	0	1	302	520	821	0.0	602
PfHB3_040017100|CIDRa|1|537|845	PT0240-C.g722	40.000	65	38	1	153	217	1499	1562	7.22e-07	53.1
PfHB3_040017100|DBLd|1|936|1408	QG0190-C.g812	70.833	504	116	6	1	473	858	1361	0.0	709
PfHB3_040017100|DBLd|1|936|1408	QG0190-C.g812	25.306	245	133	12	173	408	192	395	4.19e-07	55.1
PfHB3_040017100|DBLd|1|936|1408	PM0096-C.g585	70.833	504	116	6	1	473	881	1384	0.0	707
PfHB3_040017100|DBLd|1|936|1408	PM0096-C.g585	25.000	212	122	6	203	406	206	388	2.45e-11	68.9
PfHB3_040017100|DBLd|1|936|1408	PT0206-Cx.g39	71.545	492	112	9	1	473	194	676	0.0	670
PfHB3_040017100|DBLd|1|936|1408	PfKE05.g189	64.185	497	133	15	1	473	862	1337	3.95e-175	537
PfHB3_040017100|DBLd|1|936|1408	PA0089-C.g245	57.113	485	168	16	1	473	909	1365	1.34e-161	501
PfHB3_040017100|CIDRb|1|1409|1655	PT0206-Cx.g39	100.000	247	0	0	1	247	677	923	4.24e-176	513
PfHB3_040017100|CIDRb|1|1409|1655	QG0190-C.g812	100.000	247	0	0	1	247	1362	1608	1.38e-169	512
PfHB3_040017100|CIDRb|1|1409|1655	PM0096-C.g585	100.000	247	0	0	1	247	1385	1631	3.96e-169	511
PfHB3_040017100|CIDRb|1|1409|1655	SenT231.08.g297	89.069	247	26	1	1	247	1379	1624	6.80e-145	446
PfHB3_040017100|CIDRb|1|1409|1655	QG0260-C.g781	89.069	247	26	1	1	247	1379	1624	7.45e-145	446
PfHB3_040017100|ATS|1|1761|2175	PfKE02.g507	80.288	416	77	5	1	415	1741	2152	0.0	637
PfHB3_040017100|ATS|1|1761|2175	PFKE12.g305	75.952	420	78	6	1	415	1823	2224	0.0	594
PfHB3_040017100|ATS|1|1761|2175	PA0168-C.g458	75.238	420	79	8	1	413	2129	2530	0.0	583
PfHB3_040017100|ATS|1|1761|2175	PFKE07.g932	74.648	426	79	8	1	415	1791	2198	0.0	576
PfHB3_040017100|ATS|1|1761|2175	PV0246-C.g3	73.031	419	87	9	1	415	3066	3462	0.0	570
PfHB3_040024700|NTS|1|1|63	PM0133-C.g565	87.500	64	7	1	1	63	1	64	1.36e-25	99.4
PfHB3_040024700|NTS|1|1|63	PA0098-C.g721	74.576	59	15	0	1	59	1	59	4.11e-22	89.4
PfHB3_040024700|NTS|1|1|63	PA0186-C.g549	72.881	59	16	0	1	59	1	59	1.49e-21	87.8
PfHB3_040024700|NTS|1|1|63	PA0200-C.g432	74.194	62	16	0	1	62	1	62	5.22e-21	86.3
PfHB3_040024700|NTS|1|1|63	QE0453-C.g934	68.254	63	19	1	1	62	1	63	7.25e-20	82.8
PfHB3_040024700|DBLa|1|64|492	QE0418-C.g1	74.065	428	83	8	22	429	79	498	0.0	629
PfHB3_040024700|DBLa|1|64|492	QG0209-C.g31	74.580	417	84	7	22	429	79	482	0.0	617
PfHB3_040024700|DBLa|1|64|492	QG0225-C.g3093	74.580	417	84	7	22	429	79	482	0.0	615
PfHB3_040024700|DBLa|1|64|492	QG0225-C.g3093	29.126	206	109	11	233	429	1208	1385	1.04e-08	60.1
PfHB3_040024700|DBLa|1|64|492	QG0195-C.g283	70.000	440	102	10	11	429	87	517	0.0	597
PfHB3_040024700|DBLa|1|64|492	QG0195-C.g283	25.208	361	208	13	101	429	1076	1406	8.13e-21	97.8
PfHB3_040024700|DBLa|1|64|492	QE0427-C.g539	67.494	443	120	9	1	429	68	500	0.0	574
PfHB3_040024700|CIDRa|1|493|791	QG0225-C.g3093	100.000	299	0	0	1	299	483	781	0.0	616
PfHB3_040024700|CIDRa|1|493|791	QG0209-C.g31	96.358	302	8	1	1	299	483	784	0.0	599
PfHB3_040024700|CIDRa|1|493|791	QE0418-C.g1	94.314	299	14	1	1	299	499	794	9.65e-177	520
PfHB3_040024700|CIDRa|1|493|791	QG0195-C.g283	80.128	312	47	4	1	297	518	829	3.01e-134	419
PfHB3_040024700|CIDRa|1|493|791	QG0195-C.g283	31.515	165	88	7	140	298	1516	1661	5.85e-08	56.2
PfHB3_040024700|CIDRa|1|493|791	PM0138-C.g1113	65.563	302	100	2	1	299	106	406	2.31e-128	399
PfHB3_040024700|DBLd|1|872|1315	PFKE10.g223	93.612	454	19	3	1	444	917	1370	0.0	811
PfHB3_040024700|DBLd|1|872|1315	PFKE10.g223	21.595	301	181	6	171	417	181	480	1.11e-12	72.8
PfHB3_040024700|DBLd|1|872|1315	PF0145-C.g479	93.612	454	19	3	1	444	903	1356	0.0	811
PfHB3_040024700|DBLd|1|872|1315	PF0145-C.g479	26.409	337	180	11	165	444	184	509	3.62e-15	80.5
PfHB3_040024700|DBLd|1|872|1315	PFKE06.g20	93.612	454	19	3	1	444	927	1380	0.0	811
PfHB3_040024700|DBLd|1|872|1315	PFKE06.g20	26.068	234	137	5	175	377	196	424	1.27e-17	88.2
PfHB3_040024700|DBLd|1|872|1315	PA0012-C.g15	93.392	454	20	3	1	444	171	624	0.0	810
PfHB3_040024700|DBLd|1|872|1315	PF0207-C.g213	93.274	446	27	2	1	444	923	1367	0.0	810
PfHB3_040024700|DBLd|1|872|1315	PF0207-C.g213	25.532	235	136	6	175	376	195	423	1.96e-13	75.1
PfHB3_040024700|CIDRg|1|1316|1560	PC0118-C.g19	100.000	245	0	0	1	245	123	367	2.62e-176	513
PfHB3_040024700|CIDRg|1|1316|1560	PA0012-C.g15	100.000	245	0	0	1	245	625	869	5.42e-175	509
PfHB3_040024700|CIDRg|1|1316|1560	PH0610-C.g553	99.184	245	2	0	1	245	636	880	5.92e-173	504
PfHB3_040024700|CIDRg|1|1316|1560	PC0061-C.g235	100.000	245	0	0	1	245	842	1086	5.99e-173	510
PfHB3_040024700|CIDRg|1|1316|1560	PA0146-C.g1199	99.592	245	1	0	1	245	636	880	1.89e-172	503
PfHB3_040024700|ATS|1|1681|2134	PV0035-C.g20	99.559	454	2	0	1	454	1733	2186	0.0	922
PfHB3_040024700|ATS|1|1681|2134	PH0148-CW.g59	99.559	454	2	0	1	454	1712	2165	0.0	921
PfHB3_040024700|ATS|1|1681|2134	PD0569-C.g509	99.559	454	2	0	1	454	1712	2165	0.0	921
PfHB3_040024700|ATS|1|1681|2134	PD0549-C.g464	99.559	454	2	0	1	454	1712	2165	0.0	921
PfHB3_040024700|ATS|1|1681|2134	PD0527-C.g529	99.559	454	2	0	1	454	1712	2165	0.0	921
PfHB3_040029500|NTS|1|1|65	PM0159-C.g797	84.615	65	9	1	1	65	1	64	1.95e-26	101
PfHB3_040029500|NTS|1|1|65	SenT150.09.g215	82.456	57	8	1	9	65	18	72	3.63e-23	92.4
PfHB3_040029500|NTS|1|1|65	PA0040-C.g460	76.923	65	14	1	1	65	1	64	3.93e-23	92.4
PfHB3_040029500|NTS|1|1|65	SenT140.11.g441	69.231	65	20	0	1	65	1	65	6.16e-21	86.3
PfHB3_040029500|NTS|1|1|65	SenT097.11.g376	69.231	65	20	0	1	65	1	65	6.16e-21	86.3
PfHB3_040029500|DBLa|1|66|510	PT0137-C.g735	92.360	445	33	1	1	445	67	510	0.0	837
PfHB3_040029500|DBLa|1|66|510	PT0137-C.g735	26.182	275	143	11	197	445	1093	1333	6.53e-11	67.4
PfHB3_040029500|DBLa|1|66|510	PM0159-C.g797	83.519	449	65	4	1	445	65	508	0.0	764
PfHB3_040029500|DBLa|1|66|510	PM0159-C.g797	26.852	324	178	12	150	445	1070	1362	1.54e-14	78.6
PfHB3_040029500|DBLa|1|66|510	SenT150.09.g215	79.823	451	68	8	1	445	73	506	0.0	695
PfHB3_040029500|DBLa|1|66|510	SenT150.09.g215	27.237	257	139	9	118	362	1007	1227	1.10e-12	72.8
PfHB3_040029500|DBLa|1|66|510	QG0226-C.g3410	72.545	448	97	10	1	445	62	486	0.0	632
PfHB3_040029500|DBLa|1|66|510	QG0226-C.g3410	23.450	371	211	13	111	445	992	1325	1.43e-11	69.3
PfHB3_040029500|DBLa|1|66|510	QG0201-C.g539	69.027	452	111	9	1	445	67	496	0.0	620
PfHB3_040029500|DBLa|1|66|510	QG0201-C.g539	27.273	264	148	13	200	445	1134	1371	1.84e-09	62.8
PfHB3_040029500|CIDRa|1|511|777	SenT150.09.g215	93.633	267	17	0	1	267	507	773	2.05e-172	518
PfHB3_040029500|CIDRa|1|511|777	PT0137-C.g735	92.884	267	19	0	1	267	511	777	7.98e-164	497
PfHB3_040029500|CIDRa|1|511|777	PM0159-C.g797	89.139	267	17	1	1	267	509	763	2.46e-162	494
PfHB3_040029500|CIDRa|1|511|777	PH0114-C.g28	68.403	288	66	4	1	265	509	794	1.11e-125	385
PfHB3_040029500|CIDRa|1|511|777	PD0500-C.g27	68.403	288	66	4	1	265	509	794	5.32e-125	384
PfHB3_040029500|DBLd|1|864|1413	PA0261-C.g795	50.526	570	217	18	1	550	261	785	8.19e-151	464
PfHB3_040029500|DBLd|1|864|1413	PC0063-C.g6321	50.877	570	215	18	1	550	910	1434	1.01e-146	464
PfHB3_040029500|DBLd|1|864|1413	PC0063-C.g6321	26.794	209	106	7	386	550	314	519	1.75e-10	66.6
PfHB3_040029500|DBLd|1|864|1413	PM0021-C.g597	50.526	570	217	18	1	550	903	1427	1.40e-145	461
PfHB3_040029500|DBLd|1|864|1413	PM0021-C.g597	23.920	301	139	11	299	550	260	519	1.92e-10	66.2
PfHB3_040029500|DBLd|1|864|1413	PC0058-C.g685	47.304	575	223	14	1	550	827	1346	8.30e-144	456
PfHB3_040029500|DBLd|1|864|1413	PC0058-C.g685	25.899	278	140	9	299	550	255	492	6.82e-14	77.4
PfHB3_040029500|DBLd|1|864|1413	PC0118-C.g178	48.962	578	251	15	1	550	1880	2441	2.52e-143	459
PfHB3_040029500|DBLd|1|864|1413	PC0118-C.g178	26.486	185	116	6	383	550	306	487	2.13e-07	56.6
PfHB3_040029500|CIDRb|1|1414|1670	PC0061-C.g144	92.430	251	17	1	2	252	1171	1419	5.09e-146	445
PfHB3_040029500|CIDRb|1|1414|1670	PT0048-C.g426	92.460	252	17	1	1	252	1374	1623	4.59e-145	446
PfHB3_040029500|CIDRb|1|1414|1670	PH0599-C.g574	86.522	230	29	1	1	230	1386	1613	2.32e-120	379
PfHB3_040029500|CIDRb|1|1414|1670	QG0280-C.g938	83.043	230	37	1	1	230	1319	1546	1.11e-112	357
PfHB3_040029500|CIDRb|1|1414|1670	PF0240-C.g151	73.705	251	63	2	1	250	2239	2487	2.12e-108	345
PfHB3_040029500|CIDRb|1|1414|1670	PF0240-C.g151	33.333	108	69	2	65	169	58	165	8.71e-10	61.2
PfHB3_040029500|ATS|1|1792|2227	PA0245-C.g391	83.144	439	68	5	1	436	2512	2947	0.0	715
PfHB3_040029500|ATS|1|1792|2227	PC0097-C.g664	78.540	452	77	6	1	436	2364	2811	0.0	684
PfHB3_040029500|ATS|1|1792|2227	PA0270-C.g443	78.289	456	78	6	1	436	2185	2639	0.0	681
PfHB3_040029500|ATS|1|1792|2227	PA0157-C.g190	77.412	456	81	5	1	436	2245	2698	0.0	680
PfHB3_040029500|ATS|1|1792|2227	PA0245-C.g998	76.906	459	82	6	1	436	1706	2163	0.0	676
PfHB3_050005200|NTS|1|1|74	PT0242-Cx.g302	100.000	74	0	0	1	74	1	74	1.27e-43	151
PfHB3_050005200|NTS|1|1|74	PF0730-C.g205	100.000	74	0	0	1	74	1	74	2.39e-43	150
PfHB3_050005200|NTS|1|1|74	PC0053-C.g325	100.000	74	0	0	1	74	1	74	6.18e-43	149
PfHB3_050005200|NTS|1|1|74	PM0073-C.g746	100.000	74	0	0	1	74	1	74	9.20e-43	148
PfHB3_050005200|NTS|1|1|74	PF0590-C.g28	76.316	76	16	2	1	74	1	76	4.79e-29	109
PfHB3_050005200|DBLa|1|75|458	PC0053-C.g325	99.479	384	2	0	1	384	75	458	0.0	802
PfHB3_050005200|DBLa|1|75|458	PC0053-C.g325	31.642	335	161	11	12	325	1971	2258	3.69e-38	148
PfHB3_050005200|DBLa|1|75|458	PC0053-C.g325	27.000	400	221	11	36	384	1227	1606	1.05e-31	129
PfHB3_050005200|DBLa|1|75|458	PC0053-C.g325	25.159	314	174	9	49	341	875	1148	1.13e-17	87.8
PfHB3_050005200|DBLa|1|75|458	PT0242-Cx.g302	99.479	384	2	0	1	384	75	458	0.0	797
PfHB3_050005200|DBLa|1|75|458	PT0242-Cx.g302	29.965	287	170	9	112	384	1351	1620	7.69e-32	130
PfHB3_050005200|DBLa|1|75|458	PT0242-Cx.g302	24.927	341	189	11	22	341	876	1170	1.06e-12	72.4
PfHB3_050005200|DBLa|1|75|458	PM0073-C.g746	83.290	389	57	5	1	384	75	460	0.0	639
PfHB3_050005200|DBLa|1|75|458	PM0073-C.g746	25.683	366	218	10	9	371	1262	1576	2.86e-19	92.4
PfHB3_050005200|DBLa|1|75|458	PM0073-C.g746	26.522	230	149	4	173	384	1985	2212	1.17e-18	90.5
PfHB3_050005200|DBLa|1|75|458	PM0073-C.g746	25.478	314	168	12	53	329	861	1145	4.77e-13	73.6
PfHB3_050005200|DBLa|1|75|458	PF0730-C.g205	83.290	389	57	5	1	384	75	460	0.0	639
PfHB3_050005200|DBLa|1|75|458	PF0730-C.g205	32.424	330	165	12	8	319	803	1092	5.80e-38	147
PfHB3_050005200|DBLa|1|75|458	PF0730-C.g205	27.413	259	139	7	173	384	1851	2107	4.85e-19	91.7
PfHB3_050005200|DBLa|1|75|458	PF0730-C.g205	21.512	344	193	10	50	368	1327	1618	8.54e-11	66.2
PfHB3_050005200|DBLa|1|75|458	PF0524-C.g511	77.778	387	82	3	1	384	75	460	0.0	609
PfHB3_050005200|DBLa|1|75|458	PF0524-C.g511	30.030	333	187	10	8	327	894	1193	1.60e-33	135
PfHB3_050005200|DBLa|1|75|458	PF0524-C.g511	25.478	314	172	11	53	341	1347	1623	2.24e-14	77.4
PfHB3_050005200|DBLa|1|75|458	PF0524-C.g511	23.607	305	169	12	36	318	1713	1975	2.19e-11	68.2
PfHB3_050005200|CIDRd|1|459|715	PA0078-C.g94	97.255	255	7	0	1	255	468	722	9.73e-165	506
PfHB3_050005200|CIDRd|1|459|715	PA0078-C.g94	35.714	252	153	3	1	248	1587	1833	2.49e-43	159
PfHB3_050005200|CIDRd|1|459|715	PT0095-C.g223	86.667	255	34	0	1	255	466	720	2.05e-143	446
PfHB3_050005200|CIDRd|1|459|715	PT0095-C.g223	36.290	248	157	1	1	248	1611	1857	5.83e-40	149
PfHB3_050005200|CIDRd|1|459|715	PT0118-C.g492	88.934	244	27	0	1	244	464	707	5.46e-143	444
PfHB3_050005200|CIDRd|1|459|715	PT0156-C.g420	86.667	255	34	0	1	255	466	720	7.70e-143	444
PfHB3_050005200|CIDRd|1|459|715	PT0156-C.g420	33.476	233	128	5	33	251	1650	1869	3.38e-29	118
PfHB3_050005200|CIDRd|1|459|715	PA0256-C.g299	86.667	255	34	0	1	255	466	720	1.21e-142	444
PfHB3_050005200|CIDRd|1|459|715	PA0256-C.g299	36.948	249	153	4	1	248	1595	1840	7.35e-42	154
PfHB3_050005200|DBLg|1|807|1186	PD0511-C.g801	67.708	384	115	6	1	380	1218	1596	8.76e-167	519
PfHB3_050005200|DBLg|1|807|1186	PD0511-C.g801	40.181	331	174	9	1	320	2758	3075	1.05e-62	219
PfHB3_050005200|DBLg|1|807|1186	PD0511-C.g801	36.752	351	162	11	1	299	1603	1945	2.64e-54	195
PfHB3_050005200|DBLg|1|807|1186	PD0511-C.g801	25.086	291	167	11	30	300	2399	2658	7.98e-17	85.1
PfHB3_050005200|DBLg|1|807|1186	PD0511-C.g801	25.373	268	156	9	47	299	859	1097	2.92e-16	83.2
PfHB3_050005200|DBLg|1|807|1186	PD0511-C.g801	25.402	311	181	11	45	326	120	408	6.47e-13	72.8
PfHB3_050005200|DBLg|1|807|1186	QG0277-C.g97	69.152	389	101	6	1	380	1744	2122	1.39e-164	513
PfHB3_050005200|DBLg|1|807|1186	QG0277-C.g97	46.535	404	166	14	1	380	1250	1627	5.10e-97	318
PfHB3_050005200|DBLg|1|807|1186	QG0277-C.g97	30.789	380	172	15	1	296	2129	2501	1.56e-36	143
PfHB3_050005200|DBLg|1|807|1186	QG0277-C.g97	25.000	264	153	7	47	292	856	1092	4.15e-17	85.9
PfHB3_050005200|DBLg|1|807|1186	QG0277-C.g97	24.373	279	159	9	44	285	124	387	2.53e-13	74.3
PfHB3_050005200|DBLg|1|807|1186	QG0276-C.g357	63.636	385	123	5	1	380	2096	2468	7.22e-153	479
PfHB3_050005200|DBLg|1|807|1186	QG0276-C.g357	49.872	391	167	11	1	380	1706	2078	1.04e-104	341
PfHB3_050005200|DBLg|1|807|1186	QG0276-C.g357	29.695	394	173	16	1	293	2589	2979	6.49e-34	135
PfHB3_050005200|DBLg|1|807|1186	QG0276-C.g357	27.304	293	164	8	36	299	116	388	8.19e-22	100
PfHB3_050005200|DBLg|1|807|1186	QG0276-C.g357	26.786	280	149	10	47	300	840	1089	2.07e-18	89.7
PfHB3_050005200|DBLg|1|807|1186	QG0276-C.g357	23.765	324	192	13	1	300	1310	1602	4.85e-16	82.4
PfHB3_050005200|DBLg|1|807|1186	PT0008-CW.g525	63.636	385	123	5	1	380	1431	1803	1.34e-152	478
PfHB3_050005200|DBLg|1|807|1186	PT0008-CW.g525	41.582	392	181	14	1	380	1062	1417	1.10e-78	266
PfHB3_050005200|DBLg|1|807|1186	PT0008-CW.g525	32.934	334	147	13	46	321	1996	2310	2.01e-38	149
PfHB3_050005200|DBLg|1|807|1186	PT0008-CW.g525	27.306	271	141	10	47	299	701	933	8.05e-21	97.1
PfHB3_050005200|DBLg|1|807|1186	PT0008-CW.g525	29.412	272	131	14	50	300	201	432	3.28e-18	89.4
PfHB3_050005200|DBLg|1|807|1186	QG0194-C.g485	63.636	385	123	5	1	380	2100	2472	2.01e-152	478
PfHB3_050005200|DBLg|1|807|1186	QG0194-C.g485	41.582	392	181	14	1	380	1731	2086	1.27e-78	266
PfHB3_050005200|DBLg|1|807|1186	QG0194-C.g485	31.298	393	168	18	1	299	2581	2965	1.29e-38	149
PfHB3_050005200|DBLg|1|807|1186	QG0194-C.g485	29.577	284	163	10	30	299	1343	1603	1.38e-25	111
PfHB3_050005200|DBLg|1|807|1186	QG0194-C.g485	27.273	275	165	9	47	301	857	1116	1.36e-22	102
PfHB3_050005200|DBLg|1|807|1186	QG0194-C.g485	24.662	296	167	10	44	304	130	404	1.70e-15	80.9
PfHB3_050005200|DBLd|1|1330|1869	PA0079-C.g316	48.837	559	242	14	1	540	867	1400	2.30e-150	474
PfHB3_050005200|DBLd|1|1330|1869	PA0079-C.g316	30.978	184	112	8	370	540	318	499	4.41e-09	62.0
PfHB3_050005200|DBLd|1|1330|1869	PT0156-C.g176	48.639	551	241	15	1	540	811	1330	3.00e-148	468
PfHB3_050005200|DBLd|1|1330|1869	PT0156-C.g176	23.775	408	155	9	63	470	327	578	5.05e-20	97.1
PfHB3_050005200|DBLd|1|1330|1869	PT0156-C.g176	22.549	306	154	8	215	520	1	223	3.53e-11	68.6
PfHB3_050005200|DBLd|1|1330|1869	PF0119-C.g481	49.911	559	236	16	1	540	896	1429	1.00e-146	464
PfHB3_050005200|DBLd|1|1330|1869	PC0085-C.g597	49.381	565	229	18	1	540	1888	2420	3.28e-143	458
PfHB3_050005200|DBLd|1|1330|1869	PC0085-C.g597	27.429	175	120	4	373	540	295	469	4.82e-12	71.6
PfHB3_050005200|DBLd|1|1330|1869	PA0202-C.g651	50.364	550	228	16	1	540	808	1322	3.61e-143	453
PfHB3_050005200|CIDRb|1|1870|2118	PA0161-C.g352	95.510	245	11	0	1	245	1865	2109	1.73e-156	482
PfHB3_050005200|CIDRb|1|1870|2118	PA0137-C.g400	98.246	228	4	0	1	228	1800	2027	5.49e-150	463
PfHB3_050005200|CIDRb|1|1870|2118	PA0137-C.g400	33.333	93	58	2	80	171	591	680	1.19e-09	60.8
PfHB3_050005200|CIDRb|1|1870|2118	PA0262-C.g657	71.605	243	65	4	1	241	1335	1575	1.05e-103	332
PfHB3_050005200|CIDRb|1|1870|2118	PA0262-C.g657	24.627	134	89	3	72	203	556	679	1.09e-08	57.8
PfHB3_050005200|CIDRb|1|1870|2118	PT0219-C.g578	68.273	249	71	3	1	241	1337	1585	1.46e-99	320
PfHB3_050005200|CIDRb|1|1870|2118	PH0643-C.g840	68.924	251	76	2	1	249	1375	1625	9.45e-98	315
PfHB3_050005200|DBLg|2|2165|2539	PA0251-C.g608	100.000	375	0	0	1	375	357	731	0.0	775
PfHB3_050005200|DBLg|2|2165|2539	PA0251-C.g608	29.183	257	141	7	44	297	1227	1445	1.52e-22	102
PfHB3_050005200|DBLg|2|2165|2539	PA0251-C.g608	26.132	287	166	12	32	296	828	1090	3.46e-13	73.6
PfHB3_050005200|DBLg|2|2165|2539	SenT230.08.g600	77.333	375	84	1	1	375	1958	2331	0.0	574
PfHB3_050005200|DBLg|2|2165|2539	SenT230.08.g600	31.085	341	165	10	26	307	1265	1594	2.23e-34	137
PfHB3_050005200|DBLg|2|2165|2539	SenT230.08.g600	25.321	312	172	11	34	300	94	389	1.26e-12	72.0
PfHB3_050005200|DBLg|2|2165|2539	SenT230.08.g600	23.214	280	160	9	48	296	850	1105	2.98e-12	70.9
PfHB3_050005200|DBLg|2|2165|2539	SenT230.08.g600	22.438	361	212	14	48	375	2435	2760	1.87e-07	55.8
PfHB3_050005200|DBLg|2|2165|2539	PF0122-C.g158	77.333	375	84	1	1	375	1958	2331	0.0	574
PfHB3_050005200|DBLg|2|2165|2539	PF0122-C.g158	31.085	341	165	10	26	307	1265	1594	2.23e-34	137
PfHB3_050005200|DBLg|2|2165|2539	PF0122-C.g158	25.321	312	172	11	34	300	94	389	1.26e-12	72.0
PfHB3_050005200|DBLg|2|2165|2539	PF0122-C.g158	23.214	280	160	9	48	296	850	1105	2.98e-12	70.9
PfHB3_050005200|DBLg|2|2165|2539	PF0122-C.g158	22.438	361	212	14	48	375	2435	2760	1.87e-07	55.8
PfHB3_050005200|DBLg|2|2165|2539	QG0276-C.g274	70.400	375	101	3	1	375	1239	1603	4.95e-175	541
PfHB3_050005200|DBLg|2|2165|2539	QG0276-C.g274	22.449	294	174	7	44	329	2099	2346	1.77e-14	77.8
PfHB3_050005200|DBLg|2|2165|2539	QG0276-C.g274	26.027	292	160	13	32	296	1700	1962	3.28e-13	73.9
PfHB3_050005200|DBLg|2|2165|2539	QG0276-C.g274	22.956	318	174	8	34	298	100	399	1.89e-12	71.2
PfHB3_050005200|DBLg|2|2165|2539	QG0276-C.g274	20.714	280	160	8	48	297	864	1111	1.21e-07	56.2
PfHB3_050005200|DBLg|2|2165|2539	PD0515-C.g176	70.496	383	98	7	1	375	1557	1932	4.54e-174	536
PfHB3_050005200|DBLg|2|2165|2539	PD0515-C.g176	27.475	404	181	15	1	299	815	1211	1.03e-30	126
PfHB3_050005200|DBLg|2|2165|2539	PD0515-C.g176	21.941	237	135	5	45	248	111	330	2.99e-07	55.1
PfHB3_050005200|DBLz|1|2560|2981	PD0572-C.g169	100.000	422	0	0	1	422	2497	2918	0.0	876
PfHB3_050005200|DBLz|1|2560|2981	PD0572-C.g169	33.333	405	211	18	63	422	923	1313	3.49e-40	155
PfHB3_050005200|DBLz|1|2560|2981	PD0572-C.g169	28.125	384	216	12	43	369	70	450	1.12e-27	118
PfHB3_050005200|DBLz|1|2560|2981	PD0572-C.g169	29.682	283	147	13	60	334	2944	3182	1.64e-21	100
PfHB3_050005200|DBLz|1|2560|2981	PD0572-C.g169	24.731	279	154	12	90	339	2146	2397	2.90e-09	62.0
PfHB3_050005200|DBLz|1|2560|2981	PD0565-C.g811	100.000	422	0	0	1	422	2497	2918	0.0	876
PfHB3_050005200|DBLz|1|2560|2981	PD0565-C.g811	33.333	405	211	18	63	422	923	1313	3.49e-40	155
PfHB3_050005200|DBLz|1|2560|2981	PD0565-C.g811	28.125	384	216	12	43	369	70	450	1.12e-27	118
PfHB3_050005200|DBLz|1|2560|2981	PD0565-C.g811	29.682	283	147	13	60	334	2944	3182	1.64e-21	100
PfHB3_050005200|DBLz|1|2560|2981	PD0565-C.g811	24.731	279	154	12	90	339	2146	2397	2.90e-09	62.0
PfHB3_050005200|DBLz|1|2560|2981	PD0539-C.g249	100.000	422	0	0	1	422	2497	2918	0.0	876
PfHB3_050005200|DBLz|1|2560|2981	PD0539-C.g249	33.333	405	211	18	63	422	923	1313	3.49e-40	155
PfHB3_050005200|DBLz|1|2560|2981	PD0539-C.g249	28.125	384	216	12	43	369	70	450	1.12e-27	118
PfHB3_050005200|DBLz|1|2560|2981	PD0539-C.g249	29.682	283	147	13	60	334	2944	3182	1.64e-21	100
PfHB3_050005200|DBLz|1|2560|2981	PD0539-C.g249	24.731	279	154	12	90	339	2146	2397	2.90e-09	62.0
PfHB3_050005200|DBLz|1|2560|2981	QG0252-C.g359	100.000	422	0	0	1	422	1929	2350	0.0	875
PfHB3_050005200|DBLz|1|2560|2981	QG0252-C.g359	28.571	287	163	11	60	342	2376	2624	2.30e-22	102
PfHB3_050005200|DBLz|1|2560|2981	QG0252-C.g359	31.739	230	128	6	90	291	121	349	4.86e-22	101
PfHB3_050005200|DBLz|1|2560|2981	QG0252-C.g359	25.887	282	159	11	77	339	1579	1829	9.90e-11	66.6
PfHB3_050005200|DBLz|1|2560|2981	PT0071-C.g770	99.763	422	1	0	1	422	1604	2025	0.0	875
PfHB3_050005200|DBLz|1|2560|2981	PT0071-C.g770	30.939	362	201	14	2	342	735	1068	2.51e-30	126
PfHB3_050005200|DBLz|1|2560|2981	PT0071-C.g770	28.144	334	207	10	63	370	82	408	6.56e-26	113
PfHB3_050005200|DBLz|1|2560|2981	PT0071-C.g770	28.571	294	164	12	60	345	2051	2306	6.85e-23	104
PfHB3_050005200|DBLz|1|2560|2981	PT0071-C.g770	24.436	266	154	10	90	339	1270	1504	4.45e-12	70.9
PfHB3_050005200|DBLe|1|2987|3308	QG0252-C.g359	100.000	322	0	0	1	322	2356	2677	0.0	671
PfHB3_050005200|DBLe|1|2987|3308	QG0252-C.g359	28.028	289	176	8	3	267	1550	1830	7.73e-24	104
PfHB3_050005200|DBLe|1|2987|3308	QG0252-C.g359	28.179	291	167	11	17	269	1984	2270	1.23e-22	101
PfHB3_050005200|DBLe|1|2987|3308	QG0252-C.g359	23.237	241	128	8	41	224	110	350	2.60e-11	67.0
PfHB3_050005200|DBLe|1|2987|3308	QG0252-C.g359	23.077	221	117	5	101	268	970	1190	2.69e-10	63.9
PfHB3_050005200|DBLe|1|2987|3308	PA0251-C.g608	100.000	322	0	0	1	322	1179	1500	0.0	669
PfHB3_050005200|DBLe|1|2987|3308	PA0251-C.g608	27.742	310	172	10	6	267	348	653	9.00e-24	104
PfHB3_050005200|DBLe|1|2987|3308	PA0251-C.g608	28.571	287	163	11	21	269	811	1093	6.63e-23	101
PfHB3_050005200|DBLe|1|2987|3308	PM0142-C.g273	99.689	322	1	0	1	322	2004	2325	0.0	668
PfHB3_050005200|DBLe|1|2987|3308	PM0142-C.g273	30.962	239	143	8	46	267	1245	1478	4.62e-23	102
PfHB3_050005200|DBLe|1|2987|3308	PM0142-C.g273	28.571	287	163	11	21	269	1636	1918	2.09e-22	100
PfHB3_050005200|DBLe|1|2987|3308	PM0142-C.g273	28.076	317	165	13	12	279	797	1099	2.14e-20	94.4
PfHB3_050005200|DBLe|1|2987|3308	PM0142-C.g273	24.880	209	121	9	50	224	123	329	4.52e-08	57.0
PfHB3_050005200|DBLe|1|2987|3308	PD0572-C.g169	89.441	322	32	1	1	322	2924	3243	0.0	603
PfHB3_050005200|DBLe|1|2987|3308	PD0572-C.g169	28.179	291	167	11	17	269	2552	2838	1.67e-22	100
PfHB3_050005200|DBLe|1|2987|3308	PD0572-C.g169	28.155	309	169	12	3	267	2099	2398	4.36e-21	96.7
PfHB3_050005200|DBLe|1|2987|3308	PD0572-C.g169	28.629	248	133	10	46	251	947	1192	1.06e-20	95.5
PfHB3_050005200|DBLe|1|2987|3308	PD0572-C.g169	25.339	221	112	8	41	209	114	333	2.77e-09	60.8
PfHB3_050005200|DBLe|1|2987|3308	PD0565-C.g811	89.441	322	32	1	1	322	2924	3243	0.0	603
PfHB3_050005200|DBLe|1|2987|3308	PD0565-C.g811	28.179	291	167	11	17	269	2552	2838	1.67e-22	100
PfHB3_050005200|DBLe|1|2987|3308	PD0565-C.g811	28.155	309	169	12	3	267	2099	2398	4.36e-21	96.7
PfHB3_050005200|DBLe|1|2987|3308	PD0565-C.g811	28.629	248	133	10	46	251	947	1192	1.06e-20	95.5
PfHB3_050005200|DBLe|1|2987|3308	PD0565-C.g811	25.339	221	112	8	41	209	114	333	2.77e-09	60.8
PfHB3_050005200|ATS|1|3352|3776	PV0083-C.g28	80.000	430	77	5	1	425	2401	2826	0.0	675
PfHB3_050005200|ATS|1|3352|3776	PfKE04.g5	79.856	417	72	6	1	416	2413	2818	0.0	666
PfHB3_050005200|ATS|1|3352|3776	PFKE11.g264	72.527	455	89	10	1	425	2779	3227	0.0	630
PfHB3_050005200|ATS|1|3352|3776	PD0503-C.g340	74.541	436	97	8	1	425	2120	2552	0.0	623
PfHB3_050005200|ATS|1|3352|3776	PC0107-C.g190	72.222	432	105	8	1	425	2706	3129	0.0	623
PfHB3_050038500|NTS|1|1|59	PT0117-C.g861	76.786	56	11	1	1	54	1	56	3.58e-21	86.7
PfHB3_050038500|NTS|1|1|59	PT0102-C.g893	74.576	59	13	1	1	59	1	57	4.61e-21	86.3
PfHB3_050038500|NTS|1|1|59	PD0632-C.g726	72.549	51	14	0	9	59	10	60	1.08e-18	79.3
PfHB3_050038500|NTS|1|1|59	PH0643-C.g875	86.047	43	6	0	2	44	7	49	1.96e-18	78.6
PfHB3_050038500|NTS|1|1|59	PF0058-C.g557	72.222	54	13	1	1	52	1	54	7.66e-18	77.0
PfHB3_050038500|DBLa|1|60|498	PT0014-CW.g266	69.058	446	105	9	1	439	63	482	0.0	605
PfHB3_050038500|DBLa|1|60|498	PT0014-CW.g266	26.400	250	129	7	153	358	1124	1362	2.01e-17	87.8
PfHB3_050038500|DBLa|1|60|498	QE0419-C.g703	67.111	450	116	12	9	439	72	508	0.0	580
PfHB3_050038500|DBLa|1|60|498	QE0419-C.g703	23.885	314	187	10	153	439	1112	1400	1.29e-14	79.0
PfHB3_050038500|DBLa|1|60|498	PF0098-C.g258	67.045	440	109	9	14	439	88	505	0.0	570
PfHB3_050038500|DBLa|1|60|498	PF0098-C.g258	24.542	273	153	6	203	439	1158	1413	2.04e-11	68.9
PfHB3_050038500|DBLa|1|60|498	PA0137-C.g753	66.059	439	122	11	9	439	74	493	0.0	557
PfHB3_050038500|DBLa|1|60|498	QG0290-C.g994	62.723	448	140	10	1	439	75	504	4.14e-178	545
PfHB3_050038500|DBLa|1|60|498	QG0290-C.g994	23.876	356	215	11	127	439	1068	1410	4.48e-15	80.5
PfHB3_050038500|CIDRa|1|499|809	QG0250-C.g2761	81.994	311	51	3	1	311	509	814	3.37e-161	494
PfHB3_050038500|CIDRa|1|499|809	QG0249-C.g795	81.994	311	51	3	1	311	509	814	3.37e-161	494
PfHB3_050038500|CIDRa|1|499|809	QE0440-C.g708	73.377	308	68	2	1	308	508	801	5.42e-136	424
PfHB3_050038500|CIDRa|1|499|809	PH0815-C.g977	73.377	308	68	2	1	308	508	801	5.73e-136	424
PfHB3_050038500|CIDRa|1|499|809	PV0233-C.g96	73.377	308	68	2	1	308	508	801	5.91e-136	424
PfHB3_050038500|DBLd|1|894|1381	QG0261-C.g221	61.090	532	133	16	1	488	830	1331	5.76e-166	521
PfHB3_050038500|DBLd|1|894|1381	QG0261-C.g221	25.891	421	183	13	1	419	1650	1943	1.85e-28	122
PfHB3_050038500|DBLd|1|894|1381	QG0261-C.g221	24.561	285	166	7	175	452	188	430	6.20e-19	93.2
PfHB3_050038500|DBLd|1|894|1381	QG0261-C.g221	24.809	262	140	8	176	437	2189	2393	1.15e-09	63.5
PfHB3_050038500|DBLd|1|894|1381	PV0188-C.g53	53.259	537	184	15	1	488	34	552	2.33e-163	490
PfHB3_050038500|DBLd|1|894|1381	QE0426-C.g450	53.073	537	185	15	1	488	77	595	1.02e-162	488
PfHB3_050038500|DBLd|1|894|1381	PD0582-C.g703	52.661	545	182	17	1	488	782	1307	1.77e-156	487
PfHB3_050038500|DBLd|1|894|1381	PD0582-C.g703	22.059	340	192	12	175	488	175	467	3.40e-08	58.9
PfHB3_050038500|DBLd|1|894|1381	PC0080-C.g355	53.073	537	185	15	1	488	751	1269	4.97e-156	485
PfHB3_050038500|DBLd|1|894|1381	PC0080-C.g355	22.059	340	192	12	175	488	144	436	2.51e-08	59.3
PfHB3_050038500|CIDRb|1|1382|1634	QG0295-C.g5033	64.062	256	81	6	1	249	608	859	3.37e-101	317
PfHB3_050038500|CIDRb|1|1382|1634	PH0307-C.g459	63.019	265	85	5	1	253	1351	1614	2.21e-99	319
PfHB3_050038500|CIDRb|1|1382|1634	PH0225-C.g78	63.019	265	85	5	1	253	1364	1627	2.25e-99	319
PfHB3_050038500|CIDRb|1|1382|1634	PH0286-CW.g572	63.019	265	85	5	1	253	1351	1614	2.51e-99	319
PfHB3_050038500|CIDRb|1|1382|1634	PH1003-C.g675	63.019	265	85	5	1	253	1351	1614	2.70e-99	319
PfHB3_050038500|ATS|1|1773|2274	QE0436-C.g670	77.500	520	87	8	2	502	1708	2216	0.0	754
PfHB3_050038500|ATS|1|1773|2274	PV0139-C.g130	76.718	524	81	7	1	502	874	1378	0.0	722
PfHB3_050038500|ATS|1|1773|2274	PC0104-C.g515	78.058	515	74	8	1	502	1694	2182	0.0	720
PfHB3_050038500|ATS|1|1773|2274	PV0118-C.g21	73.048	538	63	10	1	502	2115	2606	0.0	717
PfHB3_050038500|ATS|1|1773|2274	PT0219-C.g578	73.786	515	90	8	1	502	1736	2218	0.0	705
PfHB3_060021800|NTS|1|1|57	PM0114-C.g55	100.000	57	0	0	1	57	1	57	4.53e-33	120
PfHB3_060021800|NTS|1|1|57	QG0246-C.g3030	100.000	57	0	0	1	57	1	57	5.14e-33	120
PfHB3_060021800|NTS|1|1|57	PA0027-C.g109	100.000	57	0	0	1	57	1	57	5.14e-33	120
PfHB3_060021800|NTS|1|1|57	PA0040-C.g131	100.000	57	0	0	1	57	1	57	5.24e-33	120
PfHB3_060021800|NTS|1|1|57	PA0220-C.g382	100.000	57	0	0	1	57	1	57	5.34e-33	120
PfHB3_060021800|DBLa|1|58|456	PV0301-C.g19	100.000	399	0	0	1	399	58	456	0.0	838
PfHB3_060021800|DBLa|1|58|456	PV0301-C.g19	30.931	333	176	9	1	319	809	1101	3.54e-35	140
PfHB3_060021800|DBLa|1|58|456	PV0301-C.g19	27.362	307	175	10	114	399	1760	2039	3.26e-14	77.4
PfHB3_060021800|DBLa|1|58|456	PV0301-C.g19	23.718	312	188	11	48	348	1264	1536	2.95e-11	68.2
PfHB3_060021800|DBLa|1|58|456	PH0341-C.g81	100.000	399	0	0	1	399	58	456	0.0	838
PfHB3_060021800|DBLa|1|58|456	PH0341-C.g81	30.931	333	176	9	1	319	809	1101	3.57e-35	140
PfHB3_060021800|DBLa|1|58|456	PH0341-C.g81	27.362	307	175	10	114	399	1760	2039	3.41e-14	77.0
PfHB3_060021800|DBLa|1|58|456	PH0341-C.g81	23.718	312	188	11	48	348	1264	1536	3.03e-11	67.8
PfHB3_060021800|DBLa|1|58|456	PA0046-C.g456	100.000	399	0	0	1	399	58	456	0.0	838
PfHB3_060021800|DBLa|1|58|456	PA0046-C.g456	30.931	333	176	9	1	319	809	1101	3.47e-35	140
PfHB3_060021800|DBLa|1|58|456	PA0046-C.g456	27.362	307	175	10	114	399	1771	2050	3.54e-14	77.0
PfHB3_060021800|DBLa|1|58|456	PA0046-C.g456	23.718	312	188	11	48	348	1275	1547	2.95e-11	68.2
PfHB3_060021800|DBLa|1|58|456	PA0186-C.g58	100.000	399	0	0	1	399	58	456	0.0	837
PfHB3_060021800|DBLa|1|58|456	PA0186-C.g58	32.024	331	166	10	1	319	809	1092	1.50e-34	138
PfHB3_060021800|DBLa|1|58|456	PA0186-C.g58	27.362	307	175	10	114	399	1763	2042	3.18e-14	77.4
PfHB3_060021800|DBLa|1|58|456	PA0186-C.g58	23.962	313	189	10	47	348	1265	1539	2.88e-12	71.2
PfHB3_060021800|DBLa|1|58|456	PA0165-C.g96	100.000	399	0	0	1	399	58	456	0.0	837
PfHB3_060021800|DBLa|1|58|456	PA0165-C.g96	30.931	333	176	9	1	319	809	1101	3.50e-35	140
PfHB3_060021800|DBLa|1|58|456	PA0165-C.g96	27.362	307	175	10	114	399	1760	2039	3.01e-14	77.4
PfHB3_060021800|DBLa|1|58|456	PA0165-C.g96	24.211	285	168	10	48	321	1264	1511	6.87e-12	70.1
PfHB3_060021800|CIDRa|1|457|707	PC0056-C.g512	100.000	251	0	0	1	251	458	708	6.72e-176	511
PfHB3_060021800|CIDRa|1|457|707	PT0240-C.g64	100.000	251	0	0	1	251	457	707	1.55e-174	510
PfHB3_060021800|CIDRa|1|457|707	QG0285-C.g663	100.000	251	0	0	1	251	285	535	1.73e-174	509
PfHB3_060021800|CIDRa|1|457|707	QG0298-C.g3046	100.000	251	0	0	1	251	457	707	5.74e-174	510
PfHB3_060021800|CIDRa|1|457|707	QG0203-C.g216	100.000	251	0	0	1	251	36	286	4.78e-173	509
PfHB3_060021800|DBLb|1|738|1202	PF0207-C.g400	100.000	465	0	0	1	465	147	611	0.0	983
PfHB3_060021800|DBLb|1|738|1202	PF0207-C.g400	26.923	234	129	5	185	398	741	952	1.64e-16	85.1
PfHB3_060021800|DBLb|1|738|1202	PT0256-C.g116	100.000	465	0	0	1	465	749	1213	0.0	983
PfHB3_060021800|DBLb|1|738|1202	PT0256-C.g116	28.861	395	208	15	15	364	21	387	3.66e-31	130
PfHB3_060021800|DBLb|1|738|1202	PT0256-C.g116	27.063	303	163	8	185	465	1343	1609	1.82e-19	94.4
PfHB3_060021800|DBLb|1|738|1202	PT0256-C.g116	23.443	273	134	9	186	406	1756	2005	7.92e-07	54.3
PfHB3_060021800|DBLb|1|738|1202	PA0211-C.g74	100.000	465	0	0	1	465	721	1185	0.0	983
PfHB3_060021800|DBLb|1|738|1202	PA0211-C.g74	29.462	353	192	11	8	332	6	329	1.09e-31	131
PfHB3_060021800|DBLb|1|738|1202	PA0211-C.g74	26.923	234	129	5	185	398	1315	1526	1.60e-16	85.1
PfHB3_060021800|DBLb|1|738|1202	PA0165-C.g96	100.000	465	0	0	1	465	738	1202	0.0	982
PfHB3_060021800|DBLb|1|738|1202	PA0165-C.g96	28.967	397	216	12	8	364	6	376	9.13e-36	144
PfHB3_060021800|DBLb|1|738|1202	PA0165-C.g96	29.500	200	99	5	185	364	1332	1509	4.04e-17	87.0
PfHB3_060021800|DBLb|1|738|1202	PT0240-C.g757	100.000	465	0	0	1	465	128	592	0.0	982
PfHB3_060021800|DBLb|1|738|1202	PT0240-C.g757	26.923	234	129	5	185	398	689	900	1.62e-16	85.1
PfHB3_060021800|DBLg|1|1220|1581	PF0207-C.g400	84.110	365	55	2	1	362	629	993	0.0	641
PfHB3_060021800|DBLg|1|1220|1581	PF0207-C.g400	33.523	352	152	14	1	275	1018	1364	1.10e-41	158
PfHB3_060021800|DBLg|1|1220|1581	PF0207-C.g400	25.733	307	178	9	11	289	226	510	6.19e-13	72.8
PfHB3_060021800|DBLg|1|1220|1581	PM0159-C.g600	84.110	365	55	2	1	362	1157	1521	0.0	640
PfHB3_060021800|DBLg|1|1220|1581	PM0159-C.g600	33.523	352	152	14	1	275	1546	1892	9.78e-42	158
PfHB3_060021800|DBLg|1|1220|1581	PM0159-C.g600	28.676	272	134	10	48	289	796	1037	7.96e-17	84.7
PfHB3_060021800|DBLg|1|1220|1581	PM0159-C.g600	23.656	279	170	11	45	291	107	374	3.06e-10	64.3
PfHB3_060021800|DBLg|1|1220|1581	PC0104-C.g333	84.110	365	55	2	1	362	1168	1532	0.0	640
PfHB3_060021800|DBLg|1|1220|1581	PC0104-C.g333	33.523	352	152	14	1	275	1557	1903	1.04e-41	158
PfHB3_060021800|DBLg|1|1220|1581	PC0104-C.g333	28.676	272	134	10	48	289	807	1048	9.47e-17	84.3
PfHB3_060021800|DBLg|1|1220|1581	PC0104-C.g333	23.656	279	170	11	45	291	107	374	3.66e-10	64.3
PfHB3_060021800|DBLg|1|1220|1581	PT0008-CW.g504	84.110	365	55	2	1	362	1198	1562	0.0	640
PfHB3_060021800|DBLg|1|1220|1581	PT0008-CW.g504	33.523	352	152	14	1	275	1587	1933	1.16e-41	158
PfHB3_060021800|DBLg|1|1220|1581	PT0008-CW.g504	28.676	272	134	10	48	289	837	1078	9.22e-17	84.3
PfHB3_060021800|DBLg|1|1220|1581	PT0008-CW.g504	23.656	279	170	11	45	291	107	374	3.29e-10	64.3
PfHB3_060021800|DBLg|1|1220|1581	PA0046-C.g456	84.110	365	55	2	1	362	1231	1595	0.0	640
PfHB3_060021800|DBLg|1|1220|1581	PA0046-C.g456	33.523	352	152	14	1	275	1620	1966	1.12e-41	158
PfHB3_060021800|DBLg|1|1220|1581	PA0046-C.g456	25.733	307	178	9	11	289	817	1101	5.91e-13	72.8
PfHB3_060021800|DBLg|1|1220|1581	PA0046-C.g456	25.253	297	172	11	44	301	104	389	2.09e-11	68.2
PfHB3_060021800|DBLd|1|1601|2005	PF0359-C.g169	96.305	406	14	1	1	405	920	1325	0.0	815
PfHB3_060021800|DBLd|1|1601|2005	PF0359-C.g169	38.889	342	163	11	1	336	526	827	7.28e-60	212
PfHB3_060021800|DBLd|1|1601|2005	PF0359-C.g169	22.684	313	169	11	42	337	158	414	9.09e-08	57.0
PfHB3_060021800|DBLd|1|1601|2005	PA0207-C.g709	96.305	406	14	1	1	405	638	1043	0.0	813
PfHB3_060021800|DBLd|1|1601|2005	PA0207-C.g709	38.889	342	163	11	1	336	244	545	1.17e-59	211
PfHB3_060021800|DBLd|1|1601|2005	PA0053-C.g651	81.356	413	69	2	1	405	79	491	0.0	678
PfHB3_060021800|DBLd|1|1601|2005	PA0149-C.g181	81.356	413	69	2	1	405	804	1216	0.0	676
PfHB3_060021800|DBLd|1|1601|2005	PA0149-C.g181	27.040	429	232	14	18	405	81	469	3.74e-29	122
PfHB3_060021800|DBLd|1|1601|2005	QG0200-C.g795	81.356	413	69	2	1	405	1611	2023	0.0	673
PfHB3_060021800|DBLd|1|1601|2005	QG0200-C.g795	35.569	343	158	10	1	337	1232	1517	4.60e-52	189
PfHB3_060021800|DBLd|1|1601|2005	QG0200-C.g795	29.056	413	211	14	36	405	94	467	1.75e-32	132
PfHB3_060021800|DBLd|1|1601|2005	QG0200-C.g795	22.159	352	183	13	51	373	855	1144	1.35e-08	59.7
PfHB3_060021800|CIDRb|1|2006|2258	PA0053-C.g651	99.605	253	1	0	1	253	492	744	4.22e-179	523
PfHB3_060021800|CIDRb|1|2006|2258	PV0209-C.g19	100.000	253	0	0	1	253	1344	1596	6.50e-173	521
PfHB3_060021800|CIDRb|1|2006|2258	PV0209-C.g19	31.183	93	63	1	81	172	632	724	1.87e-08	57.0
PfHB3_060021800|CIDRb|1|2006|2258	PA0149-C.g181	100.000	253	0	0	1	253	1217	1469	6.30e-172	523
PfHB3_060021800|CIDRb|1|2006|2258	PA0207-C.g709	100.000	253	0	0	1	253	1044	1296	6.38e-172	520
PfHB3_060021800|CIDRb|1|2006|2258	PV0117-C.g35	100.000	253	0	0	1	253	1344	1596	1.47e-171	523
PfHB3_060021800|CIDRb|1|2006|2258	PV0117-C.g35	31.183	93	63	1	81	172	632	724	3.14e-08	56.6
PfHB3_060021800|ATS|1|2356|2730	QE0444-C.g403	97.067	375	11	0	1	375	1657	2031	0.0	741
PfHB3_060021800|ATS|1|2356|2730	PV0286-C.g19	97.067	375	11	0	1	375	1657	2031	0.0	741
PfHB3_060021800|ATS|1|2356|2730	PV0285-C.g12	97.067	375	11	0	1	375	1657	2031	0.0	741
PfHB3_060021800|ATS|1|2356|2730	PV0133-C.g31	97.067	375	11	0	1	375	1657	2031	0.0	741
PfHB3_060021800|ATS|1|2356|2730	PH0704-C.g500	97.067	375	11	0	1	375	1657	2031	0.0	741
PfHB3_060037000|NTS|1|1|73	PA0197-C.g678	91.781	73	6	0	1	73	1	73	8.43e-41	143
PfHB3_060037000|NTS|1|1|73	PA0185-C.g758	96.825	63	2	0	11	73	19	81	4.09e-36	129
PfHB3_060037000|NTS|1|1|73	PV0265-C.g37	96.825	63	2	0	11	73	19	81	4.72e-36	129
PfHB3_060037000|NTS|1|1|73	PM0133-C.g332	85.135	74	10	1	1	73	1	74	7.62e-36	129
PfHB3_060037000|NTS|1|1|73	PM0068-C.g631	79.452	73	15	0	1	73	1	73	3.89e-35	127
PfHB3_060037000|DBLa|1|74|492	QE0465-C.g654	92.124	419	31	1	1	419	73	489	0.0	788
PfHB3_060037000|DBLa|1|74|492	QE0465-C.g654	21.333	375	222	8	100	419	954	1310	6.78e-14	76.3
PfHB3_060037000|DBLa|1|74|492	PD0545-C.g856	92.124	419	31	1	1	419	73	489	0.0	787
PfHB3_060037000|DBLa|1|74|492	PD0545-C.g856	24.455	413	239	17	56	419	946	1334	1.26e-18	90.9
PfHB3_060037000|DBLa|1|74|492	PD0526-C.g887	92.124	419	31	1	1	419	73	489	0.0	787
PfHB3_060037000|DBLa|1|74|492	PD0526-C.g887	24.455	413	239	17	56	419	946	1334	1.26e-18	90.9
PfHB3_060037000|DBLa|1|74|492	PD0483-C.g839	92.124	419	31	1	1	419	73	489	0.0	787
PfHB3_060037000|DBLa|1|74|492	PD0483-C.g839	24.455	413	239	17	56	419	946	1334	1.26e-18	90.9
PfHB3_060037000|DBLa|1|74|492	QE0398-C.g817	92.124	419	31	1	1	419	74	490	0.0	786
PfHB3_060037000|DBLa|1|74|492	QE0398-C.g817	24.576	354	215	10	102	419	980	1317	5.99e-22	101
PfHB3_060037000|CIDRa|1|493|737	PV0265-C.g37	92.213	244	19	0	1	244	496	739	3.48e-150	456
PfHB3_060037000|CIDRa|1|493|737	PA0185-C.g758	92.623	244	18	0	1	244	502	745	1.62e-149	457
PfHB3_060037000|CIDRa|1|493|737	SenP027.02.g179	92.245	245	19	0	1	245	109	353	7.61e-149	459
PfHB3_060037000|CIDRa|1|493|737	QE0465-C.g654	93.469	245	16	0	1	245	490	734	1.99e-148	454
PfHB3_060037000|CIDRa|1|493|737	QE0398-C.g817	93.469	245	16	0	1	245	491	735	5.77e-148	454
PfHB3_060037000|DBLd|1|828|1302	PM0134-C.g221	55.638	541	158	16	1	475	41	565	1.08e-172	529
PfHB3_060037000|DBLd|1|828|1302	PM0090-C.g643	51.407	533	170	14	1	475	861	1362	9.29e-157	488
PfHB3_060037000|DBLd|1|828|1302	PM0090-C.g643	34.259	108	68	2	295	401	302	407	4.64e-14	77.4
PfHB3_060037000|DBLd|1|828|1302	PM0159-C.g202	53.668	518	184	15	1	475	904	1408	6.73e-154	486
PfHB3_060037000|DBLd|1|828|1302	PM0159-C.g202	36.308	325	182	11	163	475	1775	2086	1.48e-50	187
PfHB3_060037000|DBLd|1|828|1302	PM0159-C.g202	29.310	116	61	1	287	402	300	394	2.84e-08	58.9
PfHB3_060037000|DBLd|1|828|1302	PA0208-C.g140	54.297	512	186	15	1	475	873	1373	1.53e-152	482
PfHB3_060037000|DBLd|1|828|1302	PA0208-C.g140	27.564	156	95	6	260	401	235	386	2.20e-10	65.9
PfHB3_060037000|DBLd|1|828|1302	PM0018-C.g1094	51.373	510	204	12	1	475	890	1390	4.87e-152	475
PfHB3_060037000|DBLd|1|828|1302	PM0018-C.g1094	26.420	352	191	13	163	475	187	509	2.87e-16	84.3
PfHB3_060037000|CIDRg|1|1303|1549	PM0004-C.g273	76.210	248	57	2	1	247	568	814	4.97e-123	387
PfHB3_060037000|CIDRg|1|1303|1549	QE0404-C.g197	77.200	250	52	3	1	247	1389	1636	1.33e-122	386
PfHB3_060037000|CIDRg|1|1303|1549	QG0243-C.g1843	75.806	248	58	2	1	247	1654	1900	1.48e-122	385
PfHB3_060037000|CIDRg|1|1303|1549	QG0243-C.g1843	27.011	174	120	3	17	187	489	658	3.47e-12	68.2
PfHB3_060037000|CIDRg|1|1303|1549	QE0470-C.g189	77.200	250	52	3	1	247	1717	1964	5.97e-122	384
PfHB3_060037000|CIDRg|1|1303|1549	PM0063-C.g652	72.835	254	61	3	1	247	1675	1927	2.43e-117	370
PfHB3_060037000|CIDRg|1|1303|1549	PM0063-C.g652	27.528	178	110	6	1	163	473	646	5.42e-09	58.5
PfHB3_060037000|DBLz|1|1588|2008	PM0071-C.g547	81.991	422	75	1	1	421	663	1084	0.0	697
PfHB3_060037000|DBLz|1|1588|2008	PM0071-C.g547	24.746	295	172	10	82	367	1124	1377	1.78e-12	72.0
PfHB3_060037000|DBLz|1|1588|2008	PM0071-C.g547	25.633	316	184	12	135	421	77	370	1.97e-07	55.8
PfHB3_060037000|DBLz|1|1588|2008	PA0148-C.g345	82.033	423	74	2	1	421	1721	2143	0.0	695
PfHB3_060037000|DBLz|1|1588|2008	PA0148-C.g345	32.787	427	236	14	6	390	48	465	4.88e-48	178
PfHB3_060037000|DBLz|1|1588|2008	PA0148-C.g345	26.429	280	158	10	82	352	2183	2423	1.07e-13	75.9
PfHB3_060037000|DBLz|1|1588|2008	PA0148-C.g345	23.796	353	167	15	149	421	1099	1429	6.07e-08	57.8
PfHB3_060037000|DBLz|1|1588|2008	PC0023-C.g35	80.806	422	76	3	1	421	353	770	0.0	682
PfHB3_060037000|DBLz|1|1588|2008	PC0023-C.g35	25.882	255	145	9	82	331	810	1025	2.01e-12	71.6
PfHB3_060037000|DBLz|1|1588|2008	PV0209-C.g17	78.910	422	88	1	1	421	1423	1844	0.0	679
PfHB3_060037000|DBLz|1|1588|2008	PV0209-C.g17	33.433	335	189	10	102	403	2	335	3.13e-35	140
PfHB3_060037000|DBLz|1|1588|2008	PV0209-C.g17	25.882	255	145	9	82	331	1884	2099	2.87e-12	71.2
PfHB3_060037000|DBLz|1|1588|2008	PV0209-C.g17	24.798	371	175	13	94	383	757	1104	1.34e-11	69.3
PfHB3_060037000|DBLz|1|1588|2008	QE0444-C.g31	79.433	423	84	2	1	421	2345	2766	0.0	669
PfHB3_060037000|DBLz|1|1588|2008	QE0444-C.g31	34.615	364	190	11	2	349	740	1071	1.59e-45	171
PfHB3_060037000|DBLz|1|1588|2008	QE0444-C.g31	30.094	319	196	7	94	390	115	428	1.09e-34	139
PfHB3_060037000|DBLz|1|1588|2008	QE0444-C.g31	26.146	371	224	14	85	421	1253	1607	2.98e-19	93.2
PfHB3_060037000|DBLz|1|1588|2008	QE0444-C.g31	29.134	254	137	10	82	331	2807	3021	2.93e-16	84.0
PfHB3_060037000|DBLz|1|1588|2008	QE0444-C.g31	24.570	407	216	9	42	376	1624	2011	1.42e-15	81.6
PfHB3_060037000|DBLe|1|2013|2332	PA0193-C.g330	92.381	315	23	1	1	314	2030	2344	0.0	608
PfHB3_060037000|DBLe|1|2013|2332	PA0193-C.g330	27.609	297	160	12	51	297	1698	1989	1.83e-14	76.6
PfHB3_060037000|DBLe|1|2013|2332	PA0193-C.g330	27.602	221	117	6	41	218	111	331	3.83e-12	69.7
PfHB3_060037000|DBLe|1|2013|2332	QG0260-C.g994	84.444	315	48	1	1	314	1445	1759	0.0	564
PfHB3_060037000|DBLe|1|2013|2332	QG0260-C.g994	26.596	282	145	12	36	274	1099	1361	2.12e-16	82.4
PfHB3_060037000|DBLe|1|2013|2332	PA0047-C.g244	78.931	318	63	3	1	314	802	1119	1.37e-175	520
PfHB3_060037000|DBLe|1|2013|2332	PA0047-C.g244	26.113	337	184	14	34	312	449	778	1.86e-17	85.5
PfHB3_060037000|DBLe|1|2013|2332	PH0769-C.g820	77.950	322	68	3	1	320	1057	1377	2.07e-172	518
PfHB3_060037000|DBLe|1|2013|2332	PH0769-C.g820	28.852	305	158	13	51	310	722	1012	1.57e-17	85.9
PfHB3_060037000|DBLe|1|2013|2332	PH0774-C.g787	77.950	322	68	3	1	320	1148	1468	6.50e-172	518
PfHB3_060037000|DBLe|1|2013|2332	PH0774-C.g787	28.852	305	158	13	51	310	813	1103	1.58e-17	85.9
PfHB3_060037000|ATS|1|2376|2806	PC0097-C.g664	81.195	452	60	8	1	431	2364	2811	0.0	699
PfHB3_060037000|ATS|1|2376|2806	PV0139-C.g46	83.603	433	66	3	2	431	2379	2809	0.0	698
PfHB3_060037000|ATS|1|2376|2806	PV0211-C.g136	82.960	446	55	8	2	431	837	1277	0.0	697
PfHB3_060037000|ATS|1|2376|2806	PA0245-C.g391	81.166	446	59	8	1	431	2512	2947	0.0	688
PfHB3_060037000|ATS|1|2376|2806	PFKE07.g667	76.600	453	79	10	2	431	2366	2814	0.0	674
PfHB3_070005300|NTS|1|1|71	PF0113-C.g574	100.000	71	0	0	1	71	1	71	1.14e-41	145
PfHB3_070005300|NTS|1|1|71	PA0254-C.g56	100.000	71	0	0	1	71	1	71	1.16e-41	145
PfHB3_070005300|NTS|1|1|71	PT0034-C.g140	100.000	71	0	0	1	71	1	71	1.38e-41	145
PfHB3_070005300|NTS|1|1|71	PA0157-C.g65	100.000	71	0	0	1	71	1	71	1.44e-41	145
PfHB3_070005300|NTS|1|1|71	PM0152-C.g72	88.732	71	8	0	1	71	1	71	3.52e-38	135
PfHB3_070005300|DBLa|1|72|466	SenT230.08.g414	87.342	395	50	0	1	395	76	470	0.0	726
PfHB3_070005300|DBLa|1|72|466	SenT230.08.g414	28.691	359	189	13	39	368	1381	1701	1.17e-26	115
PfHB3_070005300|DBLa|1|72|466	SenT230.08.g414	28.895	353	186	15	24	345	805	1123	3.21e-23	104
PfHB3_070005300|DBLa|1|72|466	SenT230.08.g414	25.150	334	178	15	114	395	2454	2767	5.73e-12	70.1
PfHB3_070005300|DBLa|1|72|466	SenT230.08.g414	23.649	296	168	11	37	314	1786	2041	8.72e-10	63.2
PfHB3_070005300|DBLa|1|72|466	PT0218-Cx.g516	87.342	395	50	0	1	395	76	470	0.0	724
PfHB3_070005300|DBLa|1|72|466	PT0218-Cx.g516	29.178	353	185	15	24	345	805	1123	4.24e-24	107
PfHB3_070005300|DBLa|1|72|466	PT0218-Cx.g516	25.620	363	201	12	8	344	1341	1660	1.31e-20	96.7
PfHB3_070005300|DBLa|1|72|466	PA0094-C.g335	87.342	395	50	0	1	395	76	470	0.0	724
PfHB3_070005300|DBLa|1|72|466	PA0094-C.g335	30.159	315	176	14	13	314	796	1079	9.49e-28	118
PfHB3_070005300|DBLa|1|72|466	PA0094-C.g335	30.723	332	179	14	25	329	1312	1619	4.60e-26	113
PfHB3_070005300|DBLa|1|72|466	PH0715-C.g118	83.291	395	63	1	1	395	71	462	0.0	665
PfHB3_070005300|DBLa|1|72|466	PH0715-C.g118	30.175	285	146	10	58	327	830	1076	1.96e-22	102
PfHB3_070005300|DBLa|1|72|466	PH0715-C.g118	23.270	318	187	11	55	346	1259	1545	4.61e-11	67.4
PfHB3_070005300|DBLa|1|72|466	PH0715-C.g118	23.684	228	129	8	123	317	1885	2100	2.50e-08	58.5
PfHB3_070005300|DBLa|1|72|466	PH0556-C.g280	83.291	395	63	1	1	395	71	462	0.0	665
PfHB3_070005300|DBLa|1|72|466	PH0556-C.g280	30.175	285	146	10	58	327	830	1076	1.96e-22	102
PfHB3_070005300|DBLa|1|72|466	PH0556-C.g280	23.270	318	187	11	55	346	1259	1545	4.61e-11	67.4
PfHB3_070005300|DBLa|1|72|466	PH0556-C.g280	23.684	228	129	8	123	317	1885	2100	2.50e-08	58.5
PfHB3_070005300|CIDRa|1|467|716	QE0393-Cx.g813	97.600	250	6	0	1	250	463	712	6.44e-171	506
PfHB3_070005300|CIDRa|1|467|716	PD0524-C.g833	98.400	250	4	0	1	250	463	712	1.25e-170	509
PfHB3_070005300|CIDRa|1|467|716	PV0265-C.g22	98.400	250	4	0	1	250	462	711	4.08e-169	510
PfHB3_070005300|CIDRa|1|467|716	PV0020-C.g17	98.400	250	4	0	1	250	462	711	5.37e-168	513
PfHB3_070005300|CIDRa|1|467|716	PH0715-C.g118	98.400	250	4	0	1	250	463	712	3.24e-167	513
PfHB3_070005300|DBLg|1|890|1226	PA0173-C.g141	97.033	337	10	0	1	337	1334	1670	0.0	681
PfHB3_070005300|DBLg|1|890|1226	PA0173-C.g141	36.288	361	160	11	1	297	1675	2029	7.40e-51	184
PfHB3_070005300|DBLg|1|890|1226	PA0173-C.g141	25.581	258	152	11	49	275	866	1114	8.35e-14	75.1
PfHB3_070005300|DBLg|1|890|1226	PA0173-C.g141	24.079	353	193	15	37	326	117	457	1.66e-08	58.5
PfHB3_070005300|DBLg|1|890|1226	PT0189-Cx.g847	89.474	342	31	1	1	337	28	369	0.0	626
PfHB3_070005300|DBLg|1|890|1226	PT0189-Cx.g847	34.513	339	158	9	1	277	374	710	3.37e-47	173
PfHB3_070005300|DBLg|1|890|1226	PC0046-C.g694	88.889	342	33	1	1	337	823	1164	0.0	624
PfHB3_070005300|DBLg|1|890|1226	PC0046-C.g694	34.722	360	153	10	1	280	1169	1526	1.86e-49	179
PfHB3_070005300|DBLg|1|890|1226	PC0046-C.g694	25.595	336	177	15	34	316	109	424	4.89e-12	69.7
PfHB3_070005300|DBLg|1|890|1226	PT0206-Cx.g834	80.119	337	67	0	1	337	56	392	0.0	553
PfHB3_070005300|DBLg|1|890|1226	PT0206-Cx.g834	33.699	365	171	14	1	296	397	759	1.38e-41	157
PfHB3_070005300|DBLg|1|890|1226	PT0206-Cx.g834	25.000	252	146	10	47	275	1196	1427	3.49e-08	57.8
PfHB3_070005300|DBLg|1|890|1226	PF0489-C.g610	71.920	349	86	3	1	337	1229	1577	1.65e-161	500
PfHB3_070005300|DBLg|1|890|1226	PF0489-C.g610	41.584	303	149	10	1	276	1596	1897	1.13e-59	209
PfHB3_070005300|DBLg|1|890|1226	PF0489-C.g610	41.083	314	147	10	1	282	841	1148	4.21e-57	202
PfHB3_070005300|DBLd|1|1231|1636	PT0042-C.g200	95.074	406	19	1	1	406	1282	1686	0.0	726
PfHB3_070005300|DBLd|1|1231|1636	PT0042-C.g200	37.644	348	162	13	1	339	916	1217	5.26e-52	189
PfHB3_070005300|DBLd|1|1231|1636	PT0042-C.g200	32.018	228	139	4	181	406	257	470	1.93e-30	126
PfHB3_070005300|DBLd|1|1231|1636	PT0158-C.g21	92.629	407	24	2	1	406	1604	2005	0.0	709
PfHB3_070005300|DBLd|1|1231|1636	PT0158-C.g21	36.842	323	144	10	19	336	1269	1536	1.44e-48	179
PfHB3_070005300|DBLd|1|1231|1636	PT0158-C.g21	36.364	319	126	12	31	332	2794	3052	4.41e-40	155
PfHB3_070005300|DBLd|1|1231|1636	PT0158-C.g21	24.619	394	243	13	36	406	119	481	3.99e-13	73.9
PfHB3_070005300|DBLd|1|1231|1636	PA0256-C.g266	77.887	407	88	2	1	406	1220	1625	0.0	623
PfHB3_070005300|DBLd|1|1231|1636	PA0256-C.g266	33.815	346	161	11	1	339	871	1155	1.32e-45	171
PfHB3_070005300|DBLd|1|1231|1636	PA0256-C.g266	28.571	392	209	11	42	406	123	470	4.29e-37	146
PfHB3_070005300|DBLd|1|1231|1636	PT0258-Cx.g775	76.570	414	86	5	1	406	412	822	0.0	617
PfHB3_070005300|DBLd|1|1231|1636	PT0258-Cx.g775	39.692	325	150	12	19	339	65	347	4.10e-52	189
PfHB3_070005300|DBLd|1|1231|1636	QG0232-C.g333	77.073	410	89	2	1	406	284	692	0.0	603
PfHB3_070005300|DBLd|1|1231|1636	QG0232-C.g333	37.931	232	109	8	116	339	15	219	4.71e-33	134
PfHB3_070005300|CIDRb|1|1637|1891	PT0158-C.g21	92.969	256	17	1	1	255	2006	2261	8.94e-155	478
PfHB3_070005300|CIDRb|1|1637|1891	PT0158-C.g21	23.853	218	145	7	41	247	520	727	5.09e-10	62.0
PfHB3_070005300|CIDRb|1|1637|1891	PC0061-C.g768	83.594	256	41	1	1	255	2043	2298	1.90e-136	426
PfHB3_070005300|CIDRb|1|1637|1891	PC0061-C.g768	28.723	188	122	6	14	196	501	681	3.30e-12	68.6
PfHB3_070005300|CIDRb|1|1637|1891	PM0087-C.g60	83.594	256	41	1	1	255	1295	1550	2.35e-136	426
PfHB3_070005300|CIDRb|1|1637|1891	PC0103-C.g200	83.966	237	37	1	20	255	1362	1598	6.12e-126	395
PfHB3_070005300|CIDRb|1|1637|1891	PC0030-C.g1	72.941	255	69	0	1	255	821	1075	2.08e-123	379
PfHB3_070005300|CIDRb|1|1637|1891	PC0030-C.g1	26.638	229	139	7	37	247	121	338	3.48e-12	68.2
PfHB3_070005300|DBLb|1|1919|2389	PM0017-C.g1124	71.967	478	117	8	1	471	1088	1555	0.0	661
PfHB3_070005300|DBLb|1|1919|2389	PM0017-C.g1124	25.949	316	154	12	116	380	67	353	3.16e-11	68.6
PfHB3_070005300|DBLb|1|1919|2389	PF0368-C.g141	71.757	478	118	8	1	471	1947	2414	0.0	660
PfHB3_070005300|DBLb|1|1919|2389	PF0368-C.g141	27.500	480	259	17	4	441	9	441	4.60e-30	127
PfHB3_070005300|DBLb|1|1919|2389	PF0368-C.g141	25.667	300	156	10	116	372	927	1202	1.87e-15	82.0
PfHB3_070005300|DBLb|1|1919|2389	PF0368-C.g141	22.257	319	150	12	122	372	1310	1598	2.92e-07	55.8
PfHB3_070005300|DBLb|1|1919|2389	PC0051-C.g20	71.548	478	119	8	1	471	1365	1832	0.0	657
PfHB3_070005300|DBLb|1|1919|2389	PC0051-C.g20	26.736	288	160	10	114	372	346	611	4.30e-15	80.9
PfHB3_070005300|DBLb|1|1919|2389	PC0051-C.g20	21.376	407	224	14	107	440	705	1088	1.88e-11	69.3
PfHB3_070005300|DBLb|1|1919|2389	PF0119-C.g1048	71.250	480	112	8	1	471	1885	2347	0.0	645
PfHB3_070005300|DBLb|1|1919|2389	PF0119-C.g1048	44.495	436	201	13	52	471	769	1179	4.88e-95	317
PfHB3_070005300|DBLb|1|1919|2389	PF0119-C.g1048	29.442	394	204	15	44	386	31	401	8.53e-35	140
PfHB3_070005300|DBLb|1|1919|2389	PF0119-C.g1048	25.175	429	214	16	68	431	1189	1575	9.43e-14	76.6
PfHB3_070005300|DBLb|1|1919|2389	PC0077-C.g688	70.293	478	124	9	1	471	2058	2524	0.0	639
PfHB3_070005300|DBLb|1|1919|2389	PC0077-C.g688	47.082	497	213	18	1	471	404	876	3.59e-113	369
PfHB3_070005300|DBLb|1|1919|2389	PC0077-C.g688	27.036	307	157	11	103	372	1014	1290	2.72e-15	81.3
PfHB3_070005300|DBLb|1|1919|2389	PC0077-C.g688	22.768	224	111	7	195	372	1495	1702	7.88e-07	54.3
PfHB3_070005300|ATS|1|2566|2995	PF0489-C.g117	84.494	445	52	3	1	430	2944	3386	0.0	759
PfHB3_070005300|ATS|1|2566|2995	PC0113-C.g1115	87.007	431	46	5	1	430	3496	3917	0.0	754
PfHB3_070005300|ATS|1|2566|2995	QE0448-C.g49	85.912	433	52	4	1	430	2723	3149	0.0	746
PfHB3_070005300|ATS|1|2566|2995	PFKE11.g431	82.103	447	62	3	1	430	3005	3450	0.0	741
PfHB3_070005300|ATS|1|2566|2995	PFKE12.g2	84.491	432	63	3	1	430	2688	3117	0.0	740
PfHB3_070015700|NTS|1|1|60	PC0113-C.g848	71.429	56	16	0	5	60	12	67	1.02e-19	82.4
PfHB3_070015700|NTS|1|1|60	PA0151-C.g504	71.429	56	16	0	5	60	12	67	1.90e-19	81.6
PfHB3_070015700|NTS|1|1|60	PT0215-Cx.g526	71.429	56	16	0	5	60	12	67	2.77e-19	81.3
PfHB3_070015700|NTS|1|1|60	PF0037-C.g496	71.429	56	16	0	5	60	12	67	3.06e-19	80.9
PfHB3_070015700|NTS|1|1|60	PFKE01.g206	71.429	56	16	0	5	60	12	67	3.82e-19	80.9
PfHB3_070015700|DBLa|1|61|467	PT0034-C.g348	73.544	412	96	5	1	407	60	463	0.0	601
PfHB3_070015700|DBLa|1|61|467	PT0034-C.g348	32.770	296	141	11	53	327	848	1106	6.26e-31	127
PfHB3_070015700|DBLa|1|61|467	PT0034-C.g348	21.791	335	201	10	114	407	1804	2118	3.03e-15	80.5
PfHB3_070015700|DBLa|1|61|467	PT0034-C.g348	23.649	296	164	9	44	327	1274	1519	5.56e-12	70.5
PfHB3_070015700|DBLa|1|61|467	PM0145-C.g415	71.569	408	108	5	1	407	68	468	0.0	591
PfHB3_070015700|DBLa|1|61|467	PM0145-C.g415	32.857	280	138	9	53	327	849	1083	5.69e-32	130
PfHB3_070015700|DBLa|1|61|467	PM0145-C.g415	29.945	364	196	12	30	379	1656	1974	1.72e-30	126
PfHB3_070015700|DBLa|1|61|467	PM0145-C.g415	25.000	152	81	5	183	327	1368	1493	3.09e-07	55.5
PfHB3_070015700|DBLa|1|61|467	PM0133-C.g721	71.569	408	108	5	1	407	68	468	0.0	589
PfHB3_070015700|DBLa|1|61|467	PM0133-C.g721	37.719	228	121	8	50	274	2392	2601	2.30e-34	138
PfHB3_070015700|DBLa|1|61|467	PM0133-C.g721	32.857	280	138	9	53	327	849	1083	8.26e-32	130
PfHB3_070015700|DBLa|1|61|467	PM0133-C.g721	25.917	409	245	13	32	407	1620	2003	1.85e-21	99.8
PfHB3_070015700|DBLa|1|61|467	PM0133-C.g721	25.796	314	162	10	13	321	2747	2994	7.17e-15	79.3
PfHB3_070015700|DBLa|1|61|467	PM0133-C.g721	24.074	324	181	11	45	346	1243	1523	2.56e-11	68.2
PfHB3_070015700|DBLa|1|61|467	PC0046-C.g234	72.059	408	105	5	1	407	61	460	0.0	586
PfHB3_070015700|DBLa|1|61|467	PC0046-C.g234	28.819	288	146	6	53	328	847	1087	3.06e-25	110
PfHB3_070015700|DBLa|1|61|467	PC0046-C.g234	25.846	325	163	15	49	348	1241	1512	2.27e-12	71.6
PfHB3_070015700|DBLa|1|61|467	PM0038-C.g2015	70.660	409	116	3	1	407	67	473	0.0	585
PfHB3_070015700|DBLa|1|61|467	PM0038-C.g2015	32.509	283	141	10	53	322	853	1098	6.26e-33	133
PfHB3_070015700|CIDRa|1|468|726	QG0296-C.g4707	93.281	253	17	0	1	253	470	722	9.30e-157	482
PfHB3_070015700|CIDRa|1|468|726	PF0424-C.g23	93.281	253	17	0	1	253	470	722	1.54e-154	478
PfHB3_070015700|CIDRa|1|468|726	PF0424-C.g23	26.875	160	108	3	37	195	1671	1822	1.78e-08	57.4
PfHB3_070015700|CIDRa|1|468|726	PV0256-C.g84	86.873	259	34	0	1	259	464	722	9.99e-151	459
PfHB3_070015700|CIDRa|1|468|726	PA0220-C.g548	84.942	259	39	0	1	259	401	659	6.65e-149	442
PfHB3_070015700|CIDRa|1|468|726	PA0253-C.g1024	86.873	259	34	0	1	259	464	722	3.52e-147	457
PfHB3_070015700|CIDRa|1|468|726	PA0253-C.g1024	26.496	234	144	9	28	253	1675	1888	9.64e-07	52.0
PfHB3_070015700|DBLb|1|746|1216	PV0134-C.g38	63.693	482	152	6	1	471	748	1217	0.0	619
PfHB3_070015700|DBLb|1|746|1216	PV0134-C.g38	32.042	284	136	9	111	350	128	398	1.35e-32	134
PfHB3_070015700|DBLb|1|746|1216	PV0134-C.g38	26.953	256	136	10	108	350	1653	1870	5.42e-16	83.6
PfHB3_070015700|DBLb|1|746|1216	PV0134-C.g38	22.016	377	224	12	95	438	1259	1598	4.11e-13	74.7
PfHB3_070015700|DBLb|1|746|1216	PV0209-C.g9	63.693	482	152	6	1	471	406	875	0.0	619
PfHB3_070015700|DBLb|1|746|1216	PV0209-C.g9	27.309	249	144	9	108	350	1311	1528	4.23e-16	84.0
PfHB3_070015700|DBLb|1|746|1216	PV0209-C.g9	22.016	377	224	12	95	438	917	1256	3.83e-13	74.7
PfHB3_070015700|DBLb|1|746|1216	PC0080-C.g229	63.693	482	152	6	1	471	748	1217	0.0	619
PfHB3_070015700|DBLb|1|746|1216	PC0080-C.g229	32.042	284	136	9	111	350	128	398	1.17e-32	134
PfHB3_070015700|DBLb|1|746|1216	PC0080-C.g229	26.953	256	136	10	108	350	1653	1870	5.62e-16	83.6
PfHB3_070015700|DBLb|1|746|1216	PC0080-C.g229	22.016	377	224	12	95	438	1259	1598	3.01e-13	75.1
PfHB3_070015700|DBLb|1|746|1216	PC0016-C.g282	63.693	482	152	6	1	471	748	1217	0.0	619
PfHB3_070015700|DBLb|1|746|1216	PC0016-C.g282	32.042	284	136	9	111	350	128	398	1.20e-32	134
PfHB3_070015700|DBLb|1|746|1216	PC0016-C.g282	26.953	256	136	10	108	350	1653	1870	5.60e-16	83.6
PfHB3_070015700|DBLb|1|746|1216	PC0016-C.g282	22.016	377	224	12	95	438	1259	1598	3.27e-13	74.7
PfHB3_070015700|DBLb|1|746|1216	PC0083-C.g287	63.693	482	152	6	1	471	715	1184	0.0	618
PfHB3_070015700|DBLb|1|746|1216	PC0083-C.g287	32.042	284	136	9	111	350	95	365	1.49e-32	134
PfHB3_070015700|DBLb|1|746|1216	PC0083-C.g287	26.953	256	136	10	108	350	1620	1837	7.03e-16	83.2
PfHB3_070015700|DBLb|1|746|1216	PC0083-C.g287	22.016	377	224	12	95	438	1226	1565	2.92e-13	75.1
PfHB3_070015700|DBLg|1|1233|1603	PF0818-C.g38	67.368	380	113	6	1	371	1227	1604	6.00e-169	525
PfHB3_070015700|DBLg|1|1233|1603	PF0818-C.g38	35.628	247	114	6	41	248	1688	1928	5.79e-39	150
PfHB3_070015700|DBLg|1|1233|1603	PF0818-C.g38	21.852	270	179	7	29	281	828	1082	6.06e-14	75.9
PfHB3_070015700|DBLg|1|1233|1603	PF0818-C.g38	26.562	256	151	6	42	295	2851	3071	6.45e-14	75.9
PfHB3_070015700|DBLg|1|1233|1603	PF0818-C.g38	23.622	381	221	15	29	371	2448	2796	1.27e-11	68.9
PfHB3_070015700|DBLg|1|1233|1603	PF0818-C.g38	24.828	290	156	10	21	274	97	360	6.57e-11	66.6
PfHB3_070015700|DBLg|1|1233|1603	SenT136.09.g519	66.223	376	119	6	1	371	1229	1601	1.40e-162	506
PfHB3_070015700|DBLg|1|1233|1603	SenT136.09.g519	33.239	352	188	12	41	357	1685	2024	2.99e-43	163
PfHB3_070015700|DBLg|1|1233|1603	SenT136.09.g519	27.184	309	163	11	45	345	2698	2952	4.35e-21	97.8
PfHB3_070015700|DBLg|1|1233|1603	SenT136.09.g519	28.155	309	164	12	27	325	3008	3268	2.12e-15	80.5
PfHB3_070015700|DBLg|1|1233|1603	SenT136.09.g519	27.711	249	140	9	45	274	2346	2573	1.63e-12	71.6
PfHB3_070015700|DBLg|1|1233|1603	SenT136.09.g519	26.199	271	153	8	43	289	848	1095	6.64e-12	69.7
PfHB3_070015700|DBLg|1|1233|1603	SenT136.09.g519	27.711	249	129	10	31	248	101	329	3.75e-10	64.3
PfHB3_070015700|DBLg|1|1233|1603	QG0187-C.g579	61.954	389	125	6	1	371	15	398	3.53e-154	474
PfHB3_070015700|DBLg|1|1233|1603	QG0187-C.g579	35.260	346	150	11	1	275	405	747	2.37e-45	169
PfHB3_070015700|DBLg|1|1233|1603	QG0187-C.g579	25.514	243	139	8	29	248	1236	1459	8.60e-13	72.4
PfHB3_070015700|DBLg|1|1233|1603	PF0180-C.g446	64.894	376	123	6	1	371	1239	1610	9.54e-154	481
PfHB3_070015700|DBLg|1|1233|1603	PF0180-C.g446	34.237	295	138	10	1	248	1617	1902	1.61e-40	155
PfHB3_070015700|DBLg|1|1233|1603	PF0180-C.g446	28.136	295	182	8	23	302	2339	2618	2.73e-21	98.2
PfHB3_070015700|DBLg|1|1233|1603	PF0180-C.g446	27.759	299	153	11	43	335	3148	3389	6.70e-20	94.4
PfHB3_070015700|DBLg|1|1233|1603	PF0180-C.g446	25.140	358	187	14	1	296	67	405	8.68e-16	81.6
PfHB3_070015700|DBLg|1|1233|1603	PF0180-C.g446	26.073	303	174	13	20	290	2737	3021	2.62e-14	77.0
PfHB3_070015700|DBLg|1|1233|1603	PA0008-C.g196	63.776	392	111	8	1	371	1189	1570	1.30e-152	478
PfHB3_070015700|DBLg|1|1233|1603	PA0008-C.g196	35.664	286	141	6	1	248	1577	1857	8.21e-45	167
PfHB3_070015700|DBLg|1|1233|1603	PA0008-C.g196	28.244	262	158	8	39	288	2318	2561	6.51e-20	94.4
PfHB3_070015700|DBLg|1|1233|1603	PA0008-C.g196	24.642	349	184	14	1	288	63	393	8.70e-15	78.6
PfHB3_070015700|DBLg|1|1233|1603	PA0008-C.g196	26.236	263	149	10	45	289	842	1077	1.76e-12	71.6
PfHB3_070015700|DBLg|1|1233|1603	PA0008-C.g196	27.397	146	81	5	45	187	2672	2795	5.97e-07	54.3
PfHB3_070015700|DBLd|1|1626|2023	PA0251-C.g175	100.000	398	0	0	1	398	1230	1627	0.0	828
PfHB3_070015700|DBLd|1|1626|2023	PA0251-C.g175	35.990	389	170	13	1	369	826	1155	6.17e-57	203
PfHB3_070015700|DBLd|1|1626|2023	PA0251-C.g175	25.168	298	136	11	39	328	2001	2219	4.36e-11	67.4
PfHB3_070015700|DBLd|1|1626|2023	PF0449-C.g309	100.000	398	0	0	1	398	1532	1929	0.0	826
PfHB3_070015700|DBLd|1|1626|2023	PF0449-C.g309	41.339	254	110	7	28	269	1160	1386	2.57e-47	176
PfHB3_070015700|DBLd|1|1626|2023	PF0449-C.g309	32.670	352	170	10	1	332	739	1043	2.21e-44	167
PfHB3_070015700|DBLd|1|1626|2023	PF0449-C.g309	34.711	242	128	9	178	398	233	465	2.95e-26	114
PfHB3_070015700|DBLd|1|1626|2023	PF0449-C.g309	25.168	298	136	11	39	328	2303	2521	4.01e-11	67.4
PfHB3_070015700|DBLd|1|1626|2023	PD0632-C.g258	85.049	408	49	6	1	398	1689	2094	0.0	669
PfHB3_070015700|DBLd|1|1626|2023	PD0632-C.g258	34.509	397	184	14	18	398	1231	1567	4.73e-53	192
PfHB3_070015700|DBLd|1|1626|2023	PD0632-C.g258	31.068	309	145	14	137	398	175	462	1.98e-24	108
PfHB3_070015700|DBLd|1|1626|2023	PD0472-C.g461	85.049	408	49	6	1	398	1689	2094	0.0	669
PfHB3_070015700|DBLd|1|1626|2023	PD0472-C.g461	34.509	397	184	14	18	398	1231	1567	4.73e-53	192
PfHB3_070015700|DBLd|1|1626|2023	PD0472-C.g461	31.068	309	145	14	137	398	175	462	1.98e-24	108
PfHB3_070015700|DBLd|1|1626|2023	PA0228-C.g4944	82.396	409	56	6	1	398	719	1122	0.0	657
PfHB3_070015700|DBLd|1|1626|2023	PA0228-C.g4944	34.441	331	147	12	1	325	328	594	9.29e-44	165
PfHB3_070015700|DBLd|1|1626|2023	PA0228-C.g4944	25.914	301	148	9	38	325	1481	1719	3.13e-15	80.1
PfHB3_070015700|DBLd|1|1626|2023	PA0228-C.g4944	26.201	229	99	9	125	333	34	212	7.04e-09	60.5
PfHB3_070015700|CIDRd|1|2024|2279	PA0251-C.g175	100.000	256	0	0	1	256	1628	1883	4.12e-168	515
PfHB3_070015700|CIDRd|1|2024|2279	PF0449-C.g309	100.000	256	0	0	1	256	1930	2185	1.76e-167	514
PfHB3_070015700|CIDRd|1|2024|2279	PF0449-C.g309	28.814	118	82	2	75	191	533	649	5.35e-07	52.8
PfHB3_070015700|CIDRd|1|2024|2279	PT0102-C.g477	94.378	249	14	0	1	249	1868	2116	3.51e-153	473
PfHB3_070015700|CIDRd|1|2024|2279	PT0102-C.g477	30.263	152	89	4	22	164	525	668	2.87e-08	56.6
PfHB3_070015700|CIDRd|1|2024|2279	PA0228-C.g4944	89.453	256	27	0	1	256	1123	1378	1.31e-147	455
PfHB3_070015700|CIDRd|1|2024|2279	PV0182-C.g91	85.542	249	36	0	1	249	800	1048	2.79e-140	425
PfHB3_070015700|DBLe|1|2352|2672	PA0251-C.g175	100.000	321	0	0	1	321	1956	2276	0.0	667
PfHB3_070015700|DBLe|1|2352|2672	PA0251-C.g175	26.797	306	155	10	54	296	871	1170	9.27e-19	89.7
PfHB3_070015700|DBLe|1|2352|2672	PA0251-C.g175	28.736	261	143	12	49	271	434	689	2.23e-15	79.3
PfHB3_070015700|DBLe|1|2352|2672	PA0251-C.g175	24.399	291	133	11	53	264	1275	1557	7.63e-11	65.5
PfHB3_070015700|DBLe|1|2352|2672	PF0449-C.g309	100.000	321	0	0	1	321	2258	2578	0.0	666
PfHB3_070015700|DBLe|1|2352|2672	PF0449-C.g309	25.758	264	152	7	54	273	783	1046	1.73e-18	89.0
PfHB3_070015700|DBLe|1|2352|2672	PF0449-C.g309	25.649	308	172	8	44	296	1167	1472	8.63e-17	83.6
PfHB3_070015700|DBLe|1|2352|2672	PF0449-C.g309	26.190	294	151	11	46	277	101	390	1.47e-13	73.9
PfHB3_070015700|DBLe|1|2352|2672	PF0449-C.g309	23.368	291	136	10	53	264	1577	1859	8.29e-11	65.5
PfHB3_070015700|DBLe|1|2352|2672	PA0229-C.g913	93.125	320	22	0	2	321	2334	2653	0.0	617
PfHB3_070015700|DBLe|1|2352|2672	PA0229-C.g913	24.419	344	176	12	53	318	1249	1586	2.62e-16	82.4
PfHB3_070015700|DBLe|1|2352|2672	PA0229-C.g913	26.639	244	129	8	54	251	835	1074	6.59e-13	72.0
PfHB3_070015700|DBLe|1|2352|2672	PA0229-C.g913	28.780	205	114	8	51	224	107	310	3.92e-12	69.7
PfHB3_070015700|DBLe|1|2352|2672	PA0229-C.g913	26.638	229	117	8	56	238	1693	1916	6.37e-10	62.8
PfHB3_070015700|DBLe|1|2352|2672	PA0158-C.g316	93.125	320	22	0	2	321	2285	2604	0.0	616
PfHB3_070015700|DBLe|1|2352|2672	PA0158-C.g316	25.758	330	187	9	45	321	1249	1573	1.26e-17	86.3
PfHB3_070015700|DBLe|1|2352|2672	PA0158-C.g316	30.120	249	126	11	56	261	852	1095	2.34e-17	85.5
PfHB3_070015700|DBLe|1|2352|2672	PA0158-C.g316	26.638	229	117	8	56	238	1644	1867	1.47e-09	61.6
PfHB3_070015700|DBLe|1|2352|2672	PA0158-C.g316	25.407	307	156	15	53	290	115	417	3.22e-08	57.4
PfHB3_070015700|DBLe|1|2352|2672	QG0253-C.g2974	89.688	320	33	0	2	321	1661	1980	0.0	596
PfHB3_070015700|DBLe|1|2352|2672	QG0253-C.g2974	26.101	318	149	12	43	276	105	420	1.16e-08	58.9
PfHB3_070015700|ATS|1|2741|3247	QE0444-C.g508	75.097	518	100	7	1	507	1928	2427	0.0	729
PfHB3_070015700|ATS|1|2741|3247	PD0590-C.g627	75.097	518	100	7	1	507	1894	2393	0.0	729
PfHB3_070015700|ATS|1|2741|3247	PD0510-C.g444	75.097	518	100	7	1	507	1930	2429	0.0	729
PfHB3_070015700|ATS|1|2741|3247	PD0508-C.g1406	75.097	518	100	7	1	507	1930	2429	0.0	729
PfHB3_070015700|ATS|1|2741|3247	PD0505-C.g6963	75.097	518	100	7	1	507	1930	2429	0.0	729
PfHB3_070015800|NTS|1|1|59	PT0230-Cx.g730	100.000	59	0	0	1	59	1	59	4.61e-34	123
PfHB3_070015800|NTS|1|1|59	QG0209-C.g591	77.966	59	11	2	1	58	1	58	1.54e-20	84.7
PfHB3_070015800|NTS|1|1|59	PC0057-C.g264	71.186	59	17	0	1	59	1	59	4.68e-20	83.2
PfHB3_070015800|NTS|1|1|59	PV0089-C.g38	82.353	51	8	1	8	58	11	60	1.71e-19	81.6
PfHB3_070015800|NTS|1|1|59	PV0246-C.g51	82.222	45	8	0	13	57	15	59	7.67e-19	79.7
PfHB3_070015800|DBLa|1|60|504	PT0230-Cx.g730	98.202	445	7	1	1	445	60	503	0.0	905
PfHB3_070015800|DBLa|1|60|504	PT0230-Cx.g730	25.168	298	190	7	84	353	1005	1297	2.09e-15	81.3
PfHB3_070015800|DBLa|1|60|504	QE0461-C.g717	74.505	455	102	6	1	445	71	521	0.0	635
PfHB3_070015800|DBLa|1|60|504	QE0461-C.g717	25.410	366	183	13	126	445	1044	1365	4.27e-16	83.6
PfHB3_070015800|DBLa|1|60|504	PV0089-C.g38	73.026	456	108	7	1	445	62	513	0.0	623
PfHB3_070015800|DBLa|1|60|504	PV0089-C.g38	26.536	358	187	18	126	445	1044	1363	3.72e-11	68.2
PfHB3_070015800|DBLa|1|60|504	QE0449-C.g384	72.078	462	104	8	1	445	71	524	0.0	620
PfHB3_070015800|DBLa|1|60|504	QE0449-C.g384	22.678	366	224	13	109	445	1107	1442	3.83e-12	71.2
PfHB3_070015800|DBLa|1|60|504	QE0448-C.g622	72.078	462	104	8	1	445	71	524	0.0	620
PfHB3_070015800|DBLa|1|60|504	QE0448-C.g622	22.678	366	224	13	109	445	1107	1442	3.83e-12	71.2
PfHB3_070015800|CIDRa|1|505|784	PT0230-Cx.g730	100.000	280	0	0	1	280	504	783	0.0	583
PfHB3_070015800|CIDRa|1|505|784	PT0230-Cx.g730	34.328	67	44	0	137	203	1459	1525	2.58e-07	54.3
PfHB3_070015800|CIDRa|1|505|784	PF0417-C.g455	100.000	280	0	0	1	280	152	431	0.0	583
PfHB3_070015800|CIDRa|1|505|784	PF0417-C.g455	33.333	105	60	2	137	231	1174	1278	2.13e-08	57.4
PfHB3_070015800|CIDRa|1|505|784	PV0028-C.g93	87.589	282	32	3	1	280	511	791	4.08e-166	503
PfHB3_070015800|CIDRa|1|505|784	PV0028-C.g93	28.000	150	92	3	137	280	1456	1595	1.03e-07	55.5
PfHB3_070015800|CIDRa|1|505|784	PV0195-C.g27	87.589	282	32	3	1	280	511	791	1.02e-165	504
PfHB3_070015800|CIDRa|1|505|784	PV0195-C.g27	28.000	150	92	3	137	280	1456	1595	1.15e-07	55.1
PfHB3_070015800|CIDRa|1|505|784	PH0704-C.g625	87.589	282	32	3	1	280	511	791	1.02e-165	504
PfHB3_070015800|CIDRa|1|505|784	PH0704-C.g625	28.000	150	92	3	137	280	1456	1595	1.15e-07	55.1
PfHB3_070015800|DBLd|1|857|1363	PM0145-C.g35	56.203	532	184	13	1	507	85	592	3.18e-175	521
PfHB3_070015800|DBLd|1|857|1363	PT0156-C.g818	58.004	531	181	15	1	507	820	1332	2.76e-169	523
PfHB3_070015800|DBLd|1|857|1363	PT0156-C.g818	25.301	332	186	11	197	507	193	483	5.27e-15	80.9
PfHB3_070015800|DBLd|1|857|1363	QG0276-C.g681	57.407	540	181	15	1	507	834	1357	4.58e-168	520
PfHB3_070015800|DBLd|1|857|1363	QG0276-C.g681	25.275	273	158	7	178	445	170	401	3.91e-13	74.7
PfHB3_070015800|DBLd|1|857|1363	PD0539-C.g602	53.774	530	193	15	1	507	891	1391	2.71e-157	491
PfHB3_070015800|DBLd|1|857|1363	PD0539-C.g602	34.821	112	73	0	337	448	311	422	1.58e-13	76.3
PfHB3_070015800|DBLd|1|857|1363	PD0460-C.g1264	53.585	530	194	15	1	507	894	1394	4.27e-157	491
PfHB3_070015800|DBLd|1|857|1363	PD0460-C.g1264	34.821	112	73	0	337	448	314	425	1.60e-13	75.9
PfHB3_070015800|CIDRg|1|1364|1625	PF0513-C.g452	84.030	263	36	3	1	262	1374	1631	8.44e-143	441
PfHB3_070015800|CIDRg|1|1364|1625	PF0467-C.g727	70.611	262	73	2	1	262	1392	1649	7.25e-114	361
PfHB3_070015800|CIDRg|1|1364|1625	PF0359-C.g587	67.407	270	77	4	1	261	991	1258	2.46e-113	355
PfHB3_070015800|CIDRg|1|1364|1625	QG0256-C.g3302	67.164	268	73	2	1	253	884	1151	3.75e-113	355
PfHB3_070015800|CIDRg|1|1364|1625	PfKE05.g221	67.037	270	78	4	1	261	3203	3470	1.77e-110	352
PfHB3_070015800|CIDRg|1|1364|1625	PfKE05.g221	43.478	276	135	7	1	262	1389	1657	8.28e-61	209
PfHB3_070015800|CIDRg|1|1364|1625	PfKE05.g221	33.028	109	63	3	104	207	645	748	2.75e-08	57.0
PfHB3_070015800|ATS|1|1732|2184	PV0211-C.g126	81.386	505	42	5	1	453	841	1345	0.0	766
PfHB3_070015800|ATS|1|1732|2184	PA0245-C.g998	84.061	458	68	2	1	453	1706	2163	0.0	759
PfHB3_070015800|ATS|1|1732|2184	PA0270-C.g443	83.077	455	75	2	1	453	2185	2639	0.0	740
PfHB3_070015800|ATS|1|1732|2184	PV0147-C.g7	82.379	454	64	5	1	453	1761	2199	0.0	725
PfHB3_070015800|ATS|1|1732|2184	PA0245-C.g391	82.198	455	60	5	1	453	2512	2947	0.0	717
PfHB3_070016000|NTS|1|1|64	PT0039-C.g275	100.000	64	0	0	1	64	1	64	5.16e-36	129
PfHB3_070016000|NTS|1|1|64	QE0440-C.g556	85.714	63	9	0	2	64	3	65	9.98e-28	105
PfHB3_070016000|NTS|1|1|64	PC0005-Cx.g556	83.871	62	10	0	3	64	4	65	3.31e-26	100
PfHB3_070016000|NTS|1|1|64	QG0186-C.g527	82.540	63	11	0	2	64	3	65	8.03e-26	100
PfHB3_070016000|NTS|1|1|64	SenT052.11.g480	80.952	63	12	0	2	64	3	65	2.06e-25	99.0
PfHB3_070016000|DBLa|1|65|523	PT0039-C.g275	99.129	459	0	1	1	459	65	519	0.0	942
PfHB3_070016000|DBLa|1|65|523	PT0039-C.g275	29.097	299	146	12	52	331	952	1203	5.60e-26	114
PfHB3_070016000|DBLa|1|65|523	PA0140-C.g633	74.675	462	96	6	1	459	60	503	0.0	649
PfHB3_070016000|DBLa|1|65|523	PFKE06.g15	67.672	464	122	6	1	459	57	497	0.0	630
PfHB3_070016000|DBLa|1|65|523	PFKE06.g15	27.407	270	146	9	186	424	1161	1411	2.65e-10	65.5
PfHB3_070016000|DBLa|1|65|523	PT0225-C.g467	67.672	464	122	6	1	459	57	497	0.0	627
PfHB3_070016000|DBLa|1|65|523	PT0225-C.g467	30.178	338	192	12	1	331	1766	2066	4.44e-34	138
PfHB3_070016000|DBLa|1|65|523	PT0225-C.g467	25.806	279	137	9	51	325	2196	2408	5.26e-14	77.4
PfHB3_070016000|DBLa|1|65|523	PT0225-C.g467	35.294	136	73	5	213	337	1216	1347	2.52e-12	72.0
PfHB3_070016000|DBLa|1|65|523	SenT119.09.g397	69.565	460	121	6	1	459	74	515	0.0	621
PfHB3_070016000|DBLa|1|65|523	SenT119.09.g397	30.023	433	182	20	6	402	902	1249	8.38e-32	131
PfHB3_070016000|CIDRa|1|524|836	PT0039-C.g275	99.681	313	1	0	1	313	520	832	0.0	634
PfHB3_070016000|CIDRa|1|524|836	SenT119.09.g397	94.569	313	14	1	1	313	516	825	0.0	593
PfHB3_070016000|CIDRa|1|524|836	QG0277-C.g359	59.306	317	100	7	1	313	513	804	2.47e-107	345
PfHB3_070016000|CIDRa|1|524|836	PT0052-C.g460	59.306	317	100	7	1	313	513	804	3.20e-107	345
PfHB3_070016000|CIDRa|1|524|836	PT0052-C.g460	30.172	116	67	4	119	228	2158	2265	5.22e-07	53.5
PfHB3_070016000|CIDRa|1|524|836	PM0019-C.g1217	59.692	325	111	10	1	313	511	827	5.14e-103	333
PfHB3_070016000|DBLb|1|849|1309	PT0039-C.g275	94.360	461	25	1	1	461	845	1304	0.0	912
PfHB3_070016000|DBLb|1|849|1309	PT0039-C.g275	29.097	299	146	12	108	359	116	395	2.12e-25	112
PfHB3_070016000|DBLb|1|849|1309	QG0184-C.g512	80.562	463	81	4	1	461	322	777	0.0	773
PfHB3_070016000|DBLb|1|849|1309	QG0184-C.g512	43.033	488	209	16	1	461	1825	2270	2.66e-99	328
PfHB3_070016000|DBLb|1|849|1309	QG0184-C.g512	26.255	259	157	9	108	359	838	1069	6.20e-14	77.0
PfHB3_070016000|DBLb|1|849|1309	QG0184-C.g512	23.684	342	194	12	110	399	1187	1513	1.21e-12	72.8
PfHB3_070016000|DBLb|1|849|1309	QG0184-C.g512	24.399	291	171	10	109	374	2329	2595	3.15e-12	71.6
PfHB3_070016000|DBLb|1|849|1309	PA0209-C.g582	64.632	475	141	11	1	461	833	1294	0.0	577
PfHB3_070016000|DBLb|1|849|1309	PA0209-C.g582	26.733	404	214	17	29	377	27	403	2.18e-26	115
PfHB3_070016000|DBLb|1|849|1309	PA0209-C.g582	29.455	275	152	10	108	359	1351	1606	4.59e-21	99.4
PfHB3_070016000|DBLb|1|849|1309	PA0209-C.g582	24.809	262	146	9	169	396	1832	2076	8.97e-11	67.0
PfHB3_070016000|DBLb|1|849|1309	PC0069-C.g387	64.375	480	137	10	1	461	836	1300	0.0	576
PfHB3_070016000|DBLb|1|849|1309	PC0069-C.g387	33.533	334	164	10	91	396	2867	3170	2.74e-39	154
PfHB3_070016000|DBLb|1|849|1309	PC0069-C.g387	29.213	356	189	17	16	331	14	346	1.49e-26	116
PfHB3_070016000|DBLb|1|849|1309	PC0069-C.g387	30.918	207	108	9	108	313	3277	3449	6.01e-16	83.6
PfHB3_070016000|DBLb|1|849|1309	PC0069-C.g387	24.910	277	160	10	110	359	1365	1620	1.92e-10	65.9
PfHB3_070016000|DBLb|1|849|1309	PC0069-C.g387	21.923	260	185	7	105	359	2474	2720	9.28e-09	60.5
PfHB3_070016000|DBLb|1|849|1309	PA0065-C.g656	59.381	485	171	9	1	461	749	1231	0.0	547
PfHB3_070016000|DBLb|1|849|1309	PA0065-C.g656	28.793	323	177	11	46	333	52	356	4.96e-27	117
PfHB3_070016000|DBLg|1|1331|1684	SenT110.09.g142	72.222	360	92	5	1	354	783	1140	2.45e-171	526
PfHB3_070016000|DBLg|1|1331|1684	SenT110.09.g142	28.150	373	144	13	49	299	1233	1603	1.51e-26	113
PfHB3_070016000|DBLg|1|1331|1684	SenT110.09.g142	24.017	229	154	8	43	253	109	335	1.38e-07	55.8
PfHB3_070016000|DBLg|1|1331|1684	PFKE06.g230	71.111	360	96	5	1	354	1328	1685	8.27e-169	523
PfHB3_070016000|DBLg|1|1331|1684	PFKE06.g230	31.227	269	93	7	74	250	1857	2125	2.79e-24	106
PfHB3_070016000|DBLg|1|1331|1684	PFKE06.g230	27.481	262	146	9	50	283	914	1159	2.06e-15	80.1
PfHB3_070016000|DBLg|1|1331|1684	PFKE08.g297	70.411	365	95	5	1	354	847	1209	6.36e-167	514
PfHB3_070016000|DBLg|1|1331|1684	PFKE08.g297	26.302	384	175	11	20	306	1259	1631	7.86e-29	120
PfHB3_070016000|DBLg|1|1331|1684	PFKE08.g297	24.151	265	169	8	36	276	99	355	3.99e-09	60.8
PfHB3_070016000|DBLg|1|1331|1684	PM0073-C.g728	71.745	361	90	3	1	354	1310	1665	1.11e-165	514
PfHB3_070016000|DBLg|1|1331|1684	PM0073-C.g728	33.819	343	171	8	1	290	1704	2043	8.18e-46	169
PfHB3_070016000|DBLg|1|1331|1684	PM0073-C.g728	25.735	272	149	10	50	291	932	1180	4.88e-14	75.9
PfHB3_070016000|DBLg|1|1331|1684	PM0073-C.g728	23.411	299	176	12	38	290	110	401	4.52e-07	54.3
PfHB3_070016000|DBLg|1|1331|1684	PT0101-C.g285	69.780	364	98	4	1	354	834	1195	2.12e-165	511
PfHB3_070016000|DBLg|1|1331|1684	PT0101-C.g285	28.969	359	145	11	73	323	1379	1735	3.49e-29	121
PfHB3_070016000|DBLg|1|1331|1684	PT0101-C.g285	24.138	319	173	9	47	309	112	417	2.06e-13	73.9
PfHB3_070016000|DBLd|1|1728|2203	PT0039-C.g275	76.501	383	68	7	1	372	1324	1695	0.0	561
PfHB3_070016000|DBLd|1|1728|2203	PT0039-C.g275	23.247	271	148	8	166	418	179	407	2.41e-12	72.0
PfHB3_070016000|DBLd|1|1728|2203	PM0134-C.g295	54.898	541	164	17	1	476	1807	2332	7.65e-162	509
PfHB3_070016000|DBLd|1|1728|2203	PM0134-C.g295	24.206	252	134	9	166	410	181	382	1.04e-11	70.1
PfHB3_070016000|DBLd|1|1728|2203	PA0185-C.g663	53.162	506	182	14	1	476	856	1336	5.26e-158	491
PfHB3_070016000|DBLd|1|1728|2203	PA0185-C.g663	28.139	231	140	8	221	433	203	425	3.39e-13	74.7
PfHB3_070016000|DBLd|1|1728|2203	QG0208-C.g923	53.162	506	182	14	1	476	856	1336	7.48e-158	491
PfHB3_070016000|DBLd|1|1728|2203	QG0208-C.g923	28.139	231	140	8	221	433	203	425	4.26e-13	74.3
PfHB3_070016000|DBLd|1|1728|2203	SenT235.08.g479	52.539	512	182	14	1	476	856	1342	4.38e-157	488
PfHB3_070016000|DBLd|1|1728|2203	SenT235.08.g479	28.139	231	140	8	221	433	203	425	3.51e-13	74.7
PfHB3_070016000|CIDRb|1|2204|2464	PA0140-C.g611	88.168	262	25	4	1	261	1420	1676	3.96e-152	466
PfHB3_070016000|CIDRb|1|2204|2464	PF0190-C.g417	88.936	235	25	1	1	234	1430	1664	3.97e-139	431
PfHB3_070016000|CIDRb|1|2204|2464	SenT179.08.g1636	78.491	265	48	4	1	261	790	1049	3.98e-137	417
PfHB3_070016000|CIDRb|1|2204|2464	PM0134-C.g295	78.491	265	48	4	1	261	2333	2592	4.87e-133	416
PfHB3_070016000|CIDRb|1|2204|2464	PH0349-C.g390	77.985	268	45	5	1	261	1265	1525	5.31e-132	410
PfHB3_070016000|CIDRb|1|2204|2464	PH0349-C.g390	22.979	235	163	7	36	259	498	725	2.10e-07	53.9
PfHB3_070016000|ATS|1|2571|3039	PF0092-C.g708	90.909	473	37	2	1	467	1720	2192	0.0	854
PfHB3_070016000|ATS|1|2571|3039	QE0454-C.g647	90.698	473	38	2	1	467	1716	2188	0.0	852
PfHB3_070016000|ATS|1|2571|3039	PC0113-C.g606	86.469	473	57	3	1	467	1758	2229	0.0	809
PfHB3_070016000|ATS|1|2571|3039	PF0489-C.g723	86.316	475	42	6	1	469	1717	2174	0.0	800
PfHB3_070016000|ATS|1|2571|3039	PD0497-C.g400	79.957	469	75	6	2	467	2488	2940	0.0	751
PfHB3_070016100|NTS|1|1|62	QG0186-C.g883	100.000	62	0	0	1	62	1	62	1.95e-37	132
PfHB3_070016100|NTS|1|1|62	PT0035-C.g514	100.000	62	0	0	1	62	1	62	1.95e-37	132
PfHB3_070016100|NTS|1|1|62	PD0543-C.g718	100.000	62	0	0	1	62	1	62	1.95e-37	132
PfHB3_070016100|NTS|1|1|62	PD0524-C.g776	100.000	62	0	0	1	62	1	62	1.95e-37	132
PfHB3_070016100|NTS|1|1|62	PH0549-C.g840	100.000	62	0	0	1	62	1	62	1.95e-37	132
PfHB3_070016100|DBLa|1|68|499	PF0789-C.g621	99.306	432	3	0	1	432	68	499	0.0	886
PfHB3_070016100|DBLa|1|68|499	PF0789-C.g621	26.761	284	153	10	112	375	1038	1286	1.80e-16	84.7
PfHB3_070016100|DBLa|1|68|499	PT0039-C.g207	92.241	464	4	1	1	432	68	531	0.0	868
PfHB3_070016100|DBLa|1|68|499	PT0039-C.g207	25.127	394	194	13	93	432	1040	1386	2.74e-13	74.7
PfHB3_070016100|DBLa|1|68|499	PA0187-C.g833	91.667	432	1	1	1	432	68	464	0.0	805
PfHB3_070016100|DBLa|1|68|499	PA0187-C.g833	24.873	394	195	13	93	432	978	1324	3.36e-13	74.3
PfHB3_070016100|DBLa|1|68|499	PF0400-C.g470	81.293	433	76	4	1	432	68	496	0.0	719
PfHB3_070016100|DBLa|1|68|499	PFKE11.g332	79.249	453	69	3	1	432	68	516	0.0	718
PfHB3_070016100|DBLa|1|68|499	PFKE11.g332	24.915	293	137	11	180	432	1165	1414	9.94e-13	72.8
PfHB3_070016100|CIDRa|1|500|798	PA0187-C.g833	97.659	299	7	0	1	299	465	763	0.0	594
PfHB3_070016100|CIDRa|1|500|798	PT0039-C.g207	97.659	299	7	0	1	299	532	830	0.0	593
PfHB3_070016100|CIDRa|1|500|798	PF0789-C.g621	97.659	299	7	0	1	299	500	798	0.0	593
PfHB3_070016100|CIDRa|1|500|798	PF0789-C.g621	33.766	154	81	4	153	296	1425	1567	1.26e-11	67.8
PfHB3_070016100|CIDRa|1|500|798	QG0232-C.g3197	90.461	304	24	1	1	299	95	398	2.73e-169	506
PfHB3_070016100|CIDRa|1|500|798	QG0204-C.g438	61.661	313	92	6	1	295	516	818	3.15e-107	344
PfHB3_070016100|DBLd|1|906|1394	PT0039-C.g207	88.235	493	45	2	1	489	903	1386	0.0	836
PfHB3_070016100|DBLd|1|906|1394	PT0039-C.g207	24.138	319	144	11	143	414	160	427	1.02e-11	70.1
PfHB3_070016100|DBLd|1|906|1394	PA0187-C.g833	86.235	494	54	3	1	489	840	1324	0.0	815
PfHB3_070016100|DBLd|1|906|1394	PA0187-C.g833	27.556	225	105	7	198	414	186	360	6.20e-17	86.7
PfHB3_070016100|DBLd|1|906|1394	QG0232-C.g3197	88.032	493	47	7	1	489	475	959	0.0	813
PfHB3_070016100|DBLd|1|906|1394	PT0014-CW.g75	61.212	495	165	11	1	489	903	1376	2.01e-165	508
PfHB3_070016100|DBLd|1|906|1394	PT0014-CW.g75	25.594	379	195	14	160	489	181	521	1.35e-14	79.3
PfHB3_070016100|DBLd|1|906|1394	QG0246-C.g3305	61.212	495	165	11	1	489	844	1317	7.55e-164	507
PfHB3_070016100|DBLd|1|906|1394	QG0246-C.g3305	24.658	292	142	11	223	489	228	466	1.02e-07	57.4
PfHB3_070016100|CIDRb|1|1395|1642	QG0232-C.g3197	100.000	248	0	0	1	248	960	1207	1.05e-169	504
PfHB3_070016100|CIDRb|1|1395|1642	PA0187-C.g833	100.000	248	0	0	1	248	1325	1572	2.03e-166	503
PfHB3_070016100|CIDRb|1|1395|1642	PT0039-C.g207	92.339	248	0	1	1	248	1387	1615	3.16e-147	451
PfHB3_070016100|CIDRb|1|1395|1642	PC0071-C.g228	71.967	239	58	4	14	248	1675	1908	3.41e-104	333
PfHB3_070016100|CIDRb|1|1395|1642	QG0216-C.g769	71.967	239	58	4	14	248	1556	1789	3.52e-104	333
PfHB3_070016100|ATS|1|1757|2221	QE0436-C.g591	78.004	491	81	6	1	465	1702	2191	0.0	696
PfHB3_070016100|ATS|1|1757|2221	PA0245-C.g391	77.186	469	70	10	1	465	2512	2947	0.0	687
PfHB3_070016100|ATS|1|1757|2221	PV0147-C.g7	77.350	468	74	10	1	465	1761	2199	0.0	679
PfHB3_070016100|ATS|1|1757|2221	PD0561-C.g263	72.211	493	72	9	1	465	2424	2879	0.0	676
PfHB3_070016100|ATS|1|1757|2221	PFKE09.g563	75.745	470	81	10	1	465	775	1216	0.0	673
PfHB3_080005100|NTS|1|1|77	QG0201-C.g131	100.000	77	0	0	1	77	1	77	1.81e-44	154
PfHB3_080005100|NTS|1|1|77	PH0549-C.g21	100.000	77	0	0	1	77	1	77	2.24e-44	153
PfHB3_080005100|NTS|1|1|77	QG0275-C.g989	100.000	77	0	0	1	77	1	77	2.44e-44	153
PfHB3_080005100|NTS|1|1|77	PC0122-C.g188	100.000	77	0	0	1	77	1	77	2.72e-44	153
PfHB3_080005100|NTS|1|1|77	PA0270-C.g106	100.000	77	0	0	1	77	1	77	2.88e-44	153
PfHB3_080005100|DBLa|1|78|470	PA0270-C.g106	100.000	393	0	0	1	393	78	470	0.0	827
PfHB3_080005100|DBLa|1|78|470	PA0270-C.g106	31.519	349	192	14	19	349	924	1243	1.27e-36	144
PfHB3_080005100|DBLa|1|78|470	PA0270-C.g106	26.730	318	169	13	22	321	1344	1615	1.43e-20	96.7
PfHB3_080005100|DBLa|1|78|470	PA0270-C.g106	25.758	264	146	7	120	333	2064	2327	9.03e-16	82.0
PfHB3_080005100|DBLa|1|78|470	PH0549-C.g21	100.000	393	0	0	1	393	78	470	0.0	824
PfHB3_080005100|DBLa|1|78|470	PH0549-C.g21	35.612	278	125	9	56	323	1996	2229	2.30e-36	143
PfHB3_080005100|DBLa|1|78|470	PH0549-C.g21	31.250	288	165	8	120	393	1311	1579	5.47e-29	121
PfHB3_080005100|DBLa|1|78|470	PH0549-C.g21	25.628	398	222	13	53	393	2537	2917	4.28e-16	82.8
PfHB3_080005100|DBLa|1|78|470	PH0549-C.g21	29.795	292	139	15	54	321	860	1109	2.15e-10	65.1
PfHB3_080005100|DBLa|1|78|470	QG0201-C.g131	100.000	393	0	0	1	393	78	470	0.0	824
PfHB3_080005100|DBLa|1|78|470	QG0201-C.g131	32.710	321	159	10	19	322	1988	2268	2.70e-39	152
PfHB3_080005100|DBLa|1|78|470	QG0201-C.g131	27.525	396	210	12	45	393	1255	1620	7.13e-30	124
PfHB3_080005100|DBLa|1|78|470	QG0201-C.g131	26.879	346	191	15	54	378	901	1205	6.09e-17	85.5
PfHB3_080005100|DBLa|1|78|470	PC0122-C.g188	100.000	393	0	0	1	393	78	470	0.0	823
PfHB3_080005100|DBLa|1|78|470	PC0122-C.g188	25.559	313	165	13	126	393	1433	1722	5.84e-16	82.4
PfHB3_080005100|DBLa|1|78|470	PC0122-C.g188	25.723	311	161	13	54	330	906	1180	3.44e-14	77.0
PfHB3_080005100|DBLa|1|78|470	QG0275-C.g989	99.746	393	1	0	1	393	78	470	0.0	820
PfHB3_080005100|DBLa|1|78|470	QG0275-C.g989	31.228	285	166	7	120	393	1353	1618	3.21e-32	131
PfHB3_080005100|DBLa|1|78|470	QG0275-C.g989	27.013	385	210	11	1	370	1978	2306	2.06e-30	125
PfHB3_080005100|DBLa|1|78|470	QG0275-C.g989	25.436	287	159	9	54	322	901	1150	5.99e-10	63.9
PfHB3_080005100|CIDRd|1|471|726	PV0028-C.g155	81.641	256	46	1	1	255	29	284	1.13e-140	422
PfHB3_080005100|CIDRd|1|471|726	SenT150.09.g858	83.203	256	43	0	1	256	466	721	3.34e-138	418
PfHB3_080005100|CIDRd|1|471|726	PV0209-C.g41	83.137	255	43	0	1	255	470	724	1.21e-134	416
PfHB3_080005100|CIDRd|1|471|726	PF0098-C.g394	82.745	255	44	0	1	255	469	723	2.51e-133	414
PfHB3_080005100|CIDRd|1|471|726	PT0261-Cx.g264	83.137	255	43	0	1	255	468	722	4.51e-133	416
PfHB3_080005100|CIDRd|1|471|726	PT0261-Cx.g264	36.653	251	157	2	7	256	1594	1843	2.46e-43	159
PfHB3_080005100|DBLg|1|804|1162	PA0262-C.g127	87.778	360	39	3	1	359	827	1182	0.0	633
PfHB3_080005100|DBLg|1|804|1162	PA0262-C.g127	37.931	348	182	13	1	331	2351	2681	5.57e-57	202
PfHB3_080005100|DBLg|1|804|1162	PA0262-C.g127	37.079	356	160	12	1	297	1187	1537	6.36e-55	196
PfHB3_080005100|DBLg|1|804|1162	PA0262-C.g127	25.497	302	152	10	44	297	126	402	4.89e-16	82.0
PfHB3_080005100|DBLg|1|804|1162	PA0262-C.g127	22.671	322	163	10	38	323	2014	2285	9.11e-10	62.8
PfHB3_080005100|DBLg|1|804|1162	PF0816-C.g262	84.167	360	52	3	1	359	839	1194	0.0	605
PfHB3_080005100|DBLg|1|804|1162	PF0816-C.g262	38.323	334	158	10	1	291	1199	1527	2.17e-54	194
PfHB3_080005100|DBLg|1|804|1162	PF0816-C.g262	25.926	297	166	9	20	290	1992	2260	6.11e-16	82.0
PfHB3_080005100|DBLg|1|804|1162	PF0816-C.g262	24.161	298	164	11	36	296	119	391	1.99e-11	68.2
PfHB3_080005100|DBLg|1|804|1162	PM0093-C.g1324	88.822	331	36	1	29	359	907	1236	0.0	602
PfHB3_080005100|DBLg|1|804|1162	PM0093-C.g1324	39.826	344	158	10	1	297	1241	1582	1.25e-60	213
PfHB3_080005100|DBLg|1|804|1162	PM0093-C.g1324	37.644	348	183	12	1	331	2417	2747	1.40e-57	204
PfHB3_080005100|DBLg|1|804|1162	PM0093-C.g1324	25.763	295	148	12	44	297	126	390	5.04e-12	69.7
PfHB3_080005100|DBLg|1|804|1162	PM0093-C.g1324	21.975	314	180	11	50	323	2063	2351	3.30e-08	58.2
PfHB3_080005100|DBLg|1|804|1162	PM0107-C.g147	67.403	362	113	3	1	359	631	990	1.46e-170	506
PfHB3_080005100|DBLg|1|804|1162	PM0107-C.g147	24.028	283	146	8	47	297	182	427	1.21e-10	65.5
PfHB3_080005100|DBLg|1|804|1162	PM0117-C.g142	70.718	362	101	2	1	359	832	1191	2.54e-168	521
PfHB3_080005100|DBLg|1|804|1162	PM0117-C.g142	35.897	351	167	12	1	297	1196	1542	2.51e-51	186
PfHB3_080005100|DBLg|1|804|1162	PM0117-C.g142	26.199	271	149	9	47	296	2020	2260	5.01e-14	75.9
PfHB3_080005100|DBLg|1|804|1162	PM0117-C.g142	25.000	296	152	13	45	296	128	397	1.40e-13	74.7
PfHB3_080005100|DBLd|1|1167|1567	PA0140-C.g808	97.761	402	8	1	1	401	423	824	0.0	809
PfHB3_080005100|DBLd|1|1167|1567	PA0140-C.g808	38.462	338	158	12	1	331	61	355	4.37e-54	195
PfHB3_080005100|DBLd|1|1167|1567	PF0152-C.g159	94.541	403	16	2	1	401	27	425	0.0	744
PfHB3_080005100|DBLd|1|1167|1567	PC0020-C.g2	85.075	402	58	2	1	401	402	802	0.0	672
PfHB3_080005100|DBLd|1|1167|1567	PC0020-C.g2	37.714	350	155	12	1	331	29	334	8.76e-55	197
PfHB3_080005100|DBLd|1|1167|1567	PC0020-C.g2	33.333	345	169	7	1	343	1557	1842	4.15e-43	163
PfHB3_080005100|DBLd|1|1167|1567	PT0008-CW.g71	84.577	402	60	2	1	401	1221	1621	0.0	670
PfHB3_080005100|DBLd|1|1167|1567	PT0008-CW.g71	32.964	361	194	9	1	344	837	1166	3.90e-46	172
PfHB3_080005100|DBLd|1|1167|1567	PT0008-CW.g71	30.063	316	179	9	114	401	174	475	1.31e-23	105
PfHB3_080005100|DBLd|1|1167|1567	QG0200-C.g118	80.446	404	75	2	1	401	1303	1705	0.0	638
PfHB3_080005100|DBLd|1|1167|1567	QG0200-C.g118	37.571	354	168	15	1	339	927	1242	2.23e-50	184
PfHB3_080005100|DBLd|1|1167|1567	QG0200-C.g118	28.718	390	200	10	48	401	129	476	1.55e-38	150
PfHB3_080005100|CIDRb|1|1568|1819	PF0152-C.g159	100.000	252	0	0	1	252	426	677	9.85e-175	518
PfHB3_080005100|CIDRb|1|1568|1819	PA0140-C.g808	100.000	252	0	0	1	252	825	1076	9.09e-172	518
PfHB3_080005100|CIDRb|1|1568|1819	PV0184-C.g5	84.524	252	38	1	1	251	589	840	1.51e-131	404
PfHB3_080005100|CIDRb|1|1568|1819	PT0017-CW.g14	84.127	252	39	1	1	251	702	953	2.50e-130	403
PfHB3_080005100|CIDRb|1|1568|1819	PH0305-C.g275	84.921	252	37	1	1	251	1585	1836	1.25e-129	406
PfHB3_080005100|CIDRb|1|1568|1819	PH0305-C.g275	36.842	247	150	4	5	247	470	714	2.36e-44	161
PfHB3_080005100|DBLb|1|1847|2317	PF0152-C.g159	100.000	471	0	0	1	471	705	1175	0.0	971
PfHB3_080005100|DBLb|1|1847|2317	PA0140-C.g808	99.788	471	1	0	1	471	1104	1574	0.0	969
PfHB3_080005100|DBLb|1|1847|2317	PA0140-C.g808	23.934	305	179	11	111	384	94	376	8.08e-10	63.9
PfHB3_080005100|DBLb|1|1847|2317	PfKE04.g6	97.458	472	11	1	1	471	1877	2348	0.0	946
PfHB3_080005100|DBLb|1|1847|2317	PfKE04.g6	30.077	389	197	17	52	391	50	412	1.79e-29	125
PfHB3_080005100|DBLb|1|1847|2317	PfKE04.g6	23.596	267	156	11	126	371	870	1109	2.24e-07	56.2
PfHB3_080005100|DBLb|1|1847|2317	PM0134-C.g579	96.195	473	16	1	1	471	1949	2421	0.0	931
PfHB3_080005100|DBLb|1|1847|2317	PM0134-C.g579	27.616	344	200	11	4	329	18	330	7.84e-27	117
PfHB3_080005100|DBLb|1|1847|2317	PM0134-C.g579	23.132	281	159	9	111	357	930	1187	1.09e-08	60.5
PfHB3_080005100|DBLb|1|1847|2317	PA0047-C.g530	77.149	477	100	4	1	471	1062	1535	0.0	727
PfHB3_080005100|DBLb|1|1847|2317	PA0047-C.g530	23.596	267	156	11	126	371	56	295	3.45e-07	55.5
PfHB3_080005100|ATS|1|2479|2907	PfKE02.g50	85.102	443	45	5	7	429	2571	3012	0.0	744
PfHB3_080005100|ATS|1|2479|2907	PF0513-C.g5231	85.514	428	55	3	2	429	2389	2809	0.0	743
PfHB3_080005100|ATS|1|2479|2907	PV0147-C.g27	83.796	432	61	3	1	429	2912	3337	0.0	736
PfHB3_080005100|ATS|1|2479|2907	PFKE07.g1073	86.014	429	44	4	1	429	3671	4083	0.0	735
PfHB3_080005100|ATS|1|2479|2907	PC0113-C.g1115	85.349	430	54	5	1	429	3496	3917	0.0	733
PfHB3_080013600|DBLa|1|1|313	PH0148-CW.g41	92.652	313	1	1	1	313	183	473	0.0	586
PfHB3_080013600|DBLa|1|1|313	PH0148-CW.g41	30.717	293	153	10	2	276	1708	1968	1.22e-25	109
PfHB3_080013600|DBLa|1|1|313	PH0148-CW.g41	30.312	320	158	13	6	313	990	1256	2.02e-24	106
PfHB3_080013600|DBLa|1|1|313	PH0148-CW.g41	32.212	208	93	9	2	208	2090	2250	1.13e-19	92.0
PfHB3_080013600|DBLa|1|1|313	PD0518-C.g468	92.652	313	1	1	1	313	183	473	0.0	586
PfHB3_080013600|DBLa|1|1|313	PD0518-C.g468	30.717	293	153	10	2	276	1708	1968	1.22e-25	109
PfHB3_080013600|DBLa|1|1|313	PD0518-C.g468	30.312	320	158	13	6	313	990	1256	2.02e-24	106
PfHB3_080013600|DBLa|1|1|313	PD0518-C.g468	32.212	208	93	9	2	208	2090	2250	1.13e-19	92.0
PfHB3_080013600|DBLa|1|1|313	PM0054-C.g178	67.470	332	76	6	1	313	165	483	5.27e-146	441
PfHB3_080013600|DBLa|1|1|313	PT0063-C.g323	69.940	336	74	6	1	313	183	514	1.67e-144	451
PfHB3_080013600|DBLa|1|1|313	PT0063-C.g323	30.556	180	86	7	32	202	1005	1154	7.94e-12	68.6
PfHB3_080013600|DBLa|1|1|313	PT0063-C.g323	23.333	240	141	7	6	206	1443	1678	2.80e-09	60.8
PfHB3_080013600|DBLa|1|1|313	SenT084.10.g2410	66.869	329	80	5	1	313	189	504	2.93e-141	432
PfHB3_080013600|DBLa|1|1|313	SenT084.10.g2410	30.000	260	138	8	5	241	1034	1272	7.13e-23	101
PfHB3_080013600|CIDRa|1|314|628	PH0148-CW.g41	100.000	315	0	0	1	315	474	788	0.0	635
PfHB3_080013600|CIDRa|1|314|628	PD0518-C.g468	100.000	315	0	0	1	315	474	788	0.0	635
PfHB3_080013600|CIDRa|1|314|628	QG0186-C.g503	58.232	328	116	7	1	314	518	838	5.41e-108	347
PfHB3_080013600|CIDRa|1|314|628	PA0081-C.g429	57.187	327	121	6	1	312	521	843	1.40e-107	339
PfHB3_080013600|CIDRa|1|314|628	SenT066.08.g684	59.375	320	116	5	1	309	500	816	1.86e-107	345
PfHB3_080013600|DBLd|1|691|1096	PF0393-CW.g389	100.000	406	0	0	1	406	887	1292	0.0	841
PfHB3_080013600|DBLd|1|691|1096	PF0393-CW.g389	28.076	317	174	11	140	406	195	507	3.44e-17	86.7
PfHB3_080013600|DBLd|1|691|1096	PF0393-CW.g389	23.934	305	154	9	37	338	2058	2287	1.18e-16	84.7
PfHB3_080013600|DBLd|1|691|1096	PF0393-CW.g389	23.276	348	192	11	34	358	1670	1965	2.54e-13	74.3
PfHB3_080013600|DBLd|1|691|1096	PH0148-CW.g41	100.000	406	0	0	1	406	851	1256	0.0	839
PfHB3_080013600|DBLd|1|691|1096	PH0148-CW.g41	25.628	398	197	15	26	380	81	422	2.95e-19	92.8
PfHB3_080013600|DBLd|1|691|1096	PH0148-CW.g41	26.300	327	148	12	37	354	2022	2264	1.22e-15	81.6
PfHB3_080013600|DBLd|1|691|1096	PH0148-CW.g41	23.276	348	192	11	34	358	1634	1929	4.07e-13	73.9
PfHB3_080013600|DBLd|1|691|1096	PD0518-C.g468	100.000	406	0	0	1	406	851	1256	0.0	839
PfHB3_080013600|DBLd|1|691|1096	PD0518-C.g468	25.628	398	197	15	26	380	81	422	2.95e-19	92.8
PfHB3_080013600|DBLd|1|691|1096	PD0518-C.g468	26.300	327	148	12	37	354	2022	2264	1.22e-15	81.6
PfHB3_080013600|DBLd|1|691|1096	PD0518-C.g468	23.276	348	192	11	34	358	1634	1929	4.07e-13	73.9
PfHB3_080013600|DBLd|1|691|1096	PF0119-C.g225	100.000	406	0	0	1	406	835	1240	0.0	838
PfHB3_080013600|DBLd|1|691|1096	PF0119-C.g225	32.377	244	128	7	182	406	244	469	4.79e-20	95.1
PfHB3_080013600|DBLd|1|691|1096	PF0119-C.g225	23.934	305	154	9	37	338	2006	2235	1.47e-16	84.7
PfHB3_080013600|DBLd|1|691|1096	PF0119-C.g225	23.276	348	192	11	34	358	1618	1913	2.32e-13	74.7
PfHB3_080013600|DBLd|1|691|1096	PV0128-C.g68	93.103	406	24	1	1	406	123	524	0.0	761
PfHB3_080013600|DBLd|1|691|1096	PV0128-C.g68	26.300	327	148	12	37	354	1290	1532	3.89e-16	83.2
PfHB3_080013600|DBLd|1|691|1096	PV0128-C.g68	23.410	346	194	10	34	358	902	1197	8.81e-13	72.8
PfHB3_080013600|CIDRg|1|1097|1345	PV0205-C.g33	99.598	249	1	0	1	249	345	593	2.58e-172	505
PfHB3_080013600|CIDRg|1|1097|1345	PV0229-C.g81	99.598	249	1	0	1	249	534	782	4.30e-168	507
PfHB3_080013600|CIDRg|1|1097|1345	PH0117-C.g17	99.598	249	1	0	1	249	1189	1437	8.96e-168	505
PfHB3_080013600|CIDRg|1|1097|1345	PH0117-C.g17	27.647	170	111	3	1	161	474	640	8.71e-14	72.8
PfHB3_080013600|CIDRg|1|1097|1345	PV0128-C.g68	99.598	249	1	0	1	249	525	773	1.40e-166	509
PfHB3_080013600|CIDRg|1|1097|1345	PD0526-C.g903	99.598	249	1	0	1	249	1189	1437	2.95e-166	504
PfHB3_080013600|CIDRg|1|1097|1345	PD0526-C.g903	27.647	170	111	3	1	161	474	640	8.90e-14	72.8
PfHB3_080013600|DBLz|1|1393|1818	PV0128-C.g68	100.000	426	0	0	1	426	821	1246	0.0	875
PfHB3_080013600|DBLz|1|1393|1818	PV0128-C.g68	28.522	291	153	13	81	362	1285	1529	7.02e-16	82.8
PfHB3_080013600|DBLz|1|1393|1818	PV0128-C.g68	23.647	351	183	14	82	377	156	476	3.09e-13	74.3
PfHB3_080013600|DBLz|1|1393|1818	PH0474-CW.g29	100.000	426	0	0	1	426	1173	1598	0.0	873
PfHB3_080013600|DBLz|1|1393|1818	PH0474-CW.g29	28.522	291	153	13	81	362	1637	1881	6.06e-16	82.8
PfHB3_080013600|DBLz|1|1393|1818	PH0474-CW.g29	23.647	351	183	14	82	377	508	828	2.84e-13	74.7
PfHB3_080013600|DBLz|1|1393|1818	PV0229-C.g81	100.000	426	0	0	1	426	830	1255	0.0	872
PfHB3_080013600|DBLz|1|1393|1818	PV0229-C.g81	28.522	291	153	13	81	362	1294	1538	4.91e-16	83.2
PfHB3_080013600|DBLz|1|1393|1818	PV0229-C.g81	23.647	351	183	14	82	377	165	485	3.26e-13	74.3
PfHB3_080013600|DBLz|1|1393|1818	PV0195-C.g13	100.000	426	0	0	1	426	1485	1910	0.0	872
PfHB3_080013600|DBLz|1|1393|1818	PV0195-C.g13	34.483	290	139	10	95	353	119	388	7.30e-30	125
PfHB3_080013600|DBLz|1|1393|1818	PV0195-C.g13	28.522	291	153	13	81	362	1949	2193	6.43e-16	82.8
PfHB3_080013600|DBLz|1|1393|1818	PV0195-C.g13	23.647	351	183	14	82	377	820	1140	3.03e-13	74.7
PfHB3_080013600|DBLz|1|1393|1818	PV0083-C.g20	100.000	426	0	0	1	426	1485	1910	0.0	872
PfHB3_080013600|DBLz|1|1393|1818	PV0083-C.g20	34.483	290	139	10	95	353	119	388	7.30e-30	125
PfHB3_080013600|DBLz|1|1393|1818	PV0083-C.g20	28.522	291	153	13	81	362	1949	2193	6.43e-16	82.8
PfHB3_080013600|DBLz|1|1393|1818	PV0083-C.g20	23.647	351	183	14	82	377	820	1140	3.03e-13	74.7
PfHB3_080013600|DBLe|1|1823|2145	PV0128-C.g68	99.690	323	1	0	1	323	1251	1573	0.0	675
PfHB3_080013600|DBLe|1|1823|2145	PV0128-C.g68	29.242	277	144	12	49	279	912	1182	1.87e-16	82.8
PfHB3_080013600|DBLe|1|1823|2145	PV0128-C.g68	24.540	326	156	12	40	285	159	474	8.79e-14	74.7
PfHB3_080013600|DBLe|1|1823|2145	PH0474-CW.g29	99.690	323	1	0	1	323	1603	1925	0.0	674
PfHB3_080013600|DBLe|1|1823|2145	PH0474-CW.g29	29.242	277	144	12	49	279	1264	1534	2.11e-16	82.4
PfHB3_080013600|DBLe|1|1823|2145	PH0474-CW.g29	24.540	326	156	12	40	285	511	826	8.61e-14	74.7
PfHB3_080013600|DBLe|1|1823|2145	PV0229-C.g81	99.690	323	1	0	1	323	1260	1582	0.0	674
PfHB3_080013600|DBLe|1|1823|2145	PV0229-C.g81	28.522	291	153	13	35	279	910	1191	2.65e-16	82.0
PfHB3_080013600|DBLe|1|1823|2145	PV0229-C.g81	24.540	326	156	12	40	285	168	483	1.28e-13	73.9
PfHB3_080013600|DBLe|1|1823|2145	PV0195-C.g13	99.690	323	1	0	1	323	1915	2237	0.0	674
PfHB3_080013600|DBLe|1|1823|2145	PV0195-C.g13	27.143	280	149	7	48	272	115	394	2.71e-18	88.2
PfHB3_080013600|DBLe|1|1823|2145	PV0195-C.g13	29.242	277	144	12	49	279	1576	1846	2.45e-16	82.4
PfHB3_080013600|DBLe|1|1823|2145	PV0195-C.g13	24.540	326	156	12	40	285	823	1138	1.01e-13	74.3
PfHB3_080013600|DBLe|1|1823|2145	PV0083-C.g20	99.690	323	1	0	1	323	1915	2237	0.0	674
PfHB3_080013600|DBLe|1|1823|2145	PV0083-C.g20	27.143	280	149	7	48	272	115	394	2.71e-18	88.2
PfHB3_080013600|DBLe|1|1823|2145	PV0083-C.g20	29.242	277	144	12	49	279	1576	1846	2.45e-16	82.4
PfHB3_080013600|DBLe|1|1823|2145	PV0083-C.g20	24.540	326	156	12	40	285	823	1138	1.01e-13	74.3
PfHB3_080013600|ATS|1|2206|2666	PV0195-C.g13	100.000	461	0	0	1	461	2298	2758	0.0	941
PfHB3_080013600|ATS|1|2206|2666	PV0083-C.g20	100.000	461	0	0	1	461	2298	2758	0.0	941
PfHB3_080013600|ATS|1|2206|2666	PH0471-C.g30	100.000	461	0	0	1	461	2298	2758	0.0	941
PfHB3_080013600|ATS|1|2206|2666	PD0569-C.g109	100.000	461	0	0	1	461	2298	2758	0.0	941
PfHB3_080013600|ATS|1|2206|2666	PD0548-C.g783	100.000	461	0	0	1	461	2298	2758	0.0	941
PfHB3_080013800|NTS|1|1|71	PV0087-C.g17	86.885	61	8	0	11	71	3	63	1.10e-27	105
PfHB3_080013800|NTS|1|1|71	PM0068-C.g301	71.212	66	18	1	6	71	5	69	3.57e-22	90.1
PfHB3_080013800|NTS|1|1|71	PC0104-C.g681	76.056	71	16	1	1	71	1	70	1.79e-21	87.8
PfHB3_080013800|NTS|1|1|71	QG0186-C.g870	76.056	71	16	1	1	71	1	70	2.22e-21	87.8
PfHB3_080013800|NTS|1|1|71	PA0262-C.g444	73.239	71	18	1	1	71	1	70	3.93e-20	84.3
PfHB3_080013800|DBLa|1|72|511	PA0261-C.g751	66.667	447	117	10	15	440	85	520	0.0	578
PfHB3_080013800|DBLa|1|72|511	PF0092-C.g708	67.489	446	126	11	1	440	59	491	0.0	572
PfHB3_080013800|DBLa|1|72|511	PF0092-C.g708	25.442	452	253	13	42	440	947	1367	3.52e-21	99.4
PfHB3_080013800|DBLa|1|72|511	PT0219-C.g598	65.795	459	130	11	5	440	70	524	0.0	571
PfHB3_080013800|DBLa|1|72|511	PT0219-C.g598	29.469	207	102	6	246	440	1214	1388	4.28e-13	73.9
PfHB3_080013800|DBLa|1|72|511	PC0054-C.g205	65.795	459	130	11	5	440	70	524	0.0	571
PfHB3_080013800|DBLa|1|72|511	PC0054-C.g205	25.474	369	194	15	106	440	1067	1388	2.75e-13	74.7
PfHB3_080013800|DBLa|1|72|511	PA0211-C.g892	67.489	446	126	11	1	440	59	491	0.0	570
PfHB3_080013800|CIDRa|1|512|808	QE0460-C.g29	83.333	300	40	3	1	296	588	881	1.53e-151	456
PfHB3_080013800|CIDRa|1|512|808	QE0436-C.g47	83.333	300	40	3	1	296	588	881	3.17e-151	455
PfHB3_080013800|CIDRa|1|512|808	QE0423-C.g1204	83.333	300	40	3	1	296	588	881	3.00e-149	455
PfHB3_080013800|CIDRa|1|512|808	QE0458-C.g780	83.333	300	40	3	1	296	588	881	5.76e-149	455
PfHB3_080013800|CIDRa|1|512|808	PA0148-C.g638	71.148	305	73	6	1	294	504	804	7.63e-128	401
PfHB3_080013800|CIDRa|1|512|808	PA0148-C.g638	33.333	99	58	3	119	209	1446	1544	4.50e-07	53.5
PfHB3_080013800|DBLd|1|872|1324	PT0048-C.g478	56.487	501	169	11	1	453	238	737	1.79e-170	510
PfHB3_080013800|DBLd|1|872|1324	PM0062-C.g441	54.941	506	165	12	1	453	904	1399	1.48e-162	504
PfHB3_080013800|DBLd|1|872|1324	PM0062-C.g441	24.796	367	180	15	143	453	184	510	1.97e-16	84.7
PfHB3_080013800|DBLd|1|872|1324	PC0026-C.g18	54.878	492	177	14	1	453	571	1056	3.79e-157	483
PfHB3_080013800|DBLd|1|872|1324	PC0026-C.g18	30.409	171	91	5	311	453	1	171	3.26e-10	65.1
PfHB3_080013800|DBLd|1|872|1324	PD0554-C.g415	53.678	503	164	16	1	453	1342	1825	2.36e-154	485
PfHB3_080013800|DBLd|1|872|1324	PD0554-C.g415	27.221	349	198	12	129	453	190	506	2.75e-20	96.7
PfHB3_080013800|DBLd|1|872|1324	PD0532-C.g551	53.678	503	164	16	1	453	1342	1825	2.36e-154	485
PfHB3_080013800|DBLd|1|872|1324	PD0532-C.g551	27.221	349	198	12	129	453	190	506	2.75e-20	96.7
PfHB3_080013800|CIDRg|1|1325|1581	PV0239-C.g11	75.094	265	56	5	1	257	2218	2480	8.44e-123	387
PfHB3_080013800|CIDRg|1|1325|1581	PV0239-C.g11	28.804	184	123	5	67	247	522	700	2.84e-08	56.6
PfHB3_080013800|CIDRg|1|1325|1581	PD0503-C.g65	75.094	265	56	5	1	257	2219	2481	8.89e-123	387
PfHB3_080013800|CIDRg|1|1325|1581	PF0782-C.g542	75.094	265	56	5	1	257	2185	2447	1.11e-122	386
PfHB3_080013800|CIDRg|1|1325|1581	PF0782-C.g542	26.749	243	165	6	15	249	482	719	3.63e-13	71.2
PfHB3_080013800|CIDRg|1|1325|1581	QG0246-C.g1930	75.094	265	56	5	1	257	2185	2447	1.14e-122	386
PfHB3_080013800|CIDRg|1|1325|1581	QG0246-C.g1930	26.749	243	165	6	15	249	482	719	3.34e-13	71.6
PfHB3_080013800|CIDRg|1|1325|1581	PH0932-C.g689	75.094	265	56	5	1	257	2227	2489	1.50e-122	386
PfHB3_080013800|CIDRg|1|1325|1581	PH0932-C.g689	28.804	184	123	5	67	247	522	700	2.96e-08	56.6
PfHB3_080013800|DBLz|1|1618|2037	PV0028-C.g68	100.000	420	0	0	1	420	1621	2040	0.0	853
PfHB3_080013800|DBLz|1|1618|2037	PV0028-C.g68	29.923	391	192	17	31	354	39	414	6.34e-31	128
PfHB3_080013800|DBLz|1|1618|2037	PV0028-C.g68	24.913	289	175	8	93	363	2093	2357	1.77e-13	75.1
PfHB3_080013800|DBLz|1|1618|2037	PV0028-C.g68	23.741	417	218	15	50	389	883	1276	9.48e-13	72.8
PfHB3_080013800|DBLz|1|1618|2037	PH0991-C.g533	100.000	420	0	0	1	420	1621	2040	0.0	853
PfHB3_080013800|DBLz|1|1618|2037	PH0991-C.g533	29.923	391	192	17	31	354	39	414	6.45e-31	128
PfHB3_080013800|DBLz|1|1618|2037	PH0991-C.g533	26.103	272	163	8	93	363	2093	2327	8.45e-16	82.4
PfHB3_080013800|DBLz|1|1618|2037	PH0991-C.g533	23.741	417	218	15	50	389	883	1276	9.80e-13	72.8
PfHB3_080013800|DBLz|1|1618|2037	PH0915-C.g434	100.000	420	0	0	1	420	1621	2040	0.0	853
PfHB3_080013800|DBLz|1|1618|2037	PH0915-C.g434	29.923	391	192	17	31	354	39	414	6.45e-31	128
PfHB3_080013800|DBLz|1|1618|2037	PH0915-C.g434	26.103	272	163	8	93	363	2093	2327	8.45e-16	82.4
PfHB3_080013800|DBLz|1|1618|2037	PH0915-C.g434	23.741	417	218	15	50	389	883	1276	9.80e-13	72.8
PfHB3_080013800|DBLz|1|1618|2037	PH0592-C.g251	100.000	420	0	0	1	420	1621	2040	0.0	853
PfHB3_080013800|DBLz|1|1618|2037	PH0592-C.g251	29.923	391	192	17	31	354	39	414	6.45e-31	128
PfHB3_080013800|DBLz|1|1618|2037	PH0592-C.g251	26.103	272	163	8	93	363	2093	2327	8.45e-16	82.4
PfHB3_080013800|DBLz|1|1618|2037	PH0592-C.g251	23.741	417	218	15	50	389	883	1276	9.80e-13	72.8
PfHB3_080013800|DBLz|1|1618|2037	PH0560-C.g342	100.000	420	0	0	1	420	1621	2040	0.0	853
PfHB3_080013800|DBLz|1|1618|2037	PH0560-C.g342	29.923	391	192	17	31	354	39	414	6.45e-31	128
PfHB3_080013800|DBLz|1|1618|2037	PH0560-C.g342	26.103	272	163	8	93	363	2093	2327	8.45e-16	82.4
PfHB3_080013800|DBLz|1|1618|2037	PH0560-C.g342	23.741	417	218	15	50	389	883	1276	9.80e-13	72.8
PfHB3_080013800|DBLe|1|2042|2363	PD0497-C.g400	100.000	322	0	0	1	322	2114	2435	0.0	674
PfHB3_080013800|DBLe|1|2042|2363	PD0497-C.g400	27.217	327	169	9	46	303	126	452	7.01e-21	95.9
PfHB3_080013800|DBLe|1|2042|2363	PD0497-C.g400	26.374	273	163	8	48	283	1781	2052	5.81e-16	81.3
PfHB3_080013800|DBLe|1|2042|2363	PD0474-C.g515	100.000	322	0	0	1	322	2114	2435	0.0	673
PfHB3_080013800|DBLe|1|2042|2363	PD0474-C.g515	27.217	327	169	9	46	303	126	452	5.73e-21	96.3
PfHB3_080013800|DBLe|1|2042|2363	PD0474-C.g515	26.374	273	163	8	48	283	1781	2052	5.47e-16	81.3
PfHB3_080013800|DBLe|1|2042|2363	PH0991-C.g533	100.000	322	0	0	1	322	2045	2366	0.0	672
PfHB3_080013800|DBLe|1|2042|2363	PH0991-C.g533	26.374	273	163	8	48	283	1712	1983	5.40e-16	81.3
PfHB3_080013800|DBLe|1|2042|2363	PH0991-C.g533	26.250	240	115	5	46	223	104	343	2.51e-14	76.3
PfHB3_080013800|DBLe|1|2042|2363	PH0915-C.g434	100.000	322	0	0	1	322	2045	2366	0.0	672
PfHB3_080013800|DBLe|1|2042|2363	PH0915-C.g434	26.374	273	163	8	48	283	1712	1983	5.40e-16	81.3
PfHB3_080013800|DBLe|1|2042|2363	PH0915-C.g434	26.250	240	115	5	46	223	104	343	2.51e-14	76.3
PfHB3_080013800|DBLe|1|2042|2363	PH0592-C.g251	100.000	322	0	0	1	322	2045	2366	0.0	672
PfHB3_080013800|DBLe|1|2042|2363	PH0592-C.g251	26.374	273	163	8	48	283	1712	1983	5.40e-16	81.3
PfHB3_080013800|DBLe|1|2042|2363	PH0592-C.g251	26.250	240	115	5	46	223	104	343	2.51e-14	76.3
PfHB3_080013800|ATS|1|2410|2876	PM0049-C.g385	81.144	472	73	7	1	467	2466	2926	0.0	731
PfHB3_080013800|ATS|1|2410|2876	PA0030-C.g1290	81.144	472	73	7	1	467	2067	2527	0.0	730
PfHB3_080013800|ATS|1|2410|2876	PA0040-C.g261	81.144	472	73	7	1	467	2366	2826	0.0	729
PfHB3_080013800|ATS|1|2410|2876	QE0395-C.g341	80.297	472	85	6	1	467	2374	2842	0.0	701
PfHB3_080013800|ATS|1|2410|2876	PH0592-C.g161	80.297	472	85	6	1	467	2377	2845	0.0	701
PfHB3_080014000|NTS|1|1|67	PV0233-C.g188	76.562	64	15	0	4	67	3	66	1.48e-25	99.4
PfHB3_080014000|NTS|1|1|67	QE0463-C.g782	76.562	64	15	0	4	67	3	66	1.52e-25	99.4
PfHB3_080014000|NTS|1|1|67	QE0460-C.g701	76.562	64	15	0	4	67	3	66	1.52e-25	99.4
PfHB3_080014000|NTS|1|1|67	QE0456-C.g841	76.562	64	15	0	4	67	3	66	1.52e-25	99.4
PfHB3_080014000|NTS|1|1|67	QE0436-C.g642	76.562	64	15	0	4	67	3	66	1.52e-25	99.4
PfHB3_080014000|DBLa|1|68|507	PT0042-C.g415	65.870	460	120	12	1	440	70	512	0.0	571
PfHB3_080014000|DBLa|1|68|507	PT0042-C.g415	33.981	103	61	3	245	342	1244	1344	9.98e-09	60.1
PfHB3_080014000|DBLa|1|68|507	QE0454-C.g516	65.256	449	132	8	7	440	70	509	0.0	562
PfHB3_080014000|DBLa|1|68|507	QE0454-C.g516	24.129	373	207	12	105	440	1113	1446	5.31e-12	70.9
PfHB3_080014000|DBLa|1|68|507	SenT067.11.g259	63.537	458	134	12	1	440	60	502	0.0	562
PfHB3_080014000|DBLa|1|68|507	PV0083-C.g35	65.256	449	132	8	7	440	70	509	0.0	561
PfHB3_080014000|DBLa|1|68|507	PT0242-Cx.g63	65.256	449	132	8	7	440	70	509	0.0	561
PfHB3_080014000|CIDRa|1|508|813	PT0230-Cx.g461	80.844	308	51	3	1	306	532	833	3.71e-140	436
PfHB3_080014000|CIDRa|1|508|813	QG0286-C.g4819	80.844	308	51	3	1	306	532	833	5.08e-140	436
PfHB3_080014000|CIDRa|1|508|813	PT0073-C.g405	80.844	308	51	3	1	306	532	833	5.08e-140	436
PfHB3_080014000|CIDRa|1|508|813	PA0091-C.g467	78.457	311	56	4	1	306	513	817	9.13e-135	421
PfHB3_080014000|CIDRa|1|508|813	SenT105.07.g238	75.728	309	66	4	1	306	519	821	7.20e-126	397
PfHB3_080014000|DBLd|1|897|1414	PT0042-C.g433	51.171	555	193	15	1	518	855	1368	3.17e-153	480
PfHB3_080014000|DBLd|1|897|1414	PT0042-C.g433	28.141	199	105	7	356	518	296	492	9.43e-15	80.1
PfHB3_080014000|DBLd|1|897|1414	PH0594-C.g1097	49.824	568	222	18	1	518	861	1415	3.83e-152	478
PfHB3_080014000|DBLd|1|897|1414	PH0594-C.g1097	28.788	198	103	7	356	518	304	498	3.85e-14	78.2
PfHB3_080014000|DBLd|1|897|1414	QE0401-C.g612	51.402	535	214	12	1	518	1336	1841	1.02e-148	472
PfHB3_080014000|DBLd|1|897|1414	QE0401-C.g612	31.481	108	72	1	350	457	298	403	1.58e-10	66.6
PfHB3_080014000|DBLd|1|897|1414	QE0483-C.g613	49.628	538	204	15	1	518	888	1378	2.93e-148	467
PfHB3_080014000|DBLd|1|897|1414	QE0483-C.g613	28.302	212	101	8	356	518	295	504	2.37e-12	72.4
PfHB3_080014000|DBLd|1|897|1414	QE0434-C.g657	49.628	538	204	15	1	518	888	1378	2.93e-148	467
PfHB3_080014000|DBLd|1|897|1414	QE0434-C.g657	28.302	212	101	8	356	518	295	504	2.37e-12	72.4
PfHB3_080014000|CIDRb|1|1415|1661	PA0262-C.g533	88.710	248	27	1	1	247	1460	1707	2.77e-144	445
PfHB3_080014000|CIDRb|1|1415|1661	PF0035-C.g491	74.603	252	55	2	1	243	1402	1653	9.30e-117	368
PfHB3_080014000|CIDRb|1|1415|1661	PH0121-CW.g126	74.494	247	47	5	1	237	771	1011	3.50e-113	352
PfHB3_080014000|CIDRb|1|1415|1661	PD0667-C.g720	72.470	247	52	5	1	237	1832	2072	4.88e-108	344
PfHB3_080014000|CIDRb|1|1415|1661	PC0113-C.g745	72.000	250	65	5	1	247	2275	2522	1.71e-107	342
PfHB3_080014000|DBLz|1|1698|2123	PH0121-CW.g35	88.967	426	46	1	1	426	1630	2054	0.0	775
PfHB3_080014000|DBLz|1|1698|2123	PH0121-CW.g35	31.905	420	234	14	18	396	33	441	3.87e-41	158
PfHB3_080014000|DBLz|1|1698|2123	PH0121-CW.g35	26.761	284	155	12	83	358	2094	2332	5.44e-14	77.0
PfHB3_080014000|DBLz|1|1698|2123	PV0028-C.g27	88.967	426	46	1	1	426	1643	2067	0.0	775
PfHB3_080014000|DBLz|1|1698|2123	PV0028-C.g27	32.009	428	236	14	18	396	33	454	3.64e-43	164
PfHB3_080014000|DBLz|1|1698|2123	PV0028-C.g27	26.761	284	155	12	83	358	2107	2345	6.22e-14	76.6
PfHB3_080014000|DBLz|1|1698|2123	QE0465-C.g245	88.967	426	46	1	1	426	1643	2067	0.0	774
PfHB3_080014000|DBLz|1|1698|2123	QE0465-C.g245	32.009	428	236	14	18	396	33	454	2.15e-43	165
PfHB3_080014000|DBLz|1|1698|2123	QE0465-C.g245	26.761	284	155	12	83	358	2107	2345	5.63e-14	76.6
PfHB3_080014000|DBLz|1|1698|2123	PH0991-C.g277	88.967	426	46	1	1	426	1643	2067	0.0	774
PfHB3_080014000|DBLz|1|1698|2123	PH0991-C.g277	32.009	428	236	14	18	396	33	454	2.15e-43	165
PfHB3_080014000|DBLz|1|1698|2123	PH0991-C.g277	26.761	284	155	12	83	358	2107	2345	5.63e-14	76.6
PfHB3_080014000|DBLz|1|1698|2123	PD0500-C.g313	88.967	426	46	1	1	426	1643	2067	0.0	774
PfHB3_080014000|DBLz|1|1698|2123	PD0500-C.g313	32.009	428	236	14	18	396	33	454	2.15e-43	165
PfHB3_080014000|DBLz|1|1698|2123	PD0500-C.g313	26.761	284	155	12	83	358	2107	2345	5.63e-14	76.6
PfHB3_080014000|DBLe|1|2128|2448	PH0121-CW.g35	100.000	321	0	0	1	321	2059	2379	0.0	669
PfHB3_080014000|DBLe|1|2128|2448	PH0121-CW.g35	27.273	341	189	12	37	321	103	440	1.38e-18	89.0
PfHB3_080014000|DBLe|1|2128|2448	PH0121-CW.g35	27.574	272	147	11	48	274	1720	1986	2.99e-16	82.0
PfHB3_080014000|DBLe|1|2128|2448	PV0028-C.g27	100.000	321	0	0	1	321	2072	2392	0.0	669
PfHB3_080014000|DBLe|1|2128|2448	PV0028-C.g27	27.119	354	186	14	37	321	103	453	1.27e-17	86.3
PfHB3_080014000|DBLe|1|2128|2448	PV0028-C.g27	27.574	272	147	11	48	274	1733	1999	2.91e-16	82.0
PfHB3_080014000|DBLe|1|2128|2448	PD0667-C.g855	100.000	321	0	0	1	321	2085	2405	0.0	667
PfHB3_080014000|DBLe|1|2128|2448	PD0667-C.g855	27.574	272	147	11	48	274	1746	2012	2.43e-16	82.4
PfHB3_080014000|DBLe|1|2128|2448	PD0667-C.g855	26.158	367	186	15	37	321	103	466	4.37e-12	69.3
PfHB3_080014000|DBLe|1|2128|2448	QE0465-C.g245	100.000	321	0	0	1	321	2072	2392	0.0	667
PfHB3_080014000|DBLe|1|2128|2448	QE0465-C.g245	27.119	354	186	14	37	321	103	453	8.39e-18	86.7
PfHB3_080014000|DBLe|1|2128|2448	QE0465-C.g245	27.574	272	147	11	48	274	1733	1999	2.28e-16	82.4
PfHB3_080014000|DBLe|1|2128|2448	PV0138-C.g21	100.000	321	0	0	1	321	1754	2074	0.0	667
PfHB3_080014000|DBLe|1|2128|2448	PV0138-C.g21	27.574	272	147	11	48	274	1415	1681	2.03e-16	82.4
PfHB3_080014000|ATS|1|2497|2926	PV0028-C.g43	80.822	438	75	8	1	430	1843	2279	0.0	693
PfHB3_080014000|ATS|1|2497|2926	PT0264-C.g599	77.677	439	87	7	1	430	3166	3602	0.0	678
PfHB3_080014000|ATS|1|2497|2926	PD0561-C.g263	75.328	458	83	8	1	430	2424	2879	0.0	677
PfHB3_080014000|ATS|1|2497|2926	PFKE09.g563	78.427	445	78	8	1	430	775	1216	0.0	667
PfHB3_080014000|ATS|1|2497|2926	PFKE07.g1065	77.471	435	79	8	3	430	1646	2068	0.0	667
PfHB3_080014200|NTS|1|1|69	PM0103-C.g253	75.000	68	17	0	1	68	1	68	1.13e-27	105
PfHB3_080014200|NTS|1|1|69	PA0220-C.g1125	76.923	65	13	1	5	69	3	65	1.56e-27	105
PfHB3_080014200|NTS|1|1|69	PT0041-C.g197	66.667	69	23	0	1	69	1	69	1.82e-26	102
PfHB3_080014200|NTS|1|1|69	QG0218-C.g520	72.059	68	19	0	1	68	1	68	3.35e-26	101
PfHB3_080014200|NTS|1|1|69	PA0254-C.g216	69.565	69	21	0	1	69	1	69	5.76e-25	97.8
PfHB3_080014200|DBLa|1|70|504	PT0117-C.g900	96.322	435	16	0	1	435	71	505	0.0	880
PfHB3_080014200|DBLa|1|70|504	PT0117-C.g900	30.088	226	120	6	218	435	1225	1420	2.59e-15	80.9
PfHB3_080014200|DBLa|1|70|504	SenT140.11.g916	70.133	452	113	7	1	435	65	511	0.0	612
PfHB3_080014200|DBLa|1|70|504	PT0230-Cx.g661	70.628	446	104	12	1	435	68	497	0.0	596
PfHB3_080014200|DBLa|1|70|504	PT0230-Cx.g661	33.945	109	68	3	229	335	1209	1315	6.96e-10	63.9
PfHB3_080014200|DBLa|1|70|504	QG0246-C.g2730	69.536	453	104	12	1	435	70	506	0.0	592
PfHB3_080014200|DBLa|1|70|504	QG0246-C.g2730	25.381	394	238	11	55	427	1846	2204	3.32e-29	123
PfHB3_080014200|DBLa|1|70|504	QG0246-C.g2730	25.378	331	172	12	53	371	2272	2539	8.06e-13	73.2
PfHB3_080014200|DBLa|1|70|504	QG0246-C.g2730	35.238	105	67	1	231	334	1281	1385	5.81e-12	70.5
PfHB3_080014200|DBLa|1|70|504	SenV092.05.g336	68.493	438	130	7	1	435	66	498	0.0	582
PfHB3_080014200|DBLa|1|70|504	SenV092.05.g336	26.016	369	178	15	114	435	1033	1353	9.21e-19	91.7
PfHB3_080014200|CIDRa|1|505|761	PT0052-C.g781	83.908	261	38	2	1	257	505	765	3.03e-146	450
PfHB3_080014200|CIDRa|1|505|761	PT0052-C.g781	28.671	143	89	4	117	255	1495	1628	7.06e-08	55.5
PfHB3_080014200|CIDRa|1|505|761	PF0330-C.g273	83.203	256	40	1	1	253	485	740	1.03e-142	440
PfHB3_080014200|CIDRa|1|505|761	PF0590-C.g780	82.879	257	40	2	1	254	505	760	3.87e-141	436
PfHB3_080014200|CIDRa|1|505|761	PF0456-C.g18	79.845	258	49	1	1	255	499	756	6.46e-140	419
PfHB3_080014200|CIDRa|1|505|761	PF0456-C.g488	79.845	258	49	1	1	255	499	756	1.30e-134	418
PfHB3_080014200|DBLd|1|833|1297	PV0230-C.g14	73.814	485	89	5	13	465	898	1376	0.0	679
PfHB3_080014200|DBLd|1|833|1297	PV0230-C.g14	28.571	329	141	10	71	396	1726	1963	3.02e-31	130
PfHB3_080014200|DBLd|1|833|1297	PV0230-C.g14	25.108	231	108	10	137	351	467	648	4.81e-08	58.2
PfHB3_080014200|DBLd|1|833|1297	PV0099-C.g23	74.691	486	81	9	1	465	1307	1771	0.0	668
PfHB3_080014200|DBLd|1|833|1297	PV0099-C.g23	28.571	329	141	10	71	396	2121	2358	1.80e-31	130
PfHB3_080014200|DBLd|1|833|1297	PV0099-C.g23	32.026	306	161	15	191	465	183	472	5.39e-31	129
PfHB3_080014200|DBLd|1|833|1297	PV0099-C.g23	21.898	274	134	7	153	408	885	1096	1.15e-07	57.0
PfHB3_080014200|DBLd|1|833|1297	PA0085-C.g595	72.281	469	53	7	15	465	1154	1563	0.0	638
PfHB3_080014200|DBLd|1|833|1297	PA0085-C.g595	28.228	333	146	7	73	396	817	1065	1.93e-34	139
PfHB3_080014200|DBLd|1|833|1297	PA0085-C.g595	29.730	296	166	11	199	465	197	479	4.08e-25	111
PfHB3_080014200|DBLd|1|833|1297	PA0085-C.g595	22.368	380	181	13	72	420	2323	2619	3.20e-10	65.5
PfHB3_080014200|DBLd|1|833|1297	PA0085-C.g595	21.474	312	159	9	86	395	2707	2934	3.24e-08	58.9
PfHB3_080014200|DBLd|1|833|1297	PA0035-C.g462	72.281	469	53	7	15	465	1154	1563	0.0	638
PfHB3_080014200|DBLd|1|833|1297	PA0035-C.g462	28.228	333	146	7	73	396	817	1065	1.93e-34	139
PfHB3_080014200|DBLd|1|833|1297	PA0035-C.g462	29.730	296	166	11	199	465	197	479	4.08e-25	111
PfHB3_080014200|DBLd|1|833|1297	PA0035-C.g462	22.368	380	181	13	72	420	2323	2619	3.20e-10	65.5
PfHB3_080014200|DBLd|1|833|1297	PA0035-C.g462	21.474	312	159	9	86	395	2707	2934	3.24e-08	58.9
PfHB3_080014200|DBLd|1|833|1297	PT0141-C.g1137	69.215	484	65	7	1	465	1132	1550	0.0	628
PfHB3_080014200|DBLd|1|833|1297	PT0141-C.g1137	39.286	280	143	9	199	465	190	455	4.16e-50	186
PfHB3_080014200|DBLd|1|833|1297	PT0141-C.g1137	29.882	425	195	11	1	420	755	1081	5.02e-43	165
PfHB3_080014200|DBLd|1|833|1297	PT0141-C.g1137	22.368	380	181	13	72	420	2310	2606	2.96e-10	65.5
PfHB3_080014200|DBLd|1|833|1297	PT0141-C.g1137	22.835	254	119	7	144	395	2743	2921	3.24e-08	58.9
PfHB3_080014200|CIDRg|1|1298|1556	QE0395-C.g96	100.000	259	0	0	1	259	1543	1801	5.63e-174	533
PfHB3_080014200|CIDRg|1|1298|1556	PV0020-C.g9	100.000	259	0	0	1	259	1543	1801	5.63e-174	533
PfHB3_080014200|CIDRg|1|1298|1556	PA0213-C.g702	100.000	259	0	0	1	259	2001	2259	6.82e-174	533
PfHB3_080014200|CIDRg|1|1298|1556	PT0141-C.g1137	100.000	259	0	0	1	259	1551	1809	1.10e-173	533
PfHB3_080014200|CIDRg|1|1298|1556	PT0141-C.g1137	30.180	222	139	5	38	252	492	704	9.61e-23	99.8
PfHB3_080014200|CIDRg|1|1298|1556	PF0456-C.g547	100.000	259	0	0	1	259	1551	1809	1.10e-173	533
PfHB3_080014200|CIDRg|1|1298|1556	PF0456-C.g547	30.180	222	139	5	38	252	492	704	9.61e-23	99.8
PfHB3_080014200|DBLe|1|1602|1949	PH0546-C.g889	75.072	349	86	1	1	348	134	482	0.0	540
PfHB3_080014200|DBLe|1|1602|1949	PH0546-C.g889	28.458	253	142	6	44	295	988	1202	1.28e-22	101
PfHB3_080014200|DBLe|1|1602|1949	PH0546-C.g889	24.490	294	166	10	45	296	578	857	1.96e-10	64.7
PfHB3_080014200|DBLe|1|1602|1949	PV0169-C.g13	75.942	345	82	1	4	348	659	1002	0.0	536
PfHB3_080014200|DBLe|1|1602|1949	PC0053-C.g211	76.879	346	80	0	3	348	1740	2085	1.44e-175	542
PfHB3_080014200|DBLe|1|1602|1949	PC0053-C.g211	26.923	312	175	10	42	348	2461	2724	4.25e-18	88.2
PfHB3_080014200|DBLe|1|1602|1949	PC0053-C.g211	25.000	292	173	11	46	330	2136	2388	1.51e-13	74.3
PfHB3_080014200|DBLe|1|1602|1949	PA0213-C.g702	75.072	349	86	1	1	348	2305	2653	5.43e-174	538
PfHB3_080014200|DBLe|1|1602|1949	PA0213-C.g702	28.772	285	162	8	44	326	3159	3404	2.00e-25	110
PfHB3_080014200|DBLe|1|1602|1949	PA0213-C.g702	26.301	346	187	12	49	348	1256	1579	4.49e-18	88.2
PfHB3_080014200|DBLe|1|1602|1949	PA0213-C.g702	24.490	294	166	10	45	296	2749	3028	3.81e-10	63.9
PfHB3_080014200|DBLe|1|1602|1949	PA0213-C.g702	24.460	278	170	8	39	296	832	1089	2.58e-09	61.2
PfHB3_080014200|DBLe|1|1602|1949	PV0082-C.g27	75.072	349	86	1	1	348	1845	2193	5.47e-174	538
PfHB3_080014200|DBLe|1|1602|1949	PV0082-C.g27	28.772	285	162	8	44	326	2699	2944	1.48e-25	110
PfHB3_080014200|DBLe|1|1602|1949	PV0082-C.g27	27.246	345	203	10	39	348	788	1119	3.78e-21	97.4
PfHB3_080014200|DBLe|1|1602|1949	PV0082-C.g27	24.490	294	166	10	45	296	2289	2568	3.82e-10	63.9
PfHB3_080014200|DBLe|1|1602|1949	PV0082-C.g27	27.815	151	84	6	125	254	181	327	1.64e-07	55.8
PfHB3_080014200|DBLe|2|1961|2235	PV0209-C.g87	89.818	275	28	0	1	275	719	993	7.98e-173	506
PfHB3_080014200|DBLe|2|1961|2235	PV0209-C.g87	31.188	202	107	8	94	270	480	674	5.90e-13	70.9
PfHB3_080014200|DBLe|2|1961|2235	PH0341-C.g1	89.818	275	28	0	1	275	386	660	1.03e-171	504
PfHB3_080014200|DBLe|2|1961|2235	PH0341-C.g1	35.102	245	140	8	40	275	747	981	9.72e-33	129
PfHB3_080014200|DBLe|2|1961|2235	PH0341-C.g1	31.188	202	107	8	94	270	147	341	4.81e-13	71.2
PfHB3_080014200|DBLe|2|1961|2235	QE0466-C.g153	87.273	275	35	0	1	275	384	658	2.60e-167	492
PfHB3_080014200|DBLe|2|1961|2235	QE0466-C.g153	37.657	239	132	8	40	270	745	974	5.63e-33	129
PfHB3_080014200|DBLe|2|1961|2235	QE0466-C.g153	28.615	325	174	13	6	275	24	345	6.70e-24	103
PfHB3_080014200|DBLe|2|1961|2235	PD0562-C.g833	87.273	275	35	0	1	275	401	675	4.07e-167	492
PfHB3_080014200|DBLe|2|1961|2235	PD0562-C.g833	37.657	239	132	8	40	270	762	991	5.18e-33	129
PfHB3_080014200|DBLe|2|1961|2235	PD0562-C.g833	28.615	325	174	13	6	275	41	362	1.31e-23	102
PfHB3_080014200|DBLe|2|1961|2235	PH0225-C.g125	87.273	275	35	0	1	275	487	761	1.81e-166	493
PfHB3_080014200|DBLe|2|1961|2235	PH0225-C.g125	37.657	239	132	8	40	270	848	1077	5.58e-33	129
PfHB3_080014200|DBLe|2|1961|2235	PH0225-C.g125	28.615	325	174	13	6	275	127	448	1.29e-23	102
PfHB3_080014200|DBLe|3|2278|2580	PF0590-C.g85	81.188	303	57	0	1	303	2819	3121	7.37e-166	513
PfHB3_080014200|DBLe|3|2278|2580	PF0590-C.g85	27.221	349	171	15	36	303	2467	2813	4.33e-19	90.1
PfHB3_080014200|DBLe|3|2278|2580	PF0590-C.g85	26.415	265	141	11	18	235	824	1081	3.57e-18	87.4
PfHB3_080014200|DBLe|3|2278|2580	PF0590-C.g85	27.481	262	147	9	38	259	2040	2298	1.66e-17	85.5
PfHB3_080014200|DBLe|3|2278|2580	PF0590-C.g85	28.889	225	104	11	41	212	110	331	4.00e-14	75.5
PfHB3_080014200|DBLe|3|2278|2580	PF0590-C.g85	22.124	226	107	5	110	266	1422	1647	6.83e-07	53.1
PfHB3_080014200|DBLe|3|2278|2580	PV0239-C.g98	80.858	303	58	0	1	303	952	1254	3.83e-162	495
PfHB3_080014200|DBLe|3|2278|2580	PV0239-C.g98	26.502	283	160	9	30	268	161	439	1.10e-19	91.7
PfHB3_080014200|DBLe|3|2278|2580	PV0239-C.g98	27.675	271	143	10	36	255	600	868	5.64e-19	89.7
PfHB3_080014200|DBLe|3|2278|2580	QE0466-C.g153	74.257	303	78	0	1	303	701	1003	1.18e-161	479
PfHB3_080014200|DBLe|3|2278|2580	QE0466-C.g153	35.685	241	134	7	45	274	423	653	3.32e-32	128
PfHB3_080014200|DBLe|3|2278|2580	QE0466-C.g153	29.236	301	168	11	45	303	74	371	2.91e-23	102
PfHB3_080014200|DBLe|3|2278|2580	PD0562-C.g833	74.257	303	78	0	1	303	718	1020	1.80e-161	479
PfHB3_080014200|DBLe|3|2278|2580	PD0562-C.g833	35.685	241	134	7	45	274	440	670	3.30e-32	128
PfHB3_080014200|DBLe|3|2278|2580	PD0562-C.g833	29.333	300	169	10	45	303	91	388	1.07e-23	103
PfHB3_080014200|DBLe|3|2278|2580	SenT061.09.g282	80.602	299	58	0	5	303	718	1016	2.88e-161	478
PfHB3_080014200|DBLe|3|2278|2580	SenT061.09.g282	36.287	237	135	8	38	262	418	650	2.93e-30	122
PfHB3_080014200|DBLe|3|2278|2580	SenT061.09.g282	28.364	275	151	8	41	274	73	342	7.41e-19	89.4
PfHB3_080014200|ATS|1|2613|3067	PC0113-C.g606	84.310	478	51	6	1	455	1758	2234	0.0	763
PfHB3_080014200|ATS|1|2613|3067	QE0452-C.g608	84.749	459	65	4	1	455	1718	2175	0.0	754
PfHB3_080014200|ATS|1|2613|3067	PV0133-C.g19	80.932	472	73	4	1	455	2312	2783	0.0	736
PfHB3_080014200|ATS|1|2613|3067	PF0092-C.g708	80.167	479	70	7	1	455	1720	2197	0.0	726
PfHB3_080014200|ATS|1|2613|3067	QE0454-C.g647	79.958	479	71	7	1	455	1716	2193	0.0	724
PfHB3_080014600|NTS|1|1|64	PV0239-C.g39	92.188	64	5	0	1	64	1	64	1.31e-33	122
PfHB3_080014600|NTS|1|1|64	QE0400-C.g481	92.188	64	5	0	1	64	1	64	1.34e-33	122
PfHB3_080014600|NTS|1|1|64	PV0276-C.g43	92.188	64	5	0	1	64	1	64	1.34e-33	122
PfHB3_080014600|NTS|1|1|64	PD0524-C.g700	92.188	64	5	0	1	64	1	64	1.34e-33	122
PfHB3_080014600|NTS|1|1|64	PV0129-C.g63	92.188	64	5	0	1	64	1	64	1.36e-33	122
PfHB3_080014600|DBLa|1|65|506	SenT179.08.g623	66.362	437	132	6	11	442	80	506	0.0	584
PfHB3_080014600|DBLa|1|65|506	SenT179.08.g623	26.132	287	150	10	97	337	1087	1357	4.26e-17	86.7
PfHB3_080014600|DBLa|1|65|506	PH0589-C.g558	64.932	442	136	8	11	442	82	514	0.0	578
PfHB3_080014600|DBLa|1|65|506	PH0589-C.g558	21.739	391	208	13	97	442	1017	1354	5.92e-14	77.0
PfHB3_080014600|DBLa|1|65|506	PD0590-C.g810	64.080	451	143	6	9	442	83	531	0.0	573
PfHB3_080014600|DBLa|1|65|506	PD0590-C.g810	23.323	313	189	8	89	370	1035	1327	7.99e-12	70.1
PfHB3_080014600|DBLa|1|65|506	PD0555-C.g338	64.080	451	143	6	9	442	83	531	0.0	573
PfHB3_080014600|DBLa|1|65|506	PD0555-C.g338	23.323	313	189	8	89	370	1035	1327	7.99e-12	70.1
PfHB3_080014600|DBLa|1|65|506	PD0505-C.g6701	64.080	451	143	6	9	442	83	531	0.0	573
PfHB3_080014600|DBLa|1|65|506	PD0505-C.g6701	23.323	313	189	8	89	370	1035	1327	7.99e-12	70.1
PfHB3_080014600|CIDRa|1|507|831	PH0510-C.g88	67.890	327	82	8	1	322	493	801	2.38e-130	398
PfHB3_080014600|CIDRa|1|507|831	PF0368-C.g12	66.361	327	87	8	1	322	493	801	5.00e-126	387
PfHB3_080014600|CIDRa|1|507|831	QE0472-C.g439	67.890	327	82	8	1	322	493	801	6.29e-126	397
PfHB3_080014600|CIDRa|1|507|831	QE0472-C.g439	27.174	184	96	7	147	325	1496	1646	4.39e-07	53.9
PfHB3_080014600|CIDRa|1|507|831	PM0087-C.g489	66.361	327	87	8	1	322	493	801	5.89e-125	388
PfHB3_080014600|CIDRa|1|507|831	QG0274-C.g1185	62.952	332	107	4	1	323	469	793	1.04e-124	384
PfHB3_080014600|DBLd|1|913|1374	PC0047-C.g517	64.655	464	96	6	1	462	1603	2000	0.0	570
PfHB3_080014600|DBLd|1|913|1374	PC0047-C.g517	32.663	398	172	12	1	392	1202	1509	5.05e-48	179
PfHB3_080014600|DBLd|1|913|1374	PC0047-C.g517	32.107	299	155	12	199	462	172	457	8.36e-28	119
PfHB3_080014600|DBLd|1|913|1374	PFKE01.g195	64.655	464	96	6	1	462	1699	2096	0.0	569
PfHB3_080014600|DBLd|1|913|1374	PFKE01.g195	31.156	398	177	11	1	392	1299	1605	1.52e-47	178
PfHB3_080014600|DBLd|1|913|1374	PFKE01.g195	28.479	309	162	11	199	462	173	467	6.76e-24	107
PfHB3_080014600|DBLd|1|913|1374	PFKE01.g195	25.616	203	102	6	194	379	1002	1172	9.09e-08	57.4
PfHB3_080014600|DBLd|1|913|1374	PC0059-C.g11	64.655	464	96	6	1	462	1626	2023	0.0	569
PfHB3_080014600|DBLd|1|913|1374	PC0059-C.g11	32.663	398	172	12	1	392	1225	1532	8.22e-48	179
PfHB3_080014600|DBLd|1|913|1374	PC0059-C.g11	31.879	298	157	11	199	462	172	457	7.41e-28	120
PfHB3_080014600|DBLd|1|913|1374	QG0202-C.g144	64.655	464	96	6	1	462	1699	2096	0.0	568
PfHB3_080014600|DBLd|1|913|1374	QG0202-C.g144	31.156	398	177	11	1	392	1299	1605	3.01e-47	177
PfHB3_080014600|DBLd|1|913|1374	QG0202-C.g144	28.525	305	167	10	199	462	173	467	6.23e-24	108
PfHB3_080014600|DBLd|1|913|1374	QG0202-C.g144	25.616	203	102	6	194	379	1002	1172	1.36e-07	57.0
PfHB3_080014600|DBLd|1|913|1374	PM0160-C.g26	64.655	464	96	6	1	462	1609	2006	0.0	568
PfHB3_080014600|DBLd|1|913|1374	PM0160-C.g26	31.156	398	177	11	1	392	1209	1515	2.95e-47	177
PfHB3_080014600|DBLd|1|913|1374	PM0160-C.g26	29.866	298	166	12	199	462	173	461	2.54e-18	90.9
PfHB3_080014600|CIDRg|1|1375|1625	PA0059-C.g367	100.000	251	0	0	1	251	906	1156	1.76e-175	518
PfHB3_080014600|CIDRg|1|1375|1625	PA0030-C.g1290	100.000	251	0	0	1	251	1705	1955	8.27e-169	518
PfHB3_080014600|CIDRg|1|1375|1625	PFKE01.g195	100.000	251	0	0	1	251	2097	2347	2.82e-168	517
PfHB3_080014600|CIDRg|1|1375|1625	PM0049-C.g385	100.000	251	0	0	1	251	2104	2354	2.90e-168	517
PfHB3_080014600|CIDRg|1|1375|1625	QG0202-C.g144	100.000	251	0	0	1	251	2097	2347	3.34e-168	516
PfHB3_080014600|ATS|1|1737|2187	PF0092-C.g124	88.671	459	39	4	1	451	2373	2826	0.0	792
PfHB3_080014600|ATS|1|1737|2187	PH0148-CW.g2	86.492	459	49	4	1	451	2443	2896	0.0	771
PfHB3_080014600|ATS|1|1737|2187	PD0518-C.g241	86.492	459	49	4	1	451	2407	2860	0.0	771
PfHB3_080014600|ATS|1|1737|2187	PF0467-C.g972	86.492	459	49	4	1	451	2401	2854	0.0	769
PfHB3_080014600|ATS|1|1737|2187	PV0234-C.g6	86.492	459	49	4	1	451	2407	2860	0.0	768
PfHB3_090005500|NTS|1|1|65	PM0159-C.g797	84.615	65	9	1	1	65	1	64	1.95e-26	101
PfHB3_090005500|NTS|1|1|65	SenT150.09.g215	82.456	57	8	1	9	65	18	72	3.63e-23	92.4
PfHB3_090005500|NTS|1|1|65	PA0040-C.g460	76.923	65	14	1	1	65	1	64	3.93e-23	92.4
PfHB3_090005500|NTS|1|1|65	SenT140.11.g441	69.231	65	20	0	1	65	1	65	6.16e-21	86.3
PfHB3_090005500|NTS|1|1|65	SenT097.11.g376	69.231	65	20	0	1	65	1	65	6.16e-21	86.3
PfHB3_090005500|DBLa|1|66|510	PT0137-C.g735	92.360	445	33	1	1	445	67	510	0.0	837
PfHB3_090005500|DBLa|1|66|510	PT0137-C.g735	26.182	275	143	11	197	445	1093	1333	6.53e-11	67.4
PfHB3_090005500|DBLa|1|66|510	PM0159-C.g797	83.519	449	65	4	1	445	65	508	0.0	764
PfHB3_090005500|DBLa|1|66|510	PM0159-C.g797	26.852	324	178	12	150	445	1070	1362	1.54e-14	78.6
PfHB3_090005500|DBLa|1|66|510	SenT150.09.g215	79.823	451	68	8	1	445	73	506	0.0	695
PfHB3_090005500|DBLa|1|66|510	SenT150.09.g215	27.237	257	139	9	118	362	1007	1227	1.10e-12	72.8
PfHB3_090005500|DBLa|1|66|510	QG0226-C.g3410	72.545	448	97	10	1	445	62	486	0.0	632
PfHB3_090005500|DBLa|1|66|510	QG0226-C.g3410	23.450	371	211	13	111	445	992	1325	1.43e-11	69.3
PfHB3_090005500|DBLa|1|66|510	QG0201-C.g539	69.027	452	111	9	1	445	67	496	0.0	620
PfHB3_090005500|DBLa|1|66|510	QG0201-C.g539	27.273	264	148	13	200	445	1134	1371	1.84e-09	62.8
PfHB3_090005500|CIDRa|1|511|777	SenT150.09.g215	93.633	267	17	0	1	267	507	773	2.05e-172	518
PfHB3_090005500|CIDRa|1|511|777	PT0137-C.g735	92.884	267	19	0	1	267	511	777	7.98e-164	497
PfHB3_090005500|CIDRa|1|511|777	PM0159-C.g797	89.139	267	17	1	1	267	509	763	2.46e-162	494
PfHB3_090005500|CIDRa|1|511|777	PH0114-C.g28	68.403	288	66	4	1	265	509	794	1.11e-125	385
PfHB3_090005500|CIDRa|1|511|777	PD0500-C.g27	68.403	288	66	4	1	265	509	794	5.32e-125	384
PfHB3_090005500|DBLd|1|864|1394	PA0229-C.g87	60.600	533	118	10	1	531	1589	2031	0.0	598
PfHB3_090005500|DBLd|1|864|1394	PA0229-C.g87	30.124	322	134	10	142	461	1268	1500	4.39e-28	122
PfHB3_090005500|DBLd|1|864|1394	PA0229-C.g87	24.776	335	212	11	221	531	139	457	1.93e-18	92.0
PfHB3_090005500|DBLd|1|864|1394	PA0229-C.g87	24.779	226	119	8	297	507	2553	2742	1.02e-08	60.8
PfHB3_090005500|DBLd|1|864|1394	PA0229-C.g87	23.003	313	160	10	194	501	882	1118	1.08e-08	60.8
PfHB3_090005500|DBLd|1|864|1394	PA0148-C.g189	51.618	587	187	20	1	531	881	1426	1.75e-158	502
PfHB3_090005500|DBLd|1|864|1394	PA0148-C.g189	27.303	304	181	9	253	531	214	502	9.01e-17	86.7
PfHB3_090005500|DBLd|1|864|1394	PM0153-C.g733	48.496	565	217	18	1	531	408	932	1.90e-157	478
PfHB3_090005500|DBLd|1|864|1394	PV0204-C.g77	49.558	565	197	18	1	531	92	602	6.17e-154	468
PfHB3_090005500|DBLd|1|864|1394	PM0113-C.g601	49.374	559	179	18	1	531	810	1292	2.68e-153	480
PfHB3_090005500|DBLd|1|864|1394	PM0113-C.g601	27.111	225	139	7	245	459	194	403	1.09e-10	67.0
PfHB3_090005500|CIDRg|1|1395|1655	PA0229-C.g87	100.000	261	0	0	1	261	2032	2292	2.78e-173	532
PfHB3_090005500|CIDRg|1|1395|1655	PA0229-C.g87	28.977	176	115	5	90	257	526	699	9.25e-07	52.4
PfHB3_090005500|CIDRg|1|1395|1655	PM0073-C.g780	67.939	262	74	5	1	261	1383	1635	2.46e-106	340
PfHB3_090005500|CIDRg|1|1395|1655	SenT232.08.g366	65.283	265	78	4	1	257	1287	1545	2.83e-105	336
PfHB3_090005500|CIDRg|1|1395|1655	PM0145-C.g542	64.259	263	80	3	1	255	351	607	1.88e-103	330
PfHB3_090005500|CIDRg|1|1395|1655	SenT184.09.g622	63.603	272	84	4	1	260	625	893	1.19e-102	322
PfHB3_090005500|DBLz|1|1702|2125	PA0168-C.g401	90.094	424	41	1	1	424	1624	2046	0.0	777
PfHB3_090005500|DBLz|1|1702|2125	PA0168-C.g401	30.847	295	164	9	94	352	130	420	6.60e-27	116
PfHB3_090005500|DBLz|1|1702|2125	PA0168-C.g401	26.562	320	182	11	71	380	2075	2351	1.11e-17	88.2
PfHB3_090005500|DBLz|1|1702|2125	PA0168-C.g401	26.638	229	128	9	155	354	1051	1268	2.04e-08	59.3
PfHB3_090005500|DBLz|1|1702|2125	PF0133-C.g130	90.094	424	41	1	1	424	1624	2046	0.0	777
PfHB3_090005500|DBLz|1|1702|2125	PF0133-C.g130	30.847	295	164	9	94	352	130	420	6.73e-27	116
PfHB3_090005500|DBLz|1|1702|2125	PF0133-C.g130	26.562	320	182	11	71	380	2075	2351	1.15e-17	88.2
PfHB3_090005500|DBLz|1|1702|2125	PF0133-C.g130	26.638	229	128	9	155	354	1051	1268	1.99e-08	59.3
PfHB3_090005500|DBLz|1|1702|2125	PA0081-C.g231	89.387	424	44	1	1	424	1673	2095	0.0	777
PfHB3_090005500|DBLz|1|1702|2125	PA0081-C.g231	28.982	383	224	13	3	348	26	397	2.00e-32	132
PfHB3_090005500|DBLz|1|1702|2125	PA0081-C.g231	26.562	320	182	11	71	380	2124	2400	2.04e-17	87.4
PfHB3_090005500|DBLz|1|1702|2125	QG0202-C.g181	90.094	424	41	1	1	424	1621	2043	0.0	776
PfHB3_090005500|DBLz|1|1702|2125	QG0202-C.g181	31.399	293	161	9	94	350	130	418	9.54e-27	115
PfHB3_090005500|DBLz|1|1702|2125	QG0202-C.g181	26.562	320	182	11	71	380	2072	2348	1.04e-17	88.2
PfHB3_090005500|DBLz|1|1702|2125	QG0202-C.g181	26.638	229	128	9	155	354	1048	1265	2.20e-08	58.9
PfHB3_090005500|DBLz|1|1702|2125	PA0253-C.g445	90.094	424	41	1	1	424	1623	2045	0.0	776
PfHB3_090005500|DBLz|1|1702|2125	PA0253-C.g445	30.847	295	164	9	94	352	130	420	6.66e-27	116
PfHB3_090005500|DBLz|1|1702|2125	PA0253-C.g445	26.562	320	182	11	71	380	2074	2350	1.13e-17	88.2
PfHB3_090005500|DBLz|1|1702|2125	PA0253-C.g445	26.638	229	128	9	155	354	1050	1267	2.09e-08	59.3
PfHB3_090005500|DBLe|1|2130|2448	PD0494-C.g655	77.950	322	68	2	1	319	816	1137	5.55e-177	524
PfHB3_090005500|DBLe|1|2130|2448	PD0494-C.g655	27.157	313	181	12	3	271	419	728	4.79e-20	93.2
PfHB3_090005500|DBLe|1|2130|2448	PA0030-C.g32	76.398	322	73	2	1	319	1091	1412	1.75e-171	516
PfHB3_090005500|DBLe|1|2130|2448	PA0030-C.g32	27.570	214	106	7	105	269	66	279	7.56e-18	86.7
PfHB3_090005500|DBLe|1|2130|2448	PA0030-C.g32	25.556	270	153	9	49	271	735	1003	6.40e-15	77.8
PfHB3_090005500|DBLe|1|2130|2448	PD0474-C.g527	77.950	322	68	2	1	319	2111	2432	5.36e-170	524
PfHB3_090005500|DBLe|1|2130|2448	PD0474-C.g527	28.148	270	144	11	49	271	1757	2023	6.46e-20	92.8
PfHB3_090005500|DBLe|1|2130|2448	PD0474-C.g527	27.193	228	92	8	50	206	133	357	2.63e-10	63.9
PfHB3_090005500|DBLe|1|2130|2448	PfKE05.g186	77.950	322	68	2	1	319	2894	3215	3.30e-169	523
PfHB3_090005500|DBLe|1|2130|2448	PfKE05.g186	30.403	273	135	11	51	277	872	1135	1.38e-25	109
PfHB3_090005500|DBLe|1|2130|2448	PfKE05.g186	27.113	284	152	9	50	280	1393	1674	7.13e-22	99.0
PfHB3_090005500|DBLe|1|2130|2448	PfKE05.g186	26.807	332	171	13	11	270	83	414	4.42e-18	87.4
PfHB3_090005500|DBLe|1|2130|2448	PfKE05.g186	27.347	245	128	10	33	230	2525	2766	3.32e-15	79.0
PfHB3_090005500|DBLe|1|2130|2448	PfKE05.g186	24.424	217	107	7	108	269	1879	2093	1.10e-09	62.0
PfHB3_090005500|DBLe|1|2130|2448	PfKE02.g264	77.950	322	68	2	1	319	2858	3179	4.58e-169	523
PfHB3_090005500|DBLe|1|2130|2448	PfKE02.g264	28.571	273	146	7	47	270	124	396	4.68e-25	108
PfHB3_090005500|DBLe|1|2130|2448	PfKE02.g264	28.049	246	140	8	51	263	853	1094	2.43e-21	97.1
PfHB3_090005500|DBLe|1|2130|2448	PfKE02.g264	24.164	269	158	7	40	262	1351	1619	6.76e-18	87.0
PfHB3_090005500|DBLe|1|2130|2448	PfKE02.g264	27.347	245	128	10	33	230	2489	2730	3.11e-15	79.0
PfHB3_090005500|DBLe|1|2130|2448	PfKE02.g264	21.449	345	172	9	21	269	1716	2057	4.55e-13	72.4
PfHB3_090005500|ATS|1|2504|2967	PT0219-C.g578	78.252	492	68	8	2	464	1737	2218	0.0	723
PfHB3_090005500|ATS|1|2504|2967	PV0028-C.g31	77.406	478	70	7	2	464	1738	2192	0.0	723
PfHB3_090005500|ATS|1|2504|2967	PD0549-C.g516	75.941	478	69	7	2	464	2188	2634	0.0	698
PfHB3_090005500|ATS|1|2504|2967	PD0511-C.g583	75.941	478	69	7	2	464	2188	2634	0.0	698
PfHB3_090005500|ATS|1|2504|2967	PV0028-C.g50	77.186	469	87	9	2	464	2601	3055	0.0	669
PfHB3_100044500|NTS|1|1|75	PF0157-C.g606	90.667	75	7	0	1	75	1	75	2.09e-42	147
PfHB3_100044500|NTS|1|1|75	PA0184-C.g567	89.333	75	8	0	1	75	1	75	4.33e-41	144
PfHB3_100044500|NTS|1|1|75	PV0287-C.g46	89.333	75	8	0	1	75	1	75	5.29e-41	144
PfHB3_100044500|NTS|1|1|75	PFKE06.g8	89.333	75	8	0	1	75	1	75	5.78e-41	143
PfHB3_100044500|NTS|1|1|75	QG0292-C.g1462	89.333	75	8	0	1	75	1	75	6.24e-41	143
PfHB3_100044500|DBLa|1|76|460	QG0202-C.g117	84.974	386	57	1	1	385	76	461	0.0	684
PfHB3_100044500|DBLa|1|76|460	QG0202-C.g117	30.662	287	143	9	55	323	910	1158	1.59e-28	120
PfHB3_100044500|DBLa|1|76|460	QG0202-C.g117	27.336	289	152	11	51	316	1321	1574	2.05e-16	84.0
PfHB3_100044500|DBLa|1|76|460	QG0202-C.g117	26.715	277	156	11	51	313	2073	2316	6.27e-16	82.4
PfHB3_100044500|DBLa|1|76|460	QG0202-C.g117	24.348	345	207	13	48	379	1693	1996	3.08e-13	73.9
PfHB3_100044500|DBLa|1|76|460	PT0170-C.g45	84.974	386	57	1	1	385	76	461	0.0	684
PfHB3_100044500|DBLa|1|76|460	PT0170-C.g45	30.952	294	143	10	55	328	910	1163	1.06e-29	123
PfHB3_100044500|DBLa|1|76|460	PT0170-C.g45	29.032	310	167	10	55	349	2451	2722	9.87e-27	115
PfHB3_100044500|DBLa|1|76|460	PT0170-C.g45	28.621	290	174	8	118	385	1766	2044	4.01e-26	113
PfHB3_100044500|DBLa|1|76|460	PT0170-C.g45	25.503	298	177	10	51	330	1310	1580	1.64e-15	80.9
PfHB3_100044500|DBLa|1|76|460	PT0170-C.g45	24.000	275	169	9	51	313	2831	3077	4.12e-10	64.3
PfHB3_100044500|DBLa|1|76|460	QG0286-C.g2672	84.156	385	61	0	1	385	76	460	0.0	682
PfHB3_100044500|DBLa|1|76|460	QG0286-C.g2672	30.945	307	180	9	53	349	2148	2432	9.88e-32	129
PfHB3_100044500|DBLa|1|76|460	QG0286-C.g2672	29.167	312	165	12	55	343	913	1191	2.67e-27	116
PfHB3_100044500|DBLa|1|76|460	QG0286-C.g2672	25.540	278	163	10	55	314	1690	1941	4.09e-14	76.6
PfHB3_100044500|DBLa|1|76|460	QG0286-C.g2672	23.548	310	189	9	22	313	1293	1572	1.22e-13	75.1
PfHB3_100044500|DBLa|1|76|460	QG0286-C.g2672	25.275	273	144	9	51	321	2564	2778	8.70e-12	69.3
PfHB3_100044500|DBLa|1|76|460	PA0184-C.g567	84.197	386	60	1	1	385	76	461	0.0	681
PfHB3_100044500|DBLa|1|76|460	PA0184-C.g567	31.771	384	199	9	45	385	1669	2032	1.62e-43	164
PfHB3_100044500|DBLa|1|76|460	PA0184-C.g567	31.071	280	146	9	55	314	2445	2697	3.29e-29	122
PfHB3_100044500|DBLa|1|76|460	PA0184-C.g567	31.900	279	133	11	55	313	901	1142	3.95e-26	113
PfHB3_100044500|DBLa|1|76|460	PA0184-C.g567	26.403	303	157	9	49	323	2887	3151	4.90e-17	85.9
PfHB3_100044500|DBLa|1|76|460	PA0184-C.g567	24.756	307	186	9	48	335	1307	1587	1.16e-11	69.3
PfHB3_100044500|DBLa|1|76|460	PA0184-C.g567	21.791	335	213	10	51	363	3265	3572	6.93e-11	66.6
PfHB3_100044500|DBLa|1|76|460	PA0253-C.g1087	83.636	385	63	0	1	385	76	460	0.0	681
PfHB3_100044500|DBLa|1|76|460	PA0253-C.g1087	30.345	290	133	8	55	313	912	1163	3.94e-28	119
PfHB3_100044500|CIDRd|1|461|716	PT0178-C.g1766	89.844	256	26	0	1	256	459	714	3.19e-153	469
PfHB3_100044500|CIDRd|1|461|716	PA0208-C.g210	90.625	256	24	0	1	256	459	714	1.83e-151	468
PfHB3_100044500|CIDRd|1|461|716	PF0058-C.g425	89.844	256	26	0	1	256	459	714	1.00e-150	466
PfHB3_100044500|CIDRd|1|461|716	PF0180-C.g108	88.672	256	29	0	1	256	459	714	3.21e-148	459
PfHB3_100044500|CIDRd|1|461|716	PF0180-C.g108	34.375	256	166	2	1	256	1578	1831	1.90e-40	150
PfHB3_100044500|CIDRd|1|461|716	PA0221-C.g955	81.250	256	48	0	1	256	467	722	6.65e-133	416
PfHB3_100044500|CIDRd|1|461|716	PA0221-C.g955	31.801	261	165	6	1	256	2047	2299	4.69e-27	112
PfHB3_100044500|DBLg|1|794|1152	PA0262-C.g127	87.778	360	39	3	1	359	827	1182	0.0	633
PfHB3_100044500|DBLg|1|794|1152	PA0262-C.g127	37.931	348	182	13	1	331	2351	2681	5.57e-57	202
PfHB3_100044500|DBLg|1|794|1152	PA0262-C.g127	37.079	356	160	12	1	297	1187	1537	6.36e-55	196
PfHB3_100044500|DBLg|1|794|1152	PA0262-C.g127	25.497	302	152	10	44	297	126	402	4.89e-16	82.0
PfHB3_100044500|DBLg|1|794|1152	PA0262-C.g127	22.671	322	163	10	38	323	2014	2285	9.11e-10	62.8
PfHB3_100044500|DBLg|1|794|1152	PF0816-C.g262	84.167	360	52	3	1	359	839	1194	0.0	605
PfHB3_100044500|DBLg|1|794|1152	PF0816-C.g262	38.323	334	158	10	1	291	1199	1527	2.17e-54	194
PfHB3_100044500|DBLg|1|794|1152	PF0816-C.g262	25.926	297	166	9	20	290	1992	2260	6.11e-16	82.0
PfHB3_100044500|DBLg|1|794|1152	PF0816-C.g262	24.161	298	164	11	36	296	119	391	1.99e-11	68.2
PfHB3_100044500|DBLg|1|794|1152	PM0093-C.g1324	88.822	331	36	1	29	359	907	1236	0.0	602
PfHB3_100044500|DBLg|1|794|1152	PM0093-C.g1324	39.826	344	158	10	1	297	1241	1582	1.25e-60	213
PfHB3_100044500|DBLg|1|794|1152	PM0093-C.g1324	37.644	348	183	12	1	331	2417	2747	1.40e-57	204
PfHB3_100044500|DBLg|1|794|1152	PM0093-C.g1324	25.763	295	148	12	44	297	126	390	5.04e-12	69.7
PfHB3_100044500|DBLg|1|794|1152	PM0093-C.g1324	21.975	314	180	11	50	323	2063	2351	3.30e-08	58.2
PfHB3_100044500|DBLg|1|794|1152	PM0107-C.g147	67.403	362	113	3	1	359	631	990	1.46e-170	506
PfHB3_100044500|DBLg|1|794|1152	PM0107-C.g147	24.028	283	146	8	47	297	182	427	1.21e-10	65.5
PfHB3_100044500|DBLg|1|794|1152	PM0117-C.g142	70.718	362	101	2	1	359	832	1191	2.54e-168	521
PfHB3_100044500|DBLg|1|794|1152	PM0117-C.g142	35.897	351	167	12	1	297	1196	1542	2.51e-51	186
PfHB3_100044500|DBLg|1|794|1152	PM0117-C.g142	26.199	271	149	9	47	296	2020	2260	5.01e-14	75.9
PfHB3_100044500|DBLg|1|794|1152	PM0117-C.g142	25.000	296	152	13	45	296	128	397	1.40e-13	74.7
PfHB3_100044500|DBLd|1|1157|1557	PA0140-C.g808	97.761	402	8	1	1	401	423	824	0.0	809
PfHB3_100044500|DBLd|1|1157|1557	PA0140-C.g808	38.462	338	158	12	1	331	61	355	4.37e-54	195
PfHB3_100044500|DBLd|1|1157|1557	PF0152-C.g159	94.541	403	16	2	1	401	27	425	0.0	744
PfHB3_100044500|DBLd|1|1157|1557	PC0020-C.g2	85.075	402	58	2	1	401	402	802	0.0	672
PfHB3_100044500|DBLd|1|1157|1557	PC0020-C.g2	37.714	350	155	12	1	331	29	334	8.76e-55	197
PfHB3_100044500|DBLd|1|1157|1557	PC0020-C.g2	33.333	345	169	7	1	343	1557	1842	4.15e-43	163
PfHB3_100044500|DBLd|1|1157|1557	PT0008-CW.g71	84.577	402	60	2	1	401	1221	1621	0.0	670
PfHB3_100044500|DBLd|1|1157|1557	PT0008-CW.g71	32.964	361	194	9	1	344	837	1166	3.90e-46	172
PfHB3_100044500|DBLd|1|1157|1557	PT0008-CW.g71	30.063	316	179	9	114	401	174	475	1.31e-23	105
PfHB3_100044500|DBLd|1|1157|1557	QG0200-C.g118	80.446	404	75	2	1	401	1303	1705	0.0	638
PfHB3_100044500|DBLd|1|1157|1557	QG0200-C.g118	37.571	354	168	15	1	339	927	1242	2.23e-50	184
PfHB3_100044500|DBLd|1|1157|1557	QG0200-C.g118	28.718	390	200	10	48	401	129	476	1.55e-38	150
PfHB3_100044500|CIDRb|1|1558|1809	PF0152-C.g159	100.000	252	0	0	1	252	426	677	9.85e-175	518
PfHB3_100044500|CIDRb|1|1558|1809	PA0140-C.g808	100.000	252	0	0	1	252	825	1076	9.09e-172	518
PfHB3_100044500|CIDRb|1|1558|1809	PV0184-C.g5	84.524	252	38	1	1	251	589	840	1.51e-131	404
PfHB3_100044500|CIDRb|1|1558|1809	PT0017-CW.g14	84.127	252	39	1	1	251	702	953	2.50e-130	403
PfHB3_100044500|CIDRb|1|1558|1809	PH0305-C.g275	84.921	252	37	1	1	251	1585	1836	1.25e-129	406
PfHB3_100044500|CIDRb|1|1558|1809	PH0305-C.g275	36.842	247	150	4	5	247	470	714	2.36e-44	161
PfHB3_100044500|DBLb|1|1837|2307	PF0152-C.g159	100.000	471	0	0	1	471	705	1175	0.0	971
PfHB3_100044500|DBLb|1|1837|2307	PA0140-C.g808	99.788	471	1	0	1	471	1104	1574	0.0	969
PfHB3_100044500|DBLb|1|1837|2307	PA0140-C.g808	23.934	305	179	11	111	384	94	376	8.08e-10	63.9
PfHB3_100044500|DBLb|1|1837|2307	PfKE04.g6	97.458	472	11	1	1	471	1877	2348	0.0	946
PfHB3_100044500|DBLb|1|1837|2307	PfKE04.g6	30.077	389	197	17	52	391	50	412	1.79e-29	125
PfHB3_100044500|DBLb|1|1837|2307	PfKE04.g6	23.596	267	156	11	126	371	870	1109	2.24e-07	56.2
PfHB3_100044500|DBLb|1|1837|2307	PM0134-C.g579	96.195	473	16	1	1	471	1949	2421	0.0	931
PfHB3_100044500|DBLb|1|1837|2307	PM0134-C.g579	27.616	344	200	11	4	329	18	330	7.84e-27	117
PfHB3_100044500|DBLb|1|1837|2307	PM0134-C.g579	23.132	281	159	9	111	357	930	1187	1.09e-08	60.5
PfHB3_100044500|DBLb|1|1837|2307	PA0047-C.g530	77.149	477	100	4	1	471	1062	1535	0.0	727
PfHB3_100044500|DBLb|1|1837|2307	PA0047-C.g530	23.596	267	156	11	126	371	56	295	3.45e-07	55.5
PfHB3_100044500|ATS|1|2469|2897	PfKE02.g50	85.102	443	45	5	7	429	2571	3012	0.0	744
PfHB3_100044500|ATS|1|2469|2897	PF0513-C.g5231	85.514	428	55	3	2	429	2389	2809	0.0	743
PfHB3_100044500|ATS|1|2469|2897	PV0147-C.g27	83.796	432	61	3	1	429	2912	3337	0.0	736
PfHB3_100044500|ATS|1|2469|2897	PFKE07.g1073	86.014	429	44	4	1	429	3671	4083	0.0	735
PfHB3_100044500|ATS|1|2469|2897	PC0113-C.g1115	85.349	430	54	5	1	429	3496	3917	0.0	733
PfHB3_120005700|NTS|1|1|60	PF0424-C.g827	86.667	60	8	0	1	60	1	60	2.53e-29	109
PfHB3_120005700|NTS|1|1|60	QG0214-C.g1851	86.667	60	8	0	1	60	1	60	4.24e-29	108
PfHB3_120005700|NTS|1|1|60	PA0253-C.g573	86.667	60	8	0	1	60	1	60	7.02e-29	108
PfHB3_120005700|NTS|1|1|60	QE0464-C.g458	78.689	61	12	1	1	60	1	61	6.52e-25	97.1
PfHB3_120005700|NTS|1|1|60	PT0027-C.g567	80.000	60	11	1	1	60	1	59	7.56e-24	94.0
PfHB3_120005700|DBLa|1|61|467	PM0004-C.g735	83.894	416	58	2	1	407	58	473	0.0	729
PfHB3_120005700|DBLa|1|61|467	PM0004-C.g735	32.950	261	130	9	32	282	839	1064	1.12e-26	115
PfHB3_120005700|DBLa|1|61|467	PA0047-C.g231	83.894	416	58	2	1	407	58	473	0.0	728
PfHB3_120005700|DBLa|1|61|467	PA0047-C.g231	32.258	310	160	11	53	348	855	1128	6.01e-32	130
PfHB3_120005700|DBLa|1|61|467	PA0047-C.g231	26.100	341	178	15	4	329	1246	1527	8.00e-13	72.8
PfHB3_120005700|DBLa|1|61|467	PV0239-C.g50	85.819	409	54	3	1	407	65	471	0.0	726
PfHB3_120005700|DBLa|1|61|467	PV0239-C.g50	31.923	260	129	9	36	282	835	1059	3.26e-28	119
PfHB3_120005700|DBLa|1|61|467	PV0239-C.g50	23.563	348	191	14	101	407	1394	1707	6.80e-12	70.1
PfHB3_120005700|DBLa|1|61|467	PFKE08.g356	84.804	408	59	2	1	407	60	465	0.0	726
PfHB3_120005700|DBLa|1|61|467	PFKE08.g356	30.362	359	217	10	51	405	2436	2765	2.93e-39	152
PfHB3_120005700|DBLa|1|61|467	PFKE08.g356	31.164	292	134	11	53	326	852	1094	7.35e-28	119
PfHB3_120005700|DBLa|1|61|467	PFKE08.g356	29.355	310	162	11	114	407	1371	1639	1.21e-17	87.8
PfHB3_120005700|DBLa|1|61|467	PFKE08.g356	26.621	293	147	9	36	328	2804	3028	1.07e-13	75.9
PfHB3_120005700|DBLa|1|61|467	PFKE08.g356	25.103	243	133	6	46	264	1986	2203	1.15e-10	66.2
PfHB3_120005700|DBLa|1|61|467	QG0202-C.g88	84.615	416	53	4	1	407	58	471	0.0	725
PfHB3_120005700|DBLa|1|61|467	QG0202-C.g88	30.636	346	207	12	27	368	1651	1967	2.17e-36	144
PfHB3_120005700|DBLa|1|61|467	QG0202-C.g88	28.841	371	197	16	1	364	803	1113	1.09e-30	127
PfHB3_120005700|DBLa|1|61|467	QG0202-C.g88	24.242	297	144	9	52	327	2051	2287	1.33e-11	69.3
PfHB3_120005700|DBLa|1|61|467	QG0202-C.g88	24.924	329	174	11	11	326	1216	1484	5.31e-11	67.4
PfHB3_120005700|DBLa|1|61|467	QG0202-C.g88	24.430	307	163	10	22	327	2395	2633	1.65e-10	65.9
PfHB3_120005700|CIDRa|1|468|717	QE0464-C.g458	88.980	245	27	0	1	245	471	715	3.69e-147	456
PfHB3_120005700|CIDRa|1|468|717	PV0301-C.g62	88.980	245	27	0	1	245	469	713	6.10e-147	454
PfHB3_120005700|CIDRa|1|468|717	PV0129-C.g27	88.980	245	27	0	1	245	469	713	6.10e-147	454
PfHB3_120005700|CIDRa|1|468|717	PM0114-C.g478	85.714	245	35	0	1	245	468	712	5.52e-141	438
PfHB3_120005700|CIDRa|1|468|717	PA0039-C.g49	79.098	244	51	0	1	244	293	536	1.03e-132	407
PfHB3_120005700|DBLb|1|733|1196	PA0202-C.g54	64.668	467	147	7	1	464	745	1196	0.0	603
PfHB3_120005700|DBLb|1|733|1196	PA0202-C.g54	28.186	408	232	14	37	398	35	427	3.86e-29	124
PfHB3_120005700|DBLb|1|733|1196	PA0202-C.g54	27.179	390	206	13	113	464	1257	1606	2.81e-25	112
PfHB3_120005700|DBLb|1|733|1196	PH0558-C.g180	62.762	478	157	10	1	464	739	1209	0.0	572
PfHB3_120005700|DBLb|1|733|1196	PH0558-C.g180	31.566	396	208	13	91	464	2407	2761	9.42e-43	164
PfHB3_120005700|DBLb|1|733|1196	PH0558-C.g180	28.010	407	231	16	37	398	35	424	5.77e-28	120
PfHB3_120005700|DBLb|1|733|1196	PH0558-C.g180	22.166	397	241	15	25	388	1181	1542	1.66e-12	72.4
PfHB3_120005700|DBLb|1|733|1196	PH0558-C.g180	26.667	255	140	8	111	360	2817	3029	1.60e-10	66.2
PfHB3_120005700|DBLb|1|733|1196	QG0291-C.g2079	61.441	472	169	9	1	464	149	615	0.0	565
PfHB3_120005700|DBLb|1|733|1196	QG0291-C.g2079	24.643	280	154	8	104	358	670	917	4.47e-12	71.2
PfHB3_120005700|DBLb|1|733|1196	QE0469-C.g3	62.162	481	157	12	1	464	502	974	0.0	561
PfHB3_120005700|DBLb|1|733|1196	QE0469-C.g3	25.818	275	163	9	91	359	1396	1635	8.13e-18	89.4
PfHB3_120005700|DBLb|1|733|1196	QE0469-C.g3	22.985	335	197	12	96	392	1022	1333	3.14e-14	77.8
PfHB3_120005700|DBLb|1|733|1196	QE0469-C.g3	28.042	189	102	8	242	398	1	187	8.51e-09	60.5
PfHB3_120005700|DBLb|1|733|1196	PC0021-C.g6	61.915	470	156	10	1	464	358	810	0.0	561
PfHB3_120005700|DBLb|1|733|1196	PC0021-C.g6	28.392	479	271	17	15	464	1227	1662	1.92e-39	154
PfHB3_120005700|DBLb|1|733|1196	PC0021-C.g6	32.456	228	120	11	97	320	1699	1896	2.17e-17	87.8
PfHB3_120005700|DBLb|1|733|1196	PC0021-C.g6	25.455	275	150	9	111	359	870	1115	5.92e-14	77.0
PfHB3_120005700|DBLg|1|1213|1560	PA0246-C.g304	84.286	350	53	2	1	348	1220	1569	0.0	607
PfHB3_120005700|DBLg|1|1213|1560	PA0246-C.g304	24.798	371	212	16	26	348	1654	2005	2.22e-16	82.8
PfHB3_120005700|DBLg|1|1213|1560	PA0246-C.g304	21.923	260	162	7	44	270	845	1096	3.83e-11	67.0
PfHB3_120005700|DBLg|1|1213|1560	QG0200-C.g186	71.989	357	90	4	1	348	1662	2017	2.90e-163	507
PfHB3_120005700|DBLg|1|1213|1560	QG0200-C.g186	24.429	438	178	14	43	330	909	1343	1.07e-23	105
PfHB3_120005700|DBLg|1|1213|1560	QG0200-C.g186	25.442	283	158	10	26	267	2102	2372	5.81e-18	87.8
PfHB3_120005700|DBLg|1|1213|1560	QG0200-C.g186	22.754	334	190	8	32	304	114	440	8.64e-13	72.0
PfHB3_120005700|DBLg|1|1213|1560	PF0789-C.g198	71.989	357	90	4	1	348	2059	2414	3.72e-163	507
PfHB3_120005700|DBLg|1|1213|1560	PF0789-C.g198	24.379	443	181	15	39	330	1301	1740	1.51e-22	101
PfHB3_120005700|DBLg|1|1213|1560	PF0789-C.g198	25.442	283	158	10	26	267	2499	2769	5.68e-18	87.8
PfHB3_120005700|DBLg|1|1213|1560	PF0789-C.g198	26.984	252	149	9	44	270	866	1107	9.32e-13	72.0
PfHB3_120005700|DBLg|1|1213|1560	PF0789-C.g198	25.328	229	119	9	24	216	104	316	9.40e-09	59.7
PfHB3_120005700|DBLg|1|1213|1560	PM0058-C.g175	71.989	357	90	4	1	348	1632	1987	3.86e-163	506
PfHB3_120005700|DBLg|1|1213|1560	PM0058-C.g175	23.744	438	181	13	43	330	879	1313	2.17e-22	100
PfHB3_120005700|DBLg|1|1213|1560	PM0058-C.g175	25.442	283	158	10	26	267	2072	2342	5.49e-18	87.8
PfHB3_120005700|DBLg|1|1213|1560	PM0058-C.g175	22.419	339	191	10	39	320	112	435	2.68e-11	67.4
PfHB3_120005700|DBLg|1|1213|1560	PF0122-C.g425	68.678	348	108	1	1	348	1222	1568	4.74e-157	487
PfHB3_120005700|DBLg|1|1213|1560	PF0122-C.g425	25.849	383	200	16	21	348	1643	1996	1.54e-18	89.4
PfHB3_120005700|DBLg|1|1213|1560	PF0122-C.g425	26.562	256	155	8	39	270	841	1087	3.02e-17	85.5
PfHB3_120005700|DBLg|1|1213|1560	PF0122-C.g425	23.906	297	143	10	41	272	106	384	2.21e-10	64.7
PfHB3_120005700|DBLz|1|1569|2002	PM0063-C.g697	93.103	435	29	1	1	434	666	1100	0.0	805
PfHB3_120005700|DBLz|1|1569|2002	PM0063-C.g697	25.962	208	114	5	168	375	1	168	1.23e-12	72.4
PfHB3_120005700|DBLz|1|1569|2002	PM0063-C.g697	22.924	301	179	12	78	357	311	579	3.40e-09	61.6
PfHB3_120005700|DBLz|1|1569|2002	QG0194-C.g1175	87.788	434	46	2	1	434	1171	1597	0.0	749
PfHB3_120005700|DBLz|1|1569|2002	QG0194-C.g1175	26.087	368	221	12	64	398	87	436	8.07e-25	110
PfHB3_120005700|DBLz|1|1569|2002	QG0194-C.g1175	24.573	293	159	12	78	347	821	1074	3.12e-11	68.2
PfHB3_120005700|DBLz|1|1569|2002	PF0314-C.g23	88.479	434	43	3	1	434	2363	2789	0.0	748
PfHB3_120005700|DBLz|1|1569|2002	PF0314-C.g23	28.508	449	214	18	43	434	792	1190	1.45e-35	142
PfHB3_120005700|DBLz|1|1569|2002	PF0314-C.g23	28.691	359	221	13	92	432	107	448	3.53e-27	117
PfHB3_120005700|DBLz|1|1569|2002	PF0314-C.g23	24.262	305	173	13	62	347	2001	2266	4.77e-11	67.8
PfHB3_120005700|DBLz|1|1569|2002	PF0314-C.g23	24.346	382	210	16	92	406	1270	1639	5.68e-10	64.3
PfHB3_120005700|DBLz|1|1569|2002	PA0042-C.g246	79.724	434	83	1	1	434	1616	2044	0.0	679
PfHB3_120005700|DBLz|1|1569|2002	PA0042-C.g246	27.515	338	199	12	92	398	121	443	1.13e-25	112
PfHB3_120005700|DBLz|1|1569|2002	PA0042-C.g246	27.820	399	208	16	2	371	764	1111	6.03e-25	110
PfHB3_120005700|DBLz|1|1569|2002	PA0042-C.g246	23.841	302	168	13	78	353	1259	1524	6.21e-11	67.4
PfHB3_120005700|DBLz|1|1569|2002	PA0084-C.g194	79.724	434	83	1	1	434	1616	2044	0.0	678
PfHB3_120005700|DBLz|1|1569|2002	PA0084-C.g194	27.515	338	199	12	92	398	121	443	9.47e-26	113
PfHB3_120005700|DBLz|1|1569|2002	PA0084-C.g194	27.820	399	208	16	2	371	764	1111	6.20e-25	110
PfHB3_120005700|DBLz|1|1569|2002	PA0084-C.g194	23.684	304	172	11	78	357	2359	2626	7.22e-13	73.6
PfHB3_120005700|DBLz|1|1569|2002	PA0084-C.g194	23.841	302	168	13	78	353	1259	1524	6.14e-11	67.4
PfHB3_120005700|DBLz|1|1569|2002	PA0084-C.g194	23.003	313	170	15	77	360	2737	3007	5.15e-10	64.3
PfHB3_120005700|ATS|1|2089|2560	PH0121-CW.g61	78.119	489	74	12	1	472	1474	1946	0.0	695
PfHB3_120005700|ATS|1|2089|2560	PFKE10.g280	76.321	473	77	11	1	469	2897	3338	0.0	678
PfHB3_120005700|ATS|1|2089|2560	PFKE10.g280	50.388	129	44	4	328	456	3337	3445	5.96e-24	108
PfHB3_120005700|ATS|1|2089|2560	PV0239-C.g25	73.663	486	85	8	1	472	2129	2585	0.0	669
PfHB3_120005700|ATS|1|2089|2560	PD0561-C.g263	72.088	498	71	11	1	472	2424	2879	0.0	666
PfHB3_120005700|ATS|1|2089|2560	PT0219-C.g578	72.819	493	103	9	1	472	1736	2218	0.0	659
PfHB3_120024300|NTS|1|1|68	QG0290-C.g811	98.182	55	1	0	14	68	18	72	2.72e-30	112
PfHB3_120024300|NTS|1|1|68	PT0141-C.g1098	96.364	55	2	0	14	68	15	69	2.04e-29	110
PfHB3_120024300|NTS|1|1|68	SenT002.07.g419	59.375	64	26	0	5	68	2	65	9.88e-19	80.1
PfHB3_120024300|NTS|1|1|68	PM0021-C.g280	59.375	64	26	0	5	68	2	65	1.00e-18	80.1
PfHB3_120024300|NTS|1|1|68	PF0368-C.g489	60.938	64	25	0	5	68	2	65	1.46e-18	79.7
PfHB3_120024300|DBLa|1|69|489	QE0393-Cx.g542	88.605	430	39	4	1	421	68	496	0.0	755
PfHB3_120024300|DBLa|1|69|489	QE0393-Cx.g542	31.148	183	116	5	240	421	1180	1353	2.16e-17	87.0
PfHB3_120024300|DBLa|1|69|489	PD0523-C.g656	88.605	430	39	4	1	421	68	496	0.0	754
PfHB3_120024300|DBLa|1|69|489	PD0523-C.g656	24.519	208	134	7	228	421	1161	1359	3.85e-09	61.6
PfHB3_120024300|DBLa|1|69|489	PT0141-C.g1098	84.597	422	64	1	1	421	70	491	0.0	744
PfHB3_120024300|DBLa|1|69|489	PT0141-C.g1098	31.088	193	115	8	231	421	1165	1341	3.76e-14	77.4
PfHB3_120024300|DBLa|1|69|489	QG0290-C.g811	84.597	422	64	1	1	421	73	494	0.0	739
PfHB3_120024300|DBLa|1|69|489	QG0290-C.g811	24.606	317	151	11	42	354	1505	1737	3.96e-14	77.0
PfHB3_120024300|DBLa|1|69|489	QG0290-C.g811	27.848	237	114	10	108	343	913	1093	4.81e-11	67.4
PfHB3_120024300|DBLa|1|69|489	QG0290-C.g811	26.639	244	123	10	34	275	1174	1363	1.82e-10	65.5
PfHB3_120024300|DBLa|1|69|489	QE0483-C.g157	81.368	424	75	3	1	421	72	494	0.0	699
PfHB3_120024300|DBLa|1|69|489	QE0483-C.g157	31.138	334	185	9	36	368	2042	2331	1.29e-31	130
PfHB3_120024300|DBLa|1|69|489	QE0483-C.g157	29.653	317	173	11	117	421	1007	1285	1.63e-19	94.0
PfHB3_120024300|DBLa|1|69|489	QE0483-C.g157	23.967	242	123	6	106	347	2483	2663	9.33e-13	72.8
PfHB3_120024300|DBLa|1|69|489	QE0483-C.g157	20.833	384	225	10	46	420	1643	1956	2.60e-10	65.1
PfHB3_120024300|CIDRa|1|490|748	QE0393-Cx.g542	89.683	252	25	1	1	251	497	748	2.60e-154	466
PfHB3_120024300|CIDRa|1|490|748	PD0523-C.g656	89.683	252	25	1	1	251	497	748	6.38e-152	465
PfHB3_120024300|CIDRa|1|490|748	PA0015-C.g477	76.538	260	57	3	1	256	497	756	8.66e-129	400
PfHB3_120024300|CIDRa|1|490|748	PA0074-C.g552	76.538	260	57	3	1	256	497	756	9.87e-129	402
PfHB3_120024300|CIDRa|1|490|748	PA0061-C.g707	76.538	260	57	3	1	256	497	756	9.87e-129	402
PfHB3_120024300|DBLd|1|823|1316	PA0201-C.g13	53.977	528	192	16	1	494	197	707	5.89e-163	492
PfHB3_120024300|DBLd|1|823|1316	QE0418-C.g26	56.522	506	165	21	13	494	590	1064	8.96e-162	491
PfHB3_120024300|DBLd|1|823|1316	QE0418-C.g26	27.895	190	104	6	337	494	1	189	4.20e-08	58.5
PfHB3_120024300|DBLd|1|823|1316	PD0572-C.g244	53.053	524	206	13	1	494	1705	2218	1.97e-159	503
PfHB3_120024300|DBLd|1|823|1316	PD0572-C.g244	24.648	426	186	13	1	425	2570	2861	5.91e-28	120
PfHB3_120024300|DBLd|1|823|1316	PD0572-C.g244	26.382	398	177	14	60	455	1343	1626	1.99e-25	113
PfHB3_120024300|DBLd|1|823|1316	PD0572-C.g244	23.247	271	163	6	159	425	165	394	2.01e-11	69.3
PfHB3_120024300|DBLd|1|823|1316	PD0564-C.g198	53.053	524	206	13	1	494	1705	2218	1.97e-159	503
PfHB3_120024300|DBLd|1|823|1316	PD0564-C.g198	24.648	426	186	13	1	425	2570	2861	5.91e-28	120
PfHB3_120024300|DBLd|1|823|1316	PD0564-C.g198	26.382	398	177	14	60	455	1343	1626	1.99e-25	113
PfHB3_120024300|DBLd|1|823|1316	PD0564-C.g198	23.247	271	163	6	159	425	165	394	2.01e-11	69.3
PfHB3_120024300|DBLd|1|823|1316	PD0524-C.g307	53.053	524	206	13	1	494	1705	2218	1.97e-159	503
PfHB3_120024300|DBLd|1|823|1316	PD0524-C.g307	24.648	426	186	13	1	425	2570	2861	5.91e-28	120
PfHB3_120024300|DBLd|1|823|1316	PD0524-C.g307	26.382	398	177	14	60	455	1343	1626	1.99e-25	113
PfHB3_120024300|DBLd|1|823|1316	PD0524-C.g307	23.247	271	163	6	159	425	165	394	2.01e-11	69.3
PfHB3_120024300|CIDRg|1|1317|1591	PD0640-C.g620	72.015	268	59	5	1	261	781	1039	1.51e-117	365
PfHB3_120024300|CIDRg|1|1317|1591	PA0228-C.g4876	69.318	264	78	3	1	263	1337	1598	3.10e-117	371
PfHB3_120024300|CIDRg|1|1317|1591	PA0228-C.g4876	28.824	170	111	4	114	274	612	780	3.44e-10	62.8
PfHB3_120024300|CIDRg|1|1317|1591	QG0277-C.g831	67.518	274	80	3	1	273	1485	1750	3.89e-116	368
PfHB3_120024300|CIDRg|1|1317|1591	PT0101-C.g689	69.004	271	75	6	1	269	1198	1461	5.25e-115	363
PfHB3_120024300|CIDRg|1|1317|1591	PD0481-C.g741	72.015	268	59	5	1	261	2592	2850	1.45e-114	364
PfHB3_120024300|ATS|1|1701|2169	PA0158-C.g774	86.412	471	53	4	1	469	1750	2211	0.0	822
PfHB3_120024300|ATS|1|1701|2169	PA0195-C.g729	86.412	471	53	4	1	469	1743	2204	0.0	819
PfHB3_120024300|ATS|1|1701|2169	PV0128-C.g40	86.412	471	53	4	1	469	1703	2164	0.0	818
PfHB3_120024300|ATS|1|1701|2169	QE0448-C.g711	86.653	472	50	5	1	469	1693	2154	0.0	815
PfHB3_120024300|ATS|1|1701|2169	PV0285-C.g4	86.653	472	50	5	1	469	1693	2154	0.0	815
PfHB3_120045000|NTS|1|1|68	QG0203-C.g1025	100.000	68	0	0	1	68	1	68	3.30e-40	141
PfHB3_120045000|NTS|1|1|68	PT0141-C.g820	100.000	68	0	0	1	68	1	68	3.68e-40	140
PfHB3_120045000|NTS|1|1|68	PD0565-C.g584	100.000	68	0	0	1	68	1	68	3.68e-40	140
PfHB3_120045000|NTS|1|1|68	PD0564-C.g716	100.000	68	0	0	1	68	1	68	3.68e-40	140
PfHB3_120045000|NTS|1|1|68	PD0496-C.g827	100.000	68	0	0	1	68	1	68	3.68e-40	140
PfHB3_120045000|DBLa|1|69|519	PA0186-C.g648	100.000	451	0	0	1	451	69	519	0.0	950
PfHB3_120045000|DBLa|1|69|519	PA0186-C.g648	28.000	350	178	15	126	435	1106	1421	2.40e-20	96.7
PfHB3_120045000|DBLa|1|69|519	PM0113-C.g488	100.000	451	0	0	1	451	69	519	0.0	949
PfHB3_120045000|DBLa|1|69|519	PM0113-C.g488	28.000	350	178	15	126	435	1129	1444	2.78e-20	96.7
PfHB3_120045000|DBLa|1|69|519	SenT113.09.g469	99.778	451	1	0	1	451	69	519	0.0	948
PfHB3_120045000|DBLa|1|69|519	SenT113.09.g469	28.261	230	137	10	124	343	1115	1326	5.08e-08	58.2
PfHB3_120045000|DBLa|1|69|519	PD0539-C.g611	100.000	451	0	0	1	451	69	519	0.0	948
PfHB3_120045000|DBLa|1|69|519	PD0539-C.g611	24.262	305	152	12	105	343	1062	1353	6.32e-08	57.8
PfHB3_120045000|DBLa|1|69|519	PfKE02.g13	100.000	451	0	0	1	451	69	519	0.0	948
PfHB3_120045000|DBLa|1|69|519	PfKE02.g13	25.269	186	98	5	180	329	1140	1320	6.62e-11	67.4
PfHB3_120045000|CIDRa|1|520|825	PA0018-C.g346	100.000	306	0	0	1	306	520	825	0.0	630
PfHB3_120045000|CIDRa|1|520|825	PA0263-C.g1793	100.000	306	0	0	1	306	150	455	0.0	629
PfHB3_120045000|CIDRa|1|520|825	QG0232-C.g3644	100.000	306	0	0	1	306	62	367	0.0	629
PfHB3_120045000|CIDRa|1|520|825	PM0113-C.g488	100.000	306	0	0	1	306	520	825	0.0	629
PfHB3_120045000|CIDRa|1|520|825	PD0539-C.g611	100.000	306	0	0	1	306	520	825	0.0	629
PfHB3_120045000|DBLd|1|913|1388	PV0028-C.g68	71.667	480	81	5	1	476	885	1313	0.0	637
PfHB3_120045000|DBLd|1|913|1388	PV0028-C.g68	27.477	222	137	4	195	400	195	408	4.52e-14	77.8
PfHB3_120045000|DBLd|1|913|1388	PV0028-C.g68	24.453	274	155	8	173	439	1781	2009	8.73e-10	63.9
PfHB3_120045000|DBLd|1|913|1388	PH0991-C.g533	71.667	480	81	5	1	476	885	1313	0.0	637
PfHB3_120045000|DBLd|1|913|1388	PH0991-C.g533	27.477	222	137	4	195	400	195	408	4.60e-14	77.4
PfHB3_120045000|DBLd|1|913|1388	PH0991-C.g533	24.453	274	155	8	173	439	1781	2009	8.64e-10	63.9
PfHB3_120045000|DBLd|1|913|1388	PH0915-C.g434	71.667	480	81	5	1	476	885	1313	0.0	637
PfHB3_120045000|DBLd|1|913|1388	PH0915-C.g434	27.477	222	137	4	195	400	195	408	4.60e-14	77.4
PfHB3_120045000|DBLd|1|913|1388	PH0915-C.g434	24.453	274	155	8	173	439	1781	2009	8.64e-10	63.9
PfHB3_120045000|DBLd|1|913|1388	PH0592-C.g251	71.667	480	81	5	1	476	885	1313	0.0	637
PfHB3_120045000|DBLd|1|913|1388	PH0592-C.g251	27.477	222	137	4	195	400	195	408	4.60e-14	77.4
PfHB3_120045000|DBLd|1|913|1388	PH0592-C.g251	24.453	274	155	8	173	439	1781	2009	8.64e-10	63.9
PfHB3_120045000|DBLd|1|913|1388	PH0560-C.g342	71.667	480	81	5	1	476	885	1313	0.0	637
PfHB3_120045000|DBLd|1|913|1388	PH0560-C.g342	27.477	222	137	4	195	400	195	408	4.60e-14	77.4
PfHB3_120045000|DBLd|1|913|1388	PH0560-C.g342	24.453	274	155	8	173	439	1781	2009	8.64e-10	63.9
PfHB3_120045000|CIDRg|1|1389|1655	PD0667-C.g955	99.625	267	1	0	1	267	838	1104	1.74e-180	545
PfHB3_120045000|CIDRg|1|1389|1655	PD0667-C.g955	29.565	115	74	4	109	219	174	285	6.20e-07	52.8
PfHB3_120045000|CIDRg|1|1389|1655	PH0474-CW.g310	99.625	267	1	0	1	267	894	1160	3.25e-180	545
PfHB3_120045000|CIDRg|1|1389|1655	PH0474-CW.g310	29.565	115	74	4	109	219	230	341	5.38e-07	53.1
PfHB3_120045000|CIDRg|1|1389|1655	PH0471-C.g402	99.625	267	1	0	1	267	1027	1293	2.05e-179	545
PfHB3_120045000|CIDRg|1|1389|1655	PH0471-C.g402	29.565	115	74	4	109	219	363	474	4.94e-07	53.1
PfHB3_120045000|CIDRg|1|1389|1655	PH0991-C.g533	99.625	267	1	0	1	267	1314	1580	3.13e-179	547
PfHB3_120045000|CIDRg|1|1389|1655	PH0991-C.g533	29.565	115	74	4	109	219	650	761	4.27e-07	53.1
PfHB3_120045000|CIDRg|1|1389|1655	PH0915-C.g434	99.625	267	1	0	1	267	1314	1580	3.13e-179	547
PfHB3_120045000|CIDRg|1|1389|1655	PH0915-C.g434	29.565	115	74	4	109	219	650	761	4.27e-07	53.1
PfHB3_120045000|DBLz|1|1696|2119	PV0028-C.g68	87.972	424	47	2	1	424	1621	2040	0.0	747
PfHB3_120045000|DBLz|1|1696|2119	PV0028-C.g68	30.728	371	198	15	31	346	39	405	4.83e-34	137
PfHB3_120045000|DBLz|1|1696|2119	PV0028-C.g68	23.729	295	184	6	93	370	2093	2363	4.22e-15	80.1
PfHB3_120045000|DBLz|1|1696|2119	PV0028-C.g68	23.022	417	225	14	50	392	883	1277	1.52e-13	75.5
PfHB3_120045000|DBLz|1|1696|2119	PH0991-C.g533	87.972	424	47	2	1	424	1621	2040	0.0	747
PfHB3_120045000|DBLz|1|1696|2119	PH0991-C.g533	30.728	371	198	15	31	346	39	405	4.56e-34	137
PfHB3_120045000|DBLz|1|1696|2119	PH0991-C.g533	24.820	278	172	6	93	370	2093	2333	1.78e-17	87.8
PfHB3_120045000|DBLz|1|1696|2119	PH0991-C.g533	23.022	417	225	14	50	392	883	1277	1.45e-13	75.5
PfHB3_120045000|DBLz|1|1696|2119	PH0915-C.g434	87.972	424	47	2	1	424	1621	2040	0.0	747
PfHB3_120045000|DBLz|1|1696|2119	PH0915-C.g434	30.728	371	198	15	31	346	39	405	4.56e-34	137
PfHB3_120045000|DBLz|1|1696|2119	PH0915-C.g434	24.820	278	172	6	93	370	2093	2333	1.78e-17	87.8
PfHB3_120045000|DBLz|1|1696|2119	PH0915-C.g434	23.022	417	225	14	50	392	883	1277	1.45e-13	75.5
PfHB3_120045000|DBLz|1|1696|2119	PH0592-C.g251	87.972	424	47	2	1	424	1621	2040	0.0	747
PfHB3_120045000|DBLz|1|1696|2119	PH0592-C.g251	30.728	371	198	15	31	346	39	405	4.56e-34	137
PfHB3_120045000|DBLz|1|1696|2119	PH0592-C.g251	24.820	278	172	6	93	370	2093	2333	1.78e-17	87.8
PfHB3_120045000|DBLz|1|1696|2119	PH0592-C.g251	23.022	417	225	14	50	392	883	1277	1.45e-13	75.5
PfHB3_120045000|DBLz|1|1696|2119	PH0560-C.g342	87.972	424	47	2	1	424	1621	2040	0.0	747
PfHB3_120045000|DBLz|1|1696|2119	PH0560-C.g342	30.728	371	198	15	31	346	39	405	4.56e-34	137
PfHB3_120045000|DBLz|1|1696|2119	PH0560-C.g342	24.820	278	172	6	93	370	2093	2333	1.78e-17	87.8
PfHB3_120045000|DBLz|1|1696|2119	PH0560-C.g342	23.022	417	225	14	50	392	883	1277	1.45e-13	75.5
PfHB3_120045000|DBLe|1|2124|2444	PV0195-C.g92	74.613	323	79	3	1	321	982	1303	5.00e-164	494
PfHB3_120045000|DBLe|1|2124|2444	PV0195-C.g92	23.592	284	170	10	51	288	643	925	9.19e-13	71.2
PfHB3_120045000|DBLe|1|2124|2444	QE0453-C.g73	74.613	323	79	3	1	321	1015	1336	9.06e-164	494
PfHB3_120045000|DBLe|1|2124|2444	QE0453-C.g73	23.592	284	170	10	51	288	676	958	1.13e-12	71.2
PfHB3_120045000|DBLe|1|2124|2444	PD0667-C.g79	74.613	323	79	3	1	321	1015	1336	9.06e-164	494
PfHB3_120045000|DBLe|1|2124|2444	PD0667-C.g79	23.592	284	170	10	51	288	676	958	1.13e-12	71.2
PfHB3_120045000|DBLe|1|2124|2444	PD0500-C.g649	74.613	323	79	3	1	321	1015	1336	9.06e-164	494
PfHB3_120045000|DBLe|1|2124|2444	PD0500-C.g649	23.592	284	170	10	51	288	676	958	1.13e-12	71.2
PfHB3_120045000|DBLe|1|2124|2444	QE0429-C.g382	74.923	323	78	3	1	321	2092	2413	1.49e-159	495
PfHB3_120045000|DBLe|1|2124|2444	QE0429-C.g382	23.789	227	120	6	50	223	127	353	1.61e-10	64.7
PfHB3_120045000|DBLe|1|2124|2444	QE0429-C.g382	24.870	193	109	7	51	208	1759	1950	4.14e-10	63.5
PfHB3_120045000|DBLe|1|2124|2444	QE0429-C.g382	24.713	174	82	6	99	223	1048	1221	9.71e-07	52.8
PfHB3_120045000|ATS|1|2500|2977	PC0113-C.g606	80.448	491	69	6	1	478	1758	2234	0.0	735
PfHB3_120045000|ATS|1|2500|2977	PF0092-C.g708	77.642	492	82	7	1	478	1720	2197	0.0	708
PfHB3_120045000|ATS|1|2500|2977	QE0454-C.g647	77.439	492	83	7	1	478	1716	2193	0.0	706
PfHB3_120045000|ATS|1|2500|2977	QE0452-C.g608	77.801	482	79	7	1	478	1718	2175	0.0	702
PfHB3_120045000|ATS|1|2500|2977	PT0219-C.g578	73.465	505	85	7	1	478	1736	2218	0.0	690
PfHB3_120045200|NTS|1|1|65	PT0021-CW.g179	100.000	65	0	0	1	65	1	65	1.37e-36	130
PfHB3_120045200|NTS|1|1|65	SenT190.09.g1030	75.385	65	16	0	1	65	1	65	2.00e-26	101
PfHB3_120045200|NTS|1|1|65	PV0082-C.g12	73.846	65	17	0	1	65	1	65	7.20e-25	97.4
PfHB3_120045200|NTS|1|1|65	QE0466-C.g58	70.769	65	19	0	1	65	1	65	1.68e-23	93.6
PfHB3_120045200|NTS|1|1|65	QE0470-C.g1110	70.769	65	19	0	1	65	1	65	2.17e-23	93.2
PfHB3_120045200|DBLa|1|66|476	PT0021-CW.g179	98.540	411	6	0	1	411	66	476	0.0	843
PfHB3_120045200|DBLa|1|66|476	PT0021-CW.g179	26.692	266	137	10	184	411	1060	1305	4.53e-13	73.6
PfHB3_120045200|DBLa|1|66|476	PM0019-C.g1989	77.011	435	76	3	1	411	68	502	0.0	685
PfHB3_120045200|DBLa|1|66|476	PM0019-C.g1989	37.222	180	88	9	232	411	1196	1350	3.16e-17	86.7
PfHB3_120045200|DBLa|1|66|476	PV0082-C.g12	75.806	434	82	2	1	411	66	499	0.0	676
PfHB3_120045200|DBLa|1|66|476	PV0082-C.g12	25.764	229	117	7	136	324	1065	1280	1.29e-13	75.5
PfHB3_120045200|DBLa|1|66|476	PF0784-C.g757	76.056	426	81	5	1	411	64	483	0.0	653
PfHB3_120045200|DBLa|1|66|476	QG0205-C.g747	75.765	425	87	4	1	411	65	487	0.0	652
PfHB3_120045200|DBLa|1|66|476	QG0205-C.g747	24.436	266	140	8	120	330	1017	1276	5.11e-11	67.4
PfHB3_120045200|CIDRa|1|477|732	PT0021-CW.g179	99.609	256	1	0	1	256	477	732	1.14e-172	520
PfHB3_120045200|CIDRa|1|477|732	PC0065-C.g523	75.646	271	51	2	1	256	484	754	3.17e-131	397
PfHB3_120045200|CIDRa|1|477|732	PA0008-C.g49	75.277	271	52	3	1	256	497	767	3.12e-128	400
PfHB3_120045200|CIDRa|1|477|732	PA0008-C.g49	29.412	153	100	5	23	173	1374	1520	7.28e-09	58.5
PfHB3_120045200|CIDRa|1|477|732	PA0168-C.g331	76.384	271	49	3	1	256	488	758	7.58e-127	398
PfHB3_120045200|CIDRa|1|477|732	PA0168-C.g331	27.273	132	84	3	110	238	1500	1622	5.24e-08	55.8
PfHB3_120045200|CIDRa|1|477|732	PF0784-C.g757	75.564	266	53	5	1	256	484	747	4.45e-126	387
PfHB3_120045200|DBLd|1|808|1297	PT0303-Cx.g1967	50.000	550	206	16	1	490	917	1457	2.44e-149	470
PfHB3_120045200|DBLd|1|808|1297	PT0303-Cx.g1967	27.419	248	140	10	194	431	209	426	5.34e-12	71.2
PfHB3_120045200|DBLd|1|808|1297	QG0190-C.g1074	50.573	524	216	14	1	490	809	1323	1.53e-145	457
PfHB3_120045200|DBLd|1|808|1297	QG0190-C.g1074	34.286	105	57	2	319	423	305	397	4.00e-11	68.2
PfHB3_120045200|DBLd|1|808|1297	PV0211-C.g126	52.579	504	159	18	31	490	1	468	1.06e-140	439
PfHB3_120045200|DBLd|1|808|1297	PA0168-C.g663	49.520	521	217	15	1	490	908	1413	1.48e-139	443
PfHB3_120045200|DBLd|1|808|1297	PA0168-C.g663	26.182	275	147	10	165	428	189	418	8.56e-18	89.4
PfHB3_120045200|DBLd|1|808|1297	QG0234-C.g78	48.551	552	204	19	1	490	230	763	2.54e-139	431
PfHB3_120045200|CIDRb|1|1298|1555	PA0073-C.g472	64.207	271	78	6	1	258	1221	1485	5.59e-98	315
PfHB3_120045200|CIDRb|1|1298|1555	PA0073-C.g472	34.694	98	58	3	106	200	512	606	4.58e-08	56.2
PfHB3_120045200|CIDRb|1|1298|1555	QG0218-C.g124	59.542	262	102	3	1	258	1339	1600	2.62e-95	308
PfHB3_120045200|CIDRb|1|1298|1555	QG0218-C.g124	34.286	70	46	0	104	173	619	688	9.02e-09	58.2
PfHB3_120045200|CIDRb|1|1298|1555	PA0214-C.g272	59.127	252	102	1	1	251	617	868	3.33e-91	292
PfHB3_120045200|CIDRb|1|1298|1555	PC0063-C.g7756	57.034	263	108	1	1	258	1348	1610	3.95e-90	293
PfHB3_120045200|CIDRb|1|1298|1555	PC0063-C.g7756	27.111	225	152	5	30	250	513	729	8.66e-12	67.4
PfHB3_120045200|CIDRb|1|1298|1555	QG0247-C.g3097	56.226	265	109	3	1	258	1399	1663	4.00e-89	290
PfHB3_120045200|CIDRb|1|1298|1555	QG0247-C.g3097	38.889	72	44	0	104	175	627	698	6.15e-09	58.5
PfHB3_120045200|ATS|1|1670|2150	PD0561-C.g263	77.801	482	80	6	1	481	2424	2879	0.0	748
PfHB3_120045200|ATS|1|1670|2150	PV0211-C.g122	77.890	493	92	9	1	481	891	1378	0.0	688
PfHB3_120045200|ATS|1|1670|2150	PV0239-C.g98	75.102	490	80	12	2	481	1285	1742	0.0	683
PfHB3_120045200|ATS|1|1670|2150	PV0239-C.g25	75.311	482	83	10	7	481	2133	2585	0.0	667
PfHB3_120045200|ATS|1|1670|2150	PV0239-C.g24	69.052	517	92	12	1	481	1705	2189	0.0	655
PfHB3_120045300|NTS|1|1|74	PC0122-C.g457	79.730	74	6	1	1	74	1	65	8.89e-32	117
PfHB3_120045300|NTS|1|1|74	PF0092-C.g645	79.730	74	6	1	1	74	1	65	1.08e-31	117
PfHB3_120045300|NTS|1|1|74	PM0049-C.g529	79.730	74	6	1	1	74	1	65	1.13e-31	117
PfHB3_120045300|NTS|1|1|74	PM0073-C.g396	78.378	74	7	1	1	74	1	65	5.54e-31	115
PfHB3_120045300|NTS|1|1|74	PA0146-C.g1028	78.378	74	7	1	1	74	1	65	5.82e-31	115
PfHB3_120045300|DBLa|1|75|472	PD0473-C.g513	73.367	398	90	3	1	398	75	456	0.0	595
PfHB3_120045300|DBLa|1|75|472	PD0473-C.g513	36.025	161	94	3	240	398	1622	1775	2.32e-21	99.0
PfHB3_120045300|DBLa|1|75|472	PD0473-C.g513	26.132	287	171	8	48	325	820	1074	1.54e-14	78.2
PfHB3_120045300|DBLa|1|75|472	PH0556-C.g205	70.352	398	101	4	1	398	75	455	0.0	567
PfHB3_120045300|DBLa|1|75|472	PH0556-C.g205	31.889	323	157	11	21	328	1925	2199	1.03e-35	141
PfHB3_120045300|DBLa|1|75|472	PH0556-C.g205	28.401	419	229	10	19	398	1155	1541	3.78e-35	140
PfHB3_120045300|DBLa|1|75|472	PH0556-C.g205	25.597	293	161	10	53	331	825	1074	3.12e-16	83.6
PfHB3_120045300|DBLa|1|75|472	PH0556-C.g205	25.543	184	98	7	183	353	2467	2624	5.95e-10	63.9
PfHB3_120045300|DBLa|1|75|472	PV0028-C.g51	70.352	398	101	4	1	398	75	455	0.0	566
PfHB3_120045300|DBLa|1|75|472	PV0028-C.g51	30.581	327	183	8	46	353	2582	2883	1.18e-38	150
PfHB3_120045300|DBLa|1|75|472	PV0028-C.g51	33.333	300	159	8	116	398	1565	1840	1.89e-33	135
PfHB3_120045300|DBLa|1|75|472	PV0028-C.g51	23.656	279	148	10	50	328	2988	3201	1.16e-13	75.5
PfHB3_120045300|DBLa|1|75|472	PV0028-C.g51	24.038	312	173	10	53	343	1082	1350	7.68e-12	69.7
PfHB3_120045300|DBLa|1|75|472	PV0028-C.g51	24.752	303	159	12	55	339	2185	2436	1.01e-09	63.2
PfHB3_120045300|DBLa|1|75|472	PF0314-C.g321	70.101	398	102	5	1	398	75	455	0.0	558
PfHB3_120045300|DBLa|1|75|472	PF0314-C.g321	31.902	326	151	11	21	328	831	1103	1.18e-38	150
PfHB3_120045300|DBLa|1|75|472	PF0314-C.g321	25.597	293	162	11	54	329	1766	2019	1.38e-12	72.0
PfHB3_120045300|DBLa|1|75|472	PF0314-C.g321	23.529	340	178	13	35	346	1350	1635	2.35e-12	71.2
PfHB3_120045300|DBLa|1|75|472	PF0092-C.g586	67.830	401	122	4	1	398	75	471	0.0	557
PfHB3_120045300|DBLa|1|75|472	PF0092-C.g586	26.136	352	195	11	46	356	892	1219	1.93e-13	74.7
PfHB3_120045300|DBLa|1|75|472	PF0092-C.g586	26.282	156	91	4	183	336	1474	1607	6.43e-10	63.5
PfHB3_120045300|CIDRd|1|473|728	PV0233-C.g12	85.938	256	36	0	1	256	469	724	3.98e-131	410
PfHB3_120045300|CIDRd|1|473|728	PV0233-C.g12	40.000	255	153	0	1	255	2020	2274	8.55e-51	180
PfHB3_120045300|CIDRd|1|473|728	PFKE08.g1	80.469	256	50	0	1	256	475	730	1.04e-127	401
PfHB3_120045300|CIDRd|1|473|728	PFKE08.g1	34.902	255	143	8	11	255	2754	2995	3.27e-33	129
PfHB3_120045300|CIDRd|1|473|728	QG0208-C.g117	72.374	257	70	1	1	256	460	716	2.13e-117	371
PfHB3_120045300|CIDRd|1|473|728	PD0500-C.g623	71.660	247	70	0	1	247	462	708	3.64e-113	355
PfHB3_120045300|CIDRd|1|473|728	PH0991-C.g169	71.660	247	70	0	1	247	462	708	1.92e-112	357
PfHB3_120045300|CIDRd|1|473|728	PH0991-C.g169	31.783	258	155	4	5	255	2249	2492	3.13e-32	127
PfHB3_120045300|DBLg|1|773|1118	PA0163-C.g1339	64.571	350	120	4	1	346	1185	1534	8.61e-144	451
PfHB3_120045300|DBLg|1|773|1118	PA0163-C.g1339	31.657	338	153	12	39	308	1587	1914	1.45e-34	137
PfHB3_120045300|DBLg|1|773|1118	PA0163-C.g1339	27.187	320	185	12	45	346	2764	3053	1.99e-27	115
PfHB3_120045300|DBLg|1|773|1118	PA0163-C.g1339	25.267	281	168	11	24	284	817	1075	6.28e-14	75.5
PfHB3_120045300|DBLg|1|773|1118	PA0163-C.g1339	25.965	285	162	11	46	291	119	393	6.20e-11	66.2
PfHB3_120045300|DBLg|1|773|1118	PA0163-C.g1339	25.333	225	143	6	31	240	2353	2567	7.84e-10	62.8
PfHB3_120045300|DBLg|1|773|1118	PA0027-C.g54	59.610	359	129	5	1	346	680	1035	2.08e-137	417
PfHB3_120045300|DBLg|1|773|1118	PA0027-C.g54	37.963	324	146	13	1	284	270	578	1.10e-49	180
PfHB3_120045300|DBLg|1|773|1118	QG0194-C.g650	60.056	358	131	5	1	346	543	900	5.91e-137	416
PfHB3_120045300|DBLg|1|773|1118	QG0194-C.g650	43.922	255	118	9	1	240	151	395	4.41e-53	190
PfHB3_120045300|DBLg|1|773|1118	PM0019-C.g1368	61.732	358	125	5	1	346	1737	2094	6.03e-137	431
PfHB3_120045300|DBLg|1|773|1118	PM0019-C.g1368	36.641	262	137	9	1	240	1335	1589	7.16e-40	152
PfHB3_120045300|DBLg|1|773|1118	PM0019-C.g1368	25.084	299	185	11	31	306	859	1141	5.02e-16	82.0
PfHB3_120045300|DBLg|1|773|1118	PM0019-C.g1368	24.818	274	160	9	46	286	132	392	1.53e-11	68.2
PfHB3_120045300|DBLg|1|773|1118	PD0481-C.g32	63.788	359	108	7	1	346	755	1104	7.34e-137	431
PfHB3_120045300|DBLg|1|773|1118	PD0481-C.g32	31.564	358	156	10	1	284	1112	1454	5.49e-40	152
PfHB3_120045300|DBLg|1|773|1118	PD0481-C.g32	26.974	304	175	10	45	346	2690	2948	2.05e-21	98.2
PfHB3_120045300|DBLg|1|773|1118	PD0481-C.g32	26.645	304	175	12	40	319	1880	2159	6.79e-19	90.5
PfHB3_120045300|DBLg|1|773|1118	PD0481-C.g32	27.481	262	157	10	45	283	2305	2556	1.74e-12	71.2
PfHB3_120045300|DBLg|1|773|1118	PD0481-C.g32	22.593	270	169	9	46	283	124	385	2.26e-10	64.7
PfHB3_120045300|DBLd|1|1126|1527	PD0518-C.g137	89.320	412	34	2	1	402	1112	1523	0.0	704
PfHB3_120045300|DBLd|1|1126|1527	PD0518-C.g137	33.429	347	158	9	1	333	755	1042	3.06e-45	169
PfHB3_120045300|DBLd|1|1126|1527	PD0518-C.g137	31.678	423	215	14	11	402	79	458	6.01e-42	160
PfHB3_120045300|DBLd|1|1126|1527	PD0518-C.g137	25.559	313	134	12	49	351	2696	2919	8.44e-11	66.6
PfHB3_120045300|DBLd|1|1126|1527	PD0518-C.g137	24.904	261	130	9	32	267	2286	2505	8.50e-10	63.5
PfHB3_120045300|DBLd|1|1126|1527	PD0518-C.g137	23.923	209	112	7	136	334	1942	2113	2.23e-09	62.0
PfHB3_120045300|DBLd|1|1126|1527	PD0481-C.g32	89.320	412	34	2	1	402	1112	1523	0.0	704
PfHB3_120045300|DBLd|1|1126|1527	PD0481-C.g32	33.429	347	158	9	1	333	755	1042	2.51e-45	170
PfHB3_120045300|DBLd|1|1126|1527	PD0481-C.g32	31.678	423	215	14	11	402	79	458	5.80e-42	160
PfHB3_120045300|DBLd|1|1126|1527	PD0481-C.g32	20.930	344	193	10	16	336	2273	2560	1.97e-09	62.4
PfHB3_120045300|DBLd|1|1126|1527	PD0481-C.g32	22.422	223	112	7	136	355	2747	2911	1.11e-07	56.6
PfHB3_120045300|DBLd|1|1126|1527	PD0481-C.g32	22.705	207	113	8	136	332	1942	2111	1.83e-07	55.8
PfHB3_120045300|DBLd|1|1126|1527	PFKE10.g472	89.320	412	34	2	1	402	1121	1532	0.0	704
PfHB3_120045300|DBLd|1|1126|1527	PFKE10.g472	30.318	409	194	12	35	402	106	464	6.76e-38	148
PfHB3_120045300|DBLd|1|1126|1527	PFKE10.g472	32.857	350	159	13	1	333	761	1051	2.05e-37	147
PfHB3_120045300|DBLd|1|1126|1527	PFKE10.g472	20.930	344	193	10	16	336	2282	2569	1.84e-09	62.4
PfHB3_120045300|DBLd|1|1126|1527	PFKE10.g472	23.558	208	110	8	136	332	1951	2120	1.43e-07	56.2
PfHB3_120045300|DBLd|1|1126|1527	QG0243-C.g3294	89.320	412	34	2	1	402	1118	1529	0.0	704
PfHB3_120045300|DBLd|1|1126|1527	QG0243-C.g3294	33.046	348	158	11	2	333	760	1048	1.62e-39	153
PfHB3_120045300|DBLd|1|1126|1527	QG0243-C.g3294	30.513	390	196	11	43	402	117	461	3.49e-35	140
PfHB3_120045300|DBLd|1|1126|1527	PA0085-C.g488	89.320	412	34	2	1	402	1117	1528	0.0	704
PfHB3_120045300|DBLd|1|1126|1527	PA0085-C.g488	33.540	322	160	9	111	402	163	460	9.71e-40	154
PfHB3_120045300|DBLd|1|1126|1527	PA0085-C.g488	32.857	350	159	13	1	333	757	1047	2.19e-37	147
PfHB3_120045300|DBLd|1|1126|1527	PA0085-C.g488	20.930	344	193	10	16	336	2278	2565	1.56e-09	62.8
PfHB3_120045300|DBLd|1|1126|1527	PA0085-C.g488	23.558	208	110	8	136	332	1947	2116	1.56e-07	56.2
PfHB3_120045300|CIDRg|1|1528|1773	PV0246-C.g37	100.000	246	0	0	1	246	462	707	5.48e-162	494
PfHB3_120045300|CIDRg|1|1528|1773	PF0792-C.g790	100.000	246	0	0	1	246	1573	1818	3.48e-161	494
PfHB3_120045300|CIDRg|1|1528|1773	PF0792-C.g790	35.547	256	151	6	1	246	456	707	3.66e-32	126
PfHB3_120045300|CIDRg|1|1528|1773	PF0098-C.g65	99.593	246	1	0	1	246	1575	1820	3.83e-161	493
PfHB3_120045300|CIDRg|1|1528|1773	PF0098-C.g65	35.156	256	152	6	1	246	458	709	5.16e-35	134
PfHB3_120045300|CIDRg|1|1528|1773	QG0296-C.g3295	100.000	246	0	0	1	246	1512	1757	5.85e-161	495
PfHB3_120045300|CIDRg|1|1528|1773	PH0059-C.g362	99.593	246	1	0	1	246	872	1117	1.49e-160	494
PfHB3_120045300|DBLe|1|1811|2177	PA0237-C.g129	98.638	367	5	0	1	367	1851	2217	0.0	751
PfHB3_120045300|DBLe|1|1811|2177	PA0237-C.g129	34.104	346	170	12	74	367	799	1138	4.32e-33	133
PfHB3_120045300|DBLe|1|1811|2177	PA0237-C.g129	33.617	235	118	10	97	296	154	385	1.25e-19	93.2
PfHB3_120045300|DBLe|1|1811|2177	PA0237-C.g129	28.289	304	177	10	49	327	2337	2624	5.42e-19	91.3
PfHB3_120045300|DBLe|1|1811|2177	PA0237-C.g129	28.205	234	143	7	69	295	2733	2948	7.43e-12	69.3
PfHB3_120045300|DBLe|1|1811|2177	PA0237-C.g129	26.054	261	120	11	127	333	1299	1540	1.26e-07	56.2
PfHB3_120045300|DBLe|1|1811|2177	QE0400-C.g86	98.638	367	5	0	1	367	1851	2217	0.0	750
PfHB3_120045300|DBLe|1|1811|2177	QE0400-C.g86	34.104	346	170	12	74	367	799	1138	5.27e-33	132
PfHB3_120045300|DBLe|1|1811|2177	QE0400-C.g86	33.617	235	118	10	97	296	154	385	1.51e-19	92.8
PfHB3_120045300|DBLe|1|1811|2177	QE0400-C.g86	28.289	304	177	10	49	327	2337	2624	5.78e-19	91.3
PfHB3_120045300|DBLe|1|1811|2177	QE0400-C.g86	28.205	234	143	7	69	295	2733	2948	9.99e-12	68.9
PfHB3_120045300|DBLe|1|1811|2177	QE0400-C.g86	26.054	261	120	11	127	333	1299	1540	1.53e-07	55.8
PfHB3_120045300|DBLe|1|1811|2177	PA0148-C.g892	98.638	367	5	0	1	367	1851	2217	0.0	750
PfHB3_120045300|DBLe|1|1811|2177	PA0148-C.g892	34.104	346	170	12	74	367	799	1138	5.27e-33	132
PfHB3_120045300|DBLe|1|1811|2177	PA0148-C.g892	33.617	235	118	10	97	296	154	385	1.51e-19	92.8
PfHB3_120045300|DBLe|1|1811|2177	PA0148-C.g892	28.289	304	177	10	49	327	2337	2624	5.78e-19	91.3
PfHB3_120045300|DBLe|1|1811|2177	PA0148-C.g892	28.205	234	143	7	69	295	2733	2948	9.99e-12	68.9
PfHB3_120045300|DBLe|1|1811|2177	PA0148-C.g892	26.054	261	120	11	127	333	1299	1540	1.53e-07	55.8
PfHB3_120045300|DBLe|1|1811|2177	SenT105.07.g354	98.638	367	5	0	1	367	1851	2217	0.0	750
PfHB3_120045300|DBLe|1|1811|2177	SenT105.07.g354	34.104	346	170	12	74	367	799	1138	5.27e-33	132
PfHB3_120045300|DBLe|1|1811|2177	SenT105.07.g354	33.617	235	118	10	97	296	154	385	1.51e-19	92.8
PfHB3_120045300|DBLe|1|1811|2177	SenT105.07.g354	28.289	304	177	10	49	327	2337	2624	5.78e-19	91.3
PfHB3_120045300|DBLe|1|1811|2177	SenT105.07.g354	28.205	234	143	7	69	295	2733	2948	9.99e-12	68.9
PfHB3_120045300|DBLe|1|1811|2177	SenT105.07.g354	26.054	261	120	11	127	333	1299	1540	1.53e-07	55.8
PfHB3_120045300|DBLe|1|1811|2177	PH0991-C.g23	98.638	367	5	0	1	367	1851	2217	0.0	750
PfHB3_120045300|DBLe|1|1811|2177	PH0991-C.g23	34.104	346	170	12	74	367	799	1138	5.27e-33	132
PfHB3_120045300|DBLe|1|1811|2177	PH0991-C.g23	33.617	235	118	10	97	296	154	385	1.51e-19	92.8
PfHB3_120045300|DBLe|1|1811|2177	PH0991-C.g23	28.289	304	177	10	49	327	2337	2624	5.78e-19	91.3
PfHB3_120045300|DBLe|1|1811|2177	PH0991-C.g23	28.205	234	143	7	69	295	2733	2948	9.99e-12	68.9
PfHB3_120045300|DBLe|1|1811|2177	PH0991-C.g23	26.054	261	120	11	127	333	1299	1540	1.53e-07	55.8
PfHB3_120045300|DBLz|1|2191|2609	PD0667-C.g747	99.284	419	3	0	1	419	1163	1581	0.0	850
PfHB3_120045300|DBLz|1|2191|2609	PD0667-C.g747	36.237	287	145	11	62	323	100	373	1.70e-35	141
PfHB3_120045300|DBLz|1|2191|2609	PD0667-C.g747	26.351	296	179	7	87	375	1637	1900	6.81e-18	89.0
PfHB3_120045300|DBLz|1|2191|2609	PD0667-C.g747	24.904	261	160	10	85	334	813	1048	1.04e-09	63.2
PfHB3_120045300|DBLz|1|2191|2609	QE0398-C.g261	99.523	419	2	0	1	419	1602	2020	0.0	850
PfHB3_120045300|DBLz|1|2191|2609	QE0398-C.g261	33.667	300	160	8	86	372	845	1118	1.09e-38	151
PfHB3_120045300|DBLz|1|2191|2609	QE0398-C.g261	32.012	328	185	11	65	369	96	408	7.91e-36	142
PfHB3_120045300|DBLz|1|2191|2609	QE0398-C.g261	26.263	297	180	7	86	375	2075	2339	6.44e-18	89.0
PfHB3_120045300|DBLz|1|2191|2609	QE0398-C.g261	27.562	283	153	11	73	334	1236	1487	4.06e-16	83.6
PfHB3_120045300|DBLz|1|2191|2609	PH0121-CW.g56	99.284	419	3	0	1	419	1199	1617	0.0	850
PfHB3_120045300|DBLz|1|2191|2609	PH0121-CW.g56	36.237	287	145	11	62	323	100	373	1.73e-35	141
PfHB3_120045300|DBLz|1|2191|2609	PH0121-CW.g56	26.351	296	179	7	87	375	1673	1936	9.13e-18	88.6
PfHB3_120045300|DBLz|1|2191|2609	PH0121-CW.g56	24.904	261	160	10	85	334	849	1084	1.13e-09	63.2
PfHB3_120045300|DBLz|1|2191|2609	PH0471-C.g393	99.284	419	3	0	1	419	1163	1581	0.0	849
PfHB3_120045300|DBLz|1|2191|2609	PH0471-C.g393	36.237	287	145	11	62	323	100	373	1.71e-35	141
PfHB3_120045300|DBLz|1|2191|2609	PH0471-C.g393	26.351	296	179	7	87	375	1637	1900	9.54e-18	88.2
PfHB3_120045300|DBLz|1|2191|2609	PH0471-C.g393	24.904	261	160	10	85	334	813	1048	1.16e-09	63.2
PfHB3_120045300|DBLz|1|2191|2609	PV0195-C.g48	99.284	419	3	0	1	419	1160	1578	0.0	849
PfHB3_120045300|DBLz|1|2191|2609	PV0195-C.g48	33.333	270	149	9	88	335	123	383	1.11e-30	127
PfHB3_120045300|DBLz|1|2191|2609	PV0195-C.g48	26.351	296	179	7	87	375	1634	1897	1.09e-17	88.2
PfHB3_120045300|DBLz|1|2191|2609	PV0195-C.g48	24.904	261	160	10	85	334	810	1045	1.21e-09	63.2
PfHB3_120045300|DBLe|2|2615|2958	QG0237-C.g2475	99.709	344	1	0	1	344	2062	2405	0.0	719
PfHB3_120045300|DBLe|2|2615|2958	QG0237-C.g2475	25.223	337	185	12	4	293	1236	1552	2.36e-19	92.0
PfHB3_120045300|DBLe|2|2615|2958	QG0237-C.g2475	27.027	296	177	8	51	314	1724	2012	4.46e-19	90.9
PfHB3_120045300|DBLe|2|2615|2958	QG0237-C.g2475	26.280	293	150	8	36	292	852	1114	3.53e-15	79.3
PfHB3_120045300|DBLe|2|2615|2958	QG0237-C.g2475	27.700	213	116	8	50	233	118	321	7.72e-11	65.9
PfHB3_120045300|DBLe|2|2615|2958	PM0115-C.g283	99.709	344	1	0	1	344	1988	2331	0.0	719
PfHB3_120045300|DBLe|2|2615|2958	PM0115-C.g283	26.006	323	156	12	49	312	823	1121	2.22e-19	92.0
PfHB3_120045300|DBLe|2|2615|2958	PM0115-C.g283	27.027	296	177	8	51	314	1650	1938	4.44e-19	90.9
PfHB3_120045300|DBLe|2|2615|2958	PM0115-C.g283	26.740	273	168	8	42	293	1217	1478	1.25e-17	86.7
PfHB3_120045300|DBLe|2|2615|2958	PM0115-C.g283	26.761	284	158	11	45	288	102	375	3.10e-17	85.5
PfHB3_120045300|DBLe|2|2615|2958	QE0433-C.g335	99.709	344	1	0	1	344	2034	2377	0.0	718
PfHB3_120045300|DBLe|2|2615|2958	QE0433-C.g335	26.087	276	171	9	43	293	1257	1524	8.83e-20	93.2
PfHB3_120045300|DBLe|2|2615|2958	QE0433-C.g335	27.027	296	177	8	51	314	1696	1984	4.97e-19	90.9
PfHB3_120045300|DBLe|2|2615|2958	QE0433-C.g335	26.027	292	153	8	51	305	838	1103	5.07e-19	90.9
PfHB3_120045300|DBLe|2|2615|2958	QE0433-C.g335	25.862	290	152	10	48	288	114	389	1.31e-17	86.7
PfHB3_120045300|DBLe|2|2615|2958	PH0932-C.g91	99.709	344	1	0	1	344	2071	2414	0.0	718
PfHB3_120045300|DBLe|2|2615|2958	PH0932-C.g91	27.027	296	177	8	51	314	1733	2021	4.76e-19	90.9
PfHB3_120045300|DBLe|2|2615|2958	PH0932-C.g91	29.553	291	144	11	51	307	850	1113	4.16e-18	88.2
PfHB3_120045300|DBLe|2|2615|2958	PH0932-C.g91	26.007	273	170	7	42	293	1300	1561	2.32e-17	85.9
PfHB3_120045300|DBLe|2|2615|2958	PH0932-C.g91	26.068	234	130	6	48	249	109	331	2.75e-12	70.5
PfHB3_120045300|DBLe|2|2615|2958	QG0291-C.g2286	99.709	344	1	0	1	344	2115	2458	0.0	718
PfHB3_120045300|DBLe|2|2615|2958	QG0291-C.g2286	27.027	296	177	8	51	314	1777	2065	4.81e-19	90.9
PfHB3_120045300|DBLe|2|2615|2958	QG0291-C.g2286	26.740	273	168	8	42	293	1344	1605	1.35e-17	86.7
PfHB3_120045300|DBLe|2|2615|2958	QG0291-C.g2286	25.078	319	172	10	48	307	108	418	2.64e-15	79.7
PfHB3_120045300|DBLe|2|2615|2958	QG0291-C.g2286	25.379	264	139	11	36	270	831	1065	1.54e-07	55.8
PfHB3_120045300|ATS|1|3009|3424	PV0099-C.g17	87.354	427	43	4	1	416	2971	3397	0.0	752
PfHB3_120045300|ATS|1|3009|3424	PT0230-Cx.g820	88.995	418	44	2	1	416	2994	3411	0.0	743
PfHB3_120045300|ATS|1|3009|3424	PF0590-C.g183	88.010	417	48	2	1	416	2367	2782	0.0	742
PfHB3_120045300|ATS|1|3009|3424	PFKE08.g502	85.446	426	51	4	1	416	2361	2785	0.0	731
PfHB3_120045300|ATS|1|3009|3424	PF0513-C.g5231	86.557	424	45	4	2	416	2389	2809	0.0	729
PfHB3_120045600|NTS|1|1|55	PF0311-C.g566	100.000	55	0	0	1	55	1	55	9.23e-30	110
PfHB3_120045600|NTS|1|1|55	SenT165.09.g3356	93.478	46	3	0	10	55	12	57	8.79e-22	88.2
PfHB3_120045600|NTS|1|1|55	SenT002.07.g953	81.633	49	9	0	7	55	15	63	2.00e-19	81.3
PfHB3_120045600|NTS|1|1|55	PA0078-C.g233	81.633	49	9	0	7	55	15	63	2.00e-19	81.3
PfHB3_120045600|NTS|1|1|55	PM0113-C.g267	72.727	55	15	0	1	55	1	55	1.66e-18	78.6
PfHB3_120045600|DBLa|1|56|505	PF0311-C.g566	84.889	450	53	2	1	450	56	490	0.0	764
PfHB3_120045600|DBLa|1|56|505	PF0311-C.g566	21.063	489	247	15	48	450	914	1349	7.08e-13	73.6
PfHB3_120045600|DBLa|1|56|505	SenT165.09.g3356	73.731	453	95	5	1	450	58	489	0.0	646
PfHB3_120045600|DBLa|1|56|505	SenT165.09.g3356	25.862	232	145	5	136	342	1127	1356	2.10e-16	84.7
PfHB3_120045600|DBLa|1|56|505	SenT113.09.g469	70.889	450	112	9	11	450	79	519	0.0	598
PfHB3_120045600|DBLa|1|56|505	SenT113.09.g469	32.203	118	77	2	227	342	1210	1326	1.15e-08	60.1
PfHB3_120045600|DBLa|1|56|505	PA0018-C.g346	69.565	460	121	9	1	450	69	519	0.0	598
PfHB3_120045600|DBLa|1|56|505	PA0186-C.g648	70.667	450	113	9	11	450	79	519	0.0	597
PfHB3_120045600|DBLa|1|56|505	PA0186-C.g648	26.590	346	186	12	127	434	1106	1421	3.73e-18	90.1
PfHB3_120045600|CIDRa|1|506|795	PF0311-C.g566	100.000	290	0	0	1	290	491	780	0.0	596
PfHB3_120045600|CIDRa|1|506|795	PF0206-C.g485	92.440	291	21	1	1	290	510	800	6.34e-161	492
PfHB3_120045600|CIDRa|1|506|795	SenT124.10.g511	74.914	291	69	3	1	290	2	289	4.68e-135	414
PfHB3_120045600|CIDRa|1|506|795	SenT001.11.g596	74.914	291	69	3	1	290	489	776	2.36e-132	413
PfHB3_120045600|CIDRa|1|506|795	PM0021-C.g121	68.041	291	91	2	1	290	508	797	1.89e-120	377
PfHB3_120045600|DBLd|1|878|1345	QE0459-C.g829	62.298	496	146	8	1	468	803	1285	0.0	571
PfHB3_120045600|DBLd|1|878|1345	QE0459-C.g829	23.167	341	195	10	158	468	185	488	6.77e-15	80.1
PfHB3_120045600|DBLd|1|878|1345	PA0187-C.g473	59.245	530	151	12	1	468	847	1373	0.0	561
PfHB3_120045600|DBLd|1|878|1345	PA0187-C.g473	26.016	369	207	13	138	468	162	502	5.73e-15	80.1
PfHB3_120045600|DBLd|1|878|1345	PD0507-C.g737	55.472	530	159	19	1	468	867	1381	3.48e-159	495
PfHB3_120045600|DBLd|1|878|1345	PD0507-C.g737	24.706	255	140	9	154	398	174	386	2.98e-11	68.6
PfHB3_120045600|DBLd|1|878|1345	PA0146-C.g707	53.042	526	179	16	1	468	848	1363	4.06e-155	483
PfHB3_120045600|DBLd|1|878|1345	PC0103-C.g1157	51.391	539	188	15	1	468	900	1435	1.19e-154	478
PfHB3_120045600|DBLd|1|878|1345	PC0103-C.g1157	25.746	268	148	10	144	398	187	416	7.69e-13	73.6
PfHB3_120045600|CIDRb|1|1346|1598	PA0187-C.g473	100.000	253	0	0	1	253	1374	1626	1.09e-171	518
PfHB3_120045600|CIDRb|1|1346|1598	PV0251-C.g72	84.980	253	37	1	1	253	716	967	8.34e-144	431
PfHB3_120045600|CIDRb|1|1346|1598	QE0469-C.g1180	84.980	253	37	1	1	253	1375	1626	1.47e-138	429
PfHB3_120045600|CIDRb|1|1346|1598	PF0816-C.g695	82.470	251	39	2	2	250	1391	1638	5.20e-129	402
PfHB3_120045600|CIDRb|1|1346|1598	PF0816-C.g695	35.294	85	54	1	86	169	638	722	1.45e-07	54.3
PfHB3_120045600|CIDRb|1|1346|1598	PF0119-C.g408	82.470	251	39	2	2	250	1391	1638	5.20e-129	402
PfHB3_120045600|CIDRb|1|1346|1598	PF0119-C.g408	35.294	85	54	1	86	169	638	722	1.45e-07	54.3
PfHB3_120045600|ATS|1|1705|2174	PFKE09.g410	86.441	472	60	3	1	470	1751	2220	0.0	780
PfHB3_120045600|ATS|1|1705|2174	PA0262-C.g433	79.114	474	84	5	1	470	2175	2637	0.0	714
PfHB3_120045600|ATS|1|1705|2174	PV0128-C.g36	78.132	471	96	6	1	469	1848	2313	0.0	679
PfHB3_120045600|ATS|1|1705|2174	PC0107-C.g222	75.599	459	98	5	1	456	1797	2244	0.0	679
PfHB3_120045600|ATS|1|1705|2174	PF0638-C.g8678	75.365	479	105	4	1	470	1747	2221	0.0	672
PfHB3_120045800|NTS|1|1|73	QE0472-C.g123	100.000	73	0	0	1	73	1	73	6.10e-44	152
PfHB3_120045800|NTS|1|1|73	QE0436-C.g591	100.000	73	0	0	1	73	1	73	2.82e-42	147
PfHB3_120045800|NTS|1|1|73	QE0460-C.g772	100.000	73	0	0	1	73	1	73	5.24e-42	146
PfHB3_120045800|NTS|1|1|73	QE0458-C.g421	100.000	73	0	0	1	73	1	73	5.24e-42	146
PfHB3_120045800|NTS|1|1|73	QE0456-C.g928	100.000	73	0	0	1	73	1	73	5.24e-42	146
PfHB3_120045800|DBLa|1|74|511	QE0436-C.g591	100.000	438	0	0	1	438	74	511	0.0	918
PfHB3_120045800|DBLa|1|74|511	QE0436-C.g591	28.049	246	138	8	198	438	1144	1355	1.40e-16	85.1
PfHB3_120045800|DBLa|1|74|511	PV0160-C.g38	100.000	438	0	0	1	438	74	511	0.0	914
PfHB3_120045800|DBLa|1|74|511	PV0160-C.g38	25.610	328	175	11	144	438	1149	1440	7.14e-14	76.6
PfHB3_120045800|DBLa|1|74|511	QE0460-C.g772	100.000	438	0	0	1	438	74	511	0.0	912
PfHB3_120045800|DBLa|1|74|511	QE0460-C.g772	28.279	244	140	7	198	438	1144	1355	3.29e-16	84.0
PfHB3_120045800|DBLa|1|74|511	QE0458-C.g421	100.000	438	0	0	1	438	74	511	0.0	912
PfHB3_120045800|DBLa|1|74|511	QE0458-C.g421	28.279	244	140	7	198	438	1144	1355	3.29e-16	84.0
PfHB3_120045800|DBLa|1|74|511	QE0456-C.g928	100.000	438	0	0	1	438	74	511	0.0	912
PfHB3_120045800|DBLa|1|74|511	QE0456-C.g928	28.279	244	140	7	198	438	1144	1355	3.29e-16	84.0
PfHB3_120045800|CIDRa|1|512|809	PV0023-C.g21	100.000	298	0	0	1	298	513	810	0.0	617
PfHB3_120045800|CIDRa|1|512|809	QE0436-C.g591	100.000	298	0	0	1	298	512	809	0.0	616
PfHB3_120045800|CIDRa|1|512|809	QE0410-C.g423	100.000	298	0	0	1	298	513	810	0.0	615
PfHB3_120045800|CIDRa|1|512|809	PV0160-C.g38	100.000	298	0	0	1	298	512	809	0.0	614
PfHB3_120045800|CIDRa|1|512|809	PM0107-C.g230	100.000	298	0	0	1	298	510	807	0.0	614
PfHB3_120045800|DBLd|1|893|1383	PV0160-C.g38	56.429	560	169	14	1	491	887	1440	3.39e-174	536
PfHB3_120045800|DBLd|1|893|1383	PV0160-C.g38	23.446	354	200	11	177	491	190	511	1.81e-11	69.3
PfHB3_120045800|DBLd|1|893|1383	QE0472-C.g700	58.380	531	158	13	1	491	895	1402	2.07e-167	518
PfHB3_120045800|DBLd|1|893|1383	QE0472-C.g700	26.124	356	196	14	177	491	181	510	1.26e-16	85.9
PfHB3_120045800|DBLd|1|893|1383	PM0115-C.g442	58.380	531	158	13	1	491	889	1396	4.20e-167	517
PfHB3_120045800|DBLd|1|893|1383	PM0115-C.g442	25.510	294	143	10	234	491	258	511	2.38e-16	84.7
PfHB3_120045800|DBLd|1|893|1383	PM0107-C.g188	58.380	531	158	13	1	491	889	1396	4.20e-167	517
PfHB3_120045800|DBLd|1|893|1383	PM0107-C.g188	25.510	294	143	10	234	491	258	511	2.38e-16	84.7
PfHB3_120045800|DBLd|1|893|1383	QE0463-C.g739	58.380	531	158	13	1	491	885	1392	5.29e-167	516
PfHB3_120045800|DBLd|1|893|1383	QE0463-C.g739	24.915	293	145	10	234	491	255	507	4.03e-15	80.9
PfHB3_120045800|CIDRb|1|1384|1628	QE0472-C.g700	100.000	245	0	0	1	245	1403	1647	9.77e-167	504
PfHB3_120045800|CIDRb|1|1384|1628	PV0160-C.g38	100.000	245	0	0	1	245	1441	1685	1.16e-166	505
PfHB3_120045800|CIDRb|1|1384|1628	QE0463-C.g739	100.000	245	0	0	1	245	1393	1637	4.39e-166	503
PfHB3_120045800|CIDRb|1|1384|1628	QE0458-C.g474	100.000	245	0	0	1	245	1393	1637	4.39e-166	503
PfHB3_120045800|CIDRb|1|1384|1628	QE0423-C.g759	100.000	245	0	0	1	245	1393	1637	4.39e-166	503
PfHB3_120045800|ATS|1|1723|2172	PV0211-C.g52	98.249	457	0	1	2	450	1846	2302	0.0	928
PfHB3_120045800|ATS|1|1723|2172	PV0234-C.g26	71.429	490	89	7	2	447	1736	2218	0.0	651
PfHB3_120045800|ATS|1|1723|2172	PD0483-C.g348	73.276	464	104	10	1	450	2589	3046	0.0	640
PfHB3_120045800|ATS|1|1723|2172	PT0095-C.g144	81.818	385	58	5	1	375	2284	2666	0.0	631
PfHB3_120045800|ATS|1|1723|2172	PV0028-C.g43	73.951	453	99	10	1	450	1843	2279	0.0	630
PfHB3_120059100|NTS|1|1|63	SenT105.07.g351	98.413	63	1	0	1	63	1	63	3.99e-34	123
PfHB3_120059100|NTS|1|1|63	SenT097.09.g166	70.149	67	16	2	1	63	1	67	4.17e-21	86.7
PfHB3_120059100|NTS|1|1|63	QG0271-C.g1108	71.429	63	17	1	1	63	1	62	2.74e-20	84.3
PfHB3_120059100|NTS|1|1|63	PT0158-C.g330	68.966	58	18	0	5	62	4	61	2.46e-19	81.6
PfHB3_120059100|NTS|1|1|63	PT0178-C.g808	71.930	57	15	1	8	63	2	58	1.94e-18	79.0
PfHB3_120059100|DBLa|1|64|483	SenT105.07.g351	100.000	420	0	0	1	420	64	483	0.0	874
PfHB3_120059100|DBLa|1|64|483	SenT105.07.g351	23.288	365	187	11	98	391	1000	1342	4.86e-13	73.6
PfHB3_120059100|DBLa|1|64|483	PT0101-C.g248	71.663	427	94	7	1	420	66	472	0.0	587
PfHB3_120059100|DBLa|1|64|483	PT0101-C.g248	28.902	346	187	11	49	376	1681	1985	2.04e-30	126
PfHB3_120059100|DBLa|1|64|483	PT0101-C.g248	30.275	218	115	6	42	257	2058	2240	6.39e-18	89.0
PfHB3_120059100|DBLa|1|64|483	PT0101-C.g248	25.745	369	196	13	86	420	975	1299	5.13e-17	86.3
PfHB3_120059100|DBLa|1|64|483	SenT097.09.g166	69.976	423	95	7	1	420	68	461	0.0	582
PfHB3_120059100|DBLa|1|64|483	SenT097.09.g166	30.588	170	97	4	221	382	1137	1293	4.32e-12	70.9
PfHB3_120059100|DBLa|1|64|483	PA0185-C.g72	67.483	449	117	7	1	420	66	514	0.0	581
PfHB3_120059100|DBLa|1|64|483	PA0185-C.g914	67.483	449	117	7	1	420	66	514	0.0	580
PfHB3_120059100|DBLa|1|64|483	PA0185-C.g914	33.981	103	68	0	219	321	1168	1270	1.58e-12	72.0
PfHB3_120059100|CIDRa|1|484|734	SenT105.07.g351	100.000	251	0	0	1	251	484	734	2.93e-173	522
PfHB3_120059100|CIDRa|1|484|734	SenT105.07.g351	25.767	163	95	4	64	214	1429	1577	4.36e-09	58.9
PfHB3_120059100|CIDRa|1|484|734	PT0101-C.g248	88.889	252	27	1	1	251	473	724	8.52e-149	461
PfHB3_120059100|CIDRa|1|484|734	QE0467-C.g52	83.267	251	41	1	1	251	502	751	1.31e-134	417
PfHB3_120059100|CIDRa|1|484|734	PM0024-C.g1015	77.689	251	52	2	1	251	516	762	5.56e-127	397
PfHB3_120059100|CIDRa|1|484|734	PA0092-C.g836	76.892	251	55	1	1	251	516	763	6.25e-122	380
PfHB3_120059100|DBLd|1|828|1350	PA0251-C.g862	50.262	573	212	15	1	523	94	643	3.12e-165	496
PfHB3_120059100|DBLd|1|828|1350	PC0079-C.g391	51.818	550	220	17	1	523	166	697	5.45e-161	487
PfHB3_120059100|DBLd|1|828|1350	PfKE02.g353	51.706	557	215	17	1	523	1605	2141	1.87e-157	499
PfHB3_120059100|DBLd|1|828|1350	PfKE02.g353	25.758	462	168	19	1	455	1216	1509	1.56e-26	117
PfHB3_120059100|DBLd|1|828|1350	PfKE02.g353	29.240	342	166	17	204	523	178	465	2.71e-16	85.1
PfHB3_120059100|DBLd|1|828|1350	SenT013.11.g44	51.812	552	185	20	1	523	278	777	3.11e-157	479
PfHB3_120059100|DBLd|1|828|1350	PM0145-C.g546	51.812	552	185	20	1	523	531	1030	1.27e-154	479
PfHB3_120059100|DBLd|1|828|1350	PM0145-C.g546	24.062	453	159	18	1	446	17	291	5.45e-19	93.6
PfHB3_120059100|CIDRb|1|1351|1610	PT0156-C.g1007	68.254	252	74	3	1	249	1343	1591	4.78e-106	338
PfHB3_120059100|CIDRb|1|1351|1610	QG0247-C.g3265	68.273	249	72	4	1	247	1354	1597	7.09e-106	338
PfHB3_120059100|CIDRb|1|1351|1610	PA0185-C.g749	67.424	264	69	7	1	260	1338	1588	6.77e-101	324
PfHB3_120059100|CIDRb|1|1351|1610	PA0185-C.g749	24.260	169	120	4	91	255	599	763	4.81e-07	53.1
PfHB3_120059100|CIDRb|1|1351|1610	QG0194-C.g1075	59.779	271	97	6	1	260	2128	2397	3.59e-94	305
PfHB3_120059100|CIDRb|1|1351|1610	PA0052-C.g689	59.779	271	97	6	1	260	837	1106	6.19e-94	304
PfHB3_120059100|ATS|1|1731|2192	QE0438-C.g681	76.840	462	88	3	1	462	1669	2111	0.0	712
PfHB3_120059100|ATS|1|1731|2192	PT0264-C.g599	74.624	465	77	10	6	462	3171	3602	0.0	652
PfHB3_120059100|ATS|1|1731|2192	PV0211-C.g39	72.043	465	118	7	1	462	2632	3087	0.0	646
PfHB3_120059100|ATS|1|1731|2192	PV0116-C.g28	68.750	512	85	14	1	462	1887	2373	0.0	636
PfHB3_120059100|ATS|1|1731|2192	PV0239-C.g25	75.922	461	98	7	7	462	2133	2585	0.0	636
PfHB3_130005700|NTS|1|1|72	PA0098-C.g328	82.353	68	12	0	5	72	4	71	5.74e-31	115
PfHB3_130005700|NTS|1|1|72	QG0190-C.g812	79.167	72	15	0	1	72	1	72	2.21e-30	113
PfHB3_130005700|NTS|1|1|72	PT0034-C.g756	79.167	72	15	0	1	72	1	72	2.90e-30	113
PfHB3_130005700|NTS|1|1|72	QE0466-C.g969	84.615	65	10	0	8	72	7	71	4.54e-30	112
PfHB3_130005700|NTS|1|1|72	PD0550-C.g570	84.615	65	10	0	8	72	7	71	5.46e-30	112
PfHB3_130005700|DBLa|1|73|496	QG0276-C.g495	78.360	439	77	5	1	424	65	500	0.0	639
PfHB3_130005700|DBLa|1|73|496	QG0276-C.g495	23.954	263	140	8	126	331	1124	1383	2.29e-10	65.5
PfHB3_130005700|DBLa|1|73|496	QG0275-C.g728	73.214	448	91	6	1	424	69	511	0.0	638
PfHB3_130005700|DBLa|1|73|496	QG0275-C.g728	23.429	350	212	10	125	424	1054	1397	2.74e-13	74.7
PfHB3_130005700|DBLa|1|73|496	SenT124.10.g373	77.471	435	73	5	1	424	68	488	0.0	637
PfHB3_130005700|DBLa|1|73|496	SenT124.10.g373	26.690	281	146	11	176	424	1167	1419	1.55e-15	81.6
PfHB3_130005700|DBLa|1|73|496	QG0205-C.g722	75.515	437	84	7	1	424	60	486	0.0	595
PfHB3_130005700|DBLa|1|73|496	QG0205-C.g722	29.008	131	86	3	237	364	1240	1366	6.05e-12	70.5
PfHB3_130005700|DBLa|1|73|496	PM0071-C.g194	75.286	437	85	7	1	424	60	486	0.0	593
PfHB3_130005700|DBLa|1|73|496	PM0071-C.g194	29.185	233	112	8	42	271	2140	2322	8.74e-16	82.4
PfHB3_130005700|DBLa|1|73|496	PM0071-C.g194	25.503	298	185	9	141	424	1147	1421	5.82e-13	73.6
PfHB3_130005700|DBLa|1|73|496	PM0071-C.g194	25.764	229	117	7	104	330	1837	2014	9.58e-08	57.0
PfHB3_130005700|CIDRa|1|497|811	QG0205-C.g722	72.727	319	74	5	1	315	487	796	3.71e-142	442
PfHB3_130005700|CIDRa|1|497|811	SenT124.10.g373	75.148	338	58	6	1	315	489	823	2.99e-140	437
PfHB3_130005700|CIDRa|1|497|811	PM0071-C.g194	71.698	318	78	5	1	315	487	795	1.79e-138	434
PfHB3_130005700|CIDRa|1|497|811	QG0276-C.g495	65.931	317	92	6	1	309	501	809	8.48e-122	386
PfHB3_130005700|CIDRa|1|497|811	QG0276-C.g495	29.293	99	67	1	151	249	1559	1654	1.73e-07	55.1
PfHB3_130005700|CIDRa|1|497|811	PT0073-C.g720	58.896	326	99	10	1	315	488	789	9.72e-107	343
PfHB3_130005700|DBLd|1|885|1396	PM0114-C.g611	58.945	531	170	16	1	512	953	1454	0.0	565
PfHB3_130005700|DBLd|1|885|1396	PA0245-C.g139	52.651	547	202	19	1	512	2196	2720	7.85e-153	485
PfHB3_130005700|DBLd|1|885|1396	PA0245-C.g139	26.651	424	184	14	60	472	1675	1982	1.93e-28	122
PfHB3_130005700|DBLd|1|885|1396	PA0245-C.g139	23.263	331	197	12	194	512	181	466	4.09e-13	74.7
PfHB3_130005700|DBLd|1|885|1396	PF0393-CW.g238	49.543	547	220	22	1	512	86	611	1.41e-152	462
PfHB3_130005700|DBLd|1|885|1396	PV0133-C.g90	51.894	528	204	16	1	512	914	1407	1.31e-151	476
PfHB3_130005700|DBLd|1|885|1396	PV0133-C.g90	23.985	271	167	11	174	433	173	415	8.29e-08	57.8
PfHB3_130005700|DBLd|1|885|1396	QE0475-C.g742	51.894	528	204	16	1	512	918	1411	1.37e-151	476
PfHB3_130005700|DBLd|1|885|1396	QE0475-C.g742	23.985	271	167	11	174	433	173	415	8.29e-08	57.8
PfHB3_130005700|CIDRb|1|1397|1669	PC0054-C.g371	75.912	274	64	2	1	273	1330	1602	4.08e-130	406
PfHB3_130005700|CIDRb|1|1397|1669	PC0054-C.g371	27.500	160	97	6	110	262	582	729	2.33e-07	54.3
PfHB3_130005700|CIDRb|1|1397|1669	QG0261-C.g576	75.912	274	64	2	1	273	1389	1661	1.30e-129	405
PfHB3_130005700|CIDRb|1|1397|1669	PM0114-C.g611	74.717	265	64	3	1	264	1455	1717	1.48e-121	383
PfHB3_130005700|CIDRb|1|1397|1669	PM0114-C.g611	34.783	92	52	3	111	199	251	337	2.53e-08	57.0
PfHB3_130005700|CIDRb|1|1397|1669	QE0476-C.g743	69.091	275	78	4	1	271	1401	1672	3.25e-114	362
PfHB3_130005700|CIDRb|1|1397|1669	PF0609-C.g324	65.217	276	85	6	1	273	1440	1707	1.58e-107	343
PfHB3_130005700|ATS|1|1787|2269	PA0245-C.g998	79.630	486	68	6	1	483	1706	2163	0.0	746
PfHB3_130005700|ATS|1|1787|2269	PA0204-C.g659	80.982	489	71	6	1	483	1701	2173	0.0	727
PfHB3_130005700|ATS|1|1787|2269	PfKE03.g242	76.726	507	59	8	1	483	1361	1832	0.0	715
PfHB3_130005700|ATS|1|1787|2269	PV0211-C.g126	74.206	535	56	9	1	483	841	1345	0.0	708
PfHB3_130005700|ATS|1|1787|2269	PV0028-C.g50	76.459	497	62	8	1	483	2600	3055	0.0	706
PfHB3_130080100|NTS|1|1|71	PA0039-C.g394	97.183	71	2	0	1	71	1	71	6.04e-40	140
PfHB3_130080100|NTS|1|1|71	PF0449-C.g297	100.000	71	0	0	1	71	1	71	5.61e-39	137
PfHB3_130080100|NTS|1|1|71	PT0225-C.g52	98.592	71	1	0	1	71	1	71	7.51e-39	137
PfHB3_130080100|NTS|1|1|71	PA0260-C.g142	98.592	71	1	0	1	71	1	71	9.49e-39	137
PfHB3_130080100|NTS|1|1|71	PM0114-C.g361	98.592	71	1	0	1	71	1	71	1.33e-38	136
PfHB3_130080100|DBLa|1|72|467	PF0449-C.g297	98.485	396	5	1	1	396	72	466	0.0	816
PfHB3_130080100|DBLa|1|72|467	PF0449-C.g297	32.491	277	136	10	58	313	1367	1613	2.04e-30	126
PfHB3_130080100|DBLa|1|72|467	PF0449-C.g297	30.189	265	124	11	58	295	841	1071	4.47e-27	116
PfHB3_130080100|DBLa|1|72|467	PF0449-C.g297	22.152	316	194	11	123	396	2099	2404	2.71e-11	68.2
PfHB3_130080100|DBLa|1|72|467	PT0274-Cx.g293	97.475	396	9	1	1	396	72	466	0.0	802
PfHB3_130080100|DBLa|1|72|467	PT0274-Cx.g293	29.619	341	177	12	8	331	1296	1590	3.87e-28	119
PfHB3_130080100|DBLa|1|72|467	PT0274-Cx.g293	32.751	229	118	7	58	269	841	1050	7.29e-27	115
PfHB3_130080100|DBLa|1|72|467	PT0274-Cx.g293	22.591	301	173	13	38	309	1719	1988	2.49e-10	65.1
PfHB3_130080100|DBLa|1|72|467	QE0395-C.g36	96.970	396	11	1	1	396	72	466	0.0	798
PfHB3_130080100|DBLa|1|72|467	QE0395-C.g36	29.915	351	184	18	7	337	799	1107	2.63e-29	122
PfHB3_130080100|DBLa|1|72|467	QE0395-C.g36	33.591	259	117	11	58	295	1356	1580	7.63e-26	112
PfHB3_130080100|DBLa|1|72|467	QE0395-C.g36	26.117	291	164	12	38	313	1740	1994	8.12e-13	72.8
PfHB3_130080100|DBLa|1|72|467	QE0395-C.g36	21.459	233	152	6	117	318	2360	2592	5.88e-11	67.0
PfHB3_130080100|DBLa|1|72|467	PV0233-C.g123	94.444	396	21	1	1	396	72	466	0.0	774
PfHB3_130080100|DBLa|1|72|467	PV0233-C.g123	32.132	333	156	16	8	319	834	1117	2.16e-30	125
PfHB3_130080100|DBLa|1|72|467	PV0233-C.g123	30.116	259	139	8	18	255	1359	1596	1.57e-25	111
PfHB3_130080100|DBLa|1|72|467	PF0035-C.g543	92.929	396	27	1	1	396	72	466	0.0	764
PfHB3_130080100|DBLa|1|72|467	PF0035-C.g543	31.429	385	193	16	18	364	1798	2149	1.95e-29	123
PfHB3_130080100|DBLa|1|72|467	PF0035-C.g543	31.378	341	179	15	45	355	1348	1663	2.14e-29	123
PfHB3_130080100|DBLa|1|72|467	PF0035-C.g543	29.655	290	141	12	58	314	838	1097	8.15e-27	115
PfHB3_130080100|DBLa|1|72|467	PF0035-C.g543	25.382	327	174	17	117	396	2528	2831	2.16e-10	65.1
PfHB3_130080100|CIDRa|1|468|719	PF0449-C.g297	100.000	252	0	0	1	252	467	718	1.29e-168	518
PfHB3_130080100|CIDRa|1|468|719	PT0274-Cx.g293	100.000	252	0	0	1	252	467	718	3.69e-168	513
PfHB3_130080100|CIDRa|1|468|719	QG0202-C.g182	100.000	252	0	0	1	252	283	534	2.50e-167	514
PfHB3_130080100|CIDRa|1|468|719	PA0047-C.g332	88.889	252	27	1	1	252	236	486	2.40e-143	439
PfHB3_130080100|CIDRa|1|468|719	PT0102-C.g181	88.889	252	27	1	1	252	470	720	2.70e-142	442
PfHB3_130080100|DBLb|1|728|1209	PT0274-Cx.g293	77.710	489	91	5	1	482	727	1204	0.0	756
PfHB3_130080100|DBLb|1|728|1209	PT0274-Cx.g293	41.955	491	230	19	4	482	1227	1674	3.24e-104	343
PfHB3_130080100|DBLb|1|728|1209	PT0274-Cx.g293	31.915	235	118	8	115	330	129	340	2.56e-25	112
PfHB3_130080100|DBLb|1|728|1209	PT0274-Cx.g293	25.263	285	136	10	114	352	1733	1986	1.98e-13	75.5
PfHB3_130080100|DBLb|1|728|1209	QG0202-C.g182	77.096	489	94	5	1	482	543	1020	0.0	750
PfHB3_130080100|DBLb|1|728|1209	QG0202-C.g182	45.233	493	207	16	4	482	1043	1486	3.80e-114	372
PfHB3_130080100|DBLb|1|728|1209	QG0202-C.g182	24.390	287	143	9	114	352	1548	1808	4.18e-15	80.9
PfHB3_130080100|DBLb|1|728|1209	QG0202-C.g182	31.288	163	83	6	187	330	4	156	8.24e-14	77.0
PfHB3_130080100|DBLb|1|728|1209	PF0145-C.g18	74.851	505	100	8	1	482	743	1243	0.0	728
PfHB3_130080100|DBLb|1|728|1209	PF0145-C.g18	46.091	486	203	15	9	482	1271	1709	2.78e-116	379
PfHB3_130080100|DBLb|1|728|1209	PF0145-C.g18	31.613	310	151	13	115	384	134	422	8.18e-30	126
PfHB3_130080100|DBLb|1|728|1209	PF0145-C.g18	24.460	278	152	9	114	358	1774	2026	3.92e-11	68.2
PfHB3_130080100|DBLb|1|728|1209	PF0145-C.g18	25.177	282	142	9	114	360	2157	2404	1.43e-07	57.0
PfHB3_130080100|DBLb|1|728|1209	PA0022-C.g242	74.096	498	110	8	1	482	56	550	0.0	722
PfHB3_130080100|DBLb|1|728|1209	PA0022-C.g242	47.835	485	200	17	14	482	585	1032	2.00e-121	393
PfHB3_130080100|DBLb|1|728|1209	PA0022-C.g242	26.144	306	161	10	106	371	1095	1375	1.89e-19	94.7
PfHB3_130080100|DBLb|1|728|1209	PA0011-C.g541	74.096	498	110	8	1	482	728	1222	0.0	720
PfHB3_130080100|DBLb|1|728|1209	PA0011-C.g541	47.835	485	200	17	14	482	1257	1704	6.98e-121	392
PfHB3_130080100|DBLb|1|728|1209	PA0011-C.g541	29.707	239	121	7	115	330	129	343	4.19e-25	112
PfHB3_130080100|DBLb|1|728|1209	PA0011-C.g541	26.144	306	161	10	106	371	1767	2047	3.23e-19	94.0
PfHB3_130080100|DBLg|1|1236|1591	PA0262-C.g127	91.877	357	27	2	1	356	827	1182	0.0	671
PfHB3_130080100|DBLg|1|1236|1591	PA0262-C.g127	40.346	347	172	13	1	328	2351	2681	1.82e-64	224
PfHB3_130080100|DBLg|1|1236|1591	PA0262-C.g127	36.338	355	161	13	1	294	1187	1537	3.03e-49	180
PfHB3_130080100|DBLg|1|1236|1591	PA0262-C.g127	24.834	302	154	10	41	294	126	402	2.72e-14	77.0
PfHB3_130080100|DBLg|1|1236|1591	PA0262-C.g127	22.663	353	198	12	1	320	1975	2285	1.14e-11	68.9
PfHB3_130080100|DBLg|1|1236|1591	PM0093-C.g1324	88.515	357	39	2	1	356	881	1236	0.0	645
PfHB3_130080100|DBLg|1|1236|1591	PM0093-C.g1324	40.346	347	172	12	1	328	2417	2747	1.15e-65	227
PfHB3_130080100|DBLg|1|1236|1591	PM0093-C.g1324	39.359	343	158	10	1	294	1241	1582	5.70e-58	205
PfHB3_130080100|DBLg|1|1236|1591	PM0093-C.g1324	25.085	295	150	12	41	294	126	390	2.89e-10	64.3
PfHB3_130080100|DBLg|1|1236|1591	PM0093-C.g1324	21.763	363	215	13	1	320	2015	2351	2.89e-10	64.3
PfHB3_130080100|DBLg|1|1236|1591	PF0816-C.g262	88.235	357	40	2	1	356	839	1194	0.0	643
PfHB3_130080100|DBLg|1|1236|1591	PF0816-C.g262	37.237	333	160	10	1	288	1199	1527	6.65e-50	181
PfHB3_130080100|DBLg|1|1236|1591	PF0816-C.g262	26.498	317	172	13	1	287	1975	2260	1.68e-16	83.6
PfHB3_130080100|DBLg|1|1236|1591	PF0816-C.g262	24.315	292	158	12	40	293	125	391	9.09e-10	62.8
PfHB3_130080100|DBLg|1|1236|1591	PT0008-CW.g59	71.745	361	88	5	1	356	926	1277	3.68e-165	513
PfHB3_130080100|DBLg|1|1236|1591	PT0008-CW.g59	36.757	370	188	12	1	330	1282	1645	1.00e-55	198
PfHB3_130080100|DBLg|1|1236|1591	PT0008-CW.g59	26.269	335	178	14	40	329	128	438	1.47e-15	80.5
PfHB3_130080100|DBLg|1|1236|1591	PT0008-CW.g59	25.773	291	156	10	29	294	2079	2334	2.33e-12	70.9
PfHB3_130080100|DBLg|1|1236|1591	PC0061-C.g262	69.972	363	101	4	1	356	851	1212	9.85e-165	511
PfHB3_130080100|DBLg|1|1236|1591	PC0061-C.g262	35.897	390	188	13	1	333	1217	1601	4.69e-54	194
PfHB3_130080100|DBLg|1|1236|1591	PC0061-C.g262	24.066	241	136	10	42	261	2042	2256	6.99e-09	60.1
PfHB3_130080100|DBLg|1|1236|1591	PC0061-C.g262	23.047	256	138	9	32	250	115	348	5.77e-07	53.9
PfHB3_130080100|DBLd|1|1596|1996	PA0140-C.g808	97.761	402	8	1	1	401	423	824	0.0	809
PfHB3_130080100|DBLd|1|1596|1996	PA0140-C.g808	38.462	338	158	12	1	331	61	355	4.37e-54	195
PfHB3_130080100|DBLd|1|1596|1996	PF0152-C.g159	94.541	403	16	2	1	401	27	425	0.0	744
PfHB3_130080100|DBLd|1|1596|1996	PC0020-C.g2	85.075	402	58	2	1	401	402	802	0.0	672
PfHB3_130080100|DBLd|1|1596|1996	PC0020-C.g2	37.714	350	155	12	1	331	29	334	8.76e-55	197
PfHB3_130080100|DBLd|1|1596|1996	PC0020-C.g2	33.333	345	169	7	1	343	1557	1842	4.15e-43	163
PfHB3_130080100|DBLd|1|1596|1996	PT0008-CW.g71	84.577	402	60	2	1	401	1221	1621	0.0	670
PfHB3_130080100|DBLd|1|1596|1996	PT0008-CW.g71	32.964	361	194	9	1	344	837	1166	3.90e-46	172
PfHB3_130080100|DBLd|1|1596|1996	PT0008-CW.g71	30.063	316	179	9	114	401	174	475	1.31e-23	105
PfHB3_130080100|DBLd|1|1596|1996	QG0200-C.g118	80.446	404	75	2	1	401	1303	1705	0.0	638
PfHB3_130080100|DBLd|1|1596|1996	QG0200-C.g118	37.571	354	168	15	1	339	927	1242	2.23e-50	184
PfHB3_130080100|DBLd|1|1596|1996	QG0200-C.g118	28.718	390	200	10	48	401	129	476	1.55e-38	150
PfHB3_130080100|CIDRb|1|1997|2248	PF0152-C.g159	100.000	252	0	0	1	252	426	677	9.85e-175	518
PfHB3_130080100|CIDRb|1|1997|2248	PA0140-C.g808	100.000	252	0	0	1	252	825	1076	9.09e-172	518
PfHB3_130080100|CIDRb|1|1997|2248	PV0184-C.g5	84.524	252	38	1	1	251	589	840	1.51e-131	404
PfHB3_130080100|CIDRb|1|1997|2248	PT0017-CW.g14	84.127	252	39	1	1	251	702	953	2.50e-130	403
PfHB3_130080100|CIDRb|1|1997|2248	PH0305-C.g275	84.921	252	37	1	1	251	1585	1836	1.25e-129	406
PfHB3_130080100|CIDRb|1|1997|2248	PH0305-C.g275	36.842	247	150	4	5	247	470	714	2.36e-44	161
PfHB3_130080100|DBLb|2|2276|2746	PF0152-C.g159	100.000	471	0	0	1	471	705	1175	0.0	971
PfHB3_130080100|DBLb|2|2276|2746	PA0140-C.g808	99.788	471	1	0	1	471	1104	1574	0.0	969
PfHB3_130080100|DBLb|2|2276|2746	PA0140-C.g808	23.934	305	179	11	111	384	94	376	8.08e-10	63.9
PfHB3_130080100|DBLb|2|2276|2746	PfKE04.g6	97.458	472	11	1	1	471	1877	2348	0.0	946
PfHB3_130080100|DBLb|2|2276|2746	PfKE04.g6	30.077	389	197	17	52	391	50	412	1.79e-29	125
PfHB3_130080100|DBLb|2|2276|2746	PfKE04.g6	23.596	267	156	11	126	371	870	1109	2.24e-07	56.2
PfHB3_130080100|DBLb|2|2276|2746	PM0134-C.g579	96.195	473	16	1	1	471	1949	2421	0.0	931
PfHB3_130080100|DBLb|2|2276|2746	PM0134-C.g579	27.616	344	200	11	4	329	18	330	7.84e-27	117
PfHB3_130080100|DBLb|2|2276|2746	PM0134-C.g579	23.132	281	159	9	111	357	930	1187	1.09e-08	60.5
PfHB3_130080100|DBLb|2|2276|2746	PA0047-C.g530	77.149	477	100	4	1	471	1062	1535	0.0	727
PfHB3_130080100|DBLb|2|2276|2746	PA0047-C.g530	23.596	267	156	11	126	371	56	295	3.45e-07	55.5
PfHB3_130080100|ATS|1|2908|3336	PfKE02.g50	85.102	443	45	5	7	429	2571	3012	0.0	744
PfHB3_130080100|ATS|1|2908|3336	PF0513-C.g5231	85.514	428	55	3	2	429	2389	2809	0.0	743
PfHB3_130080100|ATS|1|2908|3336	PV0147-C.g27	83.796	432	61	3	1	429	2912	3337	0.0	736
PfHB3_130080100|ATS|1|2908|3336	PFKE07.g1073	86.014	429	44	4	1	429	3671	4083	0.0	735
PfHB3_130080100|ATS|1|2908|3336	PC0113-C.g1115	85.349	430	54	5	1	429	3496	3917	0.0	733
PfHB3_140005500|NTS|1|1|70	PF0692-C.g95	80.357	56	11	0	15	70	17	72	1.95e-24	96.3
PfHB3_140005500|NTS|1|1|70	PM0160-C.g246	76.786	56	13	0	15	70	58	113	2.00e-23	93.6
PfHB3_140005500|NTS|1|1|70	PA0263-C.g584	76.786	56	13	0	15	70	52	107	2.04e-23	93.6
PfHB3_140005500|NTS|1|1|70	QE0459-C.g1182	85.714	49	7	0	22	70	18	66	5.61e-23	92.0
PfHB3_140005500|NTS|1|1|70	QE0475-C.g254	85.714	49	7	0	22	70	18	66	1.03e-22	91.7
PfHB3_140005500|DBLa|1|71|499	PF0692-C.g95	99.301	429	3	0	1	429	73	501	0.0	891
PfHB3_140005500|DBLa|1|71|499	PF0692-C.g95	33.480	227	124	7	51	260	2537	2753	2.20e-28	120
PfHB3_140005500|DBLa|1|71|499	PF0692-C.g95	29.042	334	171	11	13	321	927	1219	8.33e-27	116
PfHB3_140005500|DBLa|1|71|499	PF0692-C.g95	29.338	317	183	9	99	398	1477	1769	3.48e-21	99.0
PfHB3_140005500|DBLa|1|71|499	PF0692-C.g95	27.155	232	131	8	47	261	2108	2318	8.86e-14	76.3
PfHB3_140005500|DBLa|1|71|499	QE0459-C.g1182	82.313	441	65	6	1	429	67	506	0.0	740
PfHB3_140005500|DBLa|1|71|499	QE0459-C.g1182	34.222	225	129	7	43	260	2471	2683	2.22e-30	127
PfHB3_140005500|DBLa|1|71|499	QE0459-C.g1182	29.041	365	190	13	9	355	932	1245	1.84e-29	124
PfHB3_140005500|DBLa|1|71|499	QE0459-C.g1182	28.117	377	199	11	37	385	1369	1701	1.28e-23	106
PfHB3_140005500|DBLa|1|71|499	QE0459-C.g1182	23.077	312	183	7	50	343	2053	2325	2.52e-16	84.3
PfHB3_140005500|DBLa|1|71|499	QE0475-C.g254	82.313	441	65	6	1	429	67	506	0.0	737
PfHB3_140005500|DBLa|1|71|499	QE0475-C.g254	29.041	365	190	13	9	355	932	1245	1.63e-29	124
PfHB3_140005500|DBLa|1|71|499	QE0475-C.g254	26.000	300	175	12	51	335	1377	1644	4.39e-16	83.6
PfHB3_140005500|DBLa|1|71|499	QE0475-C.g254	26.207	290	174	9	45	322	2525	2786	1.42e-15	82.0
PfHB3_140005500|DBLa|1|71|499	QE0475-C.g254	26.523	279	171	5	106	355	1836	2109	1.64e-13	75.5
PfHB3_140005500|DBLa|1|71|499	PV0286-C.g10	82.313	441	65	6	1	429	67	506	0.0	737
PfHB3_140005500|DBLa|1|71|499	PV0286-C.g10	29.041	365	190	13	9	355	932	1245	1.63e-29	124
PfHB3_140005500|DBLa|1|71|499	PV0286-C.g10	26.000	300	175	12	51	335	1377	1644	4.39e-16	83.6
PfHB3_140005500|DBLa|1|71|499	PV0286-C.g10	26.207	290	174	9	45	322	2525	2786	1.42e-15	82.0
PfHB3_140005500|DBLa|1|71|499	PV0286-C.g10	26.523	279	171	5	106	355	1836	2109	1.64e-13	75.5
PfHB3_140005500|DBLa|1|71|499	PV0285-C.g14	82.313	441	65	6	1	429	67	506	0.0	737
PfHB3_140005500|DBLa|1|71|499	PV0285-C.g14	29.041	365	190	13	9	355	932	1245	1.73e-29	124
PfHB3_140005500|DBLa|1|71|499	PV0285-C.g14	26.000	300	175	12	51	335	1377	1644	4.50e-16	83.6
PfHB3_140005500|DBLa|1|71|499	PV0285-C.g14	26.207	290	174	9	45	322	2525	2786	1.47e-15	81.6
PfHB3_140005500|DBLa|1|71|499	PV0285-C.g14	26.523	279	171	5	106	355	1836	2109	1.64e-13	75.5
PfHB3_140005500|CIDRa|1|500|837	PM0100-C.g1136	100.000	338	0	0	1	338	536	873	0.0	692
PfHB3_140005500|CIDRa|1|500|837	PF0692-C.g95	100.000	338	0	0	1	338	502	839	0.0	692
PfHB3_140005500|CIDRa|1|500|837	QE0459-C.g1182	98.225	338	6	0	1	338	507	844	0.0	682
PfHB3_140005500|CIDRa|1|500|837	PV0115-C.g78	98.225	338	6	0	1	338	507	844	0.0	681
PfHB3_140005500|CIDRa|1|500|837	QE0475-C.g254	98.225	338	6	0	1	338	507	844	0.0	680
PfHB3_140005500|DBLb|1|857|1311	QG0277-C.g319	99.780	455	1	0	1	455	806	1260	0.0	955
PfHB3_140005500|DBLb|1|857|1311	QG0277-C.g319	28.463	397	201	16	13	349	17	390	3.21e-29	124
PfHB3_140005500|DBLb|1|857|1311	QG0277-C.g319	24.405	336	191	13	94	389	1311	1623	4.74e-11	67.8
PfHB3_140005500|DBLb|1|857|1311	QE0459-C.g1182	98.242	455	8	0	1	455	864	1318	0.0	942
PfHB3_140005500|DBLb|1|857|1311	QE0459-C.g1182	30.303	495	239	18	3	455	2377	2807	3.16e-38	150
PfHB3_140005500|DBLb|1|857|1311	QE0459-C.g1182	29.070	430	232	15	13	386	21	433	9.53e-36	143
PfHB3_140005500|DBLb|1|857|1311	QE0459-C.g1182	25.387	323	177	14	59	347	2006	2298	2.84e-15	81.3
PfHB3_140005500|DBLb|1|857|1311	PH0546-C.g801	98.242	455	8	0	1	455	194	648	0.0	939
PfHB3_140005500|DBLb|1|857|1311	PH0546-C.g801	27.901	362	184	14	56	368	1813	2146	1.35e-21	100
PfHB3_140005500|DBLb|1|857|1311	PH0546-C.g801	25.455	330	176	14	53	340	653	954	1.44e-14	79.0
PfHB3_140005500|DBLb|1|857|1311	PV0115-C.g78	98.242	455	8	0	1	455	864	1318	0.0	939
PfHB3_140005500|DBLb|1|857|1311	PV0115-C.g78	29.070	430	232	15	13	386	21	433	5.19e-36	144
PfHB3_140005500|DBLb|1|857|1311	QE0475-C.g254	98.242	455	8	0	1	455	864	1318	0.0	938
PfHB3_140005500|DBLb|1|857|1311	QE0475-C.g254	29.070	430	232	15	13	386	21	433	5.66e-36	144
PfHB3_140005500|DBLb|1|857|1311	QE0475-C.g254	28.177	362	183	15	56	368	2483	2816	1.25e-21	100
PfHB3_140005500|DBLb|1|857|1311	QE0475-C.g254	25.455	330	176	14	53	340	1323	1624	1.35e-14	79.0
PfHB3_140005500|DBLd|1|1331|1834	SenT058.11.g458	63.993	536	136	14	1	504	191	701	0.0	615
PfHB3_140005500|DBLd|1|1331|1834	PC0058-C.g791	61.014	513	143	8	1	504	857	1321	0.0	584
PfHB3_140005500|DBLd|1|1331|1834	PC0058-C.g791	26.133	375	178	13	183	504	150	478	8.18e-20	95.9
PfHB3_140005500|DBLd|1|1331|1834	SenT092.08.g1306	51.927	545	205	19	1	504	617	1145	3.55e-155	481
PfHB3_140005500|DBLd|1|1331|1834	PA0173-C.g392	53.714	525	197	16	1	504	1799	2298	7.80e-154	488
PfHB3_140005500|DBLd|1|1331|1834	PA0173-C.g392	24.791	359	193	15	168	504	163	466	1.34e-10	66.6
PfHB3_140005500|DBLd|1|1331|1834	PH0307-C.g481	52.652	528	174	16	1	504	820	1295	6.64e-152	475
PfHB3_140005500|DBLd|1|1331|1834	PH0307-C.g481	27.358	318	166	9	217	504	194	476	9.50e-19	92.4
PfHB3_140005500|CIDRb|1|1835|2091	SenT058.11.g458	72.332	253	66	1	1	253	702	950	7.08e-121	371
PfHB3_140005500|CIDRb|1|1835|2091	PC0058-C.g791	72.332	253	66	1	1	253	1322	1570	1.14e-117	371
PfHB3_140005500|CIDRb|1|1835|2091	PT0098-C.g119	71.756	262	63	5	1	257	2324	2579	1.86e-103	331
PfHB3_140005500|CIDRb|1|1835|2091	PT0035-C.g524	68.992	258	72	3	1	257	1340	1590	3.35e-98	316
PfHB3_140005500|CIDRb|1|1835|2091	QG0228-C.g3188	68.992	258	72	3	1	257	1364	1614	3.89e-98	316
PfHB3_140005500|ATS|1|2198|2670	PFKE12.g465	81.579	494	64	7	2	473	1774	2262	0.0	770
PfHB3_140005500|ATS|1|2198|2670	PD0590-C.g13	80.162	494	68	6	2	473	819	1304	0.0	761
PfHB3_140005500|ATS|1|2198|2670	PV0239-C.g10	76.654	514	61	9	2	473	3362	3858	0.0	733
PfHB3_140005500|ATS|1|2198|2670	QE0436-C.g732	79.303	488	81	6	2	473	1693	2176	0.0	720
PfHB3_140005500|ATS|1|2198|2670	QE0434-C.g52	76.673	493	89	10	1	469	2810	3300	0.0	692
PfHB3_140085100|NTS|1|1|72	PA0098-C.g328	82.353	68	12	0	5	72	4	71	5.74e-31	115
PfHB3_140085100|NTS|1|1|72	QG0190-C.g812	79.167	72	15	0	1	72	1	72	2.21e-30	113
PfHB3_140085100|NTS|1|1|72	PT0034-C.g756	79.167	72	15	0	1	72	1	72	2.90e-30	113
PfHB3_140085100|NTS|1|1|72	QE0466-C.g969	84.615	65	10	0	8	72	7	71	4.54e-30	112
PfHB3_140085100|NTS|1|1|72	PD0550-C.g570	84.615	65	10	0	8	72	7	71	5.46e-30	112
PfHB3_140085100|DBLa|1|73|485	SenT124.10.g373	79.953	424	71	4	1	413	68	488	0.0	653
PfHB3_140085100|DBLa|1|73|485	SenT124.10.g373	27.599	279	135	10	176	413	1167	1419	4.08e-17	86.3
PfHB3_140085100|DBLa|1|73|485	QG0276-C.g495	76.082	439	76	4	1	413	65	500	0.0	621
PfHB3_140085100|DBLa|1|73|485	QG0276-C.g495	24.046	262	130	6	126	320	1124	1383	6.39e-10	63.9
PfHB3_140085100|DBLa|1|73|485	QG0205-C.g722	75.982	433	78	8	1	413	60	486	0.0	589
PfHB3_140085100|DBLa|1|73|485	QG0205-C.g722	28.676	136	90	3	221	353	1235	1366	3.34e-12	70.9
PfHB3_140085100|DBLa|1|73|485	PM0071-C.g194	75.751	433	79	8	1	413	60	486	0.0	587
PfHB3_140085100|DBLa|1|73|485	PM0071-C.g194	30.180	222	113	8	42	260	2140	2322	6.42e-17	85.9
PfHB3_140085100|DBLa|1|73|485	PM0071-C.g194	24.749	299	175	9	141	413	1147	1421	7.58e-13	73.2
PfHB3_140085100|DBLa|1|73|485	PM0071-C.g194	26.147	218	119	6	104	319	1837	2014	1.16e-07	56.6
PfHB3_140085100|DBLa|1|73|485	QE0400-C.g627	70.714	420	108	6	1	413	68	479	0.0	577
PfHB3_140085100|DBLa|1|73|485	QE0400-C.g627	24.155	207	114	6	124	291	1089	1291	8.36e-07	53.9
PfHB3_140085100|CIDRa|1|486|800	QG0205-C.g722	72.727	319	74	5	1	315	487	796	3.71e-142	442
PfHB3_140085100|CIDRa|1|486|800	SenT124.10.g373	75.148	338	58	6	1	315	489	823	2.99e-140	437
PfHB3_140085100|CIDRa|1|486|800	PM0071-C.g194	71.698	318	78	5	1	315	487	795	1.79e-138	434
PfHB3_140085100|CIDRa|1|486|800	QG0276-C.g495	65.931	317	92	6	1	309	501	809	8.48e-122	386
PfHB3_140085100|CIDRa|1|486|800	QG0276-C.g495	29.293	99	67	1	151	249	1559	1654	1.73e-07	55.1
PfHB3_140085100|CIDRa|1|486|800	PT0073-C.g720	58.896	326	99	10	1	315	488	789	9.72e-107	343
PfHB3_140085100|DBLd|1|873|1347	PM0134-C.g221	55.638	541	158	16	1	475	41	565	1.08e-172	529
PfHB3_140085100|DBLd|1|873|1347	PM0090-C.g643	51.407	533	170	14	1	475	861	1362	9.29e-157	488
PfHB3_140085100|DBLd|1|873|1347	PM0090-C.g643	34.259	108	68	2	295	401	302	407	4.64e-14	77.4
PfHB3_140085100|DBLd|1|873|1347	PM0159-C.g202	53.668	518	184	15	1	475	904	1408	6.73e-154	486
PfHB3_140085100|DBLd|1|873|1347	PM0159-C.g202	36.308	325	182	11	163	475	1775	2086	1.48e-50	187
PfHB3_140085100|DBLd|1|873|1347	PM0159-C.g202	29.310	116	61	1	287	402	300	394	2.84e-08	58.9
PfHB3_140085100|DBLd|1|873|1347	PA0208-C.g140	54.297	512	186	15	1	475	873	1373	1.53e-152	482
PfHB3_140085100|DBLd|1|873|1347	PA0208-C.g140	27.564	156	95	6	260	401	235	386	2.20e-10	65.9
PfHB3_140085100|DBLd|1|873|1347	PM0018-C.g1094	51.373	510	204	12	1	475	890	1390	4.87e-152	475
PfHB3_140085100|DBLd|1|873|1347	PM0018-C.g1094	26.420	352	191	13	163	475	187	509	2.87e-16	84.3
PfHB3_140085100|CIDRg|1|1348|1594	PM0004-C.g273	76.210	248	57	2	1	247	568	814	4.97e-123	387
PfHB3_140085100|CIDRg|1|1348|1594	QE0404-C.g197	77.200	250	52	3	1	247	1389	1636	1.33e-122	386
PfHB3_140085100|CIDRg|1|1348|1594	QG0243-C.g1843	75.806	248	58	2	1	247	1654	1900	1.48e-122	385
PfHB3_140085100|CIDRg|1|1348|1594	QG0243-C.g1843	27.011	174	120	3	17	187	489	658	3.47e-12	68.2
PfHB3_140085100|CIDRg|1|1348|1594	QE0470-C.g189	77.200	250	52	3	1	247	1717	1964	5.97e-122	384
PfHB3_140085100|CIDRg|1|1348|1594	PM0063-C.g652	72.835	254	61	3	1	247	1675	1927	2.43e-117	370
PfHB3_140085100|CIDRg|1|1348|1594	PM0063-C.g652	27.528	178	110	6	1	163	473	646	5.42e-09	58.5
PfHB3_140085100|DBLz|1|1633|2049	PM0144-C.g364	83.529	425	61	3	1	417	841	1264	0.0	714
PfHB3_140085100|DBLz|1|1633|2049	PM0144-C.g364	27.397	292	148	13	91	373	1318	1554	3.56e-18	89.7
PfHB3_140085100|DBLz|1|1633|2049	PM0144-C.g364	23.177	384	183	16	60	343	114	485	4.76e-08	57.8
PfHB3_140085100|DBLz|1|1633|2049	PA0079-C.g113	85.407	418	59	2	1	417	1435	1851	0.0	700
PfHB3_140085100|DBLz|1|1633|2049	PA0079-C.g113	27.113	284	146	11	91	365	1905	2136	3.56e-19	92.8
PfHB3_140085100|DBLz|1|1633|2049	PA0079-C.g113	32.515	163	89	4	215	356	2	164	8.11e-16	82.4
PfHB3_140085100|DBLz|1|1633|2049	PA0079-C.g113	28.384	229	132	7	216	415	916	1141	5.39e-12	70.5
PfHB3_140085100|DBLz|1|1633|2049	QG0252-C.g2701	81.733	427	67	3	1	417	2293	2718	0.0	697
PfHB3_140085100|DBLz|1|1633|2049	QG0252-C.g2701	29.501	461	268	15	2	415	18	468	1.82e-42	162
PfHB3_140085100|DBLz|1|1633|2049	QG0252-C.g2701	29.243	489	245	18	2	417	746	1206	4.86e-41	158
PfHB3_140085100|DBLz|1|1633|2049	QG0252-C.g2701	26.301	365	209	13	91	417	1264	1606	2.10e-17	87.4
PfHB3_140085100|DBLz|1|1633|2049	QG0252-C.g2701	25.301	249	142	9	91	337	2772	2978	2.24e-14	77.8
PfHB3_140085100|DBLz|1|1633|2049	QG0252-C.g2701	24.658	365	204	15	67	381	1638	1981	2.52e-13	74.7
PfHB3_140085100|DBLz|1|1633|2049	PV0147-C.g58	82.014	417	72	2	1	417	1644	2057	0.0	676
PfHB3_140085100|DBLz|1|1633|2049	PV0147-C.g58	28.242	347	215	8	29	343	45	389	1.94e-34	138
PfHB3_140085100|DBLz|1|1633|2049	PV0147-C.g58	28.669	293	147	14	91	373	2111	2351	2.33e-15	80.9
PfHB3_140085100|DBLz|1|1633|2049	PV0147-C.g58	25.620	242	151	4	201	415	1099	1338	3.63e-09	61.6
PfHB3_140085100|DBLz|1|1633|2049	QE0417-C.g399	79.009	424	79	4	1	417	1588	2008	0.0	649
PfHB3_140085100|DBLz|1|1633|2049	QE0417-C.g399	29.381	388	210	15	42	366	56	442	8.07e-36	142
PfHB3_140085100|DBLz|1|1633|2049	QE0417-C.g399	27.950	322	167	16	49	352	2017	2291	3.27e-15	80.5
PfHB3_140085100|DBLe|1|2054|2374	QG0286-C.g2906	98.442	321	5	0	1	321	2425	2745	0.0	650
PfHB3_140085100|DBLe|1|2054|2374	QG0286-C.g2906	30.078	256	128	9	51	264	852	1098	4.16e-19	90.5
PfHB3_140085100|DBLe|1|2054|2374	QG0286-C.g2906	28.467	274	147	9	49	277	2085	2354	1.09e-17	86.3
PfHB3_140085100|DBLe|1|2054|2374	QG0286-C.g2906	27.273	319	153	14	46	290	109	422	7.44e-13	71.6
PfHB3_140085100|DBLe|1|2054|2374	PV0028-C.g27	96.262	321	12	0	1	321	2072	2392	0.0	642
PfHB3_140085100|DBLe|1|2054|2374	PV0028-C.g27	27.684	354	184	14	37	321	103	453	7.98e-20	92.8
PfHB3_140085100|DBLe|1|2054|2374	PV0028-C.g27	26.838	272	149	11	48	274	1733	1999	3.60e-16	82.0
PfHB3_140085100|DBLe|1|2054|2374	PH0121-CW.g35	96.262	321	12	0	1	321	2059	2379	0.0	642
PfHB3_140085100|DBLe|1|2054|2374	PH0121-CW.g35	27.859	341	187	12	37	321	103	440	9.17e-21	95.5
PfHB3_140085100|DBLe|1|2054|2374	PH0121-CW.g35	26.838	272	149	11	48	274	1720	1986	3.43e-16	82.0
PfHB3_140085100|DBLe|1|2054|2374	PD0667-C.g855	96.262	321	12	0	1	321	2085	2405	0.0	641
PfHB3_140085100|DBLe|1|2054|2374	PD0667-C.g855	26.838	272	149	11	48	274	1746	2012	2.89e-16	82.0
PfHB3_140085100|DBLe|1|2054|2374	PD0667-C.g855	26.703	367	184	15	37	321	103	466	2.87e-14	76.3
PfHB3_140085100|DBLe|1|2054|2374	QE0465-C.g245	96.262	321	12	0	1	321	2072	2392	0.0	640
PfHB3_140085100|DBLe|1|2054|2374	QE0465-C.g245	27.684	354	184	14	37	321	103	453	5.26e-20	93.2
PfHB3_140085100|DBLe|1|2054|2374	QE0465-C.g245	26.838	272	149	11	48	274	1733	1999	2.97e-16	82.0
PfHB3_140085100|ATS|1|2421|2868	PV0028-C.g31	80.384	469	58	7	1	448	1737	2192	0.0	741
PfHB3_140085100|ATS|1|2421|2868	QE0434-C.g814	83.296	449	51	4	1	448	2811	3236	0.0	724
PfHB3_140085100|ATS|1|2421|2868	PV0028-C.g50	82.826	460	63	8	1	448	2600	3055	0.0	719
PfHB3_140085100|ATS|1|2421|2868	PFKE09.g563	80.131	458	65	4	1	448	775	1216	0.0	711
PfHB3_140085100|ATS|1|2421|2868	PD0549-C.g516	77.825	469	62	7	1	448	2187	2634	0.0	703
PfHB3_000006400|NTS|1|1|65	PM0153-C.g533	67.742	62	20	0	4	65	12	73	4.87e-20	83.6
PfHB3_000006400|NTS|1|1|65	PT0303-Cx.g1544	70.690	58	17	0	8	65	20	77	5.31e-20	83.6
PfHB3_000006400|NTS|1|1|65	PH0516-C.g774	64.516	62	22	0	4	65	12	73	1.94e-18	79.0
PfHB3_000006400|NTS|1|1|65	SenT130.09.g371	64.516	62	22	0	4	65	12	73	1.96e-18	79.0
PfHB3_000006400|NTS|1|1|65	SenP051.02.g407	64.516	62	22	0	4	65	12	73	1.96e-18	79.0
PfHB3_000006400|DBLa|1|66|492	PT0149-C.g723	64.569	429	135	7	1	427	63	476	5.06e-180	547
PfHB3_000006400|DBLa|1|66|492	PT0149-C.g723	25.460	326	197	7	54	343	936	1251	7.57e-18	88.6
PfHB3_000006400|DBLa|1|66|492	PT0042-C.g432	64.569	429	135	7	1	427	63	476	1.79e-179	546
PfHB3_000006400|DBLa|1|66|492	PT0042-C.g432	32.870	216	115	10	216	427	1151	1340	4.37e-18	89.4
PfHB3_000006400|DBLa|1|66|492	PF0816-C.g863	65.035	429	136	7	1	427	67	483	9.77e-178	541
PfHB3_000006400|DBLa|1|66|492	PF0816-C.g863	27.225	191	112	3	237	427	1167	1330	3.77e-11	67.8
PfHB3_000006400|DBLa|1|66|492	QE0397-C.g332	64.583	432	138	6	1	427	63	484	1.07e-176	543
PfHB3_000006400|DBLa|1|66|492	QE0397-C.g332	29.744	390	194	14	8	383	824	1147	6.09e-33	134
PfHB3_000006400|DBLa|1|66|492	QE0397-C.g332	25.000	380	172	16	110	427	1467	1795	1.49e-11	69.3
PfHB3_000006400|DBLa|1|66|492	PC0077-C.g729	64.583	432	138	6	1	427	63	484	1.14e-176	545
PfHB3_000006400|DBLa|1|66|492	PC0077-C.g729	29.337	392	195	15	8	384	824	1148	3.57e-27	117
PfHB3_000006400|DBLa|1|66|492	PC0077-C.g729	27.411	197	104	6	237	427	1610	1773	2.02e-11	68.9
PfHB3_000006400|CIDRa|1|493|799	PV0182-C.g88	66.250	320	93	5	1	307	116	433	4.43e-132	408
PfHB3_000006400|CIDRa|1|493|799	PA0163-C.g963	69.000	300	89	2	1	299	500	796	2.53e-131	411
PfHB3_000006400|CIDRa|1|493|799	PM0087-C.g60	68.182	308	87	4	1	304	505	805	2.55e-128	405
PfHB3_000006400|CIDRa|1|493|799	PH0592-C.g624	66.118	304	91	5	1	299	473	769	5.99e-123	388
PfHB3_000006400|CIDRa|1|493|799	QE0401-C.g759	66.118	304	91	5	1	299	473	769	6.34e-123	388
PfHB3_000006400|DBLd|1|892|1393	PA0021-C.g90	54.753	526	186	22	1	502	167	664	1.34e-156	474
PfHB3_000006400|DBLd|1|892|1393	PA0027-C.g567	54.943	526	185	22	1	502	883	1380	4.41e-151	474
PfHB3_000006400|DBLd|1|892|1393	PA0027-C.g567	26.335	281	159	10	161	430	161	404	2.31e-19	94.4
PfHB3_000006400|DBLd|1|892|1393	PFKE08.g3	51.625	523	199	15	1	502	833	1322	8.38e-151	473
PfHB3_000006400|DBLd|1|892|1393	PFKE08.g3	26.613	372	199	16	160	502	172	498	1.30e-19	95.1
PfHB3_000006400|DBLd|1|892|1393	PT0242-Cx.g787	51.440	521	195	16	1	502	837	1318	2.28e-149	469
PfHB3_000006400|DBLd|1|892|1393	PT0242-Cx.g787	25.762	361	191	15	181	502	187	509	2.93e-17	87.8
PfHB3_000006400|DBLd|1|892|1393	PA0245-C.g784	54.191	513	192	15	1	502	1203	1683	8.79e-147	465
PfHB3_000006400|DBLd|1|892|1393	PA0245-C.g784	25.806	372	213	15	142	502	145	464	1.04e-19	95.5
PfHB3_000006400|CIDRb|1|1394|1651	PM0041-C.g170	74.231	260	61	3	1	255	1476	1734	9.95e-118	372
PfHB3_000006400|CIDRb|1|1394|1651	PA0144-C.g851	74.231	260	61	3	1	255	2794	3052	1.28e-117	372
PfHB3_000006400|CIDRb|1|1394|1651	PD0565-C.g429	75.194	258	49	4	1	245	1816	2071	1.81e-117	372
PfHB3_000006400|CIDRb|1|1394|1651	PD0565-C.g429	34.188	117	72	4	96	208	585	700	2.46e-11	65.9
PfHB3_000006400|CIDRb|1|1394|1651	PD0562-C.g212	75.194	258	49	4	1	245	1816	2071	1.81e-117	372
PfHB3_000006400|CIDRb|1|1394|1651	PD0562-C.g212	34.188	117	72	4	96	208	585	700	2.46e-11	65.9
PfHB3_000006400|CIDRb|1|1394|1651	PD0518-C.g506	75.194	258	49	4	1	245	1816	2071	1.81e-117	372
PfHB3_000006400|CIDRb|1|1394|1651	PD0518-C.g506	34.188	117	72	4	96	208	585	700	2.46e-11	65.9
PfHB3_000006400|ATS|1|1755|2239	PC0097-C.g664	73.939	495	72	10	1	485	2364	2811	0.0	684
PfHB3_000006400|ATS|1|1755|2239	PV0028-C.g50	74.044	497	76	12	1	485	2600	3055	0.0	664
PfHB3_000006400|ATS|1|1755|2239	PA0204-C.g659	70.577	520	71	6	1	485	1701	2173	0.0	663
PfHB3_000006400|ATS|1|1755|2239	PC0113-C.g949	73.045	486	87	6	1	485	1702	2144	0.0	662
PfHB3_000006400|ATS|1|1755|2239	QE0395-C.g30	74.333	487	80	6	1	485	891	1334	0.0	654
PfHB3_000008700|NTS|1|1|62	PT0118-C.g705	96.610	59	2	0	4	62	6	64	2.62e-32	118
PfHB3_000008700|NTS|1|1|62	PM0161-C.g2304	93.220	59	4	0	4	62	6	64	6.40e-32	117
PfHB3_000008700|NTS|1|1|62	PA0253-C.g924	93.220	59	4	0	4	62	6	64	7.32e-32	117
PfHB3_000008700|NTS|1|1|62	QG0205-C.g775	93.220	59	4	0	4	62	5	63	8.57e-32	117
PfHB3_000008700|NTS|1|1|62	PFKE08.g297	96.429	56	2	0	7	62	7	62	7.14e-31	114
PfHB3_000008700|DBLa|1|63|472	PF0782-C.g453	74.638	414	92	7	1	410	71	475	0.0	622
PfHB3_000008700|DBLa|1|63|472	PF0782-C.g453	26.923	312	177	10	34	331	827	1101	4.33e-18	89.4
PfHB3_000008700|DBLa|1|63|472	PF0782-C.g453	25.461	271	156	8	141	374	1437	1698	7.60e-17	85.5
PfHB3_000008700|DBLa|1|63|472	PT0039-C.g139	74.638	414	92	7	1	410	77	481	0.0	617
PfHB3_000008700|DBLa|1|63|472	PT0039-C.g139	25.816	337	196	9	103	410	1323	1634	4.76e-21	98.2
PfHB3_000008700|DBLa|1|63|472	PT0039-C.g139	25.552	317	168	9	34	330	823	1091	9.20e-17	85.1
PfHB3_000008700|DBLa|1|63|472	PM0071-C.g235	75.837	418	84	9	1	410	67	475	0.0	613
PfHB3_000008700|DBLa|1|63|472	PM0071-C.g235	26.316	399	240	14	21	410	2051	2404	2.88e-22	102
PfHB3_000008700|DBLa|1|63|472	PM0071-C.g235	24.933	373	200	17	89	410	947	1290	3.55e-16	83.6
PfHB3_000008700|DBLa|1|63|472	PM0071-C.g235	22.680	291	170	8	52	329	1651	1899	5.04e-12	70.5
PfHB3_000008700|DBLa|1|63|472	QG0201-C.g344	72.771	415	94	10	1	410	72	472	0.0	587
PfHB3_000008700|DBLa|1|63|472	QG0201-C.g344	24.041	391	205	14	82	410	1296	1656	5.11e-18	89.0
PfHB3_000008700|DBLa|1|63|472	QG0201-C.g344	23.024	291	170	9	52	329	811	1060	7.50e-10	63.5
PfHB3_000008700|DBLa|1|63|472	QG0298-C.g1701	77.401	354	70	5	58	410	1	345	0.0	551
PfHB3_000008700|DBLa|1|63|472	QG0298-C.g1701	25.552	317	168	9	34	330	692	960	7.55e-17	85.5
PfHB3_000008700|DBLa|1|63|472	QG0298-C.g1701	22.297	296	174	7	97	349	1202	1484	2.80e-14	77.4
PfHB3_000008700|CIDRa|1|473|725	QG0298-C.g1701	100.000	253	0	0	1	253	346	598	1.25e-174	526
PfHB3_000008700|CIDRa|1|473|725	QG0298-C.g1701	30.263	76	47	1	103	172	1644	1719	2.70e-07	53.5
PfHB3_000008700|CIDRa|1|473|725	PT0039-C.g139	100.000	253	0	0	1	253	482	734	6.29e-174	525
PfHB3_000008700|CIDRa|1|473|725	PT0039-C.g139	39.785	93	53	3	85	175	1718	1809	1.12e-11	66.6
PfHB3_000008700|CIDRa|1|473|725	PF0782-C.g453	100.000	253	0	0	1	253	476	728	6.61e-174	529
PfHB3_000008700|CIDRa|1|473|725	QE0456-C.g257	85.433	254	27	4	1	253	470	714	3.04e-139	434
PfHB3_000008700|CIDRa|1|473|725	PH0059-C.g257	85.433	254	27	4	1	253	470	714	3.04e-139	434
PfHB3_000008700|DBLd|1|780|1265	PT0117-C.g177	64.588	497	157	10	1	486	866	1354	0.0	568
PfHB3_000008700|DBLd|1|780|1265	PT0117-C.g177	27.617	449	182	19	1	447	1677	1984	2.41e-20	97.4
PfHB3_000008700|DBLd|1|780|1265	PT0117-C.g177	39.823	113	64	2	308	420	300	408	5.11e-15	80.9
PfHB3_000008700|DBLd|1|780|1265	PA0081-C.g352	52.863	524	161	12	1	486	842	1317	1.85e-165	511
PfHB3_000008700|DBLd|1|780|1265	PA0081-C.g352	30.660	212	122	9	293	486	275	479	1.33e-10	66.6
PfHB3_000008700|DBLd|1|780|1265	SenT125.11.g347	53.965	517	183	17	1	486	126	618	8.69e-164	491
PfHB3_000008700|DBLd|1|780|1265	PA0008-C.g59	51.323	567	176	19	1	486	828	1375	5.71e-155	484
PfHB3_000008700|DBLd|1|780|1265	PA0008-C.g59	37.000	100	57	3	313	412	292	385	1.76e-11	69.3
PfHB3_000008700|DBLd|1|780|1265	PA0046-C.g96	51.657	513	197	20	1	486	102	590	5.89e-155	468
PfHB3_000008700|CIDRg|1|1266|1532	PA0081-C.g352	95.131	267	13	0	1	267	1318	1584	1.16e-170	515
PfHB3_000008700|CIDRg|1|1266|1532	PT0299-Cx.g2640	85.441	261	30	3	1	257	1357	1613	3.31e-144	445
PfHB3_000008700|CIDRg|1|1266|1532	PM0108-C.g956	77.455	275	51	5	1	267	1452	1723	1.22e-138	431
PfHB3_000008700|CIDRg|1|1266|1532	PA0172-C.g951	78.309	272	47	5	1	267	1320	1584	2.12e-133	415
PfHB3_000008700|CIDRg|1|1266|1532	PT0230-Cx.g719	77.256	277	49	7	1	267	1387	1659	1.24e-132	413
PfHB3_000008700|DBLg|1|1599|1981	PA0051-C.g54	74.022	358	87	3	30	383	1267	1622	4.80e-172	533
PfHB3_000008700|DBLg|1|1599|1981	PA0051-C.g54	24.150	294	169	9	36	318	2104	2354	2.45e-16	83.6
PfHB3_000008700|DBLg|1|1599|1981	PA0051-C.g54	26.712	292	159	11	29	290	1708	1974	4.35e-14	76.6
PfHB3_000008700|DBLg|1|1599|1981	PA0051-C.g54	25.874	286	161	9	42	294	111	378	1.19e-13	75.1
PfHB3_000008700|DBLg|1|1599|1981	PA0051-C.g54	25.084	299	161	12	41	302	828	1100	2.73e-10	64.7
PfHB3_000008700|DBLg|1|1599|1981	PA0045-C.g373	74.022	358	87	3	30	383	1267	1622	4.80e-172	533
PfHB3_000008700|DBLg|1|1599|1981	PA0045-C.g373	24.150	294	169	9	36	318	2104	2354	2.45e-16	83.6
PfHB3_000008700|DBLg|1|1599|1981	PA0045-C.g373	26.712	292	159	11	29	290	1708	1974	4.35e-14	76.6
PfHB3_000008700|DBLg|1|1599|1981	PA0045-C.g373	25.874	286	161	9	42	294	111	378	1.19e-13	75.1
PfHB3_000008700|DBLg|1|1599|1981	PA0045-C.g373	25.084	299	161	12	41	302	828	1100	2.73e-10	64.7
PfHB3_000008700|DBLg|1|1599|1981	PA0017-C.g274	74.022	358	87	3	30	383	1267	1622	4.80e-172	533
PfHB3_000008700|DBLg|1|1599|1981	PA0017-C.g274	24.150	294	169	9	36	318	2104	2354	2.45e-16	83.6
PfHB3_000008700|DBLg|1|1599|1981	PA0017-C.g274	26.712	292	159	11	29	290	1708	1974	4.35e-14	76.6
PfHB3_000008700|DBLg|1|1599|1981	PA0017-C.g274	25.874	286	161	9	42	294	111	378	1.19e-13	75.1
PfHB3_000008700|DBLg|1|1599|1981	PA0017-C.g274	25.084	299	161	12	41	302	828	1100	2.73e-10	64.7
PfHB3_000008700|DBLg|1|1599|1981	SenT151.08.g980	73.743	358	88	3	30	383	102	457	7.75e-171	509
PfHB3_000008700|DBLg|1|1599|1981	SenT151.08.g980	26.971	241	133	7	41	276	941	1143	3.10e-18	89.0
PfHB3_000008700|DBLg|1|1599|1981	SenT151.08.g980	22.520	373	219	13	43	383	557	891	3.78e-10	64.3
PfHB3_000008700|DBLg|1|1599|1981	PF0288-C.g330	67.857	392	114	7	1	383	1207	1595	7.37e-168	521
PfHB3_000008700|DBLg|1|1599|1981	PF0288-C.g330	26.053	380	212	15	43	383	840	1189	5.21e-15	79.3
PfHB3_000008700|DBLg|1|1599|1981	PF0288-C.g330	23.183	289	174	7	42	290	111	391	2.77e-13	73.9
PfHB3_000008700|DBLg|1|1599|1981	PF0288-C.g330	24.746	295	165	9	39	318	2079	2331	1.59e-11	68.6
PfHB3_000008700|DBLg|1|1599|1981	PF0288-C.g330	26.165	279	144	12	45	290	1698	1947	1.10e-10	65.9
PfHB3_000008700|DBLz|1|1990|2413	PF0692-C.g713	77.123	424	96	1	1	424	1204	1626	0.0	644
PfHB3_000008700|DBLz|1|1990|2413	PF0692-C.g713	29.615	260	132	11	94	349	1680	1892	5.25e-17	86.3
PfHB3_000008700|DBLz|1|1990|2413	PF0692-C.g713	24.169	331	191	13	79	378	836	1137	4.31e-14	77.0
PfHB3_000008700|DBLz|1|1990|2413	PF0489-C.g329	77.123	424	96	1	1	424	2350	2772	0.0	642
PfHB3_000008700|DBLz|1|1990|2413	PF0489-C.g329	30.193	414	219	14	56	424	858	1246	1.04e-39	154
PfHB3_000008700|DBLz|1|1990|2413	PF0489-C.g329	31.977	344	187	14	93	403	121	450	2.96e-34	138
PfHB3_000008700|DBLz|1|1990|2413	PF0489-C.g329	27.394	376	187	18	79	403	1294	1634	2.42e-17	87.4
PfHB3_000008700|DBLz|1|1990|2413	PF0489-C.g329	29.615	260	132	11	94	349	2826	3038	9.20e-17	85.5
PfHB3_000008700|DBLz|1|1990|2413	PF0489-C.g329	25.000	292	176	10	78	344	1979	2252	7.09e-14	76.6
PfHB3_000008700|DBLz|1|1990|2413	QG0286-C.g2563	77.123	424	96	1	1	424	660	1082	0.0	640
PfHB3_000008700|DBLz|1|1990|2413	QG0286-C.g2563	29.615	260	132	11	94	349	1136	1348	1.13e-16	85.1
PfHB3_000008700|DBLz|1|1990|2413	QG0286-C.g2563	25.000	292	176	10	78	344	289	562	1.01e-13	75.9
PfHB3_000008700|DBLz|1|1990|2413	PA0151-C.g23	77.123	424	96	1	1	424	2302	2724	0.0	640
PfHB3_000008700|DBLz|1|1990|2413	PA0151-C.g23	32.303	356	199	12	65	388	82	427	2.12e-37	147
PfHB3_000008700|DBLz|1|1990|2413	PA0151-C.g23	29.703	404	223	16	61	424	808	1190	2.72e-36	144
PfHB3_000008700|DBLz|1|1990|2413	PA0151-C.g23	29.615	260	132	11	94	349	2778	2990	1.30e-16	85.1
PfHB3_000008700|DBLz|1|1990|2413	PA0151-C.g23	25.066	379	200	16	79	403	1242	1590	4.23e-14	77.0
PfHB3_000008700|DBLz|1|1990|2413	PA0151-C.g23	24.074	324	199	12	78	378	1936	2235	4.31e-12	70.9
PfHB3_000008700|DBLz|1|1990|2413	PT0274-Cx.g433	76.887	424	97	1	1	424	1174	1596	0.0	640
PfHB3_000008700|DBLz|1|1990|2413	PT0274-Cx.g433	30.508	413	242	14	2	374	26	433	3.05e-38	150
PfHB3_000008700|DBLz|1|1990|2413	PT0274-Cx.g433	29.615	260	132	11	94	349	1650	1862	6.49e-17	85.9
PfHB3_000008700|DBLz|1|1990|2413	PT0274-Cx.g433	23.460	422	247	15	35	424	788	1165	6.54e-15	79.7
PfHB3_000008700|DBLe|1|2419|2737	PM0037-C.g920	100.000	319	0	0	1	319	2533	2851	0.0	663
PfHB3_000008700|DBLe|1|2419|2737	PM0037-C.g920	27.848	316	173	11	49	319	2192	2497	3.52e-17	84.7
PfHB3_000008700|DBLe|1|2419|2737	PM0037-C.g920	24.648	284	150	10	44	264	116	398	7.79e-13	71.6
PfHB3_000008700|DBLe|1|2419|2737	PM0037-C.g920	23.973	292	156	10	49	285	1749	2029	1.09e-08	58.9
PfHB3_000008700|DBLe|1|2419|2737	PC0085-C.g654	100.000	319	0	0	1	319	2484	2802	0.0	662
PfHB3_000008700|DBLe|1|2419|2737	PC0085-C.g654	27.444	266	149	7	49	273	2147	2409	1.02e-19	92.4
PfHB3_000008700|DBLe|1|2419|2737	PC0085-C.g654	22.449	294	170	9	47	285	1690	1980	2.42e-11	67.0
PfHB3_000008700|DBLe|1|2419|2737	PC0085-C.g654	25.652	230	119	8	91	268	169	398	7.14e-10	62.8
PfHB3_000008700|DBLe|1|2419|2737	PF0524-C.g501	100.000	319	0	0	1	319	2039	2357	0.0	660
PfHB3_000008700|DBLe|1|2419|2737	PF0524-C.g501	29.150	247	133	9	49	262	849	1086	9.23e-21	95.5
PfHB3_000008700|DBLe|1|2419|2737	PF0524-C.g501	26.471	306	178	10	49	319	1710	2003	1.82e-19	91.7
PfHB3_000008700|DBLe|1|2419|2737	PF0524-C.g501	22.727	308	176	9	32	285	1244	1543	3.99e-10	63.5
PfHB3_000008700|DBLe|1|2419|2737	PF0524-C.g501	28.899	218	108	11	49	221	117	332	2.11e-08	58.2
PfHB3_000008700|DBLe|1|2419|2737	PA0270-C.g398	100.000	319	0	0	1	319	2037	2355	0.0	659
PfHB3_000008700|DBLe|1|2419|2737	PA0270-C.g398	26.510	298	172	8	32	285	1239	1533	7.52e-21	95.9
PfHB3_000008700|DBLe|1|2419|2737	PA0270-C.g398	28.165	316	172	11	49	319	1696	2001	1.66e-17	85.9
PfHB3_000008700|DBLe|1|2419|2737	PA0270-C.g398	25.000	308	183	11	49	310	841	1146	7.04e-17	84.0
PfHB3_000008700|DBLe|1|2419|2737	PA0270-C.g398	24.913	289	150	10	37	268	104	382	2.12e-13	73.6
PfHB3_000008700|DBLe|1|2419|2737	PF0507-C.g480	89.342	319	34	0	1	319	1971	2289	0.0	579
PfHB3_000008700|DBLe|1|2419|2737	PF0507-C.g480	28.136	295	173	11	49	316	1231	1513	3.40e-22	99.8
PfHB3_000008700|DBLe|1|2419|2737	PF0507-C.g480	26.316	285	178	11	49	308	850	1127	9.97e-18	86.3
PfHB3_000008700|DBLe|1|2419|2737	PF0507-C.g480	25.342	292	156	10	33	263	93	383	3.67e-15	78.6
PfHB3_000008700|DBLe|1|2419|2737	PF0507-C.g480	25.000	256	156	8	49	268	1635	1890	4.26e-14	75.5
PfHB3_000008700|ATS|1|2753|3182	PV0028-C.g43	81.963	438	68	5	2	430	1844	2279	0.0	724
PfHB3_000008700|ATS|1|2753|3182	PFKE07.g1065	83.141	433	62	8	1	430	1644	2068	0.0	712
PfHB3_000008700|ATS|1|2753|3182	PFKE07.g667	77.212	452	77	7	2	430	2366	2814	0.0	691
PfHB3_000008700|ATS|1|2753|3182	PV0129-C.g36	76.264	455	77	8	2	430	1740	2189	0.0	674
PfHB3_000008700|ATS|1|2753|3182	PC0097-C.g229	79.720	429	76	6	2	430	3018	3435	0.0	671
PfHB3_000008800|NTS|1|1|66	PC0051-C.g450	66.667	66	18	2	1	66	1	62	9.20e-18	77.0
PfHB3_000008800|NTS|1|1|66	PA0207-C.g578	73.214	56	15	0	11	66	12	67	9.70e-18	77.0
PfHB3_000008800|NTS|1|1|66	PF0058-C.g558	64.062	64	23	0	3	66	6	69	2.22e-17	76.3
PfHB3_000008800|NTS|1|1|66	QE0461-C.g679	67.213	61	18	1	6	66	4	62	2.26e-17	75.9
PfHB3_000008800|NTS|1|1|66	PV0128-C.g83	67.213	61	18	1	6	66	4	62	2.28e-17	75.9
PfHB3_000008800|DBLa|1|67|489	SenT133.11.g158	70.909	440	106	10	1	423	61	495	0.0	597
PfHB3_000008800|DBLa|1|67|489	SenT133.11.g158	26.800	250	128	8	124	326	1052	1293	1.01e-12	72.8
PfHB3_000008800|DBLa|1|67|489	SenT129.11.g567	70.909	440	106	10	1	423	61	495	0.0	597
PfHB3_000008800|DBLa|1|67|489	SenT129.11.g567	26.800	250	128	8	124	326	1052	1293	1.01e-12	72.8
PfHB3_000008800|DBLa|1|67|489	SenT015.11.g138	70.909	440	106	10	1	423	61	495	0.0	597
PfHB3_000008800|DBLa|1|67|489	SenT015.11.g138	26.800	250	128	8	124	326	1052	1293	1.01e-12	72.8
PfHB3_000008800|DBLa|1|67|489	PM0090-C.g484	72.028	429	93	10	13	423	80	499	0.0	594
PfHB3_000008800|DBLa|1|67|489	PM0090-C.g484	25.143	350	180	18	116	423	1044	1353	6.34e-11	67.0
PfHB3_000008800|DBLa|1|67|489	PM0160-C.g957	71.171	444	96	11	1	423	58	490	0.0	594
PfHB3_000008800|CIDRa|1|490|786	PT0158-C.g704	71.622	296	66	8	1	292	489	770	1.52e-119	379
PfHB3_000008800|CIDRa|1|490|786	PM0159-C.g785	64.038	317	80	7	1	291	503	811	1.22e-116	371
PfHB3_000008800|CIDRa|1|490|786	PM0159-C.g785	30.675	163	103	4	131	293	2348	2500	4.65e-11	65.9
PfHB3_000008800|CIDRa|1|490|786	PF0368-C.g180	64.038	317	80	7	1	291	495	803	1.89e-116	370
PfHB3_000008800|CIDRa|1|490|786	PF0368-C.g180	30.675	163	103	4	131	293	2341	2493	4.85e-11	65.9
PfHB3_000008800|CIDRa|1|490|786	QG0246-C.g3543	63.455	301	99	4	1	294	504	800	1.17e-115	368
PfHB3_000008800|CIDRa|1|490|786	PD0523-C.g124	67.568	296	84	6	1	292	504	791	2.00e-112	359
PfHB3_000008800|CIDRa|1|490|786	PD0523-C.g124	24.490	196	129	7	103	295	1938	2117	3.08e-07	54.3
PfHB3_000008800|DBLd|1|864|1369	PM0114-C.g611	60.943	530	155	16	1	506	953	1454	0.0	589
PfHB3_000008800|DBLd|1|864|1369	PT0042-C.g380	54.528	530	191	15	1	506	903	1406	4.09e-163	507
PfHB3_000008800|DBLd|1|864|1369	PT0042-C.g380	25.084	299	174	12	188	468	188	454	9.87e-10	63.9
PfHB3_000008800|DBLd|1|864|1369	PM0138-C.g914	52.809	534	214	15	1	506	806	1329	2.31e-151	474
PfHB3_000008800|DBLd|1|864|1369	PM0138-C.g914	25.915	355	182	15	188	506	186	495	5.56e-15	80.5
PfHB3_000008800|DBLd|1|864|1369	PF0782-C.g120	48.566	558	202	19	1	506	87	611	1.22e-150	458
PfHB3_000008800|DBLd|1|864|1369	PM0037-C.g2290	54.070	516	192	20	1	506	813	1293	1.26e-150	471
PfHB3_000008800|DBLd|1|864|1369	PM0037-C.g2290	27.413	259	142	10	173	427	179	395	1.98e-14	79.0
PfHB3_000008800|CIDRb|1|1370|1642	PC0054-C.g371	75.912	274	64	2	1	273	1330	1602	4.08e-130	406
PfHB3_000008800|CIDRb|1|1370|1642	PC0054-C.g371	27.500	160	97	6	110	262	582	729	2.33e-07	54.3
PfHB3_000008800|CIDRb|1|1370|1642	QG0261-C.g576	75.912	274	64	2	1	273	1389	1661	1.30e-129	405
PfHB3_000008800|CIDRb|1|1370|1642	PM0114-C.g611	74.717	265	64	3	1	264	1455	1717	1.48e-121	383
PfHB3_000008800|CIDRb|1|1370|1642	PM0114-C.g611	34.783	92	52	3	111	199	251	337	2.53e-08	57.0
PfHB3_000008800|CIDRb|1|1370|1642	QE0476-C.g743	69.091	275	78	4	1	271	1401	1672	3.25e-114	362
PfHB3_000008800|CIDRb|1|1370|1642	PF0609-C.g324	65.217	276	85	6	1	273	1440	1707	1.58e-107	343
PfHB3_000008800|ATS|1|1760|2243	PA0245-C.g998	84.124	485	49	6	1	484	1706	2163	0.0	786
PfHB3_000008800|ATS|1|1760|2243	PFKE12.g291	84.348	460	61	5	1	452	1061	1517	0.0	739
PfHB3_000008800|ATS|1|1760|2243	QE0436-C.g591	82.840	507	47	6	1	484	1702	2191	0.0	738
PfHB3_000008800|ATS|1|1760|2243	PC0122-C.g587	81.526	498	61	6	1	484	3364	3844	0.0	738
PfHB3_000008800|ATS|1|1760|2243	PA0270-C.g443	79.630	486	66	7	1	484	2185	2639	0.0	736
PfHB3_000011350|NTS|1|1|73	PA0197-C.g678	91.781	73	6	0	1	73	1	73	8.43e-41	143
PfHB3_000011350|NTS|1|1|73	PA0185-C.g758	96.825	63	2	0	11	73	19	81	4.09e-36	129
PfHB3_000011350|NTS|1|1|73	PV0265-C.g37	96.825	63	2	0	11	73	19	81	4.72e-36	129
PfHB3_000011350|NTS|1|1|73	PM0133-C.g332	85.135	74	10	1	1	73	1	74	7.62e-36	129
PfHB3_000011350|NTS|1|1|73	PM0068-C.g631	79.452	73	15	0	1	73	1	73	3.89e-35	127
PfHB3_000011350|DBLa|1|74|492	QE0465-C.g654	92.124	419	31	1	1	419	73	489	0.0	788
PfHB3_000011350|DBLa|1|74|492	QE0465-C.g654	21.333	375	222	8	100	419	954	1310	6.78e-14	76.3
PfHB3_000011350|DBLa|1|74|492	PD0545-C.g856	92.124	419	31	1	1	419	73	489	0.0	787
PfHB3_000011350|DBLa|1|74|492	PD0545-C.g856	24.455	413	239	17	56	419	946	1334	1.26e-18	90.9
PfHB3_000011350|DBLa|1|74|492	PD0526-C.g887	92.124	419	31	1	1	419	73	489	0.0	787
PfHB3_000011350|DBLa|1|74|492	PD0526-C.g887	24.455	413	239	17	56	419	946	1334	1.26e-18	90.9
PfHB3_000011350|DBLa|1|74|492	PD0483-C.g839	92.124	419	31	1	1	419	73	489	0.0	787
PfHB3_000011350|DBLa|1|74|492	PD0483-C.g839	24.455	413	239	17	56	419	946	1334	1.26e-18	90.9
PfHB3_000011350|DBLa|1|74|492	QE0398-C.g817	92.124	419	31	1	1	419	74	490	0.0	786
PfHB3_000011350|DBLa|1|74|492	QE0398-C.g817	24.576	354	215	10	102	419	980	1317	5.99e-22	101
PfHB3_000011350|CIDRa|1|493|737	PV0265-C.g37	92.213	244	19	0	1	244	496	739	3.48e-150	456
PfHB3_000011350|CIDRa|1|493|737	PA0185-C.g758	92.623	244	18	0	1	244	502	745	1.62e-149	457
PfHB3_000011350|CIDRa|1|493|737	SenP027.02.g179	92.245	245	19	0	1	245	109	353	7.61e-149	459
PfHB3_000011350|CIDRa|1|493|737	QE0465-C.g654	93.469	245	16	0	1	245	490	734	1.99e-148	454
PfHB3_000011350|CIDRa|1|493|737	QE0398-C.g817	93.469	245	16	0	1	245	491	735	5.77e-148	454
PfHB3_000011350|DBLd|1|828|1302	PM0134-C.g221	55.638	541	158	16	1	475	41	565	1.08e-172	529
PfHB3_000011350|DBLd|1|828|1302	PM0090-C.g643	51.407	533	170	14	1	475	861	1362	9.29e-157	488
PfHB3_000011350|DBLd|1|828|1302	PM0090-C.g643	34.259	108	68	2	295	401	302	407	4.64e-14	77.4
PfHB3_000011350|DBLd|1|828|1302	PM0159-C.g202	53.668	518	184	15	1	475	904	1408	6.73e-154	486
PfHB3_000011350|DBLd|1|828|1302	PM0159-C.g202	36.308	325	182	11	163	475	1775	2086	1.48e-50	187
PfHB3_000011350|DBLd|1|828|1302	PM0159-C.g202	29.310	116	61	1	287	402	300	394	2.84e-08	58.9
PfHB3_000011350|DBLd|1|828|1302	PA0208-C.g140	54.297	512	186	15	1	475	873	1373	1.53e-152	482
PfHB3_000011350|DBLd|1|828|1302	PA0208-C.g140	27.564	156	95	6	260	401	235	386	2.20e-10	65.9
PfHB3_000011350|DBLd|1|828|1302	PM0018-C.g1094	51.373	510	204	12	1	475	890	1390	4.87e-152	475
PfHB3_000011350|DBLd|1|828|1302	PM0018-C.g1094	26.420	352	191	13	163	475	187	509	2.87e-16	84.3
PfHB3_000011350|CIDRg|1|1303|1549	PM0004-C.g273	76.210	248	57	2	1	247	568	814	4.97e-123	387
PfHB3_000011350|CIDRg|1|1303|1549	QE0404-C.g197	77.200	250	52	3	1	247	1389	1636	1.33e-122	386
PfHB3_000011350|CIDRg|1|1303|1549	QG0243-C.g1843	75.806	248	58	2	1	247	1654	1900	1.48e-122	385
PfHB3_000011350|CIDRg|1|1303|1549	QG0243-C.g1843	27.011	174	120	3	17	187	489	658	3.47e-12	68.2
PfHB3_000011350|CIDRg|1|1303|1549	QE0470-C.g189	77.200	250	52	3	1	247	1717	1964	5.97e-122	384
PfHB3_000011350|CIDRg|1|1303|1549	PM0063-C.g652	72.835	254	61	3	1	247	1675	1927	2.43e-117	370
PfHB3_000011350|CIDRg|1|1303|1549	PM0063-C.g652	27.528	178	110	6	1	163	473	646	5.42e-09	58.5
PfHB3_000011350|DBLz|1|1588|2008	PM0071-C.g547	81.991	422	75	1	1	421	663	1084	0.0	697
PfHB3_000011350|DBLz|1|1588|2008	PM0071-C.g547	24.746	295	172	10	82	367	1124	1377	1.78e-12	72.0
PfHB3_000011350|DBLz|1|1588|2008	PM0071-C.g547	25.633	316	184	12	135	421	77	370	1.97e-07	55.8
PfHB3_000011350|DBLz|1|1588|2008	PA0148-C.g345	82.033	423	74	2	1	421	1721	2143	0.0	695
PfHB3_000011350|DBLz|1|1588|2008	PA0148-C.g345	32.787	427	236	14	6	390	48	465	4.88e-48	178
PfHB3_000011350|DBLz|1|1588|2008	PA0148-C.g345	26.429	280	158	10	82	352	2183	2423	1.07e-13	75.9
PfHB3_000011350|DBLz|1|1588|2008	PA0148-C.g345	23.796	353	167	15	149	421	1099	1429	6.07e-08	57.8
PfHB3_000011350|DBLz|1|1588|2008	PC0023-C.g35	80.806	422	76	3	1	421	353	770	0.0	682
PfHB3_000011350|DBLz|1|1588|2008	PC0023-C.g35	25.882	255	145	9	82	331	810	1025	2.01e-12	71.6
PfHB3_000011350|DBLz|1|1588|2008	PV0209-C.g17	78.910	422	88	1	1	421	1423	1844	0.0	679
PfHB3_000011350|DBLz|1|1588|2008	PV0209-C.g17	33.433	335	189	10	102	403	2	335	3.13e-35	140
PfHB3_000011350|DBLz|1|1588|2008	PV0209-C.g17	25.882	255	145	9	82	331	1884	2099	2.87e-12	71.2
PfHB3_000011350|DBLz|1|1588|2008	PV0209-C.g17	24.798	371	175	13	94	383	757	1104	1.34e-11	69.3
PfHB3_000011350|DBLz|1|1588|2008	QE0444-C.g31	79.433	423	84	2	1	421	2345	2766	0.0	669
PfHB3_000011350|DBLz|1|1588|2008	QE0444-C.g31	34.615	364	190	11	2	349	740	1071	1.59e-45	171
PfHB3_000011350|DBLz|1|1588|2008	QE0444-C.g31	30.094	319	196	7	94	390	115	428	1.09e-34	139
PfHB3_000011350|DBLz|1|1588|2008	QE0444-C.g31	26.146	371	224	14	85	421	1253	1607	2.98e-19	93.2
PfHB3_000011350|DBLz|1|1588|2008	QE0444-C.g31	29.134	254	137	10	82	331	2807	3021	2.93e-16	84.0
PfHB3_000011350|DBLz|1|1588|2008	QE0444-C.g31	24.570	407	216	9	42	376	1624	2011	1.42e-15	81.6
PfHB3_000011350|DBLe|1|2013|2332	PA0193-C.g330	92.381	315	23	1	1	314	2030	2344	0.0	608
PfHB3_000011350|DBLe|1|2013|2332	PA0193-C.g330	27.609	297	160	12	51	297	1698	1989	1.83e-14	76.6
PfHB3_000011350|DBLe|1|2013|2332	PA0193-C.g330	27.602	221	117	6	41	218	111	331	3.83e-12	69.7
PfHB3_000011350|DBLe|1|2013|2332	QG0260-C.g994	84.444	315	48	1	1	314	1445	1759	0.0	564
PfHB3_000011350|DBLe|1|2013|2332	QG0260-C.g994	26.596	282	145	12	36	274	1099	1361	2.12e-16	82.4
PfHB3_000011350|DBLe|1|2013|2332	PA0047-C.g244	78.931	318	63	3	1	314	802	1119	1.37e-175	520
PfHB3_000011350|DBLe|1|2013|2332	PA0047-C.g244	26.113	337	184	14	34	312	449	778	1.86e-17	85.5
PfHB3_000011350|DBLe|1|2013|2332	PH0769-C.g820	77.950	322	68	3	1	320	1057	1377	2.07e-172	518
PfHB3_000011350|DBLe|1|2013|2332	PH0769-C.g820	28.852	305	158	13	51	310	722	1012	1.57e-17	85.9
PfHB3_000011350|DBLe|1|2013|2332	PH0774-C.g787	77.950	322	68	3	1	320	1148	1468	6.50e-172	518
PfHB3_000011350|DBLe|1|2013|2332	PH0774-C.g787	28.852	305	158	13	51	310	813	1103	1.58e-17	85.9
PfHB3_000011350|ATS|1|2376|2613	PV0239-C.g5	74.590	244	52	4	1	235	4871	5113	1.10e-110	351
PfHB3_000011350|ATS|1|2376|2613	PC0097-C.g664	77.642	246	42	4	1	235	2364	2607	1.46e-110	351
PfHB3_000011350|ATS|1|2376|2613	PFKE01.g326	76.113	247	47	4	1	235	1767	2013	1.73e-109	348
PfHB3_000011350|ATS|1|2376|2613	PV0211-C.g136	78.243	239	47	3	2	235	837	1075	4.56e-109	342
PfHB3_000011350|ATS|1|2376|2613	PV0301-C.g61	88.614	202	19	2	1	198	1726	1927	1.04e-107	342
