PfIT_010005000|NTS|1|1|60	PH0114-C.g8	100.000	60	0	0	1	60	1	60	1.00e-33	122
PfIT_010005000|NTS|1|1|60	PD0473-C.g531	100.000	60	0	0	1	60	1	60	2.43e-30	112
PfIT_010005000|NTS|1|1|60	QE0429-C.g136	100.000	60	0	0	1	60	1	60	3.84e-30	112
PfIT_010005000|NTS|1|1|60	PD0532-C.g286	100.000	60	0	0	1	60	1	60	3.84e-30	112
PfIT_010005000|NTS|1|1|60	PD0518-C.g298	100.000	60	0	0	1	60	1	60	3.84e-30	112
PfIT_010005000|DBLa|1|63|478	PH0114-C.g8	100.000	416	0	0	1	416	63	478	0.0	870
PfIT_010005000|DBLa|1|63|478	PH0114-C.g8	29.799	349	164	14	6	337	813	1097	3.64e-27	117
PfIT_010005000|DBLa|1|63|478	QE0429-C.g136	100.000	416	0	0	1	416	63	478	0.0	868
PfIT_010005000|DBLa|1|63|478	QE0429-C.g136	29.799	349	164	14	6	337	813	1097	4.31e-27	116
PfIT_010005000|DBLa|1|63|478	QE0429-C.g136	24.606	317	151	11	52	336	2567	2827	1.24e-15	82.0
PfIT_010005000|DBLa|1|63|478	QE0429-C.g136	21.875	352	187	8	117	416	1871	2186	2.64e-13	74.7
PfIT_010005000|DBLa|1|63|478	PD0532-C.g286	100.000	416	0	0	1	416	63	478	0.0	868
PfIT_010005000|DBLa|1|63|478	PD0532-C.g286	29.799	349	164	14	6	337	813	1097	4.31e-27	116
PfIT_010005000|DBLa|1|63|478	PD0532-C.g286	24.606	317	151	11	52	336	2567	2827	1.24e-15	82.0
PfIT_010005000|DBLa|1|63|478	PD0532-C.g286	21.875	352	187	8	117	416	1871	2186	2.64e-13	74.7
PfIT_010005000|DBLa|1|63|478	PD0518-C.g298	100.000	416	0	0	1	416	63	478	0.0	868
PfIT_010005000|DBLa|1|63|478	PD0518-C.g298	29.799	349	164	14	6	337	813	1097	4.31e-27	116
PfIT_010005000|DBLa|1|63|478	PD0518-C.g298	24.606	317	151	11	52	336	2567	2827	1.24e-15	82.0
PfIT_010005000|DBLa|1|63|478	PD0518-C.g298	21.875	352	187	8	117	416	1871	2186	2.64e-13	74.7
PfIT_010005000|DBLa|1|63|478	PD0514-C.g908	100.000	416	0	0	1	416	63	478	0.0	868
PfIT_010005000|DBLa|1|63|478	PD0514-C.g908	29.799	349	164	14	6	337	813	1097	4.31e-27	116
PfIT_010005000|DBLa|1|63|478	PD0514-C.g908	24.606	317	151	11	52	336	2567	2827	1.24e-15	82.0
PfIT_010005000|DBLa|1|63|478	PD0514-C.g908	21.875	352	187	8	117	416	1871	2186	2.64e-13	74.7
PfIT_010005000|CIDRa|1|479|732	PH0114-C.g8	100.000	254	0	0	1	254	479	732	2.09e-172	524
PfIT_010005000|CIDRa|1|479|732	QE0429-C.g136	100.000	254	0	0	1	254	479	732	4.05e-170	522
PfIT_010005000|CIDRa|1|479|732	QE0429-C.g136	26.337	243	169	8	5	243	2191	2427	1.45e-11	66.6
PfIT_010005000|CIDRa|1|479|732	PD0532-C.g286	100.000	254	0	0	1	254	479	732	4.05e-170	522
PfIT_010005000|CIDRa|1|479|732	PD0532-C.g286	26.337	243	169	8	5	243	2191	2427	1.45e-11	66.6
PfIT_010005000|CIDRa|1|479|732	PD0518-C.g298	100.000	254	0	0	1	254	479	732	4.05e-170	522
PfIT_010005000|CIDRa|1|479|732	PD0518-C.g298	26.337	243	169	8	5	243	2191	2427	1.45e-11	66.6
PfIT_010005000|CIDRa|1|479|732	PD0514-C.g908	100.000	254	0	0	1	254	479	732	4.05e-170	522
PfIT_010005000|CIDRa|1|479|732	PD0514-C.g908	26.337	243	169	8	5	243	2191	2427	1.45e-11	66.6
PfIT_010005000|DBLb|1|738|1220	PH0114-C.g8	100.000	483	0	0	1	483	738	1220	0.0	1003
PfIT_010005000|DBLb|1|738|1220	PH0114-C.g8	29.024	379	187	16	47	360	38	399	3.75e-28	121
PfIT_010005000|DBLb|1|738|1220	QE0429-C.g136	100.000	483	0	0	1	483	738	1220	0.0	1001
PfIT_010005000|DBLb|1|738|1220	QE0429-C.g136	29.024	379	187	16	47	360	38	399	4.69e-28	120
PfIT_010005000|DBLb|1|738|1220	QE0429-C.g136	25.723	346	188	15	64	367	2517	2835	4.80e-14	77.8
PfIT_010005000|DBLb|1|738|1220	PD0532-C.g286	100.000	483	0	0	1	483	738	1220	0.0	1001
PfIT_010005000|DBLb|1|738|1220	PD0532-C.g286	29.024	379	187	16	47	360	38	399	4.69e-28	120
PfIT_010005000|DBLb|1|738|1220	PD0532-C.g286	25.723	346	188	15	64	367	2517	2835	4.80e-14	77.8
PfIT_010005000|DBLb|1|738|1220	PD0518-C.g298	100.000	483	0	0	1	483	738	1220	0.0	1001
PfIT_010005000|DBLb|1|738|1220	PD0518-C.g298	29.024	379	187	16	47	360	38	399	4.69e-28	120
PfIT_010005000|DBLb|1|738|1220	PD0518-C.g298	25.723	346	188	15	64	367	2517	2835	4.80e-14	77.8
PfIT_010005000|DBLb|1|738|1220	PD0514-C.g908	100.000	483	0	0	1	483	738	1220	0.0	1001
PfIT_010005000|DBLb|1|738|1220	PD0514-C.g908	29.024	379	187	16	47	360	38	399	4.69e-28	120
PfIT_010005000|DBLb|1|738|1220	PD0514-C.g908	25.723	346	188	15	64	367	2517	2835	4.80e-14	77.8
PfIT_010005000|DBLg|1|1277|1630	PH0114-C.g8	100.000	354	0	0	1	354	1277	1630	0.0	733
PfIT_010005000|DBLg|1|1277|1630	PH0114-C.g8	31.416	226	112	6	1	183	1722	1947	3.52e-19	91.7
PfIT_010005000|DBLg|1|1277|1630	QE0429-C.g136	100.000	354	0	0	1	354	1277	1630	0.0	731
PfIT_010005000|DBLg|1|1277|1630	QE0429-C.g136	37.006	354	186	11	1	326	2525	2869	5.54e-59	208
PfIT_010005000|DBLg|1|1277|1630	QE0429-C.g136	26.914	405	186	13	1	295	1722	2126	2.21e-26	113
PfIT_010005000|DBLg|1|1277|1630	PD0532-C.g286	100.000	354	0	0	1	354	1277	1630	0.0	731
PfIT_010005000|DBLg|1|1277|1630	PD0532-C.g286	37.006	354	186	11	1	326	2525	2869	5.54e-59	208
PfIT_010005000|DBLg|1|1277|1630	PD0532-C.g286	26.914	405	186	13	1	295	1722	2126	2.21e-26	113
PfIT_010005000|DBLg|1|1277|1630	PD0518-C.g298	100.000	354	0	0	1	354	1277	1630	0.0	731
PfIT_010005000|DBLg|1|1277|1630	PD0518-C.g298	37.006	354	186	11	1	326	2525	2869	5.54e-59	208
PfIT_010005000|DBLg|1|1277|1630	PD0518-C.g298	26.914	405	186	13	1	295	1722	2126	2.21e-26	113
PfIT_010005000|DBLg|1|1277|1630	PD0514-C.g908	100.000	354	0	0	1	354	1277	1630	0.0	731
PfIT_010005000|DBLg|1|1277|1630	PD0514-C.g908	37.006	354	186	11	1	326	2525	2869	5.54e-59	208
PfIT_010005000|DBLg|1|1277|1630	PD0514-C.g908	26.914	405	186	13	1	295	1722	2126	2.21e-26	113
PfIT_010005000|DBLd|1|1722|2186	QE0429-C.g136	100.000	465	0	0	1	465	1722	2186	0.0	959
PfIT_010005000|DBLd|1|1722|2186	QE0429-C.g136	29.902	408	182	14	1	405	2525	2831	2.29e-35	142
PfIT_010005000|DBLd|1|1722|2186	QE0429-C.g136	27.160	405	185	13	1	405	1277	1571	2.86e-27	118
PfIT_010005000|DBLd|1|1722|2186	QE0429-C.g136	26.012	173	112	3	309	465	306	478	2.32e-11	68.9
PfIT_010005000|DBLd|1|1722|2186	PD0532-C.g286	100.000	465	0	0	1	465	1722	2186	0.0	959
PfIT_010005000|DBLd|1|1722|2186	PD0532-C.g286	29.902	408	182	14	1	405	2525	2831	2.29e-35	142
PfIT_010005000|DBLd|1|1722|2186	PD0532-C.g286	27.160	405	185	13	1	405	1277	1571	2.86e-27	118
PfIT_010005000|DBLd|1|1722|2186	PD0532-C.g286	26.012	173	112	3	309	465	306	478	2.32e-11	68.9
PfIT_010005000|DBLd|1|1722|2186	PD0518-C.g298	100.000	465	0	0	1	465	1722	2186	0.0	959
PfIT_010005000|DBLd|1|1722|2186	PD0518-C.g298	29.902	408	182	14	1	405	2525	2831	2.29e-35	142
PfIT_010005000|DBLd|1|1722|2186	PD0518-C.g298	27.160	405	185	13	1	405	1277	1571	2.86e-27	118
PfIT_010005000|DBLd|1|1722|2186	PD0518-C.g298	26.012	173	112	3	309	465	306	478	2.32e-11	68.9
PfIT_010005000|DBLd|1|1722|2186	PD0514-C.g908	100.000	465	0	0	1	465	1722	2186	0.0	959
PfIT_010005000|DBLd|1|1722|2186	PD0514-C.g908	29.902	408	182	14	1	405	2525	2831	2.29e-35	142
PfIT_010005000|DBLd|1|1722|2186	PD0514-C.g908	27.160	405	185	13	1	405	1277	1571	2.86e-27	118
PfIT_010005000|DBLd|1|1722|2186	PD0514-C.g908	26.012	173	112	3	309	465	306	478	2.32e-11	68.9
PfIT_010005000|DBLd|1|1722|2186	PH0497-CW.g666	97.802	455	9	1	11	465	910	1363	0.0	914
PfIT_010005000|DBLd|1|1722|2186	PH0497-CW.g666	35.052	97	58	2	309	401	334	429	2.46e-10	65.5
PfIT_010005000|CIDRb|1|2187|2439	PH0549-C.g70	100.000	253	0	0	1	253	507	759	2.97e-177	523
PfIT_010005000|CIDRb|1|2187|2439	PH0117-C.g23	100.000	253	0	0	1	253	635	887	1.33e-176	525
PfIT_010005000|CIDRb|1|2187|2439	PH0856-C.g333	100.000	253	0	0	1	253	1351	1603	3.00e-172	525
PfIT_010005000|CIDRb|1|2187|2439	PH0856-C.g333	33.333	84	48	3	92	167	617	700	2.21e-08	57.0
PfIT_010005000|CIDRb|1|2187|2439	PV0239-C.g78	100.000	253	0	0	1	253	1379	1631	3.51e-172	525
PfIT_010005000|CIDRb|1|2187|2439	PD0632-C.g410	100.000	253	0	0	1	253	1281	1533	7.62e-172	523
PfIT_010005000|DBLg|2|2525|2903	PH0117-C.g23	100.000	379	0	0	1	379	973	1351	0.0	792
PfIT_010005000|DBLg|2|2525|2903	PH0117-C.g23	29.443	377	167	13	30	307	198	574	5.61e-38	147
PfIT_010005000|DBLg|2|2525|2903	PD0473-C.g531	100.000	379	0	0	1	379	1779	2157	0.0	792
PfIT_010005000|DBLg|2|2525|2903	PD0473-C.g531	29.348	276	132	8	95	307	1105	1380	1.69e-25	110
PfIT_010005000|DBLg|2|2525|2903	PD0473-C.g531	25.155	322	163	12	43	309	114	412	1.76e-13	74.7
PfIT_010005000|DBLg|2|2525|2903	PV0239-C.g78	100.000	379	0	0	1	379	1717	2095	0.0	791
PfIT_010005000|DBLg|2|2525|2903	PV0239-C.g78	28.612	353	171	9	35	307	967	1318	4.89e-36	142
PfIT_010005000|DBLg|2|2525|2903	PV0239-C.g78	24.148	352	212	11	1	303	64	409	1.21e-13	75.1
PfIT_010005000|DBLg|2|2525|2903	PH0856-C.g333	100.000	379	0	0	1	379	1689	2067	0.0	791
PfIT_010005000|DBLg|2|2525|2903	PH0856-C.g333	29.443	377	167	13	30	307	914	1290	1.23e-37	147
PfIT_010005000|DBLg|2|2525|2903	PH0856-C.g333	25.148	338	153	14	34	306	111	413	5.91e-14	76.3
PfIT_010005000|DBLg|2|2525|2903	PH0549-C.g70	100.000	379	0	0	1	379	845	1223	0.0	790
PfIT_010005000|DBLg|2|2525|2903	PH0549-C.g70	29.443	377	167	13	30	307	70	446	7.47e-38	147
PfIT_010005000|ATS|1|2958|3373	PFKE07.g667	74.783	460	62	7	1	416	2365	2814	0.0	660
PfIT_010005000|ATS|1|2958|3373	PFKE07.g1065	77.931	435	65	6	2	416	1645	2068	0.0	655
PfIT_010005000|ATS|1|2958|3373	PV0147-C.g56	75.112	446	79	10	1	416	1700	2143	0.0	612
PfIT_010005000|ATS|1|2958|3373	PFKE11.g708	70.549	455	84	8	1	416	1918	2361	0.0	611
PfIT_010005000|ATS|1|2958|3373	PA0157-C.g190	70.742	458	88	10	1	416	2245	2698	0.0	603
PfIT_020005200|NTS|1|1|64	QE0452-C.g404	100.000	64	0	0	1	64	1	64	3.40e-37	132
PfIT_020005200|NTS|1|1|64	PD0518-C.g470	100.000	64	0	0	1	64	1	64	5.16e-37	131
PfIT_020005200|NTS|1|1|64	PD0565-C.g458	100.000	64	0	0	1	64	1	64	5.26e-37	131
PfIT_020005200|NTS|1|1|64	PD0474-C.g774	100.000	64	0	0	1	64	1	64	5.26e-37	131
PfIT_020005200|NTS|1|1|64	QE0459-C.g493	100.000	64	0	0	1	64	1	64	6.21e-37	131
PfIT_020005200|DBLa|1|65|482	PV0301-C.g50	100.000	418	0	0	1	418	65	482	0.0	880
PfIT_020005200|DBLa|1|65|482	PV0301-C.g50	34.234	222	99	7	52	258	852	1041	1.65e-28	120
PfIT_020005200|DBLa|1|65|482	PV0301-C.g50	24.643	280	164	7	101	343	1428	1697	3.83e-12	70.9
PfIT_020005200|DBLa|1|65|482	PD0585-C.g561	100.000	418	0	0	1	418	62	479	0.0	879
PfIT_020005200|DBLa|1|65|482	PD0585-C.g561	34.234	222	99	7	52	258	849	1038	2.31e-28	120
PfIT_020005200|DBLa|1|65|482	PD0585-C.g561	24.167	240	129	8	119	320	1443	1667	7.69e-08	57.4
PfIT_020005200|DBLa|1|65|482	QE0459-C.g493	100.000	418	0	0	1	418	65	482	0.0	879
PfIT_020005200|DBLa|1|65|482	QE0459-C.g493	33.929	224	101	7	52	260	852	1043	2.05e-28	120
PfIT_020005200|DBLa|1|65|482	QE0459-C.g493	33.679	193	116	6	232	418	1590	1776	2.64e-17	87.0
PfIT_020005200|DBLa|1|65|482	PD0518-C.g470	100.000	418	0	0	1	418	65	482	0.0	878
PfIT_020005200|DBLa|1|65|482	PD0518-C.g470	34.234	222	99	7	52	258	852	1041	2.12e-28	120
PfIT_020005200|DBLa|1|65|482	PD0518-C.g470	25.714	350	191	9	119	418	1447	1777	4.38e-21	98.6
PfIT_020005200|DBLa|1|65|482	PD0565-C.g458	100.000	418	0	0	1	418	65	482	0.0	877
PfIT_020005200|DBLa|1|65|482	PD0565-C.g458	34.234	222	99	7	52	258	852	1041	2.19e-28	120
PfIT_020005200|DBLa|1|65|482	PD0565-C.g458	25.714	350	191	9	119	418	1447	1777	5.24e-21	98.2
PfIT_020005200|CIDRa|1|483|738	PD0515-C.g472	100.000	256	0	0	1	256	296	551	9.70e-179	524
PfIT_020005200|CIDRa|1|483|738	PD0565-C.g458	100.000	256	0	0	1	256	483	738	3.86e-173	528
PfIT_020005200|CIDRa|1|483|738	PD0565-C.g458	25.630	238	140	7	25	248	1806	2020	1.96e-15	78.2
PfIT_020005200|CIDRa|1|483|738	PD0474-C.g774	100.000	256	0	0	1	256	483	738	3.86e-173	528
PfIT_020005200|CIDRa|1|483|738	PD0474-C.g774	25.630	238	140	7	25	248	1806	2020	1.96e-15	78.2
PfIT_020005200|CIDRa|1|483|738	QE0459-C.g493	100.000	256	0	0	1	256	483	738	4.23e-173	527
PfIT_020005200|CIDRa|1|483|738	PD0585-C.g561	100.000	256	0	0	1	256	480	735	5.44e-173	527
PfIT_020005200|CIDRa|1|483|738	PD0585-C.g561	30.986	142	84	4	34	171	1789	1920	1.68e-09	60.5
PfIT_020005200|DBLb|1|745|1195	PV0301-C.g50	100.000	451	0	0	1	451	745	1195	0.0	949
PfIT_020005200|DBLb|1|745|1195	PV0301-C.g50	34.234	222	99	7	108	297	116	322	3.55e-27	117
PfIT_020005200|DBLb|1|745|1195	PD0518-C.g470	100.000	451	0	0	1	451	745	1195	0.0	948
PfIT_020005200|DBLb|1|745|1195	PD0518-C.g470	34.234	222	99	7	108	297	116	322	2.69e-27	118
PfIT_020005200|DBLb|1|745|1195	PD0565-C.g458	100.000	451	0	0	1	451	745	1195	0.0	948
PfIT_020005200|DBLb|1|745|1195	PD0565-C.g458	34.234	222	99	7	108	297	116	322	3.16e-27	117
PfIT_020005200|DBLb|1|745|1195	PD0474-C.g774	100.000	451	0	0	1	451	745	1195	0.0	948
PfIT_020005200|DBLb|1|745|1195	PD0474-C.g774	34.234	222	99	7	108	297	116	322	3.16e-27	117
PfIT_020005200|DBLb|1|745|1195	QE0459-C.g493	100.000	451	0	0	1	451	745	1195	0.0	947
PfIT_020005200|DBLb|1|745|1195	QE0459-C.g493	34.234	222	99	7	108	297	116	322	1.77e-27	118
PfIT_020005200|DBLd|1|1259|1771	QE0452-C.g404	100.000	513	0	0	1	513	1259	1771	0.0	1055
PfIT_020005200|DBLd|1|1259|1771	QE0452-C.g404	27.394	449	171	16	1	447	2127	2422	2.50e-29	125
PfIT_020005200|DBLd|1|1259|1771	QE0452-C.g404	32.000	200	119	3	329	513	285	482	4.84e-22	103
PfIT_020005200|DBLd|1|1259|1771	QE0453-C.g804	89.319	543	28	2	1	513	805	1347	0.0	888
PfIT_020005200|DBLd|1|1259|1771	QE0453-C.g804	26.915	457	163	16	1	447	1703	1998	3.94e-29	124
PfIT_020005200|DBLd|1|1259|1771	QE0453-C.g804	23.626	364	204	10	170	513	160	469	7.98e-18	89.7
PfIT_020005200|DBLd|1|1259|1771	PD0565-C.g458	85.192	520	69	4	1	513	1259	1777	0.0	813
PfIT_020005200|DBLd|1|1259|1771	PD0565-C.g458	32.000	200	119	3	329	513	285	482	4.65e-22	103
PfIT_020005200|DBLd|1|1259|1771	PD0518-C.g470	85.192	520	69	4	1	513	1259	1777	0.0	813
PfIT_020005200|DBLd|1|1259|1771	PD0518-C.g470	32.000	200	119	3	329	513	285	482	4.12e-22	103
PfIT_020005200|DBLd|1|1259|1771	PD0474-C.g774	85.192	520	69	4	1	513	1259	1777	0.0	813
PfIT_020005200|DBLd|1|1259|1771	PD0474-C.g774	32.000	200	119	3	329	513	285	482	4.65e-22	103
PfIT_020005200|CIDRg|1|1772|2040	QE0452-C.g404	100.000	269	0	0	1	269	1772	2040	0.0	553
PfIT_020005200|CIDRg|1|1772|2040	QE0453-C.g804	100.000	269	0	0	1	269	1348	1616	0.0	553
PfIT_020005200|CIDRg|1|1772|2040	PM0068-C.g445	73.684	266	69	1	1	265	1322	1587	4.20e-129	403
PfIT_020005200|CIDRg|1|1772|2040	PF0400-C.g392	73.684	266	69	1	1	265	1339	1604	5.47e-129	403
PfIT_020005200|CIDRg|1|1772|2040	PF0449-C.g786	72.426	272	64	6	1	269	1353	1616	1.07e-122	385
PfIT_020005200|CIDRg|1|1772|2040	PF0449-C.g786	30.000	150	98	4	115	260	641	787	2.52e-08	57.0
PfIT_020005200|DBLg|1|2127|2492	QE0452-C.g404	100.000	366	0	0	1	366	2127	2492	0.0	765
PfIT_020005200|DBLg|1|2127|2492	QE0452-C.g404	27.335	439	148	17	1	278	1259	1687	1.31e-26	114
PfIT_020005200|DBLg|1|2127|2492	QE0452-C.g404	26.531	343	191	18	1	291	65	398	3.88e-12	70.5
PfIT_020005200|DBLg|1|2127|2492	QE0452-C.g404	25.606	289	160	12	36	300	845	1102	1.26e-11	68.6
PfIT_020005200|DBLg|1|2127|2492	QE0453-C.g804	100.000	366	0	0	1	366	1703	2068	0.0	764
PfIT_020005200|DBLg|1|2127|2492	QE0453-C.g804	29.781	319	121	12	63	278	945	1263	1.69e-25	110
PfIT_020005200|DBLg|1|2127|2492	QE0453-C.g804	23.856	306	174	10	31	291	95	386	1.61e-12	71.6
PfIT_020005200|DBLg|1|2127|2492	QE0460-C.g47	70.667	375	96	5	1	366	720	1089	2.97e-177	525
PfIT_020005200|DBLg|1|2127|2492	QE0460-C.g47	31.250	256	129	7	100	311	39	291	2.85e-26	112
PfIT_020005200|DBLg|1|2127|2492	QE0463-C.g72	70.667	375	96	5	1	366	703	1072	3.15e-177	525
PfIT_020005200|DBLg|1|2127|2492	QE0463-C.g72	31.780	236	115	6	100	291	22	255	3.75e-26	112
PfIT_020005200|DBLg|1|2127|2492	QE0436-C.g61	70.667	375	96	5	1	366	777	1146	9.38e-177	525
PfIT_020005200|DBLg|1|2127|2492	QE0436-C.g61	30.435	299	133	8	66	291	33	329	1.75e-30	125
PfIT_020005200|ATS|1|2547|2975	PV0028-C.g43	82.380	437	69	6	1	429	1843	2279	0.0	718
PfIT_020005200|ATS|1|2547|2975	PFKE07.g667	80.000	450	67	8	2	429	2366	2814	0.0	699
PfIT_020005200|ATS|1|2547|2975	PFKE11.g708	76.629	445	87	5	1	429	1918	2361	0.0	667
PfIT_020005200|ATS|1|2547|2975	PC0122-C.g20	77.752	436	88	7	2	429	2347	2781	0.0	665
PfIT_020005200|ATS|1|2547|2975	PfKE05.g393	78.060	433	74	6	1	429	2567	2982	0.0	658
PfIT_020027600|NTS|1|1|132	PD0507-C.g397	100.000	132	0	0	1	132	1	132	2.70e-82	265
PfIT_020027600|NTS|1|1|132	PT0027-C.g592	95.161	62	3	0	69	130	71	132	2.15e-35	130
PfIT_020027600|NTS|1|1|132	PF0098-C.g449	95.161	62	3	0	69	130	120	181	2.36e-35	130
PfIT_020027600|NTS|1|1|132	PF0157-C.g201	95.000	60	3	0	71	130	77	136	3.67e-34	127
PfIT_020027600|NTS|1|1|132	PA0041-C.g129	81.250	64	12	0	69	132	58	121	5.88e-31	118
PfIT_020027600|DBLa|1|133|542	PD0507-C.g397	100.000	410	0	0	1	410	133	542	0.0	862
PfIT_020027600|DBLa|1|133|542	PD0507-C.g397	29.781	319	156	12	58	351	921	1196	1.17e-27	118
PfIT_020027600|DBLa|1|133|542	PD0507-C.g397	22.188	320	177	9	47	331	1341	1623	7.76e-09	60.5
PfIT_020027600|DBLa|1|133|542	PA0027-C.g163	82.933	416	65	3	1	410	113	528	0.0	687
PfIT_020027600|DBLa|1|133|542	PA0027-C.g163	30.566	265	139	7	44	286	883	1124	3.56e-31	128
PfIT_020027600|DBLa|1|133|542	PA0027-C.g163	24.085	328	177	11	121	410	1984	2277	2.43e-12	71.6
PfIT_020027600|DBLa|1|133|542	PA0021-C.g284	82.933	416	65	3	1	410	73	488	0.0	686
PfIT_020027600|DBLa|1|133|542	PA0021-C.g284	30.566	265	139	7	44	286	843	1084	3.69e-31	128
PfIT_020027600|DBLa|1|133|542	PA0021-C.g284	24.085	328	177	11	121	410	1944	2237	2.80e-12	71.2
PfIT_020027600|DBLa|1|133|542	QE0467-C.g294	80.285	421	69	3	1	410	128	545	0.0	672
PfIT_020027600|DBLa|1|133|542	QE0467-C.g294	29.316	307	160	10	44	331	904	1172	7.58e-29	121
PfIT_020027600|DBLa|1|133|542	QE0467-C.g294	25.893	336	188	9	47	374	1353	1635	1.81e-15	81.3
PfIT_020027600|DBLa|1|133|542	QE0467-C.g294	25.862	174	97	5	181	323	2029	2201	6.72e-10	63.9
PfIT_020027600|DBLa|1|133|542	PF0098-C.g449	79.952	414	76	5	1	410	184	594	0.0	649
PfIT_020027600|DBLa|1|133|542	PF0098-C.g449	29.333	375	189	16	1	351	921	1243	1.73e-33	135
PfIT_020027600|DBLa|1|133|542	PF0098-C.g449	28.295	258	136	8	189	410	2169	2413	1.04e-15	82.0
PfIT_020027600|DBLa|1|133|542	PF0098-C.g449	22.642	318	173	7	47	331	1407	1684	2.75e-09	62.0
PfIT_020027600|CIDRa|1|543|797	PD0507-C.g397	100.000	255	0	0	1	255	543	797	7.64e-172	527
PfIT_020027600|CIDRa|1|543|797	PA0027-C.g163	92.369	249	19	0	1	249	529	777	9.26e-144	447
PfIT_020027600|CIDRa|1|543|797	PA0027-C.g163	29.114	158	96	5	104	253	2381	2530	1.57e-07	54.3
PfIT_020027600|CIDRa|1|543|797	PA0021-C.g284	92.369	249	19	0	1	249	489	737	1.06e-143	447
PfIT_020027600|CIDRa|1|543|797	PA0021-C.g284	28.313	166	103	5	96	253	2333	2490	1.55e-07	54.3
PfIT_020027600|CIDRa|1|543|797	PF0157-C.g201	90.196	255	25	0	1	255	550	804	1.31e-143	446
PfIT_020027600|CIDRa|1|543|797	PF0098-C.g449	90.361	249	24	0	1	249	595	843	3.45e-140	436
PfIT_020027600|DBLb|1|803|1288	PD0507-C.g397	92.798	486	33	1	1	486	803	1286	0.0	936
PfIT_020027600|DBLb|1|803|1288	PD0507-C.g397	29.293	297	145	10	119	374	190	462	1.04e-25	114
PfIT_020027600|DBLb|1|803|1288	PD0507-C.g397	23.899	318	147	11	114	376	1347	1624	1.01e-09	63.9
PfIT_020027600|DBLb|1|803|1288	PV0088-C.g75	80.247	486	85	4	1	486	459	933	0.0	784
PfIT_020027600|DBLb|1|803|1288	PV0088-C.g75	26.351	296	144	12	107	376	988	1235	5.48e-14	77.4
PfIT_020027600|DBLb|1|803|1288	PF0098-C.g449	75.740	507	94	5	1	486	854	1352	0.0	769
PfIT_020027600|DBLb|1|803|1288	PF0098-C.g449	30.872	298	140	11	119	374	241	514	4.10e-29	124
PfIT_020027600|DBLb|1|803|1288	PF0098-C.g449	22.500	320	144	10	114	376	1413	1685	4.92e-08	58.5
PfIT_020027600|DBLb|1|803|1288	PF0157-C.g201	72.929	495	116	5	1	486	810	1295	0.0	728
PfIT_020027600|DBLb|1|803|1288	PF0157-C.g201	30.872	298	140	11	119	374	196	469	3.87e-29	124
PfIT_020027600|DBLb|1|803|1288	PF0157-C.g201	26.577	444	202	14	109	486	1351	1736	5.77e-26	114
PfIT_020027600|DBLb|1|803|1288	PFKE11.g486	71.636	483	122	7	8	486	805	1276	0.0	689
PfIT_020027600|DBLb|1|803|1288	PFKE11.g486	29.260	311	153	13	119	388	192	476	1.61e-24	110
PfIT_020027600|DBLb|1|803|1288	PFKE11.g486	24.437	311	150	9	114	376	1338	1611	2.93e-08	58.9
PfIT_020027600|DBLg|1|1308|1689	PD0507-C.g397	100.000	382	0	0	1	382	1306	1687	0.0	789
PfIT_020027600|DBLg|1|1308|1689	PD0507-C.g397	31.894	417	179	17	1	323	1854	2259	6.74e-42	159
PfIT_020027600|DBLg|1|1308|1689	PD0507-C.g397	22.360	322	178	9	36	320	179	465	6.12e-12	70.1
PfIT_020027600|DBLg|1|1308|1689	PD0507-C.g397	23.151	311	158	9	42	319	916	1178	6.50e-10	63.5
PfIT_020027600|DBLg|1|1308|1689	PF0098-C.g449	89.529	382	35	1	1	382	1372	1748	0.0	641
PfIT_020027600|DBLg|1|1308|1689	PF0098-C.g449	26.185	443	196	13	1	320	1907	2341	7.73e-29	121
PfIT_020027600|DBLg|1|1308|1689	PF0098-C.g449	24.615	325	168	10	36	320	230	517	1.71e-14	77.8
PfIT_020027600|DBLg|1|1308|1689	PF0098-C.g449	25.000	328	142	11	44	329	970	1235	2.05e-10	65.1
PfIT_020027600|DBLg|1|1308|1689	PM0152-C.g591	81.186	388	62	3	1	382	1181	1563	0.0	582
PfIT_020027600|DBLg|1|1308|1689	PM0152-C.g591	27.044	318	157	12	43	320	84	366	4.97e-14	76.3
PfIT_020027600|DBLg|1|1308|1689	PM0152-C.g591	24.927	341	166	12	9	317	783	1065	3.47e-12	70.5
PfIT_020027600|DBLg|1|1308|1689	PFKE11.g359	81.186	388	62	3	1	382	1270	1652	0.0	582
PfIT_020027600|DBLg|1|1308|1689	PFKE11.g359	24.948	481	205	12	1	325	1828	2308	2.17e-32	131
PfIT_020027600|DBLg|1|1308|1689	PFKE11.g359	26.730	318	158	12	43	320	174	456	7.52e-14	75.9
PfIT_020027600|DBLg|1|1308|1689	PFKE11.g359	24.776	335	173	14	9	317	873	1154	1.10e-11	69.3
PfIT_020027600|DBLg|1|1308|1689	QE0452-C.g327	77.403	385	78	4	1	382	1310	1688	0.0	566
PfIT_020027600|DBLg|1|1308|1689	QE0452-C.g327	29.810	369	165	10	45	323	1869	2233	2.60e-39	152
PfIT_020027600|DBLg|1|1308|1689	QE0452-C.g327	23.667	300	153	11	46	318	899	1149	5.16e-10	63.9
PfIT_020027600|DBLg|1|1308|1689	QE0452-C.g327	22.936	327	178	10	35	322	158	449	6.32e-10	63.5
PfIT_020027600|DBLd|1|1856|2322	PD0507-C.g397	67.842	482	128	11	1	467	1854	2323	4.28e-179	558
PfIT_020027600|DBLd|1|1856|2322	PD0507-C.g397	29.854	412	179	15	1	397	1306	1622	3.29e-35	142
PfIT_020027600|DBLd|1|1856|2322	PD0507-C.g397	32.759	174	105	4	304	467	371	542	1.21e-19	95.1
PfIT_020027600|DBLd|1|1856|2322	PH0815-C.g819	57.557	483	163	9	1	467	137	593	3.92e-165	494
PfIT_020027600|DBLd|1|1856|2322	PV0285-C.g127	57.557	483	163	9	1	467	153	609	1.26e-164	493
PfIT_020027600|DBLd|1|1856|2322	QE0448-C.g671	58.228	474	178	7	1	467	840	1300	2.22e-164	507
PfIT_020027600|DBLd|1|1856|2322	QE0448-C.g671	34.536	194	94	7	304	467	306	496	1.46e-13	75.9
PfIT_020027600|DBLd|1|1856|2322	QG0203-C.g492	56.930	469	160	8	1	467	1604	2032	2.38e-164	515
PfIT_020027600|DBLd|1|1856|2322	QG0203-C.g492	29.529	403	165	16	1	401	1209	1494	2.08e-30	127
PfIT_020027600|DBLd|1|1856|2322	QG0203-C.g492	28.788	330	170	14	153	467	175	454	6.23e-23	105
PfIT_020027600|CIDRb|1|2323|2576	PV0088-C.g70	99.213	254	2	0	1	254	946	1199	3.63e-174	516
PfIT_020027600|CIDRb|1|2323|2576	PA0180-C.g460	99.213	254	2	0	1	254	1414	1667	5.37e-171	522
PfIT_020027600|CIDRb|1|2323|2576	PV0133-C.g68	99.606	254	1	0	1	254	1477	1730	1.35e-170	521
PfIT_020027600|CIDRb|1|2323|2576	QE0429-C.g177	99.606	254	1	0	1	254	2000	2253	8.46e-170	521
PfIT_020027600|CIDRb|1|2323|2576	PV0211-C.g48	99.213	254	2	0	1	254	1974	2227	6.58e-169	519
PfIT_020027600|CIDRb|1|2323|2576	PV0211-C.g48	25.444	169	116	5	41	207	500	660	1.13e-09	60.8
PfIT_020027600|ATS|1|2695|3158	PV0239-C.g24	72.233	497	93	12	1	464	1705	2189	0.0	686
PfIT_020027600|ATS|1|2695|3158	PV0134-C.g25	76.059	472	73	8	3	464	2382	2823	0.0	682
PfIT_020027600|ATS|1|2695|3158	PV0211-C.g53	79.704	473	87	5	1	464	2135	2607	0.0	681
PfIT_020027600|ATS|1|2695|3158	PV0028-C.g50	74.333	487	71	6	1	464	2600	3055	0.0	679
PfIT_020027600|ATS|1|2695|3158	PT0170-C.g672	75.579	475	88	8	1	464	1768	2225	0.0	670
PfIT_030005100|NTS|1|1|61	PA0061-C.g448	88.710	62	6	1	1	61	1	62	9.12e-28	105
PfIT_030005100|NTS|1|1|61	QG0209-C.g823	92.857	56	4	0	6	61	8	63	2.46e-27	103
PfIT_030005100|NTS|1|1|61	PT0149-C.g731	86.885	61	4	1	1	61	1	57	1.11e-26	102
PfIT_030005100|NTS|1|1|61	PC0107-C.g766	86.885	61	4	1	1	61	1	57	3.82e-26	100
PfIT_030005100|NTS|1|1|61	PT0017-CW.g193	86.885	61	4	1	1	61	1	57	4.05e-26	100
PfIT_030005100|DBLa|1|62|472	QE0404-C.g620	100.000	411	0	0	1	411	58	468	0.0	865
PfIT_030005100|DBLa|1|62|472	QE0404-C.g620	25.170	294	183	10	150	411	1026	1314	8.21e-11	66.6
PfIT_030005100|DBLa|1|62|472	PT0017-CW.g193	100.000	411	0	0	1	411	58	468	0.0	865
PfIT_030005100|DBLa|1|62|472	PT0017-CW.g193	27.164	335	173	14	114	411	1022	1322	1.00e-14	79.0
PfIT_030005100|DBLa|1|62|472	PT0149-C.g731	100.000	411	0	0	1	411	58	468	0.0	864
PfIT_030005100|DBLa|1|62|472	PT0149-C.g731	25.373	335	179	10	114	411	985	1285	2.57e-15	80.9
PfIT_030005100|DBLa|1|62|472	PC0107-C.g766	99.513	411	2	0	1	411	58	468	0.0	862
PfIT_030005100|DBLa|1|62|472	PC0107-C.g766	28.889	180	114	4	232	411	1163	1328	1.13e-10	66.2
PfIT_030005100|DBLa|1|62|472	QE0449-C.g709	97.080	411	10	1	1	411	58	466	0.0	840
PfIT_030005100|DBLa|1|62|472	QE0449-C.g709	25.180	278	144	8	180	411	1027	1286	5.98e-14	76.6
PfIT_030005100|CIDRa|1|473|726	QE0434-C.g313	82.731	249	41	2	1	247	487	735	1.88e-135	420
PfIT_030005100|CIDRa|1|473|726	QE0404-C.g645	82.731	249	41	2	1	247	487	735	1.88e-135	420
PfIT_030005100|CIDRa|1|473|726	PV0115-C.g35	82.731	249	41	2	1	247	487	735	1.88e-135	420
PfIT_030005100|CIDRa|1|473|726	PV0117-C.g67	80.156	257	41	3	1	252	474	725	6.71e-132	406
PfIT_030005100|CIDRa|1|473|726	PV0080-C.g24	80.156	257	41	3	1	252	474	725	9.76e-132	406
PfIT_030005100|DBLd|1|796|1285	PT0261-Cx.g69	55.792	518	184	17	1	490	240	740	4.31e-165	498
PfIT_030005100|DBLd|1|796|1285	SenT129.11.g1262	53.435	524	187	14	1	490	721	1221	3.26e-161	490
PfIT_030005100|DBLd|1|796|1285	SenT129.11.g1262	29.082	196	110	7	324	490	158	353	6.39e-10	64.3
PfIT_030005100|DBLd|1|796|1285	SenT133.11.g260	53.435	524	187	14	1	490	859	1359	2.41e-157	490
PfIT_030005100|DBLd|1|796|1285	SenT133.11.g260	29.082	196	110	7	324	490	296	491	7.49e-10	64.3
PfIT_030005100|DBLd|1|796|1285	SenT015.11.g259	53.435	524	187	14	1	490	859	1359	2.41e-157	490
PfIT_030005100|DBLd|1|796|1285	SenT015.11.g259	29.082	196	110	7	324	490	296	491	7.49e-10	64.3
PfIT_030005100|DBLd|1|796|1285	PA0084-C.g801	53.435	524	187	14	1	490	859	1359	2.41e-157	490
PfIT_030005100|DBLd|1|796|1285	PA0084-C.g801	29.082	196	110	7	324	490	296	491	7.49e-10	64.3
PfIT_030005100|CIDRb|1|1286|1546	PV0205-C.g8	71.004	269	70	3	1	261	1343	1611	4.54e-118	372
PfIT_030005100|CIDRb|1|1286|1546	PM0153-C.g661	71.318	258	70	3	1	255	1367	1623	1.49e-110	351
PfIT_030005100|CIDRb|1|1286|1546	QE0455-C.g811	68.441	263	78	4	1	261	1300	1559	4.50e-110	350
PfIT_030005100|CIDRb|1|1286|1546	PA0084-C.g906	70.115	261	67	5	1	253	1351	1608	1.04e-109	349
PfIT_030005100|CIDRb|1|1286|1546	PA0042-C.g477	70.115	261	67	5	1	253	1351	1608	1.04e-109	349
PfIT_030005100|ATS|1|1645|2073	PT0170-C.g672	72.138	463	90	6	1	429	1768	2225	0.0	635
PfIT_030005100|ATS|1|1645|2073	PA0245-C.g391	75.510	441	91	8	1	429	2512	2947	0.0	633
PfIT_030005100|ATS|1|1645|2073	PFKE01.g19	76.871	441	88	6	1	429	1733	2171	0.0	632
PfIT_030005100|ATS|1|1645|2073	PV0134-C.g25	75.000	444	94	9	2	429	2381	2823	0.0	624
PfIT_030005100|ATS|1|1645|2073	PD0590-C.g13	69.325	489	88	6	1	429	818	1304	0.0	623
PfIT_030029700|NTS|1|1|74	SenT046.11.g822	98.649	74	1	0	1	74	1	74	4.46e-43	149
PfIT_030029700|NTS|1|1|74	PV0256-C.g2	100.000	74	0	0	1	74	1	74	1.05e-41	145
PfIT_030029700|NTS|1|1|74	PM0090-C.g855	94.595	74	4	0	1	74	1	74	3.88e-41	144
PfIT_030029700|NTS|1|1|74	PA0008-C.g85	100.000	74	0	0	1	74	1	74	5.59e-41	143
PfIT_030029700|NTS|1|1|74	PH0474-CW.g473	100.000	74	0	0	1	74	1	74	6.59e-41	143
PfIT_030029700|DBLa|1|75|473	QE0424-C.g150	100.000	399	0	0	1	399	75	473	0.0	832
PfIT_030029700|DBLa|1|75|473	QE0424-C.g150	31.081	370	184	14	21	362	809	1135	6.95e-32	130
PfIT_030029700|DBLa|1|75|473	QE0424-C.g150	26.506	332	182	12	106	399	2069	2376	1.22e-17	87.8
PfIT_030029700|DBLa|1|75|473	QE0424-C.g150	25.439	342	182	11	55	358	1386	1692	2.52e-15	80.5
PfIT_030029700|DBLa|1|75|473	PH0474-CW.g473	100.000	399	0	0	1	399	75	473	0.0	828
PfIT_030029700|DBLa|1|75|473	PH0474-CW.g473	32.923	325	150	13	21	320	809	1090	7.42e-32	130
PfIT_030029700|DBLa|1|75|473	PH0474-CW.g473	25.342	292	154	9	55	330	1282	1525	4.89e-12	70.5
PfIT_030029700|DBLa|1|75|473	PH0474-CW.g473	22.478	347	210	10	49	372	1641	1951	2.56e-10	65.1
PfIT_030029700|DBLa|1|75|473	PH0474-CW.g473	29.353	201	112	6	219	399	2390	2580	4.01e-10	64.3
PfIT_030029700|DBLa|1|75|473	PH0471-C.g94	100.000	399	0	0	1	399	75	473	0.0	828
PfIT_030029700|DBLa|1|75|473	PH0471-C.g94	32.923	325	150	13	21	320	809	1090	7.42e-32	130
PfIT_030029700|DBLa|1|75|473	PH0471-C.g94	25.342	292	154	9	55	330	1282	1525	4.89e-12	70.5
PfIT_030029700|DBLa|1|75|473	PH0471-C.g94	22.478	347	210	10	49	372	1641	1951	2.56e-10	65.1
PfIT_030029700|DBLa|1|75|473	PH0471-C.g94	29.353	201	112	6	219	399	2390	2580	4.01e-10	64.3
PfIT_030029700|DBLa|1|75|473	PH0305-C.g135	100.000	399	0	0	1	399	75	473	0.0	828
PfIT_030029700|DBLa|1|75|473	PH0305-C.g135	32.923	325	150	13	21	320	809	1090	7.42e-32	130
PfIT_030029700|DBLa|1|75|473	PH0305-C.g135	25.342	292	154	9	55	330	1282	1525	4.89e-12	70.5
PfIT_030029700|DBLa|1|75|473	PH0305-C.g135	22.478	347	210	10	49	372	1641	1951	2.56e-10	65.1
PfIT_030029700|DBLa|1|75|473	PH0305-C.g135	29.353	201	112	6	219	399	2390	2580	4.01e-10	64.3
PfIT_030029700|DBLa|1|75|473	PV0256-C.g2	100.000	399	0	0	1	399	75	473	0.0	827
PfIT_030029700|DBLa|1|75|473	PV0256-C.g2	32.036	334	170	11	1	320	2348	2638	1.58e-35	141
PfIT_030029700|DBLa|1|75|473	PV0256-C.g2	32.923	325	150	13	21	320	809	1090	9.06e-32	130
PfIT_030029700|DBLa|1|75|473	PV0256-C.g2	26.484	438	235	13	20	399	1585	1993	6.87e-26	112
PfIT_030029700|DBLa|1|75|473	PV0256-C.g2	26.444	329	173	11	49	353	2781	3064	2.67e-16	83.6
PfIT_030029700|DBLa|1|75|473	PV0256-C.g2	26.523	279	150	9	55	318	1281	1519	5.88e-13	73.2
PfIT_030029700|CIDRa|1|474|723	PV0286-C.g57	99.200	250	2	0	1	250	476	725	5.80e-169	509
PfIT_030029700|CIDRa|1|474|723	PC0065-C.g10	100.000	250	0	0	1	250	474	723	1.55e-168	513
PfIT_030029700|CIDRa|1|474|723	PM0161-C.g2996	100.000	250	0	0	1	250	360	609	2.97e-168	511
PfIT_030029700|CIDRa|1|474|723	QE0424-C.g150	100.000	250	0	0	1	250	474	723	3.68e-168	516
PfIT_030029700|CIDRa|1|474|723	PA0251-C.g1025	100.000	250	0	0	1	250	477	726	5.11e-168	516
PfIT_030029700|DBLb|1|732|1216	PH0474-CW.g473	100.000	485	0	0	1	485	732	1216	0.0	1010
PfIT_030029700|DBLb|1|732|1216	PH0474-CW.g473	33.115	305	136	13	78	339	95	374	2.84e-30	127
PfIT_030029700|DBLb|1|732|1216	PH0474-CW.g473	25.971	412	200	13	103	485	1643	1978	1.27e-24	110
PfIT_030029700|DBLb|1|732|1216	PH0474-CW.g473	28.378	296	161	12	79	357	1255	1516	1.69e-15	82.4
PfIT_030029700|DBLb|1|732|1216	PH0471-C.g94	100.000	485	0	0	1	485	732	1216	0.0	1010
PfIT_030029700|DBLb|1|732|1216	PH0471-C.g94	33.115	305	136	13	78	339	95	374	2.84e-30	127
PfIT_030029700|DBLb|1|732|1216	PH0471-C.g94	25.971	412	200	13	103	485	1643	1978	1.27e-24	110
PfIT_030029700|DBLb|1|732|1216	PH0471-C.g94	28.378	296	161	12	79	357	1255	1516	1.69e-15	82.4
PfIT_030029700|DBLb|1|732|1216	PH0305-C.g135	100.000	485	0	0	1	485	732	1216	0.0	1010
PfIT_030029700|DBLb|1|732|1216	PH0305-C.g135	33.115	305	136	13	78	339	95	374	2.84e-30	127
PfIT_030029700|DBLb|1|732|1216	PH0305-C.g135	25.971	412	200	13	103	485	1643	1978	1.27e-24	110
PfIT_030029700|DBLb|1|732|1216	PH0305-C.g135	28.378	296	161	12	79	357	1255	1516	1.69e-15	82.4
PfIT_030029700|DBLb|1|732|1216	QE0424-C.g150	94.758	496	15	1	1	485	732	1227	0.0	971
PfIT_030029700|DBLb|1|732|1216	QE0424-C.g150	33.115	305	136	13	78	339	95	374	3.73e-30	127
PfIT_030029700|DBLb|1|732|1216	QE0424-C.g150	27.113	284	139	9	109	350	1388	1645	4.49e-19	93.6
PfIT_030029700|DBLb|1|732|1216	PV0256-C.g2	96.509	487	15	1	1	485	732	1218	0.0	970
PfIT_030029700|DBLb|1|732|1216	PV0256-C.g2	40.000	510	219	19	1	485	2280	2727	2.28e-85	289
PfIT_030029700|DBLb|1|732|1216	PV0256-C.g2	33.115	305	136	13	78	339	95	374	3.31e-30	127
PfIT_030029700|DBLb|1|732|1216	PV0256-C.g2	27.469	324	178	14	58	359	2738	3026	1.67e-16	85.5
PfIT_030029700|DBLb|1|732|1216	PV0256-C.g2	22.699	326	175	13	106	370	1628	1937	3.55e-08	58.9
PfIT_030029700|DBLg|1|1236|1586	PH0474-CW.g473	100.000	351	0	0	1	351	1236	1586	0.0	723
PfIT_030029700|DBLg|1|1236|1586	PH0474-CW.g473	33.871	310	183	7	1	294	1606	1909	3.23e-45	168
PfIT_030029700|DBLg|1|1236|1586	PH0474-CW.g473	28.657	335	122	12	18	240	2100	2429	5.25e-22	100
PfIT_030029700|DBLg|1|1236|1586	PH0474-CW.g473	29.930	284	148	12	20	269	810	1076	7.81e-19	90.5
PfIT_030029700|DBLg|1|1236|1586	PH0474-CW.g473	26.250	240	136	7	44	257	125	349	9.83e-13	72.0
PfIT_030029700|DBLg|1|1236|1586	PH0471-C.g94	100.000	351	0	0	1	351	1236	1586	0.0	723
PfIT_030029700|DBLg|1|1236|1586	PH0471-C.g94	33.871	310	183	7	1	294	1606	1909	3.23e-45	168
PfIT_030029700|DBLg|1|1236|1586	PH0471-C.g94	28.657	335	122	12	18	240	2100	2429	5.25e-22	100
PfIT_030029700|DBLg|1|1236|1586	PH0471-C.g94	29.930	284	148	12	20	269	810	1076	7.81e-19	90.5
PfIT_030029700|DBLg|1|1236|1586	PH0471-C.g94	26.250	240	136	7	44	257	125	349	9.83e-13	72.0
PfIT_030029700|DBLg|1|1236|1586	PH0305-C.g135	100.000	351	0	0	1	351	1236	1586	0.0	723
PfIT_030029700|DBLg|1|1236|1586	PH0305-C.g135	33.871	310	183	7	1	294	1606	1909	3.23e-45	168
PfIT_030029700|DBLg|1|1236|1586	PH0305-C.g135	28.657	335	122	12	18	240	2100	2429	5.25e-22	100
PfIT_030029700|DBLg|1|1236|1586	PH0305-C.g135	29.930	284	148	12	20	269	810	1076	7.81e-19	90.5
PfIT_030029700|DBLg|1|1236|1586	PH0305-C.g135	26.250	240	136	7	44	257	125	349	9.83e-13	72.0
PfIT_030029700|DBLg|1|1236|1586	QE0465-C.g21	98.860	351	4	0	1	351	1256	1606	0.0	716
PfIT_030029700|DBLg|1|1236|1586	QE0465-C.g21	37.201	293	162	7	1	281	1626	1908	8.62e-51	184
PfIT_030029700|DBLg|1|1236|1586	QE0465-C.g21	28.293	410	164	13	1	287	2119	2521	4.05e-31	127
PfIT_030029700|DBLg|1|1236|1586	QE0465-C.g21	28.912	294	157	12	20	274	815	1095	2.20e-20	95.1
PfIT_030029700|DBLg|1|1236|1586	QE0465-C.g21	23.404	235	146	7	46	258	129	351	6.27e-12	69.3
PfIT_030029700|DBLg|1|1236|1586	PH0497-CW.g125	98.860	351	4	0	1	351	1223	1573	0.0	714
PfIT_030029700|DBLg|1|1236|1586	PH0497-CW.g125	35.570	298	168	7	1	283	1593	1881	3.98e-49	179
PfIT_030029700|DBLg|1|1236|1586	PH0497-CW.g125	26.933	401	157	11	18	283	2121	2520	1.74e-28	119
PfIT_030029700|DBLg|1|1236|1586	PH0497-CW.g125	26.165	279	151	10	46	281	121	387	1.28e-13	74.7
PfIT_030029700|DBLg|1|1236|1586	PH0497-CW.g125	26.103	272	161	9	38	283	832	1089	5.15e-12	69.7
PfIT_030029700|DBLg|2|1606|1978	PH0474-CW.g473	100.000	373	0	0	1	373	1606	1978	0.0	777
PfIT_030029700|DBLg|2|1606|1978	PH0474-CW.g473	33.876	307	181	7	1	301	1236	1526	2.09e-40	154
PfIT_030029700|DBLg|2|1606|1978	PH0474-CW.g473	26.500	400	180	11	40	334	2146	2536	2.07e-31	128
PfIT_030029700|DBLg|2|1606|1978	PH0474-CW.g473	25.971	412	200	13	38	373	834	1216	3.99e-25	109
PfIT_030029700|DBLg|2|1606|1978	PH0471-C.g94	100.000	373	0	0	1	373	1606	1978	0.0	777
PfIT_030029700|DBLg|2|1606|1978	PH0471-C.g94	33.876	307	181	7	1	301	1236	1526	2.09e-40	154
PfIT_030029700|DBLg|2|1606|1978	PH0471-C.g94	26.500	400	180	11	40	334	2146	2536	2.07e-31	128
PfIT_030029700|DBLg|2|1606|1978	PH0471-C.g94	25.971	412	200	13	38	373	834	1216	3.99e-25	109
PfIT_030029700|DBLg|2|1606|1978	PH0305-C.g135	100.000	373	0	0	1	373	1606	1978	0.0	777
PfIT_030029700|DBLg|2|1606|1978	PH0305-C.g135	33.876	307	181	7	1	301	1236	1526	2.09e-40	154
PfIT_030029700|DBLg|2|1606|1978	PH0305-C.g135	26.500	400	180	11	40	334	2146	2536	2.07e-31	128
PfIT_030029700|DBLg|2|1606|1978	PH0305-C.g135	25.971	412	200	13	38	373	834	1216	3.99e-25	109
PfIT_030029700|DBLg|2|1606|1978	QE0471-C.g674	89.683	378	34	2	1	373	640	1017	0.0	704
PfIT_030029700|DBLg|2|1606|1978	QE0471-C.g674	40.493	284	138	11	20	292	294	557	3.58e-53	192
PfIT_030029700|DBLg|2|1606|1978	QE0471-C.g674	38.953	172	87	5	218	373	8	177	2.98e-26	113
PfIT_030029700|DBLg|2|1606|1978	QE0471-C.g674	22.708	480	205	15	43	373	1214	1676	1.04e-22	102
PfIT_030029700|DBLg|2|1606|1978	PA0091-C.g446	89.096	376	38	2	1	373	2232	2607	0.0	690
PfIT_030029700|DBLg|2|1606|1978	PA0091-C.g446	34.915	295	174	4	1	292	1864	2143	1.85e-44	166
PfIT_030029700|DBLg|2|1606|1978	PA0091-C.g446	32.440	336	164	10	28	303	2771	3103	1.54e-43	164
PfIT_030029700|DBLg|2|1606|1978	PA0091-C.g446	28.894	398	218	14	16	373	811	1183	1.13e-36	144
PfIT_030029700|DBLg|2|1606|1978	PA0091-C.g446	29.659	381	199	15	44	373	1484	1846	4.51e-29	121
PfIT_030029700|DBLg|2|1606|1978	PA0091-C.g446	23.100	329	196	11	42	335	129	435	9.40e-09	59.7
PfIT_030029700|DBLd|1|2085|2580	PH0474-CW.g473	100.000	496	0	0	1	496	2085	2580	0.0	1021
PfIT_030029700|DBLd|1|2085|2580	PH0474-CW.g473	26.500	400	180	11	62	452	1645	1939	5.11e-31	130
PfIT_030029700|DBLd|1|2085|2580	PH0474-CW.g473	28.060	335	124	11	16	345	1253	1475	4.47e-18	90.5
PfIT_030029700|DBLd|1|2085|2580	PH0471-C.g94	100.000	496	0	0	1	496	2085	2580	0.0	1021
PfIT_030029700|DBLd|1|2085|2580	PH0471-C.g94	26.500	400	180	11	62	452	1645	1939	5.11e-31	130
PfIT_030029700|DBLd|1|2085|2580	PH0471-C.g94	28.060	335	124	11	16	345	1253	1475	4.47e-18	90.5
PfIT_030029700|DBLd|1|2085|2580	PH0305-C.g135	100.000	496	0	0	1	496	2085	2580	0.0	1021
PfIT_030029700|DBLd|1|2085|2580	PH0305-C.g135	26.500	400	180	11	62	452	1645	1939	5.11e-31	130
PfIT_030029700|DBLd|1|2085|2580	PH0305-C.g135	28.060	335	124	11	16	345	1253	1475	4.47e-18	90.5
PfIT_030029700|DBLd|1|2085|2580	PC0097-C.g229	59.722	504	164	14	1	496	2180	2652	3.82e-168	528
PfIT_030029700|DBLd|1|2085|2580	PC0097-C.g229	29.529	403	165	15	65	464	1676	1962	1.27e-31	132
PfIT_030029700|DBLd|1|2085|2580	PC0097-C.g229	29.329	283	135	10	66	345	1262	1482	2.25e-22	103
PfIT_030029700|DBLd|1|2085|2580	PC0097-C.g229	27.979	193	114	6	310	496	293	466	3.77e-12	71.6
PfIT_030029700|DBLd|1|2085|2580	PT0027-C.g33	59.722	504	164	14	1	496	2180	2652	6.64e-168	528
PfIT_030029700|DBLd|1|2085|2580	PT0027-C.g33	29.455	404	166	15	64	464	1675	1962	1.84e-31	131
PfIT_030029700|DBLd|1|2085|2580	PT0027-C.g33	30.035	283	133	11	66	345	1262	1482	1.65e-22	104
PfIT_030029700|DBLd|1|2085|2580	PT0027-C.g33	27.979	193	114	6	310	496	293	466	5.66e-12	71.2
PfIT_030029700|CIDRb|1|2581|2838	PH0474-CW.g473	100.000	258	0	0	1	258	2581	2838	2.87e-173	531
PfIT_030029700|CIDRb|1|2581|2838	PH0471-C.g94	100.000	258	0	0	1	258	2581	2838	2.87e-173	531
PfIT_030029700|CIDRb|1|2581|2838	PH0305-C.g135	100.000	258	0	0	1	258	2581	2838	2.87e-173	531
PfIT_030029700|CIDRb|1|2581|2838	PA0052-C.g185	77.992	259	51	4	1	253	1449	1707	1.21e-124	392
PfIT_030029700|CIDRb|1|2581|2838	PH0592-C.g654	73.462	260	65	4	1	258	1337	1594	2.18e-115	365
PfIT_030029700|ATS|1|2940|3357	QE0468-C.g202	82.628	449	45	7	1	418	2889	3335	0.0	721
PfIT_030029700|ATS|1|2940|3357	PF0590-C.g183	84.652	417	62	2	2	418	2368	2782	0.0	718
PfIT_030029700|ATS|1|2940|3357	PD0518-C.g194	85.203	419	58	4	2	418	3047	3463	0.0	714
PfIT_030029700|ATS|1|2940|3357	QE0463-C.g287	83.953	430	54	6	2	418	2590	3017	0.0	713
PfIT_030029700|ATS|1|2940|3357	PV0147-C.g31	86.936	421	51	4	1	418	2872	3291	0.0	709
PfIT_030029800|NTS|1|1|66	PH0279-C.g61	100.000	66	0	0	1	66	1	66	3.78e-39	138
PfIT_030029800|NTS|1|1|66	PD0541-C.g752	100.000	66	0	0	1	66	1	66	3.90e-39	137
PfIT_030029800|NTS|1|1|66	PD0461-C.g860	100.000	66	0	0	1	66	1	66	4.64e-39	137
PfIT_030029800|NTS|1|1|66	PH0500-CW.g527	100.000	66	0	0	1	66	1	66	5.32e-39	137
PfIT_030029800|NTS|1|1|66	QE0453-C.g1003	100.000	66	0	0	1	66	1	66	6.21e-39	137
PfIT_030029800|DBLa|1|67|485	PH0279-C.g61	100.000	419	0	0	1	419	67	485	0.0	879
PfIT_030029800|DBLa|1|67|485	PH0279-C.g61	29.259	270	134	14	186	419	1061	1309	2.14e-17	87.4
PfIT_030029800|DBLa|1|67|485	QE0453-C.g1003	100.000	419	0	0	1	419	67	485	0.0	877
PfIT_030029800|DBLa|1|67|485	QE0453-C.g1003	26.625	323	152	15	70	334	923	1218	7.78e-11	66.6
PfIT_030029800|DBLa|1|67|485	PD0667-C.g1131	100.000	419	0	0	1	419	67	485	0.0	877
PfIT_030029800|DBLa|1|67|485	PD0667-C.g1131	26.625	323	152	15	70	334	923	1218	7.78e-11	66.6
PfIT_030029800|DBLa|1|67|485	PD0541-C.g752	100.000	419	0	0	1	419	67	485	0.0	877
PfIT_030029800|DBLa|1|67|485	PD0541-C.g752	27.907	258	145	9	187	419	1045	1286	1.64e-18	90.5
PfIT_030029800|DBLa|1|67|485	PD0461-C.g860	100.000	419	0	0	1	419	67	485	0.0	876
PfIT_030029800|DBLa|1|67|485	PD0461-C.g860	27.907	258	145	9	187	419	1045	1286	1.32e-18	90.9
PfIT_030029800|CIDRa|1|486|735	PD0461-C.g860	100.000	250	0	0	1	250	486	735	5.71e-173	513
PfIT_030029800|CIDRa|1|486|735	QE0453-C.g1003	100.000	250	0	0	1	250	486	735	5.34e-171	515
PfIT_030029800|CIDRa|1|486|735	PD0667-C.g1131	100.000	250	0	0	1	250	486	735	5.34e-171	515
PfIT_030029800|CIDRa|1|486|735	PH0279-C.g61	100.000	250	0	0	1	250	486	735	7.07e-171	515
PfIT_030029800|CIDRa|1|486|735	PD0541-C.g752	100.000	250	0	0	1	250	486	735	2.76e-170	513
PfIT_030029800|DBLd|1|806|1301	QE0418-C.g273	65.058	518	128	12	1	496	860	1346	0.0	597
PfIT_030029800|DBLd|1|806|1301	QE0418-C.g273	29.778	225	131	6	206	426	213	414	4.27e-17	87.4
PfIT_030029800|DBLd|1|806|1301	QE0418-C.g273	26.038	265	129	10	241	493	1866	2075	1.40e-09	63.5
PfIT_030029800|DBLd|1|806|1301	PM0071-C.g495	49.911	561	194	16	1	496	55	593	3.55e-165	494
PfIT_030029800|DBLd|1|806|1301	PA0018-C.g539	50.439	569	183	21	1	496	74	616	3.18e-159	480
PfIT_030029800|DBLd|1|806|1301	PA0046-C.g389	52.583	542	182	17	1	496	826	1338	5.38e-159	495
PfIT_030029800|DBLd|1|806|1301	PA0046-C.g389	28.782	271	145	5	241	496	245	482	1.41e-24	110
PfIT_030029800|DBLd|1|806|1301	PA0034-C.g411	52.583	542	182	17	1	496	826	1338	5.38e-159	495
PfIT_030029800|DBLd|1|806|1301	PA0034-C.g411	28.782	271	145	5	241	496	245	482	1.41e-24	110
PfIT_030029800|CIDRg|1|1302|1569	PD0461-C.g697	91.144	271	18	3	1	268	386	653	2.14e-158	485
PfIT_030029800|CIDRg|1|1302|1569	PD0541-C.g800	81.181	271	35	5	1	268	27	284	1.91e-139	429
PfIT_030029800|CIDRg|1|1302|1569	PH0594-C.g424	65.909	264	83	4	1	263	600	857	3.83e-111	345
PfIT_030029800|CIDRg|1|1302|1569	PV0211-C.g100	67.164	268	83	3	1	264	1394	1660	4.88e-110	350
PfIT_030029800|CIDRg|1|1302|1569	PF0524-C.g377	68.302	265	73	5	1	261	1703	1960	2.02e-108	346
PfIT_030029800|DBLe|1|1619|1965	PD0648-C.g412	92.197	346	27	0	2	347	1712	2057	0.0	666
PfIT_030029800|DBLe|1|1619|1965	PD0648-C.g412	31.373	153	78	6	126	254	186	335	3.63e-07	54.7
PfIT_030029800|DBLe|1|1619|1965	PD0582-C.g337	92.197	346	27	0	2	347	1712	2057	0.0	665
PfIT_030029800|DBLe|1|1619|1965	PD0582-C.g337	27.465	284	163	10	38	316	2105	2350	7.56e-20	93.6
PfIT_030029800|DBLe|1|1619|1965	PD0582-C.g337	27.174	276	145	8	1	271	2403	2627	4.28e-16	82.0
PfIT_030029800|DBLe|1|1619|1965	PD0582-C.g337	31.373	153	78	6	126	254	186	335	4.32e-07	54.3
PfIT_030029800|DBLe|1|1619|1965	PD0508-C.g55	92.197	346	27	0	2	347	1712	2057	0.0	665
PfIT_030029800|DBLe|1|1619|1965	PD0508-C.g55	27.465	284	163	10	38	316	2105	2350	7.56e-20	93.6
PfIT_030029800|DBLe|1|1619|1965	PD0508-C.g55	27.174	276	145	8	1	271	2403	2627	4.28e-16	82.0
PfIT_030029800|DBLe|1|1619|1965	PD0508-C.g55	31.373	153	78	6	126	254	186	335	4.32e-07	54.3
PfIT_030029800|DBLe|1|1619|1965	PD0505-C.g9235	92.197	346	27	0	2	347	1712	2057	0.0	665
PfIT_030029800|DBLe|1|1619|1965	PD0505-C.g9235	27.465	284	163	10	38	316	2105	2350	7.56e-20	93.6
PfIT_030029800|DBLe|1|1619|1965	PD0505-C.g9235	27.174	276	145	8	1	271	2403	2627	4.28e-16	82.0
PfIT_030029800|DBLe|1|1619|1965	PD0505-C.g9235	31.373	153	78	6	126	254	186	335	4.32e-07	54.3
PfIT_030029800|DBLe|1|1619|1965	PD0590-C.g868	92.197	346	27	0	2	347	435	780	0.0	662
PfIT_030029800|DBLe|1|1619|1965	PD0590-C.g868	27.465	284	163	10	38	316	828	1073	6.97e-20	93.6
PfIT_030029800|DBLe|1|1619|1965	PD0590-C.g868	27.174	276	145	8	1	271	1126	1350	5.04e-16	81.6
PfIT_030029800|DBLz|1|1978|2408	QE0471-C.g921	98.144	431	8	0	1	431	2650	3080	0.0	867
PfIT_030029800|DBLz|1|1978|2408	QE0471-C.g921	34.337	332	175	12	77	384	836	1148	9.57e-42	160
PfIT_030029800|DBLz|1|1978|2408	QE0471-C.g921	30.833	360	220	9	67	401	90	445	2.57e-38	150
PfIT_030029800|DBLz|1|1978|2408	QE0471-C.g921	26.100	341	174	14	95	431	3128	3394	2.16e-20	96.7
PfIT_030029800|DBLz|1|1978|2408	QE0471-C.g921	26.821	302	167	11	96	380	2339	2603	7.01e-15	79.7
PfIT_030029800|DBLz|1|1978|2408	QE0471-C.g921	25.472	318	184	9	83	380	1262	1546	6.68e-12	70.5
PfIT_030029800|DBLz|1|1978|2408	QE0471-C.g921	21.362	323	184	10	82	352	1622	1926	1.94e-08	59.3
PfIT_030029800|DBLz|1|1978|2408	PV0117-C.g13	98.144	431	8	0	1	431	2620	3050	0.0	867
PfIT_030029800|DBLz|1|1978|2408	PV0117-C.g13	30.159	441	230	16	46	431	789	1206	2.47e-41	159
PfIT_030029800|DBLz|1|1978|2408	PV0117-C.g13	36.842	247	145	6	67	305	79	322	3.19e-35	141
PfIT_030029800|DBLz|1|1978|2408	PV0117-C.g13	26.100	341	174	14	95	431	3098	3364	2.83e-20	96.3
PfIT_030029800|DBLz|1|1978|2408	PV0117-C.g13	26.159	302	169	10	96	380	2309	2573	3.90e-15	80.5
PfIT_030029800|DBLz|1|1978|2408	PV0117-C.g13	23.171	328	182	8	82	359	1613	1920	3.46e-12	71.2
PfIT_030029800|DBLz|1|1978|2408	PV0117-C.g13	23.529	289	184	9	82	355	1249	1515	3.17e-09	62.0
PfIT_030029800|DBLz|1|1978|2408	PA0168-C.g149	91.415	431	37	0	1	431	2116	2546	0.0	784
PfIT_030029800|DBLz|1|1978|2408	PA0168-C.g149	32.573	307	158	10	92	350	114	419	1.75e-30	127
PfIT_030029800|DBLz|1|1978|2408	PA0168-C.g149	28.378	296	146	15	95	385	2594	2828	1.71e-16	84.7
PfIT_030029800|DBLz|1|1978|2408	PA0168-C.g149	22.364	313	180	11	90	380	1798	2069	2.45e-08	58.9
PfIT_030029800|DBLz|1|1978|2408	QG0184-C.g362	88.863	431	48	0	1	431	1138	1568	0.0	781
PfIT_030029800|DBLz|1|1978|2408	QG0184-C.g362	32.551	341	193	11	98	401	122	462	1.43e-31	130
PfIT_030029800|DBLz|1|1978|2408	QG0184-C.g362	26.409	337	179	14	95	431	1616	1883	5.62e-15	80.1
PfIT_030029800|DBLz|1|1978|2408	QG0184-C.g362	25.979	281	162	10	96	359	826	1077	1.64e-10	65.9
PfIT_030029800|DBLz|1|1978|2408	QG0281-C.g373	85.880	432	60	1	1	431	2303	2734	0.0	761
PfIT_030029800|DBLz|1|1978|2408	QG0281-C.g373	31.250	352	198	12	33	357	65	399	1.20e-32	133
PfIT_030029800|DBLz|1|1978|2408	QG0281-C.g373	23.342	377	236	13	82	431	804	1154	3.97e-16	83.6
PfIT_030029800|DBLz|1|1978|2408	QG0281-C.g373	25.962	312	168	14	83	390	2769	3021	8.06e-14	76.3
PfIT_030029800|DBLz|1|1978|2408	QG0281-C.g373	23.469	294	180	10	87	361	1977	2244	1.10e-10	66.6
PfIT_030029800|DBLe|2|2414|2722	PA0185-C.g167	100.000	309	0	0	1	309	2387	2695	0.0	647
PfIT_030029800|DBLe|2|2414|2722	PA0185-C.g167	30.961	281	157	7	44	288	1640	1919	9.72e-29	118
PfIT_030029800|DBLe|2|2414|2722	PA0185-C.g167	24.910	277	136	11	47	252	117	392	3.13e-15	78.6
PfIT_030029800|DBLe|2|2414|2722	PA0185-C.g167	26.316	285	154	10	43	271	2044	2328	9.02e-14	74.3
PfIT_030029800|DBLe|2|2414|2722	QE0471-C.g921	76.452	310	71	2	1	309	3086	3394	2.88e-158	491
PfIT_030029800|DBLe|2|2414|2722	QE0471-C.g921	27.445	317	167	10	47	309	1277	1584	2.68e-26	111
PfIT_030029800|DBLe|2|2414|2722	QE0471-C.g921	28.269	283	165	6	44	289	2339	2620	1.73e-24	106
PfIT_030029800|DBLe|2|2414|2722	QE0471-C.g921	27.692	260	133	9	43	254	2744	2996	3.17e-19	90.9
PfIT_030029800|DBLe|2|2414|2722	QE0471-C.g921	27.174	276	143	11	44	266	853	1123	7.45e-17	83.6
PfIT_030029800|DBLe|2|2414|2722	QE0471-C.g921	26.490	302	146	12	32	263	110	405	1.10e-16	83.2
PfIT_030029800|DBLe|2|2414|2722	QE0471-C.g921	24.653	288	139	9	44	253	1640	1927	1.25e-13	73.9
PfIT_030029800|DBLe|2|2414|2722	PV0117-C.g13	76.452	310	71	2	1	309	3056	3364	5.54e-158	490
PfIT_030029800|DBLe|2|2414|2722	PV0117-C.g13	29.078	282	164	6	44	289	2309	2590	7.28e-26	110
PfIT_030029800|DBLe|2|2414|2722	PV0117-C.g13	26.791	321	166	10	47	309	1266	1575	2.20e-25	108
PfIT_030029800|DBLe|2|2414|2722	PV0117-C.g13	27.692	260	133	9	43	254	2714	2966	3.57e-19	90.5
PfIT_030029800|DBLe|2|2414|2722	PV0117-C.g13	25.448	279	164	10	19	256	821	1096	1.50e-14	76.6
PfIT_030029800|DBLe|2|2414|2722	PV0117-C.g13	28.804	184	84	8	77	214	143	325	1.11e-10	65.1
PfIT_030029800|DBLe|2|2414|2722	QG0290-C.g811	71.845	309	87	0	1	309	1471	1779	5.36e-154	474
PfIT_030029800|DBLe|2|2414|2722	QG0290-C.g811	36.519	293	153	12	2	280	1155	1428	1.22e-43	162
PfIT_030029800|DBLe|2|2414|2722	QG0290-C.g811	30.132	302	171	11	44	309	845	1142	3.23e-30	122
PfIT_030029800|DBLe|2|2414|2722	QG0290-C.g811	27.542	236	109	9	35	211	114	346	7.47e-14	74.7
PfIT_030029800|DBLe|2|2414|2722	PT0226-Cx.g276	70.740	311	89	2	1	309	2041	2351	7.88e-148	461
PfIT_030029800|DBLe|2|2414|2722	PT0226-Cx.g276	27.757	263	138	10	43	261	850	1104	4.45e-20	93.2
PfIT_030029800|DBLe|2|2414|2722	PT0226-Cx.g276	28.516	256	133	9	43	252	1259	1510	4.95e-19	90.1
PfIT_030029800|DBLe|2|2414|2722	PT0226-Cx.g276	27.500	280	146	11	36	262	1690	1965	2.03e-17	85.1
PfIT_030029800|DBLe|2|2414|2722	PT0226-Cx.g276	23.431	239	113	8	77	245	149	387	3.03e-08	57.4
PfIT_030029800|ATS|1|2746|3192	PFKE12.g465	79.310	493	53	6	1	447	1773	2262	0.0	746
PfIT_030029800|ATS|1|2746|3192	PfKE03.g242	81.381	478	52	8	1	447	1361	1832	0.0	713
PfIT_030029800|ATS|1|2746|3192	PV0239-C.g10	75.848	501	64	9	1	447	3361	3858	0.0	703
PfIT_030029800|ATS|1|2746|3192	PV0229-C.g26	78.017	464	84	6	1	447	1803	2265	0.0	686
PfIT_030029800|ATS|1|2746|3192	QE0436-C.g670	71.906	509	80	6	2	447	1708	2216	0.0	669
PfIT_040005400|NTS|1|1|57	SenT170.08.g1079	73.684	57	14	1	1	57	1	56	2.38e-19	81.3
PfIT_040005400|NTS|1|1|57	PF0058-C.g498	73.684	57	14	1	1	57	1	56	2.12e-18	78.6
PfIT_040005400|NTS|1|1|57	SenT235.08.g407	73.684	57	14	1	1	57	1	56	3.38e-18	77.8
PfIT_040005400|NTS|1|1|57	PV0133-C.g89	69.091	55	17	0	3	57	6	60	5.24e-18	77.4
PfIT_040005400|NTS|1|1|57	PT0048-C.g405	66.667	57	19	0	1	57	1	57	6.30e-18	77.0
PfIT_040005400|DBLa|1|58|491	QE0395-C.g290	80.607	428	67	4	11	434	73	488	0.0	703
PfIT_040005400|DBLa|1|58|491	QE0395-C.g290	31.915	235	135	7	50	282	1709	1920	4.49e-26	114
PfIT_040005400|DBLa|1|58|491	QE0395-C.g290	32.338	201	116	7	238	434	1136	1320	1.82e-18	90.9
PfIT_040005400|DBLa|1|58|491	PT0102-C.g936	75.870	431	91	4	5	434	69	487	0.0	669
PfIT_040005400|DBLa|1|58|491	PT0102-C.g936	22.062	417	242	16	61	434	928	1304	2.47e-11	68.6
PfIT_040005400|DBLa|1|58|491	PH0059-C.g468	75.524	429	91	6	10	434	77	495	0.0	657
PfIT_040005400|DBLa|1|58|491	PH0059-C.g468	26.176	340	191	11	122	434	1002	1308	6.42e-20	95.1
PfIT_040005400|DBLa|1|58|491	QG0208-C.g471	74.541	436	98	6	4	434	73	500	0.0	655
PfIT_040005400|DBLa|1|58|491	QG0208-C.g471	29.843	191	110	6	246	434	1192	1360	4.61e-13	73.9
PfIT_040005400|DBLa|1|58|491	QG0208-C.g471	22.327	318	184	10	32	342	1726	1987	1.65e-07	56.2
PfIT_040005400|DBLa|1|58|491	PT0156-C.g1132	76.852	432	81	5	10	434	89	508	0.0	645
PfIT_040005400|DBLa|1|58|491	PT0156-C.g1132	24.069	349	200	13	118	434	1015	1330	2.80e-14	77.8
PfIT_040005400|CIDRa|1|492|735	PH0856-C.g711	94.561	239	13	0	1	239	491	729	1.51e-158	471
PfIT_040005400|CIDRa|1|492|735	QG0209-C.g616	90.984	244	21	1	1	244	497	739	9.67e-148	453
PfIT_040005400|CIDRa|1|492|735	PA0253-C.g804	80.426	235	46	0	1	235	503	737	4.21e-124	389
PfIT_040005400|CIDRa|1|492|735	PF0692-C.g866	79.237	236	48	1	1	235	504	739	8.85e-123	385
PfIT_040005400|CIDRa|1|492|735	SenT036.10.g3868	74.059	239	62	0	1	239	504	742	7.76e-117	368
PfIT_040005400|DBLd|1|824|1287	PV0258-C.g53	55.403	509	167	19	1	464	531	1024	1.60e-153	473
PfIT_040005400|DBLd|1|824|1287	SenT085.10.g116	54.669	514	176	16	1	464	929	1435	3.41e-153	479
PfIT_040005400|DBLd|1|824|1287	SenT085.10.g116	30.159	252	129	9	219	450	251	475	4.55e-15	80.5
PfIT_040005400|DBLd|1|824|1287	PM0127-C.g857	52.529	514	182	16	1	464	588	1089	3.94e-151	468
PfIT_040005400|DBLd|1|824|1287	PD0549-C.g267	54.108	499	182	19	1	464	157	643	1.19e-146	447
PfIT_040005400|DBLd|1|824|1287	PT0101-C.g55	49.430	526	177	14	1	464	159	657	1.69e-145	443
PfIT_040005400|CIDRb|1|1288|1531	PT0256-C.g345	68.699	246	70	5	2	244	1396	1637	3.15e-101	324
PfIT_040005400|CIDRb|1|1288|1531	QG0258-C.g593	65.182	247	77	4	2	241	1405	1649	1.56e-98	317
PfIT_040005400|CIDRb|1|1288|1531	PC0104-C.g126	62.598	254	81	5	2	244	346	596	1.02e-95	303
PfIT_040005400|CIDRb|1|1288|1531	PD0518-C.g431	67.206	247	75	3	2	243	1788	2033	2.08e-95	308
PfIT_040005400|CIDRb|1|1288|1531	PD0572-C.g733	67.206	247	75	3	2	243	1330	1575	2.67e-95	307
PfIT_040005400|ATS|1|1650|2134	QE0436-C.g670	81.532	509	69	4	2	485	1708	2216	0.0	780
PfIT_040005400|ATS|1|1650|2134	PV0028-C.g31	78.571	490	66	7	1	485	1737	2192	0.0	745
PfIT_040005400|ATS|1|1650|2134	PD0549-C.g516	79.794	485	61	6	1	485	2187	2634	0.0	740
PfIT_040005400|ATS|1|1650|2134	PD0511-C.g583	79.794	485	61	6	1	485	2187	2634	0.0	740
PfIT_040005400|ATS|1|1650|2134	PV0139-C.g75	77.618	487	71	9	1	485	1707	2157	0.0	716
PfIT_040017000|NTS|1|1|62	PH0510-C.g1021	100.000	62	0	0	1	62	1	62	1.39e-35	127
PfIT_040017000|NTS|1|1|62	PF0152-C.g387	92.537	67	0	1	1	62	1	67	3.37e-33	120
PfIT_040017000|NTS|1|1|62	PT0262-C.g672	98.387	62	0	1	1	62	1	61	4.29e-33	120
PfIT_040017000|NTS|1|1|62	SenT235.08.g283	92.537	67	0	1	1	62	1	67	4.34e-33	120
PfIT_040017000|NTS|1|1|62	PD0550-C.g583	100.000	57	0	0	6	62	27	83	1.14e-31	116
PfIT_040017000|DBLa|1|63|513	PH0510-C.g1021	78.478	460	77	7	1	451	63	509	0.0	712
PfIT_040017000|DBLa|1|63|513	PH0510-C.g1021	26.440	382	220	16	106	451	1051	1407	2.83e-19	93.6
PfIT_040017000|DBLa|1|63|513	SenT235.08.g283	74.945	455	100	6	1	451	68	512	0.0	673
PfIT_040017000|DBLa|1|63|513	SenT235.08.g283	25.952	289	147	11	189	451	1173	1420	1.08e-12	72.8
PfIT_040017000|DBLa|1|63|513	PT0262-C.g672	74.617	457	98	8	1	451	62	506	0.0	662
PfIT_040017000|DBLa|1|63|513	PT0262-C.g672	25.474	369	186	10	113	451	1065	1374	3.34e-17	87.0
PfIT_040017000|DBLa|1|63|513	PF0152-C.g387	74.617	457	98	8	1	451	68	512	0.0	662
PfIT_040017000|DBLa|1|63|513	PF0152-C.g387	25.333	375	190	11	113	451	1079	1399	2.71e-17	87.4
PfIT_040017000|DBLa|1|63|513	PD0550-C.g583	71.957	460	106	8	1	451	84	529	0.0	630
PfIT_040017000|DBLa|1|63|513	PD0550-C.g583	23.938	259	149	8	130	356	1147	1389	1.06e-12	73.2
PfIT_040017000|CIDRa|1|514|836	QG0200-C.g596	85.321	327	44	2	1	323	518	844	1.86e-175	531
PfIT_040017000|CIDRa|1|514|836	PA0209-C.g1101	76.852	324	67	5	1	321	537	855	2.44e-149	462
PfIT_040017000|CIDRa|1|514|836	PT0102-C.g909	71.125	329	85	4	1	322	508	833	3.31e-135	423
PfIT_040017000|CIDRa|1|514|836	SenT084.10.g1985	71.865	327	81	4	1	316	516	842	1.49e-134	422
PfIT_040017000|CIDRa|1|514|836	PM0129-C.g1483	67.868	333	86	8	1	323	506	827	2.34e-133	418
PfIT_040017000|DBLd|1|918|1432	PH0510-C.g1021	93.204	515	26	4	1	515	902	1407	0.0	912
PfIT_040017000|DBLd|1|918|1432	PH0510-C.g1021	27.083	384	211	17	159	515	168	509	2.10e-18	91.7
PfIT_040017000|DBLd|1|918|1432	SenT165.09.g4260	51.146	567	173	18	1	515	216	730	9.24e-165	498
PfIT_040017000|DBLd|1|918|1432	PV0276-C.g46	52.415	559	169	18	1	515	885	1390	1.85e-162	505
PfIT_040017000|DBLd|1|918|1432	PV0276-C.g46	24.798	371	223	13	166	515	182	517	1.26e-18	92.4
PfIT_040017000|DBLd|1|918|1432	QE0452-C.g494	52.415	559	169	18	1	515	885	1390	2.40e-162	505
PfIT_040017000|DBLd|1|918|1432	QE0452-C.g494	25.337	371	221	14	166	515	182	517	1.20e-18	92.4
PfIT_040017000|DBLd|1|918|1432	QG0261-C.g610	55.512	508	172	11	13	515	944	1402	1.30e-161	503
PfIT_040017000|DBLd|1|918|1432	QG0261-C.g610	24.176	364	219	11	153	502	176	496	4.57e-14	77.8
PfIT_040017000|CIDRg|1|1433|1693	SenT165.09.g4260	100.000	261	0	0	1	261	731	991	0.0	544
PfIT_040017000|CIDRg|1|1433|1693	PH0305-C.g400	100.000	261	0	0	1	261	1350	1610	0.0	542
PfIT_040017000|CIDRg|1|1433|1693	PV0276-C.g46	100.000	261	0	0	1	261	1391	1651	1.30e-180	542
PfIT_040017000|CIDRg|1|1433|1693	PT0118-C.g503	100.000	261	0	0	1	261	1386	1646	1.43e-180	542
PfIT_040017000|CIDRg|1|1433|1693	PA0232-C.g509	100.000	261	0	0	1	261	1386	1646	1.78e-180	542
PfIT_040017000|ATS|1|1798|2291	PV0139-C.g12	92.510	494	2	1	1	494	1673	2131	0.0	927
PfIT_040017000|ATS|1|1798|2291	PD0494-C.g424	91.093	494	2	1	1	494	1751	2202	0.0	911
PfIT_040017000|ATS|1|1798|2291	PV0117-C.g40	70.060	501	85	8	1	494	1559	2001	0.0	659
PfIT_040017000|ATS|1|1798|2291	PV0211-C.g59	70.060	501	85	8	1	494	1844	2286	0.0	658
PfIT_040017000|ATS|1|1798|2291	PV0128-C.g37	70.060	501	85	8	1	494	1844	2286	0.0	658
PfIT_040017300|NTS|1|1|60	PC0097-C.g910	92.857	56	2	1	5	60	4	57	9.52e-25	96.7
PfIT_040017300|NTS|1|1|60	QG0281-C.g520	76.364	55	13	0	6	60	5	59	6.55e-20	82.8
PfIT_040017300|NTS|1|1|60	QE0472-C.g700	78.431	51	10	1	1	51	1	50	2.56e-18	78.6
PfIT_040017300|NTS|1|1|60	PH0932-C.g493	78.431	51	10	1	1	51	1	50	2.61e-18	78.6
PfIT_040017300|NTS|1|1|60	PM0037-C.g2342	78.431	51	10	1	1	51	1	50	4.08e-18	77.8
PfIT_040017300|DBLa|1|61|514	PC0097-C.g910	76.522	460	91	6	1	454	58	506	0.0	659
PfIT_040017300|DBLa|1|61|514	PC0097-C.g910	27.778	198	122	5	179	357	1148	1343	2.43e-13	75.1
PfIT_040017300|DBLa|1|61|514	PT0181-C.g2443	67.164	469	122	10	7	454	80	537	0.0	597
PfIT_040017300|DBLa|1|61|514	PT0181-C.g2443	25.993	277	142	9	121	357	1094	1347	1.78e-09	62.8
PfIT_040017300|DBLa|1|61|514	SenT235.08.g329	63.597	467	141	8	1	454	71	521	0.0	572
PfIT_040017300|DBLa|1|61|514	SenT235.08.g329	27.737	274	132	9	117	359	1109	1347	5.47e-15	80.1
PfIT_040017300|DBLa|1|61|514	SenT170.08.g351	63.597	467	141	8	1	454	71	521	0.0	572
PfIT_040017300|DBLa|1|61|514	SenT170.08.g351	27.737	274	132	9	117	359	1109	1347	5.47e-15	80.1
PfIT_040017300|DBLa|1|61|514	PC0118-C.g680	65.502	458	125	13	10	454	71	508	0.0	562
PfIT_040017300|DBLa|1|61|514	PC0118-C.g680	29.966	297	147	10	121	372	1109	1389	1.31e-18	91.7
PfIT_040017300|CIDRa|1|515|837	QG0200-C.g596	85.321	327	44	2	1	323	518	844	1.86e-175	531
PfIT_040017300|CIDRa|1|515|837	PA0209-C.g1101	76.852	324	67	5	1	321	537	855	2.44e-149	462
PfIT_040017300|CIDRa|1|515|837	PT0102-C.g909	71.125	329	85	4	1	322	508	833	3.31e-135	423
PfIT_040017300|CIDRa|1|515|837	SenT084.10.g1985	71.865	327	81	4	1	316	516	842	1.49e-134	422
PfIT_040017300|CIDRa|1|515|837	PM0129-C.g1483	67.868	333	86	8	1	323	506	827	2.34e-133	418
PfIT_040017300|DBLd|1|919|1394	PC0069-C.g249	58.034	529	139	13	1	476	141	639	0.0	540
PfIT_040017300|DBLd|1|919|1394	QG0225-C.g6	51.698	530	177	15	1	476	837	1341	8.08e-157	483
PfIT_040017300|DBLd|1|919|1394	QG0225-C.g6	34.973	183	108	3	304	476	330	511	7.23e-20	95.5
PfIT_040017300|DBLd|1|919|1394	PM0093-C.g1001	50.920	489	210	13	1	476	208	679	7.87e-148	449
PfIT_040017300|DBLd|1|919|1394	PC0054-C.g416	54.158	493	191	16	1	476	810	1284	1.58e-146	459
PfIT_040017300|DBLd|1|919|1394	PC0054-C.g416	35.135	185	108	4	304	476	303	487	8.67e-21	98.6
PfIT_040017300|DBLd|1|919|1394	PM0060-C.g409	51.533	522	179	13	2	476	1287	1781	1.32e-145	461
PfIT_040017300|DBLd|1|919|1394	PM0060-C.g409	25.291	344	200	9	145	476	186	484	5.07e-21	99.4
PfIT_040017300|CIDRb|1|1395|1648	PC0069-C.g249	93.281	253	17	0	1	253	640	892	3.61e-152	452
PfIT_040017300|CIDRb|1|1395|1648	PF0190-C.g29	74.806	258	60	4	1	254	657	913	2.96e-110	342
PfIT_040017300|CIDRb|1|1395|1648	SenT030.11.g167	69.615	260	65	7	1	254	1440	1691	3.46e-105	336
PfIT_040017300|CIDRb|1|1395|1648	SenV092.05.g227	61.328	256	97	1	1	254	1479	1734	6.27e-96	310
PfIT_040017300|CIDRb|1|1395|1648	PT0059-C.g853	70.543	258	67	7	1	254	1374	1626	2.49e-94	305
PfIT_040017300|ATS|1|1762|2235	PF0489-C.g723	84.842	475	54	7	1	474	1717	2174	0.0	792
PfIT_040017300|ATS|1|1762|2235	PM0146-C.g516	87.816	435	47	1	40	474	1963	2391	0.0	769
PfIT_040017300|ATS|1|1762|2235	PM0146-C.g516	73.799	229	39	4	1	210	1736	1962	7.07e-101	333
PfIT_040017300|ATS|1|1762|2235	PFKE12.g150	81.513	476	73	5	1	474	1774	2236	0.0	768
PfIT_040017300|ATS|1|1762|2235	PV0133-C.g19	82.068	474	76	4	1	472	2312	2778	0.0	765
PfIT_040017300|ATS|1|1762|2235	PFKE12.g305	82.600	477	67	7	1	474	1823	2286	0.0	749
PfIT_040017400|NTS|1|1|75	PT0181-C.g2443	100.000	75	0	0	1	75	1	75	3.58e-46	158
PfIT_040017400|NTS|1|1|75	PF0098-C.g418	100.000	75	0	0	1	75	1	75	4.43e-46	158
PfIT_040017400|NTS|1|1|75	PA0067-C.g539	100.000	75	0	0	1	75	1	75	4.43e-46	158
PfIT_040017400|NTS|1|1|75	PF0590-C.g703	100.000	75	0	0	1	75	1	75	4.66e-46	158
PfIT_040017400|NTS|1|1|75	PT0240-C.g722	100.000	75	0	0	1	75	1	75	4.75e-46	158
PfIT_040017400|DBLa|1|76|540	PD0569-C.g730	100.000	465	0	0	1	465	76	540	0.0	964
PfIT_040017400|DBLa|1|76|540	PD0569-C.g730	23.313	326	192	10	159	465	1115	1401	5.40e-16	83.6
PfIT_040017400|DBLa|1|76|540	PD0549-C.g649	100.000	465	0	0	1	465	76	540	0.0	964
PfIT_040017400|DBLa|1|76|540	PD0549-C.g649	23.313	326	192	10	159	465	1115	1401	5.40e-16	83.6
PfIT_040017400|DBLa|1|76|540	PD0527-C.g542	100.000	465	0	0	1	465	76	540	0.0	964
PfIT_040017400|DBLa|1|76|540	PD0527-C.g542	23.313	326	192	10	159	465	1115	1401	5.40e-16	83.6
PfIT_040017400|DBLa|1|76|540	PF0590-C.g703	96.774	465	11	1	1	465	76	536	0.0	928
PfIT_040017400|DBLa|1|76|540	PF0590-C.g703	23.313	326	192	10	159	465	1111	1397	5.29e-16	83.6
PfIT_040017400|DBLa|1|76|540	PA0046-C.g362	96.774	465	11	1	1	465	76	536	0.0	928
PfIT_040017400|DBLa|1|76|540	PA0046-C.g362	23.313	326	192	10	159	465	1111	1397	5.53e-16	83.6
PfIT_040017400|CIDRa|1|541|843	PD0569-C.g730	100.000	303	0	0	1	303	541	843	0.0	623
PfIT_040017400|CIDRa|1|541|843	PD0569-C.g730	40.000	65	38	1	153	217	1509	1572	7.02e-07	53.1
PfIT_040017400|CIDRa|1|541|843	PD0549-C.g649	100.000	303	0	0	1	303	541	843	0.0	623
PfIT_040017400|CIDRa|1|541|843	PD0549-C.g649	40.000	65	38	1	153	217	1509	1572	7.02e-07	53.1
PfIT_040017400|CIDRa|1|541|843	PD0527-C.g542	100.000	303	0	0	1	303	541	843	0.0	623
PfIT_040017400|CIDRa|1|541|843	PD0527-C.g542	40.000	65	38	1	153	217	1509	1572	7.02e-07	53.1
PfIT_040017400|CIDRa|1|541|843	PD0546-C.g500	100.000	303	0	0	1	303	523	825	0.0	622
PfIT_040017400|CIDRa|1|541|843	PD0546-C.g500	40.000	65	38	1	153	217	1491	1554	6.89e-07	53.1
PfIT_040017400|CIDRa|1|541|843	PT0240-C.g722	100.000	303	0	0	1	303	520	822	0.0	622
PfIT_040017400|CIDRa|1|541|843	PT0240-C.g722	40.000	65	38	1	153	217	1499	1562	7.40e-07	53.1
PfIT_040017400|DBLd|1|908|1401	PF0098-C.g418	100.000	494	0	0	1	494	904	1397	0.0	1028
PfIT_040017400|DBLd|1|908|1401	PF0098-C.g418	23.313	326	192	10	208	494	230	536	8.92e-13	73.6
PfIT_040017400|DBLd|1|908|1401	PA0067-C.g539	100.000	494	0	0	1	494	900	1393	0.0	1027
PfIT_040017400|DBLd|1|908|1401	PA0067-C.g539	23.006	326	193	10	208	494	230	536	1.04e-11	70.1
PfIT_040017400|DBLd|1|908|1401	PD0546-C.g500	100.000	494	0	0	1	494	890	1383	0.0	1025
PfIT_040017400|DBLd|1|908|1401	PD0546-C.g500	21.605	324	182	10	208	494	234	522	5.26e-10	64.7
PfIT_040017400|DBLd|1|908|1401	PF0590-C.g703	100.000	494	0	0	1	494	904	1397	0.0	1025
PfIT_040017400|DBLd|1|908|1401	PF0590-C.g703	23.313	326	192	10	208	494	230	536	1.16e-12	73.2
PfIT_040017400|DBLd|1|908|1401	PH0367-C.g437	100.000	494	0	0	1	494	904	1397	0.0	1025
PfIT_040017400|DBLd|1|908|1401	PH0367-C.g437	23.313	326	192	10	208	494	230	536	1.05e-12	73.2
PfIT_040017400|CIDRb|1|1402|1656	PT0240-C.g722	100.000	255	0	0	1	255	1392	1646	1.44e-173	523
PfIT_040017400|CIDRb|1|1402|1656	PT0240-C.g722	41.538	65	37	1	108	171	672	736	1.47e-07	54.3
PfIT_040017400|CIDRb|1|1402|1656	PA0067-C.g539	100.000	255	0	0	1	255	1394	1648	1.45e-173	522
PfIT_040017400|CIDRb|1|1402|1656	PA0067-C.g539	41.538	65	37	1	108	171	689	753	1.57e-07	54.3
PfIT_040017400|CIDRb|1|1402|1656	PD0546-C.g500	100.000	255	0	0	1	255	1384	1638	1.50e-173	524
PfIT_040017400|CIDRb|1|1402|1656	PD0546-C.g500	41.538	65	37	1	108	171	675	739	1.40e-07	54.7
PfIT_040017400|CIDRb|1|1402|1656	PD0569-C.g730	100.000	255	0	0	1	255	1402	1656	1.84e-173	524
PfIT_040017400|CIDRb|1|1402|1656	PD0569-C.g730	41.538	65	37	1	108	171	693	757	1.35e-07	54.7
PfIT_040017400|CIDRb|1|1402|1656	PD0549-C.g649	100.000	255	0	0	1	255	1402	1656	1.84e-173	524
PfIT_040017400|CIDRb|1|1402|1656	PD0549-C.g649	41.538	65	37	1	108	171	693	757	1.35e-07	54.7
PfIT_040017400|ATS|1|1779|2254	PfKE05.g221	78.794	481	77	8	1	476	3585	4045	0.0	701
PfIT_040017400|ATS|1|1779|2254	QG0296-C.g5597	73.486	479	102	7	1	476	1002	1458	0.0	683
PfIT_040017400|ATS|1|1779|2254	PfKE02.g507	72.727	495	100	5	1	476	1741	2219	0.0	673
PfIT_040017400|ATS|1|1779|2254	QE0452-C.g608	75.714	490	73	8	1	476	1718	2175	0.0	671
PfIT_040017400|ATS|1|1779|2254	PFKE06.g276	74.633	477	91	4	1	476	1752	2199	0.0	667
PfIT_040025100|NTS|1|1|69	PH1003-C.g387	100.000	69	0	0	1	69	1	69	1.03e-39	139
PfIT_040025100|NTS|1|1|69	PH0715-C.g314	100.000	69	0	0	1	69	1	69	1.03e-39	139
PfIT_040025100|NTS|1|1|69	PH0578-C.g177	100.000	69	0	0	1	69	1	69	1.03e-39	139
PfIT_040025100|NTS|1|1|69	PH0558-C.g658	100.000	69	0	0	1	69	1	69	1.03e-39	139
PfIT_040025100|NTS|1|1|69	PH0556-C.g420	100.000	69	0	0	1	69	1	69	1.03e-39	139
PfIT_040025100|DBLa|1|70|514	PH0055-C.g232	100.000	445	0	0	1	445	70	514	0.0	930
PfIT_040025100|DBLa|1|70|514	PH1003-C.g387	100.000	445	0	0	1	445	70	514	0.0	929
PfIT_040025100|DBLa|1|70|514	PH1003-C.g387	27.826	345	180	12	107	445	1049	1330	6.16e-17	86.3
PfIT_040025100|DBLa|1|70|514	PH0715-C.g314	100.000	445	0	0	1	445	70	514	0.0	929
PfIT_040025100|DBLa|1|70|514	PH0715-C.g314	27.826	345	180	12	107	445	1049	1330	6.16e-17	86.3
PfIT_040025100|DBLa|1|70|514	PH0578-C.g177	100.000	445	0	0	1	445	70	514	0.0	929
PfIT_040025100|DBLa|1|70|514	PH0578-C.g177	27.826	345	180	12	107	445	1049	1330	6.16e-17	86.3
PfIT_040025100|DBLa|1|70|514	PH0558-C.g658	100.000	445	0	0	1	445	70	514	0.0	929
PfIT_040025100|DBLa|1|70|514	PH0558-C.g658	27.826	345	180	12	107	445	1049	1330	6.16e-17	86.3
PfIT_040025100|CIDRa|1|515|833	PH0695-C.g222	100.000	319	0	0	1	319	130	448	0.0	660
PfIT_040025100|CIDRa|1|515|833	PH0055-C.g232	100.000	319	0	0	1	319	515	833	0.0	659
PfIT_040025100|CIDRa|1|515|833	PH1003-C.g387	100.000	319	0	0	1	319	515	833	0.0	659
PfIT_040025100|CIDRa|1|515|833	PH0715-C.g314	100.000	319	0	0	1	319	515	833	0.0	659
PfIT_040025100|CIDRa|1|515|833	PH0578-C.g177	100.000	319	0	0	1	319	515	833	0.0	659
PfIT_040025100|DBLd|1|904|1330	PH0695-C.g222	100.000	427	0	0	1	427	519	945	0.0	889
PfIT_040025100|DBLd|1|904|1330	PD0511-C.g515	100.000	427	0	0	1	427	900	1326	0.0	889
PfIT_040025100|DBLd|1|904|1330	PD0511-C.g515	28.659	328	166	13	162	427	189	510	2.76e-19	93.2
PfIT_040025100|DBLd|1|904|1330	PH1003-C.g387	100.000	427	0	0	1	427	904	1330	0.0	888
PfIT_040025100|DBLd|1|904|1330	PH1003-C.g387	27.108	332	170	11	162	427	189	514	1.13e-18	91.3
PfIT_040025100|DBLd|1|904|1330	PH0715-C.g314	100.000	427	0	0	1	427	904	1330	0.0	888
PfIT_040025100|DBLd|1|904|1330	PH0715-C.g314	27.108	332	170	11	162	427	189	514	1.13e-18	91.3
PfIT_040025100|DBLd|1|904|1330	PH0578-C.g177	100.000	427	0	0	1	427	904	1330	0.0	888
PfIT_040025100|DBLd|1|904|1330	PH0578-C.g177	27.108	332	170	11	162	427	189	514	1.13e-18	91.3
PfIT_040025100|CIDRb|1|1331|1586	SenT061.09.g871	100.000	256	0	0	1	256	628	883	5.00e-179	520
PfIT_040025100|CIDRb|1|1331|1586	QE0398-C.g454	100.000	256	0	0	1	256	1320	1575	4.60e-175	526
PfIT_040025100|CIDRb|1|1331|1586	QG0202-C.g533	99.609	256	1	0	1	256	1327	1582	1.11e-174	526
PfIT_040025100|CIDRb|1|1331|1586	PM0062-C.g462	100.000	256	0	0	1	256	1337	1592	1.33e-174	526
PfIT_040025100|CIDRb|1|1331|1586	PF0158-C.g527	100.000	256	0	0	1	256	1337	1592	1.33e-174	526
PfIT_040025100|ATS|1|1699|2152	PD0555-C.g610	100.000	454	0	0	1	454	1838	2291	0.0	924
PfIT_040025100|ATS|1|1699|2152	PD0511-C.g515	100.000	454	0	0	1	454	1695	2148	0.0	924
PfIT_040025100|ATS|1|1699|2152	PH1003-C.g387	100.000	454	0	0	1	454	1699	2152	0.0	923
PfIT_040025100|ATS|1|1699|2152	PH0715-C.g314	100.000	454	0	0	1	454	1699	2152	0.0	923
PfIT_040025100|ATS|1|1699|2152	PH0578-C.g177	100.000	454	0	0	1	454	1699	2152	0.0	923
PfIT_040025500|NTS|1|1|68	QG0252-C.g2057	100.000	68	0	0	1	68	1	68	1.25e-40	142
PfIT_040025500|NTS|1|1|68	PA0197-C.g39	100.000	68	0	0	1	68	1	68	1.97e-40	141
PfIT_040025500|NTS|1|1|68	QG0249-C.g359	100.000	68	0	0	1	68	1	68	2.27e-40	141
PfIT_040025500|NTS|1|1|68	PH0558-C.g663	100.000	68	0	0	1	68	1	68	2.45e-40	141
PfIT_040025500|NTS|1|1|68	PH0999-C.g595	100.000	68	0	0	1	68	1	68	2.59e-40	141
PfIT_040025500|DBLa|1|69|498	PH0558-C.g663	100.000	430	0	0	1	430	69	498	0.0	896
PfIT_040025500|DBLa|1|69|498	PH0558-C.g663	23.691	363	194	14	121	430	1093	1425	1.19e-13	75.9
PfIT_040025500|DBLa|1|69|498	QG0252-C.g2057	100.000	430	0	0	1	430	69	498	0.0	895
PfIT_040025500|DBLa|1|69|498	QG0252-C.g2057	33.166	199	107	8	236	430	1197	1373	4.42e-19	92.8
PfIT_040025500|DBLa|1|69|498	PA0197-C.g39	100.000	430	0	0	1	430	69	498	0.0	895
PfIT_040025500|DBLa|1|69|498	PH0307-C.g459	100.000	430	0	0	1	430	69	498	0.0	895
PfIT_040025500|DBLa|1|69|498	PH0307-C.g459	25.479	365	184	16	118	430	1022	1350	9.92e-12	69.7
PfIT_040025500|DBLa|1|69|498	PD0543-C.g566	100.000	430	0	0	1	430	69	498	0.0	894
PfIT_040025500|DBLa|1|69|498	PD0543-C.g566	25.479	365	184	16	118	430	1022	1350	8.56e-12	70.1
PfIT_040025500|CIDRa|1|499|758	PH1003-C.g675	100.000	260	0	0	1	260	499	758	0.0	545
PfIT_040025500|CIDRa|1|499|758	PH0715-C.g387	100.000	260	0	0	1	260	499	758	0.0	545
PfIT_040025500|CIDRa|1|499|758	PH0695-C.g341	100.000	260	0	0	1	260	499	758	0.0	545
PfIT_040025500|CIDRa|1|499|758	PH0556-C.g604	100.000	260	0	0	1	260	499	758	0.0	545
PfIT_040025500|CIDRa|1|499|758	PH0542-C.g1221	100.000	260	0	0	1	260	499	758	0.0	545
PfIT_040025500|DBLd|1|833|1350	PH0225-C.g78	100.000	518	0	0	1	518	846	1363	0.0	1070
PfIT_040025500|DBLd|1|833|1350	PH0307-C.g459	100.000	518	0	0	1	518	833	1350	0.0	1070
PfIT_040025500|DBLd|1|833|1350	PH0307-C.g459	27.178	287	139	13	253	518	261	498	1.89e-14	79.0
PfIT_040025500|DBLd|1|833|1350	PH0286-CW.g572	100.000	518	0	0	1	518	833	1350	0.0	1070
PfIT_040025500|DBLd|1|833|1350	PH0286-CW.g572	27.178	287	139	13	253	518	261	498	2.04e-14	79.0
PfIT_040025500|DBLd|1|833|1350	PH0251-C.g356	100.000	518	0	0	1	518	833	1350	0.0	1070
PfIT_040025500|DBLd|1|833|1350	PH0251-C.g356	27.178	287	139	13	253	518	261	498	1.84e-14	79.0
PfIT_040025500|DBLd|1|833|1350	PH0715-C.g387	100.000	518	0	0	1	518	833	1350	0.0	1070
PfIT_040025500|DBLd|1|833|1350	PH0715-C.g387	27.178	287	139	13	253	518	261	498	1.84e-14	79.0
PfIT_040025500|CIDRb|1|1351|1614	PH0540-C.g765	100.000	264	0	0	1	264	1138	1401	0.0	541
PfIT_040025500|CIDRb|1|1351|1614	PM0020-C.g170	97.727	264	6	0	1	264	703	966	0.0	528
PfIT_040025500|CIDRb|1|1351|1614	PH0578-C.g634	100.000	264	0	0	1	264	1270	1533	1.40e-180	541
PfIT_040025500|CIDRb|1|1351|1614	PH0286-CW.g572	100.000	264	0	0	1	264	1351	1614	2.06e-180	541
PfIT_040025500|CIDRb|1|1351|1614	PH0307-C.g459	100.000	264	0	0	1	264	1351	1614	2.67e-180	541
PfIT_040025500|ATS|1|1739|2224	PA0262-C.g433	86.242	487	53	4	1	486	2175	2648	0.0	794
PfIT_040025500|ATS|1|1739|2224	PFKE09.g410	76.639	488	105	6	1	486	1751	2231	0.0	719
PfIT_040025500|ATS|1|1739|2224	PF0638-C.g8678	75.758	495	102	8	1	486	1747	2232	0.0	707
PfIT_040025500|ATS|1|1739|2224	PC0107-C.g222	75.378	463	97	8	1	461	1797	2244	0.0	669
PfIT_040025500|ATS|1|1739|2224	PV0128-C.g36	75.158	475	106	9	1	473	1848	2312	0.0	662
PfIT_040025800|NTS|1|1|68	QG0252-C.g2057	100.000	68	0	0	1	68	1	68	1.25e-40	142
PfIT_040025800|NTS|1|1|68	PA0197-C.g39	100.000	68	0	0	1	68	1	68	1.97e-40	141
PfIT_040025800|NTS|1|1|68	QG0249-C.g359	100.000	68	0	0	1	68	1	68	2.27e-40	141
PfIT_040025800|NTS|1|1|68	PH0558-C.g663	100.000	68	0	0	1	68	1	68	2.45e-40	141
PfIT_040025800|NTS|1|1|68	PH0999-C.g595	100.000	68	0	0	1	68	1	68	2.59e-40	141
PfIT_040025800|DBLa|1|69|508	PH0558-C.g34	100.000	440	0	0	1	440	69	508	0.0	912
PfIT_040025800|DBLa|1|69|508	PH0999-C.g595	100.000	440	0	0	1	440	69	508	0.0	911
PfIT_040025800|DBLa|1|69|508	PH0999-C.g595	25.414	362	201	12	119	440	1090	1422	6.93e-11	67.0
PfIT_040025800|DBLa|1|69|508	PH0715-C.g300	100.000	440	0	0	1	440	69	508	0.0	911
PfIT_040025800|DBLa|1|69|508	PH0715-C.g300	25.414	362	201	12	119	440	1090	1422	7.42e-15	79.7
PfIT_040025800|DBLa|1|69|508	PH0695-C.g293	100.000	440	0	0	1	440	69	508	0.0	911
PfIT_040025800|DBLa|1|69|508	PH0695-C.g293	25.414	362	201	12	119	440	1090	1422	7.69e-15	79.7
PfIT_040025800|DBLa|1|69|508	PH0556-C.g759	100.000	440	0	0	1	440	69	508	0.0	911
PfIT_040025800|DBLa|1|69|508	PH0556-C.g759	25.414	362	201	12	119	440	1090	1422	7.69e-15	79.7
PfIT_040025800|CIDRa|1|509|780	PH0286-CW.g539	100.000	272	0	0	1	272	109	380	0.0	569
PfIT_040025800|CIDRa|1|509|780	PH0286-CW.g539	27.976	168	106	6	105	269	1123	1278	1.55e-08	57.8
PfIT_040025800|CIDRa|1|509|780	PH0999-C.g595	100.000	272	0	0	1	272	509	780	0.0	568
PfIT_040025800|CIDRa|1|509|780	PH0999-C.g595	30.000	130	76	5	105	234	1523	1637	7.49e-07	52.8
PfIT_040025800|CIDRa|1|509|780	PH0715-C.g300	100.000	272	0	0	1	272	509	780	0.0	568
PfIT_040025800|CIDRa|1|509|780	PH0715-C.g300	27.976	168	106	6	105	269	1523	1678	2.04e-08	57.4
PfIT_040025800|CIDRa|1|509|780	PH0695-C.g293	100.000	272	0	0	1	272	509	780	0.0	568
PfIT_040025800|CIDRa|1|509|780	PH0695-C.g293	27.976	168	106	6	105	269	1523	1678	2.06e-08	57.4
PfIT_040025800|CIDRa|1|509|780	PH0578-C.g276	100.000	272	0	0	1	272	513	784	0.0	568
PfIT_040025800|CIDRa|1|509|780	PH0578-C.g276	27.976	168	106	6	105	269	1527	1682	2.12e-08	57.4
PfIT_040025800|DBLd|1|858|1422	PH0715-C.g300	100.000	565	0	0	1	565	858	1422	0.0	1167
PfIT_040025800|DBLd|1|858|1422	PH0715-C.g300	25.357	280	159	9	214	486	168	404	1.59e-14	79.7
PfIT_040025800|DBLd|1|858|1422	PH0695-C.g293	100.000	565	0	0	1	565	858	1422	0.0	1166
PfIT_040025800|DBLd|1|858|1422	PH0695-C.g293	25.357	280	159	9	214	486	168	404	1.69e-14	79.7
PfIT_040025800|DBLd|1|858|1422	PH0556-C.g759	100.000	565	0	0	1	565	858	1422	0.0	1166
PfIT_040025800|DBLd|1|858|1422	PH0556-C.g759	25.357	280	159	9	214	486	168	404	1.69e-14	79.7
PfIT_040025800|DBLd|1|858|1422	PH0542-C.g1036	100.000	565	0	0	1	565	858	1422	0.0	1166
PfIT_040025800|DBLd|1|858|1422	PH0542-C.g1036	25.357	280	159	9	214	486	168	404	1.69e-14	79.7
PfIT_040025800|DBLd|1|858|1422	PH0540-C.g537	100.000	565	0	0	1	565	858	1422	0.0	1166
PfIT_040025800|DBLd|1|858|1422	PH0540-C.g537	25.357	280	159	9	214	486	168	404	1.69e-14	79.7
PfIT_040025800|CIDRb|1|1423|1683	PH0286-CW.g539	100.000	261	0	0	1	261	1023	1283	0.0	542
PfIT_040025800|CIDRb|1|1423|1683	PH0286-CW.g539	26.946	167	109	5	101	256	213	377	1.41e-07	54.7
PfIT_040025800|CIDRb|1|1423|1683	PH0558-C.g663	100.000	261	0	0	1	261	1426	1686	8.81e-180	541
PfIT_040025800|CIDRb|1|1423|1683	PD0543-C.g576	100.000	261	0	0	1	261	1379	1639	1.36e-179	540
PfIT_040025800|CIDRb|1|1423|1683	PD0543-C.g576	26.946	167	109	5	101	256	569	733	1.39e-07	54.7
PfIT_040025800|CIDRb|1|1423|1683	PH0578-C.g276	100.000	261	0	0	1	261	1427	1687	1.69e-179	540
PfIT_040025800|CIDRb|1|1423|1683	PH0578-C.g276	26.946	167	109	5	101	256	617	781	1.39e-07	54.7
PfIT_040025800|CIDRb|1|1423|1683	PH0715-C.g300	100.000	261	0	0	1	261	1423	1683	1.84e-179	540
PfIT_040025800|CIDRb|1|1423|1683	PH0715-C.g300	26.946	167	109	5	101	256	613	777	1.38e-07	54.7
PfIT_040025800|ATS|1|1792|2259	PD0590-C.g548	96.154	468	16	2	1	468	2191	2656	0.0	929
PfIT_040025800|ATS|1|1792|2259	PD0585-C.g522	96.154	468	16	2	1	468	2191	2656	0.0	929
PfIT_040025800|ATS|1|1792|2259	PFKE11.g671	80.962	499	54	6	1	466	2046	2536	0.0	805
PfIT_040025800|ATS|1|1792|2259	PF0489-C.g723	82.845	478	52	11	1	468	1717	2174	0.0	763
PfIT_040025800|ATS|1|1792|2259	PFKE12.g305	82.489	474	67	7	1	468	1823	2286	0.0	759
PfIT_040030600|NTS|1|1|71	PA0078-C.g507	70.423	71	20	1	1	71	1	70	1.73e-25	99.4
PfIT_040030600|NTS|1|1|71	PA0084-C.g867	67.606	71	22	1	1	71	1	70	5.11e-24	95.1
PfIT_040030600|NTS|1|1|71	PA0042-C.g436	67.606	71	22	1	1	71	1	70	5.11e-24	95.1
PfIT_040030600|NTS|1|1|71	PF0311-C.g434	63.158	76	23	1	1	71	1	76	6.53e-24	94.7
PfIT_040030600|NTS|1|1|71	PA0183-C.g303	67.606	71	23	0	1	71	1	71	6.14e-23	92.0
PfIT_040030600|DBLa|1|72|486	PD0523-C.g657	85.036	421	48	4	1	415	73	484	0.0	734
PfIT_040030600|DBLa|1|72|486	PD0523-C.g657	23.669	338	198	9	115	415	969	1283	9.65e-12	69.7
PfIT_040030600|DBLa|1|72|486	PV0133-C.g66	85.577	416	50	3	1	415	73	479	0.0	734
PfIT_040030600|DBLa|1|72|486	PV0133-C.g66	26.000	300	165	10	98	361	944	1222	1.32e-17	87.8
PfIT_040030600|DBLa|1|72|486	PD0524-C.g22	80.760	421	67	4	1	415	75	487	0.0	694
PfIT_040030600|DBLa|1|72|486	PD0509-Cx2.g594	80.760	421	67	4	1	415	75	487	0.0	692
PfIT_040030600|DBLa|1|72|486	PD0590-C.g660	80.760	421	67	4	1	415	75	487	0.0	690
PfIT_040030600|DBLa|1|72|486	PD0590-C.g660	31.356	118	81	0	209	326	1178	1295	2.05e-12	71.6
PfIT_040030600|DBLa|1|72|486	PD0590-C.g660	22.884	319	165	13	35	325	1743	2008	2.78e-10	65.1
PfIT_040030600|CIDRa|1|487|742	QE0429-C.g860	94.118	255	15	0	1	255	481	735	5.28e-162	492
PfIT_040030600|CIDRa|1|487|742	PM0087-C.g354	93.725	255	16	0	1	255	486	740	3.06e-161	490
PfIT_040030600|CIDRa|1|487|742	PM0144-C.g1129	93.725	255	16	0	1	255	486	740	3.88e-161	490
PfIT_040030600|CIDRa|1|487|742	PM0063-C.g558	89.370	254	26	1	1	254	474	726	4.80e-151	463
PfIT_040030600|CIDRa|1|487|742	PD0523-C.g657	88.716	257	28	1	1	256	485	741	1.27e-149	457
PfIT_040030600|DBLd|1|824|1362	PH0560-C.g65	50.545	550	230	16	1	539	85	603	1.05e-160	484
PfIT_040030600|DBLd|1|824|1362	PF0288-C.g406	51.107	542	218	15	1	539	793	1290	1.42e-160	500
PfIT_040030600|DBLd|1|824|1362	PF0288-C.g406	32.039	206	114	8	350	539	276	471	4.44e-13	74.7
PfIT_040030600|DBLd|1|824|1362	PH0361-C.g433	52.844	545	207	17	1	539	526	1026	5.61e-160	494
PfIT_040030600|DBLd|1|824|1362	PH0361-C.g433	29.787	188	108	7	372	539	2	185	1.14e-11	70.1
PfIT_040030600|DBLd|1|824|1362	SenT040.11.g608	50.000	564	211	19	1	539	229	746	5.39e-158	482
PfIT_040030600|DBLd|1|824|1362	PH0251-C.g433	50.545	550	230	16	1	539	549	1067	4.53e-156	484
PfIT_040030600|CIDRg|1|1363|1625	PM0051-C.g911	69.373	271	75	4	1	263	1180	1450	1.64e-116	367
PfIT_040030600|CIDRg|1|1363|1625	PA0209-C.g975	69.373	271	75	4	1	263	1380	1650	2.46e-116	368
PfIT_040030600|CIDRg|1|1363|1625	PM0160-C.g927	69.373	271	75	4	1	263	1380	1650	2.46e-116	368
PfIT_040030600|CIDRg|1|1363|1625	PF0789-C.g184	69.373	271	75	4	1	263	1380	1650	2.46e-116	368
PfIT_040030600|CIDRg|1|1363|1625	PA0053-C.g6	69.373	271	75	4	1	263	1380	1650	2.46e-116	368
PfIT_040030600|ATS|1|1728|2188	PA0245-C.g998	81.184	473	62	3	1	461	1706	2163	0.0	741
PfIT_040030600|ATS|1|1728|2188	PV0028-C.g50	83.585	463	67	6	1	461	2600	3055	0.0	733
PfIT_040030600|ATS|1|1728|2188	PC0097-C.g664	80.994	463	71	6	1	461	2364	2811	0.0	725
PfIT_040030600|ATS|1|1728|2188	PA0270-C.g443	77.426	474	75	4	1	461	2185	2639	0.0	713
PfIT_040030600|ATS|1|1728|2188	PFKE09.g563	80.172	464	67	7	1	461	775	1216	0.0	713
PfIT_050005500|NTS|1|1|56	PD0554-C.g504	100.000	56	0	0	1	56	1	56	1.56e-31	115
PfIT_050005500|NTS|1|1|56	PA0187-C.g655	100.000	56	0	0	1	56	1	56	1.66e-31	115
PfIT_050005500|NTS|1|1|56	PH0604-C.g719	91.071	56	5	0	1	56	1	56	6.38e-28	105
PfIT_050005500|NTS|1|1|56	PH0585-C.g659	91.071	56	5	0	1	56	1	56	6.38e-28	105
PfIT_050005500|NTS|1|1|56	QE0414-C.g345	100.000	56	0	0	1	56	1	56	1.46e-27	104
PfIT_050005500|DBLa|1|57|451	PD0554-C.g504	100.000	395	0	0	1	395	57	451	0.0	830
PfIT_050005500|DBLa|1|57|451	PD0554-C.g504	29.755	326	159	13	54	360	851	1125	1.84e-26	114
PfIT_050005500|DBLa|1|57|451	PD0554-C.g504	33.333	183	98	11	220	395	1558	1723	2.53e-09	62.0
PfIT_050005500|DBLa|1|57|451	QE0414-C.g345	100.000	395	0	0	1	395	57	451	0.0	826
PfIT_050005500|DBLa|1|57|451	QE0414-C.g345	29.737	380	217	13	1	364	2032	2377	2.84e-32	131
PfIT_050005500|DBLa|1|57|451	QE0414-C.g345	33.473	239	107	9	54	273	851	1056	2.56e-26	114
PfIT_050005500|DBLa|1|57|451	QE0414-C.g345	30.844	308	171	12	117	395	1385	1679	4.98e-26	113
PfIT_050005500|DBLa|1|57|451	QE0414-C.g345	29.032	217	118	10	37	250	2447	2630	1.17e-11	69.3
PfIT_050005500|DBLa|1|57|451	PA0187-C.g655	95.949	395	13	1	1	395	57	448	0.0	797
PfIT_050005500|DBLa|1|57|451	PA0187-C.g655	32.616	279	136	11	4	262	803	1049	9.26e-28	118
PfIT_050005500|DBLa|1|57|451	PT0189-Cx.g747	71.930	399	108	3	1	395	57	455	0.0	581
PfIT_050005500|DBLa|1|57|451	PT0189-Cx.g747	24.046	262	148	11	47	280	1172	1410	9.79e-07	53.5
PfIT_050005500|DBLa|1|57|451	PfKE02.g570	69.327	401	113	6	1	395	58	454	0.0	561
PfIT_050005500|DBLa|1|57|451	PfKE02.g570	29.304	273	161	8	140	395	1785	2042	1.74e-25	111
PfIT_050005500|DBLa|1|57|451	PfKE02.g570	25.430	291	164	14	45	313	1200	1459	2.26e-10	65.1
PfIT_050005500|CIDRa|1|452|694	PD0554-C.g504	100.000	243	0	0	1	243	452	694	1.80e-166	508
PfIT_050005500|CIDRa|1|452|694	PA0187-C.g655	99.588	243	1	0	1	243	449	691	2.32e-165	505
PfIT_050005500|CIDRa|1|452|694	QE0414-C.g345	100.000	243	0	0	1	243	452	694	1.13e-164	506
PfIT_050005500|CIDRa|1|452|694	PD0481-C.g267	71.721	244	68	1	1	243	480	723	8.98e-112	354
PfIT_050005500|CIDRa|1|452|694	PD0481-C.g267	27.717	184	117	6	29	208	1344	1515	3.53e-11	65.1
PfIT_050005500|CIDRa|1|452|694	PD0572-C.g339	71.721	244	68	1	1	243	480	723	1.51e-111	354
PfIT_050005500|CIDRa|1|452|694	PD0572-C.g339	28.502	207	132	8	32	227	1347	1548	2.84e-10	62.4
PfIT_050005500|DBLb|1|724|1193	PD0554-C.g504	100.000	470	0	0	1	470	724	1193	0.0	987
PfIT_050005500|DBLb|1|724|1193	PD0554-C.g504	28.040	403	212	16	56	402	36	416	1.27e-26	116
PfIT_050005500|DBLb|1|724|1193	QE0414-C.g345	100.000	470	0	0	1	470	724	1193	0.0	985
PfIT_050005500|DBLb|1|724|1193	QE0414-C.g345	31.373	408	199	18	97	470	2048	2408	6.52e-38	150
PfIT_050005500|DBLb|1|724|1193	QE0414-C.g345	28.040	403	212	16	56	402	36	416	1.13e-26	116
PfIT_050005500|DBLb|1|724|1193	QE0414-C.g345	31.088	193	89	10	123	306	2462	2619	3.13e-12	71.6
PfIT_050005500|DBLb|1|724|1193	PA0187-C.g655	90.812	468	43	0	3	470	723	1190	0.0	865
PfIT_050005500|DBLb|1|724|1193	PA0187-C.g655	27.861	402	211	16	56	402	36	413	7.12e-26	114
PfIT_050005500|DBLb|1|724|1193	PF0133-C.g170	90.213	470	43	2	3	470	833	1301	0.0	840
PfIT_050005500|DBLb|1|724|1193	PF0133-C.g170	29.282	362	194	14	15	336	15	354	2.69e-26	115
PfIT_050005500|DBLb|1|724|1193	QE0404-C.g410	70.276	471	125	8	3	470	852	1310	0.0	617
PfIT_050005500|DBLb|1|724|1193	QE0404-C.g410	34.252	254	111	10	128	337	132	373	2.65e-30	127
PfIT_050005500|DBLd|1|1211|1707	PD0555-C.g41	52.920	548	169	17	1	497	217	726	3.56e-164	496
PfIT_050005500|DBLd|1|1211|1707	QE0464-C.g81	52.941	544	175	18	1	497	190	699	1.45e-161	488
PfIT_050005500|DBLd|1|1211|1707	QG0280-C.g939	53.545	536	188	14	1	497	2186	2699	1.61e-157	498
PfIT_050005500|DBLd|1|1211|1707	QG0280-C.g939	25.879	398	183	10	54	450	1735	2021	9.13e-31	129
PfIT_050005500|DBLd|1|1211|1707	QG0280-C.g939	22.835	254	140	9	187	429	167	375	7.74e-09	61.2
PfIT_050005500|DBLd|1|1211|1707	PA0022-C.g239	52.471	526	201	17	1	497	926	1431	5.62e-154	483
PfIT_050005500|DBLd|1|1211|1707	PA0022-C.g239	23.875	289	179	9	184	456	185	448	2.41e-13	75.5
PfIT_050005500|DBLd|1|1211|1707	PC0051-C.g586	49.908	545	206	18	1	497	786	1311	7.64e-149	462
PfIT_050005500|DBLd|1|1211|1707	PC0051-C.g586	23.944	355	216	13	157	497	139	453	4.69e-13	74.3
PfIT_050005500|CIDRb|1|1708|1970	QE0464-C.g81	66.288	264	81	2	1	262	700	957	9.18e-112	348
PfIT_050005500|CIDRb|1|1708|1970	PA0165-C.g595	69.498	259	75	3	7	263	1383	1639	1.45e-111	354
PfIT_050005500|CIDRb|1|1708|1970	PA0148-C.g690	62.030	266	94	4	1	263	1419	1680	9.59e-101	324
PfIT_050005500|CIDRb|1|1708|1970	QE0437-C.g77	65.414	266	84	5	1	263	593	853	1.56e-100	317
PfIT_050005500|CIDRb|1|1708|1970	PH0704-C.g80	65.414	266	84	5	1	263	593	853	1.56e-100	317
PfIT_050005500|ATS|1|2080|2531	PA0245-C.g998	78.992	476	58	5	1	452	1706	2163	0.0	716
PfIT_050005500|ATS|1|2080|2531	PV0239-C.g10	76.707	498	70	8	1	452	3361	3858	0.0	712
PfIT_050005500|ATS|1|2080|2531	PV0147-C.g7	77.590	473	51	5	1	452	1761	2199	0.0	703
PfIT_050005500|ATS|1|2080|2531	PD0590-C.g13	77.710	489	70	9	1	452	818	1304	0.0	701
PfIT_050005500|ATS|1|2080|2531	QE0434-C.g814	79.956	454	61	4	1	452	2811	3236	0.0	700
PfIT_050038500|NTS|1|1|62	QE0393-Cx.g171	100.000	62	0	0	1	62	1	62	3.94e-32	117
PfIT_050038500|NTS|1|1|62	PH0305-C.g403	100.000	62	0	0	1	62	1	62	3.94e-32	117
PfIT_050038500|NTS|1|1|62	PA0245-C.g106	77.966	59	11	2	2	59	5	62	2.46e-20	84.3
PfIT_050038500|NTS|1|1|62	PV0112-C.g39	80.952	63	10	2	1	62	1	62	2.50e-17	75.9
PfIT_050038500|NTS|1|1|62	PV0098-C.g37	80.952	63	10	2	1	62	1	62	2.50e-17	75.9
PfIT_050038500|DBLa|1|63|492	QE0393-Cx.g171	100.000	430	0	0	1	430	63	492	0.0	902
PfIT_050038500|DBLa|1|63|492	QE0393-Cx.g171	27.114	343	197	10	117	430	1012	1330	4.00e-26	114
PfIT_050038500|DBLa|1|63|492	PH0305-C.g403	100.000	430	0	0	1	430	63	492	0.0	902
PfIT_050038500|DBLa|1|63|492	PH0305-C.g403	27.114	343	197	10	117	430	1012	1330	3.96e-26	114
PfIT_050038500|DBLa|1|63|492	PfKE03.g17	71.296	432	115	4	1	430	61	485	0.0	623
PfIT_050038500|DBLa|1|63|492	PfKE03.g17	26.706	337	191	15	117	430	997	1300	3.69e-20	95.9
PfIT_050038500|DBLa|1|63|492	PF0157-C.g531	74.134	433	104	4	1	430	79	506	0.0	619
PfIT_050038500|DBLa|1|63|492	PF0157-C.g531	26.389	288	137	14	189	430	1132	1390	3.03e-08	58.5
PfIT_050038500|DBLa|1|63|492	PM0037-C.g2330	70.575	435	118	6	1	430	64	493	0.0	614
PfIT_050038500|DBLa|1|63|492	PM0037-C.g2330	29.008	262	143	9	191	430	1040	1280	4.61e-20	95.5
PfIT_050038500|CIDRa|1|493|750	QE0393-Cx.g171	94.961	258	13	0	1	258	493	750	1.29e-168	509
PfIT_050038500|CIDRa|1|493|750	PH0305-C.g403	94.961	258	13	0	1	258	493	750	1.63e-168	509
PfIT_050038500|CIDRa|1|493|750	PF0157-C.g531	84.400	250	36	2	1	250	507	753	4.79e-140	433
PfIT_050038500|CIDRa|1|493|750	PF0157-C.g531	26.812	138	88	4	37	170	1430	1558	9.91e-07	52.0
PfIT_050038500|CIDRa|1|493|750	SenT044.10.g972	75.294	255	53	3	1	252	487	734	3.54e-119	375
PfIT_050038500|CIDRa|1|493|750	SenT044.10.g972	28.058	139	89	4	37	175	1352	1479	1.14e-08	57.8
PfIT_050038500|CIDRa|1|493|750	PF0467-C.g20	69.721	251	69	4	1	250	504	748	6.35e-112	348
PfIT_050038500|DBLd|1|830|1313	PA0017-C.g490	49.814	538	187	15	1	484	902	1410	3.24e-154	482
PfIT_050038500|DBLd|1|830|1313	PA0017-C.g490	22.605	261	151	8	166	409	169	395	3.75e-11	68.2
PfIT_050038500|DBLd|1|830|1313	PT0256-C.g791	52.363	529	172	19	1	484	888	1381	4.97e-152	475
PfIT_050038500|DBLd|1|830|1313	PT0256-C.g791	27.411	197	113	7	315	484	298	491	9.70e-12	70.1
PfIT_050038500|DBLd|1|830|1313	PV0256-C.g59	52.182	550	164	17	1	484	885	1401	1.29e-149	470
PfIT_050038500|DBLd|1|830|1313	PV0256-C.g59	24.377	361	188	12	169	484	172	492	9.12e-18	89.4
PfIT_050038500|DBLd|1|830|1313	PM0073-C.g471	48.561	556	202	19	1	484	440	983	2.79e-149	461
PfIT_050038500|DBLd|1|830|1313	PH0341-C.g430	53.267	505	186	14	1	484	927	1402	2.09e-148	466
PfIT_050038500|DBLd|1|830|1313	PH0341-C.g430	31.915	141	85	3	315	446	317	455	4.16e-12	71.2
PfIT_050038500|CIDRb|1|1314|1580	SenT084.10.g3209	73.162	272	65	3	1	267	624	892	6.17e-130	394
PfIT_050038500|CIDRb|1|1314|1580	QE0419-C.g678	74.118	255	61	3	1	254	1403	1653	8.89e-118	372
PfIT_050038500|CIDRb|1|1314|1580	PH0341-C.g430	73.725	255	62	3	1	254	1403	1653	1.31e-116	369
PfIT_050038500|CIDRb|1|1314|1580	QE0470-C.g870	71.705	258	70	2	1	256	1354	1610	3.38e-115	365
PfIT_050038500|CIDRb|1|1314|1580	PM0051-C.g1063	71.705	258	65	3	1	253	1471	1725	4.66e-115	365
PfIT_050038500|ATS|1|1679|2154	QE0438-C.g681	75.681	477	81	5	1	476	1669	2111	0.0	721
PfIT_050038500|ATS|1|1679|2154	PH0121-CW.g61	75.254	493	85	8	1	476	1474	1946	0.0	704
PfIT_050038500|ATS|1|1679|2154	PA0245-C.g998	75.941	478	93	7	1	476	1706	2163	0.0	704
PfIT_050038500|ATS|1|1679|2154	PC0122-C.g587	76.210	496	83	8	1	476	3364	3844	0.0	701
PfIT_050038500|ATS|1|1679|2154	PV0239-C.g25	76.556	482	82	9	1	476	2129	2585	0.0	698
PfIT_060021400|NTS|1|1|58	QE0392-C.g388	100.000	58	0	0	1	58	1	58	1.45e-31	115
PfIT_060021400|NTS|1|1|58	QE0410-C.g331	100.000	58	0	0	1	58	1	58	1.68e-31	115
PfIT_060021400|NTS|1|1|58	PV0195-C.g47	100.000	58	0	0	1	58	1	58	1.68e-31	115
PfIT_060021400|NTS|1|1|58	PH0932-C.g179	100.000	58	0	0	1	58	1	58	1.68e-31	115
PfIT_060021400|NTS|1|1|58	PH0495-CW.g438	100.000	58	0	0	1	58	1	58	1.68e-31	115
PfIT_060021400|DBLa|1|61|469	QE0451-C.g291	100.000	409	0	0	1	409	61	469	0.0	853
PfIT_060021400|DBLa|1|61|469	QE0451-C.g291	34.909	275	119	13	52	313	854	1081	3.67e-29	122
PfIT_060021400|DBLa|1|61|469	QE0451-C.g291	30.794	315	151	10	115	409	1350	1617	7.24e-27	115
PfIT_060021400|DBLa|1|61|469	QE0434-C.g93	100.000	409	0	0	1	409	61	469	0.0	853
PfIT_060021400|DBLa|1|61|469	QE0434-C.g93	34.909	275	119	13	52	313	854	1081	3.67e-29	122
PfIT_060021400|DBLa|1|61|469	QE0434-C.g93	30.794	315	151	10	115	409	1350	1617	7.24e-27	115
PfIT_060021400|DBLa|1|61|469	PH0516-C.g62	100.000	409	0	0	1	409	61	469	0.0	853
PfIT_060021400|DBLa|1|61|469	PH0516-C.g62	34.909	275	119	13	52	313	854	1081	3.67e-29	122
PfIT_060021400|DBLa|1|61|469	PH0516-C.g62	30.794	315	151	10	115	409	1350	1617	7.24e-27	115
PfIT_060021400|DBLa|1|61|469	PH0248-C.g92	100.000	409	0	0	1	409	61	469	0.0	853
PfIT_060021400|DBLa|1|61|469	PH0248-C.g92	34.909	275	119	13	52	313	854	1081	3.70e-29	122
PfIT_060021400|DBLa|1|61|469	PH0248-C.g92	30.794	315	151	10	115	409	1350	1617	7.51e-27	115
PfIT_060021400|DBLa|1|61|469	PD0632-C.g100	100.000	409	0	0	1	409	61	469	0.0	853
PfIT_060021400|DBLa|1|61|469	PD0632-C.g100	34.909	275	119	13	52	313	854	1081	3.67e-29	122
PfIT_060021400|DBLa|1|61|469	PD0632-C.g100	30.794	315	151	10	115	409	1350	1617	7.24e-27	115
PfIT_060021400|CIDRa|1|470|719	PA0160-C.g718	100.000	250	0	0	1	250	470	719	1.93e-173	507
PfIT_060021400|CIDRa|1|470|719	PC0085-C.g1069	99.600	250	1	0	1	250	266	515	1.71e-169	503
PfIT_060021400|CIDRa|1|470|719	QE0470-C.g364	100.000	250	0	0	1	250	470	719	8.64e-169	506
PfIT_060021400|CIDRa|1|470|719	QE0429-C.g901	100.000	250	0	0	1	250	470	719	9.57e-169	508
PfIT_060021400|CIDRa|1|470|719	SenT097.09.g78	100.000	250	0	0	1	250	17	266	7.92e-167	508
PfIT_060021400|DBLb|1|744|1199	QE0461-C.g98	100.000	456	0	0	1	456	744	1199	0.0	966
PfIT_060021400|DBLb|1|744|1199	QE0461-C.g98	25.121	414	241	13	8	370	6	401	1.22e-27	119
PfIT_060021400|DBLb|1|744|1199	QE0461-C.g98	27.300	337	168	11	71	356	1200	1510	8.18e-20	95.5
PfIT_060021400|DBLb|1|744|1199	QE0461-C.g98	26.772	254	124	10	179	392	1748	1979	2.59e-10	65.5
PfIT_060021400|DBLb|1|744|1199	QE0438-C.g154	100.000	456	0	0	1	456	744	1199	0.0	966
PfIT_060021400|DBLb|1|744|1199	QE0438-C.g154	25.121	414	241	13	8	370	6	401	1.22e-27	119
PfIT_060021400|DBLb|1|744|1199	QE0438-C.g154	27.300	337	168	11	71	356	1200	1510	8.18e-20	95.5
PfIT_060021400|DBLb|1|744|1199	QE0438-C.g154	26.772	254	124	10	179	392	1748	1979	2.59e-10	65.5
PfIT_060021400|DBLb|1|744|1199	PV0098-C.g17	100.000	456	0	0	1	456	744	1199	0.0	966
PfIT_060021400|DBLb|1|744|1199	PV0098-C.g17	25.121	414	241	13	8	370	6	401	1.22e-27	119
PfIT_060021400|DBLb|1|744|1199	PV0098-C.g17	27.300	337	168	11	71	356	1200	1510	8.18e-20	95.5
PfIT_060021400|DBLb|1|744|1199	PV0098-C.g17	26.772	254	124	10	179	392	1748	1979	2.59e-10	65.5
PfIT_060021400|DBLb|1|744|1199	PH0594-C.g1203	100.000	456	0	0	1	456	744	1199	0.0	966
PfIT_060021400|DBLb|1|744|1199	PH0594-C.g1203	25.121	414	241	13	8	370	6	401	1.22e-27	119
PfIT_060021400|DBLb|1|744|1199	PH0594-C.g1203	27.300	337	168	11	71	356	1200	1510	8.18e-20	95.5
PfIT_060021400|DBLb|1|744|1199	PH0594-C.g1203	26.772	254	124	10	179	392	1748	1979	2.59e-10	65.5
PfIT_060021400|DBLb|1|744|1199	PD0564-C.g161	100.000	456	0	0	1	456	744	1199	0.0	966
PfIT_060021400|DBLb|1|744|1199	PD0564-C.g161	25.121	414	241	13	8	370	6	401	1.22e-27	119
PfIT_060021400|DBLb|1|744|1199	PD0564-C.g161	27.300	337	168	11	71	356	1200	1510	8.18e-20	95.5
PfIT_060021400|DBLb|1|744|1199	PD0564-C.g161	26.772	254	124	10	179	392	1748	1979	2.59e-10	65.5
PfIT_060021400|DBLg|1|1214|1583	PV0138-C.g22	100.000	370	0	0	1	370	317	686	0.0	781
PfIT_060021400|DBLg|1|1214|1583	PV0138-C.g22	32.213	357	168	12	29	329	744	1082	1.83e-37	145
PfIT_060021400|DBLg|1|1214|1583	PV0138-C.g22	29.717	212	107	6	105	297	14	202	3.84e-17	85.9
PfIT_060021400|DBLg|1|1214|1583	QE0461-C.g98	100.000	370	0	0	1	370	1214	1583	0.0	780
PfIT_060021400|DBLg|1|1214|1583	QE0461-C.g98	32.213	357	168	12	29	329	1641	1979	1.63e-37	146
PfIT_060021400|DBLg|1|1214|1583	QE0461-C.g98	26.990	289	153	8	35	297	843	1099	8.61e-21	96.7
PfIT_060021400|DBLg|1|1214|1583	QE0461-C.g98	23.432	303	186	8	31	297	95	387	3.57e-07	54.7
PfIT_060021400|DBLg|1|1214|1583	QE0438-C.g154	100.000	370	0	0	1	370	1214	1583	0.0	780
PfIT_060021400|DBLg|1|1214|1583	QE0438-C.g154	32.213	357	168	12	29	329	1641	1979	1.63e-37	146
PfIT_060021400|DBLg|1|1214|1583	QE0438-C.g154	26.990	289	153	8	35	297	843	1099	8.61e-21	96.7
PfIT_060021400|DBLg|1|1214|1583	QE0438-C.g154	23.432	303	186	8	31	297	95	387	3.57e-07	54.7
PfIT_060021400|DBLg|1|1214|1583	PV0098-C.g17	100.000	370	0	0	1	370	1214	1583	0.0	780
PfIT_060021400|DBLg|1|1214|1583	PV0098-C.g17	32.213	357	168	12	29	329	1641	1979	1.63e-37	146
PfIT_060021400|DBLg|1|1214|1583	PV0098-C.g17	26.990	289	153	8	35	297	843	1099	8.61e-21	96.7
PfIT_060021400|DBLg|1|1214|1583	PV0098-C.g17	23.432	303	186	8	31	297	95	387	3.57e-07	54.7
PfIT_060021400|DBLg|1|1214|1583	PH0594-C.g1203	100.000	370	0	0	1	370	1214	1583	0.0	780
PfIT_060021400|DBLg|1|1214|1583	PH0594-C.g1203	32.213	357	168	12	29	329	1641	1979	1.63e-37	146
PfIT_060021400|DBLg|1|1214|1583	PH0594-C.g1203	26.990	289	153	8	35	297	843	1099	8.61e-21	96.7
PfIT_060021400|DBLg|1|1214|1583	PH0594-C.g1203	23.432	303	186	8	31	297	95	387	3.57e-07	54.7
PfIT_060021400|DBLd|1|1608|2012	PV0138-C.g22	100.000	405	0	0	1	405	711	1115	0.0	840
PfIT_060021400|DBLd|1|1608|2012	PV0138-C.g22	31.969	391	185	14	1	372	317	645	1.42e-41	159
PfIT_060021400|DBLd|1|1608|2012	PV0138-C.g22	26.378	254	125	9	141	372	25	238	3.81e-10	64.3
PfIT_060021400|DBLd|1|1608|2012	PH0248-C.g372	100.000	405	0	0	1	405	936	1340	0.0	838
PfIT_060021400|DBLd|1|1608|2012	PH0248-C.g372	31.969	391	185	14	1	372	542	870	7.42e-42	160
PfIT_060021400|DBLd|1|1608|2012	PH0248-C.g372	24.505	404	200	15	1	372	133	463	1.76e-11	68.6
PfIT_060021400|DBLd|1|1608|2012	PA0061-C.g231	100.000	405	0	0	1	405	1608	2012	0.0	838
PfIT_060021400|DBLd|1|1608|2012	PA0061-C.g231	31.969	391	185	14	1	372	1214	1542	1.38e-41	159
PfIT_060021400|DBLd|1|1608|2012	PA0061-C.g231	33.600	250	121	12	183	405	238	469	2.78e-24	108
PfIT_060021400|DBLd|1|1608|2012	PA0061-C.g231	24.505	404	200	15	1	372	805	1135	2.11e-11	68.6
PfIT_060021400|DBLd|1|1608|2012	QE0461-C.g98	100.000	405	0	0	1	405	1608	2012	0.0	838
PfIT_060021400|DBLd|1|1608|2012	QE0461-C.g98	31.969	391	185	14	1	372	1214	1542	1.24e-41	159
PfIT_060021400|DBLd|1|1608|2012	QE0461-C.g98	33.600	250	121	12	183	405	238	469	2.59e-24	108
PfIT_060021400|DBLd|1|1608|2012	QE0461-C.g98	24.505	404	200	15	1	372	805	1135	2.08e-11	68.6
PfIT_060021400|DBLd|1|1608|2012	QE0438-C.g154	100.000	405	0	0	1	405	1608	2012	0.0	838
PfIT_060021400|DBLd|1|1608|2012	QE0438-C.g154	31.969	391	185	14	1	372	1214	1542	1.24e-41	159
PfIT_060021400|DBLd|1|1608|2012	QE0438-C.g154	33.600	250	121	12	183	405	238	469	2.59e-24	108
PfIT_060021400|DBLd|1|1608|2012	QE0438-C.g154	24.505	404	200	15	1	372	805	1135	2.08e-11	68.6
PfIT_060021400|CIDRg|1|2013|2268	QE0401-C.g8	100.000	256	0	0	1	256	384	639	0.0	535
PfIT_060021400|CIDRg|1|2013|2268	PV0142-C.g16	100.000	256	0	0	1	256	381	636	0.0	533
PfIT_060021400|CIDRg|1|2013|2268	QE0458-C.g866	100.000	256	0	0	1	256	740	995	0.0	533
PfIT_060021400|CIDRg|1|2013|2268	PD0515-C.g1233	100.000	256	0	0	1	256	919	1174	8.45e-180	530
PfIT_060021400|CIDRg|1|2013|2268	PD0626-C.g1078	100.000	256	0	0	1	256	655	910	5.69e-179	533
PfIT_060021400|ATS|1|2393|2760	QE0461-C.g98	100.000	368	0	0	1	368	2393	2760	0.0	754
PfIT_060021400|ATS|1|2393|2760	QE0438-C.g154	100.000	368	0	0	1	368	2393	2760	0.0	754
PfIT_060021400|ATS|1|2393|2760	PV0098-C.g17	100.000	368	0	0	1	368	2393	2760	0.0	754
PfIT_060021400|ATS|1|2393|2760	PH0594-C.g1203	100.000	368	0	0	1	368	2393	2760	0.0	754
PfIT_060021400|ATS|1|2393|2760	PD0564-C.g161	100.000	368	0	0	1	368	2393	2760	0.0	754
PfIT_060036700|NTS|1|1|70	PC0104-C.g660	100.000	70	0	0	1	70	1	70	2.85e-43	150
PfIT_060036700|NTS|1|1|70	PFKE01.g5	100.000	70	0	0	1	70	1	70	2.96e-43	150
PfIT_060036700|NTS|1|1|70	PA0161-C.g212	100.000	70	0	0	1	70	1	70	3.36e-43	149
PfIT_060036700|NTS|1|1|70	PT0222-C.g59	100.000	70	0	0	1	70	1	70	3.59e-43	149
PfIT_060036700|NTS|1|1|70	PD0513-C.g443	100.000	70	0	0	1	70	1	70	4.66e-43	149
PfIT_060036700|DBLa|1|71|466	PT0222-C.g59	100.000	396	0	0	1	396	71	466	0.0	828
PfIT_060036700|DBLa|1|71|466	PT0222-C.g59	31.288	326	174	10	16	317	801	1100	1.67e-36	144
PfIT_060036700|DBLa|1|71|466	PT0222-C.g59	28.261	322	180	10	55	353	1365	1658	6.27e-24	106
PfIT_060036700|DBLa|1|71|466	PT0222-C.g59	23.600	250	144	6	114	318	2400	2647	6.17e-13	73.2
PfIT_060036700|DBLa|1|71|466	PT0222-C.g59	24.419	344	193	16	51	368	1775	2077	9.75e-10	63.2
PfIT_060036700|DBLa|1|71|466	PA0161-C.g212	100.000	396	0	0	1	396	71	466	0.0	827
PfIT_060036700|DBLa|1|71|466	PA0161-C.g212	33.803	284	154	9	16	275	800	1073	4.77e-37	145
PfIT_060036700|DBLa|1|71|466	PA0161-C.g212	33.948	271	140	10	55	315	1378	1619	4.81e-26	113
PfIT_060036700|DBLa|1|71|466	PA0161-C.g212	26.174	298	177	11	38	317	1758	2030	2.64e-15	80.5
PfIT_060036700|DBLa|1|71|466	PC0104-C.g660	99.747	396	1	0	1	396	71	466	0.0	827
PfIT_060036700|DBLa|1|71|466	PC0104-C.g660	33.803	284	154	9	16	275	800	1073	5.61e-37	145
PfIT_060036700|DBLa|1|71|466	PC0104-C.g660	28.646	384	210	13	1	357	1337	1683	4.87e-33	134
PfIT_060036700|DBLa|1|71|466	PC0104-C.g660	22.973	296	187	10	38	313	2157	2431	4.05e-10	64.3
PfIT_060036700|DBLa|1|71|466	PC0104-C.g660	21.451	317	196	12	22	321	1765	2045	7.90e-10	63.5
PfIT_060036700|DBLa|1|71|466	PC0104-C.g660	29.101	189	120	6	216	396	2947	3129	2.86e-08	58.5
PfIT_060036700|DBLa|1|71|466	QE0476-C.g193	100.000	396	0	0	1	396	71	466	0.0	827
PfIT_060036700|DBLa|1|71|466	QE0476-C.g193	32.092	349	171	11	20	348	1312	1614	1.43e-35	141
PfIT_060036700|DBLa|1|71|466	QE0476-C.g193	32.063	315	169	14	21	317	810	1097	6.03e-34	136
PfIT_060036700|DBLa|1|71|466	QE0476-C.g193	25.000	304	167	12	47	328	1736	2000	1.17e-10	66.2
PfIT_060036700|DBLa|1|71|466	QE0476-C.g193	25.781	256	148	9	169	396	2385	2626	2.99e-09	61.6
PfIT_060036700|DBLa|1|71|466	PD0554-C.g886	100.000	396	0	0	1	396	71	466	0.0	827
PfIT_060036700|DBLa|1|71|466	PD0554-C.g886	32.092	349	171	11	20	348	1312	1614	1.43e-35	141
PfIT_060036700|DBLa|1|71|466	PD0554-C.g886	32.063	315	169	14	21	317	810	1097	6.03e-34	136
PfIT_060036700|DBLa|1|71|466	PD0554-C.g886	25.000	304	167	12	47	328	1736	2000	1.17e-10	66.2
PfIT_060036700|DBLa|1|71|466	PD0554-C.g886	25.781	256	148	9	169	396	2385	2626	2.99e-09	61.6
PfIT_060036700|CIDRa|1|467|717	PC0071-C.g44	98.008	251	5	0	1	251	480	730	7.60e-173	505
PfIT_060036700|CIDRa|1|467|717	PD0460-C.g111	100.000	251	0	0	1	251	467	717	3.74e-171	510
PfIT_060036700|CIDRa|1|467|717	PD0513-C.g443	100.000	251	0	0	1	251	467	717	4.82e-167	510
PfIT_060036700|CIDRa|1|467|717	PV0139-C.g38	100.000	251	0	0	1	251	450	700	2.20e-166	511
PfIT_060036700|CIDRa|1|467|717	PV0139-C.g38	25.094	267	183	7	1	251	2610	2875	5.74e-10	61.6
PfIT_060036700|CIDRa|1|467|717	QE0476-C.g193	100.000	251	0	0	1	251	467	717	2.60e-166	511
PfIT_060036700|CIDRa|1|467|717	QE0476-C.g193	25.296	253	172	7	15	251	2641	2892	6.07e-10	61.6
PfIT_060036700|DBLb|1|726|1211	PD0515-C.g520	100.000	486	0	0	1	486	28	513	0.0	1020
PfIT_060036700|DBLb|1|726|1211	PD0515-C.g520	40.509	511	215	14	3	486	531	979	4.27e-102	338
PfIT_060036700|DBLb|1|726|1211	PD0515-C.g520	25.517	290	173	9	100	373	1030	1292	8.76e-18	89.4
PfIT_060036700|DBLb|1|726|1211	QE0476-C.g193	100.000	486	0	0	1	486	726	1211	0.0	1019
PfIT_060036700|DBLb|1|726|1211	QE0476-C.g193	40.509	511	215	14	3	486	1229	1677	1.35e-101	336
PfIT_060036700|DBLb|1|726|1211	QE0476-C.g193	32.063	315	169	14	85	372	91	387	3.61e-33	136
PfIT_060036700|DBLb|1|726|1211	QE0476-C.g193	25.517	290	173	9	100	373	1728	1990	9.83e-18	89.4
PfIT_060036700|DBLb|1|726|1211	PD0554-C.g886	100.000	486	0	0	1	486	726	1211	0.0	1019
PfIT_060036700|DBLb|1|726|1211	PD0554-C.g886	40.509	511	215	14	3	486	1229	1677	1.35e-101	336
PfIT_060036700|DBLb|1|726|1211	PD0554-C.g886	32.063	315	169	14	85	372	91	387	3.61e-33	136
PfIT_060036700|DBLb|1|726|1211	PD0554-C.g886	25.517	290	173	9	100	373	1728	1990	9.83e-18	89.4
PfIT_060036700|DBLb|1|726|1211	PD0548-C.g65	100.000	486	0	0	1	486	726	1211	0.0	1019
PfIT_060036700|DBLb|1|726|1211	PD0548-C.g65	40.509	511	215	14	3	486	1229	1677	1.35e-101	336
PfIT_060036700|DBLb|1|726|1211	PD0548-C.g65	32.063	315	169	14	85	372	91	387	3.61e-33	136
PfIT_060036700|DBLb|1|726|1211	PD0548-C.g65	25.517	290	173	9	100	373	1728	1990	9.83e-18	89.4
PfIT_060036700|DBLb|1|726|1211	PD0532-C.g217	100.000	486	0	0	1	486	726	1211	0.0	1019
PfIT_060036700|DBLb|1|726|1211	PD0532-C.g217	40.509	511	215	14	3	486	1229	1677	1.35e-101	336
PfIT_060036700|DBLb|1|726|1211	PD0532-C.g217	32.063	315	169	14	85	372	91	387	3.61e-33	136
PfIT_060036700|DBLb|1|726|1211	PD0532-C.g217	25.517	290	173	9	100	373	1728	1990	9.83e-18	89.4
PfIT_060036700|DBLb|2|1227|1677	PD0515-C.g520	100.000	451	0	0	1	451	529	979	0.0	939
PfIT_060036700|DBLb|2|1227|1677	PD0515-C.g520	40.741	513	215	14	1	451	28	513	1.15e-104	343
PfIT_060036700|DBLb|2|1227|1677	PD0515-C.g520	28.161	348	199	14	68	388	997	1320	3.69e-23	105
PfIT_060036700|DBLb|2|1227|1677	QE0476-C.g193	100.000	451	0	0	1	451	1227	1677	0.0	938
PfIT_060036700|DBLb|2|1227|1677	QE0476-C.g193	40.741	513	215	14	1	451	726	1211	8.48e-105	344
PfIT_060036700|DBLb|2|1227|1677	QE0476-C.g193	32.092	349	171	11	86	388	90	418	4.19e-35	141
PfIT_060036700|DBLb|2|1227|1677	QE0476-C.g193	28.161	348	199	14	68	388	1695	2018	3.93e-23	105
PfIT_060036700|DBLb|2|1227|1677	PV0139-C.g38	100.000	451	0	0	1	451	1210	1660	0.0	938
PfIT_060036700|DBLb|2|1227|1677	PV0139-C.g38	40.741	513	215	14	1	451	709	1194	8.00e-105	344
PfIT_060036700|DBLb|2|1227|1677	PV0139-C.g38	32.092	349	171	11	86	388	73	401	3.96e-35	141
PfIT_060036700|DBLb|2|1227|1677	PV0139-C.g38	28.161	348	199	14	68	388	1678	2001	4.30e-23	105
PfIT_060036700|DBLb|2|1227|1677	PD0554-C.g886	100.000	451	0	0	1	451	1227	1677	0.0	938
PfIT_060036700|DBLb|2|1227|1677	PD0554-C.g886	40.741	513	215	14	1	451	726	1211	8.48e-105	344
PfIT_060036700|DBLb|2|1227|1677	PD0554-C.g886	32.092	349	171	11	86	388	90	418	4.19e-35	141
PfIT_060036700|DBLb|2|1227|1677	PD0554-C.g886	28.161	348	199	14	68	388	1695	2018	3.93e-23	105
PfIT_060036700|DBLb|2|1227|1677	PD0548-C.g65	100.000	451	0	0	1	451	1227	1677	0.0	938
PfIT_060036700|DBLb|2|1227|1677	PD0548-C.g65	40.741	513	215	14	1	451	726	1211	8.48e-105	344
PfIT_060036700|DBLb|2|1227|1677	PD0548-C.g65	32.092	349	171	11	86	388	90	418	4.19e-35	141
PfIT_060036700|DBLb|2|1227|1677	PD0548-C.g65	28.161	348	199	14	68	388	1695	2018	3.93e-23	105
PfIT_060036700|DBLg|1|1697|2061	PD0460-C.g1580	100.000	365	0	0	1	365	431	795	0.0	770
PfIT_060036700|DBLg|1|1697|2061	PD0460-C.g1580	31.414	382	165	18	1	291	918	1293	2.67e-39	151
PfIT_060036700|DBLg|1|1697|2061	PD0460-C.g1580	28.035	346	198	14	1	322	30	348	3.10e-22	100
PfIT_060036700|DBLg|1|1697|2061	PD0515-C.g520	100.000	365	0	0	1	365	999	1363	0.0	770
PfIT_060036700|DBLg|1|1697|2061	PD0515-C.g520	31.414	382	165	18	1	291	1486	1861	2.22e-39	151
PfIT_060036700|DBLg|1|1697|2061	PD0515-C.g520	28.035	346	198	14	1	322	598	916	2.59e-22	101
PfIT_060036700|DBLg|1|1697|2061	PD0515-C.g520	25.606	289	174	9	32	294	127	400	2.76e-18	89.0
PfIT_060036700|DBLg|1|1697|2061	QE0476-C.g193	100.000	365	0	0	1	365	1697	2061	0.0	768
PfIT_060036700|DBLg|1|1697|2061	QE0476-C.g193	31.414	382	165	18	1	291	2184	2559	2.25e-39	151
PfIT_060036700|DBLg|1|1697|2061	QE0476-C.g193	27.457	346	200	13	1	322	1296	1614	2.30e-22	101
PfIT_060036700|DBLg|1|1697|2061	QE0476-C.g193	25.606	289	174	9	32	294	825	1098	1.58e-18	89.7
PfIT_060036700|DBLg|1|1697|2061	QE0476-C.g193	24.671	304	168	12	40	304	117	398	9.50e-11	65.9
PfIT_060036700|DBLg|1|1697|2061	PV0139-C.g38	100.000	365	0	0	1	365	1680	2044	0.0	768
PfIT_060036700|DBLg|1|1697|2061	PV0139-C.g38	31.414	382	165	18	1	291	2167	2542	2.42e-39	151
PfIT_060036700|DBLg|1|1697|2061	PV0139-C.g38	27.457	346	200	13	1	322	1279	1597	2.36e-22	101
PfIT_060036700|DBLg|1|1697|2061	PV0139-C.g38	25.606	289	174	9	32	294	808	1081	1.71e-18	89.7
PfIT_060036700|DBLg|1|1697|2061	PV0139-C.g38	24.671	304	168	12	40	304	100	381	9.93e-11	65.9
PfIT_060036700|DBLg|1|1697|2061	PD0554-C.g886	100.000	365	0	0	1	365	1697	2061	0.0	768
PfIT_060036700|DBLg|1|1697|2061	PD0554-C.g886	31.414	382	165	18	1	291	2184	2559	2.25e-39	151
PfIT_060036700|DBLg|1|1697|2061	PD0554-C.g886	27.457	346	200	13	1	322	1296	1614	2.30e-22	101
PfIT_060036700|DBLg|1|1697|2061	PD0554-C.g886	25.606	289	174	9	32	294	825	1098	1.58e-18	89.7
PfIT_060036700|DBLg|1|1697|2061	PD0554-C.g886	24.671	304	168	12	40	304	117	398	9.50e-11	65.9
PfIT_060036700|DBLd|1|2184|2626	QE0476-C.g193	100.000	443	0	0	1	443	2184	2626	0.0	912
PfIT_060036700|DBLd|1|2184|2626	QE0476-C.g193	31.152	382	166	17	1	376	1697	1987	1.15e-38	151
PfIT_060036700|DBLd|1|2184|2626	QE0476-C.g193	25.781	256	148	9	202	443	239	466	7.66e-10	63.9
PfIT_060036700|DBLd|1|2184|2626	PV0139-C.g38	100.000	443	0	0	1	443	2167	2609	0.0	912
PfIT_060036700|DBLd|1|2184|2626	PV0139-C.g38	31.152	382	166	17	1	376	1680	1970	1.01e-38	152
PfIT_060036700|DBLd|1|2184|2626	PV0139-C.g38	25.781	256	148	9	202	443	222	449	6.96e-10	63.9
PfIT_060036700|DBLd|1|2184|2626	PD0554-C.g886	100.000	443	0	0	1	443	2184	2626	0.0	912
PfIT_060036700|DBLd|1|2184|2626	PD0554-C.g886	31.152	382	166	17	1	376	1697	1987	1.15e-38	151
PfIT_060036700|DBLd|1|2184|2626	PD0554-C.g886	25.781	256	148	9	202	443	239	466	7.66e-10	63.9
PfIT_060036700|DBLd|1|2184|2626	PD0548-C.g65	100.000	443	0	0	1	443	2184	2626	0.0	912
PfIT_060036700|DBLd|1|2184|2626	PD0548-C.g65	31.152	382	166	17	1	376	1697	1987	1.15e-38	151
PfIT_060036700|DBLd|1|2184|2626	PD0548-C.g65	25.781	256	148	9	202	443	239	466	7.66e-10	63.9
PfIT_060036700|DBLd|1|2184|2626	PD0532-C.g217	100.000	443	0	0	1	443	2184	2626	0.0	912
PfIT_060036700|DBLd|1|2184|2626	PD0532-C.g217	31.152	382	166	17	1	376	1697	1987	1.15e-38	151
PfIT_060036700|DBLd|1|2184|2626	PD0532-C.g217	25.781	256	148	9	202	443	239	466	7.66e-10	63.9
PfIT_060036700|CIDRb|1|2627|2892	PD0513-C.g16	100.000	266	0	0	1	266	723	988	0.0	541
PfIT_060036700|CIDRb|1|2627|2892	PD0460-C.g1580	100.000	266	0	0	1	266	1361	1626	9.54e-180	541
PfIT_060036700|CIDRb|1|2627|2892	PD0515-C.g520	100.000	266	0	0	1	266	1929	2194	7.41e-177	540
PfIT_060036700|CIDRb|1|2627|2892	PV0139-C.g38	100.000	266	0	0	1	266	2610	2875	9.07e-176	539
PfIT_060036700|CIDRb|1|2627|2892	PV0139-C.g38	25.726	241	165	6	15	254	464	691	7.23e-07	52.8
PfIT_060036700|CIDRb|1|2627|2892	QE0476-C.g193	100.000	266	0	0	1	266	2627	2892	9.20e-176	539
PfIT_060036700|CIDRb|1|2627|2892	QE0476-C.g193	25.670	261	172	7	15	266	481	728	1.50e-07	54.7
PfIT_060036700|ATS|1|3029|3459	PD0543-C.g389	81.422	436	76	3	1	431	2360	2795	0.0	715
PfIT_060036700|ATS|1|3029|3459	PC0113-C.g1115	81.944	432	67	3	1	431	3496	3917	0.0	712
PfIT_060036700|ATS|1|3029|3459	PFKE07.g424	81.481	432	69	3	1	431	2619	3040	0.0	707
PfIT_060036700|ATS|1|3029|3459	PFKE07.g1073	82.176	432	57	6	1	431	3671	4083	0.0	697
PfIT_060036700|ATS|1|3029|3459	PF0513-C.g5231	80.510	431	73	3	2	431	2389	2809	0.0	696
PfIT_060036800|NTS|1|1|66	PD0481-C.g241	100.000	66	0	0	1	66	1	66	4.93e-39	137
PfIT_060036800|NTS|1|1|66	QE0483-C.g219	100.000	66	0	0	1	66	1	66	6.28e-39	137
PfIT_060036800|NTS|1|1|66	QE0417-C.g386	100.000	66	0	0	1	66	1	66	6.28e-39	137
PfIT_060036800|NTS|1|1|66	QE0392-C.g459	100.000	66	0	0	1	66	1	66	6.28e-39	137
PfIT_060036800|NTS|1|1|66	PT0222-C.g299	74.242	66	17	0	1	66	1	66	2.16e-24	95.9
PfIT_060036800|DBLa|1|67|488	QE0483-C.g219	74.478	431	88	6	1	422	67	484	0.0	634
PfIT_060036800|DBLa|1|67|488	QE0483-C.g219	32.872	289	129	12	54	333	878	1110	1.67e-24	108
PfIT_060036800|DBLa|1|67|488	QE0483-C.g219	25.000	360	219	12	94	422	1453	1792	6.84e-19	92.0
PfIT_060036800|DBLa|1|67|488	QE0483-C.g219	23.810	294	149	8	41	333	2155	2374	5.58e-13	73.6
PfIT_060036800|DBLa|1|67|488	QE0417-C.g386	74.478	431	88	6	1	422	67	484	0.0	634
PfIT_060036800|DBLa|1|67|488	QE0417-C.g386	32.872	289	129	12	54	333	878	1110	1.67e-24	108
PfIT_060036800|DBLa|1|67|488	QE0417-C.g386	25.000	360	219	12	94	422	1453	1792	6.84e-19	92.0
PfIT_060036800|DBLa|1|67|488	QE0417-C.g386	23.810	294	149	8	41	333	2155	2374	5.58e-13	73.6
PfIT_060036800|DBLa|1|67|488	QE0392-C.g459	74.478	431	88	6	1	422	67	484	0.0	634
PfIT_060036800|DBLa|1|67|488	QE0392-C.g459	32.872	289	129	12	54	333	878	1110	1.67e-24	108
PfIT_060036800|DBLa|1|67|488	QE0392-C.g459	25.000	360	219	12	94	422	1453	1792	6.84e-19	92.0
PfIT_060036800|DBLa|1|67|488	QE0392-C.g459	23.810	294	149	8	41	333	2155	2374	5.58e-13	73.6
PfIT_060036800|DBLa|1|67|488	PD0481-C.g241	74.478	431	88	6	1	422	67	484	0.0	634
PfIT_060036800|DBLa|1|67|488	PD0481-C.g241	31.366	322	154	13	54	364	878	1143	1.70e-23	105
PfIT_060036800|DBLa|1|67|488	PD0481-C.g241	29.787	282	140	9	53	334	2470	2693	1.77e-20	97.1
PfIT_060036800|DBLa|1|67|488	PD0481-C.g241	26.894	264	136	7	184	422	1446	1677	1.47e-16	84.7
PfIT_060036800|DBLa|1|67|488	PD0481-C.g241	24.138	319	176	10	30	330	2015	2285	1.50e-11	69.3
PfIT_060036800|DBLa|1|67|488	PH0549-C.g178	69.585	434	99	9	1	422	68	480	0.0	577
PfIT_060036800|DBLa|1|67|488	PH0549-C.g178	31.688	385	205	15	29	406	2445	2778	1.31e-39	154
PfIT_060036800|DBLa|1|67|488	PH0549-C.g178	31.366	322	154	13	54	364	874	1139	2.24e-23	105
PfIT_060036800|DBLa|1|67|488	PH0549-C.g178	26.894	264	136	7	184	422	1442	1673	2.17e-16	84.3
PfIT_060036800|DBLa|1|67|488	PH0549-C.g178	24.765	319	161	13	43	358	2838	3080	7.52e-15	79.3
PfIT_060036800|CIDRa|1|489|788	PFKE09.g537	74.098	305	69	5	1	297	487	789	7.64e-140	438
PfIT_060036800|CIDRa|1|489|788	PM0038-C.g50	69.024	297	76	4	1	288	154	443	6.97e-116	361
PfIT_060036800|CIDRa|1|489|788	PH0325-C.g568	67.667	300	79	4	1	291	139	429	3.16e-115	363
PfIT_060036800|CIDRa|1|489|788	PD0472-C.g628	68.000	300	78	4	1	291	511	801	1.20e-114	365
PfIT_060036800|CIDRa|1|489|788	PD0472-C.g628	29.139	151	94	5	150	291	1527	1673	3.46e-09	60.1
PfIT_060036800|CIDRa|1|489|788	PD0585-C.g861	68.000	300	78	4	1	291	515	805	1.88e-114	364
PfIT_060036800|DBLg|1|878|1231	PH0114-C.g8	100.000	354	0	0	1	354	1277	1630	0.0	733
PfIT_060036800|DBLg|1|878|1231	PH0114-C.g8	31.416	226	112	6	1	183	1722	1947	3.52e-19	91.7
PfIT_060036800|DBLg|1|878|1231	QE0429-C.g136	100.000	354	0	0	1	354	1277	1630	0.0	731
PfIT_060036800|DBLg|1|878|1231	QE0429-C.g136	37.006	354	186	11	1	326	2525	2869	5.54e-59	208
PfIT_060036800|DBLg|1|878|1231	QE0429-C.g136	26.914	405	186	13	1	295	1722	2126	2.21e-26	113
PfIT_060036800|DBLg|1|878|1231	PD0532-C.g286	100.000	354	0	0	1	354	1277	1630	0.0	731
PfIT_060036800|DBLg|1|878|1231	PD0532-C.g286	37.006	354	186	11	1	326	2525	2869	5.54e-59	208
PfIT_060036800|DBLg|1|878|1231	PD0532-C.g286	26.914	405	186	13	1	295	1722	2126	2.21e-26	113
PfIT_060036800|DBLg|1|878|1231	PD0518-C.g298	100.000	354	0	0	1	354	1277	1630	0.0	731
PfIT_060036800|DBLg|1|878|1231	PD0518-C.g298	37.006	354	186	11	1	326	2525	2869	5.54e-59	208
PfIT_060036800|DBLg|1|878|1231	PD0518-C.g298	26.914	405	186	13	1	295	1722	2126	2.21e-26	113
PfIT_060036800|DBLg|1|878|1231	PD0514-C.g908	100.000	354	0	0	1	354	1277	1630	0.0	731
PfIT_060036800|DBLg|1|878|1231	PD0514-C.g908	37.006	354	186	11	1	326	2525	2869	5.54e-59	208
PfIT_060036800|DBLg|1|878|1231	PD0514-C.g908	26.914	405	186	13	1	295	1722	2126	2.21e-26	113
PfIT_060036800|DBLd|1|1323|1796	QE0429-C.g136	73.640	478	109	7	1	474	1722	2186	0.0	657
PfIT_060036800|DBLd|1|1323|1796	QE0429-C.g136	29.710	414	183	15	1	411	2525	2833	1.39e-34	140
PfIT_060036800|DBLd|1|1323|1796	QE0429-C.g136	26.087	437	202	14	1	437	1277	1592	3.79e-24	108
PfIT_060036800|DBLd|1|1323|1796	QE0429-C.g136	25.263	285	139	12	206	474	252	478	4.68e-10	64.7
PfIT_060036800|DBLd|1|1323|1796	PD0532-C.g286	73.640	478	109	7	1	474	1722	2186	0.0	657
PfIT_060036800|DBLd|1|1323|1796	PD0532-C.g286	29.710	414	183	15	1	411	2525	2833	1.39e-34	140
PfIT_060036800|DBLd|1|1323|1796	PD0532-C.g286	26.087	437	202	14	1	437	1277	1592	3.79e-24	108
PfIT_060036800|DBLd|1|1323|1796	PD0532-C.g286	25.263	285	139	12	206	474	252	478	4.68e-10	64.7
PfIT_060036800|DBLd|1|1323|1796	PD0518-C.g298	73.640	478	109	7	1	474	1722	2186	0.0	657
PfIT_060036800|DBLd|1|1323|1796	PD0518-C.g298	29.710	414	183	15	1	411	2525	2833	1.39e-34	140
PfIT_060036800|DBLd|1|1323|1796	PD0518-C.g298	26.087	437	202	14	1	437	1277	1592	3.79e-24	108
PfIT_060036800|DBLd|1|1323|1796	PD0518-C.g298	25.263	285	139	12	206	474	252	478	4.68e-10	64.7
PfIT_060036800|DBLd|1|1323|1796	PD0514-C.g908	73.640	478	109	7	1	474	1722	2186	0.0	657
PfIT_060036800|DBLd|1|1323|1796	PD0514-C.g908	29.710	414	183	15	1	411	2525	2833	1.39e-34	140
PfIT_060036800|DBLd|1|1323|1796	PD0514-C.g908	26.087	437	202	14	1	437	1277	1592	3.79e-24	108
PfIT_060036800|DBLd|1|1323|1796	PD0514-C.g908	25.263	285	139	12	206	474	252	478	4.68e-10	64.7
PfIT_060036800|DBLd|1|1323|1796	QE0476-C.g640	64.845	549	110	13	1	474	906	1446	0.0	647
PfIT_060036800|DBLd|1|1323|1796	QE0476-C.g640	26.484	219	125	9	284	474	297	507	8.99e-12	70.1
PfIT_060036800|CIDRb|1|1797|2059	PD0513-C.g579	100.000	263	0	0	1	263	1362	1624	2.79e-177	533
PfIT_060036800|CIDRb|1|1797|2059	PD0548-C.g705	100.000	263	0	0	1	263	1362	1624	3.01e-177	533
PfIT_060036800|CIDRb|1|1797|2059	QE0476-C.g640	100.000	263	0	0	1	263	1447	1709	4.31e-177	535
PfIT_060036800|CIDRb|1|1797|2059	PA0146-C.g668	74.806	258	60	3	1	256	1308	1562	2.65e-116	367
PfIT_060036800|CIDRb|1|1797|2059	SenT128.08.g133	71.705	258	68	2	1	258	1907	2159	7.39e-114	361
PfIT_060036800|ATS|1|2170|2672	PV0139-C.g33	99.335	451	3	0	1	451	2608	3058	0.0	934
PfIT_060036800|ATS|1|2170|2672	PV0239-C.g10	77.583	513	90	10	1	503	3361	3858	0.0	749
PfIT_060036800|ATS|1|2170|2672	PC0104-C.g515	77.757	526	57	8	1	503	1694	2182	0.0	734
PfIT_060036800|ATS|1|2170|2672	PT0219-C.g578	74.759	519	79	10	1	503	1736	2218	0.0	720
PfIT_060036800|ATS|1|2170|2672	PV0229-C.g26	76.832	505	73	7	1	503	1803	2265	0.0	719
PfIT_070005800|NTS|1|1|62	PH0516-C.g318	100.000	62	0	0	1	62	1	62	1.04e-33	122
PfIT_070005800|NTS|1|1|62	PD0552-C.g639	100.000	62	0	0	1	62	1	62	1.71e-33	121
PfIT_070005800|NTS|1|1|62	PV0094-C.g58	62.295	61	23	0	1	61	1	61	2.06e-18	79.0
PfIT_070005800|NTS|1|1|62	PFKE06.g11	63.934	61	22	0	1	61	1	61	2.39e-18	78.6
PfIT_070005800|NTS|1|1|62	PD0632-C.g602	62.295	61	23	0	1	61	1	61	2.99e-18	78.2
PfIT_070005800|DBLa|1|63|499	PD0552-C.g639	100.000	437	0	0	1	437	63	499	0.0	914
PfIT_070005800|DBLa|1|63|499	PD0552-C.g639	31.864	295	136	12	59	342	917	1157	1.74e-26	115
PfIT_070005800|DBLa|1|63|499	PD0552-C.g639	27.246	345	196	11	119	437	1496	1811	6.45e-22	101
PfIT_070005800|DBLa|1|63|499	PH0516-C.g318	100.000	437	0	0	1	437	63	499	0.0	912
PfIT_070005800|DBLa|1|63|499	PH0516-C.g318	31.757	296	137	12	59	343	917	1158	2.89e-26	114
PfIT_070005800|DBLa|1|63|499	PH0516-C.g318	28.319	339	176	13	123	437	1494	1789	1.41e-18	91.3
PfIT_070005800|DBLa|1|63|499	PT0156-C.g1050	75.615	447	82	9	1	437	62	491	0.0	617
PfIT_070005800|DBLa|1|63|499	PT0156-C.g1050	30.769	182	105	6	182	347	1145	1321	2.37e-17	87.4
PfIT_070005800|DBLa|1|63|499	PA0213-C.g1161	70.022	447	107	7	1	437	68	497	0.0	607
PfIT_070005800|DBLa|1|63|499	PA0213-C.g1161	25.208	361	194	13	115	437	1069	1391	9.44e-18	88.6
PfIT_070005800|DBLa|1|63|499	PA0069-C.g546	68.820	449	113	10	1	437	67	500	0.0	597
PfIT_070005800|DBLa|1|63|499	PA0069-C.g546	26.622	447	239	18	52	437	957	1375	2.28e-19	93.6
PfIT_070005800|CIDRa|1|500|798	PD0552-C.g639	100.000	299	0	0	1	299	500	798	0.0	610
PfIT_070005800|CIDRa|1|500|798	PV0160-C.g67	100.000	299	0	0	1	299	174	472	0.0	608
PfIT_070005800|CIDRa|1|500|798	PH0516-C.g318	100.000	299	0	0	1	299	500	798	0.0	607
PfIT_070005800|CIDRa|1|500|798	PT0156-C.g1050	73.443	305	59	6	1	297	492	782	8.86e-125	393
PfIT_070005800|CIDRa|1|500|798	PH0594-C.g29	71.336	307	75	6	1	296	509	813	3.67e-118	374
PfIT_070005800|DBLb|1|805|1260	PD0552-C.g639	100.000	456	0	0	1	456	805	1260	0.0	956
PfIT_070005800|DBLb|1|805|1260	PD0552-C.g639	29.383	405	202	16	17	353	16	404	8.10e-33	134
PfIT_070005800|DBLb|1|805|1260	PH0516-C.g318	100.000	456	0	0	1	456	805	1260	0.0	954
PfIT_070005800|DBLb|1|805|1260	PH0516-C.g318	29.383	405	202	16	17	353	16	404	9.64e-33	134
PfIT_070005800|DBLb|1|805|1260	PV0160-C.g67	99.781	456	1	0	1	456	479	934	0.0	952
PfIT_070005800|DBLb|1|805|1260	PD0494-C.g445	99.123	456	4	0	1	456	784	1239	0.0	948
PfIT_070005800|DBLb|1|805|1260	PD0494-C.g445	29.923	391	199	16	24	353	20	396	1.81e-32	133
PfIT_070005800|DBLb|1|805|1260	QG0196-C.g411	75.271	461	106	3	1	456	526	983	0.0	709
PfIT_070005800|DBLd|1|1339|1789	PH0516-C.g318	100.000	451	0	0	1	451	1339	1789	0.0	932
PfIT_070005800|DBLd|1|1339|1789	PH0516-C.g318	30.279	251	130	9	156	385	185	411	3.42e-18	90.1
PfIT_070005800|DBLd|1|1339|1789	PA0026-C.g250	54.762	504	163	10	1	451	298	789	7.26e-173	516
PfIT_070005800|DBLd|1|1339|1789	PF0417-C.g451	55.159	504	161	11	1	451	890	1381	2.17e-167	516
PfIT_070005800|DBLd|1|1339|1789	PF0417-C.g451	27.536	207	114	7	275	451	300	500	1.09e-09	63.5
PfIT_070005800|DBLd|1|1339|1789	PA0057-C.g376	55.159	504	161	11	1	451	890	1381	2.17e-167	516
PfIT_070005800|DBLd|1|1339|1789	PA0057-C.g376	27.536	207	114	7	275	451	300	500	1.09e-09	63.5
PfIT_070005800|DBLd|1|1339|1789	PA0020-C.g361	55.159	504	161	11	1	451	890	1381	2.17e-167	516
PfIT_070005800|DBLd|1|1339|1789	PA0020-C.g361	27.536	207	114	7	275	451	300	500	1.09e-09	63.5
PfIT_070005800|CIDRb|1|1790|2043	PH0516-C.g318	100.000	254	0	0	1	254	1790	2043	2.94e-170	520
PfIT_070005800|CIDRb|1|1790|2043	PD0569-C.g749	100.000	247	0	0	1	247	1321	1567	5.21e-167	505
PfIT_070005800|CIDRb|1|1790|2043	PD0569-C.g749	29.960	247	145	10	14	252	511	737	3.23e-17	83.2
PfIT_070005800|CIDRb|1|1790|2043	PD0549-C.g678	100.000	247	0	0	1	247	1321	1567	5.21e-167	505
PfIT_070005800|CIDRb|1|1790|2043	PD0549-C.g678	29.960	247	145	10	14	252	511	737	3.23e-17	83.2
PfIT_070005800|CIDRb|1|1790|2043	PD0546-C.g530	100.000	247	0	0	1	247	1321	1567	5.21e-167	505
PfIT_070005800|CIDRb|1|1790|2043	PD0546-C.g530	29.960	247	145	10	14	252	511	737	3.23e-17	83.2
PfIT_070005800|CIDRb|1|1790|2043	PD0530-C.g65	100.000	247	0	0	1	247	1321	1567	5.21e-167	505
PfIT_070005800|CIDRb|1|1790|2043	PD0530-C.g65	29.960	247	145	10	14	252	511	737	3.23e-17	83.2
PfIT_070005800|ATS|1|2169|2679	PV0234-C.g27	81.923	520	73	4	1	511	2445	2952	0.0	781
PfIT_070005800|ATS|1|2169|2679	PV0239-C.g10	77.176	517	93	10	1	511	3361	3858	0.0	748
PfIT_070005800|ATS|1|2169|2679	PFKE12.g465	75.634	513	100	8	1	511	1773	2262	0.0	735
PfIT_070005800|ATS|1|2169|2679	PD0590-C.g13	72.814	526	89	10	1	511	818	1304	0.0	707
PfIT_070005800|ATS|1|2169|2679	PV0139-C.g62	75.696	539	82	10	1	511	1704	2221	0.0	699
PfIT_070005900|NTS|1|1|71	PF0152-C.g743	100.000	71	0	0	1	71	1	71	1.01e-39	140
PfIT_070005900|NTS|1|1|71	QE0456-C.g68	100.000	71	0	0	1	71	1	71	2.21e-39	139
PfIT_070005900|NTS|1|1|71	PH0059-C.g23	100.000	71	0	0	1	71	1	71	2.21e-39	139
PfIT_070005900|NTS|1|1|71	PH0592-C.g65	100.000	71	0	0	1	71	1	71	2.76e-39	138
PfIT_070005900|NTS|1|1|71	PA0201-C.g132	92.958	71	5	0	1	71	1	71	1.04e-38	137
PfIT_070005900|DBLa|1|72|456	QE0456-C.g68	74.684	395	90	3	1	385	72	466	0.0	595
PfIT_070005900|DBLa|1|72|456	QE0456-C.g68	34.127	252	141	9	19	256	802	1042	1.61e-32	132
PfIT_070005900|DBLa|1|72|456	QE0456-C.g68	28.349	321	175	7	110	385	2281	2591	2.44e-22	101
PfIT_070005900|DBLa|1|72|456	QE0456-C.g68	25.397	315	176	12	43	341	1857	2128	2.86e-13	73.9
PfIT_070005900|DBLa|1|72|456	QE0456-C.g68	23.497	366	221	14	37	385	1249	1572	6.08e-11	67.0
PfIT_070005900|DBLa|1|72|456	PH0059-C.g23	74.684	395	90	3	1	385	72	466	0.0	595
PfIT_070005900|DBLa|1|72|456	PH0059-C.g23	34.127	252	141	9	19	256	802	1042	1.61e-32	132
PfIT_070005900|DBLa|1|72|456	PH0059-C.g23	28.349	321	175	7	110	385	2281	2591	2.44e-22	101
PfIT_070005900|DBLa|1|72|456	PH0059-C.g23	25.397	315	176	12	43	341	1857	2128	2.86e-13	73.9
PfIT_070005900|DBLa|1|72|456	PH0059-C.g23	23.497	366	221	14	37	385	1249	1572	6.08e-11	67.0
PfIT_070005900|DBLa|1|72|456	PH0592-C.g65	74.684	395	90	3	1	385	72	466	0.0	595
PfIT_070005900|DBLa|1|72|456	PH0592-C.g65	34.127	252	141	9	19	256	802	1042	1.50e-32	132
PfIT_070005900|DBLa|1|72|456	PH0592-C.g65	28.349	321	175	7	110	385	2138	2448	2.62e-22	101
PfIT_070005900|DBLa|1|72|456	PH0592-C.g65	28.179	291	152	11	48	317	1268	1522	2.28e-14	77.4
PfIT_070005900|DBLa|1|72|456	PH0592-C.g65	29.592	196	108	5	169	359	1839	2009	3.67e-10	64.3
PfIT_070005900|DBLa|1|72|456	PF0152-C.g743	74.684	395	90	3	1	385	72	466	0.0	595
PfIT_070005900|DBLa|1|72|456	PF0152-C.g743	30.982	326	179	12	8	316	802	1098	1.59e-31	129
PfIT_070005900|DBLa|1|72|456	PF0152-C.g743	28.349	321	175	7	110	385	2298	2608	2.70e-22	101
PfIT_070005900|DBLa|1|72|456	PF0152-C.g743	25.952	289	162	10	51	316	1861	2120	5.57e-11	67.0
PfIT_070005900|DBLa|1|72|456	PF0152-C.g743	23.497	366	221	14	37	385	1259	1582	7.93e-11	66.6
PfIT_070005900|DBLa|1|72|456	PD0505-C.g8122	72.280	386	106	1	1	385	72	457	0.0	575
PfIT_070005900|DBLa|1|72|456	PD0505-C.g8122	30.211	331	169	11	17	327	829	1117	3.17e-31	128
PfIT_070005900|DBLa|1|72|456	PD0505-C.g8122	25.083	303	162	12	47	315	1312	1583	1.71e-16	84.0
PfIT_070005900|CIDRg|1|457|708	QE0399-C.g763	94.841	252	13	0	1	252	464	715	8.17e-168	493
PfIT_070005900|CIDRg|1|457|708	PM0107-C.g563	94.048	252	15	0	1	252	88	339	3.62e-166	489
PfIT_070005900|CIDRg|1|457|708	PM0076-C.g256	95.635	252	11	0	1	252	463	714	3.37e-161	496
PfIT_070005900|CIDRg|1|457|708	PM0076-C.g256	33.803	213	132	4	41	244	1655	1867	2.11e-29	118
PfIT_070005900|CIDRg|1|457|708	QE0438-C.g539	94.841	252	13	0	1	252	464	715	9.12e-161	493
PfIT_070005900|CIDRg|1|457|708	QE0438-C.g539	30.045	223	147	6	37	252	1242	1462	4.26e-27	112
PfIT_070005900|CIDRg|1|457|708	PD0552-C.g301	94.841	252	13	0	1	252	469	720	2.41e-160	494
PfIT_070005900|CIDRg|1|457|708	PD0552-C.g301	34.634	205	121	6	38	237	1619	1815	1.46e-30	122
PfIT_070005900|DBLb|1|740|1183	PH0516-C.g424	100.000	406	0	0	39	444	1	406	0.0	845
PfIT_070005900|DBLb|1|740|1183	PH0516-C.g424	31.116	466	262	18	20	444	1273	1720	9.22e-43	164
PfIT_070005900|DBLb|1|740|1183	PH0516-C.g424	28.175	252	135	7	100	342	1766	1980	5.54e-20	95.5
PfIT_070005900|DBLb|1|740|1183	PH0516-C.g424	23.138	376	187	13	94	391	599	950	8.60e-10	63.5
PfIT_070005900|DBLb|1|740|1183	PA0253-C.g625	70.961	458	112	9	1	444	1525	1975	0.0	620
PfIT_070005900|DBLb|1|740|1183	PA0253-C.g625	30.575	435	238	17	2	389	11	428	6.37e-42	161
PfIT_070005900|DBLb|1|740|1183	PA0040-C.g214	70.925	454	106	9	1	444	1921	2358	0.0	595
PfIT_070005900|DBLb|1|740|1183	PA0040-C.g214	42.348	477	224	19	1	444	745	1203	4.20e-94	313
PfIT_070005900|DBLb|1|740|1183	PA0040-C.g214	30.749	374	200	12	64	397	77	431	2.68e-41	159
PfIT_070005900|DBLb|1|740|1183	QE0464-C.g414	68.502	454	123	9	1	444	747	1190	0.0	578
PfIT_070005900|DBLb|1|740|1183	QE0464-C.g414	30.026	383	203	14	26	361	45	409	4.44e-34	138
PfIT_070005900|DBLb|1|740|1183	QE0464-C.g414	26.279	430	228	20	64	444	1287	1676	2.48e-17	87.4
PfIT_070005900|DBLb|1|740|1183	QG0252-C.g2031	64.655	464	138	10	1	444	1366	1823	0.0	576
PfIT_070005900|DBLb|1|740|1183	QG0252-C.g2031	40.501	479	228	19	1	444	193	649	1.47e-94	314
PfIT_070005900|DBLd|1|1343|1762	PH0516-C.g424	100.000	420	0	0	1	420	566	985	0.0	870
PfIT_070005900|DBLd|1|1343|1762	PH0516-C.g424	23.810	336	162	11	9	339	1734	1980	1.64e-13	75.1
PfIT_070005900|DBLd|1|1343|1762	PH0516-C.g424	24.058	345	163	12	34	357	56	322	1.07e-10	66.2
PfIT_070005900|DBLd|1|1343|1762	PH0516-C.g424	23.293	249	130	7	53	284	1366	1570	2.36e-08	58.9
PfIT_070005900|DBLd|1|1343|1762	PH0497-CW.g659	100.000	420	0	0	1	420	864	1283	0.0	870
PfIT_070005900|DBLd|1|1343|1762	PH0497-CW.g659	27.941	340	177	14	126	420	167	483	1.07e-20	97.4
PfIT_070005900|DBLd|1|1343|1762	PH0305-C.g181	100.000	420	0	0	1	420	1344	1763	0.0	870
PfIT_070005900|DBLd|1|1343|1762	PH0305-C.g181	36.177	293	156	6	144	420	188	465	6.80e-44	166
PfIT_070005900|DBLd|1|1343|1762	PH0305-C.g181	23.810	336	162	11	9	339	2512	2758	1.16e-13	75.9
PfIT_070005900|DBLd|1|1343|1762	PH0305-C.g181	23.293	249	130	7	53	284	2144	2348	1.60e-08	59.7
PfIT_070005900|DBLd|1|1343|1762	PH0305-C.g181	25.316	237	107	10	142	361	925	1108	4.02e-08	58.2
PfIT_070005900|DBLd|1|1343|1762	PH0148-CW.g100	100.000	420	0	0	1	420	864	1283	0.0	870
PfIT_070005900|DBLd|1|1343|1762	PH0148-CW.g100	27.941	340	177	14	126	420	167	483	1.07e-20	97.4
PfIT_070005900|DBLd|1|1343|1762	QE0471-C.g336	66.746	421	133	6	1	420	1203	1617	3.08e-173	539
PfIT_070005900|DBLd|1|1343|1762	QE0471-C.g336	30.946	349	176	11	1	342	1909	2199	1.67e-38	150
PfIT_070005900|DBLd|1|1343|1762	QE0471-C.g336	32.353	306	162	12	144	420	172	461	1.53e-22	103
PfIT_070005900|DBLd|1|1343|1762	QE0471-C.g336	22.843	394	233	14	21	399	2356	2693	2.21e-11	68.6
PfIT_070005900|DBLd|1|1343|1762	QE0471-C.g336	30.726	179	84	8	142	304	898	1052	1.44e-10	65.9
PfIT_070005900|CIDRg|2|1763|2009	QE0393-Cx.g400	100.000	247	0	0	1	247	196	442	3.08e-171	504
PfIT_070005900|CIDRg|2|1763|2009	PH0497-CW.g659	100.000	247	0	0	1	247	1284	1530	2.38e-168	508
PfIT_070005900|CIDRg|2|1763|2009	PH0148-CW.g100	100.000	247	0	0	1	247	1284	1530	2.38e-168	508
PfIT_070005900|CIDRg|2|1763|2009	PH0516-C.g424	100.000	247	0	0	1	247	986	1232	2.62e-166	508
PfIT_070005900|CIDRg|2|1763|2009	PH0305-C.g181	100.000	247	0	0	1	247	1764	2010	5.25e-165	507
PfIT_070005900|CIDRg|2|1763|2009	PH0305-C.g181	32.530	249	152	6	1	239	466	708	1.52e-28	115
PfIT_070005900|DBLz|1|2049|2497	PH0516-C.g424	100.000	449	0	0	1	449	1272	1720	0.0	927
PfIT_070005900|DBLz|1|2049|2497	PH0516-C.g424	33.166	398	216	15	67	449	44	406	2.65e-48	180
PfIT_070005900|DBLz|1|2049|2497	PH0516-C.g424	26.482	253	131	10	93	337	1775	1980	3.21e-15	80.9
PfIT_070005900|DBLz|1|2049|2497	PH0516-C.g424	23.077	221	121	7	155	344	709	911	1.97e-08	59.3
PfIT_070005900|DBLz|1|2049|2497	PH0305-C.g181	100.000	449	0	0	1	449	2050	2498	0.0	926
PfIT_070005900|DBLz|1|2049|2497	PH0305-C.g181	30.407	467	271	14	2	449	765	1196	9.62e-52	190
PfIT_070005900|DBLz|1|2049|2497	PH0305-C.g181	32.117	274	162	6	96	351	132	399	1.39e-44	169
PfIT_070005900|DBLz|1|2049|2497	PH0305-C.g181	26.482	253	131	10	93	337	2553	2758	2.90e-15	81.3
PfIT_070005900|DBLz|1|2049|2497	PH0305-C.g181	23.077	221	121	7	155	344	1487	1689	1.61e-08	59.7
PfIT_070005900|DBLz|1|2049|2497	QE0393-Cx.g400	100.000	449	0	0	1	449	482	930	0.0	923
PfIT_070005900|DBLz|1|2049|2497	QE0393-Cx.g400	27.477	222	112	8	93	307	985	1164	1.08e-13	75.9
PfIT_070005900|DBLz|1|2049|2497	QG0184-C.g1069	79.431	457	86	2	1	449	2106	2562	0.0	713
PfIT_070005900|DBLz|1|2049|2497	QG0184-C.g1069	27.907	473	286	21	2	449	758	1200	2.50e-43	166
PfIT_070005900|DBLz|1|2049|2497	QG0184-C.g1069	33.214	280	151	8	96	345	123	396	1.65e-38	151
PfIT_070005900|DBLz|1|2049|2497	QG0184-C.g1069	26.515	264	143	10	93	353	2617	2832	8.93e-15	79.7
PfIT_070005900|DBLz|1|2049|2497	PH0558-C.g718	78.619	449	95	1	1	449	1206	1653	0.0	712
PfIT_070005900|DBLz|1|2049|2497	PH0558-C.g718	30.556	468	266	17	4	449	763	1193	2.20e-46	174
PfIT_070005900|DBLz|1|2049|2497	PH0558-C.g718	34.495	287	153	10	96	353	115	395	5.32e-37	147
PfIT_070005900|DBLz|1|2049|2497	PH0558-C.g718	27.386	241	132	9	93	330	1708	1908	4.97e-15	80.5
PfIT_070005900|DBLe|1|2502|2821	PH0516-C.g424	100.000	320	0	0	1	320	1725	2044	0.0	669
PfIT_070005900|DBLe|1|2502|2821	PH0516-C.g424	28.185	259	140	6	42	263	62	311	5.79e-22	99.0
PfIT_070005900|DBLe|1|2502|2821	PH0516-C.g424	24.000	350	172	11	10	270	574	918	4.69e-14	75.5
PfIT_070005900|DBLe|1|2502|2821	PH0516-C.g424	27.477	222	112	8	51	230	1364	1578	5.53e-14	75.1
PfIT_070005900|DBLe|1|2502|2821	PH0305-C.g181	100.000	320	0	0	1	320	2503	2822	0.0	668
PfIT_070005900|DBLe|1|2502|2821	PH0305-C.g181	25.424	295	163	9	29	268	105	397	9.54e-19	89.4
PfIT_070005900|DBLe|1|2502|2821	PH0305-C.g181	26.378	254	132	7	53	265	860	1099	6.32e-16	81.3
PfIT_070005900|DBLe|1|2502|2821	PH0305-C.g181	24.000	350	172	11	10	270	1352	1696	4.17e-14	75.5
PfIT_070005900|DBLe|1|2502|2821	PH0305-C.g181	27.477	222	112	8	51	230	2142	2356	4.79e-14	75.5
PfIT_070005900|DBLe|1|2502|2821	PD0519-C.g374	82.188	320	56	1	1	320	2300	2618	7.27e-178	547
PfIT_070005900|DBLe|1|2502|2821	PD0519-C.g374	26.481	287	162	7	49	291	790	1071	6.45e-23	102
PfIT_070005900|DBLe|1|2502|2821	PD0519-C.g374	26.172	256	134	9	49	249	119	374	1.60e-14	77.0
PfIT_070005900|DBLe|1|2502|2821	PD0519-C.g374	26.047	215	119	8	53	230	1942	2153	1.69e-12	70.9
PfIT_070005900|DBLe|1|2502|2821	PD0519-C.g374	22.364	313	156	10	53	283	1193	1500	4.22e-09	60.5
PfIT_070005900|DBLe|1|2502|2821	PA0213-C.g578	77.882	321	70	1	1	320	2020	2340	9.66e-168	518
PfIT_070005900|DBLe|1|2502|2821	PA0213-C.g578	27.000	300	159	12	51	300	1683	1972	1.21e-14	77.0
PfIT_070005900|DBLe|1|2502|2821	PA0213-C.g578	24.138	290	152	11	41	263	104	392	8.52e-13	71.6
PfIT_070005900|DBLe|1|2502|2821	PA0213-C.g578	23.144	229	111	6	107	270	997	1225	7.83e-09	59.3
PfIT_070005900|DBLe|1|2502|2821	SenT130.09.g54	77.570	321	71	1	1	320	2013	2333	3.02e-167	516
PfIT_070005900|DBLe|1|2502|2821	SenT130.09.g54	26.946	334	201	10	19	320	1241	1563	3.93e-29	120
PfIT_070005900|DBLe|1|2502|2821	SenT130.09.g54	26.689	296	171	11	44	300	1677	1965	1.14e-15	80.1
PfIT_070005900|DBLe|1|2502|2821	SenT130.09.g54	24.324	296	154	10	38	268	107	397	4.26e-13	72.4
PfIT_070005900|DBLe|1|2502|2821	SenT130.09.g54	26.022	269	143	11	49	263	846	1112	6.48e-13	72.0
PfIT_070005900|ATS|1|2875|3297	PV0099-C.g17	87.822	427	48	1	1	423	2971	3397	0.0	752
PfIT_070005900|ATS|1|2875|3297	PfKE04.g1	87.588	427	49	2	1	423	3373	3799	0.0	751
PfIT_070005900|ATS|1|2875|3297	PC0107-C.g927	88.305	419	48	1	2	419	2887	3305	0.0	751
PfIT_070005900|ATS|1|2875|3297	PFKE08.g502	87.089	426	51	3	1	423	2361	2785	0.0	739
PfIT_070005900|ATS|1|2875|3297	PC0104-C.g272	85.550	436	48	4	2	423	2969	3403	0.0	738
PfIT_070016600|NTS|1|1|58	PA0140-C.g35	100.000	58	0	0	1	58	1	58	1.44e-30	113
PfIT_070016600|NTS|1|1|58	PA0256-C.g215	100.000	58	0	0	1	58	1	58	1.89e-30	112
PfIT_070016600|NTS|1|1|58	PA0254-C.g188	100.000	58	0	0	1	58	1	58	1.89e-30	112
PfIT_070016600|NTS|1|1|58	PA0245-C.g338	100.000	58	0	0	1	58	1	58	1.89e-30	112
PfIT_070016600|NTS|1|1|58	PA0228-C.g1372	100.000	58	0	0	1	58	1	58	1.89e-30	112
PfIT_070016600|DBLa|1|59|456	PH0815-C.g303	100.000	398	0	0	1	398	59	456	0.0	833
PfIT_070016600|DBLa|1|59|456	PH0815-C.g303	29.897	291	151	11	50	318	839	1098	1.60e-26	114
PfIT_070016600|DBLa|1|59|456	PH0815-C.g303	23.237	241	164	6	50	282	1305	1532	3.03e-09	61.6
PfIT_070016600|DBLa|1|59|456	PH0815-C.g303	23.496	349	184	13	116	398	1816	2147	4.82e-07	54.7
PfIT_070016600|DBLa|1|59|456	PC0025-C.g58	100.000	398	0	0	1	398	59	456	0.0	832
PfIT_070016600|DBLa|1|59|456	PC0025-C.g58	32.886	149	76	6	50	176	839	985	1.53e-10	65.5
PfIT_070016600|DBLa|1|59|456	PA0052-C.g45	100.000	398	0	0	1	398	59	456	0.0	832
PfIT_070016600|DBLa|1|59|456	PA0052-C.g45	33.663	202	97	9	50	229	839	1025	4.00e-18	89.0
PfIT_070016600|DBLa|1|59|456	PA0140-C.g35	100.000	398	0	0	1	398	59	456	0.0	831
PfIT_070016600|DBLa|1|59|456	PA0140-C.g35	28.784	403	234	15	7	391	2302	2669	1.80e-27	117
PfIT_070016600|DBLa|1|59|456	PA0140-C.g35	26.837	313	176	10	52	348	839	1114	3.19e-22	101
PfIT_070016600|DBLa|1|59|456	PA0140-C.g35	29.293	297	154	10	120	398	1323	1581	5.44e-20	95.1
PfIT_070016600|DBLa|1|59|456	PA0140-C.g35	25.994	327	178	11	8	317	1885	2164	8.01e-15	79.0
PfIT_070016600|DBLa|1|59|456	SenT128.08.g920	100.000	398	0	0	1	398	59	456	0.0	831
PfIT_070016600|DBLa|1|59|456	SenT128.08.g920	32.414	290	142	12	50	317	839	1096	7.32e-27	115
PfIT_070016600|CIDRa|1|457|708	PC0025-C.g58	100.000	252	0	0	1	252	457	708	2.40e-178	518
PfIT_070016600|CIDRa|1|457|708	PA0052-C.g45	100.000	252	0	0	1	252	457	708	7.79e-178	518
PfIT_070016600|CIDRa|1|457|708	SenT128.08.g920	100.000	252	0	0	1	252	457	708	2.04e-175	517
PfIT_070016600|CIDRa|1|457|708	PM0051-C.g1878	100.000	252	0	0	1	252	457	708	9.17e-172	516
PfIT_070016600|CIDRa|1|457|708	PH0815-C.g303	100.000	252	0	0	1	252	457	708	1.30e-169	520
PfIT_070016600|DBLb|1|732|1200	PA0256-C.g215	100.000	469	0	0	1	469	732	1200	0.0	986
PfIT_070016600|DBLb|1|732|1200	PA0256-C.g215	32.195	410	208	13	82	469	2330	2691	4.92e-48	180
PfIT_070016600|DBLb|1|732|1200	PA0256-C.g215	32.404	287	143	11	110	366	110	375	3.79e-29	124
PfIT_070016600|DBLb|1|732|1200	PA0256-C.g215	23.667	300	161	11	102	368	1922	2186	2.76e-11	68.6
PfIT_070016600|DBLb|1|732|1200	PA0256-C.g215	25.484	310	151	10	112	372	1263	1541	1.44e-08	60.1
PfIT_070016600|DBLb|1|732|1200	PA0254-C.g188	100.000	469	0	0	1	469	732	1200	0.0	986
PfIT_070016600|DBLb|1|732|1200	PA0254-C.g188	32.195	410	208	13	82	469	2330	2691	4.92e-48	180
PfIT_070016600|DBLb|1|732|1200	PA0254-C.g188	32.404	287	143	11	110	366	110	375	3.79e-29	124
PfIT_070016600|DBLb|1|732|1200	PA0254-C.g188	23.667	300	161	11	102	368	1922	2186	2.76e-11	68.6
PfIT_070016600|DBLb|1|732|1200	PA0254-C.g188	25.484	310	151	10	112	372	1263	1541	1.44e-08	60.1
PfIT_070016600|DBLb|1|732|1200	PA0245-C.g338	100.000	469	0	0	1	469	732	1200	0.0	986
PfIT_070016600|DBLb|1|732|1200	PA0245-C.g338	32.195	410	208	13	82	469	2330	2691	4.92e-48	180
PfIT_070016600|DBLb|1|732|1200	PA0245-C.g338	32.404	287	143	11	110	366	110	375	3.79e-29	124
PfIT_070016600|DBLb|1|732|1200	PA0245-C.g338	23.667	300	161	11	102	368	1922	2186	2.76e-11	68.6
PfIT_070016600|DBLb|1|732|1200	PA0245-C.g338	25.484	310	151	10	112	372	1263	1541	1.44e-08	60.1
PfIT_070016600|DBLb|1|732|1200	PA0228-C.g1372	100.000	469	0	0	1	469	732	1200	0.0	986
PfIT_070016600|DBLb|1|732|1200	PA0228-C.g1372	32.195	410	208	13	82	469	2330	2691	4.92e-48	180
PfIT_070016600|DBLb|1|732|1200	PA0228-C.g1372	32.404	287	143	11	110	366	110	375	3.79e-29	124
PfIT_070016600|DBLb|1|732|1200	PA0228-C.g1372	23.667	300	161	11	102	368	1922	2186	2.76e-11	68.6
PfIT_070016600|DBLb|1|732|1200	PA0228-C.g1372	25.484	310	151	10	112	372	1263	1541	1.44e-08	60.1
PfIT_070016600|DBLb|1|732|1200	PA0220-C.g1478	100.000	469	0	0	1	469	732	1200	0.0	986
PfIT_070016600|DBLb|1|732|1200	PA0220-C.g1478	32.195	410	208	13	82	469	2330	2691	4.92e-48	180
PfIT_070016600|DBLb|1|732|1200	PA0220-C.g1478	32.404	287	143	11	110	366	110	375	3.79e-29	124
PfIT_070016600|DBLb|1|732|1200	PA0220-C.g1478	23.667	300	161	11	102	368	1922	2186	2.76e-11	68.6
PfIT_070016600|DBLb|1|732|1200	PA0220-C.g1478	25.484	310	151	10	112	372	1263	1541	1.44e-08	60.1
PfIT_070016600|DBLd|1|1216|1592	PA0140-C.g35	100.000	377	0	0	1	377	1205	1581	0.0	786
PfIT_070016600|DBLd|1|1216|1592	PA0140-C.g35	44.444	270	124	7	1	260	1873	2126	3.51e-63	221
PfIT_070016600|DBLd|1|1216|1592	PA0140-C.g35	26.031	388	223	12	31	377	92	456	1.95e-23	104
PfIT_070016600|DBLd|1|1216|1592	PA0140-C.g35	25.962	312	162	12	32	316	2330	2599	4.01e-14	76.6
PfIT_070016600|DBLd|1|1216|1592	PM0051-C.g1878	100.000	377	0	0	1	377	1216	1592	0.0	785
PfIT_070016600|DBLd|1|1216|1592	PM0051-C.g1878	26.031	388	223	12	31	377	92	456	1.25e-23	105
PfIT_070016600|DBLd|1|1216|1592	PM0051-C.g1878	25.484	310	151	10	48	326	843	1103	6.76e-08	57.0
PfIT_070016600|DBLd|1|1216|1592	PA0094-C.g380	100.000	377	0	0	1	377	651	1027	0.0	785
PfIT_070016600|DBLd|1|1216|1592	PA0094-C.g380	44.444	270	124	7	1	260	1319	1572	3.82e-63	221
PfIT_070016600|DBLd|1|1216|1592	PA0094-C.g380	25.962	312	162	12	32	316	1776	2045	5.17e-14	76.3
PfIT_070016600|DBLd|1|1216|1592	PA0094-C.g380	25.484	310	151	10	48	326	278	538	8.01e-08	57.0
PfIT_070016600|DBLd|1|1216|1592	PA0256-C.g215	100.000	377	0	0	1	377	1216	1592	0.0	785
PfIT_070016600|DBLd|1|1216|1592	PA0256-C.g215	43.704	270	126	6	1	260	1884	2137	3.82e-63	221
PfIT_070016600|DBLd|1|1216|1592	PA0256-C.g215	26.031	388	223	12	31	377	92	456	1.67e-23	105
PfIT_070016600|DBLd|1|1216|1592	PA0256-C.g215	25.962	312	162	11	32	316	2341	2610	4.35e-14	76.6
PfIT_070016600|DBLd|1|1216|1592	PA0256-C.g215	25.484	310	151	10	48	326	843	1103	7.88e-08	57.0
PfIT_070016600|DBLd|1|1216|1592	PA0254-C.g188	100.000	377	0	0	1	377	1216	1592	0.0	785
PfIT_070016600|DBLd|1|1216|1592	PA0254-C.g188	43.704	270	126	6	1	260	1884	2137	3.82e-63	221
PfIT_070016600|DBLd|1|1216|1592	PA0254-C.g188	26.031	388	223	12	31	377	92	456	1.67e-23	105
PfIT_070016600|DBLd|1|1216|1592	PA0254-C.g188	25.962	312	162	11	32	316	2341	2610	4.35e-14	76.6
PfIT_070016600|DBLd|1|1216|1592	PA0254-C.g188	25.484	310	151	10	48	326	843	1103	7.88e-08	57.0
PfIT_070016600|CIDRg|1|1593|1842	SenT119.09.g396	100.000	250	0	0	1	250	376	625	4.07e-176	513
PfIT_070016600|CIDRg|1|1593|1842	PM0138-C.g39	100.000	250	0	0	1	250	917	1166	1.32e-174	515
PfIT_070016600|CIDRg|1|1593|1842	PH0815-C.g965	100.000	250	0	0	1	250	353	602	2.27e-172	516
PfIT_070016600|CIDRg|1|1593|1842	PM0018-C.g691	100.000	250	0	0	1	250	582	831	1.91e-170	516
PfIT_070016600|CIDRg|1|1593|1842	PA0052-C.g543	100.000	250	0	0	1	250	658	907	3.88e-170	515
PfIT_070016600|DBLg|1|1884|2254	PM0138-C.g88	100.000	371	0	0	1	371	102	472	0.0	771
PfIT_070016600|DBLg|1|1884|2254	PM0138-C.g88	23.810	378	222	15	33	371	559	909	8.82e-10	62.8
PfIT_070016600|DBLg|1|1884|2254	PC0025-C.g51	100.000	371	0	0	1	371	236	606	0.0	768
PfIT_070016600|DBLg|1|1884|2254	PC0025-C.g51	23.810	378	222	15	33	371	693	1043	1.03e-09	62.8
PfIT_070016600|DBLg|1|1884|2254	PC0023-C.g19	100.000	371	0	0	1	371	236	606	0.0	768
PfIT_070016600|DBLg|1|1884|2254	PC0023-C.g19	23.810	378	222	15	33	371	693	1043	1.03e-09	62.8
PfIT_070016600|DBLg|1|1884|2254	PC0021-C.g38	100.000	371	0	0	1	371	236	606	0.0	768
PfIT_070016600|DBLg|1|1884|2254	PC0021-C.g38	23.810	378	222	15	33	371	693	1043	1.03e-09	62.8
PfIT_070016600|DBLg|1|1884|2254	PA0140-C.g35	100.000	371	0	0	1	371	1873	2243	0.0	768
PfIT_070016600|DBLg|1|1884|2254	PA0140-C.g35	44.882	254	114	6	1	238	1205	1448	1.92e-60	213
PfIT_070016600|DBLg|1|1884|2254	PA0140-C.g35	25.994	327	178	11	13	292	66	375	7.20e-15	79.0
PfIT_070016600|DBLg|1|1884|2254	PA0140-C.g35	25.795	283	154	9	38	293	830	1083	1.23e-14	78.2
PfIT_070016600|DBLg|1|1884|2254	PA0140-C.g35	23.810	378	222	15	33	371	2330	2680	8.57e-10	63.2
PfIT_070016600|DBLz|1|2263|2691	PM0138-C.g88	100.000	429	0	0	1	429	481	909	0.0	877
PfIT_070016600|DBLz|1|2263|2691	PM0138-C.g88	23.810	378	222	15	79	429	134	472	1.59e-09	62.4
PfIT_070016600|DBLz|1|2263|2691	QG0291-C.g1663	99.767	429	1	0	1	429	2428	2856	0.0	876
PfIT_070016600|DBLz|1|2263|2691	QG0291-C.g1663	31.429	315	178	11	69	369	825	1115	1.40e-35	142
PfIT_070016600|DBLz|1|2263|2691	QG0291-C.g1663	30.403	273	154	8	93	345	121	377	2.13e-25	112
PfIT_070016600|DBLz|1|2263|2691	QG0291-C.g1663	23.989	371	229	12	79	429	2082	2419	3.75e-11	67.8
PfIT_070016600|DBLz|1|2263|2691	PA0140-C.g35	100.000	429	0	0	1	429	2252	2680	0.0	876
PfIT_070016600|DBLz|1|2263|2691	PA0140-C.g35	29.803	406	212	15	69	429	812	1189	3.21e-39	153
PfIT_070016600|DBLz|1|2263|2691	PA0140-C.g35	28.784	403	234	15	51	418	65	449	2.71e-27	117
PfIT_070016600|DBLz|1|2263|2691	PA0140-C.g35	25.962	312	162	11	79	348	1236	1520	6.08e-12	70.5
PfIT_070016600|DBLz|1|2263|2691	PA0140-C.g35	23.810	378	222	15	79	429	1905	2243	1.52e-09	62.8
PfIT_070016600|DBLz|1|2263|2691	PA0256-C.g215	100.000	429	0	0	1	429	2263	2691	0.0	876
PfIT_070016600|DBLz|1|2263|2691	PA0256-C.g215	31.707	410	210	13	68	429	813	1200	7.51e-42	160
PfIT_070016600|DBLz|1|2263|2691	PA0256-C.g215	28.784	403	234	15	51	418	65	449	2.68e-27	117
PfIT_070016600|DBLz|1|2263|2691	PA0256-C.g215	25.962	312	162	11	79	348	1247	1531	7.64e-12	70.1
PfIT_070016600|DBLz|1|2263|2691	PA0256-C.g215	23.810	378	222	15	79	429	1916	2254	1.63e-09	62.8
PfIT_070016600|DBLz|1|2263|2691	PA0254-C.g188	100.000	429	0	0	1	429	2263	2691	0.0	876
PfIT_070016600|DBLz|1|2263|2691	PA0254-C.g188	31.707	410	210	13	68	429	813	1200	7.51e-42	160
PfIT_070016600|DBLz|1|2263|2691	PA0254-C.g188	28.784	403	234	15	51	418	65	449	2.68e-27	117
PfIT_070016600|DBLz|1|2263|2691	PA0254-C.g188	25.962	312	162	11	79	348	1247	1531	7.64e-12	70.1
PfIT_070016600|DBLz|1|2263|2691	PA0254-C.g188	23.810	378	222	15	79	429	1916	2254	1.63e-09	62.8
PfIT_070016600|ATS|1|2777|3274	PFKE11.g671	91.751	497	37	2	2	498	2049	2541	0.0	920
PfIT_070016600|ATS|1|2777|3274	PD0590-C.g548	79.150	494	72	7	1	493	2191	2654	0.0	776
PfIT_070016600|ATS|1|2777|3274	PD0585-C.g522	79.150	494	72	7	1	493	2191	2654	0.0	776
PfIT_070016600|ATS|1|2777|3274	PA0214-C.g1007	72.998	537	102	9	1	498	995	1527	0.0	737
PfIT_070016600|ATS|1|2777|3274	PA0221-C.g780	76.238	505	80	6	1	498	1803	2274	0.0	719
PfIT_070016700|NTS|1|7|71	PD0582-C.g452	100.000	65	0	0	1	65	1	65	6.19e-38	134
PfIT_070016700|NTS|1|7|71	PA0101-C.g70	100.000	65	0	0	1	65	1	65	7.64e-38	134
PfIT_070016700|NTS|1|7|71	PA0020-C.g468	100.000	65	0	0	1	65	1	65	8.08e-38	134
PfIT_070016700|NTS|1|7|71	PC0016-C.g238	100.000	65	0	0	1	65	1	65	8.28e-38	134
PfIT_070016700|NTS|1|7|71	QG0291-C.g1925	100.000	65	0	0	1	65	1	65	1.02e-37	134
PfIT_070016700|DBLa|1|72|499	PD0582-C.g452	100.000	428	0	0	1	428	66	493	0.0	901
PfIT_070016700|DBLa|1|72|499	PD0582-C.g452	30.836	347	169	14	1	324	902	1200	4.82e-30	125
PfIT_070016700|DBLa|1|72|499	PD0582-C.g452	26.190	294	176	9	50	334	1381	1642	1.69e-16	84.7
PfIT_070016700|DBLa|1|72|499	PD0582-C.g452	30.476	210	98	10	223	428	2049	2214	3.01e-12	71.2
PfIT_070016700|DBLa|1|72|499	QG0291-C.g1925	100.000	428	0	0	1	428	66	493	0.0	899
PfIT_070016700|DBLa|1|72|499	QG0291-C.g1925	30.836	347	169	14	1	324	902	1200	3.75e-30	126
PfIT_070016700|DBLa|1|72|499	QG0291-C.g1925	24.042	287	166	12	50	323	1381	1628	2.52e-09	62.0
PfIT_070016700|DBLa|1|72|499	QG0291-C.g1925	29.752	121	77	2	223	335	2055	2175	4.24e-08	58.2
PfIT_070016700|DBLa|1|72|499	PA0254-C.g261	100.000	428	0	0	1	428	66	493	0.0	899
PfIT_070016700|DBLa|1|72|499	PA0254-C.g261	30.836	347	169	14	1	324	902	1200	3.75e-30	126
PfIT_070016700|DBLa|1|72|499	PA0254-C.g261	24.042	287	166	12	50	323	1381	1628	2.52e-09	62.0
PfIT_070016700|DBLa|1|72|499	PA0254-C.g261	29.752	121	77	2	223	335	2055	2175	4.24e-08	58.2
PfIT_070016700|DBLa|1|72|499	PA0245-C.g353	100.000	428	0	0	1	428	66	493	0.0	899
PfIT_070016700|DBLa|1|72|499	PA0245-C.g353	30.836	347	169	14	1	324	902	1200	3.75e-30	126
PfIT_070016700|DBLa|1|72|499	PA0245-C.g353	24.042	287	166	12	50	323	1381	1628	2.52e-09	62.0
PfIT_070016700|DBLa|1|72|499	PA0245-C.g353	29.752	121	77	2	223	335	2055	2175	4.24e-08	58.2
PfIT_070016700|DBLa|1|72|499	PA0220-C.g172	100.000	428	0	0	1	428	66	493	0.0	899
PfIT_070016700|DBLa|1|72|499	PA0220-C.g172	30.836	347	169	14	1	324	902	1200	3.75e-30	126
PfIT_070016700|DBLa|1|72|499	PA0220-C.g172	24.042	287	166	12	50	323	1381	1628	2.52e-09	62.0
PfIT_070016700|DBLa|1|72|499	PA0220-C.g172	29.752	121	77	2	223	335	2055	2175	4.24e-08	58.2
PfIT_070016700|CIDRa|1|500|826	PD0582-C.g452	100.000	327	0	0	1	327	494	820	0.0	667
PfIT_070016700|CIDRa|1|500|826	QG0291-C.g1925	100.000	327	0	0	1	327	494	820	0.0	666
PfIT_070016700|CIDRa|1|500|826	PA0254-C.g261	100.000	327	0	0	1	327	494	820	0.0	666
PfIT_070016700|CIDRa|1|500|826	PA0245-C.g353	100.000	327	0	0	1	327	494	820	0.0	666
PfIT_070016700|CIDRa|1|500|826	PA0220-C.g172	100.000	327	0	0	1	327	494	820	0.0	666
PfIT_070016700|DBLb|1|846|1327	PD0582-C.g452	100.000	482	0	0	1	482	840	1321	0.0	1014
PfIT_070016700|DBLb|1|846|1327	PD0582-C.g452	28.827	392	212	14	15	361	20	389	6.32e-31	129
PfIT_070016700|DBLb|1|846|1327	PD0582-C.g452	27.437	277	153	8	109	360	1378	1631	3.44e-18	90.5
PfIT_070016700|DBLb|1|846|1327	PA0047-C.g220	100.000	482	0	0	1	482	547	1028	0.0	1013
PfIT_070016700|DBLb|1|846|1327	PC0012_01.g8	100.000	482	0	0	1	482	185	666	0.0	1012
PfIT_070016700|DBLb|1|846|1327	PC0012_01.g8	27.437	277	153	8	109	360	723	976	2.37e-18	90.9
PfIT_070016700|DBLb|1|846|1327	PC0021-C.g1	100.000	482	0	0	1	482	486	967	0.0	1012
PfIT_070016700|DBLb|1|846|1327	PC0021-C.g1	27.437	277	153	8	109	360	1024	1277	2.52e-18	90.9
PfIT_070016700|DBLb|1|846|1327	PA0085-C.g396	100.000	482	0	0	1	482	193	674	0.0	1012
PfIT_070016700|DBLg|1|1347|1704	PM0051-C.g522	100.000	358	0	0	1	358	152	509	0.0	751
PfIT_070016700|DBLg|1|1347|1704	PM0051-C.g522	27.321	377	139	12	43	284	594	970	3.83e-28	118
PfIT_070016700|DBLg|1|1347|1704	PA0085-C.g396	100.000	358	0	0	1	358	694	1051	0.0	750
PfIT_070016700|DBLg|1|1347|1704	PA0085-C.g396	27.321	377	139	12	43	284	1136	1512	5.99e-28	117
PfIT_070016700|DBLg|1|1347|1704	PA0092-C.g974	100.000	358	0	0	1	358	1342	1699	0.0	749
PfIT_070016700|DBLg|1|1347|1704	PA0092-C.g974	27.321	377	139	12	43	284	1784	2160	5.85e-28	117
PfIT_070016700|DBLg|1|1347|1704	PA0092-C.g974	26.667	210	124	10	41	233	116	312	3.71e-07	54.7
PfIT_070016700|DBLg|1|1347|1704	QG0291-C.g1925	100.000	358	0	0	1	358	1341	1698	0.0	749
PfIT_070016700|DBLg|1|1347|1704	QG0291-C.g1925	27.321	377	139	12	43	284	1783	2159	6.40e-28	117
PfIT_070016700|DBLg|1|1347|1704	QG0291-C.g1925	26.667	210	124	10	41	233	115	311	3.25e-07	54.7
PfIT_070016700|DBLg|1|1347|1704	PA0254-C.g261	100.000	358	0	0	1	358	1341	1698	0.0	749
PfIT_070016700|DBLg|1|1347|1704	PA0254-C.g261	27.321	377	139	12	43	284	1783	2159	6.40e-28	117
PfIT_070016700|DBLg|1|1347|1704	PA0254-C.g261	26.667	210	124	10	41	233	115	311	3.25e-07	54.7
PfIT_070016700|DBLd|1|1734|2233	PM0051-C.g522	100.000	500	0	0	1	500	539	1038	0.0	1038
PfIT_070016700|DBLd|1|1734|2233	PM0051-C.g522	27.321	377	139	12	56	432	194	435	7.49e-28	120
PfIT_070016700|DBLd|1|1734|2233	PA0085-C.g396	100.000	500	0	0	1	500	1081	1580	0.0	1036
PfIT_070016700|DBLd|1|1734|2233	PA0085-C.g396	27.321	377	139	12	56	432	736	977	9.02e-28	120
PfIT_070016700|DBLd|1|1734|2233	PA0140-C.g57	100.000	500	0	0	1	500	1714	2213	0.0	1036
PfIT_070016700|DBLd|1|1734|2233	PA0140-C.g57	27.321	377	139	12	56	432	1369	1610	9.80e-28	120
PfIT_070016700|DBLd|1|1734|2233	PA0101-C.g69	100.000	500	0	0	1	500	463	962	0.0	1036
PfIT_070016700|DBLd|1|1734|2233	PA0101-C.g69	27.321	377	139	12	56	432	118	359	5.06e-28	120
PfIT_070016700|DBLd|1|1734|2233	QG0291-C.g1925	100.000	500	0	0	1	500	1728	2227	0.0	1036
PfIT_070016700|DBLd|1|1734|2233	QG0291-C.g1925	27.321	377	139	12	56	432	1383	1624	9.90e-28	120
PfIT_070016700|CIDRb|1|2234|2482	PM0051-C.g522	100.000	249	0	0	1	249	1039	1287	1.15e-173	517
PfIT_070016700|CIDRb|1|2234|2482	PA0101-C.g69	100.000	249	0	0	1	249	963	1211	1.19e-173	515
PfIT_070016700|CIDRb|1|2234|2482	PC0016-C.g409	100.000	249	0	0	1	249	1228	1476	1.38e-170	513
PfIT_070016700|CIDRb|1|2234|2482	PV0233-C.g95	100.000	249	0	0	1	249	1355	1603	8.92e-170	513
PfIT_070016700|CIDRb|1|2234|2482	PD0585-C.g952	100.000	249	0	0	1	249	1357	1605	9.36e-170	513
PfIT_070016700|ATS|1|2602|3059	PA0245-C.g998	96.725	458	15	0	1	458	1706	2163	0.0	920
PfIT_070016700|ATS|1|2602|3059	PA0270-C.g443	79.739	459	88	2	1	458	2185	2639	0.0	723
PfIT_070016700|ATS|1|2602|3059	PV0099-C.g26	84.549	466	61	6	1	458	2596	3058	0.0	711
PfIT_070016700|ATS|1|2602|3059	PV0211-C.g126	75.099	506	77	4	1	458	841	1345	0.0	707
PfIT_070016700|ATS|1|2602|3059	PV0028-C.g50	79.274	468	71	5	4	458	2601	3055	0.0	704
PfIT_070016900|NTS|1|1|68	PH0594-C.g1136	100.000	68	0	0	1	68	1	68	4.32e-39	137
PfIT_070016900|NTS|1|1|68	PA0047-C.g17	100.000	68	0	0	1	68	1	68	6.91e-39	137
PfIT_070016900|NTS|1|1|68	PA0140-C.g285	100.000	68	0	0	1	68	1	68	2.51e-38	135
PfIT_070016900|NTS|1|1|68	PC0016-C.g344	100.000	68	0	0	1	68	1	68	2.77e-38	135
PfIT_070016900|NTS|1|1|68	PC0080-C.g396	100.000	68	0	0	1	68	1	68	2.85e-38	135
PfIT_070016900|DBLa|1|69|488	PA0047-C.g17	100.000	420	0	0	1	420	69	488	0.0	881
PfIT_070016900|DBLa|1|69|488	PA0047-C.g17	33.333	306	140	13	16	309	820	1073	2.24e-31	129
PfIT_070016900|DBLa|1|69|488	PA0047-C.g17	28.626	262	132	10	184	420	1501	1732	2.51e-15	80.9
PfIT_070016900|DBLa|1|69|488	QG0291-C.g2636	100.000	420	0	0	1	420	69	488	0.0	880
PfIT_070016900|DBLa|1|69|488	QG0291-C.g2636	33.333	306	140	13	16	309	820	1073	1.87e-31	129
PfIT_070016900|DBLa|1|69|488	QG0291-C.g2636	22.712	295	152	10	175	420	1540	1807	6.22e-08	57.8
PfIT_070016900|DBLa|1|69|488	PA0256-C.g217	100.000	420	0	0	1	420	69	488	0.0	880
PfIT_070016900|DBLa|1|69|488	PA0256-C.g217	33.333	306	140	13	16	309	820	1073	1.87e-31	129
PfIT_070016900|DBLa|1|69|488	PA0256-C.g217	22.712	295	152	10	175	420	1540	1807	6.22e-08	57.8
PfIT_070016900|DBLa|1|69|488	PA0254-C.g540	100.000	420	0	0	1	420	69	488	0.0	880
PfIT_070016900|DBLa|1|69|488	PA0254-C.g540	33.333	306	140	13	16	309	820	1073	1.87e-31	129
PfIT_070016900|DBLa|1|69|488	PA0254-C.g540	22.712	295	152	10	175	420	1540	1807	6.22e-08	57.8
PfIT_070016900|DBLa|1|69|488	PA0245-C.g728	100.000	420	0	0	1	420	69	488	0.0	880
PfIT_070016900|DBLa|1|69|488	PA0245-C.g728	33.333	306	140	13	16	309	820	1073	1.87e-31	129
PfIT_070016900|DBLa|1|69|488	PA0245-C.g728	22.712	295	152	10	175	420	1540	1807	6.22e-08	57.8
PfIT_070016900|CIDRa|1|489|739	PC0025-C.g24	100.000	251	0	0	1	251	102	352	1.69e-174	513
PfIT_070016900|CIDRa|1|489|739	PH0594-C.g1136	100.000	251	0	0	1	251	489	739	3.00e-174	511
PfIT_070016900|CIDRa|1|489|739	PC0083-C.g384	100.000	251	0	0	1	251	294	544	9.26e-174	514
PfIT_070016900|CIDRa|1|489|739	PA0140-C.g285	100.000	251	0	0	1	251	489	739	1.82e-172	515
PfIT_070016900|CIDRa|1|489|739	PC0080-C.g396	100.000	251	0	0	1	251	489	739	1.73e-171	515
PfIT_070016900|DBLb|1|749|1201	PC0071-C.g345	100.000	453	0	0	1	453	141	593	0.0	953
PfIT_070016900|DBLb|1|749|1201	PC0080-C.g396	100.000	453	0	0	1	453	749	1201	0.0	951
PfIT_070016900|DBLb|1|749|1201	PC0080-C.g396	30.851	376	180	17	5	325	27	377	5.68e-32	132
PfIT_070016900|DBLb|1|749|1201	PA0047-C.g17	100.000	453	0	0	1	453	749	1201	0.0	951
PfIT_070016900|DBLb|1|749|1201	PA0047-C.g17	30.831	373	178	17	5	322	27	374	6.71e-32	132
PfIT_070016900|DBLb|1|749|1201	PA0140-C.g285	100.000	453	0	0	1	453	749	1201	0.0	951
PfIT_070016900|DBLb|1|749|1201	PA0140-C.g285	30.851	376	180	17	5	325	27	377	6.71e-32	131
PfIT_070016900|DBLb|1|749|1201	PC0025-C.g24	100.000	453	0	0	1	453	362	814	0.0	950
PfIT_070016900|DBLb|1|749|1201	PC0025-C.g24	24.490	294	173	9	59	326	876	1146	1.66e-13	75.5
PfIT_070016900|DBLd|1|1282|1807	PC0071-C.g345	100.000	526	0	0	1	526	674	1199	0.0	1087
PfIT_070016900|DBLd|1|1282|1807	PA0152-C.g303	100.000	526	0	0	1	526	1282	1807	0.0	1086
PfIT_070016900|DBLd|1|1282|1807	PA0152-C.g303	25.500	200	118	7	354	526	293	488	7.22e-07	54.7
PfIT_070016900|DBLd|1|1282|1807	QG0291-C.g2636	100.000	526	0	0	1	526	1282	1807	0.0	1086
PfIT_070016900|DBLd|1|1282|1807	QG0291-C.g2636	25.500	200	118	7	354	526	293	488	7.54e-07	54.7
PfIT_070016900|DBLd|1|1282|1807	PA0256-C.g217	100.000	526	0	0	1	526	1282	1807	0.0	1086
PfIT_070016900|DBLd|1|1282|1807	PA0256-C.g217	25.500	200	118	7	354	526	293	488	7.54e-07	54.7
PfIT_070016900|DBLd|1|1282|1807	PA0254-C.g540	100.000	526	0	0	1	526	1282	1807	0.0	1086
PfIT_070016900|DBLd|1|1282|1807	PA0254-C.g540	25.500	200	118	7	354	526	293	488	7.54e-07	54.7
PfIT_070016900|CIDRb|1|1808|2072	PA0228-C.g4254	100.000	265	0	0	1	265	856	1120	0.0	547
PfIT_070016900|CIDRb|1|1808|2072	PC0071-C.g345	100.000	265	0	0	1	265	1200	1464	0.0	547
PfIT_070016900|CIDRb|1|1808|2072	QG0291-C.g2636	100.000	265	0	0	1	265	1808	2072	3.04e-179	545
PfIT_070016900|CIDRb|1|1808|2072	PA0256-C.g217	100.000	265	0	0	1	265	1808	2072	3.04e-179	545
PfIT_070016900|CIDRb|1|1808|2072	PA0254-C.g540	100.000	265	0	0	1	265	1808	2072	3.04e-179	545
PfIT_070016900|ATS|1|2178|2664	PfKE02.g507	76.815	496	89	5	1	487	1741	2219	0.0	738
PfIT_070016900|ATS|1|2178|2664	PFKE11.g671	70.802	524	88	8	1	487	2046	2541	0.0	708
PfIT_070016900|ATS|1|2178|2664	PD0590-C.g548	73.984	492	90	8	1	482	2191	2654	0.0	698
PfIT_070016900|ATS|1|2178|2664	PD0585-C.g522	73.984	492	90	8	1	482	2191	2654	0.0	698
PfIT_070016900|ATS|1|2178|2664	PH0121-CW.g9	71.515	495	101	7	2	487	1637	2100	0.0	676
PfIT_070017000|NTS|1|1|57	PA0047-C.g208	100.000	57	0	0	1	57	1	57	2.84e-33	120
PfIT_070017000|NTS|1|1|57	PA0101-C.g101	100.000	57	0	0	1	57	1	57	3.58e-33	120
PfIT_070017000|NTS|1|1|57	PA0140-C.g72	100.000	57	0	0	1	57	1	57	3.58e-33	120
PfIT_070017000|NTS|1|1|57	QG0291-C.g1979	100.000	57	0	0	1	57	1	57	4.27e-33	120
PfIT_070017000|NTS|1|1|57	PA0254-C.g336	100.000	57	0	0	1	57	1	57	4.27e-33	120
PfIT_070017000|DBLa|1|58|472	QG0291-C.g1979	100.000	415	0	0	1	415	58	472	0.0	863
PfIT_070017000|DBLa|1|58|472	QG0291-C.g1979	31.613	310	145	11	55	350	850	1106	7.67e-32	130
PfIT_070017000|DBLa|1|58|472	QG0291-C.g1979	26.524	328	182	14	119	415	1907	2206	3.51e-19	92.8
PfIT_070017000|DBLa|1|58|472	QG0291-C.g1979	23.762	303	176	10	47	338	1264	1522	1.45e-08	59.7
PfIT_070017000|DBLa|1|58|472	PA0254-C.g336	100.000	415	0	0	1	415	58	472	0.0	863
PfIT_070017000|DBLa|1|58|472	PA0254-C.g336	31.613	310	145	11	55	350	850	1106	7.67e-32	130
PfIT_070017000|DBLa|1|58|472	PA0254-C.g336	26.524	328	182	14	119	415	1907	2206	3.51e-19	92.8
PfIT_070017000|DBLa|1|58|472	PA0254-C.g336	23.762	303	176	10	47	338	1264	1522	1.45e-08	59.7
PfIT_070017000|DBLa|1|58|472	PA0245-C.g434	100.000	415	0	0	1	415	58	472	0.0	863
PfIT_070017000|DBLa|1|58|472	PA0245-C.g434	31.613	310	145	11	55	350	850	1106	7.67e-32	130
PfIT_070017000|DBLa|1|58|472	PA0245-C.g434	26.524	328	182	14	119	415	1907	2206	3.51e-19	92.8
PfIT_070017000|DBLa|1|58|472	PA0245-C.g434	23.762	303	176	10	47	338	1264	1522	1.45e-08	59.7
PfIT_070017000|DBLa|1|58|472	PA0228-C.g1198	100.000	415	0	0	1	415	58	472	0.0	863
PfIT_070017000|DBLa|1|58|472	PA0228-C.g1198	31.613	310	145	11	55	350	850	1106	7.67e-32	130
PfIT_070017000|DBLa|1|58|472	PA0228-C.g1198	26.524	328	182	14	119	415	1907	2206	3.51e-19	92.8
PfIT_070017000|DBLa|1|58|472	PA0228-C.g1198	23.762	303	176	10	47	338	1264	1522	1.45e-08	59.7
PfIT_070017000|DBLa|1|58|472	PA0220-C.g303	100.000	415	0	0	1	415	58	472	0.0	863
PfIT_070017000|DBLa|1|58|472	PA0220-C.g303	31.613	310	145	11	55	350	850	1106	7.67e-32	130
PfIT_070017000|DBLa|1|58|472	PA0220-C.g303	26.524	328	182	14	119	415	1907	2206	3.51e-19	92.8
PfIT_070017000|DBLa|1|58|472	PA0220-C.g303	23.762	303	176	10	47	338	1264	1522	1.45e-08	59.7
PfIT_070017000|CIDRa|1|473|724	PC0080-C.g450	100.000	252	0	0	1	252	473	724	1.43e-179	521
PfIT_070017000|CIDRa|1|473|724	PM0068-C.g1116	100.000	252	0	0	1	252	473	724	6.83e-178	520
PfIT_070017000|CIDRa|1|473|724	PH0594-C.g256	100.000	252	0	0	1	252	473	724	6.90e-178	521
PfIT_070017000|CIDRa|1|473|724	SenT128.08.g28	100.000	252	0	0	1	252	68	319	6.57e-176	525
PfIT_070017000|CIDRa|1|473|724	PA0047-C.g208	100.000	252	0	0	1	252	473	724	5.05e-174	521
PfIT_070017000|DBLb|1|733|1204	PC0016-C.g364	100.000	472	0	0	1	472	160	631	0.0	987
PfIT_070017000|DBLb|1|733|1204	PC0016-C.g364	24.648	284	171	10	102	362	683	946	1.70e-11	69.3
PfIT_070017000|DBLb|1|733|1204	PA0085-C.g85	100.000	472	0	0	1	472	733	1204	0.0	987
PfIT_070017000|DBLb|1|733|1204	PA0085-C.g85	28.784	403	206	14	25	364	10	394	1.14e-33	137
PfIT_070017000|DBLb|1|733|1204	PA0085-C.g85	24.648	284	171	10	102	362	1256	1519	1.56e-11	69.7
PfIT_070017000|DBLb|1|733|1204	QG0291-C.g1979	100.000	472	0	0	1	472	733	1204	0.0	986
PfIT_070017000|DBLb|1|733|1204	QG0291-C.g1979	28.784	403	206	14	25	364	10	394	1.26e-33	137
PfIT_070017000|DBLb|1|733|1204	QG0291-C.g1979	24.648	284	171	10	102	362	1256	1519	1.60e-11	69.3
PfIT_070017000|DBLb|1|733|1204	PA0254-C.g336	100.000	472	0	0	1	472	733	1204	0.0	986
PfIT_070017000|DBLb|1|733|1204	PA0254-C.g336	28.784	403	206	14	25	364	10	394	1.26e-33	137
PfIT_070017000|DBLb|1|733|1204	PA0254-C.g336	24.648	284	171	10	102	362	1256	1519	1.60e-11	69.3
PfIT_070017000|DBLb|1|733|1204	PA0245-C.g434	100.000	472	0	0	1	472	733	1204	0.0	986
PfIT_070017000|DBLb|1|733|1204	PA0245-C.g434	28.784	403	206	14	25	364	10	394	1.26e-33	137
PfIT_070017000|DBLb|1|733|1204	PA0245-C.g434	24.648	284	171	10	102	362	1256	1519	1.60e-11	69.3
PfIT_070017000|DBLg|1|1223|1582	PM0068-C.g1114	100.000	360	0	0	1	360	89	448	0.0	750
PfIT_070017000|DBLg|1|1223|1582	PM0068-C.g1114	32.134	417	182	16	1	320	622	1034	6.77e-49	179
PfIT_070017000|DBLg|1|1223|1582	PH0594-C.g255	100.000	360	0	0	1	360	55	414	0.0	750
PfIT_070017000|DBLg|1|1223|1582	PH0594-C.g255	32.134	417	182	16	1	320	588	1000	7.54e-49	178
PfIT_070017000|DBLg|1|1223|1582	PC0080-C.g395	100.000	360	0	0	1	360	375	734	0.0	748
PfIT_070017000|DBLg|1|1223|1582	PC0080-C.g395	32.134	417	182	16	1	320	908	1320	7.17e-49	179
PfIT_070017000|DBLg|1|1223|1582	PC0080-C.g395	25.651	269	157	11	49	297	1	246	2.12e-11	67.8
PfIT_070017000|DBLg|1|1223|1582	PC0016-C.g364	100.000	360	0	0	1	360	650	1009	0.0	748
PfIT_070017000|DBLg|1|1223|1582	PC0016-C.g364	32.134	417	182	16	1	320	1183	1595	8.40e-49	178
PfIT_070017000|DBLg|1|1223|1582	PC0016-C.g364	25.352	284	169	11	34	297	261	521	1.42e-12	71.6
PfIT_070017000|DBLg|1|1223|1582	PA0052-C.g144	100.000	360	0	0	1	360	1223	1582	0.0	746
PfIT_070017000|DBLg|1|1223|1582	PA0052-C.g144	32.134	417	182	16	1	320	1756	2168	1.04e-48	178
PfIT_070017000|DBLg|1|1223|1582	PA0052-C.g144	25.352	284	169	11	34	297	834	1094	1.46e-12	71.6
PfIT_070017000|DBLg|1|1223|1582	PA0052-C.g144	23.762	303	176	10	42	300	104	395	8.17e-09	60.1
PfIT_070017000|DBLd|1|1756|2206	PH0594-C.g255	100.000	451	0	0	1	451	588	1038	0.0	940
PfIT_070017000|DBLd|1|1756|2206	PH0594-C.g255	30.935	417	187	14	1	413	55	374	1.25e-46	175
PfIT_070017000|DBLd|1|1756|2206	PM0068-C.g1114	100.000	451	0	0	1	451	622	1072	0.0	939
PfIT_070017000|DBLd|1|1756|2206	PM0068-C.g1114	30.935	417	187	14	1	413	89	408	1.59e-46	175
PfIT_070017000|DBLd|1|1756|2206	PC0080-C.g395	100.000	451	0	0	1	451	908	1358	0.0	939
PfIT_070017000|DBLd|1|1756|2206	PC0080-C.g395	30.935	417	187	14	1	413	375	694	1.61e-46	175
PfIT_070017000|DBLd|1|1756|2206	PC0016-C.g364	100.000	451	0	0	1	451	1183	1633	0.0	939
PfIT_070017000|DBLd|1|1756|2206	PC0016-C.g364	30.935	417	187	14	1	413	650	969	1.66e-46	175
PfIT_070017000|DBLd|1|1756|2206	PA0085-C.g85	100.000	451	0	0	1	451	1756	2206	0.0	939
PfIT_070017000|DBLd|1|1756|2206	PA0085-C.g85	31.175	417	186	15	1	413	1223	1542	7.86e-47	176
PfIT_070017000|DBLd|1|1756|2206	PA0085-C.g85	25.532	329	184	13	152	451	176	472	1.31e-17	88.6
PfIT_070017000|CIDRb|1|2207|2466	PA0092-C.g47	100.000	260	0	0	1	260	630	889	0.0	527
PfIT_070017000|CIDRb|1|2207|2466	PM0068-C.g1114	100.000	260	0	0	1	260	1073	1332	1.52e-178	531
PfIT_070017000|CIDRb|1|2207|2466	PH0594-C.g255	100.000	260	0	0	1	260	1039	1298	2.27e-178	530
PfIT_070017000|CIDRb|1|2207|2466	PC0080-C.g395	100.000	260	0	0	1	260	1359	1618	1.08e-175	529
PfIT_070017000|CIDRb|1|2207|2466	PC0016-C.g364	100.000	260	0	0	1	260	1634	1893	8.54e-174	528
PfIT_070017000|CIDRb|1|2207|2466	PC0016-C.g364	28.859	149	100	4	116	260	5	151	6.81e-08	55.5
PfIT_070017000|ATS|1|2578|3006	PV0028-C.g43	81.236	437	74	4	1	429	1843	2279	0.0	707
PfIT_070017000|ATS|1|2578|3006	PFKE07.g667	79.733	449	70	5	2	429	2366	2814	0.0	706
PfIT_070017000|ATS|1|2578|3006	PV0129-C.g36	79.912	453	65	8	1	429	1739	2189	0.0	704
PfIT_070017000|ATS|1|2578|3006	PV0084-C.g24	75.158	475	68	5	1	425	2454	2928	0.0	702
PfIT_070017000|ATS|1|2578|3006	PA0245-C.g998	78.478	460	66	6	1	429	1706	2163	0.0	700
PfIT_070017100|NTS|1|1|74	PA0254-C.g488	100.000	74	0	0	1	74	1	74	1.18e-41	145
PfIT_070017100|NTS|1|1|74	QG0291-C.g2439	100.000	74	0	0	1	74	1	74	1.26e-41	145
PfIT_070017100|NTS|1|1|74	PA0256-C.g534	100.000	74	0	0	1	74	1	74	1.26e-41	145
PfIT_070017100|NTS|1|1|74	PA0245-C.g771	100.000	74	0	0	1	74	1	74	1.26e-41	145
PfIT_070017100|NTS|1|1|74	PA0220-C.g515	100.000	74	0	0	1	74	1	74	1.26e-41	145
PfIT_070017100|DBLa|1|75|469	PA0012-C.g273	100.000	395	0	0	1	395	75	469	0.0	824
PfIT_070017100|DBLa|1|75|469	PA0012-C.g273	35.014	357	164	16	8	345	832	1139	2.04e-40	155
PfIT_070017100|DBLa|1|75|469	PA0012-C.g273	26.910	301	158	13	50	333	1793	2048	9.69e-15	79.0
PfIT_070017100|DBLa|1|75|469	PA0012-C.g273	23.707	232	136	6	53	268	1385	1591	1.33e-09	62.8
PfIT_070017100|DBLa|1|75|469	QG0291-C.g2439	100.000	395	0	0	1	395	75	469	0.0	824
PfIT_070017100|DBLa|1|75|469	QG0291-C.g2439	35.097	359	161	16	8	345	832	1139	1.84e-40	155
PfIT_070017100|DBLa|1|75|469	QG0291-C.g2439	26.910	301	158	13	50	333	1776	2031	9.34e-15	79.0
PfIT_070017100|DBLa|1|75|469	QG0291-C.g2439	23.707	232	136	6	53	268	1368	1574	1.29e-09	62.8
PfIT_070017100|DBLa|1|75|469	PA0256-C.g534	100.000	395	0	0	1	395	75	469	0.0	824
PfIT_070017100|DBLa|1|75|469	PA0256-C.g534	35.097	359	161	16	8	345	832	1139	1.84e-40	155
PfIT_070017100|DBLa|1|75|469	PA0256-C.g534	26.910	301	158	13	50	333	1776	2031	9.34e-15	79.0
PfIT_070017100|DBLa|1|75|469	PA0256-C.g534	23.707	232	136	6	53	268	1368	1574	1.29e-09	62.8
PfIT_070017100|DBLa|1|75|469	PA0245-C.g771	100.000	395	0	0	1	395	75	469	0.0	824
PfIT_070017100|DBLa|1|75|469	PA0245-C.g771	35.097	359	161	16	8	345	832	1139	1.84e-40	155
PfIT_070017100|DBLa|1|75|469	PA0245-C.g771	26.910	301	158	13	50	333	1776	2031	9.34e-15	79.0
PfIT_070017100|DBLa|1|75|469	PA0245-C.g771	23.707	232	136	6	53	268	1368	1574	1.29e-09	62.8
PfIT_070017100|DBLa|1|75|469	PA0228-C.g3371	100.000	395	0	0	1	395	75	469	0.0	824
PfIT_070017100|DBLa|1|75|469	PA0228-C.g3371	35.014	357	164	16	8	345	832	1139	2.44e-40	155
PfIT_070017100|DBLa|1|75|469	PA0228-C.g3371	26.910	301	158	13	50	333	1777	2032	1.04e-14	78.6
PfIT_070017100|DBLa|1|75|469	PA0228-C.g3371	23.707	232	136	6	53	268	1369	1575	1.40e-09	62.8
PfIT_070017100|CIDRd|1|470|725	PC0080-C.g422	100.000	256	0	0	1	256	470	725	1.03e-178	531
PfIT_070017100|CIDRd|1|470|725	PM0019-C.g47	100.000	256	0	0	1	256	470	725	2.25e-178	529
PfIT_070017100|CIDRd|1|470|725	PA0140-C.g342	100.000	256	0	0	1	256	367	622	6.94e-178	521
PfIT_070017100|CIDRd|1|470|725	PC0083-C.g271	100.000	256	0	0	1	256	470	725	2.44e-177	522
PfIT_070017100|CIDRd|1|470|725	PM0051-C.g759	100.000	256	0	0	1	256	470	725	2.60e-177	522
PfIT_070017100|DBLb|1|747|1233	PH0815-C.g1202	100.000	487	0	0	1	487	146	632	0.0	1013
PfIT_070017100|DBLb|1|747|1233	PH0815-C.g1202	24.359	312	168	10	124	400	1174	1452	1.21e-12	73.2
PfIT_070017100|DBLb|1|747|1233	PH0815-C.g1202	23.841	302	173	11	131	401	770	1045	6.20e-08	58.2
PfIT_070017100|DBLb|1|747|1233	PA0137-C.g330	100.000	487	0	0	1	487	747	1233	0.0	1013
PfIT_070017100|DBLb|1|747|1233	PA0137-C.g330	32.530	415	205	19	35	393	24	419	6.06e-37	147
PfIT_070017100|DBLb|1|747|1233	PA0137-C.g330	24.359	312	168	10	124	400	1786	2064	1.67e-12	72.8
PfIT_070017100|DBLb|1|747|1233	PA0137-C.g330	23.841	302	173	11	131	401	1382	1657	6.84e-08	57.8
PfIT_070017100|DBLb|1|747|1233	PM0138-C.g214	100.000	487	0	0	1	487	747	1233	0.0	1013
PfIT_070017100|DBLb|1|747|1233	PM0138-C.g214	32.530	415	205	19	35	393	24	419	6.06e-37	147
PfIT_070017100|DBLb|1|747|1233	PM0138-C.g214	24.359	312	168	10	124	400	1786	2064	1.67e-12	72.8
PfIT_070017100|DBLb|1|747|1233	PM0138-C.g214	23.841	302	173	11	131	401	1382	1657	6.84e-08	57.8
PfIT_070017100|DBLb|1|747|1233	PH0556-C.g582	100.000	487	0	0	1	487	747	1233	0.0	1013
PfIT_070017100|DBLb|1|747|1233	PH0556-C.g582	32.530	415	205	19	35	393	24	419	6.06e-37	147
PfIT_070017100|DBLb|1|747|1233	PH0556-C.g582	24.359	312	168	10	124	400	1786	2064	1.67e-12	72.8
PfIT_070017100|DBLb|1|747|1233	PH0556-C.g582	23.841	302	173	11	131	401	1382	1657	6.84e-08	57.8
PfIT_070017100|DBLb|1|747|1233	PH0497-CW.g396	100.000	487	0	0	1	487	747	1233	0.0	1013
PfIT_070017100|DBLb|1|747|1233	PH0497-CW.g396	32.530	415	205	19	35	393	24	419	6.06e-37	147
PfIT_070017100|DBLb|1|747|1233	PH0497-CW.g396	24.359	312	168	10	124	400	1786	2064	1.67e-12	72.8
PfIT_070017100|DBLb|1|747|1233	PH0497-CW.g396	23.841	302	173	11	131	401	1382	1657	6.84e-08	57.8
PfIT_070017100|DBLg|1|1336|1699	PC0025-C.g21	100.000	364	0	0	1	364	54	417	0.0	763
PfIT_070017100|DBLg|1|1336|1699	PC0025-C.g21	47.200	375	182	10	1	364	463	832	5.06e-99	317
PfIT_070017100|DBLg|1|1336|1699	PA0152-C.g320	100.000	364	0	0	1	364	59	422	0.0	762
PfIT_070017100|DBLg|1|1336|1699	PA0152-C.g320	47.200	375	182	10	1	364	468	837	4.25e-99	318
PfIT_070017100|DBLg|1|1336|1699	PM0051-C.g760	100.000	364	0	0	1	364	80	443	0.0	762
PfIT_070017100|DBLg|1|1336|1699	PM0051-C.g760	47.200	375	182	10	1	364	489	858	5.42e-99	318
PfIT_070017100|DBLg|1|1336|1699	PC0016-C.g342	100.000	364	0	0	1	364	59	422	0.0	762
PfIT_070017100|DBLg|1|1336|1699	PC0016-C.g342	47.200	375	182	10	1	364	468	837	4.25e-99	318
PfIT_070017100|DBLg|1|1336|1699	PM0136-C.g317	100.000	364	0	0	1	364	69	432	0.0	762
PfIT_070017100|DBLg|1|1336|1699	PM0136-C.g317	47.200	375	182	10	1	364	478	847	4.82e-99	318
PfIT_070017100|DBLg|2|1745|2114	PM0051-C.g760	100.000	370	0	0	1	370	489	858	0.0	775
PfIT_070017100|DBLg|2|1745|2114	PM0051-C.g760	47.200	375	182	10	1	370	80	443	4.42e-96	310
PfIT_070017100|DBLg|2|1745|2114	PM0068-C.g1123	100.000	370	0	0	1	370	480	849	0.0	775
PfIT_070017100|DBLg|2|1745|2114	PM0068-C.g1123	47.200	375	182	10	1	370	71	434	4.16e-96	310
PfIT_070017100|DBLg|2|1745|2114	PC0025-C.g21	100.000	370	0	0	1	370	463	832	0.0	775
PfIT_070017100|DBLg|2|1745|2114	PC0025-C.g21	47.200	375	182	10	1	370	54	417	2.80e-96	310
PfIT_070017100|DBLg|2|1745|2114	PA0152-C.g320	100.000	370	0	0	1	370	468	837	0.0	774
PfIT_070017100|DBLg|2|1745|2114	PA0152-C.g320	47.200	375	182	10	1	370	59	422	4.02e-96	310
PfIT_070017100|DBLg|2|1745|2114	PM0136-C.g317	100.000	370	0	0	1	370	478	847	0.0	774
PfIT_070017100|DBLg|2|1745|2114	PM0136-C.g317	47.200	375	182	10	1	370	69	432	4.39e-96	310
PfIT_070017100|ATS|1|2304|2737	QE0448-C.g49	85.714	434	55	3	1	434	2723	3149	0.0	751
PfIT_070017100|ATS|1|2304|2737	PFKE12.g2	84.332	434	64	4	1	434	2688	3117	0.0	736
PfIT_070017100|ATS|1|2304|2737	PFKE08.g502	84.332	434	59	4	1	434	2361	2785	0.0	734
PfIT_070017100|ATS|1|2304|2737	PFKE11.g264	81.778	450	65	3	1	434	2779	3227	0.0	732
PfIT_070017100|ATS|1|2304|2737	PC0104-C.g47	80.624	449	71	2	1	434	3045	3492	0.0	732
PfIT_070017200|NTS|1|1|62	QG0186-C.g883	100.000	62	0	0	1	62	1	62	1.95e-37	132
PfIT_070017200|NTS|1|1|62	PT0035-C.g514	100.000	62	0	0	1	62	1	62	1.95e-37	132
PfIT_070017200|NTS|1|1|62	PD0543-C.g718	100.000	62	0	0	1	62	1	62	1.95e-37	132
PfIT_070017200|NTS|1|1|62	PD0524-C.g776	100.000	62	0	0	1	62	1	62	1.95e-37	132
PfIT_070017200|NTS|1|1|62	PH0549-C.g840	100.000	62	0	0	1	62	1	62	1.95e-37	132
PfIT_070017200|DBLa|1|68|496	QG0291-C.g3026	100.000	429	0	0	1	429	68	496	0.0	896
PfIT_070017200|DBLa|1|68|496	QG0291-C.g3026	24.317	366	203	12	113	429	1027	1367	1.23e-18	91.3
PfIT_070017200|DBLa|1|68|496	PA0254-C.g784	100.000	429	0	0	1	429	68	496	0.0	896
PfIT_070017200|DBLa|1|68|496	PA0254-C.g784	24.317	366	203	12	113	429	1027	1367	1.23e-18	91.3
PfIT_070017200|DBLa|1|68|496	PA0245-C.g1006	100.000	429	0	0	1	429	68	496	0.0	896
PfIT_070017200|DBLa|1|68|496	PA0245-C.g1006	24.317	366	203	12	113	429	1027	1367	1.23e-18	91.3
PfIT_070017200|DBLa|1|68|496	PA0152-C.g494	100.000	429	0	0	1	429	68	496	0.0	896
PfIT_070017200|DBLa|1|68|496	PA0152-C.g494	24.317	366	203	12	113	429	1027	1367	1.20e-18	91.3
PfIT_070017200|DBLa|1|68|496	PA0137-C.g630	100.000	429	0	0	1	429	68	496	0.0	896
PfIT_070017200|DBLa|1|68|496	PA0137-C.g630	24.317	366	203	12	113	429	1027	1367	1.20e-18	91.3
PfIT_070017200|CIDRa|1|497|795	PA0256-C.g912	100.000	299	0	0	1	299	121	419	0.0	621
PfIT_070017200|CIDRa|1|497|795	SenT128.08.g352	100.000	299	0	0	1	299	473	771	0.0	621
PfIT_070017200|CIDRa|1|497|795	PA0220-C.g811	100.000	299	0	0	1	299	469	767	0.0	620
PfIT_070017200|CIDRa|1|497|795	PM0051-C.g59	100.000	299	0	0	1	299	179	477	0.0	620
PfIT_070017200|CIDRa|1|497|795	QG0291-C.g3026	100.000	299	0	0	1	299	497	795	0.0	620
PfIT_070017200|DBLd|1|870|1367	QG0293-C.g2328	100.000	498	0	0	1	498	866	1363	0.0	1038
PfIT_070017200|DBLd|1|870|1367	QG0293-C.g2328	29.310	174	103	6	345	498	295	468	3.11e-09	62.4
PfIT_070017200|DBLd|1|870|1367	PA0256-C.g912	100.000	498	0	0	1	498	494	991	0.0	1038
PfIT_070017200|DBLd|1|870|1367	PC0057-C.g121	100.000	498	0	0	1	498	866	1363	0.0	1037
PfIT_070017200|DBLd|1|870|1367	PC0057-C.g121	29.310	174	103	6	345	498	295	468	2.85e-09	62.4
PfIT_070017200|DBLd|1|870|1367	SenT128.08.g352	100.000	498	0	0	1	498	846	1343	0.0	1037
PfIT_070017200|DBLd|1|870|1367	SenT128.08.g352	29.213	178	102	6	345	498	295	472	6.13e-10	64.7
PfIT_070017200|DBLd|1|870|1367	PA0052-C.g377	100.000	498	0	0	1	498	844	1341	0.0	1037
PfIT_070017200|DBLd|1|870|1367	PA0052-C.g377	30.058	173	97	6	350	498	298	470	1.03e-09	63.9
PfIT_070017200|CIDRb|1|1368|1628	PA0256-C.g912	100.000	261	0	0	1	261	992	1252	7.39e-178	528
PfIT_070017200|CIDRb|1|1368|1628	PM0051-C.g59	100.000	261	0	0	1	261	1050	1310	5.19e-177	526
PfIT_070017200|CIDRb|1|1368|1628	PA0140-C.g490	100.000	261	0	0	1	261	1065	1325	7.73e-177	526
PfIT_070017200|CIDRb|1|1368|1628	PA0052-C.g377	100.000	261	0	0	1	261	1342	1602	4.71e-175	527
PfIT_070017200|CIDRb|1|1368|1628	PA0220-C.g811	100.000	261	0	0	1	261	1340	1600	5.03e-175	527
PfIT_070017200|ATS|1|1745|2210	PT0170-C.g672	77.178	482	70	10	1	466	1768	2225	0.0	694
PfIT_070017200|ATS|1|1745|2210	PD0561-C.g263	74.841	473	95	10	1	466	2424	2879	0.0	673
PfIT_070017200|ATS|1|1745|2210	PV0239-C.g24	71.717	495	101	10	1	466	1705	2189	0.0	662
PfIT_070017200|ATS|1|1745|2210	PD0590-C.g13	72.200	500	92	11	1	466	818	1304	0.0	661
PfIT_070017200|ATS|1|1745|2210	PV0028-C.g43	72.594	478	78	9	1	466	1843	2279	0.0	653
PfIT_080013800|NTS|1|1|58	PA0041-C.g528	100.000	58	0	0	1	58	1	58	1.00e-32	119
PfIT_080013800|NTS|1|1|58	PA0168-C.g760	100.000	58	0	0	1	58	1	58	1.24e-32	119
PfIT_080013800|NTS|1|1|58	PA0183-C.g577	100.000	58	0	0	1	58	1	58	1.33e-32	119
PfIT_080013800|NTS|1|1|58	PH0589-C.g560	100.000	58	0	0	1	58	1	58	1.42e-32	119
PfIT_080013800|NTS|1|1|58	QE0455-C.g767	100.000	58	0	0	1	58	1	58	1.67e-32	118
PfIT_080013800|DBLa|1|59|508	PH0589-C.g560	74.074	459	87	6	1	450	59	494	0.0	654
PfIT_080013800|DBLa|1|59|508	PH0589-C.g560	27.604	192	93	5	185	340	1130	1311	2.74e-11	68.6
PfIT_080013800|DBLa|1|59|508	PT0098-C.g699	72.807	456	97	8	1	450	59	493	0.0	652
PfIT_080013800|DBLa|1|59|508	PH0815-C.g901	73.026	456	96	8	1	450	59	493	0.0	650
PfIT_080013800|DBLa|1|59|508	PH0815-C.g901	31.250	192	104	10	244	424	1164	1338	5.21e-09	61.2
PfIT_080013800|DBLa|1|59|508	PH0778-C.g668	73.026	456	96	8	1	450	59	493	0.0	650
PfIT_080013800|DBLa|1|59|508	PH0778-C.g668	31.250	192	104	10	244	424	1164	1338	5.21e-09	61.2
PfIT_080013800|DBLa|1|59|508	QE0455-C.g767	73.026	456	96	8	1	450	59	493	0.0	649
PfIT_080013800|DBLa|1|59|508	QE0455-C.g767	27.164	335	177	15	129	424	1033	1339	2.65e-11	68.6
PfIT_080013800|CIDRa|1|509|798	PH0589-C.g560	100.000	290	0	0	1	290	495	784	0.0	588
PfIT_080013800|CIDRa|1|509|798	QE0467-C.g944	98.276	290	5	0	1	290	507	796	0.0	578
PfIT_080013800|CIDRa|1|509|798	PM0138-C.g816	67.857	308	72	6	1	289	320	619	3.01e-111	353
PfIT_080013800|CIDRa|1|509|798	PC0107-C.g414	67.857	308	72	6	1	289	512	811	4.44e-111	354
PfIT_080013800|CIDRa|1|509|798	QG0297-C.g3984	65.161	310	78	7	1	289	354	654	4.52e-107	335
PfIT_080013800|DBLd|1|862|1485	PH0589-C.g560	74.521	365	74	6	274	624	1023	1382	2.18e-171	534
PfIT_080013800|DBLd|1|862|1485	PH0589-C.g560	64.744	156	40	5	1	151	848	993	1.75e-47	182
PfIT_080013800|DBLd|1|862|1485	PH0589-C.g560	34.426	122	74	3	442	562	287	403	1.72e-07	57.0
PfIT_080013800|DBLd|1|862|1485	PD0514-C.g901	45.564	665	208	23	1	624	833	1384	1.47e-150	472
PfIT_080013800|DBLd|1|862|1485	PD0514-C.g901	23.592	373	219	13	286	624	171	511	7.36e-13	74.3
PfIT_080013800|DBLd|1|862|1485	PD0514-C.g736	44.545	660	199	24	1	624	832	1360	2.43e-139	447
PfIT_080013800|DBLd|1|862|1485	PD0514-C.g736	23.611	288	142	11	372	624	252	496	4.77e-11	68.6
PfIT_080013800|DBLd|1|862|1485	PH0059-C.g425	44.955	674	235	26	1	624	810	1397	2.04e-134	434
PfIT_080013800|DBLd|1|862|1485	PH0059-C.g425	23.478	345	204	9	301	624	176	481	6.22e-17	87.8
PfIT_080013800|DBLd|1|862|1485	PD0562-C.g859	43.036	639	234	23	1	624	85	608	1.54e-133	417
PfIT_080013800|CIDRb|1|1486|1749	PH0589-C.g560	99.621	264	1	0	1	264	1383	1646	7.72e-180	541
PfIT_080013800|CIDRb|1|1486|1749	PH0495-CW.g54	64.394	264	86	4	1	258	597	858	2.86e-103	323
PfIT_080013800|CIDRb|1|1486|1749	PA0104-C.g251	64.773	264	85	4	1	258	1041	1302	6.64e-101	323
PfIT_080013800|CIDRb|1|1486|1749	PD0667-C.g1205	64.394	264	86	4	1	258	1213	1474	2.48e-100	322
PfIT_080013800|CIDRb|1|1486|1749	PA0202-C.g670	64.773	264	85	4	1	258	1307	1568	3.45e-100	322
PfIT_080013800|ATS|1|1867|2289	PF0489-C.g691	81.179	441	64	5	1	423	1767	2206	0.0	711
PfIT_080013800|ATS|1|1867|2289	PF0489-C.g723	78.261	460	61	8	1	423	1717	2174	0.0	696
PfIT_080013800|ATS|1|1867|2289	PD0590-C.g548	75.641	468	67	10	1	423	2191	2656	0.0	675
PfIT_080013800|ATS|1|1867|2289	PD0585-C.g522	75.641	468	67	10	1	423	2191	2656	0.0	675
PfIT_080013800|ATS|1|1867|2289	PV0099-C.g36	79.091	440	74	6	1	423	1763	2201	0.0	669
PfIT_080014100|NTS|1|1|62	QE0414-C.g669	100.000	62	0	0	1	62	1	62	1.21e-34	125
PfIT_080014100|NTS|1|1|62	QE0464-C.g711	100.000	62	0	0	1	62	1	62	1.34e-34	124
PfIT_080014100|NTS|1|1|62	PD0507-C.g758	90.323	62	6	0	1	62	1	62	3.67e-28	106
PfIT_080014100|NTS|1|1|62	PA0008-C.g938	83.871	62	10	0	1	62	1	62	2.59e-27	103
PfIT_080014100|NTS|1|1|62	PA0246-C.g377	83.871	62	10	0	1	62	1	62	2.86e-27	103
PfIT_080014100|DBLa|1|63|518	QE0464-C.g711	84.096	459	60	4	1	456	63	511	0.0	780
PfIT_080014100|DBLa|1|63|518	QE0464-C.g711	33.981	206	101	8	254	456	1191	1364	4.13e-21	99.4
PfIT_080014100|DBLa|1|63|518	QE0414-C.g669	84.096	459	60	4	1	456	63	511	0.0	779
PfIT_080014100|DBLa|1|63|518	QE0414-C.g669	33.981	206	101	8	254	456	1191	1364	4.80e-21	99.0
PfIT_080014100|DBLa|1|63|518	QG0194-C.g591	66.030	471	140	11	1	456	60	525	0.0	602
PfIT_080014100|DBLa|1|63|518	QG0194-C.g591	24.903	257	157	6	127	358	1108	1353	2.38e-16	84.3
PfIT_080014100|DBLa|1|63|518	SenT110.09.g237	67.091	471	122	13	1	456	65	517	0.0	597
PfIT_080014100|DBLa|1|63|518	SenT110.09.g237	25.797	345	188	13	135	456	1108	1407	2.60e-19	93.6
PfIT_080014100|DBLa|1|63|518	PH0589-C.g566	65.063	478	141	12	1	456	69	542	0.0	589
PfIT_080014100|DBLa|1|63|518	PH0589-C.g566	33.094	139	80	3	267	405	1231	1356	2.14e-15	81.6
PfIT_080014100|CIDRa|1|519|823	QE0464-C.g711	100.000	305	0	0	1	305	512	816	0.0	634
PfIT_080014100|CIDRa|1|519|823	QE0414-C.g669	100.000	305	0	0	1	305	512	816	0.0	633
PfIT_080014100|CIDRa|1|519|823	PT0109-C.g178	95.820	311	7	1	1	305	501	811	0.0	614
PfIT_080014100|CIDRa|1|519|823	PF0489-C.g553	95.177	311	9	1	1	305	507	817	0.0	612
PfIT_080014100|CIDRa|1|519|823	PA0186-C.g455	95.177	311	9	1	1	305	400	710	0.0	611
PfIT_080014100|DBLd|1|883|1371	QE0464-C.g711	100.000	489	0	0	1	489	876	1364	0.0	1008
PfIT_080014100|DBLd|1|883|1371	QE0464-C.g711	26.506	498	238	24	39	489	95	511	1.27e-21	101
PfIT_080014100|DBLd|1|883|1371	QE0414-C.g669	100.000	489	0	0	1	489	876	1364	0.0	1008
PfIT_080014100|DBLd|1|883|1371	QE0414-C.g669	26.506	498	238	24	39	489	95	511	1.72e-21	100
PfIT_080014100|DBLd|1|883|1371	PA0221-C.g678	91.207	489	35	4	1	489	927	1407	0.0	850
PfIT_080014100|DBLd|1|883|1371	PA0221-C.g678	27.778	342	158	15	206	489	221	531	7.45e-21	99.0
PfIT_080014100|DBLd|1|883|1371	PF0424-C.g458	90.184	489	42	3	1	489	832	1314	0.0	847
PfIT_080014100|DBLd|1|883|1371	PF0424-C.g458	25.284	352	182	13	172	489	184	488	5.91e-19	93.2
PfIT_080014100|DBLd|1|883|1371	QE0449-C.g800	89.796	490	20	3	1	489	840	1300	0.0	842
PfIT_080014100|DBLd|1|883|1371	QE0449-C.g800	34.536	194	93	7	327	489	306	496	1.50e-13	75.9
PfIT_080014100|CIDRb|1|1372|1624	PH0815-C.g819	100.000	253	0	0	1	253	594	846	1.09e-180	525
PfIT_080014100|CIDRb|1|1372|1624	PV0285-C.g127	100.000	253	0	0	1	253	610	862	1.17e-180	525
PfIT_080014100|CIDRb|1|1372|1624	PV0115-C.g92	100.000	253	0	0	1	253	956	1208	7.58e-176	521
PfIT_080014100|CIDRb|1|1372|1624	PA0221-C.g678	100.000	253	0	0	1	253	1408	1660	1.56e-174	527
PfIT_080014100|CIDRb|1|1372|1624	PT0230-Cx.g747	100.000	253	0	0	1	253	1380	1632	3.38e-174	526
PfIT_080014100|ATS|1|1772|2228	PF0207-C.g201	98.687	457	6	0	1	457	1797	2253	0.0	930
PfIT_080014100|ATS|1|1772|2228	QG0201-C.g247	96.280	457	17	0	1	457	1705	2161	0.0	906
PfIT_080014100|ATS|1|1772|2228	PF0400-C.g153	95.842	457	19	0	1	457	1784	2240	0.0	904
PfIT_080014100|ATS|1|1772|2228	PF0449-C.g338	96.280	457	17	0	1	457	1974	2430	0.0	902
PfIT_080014100|ATS|1|1772|2228	PT0073-C.g527	96.280	457	17	0	1	457	2043	2499	0.0	901
PfIT_080037400|NTS|1|1|70	PT0041-C.g412	78.571	70	15	0	1	70	1	70	2.96e-31	115
PfIT_080037400|NTS|1|1|70	PC0053-C.g474	76.119	67	16	0	4	70	3	69	1.80e-28	107
PfIT_080037400|NTS|1|1|70	PC0061-C.g1040	76.119	67	16	0	4	70	3	69	2.79e-28	107
PfIT_080037400|NTS|1|1|70	PF0818-C.g267	82.258	62	11	0	9	70	11	72	7.59e-28	105
PfIT_080037400|NTS|1|1|70	PA0040-C.g553	74.627	67	17	0	4	70	3	69	7.87e-28	105
PfIT_080037400|DBLa|1|71|482	PH0471-C.g444	76.739	417	92	3	1	412	64	480	0.0	654
PfIT_080037400|DBLa|1|71|482	PH0471-C.g444	22.835	381	217	12	83	412	936	1290	2.04e-16	84.0
PfIT_080037400|DBLa|1|71|482	QE0472-C.g789	76.739	417	92	3	1	412	64	480	0.0	653
PfIT_080037400|DBLa|1|71|482	QE0472-C.g789	25.758	330	173	14	119	412	1001	1294	1.09e-12	72.4
PfIT_080037400|DBLa|1|71|482	QE0454-C.g673	76.739	417	92	3	1	412	64	480	0.0	653
PfIT_080037400|DBLa|1|71|482	QE0454-C.g673	25.758	330	173	14	119	412	1001	1294	1.09e-12	72.4
PfIT_080037400|DBLa|1|71|482	PA0084-C.g593	74.029	412	103	2	1	412	60	467	0.0	647
PfIT_080037400|DBLa|1|71|482	PA0084-C.g593	58.654	104	43	0	1	104	1737	1840	1.57e-28	120
PfIT_080037400|DBLa|1|71|482	PA0084-C.g593	28.736	174	113	4	239	412	1143	1305	1.80e-10	65.5
PfIT_080037400|DBLa|1|71|482	PA0042-C.g486	74.029	412	103	2	1	412	60	467	0.0	647
PfIT_080037400|DBLa|1|71|482	PA0042-C.g486	28.736	174	113	4	239	412	1143	1305	1.97e-10	65.5
PfIT_080037400|CIDRa|1|483|743	PH0643-C.g92	78.030	264	52	4	1	261	491	751	1.03e-136	414
PfIT_080037400|CIDRa|1|483|743	QE0467-C.g990	78.030	264	52	4	1	261	491	751	9.46e-133	412
PfIT_080037400|CIDRa|1|483|743	QE0459-C.g916	78.030	264	52	4	1	261	491	751	9.46e-133	412
PfIT_080037400|CIDRa|1|483|743	QE0465-C.g693	77.344	256	56	2	1	256	474	727	7.09e-129	402
PfIT_080037400|CIDRa|1|483|743	PV0211-C.g63	77.344	256	56	2	1	256	474	727	3.13e-128	402
PfIT_080037400|DBLd|1|820|1300	PT0005-CW.g536	52.908	533	182	20	1	481	877	1392	5.29e-154	481
PfIT_080037400|DBLd|1|820|1300	PT0005-CW.g536	32.653	98	60	3	304	399	315	408	5.96e-07	54.7
PfIT_080037400|DBLd|1|820|1300	QG0246-C.g2408	53.082	503	203	12	1	481	1764	2255	4.53e-153	484
PfIT_080037400|DBLd|1|820|1300	QG0246-C.g2408	26.754	456	208	14	1	448	1241	1578	2.10e-33	137
PfIT_080037400|DBLd|1|820|1300	QG0246-C.g2408	22.727	264	167	6	224	481	244	476	1.03e-09	63.9
PfIT_080037400|DBLd|1|820|1300	PF0113-C.g528	52.456	509	184	12	1	481	880	1358	1.26e-150	472
PfIT_080037400|DBLd|1|820|1300	PF0113-C.g528	26.587	252	157	10	161	409	190	416	2.62e-12	72.0
PfIT_080037400|DBLd|1|820|1300	PH0341-C.g227	52.140	514	183	11	1	481	1740	2223	1.97e-150	476
PfIT_080037400|DBLd|1|820|1300	PH0341-C.g227	30.423	378	147	15	31	406	1291	1554	6.41e-34	138
PfIT_080037400|DBLd|1|820|1300	PH0341-C.g227	23.164	354	195	12	157	481	189	494	2.09e-08	59.7
PfIT_080037400|DBLd|1|820|1300	PM0100-C.g1555	52.622	534	187	17	1	481	822	1342	2.10e-149	468
PfIT_080037400|DBLd|1|820|1300	PM0100-C.g1555	21.970	264	170	6	143	406	162	389	2.98e-09	62.4
PfIT_080037400|CIDRb|1|1301|1552	PC0065-C.g3618	81.855	248	41	2	1	248	1412	1655	2.39e-131	409
PfIT_080037400|CIDRb|1|1301|1552	PF0190-C.g495	85.477	241	25	2	1	236	1350	1585	4.99e-131	408
PfIT_080037400|CIDRb|1|1301|1552	PA0205-C.g741	80.556	252	43	3	3	252	1405	1652	2.97e-129	403
PfIT_080037400|CIDRb|1|1301|1552	SenT092.08.g668	73.705	251	59	3	2	249	596	842	1.52e-106	331
PfIT_080037400|CIDRb|1|1301|1552	QG0225-C.g3095	74.194	248	62	2	1	247	1429	1675	1.31e-105	337
PfIT_080037400|ATS|1|1666|2139	PV0117-C.g64	75.969	516	73	7	1	474	1194	1700	0.0	733
PfIT_080037400|ATS|1|1666|2139	PH0643-C.g487	80.503	477	71	8	1	474	1677	2134	0.0	733
PfIT_080037400|ATS|1|1666|2139	PFKE12.g465	76.305	498	86	9	1	474	1773	2262	0.0	717
PfIT_080037400|ATS|1|1666|2139	PV0211-C.g126	74.708	514	81	9	1	474	841	1345	0.0	700
PfIT_080037400|ATS|1|1666|2139	PD0561-C.g263	74.280	486	83	10	1	474	2424	2879	0.0	688
PfIT_090005100|NTS|1|1|70	PT0303-Cx.g1492	100.000	70	0	0	1	70	1	70	4.83e-39	137
PfIT_090005100|NTS|1|1|70	PV0234-C.g51	100.000	70	0	0	1	70	1	70	6.46e-39	137
PfIT_090005100|NTS|1|1|70	PC0107-C.g190	100.000	70	0	0	1	70	1	70	1.26e-38	136
PfIT_090005100|NTS|1|1|70	QE0459-C.g1122	100.000	70	0	0	1	70	1	70	1.65e-38	136
PfIT_090005100|NTS|1|1|70	PV0241-C.g95	100.000	70	0	0	1	70	1	70	1.95e-38	136
PfIT_090005100|DBLa|1|71|457	PT0303-Cx.g1492	100.000	387	0	0	1	387	71	457	0.0	810
PfIT_090005100|DBLa|1|71|457	PT0303-Cx.g1492	23.718	312	176	10	51	338	1234	1507	2.44e-15	80.5
PfIT_090005100|DBLa|1|71|457	PT0303-Cx.g1492	26.727	333	175	18	114	387	1797	2119	4.74e-15	79.7
PfIT_090005100|DBLa|1|71|457	PT0303-Cx.g1492	23.729	295	175	9	53	334	869	1126	3.85e-13	73.6
PfIT_090005100|DBLa|1|71|457	PC0107-C.g190	94.057	387	23	0	1	387	71	457	0.0	744
PfIT_090005100|DBLa|1|71|457	PC0107-C.g190	32.558	172	96	4	229	387	2149	2313	7.79e-17	85.1
PfIT_090005100|DBLa|1|71|457	PC0107-C.g190	23.676	321	177	9	53	337	1250	1538	1.21e-14	78.6
PfIT_090005100|DBLa|1|71|457	PC0107-C.g190	23.431	239	146	6	38	261	870	1086	3.06e-10	64.7
PfIT_090005100|DBLa|1|71|457	PC0085-C.g1320	99.718	354	1	0	34	387	1	354	0.0	740
PfIT_090005100|DBLa|1|71|457	PC0085-C.g1320	29.310	174	119	1	218	387	1520	1693	4.74e-18	89.0
PfIT_090005100|DBLa|1|71|457	PC0085-C.g1320	22.295	305	185	10	35	317	737	1011	1.95e-10	65.1
PfIT_090005100|DBLa|1|71|457	PT0149-C.g341	89.147	387	38	2	1	387	71	453	0.0	694
PfIT_090005100|DBLa|1|71|457	PT0149-C.g341	25.806	310	189	10	109	387	1883	2182	9.07e-17	84.7
PfIT_090005100|DBLa|1|71|457	PT0149-C.g341	26.205	332	188	12	53	367	1239	1530	2.14e-16	84.0
PfIT_090005100|DBLa|1|71|457	PT0149-C.g341	23.301	309	172	11	46	331	854	1120	4.00e-13	73.6
PfIT_090005100|DBLa|1|71|457	SenT061.09.g550	88.830	376	38	2	12	387	1	372	0.0	667
PfIT_090005100|DBLa|1|71|457	SenT061.09.g550	23.718	312	170	10	46	332	773	1041	3.27e-14	77.0
PfIT_090005100|CIDRd|1|458|713	SenT061.09.g550	97.628	253	6	0	1	253	373	625	6.20e-169	498
PfIT_090005100|CIDRd|1|458|713	PC0085-C.g1320	97.628	253	6	0	1	253	355	607	5.21e-164	504
PfIT_090005100|CIDRd|1|458|713	PC0085-C.g1320	32.308	260	159	6	3	255	1696	1945	2.68e-29	118
PfIT_090005100|CIDRd|1|458|713	PT0149-C.g341	97.628	253	6	0	1	253	454	706	1.56e-163	503
PfIT_090005100|CIDRd|1|458|713	PT0149-C.g341	31.325	249	161	6	3	247	2185	2427	9.56e-27	110
PfIT_090005100|CIDRd|1|458|713	PM0138-C.g390	89.494	257	26	1	1	256	474	730	4.06e-151	459
PfIT_090005100|CIDRd|1|458|713	PC0107-C.g190	91.732	254	20	1	1	253	458	711	4.30e-141	439
PfIT_090005100|CIDRd|1|458|713	PC0107-C.g190	28.016	257	175	6	3	254	2316	2567	1.16e-27	113
PfIT_090005100|DBLb|1|740|1212	PF0314-C.g321	70.101	495	107	7	1	473	736	1211	0.0	671
PfIT_090005100|DBLb|1|740|1212	PF0314-C.g321	29.535	430	221	14	78	473	1330	1711	3.45e-41	160
PfIT_090005100|DBLb|1|740|1212	PF0314-C.g321	29.336	467	235	18	11	424	13	437	4.23e-38	150
PfIT_090005100|DBLb|1|740|1212	PF0314-C.g321	27.536	276	156	9	124	376	1766	2020	1.64e-19	94.7
PfIT_090005100|DBLb|1|740|1212	PA0163-C.g834	70.101	495	107	7	1	473	353	828	0.0	671
PfIT_090005100|DBLb|1|740|1212	PA0163-C.g834	26.291	426	204	14	78	473	947	1292	1.12e-27	119
PfIT_090005100|DBLb|1|740|1212	PA0163-C.g834	27.536	276	156	9	124	376	1347	1601	1.68e-19	94.7
PfIT_090005100|DBLb|1|740|1212	PF0011-C.g529	70.101	495	107	7	1	473	736	1211	0.0	670
PfIT_090005100|DBLb|1|740|1212	PF0011-C.g529	32.000	375	196	12	121	473	1737	2074	3.54e-41	160
PfIT_090005100|DBLb|1|740|1212	PF0011-C.g529	29.336	467	235	18	11	424	13	437	6.73e-38	150
PfIT_090005100|DBLb|1|740|1212	PF0011-C.g529	27.526	287	159	12	111	374	2121	2381	3.57e-17	87.4
PfIT_090005100|DBLb|1|740|1212	PF0011-C.g529	23.238	383	218	11	117	473	1359	1691	6.57e-15	80.1
PfIT_090005100|DBLb|1|740|1212	SenT139.11.g642	61.728	486	163	7	1	473	247	722	0.0	596
PfIT_090005100|DBLb|1|740|1212	SenT139.11.g642	47.222	216	79	5	293	473	8	223	1.98e-49	184
PfIT_090005100|DBLb|1|740|1212	SenT139.11.g642	23.711	388	210	10	126	473	788	1129	1.41e-15	82.4
PfIT_090005100|DBLb|1|740|1212	QE0410-C.g167	61.042	480	161	8	1	473	1932	2392	0.0	578
PfIT_090005100|DBLb|1|740|1212	QE0410-C.g167	31.830	399	212	15	15	375	20	396	7.32e-37	147
PfIT_090005100|DBLb|1|740|1212	QE0410-C.g167	24.465	327	194	11	97	397	903	1202	3.14e-09	62.0
PfIT_090005100|DBLg|1|1307|1663	PA0261-C.g179	83.473	357	59	0	1	357	1298	1654	0.0	605
PfIT_090005100|DBLg|1|1307|1663	PA0261-C.g179	32.133	361	179	12	1	300	1659	2014	4.74e-42	159
PfIT_090005100|DBLg|1|1307|1663	PA0261-C.g179	25.000	296	186	11	38	313	831	1110	1.45e-12	71.6
PfIT_090005100|DBLg|1|1307|1663	PA0261-C.g179	22.945	292	162	9	45	297	124	391	9.89e-11	65.9
PfIT_090005100|DBLg|1|1307|1663	PA0079-C.g195	83.473	357	59	0	1	357	1297	1653	0.0	605
PfIT_090005100|DBLg|1|1307|1663	PA0079-C.g195	34.767	279	134	10	1	236	1658	1931	7.64e-36	140
PfIT_090005100|DBLg|1|1307|1663	PA0079-C.g195	25.000	296	186	11	38	313	831	1110	1.40e-12	71.6
PfIT_090005100|DBLg|1|1307|1663	PA0079-C.g195	22.945	292	162	9	45	297	124	391	9.45e-11	65.9
PfIT_090005100|DBLg|1|1307|1663	PM0153-C.g1198	76.045	359	81	3	1	357	620	975	0.0	542
PfIT_090005100|DBLg|1|1307|1663	PM0153-C.g1198	36.395	294	140	10	1	251	980	1269	8.99e-48	175
PfIT_090005100|DBLg|1|1307|1663	PM0103-C.g472	75.630	357	85	2	1	357	1310	1664	1.97e-174	540
PfIT_090005100|DBLg|1|1307|1663	PM0103-C.g472	42.857	301	145	8	1	280	2820	3114	1.42e-61	215
PfIT_090005100|DBLg|1|1307|1663	PM0103-C.g472	37.349	332	166	9	1	294	1669	1996	6.19e-54	193
PfIT_090005100|DBLg|1|1307|1663	PM0103-C.g472	24.535	269	159	11	38	280	829	1079	1.81e-10	65.1
PfIT_090005100|DBLg|1|1307|1663	PM0103-C.g472	22.483	298	156	11	10	276	2444	2697	8.19e-08	56.6
PfIT_090005100|DBLg|1|1307|1663	PM0068-C.g197	76.190	357	81	3	1	357	1199	1551	2.47e-173	535
PfIT_090005100|DBLg|1|1307|1663	PM0068-C.g197	35.593	354	177	8	1	307	1556	1905	2.87e-53	191
PfIT_090005100|DBLd|1|1668|2080	PH0932-C.g452	94.712	416	19	2	1	413	1597	2012	0.0	776
PfIT_090005100|DBLd|1|1668|2080	PH0932-C.g452	38.095	315	141	12	39	347	2929	3195	1.00e-50	186
PfIT_090005100|DBLd|1|1668|2080	PH0932-C.g452	31.844	358	167	12	1	348	1242	1532	2.35e-40	155
PfIT_090005100|DBLd|1|1668|2080	PH0932-C.g452	31.273	275	151	10	158	413	221	476	2.12e-23	105
PfIT_090005100|DBLd|1|1668|2080	PH0932-C.g452	24.299	321	173	13	41	345	847	1113	1.51e-09	62.8
PfIT_090005100|DBLd|1|1668|2080	PH0932-C.g452	22.419	339	191	11	43	370	2426	2703	4.45e-09	61.2
PfIT_090005100|DBLd|1|1668|2080	QE0429-C.g569	90.931	419	32	3	1	413	871	1289	0.0	746
PfIT_090005100|DBLd|1|1668|2080	QE0429-C.g569	31.269	323	196	10	99	413	156	460	4.99e-33	134
PfIT_090005100|DBLd|1|1668|2080	QG0216-C.g414	76.667	420	78	6	1	413	1187	1593	0.0	602
PfIT_090005100|DBLd|1|1668|2080	QG0216-C.g414	36.723	354	153	12	1	348	834	1122	2.93e-55	199
PfIT_090005100|DBLd|1|1668|2080	QG0216-C.g414	29.323	399	221	13	32	413	110	464	1.36e-29	124
PfIT_090005100|DBLd|1|1668|2080	QG0216-C.g414	23.077	364	194	12	40	390	2006	2296	1.19e-08	59.7
PfIT_090005100|DBLd|1|1668|2080	PC0026-C.g12	76.134	419	81	6	1	413	837	1242	0.0	598
PfIT_090005100|DBLd|1|1668|2080	PC0026-C.g12	34.439	392	197	12	1	384	472	811	1.00e-54	197
PfIT_090005100|DBLd|1|1668|2080	PC0026-C.g12	23.077	364	194	12	40	390	1655	1945	1.06e-08	60.1
PfIT_090005100|DBLd|1|1668|2080	PV0251-C.g22	69.746	433	110	7	1	413	272	703	0.0	559
PfIT_090005100|DBLd|1|1668|2080	PV0251-C.g22	34.375	320	132	14	38	345	1481	1734	6.16e-36	142
PfIT_090005100|DBLd|1|1668|2080	PV0251-C.g22	33.184	223	108	4	123	345	1	182	1.26e-28	121
PfIT_090005100|CIDRb|1|2081|2333	PC0026-C.g12	88.931	262	20	1	1	253	1243	1504	5.97e-151	465
PfIT_090005100|CIDRb|1|2081|2333	PC0026-C.g12	23.707	232	169	7	23	249	83	311	6.93e-07	52.4
PfIT_090005100|CIDRb|1|2081|2333	QG0216-C.g414	88.931	262	20	1	1	253	1594	1855	1.30e-150	466
PfIT_090005100|CIDRb|1|2081|2333	QG0216-C.g414	33.475	236	151	5	17	247	474	708	4.05e-27	112
PfIT_090005100|CIDRb|1|2081|2333	PH0932-C.g452	88.550	262	21	1	1	253	2013	2274	1.47e-150	466
PfIT_090005100|CIDRb|1|2081|2333	PH0932-C.g452	26.923	156	99	5	37	178	512	666	5.70e-07	52.8
PfIT_090005100|CIDRb|1|2081|2333	QE0429-C.g569	85.098	255	29	1	1	246	1290	1544	1.10e-138	432
PfIT_090005100|CIDRb|1|2081|2333	QE0429-C.g569	34.081	223	143	3	35	253	493	715	7.60e-29	117
PfIT_090005100|CIDRb|1|2081|2333	PA0211-C.g300	78.039	255	54	2	1	253	1283	1537	1.44e-125	394
PfIT_090005100|CIDRb|1|2081|2333	PA0211-C.g300	29.381	194	107	7	75	250	619	800	1.22e-10	63.5
PfIT_090005100|DBLb|2|2361|2832	PH0932-C.g452	69.215	497	121	5	1	472	2302	2791	0.0	677
PfIT_090005100|DBLb|2|2361|2832	PH0932-C.g452	40.828	507	238	16	1	472	735	1214	5.27e-104	343
PfIT_090005100|DBLb|2|2361|2832	PH0932-C.g452	31.173	324	165	10	128	409	135	442	5.66e-37	147
PfIT_090005100|DBLb|2|2361|2832	PH0932-C.g452	27.335	439	224	18	75	472	2888	3272	7.40e-23	105
PfIT_090005100|DBLb|2|2361|2832	PH0932-C.g452	25.092	271	167	6	122	376	1280	1530	1.62e-13	75.9
PfIT_090005100|DBLb|2|2361|2832	PH0932-C.g452	23.724	333	196	13	111	388	1628	1957	1.08e-07	57.4
PfIT_090005100|DBLb|2|2361|2832	PD0503-C.g485	71.042	480	121	8	1	472	1825	2294	0.0	672
PfIT_090005100|DBLb|2|2361|2832	PD0503-C.g485	31.429	350	167	15	81	391	78	393	4.02e-33	135
PfIT_090005100|DBLb|2|2361|2832	PD0503-C.g485	23.967	363	203	14	107	409	1155	1504	2.46e-09	62.4
PfIT_090005100|DBLb|2|2361|2832	PD0503-C.g485	24.060	266	161	9	127	376	821	1061	2.26e-08	59.3
PfIT_090005100|DBLb|2|2361|2832	QG0201-C.g131	71.310	481	125	8	1	472	1895	2371	0.0	669
PfIT_090005100|DBLb|2|2361|2832	QG0201-C.g131	33.956	321	155	10	96	377	98	400	5.26e-37	147
PfIT_090005100|DBLb|2|2361|2832	QG0201-C.g131	23.226	310	183	8	122	406	898	1177	1.70e-09	63.2
PfIT_090005100|DBLb|2|2361|2832	QG0201-C.g131	24.783	230	118	7	198	386	1349	1564	1.03e-08	60.5
PfIT_090005100|DBLb|2|2361|2832	PC0063-C.g7718	62.140	486	150	12	1	472	2362	2827	0.0	577
PfIT_090005100|DBLb|2|2361|2832	PC0063-C.g7718	39.526	506	227	17	1	472	850	1310	3.70e-100	332
PfIT_090005100|DBLb|2|2361|2832	PC0063-C.g7718	30.260	423	227	15	22	395	10	413	5.53e-36	144
PfIT_090005100|DBLb|2|2361|2832	PC0063-C.g7718	24.601	313	184	7	77	377	1329	1601	1.14e-16	85.9
PfIT_090005100|DBLb|2|2361|2832	PC0063-C.g7718	25.970	335	187	13	64	375	2830	3126	2.94e-14	78.2
PfIT_090005100|DBLb|2|2361|2832	PFKE09.g471	60.714	476	162	8	1	472	2232	2686	0.0	564
PfIT_090005100|DBLb|2|2361|2832	PFKE09.g471	49.573	468	194	15	12	472	749	1181	3.61e-119	386
PfIT_090005100|DBLb|2|2361|2832	PFKE09.g471	31.333	300	162	12	70	347	71	348	1.80e-33	137
PfIT_090005100|DBLb|2|2361|2832	PFKE09.g471	27.304	293	174	10	125	410	2748	3008	1.88e-12	72.4
PfIT_090005100|DBLb|2|2361|2832	PFKE09.g471	25.510	294	165	11	127	399	1241	1501	2.85e-11	68.6
PfIT_090005100|ATS|1|2964|3387	PFKE07.g424	83.841	427	61	5	1	424	2619	3040	0.0	716
PfIT_090005100|ATS|1|2964|3387	PFKE08.g502	82.904	427	68	5	1	424	2361	2785	0.0	707
PfIT_090005100|ATS|1|2964|3387	PV0139-C.g51	83.450	429	65	5	1	424	2344	2771	0.0	707
PfIT_090005100|ATS|1|2964|3387	PC0097-C.g1121	82.327	447	56	5	1	424	3397	3843	0.0	706
PfIT_090005100|ATS|1|2964|3387	PF0524-C.g117	82.710	428	64	7	2	424	2377	2799	0.0	701
PfIT_100044000|NTS|1|1|75	PV0287-C.g94	100.000	75	0	0	1	75	1	75	9.76e-45	154
PfIT_100044000|NTS|1|1|75	QE0452-C.g767	100.000	75	0	0	1	75	1	75	1.51e-44	154
PfIT_100044000|NTS|1|1|75	QE0419-C.g44	100.000	75	0	0	1	75	1	75	1.87e-44	153
PfIT_100044000|NTS|1|1|75	PV0195-C.g18	100.000	75	0	0	1	75	1	75	1.87e-44	153
PfIT_100044000|NTS|1|1|75	PH0549-C.g221	100.000	75	0	0	1	75	1	75	1.87e-44	153
PfIT_100044000|DBLa|1|76|476	PH0121-CW.g37	100.000	401	0	0	1	401	76	476	0.0	842
PfIT_100044000|DBLa|1|76|476	PH0121-CW.g37	35.238	210	101	8	59	249	810	1003	1.38e-25	112
PfIT_100044000|DBLa|1|76|476	PH0121-CW.g37	23.322	283	173	10	53	320	1209	1462	2.15e-11	68.6
PfIT_100044000|DBLa|1|76|476	PH0121-CW.g37	25.877	228	127	9	53	264	1597	1798	1.05e-09	63.2
PfIT_100044000|DBLa|1|76|476	PH0121-CW.g37	29.358	109	71	2	221	323	2333	2441	1.26e-08	59.7
PfIT_100044000|DBLa|1|76|476	QE0419-C.g44	100.000	401	0	0	1	401	76	476	0.0	842
PfIT_100044000|DBLa|1|76|476	QE0419-C.g44	35.238	210	101	8	59	249	810	1003	1.32e-25	112
PfIT_100044000|DBLa|1|76|476	QE0419-C.g44	23.322	283	173	10	53	320	1209	1462	1.97e-11	68.6
PfIT_100044000|DBLa|1|76|476	QE0419-C.g44	20.380	368	196	10	51	323	2030	2395	5.05e-11	67.4
PfIT_100044000|DBLa|1|76|476	QE0419-C.g44	25.877	228	127	9	53	264	1597	1798	1.01e-09	63.2
PfIT_100044000|DBLa|1|76|476	PV0195-C.g18	100.000	401	0	0	1	401	76	476	0.0	842
PfIT_100044000|DBLa|1|76|476	PV0195-C.g18	35.238	210	101	8	59	249	810	1003	1.32e-25	112
PfIT_100044000|DBLa|1|76|476	PV0195-C.g18	23.322	283	173	10	53	320	1209	1462	1.97e-11	68.6
PfIT_100044000|DBLa|1|76|476	PV0195-C.g18	20.380	368	196	10	51	323	2030	2395	5.05e-11	67.4
PfIT_100044000|DBLa|1|76|476	PV0195-C.g18	25.877	228	127	9	53	264	1597	1798	1.01e-09	63.2
PfIT_100044000|DBLa|1|76|476	PH0549-C.g221	100.000	401	0	0	1	401	76	476	0.0	842
PfIT_100044000|DBLa|1|76|476	PH0549-C.g221	35.238	210	101	8	59	249	810	1003	1.32e-25	112
PfIT_100044000|DBLa|1|76|476	PH0549-C.g221	23.322	283	173	10	53	320	1209	1462	1.97e-11	68.6
PfIT_100044000|DBLa|1|76|476	PH0549-C.g221	20.380	368	196	10	51	323	2030	2395	5.05e-11	67.4
PfIT_100044000|DBLa|1|76|476	PH0549-C.g221	25.877	228	127	9	53	264	1597	1798	1.01e-09	63.2
PfIT_100044000|DBLa|1|76|476	PD0667-C.g1110	100.000	401	0	0	1	401	76	476	0.0	842
PfIT_100044000|DBLa|1|76|476	PD0667-C.g1110	35.238	210	101	8	59	249	810	1003	1.40e-25	112
PfIT_100044000|DBLa|1|76|476	PD0667-C.g1110	23.322	283	173	10	53	320	1209	1462	2.21e-11	68.6
PfIT_100044000|DBLa|1|76|476	PD0667-C.g1110	20.380	368	196	10	51	323	2030	2395	5.52e-11	67.0
PfIT_100044000|DBLa|1|76|476	PD0667-C.g1110	25.439	228	128	9	53	264	1597	1798	6.20e-08	57.4
PfIT_100044000|CIDRa|1|477|724	PV0287-C.g94	100.000	248	0	0	1	248	477	724	7.24e-175	513
PfIT_100044000|CIDRa|1|477|724	PM0152-C.g621	97.984	248	5	0	1	248	470	717	8.60e-171	504
PfIT_100044000|CIDRa|1|477|724	PH0121-CW.g37	100.000	248	0	0	1	248	477	724	1.62e-167	514
PfIT_100044000|CIDRa|1|477|724	PH0121-CW.g37	28.333	180	117	5	72	246	2590	2762	2.56e-11	65.5
PfIT_100044000|CIDRa|1|477|724	QE0419-C.g44	100.000	248	0	0	1	248	477	724	1.93e-167	514
PfIT_100044000|CIDRa|1|477|724	QE0419-C.g44	28.333	180	117	5	72	246	2544	2716	2.44e-11	65.9
PfIT_100044000|CIDRa|1|477|724	PV0195-C.g18	100.000	248	0	0	1	248	477	724	1.93e-167	514
PfIT_100044000|CIDRa|1|477|724	PV0195-C.g18	28.333	180	117	5	72	246	2544	2716	2.44e-11	65.9
PfIT_100044000|DBLb|1|733|1153	PH0059-C.g371	100.000	421	0	0	1	421	120	540	0.0	875
PfIT_100044000|DBLb|1|733|1153	PH0059-C.g371	27.751	209	117	7	148	339	668	859	1.67e-18	90.9
PfIT_100044000|DBLb|1|733|1153	QE0419-C.g44	100.000	421	0	0	1	421	733	1153	0.0	874
PfIT_100044000|DBLb|1|733|1153	QE0419-C.g44	32.270	282	143	10	77	329	133	395	1.85e-29	124
PfIT_100044000|DBLb|1|733|1153	QE0419-C.g44	27.751	209	117	7	148	339	1281	1472	1.17e-18	91.3
PfIT_100044000|DBLb|1|733|1153	PV0195-C.g18	100.000	421	0	0	1	421	733	1153	0.0	874
PfIT_100044000|DBLb|1|733|1153	PV0195-C.g18	32.270	282	143	10	77	329	133	395	1.85e-29	124
PfIT_100044000|DBLb|1|733|1153	PV0195-C.g18	27.751	209	117	7	148	339	1281	1472	1.17e-18	91.3
PfIT_100044000|DBLb|1|733|1153	PH0549-C.g221	100.000	421	0	0	1	421	733	1153	0.0	874
PfIT_100044000|DBLb|1|733|1153	PH0549-C.g221	32.270	282	143	10	77	329	133	395	1.85e-29	124
PfIT_100044000|DBLb|1|733|1153	PH0549-C.g221	27.751	209	117	7	148	339	1281	1472	1.17e-18	91.3
PfIT_100044000|DBLb|1|733|1153	PH0121-CW.g37	100.000	421	0	0	1	421	733	1153	0.0	874
PfIT_100044000|DBLb|1|733|1153	PH0121-CW.g37	32.270	282	143	10	77	329	133	395	2.06e-29	124
PfIT_100044000|DBLb|1|733|1153	PH0121-CW.g37	27.751	209	117	7	148	339	1281	1472	1.29e-18	91.3
PfIT_100044000|DBLg|1|1168|1545	PV0287-C.g10	100.000	378	0	0	1	378	1696	2073	0.0	799
PfIT_100044000|DBLg|1|1168|1545	PV0287-C.g10	37.922	385	186	12	1	378	2080	2418	1.62e-63	222
PfIT_100044000|DBLg|1|1168|1545	PV0287-C.g10	29.340	409	173	15	1	297	2489	2893	1.16e-38	149
PfIT_100044000|DBLg|1|1168|1545	PV0287-C.g10	26.398	322	183	13	1	295	774	1068	5.22e-20	94.7
PfIT_100044000|DBLg|1|1168|1545	PV0287-C.g10	25.083	303	148	11	40	302	1315	1578	2.43e-19	92.4
PfIT_100044000|DBLg|1|1168|1545	PV0287-C.g10	23.050	282	171	8	42	295	107	370	2.97e-12	70.9
PfIT_100044000|DBLg|1|1168|1545	PD0667-C.g1110	100.000	378	0	0	1	378	1168	1545	0.0	798
PfIT_100044000|DBLg|1|1168|1545	PD0667-C.g1110	39.948	388	195	13	1	378	1552	1911	4.20e-70	241
PfIT_100044000|DBLg|1|1168|1545	PD0667-C.g1110	29.340	409	173	15	1	297	1990	2394	9.71e-39	150
PfIT_100044000|DBLg|1|1168|1545	PD0667-C.g1110	27.861	201	113	7	114	298	880	1064	4.46e-13	73.6
PfIT_100044000|DBLg|1|1168|1545	PD0667-C.g1110	23.404	282	172	11	43	295	129	395	1.31e-11	68.9
PfIT_100044000|DBLg|1|1168|1545	QE0419-C.g44	100.000	378	0	0	1	378	1168	1545	0.0	798
PfIT_100044000|DBLg|1|1168|1545	QE0419-C.g44	39.948	388	195	13	1	378	1552	1911	4.19e-71	244
PfIT_100044000|DBLg|1|1168|1545	QE0419-C.g44	29.340	409	173	15	1	297	1990	2394	1.04e-38	150
PfIT_100044000|DBLg|1|1168|1545	QE0419-C.g44	27.861	201	113	7	114	298	880	1064	4.62e-13	73.6
PfIT_100044000|DBLg|1|1168|1545	QE0419-C.g44	23.404	282	172	11	43	295	129	395	1.42e-11	68.9
PfIT_100044000|DBLg|1|1168|1545	PV0195-C.g18	100.000	378	0	0	1	378	1168	1545	0.0	798
PfIT_100044000|DBLg|1|1168|1545	PV0195-C.g18	39.948	388	195	13	1	378	1552	1911	4.19e-71	244
PfIT_100044000|DBLg|1|1168|1545	PV0195-C.g18	29.340	409	173	15	1	297	1990	2394	1.04e-38	150
PfIT_100044000|DBLg|1|1168|1545	PV0195-C.g18	27.861	201	113	7	114	298	880	1064	4.62e-13	73.6
PfIT_100044000|DBLg|1|1168|1545	PV0195-C.g18	23.404	282	172	11	43	295	129	395	1.42e-11	68.9
PfIT_100044000|DBLg|1|1168|1545	PH0549-C.g221	100.000	378	0	0	1	378	1168	1545	0.0	798
PfIT_100044000|DBLg|1|1168|1545	PH0549-C.g221	39.948	388	195	13	1	378	1552	1911	4.19e-71	244
PfIT_100044000|DBLg|1|1168|1545	PH0549-C.g221	29.340	409	173	15	1	297	1990	2394	1.04e-38	150
PfIT_100044000|DBLg|1|1168|1545	PH0549-C.g221	27.861	201	113	7	114	298	880	1064	4.62e-13	73.6
PfIT_100044000|DBLg|1|1168|1545	PH0549-C.g221	23.404	282	172	11	43	295	129	395	1.42e-11	68.9
PfIT_100044000|DBLg|2|1552|1911	QE0419-C.g44	100.000	360	0	0	1	360	1552	1911	0.0	742
PfIT_100044000|DBLg|2|1552|1911	QE0419-C.g44	39.948	388	195	13	1	360	1168	1545	3.09e-77	261
PfIT_100044000|DBLg|2|1552|1911	QE0419-C.g44	26.950	423	181	15	1	299	1990	2408	6.81e-25	108
PfIT_100044000|DBLg|2|1552|1911	QE0419-C.g44	24.296	284	153	11	47	284	129	396	1.11e-10	65.9
PfIT_100044000|DBLg|2|1552|1911	PV0195-C.g18	100.000	360	0	0	1	360	1552	1911	0.0	742
PfIT_100044000|DBLg|2|1552|1911	PV0195-C.g18	39.948	388	195	13	1	360	1168	1545	3.09e-77	261
PfIT_100044000|DBLg|2|1552|1911	PV0195-C.g18	26.950	423	181	15	1	299	1990	2408	6.81e-25	108
PfIT_100044000|DBLg|2|1552|1911	PV0195-C.g18	24.296	284	153	11	47	284	129	396	1.11e-10	65.9
PfIT_100044000|DBLg|2|1552|1911	PH0549-C.g221	100.000	360	0	0	1	360	1552	1911	0.0	742
PfIT_100044000|DBLg|2|1552|1911	PH0549-C.g221	39.948	388	195	13	1	360	1168	1545	3.09e-77	261
PfIT_100044000|DBLg|2|1552|1911	PH0549-C.g221	26.950	423	181	15	1	299	1990	2408	6.81e-25	108
PfIT_100044000|DBLg|2|1552|1911	PH0549-C.g221	24.296	284	153	11	47	284	129	396	1.11e-10	65.9
PfIT_100044000|DBLg|2|1552|1911	PH0121-CW.g37	100.000	360	0	0	1	360	1552	1911	0.0	742
PfIT_100044000|DBLg|2|1552|1911	PH0121-CW.g37	39.948	388	195	13	1	360	1168	1545	3.31e-77	261
PfIT_100044000|DBLg|2|1552|1911	PH0121-CW.g37	29.362	235	104	7	1	176	1990	2221	1.79e-17	86.7
PfIT_100044000|DBLg|2|1552|1911	PH0121-CW.g37	24.296	284	153	11	47	284	129	396	1.13e-10	65.9
PfIT_100044000|DBLg|2|1552|1911	PH0117-C.g33	100.000	360	0	0	1	360	221	580	0.0	741
PfIT_100044000|DBLg|2|1552|1911	PH0117-C.g33	40.000	220	110	7	157	360	1	214	6.68e-40	152
PfIT_100044000|DBLg|2|1552|1911	PH0117-C.g33	26.950	423	181	15	1	299	659	1077	2.51e-25	109
PfIT_100044000|DBLd|1|1990|2458	PH0059-C.g550	100.000	469	0	0	1	469	320	788	0.0	972
PfIT_100044000|DBLd|1|1990|2458	PV0287-C.g10	100.000	469	0	0	1	469	2489	2957	0.0	971
PfIT_100044000|DBLd|1|1990|2458	PV0287-C.g10	29.340	409	173	15	1	405	1696	1992	4.42e-39	154
PfIT_100044000|DBLd|1|1990|2458	PV0287-C.g10	28.701	331	134	12	1	327	2080	2312	2.28e-23	106
PfIT_100044000|DBLd|1|1990|2458	PV0287-C.g10	23.669	338	188	9	148	469	166	449	1.02e-16	85.9
PfIT_100044000|DBLd|1|1990|2458	PD0667-C.g1110	100.000	469	0	0	1	469	1990	2458	0.0	971
PfIT_100044000|DBLd|1|1990|2458	PD0667-C.g1110	29.340	409	173	15	1	405	1168	1464	4.66e-39	153
PfIT_100044000|DBLd|1|1990|2458	PD0667-C.g1110	27.762	353	153	12	1	349	1552	1806	4.93e-22	102
PfIT_100044000|DBLd|1|1990|2458	PD0667-C.g1110	22.441	254	149	7	155	406	191	398	2.61e-11	68.9
PfIT_100044000|DBLd|1|1990|2458	QE0419-C.g44	100.000	469	0	0	1	469	1990	2458	0.0	970
PfIT_100044000|DBLd|1|1990|2458	QE0419-C.g44	29.340	409	173	15	1	405	1168	1464	5.26e-39	153
PfIT_100044000|DBLd|1|1990|2458	QE0419-C.g44	28.045	353	152	12	1	349	1552	1806	2.47e-23	106
PfIT_100044000|DBLd|1|1990|2458	QE0419-C.g44	22.441	254	149	7	155	406	191	398	2.77e-11	68.6
PfIT_100044000|DBLd|1|1990|2458	PV0195-C.g18	100.000	469	0	0	1	469	1990	2458	0.0	970
PfIT_100044000|DBLd|1|1990|2458	PV0195-C.g18	29.340	409	173	15	1	405	1168	1464	5.26e-39	153
PfIT_100044000|DBLd|1|1990|2458	PV0195-C.g18	28.045	353	152	12	1	349	1552	1806	2.47e-23	106
PfIT_100044000|DBLd|1|1990|2458	PV0195-C.g18	22.441	254	149	7	155	406	191	398	2.77e-11	68.6
PfIT_100044000|CIDRb|1|2459|2721	PH0059-C.g550	100.000	263	0	0	1	263	789	1051	0.0	541
PfIT_100044000|CIDRb|1|2459|2721	PH0121-CW.g37	100.000	263	0	0	1	263	2505	2767	1.14e-174	536
PfIT_100044000|CIDRb|1|2459|2721	PH0121-CW.g37	27.624	181	119	5	86	259	548	723	9.12e-11	64.3
PfIT_100044000|CIDRb|1|2459|2721	PV0287-C.g10	100.000	263	0	0	1	263	2958	3220	1.61e-174	535
PfIT_100044000|CIDRb|1|2459|2721	PV0287-C.g10	23.664	262	176	8	5	258	454	699	5.22e-09	58.9
PfIT_100044000|CIDRb|1|2459|2721	PD0667-C.g1110	100.000	263	0	0	1	263	2459	2721	1.90e-174	535
PfIT_100044000|CIDRb|1|2459|2721	PD0667-C.g1110	27.624	181	119	5	86	259	548	723	9.02e-11	64.3
PfIT_100044000|CIDRb|1|2459|2721	QE0419-C.g44	100.000	263	0	0	1	263	2459	2721	1.98e-174	535
PfIT_100044000|CIDRb|1|2459|2721	QE0419-C.g44	27.624	181	119	5	86	259	548	723	8.46e-11	64.3
PfIT_100044000|ATS|1|2858|3284	PD0569-C.g128	81.093	439	69	5	1	427	2498	2934	0.0	687
PfIT_100044000|ATS|1|2858|3284	PC0113-C.g1115	80.374	428	77	3	1	427	3496	3917	0.0	677
PfIT_100044000|ATS|1|2858|3284	PH0148-CW.g99	80.278	431	78	6	1	427	896	1323	0.0	672
PfIT_100044000|ATS|1|2858|3284	PFKE11.g264	76.652	454	74	7	1	427	2779	3227	0.0	669
PfIT_100044000|ATS|1|2858|3284	PFKE07.g1073	78.738	428	75	4	1	427	3671	4083	0.0	662
PfIT_100044100|NTS|1|1|59	QE0419-C.g252	100.000	59	0	0	1	59	1	59	3.04e-35	126
PfIT_100044100|NTS|1|1|59	PT0095-C.g684	83.051	59	10	0	1	59	1	59	2.12e-27	104
PfIT_100044100|NTS|1|1|59	PT0109-C.g666	79.310	58	12	0	1	58	1	58	1.61e-25	99.0
PfIT_100044100|NTS|1|1|59	PM0020-C.g1408	67.241	58	19	0	2	59	5	62	1.43e-20	84.7
PfIT_100044100|NTS|1|1|59	QG0296-C.g5466	66.102	59	20	0	1	59	1	59	3.71e-20	83.6
PfIT_100044100|DBLa|1|62|490	QE0419-C.g252	100.000	429	0	0	1	429	62	490	0.0	894
PfIT_100044100|DBLa|1|62|490	QE0419-C.g252	35.484	310	159	10	54	352	869	1148	3.51e-37	147
PfIT_100044100|DBLa|1|62|490	QE0419-C.g252	26.667	240	113	8	137	329	1873	2096	4.64e-14	77.0
PfIT_100044100|DBLa|1|62|490	QE0419-C.g252	27.215	158	92	4	171	326	1396	1532	6.48e-10	63.9
PfIT_100044100|DBLa|1|62|490	PM0157-C.g227	72.146	438	105	8	1	429	64	493	0.0	620
PfIT_100044100|DBLa|1|62|490	PM0157-C.g227	37.217	309	156	11	54	352	873	1153	8.17e-40	154
PfIT_100044100|DBLa|1|62|490	PM0157-C.g227	33.628	113	63	3	230	332	1954	2064	8.12e-10	63.5
PfIT_100044100|DBLa|1|62|490	PM0157-C.g227	22.006	309	178	11	37	326	1280	1544	7.01e-08	57.4
PfIT_100044100|DBLa|1|62|490	SenT231.08.g263	71.652	448	99	9	1	429	65	503	0.0	618
PfIT_100044100|DBLa|1|62|490	SenT231.08.g263	33.333	318	153	12	54	352	883	1160	2.55e-32	132
PfIT_100044100|DBLa|1|62|490	SenT231.08.g263	29.936	157	82	5	180	331	1425	1558	5.59e-12	70.5
PfIT_100044100|DBLa|1|62|490	PM0090-C.g101	71.652	448	99	9	1	429	65	503	0.0	617
PfIT_100044100|DBLa|1|62|490	PM0090-C.g101	33.333	318	153	12	54	352	883	1160	3.29e-32	132
PfIT_100044100|DBLa|1|62|490	PM0090-C.g101	24.549	277	156	6	113	337	1892	2167	3.28e-16	84.0
PfIT_100044100|DBLa|1|62|490	PM0090-C.g101	29.936	157	82	5	180	331	1425	1558	7.58e-12	70.1
PfIT_100044100|DBLa|1|62|490	SenP051.02.g94	71.652	448	99	9	1	429	65	503	0.0	617
PfIT_100044100|DBLa|1|62|490	SenP051.02.g94	33.333	318	153	12	54	352	883	1160	5.33e-32	131
PfIT_100044100|DBLa|1|62|490	SenP051.02.g94	29.936	157	82	5	180	331	1425	1558	6.59e-12	70.5
PfIT_100044100|DBLa|1|62|490	SenP051.02.g94	32.000	100	68	0	230	329	2071	2170	2.89e-10	65.1
PfIT_100044100|CIDRa|1|491|741	PV0287-C.g56	100.000	251	0	0	1	251	44	294	1.08e-170	520
PfIT_100044100|CIDRa|1|491|741	QE0419-C.g252	100.000	251	0	0	1	251	491	741	5.59e-170	521
PfIT_100044100|CIDRa|1|491|741	PA0026-C.g43	94.048	252	14	1	1	251	183	434	2.09e-149	455
PfIT_100044100|CIDRa|1|491|741	SenT231.08.g263	94.048	252	14	1	1	251	504	755	2.09e-148	457
PfIT_100044100|CIDRa|1|491|741	PA0057-C.g500	94.048	252	14	1	1	251	504	755	2.59e-148	454
PfIT_100044100|DBLb|1|758|1227	QE0419-C.g252	100.000	470	0	0	1	470	758	1227	0.0	991
PfIT_100044100|DBLb|1|758|1227	QE0419-C.g252	35.484	310	159	10	112	391	115	413	2.42e-37	148
PfIT_100044100|DBLb|1|758|1227	QE0419-C.g252	23.611	288	177	10	96	367	1273	1533	2.03e-11	69.3
PfIT_100044100|DBLb|1|758|1227	PV0287-C.g56	100.000	470	0	0	1	470	311	780	0.0	989
PfIT_100044100|DBLb|1|758|1227	PV0287-C.g56	21.951	287	183	9	96	367	827	1087	1.16e-09	63.5
PfIT_100044100|DBLb|1|758|1227	QG0247-C.g2010	91.494	482	29	2	1	470	828	1309	0.0	909
PfIT_100044100|DBLb|1|758|1227	QG0247-C.g2010	32.087	321	176	15	17	302	14	327	7.51e-29	123
PfIT_100044100|DBLb|1|758|1227	QG0247-C.g2010	24.908	273	149	12	111	358	1377	1618	6.63e-08	57.8
PfIT_100044100|DBLb|1|758|1227	QG0247-C.g2010	28.481	158	85	6	176	305	1911	2068	4.52e-07	55.1
PfIT_100044100|DBLb|1|758|1227	PM0157-C.g227	90.486	473	40	2	1	470	762	1232	0.0	891
PfIT_100044100|DBLb|1|758|1227	PM0157-C.g227	31.788	302	166	10	112	381	118	411	5.45e-30	126
PfIT_100044100|DBLb|1|758|1227	PM0157-C.g227	24.632	272	168	9	111	367	1296	1545	2.32e-12	72.0
PfIT_100044100|DBLb|1|758|1227	PFKE12.g210	82.195	483	59	5	1	470	766	1234	0.0	804
PfIT_100044100|DBLb|1|758|1227	PFKE12.g210	32.203	295	152	9	112	366	118	404	1.41e-28	122
PfIT_100044100|DBLb|1|758|1227	PFKE12.g210	25.347	288	146	13	111	367	1302	1551	6.60e-12	70.9
PfIT_100044100|DBLg|1|1245|1602	PV0287-C.g19	100.000	358	0	0	1	358	1334	1691	0.0	750
PfIT_100044100|DBLg|1|1245|1602	PV0287-C.g19	24.130	431	176	15	16	298	1765	2192	7.57e-22	99.8
PfIT_100044100|DBLg|1|1245|1602	PV0287-C.g19	25.614	285	160	11	29	288	940	1197	1.50e-12	71.6
PfIT_100044100|DBLg|1|1245|1602	PV0287-C.g19	20.195	307	181	9	36	289	104	399	1.06e-08	59.7
PfIT_100044100|DBLg|1|1245|1602	QE0419-C.g252	100.000	358	0	0	1	358	1245	1602	0.0	749
PfIT_100044100|DBLg|1|1245|1602	QE0419-C.g252	24.130	431	176	15	16	298	1676	2103	8.74e-22	99.4
PfIT_100044100|DBLg|1|1245|1602	QE0419-C.g252	23.611	288	177	10	29	289	853	1124	2.72e-11	67.8
PfIT_100044100|DBLg|1|1245|1602	QE0419-C.g252	27.215	158	92	4	152	288	232	387	5.14e-10	63.5
PfIT_100044100|DBLg|1|1245|1602	PV0287-C.g56	82.682	358	61	1	1	358	799	1155	0.0	612
PfIT_100044100|DBLg|1|1245|1602	PV0287-C.g56	30.746	335	140	10	36	284	1265	1593	9.00e-35	137
PfIT_100044100|DBLg|1|1245|1602	PV0287-C.g56	23.611	288	177	10	29	289	406	677	2.88e-11	67.4
PfIT_100044100|DBLg|1|1245|1602	PM0085-C.g208	80.223	359	68	3	1	358	1334	1690	0.0	585
PfIT_100044100|DBLg|1|1245|1602	PM0085-C.g208	25.614	285	160	11	29	288	940	1197	1.23e-12	71.6
PfIT_100044100|DBLg|1|1245|1602	PM0085-C.g208	19.868	302	188	7	36	289	104	399	6.68e-09	60.1
PfIT_100044100|DBLg|1|1245|1602	PA0237-C.g344	80.223	359	68	3	1	358	1334	1690	0.0	584
PfIT_100044100|DBLg|1|1245|1602	PA0237-C.g344	29.306	389	163	13	1	284	1727	2108	3.76e-34	135
PfIT_100044100|DBLg|1|1245|1602	PA0237-C.g344	26.471	272	148	11	29	275	940	1184	1.38e-12	71.6
PfIT_100044100|DBLg|1|1245|1602	PA0237-C.g344	19.868	302	188	7	36	289	104	399	9.33e-09	59.7
PfIT_100044100|DBLd|1|1636|2160	QE0419-C.g252	100.000	525	0	0	1	525	1636	2160	0.0	1081
PfIT_100044100|DBLd|1|1636|2160	QE0419-C.g252	23.992	471	182	16	1	468	1245	1542	9.18e-22	102
PfIT_100044100|DBLd|1|1636|2160	QE0419-C.g252	26.667	240	113	8	238	461	198	390	5.51e-14	77.8
PfIT_100044100|DBLd|1|1636|2160	PV0287-C.g19	100.000	525	0	0	1	525	1725	2249	0.0	1080
PfIT_100044100|DBLd|1|1636|2160	PV0287-C.g19	23.992	471	182	16	1	468	1334	1631	1.08e-21	102
PfIT_100044100|DBLd|1|1636|2160	PV0287-C.g19	31.897	116	55	4	353	458	297	398	2.40e-08	59.7
PfIT_100044100|DBLd|1|1636|2160	PA0232-C.g893	51.264	554	207	17	1	525	910	1429	1.88e-158	495
PfIT_100044100|DBLd|1|1636|2160	PA0232-C.g893	26.537	309	162	12	232	513	208	478	6.66e-11	67.8
PfIT_100044100|DBLd|1|1636|2160	PA0158-C.g745	51.494	569	209	19	1	525	907	1452	7.60e-153	481
PfIT_100044100|DBLd|1|1636|2160	PA0158-C.g745	25.641	234	120	7	239	458	214	407	9.76e-12	70.5
PfIT_100044100|DBLd|1|1636|2160	PM0113-C.g18	51.852	540	197	14	1	525	1807	2298	2.45e-152	484
PfIT_100044100|DBLd|1|1636|2160	PM0113-C.g18	26.905	420	167	14	48	464	1345	1627	3.43e-30	128
PfIT_100044100|DBLd|1|1636|2160	PM0113-C.g18	37.158	183	96	8	352	525	286	458	1.70e-19	95.1
PfIT_100044100|CIDRb|1|2161|2412	PV0287-C.g19	100.000	252	0	0	1	252	2250	2501	5.15e-169	518
PfIT_100044100|CIDRb|1|2161|2412	QE0419-C.g252	100.000	252	0	0	1	252	2161	2412	8.84e-169	518
PfIT_100044100|CIDRb|1|2161|2412	PF0456-C.g485	81.028	253	46	2	2	252	1284	1536	8.78e-122	382
PfIT_100044100|CIDRb|1|2161|2412	PF0456-C.g485	25.676	222	136	9	35	239	514	723	3.74e-08	56.2
PfIT_100044100|CIDRb|1|2161|2412	QE0465-C.g654	81.301	246	44	2	2	245	1312	1557	1.94e-117	370
PfIT_100044100|CIDRb|1|2161|2412	QE0424-C.g699	75.385	260	55	4	2	252	1328	1587	8.94e-113	357
PfIT_100044100|ATS|1|2501|3015	PV0028-C.g54	73.308	532	94	9	1	515	1750	2250	0.0	692
PfIT_100044100|ATS|1|2501|3015	PH0121-CW.g61	70.307	522	99	12	1	515	1474	1946	0.0	664
PfIT_100044100|ATS|1|2501|3015	PV0028-C.g48	63.002	573	91	10	1	515	2649	3158	0.0	660
PfIT_100044100|ATS|1|2501|3015	QE0436-C.g670	70.115	522	135	10	2	515	1708	2216	0.0	660
PfIT_100044100|ATS|1|2501|3015	PV0139-C.g130	68.659	552	89	10	1	515	874	1378	0.0	654
PfIT_110005600|NTS|1|1|59	PH0999-C.g733	100.000	59	0	0	1	59	1	59	2.60e-35	126
PfIT_110005600|NTS|1|1|59	PH0578-C.g373	100.000	59	0	0	1	59	1	59	2.60e-35	126
PfIT_110005600|NTS|1|1|59	PH0560-C.g598	100.000	59	0	0	1	59	1	59	2.60e-35	126
PfIT_110005600|NTS|1|1|59	PH0542-C.g1198	100.000	59	0	0	1	59	1	59	2.60e-35	126
PfIT_110005600|NTS|1|1|59	PH0540-C.g665	100.000	59	0	0	1	59	1	59	2.60e-35	126
PfIT_110005600|DBLa|1|60|510	PD0472-C.g628	100.000	451	0	0	1	451	60	510	0.0	941
PfIT_110005600|DBLa|1|60|510	PD0472-C.g628	29.612	206	112	6	250	451	1244	1420	4.40e-14	77.4
PfIT_110005600|DBLa|1|60|510	PH0999-C.g733	100.000	451	0	0	1	451	60	510	0.0	940
PfIT_110005600|DBLa|1|60|510	PH0999-C.g733	24.234	359	201	13	122	451	1061	1377	2.25e-13	75.1
PfIT_110005600|DBLa|1|60|510	PH0578-C.g373	100.000	451	0	0	1	451	60	510	0.0	940
PfIT_110005600|DBLa|1|60|510	PH0578-C.g373	24.234	359	201	13	122	451	1061	1377	2.25e-13	75.1
PfIT_110005600|DBLa|1|60|510	PH0560-C.g598	100.000	451	0	0	1	451	60	510	0.0	940
PfIT_110005600|DBLa|1|60|510	PH0560-C.g598	24.234	359	201	13	122	451	1061	1377	2.25e-13	75.1
PfIT_110005600|DBLa|1|60|510	PH0542-C.g1198	100.000	451	0	0	1	451	60	510	0.0	940
PfIT_110005600|DBLa|1|60|510	PH0542-C.g1198	24.234	359	201	13	122	451	1061	1377	2.25e-13	75.1
PfIT_110005600|CIDRa|1|511|804	PD0472-C.g628	100.000	294	0	0	1	294	511	804	0.0	603
PfIT_110005600|CIDRa|1|511|804	PD0585-C.g861	100.000	294	0	0	1	294	515	808	0.0	602
PfIT_110005600|CIDRa|1|511|804	PH0325-C.g568	99.660	294	1	0	1	294	139	432	0.0	602
PfIT_110005600|CIDRa|1|511|804	PH0999-C.g733	99.660	294	1	0	1	294	511	804	0.0	601
PfIT_110005600|CIDRa|1|511|804	PH0578-C.g373	99.660	294	1	0	1	294	511	804	0.0	601
PfIT_110005600|DBLd|1|889|1410	QE0412-C.g882	81.835	534	62	11	1	522	876	1386	0.0	849
PfIT_110005600|DBLd|1|889|1410	QE0412-C.g882	26.042	288	133	10	224	487	184	415	5.90e-12	71.2
PfIT_110005600|DBLd|1|889|1410	PD0474-C.g1007	84.130	523	45	4	1	522	826	1311	0.0	843
PfIT_110005600|DBLd|1|889|1410	PD0474-C.g1007	31.683	101	65	2	346	446	296	392	3.15e-11	68.9
PfIT_110005600|DBLd|1|889|1410	PH0497-CW.g619	71.028	535	104	10	1	522	856	1352	0.0	708
PfIT_110005600|DBLd|1|889|1410	PH0497-CW.g619	31.694	183	105	6	358	522	311	491	5.15e-14	77.8
PfIT_110005600|DBLd|1|889|1410	PH0643-C.g840	59.738	534	148	11	1	522	896	1374	1.44e-176	543
PfIT_110005600|DBLd|1|889|1410	PH0643-C.g840	31.618	136	85	4	322	453	285	416	7.46e-11	67.8
PfIT_110005600|DBLd|1|889|1410	QE0471-C.g829	53.943	558	183	14	1	522	839	1358	4.19e-165	512
PfIT_110005600|DBLd|1|889|1410	QE0471-C.g829	33.511	188	104	8	354	522	300	485	1.45e-18	92.0
PfIT_110005600|CIDRb|1|1411|1664	QE0412-C.g882	100.000	254	0	0	1	254	1387	1640	1.14e-171	518
PfIT_110005600|CIDRb|1|1411|1664	PH0497-CW.g619	100.000	254	0	0	1	254	1353	1606	5.08e-171	516
PfIT_110005600|CIDRb|1|1411|1664	PD0474-C.g1007	100.000	254	0	0	1	254	1312	1565	5.45e-171	515
PfIT_110005600|CIDRb|1|1411|1664	PD0474-C.g1007	25.275	182	103	5	1	170	488	648	1.21e-08	57.8
PfIT_110005600|CIDRb|1|1411|1664	QE0471-C.g829	99.606	254	1	0	1	254	1359	1612	2.39e-170	514
PfIT_110005600|CIDRb|1|1411|1664	QE0471-C.g829	35.338	133	76	4	125	254	606	731	4.58e-09	58.9
PfIT_110005600|CIDRb|1|1411|1664	QG0237-C.g2942	89.494	257	24	2	1	254	1350	1606	9.98e-150	459
PfIT_110005600|ATS|1|1777|2219	PV0211-C.g136	98.416	442	6	1	2	443	837	1277	0.0	881
PfIT_110005600|ATS|1|1777|2219	PC0097-C.g664	78.681	455	78	9	1	443	2364	2811	0.0	677
PfIT_110005600|ATS|1|1777|2219	PA0245-C.g391	79.688	448	74	8	1	443	2512	2947	0.0	669
PfIT_110005600|ATS|1|1777|2219	PT0170-C.g672	74.310	471	80	6	1	443	1768	2225	0.0	664
PfIT_110005600|ATS|1|1777|2219	PFKE09.g563	78.396	449	84	9	1	443	775	1216	0.0	658
PfIT_120005500|NTS|1|1|61	PH0592-C.g573	100.000	61	0	0	1	61	1	61	2.14e-34	124
PfIT_120005500|NTS|1|1|61	PV0239-C.g67	100.000	61	0	0	1	61	1	61	2.34e-34	124
PfIT_120005500|NTS|1|1|61	PA0220-C.g530	70.492	61	17	1	1	61	1	60	1.51e-20	84.7
PfIT_120005500|NTS|1|1|61	PF0037-C.g715	73.770	61	16	0	1	61	1	61	3.14e-20	84.0
PfIT_120005500|NTS|1|1|61	PT0299-Cx.g3219	80.392	51	9	1	1	51	1	50	7.40e-20	82.8
PfIT_120005500|DBLa|1|62|505	PV0239-C.g67	96.180	445	16	1	1	444	62	506	0.0	888
PfIT_120005500|DBLa|1|62|505	PV0239-C.g67	26.705	352	200	11	130	444	1122	1452	5.54e-15	80.1
PfIT_120005500|DBLa|1|62|505	PH0592-C.g573	96.180	445	16	1	1	444	62	506	0.0	886
PfIT_120005500|DBLa|1|62|505	PH0592-C.g573	29.545	176	103	6	202	356	1138	1313	3.81e-16	83.6
PfIT_120005500|DBLa|1|62|505	PH0279-C.g65	73.742	457	99	7	1	444	61	509	0.0	669
PfIT_120005500|DBLa|1|62|505	PH0279-C.g65	27.612	268	143	9	202	444	1164	1405	1.29e-12	72.8
PfIT_120005500|DBLa|1|62|505	QE0476-C.g640	73.846	455	94	9	1	444	67	507	0.0	629
PfIT_120005500|DBLa|1|62|505	QE0476-C.g640	24.269	342	173	14	154	444	1140	1446	2.77e-12	71.6
PfIT_120005500|DBLa|1|62|505	PV0129-C.g45	66.882	465	132	6	1	444	61	524	0.0	592
PfIT_120005500|DBLa|1|62|505	PV0129-C.g45	27.228	202	108	9	200	367	1125	1321	9.84e-11	66.6
PfIT_120005500|CIDRa|1|506|805	QE0476-C.g640	97.651	298	7	0	1	298	508	805	0.0	609
PfIT_120005500|CIDRa|1|506|805	PV0239-C.g67	97.651	298	7	0	1	298	507	804	0.0	609
PfIT_120005500|CIDRa|1|506|805	PV0239-C.g67	31.765	85	58	0	120	204	1535	1619	3.46e-09	60.1
PfIT_120005500|CIDRa|1|506|805	PH0592-C.g573	97.651	298	7	0	1	298	507	804	0.0	607
PfIT_120005500|CIDRa|1|506|805	PH0592-C.g573	34.247	73	48	0	137	209	1472	1544	6.86e-08	56.2
PfIT_120005500|CIDRa|1|506|805	PT0027-C.g528	76.949	295	64	3	1	292	498	791	1.44e-150	464
PfIT_120005500|CIDRa|1|506|805	QG0260-C.g736	75.851	323	53	5	1	300	475	795	1.08e-148	459
PfIT_120005500|CIDRa|1|506|805	QG0260-C.g736	28.319	113	80	1	118	230	1470	1581	6.80e-09	59.3
PfIT_120005500|DBLd|1|896|1388	PD0532-C.g32	53.529	510	184	15	1	493	189	662	1.56e-156	474
PfIT_120005500|DBLd|1|896|1388	QE0469-C.g447	52.390	544	183	18	1	493	867	1385	2.17e-156	488
PfIT_120005500|DBLd|1|896|1388	QE0469-C.g447	22.289	332	175	8	195	493	209	490	1.05e-09	63.5
PfIT_120005500|DBLd|1|896|1388	SenT001.11.g1311	54.331	508	178	17	1	493	673	1141	6.26e-152	464
PfIT_120005500|DBLd|1|896|1388	PM0156-C.g446	54.086	514	181	19	1	493	874	1353	1.29e-151	475
PfIT_120005500|DBLd|1|896|1388	PD0585-C.g928	51.654	544	190	18	1	493	867	1388	1.54e-151	475
PfIT_120005500|DBLd|1|896|1388	PD0585-C.g928	22.289	332	175	8	195	493	209	490	9.25e-10	63.9
PfIT_120005500|CIDRb|1|1389|1642	PT0225-C.g643	100.000	254	0	0	1	254	1432	1685	2.59e-171	518
PfIT_120005500|CIDRb|1|1389|1642	QE0469-C.g447	100.000	254	0	0	1	254	1386	1639	9.16e-171	516
PfIT_120005500|CIDRb|1|1389|1642	QE0469-C.g447	39.535	86	52	0	84	169	609	694	5.01e-12	67.8
PfIT_120005500|CIDRb|1|1389|1642	PH0810-C.g561	100.000	254	0	0	1	254	1352	1605	1.16e-170	515
PfIT_120005500|CIDRb|1|1389|1642	PH0810-C.g561	39.535	86	52	0	84	169	572	657	4.82e-12	67.8
PfIT_120005500|CIDRb|1|1389|1642	PD0585-C.g928	100.000	254	0	0	1	254	1389	1642	1.16e-170	516
PfIT_120005500|CIDRb|1|1389|1642	PD0585-C.g928	39.535	86	52	0	84	169	609	694	5.30e-12	67.8
PfIT_120005500|CIDRb|1|1389|1642	PD0572-C.g732	100.000	254	0	0	1	254	1389	1642	1.16e-170	516
PfIT_120005500|CIDRb|1|1389|1642	PD0572-C.g732	39.535	86	52	0	84	169	609	694	5.30e-12	67.8
PfIT_120005500|ATS|1|1743|2199	PA0204-C.g659	82.068	474	67	6	1	457	1701	2173	0.0	734
PfIT_120005500|ATS|1|1743|2199	PA0245-C.g998	80.736	462	80	7	1	457	1706	2163	0.0	718
PfIT_120005500|ATS|1|1743|2199	PA0270-C.g443	81.641	463	71	9	1	457	2185	2639	0.0	717
PfIT_120005500|ATS|1|1743|2199	PC0097-C.g664	80.994	463	67	9	1	457	2364	2811	0.0	711
PfIT_120005500|ATS|1|1743|2199	PV0211-C.g126	75.049	509	71	9	1	457	841	1345	0.0	698
PfIT_120006100|NTSpam|1|1|51	PV0234-C.g120	100.000	51	0	0	1	51	1	51	7.19e-28	105
PfIT_120006100|NTSpam|1|1|51	PV0155-C.g4	100.000	51	0	0	1	51	1	51	8.82e-28	104
PfIT_120006100|NTSpam|1|1|51	PV0241-C.g24	100.000	51	0	0	1	51	1	51	1.24e-27	104
PfIT_120006100|NTSpam|1|1|51	PH0604-C.g231	100.000	51	0	0	1	51	1	51	1.27e-27	104
PfIT_120006100|NTSpam|1|1|51	PH0585-C.g184	100.000	51	0	0	1	51	1	51	1.27e-27	104
PfIT_120006100|DBLpam1|1|52|427	PH0549-C.g394	89.683	378	35	4	1	376	51	426	0.0	690
PfIT_120006100|DBLpam1|1|52|427	PH0549-C.g394	28.958	259	148	7	45	288	577	814	6.99e-22	100
PfIT_120006100|DBLpam1|1|52|427	PH0549-C.g394	29.655	290	149	16	33	321	2369	2604	1.33e-14	78.2
PfIT_120006100|DBLpam1|1|52|427	PH0549-C.g394	23.853	327	186	15	24	334	2020	2299	1.60e-10	65.5
PfIT_120006100|DBLpam1|1|52|427	PH0549-C.g394	25.828	302	156	12	43	309	1611	1879	1.91e-09	62.0
PfIT_120006100|DBLpam1|1|52|427	PH0549-C.g394	22.866	328	166	12	21	300	1233	1521	1.54e-08	59.3
PfIT_120006100|DBLpam1|1|52|427	PM0093-C.g460	88.564	376	42	1	1	375	52	427	0.0	686
PfIT_120006100|DBLpam1|1|52|427	PM0093-C.g460	30.389	283	152	11	25	285	556	815	3.01e-25	110
PfIT_120006100|DBLpam1|1|52|427	QE0466-C.g73	88.654	379	40	3	1	376	52	430	0.0	683
PfIT_120006100|DBLpam1|1|52|427	QE0466-C.g73	28.014	282	156	10	25	285	558	813	6.50e-23	103
PfIT_120006100|DBLpam1|1|52|427	QE0466-C.g73	30.677	251	121	14	45	290	2379	2581	6.16e-16	82.0
PfIT_120006100|DBLpam1|1|52|427	QE0466-C.g73	25.316	316	186	14	24	334	2030	2300	2.20e-13	74.3
PfIT_120006100|DBLpam1|1|52|427	QE0466-C.g73	24.484	339	182	12	3	300	1230	1535	4.40e-12	70.5
PfIT_120006100|DBLpam1|1|52|427	QE0466-C.g73	25.430	291	166	11	43	309	1625	1888	3.34e-09	61.2
PfIT_120006100|DBLpam1|1|52|427	PD0543-C.g218	88.654	379	40	3	1	376	52	430	0.0	683
PfIT_120006100|DBLpam1|1|52|427	PD0543-C.g218	28.014	282	156	10	25	285	558	813	6.21e-23	103
PfIT_120006100|DBLpam1|1|52|427	PD0543-C.g218	29.839	248	127	14	45	290	2379	2581	5.88e-16	82.4
PfIT_120006100|DBLpam1|1|52|427	PD0543-C.g218	25.316	316	186	14	24	334	2030	2300	2.24e-13	74.3
PfIT_120006100|DBLpam1|1|52|427	PD0543-C.g218	24.484	339	182	12	3	300	1230	1535	4.21e-12	70.5
PfIT_120006100|DBLpam1|1|52|427	PD0543-C.g218	25.430	291	166	11	43	309	1625	1888	3.23e-09	61.2
PfIT_120006100|DBLpam1|1|52|427	QE0461-C.g204	88.329	377	43	1	1	376	52	428	0.0	682
PfIT_120006100|DBLpam1|1|52|427	QE0461-C.g204	30.272	294	175	10	12	285	544	827	1.26e-26	114
PfIT_120006100|DBLpam1|1|52|427	QE0461-C.g204	30.078	256	126	13	45	296	2417	2623	5.09e-16	82.4
PfIT_120006100|DBLpam1|1|52|427	QE0461-C.g204	23.913	322	191	13	24	334	2061	2339	3.24e-13	73.9
PfIT_120006100|DBLpam1|1|52|427	QE0461-C.g204	25.000	356	170	17	3	300	1245	1561	6.32e-10	63.5
PfIT_120006100|DBLpam1|1|52|427	QE0461-C.g204	24.503	302	160	13	43	309	1651	1919	2.39e-09	61.6
PfIT_120006100|DBLpam2|1|527|966	PT0215-Cx.g654	83.929	448	58	3	1	440	526	967	0.0	749
PfIT_120006100|DBLpam2|1|527|966	PT0215-Cx.g654	30.078	256	143	8	52	287	96	335	6.00e-21	98.6
PfIT_120006100|DBLpam2|1|527|966	PT0215-Cx.g654	26.441	295	164	12	52	324	1622	1885	8.35e-14	76.3
PfIT_120006100|DBLpam2|1|527|966	PT0215-Cx.g654	27.700	213	114	9	47	259	2369	2541	6.37e-13	73.6
PfIT_120006100|DBLpam2|1|527|966	PT0215-Cx.g654	28.322	286	147	12	40	319	2030	2263	3.92e-12	71.2
PfIT_120006100|DBLpam2|1|527|966	PT0215-Cx.g654	27.519	258	152	8	54	288	1267	1512	1.49e-11	69.3
PfIT_120006100|DBLpam2|1|527|966	QG0208-C.g1155	83.929	448	58	3	1	440	526	967	0.0	747
PfIT_120006100|DBLpam2|1|527|966	QG0208-C.g1155	30.078	256	143	8	52	287	96	335	7.45e-21	98.2
PfIT_120006100|DBLpam2|1|527|966	QG0208-C.g1155	30.037	273	134	11	14	277	2316	2540	7.56e-19	92.0
PfIT_120006100|DBLpam2|1|527|966	QG0208-C.g1155	28.044	271	136	11	52	318	2028	2243	2.45e-13	75.1
PfIT_120006100|DBLpam2|1|527|966	QG0208-C.g1155	26.042	288	166	12	52	324	1614	1869	4.86e-13	73.9
PfIT_120006100|DBLpam2|1|527|966	QG0208-C.g1155	26.538	260	144	9	54	288	1267	1504	1.80e-11	68.9
PfIT_120006100|DBLpam2|1|527|966	QE0468-C.g256	83.700	454	54	4	1	440	529	976	0.0	740
PfIT_120006100|DBLpam2|1|527|966	QE0468-C.g256	32.685	257	137	9	52	287	96	337	3.49e-27	117
PfIT_120006100|DBLpam2|1|527|966	QE0468-C.g256	28.870	239	125	9	52	288	2396	2591	1.80e-17	87.8
PfIT_120006100|DBLpam2|1|527|966	QE0468-C.g256	26.102	295	171	11	52	324	1636	1905	4.33e-14	77.4
PfIT_120006100|DBLpam2|1|527|966	QE0468-C.g256	27.068	266	148	8	54	288	1276	1526	7.74e-14	76.6
PfIT_120006100|DBLpam2|1|527|966	QE0468-C.g256	27.586	290	147	13	40	318	2049	2286	4.37e-12	70.9
PfIT_120006100|DBLpam2|1|527|966	QE0403-Cx.g930	82.353	459	60	3	1	440	520	976	0.0	736
PfIT_120006100|DBLpam2|1|527|966	QE0403-Cx.g930	31.395	258	138	11	52	287	87	327	5.35e-25	110
PfIT_120006100|DBLpam2|1|527|966	QE0415-C.g159	82.353	459	60	3	1	440	529	985	0.0	734
PfIT_120006100|DBLpam2|1|527|966	QE0415-C.g159	32.171	258	136	11	52	287	96	336	9.33e-25	110
PfIT_120006100|DBLpam2|1|527|966	QE0415-C.g159	31.381	239	122	10	52	288	2391	2589	1.83e-17	87.8
PfIT_120006100|DBLpam2|1|527|966	QE0415-C.g159	25.510	294	174	8	52	324	1639	1908	2.02e-12	72.0
PfIT_120006100|DBLpam2|1|527|966	QE0415-C.g159	28.102	274	137	12	52	321	2068	2285	1.06e-11	69.7
PfIT_120006100|DBLpam2|1|527|966	QE0415-C.g159	25.475	263	151	7	54	288	1284	1529	4.83e-11	67.8
PfIT_120006100|CIDRpam|1|975|1202	QE0436-C.g316	96.930	228	7	0	1	228	987	1214	5.65e-147	454
PfIT_120006100|CIDRpam|1|975|1202	QE0463-C.g233	96.930	228	7	0	1	228	987	1214	9.13e-147	454
PfIT_120006100|CIDRpam|1|975|1202	QE0460-C.g270	96.930	228	7	0	1	228	987	1214	9.13e-147	454
PfIT_120006100|CIDRpam|1|975|1202	QE0432-C.g170	96.930	228	7	0	1	228	987	1214	9.13e-147	454
PfIT_120006100|CIDRpam|1|975|1202	QE0423-C.g69	96.930	228	7	0	1	228	987	1214	9.13e-147	454
PfIT_120006100|DBLpam3|1|1221|1576	PH0121-CW.g29	93.820	356	22	0	1	356	1242	1597	0.0	688
PfIT_120006100|DBLpam3|1|1221|1576	PH0121-CW.g29	24.375	320	182	10	18	310	69	355	1.24e-11	68.6
PfIT_120006100|DBLpam3|1|1221|1576	PH0121-CW.g29	24.407	295	162	13	42	314	1642	1897	5.05e-11	66.6
PfIT_120006100|DBLpam3|1|1221|1576	PH0121-CW.g29	23.396	265	155	11	42	306	2063	2279	4.06e-10	63.9
PfIT_120006100|DBLpam3|1|1221|1576	PH0121-CW.g29	24.476	286	157	8	40	294	582	839	2.23e-09	61.6
PfIT_120006100|DBLpam3|1|1221|1576	PH0121-CW.g29	22.930	314	159	12	40	332	2394	2645	1.28e-08	59.3
PfIT_120006100|DBLpam3|1|1221|1576	QE0410-C.g91	93.820	356	22	0	1	356	1242	1597	0.0	687
PfIT_120006100|DBLpam3|1|1221|1576	QE0410-C.g91	24.375	320	182	10	18	310	69	355	1.32e-11	68.6
PfIT_120006100|DBLpam3|1|1221|1576	QE0410-C.g91	24.407	295	162	13	42	314	1642	1897	6.19e-11	66.6
PfIT_120006100|DBLpam3|1|1221|1576	QE0410-C.g91	23.396	265	155	11	42	306	2063	2279	5.25e-10	63.5
PfIT_120006100|DBLpam3|1|1221|1576	QE0410-C.g91	24.476	286	157	8	40	294	582	839	2.73e-09	61.2
PfIT_120006100|DBLpam3|1|1221|1576	QE0410-C.g91	22.930	314	159	12	40	332	2394	2645	1.53e-08	58.9
PfIT_120006100|DBLpam3|1|1221|1576	PH0991-C.g134	93.820	356	22	0	1	356	1242	1597	0.0	687
PfIT_120006100|DBLpam3|1|1221|1576	PH0991-C.g134	24.375	320	182	10	18	310	69	355	1.03e-11	68.9
PfIT_120006100|DBLpam3|1|1221|1576	PH0991-C.g134	24.407	295	162	13	42	314	1642	1897	6.16e-11	66.6
PfIT_120006100|DBLpam3|1|1221|1576	PH0991-C.g134	23.396	265	155	11	42	306	2063	2279	5.97e-10	63.5
PfIT_120006100|DBLpam3|1|1221|1576	PH0991-C.g134	24.476	286	157	8	40	294	582	839	2.54e-09	61.6
PfIT_120006100|DBLpam3|1|1221|1576	PH0991-C.g134	22.930	314	159	12	40	332	2394	2645	1.41e-08	58.9
PfIT_120006100|DBLpam3|1|1221|1576	QE0469-C.g983	93.820	356	22	0	1	356	1242	1597	0.0	687
PfIT_120006100|DBLpam3|1|1221|1576	QE0469-C.g983	24.688	320	181	10	18	310	69	355	1.25e-11	68.6
PfIT_120006100|DBLpam3|1|1221|1576	QE0469-C.g983	24.555	281	153	8	45	294	587	839	2.48e-09	61.2
PfIT_120006100|DBLpam3|1|1221|1576	PD0667-C.g127	93.820	356	22	0	1	356	1242	1597	0.0	687
PfIT_120006100|DBLpam3|1|1221|1576	PD0667-C.g127	24.375	320	182	10	18	310	69	355	1.24e-11	68.6
PfIT_120006100|DBLpam3|1|1221|1576	PD0667-C.g127	24.407	295	162	13	42	314	1642	1897	6.49e-11	66.2
PfIT_120006100|DBLpam3|1|1221|1576	PD0667-C.g127	24.484	339	170	15	40	356	2394	2668	8.56e-11	65.9
PfIT_120006100|DBLpam3|1|1221|1576	PD0667-C.g127	23.396	265	155	11	42	306	2063	2279	6.63e-10	63.2
PfIT_120006100|DBLpam3|1|1221|1576	PD0667-C.g127	24.476	286	157	8	40	294	582	839	2.72e-09	61.2
PfIT_120006100|DBLe|1|1578|1909	QE0437-C.g228	94.675	338	12	1	1	332	1580	1917	0.0	661
PfIT_120006100|DBLe|1|1578|1909	QE0437-C.g228	28.302	265	158	8	43	303	2043	2279	6.07e-18	87.4
PfIT_120006100|DBLe|1|1578|1909	QE0437-C.g228	27.402	281	166	9	45	301	575	841	8.92e-16	80.9
PfIT_120006100|DBLe|1|1578|1909	QE0437-C.g228	22.759	290	169	12	44	293	1262	1536	1.17e-10	65.1
PfIT_120006100|DBLe|1|1578|1909	QE0437-C.g228	25.168	298	165	12	43	304	93	368	2.54e-10	64.3
PfIT_120006100|DBLe|1|1578|1909	QE0437-C.g228	24.679	312	162	15	1	289	2327	2588	7.94e-09	59.7
PfIT_120006100|DBLe|1|1578|1909	PD0555-C.g188	94.379	338	13	1	1	332	1580	1917	0.0	660
PfIT_120006100|DBLe|1|1578|1909	PD0555-C.g188	29.078	282	165	10	43	319	2043	2294	1.00e-19	92.8
PfIT_120006100|DBLe|1|1578|1909	PD0555-C.g188	27.402	281	166	9	45	301	575	841	8.68e-16	80.9
PfIT_120006100|DBLe|1|1578|1909	PD0555-C.g188	22.759	290	169	12	44	293	1262	1536	1.15e-10	65.5
PfIT_120006100|DBLe|1|1578|1909	PD0555-C.g188	25.168	298	165	12	43	304	93	368	2.70e-10	64.3
PfIT_120006100|DBLe|1|1578|1909	PD0555-C.g188	23.841	302	177	12	1	289	2337	2598	2.65e-09	61.2
PfIT_120006100|DBLe|1|1578|1909	QE0401-C.g310	94.880	332	17	0	1	332	1598	1929	0.0	654
PfIT_120006100|DBLe|1|1578|1909	QE0401-C.g310	28.409	264	146	8	44	303	2386	2610	5.39e-20	93.6
PfIT_120006100|DBLe|1|1578|1909	QE0401-C.g310	29.084	251	149	8	43	289	2053	2278	1.56e-18	89.4
PfIT_120006100|DBLe|1|1578|1909	QE0401-C.g310	23.077	273	168	9	44	290	1294	1550	2.56e-10	64.3
PfIT_120006100|DBLe|1|1578|1909	QE0401-C.g310	24.662	296	158	12	43	298	94	364	5.86e-09	60.1
PfIT_120006100|DBLe|1|1578|1909	PV0118-C.g24	94.880	332	17	0	1	332	1598	1929	0.0	654
PfIT_120006100|DBLe|1|1578|1909	PV0118-C.g24	28.409	264	146	8	44	303	2386	2610	5.05e-20	93.6
PfIT_120006100|DBLe|1|1578|1909	PV0118-C.g24	29.084	251	149	8	43	289	2053	2278	1.42e-18	89.4
PfIT_120006100|DBLe|1|1578|1909	PV0118-C.g24	23.077	273	168	9	44	290	1294	1550	2.29e-10	64.3
PfIT_120006100|DBLe|1|1578|1909	PV0118-C.g24	24.662	296	158	12	43	298	94	364	5.26e-09	60.1
PfIT_120006100|DBLe|1|1578|1909	PV0116-C.g170	94.880	332	17	0	1	332	219	550	0.0	651
PfIT_120006100|DBLe|1|1578|1909	PV0116-C.g170	29.084	251	149	8	43	289	674	899	1.22e-18	89.4
PfIT_120006100|DBLe|2|1987|2279	PA0207-C.g313	90.816	294	26	1	1	293	1986	2279	0.0	558
PfIT_120006100|DBLe|2|1987|2279	PA0207-C.g313	33.700	273	155	10	34	293	2346	2605	4.93e-31	124
PfIT_120006100|DBLe|2|1987|2279	PA0207-C.g313	28.866	291	157	10	49	289	1606	1896	2.46e-20	93.6
PfIT_120006100|DBLe|2|1987|2279	PA0207-C.g313	27.881	269	135	9	51	266	583	845	4.83e-14	74.7
PfIT_120006100|DBLe|2|1987|2279	PA0207-C.g313	26.697	221	119	10	44	223	1245	1463	2.54e-11	66.6
PfIT_120006100|DBLe|2|1987|2279	PA0207-C.g313	24.373	279	157	11	34	263	78	351	2.73e-11	66.6
PfIT_120006100|DBLe|2|1987|2279	QE0481-C.g227	88.737	293	30	1	1	293	642	931	0.0	542
PfIT_120006100|DBLe|2|1987|2279	QE0481-C.g227	30.224	268	165	9	34	293	999	1252	8.46e-24	103
PfIT_120006100|DBLe|2|1987|2279	QE0481-C.g227	30.241	291	153	11	49	289	262	552	3.29e-19	90.1
PfIT_120006100|DBLe|2|1987|2279	PH0932-C.g160	89.456	294	27	2	1	293	702	992	0.0	539
PfIT_120006100|DBLe|2|1987|2279	PH0932-C.g160	30.037	273	174	7	26	293	1052	1312	1.15e-28	117
PfIT_120006100|DBLe|2|1987|2279	PH0932-C.g160	28.986	276	160	10	50	289	337	612	4.69e-19	89.7
PfIT_120006100|DBLe|2|1987|2279	PH0932-C.g160	29.457	129	77	3	109	223	65	193	5.53e-08	56.2
PfIT_120006100|DBLe|2|1987|2279	PT0158-C.g868	89.037	301	25	1	1	293	718	1018	0.0	538
PfIT_120006100|DBLe|2|1987|2279	PT0158-C.g868	32.308	260	160	6	38	293	1091	1338	5.09e-30	121
PfIT_120006100|DBLe|2|1987|2279	PT0158-C.g868	27.986	293	156	12	50	289	339	629	6.30e-19	89.4
PfIT_120006100|DBLe|2|1987|2279	PT0158-C.g868	23.889	180	112	3	109	263	65	244	2.16e-10	63.5
PfIT_120006100|DBLe|2|1987|2279	PH0148-CW.g123	89.116	294	28	2	1	293	361	651	0.0	537
PfIT_120006100|DBLe|2|1987|2279	PH0148-CW.g123	30.037	273	174	7	26	293	711	971	9.50e-29	117
PfIT_120006100|DBLe|2|1987|2279	PH0148-CW.g123	28.148	270	154	11	58	289	4	271	1.94e-14	75.9
PfIT_120006100|DBLe|3|2319|2628	QE0401-C.g310	90.000	310	31	0	1	310	2342	2651	0.0	573
PfIT_120006100|DBLe|3|2319|2628	QE0401-C.g310	31.765	255	150	8	45	281	2054	2302	8.65e-25	107
PfIT_120006100|DBLe|3|2319|2628	QE0401-C.g310	28.030	264	147	7	45	269	1641	1900	8.19e-20	92.4
PfIT_120006100|DBLe|3|2319|2628	QE0401-C.g310	26.667	300	145	11	14	238	546	845	1.22e-13	73.9
PfIT_120006100|DBLe|3|2319|2628	QE0401-C.g310	25.667	300	149	12	43	287	1292	1572	2.66e-10	63.9
PfIT_120006100|DBLe|3|2319|2628	QE0401-C.g310	25.267	281	156	11	46	272	96	376	4.30e-10	63.2
PfIT_120006100|DBLe|3|2319|2628	PV0118-C.g24	90.000	310	31	0	1	310	2342	2651	0.0	573
PfIT_120006100|DBLe|3|2319|2628	PV0118-C.g24	30.980	255	152	7	45	281	2054	2302	8.41e-25	107
PfIT_120006100|DBLe|3|2319|2628	PV0118-C.g24	28.030	264	147	7	45	269	1641	1900	8.11e-20	92.4
PfIT_120006100|DBLe|3|2319|2628	PV0118-C.g24	26.667	300	145	11	14	238	546	845	1.19e-13	73.9
PfIT_120006100|DBLe|3|2319|2628	PV0118-C.g24	25.667	300	149	12	43	287	1292	1572	2.55e-10	63.9
PfIT_120006100|DBLe|3|2319|2628	PV0118-C.g24	25.267	281	156	11	46	272	96	376	4.22e-10	63.2
PfIT_120006100|DBLe|3|2319|2628	PD0541-C.g209	90.000	310	31	0	1	310	2328	2637	0.0	573
PfIT_120006100|DBLe|3|2319|2628	PD0541-C.g209	33.074	257	146	10	45	281	2038	2288	1.32e-25	109
PfIT_120006100|DBLe|3|2319|2628	PD0541-C.g209	27.239	268	150	8	45	269	1616	1881	1.70e-17	85.5
PfIT_120006100|DBLe|3|2319|2628	PD0541-C.g209	28.340	247	128	10	41	238	578	824	5.33e-15	78.2
PfIT_120006100|DBLe|3|2319|2628	PD0541-C.g209	25.267	281	156	10	46	272	95	375	8.85e-12	68.2
PfIT_120006100|DBLe|3|2319|2628	PD0541-C.g209	27.193	228	118	9	95	287	1333	1547	2.89e-10	63.5
PfIT_120006100|DBLe|3|2319|2628	PD0461-C.g124	90.000	310	31	0	1	310	2328	2637	0.0	572
PfIT_120006100|DBLe|3|2319|2628	PD0461-C.g124	33.074	257	146	10	45	281	2038	2288	1.42e-25	109
PfIT_120006100|DBLe|3|2319|2628	PD0461-C.g124	27.239	268	150	8	45	269	1616	1881	1.80e-17	85.5
PfIT_120006100|DBLe|3|2319|2628	PD0461-C.g124	28.340	247	128	10	41	238	578	824	5.53e-15	78.2
PfIT_120006100|DBLe|3|2319|2628	PD0461-C.g124	25.267	281	156	10	46	272	95	375	9.01e-12	68.2
PfIT_120006100|DBLe|3|2319|2628	PD0461-C.g124	27.193	228	118	9	95	287	1333	1547	3.08e-10	63.5
PfIT_120006100|DBLe|3|2319|2628	PV0124-C.g131	90.000	310	31	0	1	310	880	1189	0.0	570
PfIT_120006100|DBLe|3|2319|2628	PV0124-C.g131	30.980	255	152	7	45	281	592	840	9.58e-25	106
PfIT_120006100|DBLe|3|2319|2628	PV0124-C.g131	28.030	264	147	7	45	269	179	438	9.43e-20	92.0
PfIT_120006100|ATS|1|2656|3064	PD0572-C.g308	90.709	409	37	1	1	409	2682	3089	0.0	734
PfIT_120006100|ATS|1|2656|3064	PD0582-C.g234	90.686	408	37	1	2	409	2664	3070	0.0	734
PfIT_120006100|ATS|1|2656|3064	PD0543-C.g218	90.709	409	37	1	1	409	2690	3097	0.0	733
PfIT_120006100|ATS|1|2656|3064	QE0461-C.g204	90.931	408	36	1	2	409	2698	3104	0.0	731
PfIT_120006100|ATS|1|2656|3064	PV0099-C.g24	84.479	451	27	1	2	409	2681	3131	0.0	723
PfIT_120024500|NTS|1|1|64	PM0090-C.g101	100.000	64	0	0	1	64	1	64	2.35e-35	127
PfIT_120024500|NTS|1|1|64	SenT231.08.g263	100.000	64	0	0	1	64	1	64	2.80e-35	127
PfIT_120024500|NTS|1|1|64	PA0057-C.g500	100.000	64	0	0	1	64	1	64	3.46e-35	126
PfIT_120024500|NTS|1|1|64	PA0075-C.g97	100.000	64	0	0	1	64	1	64	5.06e-35	126
PfIT_120024500|NTS|1|1|64	SenP051.02.g94	100.000	64	0	0	1	64	1	64	5.07e-35	126
PfIT_120024500|DBLa|1|65|487	PM0157-C.g227	88.837	430	41	3	1	423	64	493	0.0	779
PfIT_120024500|DBLa|1|65|487	PM0157-C.g227	36.170	282	143	10	55	325	873	1128	2.78e-37	147
PfIT_120024500|DBLa|1|65|487	PM0157-C.g227	24.850	334	154	13	135	423	1842	2123	2.19e-12	71.6
PfIT_120024500|DBLa|1|65|487	PM0157-C.g227	22.397	317	195	8	46	347	1288	1568	2.25e-10	65.5
PfIT_120024500|DBLa|1|65|487	SenT231.08.g263	86.818	440	40	5	1	423	65	503	0.0	764
PfIT_120024500|DBLa|1|65|487	SenT231.08.g263	31.270	307	152	11	55	341	883	1150	4.29e-29	122
PfIT_120024500|DBLa|1|65|487	SenT231.08.g263	27.742	155	89	3	178	330	1425	1558	5.79e-11	67.4
PfIT_120024500|DBLa|1|65|487	PM0090-C.g101	86.818	440	40	5	1	423	65	503	0.0	764
PfIT_120024500|DBLa|1|65|487	PM0090-C.g101	31.270	307	152	11	55	341	883	1150	5.22e-29	122
PfIT_120024500|DBLa|1|65|487	PM0090-C.g101	24.407	295	160	9	114	350	1892	2181	3.04e-16	84.0
PfIT_120024500|DBLa|1|65|487	PM0090-C.g101	27.647	170	98	4	165	330	1410	1558	7.43e-11	67.0
PfIT_120024500|DBLa|1|65|487	SenP051.02.g94	86.818	440	40	5	1	423	65	503	0.0	763
PfIT_120024500|DBLa|1|65|487	SenP051.02.g94	31.270	307	152	11	55	341	883	1150	8.68e-29	122
PfIT_120024500|DBLa|1|65|487	SenP051.02.g94	34.000	100	66	0	229	328	2071	2170	8.22e-12	70.1
PfIT_120024500|DBLa|1|65|487	SenP051.02.g94	27.647	170	98	4	165	330	1410	1558	7.76e-11	67.0
PfIT_120024500|DBLa|1|65|487	PA0075-C.g97	86.818	440	40	5	1	423	65	503	0.0	762
PfIT_120024500|DBLa|1|65|487	PA0075-C.g97	31.270	307	152	11	55	341	883	1150	8.46e-29	122
PfIT_120024500|DBLa|1|65|487	PA0075-C.g97	27.742	155	89	3	178	330	1425	1558	7.36e-11	67.0
PfIT_120024500|CIDRa|1|488|739	PA0026-C.g43	99.603	252	1	0	1	252	183	434	1.10e-174	521
PfIT_120024500|CIDRa|1|488|739	PA0057-C.g500	99.603	252	1	0	1	252	504	755	1.73e-172	519
PfIT_120024500|CIDRa|1|488|739	PA0075-C.g97	99.603	252	1	0	1	252	504	755	2.55e-172	521
PfIT_120024500|CIDRa|1|488|739	PA0079-C.g376	99.603	252	1	0	1	252	506	757	2.55e-172	523
PfIT_120024500|CIDRa|1|488|739	SenT231.08.g263	99.603	252	1	0	1	252	504	755	3.91e-172	521
PfIT_120024500|DBLb|1|756|1227	QE0419-C.g252	96.610	472	14	1	1	472	758	1227	0.0	959
PfIT_120024500|DBLb|1|756|1227	QE0419-C.g252	31.925	426	235	17	6	391	3	413	2.16e-39	154
PfIT_120024500|DBLb|1|756|1227	QE0419-C.g252	23.390	295	169	12	96	367	1273	1533	1.51e-10	66.2
PfIT_120024500|DBLb|1|756|1227	PV0287-C.g56	96.610	472	14	1	1	472	311	780	0.0	957
PfIT_120024500|DBLb|1|756|1227	PV0287-C.g56	21.769	294	175	11	96	367	827	1087	5.52e-09	61.2
PfIT_120024500|DBLb|1|756|1227	QG0247-C.g2010	93.568	482	21	1	1	472	828	1309	0.0	935
PfIT_120024500|DBLb|1|756|1227	QG0247-C.g2010	31.928	332	184	15	6	302	3	327	1.96e-30	127
PfIT_120024500|DBLb|1|756|1227	QG0247-C.g2010	24.542	273	150	12	111	358	1377	1618	9.76e-08	57.4
PfIT_120024500|DBLb|1|756|1227	QG0247-C.g2010	27.848	158	86	6	176	305	1911	2068	3.84e-07	55.5
PfIT_120024500|DBLb|1|756|1227	PM0157-C.g227	89.895	475	41	3	1	472	762	1232	0.0	887
PfIT_120024500|DBLb|1|756|1227	PM0157-C.g227	31.788	302	166	10	112	381	118	411	2.07e-30	127
PfIT_120024500|DBLb|1|756|1227	PM0157-C.g227	24.632	272	168	8	111	367	1296	1545	4.25e-13	74.3
PfIT_120024500|DBLb|1|756|1227	PFKE12.g210	83.230	483	56	5	1	472	766	1234	0.0	818
PfIT_120024500|DBLb|1|756|1227	PFKE12.g210	32.203	295	152	9	112	366	118	404	5.95e-29	123
PfIT_120024500|DBLb|1|756|1227	PFKE12.g210	25.000	288	147	13	111	367	1302	1551	2.01e-11	69.3
PfIT_120024500|DBLg|1|1244|1583	PV0256-C.g18	74.706	340	85	1	1	340	1185	1523	3.50e-173	534
PfIT_120024500|DBLg|1|1244|1583	PV0256-C.g18	25.205	365	136	12	42	269	1643	2007	1.61e-22	101
PfIT_120024500|DBLg|1|1244|1583	PV0256-C.g18	26.459	257	145	10	42	270	838	1078	1.81e-13	73.9
PfIT_120024500|DBLg|1|1244|1583	PV0256-C.g18	26.316	285	146	8	39	268	111	386	7.19e-13	72.0
PfIT_120024500|DBLg|1|1244|1583	PV0035-C.g13	72.941	340	90	2	1	340	1238	1575	1.11e-166	516
PfIT_120024500|DBLg|1|1244|1583	PV0035-C.g13	26.378	254	151	9	41	270	879	1120	5.99e-17	84.7
PfIT_120024500|DBLg|1|1244|1583	PV0035-C.g13	24.458	323	127	9	60	265	1744	2066	1.04e-16	84.0
PfIT_120024500|DBLg|1|1244|1583	PV0035-C.g13	22.619	336	184	12	1	269	71	397	5.82e-11	66.2
PfIT_120024500|DBLg|1|1244|1583	PT0256-C.g210	70.088	341	96	4	1	340	1244	1579	2.01e-157	490
PfIT_120024500|DBLg|1|1244|1583	PT0256-C.g210	23.978	367	139	10	43	269	1682	2048	3.82e-17	85.1
PfIT_120024500|DBLg|1|1244|1583	PT0256-C.g210	25.984	254	152	9	41	270	885	1126	1.98e-16	83.2
PfIT_120024500|DBLg|1|1244|1583	PT0256-C.g210	23.768	345	175	12	1	269	71	403	1.67e-11	68.2
PfIT_120024500|DBLg|1|1244|1583	QG0256-C.g2750	72.205	331	82	3	1	330	1193	1514	1.33e-153	479
PfIT_120024500|DBLg|1|1244|1583	QG0256-C.g2750	33.022	321	159	5	1	269	1530	1846	6.16e-49	178
PfIT_120024500|DBLg|1|1244|1583	QG0256-C.g2750	29.730	296	158	11	39	327	2931	3183	9.44e-24	104
PfIT_120024500|DBLg|1|1244|1583	QG0256-C.g2750	26.582	237	140	7	39	269	2609	2817	3.54e-18	88.2
PfIT_120024500|DBLg|1|1244|1583	QG0256-C.g2750	27.068	266	159	11	34	269	825	1085	7.23e-17	84.3
PfIT_120024500|DBLg|1|1244|1583	QG0256-C.g2750	28.617	311	165	15	35	314	2244	2528	9.68e-16	80.9
PfIT_120024500|DBLg|1|1244|1583	QG0256-C.g2750	27.358	212	122	9	41	229	110	312	8.27e-11	65.9
PfIT_120024500|DBLg|1|1244|1583	PA0246-C.g304	68.955	335	88	5	1	326	1220	1547	1.14e-146	458
PfIT_120024500|DBLg|1|1244|1583	PA0246-C.g304	26.132	287	160	11	26	271	1654	1929	4.54e-18	87.8
PfIT_120024500|DBLg|1|1244|1583	PA0246-C.g304	25.168	298	148	9	41	281	112	391	3.09e-12	70.1
PfIT_120024500|DBLg|1|1244|1583	PA0246-C.g304	23.106	264	157	8	44	270	845	1099	9.95e-11	65.5
PfIT_120024500|DBLd|1|1618|2101	SenT224.08.g539	83.505	485	69	5	1	484	229	703	0.0	757
PfIT_120024500|DBLd|1|1618|2101	SenT224.08.g539	24.294	177	70	4	234	410	13	125	1.84e-09	62.8
PfIT_120024500|DBLd|1|1618|2101	PH0715-C.g586	77.347	490	79	8	1	484	820	1283	0.0	727
PfIT_120024500|DBLd|1|1618|2101	PH0715-C.g586	29.368	269	137	10	235	484	252	486	4.38e-18	90.1
PfIT_120024500|DBLd|1|1618|2101	PH0556-C.g832	77.347	490	79	8	1	484	820	1283	0.0	727
PfIT_120024500|DBLd|1|1618|2101	PH0556-C.g832	29.368	269	137	10	235	484	252	486	4.38e-18	90.1
PfIT_120024500|DBLd|1|1618|2101	PV0099-C.g6	74.245	497	80	8	12	484	841	1313	0.0	707
PfIT_120024500|DBLd|1|1618|2101	PV0099-C.g6	25.157	318	176	8	190	484	196	474	1.45e-17	88.6
PfIT_120024500|DBLd|1|1618|2101	QE0464-C.g458	86.616	396	47	3	89	484	1763	2152	0.0	693
PfIT_120024500|DBLd|1|1618|2101	QE0464-C.g458	28.103	427	186	15	1	423	1200	1509	2.38e-30	127
PfIT_120024500|DBLd|1|1618|2101	QE0464-C.g458	25.949	316	183	10	190	484	188	473	3.15e-16	84.3
PfIT_120024500|DBLd|1|1618|2101	QE0464-C.g458	41.026	78	40	4	1	76	1599	1672	1.71e-09	63.2
PfIT_120024500|CIDRb|1|2102|2346	PV0099-C.g6	100.000	245	0	0	1	245	1314	1558	1.73e-165	500
PfIT_120024500|CIDRb|1|2102|2346	QE0464-C.g458	100.000	245	0	0	1	245	2153	2397	2.71e-162	499
PfIT_120024500|CIDRb|1|2102|2346	PH0715-C.g586	95.951	247	8	1	1	245	1284	1530	8.98e-158	479
PfIT_120024500|CIDRb|1|2102|2346	PH0556-C.g832	95.951	247	8	1	1	245	1284	1530	8.98e-158	479
PfIT_120024500|CIDRb|1|2102|2346	SenT044.11.g1158	73.413	252	60	5	1	245	692	943	3.93e-113	350
PfIT_120024500|ATS|1|2458|2949	PFKE12.g8	92.073	492	19	1	1	492	1689	2160	0.0	928
PfIT_120024500|ATS|1|2458|2949	PT0226-Cx.g621	85.772	492	50	2	1	492	2452	2923	0.0	842
PfIT_120024500|ATS|1|2458|2949	PH0121-CW.g14	84.787	493	54	3	1	492	3109	3581	0.0	842
PfIT_120024500|ATS|1|2458|2949	PD0582-C.g186	84.787	493	54	3	1	492	3109	3581	0.0	842
PfIT_120024500|ATS|1|2458|2949	PH0500-CW.g33	85.772	492	49	3	1	492	2550	3020	0.0	833
PfIT_120024600|NTS|1|1|66	PV0099-C.g6	100.000	66	0	0	1	66	1	66	4.83e-40	140
PfIT_120024600|NTS|1|1|66	PM0103-C.g561	93.939	66	4	0	1	66	1	66	2.61e-37	132
PfIT_120024600|NTS|1|1|66	PA0211-C.g300	84.848	66	10	0	1	66	1	66	2.70e-31	115
PfIT_120024600|NTS|1|1|66	QG0186-C.g624	78.788	66	14	0	1	66	1	66	4.99e-29	109
PfIT_120024600|NTS|1|1|66	QG0298-C.g3995	78.788	66	14	0	1	66	1	66	5.98e-29	108
PfIT_120024600|DBLa|1|67|474	PV0099-C.g6	99.755	408	1	0	1	408	67	474	0.0	850
PfIT_120024600|DBLa|1|67|474	PV0099-C.g6	27.215	316	167	10	130	408	1024	1313	3.14e-20	95.9
PfIT_120024600|DBLa|1|67|474	PT0041-C.g407	80.145	413	71	6	1	408	82	488	0.0	661
PfIT_120024600|DBLa|1|67|474	PT0041-C.g407	29.319	191	113	7	221	408	1172	1343	5.41e-10	63.9
PfIT_120024600|DBLa|1|67|474	PV0094-C.g60	68.925	428	113	5	1	408	68	495	0.0	579
PfIT_120024600|DBLa|1|67|474	PV0094-C.g60	25.723	311	171	10	137	408	1097	1386	1.11e-13	75.5
PfIT_120024600|DBLa|1|67|474	PV0134-C.g46	68.925	428	113	5	1	408	68	495	0.0	578
PfIT_120024600|DBLa|1|67|474	PV0134-C.g46	25.723	311	171	9	137	408	1097	1386	1.42e-13	75.1
PfIT_120024600|DBLa|1|67|474	PH0932-C.g461	68.925	428	113	5	1	408	68	495	0.0	577
PfIT_120024600|DBLa|1|67|474	PH0932-C.g461	30.363	303	164	14	118	408	1087	1354	4.92e-23	104
PfIT_120024600|CIDRa|1|475|780	PV0099-C.g6	100.000	306	0	0	1	306	475	780	0.0	625
PfIT_120024600|CIDRa|1|475|780	PT0041-C.g407	91.234	308	21	2	1	306	489	792	1.23e-177	536
PfIT_120024600|CIDRa|1|475|780	PA0184-C.g365	80.060	336	33	3	1	302	487	822	2.48e-158	491
PfIT_120024600|CIDRa|1|475|780	PV0035-C.g34	80.000	305	52	4	1	304	481	777	3.15e-141	439
PfIT_120024600|CIDRa|1|475|780	PV0084-C.g49	80.000	305	52	4	1	304	481	777	7.90e-141	440
PfIT_120024600|DBLd|1|846|1424	SenT094.09.g627	47.862	608	223	23	1	579	271	813	8.69e-152	468
PfIT_120024600|DBLd|1|846|1424	PH0148-CW.g96	48.445	611	220	20	1	579	821	1368	9.53e-152	479
PfIT_120024600|DBLd|1|846|1424	PH0148-CW.g96	23.973	292	160	8	247	531	186	422	3.00e-13	75.5
PfIT_120024600|DBLd|1|846|1424	QE0454-C.g635	46.230	610	244	22	1	579	820	1376	1.98e-146	464
PfIT_120024600|DBLd|1|846|1424	QE0454-C.g635	24.725	364	186	14	248	579	181	488	8.10e-13	74.3
PfIT_120024600|DBLd|1|846|1424	QG0250-C.g3234	47.020	604	220	22	1	579	818	1346	5.46e-145	460
PfIT_120024600|DBLd|1|846|1424	QG0250-C.g3234	29.508	183	104	8	416	579	307	483	1.54e-08	60.5
PfIT_120024600|DBLd|1|846|1424	QG0249-C.g959	47.020	604	220	22	1	579	818	1346	5.46e-145	460
PfIT_120024600|DBLd|1|846|1424	QG0249-C.g959	29.508	183	104	8	416	579	307	483	1.54e-08	60.5
PfIT_120024600|CIDRb|1|1425|1685	PA0263-C.g241	69.962	263	76	3	1	261	1393	1654	6.22e-105	335
PfIT_120024600|CIDRb|1|1425|1685	PM0049-C.g442	63.740	262	87	3	1	260	1385	1640	1.60e-99	320
PfIT_120024600|CIDRb|1|1425|1685	PH0500-CW.g244	60.300	267	98	4	1	260	1937	2202	3.35e-93	302
PfIT_120024600|CIDRb|1|1425|1685	PFKE07.g1058	59.191	272	97	5	1	260	1361	1630	3.85e-93	302
PfIT_120024600|CIDRb|1|1425|1685	PFKE07.g1058	32.203	118	70	4	70	183	561	672	5.68e-08	55.8
PfIT_120024600|CIDRb|1|1425|1685	PA0012-C.g574	64.885	262	78	6	1	254	2649	2904	6.59e-93	301
PfIT_120024600|ATS|1|1799|2242	PFKE09.g563	80.134	448	79	6	1	444	775	1216	0.0	689
PfIT_120024600|ATS|1|1799|2242	PV0028-C.g43	76.940	451	83	9	1	444	1843	2279	0.0	688
PfIT_120024600|ATS|1|1799|2242	PT0170-C.g672	77.282	471	67	7	1	444	1768	2225	0.0	679
PfIT_120024600|ATS|1|1799|2242	PH0121-CW.g102	79.821	446	71	7	1	444	802	1230	0.0	666
PfIT_120024600|ATS|1|1799|2242	PA0245-C.g391	77.405	447	87	5	1	444	2512	2947	0.0	664
PfIT_120045200|NTS|1|1|65	PH0932-C.g527	100.000	65	0	0	1	65	1	65	3.16e-38	135
PfIT_120045200|NTS|1|1|65	PH0585-C.g716	100.000	65	0	0	1	65	1	65	3.16e-38	135
PfIT_120045200|NTS|1|1|65	PH0500-CW.g526	100.000	65	0	0	1	65	1	65	3.16e-38	135
PfIT_120045200|NTS|1|1|65	PC0016-C.g384	100.000	65	0	0	1	65	1	65	3.16e-38	135
PfIT_120045200|NTS|1|1|65	PH0604-C.g842	100.000	65	0	0	1	65	1	65	3.28e-38	135
PfIT_120045200|DBLa|1|66|495	QE0419-C.g771	100.000	430	0	0	1	430	66	495	0.0	906
PfIT_120045200|DBLa|1|66|495	QE0419-C.g771	21.925	374	211	12	101	430	996	1332	1.47e-11	69.3
PfIT_120045200|DBLa|1|66|495	QG0275-C.g514	91.917	433	28	3	1	430	66	494	0.0	787
PfIT_120045200|DBLa|1|66|495	QG0275-C.g514	25.627	359	195	13	117	430	1018	1349	1.51e-18	90.9
PfIT_120045200|DBLa|1|66|495	QG0228-C.g230	91.917	433	28	3	1	430	66	494	0.0	786
PfIT_120045200|DBLa|1|66|495	PM0097-C.g1072	74.032	439	92	7	1	430	66	491	0.0	644
PfIT_120045200|DBLa|1|66|495	PM0097-C.g1072	24.815	270	153	8	117	341	1073	1337	2.99e-13	74.3
PfIT_120045200|DBLa|1|66|495	PA0237-C.g1	68.456	447	119	8	1	430	66	507	0.0	591
PfIT_120045200|DBLa|1|66|495	PA0237-C.g1	22.394	259	180	7	83	337	1061	1302	2.32e-13	74.7
PfIT_120045200|CIDRa|1|496|761	QE0419-C.g771	100.000	266	0	0	1	266	496	761	0.0	551
PfIT_120045200|CIDRa|1|496|761	PA0061-C.g59	99.248	266	2	0	1	266	81	346	0.0	548
PfIT_120045200|CIDRa|1|496|761	QG0275-C.g514	99.248	266	2	0	1	266	495	760	0.0	546
PfIT_120045200|CIDRa|1|496|761	QG0228-C.g230	99.248	266	2	0	1	266	495	760	0.0	546
PfIT_120045200|CIDRa|1|496|761	PH0932-C.g475	61.455	275	88	6	1	264	527	794	1.27e-98	318
PfIT_120045200|DBLd|1|840|1332	QE0419-C.g771	100.000	493	0	0	1	493	840	1332	0.0	1018
PfIT_120045200|DBLd|1|840|1332	QE0419-C.g771	22.888	367	216	13	157	493	166	495	4.41e-12	71.2
PfIT_120045200|DBLd|1|840|1332	PT0219-C.g43	52.242	513	184	14	3	493	245	718	1.49e-142	439
PfIT_120045200|DBLd|1|840|1332	PV0124-C.g53	51.154	520	195	18	1	493	867	1354	1.00e-141	448
PfIT_120045200|DBLd|1|840|1332	PV0124-C.g53	25.000	300	136	12	235	493	251	502	4.12e-09	62.0
PfIT_120045200|DBLd|1|840|1332	PV0118-C.g70	51.154	520	195	18	1	493	867	1354	1.00e-141	448
PfIT_120045200|DBLd|1|840|1332	PV0118-C.g70	25.000	300	136	12	235	493	251	502	4.12e-09	62.0
PfIT_120045200|DBLd|1|840|1332	PV0116-C.g69	51.154	520	195	18	1	493	867	1354	1.00e-141	448
PfIT_120045200|DBLd|1|840|1332	PV0116-C.g69	25.000	300	136	12	235	493	251	502	4.12e-09	62.0
PfIT_120045200|CIDRb|1|1333|1587	QE0419-C.g771	100.000	255	0	0	1	255	1333	1587	1.78e-172	520
PfIT_120045200|CIDRb|1|1333|1587	SenT061.09.g40	63.178	258	90	4	1	255	777	1032	3.91e-100	317
PfIT_120045200|CIDRb|1|1333|1587	PA0061-C.g706	63.178	258	90	4	1	255	1311	1566	1.02e-98	317
PfIT_120045200|CIDRb|1|1333|1587	PA0029-C.g551	63.424	257	90	3	1	255	1306	1560	2.19e-97	313
PfIT_120045200|CIDRb|1|1333|1587	PA0029-C.g551	28.169	213	137	8	37	239	506	712	3.73e-10	62.4
PfIT_120045200|CIDRb|1|1333|1587	PA0021-C.g670	63.424	257	90	3	1	255	1306	1560	2.19e-97	313
PfIT_120045200|CIDRb|1|1333|1587	PA0021-C.g670	28.169	213	137	8	37	239	506	712	3.73e-10	62.4
PfIT_120045200|ATS|1|1699|2156	QE0452-C.g608	90.393	458	44	0	1	458	1718	2175	0.0	820
PfIT_120045200|ATS|1|1699|2156	PF0092-C.g708	88.075	478	37	3	1	458	1720	2197	0.0	820
PfIT_120045200|ATS|1|1699|2156	QE0454-C.g647	87.866	478	38	3	1	458	1716	2193	0.0	817
PfIT_120045200|ATS|1|1699|2156	PC0113-C.g606	83.054	478	60	4	1	458	1758	2234	0.0	771
PfIT_120045200|ATS|1|1699|2156	PF0489-C.g723	81.897	464	65	5	1	453	1717	2172	0.0	754
PfIT_120045600|NTS|1|1|63	PD0460-C.g8	76.190	63	13	1	1	63	1	61	4.55e-23	92.0
PfIT_120045600|NTS|1|1|63	PA0246-C.g611	73.016	63	17	0	1	63	1	63	5.59e-23	91.7
PfIT_120045600|NTS|1|1|63	SenT085.10.g225	73.016	63	17	0	1	63	1	63	6.47e-23	91.7
PfIT_120045600|NTS|1|1|63	PF0692-C.g570	80.357	56	10	1	9	63	23	78	6.86e-21	85.9
PfIT_120045600|NTS|1|1|63	QE0466-C.g77	71.429	63	16	1	1	63	1	61	1.12e-20	85.1
PfIT_120045600|DBLa|1|64|499	QG0209-C.g459	82.460	439	68	5	1	436	60	492	0.0	729
PfIT_120045600|DBLa|1|64|499	QG0209-C.g459	23.171	328	202	11	116	410	1034	1344	4.28e-12	70.9
PfIT_120045600|DBLa|1|64|499	PM0146-C.g441	73.719	449	99	7	1	436	64	506	0.0	652
PfIT_120045600|DBLa|1|64|499	PM0146-C.g441	30.303	198	109	5	243	436	1236	1408	1.03e-15	82.4
PfIT_120045600|DBLa|1|64|499	PA0041-C.g607	73.214	448	100	6	1	436	64	503	0.0	647
PfIT_120045600|DBLa|1|64|499	PA0041-C.g607	23.715	253	137	8	120	338	1032	1262	3.77e-11	67.8
PfIT_120045600|DBLa|1|64|499	PC0103-C.g900	76.512	430	85	9	15	436	74	495	0.0	635
PfIT_120045600|DBLa|1|64|499	PC0103-C.g900	25.532	329	177	15	136	436	1056	1344	1.11e-09	63.2
PfIT_120045600|DBLa|1|64|499	PA0204-C.g677	72.973	444	98	8	10	436	77	515	0.0	634
PfIT_120045600|DBLa|1|64|499	PA0204-C.g677	23.755	261	136	8	120	324	1100	1353	2.22e-10	65.5
PfIT_120045600|CIDRa|1|500|772	SenT232.08.g149	81.685	273	43	3	1	273	497	762	1.54e-136	427
PfIT_120045600|CIDRa|1|500|772	QE0467-C.g584	74.737	285	57	4	1	273	510	791	2.20e-123	389
PfIT_120045600|CIDRa|1|500|772	PA0270-C.g541	72.222	288	62	5	1	273	499	783	7.34e-120	379
PfIT_120045600|CIDRa|1|500|772	PA0270-C.g541	26.857	175	105	6	101	272	1950	2104	3.96e-07	53.5
PfIT_120045600|CIDRa|1|500|772	PT0215-Cx.g974	67.657	303	67	6	1	273	486	787	1.39e-114	358
PfIT_120045600|CIDRa|1|500|772	QE0466-C.g807	61.071	280	101	6	1	273	500	778	1.24e-107	344
PfIT_120045600|DBLd|1|842|1339	QE0467-C.g980	59.574	517	142	14	1	498	827	1295	0.0	557
PfIT_120045600|DBLd|1|842|1339	QE0467-C.g980	26.429	280	145	10	237	498	244	480	2.33e-12	72.4
PfIT_120045600|DBLd|1|842|1339	PD0497-C.g122	58.071	508	151	11	1	498	183	638	0.0	544
PfIT_120045600|DBLd|1|842|1339	PT0063-C.g605	58.641	515	138	17	1	498	812	1268	8.42e-166	512
PfIT_120045600|DBLd|1|842|1339	PT0063-C.g605	24.654	361	196	13	162	498	167	475	4.43e-16	84.0
PfIT_120045600|DBLd|1|842|1339	QE0475-C.g50	51.829	492	188	11	13	498	324	772	1.46e-150	461
PfIT_120045600|DBLd|1|842|1339	PH0349-C.g371	54.183	502	196	17	13	498	857	1340	2.07e-149	469
PfIT_120045600|DBLd|1|842|1339	PH0349-C.g371	26.950	282	132	13	243	498	253	486	1.28e-07	57.0
PfIT_120045600|CIDRb|1|1340|1593	PD0497-C.g122	100.000	254	0	0	1	254	639	892	0.0	527
PfIT_120045600|CIDRb|1|1340|1593	QE0467-C.g980	100.000	254	0	0	1	254	1296	1549	1.77e-174	524
PfIT_120045600|CIDRb|1|1340|1593	PV0234-C.g112	83.600	250	37	1	1	246	1043	1292	9.33e-128	396
PfIT_120045600|CIDRb|1|1340|1593	PV0241-C.g91	83.600	250	37	1	1	246	1113	1362	1.77e-127	396
PfIT_120045600|CIDRb|1|1340|1593	QE0401-C.g81	83.600	250	37	1	1	246	2030	2279	4.46e-126	396
PfIT_120045600|CIDRb|1|1340|1593	QE0401-C.g81	27.778	108	76	2	85	192	563	668	9.05e-08	55.1
PfIT_120045600|ATS|1|1703|2187	PFKE10.g280	73.006	489	78	9	1	482	2897	3338	0.0	676
PfIT_120045600|ATS|1|1703|2187	PFKE10.g280	50.000	128	45	3	342	469	3337	3445	1.03e-25	114
PfIT_120045600|ATS|1|1703|2187	PV0028-C.g48	67.837	541	87	11	1	485	2649	3158	0.0	671
PfIT_120045600|ATS|1|1703|2187	PH0121-CW.g61	72.345	499	98	11	1	485	1474	1946	0.0	668
PfIT_120045600|ATS|1|1703|2187	PH0121-CW.g34	78.781	443	59	7	1	434	2397	2813	0.0	665
PfIT_120045600|ATS|1|1703|2187	PV0129-C.g36	73.975	488	87	12	1	485	1739	2189	0.0	659
PfIT_120045700|NTS|1|1|67	QG0187-C.g540	86.567	67	9	0	1	67	1	67	1.10e-32	119
PfIT_120045700|NTS|1|1|67	PA0256-C.g850	70.968	62	18	0	6	67	8	69	1.18e-22	91.3
PfIT_120045700|NTS|1|1|67	QG0277-C.g937	70.968	62	18	0	6	67	8	69	1.25e-22	90.9
PfIT_120045700|NTS|1|1|67	PT0048-C.g288	70.968	62	18	0	6	67	8	69	1.33e-22	90.9
PfIT_120045700|NTS|1|1|67	PT0117-C.g773	65.672	67	22	1	1	67	1	66	1.58e-22	90.9
PfIT_120045700|DBLa|1|68|493	SenT124.10.g72	76.224	429	91	5	1	426	77	497	0.0	647
PfIT_120045700|DBLa|1|68|493	SenT124.10.g72	30.267	337	171	11	8	335	869	1150	2.97e-32	132
PfIT_120045700|DBLa|1|68|493	SenT124.10.g72	27.240	279	156	8	177	426	1865	2125	5.42e-16	83.2
PfIT_120045700|DBLa|1|68|493	SenT124.10.g72	25.000	320	175	11	45	349	1307	1576	2.55e-10	65.5
PfIT_120045700|DBLa|1|68|493	SenT001.11.g1649	76.224	429	91	5	1	426	77	497	0.0	646
PfIT_120045700|DBLa|1|68|493	SenT001.11.g1649	30.267	337	171	11	8	335	869	1150	3.18e-32	132
PfIT_120045700|DBLa|1|68|493	PA0071-C.g678	76.224	429	91	5	1	426	66	486	0.0	646
PfIT_120045700|DBLa|1|68|493	PA0071-C.g678	33.193	238	124	6	50	273	901	1117	1.17e-29	124
PfIT_120045700|DBLa|1|68|493	PA0071-C.g678	29.762	336	195	11	1	335	1721	2016	2.51e-27	117
PfIT_120045700|DBLa|1|68|493	PA0071-C.g678	28.324	173	88	6	177	349	1462	1598	6.55e-10	63.9
PfIT_120045700|DBLa|1|68|493	PA0261-C.g780	76.224	429	91	5	1	426	72	492	0.0	644
PfIT_120045700|DBLa|1|68|493	PA0261-C.g780	30.267	337	171	11	8	335	864	1145	6.11e-32	131
PfIT_120045700|DBLa|1|68|493	PA0261-C.g780	27.914	326	190	11	17	335	2467	2754	2.73e-24	108
PfIT_120045700|DBLa|1|68|493	PA0261-C.g780	27.273	253	156	8	177	426	1852	2079	9.18e-13	73.2
PfIT_120045700|DBLa|1|68|493	PA0261-C.g780	26.512	215	131	6	48	262	2885	3072	1.87e-11	68.9
PfIT_120045700|DBLa|1|68|493	PA0261-C.g780	25.545	321	172	11	45	349	1302	1571	2.26e-10	65.5
PfIT_120045700|DBLa|1|68|493	QG0187-C.g540	76.959	434	84	5	1	426	68	493	0.0	628
PfIT_120045700|DBLa|1|68|493	QG0187-C.g540	29.706	340	196	11	17	352	1243	1543	1.31e-25	112
PfIT_120045700|DBLa|1|68|493	QG0187-C.g540	24.597	248	128	7	114	349	916	1116	7.59e-12	70.1
PfIT_120045700|CIDRa|1|494|752	PA0188-C.g468	65.267	262	84	3	1	259	482	739	1.68e-105	337
PfIT_120045700|CIDRa|1|494|752	QG0280-C.g1192	65.267	262	84	3	1	259	482	739	1.95e-105	337
PfIT_120045700|CIDRa|1|494|752	PC0085-C.g1619	68.199	261	77	2	1	259	492	748	2.23e-103	331
PfIT_120045700|CIDRa|1|494|752	PT0066-C.g710	66.279	258	80	3	1	252	511	767	3.32e-103	330
PfIT_120045700|CIDRa|1|494|752	SenT125.11.g362	66.279	258	75	5	1	255	476	724	3.43e-103	330
PfIT_120045700|DBLe|1|819|1163	PH0815-C.g572	82.319	345	59	2	1	345	800	1142	0.0	578
PfIT_120045700|DBLe|1|819|1163	PH0815-C.g572	25.743	303	168	11	43	331	1648	1907	8.27e-18	87.4
PfIT_120045700|DBLe|1|819|1163	PH0778-C.g492	82.319	345	59	2	1	345	800	1142	0.0	578
PfIT_120045700|DBLe|1|819|1163	PH0778-C.g492	25.743	303	168	11	43	331	1648	1907	8.27e-18	87.4
PfIT_120045700|DBLe|1|819|1163	PH0546-C.g889	81.792	346	59	2	4	345	137	482	0.0	569
PfIT_120045700|DBLe|1|819|1163	PH0546-C.g889	25.094	267	162	6	43	308	988	1217	1.23e-21	98.6
PfIT_120045700|DBLe|1|819|1163	PH0546-C.g889	22.742	299	175	7	44	299	578	863	3.00e-11	67.0
PfIT_120045700|DBLe|1|819|1163	PV0082-C.g27	81.792	346	59	2	4	345	1848	2193	0.0	568
PfIT_120045700|DBLe|1|819|1163	PV0082-C.g27	26.623	308	184	8	43	345	2699	2969	3.54e-26	112
PfIT_120045700|DBLe|1|819|1163	PV0082-C.g27	26.513	347	201	12	38	345	788	1119	9.83e-25	107
PfIT_120045700|DBLe|1|819|1163	PV0082-C.g27	22.742	299	175	7	44	299	2289	2574	4.45e-11	66.6
PfIT_120045700|DBLe|1|819|1163	PV0082-C.g27	32.215	149	78	8	124	251	181	327	1.89e-08	58.5
PfIT_120045700|DBLe|1|819|1163	PV0082-C.g27	25.862	174	86	5	108	256	1259	1414	1.91e-07	55.5
PfIT_120045700|DBLe|1|819|1163	PT0141-C.g1137	81.792	346	59	2	4	345	1858	2203	0.0	568
PfIT_120045700|DBLe|1|819|1163	PT0141-C.g1137	26.623	308	184	8	43	345	2709	2979	3.66e-26	112
PfIT_120045700|DBLe|1|819|1163	PT0141-C.g1137	28.431	204	97	8	124	286	186	381	2.08e-12	70.9
PfIT_120045700|DBLe|1|819|1163	PT0141-C.g1137	22.742	299	175	7	44	299	2299	2584	3.07e-11	67.4
PfIT_120045700|DBLe|1|819|1163	PT0141-C.g1137	24.468	282	170	9	46	299	799	1065	8.83e-11	65.9
PfIT_120045700|DBLe|1|819|1163	PT0141-C.g1137	25.294	170	89	4	112	256	1268	1424	1.52e-08	58.9
PfIT_120045700|DBLz|1|1176|1617	PH0546-C.g889	90.498	442	42	0	1	442	495	936	0.0	813
PfIT_120045700|DBLz|1|1176|1617	PH0546-C.g889	25.725	276	149	10	95	370	991	1210	6.18e-15	79.7
PfIT_120045700|DBLz|1|1176|1617	PH0546-C.g889	23.906	297	173	9	85	368	179	435	4.11e-11	67.8
PfIT_120045700|DBLz|1|1176|1617	PV0028-C.g51	90.498	442	42	0	1	442	2496	2937	0.0	811
PfIT_120045700|DBLz|1|1176|1617	PV0028-C.g51	29.545	308	174	9	96	387	129	409	6.22e-31	129
PfIT_120045700|DBLz|1|1176|1617	PV0028-C.g51	21.558	385	230	11	81	442	1070	1405	9.70e-18	89.0
PfIT_120045700|DBLz|1|1176|1617	PV0028-C.g51	24.839	310	173	11	95	404	2992	3241	1.54e-14	79.0
PfIT_120045700|DBLz|1|1176|1617	PV0028-C.g51	23.667	300	167	10	85	368	2183	2436	1.39e-10	66.2
PfIT_120045700|DBLz|1|1176|1617	PV0082-C.g27	90.498	442	42	0	1	442	2206	2647	0.0	811
PfIT_120045700|DBLz|1|1176|1617	PV0082-C.g27	34.866	261	140	8	62	313	86	325	7.31e-37	146
PfIT_120045700|DBLz|1|1176|1617	PV0082-C.g27	21.053	380	252	11	75	442	776	1119	8.66e-15	79.7
PfIT_120045700|DBLz|1|1176|1617	PV0082-C.g27	24.839	310	173	11	95	404	2702	2951	9.63e-15	79.3
PfIT_120045700|DBLz|1|1176|1617	PV0082-C.g27	23.826	298	174	9	84	368	1889	2146	4.21e-11	67.8
PfIT_120045700|DBLz|1|1176|1617	PA0213-C.g702	90.498	442	42	0	1	442	2666	3107	0.0	810
PfIT_120045700|DBLz|1|1176|1617	PA0213-C.g702	30.957	491	247	22	1	442	744	1191	3.45e-47	177
PfIT_120045700|DBLz|1|1176|1617	PA0213-C.g702	30.872	298	165	9	96	377	130	402	1.45e-35	142
PfIT_120045700|DBLz|1|1176|1617	PA0213-C.g702	23.822	382	237	11	77	442	1236	1579	1.87e-17	87.8
PfIT_120045700|DBLz|1|1176|1617	PA0213-C.g702	24.839	310	173	11	95	404	3162	3411	1.35e-14	79.0
PfIT_120045700|DBLz|1|1176|1617	PA0213-C.g702	23.826	298	174	9	84	368	2349	2606	3.95e-11	68.2
PfIT_120045700|DBLz|1|1176|1617	PA0213-C.g702	22.118	321	171	12	80	346	1621	1916	5.03e-10	64.7
PfIT_120045700|DBLz|1|1176|1617	PT0141-C.g1137	90.498	442	42	0	1	442	2216	2657	0.0	810
PfIT_120045700|DBLz|1|1176|1617	PT0141-C.g1137	31.119	286	157	9	96	365	129	390	9.88e-31	128
PfIT_120045700|DBLz|1|1176|1617	PT0141-C.g1137	25.080	311	165	9	80	360	784	1056	7.33e-24	107
PfIT_120045700|DBLz|1|1176|1617	PT0141-C.g1137	24.839	310	173	11	95	404	2712	2961	1.03e-14	79.3
PfIT_120045700|DBLz|1|1176|1617	PT0141-C.g1137	24.252	301	167	10	85	368	1900	2156	4.08e-11	67.8
PfIT_120045700|DBLz|1|1176|1617	PT0141-C.g1137	22.293	314	153	11	95	346	1182	1466	1.06e-07	57.0
PfIT_120045700|DBLe|2|1623|1947	PM0127-C.g1273	99.692	325	1	0	1	325	2393	2717	0.0	672
PfIT_120045700|DBLe|2|1623|1947	PM0127-C.g1273	29.577	213	111	7	47	221	1628	1839	7.99e-16	80.9
PfIT_120045700|DBLe|2|1623|1947	PM0127-C.g1273	24.786	234	127	7	46	230	2036	2269	1.13e-11	68.2
PfIT_120045700|DBLe|2|1623|1947	PM0127-C.g1273	24.638	276	140	11	49	258	116	389	1.85e-09	61.6
PfIT_120045700|DBLe|2|1623|1947	PD0555-C.g585	99.692	325	1	0	1	325	1726	2050	0.0	671
PfIT_120045700|DBLe|2|1623|1947	PD0555-C.g585	30.827	266	145	11	50	279	1386	1648	3.47e-20	94.0
PfIT_120045700|DBLe|2|1623|1947	PD0555-C.g585	26.415	265	142	9	47	268	933	1187	7.58e-15	77.8
PfIT_120045700|DBLe|2|1623|1947	PD0555-C.g585	24.561	285	146	10	49	264	128	412	1.45e-10	64.7
PfIT_120045700|DBLe|2|1623|1947	PV0211-C.g65	99.692	325	1	0	1	325	2077	2401	0.0	670
PfIT_120045700|DBLe|2|1623|1947	PV0211-C.g65	30.827	266	145	11	50	279	1737	1999	3.32e-20	94.0
PfIT_120045700|DBLe|2|1623|1947	PV0211-C.g65	34.375	192	81	8	52	207	847	1029	2.07e-16	82.8
PfIT_120045700|DBLe|2|1623|1947	PV0211-C.g65	28.947	266	135	13	48	268	1282	1538	5.80e-16	81.3
PfIT_120045700|DBLe|2|1623|1947	PV0211-C.g65	28.500	200	103	7	47	207	124	322	2.83e-11	67.0
PfIT_120045700|DBLe|2|1623|1947	PF0816-C.g142	99.385	325	2	0	1	325	2420	2744	0.0	670
PfIT_120045700|DBLe|2|1623|1947	PF0816-C.g142	29.577	213	111	7	47	221	1655	1866	6.30e-16	81.3
PfIT_120045700|DBLe|2|1623|1947	PF0816-C.g142	24.786	234	127	7	46	230	2063	2296	1.05e-11	68.6
PfIT_120045700|DBLe|2|1623|1947	PF0816-C.g142	24.127	315	165	12	49	292	113	424	1.94e-09	61.2
PfIT_120045700|DBLe|2|1623|1947	PV0256-C.g24	99.692	325	1	0	1	325	2072	2396	0.0	670
PfIT_120045700|DBLe|2|1623|1947	PV0256-C.g24	30.827	266	145	11	50	279	1732	1994	3.80e-20	94.0
PfIT_120045700|DBLe|2|1623|1947	PV0256-C.g24	28.517	263	140	12	48	268	1277	1533	6.45e-16	81.3
PfIT_120045700|DBLe|2|1623|1947	PV0256-C.g24	30.734	218	114	11	49	233	110	323	1.13e-13	74.3
PfIT_120045700|DBLe|2|1623|1947	PV0256-C.g24	26.423	246	128	7	50	249	826	1064	8.08e-12	68.6
PfIT_120045700|ATS|1|1976|2429	PV0246-C.g3	83.624	458	63	5	1	454	3066	3515	0.0	760
PfIT_120045700|ATS|1|1976|2429	PD0590-C.g548	76.989	465	88	7	1	448	2191	2653	0.0	710
PfIT_120045700|ATS|1|1976|2429	PD0585-C.g522	76.989	465	88	7	1	448	2191	2653	0.0	710
PfIT_120045700|ATS|1|1976|2429	PFKE11.g671	70.140	499	101	7	1	454	2046	2541	0.0	696
PfIT_120045700|ATS|1|1976|2429	PfKE02.g507	69.897	485	109	8	1	454	1741	2219	0.0	642
PfIT_120045800|NTS|1|1|72	PM0029-C.g714	75.862	58	13	1	15	72	18	74	1.51e-21	88.2
PfIT_120045800|NTS|1|1|72	PM0114-C.g168	75.862	58	13	1	15	72	18	74	1.59e-21	88.2
PfIT_120045800|NTS|1|1|72	PA0044-C.g542	75.862	58	13	1	15	72	18	74	1.62e-21	88.2
PfIT_120045800|NTS|1|1|72	SenT190.09.g910	75.862	58	13	1	15	72	18	74	1.67e-21	88.2
PfIT_120045800|NTS|1|1|72	PF0456-C.g419	68.182	66	21	0	7	72	9	74	2.76e-21	87.4
PfIT_120045800|DBLa|1|73|524	PF0158-C.g409	66.307	463	125	8	8	452	79	528	0.0	599
PfIT_120045800|DBLa|1|73|524	PF0158-C.g409	24.390	205	114	5	152	323	1122	1318	6.67e-11	67.4
PfIT_120045800|DBLa|1|73|524	PA0094-C.g267	66.449	459	134	10	1	452	63	508	0.0	585
PfIT_120045800|DBLa|1|73|524	PA0094-C.g267	32.432	111	73	2	232	342	1204	1312	8.56e-09	60.5
PfIT_120045800|DBLa|1|73|524	PA0254-C.g849	66.809	467	122	10	1	452	67	515	0.0	585
PfIT_120045800|DBLa|1|73|524	PA0254-C.g849	25.869	259	167	7	113	351	1040	1293	1.88e-16	84.7
PfIT_120045800|DBLa|1|73|524	PT0242-Cx.g626	66.809	467	122	10	1	452	67	515	0.0	584
PfIT_120045800|DBLa|1|73|524	PT0242-Cx.g626	28.077	260	146	6	121	342	1028	1284	7.67e-17	85.9
PfIT_120045800|DBLa|1|73|524	PM0136-C.g507	66.595	467	123	10	1	452	63	511	0.0	584
PfIT_120045800|DBLa|1|73|524	PM0136-C.g507	23.288	292	158	11	137	390	1064	1327	3.03e-09	62.0
PfIT_120045800|CIDRa|1|525|836	PA0200-C.g652	65.443	327	82	9	1	312	496	806	1.73e-117	373
PfIT_120045800|CIDRa|1|525|836	PT0109-C.g723	65.443	327	82	9	1	312	496	806	1.92e-117	373
PfIT_120045800|CIDRa|1|525|836	PA0018-C.g492	58.991	317	112	5	1	312	497	800	9.60e-115	355
PfIT_120045800|CIDRa|1|525|836	PM0134-C.g1346	61.218	312	111	4	1	303	506	816	3.07e-114	364
PfIT_120045800|CIDRa|1|525|836	PA0195-C.g609	58.991	317	112	5	1	312	497	800	3.44e-111	355
PfIT_120045800|DBLd|1|897|1484	PA0041-C.g683	53.976	591	216	15	1	549	336	912	0.0	550
PfIT_120045800|DBLd|1|897|1484	SenT231.08.g254	44.025	636	192	20	1	588	900	1419	6.00e-142	453
PfIT_120045800|DBLd|1|897|1484	SenT231.08.g254	31.414	191	107	7	413	588	316	497	4.85e-14	78.2
PfIT_120045800|DBLd|1|897|1484	SenT097.09.g357	45.595	647	240	23	1	588	817	1410	1.55e-141	452
PfIT_120045800|DBLd|1|897|1484	SenT097.09.g357	33.333	189	108	7	413	588	286	469	2.80e-17	88.6
PfIT_120045800|DBLd|1|897|1484	PM0134-C.g832	45.396	619	219	22	1	588	896	1426	2.36e-141	452
PfIT_120045800|DBLd|1|897|1484	PM0134-C.g832	40.385	104	58	3	413	514	304	405	1.09e-15	83.6
PfIT_120045800|DBLd|1|897|1484	SenT013.11.g506	43.485	637	248	19	1	588	813	1386	3.12e-140	448
PfIT_120045800|DBLd|1|897|1484	SenT013.11.g506	32.086	187	107	8	413	588	299	476	9.08e-16	84.0
PfIT_120045800|CIDRg|1|1485|1756	PD0507-C.g570	67.870	277	74	6	1	272	1379	1645	7.42e-115	365
PfIT_120045800|CIDRg|1|1485|1756	PC0032-C.g2	65.328	274	87	5	1	270	1529	1798	3.90e-112	357
PfIT_120045800|CIDRg|1|1485|1756	PA0228-C.g4749	65.556	270	87	4	1	266	1426	1693	7.29e-112	356
PfIT_120045800|CIDRg|1|1485|1756	QG0246-C.g6	65.556	270	87	4	1	266	1395	1662	8.60e-112	355
PfIT_120045800|CIDRg|1|1485|1756	PT0137-C.g846	64.338	272	91	3	1	271	1300	1566	6.38e-109	347
PfIT_120045800|ATS|1|1868|2342	PF0092-C.g708	85.773	485	52	6	1	475	1720	2197	0.0	796
PfIT_120045800|ATS|1|1868|2342	QE0454-C.g647	85.567	485	53	6	1	475	1716	2193	0.0	795
PfIT_120045800|ATS|1|1868|2342	PFKE07.g932	94.537	421	22	1	1	421	1791	2210	0.0	794
PfIT_120045800|ATS|1|1868|2342	PD0590-C.g548	82.068	474	71	6	1	470	2191	2654	0.0	765
PfIT_120045800|ATS|1|1868|2342	PD0585-C.g522	82.068	474	71	6	1	470	2191	2654	0.0	765
PfIT_120046200|NTS|1|1|61	QE0419-C.g325	100.000	61	0	0	1	61	1	61	4.62e-35	126
PfIT_120046200|NTS|1|1|61	PM0071-C.g96	100.000	61	0	0	1	61	1	61	5.82e-35	125
PfIT_120046200|NTS|1|1|61	PH0341-C.g430	100.000	61	0	0	1	61	1	61	9.29e-35	125
PfIT_120046200|NTS|1|1|61	QE0419-C.g678	100.000	61	0	0	1	61	1	61	9.66e-35	125
PfIT_120046200|NTS|1|1|61	PA0204-C.g420	100.000	61	0	0	1	61	2	62	9.95e-35	125
PfIT_120046200|DBLa|1|62|526	QE0419-C.g678	100.000	465	0	0	1	465	62	526	0.0	960
PfIT_120046200|DBLa|1|62|526	QE0419-C.g678	24.242	330	193	12	96	393	1066	1370	1.44e-10	66.2
PfIT_120046200|DBLa|1|62|526	PH0341-C.g430	99.785	465	1	0	1	465	62	526	0.0	957
PfIT_120046200|DBLa|1|62|526	PH0341-C.g430	24.242	330	193	12	96	393	1066	1370	1.35e-10	66.2
PfIT_120046200|DBLa|1|62|526	QE0419-C.g325	77.590	473	90	5	1	465	62	526	0.0	704
PfIT_120046200|DBLa|1|62|526	QE0419-C.g325	32.895	304	159	10	51	353	1669	1928	8.98e-32	131
PfIT_120046200|DBLa|1|62|526	QE0419-C.g325	26.923	260	162	6	193	449	1077	1311	4.49e-14	77.4
PfIT_120046200|DBLa|1|62|526	PM0062-C.g462	76.809	470	84	7	1	465	62	511	0.0	701
PfIT_120046200|DBLa|1|62|526	PM0062-C.g462	28.571	343	164	14	124	465	1074	1336	6.78e-14	77.0
PfIT_120046200|DBLa|1|62|526	PF0158-C.g527	76.809	470	84	7	1	465	62	511	0.0	701
PfIT_120046200|DBLa|1|62|526	PF0158-C.g527	28.571	343	164	14	124	465	1074	1336	6.78e-14	77.0
PfIT_120046200|CIDRa|1|527|861	QE0419-C.g678	98.240	341	0	1	1	335	527	867	0.0	686
PfIT_120046200|CIDRa|1|527|861	PH0341-C.g430	98.240	341	0	1	1	335	527	867	0.0	686
PfIT_120046200|CIDRa|1|527|861	PM0142-C.g659	64.118	340	95	5	1	335	519	836	3.19e-121	385
PfIT_120046200|CIDRa|1|527|861	PM0049-C.g492	63.720	328	80	5	1	327	532	821	2.68e-120	383
PfIT_120046200|CIDRa|1|527|861	PF0037-C.g607	63.720	328	80	5	1	327	515	804	2.70e-120	382
PfIT_120046200|DBLd|1|921|1396	QE0419-C.g678	100.000	476	0	0	1	476	927	1402	0.0	989
PfIT_120046200|DBLd|1|921|1396	QE0419-C.g678	24.675	231	132	8	224	444	256	454	1.70e-09	62.8
PfIT_120046200|DBLd|1|921|1396	PH0341-C.g430	100.000	476	0	0	1	476	927	1402	0.0	988
PfIT_120046200|DBLd|1|921|1396	PH0341-C.g430	24.242	330	193	12	140	444	157	454	3.99e-11	68.2
PfIT_120046200|DBLd|1|921|1396	QE0438-C.g697	57.364	516	168	12	1	476	900	1403	4.46e-171	528
PfIT_120046200|DBLd|1|921|1396	QE0438-C.g697	28.571	392	155	14	18	406	426	695	1.14e-29	125
PfIT_120046200|DBLd|1|921|1396	QE0438-C.g697	26.230	427	202	13	45	469	38	353	3.68e-27	118
PfIT_120046200|DBLd|1|921|1396	QE0424-C.g33	57.364	516	168	12	1	476	2151	2654	1.61e-168	528
PfIT_120046200|DBLd|1|921|1396	QE0424-C.g33	28.571	392	155	14	18	406	1677	1946	1.81e-29	125
PfIT_120046200|DBLd|1|921|1396	QE0424-C.g33	26.230	427	202	13	45	469	1289	1604	6.16e-27	117
PfIT_120046200|DBLd|1|921|1396	QE0424-C.g33	23.506	251	135	7	162	402	181	384	8.56e-09	60.8
PfIT_120046200|DBLd|1|921|1396	PF0113-C.g340	54.528	508	184	19	1	476	855	1347	4.63e-154	480
PfIT_120046200|DBLd|1|921|1396	PF0113-C.g340	28.846	104	71	1	317	417	276	379	1.01e-07	57.4
PfIT_120046200|CIDRb|1|1397|1656	QE0419-C.g678	100.000	260	0	0	1	260	1403	1662	4.69e-179	538
PfIT_120046200|CIDRb|1|1397|1656	PH0341-C.g430	99.615	260	1	0	1	260	1403	1662	8.66e-178	535
PfIT_120046200|CIDRb|1|1397|1656	PV0239-C.g5	82.869	251	36	4	1	248	4514	4760	6.67e-129	404
PfIT_120046200|CIDRb|1|1397|1656	PV0239-C.g5	40.496	242	136	4	9	248	3213	3448	1.12e-42	157
PfIT_120046200|CIDRb|1|1397|1656	PV0239-C.g5	34.733	262	154	7	1	260	2044	2290	6.54e-33	129
PfIT_120046200|CIDRb|1|1397|1656	PV0256-C.g66	86.842	228	24	3	21	248	1354	1575	5.27e-127	397
PfIT_120046200|CIDRb|1|1397|1656	QG0282-C.g623	72.414	261	64	3	1	254	638	897	6.16e-124	378
PfIT_120046200|ATS|1|1751|2231	PA0221-C.g780	86.270	488	44	3	1	481	1803	2274	0.0	800
PfIT_120046200|ATS|1|1751|2231	PFKE11.g671	77.426	505	81	8	1	481	2046	2541	0.0	746
PfIT_120046200|ATS|1|1751|2231	QE0439-C.g985	83.678	484	74	4	1	481	1674	2155	0.0	744
PfIT_120046200|ATS|1|1751|2231	PV0089-C.g38	78.252	515	62	8	1	481	1747	2245	0.0	743
PfIT_120046200|ATS|1|1751|2231	PD0472-C.g722	79.752	484	85	8	1	481	1681	2154	0.0	727
PfIT_120060300|NTS|1|1|69	PD0519-C.g208	100.000	69	0	0	1	69	1	69	3.78e-42	146
PfIT_120060300|NTS|1|1|69	PD0491-C.g1175	100.000	69	0	0	1	69	1	69	3.90e-42	146
PfIT_120060300|NTS|1|1|69	PD0552-C.g319	100.000	69	0	0	1	69	1	69	4.46e-42	146
PfIT_120060300|NTS|1|1|69	PD0638-C.g566	100.000	69	0	0	1	69	1	69	5.16e-42	146
PfIT_120060300|NTS|1|1|69	PD0481-C.g130	100.000	69	0	0	1	69	1	69	1.02e-41	145
PfIT_120060300|DBLa|1|70|463	PD0515-C.g294	100.000	394	0	0	1	394	70	463	0.0	825
PfIT_120060300|DBLa|1|70|463	PD0515-C.g294	31.183	279	169	7	53	329	1224	1481	2.70e-31	128
PfIT_120060300|DBLa|1|70|463	PD0515-C.g294	24.333	300	145	12	54	330	1592	1832	2.81e-12	71.2
PfIT_120060300|DBLa|1|70|463	PD0515-C.g294	25.000	268	136	11	45	309	1957	2162	1.13e-11	69.3
PfIT_120060300|DBLa|1|70|463	PD0515-C.g294	23.154	298	158	12	51	324	804	1054	5.78e-08	57.4
PfIT_120060300|DBLa|1|70|463	PD0532-C.g489	85.861	389	48	3	8	394	76	459	0.0	661
PfIT_120060300|DBLa|1|70|463	PD0532-C.g489	31.183	279	169	7	53	329	1220	1477	3.23e-31	128
PfIT_120060300|DBLa|1|70|463	PD0532-C.g489	24.333	300	145	12	54	330	1588	1828	3.29e-12	70.9
PfIT_120060300|DBLa|1|70|463	PD0532-C.g489	25.000	268	136	11	45	309	1953	2158	1.24e-11	68.9
PfIT_120060300|DBLa|1|70|463	PD0532-C.g489	23.154	298	158	12	51	324	800	1050	6.82e-08	57.4
PfIT_120060300|DBLa|1|70|463	PD0532-C.g513	80.051	396	71	3	2	394	70	460	0.0	645
PfIT_120060300|DBLa|1|70|463	PD0532-C.g513	31.183	279	169	7	53	329	1221	1478	3.48e-31	128
PfIT_120060300|DBLa|1|70|463	PD0532-C.g513	24.333	300	145	12	54	330	1589	1829	3.32e-12	70.9
PfIT_120060300|DBLa|1|70|463	PD0532-C.g513	25.000	268	136	11	45	309	1954	2159	1.21e-11	68.9
PfIT_120060300|DBLa|1|70|463	PD0532-C.g513	23.154	298	158	12	51	324	801	1051	7.58e-08	57.0
PfIT_120060300|DBLa|1|70|463	PD0514-C.g319	80.051	396	71	3	2	394	70	460	0.0	645
PfIT_120060300|DBLa|1|70|463	PD0514-C.g319	31.183	279	169	7	53	329	1221	1478	3.48e-31	128
PfIT_120060300|DBLa|1|70|463	PD0514-C.g319	24.333	300	145	12	54	330	1589	1829	3.32e-12	70.9
PfIT_120060300|DBLa|1|70|463	PD0514-C.g319	25.000	268	136	11	45	309	1954	2159	1.21e-11	68.9
PfIT_120060300|DBLa|1|70|463	PD0514-C.g319	23.154	298	158	12	51	324	801	1051	7.58e-08	57.0
PfIT_120060300|DBLa|1|70|463	PD0544-C.g308	78.141	398	79	4	1	394	70	463	0.0	608
PfIT_120060300|DBLa|1|70|463	PD0544-C.g308	34.069	317	162	14	21	326	838	1118	5.46e-37	145
PfIT_120060300|DBLa|1|70|463	PD0544-C.g308	31.076	251	150	7	22	261	1672	1910	1.67e-29	123
PfIT_120060300|DBLa|1|70|463	PD0544-C.g308	22.648	287	171	8	53	327	1276	1523	5.29e-10	63.9
PfIT_120060300|CIDRb|1|464|719	PD0532-C.g489	100.000	256	0	0	1	256	460	715	1.09e-168	516
PfIT_120060300|CIDRb|1|464|719	PD0532-C.g513	100.000	256	0	0	1	256	461	716	1.10e-168	516
PfIT_120060300|CIDRb|1|464|719	PD0514-C.g319	100.000	256	0	0	1	256	461	716	1.10e-168	516
PfIT_120060300|CIDRb|1|464|719	PD0515-C.g294	100.000	256	0	0	1	256	464	719	1.36e-168	516
PfIT_120060300|CIDRb|1|464|719	PH0610-C.g107	89.062	256	28	0	1	256	459	714	1.38e-155	464
PfIT_120060300|DBLg|1|763|1122	PD0532-C.g513	100.000	360	0	0	1	360	760	1119	0.0	742
PfIT_120060300|DBLg|1|763|1122	PD0532-C.g513	27.327	333	184	13	44	360	1588	1878	5.17e-20	94.4
PfIT_120060300|DBLg|1|763|1122	PD0532-C.g513	27.429	350	194	14	45	358	1222	1547	8.32e-18	87.4
PfIT_120060300|DBLg|1|763|1122	PD0532-C.g513	29.048	210	113	5	39	248	1957	2130	2.00e-14	77.4
PfIT_120060300|DBLg|1|763|1122	PD0532-C.g513	22.535	284	170	8	43	292	123	390	1.81e-09	62.0
PfIT_120060300|DBLg|1|763|1122	PD0514-C.g319	100.000	360	0	0	1	360	760	1119	0.0	742
PfIT_120060300|DBLg|1|763|1122	PD0514-C.g319	27.327	333	184	13	44	360	1588	1878	5.17e-20	94.4
PfIT_120060300|DBLg|1|763|1122	PD0514-C.g319	27.429	350	194	14	45	358	1222	1547	8.32e-18	87.4
PfIT_120060300|DBLg|1|763|1122	PD0514-C.g319	29.048	210	113	5	39	248	1957	2130	2.00e-14	77.4
PfIT_120060300|DBLg|1|763|1122	PD0514-C.g319	22.535	284	170	8	43	292	123	390	1.81e-09	62.0
PfIT_120060300|DBLg|1|763|1122	PV0028-C.g49	100.000	360	0	0	1	360	955	1314	0.0	742
PfIT_120060300|DBLg|1|763|1122	PV0028-C.g49	27.327	333	184	13	44	360	1783	2073	5.87e-20	94.0
PfIT_120060300|DBLg|1|763|1122	PV0028-C.g49	27.429	350	194	14	45	358	1417	1742	8.68e-18	87.4
PfIT_120060300|DBLg|1|763|1122	PV0028-C.g49	29.048	210	113	5	39	248	2152	2325	2.24e-14	77.0
PfIT_120060300|DBLg|1|763|1122	PV0028-C.g49	23.675	283	166	9	43	292	123	388	9.43e-10	62.8
PfIT_120060300|DBLg|1|763|1122	PD0532-C.g489	100.000	360	0	0	1	360	759	1118	0.0	742
PfIT_120060300|DBLg|1|763|1122	PD0532-C.g489	27.492	331	186	12	44	360	1587	1877	5.03e-20	94.4
PfIT_120060300|DBLg|1|763|1122	PD0532-C.g489	27.429	350	194	14	45	358	1221	1546	5.87e-18	88.2
PfIT_120060300|DBLg|1|763|1122	PD0532-C.g489	29.048	210	113	5	39	248	1956	2129	1.70e-14	77.4
PfIT_120060300|DBLg|1|763|1122	PD0532-C.g489	22.603	292	161	9	43	292	121	389	2.60e-07	55.1
PfIT_120060300|DBLg|1|763|1122	PD0515-C.g294	100.000	360	0	0	1	360	763	1122	0.0	742
PfIT_120060300|DBLg|1|763|1122	PD0515-C.g294	27.327	333	184	13	44	360	1591	1881	4.90e-20	94.4
PfIT_120060300|DBLg|1|763|1122	PD0515-C.g294	27.429	350	194	14	45	358	1225	1550	6.99e-18	87.8
PfIT_120060300|DBLg|1|763|1122	PD0515-C.g294	29.048	210	113	5	39	248	1960	2133	2.09e-14	77.0
PfIT_120060300|DBLg|1|763|1122	PD0515-C.g294	23.154	298	158	12	42	292	120	393	2.57e-08	58.2
PfIT_120060300|DBLz|1|1135|1552	PD0494-C.g605	100.000	418	0	0	1	418	1124	1541	0.0	856
PfIT_120060300|DBLz|1|1135|1552	PD0494-C.g605	38.148	270	145	11	90	342	123	387	1.65e-39	153
PfIT_120060300|DBLz|1|1135|1552	PD0494-C.g605	25.485	361	213	12	76	416	785	1109	2.47e-19	93.2
PfIT_120060300|DBLz|1|1135|1552	PD0494-C.g605	26.941	219	123	8	76	291	1938	2122	6.49e-11	67.0
PfIT_120060300|DBLz|1|1135|1552	PD0494-C.g605	24.202	376	207	15	62	416	1550	1868	2.44e-10	65.1
PfIT_120060300|DBLz|1|1135|1552	PF0058-C.g162	100.000	418	0	0	1	418	1130	1547	0.0	855
PfIT_120060300|DBLz|1|1135|1552	PF0058-C.g162	32.588	313	182	9	90	381	120	424	5.20e-28	119
PfIT_120060300|DBLz|1|1135|1552	PF0058-C.g162	23.562	365	225	10	76	416	781	1115	5.80e-15	79.7
PfIT_120060300|DBLz|1|1135|1552	PF0058-C.g162	26.941	219	123	8	76	291	1944	2128	6.65e-11	67.0
PfIT_120060300|DBLz|1|1135|1552	PF0058-C.g162	24.202	376	207	15	62	416	1556	1874	2.84e-10	65.1
PfIT_120060300|DBLz|1|1135|1552	QE0451-C.g460	100.000	418	0	0	1	418	1130	1547	0.0	855
PfIT_120060300|DBLz|1|1135|1552	QE0451-C.g460	40.293	273	137	11	90	342	122	388	4.26e-43	164
PfIT_120060300|DBLz|1|1135|1552	QE0451-C.g460	26.000	350	199	13	91	416	802	1115	6.64e-16	82.8
PfIT_120060300|DBLz|1|1135|1552	QE0451-C.g460	24.468	376	206	15	62	416	1556	1874	5.08e-11	67.4
PfIT_120060300|DBLz|1|1135|1552	QE0451-C.g460	26.941	219	123	8	76	291	1944	2128	6.61e-11	67.0
PfIT_120060300|DBLz|1|1135|1552	PT0052-C.g304	100.000	418	0	0	1	418	1131	1548	0.0	855
PfIT_120060300|DBLz|1|1135|1552	PT0052-C.g304	35.690	297	167	10	68	342	96	390	3.10e-38	149
PfIT_120060300|DBLz|1|1135|1552	PT0052-C.g304	24.931	361	219	11	76	416	788	1116	2.55e-16	84.0
PfIT_120060300|DBLz|1|1135|1552	PT0052-C.g304	26.941	219	123	8	76	291	1945	2129	6.67e-11	67.0
PfIT_120060300|DBLz|1|1135|1552	PT0052-C.g304	24.202	376	207	15	62	416	1557	1875	2.50e-10	65.1
PfIT_120060300|DBLz|1|1135|1552	PM0015-C.g57	100.000	418	0	0	1	418	514	931	0.0	855
PfIT_120060300|DBLz|1|1135|1552	PM0015-C.g57	28.184	369	199	14	76	416	169	499	8.82e-20	94.7
PfIT_120060300|DBLz|1|1135|1552	PM0015-C.g57	26.941	219	123	8	76	291	1328	1512	7.35e-11	67.0
PfIT_120060300|DBLz|1|1135|1552	PM0015-C.g57	24.202	376	207	15	62	416	940	1258	2.28e-10	65.5
PfIT_120060300|DBLe|1|1546|1881	PV0028-C.g49	100.000	336	0	0	1	336	1738	2073	0.0	689
PfIT_120060300|DBLe|1|1546|1881	PV0028-C.g49	27.492	331	186	12	46	336	998	1314	1.17e-19	92.8
PfIT_120060300|DBLe|1|1546|1881	PV0028-C.g49	26.613	248	141	8	42	277	2153	2371	3.24e-13	73.2
PfIT_120060300|DBLe|1|1546|1881	PV0028-C.g49	23.841	302	146	11	47	290	125	400	2.84e-11	67.4
PfIT_120060300|DBLe|1|1546|1881	PV0028-C.g49	22.895	380	207	14	16	334	1388	1742	8.89e-09	59.7
PfIT_120060300|DBLe|1|1546|1881	PD0532-C.g489	100.000	336	0	0	1	336	1542	1877	0.0	688
PfIT_120060300|DBLe|1|1546|1881	PD0532-C.g489	27.492	331	186	12	46	336	802	1118	1.15e-19	92.8
PfIT_120060300|DBLe|1|1546|1881	PD0532-C.g489	26.613	248	141	8	42	277	1957	2175	2.90e-13	73.2
PfIT_120060300|DBLe|1|1546|1881	PD0532-C.g489	24.900	249	119	10	97	287	157	395	2.64e-11	67.4
PfIT_120060300|DBLe|1|1546|1881	PD0532-C.g489	22.895	380	207	14	16	334	1192	1546	8.13e-09	59.7
PfIT_120060300|DBLe|1|1546|1881	PF0330-C.g524	100.000	336	0	0	1	336	1527	1862	0.0	688
PfIT_120060300|DBLe|1|1546|1881	PF0330-C.g524	28.049	328	188	11	46	336	787	1103	2.88e-22	100
PfIT_120060300|DBLe|1|1546|1881	PF0330-C.g524	26.613	248	141	8	42	277	1942	2160	2.88e-13	73.2
PfIT_120060300|DBLe|1|1546|1881	PF0330-C.g524	23.875	289	130	10	47	275	109	367	3.32e-11	67.0
PfIT_120060300|DBLe|1|1546|1881	PF0330-C.g524	22.895	380	207	14	16	334	1177	1531	7.94e-09	59.7
PfIT_120060300|DBLe|1|1546|1881	PD0532-C.g513	100.000	336	0	0	1	336	1543	1878	0.0	688
PfIT_120060300|DBLe|1|1546|1881	PD0532-C.g513	27.492	331	186	12	46	336	803	1119	1.34e-19	92.4
PfIT_120060300|DBLe|1|1546|1881	PD0532-C.g513	25.589	297	140	13	47	287	125	396	6.70e-14	75.1
PfIT_120060300|DBLe|1|1546|1881	PD0532-C.g513	26.613	248	141	8	42	277	1958	2176	3.38e-13	73.2
PfIT_120060300|DBLe|1|1546|1881	PD0532-C.g513	22.895	380	207	14	16	334	1193	1547	8.81e-09	59.3
PfIT_120060300|DBLe|1|1546|1881	PD0515-C.g294	100.000	336	0	0	1	336	1546	1881	0.0	688
PfIT_120060300|DBLe|1|1546|1881	PD0515-C.g294	27.492	331	186	12	46	336	806	1122	1.19e-19	92.4
PfIT_120060300|DBLe|1|1546|1881	PD0515-C.g294	26.613	248	141	8	42	277	1961	2179	3.47e-13	73.2
PfIT_120060300|DBLe|1|1546|1881	PD0515-C.g294	24.333	300	145	12	47	287	123	399	3.25e-12	70.1
PfIT_120060300|DBLe|1|1546|1881	PD0515-C.g294	22.895	380	207	14	16	334	1196	1550	8.13e-09	59.7
PfIT_120060300|DBLe|2|1917|2234	PA0165-C.g195	100.000	318	0	0	1	318	1917	2234	0.0	655
PfIT_120060300|DBLe|2|1917|2234	PA0165-C.g195	26.210	248	142	7	45	263	1587	1822	1.20e-13	74.3
PfIT_120060300|DBLe|2|1917|2234	PA0165-C.g195	31.628	215	95	8	47	217	804	1010	5.56e-13	72.0
PfIT_120060300|DBLe|2|1917|2234	PA0165-C.g195	27.727	220	120	9	33	217	1210	1425	5.72e-11	65.9
PfIT_120060300|DBLe|2|1917|2234	PA0165-C.g195	24.528	265	142	10	40	246	114	378	1.14e-09	62.0
PfIT_120060300|DBLe|2|1917|2234	QE0451-C.g460	100.000	318	0	0	1	318	1912	2229	0.0	655
PfIT_120060300|DBLe|2|1917|2234	QE0451-C.g460	26.210	248	142	7	45	263	1582	1817	1.20e-13	74.3
PfIT_120060300|DBLe|2|1917|2234	QE0451-C.g460	27.488	211	115	6	44	217	796	1005	4.07e-11	66.6
PfIT_120060300|DBLe|2|1917|2234	QE0451-C.g460	24.016	254	137	9	48	246	121	373	4.30e-11	66.2
PfIT_120060300|DBLe|2|1917|2234	QE0451-C.g460	26.941	219	123	8	33	217	1205	1420	4.50e-11	66.2
PfIT_120060300|DBLe|2|1917|2234	PD0532-C.g489	100.000	318	0	0	1	318	1913	2230	0.0	655
PfIT_120060300|DBLe|2|1917|2234	PD0532-C.g489	29.048	210	113	5	44	217	797	1006	1.07e-14	77.4
PfIT_120060300|DBLe|2|1917|2234	PD0532-C.g489	26.613	248	141	8	45	263	1583	1818	2.47e-13	73.2
PfIT_120060300|DBLe|2|1917|2234	PD0532-C.g489	26.941	219	123	8	33	217	1206	1421	4.11e-11	66.2
PfIT_120060300|DBLe|2|1917|2234	PD0532-C.g489	23.735	257	135	10	48	246	121	374	1.79e-08	58.2
PfIT_120060300|DBLe|2|1917|2234	PT0052-C.g304	100.000	318	0	0	1	318	1913	2230	0.0	654
PfIT_120060300|DBLe|2|1917|2234	PT0052-C.g304	25.806	248	143	7	45	263	1583	1818	5.28e-13	72.0
PfIT_120060300|DBLe|2|1917|2234	PT0052-C.g304	27.572	243	126	11	44	242	116	352	1.23e-11	68.2
PfIT_120060300|DBLe|2|1917|2234	PT0052-C.g304	26.941	219	123	8	33	217	1206	1421	3.72e-11	66.6
PfIT_120060300|DBLe|2|1917|2234	PT0052-C.g304	28.502	207	111	8	47	217	801	1006	5.07e-10	63.2
PfIT_120060300|DBLe|2|1917|2234	PT0014-CW.g118	100.000	318	0	0	1	318	1910	2227	0.0	654
PfIT_120060300|DBLe|2|1917|2234	PT0014-CW.g118	25.806	248	143	7	45	263	1580	1815	4.69e-13	72.4
PfIT_120060300|DBLe|2|1917|2234	PT0014-CW.g118	30.516	213	99	6	47	217	798	1003	4.41e-12	69.3
PfIT_120060300|DBLe|2|1917|2234	PT0014-CW.g118	26.941	219	123	8	33	217	1203	1418	4.34e-11	66.2
PfIT_120060300|DBLe|2|1917|2234	PT0014-CW.g118	22.069	290	172	9	48	283	122	411	3.48e-07	54.3
PfIT_120060300|ATS|1|2297|2716	PV0028-C.g49	100.000	420	0	0	1	420	2489	2908	0.0	868
PfIT_120060300|ATS|1|2297|2716	PF0513-C.g5231	90.521	422	36	4	2	420	2389	2809	0.0	766
PfIT_120060300|ATS|1|2297|2716	PFKE07.g424	89.125	423	42	4	1	420	2619	3040	0.0	763
PfIT_120060300|ATS|1|2297|2716	PFKE07.g1073	84.798	421	55	3	1	420	3671	4083	0.0	728
PfIT_120060300|ATS|1|2297|2716	PD0507-C.g826	83.710	442	47	7	2	420	2910	3349	0.0	727
PfIT_120060400|NTS|1|1|69	SenT136.09.g356	100.000	69	0	0	1	69	1	69	6.32e-42	146
PfIT_120060400|NTS|1|1|69	PH0778-C.g624	98.551	69	1	0	1	69	1	69	1.84e-40	142
PfIT_120060400|NTS|1|1|69	PA0041-C.g510	75.362	69	13	2	1	69	1	65	7.02e-26	100
PfIT_120060400|NTS|1|1|69	PA0270-C.g372	71.831	71	15	2	1	69	1	68	8.74e-25	97.4
PfIT_120060400|NTS|1|1|69	PA0260-C.g534	77.049	61	11	1	9	69	25	82	2.68e-23	93.2
PfIT_120060400|DBLa|1|70|485	SenT136.09.g356	96.394	416	10	2	1	416	70	480	0.0	832
PfIT_120060400|DBLa|1|70|485	SenT136.09.g356	31.731	312	172	14	18	316	1293	1576	1.26e-29	124
PfIT_120060400|DBLa|1|70|485	SenT136.09.g356	25.240	313	163	12	16	309	1680	1940	4.54e-14	77.0
PfIT_120060400|DBLa|1|70|485	SenT136.09.g356	23.279	305	199	8	46	343	885	1161	3.86e-09	61.2
PfIT_120060400|DBLa|1|70|485	PH0778-C.g624	93.897	426	13	2	1	416	70	492	0.0	815
PfIT_120060400|DBLa|1|70|485	PH0778-C.g624	30.303	198	101	7	221	416	1270	1432	8.02e-12	69.7
PfIT_120060400|DBLa|1|70|485	PA0260-C.g534	74.883	426	90	5	1	416	83	501	0.0	631
PfIT_120060400|DBLa|1|70|485	PA0260-C.g534	26.498	317	158	8	143	416	1116	1400	3.20e-16	83.6
PfIT_120060400|DBLa|1|70|485	PM0117-C.g313	75.300	417	91	6	1	416	64	469	0.0	616
PfIT_120060400|DBLa|1|70|485	PM0117-C.g313	23.885	314	193	8	125	416	1469	1758	2.39e-13	74.7
PfIT_120060400|DBLa|1|70|485	PM0117-C.g313	24.383	324	189	12	10	317	848	1131	1.81e-09	62.4
PfIT_120060400|DBLa|1|70|485	PA0184-C.g277	75.060	417	96	6	1	416	64	473	0.0	612
PfIT_120060400|DBLa|1|70|485	PA0184-C.g277	28.657	335	167	11	119	416	1483	1782	1.20e-25	112
PfIT_120060400|CIDRa|1|486|775	PH0778-C.g624	98.270	289	5	0	1	289	493	781	0.0	578
PfIT_120060400|CIDRa|1|486|775	PM0015-C.g7	98.270	289	5	0	1	289	173	461	0.0	577
PfIT_120060400|CIDRa|1|486|775	SenT136.09.g356	98.270	289	5	0	1	289	481	769	0.0	573
PfIT_120060400|CIDRa|1|486|775	PH0059-C.g418	77.474	293	55	4	1	288	534	820	7.29e-134	417
PfIT_120060400|CIDRa|1|486|775	QE0423-C.g1027	77.474	293	55	4	1	288	534	820	9.89e-134	417
PfIT_120060400|DBLd|1|850|1385	PH0594-C.g1106	75.136	551	73	13	1	536	815	1316	0.0	749
PfIT_120060400|DBLd|1|850|1385	PH0594-C.g1106	25.816	337	174	18	237	536	177	474	1.22e-11	70.1
PfIT_120060400|DBLd|1|850|1385	PD0515-C.g1103	72.274	541	79	7	1	536	813	1287	0.0	717
PfIT_120060400|DBLd|1|850|1385	PD0515-C.g1103	25.329	304	162	13	263	536	215	483	4.63e-14	77.8
PfIT_120060400|DBLd|1|850|1385	PD0473-C.g96	55.732	567	165	16	1	536	220	731	0.0	548
PfIT_120060400|DBLd|1|850|1385	PD0532-C.g669	55.732	567	165	16	1	536	854	1365	1.24e-177	546
PfIT_120060400|DBLd|1|850|1385	PD0514-C.g719	55.732	567	165	16	1	536	854	1365	1.24e-177	546
PfIT_120060400|CIDRb|1|1386|1643	PD0473-C.g96	100.000	258	0	0	1	258	732	989	0.0	531
PfIT_120060400|CIDRb|1|1386|1643	PD0515-C.g1103	100.000	258	0	0	1	258	1288	1545	1.07e-176	530
PfIT_120060400|CIDRb|1|1386|1643	PD0515-C.g1103	27.350	117	67	2	91	189	574	690	2.42e-07	53.9
PfIT_120060400|CIDRb|1|1386|1643	PD0532-C.g669	100.000	258	0	0	1	258	1366	1623	6.37e-176	530
PfIT_120060400|CIDRb|1|1386|1643	PD0514-C.g719	100.000	258	0	0	1	258	1366	1623	6.37e-176	530
PfIT_120060400|CIDRb|1|1386|1643	PH0594-C.g1106	83.529	255	39	1	1	255	1317	1568	4.61e-139	430
PfIT_120060400|CIDRb|1|1386|1643	PH0594-C.g1106	27.225	191	122	5	30	206	499	686	4.08e-11	65.1
PfIT_120060400|ATS|1|1738|2250	PV0028-C.g45	93.868	424	26	0	1	424	1690	2113	0.0	828
PfIT_120060400|ATS|1|1738|2250	PV0239-C.g10	78.558	527	70	9	1	513	3361	3858	0.0	789
PfIT_120060400|ATS|1|1738|2250	PFKE12.g465	77.290	524	74	10	1	513	1773	2262	0.0	763
PfIT_120060400|ATS|1|1738|2250	PA0270-C.g443	74.708	514	70	7	1	513	2185	2639	0.0	734
PfIT_120060400|ATS|1|1738|2250	PfKE03.g242	73.321	521	82	8	1	513	1361	1832	0.0	707
PfIT_130005200|NTS|1|1|66	PD0481-C.g241	100.000	66	0	0	1	66	1	66	4.93e-39	137
PfIT_130005200|NTS|1|1|66	QE0483-C.g219	100.000	66	0	0	1	66	1	66	6.28e-39	137
PfIT_130005200|NTS|1|1|66	QE0417-C.g386	100.000	66	0	0	1	66	1	66	6.28e-39	137
PfIT_130005200|NTS|1|1|66	QE0392-C.g459	100.000	66	0	0	1	66	1	66	6.28e-39	137
PfIT_130005200|NTS|1|1|66	PT0222-C.g299	74.242	66	17	0	1	66	1	66	2.16e-24	95.9
PfIT_130005200|DBLa|1|67|484	QE0483-C.g219	100.000	418	0	0	1	418	67	484	0.0	875
PfIT_130005200|DBLa|1|67|484	QE0483-C.g219	30.909	330	159	13	54	372	878	1149	4.85e-26	113
PfIT_130005200|DBLa|1|67|484	QE0483-C.g219	27.500	360	206	13	94	418	1453	1792	1.29e-23	106
PfIT_130005200|DBLa|1|67|484	QE0483-C.g219	25.112	223	112	6	41	262	2155	2323	5.79e-11	67.4
PfIT_130005200|DBLa|1|67|484	QE0417-C.g386	100.000	418	0	0	1	418	67	484	0.0	875
PfIT_130005200|DBLa|1|67|484	QE0417-C.g386	30.909	330	159	13	54	372	878	1149	4.85e-26	113
PfIT_130005200|DBLa|1|67|484	QE0417-C.g386	27.500	360	206	13	94	418	1453	1792	1.29e-23	106
PfIT_130005200|DBLa|1|67|484	QE0417-C.g386	25.112	223	112	6	41	262	2155	2323	5.79e-11	67.4
PfIT_130005200|DBLa|1|67|484	QE0392-C.g459	100.000	418	0	0	1	418	67	484	0.0	875
PfIT_130005200|DBLa|1|67|484	QE0392-C.g459	30.909	330	159	13	54	372	878	1149	4.85e-26	113
PfIT_130005200|DBLa|1|67|484	QE0392-C.g459	27.500	360	206	13	94	418	1453	1792	1.29e-23	106
PfIT_130005200|DBLa|1|67|484	QE0392-C.g459	25.112	223	112	6	41	262	2155	2323	5.79e-11	67.4
PfIT_130005200|DBLa|1|67|484	PD0481-C.g241	100.000	418	0	0	1	418	67	484	0.0	874
PfIT_130005200|DBLa|1|67|484	PD0481-C.g241	30.488	328	162	12	54	372	878	1148	5.31e-25	110
PfIT_130005200|DBLa|1|67|484	PD0481-C.g241	27.797	295	162	6	148	418	1410	1677	8.58e-21	97.8
PfIT_130005200|DBLa|1|67|484	PD0481-C.g241	32.287	223	104	8	53	272	2470	2648	4.15e-19	92.4
PfIT_130005200|DBLa|1|67|484	PD0481-C.g241	23.125	320	178	9	30	331	2015	2284	6.47e-11	67.0
PfIT_130005200|DBLa|1|67|484	PH0549-C.g178	94.774	421	11	3	1	418	68	480	0.0	817
PfIT_130005200|DBLa|1|67|484	PH0549-C.g178	32.890	301	165	10	29	329	2445	2708	1.88e-37	147
PfIT_130005200|DBLa|1|67|484	PH0549-C.g178	30.488	328	162	12	54	372	874	1144	7.01e-25	110
PfIT_130005200|DBLa|1|67|484	PH0549-C.g178	28.571	259	134	6	184	418	1442	1673	9.93e-21	97.4
PfIT_130005200|DBLa|1|67|484	PH0549-C.g178	26.733	303	141	12	43	342	2838	3062	6.02e-16	82.8
PfIT_130005200|CIDRa|1|485|763	QE0483-C.g219	100.000	279	0	0	1	279	485	763	0.0	570
PfIT_130005200|CIDRa|1|485|763	QE0483-C.g219	29.358	109	71	1	123	231	1886	1988	7.03e-07	52.8
PfIT_130005200|CIDRa|1|485|763	QE0417-C.g386	100.000	279	0	0	1	279	485	763	0.0	570
PfIT_130005200|CIDRa|1|485|763	QE0417-C.g386	29.358	109	71	1	123	231	1886	1988	7.03e-07	52.8
PfIT_130005200|CIDRa|1|485|763	QE0392-C.g459	100.000	279	0	0	1	279	485	763	0.0	570
PfIT_130005200|CIDRa|1|485|763	QE0392-C.g459	29.358	109	71	1	123	231	1886	1988	7.03e-07	52.8
PfIT_130005200|CIDRa|1|485|763	PD0481-C.g241	100.000	279	0	0	1	279	485	763	0.0	569
PfIT_130005200|CIDRa|1|485|763	PD0481-C.g241	24.848	165	117	3	122	279	1765	1929	2.49e-07	54.3
PfIT_130005200|CIDRa|1|485|763	PH0549-C.g178	100.000	279	0	0	1	279	481	759	0.0	568
PfIT_130005200|CIDRa|1|485|763	PH0549-C.g178	24.848	165	117	3	122	279	1761	1925	4.34e-07	53.5
PfIT_130005200|DBLb|1|773|1214	PD0481-C.g241	100.000	442	0	0	1	442	773	1214	0.0	928
PfIT_130005200|DBLb|1|773|1214	PD0481-C.g241	28.800	375	201	14	81	442	2448	2769	3.65e-28	120
PfIT_130005200|DBLb|1|773|1214	PD0481-C.g241	30.488	328	162	12	106	376	120	438	1.90e-26	115
PfIT_130005200|DBLb|1|773|1214	PD0481-C.g241	21.519	316	191	8	57	332	1985	2283	1.17e-07	57.0
PfIT_130005200|DBLb|1|773|1214	PH0549-C.g178	100.000	442	0	0	1	442	769	1210	0.0	927
PfIT_130005200|DBLb|1|773|1214	PH0549-C.g178	29.268	451	256	16	16	442	2383	2794	2.71e-38	150
PfIT_130005200|DBLb|1|773|1214	PH0549-C.g178	30.435	322	165	11	106	376	121	434	6.03e-27	117
PfIT_130005200|DBLb|1|773|1214	PH0549-C.g178	28.782	271	157	9	89	353	2831	3071	5.07e-24	108
PfIT_130005200|DBLb|1|773|1214	PH0549-C.g178	23.370	368	198	14	56	375	1980	2311	6.40e-09	60.8
PfIT_130005200|DBLb|1|773|1214	PH0121-CW.g38	100.000	442	0	0	1	442	769	1210	0.0	927
PfIT_130005200|DBLb|1|773|1214	PH0121-CW.g38	29.268	451	256	16	16	442	2421	2832	2.61e-38	150
PfIT_130005200|DBLb|1|773|1214	PH0121-CW.g38	30.435	322	165	11	106	376	121	434	6.04e-27	117
PfIT_130005200|DBLb|1|773|1214	PH0121-CW.g38	28.782	271	157	9	89	353	2869	3109	4.80e-24	108
PfIT_130005200|DBLb|1|773|1214	PH0121-CW.g38	23.370	368	198	14	56	375	2018	2349	6.52e-09	60.8
PfIT_130005200|DBLb|1|773|1214	PD0667-C.g892	100.000	442	0	0	1	442	769	1210	0.0	927
PfIT_130005200|DBLb|1|773|1214	PD0667-C.g892	29.268	451	256	16	16	442	2383	2794	2.71e-38	150
PfIT_130005200|DBLb|1|773|1214	PD0667-C.g892	30.435	322	165	11	106	376	121	434	6.03e-27	117
PfIT_130005200|DBLb|1|773|1214	PD0667-C.g892	28.782	271	157	9	89	353	2831	3071	5.07e-24	108
PfIT_130005200|DBLb|1|773|1214	PD0667-C.g892	23.370	368	198	14	56	375	1980	2311	6.40e-09	60.8
PfIT_130005200|DBLb|1|773|1214	PH0117-C.g25	100.000	442	0	0	1	442	85	526	0.0	926
PfIT_130005200|DBLd|1|1233|1677	PH0549-C.g178	100.000	445	0	0	1	445	1229	1673	0.0	929
PfIT_130005200|DBLd|1|1233|1677	PH0549-C.g178	27.434	339	150	9	1	325	1983	2239	5.35e-28	120
PfIT_130005200|DBLd|1|1233|1677	PH0549-C.g178	33.889	180	91	4	293	445	302	480	6.54e-20	95.5
PfIT_130005200|DBLd|1|1233|1677	PH0549-C.g178	23.433	367	146	13	42	408	2841	3072	4.04e-09	61.6
PfIT_130005200|DBLd|1|1233|1677	PD0667-C.g892	100.000	445	0	0	1	445	1229	1673	0.0	929
PfIT_130005200|DBLd|1|1233|1677	PD0667-C.g892	27.434	339	150	9	1	325	1983	2239	5.35e-28	120
PfIT_130005200|DBLd|1|1233|1677	PD0667-C.g892	33.889	180	91	4	293	445	302	480	6.54e-20	95.5
PfIT_130005200|DBLd|1|1233|1677	PD0667-C.g892	23.433	367	146	13	42	408	2841	3072	4.04e-09	61.6
PfIT_130005200|DBLd|1|1233|1677	PH0117-C.g25	100.000	445	0	0	1	445	545	989	0.0	928
PfIT_130005200|DBLd|1|1233|1677	PH0117-C.g25	30.233	172	76	4	1	158	1299	1440	5.00e-11	67.4
PfIT_130005200|DBLd|1|1233|1677	PD0481-C.g241	100.000	445	0	0	1	445	1233	1677	0.0	928
PfIT_130005200|DBLd|1|1233|1677	PD0481-C.g241	31.672	341	137	12	1	325	1987	2247	8.76e-33	134
PfIT_130005200|DBLd|1|1233|1677	PD0481-C.g241	28.958	259	133	7	214	445	250	484	5.72e-22	101
PfIT_130005200|DBLd|1|1233|1677	PH0121-CW.g38	92.133	483	0	1	1	445	1229	1711	0.0	910
PfIT_130005200|DBLd|1|1233|1677	PH0121-CW.g38	27.434	339	150	9	1	325	2021	2277	4.98e-28	120
PfIT_130005200|DBLd|1|1233|1677	PH0121-CW.g38	33.889	180	91	4	293	445	302	480	6.09e-20	95.5
PfIT_130005200|DBLd|1|1233|1677	PH0121-CW.g38	23.433	367	146	13	42	408	2879	3110	3.87e-09	61.6
PfIT_130005200|CIDRg|1|1678|1929	PH0117-C.g25	100.000	252	0	0	1	252	990	1241	3.10e-172	514
PfIT_130005200|CIDRg|1|1678|1929	PD0481-C.g241	100.000	252	0	0	1	252	1678	1929	5.34e-167	513
PfIT_130005200|CIDRg|1|1678|1929	PH0121-CW.g38	100.000	252	0	0	1	252	1712	1963	1.27e-166	512
PfIT_130005200|CIDRg|1|1678|1929	PH0549-C.g178	100.000	252	0	0	1	252	1674	1925	1.68e-166	512
PfIT_130005200|CIDRg|1|1678|1929	PD0667-C.g892	100.000	252	0	0	1	252	1674	1925	1.68e-166	512
PfIT_130005200|DBLg|1|1987|2367	PD0519-C.g197	99.738	381	1	0	1	381	195	575	0.0	793
PfIT_130005200|DBLg|1|1987|2367	PD0481-C.g241	100.000	381	0	0	1	381	1987	2367	0.0	790
PfIT_130005200|DBLg|1|1987|2367	PD0481-C.g241	30.994	342	138	11	1	261	1233	1557	1.87e-35	140
PfIT_130005200|DBLg|1|1987|2367	PD0481-C.g241	22.674	344	194	10	46	337	116	439	3.81e-13	73.6
PfIT_130005200|DBLg|1|1987|2367	PD0481-C.g241	21.535	404	236	11	1	376	831	1181	1.68e-09	62.4
PfIT_130005200|DBLg|1|1987|2367	PD0473-C.g796	99.738	381	1	0	1	381	803	1183	0.0	790
PfIT_130005200|DBLg|1|1987|2367	PD0473-C.g796	25.670	261	136	9	33	261	101	335	2.13e-07	55.5
PfIT_130005200|DBLg|1|1987|2367	PD0585-C.g876	92.651	381	26	1	1	381	786	1164	0.0	674
PfIT_130005200|DBLg|1|1987|2367	PD0585-C.g876	23.148	324	174	11	33	305	98	397	2.35e-11	68.2
PfIT_130005200|DBLg|1|1987|2367	PC0061-C.g552	77.778	387	80	1	1	381	1219	1605	0.0	572
PfIT_130005200|DBLg|1|1987|2367	PC0061-C.g552	28.111	434	209	12	1	332	467	899	3.50e-38	148
PfIT_130005200|DBLg|1|1987|2367	PC0061-C.g552	24.566	346	194	12	34	344	1692	2005	6.08e-17	85.5
PfIT_130005200|DBLg|1|1987|2367	PC0061-C.g552	22.302	278	158	8	49	302	95	338	2.26e-11	68.2
PfIT_130005200|DBLz|1|2376|2796	PD0519-C.g197	100.000	421	0	0	1	421	584	1004	0.0	859
PfIT_130005200|DBLz|1|2376|2796	PD0519-C.g197	21.944	360	213	16	11	340	171	492	1.46e-07	56.2
PfIT_130005200|DBLz|1|2376|2796	PD0473-C.g796	100.000	421	0	0	1	421	1192	1612	0.0	857
PfIT_130005200|DBLz|1|2376|2796	PD0473-C.g796	26.333	300	172	7	76	331	89	383	6.46e-23	103
PfIT_130005200|DBLz|1|2376|2796	PD0473-C.g796	22.222	360	212	16	11	340	779	1100	1.01e-07	57.0
PfIT_130005200|DBLz|1|2376|2796	PD0481-C.g241	93.349	421	1	1	1	421	2376	2769	0.0	786
PfIT_130005200|DBLz|1|2376|2796	PD0481-C.g241	28.061	392	209	15	73	421	853	1214	3.38e-31	129
PfIT_130005200|DBLz|1|2376|2796	PD0481-C.g241	30.389	283	164	8	95	344	119	401	3.49e-25	111
PfIT_130005200|DBLz|1|2376|2796	PD0481-C.g241	25.000	188	119	8	155	340	2117	2284	2.50e-07	55.8
PfIT_130005200|DBLz|1|2376|2796	PD0481-C.g241	23.735	257	130	9	155	351	1377	1627	2.70e-07	55.5
PfIT_130005200|DBLz|1|2376|2796	PF0417-C.g186	78.385	421	90	1	1	421	1997	2416	0.0	679
PfIT_130005200|DBLz|1|2376|2796	PF0417-C.g186	28.571	259	151	7	78	309	97	348	6.88e-21	98.2
PfIT_130005200|DBLz|1|2376|2796	PF0417-C.g186	22.678	366	187	14	21	346	1603	1912	1.71e-08	59.3
PfIT_130005200|DBLz|1|2376|2796	PT0048-C.g185	77.700	426	89	2	1	421	1607	2031	0.0	676
PfIT_130005200|DBLz|1|2376|2796	PT0048-C.g185	29.787	376	198	13	2	348	766	1104	2.58e-37	147
PfIT_130005200|DBLz|1|2376|2796	PT0048-C.g185	29.487	312	171	10	76	346	95	398	7.27e-28	119
PfIT_130005200|DBLz|1|2376|2796	PT0048-C.g185	25.746	268	153	9	95	340	1273	1516	1.31e-14	78.6
PfIT_130005200|ATS|1|2887|3331	PV0234-C.g26	75.514	486	69	6	3	442	1737	2218	0.0	694
PfIT_130005200|ATS|1|2887|3331	PA0245-C.g998	76.304	460	92	7	1	445	1706	2163	0.0	657
PfIT_130005200|ATS|1|2887|3331	PV0211-C.g52	75.488	461	90	8	3	445	1847	2302	0.0	644
PfIT_130005200|ATS|1|2887|3331	PV0139-C.g46	79.551	445	74	7	3	445	2380	2809	0.0	638
PfIT_130005200|ATS|1|2887|3331	PV0028-C.g50	75.108	462	92	8	1	445	2600	3055	0.0	634
PfIT_130005300|NTS|1|1|68	PF0098-C.g65	100.000	68	0	0	1	68	1	68	3.00e-40	141
PfIT_130005300|NTS|1|1|68	PD0474-C.g216	100.000	68	0	0	1	68	1	68	3.16e-40	141
PfIT_130005300|NTS|1|1|68	PD0519-C.g522	100.000	68	0	0	1	68	1	68	5.65e-40	140
PfIT_130005300|NTS|1|1|68	PD0481-C.g375	100.000	68	0	0	1	68	1	68	5.65e-40	140
PfIT_130005300|NTS|1|1|68	PD0473-C.g426	100.000	68	0	0	1	68	1	68	6.53e-40	140
PfIT_130005300|DBLa|1|69|463	PD0473-C.g426	100.000	395	0	0	1	395	69	463	0.0	828
PfIT_130005300|DBLa|1|69|463	PD0473-C.g426	31.250	176	114	5	223	395	1915	2086	5.68e-16	82.4
PfIT_130005300|DBLa|1|69|463	PD0473-C.g426	27.119	295	151	11	114	395	1250	1493	4.58e-13	73.6
PfIT_130005300|DBLa|1|69|463	PD0473-C.g426	25.000	284	158	13	53	323	811	1052	8.98e-08	57.0
PfIT_130005300|DBLa|1|69|463	PD0519-C.g522	100.000	395	0	0	1	395	69	463	0.0	827
PfIT_130005300|DBLa|1|69|463	PD0519-C.g522	31.250	176	114	5	223	395	1915	2086	5.33e-16	82.8
PfIT_130005300|DBLa|1|69|463	PD0519-C.g522	27.119	295	151	11	114	395	1250	1493	4.01e-13	73.9
PfIT_130005300|DBLa|1|69|463	PD0519-C.g522	25.000	284	158	13	53	323	811	1052	8.82e-08	57.0
PfIT_130005300|DBLa|1|69|463	PD0481-C.g375	100.000	395	0	0	1	395	69	463	0.0	827
PfIT_130005300|DBLa|1|69|463	PD0481-C.g375	31.250	176	114	5	223	395	1915	2086	5.33e-16	82.8
PfIT_130005300|DBLa|1|69|463	PD0481-C.g375	27.119	295	151	11	114	395	1250	1493	4.01e-13	73.9
PfIT_130005300|DBLa|1|69|463	PD0481-C.g375	25.000	284	158	13	53	323	811	1052	8.82e-08	57.0
PfIT_130005300|DBLa|1|69|463	QE0395-C.g380	83.797	395	64	0	1	395	76	470	0.0	691
PfIT_130005300|DBLa|1|69|463	QE0395-C.g380	33.657	309	172	9	22	323	1679	1961	4.01e-41	157
PfIT_130005300|DBLa|1|69|463	QE0395-C.g380	30.462	325	177	8	48	361	857	1143	1.72e-35	140
PfIT_130005300|DBLa|1|69|463	QE0395-C.g380	26.462	325	168	13	17	319	1248	1523	1.41e-14	78.2
PfIT_130005300|DBLa|1|69|463	PV0099-C.g34	73.924	395	102	1	1	395	68	461	0.0	597
PfIT_130005300|DBLa|1|69|463	PV0099-C.g34	33.333	282	163	7	55	332	1612	1872	1.15e-37	147
PfIT_130005300|DBLa|1|69|463	PV0099-C.g34	26.415	265	132	9	53	317	2028	2229	3.05e-14	77.4
PfIT_130005300|DBLa|1|69|463	PV0099-C.g34	24.832	298	176	9	57	342	1159	1420	8.70e-13	72.8
PfIT_130005300|DBLa|1|69|463	PV0099-C.g34	22.064	281	166	8	54	323	806	1044	4.88e-08	57.8
PfIT_130005300|CIDRg|1|464|721	PD0515-C.g489	100.000	258	0	0	1	258	209	466	0.0	531
PfIT_130005300|CIDRg|1|464|721	PD0473-C.g426	100.000	258	0	0	1	258	464	721	2.72e-176	539
PfIT_130005300|CIDRg|1|464|721	PD0473-C.g426	29.213	178	109	5	1	167	2087	2258	7.33e-10	61.6
PfIT_130005300|CIDRg|1|464|721	PD0519-C.g522	100.000	258	0	0	1	258	464	721	3.68e-176	538
PfIT_130005300|CIDRg|1|464|721	PD0519-C.g522	29.213	178	109	5	1	167	2087	2258	7.20e-10	61.6
PfIT_130005300|CIDRg|1|464|721	PD0481-C.g375	100.000	258	0	0	1	258	464	721	3.68e-176	538
PfIT_130005300|CIDRg|1|464|721	PD0481-C.g375	29.213	178	109	5	1	167	2087	2258	7.20e-10	61.6
PfIT_130005300|CIDRg|1|464|721	PA0061-C.g316	96.512	258	9	0	1	258	440	697	7.50e-171	515
PfIT_130005300|DBLg|1|770|1126	PD0519-C.g522	100.000	357	0	0	1	357	770	1126	0.0	735
PfIT_130005300|DBLg|1|770|1126	PD0519-C.g522	24.155	414	202	11	26	327	1648	2061	7.17e-26	111
PfIT_130005300|DBLg|1|770|1126	PD0519-C.g522	28.479	309	174	12	43	327	1178	1463	8.34e-15	78.6
PfIT_130005300|DBLg|1|770|1126	PD0519-C.g522	25.000	284	158	13	42	283	121	391	2.78e-08	58.2
PfIT_130005300|DBLg|1|770|1126	PD0481-C.g375	100.000	357	0	0	1	357	770	1126	0.0	735
PfIT_130005300|DBLg|1|770|1126	PD0481-C.g375	24.155	414	202	11	26	327	1648	2061	7.17e-26	111
PfIT_130005300|DBLg|1|770|1126	PD0481-C.g375	28.479	309	174	12	43	327	1178	1463	8.34e-15	78.6
PfIT_130005300|DBLg|1|770|1126	PD0481-C.g375	25.000	284	158	13	42	283	121	391	2.78e-08	58.2
PfIT_130005300|DBLg|1|770|1126	PD0473-C.g426	100.000	357	0	0	1	357	770	1126	0.0	735
PfIT_130005300|DBLg|1|770|1126	PD0473-C.g426	24.155	414	202	11	26	327	1648	2061	6.84e-26	111
PfIT_130005300|DBLg|1|770|1126	PD0473-C.g426	28.479	309	174	12	43	327	1178	1463	7.98e-15	78.6
PfIT_130005300|DBLg|1|770|1126	PD0473-C.g426	25.000	284	158	13	42	283	121	391	2.60e-08	58.2
PfIT_130005300|DBLg|1|770|1126	PD0515-C.g489	100.000	357	0	0	1	357	515	871	0.0	728
PfIT_130005300|DBLg|1|770|1126	PC0070-C.g384	78.992	357	65	2	1	357	768	1114	0.0	569
PfIT_130005300|DBLg|1|770|1126	PC0070-C.g384	28.028	289	185	8	42	321	1173	1447	6.69e-16	81.6
PfIT_130005300|DBLg|1|770|1126	PC0070-C.g384	23.675	283	157	10	43	283	128	393	3.51e-08	57.8
PfIT_130005300|DBLe|1|1131|1495	PD0519-C.g522	100.000	365	0	0	1	365	1131	1495	0.0	756
PfIT_130005300|DBLe|1|1131|1495	PD0519-C.g522	29.126	309	172	12	48	333	812	1096	1.23e-17	87.0
PfIT_130005300|DBLe|1|1131|1495	PD0519-C.g522	25.228	329	180	10	45	330	119	424	5.48e-12	69.7
PfIT_130005300|DBLe|1|1131|1495	PD0481-C.g375	100.000	365	0	0	1	365	1131	1495	0.0	756
PfIT_130005300|DBLe|1|1131|1495	PD0481-C.g375	29.126	309	172	12	48	333	812	1096	1.23e-17	87.0
PfIT_130005300|DBLe|1|1131|1495	PD0481-C.g375	25.228	329	180	10	45	330	119	424	5.48e-12	69.7
PfIT_130005300|DBLe|1|1131|1495	PD0473-C.g426	100.000	365	0	0	1	365	1131	1495	0.0	756
PfIT_130005300|DBLe|1|1131|1495	PD0473-C.g426	29.126	309	172	12	48	333	812	1096	1.33e-17	87.0
PfIT_130005300|DBLe|1|1131|1495	PD0473-C.g426	25.228	329	180	10	45	330	119	424	5.53e-12	69.7
PfIT_130005300|DBLe|1|1131|1495	PD0515-C.g488	93.973	365	22	0	1	365	1587	1951	0.0	676
PfIT_130005300|DBLe|1|1131|1495	PD0515-C.g488	29.392	296	152	9	28	296	830	1095	1.48e-18	90.1
PfIT_130005300|DBLe|1|1131|1495	PD0515-C.g488	24.667	300	182	10	48	333	1283	1552	1.79e-14	77.4
PfIT_130005300|DBLe|1|1131|1495	PD0515-C.g488	26.009	223	135	5	46	256	130	334	4.63e-11	67.0
PfIT_130005300|DBLe|1|1131|1495	PT0303-Cx.g1154	81.644	365	52	2	1	365	1587	1936	0.0	598
PfIT_130005300|DBLe|1|1131|1495	PT0303-Cx.g1154	30.725	345	193	12	50	365	2094	2421	2.16e-29	122
PfIT_130005300|DBLe|1|1131|1495	PT0303-Cx.g1154	27.708	397	219	14	7	365	2498	2864	2.03e-22	101
PfIT_130005300|DBLe|1|1131|1495	PT0303-Cx.g1154	29.392	296	152	9	28	296	830	1095	1.84e-18	89.7
PfIT_130005300|DBLe|1|1131|1495	PT0303-Cx.g1154	31.507	219	103	9	42	256	2911	3086	7.98e-16	81.6
PfIT_130005300|DBLe|1|1131|1495	PT0303-Cx.g1154	24.667	300	182	10	48	333	1283	1552	8.58e-16	81.6
PfIT_130005300|DBLe|1|1131|1495	PT0303-Cx.g1154	26.457	223	134	5	46	256	130	334	1.92e-11	68.2
PfIT_130005300|DBLd|1|1599|2086	PD0519-C.g522	100.000	488	0	0	1	488	1599	2086	0.0	1007
PfIT_130005300|DBLd|1|1599|2086	PD0519-C.g522	24.155	414	202	10	50	463	795	1096	2.83e-26	115
PfIT_130005300|DBLd|1|1599|2086	PD0519-C.g522	37.374	99	60	2	320	417	294	391	5.75e-15	80.5
PfIT_130005300|DBLd|1|1599|2086	PD0481-C.g375	100.000	488	0	0	1	488	1599	2086	0.0	1007
PfIT_130005300|DBLd|1|1599|2086	PD0481-C.g375	24.155	414	202	10	50	463	795	1096	2.83e-26	115
PfIT_130005300|DBLd|1|1599|2086	PD0481-C.g375	37.374	99	60	2	320	417	294	391	5.75e-15	80.5
PfIT_130005300|DBLd|1|1599|2086	PD0473-C.g426	100.000	488	0	0	1	488	1599	2086	0.0	1007
PfIT_130005300|DBLd|1|1599|2086	PD0473-C.g426	24.155	414	202	10	50	463	795	1096	2.70e-26	115
PfIT_130005300|DBLd|1|1599|2086	PD0473-C.g426	37.374	99	60	2	320	417	294	391	5.70e-15	80.5
PfIT_130005300|DBLd|1|1599|2086	PD0515-C.g488	100.000	293	0	0	1	293	2055	2347	0.0	608
PfIT_130005300|DBLd|1|1599|2086	PD0515-C.g488	27.035	344	152	6	120	463	1308	1552	3.53e-30	127
PfIT_130005300|DBLd|1|1599|2086	PD0515-C.g488	35.789	95	57	2	313	403	286	380	4.36e-10	65.1
PfIT_130005300|DBLd|1|1599|2086	PA0172-C.g189	58.580	507	176	12	1	488	1870	2361	2.18e-165	520
PfIT_130005300|DBLd|1|1599|2086	PA0172-C.g189	22.659	331	196	11	178	488	176	466	6.03e-11	67.8
PfIT_130005300|CIDRb|1|2087|2345	PD0519-C.g522	100.000	259	0	0	1	259	2087	2345	2.62e-174	533
PfIT_130005300|CIDRb|1|2087|2345	PD0519-C.g522	29.213	178	109	5	1	172	464	630	9.76e-15	75.9
PfIT_130005300|CIDRb|1|2087|2345	PD0481-C.g375	100.000	259	0	0	1	259	2087	2345	2.62e-174	533
PfIT_130005300|CIDRb|1|2087|2345	PD0481-C.g375	29.213	178	109	5	1	172	464	630	9.76e-15	75.9
PfIT_130005300|CIDRb|1|2087|2345	PD0473-C.g426	100.000	259	0	0	1	259	2087	2345	3.24e-174	533
PfIT_130005300|CIDRb|1|2087|2345	PD0473-C.g426	29.213	178	109	5	1	172	464	630	8.57e-15	76.3
PfIT_130005300|CIDRb|1|2087|2345	PT0262-C.g608	74.902	255	59	4	2	254	1420	1671	2.33e-118	374
PfIT_130005300|CIDRb|1|2087|2345	PA0071-C.g101	78.707	263	48	6	2	259	1338	1597	1.26e-117	371
PfIT_130005300|ATS|1|2474|2914	PFKE11.g431	86.323	446	56	3	1	441	3005	3450	0.0	773
PfIT_130005300|ATS|1|2474|2914	PA0262-C.g127	85.491	448	58	4	1	441	2860	3307	0.0	755
PfIT_130005300|ATS|1|2474|2914	PC0104-C.g47	83.929	448	65	4	1	441	3045	3492	0.0	752
PfIT_130005300|ATS|1|2474|2914	PT0256-C.g286	84.787	447	62	4	1	441	2267	2713	0.0	748
PfIT_130005300|ATS|1|2474|2914	PD0507-C.g826	84.910	444	59	6	2	441	2910	3349	0.0	744
PfIT_130077800|NTS|1|1|59	PH0114-C.g17	100.000	59	0	0	1	59	1	59	5.71e-35	125
PfIT_130077800|NTS|1|1|59	QE0393-Cx.g834	100.000	59	0	0	1	59	1	59	6.29e-35	125
PfIT_130077800|NTS|1|1|59	PD0532-C.g565	100.000	59	0	0	1	59	1	59	6.48e-35	125
PfIT_130077800|NTS|1|1|59	SenT084.10.g2807	100.000	59	0	0	1	59	1	59	6.68e-35	125
PfIT_130077800|NTS|1|1|59	PH0604-C.g730	100.000	59	0	0	1	59	1	59	6.80e-35	125
PfIT_130077800|DBLa|1|62|473	PD0500-C.g375	100.000	412	0	0	1	412	62	473	0.0	865
PfIT_130077800|DBLa|1|62|473	PD0500-C.g375	34.483	290	131	10	53	332	852	1092	8.68e-36	142
PfIT_130077800|DBLa|1|62|473	PD0500-C.g375	27.654	358	174	15	118	412	1466	1801	2.25e-14	77.8
PfIT_130077800|DBLa|1|62|473	PH0604-C.g730	100.000	412	0	0	1	412	62	473	0.0	863
PfIT_130077800|DBLa|1|62|473	PH0604-C.g730	34.483	290	131	10	53	332	852	1092	9.61e-36	142
PfIT_130077800|DBLa|1|62|473	PH0604-C.g730	25.000	268	139	9	109	329	1460	1712	5.20e-13	73.6
PfIT_130077800|DBLa|1|62|473	PH0585-C.g341	100.000	412	0	0	1	412	62	473	0.0	863
PfIT_130077800|DBLa|1|62|473	PH0585-C.g341	34.483	290	131	10	53	332	852	1092	1.12e-35	142
PfIT_130077800|DBLa|1|62|473	PH0585-C.g341	25.000	268	139	9	109	329	1460	1712	7.47e-13	73.2
PfIT_130077800|DBLa|1|62|473	PH0114-C.g17	100.000	412	0	0	1	412	62	473	0.0	863
PfIT_130077800|DBLa|1|62|473	PH0114-C.g17	34.483	290	131	10	53	332	852	1092	9.18e-36	142
PfIT_130077800|DBLa|1|62|473	PD0532-C.g565	100.000	412	0	0	1	412	62	473	0.0	862
PfIT_130077800|DBLa|1|62|473	PD0532-C.g565	34.483	290	131	10	53	332	852	1092	8.49e-36	142
PfIT_130077800|DBLa|1|62|473	PD0532-C.g565	28.571	294	151	11	156	412	1477	1748	1.75e-14	78.2
PfIT_130077800|CIDRa|1|474|723	QE0393-Cx.g834	100.000	250	0	0	1	250	474	723	4.64e-177	521
PfIT_130077800|CIDRa|1|474|723	PH0114-C.g17	100.000	250	0	0	1	250	474	723	1.21e-176	524
PfIT_130077800|CIDRa|1|474|723	PH0604-C.g730	100.000	250	0	0	1	250	474	723	5.23e-174	524
PfIT_130077800|CIDRa|1|474|723	PA0044-C.g468	98.800	250	3	0	1	250	461	710	6.02e-174	516
PfIT_130077800|CIDRa|1|474|723	PD0500-C.g375	100.000	250	0	0	1	250	474	723	4.47e-172	525
PfIT_130077800|DBLb|1|742|1215	PH0114-C.g17	100.000	474	0	0	1	474	742	1215	0.0	998
PfIT_130077800|DBLb|1|742|1215	PH0114-C.g17	34.892	278	122	10	111	339	114	381	3.65e-34	139
PfIT_130077800|DBLb|1|742|1215	PD0532-C.g565	100.000	474	0	0	1	474	742	1215	0.0	998
PfIT_130077800|DBLb|1|742|1215	PD0532-C.g565	34.892	278	122	10	111	339	114	381	3.64e-34	139
PfIT_130077800|DBLb|1|742|1215	PD0500-C.g375	100.000	474	0	0	1	474	742	1215	0.0	998
PfIT_130077800|DBLb|1|742|1215	PD0500-C.g375	34.892	278	122	10	111	339	114	381	4.40e-34	139
PfIT_130077800|DBLb|1|742|1215	PH0604-C.g730	100.000	474	0	0	1	474	742	1215	0.0	997
PfIT_130077800|DBLb|1|742|1215	PH0604-C.g730	34.892	278	122	10	111	339	114	381	4.23e-34	139
PfIT_130077800|DBLb|1|742|1215	PH0585-C.g341	100.000	474	0	0	1	474	742	1215	0.0	997
PfIT_130077800|DBLb|1|742|1215	PH0585-C.g341	34.892	278	122	10	111	339	114	381	5.23e-34	138
PfIT_130077800|DBLd|1|1270|1765	PD0473-C.g97	74.757	515	93	9	1	496	248	744	0.0	733
PfIT_130077800|DBLd|1|1270|1765	PD0565-C.g702	74.757	515	93	9	1	496	864	1360	0.0	733
PfIT_130077800|DBLd|1|1270|1765	PD0565-C.g702	27.059	255	135	10	192	430	184	403	3.10e-14	78.2
PfIT_130077800|DBLd|1|1270|1765	PD0562-C.g456	74.757	515	93	9	1	496	864	1360	0.0	733
PfIT_130077800|DBLd|1|1270|1765	PD0562-C.g456	27.059	255	135	10	192	430	184	403	3.10e-14	78.2
PfIT_130077800|DBLd|1|1270|1765	PD0552-C.g702	74.757	515	93	9	1	496	864	1360	0.0	733
PfIT_130077800|DBLd|1|1270|1765	PD0552-C.g702	27.059	255	135	10	192	430	184	403	3.10e-14	78.2
PfIT_130077800|DBLd|1|1270|1765	PD0564-C.g741	74.757	515	93	9	1	496	866	1362	0.0	733
PfIT_130077800|DBLd|1|1270|1765	PD0564-C.g741	29.020	255	126	12	192	430	190	405	1.11e-14	79.7
PfIT_130077800|CIDRb|1|1766|2019	PD0473-C.g97	100.000	254	0	0	1	254	745	998	5.83e-179	523
PfIT_130077800|CIDRb|1|1766|2019	PV0251-C.g29	100.000	254	0	0	1	254	1309	1562	9.19e-174	523
PfIT_130077800|CIDRb|1|1766|2019	PD0564-C.g741	100.000	254	0	0	1	254	1363	1616	1.59e-172	520
PfIT_130077800|CIDRb|1|1766|2019	PD0565-C.g702	100.000	254	0	0	1	254	1361	1614	2.12e-172	520
PfIT_130077800|CIDRb|1|1766|2019	PD0562-C.g456	100.000	254	0	0	1	254	1361	1614	2.12e-172	520
PfIT_130077800|ATS|1|2134|2644	PV0211-C.g126	80.076	527	67	7	1	511	841	1345	0.0	785
PfIT_130077800|ATS|1|2134|2644	PV0116-C.g28	73.129	521	96	10	1	511	1887	2373	0.0	719
PfIT_130077800|ATS|1|2134|2644	PA0245-C.g998	74.464	513	74	8	1	511	1706	2163	0.0	712
PfIT_130077800|ATS|1|2134|2644	PFKE12.g465	71.295	533	88	9	1	511	1773	2262	0.0	709
PfIT_130077800|ATS|1|2134|2644	PV0147-C.g7	72.266	512	68	9	1	511	1761	2199	0.0	689
PfIT_140006100|NTS|1|1|56	PH0729-C.g424	100.000	56	0	0	1	56	1	56	1.78e-30	112
PfIT_140006100|NTS|1|1|56	PC0107-C.g51	85.246	61	4	1	1	56	1	61	4.02e-26	100
PfIT_140006100|NTS|1|1|56	PA0089-C.g313	85.246	61	4	1	1	56	1	61	1.32e-25	99.0
PfIT_140006100|NTS|1|1|56	QG0182-C.g252	78.182	55	12	0	1	55	1	55	1.36e-23	93.2
PfIT_140006100|NTS|1|1|56	PC0107-C.g297	78.182	55	12	0	1	55	1	55	1.55e-23	93.2
PfIT_140006100|DBLa|1|57|467	PH0729-C.g424	98.540	411	6	0	1	411	57	467	0.0	854
PfIT_140006100|DBLa|1|57|467	PH0729-C.g424	32.990	97	64	1	233	328	1170	1266	5.60e-08	57.8
PfIT_140006100|DBLa|1|57|467	PA0089-C.g313	81.647	425	63	4	1	411	62	485	0.0	717
PfIT_140006100|DBLa|1|57|467	PA0089-C.g313	24.924	329	173	12	131	411	1108	1410	7.10e-14	76.3
PfIT_140006100|DBLa|1|57|467	PC0107-C.g51	81.882	425	62	4	1	411	62	485	0.0	716
PfIT_140006100|DBLa|1|57|467	PC0107-C.g51	27.365	296	168	9	58	353	928	1176	1.40e-18	90.5
PfIT_140006100|DBLa|1|57|467	PT0101-C.g285	68.941	425	111	9	1	411	65	482	0.0	569
PfIT_140006100|DBLa|1|57|467	PT0101-C.g285	27.035	344	175	13	116	411	1454	1769	4.69e-18	89.4
PfIT_140006100|DBLa|1|57|467	PT0101-C.g285	23.151	311	172	12	37	328	869	1131	1.47e-08	59.7
PfIT_140006100|DBLa|1|57|467	PV0241-C.g68	70.283	424	98	5	1	411	59	467	0.0	568
PfIT_140006100|DBLa|1|57|467	PV0241-C.g68	27.097	310	170	14	125	411	1022	1298	7.30e-21	97.8
PfIT_140006100|CIDRa|1|468|759	PFKE09.g537	84.818	303	32	2	1	289	487	789	1.31e-164	508
PfIT_140006100|CIDRa|1|468|759	PV0241-C.g68	84.300	293	34	5	1	288	468	753	1.28e-151	465
PfIT_140006100|CIDRa|1|468|759	PV0241-C.g68	40.909	66	37	2	143	208	1405	1468	5.37e-07	53.1
PfIT_140006100|CIDRa|1|468|759	PV0234-C.g66	84.300	293	34	5	1	288	468	753	1.28e-151	465
PfIT_140006100|CIDRa|1|468|759	PV0234-C.g66	40.909	66	37	2	143	208	1405	1468	5.37e-07	53.1
PfIT_140006100|CIDRa|1|468|759	PM0093-C.g64	82.474	291	43	3	1	288	353	638	7.29e-142	436
PfIT_140006100|CIDRa|1|468|759	PA0203-C.g763	82.818	291	42	3	1	288	466	751	1.76e-140	436
PfIT_140006100|CIDRa|1|468|759	PA0203-C.g763	28.916	166	113	5	122	287	1429	1589	4.88e-08	56.6
PfIT_140006100|DBLd|1|845|1340	QE0454-C.g694	55.769	520	178	11	2	496	796	1288	1.09e-171	531
PfIT_140006100|DBLd|1|845|1340	QE0454-C.g694	27.907	301	158	11	218	496	214	477	4.18e-18	90.5
PfIT_140006100|DBLd|1|845|1340	PH0307-C.g445	58.757	531	170	15	1	496	824	1340	5.18e-171	527
PfIT_140006100|DBLd|1|845|1340	PH0307-C.g445	28.025	314	159	9	215	496	213	491	9.80e-23	104
PfIT_140006100|DBLd|1|845|1340	PC0070-C.g483	51.872	561	191	18	1	496	60	606	3.45e-167	500
PfIT_140006100|DBLd|1|845|1340	PD0519-C.g792	54.049	531	186	18	1	496	356	863	1.86e-166	498
PfIT_140006100|DBLd|1|845|1340	PM0068-C.g1139	53.631	537	195	20	1	496	218	741	1.04e-165	499
PfIT_140006100|CIDRg|1|1341|1610	PA0038-C.g62	83.273	275	39	4	1	270	1405	1677	2.50e-148	455
PfIT_140006100|CIDRg|1|1341|1610	PA0065-C.g641	83.273	275	39	4	1	270	1292	1564	6.86e-148	454
PfIT_140006100|CIDRg|1|1341|1610	SenP027.02.g213	83.273	275	39	4	1	270	1405	1677	8.88e-148	455
PfIT_140006100|CIDRg|1|1341|1610	PA0015-C.g258	83.273	275	39	4	1	270	1405	1677	8.88e-148	455
PfIT_140006100|CIDRg|1|1341|1610	QG0287-C.g274	83.273	275	39	4	1	270	1436	1708	1.87e-147	454
PfIT_140006100|ATS|1|1738|2224	PA0245-C.g998	80.533	488	64	6	1	487	1706	2163	0.0	744
PfIT_140006100|ATS|1|1738|2224	QE0436-C.g670	73.724	529	76	8	2	487	1708	2216	0.0	705
PfIT_140006100|ATS|1|1738|2224	PT0170-C.g672	77.505	489	77	9	1	487	1768	2225	0.0	698
PfIT_140006100|ATS|1|1738|2224	PV0099-C.g26	80.285	492	63	6	1	487	2596	3058	0.0	688
PfIT_140006100|ATS|1|1738|2224	PV0211-C.g122	77.711	498	90	10	1	487	891	1378	0.0	686
PfIT_140006200|NTS|1|1|53	PD0555-C.g632	100.000	47	0	0	7	53	9	55	8.88e-26	99.4
PfIT_140006200|NTS|1|1|53	PFKE12.g38	86.792	53	7	0	1	53	1	53	7.34e-25	96.7
PfIT_140006200|NTS|1|1|53	PFKE12.g338	86.792	53	7	0	1	53	1	53	7.41e-25	96.7
PfIT_140006200|NTS|1|1|53	PM0020-C.g1481	86.792	53	7	0	1	53	1	53	8.91e-25	96.3
PfIT_140006200|NTS|1|1|53	PA0012-C.g594	86.792	53	7	0	1	53	1	53	5.34e-24	94.4
PfIT_140006200|DBLa|1|61|456	PM0108-C.g6	96.717	396	12	1	1	396	59	453	0.0	804
PfIT_140006200|DBLa|1|61|456	PM0108-C.g6	33.585	265	131	9	53	310	838	1064	1.24e-31	129
PfIT_140006200|DBLa|1|61|456	PF0368-C.g490	91.919	396	32	0	1	396	62	457	0.0	768
PfIT_140006200|DBLa|1|61|456	PF0368-C.g490	31.707	287	149	10	6	272	800	1059	8.16e-31	127
PfIT_140006200|DBLa|1|61|456	PF0368-C.g490	22.006	309	195	8	50	339	1268	1549	1.03e-07	56.6
PfIT_140006200|DBLa|1|61|456	QG0184-C.g686	91.667	396	33	0	1	396	62	457	0.0	766
PfIT_140006200|DBLa|1|61|456	QG0184-C.g686	31.597	288	150	10	6	272	800	1061	1.46e-31	129
PfIT_140006200|DBLa|1|61|456	PD0555-C.g632	90.428	397	37	1	1	396	63	459	0.0	756
PfIT_140006200|DBLa|1|61|456	PD0555-C.g632	35.271	258	126	9	53	298	847	1075	1.45e-32	132
PfIT_140006200|DBLa|1|61|456	PD0555-C.g632	22.742	299	190	10	41	323	1262	1535	1.08e-07	56.6
PfIT_140006200|DBLa|1|61|456	PM0020-C.g1481	89.801	402	34	2	1	396	61	461	0.0	755
PfIT_140006200|DBLa|1|61|456	PM0020-C.g1481	33.721	258	123	7	53	298	852	1073	2.24e-33	134
PfIT_140006200|CIDRa|1|457|709	PM0108-C.g6	97.233	253	7	0	1	253	454	706	2.43e-164	497
PfIT_140006200|CIDRa|1|457|709	PF0368-C.g490	92.095	253	20	0	1	253	458	710	6.43e-157	478
PfIT_140006200|CIDRa|1|457|709	QG0184-C.g686	92.095	253	20	0	1	253	458	710	6.52e-145	441
PfIT_140006200|CIDRa|1|457|709	PA0176-C.g721	82.677	254	40	2	1	253	475	725	4.24e-136	421
PfIT_140006200|CIDRa|1|457|709	PD0555-C.g632	86.561	253	34	0	1	253	460	712	4.32e-134	416
PfIT_140006200|DBLb|1|726|1213	PC0085-C.g1521	83.402	488	78	3	1	488	726	1210	0.0	839
PfIT_140006200|DBLb|1|726|1213	PC0085-C.g1521	33.921	227	108	7	122	322	109	319	4.13e-28	121
PfIT_140006200|DBLb|1|726|1213	PC0085-C.g1521	26.117	291	166	10	105	367	1255	1524	6.82e-13	73.9
PfIT_140006200|DBLb|1|726|1213	PF0368-C.g490	77.755	490	100	7	1	488	727	1209	0.0	761
PfIT_140006200|DBLb|1|726|1213	PF0368-C.g490	29.102	323	187	8	40	339	30	333	1.25e-29	125
PfIT_140006200|DBLb|1|726|1213	PF0368-C.g490	28.328	293	158	10	105	368	1254	1523	1.03e-19	95.5
PfIT_140006200|DBLb|1|726|1213	PF0359-C.g509	73.695	498	109	8	1	488	755	1240	0.0	723
PfIT_140006200|DBLb|1|726|1213	PF0359-C.g509	28.659	328	176	11	35	322	38	347	9.27e-28	120
PfIT_140006200|DBLb|1|726|1213	PF0359-C.g509	28.269	283	153	11	116	367	1294	1557	7.34e-17	86.3
PfIT_140006200|DBLb|1|726|1213	PM0097-C.g910	73.695	498	109	8	1	488	729	1214	0.0	722
PfIT_140006200|DBLb|1|726|1213	PM0097-C.g910	32.599	227	110	5	122	322	112	321	3.99e-27	118
PfIT_140006200|DBLb|1|726|1213	PM0097-C.g910	28.269	283	153	11	116	367	1268	1531	1.13e-16	85.9
PfIT_140006200|DBLb|1|726|1213	QG0184-C.g686	73.022	493	120	8	1	488	727	1211	0.0	716
PfIT_140006200|DBLb|1|726|1213	QG0184-C.g686	29.102	323	187	8	40	339	30	333	5.51e-30	126
PfIT_140006200|DBLg|1|1227|1614	PM0058-C.g1023	66.582	392	121	5	1	388	1217	1602	1.54e-169	517
PfIT_140006200|DBLg|1|1227|1614	PM0058-C.g1023	27.208	283	158	9	43	308	846	1097	3.84e-15	79.7
PfIT_140006200|DBLg|1|1227|1614	PM0058-C.g1023	23.106	264	164	6	38	286	109	348	1.06e-07	56.6
PfIT_140006200|DBLg|1|1227|1614	PM0029-C.g2606	65.087	401	120	6	1	388	1207	1600	9.41e-165	504
PfIT_140006200|DBLg|1|1227|1614	PM0029-C.g2606	25.887	282	161	9	40	303	849	1100	5.72e-14	76.3
PfIT_140006200|DBLg|1|1227|1614	PM0029-C.g2606	23.794	311	177	12	29	297	94	386	1.25e-10	65.9
PfIT_140006200|DBLg|1|1227|1614	PD0513-C.g323	66.499	397	115	6	1	388	1960	2347	5.26e-164	510
PfIT_140006200|DBLg|1|1227|1614	PD0513-C.g323	32.692	364	178	9	1	307	797	1150	6.26e-44	165
PfIT_140006200|DBLg|1|1227|1614	PD0513-C.g323	23.762	404	236	12	21	388	1579	1946	1.34e-13	75.1
PfIT_140006200|DBLg|1|1227|1614	PD0513-C.g323	23.958	288	173	9	39	296	117	388	2.89e-09	61.6
PfIT_140006200|DBLg|1|1227|1614	PH0546-C.g127	66.247	397	116	6	1	388	2043	2430	8.58e-164	510
PfIT_140006200|DBLg|1|1227|1614	PH0546-C.g127	34.857	350	136	13	28	296	862	1200	1.16e-44	167
PfIT_140006200|DBLg|1|1227|1614	PH0546-C.g127	26.250	320	175	8	21	308	1657	1947	1.52e-14	78.2
PfIT_140006200|DBLg|1|1227|1614	PH0546-C.g127	24.476	286	176	11	29	282	101	378	1.07e-07	56.6
PfIT_140006200|DBLg|1|1227|1614	PH0225-C.g32	66.247	397	116	6	1	388	2084	2471	8.92e-164	510
PfIT_140006200|DBLg|1|1227|1614	PH0225-C.g32	34.857	350	136	13	28	296	851	1189	1.15e-44	167
PfIT_140006200|DBLg|1|1227|1614	PH0225-C.g32	26.250	320	175	8	21	308	1698	1988	1.70e-14	77.8
PfIT_140006200|DBLg|1|1227|1614	PH0225-C.g32	25.091	275	177	11	29	282	101	367	1.34e-08	59.3
PfIT_140006200|ATS|1|1668|2132	PV0239-C.g10	76.517	511	61	6	1	465	3361	3858	0.0	734
PfIT_140006200|ATS|1|1668|2132	PfKE03.g242	78.702	493	56	4	1	465	1361	1832	0.0	726
PfIT_140006200|ATS|1|1668|2132	PV0134-C.g25	79.744	469	64	7	2	465	2381	2823	0.0	719
PfIT_140006200|ATS|1|1668|2132	PA0245-C.g998	77.618	487	58	6	1	465	1706	2163	0.0	716
PfIT_140006200|ATS|1|1668|2132	PV0028-C.g50	77.963	481	65	8	1	465	2600	3055	0.0	697
PfIT_140085700|NTS|1|1|63	PD0667-C.g502	100.000	63	0	0	1	63	1	63	4.62e-36	129
PfIT_140085700|NTS|1|1|63	PH0915-C.g699	82.353	51	8	1	1	51	1	50	4.28e-21	86.7
PfIT_140085700|NTS|1|1|63	PH0991-C.g951	82.353	51	8	1	1	51	1	50	1.25e-20	85.1
PfIT_140085700|NTS|1|1|63	PD0553-C.g555	82.353	51	7	1	1	51	1	49	1.96e-20	84.7
PfIT_140085700|NTS|1|1|63	PH0471-C.g411	82.353	51	8	1	1	51	1	50	2.00e-20	84.7
PfIT_140085700|DBLa|1|64|493	PD0667-C.g502	100.000	430	0	0	1	430	64	493	0.0	899
PfIT_140085700|DBLa|1|64|493	PD0667-C.g502	29.936	314	156	11	55	356	922	1183	2.98e-30	126
PfIT_140085700|DBLa|1|64|493	PD0667-C.g502	23.011	352	202	12	120	430	1516	1839	7.36e-14	76.6
PfIT_140085700|DBLa|1|64|493	PC0016-C.g289	100.000	421	0	0	10	430	46	466	0.0	881
PfIT_140085700|DBLa|1|64|493	PC0016-C.g289	33.068	251	119	8	58	298	906	1117	3.32e-29	123
PfIT_140085700|DBLa|1|64|493	PC0016-C.g289	23.011	352	202	12	120	430	1539	1862	1.19e-13	75.9
PfIT_140085700|DBLa|1|64|493	PT0215-Cx.g969	80.092	437	74	6	1	430	65	495	0.0	701
PfIT_140085700|DBLa|1|64|493	PT0215-Cx.g969	37.220	223	100	6	58	275	916	1103	5.57e-32	131
PfIT_140085700|DBLa|1|64|493	SenT231.08.g184	79.630	432	78	4	1	430	65	488	0.0	699
PfIT_140085700|DBLa|1|64|493	SenT231.08.g184	30.255	314	155	11	38	338	870	1132	1.21e-29	124
PfIT_140085700|DBLa|1|64|493	SenT231.08.g184	26.978	278	147	8	152	385	1534	1799	2.67e-15	80.9
PfIT_140085700|DBLa|1|64|493	SenT097.11.g641	70.694	447	99	11	1	430	65	496	0.0	602
PfIT_140085700|DBLa|1|64|493	SenT097.11.g641	30.333	300	142	9	10	275	833	1099	4.75e-30	125
PfIT_140085700|CIDRa|1|494|786	PC0016-C.g289	100.000	293	0	0	1	293	467	759	0.0	609
PfIT_140085700|CIDRa|1|494|786	PD0667-C.g502	100.000	293	0	0	1	293	494	786	0.0	608
PfIT_140085700|CIDRa|1|494|786	PC0025-C.g4	100.000	293	0	0	1	293	187	479	0.0	607
PfIT_140085700|CIDRa|1|494|786	PT0048-C.g387	87.043	301	31	2	1	293	482	782	1.99e-167	508
PfIT_140085700|CIDRa|1|494|786	QG0247-C.g3097	83.103	290	45	1	1	290	496	781	5.18e-151	465
PfIT_140085700|CIDRa|1|494|786	QG0247-C.g3097	28.251	223	130	8	82	290	1445	1651	1.10e-09	61.6
PfIT_140085700|DBLb|1|816|1262	PC0016-C.g289	100.000	447	0	0	1	447	789	1235	0.0	939
PfIT_140085700|DBLb|1|816|1262	PC0016-C.g289	34.211	228	101	8	118	306	94	311	1.56e-28	121
PfIT_140085700|DBLb|1|816|1262	PC0025-C.g4	100.000	447	0	0	1	447	509	955	0.0	938
PfIT_140085700|DBLb|1|816|1262	PD0503-C.g563	71.868	455	109	11	1	447	818	1261	0.0	643
PfIT_140085700|DBLb|1|816|1262	PD0503-C.g563	28.670	436	232	13	44	411	36	460	1.19e-34	140
PfIT_140085700|DBLb|1|816|1262	QG0271-C.g496	68.966	464	117	10	1	447	813	1266	0.0	636
PfIT_140085700|DBLb|1|816|1262	QG0271-C.g496	29.450	309	165	14	41	306	39	337	2.27e-27	118
PfIT_140085700|DBLb|1|816|1262	QG0269-C.g255	68.966	464	117	10	1	447	813	1266	0.0	636
PfIT_140085700|DBLb|1|816|1262	QG0269-C.g255	29.450	309	165	14	41	306	39	337	2.27e-27	118
PfIT_140085700|DBLd|1|1351|1873	QE0398-C.g435	59.328	536	153	15	1	523	809	1292	0.0	578
PfIT_140085700|DBLd|1|1351|1873	QE0398-C.g435	26.111	360	147	11	93	448	1646	1890	5.50e-28	121
PfIT_140085700|DBLd|1|1351|1873	QE0398-C.g435	29.444	180	118	5	352	523	298	476	7.00e-09	61.2
PfIT_140085700|DBLd|1|1351|1873	PH0248-C.g318	57.013	549	157	12	1	523	892	1387	0.0	561
PfIT_140085700|DBLd|1|1351|1873	PH0248-C.g318	26.462	359	150	11	93	445	1741	1991	1.01e-28	123
PfIT_140085700|DBLd|1|1351|1873	PH0248-C.g318	26.866	268	146	13	274	523	263	498	4.11e-11	68.6
PfIT_140085700|DBLd|1|1351|1873	PC0016-C.g289	54.152	554	208	16	1	523	1324	1862	3.82e-169	530
PfIT_140085700|DBLd|1|1351|1873	PC0016-C.g289	23.582	335	190	12	221	523	166	466	1.16e-12	73.6
PfIT_140085700|DBLd|1|1351|1873	PM0077-C.g3303	53.974	541	210	20	1	523	873	1392	1.42e-164	510
PfIT_140085700|DBLd|1|1351|1873	PM0077-C.g3303	23.276	348	193	12	221	523	193	511	1.95e-14	79.0
PfIT_140085700|DBLd|1|1351|1873	PH0495-CW.g718	53.247	539	213	16	1	523	687	1202	4.98e-162	502
PfIT_140085700|CIDRg|1|1874|2119	PH0248-C.g318	100.000	246	0	0	1	246	1388	1633	4.02e-167	510
PfIT_140085700|CIDRg|1|1874|2119	QE0398-C.g435	100.000	246	0	0	1	246	1293	1538	2.71e-166	510
PfIT_140085700|CIDRg|1|1874|2119	QE0398-C.g435	26.728	217	131	10	30	231	511	714	9.46e-07	52.0
PfIT_140085700|CIDRg|1|1874|2119	PH0769-C.g51	72.727	242	65	1	1	242	638	878	1.77e-117	360
PfIT_140085700|CIDRg|1|1874|2119	PH0774-C.g618	72.727	242	65	1	1	242	638	878	1.73e-115	362
PfIT_140085700|CIDRg|1|1874|2119	QE0414-C.g733	72.727	242	65	1	1	242	664	904	2.30e-115	362
PfIT_140085700|DBLg|1|2179|2547	QE0398-C.g435	100.000	369	0	0	1	369	1598	1966	0.0	771
PfIT_140085700|DBLg|1|2179|2547	QE0398-C.g435	25.791	411	185	14	1	293	809	1217	3.79e-32	130
PfIT_140085700|DBLg|1|2179|2547	QE0398-C.g435	23.219	379	244	15	17	369	2036	2393	1.29e-12	72.0
PfIT_140085700|DBLg|1|2179|2547	QE0398-C.g435	23.077	312	175	13	17	278	84	380	3.16e-08	58.2
PfIT_140085700|DBLg|1|2179|2547	PH0248-C.g318	72.727	385	82	4	1	369	1693	2070	0.0	561
PfIT_140085700|DBLg|1|2179|2547	PH0248-C.g318	25.506	494	218	18	1	354	892	1375	2.85e-30	124
PfIT_140085700|DBLg|1|2179|2547	PH0248-C.g318	20.339	354	216	10	41	331	114	464	7.42e-08	57.0
PfIT_140085700|DBLg|1|2179|2547	QE0444-C.g247	69.430	386	101	4	1	369	1231	1616	6.62e-173	535
PfIT_140085700|DBLg|1|2179|2547	QE0444-C.g247	27.251	422	181	15	1	304	1636	2049	5.42e-34	135
PfIT_140085700|DBLg|1|2179|2547	QE0444-C.g247	23.934	305	174	11	17	276	76	367	2.84e-12	70.9
PfIT_140085700|DBLg|1|2179|2547	QE0444-C.g247	22.456	285	169	11	38	291	829	1092	1.14e-07	56.2
PfIT_140085700|DBLg|1|2179|2547	PV0287-C.g22	69.430	386	101	4	1	369	1231	1616	6.62e-173	535
PfIT_140085700|DBLg|1|2179|2547	PV0287-C.g22	27.251	422	181	15	1	304	1636	2049	5.42e-34	135
PfIT_140085700|DBLg|1|2179|2547	PV0287-C.g22	23.934	305	174	11	17	276	76	367	2.84e-12	70.9
PfIT_140085700|DBLg|1|2179|2547	PV0287-C.g22	22.456	285	169	11	38	291	829	1092	1.14e-07	56.2
PfIT_140085700|DBLg|1|2179|2547	PT0137-C.g553	65.508	374	122	5	1	369	1206	1577	4.13e-154	481
PfIT_140085700|DBLg|1|2179|2547	PT0137-C.g553	27.654	405	206	14	1	320	1585	1987	1.51e-39	152
PfIT_140085700|DBLg|1|2179|2547	PT0137-C.g553	20.117	343	225	9	17	324	77	405	1.36e-11	68.6
PfIT_140085700|DBLg|1|2179|2547	PT0137-C.g553	23.684	266	158	10	50	290	837	1082	9.94e-08	56.6
PfIT_140085700|DBLz|1|2556|2974	QE0398-C.g435	100.000	419	0	0	1	419	1975	2393	0.0	856
PfIT_140085700|DBLz|1|2556|2974	QE0398-C.g435	27.139	339	202	11	2	307	25	351	2.72e-19	93.2
PfIT_140085700|DBLz|1|2556|2974	QE0398-C.g435	23.481	362	230	15	79	419	1631	1966	1.94e-12	72.0
PfIT_140085700|DBLz|1|2556|2974	QE0398-C.g435	22.183	284	165	10	154	389	981	1256	1.24e-07	56.6
PfIT_140085700|DBLz|1|2556|2974	PC0063-C.g654	78.271	428	83	4	1	419	2300	2726	0.0	668
PfIT_140085700|DBLz|1|2556|2974	PC0063-C.g654	27.766	461	246	16	10	419	754	1178	6.07e-37	145
PfIT_140085700|DBLz|1|2556|2974	PC0063-C.g654	27.553	421	247	14	9	385	32	438	2.93e-27	117
PfIT_140085700|DBLz|1|2556|2974	PC0063-C.g654	25.517	290	171	13	79	339	1936	2209	3.46e-12	71.2
PfIT_140085700|DBLz|1|2556|2974	PV0128-C.g30	79.858	422	79	3	1	419	2434	2852	0.0	660
PfIT_140085700|DBLz|1|2556|2974	PV0128-C.g30	26.096	456	236	16	42	419	900	1332	9.28e-36	142
PfIT_140085700|DBLz|1|2556|2974	PV0128-C.g30	28.232	379	215	12	10	342	30	397	2.95e-31	129
PfIT_140085700|DBLz|1|2556|2974	PV0128-C.g30	23.549	293	178	11	66	339	2079	2344	1.47e-09	62.8
PfIT_140085700|DBLz|1|2556|2974	PV0128-C.g30	25.581	258	153	11	154	385	1485	1729	2.61e-07	55.8
PfIT_140085700|DBLz|1|2556|2974	PV0083-C.g27	79.858	422	79	3	1	419	2434	2852	0.0	660
PfIT_140085700|DBLz|1|2556|2974	PV0083-C.g27	26.096	456	236	16	42	419	900	1332	9.01e-36	142
PfIT_140085700|DBLz|1|2556|2974	PV0083-C.g27	28.232	379	215	12	10	342	30	397	2.64e-31	129
PfIT_140085700|DBLz|1|2556|2974	PV0083-C.g27	23.549	293	178	11	66	339	2079	2344	1.29e-09	63.2
PfIT_140085700|DBLz|1|2556|2974	PV0083-C.g27	25.581	258	153	11	154	385	1485	1729	2.39e-07	55.8
PfIT_140085700|DBLz|1|2556|2974	PV0229-C.g13	79.858	422	79	3	1	419	2434	2852	0.0	660
PfIT_140085700|DBLz|1|2556|2974	PV0229-C.g13	26.096	456	236	16	42	419	900	1332	8.75e-36	142
PfIT_140085700|DBLz|1|2556|2974	PV0229-C.g13	28.232	379	215	12	10	342	30	397	2.89e-31	129
PfIT_140085700|DBLz|1|2556|2974	PV0229-C.g13	23.549	293	178	11	66	339	2079	2344	1.44e-09	62.8
PfIT_140085700|DBLz|1|2556|2974	PV0229-C.g13	25.581	258	153	11	154	385	1485	1729	2.46e-07	55.8
PfIT_140085700|ATS|1|3060|3565	PV0234-C.g27	78.161	522	84	7	1	506	2445	2952	0.0	720
PfIT_140085700|ATS|1|3060|3565	PV0239-C.g10	73.410	519	104	14	1	506	3361	3858	0.0	686
PfIT_140085700|ATS|1|3060|3565	PT0034-C.g724	73.396	530	93	10	1	506	2851	3356	0.0	685
PfIT_140085700|ATS|1|3060|3565	PV0028-C.g54	72.031	522	109	9	1	506	1750	2250	0.0	667
PfIT_140085700|ATS|1|3060|3565	PA0204-C.g659	74.231	520	73	9	1	506	1701	2173	0.0	667
PfIT_000009500|NTS|1|1|66	PV0124-C.g60	100.000	66	0	0	1	66	1	66	4.09e-38	135
PfIT_000009500|NTS|1|1|66	PV0116-C.g66	100.000	66	0	0	1	66	1	66	6.27e-38	134
PfIT_000009500|NTS|1|1|66	QG0287-C.g639	82.540	63	11	0	4	66	9	71	1.10e-27	105
PfIT_000009500|NTS|1|1|66	QG0287-C.g473	72.727	66	18	0	1	66	1	66	3.38e-25	98.2
PfIT_000009500|NTS|1|1|66	QG0295-C.g2928	72.222	54	15	0	13	66	16	69	5.96e-19	80.5
PfIT_000009500|DBLa|1|67|490	PV0116-C.g66	100.000	424	0	0	1	424	67	490	0.0	889
PfIT_000009500|DBLa|1|67|490	PV0116-C.g66	37.624	101	61	1	237	337	1166	1264	1.05e-13	75.9
PfIT_000009500|DBLa|1|67|490	PV0124-C.g60	100.000	424	0	0	1	424	67	490	0.0	888
PfIT_000009500|DBLa|1|67|490	PV0124-C.g60	31.169	154	97	3	184	337	1066	1210	8.87e-16	82.4
PfIT_000009500|DBLa|1|67|490	PV0133-C.g107	92.056	428	30	2	1	424	67	494	0.0	773
PfIT_000009500|DBLa|1|67|490	PV0133-C.g107	32.057	209	119	6	219	424	1146	1334	7.49e-18	88.6
PfIT_000009500|DBLa|1|67|490	PA0220-C.g1125	75.870	431	84	7	1	424	66	483	0.0	625
PfIT_000009500|DBLa|1|67|490	PA0220-C.g1125	27.411	197	107	7	230	424	1201	1363	1.76e-11	68.9
PfIT_000009500|DBLa|1|67|490	QG0246-C.g3422	72.707	447	88	8	1	424	67	502	0.0	605
PfIT_000009500|DBLa|1|67|490	QG0246-C.g3422	26.449	276	143	10	182	424	1105	1353	5.67e-15	79.7
PfIT_000009500|CIDRa|1|491|743	PV0124-C.g60	100.000	253	0	0	1	253	491	743	3.48e-174	523
PfIT_000009500|CIDRa|1|491|743	PV0116-C.g66	100.000	253	0	0	1	253	491	743	5.92e-174	523
PfIT_000009500|CIDRa|1|491|743	QE0448-C.g671	93.676	253	15	1	1	253	497	748	1.23e-157	480
PfIT_000009500|CIDRa|1|491|743	QE0449-C.g800	93.676	253	15	1	1	253	497	748	1.23e-157	480
PfIT_000009500|CIDRa|1|491|743	QE0428-C.g827	93.676	253	15	1	1	253	497	748	2.28e-157	479
PfIT_000009500|DBLd|1|834|1260	PD0510-C.g595	81.128	461	50	5	1	427	898	1355	0.0	746
PfIT_000009500|DBLd|1|834|1260	PD0510-C.g595	26.702	382	220	17	60	412	132	482	4.18e-19	92.8
PfIT_000009500|DBLd|1|834|1260	PH0367-C.g458	55.357	448	162	10	1	427	831	1261	9.19e-144	449
PfIT_000009500|DBLd|1|834|1260	PH0367-C.g458	25.843	267	163	7	155	397	188	443	4.91e-17	86.3
PfIT_000009500|DBLd|1|834|1260	PH0516-C.g637	55.357	448	162	10	1	427	862	1292	1.44e-143	449
PfIT_000009500|DBLd|1|834|1260	PH0516-C.g637	24.519	416	234	16	56	427	112	491	4.25e-20	95.5
PfIT_000009500|DBLd|1|834|1260	PD0532-C.g678	52.743	474	174	11	1	427	844	1314	2.12e-137	433
PfIT_000009500|DBLd|1|834|1260	PD0532-C.g678	25.498	251	141	8	206	427	264	497	2.48e-12	71.6
PfIT_000009500|DBLd|1|834|1260	PD0532-C.g656	52.743	474	174	11	1	427	844	1314	2.12e-137	433
PfIT_000009500|DBLd|1|834|1260	PD0532-C.g656	25.498	251	141	8	206	427	264	497	2.48e-12	71.6
PfIT_000009500|CIDRb|1|1261|1515	PD0510-C.g595	100.000	255	0	0	1	255	1356	1610	2.13e-174	526
PfIT_000009500|CIDRb|1|1261|1515	PD0510-C.g133	79.608	255	48	2	1	255	2594	2844	3.14e-118	374
PfIT_000009500|CIDRb|1|1261|1515	PD0510-C.g133	28.409	176	119	6	71	243	531	702	3.86e-08	56.2
PfIT_000009500|CIDRb|1|1261|1515	QE0455-C.g643	66.667	261	75	7	1	255	1422	1676	1.45e-101	326
PfIT_000009500|CIDRb|1|1261|1515	QE0428-C.g772	66.667	261	75	7	1	255	1326	1580	4.36e-101	324
PfIT_000009500|CIDRb|1|1261|1515	QE0428-C.g772	25.389	193	133	5	59	245	568	755	5.54e-09	58.9
PfIT_000009500|CIDRb|1|1261|1515	QE0427-C.g752	66.667	261	75	7	1	255	1326	1580	4.36e-101	324
PfIT_000009500|CIDRb|1|1261|1515	QE0427-C.g752	25.389	193	133	5	59	245	568	755	5.54e-09	58.9
PfIT_000009500|ATS|1|1647|2112	PD0590-C.g13	77.393	491	82	5	1	466	818	1304	0.0	729
PfIT_000009500|ATS|1|1647|2112	PV0211-C.g126	73.333	510	87	9	1	466	841	1345	0.0	677
PfIT_000009500|ATS|1|1647|2112	PT0170-C.g672	73.457	486	81	11	1	466	1768	2225	0.0	661
PfIT_000009500|ATS|1|1647|2112	PH0643-C.g487	74.633	477	91	10	1	466	1677	2134	0.0	659
PfIT_000009500|ATS|1|1647|2112	PFKE12.g465	68.689	511	94	11	1	466	1773	2262	0.0	642
PfIT_000010800|NTS|1|1|62	QE0414-C.g669	100.000	62	0	0	1	62	1	62	1.21e-34	125
PfIT_000010800|NTS|1|1|62	QE0464-C.g711	100.000	62	0	0	1	62	1	62	1.34e-34	124
PfIT_000010800|NTS|1|1|62	PD0507-C.g758	90.323	62	6	0	1	62	1	62	3.67e-28	106
PfIT_000010800|NTS|1|1|62	PA0008-C.g938	83.871	62	10	0	1	62	1	62	2.59e-27	103
PfIT_000010800|NTS|1|1|62	PA0246-C.g377	83.871	62	10	0	1	62	1	62	2.86e-27	103
PfIT_000010800|DBLa|1|63|521	QE0414-C.g669	69.658	468	114	8	1	459	63	511	0.0	627
PfIT_000010800|DBLa|1|63|521	QE0414-C.g669	34.731	167	93	6	258	422	1202	1354	8.59e-18	89.0
PfIT_000010800|DBLa|1|63|521	QE0464-C.g711	69.658	468	114	8	1	459	63	511	0.0	627
PfIT_000010800|DBLa|1|63|521	QE0464-C.g711	34.731	167	93	6	258	422	1202	1354	9.57e-18	89.0
PfIT_000010800|DBLa|1|63|521	PA0049-C.g382	68.640	456	121	8	6	459	73	508	0.0	572
PfIT_000010800|DBLa|1|63|521	PA0049-C.g382	31.319	182	110	7	248	422	1220	1393	1.18e-12	72.8
PfIT_000010800|DBLa|1|63|521	PA0168-C.g760	67.191	445	113	11	24	459	75	495	0.0	565
PfIT_000010800|DBLa|1|63|521	PA0168-C.g760	24.830	294	186	7	145	433	1040	1303	4.85e-20	95.9
PfIT_000010800|DBLa|1|63|521	PT0098-C.g699	67.117	444	113	12	24	459	75	493	0.0	562
PfIT_000010800|CIDRa|1|522|826	QE0414-C.g669	99.672	305	1	0	1	305	512	816	0.0	630
PfIT_000010800|CIDRa|1|522|826	QE0464-C.g711	99.672	305	1	0	1	305	512	816	0.0	629
PfIT_000010800|CIDRa|1|522|826	PT0109-C.g178	95.498	311	8	1	1	305	501	811	0.0	610
PfIT_000010800|CIDRa|1|522|826	PF0489-C.g553	94.855	311	10	1	1	305	507	817	0.0	608
PfIT_000010800|CIDRa|1|522|826	PA0186-C.g455	94.855	311	10	1	1	305	400	710	0.0	607
PfIT_000010800|DBLd|1|886|1514	PH0589-C.g560	74.521	365	74	6	279	629	1023	1382	9.81e-172	535
PfIT_000010800|DBLd|1|886|1514	PH0589-C.g560	49.686	159	64	4	1	156	848	993	2.11e-33	139
PfIT_000010800|DBLd|1|886|1514	PH0589-C.g560	34.426	122	74	3	447	567	287	403	1.52e-07	57.4
PfIT_000010800|DBLd|1|886|1514	PD0514-C.g901	44.478	670	213	25	1	629	833	1384	2.13e-145	459
PfIT_000010800|DBLd|1|886|1514	PD0514-C.g901	23.592	373	219	13	291	629	171	511	7.74e-13	74.3
PfIT_000010800|DBLd|1|886|1514	PD0514-C.g736	43.524	664	205	22	1	629	832	1360	9.97e-140	448
PfIT_000010800|DBLd|1|886|1514	PD0514-C.g736	23.611	288	142	11	377	629	252	496	5.37e-11	68.6
PfIT_000010800|DBLd|1|886|1514	PV0147-C.g137	43.778	667	255	22	1	629	31	615	8.95e-139	431
PfIT_000010800|DBLd|1|886|1514	PV0020-C.g25	43.628	667	249	20	1	629	844	1421	5.30e-137	441
PfIT_000010800|DBLd|1|886|1514	PV0020-C.g25	26.217	267	147	10	377	629	254	484	1.19e-15	83.6
PfIT_000010800|CIDRb|1|1515|1778	PH0589-C.g560	99.621	264	1	0	1	264	1383	1646	7.72e-180	541
PfIT_000010800|CIDRb|1|1515|1778	PH0495-CW.g54	64.394	264	86	4	1	258	597	858	2.86e-103	323
PfIT_000010800|CIDRb|1|1515|1778	PA0104-C.g251	64.773	264	85	4	1	258	1041	1302	6.64e-101	323
PfIT_000010800|CIDRb|1|1515|1778	PD0667-C.g1205	64.394	264	86	4	1	258	1213	1474	2.48e-100	322
PfIT_000010800|CIDRb|1|1515|1778	PA0202-C.g670	64.773	264	85	4	1	258	1307	1568	3.45e-100	322
PfIT_000010800|ATS|1|1896|2209	PF0489-C.g723	79.525	337	44	4	1	314	1717	2051	4.55e-176	538
PfIT_000010800|ATS|1|1896|2209	PV0083-C.g54	80.063	316	61	1	1	314	1672	1987	4.95e-169	518
PfIT_000010800|ATS|1|1896|2209	QE0438-C.g681	78.193	321	63	1	1	314	1669	1989	1.97e-165	509
PfIT_000010800|ATS|1|1896|2209	PFKE11.g671	75.362	345	52	7	1	314	2046	2388	1.33e-164	509
PfIT_000010800|ATS|1|1896|2209	PH0500-CW.g501	76.012	321	69	4	1	314	762	1081	3.38e-164	488
