PfKE01_010005000|NTS|1|1|75	PT0080-C.g641	100.000	75	0	0	1	75	1	75	3.35e-45	155
PfKE01_010005000|NTS|1|1|75	PT0066-C.g788	100.000	75	0	0	1	75	1	75	3.35e-45	155
PfKE01_010005000|NTS|1|1|75	PT0240-C.g177	100.000	75	0	0	1	75	1	75	3.41e-45	155
PfKE01_010005000|NTS|1|1|75	PM0133-C.g449	100.000	75	0	0	1	75	1	75	3.48e-45	155
PfKE01_010005000|NTS|1|1|75	PT0017-CW.g404	100.000	75	0	0	1	75	1	75	3.62e-45	155
PfKE01_010005000|DBLa|1|76|473	PM0041-C.g709	100.000	398	0	0	1	398	76	473	0.0	831
PfKE01_010005000|DBLa|1|76|473	PM0041-C.g709	38.911	257	115	9	21	259	837	1069	3.27e-40	155
PfKE01_010005000|DBLa|1|76|473	PM0041-C.g709	26.776	183	119	4	221	398	2080	2252	5.27e-10	63.9
PfKE01_010005000|DBLa|1|76|473	PM0041-C.g709	23.050	282	169	7	53	320	1325	1572	5.71e-10	63.9
PfKE01_010005000|DBLa|1|76|473	PFKE01.g2	100.000	398	0	0	1	398	76	473	0.0	830
PfKE01_010005000|DBLa|1|76|473	PFKE01.g2	33.431	341	158	14	21	338	813	1107	6.93e-37	145
PfKE01_010005000|DBLa|1|76|473	PFKE01.g2	32.934	334	169	13	1	317	2325	2620	6.39e-36	142
PfKE01_010005000|DBLa|1|76|473	PFKE01.g2	27.667	300	173	11	116	398	1701	1973	8.81e-19	91.3
PfKE01_010005000|DBLa|1|76|473	PFKE01.g2	24.126	286	162	9	50	320	1264	1509	5.97e-14	76.3
PfKE01_010005000|DBLa|1|76|473	PFKE01.g2	22.659	331	208	12	48	359	2761	3062	6.58e-08	57.4
PfKE01_010005000|DBLa|1|76|473	PT0041-C.g52	100.000	398	0	0	1	398	76	473	0.0	829
PfKE01_010005000|DBLa|1|76|473	PT0041-C.g52	33.431	341	158	14	21	338	813	1107	7.82e-37	145
PfKE01_010005000|DBLa|1|76|473	PT0041-C.g52	31.061	264	141	9	19	264	2365	2605	3.66e-26	113
PfKE01_010005000|DBLa|1|76|473	PT0041-C.g52	26.263	297	181	9	116	398	1712	1984	2.02e-17	87.0
PfKE01_010005000|DBLa|1|76|473	PT0041-C.g52	24.126	286	162	9	50	320	1264	1509	8.23e-14	75.9
PfKE01_010005000|DBLa|1|76|473	PT0041-C.g52	27.632	228	143	7	44	259	2780	2997	4.23e-11	67.4
PfKE01_010005000|DBLa|1|76|473	PT0017-CW.g404	100.000	398	0	0	1	398	76	473	0.0	828
PfKE01_010005000|DBLa|1|76|473	PT0017-CW.g404	33.041	342	159	14	21	338	813	1108	1.29e-35	141
PfKE01_010005000|DBLa|1|76|473	PT0017-CW.g404	32.576	264	136	9	19	264	2366	2605	2.93e-28	119
PfKE01_010005000|DBLa|1|76|473	PT0017-CW.g404	26.263	297	181	9	116	398	1713	1985	1.64e-17	87.4
PfKE01_010005000|DBLa|1|76|473	PT0017-CW.g404	24.126	286	162	9	50	320	1265	1510	6.45e-14	76.3
PfKE01_010005000|DBLa|1|76|473	PT0017-CW.g404	27.632	228	143	7	44	259	2780	2997	3.26e-11	67.8
PfKE01_010005000|DBLa|1|76|473	PF0240-C.g533	97.739	398	9	0	1	398	76	473	0.0	808
PfKE01_010005000|DBLa|1|76|473	PF0240-C.g533	35.185	270	127	10	17	267	810	1050	1.99e-35	140
PfKE01_010005000|DBLa|1|76|473	PF0240-C.g533	32.070	343	166	14	57	371	2390	2693	6.15e-33	133
PfKE01_010005000|DBLa|1|76|473	PF0240-C.g533	32.353	238	130	11	175	398	1768	1988	5.54e-18	89.0
PfKE01_010005000|DBLa|1|76|473	PF0240-C.g533	25.965	285	141	12	51	320	2774	3003	1.37e-10	65.9
PfKE01_010005000|DBLa|1|76|473	PF0240-C.g533	23.684	304	186	8	51	342	1274	1543	3.09e-10	64.7
PfKE01_010005000|CIDRa|1|474|724	PM0041-C.g709	100.000	251	0	0	1	251	474	724	3.46e-166	511
PfKE01_010005000|CIDRa|1|474|724	PFKE01.g2	100.000	251	0	0	1	251	474	724	8.25e-166	510
PfKE01_010005000|CIDRa|1|474|724	PT0041-C.g52	100.000	251	0	0	1	251	474	724	1.45e-165	509
PfKE01_010005000|CIDRa|1|474|724	PT0041-C.g52	27.407	135	95	3	38	171	2024	2156	2.31e-08	57.0
PfKE01_010005000|CIDRa|1|474|724	PT0066-C.g788	98.008	251	5	0	1	251	474	724	3.15e-163	502
PfKE01_010005000|CIDRa|1|474|724	PT0066-C.g788	28.464	267	157	13	4	251	1986	2237	2.29e-10	62.8
PfKE01_010005000|CIDRa|1|474|724	PFKE09.g471	98.008	251	5	0	1	251	474	724	3.38e-163	502
PfKE01_010005000|DBLb|1|733|1211	PT0041-C.g52	100.000	479	0	0	1	479	733	1211	0.0	1006
PfKE01_010005000|DBLb|1|733|1211	PT0041-C.g52	44.314	510	202	17	1	479	2272	2730	5.88e-105	345
PfKE01_010005000|DBLb|1|733|1211	PT0041-C.g52	33.431	341	158	14	81	375	96	413	1.30e-36	146
PfKE01_010005000|DBLb|1|733|1211	PT0041-C.g52	29.478	268	161	9	96	350	1255	1507	2.35e-22	103
PfKE01_010005000|DBLb|1|733|1211	PT0041-C.g52	31.301	246	126	11	110	331	2792	3018	7.96e-16	83.2
PfKE01_010005000|DBLb|1|733|1211	PT0041-C.g52	25.328	229	120	7	172	356	1702	1923	2.78e-10	65.5
PfKE01_010005000|DBLb|1|733|1211	PFKE01.g2	100.000	479	0	0	1	479	733	1211	0.0	1006
PfKE01_010005000|DBLb|1|733|1211	PFKE01.g2	42.558	477	220	13	17	479	2277	2713	6.89e-111	363
PfKE01_010005000|DBLb|1|733|1211	PFKE01.g2	33.431	341	158	14	81	375	96	413	1.59e-36	146
PfKE01_010005000|DBLb|1|733|1211	PFKE01.g2	28.250	400	195	17	110	479	2769	3106	1.87e-24	110
PfKE01_010005000|DBLb|1|733|1211	PFKE01.g2	29.478	268	161	9	96	350	1255	1507	3.35e-22	103
PfKE01_010005000|DBLb|1|733|1211	PT0017-CW.g404	97.917	480	9	1	1	479	733	1212	0.0	984
PfKE01_010005000|DBLb|1|733|1211	PT0017-CW.g404	43.898	508	206	17	1	479	2273	2730	3.20e-104	343
PfKE01_010005000|DBLb|1|733|1211	PT0017-CW.g404	33.431	341	158	14	81	375	96	413	1.77e-36	146
PfKE01_010005000|DBLb|1|733|1211	PT0017-CW.g404	29.478	268	161	9	96	350	1256	1508	2.93e-22	103
PfKE01_010005000|DBLb|1|733|1211	PT0017-CW.g404	31.301	246	126	11	110	331	2792	3018	9.54e-16	82.8
PfKE01_010005000|DBLb|1|733|1211	PT0017-CW.g404	25.328	229	120	7	172	356	1703	1924	3.53e-10	65.1
PfKE01_010005000|DBLb|1|733|1211	PM0133-C.g449	80.328	488	78	5	1	473	732	1216	0.0	798
PfKE01_010005000|DBLb|1|733|1211	PM0133-C.g449	39.600	500	228	14	1	479	2295	2741	2.98e-99	329
PfKE01_010005000|DBLb|1|733|1211	PM0133-C.g449	33.537	328	151	13	81	362	96	402	8.60e-36	144
PfKE01_010005000|DBLb|1|733|1211	PM0133-C.g449	30.041	243	143	7	110	343	1306	1530	2.19e-18	91.3
PfKE01_010005000|DBLb|1|733|1211	PM0133-C.g449	29.134	254	125	10	110	331	2803	3033	7.99e-14	77.0
PfKE01_010005000|DBLb|1|733|1211	PM0054-C.g170	82.474	485	76	6	1	479	112	593	0.0	796
PfKE01_010005000|DBLb|1|733|1211	PM0054-C.g170	48.207	502	192	15	1	479	1663	2119	3.10e-134	430
PfKE01_010005000|DBLb|1|733|1211	PM0054-C.g170	26.117	291	161	12	110	371	664	929	2.35e-12	72.0
PfKE01_010005000|DBLb|1|733|1211	PM0054-C.g170	26.038	265	161	9	97	349	2163	2404	1.95e-10	66.2
PfKE01_010005000|DBLb|1|733|1211	PM0054-C.g170	23.109	238	121	6	172	358	1105	1331	1.02e-07	57.4
PfKE01_010005000|DBLg|1|1226|1569	PFKE01.g2	100.000	344	0	0	1	344	1226	1569	0.0	714
PfKE01_010005000|DBLg|1|1226|1569	PFKE01.g2	38.037	326	176	10	1	305	2723	3043	7.36e-56	198
PfKE01_010005000|DBLg|1|1226|1569	PFKE01.g2	32.268	313	144	12	30	284	1605	1907	3.71e-36	141
PfKE01_010005000|DBLg|1|1226|1569	PFKE01.g2	29.478	268	161	9	30	282	828	1082	1.78e-22	101
PfKE01_010005000|DBLg|1|1226|1569	PFKE01.g2	30.169	295	153	13	21	282	2347	2621	9.23e-21	96.3
PfKE01_010005000|DBLg|1|1226|1569	PFKE01.g2	24.126	286	162	9	39	284	125	395	1.58e-14	77.4
PfKE01_010005000|DBLg|1|1226|1569	PT0041-C.g52	100.000	344	0	0	1	344	1226	1569	0.0	714
PfKE01_010005000|DBLg|1|1226|1569	PT0041-C.g52	45.455	363	170	9	1	344	2746	3099	1.17e-90	298
PfKE01_010005000|DBLg|1|1226|1569	PT0041-C.g52	29.683	347	176	7	1	282	1574	1917	7.12e-40	152
PfKE01_010005000|DBLg|1|1226|1569	PT0041-C.g52	29.478	268	161	9	30	282	828	1082	2.53e-22	100
PfKE01_010005000|DBLg|1|1226|1569	PT0041-C.g52	24.126	286	162	9	39	284	125	395	1.87e-14	77.0
PfKE01_010005000|DBLg|1|1226|1569	PT0041-C.g52	25.592	211	139	5	43	240	2397	2602	3.59e-13	73.2
PfKE01_010005000|DBLg|1|1226|1569	PT0017-CW.g404	96.221	344	13	0	1	344	1227	1570	0.0	685
PfKE01_010005000|DBLg|1|1226|1569	PT0017-CW.g404	45.455	363	170	9	1	344	2746	3099	1.31e-90	298
PfKE01_010005000|DBLg|1|1226|1569	PT0017-CW.g404	29.683	347	176	7	1	282	1575	1918	2.56e-39	150
PfKE01_010005000|DBLg|1|1226|1569	PT0017-CW.g404	29.368	269	161	10	30	282	828	1083	2.81e-21	97.8
PfKE01_010005000|DBLg|1|1226|1569	PT0017-CW.g404	27.488	211	134	6	43	240	2398	2602	3.45e-15	79.3
PfKE01_010005000|DBLg|1|1226|1569	PT0017-CW.g404	24.126	286	162	9	39	284	125	395	1.93e-14	77.0
PfKE01_010005000|DBLg|1|1226|1569	PA0098-C.g47	83.430	344	55	1	1	344	1206	1547	0.0	593
PfKE01_010005000|DBLg|1|1226|1569	PA0098-C.g47	37.127	369	196	12	1	344	2709	3066	3.24e-65	225
PfKE01_010005000|DBLg|1|1226|1569	PA0098-C.g47	32.303	356	163	12	1	284	1552	1901	4.61e-42	158
PfKE01_010005000|DBLg|1|1226|1569	PA0098-C.g47	26.054	261	151	8	42	283	853	1090	2.96e-19	91.7
PfKE01_010005000|DBLg|1|1226|1569	PA0098-C.g47	24.671	304	188	12	1	283	2325	2608	9.14e-18	87.0
PfKE01_010005000|DBLg|1|1226|1569	PA0098-C.g47	24.211	285	169	9	38	284	114	389	3.59e-13	73.2
PfKE01_010005000|DBLg|1|1226|1569	QG0226-C.g2801	80.523	344	65	1	1	344	1208	1549	0.0	573
PfKE01_010005000|DBLg|1|1226|1569	QG0226-C.g2801	40.710	366	187	10	1	344	2709	3066	5.70e-74	251
PfKE01_010005000|DBLg|1|1226|1569	QG0226-C.g2801	31.690	284	123	12	69	284	1602	1882	3.08e-25	109
PfKE01_010005000|DBLg|1|1226|1569	QG0226-C.g2801	29.677	310	175	13	30	308	2346	2643	2.24e-22	100
PfKE01_010005000|DBLg|1|1226|1569	QG0226-C.g2801	25.670	261	152	8	42	283	855	1092	7.19e-19	90.5
PfKE01_010005000|DBLg|1|1226|1569	QG0226-C.g2801	24.211	285	169	9	38	284	116	391	2.18e-13	73.9
PfKE01_010005000|DBLd|1|1574|1973	PFKE01.g2	100.000	400	0	0	1	400	1574	1973	0.0	827
PfKE01_010005000|DBLd|1|1574|1973	PFKE01.g2	34.006	347	160	12	1	332	2723	3015	3.83e-45	169
PfKE01_010005000|DBLd|1|1574|1973	PFKE01.g2	31.594	345	164	14	1	334	1226	1509	5.35e-38	148
PfKE01_010005000|DBLd|1|1574|1973	PFKE01.g2	27.667	300	173	11	128	400	191	473	6.17e-18	88.6
PfKE01_010005000|DBLd|1|1574|1973	PA0213-C.g35	83.831	402	59	3	1	400	385	782	0.0	670
PfKE01_010005000|DBLd|1|1574|1973	PA0213-C.g35	35.484	310	134	9	32	334	71	321	3.46e-45	169
PfKE01_010005000|DBLd|1|1574|1973	PA0044-C.g63	81.527	406	67	3	1	400	1605	2008	0.0	658
PfKE01_010005000|DBLd|1|1574|1973	PA0044-C.g63	35.756	344	163	12	1	334	1245	1540	1.44e-42	162
PfKE01_010005000|DBLd|1|1574|1973	PA0044-C.g63	32.423	293	130	11	1	283	2768	3002	1.98e-35	140
PfKE01_010005000|DBLd|1|1574|1973	PA0044-C.g63	28.667	300	170	11	128	400	191	473	3.18e-19	92.8
PfKE01_010005000|DBLd|1|1574|1973	PA0052-C.g422	81.527	406	67	3	1	400	404	807	0.0	658
PfKE01_010005000|DBLd|1|1574|1973	PA0052-C.g422	35.756	344	163	12	1	334	44	339	1.29e-42	162
PfKE01_010005000|DBLd|1|1574|1973	PA0052-C.g422	32.423	293	130	11	1	283	1567	1801	1.40e-35	141
PfKE01_010005000|DBLd|1|1574|1973	PM0086-C.g1023	82.840	338	51	2	68	400	1	336	0.0	556
PfKE01_010005000|CIDRb|1|1974|2226	PFKE01.g2	100.000	253	0	0	1	253	1974	2226	2.50e-169	520
PfKE01_010005000|CIDRb|1|1974|2226	PM0086-C.g1023	83.004	253	43	0	1	253	337	589	2.38e-141	429
PfKE01_010005000|CIDRb|1|1974|2226	PA0052-C.g422	83.004	253	43	0	1	253	808	1060	8.39e-138	429
PfKE01_010005000|CIDRb|1|1974|2226	PA0044-C.g63	83.004	253	43	0	1	253	2009	2261	2.30e-137	428
PfKE01_010005000|CIDRb|1|1974|2226	PD0508-C.g4762	81.377	247	46	0	1	247	189	435	1.50e-133	405
PfKE01_010005000|DBLb|2|2255|2713	PFKE01.g2	100.000	459	0	0	1	459	2255	2713	0.0	957
PfKE01_010005000|DBLb|2|2255|2713	PFKE01.g2	41.916	501	227	15	1	459	733	1211	4.72e-112	365
PfKE01_010005000|DBLb|2|2255|2713	PFKE01.g2	32.635	334	170	13	71	366	76	392	3.91e-35	141
PfKE01_010005000|DBLb|2|2255|2713	PFKE01.g2	30.137	365	200	13	123	459	2769	3106	7.46e-32	132
PfKE01_010005000|DBLb|2|2255|2713	PFKE01.g2	30.169	295	153	13	93	367	1246	1507	1.56e-20	97.8
PfKE01_010005000|DBLb|2|2255|2713	QG0269-C.g509	93.900	459	28	0	1	459	2278	2736	0.0	902
PfKE01_010005000|DBLb|2|2255|2713	QG0269-C.g509	40.625	512	229	17	1	459	731	1220	1.51e-109	358
PfKE01_010005000|DBLb|2|2255|2713	QG0269-C.g509	31.392	395	205	17	71	422	76	447	2.74e-35	142
PfKE01_010005000|DBLb|2|2255|2713	QG0269-C.g509	30.137	365	200	13	123	459	2792	3129	1.03e-31	131
PfKE01_010005000|DBLb|2|2255|2713	QG0269-C.g509	24.000	275	146	10	123	369	1282	1521	6.10e-10	64.3
PfKE01_010005000|DBLb|2|2255|2713	QG0269-C.g509	24.242	297	152	11	169	411	1699	1976	6.49e-08	57.8
PfKE01_010005000|DBLb|2|2255|2713	QG0271-C.g710	93.900	459	28	0	1	459	2278	2736	0.0	901
PfKE01_010005000|DBLb|2|2255|2713	QG0271-C.g710	40.625	512	229	17	1	459	731	1220	4.33e-108	354
PfKE01_010005000|DBLb|2|2255|2713	QG0271-C.g710	31.392	395	205	17	71	422	76	447	3.15e-35	142
PfKE01_010005000|DBLb|2|2255|2713	QG0271-C.g710	30.137	365	200	13	123	459	2792	3129	1.14e-31	131
PfKE01_010005000|DBLb|2|2255|2713	QG0271-C.g710	24.000	275	146	10	123	369	1282	1521	6.42e-10	64.3
PfKE01_010005000|DBLb|2|2255|2713	QG0271-C.g710	24.242	297	152	11	169	411	1699	1976	6.72e-08	57.8
PfKE01_010005000|DBLb|2|2255|2713	PM0076-C.g102	95.425	459	21	0	1	459	2286	2744	0.0	891
PfKE01_010005000|DBLb|2|2255|2713	PM0076-C.g102	40.936	513	229	15	1	459	741	1233	8.20e-102	336
PfKE01_010005000|DBLb|2|2255|2713	PM0076-C.g102	31.662	379	196	16	18	348	18	381	3.06e-33	136
PfKE01_010005000|DBLb|2|2255|2713	PM0076-C.g102	29.191	346	190	13	123	440	2800	3118	1.32e-24	110
PfKE01_010005000|DBLb|2|2255|2713	PM0076-C.g102	27.007	274	143	10	123	367	1293	1538	4.90e-13	74.3
PfKE01_010005000|DBLb|2|2255|2713	PfKE04.g748	77.114	402	86	4	59	459	277	673	0.0	649
PfKE01_010005000|DBLb|2|2255|2713	PfKE04.g748	41.176	119	56	6	19	131	159	269	6.94e-15	79.7
PfKE01_010005000|DBLg|2|2723|3106	PFKE01.g2	100.000	384	0	0	1	384	2723	3106	0.0	799
PfKE01_010005000|DBLg|2|2723|3106	PFKE01.g2	38.037	326	176	10	1	321	1226	1530	6.82e-56	200
PfKE01_010005000|DBLg|2|2723|3106	PFKE01.g2	33.718	347	161	12	1	293	1574	1905	6.66e-43	162
PfKE01_010005000|DBLg|2|2723|3106	PFKE01.g2	30.137	365	200	13	47	384	2377	2713	3.88e-32	130
PfKE01_010005000|DBLg|2|2723|3106	PFKE01.g2	28.250	400	195	17	47	384	842	1211	7.67e-25	109
PfKE01_010005000|DBLg|2|2723|3106	PFKE01.g2	22.727	286	173	10	39	292	123	392	1.83e-08	58.9
PfKE01_010005000|DBLg|2|2723|3106	QG0271-C.g710	100.000	384	0	0	1	384	2746	3129	0.0	797
PfKE01_010005000|DBLg|2|2723|3106	QG0271-C.g710	39.130	299	156	10	1	292	1239	1518	6.34e-53	191
PfKE01_010005000|DBLg|2|2723|3106	QG0271-C.g710	30.328	366	189	13	1	309	1586	1942	3.01e-37	145
PfKE01_010005000|DBLg|2|2723|3106	QG0271-C.g710	30.411	365	199	13	47	384	2400	2736	2.64e-33	134
PfKE01_010005000|DBLg|2|2723|3106	QG0271-C.g710	25.219	456	240	20	1	384	794	1220	8.67e-21	97.1
PfKE01_010005000|DBLg|2|2723|3106	QG0271-C.g710	24.123	228	142	7	39	251	123	334	2.75e-08	58.5
PfKE01_010005000|DBLg|2|2723|3106	QG0269-C.g509	100.000	384	0	0	1	384	2746	3129	0.0	797
PfKE01_010005000|DBLg|2|2723|3106	QG0269-C.g509	39.130	299	156	10	1	292	1239	1518	6.16e-53	191
PfKE01_010005000|DBLg|2|2723|3106	QG0269-C.g509	30.328	366	189	13	1	309	1586	1942	2.90e-37	145
PfKE01_010005000|DBLg|2|2723|3106	QG0269-C.g509	30.411	365	199	13	47	384	2400	2736	2.75e-33	134
PfKE01_010005000|DBLg|2|2723|3106	QG0269-C.g509	25.219	456	240	20	1	384	794	1220	9.24e-21	97.1
PfKE01_010005000|DBLg|2|2723|3106	QG0269-C.g509	24.123	228	142	7	39	251	123	334	2.78e-08	58.5
PfKE01_010005000|DBLg|2|2723|3106	PM0041-C.g835	95.052	384	19	0	1	384	717	1100	0.0	759
PfKE01_010005000|DBLg|2|2723|3106	PM0041-C.g835	31.856	361	192	15	47	384	378	707	6.76e-36	141
PfKE01_010005000|DBLg|2|2723|3106	PM0076-C.g102	100.000	366	0	0	1	366	2754	3119	0.0	755
PfKE01_010005000|DBLg|2|2723|3106	PM0076-C.g102	40.594	303	154	9	3	294	1252	1539	1.24e-53	193
PfKE01_010005000|DBLg|2|2723|3106	PM0076-C.g102	31.937	382	188	13	1	325	1605	1971	1.57e-41	158
PfKE01_010005000|DBLg|2|2723|3106	PM0076-C.g102	30.411	365	199	13	47	384	2408	2744	2.55e-33	134
PfKE01_010005000|DBLg|2|2723|3106	PM0076-C.g102	27.160	405	201	16	47	384	856	1233	7.23e-26	112
PfKE01_010005000|DBLg|2|2723|3106	PM0076-C.g102	25.726	241	134	11	39	253	123	344	8.84e-09	60.1
PfKE01_010005000|ATS|1|3279|3698	PFKE01.g2	100.000	420	0	0	1	420	3279	3698	0.0	869
PfKE01_010005000|ATS|1|3279|3698	PFKE01.g6	84.112	428	57	4	1	420	2709	3133	0.0	726
PfKE01_010005000|ATS|1|3279|3698	QE0448-C.g49	83.411	428	62	2	1	420	2723	3149	0.0	722
PfKE01_010005000|ATS|1|3279|3698	PFKE12.g497	83.916	429	58	3	1	420	2528	2954	0.0	717
PfKE01_010005000|ATS|1|3279|3698	PA0074-C.g611	82.944	428	60	5	1	420	2810	3232	0.0	712
PfKE01_020025000|NTS|1|1|67	PFKE01.g17	100.000	67	0	0	1	67	1	67	2.43e-38	135
PfKE01_020025000|NTS|1|1|67	PM0146-C.g476	67.164	67	17	1	1	67	1	62	2.13e-21	87.4
PfKE01_020025000|NTS|1|1|67	PH0549-C.g406	65.672	67	22	1	1	67	1	66	2.28e-21	87.4
PfKE01_020025000|NTS|1|1|67	PH0329-C.g442	65.672	67	22	1	1	67	1	66	2.41e-21	87.4
PfKE01_020025000|NTS|1|1|67	PM0076-C.g1274	84.000	50	8	0	17	66	14	63	6.52e-21	86.3
PfKE01_020025000|DBLa|1|68|492	PFKE01.g17	100.000	425	0	0	1	425	68	492	0.0	889
PfKE01_020025000|DBLa|1|68|492	PFKE01.g17	23.841	302	173	9	159	425	1095	1374	1.02e-10	66.6
PfKE01_020025000|DBLa|1|68|492	PV0265-C.g17	68.119	436	116	8	1	425	60	483	0.0	574
PfKE01_020025000|DBLa|1|68|492	PV0265-C.g17	27.734	256	131	14	124	334	1076	1322	8.24e-13	73.2
PfKE01_020025000|DBLa|1|68|492	PA0057-C.g332	67.849	423	115	6	14	425	73	485	0.0	568
PfKE01_020025000|DBLa|1|68|492	PA0057-C.g332	25.434	346	188	14	124	425	1067	1386	4.24e-14	77.0
PfKE01_020025000|DBLa|1|68|492	PV0246-C.g43	67.120	441	113	9	1	425	71	495	0.0	566
PfKE01_020025000|DBLa|1|68|492	PV0246-C.g43	25.664	339	171	14	125	425	1069	1364	2.76e-13	74.7
PfKE01_020025000|DBLa|1|68|492	PD0555-C.g612	67.120	441	113	9	1	425	67	491	0.0	565
PfKE01_020025000|DBLa|1|68|492	PD0555-C.g612	26.211	351	169	11	128	425	1063	1376	2.65e-17	87.0
PfKE01_020025000|CIDRa|1|493|818	PFKE01.g17	100.000	326	0	0	1	326	493	818	0.0	661
PfKE01_020025000|CIDRa|1|493|818	SenP051.02.g294	81.065	338	44	2	1	326	502	831	2.63e-153	473
PfKE01_020025000|CIDRa|1|493|818	PV0265-C.g17	73.512	336	77	5	1	326	484	817	8.86e-142	441
PfKE01_020025000|CIDRa|1|493|818	PH0594-C.g29	74.006	327	67	4	1	325	509	819	4.74e-139	432
PfKE01_020025000|CIDRa|1|493|818	PfKE05.g195	76.852	324	73	1	1	322	497	820	1.88e-134	421
PfKE01_020025000|CIDRa|1|493|818	PfKE05.g195	39.062	64	38	1	162	225	1549	1611	2.34e-07	55.1
PfKE01_020025000|DBLd|1|896|1374	PFKE01.g17	100.000	479	0	0	1	479	896	1374	0.0	1002
PfKE01_020025000|DBLd|1|896|1374	PFKE01.g17	23.841	302	173	9	200	479	226	492	9.70e-08	57.4
PfKE01_020025000|DBLd|1|896|1374	PA0065-C.g680	52.407	540	183	16	1	479	488	1014	1.37e-159	490
PfKE01_020025000|DBLd|1|896|1374	PM0108-C.g26	52.214	542	181	16	1	479	888	1414	2.56e-158	490
PfKE01_020025000|DBLd|1|896|1374	PM0108-C.g26	30.645	124	79	4	301	423	283	400	4.50e-09	61.6
PfKE01_020025000|DBLd|1|896|1374	QG0209-C.g722	52.222	540	184	15	1	479	811	1337	9.07e-158	489
PfKE01_020025000|DBLd|1|896|1374	QG0209-C.g722	32.500	120	73	2	316	428	291	409	6.95e-13	73.9
PfKE01_020025000|DBLd|1|896|1374	SenT085.10.g331	53.407	543	177	15	1	479	884	1414	1.37e-154	482
PfKE01_020025000|DBLd|1|896|1374	SenT085.10.g331	30.935	139	85	4	298	428	274	409	1.69e-07	56.6
PfKE01_020025000|CIDRb|1|1375|1637	PFKE01.g17	100.000	263	0	0	1	263	1375	1637	5.77e-180	541
PfKE01_020025000|CIDRb|1|1375|1637	QG0203-C.g668	95.057	263	11	1	1	263	1682	1942	8.74e-156	479
PfKE01_020025000|CIDRb|1|1375|1637	SenP027.02.g285	94.677	263	12	1	1	263	1446	1706	1.44e-155	476
PfKE01_020025000|CIDRb|1|1375|1637	PA0065-C.g680	90.909	264	21	1	1	261	1015	1278	9.01e-151	457
PfKE01_020025000|CIDRb|1|1375|1637	PT0017-CW.g643	91.532	248	17	1	1	248	569	812	2.21e-143	429
PfKE01_020025000|ATS|1|1748|2246	PFKE12.g465	79.960	504	82	11	1	499	1773	2262	0.0	751
PfKE01_020025000|ATS|1|1748|2246	PV0117-C.g64	73.889	540	67	6	1	499	1194	1700	0.0	743
PfKE01_020025000|ATS|1|1748|2246	PV0239-C.g10	77.176	517	81	13	1	499	3361	3858	0.0	727
PfKE01_020025000|ATS|1|1748|2246	PV0028-C.g31	74.951	507	68	10	1	499	1737	2192	0.0	726
PfKE01_020025000|ATS|1|1748|2246	PV0234-C.g27	77.927	521	80	9	1	499	2445	2952	0.0	717
PfKE01_030005200|NTS|1|1|70	PC0104-C.g660	100.000	70	0	0	1	70	1	70	2.85e-43	150
PfKE01_030005200|NTS|1|1|70	PFKE01.g5	100.000	70	0	0	1	70	1	70	2.96e-43	150
PfKE01_030005200|NTS|1|1|70	PA0161-C.g212	100.000	70	0	0	1	70	1	70	3.36e-43	149
PfKE01_030005200|NTS|1|1|70	PT0222-C.g59	100.000	70	0	0	1	70	1	70	3.59e-43	149
PfKE01_030005200|NTS|1|1|70	PD0513-C.g443	100.000	70	0	0	1	70	1	70	4.66e-43	149
PfKE01_030005200|DBLa|1|71|466	PT0222-C.g59	100.000	396	0	0	1	396	71	466	0.0	828
PfKE01_030005200|DBLa|1|71|466	PT0222-C.g59	33.803	284	154	9	16	275	801	1074	6.50e-37	145
PfKE01_030005200|DBLa|1|71|466	PT0222-C.g59	28.261	322	180	10	55	353	1365	1658	6.27e-24	106
PfKE01_030005200|DBLa|1|71|466	PT0222-C.g59	23.600	250	144	6	114	318	2400	2647	6.17e-13	73.2
PfKE01_030005200|DBLa|1|71|466	PT0222-C.g59	24.419	344	193	16	51	368	1775	2077	9.75e-10	63.2
PfKE01_030005200|DBLa|1|71|466	PA0161-C.g212	100.000	396	0	0	1	396	71	466	0.0	827
PfKE01_030005200|DBLa|1|71|466	PA0161-C.g212	33.803	284	154	9	16	275	800	1073	4.77e-37	145
PfKE01_030005200|DBLa|1|71|466	PA0161-C.g212	33.948	271	140	10	55	315	1378	1619	4.81e-26	113
PfKE01_030005200|DBLa|1|71|466	PA0161-C.g212	26.174	298	177	11	38	317	1758	2030	2.64e-15	80.5
PfKE01_030005200|DBLa|1|71|466	PC0104-C.g660	99.747	396	1	0	1	396	71	466	0.0	827
PfKE01_030005200|DBLa|1|71|466	PC0104-C.g660	33.803	284	154	9	16	275	800	1073	5.61e-37	145
PfKE01_030005200|DBLa|1|71|466	PC0104-C.g660	28.646	384	210	13	1	357	1337	1683	4.87e-33	134
PfKE01_030005200|DBLa|1|71|466	PC0104-C.g660	22.973	296	187	10	38	313	2157	2431	4.05e-10	64.3
PfKE01_030005200|DBLa|1|71|466	PC0104-C.g660	21.451	317	196	12	22	321	1765	2045	7.90e-10	63.5
PfKE01_030005200|DBLa|1|71|466	PC0104-C.g660	29.101	189	120	6	216	396	2947	3129	2.86e-08	58.5
PfKE01_030005200|DBLa|1|71|466	QE0476-C.g193	100.000	396	0	0	1	396	71	466	0.0	827
PfKE01_030005200|DBLa|1|71|466	QE0476-C.g193	32.092	349	171	11	20	348	1312	1614	1.43e-35	141
PfKE01_030005200|DBLa|1|71|466	QE0476-C.g193	32.063	315	169	14	21	317	810	1097	6.03e-34	136
PfKE01_030005200|DBLa|1|71|466	QE0476-C.g193	25.000	304	167	12	47	328	1736	2000	1.17e-10	66.2
PfKE01_030005200|DBLa|1|71|466	QE0476-C.g193	25.781	256	148	9	169	396	2385	2626	2.99e-09	61.6
PfKE01_030005200|DBLa|1|71|466	PD0554-C.g886	100.000	396	0	0	1	396	71	466	0.0	827
PfKE01_030005200|DBLa|1|71|466	PD0554-C.g886	32.092	349	171	11	20	348	1312	1614	1.43e-35	141
PfKE01_030005200|DBLa|1|71|466	PD0554-C.g886	32.063	315	169	14	21	317	810	1097	6.03e-34	136
PfKE01_030005200|DBLa|1|71|466	PD0554-C.g886	25.000	304	167	12	47	328	1736	2000	1.17e-10	66.2
PfKE01_030005200|DBLa|1|71|466	PD0554-C.g886	25.781	256	148	9	169	396	2385	2626	2.99e-09	61.6
PfKE01_030005200|CIDRa|1|467|717	PC0071-C.g44	99.602	251	1	0	1	251	480	730	2.87e-175	511
PfKE01_030005200|CIDRa|1|467|717	PD0460-C.g111	98.406	251	4	0	1	251	467	717	2.71e-169	505
PfKE01_030005200|CIDRa|1|467|717	PFKE01.g5	100.000	251	0	0	1	251	467	717	1.24e-167	514
PfKE01_030005200|CIDRa|1|467|717	PC0104-C.g660	99.602	251	1	0	1	251	467	717	3.39e-167	514
PfKE01_030005200|CIDRa|1|467|717	PA0161-C.g212	99.602	251	1	0	1	251	467	717	9.32e-167	512
PfKE01_030005200|DBLb|1|726|1192	PM0024-C.g179	100.000	467	0	0	1	467	53	519	0.0	982
PfKE01_030005200|DBLb|1|726|1192	PM0024-C.g179	38.150	519	213	14	1	467	558	1020	2.21e-89	300
PfKE01_030005200|DBLb|1|726|1192	PM0024-C.g179	25.106	235	118	8	78	293	1090	1285	1.30e-07	57.0
PfKE01_030005200|DBLb|1|726|1192	PA0085-C.g193	100.000	467	0	0	1	467	45	511	0.0	982
PfKE01_030005200|DBLb|1|726|1192	PA0085-C.g193	38.150	519	213	14	1	467	550	1012	2.52e-89	300
PfKE01_030005200|DBLb|1|726|1192	PA0085-C.g193	25.738	237	126	9	78	293	1082	1289	5.29e-08	58.2
PfKE01_030005200|DBLb|1|726|1192	PFKE01.g5	100.000	467	0	0	1	467	726	1192	0.0	979
PfKE01_030005200|DBLb|1|726|1192	PFKE01.g5	35.893	521	228	14	1	467	1231	1699	7.18e-82	278
PfKE01_030005200|DBLb|1|726|1192	PFKE01.g5	33.937	221	114	9	78	287	127	326	7.79e-24	107
PfKE01_030005200|DBLb|1|726|1192	PFKE01.g5	25.217	345	172	11	144	467	2224	2503	8.63e-17	86.3
PfKE01_030005200|DBLb|1|726|1192	PFKE01.g5	26.182	275	154	13	78	331	1760	2006	2.17e-12	72.0
PfKE01_030005200|DBLb|1|726|1192	PA0187-C.g236	91.649	467	39	0	1	467	733	1199	0.0	902
PfKE01_030005200|DBLb|1|726|1192	PA0187-C.g236	40.705	511	203	13	1	467	1230	1684	5.81e-104	342
PfKE01_030005200|DBLb|1|726|1192	PA0187-C.g236	27.273	286	158	7	78	331	127	394	1.81e-25	112
PfKE01_030005200|DBLb|1|726|1192	QE0476-C.g258	88.865	467	46	2	1	467	726	1186	0.0	861
PfKE01_030005200|DBLb|1|726|1192	QE0476-C.g258	41.386	505	190	13	12	467	1243	1690	1.68e-99	329
PfKE01_030005200|DBLb|1|726|1192	QE0476-C.g258	30.960	323	176	10	78	374	133	434	2.82e-30	127
PfKE01_030005200|DBLb|2|1231|1699	PFKE01.g5	100.000	469	0	0	1	469	1231	1699	0.0	969
PfKE01_030005200|DBLb|2|1231|1699	PFKE01.g5	35.893	521	228	14	1	469	726	1192	3.11e-82	280
PfKE01_030005200|DBLb|2|1231|1699	PFKE01.g5	30.326	399	235	14	17	384	14	400	4.37e-39	153
PfKE01_030005200|DBLb|2|1231|1699	PFKE01.g5	27.400	427	228	16	91	469	2111	2503	5.19e-26	114
PfKE01_030005200|DBLb|2|1231|1699	PFKE01.g5	27.007	274	151	10	121	369	1757	2006	2.88e-17	87.4
PfKE01_030005200|DBLb|2|1231|1699	PA0085-C.g193	80.973	473	76	5	1	469	550	1012	0.0	762
PfKE01_030005200|DBLb|2|1231|1699	PA0085-C.g193	35.893	521	228	14	1	469	45	511	3.20e-82	280
PfKE01_030005200|DBLb|2|1231|1699	PA0085-C.g193	23.132	281	156	10	105	358	1063	1310	1.63e-07	56.6
PfKE01_030005200|DBLb|2|1231|1699	PM0024-C.g179	80.973	473	76	5	1	469	558	1020	0.0	761
PfKE01_030005200|DBLb|2|1231|1699	PM0024-C.g179	35.893	521	228	14	1	469	53	519	3.62e-82	279
PfKE01_030005200|DBLb|2|1231|1699	PA0149-C.g519	74.840	469	102	5	3	469	1255	1709	0.0	706
PfKE01_030005200|DBLb|2|1231|1699	PA0149-C.g519	40.335	538	222	18	1	469	730	1237	3.67e-99	328
PfKE01_030005200|DBLb|2|1231|1699	PA0149-C.g519	31.662	379	200	16	19	356	21	381	1.12e-37	149
PfKE01_030005200|DBLb|2|1231|1699	PA0149-C.g519	26.182	275	154	10	121	369	1770	2021	3.61e-15	80.9
PfKE01_030005200|DBLb|2|1231|1699	PA0149-C.g519	24.932	365	190	14	158	462	2407	2747	1.04e-11	70.1
PfKE01_030005200|DBLb|2|1231|1699	PM0054-C.g367	71.190	479	111	7	1	469	460	921	0.0	661
PfKE01_030005200|DBLb|2|1231|1699	PM0054-C.g367	50.350	429	171	13	71	469	5	421	8.39e-120	388
PfKE01_030005200|DBLb|2|1231|1699	PM0054-C.g367	25.733	307	173	11	121	402	979	1255	2.08e-12	72.4
PfKE01_030005200|DBLg|1|1714|2084	PFKE01.g5	100.000	371	0	0	1	371	1714	2084	0.0	775
PfKE01_030005200|DBLg|1|1714|2084	PFKE01.g5	41.824	318	156	10	1	293	2102	2415	9.50e-67	231
PfKE01_030005200|DBLg|1|1714|2084	PFKE01.g5	27.007	274	151	10	44	293	1351	1599	8.87e-18	87.8
PfKE01_030005200|DBLg|1|1714|2084	PFKE01.g5	24.629	337	190	14	30	326	107	419	1.13e-14	78.2
PfKE01_030005200|DBLg|1|1714|2084	PFKE01.g5	26.182	275	154	13	47	293	803	1056	1.17e-12	72.0
PfKE01_030005200|DBLg|1|1714|2084	PC0070-C.g218	77.807	374	71	3	1	371	1652	2016	0.0	587
PfKE01_030005200|DBLg|1|1714|2084	PC0070-C.g218	26.685	371	191	15	44	371	1305	1637	4.41e-20	94.7
PfKE01_030005200|DBLg|1|1714|2084	PC0070-C.g218	28.413	271	130	12	47	293	805	1035	1.77e-15	80.5
PfKE01_030005200|DBLg|1|1714|2084	PC0070-C.g218	23.054	334	191	13	30	323	108	415	1.54e-12	71.6
PfKE01_030005200|DBLg|1|1714|2084	PA0202-C.g424	77.540	374	72	3	1	371	1656	2020	0.0	585
PfKE01_030005200|DBLg|1|1714|2084	PA0202-C.g424	26.954	371	193	18	44	371	1306	1641	1.02e-20	96.7
PfKE01_030005200|DBLg|1|1714|2084	PA0202-C.g424	28.413	271	130	12	47	293	811	1041	1.28e-15	81.3
PfKE01_030005200|DBLg|1|1714|2084	PA0202-C.g424	25.680	331	190	15	35	331	119	427	9.58e-15	78.6
PfKE01_030005200|DBLg|1|1714|2084	PM0054-C.g367	77.719	377	71	4	1	371	936	1305	0.0	582
PfKE01_030005200|DBLg|1|1714|2084	PM0054-C.g367	32.738	336	154	10	34	297	1356	1691	1.59e-43	164
PfKE01_030005200|DBLg|1|1714|2084	PM0054-C.g367	27.306	271	149	9	44	293	53	296	5.45e-20	94.4
PfKE01_030005200|DBLg|1|1714|2084	PM0054-C.g367	25.781	384	187	15	44	371	580	921	3.45e-19	92.0
PfKE01_030005200|DBLg|1|1714|2084	PM0041-C.g170	73.740	377	88	5	1	371	514	885	0.0	561
PfKE01_030005200|DBLg|1|1714|2084	PM0041-C.g170	28.324	346	145	16	38	298	1068	1395	4.60e-22	100
PfKE01_030005200|DBLg|1|1714|2084	PM0041-C.g170	26.277	274	159	6	40	293	132	382	2.90e-18	89.0
PfKE01_030005200|DBLg|2|2102|2503	PM0117-C.g815	100.000	402	0	0	1	402	2013	2414	0.0	835
PfKE01_030005200|DBLg|2|2102|2503	PM0117-C.g815	44.207	328	141	13	1	314	1618	1917	4.47e-68	236
PfKE01_030005200|DBLg|2|2102|2503	PM0117-C.g815	33.780	373	182	18	1	314	2523	2889	2.35e-41	158
PfKE01_030005200|DBLg|2|2102|2503	PM0117-C.g815	27.937	383	195	12	44	402	1270	1595	1.86e-29	123
PfKE01_030005200|DBLg|2|2102|2503	PM0117-C.g815	25.917	409	217	15	39	402	777	1144	9.00e-23	103
PfKE01_030005200|DBLg|2|2102|2503	PM0117-C.g815	24.324	333	169	11	21	316	44	330	1.92e-11	68.6
PfKE01_030005200|DBLg|2|2102|2503	PFKE01.g5	100.000	402	0	0	1	402	2102	2503	0.0	835
PfKE01_030005200|DBLg|2|2102|2503	PFKE01.g5	41.824	318	156	10	1	314	1714	2006	4.04e-66	230
PfKE01_030005200|DBLg|2|2102|2503	PFKE01.g5	27.400	427	228	16	10	402	1321	1699	2.57e-26	114
PfKE01_030005200|DBLg|2|2102|2503	PFKE01.g5	25.217	345	172	11	123	402	869	1192	5.19e-17	85.9
PfKE01_030005200|DBLg|2|2102|2503	PFKE01.g5	24.000	350	193	11	41	360	121	427	3.79e-12	70.9
PfKE01_030005200|DBLg|2|2102|2503	SenT092.08.g1310	98.387	372	6	0	1	372	1933	2304	0.0	761
PfKE01_030005200|DBLg|2|2102|2503	SenT092.08.g1310	42.378	328	137	12	1	314	1562	1851	1.72e-67	234
PfKE01_030005200|DBLg|2|2102|2503	SenT092.08.g1310	25.974	308	166	10	127	402	1267	1544	3.97e-19	92.4
PfKE01_030005200|DBLg|2|2102|2503	SenT092.08.g1310	23.005	426	222	14	45	402	670	1057	1.00e-14	79.0
PfKE01_030005200|DBLg|2|2102|2503	SenT092.08.g1310	22.376	362	191	12	42	361	1	314	5.89e-10	63.9
PfKE01_030005200|DBLg|2|2102|2503	SenT077.11.g676	78.133	407	80	4	1	402	1997	2399	0.0	642
PfKE01_030005200|DBLg|2|2102|2503	SenT077.11.g676	42.754	414	183	15	1	402	1241	1612	3.15e-87	291
PfKE01_030005200|DBLg|2|2102|2503	SenT077.11.g676	36.336	333	161	12	1	320	1629	1923	9.40e-52	189
PfKE01_030005200|DBLg|2|2102|2503	SenT077.11.g676	27.506	429	177	13	31	329	2578	3002	3.92e-35	140
PfKE01_030005200|DBLg|2|2102|2503	SenT077.11.g676	24.594	431	205	18	44	402	840	1222	7.39e-15	79.3
PfKE01_030005200|DBLg|2|2102|2503	SenT077.11.g676	25.843	267	147	10	22	272	97	328	2.23e-07	55.8
PfKE01_030005200|DBLg|2|2102|2503	PM0127-C.g1020	75.556	405	92	4	1	402	1463	1863	0.0	627
PfKE01_030005200|DBLg|2|2102|2503	PM0127-C.g1020	39.853	409	198	15	17	402	695	1078	8.55e-74	253
PfKE01_030005200|DBLg|2|2102|2503	PM0127-C.g1020	36.336	333	161	12	1	320	1095	1389	6.11e-52	189
PfKE01_030005200|DBLg|2|2102|2503	PM0127-C.g1020	29.286	420	189	14	1	314	1966	2383	1.27e-38	150
PfKE01_030005200|DBLg|2|2102|2503	PM0127-C.g1020	24.598	435	207	13	39	402	269	653	3.19e-23	104
PfKE01_040005500|NTS|1|1|61	PFKE01.g18	100.000	61	0	0	1	61	1	61	1.85e-34	124
PfKE01_040005500|NTS|1|1|61	PH0604-C.g553	88.525	61	6	1	1	61	1	60	8.74e-29	108
PfKE01_040005500|NTS|1|1|61	PH0585-C.g557	88.525	61	6	1	1	61	1	60	8.74e-29	108
PfKE01_040005500|NTS|1|1|61	QE0417-C.g686	88.525	61	6	1	1	61	1	60	1.07e-28	107
PfKE01_040005500|NTS|1|1|61	QE0412-C.g634	88.525	61	6	1	1	61	1	60	1.07e-28	107
PfKE01_040005500|DBLa|1|62|481	PFKE01.g18	99.762	420	1	0	1	420	62	481	0.0	882
PfKE01_040005500|DBLa|1|62|481	PFKE01.g18	28.409	176	108	8	253	420	1144	1309	1.04e-07	57.0
PfKE01_040005500|DBLa|1|62|481	PH0604-C.g553	63.869	429	137	7	1	420	61	480	6.46e-163	503
PfKE01_040005500|DBLa|1|62|481	PH0604-C.g553	30.189	159	85	5	239	384	1258	1403	1.28e-09	62.8
PfKE01_040005500|DBLa|1|62|481	PH0585-C.g557	63.869	429	137	7	1	420	61	480	6.46e-163	503
PfKE01_040005500|DBLa|1|62|481	PH0585-C.g557	30.189	159	85	5	239	384	1258	1403	1.28e-09	62.8
PfKE01_040005500|DBLa|1|62|481	QE0417-C.g686	63.869	429	137	7	1	420	61	480	8.91e-163	503
PfKE01_040005500|DBLa|1|62|481	QE0417-C.g686	24.926	337	189	14	128	420	1094	1410	1.48e-18	90.9
PfKE01_040005500|DBLa|1|62|481	QE0412-C.g634	63.869	429	137	7	1	420	61	480	8.91e-163	503
PfKE01_040005500|DBLa|1|62|481	QE0412-C.g634	24.926	337	189	14	128	420	1094	1410	1.48e-18	90.9
PfKE01_040005500|CIDRa|1|482|732	PFKE01.g18	100.000	251	0	0	1	251	482	732	2.19e-175	527
PfKE01_040005500|CIDRa|1|482|732	PA0157-C.g667	82.072	251	45	0	1	251	465	715	1.91e-140	432
PfKE01_040005500|CIDRa|1|482|732	PA0029-C.g553	82.072	251	45	0	1	251	465	715	2.92e-140	432
PfKE01_040005500|CIDRa|1|482|732	PA0029-C.g553	26.163	172	106	5	90	251	1374	1534	6.15e-08	55.5
PfKE01_040005500|CIDRa|1|482|732	PA0021-C.g678	82.072	251	45	0	1	251	465	715	2.92e-140	432
PfKE01_040005500|CIDRa|1|482|732	PA0021-C.g678	26.163	172	106	5	90	251	1374	1534	6.15e-08	55.5
PfKE01_040005500|CIDRa|1|482|732	PF0058-C.g555	82.072	251	45	0	1	251	465	715	3.19e-140	432
PfKE01_040005500|DBLd|1|804|1309	PFKE01.g18	100.000	506	0	0	1	506	804	1309	0.0	1049
PfKE01_040005500|DBLd|1|804|1309	PT0106-C.g404	58.790	529	174	16	1	506	1804	2311	4.67e-173	542
PfKE01_040005500|DBLd|1|804|1309	PT0106-C.g404	26.289	388	154	12	65	444	1325	1588	1.51e-25	114
PfKE01_040005500|DBLd|1|804|1309	PT0106-C.g404	27.684	177	109	5	341	506	363	531	1.31e-09	63.5
PfKE01_040005500|DBLd|1|804|1309	QG0243-C.g1472	58.175	526	147	15	1	506	2042	2514	1.71e-162	513
PfKE01_040005500|DBLd|1|804|1309	QG0243-C.g1472	26.991	452	166	12	1	445	1596	1890	6.81e-31	130
PfKE01_040005500|DBLd|1|804|1309	QG0243-C.g1472	27.880	434	165	19	1	430	1225	1514	2.07e-28	122
PfKE01_040005500|DBLd|1|804|1309	QG0243-C.g1472	23.676	321	181	14	205	506	193	468	1.57e-09	63.2
PfKE01_040005500|DBLd|1|804|1309	PD0497-C.g588	55.159	533	189	18	1	506	828	1337	2.28e-160	503
PfKE01_040005500|DBLd|1|804|1309	PD0497-C.g588	23.077	325	194	14	205	506	192	483	4.41e-07	55.5
PfKE01_040005500|DBLd|1|804|1309	PF0206-C.g519	54.340	530	174	22	1	506	896	1381	4.55e-155	485
PfKE01_040005500|DBLd|1|804|1309	PF0206-C.g519	27.638	199	118	9	328	506	304	496	2.61e-10	65.9
PfKE01_040005500|CIDRb|1|1310|1558	PFKE01.g18	100.000	249	0	0	1	249	1310	1558	9.68e-168	507
PfKE01_040005500|CIDRb|1|1310|1558	PT0106-C.g404	87.698	252	21	3	1	249	2312	2556	5.46e-141	439
PfKE01_040005500|CIDRb|1|1310|1558	QG0243-C.g1472	84.649	228	32	2	1	228	2515	2739	9.05e-119	375
PfKE01_040005500|CIDRb|1|1310|1558	PA0267-C.g529	72.065	247	60	5	3	245	1381	1622	7.27e-104	332
PfKE01_040005500|CIDRb|1|1310|1558	PF0206-C.g519	63.745	251	84	3	2	248	1383	1630	3.91e-93	301
PfKE01_040005500|ATS|1|1693|2151	PV0028-C.g31	83.906	466	58	6	1	459	1737	2192	0.0	769
PfKE01_040005500|ATS|1|1693|2151	PV0239-C.g10	76.436	505	66	6	1	459	3361	3858	0.0	736
PfKE01_040005500|ATS|1|1693|2151	PC0104-C.g515	81.301	492	56	8	1	459	1694	2182	0.0	725
PfKE01_040005500|ATS|1|1693|2151	PD0549-C.g516	81.957	460	70	6	1	459	2187	2634	0.0	724
PfKE01_040005500|ATS|1|1693|2151	PD0511-C.g583	81.957	460	70	6	1	459	2187	2634	0.0	724
PfKE01_040019000|NTS|1|1|64	PH0932-C.g396	95.312	64	3	0	1	64	1	64	9.61e-35	125
PfKE01_040019000|NTS|1|1|64	QG0246-C.g3539	100.000	64	0	0	1	64	1	64	5.53e-33	120
PfKE01_040019000|NTS|1|1|64	PT0014-CW.g362	100.000	64	0	0	1	64	1	64	5.53e-33	120
PfKE01_040019000|NTS|1|1|64	PFKE01.g284	100.000	64	0	0	1	64	1	64	5.53e-33	120
PfKE01_040019000|NTS|1|1|64	PV0287-C.g34	95.312	64	3	0	1	64	1	64	3.83e-32	117
PfKE01_040019000|DBLa|1|65|516	QG0246-C.g3539	100.000	452	0	0	1	452	65	516	0.0	937
PfKE01_040019000|DBLa|1|65|516	QG0246-C.g3539	26.275	255	145	8	115	341	1060	1299	4.43e-11	67.8
PfKE01_040019000|DBLa|1|65|516	PT0014-CW.g362	100.000	452	0	0	1	452	65	516	0.0	937
PfKE01_040019000|DBLa|1|65|516	PT0014-CW.g362	26.275	255	145	8	115	341	1060	1299	4.43e-11	67.8
PfKE01_040019000|DBLa|1|65|516	PFKE01.g284	100.000	452	0	0	1	452	65	516	0.0	937
PfKE01_040019000|DBLa|1|65|516	PFKE01.g284	26.275	255	145	8	115	341	1060	1299	4.43e-11	67.8
PfKE01_040019000|DBLa|1|65|516	QG0190-C.g884	98.451	452	5	2	1	452	61	510	0.0	917
PfKE01_040019000|DBLa|1|65|516	QG0190-C.g884	23.649	296	145	11	119	362	1077	1343	4.66e-11	67.8
PfKE01_040019000|DBLa|1|65|516	PT0264-C.g617	98.451	452	5	2	1	452	61	510	0.0	917
PfKE01_040019000|DBLa|1|65|516	PT0264-C.g617	23.649	296	145	11	119	362	1077	1343	4.66e-11	67.8
PfKE01_040019000|CIDRa|1|517|810	QG0190-C.g884	100.000	294	0	0	1	294	511	804	0.0	617
PfKE01_040019000|CIDRa|1|517|810	PT0264-C.g617	100.000	294	0	0	1	294	511	804	0.0	617
PfKE01_040019000|CIDRa|1|517|810	PT0184-C.g351	100.000	294	0	0	1	294	511	804	0.0	617
PfKE01_040019000|CIDRa|1|517|810	PT0169-C.g536	100.000	294	0	0	1	294	511	804	0.0	617
PfKE01_040019000|CIDRa|1|517|810	PFKE11.g466	100.000	294	0	0	1	294	511	804	0.0	617
PfKE01_040019000|DBLd|1|890|1377	QG0246-C.g3539	100.000	488	0	0	1	488	890	1377	0.0	1010
PfKE01_040019000|DBLd|1|890|1377	QG0246-C.g3539	35.185	108	63	2	307	410	301	405	8.20e-07	54.3
PfKE01_040019000|DBLd|1|890|1377	PT0014-CW.g362	100.000	488	0	0	1	488	890	1377	0.0	1010
PfKE01_040019000|DBLd|1|890|1377	PT0014-CW.g362	35.185	108	63	2	307	410	301	405	8.20e-07	54.3
PfKE01_040019000|DBLd|1|890|1377	PFKE01.g284	100.000	488	0	0	1	488	890	1377	0.0	1010
PfKE01_040019000|DBLd|1|890|1377	PFKE01.g284	35.185	108	63	2	307	410	301	405	8.20e-07	54.3
PfKE01_040019000|DBLd|1|890|1377	PH0999-C.g790	61.924	499	136	14	12	488	909	1375	0.0	565
PfKE01_040019000|DBLd|1|890|1377	PH0999-C.g790	26.374	273	154	9	155	413	170	409	9.68e-12	70.1
PfKE01_040019000|DBLd|1|890|1377	PH0695-C.g550	61.924	499	136	14	12	488	909	1375	0.0	565
PfKE01_040019000|DBLd|1|890|1377	PH0695-C.g550	26.374	273	154	9	155	413	170	409	8.17e-12	70.5
PfKE01_040019000|CIDRb|1|1378|1636	PH0932-C.g396	100.000	259	0	0	1	259	1425	1683	1.50e-175	530
PfKE01_040019000|CIDRb|1|1378|1636	QG0246-C.g3539	100.000	259	0	0	1	259	1378	1636	3.83e-175	528
PfKE01_040019000|CIDRb|1|1378|1636	PT0014-CW.g362	100.000	259	0	0	1	259	1378	1636	3.83e-175	528
PfKE01_040019000|CIDRb|1|1378|1636	PFKE01.g284	100.000	259	0	0	1	259	1378	1636	3.83e-175	528
PfKE01_040019000|CIDRb|1|1378|1636	PH0872-C.g623	89.575	259	26	1	1	259	1428	1685	4.88e-153	469
PfKE01_040019000|ATS|1|1746|2200	PV0028-C.g65	100.000	455	0	0	1	455	1639	2093	0.0	943
PfKE01_040019000|ATS|1|1746|2200	PD0518-C.g670	92.747	455	26	1	1	455	1690	2137	0.0	867
PfKE01_040019000|ATS|1|1746|2200	PV0099-C.g22	90.153	457	43	2	1	455	1757	2213	0.0	856
PfKE01_040019000|ATS|1|1746|2200	PH0367-C.g369	90.989	455	33	2	1	455	1614	2060	0.0	850
PfKE01_040019000|ATS|1|1746|2200	PD0585-C.g823	90.989	455	33	2	1	455	1711	2157	0.0	850
PfKE01_040019400|NTS|1|1|65	PA0221-C.g725	100.000	65	0	0	1	65	1	65	1.51e-36	130
PfKE01_040019400|NTS|1|1|65	PFKE01.g229	100.000	65	0	0	1	65	1	65	2.00e-36	130
PfKE01_040019400|NTS|1|1|65	QG0246-C.g3305	100.000	65	0	0	1	65	1	65	2.27e-36	130
PfKE01_040019400|NTS|1|1|65	PT0014-CW.g75	100.000	65	0	0	1	65	1	65	3.72e-36	129
PfKE01_040019400|NTS|1|1|65	PT0170-C.g732	74.194	62	16	0	4	65	1	62	3.69e-22	89.7
PfKE01_040019400|DBLa|1|66|521	PFKE01.g229	100.000	456	0	0	1	456	66	521	0.0	949
PfKE01_040019400|DBLa|1|66|521	PFKE01.g229	24.595	370	202	13	116	456	1051	1372	3.02e-15	80.9
PfKE01_040019400|DBLa|1|66|521	PT0014-CW.g75	100.000	456	0	0	1	456	66	521	0.0	949
PfKE01_040019400|DBLa|1|66|521	PT0014-CW.g75	24.595	370	202	13	116	456	1055	1376	1.47e-15	82.0
PfKE01_040019400|DBLa|1|66|521	QG0246-C.g3305	87.500	456	2	2	1	456	66	466	0.0	808
PfKE01_040019400|DBLa|1|66|521	QG0246-C.g3305	24.595	370	202	13	116	456	996	1317	2.06e-15	81.6
PfKE01_040019400|DBLa|1|66|521	PA0221-C.g725	78.769	471	78	9	1	456	66	529	0.0	712
PfKE01_040019400|DBLa|1|66|521	PA0221-C.g725	24.290	317	178	14	163	456	1191	1468	1.81e-12	72.4
PfKE01_040019400|DBLa|1|66|521	QE0466-C.g751	77.039	466	89	7	1	456	60	517	0.0	703
PfKE01_040019400|DBLa|1|66|521	QE0466-C.g751	23.896	385	202	15	116	456	1156	1493	1.19e-16	85.5
PfKE01_040019400|CIDRa|1|522|816	QG0246-C.g3305	100.000	295	0	0	1	295	467	761	0.0	604
PfKE01_040019400|CIDRa|1|522|816	PT0014-CW.g75	100.000	295	0	0	1	295	522	816	0.0	603
PfKE01_040019400|CIDRa|1|522|816	PFKE01.g229	100.000	295	0	0	1	295	522	816	0.0	603
PfKE01_040019400|CIDRa|1|522|816	QE0439-C.g938	85.619	299	39	2	1	295	537	835	1.61e-153	473
PfKE01_040019400|CIDRa|1|522|816	QE0418-C.g515	85.619	299	39	2	1	295	537	835	1.61e-153	473
PfKE01_040019400|DBLd|1|899|1372	PT0014-CW.g75	100.000	474	0	0	1	474	903	1376	0.0	973
PfKE01_040019400|DBLd|1|899|1372	PT0014-CW.g75	25.135	370	200	14	153	474	181	521	2.70e-12	72.0
PfKE01_040019400|DBLd|1|899|1372	PFKE01.g229	100.000	474	0	0	1	474	899	1372	0.0	972
PfKE01_040019400|DBLd|1|899|1372	PFKE01.g229	25.676	370	198	15	153	474	181	521	3.15e-12	71.6
PfKE01_040019400|DBLd|1|899|1372	QG0246-C.g3305	100.000	474	0	0	1	474	844	1317	0.0	972
PfKE01_040019400|DBLd|1|899|1372	QG0246-C.g3305	25.088	283	144	12	216	474	228	466	1.03e-08	60.5
PfKE01_040019400|DBLd|1|899|1372	QE0444-C.g247	96.624	474	16	0	1	474	1636	2109	0.0	944
PfKE01_040019400|DBLd|1|899|1372	QE0444-C.g247	27.371	464	209	16	1	451	1231	1579	7.69e-35	141
PfKE01_040019400|DBLd|1|899|1372	QE0444-C.g247	26.836	354	200	11	141	474	150	464	5.53e-10	64.7
PfKE01_040019400|DBLd|1|899|1372	PV0287-C.g22	96.624	474	16	0	1	474	1636	2109	0.0	944
PfKE01_040019400|DBLd|1|899|1372	PV0287-C.g22	27.371	464	209	16	1	451	1231	1579	7.69e-35	141
PfKE01_040019400|DBLd|1|899|1372	PV0287-C.g22	26.836	354	200	11	141	474	150	464	5.53e-10	64.7
PfKE01_040019400|CIDRb|1|1373|1630	QG0246-C.g3305	100.000	258	0	0	1	258	1318	1575	1.39e-177	533
PfKE01_040019400|CIDRb|1|1373|1630	PFKE01.g229	100.000	258	0	0	1	258	1373	1630	1.02e-176	532
PfKE01_040019400|CIDRb|1|1373|1630	QE0444-C.g247	100.000	258	0	0	1	258	2110	2367	3.75e-173	530
PfKE01_040019400|CIDRb|1|1373|1630	QE0444-C.g247	26.515	132	90	3	110	237	566	694	8.17e-07	52.4
PfKE01_040019400|CIDRb|1|1373|1630	PV0287-C.g22	100.000	258	0	0	1	258	2110	2367	3.75e-173	530
PfKE01_040019400|CIDRb|1|1373|1630	PV0287-C.g22	26.515	132	90	3	110	237	566	694	8.17e-07	52.4
PfKE01_040019400|CIDRb|1|1373|1630	PH0585-C.g693	76.604	265	48	5	1	258	1355	1612	3.30e-125	392
PfKE01_040019400|ATS|1|1738|2192	PA0209-C.g1047	80.430	465	80	3	1	455	1781	2244	0.0	745
PfKE01_040019400|ATS|1|1738|2192	PA0221-C.g780	79.184	490	49	6	1	455	1803	2274	0.0	721
PfKE01_040019400|ATS|1|1738|2192	PV0028-C.g25	77.419	465	94	3	1	455	1768	2231	0.0	714
PfKE01_040019400|ATS|1|1738|2192	PfKE03.g341	89.951	408	32	3	1	401	1170	1575	0.0	713
PfKE01_040019400|ATS|1|1738|2192	PF0092-C.g708	78.631	482	72	6	1	455	1720	2197	0.0	710
PfKE01_040019700|NTS|1|1|68	PA0172-C.g925	100.000	68	0	0	1	68	1	68	1.18e-39	139
PfKE01_040019700|NTS|1|1|68	SenT130.11.g338	100.000	68	0	0	1	68	1	68	1.18e-39	139
PfKE01_040019700|NTS|1|1|68	SenT040.11.g690	100.000	68	0	0	1	68	1	68	1.18e-39	139
PfKE01_040019700|NTS|1|1|68	PM0108-C.g1065	100.000	68	0	0	1	68	1	68	1.18e-39	139
PfKE01_040019700|NTS|1|1|68	PFKE01.g467	100.000	68	0	0	1	68	1	68	1.18e-39	139
PfKE01_040019700|DBLa|1|69|496	PA0172-C.g925	100.000	428	0	0	1	428	69	496	0.0	893
PfKE01_040019700|DBLa|1|69|496	PA0172-C.g925	25.483	259	127	10	119	334	1045	1280	6.09e-09	60.8
PfKE01_040019700|DBLa|1|69|496	SenT130.11.g338	100.000	428	0	0	1	428	69	496	0.0	893
PfKE01_040019700|DBLa|1|69|496	SenT130.11.g338	25.483	259	127	10	119	334	1045	1280	6.09e-09	60.8
PfKE01_040019700|DBLa|1|69|496	SenT040.11.g690	100.000	428	0	0	1	428	69	496	0.0	893
PfKE01_040019700|DBLa|1|69|496	SenT040.11.g690	25.483	259	127	10	119	334	1045	1280	6.09e-09	60.8
PfKE01_040019700|DBLa|1|69|496	PM0108-C.g1065	100.000	428	0	0	1	428	69	496	0.0	893
PfKE01_040019700|DBLa|1|69|496	PM0108-C.g1065	25.483	259	127	10	119	334	1045	1280	6.09e-09	60.8
PfKE01_040019700|DBLa|1|69|496	PFKE01.g467	100.000	428	0	0	1	428	69	496	0.0	893
PfKE01_040019700|DBLa|1|69|496	PFKE01.g467	25.483	259	127	10	119	334	1045	1280	6.09e-09	60.8
PfKE01_040019700|CIDRa|1|497|797	PA0172-C.g925	100.000	301	0	0	1	301	497	797	0.0	622
PfKE01_040019700|CIDRa|1|497|797	PT0014-CW.g423	99.668	301	1	0	1	301	497	797	0.0	622
PfKE01_040019700|CIDRa|1|497|797	SenT130.11.g338	100.000	301	0	0	1	301	497	797	0.0	622
PfKE01_040019700|CIDRa|1|497|797	SenT040.11.g690	100.000	301	0	0	1	301	497	797	0.0	622
PfKE01_040019700|CIDRa|1|497|797	PM0108-C.g1065	100.000	301	0	0	1	301	497	797	0.0	622
PfKE01_040019700|DBLd|1|875|1349	SenT130.09.g359	100.000	475	0	0	1	475	182	656	0.0	985
PfKE01_040019700|DBLd|1|875|1349	PA0172-C.g925	100.000	475	0	0	1	475	875	1349	0.0	984
PfKE01_040019700|DBLd|1|875|1349	PA0172-C.g925	25.681	257	125	10	173	406	189	402	3.31e-09	62.0
PfKE01_040019700|DBLd|1|875|1349	SenT130.11.g338	100.000	475	0	0	1	475	875	1349	0.0	984
PfKE01_040019700|DBLd|1|875|1349	SenT130.11.g338	25.681	257	125	10	173	406	189	402	3.31e-09	62.0
PfKE01_040019700|DBLd|1|875|1349	SenT040.11.g690	100.000	475	0	0	1	475	875	1349	0.0	984
PfKE01_040019700|DBLd|1|875|1349	SenT040.11.g690	25.681	257	125	10	173	406	189	402	3.31e-09	62.0
PfKE01_040019700|DBLd|1|875|1349	PM0108-C.g1065	100.000	475	0	0	1	475	875	1349	0.0	984
PfKE01_040019700|DBLd|1|875|1349	PM0108-C.g1065	25.681	257	125	10	173	406	189	402	3.31e-09	62.0
PfKE01_040019700|CIDRb|1|1350|1608	SenT130.09.g359	100.000	259	0	0	1	259	657	915	7.83e-180	524
PfKE01_040019700|CIDRb|1|1350|1608	PA0021-C.g4	100.000	259	0	0	1	259	1121	1379	8.51e-176	525
PfKE01_040019700|CIDRb|1|1350|1608	PA0007-C.g243	100.000	259	0	0	1	259	1153	1411	1.84e-175	525
PfKE01_040019700|CIDRb|1|1350|1608	PA0094-C.g68	100.000	259	0	0	1	259	1534	1792	1.74e-173	526
PfKE01_040019700|CIDRb|1|1350|1608	PA0172-C.g925	100.000	259	0	0	1	259	1350	1608	3.54e-173	522
PfKE01_040019700|ATS|1|1723|2204	PV0089-C.g11	80.745	483	49	7	1	482	1730	2169	0.0	718
PfKE01_040019700|ATS|1|1723|2204	PFKE12.g291	80.128	468	57	6	1	442	1061	1518	0.0	697
PfKE01_040019700|ATS|1|1723|2204	PFKE09.g563	77.178	482	63	8	1	480	775	1211	0.0	696
PfKE01_040019700|ATS|1|1723|2204	PV0028-C.g50	75.569	483	83	10	1	480	2600	3050	0.0	674
PfKE01_040019700|ATS|1|1723|2204	PV0028-C.g27	74.096	498	98	8	1	482	2441	2923	0.0	667
PfKE01_040019800|NTS|1|1|64	PA0172-C.g954	100.000	64	0	0	1	64	1	64	1.81e-35	127
PfKE01_040019800|NTS|1|1|64	PM0108-C.g1008	100.000	64	0	0	1	64	1	64	1.81e-35	127
PfKE01_040019800|NTS|1|1|64	PFKE01.g302	100.000	64	0	0	1	64	1	64	1.82e-35	127
PfKE01_040019800|NTS|1|1|64	QE0434-C.g749	100.000	64	0	0	1	64	1	64	1.93e-35	127
PfKE01_040019800|NTS|1|1|64	PT0034-C.g669	100.000	64	0	0	1	64	1	64	3.08e-35	126
PfKE01_040019800|DBLa|1|65|495	PA0172-C.g954	100.000	431	0	0	1	431	65	495	0.0	903
PfKE01_040019800|DBLa|1|65|495	PA0172-C.g954	25.753	365	203	16	106	431	982	1317	2.26e-20	96.7
PfKE01_040019800|DBLa|1|65|495	PM0108-C.g1008	100.000	431	0	0	1	431	65	495	0.0	903
PfKE01_040019800|DBLa|1|65|495	PM0108-C.g1008	25.753	365	203	16	106	431	982	1317	2.26e-20	96.7
PfKE01_040019800|DBLa|1|65|495	PFKE01.g302	100.000	431	0	0	1	431	65	495	0.0	903
PfKE01_040019800|DBLa|1|65|495	PFKE01.g302	25.753	365	203	16	106	431	982	1317	2.20e-20	96.7
PfKE01_040019800|DBLa|1|65|495	SenT130.11.g524	100.000	431	0	0	1	431	54	484	0.0	902
PfKE01_040019800|DBLa|1|65|495	SenT130.11.g524	25.753	365	203	16	106	431	971	1306	2.61e-20	96.3
PfKE01_040019800|DBLa|1|65|495	SenT130.09.g335	100.000	431	0	0	1	431	48	478	0.0	902
PfKE01_040019800|DBLa|1|65|495	SenT130.09.g335	25.753	365	203	16	106	431	965	1300	2.20e-20	96.7
PfKE01_040019800|CIDRa|1|496|751	PA0030-C.g1680	100.000	256	0	0	1	256	496	751	9.03e-178	532
PfKE01_040019800|CIDRa|1|496|751	PA0172-C.g954	100.000	256	0	0	1	256	496	751	1.40e-177	533
PfKE01_040019800|CIDRa|1|496|751	PM0108-C.g1008	100.000	256	0	0	1	256	496	751	1.40e-177	533
PfKE01_040019800|CIDRa|1|496|751	PV0115-C.g60	100.000	256	0	0	1	256	496	751	1.61e-177	531
PfKE01_040019800|CIDRa|1|496|751	SenT130.09.g335	100.000	256	0	0	1	256	479	734	1.67e-177	532
PfKE01_040019800|DBLd|1|813|1317	PA0030-C.g1680	100.000	505	0	0	1	505	813	1317	0.0	1050
PfKE01_040019800|DBLd|1|813|1317	PA0030-C.g1680	26.027	365	202	17	170	505	170	495	2.76e-20	97.4
PfKE01_040019800|DBLd|1|813|1317	SenT130.09.g335	100.000	505	0	0	1	505	796	1300	0.0	1049
PfKE01_040019800|DBLd|1|813|1317	SenT130.09.g335	26.027	365	202	17	170	505	153	478	2.85e-20	97.4
PfKE01_040019800|DBLd|1|813|1317	SenT130.11.g524	100.000	505	0	0	1	505	802	1306	0.0	1048
PfKE01_040019800|DBLd|1|813|1317	SenT130.11.g524	26.027	365	202	17	170	505	159	484	3.21e-20	97.1
PfKE01_040019800|DBLd|1|813|1317	PT0014-CW.g256	100.000	505	0	0	1	505	794	1298	0.0	1048
PfKE01_040019800|DBLd|1|813|1317	PT0014-CW.g256	27.119	295	149	11	167	443	163	409	5.99e-14	77.4
PfKE01_040019800|DBLd|1|813|1317	PA0172-C.g954	100.000	505	0	0	1	505	813	1317	0.0	1048
PfKE01_040019800|DBLd|1|813|1317	PA0172-C.g954	26.027	365	202	17	170	505	170	495	2.81e-20	97.4
PfKE01_040019800|CIDRb|1|1318|1564	SenT130.11.g524	100.000	247	0	0	1	247	1307	1553	1.92e-168	508
PfKE01_040019800|CIDRb|1|1318|1564	PA0172-C.g954	100.000	247	0	0	1	247	1318	1564	2.04e-168	508
PfKE01_040019800|CIDRb|1|1318|1564	PM0108-C.g1008	100.000	247	0	0	1	247	1318	1564	2.04e-168	508
PfKE01_040019800|CIDRb|1|1318|1564	PFKE01.g302	100.000	247	0	0	1	247	1318	1564	2.04e-168	508
PfKE01_040019800|CIDRb|1|1318|1564	PA0030-C.g1680	100.000	247	0	0	1	247	1318	1564	2.86e-168	507
PfKE01_040019800|ATS|1|1667|2092	PH0121-CW.g102	81.136	440	58	5	1	426	802	1230	0.0	679
PfKE01_040019800|ATS|1|1667|2092	PA0245-C.g391	79.405	437	78	4	1	426	2512	2947	0.0	674
PfKE01_040019800|ATS|1|1667|2092	PFKE09.g563	78.604	444	75	7	1	426	775	1216	0.0	658
PfKE01_040019800|ATS|1|1667|2092	PFKE01.g19	78.458	441	78	8	1	426	1733	2171	0.0	657
PfKE01_040019800|ATS|1|1667|2092	PC0113-C.g949	79.054	444	74	6	1	426	1702	2144	0.0	648
PfKE01_040020000|NTS|1|1|72	PA0085-C.g230	100.000	72	0	0	1	72	1	72	1.13e-42	148
PfKE01_040020000|NTS|1|1|72	PT0303-Cx.g2234	100.000	72	0	0	1	72	1	72	2.36e-42	147
PfKE01_040020000|NTS|1|1|72	SenT044.11.g531	100.000	72	0	0	1	72	1	72	2.47e-42	147
PfKE01_040020000|NTS|1|1|72	QE0455-C.g876	100.000	72	0	0	1	72	1	72	8.16e-41	143
PfKE01_040020000|NTS|1|1|72	PA0172-C.g978	100.000	72	0	0	1	72	1	72	8.40e-41	143
PfKE01_040020000|DBLa|1|73|503	QE0455-C.g876	100.000	431	0	0	1	431	73	503	0.0	909
PfKE01_040020000|DBLa|1|73|503	QE0455-C.g876	32.103	271	130	11	115	377	1026	1250	1.92e-24	108
PfKE01_040020000|DBLa|1|73|503	PA0172-C.g978	100.000	431	0	0	1	431	73	503	0.0	909
PfKE01_040020000|DBLa|1|73|503	PA0172-C.g978	32.472	271	129	12	115	377	1026	1250	5.98e-24	107
PfKE01_040020000|DBLa|1|73|503	PC0069-C.g332	100.000	431	0	0	1	431	73	503	0.0	907
PfKE01_040020000|DBLa|1|73|503	PC0069-C.g332	25.475	263	142	9	112	331	1125	1376	1.49e-15	81.6
PfKE01_040020000|DBLa|1|73|503	PT0042-C.g442	100.000	431	0	0	1	431	73	503	0.0	906
PfKE01_040020000|DBLa|1|73|503	PT0042-C.g442	24.907	269	142	9	112	331	1104	1361	8.44e-15	79.3
PfKE01_040020000|DBLa|1|73|503	PA0079-C.g262	100.000	431	0	0	1	431	73	503	0.0	906
PfKE01_040020000|DBLa|1|73|503	PA0079-C.g262	25.475	263	142	9	112	331	1103	1354	1.60e-15	81.6
PfKE01_040020000|CIDRa|1|504|794	QE0455-C.g876	100.000	291	0	0	1	291	504	794	0.0	601
PfKE01_040020000|CIDRa|1|504|794	PA0172-C.g978	100.000	291	0	0	1	291	504	794	0.0	600
PfKE01_040020000|CIDRa|1|504|794	QE0440-C.g60	100.000	291	0	0	1	291	523	813	0.0	600
PfKE01_040020000|CIDRa|1|504|794	PT0042-C.g442	100.000	291	0	0	1	291	504	794	0.0	599
PfKE01_040020000|CIDRa|1|504|794	SenT130.09.g331	100.000	291	0	0	1	291	478	768	0.0	599
PfKE01_040020000|DBLd|1|862|1285	PA0172-C.g978	100.000	424	0	0	1	424	862	1285	0.0	880
PfKE01_040020000|DBLd|1|862|1285	PA0172-C.g978	32.889	225	109	9	165	356	187	402	3.34e-22	102
PfKE01_040020000|DBLd|1|862|1285	SenT130.09.g331	100.000	424	0	0	1	424	836	1259	0.0	879
PfKE01_040020000|DBLd|1|862|1285	SenT130.09.g331	27.434	226	100	9	162	356	184	376	4.92e-09	61.2
PfKE01_040020000|DBLd|1|862|1285	PM0108-C.g21	100.000	424	0	0	1	424	862	1285	0.0	877
PfKE01_040020000|DBLd|1|862|1285	PM0108-C.g21	31.273	275	133	12	162	389	184	449	2.89e-22	102
PfKE01_040020000|DBLd|1|862|1285	PF0152-C.g668	100.000	424	0	0	1	424	862	1285	0.0	877
PfKE01_040020000|DBLd|1|862|1285	PF0152-C.g668	31.273	275	133	12	162	389	184	449	2.97e-22	102
PfKE01_040020000|DBLd|1|862|1285	PFKE01.g45	100.000	424	0	0	1	424	862	1285	0.0	877
PfKE01_040020000|DBLd|1|862|1285	PFKE01.g45	31.273	275	133	12	162	389	184	449	2.89e-22	102
PfKE01_040020000|CIDRb|1|1286|1539	PV0204-C.g42	100.000	254	0	0	1	254	382	635	2.48e-178	524
PfKE01_040020000|CIDRb|1|1286|1539	PM0038-C.g1459	100.000	254	0	0	1	254	1111	1364	9.55e-173	516
PfKE01_040020000|CIDRb|1|1286|1539	SenT130.09.g331	100.000	254	0	0	1	254	1260	1513	5.87e-172	517
PfKE01_040020000|CIDRb|1|1286|1539	PV0088-C.g38	100.000	254	0	0	1	254	1286	1539	1.43e-171	516
PfKE01_040020000|CIDRb|1|1286|1539	PM0108-C.g21	100.000	254	0	0	1	254	1286	1539	1.50e-171	516
PfKE01_040020000|ATS|1|1660|2106	QE0455-C.g876	100.000	447	0	0	1	447	1660	2106	0.0	923
PfKE01_040020000|ATS|1|1660|2106	PA0172-C.g978	100.000	447	0	0	1	447	1660	2106	0.0	923
PfKE01_040020000|ATS|1|1660|2106	PV0204-C.g42	98.210	447	8	0	1	447	756	1202	0.0	901
PfKE01_040020000|ATS|1|1660|2106	PFKE06.g12	90.667	450	35	4	1	447	2026	2471	0.0	816
PfKE01_040020000|ATS|1|1660|2106	QE0466-C.g695	90.667	450	35	4	1	447	1620	2065	0.0	815
PfKE01_040027600|NTS|1|1|60	QG0203-C.g595	100.000	60	0	0	1	60	1	60	4.13e-35	126
PfKE01_040027600|NTS|1|1|60	PH0279-C.g83	100.000	60	0	0	1	60	1	60	5.26e-35	125
PfKE01_040027600|NTS|1|1|60	PV0288-C.g16	100.000	60	0	0	1	60	1	60	5.26e-35	125
PfKE01_040027600|NTS|1|1|60	PA0220-C.g635	100.000	60	0	0	1	60	1	60	5.36e-35	125
PfKE01_040027600|NTS|1|1|60	PFKE11.g20	100.000	60	0	0	1	60	1	60	5.79e-35	125
PfKE01_040027600|DBLa|1|61|462	PFKE01.g191	100.000	402	0	0	1	402	61	462	0.0	843
PfKE01_040027600|DBLa|1|61|462	PFKE01.g191	31.159	276	145	10	51	322	851	1085	7.33e-30	124
PfKE01_040027600|DBLa|1|61|462	PFKE01.g191	27.020	396	231	13	37	402	1231	1598	1.48e-18	90.5
PfKE01_040027600|DBLa|1|61|462	QG0253-C.g2534	96.766	402	13	0	1	402	61	462	0.0	816
PfKE01_040027600|DBLa|1|61|462	QG0253-C.g2534	31.271	291	141	11	51	322	850	1100	5.84e-29	122
PfKE01_040027600|DBLa|1|61|462	QG0253-C.g2534	25.672	409	205	13	50	402	1258	1623	1.23e-22	103
PfKE01_040027600|DBLa|1|61|462	PFKE11.g570	95.782	403	16	1	1	402	61	463	0.0	809
PfKE01_040027600|DBLa|1|61|462	PFKE11.g570	31.649	376	184	15	8	375	1955	2265	7.06e-33	133
PfKE01_040027600|DBLa|1|61|462	PFKE11.g570	31.438	299	156	8	113	402	1349	1607	4.06e-32	131
PfKE01_040027600|DBLa|1|61|462	PFKE11.g570	29.283	321	169	12	51	355	851	1129	1.99e-26	114
PfKE01_040027600|DBLa|1|61|462	PV0276-C.g5	94.527	402	22	0	1	402	60	461	0.0	785
PfKE01_040027600|DBLa|1|61|462	PV0276-C.g5	33.476	233	131	6	54	281	839	1052	2.16e-29	123
PfKE01_040027600|DBLa|1|61|462	PV0276-C.g5	27.744	328	157	14	129	402	1803	2104	9.22e-17	85.1
PfKE01_040027600|DBLa|1|61|462	PA0208-C.g19	95.037	403	19	1	1	402	61	463	0.0	778
PfKE01_040027600|DBLa|1|61|462	PA0208-C.g19	30.189	318	170	12	51	355	853	1131	5.10e-28	119
PfKE01_040027600|DBLa|1|61|462	PA0208-C.g19	27.020	396	231	13	37	402	1245	1612	9.48e-19	91.3
PfKE01_040027600|CIDRa|1|463|709	PFKE01.g191	100.000	247	0	0	1	247	463	709	7.27e-167	511
PfKE01_040027600|CIDRa|1|463|709	PFKE01.g191	27.189	217	146	7	36	244	1634	1846	2.96e-13	71.2
PfKE01_040027600|CIDRa|1|463|709	PT0240-C.g191	99.190	247	2	0	1	247	463	709	8.78e-166	509
PfKE01_040027600|CIDRa|1|463|709	PT0240-C.g191	27.189	217	146	7	36	244	1646	1858	2.75e-13	71.6
PfKE01_040027600|CIDRa|1|463|709	PA0220-C.g635	93.117	247	16	1	1	247	464	709	1.16e-158	474
PfKE01_040027600|CIDRa|1|463|709	PM0108-C.g762	91.935	248	18	2	1	247	463	709	1.21e-155	470
PfKE01_040027600|CIDRa|1|463|709	SenT128.08.g315	92.713	247	17	1	1	247	466	711	4.76e-154	473
PfKE01_040027600|CIDRa|1|463|709	SenT128.08.g315	27.189	217	146	7	36	244	1648	1860	1.99e-13	72.0
PfKE01_040027600|DBLb|1|741|1178	PFKE01.g191	100.000	438	0	0	1	438	741	1178	0.0	919
PfKE01_040027600|DBLb|1|741|1178	PFKE01.g191	29.919	371	203	17	5	328	5	365	1.28e-30	127
PfKE01_040027600|DBLb|1|741|1178	PA0208-C.g19	80.444	450	76	5	1	438	743	1192	0.0	735
PfKE01_040027600|DBLb|1|741|1178	PA0208-C.g19	31.183	372	198	17	5	328	5	366	1.31e-32	133
PfKE01_040027600|DBLb|1|741|1178	QG0295-C.g2472	80.444	450	76	5	1	438	170	619	0.0	734
PfKE01_040027600|DBLb|1|741|1178	PT0240-C.g191	80.444	450	76	5	1	438	741	1190	0.0	734
PfKE01_040027600|DBLb|1|741|1178	PT0240-C.g191	30.081	369	205	15	5	328	5	365	1.06e-31	130
PfKE01_040027600|DBLb|1|741|1178	PA0052-C.g195	80.444	450	76	5	1	438	742	1191	0.0	734
PfKE01_040027600|DBLb|1|741|1178	PA0052-C.g195	31.034	377	192	18	5	328	5	366	2.69e-31	129
PfKE01_040027600|DBLb|1|741|1178	PA0052-C.g195	23.024	291	148	10	111	347	1255	1523	6.02e-10	64.3
PfKE01_040027600|DBLd|1|1198|1598	QG0295-C.g2472	100.000	401	0	0	1	401	639	1039	0.0	834
PfKE01_040027600|DBLd|1|1198|1598	PA0208-C.g19	100.000	401	0	0	1	401	1212	1612	0.0	833
PfKE01_040027600|DBLd|1|1198|1598	PA0208-C.g19	28.333	300	164	10	140	401	177	463	6.89e-20	94.7
PfKE01_040027600|DBLd|1|1198|1598	PT0240-C.g191	100.000	401	0	0	1	401	1210	1610	0.0	833
PfKE01_040027600|DBLd|1|1198|1598	PT0240-C.g191	27.525	396	229	15	34	401	97	462	6.04e-21	97.8
PfKE01_040027600|DBLd|1|1198|1598	PF0590-C.g204	100.000	401	0	0	1	401	1209	1609	0.0	833
PfKE01_040027600|DBLd|1|1198|1598	PF0590-C.g204	27.907	387	216	13	44	401	109	461	3.36e-28	119
PfKE01_040027600|DBLd|1|1198|1598	PF0590-C.g204	22.581	310	158	11	47	332	842	1093	1.84e-08	59.3
PfKE01_040027600|DBLd|1|1198|1598	PM0015-C.g49	100.000	401	0	0	1	401	603	1003	0.0	832
PfKE01_040027600|CIDRb|1|1599|1852	PA0053-C.g602	100.000	254	0	0	1	254	611	864	9.55e-177	514
PfKE01_040027600|CIDRb|1|1599|1852	PT0158-C.g47	100.000	254	0	0	1	254	387	640	2.64e-176	519
PfKE01_040027600|CIDRb|1|1599|1852	PV0023-C.g123	100.000	254	0	0	1	254	440	693	2.72e-176	517
PfKE01_040027600|CIDRb|1|1599|1852	PM0015-C.g49	100.000	254	0	0	1	254	1004	1257	2.78e-173	515
PfKE01_040027600|CIDRb|1|1599|1852	QG0295-C.g2472	100.000	254	0	0	1	254	1040	1293	2.87e-172	516
PfKE01_040027600|CIDRb|1|1599|1852	QG0295-C.g2472	27.660	141	93	5	111	248	1	135	9.82e-08	55.1
PfKE01_040027600|ATS|1|1981|2434	PH1003-C.g387	99.780	454	1	0	1	454	1699	2152	0.0	922
PfKE01_040027600|ATS|1|1981|2434	PH0715-C.g314	99.780	454	1	0	1	454	1699	2152	0.0	922
PfKE01_040027600|ATS|1|1981|2434	PH0578-C.g177	99.780	454	1	0	1	454	1699	2152	0.0	922
PfKE01_040027600|ATS|1|1981|2434	PH0558-C.g658	99.780	454	1	0	1	454	1699	2152	0.0	922
PfKE01_040027600|ATS|1|1981|2434	PH0556-C.g420	99.780	454	1	0	1	454	1699	2152	0.0	922
PfKE01_040027900|NTS|1|1|56	PA0213-C.g778	100.000	56	0	0	1	56	1	56	2.54e-32	118
PfKE01_040027900|NTS|1|1|56	SenT130.09.g66	100.000	56	0	0	1	56	1	56	3.21e-32	117
PfKE01_040027900|NTS|1|1|56	PFKE01.g155	100.000	56	0	0	1	56	1	56	3.40e-32	117
PfKE01_040027900|NTS|1|1|56	PF0092-C.g544	100.000	56	0	0	1	56	1	56	4.69e-32	117
PfKE01_040027900|NTS|1|1|56	PF0524-C.g227	100.000	56	0	0	1	56	1	56	4.69e-32	117
PfKE01_040027900|DBLa|1|57|457	PFKE01.g155	100.000	401	0	0	1	401	57	457	0.0	830
PfKE01_040027900|DBLa|1|57|457	PFKE01.g155	31.802	283	139	10	52	321	838	1079	2.70e-29	122
PfKE01_040027900|DBLa|1|57|457	PFKE01.g155	34.052	232	130	7	178	401	1797	2013	1.10e-24	108
PfKE01_040027900|DBLa|1|57|457	PFKE01.g155	24.642	349	192	12	49	369	1268	1573	7.29e-10	63.5
PfKE01_040027900|DBLa|1|57|457	PM0037-C.g1185	99.501	401	2	0	1	401	60	460	0.0	828
PfKE01_040027900|DBLa|1|57|457	PM0037-C.g1185	32.653	343	182	13	8	345	796	1094	1.96e-35	140
PfKE01_040027900|DBLa|1|57|457	PM0037-C.g1185	26.434	401	230	13	35	401	1250	1619	4.82e-24	107
PfKE01_040027900|DBLa|1|57|457	PF0590-C.g307	98.005	401	8	0	1	401	60	460	0.0	824
PfKE01_040027900|DBLa|1|57|457	PF0590-C.g307	32.558	344	181	14	8	345	796	1094	7.49e-35	139
PfKE01_040027900|DBLa|1|57|457	PF0590-C.g307	26.434	401	230	13	35	401	1250	1619	1.86e-24	108
PfKE01_040027900|DBLa|1|57|457	PA0065-C.g30	98.005	401	8	0	1	401	60	460	0.0	822
PfKE01_040027900|DBLa|1|57|457	PA0065-C.g30	33.962	318	162	12	8	321	796	1069	8.76e-35	139
PfKE01_040027900|DBLa|1|57|457	PA0065-C.g30	29.353	402	220	11	35	401	1250	1622	2.27e-31	129
PfKE01_040027900|DBLa|1|57|457	PF0524-C.g227	92.269	401	31	0	1	401	57	457	0.0	742
PfKE01_040027900|DBLa|1|57|457	PF0524-C.g227	32.270	282	137	10	53	321	838	1078	4.37e-32	131
PfKE01_040027900|DBLa|1|57|457	PF0524-C.g227	34.914	232	127	8	178	401	1781	1996	6.24e-26	112
PfKE01_040027900|DBLa|1|57|457	PF0524-C.g227	25.369	339	181	13	49	374	1267	1546	1.48e-08	59.3
PfKE01_040027900|CIDRa|1|458|707	PFKE01.g155	100.000	250	0	0	1	250	458	707	2.03e-169	518
PfKE01_040027900|CIDRa|1|458|707	PFKE01.g155	27.397	219	154	4	36	250	2049	2266	5.81e-16	79.3
PfKE01_040027900|CIDRa|1|458|707	QE0393-Cx.g834	88.000	250	30	0	1	250	474	723	3.18e-155	464
PfKE01_040027900|CIDRa|1|458|707	PM0077-C.g2832	90.400	250	24	0	1	250	460	709	2.47e-154	458
PfKE01_040027900|CIDRa|1|458|707	PH0114-C.g17	88.000	250	30	0	1	250	474	723	2.53e-154	466
PfKE01_040027900|CIDRa|1|458|707	PA0044-C.g468	88.000	250	30	0	1	250	461	710	4.08e-154	464
PfKE01_040027900|DBLb|1|726|1206	PFKE01.g155	100.000	481	0	0	1	481	726	1206	0.0	1004
PfKE01_040027900|DBLb|1|726|1206	PFKE01.g155	32.222	270	129	10	114	342	109	365	7.99e-28	120
PfKE01_040027900|DBLb|1|726|1206	PFKE01.g155	27.536	276	141	8	113	356	1271	1519	1.11e-16	85.9
PfKE01_040027900|DBLb|1|726|1206	PFKE01.g155	25.514	243	128	9	186	392	1755	1980	2.83e-11	68.6
PfKE01_040027900|DBLb|1|726|1206	PA0213-C.g778	99.792	481	1	0	1	481	725	1205	0.0	1004
PfKE01_040027900|DBLb|1|726|1206	PA0213-C.g778	33.829	269	125	9	114	342	109	364	7.92e-31	129
PfKE01_040027900|DBLb|1|726|1206	PA0213-C.g778	28.309	272	135	9	113	355	1270	1510	3.02e-15	81.3
PfKE01_040027900|DBLb|1|726|1206	PA0213-C.g778	24.691	243	130	9	186	392	1739	1964	2.94e-10	65.5
PfKE01_040027900|DBLb|1|726|1206	PT0218-Cx.g181	99.584	481	2	0	1	481	728	1208	0.0	1004
PfKE01_040027900|DBLb|1|726|1206	PT0218-Cx.g181	31.985	272	129	10	114	342	109	367	3.77e-29	124
PfKE01_040027900|DBLb|1|726|1206	PT0218-Cx.g181	27.536	276	141	8	113	356	1273	1521	9.62e-17	86.3
PfKE01_040027900|DBLb|1|726|1206	PT0218-Cx.g181	25.514	243	128	9	186	392	1757	1982	2.18e-11	69.3
PfKE01_040027900|DBLb|1|726|1206	PT0184-C.g2991	99.584	481	2	0	1	481	728	1208	0.0	1003
PfKE01_040027900|DBLb|1|726|1206	PT0184-C.g2991	31.985	272	129	10	114	342	109	367	4.07e-29	124
PfKE01_040027900|DBLb|1|726|1206	PT0184-C.g2991	27.536	276	141	8	113	356	1273	1521	9.74e-17	86.3
PfKE01_040027900|DBLb|1|726|1206	PT0184-C.g2991	25.514	243	128	9	186	392	1757	1982	2.99e-11	68.6
PfKE01_040027900|DBLb|1|726|1206	PF0092-C.g544	99.584	481	2	0	1	481	725	1205	0.0	1002
PfKE01_040027900|DBLb|1|726|1206	PF0092-C.g544	33.829	269	125	9	114	342	109	364	6.34e-31	129
PfKE01_040027900|DBLg|1|1225|1597	PT0218-Cx.g181	100.000	373	0	0	1	373	1227	1599	0.0	780
PfKE01_040027900|DBLg|1|1225|1597	PT0218-Cx.g181	33.048	351	190	11	1	315	1620	1961	5.03e-48	177
PfKE01_040027900|DBLg|1|1225|1597	PT0218-Cx.g181	28.000	275	141	8	47	295	840	1083	1.50e-17	87.0
PfKE01_040027900|DBLg|1|1225|1597	PT0218-Cx.g181	24.818	274	159	8	44	281	105	367	6.79e-08	57.0
PfKE01_040027900|DBLg|1|1225|1597	PT0184-C.g2991	100.000	373	0	0	1	373	1227	1599	0.0	779
PfKE01_040027900|DBLg|1|1225|1597	PT0184-C.g2991	33.048	351	190	11	1	315	1620	1961	5.84e-48	176
PfKE01_040027900|DBLg|1|1225|1597	PT0184-C.g2991	28.000	275	141	8	47	295	840	1083	1.40e-17	87.0
PfKE01_040027900|DBLg|1|1225|1597	PT0184-C.g2991	24.818	274	159	8	44	281	105	367	6.17e-08	57.4
PfKE01_040027900|DBLg|1|1225|1597	PF0098-C.g520	100.000	373	0	0	1	373	1227	1599	0.0	778
PfKE01_040027900|DBLg|1|1225|1597	PF0098-C.g520	33.048	351	190	11	1	315	1620	1961	5.16e-48	177
PfKE01_040027900|DBLg|1|1225|1597	PF0098-C.g520	28.000	275	141	8	47	295	840	1083	1.22e-17	87.4
PfKE01_040027900|DBLg|1|1225|1597	PF0098-C.g520	24.818	274	159	8	44	281	105	367	4.97e-08	57.4
PfKE01_040027900|DBLg|1|1225|1597	PFKE01.g155	100.000	373	0	0	1	373	1225	1597	0.0	777
PfKE01_040027900|DBLg|1|1225|1597	PFKE01.g155	33.048	351	190	11	1	315	1618	1959	4.81e-48	177
PfKE01_040027900|DBLg|1|1225|1597	PFKE01.g155	28.000	275	141	8	47	295	838	1081	1.02e-17	87.4
PfKE01_040027900|DBLg|1|1225|1597	PF0180-C.g266	99.732	373	1	0	1	373	1224	1596	0.0	776
PfKE01_040027900|DBLg|1|1225|1597	PF0180-C.g266	33.048	351	190	11	1	315	1617	1958	4.78e-48	177
PfKE01_040027900|DBLg|1|1225|1597	PF0180-C.g266	28.000	275	141	8	47	295	837	1080	1.12e-17	87.4
PfKE01_040027900|DBLg|1|1225|1597	PF0180-C.g266	25.461	271	158	9	44	281	105	364	1.62e-08	58.9
PfKE01_040027900|DBLd|1|1618|2013	PF0092-C.g751	100.000	396	0	0	1	396	322	717	0.0	824
PfKE01_040027900|DBLd|1|1618|2013	PF0092-C.g751	34.510	255	132	7	77	327	1	224	3.31e-37	145
PfKE01_040027900|DBLd|1|1618|2013	PH0592-C.g540	100.000	396	0	0	1	396	557	952	0.0	823
PfKE01_040027900|DBLd|1|1618|2013	PH0592-C.g540	33.903	351	181	12	1	342	171	479	1.20e-47	176
PfKE01_040027900|DBLd|1|1618|2013	QE0476-C.g485	100.000	396	0	0	1	396	1610	2005	0.0	822
PfKE01_040027900|DBLd|1|1618|2013	QE0476-C.g485	38.941	321	160	9	1	314	1208	1499	2.43e-52	190
PfKE01_040027900|DBLd|1|1618|2013	QE0476-C.g485	30.233	301	156	13	138	396	172	460	4.23e-22	101
PfKE01_040027900|DBLd|1|1618|2013	QE0476-C.g485	21.829	339	181	12	1	312	790	1071	6.17e-08	57.4
PfKE01_040027900|DBLd|1|1618|2013	PV0147-C.g9	100.000	396	0	0	1	396	1610	2005	0.0	822
PfKE01_040027900|DBLd|1|1618|2013	PV0147-C.g9	38.941	321	160	9	1	314	1208	1499	2.57e-52	190
PfKE01_040027900|DBLd|1|1618|2013	PV0147-C.g9	30.233	301	156	13	138	396	172	460	4.19e-22	101
PfKE01_040027900|DBLd|1|1618|2013	PV0147-C.g9	21.829	339	181	12	1	312	790	1071	6.06e-08	57.4
PfKE01_040027900|DBLd|1|1618|2013	PH0599-C.g327	100.000	396	0	0	1	396	1610	2005	0.0	822
PfKE01_040027900|DBLd|1|1618|2013	PH0599-C.g327	38.941	321	160	9	1	314	1208	1499	2.57e-52	190
PfKE01_040027900|DBLd|1|1618|2013	PH0599-C.g327	30.233	301	156	13	138	396	172	460	4.19e-22	101
PfKE01_040027900|DBLd|1|1618|2013	PH0599-C.g327	21.829	339	181	12	1	312	790	1071	6.06e-08	57.4
PfKE01_040027900|CIDRb|1|2014|2266	PFKE01.g345	100.000	253	0	0	1	253	161	413	4.18e-179	520
PfKE01_040027900|CIDRb|1|2014|2266	PV0080-C.g60	100.000	253	0	0	1	253	627	879	4.17e-177	515
PfKE01_040027900|CIDRb|1|2014|2266	PC0030-C.g214	99.605	253	1	0	1	253	709	961	4.09e-176	515
PfKE01_040027900|CIDRb|1|2014|2266	PH0114-C.g22	100.000	253	0	0	1	253	913	1165	4.59e-175	518
PfKE01_040027900|CIDRb|1|2014|2266	PV0209-C.g62	100.000	253	0	0	1	253	932	1184	8.29e-175	517
PfKE01_040027900|ATS|1|2375|2839	PT0184-C.g2992	99.140	465	4	0	1	465	2419	2883	0.0	946
PfKE01_040027900|ATS|1|2375|2839	PT0218-Cx.g181	99.140	465	4	0	1	465	2377	2841	0.0	939
PfKE01_040027900|ATS|1|2375|2839	PFKE01.g345	99.785	465	1	0	1	465	522	986	0.0	939
PfKE01_040027900|ATS|1|2375|2839	PH0872-C.g739	88.110	471	48	4	1	465	2387	2855	0.0	784
PfKE01_040027900|ATS|1|2375|2839	PH0729-C.g527	88.110	471	48	4	1	465	2387	2855	0.0	784
PfKE01_040032600|NTS|1|1|63	PFKE01.g9	100.000	63	0	0	1	63	1	63	1.89e-35	127
PfKE01_040032600|NTS|1|1|63	QE0401-C.g433	81.481	54	10	0	9	62	6	59	7.99e-24	94.4
PfKE01_040032600|NTS|1|1|63	PM0090-C.g495	88.000	50	6	0	14	63	18	67	3.75e-23	92.4
PfKE01_040032600|NTS|1|1|63	QE0481-C.g1069	74.603	63	15	1	1	62	1	63	1.29e-22	90.9
PfKE01_040032600|NTS|1|1|63	PH0594-C.g423	74.603	63	15	1	1	62	1	63	2.62e-22	90.1
PfKE01_040032600|DBLa|1|64|518	PFKE01.g9	100.000	455	0	0	1	455	64	518	0.0	957
PfKE01_040032600|DBLa|1|64|518	PFKE01.g9	29.091	220	128	7	181	389	1142	1344	2.82e-17	87.4
PfKE01_040032600|DBLa|1|64|518	PM0090-C.g495	76.201	458	61	5	1	455	68	480	0.0	656
PfKE01_040032600|DBLa|1|64|518	PM0090-C.g495	23.333	360	201	12	82	389	1034	1370	1.94e-14	78.6
PfKE01_040032600|DBLa|1|64|518	PF0730-C.g551	70.576	469	103	9	1	455	59	506	0.0	610
PfKE01_040032600|DBLa|1|64|518	PF0730-C.g551	26.957	115	83	1	226	339	1224	1338	1.18e-07	57.0
PfKE01_040032600|DBLa|1|64|518	PV0115-C.g31	66.522	460	129	10	1	455	67	506	0.0	608
PfKE01_040032600|DBLa|1|64|518	PV0115-C.g31	23.368	291	172	9	100	349	1071	1351	2.09e-12	72.0
PfKE01_040032600|DBLa|1|64|518	PH0610-C.g451	63.557	461	142	8	1	455	71	511	0.0	578
PfKE01_040032600|DBLa|1|64|518	PH0610-C.g451	23.824	319	181	9	107	389	1084	1376	4.41e-14	77.4
PfKE01_040032600|CIDRa|1|519|800	PFKE01.g9	100.000	282	0	0	1	282	519	800	0.0	585
PfKE01_040032600|CIDRa|1|519|800	PF0113-C.g622	90.459	283	25	2	1	282	517	798	1.08e-168	520
PfKE01_040032600|CIDRa|1|519|800	PF0113-C.g622	30.282	142	85	3	113	249	1466	1598	3.68e-09	59.7
PfKE01_040032600|CIDRa|1|519|800	PM0107-C.g519	85.816	282	40	0	1	282	506	787	7.85e-168	501
PfKE01_040032600|CIDRa|1|519|800	PM0115-C.g528	85.816	282	40	0	1	282	506	787	2.42e-164	501
PfKE01_040032600|CIDRa|1|519|800	PC0073-C.g34	89.247	279	29	1	1	278	516	794	3.11e-163	503
PfKE01_040032600|DBLd|1|879|1380	PFKE01.g9	100.000	502	0	0	1	502	879	1380	0.0	1040
PfKE01_040032600|DBLd|1|879|1380	PFKE01.g9	28.182	220	130	6	264	466	244	452	3.60e-16	84.3
PfKE01_040032600|DBLd|1|879|1380	PM0062-C.g393	80.478	502	44	4	1	502	1123	1570	0.0	802
PfKE01_040032600|DBLd|1|879|1380	PM0062-C.g393	33.217	286	118	11	154	429	653	875	1.79e-31	131
PfKE01_040032600|DBLd|1|879|1380	PM0051-C.g1728	52.574	544	172	13	8	502	773	1279	6.76e-156	485
PfKE01_040032600|DBLd|1|879|1380	PM0051-C.g1728	31.092	238	126	7	241	466	114	325	2.37e-19	94.4
PfKE01_040032600|DBLd|1|879|1380	PfKE02.g562	52.700	537	192	14	1	502	1705	2214	1.63e-153	486
PfKE01_040032600|DBLd|1|879|1380	PfKE02.g562	31.804	327	153	9	154	478	896	1154	7.82e-38	150
PfKE01_040032600|DBLd|1|879|1380	PfKE02.g562	33.711	353	146	13	152	482	1274	1560	4.14e-37	148
PfKE01_040032600|DBLd|1|879|1380	PfKE02.g562	31.799	239	140	5	264	502	257	472	5.37e-30	127
PfKE01_040032600|DBLd|1|879|1380	PA0256-C.g159	53.208	530	178	14	1	502	2095	2582	3.07e-147	468
PfKE01_040032600|DBLd|1|879|1380	PA0256-C.g159	34.507	284	133	9	154	437	1301	1531	1.19e-42	165
PfKE01_040032600|DBLd|1|879|1380	PA0256-C.g159	32.907	313	146	11	146	449	1688	1945	2.82e-39	155
PfKE01_040032600|DBLd|1|879|1380	PA0256-C.g159	26.645	304	179	10	217	502	192	469	4.47e-23	106
PfKE01_040032600|CIDRb|1|1381|1633	PFKE01.g9	100.000	253	0	0	1	253	1381	1633	1.78e-171	518
PfKE01_040032600|CIDRb|1|1381|1633	PM0062-C.g393	100.000	253	0	0	1	253	1571	1823	7.55e-171	519
PfKE01_040032600|CIDRb|1|1381|1633	QG0218-C.g6431	70.635	252	70	3	1	251	2264	2512	4.04e-112	356
PfKE01_040032600|CIDRb|1|1381|1633	PT0041-C.g393	68.110	254	74	3	2	253	1383	1631	1.45e-104	334
PfKE01_040032600|CIDRb|1|1381|1633	PA0092-C.g409	67.480	246	71	3	2	240	1475	1718	4.12e-103	330
PfKE01_040032600|ATS|1|1735|2168	PFKE07.g667	81.596	451	63	4	2	434	2366	2814	0.0	741
PfKE01_040032600|ATS|1|1735|2168	PV0028-C.g43	82.273	440	69	7	1	434	1843	2279	0.0	718
PfKE01_040032600|ATS|1|1735|2168	PA0245-C.g998	79.826	461	63	5	1	434	1706	2163	0.0	714
PfKE01_040032600|ATS|1|1735|2168	PC0097-C.g664	80.574	453	64	6	1	434	2364	2811	0.0	708
PfKE01_040032600|ATS|1|1735|2168	PC0122-C.g100	86.396	419	53	3	1	417	1987	2403	0.0	706
PfKE01_050037800|DBLb|1|79|538	PFKE01.g4	100.000	440	0	0	21	460	1	440	0.0	918
PfKE01_050037800|DBLb|1|79|538	PFKE01.g4	47.667	493	197	16	1	458	505	971	2.93e-119	386
PfKE01_050037800|DBLb|1|79|538	PFKE01.g4	44.685	508	200	18	1	460	1019	1493	7.16e-113	368
PfKE01_050037800|DBLb|1|79|538	PT0014-CW.g173	96.136	440	17	0	21	460	1	440	0.0	885
PfKE01_050037800|DBLb|1|79|538	PT0014-CW.g173	47.465	493	198	16	1	458	505	971	7.10e-119	385
PfKE01_050037800|DBLb|1|79|538	PC0059-C.g24	95.909	440	18	0	21	460	1	440	0.0	880
PfKE01_050037800|DBLb|1|79|538	PC0059-C.g24	47.047	491	201	16	1	458	505	969	4.79e-116	377
PfKE01_050037800|DBLb|1|79|538	PC0059-C.g24	28.571	294	167	10	78	359	1897	2159	2.15e-19	94.0
PfKE01_050037800|DBLb|1|79|538	PA0078-C.g210	92.135	445	29	2	21	460	1	444	0.0	846
PfKE01_050037800|DBLb|1|79|538	PA0078-C.g210	45.509	501	206	16	1	458	509	985	1.97e-112	366
PfKE01_050037800|DBLb|1|79|538	QG0247-C.g3088	88.620	413	41	2	53	460	113	524	0.0	757
PfKE01_050037800|DBLb|1|79|538	QG0247-C.g3088	45.509	501	206	16	1	458	589	1065	4.17e-112	365
PfKE01_050037800|DBLb|2|603|1071	PT0014-CW.g173	99.787	469	1	0	1	469	505	973	0.0	979
PfKE01_050037800|DBLb|2|603|1071	PT0014-CW.g173	49.348	460	193	14	17	467	10	438	8.96e-121	390
PfKE01_050037800|DBLb|2|603|1071	PFKE01.g4	100.000	469	0	0	1	469	505	973	0.0	979
PfKE01_050037800|DBLb|2|603|1071	PFKE01.g4	49.783	460	191	14	17	467	10	438	3.54e-121	392
PfKE01_050037800|DBLb|2|603|1071	PFKE01.g4	46.169	496	215	15	1	467	1019	1491	1.40e-117	382
PfKE01_050037800|DBLb|2|603|1071	PM0019-C.g1484	88.535	471	48	5	1	469	7	473	0.0	835
PfKE01_050037800|DBLb|2|603|1071	PC0059-C.g24	88.535	471	48	5	1	469	505	971	0.0	833
PfKE01_050037800|DBLb|2|603|1071	PC0059-C.g24	49.130	460	194	14	17	467	10	438	1.22e-118	385
PfKE01_050037800|DBLb|2|603|1071	PC0059-C.g24	28.938	273	138	13	95	352	1928	2159	1.77e-14	79.0
PfKE01_050037800|DBLb|2|603|1071	PA0078-C.g210	82.231	484	66	8	1	469	509	987	0.0	776
PfKE01_050037800|DBLb|2|603|1071	PA0078-C.g210	49.460	463	192	15	17	467	10	442	2.50e-119	386
PfKE01_050037800|DBLb|3|1117|1591	PFKE01.g4	100.000	475	0	0	1	475	1019	1493	0.0	1001
PfKE01_050037800|DBLb|3|1117|1591	PFKE01.g4	45.565	496	218	15	1	473	505	971	4.75e-118	383
PfKE01_050037800|DBLb|3|1117|1591	PFKE01.g4	46.725	458	176	16	38	475	31	440	2.26e-113	370
PfKE01_050037800|DBLb|3|1117|1591	QG0203-C.g668	97.263	475	13	0	1	475	595	1069	0.0	972
PfKE01_050037800|DBLb|3|1117|1591	QG0203-C.g668	50.101	497	186	13	1	475	100	556	2.16e-135	432
PfKE01_050037800|DBLb|3|1117|1591	QG0194-C.g431	89.518	477	44	3	1	475	499	971	0.0	865
PfKE01_050037800|DBLb|3|1117|1591	QG0194-C.g431	45.223	471	216	14	20	474	3	447	8.96e-114	370
PfKE01_050037800|DBLb|3|1117|1591	PM0117-C.g837	88.981	481	47	3	1	475	595	1075	0.0	865
PfKE01_050037800|DBLb|3|1117|1591	PM0117-C.g837	45.808	489	212	14	1	475	101	550	9.48e-116	375
PfKE01_050037800|DBLb|3|1117|1591	QG0296-C.g3119	76.016	492	80	10	1	475	1262	1732	0.0	707
PfKE01_050037800|DBLb|3|1117|1591	QG0296-C.g3119	42.449	490	246	15	1	475	730	1198	1.93e-101	335
PfKE01_050037800|DBLb|3|1117|1591	QG0296-C.g3119	32.836	268	135	11	111	349	121	372	7.26e-31	129
PfKE01_050037800|DBLd|1|1691|2219	PFKE01.g4	100.000	529	0	0	1	529	1593	2121	0.0	1090
PfKE01_050037800|DBLd|1|1691|2219	PT0014-CW.g173	53.253	584	187	15	1	529	1074	1626	9.02e-154	485
PfKE01_050037800|DBLd|1|1691|2219	PT0071-C.g8	48.905	548	198	15	1	529	547	1031	3.99e-147	459
PfKE01_050037800|DBLd|1|1691|2219	PT0264-C.g409	48.214	560	197	15	1	529	1339	1836	4.56e-141	451
PfKE01_050037800|DBLd|1|1691|2219	PT0264-C.g409	26.629	353	192	14	216	529	185	509	9.01e-19	92.8
PfKE01_050037800|DBLd|1|1691|2219	PM0076-C.g126	48.233	566	192	18	1	529	892	1393	3.57e-139	439
PfKE01_050037800|DBLd|1|1691|2219	PM0076-C.g126	24.784	347	193	11	224	529	182	501	2.11e-16	85.5
PfKE01_050037800|CIDRb|1|2220|2477	PFKE01.g4	100.000	258	0	0	1	258	2122	2379	1.18e-170	523
PfKE01_050037800|CIDRb|1|2220|2477	QG0295-C.g2975	71.815	259	67	4	2	258	802	1056	7.98e-106	333
PfKE01_050037800|CIDRb|1|2220|2477	PF0449-C.g723	71.042	259	69	4	2	258	1388	1642	1.04e-102	329
PfKE01_050037800|CIDRb|1|2220|2477	PV0286-C.g2	72.763	257	62	5	4	256	2642	2894	1.63e-100	323
PfKE01_050037800|CIDRb|1|2220|2477	PV0286-C.g2	25.837	209	139	7	40	242	508	706	2.15e-10	63.2
PfKE01_050037800|CIDRb|1|2220|2477	PV0285-C.g1	72.763	257	62	5	4	256	2642	2894	1.63e-100	323
PfKE01_050037800|CIDRb|1|2220|2477	PV0285-C.g1	25.837	209	139	7	40	242	508	706	2.15e-10	63.2
PfKE01_050037800|ATS|1|2586|3029	PD0582-C.g778	84.532	459	56	4	1	444	1669	2127	0.0	721
PfKE01_050037800|ATS|1|2586|3029	PV0028-C.g50	79.701	468	55	7	4	444	2601	3055	0.0	702
PfKE01_050037800|ATS|1|2586|3029	PFKE01.g19	80.574	453	65	6	1	444	1733	2171	0.0	694
PfKE01_050037800|ATS|1|2586|3029	PH0121-CW.g102	80.889	450	59	6	1	444	802	1230	0.0	688
PfKE01_050037800|ATS|1|2586|3029	PV0147-C.g7	76.180	466	62	6	1	444	1761	2199	0.0	683
PfKE01_060023700|NTS|1|1|56	PFKE01.g195	100.000	56	0	0	1	56	1	56	1.71e-30	112
PfKE01_060023700|NTS|1|1|56	QG0202-C.g144	100.000	56	0	0	1	56	1	56	1.90e-30	112
PfKE01_060023700|NTS|1|1|56	PM0049-C.g385	100.000	56	0	0	1	56	1	56	2.10e-30	112
PfKE01_060023700|NTS|1|1|56	PA0030-C.g1290	100.000	56	0	0	1	56	1	56	2.98e-30	112
PfKE01_060023700|NTS|1|1|56	PT0059-C.g828	100.000	56	0	0	1	56	1	56	9.10e-30	110
PfKE01_060023700|DBLa|1|57|467	PFKE01.g195	100.000	411	0	0	1	411	57	467	0.0	852
PfKE01_060023700|DBLa|1|57|467	PFKE01.g195	29.341	334	184	11	3	313	880	1184	9.87e-28	118
PfKE01_060023700|DBLa|1|57|467	PFKE01.g195	27.226	393	214	12	50	411	1745	2096	1.34e-23	106
PfKE01_060023700|DBLa|1|57|467	PFKE01.g195	24.746	295	159	12	50	315	1346	1606	4.76e-11	67.4
PfKE01_060023700|DBLa|1|57|467	QG0202-C.g144	100.000	411	0	0	1	411	57	467	0.0	849
PfKE01_060023700|DBLa|1|57|467	QG0202-C.g144	29.341	334	184	11	3	313	880	1184	6.95e-28	119
PfKE01_060023700|DBLa|1|57|467	QG0202-C.g144	27.226	393	214	12	50	411	1745	2096	1.38e-23	105
PfKE01_060023700|DBLa|1|57|467	QG0202-C.g144	24.746	295	159	12	50	315	1346	1606	3.00e-11	68.2
PfKE01_060023700|DBLa|1|57|467	PA0030-C.g1290	76.112	427	74	7	1	411	57	471	0.0	640
PfKE01_060023700|DBLa|1|57|467	PA0030-C.g1290	29.341	334	184	11	3	313	890	1194	1.43e-27	118
PfKE01_060023700|DBLa|1|57|467	PA0030-C.g1290	26.786	392	216	12	50	411	1354	1704	3.79e-26	113
PfKE01_060023700|DBLa|1|57|467	PT0059-C.g828	76.112	427	74	7	1	411	57	471	0.0	638
PfKE01_060023700|DBLa|1|57|467	PT0059-C.g828	29.341	334	184	11	3	313	890	1194	5.53e-28	119
PfKE01_060023700|DBLa|1|57|467	PT0059-C.g828	26.582	237	126	10	37	244	1343	1560	3.61e-08	58.2
PfKE01_060023700|DBLa|1|57|467	PM0049-C.g385	75.644	427	76	7	1	411	57	471	0.0	637
PfKE01_060023700|DBLa|1|57|467	PM0049-C.g385	29.341	334	184	11	3	313	890	1194	1.01e-27	118
PfKE01_060023700|DBLa|1|57|467	PM0049-C.g385	26.786	392	216	12	50	411	1753	2103	1.47e-25	112
PfKE01_060023700|DBLa|1|57|467	PM0049-C.g385	25.649	308	164	13	37	315	1343	1614	2.37e-12	71.6
PfKE01_060023700|CIDRa|1|468|767	PFKE01.g195	100.000	300	0	0	1	300	468	767	0.0	618
PfKE01_060023700|CIDRa|1|468|767	QG0202-C.g144	100.000	300	0	0	1	300	468	767	0.0	616
PfKE01_060023700|CIDRa|1|468|767	QG0200-C.g641	71.203	316	73	4	1	300	67	380	2.96e-132	413
PfKE01_060023700|CIDRa|1|468|767	PC0122-C.g38	64.688	320	91	7	1	300	496	813	3.39e-129	395
PfKE01_060023700|CIDRa|1|468|767	PT0299-Cx.g6106	72.876	306	72	5	1	295	480	785	3.12e-126	387
PfKE01_060023700|DBLb|1|816|1280	PFKE01.g195	100.000	465	0	0	1	465	816	1280	0.0	986
PfKE01_060023700|DBLb|1|816|1280	PFKE01.g195	29.118	340	211	9	19	342	1	326	8.82e-29	122
PfKE01_060023700|DBLb|1|816|1280	PFKE01.g195	26.064	376	204	17	121	465	1347	1679	3.24e-19	93.6
PfKE01_060023700|DBLb|1|816|1280	PFKE01.g195	25.249	301	155	12	108	357	1732	2013	5.44e-08	58.2
PfKE01_060023700|DBLb|1|816|1280	QG0202-C.g144	100.000	465	0	0	1	465	816	1280	0.0	984
PfKE01_060023700|DBLb|1|816|1280	QG0202-C.g144	29.118	340	211	9	19	342	1	326	7.53e-29	123
PfKE01_060023700|DBLb|1|816|1280	QG0202-C.g144	26.064	376	204	17	121	465	1347	1679	2.93e-19	93.6
PfKE01_060023700|DBLb|1|816|1280	QG0202-C.g144	24.585	301	157	11	108	357	1732	2013	4.73e-08	58.2
PfKE01_060023700|DBLb|1|816|1280	PA0030-C.g1290	96.352	466	16	1	1	465	826	1291	0.0	947
PfKE01_060023700|DBLb|1|816|1280	PA0030-C.g1290	28.052	385	229	11	19	369	1	371	1.73e-30	127
PfKE01_060023700|DBLb|1|816|1280	PA0030-C.g1290	24.667	300	157	11	108	357	1341	1621	2.81e-09	62.4
PfKE01_060023700|DBLb|1|816|1280	PM0049-C.g385	96.352	466	16	1	1	465	826	1291	0.0	947
PfKE01_060023700|DBLb|1|816|1280	PM0049-C.g385	28.312	385	228	11	19	369	1	371	5.49e-31	129
PfKE01_060023700|DBLb|1|816|1280	PM0049-C.g385	26.357	387	211	17	110	465	1344	1687	4.51e-20	96.3
PfKE01_060023700|DBLb|1|816|1280	PM0049-C.g385	24.333	300	158	11	108	357	1740	2020	3.52e-08	58.9
PfKE01_060023700|DBLb|1|816|1280	PT0059-C.g828	96.352	466	16	1	1	465	826	1291	0.0	946
PfKE01_060023700|DBLb|1|816|1280	PT0059-C.g828	28.052	385	229	11	19	369	1	371	1.03e-30	128
PfKE01_060023700|DBLb|1|816|1280	PT0059-C.g828	27.155	232	131	10	110	317	1344	1561	1.33e-10	66.2
PfKE01_060023700|DBLg|1|1299|1679	PFKE01.g195	100.000	381	0	0	1	381	1299	1679	0.0	800
PfKE01_060023700|DBLg|1|1299|1679	PFKE01.g195	41.566	332	165	7	1	307	1699	2026	4.14e-67	232
PfKE01_060023700|DBLg|1|1299|1679	PFKE01.g195	26.064	376	204	17	49	381	936	1280	2.76e-19	92.4
PfKE01_060023700|DBLg|1|1299|1679	PFKE01.g195	24.407	295	160	11	48	308	106	371	3.17e-11	67.8
PfKE01_060023700|DBLg|1|1299|1679	QG0202-C.g144	100.000	381	0	0	1	381	1299	1679	0.0	798
PfKE01_060023700|DBLg|1|1299|1679	QG0202-C.g144	41.566	332	165	7	1	307	1699	2026	6.89e-67	232
PfKE01_060023700|DBLg|1|1299|1679	QG0202-C.g144	26.064	376	204	17	49	381	936	1280	2.37e-19	92.8
PfKE01_060023700|DBLg|1|1299|1679	QG0202-C.g144	24.746	295	159	12	48	308	106	371	3.74e-11	67.4
PfKE01_060023700|DBLg|1|1299|1679	PM0160-C.g26	99.738	381	1	0	1	381	1209	1589	0.0	798
PfKE01_060023700|DBLg|1|1299|1679	PM0160-C.g26	41.566	332	165	7	1	307	1609	1936	3.40e-67	233
PfKE01_060023700|DBLg|1|1299|1679	PM0160-C.g26	24.606	317	181	12	51	340	839	1124	3.25e-19	92.4
PfKE01_060023700|DBLg|1|1299|1679	PT0059-C.g829	99.738	381	1	0	1	381	1191	1571	0.0	796
PfKE01_060023700|DBLg|1|1299|1679	PT0059-C.g829	41.566	332	165	7	1	307	1591	1918	5.53e-67	232
PfKE01_060023700|DBLg|1|1299|1679	PT0059-C.g829	27.915	283	143	10	49	306	827	1073	4.93e-17	85.5
PfKE01_060023700|DBLg|1|1299|1679	QG0182-C.g635	99.738	381	1	0	1	381	1230	1610	0.0	794
PfKE01_060023700|DBLg|1|1299|1679	QG0182-C.g635	48.062	258	124	6	1	252	1630	1883	9.41e-64	223
PfKE01_060023700|DBLg|1|1299|1679	QG0182-C.g635	26.846	298	157	9	34	306	851	1112	4.88e-16	82.4
PfKE01_060023700|DBLg|1|1299|1679	QG0182-C.g635	23.592	373	208	15	48	377	118	456	1.83e-11	68.6
PfKE01_060023700|DBLd|1|1699|2096	PFKE01.g195	100.000	398	0	0	1	398	1699	2096	0.0	827
PfKE01_060023700|DBLd|1|1699|2096	PFKE01.g195	41.566	332	165	7	1	328	1299	1605	2.11e-68	237
PfKE01_060023700|DBLd|1|1699|2096	PFKE01.g195	27.226	393	214	12	47	398	106	467	1.56e-26	114
PfKE01_060023700|DBLd|1|1699|2096	PFKE01.g195	24.430	307	162	11	28	315	917	1172	7.87e-10	63.5
PfKE01_060023700|DBLd|1|1699|2096	PM0160-C.g26	100.000	398	0	0	1	398	1609	2006	0.0	826
PfKE01_060023700|DBLd|1|1699|2096	PM0160-C.g26	41.566	332	165	7	1	328	1209	1515	4.94e-68	236
PfKE01_060023700|DBLd|1|1699|2096	PM0160-C.g26	30.565	301	166	11	132	398	170	461	6.94e-19	91.7
PfKE01_060023700|DBLd|1|1699|2096	QG0202-C.g144	100.000	398	0	0	1	398	1699	2096	0.0	825
PfKE01_060023700|DBLd|1|1699|2096	QG0202-C.g144	41.566	332	165	7	1	328	1299	1605	2.72e-68	236
PfKE01_060023700|DBLd|1|1699|2096	QG0202-C.g144	27.226	393	214	12	47	398	106	467	8.98e-27	115
PfKE01_060023700|DBLd|1|1699|2096	QG0202-C.g144	24.430	307	162	11	28	315	917	1172	1.03e-09	63.2
PfKE01_060023700|DBLd|1|1699|2096	PT0059-C.g829	100.000	398	0	0	1	398	1591	1988	0.0	825
PfKE01_060023700|DBLd|1|1699|2096	PT0059-C.g829	41.566	332	165	7	1	328	1191	1497	4.74e-68	236
PfKE01_060023700|DBLd|1|1699|2096	PT0059-C.g829	31.469	286	165	8	135	398	177	453	6.77e-16	82.4
PfKE01_060023700|DBLd|1|1699|2096	PA0208-C.g761	99.749	398	1	0	1	398	1625	2022	0.0	824
PfKE01_060023700|DBLd|1|1699|2096	PA0208-C.g761	43.373	332	160	8	1	328	1224	1531	2.08e-70	243
PfKE01_060023700|DBLd|1|1699|2096	PA0208-C.g761	28.974	390	207	14	44	398	102	456	2.70e-27	117
PfKE01_060023700|CIDRg|1|2097|2347	PA0059-C.g367	100.000	251	0	0	1	251	906	1156	1.76e-175	518
PfKE01_060023700|CIDRg|1|2097|2347	PA0030-C.g1290	100.000	251	0	0	1	251	1705	1955	8.27e-169	518
PfKE01_060023700|CIDRg|1|2097|2347	PFKE01.g195	100.000	251	0	0	1	251	2097	2347	2.82e-168	517
PfKE01_060023700|CIDRg|1|2097|2347	PM0049-C.g385	100.000	251	0	0	1	251	2104	2354	2.90e-168	517
PfKE01_060023700|CIDRg|1|2097|2347	QG0202-C.g144	100.000	251	0	0	1	251	2097	2347	3.34e-168	516
PfKE01_060023700|ATS|1|2457|2822	PFKE01.g195	100.000	366	0	0	1	366	2457	2822	0.0	753
PfKE01_060023700|ATS|1|2457|2822	PC0104-C.g333	100.000	366	0	0	1	366	2355	2720	0.0	753
PfKE01_060023700|ATS|1|2457|2822	PA0165-C.g96	100.000	366	0	0	1	366	2407	2772	0.0	753
PfKE01_060023700|ATS|1|2457|2822	PT0008-CW.g504	100.000	366	0	0	1	366	2385	2750	0.0	753
PfKE01_060023700|ATS|1|2457|2822	PM0071-C.g509	100.000	366	0	0	1	366	2410	2775	0.0	751
PfKE01_060038300|NTS|1|1|59	PFKE01.g227	100.000	59	0	0	1	59	1	59	3.99e-33	120
PfKE01_060038300|NTS|1|1|59	PM0100-C.g1993	100.000	59	0	0	1	59	1	59	7.66e-33	119
PfKE01_060038300|NTS|1|1|59	PA0183-C.g51	100.000	59	0	0	1	59	1	59	7.96e-33	119
PfKE01_060038300|NTS|1|1|59	PV0089-C.g16	100.000	59	0	0	1	59	1	59	1.27e-32	119
PfKE01_060038300|NTS|1|1|59	PFKE06.g9	98.305	59	1	0	1	59	1	59	1.33e-32	119
PfKE01_060038300|DBLa|1|60|470	SenT170.08.g535	100.000	411	0	0	1	411	60	470	0.0	859
PfKE01_060038300|DBLa|1|60|470	SenT170.08.g535	34.568	243	102	9	58	273	848	1060	1.48e-30	127
PfKE01_060038300|DBLa|1|60|470	SenT170.08.g535	24.510	306	160	12	53	329	1254	1517	1.49e-10	65.9
PfKE01_060038300|DBLa|1|60|470	PV0089-C.g16	100.000	411	0	0	1	411	60	470	0.0	858
PfKE01_060038300|DBLa|1|60|470	PV0089-C.g16	27.937	315	173	11	58	362	852	1122	1.86e-27	117
PfKE01_060038300|DBLa|1|60|470	PV0089-C.g16	30.032	313	166	11	118	411	1789	2067	4.89e-24	107
PfKE01_060038300|DBLa|1|60|470	PV0089-C.g16	23.448	290	146	8	49	333	3093	3311	2.89e-12	71.2
PfKE01_060038300|DBLa|1|60|470	PV0089-C.g16	23.934	305	166	12	51	329	1251	1515	9.68e-12	69.7
PfKE01_060038300|DBLa|1|60|470	PV0089-C.g16	25.899	278	136	11	58	330	2772	2984	3.01e-11	68.2
PfKE01_060038300|DBLa|1|60|470	SenT235.08.g316	100.000	411	0	0	1	411	60	470	0.0	858
PfKE01_060038300|DBLa|1|60|470	SenT235.08.g316	34.568	243	102	9	58	273	848	1060	1.33e-30	127
PfKE01_060038300|DBLa|1|60|470	SenT235.08.g316	24.510	306	160	12	53	329	1254	1517	1.24e-10	66.2
PfKE01_060038300|DBLa|1|60|470	SenT235.08.g316	25.108	231	139	6	68	279	1709	1924	6.34e-10	63.9
PfKE01_060038300|DBLa|1|60|470	PM0100-C.g1993	100.000	411	0	0	1	411	60	470	0.0	857
PfKE01_060038300|DBLa|1|60|470	PM0100-C.g1993	33.333	318	173	10	21	333	2426	2709	5.21e-42	160
PfKE01_060038300|DBLa|1|60|470	PM0100-C.g1993	34.568	243	102	9	58	273	848	1060	1.17e-30	127
PfKE01_060038300|DBLa|1|60|470	PM0100-C.g1993	28.142	366	213	13	68	411	1709	2046	4.76e-27	116
PfKE01_060038300|DBLa|1|60|470	PM0100-C.g1993	24.510	306	160	12	53	329	1254	1517	1.24e-10	66.2
PfKE01_060038300|DBLa|1|60|470	PFKE01.g227	100.000	411	0	0	1	411	60	470	0.0	855
PfKE01_060038300|DBLa|1|60|470	PFKE01.g227	33.829	269	120	8	58	298	853	1091	1.09e-33	136
PfKE01_060038300|DBLa|1|60|470	PFKE01.g227	29.572	257	140	10	173	411	1778	2011	3.62e-19	92.8
PfKE01_060038300|DBLa|1|60|470	PFKE01.g227	25.298	336	163	14	17	342	2993	3250	2.79e-15	80.9
PfKE01_060038300|DBLa|1|60|470	PFKE01.g227	25.234	214	115	6	54	267	2703	2871	3.88e-11	67.8
PfKE01_060038300|DBLa|1|60|470	PFKE01.g227	26.042	288	133	14	64	329	2361	2590	2.26e-09	62.0
PfKE01_060038300|DBLa|1|60|470	PFKE01.g227	22.034	295	164	9	53	330	1254	1499	2.83e-09	62.0
PfKE01_060038300|CIDRa|1|471|726	PFKE06.g9	100.000	256	0	0	1	256	471	726	5.37e-171	525
PfKE01_060038300|CIDRa|1|471|726	PFKE06.g9	26.316	228	132	8	50	256	2052	2264	1.62e-07	54.3
PfKE01_060038300|CIDRa|1|471|726	PFKE01.g227	100.000	256	0	0	1	256	471	726	7.07e-171	525
PfKE01_060038300|CIDRa|1|471|726	PFKE01.g227	26.316	228	132	8	50	256	2052	2264	1.92e-07	54.3
PfKE01_060038300|CIDRa|1|471|726	SenT170.08.g535	92.188	256	20	0	1	256	471	726	1.41e-161	493
PfKE01_060038300|CIDRa|1|471|726	SenT235.08.g316	92.188	256	20	0	1	256	471	726	3.64e-161	492
PfKE01_060038300|CIDRa|1|471|726	PM0100-C.g1993	92.188	256	20	0	1	256	471	726	3.03e-159	491
PfKE01_060038300|DBLb|1|739|1199	PFKE06.g9	100.000	461	0	0	1	461	739	1199	0.0	976
PfKE01_060038300|DBLb|1|739|1199	PFKE06.g9	29.897	388	199	13	6	353	3	357	8.73e-33	134
PfKE01_060038300|DBLb|1|739|1199	PFKE06.g9	26.351	296	149	12	98	369	1242	1492	8.66e-13	73.6
PfKE01_060038300|DBLb|1|739|1199	PFKE06.g9	25.321	312	179	13	73	371	2323	2593	8.97e-12	70.1
PfKE01_060038300|DBLb|1|739|1199	PFKE01.g227	100.000	461	0	0	1	461	739	1199	0.0	976
PfKE01_060038300|DBLb|1|739|1199	PFKE01.g227	30.412	388	197	13	6	353	3	357	1.66e-33	137
PfKE01_060038300|DBLb|1|739|1199	PFKE01.g227	25.899	278	140	8	103	368	3014	3237	1.41e-17	88.6
PfKE01_060038300|DBLb|1|739|1199	PFKE01.g227	27.885	208	109	5	112	319	2704	2870	2.21e-13	75.5
PfKE01_060038300|DBLb|1|739|1199	PFKE01.g227	26.351	296	149	12	98	369	1242	1492	1.05e-12	73.2
PfKE01_060038300|DBLb|1|739|1199	PFKE01.g227	25.321	312	179	13	73	371	2323	2593	1.01e-11	70.1
PfKE01_060038300|DBLb|1|739|1199	PF0037-C.g256	60.000	490	164	11	1	461	828	1314	1.91e-180	560
PfKE01_060038300|DBLb|1|739|1199	PF0037-C.g256	30.151	398	211	14	16	368	11	386	9.02e-29	122
PfKE01_060038300|DBLb|1|739|1199	PF0037-C.g256	27.551	294	167	10	98	369	1354	1623	3.17e-17	87.4
PfKE01_060038300|DBLb|1|739|1199	PA0064-C.g545	59.259	486	163	10	1	461	454	929	9.90e-178	550
PfKE01_060038300|DBLb|1|739|1199	PA0064-C.g545	22.635	296	154	9	108	371	976	1228	5.78e-11	67.8
PfKE01_060038300|DBLb|1|739|1199	QG0271-C.g142	58.248	491	164	12	1	461	864	1343	1.55e-171	536
PfKE01_060038300|DBLb|1|739|1199	QG0271-C.g142	32.258	310	134	9	115	369	123	411	6.19e-31	129
PfKE01_060038300|DBLb|1|739|1199	QG0271-C.g142	24.315	292	161	8	108	369	1397	1658	1.05e-12	73.2
PfKE01_060038300|DBLg|1|1214|1563	PFKE06.g9	100.000	350	0	0	1	350	1214	1563	0.0	722
PfKE01_060038300|DBLg|1|1214|1563	PFKE06.g9	33.555	301	141	8	41	286	1650	1946	3.03e-40	153
PfKE01_060038300|DBLg|1|1214|1563	PFKE06.g9	26.935	323	200	11	39	350	2348	2645	6.05e-17	84.7
PfKE01_060038300|DBLg|1|1214|1563	PFKE06.g9	26.690	281	144	11	29	271	836	1092	7.44e-13	72.4
PfKE01_060038300|DBLg|1|1214|1563	PFKE06.g9	22.796	329	182	11	41	314	112	423	1.73e-10	65.1
PfKE01_060038300|DBLg|1|1214|1563	PFKE01.g227	100.000	350	0	0	1	350	1214	1563	0.0	721
PfKE01_060038300|DBLg|1|1214|1563	PFKE01.g227	33.555	301	141	8	41	286	1650	1946	2.35e-40	154
PfKE01_060038300|DBLg|1|1214|1563	PFKE01.g227	28.115	313	181	10	42	350	3022	3294	1.60e-22	101
PfKE01_060038300|DBLg|1|1214|1563	PFKE01.g227	26.935	323	200	11	39	350	2348	2645	5.41e-17	85.1
PfKE01_060038300|DBLg|1|1214|1563	PFKE01.g227	26.690	281	144	11	29	271	836	1092	6.31e-13	72.4
PfKE01_060038300|DBLg|1|1214|1563	PFKE01.g227	22.796	329	182	11	41	314	112	423	1.27e-10	65.5
PfKE01_060038300|DBLg|1|1214|1563	PFKE01.g227	23.226	310	179	9	21	321	2677	2936	6.26e-10	63.2
PfKE01_060038300|DBLg|1|1214|1563	PFKE08.g238	79.261	352	68	2	1	350	1224	1572	0.0	570
PfKE01_060038300|DBLg|1|1214|1563	PFKE08.g238	30.946	391	194	12	1	317	1577	1965	7.37e-42	158
PfKE01_060038300|DBLg|1|1214|1563	PFKE08.g238	26.235	324	170	13	42	350	3139	3408	4.73e-17	85.1
PfKE01_060038300|DBLg|1|1214|1563	PFKE08.g238	26.117	291	161	9	29	286	2736	3005	3.96e-15	79.3
PfKE01_060038300|DBLg|1|1214|1563	PFKE08.g238	25.333	300	159	8	45	314	2343	2607	7.97e-15	78.2
PfKE01_060038300|DBLg|1|1214|1563	PFKE08.g238	25.000	348	208	11	12	312	75	416	1.65e-11	68.2
PfKE01_060038300|DBLg|1|1214|1563	PFKE08.g238	24.756	307	177	11	9	285	815	1097	9.39e-11	65.9
PfKE01_060038300|DBLg|1|1214|1563	PT0226-Cx.g960	78.693	352	70	2	1	350	1191	1539	0.0	568
PfKE01_060038300|DBLg|1|1214|1563	PT0226-Cx.g960	34.604	341	168	11	1	286	1544	1884	1.12e-39	152
PfKE01_060038300|DBLg|1|1214|1563	PT0226-Cx.g960	26.506	332	191	12	39	350	2286	2584	5.86e-18	87.8
PfKE01_060038300|DBLg|1|1214|1563	PT0226-Cx.g960	23.656	279	162	9	45	314	2640	2876	1.13e-13	74.7
PfKE01_060038300|DBLg|1|1214|1563	PT0226-Cx.g960	26.690	281	143	11	40	285	827	1079	1.44e-11	68.6
PfKE01_060038300|DBLg|1|1214|1563	PT0226-Cx.g960	26.984	252	140	7	42	288	2967	3179	3.79e-11	67.0
PfKE01_060038300|DBLg|1|1214|1563	PT0226-Cx.g960	23.246	228	148	4	41	253	107	322	7.50e-07	53.5
PfKE01_060038300|DBLg|1|1214|1563	PC0056-C.g953	78.693	352	70	2	1	350	1191	1539	0.0	568
PfKE01_060038300|DBLg|1|1214|1563	PC0056-C.g953	34.604	341	168	11	1	286	1544	1884	9.79e-40	152
PfKE01_060038300|DBLg|1|1214|1563	PC0056-C.g953	26.506	332	191	12	39	350	2286	2584	5.53e-18	87.8
PfKE01_060038300|DBLg|1|1214|1563	PC0056-C.g953	26.690	281	143	11	40	285	827	1079	1.18e-11	68.6
PfKE01_060038300|DBLg|1|1214|1563	PC0056-C.g953	23.246	228	148	4	41	253	107	322	2.66e-07	55.1
PfKE01_060038300|DBLd|1|1571|2011	PFKE01.g227	100.000	441	0	0	1	441	1571	2011	0.0	915
PfKE01_060038300|DBLd|1|1571|2011	PFKE01.g227	34.219	301	139	7	80	376	1254	1499	1.18e-41	160
PfKE01_060038300|DBLd|1|1571|2011	PFKE01.g227	30.196	255	141	11	208	441	232	470	4.88e-19	92.8
PfKE01_060038300|DBLd|1|1571|2011	PFKE01.g227	24.880	209	114	8	170	378	3075	3240	5.02e-09	61.2
PfKE01_060038300|DBLd|1|1571|2011	PFKE01.g227	24.843	318	165	12	68	376	2339	2591	3.23e-08	58.5
PfKE01_060038300|DBLd|1|1571|2011	PFKE06.g9	100.000	441	0	0	1	441	1571	2011	0.0	915
PfKE01_060038300|DBLd|1|1571|2011	PFKE06.g9	34.219	301	139	7	80	376	1254	1499	9.83e-42	160
PfKE01_060038300|DBLd|1|1571|2011	PFKE06.g9	30.196	255	141	11	208	441	232	470	6.78e-19	92.4
PfKE01_060038300|DBLd|1|1571|2011	PFKE06.g9	24.843	318	165	12	68	376	2339	2591	3.47e-08	58.5
PfKE01_060038300|DBLd|1|1571|2011	QE0444-C.g31	71.619	451	102	6	1	441	1616	2050	0.0	633
PfKE01_060038300|DBLd|1|1571|2011	QE0444-C.g31	29.759	373	191	10	80	441	1260	1572	2.57e-39	153
PfKE01_060038300|DBLd|1|1571|2011	QE0444-C.g31	29.066	289	167	8	177	441	182	456	8.11e-26	113
PfKE01_060038300|DBLd|1|1571|2011	QE0444-C.g31	26.741	359	178	14	83	424	2438	2728	9.61e-10	63.5
PfKE01_060038300|DBLd|1|1571|2011	PH0704-C.g1042	71.619	451	102	6	1	441	1616	2050	0.0	632
PfKE01_060038300|DBLd|1|1571|2011	PH0704-C.g1042	29.759	373	191	10	80	441	1260	1572	2.60e-39	153
PfKE01_060038300|DBLd|1|1571|2011	PH0704-C.g1042	29.066	289	167	8	177	441	182	456	8.18e-26	113
PfKE01_060038300|DBLd|1|1571|2011	PH0704-C.g1042	26.741	359	178	14	83	424	2438	2728	1.01e-09	63.5
PfKE01_060038300|DBLd|1|1571|2011	PH0549-C.g163	71.619	451	102	6	1	441	1616	2050	0.0	632
PfKE01_060038300|DBLd|1|1571|2011	PH0549-C.g163	29.759	373	191	10	80	441	1260	1572	2.15e-39	154
PfKE01_060038300|DBLd|1|1571|2011	PH0549-C.g163	29.066	289	167	8	177	441	182	456	8.97e-26	113
PfKE01_060038300|DBLd|1|1571|2011	PH0549-C.g163	25.000	216	111	9	174	385	2882	3050	3.10e-10	65.1
PfKE01_060038300|DBLd|1|1571|2011	PH0549-C.g163	24.643	280	165	12	163	424	2486	2737	3.92e-09	61.6
PfKE01_060038300|CIDRb|1|2012|2264	PD0545-C.g382	100.000	253	0	0	1	253	1271	1523	1.09e-167	513
PfKE01_060038300|CIDRb|1|2012|2264	PD0519-C.g714	100.000	253	0	0	1	253	1271	1523	1.09e-167	513
PfKE01_060038300|CIDRb|1|2012|2264	PD0515-C.g384	100.000	253	0	0	1	253	1271	1523	1.09e-167	513
PfKE01_060038300|CIDRb|1|2012|2264	PD0483-C.g502	100.000	253	0	0	1	253	1271	1523	1.09e-167	513
PfKE01_060038300|CIDRb|1|2012|2264	PFKE06.g9	100.000	253	0	0	1	253	2012	2264	1.44e-166	512
PfKE01_060038300|CIDRb|1|2012|2264	PFKE06.g9	27.215	158	100	3	95	247	569	716	6.77e-08	55.5
PfKE01_060038300|DBLe|1|2306|2645	PFKE06.g9	100.000	340	0	0	1	340	2306	2645	0.0	698
PfKE01_060038300|DBLe|1|2306|2645	PFKE06.g9	26.625	323	201	11	43	340	1252	1563	2.46e-16	82.8
PfKE01_060038300|DBLe|1|2306|2645	PFKE06.g9	25.773	291	162	13	19	268	812	1089	1.11e-10	65.5
PfKE01_060038300|DBLe|1|2306|2645	PFKE06.g9	26.042	288	133	14	56	285	123	388	6.76e-10	63.2
PfKE01_060038300|DBLe|1|2306|2645	PFKE06.g9	23.585	318	169	11	34	286	1638	1946	4.05e-08	57.4
PfKE01_060038300|DBLe|1|2306|2645	PFKE01.g227	100.000	340	0	0	1	340	2306	2645	0.0	697
PfKE01_060038300|DBLe|1|2306|2645	PFKE01.g227	30.294	340	175	10	21	337	2986	3286	5.59e-29	120
PfKE01_060038300|DBLe|1|2306|2645	PFKE01.g227	26.625	323	201	11	43	340	1252	1563	2.87e-16	82.4
PfKE01_060038300|DBLe|1|2306|2645	PFKE01.g227	27.682	289	164	10	47	332	2704	2950	2.95e-16	82.4
PfKE01_060038300|DBLe|1|2306|2645	PFKE01.g227	25.773	291	162	13	19	268	812	1089	1.29e-10	65.5
PfKE01_060038300|DBLe|1|2306|2645	PFKE01.g227	26.042	288	133	14	56	285	123	388	5.99e-10	63.2
PfKE01_060038300|DBLe|1|2306|2645	PFKE01.g227	23.585	318	169	11	34	286	1638	1946	3.99e-08	57.4
PfKE01_060038300|DBLe|1|2306|2645	PA0008-C.g803	96.165	339	13	0	2	340	894	1232	0.0	670
PfKE01_060038300|DBLe|1|2306|2645	PA0008-C.g803	31.353	303	157	8	47	337	1610	1873	4.19e-29	120
PfKE01_060038300|DBLe|1|2306|2645	PA0008-C.g803	27.682	289	164	10	47	332	1291	1537	3.35e-16	82.4
PfKE01_060038300|DBLe|1|2306|2645	PA0008-C.g803	23.510	302	148	13	52	287	132	416	4.96e-07	53.9
PfKE01_060038300|DBLe|1|2306|2645	PFKE06.g553	95.858	338	13	1	4	340	2299	2636	0.0	661
PfKE01_060038300|DBLe|1|2306|2645	PFKE06.g553	30.294	340	175	10	21	337	2977	3277	4.29e-29	120
PfKE01_060038300|DBLe|1|2306|2645	PFKE06.g553	27.682	289	164	10	47	332	2695	2941	3.88e-16	82.0
PfKE01_060038300|DBLe|1|2306|2645	PFKE06.g553	28.698	338	183	13	46	340	1266	1588	1.77e-14	77.0
PfKE01_060038300|DBLe|1|2306|2645	PFKE06.g553	25.746	268	162	10	42	288	853	1104	1.48e-10	65.1
PfKE01_060038300|DBLe|1|2306|2645	PFKE06.g553	24.917	301	168	11	39	287	1636	1930	1.98e-08	58.5
PfKE01_060038300|DBLe|1|2306|2645	PT0218-Cx.g834	95.858	338	13	1	4	340	2279	2616	0.0	660
PfKE01_060038300|DBLe|1|2306|2645	PT0218-Cx.g834	30.294	340	175	10	21	337	2957	3257	6.55e-29	120
PfKE01_060038300|DBLe|1|2306|2645	PT0218-Cx.g834	27.719	285	161	10	47	328	2675	2917	4.14e-16	82.0
PfKE01_060038300|DBLe|1|2306|2645	PT0218-Cx.g834	25.439	342	212	11	27	340	1238	1564	4.93e-15	79.0
PfKE01_060038300|DBLe|1|2306|2645	PT0218-Cx.g834	26.860	242	123	12	96	287	1682	1919	1.04e-08	59.3
PfKE01_060038300|DBLe|1|2306|2645	PT0218-Cx.g834	25.000	284	160	13	39	292	845	1105	1.29e-08	58.9
PfKE01_060038300|DBLe|1|2306|2645	PT0218-Cx.g834	24.662	296	150	14	56	292	124	405	6.21e-08	57.0
PfKE01_060038300|DBLe|2|2657|2936	PA0008-C.g803	100.000	280	0	0	1	280	1244	1523	0.0	577
PfKE01_060038300|DBLe|2|2657|2936	PA0008-C.g803	33.784	296	163	9	5	280	1570	1852	1.17e-36	140
PfKE01_060038300|DBLe|2|2657|2936	PA0008-C.g803	27.407	270	157	8	48	280	939	1206	2.43e-16	81.3
PfKE01_060038300|DBLe|2|2657|2936	PA0008-C.g803	21.834	229	120	6	46	215	125	353	2.48e-08	57.4
PfKE01_060038300|DBLe|2|2657|2936	PFKE01.g227	100.000	280	0	0	1	280	2657	2936	0.0	576
PfKE01_060038300|DBLe|2|2657|2936	PFKE01.g227	33.784	296	163	9	5	280	2983	3265	1.68e-36	140
PfKE01_060038300|DBLe|2|2657|2936	PFKE01.g227	27.407	270	157	8	48	280	2352	2619	3.43e-16	80.9
PfKE01_060038300|DBLe|2|2657|2936	PFKE01.g227	28.846	208	107	6	48	214	850	1057	9.66e-14	73.6
PfKE01_060038300|DBLe|2|2657|2936	PFKE01.g227	25.234	214	115	6	47	215	113	326	2.99e-11	66.2
PfKE01_060038300|DBLe|2|2657|2936	PFKE01.g227	23.226	310	179	9	21	280	1234	1534	2.27e-10	63.5
PfKE01_060038300|DBLe|2|2657|2936	PT0170-C.g353	99.286	280	2	0	1	280	1912	2191	0.0	574
PfKE01_060038300|DBLe|2|2657|2936	PT0170-C.g353	34.459	296	162	9	5	280	2238	2521	9.50e-34	132
PfKE01_060038300|DBLe|2|2657|2936	PT0170-C.g353	31.183	279	135	13	48	280	1607	1874	6.74e-20	92.0
PfKE01_060038300|DBLe|2|2657|2936	PM0024-C.g946	99.643	280	1	0	1	280	957	1236	0.0	574
PfKE01_060038300|DBLe|2|2657|2936	PM0024-C.g946	31.188	202	115	8	101	280	720	919	2.79e-16	81.3
PfKE01_060038300|DBLe|2|2657|2936	PFKE06.g553	99.643	280	1	0	1	280	2648	2927	0.0	574
PfKE01_060038300|DBLe|2|2657|2936	PFKE06.g553	33.784	296	163	9	5	280	2974	3256	1.51e-36	140
PfKE01_060038300|DBLe|2|2657|2936	PFKE06.g553	27.407	270	157	8	48	280	2343	2610	3.21e-16	80.9
PfKE01_060038300|DBLe|2|2657|2936	PFKE06.g553	27.451	255	144	7	40	253	850	1104	8.16e-15	77.0
PfKE01_060038300|DBLe|2|2657|2936	PFKE06.g553	23.333	300	166	9	43	280	1262	1559	1.42e-12	70.1
PfKE01_060038300|DBLe|2|2657|2936	PFKE06.g553	25.652	230	116	6	44	218	118	347	2.07e-12	69.7
PfKE01_060038300|DBLe|3|2979|3294	QG0200-C.g712	100.000	316	0	0	1	316	1186	1501	0.0	658
PfKE01_060038300|DBLe|3|2979|3294	QG0200-C.g712	34.219	301	155	11	5	287	868	1143	3.83e-36	140
PfKE01_060038300|DBLe|3|2979|3294	QG0200-C.g712	31.068	309	174	7	40	316	551	852	1.91e-32	129
PfKE01_060038300|DBLe|3|2979|3294	QG0200-C.g712	25.651	269	142	9	39	259	108	366	5.07e-15	78.2
PfKE01_060038300|DBLe|3|2979|3294	QE0424-C.g193	100.000	316	0	0	1	316	2233	2548	0.0	657
PfKE01_060038300|DBLe|3|2979|3294	QE0424-C.g193	34.219	301	155	11	5	287	1915	2190	3.81e-36	140
PfKE01_060038300|DBLe|3|2979|3294	QE0424-C.g193	31.068	309	174	7	40	316	1598	1899	1.71e-32	129
PfKE01_060038300|DBLe|3|2979|3294	QE0424-C.g193	25.879	313	160	12	35	276	112	423	8.79e-15	77.4
PfKE01_060038300|DBLe|3|2979|3294	QE0424-C.g193	26.115	157	78	6	96	218	977	1129	8.42e-09	59.3
PfKE01_060038300|DBLe|3|2979|3294	QE0399-C.g305	100.000	316	0	0	1	316	2233	2548	0.0	657
PfKE01_060038300|DBLe|3|2979|3294	QE0399-C.g305	34.219	301	155	11	5	287	1915	2190	3.85e-36	140
PfKE01_060038300|DBLe|3|2979|3294	QE0399-C.g305	31.068	309	174	7	40	316	1598	1899	1.74e-32	129
PfKE01_060038300|DBLe|3|2979|3294	QE0399-C.g305	25.879	313	160	12	35	276	112	423	8.63e-15	77.4
PfKE01_060038300|DBLe|3|2979|3294	QE0399-C.g305	26.115	157	78	6	96	218	977	1129	8.49e-09	59.3
PfKE01_060038300|DBLe|3|2979|3294	PD0507-C.g277	100.000	316	0	0	1	316	2603	2918	0.0	656
PfKE01_060038300|DBLe|3|2979|3294	PD0507-C.g277	34.219	301	155	11	5	287	2285	2560	4.33e-36	140
PfKE01_060038300|DBLe|3|2979|3294	PD0507-C.g277	31.068	309	174	7	40	316	1968	2269	2.21e-32	129
PfKE01_060038300|DBLe|3|2979|3294	PD0507-C.g277	27.526	287	150	12	44	279	827	1106	9.00e-17	83.6
PfKE01_060038300|DBLe|3|2979|3294	PD0507-C.g277	25.325	308	154	9	35	274	106	405	1.24e-16	83.2
PfKE01_060038300|DBLe|3|2979|3294	PD0507-C.g277	26.115	157	78	6	96	218	1347	1499	1.03e-08	58.9
PfKE01_060038300|DBLe|3|2979|3294	PFKE01.g227	100.000	316	0	0	1	316	2979	3294	0.0	656
PfKE01_060038300|DBLe|3|2979|3294	PFKE01.g227	34.448	299	157	10	5	287	2661	2936	2.06e-36	141
PfKE01_060038300|DBLe|3|2979|3294	PFKE01.g227	31.683	303	156	8	45	308	2352	2642	1.38e-31	127
PfKE01_060038300|DBLe|3|2979|3294	PFKE01.g227	27.010	311	187	8	44	316	1255	1563	5.41e-22	99.0
PfKE01_060038300|DBLe|3|2979|3294	PFKE01.g227	26.159	302	147	12	39	272	108	401	1.33e-16	83.2
PfKE01_060038300|DBLe|3|2979|3294	PFKE01.g227	26.217	267	129	9	36	247	841	1094	8.33e-16	80.5
PfKE01_060038300|DBLe|3|2979|3294	PFKE01.g227	24.880	209	114	8	97	262	1740	1948	2.50e-10	63.9
PfKE01_060038300|ATS|1|3331|3765	PD0483-C.g348	74.468	470	73	9	1	435	2589	3046	0.0	662
PfKE01_060038300|ATS|1|3331|3765	PV0147-C.g56	74.348	460	77	8	1	435	1700	2143	0.0	660
PfKE01_060038300|ATS|1|3331|3765	PV0129-C.g36	75.647	464	71	13	1	435	1739	2189	0.0	650
PfKE01_060038300|ATS|1|3331|3765	PV0028-C.g43	75.278	449	85	10	1	435	1843	2279	0.0	647
PfKE01_060038300|ATS|1|3331|3765	PFKE07.g667	73.970	461	81	10	2	435	2366	2814	0.0	646
PfKE01_060038600|NTS|1|1|64	PFKE01.g21	100.000	64	0	0	1	64	1	64	2.91e-37	132
PfKE01_060038600|NTS|1|1|64	QG0295-C.g1832	75.000	60	13	1	5	64	94	151	6.67e-22	89.0
PfKE01_060038600|NTS|1|1|64	SenT036.10.g703	75.000	60	13	1	5	64	41	98	8.76e-22	88.6
PfKE01_060038600|NTS|1|1|64	SenT055.11.g177	82.000	50	9	0	15	64	90	139	1.09e-20	85.5
PfKE01_060038600|NTS|1|1|64	PA0214-C.g743	68.182	66	17	3	1	64	1	64	9.94e-20	82.8
PfKE01_060038600|DBLa|1|65|500	PFKE01.g21	100.000	436	0	0	1	436	65	500	0.0	919
PfKE01_060038600|DBLa|1|65|500	PFKE01.g21	25.141	354	188	14	113	436	1082	1388	2.26e-11	68.6
PfKE01_060038600|DBLa|1|65|500	PT0034-C.g1093	91.156	441	34	2	1	436	71	511	0.0	799
PfKE01_060038600|DBLa|1|65|500	PT0034-C.g1093	26.531	196	118	5	245	436	1214	1387	9.63e-10	63.5
PfKE01_060038600|DBLa|1|65|500	PD0460-C.g8	89.294	439	39	4	1	436	62	495	0.0	785
PfKE01_060038600|DBLa|1|65|500	PD0460-C.g8	34.653	101	61	2	250	348	1235	1332	7.48e-09	60.5
PfKE01_060038600|DBLa|1|65|500	PH0248-C.g318	88.813	438	42	4	1	436	66	498	0.0	782
PfKE01_060038600|DBLa|1|65|500	PH0248-C.g318	25.000	360	186	15	127	436	1062	1387	2.76e-13	74.7
PfKE01_060038600|DBLa|1|65|500	PH0248-C.g318	24.458	323	189	9	52	367	1733	2007	1.43e-12	72.4
PfKE01_060038600|DBLa|1|65|500	SenT036.10.g3342	82.143	448	60	7	1	436	64	503	0.0	710
PfKE01_060038600|DBLa|1|65|500	SenT036.10.g3342	27.839	273	145	9	198	436	1193	1447	8.70e-16	82.4
PfKE01_060038600|CIDRa|1|501|775	PFKE01.g21	100.000	275	0	0	1	275	501	775	0.0	577
PfKE01_060038600|CIDRa|1|501|775	PFKE01.g21	27.642	123	87	1	93	215	1470	1590	4.42e-09	59.3
PfKE01_060038600|CIDRa|1|501|775	PF0489-C.g714	85.252	278	36	3	1	275	493	768	1.12e-148	457
PfKE01_060038600|CIDRa|1|501|775	QE0414-C.g681	77.778	297	43	5	1	275	506	801	2.30e-146	451
PfKE01_060038600|CIDRa|1|501|775	PF0133-C.g547	68.310	284	77	4	1	274	291	571	1.85e-116	367
PfKE01_060038600|CIDRa|1|501|775	PF0133-C.g547	30.556	72	50	0	111	182	1269	1340	6.67e-07	52.8
PfKE01_060038600|CIDRa|1|501|775	PV0160-C.g66	66.207	290	77	5	1	270	512	800	3.12e-116	368
PfKE01_060038600|DBLd|1|868|1388	PFKE01.g21	99.808	521	1	0	1	521	868	1388	0.0	1064
PfKE01_060038600|DBLd|1|868|1388	PFKE01.g21	29.167	192	114	6	352	521	309	500	4.05e-12	71.6
PfKE01_060038600|DBLd|1|868|1388	PFKE06.g16	64.783	531	133	12	1	521	908	1394	0.0	620
PfKE01_060038600|DBLd|1|868|1388	PFKE06.g16	23.659	317	174	10	245	521	216	504	3.06e-11	68.9
PfKE01_060038600|DBLd|1|868|1388	PC0070-C.g420	52.102	547	185	13	1	521	873	1368	3.95e-155	486
PfKE01_060038600|DBLd|1|868|1388	PC0070-C.g420	25.828	302	158	11	243	511	213	481	6.51e-13	74.3
PfKE01_060038600|DBLd|1|868|1388	PF0330-C.g74	50.903	554	186	17	1	521	927	1427	5.12e-155	486
PfKE01_060038600|DBLd|1|868|1388	PF0330-C.g74	22.101	276	167	7	212	462	178	430	3.99e-09	62.0
PfKE01_060038600|DBLd|1|868|1388	PF0158-C.g642	52.060	534	183	16	12	521	895	1379	3.02e-151	475
PfKE01_060038600|DBLd|1|868|1388	PF0158-C.g642	21.983	232	147	6	232	451	199	408	6.46e-10	64.7
PfKE01_060038600|CIDRb|1|1389|1636	PFKE06.g16	100.000	248	0	0	1	248	1395	1642	8.93e-169	510
PfKE01_060038600|CIDRb|1|1389|1636	PFKE01.g21	100.000	248	0	0	1	248	1389	1636	1.41e-168	510
PfKE01_060038600|CIDRb|1|1389|1636	PFKE01.g21	32.184	87	59	0	82	168	593	679	3.21e-09	59.3
PfKE01_060038600|CIDRb|1|1389|1636	PF0158-C.g642	86.885	244	30	2	3	245	1382	1624	3.35e-136	422
PfKE01_060038600|CIDRb|1|1389|1636	PF0158-C.g642	28.704	108	74	2	81	187	636	741	9.92e-07	52.0
PfKE01_060038600|CIDRb|1|1389|1636	PT0071-C.g106	87.295	244	29	2	3	245	1419	1661	5.10e-136	424
PfKE01_060038600|CIDRb|1|1389|1636	PC0070-C.g420	75.417	240	51	3	3	240	1371	1604	1.70e-110	350
PfKE01_060038600|ATS|1|1749|2179	PV0028-C.g50	84.649	456	45	5	1	431	2600	3055	0.0	743
PfKE01_060038600|ATS|1|1749|2179	PFKE01.g19	85.455	440	54	4	1	431	1733	2171	0.0	723
PfKE01_060038600|ATS|1|1749|2179	PA0245-C.g391	82.805	442	59	3	1	431	2512	2947	0.0	722
PfKE01_060038600|ATS|1|1749|2179	PA0245-C.g998	81.878	458	56	4	1	431	1706	2163	0.0	719
PfKE01_060038600|ATS|1|1749|2179	PA0270-C.g443	80.000	455	67	3	1	431	2185	2639	0.0	713
PfKE01_070015300|NTS|1|1|61	PFKE01.g200	100.000	61	0	0	1	61	1	61	6.68e-36	128
PfKE01_070015300|NTS|1|1|61	PF0145-C.g585	100.000	50	0	0	12	61	9	58	2.08e-25	98.6
PfKE01_070015300|NTS|1|1|61	PD0513-C.g231	93.878	49	3	0	13	61	17	65	2.07e-24	95.9
PfKE01_070015300|NTS|1|1|61	PD0548-C.g257	93.878	49	3	0	13	61	17	65	2.11e-24	95.9
PfKE01_070015300|NTS|1|1|61	PD0564-C.g400	93.878	49	3	0	13	61	17	65	2.15e-24	95.9
PfKE01_070015300|DBLa|1|62|465	PFKE01.g200	100.000	404	0	0	1	404	62	465	0.0	846
PfKE01_070015300|DBLa|1|62|465	PFKE01.g200	30.741	270	155	8	8	254	2455	2715	3.81e-26	113
PfKE01_070015300|DBLa|1|62|465	PFKE01.g200	35.681	213	100	9	54	254	873	1060	1.04e-25	112
PfKE01_070015300|DBLa|1|62|465	PFKE01.g200	33.032	221	122	7	184	404	1531	1725	1.38e-15	81.6
PfKE01_070015300|DBLa|1|62|465	PFKE01.g200	23.656	372	213	13	50	393	2070	2398	5.39e-15	79.7
PfKE01_070015300|DBLa|1|62|465	PF0145-C.g585	93.069	404	16	3	1	404	59	450	0.0	777
PfKE01_070015300|DBLa|1|62|465	PF0145-C.g585	30.795	302	175	9	21	314	2366	2641	3.97e-31	128
PfKE01_070015300|DBLa|1|62|465	PF0145-C.g585	33.591	259	126	11	1	241	800	1030	2.41e-28	120
PfKE01_070015300|DBLa|1|62|465	PF0145-C.g585	27.202	386	214	16	49	404	1276	1624	5.82e-28	119
PfKE01_070015300|DBLa|1|62|465	PF0145-C.g585	23.052	308	179	9	34	321	1948	2217	2.08e-11	68.6
PfKE01_070015300|DBLa|1|62|465	PD0515-C.g142	75.604	414	80	10	1	404	71	473	0.0	612
PfKE01_070015300|DBLa|1|62|465	PD0515-C.g142	32.766	235	124	10	8	232	841	1051	1.19e-22	102
PfKE01_070015300|DBLa|1|62|465	PD0497-C.g544	75.604	414	80	10	1	404	45	447	0.0	611
PfKE01_070015300|DBLa|1|62|465	PD0497-C.g544	29.630	378	204	15	8	375	815	1140	2.83e-27	117
PfKE01_070015300|DBLa|1|62|465	PD0497-C.g544	25.234	321	182	10	47	351	1264	1542	3.95e-13	73.9
PfKE01_070015300|DBLa|1|62|465	PD0497-C.g544	24.862	362	197	14	99	404	1780	2122	6.85e-13	73.2
PfKE01_070015300|DBLa|1|62|465	PC0016-C.g345	75.604	414	80	10	1	404	71	473	0.0	611
PfKE01_070015300|DBLa|1|62|465	PC0016-C.g345	29.894	378	203	16	8	375	841	1166	2.96e-27	117
PfKE01_070015300|DBLa|1|62|465	PC0016-C.g345	28.727	275	142	10	166	404	1876	2132	2.49e-16	84.0
PfKE01_070015300|DBLa|1|62|465	PC0016-C.g345	25.234	321	182	10	47	351	1290	1568	3.46e-13	73.9
PfKE01_070015300|CIDRa|1|466|740	PT0137-C.g287	100.000	275	0	0	1	275	69	343	0.0	566
PfKE01_070015300|CIDRa|1|466|740	PT0137-C.g287	26.582	158	115	1	110	267	1426	1582	8.33e-11	64.7
PfKE01_070015300|CIDRa|1|466|740	PFKE01.g200	100.000	275	0	0	1	275	466	740	0.0	565
PfKE01_070015300|CIDRa|1|466|740	PFKE01.g200	26.582	158	115	1	110	267	1823	1979	6.57e-11	65.1
PfKE01_070015300|CIDRa|1|466|740	PF0145-C.g585	98.545	275	4	0	1	275	451	725	0.0	557
PfKE01_070015300|CIDRa|1|466|740	PM0146-C.g187	92.537	268	20	0	1	268	480	747	1.46e-157	487
PfKE01_070015300|CIDRa|1|466|740	PT0118-C.g165	89.925	268	27	0	1	268	476	743	2.58e-144	449
PfKE01_070015300|CIDRa|1|466|740	PT0118-C.g165	26.786	168	119	2	110	274	2106	2272	1.01e-10	64.3
PfKE01_070015300|DBLb|1|756|1233	PT0137-C.g287	100.000	478	0	0	1	478	359	836	0.0	1002
PfKE01_070015300|DBLb|1|756|1233	PT0137-C.g287	30.362	359	201	10	70	400	2063	2400	5.73e-34	138
PfKE01_070015300|DBLb|1|756|1233	PT0137-C.g287	25.915	328	161	13	68	351	1631	1920	2.15e-11	68.9
PfKE01_070015300|DBLb|1|756|1233	PFKE01.g200	100.000	478	0	0	1	478	756	1233	0.0	1001
PfKE01_070015300|DBLb|1|756|1233	PFKE01.g200	30.362	359	201	10	70	400	2460	2797	5.76e-34	138
PfKE01_070015300|DBLb|1|756|1233	PFKE01.g200	30.868	311	168	15	25	305	22	315	1.56e-26	116
PfKE01_070015300|DBLb|1|756|1233	PFKE01.g200	25.915	328	161	13	68	351	2028	2317	1.69e-11	69.3
PfKE01_070015300|DBLb|1|756|1233	PM0049-C.g456	69.753	486	128	7	1	478	753	1227	0.0	668
PfKE01_070015300|DBLb|1|756|1233	PM0049-C.g456	32.812	320	167	13	67	345	70	382	7.95e-33	135
PfKE01_070015300|DBLb|1|756|1233	PM0049-C.g456	26.006	323	167	13	101	371	1297	1599	4.75e-17	87.0
PfKE01_070015300|DBLb|1|756|1233	PM0146-C.g187	67.010	485	142	5	1	478	769	1242	0.0	649
PfKE01_070015300|DBLb|1|756|1233	PM0146-C.g187	29.661	354	182	16	7	311	6	341	1.17e-27	119
PfKE01_070015300|DBLb|1|756|1233	PM0146-C.g187	24.823	282	160	10	94	351	1291	1544	5.26e-13	74.3
PfKE01_070015300|DBLb|1|756|1233	PC0118-C.g89	66.119	487	145	6	1	478	762	1237	0.0	645
PfKE01_070015300|DBLb|1|756|1233	PC0118-C.g89	34.071	226	103	8	118	311	109	320	5.30e-21	99.4
PfKE01_070015300|DBLb|1|756|1233	PC0118-C.g89	24.335	263	157	9	70	305	1260	1507	1.55e-09	63.2
PfKE01_070015300|DBLd|1|1250|1725	PT0137-C.g287	100.000	476	0	0	1	476	853	1328	0.0	985
PfKE01_070015300|DBLd|1|1250|1725	PT0137-C.g287	28.079	406	182	13	1	406	1633	1928	6.13e-32	132
PfKE01_070015300|DBLd|1|1250|1725	PFKE01.g200	100.000	476	0	0	1	476	1250	1725	0.0	983
PfKE01_070015300|DBLd|1|1250|1725	PFKE01.g200	28.325	406	181	14	1	406	2030	2325	7.20e-32	132
PfKE01_070015300|DBLd|1|1250|1725	PFKE01.g200	33.486	218	119	8	285	476	248	465	1.57e-14	79.0
PfKE01_070015300|DBLd|1|1250|1725	PM0108-C.g146	58.012	493	177	9	1	476	1300	1779	8.27e-170	532
PfKE01_070015300|DBLd|1|1250|1725	PM0108-C.g146	27.221	349	153	10	1	345	2073	2324	6.83e-28	120
PfKE01_070015300|DBLd|1|1250|1725	PM0108-C.g146	35.652	115	70	2	293	406	271	382	7.96e-13	73.6
PfKE01_070015300|DBLd|1|1250|1725	PM0108-C.g146	24.171	422	198	17	34	448	2531	2837	2.74e-10	65.5
PfKE01_070015300|DBLd|1|1250|1725	PT0109-C.g55	59.213	483	161	10	1	476	1219	1672	5.32e-167	524
PfKE01_070015300|DBLd|1|1250|1725	PT0109-C.g55	27.628	409	165	10	1	405	1983	2264	2.68e-34	139
PfKE01_070015300|DBLd|1|1250|1725	PT0109-C.g55	30.233	215	104	7	288	476	273	467	2.09e-16	85.1
PfKE01_070015300|DBLd|1|1250|1725	PT0222-C.g118	59.006	483	162	10	1	476	1219	1672	1.54e-166	523
PfKE01_070015300|DBLd|1|1250|1725	PT0222-C.g118	29.714	350	152	13	1	345	1983	2243	1.67e-31	131
PfKE01_070015300|DBLd|1|1250|1725	PT0222-C.g118	30.233	215	104	7	288	476	273	467	1.65e-16	85.5
PfKE01_070015300|CIDRg|1|1726|1991	PT0137-C.g287	100.000	266	0	0	1	266	1329	1594	1.46e-176	540
PfKE01_070015300|CIDRg|1|1726|1991	PFKE01.g200	100.000	266	0	0	1	266	1726	1991	4.28e-176	540
PfKE01_070015300|CIDRg|1|1726|1991	PM0068-C.g165	84.701	268	38	1	1	265	1390	1657	2.44e-149	463
PfKE01_070015300|CIDRg|1|1726|1991	PT0226-Cx.g211	79.851	268	39	4	1	266	372	626	6.38e-136	419
PfKE01_070015300|CIDRg|1|1726|1991	PA0085-C.g280	74.815	270	63	3	1	266	1390	1658	1.84e-126	397
PfKE01_070015300|CIDRg|1|1726|1991	PA0085-C.g280	27.273	176	108	8	85	246	546	715	8.55e-07	52.4
PfKE01_070015300|DBLg|1|2030|2402	PT0137-C.g287	100.000	373	0	0	1	373	1633	2005	0.0	774
PfKE01_070015300|DBLg|1|2030|2402	PT0137-C.g287	27.446	419	187	13	1	302	853	1271	1.03e-31	129
PfKE01_070015300|DBLg|1|2030|2402	PT0137-C.g287	25.225	333	167	13	1	295	428	716	4.41e-13	73.2
PfKE01_070015300|DBLg|1|2030|2402	PT0137-C.g287	24.405	336	191	15	28	332	2094	2397	1.37e-07	56.2
PfKE01_070015300|DBLg|1|2030|2402	PFKE01.g200	100.000	373	0	0	1	373	2030	2402	0.0	773
PfKE01_070015300|DBLg|1|2030|2402	PFKE01.g200	27.446	419	187	13	1	302	1250	1668	1.25e-31	129
PfKE01_070015300|DBLg|1|2030|2402	PFKE01.g200	25.225	333	167	13	1	295	825	1113	4.59e-13	73.2
PfKE01_070015300|DBLg|1|2030|2402	PFKE01.g200	27.755	245	135	9	41	270	111	328	3.56e-12	70.5
PfKE01_070015300|DBLg|1|2030|2402	PFKE01.g200	24.405	336	191	15	28	332	2491	2794	1.59e-07	55.8
PfKE01_070015300|DBLg|1|2030|2402	PC0008_02.g4	66.402	378	115	8	1	373	612	982	2.60e-160	489
PfKE01_070015300|DBLg|1|2030|2402	PC0008_02.g4	25.000	284	168	10	28	291	1071	1329	1.26e-14	78.2
PfKE01_070015300|DBLg|1|2030|2402	PC0008_02.g4	28.094	299	159	13	44	318	227	493	2.05e-14	77.4
PfKE01_070015300|DBLg|1|2030|2402	PM0103-C.g1011	68.684	380	105	8	1	373	1953	2325	2.34e-155	486
PfKE01_070015300|DBLg|1|2030|2402	PM0103-C.g1011	35.398	339	174	7	1	298	1258	1592	1.38e-55	199
PfKE01_070015300|DBLg|1|2030|2402	PM0103-C.g1011	28.205	273	155	10	44	295	870	1122	4.71e-15	79.3
PfKE01_070015300|DBLg|1|2030|2402	PM0103-C.g1011	26.462	325	161	13	27	302	99	394	1.68e-14	77.8
PfKE01_070015300|DBLg|1|2030|2402	PM0103-C.g1011	24.706	340	185	15	28	332	2414	2717	1.78e-07	55.8
PfKE01_070015300|DBLg|1|2030|2402	PF0754-C.g133	64.286	378	115	8	1	373	2017	2379	3.03e-153	480
PfKE01_070015300|DBLg|1|2030|2402	PF0754-C.g133	32.316	393	171	13	1	298	1231	1623	1.52e-48	178
PfKE01_070015300|DBLg|1|2030|2402	PF0754-C.g133	28.205	273	158	9	42	295	844	1097	6.61e-17	85.1
PfKE01_070015300|DBLg|1|2030|2402	PF0754-C.g133	27.413	259	134	8	38	272	105	333	2.03e-14	77.4
PfKE01_070015300|DBLg|1|2030|2402	PF0754-C.g133	24.848	330	183	12	28	330	2466	2757	5.09e-14	76.3
PfKE01_070015300|DBLz|1|2411|2837	PFKE01.g200	100.000	427	0	0	1	427	2411	2837	0.0	874
PfKE01_070015300|DBLz|1|2411|2837	PFKE01.g200	31.476	359	197	10	50	387	825	1155	2.07e-41	159
PfKE01_070015300|DBLz|1|2411|2837	PFKE01.g200	29.814	322	182	11	2	305	20	315	5.70e-28	119
PfKE01_070015300|DBLz|1|2411|2837	PFKE01.g200	24.561	342	183	14	81	384	2057	2361	4.56e-11	67.8
PfKE01_070015300|DBLz|1|2411|2837	PT0137-C.g287	100.000	427	0	0	1	427	2014	2440	0.0	874
PfKE01_070015300|DBLz|1|2411|2837	PT0137-C.g287	31.476	359	197	10	50	387	428	758	2.62e-41	159
PfKE01_070015300|DBLz|1|2411|2837	PT0137-C.g287	24.561	342	183	14	81	384	1660	1964	5.80e-11	67.4
PfKE01_070015300|DBLz|1|2411|2837	PM0103-C.g1011	100.000	427	0	0	1	427	2334	2760	0.0	872
PfKE01_070015300|DBLz|1|2411|2837	PM0103-C.g1011	26.742	445	236	13	47	427	821	1239	2.30e-36	144
PfKE01_070015300|DBLz|1|2411|2837	PM0103-C.g1011	28.155	412	233	15	6	371	16	410	3.83e-30	126
PfKE01_070015300|DBLz|1|2411|2837	PM0103-C.g1011	26.075	372	199	16	72	386	1278	1630	3.58e-14	77.4
PfKE01_070015300|DBLz|1|2411|2837	PM0103-C.g1011	22.590	332	199	11	81	384	1983	2284	1.26e-10	66.2
PfKE01_070015300|DBLz|1|2411|2837	PC0020-C.g18	72.897	428	114	2	1	427	830	1256	0.0	607
PfKE01_070015300|DBLz|1|2411|2837	PC0020-C.g18	23.306	369	232	12	81	427	482	821	1.15e-12	72.4
PfKE01_070015300|DBLz|1|2411|2837	QG0277-C.g524	73.843	432	102	5	1	427	1705	2130	0.0	597
PfKE01_070015300|DBLz|1|2411|2837	QG0277-C.g524	33.036	336	174	11	69	379	920	1229	9.29e-44	166
PfKE01_070015300|DBLz|1|2411|2837	QG0277-C.g524	28.526	312	184	10	94	374	121	424	1.19e-25	112
PfKE01_070015300|DBLz|1|2411|2837	QG0277-C.g524	21.752	331	211	11	81	384	1346	1655	2.71e-10	65.1
PfKE01_070015300|ATS|1|2923|3441	PFKE11.g671	78.286	525	75	8	2	519	2049	2541	0.0	782
PfKE01_070015300|ATS|1|2923|3441	PFKE09.g410	74.181	519	96	6	1	519	1751	2231	0.0	706
PfKE01_070015300|ATS|1|2923|3441	QE0444-C.g508	73.473	524	110	11	1	519	1928	2427	0.0	705
PfKE01_070015300|ATS|1|2923|3441	PD0590-C.g627	73.473	524	110	11	1	519	1894	2393	0.0	705
PfKE01_070015300|ATS|1|2923|3441	PD0510-C.g444	73.473	524	110	11	1	519	1930	2429	0.0	705
PfKE01_070015400|NTS|1|1|66	PT0137-C.g806	98.485	66	1	0	1	66	1	66	3.40e-38	135
PfKE01_070015400|NTS|1|1|66	SenT077.11.g374	90.909	66	2	1	1	66	1	62	2.09e-32	119
PfKE01_070015400|NTS|1|1|66	PA0232-C.g873	63.636	66	23	1	1	66	1	65	2.33e-21	87.4
PfKE01_070015400|NTS|1|1|66	QG0202-C.g288	73.770	61	15	1	7	66	5	65	6.83e-21	85.9
PfKE01_070015400|NTS|1|1|66	PM0068-C.g183	76.364	55	9	1	1	55	1	51	1.53e-19	82.4
PfKE01_070015400|DBLa|1|67|496	PT0137-C.g806	98.140	430	8	0	1	430	67	496	0.0	887
PfKE01_070015400|DBLa|1|67|496	PT0137-C.g806	25.000	348	199	10	108	430	1064	1374	7.81e-15	79.3
PfKE01_070015400|DBLa|1|67|496	SenT077.11.g374	97.907	430	9	0	1	430	63	492	0.0	882
PfKE01_070015400|DBLa|1|67|496	SenT077.11.g374	25.348	359	197	10	112	430	1020	1347	8.57e-22	100
PfKE01_070015400|DBLa|1|67|496	QE0464-C.g493	75.399	439	91	8	1	430	69	499	0.0	657
PfKE01_070015400|DBLa|1|67|496	QE0464-C.g493	32.877	219	130	6	61	277	1729	1932	1.11e-29	124
PfKE01_070015400|DBLa|1|67|496	QE0464-C.g493	27.138	269	139	8	192	430	1094	1335	4.41e-18	89.7
PfKE01_070015400|DBLa|1|67|496	QE0464-C.g493	28.194	227	107	8	55	277	2108	2282	1.19e-15	82.0
PfKE01_070015400|DBLa|1|67|496	PV0035-C.g30	76.082	439	88	8	1	430	69	499	0.0	647
PfKE01_070015400|DBLa|1|67|496	PV0035-C.g30	30.412	194	111	7	241	430	1261	1434	4.09e-13	73.9
PfKE01_070015400|DBLa|1|67|496	PV0134-C.g57	68.337	439	121	9	1	430	59	488	0.0	578
PfKE01_070015400|DBLa|1|67|496	PV0134-C.g57	26.521	411	207	14	1	398	836	1164	3.38e-27	117
PfKE01_070015400|DBLa|1|67|496	PV0134-C.g57	25.472	318	165	10	108	378	1488	1780	6.52e-11	67.0
PfKE01_070015400|CIDRa|1|497|793	PT0137-C.g806	100.000	297	0	0	1	297	497	793	0.0	615
PfKE01_070015400|CIDRa|1|497|793	SenT040.11.g1106	100.000	297	0	0	1	297	59	355	0.0	615
PfKE01_070015400|CIDRa|1|497|793	SenT077.11.g374	100.000	297	0	0	1	297	493	789	0.0	615
PfKE01_070015400|CIDRa|1|497|793	QG0208-C.g960	76.589	299	52	3	1	297	492	774	3.00e-135	421
PfKE01_070015400|CIDRa|1|497|793	QG0186-C.g891	65.886	299	56	7	1	297	497	751	2.86e-116	369
PfKE01_070015400|DBLd|1|869|1367	PC0097-C.g63	75.530	519	81	8	1	499	862	1354	0.0	743
PfKE01_070015400|DBLd|1|869|1367	PC0097-C.g63	31.746	189	110	7	326	499	315	499	6.06e-15	80.5
PfKE01_070015400|DBLd|1|869|1367	PT0137-C.g806	62.016	516	154	16	1	499	884	1374	1.40e-180	553
PfKE01_070015400|DBLd|1|869|1367	PT0137-C.g806	26.394	269	149	7	252	499	256	496	4.87e-18	90.1
PfKE01_070015400|DBLd|1|869|1367	PC0097-C.g560	56.814	521	154	17	1	499	915	1386	5.74e-164	509
PfKE01_070015400|DBLd|1|869|1367	PC0097-C.g560	28.044	271	142	11	252	499	252	492	3.27e-18	90.9
PfKE01_070015400|DBLd|1|869|1367	PV0276-C.g59	51.607	529	204	17	1	499	882	1388	3.48e-154	483
PfKE01_070015400|DBLd|1|869|1367	PV0276-C.g59	29.744	195	113	6	327	499	322	514	4.90e-12	71.2
PfKE01_070015400|DBLd|1|869|1367	QG0275-C.g542	53.484	531	181	14	1	499	896	1392	1.64e-151	475
PfKE01_070015400|DBLd|1|869|1367	QG0275-C.g542	27.778	270	154	12	252	499	250	500	7.00e-15	80.5
PfKE01_070015400|CIDRb|1|1368|1619	PT0137-C.g806	100.000	252	0	0	1	252	1375	1626	7.11e-171	516
PfKE01_070015400|CIDRb|1|1368|1619	PC0097-C.g63	100.000	252	0	0	1	252	1355	1606	2.69e-170	514
PfKE01_070015400|CIDRb|1|1368|1619	PF0617-C.g870	73.200	250	63	2	1	248	1341	1588	8.91e-117	368
PfKE01_070015400|CIDRb|1|1368|1619	PA0205-C.g832	73.494	249	59	4	1	245	1388	1633	5.23e-113	358
PfKE01_070015400|CIDRb|1|1368|1619	PD0491-C.g194	72.093	258	64	5	1	250	2552	2809	7.37e-109	347
PfKE01_070015400|ATS|1|1735|2188	PA0245-C.g998	84.749	459	64	3	1	454	1706	2163	0.0	770
PfKE01_070015400|ATS|1|1735|2188	PA0270-C.g443	85.307	456	64	3	1	454	2185	2639	0.0	768
PfKE01_070015400|ATS|1|1735|2188	PV0211-C.g126	79.208	505	54	3	1	454	841	1345	0.0	760
PfKE01_070015400|ATS|1|1735|2188	PA0204-C.g659	83.932	473	57	5	1	454	1701	2173	0.0	735
PfKE01_070015400|ATS|1|1735|2188	PA0157-C.g190	81.878	458	75	6	1	454	2245	2698	0.0	724
PfKE01_070015700|NTS|1|1|57	PFKE01.g283	100.000	57	0	0	1	57	1	57	3.32e-31	114
PfKE01_070015700|NTS|1|1|57	PA0157-C.g208	87.719	57	7	0	1	57	1	57	2.23e-26	101
PfKE01_070015700|NTS|1|1|57	QE0454-C.g698	80.702	57	11	0	1	57	1	57	3.70e-24	94.7
PfKE01_070015700|NTS|1|1|57	PA0094-C.g172	80.702	57	11	0	1	57	1	57	7.13e-23	91.3
PfKE01_070015700|NTS|1|1|57	PA0016-C.g33	80.702	57	11	0	1	57	1	57	7.40e-23	91.3
PfKE01_070015700|DBLa|1|58|486	PFKE01.g283	100.000	429	0	0	1	429	58	486	0.0	896
PfKE01_070015700|DBLa|1|58|486	PFKE01.g283	25.806	341	182	12	117	429	1026	1323	3.22e-14	77.4
PfKE01_070015700|DBLa|1|58|486	PV0020-C.g36	68.664	434	118	7	11	429	67	497	0.0	596
PfKE01_070015700|DBLa|1|58|486	PV0020-C.g36	20.492	244	163	6	117	329	1021	1264	1.96e-08	59.3
PfKE01_070015700|DBLa|1|58|486	PC0097-C.g560	71.034	435	106	8	1	429	72	492	0.0	592
PfKE01_070015700|DBLa|1|58|486	PC0097-C.g560	23.889	180	105	3	181	329	1139	1317	4.85e-10	64.3
PfKE01_070015700|DBLa|1|58|486	PC0063-C.g1082	68.018	444	122	9	1	429	63	501	0.0	586
PfKE01_070015700|DBLa|1|58|486	PC0063-C.g1082	22.905	358	207	12	49	395	862	1161	9.35e-10	63.5
PfKE01_070015700|DBLa|1|58|486	PC0063-C.g1082	30.769	104	70	1	228	329	1704	1807	1.49e-08	59.7
PfKE01_070015700|DBLa|1|58|486	PM0062-C.g545	67.338	447	123	8	1	429	63	504	0.0	585
PfKE01_070015700|DBLa|1|58|486	PM0062-C.g545	24.451	364	185	12	116	429	1008	1331	3.37e-15	80.5
PfKE01_070015700|CIDRa|1|487|788	PFKE01.g283	100.000	302	0	0	1	302	487	788	0.0	625
PfKE01_070015700|CIDRa|1|487|788	PM0020-C.g1073	70.588	306	79	7	1	299	497	798	7.46e-126	397
PfKE01_070015700|CIDRa|1|487|788	PM0084-C.g279	63.665	322	88	7	1	300	506	820	4.83e-120	380
PfKE01_070015700|CIDRa|1|487|788	PD0626-C.g511	61.342	313	93	7	1	298	283	582	9.20e-113	352
PfKE01_070015700|CIDRa|1|487|788	PH0367-C.g4	61.342	313	93	7	1	298	491	790	1.73e-112	352
PfKE01_070015700|DBLd|1|876|1323	PFKE01.g283	100.000	448	0	0	1	448	876	1323	0.0	931
PfKE01_070015700|DBLd|1|876|1323	PFKE01.g283	25.806	341	182	12	151	448	174	486	8.04e-14	76.6
PfKE01_070015700|DBLd|1|876|1323	PT0299-Cx.g3288	52.000	500	182	12	1	448	912	1405	9.25e-145	455
PfKE01_070015700|DBLd|1|876|1323	PT0299-Cx.g3288	27.652	264	149	9	172	417	194	433	2.25e-11	68.9
PfKE01_070015700|DBLd|1|876|1323	PC0104-C.g681	54.923	457	164	16	1	448	866	1289	1.70e-139	439
PfKE01_070015700|DBLd|1|876|1323	PC0104-C.g681	28.488	344	177	16	151	448	185	505	6.43e-17	86.3
PfKE01_070015700|DBLd|1|876|1323	PM0076-C.g205	47.421	504	202	15	1	448	110	606	7.72e-138	422
PfKE01_070015700|DBLd|1|876|1323	QE0419-C.g798	51.860	484	182	14	1	448	792	1260	2.49e-137	433
PfKE01_070015700|DBLd|1|876|1323	QE0419-C.g798	30.159	315	164	13	111	415	148	416	1.16e-14	79.0
PfKE01_070015700|CIDRb|1|1324|1577	PFKE01.g283	100.000	254	0	0	1	254	1324	1577	9.79e-170	513
PfKE01_070015700|CIDRb|1|1324|1577	QG0228-C.g3196	88.235	255	29	1	1	254	1317	1571	1.49e-146	449
PfKE01_070015700|CIDRb|1|1324|1577	QG0276-C.g836	88.235	255	29	1	1	254	1317	1571	2.01e-146	449
PfKE01_070015700|CIDRb|1|1324|1577	SenT143.09.g1621	75.102	245	55	3	1	245	1353	1591	3.36e-102	327
PfKE01_070015700|CIDRb|1|1324|1577	PM0068-C.g68	68.504	254	74	3	1	254	2348	2595	1.78e-101	325
PfKE01_070015700|ATS|1|1702|2170	PF0092-C.g708	78.189	486	74	8	1	467	1720	2192	0.0	714
PfKE01_070015700|ATS|1|1702|2170	QE0454-C.g647	77.984	486	75	8	1	467	1716	2188	0.0	711
PfKE01_070015700|ATS|1|1702|2170	PF0489-C.g723	76.987	478	81	8	1	469	1717	2174	0.0	706
PfKE01_070015700|ATS|1|1702|2170	PC0113-C.g606	76.289	485	84	7	1	467	1758	2229	0.0	693
PfKE01_070015700|ATS|1|1702|2170	PV0118-C.g21	72.167	503	88	9	1	467	2115	2601	0.0	674
PfKE01_070015800|NTS|1|1|68	PC0097-C.g1275	100.000	68	0	0	1	68	1	68	6.76e-37	131
PfKE01_070015800|NTS|1|1|68	PA0149-C.g530	97.059	68	2	0	1	68	1	68	1.41e-35	127
PfKE01_070015800|NTS|1|1|68	QG0271-C.g1233	86.765	68	9	0	1	68	1	68	6.39e-31	114
PfKE01_070015800|NTS|1|1|68	QG0269-C.g793	86.765	68	9	0	1	68	1	68	6.39e-31	114
PfKE01_070015800|NTS|1|1|68	PM0090-C.g701	73.529	68	18	0	1	68	1	68	1.48e-25	99.4
PfKE01_070015800|DBLa|1|71|490	PC0097-C.g1275	100.000	420	0	0	1	420	71	490	0.0	884
PfKE01_070015800|DBLa|1|71|490	PC0097-C.g1275	29.381	194	110	6	228	420	1172	1339	4.53e-12	70.9
PfKE01_070015800|DBLa|1|71|490	PA0149-C.g530	100.000	420	0	0	1	420	71	490	0.0	882
PfKE01_070015800|DBLa|1|71|490	PA0149-C.g530	33.333	105	60	3	228	323	1136	1239	5.28e-08	57.8
PfKE01_070015800|DBLa|1|71|490	PT0035-C.g509	80.523	421	71	5	1	420	66	476	0.0	687
PfKE01_070015800|DBLa|1|71|490	PT0035-C.g509	30.612	196	114	4	227	420	1216	1391	1.23e-15	82.0
PfKE01_070015800|DBLa|1|71|490	PV0265-C.g19	77.962	422	80	3	1	420	74	484	0.0	660
PfKE01_070015800|DBLa|1|71|490	PV0265-C.g19	29.437	231	139	5	119	325	1007	1237	1.52e-21	100
PfKE01_070015800|DBLa|1|71|490	PF0159-C.g901	74.825	429	90	4	1	420	66	485	0.0	640
PfKE01_070015800|DBLa|1|71|490	PF0159-C.g901	30.894	123	77	5	202	322	1142	1258	8.08e-09	60.5
PfKE01_070015800|CIDRa|1|491|739	PA0149-C.g530	100.000	249	0	0	1	249	491	739	1.67e-173	521
PfKE01_070015800|CIDRa|1|491|739	PC0097-C.g1275	100.000	249	0	0	1	249	491	739	2.63e-173	522
PfKE01_070015800|CIDRa|1|491|739	PC0097-C.g1275	28.485	165	93	5	99	246	1440	1596	5.88e-08	55.5
PfKE01_070015800|CIDRa|1|491|739	PH0643-C.g68	84.337	249	39	0	1	249	476	724	1.23e-148	443
PfKE01_070015800|CIDRa|1|491|739	PF0424-C.g501	90.361	249	24	0	1	249	490	738	9.85e-145	445
PfKE01_070015800|CIDRa|1|491|739	PFKE10.g181	83.058	242	41	0	1	242	487	728	5.08e-141	425
PfKE01_070015800|DBLd|1|810|1339	PC0097-C.g1275	100.000	530	0	0	1	530	810	1339	0.0	1088
PfKE01_070015800|DBLd|1|810|1339	PC0097-C.g1275	29.381	194	110	6	363	530	298	490	1.85e-12	72.8
PfKE01_070015800|DBLd|1|810|1339	PM0093-C.g652	90.772	531	26	2	1	530	885	1393	0.0	982
PfKE01_070015800|DBLd|1|810|1339	PM0093-C.g652	35.000	100	54	3	364	457	298	392	7.83e-09	61.2
PfKE01_070015800|DBLd|1|810|1339	PT0080-C.g652	54.399	557	173	19	1	530	891	1393	5.45e-164	510
PfKE01_070015800|DBLd|1|810|1339	PT0080-C.g652	32.727	110	61	4	353	457	307	408	2.47e-07	56.2
PfKE01_070015800|DBLd|1|810|1339	PH0774-C.g574	51.706	557	218	18	1	530	853	1385	4.19e-153	481
PfKE01_070015800|DBLd|1|810|1339	PH0774-C.g574	31.351	185	108	10	364	530	309	492	7.37e-10	64.3
PfKE01_070015800|DBLd|1|810|1339	PH0769-C.g529	51.706	557	218	18	1	530	853	1385	4.19e-153	481
PfKE01_070015800|DBLd|1|810|1339	PH0769-C.g529	31.351	185	108	10	364	530	309	492	7.37e-10	64.3
PfKE01_070015800|CIDRb|1|1340|1590	PC0097-C.g1275	100.000	251	0	0	1	251	1340	1590	2.35e-173	522
PfKE01_070015800|CIDRb|1|1340|1590	PM0093-C.g652	100.000	251	0	0	1	251	1394	1644	8.74e-173	521
PfKE01_070015800|CIDRb|1|1340|1590	PM0129-C.g1750	86.957	253	27	3	2	251	1453	1702	1.06e-144	446
PfKE01_070015800|CIDRb|1|1340|1590	PA0158-C.g490	87.302	252	29	2	1	250	1953	2203	1.15e-144	449
PfKE01_070015800|CIDRb|1|1340|1590	PA0012-C.g555	87.302	252	29	2	1	250	2661	2911	2.01e-144	448
PfKE01_070015800|CIDRb|1|1340|1590	PA0012-C.g555	28.333	180	101	7	1	165	476	642	3.86e-07	53.1
PfKE01_070015800|ATS|1|1708|2159	PA0245-C.g998	83.224	459	69	4	1	452	1706	2163	0.0	752
PfKE01_070015800|ATS|1|1708|2159	PA0270-C.g443	83.991	456	68	4	1	452	2185	2639	0.0	745
PfKE01_070015800|ATS|1|1708|2159	PV0211-C.g126	79.447	506	49	6	1	452	841	1345	0.0	732
PfKE01_070015800|ATS|1|1708|2159	PV0147-C.g7	82.379	454	63	6	1	452	1761	2199	0.0	721
PfKE01_070015800|ATS|1|1708|2159	PV0028-C.g50	78.936	470	67	7	1	452	2600	3055	0.0	701
PfKE01_070016000|NTS|1|1|58	PT0034-C.g767	100.000	58	0	0	1	58	1	58	7.68e-34	122
PfKE01_070016000|NTS|1|1|58	PFKE07.g56	100.000	58	0	0	1	58	1	58	7.68e-34	122
PfKE01_070016000|NTS|1|1|58	PF0507-C.g703	100.000	58	0	0	1	58	1	58	1.55e-33	121
PfKE01_070016000|NTS|1|1|58	QE0418-C.g561	100.000	58	0	0	1	58	1	58	1.97e-33	121
PfKE01_070016000|NTS|1|1|58	PH0341-C.g549	100.000	58	0	0	1	58	1	58	2.03e-33	121
PfKE01_070016000|DBLa|1|64|497	PFKE01.g22	100.000	434	0	0	1	434	64	497	0.0	900
PfKE01_070016000|DBLa|1|64|497	PFKE01.g22	28.261	230	114	5	187	385	1119	1328	3.13e-16	84.0
PfKE01_070016000|DBLa|1|64|497	PC0097-C.g1155	100.000	434	0	0	1	434	64	497	0.0	900
PfKE01_070016000|DBLa|1|64|497	PC0097-C.g1155	28.261	230	114	5	187	385	1119	1328	3.13e-16	84.0
PfKE01_070016000|DBLa|1|64|497	PM0159-C.g787	92.857	434	6	2	1	434	64	472	0.0	822
PfKE01_070016000|DBLa|1|64|497	PM0159-C.g787	21.293	263	170	8	113	344	1030	1286	7.81e-09	60.5
PfKE01_070016000|DBLa|1|64|497	PF0330-C.g87	83.182	440	59	4	1	434	64	494	0.0	733
PfKE01_070016000|DBLa|1|64|497	SenT124.10.g784	83.409	440	58	4	1	434	64	494	0.0	733
PfKE01_070016000|CIDRa|1|498|813	PM0159-C.g787	100.000	316	0	0	1	316	473	788	0.0	650
PfKE01_070016000|CIDRa|1|498|813	PM0159-C.g787	44.776	67	36	1	154	220	1451	1516	4.09e-09	60.1
PfKE01_070016000|CIDRa|1|498|813	PFKE01.g22	100.000	316	0	0	1	316	498	813	0.0	649
PfKE01_070016000|CIDRa|1|498|813	PC0097-C.g1155	100.000	316	0	0	1	316	498	813	0.0	649
PfKE01_070016000|CIDRa|1|498|813	PV0023-C.g32	83.228	316	49	3	1	315	506	818	8.08e-155	481
PfKE01_070016000|CIDRa|1|498|813	PV0023-C.g32	33.628	113	72	3	151	263	1472	1581	2.43e-09	60.8
PfKE01_070016000|CIDRa|1|498|813	PM0093-C.g652	62.776	317	104	6	1	313	498	804	3.13e-117	373
PfKE01_070016000|DBLd|1|903|1358	PFKE01.g22	100.000	456	0	0	1	456	903	1358	0.0	941
PfKE01_070016000|DBLd|1|903|1358	PFKE01.g22	28.261	230	114	5	217	426	250	448	1.41e-16	85.1
PfKE01_070016000|DBLd|1|903|1358	PC0097-C.g1155	100.000	456	0	0	1	456	903	1358	0.0	941
PfKE01_070016000|DBLd|1|903|1358	PC0097-C.g1155	28.261	230	114	5	217	426	250	448	1.41e-16	85.1
PfKE01_070016000|DBLd|1|903|1358	PH0305-C.g479	62.156	473	122	11	1	456	333	765	2.54e-175	524
PfKE01_070016000|DBLd|1|903|1358	PH0305-C.g479	31.132	318	130	11	91	408	7	235	6.08e-33	134
PfKE01_070016000|DBLd|1|903|1358	PD0561-C.g263	62.579	473	120	12	1	456	1623	2055	3.04e-168	526
PfKE01_070016000|DBLd|1|903|1358	PD0561-C.g263	30.928	388	158	16	1	388	1233	1510	1.07e-36	146
PfKE01_070016000|DBLd|1|903|1358	PD0561-C.g263	26.875	320	173	10	164	456	187	472	1.72e-18	91.3
PfKE01_070016000|DBLd|1|903|1358	PD0561-C.g263	24.731	279	142	9	150	426	920	1132	6.01e-07	54.7
PfKE01_070016000|DBLd|1|903|1358	PV0256-C.g29	62.791	473	120	13	1	456	1614	2047	3.87e-168	525
PfKE01_070016000|DBLd|1|903|1358	PV0256-C.g29	29.208	404	170	13	1	400	1226	1517	6.62e-35	140
PfKE01_070016000|DBLd|1|903|1358	PV0256-C.g29	26.237	465	213	21	36	456	102	480	6.71e-16	83.2
PfKE01_070016000|CIDRb|1|1359|1622	PFKE01.g22	100.000	264	0	0	1	264	1359	1622	1.18e-178	537
PfKE01_070016000|CIDRb|1|1359|1622	PC0097-C.g1155	100.000	264	0	0	1	264	1359	1622	1.18e-178	537
PfKE01_070016000|CIDRb|1|1359|1622	PfKE04.g406	100.000	228	0	0	36	263	1	228	5.31e-149	462
PfKE01_070016000|CIDRb|1|1359|1622	PfKE04.g406	75.096	261	62	2	1	261	2983	3240	2.28e-120	380
PfKE01_070016000|CIDRb|1|1359|1622	PH0305-C.g479	79.923	259	49	3	1	259	766	1021	7.41e-131	400
PfKE01_070016000|CIDRb|1|1359|1622	PD0590-C.g531	79.923	259	49	3	1	259	2030	2285	1.53e-127	400
PfKE01_070016000|ATS|1|1740|2198	PFKE11.g671	75.100	498	83	4	1	459	2046	2541	0.0	734
PfKE01_070016000|ATS|1|1740|2198	PD0590-C.g548	78.556	471	75	6	1	453	2191	2653	0.0	727
PfKE01_070016000|ATS|1|1740|2198	PD0585-C.g522	78.556	471	75	6	1	453	2191	2653	0.0	727
PfKE01_070016000|ATS|1|1740|2198	PFKE07.g932	82.443	393	58	3	1	386	1791	2179	0.0	637
PfKE01_070016000|ATS|1|1740|2198	QE0455-C.g876	72.377	467	101	12	1	459	1660	2106	0.0	635
PfKE01_070035100|NTS|1|1|75	PFKE01.g198	100.000	75	0	0	1	75	1	75	1.69e-43	150
PfKE01_070035100|NTS|1|1|75	PM0159-C.g508	100.000	75	0	0	1	75	1	75	5.37e-43	149
PfKE01_070035100|NTS|1|1|75	PH0815-C.g82	93.506	77	3	1	1	75	1	77	4.41e-39	138
PfKE01_070035100|NTS|1|1|75	PM0093-C.g610	81.333	75	14	0	1	75	1	75	3.93e-33	121
PfKE01_070035100|NTS|1|1|75	PA0134-C.g171	77.333	75	16	1	1	75	1	74	3.72e-30	112
PfKE01_070035100|DBLa|1|76|469	PFKE01.g198	100.000	394	0	0	1	394	76	469	0.0	821
PfKE01_070035100|DBLa|1|76|469	PFKE01.g198	31.056	322	163	13	52	359	840	1116	6.69e-30	124
PfKE01_070035100|DBLa|1|76|469	PFKE01.g198	28.452	239	129	9	114	321	2256	2483	3.98e-19	92.4
PfKE01_070035100|DBLa|1|76|469	PFKE01.g198	26.280	293	156	9	46	312	1254	1512	5.12e-16	82.8
PfKE01_070035100|DBLa|1|76|469	PFKE01.g198	22.543	346	212	10	9	339	1608	1912	8.26e-12	69.7
PfKE01_070035100|DBLa|1|76|469	PM0159-C.g508	100.000	394	0	0	1	394	76	469	0.0	816
PfKE01_070035100|DBLa|1|76|469	PM0159-C.g508	32.847	274	131	11	55	317	837	1068	1.84e-28	120
PfKE01_070035100|DBLa|1|76|469	PH0815-C.g82	98.985	394	4	0	1	394	78	471	0.0	810
PfKE01_070035100|DBLa|1|76|469	PH0815-C.g82	31.975	319	161	14	8	317	797	1068	1.11e-30	126
PfKE01_070035100|DBLa|1|76|469	PA0074-C.g611	97.208	394	11	0	1	394	76	469	0.0	792
PfKE01_070035100|DBLa|1|76|469	PA0074-C.g611	32.099	324	165	13	55	363	837	1120	2.11e-29	123
PfKE01_070035100|DBLa|1|76|469	PA0074-C.g611	27.735	393	211	14	49	394	2040	2406	8.21e-27	115
PfKE01_070035100|DBLa|1|76|469	PA0074-C.g611	26.909	275	170	8	50	314	1649	1902	2.68e-16	83.6
PfKE01_070035100|DBLa|1|76|469	PA0074-C.g611	23.894	339	188	11	33	353	1249	1535	2.78e-13	74.3
PfKE01_070035100|DBLa|1|76|469	PF0609-C.g5285	97.208	394	11	0	1	394	76	469	0.0	792
PfKE01_070035100|DBLa|1|76|469	PF0609-C.g5285	32.484	314	164	11	55	351	2402	2684	1.22e-33	135
PfKE01_070035100|DBLa|1|76|469	PF0609-C.g5285	32.716	324	163	14	55	363	837	1120	6.06e-30	124
PfKE01_070035100|DBLa|1|76|469	PF0609-C.g5285	27.458	295	184	8	114	394	1719	1997	6.09e-24	106
PfKE01_070035100|DBLa|1|76|469	PF0609-C.g5285	24.286	280	151	8	50	314	1282	1515	5.82e-13	73.2
PfKE01_070035100|DBLa|1|76|469	PF0609-C.g5285	25.606	289	163	10	47	316	2784	3039	4.56e-12	70.5
PfKE01_070035100|CIDRa|1|470|719	PM0159-C.g508	100.000	250	0	0	1	250	470	719	8.89e-177	517
PfKE01_070035100|CIDRa|1|470|719	PH0815-C.g82	100.000	250	0	0	1	250	472	721	4.31e-174	519
PfKE01_070035100|CIDRa|1|470|719	PFKE01.g198	100.000	250	0	0	1	250	470	719	1.12e-168	518
PfKE01_070035100|CIDRa|1|470|719	PA0074-C.g611	100.000	250	0	0	1	250	470	719	1.90e-168	517
PfKE01_070035100|CIDRa|1|470|719	PA0074-C.g611	27.473	182	117	6	70	242	2476	2651	4.56e-08	55.8
PfKE01_070035100|CIDRa|1|470|719	PF0609-C.g5285	100.000	250	0	0	1	250	470	719	2.33e-168	517
PfKE01_070035100|DBLb|1|728|1205	PFKE01.g198	100.000	478	0	0	1	478	728	1205	0.0	1003
PfKE01_070035100|DBLb|1|728|1205	PFKE01.g198	29.814	322	167	12	113	389	127	434	1.67e-25	113
PfKE01_070035100|DBLb|1|728|1205	PFKE01.g198	24.012	329	176	13	65	349	1214	1512	2.11e-15	82.0
PfKE01_070035100|DBLb|1|728|1205	PFKE01.g198	25.540	278	154	10	102	352	1637	1888	3.23e-11	68.6
PfKE01_070035100|DBLb|1|728|1205	PC0070-C.g499	75.654	497	86	7	1	478	730	1210	0.0	742
PfKE01_070035100|DBLb|1|728|1205	PC0070-C.g499	26.683	401	197	11	106	472	1638	1975	7.91e-28	120
PfKE01_070035100|DBLb|1|728|1205	PC0070-C.g499	30.159	315	168	11	113	391	122	420	2.08e-26	115
PfKE01_070035100|DBLb|1|728|1205	PC0070-C.g499	27.007	274	154	10	110	352	1265	1523	3.96e-18	90.5
PfKE01_070035100|DBLb|1|728|1205	PFKE12.g2	77.178	482	93	7	1	478	731	1199	0.0	741
PfKE01_070035100|DBLb|1|728|1205	PFKE12.g2	43.424	479	205	18	18	478	1229	1659	2.72e-95	318
PfKE01_070035100|DBLb|1|728|1205	PFKE12.g2	29.710	276	154	8	113	352	122	393	1.12e-25	113
PfKE01_070035100|DBLb|1|728|1205	PA0053-C.g153	70.204	490	110	7	16	478	739	1219	0.0	686
PfKE01_070035100|DBLb|1|728|1205	PA0053-C.g153	32.103	271	146	8	113	353	128	390	2.86e-27	118
PfKE01_070035100|DBLb|1|728|1205	PA0053-C.g153	27.273	253	132	9	113	337	1276	1504	4.65e-16	84.0
PfKE01_070035100|DBLb|1|728|1205	PA0053-C.g153	25.468	267	120	10	113	337	1651	1880	7.93e-12	70.5
PfKE01_070035100|DBLb|1|728|1205	SenT097.09.g605	69.138	499	116	9	1	478	730	1211	0.0	674
PfKE01_070035100|DBLb|1|728|1205	SenT097.09.g605	30.159	315	168	11	113	391	123	421	1.74e-26	115
PfKE01_070035100|DBLb|1|728|1205	SenT097.09.g605	25.869	259	144	9	110	337	1265	1506	8.51e-13	73.6
PfKE01_070035100|DBLg|1|1216|1589	PFKE01.g198	100.000	374	0	0	1	374	1216	1589	0.0	774
PfKE01_070035100|DBLg|1|1216|1589	PFKE01.g198	38.081	344	166	12	11	340	1612	1922	7.92e-59	208
PfKE01_070035100|DBLg|1|1216|1589	PFKE01.g198	32.047	337	151	9	44	304	2147	2481	1.32e-43	164
PfKE01_070035100|DBLg|1|1216|1589	PFKE01.g198	23.929	280	151	8	45	301	840	1080	1.45e-15	80.9
PfKE01_070035100|DBLg|1|1216|1589	PFKE01.g198	26.102	295	164	9	39	302	121	392	3.39e-15	79.7
PfKE01_070035100|DBLg|1|1216|1589	PA0092-C.g644	94.681	376	18	1	1	374	1232	1607	0.0	709
PfKE01_070035100|DBLg|1|1216|1589	PA0092-C.g644	38.081	344	166	12	11	340	1630	1940	4.65e-59	209
PfKE01_070035100|DBLg|1|1216|1589	PA0092-C.g644	28.866	388	152	13	18	285	2154	2537	1.04e-35	141
PfKE01_070035100|DBLg|1|1216|1589	PA0092-C.g644	23.667	300	163	11	44	302	121	395	5.62e-12	70.1
PfKE01_070035100|DBLg|1|1216|1589	PA0092-C.g644	23.656	279	143	9	47	299	839	1073	3.65e-10	64.3
PfKE01_070035100|DBLg|1|1216|1589	SenT036.10.g1646	72.032	379	95	6	1	374	1248	1620	6.23e-174	535
PfKE01_070035100|DBLg|1|1216|1589	SenT036.10.g1646	39.628	376	182	10	18	374	1649	1998	5.84e-68	234
PfKE01_070035100|DBLg|1|1216|1589	SenT036.10.g1646	25.090	279	167	8	36	292	826	1084	1.30e-17	87.0
PfKE01_070035100|DBLg|1|1216|1589	SenT036.10.g1646	23.693	287	165	9	44	302	126	386	4.85e-14	76.3
PfKE01_070035100|DBLg|1|1216|1589	PT0258-Cx.g281	74.133	375	90	4	1	374	1233	1601	1.27e-173	533
PfKE01_070035100|DBLg|1|1216|1589	PT0258-Cx.g281	50.000	332	149	9	1	324	1615	1937	3.50e-91	301
PfKE01_070035100|DBLg|1|1216|1589	PT0258-Cx.g281	25.796	314	172	11	1	292	792	1066	1.07e-19	93.6
PfKE01_070035100|DBLg|1|1216|1589	PT0258-Cx.g281	24.671	304	162	11	39	302	116	392	3.23e-11	67.4
PfKE01_070035100|DBLg|1|1216|1589	PM0098-C.g528	72.032	379	95	6	1	374	629	1001	2.94e-173	536
PfKE01_070035100|DBLg|1|1216|1589	PM0098-C.g528	45.231	325	141	10	1	299	1015	1328	1.13e-69	239
PfKE01_070035100|DBLg|1|1216|1589	PM0098-C.g528	29.948	384	170	13	10	304	1616	1989	6.37e-34	135
PfKE01_070035100|DBLg|1|1216|1589	PM0098-C.g528	22.472	267	153	8	50	292	228	464	1.94e-09	62.0
PfKE01_070035100|DBLg|2|1604|1950	PA0092-C.g644	100.000	347	0	0	1	347	1622	1968	0.0	725
PfKE01_070035100|DBLg|2|1604|1950	PA0092-C.g644	37.572	346	167	11	9	319	1242	1573	2.34e-58	206
PfKE01_070035100|DBLg|2|1604|1950	PA0092-C.g644	27.688	372	123	13	40	270	2171	2537	5.45e-26	111
PfKE01_070035100|DBLg|2|1604|1950	PA0092-C.g644	25.882	340	195	11	16	322	808	1123	1.60e-12	71.2
PfKE01_070035100|DBLg|2|1604|1950	PA0092-C.g644	25.614	285	155	9	44	284	121	392	5.53e-10	63.5
PfKE01_070035100|DBLg|2|1604|1950	PFKE01.g198	100.000	347	0	0	1	347	1604	1950	0.0	724
PfKE01_070035100|DBLg|2|1604|1950	PFKE01.g198	37.318	343	170	11	9	319	1226	1555	3.86e-56	199
PfKE01_070035100|DBLg|2|1604|1950	PFKE01.g198	31.454	337	136	8	44	288	2147	2480	2.12e-37	145
PfKE01_070035100|DBLg|2|1604|1950	PFKE01.g198	26.182	275	156	9	34	285	829	1079	2.02e-13	73.9
PfKE01_070035100|DBLg|2|1604|1950	PFKE01.g198	22.951	305	184	8	42	309	124	414	7.74e-10	62.8
PfKE01_070035100|DBLg|2|1604|1950	PM0103-C.g910	99.712	347	1	0	1	347	1585	1931	0.0	721
PfKE01_070035100|DBLg|2|1604|1950	PM0103-C.g910	41.261	349	158	14	1	319	1205	1536	9.19e-65	224
PfKE01_070035100|DBLg|2|1604|1950	PM0103-C.g910	30.690	290	120	8	36	244	2181	2470	5.34e-28	117
PfKE01_070035100|DBLg|2|1604|1950	PM0103-C.g910	24.756	307	200	8	36	323	832	1126	3.09e-17	85.5
PfKE01_070035100|DBLg|2|1604|1950	PM0103-C.g910	22.648	287	161	9	44	287	126	394	1.78e-11	68.2
PfKE01_070035100|DBLg|2|1604|1950	PC0085-C.g278	64.835	364	95	8	1	347	692	1039	3.39e-151	456
PfKE01_070035100|DBLg|2|1604|1950	PC0085-C.g278	25.970	335	187	15	47	339	231	546	1.51e-13	74.3
PfKE01_070035100|DBLg|2|1604|1950	PT0101-C.g114	65.110	364	94	8	1	347	1231	1578	6.83e-146	457
PfKE01_070035100|DBLg|2|1604|1950	PT0101-C.g114	29.706	340	151	9	40	293	1789	2126	3.40e-34	135
PfKE01_070035100|DBLg|2|1604|1950	PT0101-C.g114	28.839	267	148	12	38	285	864	1107	3.55e-12	70.1
PfKE01_070035100|DBLg|2|1604|1950	PT0101-C.g114	24.242	330	188	12	5	284	82	399	1.21e-11	68.6
PfKE01_070035100|DBLd|1|2079|2553	PFKE01.g198	100.000	475	0	0	1	475	2079	2553	0.0	975
PfKE01_070035100|DBLd|1|2079|2553	PFKE01.g198	32.544	338	149	10	60	395	1251	1511	3.12e-42	163
PfKE01_070035100|DBLd|1|2079|2553	PFKE01.g198	31.437	334	136	7	71	402	1649	1891	5.56e-36	144
PfKE01_070035100|DBLd|1|2079|2553	PFKE01.g198	28.512	242	131	10	175	405	186	396	2.45e-19	94.4
PfKE01_070035100|DBLd|1|2079|2553	PfKE03.g469	78.759	532	51	8	1	475	2195	2721	0.0	813
PfKE01_070035100|DBLd|1|2079|2553	PfKE03.g469	32.432	407	170	15	1	406	1695	1997	5.09e-44	168
PfKE01_070035100|DBLd|1|2079|2553	PfKE03.g469	26.708	322	170	10	176	475	188	465	1.43e-19	94.7
PfKE01_070035100|DBLd|1|2079|2553	QE0475-C.g863	85.263	475	57	5	1	475	820	1281	0.0	813
PfKE01_070035100|DBLd|1|2079|2553	QE0475-C.g863	28.352	261	120	10	176	410	183	402	3.20e-17	87.4
PfKE01_070035100|DBLd|1|2079|2553	PA0015-C.g528	82.556	493	66	4	1	475	151	641	0.0	809
PfKE01_070035100|DBLd|1|2079|2553	PV0229-C.g20	81.339	493	69	4	1	475	2102	2589	0.0	795
PfKE01_070035100|DBLd|1|2079|2553	PV0229-C.g20	30.198	404	183	11	22	411	1229	1547	4.31e-41	159
PfKE01_070035100|DBLd|1|2079|2553	PV0229-C.g20	28.467	411	191	13	1	410	1610	1918	8.54e-33	135
PfKE01_070035100|DBLd|1|2079|2553	PV0229-C.g20	26.994	326	170	8	178	475	189	474	1.58e-21	100
PfKE01_070035100|CIDRb|1|2554|2799	PA0015-C.g528	100.000	246	0	0	1	246	642	887	1.36e-174	509
PfKE01_070035100|CIDRb|1|2554|2799	PV0251-C.g47	99.187	246	2	0	1	246	923	1168	6.39e-169	502
PfKE01_070035100|CIDRb|1|2554|2799	QE0475-C.g863	99.187	246	2	0	1	246	1282	1527	2.20e-165	498
PfKE01_070035100|CIDRb|1|2554|2799	PfKE03.g469	100.000	246	0	0	1	246	2722	2967	3.76e-164	505
PfKE01_070035100|CIDRb|1|2554|2799	PFKE01.g198	100.000	246	0	0	1	246	2554	2799	6.31e-164	504
PfKE01_070035100|ATS|1|2920|3347	PV0099-C.g17	80.974	431	75	5	1	428	2971	3397	0.0	693
PfKE01_070035100|ATS|1|2920|3347	PF0590-C.g183	82.051	429	63	6	1	428	2367	2782	0.0	689
PfKE01_070035100|ATS|1|2920|3347	PV0147-C.g27	80.233	430	79	4	1	428	2912	3337	0.0	689
PfKE01_070035100|ATS|1|2920|3347	PF0513-C.g5231	81.352	429	70	6	2	428	2389	2809	0.0	689
PfKE01_070035100|ATS|1|2920|3347	PV0239-C.g11	80.046	431	79	5	1	428	3329	3755	0.0	688
PfKE01_070035300|NTS|1|1|63	PFKE01.g7	100.000	63	0	0	1	63	1	63	6.49e-36	128
PfKE01_070035300|NTS|1|1|63	PT0258-Cx.g163	92.000	50	4	0	14	63	19	68	2.36e-24	95.9
PfKE01_070035300|NTS|1|1|63	PA0050-C.g177	68.254	63	13	1	7	62	10	72	3.19e-19	81.3
PfKE01_070035300|NTS|1|1|63	PA0094-C.g143	68.254	63	13	1	7	62	10	72	3.62e-19	80.9
PfKE01_070035300|NTS|1|1|63	PF0400-C.g389	71.186	59	15	1	7	63	5	63	3.87e-19	80.9
PfKE01_070035300|DBLa|1|64|494	PFKE01.g7	100.000	431	0	0	1	431	64	494	0.0	905
PfKE01_070035300|DBLa|1|64|494	PFKE01.g7	28.866	388	181	17	35	387	843	1170	4.81e-29	122
PfKE01_070035300|DBLa|1|64|494	PFKE01.g7	27.309	249	134	8	123	338	1582	1816	2.72e-11	68.6
PfKE01_070035300|DBLa|1|64|494	PA0050-C.g177	92.379	433	28	2	1	431	74	503	0.0	820
PfKE01_070035300|DBLa|1|64|494	PA0050-C.g177	33.186	226	121	7	57	273	898	1102	1.77e-24	109
PfKE01_070035300|DBLa|1|64|494	PA0050-C.g177	25.362	276	153	7	108	337	1864	2132	8.96e-14	76.3
PfKE01_070035300|DBLa|1|64|494	PA0094-C.g143	92.379	433	28	2	1	431	74	503	0.0	818
PfKE01_070035300|DBLa|1|64|494	PA0094-C.g143	33.186	226	121	7	57	273	898	1102	1.98e-24	108
PfKE01_070035300|DBLa|1|64|494	PA0094-C.g143	25.362	276	153	7	108	337	1864	2132	1.09e-13	75.9
PfKE01_070035300|DBLa|1|64|494	PA0172-C.g546	70.227	440	112	8	1	431	78	507	0.0	598
PfKE01_070035300|DBLa|1|64|494	PA0172-C.g546	34.545	275	126	11	10	273	860	1091	2.24e-28	120
PfKE01_070035300|DBLa|1|64|494	PA0172-C.g546	30.275	109	68	3	238	339	1773	1880	1.00e-07	57.0
PfKE01_070035300|DBLa|1|64|494	SenT232.08.g149	69.042	449	109	10	1	431	60	496	0.0	593
PfKE01_070035300|DBLa|1|64|494	SenT232.08.g149	34.859	284	131	9	57	334	878	1113	3.84e-34	138
PfKE01_070035300|DBLa|1|64|494	SenT232.08.g149	22.944	231	125	8	189	382	1553	1767	5.36e-09	61.2
PfKE01_070035300|CIDRa|1|495|752	PFKE01.g7	100.000	258	0	0	1	258	495	752	9.02e-180	547
PfKE01_070035300|CIDRa|1|495|752	PA0094-C.g143	97.674	258	6	0	1	258	504	761	4.50e-172	526
PfKE01_070035300|CIDRa|1|495|752	PA0050-C.g177	97.674	258	6	0	1	258	504	761	4.75e-172	527
PfKE01_070035300|CIDRa|1|495|752	QG0277-C.g831	91.406	256	22	0	1	256	242	497	1.23e-143	444
PfKE01_070035300|CIDRa|1|495|752	PA0089-C.g160	91.406	256	22	0	1	256	516	771	4.67e-143	444
PfKE01_070035300|DBLb|1|759|1239	PA0251-C.g300	100.000	481	0	0	1	481	3	483	0.0	1002
PfKE01_070035300|DBLb|1|759|1239	SenT097.09.g125	100.000	481	0	0	1	481	789	1269	0.0	1000
PfKE01_070035300|DBLb|1|759|1239	SenT097.09.g125	28.479	309	160	10	124	389	132	422	2.28e-27	119
PfKE01_070035300|DBLb|1|759|1239	PFKE01.g7	100.000	481	0	0	1	481	759	1239	0.0	1000
PfKE01_070035300|DBLb|1|759|1239	PFKE01.g7	28.169	426	222	17	53	412	43	450	8.67e-29	123
PfKE01_070035300|DBLb|1|759|1239	QG0290-C.g298	100.000	481	0	0	1	481	781	1261	0.0	998
PfKE01_070035300|DBLb|1|759|1239	QG0290-C.g298	31.698	265	131	9	121	382	2225	2442	2.97e-27	118
PfKE01_070035300|DBLb|1|759|1239	QG0290-C.g298	27.110	391	203	15	53	389	52	414	1.39e-26	116
PfKE01_070035300|DBLb|1|759|1239	PC0085-C.g1025	74.380	484	110	6	1	481	788	1260	0.0	714
PfKE01_070035300|DBLb|1|759|1239	PC0085-C.g1025	28.878	419	214	19	14	374	9	401	5.61e-29	123
PfKE01_070035300|DBLd|1|1378|1876	PFKE01.g7	100.000	499	0	0	1	499	1378	1876	0.0	1031
PfKE01_070035300|DBLd|1|1378|1876	PFKE01.g7	30.645	186	92	6	258	439	249	401	5.06e-14	77.8
PfKE01_070035300|DBLd|1|1378|1876	PF0818-C.g682	56.311	515	133	12	1	499	2131	2569	9.96e-154	487
PfKE01_070035300|DBLd|1|1378|1876	PF0818-C.g682	28.415	366	133	11	70	435	1282	1518	4.69e-32	133
PfKE01_070035300|DBLd|1|1378|1876	PF0818-C.g682	27.053	414	169	14	75	470	1642	1940	1.48e-30	129
PfKE01_070035300|DBLd|1|1378|1876	PF0818-C.g682	28.352	261	133	10	258	499	242	467	1.02e-19	95.5
PfKE01_070035300|DBLd|1|1378|1876	PF0288-C.g62	56.046	521	167	15	1	499	2196	2676	6.49e-151	479
PfKE01_070035300|DBLd|1|1378|1876	PF0288-C.g62	30.847	496	202	18	1	470	1625	2005	2.90e-45	172
PfKE01_070035300|DBLd|1|1378|1876	PF0288-C.g62	29.438	445	168	17	1	438	1241	1546	2.73e-38	152
PfKE01_070035300|DBLd|1|1378|1876	PF0288-C.g62	27.413	259	138	10	258	499	252	477	1.10e-13	76.6
PfKE01_070035300|DBLd|1|1378|1876	PF0288-C.g62	27.757	263	116	10	200	450	912	1112	8.14e-09	60.8
PfKE01_070035300|DBLd|1|1378|1876	QG0260-C.g212	56.140	513	144	13	1	499	1809	2254	1.08e-149	475
PfKE01_070035300|DBLd|1|1378|1876	QG0260-C.g212	31.220	410	185	12	68	477	1321	1633	1.48e-43	167
PfKE01_070035300|DBLd|1|1378|1876	QG0260-C.g212	24.390	369	205	12	162	499	218	543	2.52e-19	94.4
PfKE01_070035300|DBLd|1|1378|1876	QG0260-C.g212	23.488	281	134	10	200	469	979	1189	4.26e-08	58.5
PfKE01_070035300|DBLd|1|1378|1876	PV0155-C.g7	54.314	510	183	15	1	499	696	1166	1.24e-149	467
PfKE01_070035300|DBLd|1|1378|1876	PV0155-C.g7	30.311	386	149	15	75	446	211	490	1.23e-34	140
PfKE01_070035300|CIDRb|1|1877|2137	PFKE01.g7	100.000	261	0	0	1	261	1877	2137	1.42e-174	533
PfKE01_070035300|CIDRb|1|1877|2137	PFKE06.g15	74.809	262	60	4	1	256	1387	1648	6.32e-113	358
PfKE01_070035300|CIDRb|1|1877|2137	PC0063-C.g7997	74.809	262	60	4	1	256	1313	1574	7.71e-113	358
PfKE01_070035300|CIDRb|1|1877|2137	PC0063-C.g7997	28.571	189	113	7	73	253	540	714	1.85e-07	54.3
PfKE01_070035300|CIDRb|1|1877|2137	QG0260-C.g212	66.537	257	80	2	1	251	2255	2511	2.95e-103	331
PfKE01_070035300|CIDRb|1|1877|2137	QG0260-C.g212	26.378	254	173	6	5	254	548	791	8.44e-09	58.5
PfKE01_070035300|CIDRb|1|1877|2137	PF0035-C.g488	69.549	266	73	5	1	261	1397	1659	2.60e-100	322
PfKE01_070035300|ATS|1|2257|2733	PV0028-C.g43	76.778	478	69	4	1	477	1843	2279	0.0	723
PfKE01_070035300|ATS|1|2257|2733	PC0053-C.g243	76.250	480	90	7	1	477	2111	2569	0.0	694
PfKE01_070035300|ATS|1|2257|2733	PV0229-C.g26	76.605	483	87	9	1	477	1803	2265	0.0	691
PfKE01_070035300|ATS|1|2257|2733	PV0028-C.g31	75.732	478	93	9	1	477	1737	2192	0.0	686
PfKE01_070035300|ATS|1|2257|2733	PFKE07.g667	72.727	484	89	5	2	477	2366	2814	0.0	685
PfKE01_080005400|NTS|1|1|64	PD0513-C.g86	100.000	64	0	0	1	64	1	64	9.87e-38	134
PfKE01_080005400|NTS|1|1|64	PT0184-C.g348	100.000	64	0	0	1	64	1	64	1.13e-37	133
PfKE01_080005400|NTS|1|1|64	PD0548-C.g696	100.000	64	0	0	1	64	1	64	1.14e-37	133
PfKE01_080005400|NTS|1|1|64	PH0367-C.g436	100.000	64	0	0	1	64	1	64	1.29e-37	133
PfKE01_080005400|NTS|1|1|64	PD0640-C.g361	100.000	64	0	0	1	64	1	64	1.34e-37	133
PfKE01_080005400|DBLa|1|65|491	PFKE01.g228	100.000	427	0	0	1	427	65	491	0.0	901
PfKE01_080005400|DBLa|1|65|491	PFKE01.g228	29.217	332	169	12	137	427	1125	1431	3.93e-27	117
PfKE01_080005400|DBLa|1|65|491	PV0133-C.g13	93.007	429	24	3	1	427	65	489	0.0	797
PfKE01_080005400|DBLa|1|65|491	PV0133-C.g13	28.669	293	167	10	53	342	1755	2008	9.28e-26	112
PfKE01_080005400|DBLa|1|65|491	PV0133-C.g13	33.838	198	116	5	237	427	1201	1390	1.12e-16	85.1
PfKE01_080005400|DBLa|1|65|491	PV0133-C.g13	24.268	239	127	7	41	279	2130	2314	3.66e-11	68.2
PfKE01_080005400|DBLa|1|65|491	PD0548-C.g696	92.541	429	26	3	1	427	65	489	0.0	797
PfKE01_080005400|DBLa|1|65|491	PD0548-C.g696	31.016	187	108	4	247	427	1223	1394	1.42e-16	84.7
PfKE01_080005400|DBLa|1|65|491	PD0640-C.g361	92.541	429	26	3	1	427	65	489	0.0	796
PfKE01_080005400|DBLa|1|65|491	PD0640-C.g361	31.016	187	108	4	247	427	1117	1288	1.73e-16	84.7
PfKE01_080005400|DBLa|1|65|491	PD0561-C.g653	92.541	429	26	3	1	427	65	489	0.0	796
PfKE01_080005400|DBLa|1|65|491	PD0561-C.g653	31.016	187	108	4	247	427	1117	1288	1.62e-16	84.7
PfKE01_080005400|CIDRa|1|492|743	PFKE01.g228	100.000	252	0	0	1	252	492	743	3.68e-173	523
PfKE01_080005400|CIDRa|1|492|743	PD0513-C.g86	81.349	252	46	1	1	252	490	740	7.36e-132	398
PfKE01_080005400|CIDRa|1|492|743	PD0640-C.g361	81.349	252	46	1	1	252	490	740	1.98e-127	397
PfKE01_080005400|CIDRa|1|492|743	PD0561-C.g653	81.349	252	46	1	1	252	490	740	2.26e-127	397
PfKE01_080005400|CIDRa|1|492|743	PH0367-C.g436	81.349	252	46	1	1	252	490	740	2.55e-127	397
PfKE01_080005400|DBLd|1|834|1431	PFKE01.g228	100.000	598	0	0	1	598	834	1431	0.0	1241
PfKE01_080005400|DBLd|1|834|1431	PFKE01.g228	29.217	332	169	12	292	598	201	491	5.51e-24	110
PfKE01_080005400|DBLd|1|834|1431	SenT231.08.g350	48.382	618	230	22	1	598	507	1055	2.33e-163	505
PfKE01_080005400|DBLd|1|834|1431	PT0303-Cx.g1937	47.484	636	243	18	1	598	950	1532	1.90e-159	503
PfKE01_080005400|DBLd|1|834|1431	PT0303-Cx.g1937	25.566	309	149	11	329	598	249	515	7.28e-18	90.5
PfKE01_080005400|DBLd|1|834|1431	PA0018-C.g539	47.455	609	243	16	1	598	74	616	2.50e-159	484
PfKE01_080005400|DBLd|1|834|1431	PA0104-C.g489	47.840	625	189	23	1	598	325	839	1.61e-154	477
PfKE01_080005400|CIDRg|1|1432|1692	PFKE01.g228	100.000	261	0	0	1	261	1432	1692	5.79e-179	539
PfKE01_080005400|CIDRg|1|1432|1692	PV0147-C.g22	71.111	270	61	5	1	261	1394	1655	1.14e-116	369
PfKE01_080005400|CIDRg|1|1432|1692	PV0089-C.g10	71.111	270	61	5	1	261	1394	1655	1.14e-116	369
PfKE01_080005400|CIDRg|1|1432|1692	PV0082-C.g47	69.630	270	65	4	1	261	1796	2057	9.05e-116	367
PfKE01_080005400|CIDRg|1|1432|1692	PT0102-C.g802	70.943	265	64	4	1	261	1425	1680	8.09e-115	363
PfKE01_080005400|ATS|1|1790|2251	PC0097-C.g664	82.128	470	54	8	1	462	2364	2811	0.0	733
PfKE01_080005400|ATS|1|1790|2251	PA0245-C.g391	80.860	465	57	10	1	462	2512	2947	0.0	704
PfKE01_080005400|ATS|1|1790|2251	PV0211-C.g136	80.687	466	60	12	2	462	837	1277	0.0	679
PfKE01_080005400|ATS|1|1790|2251	QE0436-C.g591	76.316	494	81	10	1	462	1702	2191	0.0	671
PfKE01_080005400|ATS|1|1790|2251	PV0028-C.g50	77.197	478	71	10	1	462	2600	3055	0.0	671
PfKE01_080005600|NTS|1|1|71	PD0565-C.g148	100.000	71	0	0	1	71	1	71	2.52e-43	150
PfKE01_080005600|NTS|1|1|71	PD0511-C.g363	100.000	71	0	0	1	71	1	71	2.52e-43	150
PfKE01_080005600|NTS|1|1|71	PFKE01.g197	100.000	71	0	0	1	71	1	71	2.57e-43	150
PfKE01_080005600|NTS|1|1|71	PD0550-C.g318	100.000	71	0	0	1	71	1	71	2.70e-43	150
PfKE01_080005600|NTS|1|1|71	PC0054-C.g83	100.000	71	0	0	1	71	1	71	2.88e-43	150
PfKE01_080005600|DBLa|1|72|467	PFKE01.g197	100.000	396	0	0	1	396	72	467	0.0	827
PfKE01_080005600|DBLa|1|72|467	PFKE01.g197	32.566	304	141	10	52	338	867	1123	1.63e-34	138
PfKE01_080005600|DBLa|1|72|467	PFKE01.g197	24.566	346	179	11	115	396	1829	2156	2.90e-22	101
PfKE01_080005600|DBLa|1|72|467	PFKE01.g197	24.312	218	123	6	52	252	1368	1560	3.69e-08	58.2
PfKE01_080005600|DBLa|1|72|467	PA0140-C.g875	91.919	396	17	2	1	396	72	452	0.0	727
PfKE01_080005600|DBLa|1|72|467	PA0140-C.g875	27.431	288	152	8	55	328	857	1101	5.80e-24	106
PfKE01_080005600|DBLa|1|72|467	PA0140-C.g875	26.271	236	131	9	52	266	1363	1576	5.21e-12	70.1
PfKE01_080005600|DBLa|1|72|467	PA0267-C.g609	84.596	396	46	1	1	396	72	452	0.0	668
PfKE01_080005600|DBLa|1|72|467	PA0267-C.g609	33.904	292	140	10	58	342	849	1094	1.64e-34	138
PfKE01_080005600|DBLa|1|72|467	PA0267-C.g609	28.436	211	124	5	203	396	2057	2257	7.99e-16	82.0
PfKE01_080005600|DBLa|1|72|467	PA0267-C.g609	23.056	373	197	11	38	377	1322	1637	9.20e-14	75.9
PfKE01_080005600|DBLa|1|72|467	PM0063-C.g614	80.303	396	78	0	1	396	72	467	0.0	664
PfKE01_080005600|DBLa|1|72|467	PM0063-C.g614	32.400	250	156	3	159	396	1826	2074	2.24e-33	134
PfKE01_080005600|DBLa|1|72|467	PM0063-C.g614	32.353	340	157	16	18	343	2451	2731	6.52e-33	133
PfKE01_080005600|DBLa|1|72|467	PM0063-C.g614	32.000	300	147	10	55	339	857	1114	3.72e-32	131
PfKE01_080005600|DBLa|1|72|467	PM0063-C.g614	26.571	350	188	13	26	352	1324	1627	1.91e-15	80.9
PfKE01_080005600|DBLa|1|72|467	PM0063-C.g614	24.315	292	167	11	52	326	2861	3115	3.08e-11	67.8
PfKE01_080005600|DBLa|1|72|467	PT0262-C.g808	78.894	398	82	2	1	396	72	469	0.0	646
PfKE01_080005600|DBLa|1|72|467	PT0262-C.g808	33.660	306	148	12	55	343	859	1126	7.71e-33	133
PfKE01_080005600|DBLa|1|72|467	PT0262-C.g808	26.781	407	244	12	24	396	1676	2062	9.03e-31	127
PfKE01_080005600|DBLa|1|72|467	PT0262-C.g808	30.154	325	160	11	18	326	2437	2710	1.57e-30	126
PfKE01_080005600|DBLa|1|72|467	PT0262-C.g808	22.360	322	179	13	29	329	1322	1593	3.52e-11	67.8
PfKE01_080005600|CIDRb|1|468|723	PA0140-C.g875	100.000	256	0	0	1	256	453	708	6.78e-172	516
PfKE01_080005600|CIDRb|1|468|723	PM0037-C.g999	100.000	256	0	0	1	256	458	713	2.50e-169	520
PfKE01_080005600|CIDRb|1|468|723	PM0037-C.g999	31.674	221	134	6	36	243	2380	2596	1.83e-20	92.8
PfKE01_080005600|CIDRb|1|468|723	PFKE01.g197	100.000	256	0	0	1	256	468	723	1.23e-168	518
PfKE01_080005600|CIDRb|1|468|723	PFKE01.g197	42.339	248	136	5	1	247	2157	2398	5.04e-54	189
PfKE01_080005600|CIDRb|1|468|723	PA0067-C.g28	94.531	256	14	0	1	256	92	347	2.23e-164	482
PfKE01_080005600|CIDRb|1|468|723	SenT097.09.g203	94.531	256	14	0	1	256	534	789	9.67e-162	482
PfKE01_080005600|DBLb|1|754|1209	PFKE01.g197	100.000	456	0	0	1	456	754	1209	0.0	955
PfKE01_080005600|DBLb|1|754|1209	PFKE01.g197	29.524	420	202	16	15	370	20	409	1.24e-34	140
PfKE01_080005600|DBLb|1|754|1209	PM0077-C.g2567	64.147	463	145	8	1	456	753	1201	0.0	573
PfKE01_080005600|DBLb|1|754|1209	PM0077-C.g2567	29.648	398	217	13	7	358	5	385	1.29e-38	152
PfKE01_080005600|DBLb|1|754|1209	PM0077-C.g2567	24.038	312	179	12	108	383	1257	1546	1.29e-13	75.9
PfKE01_080005600|DBLb|1|754|1209	PFKE07.g118	64.147	463	145	8	1	456	753	1201	0.0	573
PfKE01_080005600|DBLb|1|754|1209	PFKE07.g118	29.648	398	217	13	7	358	5	385	1.53e-38	151
PfKE01_080005600|DBLb|1|754|1209	PFKE07.g118	24.038	312	179	12	108	383	1257	1546	1.33e-13	75.9
PfKE01_080005600|DBLb|1|754|1209	PF0513-C.g2871	64.147	463	145	8	1	456	753	1201	0.0	573
PfKE01_080005600|DBLb|1|754|1209	PF0513-C.g2871	29.648	398	217	13	7	358	5	385	1.81e-38	151
PfKE01_080005600|DBLb|1|754|1209	PF0513-C.g2871	24.038	312	179	12	108	383	1257	1546	1.48e-13	75.9
PfKE01_080005600|DBLb|1|754|1209	QE0476-C.g529	64.147	463	145	8	1	456	872	1320	0.0	573
PfKE01_080005600|DBLb|1|754|1209	QE0476-C.g529	30.194	361	189	15	19	332	29	373	2.75e-29	124
PfKE01_080005600|DBLb|1|754|1209	QE0476-C.g529	25.806	217	106	8	189	364	1479	1681	1.29e-11	69.7
PfKE01_080005600|DBLg|1|1325|1678	PFKE01.g197	100.000	354	0	0	1	354	1325	1678	0.0	727
PfKE01_080005600|DBLg|1|1325|1678	PFKE01.g197	28.431	408	177	15	1	297	1686	2089	1.27e-33	134
PfKE01_080005600|DBLg|1|1325|1678	PFKE01.g197	24.252	301	176	9	33	309	856	1128	1.03e-12	72.0
PfKE01_080005600|DBLg|1|1325|1678	PFKE01.g197	23.904	251	149	6	44	269	123	356	3.13e-10	64.3
PfKE01_080005600|DBLg|1|1325|1678	PF0725-C.g94	78.212	358	73	4	1	354	920	1276	0.0	570
PfKE01_080005600|DBLg|1|1325|1678	PF0725-C.g94	35.440	364	155	16	1	294	1281	1634	6.25e-42	158
PfKE01_080005600|DBLg|1|1325|1678	PF0725-C.g94	27.333	300	157	12	47	316	2106	2374	3.90e-17	85.5
PfKE01_080005600|DBLg|1|1325|1678	PF0725-C.g94	26.117	291	155	11	45	294	129	400	9.61e-12	68.9
PfKE01_080005600|DBLg|1|1325|1678	SenT040.11.g220	75.910	357	83	3	1	354	892	1248	0.0	559
PfKE01_080005600|DBLg|1|1325|1678	SenT040.11.g220	35.817	349	164	14	1	296	1253	1594	2.62e-45	168
PfKE01_080005600|DBLg|1|1325|1678	SenT040.11.g220	23.875	289	161	10	44	294	127	394	5.79e-12	69.7
PfKE01_080005600|DBLg|1|1325|1678	QG0201-C.g131	75.487	359	83	4	1	354	857	1215	6.07e-177	546
PfKE01_080005600|DBLg|1|1325|1678	QG0201-C.g131	34.006	347	170	12	1	296	1220	1558	5.75e-44	164
PfKE01_080005600|DBLg|1|1325|1678	QG0201-C.g131	25.828	302	169	8	42	316	2016	2289	7.96e-14	75.5
PfKE01_080005600|DBLg|1|1325|1678	QG0201-C.g131	27.645	293	147	12	45	294	131	401	9.03e-14	75.1
PfKE01_080005600|DBLg|1|1325|1678	PC0005-Cx.g575	60.000	360	132	6	1	354	1576	1929	7.98e-139	437
PfKE01_080005600|DBLg|1|1325|1678	PC0005-Cx.g575	41.918	365	190	9	1	354	1206	1559	2.88e-78	263
PfKE01_080005600|DBLg|1|1325|1678	PC0005-Cx.g575	33.333	366	186	9	1	322	1934	2285	8.80e-47	172
PfKE01_080005600|DBLg|1|1325|1678	PC0005-Cx.g575	26.479	355	196	15	15	354	3018	3322	2.79e-21	97.8
PfKE01_080005600|DBLg|1|1325|1678	PC0005-Cx.g575	25.341	367	209	14	20	354	2639	2972	7.09e-20	93.6
PfKE01_080005600|DBLg|1|1325|1678	PC0005-Cx.g575	25.965	285	155	10	44	294	122	384	3.45e-14	76.6
PfKE01_080005600|DBLg|1|1325|1678	PC0005-Cx.g575	24.188	277	164	9	38	291	848	1101	1.64e-10	65.1
PfKE01_080005600|DBLd|1|1686|2156	PFKE01.g197	100.000	471	0	0	1	471	1686	2156	0.0	971
PfKE01_080005600|DBLd|1|1686|2156	PFKE01.g197	28.267	329	138	11	1	325	1325	1559	2.03e-25	112
PfKE01_080005600|DBLd|1|1686|2156	PFKE01.g197	24.277	346	180	11	144	471	186	467	5.84e-19	92.8
PfKE01_080005600|DBLd|1|1686|2156	PD0526-C.g226	61.134	494	152	12	1	471	824	1300	3.33e-176	549
PfKE01_080005600|DBLd|1|1686|2156	PD0526-C.g226	23.348	454	237	16	47	471	102	473	1.22e-16	85.5
PfKE01_080005600|DBLd|1|1686|2156	PD0524-C.g459	61.134	494	152	12	1	471	824	1300	3.33e-176	549
PfKE01_080005600|DBLd|1|1686|2156	PD0524-C.g459	23.348	454	237	16	47	471	102	473	1.22e-16	85.5
PfKE01_080005600|DBLd|1|1686|2156	PD0519-C.g569	61.134	494	152	12	1	471	824	1300	3.33e-176	549
PfKE01_080005600|DBLd|1|1686|2156	PD0519-C.g569	23.348	454	237	16	47	471	102	473	1.22e-16	85.5
PfKE01_080005600|DBLd|1|1686|2156	PD0515-C.g353	61.134	494	152	12	1	471	824	1300	3.33e-176	549
PfKE01_080005600|DBLd|1|1686|2156	PD0515-C.g353	23.348	454	237	16	47	471	102	473	1.22e-16	85.5
PfKE01_080005600|CIDRb|2|2157|2408	PFKE01.g197	100.000	252	0	0	1	252	2157	2408	8.71e-170	521
PfKE01_080005600|CIDRb|2|2157|2408	PFKE01.g197	42.339	248	136	5	1	242	468	714	1.57e-53	188
PfKE01_080005600|CIDRb|2|2157|2408	PA0209-C.g599	79.377	257	46	3	1	252	2106	2360	6.41e-130	407
PfKE01_080005600|CIDRb|2|2157|2408	QG0297-C.g2923	79.845	258	44	4	1	252	1377	1632	2.97e-127	397
PfKE01_080005600|CIDRb|2|2157|2408	PH0872-C.g44	77.821	257	51	5	1	252	664	919	3.49e-122	374
PfKE01_080005600|CIDRb|2|2157|2408	PV0251-C.g70	77.821	257	51	5	1	252	598	853	1.51e-121	371
PfKE01_080005600|ATS|1|2560|2990	PFKE01.g6	83.796	432	62	3	1	431	2709	3133	0.0	727
PfKE01_080005600|ATS|1|2560|2990	QE0448-C.g49	82.910	433	66	4	1	431	2723	3149	0.0	715
PfKE01_080005600|ATS|1|2560|2990	PfKE04.g1	81.755	433	71	4	1	431	3373	3799	0.0	705
PfKE01_080005600|ATS|1|2560|2990	PC0085-C.g1320	81.671	431	71	3	2	431	2061	2484	0.0	703
PfKE01_080005600|ATS|1|2560|2990	PC0104-C.g272	81.963	438	68	3	2	431	2969	3403	0.0	700
PfKE01_080014300|NTS|1|1|59	PV0204-C.g36	100.000	59	0	0	1	59	1	59	4.70e-34	123
PfKE01_080014300|NTS|1|1|59	PV0112-C.g77	100.000	59	0	0	1	59	1	59	8.84e-34	122
PfKE01_080014300|NTS|1|1|59	PV0142-C.g1	100.000	59	0	0	1	59	1	59	1.96e-33	121
PfKE01_080014300|NTS|1|1|59	PV0138-C.g6	100.000	59	0	0	1	59	1	59	1.96e-33	121
PfKE01_080014300|NTS|1|1|59	PD0667-C.g1196	100.000	59	0	0	1	59	1	59	1.96e-33	121
PfKE01_080014300|DBLa|1|60|459	QG0190-C.g192	100.000	400	0	0	1	400	60	459	0.0	837
PfKE01_080014300|DBLa|1|60|459	QG0190-C.g192	38.767	227	104	11	52	259	852	1062	1.00e-32	133
PfKE01_080014300|DBLa|1|60|459	QG0190-C.g192	24.354	271	139	8	115	328	1781	2042	1.68e-14	78.2
PfKE01_080014300|DBLa|1|60|459	QG0190-C.g192	25.839	298	151	10	41	323	1260	1502	2.61e-12	71.2
PfKE01_080014300|DBLa|1|60|459	PT0264-C.g120	100.000	400	0	0	1	400	60	459	0.0	837
PfKE01_080014300|DBLa|1|60|459	PT0264-C.g120	38.767	227	104	11	52	259	852	1062	1.00e-32	133
PfKE01_080014300|DBLa|1|60|459	PT0264-C.g120	24.354	271	139	8	115	328	1781	2042	1.68e-14	78.2
PfKE01_080014300|DBLa|1|60|459	PT0264-C.g120	25.839	298	151	10	41	323	1260	1502	2.61e-12	71.2
PfKE01_080014300|DBLa|1|60|459	PT0226-Cx.g160	100.000	400	0	0	1	400	60	459	0.0	837
PfKE01_080014300|DBLa|1|60|459	PT0226-Cx.g160	38.767	227	104	11	52	259	852	1062	1.00e-32	133
PfKE01_080014300|DBLa|1|60|459	PT0226-Cx.g160	24.354	271	139	8	115	328	1781	2042	1.68e-14	78.2
PfKE01_080014300|DBLa|1|60|459	PT0226-Cx.g160	25.839	298	151	10	41	323	1260	1502	2.61e-12	71.2
PfKE01_080014300|DBLa|1|60|459	PT0184-C.g4506	100.000	400	0	0	1	400	60	459	0.0	837
PfKE01_080014300|DBLa|1|60|459	PT0184-C.g4506	38.767	227	104	11	52	259	852	1062	1.00e-32	133
PfKE01_080014300|DBLa|1|60|459	PT0184-C.g4506	24.354	271	139	8	115	328	1781	2042	1.68e-14	78.2
PfKE01_080014300|DBLa|1|60|459	PT0184-C.g4506	25.839	298	151	10	41	323	1260	1502	2.61e-12	71.2
PfKE01_080014300|DBLa|1|60|459	PT0169-C.g252	100.000	400	0	0	1	400	60	459	0.0	837
PfKE01_080014300|DBLa|1|60|459	PT0169-C.g252	38.767	227	104	11	52	259	852	1062	1.00e-32	133
PfKE01_080014300|DBLa|1|60|459	PT0169-C.g252	24.354	271	139	8	115	328	1781	2042	1.68e-14	78.2
PfKE01_080014300|DBLa|1|60|459	PT0169-C.g252	25.839	298	151	10	41	323	1260	1502	2.61e-12	71.2
PfKE01_080014300|CIDRa|1|460|712	PV0112-C.g77	100.000	253	0	0	1	253	460	712	1.44e-178	520
PfKE01_080014300|CIDRa|1|460|712	PV0133-C.g167	100.000	253	0	0	1	253	458	710	8.61e-177	521
PfKE01_080014300|CIDRa|1|460|712	PV0204-C.g36	100.000	253	0	0	1	253	460	712	1.38e-173	520
PfKE01_080014300|CIDRa|1|460|712	PFKE06.g231	100.000	253	0	0	1	253	460	712	2.21e-170	522
PfKE01_080014300|CIDRa|1|460|712	PFKE06.g231	27.586	174	112	4	20	186	2133	2299	3.16e-10	62.4
PfKE01_080014300|CIDRa|1|460|712	QG0190-C.g192	100.000	253	0	0	1	253	460	712	2.67e-170	522
PfKE01_080014300|CIDRa|1|460|712	QG0190-C.g192	27.586	174	112	4	20	186	2133	2299	3.16e-10	62.4
PfKE01_080014300|DBLb|1|735|1211	PC0026-C.g7	100.000	477	0	0	1	477	92	568	0.0	999
PfKE01_080014300|DBLb|1|735|1211	PC0026-C.g7	22.059	272	170	9	117	380	627	864	4.32e-10	64.7
PfKE01_080014300|DBLb|1|735|1211	QG0190-C.g192	100.000	477	0	0	1	477	735	1211	0.0	996
PfKE01_080014300|DBLb|1|735|1211	QG0190-C.g192	32.831	332	177	14	18	333	22	323	1.37e-33	137
PfKE01_080014300|DBLb|1|735|1211	QG0190-C.g192	22.059	272	170	9	117	380	1270	1507	5.23e-10	64.7
PfKE01_080014300|DBLb|1|735|1211	PT0264-C.g120	100.000	477	0	0	1	477	735	1211	0.0	996
PfKE01_080014300|DBLb|1|735|1211	PT0264-C.g120	32.831	332	177	14	18	333	22	323	1.37e-33	137
PfKE01_080014300|DBLb|1|735|1211	PT0264-C.g120	22.059	272	170	9	117	380	1270	1507	5.23e-10	64.7
PfKE01_080014300|DBLb|1|735|1211	PT0226-Cx.g160	100.000	477	0	0	1	477	735	1211	0.0	996
PfKE01_080014300|DBLb|1|735|1211	PT0226-Cx.g160	32.831	332	177	14	18	333	22	323	1.37e-33	137
PfKE01_080014300|DBLb|1|735|1211	PT0226-Cx.g160	22.059	272	170	9	117	380	1270	1507	5.23e-10	64.7
PfKE01_080014300|DBLb|1|735|1211	PT0184-C.g4506	100.000	477	0	0	1	477	735	1211	0.0	996
PfKE01_080014300|DBLb|1|735|1211	PT0184-C.g4506	32.831	332	177	14	18	333	22	323	1.37e-33	137
PfKE01_080014300|DBLb|1|735|1211	PT0184-C.g4506	22.059	272	170	9	117	380	1270	1507	5.23e-10	64.7
PfKE01_080014300|DBLg|1|1226|1571	PA0205-C.g150	100.000	346	0	0	1	346	1215	1560	0.0	728
PfKE01_080014300|DBLg|1|1226|1571	PA0205-C.g150	25.750	400	155	11	23	280	1614	2013	1.03e-28	119
PfKE01_080014300|DBLg|1|1226|1571	PA0205-C.g150	24.839	310	157	13	42	290	117	411	1.08e-09	62.4
PfKE01_080014300|DBLg|1|1226|1571	PA0205-C.g150	24.701	251	139	10	45	265	852	1082	2.17e-09	61.6
PfKE01_080014300|DBLg|1|1226|1571	PC0026-C.g7	100.000	346	0	0	1	346	583	928	0.0	728
PfKE01_080014300|DBLg|1|1226|1571	PC0026-C.g7	25.604	414	156	14	9	280	994	1397	9.52e-26	110
PfKE01_080014300|DBLg|1|1226|1571	PC0026-C.g7	22.059	272	170	9	45	282	208	471	8.62e-10	62.8
PfKE01_080014300|DBLg|1|1226|1571	PC0054-C.g408	100.000	346	0	0	1	346	471	816	0.0	727
PfKE01_080014300|DBLg|1|1226|1571	PC0054-C.g408	25.604	414	156	14	9	280	882	1285	1.02e-25	110
PfKE01_080014300|DBLg|1|1226|1571	PC0054-C.g408	22.059	272	170	9	45	282	96	359	7.89e-10	62.8
PfKE01_080014300|DBLg|1|1226|1571	QG0190-C.g192	100.000	346	0	0	1	346	1226	1571	0.0	725
PfKE01_080014300|DBLg|1|1226|1571	QG0190-C.g192	25.604	414	156	14	9	280	1637	2040	1.44e-25	110
PfKE01_080014300|DBLg|1|1226|1571	QG0190-C.g192	26.378	254	136	8	35	252	100	338	2.37e-10	64.7
PfKE01_080014300|DBLg|1|1226|1571	QG0190-C.g192	22.059	272	170	9	45	282	851	1114	7.37e-10	63.2
PfKE01_080014300|DBLg|1|1226|1571	PT0264-C.g120	100.000	346	0	0	1	346	1226	1571	0.0	725
PfKE01_080014300|DBLg|1|1226|1571	PT0264-C.g120	25.604	414	156	14	9	280	1637	2040	1.44e-25	110
PfKE01_080014300|DBLg|1|1226|1571	PT0264-C.g120	26.378	254	136	8	35	252	100	338	2.37e-10	64.7
PfKE01_080014300|DBLg|1|1226|1571	PT0264-C.g120	22.059	272	170	9	45	282	851	1114	7.37e-10	63.2
PfKE01_080014300|DBLd|1|1599|2110	PC0054-C.g408	100.000	512	0	0	1	512	844	1355	0.0	1060
PfKE01_080014300|DBLd|1|1599|2110	PC0054-C.g408	25.508	443	174	16	14	442	450	750	3.45e-25	112
PfKE01_080014300|DBLd|1|1599|2110	QG0190-C.g192	100.000	512	0	0	1	512	1599	2110	0.0	1059
PfKE01_080014300|DBLd|1|1599|2110	QG0190-C.g192	25.508	443	174	16	14	442	1205	1505	3.83e-25	112
PfKE01_080014300|DBLd|1|1599|2110	QG0190-C.g192	24.855	346	184	12	183	512	174	459	1.37e-13	76.3
PfKE01_080014300|DBLd|1|1599|2110	PT0264-C.g120	100.000	512	0	0	1	512	1599	2110	0.0	1059
PfKE01_080014300|DBLd|1|1599|2110	PT0264-C.g120	25.508	443	174	16	14	442	1205	1505	3.83e-25	112
PfKE01_080014300|DBLd|1|1599|2110	PT0264-C.g120	24.855	346	184	12	183	512	174	459	1.37e-13	76.3
PfKE01_080014300|DBLd|1|1599|2110	PT0226-Cx.g160	100.000	512	0	0	1	512	1599	2110	0.0	1059
PfKE01_080014300|DBLd|1|1599|2110	PT0226-Cx.g160	25.508	443	174	16	14	442	1205	1505	3.83e-25	112
PfKE01_080014300|DBLd|1|1599|2110	PT0226-Cx.g160	24.855	346	184	12	183	512	174	459	1.37e-13	76.3
PfKE01_080014300|DBLd|1|1599|2110	PT0184-C.g4506	100.000	512	0	0	1	512	1599	2110	0.0	1059
PfKE01_080014300|DBLd|1|1599|2110	PT0184-C.g4506	25.508	443	174	16	14	442	1205	1505	3.83e-25	112
PfKE01_080014300|DBLd|1|1599|2110	PT0184-C.g4506	24.855	346	184	12	183	512	174	459	1.37e-13	76.3
PfKE01_080014300|CIDRb|1|2111|2371	PC0026-C.g7	100.000	261	0	0	1	261	1468	1728	0.0	546
PfKE01_080014300|CIDRb|1|2111|2371	PC0054-C.g408	100.000	261	0	0	1	261	1356	1616	0.0	545
PfKE01_080014300|CIDRb|1|2111|2371	PFKE06.g231	100.000	261	0	0	1	261	2111	2371	9.19e-178	543
PfKE01_080014300|CIDRb|1|2111|2371	PFKE06.g231	27.803	223	126	7	23	238	479	673	2.37e-09	60.1
PfKE01_080014300|CIDRb|1|2111|2371	QG0190-C.g192	100.000	261	0	0	1	261	2111	2371	1.06e-177	543
PfKE01_080014300|CIDRb|1|2111|2371	QG0190-C.g192	27.803	223	126	7	23	238	479	673	2.37e-09	60.1
PfKE01_080014300|CIDRb|1|2111|2371	PT0264-C.g120	100.000	261	0	0	1	261	2111	2371	1.06e-177	543
PfKE01_080014300|CIDRb|1|2111|2371	PT0264-C.g120	27.803	223	126	7	23	238	479	673	2.37e-09	60.1
PfKE01_080014300|ATS|1|2506|2954	QE0429-C.g177	81.498	454	69	4	1	449	2372	2815	0.0	658
PfKE01_080014300|ATS|1|2506|2954	PFKE12.g210	78.525	461	87	5	1	449	2533	2993	0.0	639
PfKE01_080014300|ATS|1|2506|2954	PV0128-C.g36	71.822	472	95	8	1	440	1848	2313	0.0	618
PfKE01_080014300|ATS|1|2506|2954	PD0590-C.g548	67.909	483	104	11	1	449	2191	2656	0.0	606
PfKE01_080014300|ATS|1|2506|2954	PD0585-C.g522	67.909	483	104	11	1	449	2191	2656	0.0	606
PfKE01_080014600|NTS|1|1|75	QE0440-C.g478	100.000	75	0	0	1	75	1	75	9.71e-45	154
PfKE01_080014600|NTS|1|1|75	PT0240-C.g568	100.000	75	0	0	1	75	1	75	9.81e-45	154
PfKE01_080014600|NTS|1|1|75	PA0237-C.g259	100.000	75	0	0	1	75	1	75	1.08e-44	154
PfKE01_080014600|NTS|1|1|75	QE0467-C.g994	100.000	75	0	0	1	75	1	75	1.27e-44	154
PfKE01_080014600|NTS|1|1|75	PA0098-C.g492	100.000	75	0	0	1	75	1	75	1.33e-44	154
PfKE01_080014600|DBLa|1|76|513	QG0190-C.g691	100.000	438	0	0	1	438	76	513	0.0	915
PfKE01_080014600|DBLa|1|76|513	QG0190-C.g691	22.709	251	151	5	124	338	1070	1313	9.58e-11	66.6
PfKE01_080014600|DBLa|1|76|513	PT0264-C.g441	100.000	438	0	0	1	438	76	513	0.0	915
PfKE01_080014600|DBLa|1|76|513	PT0264-C.g441	22.709	251	151	5	124	338	1070	1313	9.58e-11	66.6
PfKE01_080014600|DBLa|1|76|513	PT0184-C.g213	100.000	438	0	0	1	438	76	513	0.0	915
PfKE01_080014600|DBLa|1|76|513	PT0184-C.g213	22.709	251	151	5	124	338	1070	1313	9.58e-11	66.6
PfKE01_080014600|DBLa|1|76|513	PT0169-C.g434	100.000	438	0	0	1	438	76	513	0.0	915
PfKE01_080014600|DBLa|1|76|513	PT0169-C.g434	22.709	251	151	5	124	338	1070	1313	9.58e-11	66.6
PfKE01_080014600|DBLa|1|76|513	PD0481-C.g678	100.000	438	0	0	1	438	76	513	0.0	915
PfKE01_080014600|DBLa|1|76|513	PD0481-C.g678	22.709	251	151	5	124	338	1070	1313	9.58e-11	66.6
PfKE01_080014600|CIDRa|1|514|808	PF0782-C.g570	98.616	289	4	0	1	289	533	821	0.0	589
PfKE01_080014600|CIDRa|1|514|808	PA0012-C.g534	98.616	289	4	0	1	289	506	794	0.0	589
PfKE01_080014600|CIDRa|1|514|808	PT0226-Cx.g1	98.616	289	4	0	1	289	514	802	0.0	588
PfKE01_080014600|CIDRa|1|514|808	QG0190-C.g691	98.616	289	4	0	1	289	514	802	0.0	587
PfKE01_080014600|CIDRa|1|514|808	QG0190-C.g691	36.923	65	40	1	142	206	1481	1544	3.05e-07	54.3
PfKE01_080014600|CIDRa|1|514|808	PT0264-C.g441	98.616	289	4	0	1	289	514	802	0.0	587
PfKE01_080014600|CIDRa|1|514|808	PT0264-C.g441	36.923	65	40	1	142	206	1481	1544	3.05e-07	54.3
PfKE01_080014600|DBLd|1|894|1387	PFKE01.g46	100.000	494	0	0	1	494	311	804	0.0	1020
PfKE01_080014600|DBLd|1|894|1387	QG0190-C.g884	100.000	494	0	0	1	494	890	1383	0.0	1020
PfKE01_080014600|DBLd|1|894|1387	QG0190-C.g884	22.932	266	133	8	188	426	179	399	9.53e-07	54.3
PfKE01_080014600|DBLd|1|894|1387	PT0264-C.g617	100.000	494	0	0	1	494	890	1383	0.0	1020
PfKE01_080014600|DBLd|1|894|1387	PT0264-C.g617	22.932	266	133	8	188	426	179	399	9.53e-07	54.3
PfKE01_080014600|DBLd|1|894|1387	PT0184-C.g351	100.000	494	0	0	1	494	890	1383	0.0	1020
PfKE01_080014600|DBLd|1|894|1387	PT0184-C.g351	22.932	266	133	8	188	426	179	399	9.53e-07	54.3
PfKE01_080014600|DBLd|1|894|1387	PT0169-C.g536	100.000	494	0	0	1	494	890	1383	0.0	1020
PfKE01_080014600|DBLd|1|894|1387	PT0169-C.g536	22.932	266	133	8	188	426	179	399	9.53e-07	54.3
PfKE01_080014600|CIDRb|1|1388|1634	PFKE01.g46	100.000	247	0	0	1	247	805	1051	4.08e-175	514
PfKE01_080014600|CIDRb|1|1388|1634	PC0054-C.g451	100.000	247	0	0	1	247	1216	1462	3.21e-170	511
PfKE01_080014600|CIDRb|1|1388|1634	PD0481-C.g697	100.000	247	0	0	1	247	1380	1626	1.77e-169	512
PfKE01_080014600|CIDRb|1|1388|1634	QG0190-C.g884	100.000	247	0	0	1	247	1384	1630	1.93e-169	512
PfKE01_080014600|CIDRb|1|1388|1634	PT0264-C.g617	100.000	247	0	0	1	247	1384	1630	1.93e-169	512
PfKE01_080014600|ATS|1|1749|2199	PA0267-C.g213	92.905	451	31	1	1	451	1768	2217	0.0	854
PfKE01_080014600|ATS|1|1749|2199	QG0252-C.g1874	92.905	451	31	1	1	451	1768	2217	0.0	853
PfKE01_080014600|ATS|1|1749|2199	PM0108-C.g493	91.574	451	36	2	1	451	1820	2268	0.0	838
PfKE01_080014600|ATS|1|1749|2199	PF0122-C.g366	91.574	451	37	1	1	451	1764	2213	0.0	837
PfKE01_080014600|ATS|1|1749|2199	PC0118-C.g429	91.244	434	36	2	1	434	1811	2242	0.0	802
PfKE01_080037600|NTS|1|1|76	PT0226-Cx.g318	100.000	76	0	0	1	76	1	76	2.21e-45	156
PfKE01_080037600|NTS|1|1|76	PA0214-C.g202	100.000	76	0	0	1	76	1	76	7.67e-45	154
PfKE01_080037600|NTS|1|1|76	PFKE01.g6	100.000	76	0	0	1	76	1	76	8.63e-45	154
PfKE01_080037600|NTS|1|1|76	QG0182-C.g408	89.474	76	8	0	1	76	1	76	1.57e-39	139
PfKE01_080037600|NTS|1|1|76	PF0400-C.g126	89.474	76	8	0	1	76	1	76	5.62e-39	138
PfKE01_080037600|DBLa|1|77|479	PFKE01.g6	100.000	403	0	0	1	403	77	479	0.0	845
PfKE01_080037600|DBLa|1|77|479	PFKE01.g6	35.231	281	126	11	57	321	1373	1613	1.29e-34	138
PfKE01_080037600|DBLa|1|77|479	PFKE01.g6	34.354	294	144	13	57	329	852	1117	3.85e-33	134
PfKE01_080037600|DBLa|1|77|479	PFKE01.g6	23.333	270	149	10	171	403	2068	2316	2.53e-08	58.9
PfKE01_080037600|DBLa|1|77|479	PA0214-C.g202	100.000	403	0	0	1	403	77	479	0.0	844
PfKE01_080037600|DBLa|1|77|479	PA0214-C.g202	33.882	304	151	13	57	342	852	1123	4.11e-33	134
PfKE01_080037600|DBLa|1|77|479	PA0214-C.g202	31.832	333	159	12	45	354	1336	1623	6.63e-33	133
PfKE01_080037600|DBLa|1|77|479	PA0214-C.g202	25.000	320	179	12	120	403	2001	2295	4.42e-14	77.0
PfKE01_080037600|DBLa|1|77|479	PT0226-Cx.g318	100.000	403	0	0	1	403	77	479	0.0	838
PfKE01_080037600|DBLa|1|77|479	PT0226-Cx.g318	34.091	308	144	11	57	353	1379	1638	1.44e-38	150
PfKE01_080037600|DBLa|1|77|479	PT0226-Cx.g318	34.354	294	144	13	57	329	852	1117	3.14e-33	134
PfKE01_080037600|DBLa|1|77|479	PT0226-Cx.g318	28.364	275	154	8	59	324	1781	2021	4.85e-21	98.2
PfKE01_080037600|DBLa|1|77|479	PA0152-C.g746	93.797	403	25	0	1	403	77	479	0.0	777
PfKE01_080037600|DBLa|1|77|479	PA0152-C.g746	33.448	290	148	10	57	329	852	1113	4.65e-35	140
PfKE01_080037600|DBLa|1|77|479	PA0152-C.g746	33.220	295	154	9	57	334	1368	1636	1.03e-34	139
PfKE01_080037600|DBLa|1|77|479	PA0152-C.g746	30.657	274	151	10	59	323	1782	2025	3.33e-20	95.9
PfKE01_080037600|DBLa|1|77|479	PA0152-C.g746	25.267	281	165	8	116	359	2427	2699	9.66e-18	88.2
PfKE01_080037600|DBLa|1|77|479	PA0207-C.g211	90.347	404	36	2	1	403	77	478	0.0	758
PfKE01_080037600|DBLa|1|77|479	PA0207-C.g211	37.179	234	109	8	57	277	852	1060	1.33e-34	138
PfKE01_080037600|DBLa|1|77|479	PA0207-C.g211	32.288	319	165	11	57	359	1355	1638	6.73e-31	127
PfKE01_080037600|DBLa|1|77|479	PA0207-C.g211	33.588	262	128	10	8	259	1791	2016	3.77e-29	122
PfKE01_080037600|DBLa|1|77|479	PA0207-C.g211	31.086	267	143	6	116	370	2553	2790	1.06e-24	109
PfKE01_080037600|CIDRa|1|480|729	PF0400-C.g126	100.000	250	0	0	1	250	475	724	5.15e-167	513
PfKE01_080037600|CIDRa|1|480|729	PM0115-C.g122	100.000	250	0	0	1	250	481	730	6.06e-167	513
PfKE01_080037600|CIDRa|1|480|729	PM0115-C.g122	26.009	223	151	7	33	248	2429	2644	1.34e-10	63.5
PfKE01_080037600|CIDRa|1|480|729	PFKE01.g6	100.000	250	0	0	1	250	480	729	1.23e-166	512
PfKE01_080037600|CIDRa|1|480|729	PFKE01.g6	25.342	146	108	1	31	176	2351	2495	1.06e-08	57.8
PfKE01_080037600|CIDRa|1|480|729	PA0214-C.g202	100.000	250	0	0	1	250	480	729	1.72e-166	511
PfKE01_080037600|CIDRa|1|480|729	PT0226-Cx.g318	100.000	250	0	0	1	250	480	729	3.13e-166	508
PfKE01_080037600|DBLb|1|738|1231	PFKE01.g6	100.000	494	0	0	1	494	738	1231	0.0	1038
PfKE01_080037600|DBLb|1|738|1231	PFKE01.g6	41.884	499	214	15	18	494	1260	1704	4.49e-104	343
PfKE01_080037600|DBLb|1|738|1231	PFKE01.g6	37.273	220	109	8	115	321	133	336	7.15e-32	132
PfKE01_080037600|DBLb|1|738|1231	PA0214-C.g202	96.761	494	10	1	1	494	738	1225	0.0	995
PfKE01_080037600|DBLb|1|738|1231	PA0214-C.g202	38.677	499	216	16	18	494	1254	1684	5.40e-89	300
PfKE01_080037600|DBLb|1|738|1231	PA0214-C.g202	37.273	220	109	8	115	321	133	336	7.26e-32	132
PfKE01_080037600|DBLb|1|738|1231	PT0226-Cx.g318	94.970	497	22	1	1	494	738	1234	0.0	984
PfKE01_080037600|DBLb|1|738|1231	PT0226-Cx.g318	43.529	510	200	17	1	494	1258	1695	4.74e-109	358
PfKE01_080037600|DBLb|1|738|1231	PT0226-Cx.g318	37.273	220	109	8	115	321	133	336	7.40e-32	132
PfKE01_080037600|DBLb|1|738|1231	PT0226-Cx.g318	29.393	313	169	12	78	367	1733	2016	4.89e-25	112
PfKE01_080037600|DBLb|1|738|1231	PM0107-C.g83	86.290	496	64	3	1	494	54	547	0.0	880
PfKE01_080037600|DBLb|1|738|1231	PM0107-C.g83	43.359	512	216	16	1	494	577	1032	3.20e-108	355
PfKE01_080037600|DBLb|1|738|1231	PM0115-C.g122	86.290	496	64	3	1	494	739	1232	0.0	878
PfKE01_080037600|DBLb|1|738|1231	PM0115-C.g122	43.359	512	216	16	1	494	1262	1717	6.09e-108	355
PfKE01_080037600|DBLb|1|738|1231	PM0115-C.g122	37.273	220	109	7	115	321	133	336	5.91e-32	133
PfKE01_080037600|DBLb|2|1247|1704	PFKE01.g6	100.000	458	0	0	1	458	1247	1704	0.0	959
PfKE01_080037600|DBLb|2|1247|1704	PFKE01.g6	41.731	520	215	18	1	458	738	1231	5.10e-105	345
PfKE01_080037600|DBLb|2|1247|1704	PFKE01.g6	30.303	396	202	16	2	348	8	378	1.07e-34	140
PfKE01_080037600|DBLb|2|1247|1704	PfKE04.g748	92.250	400	28	2	59	458	277	673	0.0	775
PfKE01_080037600|DBLb|2|1247|1704	PfKE04.g748	42.373	118	53	5	23	134	161	269	6.13e-17	86.3
PfKE01_080037600|DBLb|2|1247|1704	PA0245-C.g245	81.718	454	64	7	7	458	1246	1682	0.0	741
PfKE01_080037600|DBLb|2|1247|1704	PA0245-C.g245	38.752	529	208	20	1	458	728	1211	2.09e-93	311
PfKE01_080037600|DBLb|2|1247|1704	PA0245-C.g245	28.610	367	207	10	47	374	47	397	3.76e-31	129
PfKE01_080037600|DBLb|2|1247|1704	PA0221-C.g477	71.429	462	120	5	1	458	901	1354	0.0	669
PfKE01_080037600|DBLb|2|1247|1704	PA0221-C.g477	32.095	377	208	12	110	458	1401	1757	4.55e-43	165
PfKE01_080037600|DBLb|2|1247|1704	PA0221-C.g477	32.090	402	200	20	15	366	21	399	3.30e-31	130
PfKE01_080037600|DBLb|2|1247|1704	PA0221-C.g477	25.833	360	204	12	126	458	1818	2141	2.52e-19	94.0
PfKE01_080037600|DBLb|2|1247|1704	PA0267-C.g113	70.807	483	114	9	1	458	874	1354	0.0	667
PfKE01_080037600|DBLb|2|1247|1704	PA0267-C.g113	39.437	497	192	16	1	458	430	856	9.31e-89	298
PfKE01_080037600|DBLb|2|1247|1704	PA0267-C.g113	27.306	271	148	9	126	367	1412	1662	1.70e-13	75.5
PfKE01_080037600|DBLd|1|1812|2316	PFKE01.g6	99.802	505	1	0	1	505	1812	2316	0.0	1038
PfKE01_080037600|DBLd|1|1812|2316	PfKE04.g748	100.000	295	0	0	149	443	837	1131	0.0	604
PfKE01_080037600|DBLd|1|1812|2316	PfKE04.g748	96.491	57	2	0	1	57	781	837	6.43e-28	120
PfKE01_080037600|DBLd|1|1812|2316	QG0256-C.g3297	59.287	533	152	17	1	505	886	1381	1.06e-180	554
PfKE01_080037600|DBLd|1|1812|2316	QG0256-C.g3297	25.614	285	162	11	213	476	203	458	3.72e-11	68.6
PfKE01_080037600|DBLd|1|1812|2316	PM0041-C.g182	57.848	567	135	15	1	505	1658	2182	4.74e-180	561
PfKE01_080037600|DBLd|1|1812|2316	PM0041-C.g182	27.252	444	185	16	64	504	1204	1512	7.88e-32	132
PfKE01_080037600|DBLd|1|1812|2316	PA0187-C.g862	52.710	535	179	15	1	505	894	1384	3.43e-158	493
PfKE01_080037600|CIDRb|1|2317|2571	QG0256-C.g3297	100.000	255	0	0	1	255	1382	1636	2.46e-175	528
PfKE01_080037600|CIDRb|1|2317|2571	PM0041-C.g182	100.000	255	0	0	1	255	2183	2437	3.35e-172	528
PfKE01_080037600|CIDRb|1|2317|2571	PFKE01.g6	100.000	255	0	0	1	255	2317	2571	8.75e-172	527
PfKE01_080037600|CIDRb|1|2317|2571	PFKE01.g6	24.444	225	162	5	35	254	510	731	3.79e-09	59.3
PfKE01_080037600|CIDRb|1|2317|2571	PA0237-C.g259	76.829	246	49	4	3	243	1445	1687	7.47e-120	377
PfKE01_080037600|CIDRb|1|2317|2571	PA0007-C.g354	70.656	259	66	3	3	255	1136	1390	6.75e-117	367
PfKE01_080037600|ATS|1|2709|3133	PFKE01.g6	100.000	425	0	0	1	425	2709	3133	0.0	874
PfKE01_080037600|ATS|1|2709|3133	QE0448-C.g49	87.354	427	52	2	1	425	2723	3149	0.0	763
PfKE01_080037600|ATS|1|2709|3133	PFKE12.g497	85.977	435	43	4	1	425	2528	2954	0.0	740
PfKE01_080037600|ATS|1|2709|3133	PV0099-C.g17	83.841	427	67	2	1	425	2971	3397	0.0	737
PfKE01_080037600|ATS|1|2709|3133	PfKE02.g4	86.713	429	53	2	1	425	3080	3508	0.0	736
PfKE01_080037800|NTS|1|1|61	PFKE01.g230	100.000	61	0	0	1	61	1	61	1.89e-34	124
PfKE01_080037800|NTS|1|1|61	PT0222-C.g407	100.000	61	0	0	1	61	1	61	2.53e-34	124
PfKE01_080037800|NTS|1|1|61	SenT231.08.g405	92.157	51	4	0	11	61	18	68	2.12e-25	98.6
PfKE01_080037800|NTS|1|1|61	PD0569-C.g543	70.968	62	16	2	1	61	1	61	2.69e-20	84.0
PfKE01_080037800|NTS|1|1|61	PD0549-C.g507	70.968	62	16	2	1	61	1	61	2.69e-20	84.0
PfKE01_080037800|DBLa|1|62|525	PFKE01.g230	100.000	464	0	0	1	464	62	525	0.0	967
PfKE01_080037800|DBLa|1|62|525	PFKE01.g230	36.455	299	136	10	52	341	954	1207	8.08e-45	170
PfKE01_080037800|DBLa|1|62|525	PT0222-C.g407	98.922	464	5	0	1	464	62	525	0.0	954
PfKE01_080037800|DBLa|1|62|525	PT0222-C.g407	31.438	299	150	8	52	341	954	1206	1.93e-35	142
PfKE01_080037800|DBLa|1|62|525	PT0222-C.g407	37.069	116	70	2	245	358	1718	1832	4.06e-14	77.8
PfKE01_080037800|DBLa|1|62|525	SenT231.08.g405	76.017	467	99	6	1	464	69	525	0.0	695
PfKE01_080037800|DBLa|1|62|525	SenT231.08.g405	34.106	302	153	9	52	341	953	1220	8.61e-39	152
PfKE01_080037800|DBLa|1|62|525	SenT231.08.g405	28.829	333	200	8	52	383	2286	2582	3.65e-31	130
PfKE01_080037800|DBLa|1|62|525	SenT231.08.g405	26.277	274	140	10	119	354	1575	1824	1.33e-11	69.7
PfKE01_080037800|DBLa|1|62|525	SenT231.08.g405	29.911	224	92	10	48	269	2684	2844	7.10e-11	67.4
PfKE01_080037800|DBLa|1|62|525	PT0063-C.g231	68.987	474	116	8	1	464	69	521	0.0	643
PfKE01_080037800|DBLa|1|62|525	PT0063-C.g231	30.897	301	159	9	52	341	949	1211	7.44e-33	135
PfKE01_080037800|DBLa|1|62|525	PT0063-C.g231	22.059	272	167	5	116	356	1533	1790	1.99e-09	62.8
PfKE01_080037800|DBLa|1|62|525	PD0569-C.g543	68.657	469	116	7	1	464	62	504	0.0	619
PfKE01_080037800|DBLa|1|62|525	PD0569-C.g543	31.438	299	151	9	52	341	930	1183	1.10e-33	137
PfKE01_080037800|DBLa|1|62|525	PD0569-C.g543	28.464	267	149	9	147	397	1579	1819	2.28e-18	90.9
PfKE01_080037800|CIDRa|1|526|821	PFKE01.g230	100.000	296	0	0	1	296	526	821	0.0	607
PfKE01_080037800|CIDRa|1|526|821	PT0222-C.g407	100.000	296	0	0	1	296	526	821	0.0	604
PfKE01_080037800|CIDRa|1|526|821	PA0152-C.g348	93.151	292	17	1	1	289	502	793	2.76e-172	528
PfKE01_080037800|CIDRa|1|526|821	PT0063-C.g231	85.906	298	39	2	1	296	522	818	2.32e-151	469
PfKE01_080037800|CIDRa|1|526|821	PF0282-C.g56	77.027	296	62	2	1	296	509	798	9.56e-146	454
PfKE01_080037800|DBLb|1|844|1317	PFKE01.g230	100.000	474	0	0	1	474	844	1317	0.0	996
PfKE01_080037800|DBLb|1|844|1317	PFKE01.g230	36.455	299	136	11	111	364	113	402	8.09e-42	162
PfKE01_080037800|DBLb|1|844|1317	PT0222-C.g407	68.685	479	139	5	1	474	844	1316	0.0	675
PfKE01_080037800|DBLb|1|844|1317	PT0222-C.g407	36.455	299	136	10	111	364	113	402	1.59e-43	167
PfKE01_080037800|DBLb|1|844|1317	SenT231.08.g405	63.083	493	161	9	1	474	843	1333	0.0	615
PfKE01_080037800|DBLb|1|844|1317	SenT231.08.g405	32.458	419	213	14	82	474	2258	2632	8.18e-48	179
PfKE01_080037800|DBLb|1|844|1317	SenT231.08.g405	36.271	295	139	8	111	364	120	406	3.02e-44	169
PfKE01_080037800|DBLb|1|844|1317	SenT231.08.g405	28.631	241	113	9	108	335	2685	2879	8.23e-13	73.6
PfKE01_080037800|DBLb|1|844|1317	PD0569-C.g543	63.768	483	160	8	1	474	820	1296	0.0	610
PfKE01_080037800|DBLb|1|844|1317	PD0569-C.g543	36.842	285	141	7	111	364	113	389	1.47e-45	172
PfKE01_080037800|DBLb|1|844|1317	PD0549-C.g507	63.768	483	160	8	1	474	820	1296	0.0	610
PfKE01_080037800|DBLb|1|844|1317	PD0549-C.g507	36.842	285	141	7	111	364	113	389	1.47e-45	172
PfKE01_080037800|DBLd|1|1340|1855	PFKE01.g230	100.000	516	0	0	1	516	1340	1855	0.0	1050
PfKE01_080037800|DBLd|1|1340|1855	PFKE01.g230	33.945	109	69	2	357	464	300	406	2.82e-10	65.9
PfKE01_080037800|DBLd|1|1340|1855	QG0258-C.g951	57.195	549	155	18	1	516	553	1054	5.07e-168	514
PfKE01_080037800|DBLd|1|1340|1855	PT0039-C.g369	51.002	549	197	21	1	516	890	1399	3.11e-143	454
PfKE01_080037800|DBLd|1|1340|1855	PT0039-C.g369	25.895	363	165	15	205	516	190	499	4.89e-13	74.7
PfKE01_080037800|DBLd|1|1340|1855	QG0234-C.g335	47.569	576	220	17	1	516	734	1287	4.06e-141	446
PfKE01_080037800|DBLd|1|1340|1855	QG0234-C.g335	30.899	178	95	6	367	516	219	396	6.30e-17	87.0
PfKE01_080037800|DBLd|1|1340|1855	PA0184-C.g69	50.000	548	213	20	1	516	503	1021	1.98e-140	441
PfKE01_080037800|CIDRb|1|1856|2108	QG0258-C.g951	100.000	253	0	0	1	253	1055	1307	1.87e-176	525
PfKE01_080037800|CIDRb|1|1856|2108	PFKE01.g230	100.000	253	0	0	1	253	1856	2108	3.19e-170	520
PfKE01_080037800|CIDRb|1|1856|2108	PV0083-C.g79	77.519	258	48	6	1	253	1283	1535	2.00e-121	381
PfKE01_080037800|CIDRb|1|1856|2108	PV0083-C.g79	28.125	224	142	10	36	249	496	710	3.21e-11	65.5
PfKE01_080037800|CIDRb|1|1856|2108	PH0856-C.g259	81.070	243	38	5	1	238	1820	2059	9.64e-120	378
PfKE01_080037800|CIDRb|1|1856|2108	PH0549-C.g609	81.070	243	38	5	1	238	1826	2065	1.07e-119	378
PfKE01_080037800|ATS|1|2211|2668	PD0483-C.g348	82.646	461	74	5	1	458	2589	3046	0.0	729
PfKE01_080037800|ATS|1|2211|2668	PC0122-C.g587	79.835	486	65	7	1	458	3364	3844	0.0	729
PfKE01_080037800|ATS|1|2211|2668	PD0474-C.g567	80.346	463	82	5	1	458	2375	2833	0.0	727
PfKE01_080037800|ATS|1|2211|2668	PA0245-C.g998	78.618	463	89	6	1	458	1706	2163	0.0	716
PfKE01_080037800|ATS|1|2211|2668	PV0028-C.g43	77.124	459	82	3	1	458	1843	2279	0.0	698
PfKE01_090005300|NTS|1|1|59	PFKE01.g451	100.000	59	0	0	1	59	1	59	7.25e-30	111
PfKE01_090005300|NTS|1|1|59	PA0168-C.g639	80.000	60	11	1	1	59	1	60	4.93e-21	86.3
PfKE01_090005300|NTS|1|1|59	PA0163-C.g815	80.000	60	11	1	1	59	1	60	4.93e-21	86.3
PfKE01_090005300|NTS|1|1|59	PF0730-C.g752	80.000	60	11	1	1	59	1	60	6.17e-21	85.9
PfKE01_090005300|NTS|1|1|59	QE0395-C.g290	73.077	52	14	0	7	58	6	57	1.69e-18	79.0
PfKE01_090005300|DBLa|1|60|497	PFKE01.g451	100.000	438	0	0	1	438	60	497	0.0	918
PfKE01_090005300|DBLa|1|60|497	PFKE01.g451	33.168	202	101	8	247	438	1297	1474	1.12e-17	88.6
PfKE01_090005300|DBLa|1|60|497	SenT061.09.g411	89.189	444	41	3	1	438	63	505	0.0	780
PfKE01_090005300|DBLa|1|60|497	SenT061.09.g411	23.784	370	195	13	121	438	1048	1382	1.20e-10	66.2
PfKE01_090005300|DBLa|1|60|497	PM0114-C.g567	89.189	444	41	3	1	438	63	505	0.0	780
PfKE01_090005300|DBLa|1|60|497	PM0114-C.g567	27.170	265	129	9	126	342	1079	1327	2.77e-19	93.2
PfKE01_090005300|DBLa|1|60|497	PA0091-C.g606	89.189	444	41	3	1	438	75	517	0.0	780
PfKE01_090005300|DBLa|1|60|497	PA0091-C.g606	45.455	77	41	1	254	329	1219	1295	1.95e-13	75.1
PfKE01_090005300|DBLa|1|60|497	PA0079-C.g276	89.189	444	41	3	1	438	63	505	0.0	780
PfKE01_090005300|DBLa|1|60|497	PA0079-C.g276	27.170	265	129	9	126	342	1076	1324	2.60e-19	93.6
PfKE01_090005300|CIDRa|1|498|808	PFKE01.g451	100.000	311	0	0	1	311	498	808	0.0	635
PfKE01_090005300|CIDRa|1|498|808	SenT119.09.g1200	100.000	311	0	0	1	311	506	816	0.0	634
PfKE01_090005300|CIDRa|1|498|808	SenT061.09.g411	100.000	311	0	0	1	311	506	816	0.0	634
PfKE01_090005300|CIDRa|1|498|808	PA0091-C.g606	100.000	311	0	0	1	311	518	828	0.0	634
PfKE01_090005300|CIDRa|1|498|808	SenT151.08.g254	100.000	311	0	0	1	311	506	816	0.0	634
PfKE01_090005300|DBLd|1|904|1474	PFKE01.g451	100.000	571	0	0	1	571	904	1474	0.0	1176
PfKE01_090005300|DBLd|1|904|1474	PFKE01.g451	33.168	202	101	8	394	571	306	497	6.04e-14	77.8
PfKE01_090005300|DBLd|1|904|1474	PM0018-C.g360	54.849	598	201	19	1	571	855	1410	0.0	562
PfKE01_090005300|DBLd|1|904|1474	PM0018-C.g360	28.750	160	97	7	395	537	295	454	6.43e-07	55.1
PfKE01_090005300|DBLd|1|904|1474	PA0165-C.g440	50.744	605	171	21	1	571	1612	2123	2.01e-156	498
PfKE01_090005300|DBLd|1|904|1474	PA0165-C.g440	27.566	341	127	14	152	490	1284	1506	2.26e-23	107
PfKE01_090005300|DBLd|1|904|1474	PA0165-C.g440	22.706	436	244	16	160	571	127	493	1.16e-14	80.1
PfKE01_090005300|DBLd|1|904|1474	PT0137-C.g141	53.242	586	219	17	1	571	2139	2684	7.49e-155	493
PfKE01_090005300|DBLd|1|904|1474	PT0137-C.g141	24.929	353	136	10	151	499	1272	1499	4.69e-18	91.3
PfKE01_090005300|DBLd|1|904|1474	PT0137-C.g141	25.220	341	128	14	151	490	1663	1877	8.77e-18	90.1
PfKE01_090005300|DBLd|1|904|1474	PT0137-C.g141	24.194	186	124	6	394	571	289	465	1.48e-07	57.4
PfKE01_090005300|DBLd|1|904|1474	PC0113-C.g1396	50.503	596	209	21	1	571	874	1408	4.28e-152	480
PfKE01_090005300|DBLd|1|904|1474	PC0113-C.g1396	29.493	217	115	7	384	571	307	514	1.37e-15	83.2
PfKE01_090005300|CIDRb|1|1475|1730	PM0018-C.g360	100.000	256	0	0	1	256	1411	1666	2.77e-173	524
PfKE01_090005300|CIDRb|1|1475|1730	PM0018-C.g360	31.111	135	87	5	96	229	603	732	4.88e-09	58.9
PfKE01_090005300|CIDRb|1|1475|1730	PFKE01.g451	100.000	256	0	0	1	256	1475	1730	1.06e-172	523
PfKE01_090005300|CIDRb|1|1475|1730	PA0165-C.g440	100.000	256	0	0	1	256	2124	2379	6.04e-170	521
PfKE01_090005300|CIDRb|1|1475|1730	PA0165-C.g440	27.891	147	98	4	99	240	596	739	1.75e-07	54.3
PfKE01_090005300|CIDRb|1|1475|1730	PT0109-C.g756	69.804	255	74	3	3	256	1374	1626	1.98e-105	337
PfKE01_090005300|CIDRb|1|1475|1730	PT0109-C.g756	27.861	201	123	6	37	221	536	730	4.69e-13	70.9
PfKE01_090005300|CIDRb|1|1475|1730	SenT052.11.g545	70.612	245	67	4	1	244	932	1172	6.03e-105	332
PfKE01_090005300|ATS|1|1828|2312	PV0028-C.g50	79.713	488	64	11	1	485	2600	3055	0.0	711
PfKE01_090005300|ATS|1|1828|2312	PA0245-C.g998	77.869	488	75	10	1	485	1706	2163	0.0	701
PfKE01_090005300|ATS|1|1828|2312	QE0436-C.g591	76.218	513	71	6	1	485	1702	2191	0.0	699
PfKE01_090005300|ATS|1|1828|2312	PA0270-C.g443	75.665	489	81	11	1	485	2185	2639	0.0	686
PfKE01_090005300|ATS|1|1828|2312	PF0456-C.g548	74.590	488	82	10	1	485	1099	1547	0.0	677
PfKE01_090005600|NTS|1|1|63	QG0290-C.g60	100.000	63	0	0	1	63	1	63	4.99e-35	126
PfKE01_090005600|NTS|1|1|63	QG0236-C.g2575	100.000	63	0	0	1	63	1	63	8.85e-35	125
PfKE01_090005600|NTS|1|1|63	SenT136.09.g519	100.000	63	0	0	1	63	1	63	9.21e-35	125
PfKE01_090005600|NTS|1|1|63	PA0017-C.g501	100.000	63	0	0	1	63	1	63	1.10e-34	125
PfKE01_090005600|NTS|1|1|63	PD0667-C.g480	100.000	63	0	0	1	63	1	63	1.54e-34	124
PfKE01_090005600|DBLa|1|67|472	PFKE01.g14	100.000	406	0	0	1	406	67	472	0.0	843
PfKE01_090005600|DBLa|1|67|472	PFKE01.g14	27.891	294	163	7	43	322	1704	1962	8.18e-29	121
PfKE01_090005600|DBLa|1|67|472	PFKE01.g14	28.994	338	171	13	1	320	802	1088	3.99e-25	110
PfKE01_090005600|DBLa|1|67|472	PFKE01.g14	22.455	334	185	10	50	359	1278	1561	1.55e-07	56.2
PfKE01_090005600|DBLa|1|67|472	PA0261-C.g306	99.754	406	1	0	1	406	67	472	0.0	839
PfKE01_090005600|DBLa|1|67|472	PA0261-C.g306	30.892	314	183	8	52	356	1710	1998	5.61e-30	125
PfKE01_090005600|DBLa|1|67|472	PA0261-C.g306	29.290	338	170	13	1	320	802	1088	6.00e-26	113
PfKE01_090005600|DBLa|1|67|472	PA0261-C.g306	24.887	221	104	7	109	329	2153	2311	3.32e-11	67.8
PfKE01_090005600|DBLa|1|67|472	PA0261-C.g306	28.889	180	90	4	179	346	1395	1548	5.89e-11	67.0
PfKE01_090005600|DBLa|1|67|472	PT0066-C.g111	99.754	406	1	0	1	406	67	472	0.0	838
PfKE01_090005600|DBLa|1|67|472	PT0066-C.g111	33.333	309	179	8	18	325	2391	2673	1.24e-39	153
PfKE01_090005600|DBLa|1|67|472	PT0066-C.g111	29.268	287	140	11	51	322	845	1083	4.31e-24	107
PfKE01_090005600|DBLa|1|67|472	PT0066-C.g111	28.413	271	133	9	50	320	2809	3018	8.97e-19	91.3
PfKE01_090005600|DBLa|1|67|472	PT0066-C.g111	28.148	270	166	8	149	406	1746	1999	2.66e-18	90.1
PfKE01_090005600|DBLa|1|67|472	PT0066-C.g111	24.869	382	212	13	42	405	1254	1578	2.37e-14	77.8
PfKE01_090005600|DBLa|1|67|472	SenT136.09.g519	99.754	406	1	0	1	406	67	472	0.0	838
PfKE01_090005600|DBLa|1|67|472	SenT136.09.g519	29.290	338	170	13	1	320	802	1088	7.58e-26	112
PfKE01_090005600|DBLa|1|67|472	SenT136.09.g519	29.801	302	171	8	116	406	1758	2029	4.20e-23	104
PfKE01_090005600|DBLa|1|67|472	SenT136.09.g519	25.592	211	113	5	54	264	2699	2865	6.39e-11	67.0
PfKE01_090005600|DBLa|1|67|472	SenT136.09.g519	24.333	300	150	11	50	325	1270	1516	1.92e-09	62.4
PfKE01_090005600|DBLa|1|67|472	SenT136.09.g519	24.390	246	138	8	37	282	3011	3208	4.76e-09	61.2
PfKE01_090005600|DBLa|1|67|472	SenT136.09.g519	29.560	159	91	5	112	270	2416	2553	1.49e-08	59.7
PfKE01_090005600|DBLa|1|67|472	QE0414-C.g396	90.887	406	35	2	1	406	67	470	0.0	743
PfKE01_090005600|DBLa|1|67|472	QE0414-C.g396	31.228	285	137	11	54	325	850	1088	6.44e-27	115
PfKE01_090005600|DBLa|1|67|472	QE0414-C.g396	32.536	209	113	8	204	406	1943	2129	2.82e-15	80.5
PfKE01_090005600|DBLa|1|67|472	QE0414-C.g396	24.176	364	210	12	50	393	1268	1585	1.27e-12	72.4
PfKE01_090005600|CIDRa|1|473|725	PFKE01.g14	100.000	253	0	0	1	253	473	725	5.02e-171	521
PfKE01_090005600|CIDRa|1|473|725	SenT136.09.g519	100.000	253	0	0	1	253	473	725	7.16e-170	521
PfKE01_090005600|CIDRa|1|473|725	PA0261-C.g306	99.605	253	1	0	1	253	473	725	7.83e-170	520
PfKE01_090005600|CIDRa|1|473|725	PT0066-C.g111	90.514	253	21	2	1	253	473	722	1.39e-148	461
PfKE01_090005600|CIDRa|1|473|725	PA0084-C.g961	83.399	253	39	1	1	253	467	716	1.36e-139	435
PfKE01_090005600|CIDRa|1|473|725	PA0084-C.g961	30.435	138	88	4	38	172	2034	2166	2.38e-08	57.0
PfKE01_090005600|DBLb|1|744|1212	PFKE01.g14	100.000	469	0	0	1	469	744	1212	0.0	984
PfKE01_090005600|DBLb|1|744|1212	PFKE01.g14	32.424	330	165	12	61	357	1668	1972	2.12e-37	148
PfKE01_090005600|DBLb|1|744|1212	PFKE01.g14	30.790	367	185	16	22	338	32	379	5.03e-29	123
PfKE01_090005600|DBLb|1|744|1212	PFKE01.g14	26.814	317	174	14	65	351	1242	1530	2.76e-14	78.2
PfKE01_090005600|DBLb|1|744|1212	PA0261-C.g306	94.316	475	21	1	1	469	744	1218	0.0	907
PfKE01_090005600|DBLb|1|744|1212	PA0261-C.g306	31.884	414	216	13	19	399	1629	2009	5.39e-40	156
PfKE01_090005600|DBLb|1|744|1212	PA0261-C.g306	30.790	367	185	16	22	338	32	379	2.91e-29	124
PfKE01_090005600|DBLb|1|744|1212	PA0261-C.g306	24.046	262	150	5	96	351	2090	2308	5.56e-16	83.6
PfKE01_090005600|DBLb|1|744|1212	PA0261-C.g306	24.595	309	168	12	73	351	1254	1527	2.05e-12	72.4
PfKE01_090005600|DBLb|1|744|1212	SenT136.09.g519	95.106	470	22	1	1	469	744	1213	0.0	904
PfKE01_090005600|DBLb|1|744|1212	SenT136.09.g519	30.790	367	185	16	22	338	32	379	2.54e-29	124
PfKE01_090005600|DBLb|1|744|1212	SenT136.09.g519	29.710	276	138	9	105	352	1271	1518	2.70e-19	94.0
PfKE01_090005600|DBLb|1|744|1212	SenT136.09.g519	29.482	251	132	10	107	351	2698	2909	9.30e-15	79.7
PfKE01_090005600|DBLb|1|744|1212	SenT136.09.g519	27.727	220	103	9	96	303	3016	3191	3.67e-13	74.7
PfKE01_090005600|DBLb|1|744|1212	SenT136.09.g519	23.653	334	176	13	107	388	1689	1995	1.05e-09	63.5
PfKE01_090005600|DBLb|1|744|1212	SenT136.09.g519	26.339	224	133	6	98	303	2337	2546	1.14e-07	57.0
PfKE01_090005600|DBLb|1|744|1212	PT0102-C.g453	70.332	482	124	8	1	469	739	1214	0.0	667
PfKE01_090005600|DBLb|1|744|1212	PT0102-C.g453	27.846	492	265	15	7	469	1614	2044	9.12e-41	158
PfKE01_090005600|DBLb|1|744|1212	PT0102-C.g453	30.831	373	199	14	22	351	36	392	1.76e-32	134
PfKE01_090005600|DBLb|1|744|1212	PT0102-C.g453	27.757	263	127	11	105	355	2094	2305	1.48e-18	91.7
PfKE01_090005600|DBLb|1|744|1212	PT0102-C.g453	25.478	314	167	11	70	351	1245	1523	7.18e-16	83.2
PfKE01_090005600|DBLb|1|744|1212	QG0258-C.g926	66.947	475	145	5	1	469	733	1201	0.0	643
PfKE01_090005600|DBLb|1|744|1212	QG0258-C.g926	33.230	322	160	13	16	303	22	322	5.41e-33	135
PfKE01_090005600|DBLg|1|1233|1609	PFKE01.g14	100.000	377	0	0	1	377	1233	1609	0.0	783
PfKE01_090005600|DBLg|1|1233|1609	PFKE01.g14	25.237	317	179	13	10	298	808	1094	1.42e-11	68.6
PfKE01_090005600|DBLg|1|1233|1609	PFKE01.g14	23.324	343	207	13	25	340	1690	2003	1.90e-10	65.1
PfKE01_090005600|DBLg|1|1233|1609	PF0011-C.g80	77.778	387	76	2	1	377	1218	1604	0.0	613
PfKE01_090005600|DBLg|1|1233|1609	PF0011-C.g80	26.721	247	130	5	41	280	2085	2287	2.53e-16	83.2
PfKE01_090005600|DBLg|1|1233|1609	PF0011-C.g80	24.377	361	199	12	42	347	108	449	1.63e-14	77.8
PfKE01_090005600|DBLg|1|1233|1609	PF0011-C.g80	24.233	326	199	9	33	332	1690	1993	2.23e-14	77.4
PfKE01_090005600|DBLg|1|1233|1609	PF0011-C.g80	26.225	347	191	14	11	331	817	1124	6.92e-13	72.8
PfKE01_090005600|DBLg|1|1233|1609	PT0117-C.g544	77.778	387	76	2	1	377	1223	1609	0.0	613
PfKE01_090005600|DBLg|1|1233|1609	PT0117-C.g544	25.581	344	183	9	41	377	2090	2367	1.06e-19	93.6
PfKE01_090005600|DBLg|1|1233|1609	PT0117-C.g544	26.408	284	145	12	47	298	849	1100	2.11e-16	83.6
PfKE01_090005600|DBLg|1|1233|1609	PT0117-C.g544	24.233	326	199	9	33	332	1695	1998	1.79e-14	77.8
PfKE01_090005600|DBLg|1|1233|1609	PT0117-C.g544	24.092	303	169	11	38	298	106	389	2.18e-08	58.5
PfKE01_090005600|DBLg|1|1233|1609	PM0071-C.g281	74.541	381	88	4	1	377	1352	1727	1.49e-180	555
PfKE01_090005600|DBLg|1|1233|1609	PM0071-C.g281	23.810	357	205	13	10	323	926	1258	9.13e-14	75.5
PfKE01_090005600|DBLg|1|1233|1609	PM0071-C.g281	23.810	294	179	9	29	300	1812	2082	1.13e-11	68.9
PfKE01_090005600|DBLg|1|1233|1609	PM0071-C.g281	23.602	322	161	14	35	298	102	396	1.96e-10	65.1
PfKE01_090005600|DBLg|1|1233|1609	PT0222-C.g271	74.238	361	89	1	17	377	1593	1949	2.29e-173	537
PfKE01_090005600|DBLg|1|1233|1609	PT0222-C.g271	30.725	345	145	13	1	256	815	1154	4.87e-36	142
PfKE01_090005600|DBLg|1|1233|1609	PT0222-C.g271	23.567	314	198	8	33	324	2036	2329	3.58e-17	85.9
PfKE01_090005600|DBLg|1|1233|1609	PT0222-C.g271	24.021	383	207	16	35	352	106	469	4.10e-10	64.3
PfKE01_090005600|DBLz|1|1618|2043	PFKE01.g14	100.000	426	0	0	1	426	1618	2043	0.0	879
PfKE01_090005600|DBLz|1|1618|2043	PFKE01.g14	32.081	346	165	13	51	363	804	1112	5.08e-36	143
PfKE01_090005600|DBLz|1|1618|2043	PFKE01.g14	27.817	284	156	7	87	335	109	378	1.56e-27	118
PfKE01_090005600|DBLz|1|1618|2043	PFKE01.g14	23.432	303	181	11	73	351	1257	1532	7.16e-11	67.0
PfKE01_090005600|DBLz|1|1618|2043	PA0012-C.g552	85.047	428	60	3	1	426	1164	1589	0.0	737
PfKE01_090005600|DBLz|1|1618|2043	PA0012-C.g552	28.756	386	222	16	2	351	20	388	3.91e-27	117
PfKE01_090005600|DBLz|1|1618|2043	PA0012-C.g552	27.703	296	150	13	80	345	811	1072	5.30e-15	80.1
PfKE01_090005600|DBLz|1|1618|2043	PA0228-C.g1168	83.879	428	65	3	1	426	669	1094	0.0	725
PfKE01_090005600|DBLz|1|1618|2043	PA0228-C.g1168	26.102	295	166	9	164	426	1	275	2.63e-19	93.2
PfKE01_090005600|DBLz|1|1618|2043	PA0228-C.g1168	22.866	328	206	10	81	386	321	623	1.01e-11	69.7
PfKE01_090005600|DBLz|1|1618|2043	PF0207-C.g442	82.710	428	70	3	1	426	1574	1999	0.0	719
PfKE01_090005600|DBLz|1|1618|2043	PF0207-C.g442	26.961	408	212	14	70	426	813	1185	3.36e-31	129
PfKE01_090005600|DBLz|1|1618|2043	PF0207-C.g442	26.386	451	244	16	2	396	16	434	6.06e-29	122
PfKE01_090005600|DBLz|1|1618|2043	PF0207-C.g442	26.298	289	157	13	81	345	1226	1482	3.40e-15	80.5
PfKE01_090005600|DBLz|1|1618|2043	PA0186-C.g657	79.535	430	79	3	1	426	1172	1596	0.0	698
PfKE01_090005600|DBLz|1|1618|2043	PA0186-C.g657	28.032	371	209	15	2	335	20	369	3.85e-26	114
PfKE01_090005600|DBLz|1|1618|2043	PA0186-C.g657	20.962	291	167	9	81	346	830	1082	1.06e-09	63.2
PfKE01_090005600|ATS|1|2130|2569	PV0028-C.g50	81.857	463	54	6	1	440	2600	3055	0.0	724
PfKE01_090005600|ATS|1|2130|2569	PC0122-C.g100	85.412	425	52	4	1	423	1987	2403	0.0	694
PfKE01_090005600|ATS|1|2130|2569	PV0139-C.g46	83.144	439	64	5	3	440	2380	2809	0.0	687
PfKE01_090005600|ATS|1|2130|2569	PA0245-C.g998	76.824	466	74	6	1	440	1706	2163	0.0	686
PfKE01_090005600|ATS|1|2130|2569	QE0434-C.g814	80.045	441	72	6	1	440	2811	3236	0.0	676
PfKE01_100005500|NTS|1|1|72	PA0176-C.g40	100.000	72	0	0	1	72	1	72	6.69e-42	146
PfKE01_100005500|NTS|1|1|72	PFKE01.g282	100.000	72	0	0	1	72	1	72	5.52e-40	140
PfKE01_100005500|NTS|1|1|72	SenT113.09.g619	94.915	59	3	0	14	72	10	68	5.37e-29	109
PfKE01_100005500|NTS|1|1|72	PA0253-C.g819	94.915	59	3	0	14	72	10	68	1.26e-28	108
PfKE01_100005500|NTS|1|1|72	PV0233-C.g160	72.857	70	18	1	4	72	7	76	3.35e-22	90.1
PfKE01_100005500|DBLa|1|73|501	PFKE01.g282	100.000	429	0	0	1	429	73	501	0.0	899
PfKE01_100005500|DBLa|1|73|501	PFKE01.g282	27.650	217	114	9	222	429	1263	1445	6.51e-10	63.9
PfKE01_100005500|DBLa|1|73|501	PA0253-C.g819	74.201	438	103	4	1	429	69	505	0.0	639
PfKE01_100005500|DBLa|1|73|501	SenT113.09.g619	74.201	438	103	4	1	429	69	505	0.0	639
PfKE01_100005500|DBLa|1|73|501	SenT113.09.g619	23.647	351	201	11	114	429	1024	1342	1.07e-09	63.2
PfKE01_100005500|DBLa|1|73|501	PFKE11.g360	65.934	455	121	6	1	429	59	505	0.0	575
PfKE01_100005500|DBLa|1|73|501	PFKE11.g360	30.198	202	100	8	232	429	1209	1373	1.32e-12	72.4
PfKE01_100005500|DBLa|1|73|501	PM0051-C.g1177	65.284	458	121	10	1	429	72	520	0.0	575
PfKE01_100005500|DBLa|1|73|501	PM0051-C.g1177	24.513	359	193	13	110	429	1149	1468	8.83e-15	79.3
PfKE01_100005500|CIDRa|1|502|806	PFKE01.g282	100.000	305	0	0	1	305	502	806	0.0	638
PfKE01_100005500|CIDRa|1|502|806	PM0108-C.g1058	82.109	313	47	4	1	305	521	832	3.38e-149	460
PfKE01_100005500|CIDRa|1|502|806	PF0190-C.g395	76.452	310	67	5	1	305	503	811	8.90e-129	405
PfKE01_100005500|CIDRa|1|502|806	PC0113-C.g728	60.377	318	102	7	1	305	183	489	8.06e-114	360
PfKE01_100005500|CIDRa|1|502|806	PV0301-C.g83	65.605	314	95	4	1	304	331	641	1.35e-109	351
PfKE01_100005500|DBLd|1|879|1445	PFKE01.g282	100.000	567	0	0	1	567	879	1445	0.0	1163
PfKE01_100005500|DBLd|1|879|1445	PFKE01.g282	27.861	201	105	8	401	567	307	501	2.96e-10	65.9
PfKE01_100005500|DBLd|1|879|1445	PA0270-C.g845	50.692	578	220	17	1	567	888	1411	7.85e-164	512
PfKE01_100005500|DBLd|1|879|1445	PA0270-C.g845	35.780	109	65	3	401	509	322	425	8.80e-12	70.9
PfKE01_100005500|DBLd|1|879|1445	PM0015-C.g10	50.166	602	219	22	1	567	196	751	6.92e-159	485
PfKE01_100005500|DBLd|1|879|1445	QE0455-C.g729	51.536	586	217	25	1	567	825	1362	2.32e-154	485
PfKE01_100005500|DBLd|1|879|1445	QE0455-C.g729	34.400	125	67	5	400	517	291	407	2.85e-09	62.8
PfKE01_100005500|DBLd|1|879|1445	SenT143.09.g1479	52.076	578	226	22	1	567	887	1424	7.91e-153	482
PfKE01_100005500|DBLd|1|879|1445	SenT143.09.g1479	34.545	110	64	4	392	500	309	411	5.30e-09	62.0
PfKE01_100005500|CIDRb|1|1446|1702	PFKE01.g282	100.000	257	0	0	1	257	1446	1702	1.28e-176	533
PfKE01_100005500|CIDRb|1|1446|1702	PA0168-C.g796	68.992	258	75	3	1	256	1315	1569	2.01e-112	356
PfKE01_100005500|CIDRb|1|1446|1702	PC0054-C.g618	65.769	260	83	3	1	257	2118	2374	2.37e-103	331
PfKE01_100005500|CIDRb|1|1446|1702	PA0144-C.g641	64.822	253	84	2	1	251	1425	1674	1.23e-101	326
PfKE01_100005500|CIDRb|1|1446|1702	PT0008-CW.g449	62.642	265	88	5	1	256	1343	1605	4.42e-99	318
PfKE01_100005500|CIDRb|1|1446|1702	PT0008-CW.g449	27.673	159	80	4	108	247	614	756	1.22e-10	63.9
PfKE01_100005500|ATS|1|1820|2288	PA0245-C.g998	82.947	475	58	6	1	469	1706	2163	0.0	758
PfKE01_100005500|ATS|1|1820|2288	QE0436-C.g591	82.688	491	62	4	1	469	1702	2191	0.0	726
PfKE01_100005500|ATS|1|1820|2288	PC0122-C.g587	81.366	483	74	5	1	469	3364	3844	0.0	715
PfKE01_100005500|ATS|1|1820|2288	PA0270-C.g443	79.025	472	79	7	1	469	2185	2639	0.0	710
PfKE01_100005500|ATS|1|1820|2288	PV0028-C.g50	78.557	485	59	9	1	469	2600	3055	0.0	709
PfKE01_110005600|NTS|1|1|67	PFKE01.g199	100.000	67	0	0	1	67	1	67	4.11e-39	137
PfKE01_110005600|NTS|1|1|67	PF0489-C.g698	78.947	57	12	0	1	57	1	57	1.24e-23	94.0
PfKE01_110005600|NTS|1|1|67	QG0190-C.g954	67.647	68	21	1	1	67	1	68	1.49e-22	90.9
PfKE01_110005600|NTS|1|1|67	PV0094-C.g44	75.472	53	13	0	1	53	1	53	2.18e-22	90.5
PfKE01_110005600|NTS|1|1|67	QE0398-C.g780	75.472	53	13	0	1	53	1	53	7.35e-22	89.0
PfKE01_110005600|DBLa|1|68|485	PFKE01.g199	100.000	418	0	0	1	418	68	485	0.0	884
PfKE01_110005600|DBLa|1|68|485	PFKE01.g199	36.702	188	98	5	235	418	1185	1355	8.33e-17	85.5
PfKE01_110005600|DBLa|1|68|485	PF0122-C.g418	79.810	421	81	2	1	418	67	486	0.0	669
PfKE01_110005600|DBLa|1|68|485	PF0122-C.g418	28.839	267	132	10	192	418	1408	1656	8.46e-19	91.7
PfKE01_110005600|DBLa|1|68|485	PF0122-C.g418	23.028	317	170	10	36	333	812	1073	1.95e-07	55.8
PfKE01_110005600|DBLa|1|68|485	PC0061-C.g964	79.810	421	81	2	1	418	67	486	0.0	669
PfKE01_110005600|DBLa|1|68|485	PC0061-C.g964	28.936	235	117	8	192	386	1386	1610	3.37e-17	86.7
PfKE01_110005600|DBLa|1|68|485	PC0061-C.g964	27.236	246	150	9	48	286	820	1043	1.58e-07	56.2
PfKE01_110005600|DBLa|1|68|485	SenT230.08.g557	79.810	421	81	2	1	418	67	486	0.0	668
PfKE01_110005600|DBLa|1|68|485	SenT230.08.g557	23.248	314	169	11	36	333	812	1069	3.96e-07	55.1
PfKE01_110005600|DBLa|1|68|485	QG0186-C.g826	74.822	421	101	2	1	418	68	486	0.0	659
PfKE01_110005600|DBLa|1|68|485	QG0186-C.g826	30.702	114	72	2	233	339	1173	1286	2.06e-10	65.5
PfKE01_110005600|CIDRa|1|486|734	PFKE01.g199	100.000	249	0	0	1	249	486	734	3.57e-170	514
PfKE01_110005600|CIDRa|1|486|734	PFKE01.g199	24.667	150	102	4	67	213	1435	1576	3.36e-08	56.2
PfKE01_110005600|CIDRa|1|486|734	PA0084-C.g932	70.445	247	67	3	1	247	481	721	4.83e-104	332
PfKE01_110005600|CIDRa|1|486|734	PT0039-C.g527	69.919	246	68	3	1	246	476	715	1.01e-102	328
PfKE01_110005600|CIDRa|1|486|734	PA0207-C.g625	67.442	258	72	5	1	248	478	733	1.24e-100	323
PfKE01_110005600|CIDRa|1|486|734	PD0543-C.g707	60.153	261	90	3	1	248	473	732	1.68e-95	308
PfKE01_110005600|CIDRa|1|486|734	PD0543-C.g707	29.508	183	110	8	70	243	1419	1591	2.46e-08	56.6
PfKE01_110005600|DBLd|1|822|1355	PFKE01.g199	100.000	534	0	0	1	534	822	1355	0.0	1104
PfKE01_110005600|DBLd|1|822|1355	PFKE01.g199	36.702	188	98	5	364	534	302	485	4.40e-22	103
PfKE01_110005600|DBLd|1|822|1355	SenT125.11.g781	53.552	549	173	22	1	534	244	725	1.55e-162	493
PfKE01_110005600|DBLd|1|822|1355	SenT140.11.g481	51.773	564	211	22	1	534	430	962	3.41e-159	490
PfKE01_110005600|DBLd|1|822|1355	SenT097.11.g411	51.773	564	211	22	1	534	403	935	4.49e-159	489
PfKE01_110005600|DBLd|1|822|1355	PT0095-C.g471	52.459	549	182	21	1	534	876	1360	1.90e-156	490
PfKE01_110005600|DBLd|1|822|1355	PT0095-C.g471	25.148	338	176	14	236	534	205	504	6.36e-16	84.0
PfKE01_110005600|CIDRg|1|1356|1625	PFKE01.g199	100.000	270	0	0	1	270	1356	1625	0.0	561
PfKE01_110005600|CIDRg|1|1356|1625	PFKE01.g199	24.747	198	133	6	80	269	552	741	6.33e-09	58.9
PfKE01_110005600|CIDRg|1|1356|1625	PC0026-C.g13	70.956	272	71	5	1	268	915	1182	7.41e-110	347
PfKE01_110005600|CIDRg|1|1356|1625	PC0026-C.g13	23.881	201	140	7	78	270	158	353	6.87e-07	52.8
PfKE01_110005600|CIDRg|1|1356|1625	PM0146-C.g512	65.818	275	83	5	1	270	1447	1715	2.22e-105	337
PfKE01_110005600|CIDRg|1|1356|1625	PF0617-C.g747	65.818	275	83	5	1	270	1318	1586	2.68e-105	337
PfKE01_110005600|CIDRg|1|1356|1625	PF0617-C.g747	25.726	241	133	10	1	222	466	679	1.94e-07	54.3
PfKE01_110005600|CIDRg|1|1356|1625	PT0181-C.g2379	65.091	275	83	4	1	270	1383	1649	2.30e-104	334
PfKE01_110005600|ATS|1|1740|2198	PA0245-C.g998	80.952	462	81	4	1	459	1706	2163	0.0	747
PfKE01_110005600|ATS|1|1740|2198	PFKE12.g291	82.863	461	41	5	1	427	1061	1517	0.0	720
PfKE01_110005600|ATS|1|1740|2198	PV0028-C.g50	79.704	473	65	8	1	459	2600	3055	0.0	719
PfKE01_110005600|ATS|1|1740|2198	PA0245-C.g391	79.521	459	71	6	1	459	2512	2947	0.0	708
PfKE01_110005600|ATS|1|1740|2198	PFKE09.g563	81.996	461	62	9	1	459	775	1216	0.0	707
PfKE01_120005400|NTS|1|1|59	PA0165-C.g10	100.000	59	0	0	1	59	1	59	3.95e-33	120
PfKE01_120005400|NTS|1|1|59	PFKE01.g190	100.000	59	0	0	1	59	1	59	4.85e-33	120
PfKE01_120005400|NTS|1|1|59	QG0196-C.g864	86.441	59	8	0	1	59	1	59	3.41e-28	106
PfKE01_120005400|NTS|1|1|59	PD0582-C.g745	79.661	59	10	1	3	59	4	62	4.63e-22	89.0
PfKE01_120005400|NTS|1|1|59	PD0507-C.g724	79.661	59	10	1	3	59	4	62	5.00e-22	89.0
PfKE01_120005400|DBLa|1|60|493	PFKE01.g190	100.000	434	0	0	1	434	60	493	0.0	907
PfKE01_120005400|DBLa|1|60|493	PFKE01.g190	25.000	256	136	10	126	341	1089	1328	1.22e-09	63.2
PfKE01_120005400|DBLa|1|60|493	PA0165-C.g10	99.309	434	2	1	1	434	60	492	0.0	896
PfKE01_120005400|DBLa|1|60|493	PA0165-C.g10	25.796	314	174	12	149	434	1118	1400	1.57e-12	72.4
PfKE01_120005400|DBLa|1|60|493	QG0196-C.g864	94.749	438	19	2	1	434	60	497	0.0	856
PfKE01_120005400|DBLa|1|60|493	QG0196-C.g864	25.455	330	167	14	138	434	1181	1464	7.14e-10	63.9
PfKE01_120005400|DBLa|1|60|493	QG0247-C.g3394	82.561	453	52	6	1	434	60	504	0.0	732
PfKE01_120005400|DBLa|1|60|493	QG0247-C.g3394	24.302	358	202	13	114	434	1029	1354	7.03e-09	60.8
PfKE01_120005400|DBLa|1|60|493	PD0507-C.g724	73.134	469	85	7	1	434	63	525	0.0	669
PfKE01_120005400|DBLa|1|60|493	PD0507-C.g724	25.571	219	110	7	187	362	1165	1373	1.93e-07	56.2
PfKE01_120005400|CIDRa|1|494|791	PFKE01.g190	100.000	298	0	0	1	298	494	791	0.0	607
PfKE01_120005400|CIDRa|1|494|791	PA0165-C.g10	99.329	298	2	0	1	298	493	790	0.0	603
PfKE01_120005400|CIDRa|1|494|791	PF0789-C.g348	81.063	301	51	3	1	298	514	811	5.55e-152	468
PfKE01_120005400|CIDRa|1|494|791	PM0021-C.g660	75.000	308	62	3	1	298	530	832	1.83e-145	450
PfKE01_120005400|CIDRa|1|494|791	PT0225-C.g725	76.898	303	56	5	1	292	523	822	3.95e-139	433
PfKE01_120005400|DBLd|1|884|1398	PFKE01.g190	99.806	515	1	0	1	515	884	1398	0.0	1066
PfKE01_120005400|DBLd|1|884|1398	PFKE01.g190	27.273	352	171	18	206	515	185	493	4.49e-16	84.3
PfKE01_120005400|DBLd|1|884|1398	PM0160-C.g716	52.910	567	167	20	1	515	921	1439	1.03e-157	493
PfKE01_120005400|DBLd|1|884|1398	PM0160-C.g716	24.907	269	146	11	206	451	202	437	1.79e-12	72.8
PfKE01_120005400|DBLd|1|884|1398	QE0474-C.g741	54.880	543	158	21	1	515	923	1406	1.30e-156	490
PfKE01_120005400|DBLd|1|884|1398	QE0474-C.g741	25.616	203	98	7	261	454	245	403	6.77e-11	67.8
PfKE01_120005400|DBLd|1|884|1398	PT0256-C.g518	49.488	586	181	17	1	515	891	1432	1.20e-151	477
PfKE01_120005400|DBLd|1|884|1398	PT0256-C.g518	27.551	196	95	7	258	444	242	399	3.00e-10	65.5
PfKE01_120005400|DBLd|1|884|1398	PD0496-C.g650	53.700	527	180	18	1	515	1383	1857	1.26e-143	458
PfKE01_120005400|DBLd|1|884|1398	PD0496-C.g650	25.769	260	136	11	206	451	202	418	5.19e-11	68.2
PfKE01_120005400|CIDRb|1|1399|1653	PFKE01.g190	100.000	255	0	0	1	255	1399	1653	1.27e-172	521
PfKE01_120005400|CIDRb|1|1399|1653	QE0474-C.g741	83.137	255	37	2	1	255	1407	1655	1.22e-134	418
PfKE01_120005400|CIDRb|1|1399|1653	PM0160-C.g716	80.800	250	47	1	1	250	1440	1688	1.22e-122	385
PfKE01_120005400|CIDRb|1|1399|1653	PF0393-CW.g191	66.667	258	79	5	1	255	1393	1646	9.15e-99	318
PfKE01_120005400|CIDRb|1|1399|1653	QG0260-C.g941	63.780	254	89	2	1	253	1413	1664	1.76e-95	308
PfKE01_120005400|ATS|1|1777|2291	PC0104-C.g515	78.462	520	74	9	2	515	1695	2182	0.0	732
PfKE01_120005400|ATS|1|1777|2291	PV0239-C.g10	74.953	531	82	11	2	515	3362	3858	0.0	719
PfKE01_120005400|ATS|1|1777|2291	PFKE12.g465	73.823	531	80	10	2	515	1774	2262	0.0	715
PfKE01_120005400|ATS|1|1777|2291	PV0139-C.g62	75.956	549	65	12	2	515	1705	2221	0.0	713
PfKE01_120005400|ATS|1|1777|2291	PA0245-C.g998	73.501	517	74	8	2	515	1707	2163	0.0	699
PfKE01_120006100|NTSpam|1|1|51	PFKE01.g12	100.000	51	0	0	1	51	1	51	1.47e-27	104
PfKE01_120006100|NTSpam|1|1|51	SenT084.10.g3380	94.118	51	3	0	1	51	1	51	1.30e-25	98.6
PfKE01_120006100|NTSpam|1|1|51	PA0081-C.g394	92.157	51	4	0	1	51	1	51	2.49e-25	97.8
PfKE01_120006100|NTSpam|1|1|51	PF0133-C.g458	92.157	51	4	0	1	51	1	51	2.66e-25	97.8
PfKE01_120006100|NTSpam|1|1|51	PF0524-C.g289	92.157	51	4	0	1	51	1	51	2.71e-25	97.8
PfKE01_120006100|DBLpam1|1|52|428	PFKE01.g12	100.000	377	0	0	1	377	52	428	0.0	782
PfKE01_120006100|DBLpam1|1|52|428	PFKE01.g12	30.576	278	150	11	40	286	575	840	3.72e-25	110
PfKE01_120006100|DBLpam1|1|52|428	PFKE01.g12	23.102	303	180	10	43	335	2397	2656	8.00e-13	72.8
PfKE01_120006100|DBLpam1|1|52|428	PFKE01.g12	23.256	344	207	13	9	340	2028	2326	4.47e-10	63.9
PfKE01_120006100|DBLpam1|1|52|428	PFKE01.g12	25.517	290	160	13	43	310	1654	1909	7.66e-10	63.2
PfKE01_120006100|DBLpam1|1|52|428	PFKE01.g12	23.344	317	171	14	24	301	1281	1564	9.90e-10	62.8
PfKE01_120006100|DBLpam1|1|52|428	PA0263-C.g740	88.624	378	42	1	1	377	51	428	0.0	692
PfKE01_120006100|DBLpam1|1|52|428	PA0263-C.g740	29.104	268	153	12	40	286	574	825	1.37e-21	99.4
PfKE01_120006100|DBLpam1|1|52|428	PA0263-C.g740	22.121	330	175	12	24	301	1260	1559	3.03e-09	61.2
PfKE01_120006100|DBLpam1|1|52|428	PA0263-C.g740	23.432	303	170	13	9	291	2029	2289	5.61e-09	60.5
PfKE01_120006100|DBLpam1|1|52|428	PA0263-C.g740	24.917	301	155	15	43	310	1649	1911	1.02e-07	56.6
PfKE01_120006100|DBLpam1|1|52|428	PA0059-C.g51	88.624	378	42	1	1	377	51	428	0.0	692
PfKE01_120006100|DBLpam1|1|52|428	PA0059-C.g51	28.731	268	154	11	40	286	574	825	1.54e-21	99.4
PfKE01_120006100|DBLpam1|1|52|428	PA0059-C.g51	27.626	257	137	9	43	297	2416	2625	1.15e-13	75.1
PfKE01_120006100|DBLpam1|1|52|428	PA0059-C.g51	22.727	352	210	13	9	339	2033	2343	1.23e-09	62.8
PfKE01_120006100|DBLpam1|1|52|428	PA0059-C.g51	22.121	330	175	12	24	301	1257	1556	3.39e-09	61.2
PfKE01_120006100|DBLpam1|1|52|428	PA0059-C.g51	24.252	301	163	13	43	310	1646	1914	9.07e-07	53.5
PfKE01_120006100|DBLpam1|1|52|428	QE0453-C.g309	88.594	377	42	1	1	376	52	428	0.0	681
PfKE01_120006100|DBLpam1|1|52|428	QE0453-C.g309	29.070	258	132	10	40	286	575	792	4.78e-20	94.7
PfKE01_120006100|DBLpam1|1|52|428	QE0453-C.g309	23.381	278	157	11	27	302	2013	2236	1.28e-09	62.8
PfKE01_120006100|DBLpam1|1|52|428	QE0453-C.g309	22.699	326	176	13	24	301	1220	1517	6.51e-09	60.5
PfKE01_120006100|DBLpam1|1|52|428	QE0453-C.g309	25.084	299	156	15	43	310	1607	1868	5.54e-08	57.4
PfKE01_120006100|DBLpam1|1|52|428	PV0023-C.g10	88.329	377	42	2	1	376	51	426	0.0	674
PfKE01_120006100|DBLpam1|1|52|428	PV0023-C.g10	33.459	266	133	13	40	286	540	780	2.33e-25	110
PfKE01_120006100|DBLpam1|1|52|428	PV0023-C.g10	25.795	283	166	9	25	306	2331	2570	1.63e-13	74.7
PfKE01_120006100|DBLpam1|1|52|428	PV0023-C.g10	22.253	364	219	14	9	351	1968	2288	1.18e-10	65.9
PfKE01_120006100|DBLpam1|1|52|428	PV0023-C.g10	22.713	317	174	13	24	301	1214	1498	4.30e-09	60.8
PfKE01_120006100|DBLpam1|1|52|428	PV0023-C.g10	24.828	290	168	12	43	310	1588	1849	3.10e-07	55.1
PfKE01_120006100|DBLpam2|1|528|1002	PFKE01.g12	100.000	475	0	0	1	475	528	1002	0.0	971
PfKE01_120006100|DBLpam2|1|528|1002	PFKE01.g12	29.755	326	177	14	3	313	49	337	2.87e-25	112
PfKE01_120006100|DBLpam2|1|528|1002	PFKE01.g12	26.531	294	141	12	53	346	2399	2617	2.73e-16	84.7
PfKE01_120006100|DBLpam2|1|528|1002	PFKE01.g12	24.615	325	164	13	41	345	1649	1912	1.80e-10	66.2
PfKE01_120006100|DBLpam2|1|528|1002	PFKE01.g12	27.897	233	111	9	53	284	2071	2247	2.89e-09	62.4
PfKE01_120006100|DBLpam2|1|528|1002	PFKE01.g12	25.743	303	164	14	32	314	1285	1546	3.46e-07	55.5
PfKE01_120006100|DBLpam2|1|528|1002	PT0181-C.g2135	97.263	475	12	1	1	475	129	602	0.0	940
PfKE01_120006100|DBLpam2|1|528|1002	PT0181-C.g2135	24.516	310	195	10	41	345	1249	1524	4.02e-11	68.2
PfKE01_120006100|DBLpam2|1|528|1002	PT0181-C.g2135	26.136	264	124	12	53	314	2017	2211	4.82e-11	67.8
PfKE01_120006100|DBLpam2|1|528|1002	PT0181-C.g2135	28.448	232	113	8	53	284	1683	1861	2.66e-08	59.3
PfKE01_120006100|DBLpam2|1|528|1002	PT0181-C.g2135	24.756	307	162	13	32	314	885	1146	9.85e-08	57.4
PfKE01_120006100|DBLpam2|1|528|1002	QG0196-C.g438	96.421	475	13	2	1	475	532	1002	0.0	932
PfKE01_120006100|DBLpam2|1|528|1002	QG0196-C.g438	27.703	296	172	11	29	313	75	339	1.87e-21	100
PfKE01_120006100|DBLpam2|1|528|1002	QG0196-C.g438	26.875	320	180	9	53	349	2781	3069	7.74e-19	92.8
PfKE01_120006100|DBLpam2|1|528|1002	QG0196-C.g438	29.365	252	110	10	53	304	3170	3353	8.39e-13	73.6
PfKE01_120006100|DBLpam2|1|528|1002	QG0196-C.g438	25.468	267	124	9	53	314	2407	2603	2.13e-11	69.3
PfKE01_120006100|DBLpam2|1|528|1002	QG0196-C.g438	25.478	314	177	13	41	345	1649	1914	6.07e-11	67.8
PfKE01_120006100|DBLpam2|1|528|1002	QG0196-C.g438	26.689	296	142	12	53	342	2074	2300	1.53e-07	56.6
PfKE01_120006100|DBLpam2|1|528|1002	QG0196-C.g438	24.756	307	162	13	32	314	1285	1546	1.85e-07	56.6
PfKE01_120006100|DBLpam2|1|528|1002	PF0399-C.g350	90.586	478	40	3	1	475	526	1001	0.0	841
PfKE01_120006100|DBLpam2|1|528|1002	PF0399-C.g350	28.519	270	153	11	53	313	95	333	2.34e-20	97.1
PfKE01_120006100|DBLpam2|1|528|1002	QG0204-C.g343	86.316	475	55	3	1	475	529	993	0.0	802
PfKE01_120006100|DBLpam2|1|528|1002	QG0204-C.g343	28.308	325	183	15	3	313	49	337	1.63e-23	107
PfKE01_120006100|DBLpam2|1|528|1002	QG0204-C.g343	29.333	300	166	11	53	348	2795	3052	1.45e-22	104
PfKE01_120006100|DBLpam2|1|528|1002	QG0204-C.g343	25.705	319	174	11	41	345	1628	1897	1.79e-14	79.0
PfKE01_120006100|DBLpam2|1|528|1002	QG0204-C.g343	26.733	303	154	12	12	311	2348	2585	4.70e-11	68.2
PfKE01_120006100|DBLpam2|1|528|1002	QG0204-C.g343	27.572	243	123	7	53	295	2056	2245	4.85e-09	61.6
PfKE01_120006100|CIDRpam|1|1011|1239	PFKE01.g12	100.000	229	0	0	1	229	1011	1239	8.47e-152	468
PfKE01_120006100|CIDRpam|1|1011|1239	PC0061-C.g236	92.140	229	18	0	1	229	101	329	2.13e-138	419
PfKE01_120006100|CIDRpam|1|1011|1239	PH0286-CW.g498	94.760	229	12	0	1	229	253	481	6.80e-136	422
PfKE01_120006100|CIDRpam|1|1011|1239	QG0196-C.g438	91.266	229	20	0	1	229	1011	1239	8.40e-136	423
PfKE01_120006100|CIDRpam|1|1011|1239	PF0207-C.g501	89.956	229	23	0	1	229	975	1203	8.57e-136	419
PfKE01_120006100|DBLpam3|1|1258|1610	PFKE01.g12	100.000	353	0	0	1	353	1258	1610	0.0	722
PfKE01_120006100|DBLpam3|1|1258|1610	PFKE01.g12	24.427	262	152	7	42	303	2070	2285	3.25e-16	82.8
PfKE01_120006100|DBLpam3|1|1258|1610	PFKE01.g12	23.860	285	160	10	42	307	1655	1901	4.37e-13	73.2
PfKE01_120006100|DBLpam3|1|1258|1610	PFKE01.g12	29.508	183	100	6	125	303	2455	2612	3.59e-10	63.9
PfKE01_120006100|DBLpam3|1|1258|1610	PFKE01.g12	23.344	317	171	14	24	307	75	352	1.33e-09	62.4
PfKE01_120006100|DBLpam3|1|1258|1610	PFKE01.g12	25.743	303	164	14	28	289	559	841	3.47e-07	54.7
PfKE01_120006100|DBLpam3|1|1258|1610	PM0073-C.g1533	97.167	353	10	0	1	353	246	598	0.0	699
PfKE01_120006100|DBLpam3|1|1258|1610	PM0073-C.g1533	23.826	298	163	11	42	311	643	904	1.52e-10	65.1
PfKE01_120006100|DBLpam3|1|1258|1610	QG0196-C.g438	95.751	353	15	0	1	353	1258	1610	0.0	694
PfKE01_120006100|DBLpam3|1|1258|1610	QG0196-C.g438	26.045	311	179	11	42	346	2073	2338	7.77e-15	78.6
PfKE01_120006100|DBLpam3|1|1258|1610	QG0196-C.g438	24.232	293	158	12	42	311	1655	1906	1.20e-11	68.6
PfKE01_120006100|DBLpam3|1|1258|1610	QG0196-C.g438	25.078	319	176	13	19	307	69	354	2.37e-10	64.7
PfKE01_120006100|DBLpam3|1|1258|1610	QG0196-C.g438	27.528	178	104	5	126	303	3225	3377	6.99e-09	60.1
PfKE01_120006100|DBLpam3|1|1258|1610	QG0196-C.g438	23.203	306	162	12	36	324	3481	3730	4.96e-08	57.4
PfKE01_120006100|DBLpam3|1|1258|1610	QG0196-C.g438	26.087	184	106	6	125	305	2463	2619	1.12e-07	56.2
PfKE01_120006100|DBLpam3|1|1258|1610	PT0181-C.g2135	95.751	353	15	0	1	353	858	1210	0.0	691
PfKE01_120006100|DBLpam3|1|1258|1610	PT0181-C.g2135	23.148	324	186	9	36	346	1676	1949	6.32e-15	78.6
PfKE01_120006100|DBLpam3|1|1258|1610	PT0181-C.g2135	26.748	329	162	15	42	353	2016	2282	6.80e-13	72.4
PfKE01_120006100|DBLpam3|1|1258|1610	PT0181-C.g2135	23.129	294	163	11	42	307	1255	1513	2.93e-11	67.4
PfKE01_120006100|DBLpam3|1|1258|1610	PT0181-C.g2135	25.658	304	165	14	27	289	158	441	8.83e-07	53.5
PfKE01_120006100|DBLpam3|1|1258|1610	PFKE12.g77	93.785	354	21	1	1	353	1260	1613	0.0	679
PfKE01_120006100|DBLpam3|1|1258|1610	PFKE12.g77	22.968	283	171	7	36	318	2072	2307	4.07e-13	73.2
PfKE01_120006100|DBLpam3|1|1258|1610	PFKE12.g77	23.024	291	167	11	42	311	1658	1912	8.84e-13	72.0
PfKE01_120006100|DBLpam3|1|1258|1610	PFKE12.g77	23.988	321	167	10	39	323	2758	3037	1.72e-12	71.2
PfKE01_120006100|DBLpam3|1|1258|1610	PFKE12.g77	26.573	286	156	9	40	291	577	842	3.11e-12	70.5
PfKE01_120006100|DBLpam3|1|1258|1610	PFKE12.g77	23.986	296	163	11	42	328	3125	3367	1.33e-11	68.6
PfKE01_120006100|DBLpam3|1|1258|1610	PFKE12.g77	28.571	203	115	8	123	319	2462	2640	1.93e-10	65.1
PfKE01_120006100|DBLpam3|1|1258|1610	PFKE12.g77	23.418	316	182	14	19	307	69	351	8.09e-09	59.7
PfKE01_120006100|DBLe|1|1612|1943	PFKE01.g12	100.000	332	0	0	1	332	1612	1943	0.0	694
PfKE01_120006100|DBLe|1|1612|1943	PFKE01.g12	29.391	279	160	10	43	320	2069	2311	9.22e-23	101
PfKE01_120006100|DBLe|1|1612|1943	PFKE01.g12	24.567	289	160	11	44	293	1299	1568	6.74e-13	72.0
PfKE01_120006100|DBLe|1|1612|1943	PFKE01.g12	24.615	325	164	13	38	301	568	872	1.84e-10	64.7
PfKE01_120006100|DBLe|1|1612|1943	PFKE01.g12	25.517	290	160	13	43	298	94	361	3.51e-10	63.9
PfKE01_120006100|DBLe|1|1612|1943	PFKE01.g12	23.656	279	157	9	24	289	2380	2615	1.51e-08	58.9
PfKE01_120006100|DBLe|1|1612|1943	QG0200-C.g754	97.892	332	7	0	1	332	295	626	0.0	679
PfKE01_120006100|DBLe|1|1612|1943	QG0200-C.g754	27.758	281	174	8	43	320	751	1005	8.15e-18	87.0
PfKE01_120006100|DBLe|1|1612|1943	QG0200-C.g754	24.359	312	191	11	1	303	1047	1322	7.35e-13	72.0
PfKE01_120006100|DBLe|1|1612|1943	QG0200-C.g754	24.031	258	142	10	73	293	11	251	1.89e-09	61.6
PfKE01_120006100|DBLe|1|1612|1943	PH1003-C.g1249	97.289	332	9	0	1	332	1585	1916	0.0	676
PfKE01_120006100|DBLe|1|1612|1943	PH1003-C.g1249	28.470	281	167	10	43	320	2043	2292	4.16e-20	94.0
PfKE01_120006100|DBLe|1|1612|1943	PH1003-C.g1249	26.370	292	158	10	43	298	94	364	1.03e-12	71.6
PfKE01_120006100|DBLe|1|1612|1943	PH1003-C.g1249	24.727	275	174	7	45	301	584	843	1.06e-12	71.6
PfKE01_120006100|DBLe|1|1612|1943	PH1003-C.g1249	23.958	288	168	10	44	293	1267	1541	1.56e-10	64.7
PfKE01_120006100|DBLe|1|1612|1943	PH1003-C.g1249	23.529	306	174	11	1	289	2334	2596	1.46e-09	62.0
PfKE01_120006100|DBLe|1|1612|1943	PH0999-C.g1029	97.289	332	9	0	1	332	1585	1916	0.0	676
PfKE01_120006100|DBLe|1|1612|1943	PH0999-C.g1029	28.470	281	167	10	43	320	2043	2292	4.16e-20	94.0
PfKE01_120006100|DBLe|1|1612|1943	PH0999-C.g1029	26.370	292	158	10	43	298	94	364	1.03e-12	71.6
PfKE01_120006100|DBLe|1|1612|1943	PH0999-C.g1029	24.727	275	174	7	45	301	584	843	1.06e-12	71.6
PfKE01_120006100|DBLe|1|1612|1943	PH0999-C.g1029	23.958	288	168	10	44	293	1267	1541	1.56e-10	64.7
PfKE01_120006100|DBLe|1|1612|1943	PH0999-C.g1029	23.529	306	174	11	1	289	2334	2596	1.46e-09	62.0
PfKE01_120006100|DBLe|1|1612|1943	PH0578-C.g673	97.289	332	9	0	1	332	1585	1916	0.0	676
PfKE01_120006100|DBLe|1|1612|1943	PH0578-C.g673	28.470	281	167	10	43	320	2043	2292	4.16e-20	94.0
PfKE01_120006100|DBLe|1|1612|1943	PH0578-C.g673	26.370	292	158	10	43	298	94	364	1.03e-12	71.6
PfKE01_120006100|DBLe|1|1612|1943	PH0578-C.g673	24.727	275	174	7	45	301	584	843	1.06e-12	71.6
PfKE01_120006100|DBLe|1|1612|1943	PH0578-C.g673	23.958	288	168	10	44	293	1267	1541	1.56e-10	64.7
PfKE01_120006100|DBLe|1|1612|1943	PH0578-C.g673	23.529	306	174	11	1	289	2334	2596	1.46e-09	62.0
PfKE01_120006100|DBLe|2|2021|2315	PFKE01.g12	100.000	295	0	0	1	295	2021	2315	0.0	610
PfKE01_120006100|DBLe|2|2021|2315	PFKE01.g12	31.325	249	154	7	34	274	2382	2621	1.15e-24	106
PfKE01_120006100|DBLe|2|2021|2315	PFKE01.g12	28.571	280	159	9	50	291	1655	1931	1.09e-22	100
PfKE01_120006100|DBLe|2|2021|2315	PFKE01.g12	24.427	262	152	7	50	265	1299	1560	1.03e-16	82.8
PfKE01_120006100|DBLe|2|2021|2315	PFKE01.g12	27.155	232	114	8	51	227	580	811	1.04e-09	61.6
PfKE01_120006100|DBLe|2|2021|2315	PFKE01.g12	23.358	274	165	11	34	265	78	348	7.15e-09	59.3
PfKE01_120006100|DBLe|2|2021|2315	PV0112-C.g95	98.305	295	5	0	1	295	296	590	0.0	597
PfKE01_120006100|DBLe|2|2021|2315	PV0112-C.g95	31.325	249	154	7	34	274	657	896	7.48e-25	106
PfKE01_120006100|DBLe|2|2021|2315	PV0112-C.g95	26.699	206	118	6	118	291	1	205	7.66e-12	68.2
PfKE01_120006100|DBLe|2|2021|2315	PH0778-C.g122	96.271	295	11	0	1	295	1970	2264	0.0	582
PfKE01_120006100|DBLe|2|2021|2315	PH0778-C.g122	31.325	249	154	7	34	274	2331	2570	7.90e-25	106
PfKE01_120006100|DBLe|2|2021|2315	PH0778-C.g122	28.772	285	159	10	50	291	1597	1880	1.57e-20	94.4
PfKE01_120006100|DBLe|2|2021|2315	PH0778-C.g122	26.557	305	171	12	8	271	60	352	1.67e-17	85.1
PfKE01_120006100|DBLe|2|2021|2315	PH0778-C.g122	27.881	269	139	9	51	268	574	838	5.69e-15	77.8
PfKE01_120006100|DBLe|2|2021|2315	PH0778-C.g122	23.438	256	151	8	50	265	1252	1502	1.69e-12	70.1
PfKE01_120006100|DBLe|2|2021|2315	PH0815-C.g1195	96.271	295	11	0	1	295	920	1214	0.0	581
PfKE01_120006100|DBLe|2|2021|2315	PH0815-C.g1195	31.325	249	154	7	34	274	1281	1520	6.61e-25	107
PfKE01_120006100|DBLe|2|2021|2315	PH0815-C.g1195	28.772	285	159	10	50	291	547	830	1.81e-20	94.0
PfKE01_120006100|DBLe|2|2021|2315	PH0815-C.g1195	23.438	256	151	8	50	265	202	452	1.48e-12	70.5
PfKE01_120006100|DBLe|2|2021|2315	PV0089-C.g26	94.576	295	16	0	1	295	1996	2290	0.0	576
PfKE01_120006100|DBLe|2|2021|2315	PV0089-C.g26	31.325	249	154	7	34	274	2357	2596	1.24e-24	106
PfKE01_120006100|DBLe|2|2021|2315	PV0089-C.g26	27.986	293	157	9	50	291	1616	1905	5.85e-21	95.5
PfKE01_120006100|DBLe|2|2021|2315	PV0089-C.g26	24.046	262	153	7	50	265	1260	1521	2.87e-16	81.6
PfKE01_120006100|DBLe|2|2021|2315	PV0089-C.g26	23.297	279	168	9	32	266	76	352	3.33e-12	69.3
PfKE01_120006100|DBLe|2|2021|2315	PV0089-C.g26	28.462	260	143	10	51	268	584	842	1.28e-10	64.7
PfKE01_120006100|DBLe|3|2353|2689	PFKE01.g12	100.000	337	0	0	1	337	2353	2689	0.0	694
PfKE01_120006100|DBLe|3|2353|2689	PFKE01.g12	31.325	249	154	7	30	269	2054	2294	1.49e-24	107
PfKE01_120006100|DBLe|3|2353|2689	PFKE01.g12	26.531	294	141	12	47	265	580	873	6.39e-16	81.3
PfKE01_120006100|DBLe|3|2353|2689	PFKE01.g12	22.903	310	168	12	47	304	96	386	1.50e-12	71.2
PfKE01_120006100|DBLe|3|2353|2689	PFKE01.g12	29.508	183	100	6	103	260	1382	1560	7.36e-11	65.9
PfKE01_120006100|DBLe|3|2353|2689	PFKE01.g12	24.042	287	146	11	28	263	1635	1900	1.61e-08	58.5
PfKE01_120006100|DBLe|3|2353|2689	PV0089-C.g26	99.703	337	1	0	1	337	2328	2664	0.0	691
PfKE01_120006100|DBLe|3|2353|2689	PV0089-C.g26	30.909	275	167	10	30	294	2029	2290	9.08e-25	107
PfKE01_120006100|DBLe|3|2353|2689	PV0089-C.g26	32.051	234	124	9	47	247	584	815	6.55e-18	87.4
PfKE01_120006100|DBLe|3|2353|2689	PV0089-C.g26	30.435	184	97	6	103	260	1343	1521	1.46e-12	71.2
PfKE01_120006100|DBLe|3|2353|2689	PV0089-C.g26	23.247	271	164	9	40	267	89	358	6.14e-11	66.2
PfKE01_120006100|DBLe|3|2353|2689	PV0089-C.g26	23.148	324	166	14	1	263	1573	1874	4.23e-09	60.5
PfKE01_120006100|DBLe|3|2353|2689	PH0279-C.g21	98.813	337	4	0	1	337	2315	2651	0.0	683
PfKE01_120006100|DBLe|3|2353|2689	PH0279-C.g21	30.657	274	169	9	30	294	2016	2277	4.98e-24	105
PfKE01_120006100|DBLe|3|2353|2689	PH0279-C.g21	29.839	248	114	10	47	247	577	811	3.80e-18	88.2
PfKE01_120006100|DBLe|3|2353|2689	PH0279-C.g21	26.429	280	158	12	38	270	83	361	2.67e-13	73.6
PfKE01_120006100|DBLe|3|2353|2689	PH0279-C.g21	30.601	183	99	7	103	260	1336	1515	6.42e-11	66.2
PfKE01_120006100|DBLe|3|2353|2689	PH0279-C.g21	23.355	304	184	11	1	263	1567	1862	1.13e-09	62.4
PfKE01_120006100|DBLe|3|2353|2689	PH0778-C.g122	98.220	337	6	0	1	337	2302	2638	0.0	682
PfKE01_120006100|DBLe|3|2353|2689	PH0778-C.g122	31.636	275	165	10	30	294	2003	2264	5.47e-25	108
PfKE01_120006100|DBLe|3|2353|2689	PH0778-C.g122	31.276	243	119	11	47	247	574	810	5.46e-19	90.5
PfKE01_120006100|DBLe|3|2353|2689	PH0778-C.g122	24.917	301	163	13	38	289	84	370	2.26e-11	67.4
PfKE01_120006100|DBLe|3|2353|2689	PH0778-C.g122	27.568	185	90	6	103	260	1335	1502	3.41e-10	63.9
PfKE01_120006100|DBLe|3|2353|2689	PH0778-C.g122	23.986	296	142	12	28	263	1577	1849	4.92e-09	60.5
PfKE01_120006100|DBLe|3|2353|2689	PH0815-C.g1195	98.220	337	6	0	1	337	1252	1588	0.0	679
PfKE01_120006100|DBLe|3|2353|2689	PH0815-C.g1195	31.636	275	165	10	30	294	953	1214	8.98e-25	107
PfKE01_120006100|DBLe|3|2353|2689	PH0815-C.g1195	27.568	185	90	6	103	260	285	452	5.10e-10	63.2
PfKE01_120006100|DBLe|3|2353|2689	PH0815-C.g1195	23.986	296	142	12	28	263	527	799	8.80e-09	59.3
PfKE01_120006100|ATS|1|2744|3151	PD0582-C.g234	93.612	407	26	0	2	408	2664	3070	0.0	760
PfKE01_120006100|ATS|1|2744|3151	PD0572-C.g308	92.892	408	29	0	1	408	2682	3089	0.0	754
PfKE01_120006100|ATS|1|2744|3151	PD0543-C.g218	92.892	408	29	0	1	408	2690	3097	0.0	754
PfKE01_120006100|ATS|1|2744|3151	PC0113-C.g42	91.155	407	36	0	2	408	1215	1621	0.0	739
PfKE01_120006100|ATS|1|2744|3151	PH0589-C.g320	89.706	408	42	0	1	408	1268	1675	0.0	734
PfKE01_120024500|NTS|1|1|64	PFKE01.g23	100.000	64	0	0	1	64	1	64	5.31e-38	134
PfKE01_120024500|NTS|1|1|64	QE0475-C.g807	85.938	64	9	0	1	64	1	64	1.69e-30	113
PfKE01_120024500|NTS|1|1|64	PA0172-C.g825	81.250	64	12	0	1	64	1	64	7.35e-30	111
PfKE01_120024500|NTS|1|1|64	PA0044-C.g599	81.250	64	12	0	1	64	1	64	9.37e-30	111
PfKE01_120024500|NTS|1|1|64	PF0782-C.g836	81.250	64	12	0	1	64	1	64	5.83e-29	108
PfKE01_120024500|DBLa|1|65|477	PFKE01.g23	100.000	413	0	0	1	413	65	477	0.0	857
PfKE01_120024500|DBLa|1|65|477	PM0063-C.g591	74.699	415	101	2	1	413	65	477	0.0	638
PfKE01_120024500|DBLa|1|65|477	PM0063-C.g591	25.656	343	199	9	112	413	1006	1333	1.59e-18	90.5
PfKE01_120024500|DBLa|1|65|477	PA0102-C.g547	74.699	415	101	2	1	413	65	477	0.0	635
PfKE01_120024500|DBLa|1|65|477	PA0102-C.g547	27.076	277	143	8	182	413	1058	1320	1.05e-17	88.2
PfKE01_120024500|DBLa|1|65|477	PH0148-CW.g89	71.596	426	107	4	1	413	65	489	0.0	625
PfKE01_120024500|DBLa|1|65|477	PH0148-CW.g89	30.882	204	124	7	212	413	1213	1401	1.66e-12	72.0
PfKE01_120024500|DBLa|1|65|477	PD0518-C.g687	71.596	426	107	4	1	413	65	489	0.0	625
PfKE01_120024500|DBLa|1|65|477	PD0518-C.g687	23.754	341	190	10	119	413	1040	1356	1.33e-11	69.3
PfKE01_120024500|CIDRa|1|478|744	PFKE01.g23	100.000	267	0	0	1	267	478	744	0.0	554
PfKE01_120024500|CIDRa|1|478|744	QE0470-C.g1017	76.866	268	54	3	1	267	462	722	1.23e-122	385
PfKE01_120024500|CIDRa|1|478|744	QE0476-C.g790	76.866	268	54	3	1	267	462	722	2.17e-122	384
PfKE01_120024500|CIDRa|1|478|744	QG0203-C.g1025	71.324	272	65	4	1	267	483	746	2.09e-121	382
PfKE01_120024500|CIDRa|1|478|744	PM0160-C.g1003	71.324	272	65	4	1	267	495	758	7.73e-121	380
PfKE01_120024500|CIDRa|1|478|744	PM0160-C.g1003	31.111	135	78	7	43	176	1419	1539	9.23e-07	52.4
PfKE01_120024500|DBLd|1|831|1306	PFKE01.g23	100.000	476	0	0	1	476	831	1306	0.0	981
PfKE01_120024500|DBLd|1|831|1306	PM0108-C.g111	54.981	522	180	13	1	476	2277	2789	3.18e-164	516
PfKE01_120024500|DBLd|1|831|1306	PC0085-C.g597	54.360	539	177	16	1	476	1888	2420	4.65e-164	516
PfKE01_120024500|DBLd|1|831|1306	PC0085-C.g597	23.774	265	145	11	231	476	246	472	1.27e-09	63.5
PfKE01_120024500|DBLd|1|831|1306	PA0064-C.g319	56.144	529	168	17	1	476	816	1333	1.15e-163	506
PfKE01_120024500|DBLd|1|831|1306	PA0064-C.g319	24.430	307	168	12	203	476	214	489	7.47e-14	77.0
PfKE01_120024500|DBLd|1|831|1306	PT0109-C.g717	56.311	515	168	17	1	476	947	1443	2.16e-163	507
PfKE01_120024500|DBLd|1|831|1306	PT0109-C.g717	24.016	254	140	9	178	415	204	420	2.78e-08	58.9
PfKE01_120024500|CIDRb|1|1307|1563	PFKE01.g23	100.000	257	0	0	1	257	1307	1563	1.28e-173	523
PfKE01_120024500|CIDRb|1|1307|1563	PFKE01.g23	26.860	242	153	10	35	257	508	744	1.33e-11	66.6
PfKE01_120024500|CIDRb|1|1307|1563	PT0109-C.g717	98.833	257	3	0	1	257	1444	1700	3.27e-172	521
PfKE01_120024500|CIDRb|1|1307|1563	PH0604-C.g7	79.468	263	48	3	1	257	665	927	3.19e-124	380
PfKE01_120024500|CIDRb|1|1307|1563	PH0585-C.g1	79.468	263	48	3	1	257	665	927	3.19e-124	380
PfKE01_120024500|CIDRb|1|1307|1563	PA0064-C.g319	81.538	260	40	4	1	255	1334	1590	4.12e-120	378
PfKE01_120024500|ATS|1|1680|2142	PA0172-C.g376	96.328	463	16	1	1	463	2579	3040	0.0	918
PfKE01_120024500|ATS|1|1680|2142	QE0448-C.g711	95.896	463	18	1	1	463	1693	2154	0.0	911
PfKE01_120024500|ATS|1|1680|2142	PV0285-C.g4	95.896	463	18	1	1	463	1693	2154	0.0	911
PfKE01_120024500|ATS|1|1680|2142	PC0107-C.g573	96.328	463	16	1	1	463	854	1315	0.0	910
PfKE01_120024500|ATS|1|1680|2142	PA0158-C.g774	94.816	463	23	1	1	463	1750	2211	0.0	909
PfKE01_120045100|NTS|1|1|66	QE0476-C.g450	100.000	66	0	0	1	66	1	66	4.65e-39	137
PfKE01_120045100|NTS|1|1|66	PA0050-C.g11	100.000	66	0	0	1	66	1	66	6.71e-39	137
PfKE01_120045100|NTS|1|1|66	QE0461-C.g23	100.000	66	0	0	1	66	1	66	7.30e-39	137
PfKE01_120045100|NTS|1|1|66	PfKE04.g21	98.485	66	1	0	1	66	1	66	5.26e-38	134
PfKE01_120045100|NTS|1|1|66	PF0122-C.g53	98.485	66	1	0	1	66	1	66	6.68e-38	134
PfKE01_120045100|DBLa|1|67|477	PC0071-C.g553	100.000	411	0	0	1	411	67	477	0.0	863
PfKE01_120045100|DBLa|1|67|477	PC0071-C.g553	32.778	180	106	4	232	411	1158	1322	5.44e-16	82.8
PfKE01_120045100|DBLa|1|67|477	PF0122-C.g53	100.000	411	0	0	1	411	67	477	0.0	861
PfKE01_120045100|DBLa|1|67|477	PfKE04.g21	100.000	411	0	0	1	411	67	477	0.0	861
PfKE01_120045100|DBLa|1|67|477	PA0041-C.g553	100.000	411	0	0	1	411	67	477	0.0	860
PfKE01_120045100|DBLa|1|67|477	PA0041-C.g553	25.078	319	181	11	129	411	1043	1339	1.23e-13	75.5
PfKE01_120045100|DBLa|1|67|477	PA0050-C.g11	100.000	411	0	0	1	411	67	477	0.0	860
PfKE01_120045100|DBLa|1|67|477	PA0050-C.g11	24.390	369	211	13	86	411	970	1313	1.61e-15	81.3
PfKE01_120045100|CIDRa|1|478|719	QE0461-C.g23	100.000	242	0	0	1	242	455	696	2.95e-173	505
PfKE01_120045100|CIDRa|1|478|719	PF0122-C.g53	100.000	242	0	0	1	242	478	719	2.99e-173	504
PfKE01_120045100|CIDRa|1|478|719	PA0050-C.g11	100.000	242	0	0	1	242	478	719	1.99e-167	503
PfKE01_120045100|CIDRa|1|478|719	PFKE01.g10	100.000	242	0	0	1	242	478	719	1.02e-166	503
PfKE01_120045100|CIDRa|1|478|719	PFKE01.g10	27.404	208	140	6	36	237	1371	1573	1.42e-08	57.4
PfKE01_120045100|CIDRa|1|478|719	PC0071-C.g553	99.174	242	2	0	1	242	478	719	5.89e-165	499
PfKE01_120045100|CIDRa|1|478|719	PC0071-C.g553	27.041	196	135	4	1	189	1323	1517	7.77e-16	79.0
PfKE01_120045100|DBLd|1|796|1326	PFKE01.g10	100.000	531	0	0	1	531	796	1326	0.0	1099
PfKE01_120045100|DBLd|1|796|1326	PFKE01.g10	24.597	248	126	7	229	460	194	396	3.24e-10	65.5
PfKE01_120045100|DBLd|1|796|1326	QG0234-C.g78	98.876	534	3	1	1	531	230	763	0.0	1086
PfKE01_120045100|DBLd|1|796|1326	SenT067.11.g61	75.320	547	106	9	1	531	216	749	0.0	754
PfKE01_120045100|DBLd|1|796|1326	QE0461-C.g23	100.000	239	0	0	1	239	773	1011	5.69e-163	491
PfKE01_120045100|DBLd|1|796|1326	PM0051-C.g1073	51.433	593	183	25	1	531	913	1462	3.67e-161	499
PfKE01_120045100|DBLd|1|796|1326	PM0051-C.g1073	26.100	341	172	16	229	531	205	503	7.72e-13	73.9
PfKE01_120045100|CIDRb|1|1327|1582	PFKE01.g10	100.000	256	0	0	1	256	1327	1582	9.73e-176	528
PfKE01_120045100|CIDRb|1|1327|1582	PFKE01.g10	27.273	209	141	6	44	247	512	714	3.88e-13	71.2
PfKE01_120045100|CIDRb|1|1327|1582	QG0234-C.g78	85.433	254	33	2	1	250	764	1017	1.87e-135	411
PfKE01_120045100|CIDRb|1|1327|1582	QG0234-C.g78	31.333	150	92	5	105	247	8	153	2.66e-12	68.6
PfKE01_120045100|CIDRb|1|1327|1582	PA0149-C.g577	64.045	267	85	4	1	256	1297	1563	2.19e-100	322
PfKE01_120045100|CIDRb|1|1327|1582	PA0193-C.g733	67.059	255	73	4	1	250	1339	1587	5.27e-100	321
PfKE01_120045100|CIDRb|1|1327|1582	PA0067-C.g595	62.353	255	89	4	1	249	616	869	2.82e-99	313
PfKE01_120045100|ATS|1|1682|2138	PD0590-C.g548	85.313	463	56	3	1	451	2191	2653	0.0	802
PfKE01_120045100|ATS|1|1682|2138	PD0585-C.g522	85.313	463	56	3	1	451	2191	2653	0.0	802
PfKE01_120045100|ATS|1|1682|2138	PFKE11.g671	75.703	498	78	5	1	457	2046	2541	0.0	763
PfKE01_120045100|ATS|1|1682|2138	PV0246-C.g3	81.046	459	76	5	1	457	3066	3515	0.0	736
PfKE01_120045100|ATS|1|1682|2138	PD0497-C.g400	75.159	471	89	10	2	457	2488	2945	0.0	678
PfKE01_120045400|NTS|1|1|67	PFKE01.g15	100.000	67	0	0	1	67	1	67	2.46e-40	141
PfKE01_120045400|NTS|1|1|67	QG0280-C.g1280	92.537	67	5	0	1	67	1	67	1.76e-36	130
PfKE01_120045400|NTS|1|1|67	PV0229-C.g70	89.552	67	7	0	1	67	1	67	7.21e-35	125
PfKE01_120045400|NTS|1|1|67	PV0081-C.g47	89.552	67	7	0	1	67	1	67	7.21e-35	125
PfKE01_120045400|NTS|1|1|67	PD0461-C.g705	89.552	67	7	0	1	67	1	67	7.71e-35	125
PfKE01_120045400|DBLa|1|68|505	PFKE01.g15	100.000	438	0	0	1	438	68	505	0.0	910
PfKE01_120045400|DBLa|1|68|505	PFKE01.g15	30.435	184	109	5	167	347	1129	1296	1.46e-12	72.4
PfKE01_120045400|DBLa|1|68|505	PT0118-C.g781	71.655	441	121	3	1	438	67	506	0.0	642
PfKE01_120045400|DBLa|1|68|505	PT0118-C.g781	27.326	344	169	8	127	438	1091	1385	1.28e-22	103
PfKE01_120045400|DBLa|1|68|505	PF0159-C.g883	69.935	459	114	7	1	438	62	517	0.0	595
PfKE01_120045400|DBLa|1|68|505	PF0159-C.g883	31.967	122	80	2	234	353	1218	1338	1.56e-12	72.4
PfKE01_120045400|DBLa|1|68|505	PF0400-C.g409	69.935	459	114	7	1	438	62	517	0.0	592
PfKE01_120045400|DBLa|1|68|505	PF0400-C.g409	25.000	276	140	11	188	438	1172	1405	1.24e-12	72.8
PfKE01_120045400|DBLa|1|68|505	PC0073-C.g431	68.539	445	128	9	1	438	70	509	0.0	566
PfKE01_120045400|DBLa|1|68|505	PC0073-C.g431	26.484	219	137	5	221	438	1183	1378	3.60e-13	74.3
PfKE01_120045400|CIDRa|1|506|759	PFKE01.g15	100.000	254	0	0	1	254	506	759	2.92e-174	525
PfKE01_120045400|CIDRa|1|506|759	PM0114-C.g290	84.109	258	33	4	1	254	488	741	5.47e-137	427
PfKE01_120045400|CIDRa|1|506|759	PA0044-C.g579	81.712	257	40	2	1	254	495	747	3.56e-134	417
PfKE01_120045400|CIDRa|1|506|759	PC0046-C.g182	81.323	257	41	2	1	254	480	732	4.37e-132	413
PfKE01_120045400|CIDRa|1|506|759	PA0254-C.g924	78.884	251	52	1	1	250	494	744	7.91e-130	404
PfKE01_120045400|DBLd|1|849|1357	PFKE01.g15	100.000	509	0	0	1	509	849	1357	0.0	1044
PfKE01_120045400|DBLd|1|849|1357	PFKE01.g15	30.435	184	109	5	281	448	234	414	3.05e-11	68.9
PfKE01_120045400|DBLd|1|849|1357	PV0082-C.g69	51.619	525	222	14	1	509	811	1319	7.04e-150	471
PfKE01_120045400|DBLd|1|849|1357	PV0082-C.g69	28.889	180	119	2	339	509	298	477	1.85e-14	79.0
PfKE01_120045400|DBLd|1|849|1357	PA0267-C.g663	51.677	507	203	12	16	509	946	1423	2.15e-147	465
PfKE01_120045400|DBLd|1|849|1357	PA0267-C.g663	22.782	417	232	16	141	509	140	514	4.26e-09	62.0
PfKE01_120045400|DBLd|1|849|1357	PM0159-C.g515	51.677	507	203	12	16	509	946	1423	2.15e-147	465
PfKE01_120045400|DBLd|1|849|1357	PM0159-C.g515	22.782	417	232	16	141	509	140	514	4.26e-09	62.0
PfKE01_120045400|DBLd|1|849|1357	PF0449-C.g770	51.677	507	203	12	16	509	946	1423	2.15e-147	465
PfKE01_120045400|DBLd|1|849|1357	PF0449-C.g770	22.782	417	232	16	141	509	140	514	4.26e-09	62.0
PfKE01_120045400|CIDRb|1|1358|1626	PFKE01.g15	100.000	269	0	0	1	269	1358	1626	0.0	560
PfKE01_120045400|CIDRb|1|1358|1626	SenT233.08.g1030	82.331	266	41	4	1	265	1379	1639	1.57e-141	437
PfKE01_120045400|CIDRb|1|1358|1626	PT0299-Cx.g3963	76.923	260	55	3	1	259	1281	1536	6.55e-130	405
PfKE01_120045400|CIDRb|1|1358|1626	PA0040-C.g546	75.862	261	53	4	1	259	652	904	2.28e-128	390
PfKE01_120045400|CIDRb|1|1358|1626	PA0185-C.g853	75.862	261	53	4	1	259	1359	1611	5.52e-123	386
PfKE01_120045400|ATS|1|1743|2221	PV0089-C.g11	80.873	481	49	8	1	479	1730	2169	0.0	714
PfKE01_120045400|ATS|1|1743|2221	PF0489-C.g691	73.085	483	83	11	1	479	1767	2206	0.0	661
PfKE01_120045400|ATS|1|1743|2221	PFKE12.g291	77.948	458	73	6	1	435	1061	1513	0.0	650
PfKE01_120045400|ATS|1|1743|2221	PV0028-C.g50	71.608	479	106	7	1	477	2600	3050	0.0	642
PfKE01_120045400|ATS|1|1743|2221	PF0489-C.g723	69.048	504	85	12	1	479	1717	2174	0.0	642
PfKE01_120045700|NTS|1|1|65	PFKE01.g292	100.000	65	0	0	1	65	1	65	8.43e-39	137
PfKE01_120045700|NTS|1|1|65	PT0118-C.g423	100.000	65	0	0	1	65	1	65	1.68e-37	133
PfKE01_120045700|NTS|1|1|65	PfKE02.g15	88.525	61	7	0	1	61	1	61	8.00e-29	108
PfKE01_120045700|NTS|1|1|65	PV0209-C.g36	80.000	65	12	1	1	64	1	65	2.59e-28	107
PfKE01_120045700|NTS|1|1|65	PF0818-C.g681	80.000	65	12	1	1	64	1	65	2.92e-28	107
PfKE01_120045700|DBLa|1|66|484	PFKE01.g292	100.000	419	0	0	1	419	66	484	0.0	880
PfKE01_120045700|DBLa|1|66|484	PFKE01.g292	27.273	242	130	8	122	317	990	1231	3.10e-14	77.4
PfKE01_120045700|DBLa|1|66|484	PT0118-C.g423	99.761	419	1	0	1	419	66	484	0.0	870
PfKE01_120045700|DBLa|1|66|484	PT0118-C.g423	31.803	305	172	7	21	317	1670	1946	8.88e-33	133
PfKE01_120045700|DBLa|1|66|484	PT0118-C.g423	26.471	306	155	10	89	331	952	1250	1.09e-15	82.0
PfKE01_120045700|DBLa|1|66|484	PT0118-C.g423	28.634	227	102	9	42	254	2071	2251	5.75e-14	76.6
PfKE01_120045700|DBLa|1|66|484	PT0169-C.g391	80.941	425	73	5	1	419	67	489	0.0	689
PfKE01_120045700|DBLa|1|66|484	PT0169-C.g391	29.752	121	82	2	219	337	1178	1297	4.56e-10	64.3
PfKE01_120045700|DBLa|1|66|484	SenT128.08.g339	80.941	425	73	5	1	419	67	489	0.0	689
PfKE01_120045700|DBLa|1|66|484	SenT128.08.g339	30.332	211	94	10	219	419	1172	1339	1.06e-09	63.2
PfKE01_120045700|DBLa|1|66|484	PA0204-C.g683	75.587	426	96	5	1	419	67	491	0.0	662
PfKE01_120045700|DBLa|1|66|484	PA0204-C.g683	24.151	265	138	10	118	323	1017	1277	7.18e-10	63.5
PfKE01_120045700|CIDRa|1|485|733	PFKE01.g292	100.000	249	0	0	1	249	485	733	3.73e-170	513
PfKE01_120045700|CIDRa|1|485|733	PT0118-C.g423	98.795	249	3	0	1	249	485	733	3.56e-165	506
PfKE01_120045700|CIDRa|1|485|733	PA0157-C.g517	78.279	244	51	2	1	243	510	752	5.56e-122	383
PfKE01_120045700|CIDRa|1|485|733	QE0470-C.g53	72.614	241	65	1	1	241	482	721	4.70e-119	367
PfKE01_120045700|CIDRa|1|485|733	QE0466-C.g159	72.614	241	65	1	1	241	482	721	4.70e-119	367
PfKE01_120045700|DBLd|1|818|1302	PFKE01.g292	100.000	485	0	0	1	485	818	1302	0.0	1004
PfKE01_120045700|DBLd|1|818|1302	PFKE01.g292	28.877	187	92	5	228	414	237	382	3.61e-14	77.8
PfKE01_120045700|DBLd|1|818|1302	PfKE04.g887	58.250	503	157	12	16	485	925	1407	2.47e-164	509
PfKE01_120045700|DBLd|1|818|1302	PfKE04.g887	26.286	175	85	5	228	401	253	384	4.77e-09	61.6
PfKE01_120045700|DBLd|1|818|1302	PT0117-C.g397	55.131	497	191	15	1	485	501	977	1.50e-155	478
PfKE01_120045700|DBLd|1|818|1302	PT0117-C.g397	31.496	127	74	4	334	447	1	127	6.80e-08	57.8
PfKE01_120045700|DBLd|1|818|1302	PF0359-C.g471	50.180	556	184	15	1	485	833	1366	8.24e-146	459
PfKE01_120045700|DBLd|1|818|1302	PF0359-C.g471	30.303	198	114	7	308	485	297	490	1.54e-13	75.9
PfKE01_120045700|DBLd|1|818|1302	PC0046-C.g548	51.176	510	197	18	1	485	176	658	8.85e-146	446
PfKE01_120045700|CIDRb|1|1303|1546	PFKE01.g292	100.000	244	0	0	1	244	1303	1546	1.44e-165	500
PfKE01_120045700|CIDRb|1|1303|1546	SenT179.08.g1060	71.488	242	67	2	1	240	1328	1569	7.02e-107	340
PfKE01_120045700|CIDRb|1|1303|1546	PA0148-C.g87	68.067	238	73	2	1	235	628	865	3.26e-105	328
PfKE01_120045700|CIDRb|1|1303|1546	PM0133-C.g345	66.667	246	76	3	1	242	1694	1937	2.07e-102	328
PfKE01_120045700|CIDRb|1|1303|1546	PM0133-C.g345	30.769	143	84	3	35	163	515	656	2.28e-07	53.5
PfKE01_120045700|CIDRb|1|1303|1546	SenT058.11.g1174	71.605	243	62	4	1	240	634	872	2.61e-102	320
PfKE01_120045700|ATS|1|1660|2102	PV0211-C.g52	78.166	458	83	8	2	443	1846	2302	0.0	668
PfKE01_120045700|ATS|1|1660|2102	PV0234-C.g26	73.975	488	73	10	2	440	1736	2218	0.0	665
PfKE01_120045700|ATS|1|1660|2102	PFKE09.g563	71.588	447	118	6	1	443	775	1216	0.0	592
PfKE01_120045700|ATS|1|1660|2102	PF0456-C.g548	70.833	456	113	8	1	443	1099	1547	0.0	586
PfKE01_120045700|ATS|1|1660|2102	PC0122-C.g100	73.148	432	94	6	1	425	1987	2403	0.0	586
PfKE01_120045900|NTS|1|1|65	PfKE04.g887	100.000	65	0	0	1	65	1	65	3.01e-38	135
PfKE01_120045900|NTS|1|1|65	SenT097.09.g399	100.000	65	0	0	1	65	1	65	4.27e-38	135
PfKE01_120045900|NTS|1|1|65	PV0246-C.g35	100.000	65	0	0	1	65	1	65	4.99e-38	134
PfKE01_120045900|NTS|1|1|65	PA0157-C.g690	96.923	65	2	0	1	65	1	65	1.24e-36	130
PfKE01_120045900|NTS|1|1|65	PA0193-C.g709	96.364	55	2	0	11	65	11	65	2.54e-29	110
PfKE01_120045900|DBLa|1|66|494	PfKE04.g887	100.000	429	0	0	1	429	66	494	0.0	889
PfKE01_120045900|DBLa|1|66|494	PfKE04.g887	23.077	247	131	7	143	355	1131	1352	5.77e-10	63.9
PfKE01_120045900|DBLa|1|66|494	PV0246-C.g35	85.115	477	23	2	1	429	66	542	0.0	814
PfKE01_120045900|DBLa|1|66|494	PV0246-C.g35	28.221	326	168	12	136	429	1163	1454	1.87e-16	84.3
PfKE01_120045900|DBLa|1|66|494	PA0157-C.g690	77.494	431	93	3	1	429	66	494	0.0	666
PfKE01_120045900|DBLa|1|66|494	PA0157-C.g690	26.512	215	120	6	221	429	1152	1334	7.11e-10	63.9
PfKE01_120045900|DBLa|1|66|494	PA0193-C.g709	73.660	429	94	5	1	429	66	475	0.0	622
PfKE01_120045900|DBLa|1|66|494	PA0193-C.g709	28.780	205	104	6	233	429	1222	1392	1.05e-11	69.7
PfKE01_120045900|DBLa|1|66|494	PA0022-C.g264	73.903	433	94	5	1	429	67	484	0.0	607
PfKE01_120045900|DBLa|1|66|494	PA0022-C.g264	25.654	191	98	5	186	332	1100	1290	4.03e-13	73.9
PfKE01_120045900|CIDRa|1|495|814	PfKE04.g887	100.000	320	0	0	1	320	495	814	0.0	645
PfKE01_120045900|CIDRa|1|495|814	PV0246-C.g35	79.817	327	54	3	1	320	543	864	7.61e-141	439
PfKE01_120045900|CIDRa|1|495|814	PT0073-C.g576	65.951	326	92	5	1	320	477	789	4.22e-124	392
PfKE01_120045900|CIDRa|1|495|814	PT0073-C.g576	23.125	160	102	2	159	318	1504	1642	6.05e-08	56.6
PfKE01_120045900|CIDRa|1|495|814	PA0149-C.g523	71.254	327	66	4	1	320	498	803	7.35e-123	389
PfKE01_120045900|CIDRa|1|495|814	PA0149-C.g523	31.707	82	56	0	152	233	1474	1555	3.16e-07	54.3
PfKE01_120045900|CIDRa|1|495|814	PT0299-Cx.g3129	66.139	316	90	7	1	313	538	839	1.18e-111	357
PfKE01_120045900|DBLd|1|913|1407	PfKE04.g887	100.000	495	0	0	1	495	913	1407	0.0	1024
PfKE01_120045900|DBLd|1|913|1407	PFKE01.g292	57.968	502	160	11	13	495	833	1302	8.51e-166	512
PfKE01_120045900|DBLd|1|913|1407	PFKE01.g292	25.161	310	170	9	218	495	205	484	2.71e-15	81.6
PfKE01_120045900|DBLd|1|913|1407	PC0059-C.g142	54.291	536	184	20	1	495	1026	1541	4.05e-148	468
PfKE01_120045900|DBLd|1|913|1407	PC0059-C.g142	29.096	354	147	11	71	423	577	827	1.10e-31	132
PfKE01_120045900|DBLd|1|913|1407	PA0161-C.g706	49.907	537	208	18	1	495	900	1417	5.12e-146	460
PfKE01_120045900|DBLd|1|913|1407	PA0161-C.g706	27.437	277	156	11	217	477	203	450	2.38e-09	62.8
PfKE01_120045900|DBLd|1|913|1407	PT0052-C.g786	53.448	522	167	13	1	495	869	1341	9.43e-146	459
PfKE01_120045900|DBLd|1|913|1407	PT0052-C.g786	25.177	282	157	9	237	495	235	485	1.50e-11	69.7
PfKE01_120045900|CIDRb|1|1408|1669	PfKE04.g887	100.000	262	0	0	1	262	1408	1669	3.50e-179	538
PfKE01_120045900|CIDRb|1|1408|1669	PT0052-C.g786	91.255	263	20	2	1	262	1342	1602	8.11e-160	486
PfKE01_120045900|CIDRb|1|1408|1669	PV0023-C.g105	65.556	270	81	4	2	262	1090	1356	8.33e-109	345
PfKE01_120045900|CIDRb|1|1408|1669	PM0090-C.g599	67.969	256	80	2	1	254	1402	1657	8.94e-109	347
PfKE01_120045900|CIDRb|1|1408|1669	PV0094-C.g49	65.556	270	81	4	2	262	1409	1675	1.98e-108	345
PfKE01_120045900|ATS|1|1808|2294	PA0221-C.g780	93.634	487	16	1	1	487	1803	2274	0.0	933
PfKE01_120045900|ATS|1|1808|2294	PFKE11.g671	81.548	504	68	6	1	487	2046	2541	0.0	798
PfKE01_120045900|ATS|1|1808|2294	PfKE03.g341	94.621	409	22	0	1	409	1170	1578	0.0	776
PfKE01_120045900|ATS|1|1808|2294	QE0439-C.g985	84.725	491	62	6	1	487	1674	2155	0.0	755
PfKE01_120045900|ATS|1|1808|2294	PD0472-C.g722	81.466	491	70	9	1	487	1681	2154	0.0	747
PfKE01_120046100|NTS|1|1|65	PfKE04.g887	100.000	65	0	0	1	65	1	65	3.01e-38	135
PfKE01_120046100|NTS|1|1|65	SenT097.09.g399	100.000	65	0	0	1	65	1	65	4.27e-38	135
PfKE01_120046100|NTS|1|1|65	PV0246-C.g35	100.000	65	0	0	1	65	1	65	4.99e-38	134
PfKE01_120046100|NTS|1|1|65	PA0157-C.g690	96.923	65	2	0	1	65	1	65	1.24e-36	130
PfKE01_120046100|NTS|1|1|65	PA0193-C.g709	96.364	55	2	0	11	65	11	65	2.54e-29	110
PfKE01_120046100|DBLa|1|66|494	PfKE04.g887	100.000	429	0	0	1	429	66	494	0.0	889
PfKE01_120046100|DBLa|1|66|494	PfKE04.g887	23.077	247	131	7	143	355	1131	1352	5.77e-10	63.9
PfKE01_120046100|DBLa|1|66|494	PV0246-C.g35	85.115	477	23	2	1	429	66	542	0.0	814
PfKE01_120046100|DBLa|1|66|494	PV0246-C.g35	28.221	326	168	12	136	429	1163	1454	1.87e-16	84.3
PfKE01_120046100|DBLa|1|66|494	PA0157-C.g690	77.494	431	93	3	1	429	66	494	0.0	666
PfKE01_120046100|DBLa|1|66|494	PA0157-C.g690	26.512	215	120	6	221	429	1152	1334	7.11e-10	63.9
PfKE01_120046100|DBLa|1|66|494	PA0193-C.g709	73.660	429	94	5	1	429	66	475	0.0	622
PfKE01_120046100|DBLa|1|66|494	PA0193-C.g709	28.780	205	104	6	233	429	1222	1392	1.05e-11	69.7
PfKE01_120046100|DBLa|1|66|494	PA0022-C.g264	73.903	433	94	5	1	429	67	484	0.0	607
PfKE01_120046100|DBLa|1|66|494	PA0022-C.g264	25.654	191	98	5	186	332	1100	1290	4.03e-13	73.9
PfKE01_120046100|CIDRa|1|495|814	PfKE04.g887	100.000	320	0	0	1	320	495	814	0.0	645
PfKE01_120046100|CIDRa|1|495|814	PV0246-C.g35	79.817	327	54	3	1	320	543	864	7.61e-141	439
PfKE01_120046100|CIDRa|1|495|814	PT0073-C.g576	65.951	326	92	5	1	320	477	789	4.22e-124	392
PfKE01_120046100|CIDRa|1|495|814	PT0073-C.g576	23.125	160	102	2	159	318	1504	1642	6.05e-08	56.6
PfKE01_120046100|CIDRa|1|495|814	PA0149-C.g523	71.254	327	66	4	1	320	498	803	7.35e-123	389
PfKE01_120046100|CIDRa|1|495|814	PA0149-C.g523	31.707	82	56	0	152	233	1474	1555	3.16e-07	54.3
PfKE01_120046100|CIDRa|1|495|814	PT0299-Cx.g3129	66.139	316	90	7	1	313	538	839	1.18e-111	357
PfKE01_120046100|DBLd|1|913|1407	PfKE04.g887	100.000	495	0	0	1	495	913	1407	0.0	1024
PfKE01_120046100|DBLd|1|913|1407	PFKE01.g292	57.968	502	160	11	13	495	833	1302	8.51e-166	512
PfKE01_120046100|DBLd|1|913|1407	PFKE01.g292	25.161	310	170	9	218	495	205	484	2.71e-15	81.6
PfKE01_120046100|DBLd|1|913|1407	PC0059-C.g142	54.291	536	184	20	1	495	1026	1541	4.05e-148	468
PfKE01_120046100|DBLd|1|913|1407	PC0059-C.g142	29.096	354	147	11	71	423	577	827	1.10e-31	132
PfKE01_120046100|DBLd|1|913|1407	PA0161-C.g706	49.907	537	208	18	1	495	900	1417	5.12e-146	460
PfKE01_120046100|DBLd|1|913|1407	PA0161-C.g706	27.437	277	156	11	217	477	203	450	2.38e-09	62.8
PfKE01_120046100|DBLd|1|913|1407	PT0052-C.g786	53.448	522	167	13	1	495	869	1341	9.43e-146	459
PfKE01_120046100|DBLd|1|913|1407	PT0052-C.g786	25.177	282	157	9	237	495	235	485	1.50e-11	69.7
PfKE01_120046100|CIDRb|1|1408|1669	PfKE04.g887	100.000	262	0	0	1	262	1408	1669	3.50e-179	538
PfKE01_120046100|CIDRb|1|1408|1669	PT0052-C.g786	91.255	263	20	2	1	262	1342	1602	8.11e-160	486
PfKE01_120046100|CIDRb|1|1408|1669	PV0023-C.g105	65.556	270	81	4	2	262	1090	1356	8.33e-109	345
PfKE01_120046100|CIDRb|1|1408|1669	PM0090-C.g599	67.969	256	80	2	1	254	1402	1657	8.94e-109	347
PfKE01_120046100|CIDRb|1|1408|1669	PV0094-C.g49	65.556	270	81	4	2	262	1409	1675	1.98e-108	345
PfKE01_120046100|ATS|1|1808|2294	PA0221-C.g780	93.634	487	16	1	1	487	1803	2274	0.0	933
PfKE01_120046100|ATS|1|1808|2294	PFKE11.g671	81.548	504	68	6	1	487	2046	2541	0.0	798
PfKE01_120046100|ATS|1|1808|2294	PfKE03.g341	94.621	409	22	0	1	409	1170	1578	0.0	776
PfKE01_120046100|ATS|1|1808|2294	QE0439-C.g985	84.725	491	62	6	1	487	1674	2155	0.0	755
PfKE01_120046100|ATS|1|1808|2294	PD0472-C.g722	81.466	491	70	9	1	487	1681	2154	0.0	747
PfKE01_120046300|NTS|1|1|65	PfKE04.g887	100.000	65	0	0	1	65	1	65	3.01e-38	135
PfKE01_120046300|NTS|1|1|65	SenT097.09.g399	100.000	65	0	0	1	65	1	65	4.27e-38	135
PfKE01_120046300|NTS|1|1|65	PV0246-C.g35	100.000	65	0	0	1	65	1	65	4.99e-38	134
PfKE01_120046300|NTS|1|1|65	PA0157-C.g690	96.923	65	2	0	1	65	1	65	1.24e-36	130
PfKE01_120046300|NTS|1|1|65	PA0193-C.g709	96.364	55	2	0	11	65	11	65	2.54e-29	110
PfKE01_120046300|DBLa|1|66|494	PfKE04.g887	100.000	429	0	0	1	429	66	494	0.0	889
PfKE01_120046300|DBLa|1|66|494	PfKE04.g887	23.077	247	131	7	143	355	1131	1352	5.77e-10	63.9
PfKE01_120046300|DBLa|1|66|494	PV0246-C.g35	85.115	477	23	2	1	429	66	542	0.0	814
PfKE01_120046300|DBLa|1|66|494	PV0246-C.g35	28.221	326	168	12	136	429	1163	1454	1.87e-16	84.3
PfKE01_120046300|DBLa|1|66|494	PA0157-C.g690	77.494	431	93	3	1	429	66	494	0.0	666
PfKE01_120046300|DBLa|1|66|494	PA0157-C.g690	26.512	215	120	6	221	429	1152	1334	7.11e-10	63.9
PfKE01_120046300|DBLa|1|66|494	PA0193-C.g709	73.660	429	94	5	1	429	66	475	0.0	622
PfKE01_120046300|DBLa|1|66|494	PA0193-C.g709	28.780	205	104	6	233	429	1222	1392	1.05e-11	69.7
PfKE01_120046300|DBLa|1|66|494	PA0022-C.g264	73.903	433	94	5	1	429	67	484	0.0	607
PfKE01_120046300|DBLa|1|66|494	PA0022-C.g264	25.654	191	98	5	186	332	1100	1290	4.03e-13	73.9
PfKE01_120046300|CIDRa|1|495|814	PfKE04.g887	100.000	320	0	0	1	320	495	814	0.0	645
PfKE01_120046300|CIDRa|1|495|814	PV0246-C.g35	79.817	327	54	3	1	320	543	864	7.61e-141	439
PfKE01_120046300|CIDRa|1|495|814	PT0073-C.g576	65.951	326	92	5	1	320	477	789	4.22e-124	392
PfKE01_120046300|CIDRa|1|495|814	PT0073-C.g576	23.125	160	102	2	159	318	1504	1642	6.05e-08	56.6
PfKE01_120046300|CIDRa|1|495|814	PA0149-C.g523	71.254	327	66	4	1	320	498	803	7.35e-123	389
PfKE01_120046300|CIDRa|1|495|814	PA0149-C.g523	31.707	82	56	0	152	233	1474	1555	3.16e-07	54.3
PfKE01_120046300|CIDRa|1|495|814	PT0299-Cx.g3129	66.139	316	90	7	1	313	538	839	1.18e-111	357
PfKE01_120046300|DBLd|1|913|1407	PfKE04.g887	100.000	495	0	0	1	495	913	1407	0.0	1024
PfKE01_120046300|DBLd|1|913|1407	PFKE01.g292	57.968	502	160	11	13	495	833	1302	8.51e-166	512
PfKE01_120046300|DBLd|1|913|1407	PFKE01.g292	25.161	310	170	9	218	495	205	484	2.71e-15	81.6
PfKE01_120046300|DBLd|1|913|1407	PC0059-C.g142	54.291	536	184	20	1	495	1026	1541	4.05e-148	468
PfKE01_120046300|DBLd|1|913|1407	PC0059-C.g142	29.096	354	147	11	71	423	577	827	1.10e-31	132
PfKE01_120046300|DBLd|1|913|1407	PA0161-C.g706	49.907	537	208	18	1	495	900	1417	5.12e-146	460
PfKE01_120046300|DBLd|1|913|1407	PA0161-C.g706	27.437	277	156	11	217	477	203	450	2.38e-09	62.8
PfKE01_120046300|DBLd|1|913|1407	PT0052-C.g786	53.448	522	167	13	1	495	869	1341	9.43e-146	459
PfKE01_120046300|DBLd|1|913|1407	PT0052-C.g786	25.177	282	157	9	237	495	235	485	1.50e-11	69.7
PfKE01_120046300|CIDRb|1|1408|1669	PfKE04.g887	100.000	262	0	0	1	262	1408	1669	3.50e-179	538
PfKE01_120046300|CIDRb|1|1408|1669	PT0052-C.g786	91.255	263	20	2	1	262	1342	1602	8.11e-160	486
PfKE01_120046300|CIDRb|1|1408|1669	PV0023-C.g105	65.556	270	81	4	2	262	1090	1356	8.33e-109	345
PfKE01_120046300|CIDRb|1|1408|1669	PM0090-C.g599	67.969	256	80	2	1	254	1402	1657	8.94e-109	347
PfKE01_120046300|CIDRb|1|1408|1669	PV0094-C.g49	65.556	270	81	4	2	262	1409	1675	1.98e-108	345
PfKE01_120046300|ATS|1|1808|2294	PA0221-C.g780	93.634	487	16	1	1	487	1803	2274	0.0	933
PfKE01_120046300|ATS|1|1808|2294	PFKE11.g671	81.548	504	68	6	1	487	2046	2541	0.0	798
PfKE01_120046300|ATS|1|1808|2294	PfKE03.g341	94.621	409	22	0	1	409	1170	1578	0.0	776
PfKE01_120046300|ATS|1|1808|2294	QE0439-C.g985	84.725	491	62	6	1	487	1674	2155	0.0	755
PfKE01_120046300|ATS|1|1808|2294	PD0472-C.g722	81.466	491	70	9	1	487	1681	2154	0.0	747
PfKE01_120060300|NTS|1|1|68	PFKE01.g430	100.000	68	0	0	1	68	1	68	1.36e-37	133
PfKE01_120060300|NTS|1|1|68	PA0185-C.g16	72.059	68	19	0	1	68	1	68	5.46e-26	100
PfKE01_120060300|NTS|1|1|68	PT0063-C.g605	87.500	56	7	0	13	68	15	70	9.35e-26	100
PfKE01_120060300|NTS|1|1|68	PT0169-C.g639	75.000	68	15	1	1	68	1	66	6.14e-25	97.8
PfKE01_120060300|NTS|1|1|68	SenT013.11.g526	85.714	56	8	0	13	68	19	74	1.19e-24	97.1
PfKE01_120060300|DBLa|1|69|481	PFKE01.g430	100.000	413	0	0	1	413	69	481	0.0	872
PfKE01_120060300|DBLa|1|69|481	PFKE01.g430	30.693	202	123	7	215	413	1191	1378	1.26e-15	81.6
PfKE01_120060300|DBLa|1|69|481	PH0815-C.g1106	77.590	415	87	5	1	413	67	477	0.0	665
PfKE01_120060300|DBLa|1|69|481	PH0815-C.g1106	24.363	353	175	15	114	413	972	1285	3.87e-11	67.8
PfKE01_120060300|DBLa|1|69|481	PA0144-C.g813	77.458	417	88	3	1	413	67	481	0.0	664
PfKE01_120060300|DBLa|1|69|481	PA0144-C.g813	27.147	361	193	15	94	413	990	1321	2.10e-19	93.2
PfKE01_120060300|DBLa|1|69|481	PA0079-C.g352	77.458	417	88	3	1	413	67	481	0.0	663
PfKE01_120060300|DBLa|1|69|481	PA0079-C.g352	23.873	377	197	16	94	413	997	1340	1.71e-14	78.2
PfKE01_120060300|DBLa|1|69|481	QG0190-C.g1057	77.990	418	83	6	1	413	65	478	0.0	655
PfKE01_120060300|DBLa|1|69|481	QG0190-C.g1057	26.786	280	130	12	186	413	1085	1341	1.12e-09	63.2
PfKE01_120060300|CIDRa|1|482|727	PFKE01.g430	100.000	246	0	0	1	246	482	727	9.29e-172	519
PfKE01_120060300|CIDRa|1|482|727	PFKE01.g430	25.275	182	120	7	66	237	1460	1635	3.25e-07	53.1
PfKE01_120060300|CIDRa|1|482|727	PA0104-C.g510	76.772	254	51	2	1	246	494	747	2.63e-127	395
PfKE01_120060300|CIDRa|1|482|727	PA0221-C.g902	77.075	253	50	2	2	246	490	742	1.05e-124	390
PfKE01_120060300|CIDRa|1|482|727	PA0221-C.g902	28.846	156	95	4	101	246	1445	1594	3.77e-09	58.9
PfKE01_120060300|CIDRa|1|482|727	PA0168-C.g610	76.151	239	57	0	1	239	490	728	2.76e-123	386
PfKE01_120060300|CIDRa|1|482|727	PA0163-C.g585	76.151	239	57	0	1	239	490	728	2.76e-123	386
PfKE01_120060300|DBLd|1|810|1378	PFKE01.g430	100.000	569	0	0	1	569	810	1378	0.0	1179
PfKE01_120060300|DBLd|1|810|1378	PFKE01.g430	32.609	184	107	7	400	569	301	481	1.39e-16	86.3
PfKE01_120060300|DBLd|1|810|1378	PV0094-C.g50	52.991	585	199	19	1	569	884	1408	6.10e-180	555
PfKE01_120060300|DBLd|1|810|1378	PV0094-C.g50	28.511	235	118	8	379	569	294	522	1.99e-11	69.7
PfKE01_120060300|DBLd|1|810|1378	PV0023-C.g44	52.991	585	199	19	1	569	886	1410	6.29e-180	555
PfKE01_120060300|DBLd|1|810|1378	PV0023-C.g44	28.511	235	118	8	379	569	294	522	1.99e-11	69.7
PfKE01_120060300|DBLd|1|810|1378	PV0020-C.g33	52.991	585	199	19	1	569	886	1410	6.29e-180	555
PfKE01_120060300|DBLd|1|810|1378	PV0020-C.g33	28.511	235	118	8	379	569	294	522	1.99e-11	69.7
PfKE01_120060300|DBLd|1|810|1378	PV0147-C.g37	52.991	585	199	19	1	569	886	1410	4.09e-178	556
PfKE01_120060300|DBLd|1|810|1378	PV0147-C.g37	29.224	219	105	8	395	569	310	522	2.28e-11	69.7
PfKE01_120060300|CIDRg|1|1379|1649	PFKE01.g430	100.000	271	0	0	1	271	1379	1649	0.0	561
PfKE01_120060300|CIDRg|1|1379|1649	PFKE01.g430	22.751	189	136	5	82	267	547	728	8.54e-09	58.5
PfKE01_120060300|CIDRg|1|1379|1649	QG0261-C.g662	72.143	280	63	7	1	271	1355	1628	3.76e-122	384
PfKE01_120060300|CIDRg|1|1379|1649	QG0275-C.g628	72.143	280	63	7	1	271	1386	1659	1.29e-121	383
PfKE01_120060300|CIDRg|1|1379|1649	PD0524-C.g573	68.635	271	77	3	1	264	1835	2104	5.50e-112	357
PfKE01_120060300|CIDRg|1|1379|1649	SenT139.11.g240	67.636	275	82	3	1	271	1484	1755	7.19e-110	350
PfKE01_120060300|ATS|1|1778|2259	PFKE09.g563	80.041	486	49	8	1	482	775	1216	0.0	729
PfKE01_120060300|ATS|1|1778|2259	PV0147-C.g7	78.351	485	56	8	1	482	1761	2199	0.0	726
PfKE01_120060300|ATS|1|1778|2259	PA0245-C.g998	77.664	488	73	9	1	482	1706	2163	0.0	721
PfKE01_120060300|ATS|1|1778|2259	PFKE12.g291	80.171	469	62	8	1	450	1061	1517	0.0	714
PfKE01_120060300|ATS|1|1778|2259	PV0239-C.g25	76.844	488	76	7	1	482	2129	2585	0.0	697
PfKE01_130005400|NTS|1|1|65	PFKE01.g13	100.000	65	0	0	1	65	1	65	1.54e-37	133
PfKE01_130005400|NTS|1|1|65	PFKE11.g345	81.356	59	11	0	7	65	10	68	3.18e-25	98.2
PfKE01_130005400|NTS|1|1|65	PM0142-C.g1105	87.037	54	7	0	12	65	9	62	4.02e-24	95.1
PfKE01_130005400|NTS|1|1|65	PM0085-C.g786	87.037	54	7	0	12	65	3	56	4.40e-24	95.1
PfKE01_130005400|NTS|1|1|65	PT0052-C.g641	83.636	55	9	0	11	65	16	70	9.23e-24	94.4
PfKE01_130005400|DBLa|1|66|465	PFKE01.g13	100.000	400	0	0	1	400	66	465	0.0	835
PfKE01_130005400|DBLa|1|66|465	PFKE01.g13	26.730	318	169	11	129	400	989	1288	2.41e-19	92.8
PfKE01_130005400|DBLa|1|66|465	PA0213-C.g728	80.050	401	74	2	1	400	73	468	0.0	633
PfKE01_130005400|DBLa|1|66|465	PA0213-C.g728	31.095	283	138	9	52	320	870	1109	3.43e-27	116
PfKE01_130005400|DBLa|1|66|465	PA0213-C.g728	28.249	177	113	4	224	400	1529	1691	1.05e-09	63.2
PfKE01_130005400|DBLa|1|66|465	QE0437-C.g713	79.052	401	81	2	1	400	60	458	0.0	627
PfKE01_130005400|DBLa|1|66|465	QE0437-C.g713	34.637	179	105	6	224	400	1107	1275	1.42e-19	93.6
PfKE01_130005400|DBLa|1|66|465	PV0285-C.g80	78.750	400	81	1	1	400	65	460	0.0	627
PfKE01_130005400|DBLa|1|66|465	PV0285-C.g80	24.225	355	202	12	92	400	980	1313	7.98e-20	94.4
PfKE01_130005400|DBLa|1|66|465	PF0207-C.g447	79.250	400	78	2	1	400	64	458	0.0	626
PfKE01_130005400|DBLa|1|66|465	PF0207-C.g447	21.702	235	137	5	120	320	944	1165	8.08e-11	66.6
PfKE01_130005400|CIDRa|1|466|710	PFKE01.g13	100.000	245	0	0	1	245	466	710	6.14e-170	512
PfKE01_130005400|CIDRa|1|466|710	PH0915-C.g699	82.449	245	43	0	1	245	472	716	1.52e-136	411
PfKE01_130005400|CIDRa|1|466|710	PM0100-C.g1506	82.857	245	42	0	1	245	473	717	2.92e-136	422
PfKE01_130005400|CIDRa|1|466|710	PM0100-C.g1506	26.766	269	134	14	5	221	1338	1595	2.11e-07	53.9
PfKE01_130005400|CIDRa|1|466|710	QG0202-C.g632	81.818	242	44	0	1	242	478	719	1.66e-133	414
PfKE01_130005400|CIDRa|1|466|710	PD0585-C.g12	82.449	245	43	0	1	245	276	520	1.95e-133	411
PfKE01_130005400|CIDRa|1|466|710	PD0585-C.g12	26.087	184	126	7	68	244	1165	1345	1.43e-07	54.3
PfKE01_130005400|DBLd|1|785|1288	PFKE01.g13	100.000	504	0	0	1	504	785	1288	0.0	1041
PfKE01_130005400|DBLd|1|785|1288	PFKE01.g13	26.730	318	169	11	205	504	194	465	6.88e-15	80.5
PfKE01_130005400|DBLd|1|785|1288	PM0029-C.g2125	54.758	557	168	18	12	504	893	1429	1.87e-171	530
PfKE01_130005400|DBLd|1|785|1288	PM0029-C.g2125	26.214	412	213	14	133	504	134	494	3.16e-20	97.1
PfKE01_130005400|DBLd|1|785|1288	PF0368-C.g496	54.851	536	177	15	1	504	812	1314	2.79e-171	528
PfKE01_130005400|DBLd|1|785|1288	PT0052-C.g703	54.151	530	171	14	1	504	864	1347	9.84e-168	519
PfKE01_130005400|DBLd|1|785|1288	PT0052-C.g703	25.201	373	198	10	176	504	166	501	5.63e-17	87.0
PfKE01_130005400|DBLd|1|785|1288	PA0068-C.g617	53.176	551	179	16	1	504	849	1367	7.33e-166	508
PfKE01_130005400|DBLd|1|785|1288	PA0068-C.g617	28.102	274	150	7	241	504	250	486	1.07e-20	98.6
PfKE01_130005400|CIDRg|1|1289|1559	PF0368-C.g496	100.000	271	0	0	1	271	1315	1585	0.0	565
PfKE01_130005400|CIDRg|1|1289|1559	PFKE01.g13	100.000	271	0	0	1	271	1289	1559	0.0	561
PfKE01_130005400|CIDRg|1|1289|1559	PA0069-C.g597	89.668	271	25	1	1	271	1368	1635	1.75e-163	497
PfKE01_130005400|CIDRg|1|1289|1559	PA0050-C.g422	89.668	271	25	1	1	271	1368	1635	1.75e-163	497
PfKE01_130005400|CIDRg|1|1289|1559	PA0016-C.g430	89.668	271	25	1	1	271	1368	1635	1.75e-163	497
PfKE01_130005400|ATS|1|1653|2096	PfKE03.g242	75.514	486	63	9	1	444	1361	1832	0.0	667
PfKE01_130005400|ATS|1|1653|2096	PFKE12.g465	70.974	503	74	10	1	444	1773	2262	0.0	663
PfKE01_130005400|ATS|1|1653|2096	PV0239-C.g10	70.784	510	71	12	1	444	3361	3858	0.0	653
PfKE01_130005400|ATS|1|1653|2096	PV0147-C.g7	76.906	459	71	12	1	444	1761	2199	0.0	651
PfKE01_130005400|ATS|1|1653|2096	PV0229-C.g26	72.881	472	91	8	1	444	1803	2265	0.0	648
PfKE01_130005600|NTS|1|1|67	PA0151-C.g504	100.000	67	0	0	1	67	1	67	8.13e-41	142
PfKE01_130005600|NTS|1|1|67	PC0113-C.g848	100.000	67	0	0	1	67	1	67	1.49e-40	142
PfKE01_130005600|NTS|1|1|67	PT0215-Cx.g526	100.000	67	0	0	1	67	1	67	1.89e-40	141
PfKE01_130005600|NTS|1|1|67	PF0037-C.g496	100.000	67	0	0	1	67	1	67	2.48e-40	141
PfKE01_130005600|NTS|1|1|67	PFKE01.g206	100.000	67	0	0	1	67	1	67	3.84e-40	140
PfKE01_130005600|DBLa|1|68|471	PFKE01.g206	100.000	404	0	0	1	404	68	471	0.0	848
PfKE01_130005600|DBLa|1|68|471	PT0215-Cx.g526	95.050	404	20	0	1	404	68	471	0.0	803
PfKE01_130005600|DBLa|1|68|471	PT0215-Cx.g526	27.119	295	180	9	117	404	1383	1649	8.25e-18	88.2
PfKE01_130005600|DBLa|1|68|471	PT0215-Cx.g526	23.581	229	143	8	176	393	1004	1211	3.48e-07	55.1
PfKE01_130005600|DBLa|1|68|471	PC0113-C.g848	95.050	404	20	0	1	404	68	471	0.0	803
PfKE01_130005600|DBLa|1|68|471	PC0113-C.g848	29.146	398	235	13	14	387	1283	1657	2.70e-36	143
PfKE01_130005600|DBLa|1|68|471	PC0113-C.g848	27.336	289	150	11	42	330	1718	1946	2.83e-15	80.5
PfKE01_130005600|DBLa|1|68|471	PC0113-C.g848	25.510	294	163	12	45	319	877	1133	7.89e-13	72.8
PfKE01_130005600|DBLa|1|68|471	PF0037-C.g496	95.050	404	20	0	1	404	68	471	0.0	801
PfKE01_130005600|DBLa|1|68|471	PF0037-C.g496	26.816	358	202	13	70	404	1335	1655	9.68e-22	100
PfKE01_130005600|DBLa|1|68|471	PF0037-C.g496	24.342	152	93	4	176	322	1004	1138	1.66e-07	56.2
PfKE01_130005600|DBLa|1|68|471	PA0151-C.g504	94.802	404	21	0	1	404	68	471	0.0	801
PfKE01_130005600|DBLa|1|68|471	PA0151-C.g504	29.745	353	206	11	36	373	1296	1621	3.20e-32	131
PfKE01_130005600|DBLa|1|68|471	PA0151-C.g504	27.586	290	149	9	38	327	1688	1916	4.55e-20	95.1
PfKE01_130005600|DBLa|1|68|471	PA0151-C.g504	24.269	342	182	13	18	330	834	1127	3.95e-11	67.8
PfKE01_130005600|CIDRa|1|472|714	PFKE01.g206	100.000	243	0	0	1	243	472	714	7.82e-171	507
PfKE01_130005600|CIDRa|1|472|714	PA0180-C.g287	96.296	243	9	0	1	243	469	711	2.21e-156	479
PfKE01_130005600|CIDRa|1|472|714	PF0190-C.g376	87.654	243	30	0	1	243	460	702	5.95e-141	437
PfKE01_130005600|CIDRa|1|472|714	PM0156-C.g192	84.774	243	37	0	1	243	474	716	9.13e-135	421
PfKE01_130005600|CIDRa|1|472|714	PA0071-C.g746	84.774	243	37	0	1	243	483	725	4.48e-134	418
PfKE01_130005600|CIDRa|1|472|714	PA0071-C.g746	22.995	187	133	6	66	242	2038	2223	9.41e-07	52.0
PfKE01_130005600|DBLg|1|837|1193	PFKE01.g206	100.000	357	0	0	1	357	837	1193	0.0	751
PfKE01_130005600|DBLg|1|837|1193	PF0133-C.g612	68.421	361	104	5	1	357	580	934	1.47e-170	504
PfKE01_130005600|DBLg|1|837|1193	PF0133-C.g612	24.643	280	162	9	31	287	217	470	7.34e-14	75.5
PfKE01_130005600|DBLg|1|837|1193	PD0541-C.g135	68.421	361	104	5	1	357	2242	2596	4.14e-163	507
PfKE01_130005600|DBLg|1|837|1193	PD0541-C.g135	36.977	311	174	9	28	329	783	1080	6.62e-53	190
PfKE01_130005600|DBLg|1|837|1193	PD0541-C.g135	30.904	343	177	11	1	289	1112	1448	3.38e-36	142
PfKE01_130005600|DBLg|1|837|1193	PD0541-C.g135	25.271	277	172	9	30	290	1883	2140	1.17e-13	74.7
PfKE01_130005600|DBLg|1|837|1193	PD0541-C.g135	24.595	309	176	12	47	314	125	417	1.93e-10	65.1
PfKE01_130005600|DBLg|1|837|1193	PD0569-C.g185	68.421	361	104	5	1	357	2775	3129	4.71e-163	507
PfKE01_130005600|DBLg|1|837|1193	PD0569-C.g185	39.200	375	198	13	1	357	1238	1600	1.04e-67	233
PfKE01_130005600|DBLg|1|837|1193	PD0569-C.g185	28.906	384	202	11	1	319	1605	1982	4.54e-37	144
PfKE01_130005600|DBLg|1|837|1193	PD0569-C.g185	22.738	409	217	16	18	357	840	1218	7.92e-14	75.5
PfKE01_130005600|DBLg|1|837|1193	PD0569-C.g185	25.271	277	172	9	30	290	2416	2673	1.11e-13	75.1
PfKE01_130005600|DBLg|1|837|1193	PD0569-C.g185	21.759	216	142	4	47	248	130	332	2.52e-07	55.1
PfKE01_130005600|DBLg|1|837|1193	PD0549-C.g69	68.421	361	104	5	1	357	2775	3129	4.71e-163	507
PfKE01_130005600|DBLg|1|837|1193	PD0549-C.g69	39.200	375	198	13	1	357	1238	1600	1.04e-67	233
PfKE01_130005600|DBLg|1|837|1193	PD0549-C.g69	28.906	384	202	11	1	319	1605	1982	4.54e-37	144
PfKE01_130005600|DBLg|1|837|1193	PD0549-C.g69	22.738	409	217	16	18	357	840	1218	7.92e-14	75.5
PfKE01_130005600|DBLg|1|837|1193	PD0549-C.g69	25.271	277	172	9	30	290	2416	2673	1.11e-13	75.1
PfKE01_130005600|DBLg|1|837|1193	PD0549-C.g69	21.759	216	142	4	47	248	130	332	2.52e-07	55.1
PfKE01_130005600|ATS|1|1306|1728	PC0113-C.g1115	84.507	426	59	6	1	423	3496	3917	0.0	714
PfKE01_130005600|ATS|1|1306|1728	PFKE07.g1073	84.198	424	55	5	1	423	3671	4083	0.0	714
PfKE01_130005600|ATS|1|1306|1728	PF0513-C.g5231	83.491	424	65	4	2	423	2389	2809	0.0	711
PfKE01_130005600|ATS|1|1306|1728	PD0507-C.g826	79.458	443	67	5	2	423	2910	3349	0.0	696
PfKE01_130005600|ATS|1|1306|1728	QE0448-C.g49	82.326	430	66	6	1	423	2723	3149	0.0	693
PfKE01_140005300|NTS|1|1|69	PFKE01.g326	100.000	69	0	0	1	69	1	69	1.84e-40	142
PfKE01_140005300|NTS|1|1|69	PF0207-C.g448	78.947	57	12	0	13	69	18	74	2.40e-22	90.5
PfKE01_140005300|NTS|1|1|69	PA0092-C.g1037	68.116	69	18	1	1	69	1	65	7.30e-22	89.0
PfKE01_140005300|NTS|1|1|69	PM0142-C.g699	65.278	72	22	1	1	69	1	72	8.33e-22	89.0
PfKE01_140005300|NTS|1|1|69	QE0449-C.g428	72.727	66	7	1	9	63	6	71	4.04e-21	87.0
PfKE01_140005300|DBLa|1|70|495	PFKE01.g326	100.000	426	0	0	1	426	70	495	0.0	898
PfKE01_140005300|DBLa|1|70|495	PFKE01.g326	23.901	364	201	11	106	426	1071	1401	4.90e-17	86.3
PfKE01_140005300|DBLa|1|70|495	PF0207-C.g448	85.877	439	34	7	1	426	75	498	0.0	704
PfKE01_140005300|DBLa|1|70|495	PF0207-C.g448	28.704	324	201	11	53	376	2110	2403	5.97e-29	122
PfKE01_140005300|DBLa|1|70|495	PF0207-C.g448	23.975	317	171	10	37	340	1674	1933	3.19e-15	80.9
PfKE01_140005300|DBLa|1|70|495	PF0207-C.g448	35.455	110	67	2	232	340	1158	1264	1.27e-10	66.2
PfKE01_140005300|DBLa|1|70|495	PA0203-C.g738	81.352	429	71	6	1	426	70	492	0.0	691
PfKE01_140005300|DBLa|1|70|495	PA0203-C.g738	25.292	257	146	8	121	340	980	1227	1.65e-12	72.0
PfKE01_140005300|DBLa|1|70|495	PF0180-C.g436	68.750	416	120	5	15	426	83	492	0.0	580
PfKE01_140005300|DBLa|1|70|495	PF0180-C.g436	25.632	277	161	8	132	375	1020	1284	2.72e-16	84.0
PfKE01_140005300|DBLa|1|70|495	PM0038-C.g1401	73.103	435	97	8	1	426	69	492	0.0	575
PfKE01_140005300|DBLa|1|70|495	PM0038-C.g1401	25.197	381	196	14	104	426	982	1331	6.17e-20	95.1
PfKE01_140005300|CIDRa|1|496|741	PFKE01.g326	100.000	246	0	0	1	246	496	741	3.90e-169	516
PfKE01_140005300|CIDRa|1|496|741	PFKE01.g326	24.051	237	150	9	29	246	1434	1659	1.66e-07	54.3
PfKE01_140005300|CIDRa|1|496|741	PF0207-C.g448	99.593	246	1	0	1	246	499	744	4.58e-166	510
PfKE01_140005300|CIDRa|1|496|741	PT0230-Cx.g705	79.835	243	49	0	1	243	503	745	1.78e-130	406
PfKE01_140005300|CIDRa|1|496|741	PA0092-C.g755	77.419	248	54	2	1	246	317	564	3.15e-127	396
PfKE01_140005300|CIDRa|1|496|741	PT0117-C.g1080	77.049	244	55	1	1	243	511	754	3.64e-123	386
PfKE01_140005300|DBLd|1|853|1401	PFKE01.g326	100.000	549	0	0	1	549	853	1401	0.0	1138
PfKE01_140005300|DBLd|1|853|1401	PFKE01.g326	24.151	265	164	6	307	549	246	495	1.25e-10	67.0
PfKE01_140005300|DBLd|1|853|1401	PF0609-C.g187	58.421	570	150	14	14	549	848	1364	0.0	569
PfKE01_140005300|DBLd|1|853|1401	PF0609-C.g187	24.865	370	193	15	222	549	168	494	6.13e-15	80.9
PfKE01_140005300|DBLd|1|853|1401	PM0107-C.g83	52.265	574	170	17	1	549	1214	1708	2.82e-160	505
PfKE01_140005300|DBLd|1|853|1401	PM0115-C.g122	52.265	574	170	17	1	549	1899	2393	2.05e-158	503
PfKE01_140005300|DBLd|1|853|1401	PT0169-C.g633	52.265	574	188	20	1	549	370	882	1.28e-152	471
PfKE01_140005300|CIDRb|1|1402|1659	PFKE01.g326	100.000	258	0	0	1	258	1402	1659	2.19e-174	531
PfKE01_140005300|CIDRb|1|1402|1659	PFKE01.g326	23.529	238	150	9	33	258	524	741	7.44e-08	55.5
PfKE01_140005300|CIDRb|1|1402|1659	PT0042-C.g439	88.845	251	28	0	1	251	1332	1582	3.69e-148	455
PfKE01_140005300|CIDRb|1|1402|1659	PM0098-C.g715	85.603	257	35	1	1	257	1436	1690	4.31e-145	447
PfKE01_140005300|CIDRb|1|1402|1659	PM0107-C.g83	85.603	257	35	1	1	257	1709	1963	5.74e-145	449
PfKE01_140005300|CIDRb|1|1402|1659	PM0115-C.g122	85.603	257	35	1	1	257	2394	2648	6.21e-144	447
PfKE01_140005300|CIDRb|1|1402|1659	PM0115-C.g122	26.939	245	157	9	18	254	499	729	1.19e-09	60.8
PfKE01_140005300|ATS|1|1767|2216	PFKE01.g326	100.000	450	0	0	1	450	1767	2216	0.0	927
PfKE01_140005300|ATS|1|1767|2216	PC0097-C.g664	80.795	453	79	5	1	450	2364	2811	0.0	706
PfKE01_140005300|ATS|1|1767|2216	PA0245-C.g391	77.533	454	80	9	1	450	2512	2947	0.0	664
PfKE01_140005300|ATS|1|1767|2216	PT0034-C.g724	73.176	507	78	5	1	450	2851	3356	0.0	661
PfKE01_140005300|ATS|1|1767|2216	PV0211-C.g136	77.263	453	87	7	2	450	837	1277	0.0	657
PfKE01_140084200|NTS|1|1|64	PFKE01.g27	100.000	64	0	0	1	64	1	64	1.61e-36	130
PfKE01_140084200|NTS|1|1|64	QE0433-C.g1000	75.806	62	15	0	3	64	2	63	4.69e-24	95.1
PfKE01_140084200|NTS|1|1|64	PM0161-C.g3009	73.438	64	16	1	1	64	1	63	4.76e-23	92.0
PfKE01_140084200|NTS|1|1|64	PfKE03.g14	88.679	53	5	1	12	64	17	68	1.88e-20	84.7
PfKE01_140084200|NTS|1|1|64	PM0117-C.g183	74.545	55	14	0	10	64	20	74	5.72e-20	83.2
PfKE01_140084200|DBLa|1|65|494	PFKE01.g27	100.000	430	0	0	1	430	65	494	0.0	895
PfKE01_140084200|DBLa|1|65|494	PFKE01.g27	28.571	329	165	15	141	430	1035	1332	1.02e-12	72.8
PfKE01_140084200|DBLa|1|65|494	PfKE03.g14	83.908	435	57	4	1	430	69	495	0.0	736
PfKE01_140084200|DBLa|1|65|494	PfKE03.g14	26.625	323	170	14	139	430	1040	1326	4.44e-12	70.9
PfKE01_140084200|DBLa|1|65|494	PA0149-C.g564	80.332	422	68	4	12	430	76	485	0.0	664
PfKE01_140084200|DBLa|1|65|494	PA0149-C.g564	25.072	347	194	17	106	404	1006	1334	4.39e-11	67.8
PfKE01_140084200|DBLa|1|65|494	PD0548-C.g702	80.332	422	68	4	12	430	74	483	0.0	664
PfKE01_140084200|DBLa|1|65|494	PD0548-C.g702	27.835	194	113	4	180	347	1054	1246	7.27e-12	70.1
PfKE01_140084200|DBLa|1|65|494	PD0513-C.g618	80.332	422	68	4	12	430	74	483	0.0	664
PfKE01_140084200|DBLa|1|65|494	PD0513-C.g618	27.835	194	113	4	180	347	1054	1246	7.27e-12	70.1
PfKE01_140084200|CIDRa|1|496|742	PfKE03.g14	100.000	247	0	0	1	247	497	743	7.04e-170	512
PfKE01_140084200|CIDRa|1|496|742	PfKE03.g14	25.862	174	118	5	12	176	1338	1509	2.06e-07	53.9
PfKE01_140084200|CIDRa|1|496|742	PFKE01.g27	100.000	247	0	0	1	247	496	742	6.60e-169	510
PfKE01_140084200|CIDRa|1|496|742	PA0149-C.g564	92.713	247	17	1	1	247	487	732	3.19e-153	468
PfKE01_140084200|CIDRa|1|496|742	PA0149-C.g564	30.968	155	86	6	30	168	1362	1511	1.71e-08	57.0
PfKE01_140084200|CIDRa|1|496|742	PD0548-C.g702	92.713	247	17	1	1	247	485	730	4.93e-153	467
PfKE01_140084200|CIDRa|1|496|742	PD0513-C.g618	92.713	247	17	1	1	247	485	730	4.93e-153	467
PfKE01_140084200|DBLd|1|816|1332	PFKE01.g27	100.000	517	0	0	1	517	816	1332	0.0	1064
PfKE01_140084200|DBLd|1|816|1332	PFKE01.g27	29.310	174	88	7	262	435	252	390	1.30e-08	60.5
PfKE01_140084200|DBLd|1|816|1332	QG0252-C.g3085	48.519	540	235	15	1	517	400	919	3.73e-144	448
PfKE01_140084200|DBLd|1|816|1332	SenT013.11.g477	49.541	545	222	17	1	517	275	794	5.07e-144	445
PfKE01_140084200|DBLd|1|816|1332	PT0184-C.g433	51.636	550	201	19	1	517	869	1386	8.45e-143	452
PfKE01_140084200|DBLd|1|816|1332	PT0184-C.g433	26.087	253	126	6	218	455	199	405	1.60e-14	79.3
PfKE01_140084200|DBLd|1|816|1332	PV0276-C.g105	48.936	517	201	17	14	517	448	914	2.81e-141	441
PfKE01_140084200|CIDRb|1|1333|1584	PFKE01.g27	100.000	252	0	0	1	252	1333	1584	5.28e-173	521
PfKE01_140084200|CIDRb|1|1333|1584	PA0089-C.g368	81.435	237	39	4	3	238	1045	1277	5.11e-120	374
PfKE01_140084200|CIDRb|1|1333|1584	PT0222-C.g584	81.435	237	39	4	3	238	1455	1687	9.93e-118	371
PfKE01_140084200|CIDRb|1|1333|1584	PT0066-C.g412	81.435	237	39	4	3	238	1927	2159	1.03e-117	372
PfKE01_140084200|CIDRb|1|1333|1584	PT0048-C.g403	67.984	253	76	3	2	252	1396	1645	3.38e-106	338
PfKE01_140084200|ATS|1|1694|2181	PA0270-C.g443	74.593	492	84	5	1	488	2185	2639	0.0	708
PfKE01_140084200|ATS|1|1694|2181	QE0475-C.g596	76.800	500	65	8	1	488	1737	2197	0.0	702
PfKE01_140084200|ATS|1|1694|2181	PA0245-C.g998	73.992	496	83	7	1	488	1706	2163	0.0	699
PfKE01_140084200|ATS|1|1694|2181	PV0211-C.g126	66.851	543	87	7	1	488	841	1345	0.0	667
PfKE01_140084200|ATS|1|1694|2181	PA0157-C.g190	72.098	491	87	9	7	488	2249	2698	0.0	657
PfKE01_000006200|NTS|1|1|66	PFKE01.g16	100.000	66	0	0	1	66	1	66	3.86e-38	135
PfKE01_000006200|NTS|1|1|66	SenT036.10.g2628	81.633	49	9	0	18	66	10	58	5.75e-20	83.6
PfKE01_000006200|NTS|1|1|66	PF0298-C.g532	84.211	57	8	1	11	66	9	65	5.05e-19	80.9
PfKE01_000006200|NTS|1|1|66	PC0077-C.g452	68.966	58	18	0	9	66	5	62	1.20e-18	79.7
PfKE01_000006200|NTS|1|1|66	QG0258-C.g522	54.545	66	30	0	1	66	2	67	1.10e-17	77.0
PfKE01_000006200|DBLa|1|67|533	PFKE01.g16	100.000	467	0	0	1	467	67	533	0.0	972
PfKE01_000006200|DBLa|1|67|533	PFKE01.g16	28.190	337	173	12	145	467	1148	1429	1.66e-22	103
PfKE01_000006200|DBLa|1|67|533	PF0298-C.g532	94.004	467	22	1	1	467	66	526	0.0	890
PfKE01_000006200|DBLa|1|67|533	PF0298-C.g532	24.664	223	145	8	150	353	1142	1360	1.25e-10	66.6
PfKE01_000006200|DBLa|1|67|533	SenT036.10.g2628	79.588	485	73	10	1	467	59	535	0.0	739
PfKE01_000006200|DBLa|1|67|533	SenT036.10.g2628	28.522	291	148	14	127	404	1070	1313	5.90e-18	89.7
PfKE01_000006200|DBLa|1|67|533	SenT040.11.g1187	68.220	472	128	6	1	467	34	488	0.0	635
PfKE01_000006200|DBLa|1|67|533	PH0643-C.g872	67.490	486	115	10	1	467	69	530	0.0	635
PfKE01_000006200|DBLa|1|67|533	PH0643-C.g872	25.168	298	169	7	178	467	1156	1407	2.91e-13	74.7
PfKE01_000006200|CIDRa|1|534|828	PFKE01.g16	100.000	295	0	0	1	295	534	828	0.0	609
PfKE01_000006200|CIDRa|1|534|828	PFKE01.g16	29.167	120	69	4	131	250	1534	1637	3.56e-07	53.9
PfKE01_000006200|CIDRa|1|534|828	PF0298-C.g532	74.919	307	61	6	1	295	527	829	9.02e-141	437
PfKE01_000006200|CIDRa|1|534|828	SenT179.08.g1202	63.366	303	91	5	1	295	523	813	4.13e-113	359
PfKE01_000006200|CIDRa|1|534|828	PA0263-C.g1071	63.036	303	92	5	1	295	523	813	1.25e-112	359
PfKE01_000006200|CIDRa|1|534|828	PA0102-C.g525	60.968	310	99	6	1	295	515	817	5.84e-109	347
PfKE01_000006200|DBLd|1|921|1429	PFKE01.g16	100.000	509	0	0	1	509	921	1429	0.0	1062
PfKE01_000006200|DBLd|1|921|1429	PFKE01.g16	27.596	337	175	12	228	509	211	533	1.30e-24	110
PfKE01_000006200|DBLd|1|921|1429	PD0523-C.g664	55.340	515	164	14	1	509	818	1272	5.39e-159	494
PfKE01_000006200|DBLd|1|921|1429	PD0523-C.g664	32.792	308	148	11	226	509	211	483	5.65e-28	121
PfKE01_000006200|DBLd|1|921|1429	PA0051-C.g217	53.283	533	188	14	1	509	820	1315	1.15e-158	494
PfKE01_000006200|DBLd|1|921|1429	PA0051-C.g217	28.707	317	161	11	227	509	212	497	4.81e-21	99.8
PfKE01_000006200|DBLd|1|921|1429	PA0045-C.g548	53.283	533	188	14	1	509	820	1315	1.15e-158	494
PfKE01_000006200|DBLd|1|921|1429	PA0045-C.g548	28.707	317	161	11	227	509	212	497	4.81e-21	99.8
PfKE01_000006200|DBLd|1|921|1429	PA0017-C.g495	53.283	533	188	14	1	509	820	1315	1.15e-158	494
PfKE01_000006200|DBLd|1|921|1429	PA0017-C.g495	28.707	317	161	11	227	509	212	497	4.81e-21	99.8
PfKE01_000006200|CIDRb|1|1430|1684	PFKE01.g16	100.000	255	0	0	1	255	1430	1684	1.85e-175	529
PfKE01_000006200|CIDRb|1|1430|1684	PFKE01.g16	28.689	122	71	4	102	207	661	782	3.73e-07	53.1
PfKE01_000006200|CIDRb|1|1430|1684	PM0063-C.g538	96.471	255	9	0	1	255	1430	1684	3.17e-166	504
PfKE01_000006200|CIDRb|1|1430|1684	PM0063-C.g538	34.615	78	48	1	105	179	664	741	1.47e-07	54.3
PfKE01_000006200|CIDRb|1|1430|1684	PA0049-C.g455	72.941	255	68	1	1	255	1333	1586	9.64e-123	385
PfKE01_000006200|CIDRb|1|1430|1684	PA0049-C.g455	36.000	75	45	2	96	167	614	688	9.09e-08	55.1
PfKE01_000006200|CIDRb|1|1430|1684	PA0260-C.g652	75.000	244	60	1	1	243	1465	1708	1.97e-119	377
PfKE01_000006200|CIDRb|1|1430|1684	PM0114-C.g540	72.941	255	67	1	1	255	1336	1588	2.02e-118	373
PfKE01_000006200|CIDRb|1|1430|1684	PM0114-C.g540	30.952	168	108	3	1	167	476	636	3.55e-15	77.0
PfKE01_000006200|ATS|1|1786|2237	PFKE01.g19	81.878	458	58	10	1	452	1733	2171	0.0	705
PfKE01_000006200|ATS|1|1786|2237	PFKE09.g563	79.140	465	61	7	1	452	775	1216	0.0	699
PfKE01_000006200|ATS|1|1786|2237	PF0590-C.g528	79.212	457	67	7	1	452	2051	2484	0.0	680
PfKE01_000006200|ATS|1|1786|2237	PF0456-C.g548	77.137	468	72	9	1	452	1099	1547	0.0	676
PfKE01_000006200|ATS|1|1786|2237	PV0028-C.g31	74.473	474	81	9	1	452	1737	2192	0.0	676
PfKE01_000006800|NTS|1|1|75	QE0440-C.g478	100.000	75	0	0	1	75	1	75	9.71e-45	154
PfKE01_000006800|NTS|1|1|75	PT0240-C.g568	100.000	75	0	0	1	75	1	75	9.81e-45	154
PfKE01_000006800|NTS|1|1|75	PA0237-C.g259	100.000	75	0	0	1	75	1	75	1.08e-44	154
PfKE01_000006800|NTS|1|1|75	QE0467-C.g994	100.000	75	0	0	1	75	1	75	1.27e-44	154
PfKE01_000006800|NTS|1|1|75	PA0098-C.g492	100.000	75	0	0	1	75	1	75	1.33e-44	154
PfKE01_000006800|DBLa|1|76|513	QG0190-C.g691	100.000	438	0	0	1	438	76	513	0.0	915
PfKE01_000006800|DBLa|1|76|513	QG0190-C.g691	22.709	251	151	5	124	338	1070	1313	9.58e-11	66.6
PfKE01_000006800|DBLa|1|76|513	PT0264-C.g441	100.000	438	0	0	1	438	76	513	0.0	915
PfKE01_000006800|DBLa|1|76|513	PT0264-C.g441	22.709	251	151	5	124	338	1070	1313	9.58e-11	66.6
PfKE01_000006800|DBLa|1|76|513	PT0184-C.g213	100.000	438	0	0	1	438	76	513	0.0	915
PfKE01_000006800|DBLa|1|76|513	PT0184-C.g213	22.709	251	151	5	124	338	1070	1313	9.58e-11	66.6
PfKE01_000006800|DBLa|1|76|513	PT0169-C.g434	100.000	438	0	0	1	438	76	513	0.0	915
PfKE01_000006800|DBLa|1|76|513	PT0169-C.g434	22.709	251	151	5	124	338	1070	1313	9.58e-11	66.6
PfKE01_000006800|DBLa|1|76|513	PD0481-C.g678	100.000	438	0	0	1	438	76	513	0.0	915
PfKE01_000006800|DBLa|1|76|513	PD0481-C.g678	22.709	251	151	5	124	338	1070	1313	9.58e-11	66.6
PfKE01_000006800|CIDRa|1|514|804	PF0782-C.g570	100.000	291	0	0	1	291	533	823	0.0	603
PfKE01_000006800|CIDRa|1|514|804	PA0012-C.g534	100.000	291	0	0	1	291	506	796	0.0	602
PfKE01_000006800|CIDRa|1|514|804	PC0032-C.g3	100.000	291	0	0	1	291	180	470	0.0	600
PfKE01_000006800|CIDRa|1|514|804	PC0032-C.g3	36.923	65	40	1	142	206	1147	1210	2.78e-07	54.3
PfKE01_000006800|CIDRa|1|514|804	QG0190-C.g691	100.000	291	0	0	1	291	514	804	0.0	600
PfKE01_000006800|CIDRa|1|514|804	QG0190-C.g691	36.923	65	40	1	142	206	1481	1544	2.82e-07	54.3
PfKE01_000006800|CIDRa|1|514|804	QE0471-C.g659	100.000	291	0	0	1	291	484	774	0.0	600
PfKE01_000006800|CIDRa|1|514|804	QE0471-C.g659	31.818	110	73	2	100	209	1430	1537	5.38e-07	53.1
PfKE01_000006800|DBLd|1|891|1379	PC0026-C.g16	100.000	489	0	0	1	489	175	663	0.0	1008
PfKE01_000006800|DBLd|1|891|1379	QG0190-C.g691	100.000	489	0	0	1	489	891	1379	0.0	1008
PfKE01_000006800|DBLd|1|891|1379	QG0190-C.g691	23.970	267	153	6	180	439	199	422	2.76e-11	68.9
PfKE01_000006800|DBLd|1|891|1379	PT0264-C.g441	100.000	489	0	0	1	489	891	1379	0.0	1008
PfKE01_000006800|DBLd|1|891|1379	PT0264-C.g441	23.970	267	153	6	180	439	199	422	2.76e-11	68.9
PfKE01_000006800|DBLd|1|891|1379	PT0184-C.g213	100.000	489	0	0	1	489	891	1379	0.0	1008
PfKE01_000006800|DBLd|1|891|1379	PT0184-C.g213	23.970	267	153	6	180	439	199	422	2.76e-11	68.9
PfKE01_000006800|DBLd|1|891|1379	PT0169-C.g434	100.000	489	0	0	1	489	891	1379	0.0	1008
PfKE01_000006800|DBLd|1|891|1379	PT0169-C.g434	23.970	267	153	6	180	439	199	422	2.76e-11	68.9
PfKE01_000006800|CIDRb|1|1380|1634	PC0026-C.g16	100.000	255	0	0	1	255	664	918	0.0	530
PfKE01_000006800|CIDRb|1|1380|1634	PC0032-C.g3	99.608	255	1	0	1	255	1046	1300	2.29e-176	524
PfKE01_000006800|CIDRb|1|1380|1634	PC0032-C.g3	36.923	65	40	1	102	165	321	385	9.95e-08	55.1
PfKE01_000006800|CIDRb|1|1380|1634	QG0190-C.g691	100.000	255	0	0	1	255	1380	1634	5.26e-175	527
PfKE01_000006800|CIDRb|1|1380|1634	QG0190-C.g691	36.923	65	40	1	102	165	655	719	1.04e-07	55.1
PfKE01_000006800|CIDRb|1|1380|1634	PT0264-C.g441	100.000	255	0	0	1	255	1380	1634	5.26e-175	527
PfKE01_000006800|CIDRb|1|1380|1634	PT0264-C.g441	36.923	65	40	1	102	165	655	719	1.04e-07	55.1
PfKE01_000006800|CIDRb|1|1380|1634	PT0184-C.g213	100.000	255	0	0	1	255	1380	1634	5.26e-175	527
PfKE01_000006800|CIDRb|1|1380|1634	PT0184-C.g213	36.923	65	40	1	102	165	655	719	1.04e-07	55.1
PfKE01_000006800|ATS|1|1746|2195	PV0028-C.g27	79.596	495	44	5	1	450	2441	2923	0.0	771
PfKE01_000006800|ATS|1|1746|2195	PF0489-C.g691	81.678	453	67	6	1	450	1767	2206	0.0	741
PfKE01_000006800|ATS|1|1746|2195	PV0089-C.g11	82.965	452	63	5	1	450	1730	2169	0.0	729
PfKE01_000006800|ATS|1|1746|2195	PV0099-C.g16	78.037	428	72	6	1	426	1721	2128	0.0	667
PfKE01_000006800|ATS|1|1746|2195	PA0245-C.g391	76.169	449	88	4	1	448	2512	2942	0.0	666
PfKE01_000007800|NTS|1|1|78	PFKE01.g231	100.000	78	0	0	1	78	1	78	1.37e-44	154
PfKE01_000007800|NTS|1|1|78	PH0556-C.g746	78.571	56	11	1	23	78	19	73	2.11e-20	85.1
PfKE01_000007800|NTS|1|1|78	PC0058-C.g588	78.571	56	11	1	23	78	13	67	2.28e-20	85.1
PfKE01_000007800|NTS|1|1|78	QE0415-C.g622	78.571	56	11	1	23	78	19	73	3.00e-20	84.7
PfKE01_000007800|NTS|1|1|78	QE0481-C.g606	78.571	56	11	1	23	78	19	73	3.06e-20	84.7
PfKE01_000007800|DBLa|1|79|507	PFKE01.g231	100.000	429	0	0	1	429	79	507	0.0	894
PfKE01_000007800|DBLa|1|79|507	PFKE01.g231	26.214	206	129	8	235	429	1168	1361	1.53e-09	62.8
PfKE01_000007800|DBLa|1|79|507	PC0057-C.g61	73.086	431	106	3	1	429	68	490	0.0	619
PfKE01_000007800|DBLa|1|79|507	PC0057-C.g61	30.769	286	135	11	54	328	931	1164	2.30e-27	117
PfKE01_000007800|DBLa|1|79|507	PC0057-C.g61	30.811	185	103	7	245	429	1654	1813	5.06e-16	83.2
PfKE01_000007800|DBLa|1|79|507	PM0004-C.g244	70.709	437	116	8	1	429	63	495	0.0	595
PfKE01_000007800|DBLa|1|79|507	PM0004-C.g244	24.471	331	163	12	51	348	868	1144	2.21e-09	62.4
PfKE01_000007800|DBLa|1|79|507	PM0004-C.g244	25.888	197	110	7	239	429	1557	1723	1.53e-07	56.6
PfKE01_000007800|DBLa|1|79|507	SenT179.08.g875	68.958	451	112	10	1	429	65	509	0.0	591
PfKE01_000007800|DBLa|1|79|507	SenT179.08.g875	24.682	393	235	14	71	429	1051	1416	1.32e-12	72.4
PfKE01_000007800|DBLa|1|79|507	QG0190-C.g1182	68.736	451	113	10	1	429	65	509	0.0	588
PfKE01_000007800|DBLa|1|79|507	QG0190-C.g1182	31.193	218	112	10	218	429	1184	1369	4.21e-14	77.0
PfKE01_000007800|CIDRa|1|508|792	PFKE01.g231	100.000	285	0	0	1	285	508	792	0.0	592
PfKE01_000007800|CIDRa|1|508|792	PF0157-C.g755	76.699	309	46	3	1	285	512	818	7.29e-152	467
PfKE01_000007800|CIDRa|1|508|792	PA0065-C.g4	79.649	285	49	3	1	285	500	775	1.29e-150	451
PfKE01_000007800|CIDRa|1|508|792	PC0073-C.g403	73.871	310	54	4	1	285	495	802	1.14e-145	450
PfKE01_000007800|CIDRa|1|508|792	PT0264-C.g664	73.139	309	56	5	1	285	483	788	3.04e-141	437
PfKE01_000007800|DBLd|1|848|1361	PFKE01.g231	100.000	514	0	0	1	514	848	1361	0.0	1066
PfKE01_000007800|DBLd|1|848|1361	PFKE01.g231	26.214	206	129	8	321	514	313	507	2.36e-08	59.7
PfKE01_000007800|DBLd|1|848|1361	PA0039-C.g478	51.005	547	212	17	1	514	77	600	1.55e-156	473
PfKE01_000007800|DBLd|1|848|1361	QG0264-C.g568	49.821	560	225	16	1	514	839	1388	2.06e-147	464
PfKE01_000007800|DBLd|1|848|1361	QG0264-C.g568	34.848	198	110	6	327	514	303	491	1.73e-14	79.3
PfKE01_000007800|DBLd|1|848|1361	QG0246-C.g3539	49.631	542	191	17	1	514	890	1377	3.55e-147	464
PfKE01_000007800|DBLd|1|848|1361	PT0014-CW.g362	49.631	542	191	17	1	514	890	1377	3.55e-147	464
PfKE01_000007800|CIDRb|1|1362|1621	PFKE01.g231	100.000	260	0	0	1	260	1362	1621	7.02e-180	541
PfKE01_000007800|CIDRb|1|1362|1621	PF0725-C.g398	75.494	253	51	5	1	251	1582	1825	3.59e-118	374
PfKE01_000007800|CIDRb|1|1362|1621	PA0015-C.g358	75.494	253	51	5	1	251	1446	1689	7.66e-118	372
PfKE01_000007800|CIDRb|1|1362|1621	PA0015-C.g358	29.189	185	111	7	86	251	631	814	3.04e-08	56.6
PfKE01_000007800|CIDRb|1|1362|1621	PM0037-C.g2200	73.563	261	58	5	1	259	1381	1632	9.30e-118	372
PfKE01_000007800|CIDRb|1|1362|1621	PM0037-C.g2200	28.571	112	74	3	106	215	613	720	6.08e-08	55.8
PfKE01_000007800|CIDRb|1|1362|1621	SenT013.11.g1169	70.930	258	63	5	1	254	814	1063	1.79e-113	354
PfKE01_000007800|ATS|1|1770|2229	PA0245-C.g998	78.178	472	77	5	1	460	1706	2163	0.0	708
PfKE01_000007800|ATS|1|1770|2229	PA0270-C.g443	78.038	469	80	6	1	460	2185	2639	0.0	694
PfKE01_000007800|ATS|1|1770|2229	PA0157-C.g190	78.723	470	74	9	1	460	2245	2698	0.0	694
PfKE01_000007800|ATS|1|1770|2229	PV0147-C.g7	77.922	462	77	7	1	460	1761	2199	0.0	686
PfKE01_000007800|ATS|1|1770|2229	PA0245-C.g391	77.657	461	77	3	1	460	2512	2947	0.0	686
