PfKH01_010005900|NTS|1|1|63	PH0279-C.g16	100.000	63	0	0	1	63	1	63	2.71e-36	129
PfKH01_010005900|NTS|1|1|63	PV0287-C.g11	100.000	63	0	0	1	63	1	63	2.71e-36	129
PfKH01_010005900|NTS|1|1|63	QE0467-C.g406	100.000	63	0	0	1	63	1	63	5.78e-36	129
PfKH01_010005900|NTS|1|1|63	PD0562-C.g175	78.788	66	11	1	1	63	1	66	2.10e-26	101
PfKH01_010005900|NTS|1|1|63	PD0565-C.g418	78.788	66	11	1	1	63	1	66	2.69e-26	101
PfKH01_010005900|DBLa|1|64|468	PV0287-C.g11	100.000	405	0	0	1	405	64	468	0.0	839
PfKH01_010005900|DBLa|1|64|468	PV0287-C.g11	32.899	307	164	9	115	405	1769	2049	4.64e-31	128
PfKH01_010005900|DBLa|1|64|468	PV0287-C.g11	29.545	308	163	13	52	346	856	1122	1.30e-27	118
PfKH01_010005900|DBLa|1|64|468	PV0287-C.g11	26.144	306	161	10	41	325	1265	1526	1.47e-15	81.6
PfKH01_010005900|DBLa|1|64|468	PV0287-C.g11	23.765	324	162	11	14	333	3129	3371	3.32e-14	77.4
PfKH01_010005900|DBLa|1|64|468	PV0287-C.g11	24.231	260	137	8	52	311	2827	3026	3.38e-11	67.8
PfKH01_010005900|DBLa|1|64|468	PH0279-C.g16	100.000	405	0	0	1	405	64	468	0.0	838
PfKH01_010005900|DBLa|1|64|468	PH0279-C.g16	32.899	307	164	9	115	405	1769	2049	5.79e-31	128
PfKH01_010005900|DBLa|1|64|468	PH0279-C.g16	29.545	308	163	13	52	346	856	1122	1.47e-27	117
PfKH01_010005900|DBLa|1|64|468	PH0279-C.g16	26.144	306	161	10	41	325	1265	1526	1.59e-15	81.3
PfKH01_010005900|DBLa|1|64|468	PH0279-C.g16	23.765	324	162	11	14	333	3039	3281	4.07e-14	77.0
PfKH01_010005900|DBLa|1|64|468	PH0279-C.g16	24.231	260	137	8	52	311	2737	2936	3.91e-11	67.8
PfKH01_010005900|DBLa|1|64|468	PV0099-C.g59	86.173	405	56	0	1	405	63	467	0.0	686
PfKH01_010005900|DBLa|1|64|468	PV0099-C.g59	30.164	305	165	12	52	346	855	1121	1.39e-29	124
PfKH01_010005900|DBLa|1|64|468	PV0099-C.g59	27.941	340	180	13	115	405	1818	2141	1.37e-19	94.0
PfKH01_010005900|DBLa|1|64|468	PV0099-C.g59	26.936	297	159	11	43	328	1276	1525	1.78e-15	81.3
PfKH01_010005900|DBLa|1|64|468	PV0133-C.g43	86.173	405	56	0	1	405	63	467	0.0	684
PfKH01_010005900|DBLa|1|64|468	PV0133-C.g43	31.023	303	163	11	52	346	855	1119	2.23e-30	126
PfKH01_010005900|DBLa|1|64|468	PV0133-C.g43	29.966	297	177	10	115	405	1759	2030	1.59e-22	102
PfKH01_010005900|DBLa|1|64|468	PV0133-C.g43	26.207	290	159	8	43	321	1274	1519	2.50e-13	74.7
PfKH01_010005900|DBLa|1|64|468	PH0872-C.g438	83.704	405	59	3	1	405	58	455	0.0	656
PfKH01_010005900|DBLa|1|64|468	PH0872-C.g438	32.862	283	128	12	52	318	836	1072	1.32e-27	117
PfKH01_010005900|DBLa|1|64|468	PH0872-C.g438	26.933	401	238	14	19	405	1637	1996	5.54e-24	107
PfKH01_010005900|DBLa|1|64|468	PH0872-C.g438	25.795	283	146	11	48	316	1245	1477	4.95e-12	70.5
PfKH01_010005900|CIDRa|1|469|725	QE0426-C.g352	99.222	257	2	0	1	257	160	416	4.29e-180	531
PfKH01_010005900|CIDRa|1|469|725	PH0279-C.g16	100.000	257	0	0	1	257	469	725	2.84e-173	531
PfKH01_010005900|CIDRa|1|469|725	PH0279-C.g16	28.387	155	103	4	33	184	2072	2221	9.86e-10	61.2
PfKH01_010005900|CIDRa|1|469|725	PV0287-C.g11	100.000	257	0	0	1	257	469	725	3.01e-173	531
PfKH01_010005900|CIDRa|1|469|725	PV0287-C.g11	28.387	155	103	4	33	184	2072	2221	9.97e-10	61.2
PfKH01_010005900|CIDRa|1|469|725	PV0099-C.g59	99.222	257	2	0	1	257	468	724	1.04e-172	529
PfKH01_010005900|CIDRa|1|469|725	PV0133-C.g43	99.222	257	2	0	1	257	468	724	2.31e-172	527
PfKH01_010005900|CIDRa|1|469|725	PV0133-C.g43	24.885	217	140	5	39	247	2067	2268	3.84e-10	62.4
PfKH01_010005900|DBLb|1|745|1212	PV0287-C.g11	100.000	468	0	0	1	468	745	1212	0.0	989
PfKH01_010005900|DBLb|1|745|1212	PV0287-C.g11	28.402	338	192	12	4	315	9	322	2.23e-29	124
PfKH01_010005900|DBLb|1|745|1212	PV0287-C.g11	30.315	254	135	8	108	358	2823	3037	2.90e-22	103
PfKH01_010005900|DBLb|1|745|1212	PV0287-C.g11	28.788	264	142	8	97	358	3141	3360	3.94e-21	99.8
PfKH01_010005900|DBLb|1|745|1212	PV0287-C.g11	24.848	330	193	9	54	358	1224	1523	4.24e-15	80.9
PfKH01_010005900|DBLb|1|745|1212	PH0279-C.g16	100.000	468	0	0	1	468	745	1212	0.0	989
PfKH01_010005900|DBLb|1|745|1212	PH0279-C.g16	28.402	338	192	12	4	315	9	322	2.62e-29	124
PfKH01_010005900|DBLb|1|745|1212	PH0279-C.g16	30.315	254	135	8	108	358	2733	2947	3.14e-22	103
PfKH01_010005900|DBLb|1|745|1212	PH0279-C.g16	28.788	264	142	8	97	358	3051	3270	4.45e-21	99.4
PfKH01_010005900|DBLb|1|745|1212	PH0279-C.g16	24.848	330	193	9	54	358	1224	1523	4.70e-15	80.9
PfKH01_010005900|DBLb|1|745|1212	PV0099-C.g59	94.304	474	21	1	1	468	744	1217	0.0	939
PfKH01_010005900|DBLb|1|745|1212	PV0099-C.g59	33.790	219	119	8	112	315	114	321	3.48e-26	115
PfKH01_010005900|DBLb|1|745|1212	PV0099-C.g59	25.092	271	147	9	111	359	1284	1520	1.92e-14	78.6
PfKH01_010005900|DBLb|1|745|1212	PV0236-C.g24	94.304	474	21	1	1	468	157	630	0.0	939
PfKH01_010005900|DBLb|1|745|1212	PV0236-C.g24	25.092	271	147	9	111	359	697	933	1.97e-14	78.6
PfKH01_010005900|DBLb|1|745|1212	QE0469-C.g276	92.708	480	23	1	1	468	761	1240	0.0	934
PfKH01_010005900|DBLb|1|745|1212	QE0469-C.g276	31.792	346	196	14	90	417	2529	2852	2.21e-36	145
PfKH01_010005900|DBLb|1|745|1212	QE0469-C.g276	28.571	336	187	16	13	315	23	338	1.16e-24	110
PfKH01_010005900|DBLb|1|745|1212	QE0469-C.g276	28.309	272	152	8	109	378	2936	3166	3.71e-22	102
PfKH01_010005900|DBLb|1|745|1212	QE0469-C.g276	24.093	386	225	13	109	468	2105	2448	1.27e-15	82.4
PfKH01_010005900|DBLg|1|1231|1586	PV0287-C.g11	100.000	356	0	0	1	356	1231	1586	0.0	736
PfKH01_010005900|DBLg|1|1231|1586	PV0287-C.g11	30.631	333	160	9	42	307	1666	1994	3.28e-35	139
PfKH01_010005900|DBLg|1|1231|1586	PV0287-C.g11	30.960	323	155	13	40	356	3150	3410	1.33e-27	116
PfKH01_010005900|DBLg|1|1231|1586	PV0287-C.g11	25.735	272	155	7	45	293	855	1102	2.73e-15	79.7
PfKH01_010005900|DBLg|1|1231|1586	PV0287-C.g11	24.126	286	169	9	45	326	2826	3067	5.67e-13	72.8
PfKH01_010005900|DBLg|1|1231|1586	PV0287-C.g11	26.939	245	134	8	35	255	104	327	2.07e-11	67.8
PfKH01_010005900|DBLg|1|1231|1586	PV0287-C.g11	22.105	285	182	8	57	329	2491	2747	2.94e-09	61.2
PfKH01_010005900|DBLg|1|1231|1586	PH0279-C.g16	100.000	356	0	0	1	356	1231	1586	0.0	736
PfKH01_010005900|DBLg|1|1231|1586	PH0279-C.g16	30.631	333	160	9	42	307	1666	1994	3.49e-35	139
PfKH01_010005900|DBLg|1|1231|1586	PH0279-C.g16	30.960	323	155	13	40	356	3060	3320	1.40e-27	116
PfKH01_010005900|DBLg|1|1231|1586	PH0279-C.g16	25.735	272	155	7	45	293	855	1102	2.62e-15	80.1
PfKH01_010005900|DBLg|1|1231|1586	PH0279-C.g16	25.524	286	165	10	45	326	2736	2977	6.13e-13	72.8
PfKH01_010005900|DBLg|1|1231|1586	PH0279-C.g16	22.951	305	192	9	40	329	2381	2657	8.45e-12	69.3
PfKH01_010005900|DBLg|1|1231|1586	PH0279-C.g16	26.939	245	134	8	35	255	104	327	2.30e-11	67.8
PfKH01_010005900|DBLg|1|1231|1586	PM0138-C.g1014	69.855	345	84	5	1	333	446	782	5.90e-152	468
PfKH01_010005900|DBLg|1|1231|1586	PM0138-C.g1014	29.321	324	170	12	40	356	1327	1598	1.68e-26	113
PfKH01_010005900|DBLg|1|1231|1586	PM0138-C.g1014	26.316	285	168	12	28	293	912	1173	1.39e-16	83.6
PfKH01_010005900|DBLg|1|1231|1586	QG0214-C.g515	69.855	345	84	5	1	333	701	1037	6.52e-152	469
PfKH01_010005900|DBLg|1|1231|1586	QG0214-C.g515	30.519	308	132	11	70	296	2	308	4.53e-28	118
PfKH01_010005900|DBLg|1|1231|1586	QG0214-C.g515	26.316	285	168	12	28	293	1167	1428	1.88e-16	83.2
PfKH01_010005900|DBLg|1|1231|1586	QG0214-C.g515	28.061	196	95	6	40	231	1582	1735	2.09e-12	70.9
PfKH01_010005900|DBLg|1|1231|1586	PFKE08.g2	69.855	345	84	5	1	333	2070	2406	3.40e-150	470
PfKH01_010005900|DBLg|1|1231|1586	PFKE08.g2	27.460	437	175	16	1	296	1242	1677	8.27e-30	123
PfKH01_010005900|DBLg|1|1231|1586	PFKE08.g2	29.012	324	171	11	40	356	2951	3222	1.34e-26	114
PfKH01_010005900|DBLg|1|1231|1586	PFKE08.g2	26.316	285	168	12	28	293	2536	2797	1.67e-16	83.6
PfKH01_010005900|DBLg|1|1231|1586	PFKE08.g2	26.316	285	151	15	36	289	847	1103	1.20e-10	65.5
PfKH01_010005900|DBLd|1|1594|2049	PV0287-C.g11	100.000	456	0	0	1	456	1594	2049	0.0	946
PfKH01_010005900|DBLd|1|1594|2049	PV0287-C.g11	31.677	322	149	10	73	390	1272	1526	1.27e-36	146
PfKH01_010005900|DBLd|1|1594|2049	PV0287-C.g11	33.225	307	163	9	176	456	178	468	1.48e-23	107
PfKH01_010005900|DBLd|1|1594|2049	PV0287-C.g11	27.039	233	102	9	164	392	3201	3369	5.93e-11	67.4
PfKH01_010005900|DBLd|1|1594|2049	PV0287-C.g11	23.596	267	134	10	72	326	851	1059	5.35e-07	55.1
PfKH01_010005900|DBLd|1|1594|2049	PH0279-C.g16	100.000	456	0	0	1	456	1594	2049	0.0	945
PfKH01_010005900|DBLd|1|1594|2049	PH0279-C.g16	31.677	322	149	10	73	390	1272	1526	1.29e-36	146
PfKH01_010005900|DBLd|1|1594|2049	PH0279-C.g16	33.225	307	163	9	176	456	178	468	1.47e-23	107
PfKH01_010005900|DBLd|1|1594|2049	PH0279-C.g16	27.039	233	102	9	164	392	3111	3279	5.66e-11	67.8
PfKH01_010005900|DBLd|1|1594|2049	PH0279-C.g16	23.574	263	131	10	76	326	855	1059	4.78e-07	55.1
PfKH01_010005900|DBLd|1|1594|2049	QE0468-C.g325	87.281	456	36	3	1	456	825	1258	0.0	747
PfKH01_010005900|DBLd|1|1594|2049	QE0468-C.g325	27.070	314	190	8	176	456	178	485	8.64e-25	110
PfKH01_010005900|DBLd|1|1594|2049	PM0019-C.g159	64.192	458	137	6	1	456	1579	2011	0.0	565
PfKH01_010005900|DBLd|1|1594|2049	PM0019-C.g159	31.269	323	157	9	64	383	1244	1504	6.67e-40	155
PfKH01_010005900|DBLd|1|1594|2049	PM0019-C.g159	32.013	303	167	8	176	456	177	462	7.95e-31	129
PfKH01_010005900|DBLd|1|1594|2049	PM0019-C.g159	22.963	405	220	15	76	456	836	1172	1.86e-07	56.2
PfKH01_010005900|DBLd|1|1594|2049	PH0516-C.g775	66.953	466	117	6	1	456	176	614	0.0	558
PfKH01_010005900|DBLd|1|1594|2049	PH0516-C.g775	35.494	324	146	13	64	383	950	1214	3.12e-43	165
PfKH01_010005900|CIDRg|1|2050|2298	PH0279-C.g16	100.000	249	0	0	1	249	2050	2298	6.37e-168	516
PfKH01_010005900|CIDRg|1|2050|2298	PH0279-C.g16	28.571	154	102	4	24	172	502	652	5.38e-10	61.6
PfKH01_010005900|CIDRg|1|2050|2298	PV0287-C.g11	100.000	249	0	0	1	249	2050	2298	6.89e-168	516
PfKH01_010005900|CIDRg|1|2050|2298	PV0287-C.g11	28.571	154	102	4	24	172	502	652	5.38e-10	61.6
PfKH01_010005900|CIDRg|1|2050|2298	QE0468-C.g325	100.000	249	0	0	1	249	1259	1507	1.37e-167	514
PfKH01_010005900|CIDRg|1|2050|2298	QE0468-C.g325	33.333	87	56	1	73	159	575	659	2.86e-09	59.7
PfKH01_010005900|CIDRg|1|2050|2298	QE0454-C.g83	68.675	249	76	2	1	249	2113	2359	5.12e-104	333
PfKH01_010005900|CIDRg|1|2050|2298	QE0454-C.g83	35.586	222	133	3	29	249	500	712	3.27e-33	129
PfKH01_010005900|CIDRg|1|2050|2298	QE0469-C.g62	68.675	249	76	2	1	249	2138	2384	5.33e-104	332
PfKH01_010005900|CIDRg|1|2050|2298	QE0469-C.g62	35.586	222	133	3	29	249	500	712	3.56e-33	129
PfKH01_010005900|DBLe|1|2339|2681	PH0279-C.g16	100.000	343	0	0	1	343	2339	2681	0.0	706
PfKH01_010005900|DBLe|1|2339|2681	PH0279-C.g16	30.769	273	150	9	42	313	3059	3293	1.64e-21	98.2
PfKH01_010005900|DBLe|1|2339|2681	PH0279-C.g16	30.526	285	152	13	45	320	2733	2980	2.07e-20	95.1
PfKH01_010005900|DBLe|1|2339|2681	PH0279-C.g16	23.894	339	198	12	43	343	1270	1586	2.15e-15	80.1
PfKH01_010005900|DBLe|1|2339|2681	PH0279-C.g16	22.305	269	168	9	44	288	851	1102	1.59e-09	62.0
PfKH01_010005900|DBLe|1|2339|2681	PM0090-C.g609	99.708	343	1	0	1	343	2309	2651	0.0	704
PfKH01_010005900|DBLe|1|2339|2681	PM0090-C.g609	32.180	289	154	9	42	327	3029	3278	1.16e-26	113
PfKH01_010005900|DBLe|1|2339|2681	PM0090-C.g609	29.825	285	154	13	45	320	2703	2950	1.03e-17	87.0
PfKH01_010005900|DBLe|1|2339|2681	PM0090-C.g609	25.830	271	154	9	48	288	1263	1516	2.35e-11	67.8
PfKH01_010005900|DBLe|1|2339|2681	PM0090-C.g609	21.341	328	199	10	14	289	1629	1949	1.42e-07	55.8
PfKH01_010005900|DBLe|1|2339|2681	PV0287-C.g11	99.296	284	2	0	60	343	2488	2771	0.0	581
PfKH01_010005900|DBLe|1|2339|2681	PV0287-C.g11	98.718	156	2	0	1	156	2339	2494	2.29e-96	315
PfKH01_010005900|DBLe|1|2339|2681	PV0287-C.g11	30.769	273	150	9	42	313	3149	3383	1.66e-21	98.2
PfKH01_010005900|DBLe|1|2339|2681	PV0287-C.g11	30.526	285	152	13	45	320	2823	3070	2.15e-20	95.1
PfKH01_010005900|DBLe|1|2339|2681	PV0287-C.g11	23.894	339	198	12	43	343	1270	1586	2.36e-15	79.7
PfKH01_010005900|DBLe|1|2339|2681	PV0287-C.g11	22.305	269	168	9	44	288	851	1102	1.85e-09	61.6
PfKH01_010005900|DBLe|1|2339|2681	SenT061.09.g282	85.924	341	47	1	4	343	34	374	0.0	578
PfKH01_010005900|DBLe|1|2339|2681	SenT061.09.g282	27.875	287	168	10	45	325	427	680	8.01e-19	90.1
PfKH01_010005900|DBLe|1|2339|2681	SenT061.09.g282	29.245	212	115	6	42	253	754	930	2.42e-18	88.6
PfKH01_010005900|DBLe|1|2339|2681	PM0077-C.g553	85.044	341	50	1	4	343	2258	2598	0.0	570
PfKH01_010005900|DBLe|1|2339|2681	PM0077-C.g553	29.876	241	132	8	42	281	2977	3181	2.02e-20	95.1
PfKH01_010005900|DBLe|1|2339|2681	PM0077-C.g553	29.225	284	157	11	45	320	2651	2898	1.21e-18	89.7
PfKH01_010005900|DBLe|1|2339|2681	PM0077-C.g553	26.687	326	191	11	42	343	1236	1537	1.19e-17	86.7
PfKH01_010005900|DBLe|1|2339|2681	PM0077-C.g553	24.535	269	166	9	47	291	838	1093	2.18e-09	61.6
PfKH01_010005900|DBLe|2|2693|2976	PV0287-C.g11	100.000	284	0	0	1	284	2783	3066	0.0	592
PfKH01_010005900|DBLe|2|2693|2976	PV0287-C.g11	34.016	244	140	7	42	279	3153	3381	1.45e-30	123
PfKH01_010005900|DBLe|2|2693|2976	PV0287-C.g11	30.315	254	135	8	41	255	852	1102	1.30e-22	100
PfKH01_010005900|DBLe|2|2693|2976	PV0287-C.g11	28.049	246	142	8	69	284	2505	2745	4.43e-15	77.8
PfKH01_010005900|DBLe|2|2693|2976	PV0287-C.g11	25.263	285	165	10	44	284	1275	1555	5.11e-13	71.6
PfKH01_010005900|DBLe|2|2693|2976	PV0287-C.g11	24.710	259	135	9	45	243	115	373	5.55e-10	62.4
PfKH01_010005900|DBLe|2|2693|2976	PH0279-C.g16	100.000	284	0	0	1	284	2693	2976	0.0	591
PfKH01_010005900|DBLe|2|2693|2976	PH0279-C.g16	34.016	244	140	7	42	279	3063	3291	1.59e-30	123
PfKH01_010005900|DBLe|2|2693|2976	PH0279-C.g16	30.315	254	135	8	41	255	852	1102	1.17e-22	100
PfKH01_010005900|DBLe|2|2693|2976	PH0279-C.g16	28.319	339	176	16	5	284	2325	2655	1.97e-18	87.8
PfKH01_010005900|DBLe|2|2693|2976	PH0279-C.g16	25.263	285	165	10	44	284	1275	1555	5.29e-13	71.6
PfKH01_010005900|DBLe|2|2693|2976	PH0279-C.g16	24.710	259	135	9	45	243	115	373	5.20e-10	62.4
PfKH01_010005900|DBLe|2|2693|2976	PM0090-C.g609	94.677	263	14	0	22	284	2684	2946	7.74e-169	520
PfKH01_010005900|DBLe|2|2693|2976	PM0090-C.g609	38.372	172	100	3	42	211	3033	3200	1.89e-28	117
PfKH01_010005900|DBLe|2|2693|2976	PM0090-C.g609	31.325	249	134	9	40	255	849	1093	1.98e-22	99.4
PfKH01_010005900|DBLe|2|2693|2976	PM0090-C.g609	29.286	280	155	11	41	284	2353	2625	4.34e-18	86.7
PfKH01_010005900|DBLe|2|2693|2976	PM0090-C.g609	27.751	209	86	9	45	197	120	319	5.49e-08	56.2
PfKH01_010005900|DBLe|2|2693|2976	PH0774-C.g107	89.354	263	28	0	22	284	332	594	3.15e-167	491
PfKH01_010005900|DBLe|2|2693|2976	PH0774-C.g107	40.936	171	96	3	42	211	681	847	1.50e-31	125
PfKH01_010005900|DBLe|2|2693|2976	PH0774-C.g107	26.855	283	157	12	41	284	1	272	6.62e-16	80.1
PfKH01_010005900|DBLe|2|2693|2976	PM0129-C.g2404	82.746	284	48	1	1	284	610	892	1.47e-165	494
PfKH01_010005900|DBLe|2|2693|2976	PM0129-C.g2404	41.040	173	92	5	42	210	979	1145	2.77e-30	122
PfKH01_010005900|DBLe|2|2693|2976	PM0129-C.g2404	26.596	282	163	11	41	284	296	571	1.83e-15	78.6
PfKH01_010005900|DBLe|3|3019|3320	PV0287-C.g11	100.000	302	0	0	1	302	3109	3410	0.0	628
PfKH01_010005900|DBLe|3|3019|3320	PV0287-C.g11	33.607	244	141	7	45	273	2824	3061	1.00e-30	124
PfKH01_010005900|DBLe|3|3019|3320	PV0287-C.g11	30.960	323	155	13	42	302	1270	1586	9.38e-28	115
PfKH01_010005900|DBLe|3|3019|3320	PV0287-C.g11	28.788	264	142	8	33	252	841	1102	5.66e-22	98.6
PfKH01_010005900|DBLe|3|3019|3320	PV0287-C.g11	34.351	131	72	3	99	215	2550	2680	1.79e-15	79.3
PfKH01_010005900|DBLe|3|3019|3320	PV0287-C.g11	27.434	226	96	9	100	261	1764	1985	2.63e-11	66.6
PfKH01_010005900|DBLe|3|3019|3320	PV0287-C.g11	25.100	251	124	10	21	211	77	323	9.34e-11	65.1
PfKH01_010005900|DBLe|3|3019|3320	PH0279-C.g16	100.000	302	0	0	1	302	3019	3320	0.0	627
PfKH01_010005900|DBLe|3|3019|3320	PH0279-C.g16	33.607	244	141	7	45	273	2734	2971	9.27e-31	124
PfKH01_010005900|DBLe|3|3019|3320	PH0279-C.g16	30.960	323	155	13	42	302	1270	1586	7.82e-28	115
PfKH01_010005900|DBLe|3|3019|3320	PH0279-C.g16	28.788	264	142	8	33	252	841	1102	5.00e-22	99.0
PfKH01_010005900|DBLe|3|3019|3320	PH0279-C.g16	29.858	211	112	6	41	215	2380	2590	9.17e-18	86.3
PfKH01_010005900|DBLe|3|3019|3320	PH0279-C.g16	27.434	226	96	9	100	261	1764	1985	2.40e-11	67.0
PfKH01_010005900|DBLe|3|3019|3320	PH0279-C.g16	25.100	251	124	10	21	211	77	323	8.91e-11	65.1
PfKH01_010005900|DBLe|3|3019|3320	QE0444-C.g645	89.145	304	31	1	1	302	1555	1858	0.0	562
PfKH01_010005900|DBLe|3|3019|3320	QE0444-C.g645	36.929	241	138	7	45	273	1269	1507	1.16e-34	135
PfKH01_010005900|DBLe|3|3019|3320	QE0444-C.g645	28.417	278	152	10	40	273	909	1183	3.11e-15	78.6
PfKH01_010005900|DBLe|3|3019|3320	PA0008-C.g20	85.809	303	42	1	1	302	1480	1782	5.10e-170	517
PfKH01_010005900|DBLe|3|3019|3320	PA0008-C.g20	36.214	243	136	6	45	273	1195	1432	4.05e-35	137
PfKH01_010005900|DBLe|3|3019|3320	PA0008-C.g20	28.216	241	127	10	40	239	838	1073	1.27e-14	76.6
PfKH01_010005900|DBLe|3|3019|3320	PC0046-C.g182	82.838	303	51	1	1	302	2325	2627	5.51e-170	524
PfKH01_010005900|DBLe|3|3019|3320	PC0046-C.g182	35.270	241	142	7	45	273	2039	2277	2.23e-31	126
PfKH01_010005900|DBLe|3|3019|3320	PC0046-C.g182	30.627	271	149	9	41	273	1686	1955	7.32e-15	77.4
PfKH01_010005900|DBLe|3|3019|3320	PC0046-C.g182	27.536	276	146	10	35	261	112	382	1.81e-12	70.1
PfKH01_010005900|ATS|1|3361|3848	PH0121-CW.g61	79.226	491	81	10	1	488	1474	1946	0.0	746
PfKH01_010005900|ATS|1|3361|3848	PFKE10.g280	75.103	486	76	8	1	485	2897	3338	0.0	706
PfKH01_010005900|ATS|1|3361|3848	PFKE10.g280	54.286	140	34	3	334	473	3337	3446	5.04e-34	139
PfKH01_010005900|ATS|1|3361|3848	PV0139-C.g130	75.240	521	80	6	1	488	874	1378	0.0	704
PfKH01_010005900|ATS|1|3361|3848	PV0239-C.g25	74.949	491	86	6	1	488	2129	2585	0.0	700
PfKH01_010005900|ATS|1|3361|3848	PV0028-C.g31	71.138	492	102	9	1	488	1737	2192	0.0	673
PfKH01_010021400|NTS|1|1|70	QE0468-C.g440	100.000	70	0	0	1	70	1	70	1.20e-42	148
PfKH01_010021400|NTS|1|1|70	PM0159-C.g494	100.000	70	0	0	1	70	1	70	1.97e-42	147
PfKH01_010021400|NTS|1|1|70	PA0029-C.g43	100.000	70	0	0	1	70	1	70	2.10e-42	147
PfKH01_010021400|NTS|1|1|70	PA0007-C.g347	100.000	70	0	0	1	70	1	70	2.10e-42	147
PfKH01_010021400|NTS|1|1|70	PA0183-C.g137	100.000	70	0	0	1	70	1	70	2.14e-42	147
PfKH01_010021400|DBLa|1|71|460	PH0279-C.g33	100.000	390	0	0	1	390	71	460	0.0	819
PfKH01_010021400|DBLa|1|71|460	PH0279-C.g33	30.945	307	167	12	114	390	1963	2254	6.64e-23	103
PfKH01_010021400|DBLa|1|71|460	PH0279-C.g33	32.766	235	119	9	55	268	833	1049	1.15e-22	102
PfKH01_010021400|DBLa|1|71|460	PH0279-C.g33	26.991	226	128	10	47	250	1267	1477	2.06e-11	68.6
PfKH01_010021400|DBLa|1|71|460	QE0404-C.g719	85.787	394	52	1	1	390	71	464	0.0	708
PfKH01_010021400|DBLa|1|71|460	QE0404-C.g719	31.907	257	118	13	55	278	856	1088	9.23e-23	103
PfKH01_010021400|DBLa|1|71|460	QE0404-C.g719	31.940	335	152	17	57	359	1371	1661	1.68e-21	99.4
PfKH01_010021400|DBLa|1|71|460	QE0404-C.g719	25.667	300	171	10	41	313	1757	2031	4.14e-16	82.8
PfKH01_010021400|DBLa|1|71|460	QE0404-C.g719	30.088	226	126	6	114	315	2379	2596	4.22e-14	76.6
PfKH01_010021400|DBLa|1|71|460	PC0054-C.g372	85.934	391	53	2	1	390	71	460	0.0	700
PfKH01_010021400|DBLa|1|71|460	PC0054-C.g372	33.884	242	117	10	55	266	851	1079	4.38e-26	113
PfKH01_010021400|DBLa|1|71|460	PC0054-C.g372	28.750	320	162	12	55	350	1362	1639	1.79e-23	105
PfKH01_010021400|DBLa|1|71|460	PC0054-C.g372	24.510	306	173	11	35	310	1733	2010	7.16e-14	75.9
PfKH01_010021400|DBLa|1|71|460	PA0021-C.g690	82.097	391	68	2	1	390	76	465	0.0	664
PfKH01_010021400|DBLa|1|71|460	PA0021-C.g690	30.488	328	152	13	52	357	1801	2074	1.22e-28	120
PfKH01_010021400|DBLa|1|71|460	PA0021-C.g690	33.047	233	115	10	55	267	857	1068	2.65e-21	99.0
PfKH01_010021400|DBLa|1|71|460	PA0021-C.g690	32.331	266	137	10	57	298	1353	1599	5.41e-21	97.8
PfKH01_010021400|DBLa|1|71|460	PF0282-C.g154	81.841	391	69	2	1	390	76	465	0.0	662
PfKH01_010021400|DBLa|1|71|460	PF0282-C.g154	33.846	260	119	12	55	292	1367	1595	7.54e-27	115
PfKH01_010021400|DBLa|1|71|460	PF0282-C.g154	30.451	266	136	11	55	287	854	1103	3.32e-24	107
PfKH01_010021400|DBLa|1|71|460	PF0282-C.g154	26.744	258	143	9	57	306	1801	2020	8.01e-14	75.9
PfKH01_010021400|CIDRa|1|461|711	PH0279-C.g33	100.000	251	0	0	1	251	461	711	7.94e-170	521
PfKH01_010021400|CIDRa|1|461|711	PH0279-C.g33	29.880	251	165	8	1	243	2255	2502	3.58e-14	74.3
PfKH01_010021400|CIDRa|1|461|711	QE0404-C.g719	99.602	251	1	0	1	251	465	715	8.07e-169	518
PfKH01_010021400|CIDRa|1|461|711	PH0329-C.g83	95.219	251	12	0	1	251	463	713	1.97e-162	499
PfKH01_010021400|CIDRa|1|461|711	PH0695-C.g210	95.219	251	12	0	1	251	463	713	1.98e-162	496
PfKH01_010021400|CIDRa|1|461|711	PM0085-C.g1023	95.618	251	11	0	1	251	470	720	2.01e-162	500
PfKH01_010021400|CIDRa|1|461|711	PM0085-C.g1023	26.728	217	139	7	36	243	2697	2902	5.55e-11	64.7
PfKH01_010021400|DBLb|1|720|1211	PH0279-C.g33	100.000	492	0	0	1	492	720	1211	0.0	1032
PfKH01_010021400|DBLb|1|720|1211	PH0279-C.g33	29.191	346	197	15	7	330	19	338	9.45e-24	108
PfKH01_010021400|DBLb|1|720|1211	PH0279-C.g33	26.592	267	157	9	113	363	1274	1517	3.77e-13	74.7
PfKH01_010021400|DBLb|1|720|1211	PV0287-C.g92	73.705	502	114	3	1	492	722	1215	0.0	751
PfKH01_010021400|DBLb|1|720|1211	PV0287-C.g92	62.338	154	50	1	339	492	1289	1434	1.75e-53	196
PfKH01_010021400|DBLb|1|720|1211	PV0287-C.g92	29.854	412	210	20	8	378	20	393	1.18e-27	119
PfKH01_010021400|DBLb|1|720|1211	QE0451-C.g172	73.146	499	119	6	1	492	728	1218	0.0	730
PfKH01_010021400|DBLb|1|720|1211	QE0451-C.g172	44.306	483	207	14	12	492	1258	1680	1.14e-103	342
PfKH01_010021400|DBLb|1|720|1211	QE0451-C.g172	29.708	377	202	17	8	345	20	372	2.26e-27	119
PfKH01_010021400|DBLb|1|720|1211	QE0451-C.g172	26.119	268	158	10	113	363	1743	1987	8.53e-16	83.2
PfKH01_010021400|DBLb|1|720|1211	QE0414-C.g99	73.146	499	119	6	1	492	728	1218	0.0	730
PfKH01_010021400|DBLb|1|720|1211	QE0414-C.g99	44.306	483	207	14	12	492	1258	1680	1.14e-103	342
PfKH01_010021400|DBLb|1|720|1211	QE0414-C.g99	29.708	377	202	17	8	345	20	372	2.26e-27	119
PfKH01_010021400|DBLb|1|720|1211	QE0414-C.g99	26.119	268	158	10	113	363	1743	1987	8.53e-16	83.2
PfKH01_010021400|DBLb|1|720|1211	QE0468-C.g216	71.881	505	120	6	1	492	726	1221	0.0	713
PfKH01_010021400|DBLb|1|720|1211	QE0468-C.g216	39.539	521	221	18	4	492	1242	1700	1.28e-94	316
PfKH01_010021400|DBLb|1|720|1211	QE0468-C.g216	28.680	394	214	12	113	492	1763	2103	6.02e-31	130
PfKH01_010021400|DBLb|1|720|1211	QE0468-C.g216	32.184	348	189	19	8	335	20	340	1.47e-28	122
PfKH01_010021400|DBLg|1|1227|1592	PH0279-C.g33	100.000	366	0	0	1	366	1227	1592	0.0	761
PfKH01_010021400|DBLg|1|1227|1592	PH0279-C.g33	31.973	294	130	12	67	291	1889	2181	4.52e-31	127
PfKH01_010021400|DBLg|1|1227|1592	PH0279-C.g33	26.592	267	157	9	48	291	832	1082	9.21e-17	84.3
PfKH01_010021400|DBLg|1|1227|1592	PH0279-C.g33	25.087	287	158	12	41	292	117	381	1.23e-12	72.0
PfKH01_010021400|DBLg|1|1227|1592	PH0325-C.g449	99.454	366	2	0	1	366	862	1227	0.0	760
PfKH01_010021400|DBLg|1|1227|1592	PH0325-C.g449	27.111	450	196	14	1	321	1337	1783	1.25e-32	131
PfKH01_010021400|DBLg|1|1227|1592	PH0325-C.g449	27.322	366	187	12	48	366	513	846	2.50e-19	92.4
PfKH01_010021400|DBLg|1|1227|1592	PH0325-C.g449	27.551	294	149	15	48	308	9	271	6.47e-11	66.6
PfKH01_010021400|DBLg|1|1227|1592	PH0286-CW.g457	99.454	366	2	0	1	366	862	1227	0.0	760
PfKH01_010021400|DBLg|1|1227|1592	PH0286-CW.g457	27.111	450	196	14	1	321	1337	1783	1.25e-32	131
PfKH01_010021400|DBLg|1|1227|1592	PH0286-CW.g457	27.322	366	187	12	48	366	513	846	2.50e-19	92.4
PfKH01_010021400|DBLg|1|1227|1592	PH0286-CW.g457	27.551	294	149	15	48	308	9	271	6.47e-11	66.6
PfKH01_010021400|DBLg|1|1227|1592	PH0704-C.g540	99.454	366	2	0	1	366	885	1250	0.0	759
PfKH01_010021400|DBLg|1|1227|1592	PH0704-C.g540	27.111	450	196	14	1	321	1360	1806	9.79e-33	132
PfKH01_010021400|DBLg|1|1227|1592	PH0704-C.g540	27.322	366	187	12	48	366	536	869	2.03e-19	92.4
PfKH01_010021400|DBLg|1|1227|1592	PH0704-C.g540	27.551	294	149	15	48	308	32	294	5.57e-11	66.6
PfKH01_010021400|DBLg|1|1227|1592	PH0578-C.g234	99.454	366	2	0	1	366	885	1250	0.0	759
PfKH01_010021400|DBLg|1|1227|1592	PH0578-C.g234	27.111	450	196	14	1	321	1360	1806	9.79e-33	132
PfKH01_010021400|DBLg|1|1227|1592	PH0578-C.g234	27.322	366	187	12	48	366	536	869	2.03e-19	92.4
PfKH01_010021400|DBLg|1|1227|1592	PH0578-C.g234	27.551	294	149	15	48	308	32	294	5.57e-11	66.6
PfKH01_010021400|DBLd|1|1731|2207	PH0279-C.g33	91.031	524	0	1	1	477	1731	2254	0.0	971
PfKH01_010021400|DBLd|1|1731|2207	PH0279-C.g33	31.845	336	131	13	12	346	1242	1480	4.11e-34	139
PfKH01_010021400|DBLd|1|1731|2207	PH0279-C.g33	30.945	307	167	12	186	477	184	460	7.13e-23	105
PfKH01_010021400|DBLd|1|1731|2207	QE0464-C.g208	56.809	514	174	16	1	477	1335	1837	5.73e-165	518
PfKH01_010021400|DBLd|1|1731|2207	QE0464-C.g208	28.333	360	146	11	68	425	2187	2436	3.99e-31	130
PfKH01_010021400|DBLd|1|1731|2207	QE0464-C.g208	35.519	183	108	5	303	477	294	474	1.76e-20	97.8
PfKH01_010021400|DBLd|1|1731|2207	PA0195-C.g52	56.274	526	167	18	1	477	1334	1845	6.64e-165	518
PfKH01_010021400|DBLd|1|1731|2207	PA0195-C.g52	27.841	352	151	10	68	417	2195	2445	3.56e-30	127
PfKH01_010021400|DBLd|1|1731|2207	PA0195-C.g52	27.900	319	180	11	178	477	182	469	9.57e-22	101
PfKH01_010021400|DBLd|1|1731|2207	QE0451-C.g365	56.809	514	174	16	1	477	1332	1834	6.64e-165	518
PfKH01_010021400|DBLd|1|1731|2207	QE0451-C.g365	26.699	412	184	14	1	409	2139	2435	5.08e-31	129
PfKH01_010021400|DBLd|1|1731|2207	QE0451-C.g365	35.519	183	108	5	303	477	294	474	1.15e-20	98.2
PfKH01_010021400|DBLd|1|1731|2207	PA0059-C.g420	57.115	506	158	17	1	477	1279	1754	4.21e-163	513
PfKH01_010021400|DBLd|1|1731|2207	PA0059-C.g420	28.333	360	146	11	68	425	2104	2353	6.78e-31	129
PfKH01_010021400|DBLd|1|1731|2207	PA0059-C.g420	27.887	355	172	9	68	422	803	1073	7.11e-30	126
PfKH01_010021400|DBLd|1|1731|2207	PA0059-C.g420	30.000	310	177	12	178	477	183	462	2.73e-23	106
PfKH01_010021400|CIDRg|1|2208|2465	PH0279-C.g33	100.000	258	0	0	1	258	2255	2512	5.48e-173	530
PfKH01_010021400|CIDRg|1|2208|2465	PH0279-C.g33	29.482	251	166	8	1	248	461	703	2.23e-11	66.2
PfKH01_010021400|CIDRg|1|2208|2465	PD0555-C.g353	93.050	259	17	1	1	258	1350	1608	1.81e-158	489
PfKH01_010021400|CIDRg|1|2208|2465	QE0451-C.g364	91.373	255	20	1	1	253	9	263	4.58e-152	463
PfKH01_010021400|CIDRg|1|2208|2465	PA0207-C.g379	91.765	255	19	1	1	253	2306	2560	2.00e-149	463
PfKH01_010021400|CIDRg|1|2208|2465	PA0207-C.g379	32.258	186	111	7	1	181	472	647	1.39e-16	81.6
PfKH01_010021400|CIDRg|1|2208|2465	PA0195-C.g52	91.765	255	19	1	1	253	1846	2100	2.43e-149	463
PfKH01_010021400|CIDRg|1|2208|2465	PA0195-C.g52	30.620	258	151	11	1	247	470	710	1.53e-17	84.3
PfKH01_010021400|ATS|1|2605|3041	PV0099-C.g17	85.126	437	55	2	1	437	2971	3397	0.0	761
PfKH01_010021400|ATS|1|2605|3041	PfKE02.g12	85.517	435	51	2	1	424	2562	2995	0.0	758
PfKH01_010021400|ATS|1|2605|3041	PfKE02.g12	77.885	104	17	2	336	437	2995	3094	3.26e-39	153
PfKH01_010021400|ATS|1|2605|3041	QE0448-C.g49	85.616	438	51	4	1	437	2723	3149	0.0	750
PfKH01_010021400|ATS|1|2605|3041	PT0256-C.g286	81.696	448	70	2	1	437	2267	2713	0.0	736
PfKH01_010021400|ATS|1|2605|3041	PC0104-C.g47	81.514	449	70	3	1	437	3045	3492	0.0	736
PfKH01_010021500|NTS|1|1|68	PH0279-C.g60	100.000	68	0	0	1	68	1	68	1.83e-41	144
PfKH01_010021500|NTS|1|1|68	QG0297-C.g1375	78.873	71	12	1	1	68	1	71	5.93e-31	114
PfKH01_010021500|NTS|1|1|68	QG0276-C.g1029	78.873	71	12	1	1	68	1	71	5.93e-31	114
PfKH01_010021500|NTS|1|1|68	PA0137-C.g729	78.873	71	12	1	1	68	1	71	5.93e-31	114
PfKH01_010021500|NTS|1|1|68	PT0230-Cx.g50	78.873	71	12	1	1	68	1	71	5.93e-31	114
PfKH01_010021500|DBLa|1|69|491	PH0279-C.g60	100.000	423	0	0	1	423	69	491	0.0	896
PfKH01_010021500|DBLa|1|69|491	PH0279-C.g60	34.066	182	103	9	245	423	1182	1349	2.89e-18	90.1
PfKH01_010021500|DBLa|1|69|491	PT0144-C.g389	87.150	428	50	3	1	423	72	499	0.0	743
PfKH01_010021500|DBLa|1|69|491	PT0144-C.g389	38.378	185	91	9	247	423	1197	1366	3.00e-22	102
PfKH01_010021500|DBLa|1|69|491	PC0097-C.g63	87.150	428	50	3	1	423	72	499	0.0	739
PfKH01_010021500|DBLa|1|69|491	PC0097-C.g63	28.777	278	137	12	187	423	1097	1354	2.30e-15	80.9
PfKH01_010021500|DBLa|1|69|491	PA0146-C.g751	82.766	441	58	5	1	423	72	512	0.0	709
PfKH01_010021500|DBLa|1|69|491	PA0146-C.g751	37.383	107	56	5	240	342	1142	1241	6.25e-11	67.0
PfKH01_010021500|DBLa|1|69|491	QG0250-C.g3234	84.397	423	56	3	1	423	71	483	0.0	708
PfKH01_010021500|DBLa|1|69|491	QG0250-C.g3234	32.948	173	98	9	251	423	1192	1346	2.01e-11	68.6
PfKH01_010021500|CIDRa|1|492|749	PH0279-C.g60	100.000	258	0	0	1	258	492	749	1.85e-176	531
PfKH01_010021500|CIDRa|1|492|749	PC0061-C.g165	82.375	261	43	1	1	258	149	409	1.16e-139	427
PfKH01_010021500|CIDRa|1|492|749	PC0061-C.g165	29.268	164	95	6	107	258	1094	1248	1.43e-07	54.7
PfKH01_010021500|CIDRa|1|492|749	PT0206-Cx.g11	80.843	261	47	2	1	258	471	731	9.82e-134	405
PfKH01_010021500|CIDRa|1|492|749	QG0205-C.g747	79.231	260	49	2	1	258	488	744	8.49e-132	410
PfKH01_010021500|CIDRa|1|492|749	PF0784-C.g757	76.515	264	56	3	1	258	484	747	3.92e-131	400
PfKH01_010021500|DBLd|1|843|1365	PH0279-C.g72	58.922	538	176	14	1	523	538	1045	0.0	575
PfKH01_010021500|DBLd|1|843|1365	PH0279-C.g60	62.942	537	155	10	1	523	843	1349	0.0	562
PfKH01_010021500|DBLd|1|843|1365	PH0279-C.g60	29.609	179	102	9	363	523	319	491	4.08e-13	74.7
PfKH01_010021500|DBLd|1|843|1365	PM0060-C.g930	56.611	537	173	14	1	523	866	1356	7.96e-174	536
PfKH01_010021500|DBLd|1|843|1365	PM0060-C.g930	30.151	199	102	7	359	523	304	499	2.99e-09	62.4
PfKH01_010021500|DBLd|1|843|1365	PH0279-C.g94	55.844	539	178	16	1	523	376	870	1.71e-171	520
PfKH01_010021500|DBLd|1|843|1365	PH0279-C.g94	26.267	217	101	6	241	457	6	163	6.38e-13	73.9
PfKH01_010021500|DBLd|1|843|1365	QE0452-C.g549	54.731	539	188	14	1	523	1177	1675	4.31e-166	520
PfKH01_010021500|DBLd|1|843|1365	QE0452-C.g549	27.157	394	167	12	63	455	694	968	8.36e-30	127
PfKH01_010021500|CIDRb|1|1366|1623	PH0474-CW.g473	72.797	261	65	4	1	258	2581	2838	6.82e-113	358
PfKH01_010021500|CIDRb|1|1366|1623	PH0471-C.g94	72.797	261	65	4	1	258	2581	2838	6.82e-113	358
PfKH01_010021500|CIDRb|1|1366|1623	PH0305-C.g135	72.797	261	65	4	1	258	2581	2838	6.82e-113	358
PfKH01_010021500|CIDRb|1|1366|1623	QG0260-C.g1362	69.804	255	69	4	1	248	1852	2105	1.16e-106	340
PfKH01_010021500|CIDRb|1|1366|1623	QG0282-C.g171	69.804	255	69	4	1	248	1335	1588	4.51e-106	339
PfKH01_010021500|CIDRb|1|1366|1623	QG0282-C.g171	36.458	96	57	1	90	181	565	660	2.61e-09	59.7
PfKH01_010021500|ATS|1|1761|2247	PV0239-C.g10	76.527	524	60	9	1	487	3361	3858	0.0	753
PfKH01_010021500|ATS|1|1761|2247	PD0582-C.g763	83.162	487	46	5	1	487	1663	2113	0.0	740
PfKH01_010021500|ATS|1|1761|2247	PA0245-C.g998	77.823	487	79	4	1	487	1706	2163	0.0	733
PfKH01_010021500|ATS|1|1761|2247	PD0590-C.g13	75.634	513	73	10	1	487	818	1304	0.0	726
PfKH01_010021500|ATS|1|1761|2247	QE0436-C.g670	75.191	524	69	9	6	487	1712	2216	0.0	707
PfKH01_020005100|CIDRa|1|242|517	PH0279-C.g57	100.000	276	0	0	1	276	579	854	0.0	565
PfKH01_020005100|CIDRa|1|242|517	PM0041-C.g449	84.211	285	36	1	1	276	519	803	5.76e-147	439
PfKH01_020005100|CIDRa|1|242|517	PA0039-C.g198	85.507	276	40	0	1	276	536	811	2.61e-146	445
PfKH01_020005100|CIDRa|1|242|517	PT0005-CW.g847	82.609	276	48	0	1	276	485	760	2.78e-145	439
PfKH01_020005100|CIDRa|1|242|517	QG0293-C.g1681	85.507	276	40	0	1	276	374	649	7.47e-145	450
PfKH01_020005100|CIDRa|1|242|517	QG0293-C.g1681	26.506	166	118	3	1	164	1782	1945	1.64e-07	54.7
PfKH01_020005100|DBLb|1|523|987	PH0279-C.g57	100.000	465	0	0	1	465	860	1324	0.0	972
PfKH01_020005100|DBLb|1|523|987	PH0279-C.g57	33.803	284	133	9	117	355	228	501	1.02e-31	131
PfKH01_020005100|DBLb|1|523|987	QE0400-C.g44	96.129	465	17	1	1	465	720	1183	0.0	933
PfKH01_020005100|DBLb|1|523|987	QE0400-C.g44	30.645	372	193	14	26	355	32	380	6.21e-28	120
PfKH01_020005100|DBLb|1|523|987	QE0400-C.g44	26.599	297	167	10	85	355	1220	1491	8.23e-16	83.2
PfKH01_020005100|DBLb|1|523|987	QE0400-C.g44	23.469	196	103	6	241	389	1947	2142	2.01e-07	56.2
PfKH01_020005100|DBLb|1|523|987	QE0414-C.g408	96.129	465	17	1	1	465	720	1183	0.0	931
PfKH01_020005100|DBLb|1|523|987	QE0414-C.g408	30.645	372	193	14	26	355	32	380	6.14e-28	120
PfKH01_020005100|DBLb|1|523|987	QE0414-C.g408	26.599	297	167	10	85	355	1220	1491	7.54e-16	83.2
PfKH01_020005100|DBLb|1|523|987	PV0287-C.g51	96.129	465	17	1	1	465	720	1183	0.0	931
PfKH01_020005100|DBLb|1|523|987	PV0287-C.g51	30.645	372	193	14	26	355	32	380	5.04e-28	120
PfKH01_020005100|DBLb|1|523|987	PV0287-C.g51	26.599	297	167	10	85	355	1220	1491	6.80e-16	83.2
PfKH01_020005100|DBLb|1|523|987	PV0094-C.g15	96.129	465	17	1	1	465	720	1183	0.0	931
PfKH01_020005100|DBLb|1|523|987	PV0094-C.g15	30.645	372	193	14	26	355	32	380	6.14e-28	120
PfKH01_020005100|DBLb|1|523|987	PV0094-C.g15	26.599	297	167	10	85	355	1220	1491	7.54e-16	83.2
PfKH01_020005100|DBLg|1|1006|1365	QE0400-C.g44	100.000	360	0	0	1	360	1202	1561	0.0	757
PfKH01_020005100|DBLg|1|1006|1365	QE0400-C.g44	28.049	410	179	11	18	311	1718	2127	1.56e-36	143
PfKH01_020005100|DBLg|1|1006|1365	QE0400-C.g44	25.559	313	188	8	43	322	112	412	5.18e-20	94.4
PfKH01_020005100|DBLg|1|1006|1365	QE0400-C.g44	26.599	297	167	10	19	290	803	1073	6.47e-16	82.0
PfKH01_020005100|DBLg|1|1006|1365	PV0287-C.g51	100.000	360	0	0	1	360	1202	1561	0.0	756
PfKH01_020005100|DBLg|1|1006|1365	PV0287-C.g51	25.559	313	188	8	43	322	112	412	4.02e-20	94.4
PfKH01_020005100|DBLg|1|1006|1365	PV0287-C.g51	26.599	297	167	10	19	290	803	1073	2.67e-16	82.8
PfKH01_020005100|DBLg|1|1006|1365	PV0287-C.g51	36.364	99	33	3	71	145	1851	1943	1.23e-07	56.2
PfKH01_020005100|DBLg|1|1006|1365	PV0155-C.g28	100.000	360	0	0	1	360	519	878	0.0	756
PfKH01_020005100|DBLg|1|1006|1365	PV0155-C.g28	26.599	297	167	10	19	290	120	390	2.70e-16	82.8
PfKH01_020005100|DBLg|1|1006|1365	QE0414-C.g408	100.000	360	0	0	1	360	1202	1561	0.0	755
PfKH01_020005100|DBLg|1|1006|1365	QE0414-C.g408	26.667	465	163	17	18	316	1718	2170	5.08e-30	124
PfKH01_020005100|DBLg|1|1006|1365	QE0414-C.g408	25.559	313	188	8	43	322	112	412	4.29e-20	94.4
PfKH01_020005100|DBLg|1|1006|1365	QE0414-C.g408	26.599	297	167	10	19	290	803	1073	3.94e-16	82.4
PfKH01_020005100|DBLg|1|1006|1365	PV0094-C.g15	100.000	360	0	0	1	360	1202	1561	0.0	755
PfKH01_020005100|DBLg|1|1006|1365	PV0094-C.g15	26.667	465	163	17	18	316	1718	2170	5.08e-30	124
PfKH01_020005100|DBLg|1|1006|1365	PV0094-C.g15	25.559	313	188	8	43	322	112	412	4.29e-20	94.4
PfKH01_020005100|DBLg|1|1006|1365	PV0094-C.g15	26.599	297	167	10	19	290	803	1073	3.94e-16	82.4
PfKH01_020005100|DBLd|1|1495|2003	PH0279-C.g105	100.000	509	0	0	1	509	318	826	0.0	1048
PfKH01_020005100|DBLd|1|1495|2003	PH0279-C.g105	35.780	109	49	4	332	440	33	120	4.59e-07	55.1
PfKH01_020005100|DBLd|1|1495|2003	QE0438-C.g948	90.998	511	36	3	1	509	301	803	0.0	916
PfKH01_020005100|DBLd|1|1495|2003	QE0399-C.g43	90.998	511	36	3	1	509	301	803	0.0	915
PfKH01_020005100|DBLd|1|1495|2003	QE0424-C.g827	90.802	511	37	3	1	509	301	803	0.0	913
PfKH01_020005100|DBLd|1|1495|2003	SenV092.05.g361	57.006	521	176	13	1	509	850	1334	3.80e-167	517
PfKH01_020005100|DBLd|1|1495|2003	SenV092.05.g361	36.047	86	50	1	336	421	295	375	4.36e-08	58.5
PfKH01_020005100|CIDRb|1|2004|2262	PH0279-C.g105	100.000	259	0	0	1	259	827	1085	0.0	534
PfKH01_020005100|CIDRb|1|2004|2262	QE0438-C.g948	100.000	259	0	0	1	259	804	1062	0.0	531
PfKH01_020005100|CIDRb|1|2004|2262	QE0424-C.g827	100.000	259	0	0	1	259	804	1062	0.0	531
PfKH01_020005100|CIDRb|1|2004|2262	QE0399-C.g43	100.000	251	0	0	1	251	804	1054	8.13e-177	516
PfKH01_020005100|CIDRb|1|2004|2262	QG0205-C.g559	73.308	266	61	6	1	259	1450	1712	5.41e-120	378
PfKH01_020005100|ATS|1|2381|2849	PD0483-C.g348	84.289	471	59	3	1	469	2589	3046	0.0	764
PfKH01_020005100|ATS|1|2381|2849	PA0270-C.g443	81.568	472	67	8	1	469	2185	2639	0.0	746
PfKH01_020005100|ATS|1|2381|2849	PA0204-C.g659	83.197	488	48	8	1	469	1701	2173	0.0	739
PfKH01_020005100|ATS|1|2381|2849	PA0245-C.g391	78.556	471	64	9	1	469	2512	2947	0.0	713
PfKH01_020005100|ATS|1|2381|2849	PV0028-C.g50	77.160	486	64	10	1	469	2600	3055	0.0	711
PfKH01_020028200|NTS|1|1|75	PV0083-C.g45	100.000	75	0	0	1	75	1	75	5.38e-45	155
PfKH01_020028200|NTS|1|1|75	QE0414-C.g758	100.000	75	0	0	1	75	1	75	7.14e-45	154
PfKH01_020028200|NTS|1|1|75	PD0582-C.g169	100.000	75	0	0	1	75	1	75	7.42e-45	154
PfKH01_020028200|NTS|1|1|75	PH0279-C.g15	100.000	75	0	0	1	75	1	75	8.43e-45	154
PfKH01_020028200|NTS|1|1|75	PM0076-C.g608	85.333	75	11	0	1	75	1	75	7.77e-36	129
PfKH01_020028200|DBLa|1|76|475	PV0083-C.g45	100.000	400	0	0	1	400	76	475	0.0	842
PfKH01_020028200|DBLa|1|76|475	PV0083-C.g45	35.043	234	115	7	58	277	850	1060	3.87e-32	131
PfKH01_020028200|DBLa|1|76|475	PV0083-C.g45	25.225	222	124	9	137	328	1505	1714	2.55e-08	58.5
PfKH01_020028200|DBLa|1|76|475	PD0582-C.g169	100.000	400	0	0	1	400	76	475	0.0	840
PfKH01_020028200|DBLa|1|76|475	PD0582-C.g169	32.862	283	130	8	58	320	850	1092	1.24e-35	141
PfKH01_020028200|DBLa|1|76|475	PD0582-C.g169	27.751	209	118	7	117	322	1311	1489	1.32e-14	78.6
PfKH01_020028200|DBLa|1|76|475	PD0582-C.g169	24.893	233	136	8	123	326	1896	2118	3.82e-10	64.3
PfKH01_020028200|DBLa|1|76|475	QE0414-C.g758	100.000	400	0	0	1	400	76	475	0.0	839
PfKH01_020028200|DBLa|1|76|475	QE0414-C.g758	32.130	277	143	8	58	320	848	1093	2.80e-34	137
PfKH01_020028200|DBLa|1|76|475	QE0414-C.g758	24.567	289	180	8	137	400	2326	2601	5.28e-14	76.6
PfKH01_020028200|DBLa|1|76|475	QE0414-C.g758	25.795	283	170	9	51	320	1645	1900	9.84e-12	69.3
PfKH01_020028200|DBLa|1|76|475	QE0414-C.g758	24.068	295	156	10	50	324	1271	1517	8.17e-10	63.5
PfKH01_020028200|DBLa|1|76|475	PH0279-C.g15	100.000	400	0	0	1	400	76	475	0.0	838
PfKH01_020028200|DBLa|1|76|475	PH0279-C.g15	32.862	283	130	8	58	320	850	1092	9.18e-36	142
PfKH01_020028200|DBLa|1|76|475	PH0279-C.g15	30.714	280	145	8	58	320	2381	2628	1.23e-28	120
PfKH01_020028200|DBLa|1|76|475	PH0279-C.g15	32.441	299	165	15	117	400	1688	1964	8.39e-25	109
PfKH01_020028200|DBLa|1|76|475	PH0279-C.g15	24.242	297	161	10	46	319	2758	3013	4.78e-09	61.2
PfKH01_020028200|DBLa|1|76|475	PH0279-C.g15	25.943	212	112	6	117	322	1316	1488	1.74e-07	56.2
PfKH01_020028200|DBLa|1|76|475	PA0046-C.g95	73.317	401	106	1	1	400	76	476	0.0	607
PfKH01_020028200|DBLa|1|76|475	PA0046-C.g95	33.906	233	122	7	58	275	852	1067	1.12e-32	132
PfKH01_020028200|DBLa|1|76|475	PA0046-C.g95	29.450	309	159	8	26	320	1323	1586	3.06e-28	119
PfKH01_020028200|CIDRa|1|476|727	PV0083-C.g45	100.000	252	0	0	1	252	476	727	1.14e-169	518
PfKH01_020028200|CIDRa|1|476|727	PD0582-C.g169	100.000	252	0	0	1	252	476	727	1.12e-168	518
PfKH01_020028200|CIDRa|1|476|727	QE0414-C.g758	100.000	252	0	0	1	252	476	727	1.95e-168	517
PfKH01_020028200|CIDRa|1|476|727	PH0279-C.g15	100.000	252	0	0	1	252	476	727	1.86e-167	514
PfKH01_020028200|CIDRa|1|476|727	PH0279-C.g15	27.607	163	113	5	27	187	1992	2151	2.32e-09	60.1
PfKH01_020028200|CIDRa|1|476|727	PT0215-Cx.g365	82.937	252	43	0	1	252	466	717	2.62e-143	431
PfKH01_020028200|DBLb|1|736|1182	PH0279-C.g15	100.000	447	0	0	1	447	736	1182	0.0	934
PfKH01_020028200|DBLb|1|736|1182	PH0279-C.g15	48.333	420	199	10	38	447	2304	2715	2.01e-111	363
PfKH01_020028200|DBLb|1|736|1182	PH0279-C.g15	34.317	271	116	9	115	343	133	383	3.24e-33	135
PfKH01_020028200|DBLb|1|736|1182	PH0279-C.g15	26.303	422	231	18	59	447	2722	3096	5.56e-18	89.7
PfKH01_020028200|DBLb|1|736|1182	PH0279-C.g15	25.926	243	149	8	114	338	1241	1470	4.31e-09	61.6
PfKH01_020028200|DBLb|1|736|1182	PH0279-C.g15	26.697	221	109	10	182	357	1683	1895	4.82e-08	58.2
PfKH01_020028200|DBLb|1|736|1182	PD0582-C.g169	94.183	447	26	0	1	447	736	1182	0.0	880
PfKH01_020028200|DBLb|1|736|1182	PD0582-C.g169	34.317	271	116	9	115	343	133	383	1.45e-33	136
PfKH01_020028200|DBLb|1|736|1182	PD0582-C.g169	25.943	424	227	15	60	447	1195	1567	5.56e-18	89.7
PfKH01_020028200|DBLb|1|736|1182	PV0083-C.g45	80.000	455	82	3	1	447	736	1189	0.0	730
PfKH01_020028200|DBLb|1|736|1182	PV0083-C.g45	34.457	267	113	9	115	339	133	379	1.59e-33	136
PfKH01_020028200|DBLb|1|736|1182	QE0414-C.g758	71.490	463	114	6	1	447	736	1196	0.0	648
PfKH01_020028200|DBLb|1|736|1182	QE0414-C.g758	34.317	271	116	9	115	343	133	383	1.44e-33	136
PfKH01_020028200|DBLb|1|736|1182	QE0414-C.g758	24.217	351	211	12	114	447	1278	1590	2.87e-15	81.3
PfKH01_020028200|DBLb|1|736|1182	QE0414-C.g758	23.792	269	163	9	114	358	1651	1901	4.15e-10	64.7
PfKH01_020028200|DBLb|1|736|1182	PH0643-C.g460	68.378	487	114	6	1	447	343	829	0.0	644
PfKH01_020028200|DBLb|1|736|1182	PH0643-C.g460	27.660	282	160	10	114	371	1274	1535	1.94e-15	81.6
PfKH01_020028200|DBLb|1|736|1182	PH0643-C.g460	27.891	294	176	12	85	364	881	1152	2.69e-12	71.6
PfKH01_020028200|DBLg|1|1198|1548	PH0279-C.g15	100.000	351	0	0	1	351	1198	1548	0.0	734
PfKH01_020028200|DBLg|1|1198|1548	PH0279-C.g15	37.429	350	186	12	1	328	2725	3063	9.36e-55	195
PfKH01_020028200|DBLg|1|1198|1548	PH0279-C.g15	33.903	351	162	11	1	289	1553	1895	6.60e-50	181
PfKH01_020028200|DBLg|1|1198|1548	PH0279-C.g15	25.094	267	165	9	17	268	2354	2600	1.39e-10	65.5
PfKH01_020028200|DBLg|1|1198|1548	PH0279-C.g15	25.926	243	149	8	44	273	849	1073	1.88e-09	61.6
PfKH01_020028200|DBLg|1|1198|1548	PH0279-C.g15	25.943	212	112	6	119	291	192	397	8.54e-07	53.5
PfKH01_020028200|DBLg|1|1198|1548	PD0582-C.g791	100.000	351	0	0	1	351	1205	1555	0.0	733
PfKH01_020028200|DBLg|1|1198|1548	PD0582-C.g791	37.429	350	186	12	1	328	2732	3070	1.17e-54	195
PfKH01_020028200|DBLg|1|1198|1548	PD0582-C.g791	33.903	351	162	11	1	289	1560	1902	6.93e-50	181
PfKH01_020028200|DBLg|1|1198|1548	PD0582-C.g791	24.149	323	197	11	1	298	814	1113	1.07e-12	72.0
PfKH01_020028200|DBLg|1|1198|1548	PD0582-C.g791	25.094	267	165	9	17	268	2361	2607	1.50e-10	65.1
PfKH01_020028200|DBLg|1|1198|1548	PD0582-C.g791	23.529	289	169	8	36	291	116	385	1.52e-09	62.0
PfKH01_020028200|DBLg|1|1198|1548	PD0507-C.g316	100.000	351	0	0	1	351	928	1278	0.0	733
PfKH01_020028200|DBLg|1|1198|1548	PD0507-C.g316	37.429	350	186	12	1	328	2455	2793	1.09e-54	195
PfKH01_020028200|DBLg|1|1198|1548	PD0507-C.g316	33.903	351	162	11	1	289	1283	1625	6.87e-50	181
PfKH01_020028200|DBLg|1|1198|1548	PD0507-C.g316	24.149	323	197	11	1	298	537	836	9.41e-13	72.0
PfKH01_020028200|DBLg|1|1198|1548	PD0507-C.g316	25.094	267	165	9	17	268	2084	2330	1.52e-10	65.1
PfKH01_020028200|DBLg|1|1198|1548	PD0523-C.g684	97.436	351	9	0	1	351	1205	1555	0.0	722
PfKH01_020028200|DBLg|1|1198|1548	PD0523-C.g684	33.773	379	180	12	1	316	1560	1930	2.30e-47	174
PfKH01_020028200|DBLg|1|1198|1548	PD0523-C.g684	31.868	364	204	11	1	351	2723	3055	7.94e-46	169
PfKH01_020028200|DBLg|1|1198|1548	PD0523-C.g684	24.149	323	197	11	1	298	814	1113	1.41e-12	71.6
PfKH01_020028200|DBLg|1|1198|1548	PD0523-C.g684	23.529	289	169	8	36	291	116	385	1.96e-09	61.6
PfKH01_020028200|DBLg|1|1198|1548	PD0523-C.g684	27.953	254	144	10	39	274	2367	2599	2.05e-08	58.5
PfKH01_020028200|DBLg|1|1198|1548	PF0058-C.g278	78.470	353	74	1	1	351	1285	1637	0.0	582
PfKH01_020028200|DBLg|1|1198|1548	PF0058-C.g278	25.503	298	162	14	28	294	883	1151	1.36e-11	68.6
PfKH01_020028200|DBLg|1|1198|1548	PF0058-C.g278	23.453	307	160	11	41	296	169	451	3.50e-08	57.8
PfKH01_020028200|DBLd|1|1553|1964	PH0279-C.g15	100.000	412	0	0	1	412	1553	1964	0.0	854
PfKH01_020028200|DBLd|1|1553|1964	PH0279-C.g15	33.419	389	199	11	1	386	2725	3056	2.59e-52	191
PfKH01_020028200|DBLd|1|1553|1964	PH0279-C.g15	34.286	350	162	10	1	343	1198	1486	6.27e-52	189
PfKH01_020028200|DBLd|1|1553|1964	PH0279-C.g15	32.119	302	168	15	133	412	189	475	1.06e-22	103
PfKH01_020028200|DBLd|1|1553|1964	PH0279-C.g15	26.818	220	108	10	131	342	917	1091	5.69e-08	57.8
PfKH01_020028200|DBLd|1|1553|1964	PD0507-C.g316	100.000	412	0	0	1	412	1283	1694	0.0	852
PfKH01_020028200|DBLd|1|1553|1964	PD0507-C.g316	33.419	389	199	11	1	386	2455	2786	4.20e-52	190
PfKH01_020028200|DBLd|1|1553|1964	PD0507-C.g316	34.286	350	162	10	1	343	928	1216	1.23e-51	189
PfKH01_020028200|DBLd|1|1553|1964	PD0507-C.g316	36.628	172	106	3	243	412	7	177	3.67e-27	117
PfKH01_020028200|DBLd|1|1553|1964	PD0507-C.g316	21.739	345	192	13	50	376	586	870	5.36e-07	54.7
PfKH01_020028200|DBLd|1|1553|1964	PD0582-C.g791	100.000	412	0	0	1	412	1560	1971	0.0	852
PfKH01_020028200|DBLd|1|1553|1964	PD0582-C.g791	33.419	389	199	11	1	386	2732	3063	5.09e-52	190
PfKH01_020028200|DBLd|1|1553|1964	PD0582-C.g791	34.286	350	162	10	1	343	1205	1493	1.28e-51	189
PfKH01_020028200|DBLd|1|1553|1964	PD0582-C.g791	29.592	294	173	6	133	412	181	454	1.64e-31	129
PfKH01_020028200|DBLd|1|1553|1964	PD0582-C.g791	21.739	345	192	13	50	376	863	1147	5.25e-07	54.7
PfKH01_020028200|DBLd|1|1553|1964	QG0232-C.g2099	75.545	413	85	4	1	412	1587	1984	0.0	605
PfKH01_020028200|DBLd|1|1553|1964	QG0232-C.g2099	34.896	384	187	12	1	379	2754	3079	2.28e-58	208
PfKH01_020028200|DBLd|1|1553|1964	QG0232-C.g2099	32.386	352	168	11	1	352	1246	1527	1.95e-42	162
PfKH01_020028200|DBLd|1|1553|1964	QG0232-C.g2099	33.106	293	169	9	133	412	185	463	1.45e-35	141
PfKH01_020028200|DBLd|1|1553|1964	QG0232-C.g2099	26.384	307	147	13	48	343	886	1124	2.81e-12	71.2
PfKH01_020028200|DBLd|1|1553|1964	QG0297-C.g1091	75.545	413	85	4	1	412	1579	1976	0.0	605
PfKH01_020028200|DBLd|1|1553|1964	QG0297-C.g1091	34.896	384	187	12	1	379	2746	3071	2.84e-58	208
PfKH01_020028200|DBLd|1|1553|1964	QG0297-C.g1091	32.386	352	168	11	1	352	1238	1519	1.94e-42	162
PfKH01_020028200|DBLd|1|1553|1964	QG0297-C.g1091	33.106	293	169	9	133	412	177	455	1.63e-35	141
PfKH01_020028200|DBLd|1|1553|1964	QG0297-C.g1091	26.384	307	147	13	48	343	878	1116	2.81e-12	71.2
PfKH01_020028200|CIDRb|1|1965|2218	PH0279-C.g15	100.000	254	0	0	1	254	1965	2218	1.63e-167	515
PfKH01_020028200|CIDRb|1|1965|2218	PH0279-C.g15	27.607	163	113	5	28	187	502	662	2.17e-10	63.2
PfKH01_020028200|CIDRb|1|1965|2218	PD0507-C.g316	100.000	254	0	0	1	254	1695	1948	4.51e-167	513
PfKH01_020028200|CIDRb|1|1965|2218	PD0507-C.g316	27.843	255	180	3	1	254	178	429	7.46e-30	120
PfKH01_020028200|CIDRb|1|1965|2218	PD0582-C.g791	100.000	254	0	0	1	254	1972	2225	6.01e-167	513
PfKH01_020028200|CIDRb|1|1965|2218	PD0582-C.g791	27.843	255	180	3	1	254	455	706	8.74e-30	119
PfKH01_020028200|CIDRb|1|1965|2218	PV0236-C.g30	96.748	246	8	0	1	246	909	1154	2.70e-160	484
PfKH01_020028200|CIDRb|1|1965|2218	PC0122-C.g457	96.748	246	8	0	1	246	2418	2663	5.98e-157	484
PfKH01_020028200|DBLb|2|2252|2715	PA0232-C.g771	100.000	464	0	0	1	464	2250	2713	0.0	959
PfKH01_020028200|DBLb|2|2252|2715	PA0232-C.g771	45.203	469	204	13	34	464	735	1188	5.55e-108	354
PfKH01_020028200|DBLb|2|2252|2715	PA0232-C.g771	30.959	365	198	12	50	377	36	383	3.92e-35	142
PfKH01_020028200|DBLb|2|2252|2715	PA0232-C.g771	23.242	327	196	10	74	378	2720	3013	1.41e-14	79.3
PfKH01_020028200|DBLb|2|2252|2715	PA0232-C.g771	22.659	331	174	10	124	390	1596	1908	2.88e-11	68.6
PfKH01_020028200|DBLb|2|2252|2715	PA0232-C.g771	21.923	260	168	6	129	376	1253	1489	2.11e-08	59.3
PfKH01_020028200|DBLb|2|2252|2715	PH0279-C.g15	100.000	464	0	0	1	464	2252	2715	0.0	959
PfKH01_020028200|DBLb|2|2252|2715	PH0279-C.g15	48.333	420	199	10	53	464	773	1182	2.59e-115	375
PfKH01_020028200|DBLb|2|2252|2715	PH0279-C.g15	31.295	278	146	8	130	377	133	395	1.98e-29	124
PfKH01_020028200|DBLb|2|2252|2715	PH0279-C.g15	23.276	348	207	11	74	394	2722	3036	2.66e-15	81.3
PfKH01_020028200|DBLb|2|2252|2715	PH0279-C.g15	25.746	268	162	9	103	349	1214	1465	8.28e-12	70.5
PfKH01_020028200|DBLb|2|2252|2715	PH0279-C.g15	24.104	307	165	12	198	464	1683	1961	2.70e-07	55.8
PfKH01_020028200|DBLb|2|2252|2715	PD0582-C.g791	100.000	464	0	0	1	464	2259	2722	0.0	959
PfKH01_020028200|DBLb|2|2252|2715	PD0582-C.g791	46.723	473	210	13	1	464	750	1189	1.51e-117	381
PfKH01_020028200|DBLb|2|2252|2715	PD0582-C.g791	30.628	382	194	13	44	376	23	382	9.41e-32	131
PfKH01_020028200|DBLb|2|2252|2715	PD0582-C.g791	23.276	348	207	11	74	394	2729	3043	2.39e-15	81.6
PfKH01_020028200|DBLb|2|2252|2715	PD0582-C.g791	25.746	268	162	9	103	349	1221	1472	7.79e-12	70.5
PfKH01_020028200|DBLb|2|2252|2715	PD0582-C.g791	24.104	307	165	12	198	464	1690	1968	2.14e-07	56.2
PfKH01_020028200|DBLb|2|2252|2715	PD0507-C.g316	100.000	464	0	0	1	464	1982	2445	0.0	959
PfKH01_020028200|DBLb|2|2252|2715	PD0507-C.g316	46.723	473	210	13	1	464	473	912	2.32e-117	381
PfKH01_020028200|DBLb|2|2252|2715	PD0507-C.g316	23.276	348	207	11	74	394	2452	2766	3.01e-15	81.3
PfKH01_020028200|DBLb|2|2252|2715	PD0507-C.g316	25.746	268	162	9	103	349	944	1195	8.07e-12	70.5
PfKH01_020028200|DBLb|2|2252|2715	PD0507-C.g316	24.104	307	165	12	198	464	1413	1691	3.00e-07	55.8
PfKH01_020028200|DBLb|2|2252|2715	QG0264-C.g711	100.000	464	0	0	1	464	2275	2738	0.0	959
PfKH01_020028200|DBLb|2|2252|2715	QG0264-C.g711	45.929	479	195	16	34	464	747	1209	5.50e-105	345
PfKH01_020028200|DBLb|2|2252|2715	QG0264-C.g711	31.724	290	160	8	50	317	37	310	7.73e-31	129
PfKH01_020028200|DBLb|2|2252|2715	QG0264-C.g711	23.699	346	208	11	74	394	2745	3059	1.89e-16	85.1
PfKH01_020028200|DBLb|2|2252|2715	QG0264-C.g711	21.472	326	201	9	100	390	1235	1540	1.45e-10	66.2
PfKH01_020028200|DBLb|2|2252|2715	QG0264-C.g711	20.598	301	173	8	127	378	1642	1925	1.79e-07	56.6
PfKH01_020028200|DBLg|2|2725|3096	PH0279-C.g15	100.000	372	0	0	1	372	2725	3096	0.0	772
PfKH01_020028200|DBLg|2|2725|3096	PH0279-C.g15	37.429	350	186	12	1	339	1198	1525	9.95e-55	196
PfKH01_020028200|DBLg|2|2725|3096	PH0279-C.g15	33.419	389	199	11	1	332	1553	1938	2.97e-50	183
PfKH01_020028200|DBLg|2|2725|3096	PH0279-C.g15	26.923	364	202	14	44	372	848	1182	2.58e-17	86.3
PfKH01_020028200|DBLg|2|2725|3096	PH0279-C.g15	23.478	345	204	12	1	312	2328	2645	9.80e-14	75.5
PfKH01_020028200|DBLg|2|2725|3096	PH0279-C.g15	24.573	293	157	10	38	289	125	394	1.21e-07	56.2
PfKH01_020028200|DBLg|2|2725|3096	PF0282-C.g20	100.000	372	0	0	1	372	2370	2741	0.0	772
PfKH01_020028200|DBLg|2|2725|3096	PF0282-C.g20	36.975	357	181	13	1	339	861	1191	3.34e-52	189
PfKH01_020028200|DBLg|2|2725|3096	PF0282-C.g20	34.140	372	166	14	1	308	1219	1575	2.05e-45	169
PfKH01_020028200|DBLg|2|2725|3096	PF0282-C.g20	31.769	277	150	11	43	303	2034	2287	8.17e-23	102
PfKH01_020028200|DBLg|2|2725|3096	PF0282-C.g20	23.571	280	155	11	46	283	131	393	2.25e-11	68.2
PfKH01_020028200|DBLg|2|2725|3096	PD0582-C.g791	100.000	372	0	0	1	372	2732	3103	0.0	770
PfKH01_020028200|DBLg|2|2725|3096	PD0582-C.g791	37.429	350	186	12	1	339	1205	1532	9.04e-55	196
PfKH01_020028200|DBLg|2|2725|3096	PD0582-C.g791	33.419	389	199	11	1	332	1560	1945	2.32e-50	183
PfKH01_020028200|DBLg|2|2725|3096	PD0582-C.g791	26.431	367	195	14	43	372	861	1189	1.47e-17	87.0
PfKH01_020028200|DBLg|2|2725|3096	PD0582-C.g791	23.478	345	204	12	1	312	2335	2652	8.33e-14	75.5
PfKH01_020028200|DBLg|2|2725|3096	PD0582-C.g791	23.153	203	126	6	115	290	184	383	4.63e-10	63.9
PfKH01_020028200|DBLg|2|2725|3096	PD0507-C.g316	100.000	372	0	0	1	372	2455	2826	0.0	770
PfKH01_020028200|DBLg|2|2725|3096	PD0507-C.g316	37.429	350	186	12	1	339	928	1255	1.26e-54	196
PfKH01_020028200|DBLg|2|2725|3096	PD0507-C.g316	33.419	389	199	11	1	332	1283	1668	3.11e-50	183
PfKH01_020028200|DBLg|2|2725|3096	PD0507-C.g316	26.431	367	195	14	43	372	584	912	1.73e-17	87.0
PfKH01_020028200|DBLg|2|2725|3096	PD0507-C.g316	23.478	345	204	12	1	312	2058	2375	9.38e-14	75.5
PfKH01_020028200|DBLg|2|2725|3096	PD0507-C.g316	32.222	90	42	2	220	290	17	106	7.85e-07	53.9
PfKH01_020028200|DBLg|2|2725|3096	QG0264-C.g711	97.043	372	11	0	1	372	2748	3119	0.0	749
PfKH01_020028200|DBLg|2|2725|3096	QG0264-C.g711	36.236	356	175	13	10	339	1237	1566	8.56e-54	193
PfKH01_020028200|DBLg|2|2725|3096	QG0264-C.g711	33.430	344	166	11	1	292	1594	1926	1.00e-44	167
PfKH01_020028200|DBLg|2|2725|3096	QG0264-C.g711	26.829	287	152	8	31	289	849	1105	4.67e-15	79.3
PfKH01_020028200|DBLg|2|2725|3096	QG0264-C.g711	23.478	345	204	12	1	312	2351	2668	8.27e-14	75.5
PfKH01_020028200|DBLg|2|2725|3096	QG0264-C.g711	24.014	279	157	9	46	289	125	383	4.29e-08	57.8
PfKH01_020028200|ATS|1|3251|3682	PC0113-C.g1367	79.724	434	82	5	1	432	3053	3482	0.0	638
PfKH01_020028200|ATS|1|3251|3682	PD0569-C.g128	75.737	441	94	6	1	432	2498	2934	0.0	638
PfKH01_020028200|ATS|1|3251|3682	PF0513-C.g5231	77.189	434	83	9	2	432	2389	2809	0.0	631
PfKH01_020028200|ATS|1|3251|3682	PFKE11.g264	72.588	456	94	8	1	432	2779	3227	0.0	627
PfKH01_020028200|ATS|1|3251|3682	PV0134-C.g17	74.134	433	91	8	2	418	2490	2917	0.0	620
PfKH01_020028300|NTS|1|1|67	QE0459-C.g481	100.000	67	0	0	1	67	1	67	2.87e-39	138
PfKH01_020028300|NTS|1|1|67	PD0543-C.g639	100.000	67	0	0	1	67	1	67	3.19e-39	138
PfKH01_020028300|NTS|1|1|67	QE0469-C.g728	100.000	67	0	0	1	67	1	67	4.15e-39	137
PfKH01_020028300|NTS|1|1|67	PH0279-C.g97	100.000	63	0	0	5	67	1	63	1.45e-35	127
PfKH01_020028300|NTS|1|1|67	PF0754-C.g388	68.852	61	19	0	7	67	2	62	1.02e-19	82.8
PfKH01_020028300|DBLa|1|68|494	QE0469-C.g728	100.000	427	0	0	1	427	68	494	0.0	894
PfKH01_020028300|DBLa|1|68|494	QE0469-C.g728	32.083	240	124	9	54	283	917	1127	2.95e-24	108
PfKH01_020028300|DBLa|1|68|494	QE0469-C.g728	20.984	386	211	12	103	427	1515	1867	1.83e-11	68.9
PfKH01_020028300|DBLa|1|68|494	QE0459-C.g481	100.000	427	0	0	1	427	68	494	0.0	894
PfKH01_020028300|DBLa|1|68|494	QE0459-C.g481	32.500	240	123	8	54	283	917	1127	3.02e-24	108
PfKH01_020028300|DBLa|1|68|494	QE0459-C.g481	21.984	373	208	13	100	427	1508	1842	2.78e-11	68.2
PfKH01_020028300|DBLa|1|68|494	PD0543-C.g639	100.000	427	0	0	1	427	68	494	0.0	891
PfKH01_020028300|DBLa|1|68|494	PD0543-C.g639	32.083	240	124	9	54	283	917	1127	4.76e-24	107
PfKH01_020028300|DBLa|1|68|494	PD0543-C.g639	25.797	345	192	10	116	427	1520	1833	2.64e-17	87.0
PfKH01_020028300|DBLa|1|68|494	PH0279-C.g97	100.000	427	0	0	1	427	64	490	0.0	886
PfKH01_020028300|DBLa|1|68|494	PH0279-C.g97	32.083	240	124	9	54	283	971	1181	4.75e-24	107
PfKH01_020028300|DBLa|1|68|494	PF0113-C.g608	96.956	427	11	2	1	427	59	483	0.0	855
PfKH01_020028300|DBLa|1|68|494	PF0113-C.g608	30.612	294	169	7	54	344	2236	2497	5.86e-29	122
PfKH01_020028300|DBLa|1|68|494	PF0113-C.g608	33.929	224	99	9	54	264	894	1081	3.67e-26	114
PfKH01_020028300|DBLa|1|68|494	PF0113-C.g608	27.402	281	149	12	173	427	1586	1837	4.50e-16	83.6
PfKH01_020028300|DBLa|1|68|494	PF0113-C.g608	30.705	241	114	10	31	264	2590	2784	3.79e-14	77.4
PfKH01_020028300|CIDRa|1|495|791	QE0459-C.g481	100.000	297	0	0	1	297	495	791	0.0	618
PfKH01_020028300|CIDRa|1|495|791	QE0469-C.g728	100.000	297	0	0	1	297	495	791	0.0	617
PfKH01_020028300|CIDRa|1|495|791	PD0543-C.g639	100.000	297	0	0	1	297	495	791	0.0	617
PfKH01_020028300|CIDRa|1|495|791	PH0279-C.g97	100.000	297	0	0	1	297	549	845	0.0	613
PfKH01_020028300|CIDRa|1|495|791	PF0098-C.g27	94.040	302	13	2	1	297	491	792	0.0	553
PfKH01_020028300|DBLb|1|798|1271	PD0543-C.g639	100.000	474	0	0	1	474	798	1271	0.0	996
PfKH01_020028300|DBLb|1|798|1271	PD0543-C.g639	32.780	241	123	9	120	331	121	351	1.11e-23	107
PfKH01_020028300|DBLb|1|798|1271	QE0459-C.g481	100.000	474	0	0	1	474	798	1271	0.0	995
PfKH01_020028300|DBLb|1|798|1271	QE0459-C.g481	32.780	241	123	9	120	331	121	351	1.10e-23	107
PfKH01_020028300|DBLb|1|798|1271	PH0279-C.g97	100.000	474	0	0	1	474	852	1325	0.0	995
PfKH01_020028300|DBLb|1|798|1271	PH0279-C.g97	32.780	241	123	9	120	331	117	347	1.34e-23	107
PfKH01_020028300|DBLb|1|798|1271	QE0469-C.g728	95.825	479	15	1	1	474	798	1276	0.0	963
PfKH01_020028300|DBLb|1|798|1271	QE0469-C.g728	32.780	241	123	9	120	331	121	351	1.28e-23	107
PfKH01_020028300|DBLb|1|798|1271	PFKE11.g295	91.579	475	39	1	1	474	819	1293	0.0	917
PfKH01_020028300|DBLb|1|798|1271	PFKE11.g295	32.422	256	129	10	115	331	108	358	5.92e-25	111
PfKH01_020028300|DBLd|1|1363|1832	PD0582-C.g769	82.582	488	58	6	1	470	824	1302	0.0	771
PfKH01_020028300|DBLd|1|1363|1832	PD0582-C.g769	30.612	147	91	5	303	440	321	465	3.16e-07	55.5
PfKH01_020028300|DBLd|1|1363|1832	PD0507-C.g27	82.582	488	58	6	1	470	824	1302	0.0	771
PfKH01_020028300|DBLd|1|1363|1832	PD0507-C.g27	30.612	147	91	5	303	440	321	465	3.16e-07	55.5
PfKH01_020028300|DBLd|1|1363|1832	PD0543-C.g639	78.105	475	95	3	1	470	1363	1833	0.0	701
PfKH01_020028300|DBLd|1|1363|1832	PD0543-C.g639	24.031	258	159	6	158	411	183	407	6.98e-11	67.4
PfKH01_020028300|DBLd|1|1363|1832	QE0469-C.g728	59.216	510	158	9	1	470	1368	1867	1.37e-162	509
PfKH01_020028300|DBLd|1|1363|1832	QE0469-C.g728	23.938	259	160	6	157	411	182	407	6.19e-11	67.4
PfKH01_020028300|DBLd|1|1363|1832	QE0469-C.g728	22.074	299	153	9	159	452	980	1203	7.30e-11	67.4
PfKH01_020028300|DBLd|1|1363|1832	SenT067.09.g149	55.218	527	154	12	1	470	822	1323	8.55e-158	490
PfKH01_020028300|DBLd|1|1363|1832	SenT067.09.g149	24.383	324	193	10	161	470	179	464	7.53e-15	80.1
PfKH01_020028300|CIDRb|1|1833|2087	PD0582-C.g769	100.000	255	0	0	1	255	1303	1557	1.00e-173	523
PfKH01_020028300|CIDRb|1|1833|2087	PD0582-C.g769	23.830	235	140	9	40	255	533	747	4.74e-07	52.8
PfKH01_020028300|CIDRb|1|1833|2087	PD0507-C.g27	100.000	255	0	0	1	255	1303	1557	1.00e-173	523
PfKH01_020028300|CIDRb|1|1833|2087	PD0507-C.g27	23.830	235	140	9	40	255	533	747	4.74e-07	52.8
PfKH01_020028300|CIDRb|1|1833|2087	PA0018-C.g337	72.692	260	62	3	3	254	1736	1994	1.36e-115	366
PfKH01_020028300|CIDRb|1|1833|2087	PT0141-C.g328	74.708	257	62	2	1	255	1798	2053	2.75e-113	359
PfKH01_020028300|CIDRb|1|1833|2087	PA0270-C.g485	70.155	258	67	3	2	249	1389	1646	7.08e-111	352
PfKH01_020028300|ATS|1|2193|2710	PT0219-C.g578	73.048	538	70	8	1	518	1736	2218	0.0	724
PfKH01_020028300|ATS|1|2193|2710	PV0118-C.g21	72.059	544	74	10	1	518	2115	2606	0.0	721
PfKH01_020028300|ATS|1|2193|2710	PV0028-C.g31	69.866	521	89	8	1	518	1737	2192	0.0	688
PfKH01_020028300|ATS|1|2193|2710	QE0444-C.g638	69.533	535	100	9	1	518	1311	1799	0.0	679
PfKH01_020028300|ATS|1|2193|2710	PV0028-C.g50	69.173	532	74	11	1	518	2600	3055	0.0	649
PfKH01_030030400|NTS|1|1|74	QG0247-C.g2343	77.027	74	17	0	1	74	1	74	9.06e-31	114
PfKH01_030030400|NTS|1|1|74	PH0774-C.g134	75.676	74	18	0	1	74	1	74	1.49e-29	111
PfKH01_030030400|NTS|1|1|74	PH0769-C.g98	75.676	74	18	0	1	74	1	74	1.49e-29	111
PfKH01_030030400|NTS|1|1|74	PM0076-C.g256	75.676	74	18	0	1	74	1	74	4.17e-29	109
PfKH01_030030400|NTS|1|1|74	PV0147-C.g53	75.676	74	18	0	1	74	1	74	6.78e-29	109
PfKH01_030030400|DBLa|1|75|460	PA0176-C.g296	93.523	386	25	0	1	386	75	460	0.0	750
PfKH01_030030400|DBLa|1|75|460	PA0176-C.g296	33.636	330	165	14	83	386	1312	1613	1.87e-36	143
PfKH01_030030400|DBLa|1|75|460	PA0176-C.g296	31.359	287	145	11	55	326	2018	2267	5.80e-27	115
PfKH01_030030400|DBLa|1|75|460	PA0176-C.g296	23.659	317	174	12	51	333	870	1152	9.90e-11	66.2
PfKH01_030030400|DBLa|1|75|460	PM0138-C.g1162	93.523	386	25	0	1	386	75	460	0.0	748
PfKH01_030030400|DBLa|1|75|460	PM0138-C.g1162	34.084	311	173	11	92	386	1360	1654	7.59e-31	127
PfKH01_030030400|DBLa|1|75|460	PM0138-C.g1162	30.225	311	156	10	39	327	2054	2325	1.46e-29	123
PfKH01_030030400|DBLa|1|75|460	PM0138-C.g1162	25.552	317	187	10	51	353	2466	2747	3.69e-18	89.4
PfKH01_030030400|DBLa|1|75|460	PM0138-C.g1162	24.522	314	175	12	37	333	929	1197	1.53e-12	72.0
PfKH01_030030400|DBLa|1|75|460	PA0229-C.g6	93.523	386	25	0	1	386	75	460	0.0	748
PfKH01_030030400|DBLa|1|75|460	PA0229-C.g6	31.563	339	166	12	13	330	872	1165	1.39e-34	137
PfKH01_030030400|DBLa|1|75|460	PM0156-C.g120	93.264	386	26	0	1	386	75	460	0.0	746
PfKH01_030030400|DBLa|1|75|460	PM0156-C.g120	31.699	306	171	7	104	386	1320	1610	5.40e-38	148
PfKH01_030030400|DBLa|1|75|460	PM0156-C.g120	30.000	250	127	9	51	275	2018	2244	4.60e-23	103
PfKH01_030030400|DBLa|1|75|460	PD0590-C.g637	90.415	386	37	0	1	386	75	460	0.0	730
PfKH01_030030400|DBLa|1|75|460	PD0590-C.g637	27.826	345	159	11	1	311	958	1246	4.21e-26	113
PfKH01_030030400|DBLa|1|75|460	PD0590-C.g637	24.026	308	162	11	51	330	1520	1783	5.94e-13	73.2
PfKH01_030030400|CIDRg|1|461|716	PH0332-C.g656	97.656	256	6	0	1	256	478	733	1.16e-166	513
PfKH01_030030400|CIDRg|1|461|716	PV0139-C.g45	96.484	256	9	0	1	256	461	716	6.42e-163	502
PfKH01_030030400|CIDRg|1|461|716	PV0139-C.g45	34.400	250	163	1	1	249	1619	1868	3.77e-40	149
PfKH01_030030400|CIDRg|1|461|716	PV0094-C.g4	96.484	256	9	0	1	256	1497	1752	9.51e-163	501
PfKH01_030030400|CIDRg|1|461|716	PV0094-C.g4	34.630	257	149	5	1	248	461	707	4.85e-34	132
PfKH01_030030400|CIDRg|1|461|716	PV0094-C.g4	34.101	217	139	3	41	256	2711	2924	4.10e-27	112
PfKH01_030030400|CIDRg|1|461|716	PfKE04.g13	97.222	252	7	0	1	252	476	727	1.39e-162	501
PfKH01_030030400|CIDRg|1|461|716	PfKE04.g13	32.031	256	164	7	1	252	1631	1880	6.02e-29	117
PfKH01_030030400|CIDRg|1|461|716	PT0073-C.g171	97.222	252	7	0	1	252	461	712	2.41e-162	500
PfKH01_030030400|CIDRg|1|461|716	PT0073-C.g171	31.418	261	167	7	1	256	1614	1867	1.67e-28	116
PfKH01_030030400|DBLg|1|933|1285	PV0138-C.g7	98.017	353	7	0	1	353	841	1193	0.0	716
PfKH01_030030400|DBLg|1|933|1285	PV0138-C.g7	36.648	352	158	10	1	293	1198	1543	4.06e-53	191
PfKH01_030030400|DBLg|1|933|1285	PV0138-C.g7	23.322	283	159	10	31	277	117	377	1.52e-08	58.9
PfKH01_030030400|DBLg|1|933|1285	PV0084-C.g37	98.017	353	7	0	1	353	841	1193	0.0	716
PfKH01_030030400|DBLg|1|933|1285	PV0084-C.g37	36.648	352	158	10	1	293	1198	1543	4.06e-53	191
PfKH01_030030400|DBLg|1|933|1285	PV0084-C.g37	23.322	283	159	10	31	277	117	377	1.52e-08	58.9
PfKH01_030030400|DBLg|1|933|1285	PV0098-C.g49	98.017	353	7	0	1	353	544	896	0.0	715
PfKH01_030030400|DBLg|1|933|1285	PV0098-C.g49	36.648	352	158	10	1	293	901	1246	4.11e-53	191
PfKH01_030030400|DBLg|1|933|1285	PV0112-C.g45	98.017	353	7	0	1	353	470	822	0.0	712
PfKH01_030030400|DBLg|1|933|1285	PV0112-C.g45	36.648	352	158	10	1	293	827	1172	3.14e-53	191
PfKH01_030030400|DBLg|1|933|1285	PH0279-C.g41	96.884	353	11	0	1	353	803	1155	0.0	706
PfKH01_030030400|DBLg|1|933|1285	PH0279-C.g41	37.647	340	161	9	1	293	1160	1495	1.31e-56	201
PfKH01_030030400|DBLg|1|933|1285	PH0279-C.g41	25.177	282	159	11	45	299	1966	2222	2.03e-10	64.7
PfKH01_030030400|DBLg|1|933|1285	PH0279-C.g41	23.744	219	150	7	42	251	127	337	4.52e-09	60.5
PfKH01_030030400|DBLd|1|1290|1692	PH0279-C.g41	100.000	403	0	0	1	403	1160	1562	0.0	820
PfKH01_030030400|DBLd|1|1290|1692	PH0279-C.g41	37.941	340	160	10	1	336	803	1095	7.12e-56	201
PfKH01_030030400|DBLd|1|1290|1692	PH0279-C.g41	31.933	238	144	3	169	403	243	465	1.69e-25	111
PfKH01_030030400|DBLd|1|1290|1692	PA0067-C.g684	80.147	408	75	4	1	403	1619	2025	0.0	628
PfKH01_030030400|DBLd|1|1290|1692	PA0067-C.g684	36.950	341	175	15	6	336	1244	1554	1.13e-44	168
PfKH01_030030400|DBLd|1|1290|1692	PA0067-C.g684	39.881	168	94	3	240	403	295	459	5.82e-20	95.1
PfKH01_030030400|DBLd|1|1290|1692	PA0067-C.g684	24.207	347	163	12	49	365	884	1160	1.02e-11	69.3
PfKH01_030030400|DBLd|1|1290|1692	PfKE05.g185	83.784	407	61	5	1	403	2040	2445	0.0	619
PfKH01_030030400|DBLd|1|1290|1692	PfKE05.g185	38.235	340	148	11	1	333	1241	1525	9.06e-58	206
PfKH01_030030400|DBLd|1|1290|1692	PfKE05.g185	34.294	347	168	10	1	336	1678	1975	7.52e-44	166
PfKH01_030030400|DBLd|1|1290|1692	PfKE05.g185	33.714	350	153	12	1	333	3195	3482	5.37e-38	148
PfKH01_030030400|DBLd|1|1290|1692	PfKE05.g185	26.974	304	176	8	134	403	187	478	8.33e-18	88.6
PfKH01_030030400|DBLd|1|1290|1692	PfKE05.g185	21.098	346	197	11	46	370	847	1137	3.88e-08	58.2
PfKH01_030030400|DBLd|1|1290|1692	PM0063-C.g614	82.108	408	66	6	1	403	1669	2074	0.0	601
PfKH01_030030400|DBLd|1|1290|1692	PM0063-C.g614	40.217	368	159	14	1	357	1304	1621	1.42e-58	208
PfKH01_030030400|DBLd|1|1290|1692	PM0063-C.g614	32.653	343	172	11	1	333	2822	3115	2.25e-40	155
PfKH01_030030400|DBLd|1|1290|1692	PM0063-C.g614	28.642	405	237	10	19	403	95	467	6.31e-30	124
PfKH01_030030400|DBLd|1|1290|1692	PM0063-C.g614	22.879	389	207	14	1	361	811	1134	2.72e-08	58.5
PfKH01_030030400|DBLd|1|1290|1692	QG0293-C.g410	72.019	411	107	2	1	403	1614	2024	0.0	575
PfKH01_030030400|DBLd|1|1290|1692	QG0293-C.g410	33.526	346	166	11	1	336	1258	1549	3.98e-41	157
PfKH01_030030400|DBLd|1|1290|1692	QG0293-C.g410	29.716	387	190	12	1	375	2768	3084	1.80e-39	153
PfKH01_030030400|DBLd|1|1290|1692	QG0293-C.g410	39.286	168	95	3	240	403	295	459	1.18e-19	94.0
PfKH01_030030400|DBLd|1|1290|1692	QG0293-C.g410	23.692	325	165	14	44	344	881	1146	8.81e-10	63.5
PfKH01_030030400|CIDRb|1|1693|1946	PH0279-C.g41	100.000	254	0	0	1	254	1563	1816	1.55e-169	518
PfKH01_030030400|CIDRb|1|1693|1946	PH0279-C.g41	35.945	217	137	2	37	251	502	718	1.58e-36	139
PfKH01_030030400|CIDRb|1|1693|1946	PA0030-C.g786	75.197	254	63	0	1	254	316	569	5.90e-127	386
PfKH01_030030400|CIDRb|1|1693|1946	PA0056-C.g426	76.518	247	58	0	1	247	1004	1250	2.55e-124	384
PfKH01_030030400|CIDRb|1|1693|1946	PM0134-C.g568	75.197	254	63	0	1	254	1630	1883	7.85e-123	387
PfKH01_030030400|CIDRb|1|1693|1946	PM0134-C.g568	37.500	224	133	4	36	254	498	719	5.20e-37	140
PfKH01_030030400|CIDRb|1|1693|1946	PA0100-C.g189	75.197	254	63	0	1	254	1680	1933	8.08e-123	387
PfKH01_030030400|CIDRb|1|1693|1946	PA0100-C.g189	25.000	220	152	6	34	246	501	714	1.66e-07	54.3
PfKH01_030030400|DBLb|1|1974|2443	PH0279-C.g41	100.000	418	0	0	1	418	1844	2261	0.0	862
PfKH01_030030400|DBLb|1|1974|2443	PH0279-C.g41	31.514	403	213	14	16	372	12	397	7.36e-34	138
PfKH01_030030400|DBLb|1|1974|2443	PH0279-C.g41	25.352	284	156	13	123	379	847	1101	9.14e-11	67.0
PfKH01_030030400|DBLb|1|1974|2443	QE0463-C.g332	87.872	470	53	2	1	470	1995	2460	0.0	845
PfKH01_030030400|DBLb|1|1974|2443	QE0463-C.g332	47.500	480	202	15	1	470	732	1171	1.28e-124	402
PfKH01_030030400|DBLb|1|1974|2443	QE0463-C.g332	25.794	504	271	18	6	468	21	462	3.25e-30	127
PfKH01_030030400|DBLb|1|1974|2443	QE0463-C.g332	22.556	266	148	8	194	412	1429	1683	4.12e-08	58.5
PfKH01_030030400|DBLb|1|1974|2443	QE0460-C.g418	87.872	470	53	2	1	470	1995	2460	0.0	845
PfKH01_030030400|DBLb|1|1974|2443	QE0460-C.g418	47.500	480	202	15	1	470	732	1171	1.28e-124	402
PfKH01_030030400|DBLb|1|1974|2443	QE0460-C.g418	25.794	504	271	18	6	468	21	462	3.25e-30	127
PfKH01_030030400|DBLb|1|1974|2443	QE0460-C.g418	22.556	266	148	8	194	412	1429	1683	4.12e-08	58.5
PfKH01_030030400|DBLb|1|1974|2443	QE0458-C.g931	87.872	470	53	2	1	470	1995	2460	0.0	845
PfKH01_030030400|DBLb|1|1974|2443	QE0458-C.g931	47.500	480	202	15	1	470	732	1171	1.28e-124	402
PfKH01_030030400|DBLb|1|1974|2443	QE0458-C.g931	25.794	504	271	18	6	468	21	462	3.25e-30	127
PfKH01_030030400|DBLb|1|1974|2443	QE0458-C.g931	22.556	266	148	8	194	412	1429	1683	4.12e-08	58.5
PfKH01_030030400|DBLb|1|1974|2443	QE0456-C.g304	87.872	470	53	2	1	470	1995	2460	0.0	845
PfKH01_030030400|DBLb|1|1974|2443	QE0456-C.g304	47.500	480	202	15	1	470	732	1171	1.28e-124	402
PfKH01_030030400|DBLb|1|1974|2443	QE0456-C.g304	25.794	504	271	18	6	468	21	462	3.25e-30	127
PfKH01_030030400|DBLb|1|1974|2443	QE0456-C.g304	22.556	266	148	8	194	412	1429	1683	4.12e-08	58.5
PfKH01_030030400|ATS|1|2581|3011	PH0148-CW.g99	84.259	432	63	4	1	431	896	1323	0.0	720
PfKH01_030030400|ATS|1|2581|3011	PD0569-C.g128	81.364	440	70	5	1	431	2498	2934	0.0	698
PfKH01_030030400|ATS|1|2581|3011	PV0083-C.g6	78.132	439	84	4	2	431	2375	2810	0.0	673
PfKH01_030030400|ATS|1|2581|3011	PfKE02.g562	77.060	449	71	6	1	431	2592	3026	0.0	672
PfKH01_030030400|ATS|1|2581|3011	PfKE03.g3	80.600	433	67	6	1	431	2760	3177	0.0	663
PfKH01_030030500|NTS|1|1|66	PH0279-C.g61	100.000	66	0	0	1	66	1	66	3.78e-39	138
PfKH01_030030500|NTS|1|1|66	PD0541-C.g752	100.000	66	0	0	1	66	1	66	3.90e-39	137
PfKH01_030030500|NTS|1|1|66	PD0461-C.g860	100.000	66	0	0	1	66	1	66	4.64e-39	137
PfKH01_030030500|NTS|1|1|66	PH0500-CW.g527	100.000	66	0	0	1	66	1	66	5.32e-39	137
PfKH01_030030500|NTS|1|1|66	QE0453-C.g1003	100.000	66	0	0	1	66	1	66	6.21e-39	137
PfKH01_030030500|DBLa|1|67|485	PH0279-C.g61	100.000	419	0	0	1	419	67	485	0.0	879
PfKH01_030030500|DBLa|1|67|485	PH0279-C.g61	29.259	270	134	14	186	419	1061	1309	2.14e-17	87.4
PfKH01_030030500|DBLa|1|67|485	QE0453-C.g1003	100.000	419	0	0	1	419	67	485	0.0	877
PfKH01_030030500|DBLa|1|67|485	QE0453-C.g1003	26.625	323	152	15	70	334	923	1218	7.78e-11	66.6
PfKH01_030030500|DBLa|1|67|485	PD0667-C.g1131	100.000	419	0	0	1	419	67	485	0.0	877
PfKH01_030030500|DBLa|1|67|485	PD0667-C.g1131	26.625	323	152	15	70	334	923	1218	7.78e-11	66.6
PfKH01_030030500|DBLa|1|67|485	PD0541-C.g752	100.000	419	0	0	1	419	67	485	0.0	877
PfKH01_030030500|DBLa|1|67|485	PD0541-C.g752	27.907	258	145	9	187	419	1045	1286	1.64e-18	90.5
PfKH01_030030500|DBLa|1|67|485	PD0461-C.g860	100.000	419	0	0	1	419	67	485	0.0	876
PfKH01_030030500|DBLa|1|67|485	PD0461-C.g860	27.907	258	145	9	187	419	1045	1286	1.32e-18	90.9
PfKH01_030030500|CIDRa|1|486|735	PD0461-C.g860	100.000	250	0	0	1	250	486	735	5.71e-173	513
PfKH01_030030500|CIDRa|1|486|735	QE0453-C.g1003	100.000	250	0	0	1	250	486	735	5.34e-171	515
PfKH01_030030500|CIDRa|1|486|735	PD0667-C.g1131	100.000	250	0	0	1	250	486	735	5.34e-171	515
PfKH01_030030500|CIDRa|1|486|735	PH0279-C.g61	100.000	250	0	0	1	250	486	735	7.07e-171	515
PfKH01_030030500|CIDRa|1|486|735	PD0541-C.g752	100.000	250	0	0	1	250	486	735	2.76e-170	513
PfKH01_030030500|DBLd|1|803|1309	PH0279-C.g61	100.000	507	0	0	1	507	803	1309	0.0	1043
PfKH01_030030500|DBLd|1|803|1309	PH0279-C.g61	29.259	270	134	14	259	507	252	485	1.15e-14	79.7
PfKH01_030030500|DBLd|1|803|1309	QE0451-C.g491	73.664	524	87	8	1	507	1344	1833	0.0	692
PfKH01_030030500|DBLd|1|803|1309	QE0451-C.g491	30.808	198	102	8	342	507	315	509	9.85e-12	70.5
PfKH01_030030500|DBLd|1|803|1309	PA0220-C.g211	54.231	520	206	10	1	507	364	864	3.15e-174	525
PfKH01_030030500|DBLd|1|803|1309	PA0201-C.g696	54.231	520	206	10	1	507	870	1370	1.41e-169	524
PfKH01_030030500|DBLd|1|803|1309	PA0201-C.g696	23.861	373	209	14	181	507	167	510	7.85e-08	57.8
PfKH01_030030500|DBLd|1|803|1309	PA0167-C.g732	54.231	520	206	10	1	507	870	1370	1.41e-169	524
PfKH01_030030500|DBLd|1|803|1309	PA0167-C.g732	23.861	373	209	14	181	507	167	510	7.85e-08	57.8
PfKH01_030030500|CIDRb|1|1310|1561	PH0279-C.g61	100.000	252	0	0	1	252	1310	1561	4.52e-172	518
PfKH01_030030500|CIDRb|1|1310|1561	QE0452-C.g780	98.413	252	4	0	1	252	999	1250	7.48e-171	508
PfKH01_030030500|CIDRb|1|1310|1561	PH0599-C.g644	98.413	252	4	0	1	252	1322	1573	7.83e-168	507
PfKH01_030030500|CIDRb|1|1310|1561	PA0220-C.g211	83.128	243	37	2	1	240	865	1106	7.62e-121	374
PfKH01_030030500|CIDRb|1|1310|1561	PA0201-C.g696	83.128	243	37	2	1	240	1371	1612	1.67e-118	373
PfKH01_030030500|ATS|1|1687|2176	PA0204-C.g659	84.959	492	53	3	1	490	1701	2173	0.0	778
PfKH01_030030500|ATS|1|1687|2176	PV0239-C.g10	76.471	527	58	10	1	490	3361	3858	0.0	764
PfKH01_030030500|ATS|1|1687|2176	PV0229-C.g26	77.890	493	76	7	1	490	1803	2265	0.0	729
PfKH01_030030500|ATS|1|1687|2176	PFKE12.g465	73.019	530	63	9	1	490	1773	2262	0.0	728
PfKH01_030030500|ATS|1|1687|2176	PV0211-C.g126	72.913	539	63	8	1	490	841	1345	0.0	711
PfKH01_040005700|NTS|1|1|66	QE0461-C.g670	86.364	66	8	1	1	66	1	65	1.38e-31	116
PfKH01_040005700|NTS|1|1|66	PA0050-C.g396	75.758	66	16	0	1	66	1	66	9.16e-27	102
PfKH01_040005700|NTS|1|1|66	PH0361-C.g364	75.758	66	16	0	1	66	1	66	9.71e-27	102
PfKH01_040005700|NTS|1|1|66	PA0221-C.g752	75.758	66	16	0	1	66	1	66	1.02e-26	102
PfKH01_040005700|NTS|1|1|66	QG0228-C.g2933	75.758	66	16	0	1	66	1	66	1.24e-26	102
PfKH01_040005700|DBLa|1|67|479	QE0461-C.g670	95.884	413	15	1	1	413	66	476	0.0	830
PfKH01_040005700|DBLa|1|67|479	QE0461-C.g670	24.507	355	183	10	108	413	1012	1330	2.58e-16	84.0
PfKH01_040005700|DBLa|1|67|479	PA0202-C.g629	66.744	433	111	9	1	413	63	482	0.0	551
PfKH01_040005700|DBLa|1|67|479	PA0202-C.g629	27.586	203	107	6	221	413	1204	1376	2.72e-12	71.2
PfKH01_040005700|DBLa|1|67|479	QG0218-C.g3742	65.525	438	122	9	1	413	66	499	0.0	539
PfKH01_040005700|DBLa|1|67|479	PT0052-C.g649	64.545	440	120	6	1	413	65	495	5.90e-180	553
PfKH01_040005700|DBLa|1|67|479	PT0052-C.g649	26.042	288	160	8	51	318	866	1120	1.21e-20	97.1
PfKH01_040005700|DBLa|1|67|479	PT0052-C.g649	33.913	115	71	2	221	331	1576	1689	5.72e-12	70.5
PfKH01_040005700|DBLa|1|67|479	QG0250-C.g3209	65.753	438	121	9	1	413	67	500	1.47e-178	543
PfKH01_040005700|CIDRa|1|480|764	QE0461-C.g670	96.842	285	9	0	1	285	477	761	0.0	571
PfKH01_040005700|CIDRa|1|480|764	PF0037-C.g885	85.764	288	37	2	1	285	503	789	9.79e-164	498
PfKH01_040005700|CIDRa|1|480|764	PA0057-C.g519	85.159	283	38	2	1	280	466	747	4.32e-159	486
PfKH01_040005700|CIDRa|1|480|764	PA0026-C.g226	85.159	283	38	2	1	280	503	784	5.44e-159	486
PfKH01_040005700|CIDRa|1|480|764	PC0063-C.g7717	81.034	290	47	3	1	283	501	789	7.55e-151	464
PfKH01_040005700|DBLd|1|861|1345	QE0427-C.g223	55.533	497	171	15	1	485	458	916	6.06e-152	467
PfKH01_040005700|DBLd|1|861|1345	QE0427-C.g223	24.227	194	77	6	213	405	11	135	8.85e-09	60.5
PfKH01_040005700|DBLd|1|861|1345	PM0133-C.g309	53.057	507	199	14	1	485	930	1419	5.22e-151	474
PfKH01_040005700|DBLd|1|861|1345	PM0133-C.g309	24.597	248	135	8	217	448	242	453	1.45e-09	63.2
PfKH01_040005700|DBLd|1|861|1345	PM0020-C.g1234	50.727	550	183	17	1	485	900	1426	1.88e-148	467
PfKH01_040005700|DBLd|1|861|1345	PM0020-C.g1234	27.077	325	177	14	189	485	213	505	5.45e-12	70.9
PfKH01_040005700|DBLd|1|861|1345	QE0428-C.g206	55.332	497	172	15	1	485	2256	2714	9.08e-147	466
PfKH01_040005700|DBLd|1|861|1345	QE0428-C.g206	29.829	409	190	14	1	408	1237	1549	1.36e-39	155
PfKH01_040005700|DBLd|1|861|1345	QE0428-C.g206	25.661	378	157	14	29	405	1679	1933	2.96e-26	115
PfKH01_040005700|DBLd|1|861|1345	QE0428-C.g206	29.630	108	76	0	309	416	291	398	3.54e-09	62.0
PfKH01_040005700|DBLd|1|861|1345	PH0495-CW.g561	52.115	520	191	16	1	485	880	1376	1.97e-145	457
PfKH01_040005700|DBLd|1|861|1345	PH0495-CW.g561	25.076	327	162	13	181	480	206	476	9.18e-09	60.8
PfKH01_040005700|CIDRb|1|1346|1594	PFKE09.g500	81.667	240	44	0	1	240	887	1126	1.83e-121	376
PfKH01_040005700|CIDRb|1|1346|1594	QE0465-C.g567	77.600	250	48	4	1	246	1294	1539	8.48e-110	348
PfKH01_040005700|CIDRb|1|1346|1594	PA0061-C.g584	78.481	237	46	3	1	236	1696	1928	2.18e-104	333
PfKH01_040005700|CIDRb|1|1346|1594	PM0060-C.g612	66.250	240	79	2	1	240	1408	1645	1.43e-100	323
PfKH01_040005700|CIDRb|1|1346|1594	PM0068-C.g631	62.602	246	91	1	1	246	1377	1621	1.19e-96	311
PfKH01_040005700|ATS|1|1719|2207	PV0139-C.g62	82.625	518	61	6	1	489	1704	2221	0.0	771
PfKH01_040005700|ATS|1|1719|2207	PV0239-C.g10	75.240	521	74	7	1	489	3361	3858	0.0	732
PfKH01_040005700|ATS|1|1719|2207	PA0245-C.g998	78.702	493	66	8	1	489	1706	2163	0.0	732
PfKH01_040005700|ATS|1|1719|2207	PFKE12.g465	73.166	518	82	8	1	489	1773	2262	0.0	706
PfKH01_040005700|ATS|1|1719|2207	PV0211-C.g126	76.848	514	85	10	1	489	841	1345	0.0	706
PfKH01_040005800|NTS|1|1|72	PH0279-C.g10	100.000	72	0	0	1	72	1	72	6.49e-42	146
PfKH01_040005800|NTS|1|1|72	QE0428-C.g1026	83.333	72	12	0	1	72	1	72	9.33e-33	120
PfKH01_040005800|NTS|1|1|72	QE0427-C.g1140	83.333	72	12	0	1	72	1	72	9.33e-33	120
PfKH01_040005800|NTS|1|1|72	PA0022-C.g128	78.082	73	15	1	1	72	1	73	4.35e-30	112
PfKH01_040005800|NTS|1|1|72	PT0073-C.g958	78.082	73	15	1	1	72	1	73	1.40e-29	111
PfKH01_040005800|DBLa|1|76|461	PH0279-C.g10	100.000	386	0	0	1	386	76	461	0.0	803
PfKH01_040005800|DBLa|1|76|461	PH0279-C.g10	34.138	290	159	9	116	386	1752	2028	1.41e-35	141
PfKH01_040005800|DBLa|1|76|461	PH0279-C.g10	34.328	268	147	10	19	268	2444	2700	3.14e-35	140
PfKH01_040005800|DBLa|1|76|461	PH0279-C.g10	33.916	286	131	12	57	323	857	1103	2.22e-32	131
PfKH01_040005800|DBLa|1|76|461	PH0279-C.g10	27.070	314	159	9	50	340	2859	3125	3.07e-20	95.5
PfKH01_040005800|DBLa|1|76|461	PH0279-C.g10	25.145	346	197	13	53	374	1269	1576	5.62e-17	85.5
PfKH01_040005800|DBLa|1|76|461	PfKE04.g1042	79.070	387	80	1	1	386	75	461	0.0	633
PfKH01_040005800|DBLa|1|76|461	PfKE04.g1042	29.146	398	195	12	55	386	1285	1661	4.81e-37	145
PfKH01_040005800|DBLa|1|76|461	PfKE04.g1042	28.947	304	187	7	19	316	2021	2301	3.67e-35	139
PfKH01_040005800|DBLa|1|76|461	PfKE04.g1042	29.478	268	140	11	53	320	2460	2678	2.46e-21	99.0
PfKH01_040005800|DBLa|1|76|461	PfKE04.g1042	28.013	307	184	11	50	332	883	1176	3.83e-17	85.9
PfKH01_040005800|DBLa|1|76|461	PA0205-C.g32	78.462	390	79	4	1	386	76	464	0.0	618
PfKH01_040005800|DBLa|1|76|461	PA0205-C.g32	32.370	346	193	8	10	339	2384	2704	9.51e-46	171
PfKH01_040005800|DBLa|1|76|461	PA0205-C.g32	31.649	376	197	14	2	355	802	1139	1.14e-41	159
PfKH01_040005800|DBLa|1|76|461	PA0205-C.g32	29.293	396	211	11	39	386	1660	2034	8.30e-37	144
PfKH01_040005800|DBLa|1|76|461	PA0205-C.g32	28.736	261	134	8	50	309	2806	3015	3.04e-16	83.2
PfKH01_040005800|DBLa|1|76|461	PA0205-C.g32	30.597	134	82	3	172	303	1400	1524	9.75e-11	66.2
PfKH01_040005800|DBLa|1|76|461	PF0590-C.g200	77.778	387	84	2	1	386	76	461	0.0	616
PfKH01_040005800|DBLa|1|76|461	PF0590-C.g200	30.797	276	143	7	57	316	1964	2207	7.39e-32	130
PfKH01_040005800|DBLa|1|76|461	PF0590-C.g200	26.238	404	215	16	35	386	1177	1549	7.18e-21	97.4
PfKH01_040005800|DBLa|1|76|461	PF0590-C.g200	25.150	334	183	12	9	323	2312	2597	1.10e-13	75.5
PfKH01_040005800|DBLa|1|76|461	PF0590-C.g200	25.152	330	180	10	13	319	796	1081	1.28e-13	75.1
PfKH01_040005800|DBLa|1|76|461	PF0393-CW.g13	77.778	387	84	2	1	386	76	461	0.0	615
PfKH01_040005800|DBLa|1|76|461	PF0393-CW.g13	29.529	403	209	13	36	386	1199	1578	9.00e-34	135
PfKH01_040005800|DBLa|1|76|461	PF0393-CW.g13	31.525	295	138	13	57	327	1984	2238	3.26e-27	116
PfKH01_040005800|DBLa|1|76|461	PF0393-CW.g13	24.221	289	163	9	53	319	850	1104	1.22e-10	65.9
PfKH01_040005800|CIDRg|1|462|710	PH0279-C.g10	100.000	249	0	0	1	249	462	710	1.61e-164	506
PfKH01_040005800|CIDRg|1|462|710	PH0279-C.g10	40.157	254	140	5	1	244	2029	2280	1.58e-43	159
PfKH01_040005800|CIDRg|1|462|710	PV0124-C.g6	100.000	249	0	0	1	249	463	711	3.44e-164	505
PfKH01_040005800|CIDRg|1|462|710	PV0124-C.g6	40.157	254	140	5	1	244	2030	2281	1.44e-43	159
PfKH01_040005800|CIDRg|1|462|710	PV0118-C.g13	100.000	249	0	0	1	249	463	711	3.44e-164	505
PfKH01_040005800|CIDRg|1|462|710	PV0118-C.g13	40.157	254	140	5	1	244	2030	2281	1.44e-43	159
PfKH01_040005800|CIDRg|1|462|710	PV0116-C.g16	100.000	249	0	0	1	249	463	711	3.57e-164	505
PfKH01_040005800|CIDRg|1|462|710	PV0116-C.g16	40.157	254	140	5	1	244	2030	2281	1.40e-43	159
PfKH01_040005800|CIDRg|1|462|710	QG0275-C.g1085	95.565	248	11	0	1	248	462	709	5.09e-162	480
PfKH01_040005800|DBLb|1|742|1207	PH0279-C.g10	100.000	466	0	0	1	466	742	1207	0.0	981
PfKH01_040005800|DBLb|1|742|1207	PH0279-C.g10	27.846	492	253	16	17	466	2378	2809	4.44e-37	147
PfKH01_040005800|DBLb|1|742|1207	PH0279-C.g10	33.569	283	136	10	116	362	132	398	1.03e-31	131
PfKH01_040005800|DBLb|1|742|1207	PH0279-C.g10	25.714	280	150	8	115	355	1272	1532	8.07e-21	98.6
PfKH01_040005800|DBLb|1|742|1207	PH0279-C.g10	32.530	249	121	12	102	341	2854	3064	4.72e-19	93.2
PfKH01_040005800|DBLb|1|742|1207	PV0124-C.g6	97.854	466	10	0	1	466	743	1208	0.0	958
PfKH01_040005800|DBLb|1|742|1207	PV0124-C.g6	27.846	492	253	16	17	466	2328	2759	6.88e-37	147
PfKH01_040005800|DBLb|1|742|1207	PV0124-C.g6	34.752	282	135	13	116	362	132	399	1.64e-30	128
PfKH01_040005800|DBLb|1|742|1207	PV0124-C.g6	25.623	281	151	8	115	356	1273	1534	1.14e-20	98.2
PfKH01_040005800|DBLb|1|742|1207	PV0124-C.g6	32.530	249	121	12	102	341	2804	3014	7.59e-19	92.4
PfKH01_040005800|DBLb|1|742|1207	PV0118-C.g13	97.854	466	10	0	1	466	743	1208	0.0	958
PfKH01_040005800|DBLb|1|742|1207	PV0118-C.g13	27.846	492	253	16	17	466	2328	2759	6.88e-37	147
PfKH01_040005800|DBLb|1|742|1207	PV0118-C.g13	34.752	282	135	13	116	362	132	399	1.64e-30	128
PfKH01_040005800|DBLb|1|742|1207	PV0118-C.g13	25.623	281	151	8	115	356	1273	1534	1.14e-20	98.2
PfKH01_040005800|DBLb|1|742|1207	PV0118-C.g13	32.530	249	121	12	102	341	2804	3014	7.59e-19	92.4
PfKH01_040005800|DBLb|1|742|1207	PV0116-C.g16	97.854	466	10	0	1	466	743	1208	0.0	958
PfKH01_040005800|DBLb|1|742|1207	PV0116-C.g16	27.846	492	253	16	17	466	2328	2759	6.94e-37	147
PfKH01_040005800|DBLb|1|742|1207	PV0116-C.g16	34.752	282	135	13	116	362	132	399	1.57e-30	128
PfKH01_040005800|DBLb|1|742|1207	PV0116-C.g16	25.623	281	151	8	115	356	1273	1534	1.15e-20	98.2
PfKH01_040005800|DBLb|1|742|1207	PV0116-C.g16	32.727	220	103	11	102	314	2804	2985	7.23e-16	83.2
PfKH01_040005800|DBLb|1|742|1207	PA0104-C.g216	69.729	479	110	8	1	466	735	1191	0.0	659
PfKH01_040005800|DBLb|1|742|1207	PA0104-C.g216	30.900	411	214	18	82	466	1657	2023	8.47e-48	179
PfKH01_040005800|DBLb|1|742|1207	PA0104-C.g216	31.232	349	155	17	69	364	82	398	2.44e-26	115
PfKH01_040005800|DBLb|1|742|1207	PA0104-C.g216	26.378	254	142	9	113	363	2075	2286	3.30e-14	77.8
PfKH01_040005800|DBLb|1|742|1207	PA0104-C.g216	26.821	302	168	13	112	397	1272	1536	2.61e-13	75.1
PfKH01_040005800|DBLg|1|1225|1603	PH0279-C.g10	100.000	379	0	0	1	379	1225	1603	0.0	793
PfKH01_040005800|DBLg|1|1225|1603	PH0279-C.g10	32.637	383	194	13	1	329	1610	1982	2.08e-47	175
PfKH01_040005800|DBLg|1|1225|1603	PH0279-C.g10	25.442	283	153	8	46	309	854	1097	3.30e-21	98.2
PfKH01_040005800|DBLg|1|1225|1603	PH0279-C.g10	27.675	271	145	7	45	313	2862	3083	2.53e-19	92.4
PfKH01_040005800|DBLg|1|1225|1603	PH0279-C.g10	25.145	346	197	13	45	352	128	449	9.69e-15	78.6
PfKH01_040005800|DBLg|1|1225|1603	PH0279-C.g10	24.615	325	198	12	32	335	2460	2758	4.92e-12	70.1
PfKH01_040005800|DBLg|1|1225|1603	PV0124-C.g6	100.000	379	0	0	1	379	1226	1604	0.0	792
PfKH01_040005800|DBLg|1|1225|1603	PV0124-C.g6	32.637	383	194	13	1	329	1611	1983	2.71e-47	175
PfKH01_040005800|DBLg|1|1225|1603	PV0124-C.g6	25.623	281	151	8	48	309	857	1098	3.68e-21	98.2
PfKH01_040005800|DBLg|1|1225|1603	PV0124-C.g6	27.675	271	145	7	45	313	2812	3033	3.87e-19	92.0
PfKH01_040005800|DBLg|1|1225|1603	PV0124-C.g6	23.174	397	238	12	1	352	76	450	9.03e-16	81.6
PfKH01_040005800|DBLg|1|1225|1603	PV0124-C.g6	24.615	325	198	12	32	335	2410	2708	4.78e-12	70.1
PfKH01_040005800|DBLg|1|1225|1603	PV0118-C.g13	100.000	379	0	0	1	379	1226	1604	0.0	792
PfKH01_040005800|DBLg|1|1225|1603	PV0118-C.g13	32.637	383	194	13	1	329	1611	1983	2.71e-47	175
PfKH01_040005800|DBLg|1|1225|1603	PV0118-C.g13	25.623	281	151	8	48	309	857	1098	3.68e-21	98.2
PfKH01_040005800|DBLg|1|1225|1603	PV0118-C.g13	27.675	271	145	7	45	313	2812	3033	3.87e-19	92.0
PfKH01_040005800|DBLg|1|1225|1603	PV0118-C.g13	23.174	397	238	12	1	352	76	450	9.03e-16	81.6
PfKH01_040005800|DBLg|1|1225|1603	PV0118-C.g13	24.615	325	198	12	32	335	2410	2708	4.78e-12	70.1
PfKH01_040005800|DBLg|1|1225|1603	PV0116-C.g16	100.000	379	0	0	1	379	1226	1604	0.0	791
PfKH01_040005800|DBLg|1|1225|1603	PV0116-C.g16	32.637	383	194	13	1	329	1611	1983	2.58e-47	175
PfKH01_040005800|DBLg|1|1225|1603	PV0116-C.g16	25.623	281	151	8	48	309	857	1098	3.54e-21	98.2
PfKH01_040005800|DBLg|1|1225|1603	PV0116-C.g16	23.174	397	238	12	1	352	76	450	8.54e-16	81.6
PfKH01_040005800|DBLg|1|1225|1603	PV0116-C.g16	29.648	199	103	5	45	243	2812	2973	1.47e-15	81.3
PfKH01_040005800|DBLg|1|1225|1603	PV0116-C.g16	24.615	325	198	12	32	335	2410	2708	4.65e-12	70.1
PfKH01_040005800|DBLg|1|1225|1603	PH0774-C.g743	90.237	379	37	0	1	379	1312	1690	0.0	714
PfKH01_040005800|DBLg|1|1225|1603	PH0774-C.g743	32.591	359	182	11	1	309	1697	2045	1.00e-48	179
PfKH01_040005800|DBLg|1|1225|1603	PH0774-C.g743	26.837	313	173	12	20	309	812	1091	1.25e-20	96.7
PfKH01_040005800|DBLg|1|1225|1603	PH0774-C.g743	26.246	301	166	10	40	337	2824	3071	5.36e-18	88.6
PfKH01_040005800|DBLg|1|1225|1603	PH0774-C.g743	28.339	307	165	14	19	294	94	376	1.00e-12	72.4
PfKH01_040005800|DBLg|1|1225|1603	PH0774-C.g743	23.333	270	167	6	48	308	2459	2697	5.40e-11	67.0
PfKH01_040005800|DBLd|1|1610|2028	PH0279-C.g10	100.000	419	0	0	1	419	1610	2028	0.0	877
PfKH01_040005800|DBLd|1|1610|2028	PH0279-C.g10	32.898	383	193	14	1	373	1225	1553	2.36e-47	176
PfKH01_040005800|DBLd|1|1610|2028	PH0279-C.g10	29.695	394	195	14	49	419	127	461	1.00e-33	136
PfKH01_040005800|DBLd|1|1610|2028	PH0279-C.g10	23.932	351	158	12	53	385	2865	3124	5.47e-15	80.1
PfKH01_040005800|DBLd|1|1610|2028	PH0279-C.g10	20.513	312	184	9	1	295	2430	2694	5.13e-09	61.2
PfKH01_040005800|DBLd|1|1610|2028	PV0124-C.g6	100.000	419	0	0	1	419	1611	2029	0.0	876
PfKH01_040005800|DBLd|1|1610|2028	PV0124-C.g6	32.898	383	193	14	1	373	1226	1554	2.44e-47	176
PfKH01_040005800|DBLd|1|1610|2028	PV0124-C.g6	33.540	322	184	11	109	419	160	462	8.42e-36	142
PfKH01_040005800|DBLd|1|1610|2028	PV0124-C.g6	23.932	351	158	12	53	385	2815	3074	5.08e-15	80.1
PfKH01_040005800|DBLd|1|1610|2028	PV0124-C.g6	20.513	312	184	9	1	295	2380	2644	3.26e-09	61.6
PfKH01_040005800|DBLd|1|1610|2028	PV0118-C.g13	100.000	419	0	0	1	419	1611	2029	0.0	876
PfKH01_040005800|DBLd|1|1610|2028	PV0118-C.g13	32.898	383	193	14	1	373	1226	1554	2.44e-47	176
PfKH01_040005800|DBLd|1|1610|2028	PV0118-C.g13	33.540	322	184	11	109	419	160	462	8.42e-36	142
PfKH01_040005800|DBLd|1|1610|2028	PV0118-C.g13	23.932	351	158	12	53	385	2815	3074	5.08e-15	80.1
PfKH01_040005800|DBLd|1|1610|2028	PV0118-C.g13	20.513	312	184	9	1	295	2380	2644	3.26e-09	61.6
PfKH01_040005800|DBLd|1|1610|2028	PV0116-C.g16	100.000	419	0	0	1	419	1611	2029	0.0	876
PfKH01_040005800|DBLd|1|1610|2028	PV0116-C.g16	32.898	383	193	14	1	373	1226	1554	2.55e-47	176
PfKH01_040005800|DBLd|1|1610|2028	PV0116-C.g16	33.540	322	184	11	109	419	160	462	8.65e-36	142
PfKH01_040005800|DBLd|1|1610|2028	PV0116-C.g16	22.636	349	141	11	53	385	2815	3050	3.31e-12	71.2
PfKH01_040005800|DBLd|1|1610|2028	PV0116-C.g16	20.513	312	184	9	1	295	2380	2644	3.43e-09	61.6
PfKH01_040005800|DBLd|1|1610|2028	PV0082-C.g8	89.095	431	35	5	1	419	2105	2535	0.0	775
PfKH01_040005800|DBLd|1|1610|2028	PV0082-C.g8	38.801	317	148	7	52	364	1217	1491	2.48e-54	197
PfKH01_040005800|DBLd|1|1610|2028	PV0082-C.g8	34.440	241	125	5	50	288	1618	1827	3.30e-35	140
PfKH01_040005800|DBLd|1|1610|2028	PV0082-C.g8	30.201	298	171	9	143	419	192	473	9.87e-22	100
PfKH01_040005800|DBLd|1|1610|2028	PV0082-C.g8	23.932	351	158	12	53	385	3321	3580	5.43e-15	80.1
PfKH01_040005800|DBLd|1|1610|2028	PV0082-C.g8	20.513	312	184	9	1	295	2886	3150	3.85e-09	61.6
PfKH01_040005800|DBLd|1|1610|2028	PV0082-C.g8	22.939	279	142	11	134	388	871	1100	7.48e-07	54.3
PfKH01_040005800|CIDRg|2|2029|2284	QE0465-C.g786	99.609	256	1	0	1	256	869	1124	1.50e-177	528
PfKH01_040005800|CIDRg|2|2029|2284	PV0082-C.g8	100.000	256	0	0	1	256	2536	2791	1.11e-171	527
PfKH01_040005800|CIDRg|2|2029|2284	PV0082-C.g8	32.258	93	60	2	74	163	541	633	5.60e-08	55.8
PfKH01_040005800|CIDRg|2|2029|2284	PV0134-C.g32	99.609	256	1	0	1	256	2177	2432	2.42e-171	525
PfKH01_040005800|CIDRg|2|2029|2284	PV0134-C.g32	34.343	99	62	2	74	169	544	642	4.65e-10	62.0
PfKH01_040005800|CIDRg|2|2029|2284	PH0279-C.g10	100.000	256	0	0	1	256	2029	2284	2.92e-171	526
PfKH01_040005800|CIDRg|2|2029|2284	PH0279-C.g10	40.154	259	142	6	1	256	462	710	4.80e-43	158
PfKH01_040005800|CIDRg|2|2029|2284	PD0667-C.g315	100.000	256	0	0	1	256	1263	1518	3.21e-171	525
PfKH01_040005800|DBLz|1|2329|2758	PV0082-C.g8	100.000	430	0	0	1	430	2836	3265	0.0	882
PfKH01_040005800|DBLz|1|2329|2758	PV0082-C.g8	28.365	416	218	13	66	430	771	1157	6.36e-33	134
PfKH01_040005800|DBLz|1|2329|2758	PV0082-C.g8	29.221	308	181	10	53	338	83	375	1.97e-27	118
PfKH01_040005800|DBLz|1|2329|2758	PV0082-C.g8	26.064	376	212	14	95	430	1217	1566	4.52e-16	83.6
PfKH01_040005800|DBLz|1|2329|2758	PV0082-C.g8	25.000	260	139	9	94	348	3319	3527	4.82e-12	70.9
PfKH01_040005800|DBLz|1|2329|2758	PV0082-C.g8	21.212	363	204	11	95	391	2167	2513	7.33e-10	63.9
PfKH01_040005800|DBLz|1|2329|2758	PV0082-C.g8	24.242	264	150	10	92	337	1617	1848	1.61e-07	56.6
PfKH01_040005800|DBLz|1|2329|2758	PH0279-C.g10	100.000	430	0	0	1	430	2380	2809	0.0	882
PfKH01_040005800|DBLz|1|2329|2758	PH0279-C.g10	28.266	467	244	15	13	430	783	1207	9.67e-42	160
PfKH01_040005800|DBLz|1|2329|2758	PH0279-C.g10	32.337	368	194	15	65	394	94	444	1.04e-35	142
PfKH01_040005800|DBLz|1|2329|2758	PH0279-C.g10	24.570	407	256	14	49	430	1223	1603	2.02e-17	87.8
PfKH01_040005800|DBLz|1|2329|2758	PH0279-C.g10	20.964	415	238	12	50	391	1609	2006	2.32e-12	71.6
PfKH01_040005800|DBLz|1|2329|2758	PH0279-C.g10	25.000	260	139	9	94	348	2863	3071	5.03e-12	70.9
PfKH01_040005800|DBLz|1|2329|2758	PV0124-C.g6	100.000	430	0	0	1	430	2330	2759	0.0	880
PfKH01_040005800|DBLz|1|2329|2758	PV0124-C.g6	28.480	467	243	15	13	430	784	1208	1.53e-42	162
PfKH01_040005800|DBLz|1|2329|2758	PV0124-C.g6	31.865	386	209	16	49	394	74	445	5.39e-39	152
PfKH01_040005800|DBLz|1|2329|2758	PV0124-C.g6	24.570	407	256	14	49	430	1224	1604	1.79e-17	87.8
PfKH01_040005800|DBLz|1|2329|2758	PV0124-C.g6	20.964	415	238	12	50	391	1610	2007	2.46e-12	71.6
PfKH01_040005800|DBLz|1|2329|2758	PV0124-C.g6	25.000	260	139	9	94	348	2813	3021	5.19e-12	70.9
PfKH01_040005800|DBLz|1|2329|2758	PV0118-C.g13	100.000	430	0	0	1	430	2330	2759	0.0	880
PfKH01_040005800|DBLz|1|2329|2758	PV0118-C.g13	28.480	467	243	15	13	430	784	1208	1.53e-42	162
PfKH01_040005800|DBLz|1|2329|2758	PV0118-C.g13	31.865	386	209	16	49	394	74	445	5.39e-39	152
PfKH01_040005800|DBLz|1|2329|2758	PV0118-C.g13	24.570	407	256	14	49	430	1224	1604	1.79e-17	87.8
PfKH01_040005800|DBLz|1|2329|2758	PV0118-C.g13	20.964	415	238	12	50	391	1610	2007	2.46e-12	71.6
PfKH01_040005800|DBLz|1|2329|2758	PV0118-C.g13	25.000	260	139	9	94	348	2813	3021	5.19e-12	70.9
PfKH01_040005800|DBLz|1|2329|2758	PV0116-C.g16	100.000	430	0	0	1	430	2330	2759	0.0	880
PfKH01_040005800|DBLz|1|2329|2758	PV0116-C.g16	28.480	467	243	15	13	430	784	1208	1.66e-42	162
PfKH01_040005800|DBLz|1|2329|2758	PV0116-C.g16	31.865	386	209	16	49	394	74	445	5.69e-39	152
PfKH01_040005800|DBLz|1|2329|2758	PV0116-C.g16	24.570	407	256	14	49	430	1224	1604	1.91e-17	87.8
PfKH01_040005800|DBLz|1|2329|2758	PV0116-C.g16	20.964	415	238	12	50	391	1610	2007	2.62e-12	71.6
PfKH01_040005800|DBLz|1|2329|2758	PV0116-C.g16	26.471	204	107	7	94	296	2813	2974	7.31e-12	70.1
PfKH01_040005800|DBLe|1|2763|3084	PV0082-C.g8	100.000	322	0	0	1	322	3270	3591	0.0	674
PfKH01_040005800|DBLe|1|2763|3084	PV0082-C.g8	28.137	263	151	7	43	270	1612	1871	3.48e-21	97.1
PfKH01_040005800|DBLe|1|2763|3084	PV0082-C.g8	23.797	374	178	12	30	311	2143	2501	2.28e-16	82.4
PfKH01_040005800|DBLe|1|2763|3084	PV0082-C.g8	25.188	266	150	7	48	265	1214	1478	5.68e-16	81.3
PfKH01_040005800|DBLe|1|2763|3084	PV0082-C.g8	25.523	239	131	9	55	251	805	1038	8.73e-13	71.6
PfKH01_040005800|DBLe|1|2763|3084	PV0082-C.g8	28.947	190	106	7	49	209	129	318	2.21e-12	70.5
PfKH01_040005800|DBLe|1|2763|3084	PV0082-C.g8	26.238	202	106	7	50	209	2929	3129	1.58e-11	67.8
PfKH01_040005800|DBLe|1|2763|3084	PH0279-C.g10	100.000	322	0	0	1	322	2814	3135	0.0	674
PfKH01_040005800|DBLe|1|2763|3084	PH0279-C.g10	27.070	314	159	9	46	312	125	415	5.14e-21	96.3
PfKH01_040005800|DBLe|1|2763|3084	PH0279-C.g10	32.530	249	121	12	41	251	843	1082	4.68e-20	93.6
PfKH01_040005800|DBLe|1|2763|3084	PH0279-C.g10	27.675	271	145	7	49	270	1269	1537	1.96e-19	91.7
PfKH01_040005800|DBLe|1|2763|3084	PH0279-C.g10	23.932	351	158	12	52	311	1662	1994	4.03e-15	78.6
PfKH01_040005800|DBLe|1|2763|3084	PH0279-C.g10	26.238	202	106	7	50	209	2473	2673	1.98e-11	67.4
PfKH01_040005800|DBLe|1|2763|3084	PV0124-C.g6	100.000	322	0	0	1	322	2764	3085	0.0	672
PfKH01_040005800|DBLe|1|2763|3084	PV0124-C.g6	32.530	249	121	12	41	251	844	1083	3.78e-20	93.6
PfKH01_040005800|DBLe|1|2763|3084	PV0124-C.g6	27.425	299	162	9	23	270	1244	1538	1.71e-19	91.7
PfKH01_040005800|DBLe|1|2763|3084	PV0124-C.g6	26.582	316	153	10	49	312	128	416	2.15e-18	88.6
PfKH01_040005800|DBLe|1|2763|3084	PV0124-C.g6	23.932	351	158	12	52	311	1663	1995	4.97e-15	78.6
PfKH01_040005800|DBLe|1|2763|3084	PV0124-C.g6	26.238	202	106	7	50	209	2423	2623	1.75e-11	67.8
PfKH01_040005800|DBLe|1|2763|3084	PV0118-C.g13	100.000	322	0	0	1	322	2764	3085	0.0	672
PfKH01_040005800|DBLe|1|2763|3084	PV0118-C.g13	32.530	249	121	12	41	251	844	1083	3.78e-20	93.6
PfKH01_040005800|DBLe|1|2763|3084	PV0118-C.g13	27.425	299	162	9	23	270	1244	1538	1.71e-19	91.7
PfKH01_040005800|DBLe|1|2763|3084	PV0118-C.g13	26.582	316	153	10	49	312	128	416	2.15e-18	88.6
PfKH01_040005800|DBLe|1|2763|3084	PV0118-C.g13	23.932	351	158	12	52	311	1663	1995	4.97e-15	78.6
PfKH01_040005800|DBLe|1|2763|3084	PV0118-C.g13	26.238	202	106	7	50	209	2423	2623	1.75e-11	67.8
PfKH01_040005800|DBLe|1|2763|3084	PV0230-C.g11	97.205	322	9	0	1	322	1998	2319	0.0	655
PfKH01_040005800|DBLe|1|2763|3084	PV0230-C.g11	29.392	296	142	13	38	270	102	393	4.60e-20	93.6
PfKH01_040005800|DBLe|1|2763|3084	PV0230-C.g11	25.907	193	109	6	50	209	1666	1857	5.71e-14	75.1
PfKH01_040005800|ATS|1|3134|3564	PH0279-C.g10	99.768	431	1	0	1	431	3185	3615	0.0	881
PfKH01_040005800|ATS|1|3134|3564	PF0513-C.g5231	87.442	430	45	2	2	431	2389	2809	0.0	753
PfKH01_040005800|ATS|1|3134|3564	QE0463-C.g287	85.355	437	50	5	1	431	2589	3017	0.0	736
PfKH01_040005800|ATS|1|3134|3564	PD0507-C.g826	83.333	450	45	5	2	431	2910	3349	0.0	734
PfKH01_040005800|ATS|1|3134|3564	PFKE07.g424	84.259	432	57	4	1	431	2619	3040	0.0	723
PfKH01_040017400|NTS|1|1|65	QE0418-C.g27	100.000	65	0	0	1	65	1	65	1.05e-38	136
PfKH01_040017400|NTS|1|1|65	QG0275-C.g420	100.000	65	0	0	1	65	1	65	2.27e-35	127
PfKH01_040017400|NTS|1|1|65	PV0083-C.g53	100.000	65	0	0	1	65	1	65	2.36e-35	127
PfKH01_040017400|NTS|1|1|65	PV0083-C.g81	100.000	65	0	0	1	65	1	65	4.75e-35	126
PfKH01_040017400|NTS|1|1|65	PH0279-C.g63	100.000	65	0	0	1	65	1	65	4.75e-35	126
PfKH01_040017400|DBLa|1|66|508	PV0083-C.g81	100.000	443	0	0	1	443	66	508	0.0	924
PfKH01_040017400|DBLa|1|66|508	PV0083-C.g81	25.135	370	191	15	119	443	1050	1378	5.47e-12	70.5
PfKH01_040017400|DBLa|1|66|508	PH0279-C.g63	100.000	443	0	0	1	443	66	508	0.0	924
PfKH01_040017400|DBLa|1|66|508	PH0279-C.g63	25.135	370	191	15	119	443	1050	1378	5.47e-12	70.5
PfKH01_040017400|DBLa|1|66|508	QG0184-C.g170	64.680	453	141	8	1	443	61	504	0.0	581
PfKH01_040017400|DBLa|1|66|508	QG0184-C.g170	25.714	280	149	10	123	353	1092	1361	3.35e-15	80.9
PfKH01_040017400|DBLa|1|66|508	PT0169-C.g41	65.359	459	135	11	1	443	68	518	0.0	577
PfKH01_040017400|DBLa|1|66|508	PT0169-C.g41	28.520	277	144	10	119	354	1090	1353	1.57e-19	94.4
PfKH01_040017400|DBLa|1|66|508	PC0057-C.g567	63.158	456	146	6	1	443	69	515	0.0	568
PfKH01_040017400|CIDRa|1|509|808	PV0083-C.g81	100.000	300	0	0	1	300	509	808	0.0	610
PfKH01_040017400|CIDRa|1|509|808	PH0279-C.g63	100.000	300	0	0	1	300	509	808	0.0	610
PfKH01_040017400|CIDRa|1|509|808	SenT235.08.g156	70.662	317	74	4	1	300	516	830	2.17e-132	414
PfKH01_040017400|CIDRa|1|509|808	SenT170.08.g416	70.662	317	74	4	1	300	516	830	2.17e-132	414
PfKH01_040017400|CIDRa|1|509|808	SenT058.11.g822	72.125	287	64	3	26	298	1	285	4.30e-123	383
PfKH01_040017400|DBLd|1|882|1378	PV0083-C.g81	100.000	497	0	0	1	497	882	1378	0.0	1033
PfKH01_040017400|DBLd|1|882|1378	PV0083-C.g81	25.000	256	139	9	199	441	221	436	6.99e-11	67.4
PfKH01_040017400|DBLd|1|882|1378	PH0279-C.g63	100.000	497	0	0	1	497	882	1378	0.0	1033
PfKH01_040017400|DBLd|1|882|1378	PH0279-C.g63	25.000	256	139	9	199	441	221	436	6.99e-11	67.4
PfKH01_040017400|DBLd|1|882|1378	PM0015-C.g31	84.970	499	64	4	1	497	179	668	0.0	853
PfKH01_040017400|DBLd|1|882|1378	PA0228-C.g5092	84.970	499	64	4	1	497	891	1380	0.0	848
PfKH01_040017400|DBLd|1|882|1378	PA0228-C.g5092	24.011	354	215	10	169	497	192	516	1.15e-09	63.5
PfKH01_040017400|DBLd|1|882|1378	PT0144-C.g1110	73.358	548	75	10	1	497	874	1401	0.0	779
PfKH01_040017400|DBLd|1|882|1378	PT0144-C.g1110	29.412	204	112	8	314	497	311	502	1.88e-11	69.3
PfKH01_040017400|CIDRb|1|1379|1640	PV0083-C.g81	100.000	262	0	0	1	262	1379	1640	0.0	544
PfKH01_040017400|CIDRb|1|1379|1640	PH0279-C.g63	100.000	262	0	0	1	262	1379	1640	0.0	544
PfKH01_040017400|CIDRb|1|1379|1640	PT0144-C.g1110	99.618	262	1	0	1	262	1402	1663	0.0	543
PfKH01_040017400|CIDRb|1|1379|1640	PA0197-C.g197	76.336	262	60	2	2	262	2621	2881	6.69e-128	402
PfKH01_040017400|CIDRb|1|1379|1640	PA0197-C.g197	28.571	189	117	5	76	258	541	717	4.36e-13	71.2
PfKH01_040017400|CIDRb|1|1379|1640	PH0810-C.g929	76.336	262	60	2	2	262	2615	2875	1.86e-127	400
PfKH01_040017400|CIDRb|1|1379|1640	PH0810-C.g929	23.926	163	116	5	100	258	567	725	3.74e-07	53.5
PfKH01_040017400|ATS|1|1743|2197	PV0028-C.g65	99.780	455	1	0	1	455	1639	2093	0.0	941
PfKH01_040017400|ATS|1|1743|2197	PD0518-C.g670	92.527	455	27	1	1	455	1690	2137	0.0	865
PfKH01_040017400|ATS|1|1743|2197	PV0099-C.g22	90.153	457	43	2	1	455	1757	2213	0.0	855
PfKH01_040017400|ATS|1|1743|2197	PD0585-C.g823	91.209	455	32	2	1	455	1711	2157	0.0	853
PfKH01_040017400|ATS|1|1743|2197	PH0367-C.g369	91.209	455	32	2	1	455	1614	2060	0.0	852
PfKH01_040017700|NTS|1|1|64	QG0236-C.g3244	100.000	64	0	0	1	64	1	64	8.07e-37	131
PfKH01_040017700|NTS|1|1|64	QE0418-C.g371	100.000	64	0	0	1	64	1	64	8.47e-37	131
PfKH01_040017700|NTS|1|1|64	PV0080-C.g14	100.000	64	0	0	1	64	1	64	8.47e-37	131
PfKH01_040017700|NTS|1|1|64	PH0279-C.g77	100.000	64	0	0	1	64	1	64	8.47e-37	131
PfKH01_040017700|NTS|1|1|64	PT0101-C.g533	100.000	64	0	0	1	64	1	64	1.22e-36	130
PfKH01_040017700|DBLa|1|65|469	PV0083-C.g65	100.000	405	0	0	1	405	65	469	0.0	847
PfKH01_040017700|DBLa|1|65|469	PV0083-C.g65	31.908	304	162	11	8	290	799	1078	2.74e-28	120
PfKH01_040017700|DBLa|1|65|469	PV0083-C.g65	25.000	304	183	10	34	326	1247	1516	9.56e-13	72.8
PfKH01_040017700|DBLa|1|65|469	QG0236-C.g3244	100.000	405	0	0	1	405	65	469	0.0	845
PfKH01_040017700|DBLa|1|65|469	QG0236-C.g3244	31.250	304	164	11	8	290	799	1078	2.90e-27	117
PfKH01_040017700|DBLa|1|65|469	QG0236-C.g3244	25.000	304	183	10	34	326	1247	1516	1.18e-12	72.4
PfKH01_040017700|DBLa|1|65|469	QE0418-C.g371	100.000	405	0	0	1	405	65	469	0.0	845
PfKH01_040017700|DBLa|1|65|469	QE0418-C.g371	31.908	304	162	11	8	290	799	1078	3.19e-28	119
PfKH01_040017700|DBLa|1|65|469	QE0418-C.g371	25.000	304	183	10	34	326	1247	1516	1.34e-12	72.0
PfKH01_040017700|DBLa|1|65|469	PV0080-C.g14	100.000	405	0	0	1	405	65	469	0.0	845
PfKH01_040017700|DBLa|1|65|469	PV0080-C.g14	31.908	304	162	11	8	290	799	1078	3.19e-28	119
PfKH01_040017700|DBLa|1|65|469	PV0080-C.g14	25.000	304	183	10	34	326	1247	1516	1.34e-12	72.0
PfKH01_040017700|DBLa|1|65|469	PH0279-C.g77	100.000	405	0	0	1	405	65	469	0.0	845
PfKH01_040017700|DBLa|1|65|469	PH0279-C.g77	31.908	304	162	11	8	290	799	1078	3.19e-28	119
PfKH01_040017700|DBLa|1|65|469	PH0279-C.g77	25.000	304	183	10	34	326	1247	1516	1.34e-12	72.0
PfKH01_040017700|CIDRa|1|470|716	QG0187-C.g169	98.785	247	3	0	1	247	473	719	2.16e-169	498
PfKH01_040017700|CIDRa|1|470|716	PT0101-C.g533	100.000	247	0	0	1	247	470	716	2.25e-168	507
PfKH01_040017700|CIDRa|1|470|716	QE0418-C.g371	100.000	247	0	0	1	247	470	716	2.73e-168	507
PfKH01_040017700|CIDRa|1|470|716	PV0080-C.g14	100.000	247	0	0	1	247	470	716	2.73e-168	507
PfKH01_040017700|CIDRa|1|470|716	PH0279-C.g77	100.000	247	0	0	1	247	470	716	2.73e-168	507
PfKH01_040017700|DBLb|1|735|1183	PV0083-C.g65	100.000	449	0	0	1	449	735	1183	0.0	941
PfKH01_040017700|DBLb|1|735|1183	PV0083-C.g65	30.861	337	186	13	34	344	39	354	5.39e-29	123
PfKH01_040017700|DBLb|1|735|1183	PV0083-C.g65	25.084	299	158	8	93	355	1246	1514	2.12e-14	78.2
PfKH01_040017700|DBLb|1|735|1183	QE0418-C.g371	100.000	449	0	0	1	449	735	1183	0.0	939
PfKH01_040017700|DBLb|1|735|1183	QE0418-C.g371	30.861	337	186	13	34	344	39	354	6.31e-29	122
PfKH01_040017700|DBLb|1|735|1183	QE0418-C.g371	25.084	299	158	8	93	355	1246	1514	2.13e-14	78.2
PfKH01_040017700|DBLb|1|735|1183	PV0080-C.g14	100.000	449	0	0	1	449	735	1183	0.0	939
PfKH01_040017700|DBLb|1|735|1183	PV0080-C.g14	30.861	337	186	13	34	344	39	354	6.31e-29	122
PfKH01_040017700|DBLb|1|735|1183	PV0080-C.g14	25.084	299	158	8	93	355	1246	1514	2.13e-14	78.2
PfKH01_040017700|DBLb|1|735|1183	PH0279-C.g77	100.000	449	0	0	1	449	735	1183	0.0	939
PfKH01_040017700|DBLb|1|735|1183	PH0279-C.g77	30.861	337	186	13	34	344	39	354	6.31e-29	122
PfKH01_040017700|DBLb|1|735|1183	PH0279-C.g77	25.084	299	158	8	93	355	1246	1514	2.13e-14	78.2
PfKH01_040017700|DBLb|1|735|1183	QG0246-C.g164	99.555	449	2	0	1	449	737	1185	0.0	937
PfKH01_040017700|DBLb|1|735|1183	QG0246-C.g164	29.825	399	217	15	4	355	8	390	3.24e-33	135
PfKH01_040017700|DBLb|1|735|1183	QG0246-C.g164	25.084	299	158	8	93	355	1248	1516	2.07e-14	78.2
PfKH01_040017700|DBLg|1|1215|1590	PV0083-C.g65	100.000	376	0	0	1	376	1215	1590	0.0	786
PfKH01_040017700|DBLg|1|1215|1590	PV0083-C.g65	25.084	299	158	8	32	300	827	1089	3.35e-15	79.7
PfKH01_040017700|DBLg|1|1215|1590	PV0083-C.g65	25.000	304	183	10	33	302	98	390	8.06e-13	72.4
PfKH01_040017700|DBLg|1|1215|1590	PV0094-C.g52	100.000	376	0	0	1	376	1238	1613	0.0	786
PfKH01_040017700|DBLg|1|1215|1590	PV0094-C.g52	25.484	310	170	9	32	317	845	1117	5.52e-18	88.2
PfKH01_040017700|DBLg|1|1215|1590	PV0094-C.g52	26.820	261	139	11	45	278	113	348	4.19e-10	63.9
PfKH01_040017700|DBLg|1|1215|1590	QG0246-C.g164	100.000	376	0	0	1	376	1217	1592	0.0	785
PfKH01_040017700|DBLg|1|1215|1590	QG0246-C.g164	24.749	299	159	8	32	300	829	1091	2.86e-14	77.0
PfKH01_040017700|DBLg|1|1215|1590	QG0246-C.g164	25.000	304	183	10	33	302	100	392	2.58e-13	73.9
PfKH01_040017700|DBLg|1|1215|1590	QG0236-C.g3244	100.000	376	0	0	1	376	1215	1590	0.0	785
PfKH01_040017700|DBLg|1|1215|1590	QG0236-C.g3244	24.749	299	159	8	32	300	827	1089	3.33e-14	76.6
PfKH01_040017700|DBLg|1|1215|1590	QG0236-C.g3244	25.000	304	183	10	33	302	98	390	8.04e-13	72.4
PfKH01_040017700|DBLg|1|1215|1590	QE0418-C.g371	100.000	376	0	0	1	376	1215	1590	0.0	785
PfKH01_040017700|DBLg|1|1215|1590	QE0418-C.g371	25.084	299	158	8	32	300	827	1089	4.30e-15	79.3
PfKH01_040017700|DBLg|1|1215|1590	QE0418-C.g371	25.000	304	183	10	33	302	98	390	8.49e-13	72.4
PfKH01_040017700|ATS|1|1644|2089	PFKE11.g708	75.328	458	87	6	1	446	1918	2361	0.0	677
PfKH01_040017700|ATS|1|1644|2089	PC0122-C.g20	77.060	449	85	7	2	446	2347	2781	0.0	671
PfKH01_040017700|ATS|1|1644|2089	PV0211-C.g136	78.523	447	88	6	2	446	837	1277	0.0	671
PfKH01_040017700|ATS|1|1644|2089	PFKE07.g667	73.707	464	88	8	2	446	2366	2814	0.0	656
PfKH01_040017700|ATS|1|1644|2089	QG0296-C.g5597	73.866	463	98	11	1	446	1002	1458	0.0	655
PfKH01_040017800|NTS|1|1|65	QE0474-C.g90	91.379	58	5	0	8	65	7	64	3.50e-26	100
PfKH01_040017800|NTS|1|1|65	PH0510-C.g68	80.000	65	12	1	1	65	1	64	6.30e-26	100
PfKH01_040017800|NTS|1|1|65	PV0117-C.g134	76.119	67	14	2	1	65	1	67	2.32e-25	98.6
PfKH01_040017800|NTS|1|1|65	PT0156-C.g69	73.846	65	17	0	1	65	1	65	2.74e-25	98.6
PfKH01_040017800|NTS|1|1|65	QG0236-C.g2392	82.812	64	10	1	1	64	1	63	6.80e-25	97.4
PfKH01_040017800|DBLa|1|66|509	QE0469-C.g89	96.404	445	14	2	1	444	71	514	0.0	882
PfKH01_040017800|DBLa|1|66|509	PM0062-C.g456	73.051	449	88	7	18	444	74	511	0.0	627
PfKH01_040017800|DBLa|1|66|509	PM0062-C.g456	29.082	196	98	6	249	444	1275	1429	1.17e-12	72.8
PfKH01_040017800|DBLa|1|66|509	QG0253-C.g3186	68.085	470	112	11	1	444	66	523	0.0	611
PfKH01_040017800|DBLa|1|66|509	QG0253-C.g3186	24.891	229	125	6	160	346	1128	1351	9.93e-10	63.5
PfKH01_040017800|DBLa|1|66|509	PT0219-C.g437	67.880	467	102	13	9	444	69	518	0.0	597
PfKH01_040017800|DBLa|1|66|509	PT0219-C.g437	23.383	402	209	14	98	444	1042	1399	9.14e-14	76.3
PfKH01_040017800|DBLa|1|66|509	SenT125.11.g118	68.680	447	113	12	18	444	78	517	0.0	585
PfKH01_040017800|DBLa|1|66|509	SenT125.11.g118	22.887	284	157	8	115	343	1091	1367	3.50e-09	61.6
PfKH01_040017800|CIDRa|1|510|814	QE0469-C.g89	100.000	305	0	0	1	305	515	819	0.0	621
PfKH01_040017800|CIDRa|1|510|814	SenT125.11.g118	83.923	311	41	4	1	305	518	825	1.94e-153	472
PfKH01_040017800|CIDRa|1|510|814	SenT092.08.g772	83.923	311	41	4	1	305	518	825	1.99e-153	473
PfKH01_040017800|CIDRa|1|510|814	PM0062-C.g456	83.228	316	38	4	1	305	512	823	3.00e-144	447
PfKH01_040017800|CIDRa|1|510|814	PF0282-C.g421	76.527	311	53	5	1	305	518	814	5.63e-134	419
PfKH01_040017800|DBLd|1|895|1404	PV0083-C.g53	87.255	510	16	3	1	510	920	1380	0.0	899
PfKH01_040017800|DBLd|1|895|1404	PV0083-C.g53	23.377	385	207	12	182	510	165	517	2.48e-13	75.5
PfKH01_040017800|DBLd|1|895|1404	PA0180-C.g541	56.354	543	192	12	1	510	906	1436	0.0	561
PfKH01_040017800|DBLd|1|895|1404	PA0180-C.g541	24.682	393	193	14	182	510	171	524	2.21e-13	75.5
PfKH01_040017800|DBLd|1|895|1404	PV0088-C.g51	56.920	513	173	10	1	510	459	926	3.84e-174	527
PfKH01_040017800|DBLd|1|895|1404	PV0088-C.g51	30.357	112	70	2	336	446	60	164	8.11e-08	57.8
PfKH01_040017800|DBLd|1|895|1404	PC0054-C.g205	58.380	531	152	16	1	510	906	1388	1.46e-173	535
PfKH01_040017800|DBLd|1|895|1404	PC0054-C.g205	30.519	154	84	3	336	473	321	467	9.46e-12	70.5
PfKH01_040017800|DBLd|1|895|1404	PT0219-C.g598	58.380	531	152	16	1	510	906	1388	1.65e-173	535
PfKH01_040017800|DBLd|1|895|1404	PT0219-C.g598	30.519	154	84	3	336	473	321	467	9.38e-12	70.5
PfKH01_040017800|CIDRb|1|1405|1660	PT0219-C.g598	96.875	256	8	0	1	256	1389	1644	1.88e-167	507
PfKH01_040017800|CIDRb|1|1405|1660	PC0054-C.g205	96.875	256	8	0	1	256	1389	1644	1.99e-167	507
PfKH01_040017800|CIDRb|1|1405|1660	PA0180-C.g541	96.875	256	8	0	1	256	1437	1692	4.19e-167	507
PfKH01_040017800|CIDRb|1|1405|1660	PV0083-C.g53	93.750	256	2	2	1	256	1381	1622	1.52e-157	480
PfKH01_040017800|CIDRb|1|1405|1660	PV0083-C.g53	26.667	150	92	3	106	253	678	811	2.30e-07	53.9
PfKH01_040017800|CIDRb|1|1405|1660	PF0789-C.g677	78.571	252	52	2	1	250	1368	1619	2.46e-123	387
PfKH01_040017800|ATS|1|1761|2231	PD0561-C.g263	77.386	482	72	10	1	471	2424	2879	0.0	711
PfKH01_040017800|ATS|1|1761|2231	PV0147-C.g7	80.720	472	57	10	1	471	1761	2199	0.0	708
PfKH01_040017800|ATS|1|1761|2231	PFKE09.g563	79.114	474	64	10	1	471	775	1216	0.0	694
PfKH01_040017800|ATS|1|1761|2231	QE0436-C.g591	76.181	508	66	8	1	471	1702	2191	0.0	692
PfKH01_040017800|ATS|1|1761|2231	PV0211-C.g126	76.517	511	74	13	1	471	841	1345	0.0	691
PfKH01_040018100|NTS|1|1|65	QE0418-C.g27	100.000	65	0	0	1	65	1	65	1.05e-38	136
PfKH01_040018100|NTS|1|1|65	QG0275-C.g420	100.000	65	0	0	1	65	1	65	2.27e-35	127
PfKH01_040018100|NTS|1|1|65	PV0083-C.g53	100.000	65	0	0	1	65	1	65	2.36e-35	127
PfKH01_040018100|NTS|1|1|65	PV0083-C.g81	100.000	65	0	0	1	65	1	65	4.75e-35	126
PfKH01_040018100|NTS|1|1|65	PH0279-C.g63	100.000	65	0	0	1	65	1	65	4.75e-35	126
PfKH01_040018100|DBLa|1|66|517	PV0083-C.g53	100.000	452	0	0	1	452	66	517	0.0	944
PfKH01_040018100|DBLa|1|66|517	PV0083-C.g53	23.175	315	178	8	170	452	1098	1380	6.53e-13	73.6
PfKH01_040018100|DBLa|1|66|517	QE0418-C.g27	99.115	452	4	0	1	452	66	517	0.0	935
PfKH01_040018100|DBLa|1|66|517	QG0275-C.g420	72.516	473	98	7	1	452	66	527	0.0	654
PfKH01_040018100|DBLa|1|66|517	QG0275-C.g420	26.647	334	173	12	135	452	1130	1407	4.11e-19	93.2
PfKH01_040018100|DBLa|1|66|517	QG0271-C.g185	69.481	462	118	9	1	452	64	512	0.0	628
PfKH01_040018100|DBLa|1|66|517	QG0271-C.g185	28.184	369	163	13	57	414	949	1226	5.65e-25	111
PfKH01_040018100|DBLa|1|66|517	QG0271-C.g185	27.559	254	150	8	121	351	1905	2147	2.46e-17	87.8
PfKH01_040018100|DBLa|1|66|517	QG0271-C.g185	23.077	312	179	11	46	349	1339	1597	2.12e-07	56.2
PfKH01_040018100|DBLa|1|66|517	QG0269-C.g32	69.481	462	118	9	1	452	64	512	0.0	628
PfKH01_040018100|DBLa|1|66|517	QG0269-C.g32	28.184	369	163	13	57	414	949	1226	5.65e-25	111
PfKH01_040018100|DBLa|1|66|517	QG0269-C.g32	27.559	254	150	8	121	351	1905	2147	2.46e-17	87.8
PfKH01_040018100|DBLa|1|66|517	QG0269-C.g32	23.077	312	179	11	46	349	1339	1597	2.12e-07	56.2
PfKH01_040018100|CIDRa|1|518|839	PV0083-C.g53	100.000	322	0	0	1	322	518	839	0.0	662
PfKH01_040018100|CIDRa|1|518|839	PV0083-C.g53	31.206	141	83	5	161	294	1486	1619	4.19e-08	57.0
PfKH01_040018100|CIDRa|1|518|839	QE0418-C.g27	100.000	322	0	0	1	322	518	839	0.0	660
PfKH01_040018100|CIDRa|1|518|839	PV0099-C.g91	99.379	322	2	0	1	322	525	846	0.0	658
PfKH01_040018100|CIDRa|1|518|839	QG0282-C.g539	76.190	315	65	2	1	315	527	831	3.59e-150	464
PfKH01_040018100|CIDRa|1|518|839	PFKE07.g932	74.074	324	65	5	1	322	521	827	1.26e-149	466
PfKH01_040018100|CIDRa|1|518|839	PFKE07.g932	43.939	66	35	2	157	222	1515	1578	2.14e-08	58.2
PfKH01_040018100|DBLd|1|920|1381	PV0083-C.g53	77.119	472	87	7	1	462	920	1380	0.0	660
PfKH01_040018100|DBLd|1|920|1381	PV0083-C.g53	24.079	407	227	11	102	462	147	517	6.89e-21	98.6
PfKH01_040018100|DBLd|1|920|1381	PV0088-C.g51	61.258	493	135	9	1	462	459	926	0.0	569
PfKH01_040018100|DBLd|1|920|1381	PV0088-C.g51	38.462	104	63	1	287	389	60	163	3.84e-15	80.9
PfKH01_040018100|DBLd|1|920|1381	SenT165.09.g4260	56.439	528	116	12	17	462	235	730	0.0	538
PfKH01_040018100|DBLd|1|920|1381	PV0276-C.g46	57.249	538	122	14	1	462	885	1390	2.02e-180	551
PfKH01_040018100|DBLd|1|920|1381	PV0276-C.g46	25.140	358	205	11	146	462	182	517	4.52e-19	93.2
PfKH01_040018100|DBLd|1|920|1381	QE0452-C.g494	57.249	538	122	14	1	462	885	1390	3.04e-180	551
PfKH01_040018100|DBLd|1|920|1381	QE0452-C.g494	25.140	358	205	11	146	462	182	517	3.97e-19	93.2
PfKH01_040018100|CIDRg|1|1382|1642	SenT165.09.g4260	100.000	261	0	0	1	261	731	991	0.0	544
PfKH01_040018100|CIDRg|1|1382|1642	PH0305-C.g400	100.000	261	0	0	1	261	1350	1610	0.0	542
PfKH01_040018100|CIDRg|1|1382|1642	PV0276-C.g46	100.000	261	0	0	1	261	1391	1651	1.30e-180	542
PfKH01_040018100|CIDRg|1|1382|1642	PT0118-C.g503	100.000	261	0	0	1	261	1386	1646	1.43e-180	542
PfKH01_040018100|CIDRg|1|1382|1642	PA0232-C.g509	100.000	261	0	0	1	261	1386	1646	1.78e-180	542
PfKH01_040018100|ATS|1|1747|2218	PV0133-C.g19	95.339	472	22	0	1	472	2312	2783	0.0	899
PfKH01_040018100|ATS|1|1747|2218	PV0124-C.g72	87.002	477	49	3	1	472	827	1295	0.0	798
PfKH01_040018100|ATS|1|1747|2218	PFKE12.g150	81.702	470	74	6	1	467	1774	2234	0.0	749
PfKH01_040018100|ATS|1|1747|2218	PM0146-C.g516	85.315	429	61	2	39	467	1963	2389	0.0	734
PfKH01_040018100|ATS|1|1747|2218	PM0146-C.g516	67.841	227	49	4	1	203	1736	1962	5.65e-89	299
PfKH01_040018100|ATS|1|1747|2218	PF0092-C.g708	79.835	486	76	5	1	472	1720	2197	0.0	734
PfKH01_040018300|NTS|1|1|65	QE0418-C.g27	100.000	65	0	0	1	65	1	65	1.05e-38	136
PfKH01_040018300|NTS|1|1|65	QG0275-C.g420	100.000	65	0	0	1	65	1	65	2.27e-35	127
PfKH01_040018300|NTS|1|1|65	PV0083-C.g53	100.000	65	0	0	1	65	1	65	2.36e-35	127
PfKH01_040018300|NTS|1|1|65	PV0083-C.g81	100.000	65	0	0	1	65	1	65	4.75e-35	126
PfKH01_040018300|NTS|1|1|65	PH0279-C.g63	100.000	65	0	0	1	65	1	65	4.75e-35	126
PfKH01_040018300|DBLa|1|66|517	PV0083-C.g53	100.000	452	0	0	1	452	66	517	0.0	944
PfKH01_040018300|DBLa|1|66|517	PV0083-C.g53	23.175	315	178	8	170	452	1098	1380	6.53e-13	73.6
PfKH01_040018300|DBLa|1|66|517	QE0418-C.g27	99.115	452	4	0	1	452	66	517	0.0	935
PfKH01_040018300|DBLa|1|66|517	QG0275-C.g420	72.516	473	98	7	1	452	66	527	0.0	654
PfKH01_040018300|DBLa|1|66|517	QG0275-C.g420	26.647	334	173	12	135	452	1130	1407	4.11e-19	93.2
PfKH01_040018300|DBLa|1|66|517	QG0271-C.g185	69.481	462	118	9	1	452	64	512	0.0	628
PfKH01_040018300|DBLa|1|66|517	QG0271-C.g185	28.184	369	163	13	57	414	949	1226	5.65e-25	111
PfKH01_040018300|DBLa|1|66|517	QG0271-C.g185	27.559	254	150	8	121	351	1905	2147	2.46e-17	87.8
PfKH01_040018300|DBLa|1|66|517	QG0271-C.g185	23.077	312	179	11	46	349	1339	1597	2.12e-07	56.2
PfKH01_040018300|DBLa|1|66|517	QG0269-C.g32	69.481	462	118	9	1	452	64	512	0.0	628
PfKH01_040018300|DBLa|1|66|517	QG0269-C.g32	28.184	369	163	13	57	414	949	1226	5.65e-25	111
PfKH01_040018300|DBLa|1|66|517	QG0269-C.g32	27.559	254	150	8	121	351	1905	2147	2.46e-17	87.8
PfKH01_040018300|DBLa|1|66|517	QG0269-C.g32	23.077	312	179	11	46	349	1339	1597	2.12e-07	56.2
PfKH01_040018300|CIDRa|1|518|839	PV0083-C.g53	100.000	322	0	0	1	322	518	839	0.0	662
PfKH01_040018300|CIDRa|1|518|839	PV0083-C.g53	31.206	141	83	5	161	294	1486	1619	4.19e-08	57.0
PfKH01_040018300|CIDRa|1|518|839	QE0418-C.g27	100.000	322	0	0	1	322	518	839	0.0	660
PfKH01_040018300|CIDRa|1|518|839	PV0099-C.g91	99.379	322	2	0	1	322	525	846	0.0	658
PfKH01_040018300|CIDRa|1|518|839	QG0282-C.g539	76.190	315	65	2	1	315	527	831	3.59e-150	464
PfKH01_040018300|CIDRa|1|518|839	PFKE07.g932	74.074	324	65	5	1	322	521	827	1.26e-149	466
PfKH01_040018300|CIDRa|1|518|839	PFKE07.g932	43.939	66	35	2	157	222	1515	1578	2.14e-08	58.2
PfKH01_040018300|DBLd|1|920|1400	PH0279-C.g72	89.173	508	28	3	1	481	538	1045	0.0	898
PfKH01_040018300|DBLd|1|920|1400	PM0060-C.g930	56.788	523	152	16	1	481	866	1356	2.08e-170	525
PfKH01_040018300|DBLd|1|920|1400	PM0060-C.g930	25.000	388	194	14	142	481	161	499	2.58e-14	78.2
PfKH01_040018300|DBLd|1|920|1400	QG0261-C.g752	56.562	541	150	20	1	481	816	1331	5.92e-166	513
PfKH01_040018300|DBLd|1|920|1400	QG0261-C.g752	23.014	365	196	17	148	481	171	481	1.61e-10	66.2
PfKH01_040018300|DBLd|1|920|1400	PA0203-C.g739	51.636	550	184	12	1	481	831	1367	2.95e-164	509
PfKH01_040018300|DBLd|1|920|1400	PA0203-C.g739	23.099	355	217	12	143	481	171	485	3.78e-17	87.4
PfKH01_040018300|DBLd|1|920|1400	PA0039-C.g97	51.356	553	184	17	1	481	1756	2295	4.19e-149	473
PfKH01_040018300|DBLd|1|920|1400	PA0039-C.g97	28.606	416	192	17	1	412	1348	1662	4.08e-31	130
PfKH01_040018300|DBLd|1|920|1400	PA0039-C.g97	25.926	297	145	16	227	481	250	513	5.01e-10	64.7
PfKH01_040018300|CIDRb|1|1401|1662	PH0279-C.g72	100.000	262	0	0	1	262	1046	1307	0.0	538
PfKH01_040018300|CIDRb|1|1401|1662	PM0060-C.g930	99.618	262	1	0	1	262	1357	1618	4.05e-178	536
PfKH01_040018300|CIDRb|1|1401|1662	PM0015-C.g31	62.921	267	87	6	1	262	669	928	1.88e-98	311
PfKH01_040018300|CIDRb|1|1401|1662	PA0228-C.g5092	62.921	267	87	6	1	262	1381	1640	7.73e-96	310
PfKH01_040018300|CIDRb|1|1401|1662	PA0228-C.g5092	35.294	102	58	4	95	193	647	743	1.22e-07	54.7
PfKH01_040018300|CIDRb|1|1401|1662	PF0145-C.g590	58.148	270	94	6	1	258	579	841	1.03e-88	285
PfKH01_040018300|ATS|1|1790|2287	PFKE11.g671	94.177	498	27	1	1	498	2046	2541	0.0	955
PfKH01_040018300|ATS|1|1790|2287	PD0590-C.g548	82.591	494	55	7	1	493	2191	2654	0.0	810
PfKH01_040018300|ATS|1|1790|2287	PD0585-C.g522	82.591	494	55	7	1	493	2191	2654	0.0	810
PfKH01_040018300|ATS|1|1790|2287	PA0221-C.g780	79.208	505	65	6	1	498	1803	2274	0.0	755
PfKH01_040018300|ATS|1|1790|2287	PA0214-C.g1007	73.929	537	97	9	1	498	995	1527	0.0	738
PfKH01_040018500|NTS|1|1|65	PM0060-C.g930	100.000	65	0	0	1	65	1	65	1.17e-38	136
PfKH01_040018500|NTS|1|1|65	PV0083-C.g35	100.000	65	0	0	1	65	1	65	1.18e-38	136
PfKH01_040018500|NTS|1|1|65	QE0454-C.g516	100.000	65	0	0	1	65	1	65	1.34e-38	136
PfKH01_040018500|NTS|1|1|65	PT0242-Cx.g63	100.000	65	0	0	1	65	1	65	1.88e-38	135
PfKH01_040018500|NTS|1|1|65	SenT231.08.g289	100.000	65	0	0	1	65	1	65	4.10e-36	129
PfKH01_040018500|DBLa|1|66|509	PV0083-C.g35	100.000	444	0	0	1	444	66	509	0.0	936
PfKH01_040018500|DBLa|1|66|509	PV0083-C.g35	23.377	231	124	9	98	286	1086	1305	6.29e-07	54.3
PfKH01_040018500|DBLa|1|66|509	QE0454-C.g516	100.000	444	0	0	1	444	66	509	0.0	935
PfKH01_040018500|DBLa|1|66|509	QE0454-C.g516	25.830	271	144	7	126	354	1148	1403	6.85e-16	82.8
PfKH01_040018500|DBLa|1|66|509	PT0242-Cx.g63	100.000	444	0	0	1	444	66	509	0.0	935
PfKH01_040018500|DBLa|1|66|509	PM0060-C.g930	85.586	444	54	3	1	444	66	499	0.0	760
PfKH01_040018500|DBLa|1|66|509	PM0060-C.g930	25.762	361	174	15	124	444	1050	1356	1.76e-16	84.7
PfKH01_040018500|DBLa|1|66|509	SenT231.08.g289	81.982	444	64	4	1	444	66	493	0.0	745
PfKH01_040018500|DBLa|1|66|509	SenT231.08.g289	25.188	266	151	11	121	356	1080	1327	5.74e-13	73.9
PfKH01_040018500|CIDRa|1|510|804	PV0083-C.g35	100.000	295	0	0	1	295	510	804	0.0	607
PfKH01_040018500|CIDRa|1|510|804	QE0454-C.g516	100.000	295	0	0	1	295	510	804	0.0	605
PfKH01_040018500|CIDRa|1|510|804	PT0242-Cx.g63	100.000	295	0	0	1	295	510	804	0.0	604
PfKH01_040018500|CIDRa|1|510|804	PH0279-C.g72	100.000	295	0	0	1	295	140	434	0.0	604
PfKH01_040018500|CIDRa|1|510|804	PH0279-C.g72	30.000	150	101	4	144	292	1152	1298	4.35e-07	53.5
PfKH01_040018500|CIDRa|1|510|804	SenT044.10.g1081	64.127	315	88	8	1	292	516	828	1.74e-113	352
PfKH01_040018500|DBLd|1|866|1373	PH0279-C.g72	100.000	508	0	0	1	508	538	1045	0.0	1054
PfKH01_040018500|DBLd|1|866|1373	PM0060-C.g930	67.113	523	125	13	1	508	866	1356	0.0	659
PfKH01_040018500|DBLd|1|866|1373	PM0060-C.g930	25.000	388	194	14	169	508	161	499	4.10e-14	77.8
PfKH01_040018500|DBLd|1|866|1373	PA0203-C.g739	55.978	552	184	14	1	508	831	1367	0.0	564
PfKH01_040018500|DBLd|1|866|1373	PA0203-C.g739	23.099	355	217	12	170	508	171	485	6.05e-17	87.0
PfKH01_040018500|DBLd|1|866|1373	QG0261-C.g752	59.116	543	160	21	1	508	816	1331	6.38e-174	535
PfKH01_040018500|DBLd|1|866|1373	QG0261-C.g752	23.288	365	195	17	175	508	171	481	2.39e-10	65.9
PfKH01_040018500|DBLd|1|866|1373	QE0437-C.g511	53.546	564	182	18	1	508	1202	1741	1.56e-158	499
PfKH01_040018500|DBLd|1|866|1373	QE0437-C.g511	27.509	269	139	10	254	508	239	465	1.44e-13	76.3
PfKH01_040018500|CIDRb|1|1374|1635	PH0279-C.g72	100.000	262	0	0	1	262	1046	1307	0.0	538
PfKH01_040018500|CIDRb|1|1374|1635	PM0060-C.g930	99.618	262	1	0	1	262	1357	1618	4.05e-178	536
PfKH01_040018500|CIDRb|1|1374|1635	PM0015-C.g31	62.921	267	87	6	1	262	669	928	1.88e-98	311
PfKH01_040018500|CIDRb|1|1374|1635	PA0228-C.g5092	62.921	267	87	6	1	262	1381	1640	7.73e-96	310
PfKH01_040018500|CIDRb|1|1374|1635	PA0228-C.g5092	35.294	102	58	4	95	193	647	743	1.22e-07	54.7
PfKH01_040018500|CIDRb|1|1374|1635	PF0145-C.g590	58.148	270	94	6	1	258	579	841	1.03e-88	285
PfKH01_040018500|ATS|1|1763|2260	PFKE11.g671	94.177	498	27	1	1	498	2046	2541	0.0	955
PfKH01_040018500|ATS|1|1763|2260	PD0590-C.g548	82.591	494	55	7	1	493	2191	2654	0.0	810
PfKH01_040018500|ATS|1|1763|2260	PD0585-C.g522	82.591	494	55	7	1	493	2191	2654	0.0	810
PfKH01_040018500|ATS|1|1763|2260	PA0221-C.g780	79.208	505	65	6	1	498	1803	2274	0.0	755
PfKH01_040018500|ATS|1|1763|2260	PA0214-C.g1007	73.929	537	97	9	1	498	995	1527	0.0	738
PfKH01_040026100|NTS|1|1|60	QG0203-C.g595	100.000	60	0	0	1	60	1	60	4.13e-35	126
PfKH01_040026100|NTS|1|1|60	PH0279-C.g83	100.000	60	0	0	1	60	1	60	5.26e-35	125
PfKH01_040026100|NTS|1|1|60	PV0288-C.g16	100.000	60	0	0	1	60	1	60	5.26e-35	125
PfKH01_040026100|NTS|1|1|60	PA0220-C.g635	100.000	60	0	0	1	60	1	60	5.36e-35	125
PfKH01_040026100|NTS|1|1|60	PFKE11.g20	100.000	60	0	0	1	60	1	60	5.79e-35	125
PfKH01_040026100|DBLa|1|61|463	PH0704-C.g1013	100.000	403	0	0	1	403	61	463	0.0	844
PfKH01_040026100|DBLa|1|61|463	PH0704-C.g1013	30.831	373	193	18	1	356	806	1130	2.34e-28	120
PfKH01_040026100|DBLa|1|61|463	PH0704-C.g1013	26.768	396	241	11	36	403	1622	1996	5.91e-24	107
PfKH01_040026100|DBLa|1|61|463	PH0704-C.g1013	25.743	303	170	10	51	342	1252	1510	3.44e-13	73.9
PfKH01_040026100|DBLa|1|61|463	PV0288-C.g16	100.000	403	0	0	1	403	61	463	0.0	842
PfKH01_040026100|DBLa|1|61|463	PV0288-C.g16	30.458	371	197	17	1	356	806	1130	2.40e-28	120
PfKH01_040026100|DBLa|1|61|463	PV0288-C.g16	26.768	396	241	11	36	403	1622	1996	6.23e-24	107
PfKH01_040026100|DBLa|1|61|463	PV0288-C.g16	25.743	303	170	10	51	342	1252	1510	4.45e-13	73.6
PfKH01_040026100|DBLa|1|61|463	PH0279-C.g83	100.000	403	0	0	1	403	61	463	0.0	842
PfKH01_040026100|DBLa|1|61|463	PH0279-C.g83	30.458	371	197	17	1	356	806	1130	1.60e-28	120
PfKH01_040026100|DBLa|1|61|463	SenT128.08.g315	97.767	403	9	0	1	403	63	465	0.0	827
PfKH01_040026100|DBLa|1|61|463	SenT128.08.g315	30.728	371	196	17	1	356	807	1131	8.30e-29	121
PfKH01_040026100|DBLa|1|61|463	SenT128.08.g315	29.667	300	160	8	117	403	1351	1612	7.20e-20	94.7
PfKH01_040026100|DBLa|1|61|463	PT0240-C.g191	98.015	403	7	1	1	403	61	462	0.0	825
PfKH01_040026100|DBLa|1|61|463	PT0240-C.g191	30.728	371	196	17	1	356	805	1129	8.26e-29	121
PfKH01_040026100|DBLa|1|61|463	PT0240-C.g191	29.667	300	160	8	117	403	1349	1610	5.64e-20	95.1
PfKH01_040026100|CIDRa|1|464|710	PH0279-C.g83	100.000	247	0	0	1	247	464	710	2.87e-172	507
PfKH01_040026100|CIDRa|1|464|710	PH0704-C.g1013	100.000	247	0	0	1	247	464	710	3.05e-165	508
PfKH01_040026100|CIDRa|1|464|710	PH0704-C.g1013	27.778	216	145	6	37	244	2032	2244	5.75e-15	76.3
PfKH01_040026100|CIDRa|1|464|710	PV0288-C.g16	100.000	247	0	0	1	247	464	710	3.66e-165	507
PfKH01_040026100|CIDRa|1|464|710	PV0288-C.g16	27.778	216	145	6	37	244	2032	2244	3.86e-15	77.0
PfKH01_040026100|CIDRa|1|464|710	PA0220-C.g635	93.927	247	14	1	1	247	464	709	2.43e-157	470
PfKH01_040026100|CIDRa|1|464|710	PM0108-C.g762	92.713	247	18	0	1	247	463	709	7.15e-156	470
PfKH01_040026100|DBLb|1|742|1193	PH0704-C.g1013	100.000	452	0	0	1	452	742	1193	0.0	951
PfKH01_040026100|DBLb|1|742|1193	PH0704-C.g1013	31.694	366	197	18	5	336	5	351	3.81e-28	120
PfKH01_040026100|DBLb|1|742|1193	PH0704-C.g1013	28.571	266	141	10	111	354	1253	1491	3.62e-18	90.1
PfKH01_040026100|DBLb|1|742|1193	PH0704-C.g1013	23.377	308	151	13	113	354	1639	1927	1.14e-07	57.0
PfKH01_040026100|DBLb|1|742|1193	PV0288-C.g16	100.000	452	0	0	1	452	742	1193	0.0	947
PfKH01_040026100|DBLb|1|742|1193	PV0288-C.g16	31.694	366	197	18	5	336	5	351	5.77e-28	120
PfKH01_040026100|DBLb|1|742|1193	PV0288-C.g16	28.205	273	147	10	104	354	1246	1491	3.38e-18	90.1
PfKH01_040026100|DBLb|1|742|1193	PV0288-C.g16	23.377	308	151	13	113	354	1639	1927	1.71e-07	56.6
PfKH01_040026100|DBLb|1|742|1193	PA0208-C.g19	96.239	452	15	1	1	452	743	1192	0.0	915
PfKH01_040026100|DBLb|1|742|1193	PA0208-C.g19	30.239	377	202	17	5	335	5	366	3.10e-28	120
PfKH01_040026100|DBLb|1|742|1193	PT0240-C.g191	96.239	452	15	1	1	452	741	1190	0.0	915
PfKH01_040026100|DBLb|1|742|1193	PT0240-C.g191	29.144	374	209	15	5	335	5	365	2.13e-27	118
PfKH01_040026100|DBLb|1|742|1193	QG0295-C.g2472	96.239	452	15	1	1	452	170	619	0.0	914
PfKH01_040026100|DBLg|1|1211|1568	PH0279-C.g28	100.000	358	0	0	1	358	84	441	0.0	754
PfKH01_040026100|DBLg|1|1211|1568	PH0279-C.g28	31.200	375	187	8	1	310	461	829	1.26e-48	178
PfKH01_040026100|DBLg|1|1211|1568	PH0704-C.g1013	100.000	358	0	0	1	358	1211	1568	0.0	750
PfKH01_040026100|DBLg|1|1211|1568	PH0704-C.g1013	31.200	375	187	8	1	310	1588	1956	2.22e-48	177
PfKH01_040026100|DBLg|1|1211|1568	PH0704-C.g1013	28.205	273	147	10	36	281	845	1095	8.88e-19	90.5
PfKH01_040026100|DBLg|1|1211|1568	PH0704-C.g1013	25.279	269	148	9	42	266	111	370	1.66e-10	65.1
PfKH01_040026100|DBLg|1|1211|1568	PV0288-C.g16	100.000	358	0	0	1	358	1211	1568	0.0	747
PfKH01_040026100|DBLg|1|1211|1568	PV0288-C.g16	31.200	375	187	8	1	310	1588	1956	3.15e-48	177
PfKH01_040026100|DBLg|1|1211|1568	PV0288-C.g16	28.205	273	147	10	36	281	845	1095	1.12e-18	90.1
PfKH01_040026100|DBLg|1|1211|1568	PV0288-C.g16	25.279	269	148	9	42	266	111	370	1.86e-10	65.1
PfKH01_040026100|DBLg|1|1211|1568	PA0008-C.g481	76.177	361	76	4	1	358	1207	1560	0.0	555
PfKH01_040026100|DBLg|1|1211|1568	PA0008-C.g481	25.519	337	199	10	34	323	103	434	2.52e-18	89.0
PfKH01_040026100|DBLg|1|1211|1568	PA0008-C.g481	26.054	261	156	9	45	280	843	1091	3.62e-17	85.5
PfKH01_040026100|DBLg|1|1211|1568	PA0008-C.g481	27.341	267	162	8	43	281	1683	1945	1.95e-13	74.3
PfKH01_040026100|DBLg|1|1211|1568	SenT231.08.g102	69.355	372	96	7	1	358	793	1160	2.47e-164	506
PfKH01_040026100|DBLg|1|1211|1568	SenT231.08.g102	30.933	375	188	8	1	310	1180	1548	3.47e-48	177
PfKH01_040026100|DBLg|1|1211|1568	SenT231.08.g102	25.283	265	145	7	43	281	449	686	5.79e-16	82.0
PfKH01_040026100|DBLd|1|1588|1996	PH0279-C.g28	100.000	409	0	0	1	409	461	869	0.0	844
PfKH01_040026100|DBLd|1|1588|1996	PH0279-C.g28	31.742	356	172	8	1	350	84	374	1.43e-48	179
PfKH01_040026100|DBLd|1|1588|1996	PA0085-C.g155	100.000	409	0	0	1	409	1576	1984	0.0	842
PfKH01_040026100|DBLd|1|1588|1996	PA0085-C.g155	36.158	354	169	10	1	350	1189	1489	2.63e-58	208
PfKH01_040026100|DBLd|1|1588|1996	PA0085-C.g155	25.740	439	230	18	18	409	73	462	1.60e-20	96.7
PfKH01_040026100|DBLd|1|1588|1996	PH0704-C.g1013	100.000	409	0	0	1	409	1588	1996	0.0	842
PfKH01_040026100|DBLd|1|1588|1996	PH0704-C.g1013	31.742	356	172	8	1	350	1211	1501	1.79e-48	179
PfKH01_040026100|DBLd|1|1588|1996	PH0704-C.g1013	27.273	396	239	13	35	409	96	463	8.86e-22	100
PfKH01_040026100|DBLd|1|1588|1996	PH0704-C.g1013	23.377	308	151	13	52	340	854	1095	5.35e-08	57.8
PfKH01_040026100|DBLd|1|1588|1996	QG0282-C.g150	100.000	409	0	0	1	409	1579	1987	0.0	841
PfKH01_040026100|DBLd|1|1588|1996	QG0282-C.g150	39.031	351	158	8	1	350	1197	1492	1.49e-67	234
PfKH01_040026100|DBLd|1|1588|1996	QG0282-C.g150	26.712	438	228	18	18	409	73	463	1.73e-21	99.8
PfKH01_040026100|DBLd|1|1588|1996	PD0554-C.g251	100.000	409	0	0	1	409	1168	1576	0.0	841
PfKH01_040026100|DBLd|1|1588|1996	PD0554-C.g251	34.540	359	178	11	1	350	771	1081	1.60e-48	179
PfKH01_040026100|CIDRb|1|1997|2250	PA0053-C.g602	100.000	254	0	0	1	254	611	864	9.55e-177	514
PfKH01_040026100|CIDRb|1|1997|2250	PT0158-C.g47	100.000	254	0	0	1	254	387	640	2.64e-176	519
PfKH01_040026100|CIDRb|1|1997|2250	PV0023-C.g123	100.000	254	0	0	1	254	440	693	2.72e-176	517
PfKH01_040026100|CIDRb|1|1997|2250	PM0015-C.g49	100.000	254	0	0	1	254	1004	1257	2.78e-173	515
PfKH01_040026100|CIDRb|1|1997|2250	QG0295-C.g2472	100.000	254	0	0	1	254	1040	1293	2.87e-172	516
PfKH01_040026100|CIDRb|1|1997|2250	QG0295-C.g2472	27.660	141	93	5	111	248	1	135	9.82e-08	55.1
PfKH01_040026100|ATS|1|2379|2832	PH0704-C.g1013	99.780	454	1	0	1	454	2379	2832	0.0	919
PfKH01_040026100|ATS|1|2379|2832	QE0463-C.g98	99.559	454	2	0	1	454	2522	2975	0.0	915
PfKH01_040026100|ATS|1|2379|2832	QG0216-C.g443	99.559	454	2	0	1	454	1757	2210	0.0	914
PfKH01_040026100|ATS|1|2379|2832	PT0222-C.g328	98.899	454	5	0	1	454	1827	2280	0.0	913
PfKH01_040026100|ATS|1|2379|2832	QE0456-C.g1156	99.559	454	2	0	1	454	811	1264	0.0	911
PfKH01_040026500|NTS|1|1|58	PV0081-C.g32	100.000	58	0	0	1	58	1	58	5.06e-33	120
PfKH01_040026500|NTS|1|1|58	PV0288-C.g10	100.000	58	0	0	1	58	1	58	5.21e-33	120
PfKH01_040026500|NTS|1|1|58	QE0412-C.g159	100.000	58	0	0	1	58	1	58	5.42e-33	120
PfKH01_040026500|NTS|1|1|58	PH0704-C.g353	100.000	58	0	0	1	58	1	58	5.58e-33	120
PfKH01_040026500|NTS|1|1|58	QE0471-C.g42	100.000	58	0	0	1	58	1	58	1.33e-32	119
PfKH01_040026500|DBLa|1|59|467	QE0412-C.g159	100.000	409	0	0	1	409	59	467	0.0	845
PfKH01_040026500|DBLa|1|59|467	QE0412-C.g159	30.837	227	124	4	53	265	849	1056	7.94e-31	127
PfKH01_040026500|DBLa|1|59|467	QE0412-C.g159	31.803	305	156	12	115	409	1759	2021	4.93e-25	110
PfKH01_040026500|DBLa|1|59|467	QE0412-C.g159	22.955	379	212	12	19	370	1249	1574	2.22e-14	77.8
PfKH01_040026500|DBLa|1|59|467	PV0288-C.g10	100.000	409	0	0	1	409	59	467	0.0	845
PfKH01_040026500|DBLa|1|59|467	PV0288-C.g10	30.837	227	124	4	53	265	849	1056	7.53e-31	127
PfKH01_040026500|DBLa|1|59|467	PV0288-C.g10	31.475	305	157	12	115	409	1759	2021	2.00e-24	108
PfKH01_040026500|DBLa|1|59|467	PV0288-C.g10	22.955	379	212	12	19	370	1249	1574	2.06e-14	77.8
PfKH01_040026500|DBLa|1|59|467	PH0704-C.g353	100.000	409	0	0	1	409	59	467	0.0	845
PfKH01_040026500|DBLa|1|59|467	PH0704-C.g353	30.837	227	124	4	53	265	849	1056	8.02e-31	127
PfKH01_040026500|DBLa|1|59|467	PH0704-C.g353	22.955	379	212	12	19	370	1249	1574	2.37e-14	77.8
PfKH01_040026500|DBLa|1|59|467	PH0704-C.g353	25.902	305	144	12	115	409	1759	1991	4.99e-11	67.4
PfKH01_040026500|DBLa|1|59|467	PV0081-C.g32	100.000	409	0	0	1	409	59	467	0.0	844
PfKH01_040026500|DBLa|1|59|467	PV0081-C.g32	30.837	227	124	4	53	265	849	1056	7.96e-31	127
PfKH01_040026500|DBLa|1|59|467	PV0081-C.g32	31.475	305	157	12	115	409	1759	2021	1.97e-24	108
PfKH01_040026500|DBLa|1|59|467	PV0081-C.g32	22.955	379	212	12	19	370	1249	1574	1.93e-14	78.2
PfKH01_040026500|DBLa|1|59|467	PH0279-C.g102	100.000	409	0	0	1	409	59	467	0.0	844
PfKH01_040026500|DBLa|1|59|467	PH0279-C.g102	30.837	227	124	4	53	265	849	1056	1.02e-30	127
PfKH01_040026500|CIDRa|1|468|717	PH0279-C.g102	100.000	250	0	0	1	250	468	717	6.88e-175	514
PfKH01_040026500|CIDRa|1|468|717	PH0704-C.g353	100.000	250	0	0	1	250	468	717	4.01e-168	515
PfKH01_040026500|CIDRa|1|468|717	PH0704-C.g353	21.862	247	182	6	1	240	1992	2234	3.05e-08	56.6
PfKH01_040026500|CIDRa|1|468|717	QE0412-C.g159	100.000	250	0	0	1	250	468	717	6.81e-168	515
PfKH01_040026500|CIDRa|1|468|717	QE0412-C.g159	21.862	247	182	6	1	240	2022	2264	3.58e-08	56.2
PfKH01_040026500|CIDRa|1|468|717	PV0288-C.g10	100.000	250	0	0	1	250	468	717	8.43e-168	514
PfKH01_040026500|CIDRa|1|468|717	PV0288-C.g10	21.862	247	182	6	1	240	2022	2264	2.81e-08	56.6
PfKH01_040026500|CIDRa|1|468|717	PV0081-C.g32	100.000	250	0	0	1	250	468	717	1.03e-167	514
PfKH01_040026500|CIDRa|1|468|717	PV0081-C.g32	21.862	247	182	6	1	240	2022	2264	3.28e-08	56.2
PfKH01_040026500|DBLb|1|737|1212	QE0412-C.g159	100.000	476	0	0	1	476	737	1212	0.0	999
PfKH01_040026500|DBLb|1|737|1212	QE0412-C.g159	28.739	341	197	11	6	320	3	323	5.95e-32	132
PfKH01_040026500|DBLb|1|737|1212	QE0412-C.g159	26.718	393	204	16	112	476	1279	1615	1.53e-21	100
PfKH01_040026500|DBLb|1|737|1212	PV0081-C.g32	100.000	476	0	0	1	476	737	1212	0.0	999
PfKH01_040026500|DBLb|1|737|1212	PV0081-C.g32	27.893	337	205	9	6	320	3	323	6.48e-32	132
PfKH01_040026500|DBLb|1|737|1212	PV0081-C.g32	26.718	393	204	16	112	476	1279	1615	1.96e-21	100
PfKH01_040026500|DBLb|1|737|1212	PH0704-C.g353	100.000	476	0	0	1	476	737	1212	0.0	999
PfKH01_040026500|DBLb|1|737|1212	PH0704-C.g353	28.739	341	197	11	6	320	3	323	5.13e-32	132
PfKH01_040026500|DBLb|1|737|1212	PH0704-C.g353	26.718	393	204	16	112	476	1279	1615	1.59e-21	100
PfKH01_040026500|DBLb|1|737|1212	PV0288-C.g10	100.000	476	0	0	1	476	737	1212	0.0	999
PfKH01_040026500|DBLb|1|737|1212	PV0288-C.g10	27.893	337	205	9	6	320	3	323	6.01e-32	132
PfKH01_040026500|DBLb|1|737|1212	PV0288-C.g10	26.718	393	204	16	112	476	1279	1615	1.89e-21	100
PfKH01_040026500|DBLb|1|737|1212	SenT001.08.g501	100.000	476	0	0	1	476	61	536	0.0	996
PfKH01_040026500|DBLb|1|737|1212	SenT001.08.g501	26.463	393	205	15	112	476	603	939	1.57e-21	100
PfKH01_040026500|DBLg|1|1230|1615	QE0412-C.g159	100.000	386	0	0	1	386	1230	1615	0.0	799
PfKH01_040026500|DBLg|1|1230|1615	QE0412-C.g159	41.944	360	173	7	1	330	1624	1977	1.91e-75	256
PfKH01_040026500|DBLg|1|1230|1615	QE0412-C.g159	26.463	393	205	15	50	386	848	1212	2.34e-21	99.0
PfKH01_040026500|DBLg|1|1230|1615	QE0412-C.g159	22.835	381	214	12	18	345	75	428	2.22e-14	77.4
PfKH01_040026500|DBLg|1|1230|1615	PH0704-C.g353	100.000	386	0	0	1	386	1230	1615	0.0	799
PfKH01_040026500|DBLg|1|1230|1615	PH0704-C.g353	41.210	347	164	7	1	330	1624	1947	1.06e-67	234
PfKH01_040026500|DBLg|1|1230|1615	PH0704-C.g353	26.463	393	205	15	50	386	848	1212	2.19e-21	99.0
PfKH01_040026500|DBLg|1|1230|1615	PH0704-C.g353	22.835	381	214	12	18	345	75	428	1.84e-14	77.8
PfKH01_040026500|DBLg|1|1230|1615	PV0288-C.g10	100.000	386	0	0	1	386	1230	1615	0.0	798
PfKH01_040026500|DBLg|1|1230|1615	PV0288-C.g10	41.944	360	173	7	1	330	1624	1977	2.89e-75	256
PfKH01_040026500|DBLg|1|1230|1615	PV0288-C.g10	26.463	393	205	15	50	386	848	1212	2.41e-21	99.0
PfKH01_040026500|DBLg|1|1230|1615	PV0288-C.g10	22.835	381	214	12	18	345	75	428	1.91e-14	77.8
PfKH01_040026500|DBLg|1|1230|1615	PV0081-C.g32	100.000	386	0	0	1	386	1230	1615	0.0	798
PfKH01_040026500|DBLg|1|1230|1615	PV0081-C.g32	41.944	360	173	7	1	330	1624	1977	2.83e-75	256
PfKH01_040026500|DBLg|1|1230|1615	PV0081-C.g32	26.463	393	205	15	50	386	848	1212	2.02e-21	99.0
PfKH01_040026500|DBLg|1|1230|1615	PV0081-C.g32	22.835	381	214	12	18	345	75	428	1.93e-14	77.8
PfKH01_040026500|DBLg|1|1230|1615	SenT001.08.g501	99.741	386	1	0	1	386	554	939	0.0	796
PfKH01_040026500|DBLg|1|1230|1615	SenT001.08.g501	52.261	199	83	2	1	189	948	1144	5.58e-59	209
PfKH01_040026500|DBLg|1|1230|1615	SenT001.08.g501	26.463	393	205	15	50	386	172	536	1.11e-21	99.8
PfKH01_040026500|DBLd|1|1624|2021	PV0288-C.g10	100.000	398	0	0	1	398	1624	2021	0.0	816
PfKH01_040026500|DBLd|1|1624|2021	PV0288-C.g10	41.944	360	173	7	1	354	1230	1559	9.16e-77	261
PfKH01_040026500|DBLd|1|1624|2021	PV0288-C.g10	31.169	308	160	12	133	398	170	467	7.43e-27	115
PfKH01_040026500|DBLd|1|1624|2021	PV0288-C.g10	25.625	160	74	5	131	268	920	1056	5.67e-07	54.3
PfKH01_040026500|DBLd|1|1624|2021	PV0081-C.g32	100.000	398	0	0	1	398	1624	2021	0.0	816
PfKH01_040026500|DBLd|1|1624|2021	PV0081-C.g32	41.944	360	173	7	1	354	1230	1559	8.17e-77	261
PfKH01_040026500|DBLd|1|1624|2021	PV0081-C.g32	31.169	308	160	12	133	398	170	467	6.59e-27	115
PfKH01_040026500|DBLd|1|1624|2021	PV0081-C.g32	25.625	160	74	5	131	268	920	1056	5.57e-07	54.3
PfKH01_040026500|DBLd|1|1624|2021	PF0467-C.g113	100.000	398	0	0	1	398	1648	2045	0.0	815
PfKH01_040026500|DBLd|1|1624|2021	PF0467-C.g113	33.884	363	194	7	1	354	1258	1583	3.98e-55	198
PfKH01_040026500|DBLd|1|1624|2021	PF0467-C.g113	29.803	406	221	15	36	398	69	453	9.05e-35	139
PfKH01_040026500|DBLd|1|1624|2021	QE0412-C.g159	99.749	398	1	0	1	398	1624	2021	0.0	814
PfKH01_040026500|DBLd|1|1624|2021	QE0412-C.g159	41.944	360	173	7	1	354	1230	1559	7.99e-77	261
PfKH01_040026500|DBLd|1|1624|2021	QE0412-C.g159	31.169	308	160	12	133	398	170	467	8.60e-27	115
PfKH01_040026500|DBLd|1|1624|2021	QE0412-C.g159	25.625	160	74	5	131	268	920	1056	5.54e-07	54.3
PfKH01_040026500|DBLd|1|1624|2021	PF0133-C.g62	98.744	398	5	0	1	398	1613	2010	0.0	806
PfKH01_040026500|DBLd|1|1624|2021	PF0133-C.g62	45.426	317	130	11	20	330	1239	1518	8.12e-69	238
PfKH01_040026500|DBLd|1|1624|2021	PF0133-C.g62	34.583	240	134	7	173	398	237	467	2.11e-27	117
PfKH01_040026500|DBLd|1|1624|2021	PF0133-C.g62	23.734	316	166	13	50	342	850	1113	1.10e-10	66.2
PfKH01_040026500|CIDRb|1|2022|2277	SenT061.09.g871	100.000	256	0	0	1	256	628	883	5.00e-179	520
PfKH01_040026500|CIDRb|1|2022|2277	QE0398-C.g454	100.000	256	0	0	1	256	1320	1575	4.60e-175	526
PfKH01_040026500|CIDRb|1|2022|2277	QG0202-C.g533	99.609	256	1	0	1	256	1327	1582	1.11e-174	526
PfKH01_040026500|CIDRb|1|2022|2277	PM0062-C.g462	100.000	256	0	0	1	256	1337	1592	1.33e-174	526
PfKH01_040026500|CIDRb|1|2022|2277	PF0158-C.g527	100.000	256	0	0	1	256	1337	1592	1.33e-174	526
PfKH01_040026500|ATS|1|2390|2859	QE0412-C.g89	98.085	470	9	0	1	470	2043	2512	0.0	941
PfKH01_040026500|ATS|1|2390|2859	PH0279-C.g28	98.065	465	9	0	1	465	1252	1716	0.0	924
PfKH01_040026500|ATS|1|2390|2859	QG0203-C.g1120	92.994	471	32	1	1	470	2493	2963	0.0	843
PfKH01_040026500|ATS|1|2390|2859	PA0232-C.g930	93.206	471	31	1	1	470	2407	2877	0.0	830
PfKH01_040026500|ATS|1|2390|2859	PT0240-C.g677	90.254	472	42	2	1	470	2001	2470	0.0	822
PfKH01_040026700|NTS|1|1|63	PH0279-C.g35	100.000	63	0	0	1	63	1	63	3.44e-34	123
PfKH01_040026700|NTS|1|1|63	PV0081-C.g54	100.000	63	0	0	1	63	1	63	3.45e-34	123
PfKH01_040026700|NTS|1|1|63	PV0288-C.g34	100.000	63	0	0	1	63	1	63	4.19e-34	123
PfKH01_040026700|NTS|1|1|63	PD0544-C.g767	96.000	50	2	0	1	50	1	50	3.01e-25	98.2
PfKH01_040026700|NTS|1|1|63	PH0497-CW.g186	96.000	50	2	0	1	50	1	50	7.96e-25	97.1
PfKH01_040026700|DBLa|1|64|505	PV0288-C.g34	100.000	442	0	0	1	442	64	505	0.0	912
PfKH01_040026700|DBLa|1|64|505	PV0288-C.g34	34.783	230	113	7	56	277	929	1129	1.50e-28	121
PfKH01_040026700|DBLa|1|64|505	PV0288-C.g34	25.296	423	233	14	51	442	1336	1706	4.67e-17	86.7
PfKH01_040026700|DBLa|1|64|505	PV0081-C.g54	100.000	442	0	0	1	442	64	505	0.0	912
PfKH01_040026700|DBLa|1|64|505	PV0081-C.g54	34.783	230	113	7	56	277	929	1129	1.51e-28	121
PfKH01_040026700|DBLa|1|64|505	PV0081-C.g54	25.296	423	233	14	51	442	1336	1706	4.80e-17	86.7
PfKH01_040026700|DBLa|1|64|505	PH0279-C.g35	100.000	442	0	0	1	442	64	505	0.0	910
PfKH01_040026700|DBLa|1|64|505	PH0279-C.g35	31.507	292	147	9	56	339	929	1175	1.11e-28	121
PfKH01_040026700|DBLa|1|64|505	PH0704-C.g561	80.984	447	63	6	9	442	83	520	0.0	662
PfKH01_040026700|DBLa|1|64|505	PH0704-C.g561	34.783	230	113	7	56	277	944	1144	1.19e-28	122
PfKH01_040026700|DBLa|1|64|505	PH0704-C.g561	25.296	423	233	14	51	442	1351	1721	2.77e-17	87.4
PfKH01_040026700|DBLa|1|64|505	PF0314-C.g94	74.723	451	92	8	1	442	66	503	0.0	634
PfKH01_040026700|DBLa|1|64|505	PF0314-C.g94	32.192	292	147	13	1	279	886	1139	8.79e-28	119
PfKH01_040026700|DBLa|1|64|505	PF0314-C.g94	22.713	317	169	9	53	342	1348	1615	1.16e-10	66.6
PfKH01_040026700|DBLa|1|64|505	PF0314-C.g94	22.874	341	195	11	137	442	1928	2235	7.13e-08	57.8
PfKH01_040026700|CIDRa|1|506|801	PH0279-C.g35	100.000	296	0	0	1	296	506	801	0.0	610
PfKH01_040026700|CIDRa|1|506|801	PH0704-C.g561	100.000	296	0	0	1	296	521	816	0.0	609
PfKH01_040026700|CIDRa|1|506|801	PV0288-C.g34	100.000	296	0	0	1	296	506	801	0.0	608
PfKH01_040026700|CIDRa|1|506|801	PV0081-C.g54	100.000	296	0	0	1	296	506	801	0.0	608
PfKH01_040026700|CIDRa|1|506|801	PF0314-C.g94	96.939	294	9	0	1	294	504	797	0.0	587
PfKH01_040026700|DBLb|1|814|1274	PV0288-C.g34	100.000	461	0	0	1	461	814	1274	0.0	967
PfKH01_040026700|DBLb|1|814|1274	PV0288-C.g34	30.473	338	175	14	4	303	12	327	3.75e-29	124
PfKH01_040026700|DBLb|1|814|1274	PH0704-C.g561	100.000	461	0	0	1	461	829	1289	0.0	967
PfKH01_040026700|DBLb|1|814|1274	PH0704-C.g561	31.034	261	128	9	86	303	91	342	4.13e-27	117
PfKH01_040026700|DBLb|1|814|1274	PV0081-C.g54	100.000	461	0	0	1	461	814	1274	0.0	967
PfKH01_040026700|DBLb|1|814|1274	PV0081-C.g54	30.473	338	175	14	4	303	12	327	4.12e-29	123
PfKH01_040026700|DBLb|1|814|1274	PH0279-C.g35	100.000	418	0	0	1	418	814	1231	0.0	875
PfKH01_040026700|DBLb|1|814|1274	PH0279-C.g35	30.473	338	175	14	4	303	12	327	4.11e-29	123
PfKH01_040026700|DBLb|1|814|1274	PD0590-C.g548	73.248	471	109	5	1	461	762	1225	0.0	694
PfKH01_040026700|DBLb|1|814|1274	PD0590-C.g548	30.425	424	209	20	44	397	45	452	3.95e-32	132
PfKH01_040026700|DBLd|1|1293|1706	PV0288-C.g34	100.000	414	0	0	1	414	1293	1706	0.0	861
PfKH01_040026700|DBLd|1|1293|1706	PV0288-C.g34	26.179	424	234	17	41	414	111	505	9.21e-14	75.9
PfKH01_040026700|DBLd|1|1293|1706	PV0081-C.g54	100.000	414	0	0	1	414	1293	1706	0.0	861
PfKH01_040026700|DBLd|1|1293|1706	PV0081-C.g54	26.179	424	234	17	41	414	111	505	9.90e-14	75.9
PfKH01_040026700|DBLd|1|1293|1706	PH0704-C.g561	100.000	414	0	0	1	414	1308	1721	0.0	861
PfKH01_040026700|DBLd|1|1293|1706	PH0704-C.g561	26.047	430	243	17	38	414	113	520	6.17e-13	73.6
PfKH01_040026700|DBLd|1|1293|1706	QG0276-C.g913	75.179	419	92	4	1	414	1235	1646	0.0	589
PfKH01_040026700|DBLd|1|1293|1706	QG0276-C.g913	37.791	344	146	13	1	340	1949	2228	7.49e-50	183
PfKH01_040026700|DBLd|1|1293|1706	QG0276-C.g913	28.909	339	177	12	126	414	164	488	2.94e-26	114
PfKH01_040026700|DBLd|1|1293|1706	QG0276-C.g913	19.814	323	160	7	46	353	2797	3035	1.20e-08	60.1
PfKH01_040026700|DBLd|1|1293|1706	QG0276-C.g913	27.313	227	108	8	141	345	2478	2669	2.53e-07	55.8
PfKH01_040026700|DBLd|1|1293|1706	PA0030-C.g345	75.179	419	92	4	1	414	1304	1715	0.0	588
PfKH01_040026700|DBLd|1|1293|1706	PA0030-C.g345	37.500	344	147	13	1	340	2018	2297	1.08e-49	183
PfKH01_040026700|DBLd|1|1293|1706	PA0030-C.g345	27.184	309	181	12	50	343	119	398	3.72e-16	83.6
PfKH01_040026700|DBLd|1|1293|1706	PA0030-C.g345	26.578	301	153	9	115	411	2900	3136	1.47e-13	75.5
PfKH01_040026700|DBLd|1|1293|1706	PA0030-C.g345	25.904	332	163	15	31	345	2474	2739	4.33e-13	73.9
PfKH01_040026700|CIDRb|1|1707|1961	PH0704-C.g561	100.000	255	0	0	1	255	1722	1976	6.59e-172	524
PfKH01_040026700|CIDRb|1|1707|1961	PH0704-C.g561	27.545	167	100	4	104	249	651	817	7.16e-09	58.5
PfKH01_040026700|CIDRb|1|1707|1961	PV0288-C.g34	100.000	255	0	0	1	255	1707	1961	6.60e-172	523
PfKH01_040026700|CIDRb|1|1707|1961	PV0288-C.g34	27.545	167	100	4	104	249	636	802	8.35e-09	58.2
PfKH01_040026700|CIDRb|1|1707|1961	PV0081-C.g54	100.000	255	0	0	1	255	1707	1961	7.50e-172	523
PfKH01_040026700|CIDRb|1|1707|1961	PV0081-C.g54	27.545	167	100	4	104	249	636	802	8.28e-09	58.2
PfKH01_040026700|CIDRb|1|1707|1961	PA0167-C.g914	96.471	255	9	0	1	255	1301	1555	6.98e-170	513
PfKH01_040026700|CIDRb|1|1707|1961	PA0167-C.g914	34.694	98	63	1	70	166	542	639	6.25e-13	70.5
PfKH01_040026700|CIDRb|1|1707|1961	PT0219-C.g621	97.255	255	7	0	1	255	1373	1627	8.33e-170	513
PfKH01_040026700|ATS|1|2086|2542	PFKE09.g399	75.000	480	66	9	1	457	1790	2238	0.0	688
PfKH01_040026700|ATS|1|2086|2542	PC0085-C.g1371	71.142	499	86	9	1	457	1768	2250	0.0	657
PfKH01_040026700|ATS|1|2086|2542	PV0099-C.g12	62.695	512	117	9	1	457	3295	3787	0.0	603
PfKH01_040026700|ATS|1|2086|2542	QE0444-C.g508	61.850	519	117	9	1	457	1928	2427	0.0	601
PfKH01_040026700|ATS|1|2086|2542	PD0510-C.g444	61.850	519	117	9	1	457	1930	2429	0.0	601
PfKH01_040027700|NTS|1|1|68	QE0481-C.g650	100.000	68	0	0	1	68	1	68	2.59e-39	138
PfKH01_040027700|NTS|1|1|68	PV0081-C.g73	100.000	68	0	0	1	68	1	68	2.85e-39	138
PfKH01_040027700|NTS|1|1|68	PH0704-C.g833	100.000	68	0	0	1	68	1	68	3.00e-39	138
PfKH01_040027700|NTS|1|1|68	PH0279-C.g64	100.000	58	0	0	11	68	1	58	4.38e-31	115
PfKH01_040027700|NTS|1|1|68	PT0149-C.g9	80.645	62	10	1	1	62	1	60	2.35e-25	99.0
PfKH01_040027700|DBLa|1|69|514	PH0279-C.g64	100.000	446	0	0	1	446	59	504	0.0	931
PfKH01_040027700|DBLa|1|69|514	PH0279-C.g64	26.500	200	113	8	249	446	1412	1579	4.63e-07	55.1
PfKH01_040027700|DBLa|1|69|514	PV0081-C.g73	100.000	446	0	0	1	446	69	514	0.0	930
PfKH01_040027700|DBLa|1|69|514	PV0081-C.g73	23.662	355	209	12	53	354	952	1297	3.14e-13	74.7
PfKH01_040027700|DBLa|1|69|514	PH0704-C.g833	100.000	446	0	0	1	446	69	514	0.0	930
PfKH01_040027700|DBLa|1|69|514	PH0704-C.g833	23.662	355	209	12	53	354	952	1297	3.31e-13	74.7
PfKH01_040027700|DBLa|1|69|514	QE0481-C.g650	81.778	450	75	4	1	446	69	515	0.0	743
PfKH01_040027700|DBLa|1|69|514	QE0481-C.g650	26.176	340	188	13	121	446	1038	1328	4.00e-16	83.6
PfKH01_040027700|DBLa|1|69|514	PT0034-C.g711	65.502	458	129	8	5	446	81	525	0.0	593
PfKH01_040027700|DBLa|1|69|514	PT0034-C.g711	22.083	240	150	6	137	353	1107	1332	1.01e-10	66.6
PfKH01_040027700|CIDRa|1|515|810	PV0081-C.g73	100.000	296	0	0	1	296	515	810	0.0	616
PfKH01_040027700|CIDRa|1|515|810	PV0081-C.g73	28.571	98	70	0	130	227	1460	1557	8.18e-09	58.9
PfKH01_040027700|CIDRa|1|515|810	PH0704-C.g833	100.000	296	0	0	1	296	515	810	0.0	616
PfKH01_040027700|CIDRa|1|515|810	PH0704-C.g833	28.571	98	70	0	130	227	1460	1557	8.11e-09	58.9
PfKH01_040027700|CIDRa|1|515|810	PH0279-C.g64	100.000	296	0	0	1	296	505	800	0.0	616
PfKH01_040027700|CIDRa|1|515|810	PH0279-C.g64	31.429	70	48	0	134	203	1686	1755	2.30e-07	54.7
PfKH01_040027700|CIDRa|1|515|810	PV0288-C.g79	100.000	296	0	0	1	296	170	465	0.0	614
PfKH01_040027700|CIDRa|1|515|810	PV0288-C.g79	28.571	98	70	0	130	227	1115	1212	8.62e-09	58.9
PfKH01_040027700|CIDRa|1|515|810	PV0099-C.g56	75.251	299	41	5	1	296	509	777	1.83e-131	412
PfKH01_040027700|DBLd|1|882|1362	PV0288-C.g79	100.000	481	0	0	1	481	537	1017	0.0	991
PfKH01_040027700|DBLd|1|882|1362	PV0081-C.g73	100.000	481	0	0	1	481	882	1362	0.0	989
PfKH01_040027700|DBLd|1|882|1362	PV0081-C.g73	23.662	355	209	12	71	416	121	422	1.08e-11	70.1
PfKH01_040027700|DBLd|1|882|1362	PH0704-C.g833	100.000	481	0	0	1	481	882	1362	0.0	989
PfKH01_040027700|DBLd|1|882|1362	PH0704-C.g833	23.662	355	209	12	71	416	121	422	1.12e-11	70.1
PfKH01_040027700|DBLd|1|882|1362	PD0524-C.g1	50.992	504	211	14	1	481	398	888	2.21e-147	455
PfKH01_040027700|DBLd|1|882|1362	PD0524-C.g1	28.013	307	131	10	110	416	4	220	5.61e-27	117
PfKH01_040027700|DBLd|1|882|1362	PC0054-C.g240	51.346	520	198	14	1	481	875	1378	2.95e-146	460
PfKH01_040027700|DBLd|1|882|1362	PC0054-C.g240	32.642	193	104	5	315	481	303	495	3.96e-14	77.8
PfKH01_040027700|CIDRb|1|1363|1618	PV0288-C.g79	100.000	256	0	0	1	256	1018	1273	6.69e-177	523
PfKH01_040027700|CIDRb|1|1363|1618	PV0288-C.g79	33.784	74	49	0	98	171	299	372	1.72e-08	57.4
PfKH01_040027700|CIDRb|1|1363|1618	PH0704-C.g833	100.000	256	0	0	1	256	1363	1618	2.52e-174	525
PfKH01_040027700|CIDRb|1|1363|1618	PH0704-C.g833	33.784	74	49	0	98	171	644	717	1.67e-08	57.4
PfKH01_040027700|CIDRb|1|1363|1618	PV0081-C.g73	100.000	256	0	0	1	256	1363	1618	2.59e-174	525
PfKH01_040027700|CIDRb|1|1363|1618	PV0081-C.g73	33.784	74	49	0	98	171	644	717	1.74e-08	57.4
PfKH01_040027700|CIDRb|1|1363|1618	QG0250-C.g780	70.800	250	67	3	1	250	2404	2647	1.52e-107	343
PfKH01_040027700|CIDRb|1|1363|1618	QG0250-C.g780	29.518	166	105	5	92	250	566	726	8.44e-11	64.3
PfKH01_040027700|CIDRb|1|1363|1618	QG0249-C.g248	70.800	250	67	3	1	250	2404	2647	1.52e-107	343
PfKH01_040027700|CIDRb|1|1363|1618	QG0249-C.g248	29.518	166	105	5	92	250	566	726	8.44e-11	64.3
PfKH01_040027700|ATS|1|1737|2206	PV0116-C.g28	78.819	491	79	8	1	470	1887	2373	0.0	742
PfKH01_040027700|ATS|1|1737|2206	PV0028-C.g43	78.243	478	55	6	1	470	1843	2279	0.0	729
PfKH01_040027700|ATS|1|1737|2206	PV0028-C.g39	74.538	487	98	8	1	467	2753	3233	0.0	696
PfKH01_040027700|ATS|1|1737|2206	PV0028-C.g39	62.745	153	23	3	343	470	3208	3351	3.81e-47	177
PfKH01_040027700|ATS|1|1737|2206	PD0590-C.g13	73.000	500	92	10	1	470	818	1304	0.0	673
PfKH01_040027700|ATS|1|1737|2206	QE0414-C.g590	72.600	500	94	7	7	470	3408	3900	0.0	672
PfKH01_050005400|NTS|1|1|62	PH0279-C.g53	100.000	62	0	0	1	62	1	62	7.61e-36	128
PfKH01_050005400|NTS|1|1|62	PV0204-C.g61	86.441	59	8	0	4	62	1	59	2.89e-26	101
PfKH01_050005400|NTS|1|1|62	PV0256-C.g64	81.667	60	11	0	3	62	2	61	1.59e-25	99.0
PfKH01_050005400|NTS|1|1|62	QE0433-C.g1025	80.702	57	11	0	6	62	5	61	9.01e-24	94.0
PfKH01_050005400|NTS|1|1|62	PM0019-C.g1851	78.333	60	10	1	6	62	6	65	9.88e-23	91.3
PfKH01_050005400|DBLa|1|63|479	QE0474-C.g663	98.565	418	5	1	1	417	64	481	0.0	863
PfKH01_050005400|DBLa|1|63|479	QE0474-C.g663	25.172	290	194	8	135	417	1036	1309	3.83e-13	73.9
PfKH01_050005400|DBLa|1|63|479	QE0433-C.g1025	97.821	413	8	1	6	417	65	477	0.0	845
PfKH01_050005400|DBLa|1|63|479	QE0433-C.g1025	25.641	351	183	10	122	417	1019	1346	1.20e-19	94.0
PfKH01_050005400|DBLa|1|63|479	PH0279-C.g53	97.362	417	0	1	1	417	63	468	0.0	842
PfKH01_050005400|DBLa|1|63|479	PH0279-C.g53	26.346	353	185	15	122	417	978	1312	2.59e-14	77.8
PfKH01_050005400|DBLa|1|63|479	PV0241-C.g52	95.400	413	18	1	6	417	72	484	0.0	822
PfKH01_050005400|DBLa|1|63|479	PV0241-C.g52	27.761	335	181	11	122	417	1014	1326	1.03e-20	97.4
PfKH01_050005400|DBLa|1|63|479	PV0234-C.g83	95.400	413	18	1	6	417	72	484	0.0	822
PfKH01_050005400|DBLa|1|63|479	PV0234-C.g83	27.761	335	181	11	122	417	1014	1326	1.03e-20	97.4
PfKH01_050005400|CIDRa|1|480|734	PH0279-C.g53	100.000	255	0	0	1	255	469	723	1.89e-178	535
PfKH01_050005400|CIDRa|1|480|734	PH0279-C.g53	27.333	150	83	5	33	173	1348	1480	1.98e-08	57.0
PfKH01_050005400|CIDRa|1|480|734	PV0241-C.g52	99.216	255	2	0	1	255	485	739	7.50e-177	531
PfKH01_050005400|CIDRa|1|480|734	PV0241-C.g52	26.562	192	123	6	25	213	1355	1531	2.36e-11	65.9
PfKH01_050005400|CIDRa|1|480|734	PV0234-C.g83	99.216	255	2	0	1	255	485	739	7.50e-177	531
PfKH01_050005400|CIDRa|1|480|734	PV0234-C.g83	26.562	192	123	6	25	213	1355	1531	2.36e-11	65.9
PfKH01_050005400|CIDRa|1|480|734	PA0056-C.g425	96.471	255	9	0	1	255	68	322	6.73e-176	519
PfKH01_050005400|CIDRa|1|480|734	QE0474-C.g663	98.824	255	3	0	1	255	482	736	7.77e-176	529
PfKH01_050005400|DBLd|1|805|1308	PH0279-C.g53	97.110	519	0	1	1	504	794	1312	0.0	1035
PfKH01_050005400|DBLd|1|805|1308	PH0279-C.g53	25.806	341	182	16	182	504	181	468	3.15e-07	55.8
PfKH01_050005400|DBLd|1|805|1308	PV0112-C.g97	58.856	542	154	13	1	504	177	687	0.0	577
PfKH01_050005400|DBLd|1|805|1308	PV0098-C.g101	58.856	542	154	13	1	504	595	1105	0.0	575
PfKH01_050005400|DBLd|1|805|1308	PD0507-C.g724	60.302	529	159	17	1	504	919	1421	0.0	565
PfKH01_050005400|DBLd|1|805|1308	PD0507-C.g724	33.333	120	63	3	325	437	297	406	6.90e-07	54.7
PfKH01_050005400|DBLd|1|805|1308	QE0451-C.g210	56.150	561	152	13	1	504	2174	2697	9.96e-173	542
PfKH01_050005400|DBLd|1|805|1308	QE0451-C.g210	26.735	389	158	16	1	383	1675	1942	1.53e-27	119
PfKH01_050005400|DBLd|1|805|1308	QE0451-C.g210	28.058	139	89	2	326	464	299	426	8.38e-09	60.8
PfKH01_050005400|CIDRb|1|1309|1567	PH0279-C.g53	100.000	259	0	0	1	259	1313	1571	6.57e-177	531
PfKH01_050005400|CIDRb|1|1309|1567	PH0279-C.g53	28.481	158	86	6	29	168	493	641	1.21e-08	57.8
PfKH01_050005400|CIDRb|1|1309|1567	PV0112-C.g97	87.308	260	29	2	1	259	688	944	2.46e-155	462
PfKH01_050005400|CIDRb|1|1309|1567	PV0098-C.g101	87.308	260	29	2	1	259	1106	1362	5.99e-151	459
PfKH01_050005400|CIDRb|1|1309|1567	QE0451-C.g210	87.308	260	29	2	1	259	2698	2954	1.80e-146	455
PfKH01_050005400|CIDRb|1|1309|1567	QE0461-C.g668	82.239	259	45	1	1	259	1364	1621	1.94e-139	431
PfKH01_050005400|ATS|1|1687|2128	PV0134-C.g25	80.537	447	77	8	2	442	2381	2823	0.0	694
PfKH01_050005400|ATS|1|1687|2128	PD0582-C.g778	81.075	465	59	6	1	442	1669	2127	0.0	680
PfKH01_050005400|ATS|1|1687|2128	QE0475-C.g596	78.587	467	69	6	1	442	1737	2197	0.0	659
PfKH01_050005400|ATS|1|1687|2128	PA0245-C.g998	74.138	464	92	6	1	442	1706	2163	0.0	650
PfKH01_050005400|ATS|1|1687|2128	PV0239-C.g31	78.913	460	78	5	1	442	1747	2205	0.0	648
PfKH01_050005500|NTS|1|1|67	PD0510-C.g133	98.507	67	1	0	1	67	1	67	8.04e-38	134
PfKH01_050005500|NTS|1|1|67	QE0395-C.g563	98.507	67	1	0	1	67	1	67	8.12e-38	134
PfKH01_050005500|NTS|1|1|67	PH0500-CW.g525	98.507	67	1	0	1	67	1	67	8.12e-38	134
PfKH01_050005500|NTS|1|1|67	PH0856-C.g731	98.507	67	1	0	1	67	1	67	8.48e-38	134
PfKH01_050005500|NTS|1|1|67	PV0233-C.g20	98.507	67	1	0	1	67	1	67	9.39e-38	134
PfKH01_050005500|DBLa|1|68|458	PH0279-C.g23	100.000	391	0	0	1	391	68	458	0.0	813
PfKH01_050005500|DBLa|1|68|458	PH0279-C.g23	28.856	402	229	15	7	383	2411	2780	3.01e-33	134
PfKH01_050005500|DBLa|1|68|458	PH0279-C.g23	31.322	348	178	16	17	344	830	1136	1.81e-30	126
PfKH01_050005500|DBLa|1|68|458	PH0279-C.g23	29.655	290	174	11	115	391	1767	2039	7.36e-20	94.4
PfKH01_050005500|DBLa|1|68|458	PH0279-C.g23	23.948	309	184	9	46	326	1264	1549	1.37e-12	72.0
PfKH01_050005500|DBLa|1|68|458	PH0279-C.g23	25.743	202	124	6	115	315	2918	3094	2.88e-09	61.6
PfKH01_050005500|DBLa|1|68|458	QE0437-C.g230	100.000	391	0	0	1	391	68	458	0.0	812
PfKH01_050005500|DBLa|1|68|458	QE0437-C.g230	28.856	402	229	15	7	383	2405	2774	2.87e-33	134
PfKH01_050005500|DBLa|1|68|458	QE0437-C.g230	31.579	304	160	13	56	344	860	1130	3.49e-29	122
PfKH01_050005500|DBLa|1|68|458	QE0437-C.g230	29.655	290	174	11	115	391	1761	2033	7.56e-20	94.4
PfKH01_050005500|DBLa|1|68|458	QE0437-C.g230	23.948	309	184	9	46	326	1258	1543	1.40e-12	72.0
PfKH01_050005500|DBLa|1|68|458	QE0437-C.g230	25.743	202	124	6	115	315	2912	3088	3.01e-09	61.6
PfKH01_050005500|DBLa|1|68|458	PA0041-C.g684	99.233	391	3	0	1	391	69	459	0.0	808
PfKH01_050005500|DBLa|1|68|458	PA0041-C.g684	31.322	348	178	16	17	344	825	1131	1.76e-30	126
PfKH01_050005500|DBLa|1|68|458	PA0041-C.g684	31.119	286	140	11	56	322	2430	2677	5.46e-29	121
PfKH01_050005500|DBLa|1|68|458	PA0041-C.g684	28.125	384	199	15	53	391	1667	2018	1.83e-22	102
PfKH01_050005500|DBLa|1|68|458	PA0041-C.g684	23.642	313	183	10	46	326	1259	1547	9.01e-11	66.2
PfKH01_050005500|DBLa|1|68|458	PA0041-C.g684	23.288	292	185	8	37	315	2803	3068	9.61e-08	57.0
PfKH01_050005500|DBLa|1|68|458	PD0511-C.g801	98.721	391	5	0	1	391	68	458	0.0	803
PfKH01_050005500|DBLa|1|68|458	PD0511-C.g801	30.423	355	174	15	17	344	824	1132	9.39e-31	127
PfKH01_050005500|DBLa|1|68|458	PD0511-C.g801	29.526	359	182	12	56	383	2416	2734	2.86e-30	125
PfKH01_050005500|DBLa|1|68|458	PD0511-C.g801	27.119	295	176	5	115	391	1741	2014	3.50e-27	116
PfKH01_050005500|DBLa|1|68|458	PD0511-C.g801	25.874	286	158	12	54	313	1261	1518	9.66e-13	72.4
PfKH01_050005500|DBLa|1|68|458	PD0511-C.g801	23.288	292	185	8	37	315	2789	3054	1.06e-07	56.6
PfKH01_050005500|DBLa|1|68|458	QE0459-C.g716	93.182	396	22	2	1	391	69	464	0.0	739
PfKH01_050005500|DBLa|1|68|458	QE0459-C.g716	30.446	381	189	16	19	368	831	1166	3.72e-32	131
PfKH01_050005500|DBLa|1|68|458	QE0459-C.g716	29.620	395	212	19	8	383	2410	2757	2.70e-30	125
PfKH01_050005500|DBLa|1|68|458	QE0459-C.g716	27.458	295	175	5	115	391	1767	2040	3.85e-27	116
PfKH01_050005500|DBLa|1|68|458	QE0459-C.g716	25.943	212	137	5	115	326	2895	3086	1.60e-10	65.5
PfKH01_050005500|DBLa|1|68|458	QE0459-C.g716	23.675	283	150	15	53	298	1270	1523	7.40e-08	57.4
PfKH01_050005500|CIDRa|1|459|710	PM0098-C.g1102	100.000	252	0	0	1	252	470	721	9.84e-171	524
PfKH01_050005500|CIDRa|1|459|710	PM0098-C.g1102	26.613	124	90	1	39	162	2078	2200	2.71e-07	53.5
PfKH01_050005500|CIDRa|1|459|710	PA0041-C.g684	100.000	252	0	0	1	252	460	711	1.55e-170	523
PfKH01_050005500|CIDRa|1|459|710	PA0041-C.g684	25.490	204	146	5	39	239	2059	2259	7.59e-08	55.5
PfKH01_050005500|CIDRa|1|459|710	PH0279-C.g23	100.000	252	0	0	1	252	459	710	2.22e-170	523
PfKH01_050005500|CIDRa|1|459|710	PH0279-C.g23	25.854	205	133	6	38	233	2078	2272	1.57e-08	57.4
PfKH01_050005500|CIDRa|1|459|710	QE0437-C.g230	100.000	252	0	0	1	252	459	710	2.26e-170	523
PfKH01_050005500|CIDRa|1|459|710	QE0437-C.g230	25.854	205	133	6	38	233	2072	2266	1.58e-08	57.4
PfKH01_050005500|CIDRa|1|459|710	PV0088-C.g84	91.667	252	21	0	1	252	465	716	6.58e-152	452
PfKH01_050005500|DBLb|1|730|1212	PM0098-C.g1102	100.000	483	0	0	1	483	741	1223	0.0	1009
PfKH01_050005500|DBLb|1|730|1212	PM0098-C.g1102	40.797	527	208	17	1	483	2324	2790	6.70e-102	337
PfKH01_050005500|DBLb|1|730|1212	PM0098-C.g1102	25.672	409	224	15	137	480	128	521	1.32e-22	104
PfKH01_050005500|DBLb|1|730|1212	PM0098-C.g1102	25.078	319	192	12	104	397	2820	3116	3.71e-14	78.2
PfKH01_050005500|DBLb|1|730|1212	PM0098-C.g1102	21.981	323	193	9	128	410	1279	1582	8.69e-13	73.6
PfKH01_050005500|DBLb|1|730|1212	PM0098-C.g1102	23.746	299	158	11	196	446	1770	2046	3.29e-10	65.5
PfKH01_050005500|DBLb|1|730|1212	PH0279-C.g23	100.000	483	0	0	1	483	730	1212	0.0	1009
PfKH01_050005500|DBLb|1|730|1212	PH0279-C.g23	43.762	505	223	17	1	483	2329	2794	1.39e-106	350
PfKH01_050005500|DBLb|1|730|1212	PH0279-C.g23	28.698	453	231	21	5	407	1	411	2.37e-29	125
PfKH01_050005500|DBLb|1|730|1212	PH0279-C.g23	24.199	281	162	10	122	373	2834	3092	1.84e-13	75.9
PfKH01_050005500|DBLb|1|730|1212	PH0279-C.g23	21.981	323	193	9	128	410	1268	1571	8.92e-13	73.6
PfKH01_050005500|DBLb|1|730|1212	PH0279-C.g23	25.751	233	118	7	196	385	1762	1982	2.76e-12	72.0
PfKH01_050005500|DBLb|1|730|1212	PA0041-C.g684	98.758	483	0	1	1	483	731	1207	0.0	989
PfKH01_050005500|DBLb|1|730|1212	PA0041-C.g684	39.766	513	221	15	1	483	2308	2762	7.79e-95	317
PfKH01_050005500|DBLb|1|730|1212	PA0041-C.g684	31.214	346	181	15	101	407	85	412	2.71e-29	124
PfKH01_050005500|DBLb|1|730|1212	PA0041-C.g684	25.078	319	192	12	104	397	2792	3088	4.65e-14	77.8
PfKH01_050005500|DBLb|1|730|1212	PA0041-C.g684	22.018	327	191	9	128	410	1263	1569	2.09e-12	72.4
PfKH01_050005500|DBLb|1|730|1212	PA0041-C.g684	24.080	299	157	11	196	446	1751	2027	1.07e-10	67.0
PfKH01_050005500|DBLb|1|730|1212	QE0437-C.g230	96.894	483	9	1	1	483	730	1206	0.0	971
PfKH01_050005500|DBLb|1|730|1212	QE0437-C.g230	43.762	505	223	17	1	483	2323	2788	1.46e-106	350
PfKH01_050005500|DBLb|1|730|1212	QE0437-C.g230	28.698	453	231	21	5	407	1	411	1.88e-29	125
PfKH01_050005500|DBLb|1|730|1212	QE0437-C.g230	24.199	281	162	10	122	373	2828	3086	1.88e-13	75.9
PfKH01_050005500|DBLb|1|730|1212	QE0437-C.g230	21.981	323	193	9	128	410	1262	1565	9.39e-13	73.6
PfKH01_050005500|DBLb|1|730|1212	QE0437-C.g230	25.751	233	118	7	196	385	1756	1976	2.91e-12	72.0
PfKH01_050005500|DBLb|1|730|1212	PD0511-C.g801	84.362	486	60	4	1	483	730	1202	0.0	792
PfKH01_050005500|DBLb|1|730|1212	PD0511-C.g801	42.520	508	207	16	1	483	2301	2748	3.96e-106	349
PfKH01_050005500|DBLb|1|730|1212	PD0511-C.g801	30.636	346	183	14	101	407	84	411	1.73e-29	125
PfKH01_050005500|DBLb|1|730|1212	PD0511-C.g801	26.316	285	162	10	122	372	1247	1517	2.19e-15	82.0
PfKH01_050005500|DBLb|1|730|1212	PD0511-C.g801	25.078	319	192	12	104	397	2778	3074	4.61e-14	77.8
PfKH01_050005500|DBLg|1|1228|1617	PM0098-C.g1102	100.000	390	0	0	1	390	1239	1628	0.0	808
PfKH01_050005500|DBLg|1|1228|1617	PM0098-C.g1102	35.602	382	191	12	1	338	1635	2005	4.58e-55	198
PfKH01_050005500|DBLg|1|1228|1617	PM0098-C.g1102	37.427	342	178	9	1	331	2800	3116	2.23e-54	196
PfKH01_050005500|DBLg|1|1228|1617	PM0098-C.g1102	23.113	424	254	13	1	390	2405	2790	2.81e-22	101
PfKH01_050005500|DBLg|1|1228|1617	PM0098-C.g1102	24.232	293	169	9	46	311	124	390	6.49e-16	82.4
PfKH01_050005500|DBLg|1|1228|1617	PM0098-C.g1102	22.910	323	190	11	41	344	868	1150	1.49e-13	75.1
PfKH01_050005500|DBLg|1|1228|1617	QE0437-C.g230	100.000	390	0	0	1	390	1222	1611	0.0	806
PfKH01_050005500|DBLg|1|1228|1617	QE0437-C.g230	36.243	378	199	8	1	338	1618	1993	2.96e-58	207
PfKH01_050005500|DBLg|1|1228|1617	QE0437-C.g230	36.257	342	176	11	1	331	2798	3108	8.12e-55	197
PfKH01_050005500|DBLg|1|1228|1617	QE0437-C.g230	22.520	373	240	7	40	390	2443	2788	3.03e-21	98.6
PfKH01_050005500|DBLg|1|1228|1617	QE0437-C.g230	22.961	331	194	12	33	344	845	1133	1.66e-13	75.1
PfKH01_050005500|DBLg|1|1228|1617	QE0437-C.g230	24.272	309	183	10	37	322	113	393	3.97e-11	67.4
PfKH01_050005500|DBLg|1|1228|1617	PH0279-C.g23	100.000	390	0	0	1	390	1228	1617	0.0	806
PfKH01_050005500|DBLg|1|1228|1617	PH0279-C.g23	36.243	378	199	8	1	338	1624	1999	2.57e-58	207
PfKH01_050005500|DBLg|1|1228|1617	PH0279-C.g23	36.257	342	176	11	1	331	2804	3114	6.71e-55	197
PfKH01_050005500|DBLg|1|1228|1617	PH0279-C.g23	22.520	373	240	7	40	390	2449	2794	2.97e-21	98.6
PfKH01_050005500|DBLg|1|1228|1617	PH0279-C.g23	22.910	323	190	11	41	344	857	1139	1.45e-13	75.1
PfKH01_050005500|DBLg|1|1228|1617	PH0279-C.g23	24.272	309	183	10	37	322	113	393	3.80e-11	67.4
PfKH01_050005500|DBLg|1|1228|1617	PA0041-C.g684	96.692	393	10	1	1	390	1223	1615	0.0	781
PfKH01_050005500|DBLg|1|1228|1617	PA0041-C.g684	36.702	376	189	12	1	338	1622	1986	2.54e-57	204
PfKH01_050005500|DBLg|1|1228|1617	PA0041-C.g684	37.427	342	178	9	1	331	2772	3088	2.23e-54	196
PfKH01_050005500|DBLg|1|1228|1617	PA0041-C.g684	25.000	424	245	17	1	390	2378	2762	1.66e-18	90.1
PfKH01_050005500|DBLg|1|1228|1617	PA0041-C.g684	22.910	323	190	11	41	344	852	1134	1.38e-13	75.1
PfKH01_050005500|DBLg|1|1228|1617	PA0041-C.g684	24.272	309	183	10	37	322	114	394	3.53e-11	67.8
PfKH01_050005500|DBLg|1|1228|1617	PT0303-Cx.g1193	87.949	390	44	1	1	390	1221	1607	0.0	678
PfKH01_050005500|DBLg|1|1228|1617	PT0303-Cx.g1193	35.122	410	205	10	1	362	1614	2010	1.27e-58	208
PfKH01_050005500|DBLg|1|1228|1617	PT0303-Cx.g1193	36.578	339	180	10	1	331	2779	3090	3.29e-56	201
PfKH01_050005500|DBLg|1|1228|1617	PT0303-Cx.g1193	22.751	378	223	10	42	390	2432	2769	2.55e-19	92.8
PfKH01_050005500|DBLg|1|1228|1617	PT0303-Cx.g1193	22.291	323	195	10	41	344	847	1132	6.03e-13	73.2
PfKH01_050005500|DBLg|1|1228|1617	PT0303-Cx.g1193	24.351	308	183	9	37	322	114	393	1.49e-12	72.0
PfKH01_050005500|DBLd|1|1624|2039	QE0437-C.g230	100.000	416	0	0	1	416	1618	2033	0.0	857
PfKH01_050005500|DBLd|1|1624|2039	QE0437-C.g230	35.121	373	200	7	1	371	1222	1554	1.27e-57	206
PfKH01_050005500|DBLd|1|1624|2039	QE0437-C.g230	31.884	414	201	13	1	405	2798	3139	6.58e-44	166
PfKH01_050005500|DBLd|1|1624|2039	QE0437-C.g230	28.704	324	193	12	118	416	148	458	2.87e-19	93.2
PfKH01_050005500|DBLd|1|1624|2039	QE0437-C.g230	24.806	258	136	8	117	359	894	1108	2.95e-13	74.3
PfKH01_050005500|DBLd|1|1624|2039	PH0279-C.g23	100.000	416	0	0	1	416	1624	2039	0.0	857
PfKH01_050005500|DBLd|1|1624|2039	PH0279-C.g23	35.121	373	200	7	1	371	1228	1560	1.40e-57	206
PfKH01_050005500|DBLd|1|1624|2039	PH0279-C.g23	31.884	414	201	13	1	405	2804	3145	6.58e-44	166
PfKH01_050005500|DBLd|1|1624|2039	PH0279-C.g23	28.704	324	193	12	118	416	148	458	3.05e-19	93.2
PfKH01_050005500|DBLd|1|1624|2039	PH0279-C.g23	24.806	258	136	8	117	359	900	1114	3.03e-13	74.3
PfKH01_050005500|DBLd|1|1624|2039	PA0197-C.g101	99.038	416	4	0	1	416	1553	1968	0.0	848
PfKH01_050005500|DBLd|1|1624|2039	PA0197-C.g101	34.637	358	162	10	1	349	2734	3028	6.51e-50	184
PfKH01_050005500|DBLd|1|1624|2039	PA0197-C.g101	30.199	351	176	8	1	349	1205	1488	1.07e-34	139
PfKH01_050005500|DBLd|1|1624|2039	PA0197-C.g101	29.909	331	180	14	118	416	149	459	1.02e-17	88.2
PfKH01_050005500|DBLd|1|1624|2039	PA0197-C.g101	23.144	229	121	7	139	355	2457	2642	4.23e-08	58.2
PfKH01_050005500|DBLd|1|1624|2039	PA0197-C.g101	24.183	306	160	11	139	416	922	1183	7.52e-07	54.3
PfKH01_050005500|DBLd|1|1624|2039	PH0604-C.g96	84.323	421	52	5	1	416	1614	2025	0.0	654
PfKH01_050005500|DBLd|1|1624|2039	PH0604-C.g96	35.620	379	171	14	1	369	1254	1569	1.45e-50	186
PfKH01_050005500|DBLd|1|1624|2039	PH0604-C.g96	32.773	357	179	11	1	352	2810	3110	3.95e-43	164
PfKH01_050005500|DBLd|1|1624|2039	PH0604-C.g96	29.268	287	177	6	141	416	190	461	2.56e-31	129
PfKH01_050005500|DBLd|1|1624|2039	PH0604-C.g96	22.039	304	162	9	116	398	2463	2712	1.96e-08	59.3
PfKH01_050005500|DBLd|1|1624|2039	PH0604-C.g96	22.840	324	162	12	116	412	927	1189	5.29e-08	57.8
PfKH01_050005500|DBLd|1|1624|2039	PH0585-C.g34	84.323	421	52	5	1	416	1614	2025	0.0	654
PfKH01_050005500|DBLd|1|1624|2039	PH0585-C.g34	35.620	379	171	14	1	369	1254	1569	1.45e-50	186
PfKH01_050005500|DBLd|1|1624|2039	PH0585-C.g34	32.773	357	179	11	1	352	2810	3110	3.95e-43	164
PfKH01_050005500|DBLd|1|1624|2039	PH0585-C.g34	29.268	287	177	6	141	416	190	461	2.56e-31	129
PfKH01_050005500|DBLd|1|1624|2039	PH0585-C.g34	22.039	304	162	9	116	398	2463	2712	1.96e-08	59.3
PfKH01_050005500|DBLd|1|1624|2039	PH0585-C.g34	22.840	324	162	12	116	412	927	1189	5.29e-08	57.8
PfKH01_050005500|CIDRb|1|2040|2294	PH0279-C.g23	100.000	255	0	0	1	255	2040	2294	5.54e-170	522
PfKH01_050005500|CIDRb|1|2040|2294	PA0197-C.g101	100.000	255	0	0	1	255	1969	2223	5.87e-170	522
PfKH01_050005500|CIDRb|1|2040|2294	QE0437-C.g230	100.000	255	0	0	1	255	2034	2288	5.93e-170	522
PfKH01_050005500|CIDRb|1|2040|2294	QG0296-C.g2781	100.000	255	0	0	1	255	1520	1774	6.15e-170	521
PfKH01_050005500|CIDRb|1|2040|2294	PV0233-C.g12	100.000	255	0	0	1	255	2020	2274	6.21e-170	522
PfKH01_050005500|CIDRb|1|2040|2294	PV0233-C.g12	38.824	255	156	0	1	255	469	723	3.52e-43	158
PfKH01_050005500|DBLb|2|2329|2794	QE0437-C.g230	100.000	466	0	0	1	466	2323	2788	0.0	969
PfKH01_050005500|DBLb|2|2329|2794	QE0437-C.g230	45.491	499	217	15	1	466	730	1206	1.41e-114	373
PfKH01_050005500|DBLb|2|2329|2794	QE0437-C.g230	27.542	472	269	18	14	452	19	450	1.68e-33	137
PfKH01_050005500|DBLb|2|2329|2794	QE0437-C.g230	24.000	375	232	9	121	466	1261	1611	2.78e-21	100
PfKH01_050005500|DBLb|2|2329|2794	QE0437-C.g230	25.890	309	171	11	116	396	2828	3106	3.27e-16	84.3
PfKH01_050005500|DBLb|2|2329|2794	PH0279-C.g23	100.000	466	0	0	1	466	2329	2794	0.0	969
PfKH01_050005500|DBLb|2|2329|2794	PH0279-C.g23	41.905	525	204	16	1	466	730	1212	9.88e-110	359
PfKH01_050005500|DBLb|2|2329|2794	PH0279-C.g23	27.542	472	269	18	14	452	19	450	1.63e-33	137
PfKH01_050005500|DBLb|2|2329|2794	PH0279-C.g23	24.000	375	232	9	121	466	1267	1617	2.70e-21	100
PfKH01_050005500|DBLb|2|2329|2794	PH0279-C.g23	26.214	309	170	13	116	396	2834	3112	3.15e-16	84.3
PfKH01_050005500|DBLb|2|2329|2794	PT0195-Cx.g16	73.517	472	117	5	1	466	2279	2748	0.0	677
PfKH01_050005500|DBLb|2|2329|2794	PT0195-Cx.g16	45.276	508	201	11	1	466	730	1202	4.94e-116	377
PfKH01_050005500|DBLb|2|2329|2794	PT0195-Cx.g16	32.343	303	160	11	83	369	75	348	2.64e-32	133
PfKH01_050005500|DBLb|2|2329|2794	PT0195-Cx.g16	28.378	296	150	10	116	375	2788	3057	6.14e-25	111
PfKH01_050005500|DBLb|2|2329|2794	PT0195-Cx.g16	24.272	309	164	11	130	404	1273	1545	9.21e-13	73.6
PfKH01_050005500|DBLb|2|2329|2794	PF0288-C.g77	68.936	470	134	6	1	466	2218	2679	0.0	648
PfKH01_050005500|DBLb|2|2329|2794	PF0288-C.g77	47.153	439	163	16	49	466	774	1164	7.11e-105	345
PfKH01_050005500|DBLb|2|2329|2794	PF0288-C.g77	30.696	316	171	11	131	416	134	431	1.68e-30	128
PfKH01_050005500|DBLb|2|2329|2794	PF0288-C.g77	24.746	295	164	11	130	396	2735	2999	1.05e-11	70.1
PfKH01_050005500|DBLb|2|2329|2794	PF0288-C.g77	25.248	202	113	7	130	316	1230	1408	1.54e-10	66.2
PfKH01_050005500|DBLb|2|2329|2794	PF0288-C.g77	23.837	344	170	13	126	408	1575	1887	7.81e-09	60.8
PfKH01_050005500|DBLb|2|2329|2794	PF0122-C.g42	67.521	468	135	8	1	466	2284	2736	0.0	629
PfKH01_050005500|DBLb|2|2329|2794	PF0122-C.g42	41.992	512	218	18	1	466	731	1209	6.25e-107	351
PfKH01_050005500|DBLb|2|2329|2794	PF0122-C.g42	29.930	431	236	19	12	409	13	410	5.13e-33	135
PfKH01_050005500|DBLb|2|2329|2794	PF0122-C.g42	26.950	282	144	10	130	375	2792	3047	1.75e-19	94.4
PfKH01_050005500|DBLb|2|2329|2794	PF0122-C.g42	26.570	207	122	8	130	316	1278	1474	6.09e-09	61.2
PfKH01_050005500|DBLb|2|2329|2794	PF0122-C.g42	22.152	316	154	13	126	376	1641	1929	1.19e-08	60.5
PfKH01_050005500|DBLg|2|2804|3154	QE0437-C.g230	100.000	351	0	0	1	351	2798	3148	0.0	724
PfKH01_050005500|DBLg|2|2804|3154	QE0437-C.g230	35.882	340	180	10	1	311	1222	1552	5.03e-53	190
PfKH01_050005500|DBLg|2|2804|3154	QE0437-C.g230	31.884	414	201	13	1	342	1618	2022	1.97e-40	154
PfKH01_050005500|DBLg|2|2804|3154	QE0437-C.g230	24.911	281	160	10	31	289	845	1096	2.52e-15	79.7
PfKH01_050005500|DBLg|2|2804|3154	QE0437-C.g230	24.430	307	178	9	31	309	2438	2718	1.73e-14	77.4
PfKH01_050005500|DBLg|2|2804|3154	QE0437-C.g230	25.366	205	127	6	112	291	179	382	1.09e-07	56.2
PfKH01_050005500|DBLg|2|2804|3154	PH0279-C.g23	100.000	351	0	0	1	351	2804	3154	0.0	724
PfKH01_050005500|DBLg|2|2804|3154	PH0279-C.g23	35.882	340	180	10	1	311	1228	1558	4.89e-53	191
PfKH01_050005500|DBLg|2|2804|3154	PH0279-C.g23	31.884	414	201	13	1	342	1624	2028	1.99e-40	154
PfKH01_050005500|DBLg|2|2804|3154	PH0279-C.g23	24.756	307	177	11	31	309	2444	2724	1.79e-14	77.4
PfKH01_050005500|DBLg|2|2804|3154	PH0279-C.g23	24.199	281	162	10	31	289	851	1102	6.38e-14	75.5
PfKH01_050005500|DBLg|2|2804|3154	PH0279-C.g23	25.366	205	127	6	112	291	179	382	1.09e-07	56.2
PfKH01_050005500|DBLg|2|2804|3154	PC0077-C.g385	96.581	351	12	0	1	351	2715	3065	0.0	703
PfKH01_050005500|DBLg|2|2804|3154	PC0077-C.g385	48.056	360	162	8	1	351	1203	1546	1.74e-82	275
PfKH01_050005500|DBLg|2|2804|3154	PC0077-C.g385	30.532	357	162	11	26	313	1577	1916	5.92e-37	144
PfKH01_050005500|DBLg|2|2804|3154	PC0077-C.g385	27.719	285	165	9	43	309	2374	2635	5.20e-17	85.1
PfKH01_050005500|DBLg|2|2804|3154	PC0077-C.g385	25.746	268	155	9	31	276	837	1082	1.56e-12	71.2
PfKH01_050005500|DBLg|2|2804|3154	PC0077-C.g385	25.632	277	157	9	46	291	124	382	3.39e-09	60.8
PfKH01_050005500|DBLg|2|2804|3154	QG0246-C.g1914	93.084	347	22	1	1	345	1518	1864	0.0	665
PfKH01_050005500|DBLg|2|2804|3154	QG0246-C.g1914	43.987	316	145	7	42	351	44	333	8.40e-72	244
PfKH01_050005500|DBLg|2|2804|3154	QG0246-C.g1914	32.105	380	178	13	1	318	338	699	1.09e-42	160
PfKH01_050005500|DBLg|2|2804|3154	QG0246-C.g1914	25.890	309	183	11	25	309	1152	1438	7.28e-17	84.3
PfKH01_050005500|DBLg|2|2804|3154	PF0288-C.g77	93.084	347	22	1	1	345	2689	3035	0.0	663
PfKH01_050005500|DBLg|2|2804|3154	PF0288-C.g77	48.056	360	162	8	1	351	1184	1527	2.83e-82	275
PfKH01_050005500|DBLg|2|2804|3154	PF0288-C.g77	34.604	341	162	12	26	314	1558	1889	6.89e-46	170
PfKH01_050005500|DBLg|2|2804|3154	PF0288-C.g77	26.316	342	193	13	1	309	2294	2609	1.80e-18	89.4
PfKH01_050005500|DBLg|2|2804|3154	PF0288-C.g77	25.614	285	170	9	38	292	126	398	3.97e-09	60.8
PfKH01_050005500|DBLg|2|2804|3154	PF0288-C.g77	26.818	220	121	8	77	276	864	1063	4.01e-09	60.8
PfKH01_050005500|ATS|1|3327|3750	PV0099-C.g17	83.796	432	57	5	1	424	2971	3397	0.0	726
PfKH01_050005500|ATS|1|3327|3750	PA0262-C.g127	81.637	452	51	6	1	424	2860	3307	0.0	721
PfKH01_050005500|ATS|1|3327|3750	QE0463-C.g287	83.603	433	58	5	1	424	2589	3017	0.0	719
PfKH01_050005500|ATS|1|3327|3750	PV0139-C.g51	83.603	433	57	6	1	424	2344	2771	0.0	718
PfKH01_050005500|ATS|1|3327|3750	PF0590-C.g183	85.849	424	52	6	1	424	2367	2782	0.0	718
PfKH01_050005600|NTS|1|49|109	PH0279-C.g57	100.000	61	0	0	1	61	49	109	7.58e-32	117
PfKH01_050005600|NTS|1|49|109	PfKE05.g11	71.667	60	17	0	2	61	5	64	5.90e-22	89.0
PfKH01_050005600|NTS|1|49|109	QE0419-C.g642	71.186	59	17	0	3	61	10	68	8.51e-21	85.5
PfKH01_050005600|NTS|1|49|109	PV0035-C.g42	71.186	59	17	0	3	61	10	68	9.20e-21	85.5
PfKH01_050005600|NTS|1|49|109	SenT136.09.g634	73.438	64	13	3	2	61	2	65	1.56e-20	84.7
PfKH01_050005600|DBLa|1|110|525	PH0279-C.g57	100.000	415	0	0	2	416	164	578	0.0	867
PfKH01_050005600|DBLa|1|110|525	PH0279-C.g57	33.333	318	151	11	66	367	976	1248	2.37e-37	147
PfKH01_050005600|DBLa|1|110|525	PV0134-C.g45	80.622	418	73	3	1	416	121	532	0.0	671
PfKH01_050005600|DBLa|1|110|525	PV0134-C.g45	28.962	366	176	14	43	382	905	1212	5.97e-28	119
PfKH01_050005600|DBLa|1|110|525	PV0134-C.g45	25.576	434	236	17	54	416	1830	2247	5.89e-21	98.2
PfKH01_050005600|DBLa|1|110|525	PA0074-C.g180	88.308	402	43	4	17	416	104	503	0.0	666
PfKH01_050005600|DBLa|1|110|525	PA0074-C.g180	27.184	309	164	10	66	355	904	1170	6.76e-28	119
PfKH01_050005600|DBLa|1|110|525	PA0074-C.g180	32.124	193	110	6	235	416	2123	2305	6.07e-16	82.8
PfKH01_050005600|DBLa|1|110|525	PA0074-C.g180	24.834	302	182	13	61	349	1322	1591	6.06e-12	70.5
PfKH01_050005600|DBLa|1|110|525	PA0061-C.g254	88.308	402	43	4	17	416	104	503	0.0	666
PfKH01_050005600|DBLa|1|110|525	PA0061-C.g254	27.184	309	164	10	66	355	904	1170	6.76e-28	119
PfKH01_050005600|DBLa|1|110|525	PA0061-C.g254	32.124	193	110	6	235	416	2123	2305	6.07e-16	82.8
PfKH01_050005600|DBLa|1|110|525	PA0061-C.g254	24.834	302	182	13	61	349	1322	1591	6.06e-12	70.5
PfKH01_050005600|DBLa|1|110|525	PT0219-C.g292	74.645	422	91	4	1	416	88	499	0.0	639
PfKH01_050005600|DBLa|1|110|525	PT0219-C.g292	30.641	359	188	12	66	410	1421	1732	3.03e-31	129
PfKH01_050005600|DBLa|1|110|525	PT0219-C.g292	30.847	295	153	8	63	348	897	1149	1.32e-30	127
PfKH01_050005600|DBLa|1|110|525	PT0219-C.g292	28.070	171	113	4	249	416	2258	2421	3.44e-12	71.2
PfKH01_050005600|CIDRa|1|526|801	PH0279-C.g57	100.000	276	0	0	1	276	579	854	0.0	565
PfKH01_050005600|CIDRa|1|526|801	PM0041-C.g449	84.211	285	36	1	1	276	519	803	5.76e-147	439
PfKH01_050005600|CIDRa|1|526|801	PA0039-C.g198	85.507	276	40	0	1	276	536	811	2.61e-146	445
PfKH01_050005600|CIDRa|1|526|801	PT0005-CW.g847	82.609	276	48	0	1	276	485	760	2.78e-145	439
PfKH01_050005600|CIDRa|1|526|801	QG0293-C.g1681	85.507	276	40	0	1	276	374	649	7.47e-145	450
PfKH01_050005600|CIDRa|1|526|801	QG0293-C.g1681	26.506	166	118	3	1	164	1782	1945	1.64e-07	54.7
PfKH01_050005600|DBLb|1|807|1271	PH0279-C.g57	100.000	465	0	0	1	465	860	1324	0.0	972
PfKH01_050005600|DBLb|1|807|1271	PH0279-C.g57	33.803	284	133	9	117	355	228	501	1.02e-31	131
PfKH01_050005600|DBLb|1|807|1271	QE0400-C.g44	96.129	465	17	1	1	465	720	1183	0.0	933
PfKH01_050005600|DBLb|1|807|1271	QE0400-C.g44	30.645	372	193	14	26	355	32	380	6.21e-28	120
PfKH01_050005600|DBLb|1|807|1271	QE0400-C.g44	26.599	297	167	10	85	355	1220	1491	8.23e-16	83.2
PfKH01_050005600|DBLb|1|807|1271	QE0400-C.g44	23.469	196	103	6	241	389	1947	2142	2.01e-07	56.2
PfKH01_050005600|DBLb|1|807|1271	QE0414-C.g408	96.129	465	17	1	1	465	720	1183	0.0	931
PfKH01_050005600|DBLb|1|807|1271	QE0414-C.g408	30.645	372	193	14	26	355	32	380	6.14e-28	120
PfKH01_050005600|DBLb|1|807|1271	QE0414-C.g408	26.599	297	167	10	85	355	1220	1491	7.54e-16	83.2
PfKH01_050005600|DBLb|1|807|1271	PV0287-C.g51	96.129	465	17	1	1	465	720	1183	0.0	931
PfKH01_050005600|DBLb|1|807|1271	PV0287-C.g51	30.645	372	193	14	26	355	32	380	5.04e-28	120
PfKH01_050005600|DBLb|1|807|1271	PV0287-C.g51	26.599	297	167	10	85	355	1220	1491	6.80e-16	83.2
PfKH01_050005600|DBLb|1|807|1271	PV0094-C.g15	96.129	465	17	1	1	465	720	1183	0.0	931
PfKH01_050005600|DBLb|1|807|1271	PV0094-C.g15	30.645	372	193	14	26	355	32	380	6.14e-28	120
PfKH01_050005600|DBLb|1|807|1271	PV0094-C.g15	26.599	297	167	10	85	355	1220	1491	7.54e-16	83.2
PfKH01_050005600|DBLg|1|1290|1649	QE0400-C.g44	100.000	360	0	0	1	360	1202	1561	0.0	757
PfKH01_050005600|DBLg|1|1290|1649	QE0400-C.g44	28.049	410	179	11	18	311	1718	2127	1.56e-36	143
PfKH01_050005600|DBLg|1|1290|1649	QE0400-C.g44	25.559	313	188	8	43	322	112	412	5.18e-20	94.4
PfKH01_050005600|DBLg|1|1290|1649	QE0400-C.g44	26.599	297	167	10	19	290	803	1073	6.47e-16	82.0
PfKH01_050005600|DBLg|1|1290|1649	PV0287-C.g51	100.000	360	0	0	1	360	1202	1561	0.0	756
PfKH01_050005600|DBLg|1|1290|1649	PV0287-C.g51	25.559	313	188	8	43	322	112	412	4.02e-20	94.4
PfKH01_050005600|DBLg|1|1290|1649	PV0287-C.g51	26.599	297	167	10	19	290	803	1073	2.67e-16	82.8
PfKH01_050005600|DBLg|1|1290|1649	PV0287-C.g51	36.364	99	33	3	71	145	1851	1943	1.23e-07	56.2
PfKH01_050005600|DBLg|1|1290|1649	PV0155-C.g28	100.000	360	0	0	1	360	519	878	0.0	756
PfKH01_050005600|DBLg|1|1290|1649	PV0155-C.g28	26.599	297	167	10	19	290	120	390	2.70e-16	82.8
PfKH01_050005600|DBLg|1|1290|1649	QE0414-C.g408	100.000	360	0	0	1	360	1202	1561	0.0	755
PfKH01_050005600|DBLg|1|1290|1649	QE0414-C.g408	26.667	465	163	17	18	316	1718	2170	5.08e-30	124
PfKH01_050005600|DBLg|1|1290|1649	QE0414-C.g408	25.559	313	188	8	43	322	112	412	4.29e-20	94.4
PfKH01_050005600|DBLg|1|1290|1649	QE0414-C.g408	26.599	297	167	10	19	290	803	1073	3.94e-16	82.4
PfKH01_050005600|DBLg|1|1290|1649	PV0094-C.g15	100.000	360	0	0	1	360	1202	1561	0.0	755
PfKH01_050005600|DBLg|1|1290|1649	PV0094-C.g15	26.667	465	163	17	18	316	1718	2170	5.08e-30	124
PfKH01_050005600|DBLg|1|1290|1649	PV0094-C.g15	25.559	313	188	8	43	322	112	412	4.29e-20	94.4
PfKH01_050005600|DBLg|1|1290|1649	PV0094-C.g15	26.599	297	167	10	19	290	803	1073	3.94e-16	82.4
PfKH01_050005600|DBLd|1|1779|2287	PH0279-C.g105	100.000	509	0	0	1	509	318	826	0.0	1048
PfKH01_050005600|DBLd|1|1779|2287	PH0279-C.g105	35.780	109	49	4	332	440	33	120	4.59e-07	55.1
PfKH01_050005600|DBLd|1|1779|2287	QE0438-C.g948	90.998	511	36	3	1	509	301	803	0.0	916
PfKH01_050005600|DBLd|1|1779|2287	QE0399-C.g43	90.998	511	36	3	1	509	301	803	0.0	915
PfKH01_050005600|DBLd|1|1779|2287	QE0424-C.g827	90.802	511	37	3	1	509	301	803	0.0	913
PfKH01_050005600|DBLd|1|1779|2287	SenV092.05.g361	57.006	521	176	13	1	509	850	1334	3.80e-167	517
PfKH01_050005600|DBLd|1|1779|2287	SenV092.05.g361	36.047	86	50	1	336	421	295	375	4.36e-08	58.5
PfKH01_050005600|CIDRb|1|2288|2546	PH0279-C.g105	100.000	259	0	0	1	259	827	1085	0.0	534
PfKH01_050005600|CIDRb|1|2288|2546	QE0438-C.g948	100.000	259	0	0	1	259	804	1062	0.0	531
PfKH01_050005600|CIDRb|1|2288|2546	QE0424-C.g827	100.000	259	0	0	1	259	804	1062	0.0	531
PfKH01_050005600|CIDRb|1|2288|2546	QE0399-C.g43	100.000	251	0	0	1	251	804	1054	8.13e-177	516
PfKH01_050005600|CIDRb|1|2288|2546	QG0205-C.g559	73.308	266	61	6	1	259	1450	1712	5.41e-120	378
PfKH01_050005600|ATS|1|2665|3125	PD0483-C.g348	84.165	461	58	3	1	459	2589	3036	0.0	745
PfKH01_050005600|ATS|1|2665|3125	PA0270-C.g443	81.385	462	66	8	1	459	2185	2629	0.0	726
PfKH01_050005600|ATS|1|2665|3125	PA0204-C.g659	82.845	478	48	8	1	459	1701	2163	0.0	717
PfKH01_050005600|ATS|1|2665|3125	PC0122-C.g100	80.176	454	51	7	1	452	1987	2403	0.0	698
PfKH01_050005600|ATS|1|2665|3125	PA0245-C.g391	78.091	461	64	9	1	459	2512	2937	0.0	692
PfKH01_050038400|NTS|1|1|65	PH0279-C.g70	100.000	65	0	0	1	65	1	65	6.29e-36	129
PfKH01_050038400|NTS|1|1|65	PC0070-C.g412	73.846	65	15	1	1	65	1	63	1.19e-21	88.2
PfKH01_050038400|NTS|1|1|65	PT0005-CW.g909	76.786	56	13	0	9	64	7	62	4.35e-18	78.2
PfKH01_050038400|NTS|1|1|65	PA0195-C.g715	66.667	57	19	0	9	65	7	63	4.04e-17	75.1
PfKH01_050038400|NTS|1|1|65	PA0228-C.g5134	60.000	65	25	1	1	65	1	64	5.75e-17	74.7
PfKH01_050038400|DBLa|1|66|492	PH0279-C.g70	100.000	427	0	0	1	427	66	492	0.0	895
PfKH01_050038400|DBLa|1|66|492	PH0279-C.g70	29.947	187	108	5	247	427	1182	1351	1.64e-14	78.6
PfKH01_050038400|DBLa|1|66|492	PD0543-C.g704	86.897	435	41	5	1	427	65	491	0.0	759
PfKH01_050038400|DBLa|1|66|492	PD0543-C.g704	22.872	376	202	12	109	427	976	1320	2.23e-11	68.6
PfKH01_050038400|DBLa|1|66|492	PA0057-C.g429	83.447	441	58	5	1	427	68	507	0.0	747
PfKH01_050038400|DBLa|1|66|492	PA0057-C.g429	25.439	342	187	13	125	427	1013	1325	1.65e-14	78.6
PfKH01_050038400|DBLa|1|66|492	PA0026-C.g310	83.447	441	58	5	1	427	68	507	0.0	747
PfKH01_050038400|DBLa|1|66|492	PA0026-C.g310	25.439	342	187	13	125	427	1013	1325	1.65e-14	78.6
PfKH01_050038400|DBLa|1|66|492	PM0018-C.g496	70.345	435	104	8	13	427	79	508	0.0	600
PfKH01_050038400|DBLa|1|66|492	PM0018-C.g496	31.148	183	112	7	249	427	1235	1407	2.01e-09	62.4
PfKH01_050038400|CIDRa|1|493|749	PH0279-C.g70	100.000	257	0	0	1	257	493	749	3.63e-178	535
PfKH01_050038400|CIDRa|1|493|749	PD0543-C.g704	98.833	257	3	0	1	257	492	748	1.50e-175	528
PfKH01_050038400|CIDRa|1|493|749	QG0282-C.g640	81.323	257	44	2	1	257	488	740	8.68e-136	421
PfKH01_050038400|CIDRa|1|493|749	PA0057-C.g429	77.432	257	56	1	1	257	508	762	2.36e-133	414
PfKH01_050038400|CIDRa|1|493|749	PA0026-C.g310	77.432	257	56	1	1	257	508	762	2.36e-133	414
PfKH01_050038400|DBLd|1|820|1351	PH0279-C.g70	100.000	532	0	0	1	532	820	1351	0.0	1100
PfKH01_050038400|DBLd|1|820|1351	PH0279-C.g70	29.947	187	108	6	363	532	312	492	4.11e-15	81.3
PfKH01_050038400|DBLd|1|820|1351	PV0285-C.g55	72.661	545	81	5	1	532	895	1384	0.0	771
PfKH01_050038400|DBLd|1|820|1351	PV0285-C.g55	25.984	381	183	15	202	532	180	511	8.52e-17	86.7
PfKH01_050038400|DBLd|1|820|1351	PV0286-C.g37	72.661	545	81	5	1	532	895	1384	0.0	771
PfKH01_050038400|DBLd|1|820|1351	PV0286-C.g37	25.806	372	178	14	211	532	188	511	9.93e-17	86.3
PfKH01_050038400|DBLd|1|820|1351	PV0182-C.g81	67.207	555	94	8	1	532	499	988	0.0	709
PfKH01_050038400|DBLd|1|820|1351	PV0182-C.g81	30.588	170	95	5	379	532	1	163	6.83e-10	64.3
PfKH01_050038400|DBLd|1|820|1351	SenT001.11.g1395	56.614	567	191	13	1	532	920	1466	3.34e-173	529
PfKH01_050038400|DBLd|1|820|1351	SenT001.11.g1395	27.333	300	139	14	268	532	261	516	2.00e-18	91.7
PfKH01_050038400|CIDRg|1|1352|1610	PV0182-C.g81	100.000	259	0	0	1	259	989	1247	2.55e-178	528
PfKH01_050038400|CIDRg|1|1352|1610	PV0286-C.g37	100.000	259	0	0	1	259	1385	1643	7.33e-176	530
PfKH01_050038400|CIDRg|1|1352|1610	PH0279-C.g70	100.000	259	0	0	1	259	1352	1610	8.18e-176	529
PfKH01_050038400|CIDRg|1|1352|1610	PV0285-C.g55	100.000	259	0	0	1	259	1385	1643	3.16e-175	530
PfKH01_050038400|CIDRg|1|1352|1610	PV0285-C.g55	100.000	69	0	0	191	259	1683	1751	2.61e-37	141
PfKH01_050038400|CIDRg|1|1352|1610	PA0161-C.g685	92.664	259	18	1	1	259	1341	1598	4.70e-159	484
PfKH01_050038400|ATS|1|1723|2187	PD0483-C.g348	83.617	470	60	4	1	465	2589	3046	0.0	754
PfKH01_050038400|ATS|1|1723|2187	PA0270-C.g443	81.277	470	68	7	1	465	2185	2639	0.0	747
PfKH01_050038400|ATS|1|1723|2187	PA0245-C.g391	79.531	469	59	8	1	465	2512	2947	0.0	727
PfKH01_050038400|ATS|1|1723|2187	PV0028-C.g50	78.054	483	61	9	1	465	2600	3055	0.0	717
PfKH01_050038400|ATS|1|1723|2187	PA0204-C.g659	81.109	487	56	9	1	465	1701	2173	0.0	715
PfKH01_060006700|NTS|1|1|57	PV0028-C.g111	100.000	57	0	0	1	57	1	57	1.32e-32	119
PfKH01_060006700|NTS|1|1|57	PM0138-C.g726	78.723	47	10	0	11	57	12	58	1.55e-17	75.9
PfKH01_060006700|NTS|1|1|57	PA0204-C.g6	72.917	48	13	0	10	57	17	64	1.40e-16	73.2
PfKH01_060006700|NTS|1|1|57	SenT233.08.g1524	72.917	48	13	0	10	57	17	64	1.40e-16	73.2
PfKH01_060006700|NTS|1|1|57	PfKE05.g229	78.723	47	10	0	11	57	12	58	7.80e-16	71.2
PfKH01_060006700|DBLa|1|58|492	PV0028-C.g111	98.161	435	8	0	1	435	58	492	0.0	889
PfKH01_060006700|DBLa|1|58|492	PV0028-C.g111	25.090	279	148	9	186	435	1128	1374	5.46e-14	77.0
PfKH01_060006700|DBLa|1|58|492	PT0106-C.g743	82.805	442	68	2	1	435	69	509	0.0	751
PfKH01_060006700|DBLa|1|58|492	PT0106-C.g743	23.750	320	183	8	143	435	1144	1429	2.06e-11	68.9
PfKH01_060006700|DBLa|1|58|492	PF0035-C.g361	79.326	445	73	6	1	435	68	503	0.0	705
PfKH01_060006700|DBLa|1|58|492	PF0035-C.g361	29.688	192	97	7	177	338	1192	1375	1.05e-12	72.8
PfKH01_060006700|DBLa|1|58|492	PA0008-C.g1080	77.313	454	79	8	1	435	67	515	0.0	673
PfKH01_060006700|DBLa|1|58|492	PA0008-C.g1080	23.582	335	189	11	133	435	1135	1434	8.33e-09	60.5
PfKH01_060006700|DBLa|1|58|492	PF0152-C.g810	75.947	449	87	10	1	435	66	507	0.0	652
PfKH01_060006700|CIDRa|1|493|784	PV0028-C.g111	100.000	292	0	0	1	292	493	784	0.0	598
PfKH01_060006700|CIDRa|1|493|784	PF0037-C.g715	69.805	308	69	5	1	290	490	791	1.45e-113	362
PfKH01_060006700|CIDRa|1|493|784	PF0037-C.g715	30.579	121	80	3	121	241	1484	1600	5.96e-07	53.1
PfKH01_060006700|CIDRa|1|493|784	PM0068-C.g541	63.291	316	88	6	1	291	498	810	6.11e-105	337
PfKH01_060006700|CIDRa|1|493|784	PA0251-C.g738	66.107	298	89	6	1	292	530	821	2.97e-102	329
PfKH01_060006700|CIDRa|1|493|784	PM0159-C.g766	64.452	301	93	5	1	292	530	825	8.28e-99	320
PfKH01_060006700|DBLd|1|869|1347	PH0279-C.g60	81.996	511	56	5	1	479	843	1349	0.0	787
PfKH01_060006700|DBLd|1|869|1347	PH0279-C.g60	32.967	182	105	8	312	479	313	491	5.23e-15	80.5
PfKH01_060006700|DBLd|1|869|1347	QE0397-C.g545	63.501	537	123	10	1	479	842	1363	0.0	615
PfKH01_060006700|DBLd|1|869|1347	QE0397-C.g545	31.720	186	106	7	312	479	312	494	4.95e-13	74.3
PfKH01_060006700|DBLd|1|869|1347	PD0491-C.g1068	62.193	529	132	15	1	479	825	1335	0.0	567
PfKH01_060006700|DBLd|1|869|1347	PD0491-C.g1068	33.129	163	98	5	312	465	298	458	6.73e-15	80.1
PfKH01_060006700|DBLd|1|869|1347	PD0494-C.g568	60.870	529	137	16	1	479	825	1333	4.34e-179	547
PfKH01_060006700|DBLd|1|869|1347	PD0494-C.g568	33.129	163	98	5	312	465	298	458	6.62e-15	80.1
PfKH01_060006700|DBLd|1|869|1347	PM0103-C.g188	56.164	511	158	13	1	479	1331	1807	8.68e-163	509
PfKH01_060006700|DBLd|1|869|1347	PM0103-C.g188	31.551	187	104	7	312	479	310	491	2.91e-13	75.1
PfKH01_060006700|CIDRb|1|1348|1605	PV0209-C.g47	100.000	258	0	0	1	258	1098	1355	1.48e-178	531
PfKH01_060006700|CIDRb|1|1348|1605	PD0494-C.g568	100.000	258	0	0	1	258	1334	1591	2.22e-177	533
PfKH01_060006700|CIDRb|1|1348|1605	PH0279-C.g60	100.000	258	0	0	1	258	1350	1607	2.53e-177	533
PfKH01_060006700|CIDRb|1|1348|1605	PH0279-C.g60	29.508	122	78	3	73	192	561	676	2.14e-08	57.0
PfKH01_060006700|CIDRb|1|1348|1605	PD0491-C.g1068	100.000	258	0	0	1	258	1336	1593	2.76e-177	533
PfKH01_060006700|CIDRb|1|1348|1605	QE0397-C.g545	100.000	258	0	0	1	258	1364	1621	4.83e-177	533
PfKH01_060006700|ATS|1|1717|2153	PA0245-C.g998	82.826	460	54	4	1	437	1706	2163	0.0	746
PfKH01_060006700|ATS|1|1717|2153	PV0028-C.g50	83.007	459	53	7	1	437	2600	3055	0.0	726
PfKH01_060006700|ATS|1|1717|2153	PC0097-C.g664	82.889	450	62	5	1	437	2364	2811	0.0	723
PfKH01_060006700|ATS|1|1717|2153	PFKE01.g19	86.517	445	46	6	1	437	1733	2171	0.0	722
PfKH01_060006700|ATS|1|1717|2153	QE0395-C.g30	88.764	445	41	4	1	437	891	1334	0.0	717
PfKH01_060024600|NTS|1|1|66	PF0789-C.g480	100.000	66	0	0	1	66	1	66	4.78e-40	140
PfKH01_060024600|NTS|1|1|66	PM0029-C.g1862	100.000	66	0	0	1	66	1	66	4.88e-40	140
PfKH01_060024600|NTS|1|1|66	PH0059-C.g419	100.000	66	0	0	1	66	1	66	5.98e-40	140
PfKH01_060024600|NTS|1|1|66	QE0444-C.g403	100.000	66	0	0	1	66	1	66	6.59e-40	140
PfKH01_060024600|NTS|1|1|66	PV0286-C.g19	100.000	66	0	0	1	66	1	66	6.59e-40	140
PfKH01_060024600|DBLa|1|67|491	QE0444-C.g403	100.000	425	0	0	1	425	67	491	0.0	900
PfKH01_060024600|DBLa|1|67|491	QE0444-C.g403	27.660	329	163	14	123	425	1008	1287	5.20e-14	77.0
PfKH01_060024600|DBLa|1|67|491	PV0286-C.g19	100.000	425	0	0	1	425	67	491	0.0	900
PfKH01_060024600|DBLa|1|67|491	PV0286-C.g19	27.660	329	163	14	123	425	1008	1287	5.20e-14	77.0
PfKH01_060024600|DBLa|1|67|491	PV0285-C.g12	100.000	425	0	0	1	425	67	491	0.0	900
PfKH01_060024600|DBLa|1|67|491	PV0285-C.g12	27.660	329	163	14	123	425	1008	1287	5.20e-14	77.0
PfKH01_060024600|DBLa|1|67|491	PV0133-C.g31	100.000	425	0	0	1	425	67	491	0.0	900
PfKH01_060024600|DBLa|1|67|491	PV0133-C.g31	27.660	329	163	14	123	425	1008	1287	5.20e-14	77.0
PfKH01_060024600|DBLa|1|67|491	PH0704-C.g500	100.000	425	0	0	1	425	67	491	0.0	900
PfKH01_060024600|DBLa|1|67|491	PH0704-C.g500	27.660	329	163	14	123	425	1008	1287	5.20e-14	77.0
PfKH01_060024600|CIDRa|1|492|757	QE0444-C.g403	100.000	266	0	0	1	266	492	757	0.0	556
PfKH01_060024600|CIDRa|1|492|757	PV0286-C.g19	100.000	266	0	0	1	266	492	757	0.0	556
PfKH01_060024600|CIDRa|1|492|757	PV0285-C.g12	100.000	266	0	0	1	266	492	757	0.0	556
PfKH01_060024600|CIDRa|1|492|757	PV0133-C.g31	100.000	266	0	0	1	266	492	757	0.0	556
PfKH01_060024600|CIDRa|1|492|757	PH0704-C.g500	100.000	266	0	0	1	266	492	757	0.0	556
PfKH01_060024600|DBLd|1|831|1287	PV0251-C.g39	100.000	457	0	0	1	457	5	461	0.0	958
PfKH01_060024600|DBLd|1|831|1287	PV0184-C.g10	100.000	457	0	0	1	457	178	634	0.0	955
PfKH01_060024600|DBLd|1|831|1287	PV0087-C.g18	100.000	457	0	0	1	457	311	767	0.0	955
PfKH01_060024600|DBLd|1|831|1287	QE0444-C.g403	100.000	457	0	0	1	457	831	1287	0.0	953
PfKH01_060024600|DBLd|1|831|1287	QE0444-C.g403	28.571	329	160	15	178	457	189	491	1.55e-20	97.4
PfKH01_060024600|DBLd|1|831|1287	PV0286-C.g19	100.000	457	0	0	1	457	831	1287	0.0	953
PfKH01_060024600|DBLd|1|831|1287	PV0286-C.g19	28.571	329	160	15	178	457	189	491	1.55e-20	97.4
PfKH01_060024600|CIDRb|1|1288|1540	PV0184-C.g10	100.000	253	0	0	1	253	635	887	9.10e-178	518
PfKH01_060024600|CIDRb|1|1288|1540	PV0251-C.g39	100.000	253	0	0	1	253	462	714	4.30e-176	518
PfKH01_060024600|CIDRb|1|1288|1540	PM0073-C.g489	100.000	253	0	0	1	253	406	658	1.53e-175	517
PfKH01_060024600|CIDRb|1|1288|1540	QG0261-C.g376	100.000	253	0	0	1	253	649	901	1.67e-175	512
PfKH01_060024600|CIDRb|1|1288|1540	PV0087-C.g18	100.000	253	0	0	1	253	768	1020	2.01e-174	516
PfKH01_060024600|ATS|1|1657|2031	QE0444-C.g403	100.000	375	0	0	1	375	1657	2031	0.0	767
PfKH01_060024600|ATS|1|1657|2031	PV0286-C.g19	100.000	375	0	0	1	375	1657	2031	0.0	767
PfKH01_060024600|ATS|1|1657|2031	PV0285-C.g12	100.000	375	0	0	1	375	1657	2031	0.0	767
PfKH01_060024600|ATS|1|1657|2031	PV0133-C.g31	100.000	375	0	0	1	375	1657	2031	0.0	767
PfKH01_060024600|ATS|1|1657|2031	PH0704-C.g500	100.000	375	0	0	1	375	1657	2031	0.0	767
PfKH01_060039600|NTS|1|1|56	PC0047-C.g485	100.000	56	0	0	1	56	1	56	2.81e-29	109
PfKH01_060039600|NTS|1|1|56	PH0279-C.g22	100.000	56	0	0	1	56	1	56	5.29e-29	108
PfKH01_060039600|NTS|1|1|56	PV0209-C.g23	100.000	56	0	0	1	56	1	56	6.24e-29	108
PfKH01_060039600|NTS|1|1|56	PV0089-C.g17	100.000	56	0	0	1	56	1	56	8.04e-29	108
PfKH01_060039600|NTS|1|1|56	QG0280-C.g788	94.643	56	3	0	1	56	1	56	8.49e-27	102
PfKH01_060039600|DBLa|1|57|453	PH0279-C.g22	100.000	397	0	0	1	397	57	453	0.0	832
PfKH01_060039600|DBLa|1|57|453	PH0279-C.g22	29.846	325	165	10	55	366	834	1108	1.15e-29	124
PfKH01_060039600|DBLa|1|57|453	PH0279-C.g22	28.698	338	171	14	115	397	1663	1985	3.54e-25	110
PfKH01_060039600|DBLa|1|57|453	PH0279-C.g22	25.987	304	155	12	20	319	3015	3252	2.03e-15	80.9
PfKH01_060039600|DBLa|1|57|453	PH0279-C.g22	27.003	337	168	15	24	356	2700	2962	1.95e-11	68.6
PfKH01_060039600|DBLa|1|57|453	PH0279-C.g22	22.654	309	173	9	23	319	1210	1464	3.03e-09	61.6
PfKH01_060039600|DBLa|1|57|453	PH0279-C.g22	23.932	234	136	8	88	318	2420	2614	1.65e-08	59.3
PfKH01_060039600|DBLa|1|57|453	PV0209-C.g23	100.000	397	0	0	1	397	57	453	0.0	832
PfKH01_060039600|DBLa|1|57|453	PV0209-C.g23	28.947	342	180	10	55	383	834	1125	8.37e-30	124
PfKH01_060039600|DBLa|1|57|453	PV0209-C.g23	27.305	282	141	11	115	344	1663	1932	1.48e-17	87.4
PfKH01_060039600|DBLa|1|57|453	PV0209-C.g23	23.488	281	149	9	51	319	1238	1464	2.44e-09	62.0
PfKH01_060039600|DBLa|1|57|453	PV0089-C.g17	99.748	397	1	0	1	397	57	453	0.0	831
PfKH01_060039600|DBLa|1|57|453	PV0089-C.g17	29.846	325	165	10	55	366	834	1108	1.07e-29	124
PfKH01_060039600|DBLa|1|57|453	PV0089-C.g17	28.698	338	171	14	115	397	1663	1985	3.39e-25	110
PfKH01_060039600|DBLa|1|57|453	PV0089-C.g17	29.362	235	117	11	24	254	2648	2837	2.95e-10	64.7
PfKH01_060039600|DBLa|1|57|453	PV0089-C.g17	22.654	309	173	9	23	319	1210	1464	3.24e-09	61.6
PfKH01_060039600|DBLa|1|57|453	PV0089-C.g17	23.932	234	136	8	88	318	2368	2562	1.58e-08	59.3
PfKH01_060039600|DBLa|1|57|453	PF0590-C.g440	86.750	400	49	3	1	397	61	459	0.0	698
PfKH01_060039600|DBLa|1|57|453	PF0590-C.g440	29.021	286	143	9	51	317	834	1078	9.83e-22	100
PfKH01_060039600|DBLa|1|57|453	PF0590-C.g440	25.217	345	200	14	44	377	1629	1926	1.35e-15	81.3
PfKH01_060039600|DBLa|1|57|453	PF0590-C.g440	27.686	242	127	12	40	276	1989	2187	2.48e-11	68.2
PfKH01_060039600|DBLa|1|57|453	PA0256-C.g599	82.000	400	67	4	1	397	57	454	0.0	647
PfKH01_060039600|DBLa|1|57|453	PA0256-C.g599	30.448	335	170	13	55	358	834	1136	1.29e-28	120
PfKH01_060039600|DBLa|1|57|453	PA0256-C.g599	34.043	235	125	9	34	251	1654	1875	2.06e-25	111
PfKH01_060039600|DBLa|1|57|453	PA0256-C.g599	23.183	289	161	11	51	317	1241	1490	9.73e-09	60.1
PfKH01_060039600|CIDRa|1|454|704	PV0209-C.g23	100.000	251	0	0	1	251	454	704	3.42e-168	511
PfKH01_060039600|CIDRa|1|454|704	PV0089-C.g17	100.000	251	0	0	1	251	454	704	2.53e-166	511
PfKH01_060039600|CIDRa|1|454|704	PV0089-C.g17	26.786	224	138	8	37	246	2014	2225	8.06e-10	61.2
PfKH01_060039600|CIDRa|1|454|704	PH0279-C.g22	100.000	251	0	0	1	251	454	704	2.98e-166	511
PfKH01_060039600|CIDRa|1|454|704	PH0279-C.g22	27.119	236	142	9	27	246	2004	2225	5.63e-11	64.7
PfKH01_060039600|CIDRa|1|454|704	PA0064-C.g172	93.227	251	16	1	1	251	392	641	1.20e-155	476
PfKH01_060039600|CIDRa|1|454|704	PF0449-C.g626	93.227	251	16	1	1	251	458	707	5.31e-155	476
PfKH01_060039600|DBLb|1|724|1177	PV0089-C.g17	100.000	454	0	0	1	454	724	1177	0.0	960
PfKH01_060039600|DBLb|1|724|1177	PV0089-C.g17	34.146	246	121	9	111	333	111	338	6.90e-28	120
PfKH01_060039600|DBLb|1|724|1177	PV0089-C.g17	32.174	230	112	12	107	331	2667	2857	9.09e-18	89.0
PfKH01_060039600|DBLb|1|724|1177	PV0089-C.g17	25.357	280	160	10	108	358	2318	2577	1.11e-13	76.3
PfKH01_060039600|DBLb|1|724|1177	PV0089-C.g17	25.092	271	166	10	110	370	1241	1484	1.79e-13	75.5
PfKH01_060039600|DBLb|1|724|1177	PH0279-C.g22	100.000	454	0	0	1	454	724	1177	0.0	959
PfKH01_060039600|DBLb|1|724|1177	PH0279-C.g22	34.553	246	120	9	111	333	111	338	1.74e-28	121
PfKH01_060039600|DBLb|1|724|1177	PH0279-C.g22	30.224	268	139	13	107	369	2719	2943	2.83e-18	90.5
PfKH01_060039600|DBLb|1|724|1177	PH0279-C.g22	26.190	252	137	9	108	348	3042	3255	6.49e-16	83.2
PfKH01_060039600|DBLb|1|724|1177	PH0279-C.g22	25.357	280	160	10	108	358	2370	2629	1.15e-13	76.3
PfKH01_060039600|DBLb|1|724|1177	PH0279-C.g22	26.210	248	147	9	110	347	1241	1462	1.84e-13	75.5
PfKH01_060039600|DBLb|1|724|1177	PV0209-C.g23	100.000	454	0	0	1	454	724	1177	0.0	957
PfKH01_060039600|DBLb|1|724|1177	PV0209-C.g23	34.553	246	120	9	111	333	111	338	1.60e-28	121
PfKH01_060039600|DBLb|1|724|1177	PV0209-C.g23	25.092	271	166	10	110	370	1241	1484	1.29e-13	75.9
PfKH01_060039600|DBLb|1|724|1177	QG0247-C.g2010	57.172	488	169	10	1	454	828	1309	1.07e-170	533
PfKH01_060039600|DBLb|1|724|1177	QG0247-C.g2010	27.885	416	214	16	6	349	3	404	4.80e-27	117
PfKH01_060039600|DBLb|1|724|1177	QG0247-C.g2010	26.336	262	129	10	110	335	1377	1610	2.17e-11	68.9
PfKH01_060039600|DBLb|1|724|1177	PV0099-C.g28	58.511	470	171	9	1	454	737	1198	1.69e-170	533
PfKH01_060039600|DBLb|1|724|1177	PV0099-C.g28	30.521	403	209	12	80	454	2388	2747	8.84e-41	158
PfKH01_060039600|DBLb|1|724|1177	PV0099-C.g28	28.272	382	193	15	63	383	75	436	6.83e-30	125
PfKH01_060039600|DBLb|1|724|1177	PV0099-C.g28	29.101	378	194	13	110	454	1262	1598	9.26e-30	125
PfKH01_060039600|DBLb|1|724|1177	PV0099-C.g28	28.455	246	137	8	108	347	2802	3014	4.84e-21	99.0
PfKH01_060039600|DBLg|1|1198|1525	PV0089-C.g17	100.000	328	0	0	1	328	1198	1525	0.0	683
PfKH01_060039600|DBLg|1|1198|1525	PV0089-C.g17	26.772	381	162	12	1	265	1532	1911	4.11e-28	117
PfKH01_060039600|DBLg|1|1198|1525	PV0089-C.g17	26.159	302	181	10	20	292	2296	2584	2.66e-17	85.5
PfKH01_060039600|DBLg|1|1198|1525	PV0089-C.g17	25.092	271	166	10	44	287	833	1093	2.34e-13	73.6
PfKH01_060039600|DBLg|1|1198|1525	PV0089-C.g17	25.333	225	138	8	40	258	2666	2866	3.38e-12	70.1
PfKH01_060039600|DBLg|1|1198|1525	PV0089-C.g17	23.832	214	125	7	41	225	107	311	7.35e-08	56.6
PfKH01_060039600|DBLg|1|1198|1525	PH0279-C.g22	100.000	328	0	0	1	328	1198	1525	0.0	682
PfKH01_060039600|DBLg|1|1198|1525	PH0279-C.g22	30.667	300	163	10	41	328	3041	3307	8.78e-29	119
PfKH01_060039600|DBLg|1|1198|1525	PH0279-C.g22	26.772	381	162	12	1	265	1532	1911	3.62e-28	117
PfKH01_060039600|DBLg|1|1198|1525	PH0279-C.g22	26.159	302	181	10	20	292	2348	2636	2.80e-17	85.5
PfKH01_060039600|DBLg|1|1198|1525	PH0279-C.g22	25.660	265	165	9	40	298	2718	2956	2.72e-16	82.4
PfKH01_060039600|DBLg|1|1198|1525	PH0279-C.g22	25.092	271	166	10	44	287	833	1093	2.59e-13	73.2
PfKH01_060039600|DBLg|1|1198|1525	PH0279-C.g22	23.832	214	125	7	41	225	107	311	8.64e-08	56.2
PfKH01_060039600|DBLg|1|1198|1525	PV0209-C.g23	100.000	328	0	0	1	328	1198	1525	0.0	681
PfKH01_060039600|DBLg|1|1198|1525	PV0209-C.g23	26.772	381	162	12	1	265	1532	1911	4.65e-28	117
PfKH01_060039600|DBLg|1|1198|1525	PV0209-C.g23	24.221	289	181	11	26	287	816	1093	2.33e-13	73.6
PfKH01_060039600|DBLg|1|1198|1525	PV0209-C.g23	23.832	214	125	7	41	225	107	311	8.81e-08	56.2
PfKH01_060039600|DBLg|1|1198|1525	QG0264-C.g867	88.720	328	36	1	1	328	1326	1652	0.0	606
PfKH01_060039600|DBLg|1|1198|1525	QG0264-C.g867	28.492	358	157	11	1	266	1657	2007	2.45e-30	124
PfKH01_060039600|DBLg|1|1198|1525	QG0264-C.g867	25.182	274	167	8	26	265	931	1200	1.28e-13	74.3
PfKH01_060039600|DBLg|1|1198|1525	QG0264-C.g867	23.828	256	140	9	15	226	2452	2696	1.44e-10	65.1
PfKH01_060039600|DBLg|1|1198|1525	QG0264-C.g867	22.727	286	153	9	41	265	112	390	4.56e-10	63.5
PfKH01_060039600|DBLg|1|1198|1525	QG0194-C.g275	88.415	328	38	0	1	328	1373	1700	0.0	606
PfKH01_060039600|DBLg|1|1198|1525	QG0194-C.g275	27.818	417	188	13	1	308	1705	2117	1.10e-31	127
PfKH01_060039600|DBLg|1|1198|1525	QG0194-C.g275	25.735	272	161	8	26	265	976	1238	4.56e-14	75.5
PfKH01_060039600|DBLg|1|1198|1525	QG0194-C.g275	21.895	306	153	10	38	266	112	408	1.59e-07	55.5
PfKH01_060039600|DBLd|1|1532|1985	PV0089-C.g17	100.000	454	0	0	1	454	1532	1985	0.0	941
PfKH01_060039600|DBLd|1|1532|1985	PV0089-C.g17	26.772	381	162	12	1	380	1198	1462	3.28e-27	117
PfKH01_060039600|DBLd|1|1532|1985	PV0089-C.g17	30.499	341	161	18	132	454	171	453	1.67e-20	97.4
PfKH01_060039600|DBLd|1|1532|1985	PH0279-C.g22	100.000	454	0	0	1	454	1532	1985	0.0	941
PfKH01_060039600|DBLd|1|1532|1985	PH0279-C.g22	26.772	381	162	12	1	380	1198	1462	4.56e-27	117
PfKH01_060039600|DBLd|1|1532|1985	PH0279-C.g22	28.698	338	171	14	132	454	171	453	4.37e-20	96.3
PfKH01_060039600|DBLd|1|1532|1985	PV0209-C.g23	100.000	414	0	0	1	414	1532	1945	0.0	857
PfKH01_060039600|DBLd|1|1532|1985	PV0209-C.g23	26.772	381	162	12	1	380	1198	1462	2.88e-27	117
PfKH01_060039600|DBLd|1|1532|1985	PV0209-C.g23	28.698	338	171	14	132	454	171	453	3.00e-20	96.7
PfKH01_060039600|DBLd|1|1532|1985	QE0440-C.g268	78.273	359	55	4	107	454	1056	1402	4.11e-180	560
PfKH01_060039600|DBLd|1|1532|1985	QE0440-C.g268	24.658	438	235	18	47	454	117	489	3.00e-20	96.7
PfKH01_060039600|DBLd|1|1532|1985	QE0440-C.g268	38.356	73	24	2	47	98	890	962	4.32e-07	55.1
PfKH01_060039600|DBLd|1|1532|1985	QE0440-C.g268	23.077	221	89	7	201	410	2504	2654	9.96e-07	53.9
PfKH01_060039600|DBLd|1|1532|1985	QE0475-C.g365	61.247	449	126	11	47	454	922	1363	5.25e-162	508
PfKH01_060039600|DBLd|1|1532|1985	QE0475-C.g365	28.571	273	140	11	201	454	246	482	6.04e-18	89.7
PfKH01_060039600|DBLd|1|1532|1985	QE0475-C.g365	23.077	221	89	7	201	410	2465	2615	8.37e-07	54.3
PfKH01_060039600|CIDRg|1|1986|2232	PV0209-C.g87	99.595	247	0	1	1	247	77	322	8.05e-172	502
PfKH01_060039600|CIDRg|1|1986|2232	PH0341-C.g493	100.000	247	0	0	1	247	1402	1648	3.46e-168	510
PfKH01_060039600|CIDRg|1|1986|2232	PH0341-C.g493	29.630	135	85	5	27	156	521	650	1.20e-07	54.7
PfKH01_060039600|CIDRg|1|1986|2232	QE0475-C.g365	100.000	247	0	0	1	247	1364	1610	6.15e-166	509
PfKH01_060039600|CIDRg|1|1986|2232	QE0468-C.g355	100.000	247	0	0	1	247	1364	1610	6.15e-166	509
PfKH01_060039600|CIDRg|1|1986|2232	PH0279-C.g22	100.000	247	0	0	1	247	1986	2232	5.07e-165	507
PfKH01_060039600|CIDRg|1|1986|2232	PH0279-C.g22	26.724	232	148	8	19	240	480	699	2.20e-11	65.9
PfKH01_060039600|DBLe|1|2273|2616	QE0475-C.g365	100.000	344	0	0	1	344	1651	1994	0.0	707
PfKH01_060039600|DBLe|1|2273|2616	QE0475-C.g365	31.034	203	119	5	112	313	2416	2598	5.31e-19	90.9
PfKH01_060039600|DBLe|1|2273|2616	QE0475-C.g365	28.159	277	145	11	45	312	2045	2276	2.02e-13	73.9
PfKH01_060039600|DBLe|1|2273|2616	QE0468-C.g355	100.000	344	0	0	1	344	1651	1994	0.0	707
PfKH01_060039600|DBLe|1|2273|2616	QE0468-C.g355	31.034	203	119	5	112	313	2416	2598	5.31e-19	90.9
PfKH01_060039600|DBLe|1|2273|2616	QE0468-C.g355	28.159	277	145	11	45	312	2045	2276	2.02e-13	73.9
PfKH01_060039600|DBLe|1|2273|2616	QE0440-C.g268	100.000	344	0	0	1	344	1690	2033	0.0	705
PfKH01_060039600|DBLe|1|2273|2616	QE0440-C.g268	31.034	203	119	5	112	313	2455	2637	6.17e-19	90.5
PfKH01_060039600|DBLe|1|2273|2616	QE0440-C.g268	28.159	277	145	11	45	312	2084	2315	2.25e-13	73.9
PfKH01_060039600|DBLe|1|2273|2616	QE0440-C.g268	25.000	236	130	8	51	250	122	346	2.30e-11	67.8
PfKH01_060039600|DBLe|1|2273|2616	PV0209-C.g87	100.000	344	0	0	1	344	363	706	0.0	705
PfKH01_060039600|DBLe|1|2273|2616	PV0209-C.g87	28.159	277	145	11	45	312	757	988	1.96e-13	73.9
PfKH01_060039600|DBLe|1|2273|2616	PV0089-C.g17	100.000	344	0	0	1	344	2273	2616	0.0	704
PfKH01_060039600|DBLe|1|2273|2616	PV0089-C.g17	26.159	302	181	10	24	312	1217	1489	1.92e-17	86.3
PfKH01_060039600|DBLe|1|2273|2616	PV0089-C.g17	25.094	267	156	9	46	292	831	1073	2.66e-14	76.6
PfKH01_060039600|DBLe|1|2273|2616	PV0089-C.g17	28.230	209	111	8	45	250	2667	2839	3.25e-12	70.1
PfKH01_060039600|DBLe|1|2273|2616	PV0089-C.g17	25.294	170	107	6	96	248	144	310	3.08e-07	54.7
PfKH01_060039600|DBLe|2|2629|2903	QE0475-C.g365	100.000	275	0	0	1	275	2007	2281	0.0	566
PfKH01_060039600|DBLe|2|2629|2903	QE0475-C.g365	37.143	245	135	8	40	275	2368	2602	6.72e-35	135
PfKH01_060039600|DBLe|2|2629|2903	QE0475-C.g365	28.159	277	145	11	39	270	1695	1962	2.24e-13	72.4
PfKH01_060039600|DBLe|2|2629|2903	QE0475-C.g365	23.744	219	110	10	43	209	116	329	1.09e-07	55.1
PfKH01_060039600|DBLe|2|2629|2903	QE0468-C.g355	100.000	275	0	0	1	275	2007	2281	0.0	566
PfKH01_060039600|DBLe|2|2629|2903	QE0468-C.g355	37.143	245	135	8	40	275	2368	2602	6.72e-35	135
PfKH01_060039600|DBLe|2|2629|2903	QE0468-C.g355	28.159	277	145	11	39	270	1695	1962	2.24e-13	72.4
PfKH01_060039600|DBLe|2|2629|2903	QE0468-C.g355	23.744	219	110	10	43	209	116	329	1.09e-07	55.1
PfKH01_060039600|DBLe|2|2629|2903	QE0440-C.g268	100.000	275	0	0	1	275	2046	2320	0.0	565
PfKH01_060039600|DBLe|2|2629|2903	QE0440-C.g268	37.143	245	135	8	40	275	2407	2641	5.72e-35	135
PfKH01_060039600|DBLe|2|2629|2903	QE0440-C.g268	28.159	277	145	11	39	270	1734	2001	1.80e-13	72.8
PfKH01_060039600|DBLe|2|2629|2903	PV0209-C.g87	100.000	275	0	0	1	275	719	993	0.0	565
PfKH01_060039600|DBLe|2|2629|2903	PV0209-C.g87	28.159	277	145	11	39	270	407	674	1.23e-13	73.2
PfKH01_060039600|DBLe|2|2629|2903	PH0279-C.g22	100.000	275	0	0	1	275	2681	2955	0.0	563
PfKH01_060039600|DBLe|2|2629|2903	PH0279-C.g22	37.143	245	135	8	40	275	3042	3276	4.98e-35	135
PfKH01_060039600|DBLe|2|2629|2903	PH0279-C.g22	30.224	268	139	13	39	263	830	1092	1.90e-19	90.5
PfKH01_060039600|DBLe|2|2629|2903	PH0279-C.g22	25.758	264	164	9	38	275	1237	1494	1.17e-16	82.0
PfKH01_060039600|DBLe|2|2629|2903	PH0279-C.g22	28.159	277	145	11	39	270	2369	2636	1.54e-13	72.8
PfKH01_060039600|DBLe|2|2629|2903	PH0279-C.g22	29.060	234	119	11	20	209	80	310	5.36e-11	65.5
PfKH01_060039600|DBLe|3|2946|3255	QE0475-C.g365	100.000	310	0	0	1	310	2324	2633	0.0	653
PfKH01_060039600|DBLe|3|2946|3255	QE0475-C.g365	36.992	246	136	8	45	280	2046	2282	6.15e-35	136
PfKH01_060039600|DBLe|3|2946|3255	QE0475-C.g365	28.413	271	151	9	45	275	1696	1963	2.16e-19	91.3
PfKH01_060039600|DBLe|3|2946|3255	QE0475-C.g365	25.753	299	135	12	42	261	110	400	6.72e-17	84.0
PfKH01_060039600|DBLe|3|2946|3255	QE0468-C.g355	100.000	310	0	0	1	310	2324	2633	0.0	653
PfKH01_060039600|DBLe|3|2946|3255	QE0468-C.g355	36.992	246	136	8	45	280	2046	2282	6.15e-35	136
PfKH01_060039600|DBLe|3|2946|3255	QE0468-C.g355	28.413	271	151	9	45	275	1696	1963	2.16e-19	91.3
PfKH01_060039600|DBLe|3|2946|3255	QE0468-C.g355	25.753	299	135	12	42	261	110	400	6.72e-17	84.0
PfKH01_060039600|DBLe|3|2946|3255	QE0440-C.g268	100.000	310	0	0	1	310	2363	2672	0.0	652
PfKH01_060039600|DBLe|3|2946|3255	QE0440-C.g268	36.992	246	136	8	45	280	2085	2321	6.58e-35	136
PfKH01_060039600|DBLe|3|2946|3255	QE0440-C.g268	28.413	271	151	9	45	275	1735	2002	2.19e-19	91.3
PfKH01_060039600|DBLe|3|2946|3255	QE0440-C.g268	23.279	305	147	10	38	259	110	410	7.75e-10	62.4
PfKH01_060039600|DBLe|3|2946|3255	QE0440-C.g268	21.961	255	113	10	113	292	1115	1358	2.04e-07	55.1
PfKH01_060039600|DBLe|3|2946|3255	QG0236-C.g2380	100.000	310	0	0	1	310	2294	2603	0.0	650
PfKH01_060039600|DBLe|3|2946|3255	QG0236-C.g2380	36.992	246	136	8	45	280	2016	2252	8.17e-35	136
PfKH01_060039600|DBLe|3|2946|3255	QG0236-C.g2380	28.519	270	152	8	45	275	1666	1933	1.66e-19	91.7
PfKH01_060039600|DBLe|3|2946|3255	QG0236-C.g2380	22.896	297	150	8	35	254	107	401	5.45e-12	68.9
PfKH01_060039600|DBLe|3|2946|3255	QG0236-C.g2380	23.431	239	116	5	63	253	1039	1258	1.70e-09	61.2
PfKH01_060039600|DBLe|3|2946|3255	PA0032-C.g476	100.000	310	0	0	1	310	1443	1752	0.0	649
PfKH01_060039600|DBLe|3|2946|3255	PA0032-C.g476	36.992	246	136	8	45	280	1165	1401	1.03e-34	135
PfKH01_060039600|DBLe|3|2946|3255	PA0032-C.g476	25.952	289	165	10	45	291	816	1097	2.66e-18	87.8
PfKH01_060039600|DBLe|3|2946|3255	PA0032-C.g476	26.403	303	159	13	28	266	99	401	1.10e-16	83.2
PfKH01_060039600|ATS|1|3290|3738	PH0121-CW.g61	82.415	472	59	4	2	449	1475	1946	0.0	771
PfKH01_060039600|ATS|1|3290|3738	PFKE10.g280	80.087	462	54	4	2	446	2898	3338	0.0	738
PfKH01_060039600|ATS|1|3290|3738	PFKE10.g280	53.125	128	28	4	319	433	3337	3445	7.27e-27	116
PfKH01_060039600|ATS|1|3290|3738	PD0549-C.g516	79.733	449	88	2	2	449	2188	2634	0.0	721
PfKH01_060039600|ATS|1|3290|3738	PD0511-C.g583	79.733	449	88	2	2	449	2188	2634	0.0	721
PfKH01_060039600|ATS|1|3290|3738	PV0028-C.g31	78.603	458	85	4	2	449	1738	2192	0.0	717
PfKH01_070015700|NTS|1|1|70	QE0449-C.g384	100.000	70	0	0	1	70	1	70	4.14e-41	144
PfKH01_070015700|NTS|1|1|70	QE0448-C.g622	100.000	70	0	0	1	70	1	70	4.14e-41	144
PfKH01_070015700|NTS|1|1|70	PV0160-C.g37	100.000	70	0	0	1	70	1	70	4.14e-41	144
PfKH01_070015700|NTS|1|1|70	QE0461-C.g717	100.000	70	0	0	1	70	1	70	4.74e-41	143
PfKH01_070015700|NTS|1|1|70	QG0234-C.g3794	98.571	70	1	0	1	70	1	70	1.23e-40	142
PfKH01_070015700|DBLa|1|71|521	QE0461-C.g717	100.000	451	0	0	1	451	71	521	0.0	929
PfKH01_070015700|DBLa|1|71|521	QE0461-C.g717	25.246	305	150	10	188	451	1098	1365	4.01e-15	80.5
PfKH01_070015700|DBLa|1|71|521	PV0089-C.g38	98.451	452	6	1	1	451	62	513	0.0	919
PfKH01_070015700|DBLa|1|71|521	PV0089-C.g38	27.411	197	107	7	188	352	1098	1290	1.21e-10	66.6
PfKH01_070015700|DBLa|1|71|521	PT0230-Cx.g730	77.093	454	91	5	1	451	60	503	0.0	655
PfKH01_070015700|DBLa|1|71|521	PT0230-Cx.g730	24.650	357	211	9	116	451	1036	1355	4.30e-19	92.8
PfKH01_070015700|DBLa|1|71|521	QE0449-C.g384	72.495	469	96	11	1	451	71	524	0.0	615
PfKH01_070015700|DBLa|1|71|521	QE0449-C.g384	30.645	186	108	6	199	365	1203	1386	1.68e-14	78.6
PfKH01_070015700|DBLa|1|71|521	QE0448-C.g622	72.495	469	96	11	1	451	71	524	0.0	615
PfKH01_070015700|DBLa|1|71|521	QE0448-C.g622	30.645	186	108	6	199	365	1203	1386	1.68e-14	78.6
PfKH01_070015700|CIDRa|1|522|805	PV0089-C.g38	100.000	284	0	0	1	284	514	797	0.0	585
PfKH01_070015700|CIDRa|1|522|805	QE0461-C.g717	100.000	284	0	0	1	284	522	805	0.0	582
PfKH01_070015700|CIDRa|1|522|805	SenT001.11.g1050	82.274	299	37	2	1	284	525	822	6.03e-155	476
PfKH01_070015700|CIDRa|1|522|805	PC0085-C.g1199	65.217	299	84	3	1	284	469	762	1.22e-115	367
PfKH01_070015700|CIDRa|1|522|805	PC0085-C.g1199	34.043	94	61	1	130	223	1434	1526	3.57e-08	57.0
PfKH01_070015700|CIDRa|1|522|805	PF0098-C.g418	60.912	307	93	5	1	284	537	839	1.63e-111	354
PfKH01_070015700|DBLd|1|894|1365	PH0279-C.g81	100.000	472	0	0	1	472	240	711	0.0	975
PfKH01_070015700|DBLd|1|894|1365	QE0461-C.g717	100.000	472	0	0	1	472	894	1365	0.0	971
PfKH01_070015700|DBLd|1|894|1365	QE0461-C.g717	27.670	206	99	6	205	401	258	422	7.70e-14	76.6
PfKH01_070015700|DBLd|1|894|1365	PV0169-C.g10	74.059	478	107	8	1	472	168	634	0.0	648
PfKH01_070015700|DBLd|1|894|1365	PV0089-C.g38	74.059	478	107	8	1	472	897	1363	0.0	648
PfKH01_070015700|DBLd|1|894|1365	PV0089-C.g38	27.670	206	99	6	205	401	250	414	1.10e-13	76.3
PfKH01_070015700|DBLd|1|894|1365	PF0489-C.g626	58.427	534	146	13	1	472	886	1405	4.82e-173	532
PfKH01_070015700|DBLd|1|894|1365	PF0489-C.g626	27.273	440	215	15	63	472	118	482	2.18e-25	112
PfKH01_070015700|CIDRb|1|1366|1621	PH0279-C.g81	100.000	256	0	0	1	256	712	967	7.38e-177	525
PfKH01_070015700|CIDRb|1|1366|1621	QE0461-C.g717	100.000	256	0	0	1	256	1366	1621	1.57e-172	520
PfKH01_070015700|CIDRb|1|1366|1621	PF0489-C.g626	97.266	256	7	0	1	256	1406	1661	1.52e-167	508
PfKH01_070015700|CIDRb|1|1366|1621	QE0467-C.g891	86.328	256	33	1	1	256	1361	1614	1.96e-146	450
PfKH01_070015700|CIDRb|1|1366|1621	QE0401-C.g741	86.328	256	33	1	1	256	1353	1606	5.71e-146	449
PfKH01_070015700|ATS|1|1726|2225	PFKE11.g671	88.998	509	34	5	1	500	2046	2541	0.0	889
PfKH01_070015700|ATS|1|1726|2225	PfKE02.g507	74.951	511	85	9	1	500	1741	2219	0.0	724
PfKH01_070015700|ATS|1|1726|2225	PV0128-C.g36	78.528	489	81	6	1	488	1848	2313	0.0	723
PfKH01_070015700|ATS|1|1726|2225	PF0638-C.g8678	75.049	509	95	7	1	500	1747	2232	0.0	707
PfKH01_070015700|ATS|1|1726|2225	PV0099-C.g12	73.123	506	117	7	1	500	3295	3787	0.0	701
PfKH01_070016200|NTS|1|1|63	PT0102-C.g781	84.127	63	10	0	1	63	1	63	3.43e-30	112
PfKH01_070016200|NTS|1|1|63	SenT130.11.g772	82.540	63	11	0	1	63	1	63	2.53e-29	109
PfKH01_070016200|NTS|1|1|63	PA0167-C.g853	82.540	63	11	0	1	63	1	63	3.07e-27	103
PfKH01_070016200|NTS|1|1|63	PD0487-C.g678	84.127	63	10	0	1	63	1	63	3.92e-27	103
PfKH01_070016200|NTS|1|1|63	PD0481-C.g635	84.127	63	10	0	1	63	1	63	3.92e-27	103
PfKH01_070016200|DBLa|1|64|519	PF0609-C.g323	67.568	481	116	13	1	456	65	530	0.0	606
PfKH01_070016200|DBLa|1|64|519	PF0609-C.g323	22.161	361	202	13	129	456	1074	1388	1.28e-12	72.8
PfKH01_070016200|DBLa|1|64|519	SenT013.11.g494	67.360	481	117	13	1	456	63	528	0.0	605
PfKH01_070016200|DBLa|1|64|519	SenT013.11.g494	26.644	289	161	11	118	380	1078	1341	5.33e-14	77.0
PfKH01_070016200|DBLa|1|64|519	PA0163-C.g598	70.312	448	113	8	17	456	85	520	0.0	604
PfKH01_070016200|DBLa|1|64|519	PA0163-C.g598	30.065	153	87	4	254	406	1303	1435	1.30e-10	66.2
PfKH01_070016200|DBLa|1|64|519	PA0158-C.g766	66.164	464	145	6	1	456	62	521	0.0	597
PfKH01_070016200|DBLa|1|64|519	PA0158-C.g766	25.000	284	162	11	119	357	1058	1335	1.08e-11	69.7
PfKH01_070016200|DBLa|1|64|519	PA0167-C.g752	64.644	478	133	12	1	456	65	528	0.0	584
PfKH01_070016200|DBLa|1|64|519	PA0167-C.g752	22.778	360	213	12	130	456	1063	1390	1.06e-11	69.7
PfKH01_070016200|CIDRa|1|520|822	PA0172-C.g872	87.789	303	24	3	1	300	506	798	5.38e-174	527
PfKH01_070016200|CIDRa|1|520|822	PA0160-C.g1873	87.789	303	24	3	1	300	506	798	7.80e-174	527
PfKH01_070016200|CIDRa|1|520|822	PT0017-CW.g383	64.650	314	94	6	1	303	184	491	2.09e-123	387
PfKH01_070016200|CIDRa|1|520|822	PM0132-C.g253	61.465	314	106	6	1	303	521	830	3.43e-120	380
PfKH01_070016200|CIDRa|1|520|822	PT0222-C.g479	61.446	332	93	8	1	303	508	833	1.70e-119	379
PfKH01_070016200|DBLd|1|894|1395	PF0368-C.g284	75.670	522	104	11	1	502	1461	1979	0.0	762
PfKH01_070016200|DBLd|1|894|1395	PF0368-C.g284	34.239	368	160	16	67	427	972	1264	1.00e-41	162
PfKH01_070016200|DBLd|1|894|1395	PF0368-C.g284	27.654	358	161	14	71	427	503	763	1.27e-24	110
PfKH01_070016200|DBLd|1|894|1395	PT0256-C.g133	75.969	516	105	10	1	502	2113	2623	0.0	760
PfKH01_070016200|DBLd|1|894|1395	PT0256-C.g133	26.147	436	177	15	1	431	1559	1854	6.10e-26	115
PfKH01_070016200|DBLd|1|894|1395	PT0256-C.g133	26.099	364	142	13	74	427	1208	1454	3.00e-21	100
PfKH01_070016200|DBLd|1|894|1395	PT0256-C.g133	26.721	247	131	8	187	428	187	388	2.30e-11	69.3
PfKH01_070016200|DBLd|1|894|1395	PM0024-C.g346	68.673	565	109	11	1	502	1031	1590	0.0	728
PfKH01_070016200|DBLd|1|894|1395	PM0024-C.g346	30.597	402	162	18	32	427	598	888	8.53e-32	132
PfKH01_070016200|DBLd|1|894|1395	PM0024-C.g346	33.871	124	72	4	330	445	49	170	3.38e-10	65.5
PfKH01_070016200|DBLd|1|894|1395	PA0011-C.g565	66.234	539	133	13	1	502	840	1366	0.0	641
PfKH01_070016200|DBLd|1|894|1395	PA0011-C.g565	28.929	280	134	12	249	502	255	495	1.86e-15	82.0
PfKH01_070016200|DBLd|1|894|1395	QE0424-C.g19	62.821	546	133	13	1	502	2119	2638	0.0	609
PfKH01_070016200|DBLd|1|894|1395	QE0424-C.g19	28.278	389	180	17	40	427	1603	1893	4.01e-27	118
PfKH01_070016200|DBLd|1|894|1395	QE0424-C.g19	25.316	395	167	11	74	457	1248	1525	2.49e-22	103
PfKH01_070016200|DBLd|1|894|1395	QE0424-C.g19	27.547	265	142	9	249	502	238	463	1.58e-15	82.4
PfKH01_070016200|CIDRb|1|1396|1656	PM0024-C.g346	85.714	252	31	2	1	250	1591	1839	9.12e-141	437
PfKH01_070016200|CIDRb|1|1396|1656	PT0256-C.g133	85.714	252	31	2	1	250	2624	2872	1.83e-140	437
PfKH01_070016200|CIDRb|1|1396|1656	PT0256-C.g133	28.177	181	120	5	75	250	539	714	9.66e-09	58.2
PfKH01_070016200|CIDRb|1|1396|1656	PF0368-C.g284	85.317	252	32	2	1	250	1980	2228	2.66e-140	437
PfKH01_070016200|CIDRb|1|1396|1656	QG0205-C.g684	80.460	261	43	3	1	257	1324	1580	2.21e-134	417
PfKH01_070016200|CIDRb|1|1396|1656	PA0262-C.g367	80.460	261	43	3	1	257	1359	1615	2.81e-134	420
PfKH01_070016200|ATS|1|1774|2220	PFKE06.g276	96.875	448	13	1	1	447	1752	2199	0.0	881
PfKH01_070016200|ATS|1|1774|2220	QE0438-C.g508	94.631	447	24	0	1	447	1783	2229	0.0	816
PfKH01_070016200|ATS|1|1774|2220	QE0401-C.g534	94.631	447	24	0	1	447	1783	2229	0.0	816
PfKH01_070016200|ATS|1|1774|2220	QE0399-C.g348	94.631	447	24	0	1	447	1783	2229	0.0	816
PfKH01_070016200|ATS|1|1774|2220	QE0404-C.g357	89.238	446	48	0	2	447	1763	2208	0.0	789
PfKH01_070016700|NTS|1|1|63	PT0102-C.g781	84.127	63	10	0	1	63	1	63	3.43e-30	112
PfKH01_070016700|NTS|1|1|63	SenT130.11.g772	82.540	63	11	0	1	63	1	63	2.53e-29	109
PfKH01_070016700|NTS|1|1|63	PA0167-C.g853	82.540	63	11	0	1	63	1	63	3.07e-27	103
PfKH01_070016700|NTS|1|1|63	PD0487-C.g678	84.127	63	10	0	1	63	1	63	3.92e-27	103
PfKH01_070016700|NTS|1|1|63	PD0481-C.g635	84.127	63	10	0	1	63	1	63	3.92e-27	103
PfKH01_070016700|DBLa|1|64|519	PF0609-C.g323	67.568	481	116	13	1	456	65	530	0.0	606
PfKH01_070016700|DBLa|1|64|519	PF0609-C.g323	22.161	361	202	13	129	456	1074	1388	1.28e-12	72.8
PfKH01_070016700|DBLa|1|64|519	SenT013.11.g494	67.360	481	117	13	1	456	63	528	0.0	605
PfKH01_070016700|DBLa|1|64|519	SenT013.11.g494	26.644	289	161	11	118	380	1078	1341	5.33e-14	77.0
PfKH01_070016700|DBLa|1|64|519	PA0163-C.g598	70.312	448	113	8	17	456	85	520	0.0	604
PfKH01_070016700|DBLa|1|64|519	PA0163-C.g598	30.065	153	87	4	254	406	1303	1435	1.30e-10	66.2
PfKH01_070016700|DBLa|1|64|519	PA0158-C.g766	66.164	464	145	6	1	456	62	521	0.0	597
PfKH01_070016700|DBLa|1|64|519	PA0158-C.g766	25.000	284	162	11	119	357	1058	1335	1.08e-11	69.7
PfKH01_070016700|DBLa|1|64|519	PA0167-C.g752	64.644	478	133	12	1	456	65	528	0.0	584
PfKH01_070016700|DBLa|1|64|519	PA0167-C.g752	22.778	360	213	12	130	456	1063	1390	1.06e-11	69.7
PfKH01_070016700|CIDRa|1|520|812	PA0160-C.g1873	91.126	293	23	1	1	290	506	798	3.48e-180	543
PfKH01_070016700|CIDRa|1|520|812	PA0172-C.g872	91.126	293	23	1	1	290	506	798	6.54e-180	542
PfKH01_070016700|CIDRa|1|520|812	SenT067.09.g131	69.737	304	71	6	1	290	366	662	3.02e-126	395
PfKH01_070016700|CIDRa|1|520|812	PC0118-C.g680	64.650	314	86	7	1	293	509	818	6.80e-118	374
PfKH01_070016700|CIDRa|1|520|812	PT0035-C.g508	64.650	314	86	7	1	293	514	823	1.90e-117	372
PfKH01_070016700|DBLd|1|884|1385	PF0368-C.g284	75.670	522	104	11	1	502	1461	1979	0.0	762
PfKH01_070016700|DBLd|1|884|1385	PF0368-C.g284	34.239	368	160	16	67	427	972	1264	1.00e-41	162
PfKH01_070016700|DBLd|1|884|1385	PF0368-C.g284	27.654	358	161	14	71	427	503	763	1.27e-24	110
PfKH01_070016700|DBLd|1|884|1385	PT0256-C.g133	75.969	516	105	10	1	502	2113	2623	0.0	760
PfKH01_070016700|DBLd|1|884|1385	PT0256-C.g133	26.147	436	177	15	1	431	1559	1854	6.10e-26	115
PfKH01_070016700|DBLd|1|884|1385	PT0256-C.g133	26.099	364	142	13	74	427	1208	1454	3.00e-21	100
PfKH01_070016700|DBLd|1|884|1385	PT0256-C.g133	26.721	247	131	8	187	428	187	388	2.30e-11	69.3
PfKH01_070016700|DBLd|1|884|1385	PM0024-C.g346	68.673	565	109	11	1	502	1031	1590	0.0	728
PfKH01_070016700|DBLd|1|884|1385	PM0024-C.g346	30.597	402	162	18	32	427	598	888	8.53e-32	132
PfKH01_070016700|DBLd|1|884|1385	PM0024-C.g346	33.871	124	72	4	330	445	49	170	3.38e-10	65.5
PfKH01_070016700|DBLd|1|884|1385	PA0011-C.g565	66.234	539	133	13	1	502	840	1366	0.0	641
PfKH01_070016700|DBLd|1|884|1385	PA0011-C.g565	28.929	280	134	12	249	502	255	495	1.86e-15	82.0
PfKH01_070016700|DBLd|1|884|1385	QE0424-C.g19	62.821	546	133	13	1	502	2119	2638	0.0	609
PfKH01_070016700|DBLd|1|884|1385	QE0424-C.g19	28.278	389	180	17	40	427	1603	1893	4.01e-27	118
PfKH01_070016700|DBLd|1|884|1385	QE0424-C.g19	25.316	395	167	11	74	457	1248	1525	2.49e-22	103
PfKH01_070016700|DBLd|1|884|1385	QE0424-C.g19	27.547	265	142	9	249	502	238	463	1.58e-15	82.4
PfKH01_070016700|CIDRb|1|1386|1645	PM0024-C.g346	95.984	249	10	0	1	249	1591	1839	5.13e-161	493
PfKH01_070016700|CIDRb|1|1386|1645	PT0256-C.g133	95.984	249	10	0	1	249	2624	2872	4.03e-160	494
PfKH01_070016700|CIDRb|1|1386|1645	PT0256-C.g133	27.933	179	122	4	75	249	539	714	3.87e-09	59.3
PfKH01_070016700|CIDRb|1|1386|1645	PF0368-C.g284	95.582	249	11	0	1	249	1980	2228	7.23e-160	492
PfKH01_070016700|CIDRb|1|1386|1645	PD0497-C.g286	91.968	249	19	1	1	249	2796	3043	2.53e-151	469
PfKH01_070016700|CIDRb|1|1386|1645	PD0497-C.g286	28.774	212	148	3	44	252	503	714	3.53e-22	97.8
PfKH01_070016700|CIDRb|1|1386|1645	QE0424-C.g19	91.968	249	19	1	1	249	2639	2886	3.53e-151	468
PfKH01_070016700|CIDRb|1|1386|1645	QE0424-C.g19	23.622	254	167	6	4	249	476	710	1.01e-07	55.1
PfKH01_070016700|ATS|1|1763|2209	PFKE06.g276	96.875	448	13	1	1	447	1752	2199	0.0	881
PfKH01_070016700|ATS|1|1763|2209	QE0438-C.g508	94.631	447	24	0	1	447	1783	2229	0.0	816
PfKH01_070016700|ATS|1|1763|2209	QE0401-C.g534	94.631	447	24	0	1	447	1783	2229	0.0	816
PfKH01_070016700|ATS|1|1763|2209	QE0399-C.g348	94.631	447	24	0	1	447	1783	2229	0.0	816
PfKH01_070016700|ATS|1|1763|2209	QE0404-C.g357	89.238	446	48	0	2	447	1763	2208	0.0	789
PfKH01_070016900|NTS|1|1|60	PM0097-C.g930	100.000	60	0	0	1	60	1	60	5.97e-33	120
PfKH01_070016900|NTS|1|1|60	PV0080-C.g2	100.000	60	0	0	1	60	1	60	8.40e-33	119
PfKH01_070016900|NTS|1|1|60	PV0169-C.g3	100.000	60	0	0	1	60	1	60	1.08e-32	119
PfKH01_070016900|NTS|1|1|60	PM0021-C.g404	100.000	60	0	0	1	60	1	60	1.15e-32	119
PfKH01_070016900|NTS|1|1|60	PA0148-C.g35	100.000	60	0	0	1	60	1	60	1.25e-32	119
PfKH01_070016900|DBLa|1|61|510	PfKE03.g331	92.308	455	29	4	1	450	61	514	0.0	865
PfKH01_070016900|DBLa|1|61|510	PfKE03.g331	26.910	301	179	11	117	394	1061	1343	2.56e-19	93.6
PfKH01_070016900|DBLa|1|61|510	PM0018-C.g431	66.204	432	128	7	26	450	100	520	0.0	568
PfKH01_070016900|DBLa|1|61|510	PM0018-C.g431	26.404	178	118	4	234	411	1315	1479	9.46e-08	57.4
PfKH01_070016900|DBLa|1|61|510	PT0303-Cx.g2120	64.240	467	133	12	1	450	69	518	0.0	565
PfKH01_070016900|DBLa|1|61|510	PT0303-Cx.g2120	25.773	291	174	11	87	347	1094	1372	1.64e-13	75.5
PfKH01_070016900|DBLa|1|61|510	PC0047-C.g331	63.991	461	148	11	1	450	61	514	0.0	560
PfKH01_070016900|DBLa|1|61|510	PC0047-C.g331	26.705	176	114	5	182	344	1187	1360	3.71e-09	61.6
PfKH01_070016900|DBLa|1|61|510	PM0144-C.g811	63.420	462	144	13	1	450	67	515	0.0	553
PfKH01_070016900|DBLa|1|61|510	PM0144-C.g811	23.775	408	207	12	88	450	1081	1429	5.60e-16	83.2
PfKH01_070016900|CIDRa|1|511|815	PH0279-C.g68	100.000	305	0	0	1	305	190	494	0.0	629
PfKH01_070016900|CIDRa|1|511|815	PfKE03.g331	98.361	305	3	1	1	305	515	817	0.0	612
PfKH01_070016900|CIDRa|1|511|815	PF0359-C.g557	65.176	313	94	5	1	302	113	421	2.07e-129	401
PfKH01_070016900|CIDRa|1|511|815	PT0156-C.g8	65.397	315	90	6	1	302	44	352	2.33e-129	400
PfKH01_070016900|CIDRa|1|511|815	PF0035-C.g506	65.176	313	94	5	1	302	504	812	4.79e-128	402
PfKH01_070016900|DBLd|1|896|1403	PH0279-C.g68	100.000	508	0	0	1	508	575	1082	0.0	1046
PfKH01_070016900|DBLd|1|896|1403	PH0279-C.g68	26.316	133	93	2	346	473	1	133	3.02e-09	62.4
PfKH01_070016900|DBLd|1|896|1403	SenT097.09.g186	87.558	434	40	2	1	434	885	1304	0.0	776
PfKH01_070016900|DBLd|1|896|1403	SenT097.09.g186	24.662	296	173	11	210	483	194	461	2.30e-15	81.6
PfKH01_070016900|DBLd|1|896|1403	QE0469-C.g1140	74.081	517	94	5	1	508	800	1285	0.0	745
PfKH01_070016900|DBLd|1|896|1403	QE0469-C.g1140	31.111	180	115	6	333	508	290	464	1.01e-16	86.3
PfKH01_070016900|DBLd|1|896|1403	PfKE03.g331	61.122	517	156	15	1	508	898	1378	0.0	564
PfKH01_070016900|DBLd|1|896|1403	PfKE03.g331	22.713	317	217	7	169	473	158	458	1.62e-16	85.5
PfKH01_070016900|DBLd|1|896|1403	PT0048-C.g404	59.574	517	163	16	1	508	869	1348	1.89e-176	542
PfKH01_070016900|DBLd|1|896|1403	PT0048-C.g404	27.143	280	146	9	248	508	245	485	1.26e-19	95.5
PfKH01_070016900|CIDRb|1|1404|1659	PH0279-C.g68	100.000	256	0	0	1	256	1083	1338	2.60e-176	526
PfKH01_070016900|CIDRb|1|1404|1659	PT0048-C.g404	100.000	256	0	0	1	256	1349	1604	2.05e-174	525
PfKH01_070016900|CIDRb|1|1404|1659	PfKE03.g331	100.000	256	0	0	1	256	1379	1634	3.67e-174	525
PfKH01_070016900|CIDRb|1|1404|1659	PT0184-C.g4299	77.823	248	53	1	2	249	2992	3237	2.23e-123	389
PfKH01_070016900|CIDRb|1|1404|1659	PF0789-C.g625	74.510	255	57	3	2	256	1445	1691	2.71e-114	362
PfKH01_070016900|ATS|1|1758|2232	PV0234-C.g26	71.743	499	97	10	2	472	1736	2218	0.0	658
PfKH01_070016900|ATS|1|1758|2232	PM0142-C.g950	64.083	529	131	12	1	475	980	1503	0.0	620
PfKH01_070016900|ATS|1|1758|2232	QE0455-C.g876	68.378	487	102	12	1	475	1660	2106	0.0	615
PfKH01_070016900|ATS|1|1758|2232	PA0172-C.g978	68.378	487	102	12	1	475	1660	2106	0.0	615
PfKH01_070016900|ATS|1|1758|2232	PA0214-C.g1007	62.500	536	137	12	1	475	995	1527	0.0	613
PfKH01_080012900|NTS|1|1|63	QE0439-C.g6	100.000	63	0	0	1	63	1	63	7.28e-36	128
PfKH01_080012900|NTS|1|1|63	QE0426-C.g546	100.000	63	0	0	1	63	1	63	7.28e-36	128
PfKH01_080012900|NTS|1|1|63	PV0139-C.g48	100.000	63	0	0	1	63	1	63	7.28e-36	128
PfKH01_080012900|NTS|1|1|63	PH0774-C.g617	100.000	63	0	0	1	63	1	63	7.28e-36	128
PfKH01_080012900|NTS|1|1|63	PH0769-C.g565	100.000	63	0	0	1	63	1	63	7.28e-36	128
PfKH01_080012900|DBLa|1|64|463	QE0439-C.g6	100.000	400	0	0	1	400	64	463	0.0	835
PfKH01_080012900|DBLa|1|64|463	QE0439-C.g6	26.923	260	135	7	175	400	1032	1270	1.89e-15	80.9
PfKH01_080012900|DBLa|1|64|463	QE0426-C.g546	100.000	400	0	0	1	400	64	463	0.0	835
PfKH01_080012900|DBLa|1|64|463	QE0426-C.g546	26.923	260	135	7	175	400	1032	1270	1.89e-15	80.9
PfKH01_080012900|DBLa|1|64|463	PV0139-C.g48	100.000	400	0	0	1	400	64	463	0.0	835
PfKH01_080012900|DBLa|1|64|463	PV0139-C.g48	26.923	260	135	7	175	400	1032	1270	1.89e-15	80.9
PfKH01_080012900|DBLa|1|64|463	PH0774-C.g617	100.000	400	0	0	1	400	64	463	0.0	835
PfKH01_080012900|DBLa|1|64|463	PH0774-C.g617	26.923	260	135	7	175	400	1032	1270	1.89e-15	80.9
PfKH01_080012900|DBLa|1|64|463	PH0769-C.g565	100.000	400	0	0	1	400	64	463	0.0	835
PfKH01_080012900|DBLa|1|64|463	PH0769-C.g565	26.923	260	135	7	175	400	1032	1270	1.89e-15	80.9
PfKH01_080012900|CIDRa|1|464|728	QE0439-C.g6	100.000	265	0	0	1	265	464	728	0.0	543
PfKH01_080012900|CIDRa|1|464|728	QE0439-C.g6	45.902	61	32	1	110	170	1379	1438	1.48e-07	54.7
PfKH01_080012900|CIDRa|1|464|728	QE0426-C.g546	100.000	265	0	0	1	265	464	728	0.0	543
PfKH01_080012900|CIDRa|1|464|728	QE0426-C.g546	45.902	61	32	1	110	170	1379	1438	1.48e-07	54.7
PfKH01_080012900|CIDRa|1|464|728	PV0139-C.g48	100.000	265	0	0	1	265	464	728	0.0	543
PfKH01_080012900|CIDRa|1|464|728	PV0139-C.g48	45.902	61	32	1	110	170	1379	1438	1.48e-07	54.7
PfKH01_080012900|CIDRa|1|464|728	PH0774-C.g617	100.000	265	0	0	1	265	464	728	0.0	543
PfKH01_080012900|CIDRa|1|464|728	PH0774-C.g617	45.902	61	32	1	110	170	1379	1438	1.48e-07	54.7
PfKH01_080012900|CIDRa|1|464|728	PH0769-C.g565	100.000	265	0	0	1	265	464	728	0.0	543
PfKH01_080012900|CIDRa|1|464|728	PH0769-C.g565	45.902	61	32	1	110	170	1379	1438	1.48e-07	54.7
PfKH01_080012900|DBLd|1|806|1270	QE0439-C.g6	100.000	465	0	0	1	465	806	1270	0.0	970
PfKH01_080012900|DBLd|1|806|1270	QE0439-C.g6	27.132	258	137	6	227	465	238	463	5.12e-16	83.6
PfKH01_080012900|DBLd|1|806|1270	QE0426-C.g546	100.000	465	0	0	1	465	806	1270	0.0	970
PfKH01_080012900|DBLd|1|806|1270	QE0426-C.g546	27.132	258	137	6	227	465	238	463	5.12e-16	83.6
PfKH01_080012900|DBLd|1|806|1270	PV0139-C.g48	100.000	465	0	0	1	465	806	1270	0.0	970
PfKH01_080012900|DBLd|1|806|1270	PV0139-C.g48	27.132	258	137	6	227	465	238	463	5.12e-16	83.6
PfKH01_080012900|DBLd|1|806|1270	PH0774-C.g617	100.000	465	0	0	1	465	806	1270	0.0	970
PfKH01_080012900|DBLd|1|806|1270	PH0774-C.g617	27.132	258	137	6	227	465	238	463	5.12e-16	83.6
PfKH01_080012900|DBLd|1|806|1270	PH0769-C.g565	100.000	465	0	0	1	465	806	1270	0.0	970
PfKH01_080012900|DBLd|1|806|1270	PH0769-C.g565	27.132	258	137	6	227	465	238	463	5.12e-16	83.6
PfKH01_080012900|CIDRb|1|1271|1525	QE0439-C.g6	100.000	255	0	0	1	255	1271	1525	1.07e-173	522
PfKH01_080012900|CIDRb|1|1271|1525	QE0439-C.g6	45.902	61	32	1	109	168	573	633	1.39e-07	54.7
PfKH01_080012900|CIDRb|1|1271|1525	QE0426-C.g546	100.000	255	0	0	1	255	1271	1525	1.07e-173	522
PfKH01_080012900|CIDRb|1|1271|1525	QE0426-C.g546	45.902	61	32	1	109	168	573	633	1.39e-07	54.7
PfKH01_080012900|CIDRb|1|1271|1525	PV0139-C.g48	100.000	255	0	0	1	255	1271	1525	1.07e-173	522
PfKH01_080012900|CIDRb|1|1271|1525	PV0139-C.g48	45.902	61	32	1	109	168	573	633	1.39e-07	54.7
PfKH01_080012900|CIDRb|1|1271|1525	PH0774-C.g617	100.000	255	0	0	1	255	1271	1525	1.07e-173	522
PfKH01_080012900|CIDRb|1|1271|1525	PH0774-C.g617	45.902	61	32	1	109	168	573	633	1.39e-07	54.7
PfKH01_080012900|CIDRb|1|1271|1525	PH0769-C.g565	100.000	255	0	0	1	255	1271	1525	1.07e-173	522
PfKH01_080012900|CIDRb|1|1271|1525	PH0769-C.g565	45.902	61	32	1	109	168	573	633	1.39e-07	54.7
PfKH01_080012900|ATS|1|1627|2100	PV0028-C.g50	77.263	475	88	8	1	474	2600	3055	0.0	679
PfKH01_080012900|ATS|1|1627|2100	PA0245-C.g391	75.105	474	80	7	1	474	2512	2947	0.0	677
PfKH01_080012900|ATS|1|1627|2100	PFKE07.g667	73.529	476	96	10	2	474	2366	2814	0.0	671
PfKH01_080012900|ATS|1|1627|2100	PC0097-C.g664	74.105	475	95	9	1	474	2364	2811	0.0	666
PfKH01_080012900|ATS|1|1627|2100	PA0245-C.g998	72.634	486	93	9	1	474	1706	2163	0.0	653
PfKH01_080013300|NTS|1|1|66	PH0774-C.g388	100.000	66	0	0	1	66	1	66	5.11e-39	137
PfKH01_080013300|NTS|1|1|66	PH0279-C.g71	100.000	66	0	0	1	66	1	66	5.53e-39	137
PfKH01_080013300|NTS|1|1|66	QE0439-C.g868	100.000	66	0	0	1	66	1	66	5.53e-39	137
PfKH01_080013300|NTS|1|1|66	QE0426-C.g337	100.000	66	0	0	1	66	1	66	5.53e-39	137
PfKH01_080013300|NTS|1|1|66	PH0769-C.g379	100.000	66	0	0	1	66	1	66	5.53e-39	137
PfKH01_080013300|DBLa|1|67|512	QE0439-C.g868	100.000	446	0	0	1	446	67	512	0.0	931
PfKH01_080013300|DBLa|1|67|512	QE0439-C.g868	38.525	122	72	2	233	352	1212	1332	3.65e-16	84.0
PfKH01_080013300|DBLa|1|67|512	QE0426-C.g337	100.000	446	0	0	1	446	67	512	0.0	931
PfKH01_080013300|DBLa|1|67|512	QE0426-C.g337	38.525	122	72	2	233	352	1212	1332	3.65e-16	84.0
PfKH01_080013300|DBLa|1|67|512	PH0769-C.g379	100.000	446	0	0	1	446	67	512	0.0	931
PfKH01_080013300|DBLa|1|67|512	PH0769-C.g379	38.525	122	72	2	233	352	1212	1332	3.65e-16	84.0
PfKH01_080013300|DBLa|1|67|512	PH0643-C.g707	100.000	446	0	0	1	446	67	512	0.0	931
PfKH01_080013300|DBLa|1|67|512	PH0643-C.g707	38.525	122	72	2	233	352	1212	1332	3.65e-16	84.0
PfKH01_080013300|DBLa|1|67|512	PH0774-C.g388	100.000	446	0	0	1	446	67	512	0.0	931
PfKH01_080013300|DBLa|1|67|512	PH0774-C.g388	38.525	122	72	2	233	352	1212	1332	3.77e-16	83.6
PfKH01_080013300|CIDRa|1|513|801	QE0439-C.g868	100.000	289	0	0	1	289	513	801	0.0	597
PfKH01_080013300|CIDRa|1|513|801	QE0426-C.g337	100.000	289	0	0	1	289	513	801	0.0	597
PfKH01_080013300|CIDRa|1|513|801	PH0769-C.g379	100.000	289	0	0	1	289	513	801	0.0	597
PfKH01_080013300|CIDRa|1|513|801	PH0643-C.g707	100.000	289	0	0	1	289	513	801	0.0	597
PfKH01_080013300|CIDRa|1|513|801	PH0279-C.g71	100.000	289	0	0	1	289	502	790	0.0	597
PfKH01_080013300|DBLd|1|882|1390	QE0439-C.g868	100.000	509	0	0	1	509	882	1390	0.0	1051
PfKH01_080013300|DBLd|1|882|1390	QE0439-C.g868	38.739	111	65	2	331	440	299	407	3.41e-15	81.3
PfKH01_080013300|DBLd|1|882|1390	QE0426-C.g337	100.000	509	0	0	1	509	882	1390	0.0	1051
PfKH01_080013300|DBLd|1|882|1390	QE0426-C.g337	38.739	111	65	2	331	440	299	407	3.41e-15	81.3
PfKH01_080013300|DBLd|1|882|1390	PH0769-C.g379	100.000	509	0	0	1	509	882	1390	0.0	1051
PfKH01_080013300|DBLd|1|882|1390	PH0769-C.g379	38.739	111	65	2	331	440	299	407	3.41e-15	81.3
PfKH01_080013300|DBLd|1|882|1390	PH0643-C.g707	100.000	509	0	0	1	509	882	1390	0.0	1051
PfKH01_080013300|DBLd|1|882|1390	PH0643-C.g707	38.739	111	65	2	331	440	299	407	3.41e-15	81.3
PfKH01_080013300|DBLd|1|882|1390	PH0774-C.g388	100.000	509	0	0	1	509	882	1390	0.0	1051
PfKH01_080013300|DBLd|1|882|1390	PH0774-C.g388	38.739	111	65	2	331	440	299	407	4.23e-15	81.3
PfKH01_080013300|CIDRg|1|1391|1652	PV0139-C.g107	100.000	262	0	0	1	262	1453	1714	0.0	545
PfKH01_080013300|CIDRg|1|1391|1652	QE0439-C.g868	100.000	262	0	0	1	262	1391	1652	0.0	544
PfKH01_080013300|CIDRg|1|1391|1652	QE0426-C.g337	100.000	262	0	0	1	262	1391	1652	0.0	544
PfKH01_080013300|CIDRg|1|1391|1652	PH0774-C.g388	100.000	262	0	0	1	262	1391	1652	0.0	544
PfKH01_080013300|CIDRg|1|1391|1652	PH0769-C.g379	100.000	262	0	0	1	262	1391	1652	0.0	544
PfKH01_080013300|ATS|1|1749|2236	PfKE02.g507	73.705	502	95	8	1	488	1741	2219	0.0	696
PfKH01_080013300|ATS|1|1749|2236	PV0139-C.g5	70.751	506	100	12	1	488	2090	2565	0.0	671
PfKH01_080013300|ATS|1|1749|2236	PV0246-C.g3	71.020	490	100	10	1	488	3066	3515	0.0	661
PfKH01_080013300|ATS|1|1749|2236	PD0561-C.g263	71.197	493	100	11	1	488	2424	2879	0.0	660
PfKH01_080013300|ATS|1|1749|2236	PFKE09.g563	71.633	490	89	10	1	488	775	1216	0.0	656
PfKH01_080013800|NTS|1|1|66	PH0774-C.g388	100.000	66	0	0	1	66	1	66	5.11e-39	137
PfKH01_080013800|NTS|1|1|66	PH0279-C.g71	100.000	66	0	0	1	66	1	66	5.53e-39	137
PfKH01_080013800|NTS|1|1|66	QE0439-C.g868	100.000	66	0	0	1	66	1	66	5.53e-39	137
PfKH01_080013800|NTS|1|1|66	QE0426-C.g337	100.000	66	0	0	1	66	1	66	5.53e-39	137
PfKH01_080013800|NTS|1|1|66	PH0769-C.g379	100.000	66	0	0	1	66	1	66	5.53e-39	137
PfKH01_080013800|DBLa|1|67|512	QE0439-C.g868	100.000	446	0	0	1	446	67	512	0.0	931
PfKH01_080013800|DBLa|1|67|512	QE0439-C.g868	38.525	122	72	2	233	352	1212	1332	3.65e-16	84.0
PfKH01_080013800|DBLa|1|67|512	QE0426-C.g337	100.000	446	0	0	1	446	67	512	0.0	931
PfKH01_080013800|DBLa|1|67|512	QE0426-C.g337	38.525	122	72	2	233	352	1212	1332	3.65e-16	84.0
PfKH01_080013800|DBLa|1|67|512	PH0769-C.g379	100.000	446	0	0	1	446	67	512	0.0	931
PfKH01_080013800|DBLa|1|67|512	PH0769-C.g379	38.525	122	72	2	233	352	1212	1332	3.65e-16	84.0
PfKH01_080013800|DBLa|1|67|512	PH0643-C.g707	100.000	446	0	0	1	446	67	512	0.0	931
PfKH01_080013800|DBLa|1|67|512	PH0643-C.g707	38.525	122	72	2	233	352	1212	1332	3.65e-16	84.0
PfKH01_080013800|DBLa|1|67|512	PH0774-C.g388	100.000	446	0	0	1	446	67	512	0.0	931
PfKH01_080013800|DBLa|1|67|512	PH0774-C.g388	38.525	122	72	2	233	352	1212	1332	3.77e-16	83.6
PfKH01_080013800|CIDRa|1|513|801	QE0439-C.g868	100.000	289	0	0	1	289	513	801	0.0	597
PfKH01_080013800|CIDRa|1|513|801	QE0426-C.g337	100.000	289	0	0	1	289	513	801	0.0	597
PfKH01_080013800|CIDRa|1|513|801	PH0769-C.g379	100.000	289	0	0	1	289	513	801	0.0	597
PfKH01_080013800|CIDRa|1|513|801	PH0643-C.g707	100.000	289	0	0	1	289	513	801	0.0	597
PfKH01_080013800|CIDRa|1|513|801	PH0279-C.g71	100.000	289	0	0	1	289	502	790	0.0	597
PfKH01_080013800|DBLd|1|882|1390	QE0439-C.g868	100.000	509	0	0	1	509	882	1390	0.0	1051
PfKH01_080013800|DBLd|1|882|1390	QE0439-C.g868	38.739	111	65	2	331	440	299	407	3.41e-15	81.3
PfKH01_080013800|DBLd|1|882|1390	QE0426-C.g337	100.000	509	0	0	1	509	882	1390	0.0	1051
PfKH01_080013800|DBLd|1|882|1390	QE0426-C.g337	38.739	111	65	2	331	440	299	407	3.41e-15	81.3
PfKH01_080013800|DBLd|1|882|1390	PH0769-C.g379	100.000	509	0	0	1	509	882	1390	0.0	1051
PfKH01_080013800|DBLd|1|882|1390	PH0769-C.g379	38.739	111	65	2	331	440	299	407	3.41e-15	81.3
PfKH01_080013800|DBLd|1|882|1390	PH0643-C.g707	100.000	509	0	0	1	509	882	1390	0.0	1051
PfKH01_080013800|DBLd|1|882|1390	PH0643-C.g707	38.739	111	65	2	331	440	299	407	3.41e-15	81.3
PfKH01_080013800|DBLd|1|882|1390	PH0774-C.g388	100.000	509	0	0	1	509	882	1390	0.0	1051
PfKH01_080013800|DBLd|1|882|1390	PH0774-C.g388	38.739	111	65	2	331	440	299	407	4.23e-15	81.3
PfKH01_080013800|CIDRg|1|1391|1652	PV0139-C.g107	100.000	262	0	0	1	262	1453	1714	0.0	545
PfKH01_080013800|CIDRg|1|1391|1652	QE0439-C.g868	100.000	262	0	0	1	262	1391	1652	0.0	544
PfKH01_080013800|CIDRg|1|1391|1652	QE0426-C.g337	100.000	262	0	0	1	262	1391	1652	0.0	544
PfKH01_080013800|CIDRg|1|1391|1652	PH0774-C.g388	100.000	262	0	0	1	262	1391	1652	0.0	544
PfKH01_080013800|CIDRg|1|1391|1652	PH0769-C.g379	100.000	262	0	0	1	262	1391	1652	0.0	544
PfKH01_080013800|ATS|1|1749|2236	PfKE02.g507	73.705	502	95	8	1	488	1741	2219	0.0	696
PfKH01_080013800|ATS|1|1749|2236	PV0139-C.g5	70.751	506	100	12	1	488	2090	2565	0.0	671
PfKH01_080013800|ATS|1|1749|2236	PV0246-C.g3	71.020	490	100	10	1	488	3066	3515	0.0	661
PfKH01_080013800|ATS|1|1749|2236	PD0561-C.g263	71.197	493	100	11	1	488	2424	2879	0.0	660
PfKH01_080013800|ATS|1|1749|2236	PFKE09.g563	71.633	490	89	10	1	488	775	1216	0.0	656
PfKH01_080013900|NTS|1|1|65	PH0769-C.g486	100.000	65	0	0	1	65	1	65	2.38e-38	135
PfKH01_080013900|NTS|1|1|65	PH0279-C.g52	100.000	65	0	0	1	65	1	65	3.55e-38	135
PfKH01_080013900|NTS|1|1|65	PV0139-C.g87	100.000	65	0	0	1	65	1	65	3.55e-38	135
PfKH01_080013900|NTS|1|1|65	QE0439-C.g794	100.000	65	0	0	1	65	1	65	3.59e-38	135
PfKH01_080013900|NTS|1|1|65	PH0643-C.g568	100.000	65	0	0	1	65	1	65	3.59e-38	135
PfKH01_080013900|DBLa|1|66|471	PH0279-C.g52	100.000	406	0	0	1	406	66	471	0.0	852
PfKH01_080013900|DBLa|1|66|471	PH0279-C.g52	28.185	259	134	8	51	288	851	1078	7.90e-22	100
PfKH01_080013900|DBLa|1|66|471	PH0279-C.g52	29.891	184	111	7	226	406	1536	1704	4.48e-09	61.2
PfKH01_080013900|DBLa|1|66|471	QE0439-C.g794	100.000	406	0	0	1	406	66	471	0.0	852
PfKH01_080013900|DBLa|1|66|471	QE0439-C.g794	28.185	259	134	8	51	288	851	1078	7.98e-22	100
PfKH01_080013900|DBLa|1|66|471	QE0439-C.g794	29.891	184	111	7	226	406	1536	1704	4.85e-09	60.8
PfKH01_080013900|DBLa|1|66|471	PH0643-C.g568	100.000	406	0	0	1	406	66	471	0.0	852
PfKH01_080013900|DBLa|1|66|471	PH0643-C.g568	28.185	259	134	8	51	288	851	1078	7.98e-22	100
PfKH01_080013900|DBLa|1|66|471	PH0643-C.g568	29.891	184	111	7	226	406	1536	1704	4.85e-09	60.8
PfKH01_080013900|DBLa|1|66|471	PV0139-C.g87	99.754	406	1	0	1	406	66	471	0.0	848
PfKH01_080013900|DBLa|1|66|471	PV0139-C.g87	28.185	259	134	8	51	288	851	1078	7.83e-22	100
PfKH01_080013900|DBLa|1|66|471	PV0139-C.g87	29.891	184	111	7	226	406	1536	1704	4.94e-09	60.8
PfKH01_080013900|DBLa|1|66|471	PH0774-C.g345	99.507	406	2	0	1	406	66	471	0.0	845
PfKH01_080013900|DBLa|1|66|471	PH0774-C.g345	28.185	259	134	8	51	288	851	1078	7.55e-22	100
PfKH01_080013900|DBLa|1|66|471	PH0774-C.g345	29.891	184	111	7	226	406	1536	1704	4.60e-09	61.2
PfKH01_080013900|CIDRa|1|472|715	PH0769-C.g485	100.000	244	0	0	1	244	277	520	9.59e-168	509
PfKH01_080013900|CIDRa|1|472|715	PH0279-C.g52	100.000	244	0	0	1	244	472	715	2.57e-167	510
PfKH01_080013900|CIDRa|1|472|715	PV0139-C.g87	100.000	244	0	0	1	244	472	715	2.78e-167	510
PfKH01_080013900|CIDRa|1|472|715	PH0774-C.g345	100.000	244	0	0	1	244	472	715	2.89e-167	510
PfKH01_080013900|CIDRa|1|472|715	QE0439-C.g794	100.000	244	0	0	1	244	472	715	2.98e-167	510
PfKH01_080013900|DBLb|1|744|1189	PH0774-C.g345	100.000	446	0	0	1	446	744	1189	0.0	946
PfKH01_080013900|DBLb|1|744|1189	PH0774-C.g345	26.431	367	213	13	5	335	8	353	1.08e-22	103
PfKH01_080013900|DBLb|1|744|1189	QE0439-C.g794	100.000	446	0	0	1	446	744	1189	0.0	946
PfKH01_080013900|DBLb|1|744|1189	QE0439-C.g794	26.087	368	213	13	5	335	8	353	6.33e-22	101
PfKH01_080013900|DBLb|1|744|1189	PV0139-C.g87	100.000	446	0	0	1	446	744	1189	0.0	946
PfKH01_080013900|DBLb|1|744|1189	PV0139-C.g87	26.087	368	213	13	5	335	8	353	6.10e-22	101
PfKH01_080013900|DBLb|1|744|1189	PH0643-C.g568	100.000	446	0	0	1	446	744	1189	0.0	946
PfKH01_080013900|DBLb|1|744|1189	PH0643-C.g568	26.087	368	213	13	5	335	8	353	6.33e-22	101
PfKH01_080013900|DBLb|1|744|1189	PH0279-C.g52	100.000	446	0	0	1	446	744	1189	0.0	946
PfKH01_080013900|DBLb|1|744|1189	PH0279-C.g52	26.087	368	213	13	5	335	8	353	6.62e-22	101
PfKH01_080013900|DBLd|1|1211|1704	PH0774-C.g345	100.000	494	0	0	1	494	1211	1704	0.0	1021
PfKH01_080013900|DBLd|1|1211|1704	PH0774-C.g345	25.352	355	189	17	158	494	175	471	7.42e-10	64.3
PfKH01_080013900|DBLd|1|1211|1704	PH0279-C.g52	100.000	494	0	0	1	494	1211	1704	0.0	1021
PfKH01_080013900|DBLd|1|1211|1704	PH0279-C.g52	25.352	355	189	17	158	494	175	471	7.35e-10	64.3
PfKH01_080013900|DBLd|1|1211|1704	PV0139-C.g87	100.000	494	0	0	1	494	1211	1704	0.0	1021
PfKH01_080013900|DBLd|1|1211|1704	PV0139-C.g87	25.501	349	184	17	164	494	181	471	7.11e-10	64.3
PfKH01_080013900|DBLd|1|1211|1704	QE0439-C.g794	100.000	494	0	0	1	494	1211	1704	0.0	1020
PfKH01_080013900|DBLd|1|1211|1704	QE0439-C.g794	25.352	355	189	17	158	494	175	471	6.92e-10	64.3
PfKH01_080013900|DBLd|1|1211|1704	PH0643-C.g568	100.000	494	0	0	1	494	1211	1704	0.0	1020
PfKH01_080013900|DBLd|1|1211|1704	PH0643-C.g568	25.352	355	189	17	158	494	175	471	6.92e-10	64.3
PfKH01_080013900|CIDRb|1|1705|1961	PV0233-C.g74	100.000	257	0	0	1	257	1382	1638	6.66e-178	535
PfKH01_080013900|CIDRb|1|1705|1961	PV0233-C.g74	45.902	61	32	1	110	169	645	705	2.00e-07	53.9
PfKH01_080013900|CIDRb|1|1705|1961	PH0769-C.g485	100.000	257	0	0	1	257	1510	1766	2.72e-176	533
PfKH01_080013900|CIDRb|1|1705|1961	PH0774-C.g345	100.000	257	0	0	1	257	1705	1961	1.24e-175	534
PfKH01_080013900|CIDRb|1|1705|1961	PH0279-C.g52	100.000	257	0	0	1	257	1705	1961	1.34e-175	533
PfKH01_080013900|CIDRb|1|1705|1961	PV0139-C.g87	100.000	257	0	0	1	257	1705	1961	1.41e-175	533
PfKH01_080013900|ATS|1|2079|2552	PD0590-C.g548	85.386	479	52	5	1	474	2191	2656	0.0	822
PfKH01_080013900|ATS|1|2079|2552	PD0585-C.g522	85.386	479	52	5	1	474	2191	2656	0.0	822
PfKH01_080013900|ATS|1|2079|2552	PfKE02.g507	81.081	481	75	5	1	472	1741	2214	0.0	764
PfKH01_080013900|ATS|1|2079|2552	PFKE11.g671	74.902	510	71	9	1	472	2046	2536	0.0	741
PfKH01_080013900|ATS|1|2079|2552	PF0489-C.g723	77.320	485	72	10	1	474	1717	2174	0.0	727
PfKH01_080014200|NTS|1|1|65	PfKE03.g177	75.000	60	15	0	6	65	159	218	7.09e-22	89.0
PfKH01_080014200|NTS|1|1|65	PV0139-C.g64	87.692	65	8	0	1	65	1	65	1.10e-21	88.2
PfKH01_080014200|NTS|1|1|65	PH0643-C.g445	87.692	65	8	0	1	65	1	65	1.10e-21	88.2
PfKH01_080014200|NTS|1|1|65	PH0774-C.g524	87.692	65	8	0	1	65	1	65	1.44e-21	87.8
PfKH01_080014200|NTS|1|1|65	PH0769-C.g749	87.692	65	8	0	1	65	1	65	1.44e-21	87.8
PfKH01_080014200|DBLa|1|66|514	PH0774-C.g524	99.555	449	2	0	1	449	66	514	0.0	924
PfKH01_080014200|DBLa|1|66|514	PH0774-C.g524	28.716	296	156	10	165	449	1090	1341	3.91e-23	105
PfKH01_080014200|DBLa|1|66|514	PH0769-C.g749	99.555	449	2	0	1	449	66	514	0.0	924
PfKH01_080014200|DBLa|1|66|514	PH0769-C.g749	28.716	296	156	10	165	449	1090	1341	3.91e-23	105
PfKH01_080014200|DBLa|1|66|514	PV0139-C.g64	94.298	456	19	3	1	449	66	521	0.0	855
PfKH01_080014200|DBLa|1|66|514	PV0139-C.g64	28.041	296	158	9	165	449	1097	1348	3.48e-23	105
PfKH01_080014200|DBLa|1|66|514	PH0643-C.g445	94.298	456	19	3	1	449	66	521	0.0	855
PfKH01_080014200|DBLa|1|66|514	PH0643-C.g445	28.041	296	158	9	165	449	1097	1348	3.48e-23	105
PfKH01_080014200|DBLa|1|66|514	PV0233-C.g81	94.298	456	19	3	1	449	66	521	0.0	851
PfKH01_080014200|DBLa|1|66|514	PV0233-C.g81	28.716	296	156	10	165	449	1087	1338	3.66e-23	105
PfKH01_080014200|CIDRa|1|515|819	PV0139-C.g64	100.000	305	0	0	1	305	522	826	0.0	632
PfKH01_080014200|CIDRa|1|515|819	PH0643-C.g445	100.000	305	0	0	1	305	522	826	0.0	632
PfKH01_080014200|CIDRa|1|515|819	PH0279-C.g13	100.000	305	0	0	1	305	252	556	0.0	632
PfKH01_080014200|CIDRa|1|515|819	PH0774-C.g524	100.000	305	0	0	1	305	515	819	0.0	630
PfKH01_080014200|CIDRa|1|515|819	PH0769-C.g749	100.000	305	0	0	1	305	515	819	0.0	630
PfKH01_080014200|DBLd|1|914|1341	PV0139-C.g64	100.000	428	0	0	1	428	921	1348	0.0	891
PfKH01_080014200|DBLd|1|914|1341	PV0139-C.g64	28.956	297	161	9	177	428	230	521	1.82e-23	105
PfKH01_080014200|DBLd|1|914|1341	PH0643-C.g445	100.000	428	0	0	1	428	921	1348	0.0	891
PfKH01_080014200|DBLd|1|914|1341	PH0643-C.g445	28.956	297	161	9	177	428	230	521	1.82e-23	105
PfKH01_080014200|DBLd|1|914|1341	PV0233-C.g81	100.000	428	0	0	1	428	911	1338	0.0	889
PfKH01_080014200|DBLd|1|914|1341	PV0233-C.g81	28.956	297	161	9	177	428	230	521	5.80e-24	107
PfKH01_080014200|DBLd|1|914|1341	PH0774-C.g524	100.000	428	0	0	1	428	914	1341	0.0	889
PfKH01_080014200|DBLd|1|914|1341	PH0774-C.g524	28.716	296	156	10	177	428	230	514	1.00e-22	103
PfKH01_080014200|DBLd|1|914|1341	PH0769-C.g749	100.000	428	0	0	1	428	914	1341	0.0	889
PfKH01_080014200|DBLd|1|914|1341	PH0769-C.g749	28.716	296	156	10	177	428	230	514	1.00e-22	103
PfKH01_080014200|CIDRb|1|1342|1596	PV0209-C.g72	100.000	255	0	0	1	255	603	857	1.85e-179	523
PfKH01_080014200|CIDRb|1|1342|1596	PA0185-C.g932	100.000	255	0	0	1	255	498	752	2.75e-178	527
PfKH01_080014200|CIDRb|1|1342|1596	SenT119.09.g653	100.000	255	0	0	1	255	876	1130	3.51e-177	522
PfKH01_080014200|CIDRb|1|1342|1596	PC0056-C.g570	100.000	255	0	0	1	255	876	1130	8.69e-177	521
PfKH01_080014200|CIDRb|1|1342|1596	PA0030-C.g459	100.000	255	0	0	1	255	984	1238	7.00e-176	521
PfKH01_080014200|ATS|1|1704|2160	PV0139-C.g64	100.000	457	0	0	1	457	1711	2167	0.0	939
PfKH01_080014200|ATS|1|1704|2160	PH0643-C.g445	100.000	457	0	0	1	457	1711	2167	0.0	939
PfKH01_080014200|ATS|1|1704|2160	PH0279-C.g13	93.648	488	0	1	1	457	1441	1928	0.0	920
PfKH01_080014200|ATS|1|1704|2160	PF0330-C.g533	96.061	457	18	0	1	457	558	1014	0.0	901
PfKH01_080014200|ATS|1|1704|2160	QG0186-C.g1204	96.061	457	18	0	1	457	687	1143	0.0	900
PfKH01_080038100|NTS|1|1|63	PV0094-C.g51	100.000	63	0	0	1	63	1	63	8.19e-37	131
PfKH01_080038100|NTS|1|1|63	PH0279-C.g48	100.000	63	0	0	1	63	1	63	8.94e-37	131
PfKH01_080038100|NTS|1|1|63	QG0286-C.g4318	67.647	68	17	1	1	63	1	68	2.51e-20	84.3
PfKH01_080038100|NTS|1|1|63	QG0184-C.g30	80.392	51	10	0	13	63	17	67	2.68e-20	84.3
PfKH01_080038100|NTS|1|1|63	PD0544-C.g596	70.312	64	17	2	1	63	1	63	7.85e-20	82.8
PfKH01_080038100|DBLa|1|64|486	PH0279-C.g48	100.000	423	0	0	1	423	64	486	0.0	886
PfKH01_080038100|DBLa|1|64|486	PH0279-C.g48	31.250	192	103	6	171	334	1151	1341	4.36e-17	86.3
PfKH01_080038100|DBLa|1|64|486	PV0094-C.g51	100.000	423	0	0	1	423	64	486	0.0	882
PfKH01_080038100|DBLa|1|64|486	QG0260-C.g970	86.998	423	55	0	1	423	60	482	0.0	743
PfKH01_080038100|DBLa|1|64|486	QG0260-C.g970	31.016	187	113	6	238	423	1254	1425	6.75e-15	79.7
PfKH01_080038100|DBLa|1|64|486	PV0099-C.g72	79.724	434	65	5	1	423	63	484	0.0	652
PfKH01_080038100|DBLa|1|64|486	PV0099-C.g72	31.677	161	82	7	236	391	1158	1295	2.01e-11	68.6
PfKH01_080038100|DBLa|1|64|486	PV0195-C.g66	79.724	434	65	5	1	423	63	484	0.0	652
PfKH01_080038100|DBLa|1|64|486	PV0195-C.g66	26.190	336	191	12	117	423	1021	1328	3.74e-16	83.6
PfKH01_080038100|CIDRa|1|487|768	PC0016-C.g185	100.000	282	0	0	1	282	1175	1456	0.0	582
PfKH01_080038100|CIDRa|1|487|768	PC0016-C.g185	67.273	55	18	0	1	55	607	661	2.92e-16	81.3
PfKH01_080038100|CIDRa|1|487|768	PV0195-C.g66	100.000	282	0	0	1	282	485	766	0.0	582
PfKH01_080038100|CIDRa|1|487|768	PV0099-C.g72	100.000	282	0	0	1	282	485	766	0.0	582
PfKH01_080038100|CIDRa|1|487|768	PH0117-C.g13	100.000	282	0	0	1	282	485	766	0.0	582
PfKH01_080038100|CIDRa|1|487|768	PH0279-C.g48	100.000	282	0	0	1	282	487	768	0.0	581
PfKH01_080038100|DBLd|1|850|1364	PH0279-C.g48	100.000	515	0	0	1	515	899	1413	0.0	1070
PfKH01_080038100|DBLd|1|850|1364	PH0279-C.g48	31.771	192	102	6	253	443	234	397	1.73e-17	88.6
PfKH01_080038100|DBLd|1|850|1364	PA0056-C.g306	57.223	533	181	16	1	515	864	1367	1.95e-174	537
PfKH01_080038100|DBLd|1|850|1364	PA0056-C.g306	27.885	312	174	12	222	515	225	503	5.43e-14	77.4
PfKH01_080038100|DBLd|1|850|1364	SenT097.11.g411	54.364	550	199	19	1	515	403	935	1.36e-169	516
PfKH01_080038100|DBLd|1|850|1364	SenT140.11.g481	54.364	550	199	19	1	515	430	962	1.39e-169	516
PfKH01_080038100|DBLd|1|850|1364	PA0053-C.g790	54.367	561	183	25	1	515	59	592	4.04e-166	498
PfKH01_080038100|CIDRg|1|1365|1636	PH0279-C.g48	100.000	272	0	0	1	272	1414	1685	0.0	555
PfKH01_080038100|CIDRg|1|1365|1636	PC0061-C.g271	77.528	267	57	2	1	267	676	939	1.11e-137	416
PfKH01_080038100|CIDRg|1|1365|1636	SenT077.11.g391	79.026	267	51	3	1	267	1413	1674	1.87e-135	422
PfKH01_080038100|CIDRg|1|1365|1636	PT0098-C.g461	79.026	267	51	3	1	267	1390	1651	5.32e-135	420
PfKH01_080038100|CIDRg|1|1365|1636	PT0098-C.g461	29.143	175	111	6	96	258	649	822	7.10e-08	55.8
PfKH01_080038100|CIDRg|1|1365|1636	QE0454-C.g694	79.775	267	46	3	1	267	1289	1547	9.58e-133	414
PfKH01_080038100|CIDRg|1|1365|1636	QE0454-C.g694	29.885	174	102	7	33	201	501	659	4.00e-09	59.7
PfKH01_080038100|ATS|1|1776|2226	PH0121-CW.g61	80.380	474	69	4	1	451	1474	1946	0.0	754
PfKH01_080038100|ATS|1|1776|2226	PV0028-C.g31	81.957	460	70	5	1	451	1737	2192	0.0	743
PfKH01_080038100|ATS|1|1776|2226	PD0549-C.g516	82.965	452	72	4	1	451	2187	2634	0.0	728
PfKH01_080038100|ATS|1|1776|2226	PD0511-C.g583	82.965	452	72	4	1	451	2187	2634	0.0	728
PfKH01_080038100|ATS|1|1776|2226	PFKE10.g280	75.054	465	76	5	1	448	2897	3338	0.0	695
PfKH01_080038100|ATS|1|1776|2226	PFKE10.g280	57.500	120	36	4	320	435	3337	3445	1.19e-27	119
PfKH01_090005300|NTS|1|1|67	PV0081-C.g72	100.000	67	0	0	1	67	1	67	4.90e-40	140
PfKH01_090005300|NTS|1|1|67	PH0279-C.g43	100.000	67	0	0	1	67	1	67	5.51e-40	140
PfKH01_090005300|NTS|1|1|67	PV0288-C.g41	100.000	67	0	0	1	67	1	67	6.13e-40	140
PfKH01_090005300|NTS|1|1|67	PV0229-C.g29	100.000	67	0	0	1	67	1	67	6.13e-40	140
PfKH01_090005300|NTS|1|1|67	PC0077-C.g220	73.684	57	15	0	1	57	1	57	1.51e-21	87.8
PfKH01_090005300|DBLa|1|73|479	PH0279-C.g43	100.000	407	0	0	1	407	73	479	0.0	852
PfKH01_090005300|DBLa|1|73|479	PH0279-C.g43	29.119	261	135	9	182	407	1149	1394	5.24e-19	92.0
PfKH01_090005300|DBLa|1|73|479	PV0288-C.g41	100.000	407	0	0	1	407	73	479	0.0	852
PfKH01_090005300|DBLa|1|73|479	PV0288-C.g41	29.119	261	135	9	182	407	1098	1343	4.94e-19	92.0
PfKH01_090005300|DBLa|1|73|479	PV0229-C.g29	100.000	407	0	0	1	407	73	479	0.0	852
PfKH01_090005300|DBLa|1|73|479	PV0229-C.g29	29.119	261	135	9	182	407	1098	1343	4.94e-19	92.0
PfKH01_090005300|DBLa|1|73|479	PV0081-C.g72	100.000	407	0	0	1	407	73	479	0.0	851
PfKH01_090005300|DBLa|1|73|479	PV0081-C.g72	29.119	261	135	9	182	407	1098	1343	6.31e-19	91.7
PfKH01_090005300|DBLa|1|73|479	QG0246-C.g4	76.513	413	90	5	1	407	69	480	0.0	624
PfKH01_090005300|DBLa|1|73|479	QG0246-C.g4	26.846	298	160	13	145	407	1100	1374	1.22e-12	72.4
PfKH01_090005300|CIDRa|1|480|754	PH0279-C.g43	100.000	275	0	0	1	275	480	754	0.0	573
PfKH01_090005300|CIDRa|1|480|754	PV0288-C.g41	100.000	275	0	0	1	275	480	754	0.0	572
PfKH01_090005300|CIDRa|1|480|754	PV0229-C.g29	100.000	275	0	0	1	275	480	754	0.0	572
PfKH01_090005300|CIDRa|1|480|754	PV0081-C.g72	100.000	275	0	0	1	275	480	754	0.0	572
PfKH01_090005300|CIDRa|1|480|754	PA0251-C.g781	61.011	277	96	5	1	266	489	764	2.80e-99	320
PfKH01_090005300|DBLd|1|849|1343	PV0288-C.g41	100.000	495	0	0	1	495	849	1343	0.0	1018
PfKH01_090005300|DBLd|1|849|1343	PV0288-C.g41	29.119	261	135	9	250	495	254	479	1.15e-19	95.1
PfKH01_090005300|DBLd|1|849|1343	PV0229-C.g29	100.000	495	0	0	1	495	849	1343	0.0	1018
PfKH01_090005300|DBLd|1|849|1343	PV0229-C.g29	29.119	261	135	9	250	495	254	479	1.15e-19	95.1
PfKH01_090005300|DBLd|1|849|1343	PV0081-C.g72	100.000	495	0	0	1	495	849	1343	0.0	1018
PfKH01_090005300|DBLd|1|849|1343	PV0081-C.g72	29.119	261	135	9	250	495	254	479	1.47e-19	95.1
PfKH01_090005300|DBLd|1|849|1343	PH0279-C.g43	90.659	546	0	1	1	495	849	1394	0.0	995
PfKH01_090005300|DBLd|1|849|1343	PH0279-C.g43	29.119	261	135	9	250	495	254	479	9.05e-20	95.5
PfKH01_090005300|DBLd|1|849|1343	PD0569-C.g775	94.556	496	20	3	1	495	874	1363	0.0	914
PfKH01_090005300|DBLd|1|849|1343	PD0569-C.g775	26.493	268	153	8	250	495	248	493	1.35e-14	79.3
PfKH01_090005300|CIDRg|1|1344|1608	PD0569-C.g775	100.000	265	0	0	1	265	1364	1628	0.0	546
PfKH01_090005300|CIDRg|1|1344|1608	PD0549-C.g671	100.000	265	0	0	1	265	1364	1628	0.0	546
PfKH01_090005300|CIDRg|1|1344|1608	PD0546-C.g666	100.000	265	0	0	1	265	1364	1628	0.0	546
PfKH01_090005300|CIDRg|1|1344|1608	PD0530-C.g730	100.000	265	0	0	1	265	1364	1628	0.0	546
PfKH01_090005300|CIDRg|1|1344|1608	PD0527-C.g574	100.000	265	0	0	1	265	1364	1628	0.0	546
PfKH01_090005300|ATS|1|1718|2176	PD0474-C.g567	80.130	463	84	6	1	459	2375	2833	0.0	731
PfKH01_090005300|ATS|1|1718|2176	PD0483-C.g348	79.826	461	88	4	1	459	2589	3046	0.0	728
PfKH01_090005300|ATS|1|1718|2176	PA0270-C.g443	78.355	462	90	8	1	459	2185	2639	0.0	702
PfKH01_090005300|ATS|1|1718|2176	PV0028-C.g43	77.322	463	75	8	1	459	1843	2279	0.0	700
PfKH01_090005300|ATS|1|1718|2176	PT0095-C.g144	79.954	439	69	8	7	431	2288	2721	0.0	679
PfKH01_090042500|NTS|1|1|64	PH0856-C.g435	100.000	64	0	0	1	64	1	64	1.97e-37	133
PfKH01_090042500|NTS|1|1|64	PH0279-C.g59	100.000	64	0	0	1	64	1	64	1.97e-37	133
PfKH01_090042500|NTS|1|1|64	PC0103-C.g717	92.727	55	1	1	10	64	11	62	2.00e-25	99.0
PfKH01_090042500|NTS|1|1|64	PT0242-Cx.g783	82.456	57	10	0	8	64	14	70	2.24e-24	95.9
PfKH01_090042500|NTS|1|1|64	PF0207-C.g450	88.462	52	6	0	13	64	10	61	2.49e-24	95.9
PfKH01_090042500|DBLa|1|65|509	PH0279-C.g59	100.000	445	0	0	1	445	65	509	0.0	925
PfKH01_090042500|DBLa|1|65|509	PH0279-C.g59	34.579	214	109	6	198	409	1174	1358	8.23e-18	89.0
PfKH01_090042500|DBLa|1|65|509	PV0082-C.g76	97.528	445	11	0	1	445	64	508	0.0	905
PfKH01_090042500|DBLa|1|65|509	PV0082-C.g76	26.997	363	210	15	106	445	1044	1374	1.09e-21	100
PfKH01_090042500|DBLa|1|65|509	PV0288-C.g44	95.291	446	20	1	1	445	60	505	0.0	853
PfKH01_090042500|DBLa|1|65|509	PV0288-C.g44	23.451	452	249	17	19	445	986	1365	2.56e-13	74.7
PfKH01_090042500|DBLa|1|65|509	PH0332-C.g587	95.291	446	20	1	1	445	60	505	0.0	851
PfKH01_090042500|DBLa|1|65|509	PH0332-C.g587	24.451	364	192	13	116	445	1073	1387	3.04e-15	80.9
PfKH01_090042500|DBLa|1|65|509	PH0643-C.g893	95.291	446	20	1	1	445	60	505	0.0	851
PfKH01_090042500|DBLa|1|65|509	PH0643-C.g893	29.008	262	158	9	190	445	1096	1335	7.47e-24	107
PfKH01_090042500|CIDRa|1|510|814	PV0099-C.g93	100.000	305	0	0	1	305	498	802	0.0	627
PfKH01_090042500|CIDRa|1|510|814	PV0288-C.g44	100.000	305	0	0	1	305	506	810	0.0	626
PfKH01_090042500|CIDRa|1|510|814	PV0241-C.g67	100.000	305	0	0	1	305	506	810	0.0	625
PfKH01_090042500|CIDRa|1|510|814	PV0234-C.g59	100.000	305	0	0	1	305	506	810	0.0	625
PfKH01_090042500|CIDRa|1|510|814	PV0082-C.g76	100.000	305	0	0	1	305	509	813	0.0	625
PfKH01_090042500|DBLd|1|897|1386	PH0279-C.g59	100.000	490	0	0	1	490	897	1386	0.0	1013
PfKH01_090042500|DBLd|1|897|1386	PH0279-C.g59	34.579	214	109	6	278	462	262	473	6.23e-22	102
PfKH01_090042500|DBLd|1|897|1386	PV0089-C.g78	80.202	495	77	8	1	490	859	1337	0.0	727
PfKH01_090042500|DBLd|1|897|1386	PV0089-C.g78	30.172	348	177	16	180	490	188	506	1.14e-16	85.9
PfKH01_090042500|DBLd|1|897|1386	PV0094-C.g66	66.992	512	119	15	1	490	826	1309	0.0	583
PfKH01_090042500|DBLd|1|897|1386	PV0094-C.g66	44.000	100	51	2	322	418	302	399	2.96e-17	87.8
PfKH01_090042500|DBLd|1|897|1386	QE0395-C.g681	54.833	538	164	17	1	490	474	980	2.88e-161	494
PfKH01_090042500|DBLd|1|897|1386	PF0784-C.g748	50.669	523	210	14	1	490	150	657	1.35e-153	466
PfKH01_090042500|CIDRb|1|1387|1643	PV0094-C.g66	100.000	257	0	0	1	257	1310	1566	1.90e-173	522
PfKH01_090042500|CIDRb|1|1387|1643	PV0094-C.g66	35.227	88	53	2	84	170	567	651	8.93e-08	55.1
PfKH01_090042500|CIDRb|1|1387|1643	PV0089-C.g78	100.000	257	0	0	1	257	1338	1594	1.97e-173	523
PfKH01_090042500|CIDRb|1|1387|1643	PH0279-C.g59	100.000	257	0	0	1	257	1387	1643	8.70e-173	522
PfKH01_090042500|CIDRb|1|1387|1643	PH0279-C.g59	43.750	64	33	1	106	169	649	709	3.07e-08	56.6
PfKH01_090042500|CIDRb|1|1387|1643	PD0626-C.g569	72.266	256	61	5	5	253	1033	1285	8.96e-110	347
PfKH01_090042500|CIDRb|1|1387|1643	PV0258-C.g18	72.266	256	61	5	5	253	1389	1641	1.94e-109	348
PfKH01_090042500|ATS|1|1769|2243	PFKE09.g399	73.077	494	69	9	1	475	1790	2238	0.0	688
PfKH01_090042500|ATS|1|1769|2243	PC0085-C.g1371	71.683	505	91	8	1	475	1768	2250	0.0	677
PfKH01_090042500|ATS|1|1769|2243	PV0028-C.g54	68.085	517	107	11	1	475	1750	2250	0.0	637
PfKH01_090042500|ATS|1|1769|2243	PV0234-C.g26	69.184	490	125	10	2	472	1736	2218	0.0	617
PfKH01_090042500|ATS|1|1769|2243	PD0549-C.g516	68.267	479	117	13	1	475	2187	2634	0.0	587
PfKH01_100005000|CIDRa|1|1|207	PH0279-C.g93	100.000	207	0	0	1	207	527	733	1.05e-141	427
PfKH01_100005000|CIDRa|1|1|207	PV0256-C.g29	100.000	207	0	0	1	207	527	733	4.48e-138	428
PfKH01_100005000|CIDRa|1|1|207	PC0056-C.g391	100.000	207	0	0	1	207	527	733	8.64e-138	427
PfKH01_100005000|CIDRa|1|1|207	PF0784-C.g21	84.158	202	31	1	1	202	565	765	1.22e-103	323
PfKH01_100005000|CIDRa|1|1|207	PM0090-C.g678	82.609	207	34	2	1	207	547	751	4.22e-102	325
PfKH01_100005000|DBLb|1|217|681	PV0256-C.g29	100.000	465	0	0	1	465	743	1207	0.0	977
PfKH01_100005000|DBLb|1|217|681	PV0256-C.g29	30.471	361	173	14	37	340	36	375	1.78e-29	125
PfKH01_100005000|DBLb|1|217|681	PV0256-C.g29	26.587	252	138	8	108	339	1269	1493	1.33e-15	82.4
PfKH01_100005000|DBLb|1|217|681	PH0279-C.g93	100.000	465	0	0	1	465	743	1207	0.0	974
PfKH01_100005000|DBLb|1|217|681	PH0279-C.g93	31.025	361	171	15	37	340	36	375	7.15e-30	125
PfKH01_100005000|DBLb|1|217|681	PC0056-C.g391	99.785	465	1	0	1	465	743	1207	0.0	974
PfKH01_100005000|DBLb|1|217|681	PC0056-C.g391	30.748	361	172	14	37	340	36	375	2.99e-30	127
PfKH01_100005000|DBLb|1|217|681	PC0056-C.g391	31.873	251	111	9	86	305	2424	2645	1.45e-26	116
PfKH01_100005000|DBLb|1|217|681	PC0056-C.g391	29.344	259	137	8	103	357	2828	3044	1.30e-23	107
PfKH01_100005000|DBLb|1|217|681	PC0056-C.g391	27.458	295	155	9	93	354	1986	2254	7.99e-19	92.4
PfKH01_100005000|DBLb|1|217|681	QE0438-C.g495	64.780	477	153	6	1	465	735	1208	0.0	585
PfKH01_100005000|DBLb|1|217|681	QE0438-C.g495	30.435	299	140	12	97	353	106	378	2.11e-22	103
PfKH01_100005000|DBLb|1|217|681	QE0438-C.g495	23.052	308	176	10	52	332	1218	1491	1.07e-08	60.5
PfKH01_100005000|DBLb|1|217|681	QE0399-C.g337	64.780	477	153	6	1	465	735	1208	0.0	585
PfKH01_100005000|DBLb|1|217|681	QE0399-C.g337	30.435	299	140	12	97	353	106	378	2.11e-22	103
PfKH01_100005000|DBLb|1|217|681	QE0399-C.g337	23.052	308	176	10	52	332	1218	1491	1.07e-08	60.5
PfKH01_100005000|DBLd|1|700|1119	PV0195-C.g12	100.000	420	0	0	1	420	1279	1698	0.0	870
PfKH01_100005000|DBLd|1|700|1119	PV0195-C.g12	31.467	375	193	12	1	370	2009	2324	9.67e-42	160
PfKH01_100005000|DBLd|1|700|1119	PV0195-C.g12	25.304	411	232	17	50	420	113	488	3.97e-16	83.6
PfKH01_100005000|DBLd|1|700|1119	PV0195-C.g12	27.170	265	127	11	35	280	2466	2683	5.80e-10	63.9
PfKH01_100005000|DBLd|1|700|1119	PV0195-C.g12	21.108	379	201	12	51	411	919	1217	2.35e-08	58.9
PfKH01_100005000|DBLd|1|700|1119	PH0248-C.g48	100.000	420	0	0	1	420	1279	1698	0.0	870
PfKH01_100005000|DBLd|1|700|1119	PH0248-C.g48	31.467	375	193	12	1	370	2009	2324	9.67e-42	160
PfKH01_100005000|DBLd|1|700|1119	PH0248-C.g48	25.304	411	232	17	50	420	113	488	3.97e-16	83.6
PfKH01_100005000|DBLd|1|700|1119	PH0248-C.g48	27.170	265	127	11	35	280	2466	2683	5.80e-10	63.9
PfKH01_100005000|DBLd|1|700|1119	PH0248-C.g48	21.108	379	201	12	51	411	919	1217	2.35e-08	58.9
PfKH01_100005000|DBLd|1|700|1119	PD0667-C.g151	100.000	420	0	0	1	420	1279	1698	0.0	870
PfKH01_100005000|DBLd|1|700|1119	PD0667-C.g151	31.467	375	193	12	1	370	1993	2308	9.48e-42	160
PfKH01_100005000|DBLd|1|700|1119	PD0667-C.g151	25.304	411	232	17	50	420	113	488	3.38e-16	83.6
PfKH01_100005000|DBLd|1|700|1119	PD0667-C.g151	27.170	265	127	11	35	280	2450	2667	5.31e-10	64.3
PfKH01_100005000|DBLd|1|700|1119	PD0667-C.g151	21.108	379	201	12	51	411	919	1217	2.08e-08	59.3
PfKH01_100005000|DBLd|1|700|1119	QE0453-C.g867	100.000	420	0	0	1	420	1279	1698	0.0	870
PfKH01_100005000|DBLd|1|700|1119	QE0453-C.g867	25.304	411	232	17	50	420	113	488	4.43e-16	83.2
PfKH01_100005000|DBLd|1|700|1119	QE0453-C.g867	21.108	379	201	12	51	411	919	1217	2.24e-08	58.9
PfKH01_100005000|DBLd|1|700|1119	PH0121-CW.g66	100.000	420	0	0	1	420	1279	1698	0.0	870
PfKH01_100005000|DBLd|1|700|1119	PH0121-CW.g66	25.304	411	232	17	50	420	113	488	4.55e-16	83.2
PfKH01_100005000|DBLd|1|700|1119	PH0121-CW.g66	21.108	379	201	12	51	411	919	1217	2.19e-08	58.9
PfKH01_100005000|CIDRg|1|1120|1385	QE0453-C.g64	100.000	266	0	0	1	266	203	468	0.0	546
PfKH01_100005000|CIDRg|1|1120|1385	PH0279-C.g78	100.000	266	0	0	1	266	402	667	0.0	544
PfKH01_100005000|CIDRg|1|1120|1385	QE0453-C.g867	100.000	266	0	0	1	266	1699	1964	1.26e-180	546
PfKH01_100005000|CIDRg|1|1120|1385	PH0121-CW.g66	100.000	266	0	0	1	266	1699	1964	1.57e-180	546
PfKH01_100005000|CIDRg|1|1120|1385	PH0117-C.g19	100.000	263	0	0	1	263	1402	1664	4.71e-179	537
PfKH01_100005000|DBLg|1|1429|1805	PH0279-C.g78	100.000	377	0	0	1	377	711	1087	0.0	781
PfKH01_100005000|DBLg|1|1429|1805	PH0279-C.g78	37.500	368	178	10	29	348	16	379	1.96e-57	204
PfKH01_100005000|DBLg|1|1429|1805	PH0279-C.g78	22.798	386	226	16	29	377	1175	1525	1.43e-08	59.3
PfKH01_100005000|DBLg|1|1429|1805	PA0151-C.g161	73.158	380	93	5	1	377	1902	2275	8.53e-180	556
PfKH01_100005000|DBLg|1|1429|1805	PA0151-C.g161	35.876	354	164	13	1	307	1219	1556	1.29e-50	184
PfKH01_100005000|DBLg|1|1429|1805	PA0151-C.g161	25.691	362	204	16	45	377	2378	2703	1.46e-12	71.6
PfKH01_100005000|DBLg|1|1429|1805	PA0151-C.g161	22.680	291	171	8	38	298	111	377	4.52e-12	70.1
PfKH01_100005000|DBLg|1|1429|1805	PA0151-C.g161	22.564	390	213	14	46	377	842	1200	5.54e-10	63.9
PfKH01_100005000|DBLg|1|1429|1805	PH0516-C.g775	77.165	381	81	4	1	377	919	1297	3.37e-179	545
PfKH01_100005000|DBLg|1|1429|1805	PH0516-C.g775	38.529	340	138	14	29	299	208	545	9.75e-49	179
PfKH01_100005000|DBLg|1|1429|1805	PH0516-C.g775	24.742	291	172	10	29	298	1383	1647	5.57e-11	66.6
PfKH01_100005000|DBLg|1|1429|1805	PH0856-C.g89	77.165	381	81	4	1	377	1651	2029	1.48e-176	546
PfKH01_100005000|DBLg|1|1429|1805	PH0856-C.g89	30.743	296	138	8	68	298	1002	1295	5.88e-36	142
PfKH01_100005000|DBLg|1|1429|1805	PH0856-C.g89	24.742	291	172	10	29	298	2115	2379	7.70e-11	66.2
PfKH01_100005000|DBLg|1|1429|1805	PH0856-C.g89	24.534	322	162	11	38	298	108	409	5.37e-08	57.4
PfKH01_100005000|DBLg|1|1429|1805	PD0585-C.g73	77.165	381	81	4	1	377	2064	2442	4.56e-176	545
PfKH01_100005000|DBLg|1|1429|1805	PD0585-C.g73	30.743	296	138	8	68	298	1415	1708	5.24e-36	142
PfKH01_100005000|DBLg|1|1429|1805	PD0585-C.g73	25.574	305	162	10	39	315	924	1191	2.19e-11	68.2
PfKH01_100005000|DBLg|1|1429|1805	PD0585-C.g73	24.742	291	172	10	29	298	2528	2792	6.09e-11	66.6
PfKH01_100005000|DBLg|1|1429|1805	PD0585-C.g73	22.812	320	176	12	32	301	105	403	2.38e-09	61.6
PfKH01_100005000|DBLz|1|1814|2243	PH0279-C.g78	100.000	430	0	0	1	430	1096	1525	0.0	882
PfKH01_100005000|DBLz|1|1814|2243	PH0279-C.g78	23.645	406	214	19	71	415	10	380	1.96e-09	62.4
PfKH01_100005000|DBLz|1|1814|2243	PH0279-C.g78	22.539	386	227	16	80	430	739	1087	7.31e-08	57.4
PfKH01_100005000|DBLz|1|1814|2243	PF0692-C.g1020	72.390	431	116	3	1	430	1167	1595	0.0	629
PfKH01_100005000|DBLz|1|1814|2243	PF0692-C.g1020	28.000	375	223	13	13	353	32	393	1.12e-22	103
PfKH01_100005000|DBLz|1|1814|2243	PF0692-C.g1020	21.357	398	252	11	58	430	797	1158	1.24e-10	66.2
PfKH01_100005000|DBLz|1|1814|2243	PC0020-C.g18	73.256	430	112	2	1	430	830	1256	0.0	611
PfKH01_100005000|DBLz|1|1814|2243	PC0020-C.g18	24.260	338	193	14	79	388	480	782	8.11e-11	66.6
PfKH01_100005000|DBLz|1|1814|2243	PF0207-C.g448	71.327	422	117	2	1	421	2018	2436	0.0	610
PfKH01_100005000|DBLz|1|1814|2243	PF0207-C.g448	27.211	294	172	8	79	346	117	394	4.96e-24	107
PfKH01_100005000|DBLz|1|1814|2243	PF0207-C.g448	22.581	310	191	11	95	386	1690	1968	2.84e-11	68.2
PfKH01_100005000|DBLz|1|1814|2243	PF0207-C.g448	23.220	323	162	10	156	430	1033	1317	3.38e-09	61.6
PfKH01_100005000|DBLz|1|1814|2243	PA0144-C.g422	71.101	436	117	5	1	430	1612	2044	0.0	607
PfKH01_100005000|DBLz|1|1814|2243	PA0144-C.g422	32.899	307	160	11	68	360	828	1102	8.20e-36	142
PfKH01_100005000|DBLz|1|1814|2243	PA0144-C.g422	28.487	337	203	11	50	354	67	397	8.13e-28	119
PfKH01_100005000|DBLz|1|1814|2243	PA0144-C.g422	20.942	382	234	12	81	430	1258	1603	1.42e-07	56.6
PfKH01_100005000|ATS|1|2329|2798	PFKE11.g708	78.059	474	70	6	1	470	1918	2361	0.0	728
PfKH01_100005000|ATS|1|2329|2798	PV0028-C.g39	77.590	473	88	4	1	457	2753	3223	0.0	728
PfKH01_100005000|ATS|1|2329|2798	PV0028-C.g39	75.000	120	9	1	372	470	3232	3351	4.64e-47	177
PfKH01_100005000|ATS|1|2329|2798	PFKE07.g667	75.205	488	61	8	3	470	2367	2814	0.0	704
PfKH01_100005000|ATS|1|2329|2798	PD0590-C.g13	73.387	496	97	6	1	470	818	1304	0.0	698
PfKH01_100005000|ATS|1|2329|2798	PFKE12.g465	73.790	496	98	9	1	470	1773	2262	0.0	697
PfKH01_100044700|NTS|1|1|74	PA0098-C.g720	100.000	74	0	0	1	74	1	74	2.62e-45	155
PfKH01_100044700|NTS|1|1|74	PH0059-C.g84	100.000	74	0	0	1	74	1	74	3.18e-45	155
PfKH01_100044700|NTS|1|1|74	PV0285-C.g6	100.000	74	0	0	1	74	1	74	3.24e-45	155
PfKH01_100044700|NTS|1|1|74	QE0429-C.g44	100.000	74	0	0	1	74	1	74	3.27e-45	155
PfKH01_100044700|NTS|1|1|74	PV0286-C.g7	100.000	74	0	0	1	74	1	74	3.27e-45	155
PfKH01_100044700|DBLa|1|75|469	PV0285-C.g6	94.937	395	20	0	1	395	75	469	0.0	778
PfKH01_100044700|DBLa|1|75|469	PV0285-C.g6	30.333	300	166	10	55	345	901	1166	1.39e-29	123
PfKH01_100044700|DBLa|1|75|469	PV0285-C.g6	26.370	292	149	10	55	322	1654	1903	2.06e-14	77.8
PfKH01_100044700|DBLa|1|75|469	PV0285-C.g6	24.251	334	188	12	118	395	2233	2557	2.58e-14	77.4
PfKH01_100044700|DBLa|1|75|469	PV0285-C.g6	22.742	299	165	11	40	325	1296	1541	4.79e-08	57.8
PfKH01_100044700|DBLa|1|75|469	QE0429-C.g44	94.937	395	20	0	1	395	75	469	0.0	778
PfKH01_100044700|DBLa|1|75|469	QE0429-C.g44	30.333	300	166	10	55	345	901	1166	1.26e-29	123
PfKH01_100044700|DBLa|1|75|469	QE0429-C.g44	26.370	292	149	10	55	322	1654	1903	1.84e-14	77.8
PfKH01_100044700|DBLa|1|75|469	QE0429-C.g44	24.551	334	187	13	118	395	2233	2557	2.73e-14	77.4
PfKH01_100044700|DBLa|1|75|469	QE0429-C.g44	22.742	299	165	11	40	325	1296	1541	4.73e-08	57.8
PfKH01_100044700|DBLa|1|75|469	PV0286-C.g7	94.937	395	20	0	1	395	75	469	0.0	778
PfKH01_100044700|DBLa|1|75|469	PV0286-C.g7	30.333	300	166	10	55	345	901	1166	1.26e-29	123
PfKH01_100044700|DBLa|1|75|469	PV0286-C.g7	26.370	292	149	10	55	322	1654	1903	1.84e-14	77.8
PfKH01_100044700|DBLa|1|75|469	PV0286-C.g7	24.551	334	187	13	118	395	2233	2557	2.73e-14	77.4
PfKH01_100044700|DBLa|1|75|469	PV0286-C.g7	22.742	299	165	11	40	325	1296	1541	4.73e-08	57.8
PfKH01_100044700|DBLa|1|75|469	PH0059-C.g84	94.937	395	20	0	1	395	75	469	0.0	778
PfKH01_100044700|DBLa|1|75|469	PH0059-C.g84	30.333	300	166	10	55	345	901	1166	1.03e-29	124
PfKH01_100044700|DBLa|1|75|469	PH0059-C.g84	27.687	307	183	9	118	395	2233	2529	3.40e-17	86.3
PfKH01_100044700|DBLa|1|75|469	PH0059-C.g84	26.370	292	149	10	55	322	1654	1903	1.50e-14	78.2
PfKH01_100044700|DBLa|1|75|469	PH0059-C.g84	22.742	299	165	11	40	325	1296	1541	4.37e-08	57.8
PfKH01_100044700|DBLa|1|75|469	PD0510-C.g762	89.114	395	43	0	1	395	75	469	0.0	729
PfKH01_100044700|DBLa|1|75|469	PD0510-C.g762	30.249	281	153	12	55	322	899	1149	3.05e-26	113
PfKH01_100044700|DBLa|1|75|469	PD0510-C.g762	24.915	293	173	7	52	334	1316	1571	5.74e-11	67.0
PfKH01_100044700|CIDRd|1|470|725	PH0279-C.g108	100.000	256	0	0	1	256	196	451	4.80e-175	514
PfKH01_100044700|CIDRd|1|470|725	PH0059-C.g84	97.656	256	6	0	1	256	470	725	2.37e-165	509
PfKH01_100044700|CIDRd|1|470|725	PH0059-C.g84	34.146	246	157	3	1	245	2530	2771	1.26e-35	136
PfKH01_100044700|CIDRd|1|470|725	PV0285-C.g6	97.266	256	7	0	1	256	470	725	9.15e-165	507
PfKH01_100044700|CIDRd|1|470|725	PV0285-C.g6	34.146	246	157	3	1	245	2558	2799	1.49e-35	136
PfKH01_100044700|CIDRd|1|470|725	QE0429-C.g44	97.266	256	7	0	1	256	470	725	1.23e-164	506
PfKH01_100044700|CIDRd|1|470|725	QE0429-C.g44	34.146	246	157	3	1	245	2558	2799	1.59e-35	136
PfKH01_100044700|CIDRd|1|470|725	PV0286-C.g7	97.266	256	7	0	1	256	470	725	1.23e-164	506
PfKH01_100044700|CIDRd|1|470|725	PV0286-C.g7	34.146	246	157	3	1	245	2558	2799	1.59e-35	136
PfKH01_100044700|DBLb|1|756|1212	PH0279-C.g108	100.000	457	0	0	1	457	482	938	0.0	946
PfKH01_100044700|DBLb|1|756|1212	PH0279-C.g108	30.476	105	51	3	285	367	20	124	2.49e-07	55.8
PfKH01_100044700|DBLb|1|756|1212	QG0195-C.g746	70.346	462	122	7	3	457	1240	1693	0.0	647
PfKH01_100044700|DBLb|1|756|1212	QG0195-C.g746	37.282	515	243	19	1	457	730	1222	5.78e-82	278
PfKH01_100044700|DBLb|1|756|1212	QG0195-C.g746	42.408	382	161	10	114	457	2126	2486	2.78e-76	262
PfKH01_100044700|DBLb|1|756|1212	QG0195-C.g746	32.115	383	185	13	12	351	2	352	1.27e-39	155
PfKH01_100044700|DBLb|1|756|1212	QG0195-C.g746	29.859	355	199	11	128	457	1751	2080	5.85e-34	138
PfKH01_100044700|DBLb|1|756|1212	PT0215-Cx.g71	70.638	470	116	8	3	457	1231	1693	0.0	643
PfKH01_100044700|DBLb|1|756|1212	PT0215-Cx.g71	39.053	507	233	18	1	457	731	1211	1.38e-90	303
PfKH01_100044700|DBLb|1|756|1212	PT0215-Cx.g71	30.499	341	165	11	74	365	73	390	1.96e-32	133
PfKH01_100044700|DBLb|1|756|1212	PT0215-Cx.g71	27.562	283	155	11	109	365	1731	1989	1.08e-20	98.2
PfKH01_100044700|DBLb|1|756|1212	QG0218-C.g5742	67.804	469	136	6	1	457	1226	1691	0.0	632
PfKH01_100044700|DBLb|1|756|1212	QG0218-C.g5742	37.645	518	235	19	1	457	720	1210	2.89e-88	296
PfKH01_100044700|DBLb|1|756|1212	QG0218-C.g5742	29.132	357	196	9	128	457	1757	2083	1.90e-37	148
PfKH01_100044700|DBLb|1|756|1212	QG0218-C.g5742	29.825	456	227	20	51	449	45	464	1.67e-34	139
PfKH01_100044700|DBLb|1|756|1212	QG0218-C.g5742	24.825	286	156	11	128	375	2146	2410	2.03e-18	91.3
PfKH01_100044700|DBLb|1|756|1212	QG0218-C.g5742	22.289	332	169	11	199	441	2797	3128	6.84e-07	54.7
PfKH01_100044700|DBLb|1|756|1212	PFKE06.g229	67.804	469	136	6	1	457	1228	1693	0.0	632
PfKH01_100044700|DBLb|1|756|1212	PFKE06.g229	38.114	509	237	18	1	457	730	1212	1.23e-85	289
PfKH01_100044700|DBLb|1|756|1212	PFKE06.g229	32.376	383	192	15	6	351	2	354	4.14e-32	132
PfKH01_100044700|DBLb|1|756|1212	PFKE06.g229	25.287	261	143	9	128	359	1759	1996	4.94e-16	83.6
PfKH01_100044700|DBLb|1|756|1212	PFKE06.g229	26.022	269	143	12	126	365	2171	2412	1.21e-11	69.7
PfKH01_100044700|DBLg|1|1227|1587	PT0071-C.g228	81.421	366	57	4	1	358	866	1228	1.26e-164	511
PfKH01_100044700|DBLg|1|1227|1587	PT0071-C.g228	39.172	314	152	11	1	296	1250	1542	2.38e-54	194
PfKH01_100044700|DBLg|1|1227|1587	PT0071-C.g228	29.825	228	115	8	105	301	1965	2178	5.73e-21	97.1
PfKH01_100044700|DBLg|1|1227|1587	PT0071-C.g228	26.045	311	180	10	32	311	114	405	6.88e-17	84.7
PfKH01_100044700|DBLg|1|1227|1587	PT0071-C.g228	37.615	109	49	6	1	92	1781	1887	2.12e-08	58.5
PfKH01_100044700|DBLg|1|1227|1587	QE0401-C.g333	81.421	366	57	4	1	358	866	1228	1.33e-164	511
PfKH01_100044700|DBLg|1|1227|1587	QE0401-C.g333	39.172	314	152	11	1	296	1250	1542	2.52e-54	194
PfKH01_100044700|DBLg|1|1227|1587	QE0401-C.g333	29.825	228	115	8	105	301	1961	2174	5.42e-21	97.1
PfKH01_100044700|DBLg|1|1227|1587	QE0401-C.g333	26.045	311	180	10	32	311	114	405	7.14e-17	84.7
PfKH01_100044700|DBLg|1|1227|1587	QE0401-C.g333	37.615	109	49	6	1	92	1777	1883	2.19e-08	58.5
PfKH01_100044700|DBLg|1|1227|1587	QE0471-C.g362	81.148	366	58	4	1	358	854	1216	1.63e-163	508
PfKH01_100044700|DBLg|1|1227|1587	QE0471-C.g362	39.172	314	152	11	1	296	1238	1530	2.11e-54	195
PfKH01_100044700|DBLg|1|1227|1587	QE0471-C.g362	29.825	228	117	9	104	301	1912	2126	5.36e-21	97.1
PfKH01_100044700|DBLg|1|1227|1587	QE0471-C.g362	26.045	311	180	10	32	311	100	391	5.67e-17	85.1
PfKH01_100044700|DBLg|1|1227|1587	QE0471-C.g362	37.615	109	49	6	1	92	1736	1842	2.06e-08	58.5
PfKH01_100044700|DBLg|1|1227|1587	PT0034-C.g140	79.739	306	48	2	1	296	1223	1524	1.19e-160	500
PfKH01_100044700|DBLg|1|1227|1587	PT0034-C.g140	41.776	304	143	9	1	282	1725	2016	1.45e-61	216
PfKH01_100044700|DBLg|1|1227|1587	PT0034-C.g140	33.829	269	120	8	44	256	2163	2429	1.98e-35	139
PfKH01_100044700|DBLg|1|1227|1587	PT0034-C.g140	24.907	269	146	10	45	289	837	1073	7.10e-13	72.4
PfKH01_100044700|DBLg|1|1227|1587	PT0034-C.g140	26.293	232	144	7	32	256	117	328	1.59e-10	65.1
PfKH01_100044700|DBLg|1|1227|1587	PH0497-CW.g142	67.760	366	104	7	1	361	1177	1533	4.73e-157	489
PfKH01_100044700|DBLg|1|1227|1587	PH0497-CW.g142	26.642	274	123	7	44	239	1657	1930	5.87e-23	103
PfKH01_100044700|DBLg|1|1227|1587	PH0497-CW.g142	25.667	300	167	9	37	302	123	400	5.65e-14	75.9
PfKH01_100044700|DBLg|1|1227|1587	PH0497-CW.g142	25.475	263	148	11	45	296	845	1070	3.15e-12	70.5
PfKH01_100044700|DBLg|2|1606|1985	QE0401-C.g333	100.000	380	0	0	1	380	1250	1629	0.0	796
PfKH01_100044700|DBLg|2|1606|1985	QE0401-C.g333	38.608	316	156	10	1	293	866	1166	1.07e-55	199
PfKH01_100044700|DBLg|2|1606|1985	QE0401-C.g333	25.769	260	149	5	107	337	1963	2207	3.44e-20	95.1
PfKH01_100044700|DBLg|2|1606|1985	QE0401-C.g333	23.851	348	214	11	48	359	123	455	5.56e-11	67.0
PfKH01_100044700|DBLg|2|1606|1985	PT0071-C.g228	100.000	380	0	0	1	380	1250	1629	0.0	796
PfKH01_100044700|DBLg|2|1606|1985	PT0071-C.g228	38.608	316	156	10	1	293	866	1166	1.06e-55	199
PfKH01_100044700|DBLg|2|1606|1985	PT0071-C.g228	25.769	260	149	5	107	337	1967	2211	3.77e-20	95.1
PfKH01_100044700|DBLg|2|1606|1985	PT0071-C.g228	23.851	348	214	11	48	359	123	455	5.56e-11	67.0
PfKH01_100044700|DBLg|2|1606|1985	QE0471-C.g362	100.000	380	0	0	1	380	1238	1617	0.0	795
PfKH01_100044700|DBLg|2|1606|1985	QE0471-C.g362	37.975	316	158	10	1	293	854	1154	2.63e-56	201
PfKH01_100044700|DBLg|2|1606|1985	QE0471-C.g362	26.894	264	149	6	103	337	1911	2159	1.09e-21	99.8
PfKH01_100044700|DBLg|2|1606|1985	QE0471-C.g362	23.851	348	214	11	48	359	109	441	6.06e-11	66.6
PfKH01_100044700|DBLg|2|1606|1985	PT0189-Cx.g341	100.000	380	0	0	1	380	1581	1960	0.0	795
PfKH01_100044700|DBLg|2|1606|1985	PT0189-Cx.g341	38.079	302	168	9	1	293	1206	1497	9.77e-56	199
PfKH01_100044700|DBLg|2|1606|1985	PT0189-Cx.g341	27.041	392	209	14	37	380	826	1188	1.50e-25	111
PfKH01_100044700|DBLg|2|1606|1985	PT0189-Cx.g341	24.739	287	176	9	47	304	128	403	1.18e-09	62.8
PfKH01_100044700|DBLg|2|1606|1985	QG0260-C.g1469	74.474	380	94	2	2	380	1596	1973	0.0	591
PfKH01_100044700|DBLg|2|1606|1985	QG0260-C.g1469	40.190	316	161	12	1	299	1215	1519	3.07e-59	209
PfKH01_100044700|DBLg|2|1606|1985	QG0260-C.g1469	28.316	392	161	14	1	290	2139	2512	3.46e-31	127
PfKH01_100044700|DBLg|2|1606|1985	QG0260-C.g1469	27.149	442	226	20	1	380	793	1200	5.74e-17	85.5
PfKH01_100044700|DBLg|2|1606|1985	QG0260-C.g1469	23.105	277	172	9	47	293	126	391	3.96e-07	54.7
PfKH01_100044700|DBLd|1|2135|2644	QE0452-C.g549	53.986	552	159	17	1	510	1177	1675	1.90e-163	512
PfKH01_100044700|DBLd|1|2135|2644	QE0452-C.g549	23.741	278	142	9	181	454	755	966	1.12e-15	82.8
PfKH01_100044700|DBLd|1|2135|2644	QE0452-C.g549	33.333	126	66	5	1	124	658	767	9.22e-08	57.8
PfKH01_100044700|DBLd|1|2135|2644	PT0071-C.g228	61.641	524	129	10	1	510	1781	2246	2.03e-163	515
PfKH01_100044700|DBLd|1|2135|2644	PT0071-C.g228	24.727	275	130	8	178	451	969	1167	4.44e-15	81.3
PfKH01_100044700|DBLd|1|2135|2644	PT0071-C.g228	24.510	204	89	3	187	390	1356	1494	1.01e-14	80.1
PfKH01_100044700|DBLd|1|2135|2644	PT0071-C.g228	22.823	333	183	13	200	510	189	469	4.47e-09	62.0
PfKH01_100044700|DBLd|1|2135|2644	QE0401-C.g333	61.641	524	129	10	1	510	1777	2242	2.87e-163	514
PfKH01_100044700|DBLd|1|2135|2644	QE0401-C.g333	24.727	275	130	8	178	451	969	1167	4.60e-15	80.9
PfKH01_100044700|DBLd|1|2135|2644	QE0401-C.g333	24.510	204	89	3	187	390	1356	1494	1.07e-14	79.7
PfKH01_100044700|DBLd|1|2135|2644	QE0401-C.g333	22.823	333	183	13	200	510	189	469	4.63e-09	62.0
PfKH01_100044700|DBLd|1|2135|2644	PH0279-C.g94	51.630	552	168	18	1	510	376	870	1.08e-159	488
PfKH01_100044700|DBLd|1|2135|2644	PH0279-C.g94	24.686	239	117	7	240	478	6	181	1.63e-11	69.7
PfKH01_100044700|DBLd|1|2135|2644	QE0471-C.g362	59.542	524	133	12	1	510	1736	2194	3.00e-159	503
PfKH01_100044700|DBLd|1|2135|2644	QE0471-C.g362	24.727	275	130	8	178	451	957	1155	5.55e-15	80.9
PfKH01_100044700|DBLd|1|2135|2644	QE0471-C.g362	24.510	204	89	3	187	390	1344	1482	9.53e-15	80.1
PfKH01_100044700|DBLd|1|2135|2644	QE0471-C.g362	22.823	333	183	13	200	510	175	455	4.06e-09	62.0
PfKH01_100044700|CIDRb|1|2645|2902	PT0080-C.g392	83.806	247	37	1	1	247	1503	1746	6.10e-136	423
PfKH01_100044700|CIDRb|1|2645|2902	QG0260-C.g261	82.422	256	42	1	1	256	2198	2450	1.75e-135	423
PfKH01_100044700|CIDRb|1|2645|2902	PV0246-C.g66	78.764	259	51	2	1	258	1201	1456	1.14e-129	403
PfKH01_100044700|CIDRb|1|2645|2902	PF0240-C.g527	72.727	264	61	4	1	258	1051	1309	5.42e-120	375
PfKH01_100044700|CIDRb|1|2645|2902	PF0818-C.g645	72.901	262	59	7	1	258	1438	1691	1.29e-113	360
PfKH01_100044700|ATS|1|3010|3433	PV0099-C.g17	84.028	432	56	5	1	424	2971	3397	0.0	731
PfKH01_100044700|ATS|1|3010|3433	PA0262-C.g127	81.416	452	52	6	1	424	2860	3307	0.0	720
PfKH01_100044700|ATS|1|3010|3433	PV0094-C.g1	84.634	423	60	4	2	424	2913	3330	0.0	719
PfKH01_100044700|ATS|1|3010|3433	PF0590-C.g183	85.849	424	52	6	1	424	2367	2782	0.0	719
PfKH01_100044700|ATS|1|3010|3433	QE0463-C.g287	83.372	433	59	5	1	424	2589	3017	0.0	717
PfKH01_100044800|NTS|1|1|68	QE0481-C.g650	100.000	68	0	0	1	68	1	68	2.59e-39	138
PfKH01_100044800|NTS|1|1|68	PV0081-C.g73	100.000	68	0	0	1	68	1	68	2.85e-39	138
PfKH01_100044800|NTS|1|1|68	PH0704-C.g833	100.000	68	0	0	1	68	1	68	3.00e-39	138
PfKH01_100044800|NTS|1|1|68	PH0279-C.g64	100.000	58	0	0	11	68	1	58	4.38e-31	115
PfKH01_100044800|NTS|1|1|68	PT0149-C.g9	80.645	62	10	1	1	62	1	60	2.35e-25	99.0
PfKH01_100044800|DBLa|1|69|514	PH0279-C.g64	100.000	446	0	0	1	446	59	504	0.0	931
PfKH01_100044800|DBLa|1|69|514	PH0279-C.g64	26.500	200	113	8	249	446	1412	1579	4.63e-07	55.1
PfKH01_100044800|DBLa|1|69|514	PV0081-C.g73	100.000	446	0	0	1	446	69	514	0.0	930
PfKH01_100044800|DBLa|1|69|514	PV0081-C.g73	23.662	355	209	12	53	354	952	1297	3.14e-13	74.7
PfKH01_100044800|DBLa|1|69|514	PH0704-C.g833	100.000	446	0	0	1	446	69	514	0.0	930
PfKH01_100044800|DBLa|1|69|514	PH0704-C.g833	23.662	355	209	12	53	354	952	1297	3.31e-13	74.7
PfKH01_100044800|DBLa|1|69|514	QE0481-C.g650	81.778	450	75	4	1	446	69	515	0.0	743
PfKH01_100044800|DBLa|1|69|514	QE0481-C.g650	26.176	340	188	13	121	446	1038	1328	4.00e-16	83.6
PfKH01_100044800|DBLa|1|69|514	PT0034-C.g711	65.502	458	129	8	5	446	81	525	0.0	593
PfKH01_100044800|DBLa|1|69|514	PT0034-C.g711	22.083	240	150	6	137	353	1107	1332	1.01e-10	66.6
PfKH01_100044800|CIDRa|1|515|810	PV0081-C.g73	100.000	296	0	0	1	296	515	810	0.0	616
PfKH01_100044800|CIDRa|1|515|810	PV0081-C.g73	28.571	98	70	0	130	227	1460	1557	8.18e-09	58.9
PfKH01_100044800|CIDRa|1|515|810	PH0704-C.g833	100.000	296	0	0	1	296	515	810	0.0	616
PfKH01_100044800|CIDRa|1|515|810	PH0704-C.g833	28.571	98	70	0	130	227	1460	1557	8.11e-09	58.9
PfKH01_100044800|CIDRa|1|515|810	PH0279-C.g64	100.000	296	0	0	1	296	505	800	0.0	616
PfKH01_100044800|CIDRa|1|515|810	PH0279-C.g64	31.429	70	48	0	134	203	1686	1755	2.30e-07	54.7
PfKH01_100044800|CIDRa|1|515|810	PV0288-C.g79	100.000	296	0	0	1	296	170	465	0.0	614
PfKH01_100044800|CIDRa|1|515|810	PV0288-C.g79	28.571	98	70	0	130	227	1115	1212	8.62e-09	58.9
PfKH01_100044800|CIDRa|1|515|810	PV0099-C.g56	75.251	299	41	5	1	296	509	777	1.83e-131	412
PfKH01_100044800|DBLd|1|883|1390	PH0279-C.g64	87.115	357	14	1	184	508	1223	1579	0.0	626
PfKH01_100044800|DBLd|1|883|1390	PH0279-C.g64	99.394	165	1	0	145	309	1075	1239	1.83e-102	339
PfKH01_100044800|DBLd|1|883|1390	PH0279-C.g64	100.000	169	0	0	1	169	873	1041	1.16e-101	337
PfKH01_100044800|DBLd|1|883|1390	PH0279-C.g64	25.292	257	122	11	218	442	194	412	6.16e-07	55.1
PfKH01_100044800|DBLd|1|883|1390	PM0096-C.g660	54.012	511	195	12	12	508	288	772	6.47e-165	499
PfKH01_100044800|DBLd|1|883|1390	PT0225-C.g727	51.845	542	206	17	1	508	882	1402	1.51e-156	489
PfKH01_100044800|DBLd|1|883|1390	PT0225-C.g727	31.088	193	100	7	341	508	305	489	3.59e-12	71.6
PfKH01_100044800|DBLd|1|883|1390	PC0005-Cx.g178	54.269	527	189	17	1	508	1530	2023	4.00e-154	488
PfKH01_100044800|DBLd|1|883|1390	PC0005-Cx.g178	30.031	323	133	11	126	442	1107	1342	1.94e-32	134
PfKH01_100044800|DBLd|1|883|1390	PC0005-Cx.g178	31.068	309	130	8	129	437	719	944	2.19e-30	128
PfKH01_100044800|DBLd|1|883|1390	PD0572-C.g726	53.084	535	207	15	1	508	804	1321	3.45e-153	479
PfKH01_100044800|DBLd|1|883|1390	PD0572-C.g726	22.619	336	178	12	216	508	189	485	1.69e-09	63.2
PfKH01_100044800|CIDRb|1|1391|1651	PH0279-C.g64	100.000	261	0	0	1	261	1580	1840	2.78e-178	539
PfKH01_100044800|CIDRb|1|1391|1651	PH0279-C.g64	32.432	74	49	1	104	176	634	707	1.17e-07	55.1
PfKH01_100044800|CIDRb|1|1391|1651	QG0261-C.g245	64.706	255	87	3	1	254	1927	2179	6.69e-99	318
PfKH01_100044800|CIDRb|1|1391|1651	PT0080-C.g626	64.015	264	83	5	1	261	1334	1588	2.34e-97	314
PfKH01_100044800|CIDRb|1|1391|1651	QG0184-C.g669	63.498	263	87	5	1	261	2659	2914	2.42e-97	314
PfKH01_100044800|CIDRb|1|1391|1651	PD0513-C.g406	62.642	265	91	5	1	261	1853	2113	5.22e-97	313
PfKH01_100044800|CIDRb|1|1391|1651	PD0513-C.g406	30.000	70	49	0	107	176	627	696	4.51e-07	53.1
PfKH01_100044800|ATS|1|1783|2222	PD0582-C.g778	82.684	462	55	4	1	440	1669	2127	0.0	701
PfKH01_100044800|ATS|1|1783|2222	PA0245-C.g998	76.407	462	83	5	1	440	1706	2163	0.0	672
PfKH01_100044800|ATS|1|1783|2222	PV0134-C.g25	78.747	447	83	9	2	440	2381	2823	0.0	669
PfKH01_100044800|ATS|1|1783|2222	PC0113-C.g949	81.573	445	75	5	1	440	1702	2144	0.0	668
PfKH01_100044800|ATS|1|1783|2222	PFKE07.g667	74.890	454	96	8	1	440	2365	2814	0.0	661
PfKH01_110005100|NTS|1|1|74	PA0098-C.g720	100.000	74	0	0	1	74	1	74	2.62e-45	155
PfKH01_110005100|NTS|1|1|74	PH0059-C.g84	100.000	74	0	0	1	74	1	74	3.18e-45	155
PfKH01_110005100|NTS|1|1|74	PV0285-C.g6	100.000	74	0	0	1	74	1	74	3.24e-45	155
PfKH01_110005100|NTS|1|1|74	QE0429-C.g44	100.000	74	0	0	1	74	1	74	3.27e-45	155
PfKH01_110005100|NTS|1|1|74	PV0286-C.g7	100.000	74	0	0	1	74	1	74	3.27e-45	155
PfKH01_110005100|DBLa|1|75|469	PV0285-C.g6	100.000	395	0	0	1	395	75	469	0.0	826
PfKH01_110005100|DBLa|1|75|469	PV0285-C.g6	31.000	300	164	11	55	345	901	1166	1.74e-29	123
PfKH01_110005100|DBLa|1|75|469	PV0285-C.g6	24.251	334	188	13	118	395	2233	2557	1.88e-15	80.9
PfKH01_110005100|DBLa|1|75|469	PV0285-C.g6	25.685	292	151	10	55	322	1654	1903	1.72e-13	75.1
PfKH01_110005100|DBLa|1|75|469	PV0285-C.g6	23.000	300	163	12	40	325	1296	1541	4.19e-07	54.7
PfKH01_110005100|DBLa|1|75|469	QE0429-C.g44	100.000	395	0	0	1	395	75	469	0.0	825
PfKH01_110005100|DBLa|1|75|469	QE0429-C.g44	31.000	300	164	11	55	345	901	1166	1.60e-29	123
PfKH01_110005100|DBLa|1|75|469	QE0429-C.g44	24.251	334	188	13	118	395	2233	2557	1.94e-15	80.9
PfKH01_110005100|DBLa|1|75|469	QE0429-C.g44	25.685	292	151	10	55	322	1654	1903	1.56e-13	75.1
PfKH01_110005100|DBLa|1|75|469	QE0429-C.g44	23.000	300	163	12	40	325	1296	1541	3.63e-07	55.1
PfKH01_110005100|DBLa|1|75|469	PV0286-C.g7	100.000	395	0	0	1	395	75	469	0.0	825
PfKH01_110005100|DBLa|1|75|469	PV0286-C.g7	31.000	300	164	11	55	345	901	1166	1.60e-29	123
PfKH01_110005100|DBLa|1|75|469	PV0286-C.g7	24.251	334	188	13	118	395	2233	2557	1.94e-15	80.9
PfKH01_110005100|DBLa|1|75|469	PV0286-C.g7	25.685	292	151	10	55	322	1654	1903	1.56e-13	75.1
PfKH01_110005100|DBLa|1|75|469	PV0286-C.g7	23.000	300	163	12	40	325	1296	1541	3.63e-07	55.1
PfKH01_110005100|DBLa|1|75|469	PH0059-C.g84	100.000	395	0	0	1	395	75	469	0.0	825
PfKH01_110005100|DBLa|1|75|469	PH0059-C.g84	31.000	300	164	11	55	345	901	1166	1.45e-29	123
PfKH01_110005100|DBLa|1|75|469	PH0059-C.g84	27.687	307	183	9	118	395	2233	2529	3.27e-19	92.4
PfKH01_110005100|DBLa|1|75|469	PH0059-C.g84	25.685	292	151	10	55	322	1654	1903	1.36e-13	75.1
PfKH01_110005100|DBLa|1|75|469	PH0059-C.g84	23.000	300	163	12	40	325	1296	1541	4.07e-07	54.7
PfKH01_110005100|DBLa|1|75|469	PD0510-C.g762	88.861	395	44	0	1	395	75	469	0.0	733
PfKH01_110005100|DBLa|1|75|469	PD0510-C.g762	29.537	281	155	11	55	322	899	1149	6.34e-26	112
PfKH01_110005100|DBLa|1|75|469	PD0510-C.g762	25.256	293	172	7	52	334	1316	1571	4.61e-12	70.5
PfKH01_110005100|CIDRd|1|470|725	PH0279-C.g108	100.000	256	0	0	1	256	196	451	4.80e-175	514
PfKH01_110005100|CIDRd|1|470|725	PH0059-C.g84	97.656	256	6	0	1	256	470	725	2.37e-165	509
PfKH01_110005100|CIDRd|1|470|725	PH0059-C.g84	34.146	246	157	3	1	245	2530	2771	1.26e-35	136
PfKH01_110005100|CIDRd|1|470|725	PV0285-C.g6	97.266	256	7	0	1	256	470	725	9.15e-165	507
PfKH01_110005100|CIDRd|1|470|725	PV0285-C.g6	34.146	246	157	3	1	245	2558	2799	1.49e-35	136
PfKH01_110005100|CIDRd|1|470|725	QE0429-C.g44	97.266	256	7	0	1	256	470	725	1.23e-164	506
PfKH01_110005100|CIDRd|1|470|725	QE0429-C.g44	34.146	246	157	3	1	245	2558	2799	1.59e-35	136
PfKH01_110005100|CIDRd|1|470|725	PV0286-C.g7	97.266	256	7	0	1	256	470	725	1.23e-164	506
PfKH01_110005100|CIDRd|1|470|725	PV0286-C.g7	34.146	246	157	3	1	245	2558	2799	1.59e-35	136
PfKH01_110005100|DBLb|1|756|1212	PH0279-C.g108	100.000	457	0	0	1	457	482	938	0.0	946
PfKH01_110005100|DBLb|1|756|1212	PH0279-C.g108	30.476	105	51	3	285	367	20	124	2.49e-07	55.8
PfKH01_110005100|DBLb|1|756|1212	QG0195-C.g746	70.346	462	122	7	3	457	1240	1693	0.0	647
PfKH01_110005100|DBLb|1|756|1212	QG0195-C.g746	37.282	515	243	19	1	457	730	1222	5.78e-82	278
PfKH01_110005100|DBLb|1|756|1212	QG0195-C.g746	42.408	382	161	10	114	457	2126	2486	2.78e-76	262
PfKH01_110005100|DBLb|1|756|1212	QG0195-C.g746	32.115	383	185	13	12	351	2	352	1.27e-39	155
PfKH01_110005100|DBLb|1|756|1212	QG0195-C.g746	29.859	355	199	11	128	457	1751	2080	5.85e-34	138
PfKH01_110005100|DBLb|1|756|1212	PT0215-Cx.g71	70.638	470	116	8	3	457	1231	1693	0.0	643
PfKH01_110005100|DBLb|1|756|1212	PT0215-Cx.g71	39.053	507	233	18	1	457	731	1211	1.38e-90	303
PfKH01_110005100|DBLb|1|756|1212	PT0215-Cx.g71	30.499	341	165	11	74	365	73	390	1.96e-32	133
PfKH01_110005100|DBLb|1|756|1212	PT0215-Cx.g71	27.562	283	155	11	109	365	1731	1989	1.08e-20	98.2
PfKH01_110005100|DBLb|1|756|1212	QG0218-C.g5742	67.804	469	136	6	1	457	1226	1691	0.0	632
PfKH01_110005100|DBLb|1|756|1212	QG0218-C.g5742	37.645	518	235	19	1	457	720	1210	2.89e-88	296
PfKH01_110005100|DBLb|1|756|1212	QG0218-C.g5742	29.132	357	196	9	128	457	1757	2083	1.90e-37	148
PfKH01_110005100|DBLb|1|756|1212	QG0218-C.g5742	29.825	456	227	20	51	449	45	464	1.67e-34	139
PfKH01_110005100|DBLb|1|756|1212	QG0218-C.g5742	24.825	286	156	11	128	375	2146	2410	2.03e-18	91.3
PfKH01_110005100|DBLb|1|756|1212	QG0218-C.g5742	22.289	332	169	11	199	441	2797	3128	6.84e-07	54.7
PfKH01_110005100|DBLb|1|756|1212	PFKE06.g229	67.804	469	136	6	1	457	1228	1693	0.0	632
PfKH01_110005100|DBLb|1|756|1212	PFKE06.g229	38.114	509	237	18	1	457	730	1212	1.23e-85	289
PfKH01_110005100|DBLb|1|756|1212	PFKE06.g229	32.376	383	192	15	6	351	2	354	4.14e-32	132
PfKH01_110005100|DBLb|1|756|1212	PFKE06.g229	25.287	261	143	9	128	359	1759	1996	4.94e-16	83.6
PfKH01_110005100|DBLb|1|756|1212	PFKE06.g229	26.022	269	143	12	126	365	2171	2412	1.21e-11	69.7
PfKH01_110005100|DBLg|1|1227|1592	PA0151-C.g93	72.995	374	92	4	1	366	1662	2034	1.36e-177	549
PfKH01_110005100|DBLg|1|1227|1592	PA0151-C.g93	26.343	391	157	12	39	298	2230	2620	4.66e-27	115
PfKH01_110005100|DBLg|1|1227|1592	PA0151-C.g93	26.302	384	190	17	45	366	1295	1647	5.49e-19	91.3
PfKH01_110005100|DBLg|1|1227|1592	PA0151-C.g93	26.354	277	142	12	38	292	798	1034	1.10e-12	72.0
PfKH01_110005100|DBLg|1|1227|1592	PA0151-C.g93	24.204	314	184	12	30	310	107	399	1.07e-10	65.9
PfKH01_110005100|DBLg|1|1227|1592	PT0042-C.g463	70.572	367	104	3	1	366	349	712	8.83e-173	526
PfKH01_110005100|DBLg|1|1227|1592	PT0042-C.g463	30.169	295	121	12	39	253	925	1214	2.86e-27	115
PfKH01_110005100|DBLg|1|1227|1592	PT0042-C.g463	26.667	210	113	7	100	292	41	226	1.40e-12	71.6
PfKH01_110005100|DBLg|1|1227|1592	PM0124-C.g450	71.958	378	87	7	1	366	1687	2057	2.04e-172	535
PfKH01_110005100|DBLg|1|1227|1592	PM0124-C.g450	41.935	310	156	10	1	292	2064	2367	1.08e-62	219
PfKH01_110005100|DBLg|1|1227|1592	PM0124-C.g450	29.326	341	156	9	35	292	2658	2996	1.09e-35	140
PfKH01_110005100|DBLg|1|1227|1592	PM0124-C.g450	27.027	333	165	12	1	292	1285	1580	1.80e-17	86.7
PfKH01_110005100|DBLg|1|1227|1592	PM0124-C.g450	29.771	262	144	9	45	292	840	1075	2.91e-17	86.3
PfKH01_110005100|DBLg|1|1227|1592	PM0124-C.g450	24.437	311	185	11	42	322	125	415	3.15e-13	73.6
PfKH01_110005100|DBLg|1|1227|1592	PT0034-C.g140	83.168	303	41	1	1	293	1223	1525	5.99e-167	519
PfKH01_110005100|DBLg|1|1227|1592	PT0034-C.g140	43.077	390	189	11	1	366	1725	2105	5.06e-85	283
PfKH01_110005100|DBLg|1|1227|1592	PT0034-C.g140	33.459	266	119	8	44	253	2163	2426	1.35e-34	137
PfKH01_110005100|DBLg|1|1227|1592	PT0034-C.g140	26.429	280	148	10	40	292	832	1080	6.69e-16	82.0
PfKH01_110005100|DBLg|1|1227|1592	PT0034-C.g140	24.535	269	160	7	38	280	121	372	1.51e-11	68.6
PfKH01_110005100|DBLg|1|1227|1592	PA0045-C.g169	69.169	373	107	5	1	366	1679	2050	6.57e-166	516
PfKH01_110005100|DBLg|1|1227|1592	PA0045-C.g169	48.571	385	167	11	1	366	1300	1672	3.32e-101	330
PfKH01_110005100|DBLg|1|1227|1592	PA0045-C.g169	33.708	356	156	12	42	324	2274	2622	2.44e-47	174
PfKH01_110005100|DBLg|1|1227|1592	PA0045-C.g169	25.342	292	172	8	29	292	407	680	3.39e-16	82.8
PfKH01_110005100|DBLg|1|1227|1592	PA0045-C.g169	26.119	268	153	9	45	292	946	1188	6.39e-15	79.0
PfKH01_110005100|DBLd|1|1739|2233	PH0279-C.g94	100.000	495	0	0	1	495	376	870	0.0	1022
PfKH01_110005100|DBLd|1|1739|2233	PH0279-C.g94	28.718	195	78	7	230	424	28	161	2.36e-12	72.0
PfKH01_110005100|DBLd|1|1739|2233	QE0428-C.g670	100.000	495	0	0	1	495	2264	2758	0.0	1021
PfKH01_110005100|DBLd|1|1739|2233	QE0428-C.g670	29.722	360	146	12	66	418	1775	2034	2.04e-32	134
PfKH01_110005100|DBLd|1|1739|2233	QE0428-C.g670	28.571	182	124	4	319	495	285	465	1.39e-07	57.0
PfKH01_110005100|DBLd|1|1739|2233	QE0427-C.g698	100.000	495	0	0	1	495	2264	2758	0.0	1020
PfKH01_110005100|DBLd|1|1739|2233	QE0427-C.g698	29.722	360	146	12	66	418	1775	2034	2.40e-32	134
PfKH01_110005100|DBLd|1|1739|2233	QE0427-C.g698	28.571	182	124	4	319	495	285	465	1.43e-07	57.0
PfKH01_110005100|DBLd|1|1739|2233	QE0452-C.g549	77.626	514	81	7	1	495	1177	1675	0.0	789
PfKH01_110005100|DBLd|1|1739|2233	QE0452-C.g549	30.055	366	149	13	66	424	703	968	9.85e-37	147
PfKH01_110005100|DBLd|1|1739|2233	PV0020-C.g14	70.825	521	116	7	1	495	1720	2230	0.0	712
PfKH01_110005100|DBLd|1|1739|2233	PV0020-C.g14	30.532	357	157	14	66	420	1233	1500	2.52e-30	128
PfKH01_110005100|DBLd|1|1739|2233	PV0020-C.g14	28.338	367	162	13	1	361	794	1065	2.76e-30	128
PfKH01_110005100|DBLd|1|1739|2233	PV0020-C.g14	31.492	181	111	6	318	495	273	443	1.22e-15	82.8
PfKH01_110005100|CIDRb|1|2234|2492	PH0279-C.g94	100.000	259	0	0	1	259	871	1129	0.0	539
PfKH01_110005100|CIDRb|1|2234|2492	SenT190.09.g523	98.842	259	3	0	1	259	1076	1334	6.97e-180	534
PfKH01_110005100|CIDRb|1|2234|2492	SenT133.11.g132	100.000	259	0	0	1	259	1418	1676	2.52e-178	536
PfKH01_110005100|CIDRb|1|2234|2492	SenT129.11.g551	100.000	259	0	0	1	259	1418	1676	2.52e-178	536
PfKH01_110005100|CIDRb|1|2234|2492	SenT015.11.g102	100.000	259	0	0	1	259	1418	1676	2.52e-178	536
PfKH01_110005100|ATS|1|2630|3056	QE0448-C.g49	89.720	428	42	2	1	427	2723	3149	0.0	781
PfKH01_110005100|ATS|1|2630|3056	PV0139-C.g51	87.150	428	54	1	1	427	2344	2771	0.0	764
PfKH01_110005100|ATS|1|2630|3056	PFKE01.g6	87.617	428	49	4	1	427	2709	3133	0.0	746
PfKH01_110005100|ATS|1|2630|3056	PfKE04.g1	85.514	428	60	2	1	427	3373	3799	0.0	738
PfKH01_110005100|ATS|1|2630|3056	PV0147-C.g27	84.346	428	64	3	1	427	2912	3337	0.0	728
PfKH01_120005400|NTS|1|1|66	PH0279-C.g69	100.000	66	0	0	1	66	1	66	3.00e-38	135
PfKH01_120005400|NTS|1|1|66	QE0400-C.g283	100.000	66	0	0	1	66	1	66	2.28e-37	132
PfKH01_120005400|NTS|1|1|66	QG0186-C.g700	82.258	62	11	0	4	65	3	64	1.65e-28	107
PfKH01_120005400|NTS|1|1|66	PA0213-C.g476	80.645	62	12	0	4	65	3	64	1.11e-27	105
PfKH01_120005400|NTS|1|1|66	QG0246-C.g3422	75.758	66	16	0	1	66	1	66	2.44e-27	104
PfKH01_120005400|DBLa|1|67|490	PH0279-C.g69	100.000	424	0	0	1	424	67	490	0.0	885
PfKH01_120005400|DBLa|1|67|490	PH0279-C.g69	25.065	387	179	15	106	424	969	1312	2.72e-15	80.9
PfKH01_120005400|DBLa|1|67|490	QE0400-C.g283	99.764	424	1	0	1	424	67	490	0.0	885
PfKH01_120005400|DBLa|1|67|490	QE0400-C.g283	25.594	379	180	14	107	424	1010	1347	2.34e-16	84.0
PfKH01_120005400|DBLa|1|67|490	QG0295-C.g2928	78.037	428	89	4	1	424	70	496	0.0	609
PfKH01_120005400|DBLa|1|67|490	QG0295-C.g2928	28.507	221	115	7	185	364	1127	1345	1.49e-13	75.5
PfKH01_120005400|DBLa|1|67|490	PA0140-C.g948	71.396	437	108	6	1	424	66	498	0.0	606
PfKH01_120005400|DBLa|1|67|490	PA0140-C.g948	33.455	275	152	8	59	330	2144	2390	1.42e-37	148
PfKH01_120005400|DBLa|1|67|490	PA0140-C.g948	28.058	278	143	12	159	424	1112	1344	5.04e-15	80.1
PfKH01_120005400|DBLa|1|67|490	PA0140-C.g948	22.857	280	168	8	47	316	1684	1925	1.13e-14	79.0
PfKH01_120005400|DBLa|1|67|490	PA0140-C.g948	26.724	232	130	10	50	281	2519	2710	7.26e-12	70.1
PfKH01_120005400|DBLa|1|67|490	PT0080-C.g705	73.756	442	97	5	1	424	68	508	0.0	606
PfKH01_120005400|DBLa|1|67|490	PT0080-C.g705	24.781	343	186	15	123	424	1031	1342	7.65e-13	73.2
PfKH01_120005400|CIDRa|1|491|743	QE0400-C.g283	100.000	253	0	0	1	253	491	743	2.61e-174	525
PfKH01_120005400|CIDRa|1|491|743	PH0279-C.g69	100.000	253	0	0	1	253	491	743	6.88e-174	523
PfKH01_120005400|CIDRa|1|491|743	PH0279-C.g69	31.250	208	108	7	60	245	1377	1571	2.69e-15	77.4
PfKH01_120005400|CIDRa|1|491|743	PT0158-C.g127	84.190	253	37	1	1	253	505	754	7.03e-144	432
PfKH01_120005400|CIDRa|1|491|743	PA0267-C.g501	80.632	253	48	1	1	253	467	718	1.62e-139	420
PfKH01_120005400|CIDRa|1|491|743	PA0073-C.g212	80.632	253	48	1	1	253	467	718	2.21e-139	421
PfKH01_120005400|DBLd|1|825|1312	PH0279-C.g69	100.000	488	0	0	1	488	825	1312	0.0	1011
PfKH01_120005400|DBLd|1|825|1312	PH0279-C.g69	32.524	206	90	9	318	488	299	490	9.92e-11	67.0
PfKH01_120005400|DBLd|1|825|1312	QE0440-C.g647	67.413	491	122	12	11	488	897	1362	0.0	623
PfKH01_120005400|DBLd|1|825|1312	QE0440-C.g647	25.806	341	160	13	190	488	212	501	1.94e-15	82.0
PfKH01_120005400|DBLd|1|825|1312	QE0439-C.g139	59.302	516	168	11	1	488	183	684	0.0	567
PfKH01_120005400|DBLd|1|825|1312	PH0367-C.g436	59.302	516	168	11	1	488	819	1320	0.0	565
PfKH01_120005400|DBLd|1|825|1312	PH0367-C.g436	28.804	184	115	6	318	488	309	489	2.47e-07	56.2
PfKH01_120005400|DBLd|1|825|1312	PFKE10.g17	47.788	565	208	19	1	488	215	769	1.58e-146	449
PfKH01_120005400|CIDRb|1|1313|1570	PH0279-C.g69	100.000	258	0	0	1	258	1313	1570	2.68e-174	525
PfKH01_120005400|CIDRb|1|1313|1570	PH0279-C.g69	38.938	113	67	2	65	175	550	662	5.52e-14	73.9
PfKH01_120005400|CIDRb|1|1313|1570	QE0465-C.g718	79.087	263	38	6	1	258	1307	1557	2.80e-125	392
PfKH01_120005400|CIDRb|1|1313|1570	QE0465-C.g718	24.540	163	106	3	97	250	580	734	1.27e-09	60.8
PfKH01_120005400|CIDRb|1|1313|1570	QE0440-C.g647	78.077	260	46	4	1	258	1363	1613	4.86e-125	392
PfKH01_120005400|CIDRb|1|1313|1570	QE0440-C.g647	32.168	143	84	5	91	229	616	749	1.07e-08	57.8
PfKH01_120005400|CIDRb|1|1313|1570	PA0144-C.g803	72.556	266	56	3	1	258	1397	1653	6.49e-115	363
PfKH01_120005400|CIDRb|1|1313|1570	PA0144-C.g803	34.266	143	87	3	38	175	520	660	2.86e-14	74.7
PfKH01_120005400|CIDRb|1|1313|1570	PC0071-C.g125	72.556	266	56	3	1	258	1906	2162	2.16e-114	363
PfKH01_120005400|CIDRb|1|1313|1570	PC0071-C.g125	30.827	133	81	4	77	208	623	745	5.30e-07	52.8
PfKH01_120005400|ATS|1|1686|2154	PD0582-C.g763	77.660	470	85	6	1	469	1663	2113	0.0	671
PfKH01_120005400|ATS|1|1686|2154	PV0239-C.g25	74.481	482	85	8	1	469	2129	2585	0.0	667
PfKH01_120005400|ATS|1|1686|2154	PD0561-C.g263	72.141	481	97	8	1	469	2424	2879	0.0	667
PfKH01_120005400|ATS|1|1686|2154	PV0147-C.g7	74.522	471	86	10	1	469	1761	2199	0.0	659
PfKH01_120005400|ATS|1|1686|2154	PD0483-C.g348	72.581	496	71	11	1	469	2589	3046	0.0	638
PfKH01_120046500|NTS|1|1|65	PD0503-C.g666	100.000	65	0	0	1	65	1	65	1.59e-37	133
PfKH01_120046500|NTS|1|1|65	PH0774-C.g6	100.000	65	0	0	1	65	1	65	1.66e-37	133
PfKH01_120046500|NTS|1|1|65	PH0279-C.g66	100.000	65	0	0	1	65	1	65	1.82e-37	133
PfKH01_120046500|NTS|1|1|65	SenT114.09.g244	100.000	65	0	0	1	65	1	65	2.18e-37	132
PfKH01_120046500|NTS|1|1|65	QE0458-C.g444	100.000	65	0	0	1	65	1	65	2.34e-37	132
PfKH01_120046500|DBLa|1|66|517	PH0279-C.g66	96.903	452	1	1	1	452	66	504	0.0	899
PfKH01_120046500|DBLa|1|66|517	PH0279-C.g66	26.316	228	125	10	163	360	1196	1410	2.71e-09	62.0
PfKH01_120046500|DBLa|1|66|517	PF0725-C.g471	85.129	464	56	3	1	452	66	528	0.0	742
PfKH01_120046500|DBLa|1|66|517	PF0725-C.g471	23.919	347	191	11	113	452	1133	1413	5.08e-17	86.7
PfKH01_120046500|DBLa|1|66|517	PM0117-C.g325	85.129	464	56	3	1	452	66	528	0.0	739
PfKH01_120046500|DBLa|1|66|517	PM0117-C.g325	26.601	203	100	7	260	452	1646	1809	4.26e-07	55.1
PfKH01_120046500|DBLa|1|66|517	PA0052-C.g16	83.621	464	61	5	1	452	66	526	0.0	718
PfKH01_120046500|DBLa|1|66|517	QG0261-C.g742	82.543	464	62	4	1	452	66	522	0.0	711
PfKH01_120046500|DBLa|1|66|517	QG0261-C.g742	35.780	109	66	3	249	354	1247	1354	1.18e-12	72.8
PfKH01_120046500|CIDRa|1|518|834	PH0279-C.g66	100.000	317	0	0	1	317	505	821	0.0	644
PfKH01_120046500|CIDRa|1|518|834	QG0280-C.g938	63.750	320	102	5	1	317	483	791	6.51e-119	377
PfKH01_120046500|CIDRa|1|518|834	PV0147-C.g7	63.110	328	99	5	1	316	503	820	2.98e-114	365
PfKH01_120046500|CIDRa|1|518|834	PV0147-C.g7	26.471	170	96	6	155	317	1507	1654	1.06e-07	55.8
PfKH01_120046500|CIDRa|1|518|834	PV0256-C.g58	63.110	328	99	5	1	316	503	820	3.38e-114	364
PfKH01_120046500|CIDRa|1|518|834	PV0256-C.g58	26.471	170	96	6	155	317	1507	1654	8.93e-08	56.2
PfKH01_120046500|CIDRa|1|518|834	PH0305-C.g392	63.110	328	99	5	1	316	503	820	3.38e-114	364
PfKH01_120046500|CIDRa|1|518|834	PH0305-C.g392	26.471	170	96	6	155	317	1507	1654	8.93e-08	56.2
PfKH01_120046500|DBLd|1|916|1440	PH0279-C.g66	92.267	569	0	1	1	525	903	1471	0.0	1073
PfKH01_120046500|DBLd|1|916|1440	PH0279-C.g66	24.664	223	122	7	250	464	228	412	6.31e-08	58.2
PfKH01_120046500|DBLd|1|916|1440	PA0059-C.g302	77.654	537	96	10	1	525	916	1440	0.0	741
PfKH01_120046500|DBLd|1|916|1440	PA0059-C.g302	26.936	297	146	12	250	511	228	488	4.34e-12	71.6
PfKH01_120046500|DBLd|1|916|1440	SenT151.08.g211	77.654	537	96	10	1	525	916	1440	0.0	741
PfKH01_120046500|DBLd|1|916|1440	SenT151.08.g211	26.936	297	146	12	250	511	228	488	4.15e-12	71.6
PfKH01_120046500|DBLd|1|916|1440	SenT119.09.g174	77.654	537	96	10	1	525	855	1379	0.0	741
PfKH01_120046500|DBLd|1|916|1440	SenT119.09.g174	26.984	315	158	13	232	511	183	460	3.26e-12	72.0
PfKH01_120046500|DBLd|1|916|1440	SenT092.08.g1013	77.654	537	96	10	1	525	916	1440	0.0	741
PfKH01_120046500|DBLd|1|916|1440	SenT092.08.g1013	26.936	297	146	12	250	511	228	488	4.11e-12	71.6
PfKH01_120046500|CIDRb|1|1441|1695	PH0279-C.g66	100.000	255	0	0	1	255	1472	1726	1.08e-174	527
PfKH01_120046500|CIDRb|1|1441|1695	PA0211-C.g664	62.992	254	88	3	5	253	1437	1689	6.19e-98	315
PfKH01_120046500|CIDRb|1|1441|1695	SenT001.11.g917	62.992	254	88	3	5	253	1447	1699	7.05e-98	315
PfKH01_120046500|CIDRb|1|1441|1695	SenT001.11.g917	36.667	60	38	0	109	168	681	740	9.04e-07	52.0
PfKH01_120046500|CIDRb|1|1441|1695	PFKE09.g399	63.740	262	81	8	2	255	1421	1676	6.96e-96	310
PfKH01_120046500|CIDRb|1|1441|1695	PT0052-C.g759	62.205	254	86	4	5	255	1425	1671	3.95e-94	304
PfKH01_120046500|ATS|1|1799|2267	PD0590-C.g548	90.234	471	39	4	1	469	2191	2656	0.0	857
PfKH01_120046500|ATS|1|1799|2267	PD0585-C.g522	90.234	471	39	4	1	469	2191	2656	0.0	857
PfKH01_120046500|ATS|1|1799|2267	PfKE02.g507	79.792	480	82	7	1	469	1741	2216	0.0	739
PfKH01_120046500|ATS|1|1799|2267	PFKE11.g671	74.900	502	80	8	1	467	2046	2536	0.0	727
PfKH01_120046500|ATS|1|1799|2267	PF0489-C.g723	78.216	482	68	11	1	469	1717	2174	0.0	718
PfKH01_120046900|NTS|1|1|77	SenT113.09.g130	100.000	77	0	0	1	77	1	77	1.03e-44	154
PfKH01_120046900|NTS|1|1|77	QE0433-C.g265	100.000	77	0	0	1	77	1	77	1.20e-44	154
PfKH01_120046900|NTS|1|1|77	PA0253-C.g1449	100.000	77	0	0	1	77	1	77	1.37e-44	154
PfKH01_120046900|NTS|1|1|77	PH0279-C.g80	100.000	77	0	0	1	77	1	77	1.44e-44	154
PfKH01_120046900|NTS|1|1|77	QE0466-C.g300	96.104	77	3	0	1	77	1	77	1.32e-40	142
PfKH01_120046900|DBLa|1|80|467	SenT113.09.g130	100.000	388	0	0	1	388	80	467	0.0	816
PfKH01_120046900|DBLa|1|80|467	SenT113.09.g130	31.536	371	179	15	8	356	796	1113	2.92e-32	131
PfKH01_120046900|DBLa|1|80|467	SenT113.09.g130	26.644	289	167	10	106	366	1828	2099	5.71e-18	88.6
PfKH01_120046900|DBLa|1|80|467	SenT113.09.g130	22.302	278	159	9	48	308	1243	1480	3.84e-11	67.4
PfKH01_120046900|DBLa|1|80|467	QE0433-C.g265	99.742	388	1	0	1	388	80	467	0.0	813
PfKH01_120046900|DBLa|1|80|467	QE0433-C.g265	31.367	373	177	15	8	356	796	1113	3.07e-32	131
PfKH01_120046900|DBLa|1|80|467	QE0433-C.g265	22.302	278	159	9	48	308	1243	1480	3.92e-11	67.4
PfKH01_120046900|DBLa|1|80|467	QE0433-C.g265	32.530	83	56	0	213	295	2034	2116	1.82e-08	58.9
PfKH01_120046900|DBLa|1|80|467	PA0253-C.g1449	100.000	388	0	0	1	388	80	467	0.0	811
PfKH01_120046900|DBLa|1|80|467	PA0253-C.g1449	31.536	371	179	15	8	356	796	1113	2.17e-32	131
PfKH01_120046900|DBLa|1|80|467	PH0279-C.g80	100.000	388	0	0	1	388	80	467	0.0	810
PfKH01_120046900|DBLa|1|80|467	PH0279-C.g80	31.536	371	179	15	8	356	796	1113	2.89e-32	131
PfKH01_120046900|DBLa|1|80|467	PH0279-C.g80	22.420	281	161	9	48	311	1243	1483	2.64e-11	67.8
PfKH01_120046900|DBLa|1|80|467	QE0466-C.g300	95.619	388	17	0	1	388	80	467	0.0	774
PfKH01_120046900|DBLa|1|80|467	QE0466-C.g300	28.713	303	188	7	15	308	1685	1968	2.24e-32	131
PfKH01_120046900|DBLa|1|80|467	QE0466-C.g300	28.460	383	219	13	1	368	788	1130	2.95e-30	125
PfKH01_120046900|DBLa|1|80|467	QE0466-C.g300	27.899	276	138	13	40	308	2091	2312	1.73e-15	80.9
PfKH01_120046900|DBLa|1|80|467	QE0466-C.g300	21.006	338	192	9	48	338	1249	1558	8.17e-10	63.2
PfKH01_120046900|CIDRa|1|468|719	PA0253-C.g1449	99.603	252	1	0	1	252	468	719	4.67e-175	513
PfKH01_120046900|CIDRa|1|468|719	PH0279-C.g80	100.000	252	0	0	1	252	468	719	1.51e-171	514
PfKH01_120046900|CIDRa|1|468|719	QE0433-C.g265	100.000	252	0	0	1	252	468	719	7.35e-169	518
PfKH01_120046900|CIDRa|1|468|719	PA0064-C.g65	99.603	252	1	0	1	252	340	591	1.19e-168	516
PfKH01_120046900|CIDRa|1|468|719	PA0064-C.g65	27.686	242	154	10	12	243	2006	2236	1.01e-07	55.1
PfKH01_120046900|CIDRa|1|468|719	SenT113.09.g130	99.603	252	1	0	1	252	468	719	1.20e-168	517
PfKH01_120046900|CIDRa|1|468|719	SenT113.09.g130	27.686	242	154	10	12	243	2134	2364	1.18e-07	54.7
PfKH01_120046900|DBLb|1|728|1185	SenT113.09.g130	100.000	458	0	0	1	458	728	1185	0.0	964
PfKH01_120046900|DBLb|1|728|1185	SenT113.09.g130	30.162	431	217	20	15	386	30	435	5.32e-34	138
PfKH01_120046900|DBLb|1|728|1185	SenT113.09.g130	27.016	248	147	9	109	342	1246	1473	4.59e-13	74.3
PfKH01_120046900|DBLb|1|728|1185	PA0064-C.g65	100.000	458	0	0	1	458	600	1057	0.0	964
PfKH01_120046900|DBLb|1|728|1185	PA0064-C.g65	32.198	323	155	11	110	386	3	307	1.48e-32	134
PfKH01_120046900|DBLb|1|728|1185	PA0064-C.g65	27.016	248	147	9	109	342	1118	1345	4.85e-13	74.3
PfKH01_120046900|DBLb|1|728|1185	QE0433-C.g265	100.000	458	0	0	1	458	728	1185	0.0	964
PfKH01_120046900|DBLb|1|728|1185	QE0433-C.g265	30.162	431	217	20	15	386	30	435	1.30e-33	137
PfKH01_120046900|DBLb|1|728|1185	QE0433-C.g265	27.016	248	147	9	109	342	1246	1473	4.45e-13	74.3
PfKH01_120046900|DBLb|1|728|1185	PH0279-C.g80	100.000	458	0	0	1	458	728	1185	0.0	959
PfKH01_120046900|DBLb|1|728|1185	PH0279-C.g80	30.070	429	220	19	15	386	30	435	6.33e-34	137
PfKH01_120046900|DBLb|1|728|1185	PH0279-C.g80	27.016	248	147	9	109	342	1246	1473	7.08e-13	73.6
PfKH01_120046900|DBLb|1|728|1185	PA0253-C.g1449	100.000	395	0	0	1	395	728	1122	0.0	825
PfKH01_120046900|DBLb|1|728|1185	PA0253-C.g1449	30.070	429	220	19	15	386	30	435	1.04e-33	137
PfKH01_120046900|DBLg|1|1202|1549	SenT113.09.g130	100.000	348	0	0	1	348	1202	1549	0.0	734
PfKH01_120046900|DBLg|1|1202|1549	SenT113.09.g130	27.528	356	134	10	42	282	1705	2051	4.40e-26	112
PfKH01_120046900|DBLg|1|1202|1549	SenT113.09.g130	26.667	240	145	7	45	267	836	1061	2.07e-13	73.9
PfKH01_120046900|DBLg|1|1202|1549	SenT113.09.g130	22.302	278	159	9	42	279	127	387	2.88e-11	67.4
PfKH01_120046900|DBLg|1|1202|1549	PA0064-C.g65	100.000	348	0	0	1	348	1074	1421	0.0	734
PfKH01_120046900|DBLg|1|1202|1549	PA0064-C.g65	27.500	360	137	10	38	282	1573	1923	4.34e-26	112
PfKH01_120046900|DBLg|1|1202|1549	PA0064-C.g65	26.667	240	145	7	45	267	708	933	2.08e-13	73.9
PfKH01_120046900|DBLg|1|1202|1549	PA0064-C.g65	22.101	276	158	9	44	279	1	259	9.00e-11	65.9
PfKH01_120046900|DBLg|1|1202|1549	QE0433-C.g265	100.000	348	0	0	1	348	1202	1549	0.0	734
PfKH01_120046900|DBLg|1|1202|1549	QE0433-C.g265	25.369	339	134	10	44	265	1779	2115	5.76e-23	102
PfKH01_120046900|DBLg|1|1202|1549	QE0433-C.g265	26.667	240	145	7	45	267	836	1061	1.98e-13	73.9
PfKH01_120046900|DBLg|1|1202|1549	QE0433-C.g265	22.302	278	159	9	42	279	127	387	1.94e-11	67.8
PfKH01_120046900|DBLg|1|1202|1549	PH0279-C.g80	99.138	348	0	1	1	348	1202	1546	0.0	721
PfKH01_120046900|DBLg|1|1202|1549	PH0279-C.g80	26.667	240	145	7	45	267	836	1061	1.56e-13	74.3
PfKH01_120046900|DBLg|1|1202|1549	PH0279-C.g80	22.302	278	159	9	42	279	127	387	2.31e-11	67.8
PfKH01_120046900|DBLg|1|1202|1549	QG0297-C.g2290	82.571	350	59	1	1	348	1281	1630	0.0	613
PfKH01_120046900|DBLg|1|1202|1549	QG0297-C.g2290	27.517	298	147	5	27	257	1831	2126	6.36e-33	132
PfKH01_120046900|DBLg|1|1202|1549	QG0297-C.g2290	24.715	263	175	9	29	273	874	1131	3.43e-15	79.3
PfKH01_120046900|DBLg|1|1202|1549	QG0297-C.g2290	21.937	351	195	13	3	282	74	416	6.89e-11	66.2
PfKH01_120046900|DBLd|1|1681|2196	QE0433-C.g265	96.525	518	6	2	1	516	1696	2203	0.0	1021
PfKH01_120046900|DBLd|1|1681|2196	QE0433-C.g265	26.171	363	141	10	82	442	1243	1480	1.39e-26	117
PfKH01_120046900|DBLd|1|1681|2196	QE0433-C.g265	27.933	179	117	3	347	516	292	467	3.94e-12	71.6
PfKH01_120046900|DBLd|1|1681|2196	PA0197-C.g688	54.417	566	194	14	1	516	936	1487	1.06e-170	529
PfKH01_120046900|DBLd|1|1681|2196	PA0197-C.g688	39.175	97	56	2	350	443	327	423	7.61e-14	77.0
PfKH01_120046900|DBLd|1|1681|2196	PM0058-C.g1326	53.759	532	206	13	1	516	203	710	2.84e-166	501
PfKH01_120046900|DBLd|1|1681|2196	QG0260-C.g551	52.941	544	204	15	1	516	1250	1769	2.44e-152	482
PfKH01_120046900|DBLd|1|1681|2196	QG0260-C.g551	28.809	361	144	13	67	424	854	1104	7.01e-28	120
PfKH01_120046900|DBLd|1|1681|2196	QG0260-C.g551	35.294	136	79	4	331	461	300	431	1.45e-12	73.2
PfKH01_120046900|DBLd|1|1681|2196	PA0056-C.g377	53.475	518	166	12	1	516	897	1341	2.49e-150	472
PfKH01_120046900|DBLd|1|1681|2196	PA0056-C.g377	38.000	100	61	1	350	448	305	404	8.07e-13	73.9
PfKH01_120046900|CIDRb|1|2197|2447	QE0433-C.g265	100.000	251	0	0	1	251	2204	2454	6.49e-166	509
PfKH01_120046900|CIDRb|1|2197|2447	PF0754-C.g807	69.261	257	71	4	1	251	3096	3350	9.36e-108	343
PfKH01_120046900|CIDRb|1|2197|2447	PA0084-C.g618	73.016	252	62	6	2	251	1426	1673	2.22e-107	342
PfKH01_120046900|CIDRb|1|2197|2447	PM0019-C.g2077	70.866	254	70	3	1	251	1296	1548	4.95e-107	341
PfKH01_120046900|CIDRb|1|2197|2447	PM0017-C.g1279	69.841	252	72	4	1	251	1053	1301	1.38e-106	338
PfKH01_120046900|ATS|1|2554|3015	PV0211-C.g48	85.097	463	55	4	1	462	2342	2791	0.0	749
PfKH01_120046900|ATS|1|2554|3015	PA0180-C.g460	84.615	468	48	5	1	462	1782	2231	0.0	749
PfKH01_120046900|ATS|1|2554|3015	PD0582-C.g452	77.371	464	92	7	1	462	2584	3036	0.0	703
PfKH01_120046900|ATS|1|2554|3015	QE0429-C.g177	77.706	462	85	5	1	462	2372	2815	0.0	698
PfKH01_120046900|ATS|1|2554|3015	QE0461-C.g639	76.509	464	91	8	1	462	1718	2165	0.0	681
PfKH01_120047100|NTS|1|1|63	PV0129-C.g90	100.000	63	0	0	1	63	1	63	4.70e-36	129
PfKH01_120047100|NTS|1|1|63	PH0279-C.g42	100.000	63	0	0	1	63	1	63	5.55e-36	129
PfKH01_120047100|NTS|1|1|63	QE0433-C.g712	100.000	63	0	0	1	63	1	63	5.71e-36	129
PfKH01_120047100|NTS|1|1|63	QG0253-C.g3396	95.161	62	3	0	2	63	4	65	2.17e-32	118
PfKH01_120047100|NTS|1|1|63	PA0084-C.g500	81.967	61	11	0	2	62	4	64	1.04e-25	99.8
PfKH01_120047100|DBLa|1|64|593	QE0433-C.g712	92.830	530	0	2	1	530	64	555	0.0	997
PfKH01_120047100|DBLa|1|64|593	QE0433-C.g712	30.928	97	66	1	259	354	1342	1438	4.37e-09	62.0
PfKH01_120047100|DBLa|1|64|593	PH0279-C.g42	90.588	510	0	1	1	462	64	573	0.0	934
PfKH01_120047100|DBLa|1|64|593	PH0279-C.g42	75.587	213	0	2	318	530	574	734	1.61e-88	300
PfKH01_120047100|DBLa|1|64|593	PH0279-C.g42	30.928	97	66	1	259	354	1507	1603	5.01e-09	61.6
PfKH01_120047100|DBLa|1|64|593	PT0137-C.g7	86.512	430	50	5	1	429	68	490	0.0	746
PfKH01_120047100|DBLa|1|64|593	PV0129-C.g90	74.376	441	105	4	4	441	119	554	0.0	656
PfKH01_120047100|DBLa|1|64|593	PV0129-C.g90	28.251	223	122	7	149	354	1178	1379	5.13e-12	71.2
PfKH01_120047100|DBLa|1|64|593	PV0117-C.g134	73.303	442	109	4	1	441	68	501	0.0	655
PfKH01_120047100|CIDRa|1|594|912	QE0433-C.g712	100.000	319	0	0	1	319	556	874	0.0	662
PfKH01_120047100|CIDRa|1|594|912	PH0279-C.g42	100.000	319	0	0	1	319	735	1053	0.0	660
PfKH01_120047100|CIDRa|1|594|912	PH0148-CW.g72	85.312	320	40	2	1	315	721	1038	1.42e-177	525
PfKH01_120047100|CIDRa|1|594|912	PA0012-C.g475	85.443	316	38	4	1	315	512	820	2.07e-171	521
PfKH01_120047100|CIDRa|1|594|912	PF0145-C.g290	60.494	324	118	4	1	318	494	813	1.93e-118	377
PfKH01_120047100|DBLd|1|987|1519	QE0433-C.g712	100.000	533	0	0	1	533	980	1512	0.0	1107
PfKH01_120047100|DBLd|1|987|1519	QE0433-C.g712	30.928	97	66	1	363	459	322	417	3.00e-09	62.4
PfKH01_120047100|DBLd|1|987|1519	PH0279-C.g42	100.000	533	0	0	1	533	1145	1677	0.0	1105
PfKH01_120047100|DBLd|1|987|1519	PH0872-C.g595	61.199	567	155	16	1	533	819	1354	1.15e-177	546
PfKH01_120047100|DBLd|1|987|1519	PH0872-C.g595	30.319	188	108	6	363	533	301	482	5.64e-13	74.3
PfKH01_120047100|DBLd|1|987|1519	PH0148-CW.g40	61.199	567	155	16	1	533	834	1369	1.42e-177	546
PfKH01_120047100|DBLd|1|987|1519	PH0148-CW.g40	30.319	188	108	6	363	533	301	482	5.70e-13	74.3
PfKH01_120047100|DBLd|1|987|1519	PD0552-C.g700	61.199	567	155	16	1	533	834	1369	1.42e-177	546
PfKH01_120047100|DBLd|1|987|1519	PD0552-C.g700	30.319	188	108	6	363	533	301	482	5.70e-13	74.3
PfKH01_120047100|CIDRb|1|1520|1789	QE0433-C.g712	100.000	270	0	0	1	270	1513	1782	0.0	561
PfKH01_120047100|CIDRb|1|1520|1789	PH0279-C.g42	100.000	270	0	0	1	270	1678	1947	0.0	560
PfKH01_120047100|CIDRb|1|1520|1789	PH0872-C.g595	100.000	270	0	0	1	270	1355	1624	0.0	560
PfKH01_120047100|CIDRb|1|1520|1789	PH0148-CW.g40	100.000	270	0	0	1	270	1370	1639	0.0	560
PfKH01_120047100|CIDRb|1|1520|1789	PD0552-C.g700	100.000	270	0	0	1	270	1370	1639	0.0	560
PfKH01_120047100|ATS|1|1894|2380	PA0221-C.g780	93.429	487	17	1	1	487	1803	2274	0.0	930
PfKH01_120047100|ATS|1|1894|2380	PFKE11.g671	80.952	504	71	6	1	487	2046	2541	0.0	791
PfKH01_120047100|ATS|1|1894|2380	PfKE03.g341	94.866	409	21	0	1	409	1170	1578	0.0	777
PfKH01_120047100|ATS|1|1894|2380	QE0439-C.g985	84.318	491	64	6	1	487	1674	2155	0.0	750
PfKH01_120047100|ATS|1|1894|2380	PD0472-C.g722	81.263	491	71	9	1	487	1681	2154	0.0	742
PfKH01_130076800|NTS|1|1|74	PT0102-C.g1021	100.000	74	0	0	1	74	1	74	9.87e-44	151
PfKH01_130076800|NTS|1|1|74	PM0160-C.g354	100.000	74	0	0	1	74	1	74	1.01e-43	151
PfKH01_130076800|NTS|1|1|74	QE0483-C.g102	100.000	74	0	0	1	74	1	74	1.14e-43	151
PfKH01_130076800|NTS|1|1|74	QE0434-C.g183	100.000	74	0	0	1	74	1	74	1.14e-43	151
PfKH01_130076800|NTS|1|1|74	QE0417-C.g275	100.000	74	0	0	1	74	1	74	1.14e-43	151
PfKH01_130076800|DBLa|1|75|465	PH0279-C.g41	100.000	391	0	0	1	391	75	465	0.0	807
PfKH01_130076800|DBLa|1|75|465	PH0279-C.g41	33.808	281	140	7	57	323	1967	2215	3.52e-35	140
PfKH01_130076800|DBLa|1|75|465	PH0279-C.g41	32.083	240	141	3	169	391	1328	1562	8.05e-28	118
PfKH01_130076800|DBLa|1|75|465	PH0279-C.g41	26.370	292	155	13	53	324	844	1095	8.13e-13	72.8
PfKH01_130076800|DBLa|1|75|465	PA0251-C.g319	84.399	391	57	2	1	391	75	461	0.0	683
PfKH01_130076800|DBLa|1|75|465	PA0251-C.g319	35.154	293	137	12	46	321	936	1192	2.44e-35	140
PfKH01_130076800|DBLa|1|75|465	PA0251-C.g319	24.662	296	174	10	53	334	1724	1984	1.58e-15	81.3
PfKH01_130076800|DBLa|1|75|465	PA0251-C.g319	23.248	314	170	11	35	324	1330	1596	1.18e-11	68.9
PfKH01_130076800|DBLa|1|75|465	PC0065-C.g268	84.399	391	57	2	1	391	75	461	0.0	680
PfKH01_130076800|DBLa|1|75|465	PC0065-C.g268	33.956	321	156	9	13	322	893	1168	9.80e-41	156
PfKH01_130076800|DBLa|1|75|465	QE0401-C.g270	84.328	402	51	3	1	391	75	475	0.0	656
PfKH01_130076800|DBLa|1|75|465	QE0401-C.g270	33.214	280	134	10	57	323	1997	2236	1.09e-31	129
PfKH01_130076800|DBLa|1|75|465	QE0401-C.g270	28.571	385	210	11	48	391	1225	1585	3.33e-31	128
PfKH01_130076800|DBLa|1|75|465	QE0401-C.g270	24.047	341	181	9	44	351	2377	2672	2.55e-16	83.6
PfKH01_130076800|DBLa|1|75|465	QE0401-C.g270	26.421	299	165	11	41	322	860	1120	9.78e-16	81.6
PfKH01_130076800|DBLa|1|75|465	QE0397-C.g19	84.328	402	51	3	1	391	75	475	0.0	656
PfKH01_130076800|DBLa|1|75|465	QE0397-C.g19	33.214	280	134	10	57	323	1997	2236	1.09e-31	129
PfKH01_130076800|DBLa|1|75|465	QE0397-C.g19	28.571	385	210	11	48	391	1225	1585	3.33e-31	128
PfKH01_130076800|DBLa|1|75|465	QE0397-C.g19	24.047	341	181	9	44	351	2377	2672	2.55e-16	83.6
PfKH01_130076800|DBLa|1|75|465	QE0397-C.g19	26.421	299	165	11	41	322	860	1120	9.78e-16	81.6
PfKH01_130076800|CIDRd|1|466|722	PH0279-C.g41	100.000	257	0	0	1	257	466	722	6.33e-168	514
PfKH01_130076800|CIDRd|1|466|722	PH0279-C.g41	35.945	217	137	2	37	253	1599	1813	7.60e-37	140
PfKH01_130076800|CIDRd|1|466|722	QE0401-C.g270	96.887	257	8	0	1	257	476	732	1.68e-161	498
PfKH01_130076800|CIDRd|1|466|722	QE0401-C.g270	52.066	242	114	2	1	242	1586	1825	1.26e-66	226
PfKH01_130076800|CIDRd|1|466|722	QE0397-C.g19	96.887	257	8	0	1	257	476	732	1.68e-161	498
PfKH01_130076800|CIDRd|1|466|722	QE0397-C.g19	52.066	242	114	2	1	242	1586	1825	1.26e-66	226
PfKH01_130076800|CIDRd|1|466|722	QG0201-C.g162	80.556	252	49	0	1	252	465	716	1.04e-129	407
PfKH01_130076800|CIDRd|1|466|722	QG0201-C.g162	34.921	189	118	3	65	249	2342	2529	2.09e-25	107
PfKH01_130076800|CIDRd|1|466|722	PF0365-C.g235	79.134	254	53	0	1	254	465	718	9.60e-129	402
PfKH01_130076800|DBLg|1|803|1155	PH0279-C.g41	100.000	353	0	0	1	353	803	1155	0.0	728
PfKH01_130076800|DBLg|1|803|1155	PH0279-C.g41	37.353	340	162	9	1	293	1160	1495	2.52e-55	197
PfKH01_130076800|DBLg|1|803|1155	PH0279-C.g41	25.352	284	156	12	45	299	1966	2222	2.63e-10	64.3
PfKH01_130076800|DBLg|1|803|1155	PH0279-C.g41	25.328	229	134	9	42	251	127	337	7.79e-10	63.2
PfKH01_130076800|DBLg|1|803|1155	PV0138-C.g7	98.867	353	4	0	1	353	841	1193	0.0	723
PfKH01_130076800|DBLg|1|803|1155	PV0138-C.g7	36.364	352	159	10	1	293	1198	1543	8.34e-52	187
PfKH01_130076800|DBLg|1|803|1155	PV0138-C.g7	22.028	286	159	8	31	277	117	377	5.71e-09	60.5
PfKH01_130076800|DBLg|1|803|1155	PV0138-C.g7	24.535	269	138	11	40	276	2013	2248	6.85e-07	53.9
PfKH01_130076800|DBLg|1|803|1155	PV0098-C.g49	98.867	353	4	0	1	353	544	896	0.0	723
PfKH01_130076800|DBLg|1|803|1155	PV0098-C.g49	36.364	352	159	10	1	293	901	1246	9.29e-52	187
PfKH01_130076800|DBLg|1|803|1155	PV0098-C.g49	24.535	269	138	11	40	276	1716	1951	5.74e-07	53.9
PfKH01_130076800|DBLg|1|803|1155	PV0084-C.g37	98.867	353	4	0	1	353	841	1193	0.0	723
PfKH01_130076800|DBLg|1|803|1155	PV0084-C.g37	36.364	352	159	10	1	293	1198	1543	8.34e-52	187
PfKH01_130076800|DBLg|1|803|1155	PV0084-C.g37	22.028	286	159	8	31	277	117	377	5.71e-09	60.5
PfKH01_130076800|DBLg|1|803|1155	PV0084-C.g37	24.535	269	138	11	40	276	2013	2248	6.85e-07	53.9
PfKH01_130076800|DBLg|1|803|1155	PV0112-C.g45	98.867	353	4	0	1	353	470	822	0.0	719
PfKH01_130076800|DBLg|1|803|1155	PV0112-C.g45	36.364	352	159	10	1	293	827	1172	7.66e-52	187
PfKH01_130076800|DBLg|1|803|1155	PV0112-C.g45	24.535	269	138	11	40	276	1642	1877	5.48e-07	53.9
PfKH01_130076800|DBLd|1|1160|1562	PF0119-C.g1048	83.911	404	59	3	1	403	1198	1596	0.0	684
PfKH01_130076800|DBLd|1|1160|1562	PF0119-C.g1048	26.531	441	227	17	15	403	70	465	3.03e-28	119
PfKH01_130076800|DBLd|1|1160|1562	PF0119-C.g1048	25.279	269	136	8	135	375	2069	2300	3.31e-10	64.7
PfKH01_130076800|DBLd|1|1160|1562	PH0643-C.g185	82.759	406	66	3	1	403	1321	1725	0.0	669
PfKH01_130076800|DBLd|1|1160|1562	PH0643-C.g185	30.311	386	195	11	1	356	2490	2831	2.36e-41	158
PfKH01_130076800|DBLd|1|1160|1562	PH0643-C.g185	26.424	439	207	17	46	403	120	523	1.58e-20	96.7
PfKH01_130076800|DBLd|1|1160|1562	PH0643-C.g185	21.098	346	174	11	47	370	2140	2408	1.12e-09	63.2
PfKH01_130076800|DBLd|1|1160|1562	PH0643-C.g185	21.951	369	190	14	1	342	868	1165	3.70e-07	55.1
PfKH01_130076800|DBLd|1|1160|1562	QE0429-C.g91	81.481	405	70	3	1	403	1636	2037	0.0	665
PfKH01_130076800|DBLd|1|1160|1562	QE0429-C.g91	36.391	338	169	13	1	333	1272	1568	8.75e-49	180
PfKH01_130076800|DBLd|1|1160|1562	QE0429-C.g91	28.136	295	174	8	137	403	187	471	4.99e-26	113
PfKH01_130076800|DBLd|1|1160|1562	QE0429-C.g91	21.290	310	156	12	50	333	838	1085	4.71e-08	57.8
PfKH01_130076800|DBLd|1|1160|1562	PT0144-C.g146	78.589	411	70	7	1	403	1112	1512	0.0	614
PfKH01_130076800|DBLd|1|1160|1562	PT0144-C.g146	36.615	325	164	10	1	319	2295	2583	2.52e-49	181
PfKH01_130076800|DBLd|1|1160|1562	PT0144-C.g146	26.650	394	208	12	1	376	748	1078	3.61e-32	131
PfKH01_130076800|DBLd|1|1160|1562	PT0144-C.g146	27.506	389	205	11	47	403	118	461	1.87e-26	114
PfKH01_130076800|DBLd|1|1160|1562	PT0117-C.g687	78.589	411	70	7	1	403	1140	1540	0.0	614
PfKH01_130076800|DBLd|1|1160|1562	PT0117-C.g687	36.615	325	164	10	1	319	2323	2611	2.83e-49	181
PfKH01_130076800|DBLd|1|1160|1562	PT0117-C.g687	26.650	394	208	12	1	376	776	1106	3.90e-32	131
PfKH01_130076800|DBLd|1|1160|1562	PT0117-C.g687	25.659	417	205	12	47	403	118	489	1.76e-21	99.8
PfKH01_130076800|CIDRb|1|1563|1818	PH0279-C.g86	100.000	256	0	0	1	256	370	625	3.78e-178	525
PfKH01_130076800|CIDRb|1|1563|1818	QE0429-C.g91	100.000	256	0	0	1	256	2038	2293	4.04e-171	525
PfKH01_130076800|CIDRb|1|1563|1818	QE0429-C.g91	23.346	257	182	6	1	250	472	720	1.28e-08	57.8
PfKH01_130076800|CIDRb|1|1563|1818	PF0119-C.g1048	100.000	256	0	0	1	256	1597	1852	5.67e-171	523
PfKH01_130076800|CIDRb|1|1563|1818	PF0119-C.g1048	24.521	261	170	9	1	248	466	712	4.47e-07	53.1
PfKH01_130076800|CIDRb|1|1563|1818	PH0643-C.g185	100.000	256	0	0	1	256	1726	1981	8.42e-171	524
PfKH01_130076800|CIDRb|1|1563|1818	PT0144-C.g146	100.000	256	0	0	1	256	1513	1768	1.92e-170	523
PfKH01_130076800|DBLb|1|1851|2306	PH0279-C.g86	100.000	456	0	0	1	456	658	1113	0.0	946
PfKH01_130076800|DBLb|1|1851|2306	PH0872-C.g277	87.582	459	48	4	1	456	2056	2508	0.0	818
PfKH01_130076800|DBLb|1|1851|2306	PH0872-C.g277	42.178	505	219	19	1	456	744	1224	1.20e-102	338
PfKH01_130076800|DBLb|1|1851|2306	PH0872-C.g277	32.749	342	177	16	7	315	8	329	4.35e-32	132
PfKH01_130076800|DBLb|1|1851|2306	PH0549-C.g21	87.582	459	48	4	1	456	1873	2325	0.0	818
PfKH01_130076800|DBLb|1|1851|2306	PH0549-C.g21	31.722	331	169	11	124	413	133	447	3.98e-30	126
PfKH01_130076800|DBLb|1|1851|2306	PH0549-C.g21	27.157	313	180	11	76	356	815	1111	4.69e-08	58.2
PfKH01_130076800|DBLb|1|1851|2306	PH0549-C.g21	21.260	254	136	5	185	384	2624	2867	1.46e-07	56.6
PfKH01_130076800|DBLb|1|1851|2306	QE0429-C.g91	87.662	462	48	5	1	456	2326	2784	0.0	816
PfKH01_130076800|DBLb|1|1851|2306	QE0429-C.g91	48.941	472	191	14	1	456	732	1169	2.26e-120	389
PfKH01_130076800|DBLb|1|1851|2306	QE0429-C.g91	31.283	374	194	14	41	359	28	393	2.47e-34	139
PfKH01_130076800|DBLb|1|1851|2306	QE0429-C.g91	22.928	362	195	11	116	416	1678	2016	4.96e-09	61.2
PfKH01_130076800|DBLb|1|1851|2306	QE0429-C.g91	25.455	275	159	10	119	361	1311	1571	1.14e-07	57.0
PfKH01_130076800|DBLb|1|1851|2306	PF0119-C.g1048	80.472	466	78	6	1	456	1885	2347	0.0	740
PfKH01_130076800|DBLb|1|1851|2306	PF0119-C.g1048	41.109	433	205	18	52	456	769	1179	1.97e-76	262
PfKH01_130076800|DBLb|1|1851|2306	PF0119-C.g1048	30.504	377	181	12	44	359	31	387	5.91e-34	138
PfKH01_130076800|DBLb|1|1851|2306	PF0119-C.g1048	24.149	323	161	14	185	440	1327	1632	6.65e-09	60.8
PfKH01_130076800|ATS|1|2427|2880	PC0107-C.g190	71.460	459	91	3	1	454	2706	3129	0.0	656
PfKH01_130076800|ATS|1|2427|2880	PfKE02.g7	69.151	483	82	9	1	454	2941	3385	0.0	623
PfKH01_130076800|ATS|1|2427|2880	PC0104-C.g98	69.872	468	91	8	1	454	3408	3839	0.0	616
PfKH01_130076800|ATS|1|2427|2880	PfKE03.g3	70.588	459	89	7	1	454	2760	3177	0.0	613
PfKH01_130076800|ATS|1|2427|2880	PfKE02.g88	69.824	454	96	4	2	454	2972	3385	0.0	611
PfKH01_130076900|NTS|1|1|67	QE0469-C.g1161	100.000	67	0	0	1	67	1	67	1.07e-39	139
PfKH01_130076900|NTS|1|1|67	PF0092-C.g732	65.672	67	19	2	1	67	1	63	3.93e-21	86.7
PfKH01_130076900|NTS|1|1|67	PM0037-C.g1185	70.149	67	12	3	1	67	1	59	3.19e-20	84.3
PfKH01_130076900|NTS|1|1|67	PF0590-C.g307	70.149	67	12	3	1	67	1	59	4.49e-20	84.0
PfKH01_130076900|NTS|1|1|67	PA0065-C.g30	70.149	67	12	3	1	67	1	59	7.97e-20	83.2
PfKH01_130076900|DBLa|1|68|488	QE0469-C.g1161	100.000	421	0	0	1	421	68	488	0.0	884
PfKH01_130076900|DBLa|1|68|488	QE0469-C.g1161	31.651	218	105	7	214	421	1260	1443	5.51e-15	79.7
PfKH01_130076900|DBLa|1|68|488	PF0092-C.g732	70.794	428	114	6	1	421	64	487	0.0	593
PfKH01_130076900|DBLa|1|68|488	PF0092-C.g732	30.175	285	155	7	115	387	1043	1295	2.71e-25	111
PfKH01_130076900|DBLa|1|68|488	PA0148-C.g524	68.310	426	123	7	1	421	63	481	0.0	576
PfKH01_130076900|DBLa|1|68|488	PA0148-C.g524	29.793	386	223	9	1	374	1725	2074	1.49e-37	147
PfKH01_130076900|DBLa|1|68|488	PA0148-C.g524	29.577	284	173	10	8	274	874	1147	4.90e-24	107
PfKH01_130076900|DBLa|1|68|488	PA0148-C.g524	23.411	299	158	11	44	308	1323	1584	1.18e-09	63.2
PfKH01_130076900|DBLa|1|68|488	QG0258-C.g285	65.814	430	130	7	1	421	64	485	0.0	573
PfKH01_130076900|DBLa|1|68|488	QG0258-C.g285	23.977	342	199	12	121	412	1119	1449	6.75e-12	70.1
PfKH01_130076900|DBLa|1|68|488	PA0184-C.g71	65.814	430	130	7	1	421	64	485	0.0	573
PfKH01_130076900|CIDRa|1|489|808	QE0469-C.g1161	97.799	318	7	0	1	318	489	806	0.0	634
PfKH01_130076900|CIDRa|1|489|808	PH0341-C.g476	64.742	329	101	6	1	318	489	813	7.33e-121	383
PfKH01_130076900|CIDRa|1|489|808	PA0172-C.g847	63.077	325	99	7	1	314	523	837	5.59e-114	363
PfKH01_130076900|CIDRa|1|489|808	QG0292-C.g3876	58.967	329	116	5	1	320	508	826	2.89e-113	352
PfKH01_130076900|CIDRa|1|489|808	QE0455-C.g3	60.303	330	107	7	1	320	73	388	3.83e-111	352
PfKH01_130076900|CIDRa|1|489|808	QE0455-C.g3	41.026	78	43	2	142	218	1034	1109	5.13e-09	60.1
PfKH01_130076900|DBLd|1|885|1322	PF0207-C.g483	74.667	450	84	9	1	438	2560	2991	0.0	644
PfKH01_130076900|DBLd|1|885|1322	PF0207-C.g483	31.193	436	194	18	1	423	1957	2299	1.38e-44	169
PfKH01_130076900|DBLd|1|885|1322	PF0207-C.g483	33.526	346	167	9	29	373	1208	1491	1.40e-44	169
PfKH01_130076900|DBLd|1|885|1322	PF0207-C.g483	29.430	316	149	8	1	310	1586	1833	2.09e-31	130
PfKH01_130076900|DBLd|1|885|1322	PF0207-C.g483	30.363	303	164	11	161	438	192	472	2.20e-19	94.0
PfKH01_130076900|DBLd|1|885|1322	PF0207-C.g483	24.370	238	123	8	154	382	872	1061	6.79e-11	67.4
PfKH01_130076900|DBLd|1|885|1322	PA0229-C.g225	74.667	450	84	9	1	438	2530	2961	0.0	642
PfKH01_130076900|DBLd|1|885|1322	PA0229-C.g225	31.860	430	194	18	1	423	1957	2294	3.74e-46	173
PfKH01_130076900|DBLd|1|885|1322	PA0229-C.g225	33.526	346	167	9	29	373	1208	1491	1.37e-44	169
PfKH01_130076900|DBLd|1|885|1322	PA0229-C.g225	29.430	316	149	8	1	310	1586	1833	1.98e-31	130
PfKH01_130076900|DBLd|1|885|1322	PA0229-C.g225	27.735	393	228	14	72	438	110	472	3.06e-19	93.2
PfKH01_130076900|DBLd|1|885|1322	PA0229-C.g225	24.167	240	125	8	154	384	872	1063	6.72e-11	67.4
PfKH01_130076900|DBLd|1|885|1322	QG0271-C.g608	63.347	502	101	7	12	438	1090	1583	0.0	599
PfKH01_130076900|DBLd|1|885|1322	PD0524-C.g177	67.667	433	101	10	14	438	1683	2084	6.31e-173	539
PfKH01_130076900|DBLd|1|885|1322	PD0524-C.g177	30.000	360	172	9	16	373	1293	1574	2.61e-40	156
PfKH01_130076900|DBLd|1|885|1322	PD0524-C.g177	27.577	359	167	14	141	438	168	494	2.30e-23	105
PfKH01_130076900|DBLd|1|885|1322	PD0524-C.g177	26.054	261	129	9	158	400	2571	2785	2.33e-13	75.1
PfKH01_130076900|DBLd|1|885|1322	PD0524-C.g177	24.715	263	136	8	114	370	947	1153	2.48e-10	65.5
PfKH01_130076900|DBLd|1|885|1322	PC0069-C.g387	61.975	476	109	11	1	438	1691	2132	1.87e-169	530
PfKH01_130076900|DBLd|1|885|1322	PC0069-C.g387	29.062	437	223	14	1	429	1315	1672	3.17e-34	138
PfKH01_130076900|DBLd|1|885|1322	PC0069-C.g387	30.619	307	149	13	161	424	177	462	5.33e-21	98.6
PfKH01_130076900|DBLd|1|885|1322	PC0069-C.g387	24.545	220	105	8	160	370	1015	1182	1.40e-07	56.6
PfKH01_130076900|ATS|1|1717|2161	PV0028-C.g50	80.525	457	72	7	4	445	2601	3055	0.0	710
PfKH01_130076900|ATS|1|1717|2161	PA0245-C.g998	77.826	460	85	7	1	445	1706	2163	0.0	686
PfKH01_130076900|ATS|1|1717|2161	PFKE09.g563	79.510	449	81	8	1	445	775	1216	0.0	673
PfKH01_130076900|ATS|1|1717|2161	PV0239-C.g31	77.826	460	86	8	1	445	1747	2205	0.0	658
PfKH01_130076900|ATS|1|1717|2161	PD0549-C.g516	76.017	467	71	11	1	445	2187	2634	0.0	654
PfKH01_140005400|NTS|1|1|60	PV0129-C.g45	100.000	60	0	0	1	60	1	60	3.24e-33	120
PfKH01_140005400|NTS|1|1|60	PH0279-C.g65	100.000	60	0	0	1	60	1	60	3.86e-33	120
PfKH01_140005400|NTS|1|1|60	QG0287-C.g856	80.000	60	11	1	1	60	1	59	2.84e-23	92.4
PfKH01_140005400|NTS|1|1|60	PA0237-C.g784	77.419	62	11	2	1	60	1	61	1.83e-21	87.4
PfKH01_140005400|NTS|1|1|60	PM0037-C.g2188	75.472	53	13	0	8	60	1	53	3.38e-20	84.0
PfKH01_140005400|DBLa|1|61|509	PH0279-C.g65	100.000	449	0	0	1	449	61	509	0.0	939
PfKH01_140005400|DBLa|1|61|509	PH0279-C.g65	27.941	272	139	9	205	449	1164	1405	1.01e-14	79.3
PfKH01_140005400|DBLa|1|61|509	PV0129-C.g45	73.561	469	99	8	1	449	61	524	0.0	646
PfKH01_140005400|DBLa|1|61|509	PV0129-C.g45	29.839	124	71	3	253	360	1204	1327	7.36e-10	63.9
PfKH01_140005400|DBLa|1|61|509	PH0592-C.g573	70.961	458	111	8	1	449	62	506	0.0	626
PfKH01_140005400|DBLa|1|61|509	PH0592-C.g573	27.374	179	102	6	205	355	1138	1316	1.11e-11	69.7
PfKH01_140005400|DBLa|1|61|509	PV0239-C.g67	70.961	458	111	8	1	449	62	506	0.0	625
PfKH01_140005400|DBLa|1|61|509	PV0239-C.g67	31.169	154	95	4	250	400	1269	1414	3.45e-10	65.1
PfKH01_140005400|DBLa|1|61|509	PT0005-CW.g782	67.391	460	118	13	1	449	60	498	0.0	583
PfKH01_140005400|DBLa|1|61|509	PT0005-CW.g782	27.155	232	133	6	129	350	995	1200	2.69e-12	71.6
PfKH01_140005400|CIDRa|1|510|791	PH0279-C.g65	100.000	282	0	0	1	282	510	791	0.0	587
PfKH01_140005400|CIDRa|1|510|791	QE0440-C.g798	61.489	309	91	7	1	282	496	803	2.69e-109	343
PfKH01_140005400|CIDRa|1|510|791	PV0229-C.g124	61.489	309	91	7	1	282	382	689	8.04e-109	344
PfKH01_140005400|CIDRa|1|510|791	PV0128-C.g83	61.489	309	91	7	1	282	496	803	7.20e-108	345
PfKH01_140005400|CIDRa|1|510|791	PV0083-C.g60	61.489	309	91	7	1	282	496	803	7.20e-108	345
PfKH01_140005400|DBLd|1|881|1369	PH0279-C.g65	100.000	489	0	0	1	489	917	1405	0.0	1014
PfKH01_140005400|DBLd|1|881|1369	PH0279-C.g65	26.496	351	182	13	182	489	192	509	2.41e-18	91.3
PfKH01_140005400|DBLd|1|881|1369	QE0467-C.g513	83.845	489	60	3	2	489	1515	1985	0.0	783
PfKH01_140005400|DBLd|1|881|1369	QE0393-Cx.g100	83.845	489	60	3	2	489	1529	1999	0.0	783
PfKH01_140005400|DBLd|1|881|1369	PV0035-C.g29	77.220	518	84	8	1	489	1260	1772	0.0	717
PfKH01_140005400|DBLd|1|881|1369	PV0035-C.g29	29.385	439	178	21	1	436	875	1184	4.32e-29	124
PfKH01_140005400|DBLd|1|881|1369	PV0035-C.g29	22.781	338	188	9	196	489	192	500	3.64e-16	84.3
PfKH01_140005400|DBLd|1|881|1369	QE0472-C.g20	60.643	498	157	11	1	489	424	891	4.89e-176	530
PfKH01_140005400|CIDRb|1|1370|1622	PH0279-C.g65	100.000	253	0	0	1	253	1406	1658	6.23e-171	517
PfKH01_140005400|CIDRb|1|1370|1622	PV0035-C.g29	100.000	253	0	0	1	253	1773	2025	1.89e-169	517
PfKH01_140005400|CIDRb|1|1370|1622	QE0467-C.g513	100.000	253	0	0	1	253	1986	2238	4.91e-169	518
PfKH01_140005400|CIDRb|1|1370|1622	QE0472-C.g20	91.700	253	17	2	1	253	892	1140	1.97e-139	424
PfKH01_140005400|CIDRb|1|1370|1622	QE0472-C.g20	29.851	134	80	4	41	168	136	261	3.04e-07	53.5
PfKH01_140005400|CIDRb|1|1370|1622	PH0932-C.g556	91.700	253	17	2	1	253	1290	1538	6.18e-137	423
PfKH01_140005400|CIDRb|1|1370|1622	PH0932-C.g556	29.851	134	80	4	41	168	534	659	3.44e-07	53.1
PfKH01_140005400|ATS|1|1736|2194	PA0245-C.g998	80.778	463	80	6	1	459	1706	2163	0.0	723
PfKH01_140005400|ATS|1|1736|2194	QE0436-C.g591	78.270	497	63	9	1	459	1702	2191	0.0	687
PfKH01_140005400|ATS|1|1736|2194	PV0147-C.g7	79.783	460	71	10	1	459	1761	2199	0.0	684
PfKH01_140005400|ATS|1|1736|2194	PV0211-C.g126	74.609	512	70	11	1	459	841	1345	0.0	679
PfKH01_140005400|ATS|1|1736|2194	QE0395-C.g30	81.545	466	57	4	1	459	891	1334	0.0	675
PfKH01_140085400|NTS|1|1|60	QE0451-C.g363	100.000	60	0	0	1	60	1	60	8.17e-32	116
PfKH01_140085400|NTS|1|1|60	PH0279-C.g31	100.000	60	0	0	1	60	1	60	9.83e-32	116
PfKH01_140085400|NTS|1|1|60	QE0469-C.g824	100.000	60	0	0	1	60	1	60	1.55e-31	115
PfKH01_140085400|NTS|1|1|60	SenT044.11.g105	83.929	56	9	0	5	60	7	62	5.71e-24	94.4
PfKH01_140085400|NTS|1|1|60	PA0137-C.g195	67.797	59	19	0	1	59	1	59	2.62e-19	81.3
PfKH01_140085400|DBLa|1|61|455	QE0469-C.g824	100.000	395	0	0	1	395	61	455	0.0	827
PfKH01_140085400|DBLa|1|61|455	QE0469-C.g824	31.707	287	152	11	1	270	1675	1934	2.63e-28	119
PfKH01_140085400|DBLa|1|61|455	QE0469-C.g824	29.688	256	138	9	52	285	829	1064	1.05e-19	94.0
PfKH01_140085400|DBLa|1|61|455	QE0469-C.g824	24.315	292	168	11	48	317	1283	1543	1.92e-09	62.4
PfKH01_140085400|DBLa|1|61|455	QE0451-C.g363	100.000	395	0	0	1	395	61	455	0.0	825
PfKH01_140085400|DBLa|1|61|455	QE0451-C.g363	31.608	367	210	10	14	374	1694	2025	1.55e-42	161
PfKH01_140085400|DBLa|1|61|455	QE0451-C.g363	29.688	256	138	9	52	285	829	1064	1.39e-19	93.6
PfKH01_140085400|DBLa|1|61|455	QE0451-C.g363	31.364	220	120	10	48	256	2116	2315	9.77e-17	85.1
PfKH01_140085400|DBLa|1|61|455	QE0451-C.g363	23.986	296	169	11	48	319	1279	1542	2.54e-10	65.1
PfKH01_140085400|DBLa|1|61|455	PH0279-C.g31	100.000	395	0	0	1	395	61	455	0.0	825
PfKH01_140085400|DBLa|1|61|455	PH0279-C.g31	32.012	328	178	13	52	367	1735	2029	3.49e-32	131
PfKH01_140085400|DBLa|1|61|455	PH0279-C.g31	29.688	256	138	9	52	285	829	1064	1.53e-19	93.6
PfKH01_140085400|DBLa|1|61|455	PH0279-C.g31	24.839	310	170	12	48	326	1283	1560	2.13e-11	68.6
PfKH01_140085400|DBLa|1|61|455	PH0279-C.g31	22.744	277	151	9	51	321	2111	2330	1.69e-09	62.4
PfKH01_140085400|DBLa|1|61|455	PA0008-C.g284	84.051	395	63	0	1	395	61	455	0.0	658
PfKH01_140085400|DBLa|1|61|455	PA0008-C.g284	29.477	363	212	12	27	367	1695	2035	3.93e-36	142
PfKH01_140085400|DBLa|1|61|455	PA0008-C.g284	31.280	211	104	8	52	241	829	1019	1.40e-19	93.6
PfKH01_140085400|DBLa|1|61|455	PA0008-C.g284	25.828	302	163	11	44	343	2110	2352	3.17e-15	80.1
PfKH01_140085400|DBLa|1|61|455	PA0008-C.g284	25.000	328	184	13	43	346	1275	1564	3.24e-10	64.7
PfKH01_140085400|DBLa|1|61|455	PA0067-C.g188	79.747	395	79	1	1	395	64	457	0.0	632
PfKH01_140085400|DBLa|1|61|455	PA0067-C.g188	29.771	262	123	11	52	285	832	1060	9.46e-19	90.9
PfKH01_140085400|CIDRa|1|456|710	QE0469-C.g824	100.000	255	0	0	1	255	456	710	1.05e-172	526
PfKH01_140085400|CIDRa|1|456|710	PH0279-C.g31	100.000	255	0	0	1	255	456	710	1.35e-171	525
PfKH01_140085400|CIDRa|1|456|710	QE0451-C.g363	100.000	255	0	0	1	255	456	710	1.43e-171	525
PfKH01_140085400|CIDRa|1|456|710	PA0176-C.g149	90.196	255	24	1	1	255	541	794	5.60e-151	468
PfKH01_140085400|CIDRa|1|456|710	PA0176-C.g149	25.292	257	174	9	4	252	2464	2710	3.48e-08	56.2
PfKH01_140085400|CIDRa|1|456|710	SenT013.11.g666	88.235	255	29	1	1	255	553	806	5.34e-149	456
PfKH01_140085400|DBLb|1|716|1179	PH0279-C.g31	100.000	464	0	0	1	464	716	1179	0.0	964
PfKH01_140085400|DBLb|1|716|1179	PH0279-C.g31	28.453	362	181	14	58	383	1685	2004	2.83e-24	109
PfKH01_140085400|DBLb|1|716|1179	PH0279-C.g31	26.016	369	221	13	7	349	3	345	2.68e-19	94.0
PfKH01_140085400|DBLb|1|716|1179	PH0279-C.g31	27.586	290	164	11	108	389	2106	2357	1.65e-14	79.0
PfKH01_140085400|DBLb|1|716|1179	QE0451-C.g363	98.704	463	6	0	1	463	716	1178	0.0	948
PfKH01_140085400|DBLb|1|716|1179	QE0451-C.g363	28.638	426	221	18	16	402	1639	2020	1.24e-30	128
PfKH01_140085400|DBLb|1|716|1179	QE0451-C.g363	26.016	369	221	13	7	349	3	345	2.43e-19	94.0
PfKH01_140085400|DBLb|1|716|1179	QE0451-C.g363	24.407	295	140	9	108	364	2114	2363	2.10e-12	72.4
PfKH01_140085400|DBLb|1|716|1179	PA0160-C.g581	98.052	462	9	0	1	462	720	1181	0.0	944
PfKH01_140085400|DBLb|1|716|1179	PA0160-C.g581	28.155	309	175	10	88	369	1699	1987	4.99e-26	114
PfKH01_140085400|DBLb|1|716|1179	PA0160-C.g581	26.302	384	203	16	19	355	28	378	1.72e-22	103
PfKH01_140085400|DBLb|1|716|1179	PA0160-C.g581	30.693	202	98	9	107	304	2105	2268	8.57e-14	76.6
PfKH01_140085400|DBLb|1|716|1179	PA0160-C.g581	24.823	282	159	11	98	356	1279	1530	2.47e-10	65.5
PfKH01_140085400|DBLb|1|716|1179	QE0469-C.g824	96.983	464	14	0	1	464	716	1179	0.0	935
PfKH01_140085400|DBLb|1|716|1179	QE0469-C.g824	26.606	327	176	11	91	381	1699	1997	1.08e-20	98.2
PfKH01_140085400|DBLb|1|716|1179	QE0469-C.g824	26.016	369	221	13	7	349	3	345	2.53e-19	94.0
PfKH01_140085400|DBLb|1|716|1179	PC0103-C.g471	77.564	468	97	2	1	464	212	675	0.0	726
PfKH01_140085400|DBLb|1|716|1179	PC0103-C.g471	32.890	301	148	10	102	368	1201	1481	2.18e-31	130
PfKH01_140085400|DBLb|1|716|1179	PC0103-C.g471	27.715	267	149	8	107	366	1606	1835	3.38e-18	90.5
PfKH01_140085400|DBLb|1|716|1179	PC0103-C.g471	24.924	329	181	14	78	376	754	1046	2.27e-12	72.0
PfKH01_140085400|DBLg|1|1240|1632	PH0279-C.g31	100.000	393	0	0	1	393	1240	1632	0.0	818
PfKH01_140085400|DBLg|1|1240|1632	PH0279-C.g31	21.284	296	170	10	47	337	2111	2348	1.57e-10	65.5
PfKH01_140085400|DBLg|1|1240|1632	PH0279-C.g31	25.081	307	163	12	44	316	108	381	2.41e-10	65.1
PfKH01_140085400|DBLg|1|1240|1632	PA0081-C.g292	90.840	393	36	0	1	393	1248	1640	0.0	749
PfKH01_140085400|DBLg|1|1240|1632	PA0081-C.g292	23.129	294	167	10	44	302	130	399	5.14e-10	63.9
PfKH01_140085400|DBLg|1|1240|1632	PA0081-C.g292	22.000	200	108	4	47	246	2130	2281	2.68e-09	61.6
PfKH01_140085400|DBLg|1|1240|1632	QE0451-C.g363	83.500	400	38	5	1	393	1236	1614	0.0	670
PfKH01_140085400|DBLg|1|1240|1632	QE0451-C.g363	23.077	377	221	13	44	393	1727	2061	2.49e-14	77.4
PfKH01_140085400|DBLg|1|1240|1632	QE0451-C.g363	24.906	265	167	8	44	302	2116	2354	8.52e-13	72.8
PfKH01_140085400|DBLg|1|1240|1632	QE0451-C.g363	25.081	307	163	12	44	316	108	381	2.06e-10	65.1
PfKH01_140085400|DBLg|1|1240|1632	QE0469-C.g824	78.141	398	64	7	1	393	1240	1619	0.0	613
PfKH01_140085400|DBLg|1|1240|1632	QE0469-C.g824	26.866	335	190	16	32	341	1706	2010	1.16e-12	72.4
PfKH01_140085400|DBLg|1|1240|1632	QE0469-C.g824	25.081	307	163	12	44	316	108	381	2.55e-10	65.1
PfKH01_140085400|DBLg|1|1240|1632	PC0032-C.g8	72.519	393	99	4	1	393	579	962	0.0	573
PfKH01_140085400|DBLg|1|1240|1632	PC0032-C.g8	24.850	334	184	14	47	351	1065	1360	4.08e-10	64.3
PfKH01_140085400|DBLz|1|1641|2057	PH0279-C.g31	100.000	417	0	0	1	417	1641	2057	0.0	866
PfKH01_140085400|DBLz|1|1641|2057	PH0279-C.g31	29.570	372	212	15	2	335	16	375	9.38e-32	130
PfKH01_140085400|DBLz|1|1641|2057	PH0279-C.g31	29.008	393	208	15	8	364	741	1098	3.27e-28	120
PfKH01_140085400|DBLz|1|1641|2057	PH0279-C.g31	29.225	284	160	12	66	342	2082	2331	3.81e-17	86.7
PfKH01_140085400|DBLz|1|1641|2057	PH0279-C.g31	23.288	365	221	16	94	417	1286	1632	9.71e-10	63.5
PfKH01_140085400|DBLz|1|1641|2057	QE0404-C.g330	94.737	418	21	1	1	417	1633	2050	0.0	793
PfKH01_140085400|DBLz|1|1641|2057	QE0404-C.g330	34.091	264	135	13	87	323	106	357	2.16e-30	126
PfKH01_140085400|DBLz|1|1641|2057	QE0404-C.g330	32.615	325	151	13	73	364	810	1099	5.54e-28	119
PfKH01_140085400|DBLz|1|1641|2057	QE0404-C.g330	32.020	203	106	10	79	275	2086	2262	2.17e-13	74.7
PfKH01_140085400|DBLz|1|1641|2057	QE0404-C.g330	24.014	279	163	10	83	334	1275	1531	8.37e-11	66.6
PfKH01_140085400|DBLz|1|1641|2057	QE0444-C.g333	94.737	418	21	1	1	417	1576	1993	0.0	793
PfKH01_140085400|DBLz|1|1641|2057	QE0444-C.g333	33.246	382	208	13	66	417	802	1166	1.97e-50	185
PfKH01_140085400|DBLz|1|1641|2057	QE0444-C.g333	30.303	330	197	12	37	335	52	379	1.41e-30	127
PfKH01_140085400|DBLz|1|1641|2057	QE0444-C.g333	27.070	314	174	13	79	386	2029	2293	1.92e-14	78.2
PfKH01_140085400|DBLz|1|1641|2057	QE0444-C.g333	24.627	268	156	10	94	334	1226	1474	1.59e-11	68.9
PfKH01_140085400|DBLz|1|1641|2057	QE0437-C.g421	94.737	418	21	1	1	417	1576	1993	0.0	792
PfKH01_140085400|DBLz|1|1641|2057	QE0437-C.g421	33.246	382	208	13	66	417	802	1166	2.23e-50	185
PfKH01_140085400|DBLz|1|1641|2057	QE0437-C.g421	30.303	330	197	12	37	335	52	379	1.44e-30	127
PfKH01_140085400|DBLz|1|1641|2057	QE0437-C.g421	32.020	203	106	10	79	275	2029	2205	2.11e-13	74.7
PfKH01_140085400|DBLz|1|1641|2057	QE0437-C.g421	24.627	268	156	10	94	334	1226	1474	1.56e-11	68.9
PfKH01_140085400|DBLz|1|1641|2057	PD0461-C.g697	90.909	418	37	1	1	417	1096	1513	0.0	765
PfKH01_140085400|DBLz|1|1641|2057	PD0461-C.g697	26.769	325	194	12	79	390	1549	1842	4.19e-17	86.3
PfKH01_140085400|DBLz|1|1641|2057	PD0461-C.g697	27.046	281	166	10	78	334	732	997	1.50e-13	75.5
PfKH01_140085400|DBLe|1|2063|2379	PH0279-C.g31	100.000	317	0	0	1	317	2063	2379	0.0	658
PfKH01_140085400|DBLe|1|2063|2379	PH0279-C.g31	28.125	288	158	11	20	269	1706	1982	5.61e-16	81.3
PfKH01_140085400|DBLe|1|2063|2379	PH0279-C.g31	27.586	290	164	11	44	295	823	1104	3.17e-15	79.0
PfKH01_140085400|DBLe|1|2063|2379	PH0279-C.g31	21.835	316	171	9	49	316	1286	1573	6.03e-11	65.9
PfKH01_140085400|DBLe|1|2063|2379	PH0279-C.g31	22.744	277	151	9	49	268	111	381	3.02e-09	60.8
PfKH01_140085400|DBLe|1|2063|2379	QE0456-C.g239	100.000	317	0	0	1	317	2108	2424	0.0	658
PfKH01_140085400|DBLe|1|2063|2379	QE0456-C.g239	28.159	277	154	9	41	276	826	1098	6.44e-20	92.8
PfKH01_140085400|DBLe|1|2063|2379	QE0456-C.g239	25.738	237	136	8	30	236	1760	1986	4.38e-15	78.6
PfKH01_140085400|DBLe|1|2063|2379	QE0456-C.g239	23.279	305	172	10	18	266	75	373	2.86e-10	63.9
PfKH01_140085400|DBLe|1|2063|2379	PA0197-C.g428	100.000	317	0	0	1	317	2044	2360	0.0	657
PfKH01_140085400|DBLe|1|2063|2379	PA0197-C.g428	25.738	237	136	8	30	236	1696	1922	4.49e-15	78.6
PfKH01_140085400|DBLe|1|2063|2379	PA0197-C.g428	25.784	287	138	10	38	270	825	1090	4.34e-14	75.5
PfKH01_140085400|DBLe|1|2063|2379	PA0197-C.g428	22.624	221	121	7	47	226	1269	1480	5.45e-09	60.1
PfKH01_140085400|DBLe|1|2063|2379	PA0173-C.g101	100.000	317	0	0	1	317	2045	2361	0.0	657
PfKH01_140085400|DBLe|1|2063|2379	PA0173-C.g101	25.253	297	173	8	47	316	1278	1552	8.09e-19	89.7
PfKH01_140085400|DBLe|1|2063|2379	PA0173-C.g101	30.739	257	138	12	45	270	837	1084	4.37e-16	81.6
PfKH01_140085400|DBLe|1|2063|2379	PA0173-C.g101	25.738	237	136	8	30	236	1697	1923	6.49e-15	77.8
PfKH01_140085400|DBLe|1|2063|2379	PA0173-C.g101	24.706	255	147	11	8	221	83	333	6.77e-12	68.9
PfKH01_140085400|DBLe|1|2063|2379	SenT084.10.g949	100.000	317	0	0	1	317	2057	2373	0.0	657
PfKH01_140085400|DBLe|1|2063|2379	SenT084.10.g949	23.692	325	174	10	38	316	1271	1567	6.80e-15	77.8
PfKH01_140085400|DBLe|1|2063|2379	SenT084.10.g949	25.738	237	136	8	30	236	1709	1935	1.12e-14	77.4
PfKH01_140085400|DBLe|1|2063|2379	SenT084.10.g949	26.437	261	157	8	38	270	840	1093	1.97e-14	76.6
PfKH01_140085400|DBLe|1|2063|2379	SenT084.10.g949	25.346	217	119	8	44	221	119	331	5.50e-09	59.7
PfKH01_140085400|ATS|1|2442|2859	PFKE07.g1065	77.700	426	84	7	2	418	1645	2068	0.0	660
PfKH01_140085400|ATS|1|2442|2859	PC0097-C.g664	76.275	451	71	7	1	418	2364	2811	0.0	660
PfKH01_140085400|ATS|1|2442|2859	PA0270-C.g443	74.617	457	75	7	1	418	2185	2639	0.0	652
PfKH01_140085400|ATS|1|2442|2859	PFKE01.g19	76.697	442	76	7	1	418	1733	2171	0.0	649
PfKH01_140085400|ATS|1|2442|2859	PA0245-C.g391	76.538	439	79	7	1	418	2512	2947	0.0	647
PfKH01_000005000|NTS|1|49|109	PH0279-C.g57	100.000	61	0	0	1	61	49	109	7.58e-32	117
PfKH01_000005000|NTS|1|49|109	PfKE05.g11	71.667	60	17	0	2	61	5	64	5.90e-22	89.0
PfKH01_000005000|NTS|1|49|109	QE0419-C.g642	71.186	59	17	0	3	61	10	68	8.51e-21	85.5
PfKH01_000005000|NTS|1|49|109	PV0035-C.g42	71.186	59	17	0	3	61	10	68	9.20e-21	85.5
PfKH01_000005000|NTS|1|49|109	SenT136.09.g634	73.438	64	13	3	2	61	2	65	1.56e-20	84.7
PfKH01_000005000|DBLa|1|110|525	PH0279-C.g57	100.000	415	0	0	2	416	164	578	0.0	867
PfKH01_000005000|DBLa|1|110|525	PH0279-C.g57	33.333	318	151	11	66	367	976	1248	2.37e-37	147
PfKH01_000005000|DBLa|1|110|525	PV0134-C.g45	80.622	418	73	3	1	416	121	532	0.0	671
PfKH01_000005000|DBLa|1|110|525	PV0134-C.g45	28.962	366	176	14	43	382	905	1212	5.97e-28	119
PfKH01_000005000|DBLa|1|110|525	PV0134-C.g45	25.576	434	236	17	54	416	1830	2247	5.89e-21	98.2
PfKH01_000005000|DBLa|1|110|525	PA0074-C.g180	88.308	402	43	4	17	416	104	503	0.0	666
PfKH01_000005000|DBLa|1|110|525	PA0074-C.g180	27.184	309	164	10	66	355	904	1170	6.76e-28	119
PfKH01_000005000|DBLa|1|110|525	PA0074-C.g180	32.124	193	110	6	235	416	2123	2305	6.07e-16	82.8
PfKH01_000005000|DBLa|1|110|525	PA0074-C.g180	24.834	302	182	13	61	349	1322	1591	6.06e-12	70.5
PfKH01_000005000|DBLa|1|110|525	PA0061-C.g254	88.308	402	43	4	17	416	104	503	0.0	666
PfKH01_000005000|DBLa|1|110|525	PA0061-C.g254	27.184	309	164	10	66	355	904	1170	6.76e-28	119
PfKH01_000005000|DBLa|1|110|525	PA0061-C.g254	32.124	193	110	6	235	416	2123	2305	6.07e-16	82.8
PfKH01_000005000|DBLa|1|110|525	PA0061-C.g254	24.834	302	182	13	61	349	1322	1591	6.06e-12	70.5
PfKH01_000005000|DBLa|1|110|525	PT0219-C.g292	74.645	422	91	4	1	416	88	499	0.0	639
PfKH01_000005000|DBLa|1|110|525	PT0219-C.g292	30.641	359	188	12	66	410	1421	1732	3.03e-31	129
PfKH01_000005000|DBLa|1|110|525	PT0219-C.g292	30.847	295	153	8	63	348	897	1149	1.32e-30	127
PfKH01_000005000|DBLa|1|110|525	PT0219-C.g292	28.070	171	113	4	249	416	2258	2421	3.44e-12	71.2
PfKH01_000005000|CIDRa|1|526|801	PH0279-C.g57	100.000	276	0	0	1	276	579	854	0.0	565
PfKH01_000005000|CIDRa|1|526|801	PM0041-C.g449	84.211	285	36	1	1	276	519	803	5.76e-147	439
PfKH01_000005000|CIDRa|1|526|801	PA0039-C.g198	85.507	276	40	0	1	276	536	811	2.61e-146	445
PfKH01_000005000|CIDRa|1|526|801	PT0005-CW.g847	82.609	276	48	0	1	276	485	760	2.78e-145	439
PfKH01_000005000|CIDRa|1|526|801	QG0293-C.g1681	85.507	276	40	0	1	276	374	649	7.47e-145	450
PfKH01_000005000|CIDRa|1|526|801	QG0293-C.g1681	26.506	166	118	3	1	164	1782	1945	1.64e-07	54.7
PfKH01_000005000|DBLb|1|807|1271	PH0279-C.g57	100.000	465	0	0	1	465	860	1324	0.0	972
PfKH01_000005000|DBLb|1|807|1271	PH0279-C.g57	33.803	284	133	9	117	355	228	501	1.02e-31	131
PfKH01_000005000|DBLb|1|807|1271	QE0400-C.g44	96.129	465	17	1	1	465	720	1183	0.0	933
PfKH01_000005000|DBLb|1|807|1271	QE0400-C.g44	30.645	372	193	14	26	355	32	380	6.21e-28	120
PfKH01_000005000|DBLb|1|807|1271	QE0400-C.g44	26.599	297	167	10	85	355	1220	1491	8.23e-16	83.2
PfKH01_000005000|DBLb|1|807|1271	QE0400-C.g44	23.469	196	103	6	241	389	1947	2142	2.01e-07	56.2
PfKH01_000005000|DBLb|1|807|1271	QE0414-C.g408	96.129	465	17	1	1	465	720	1183	0.0	931
PfKH01_000005000|DBLb|1|807|1271	QE0414-C.g408	30.645	372	193	14	26	355	32	380	6.14e-28	120
PfKH01_000005000|DBLb|1|807|1271	QE0414-C.g408	26.599	297	167	10	85	355	1220	1491	7.54e-16	83.2
PfKH01_000005000|DBLb|1|807|1271	PV0287-C.g51	96.129	465	17	1	1	465	720	1183	0.0	931
PfKH01_000005000|DBLb|1|807|1271	PV0287-C.g51	30.645	372	193	14	26	355	32	380	5.04e-28	120
PfKH01_000005000|DBLb|1|807|1271	PV0287-C.g51	26.599	297	167	10	85	355	1220	1491	6.80e-16	83.2
PfKH01_000005000|DBLb|1|807|1271	PV0094-C.g15	96.129	465	17	1	1	465	720	1183	0.0	931
PfKH01_000005000|DBLb|1|807|1271	PV0094-C.g15	30.645	372	193	14	26	355	32	380	6.14e-28	120
PfKH01_000005000|DBLb|1|807|1271	PV0094-C.g15	26.599	297	167	10	85	355	1220	1491	7.54e-16	83.2
PfKH01_000005000|DBLg|1|1290|1649	QE0400-C.g44	95.833	360	15	0	1	360	1202	1561	0.0	723
PfKH01_000005000|DBLg|1|1290|1649	QE0400-C.g44	28.293	410	178	12	18	311	1718	2127	1.76e-36	142
PfKH01_000005000|DBLg|1|1290|1649	QE0400-C.g44	26.498	317	180	10	43	322	112	412	2.20e-19	92.4
PfKH01_000005000|DBLg|1|1290|1649	QE0400-C.g44	27.759	299	161	11	19	290	803	1073	6.89e-16	81.6
PfKH01_000005000|DBLg|1|1290|1649	PV0287-C.g51	95.833	360	15	0	1	360	1202	1561	0.0	721
PfKH01_000005000|DBLg|1|1290|1649	PV0287-C.g51	26.498	317	180	10	43	322	112	412	1.56e-19	92.8
PfKH01_000005000|DBLg|1|1290|1649	PV0287-C.g51	27.759	299	161	11	19	290	803	1073	3.32e-16	82.8
PfKH01_000005000|DBLg|1|1290|1649	PV0287-C.g51	27.273	165	50	5	45	145	1785	1943	6.04e-07	53.9
PfKH01_000005000|DBLg|1|1290|1649	PV0155-C.g28	95.833	360	15	0	1	360	519	878	0.0	721
PfKH01_000005000|DBLg|1|1290|1649	PV0155-C.g28	27.703	296	165	10	19	290	120	390	2.70e-16	82.8
PfKH01_000005000|DBLg|1|1290|1649	QE0414-C.g408	95.833	360	15	0	1	360	1202	1561	0.0	719
PfKH01_000005000|DBLg|1|1290|1649	QE0414-C.g408	26.882	465	162	18	18	316	1718	2170	1.30e-29	122
PfKH01_000005000|DBLg|1|1290|1649	QE0414-C.g408	26.498	317	180	10	43	322	112	412	1.58e-19	92.8
PfKH01_000005000|DBLg|1|1290|1649	QE0414-C.g408	27.759	299	161	11	19	290	803	1073	4.56e-16	82.4
PfKH01_000005000|DBLg|1|1290|1649	PV0094-C.g15	95.833	360	15	0	1	360	1202	1561	0.0	719
PfKH01_000005000|DBLg|1|1290|1649	PV0094-C.g15	26.882	465	162	18	18	316	1718	2170	1.30e-29	122
PfKH01_000005000|DBLg|1|1290|1649	PV0094-C.g15	26.498	317	180	10	43	322	112	412	1.58e-19	92.8
PfKH01_000005000|DBLg|1|1290|1649	PV0094-C.g15	27.759	299	161	11	19	290	803	1073	4.56e-16	82.4
PfKH01_000005000|DBLd|1|1779|2287	PH0279-C.g105	100.000	509	0	0	1	509	318	826	0.0	1048
PfKH01_000005000|DBLd|1|1779|2287	PH0279-C.g105	35.780	109	49	4	332	440	33	120	4.59e-07	55.1
PfKH01_000005000|DBLd|1|1779|2287	QE0438-C.g948	90.998	511	36	3	1	509	301	803	0.0	916
PfKH01_000005000|DBLd|1|1779|2287	QE0399-C.g43	90.998	511	36	3	1	509	301	803	0.0	915
PfKH01_000005000|DBLd|1|1779|2287	QE0424-C.g827	90.802	511	37	3	1	509	301	803	0.0	913
PfKH01_000005000|DBLd|1|1779|2287	SenV092.05.g361	57.006	521	176	13	1	509	850	1334	3.80e-167	517
PfKH01_000005000|DBLd|1|1779|2287	SenV092.05.g361	36.047	86	50	1	336	421	295	375	4.36e-08	58.5
PfKH01_000005000|CIDRb|1|2288|2546	PH0279-C.g105	100.000	259	0	0	1	259	827	1085	0.0	534
PfKH01_000005000|CIDRb|1|2288|2546	QE0438-C.g948	100.000	259	0	0	1	259	804	1062	0.0	531
PfKH01_000005000|CIDRb|1|2288|2546	QE0424-C.g827	100.000	259	0	0	1	259	804	1062	0.0	531
PfKH01_000005000|CIDRb|1|2288|2546	QE0399-C.g43	100.000	251	0	0	1	251	804	1054	8.13e-177	516
PfKH01_000005000|CIDRb|1|2288|2546	QG0205-C.g559	73.308	266	61	6	1	259	1450	1712	5.41e-120	378
PfKH01_000005050|NTS|1|25|91	PD0510-C.g133	98.507	67	1	0	1	67	1	67	8.04e-38	134
PfKH01_000005050|NTS|1|25|91	QE0395-C.g563	98.507	67	1	0	1	67	1	67	8.12e-38	134
PfKH01_000005050|NTS|1|25|91	PH0500-CW.g525	98.507	67	1	0	1	67	1	67	8.12e-38	134
PfKH01_000005050|NTS|1|25|91	PH0856-C.g731	98.507	67	1	0	1	67	1	67	8.48e-38	134
PfKH01_000005050|NTS|1|25|91	PV0233-C.g20	98.507	67	1	0	1	67	1	67	9.39e-38	134
PfKH01_000005050|DBLa|1|92|482	PH0279-C.g23	100.000	391	0	0	1	391	68	458	0.0	813
PfKH01_000005050|DBLa|1|92|482	PH0279-C.g23	28.856	402	229	15	7	383	2411	2780	3.01e-33	134
PfKH01_000005050|DBLa|1|92|482	PH0279-C.g23	31.322	348	178	16	17	344	830	1136	1.81e-30	126
PfKH01_000005050|DBLa|1|92|482	PH0279-C.g23	29.655	290	174	11	115	391	1767	2039	7.36e-20	94.4
PfKH01_000005050|DBLa|1|92|482	PH0279-C.g23	23.948	309	184	9	46	326	1264	1549	1.37e-12	72.0
PfKH01_000005050|DBLa|1|92|482	PH0279-C.g23	25.743	202	124	6	115	315	2918	3094	2.88e-09	61.6
PfKH01_000005050|DBLa|1|92|482	QE0437-C.g230	100.000	391	0	0	1	391	68	458	0.0	812
PfKH01_000005050|DBLa|1|92|482	QE0437-C.g230	28.856	402	229	15	7	383	2405	2774	2.87e-33	134
PfKH01_000005050|DBLa|1|92|482	QE0437-C.g230	31.579	304	160	13	56	344	860	1130	3.49e-29	122
PfKH01_000005050|DBLa|1|92|482	QE0437-C.g230	29.655	290	174	11	115	391	1761	2033	7.56e-20	94.4
PfKH01_000005050|DBLa|1|92|482	QE0437-C.g230	23.948	309	184	9	46	326	1258	1543	1.40e-12	72.0
PfKH01_000005050|DBLa|1|92|482	QE0437-C.g230	25.743	202	124	6	115	315	2912	3088	3.01e-09	61.6
PfKH01_000005050|DBLa|1|92|482	PA0041-C.g684	99.233	391	3	0	1	391	69	459	0.0	808
PfKH01_000005050|DBLa|1|92|482	PA0041-C.g684	31.322	348	178	16	17	344	825	1131	1.76e-30	126
PfKH01_000005050|DBLa|1|92|482	PA0041-C.g684	31.119	286	140	11	56	322	2430	2677	5.46e-29	121
PfKH01_000005050|DBLa|1|92|482	PA0041-C.g684	28.125	384	199	15	53	391	1667	2018	1.83e-22	102
PfKH01_000005050|DBLa|1|92|482	PA0041-C.g684	23.642	313	183	10	46	326	1259	1547	9.01e-11	66.2
PfKH01_000005050|DBLa|1|92|482	PA0041-C.g684	23.288	292	185	8	37	315	2803	3068	9.61e-08	57.0
PfKH01_000005050|DBLa|1|92|482	PD0511-C.g801	98.721	391	5	0	1	391	68	458	0.0	803
PfKH01_000005050|DBLa|1|92|482	PD0511-C.g801	30.423	355	174	15	17	344	824	1132	9.39e-31	127
PfKH01_000005050|DBLa|1|92|482	PD0511-C.g801	29.526	359	182	12	56	383	2416	2734	2.86e-30	125
PfKH01_000005050|DBLa|1|92|482	PD0511-C.g801	27.119	295	176	5	115	391	1741	2014	3.50e-27	116
PfKH01_000005050|DBLa|1|92|482	PD0511-C.g801	25.874	286	158	12	54	313	1261	1518	9.66e-13	72.4
PfKH01_000005050|DBLa|1|92|482	PD0511-C.g801	23.288	292	185	8	37	315	2789	3054	1.06e-07	56.6
PfKH01_000005050|DBLa|1|92|482	QE0459-C.g716	93.182	396	22	2	1	391	69	464	0.0	739
PfKH01_000005050|DBLa|1|92|482	QE0459-C.g716	30.446	381	189	16	19	368	831	1166	3.72e-32	131
PfKH01_000005050|DBLa|1|92|482	QE0459-C.g716	29.620	395	212	19	8	383	2410	2757	2.70e-30	125
PfKH01_000005050|DBLa|1|92|482	QE0459-C.g716	27.458	295	175	5	115	391	1767	2040	3.85e-27	116
PfKH01_000005050|DBLa|1|92|482	QE0459-C.g716	25.943	212	137	5	115	326	2895	3086	1.60e-10	65.5
PfKH01_000005050|DBLa|1|92|482	QE0459-C.g716	23.675	283	150	15	53	298	1270	1523	7.40e-08	57.4
PfKH01_000005050|CIDRa|1|483|734	PM0098-C.g1102	100.000	252	0	0	1	252	470	721	9.84e-171	524
PfKH01_000005050|CIDRa|1|483|734	PM0098-C.g1102	26.613	124	90	1	39	162	2078	2200	2.71e-07	53.5
PfKH01_000005050|CIDRa|1|483|734	PA0041-C.g684	100.000	252	0	0	1	252	460	711	1.55e-170	523
PfKH01_000005050|CIDRa|1|483|734	PA0041-C.g684	25.490	204	146	5	39	239	2059	2259	7.59e-08	55.5
PfKH01_000005050|CIDRa|1|483|734	PH0279-C.g23	100.000	252	0	0	1	252	459	710	2.22e-170	523
PfKH01_000005050|CIDRa|1|483|734	PH0279-C.g23	25.854	205	133	6	38	233	2078	2272	1.57e-08	57.4
PfKH01_000005050|CIDRa|1|483|734	QE0437-C.g230	100.000	252	0	0	1	252	459	710	2.26e-170	523
PfKH01_000005050|CIDRa|1|483|734	QE0437-C.g230	25.854	205	133	6	38	233	2072	2266	1.58e-08	57.4
PfKH01_000005050|CIDRa|1|483|734	PV0088-C.g84	91.667	252	21	0	1	252	465	716	6.58e-152	452
PfKH01_000005050|DBLg|1|903|1255	PH0279-C.g41	100.000	353	0	0	1	353	803	1155	0.0	728
PfKH01_000005050|DBLg|1|903|1255	PH0279-C.g41	37.353	340	162	9	1	293	1160	1495	2.52e-55	197
PfKH01_000005050|DBLg|1|903|1255	PH0279-C.g41	25.352	284	156	12	45	299	1966	2222	2.63e-10	64.3
PfKH01_000005050|DBLg|1|903|1255	PH0279-C.g41	25.328	229	134	9	42	251	127	337	7.79e-10	63.2
PfKH01_000005050|DBLg|1|903|1255	PV0138-C.g7	98.867	353	4	0	1	353	841	1193	0.0	723
PfKH01_000005050|DBLg|1|903|1255	PV0138-C.g7	36.364	352	159	10	1	293	1198	1543	8.34e-52	187
PfKH01_000005050|DBLg|1|903|1255	PV0138-C.g7	22.028	286	159	8	31	277	117	377	5.71e-09	60.5
PfKH01_000005050|DBLg|1|903|1255	PV0138-C.g7	24.535	269	138	11	40	276	2013	2248	6.85e-07	53.9
PfKH01_000005050|DBLg|1|903|1255	PV0098-C.g49	98.867	353	4	0	1	353	544	896	0.0	723
PfKH01_000005050|DBLg|1|903|1255	PV0098-C.g49	36.364	352	159	10	1	293	901	1246	9.29e-52	187
PfKH01_000005050|DBLg|1|903|1255	PV0098-C.g49	24.535	269	138	11	40	276	1716	1951	5.74e-07	53.9
PfKH01_000005050|DBLg|1|903|1255	PV0084-C.g37	98.867	353	4	0	1	353	841	1193	0.0	723
PfKH01_000005050|DBLg|1|903|1255	PV0084-C.g37	36.364	352	159	10	1	293	1198	1543	8.34e-52	187
PfKH01_000005050|DBLg|1|903|1255	PV0084-C.g37	22.028	286	159	8	31	277	117	377	5.71e-09	60.5
PfKH01_000005050|DBLg|1|903|1255	PV0084-C.g37	24.535	269	138	11	40	276	2013	2248	6.85e-07	53.9
PfKH01_000005050|DBLg|1|903|1255	PV0112-C.g45	98.867	353	4	0	1	353	470	822	0.0	719
PfKH01_000005050|DBLg|1|903|1255	PV0112-C.g45	36.364	352	159	10	1	293	827	1172	7.66e-52	187
PfKH01_000005050|DBLg|1|903|1255	PV0112-C.g45	24.535	269	138	11	40	276	1642	1877	5.48e-07	53.9
PfKH01_000005050|DBLd|1|1260|1669	PF0119-C.g1048	82.439	410	61	4	1	410	1198	1596	0.0	677
PfKH01_000005050|DBLd|1|1260|1669	PF0119-C.g1048	25.397	441	239	15	15	410	70	465	3.34e-27	117
PfKH01_000005050|DBLd|1|1260|1669	PF0119-C.g1048	24.907	269	144	8	135	382	2069	2300	2.99e-10	65.1
PfKH01_000005050|DBLd|1|1260|1669	PF0119-C.g1048	26.562	256	112	14	130	356	902	1110	9.73e-07	53.9
PfKH01_000005050|DBLd|1|1260|1669	PH0643-C.g185	81.553	412	67	5	1	410	1321	1725	0.0	661
PfKH01_000005050|DBLd|1|1260|1669	PH0643-C.g185	30.052	386	203	12	1	363	2490	2831	4.12e-40	155
PfKH01_000005050|DBLd|1|1260|1669	PH0643-C.g185	26.651	439	213	16	46	410	120	523	1.93e-21	99.8
PfKH01_000005050|DBLd|1|1260|1669	PH0643-C.g185	22.159	352	170	14	47	377	2140	2408	2.45e-10	65.1
PfKH01_000005050|DBLd|1|1260|1669	PH0643-C.g185	22.466	365	200	13	1	349	868	1165	1.54e-08	59.7
PfKH01_000005050|DBLd|1|1260|1669	QE0429-C.g91	80.049	411	72	4	1	410	1636	2037	0.0	657
PfKH01_000005050|DBLd|1|1260|1669	QE0429-C.g91	35.465	344	171	13	1	340	1272	1568	1.81e-49	182
PfKH01_000005050|DBLd|1|1260|1669	QE0429-C.g91	27.458	295	183	8	137	410	187	471	2.94e-25	111
PfKH01_000005050|DBLd|1|1260|1669	QE0429-C.g91	24.324	222	118	10	135	340	898	1085	1.37e-07	56.6
PfKH01_000005050|DBLd|1|1260|1669	PT0144-C.g146	77.913	412	78	6	1	410	1112	1512	0.0	620
PfKH01_000005050|DBLd|1|1260|1669	PT0144-C.g146	35.366	328	171	11	1	326	2295	2583	4.00e-47	175
PfKH01_000005050|DBLd|1|1260|1669	PT0144-C.g146	26.410	390	221	10	1	383	748	1078	1.56e-34	138
PfKH01_000005050|DBLd|1|1260|1669	PT0144-C.g146	26.716	408	226	12	28	410	102	461	1.49e-26	115
PfKH01_000005050|DBLd|1|1260|1669	PT0117-C.g687	77.913	412	78	6	1	410	1140	1540	0.0	619
PfKH01_000005050|DBLd|1|1260|1669	PT0117-C.g687	35.366	328	171	11	1	326	2323	2611	4.24e-47	175
PfKH01_000005050|DBLd|1|1260|1669	PT0117-C.g687	26.410	390	221	10	1	383	776	1106	1.71e-34	138
PfKH01_000005050|DBLd|1|1260|1669	PT0117-C.g687	25.180	417	214	12	47	410	118	489	1.47e-21	100
PfKH01_000005050|CIDRb|1|1670|1925	PH0279-C.g86	100.000	256	0	0	1	256	370	625	3.78e-178	525
PfKH01_000005050|CIDRb|1|1670|1925	QE0429-C.g91	100.000	256	0	0	1	256	2038	2293	4.04e-171	525
PfKH01_000005050|CIDRb|1|1670|1925	QE0429-C.g91	23.346	257	182	6	1	250	472	720	1.28e-08	57.8
PfKH01_000005050|CIDRb|1|1670|1925	PF0119-C.g1048	100.000	256	0	0	1	256	1597	1852	5.67e-171	523
PfKH01_000005050|CIDRb|1|1670|1925	PF0119-C.g1048	24.521	261	170	9	1	248	466	712	4.47e-07	53.1
PfKH01_000005050|CIDRb|1|1670|1925	PH0643-C.g185	100.000	256	0	0	1	256	1726	1981	8.42e-171	524
PfKH01_000005050|CIDRb|1|1670|1925	PT0144-C.g146	100.000	256	0	0	1	256	1513	1768	1.92e-170	523
PfKH01_000005050|DBLb|1|1958|2423	QE0437-C.g230	100.000	466	0	0	1	466	2323	2788	0.0	969
PfKH01_000005050|DBLb|1|1958|2423	QE0437-C.g230	45.491	499	217	15	1	466	730	1206	1.41e-114	373
PfKH01_000005050|DBLb|1|1958|2423	QE0437-C.g230	27.542	472	269	18	14	452	19	450	1.68e-33	137
PfKH01_000005050|DBLb|1|1958|2423	QE0437-C.g230	24.000	375	232	9	121	466	1261	1611	2.78e-21	100
PfKH01_000005050|DBLb|1|1958|2423	QE0437-C.g230	25.890	309	171	11	116	396	2828	3106	3.27e-16	84.3
PfKH01_000005050|DBLb|1|1958|2423	PH0279-C.g23	100.000	466	0	0	1	466	2329	2794	0.0	969
PfKH01_000005050|DBLb|1|1958|2423	PH0279-C.g23	41.905	525	204	16	1	466	730	1212	9.88e-110	359
PfKH01_000005050|DBLb|1|1958|2423	PH0279-C.g23	27.542	472	269	18	14	452	19	450	1.63e-33	137
PfKH01_000005050|DBLb|1|1958|2423	PH0279-C.g23	24.000	375	232	9	121	466	1267	1617	2.70e-21	100
PfKH01_000005050|DBLb|1|1958|2423	PH0279-C.g23	26.214	309	170	13	116	396	2834	3112	3.15e-16	84.3
PfKH01_000005050|DBLb|1|1958|2423	PT0195-Cx.g16	73.517	472	117	5	1	466	2279	2748	0.0	677
PfKH01_000005050|DBLb|1|1958|2423	PT0195-Cx.g16	45.276	508	201	11	1	466	730	1202	4.94e-116	377
PfKH01_000005050|DBLb|1|1958|2423	PT0195-Cx.g16	32.343	303	160	11	83	369	75	348	2.64e-32	133
PfKH01_000005050|DBLb|1|1958|2423	PT0195-Cx.g16	28.378	296	150	10	116	375	2788	3057	6.14e-25	111
PfKH01_000005050|DBLb|1|1958|2423	PT0195-Cx.g16	24.272	309	164	11	130	404	1273	1545	9.21e-13	73.6
PfKH01_000005050|DBLb|1|1958|2423	PF0288-C.g77	68.936	470	134	6	1	466	2218	2679	0.0	648
PfKH01_000005050|DBLb|1|1958|2423	PF0288-C.g77	47.153	439	163	16	49	466	774	1164	7.11e-105	345
PfKH01_000005050|DBLb|1|1958|2423	PF0288-C.g77	30.696	316	171	11	131	416	134	431	1.68e-30	128
PfKH01_000005050|DBLb|1|1958|2423	PF0288-C.g77	24.746	295	164	11	130	396	2735	2999	1.05e-11	70.1
PfKH01_000005050|DBLb|1|1958|2423	PF0288-C.g77	25.248	202	113	7	130	316	1230	1408	1.54e-10	66.2
PfKH01_000005050|DBLb|1|1958|2423	PF0288-C.g77	23.837	344	170	13	126	408	1575	1887	7.81e-09	60.8
PfKH01_000005050|DBLb|1|1958|2423	PF0122-C.g42	67.521	468	135	8	1	466	2284	2736	0.0	629
PfKH01_000005050|DBLb|1|1958|2423	PF0122-C.g42	41.992	512	218	18	1	466	731	1209	6.25e-107	351
PfKH01_000005050|DBLb|1|1958|2423	PF0122-C.g42	29.930	431	236	19	12	409	13	410	5.13e-33	135
PfKH01_000005050|DBLb|1|1958|2423	PF0122-C.g42	26.950	282	144	10	130	375	2792	3047	1.75e-19	94.4
PfKH01_000005050|DBLb|1|1958|2423	PF0122-C.g42	26.570	207	122	8	130	316	1278	1474	6.09e-09	61.2
PfKH01_000005050|DBLb|1|1958|2423	PF0122-C.g42	22.152	316	154	13	126	376	1641	1929	1.19e-08	60.5
PfKH01_000028300|NTS|1|1|58	PV0081-C.g32	100.000	58	0	0	1	58	1	58	5.06e-33	120
PfKH01_000028300|NTS|1|1|58	PV0288-C.g10	100.000	58	0	0	1	58	1	58	5.21e-33	120
PfKH01_000028300|NTS|1|1|58	QE0412-C.g159	100.000	58	0	0	1	58	1	58	5.42e-33	120
PfKH01_000028300|NTS|1|1|58	PH0704-C.g353	100.000	58	0	0	1	58	1	58	5.58e-33	120
PfKH01_000028300|NTS|1|1|58	QE0471-C.g42	100.000	58	0	0	1	58	1	58	1.33e-32	119
PfKH01_000028300|DBLa|1|59|467	QE0412-C.g159	100.000	409	0	0	1	409	59	467	0.0	845
PfKH01_000028300|DBLa|1|59|467	QE0412-C.g159	30.837	227	124	4	53	265	849	1056	7.94e-31	127
PfKH01_000028300|DBLa|1|59|467	QE0412-C.g159	31.803	305	156	12	115	409	1759	2021	4.93e-25	110
PfKH01_000028300|DBLa|1|59|467	QE0412-C.g159	22.955	379	212	12	19	370	1249	1574	2.22e-14	77.8
PfKH01_000028300|DBLa|1|59|467	PV0288-C.g10	100.000	409	0	0	1	409	59	467	0.0	845
PfKH01_000028300|DBLa|1|59|467	PV0288-C.g10	30.837	227	124	4	53	265	849	1056	7.53e-31	127
PfKH01_000028300|DBLa|1|59|467	PV0288-C.g10	31.475	305	157	12	115	409	1759	2021	2.00e-24	108
PfKH01_000028300|DBLa|1|59|467	PV0288-C.g10	22.955	379	212	12	19	370	1249	1574	2.06e-14	77.8
PfKH01_000028300|DBLa|1|59|467	PH0704-C.g353	100.000	409	0	0	1	409	59	467	0.0	845
PfKH01_000028300|DBLa|1|59|467	PH0704-C.g353	30.837	227	124	4	53	265	849	1056	8.02e-31	127
PfKH01_000028300|DBLa|1|59|467	PH0704-C.g353	22.955	379	212	12	19	370	1249	1574	2.37e-14	77.8
PfKH01_000028300|DBLa|1|59|467	PH0704-C.g353	25.902	305	144	12	115	409	1759	1991	4.99e-11	67.4
PfKH01_000028300|DBLa|1|59|467	PV0081-C.g32	100.000	409	0	0	1	409	59	467	0.0	844
PfKH01_000028300|DBLa|1|59|467	PV0081-C.g32	30.837	227	124	4	53	265	849	1056	7.96e-31	127
PfKH01_000028300|DBLa|1|59|467	PV0081-C.g32	31.475	305	157	12	115	409	1759	2021	1.97e-24	108
PfKH01_000028300|DBLa|1|59|467	PV0081-C.g32	22.955	379	212	12	19	370	1249	1574	1.93e-14	78.2
PfKH01_000028300|DBLa|1|59|467	PH0279-C.g102	100.000	409	0	0	1	409	59	467	0.0	844
PfKH01_000028300|DBLa|1|59|467	PH0279-C.g102	30.837	227	124	4	53	265	849	1056	1.02e-30	127
PfKH01_000028300|CIDRa|1|468|717	PH0279-C.g102	100.000	250	0	0	1	250	468	717	6.88e-175	514
PfKH01_000028300|CIDRa|1|468|717	PH0704-C.g353	100.000	250	0	0	1	250	468	717	4.01e-168	515
PfKH01_000028300|CIDRa|1|468|717	PH0704-C.g353	21.862	247	182	6	1	240	1992	2234	3.05e-08	56.6
PfKH01_000028300|CIDRa|1|468|717	QE0412-C.g159	100.000	250	0	0	1	250	468	717	6.81e-168	515
PfKH01_000028300|CIDRa|1|468|717	QE0412-C.g159	21.862	247	182	6	1	240	2022	2264	3.58e-08	56.2
PfKH01_000028300|CIDRa|1|468|717	PV0288-C.g10	100.000	250	0	0	1	250	468	717	8.43e-168	514
PfKH01_000028300|CIDRa|1|468|717	PV0288-C.g10	21.862	247	182	6	1	240	2022	2264	2.81e-08	56.6
PfKH01_000028300|CIDRa|1|468|717	PV0081-C.g32	100.000	250	0	0	1	250	468	717	1.03e-167	514
PfKH01_000028300|CIDRa|1|468|717	PV0081-C.g32	21.862	247	182	6	1	240	2022	2264	3.28e-08	56.2
PfKH01_000028300|DBLb|1|737|1188	QE0412-C.g159	71.310	481	104	10	1	452	737	1212	0.0	672
PfKH01_000028300|DBLb|1|737|1188	QE0412-C.g159	28.764	445	237	18	6	396	3	421	1.00e-31	131
PfKH01_000028300|DBLb|1|737|1188	QE0412-C.g159	26.133	375	205	12	112	452	1279	1615	1.48e-23	106
PfKH01_000028300|DBLb|1|737|1188	PH0704-C.g353	71.310	481	104	10	1	452	737	1212	0.0	672
PfKH01_000028300|DBLb|1|737|1188	PH0704-C.g353	28.764	445	237	18	6	396	3	421	1.17e-31	131
PfKH01_000028300|DBLb|1|737|1188	PH0704-C.g353	26.133	375	205	12	112	452	1279	1615	1.39e-23	106
PfKH01_000028300|DBLb|1|737|1188	PV0288-C.g10	71.310	481	104	10	1	452	737	1212	0.0	671
PfKH01_000028300|DBLb|1|737|1188	PV0288-C.g10	28.764	445	237	18	6	396	3	421	1.21e-31	131
PfKH01_000028300|DBLb|1|737|1188	PV0288-C.g10	26.075	372	209	11	112	452	1279	1615	1.41e-23	106
PfKH01_000028300|DBLb|1|737|1188	PV0081-C.g32	71.310	481	104	10	1	452	737	1212	0.0	671
PfKH01_000028300|DBLb|1|737|1188	PV0081-C.g32	28.764	445	237	18	6	396	3	421	1.15e-31	131
PfKH01_000028300|DBLb|1|737|1188	PV0081-C.g32	26.133	375	205	12	112	452	1279	1615	1.45e-23	106
PfKH01_000028300|DBLb|1|737|1188	SenT001.08.g501	71.310	481	104	10	1	452	61	536	0.0	670
PfKH01_000028300|DBLb|1|737|1188	SenT001.08.g501	26.133	375	205	12	112	452	603	939	1.26e-23	106
PfKH01_000028300|DBLg|1|1206|1591	QE0412-C.g159	100.000	386	0	0	1	386	1230	1615	0.0	799
PfKH01_000028300|DBLg|1|1206|1591	QE0412-C.g159	41.944	360	173	7	1	330	1624	1977	1.91e-75	256
PfKH01_000028300|DBLg|1|1206|1591	QE0412-C.g159	26.463	393	205	15	50	386	848	1212	2.34e-21	99.0
PfKH01_000028300|DBLg|1|1206|1591	QE0412-C.g159	22.835	381	214	12	18	345	75	428	2.22e-14	77.4
PfKH01_000028300|DBLg|1|1206|1591	PH0704-C.g353	100.000	386	0	0	1	386	1230	1615	0.0	799
PfKH01_000028300|DBLg|1|1206|1591	PH0704-C.g353	41.210	347	164	7	1	330	1624	1947	1.06e-67	234
PfKH01_000028300|DBLg|1|1206|1591	PH0704-C.g353	26.463	393	205	15	50	386	848	1212	2.19e-21	99.0
PfKH01_000028300|DBLg|1|1206|1591	PH0704-C.g353	22.835	381	214	12	18	345	75	428	1.84e-14	77.8
PfKH01_000028300|DBLg|1|1206|1591	PV0288-C.g10	100.000	386	0	0	1	386	1230	1615	0.0	798
PfKH01_000028300|DBLg|1|1206|1591	PV0288-C.g10	41.944	360	173	7	1	330	1624	1977	2.89e-75	256
PfKH01_000028300|DBLg|1|1206|1591	PV0288-C.g10	26.463	393	205	15	50	386	848	1212	2.41e-21	99.0
PfKH01_000028300|DBLg|1|1206|1591	PV0288-C.g10	22.835	381	214	12	18	345	75	428	1.91e-14	77.8
PfKH01_000028300|DBLg|1|1206|1591	PV0081-C.g32	100.000	386	0	0	1	386	1230	1615	0.0	798
PfKH01_000028300|DBLg|1|1206|1591	PV0081-C.g32	41.944	360	173	7	1	330	1624	1977	2.83e-75	256
PfKH01_000028300|DBLg|1|1206|1591	PV0081-C.g32	26.463	393	205	15	50	386	848	1212	2.02e-21	99.0
PfKH01_000028300|DBLg|1|1206|1591	PV0081-C.g32	22.835	381	214	12	18	345	75	428	1.93e-14	77.8
PfKH01_000028300|DBLg|1|1206|1591	SenT001.08.g501	99.741	386	1	0	1	386	554	939	0.0	796
PfKH01_000028300|DBLg|1|1206|1591	SenT001.08.g501	52.261	199	83	2	1	189	948	1144	5.58e-59	209
PfKH01_000028300|DBLg|1|1206|1591	SenT001.08.g501	26.463	393	205	15	50	386	172	536	1.11e-21	99.8
PfKH01_000028300|DBLd|1|1600|1998	PV0288-C.g10	78.947	399	83	1	1	399	1624	2021	0.0	624
PfKH01_000028300|DBLd|1|1600|1998	PV0288-C.g10	41.019	373	169	8	1	367	1230	1557	8.42e-73	249
PfKH01_000028300|DBLd|1|1600|1998	PV0288-C.g10	31.392	309	159	12	133	399	170	467	8.98e-26	112
PfKH01_000028300|DBLd|1|1600|1998	PV0288-C.g10	23.372	261	139	7	131	369	920	1141	1.78e-07	55.8
PfKH01_000028300|DBLd|1|1600|1998	PV0081-C.g32	78.947	399	83	1	1	399	1624	2021	0.0	624
PfKH01_000028300|DBLd|1|1600|1998	PV0081-C.g32	43.109	341	157	7	1	335	1230	1539	8.03e-73	249
PfKH01_000028300|DBLd|1|1600|1998	PV0081-C.g32	31.392	309	159	12	133	399	170	467	8.90e-26	112
PfKH01_000028300|DBLd|1|1600|1998	PV0081-C.g32	23.372	261	139	7	131	369	920	1141	1.91e-07	55.8
PfKH01_000028300|DBLd|1|1600|1998	PF0467-C.g113	78.947	399	83	1	1	399	1648	2045	0.0	624
PfKH01_000028300|DBLd|1|1600|1998	PF0467-C.g113	34.593	344	178	7	1	335	1258	1563	5.36e-52	189
PfKH01_000028300|DBLd|1|1600|1998	PF0467-C.g113	27.833	406	230	12	36	399	69	453	2.21e-32	132
PfKH01_000028300|DBLd|1|1600|1998	QE0412-C.g159	78.697	399	84	1	1	399	1624	2021	0.0	623
PfKH01_000028300|DBLd|1|1600|1998	QE0412-C.g159	43.109	341	157	7	1	335	1230	1539	6.67e-73	250
PfKH01_000028300|DBLd|1|1600|1998	QE0412-C.g159	31.392	309	159	12	133	399	170	467	1.12e-25	112
PfKH01_000028300|DBLd|1|1600|1998	QE0412-C.g159	23.372	261	139	7	131	369	920	1141	2.00e-07	55.8
PfKH01_000028300|DBLd|1|1600|1998	PFKE07.g955	77.945	399	87	1	1	399	1625	2022	0.0	615
PfKH01_000028300|DBLd|1|1600|1998	PFKE07.g955	43.258	356	146	13	20	367	1251	1558	7.92e-71	244
PfKH01_000028300|DBLd|1|1600|1998	PFKE07.g955	29.167	408	210	16	36	399	107	479	3.19e-25	110
PfKH01_000028300|DBLd|1|1600|1998	PFKE07.g955	23.510	302	159	12	50	330	862	1112	1.01e-09	63.2
PfKH01_000028300|CIDRb|1|1999|2252	PA0053-C.g602	100.000	254	0	0	1	254	611	864	9.55e-177	514
PfKH01_000028300|CIDRb|1|1999|2252	PT0158-C.g47	100.000	254	0	0	1	254	387	640	2.64e-176	519
PfKH01_000028300|CIDRb|1|1999|2252	PV0023-C.g123	100.000	254	0	0	1	254	440	693	2.72e-176	517
PfKH01_000028300|CIDRb|1|1999|2252	PM0015-C.g49	100.000	254	0	0	1	254	1004	1257	2.78e-173	515
PfKH01_000028300|CIDRb|1|1999|2252	QG0295-C.g2472	100.000	254	0	0	1	254	1040	1293	2.87e-172	516
PfKH01_000028300|CIDRb|1|1999|2252	QG0295-C.g2472	27.660	141	93	5	111	248	1	135	9.82e-08	55.1
PfKH01_000028300|ATS|1|2381|2840	PH0279-C.g28	95.699	465	10	2	1	455	1252	1716	0.0	886
PfKH01_000028300|ATS|1|2381|2840	QE0463-C.g98	95.000	460	17	2	1	460	2522	2975	0.0	883
PfKH01_000028300|ATS|1|2381|2840	QG0216-C.g443	95.000	460	17	2	1	460	1757	2210	0.0	880
PfKH01_000028300|ATS|1|2381|2840	QE0456-C.g1156	95.000	460	17	2	1	460	811	1264	0.0	878
PfKH01_000028300|ATS|1|2381|2840	QE0436-C.g32	95.000	460	17	2	1	460	721	1174	0.0	873
PfKH01_000028700|NTS|1|1|67	PV0229-C.g70	100.000	67	0	0	1	67	1	67	2.53e-40	141
PfKH01_000028700|NTS|1|1|67	PV0081-C.g47	100.000	67	0	0	1	67	1	67	2.53e-40	141
PfKH01_000028700|NTS|1|1|67	PD0461-C.g705	100.000	67	0	0	1	67	1	67	3.02e-40	141
PfKH01_000028700|NTS|1|1|67	PD0541-C.g517	100.000	67	0	0	1	67	1	67	3.36e-40	141
PfKH01_000028700|NTS|1|1|67	QG0280-C.g1280	95.522	67	3	0	1	67	1	67	1.20e-38	136
PfKH01_000028700|DBLa|1|68|475	PV0229-C.g70	100.000	408	0	0	1	408	68	475	0.0	854
PfKH01_000028700|DBLa|1|68|475	PV0229-C.g70	26.316	342	179	12	118	408	1089	1408	7.25e-12	70.1
PfKH01_000028700|DBLa|1|68|475	PV0081-C.g47	100.000	408	0	0	1	408	68	475	0.0	854
PfKH01_000028700|DBLa|1|68|475	PV0081-C.g47	26.316	342	179	12	118	408	1089	1408	7.25e-12	70.1
PfKH01_000028700|DBLa|1|68|475	PD0461-C.g705	100.000	408	0	0	1	408	68	475	0.0	853
PfKH01_000028700|DBLa|1|68|475	PD0461-C.g705	31.852	135	73	5	205	326	1207	1335	5.41e-10	63.9
PfKH01_000028700|DBLa|1|68|475	PD0541-C.g517	95.588	408	1	1	1	408	68	458	0.0	809
PfKH01_000028700|DBLa|1|68|475	PD0541-C.g517	31.852	135	73	5	205	326	1190	1318	5.45e-10	63.9
PfKH01_000028700|DBLa|1|68|475	PH0815-C.g151	83.014	418	51	5	1	408	68	475	0.0	680
PfKH01_000028700|DBLa|1|68|475	PH0815-C.g151	23.179	302	157	9	46	313	875	1135	1.82e-09	62.4
PfKH01_000028700|CIDRa|1|476|781	PV0229-C.g70	100.000	306	0	0	1	306	476	781	0.0	635
PfKH01_000028700|CIDRa|1|476|781	PV0081-C.g47	100.000	306	0	0	1	306	476	781	0.0	635
PfKH01_000028700|CIDRa|1|476|781	PD0541-C.g517	100.000	306	0	0	1	306	459	764	0.0	634
PfKH01_000028700|CIDRa|1|476|781	PD0541-C.g517	39.706	68	41	0	143	210	1485	1552	4.02e-08	57.0
PfKH01_000028700|CIDRa|1|476|781	PD0461-C.g705	100.000	306	0	0	1	306	476	781	0.0	634
PfKH01_000028700|CIDRa|1|476|781	PD0461-C.g705	39.706	68	41	0	143	210	1502	1569	3.95e-08	57.0
PfKH01_000028700|CIDRa|1|476|781	PM0060-C.g785	95.425	306	14	0	1	306	469	774	0.0	604
PfKH01_000028700|DBLd|1|871|1409	PH0279-C.g107	100.000	403	0	0	137	539	1	403	0.0	844
PfKH01_000028700|DBLd|1|871|1409	PD0541-C.g517	58.318	547	193	8	1	539	854	1373	1.61e-179	553
PfKH01_000028700|DBLd|1|871|1409	PD0541-C.g517	24.841	314	152	12	252	539	203	458	5.84e-12	71.2
PfKH01_000028700|DBLd|1|871|1409	PD0461-C.g705	58.318	547	193	8	1	539	871	1390	2.31e-179	553
PfKH01_000028700|DBLd|1|871|1409	PD0461-C.g705	26.899	316	160	12	252	539	203	475	3.81e-17	87.8
PfKH01_000028700|DBLd|1|871|1409	QE0398-C.g5	52.651	547	177	11	1	539	471	943	7.08e-173	525
PfKH01_000028700|DBLd|1|871|1409	QE0398-C.g5	35.294	119	53	4	445	539	1	119	2.36e-08	59.7
PfKH01_000028700|DBLd|1|871|1409	PV0229-C.g70	57.726	563	189	13	1	539	871	1408	1.23e-161	504
PfKH01_000028700|DBLd|1|871|1409	PV0229-C.g70	26.899	316	160	12	252	539	203	475	4.69e-17	87.4
PfKH01_000028700|CIDRb|1|1410|1662	PH0279-C.g107	100.000	253	0	0	1	253	404	656	1.17e-176	516
PfKH01_000028700|CIDRb|1|1410|1662	SenT230.08.g624	98.419	253	4	0	1	253	306	558	2.12e-172	506
PfKH01_000028700|CIDRb|1|1410|1662	PH0815-C.g915	98.814	253	3	0	1	253	1377	1629	5.07e-168	508
PfKH01_000028700|CIDRb|1|1410|1662	PH0778-C.g669	98.814	253	3	0	1	253	1377	1629	5.07e-168	508
PfKH01_000028700|CIDRb|1|1410|1662	PT0034-C.g60	98.419	253	4	0	1	253	2009	2261	9.57e-164	504
PfKH01_000028700|ATS|1|1779|2256	PFKE12.g465	73.633	512	79	5	1	478	1773	2262	0.0	728
PfKH01_000028700|ATS|1|1779|2256	PV0239-C.g10	73.796	519	74	8	1	478	3361	3858	0.0	724
PfKH01_000028700|ATS|1|1779|2256	QE0436-C.g670	72.656	512	94	10	6	478	1712	2216	0.0	674
PfKH01_000028700|ATS|1|1779|2256	PfKE03.g242	72.267	494	99	5	1	478	1361	1832	0.0	668
PfKH01_000028700|ATS|1|1779|2256	QE0475-C.g596	74.849	497	70	9	1	478	1737	2197	0.0	667
PfKH01_000028900|NTS|1|1|56	PH0279-C.g36	100.000	56	0	0	1	56	1	56	2.73e-30	112
PfKH01_000028900|NTS|1|1|56	QG0201-C.g355	94.643	56	3	0	1	56	1	56	1.56e-28	107
PfKH01_000028900|NTS|1|1|56	PA0220-C.g1068	94.643	56	3	0	1	56	1	56	1.97e-28	107
PfKH01_000028900|NTS|1|1|56	QG0200-C.g400	94.643	56	3	0	1	56	1	56	2.19e-28	106
PfKH01_000028900|NTS|1|1|56	PM0086-C.g129	96.429	56	2	0	1	56	1	56	2.25e-28	106
PfKH01_000028900|DBLa|1|57|455	PH0279-C.g36	100.000	399	0	0	1	399	57	455	0.0	832
PfKH01_000028900|DBLa|1|57|455	PH0279-C.g36	32.448	339	184	12	54	373	1213	1525	1.76e-34	138
PfKH01_000028900|DBLa|1|57|455	PH0279-C.g36	24.739	287	159	10	50	318	776	1023	3.49e-12	70.9
PfKH01_000028900|DBLa|1|57|455	PH0279-C.g36	27.103	214	106	7	105	318	1641	1804	3.78e-12	70.9
PfKH01_000028900|DBLa|1|57|455	PFKE11.g518	83.208	399	63	2	1	399	57	451	0.0	682
PfKH01_000028900|DBLa|1|57|455	PFKE11.g518	35.366	246	139	9	29	264	1205	1440	1.72e-30	126
PfKH01_000028900|DBLa|1|57|455	PFKE11.g518	26.792	265	136	10	54	318	1619	1825	2.20e-14	77.8
PfKH01_000028900|DBLa|1|57|455	PFKE11.g518	24.444	315	177	13	52	352	810	1077	2.11e-11	68.6
PfKH01_000028900|DBLa|1|57|455	PfKE02.g570	80.798	401	71	3	1	399	58	454	0.0	660
PfKH01_000028900|DBLa|1|57|455	PfKE02.g570	32.911	237	133	6	174	399	1821	2042	4.09e-29	122
PfKH01_000028900|DBLa|1|57|455	PfKE02.g570	26.190	294	163	11	49	321	1202	1462	4.72e-14	76.6
PfKH01_000028900|DBLa|1|57|455	PfKE02.g570	24.149	323	198	12	23	326	776	1070	2.64e-11	68.2
PfKH01_000028900|DBLa|1|57|455	QG0280-C.g626	80.201	399	75	3	1	399	57	451	0.0	647
PfKH01_000028900|DBLa|1|57|455	QG0280-C.g626	29.097	299	169	9	119	399	1679	1952	5.53e-23	103
PfKH01_000028900|DBLa|1|57|455	QG0280-C.g626	25.075	335	181	16	23	326	772	1067	2.61e-12	71.2
PfKH01_000028900|DBLa|1|57|455	QG0280-C.g626	25.168	298	164	10	41	320	1186	1442	1.81e-10	65.5
PfKH01_000028900|DBLa|1|57|455	PT0170-C.g168	77.694	399	84	4	1	399	57	450	0.0	630
PfKH01_000028900|DBLa|1|57|455	PT0170-C.g168	31.690	284	148	10	54	318	2316	2572	1.91e-29	123
PfKH01_000028900|DBLa|1|57|455	PT0170-C.g168	31.557	244	138	5	171	399	1713	1942	1.52e-27	117
PfKH01_000028900|DBLa|1|57|455	PT0170-C.g168	25.444	338	202	15	6	326	752	1056	1.40e-13	75.1
PfKH01_000028900|DBLa|1|57|455	PT0170-C.g168	28.571	210	114	8	44	253	2693	2866	2.89e-13	74.3
PfKH01_000028900|DBLa|1|57|455	PT0170-C.g168	26.174	298	164	11	41	320	1175	1434	1.04e-08	60.1
PfKH01_000028900|CIDRa|1|456|700	PH0279-C.g36	100.000	245	0	0	1	245	456	700	1.66e-164	503
PfKH01_000028900|CIDRa|1|456|700	PA0253-C.g593	90.244	246	20	2	1	245	61	303	1.65e-145	446
PfKH01_000028900|CIDRa|1|456|700	PC0047-C.g435	83.265	245	39	1	1	245	461	703	4.75e-124	389
PfKH01_000028900|CIDRa|1|456|700	QE0453-C.g854	78.367	245	51	1	1	245	457	699	1.99e-122	385
PfKH01_000028900|CIDRa|1|456|700	PA0084-C.g647	78.367	245	51	1	1	245	470	712	3.58e-122	384
PfKH01_000028900|DBLg|1|733|1110	PH0279-C.g36	100.000	378	0	0	1	378	733	1110	0.0	791
PfKH01_000028900|DBLg|1|733|1110	PH0279-C.g36	24.908	273	157	8	20	285	1567	1798	2.84e-18	89.4
PfKH01_000028900|DBLg|1|733|1110	PH0279-C.g36	24.739	287	159	10	44	291	106	374	1.56e-12	71.6
PfKH01_000028900|DBLg|1|733|1110	PH0279-C.g36	25.366	205	112	8	115	291	1270	1461	5.39e-07	54.3
PfKH01_000028900|DBLg|1|733|1110	QE0453-C.g854	83.636	385	55	4	1	378	757	1140	0.0	644
PfKH01_000028900|DBLg|1|733|1110	QE0453-C.g854	25.506	247	138	7	44	285	1623	1828	2.24e-17	86.7
PfKH01_000028900|DBLg|1|733|1110	QE0453-C.g854	22.939	279	170	9	44	291	112	376	4.31e-12	70.5
PfKH01_000028900|DBLg|1|733|1110	QG0258-C.g770	70.284	387	102	6	1	378	423	805	1.84e-176	535
PfKH01_000028900|DBLg|1|733|1110	QG0258-C.g770	22.936	327	196	10	4	317	1250	1533	1.32e-11	68.9
PfKH01_000028900|DBLg|1|733|1110	QG0258-C.g770	24.000	275	150	9	45	293	8	249	1.17e-08	59.7
PfKH01_000028900|DBLg|1|733|1110	PT0080-C.g731	68.702	393	106	8	1	378	1228	1618	3.69e-173	536
PfKH01_000028900|DBLg|1|733|1110	PT0080-C.g731	26.582	316	169	11	20	317	2075	2345	2.75e-16	83.2
PfKH01_000028900|DBLg|1|733|1110	PT0080-C.g731	22.517	302	185	7	45	313	129	414	1.17e-11	68.9
PfKH01_000028900|DBLg|1|733|1110	PT0080-C.g731	25.086	291	151	14	32	291	835	1089	2.53e-09	61.6
PfKH01_000028900|DBLg|1|733|1110	PM0019-C.g540	66.497	394	114	8	1	378	582	973	6.69e-173	512
PfKH01_000028900|DBLg|1|733|1110	PM0019-C.g540	26.346	353	189	14	4	321	127	443	1.52e-15	80.9
PfKH01_000028900|DBLz|1|1119|1542	PH0279-C.g36	100.000	424	0	0	1	424	1119	1542	0.0	879
PfKH01_000028900|DBLz|1|1119|1542	PH0279-C.g36	32.081	346	190	12	95	414	110	436	1.07e-37	148
PfKH01_000028900|DBLz|1|1119|1542	PH0279-C.g36	26.408	284	158	10	79	356	1578	1816	5.28e-18	89.4
PfKH01_000028900|DBLz|1|1119|1542	PH0279-C.g36	24.510	204	115	7	152	343	847	1023	7.67e-10	63.5
PfKH01_000028900|DBLz|1|1119|1542	QE0453-C.g854	93.868	424	26	0	1	424	1149	1572	0.0	796
PfKH01_000028900|DBLz|1|1119|1542	QE0453-C.g854	30.163	368	215	13	9	348	28	381	1.60e-34	139
PfKH01_000028900|DBLz|1|1119|1542	QE0453-C.g854	26.263	297	166	11	66	356	1597	1846	3.42e-18	89.7
PfKH01_000028900|DBLz|1|1119|1542	QE0453-C.g854	24.510	204	115	7	152	343	874	1050	7.66e-10	63.5
PfKH01_000028900|DBLz|1|1119|1542	PM0103-C.g101	90.164	427	39	1	1	424	1642	2068	0.0	786
PfKH01_000028900|DBLz|1|1119|1542	PM0103-C.g101	30.655	336	190	15	95	405	117	434	3.92e-28	120
PfKH01_000028900|DBLz|1|1119|1542	PM0103-C.g101	29.052	327	169	11	73	371	810	1101	4.27e-25	110
PfKH01_000028900|DBLz|1|1119|1542	PM0103-C.g101	25.449	334	203	12	66	392	2093	2387	1.38e-13	75.5
PfKH01_000028900|DBLz|1|1119|1542	PM0103-C.g101	24.731	279	152	11	94	343	1292	1541	6.22e-10	63.9
PfKH01_000028900|DBLz|1|1119|1542	PA0144-C.g22	90.164	427	39	1	1	424	1603	2029	0.0	786
PfKH01_000028900|DBLz|1|1119|1542	PA0144-C.g22	30.788	419	234	17	41	424	792	1189	3.23e-39	152
PfKH01_000028900|DBLz|1|1119|1542	PA0144-C.g22	33.716	261	143	8	95	329	120	376	1.78e-33	135
PfKH01_000028900|DBLz|1|1119|1542	PA0144-C.g22	25.466	322	196	11	78	392	2064	2348	2.69e-13	74.7
PfKH01_000028900|DBLz|1|1119|1542	PA0144-C.g22	23.656	279	155	10	94	343	1253	1502	2.10e-12	72.0
PfKH01_000028900|DBLz|1|1119|1542	PM0133-C.g190	88.993	427	44	1	1	424	1606	2032	0.0	780
PfKH01_000028900|DBLz|1|1119|1542	PM0133-C.g190	33.687	377	195	14	22	372	766	1113	5.16e-40	155
PfKH01_000028900|DBLz|1|1119|1542	PM0133-C.g190	32.971	276	151	9	95	343	119	387	1.22e-30	127
PfKH01_000028900|DBLz|1|1119|1542	PM0133-C.g190	27.500	280	157	11	78	352	2067	2305	7.74e-17	85.5
PfKH01_000028900|DBLz|1|1119|1542	PM0133-C.g190	26.330	376	196	19	94	424	1258	1597	1.06e-15	82.0
PfKH01_000028900|DBLe|1|1548|1861	PH0279-C.g36	100.000	314	0	0	1	314	1548	1861	0.0	652
PfKH01_000028900|DBLe|1|1548|1861	PH0279-C.g36	25.397	252	142	7	41	251	771	1017	7.00e-18	86.7
PfKH01_000028900|DBLe|1|1548|1861	PH0279-C.g36	26.148	283	158	11	32	269	1198	1474	9.14e-17	83.6
PfKH01_000028900|DBLe|1|1548|1861	PH0279-C.g36	27.103	214	106	7	94	257	161	374	3.24e-12	69.7
PfKH01_000028900|DBLe|1|1548|1861	PC0019-C.g4	93.949	314	19	0	1	314	975	1288	0.0	608
PfKH01_000028900|DBLe|1|1548|1861	PC0019-C.g4	27.315	216	113	9	32	208	624	834	2.45e-15	79.0
PfKH01_000028900|DBLe|1|1548|1861	PC0019-C.g4	24.096	249	143	6	45	251	194	438	2.38e-11	67.0
PfKH01_000028900|DBLe|1|1548|1861	QE0453-C.g854	93.949	314	19	0	1	314	1578	1891	0.0	600
PfKH01_000028900|DBLe|1|1548|1861	QE0453-C.g854	26.408	284	158	11	31	269	1227	1504	3.79e-17	84.7
PfKH01_000028900|DBLe|1|1548|1861	QE0453-C.g854	24.303	251	140	7	46	251	799	1044	3.43e-16	81.6
PfKH01_000028900|DBLe|1|1548|1861	QE0453-C.g854	27.586	232	116	9	78	257	145	376	2.23e-11	67.0
PfKH01_000028900|DBLe|1|1548|1861	PM0049-C.g45	92.675	314	20	2	1	314	2829	3139	0.0	592
PfKH01_000028900|DBLe|1|1548|1861	PM0049-C.g45	29.682	283	145	12	31	268	831	1104	1.73e-20	94.7
PfKH01_000028900|DBLe|1|1548|1861	PM0049-C.g45	26.923	286	155	12	32	269	2476	2755	5.30e-17	84.3
PfKH01_000028900|DBLe|1|1548|1861	PM0049-C.g45	24.847	326	180	12	44	311	2051	2369	4.21e-16	81.6
PfKH01_000028900|DBLe|1|1548|1861	PM0049-C.g45	27.632	228	120	7	33	216	95	321	7.31e-13	71.6
PfKH01_000028900|DBLe|1|1548|1861	PM0142-C.g746	92.038	314	22	2	1	314	2804	3114	0.0	588
PfKH01_000028900|DBLe|1|1548|1861	PM0142-C.g746	29.749	279	141	13	36	265	850	1122	5.67e-21	95.9
PfKH01_000028900|DBLe|1|1548|1861	PM0142-C.g746	23.962	313	168	8	42	288	2012	2320	6.08e-19	90.1
PfKH01_000028900|DBLe|1|1548|1861	PM0142-C.g746	25.701	214	119	7	32	208	2453	2663	3.05e-14	75.9
PfKH01_000028900|DBLe|1|1548|1861	PM0142-C.g746	23.891	293	145	11	37	257	108	394	1.46e-08	58.5
PfKH01_000028900|ATS|1|1921|2399	PD0561-C.g263	77.320	485	73	10	2	479	2425	2879	0.0	712
PfKH01_000028900|ATS|1|1921|2399	PV0239-C.g98	78.163	490	65	7	1	479	1284	1742	0.0	708
PfKH01_000028900|ATS|1|1921|2399	PV0239-C.g25	72.131	488	94	10	2	479	2130	2585	0.0	655
PfKH01_000028900|ATS|1|1921|2399	PD0497-C.g400	69.745	509	74	13	1	479	2487	2945	0.0	654
PfKH01_000028900|ATS|1|1921|2399	PFKE11.g708	72.074	487	83	10	2	479	1919	2361	0.0	654
PfKH01_000029300|NTS|1|1|58	PC0056-C.g391	100.000	58	0	0	1	58	1	58	3.75e-33	120
PfKH01_000029300|NTS|1|1|58	PV0256-C.g29	100.000	58	0	0	1	58	1	58	4.21e-33	120
PfKH01_000029300|NTS|1|1|58	PH0279-C.g93	100.000	58	0	0	1	58	1	58	7.42e-30	111
PfKH01_000029300|NTS|1|1|58	QG0204-C.g689	77.586	58	13	0	1	58	1	58	1.38e-21	87.4
PfKH01_000029300|NTS|1|1|58	SenT113.09.g482	75.862	58	14	0	1	58	1	58	2.25e-21	87.0
PfKH01_000029300|DBLa|1|59|477	PV0256-C.g29	100.000	419	0	0	1	419	59	477	0.0	878
PfKH01_000029300|DBLa|1|59|477	PV0256-C.g29	31.686	344	159	13	8	330	807	1095	1.27e-31	130
PfKH01_000029300|DBLa|1|59|477	PV0256-C.g29	31.449	283	156	10	134	397	1779	2042	2.69e-19	93.2
PfKH01_000029300|DBLa|1|59|477	PV0256-C.g29	23.611	288	169	9	50	330	1264	1507	2.17e-08	58.9
PfKH01_000029300|DBLa|1|59|477	PH0279-C.g93	100.000	419	0	0	1	419	59	477	0.0	874
PfKH01_000029300|DBLa|1|59|477	PH0279-C.g93	31.548	336	155	12	16	330	814	1095	1.04e-31	130
PfKH01_000029300|DBLa|1|59|477	PC0056-C.g391	99.045	419	4	0	1	419	59	477	0.0	867
PfKH01_000029300|DBLa|1|59|477	PC0056-C.g391	31.845	336	154	12	16	330	814	1095	2.10e-32	132
PfKH01_000029300|DBLa|1|59|477	PC0056-C.g391	34.058	276	150	9	21	291	2417	2665	1.35e-28	121
PfKH01_000029300|DBLa|1|59|477	PC0056-C.g391	26.409	337	183	11	37	333	1263	1574	3.35e-18	89.7
PfKH01_000029300|DBLa|1|59|477	PC0056-C.g391	25.633	316	162	11	47	337	1993	2260	3.34e-14	77.4
PfKH01_000029300|DBLa|1|59|477	PC0056-C.g391	22.776	281	141	10	55	331	2833	3041	2.02e-13	75.1
PfKH01_000029300|DBLa|1|59|477	PT0073-C.g720	64.352	432	130	7	1	419	67	487	1.91e-180	550
PfKH01_000029300|DBLa|1|59|477	PT0073-C.g720	30.357	168	107	3	169	331	1169	1331	4.84e-14	77.0
PfKH01_000029300|DBLa|1|59|477	PC0054-C.g618	67.436	433	117	9	1	419	66	488	2.68e-180	558
PfKH01_000029300|DBLa|1|59|477	PC0054-C.g618	34.164	281	135	12	1	267	810	1054	4.69e-32	131
PfKH01_000029300|DBLa|1|59|477	PC0054-C.g618	24.149	323	179	11	43	350	1261	1532	5.83e-11	67.4
PfKH01_000029300|DBLa|1|59|477	PC0054-C.g618	26.814	317	175	14	117	394	1800	2098	2.53e-09	62.0
PfKH01_000029300|CIDRa|1|478|733	PH0279-C.g93	100.000	256	0	0	1	256	478	733	3.04e-180	530
PfKH01_000029300|CIDRa|1|478|733	PV0256-C.g29	100.000	256	0	0	1	256	478	733	3.86e-173	530
PfKH01_000029300|CIDRa|1|478|733	PC0056-C.g391	100.000	256	0	0	1	256	478	733	1.92e-172	529
PfKH01_000029300|CIDRa|1|478|733	QG0236-C.g2855	82.470	251	43	1	1	251	490	739	4.83e-129	403
PfKH01_000029300|CIDRa|1|478|733	PF0792-C.g180	74.219	256	64	2	1	256	506	759	1.09e-122	385
PfKH01_000029300|DBLb|1|743|1207	PV0256-C.g29	100.000	465	0	0	1	465	743	1207	0.0	977
PfKH01_000029300|DBLb|1|743|1207	PV0256-C.g29	30.471	361	173	14	37	340	36	375	1.78e-29	125
PfKH01_000029300|DBLb|1|743|1207	PV0256-C.g29	26.587	252	138	8	108	339	1269	1493	1.33e-15	82.4
PfKH01_000029300|DBLb|1|743|1207	PH0279-C.g93	100.000	465	0	0	1	465	743	1207	0.0	974
PfKH01_000029300|DBLb|1|743|1207	PH0279-C.g93	31.025	361	171	15	37	340	36	375	7.15e-30	125
PfKH01_000029300|DBLb|1|743|1207	PC0056-C.g391	99.785	465	1	0	1	465	743	1207	0.0	974
PfKH01_000029300|DBLb|1|743|1207	PC0056-C.g391	30.748	361	172	14	37	340	36	375	2.99e-30	127
PfKH01_000029300|DBLb|1|743|1207	PC0056-C.g391	31.873	251	111	9	86	305	2424	2645	1.45e-26	116
PfKH01_000029300|DBLb|1|743|1207	PC0056-C.g391	29.344	259	137	8	103	357	2828	3044	1.30e-23	107
PfKH01_000029300|DBLb|1|743|1207	PC0056-C.g391	27.458	295	155	9	93	354	1986	2254	7.99e-19	92.4
PfKH01_000029300|DBLb|1|743|1207	QE0438-C.g495	64.780	477	153	6	1	465	735	1208	0.0	585
PfKH01_000029300|DBLb|1|743|1207	QE0438-C.g495	30.435	299	140	12	97	353	106	378	2.11e-22	103
PfKH01_000029300|DBLb|1|743|1207	QE0438-C.g495	23.052	308	176	10	52	332	1218	1491	1.07e-08	60.5
PfKH01_000029300|DBLb|1|743|1207	QE0399-C.g337	64.780	477	153	6	1	465	735	1208	0.0	585
PfKH01_000029300|DBLb|1|743|1207	QE0399-C.g337	30.435	299	140	12	97	353	106	378	2.11e-22	103
PfKH01_000029300|DBLb|1|743|1207	QE0399-C.g337	23.052	308	176	10	52	332	1218	1491	1.07e-08	60.5
PfKH01_000029300|DBLd|1|1226|1645	PV0195-C.g12	100.000	420	0	0	1	420	1279	1698	0.0	870
PfKH01_000029300|DBLd|1|1226|1645	PV0195-C.g12	31.467	375	193	12	1	370	2009	2324	9.67e-42	160
PfKH01_000029300|DBLd|1|1226|1645	PV0195-C.g12	25.304	411	232	17	50	420	113	488	3.97e-16	83.6
PfKH01_000029300|DBLd|1|1226|1645	PV0195-C.g12	27.170	265	127	11	35	280	2466	2683	5.80e-10	63.9
PfKH01_000029300|DBLd|1|1226|1645	PV0195-C.g12	21.108	379	201	12	51	411	919	1217	2.35e-08	58.9
PfKH01_000029300|DBLd|1|1226|1645	PH0248-C.g48	100.000	420	0	0	1	420	1279	1698	0.0	870
PfKH01_000029300|DBLd|1|1226|1645	PH0248-C.g48	31.467	375	193	12	1	370	2009	2324	9.67e-42	160
PfKH01_000029300|DBLd|1|1226|1645	PH0248-C.g48	25.304	411	232	17	50	420	113	488	3.97e-16	83.6
PfKH01_000029300|DBLd|1|1226|1645	PH0248-C.g48	27.170	265	127	11	35	280	2466	2683	5.80e-10	63.9
PfKH01_000029300|DBLd|1|1226|1645	PH0248-C.g48	21.108	379	201	12	51	411	919	1217	2.35e-08	58.9
PfKH01_000029300|DBLd|1|1226|1645	PD0667-C.g151	100.000	420	0	0	1	420	1279	1698	0.0	870
PfKH01_000029300|DBLd|1|1226|1645	PD0667-C.g151	31.467	375	193	12	1	370	1993	2308	9.48e-42	160
PfKH01_000029300|DBLd|1|1226|1645	PD0667-C.g151	25.304	411	232	17	50	420	113	488	3.38e-16	83.6
PfKH01_000029300|DBLd|1|1226|1645	PD0667-C.g151	27.170	265	127	11	35	280	2450	2667	5.31e-10	64.3
PfKH01_000029300|DBLd|1|1226|1645	PD0667-C.g151	21.108	379	201	12	51	411	919	1217	2.08e-08	59.3
PfKH01_000029300|DBLd|1|1226|1645	QE0453-C.g867	100.000	420	0	0	1	420	1279	1698	0.0	870
PfKH01_000029300|DBLd|1|1226|1645	QE0453-C.g867	25.304	411	232	17	50	420	113	488	4.43e-16	83.2
PfKH01_000029300|DBLd|1|1226|1645	QE0453-C.g867	21.108	379	201	12	51	411	919	1217	2.24e-08	58.9
PfKH01_000029300|DBLd|1|1226|1645	PH0121-CW.g66	100.000	420	0	0	1	420	1279	1698	0.0	870
PfKH01_000029300|DBLd|1|1226|1645	PH0121-CW.g66	25.304	411	232	17	50	420	113	488	4.55e-16	83.2
PfKH01_000029300|DBLd|1|1226|1645	PH0121-CW.g66	21.108	379	201	12	51	411	919	1217	2.19e-08	58.9
PfKH01_000029300|CIDRg|1|1646|1911	QE0453-C.g64	100.000	266	0	0	1	266	203	468	0.0	546
PfKH01_000029300|CIDRg|1|1646|1911	PH0279-C.g78	100.000	266	0	0	1	266	402	667	0.0	544
PfKH01_000029300|CIDRg|1|1646|1911	QE0453-C.g867	100.000	266	0	0	1	266	1699	1964	1.26e-180	546
PfKH01_000029300|CIDRg|1|1646|1911	PH0121-CW.g66	100.000	266	0	0	1	266	1699	1964	1.57e-180	546
PfKH01_000029300|CIDRg|1|1646|1911	PH0117-C.g19	100.000	263	0	0	1	263	1402	1664	4.71e-179	537
PfKH01_000029300|DBLg|1|1955|2331	PH0279-C.g78	100.000	377	0	0	1	377	711	1087	0.0	781
PfKH01_000029300|DBLg|1|1955|2331	PH0279-C.g78	37.500	368	178	10	29	348	16	379	1.96e-57	204
PfKH01_000029300|DBLg|1|1955|2331	PH0279-C.g78	22.798	386	226	16	29	377	1175	1525	1.43e-08	59.3
PfKH01_000029300|DBLg|1|1955|2331	PA0151-C.g161	73.158	380	93	5	1	377	1902	2275	8.53e-180	556
PfKH01_000029300|DBLg|1|1955|2331	PA0151-C.g161	35.876	354	164	13	1	307	1219	1556	1.29e-50	184
PfKH01_000029300|DBLg|1|1955|2331	PA0151-C.g161	25.691	362	204	16	45	377	2378	2703	1.46e-12	71.6
PfKH01_000029300|DBLg|1|1955|2331	PA0151-C.g161	22.680	291	171	8	38	298	111	377	4.52e-12	70.1
PfKH01_000029300|DBLg|1|1955|2331	PA0151-C.g161	22.564	390	213	14	46	377	842	1200	5.54e-10	63.9
PfKH01_000029300|DBLg|1|1955|2331	PH0516-C.g775	77.165	381	81	4	1	377	919	1297	3.37e-179	545
PfKH01_000029300|DBLg|1|1955|2331	PH0516-C.g775	38.529	340	138	14	29	299	208	545	9.75e-49	179
PfKH01_000029300|DBLg|1|1955|2331	PH0516-C.g775	24.742	291	172	10	29	298	1383	1647	5.57e-11	66.6
PfKH01_000029300|DBLg|1|1955|2331	PH0856-C.g89	77.165	381	81	4	1	377	1651	2029	1.48e-176	546
PfKH01_000029300|DBLg|1|1955|2331	PH0856-C.g89	30.743	296	138	8	68	298	1002	1295	5.88e-36	142
PfKH01_000029300|DBLg|1|1955|2331	PH0856-C.g89	24.742	291	172	10	29	298	2115	2379	7.70e-11	66.2
PfKH01_000029300|DBLg|1|1955|2331	PH0856-C.g89	24.534	322	162	11	38	298	108	409	5.37e-08	57.4
PfKH01_000029300|DBLg|1|1955|2331	PD0585-C.g73	77.165	381	81	4	1	377	2064	2442	4.56e-176	545
PfKH01_000029300|DBLg|1|1955|2331	PD0585-C.g73	30.743	296	138	8	68	298	1415	1708	5.24e-36	142
PfKH01_000029300|DBLg|1|1955|2331	PD0585-C.g73	25.574	305	162	10	39	315	924	1191	2.19e-11	68.2
PfKH01_000029300|DBLg|1|1955|2331	PD0585-C.g73	24.742	291	172	10	29	298	2528	2792	6.09e-11	66.6
PfKH01_000029300|DBLg|1|1955|2331	PD0585-C.g73	22.812	320	176	12	32	301	105	403	2.38e-09	61.6
PfKH01_000029300|DBLz|1|2340|2769	PH0279-C.g78	100.000	430	0	0	1	430	1096	1525	0.0	882
PfKH01_000029300|DBLz|1|2340|2769	PH0279-C.g78	23.645	406	214	19	71	415	10	380	1.96e-09	62.4
PfKH01_000029300|DBLz|1|2340|2769	PH0279-C.g78	22.539	386	227	16	80	430	739	1087	7.31e-08	57.4
PfKH01_000029300|DBLz|1|2340|2769	PF0692-C.g1020	72.390	431	116	3	1	430	1167	1595	0.0	629
PfKH01_000029300|DBLz|1|2340|2769	PF0692-C.g1020	28.000	375	223	13	13	353	32	393	1.12e-22	103
PfKH01_000029300|DBLz|1|2340|2769	PF0692-C.g1020	21.357	398	252	11	58	430	797	1158	1.24e-10	66.2
PfKH01_000029300|DBLz|1|2340|2769	PC0020-C.g18	73.256	430	112	2	1	430	830	1256	0.0	611
PfKH01_000029300|DBLz|1|2340|2769	PC0020-C.g18	24.260	338	193	14	79	388	480	782	8.11e-11	66.6
PfKH01_000029300|DBLz|1|2340|2769	PF0207-C.g448	71.327	422	117	2	1	421	2018	2436	0.0	610
PfKH01_000029300|DBLz|1|2340|2769	PF0207-C.g448	27.211	294	172	8	79	346	117	394	4.96e-24	107
PfKH01_000029300|DBLz|1|2340|2769	PF0207-C.g448	22.581	310	191	11	95	386	1690	1968	2.84e-11	68.2
PfKH01_000029300|DBLz|1|2340|2769	PF0207-C.g448	23.220	323	162	10	156	430	1033	1317	3.38e-09	61.6
PfKH01_000029300|DBLz|1|2340|2769	PA0144-C.g422	71.101	436	117	5	1	430	1612	2044	0.0	607
PfKH01_000029300|DBLz|1|2340|2769	PA0144-C.g422	32.899	307	160	11	68	360	828	1102	8.20e-36	142
PfKH01_000029300|DBLz|1|2340|2769	PA0144-C.g422	28.487	337	203	11	50	354	67	397	8.13e-28	119
PfKH01_000029300|DBLz|1|2340|2769	PA0144-C.g422	20.942	382	234	12	81	430	1258	1603	1.42e-07	56.6
PfKH01_000029300|ATS|1|2855|3324	PFKE11.g708	78.059	474	70	6	1	470	1918	2361	0.0	728
PfKH01_000029300|ATS|1|2855|3324	PV0028-C.g39	77.590	473	88	4	1	457	2753	3223	0.0	728
PfKH01_000029300|ATS|1|2855|3324	PV0028-C.g39	75.000	120	9	1	372	470	3232	3351	4.64e-47	177
PfKH01_000029300|ATS|1|2855|3324	PFKE07.g667	75.205	488	61	8	3	470	2367	2814	0.0	704
PfKH01_000029300|ATS|1|2855|3324	PD0590-C.g13	73.387	496	97	6	1	470	818	1304	0.0	698
PfKH01_000029300|ATS|1|2855|3324	PFKE12.g465	73.790	496	98	9	1	470	1773	2262	0.0	697
PfKH01_000031700|NTS|1|1|71	PH0549-C.g826	100.000	71	0	0	1	71	1	71	2.03e-44	153
PfKH01_000031700|NTS|1|1|71	PH0279-C.g47	100.000	71	0	0	1	71	1	71	2.31e-44	153
PfKH01_000031700|NTS|1|1|71	PV0233-C.g99	100.000	71	0	0	1	71	1	71	2.75e-44	152
PfKH01_000031700|NTS|1|1|71	PV0288-C.g31	100.000	71	0	0	1	71	1	71	3.09e-44	152
PfKH01_000031700|NTS|1|1|71	PD0514-C.g784	98.592	71	1	0	1	71	1	71	1.64e-43	150
PfKH01_000031700|DBLa|1|72|483	PV0288-C.g31	100.000	412	0	0	1	412	72	483	0.0	862
PfKH01_000031700|DBLa|1|72|483	PV0288-C.g31	24.661	442	245	17	33	412	980	1395	5.23e-17	85.9
PfKH01_000031700|DBLa|1|72|483	PH0279-C.g47	100.000	412	0	0	1	412	72	483	0.0	862
PfKH01_000031700|DBLa|1|72|483	PH0279-C.g47	22.989	435	252	15	33	412	980	1386	3.61e-13	73.9
PfKH01_000031700|DBLa|1|72|483	PV0233-C.g99	99.757	412	1	0	1	412	72	483	0.0	860
PfKH01_000031700|DBLa|1|72|483	PV0233-C.g99	24.924	329	172	13	132	412	1049	1350	1.12e-11	69.3
PfKH01_000031700|DBLa|1|72|483	PH0549-C.g826	100.000	412	0	0	1	412	72	483	0.0	858
PfKH01_000031700|DBLa|1|72|483	PH0549-C.g826	24.848	330	195	14	120	412	992	1305	6.19e-09	60.8
PfKH01_000031700|DBLa|1|72|483	PD0514-C.g784	99.757	412	1	0	1	412	72	483	0.0	856
PfKH01_000031700|DBLa|1|72|483	PD0514-C.g784	29.570	186	120	5	228	412	1157	1332	3.07e-12	71.2
PfKH01_000031700|CIDRa|1|484|734	PD0532-C.g744	100.000	251	0	0	1	251	264	514	4.17e-175	522
PfKH01_000031700|CIDRa|1|484|734	PV0233-C.g99	100.000	251	0	0	1	251	484	734	6.93e-175	526
PfKH01_000031700|CIDRa|1|484|734	PV0233-C.g99	30.088	113	70	4	94	205	1444	1548	1.59e-07	54.3
PfKH01_000031700|CIDRa|1|484|734	PV0288-C.g31	100.000	251	0	0	1	251	484	734	1.82e-174	526
PfKH01_000031700|CIDRa|1|484|734	PH0279-C.g47	100.000	251	0	0	1	251	484	734	3.95e-174	526
PfKH01_000031700|CIDRa|1|484|734	PH0279-C.g47	30.693	101	70	0	102	202	1537	1637	1.08e-09	60.8
PfKH01_000031700|CIDRa|1|484|734	PD0514-C.g784	100.000	251	0	0	1	251	484	734	6.72e-174	523
PfKH01_000031700|DBLd|1|845|1386	PH0279-C.g47	100.000	542	0	0	1	542	845	1386	0.0	1119
PfKH01_000031700|DBLd|1|845|1386	PH0279-C.g47	24.324	333	175	12	242	542	196	483	2.46e-15	82.0
PfKH01_000031700|DBLd|1|845|1386	PV0288-C.g31	82.098	553	86	7	1	542	845	1395	0.0	858
PfKH01_000031700|DBLd|1|845|1386	PV0288-C.g31	24.324	333	175	12	242	542	196	483	3.08e-15	81.6
PfKH01_000031700|DBLd|1|845|1386	PV0155-C.g11	61.160	569	166	11	1	542	514	1054	0.0	618
PfKH01_000031700|DBLd|1|845|1386	PV0211-C.g150	61.011	554	168	13	29	542	6	551	0.0	604
PfKH01_000031700|DBLd|1|845|1386	PD0585-C.g705	58.234	589	177	15	1	542	910	1476	0.0	604
PfKH01_000031700|DBLd|1|845|1386	PD0585-C.g705	24.786	234	125	8	256	480	210	401	9.44e-11	67.4
PfKH01_000031700|CIDRb|1|1387|1645	PH0279-C.g47	84.365	307	0	1	1	259	1387	1693	1.74e-165	503
PfKH01_000031700|CIDRb|1|1387|1645	PH0279-C.g47	30.693	101	70	0	103	203	585	685	2.63e-10	62.8
PfKH01_000031700|CIDRb|1|1387|1645	PD0569-C.g804	91.440	257	22	0	1	257	1315	1571	3.18e-147	452
PfKH01_000031700|CIDRb|1|1387|1645	PD0550-C.g652	91.440	257	22	0	1	257	1315	1571	3.18e-147	452
PfKH01_000031700|CIDRb|1|1387|1645	PD0549-C.g687	91.440	257	22	0	1	257	1315	1571	3.18e-147	452
PfKH01_000031700|CIDRb|1|1387|1645	PD0546-C.g799	91.440	257	22	0	1	257	1315	1571	3.18e-147	452
PfKH01_000031700|ATS|1|1751|2253	PV0211-C.g126	74.905	526	88	9	1	503	841	1345	0.0	720
PfKH01_000031700|ATS|1|1751|2253	QE0436-C.g591	76.718	524	67	8	1	503	1702	2191	0.0	715
PfKH01_000031700|ATS|1|1751|2253	PV0139-C.g130	70.863	556	58	6	1	503	874	1378	0.0	688
PfKH01_000031700|ATS|1|1751|2253	PV0147-C.g7	72.024	504	75	9	1	503	1761	2199	0.0	674
PfKH01_000031700|ATS|1|1751|2253	PD0582-C.g763	76.172	512	52	10	1	503	1663	2113	0.0	673
PfKH01_000031900|NTSpam|1|1|50	PH0279-C.g21	100.000	50	0	0	1	50	1	50	8.87e-27	102
PfKH01_000031900|NTSpam|1|1|50	QE0440-C.g297	100.000	50	0	0	1	50	1	50	9.04e-27	102
PfKH01_000031900|NTSpam|1|1|50	PD0503-C.g262	100.000	50	0	0	1	50	1	50	9.04e-27	102
PfKH01_000031900|NTSpam|1|1|50	PA0146-C.g993	96.000	50	2	0	1	50	1	50	5.92e-26	99.8
PfKH01_000031900|NTSpam|1|1|50	PA0168-C.g254	96.000	50	2	0	1	50	1	50	1.50e-25	98.6
PfKH01_000031900|DBLpam1|1|51|426	PH0279-C.g21	100.000	376	0	0	1	376	51	426	0.0	777
PfKH01_000031900|DBLpam1|1|51|426	PH0279-C.g21	26.393	341	193	12	45	371	577	873	1.20e-21	99.4
PfKH01_000031900|DBLpam1|1|51|426	PH0279-C.g21	26.786	280	157	12	33	311	2352	2584	1.17e-13	75.1
PfKH01_000031900|DBLpam1|1|51|426	PH0279-C.g21	25.077	323	186	13	25	339	2014	2288	8.88e-13	72.4
PfKH01_000031900|DBLpam1|1|51|426	PH0279-C.g21	24.834	302	155	13	40	300	1249	1519	3.57e-12	70.5
PfKH01_000031900|DBLpam1|1|51|426	PH0279-C.g21	24.382	283	178	9	43	309	1609	1871	1.29e-08	59.3
PfKH01_000031900|DBLpam1|1|51|426	PD0503-C.g262	100.000	376	0	0	1	376	51	426	0.0	777
PfKH01_000031900|DBLpam1|1|51|426	PD0503-C.g262	26.393	341	193	12	45	371	577	873	1.16e-21	99.4
PfKH01_000031900|DBLpam1|1|51|426	PD0503-C.g262	26.786	280	157	12	33	311	2352	2584	1.28e-13	75.1
PfKH01_000031900|DBLpam1|1|51|426	PD0503-C.g262	25.077	323	186	13	25	339	2014	2288	9.58e-13	72.4
PfKH01_000031900|DBLpam1|1|51|426	PD0503-C.g262	25.497	302	153	14	40	300	1249	1519	3.49e-12	70.5
PfKH01_000031900|DBLpam1|1|51|426	PD0503-C.g262	24.382	283	178	9	43	309	1609	1871	1.35e-08	59.3
PfKH01_000031900|DBLpam1|1|51|426	QE0440-C.g297	100.000	376	0	0	1	376	51	426	0.0	776
PfKH01_000031900|DBLpam1|1|51|426	QE0440-C.g297	26.393	341	193	12	45	371	577	873	1.15e-21	99.8
PfKH01_000031900|DBLpam1|1|51|426	QE0440-C.g297	26.786	280	157	12	33	311	2352	2584	1.27e-13	75.1
PfKH01_000031900|DBLpam1|1|51|426	QE0440-C.g297	25.077	323	186	13	25	339	2014	2288	9.67e-13	72.4
PfKH01_000031900|DBLpam1|1|51|426	QE0440-C.g297	25.166	302	154	13	40	300	1249	1519	3.62e-12	70.5
PfKH01_000031900|DBLpam1|1|51|426	QE0440-C.g297	24.382	283	178	9	43	309	1609	1871	1.38e-08	59.3
PfKH01_000031900|DBLpam1|1|51|426	QG0204-C.g343	89.683	378	37	2	1	376	52	429	0.0	686
PfKH01_000031900|DBLpam1|1|51|426	QG0204-C.g343	31.496	381	222	12	1	358	2753	3117	1.19e-37	147
PfKH01_000031900|DBLpam1|1|51|426	QG0204-C.g343	27.389	314	188	11	2	285	535	838	1.13e-24	108
PfKH01_000031900|DBLpam1|1|51|426	QG0204-C.g343	23.416	363	217	13	25	375	2037	2350	2.55e-14	77.4
PfKH01_000031900|DBLpam1|1|51|426	QG0204-C.g343	24.351	308	166	13	24	300	1272	1543	9.09e-12	69.3
PfKH01_000031900|DBLpam1|1|51|426	QG0204-C.g343	26.190	252	143	8	45	296	2382	2590	5.40e-09	60.5
PfKH01_000031900|DBLpam1|1|51|426	QG0204-C.g343	23.264	288	174	9	43	309	1633	1894	2.09e-07	55.5
PfKH01_000031900|DBLpam1|1|51|426	PF0157-C.g263	89.418	378	38	2	1	376	52	429	0.0	685
PfKH01_000031900|DBLpam1|1|51|426	PF0157-C.g263	27.626	257	159	6	45	288	581	823	2.84e-23	104
PfKH01_000031900|DBLpam1|1|51|426	PF0157-C.g263	26.948	308	155	11	33	339	2387	2625	7.35e-16	82.0
PfKH01_000031900|DBLpam1|1|51|426	PF0157-C.g263	23.030	330	209	11	25	350	2045	2333	3.46e-14	76.6
PfKH01_000031900|DBLpam1|1|51|426	PF0157-C.g263	24.062	320	165	14	24	300	1272	1556	2.80e-10	64.7
PfKH01_000031900|DBLpam1|1|51|426	PF0157-C.g263	22.712	295	163	11	43	309	1646	1903	4.04e-07	54.7
PfKH01_000031900|DBLpam2|1|526|956	QE0440-C.g297	100.000	431	0	0	1	431	526	956	0.0	888
PfKH01_000031900|DBLpam2|1|526|956	QE0440-C.g297	26.901	342	190	13	52	348	95	421	2.18e-22	102
PfKH01_000031900|DBLpam2|1|526|956	QE0440-C.g297	29.839	248	114	10	52	286	2361	2561	4.14e-18	89.7
PfKH01_000031900|DBLpam2|1|526|956	QE0440-C.g297	27.019	322	170	10	52	357	2033	2305	9.18e-17	85.5
PfKH01_000031900|DBLpam2|1|526|956	QE0440-C.g297	27.857	280	174	10	52	319	1611	1874	4.57e-16	83.6
PfKH01_000031900|DBLpam2|1|526|956	QE0440-C.g297	28.839	267	138	10	54	287	1256	1503	1.33e-12	72.4
PfKH01_000031900|DBLpam2|1|526|956	PD0503-C.g262	100.000	431	0	0	1	431	526	956	0.0	887
PfKH01_000031900|DBLpam2|1|526|956	PD0503-C.g262	26.901	342	190	13	52	348	95	421	2.14e-22	102
PfKH01_000031900|DBLpam2|1|526|956	PD0503-C.g262	29.839	248	114	10	52	286	2361	2561	4.11e-18	89.7
PfKH01_000031900|DBLpam2|1|526|956	PD0503-C.g262	27.019	322	170	10	52	357	2033	2305	8.93e-17	85.5
PfKH01_000031900|DBLpam2|1|526|956	PD0503-C.g262	27.857	280	174	10	52	319	1611	1874	4.49e-16	83.6
PfKH01_000031900|DBLpam2|1|526|956	PD0503-C.g262	28.839	267	138	10	54	287	1256	1503	1.34e-12	72.4
PfKH01_000031900|DBLpam2|1|526|956	PH0279-C.g21	100.000	431	0	0	1	431	526	956	0.0	887
PfKH01_000031900|DBLpam2|1|526|956	PH0279-C.g21	26.901	342	190	13	52	348	95	421	1.45e-22	103
PfKH01_000031900|DBLpam2|1|526|956	PH0279-C.g21	25.954	393	176	15	52	431	2361	2651	2.28e-18	90.5
PfKH01_000031900|DBLpam2|1|526|956	PH0279-C.g21	27.019	322	170	10	52	357	2033	2305	6.93e-17	85.9
PfKH01_000031900|DBLpam2|1|526|956	PH0279-C.g21	27.857	280	174	10	52	319	1611	1874	3.00e-16	84.0
PfKH01_000031900|DBLpam2|1|526|956	PH0279-C.g21	28.839	267	138	10	54	287	1256	1503	9.14e-13	73.2
PfKH01_000031900|DBLpam2|1|526|956	QE0424-C.g195	88.167	431	50	1	1	431	525	954	0.0	761
PfKH01_000031900|DBLpam2|1|526|956	QE0424-C.g195	27.027	296	165	12	41	316	86	350	5.06e-22	101
PfKH01_000031900|DBLpam2|1|526|956	QE0424-C.g195	25.656	343	178	14	54	362	1253	1552	4.65e-10	64.3
PfKH01_000031900|DBLpam2|1|526|956	QE0418-C.g33	88.167	431	50	1	1	431	525	954	0.0	761
PfKH01_000031900|DBLpam2|1|526|956	QE0418-C.g33	27.027	296	165	12	41	316	86	350	7.90e-22	101
PfKH01_000031900|DBLpam2|1|526|956	QE0418-C.g33	28.926	242	115	10	52	285	2371	2563	3.51e-15	80.5
PfKH01_000031900|DBLpam2|1|526|956	QE0418-C.g33	27.148	291	168	10	52	319	1608	1877	4.31e-15	80.5
PfKH01_000031900|DBLpam2|1|526|956	QE0418-C.g33	28.782	271	138	9	52	314	2036	2259	5.05e-14	77.0
PfKH01_000031900|DBLpam2|1|526|956	QE0418-C.g33	25.137	366	192	15	54	385	1253	1570	6.42e-10	63.9
PfKH01_000031900|CIDRpam|1|965|1193	QE0405-Cx.g573	100.000	229	0	0	1	229	327	555	4.37e-158	468
PfKH01_000031900|CIDRpam|1|965|1193	PH0279-C.g21	100.000	229	0	0	1	229	965	1193	5.18e-152	469
PfKH01_000031900|CIDRpam|1|965|1193	QE0440-C.g297	100.000	229	0	0	1	229	965	1193	6.64e-152	469
PfKH01_000031900|CIDRpam|1|965|1193	PD0503-C.g262	100.000	229	0	0	1	229	965	1193	8.94e-152	468
PfKH01_000031900|CIDRpam|1|965|1193	PT0258-Cx.g24	93.886	229	14	0	1	229	968	1196	9.69e-137	425
PfKH01_000031900|DBLpam3|1|1212|1565	QE0440-C.g297	100.000	354	0	0	1	354	1212	1565	0.0	724
PfKH01_000031900|DBLpam3|1|1212|1565	QE0440-C.g297	28.986	276	136	11	40	292	574	812	3.94e-13	73.2
PfKH01_000031900|DBLpam3|1|1212|1565	QE0440-C.g297	25.166	302	154	13	38	308	90	350	1.81e-12	71.2
PfKH01_000031900|DBLpam3|1|1212|1565	QE0440-C.g297	25.180	278	160	10	42	319	2032	2261	3.55e-11	67.0
PfKH01_000031900|DBLpam3|1|1212|1565	QE0440-C.g297	25.087	287	169	11	42	312	1610	1866	3.81e-11	67.0
PfKH01_000031900|DBLpam3|1|1212|1565	QE0440-C.g297	29.834	181	103	6	125	304	2417	2574	4.84e-10	63.5
PfKH01_000031900|DBLpam3|1|1212|1565	PD0503-C.g262	100.000	354	0	0	1	354	1212	1565	0.0	724
PfKH01_000031900|DBLpam3|1|1212|1565	PD0503-C.g262	28.986	276	136	11	40	292	574	812	4.09e-13	73.2
PfKH01_000031900|DBLpam3|1|1212|1565	PD0503-C.g262	25.166	302	154	13	38	308	90	350	1.89e-12	71.2
PfKH01_000031900|DBLpam3|1|1212|1565	PD0503-C.g262	25.180	278	160	10	42	319	2032	2261	3.74e-11	67.0
PfKH01_000031900|DBLpam3|1|1212|1565	PD0503-C.g262	25.087	287	169	11	42	312	1610	1866	4.24e-11	67.0
PfKH01_000031900|DBLpam3|1|1212|1565	PD0503-C.g262	29.444	180	105	5	125	304	2417	2574	5.01e-10	63.5
PfKH01_000031900|DBLpam3|1|1212|1565	PH0279-C.g21	100.000	354	0	0	1	354	1212	1565	0.0	724
PfKH01_000031900|DBLpam3|1|1212|1565	PH0279-C.g21	28.676	272	142	10	40	292	574	812	4.33e-13	73.2
PfKH01_000031900|DBLpam3|1|1212|1565	PH0279-C.g21	25.166	302	154	13	38	308	90	350	1.98e-12	71.2
PfKH01_000031900|DBLpam3|1|1212|1565	PH0279-C.g21	25.180	278	160	10	42	319	2032	2261	3.37e-11	67.4
PfKH01_000031900|DBLpam3|1|1212|1565	PH0279-C.g21	25.087	287	169	11	42	312	1610	1866	3.89e-11	67.0
PfKH01_000031900|DBLpam3|1|1212|1565	PH0279-C.g21	29.444	180	105	5	125	304	2417	2574	4.37e-10	63.9
PfKH01_000031900|DBLpam3|1|1212|1565	QE0405-Cx.g573	96.196	368	0	1	1	354	574	941	0.0	712
PfKH01_000031900|DBLpam3|1|1212|1565	QE0405-Cx.g573	28.962	183	110	5	121	292	1	174	4.54e-10	63.5
PfKH01_000031900|DBLpam3|1|1212|1565	PF0818-C.g73	97.167	353	9	1	2	354	1238	1589	0.0	699
PfKH01_000031900|DBLpam3|1|1212|1565	PF0818-C.g73	25.083	303	172	11	42	336	2055	2310	1.81e-13	74.3
PfKH01_000031900|DBLpam3|1|1212|1565	PF0818-C.g73	27.490	251	132	9	118	354	2432	2646	3.49e-12	70.5
PfKH01_000031900|DBLpam3|1|1212|1565	PF0818-C.g73	28.058	278	143	11	40	292	580	825	1.03e-11	68.9
PfKH01_000031900|DBLpam3|1|1212|1565	PF0818-C.g73	25.078	319	177	13	19	308	69	354	3.11e-11	67.4
PfKH01_000031900|DBLpam3|1|1212|1565	PF0818-C.g73	26.923	286	164	11	42	312	1634	1889	3.46e-11	67.4
PfKH01_000031900|DBLe|1|1567|1905	QE0440-C.g297	100.000	339	0	0	1	339	1567	1905	0.0	705
PfKH01_000031900|DBLe|1|1567|1905	QE0440-C.g297	28.671	286	158	11	43	326	2031	2272	3.03e-19	91.3
PfKH01_000031900|DBLe|1|1567|1905	QE0440-C.g297	27.076	277	180	9	45	308	577	844	5.50e-16	81.6
PfKH01_000031900|DBLe|1|1567|1905	QE0440-C.g297	24.382	283	169	10	44	297	1253	1519	2.11e-11	67.8
PfKH01_000031900|DBLe|1|1567|1905	QE0440-C.g297	25.088	283	155	12	24	296	2342	2577	7.93e-09	59.7
PfKH01_000031900|DBLe|1|1567|1905	QE0440-C.g297	23.509	285	178	9	43	305	93	359	9.06e-09	59.7
PfKH01_000031900|DBLe|1|1567|1905	PD0503-C.g262	100.000	339	0	0	1	339	1567	1905	0.0	705
PfKH01_000031900|DBLe|1|1567|1905	PD0503-C.g262	28.671	286	158	11	43	326	2031	2272	2.79e-19	91.7
PfKH01_000031900|DBLe|1|1567|1905	PD0503-C.g262	27.076	277	180	9	45	308	577	844	4.75e-16	82.0
PfKH01_000031900|DBLe|1|1567|1905	PD0503-C.g262	24.382	283	169	10	44	297	1253	1519	1.96e-11	67.8
PfKH01_000031900|DBLe|1|1567|1905	PD0503-C.g262	25.088	283	155	12	24	296	2342	2577	7.45e-09	59.7
PfKH01_000031900|DBLe|1|1567|1905	PD0503-C.g262	23.509	285	178	9	43	305	93	359	8.22e-09	59.7
PfKH01_000031900|DBLe|1|1567|1905	PH0279-C.g21	100.000	339	0	0	1	339	1567	1905	0.0	705
PfKH01_000031900|DBLe|1|1567|1905	PH0279-C.g21	28.671	286	158	11	43	326	2031	2272	2.46e-19	91.7
PfKH01_000031900|DBLe|1|1567|1905	PH0279-C.g21	27.076	277	180	9	45	308	577	844	4.56e-16	82.0
PfKH01_000031900|DBLe|1|1567|1905	PH0279-C.g21	24.382	283	169	10	44	297	1253	1519	1.93e-11	67.8
PfKH01_000031900|DBLe|1|1567|1905	PH0279-C.g21	25.088	283	155	12	24	296	2342	2577	5.88e-09	60.1
PfKH01_000031900|DBLe|1|1567|1905	PH0279-C.g21	23.509	285	178	10	43	305	93	359	8.47e-09	59.7
PfKH01_000031900|DBLe|1|1567|1905	PT0215-Cx.g654	94.985	339	17	0	1	339	1578	1916	0.0	673
PfKH01_000031900|DBLe|1|1567|1905	PT0215-Cx.g654	28.070	285	163	10	43	326	2042	2285	1.77e-17	86.3
PfKH01_000031900|DBLe|1|1567|1905	PT0215-Cx.g654	26.367	311	194	11	22	308	547	846	1.37e-12	71.2
PfKH01_000031900|DBLe|1|1567|1905	PT0215-Cx.g654	25.795	283	173	10	43	305	94	359	4.39e-12	69.7
PfKH01_000031900|DBLe|1|1567|1905	PT0215-Cx.g654	24.138	290	168	10	44	300	1264	1534	7.21e-11	65.9
PfKH01_000031900|DBLe|1|1567|1905	PT0215-Cx.g654	25.391	256	137	8	44	293	2373	2580	2.64e-10	64.3
PfKH01_000031900|DBLe|1|1567|1905	PM0144-C.g223	94.461	343	15	1	1	339	2304	2646	0.0	667
PfKH01_000031900|DBLe|1|1567|1905	PM0144-C.g223	27.622	286	166	9	43	326	2773	3019	3.08e-19	91.7
PfKH01_000031900|DBLe|1|1567|1905	PM0144-C.g223	25.090	279	155	11	43	305	93	333	2.91e-14	76.6
PfKH01_000031900|DBLe|1|1567|1905	PM0144-C.g223	27.092	251	152	10	45	272	552	794	5.18e-13	72.8
PfKH01_000031900|DBLe|1|1567|1905	PM0144-C.g223	22.697	304	170	10	44	300	1975	2260	1.18e-10	65.5
PfKH01_000031900|DBLe|1|1567|1905	PM0144-C.g223	25.407	307	157	11	44	339	3108	3353	1.76e-10	64.7
PfKH01_000031900|DBLe|1|1567|1905	PM0144-C.g223	23.856	306	188	11	44	308	1256	1557	8.05e-10	62.8
PfKH01_000031900|DBLe|1|1567|1905	PM0144-C.g223	26.950	282	162	13	38	298	3515	3773	1.04e-08	59.3
PfKH01_000031900|DBLe|2|1983|2277	QE0440-C.g297	100.000	295	0	0	1	295	1983	2277	0.0	603
PfKH01_000031900|DBLe|2|1983|2277	QE0440-C.g297	31.321	265	161	9	34	286	2344	2599	6.79e-24	103
PfKH01_000031900|DBLe|2|1983|2277	QE0440-C.g297	28.421	285	158	10	50	290	1610	1892	2.55e-19	90.5
PfKH01_000031900|DBLe|2|1983|2277	QE0440-C.g297	28.090	267	139	8	51	268	577	839	1.04e-16	82.8
PfKH01_000031900|DBLe|2|1983|2277	QE0440-C.g297	25.448	279	158	11	32	266	75	347	3.51e-12	69.3
PfKH01_000031900|DBLe|2|1983|2277	QE0440-C.g297	25.357	280	157	11	50	279	1253	1530	9.70e-12	67.8
PfKH01_000031900|DBLe|2|1983|2277	PD0503-C.g262	100.000	295	0	0	1	295	1983	2277	0.0	603
PfKH01_000031900|DBLe|2|1983|2277	PD0503-C.g262	30.924	249	155	7	34	274	2344	2583	1.42e-23	103
PfKH01_000031900|DBLe|2|1983|2277	PD0503-C.g262	28.421	285	158	10	50	290	1610	1892	2.53e-19	90.5
PfKH01_000031900|DBLe|2|1983|2277	PD0503-C.g262	28.090	267	139	8	51	268	577	839	1.02e-16	82.8
PfKH01_000031900|DBLe|2|1983|2277	PD0503-C.g262	25.448	279	158	11	32	266	75	347	3.51e-12	69.3
PfKH01_000031900|DBLe|2|1983|2277	PD0503-C.g262	25.357	280	157	11	50	279	1253	1530	9.70e-12	67.8
PfKH01_000031900|DBLe|2|1983|2277	PH0279-C.g21	100.000	295	0	0	1	295	1983	2277	0.0	603
PfKH01_000031900|DBLe|2|1983|2277	PH0279-C.g21	31.321	265	161	9	34	286	2344	2599	5.97e-24	104
PfKH01_000031900|DBLe|2|1983|2277	PH0279-C.g21	28.421	285	158	10	50	290	1610	1892	1.99e-19	90.9
PfKH01_000031900|DBLe|2|1983|2277	PH0279-C.g21	28.090	267	139	8	51	268	577	839	7.65e-17	83.2
PfKH01_000031900|DBLe|2|1983|2277	PH0279-C.g21	25.448	279	158	11	32	266	75	347	3.18e-12	69.3
PfKH01_000031900|DBLe|2|1983|2277	PH0279-C.g21	25.357	280	157	11	50	279	1253	1530	8.11e-12	68.2
PfKH01_000031900|DBLe|2|1983|2277	QE0465-C.g99	99.322	295	2	0	1	295	1979	2273	0.0	600
PfKH01_000031900|DBLe|2|1983|2277	QE0465-C.g99	34.701	268	151	10	36	295	2344	2595	1.04e-27	115
PfKH01_000031900|DBLe|2|1983|2277	QE0465-C.g99	28.322	286	159	10	49	290	1605	1888	5.11e-20	92.8
PfKH01_000031900|DBLe|2|1983|2277	QE0465-C.g99	24.723	271	158	9	50	279	1261	1526	6.35e-15	77.4
PfKH01_000031900|DBLe|2|1983|2277	QE0465-C.g99	28.261	230	135	6	51	250	584	813	6.91e-14	74.3
PfKH01_000031900|DBLe|2|1983|2277	QE0465-C.g99	23.934	305	180	11	32	288	76	376	7.19e-12	68.2
PfKH01_000031900|DBLe|2|1983|2277	PV0239-C.g18	99.322	295	2	0	1	295	1979	2273	0.0	600
PfKH01_000031900|DBLe|2|1983|2277	PV0239-C.g18	34.701	268	151	10	36	295	2344	2595	1.07e-27	115
PfKH01_000031900|DBLe|2|1983|2277	PV0239-C.g18	28.322	286	159	10	49	290	1605	1888	5.89e-20	92.4
PfKH01_000031900|DBLe|2|1983|2277	PV0239-C.g18	24.723	271	158	9	50	279	1261	1526	6.79e-15	77.4
PfKH01_000031900|DBLe|2|1983|2277	PV0239-C.g18	28.261	230	135	6	51	250	584	813	7.38e-14	74.3
PfKH01_000031900|DBLe|2|1983|2277	PV0239-C.g18	23.934	305	180	11	32	288	76	376	8.18e-12	68.2
PfKH01_000031900|DBLe|3|2317|2651	PH0279-C.g21	100.000	335	0	0	1	335	2317	2651	0.0	686
PfKH01_000031900|DBLe|3|2317|2651	PH0279-C.g21	30.657	274	169	9	28	292	2016	2277	5.40e-24	105
PfKH01_000031900|DBLe|3|2317|2651	PH0279-C.g21	29.839	248	114	10	45	245	577	811	3.20e-18	88.2
PfKH01_000031900|DBLe|3|2317|2651	PH0279-C.g21	26.429	280	158	12	36	268	83	361	2.25e-13	73.6
PfKH01_000031900|DBLe|3|2317|2651	PH0279-C.g21	30.601	183	99	7	101	258	1336	1515	7.39e-11	65.9
PfKH01_000031900|DBLe|3|2317|2651	PH0279-C.g21	23.466	277	167	10	26	261	1590	1862	6.53e-09	60.1
PfKH01_000031900|DBLe|3|2317|2651	PV0089-C.g26	99.403	335	2	0	1	335	2330	2664	0.0	682
PfKH01_000031900|DBLe|3|2317|2651	PV0089-C.g26	30.909	275	167	10	28	292	2029	2290	1.05e-24	107
PfKH01_000031900|DBLe|3|2317|2651	PV0089-C.g26	32.051	234	124	9	45	245	584	815	6.05e-18	87.4
PfKH01_000031900|DBLe|3|2317|2651	PV0089-C.g26	30.435	184	97	6	101	258	1343	1521	1.73e-12	70.9
PfKH01_000031900|DBLe|3|2317|2651	PV0089-C.g26	23.247	271	164	9	38	265	89	358	6.12e-11	66.2
PfKH01_000031900|DBLe|3|2317|2651	PV0089-C.g26	23.232	297	149	13	26	261	1596	1874	2.55e-08	58.2
PfKH01_000031900|DBLe|3|2317|2651	PFKE01.g12	99.104	335	3	0	1	335	2355	2689	0.0	680
PfKH01_000031900|DBLe|3|2317|2651	PFKE01.g12	31.325	249	154	7	28	267	2054	2294	1.60e-24	107
PfKH01_000031900|DBLe|3|2317|2651	PFKE01.g12	26.531	294	141	12	45	263	580	873	6.48e-16	81.3
PfKH01_000031900|DBLe|3|2317|2651	PFKE01.g12	22.903	310	168	12	45	302	96	386	1.41e-12	71.2
PfKH01_000031900|DBLe|3|2317|2651	PFKE01.g12	29.508	183	100	6	101	258	1382	1560	8.09e-11	65.9
PfKH01_000031900|DBLe|3|2317|2651	PFKE01.g12	24.042	287	146	11	26	261	1635	1900	1.52e-08	58.9
PfKH01_000031900|DBLe|3|2317|2651	PH0778-C.g122	97.910	335	7	0	1	335	2304	2638	0.0	673
PfKH01_000031900|DBLe|3|2317|2651	PH0778-C.g122	31.636	275	165	10	28	292	2003	2264	6.14e-25	108
PfKH01_000031900|DBLe|3|2317|2651	PH0778-C.g122	31.276	243	119	11	45	245	574	810	5.47e-19	90.5
PfKH01_000031900|DBLe|3|2317|2651	PH0778-C.g122	24.917	301	163	13	36	287	84	370	2.55e-11	67.4
PfKH01_000031900|DBLe|3|2317|2651	PH0778-C.g122	27.568	185	90	6	101	258	1335	1502	4.13e-10	63.5
PfKH01_000031900|DBLe|3|2317|2651	PH0778-C.g122	23.986	296	142	12	26	261	1577	1849	5.52e-09	60.1
PfKH01_000031900|DBLe|3|2317|2651	PH0815-C.g1195	97.910	335	7	0	1	335	1254	1588	0.0	671
PfKH01_000031900|DBLe|3|2317|2651	PH0815-C.g1195	31.636	275	165	10	28	292	953	1214	7.13e-25	107
PfKH01_000031900|DBLe|3|2317|2651	PH0815-C.g1195	27.568	185	90	6	101	258	285	452	5.04e-10	63.2
PfKH01_000031900|DBLe|3|2317|2651	PH0815-C.g1195	23.986	296	142	12	26	261	527	799	7.69e-09	59.7
PfKH01_000031900|ATS|1|2706|3113	PD0582-C.g234	98.526	407	6	0	2	408	2664	3070	0.0	828
PfKH01_000031900|ATS|1|2706|3113	PD0572-C.g308	97.794	408	9	0	1	408	2682	3089	0.0	823
PfKH01_000031900|ATS|1|2706|3113	PD0543-C.g218	97.794	408	9	0	1	408	2690	3097	0.0	822
PfKH01_000031900|ATS|1|2706|3113	PFKE12.g429	95.545	404	18	0	2	405	2682	3085	0.0	793
PfKH01_000031900|ATS|1|2706|3113	PV0099-C.g24	86.696	451	16	2	2	408	2681	3131	0.0	783
