PfKH02_010004900|NTS|1|1|70	PV0094-C.g18	100.000	70	0	0	1	70	1	70	1.68e-42	147
PfKH02_010004900|NTS|1|1|70	PV0286-C.g8	100.000	70	0	0	1	70	1	70	1.97e-42	147
PfKH02_010004900|NTS|1|1|70	PV0285-C.g15	100.000	70	0	0	1	70	1	70	1.97e-42	147
PfKH02_010004900|NTS|1|1|70	PD0564-C.g94	100.000	70	0	0	1	70	1	70	1.97e-42	147
PfKH02_010004900|NTS|1|1|70	SenT232.08.g335	100.000	70	0	0	1	70	1	70	2.30e-42	147
PfKH02_010004900|DBLa|1|71|470	PV0094-C.g18	100.000	400	0	0	1	400	71	470	0.0	846
PfKH02_010004900|DBLa|1|71|470	PV0094-C.g18	32.847	274	133	10	58	319	847	1081	2.12e-32	132
PfKH02_010004900|DBLa|1|71|470	PV0094-C.g18	30.744	309	167	9	58	349	1339	1617	1.67e-29	123
PfKH02_010004900|DBLa|1|71|470	PV0094-C.g18	29.358	109	76	1	220	327	2095	2203	7.67e-11	66.6
PfKH02_010004900|DBLa|1|71|470	PD0515-C.g650	100.000	400	0	0	1	400	71	470	0.0	845
PfKH02_010004900|DBLa|1|71|470	PD0515-C.g650	32.476	311	160	13	58	352	1371	1647	3.02e-32	131
PfKH02_010004900|DBLa|1|71|470	PD0515-C.g650	31.206	282	141	11	58	319	848	1096	3.46e-28	119
PfKH02_010004900|DBLa|1|71|470	PD0511-C.g262	100.000	400	0	0	1	400	71	470	0.0	845
PfKH02_010004900|DBLa|1|71|470	PD0511-C.g262	32.476	311	160	13	58	352	1371	1647	3.55e-32	131
PfKH02_010004900|DBLa|1|71|470	PD0511-C.g262	31.206	282	141	11	58	319	848	1096	4.38e-28	119
PfKH02_010004900|DBLa|1|71|470	PD0511-C.g262	27.059	170	105	4	231	400	2177	2327	1.83e-12	71.6
PfKH02_010004900|DBLa|1|71|470	PD0494-C.g159	100.000	400	0	0	1	400	71	470	0.0	845
PfKH02_010004900|DBLa|1|71|470	PD0494-C.g159	32.476	311	160	13	58	352	1371	1647	3.55e-32	131
PfKH02_010004900|DBLa|1|71|470	PD0494-C.g159	31.206	282	141	11	58	319	848	1096	4.38e-28	119
PfKH02_010004900|DBLa|1|71|470	PD0494-C.g159	27.059	170	105	4	231	400	2177	2327	1.83e-12	71.6
PfKH02_010004900|DBLa|1|71|470	PD0496-C.g566	100.000	400	0	0	1	400	71	470	0.0	843
PfKH02_010004900|DBLa|1|71|470	PD0496-C.g566	32.847	274	133	10	58	319	847	1081	3.02e-32	131
PfKH02_010004900|DBLa|1|71|470	PD0496-C.g566	28.099	363	188	12	58	388	1339	1660	5.69e-29	122
PfKH02_010004900|DBLa|1|71|470	PD0496-C.g566	24.653	288	170	10	146	400	2425	2698	3.42e-14	77.0
PfKH02_010004900|DBLa|1|71|470	PD0496-C.g566	22.404	366	222	12	30	369	1717	2046	1.62e-12	72.0
PfKH02_010004900|CIDRa|1|471|721	PH0715-C.g892	100.000	251	0	0	1	251	295	545	2.69e-177	518
PfKH02_010004900|CIDRa|1|471|721	PH0121-CW.g86	100.000	251	0	0	1	251	471	721	2.40e-175	519
PfKH02_010004900|CIDRa|1|471|721	PD0667-C.g1195	100.000	251	0	0	1	251	471	721	7.77e-174	520
PfKH02_010004900|CIDRa|1|471|721	PH0329-C.g457	100.000	251	0	0	1	251	471	721	1.68e-173	519
PfKH02_010004900|CIDRa|1|471|721	PH0556-C.g835	100.000	251	0	0	1	251	471	721	1.29e-172	520
PfKH02_010004900|DBLb|1|730|1195	PV0094-C.g18	100.000	466	0	0	1	466	730	1195	0.0	974
PfKH02_010004900|DBLb|1|730|1195	PV0094-C.g18	42.455	497	214	18	1	466	1223	1678	1.80e-101	335
PfKH02_010004900|DBLb|1|730|1195	PV0094-C.g18	33.577	274	131	11	118	352	128	389	1.83e-32	134
PfKH02_010004900|DBLb|1|730|1195	PH0329-C.g457	100.000	466	0	0	1	466	730	1195	0.0	971
PfKH02_010004900|DBLb|1|730|1195	PH0329-C.g457	49.856	347	139	12	1	327	1223	1554	3.69e-89	299
PfKH02_010004900|DBLb|1|730|1195	PH0329-C.g457	33.577	274	131	11	118	352	128	389	3.16e-32	133
PfKH02_010004900|DBLb|1|730|1195	PD0496-C.g566	100.000	466	0	0	1	466	730	1195	0.0	971
PfKH02_010004900|DBLb|1|730|1195	PD0496-C.g566	44.668	497	207	18	1	466	1223	1682	1.36e-110	361
PfKH02_010004900|DBLb|1|730|1195	PD0496-C.g566	33.577	274	131	11	118	352	128	389	2.54e-32	133
PfKH02_010004900|DBLb|1|730|1195	PD0496-C.g566	26.490	453	233	15	58	466	1689	2085	6.41e-22	102
PfKH02_010004900|DBLb|1|730|1195	PH0695-C.g164	100.000	466	0	0	1	466	730	1195	0.0	971
PfKH02_010004900|DBLb|1|730|1195	PH0695-C.g164	47.347	490	196	18	1	466	1223	1674	1.35e-118	384
PfKH02_010004900|DBLb|1|730|1195	PH0695-C.g164	36.333	300	150	11	113	387	3244	3527	6.54e-41	159
PfKH02_010004900|DBLb|1|730|1195	PH0695-C.g164	33.577	274	131	11	118	352	128	389	5.83e-32	132
PfKH02_010004900|DBLb|1|730|1195	PH0695-C.g164	27.925	265	140	11	102	353	3618	3844	1.69e-19	94.7
PfKH02_010004900|DBLb|1|730|1195	PH0695-C.g164	26.354	277	156	10	112	353	1732	1995	1.70e-12	72.4
PfKH02_010004900|DBLb|1|730|1195	PH0695-C.g164	25.574	305	178	10	112	396	2835	3110	3.26e-12	71.6
PfKH02_010004900|DBLb|1|730|1195	PH0556-C.g835	100.000	466	0	0	1	466	730	1195	0.0	971
PfKH02_010004900|DBLb|1|730|1195	PH0556-C.g835	47.143	490	197	18	1	466	1223	1674	1.07e-119	386
PfKH02_010004900|DBLb|1|730|1195	PH0556-C.g835	33.577	274	131	11	118	352	128	389	2.39e-32	133
PfKH02_010019900|NTS|1|1|59	PH0114-C.g17	100.000	59	0	0	1	59	1	59	5.71e-35	125
PfKH02_010019900|NTS|1|1|59	QE0393-Cx.g834	100.000	59	0	0	1	59	1	59	6.29e-35	125
PfKH02_010019900|NTS|1|1|59	PD0532-C.g565	100.000	59	0	0	1	59	1	59	6.48e-35	125
PfKH02_010019900|NTS|1|1|59	SenT084.10.g2807	100.000	59	0	0	1	59	1	59	6.68e-35	125
PfKH02_010019900|NTS|1|1|59	PH0604-C.g730	100.000	59	0	0	1	59	1	59	6.80e-35	125
PfKH02_010019900|DBLa|1|62|473	PD0500-C.g375	100.000	412	0	0	1	412	62	473	0.0	865
PfKH02_010019900|DBLa|1|62|473	PD0500-C.g375	34.483	290	131	10	53	332	852	1092	8.68e-36	142
PfKH02_010019900|DBLa|1|62|473	PD0500-C.g375	27.654	358	174	15	118	412	1466	1801	2.25e-14	77.8
PfKH02_010019900|DBLa|1|62|473	PH0604-C.g730	100.000	412	0	0	1	412	62	473	0.0	863
PfKH02_010019900|DBLa|1|62|473	PH0604-C.g730	34.483	290	131	10	53	332	852	1092	9.61e-36	142
PfKH02_010019900|DBLa|1|62|473	PH0604-C.g730	25.000	268	139	9	109	329	1460	1712	5.20e-13	73.6
PfKH02_010019900|DBLa|1|62|473	PH0585-C.g341	100.000	412	0	0	1	412	62	473	0.0	863
PfKH02_010019900|DBLa|1|62|473	PH0585-C.g341	34.483	290	131	10	53	332	852	1092	1.12e-35	142
PfKH02_010019900|DBLa|1|62|473	PH0585-C.g341	25.000	268	139	9	109	329	1460	1712	7.47e-13	73.2
PfKH02_010019900|DBLa|1|62|473	PH0114-C.g17	100.000	412	0	0	1	412	62	473	0.0	863
PfKH02_010019900|DBLa|1|62|473	PH0114-C.g17	34.483	290	131	10	53	332	852	1092	9.18e-36	142
PfKH02_010019900|DBLa|1|62|473	PD0532-C.g565	100.000	412	0	0	1	412	62	473	0.0	862
PfKH02_010019900|DBLa|1|62|473	PD0532-C.g565	34.483	290	131	10	53	332	852	1092	8.49e-36	142
PfKH02_010019900|DBLa|1|62|473	PD0532-C.g565	28.571	294	151	11	156	412	1477	1748	1.75e-14	78.2
PfKH02_010019900|CIDRa|1|474|723	QE0393-Cx.g834	100.000	250	0	0	1	250	474	723	4.64e-177	521
PfKH02_010019900|CIDRa|1|474|723	PH0114-C.g17	100.000	250	0	0	1	250	474	723	1.21e-176	524
PfKH02_010019900|CIDRa|1|474|723	PH0604-C.g730	100.000	250	0	0	1	250	474	723	5.23e-174	524
PfKH02_010019900|CIDRa|1|474|723	PA0044-C.g468	98.800	250	3	0	1	250	461	710	6.02e-174	516
PfKH02_010019900|CIDRa|1|474|723	PD0500-C.g375	100.000	250	0	0	1	250	474	723	4.47e-172	525
PfKH02_010019900|DBLb|1|742|1215	PH0114-C.g17	100.000	474	0	0	1	474	742	1215	0.0	998
PfKH02_010019900|DBLb|1|742|1215	PH0114-C.g17	34.892	278	122	10	111	339	114	381	3.65e-34	139
PfKH02_010019900|DBLb|1|742|1215	PD0532-C.g565	100.000	474	0	0	1	474	742	1215	0.0	998
PfKH02_010019900|DBLb|1|742|1215	PD0532-C.g565	34.892	278	122	10	111	339	114	381	3.64e-34	139
PfKH02_010019900|DBLb|1|742|1215	PD0500-C.g375	100.000	474	0	0	1	474	742	1215	0.0	998
PfKH02_010019900|DBLb|1|742|1215	PD0500-C.g375	34.892	278	122	10	111	339	114	381	4.40e-34	139
PfKH02_010019900|DBLb|1|742|1215	PH0604-C.g730	100.000	474	0	0	1	474	742	1215	0.0	997
PfKH02_010019900|DBLb|1|742|1215	PH0604-C.g730	34.892	278	122	10	111	339	114	381	4.23e-34	139
PfKH02_010019900|DBLb|1|742|1215	PH0585-C.g341	100.000	474	0	0	1	474	742	1215	0.0	997
PfKH02_010019900|DBLb|1|742|1215	PH0585-C.g341	34.892	278	122	10	111	339	114	381	5.23e-34	138
PfKH02_010019900|DBLd|1|1270|1801	PD0500-C.g375	100.000	532	0	0	1	532	1270	1801	0.0	1110
PfKH02_010019900|DBLd|1|1270|1801	PD0500-C.g375	27.933	358	173	16	197	532	179	473	5.38e-10	65.1
PfKH02_010019900|DBLd|1|1270|1801	QE0414-C.g609	60.144	557	148	11	1	532	888	1395	0.0	621
PfKH02_010019900|DBLd|1|1270|1801	QE0414-C.g609	25.414	362	195	14	197	532	190	502	3.76e-15	81.3
PfKH02_010019900|DBLd|1|1270|1801	PH0471-C.g366	60.773	543	164	14	1	532	1270	1774	0.0	575
PfKH02_010019900|DBLd|1|1270|1801	PH0471-C.g366	27.654	358	174	15	197	532	179	473	2.80e-11	68.9
PfKH02_010019900|DBLd|1|1270|1801	PH0474-CW.g290	60.773	543	164	14	1	532	1141	1645	0.0	574
PfKH02_010019900|DBLd|1|1270|1801	PH0474-CW.g290	27.933	358	173	16	197	532	50	344	6.21e-10	64.7
PfKH02_010019900|DBLd|1|1270|1801	PFKE12.g25	52.973	555	190	15	1	532	829	1335	5.21e-161	507
PfKH02_010019900|DBLd|1|1270|1801	PFKE12.g25	34.211	190	107	6	358	532	309	495	6.51e-20	96.7
PfKH02_010019900|CIDRg|1|1802|2076	PD0500-C.g375	100.000	275	0	0	1	275	1802	2076	0.0	567
PfKH02_010019900|CIDRg|1|1802|2076	PH0872-C.g846	83.088	272	41	2	1	271	1353	1620	6.23e-147	453
PfKH02_010019900|CIDRg|1|1802|2076	PA0039-C.g382	68.864	273	76	4	1	267	1368	1637	9.84e-119	376
PfKH02_010019900|CIDRg|1|1802|2076	PD0572-C.g81	68.727	275	74	5	1	275	1310	1572	2.68e-117	371
PfKH02_010019900|CIDRg|1|1802|2076	PD0572-C.g81	25.397	189	123	6	87	270	557	732	1.48e-07	54.7
PfKH02_010019900|CIDRg|1|1802|2076	PF0282-C.g427	64.621	277	85	5	1	268	1364	1636	5.02e-111	353
PfKH02_010019900|ATS|1|2195|2679	PV0211-C.g122	74.747	495	108	10	1	485	891	1378	0.0	688
PfKH02_010019900|ATS|1|2195|2679	PT0095-C.g144	77.322	463	74	9	1	457	2284	2721	0.0	687
PfKH02_010019900|ATS|1|2195|2679	PV0028-C.g43	70.385	493	82	10	1	485	1843	2279	0.0	657
PfKH02_010019900|ATS|1|2195|2679	PC0107-C.g205	70.061	491	73	8	1	485	1012	1434	0.0	652
PfKH02_010019900|ATS|1|2195|2679	PV0239-C.g24	69.126	515	99	13	1	485	1705	2189	0.0	648
PfKH02_020026400|NTS|1|1|70	PD0667-C.g1051	100.000	70	0	0	1	70	1	70	1.89e-43	150
PfKH02_020026400|NTS|1|1|70	PD0500-C.g470	100.000	70	0	0	1	70	1	70	2.04e-43	150
PfKH02_020026400|NTS|1|1|70	PC0016-C.g261	100.000	70	0	0	1	70	1	70	2.15e-43	150
PfKH02_020026400|NTS|1|1|70	QE0453-C.g757	100.000	70	0	0	1	70	1	70	2.23e-43	150
PfKH02_020026400|NTS|1|1|70	QE0428-C.g320	100.000	70	0	0	1	70	1	70	2.56e-43	150
PfKH02_020026400|DBLa|1|71|495	QE0453-C.g757	100.000	425	0	0	1	425	71	495	0.0	898
PfKH02_020026400|DBLa|1|71|495	QE0453-C.g757	32.381	105	64	3	243	341	1623	1726	1.10e-07	57.0
PfKH02_020026400|DBLa|1|71|495	QE0428-C.g320	100.000	425	0	0	1	425	71	495	0.0	896
PfKH02_020026400|DBLa|1|71|495	QE0428-C.g320	27.586	203	108	8	234	425	1587	1761	3.46e-10	64.7
PfKH02_020026400|DBLa|1|71|495	QE0427-C.g500	100.000	425	0	0	1	425	71	495	0.0	896
PfKH02_020026400|DBLa|1|71|495	QE0427-C.g500	27.586	203	108	8	234	425	1587	1761	3.46e-10	64.7
PfKH02_020026400|DBLa|1|71|495	QE0404-C.g634	100.000	425	0	0	1	425	71	495	0.0	893
PfKH02_020026400|DBLa|1|71|495	QE0404-C.g634	31.535	241	134	6	45	271	1279	1502	1.18e-27	118
PfKH02_020026400|DBLa|1|71|495	QE0404-C.g634	24.348	345	187	14	14	335	817	1110	3.75e-08	58.2
PfKH02_020026400|DBLa|1|71|495	PD0667-C.g1051	100.000	425	0	0	1	425	71	495	0.0	893
PfKH02_020026400|CIDRa|1|496|743	PC0025-C.g9	100.000	248	0	0	1	248	180	427	3.10e-178	518
PfKH02_020026400|CIDRa|1|496|743	QE0404-C.g634	100.000	248	0	0	1	248	496	743	7.52e-173	521
PfKH02_020026400|CIDRa|1|496|743	PD0667-C.g1051	100.000	248	0	0	1	248	496	743	3.14e-172	520
PfKH02_020026400|CIDRa|1|496|743	QE0453-C.g757	100.000	248	0	0	1	248	496	743	9.50e-172	523
PfKH02_020026400|CIDRa|1|496|743	QE0453-C.g757	32.222	90	61	0	101	190	1899	1988	2.25e-07	53.9
PfKH02_020026400|CIDRa|1|496|743	PD0500-C.g470	100.000	248	0	0	1	248	496	743	2.13e-171	520
PfKH02_020026400|DBLg|1|805|1199	QE0428-C.g320	100.000	395	0	0	1	395	805	1199	0.0	829
PfKH02_020026400|DBLg|1|805|1199	QE0428-C.g320	25.598	418	175	13	48	329	1313	1730	3.11e-26	113
PfKH02_020026400|DBLg|1|805|1199	QE0427-C.g500	100.000	395	0	0	1	395	805	1199	0.0	829
PfKH02_020026400|DBLg|1|805|1199	QE0427-C.g500	25.598	418	175	13	48	329	1313	1730	3.11e-26	113
PfKH02_020026400|DBLg|1|805|1199	PD0667-C.g1051	100.000	395	0	0	1	395	805	1199	0.0	826
PfKH02_020026400|DBLg|1|805|1199	PD0667-C.g1051	28.125	320	131	11	48	283	1308	1612	4.74e-24	107
PfKH02_020026400|DBLg|1|805|1199	PD0500-C.g470	100.000	395	0	0	1	395	805	1199	0.0	825
PfKH02_020026400|DBLg|1|805|1199	PD0500-C.g470	28.125	320	131	11	48	283	1308	1612	6.51e-24	106
PfKH02_020026400|DBLg|1|805|1199	PC0016-C.g261	100.000	395	0	0	1	395	805	1199	0.0	825
PfKH02_020026400|DBLg|1|805|1199	PC0016-C.g261	43.322	307	151	9	1	296	2084	2378	5.46e-69	238
PfKH02_020026400|DBLg|1|805|1199	PC0016-C.g261	28.125	320	131	11	48	283	1308	1612	6.24e-24	106
PfKH02_020026400|DBLd|1|1237|1733	PC0016-C.g261	100.000	497	0	0	1	497	1237	1733	0.0	1021
PfKH02_020026400|DBLd|1|1237|1733	PC0016-C.g261	26.636	428	184	15	1	425	2084	2384	1.06e-26	117
PfKH02_020026400|DBLd|1|1237|1733	PC0016-C.g261	28.125	320	131	11	72	376	852	1087	2.91e-23	106
PfKH02_020026400|DBLd|1|1237|1733	PC0016-C.g261	22.939	279	184	7	245	497	222	495	1.97e-10	66.2
PfKH02_020026400|DBLd|1|1237|1733	PD0500-C.g470	100.000	497	0	0	1	497	1237	1733	0.0	1020
PfKH02_020026400|DBLd|1|1237|1733	PD0500-C.g470	28.125	320	131	11	72	376	852	1087	2.35e-23	106
PfKH02_020026400|DBLd|1|1237|1733	PD0500-C.g470	22.939	279	184	7	245	497	222	495	2.48e-10	65.9
PfKH02_020026400|DBLd|1|1237|1733	PD0667-C.g1051	93.159	497	0	1	1	497	1237	1699	0.0	937
PfKH02_020026400|DBLd|1|1237|1733	PD0667-C.g1051	28.125	320	131	11	72	376	852	1087	2.22e-23	107
PfKH02_020026400|DBLd|1|1237|1733	PD0667-C.g1051	22.939	279	184	7	245	497	222	495	2.52e-10	65.9
PfKH02_020026400|DBLd|1|1237|1733	PV0115-C.g17	75.099	506	90	10	1	497	1345	1823	0.0	687
PfKH02_020026400|DBLd|1|1237|1733	PV0115-C.g17	26.636	428	184	15	1	425	2174	2474	1.02e-26	117
PfKH02_020026400|DBLd|1|1237|1733	PV0115-C.g17	23.729	531	272	21	2	497	73	505	3.24e-16	84.7
PfKH02_020026400|DBLd|1|1237|1733	PC0025-C.g15	100.000	324	0	0	174	497	1	324	0.0	672
PfKH02_020026400|DBLd|1|1237|1733	PC0025-C.g15	26.636	428	184	15	1	425	675	975	6.96e-27	117
PfKH02_020026400|CIDRb|1|1734|1988	PC0025-C.g15	100.000	255	0	0	1	255	325	579	5.57e-179	523
PfKH02_020026400|CIDRb|1|1734|1988	PD0464-C.g748	100.000	255	0	0	1	255	409	663	2.02e-178	524
PfKH02_020026400|CIDRb|1|1734|1988	QE0455-C.g36	100.000	255	0	0	1	255	519	773	3.53e-178	526
PfKH02_020026400|CIDRb|1|1734|1988	PC0016-C.g261	100.000	255	0	0	1	255	1734	1988	3.08e-172	528
PfKH02_020026400|CIDRb|1|1734|1988	PV0115-C.g17	100.000	255	0	0	1	255	1824	2078	6.65e-172	527
PfKH02_020026400|DBLg|2|2084|2456	PV0115-C.g17	100.000	373	0	0	1	373	2174	2546	0.0	773
PfKH02_020026400|DBLg|2|2084|2456	PV0115-C.g17	27.561	410	185	14	1	301	1345	1751	6.79e-27	115
PfKH02_020026400|DBLg|2|2084|2456	PV0115-C.g17	25.633	316	168	12	27	305	862	1147	4.53e-20	94.7
PfKH02_020026400|DBLg|2|2084|2456	PV0115-C.g17	25.000	324	175	10	30	314	148	442	1.19e-16	84.3
PfKH02_020026400|DBLg|2|2084|2456	QE0476-C.g323	100.000	373	0	0	1	373	2139	2511	0.0	772
PfKH02_020026400|DBLg|2|2084|2456	QE0476-C.g323	26.571	350	162	9	44	301	1370	1716	2.71e-27	116
PfKH02_020026400|DBLg|2|2084|2456	QE0476-C.g323	23.885	314	176	13	27	305	820	1105	1.97e-15	80.5
PfKH02_020026400|DBLg|2|2084|2456	QE0476-C.g323	25.503	298	181	11	42	315	112	392	3.67e-12	70.5
PfKH02_020026400|DBLg|2|2084|2456	PC0016-C.g261	100.000	373	0	0	1	373	2084	2456	0.0	772
PfKH02_020026400|DBLg|2|2084|2456	PC0016-C.g261	43.322	307	151	9	1	295	805	1100	2.99e-69	238
PfKH02_020026400|DBLg|2|2084|2456	PC0016-C.g261	26.168	428	186	14	1	301	1237	1661	1.02e-23	105
PfKH02_020026400|DBLg|2|2084|2456	PC0016-C.g261	23.362	351	193	11	30	322	106	438	6.42e-13	72.8
PfKH02_020026400|DBLg|2|2084|2456	QE0455-C.g36	100.000	373	0	0	1	373	869	1241	0.0	771
PfKH02_020026400|DBLg|2|2084|2456	QE0455-C.g36	28.010	382	181	14	11	301	68	446	2.10e-27	116
PfKH02_020026400|DBLg|2|2084|2456	PD0464-C.g748	100.000	373	0	0	1	373	759	1131	0.0	770
PfKH02_020026400|DBLg|2|2084|2456	PD0464-C.g748	28.488	344	153	11	60	314	8	347	2.17e-25	110
PfKH02_020026400|ATS|1|2510|2990	PV0028-C.g31	78.732	489	63	8	1	481	1737	2192	0.0	744
PfKH02_020026400|ATS|1|2510|2990	PV0139-C.g130	75.194	516	82	6	1	481	874	1378	0.0	706
PfKH02_020026400|ATS|1|2510|2990	PV0089-C.g33	81.741	471	69	8	13	481	1750	2205	0.0	693
PfKH02_020026400|ATS|1|2510|2990	PH0121-CW.g61	77.049	488	90	12	1	481	1474	1946	0.0	691
PfKH02_020026400|ATS|1|2510|2990	PD0549-C.g516	75.362	483	82	9	1	481	2187	2634	0.0	687
PfKH02_030005900|NTS|1|1|60	PD0524-C.g535	100.000	60	0	0	1	60	1	60	6.21e-34	122
PfKH02_030005900|NTS|1|1|60	PD0667-C.g398	100.000	60	0	0	1	60	1	60	1.56e-33	121
PfKH02_030005900|NTS|1|1|60	PD0511-C.g393	100.000	60	0	0	1	60	1	60	1.56e-33	121
PfKH02_030005900|NTS|1|1|60	PD0483-C.g386	100.000	60	0	0	1	60	1	60	1.56e-33	121
PfKH02_030005900|NTS|1|1|60	PT0042-C.g330	96.667	60	2	0	1	60	1	60	3.00e-33	120
PfKH02_030005900|DBLa|1|61|473	PD0667-C.g398	100.000	413	0	0	1	413	61	473	0.0	855
PfKH02_030005900|DBLa|1|61|473	PD0667-C.g398	31.024	332	164	12	53	378	848	1120	3.65e-32	131
PfKH02_030005900|DBLa|1|61|473	PD0667-C.g398	30.688	189	105	6	237	413	1958	2132	7.93e-15	79.3
PfKH02_030005900|DBLa|1|61|473	PD0667-C.g398	24.128	344	181	12	49	377	1267	1545	2.36e-12	71.6
PfKH02_030005900|DBLa|1|61|473	PD0511-C.g393	100.000	413	0	0	1	413	61	473	0.0	855
PfKH02_030005900|DBLa|1|61|473	PD0511-C.g393	31.024	332	164	12	53	378	848	1120	3.65e-32	131
PfKH02_030005900|DBLa|1|61|473	PD0511-C.g393	30.688	189	105	6	237	413	1958	2132	7.93e-15	79.3
PfKH02_030005900|DBLa|1|61|473	PD0511-C.g393	24.128	344	181	12	49	377	1267	1545	2.36e-12	71.6
PfKH02_030005900|DBLa|1|61|473	PD0483-C.g386	100.000	413	0	0	1	413	61	473	0.0	855
PfKH02_030005900|DBLa|1|61|473	PD0483-C.g386	31.024	332	164	12	53	378	848	1120	3.65e-32	131
PfKH02_030005900|DBLa|1|61|473	PD0483-C.g386	30.688	189	105	6	237	413	1958	2132	7.93e-15	79.3
PfKH02_030005900|DBLa|1|61|473	PD0483-C.g386	24.128	344	181	12	49	377	1267	1545	2.36e-12	71.6
PfKH02_030005900|DBLa|1|61|473	PT0042-C.g330	100.000	413	0	0	1	413	61	473	0.0	855
PfKH02_030005900|DBLa|1|61|473	PT0042-C.g330	31.293	294	144	9	53	333	848	1096	2.11e-31	129
PfKH02_030005900|DBLa|1|61|473	PT0042-C.g330	29.022	317	179	8	51	361	1701	1977	2.54e-28	120
PfKH02_030005900|DBLa|1|61|473	PT0042-C.g330	25.253	297	173	8	48	338	1273	1526	1.14e-18	91.3
PfKH02_030005900|DBLa|1|61|473	PD0524-C.g535	100.000	413	0	0	1	413	61	473	0.0	855
PfKH02_030005900|DBLa|1|61|473	PD0524-C.g535	31.024	332	164	12	53	378	848	1120	3.88e-32	131
PfKH02_030005900|DBLa|1|61|473	PD0524-C.g535	27.682	289	175	10	133	413	1842	2104	2.72e-16	84.0
PfKH02_030005900|DBLa|1|61|473	PD0524-C.g535	24.128	344	181	12	49	377	1267	1545	2.50e-12	71.6
PfKH02_030005900|CIDRa|1|474|726	PT0042-C.g330	100.000	253	0	0	1	253	474	726	1.17e-169	518
PfKH02_030005900|CIDRa|1|474|726	PD0524-C.g535	100.000	253	0	0	1	253	474	726	1.29e-169	520
PfKH02_030005900|CIDRa|1|474|726	PD0667-C.g398	100.000	253	0	0	1	253	474	726	2.14e-169	520
PfKH02_030005900|CIDRa|1|474|726	PD0511-C.g393	100.000	253	0	0	1	253	474	726	2.14e-169	520
PfKH02_030005900|CIDRa|1|474|726	PD0483-C.g386	100.000	253	0	0	1	253	474	726	2.14e-169	520
PfKH02_030005900|DBLb|1|735|1208	PD0524-C.g535	100.000	474	0	0	1	474	735	1208	0.0	993
PfKH02_030005900|DBLb|1|735|1208	PD0524-C.g535	29.358	436	232	18	13	386	17	438	2.44e-33	136
PfKH02_030005900|DBLb|1|735|1208	PD0524-C.g535	27.407	270	144	11	111	352	1268	1513	1.61e-11	69.3
PfKH02_030005900|DBLb|1|735|1208	PD0667-C.g398	100.000	474	0	0	1	474	735	1208	0.0	993
PfKH02_030005900|DBLb|1|735|1208	PD0667-C.g398	29.358	436	232	18	13	386	17	438	3.09e-33	136
PfKH02_030005900|DBLb|1|735|1208	PD0667-C.g398	27.407	270	144	11	111	352	1268	1513	1.29e-11	69.7
PfKH02_030005900|DBLb|1|735|1208	PD0511-C.g393	100.000	474	0	0	1	474	735	1208	0.0	993
PfKH02_030005900|DBLb|1|735|1208	PD0511-C.g393	29.358	436	232	18	13	386	17	438	3.09e-33	136
PfKH02_030005900|DBLb|1|735|1208	PD0511-C.g393	27.407	270	144	11	111	352	1268	1513	1.29e-11	69.7
PfKH02_030005900|DBLb|1|735|1208	PD0483-C.g386	100.000	474	0	0	1	474	735	1208	0.0	993
PfKH02_030005900|DBLb|1|735|1208	PD0483-C.g386	29.358	436	232	18	13	386	17	438	3.09e-33	136
PfKH02_030005900|DBLb|1|735|1208	PD0483-C.g386	27.407	270	144	11	111	352	1268	1513	1.29e-11	69.7
PfKH02_030005900|DBLb|1|735|1208	PT0042-C.g330	86.983	484	52	3	1	474	735	1217	0.0	828
PfKH02_030005900|DBLb|1|735|1208	PT0042-C.g330	32.487	394	216	14	14	380	1609	1979	7.64e-42	162
PfKH02_030005900|DBLb|1|735|1208	PT0042-C.g330	29.977	427	223	18	22	386	26	438	4.54e-33	135
PfKH02_030005900|DBLb|1|735|1208	PT0042-C.g330	26.408	284	157	9	97	352	1261	1520	2.22e-17	87.8
PfKH02_030005900|DBLg|1|1226|1583	PD0667-C.g398	100.000	358	0	0	1	358	1226	1583	0.0	749
PfKH02_030005900|DBLg|1|1226|1583	PD0667-C.g398	26.440	382	145	10	43	288	1674	2055	2.65e-28	119
PfKH02_030005900|DBLg|1|1226|1583	PD0667-C.g398	24.277	346	178	13	42	320	109	437	1.76e-12	71.2
PfKH02_030005900|DBLg|1|1226|1583	PD0667-C.g398	26.374	273	149	11	43	291	845	1089	3.09e-12	70.5
PfKH02_030005900|DBLg|1|1226|1583	PD0511-C.g393	100.000	358	0	0	1	358	1226	1583	0.0	749
PfKH02_030005900|DBLg|1|1226|1583	PD0511-C.g393	26.440	382	145	10	43	288	1674	2055	2.65e-28	119
PfKH02_030005900|DBLg|1|1226|1583	PD0511-C.g393	24.277	346	178	13	42	320	109	437	1.76e-12	71.2
PfKH02_030005900|DBLg|1|1226|1583	PD0511-C.g393	26.374	273	149	11	43	291	845	1089	3.09e-12	70.5
PfKH02_030005900|DBLg|1|1226|1583	PD0483-C.g386	100.000	358	0	0	1	358	1226	1583	0.0	749
PfKH02_030005900|DBLg|1|1226|1583	PD0483-C.g386	26.440	382	145	10	43	288	1674	2055	2.65e-28	119
PfKH02_030005900|DBLg|1|1226|1583	PD0483-C.g386	24.277	346	178	13	42	320	109	437	1.76e-12	71.2
PfKH02_030005900|DBLg|1|1226|1583	PD0483-C.g386	26.374	273	149	11	43	291	845	1089	3.09e-12	70.5
PfKH02_030005900|DBLg|1|1226|1583	PD0524-C.g535	100.000	358	0	0	1	358	1226	1583	0.0	748
PfKH02_030005900|DBLg|1|1226|1583	PD0524-C.g535	28.532	361	149	10	42	294	1678	2037	7.56e-31	126
PfKH02_030005900|DBLg|1|1226|1583	PD0524-C.g535	24.128	344	181	12	42	320	109	437	1.88e-12	71.2
PfKH02_030005900|DBLg|1|1226|1583	PD0524-C.g535	26.374	273	149	11	43	291	845	1089	3.46e-12	70.5
PfKH02_030005900|DBLg|1|1226|1583	PH0516-C.g30	100.000	262	0	0	97	358	1	262	0.0	548
PfKH02_030005900|DBLg|1|1226|1583	PH0516-C.g30	27.688	372	145	12	43	292	369	738	8.71e-27	114
PfKH02_030005900|DBLd|1|1600|2132	PD0667-C.g398	100.000	533	0	0	1	533	1600	2132	0.0	1103
PfKH02_030005900|DBLd|1|1600|2132	PD0667-C.g398	26.702	382	144	11	75	456	1268	1513	1.47e-27	120
PfKH02_030005900|DBLd|1|1600|2132	PD0667-C.g398	30.688	189	105	6	359	533	297	473	7.13e-16	84.0
PfKH02_030005900|DBLd|1|1600|2132	PD0511-C.g393	100.000	533	0	0	1	533	1600	2132	0.0	1103
PfKH02_030005900|DBLd|1|1600|2132	PD0511-C.g393	26.702	382	144	11	75	456	1268	1513	1.47e-27	120
PfKH02_030005900|DBLd|1|1600|2132	PD0511-C.g393	30.688	189	105	6	359	533	297	473	7.13e-16	84.0
PfKH02_030005900|DBLd|1|1600|2132	PD0483-C.g386	100.000	533	0	0	1	533	1600	2132	0.0	1103
PfKH02_030005900|DBLd|1|1600|2132	PD0483-C.g386	26.702	382	144	11	75	456	1268	1513	1.47e-27	120
PfKH02_030005900|DBLd|1|1600|2132	PD0483-C.g386	30.688	189	105	6	359	533	297	473	7.13e-16	84.0
PfKH02_030005900|DBLd|1|1600|2132	PD0539-C.g349	96.255	534	17	2	1	533	1679	2210	0.0	1055
PfKH02_030005900|DBLd|1|1600|2132	PD0539-C.g349	26.873	387	147	11	75	459	1285	1537	7.51e-28	121
PfKH02_030005900|DBLd|1|1600|2132	PD0539-C.g349	26.997	363	178	14	189	533	192	485	1.18e-20	99.0
PfKH02_030005900|DBLd|1|1600|2132	PH0991-C.g668	81.284	545	85	7	1	533	890	1429	0.0	872
PfKH02_030005900|DBLd|1|1600|2132	PH0991-C.g668	36.937	111	60	3	359	465	300	404	2.18e-11	69.3
PfKH02_030005900|CIDRg|1|2133|2400	PH0915-C.g90	100.000	268	0	0	1	268	596	863	0.0	558
PfKH02_030005900|CIDRg|1|2133|2400	PH0991-C.g668	100.000	268	0	0	1	268	1430	1697	0.0	556
PfKH02_030005900|CIDRg|1|2133|2400	PH0474-CW.g300	100.000	268	0	0	1	268	1425	1692	0.0	555
PfKH02_030005900|CIDRg|1|2133|2400	PH0474-CW.g300	33.094	139	80	6	75	208	569	699	1.69e-08	57.4
PfKH02_030005900|CIDRg|1|2133|2400	PH0471-C.g420	100.000	268	0	0	1	268	1425	1692	0.0	555
PfKH02_030005900|CIDRg|1|2133|2400	PH0471-C.g420	33.094	139	80	6	75	208	569	699	1.71e-08	57.4
PfKH02_030005900|CIDRg|1|2133|2400	PD0539-C.g349	100.000	268	0	0	1	268	2211	2478	0.0	555
PfKH02_030005900|ATS|1|2545|3050	QE0436-C.g670	76.571	525	87	10	2	506	1708	2216	0.0	734
PfKH02_030005900|ATS|1|2545|3050	PT0219-C.g578	74.225	516	90	7	1	506	1736	2218	0.0	716
PfKH02_030005900|ATS|1|2545|3050	PV0028-C.g31	73.541	514	70	9	1	506	1737	2192	0.0	708
PfKH02_030005900|ATS|1|2545|3050	PD0549-C.g516	74.901	506	69	7	1	506	2187	2634	0.0	701
PfKH02_030005900|ATS|1|2545|3050	PD0511-C.g583	74.901	506	69	7	1	506	2187	2634	0.0	701
PfKH02_030006200|NTS|1|1|67	QE0428-C.g379	100.000	67	0	0	1	67	1	67	2.61e-40	141
PfKH02_030006200|NTS|1|1|67	PD0667-C.g804	100.000	67	0	0	1	67	1	67	2.68e-40	141
PfKH02_030006200|NTS|1|1|67	PV0251-C.g5	100.000	67	0	0	1	67	1	67	2.69e-40	141
PfKH02_030006200|NTS|1|1|67	QE0483-C.g798	100.000	67	0	0	1	67	1	67	2.71e-40	141
PfKH02_030006200|NTS|1|1|67	PH0471-C.g469	100.000	67	0	0	1	67	1	67	2.85e-40	141
PfKH02_030006200|DBLa|1|68|456	PD0483-C.g194	100.000	389	0	0	1	389	68	456	0.0	816
PfKH02_030006200|DBLa|1|68|456	PD0483-C.g194	34.539	304	167	8	22	316	1576	1856	2.47e-42	160
PfKH02_030006200|DBLa|1|68|456	PD0483-C.g194	24.028	283	156	8	53	316	795	1037	8.62e-15	79.0
PfKH02_030006200|DBLa|1|68|456	PD0483-C.g194	25.850	294	137	12	56	326	1168	1403	4.23e-11	67.4
PfKH02_030006200|DBLa|1|68|456	PD0483-C.g194	26.838	272	149	12	49	315	2004	2230	4.19e-10	64.3
PfKH02_030006200|DBLa|1|68|456	PH0991-C.g182	100.000	389	0	0	1	389	68	456	0.0	815
PfKH02_030006200|DBLa|1|68|456	PH0991-C.g182	34.539	304	167	8	22	316	1576	1856	2.15e-42	161
PfKH02_030006200|DBLa|1|68|456	PH0991-C.g182	24.028	283	156	8	53	316	795	1037	8.32e-15	79.0
PfKH02_030006200|DBLa|1|68|456	PH0991-C.g182	24.556	338	165	13	12	326	1133	1403	4.16e-11	67.4
PfKH02_030006200|DBLa|1|68|456	PH0991-C.g182	26.838	272	149	12	49	315	2004	2230	4.12e-10	64.3
PfKH02_030006200|DBLa|1|68|456	PH0915-C.g233	100.000	389	0	0	1	389	68	456	0.0	815
PfKH02_030006200|DBLa|1|68|456	PH0915-C.g233	34.539	304	167	8	22	316	1576	1856	2.15e-42	161
PfKH02_030006200|DBLa|1|68|456	PH0915-C.g233	24.028	283	156	8	53	316	795	1037	8.32e-15	79.0
PfKH02_030006200|DBLa|1|68|456	PH0915-C.g233	24.556	338	165	13	12	326	1133	1403	4.16e-11	67.4
PfKH02_030006200|DBLa|1|68|456	PH0915-C.g233	26.838	272	149	12	49	315	2004	2230	4.12e-10	64.3
PfKH02_030006200|DBLa|1|68|456	PH0474-CW.g436	100.000	389	0	0	1	389	68	456	0.0	815
PfKH02_030006200|DBLa|1|68|456	PH0474-CW.g436	34.539	304	167	8	22	316	1576	1856	2.15e-42	161
PfKH02_030006200|DBLa|1|68|456	PH0474-CW.g436	24.028	283	156	8	53	316	795	1037	8.32e-15	79.0
PfKH02_030006200|DBLa|1|68|456	PH0474-CW.g436	24.556	338	165	13	12	326	1133	1403	4.16e-11	67.4
PfKH02_030006200|DBLa|1|68|456	PH0474-CW.g436	26.838	272	149	12	49	315	2004	2230	4.12e-10	64.3
PfKH02_030006200|DBLa|1|68|456	PH0471-C.g469	100.000	389	0	0	1	389	68	456	0.0	815
PfKH02_030006200|DBLa|1|68|456	PH0471-C.g469	34.539	304	167	8	22	316	1576	1856	2.60e-42	160
PfKH02_030006200|DBLa|1|68|456	PH0471-C.g469	24.028	283	156	8	53	316	795	1037	9.36e-15	79.0
PfKH02_030006200|DBLa|1|68|456	PH0471-C.g469	24.556	338	165	13	12	326	1133	1403	4.23e-11	67.4
PfKH02_030006200|DBLa|1|68|456	PH0471-C.g469	26.838	272	149	12	49	315	2004	2230	4.62e-10	64.3
PfKH02_030006200|DBLg|1|753|1105	PH0991-C.g182	100.000	353	0	0	1	353	753	1105	0.0	728
PfKH02_030006200|DBLg|1|753|1105	PH0991-C.g182	26.667	315	195	9	45	353	1167	1451	1.17e-22	102
PfKH02_030006200|DBLg|1|753|1105	PH0991-C.g182	24.913	289	180	9	39	325	2004	2257	1.35e-16	84.0
PfKH02_030006200|DBLg|1|753|1105	PH0991-C.g182	26.316	285	170	10	26	285	1587	1856	3.32e-15	79.7
PfKH02_030006200|DBLg|1|753|1105	PH0991-C.g182	24.028	283	156	8	43	285	120	383	1.46e-14	77.4
PfKH02_030006200|DBLg|1|753|1105	PH0915-C.g233	100.000	353	0	0	1	353	753	1105	0.0	728
PfKH02_030006200|DBLg|1|753|1105	PH0915-C.g233	26.667	315	195	9	45	353	1167	1451	1.17e-22	102
PfKH02_030006200|DBLg|1|753|1105	PH0915-C.g233	24.913	289	180	9	39	325	2004	2257	1.35e-16	84.0
PfKH02_030006200|DBLg|1|753|1105	PH0915-C.g233	26.316	285	170	10	26	285	1587	1856	3.32e-15	79.7
PfKH02_030006200|DBLg|1|753|1105	PH0915-C.g233	24.028	283	156	8	43	285	120	383	1.46e-14	77.4
PfKH02_030006200|DBLg|1|753|1105	PH0474-CW.g436	100.000	353	0	0	1	353	753	1105	0.0	728
PfKH02_030006200|DBLg|1|753|1105	PH0474-CW.g436	26.667	315	195	9	45	353	1167	1451	1.17e-22	102
PfKH02_030006200|DBLg|1|753|1105	PH0474-CW.g436	24.913	289	180	9	39	325	2004	2257	1.35e-16	84.0
PfKH02_030006200|DBLg|1|753|1105	PH0474-CW.g436	26.316	285	170	10	26	285	1587	1856	3.32e-15	79.7
PfKH02_030006200|DBLg|1|753|1105	PH0474-CW.g436	24.028	283	156	8	43	285	120	383	1.46e-14	77.4
PfKH02_030006200|DBLg|1|753|1105	PH0471-C.g469	100.000	353	0	0	1	353	753	1105	0.0	728
PfKH02_030006200|DBLg|1|753|1105	PH0471-C.g469	26.667	315	195	9	45	353	1167	1451	1.23e-22	102
PfKH02_030006200|DBLg|1|753|1105	PH0471-C.g469	24.913	289	180	9	39	325	2004	2257	1.35e-16	84.0
PfKH02_030006200|DBLg|1|753|1105	PH0471-C.g469	26.316	285	170	10	26	285	1587	1856	3.26e-15	79.7
PfKH02_030006200|DBLg|1|753|1105	PH0471-C.g469	24.028	283	156	8	43	285	120	383	1.60e-14	77.4
PfKH02_030006200|DBLg|1|753|1105	PD0539-C.g236	100.000	353	0	0	1	353	753	1105	0.0	728
PfKH02_030006200|DBLg|1|753|1105	PD0539-C.g236	26.667	315	195	9	45	353	1167	1451	1.17e-22	102
PfKH02_030006200|DBLg|1|753|1105	PD0539-C.g236	24.913	289	180	9	39	325	2004	2257	1.35e-16	84.0
PfKH02_030006200|DBLg|1|753|1105	PD0539-C.g236	26.316	285	170	10	26	285	1587	1856	3.32e-15	79.7
PfKH02_030006200|DBLg|1|753|1105	PD0539-C.g236	24.028	283	156	8	43	285	120	383	1.46e-14	77.4
PfKH02_030006200|DBLe|1|1113|1451	PH0549-C.g525	100.000	339	0	0	1	339	1127	1465	0.0	699
PfKH02_030006200|DBLe|1|1113|1451	PH0549-C.g525	27.187	320	193	10	54	339	806	1119	1.87e-24	107
PfKH02_030006200|DBLe|1|1113|1451	PH0549-C.g525	27.376	263	161	7	49	306	2018	2255	4.27e-20	94.0
PfKH02_030006200|DBLe|1|1113|1451	PH0549-C.g525	24.775	222	119	8	126	300	189	409	1.15e-09	62.4
PfKH02_030006200|DBLe|1|1113|1451	PH0549-C.g525	21.311	366	192	12	55	339	1618	1968	8.88e-08	56.2
PfKH02_030006200|DBLe|1|1113|1451	PH0991-C.g182	100.000	339	0	0	1	339	1113	1451	0.0	697
PfKH02_030006200|DBLe|1|1113|1451	PH0991-C.g182	26.667	315	195	9	55	339	797	1105	2.88e-23	103
PfKH02_030006200|DBLe|1|1113|1451	PH0991-C.g182	28.261	276	162	8	49	312	2004	2255	1.00e-21	99.0
PfKH02_030006200|DBLe|1|1113|1451	PH0991-C.g182	25.763	295	138	12	55	291	122	393	1.68e-11	68.2
PfKH02_030006200|DBLe|1|1113|1451	PH0915-C.g233	100.000	339	0	0	1	339	1113	1451	0.0	697
PfKH02_030006200|DBLe|1|1113|1451	PH0915-C.g233	26.667	315	195	9	55	339	797	1105	2.88e-23	103
PfKH02_030006200|DBLe|1|1113|1451	PH0915-C.g233	28.261	276	162	8	49	312	2004	2255	1.00e-21	99.0
PfKH02_030006200|DBLe|1|1113|1451	PH0915-C.g233	25.763	295	138	12	55	291	122	393	1.68e-11	68.2
PfKH02_030006200|DBLe|1|1113|1451	PH0474-CW.g436	100.000	339	0	0	1	339	1113	1451	0.0	697
PfKH02_030006200|DBLe|1|1113|1451	PH0474-CW.g436	26.667	315	195	9	55	339	797	1105	2.88e-23	103
PfKH02_030006200|DBLe|1|1113|1451	PH0474-CW.g436	28.261	276	162	8	49	312	2004	2255	1.00e-21	99.0
PfKH02_030006200|DBLe|1|1113|1451	PH0474-CW.g436	25.763	295	138	12	55	291	122	393	1.68e-11	68.2
PfKH02_030006200|DBLe|1|1113|1451	PH0471-C.g469	100.000	339	0	0	1	339	1113	1451	0.0	697
PfKH02_030006200|DBLe|1|1113|1451	PH0471-C.g469	26.667	315	195	9	55	339	797	1105	3.02e-23	103
PfKH02_030006200|DBLe|1|1113|1451	PH0471-C.g469	28.261	276	162	8	49	312	2004	2255	1.03e-21	99.0
PfKH02_030006200|DBLe|1|1113|1451	PH0471-C.g469	25.763	295	138	12	55	291	122	393	1.97e-11	67.8
PfKH02_030006200|DBLz|1|1510|1954	PA0064-C.g480	99.551	445	2	0	1	445	464	908	0.0	917
PfKH02_030006200|DBLz|1|1510|1954	PA0064-C.g480	28.636	220	113	9	93	309	962	1140	1.07e-12	72.8
PfKH02_030006200|DBLz|1|1510|1954	PA0064-C.g480	22.646	393	198	15	75	445	97	405	4.40e-09	61.2
PfKH02_030006200|DBLz|1|1510|1954	PD0483-C.g194	100.000	445	0	0	1	445	1510	1954	0.0	916
PfKH02_030006200|DBLz|1|1510|1954	PD0483-C.g194	34.539	304	167	8	67	347	89	383	7.64e-44	167
PfKH02_030006200|DBLz|1|1510|1954	PD0483-C.g194	25.874	286	172	9	77	347	777	1037	1.67e-16	85.1
PfKH02_030006200|DBLz|1|1510|1954	PD0483-C.g194	25.882	255	144	11	93	342	2008	2222	3.19e-10	65.1
PfKH02_030006200|DBLz|1|1510|1954	PH0991-C.g182	100.000	445	0	0	1	445	1510	1954	0.0	916
PfKH02_030006200|DBLz|1|1510|1954	PH0991-C.g182	34.539	304	167	8	67	347	89	383	8.02e-44	167
PfKH02_030006200|DBLz|1|1510|1954	PH0991-C.g182	25.874	286	172	9	77	347	777	1037	1.58e-16	85.1
PfKH02_030006200|DBLz|1|1510|1954	PH0991-C.g182	25.882	255	144	11	93	342	2008	2222	3.01e-10	65.1
PfKH02_030006200|DBLz|1|1510|1954	PH0915-C.g233	100.000	445	0	0	1	445	1510	1954	0.0	916
PfKH02_030006200|DBLz|1|1510|1954	PH0915-C.g233	34.539	304	167	8	67	347	89	383	8.02e-44	167
PfKH02_030006200|DBLz|1|1510|1954	PH0915-C.g233	25.874	286	172	9	77	347	777	1037	1.58e-16	85.1
PfKH02_030006200|DBLz|1|1510|1954	PH0915-C.g233	25.882	255	144	11	93	342	2008	2222	3.01e-10	65.1
PfKH02_030006200|DBLz|1|1510|1954	PH0474-CW.g436	100.000	445	0	0	1	445	1510	1954	0.0	916
PfKH02_030006200|DBLz|1|1510|1954	PH0474-CW.g436	34.539	304	167	8	67	347	89	383	8.02e-44	167
PfKH02_030006200|DBLz|1|1510|1954	PH0474-CW.g436	25.874	286	172	9	77	347	777	1037	1.58e-16	85.1
PfKH02_030006200|DBLz|1|1510|1954	PH0474-CW.g436	25.882	255	144	11	93	342	2008	2222	3.01e-10	65.1
PfKH02_030006200|DBLe|2|1959|2255	PH0585-C.g58	99.663	297	1	0	1	297	1972	2268	0.0	617
PfKH02_030006200|DBLe|2|1959|2255	PH0585-C.g58	31.276	243	120	8	49	259	1176	1403	5.37e-21	95.5
PfKH02_030006200|DBLe|2|1959|2255	PH0585-C.g58	27.232	224	127	8	35	223	789	1011	2.65e-14	75.9
PfKH02_030006200|DBLe|2|1959|2255	PH0585-C.g58	26.772	254	143	11	50	264	1615	1864	3.75e-11	66.2
PfKH02_030006200|DBLe|2|1959|2255	PH0585-C.g58	28.111	217	118	8	42	220	114	330	1.13e-10	64.7
PfKH02_030006200|DBLe|2|1959|2255	PT0222-C.g780	100.000	297	0	0	1	297	1962	2258	0.0	616
PfKH02_030006200|DBLe|2|1959|2255	PT0222-C.g780	30.962	239	132	8	46	259	1163	1393	1.60e-20	94.4
PfKH02_030006200|DBLe|2|1959|2255	PT0222-C.g780	27.014	211	119	8	46	223	793	1001	1.26e-14	76.6
PfKH02_030006200|DBLe|2|1959|2255	PT0222-C.g780	25.882	255	144	10	50	264	1605	1854	3.59e-10	63.2
PfKH02_030006200|DBLe|2|1959|2255	PT0222-C.g780	28.079	203	112	7	52	220	123	325	4.12e-07	53.9
PfKH02_030006200|DBLe|2|1959|2255	PH0991-C.g182	100.000	297	0	0	1	297	1959	2255	0.0	616
PfKH02_030006200|DBLe|2|1959|2255	PH0991-C.g182	28.261	276	162	8	46	297	1161	1424	7.81e-22	98.2
PfKH02_030006200|DBLe|2|1959|2255	PH0991-C.g182	24.643	280	178	8	49	297	794	1071	1.95e-16	82.0
PfKH02_030006200|DBLe|2|1959|2255	PH0991-C.g182	25.882	255	144	11	50	264	1602	1851	1.58e-10	64.3
PfKH02_030006200|DBLe|2|1959|2255	PH0991-C.g182	25.735	272	152	10	46	272	116	382	1.49e-09	61.2
PfKH02_030006200|DBLe|2|1959|2255	PH0915-C.g233	100.000	297	0	0	1	297	1959	2255	0.0	616
PfKH02_030006200|DBLe|2|1959|2255	PH0915-C.g233	28.261	276	162	8	46	297	1161	1424	7.81e-22	98.2
PfKH02_030006200|DBLe|2|1959|2255	PH0915-C.g233	24.643	280	178	8	49	297	794	1071	1.95e-16	82.0
PfKH02_030006200|DBLe|2|1959|2255	PH0915-C.g233	25.882	255	144	11	50	264	1602	1851	1.58e-10	64.3
PfKH02_030006200|DBLe|2|1959|2255	PH0915-C.g233	25.735	272	152	10	46	272	116	382	1.49e-09	61.2
PfKH02_030006200|DBLe|2|1959|2255	PH0604-C.g184	99.663	297	1	0	1	297	1972	2268	0.0	616
PfKH02_030006200|DBLe|2|1959|2255	PH0604-C.g184	31.276	243	120	8	49	259	1176	1403	3.71e-21	95.9
PfKH02_030006200|DBLe|2|1959|2255	PH0604-C.g184	27.232	224	127	8	35	223	789	1011	1.89e-14	76.3
PfKH02_030006200|DBLe|2|1959|2255	PH0604-C.g184	26.772	254	143	11	50	264	1615	1864	2.71e-11	66.6
PfKH02_030006200|DBLe|2|1959|2255	PH0604-C.g184	28.111	217	118	8	42	220	114	330	9.73e-11	65.1
PfKH02_030006200|ATS|1|2371|2794	PH0991-C.g182	100.000	424	0	0	1	424	2371	2794	0.0	879
PfKH02_030006200|ATS|1|2371|2794	PH0915-C.g233	100.000	424	0	0	1	424	2371	2794	0.0	879
PfKH02_030006200|ATS|1|2371|2794	PH0474-CW.g436	100.000	424	0	0	1	424	2371	2794	0.0	879
PfKH02_030006200|ATS|1|2371|2794	PD0539-C.g236	100.000	424	0	0	1	424	2371	2794	0.0	879
PfKH02_030006200|ATS|1|2371|2794	PD0511-C.g708	100.000	424	0	0	1	424	2371	2794	0.0	879
PfKH02_030030200|NTS|1|1|73	PD0667-C.g682	100.000	73	0	0	1	73	1	73	1.01e-41	145
PfKH02_030030200|NTS|1|1|73	PH0991-C.g429	100.000	73	0	0	1	73	1	73	1.03e-41	145
PfKH02_030030200|NTS|1|1|73	PH0915-C.g496	100.000	73	0	0	1	73	1	73	1.03e-41	145
PfKH02_030030200|NTS|1|1|73	PD0500-C.g439	100.000	73	0	0	1	73	1	73	1.03e-41	145
PfKH02_030030200|NTS|1|1|73	PF0190-C.g438	96.721	61	2	0	13	73	2	62	1.50e-32	119
PfKH02_030030200|DBLa|1|74|487	PD0667-C.g682	100.000	414	0	0	1	414	74	487	0.0	862
PfKH02_030030200|DBLa|1|74|487	PD0667-C.g682	30.931	333	189	9	51	374	1418	1718	9.84e-36	142
PfKH02_030030200|DBLa|1|74|487	PD0667-C.g682	31.773	299	130	13	20	292	835	1085	4.79e-27	116
PfKH02_030030200|DBLa|1|74|487	PD0667-C.g682	26.389	360	174	17	50	394	1809	2092	7.99e-14	76.3
PfKH02_030030200|DBLa|1|74|487	PH0991-C.g429	100.000	414	0	0	1	414	74	487	0.0	862
PfKH02_030030200|DBLa|1|74|487	PH0991-C.g429	30.931	333	189	9	51	374	1418	1718	1.19e-35	142
PfKH02_030030200|DBLa|1|74|487	PH0991-C.g429	31.773	299	130	13	20	292	835	1085	5.35e-27	116
PfKH02_030030200|DBLa|1|74|487	PH0991-C.g429	26.389	360	174	17	50	394	1809	2092	9.98e-14	75.9
PfKH02_030030200|DBLa|1|74|487	PH0915-C.g496	100.000	414	0	0	1	414	74	487	0.0	862
PfKH02_030030200|DBLa|1|74|487	PH0915-C.g496	30.931	333	189	9	51	374	1418	1718	1.19e-35	142
PfKH02_030030200|DBLa|1|74|487	PH0915-C.g496	31.773	299	130	13	20	292	835	1085	5.35e-27	116
PfKH02_030030200|DBLa|1|74|487	PH0915-C.g496	26.389	360	174	17	50	394	1809	2092	9.98e-14	75.9
PfKH02_030030200|DBLa|1|74|487	PD0500-C.g439	100.000	414	0	0	1	414	74	487	0.0	862
PfKH02_030030200|DBLa|1|74|487	PD0500-C.g439	30.931	333	189	9	51	374	1418	1718	1.19e-35	142
PfKH02_030030200|DBLa|1|74|487	PD0500-C.g439	31.773	299	130	13	20	292	835	1085	5.35e-27	116
PfKH02_030030200|DBLa|1|74|487	PD0500-C.g439	26.389	360	174	17	50	394	1809	2092	9.98e-14	75.9
PfKH02_030030200|DBLa|1|74|487	PF0190-C.g438	79.227	414	67	3	1	414	63	457	0.0	660
PfKH02_030030200|DBLa|1|74|487	PF0190-C.g438	36.000	225	125	6	51	272	1382	1590	6.98e-33	134
PfKH02_030030200|DBLa|1|74|487	PF0190-C.g438	28.829	333	169	14	18	333	804	1085	1.79e-26	114
PfKH02_030030200|DBLa|1|74|487	PF0190-C.g438	28.169	213	95	9	50	261	1773	1928	7.79e-11	66.6
PfKH02_030030200|CIDRa|1|488|735	PA0101-C.g213	100.000	248	0	0	1	248	457	704	2.15e-173	511
PfKH02_030030200|CIDRa|1|488|735	PV0301-C.g132	99.194	248	2	0	1	248	456	703	4.99e-171	507
PfKH02_030030200|CIDRa|1|488|735	PA0163-C.g196	97.984	248	5	0	1	248	464	711	2.80e-170	500
PfKH02_030030200|CIDRa|1|488|735	PV0129-C.g86	99.194	248	2	0	1	248	456	703	5.51e-167	505
PfKH02_030030200|CIDRa|1|488|735	PA0052-C.g316	100.000	248	0	0	1	248	457	704	8.15e-167	510
PfKH02_030030200|DBLb|1|747|1235	PD0667-C.g682	100.000	489	0	0	1	489	747	1235	0.0	1028
PfKH02_030030200|DBLb|1|747|1235	PD0667-C.g682	33.110	299	145	8	104	370	1405	1680	3.97e-37	148
PfKH02_030030200|DBLb|1|747|1235	PD0667-C.g682	27.845	413	207	17	28	374	32	419	9.92e-27	117
PfKH02_030030200|DBLb|1|747|1235	PD0667-C.g682	28.235	255	128	11	117	363	1810	2017	4.08e-17	87.4
PfKH02_030030200|DBLb|1|747|1235	PH0991-C.g429	100.000	489	0	0	1	489	747	1235	0.0	1027
PfKH02_030030200|DBLb|1|747|1235	PH0991-C.g429	33.110	299	145	8	104	370	1405	1680	3.90e-37	148
PfKH02_030030200|DBLb|1|747|1235	PH0991-C.g429	27.845	413	207	17	28	374	32	419	1.01e-26	117
PfKH02_030030200|DBLb|1|747|1235	PH0991-C.g429	28.235	255	128	11	117	363	1810	2017	4.01e-17	87.4
PfKH02_030030200|DBLb|1|747|1235	PH0915-C.g496	100.000	489	0	0	1	489	747	1235	0.0	1027
PfKH02_030030200|DBLb|1|747|1235	PH0915-C.g496	33.110	299	145	8	104	370	1405	1680	3.90e-37	148
PfKH02_030030200|DBLb|1|747|1235	PH0915-C.g496	27.845	413	207	17	28	374	32	419	1.01e-26	117
PfKH02_030030200|DBLb|1|747|1235	PH0915-C.g496	28.235	255	128	11	117	363	1810	2017	4.01e-17	87.4
PfKH02_030030200|DBLb|1|747|1235	PD0500-C.g439	100.000	489	0	0	1	489	747	1235	0.0	1027
PfKH02_030030200|DBLb|1|747|1235	PD0500-C.g439	33.110	299	145	8	104	370	1405	1680	3.90e-37	148
PfKH02_030030200|DBLb|1|747|1235	PD0500-C.g439	27.845	413	207	17	28	374	32	419	1.01e-26	117
PfKH02_030030200|DBLb|1|747|1235	PD0500-C.g439	28.235	255	128	11	117	363	1810	2017	4.01e-17	87.4
PfKH02_030030200|DBLb|1|747|1235	PA0101-C.g213	98.980	490	4	1	1	489	716	1205	0.0	1014
PfKH02_030030200|DBLb|1|747|1235	PA0101-C.g213	26.667	390	220	12	26	374	24	388	2.77e-25	112
PfKH02_030030200|DBLz|1|1326|1755	PV0204-C.g46	100.000	430	0	0	1	430	513	942	0.0	889
PfKH02_030030200|DBLz|1|1326|1755	PV0204-C.g46	33.110	299	145	8	80	355	37	303	2.63e-37	147
PfKH02_030030200|DBLz|1|1326|1755	PV0204-C.g46	24.354	271	155	7	89	358	993	1214	5.32e-15	79.7
PfKH02_030030200|DBLz|1|1326|1755	PA0052-C.g316	100.000	430	0	0	1	430	1296	1725	0.0	889
PfKH02_030030200|DBLz|1|1326|1755	PA0052-C.g316	33.110	299	146	7	80	355	819	1086	3.21e-38	150
PfKH02_030030200|DBLz|1|1326|1755	PA0052-C.g316	30.218	321	186	9	94	393	113	416	4.40e-29	122
PfKH02_030030200|DBLz|1|1326|1755	PA0052-C.g316	24.354	271	155	7	89	358	1776	1997	4.97e-15	80.1
PfKH02_030030200|DBLz|1|1326|1755	PA0020-C.g286	100.000	430	0	0	1	430	1296	1725	0.0	889
PfKH02_030030200|DBLz|1|1326|1755	PA0020-C.g286	33.110	299	146	7	80	355	819	1086	3.21e-38	150
PfKH02_030030200|DBLz|1|1326|1755	PA0020-C.g286	30.218	321	186	9	94	393	113	416	4.40e-29	122
PfKH02_030030200|DBLz|1|1326|1755	PA0020-C.g286	24.354	271	155	7	89	358	1776	1997	4.97e-15	80.1
PfKH02_030030200|DBLz|1|1326|1755	PA0081-C.g323	100.000	430	0	0	1	430	1300	1729	0.0	888
PfKH02_030030200|DBLz|1|1326|1755	PA0081-C.g323	32.632	285	143	8	95	355	831	1090	1.42e-40	157
PfKH02_030030200|DBLz|1|1326|1755	PA0081-C.g323	31.595	326	176	12	94	393	115	419	3.00e-29	123
PfKH02_030030200|DBLz|1|1326|1755	PA0081-C.g323	25.092	271	153	8	89	358	1780	2001	1.14e-14	79.0
PfKH02_030030200|DBLz|1|1326|1755	PH0991-C.g429	100.000	430	0	0	1	430	1326	1755	0.0	888
PfKH02_030030200|DBLz|1|1326|1755	PH0991-C.g429	33.110	299	145	8	80	355	850	1116	2.62e-37	147
PfKH02_030030200|DBLz|1|1326|1755	PH0991-C.g429	30.931	333	189	9	93	393	124	447	2.28e-35	141
PfKH02_030030200|DBLz|1|1326|1755	PH0991-C.g429	24.354	271	155	7	89	358	1806	2027	5.01e-15	80.1
PfKH02_030030200|DBLe|1|1761|2073	PV0204-C.g46	100.000	313	0	0	1	313	948	1260	0.0	653
PfKH02_030030200|DBLe|1|1761|2073	PV0204-C.g46	28.235	255	128	11	50	257	50	296	1.01e-17	86.3
PfKH02_030030200|DBLe|1|1761|2073	PV0204-C.g46	25.461	271	152	8	46	267	601	870	1.97e-15	79.3
PfKH02_030030200|DBLe|1|1761|2073	PH0991-C.g429	100.000	313	0	0	1	313	1761	2073	0.0	652
PfKH02_030030200|DBLe|1|1761|2073	PH0991-C.g429	28.235	255	128	11	50	257	863	1109	1.14e-17	86.3
PfKH02_030030200|DBLe|1|1761|2073	PH0991-C.g429	25.461	271	152	8	46	267	1414	1683	2.05e-15	79.3
PfKH02_030030200|DBLe|1|1761|2073	PH0991-C.g429	26.298	289	137	12	49	262	123	410	2.03e-14	76.3
PfKH02_030030200|DBLe|1|1761|2073	PH0915-C.g496	100.000	313	0	0	1	313	1761	2073	0.0	652
PfKH02_030030200|DBLe|1|1761|2073	PH0915-C.g496	28.235	255	128	11	50	257	863	1109	1.14e-17	86.3
PfKH02_030030200|DBLe|1|1761|2073	PH0915-C.g496	25.461	271	152	8	46	267	1414	1683	2.05e-15	79.3
PfKH02_030030200|DBLe|1|1761|2073	PH0915-C.g496	26.298	289	137	12	49	262	123	410	2.03e-14	76.3
PfKH02_030030200|DBLe|1|1761|2073	PD0500-C.g439	100.000	313	0	0	1	313	1761	2073	0.0	652
PfKH02_030030200|DBLe|1|1761|2073	PD0500-C.g439	28.235	255	128	11	50	257	863	1109	1.14e-17	86.3
PfKH02_030030200|DBLe|1|1761|2073	PD0500-C.g439	25.461	271	152	8	46	267	1414	1683	2.05e-15	79.3
PfKH02_030030200|DBLe|1|1761|2073	PD0500-C.g439	26.298	289	137	12	49	262	123	410	2.03e-14	76.3
PfKH02_030030200|DBLe|1|1761|2073	PD0667-C.g682	100.000	313	0	0	1	313	1761	2073	0.0	652
PfKH02_030030200|DBLe|1|1761|2073	PD0667-C.g682	28.235	255	128	11	50	257	863	1109	1.23e-17	85.9
PfKH02_030030200|DBLe|1|1761|2073	PD0667-C.g682	24.354	271	155	7	46	267	1414	1683	2.33e-15	79.3
PfKH02_030030200|DBLe|1|1761|2073	PD0667-C.g682	26.298	289	137	12	49	262	123	410	2.20e-14	76.3
PfKH02_030030200|ATS|1|2158|2588	PA0245-C.g391	80.587	443	67	6	1	431	2512	2947	0.0	681
PfKH02_030030200|ATS|1|2158|2588	QE0436-C.g732	74.385	488	65	4	1	431	1692	2176	0.0	677
PfKH02_030030200|ATS|1|2158|2588	PT0206-Cx.g946	79.167	432	87	3	1	431	901	1330	0.0	667
PfKH02_030030200|ATS|1|2158|2588	PV0028-C.g50	78.384	458	70	8	1	431	2600	3055	0.0	665
PfKH02_030030200|ATS|1|2158|2588	PV0139-C.g46	79.954	434	80	6	2	431	2379	2809	0.0	662
PfKH02_040005500|NTS|1|1|66	PD0500-C.g500	100.000	66	0	0	1	66	1	66	8.23e-39	137
PfKH02_040005500|NTS|1|1|66	QG0275-C.g386	66.667	66	21	1	2	66	1	66	3.80e-21	86.7
PfKH02_040005500|NTS|1|1|66	QE0461-C.g689	69.355	62	19	0	5	66	7	68	9.58e-21	85.5
PfKH02_040005500|NTS|1|1|66	QE0414-C.g670	69.355	62	19	0	5	66	7	68	9.58e-21	85.5
PfKH02_040005500|NTS|1|1|66	QE0399-C.g363	69.355	62	19	0	5	66	7	68	9.58e-21	85.5
PfKH02_040005500|DBLa|1|67|504	PD0500-C.g500	100.000	438	0	0	1	438	67	504	0.0	919
PfKH02_040005500|DBLa|1|67|504	PD0500-C.g500	24.887	221	115	6	137	330	1066	1262	7.38e-12	70.1
PfKH02_040005500|DBLa|1|67|504	PV0239-C.g67	69.195	435	120	8	11	438	79	506	0.0	578
PfKH02_040005500|DBLa|1|67|504	PV0239-C.g67	28.369	282	148	10	193	438	1189	1452	3.11e-17	87.0
PfKH02_040005500|DBLa|1|67|504	PH0592-C.g573	69.195	435	120	8	11	438	79	506	0.0	578
PfKH02_040005500|DBLa|1|67|504	PH0592-C.g573	23.734	316	167	13	100	380	1056	1332	1.14e-12	72.8
PfKH02_040005500|DBLa|1|67|504	PV0301-C.g107	65.864	457	117	8	1	438	71	507	0.0	577
PfKH02_040005500|DBLa|1|67|504	PF0507-C.g372	66.739	460	118	11	1	438	60	506	0.0	573
PfKH02_040005500|DBLa|1|67|504	PF0507-C.g372	27.679	224	142	4	215	438	1112	1315	3.95e-11	67.8
PfKH02_040005500|CIDRa|1|505|793	PD0500-C.g500	100.000	289	0	0	1	289	505	793	0.0	595
PfKH02_040005500|CIDRa|1|505|793	PH0248-C.g426	99.308	289	2	0	1	289	504	792	0.0	592
PfKH02_040005500|CIDRa|1|505|793	PD0473-C.g531	99.308	289	2	0	1	289	517	805	0.0	590
PfKH02_040005500|CIDRa|1|505|793	PD0473-C.g531	33.333	87	55	2	95	178	1521	1607	1.53e-07	55.1
PfKH02_040005500|CIDRa|1|505|793	PH0560-C.g599	99.308	289	2	0	1	289	520	808	0.0	590
PfKH02_040005500|CIDRa|1|505|793	PH0560-C.g599	41.558	77	43	1	110	184	1417	1493	7.45e-10	62.0
PfKH02_040005500|CIDRa|1|505|793	PH0474-CW.g387	99.308	289	2	0	1	289	520	808	0.0	590
PfKH02_040005500|CIDRa|1|505|793	PH0474-CW.g387	41.558	77	43	1	110	184	1417	1493	7.45e-10	62.0
PfKH02_040005500|DBLd|1|857|1346	PD0500-C.g500	100.000	490	0	0	1	490	857	1346	0.0	1009
PfKH02_040005500|DBLd|1|857|1346	PD0500-C.g500	25.641	234	123	6	210	419	203	409	3.86e-14	77.8
PfKH02_040005500|DBLd|1|857|1346	PV0188-C.g26	86.307	482	44	3	10	490	403	863	0.0	824
PfKH02_040005500|DBLd|1|857|1346	PD0561-C.g556	82.365	499	74	7	1	490	1069	1562	0.0	781
PfKH02_040005500|DBLd|1|857|1346	PC0085-C.g1679	56.955	532	180	13	1	490	790	1314	5.54e-171	526
PfKH02_040005500|DBLd|1|857|1346	PC0085-C.g1679	27.976	336	190	13	176	490	163	467	1.38e-22	104
PfKH02_040005500|DBLd|1|857|1346	PV0209-C.g66	57.390	521	170	15	1	490	202	701	2.33e-156	474
PfKH02_040005500|CIDRb|1|1347|1600	PV0188-C.g26	100.000	254	0	0	1	254	864	1117	6.14e-176	519
PfKH02_040005500|CIDRb|1|1347|1600	PD0500-C.g500	100.000	254	0	0	1	254	1347	1600	1.06e-171	518
PfKH02_040005500|CIDRb|1|1347|1600	PD0561-C.g556	100.000	254	0	0	1	254	1563	1816	2.00e-171	521
PfKH02_040005500|CIDRb|1|1347|1600	QG0282-C.g1157	67.969	256	79	3	1	254	2260	2514	2.54e-106	339
PfKH02_040005500|CIDRb|1|1347|1600	SenT130.09.g235	67.969	256	79	3	1	254	2658	2912	3.36e-106	339
PfKH02_040005500|CIDRb|1|1347|1600	SenT130.09.g235	57.065	184	71	4	1	183	2295	2471	1.65e-57	199
PfKH02_040005500|ATS|1|1732|2198	PV0234-C.g27	77.886	511	66	5	1	467	2445	2952	0.0	699
PfKH02_040005500|ATS|1|1732|2198	PT0170-C.g672	77.234	470	92	7	1	467	1768	2225	0.0	691
PfKH02_040005500|ATS|1|1732|2198	PV0211-C.g122	77.033	492	84	9	1	467	891	1378	0.0	687
PfKH02_040005500|ATS|1|1732|2198	QE0436-C.g670	74.560	511	83	9	2	467	1708	2216	0.0	681
PfKH02_040005500|ATS|1|1732|2198	PV0211-C.g136	75.532	470	82	5	2	467	837	1277	0.0	678
PfKH02_040017200|NTS|1|1|70	QE0466-C.g597	100.000	70	0	0	1	70	1	70	2.30e-34	124
PfKH02_040017200|NTS|1|1|70	QE0476-C.g569	100.000	70	0	0	1	70	1	70	2.56e-34	124
PfKH02_040017200|NTS|1|1|70	QE0470-C.g648	100.000	70	0	0	1	70	1	70	2.56e-34	124
PfKH02_040017200|NTS|1|1|70	PV0286-C.g21	100.000	70	0	0	1	70	1	70	3.11e-34	124
PfKH02_040017200|NTS|1|1|70	PH0932-C.g138	100.000	70	0	0	1	70	1	70	3.11e-34	124
PfKH02_040017200|DBLa|1|71|514	QE0476-C.g569	100.000	444	0	0	1	444	71	514	0.0	923
PfKH02_040017200|DBLa|1|71|514	QE0476-C.g569	23.824	340	189	12	129	444	1129	1422	2.93e-13	74.7
PfKH02_040017200|DBLa|1|71|514	QE0470-C.g648	100.000	444	0	0	1	444	71	514	0.0	923
PfKH02_040017200|DBLa|1|71|514	QE0470-C.g648	23.824	340	189	12	129	444	1129	1422	2.93e-13	74.7
PfKH02_040017200|DBLa|1|71|514	PV0286-C.g21	100.000	444	0	0	1	444	71	514	0.0	923
PfKH02_040017200|DBLa|1|71|514	PV0286-C.g21	24.118	340	188	12	129	444	1146	1439	6.67e-15	79.7
PfKH02_040017200|DBLa|1|71|514	PV0285-C.g31	100.000	444	0	0	1	444	71	514	0.0	923
PfKH02_040017200|DBLa|1|71|514	PV0285-C.g31	24.118	340	188	12	129	444	1146	1439	6.10e-15	80.1
PfKH02_040017200|DBLa|1|71|514	PV0089-C.g44	100.000	444	0	0	1	444	71	514	0.0	923
PfKH02_040017200|DBLa|1|71|514	PV0089-C.g44	24.118	340	188	12	129	444	1146	1439	6.10e-15	80.1
PfKH02_040017200|CIDRa|1|515|828	PV0285-C.g31	99.682	314	1	0	1	314	515	828	0.0	646
PfKH02_040017200|CIDRa|1|515|828	PV0089-C.g44	99.682	314	1	0	1	314	515	828	0.0	646
PfKH02_040017200|CIDRa|1|515|828	PH0991-C.g409	99.682	314	1	0	1	314	515	828	0.0	646
PfKH02_040017200|CIDRa|1|515|828	PH0774-C.g319	99.682	314	1	0	1	314	515	828	0.0	646
PfKH02_040017200|CIDRa|1|515|828	PH0769-C.g396	99.682	314	1	0	1	314	515	828	0.0	646
PfKH02_040017200|DBLd|1|916|1439	PV0286-C.g21	100.000	524	0	0	1	524	916	1439	0.0	1085
PfKH02_040017200|DBLd|1|916|1439	PV0286-C.g21	24.324	333	196	11	231	524	199	514	1.72e-14	79.3
PfKH02_040017200|DBLd|1|916|1439	PV0285-C.g31	100.000	524	0	0	1	524	916	1439	0.0	1085
PfKH02_040017200|DBLd|1|916|1439	PV0285-C.g31	24.324	333	196	11	231	524	199	514	1.76e-14	79.3
PfKH02_040017200|DBLd|1|916|1439	PV0089-C.g44	100.000	524	0	0	1	524	916	1439	0.0	1085
PfKH02_040017200|DBLd|1|916|1439	PV0089-C.g44	24.324	333	196	11	231	524	199	514	1.76e-14	79.3
PfKH02_040017200|DBLd|1|916|1439	PH0991-C.g409	100.000	524	0	0	1	524	916	1439	0.0	1085
PfKH02_040017200|DBLd|1|916|1439	PH0991-C.g409	24.324	333	196	11	231	524	199	514	1.76e-14	79.3
PfKH02_040017200|DBLd|1|916|1439	PH0932-C.g138	100.000	524	0	0	1	524	916	1439	0.0	1085
PfKH02_040017200|DBLd|1|916|1439	PH0932-C.g138	24.324	333	196	11	231	524	199	514	1.72e-14	79.3
PfKH02_040017200|CIDRb|1|1440|1699	PD0562-C.g859	100.000	260	0	0	1	260	609	868	0.0	531
PfKH02_040017200|CIDRb|1|1440|1699	PH0495-CW.g1	100.000	260	0	0	1	260	630	889	0.0	530
PfKH02_040017200|CIDRb|1|1440|1699	PD0460-C.g50	100.000	260	0	0	1	260	836	1095	7.61e-180	528
PfKH02_040017200|CIDRb|1|1440|1699	QE0476-C.g569	100.000	260	0	0	1	260	1423	1682	1.39e-175	530
PfKH02_040017200|CIDRb|1|1440|1699	QE0470-C.g648	100.000	260	0	0	1	260	1423	1682	1.39e-175	530
PfKH02_040017200|ATS|1|1809|2268	PV0139-C.g12	92.174	460	35	1	1	460	1673	2131	0.0	883
PfKH02_040017200|ATS|1|1809|2268	PD0494-C.g424	90.652	460	35	2	1	460	1751	2202	0.0	862
PfKH02_040017200|ATS|1|1809|2268	PV0117-C.g40	76.017	467	81	8	1	460	1559	2001	0.0	674
PfKH02_040017200|ATS|1|1809|2268	PV0287-C.g17	76.017	467	81	8	1	460	2183	2625	0.0	672
PfKH02_040017200|ATS|1|1809|2268	PV0211-C.g59	76.017	467	81	8	1	460	1844	2286	0.0	672
PfKH02_040017600|NTS|1|1|70	QE0466-C.g597	100.000	70	0	0	1	70	1	70	2.30e-34	124
PfKH02_040017600|NTS|1|1|70	QE0476-C.g569	100.000	70	0	0	1	70	1	70	2.56e-34	124
PfKH02_040017600|NTS|1|1|70	QE0470-C.g648	100.000	70	0	0	1	70	1	70	2.56e-34	124
PfKH02_040017600|NTS|1|1|70	PV0286-C.g21	100.000	70	0	0	1	70	1	70	3.11e-34	124
PfKH02_040017600|NTS|1|1|70	PH0932-C.g138	100.000	70	0	0	1	70	1	70	3.11e-34	124
PfKH02_040017600|DBLa|1|71|514	QE0476-C.g569	100.000	444	0	0	1	444	71	514	0.0	923
PfKH02_040017600|DBLa|1|71|514	QE0476-C.g569	23.824	340	189	12	129	444	1129	1422	2.93e-13	74.7
PfKH02_040017600|DBLa|1|71|514	QE0470-C.g648	100.000	444	0	0	1	444	71	514	0.0	923
PfKH02_040017600|DBLa|1|71|514	QE0470-C.g648	23.824	340	189	12	129	444	1129	1422	2.93e-13	74.7
PfKH02_040017600|DBLa|1|71|514	PV0286-C.g21	100.000	444	0	0	1	444	71	514	0.0	923
PfKH02_040017600|DBLa|1|71|514	PV0286-C.g21	24.118	340	188	12	129	444	1146	1439	6.67e-15	79.7
PfKH02_040017600|DBLa|1|71|514	PV0285-C.g31	100.000	444	0	0	1	444	71	514	0.0	923
PfKH02_040017600|DBLa|1|71|514	PV0285-C.g31	24.118	340	188	12	129	444	1146	1439	6.10e-15	80.1
PfKH02_040017600|DBLa|1|71|514	PV0089-C.g44	100.000	444	0	0	1	444	71	514	0.0	923
PfKH02_040017600|DBLa|1|71|514	PV0089-C.g44	24.118	340	188	12	129	444	1146	1439	6.10e-15	80.1
PfKH02_040017600|CIDRa|1|515|828	PV0285-C.g31	99.682	314	1	0	1	314	515	828	0.0	646
PfKH02_040017600|CIDRa|1|515|828	PV0089-C.g44	99.682	314	1	0	1	314	515	828	0.0	646
PfKH02_040017600|CIDRa|1|515|828	PH0991-C.g409	99.682	314	1	0	1	314	515	828	0.0	646
PfKH02_040017600|CIDRa|1|515|828	PH0774-C.g319	99.682	314	1	0	1	314	515	828	0.0	646
PfKH02_040017600|CIDRa|1|515|828	PH0769-C.g396	99.682	314	1	0	1	314	515	828	0.0	646
PfKH02_040017600|DBLd|1|916|1410	PD0543-C.g752	93.254	504	25	4	1	495	904	1407	0.0	923
PfKH02_040017600|DBLd|1|916|1410	PD0543-C.g752	29.717	212	107	9	316	495	318	519	1.22e-09	63.5
PfKH02_040017600|DBLd|1|916|1410	PH0991-C.g548	92.857	504	27	3	1	495	904	1407	0.0	922
PfKH02_040017600|DBLd|1|916|1410	PH0991-C.g548	29.717	212	107	9	316	495	318	519	1.05e-09	63.9
PfKH02_040017600|DBLd|1|916|1410	PV0286-C.g34	92.857	504	27	3	1	495	904	1407	0.0	922
PfKH02_040017600|DBLd|1|916|1410	PV0286-C.g34	29.717	212	107	9	316	495	318	519	1.09e-09	63.5
PfKH02_040017600|DBLd|1|916|1410	PV0285-C.g71	92.857	504	27	3	1	495	904	1407	0.0	922
PfKH02_040017600|DBLd|1|916|1410	PV0285-C.g71	29.717	212	107	9	316	495	318	519	1.09e-09	63.5
PfKH02_040017600|DBLd|1|916|1410	PV0089-C.g3	92.857	504	27	3	1	495	904	1407	0.0	922
PfKH02_040017600|DBLd|1|916|1410	PV0089-C.g3	29.717	212	107	9	316	495	318	519	1.09e-09	63.5
PfKH02_040017600|CIDRb|1|1411|1658	PD0543-C.g752	100.000	248	0	0	1	248	1408	1655	4.55e-168	508
PfKH02_040017600|CIDRb|1|1411|1658	PV0286-C.g34	100.000	248	0	0	1	248	1408	1655	7.28e-168	508
PfKH02_040017600|CIDRb|1|1411|1658	PV0285-C.g71	100.000	248	0	0	1	248	1408	1655	7.28e-168	508
PfKH02_040017600|CIDRb|1|1411|1658	PV0089-C.g3	100.000	248	0	0	1	248	1408	1655	7.28e-168	508
PfKH02_040017600|CIDRb|1|1411|1658	PH0932-C.g383	100.000	248	0	0	1	248	1408	1655	7.28e-168	508
PfKH02_040017600|ATS|1|1757|2206	PV0084-C.g23	77.021	470	84	9	2	450	1759	2225	0.0	639
PfKH02_040017600|ATS|1|1757|2206	QG0296-C.g5597	69.848	461	122	7	2	450	1003	1458	0.0	638
PfKH02_040017600|ATS|1|1757|2206	PD0585-C.g573	72.506	451	108	10	2	450	2221	2657	0.0	633
PfKH02_040017600|ATS|1|1757|2206	PT0158-C.g851	73.836	451	95	8	2	450	1775	2204	0.0	632
PfKH02_040017600|ATS|1|1757|2206	PV0084-C.g6	72.113	459	107	12	2	450	1816	2263	0.0	629
PfKH02_040018000|NTS|1|1|68	QE0467-C.g59	100.000	68	0	0	1	68	1	68	1.40e-40	142
PfKH02_040018000|NTS|1|1|68	PA0102-C.g487	100.000	68	0	0	1	68	1	68	1.52e-40	142
PfKH02_040018000|NTS|1|1|68	PV0138-C.g16	100.000	68	0	0	1	68	1	68	1.88e-40	142
PfKH02_040018000|NTS|1|1|68	PV0112-C.g17	100.000	68	0	0	1	68	1	68	1.88e-40	142
PfKH02_040018000|NTS|1|1|68	PV0098-C.g35	100.000	68	0	0	1	68	1	68	1.88e-40	142
PfKH02_040018000|DBLa|1|69|519	PD0543-C.g752	100.000	451	0	0	1	451	69	519	0.0	934
PfKH02_040018000|DBLa|1|69|519	PD0543-C.g752	34.862	109	66	2	250	353	1228	1336	8.82e-14	76.3
PfKH02_040018000|DBLa|1|69|519	PV0286-C.g34	100.000	451	0	0	1	451	69	519	0.0	934
PfKH02_040018000|DBLa|1|69|519	PV0286-C.g34	34.862	109	66	2	250	353	1228	1336	9.35e-14	76.3
PfKH02_040018000|DBLa|1|69|519	PV0285-C.g71	100.000	451	0	0	1	451	69	519	0.0	934
PfKH02_040018000|DBLa|1|69|519	PV0285-C.g71	34.862	109	66	2	250	353	1228	1336	9.35e-14	76.3
PfKH02_040018000|DBLa|1|69|519	PV0089-C.g3	100.000	451	0	0	1	451	69	519	0.0	934
PfKH02_040018000|DBLa|1|69|519	PV0089-C.g3	34.862	109	66	2	250	353	1228	1336	9.35e-14	76.3
PfKH02_040018000|DBLa|1|69|519	PH0991-C.g548	100.000	451	0	0	1	451	69	519	0.0	934
PfKH02_040018000|DBLa|1|69|519	PH0991-C.g548	34.862	109	66	2	250	353	1228	1336	9.35e-14	76.3
PfKH02_040018000|CIDRa|1|520|825	PV0286-C.g34	100.000	306	0	0	1	306	520	825	0.0	620
PfKH02_040018000|CIDRa|1|520|825	PV0285-C.g71	100.000	306	0	0	1	306	520	825	0.0	620
PfKH02_040018000|CIDRa|1|520|825	PV0089-C.g3	100.000	306	0	0	1	306	520	825	0.0	620
PfKH02_040018000|CIDRa|1|520|825	PH0932-C.g383	100.000	306	0	0	1	306	520	825	0.0	620
PfKH02_040018000|CIDRa|1|520|825	PH0915-C.g605	100.000	306	0	0	1	306	520	825	0.0	620
PfKH02_040018000|DBLd|1|904|1407	PD0543-C.g752	100.000	504	0	0	1	504	904	1407	0.0	1049
PfKH02_040018000|DBLd|1|904|1407	PD0543-C.g752	29.717	212	107	9	325	504	318	519	1.15e-09	63.5
PfKH02_040018000|DBLd|1|904|1407	PV0286-C.g34	100.000	504	0	0	1	504	904	1407	0.0	1047
PfKH02_040018000|DBLd|1|904|1407	PV0286-C.g34	29.717	212	107	9	325	504	318	519	9.62e-10	63.9
PfKH02_040018000|DBLd|1|904|1407	PV0285-C.g71	100.000	504	0	0	1	504	904	1407	0.0	1047
PfKH02_040018000|DBLd|1|904|1407	PV0285-C.g71	29.717	212	107	9	325	504	318	519	9.62e-10	63.9
PfKH02_040018000|DBLd|1|904|1407	PV0089-C.g3	100.000	504	0	0	1	504	904	1407	0.0	1047
PfKH02_040018000|DBLd|1|904|1407	PV0089-C.g3	29.717	212	107	9	325	504	318	519	9.62e-10	63.9
PfKH02_040018000|DBLd|1|904|1407	PH0991-C.g548	100.000	504	0	0	1	504	904	1407	0.0	1047
PfKH02_040018000|DBLd|1|904|1407	PH0991-C.g548	29.717	212	107	9	325	504	318	519	9.46e-10	63.9
PfKH02_040018000|CIDRb|1|1408|1655	PD0543-C.g752	100.000	248	0	0	1	248	1408	1655	4.55e-168	508
PfKH02_040018000|CIDRb|1|1408|1655	PV0286-C.g34	100.000	248	0	0	1	248	1408	1655	7.28e-168	508
PfKH02_040018000|CIDRb|1|1408|1655	PV0285-C.g71	100.000	248	0	0	1	248	1408	1655	7.28e-168	508
PfKH02_040018000|CIDRb|1|1408|1655	PV0089-C.g3	100.000	248	0	0	1	248	1408	1655	7.28e-168	508
PfKH02_040018000|CIDRb|1|1408|1655	PH0932-C.g383	100.000	248	0	0	1	248	1408	1655	7.28e-168	508
PfKH02_040018000|ATS|1|1754|2203	PV0084-C.g23	77.021	470	84	9	2	450	1759	2225	0.0	639
PfKH02_040018000|ATS|1|1754|2203	QG0296-C.g5597	69.848	461	122	7	2	450	1003	1458	0.0	638
PfKH02_040018000|ATS|1|1754|2203	PD0585-C.g573	72.506	451	108	10	2	450	2221	2657	0.0	633
PfKH02_040018000|ATS|1|1754|2203	PT0158-C.g851	73.836	451	95	8	2	450	1775	2204	0.0	632
PfKH02_040018000|ATS|1|1754|2203	PV0084-C.g6	72.113	459	107	12	2	450	1816	2263	0.0	629
PfKH02_040025700|NTS|1|1|59	PV0204-C.g36	100.000	59	0	0	1	59	1	59	4.70e-34	123
PfKH02_040025700|NTS|1|1|59	PV0112-C.g77	100.000	59	0	0	1	59	1	59	8.84e-34	122
PfKH02_040025700|NTS|1|1|59	PV0142-C.g1	100.000	59	0	0	1	59	1	59	1.96e-33	121
PfKH02_040025700|NTS|1|1|59	PV0138-C.g6	100.000	59	0	0	1	59	1	59	1.96e-33	121
PfKH02_040025700|NTS|1|1|59	PD0667-C.g1196	100.000	59	0	0	1	59	1	59	1.96e-33	121
PfKH02_040025700|DBLa|1|60|459	QG0190-C.g192	100.000	400	0	0	1	400	60	459	0.0	837
PfKH02_040025700|DBLa|1|60|459	QG0190-C.g192	38.767	227	104	11	52	259	852	1062	1.00e-32	133
PfKH02_040025700|DBLa|1|60|459	QG0190-C.g192	24.354	271	139	8	115	328	1781	2042	1.68e-14	78.2
PfKH02_040025700|DBLa|1|60|459	QG0190-C.g192	25.839	298	151	10	41	323	1260	1502	2.61e-12	71.2
PfKH02_040025700|DBLa|1|60|459	PT0264-C.g120	100.000	400	0	0	1	400	60	459	0.0	837
PfKH02_040025700|DBLa|1|60|459	PT0264-C.g120	38.767	227	104	11	52	259	852	1062	1.00e-32	133
PfKH02_040025700|DBLa|1|60|459	PT0264-C.g120	24.354	271	139	8	115	328	1781	2042	1.68e-14	78.2
PfKH02_040025700|DBLa|1|60|459	PT0264-C.g120	25.839	298	151	10	41	323	1260	1502	2.61e-12	71.2
PfKH02_040025700|DBLa|1|60|459	PT0226-Cx.g160	100.000	400	0	0	1	400	60	459	0.0	837
PfKH02_040025700|DBLa|1|60|459	PT0226-Cx.g160	38.767	227	104	11	52	259	852	1062	1.00e-32	133
PfKH02_040025700|DBLa|1|60|459	PT0226-Cx.g160	24.354	271	139	8	115	328	1781	2042	1.68e-14	78.2
PfKH02_040025700|DBLa|1|60|459	PT0226-Cx.g160	25.839	298	151	10	41	323	1260	1502	2.61e-12	71.2
PfKH02_040025700|DBLa|1|60|459	PT0184-C.g4506	100.000	400	0	0	1	400	60	459	0.0	837
PfKH02_040025700|DBLa|1|60|459	PT0184-C.g4506	38.767	227	104	11	52	259	852	1062	1.00e-32	133
PfKH02_040025700|DBLa|1|60|459	PT0184-C.g4506	24.354	271	139	8	115	328	1781	2042	1.68e-14	78.2
PfKH02_040025700|DBLa|1|60|459	PT0184-C.g4506	25.839	298	151	10	41	323	1260	1502	2.61e-12	71.2
PfKH02_040025700|DBLa|1|60|459	PT0169-C.g252	100.000	400	0	0	1	400	60	459	0.0	837
PfKH02_040025700|DBLa|1|60|459	PT0169-C.g252	38.767	227	104	11	52	259	852	1062	1.00e-32	133
PfKH02_040025700|DBLa|1|60|459	PT0169-C.g252	24.354	271	139	8	115	328	1781	2042	1.68e-14	78.2
PfKH02_040025700|DBLa|1|60|459	PT0169-C.g252	25.839	298	151	10	41	323	1260	1502	2.61e-12	71.2
PfKH02_040025700|CIDRa|1|460|712	PV0112-C.g77	100.000	253	0	0	1	253	460	712	1.44e-178	520
PfKH02_040025700|CIDRa|1|460|712	PV0133-C.g167	100.000	253	0	0	1	253	458	710	8.61e-177	521
PfKH02_040025700|CIDRa|1|460|712	PV0204-C.g36	100.000	253	0	0	1	253	460	712	1.38e-173	520
PfKH02_040025700|CIDRa|1|460|712	PFKE06.g231	100.000	253	0	0	1	253	460	712	2.21e-170	522
PfKH02_040025700|CIDRa|1|460|712	PFKE06.g231	27.586	174	112	4	20	186	2133	2299	3.16e-10	62.4
PfKH02_040025700|CIDRa|1|460|712	QG0190-C.g192	100.000	253	0	0	1	253	460	712	2.67e-170	522
PfKH02_040025700|CIDRa|1|460|712	QG0190-C.g192	27.586	174	112	4	20	186	2133	2299	3.16e-10	62.4
PfKH02_040025700|DBLb|1|735|1212	QE0465-C.g80	100.000	478	0	0	1	478	735	1212	0.0	1004
PfKH02_040025700|DBLb|1|735|1212	QE0465-C.g80	33.028	327	173	15	18	328	22	318	7.77e-34	138
PfKH02_040025700|DBLb|1|735|1212	QE0465-C.g80	25.830	271	152	9	117	368	1277	1517	1.88e-16	85.1
PfKH02_040025700|DBLb|1|735|1212	QE0465-C.g80	22.344	273	151	11	169	408	1738	1982	9.66e-07	54.3
PfKH02_040025700|DBLb|1|735|1212	PV0098-C.g19	100.000	478	0	0	1	478	735	1212	0.0	1004
PfKH02_040025700|DBLb|1|735|1212	PV0098-C.g19	33.028	327	173	15	18	328	22	318	7.77e-34	138
PfKH02_040025700|DBLb|1|735|1212	PV0098-C.g19	25.830	271	152	9	117	368	1277	1517	1.88e-16	85.1
PfKH02_040025700|DBLb|1|735|1212	PV0098-C.g19	22.344	273	151	11	169	408	1738	1982	9.66e-07	54.3
PfKH02_040025700|DBLb|1|735|1212	PH0991-C.g53	100.000	478	0	0	1	478	735	1212	0.0	1004
PfKH02_040025700|DBLb|1|735|1212	PH0991-C.g53	33.028	327	173	15	18	328	22	318	7.77e-34	138
PfKH02_040025700|DBLb|1|735|1212	PH0991-C.g53	25.830	271	152	9	117	368	1277	1517	1.88e-16	85.1
PfKH02_040025700|DBLb|1|735|1212	PH0991-C.g53	22.344	273	151	11	169	408	1738	1982	9.66e-07	54.3
PfKH02_040025700|DBLb|1|735|1212	PH0915-C.g185	100.000	478	0	0	1	478	735	1212	0.0	1004
PfKH02_040025700|DBLb|1|735|1212	PH0915-C.g185	33.028	327	173	15	18	328	22	318	7.77e-34	138
PfKH02_040025700|DBLb|1|735|1212	PH0915-C.g185	25.830	271	152	9	117	368	1277	1517	1.88e-16	85.1
PfKH02_040025700|DBLb|1|735|1212	PH0915-C.g185	22.344	273	151	11	169	408	1738	1982	9.66e-07	54.3
PfKH02_040025700|DBLb|1|735|1212	PH0121-CW.g16	100.000	478	0	0	1	478	735	1212	0.0	1004
PfKH02_040025700|DBLb|1|735|1212	PH0121-CW.g16	33.028	327	173	15	18	328	22	318	7.77e-34	138
PfKH02_040025700|DBLb|1|735|1212	PH0121-CW.g16	25.830	271	152	9	117	368	1277	1517	1.88e-16	85.1
PfKH02_040025700|DBLb|1|735|1212	PH0121-CW.g16	22.344	273	151	11	169	408	1738	1982	9.66e-07	54.3
PfKH02_040025700|DBLg|1|1231|1596	PH0592-C.g540	100.000	366	0	0	1	366	171	536	0.0	761
PfKH02_040025700|DBLg|1|1231|1596	PH0592-C.g540	34.985	323	160	11	28	309	585	898	1.18e-48	178
PfKH02_040025700|DBLg|1|1231|1596	QE0465-C.g80	100.000	366	0	0	1	366	1231	1596	0.0	760
PfKH02_040025700|DBLg|1|1231|1596	QE0465-C.g80	34.985	323	160	11	28	309	1645	1958	1.43e-48	178
PfKH02_040025700|DBLg|1|1231|1596	QE0465-C.g80	25.830	271	152	9	47	287	851	1102	1.90e-16	83.6
PfKH02_040025700|DBLg|1|1231|1596	QE0465-C.g80	24.478	335	198	9	41	333	104	425	2.60e-11	67.8
PfKH02_040025700|DBLg|1|1231|1596	PV0098-C.g19	100.000	366	0	0	1	366	1231	1596	0.0	760
PfKH02_040025700|DBLg|1|1231|1596	PV0098-C.g19	34.985	323	160	11	28	309	1645	1958	1.43e-48	178
PfKH02_040025700|DBLg|1|1231|1596	PV0098-C.g19	25.830	271	152	9	47	287	851	1102	1.90e-16	83.6
PfKH02_040025700|DBLg|1|1231|1596	PV0098-C.g19	24.478	335	198	9	41	333	104	425	2.60e-11	67.8
PfKH02_040025700|DBLg|1|1231|1596	PV0028-C.g32	100.000	366	0	0	1	366	1231	1596	0.0	760
PfKH02_040025700|DBLg|1|1231|1596	PV0028-C.g32	34.985	323	160	11	28	309	1645	1958	1.47e-48	178
PfKH02_040025700|DBLg|1|1231|1596	PV0028-C.g32	25.830	271	152	9	47	287	851	1102	1.70e-16	83.6
PfKH02_040025700|DBLg|1|1231|1596	PV0028-C.g32	24.107	336	198	10	41	333	104	425	2.73e-11	67.8
PfKH02_040025700|DBLg|1|1231|1596	PH0991-C.g53	100.000	366	0	0	1	366	1231	1596	0.0	760
PfKH02_040025700|DBLg|1|1231|1596	PH0991-C.g53	34.985	323	160	11	28	309	1645	1958	1.43e-48	178
PfKH02_040025700|DBLg|1|1231|1596	PH0991-C.g53	25.830	271	152	9	47	287	851	1102	1.90e-16	83.6
PfKH02_040025700|DBLg|1|1231|1596	PH0991-C.g53	24.478	335	198	9	41	333	104	425	2.60e-11	67.8
PfKH02_040025700|DBLd|1|1617|2012	PF0092-C.g751	100.000	396	0	0	1	396	322	717	0.0	824
PfKH02_040025700|DBLd|1|1617|2012	PF0092-C.g751	34.510	255	132	7	77	327	1	224	3.31e-37	145
PfKH02_040025700|DBLd|1|1617|2012	PH0592-C.g540	100.000	396	0	0	1	396	557	952	0.0	823
PfKH02_040025700|DBLd|1|1617|2012	PH0592-C.g540	33.903	351	181	12	1	342	171	479	1.20e-47	176
PfKH02_040025700|DBLd|1|1617|2012	QE0476-C.g485	100.000	396	0	0	1	396	1610	2005	0.0	822
PfKH02_040025700|DBLd|1|1617|2012	QE0476-C.g485	38.941	321	160	9	1	314	1208	1499	2.43e-52	190
PfKH02_040025700|DBLd|1|1617|2012	QE0476-C.g485	30.233	301	156	13	138	396	172	460	4.23e-22	101
PfKH02_040025700|DBLd|1|1617|2012	QE0476-C.g485	21.829	339	181	12	1	312	790	1071	6.17e-08	57.4
PfKH02_040025700|DBLd|1|1617|2012	PV0147-C.g9	100.000	396	0	0	1	396	1610	2005	0.0	822
PfKH02_040025700|DBLd|1|1617|2012	PV0147-C.g9	38.941	321	160	9	1	314	1208	1499	2.57e-52	190
PfKH02_040025700|DBLd|1|1617|2012	PV0147-C.g9	30.233	301	156	13	138	396	172	460	4.19e-22	101
PfKH02_040025700|DBLd|1|1617|2012	PV0147-C.g9	21.829	339	181	12	1	312	790	1071	6.06e-08	57.4
PfKH02_040025700|DBLd|1|1617|2012	PH0599-C.g327	100.000	396	0	0	1	396	1610	2005	0.0	822
PfKH02_040025700|DBLd|1|1617|2012	PH0599-C.g327	38.941	321	160	9	1	314	1208	1499	2.57e-52	190
PfKH02_040025700|DBLd|1|1617|2012	PH0599-C.g327	30.233	301	156	13	138	396	172	460	4.19e-22	101
PfKH02_040025700|DBLd|1|1617|2012	PH0599-C.g327	21.829	339	181	12	1	312	790	1071	6.06e-08	57.4
PfKH02_040025700|CIDRb|1|2013|2265	PFKE01.g345	100.000	253	0	0	1	253	161	413	4.18e-179	520
PfKH02_040025700|CIDRb|1|2013|2265	PV0080-C.g60	100.000	253	0	0	1	253	627	879	4.17e-177	515
PfKH02_040025700|CIDRb|1|2013|2265	PC0030-C.g214	99.605	253	1	0	1	253	709	961	4.09e-176	515
PfKH02_040025700|CIDRb|1|2013|2265	PH0114-C.g22	100.000	253	0	0	1	253	913	1165	4.59e-175	518
PfKH02_040025700|CIDRb|1|2013|2265	PV0209-C.g62	100.000	253	0	0	1	253	932	1184	8.29e-175	517
PfKH02_040025700|ATS|1|2374|2827	QE0465-C.g80	100.000	454	0	0	1	454	2374	2827	0.0	922
PfKH02_040025700|ATS|1|2374|2827	PV0098-C.g19	100.000	454	0	0	1	454	2374	2827	0.0	922
PfKH02_040025700|ATS|1|2374|2827	PH0991-C.g53	100.000	454	0	0	1	454	2374	2827	0.0	922
PfKH02_040025700|ATS|1|2374|2827	PH0915-C.g185	100.000	454	0	0	1	454	2374	2827	0.0	922
PfKH02_040025700|ATS|1|2374|2827	PH0121-CW.g16	100.000	454	0	0	1	454	2374	2827	0.0	922
PfKH02_040026000|NTS|1|1|62	QG0186-C.g883	100.000	62	0	0	1	62	1	62	1.95e-37	132
PfKH02_040026000|NTS|1|1|62	PT0035-C.g514	100.000	62	0	0	1	62	1	62	1.95e-37	132
PfKH02_040026000|NTS|1|1|62	PD0543-C.g718	100.000	62	0	0	1	62	1	62	1.95e-37	132
PfKH02_040026000|NTS|1|1|62	PD0524-C.g776	100.000	62	0	0	1	62	1	62	1.95e-37	132
PfKH02_040026000|NTS|1|1|62	PH0549-C.g840	100.000	62	0	0	1	62	1	62	1.95e-37	132
PfKH02_040026000|DBLa|1|68|497	PV0028-C.g27	100.000	430	0	0	1	430	68	497	0.0	896
PfKH02_040026000|DBLa|1|68|497	PV0028-C.g27	32.481	391	214	12	1	387	1693	2037	7.07e-45	169
PfKH02_040026000|DBLa|1|68|497	PV0028-C.g27	27.019	359	186	15	36	389	2108	2395	7.30e-17	85.9
PfKH02_040026000|DBLa|1|68|497	PV0028-C.g27	26.641	259	130	11	164	367	1060	1313	2.01e-15	81.3
PfKH02_040026000|DBLa|1|68|497	QE0465-C.g245	100.000	430	0	0	1	430	68	497	0.0	893
PfKH02_040026000|DBLa|1|68|497	QE0465-C.g245	32.481	391	214	12	1	387	1693	2037	7.36e-45	169
PfKH02_040026000|DBLa|1|68|497	QE0465-C.g245	27.019	359	186	15	36	389	2108	2395	9.95e-17	85.5
PfKH02_040026000|DBLa|1|68|497	QE0465-C.g245	26.641	259	130	11	164	367	1060	1313	4.15e-15	80.5
PfKH02_040026000|DBLa|1|68|497	PH0991-C.g277	100.000	430	0	0	1	430	68	497	0.0	893
PfKH02_040026000|DBLa|1|68|497	PH0991-C.g277	32.481	391	214	12	1	387	1693	2037	7.36e-45	169
PfKH02_040026000|DBLa|1|68|497	PH0991-C.g277	27.019	359	186	15	36	389	2108	2395	9.95e-17	85.5
PfKH02_040026000|DBLa|1|68|497	PH0991-C.g277	26.641	259	130	11	164	367	1060	1313	4.15e-15	80.5
PfKH02_040026000|DBLa|1|68|497	PD0500-C.g313	100.000	430	0	0	1	430	68	497	0.0	893
PfKH02_040026000|DBLa|1|68|497	PD0500-C.g313	32.481	391	214	12	1	387	1693	2037	7.36e-45	169
PfKH02_040026000|DBLa|1|68|497	PD0500-C.g313	27.019	359	186	15	36	389	2108	2395	9.95e-17	85.5
PfKH02_040026000|DBLa|1|68|497	PD0500-C.g313	26.641	259	130	11	164	367	1060	1313	4.15e-15	80.5
PfKH02_040026000|DBLa|1|68|497	PD0667-C.g855	97.065	443	0	1	1	430	68	510	0.0	885
PfKH02_040026000|DBLa|1|68|497	PD0667-C.g855	32.481	391	214	12	1	387	1706	2050	6.83e-45	169
PfKH02_040026000|DBLa|1|68|497	PD0667-C.g855	27.019	359	186	15	36	389	2121	2408	8.55e-17	85.5
PfKH02_040026000|DBLa|1|68|497	PD0667-C.g855	26.641	259	130	11	164	367	1073	1326	3.74e-15	80.5
PfKH02_040026000|CIDRa|1|498|789	PV0028-C.g27	100.000	292	0	0	1	292	498	789	0.0	592
PfKH02_040026000|CIDRa|1|498|789	PH0121-CW.g35	100.000	292	0	0	1	292	485	776	0.0	592
PfKH02_040026000|CIDRa|1|498|789	PV0233-C.g156	100.000	292	0	0	1	292	103	394	0.0	591
PfKH02_040026000|CIDRa|1|498|789	PV0142-C.g14	100.000	292	0	0	1	292	190	481	0.0	590
PfKH02_040026000|CIDRa|1|498|789	PD0667-C.g855	100.000	292	0	0	1	292	511	802	0.0	590
PfKH02_040026000|DBLd|1|866|1354	PV0028-C.g27	100.000	489	0	0	1	489	866	1354	0.0	1012
PfKH02_040026000|DBLd|1|866|1354	PV0028-C.g27	26.255	259	131	10	195	448	231	434	3.28e-15	81.3
PfKH02_040026000|DBLd|1|866|1354	PD0553-C.g638	100.000	489	0	0	1	489	593	1081	0.0	1012
PfKH02_040026000|DBLd|1|866|1354	PV0142-C.g14	100.000	489	0	0	1	489	558	1046	0.0	1011
PfKH02_040026000|DBLd|1|866|1354	PV0142-C.g14	32.061	131	79	7	323	448	1	126	1.32e-08	60.1
PfKH02_040026000|DBLd|1|866|1354	PV0233-C.g156	100.000	489	0	0	1	489	471	959	0.0	1011
PfKH02_040026000|DBLd|1|866|1354	PH0121-CW.g35	100.000	489	0	0	1	489	853	1341	0.0	1010
PfKH02_040026000|DBLd|1|866|1354	PH0121-CW.g35	26.562	256	121	11	195	448	231	421	6.42e-13	73.9
PfKH02_040026000|CIDRb|1|1355|1610	PV0188-C.g62	100.000	256	0	0	1	256	67	322	4.35e-179	523
PfKH02_040026000|CIDRb|1|1355|1610	PD0553-C.g18	100.000	256	0	0	1	256	20	275	4.37e-179	524
PfKH02_040026000|CIDRb|1|1355|1610	PV0233-C.g156	100.000	256	0	0	1	256	960	1215	9.42e-179	530
PfKH02_040026000|CIDRb|1|1355|1610	PV0142-C.g14	100.000	256	0	0	1	256	1047	1302	1.62e-178	529
PfKH02_040026000|CIDRb|1|1355|1610	PH0915-C.g448	100.000	256	0	0	1	256	429	684	1.62e-176	527
PfKH02_040026000|DBLz|1|1643|2067	PH0121-CW.g35	100.000	425	0	0	1	425	1630	2054	0.0	879
PfKH02_040026000|DBLz|1|1643|2067	PH0121-CW.g35	32.474	388	215	12	46	395	63	441	1.02e-42	163
PfKH02_040026000|DBLz|1|1643|2067	PH0121-CW.g35	27.675	271	146	11	92	357	2107	2332	1.39e-15	81.6
PfKH02_040026000|DBLz|1|1643|2067	PV0028-C.g27	100.000	425	0	0	1	425	1643	2067	0.0	879
PfKH02_040026000|DBLz|1|1643|2067	PV0028-C.g27	32.576	396	217	12	46	395	63	454	1.28e-44	169
PfKH02_040026000|DBLz|1|1643|2067	PV0028-C.g27	27.675	271	146	11	92	357	2120	2345	1.37e-15	82.0
PfKH02_040026000|DBLz|1|1643|2067	PD0667-C.g855	100.000	425	0	0	1	425	1656	2080	0.0	877
PfKH02_040026000|DBLz|1|1643|2067	PD0667-C.g855	32.029	409	215	13	46	395	63	467	1.46e-40	157
PfKH02_040026000|DBLz|1|1643|2067	PD0667-C.g855	27.675	271	146	11	92	357	2133	2358	1.38e-15	81.6
PfKH02_040026000|DBLz|1|1643|2067	QE0465-C.g245	100.000	425	0	0	1	425	1643	2067	0.0	876
PfKH02_040026000|DBLz|1|1643|2067	QE0465-C.g245	32.576	396	217	12	46	395	63	454	8.01e-45	169
PfKH02_040026000|DBLz|1|1643|2067	QE0465-C.g245	27.675	271	146	11	92	357	2120	2345	1.46e-15	81.6
PfKH02_040026000|DBLz|1|1643|2067	PH0991-C.g277	100.000	425	0	0	1	425	1643	2067	0.0	876
PfKH02_040026000|DBLz|1|1643|2067	PH0991-C.g277	32.576	396	217	12	46	395	63	454	8.01e-45	169
PfKH02_040026000|DBLz|1|1643|2067	PH0991-C.g277	27.675	271	146	11	92	357	2120	2345	1.46e-15	81.6
PfKH02_040026000|DBLe|1|2072|2392	PH0121-CW.g35	100.000	321	0	0	1	321	2059	2379	0.0	669
PfKH02_040026000|DBLe|1|2072|2392	PH0121-CW.g35	27.273	341	189	12	37	321	103	440	1.38e-18	89.0
PfKH02_040026000|DBLe|1|2072|2392	PH0121-CW.g35	27.574	272	147	11	48	274	1720	1986	2.99e-16	82.0
PfKH02_040026000|DBLe|1|2072|2392	PV0028-C.g27	100.000	321	0	0	1	321	2072	2392	0.0	669
PfKH02_040026000|DBLe|1|2072|2392	PV0028-C.g27	27.119	354	186	14	37	321	103	453	1.27e-17	86.3
PfKH02_040026000|DBLe|1|2072|2392	PV0028-C.g27	27.574	272	147	11	48	274	1733	1999	2.91e-16	82.0
PfKH02_040026000|DBLe|1|2072|2392	PD0667-C.g855	100.000	321	0	0	1	321	2085	2405	0.0	667
PfKH02_040026000|DBLe|1|2072|2392	PD0667-C.g855	27.574	272	147	11	48	274	1746	2012	2.43e-16	82.4
PfKH02_040026000|DBLe|1|2072|2392	PD0667-C.g855	26.158	367	186	15	37	321	103	466	4.37e-12	69.3
PfKH02_040026000|DBLe|1|2072|2392	QE0465-C.g245	100.000	321	0	0	1	321	2072	2392	0.0	667
PfKH02_040026000|DBLe|1|2072|2392	QE0465-C.g245	27.119	354	186	14	37	321	103	453	8.39e-18	86.7
PfKH02_040026000|DBLe|1|2072|2392	QE0465-C.g245	27.574	272	147	11	48	274	1733	1999	2.28e-16	82.4
PfKH02_040026000|DBLe|1|2072|2392	PV0138-C.g21	100.000	321	0	0	1	321	1754	2074	0.0	667
PfKH02_040026000|DBLe|1|2072|2392	PV0138-C.g21	27.574	272	147	11	48	274	1415	1681	2.03e-16	82.4
PfKH02_040026000|ATS|1|2441|2879	PV0028-C.g27	90.890	483	0	1	1	439	2441	2923	0.0	883
PfKH02_040026000|ATS|1|2441|2879	PF0489-C.g691	89.342	441	44	2	1	439	1767	2206	0.0	800
PfKH02_040026000|ATS|1|2441|2879	PV0089-C.g11	86.136	440	60	1	1	439	1730	2169	0.0	746
PfKH02_040026000|ATS|1|2441|2879	PV0099-C.g16	86.779	416	46	3	1	415	1721	2128	0.0	728
PfKH02_040026000|ATS|1|2441|2879	PV0099-C.g36	76.652	454	76	3	1	439	1763	2201	0.0	684
PfKH02_040026600|NTS|1|1|62	PV0112-C.g39	100.000	62	0	0	1	62	1	62	9.70e-35	125
PfKH02_040026600|NTS|1|1|62	PV0098-C.g37	100.000	62	0	0	1	62	1	62	9.70e-35	125
PfKH02_040026600|NTS|1|1|62	PV0028-C.g95	100.000	62	0	0	1	62	1	62	9.70e-35	125
PfKH02_040026600|NTS|1|1|62	PH0991-C.g591	100.000	62	0	0	1	62	1	62	9.70e-35	125
PfKH02_040026600|NTS|1|1|62	PD0667-C.g930	100.000	62	0	0	1	62	1	62	1.01e-34	125
PfKH02_040026600|DBLa|1|63|508	PV0142-C.g17	100.000	446	0	0	1	446	63	508	0.0	924
PfKH02_040026600|DBLa|1|63|508	PV0112-C.g39	100.000	446	0	0	1	446	63	508	0.0	924
PfKH02_040026600|DBLa|1|63|508	PV0112-C.g39	26.106	226	126	7	227	446	1206	1396	1.91e-09	62.8
PfKH02_040026600|DBLa|1|63|508	PV0098-C.g37	100.000	446	0	0	1	446	63	508	0.0	924
PfKH02_040026600|DBLa|1|63|508	PV0098-C.g37	26.106	226	126	7	227	446	1206	1396	1.91e-09	62.8
PfKH02_040026600|DBLa|1|63|508	PV0028-C.g95	100.000	446	0	0	1	446	63	508	0.0	924
PfKH02_040026600|DBLa|1|63|508	PV0028-C.g95	26.106	226	126	7	227	446	1206	1396	1.91e-09	62.8
PfKH02_040026600|DBLa|1|63|508	PH0991-C.g591	100.000	446	0	0	1	446	63	508	0.0	924
PfKH02_040026600|DBLa|1|63|508	PH0991-C.g591	26.106	226	126	7	227	446	1206	1396	1.91e-09	62.8
PfKH02_040026600|CIDRa|1|509|802	PV0112-C.g39	100.000	294	0	0	1	294	509	802	0.0	614
PfKH02_040026600|CIDRa|1|509|802	PV0098-C.g37	100.000	294	0	0	1	294	509	802	0.0	614
PfKH02_040026600|CIDRa|1|509|802	PV0028-C.g95	100.000	294	0	0	1	294	509	802	0.0	614
PfKH02_040026600|CIDRa|1|509|802	PH0991-C.g591	100.000	294	0	0	1	294	509	802	0.0	614
PfKH02_040026600|CIDRa|1|509|802	PV0142-C.g17	100.000	294	0	0	1	294	509	802	0.0	614
PfKH02_040026600|DBLd|1|909|1396	QE0465-C.g40	100.000	488	0	0	1	488	161	648	0.0	1016
PfKH02_040026600|DBLd|1|909|1396	PH0915-C.g15	100.000	488	0	0	1	488	245	732	0.0	1014
PfKH02_040026600|DBLd|1|909|1396	PV0188-C.g6	100.000	488	0	0	1	488	909	1396	0.0	1013
PfKH02_040026600|DBLd|1|909|1396	PV0188-C.g6	28.571	133	84	3	298	423	289	417	2.96e-07	55.8
PfKH02_040026600|DBLd|1|909|1396	PD0667-C.g930	100.000	488	0	0	1	488	909	1396	0.0	1012
PfKH02_040026600|DBLd|1|909|1396	PD0667-C.g930	28.571	133	84	3	298	423	289	417	2.42e-07	56.2
PfKH02_040026600|DBLd|1|909|1396	PD0553-C.g506	100.000	488	0	0	1	488	909	1396	0.0	1012
PfKH02_040026600|DBLd|1|909|1396	PD0553-C.g506	28.571	133	84	3	298	423	289	417	2.42e-07	56.2
PfKH02_040026600|CIDRb|1|1397|1649	QE0465-C.g40	100.000	253	0	0	1	253	649	901	0.0	526
PfKH02_040026600|CIDRb|1|1397|1649	PH0915-C.g15	100.000	253	0	0	1	253	733	985	9.86e-180	525
PfKH02_040026600|CIDRb|1|1397|1649	PV0188-C.g6	100.000	253	0	0	1	253	1397	1649	3.68e-173	521
PfKH02_040026600|CIDRb|1|1397|1649	PV0188-C.g6	26.519	181	113	4	85	249	631	807	4.63e-09	58.9
PfKH02_040026600|CIDRb|1|1397|1649	PV0112-C.g39	100.000	253	0	0	1	253	1397	1649	4.78e-173	522
PfKH02_040026600|CIDRb|1|1397|1649	PV0112-C.g39	26.519	181	113	4	85	249	631	807	4.69e-09	58.9
PfKH02_040026600|CIDRb|1|1397|1649	PV0098-C.g37	100.000	253	0	0	1	253	1397	1649	4.78e-173	522
PfKH02_040026600|CIDRb|1|1397|1649	PV0098-C.g37	26.519	181	113	4	85	249	631	807	4.69e-09	58.9
PfKH02_040026600|ATS|1|1760|2195	PA0161-C.g176	80.659	455	65	5	1	436	2533	2983	0.0	718
PfKH02_040026600|ATS|1|1760|2195	PFKE11.g431	80.537	447	75	4	1	436	3005	3450	0.0	716
PfKH02_040026600|ATS|1|1760|2195	PC0104-C.g47	80.624	449	73	6	1	436	3045	3492	0.0	713
PfKH02_040026600|ATS|1|1760|2195	PT0256-C.g286	81.027	448	72	5	1	436	2267	2713	0.0	712
PfKH02_040026600|ATS|1|1760|2195	PA0262-C.g127	80.624	449	73	6	1	436	2860	3307	0.0	704
PfKH02_040026700|NTS|1|1|58	QE0392-C.g388	100.000	58	0	0	1	58	1	58	1.45e-31	115
PfKH02_040026700|NTS|1|1|58	QE0410-C.g331	100.000	58	0	0	1	58	1	58	1.68e-31	115
PfKH02_040026700|NTS|1|1|58	PV0195-C.g47	100.000	58	0	0	1	58	1	58	1.68e-31	115
PfKH02_040026700|NTS|1|1|58	PH0932-C.g179	100.000	58	0	0	1	58	1	58	1.68e-31	115
PfKH02_040026700|NTS|1|1|58	PH0495-CW.g438	100.000	58	0	0	1	58	1	58	1.68e-31	115
PfKH02_040026700|DBLa|1|61|469	QE0451-C.g291	100.000	409	0	0	1	409	61	469	0.0	853
PfKH02_040026700|DBLa|1|61|469	QE0451-C.g291	34.909	275	119	13	52	313	854	1081	3.67e-29	122
PfKH02_040026700|DBLa|1|61|469	QE0451-C.g291	30.794	315	151	10	115	409	1350	1617	7.24e-27	115
PfKH02_040026700|DBLa|1|61|469	QE0434-C.g93	100.000	409	0	0	1	409	61	469	0.0	853
PfKH02_040026700|DBLa|1|61|469	QE0434-C.g93	34.909	275	119	13	52	313	854	1081	3.67e-29	122
PfKH02_040026700|DBLa|1|61|469	QE0434-C.g93	30.794	315	151	10	115	409	1350	1617	7.24e-27	115
PfKH02_040026700|DBLa|1|61|469	PH0516-C.g62	100.000	409	0	0	1	409	61	469	0.0	853
PfKH02_040026700|DBLa|1|61|469	PH0516-C.g62	34.909	275	119	13	52	313	854	1081	3.67e-29	122
PfKH02_040026700|DBLa|1|61|469	PH0516-C.g62	30.794	315	151	10	115	409	1350	1617	7.24e-27	115
PfKH02_040026700|DBLa|1|61|469	PH0248-C.g92	100.000	409	0	0	1	409	61	469	0.0	853
PfKH02_040026700|DBLa|1|61|469	PH0248-C.g92	34.909	275	119	13	52	313	854	1081	3.70e-29	122
PfKH02_040026700|DBLa|1|61|469	PH0248-C.g92	30.794	315	151	10	115	409	1350	1617	7.51e-27	115
PfKH02_040026700|DBLa|1|61|469	PD0632-C.g100	100.000	409	0	0	1	409	61	469	0.0	853
PfKH02_040026700|DBLa|1|61|469	PD0632-C.g100	34.909	275	119	13	52	313	854	1081	3.67e-29	122
PfKH02_040026700|DBLa|1|61|469	PD0632-C.g100	30.794	315	151	10	115	409	1350	1617	7.24e-27	115
PfKH02_040026700|CIDRa|1|470|719	PA0160-C.g718	100.000	250	0	0	1	250	470	719	1.93e-173	507
PfKH02_040026700|CIDRa|1|470|719	PC0085-C.g1069	99.600	250	1	0	1	250	266	515	1.71e-169	503
PfKH02_040026700|CIDRa|1|470|719	QE0470-C.g364	100.000	250	0	0	1	250	470	719	8.64e-169	506
PfKH02_040026700|CIDRa|1|470|719	QE0429-C.g901	100.000	250	0	0	1	250	470	719	9.57e-169	508
PfKH02_040026700|CIDRa|1|470|719	SenT097.09.g78	100.000	250	0	0	1	250	17	266	7.92e-167	508
PfKH02_040026700|DBLb|1|744|1187	PV0028-C.g39	100.000	444	0	0	1	444	695	1138	0.0	942
PfKH02_040026700|DBLb|1|744|1187	PV0028-C.g39	28.993	407	203	12	81	444	2304	2667	2.84e-35	141
PfKH02_040026700|DBLb|1|744|1187	PV0028-C.g39	33.597	253	127	8	111	333	63	304	2.11e-29	124
PfKH02_040026700|DBLb|1|744|1187	PV0028-C.g39	23.372	261	150	9	110	346	1909	2143	1.76e-08	59.7
PfKH02_040026700|DBLb|1|744|1187	PD0553-C.g185	100.000	444	0	0	1	444	744	1187	0.0	942
PfKH02_040026700|DBLb|1|744|1187	PD0553-C.g185	28.993	407	203	12	81	444	2353	2716	2.30e-35	142
PfKH02_040026700|DBLb|1|744|1187	PD0553-C.g185	27.596	366	207	13	8	333	6	353	1.07e-31	131
PfKH02_040026700|DBLb|1|744|1187	PD0553-C.g185	23.372	261	150	9	110	346	1958	2192	1.25e-08	60.1
PfKH02_040026700|DBLb|1|744|1187	PV0233-C.g19	100.000	444	0	0	1	444	744	1187	0.0	941
PfKH02_040026700|DBLb|1|744|1187	PV0233-C.g19	28.993	407	203	12	81	444	2353	2716	2.88e-35	141
PfKH02_040026700|DBLb|1|744|1187	PV0233-C.g19	27.596	366	207	13	8	333	6	353	1.06e-31	131
PfKH02_040026700|DBLb|1|744|1187	PV0233-C.g19	23.372	261	150	9	110	346	1958	2192	1.22e-08	60.1
PfKH02_040026700|DBLb|1|744|1187	QE0465-C.g141	100.000	444	0	0	1	444	744	1187	0.0	939
PfKH02_040026700|DBLb|1|744|1187	QE0465-C.g141	28.993	407	203	12	81	444	2353	2716	3.92e-35	141
PfKH02_040026700|DBLb|1|744|1187	QE0465-C.g141	27.596	366	207	13	8	333	6	353	1.48e-31	130
PfKH02_040026700|DBLb|1|744|1187	QE0465-C.g141	23.372	261	150	9	110	346	1958	2192	1.47e-08	59.7
PfKH02_040026700|DBLb|1|744|1187	PV0138-C.g4	100.000	444	0	0	1	444	744	1187	0.0	939
PfKH02_040026700|DBLb|1|744|1187	PV0138-C.g4	28.993	407	203	12	81	444	2353	2716	3.92e-35	141
PfKH02_040026700|DBLb|1|744|1187	PV0138-C.g4	27.596	366	207	13	8	333	6	353	1.48e-31	130
PfKH02_040026700|DBLb|1|744|1187	PV0138-C.g4	23.372	261	150	9	110	346	1958	2192	1.47e-08	59.7
PfKH02_040026700|DBLd|1|1203|1617	PV0028-C.g39	100.000	415	0	0	1	415	1154	1568	0.0	862
PfKH02_040026700|DBLd|1|1203|1617	PV0028-C.g39	41.333	300	133	6	1	294	1861	2123	9.66e-64	224
PfKH02_040026700|DBLd|1|1203|1617	PV0028-C.g39	33.704	270	145	11	162	415	169	420	1.22e-28	121
PfKH02_040026700|DBLd|1|1203|1617	PH0121-CW.g36	100.000	415	0	0	1	415	1257	1671	0.0	862
PfKH02_040026700|DBLd|1|1203|1617	PH0121-CW.g36	41.333	300	133	6	1	294	1964	2226	1.11e-63	224
PfKH02_040026700|DBLd|1|1203|1617	PH0121-CW.g36	33.704	270	145	11	162	415	220	471	1.05e-28	121
PfKH02_040026700|DBLd|1|1203|1617	PD0553-C.g185	100.000	415	0	0	1	415	1203	1617	0.0	861
PfKH02_040026700|DBLd|1|1203|1617	PD0553-C.g185	41.333	300	133	6	1	294	1910	2172	1.38e-63	223
PfKH02_040026700|DBLd|1|1203|1617	PD0553-C.g185	33.704	270	145	11	162	415	218	469	9.68e-29	121
PfKH02_040026700|DBLd|1|1203|1617	PD0667-C.g793	100.000	415	0	0	1	415	531	945	0.0	860
PfKH02_040026700|DBLd|1|1203|1617	PD0667-C.g793	41.333	300	133	6	1	294	1238	1500	2.18e-63	223
PfKH02_040026700|DBLd|1|1203|1617	QE0465-C.g141	100.000	415	0	0	1	415	1203	1617	0.0	859
PfKH02_040026700|DBLd|1|1203|1617	QE0465-C.g141	41.333	300	133	6	1	294	1910	2172	3.06e-63	223
PfKH02_040026700|DBLd|1|1203|1617	QE0465-C.g141	33.704	270	145	11	162	415	218	469	6.06e-29	122
PfKH02_040026700|CIDRg|1|1618|1867	PV0188-C.g74	100.000	250	0	0	1	250	758	1007	2.46e-176	513
PfKH02_040026700|CIDRg|1|1618|1867	PM0038-C.g625	99.600	250	1	0	1	250	440	689	2.17e-170	511
PfKH02_040026700|CIDRg|1|1618|1867	PV0142-C.g4	100.000	250	0	0	1	250	710	959	5.05e-170	516
PfKH02_040026700|CIDRg|1|1618|1867	PV0098-C.g71	100.000	250	0	0	1	250	708	957	5.19e-170	516
PfKH02_040026700|CIDRg|1|1618|1867	PV0112-C.g42	100.000	250	0	0	1	250	705	954	5.34e-170	516
PfKH02_040026700|DBLg|1|1910|2276	PV0028-C.g39	100.000	367	0	0	1	367	1861	2227	0.0	765
PfKH02_040026700|DBLg|1|1910|2276	PV0028-C.g39	41.333	300	133	6	1	263	1154	1447	1.60e-63	221
PfKH02_040026700|DBLg|1|1910|2276	PV0028-C.g39	22.928	362	189	14	41	338	796	1131	4.17e-10	63.9
PfKH02_040026700|DBLg|1|1910|2276	PV0028-C.g39	23.577	369	214	13	43	367	2323	2667	1.15e-09	62.8
PfKH02_040026700|DBLg|1|1910|2276	PV0028-C.g39	22.346	358	189	17	24	320	40	369	7.44e-09	60.1
PfKH02_040026700|DBLg|1|1910|2276	PH0121-CW.g36	100.000	367	0	0	1	367	1964	2330	0.0	764
PfKH02_040026700|DBLg|1|1910|2276	PH0121-CW.g36	41.333	300	133	6	1	263	1257	1550	1.66e-63	221
PfKH02_040026700|DBLg|1|1910|2276	PH0121-CW.g36	23.577	369	214	13	43	367	2426	2770	1.10e-09	62.8
PfKH02_040026700|DBLg|1|1910|2276	PH0121-CW.g36	22.346	358	189	17	24	320	91	420	7.24e-09	60.1
PfKH02_040026700|DBLg|1|1910|2276	PD0553-C.g185	100.000	367	0	0	1	367	1910	2276	0.0	764
PfKH02_040026700|DBLg|1|1910|2276	PD0553-C.g185	41.333	300	133	6	1	263	1203	1496	1.81e-63	221
PfKH02_040026700|DBLg|1|1910|2276	PD0553-C.g185	23.164	354	182	14	49	338	853	1180	5.43e-10	63.5
PfKH02_040026700|DBLg|1|1910|2276	PD0553-C.g185	23.577	369	214	13	43	367	2372	2716	1.17e-09	62.8
PfKH02_040026700|DBLg|1|1910|2276	PD0553-C.g185	22.346	358	189	17	24	320	89	418	7.75e-09	60.1
PfKH02_040026700|DBLg|1|1910|2276	PV0233-C.g19	100.000	367	0	0	1	367	1910	2276	0.0	763
PfKH02_040026700|DBLg|1|1910|2276	PV0233-C.g19	41.333	300	133	6	1	263	1203	1496	1.87e-63	221
PfKH02_040026700|DBLg|1|1910|2276	PV0233-C.g19	23.164	354	182	14	49	338	853	1180	5.31e-10	63.5
PfKH02_040026700|DBLg|1|1910|2276	PV0233-C.g19	23.577	369	214	13	43	367	2372	2716	1.29e-09	62.4
PfKH02_040026700|DBLg|1|1910|2276	PV0233-C.g19	22.346	358	189	17	24	320	89	418	9.05e-09	59.7
PfKH02_040026700|DBLg|1|1910|2276	PD0667-C.g793	100.000	367	0	0	1	367	1238	1604	0.0	763
PfKH02_040026700|DBLg|1|1910|2276	PD0667-C.g793	41.333	300	133	6	1	263	531	824	1.87e-63	221
PfKH02_040026700|DBLg|1|1910|2276	PD0667-C.g793	23.164	354	182	14	49	338	181	508	3.67e-10	64.3
PfKH02_040026700|DBLg|1|1910|2276	PD0667-C.g793	23.577	369	214	13	43	367	1700	2044	1.34e-09	62.4
PfKH02_040026700|DBLz|1|2285|2716	PH0121-CW.g36	100.000	432	0	0	1	432	2339	2770	0.0	886
PfKH02_040026700|DBLz|1|2285|2716	PH0121-CW.g36	28.610	374	185	11	98	432	911	1241	1.23e-35	142
PfKH02_040026700|DBLz|1|2285|2716	PH0121-CW.g36	27.322	366	212	11	95	425	114	460	1.16e-22	103
PfKH02_040026700|DBLz|1|2285|2716	PH0121-CW.g36	24.390	369	211	14	88	432	2006	2330	1.11e-13	75.9
PfKH02_040026700|DBLz|1|2285|2716	PD0553-C.g185	100.000	432	0	0	1	432	2285	2716	0.0	886
PfKH02_040026700|DBLz|1|2285|2716	PD0553-C.g185	28.993	407	203	12	69	432	824	1187	1.53e-41	160
PfKH02_040026700|DBLz|1|2285|2716	PD0553-C.g185	27.322	366	212	11	95	425	112	458	1.05e-22	103
PfKH02_040026700|DBLz|1|2285|2716	PD0553-C.g185	24.390	369	211	14	88	432	1952	2276	9.21e-14	76.3
PfKH02_040026700|DBLz|1|2285|2716	PV0233-C.g19	100.000	432	0	0	1	432	2285	2716	0.0	885
PfKH02_040026700|DBLz|1|2285|2716	PV0233-C.g19	28.993	407	203	12	69	432	824	1187	1.26e-41	160
PfKH02_040026700|DBLz|1|2285|2716	PV0233-C.g19	27.322	366	212	11	95	425	112	458	8.68e-23	103
PfKH02_040026700|DBLz|1|2285|2716	PV0233-C.g19	24.390	369	211	14	88	432	1952	2276	6.97e-14	76.6
PfKH02_040026700|DBLz|1|2285|2716	PV0028-C.g39	100.000	432	0	0	1	432	2236	2667	0.0	885
PfKH02_040026700|DBLz|1|2285|2716	PV0028-C.g39	28.993	407	203	12	69	432	775	1138	1.64e-41	159
PfKH02_040026700|DBLz|1|2285|2716	PV0028-C.g39	27.322	366	212	11	95	425	63	409	1.24e-22	103
PfKH02_040026700|DBLz|1|2285|2716	PV0028-C.g39	24.390	369	211	14	88	432	1903	2227	1.39e-13	75.9
PfKH02_040026700|DBLz|1|2285|2716	PD0667-C.g793	100.000	432	0	0	1	432	1613	2044	0.0	884
PfKH02_040026700|DBLz|1|2285|2716	PD0667-C.g793	28.993	407	203	12	69	432	152	515	7.23e-42	160
PfKH02_040026700|DBLz|1|2285|2716	PD0667-C.g793	24.390	369	211	14	88	432	1280	1604	7.25e-14	76.6
PfKH02_040026700|ATS|1|2802|3285	PV0028-C.g39	99.151	471	4	0	1	471	2753	3223	0.0	961
PfKH02_040026700|ATS|1|2802|3285	PV0028-C.g39	74.167	120	10	1	386	484	3232	3351	1.49e-45	173
PfKH02_040026700|ATS|1|2802|3285	PH0121-CW.g36	99.778	451	1	0	1	451	2856	3306	0.0	932
PfKH02_040026700|ATS|1|2802|3285	PD0553-C.g185	100.000	385	0	0	1	385	2802	3186	0.0	798
PfKH02_040026700|ATS|1|2802|3285	PD0561-C.g263	76.970	495	64	7	1	484	2424	2879	0.0	734
PfKH02_040026700|ATS|1|2802|3285	PV0116-C.g28	73.653	501	101	6	1	484	1887	2373	0.0	716
PfKH02_040032200|NTS|1|1|67	QE0451-C.g687	100.000	67	0	0	1	67	1	67	8.94e-39	137
PfKH02_040032200|NTS|1|1|67	PM0019-C.g1146	90.323	62	6	0	6	67	7	68	3.11e-30	112
PfKH02_040032200|NTS|1|1|67	PA0137-C.g118	74.194	62	15	1	6	67	3	63	3.07e-22	90.1
PfKH02_040032200|NTS|1|1|67	PM0098-C.g470	67.647	68	21	1	1	67	1	68	1.25e-21	88.2
PfKH02_040032200|NTS|1|1|67	PC0046-C.g163	58.824	68	27	1	1	67	1	68	7.64e-19	80.1
PfKH02_040032200|DBLa|1|68|500	QE0451-C.g687	98.383	433	7	0	1	433	68	500	0.0	897
PfKH02_040032200|DBLa|1|68|500	QE0451-C.g687	21.453	289	159	10	184	433	1191	1450	5.62e-09	60.8
PfKH02_040032200|DBLa|1|68|500	PA0183-C.g511	73.799	458	91	11	1	433	60	513	0.0	648
PfKH02_040032200|DBLa|1|68|500	PA0183-C.g511	25.517	290	160	11	184	433	1205	1478	1.00e-14	79.3
PfKH02_040032200|DBLa|1|68|500	QG0187-C.g307	70.067	451	109	9	1	433	71	513	0.0	612
PfKH02_040032200|DBLa|1|68|500	QG0187-C.g307	27.604	192	99	7	185	340	1172	1359	5.25e-12	70.5
PfKH02_040032200|DBLa|1|68|500	QG0186-C.g416	70.067	451	109	9	1	433	71	513	0.0	612
PfKH02_040032200|DBLa|1|68|500	QG0186-C.g416	27.604	192	99	7	185	340	1172	1359	4.55e-12	70.9
PfKH02_040032200|DBLa|1|68|500	PT0052-C.g774	67.692	455	114	10	1	433	62	505	0.0	602
PfKH02_040032200|DBLa|1|68|500	PT0052-C.g774	24.012	329	179	16	140	433	1139	1431	7.53e-08	57.4
PfKH02_040032200|CIDRa|1|501|828	PD0500-C.g664	100.000	328	0	0	1	328	80	407	0.0	677
PfKH02_040032200|CIDRa|1|501|828	QE0451-C.g687	100.000	328	0	0	1	328	501	828	0.0	676
PfKH02_040032200|CIDRa|1|501|828	PD0500-C.g676	100.000	328	0	0	1	328	80	407	0.0	674
PfKH02_040032200|CIDRa|1|501|828	PV0133-C.g136	100.000	328	0	0	1	328	289	616	0.0	672
PfKH02_040032200|CIDRa|1|501|828	PF0524-C.g967	83.537	328	40	2	1	328	524	837	2.31e-164	503
PfKH02_040032200|DBLd|1|922|1417	PD0500-C.g664	100.000	496	0	0	1	496	501	996	0.0	1023
PfKH02_040032200|DBLd|1|922|1417	SenT125.11.g299	52.762	525	200	16	1	496	825	1330	4.36e-150	470
PfKH02_040032200|DBLd|1|922|1417	SenT125.11.g299	36.041	197	101	8	323	496	299	493	2.82e-20	97.1
PfKH02_040032200|DBLd|1|922|1417	QG0218-C.g408	52.768	542	173	22	1	496	905	1409	4.43e-146	461
PfKH02_040032200|DBLd|1|922|1417	QG0218-C.g408	33.155	187	97	5	338	496	310	496	8.84e-20	95.5
PfKH02_040032200|DBLd|1|922|1417	PA0205-C.g640	51.971	558	180	16	1	496	915	1446	1.87e-145	459
PfKH02_040032200|DBLd|1|922|1417	PA0205-C.g640	29.646	226	111	8	316	496	306	528	4.12e-18	90.5
PfKH02_040032200|DBLd|1|922|1417	PM0049-C.g526	48.330	569	201	19	1	496	186	734	2.03e-144	444
PfKH02_040032200|CIDRb|1|1418|1677	PD0500-C.g664	100.000	260	0	0	1	260	997	1256	2.53e-179	531
PfKH02_040032200|CIDRb|1|1418|1677	PF0330-C.g555	90.000	260	23	2	1	260	834	1090	8.59e-155	463
PfKH02_040032200|CIDRb|1|1418|1677	PA0205-C.g640	77.308	260	52	3	1	260	1447	1699	1.37e-123	388
PfKH02_040032200|CIDRb|1|1418|1677	PA0021-C.g45	75.191	262	57	4	1	260	959	1214	1.09e-122	380
PfKH02_040032200|CIDRb|1|1418|1677	PV0020-C.g36	75.191	262	56	4	1	260	1332	1586	2.78e-118	373
PfKH02_040032200|ATS|1|1794|2240	PFKE09.g563	81.195	452	70	9	1	447	775	1216	0.0	696
PfKH02_040032200|ATS|1|1794|2240	PV0147-C.g7	80.870	460	54	9	1	447	1761	2199	0.0	694
PfKH02_040032200|ATS|1|1794|2240	PV0211-C.g57	79.556	450	41	9	1	447	2040	2441	0.0	689
PfKH02_040032200|ATS|1|1794|2240	PC0097-C.g664	80.176	454	77	10	1	447	2364	2811	0.0	689
PfKH02_040032200|ATS|1|1794|2240	PV0028-C.g50	80.477	461	71	10	1	447	2600	3055	0.0	686
PfKH02_050005500|NTS|1|1|66	PD0500-C.g506	100.000	66	0	0	1	66	1	66	1.99e-39	139
PfKH02_050005500|NTS|1|1|66	PV0236-C.g20	86.275	51	7	0	16	66	16	66	1.55e-23	93.6
PfKH02_050005500|NTS|1|1|66	PV0020-C.g26	86.275	51	7	0	16	66	16	66	1.68e-23	93.6
PfKH02_050005500|NTS|1|1|66	PM0096-C.g397	76.119	67	14	1	2	66	3	69	1.88e-23	93.2
PfKH02_050005500|NTS|1|1|66	PC0063-C.g6321	77.778	63	11	2	4	66	7	66	1.97e-22	90.5
PfKH02_050005500|DBLa|1|67|497	PD0500-C.g506	100.000	431	0	0	1	431	67	497	0.0	905
PfKH02_050005500|DBLa|1|67|497	PD0500-C.g506	23.611	216	120	7	183	362	1122	1328	8.08e-10	63.5
PfKH02_050005500|DBLa|1|67|497	PT0240-C.g14	72.506	451	97	8	4	431	68	514	0.0	644
PfKH02_050005500|DBLa|1|67|497	PH0932-C.g352	71.076	446	111	6	1	431	76	518	0.0	619
PfKH02_050005500|DBLa|1|67|497	PH0932-C.g352	26.154	195	124	7	217	404	1205	1386	3.20e-07	55.5
PfKH02_050005500|DBLa|1|67|497	QE0397-C.g453	69.783	460	106	10	1	431	70	525	0.0	610
PfKH02_050005500|DBLa|1|67|497	QE0397-C.g453	25.301	249	125	7	120	338	1050	1267	9.38e-13	72.8
PfKH02_050005500|DBLa|1|67|497	PT0080-C.g609	71.171	444	105	10	1	431	68	501	0.0	602
PfKH02_050005500|DBLa|1|67|497	PT0080-C.g609	29.907	107	71	1	242	344	1283	1389	1.98e-08	59.3
PfKH02_050005500|CIDRa|1|498|811	PD0523-C.g602	88.854	314	33	2	1	314	507	818	2.42e-176	534
PfKH02_050005500|CIDRa|1|498|811	PA0195-C.g666	78.481	316	56	5	1	314	501	806	3.04e-150	463
PfKH02_050005500|CIDRa|1|498|811	PD0500-C.g506	83.758	314	1	1	1	314	498	761	9.35e-140	435
PfKH02_050005500|CIDRa|1|498|811	PT0071-C.g607	74.359	312	62	4	1	310	500	795	6.21e-139	433
PfKH02_050005500|CIDRa|1|498|811	QE0458-C.g720	72.086	326	57	8	1	310	508	815	5.34e-137	427
PfKH02_050005500|DBLd|1|890|1423	PD0500-C.g506	100.000	534	0	0	1	534	840	1373	0.0	1103
PfKH02_050005500|DBLd|1|890|1423	PD0500-C.g506	23.611	216	120	7	283	489	249	428	1.03e-09	63.9
PfKH02_050005500|DBLd|1|890|1423	PH0332-C.g594	67.098	541	122	11	1	534	931	1422	0.0	693
PfKH02_050005500|DBLd|1|890|1423	PH0332-C.g594	25.850	294	171	11	183	474	177	425	2.40e-13	75.5
PfKH02_050005500|DBLd|1|890|1423	QE0475-C.g828	67.098	541	122	11	1	534	820	1311	0.0	692
PfKH02_050005500|DBLd|1|890|1423	QE0481-C.g724	62.037	540	164	14	1	534	875	1379	0.0	565
PfKH02_050005500|DBLd|1|890|1423	QE0481-C.g724	27.027	185	101	6	283	464	257	410	2.99e-12	72.0
PfKH02_050005500|DBLd|1|890|1423	QE0415-C.g854	62.037	540	164	14	1	534	875	1379	0.0	564
PfKH02_050005500|DBLd|1|890|1423	QE0415-C.g854	27.027	185	101	6	283	464	257	410	3.69e-12	72.0
PfKH02_050005500|CIDRb|1|1424|1680	PD0500-C.g506	100.000	257	0	0	1	257	1374	1630	2.80e-175	528
PfKH02_050005500|CIDRb|1|1424|1680	PD0524-C.g834	94.318	264	7	2	1	256	898	1161	1.57e-168	501
PfKH02_050005500|CIDRb|1|1424|1680	PH0332-C.g594	97.628	253	6	0	1	253	1423	1675	2.59e-167	508
PfKH02_050005500|CIDRb|1|1424|1680	QE0475-C.g828	97.628	253	6	0	1	253	1312	1564	5.83e-167	505
PfKH02_050005500|CIDRb|1|1424|1680	QE0475-C.g828	27.976	168	106	4	42	198	510	673	7.57e-08	55.5
PfKH02_050005500|CIDRb|1|1424|1680	QE0464-C.g792	96.094	256	7	1	1	253	1422	1677	1.39e-164	501
PfKH02_050005500|ATS|1|1798|2267	PFKE07.g667	72.708	480	89	8	2	470	2366	2814	0.0	673
PfKH02_050005500|ATS|1|1798|2267	PH0121-CW.g102	75.847	472	69	6	1	470	802	1230	0.0	672
PfKH02_050005500|ATS|1|1798|2267	PA0245-C.g998	72.301	491	82	7	1	470	1706	2163	0.0	660
PfKH02_050005500|ATS|1|1798|2267	PV0147-C.g7	71.862	494	60	8	1	470	1761	2199	0.0	659
PfKH02_050005500|ATS|1|1798|2267	PV0134-C.g25	74.167	480	76	10	2	470	2381	2823	0.0	659
PfKH02_060005700|NTS|1|1|59	SenT143.09.g930	100.000	59	0	0	1	59	1	59	1.45e-32	119
PfKH02_060005700|NTS|1|1|59	QE0453-C.g638	100.000	59	0	0	1	59	1	59	1.47e-32	119
PfKH02_060005700|NTS|1|1|59	PV0195-C.g31	100.000	59	0	0	1	59	1	59	1.47e-32	119
PfKH02_060005700|NTS|1|1|59	PH0991-C.g391	100.000	59	0	0	1	59	1	59	1.47e-32	119
PfKH02_060005700|NTS|1|1|59	PH0715-C.g366	100.000	59	0	0	1	59	1	59	1.47e-32	119
PfKH02_060005700|DBLa|1|60|478	SenT143.09.g930	100.000	419	0	0	1	419	60	478	0.0	881
PfKH02_060005700|DBLa|1|60|478	SenT143.09.g930	27.907	387	219	11	60	415	904	1261	3.01e-28	120
PfKH02_060005700|DBLa|1|60|478	SenT143.09.g930	27.041	196	131	4	229	419	1622	1810	5.80e-11	67.4
PfKH02_060005700|DBLa|1|60|478	QE0453-C.g638	100.000	419	0	0	1	419	60	478	0.0	881
PfKH02_060005700|DBLa|1|60|478	QE0453-C.g638	27.649	387	220	11	60	415	904	1261	3.36e-28	120
PfKH02_060005700|DBLa|1|60|478	QE0453-C.g638	27.041	196	131	4	229	419	1622	1810	5.75e-11	67.4
PfKH02_060005700|DBLa|1|60|478	PV0195-C.g31	100.000	419	0	0	1	419	60	478	0.0	881
PfKH02_060005700|DBLa|1|60|478	PV0195-C.g31	27.649	387	220	11	60	415	904	1261	3.36e-28	120
PfKH02_060005700|DBLa|1|60|478	PV0195-C.g31	27.041	196	131	4	229	419	1622	1810	5.75e-11	67.4
PfKH02_060005700|DBLa|1|60|478	PM0037-C.g1546	100.000	419	0	0	1	419	60	478	0.0	881
PfKH02_060005700|DBLa|1|60|478	PM0037-C.g1546	27.649	387	220	11	60	415	914	1271	3.16e-28	120
PfKH02_060005700|DBLa|1|60|478	PM0037-C.g1546	27.041	196	131	4	229	419	1632	1820	4.91e-11	67.4
PfKH02_060005700|DBLa|1|60|478	PH0991-C.g391	100.000	419	0	0	1	419	60	478	0.0	881
PfKH02_060005700|DBLa|1|60|478	PH0991-C.g391	27.649	387	220	11	60	415	904	1261	3.36e-28	120
PfKH02_060005700|DBLa|1|60|478	PH0991-C.g391	27.041	196	131	4	229	419	1622	1810	5.75e-11	67.4
PfKH02_060005700|CIDRa|1|479|774	QE0453-C.g638	100.000	296	0	0	1	296	479	774	0.0	613
PfKH02_060005700|CIDRa|1|479|774	PV0195-C.g31	100.000	296	0	0	1	296	479	774	0.0	613
PfKH02_060005700|CIDRa|1|479|774	SenT143.09.g930	100.000	296	0	0	1	296	479	774	0.0	613
PfKH02_060005700|CIDRa|1|479|774	PH0991-C.g391	100.000	296	0	0	1	296	479	774	0.0	613
PfKH02_060005700|CIDRa|1|479|774	PH0715-C.g366	100.000	296	0	0	1	296	479	774	0.0	613
PfKH02_060005700|DBLb|1|781|1244	PM0133-C.g670	100.000	464	0	0	1	464	138	601	0.0	975
PfKH02_060005700|DBLb|1|781|1244	PA0092-C.g791	100.000	464	0	0	1	464	157	620	0.0	974
PfKH02_060005700|DBLb|1|781|1244	PH0560-C.g450	100.000	464	0	0	1	464	781	1244	0.0	971
PfKH02_060005700|DBLb|1|781|1244	PH0560-C.g450	30.097	309	169	9	124	403	119	409	2.28e-31	130
PfKH02_060005700|DBLb|1|781|1244	QE0453-C.g638	100.000	464	0	0	1	464	781	1244	0.0	970
PfKH02_060005700|DBLb|1|781|1244	QE0453-C.g638	30.097	309	169	9	124	403	119	409	2.31e-31	130
PfKH02_060005700|DBLb|1|781|1244	PV0195-C.g31	100.000	464	0	0	1	464	781	1244	0.0	970
PfKH02_060005700|DBLb|1|781|1244	PV0195-C.g31	30.097	309	169	9	124	403	119	409	2.31e-31	130
PfKH02_060005700|DBLd|1|1310|1810	SenT013.11.g794	100.000	501	0	0	1	501	169	669	0.0	1040
PfKH02_060005700|DBLd|1|1310|1810	PA0084-C.g147	100.000	501	0	0	1	501	120	620	0.0	1040
PfKH02_060005700|DBLd|1|1310|1810	PM0133-C.g670	100.000	501	0	0	1	501	667	1167	0.0	1039
PfKH02_060005700|DBLd|1|1310|1810	PA0092-C.g791	100.000	501	0	0	1	501	686	1186	0.0	1037
PfKH02_060005700|DBLd|1|1310|1810	SenT143.09.g930	100.000	501	0	0	1	501	1310	1810	0.0	1037
PfKH02_060005700|DBLd|1|1310|1810	SenT143.09.g930	27.041	196	131	4	313	501	288	478	1.74e-11	69.7
PfKH02_060005700|CIDRb|1|1811|2063	PA0101-C.g377	100.000	253	0	0	1	253	617	869	0.0	525
PfKH02_060005700|CIDRb|1|1811|2063	PA0020-C.g374	100.000	253	0	0	1	253	616	868	0.0	525
PfKH02_060005700|CIDRb|1|1811|2063	PA0016-C.g462	100.000	253	0	0	1	253	617	869	0.0	525
PfKH02_060005700|CIDRb|1|1811|2063	PA0084-C.g147	100.000	253	0	0	1	253	621	873	4.62e-180	523
PfKH02_060005700|CIDRb|1|1811|2063	SenT013.11.g794	100.000	253	0	0	1	253	670	922	6.18e-180	524
PfKH02_060005700|ATS|1|2183|2679	PV0239-C.g10	80.702	513	68	4	1	497	3361	3858	0.0	807
PfKH02_060005700|ATS|1|2183|2679	PFKE12.g465	81.693	508	64	6	1	497	1773	2262	0.0	803
PfKH02_060005700|ATS|1|2183|2679	PfKE03.g242	81.548	504	54	5	1	497	1361	1832	0.0	775
PfKH02_060005700|ATS|1|2183|2679	QE0414-C.g590	76.228	509	97	9	1	497	3404	3900	0.0	723
PfKH02_060005700|ATS|1|2183|2679	PD0590-C.g13	72.952	525	76	10	1	497	818	1304	0.0	691
PfKH02_060005800|NTS|1|1|66	PM0124-C.g704	100.000	66	0	0	1	66	7	72	2.77e-36	129
PfKH02_060005800|NTS|1|1|66	PA0084-C.g946	100.000	66	0	0	1	66	1	66	6.98e-36	128
PfKH02_060005800|NTS|1|1|66	PD0507-C.g826	100.000	66	0	0	1	66	1	66	8.73e-36	128
PfKH02_060005800|NTS|1|1|66	QG0290-C.g261	100.000	66	0	0	1	66	1	66	9.81e-36	128
PfKH02_060005800|NTS|1|1|66	QG0258-C.g630	100.000	66	0	0	1	66	1	66	9.81e-36	128
PfKH02_060005800|DBLa|1|74|457	PD0507-C.g826	100.000	384	0	0	1	384	74	457	0.0	800
PfKH02_060005800|DBLa|1|74|457	PD0507-C.g826	33.478	230	136	6	171	384	1310	1538	6.68e-25	109
PfKH02_060005800|DBLa|1|74|457	PD0507-C.g826	25.455	330	201	10	42	356	2229	2528	4.20e-18	89.0
PfKH02_060005800|DBLa|1|74|457	PD0507-C.g826	26.959	319	146	15	28	314	764	1027	2.22e-17	86.7
PfKH02_060005800|DBLa|1|74|457	PD0507-C.g826	23.571	280	159	10	51	329	2595	2820	2.59e-13	74.3
PfKH02_060005800|DBLa|1|74|457	PD0507-C.g826	24.631	203	123	5	58	255	1883	2060	9.89e-11	66.2
PfKH02_060005800|DBLa|1|74|457	PA0040-C.g387	100.000	384	0	0	1	384	74	457	0.0	799
PfKH02_060005800|DBLa|1|74|457	PA0040-C.g387	33.478	230	136	6	171	384	1310	1538	6.20e-25	109
PfKH02_060005800|DBLa|1|74|457	PA0040-C.g387	26.959	319	146	15	28	314	764	1027	3.85e-17	85.9
PfKH02_060005800|DBLa|1|74|457	QG0290-C.g261	100.000	384	0	0	1	384	74	457	0.0	798
PfKH02_060005800|DBLa|1|74|457	QG0290-C.g261	33.478	230	136	6	171	384	1310	1538	8.87e-25	108
PfKH02_060005800|DBLa|1|74|457	QG0290-C.g261	25.455	330	201	10	42	356	2229	2528	3.86e-18	89.0
PfKH02_060005800|DBLa|1|74|457	QG0290-C.g261	26.959	319	146	15	28	314	764	1027	2.90e-17	86.3
PfKH02_060005800|DBLa|1|74|457	QG0290-C.g261	23.571	280	159	10	51	329	2595	2820	2.56e-13	74.3
PfKH02_060005800|DBLa|1|74|457	QG0290-C.g261	24.631	203	123	5	58	255	1883	2060	9.45e-11	66.2
PfKH02_060005800|DBLa|1|74|457	QG0258-C.g630	100.000	384	0	0	1	384	74	457	0.0	798
PfKH02_060005800|DBLa|1|74|457	QG0258-C.g630	33.478	230	136	6	171	384	1310	1538	8.87e-25	108
PfKH02_060005800|DBLa|1|74|457	QG0258-C.g630	25.455	330	201	10	42	356	2229	2528	3.86e-18	89.0
PfKH02_060005800|DBLa|1|74|457	QG0258-C.g630	26.959	319	146	15	28	314	764	1027	2.90e-17	86.3
PfKH02_060005800|DBLa|1|74|457	QG0258-C.g630	23.571	280	159	10	51	329	2595	2820	2.56e-13	74.3
PfKH02_060005800|DBLa|1|74|457	QG0258-C.g630	24.631	203	123	5	58	255	1883	2060	9.45e-11	66.2
PfKH02_060005800|DBLa|1|74|457	QG0209-C.g65	100.000	384	0	0	1	384	74	457	0.0	798
PfKH02_060005800|DBLa|1|74|457	QG0209-C.g65	33.478	230	136	6	171	384	1310	1538	8.87e-25	108
PfKH02_060005800|DBLa|1|74|457	QG0209-C.g65	25.455	330	201	10	42	356	2229	2528	3.86e-18	89.0
PfKH02_060005800|DBLa|1|74|457	QG0209-C.g65	26.959	319	146	15	28	314	764	1027	2.90e-17	86.3
PfKH02_060005800|DBLa|1|74|457	QG0209-C.g65	23.571	280	159	10	51	329	2595	2820	2.56e-13	74.3
PfKH02_060005800|DBLa|1|74|457	QG0209-C.g65	24.631	203	123	5	58	255	1883	2060	9.45e-11	66.2
PfKH02_060005800|CIDRb|1|458|711	PH0915-C.g267	100.000	254	0	0	1	254	212	465	3.43e-173	510
PfKH02_060005800|CIDRb|1|458|711	PA0040-C.g387	100.000	254	0	0	1	254	458	711	7.61e-171	513
PfKH02_060005800|CIDRb|1|458|711	PH0500-CW.g533	100.000	254	0	0	1	254	458	711	5.68e-170	512
PfKH02_060005800|CIDRb|1|458|711	PM0103-C.g236	99.606	254	1	0	1	254	459	712	5.42e-168	512
PfKH02_060005800|CIDRb|1|458|711	PM0103-C.g236	29.075	227	153	5	32	254	1568	1790	5.64e-22	97.1
PfKH02_060005800|CIDRb|1|458|711	PD0507-C.g826	100.000	254	0	0	1	254	458	711	1.18e-167	515
PfKH02_060005800|CIDRb|1|458|711	PD0507-C.g826	26.820	261	147	8	1	246	1539	1770	9.90e-17	81.6
PfKH02_060005800|DBLg|1|744|1102	PD0496-C.g417	100.000	359	0	0	1	359	747	1105	0.0	746
PfKH02_060005800|DBLg|1|744|1102	PD0496-C.g417	34.114	299	131	12	1	246	1125	1410	6.84e-40	152
PfKH02_060005800|DBLg|1|744|1102	PD0496-C.g417	26.994	326	191	14	45	359	1883	2172	1.04e-20	96.3
PfKH02_060005800|DBLg|1|744|1102	PD0496-C.g417	27.000	300	153	12	42	325	2249	2498	3.63e-19	91.7
PfKH02_060005800|DBLg|1|744|1102	PD0496-C.g417	28.879	232	106	11	43	246	130	330	7.51e-15	78.6
PfKH02_060005800|DBLg|1|744|1102	PD0507-C.g826	100.000	359	0	0	1	359	744	1102	0.0	746
PfKH02_060005800|DBLg|1|744|1102	PD0507-C.g826	36.897	290	138	13	1	249	1122	1407	3.67e-38	147
PfKH02_060005800|DBLg|1|744|1102	PD0507-C.g826	29.310	290	162	9	12	288	1845	2104	2.31e-21	98.2
PfKH02_060005800|DBLg|1|744|1102	PD0507-C.g826	25.392	319	184	12	42	350	2597	2871	1.02e-17	87.4
PfKH02_060005800|DBLg|1|744|1102	PD0507-C.g826	28.516	256	124	12	21	246	101	327	9.81e-15	78.2
PfKH02_060005800|DBLg|1|744|1102	PD0507-C.g826	22.419	339	198	12	42	347	2239	2545	2.87e-10	64.3
PfKH02_060005800|DBLg|1|744|1102	PA0040-C.g387	100.000	359	0	0	1	359	744	1102	0.0	746
PfKH02_060005800|DBLg|1|744|1102	PA0040-C.g387	37.363	273	126	13	1	232	1122	1390	3.49e-38	147
PfKH02_060005800|DBLg|1|744|1102	PA0040-C.g387	28.516	256	124	12	21	246	101	327	8.33e-15	78.2
PfKH02_060005800|DBLg|1|744|1102	PH0500-CW.g533	100.000	359	0	0	1	359	744	1102	0.0	745
PfKH02_060005800|DBLg|1|744|1102	PH0500-CW.g533	37.363	273	126	13	1	232	1122	1390	3.12e-38	147
PfKH02_060005800|DBLg|1|744|1102	PH0500-CW.g533	28.516	256	124	12	21	246	101	327	8.41e-15	78.2
PfKH02_060005800|DBLg|1|744|1102	QG0290-C.g261	100.000	359	0	0	1	359	744	1102	0.0	744
PfKH02_060005800|DBLg|1|744|1102	QG0290-C.g261	37.363	273	126	13	1	232	1122	1390	4.77e-38	147
PfKH02_060005800|DBLg|1|744|1102	QG0290-C.g261	29.310	290	162	9	12	288	1845	2104	3.01e-21	97.8
PfKH02_060005800|DBLg|1|744|1102	QG0290-C.g261	25.392	319	184	12	42	350	2597	2871	8.80e-18	87.4
PfKH02_060005800|DBLg|1|744|1102	QG0290-C.g261	28.516	256	124	12	21	246	101	327	1.36e-14	77.8
PfKH02_060005800|DBLg|1|744|1102	QG0290-C.g261	22.419	339	198	12	42	347	2239	2545	3.95e-10	63.9
PfKH02_060005800|DBLd|1|1122|1538	PT0066-C.g97	100.000	417	0	0	1	417	1128	1544	0.0	860
PfKH02_060005800|DBLd|1|1122|1538	PT0066-C.g97	33.910	289	148	10	1	286	750	998	1.52e-40	156
PfKH02_060005800|DBLd|1|1122|1538	PT0066-C.g97	33.624	229	138	5	189	417	249	463	2.80e-28	120
PfKH02_060005800|DBLd|1|1122|1538	PT0066-C.g97	20.787	356	178	13	33	364	1854	2129	1.10e-08	60.1
PfKH02_060005800|DBLd|1|1122|1538	PT0066-C.g97	24.306	144	96	3	148	285	2293	2429	2.75e-08	58.9
PfKH02_060005800|DBLd|1|1122|1538	PT0066-C.g97	20.717	251	137	6	141	391	2642	2830	5.42e-08	57.8
PfKH02_060005800|DBLd|1|1122|1538	PD0507-C.g826	100.000	417	0	0	1	417	1122	1538	0.0	859
PfKH02_060005800|DBLd|1|1122|1538	PD0507-C.g826	36.897	290	138	13	1	286	744	992	3.36e-42	161
PfKH02_060005800|DBLd|1|1122|1538	PD0507-C.g826	33.913	230	135	6	189	417	244	457	5.35e-27	116
PfKH02_060005800|DBLd|1|1122|1538	PD0507-C.g826	24.306	144	96	3	148	285	2302	2438	2.66e-08	58.9
PfKH02_060005800|DBLd|1|1122|1538	PD0507-C.g826	20.717	251	137	6	141	391	2651	2839	5.37e-08	57.8
PfKH02_060005800|DBLd|1|1122|1538	PD0507-C.g826	20.506	356	179	13	33	364	1863	2138	1.14e-07	56.6
PfKH02_060005800|DBLd|1|1122|1538	PA0040-C.g387	100.000	417	0	0	1	417	1122	1538	0.0	858
PfKH02_060005800|DBLd|1|1122|1538	PA0040-C.g387	36.897	290	138	13	1	286	744	992	3.59e-42	161
PfKH02_060005800|DBLd|1|1122|1538	PA0040-C.g387	33.913	230	135	6	189	417	244	457	6.53e-27	115
PfKH02_060005800|DBLd|1|1122|1538	PH0500-CW.g533	100.000	417	0	0	1	417	1122	1538	0.0	858
PfKH02_060005800|DBLd|1|1122|1538	PH0500-CW.g533	36.897	290	138	13	1	286	744	992	3.54e-42	161
PfKH02_060005800|DBLd|1|1122|1538	PH0500-CW.g533	33.913	230	135	6	189	417	244	457	7.96e-27	115
PfKH02_060005800|DBLd|1|1122|1538	PA0137-C.g169	100.000	417	0	0	1	417	1122	1538	0.0	857
PfKH02_060005800|DBLd|1|1122|1538	PA0137-C.g169	36.897	290	138	13	1	286	744	992	4.15e-42	161
PfKH02_060005800|DBLd|1|1122|1538	PA0137-C.g169	33.913	230	135	6	189	417	244	457	9.18e-27	115
PfKH02_060005800|DBLd|1|1122|1538	PA0137-C.g169	24.306	144	96	3	148	285	2302	2438	2.34e-08	58.9
PfKH02_060005800|DBLd|1|1122|1538	PA0137-C.g169	20.506	356	179	13	33	364	1863	2138	1.41e-07	56.6
PfKH02_060005800|CIDRg|1|1539|1777	PH0500-CW.g344	100.000	239	0	0	1	239	30	268	1.25e-163	490
PfKH02_060005800|CIDRg|1|1539|1777	PA0039-C.g664	100.000	239	0	0	1	239	332	570	1.89e-161	489
PfKH02_060005800|CIDRg|1|1539|1777	PM0073-C.g494	100.000	239	0	0	1	239	635	873	2.62e-160	489
PfKH02_060005800|CIDRg|1|1539|1777	PA0092-C.g421	100.000	239	0	0	1	239	577	815	3.02e-160	489
PfKH02_060005800|CIDRg|1|1539|1777	PA0040-C.g518	100.000	239	0	0	1	239	2143	2381	1.18e-159	491
PfKH02_060005800|DBLe|1|1808|2155	PA0040-C.g518	100.000	348	0	0	1	348	2412	2759	0.0	724
PfKH02_060005800|DBLe|1|1808|2155	PA0040-C.g518	28.378	296	181	12	26	315	3158	3428	1.46e-20	95.5
PfKH02_060005800|DBLe|1|1808|2155	PA0040-C.g518	30.542	203	115	6	72	253	2844	3041	1.59e-19	92.4
PfKH02_060005800|DBLe|1|1808|2155	PA0040-C.g518	28.155	309	165	13	26	286	883	1182	1.46e-17	86.7
PfKH02_060005800|DBLe|1|1808|2155	PA0040-C.g518	26.690	281	148	11	77	300	118	397	6.31e-12	69.3
PfKH02_060005800|DBLe|1|1808|2155	PA0040-C.g518	23.273	275	160	10	74	302	1362	1631	2.15e-10	64.7
PfKH02_060005800|DBLe|1|1808|2155	PA0040-C.g518	20.475	337	165	12	74	331	1777	2089	8.85e-07	53.5
PfKH02_060005800|DBLe|1|1808|2155	PA0137-C.g169	100.000	348	0	0	1	348	1808	2155	0.0	723
PfKH02_060005800|DBLe|1|1808|2155	PA0137-C.g169	29.167	264	147	8	64	297	778	1031	1.17e-21	99.0
PfKH02_060005800|DBLe|1|1808|2155	PA0137-C.g169	30.542	203	115	6	72	253	2240	2437	1.59e-19	92.4
PfKH02_060005800|DBLe|1|1808|2155	PA0137-C.g169	24.631	203	123	5	76	253	131	328	4.76e-10	63.5
PfKH02_060005800|DBLe|1|1808|2155	PA0137-C.g169	29.143	175	103	6	26	195	2554	2712	1.90e-08	58.5
PfKH02_060005800|DBLe|1|1808|2155	PA0137-C.g169	20.506	356	179	13	56	331	1154	1485	6.52e-07	53.9
PfKH02_060005800|DBLe|1|1808|2155	PM0124-C.g167	100.000	348	0	0	1	348	1814	2161	0.0	723
PfKH02_060005800|DBLe|1|1808|2155	PM0124-C.g167	29.167	264	147	8	64	297	784	1037	1.28e-21	98.6
PfKH02_060005800|DBLe|1|1808|2155	PM0124-C.g167	30.542	203	115	6	72	253	2246	2443	1.64e-19	92.4
PfKH02_060005800|DBLe|1|1808|2155	PM0124-C.g167	28.095	210	124	9	26	230	2560	2747	1.33e-10	65.5
PfKH02_060005800|DBLe|1|1808|2155	PM0124-C.g167	24.631	203	123	5	76	253	137	334	4.63e-10	63.5
PfKH02_060005800|DBLe|1|1808|2155	PM0124-C.g167	20.506	356	179	13	56	331	1160	1491	7.91e-07	53.5
PfKH02_060005800|DBLe|1|1808|2155	PD0507-C.g826	100.000	348	0	0	1	348	1808	2155	0.0	722
PfKH02_060005800|DBLe|1|1808|2155	PD0507-C.g826	29.167	264	147	8	64	297	778	1031	1.25e-21	99.0
PfKH02_060005800|DBLe|1|1808|2155	PD0507-C.g826	28.378	296	181	12	26	315	2554	2824	1.77e-20	95.5
PfKH02_060005800|DBLe|1|1808|2155	PD0507-C.g826	30.542	203	115	6	72	253	2240	2437	1.78e-19	92.4
PfKH02_060005800|DBLe|1|1808|2155	PD0507-C.g826	24.631	203	123	5	76	253	131	328	5.37e-10	63.5
PfKH02_060005800|DBLe|1|1808|2155	PD0507-C.g826	20.506	356	179	13	56	331	1154	1485	6.49e-07	53.9
PfKH02_060005800|DBLe|1|1808|2155	QG0290-C.g261	100.000	348	0	0	1	348	1808	2155	0.0	722
PfKH02_060005800|DBLe|1|1808|2155	QG0290-C.g261	29.167	264	147	8	64	297	778	1031	1.36e-21	98.6
PfKH02_060005800|DBLe|1|1808|2155	QG0290-C.g261	28.378	296	181	12	26	315	2554	2824	1.79e-20	95.5
PfKH02_060005800|DBLe|1|1808|2155	QG0290-C.g261	30.542	203	115	6	72	253	2240	2437	1.71e-19	92.4
PfKH02_060005800|DBLe|1|1808|2155	QG0290-C.g261	24.631	203	123	5	76	253	131	328	4.74e-10	63.5
PfKH02_060005800|DBLe|1|1808|2155	QG0290-C.g261	20.506	356	179	13	56	331	1154	1485	8.83e-07	53.5
PfKH02_060005800|DBLe|2|2181|2511	PT0066-C.g97	100.000	331	0	0	1	331	2172	2502	0.0	691
PfKH02_060005800|DBLe|2|2181|2511	PT0066-C.g97	28.870	239	133	7	22	258	2553	2756	1.83e-25	109
PfKH02_060005800|DBLe|2|2181|2511	PT0066-C.g97	30.348	201	114	6	62	257	1872	2051	8.62e-19	90.1
PfKH02_060005800|DBLe|2|2181|2511	PT0066-C.g97	25.448	279	172	6	59	308	129	400	3.57e-14	75.9
PfKH02_060005800|DBLe|2|2181|2511	PT0066-C.g97	23.208	293	173	10	59	325	791	1057	2.20e-11	67.4
PfKH02_060005800|DBLe|2|2181|2511	PT0066-C.g97	24.306	144	96	3	122	258	1275	1412	2.88e-07	54.7
PfKH02_060005800|DBLe|2|2181|2511	PD0507-C.g826	100.000	331	0	0	1	331	2181	2511	0.0	691
PfKH02_060005800|DBLe|2|2181|2511	PD0507-C.g826	28.870	239	133	7	22	258	2562	2765	1.84e-25	109
PfKH02_060005800|DBLe|2|2181|2511	PD0507-C.g826	30.846	201	113	6	62	257	1881	2060	1.92e-19	92.0
PfKH02_060005800|DBLe|2|2181|2511	PD0507-C.g826	26.207	290	174	9	49	308	115	394	1.87e-13	73.9
PfKH02_060005800|DBLe|2|2181|2511	PD0507-C.g826	22.867	293	174	10	59	325	785	1051	3.64e-10	63.9
PfKH02_060005800|DBLe|2|2181|2511	PD0507-C.g826	23.944	142	99	2	122	258	1269	1406	3.09e-07	54.7
PfKH02_060005800|DBLe|2|2181|2511	PA0040-C.g518	100.000	331	0	0	1	331	2785	3115	0.0	691
PfKH02_060005800|DBLe|2|2181|2511	PA0040-C.g518	28.870	239	133	7	22	258	3166	3369	3.50e-25	108
PfKH02_060005800|DBLe|2|2181|2511	PA0040-C.g518	30.542	203	115	6	60	257	2483	2664	3.12e-19	91.3
PfKH02_060005800|DBLe|2|2181|2511	PA0040-C.g518	24.567	289	160	8	53	301	919	1189	8.27e-13	72.0
PfKH02_060005800|DBLe|2|2181|2511	PA0040-C.g518	24.885	217	132	7	53	245	1353	1562	1.49e-10	65.1
PfKH02_060005800|DBLe|2|2181|2511	PA0040-C.g518	24.380	242	139	7	50	261	103	330	1.11e-09	62.4
PfKH02_060005800|DBLe|2|2181|2511	PA0040-C.g518	24.306	144	96	3	122	258	1873	2010	3.67e-07	54.3
PfKH02_060005800|DBLe|2|2181|2511	QG0290-C.g261	100.000	331	0	0	1	331	2181	2511	0.0	690
PfKH02_060005800|DBLe|2|2181|2511	QG0290-C.g261	28.870	239	133	7	22	258	2562	2765	2.51e-25	109
PfKH02_060005800|DBLe|2|2181|2511	QG0290-C.g261	30.542	203	115	6	60	257	1879	2060	2.22e-19	91.7
PfKH02_060005800|DBLe|2|2181|2511	QG0290-C.g261	26.207	290	174	9	49	308	115	394	1.31e-13	74.3
PfKH02_060005800|DBLe|2|2181|2511	QG0290-C.g261	22.867	293	174	10	59	325	785	1051	3.13e-10	63.9
PfKH02_060005800|DBLe|2|2181|2511	QG0290-C.g261	24.306	144	96	3	122	258	1269	1406	3.01e-07	54.7
PfKH02_060005800|DBLe|2|2181|2511	QG0258-C.g630	100.000	331	0	0	1	331	2181	2511	0.0	690
PfKH02_060005800|DBLe|2|2181|2511	QG0258-C.g630	28.870	239	133	7	22	258	2562	2765	2.51e-25	109
PfKH02_060005800|DBLe|2|2181|2511	QG0258-C.g630	30.542	203	115	6	60	257	1879	2060	2.22e-19	91.7
PfKH02_060005800|DBLe|2|2181|2511	QG0258-C.g630	26.207	290	174	9	49	308	115	394	1.31e-13	74.3
PfKH02_060005800|DBLe|2|2181|2511	QG0258-C.g630	22.867	293	174	10	59	325	785	1051	3.13e-10	63.9
PfKH02_060005800|DBLe|2|2181|2511	QG0258-C.g630	24.306	144	96	3	122	258	1269	1406	3.01e-07	54.7
PfKH02_060005800|DBLe|3|2554|2855	PA0040-C.g518	100.000	302	0	0	1	302	3158	3459	0.0	630
PfKH02_060005800|DBLe|3|2554|2855	PA0040-C.g518	28.870	239	133	7	9	212	2806	3042	6.28e-26	110
PfKH02_060005800|DBLe|3|2554|2855	PA0040-C.g518	28.378	296	181	12	1	271	2437	2726	1.10e-20	94.7
PfKH02_060005800|DBLe|3|2554|2855	PA0040-C.g518	24.731	279	152	10	30	252	913	1189	1.61e-16	82.4
PfKH02_060005800|DBLe|3|2554|2855	PA0040-C.g518	22.260	292	169	9	30	266	1346	1634	2.87e-13	72.8
PfKH02_060005800|DBLe|3|2554|2855	PA0040-C.g518	22.697	304	159	10	35	266	103	402	2.26e-12	70.1
PfKH02_060005800|DBLe|3|2554|2855	PA0040-C.g518	22.321	224	124	6	88	262	1857	2079	3.16e-07	54.3
PfKH02_060005800|DBLe|3|2554|2855	PT0066-C.g97	100.000	302	0	0	1	302	2545	2846	0.0	630
PfKH02_060005800|DBLe|3|2554|2855	PT0066-C.g97	28.870	239	133	7	9	212	2193	2429	6.94e-26	110
PfKH02_060005800|DBLe|3|2554|2855	PT0066-C.g97	28.716	296	180	12	1	271	1824	2113	6.62e-22	98.6
PfKH02_060005800|DBLe|3|2554|2855	PT0066-C.g97	24.667	300	163	12	43	301	790	1067	6.46e-16	80.5
PfKH02_060005800|DBLe|3|2554|2855	PT0066-C.g97	24.286	280	156	8	44	267	129	408	5.03e-12	68.9
PfKH02_060005800|DBLe|3|2554|2855	PT0066-C.g97	22.321	224	124	6	88	262	1259	1481	4.01e-07	53.9
PfKH02_060005800|DBLe|3|2554|2855	PD0507-C.g826	100.000	302	0	0	1	302	2554	2855	0.0	630
PfKH02_060005800|DBLe|3|2554|2855	PD0507-C.g826	28.870	239	133	7	9	212	2202	2438	8.47e-26	109
PfKH02_060005800|DBLe|3|2554|2855	PD0507-C.g826	28.378	296	181	12	1	271	1833	2122	1.21e-20	94.7
PfKH02_060005800|DBLe|3|2554|2855	PD0507-C.g826	24.749	299	164	10	43	301	784	1061	9.21e-17	83.2
PfKH02_060005800|DBLe|3|2554|2855	PD0507-C.g826	23.571	280	159	10	42	267	124	402	2.02e-11	67.0
PfKH02_060005800|DBLe|3|2554|2855	PD0507-C.g826	22.321	224	124	6	88	262	1253	1475	4.54e-07	53.9
PfKH02_060005800|DBLe|3|2554|2855	PT0021-CW.g424	100.000	302	0	0	1	302	1943	2244	0.0	629
PfKH02_060005800|DBLe|3|2554|2855	PT0021-CW.g424	28.870	239	133	7	9	212	1591	1827	7.25e-26	110
PfKH02_060005800|DBLe|3|2554|2855	PT0021-CW.g424	24.918	305	171	11	19	271	1213	1511	2.89e-15	78.6
PfKH02_060005800|DBLe|3|2554|2855	PT0021-CW.g424	25.806	279	156	13	35	267	794	1067	2.78e-13	72.8
PfKH02_060005800|DBLe|3|2554|2855	PT0021-CW.g424	24.551	334	178	10	7	270	88	417	2.44e-10	63.9
PfKH02_060005800|DBLe|3|2554|2855	PM0086-C.g997	100.000	302	0	0	1	302	2554	2855	0.0	629
PfKH02_060005800|DBLe|3|2554|2855	PM0086-C.g997	28.870	239	133	7	9	212	2202	2438	7.34e-26	110
PfKH02_060005800|DBLe|3|2554|2855	PM0086-C.g997	28.378	296	181	12	1	271	1833	2122	1.02e-20	94.7
PfKH02_060005800|DBLe|3|2554|2855	PM0086-C.g997	25.418	299	162	11	43	301	784	1061	8.39e-17	83.2
PfKH02_060005800|DBLe|3|2554|2855	PM0086-C.g997	23.571	280	159	10	42	267	124	402	1.88e-11	67.4
PfKH02_060005800|DBLe|3|2554|2855	PM0086-C.g997	22.321	224	124	6	88	262	1253	1475	3.74e-07	53.9
PfKH02_060005800|ATS|1|2909|3349	PD0507-C.g826	100.000	441	0	0	1	441	2909	3349	0.0	906
PfKH02_060005800|ATS|1|2909|3349	PF0513-C.g5231	87.104	442	36	3	1	441	2388	2809	0.0	775
PfKH02_060005800|ATS|1|2909|3349	PfKE02.g50	83.445	447	67	5	2	441	2566	3012	0.0	755
PfKH02_060005800|ATS|1|2909|3349	PF0489-C.g117	83.521	443	69	3	2	441	2945	3386	0.0	749
PfKH02_060005800|ATS|1|2909|3349	QE0475-C.g490	85.135	444	56	5	2	441	1573	2010	0.0	748
PfKH02_060023700|NTS|1|1|61	PH0117-C.g22	100.000	61	0	0	1	61	1	61	2.43e-35	127
PfKH02_060023700|NTS|1|1|61	QE0453-C.g419	100.000	61	0	0	1	61	1	61	3.76e-35	126
PfKH02_060023700|NTS|1|1|61	PD0667-C.g168	100.000	61	0	0	1	61	1	61	3.76e-35	126
PfKH02_060023700|NTS|1|1|61	PV0195-C.g57	100.000	61	0	0	1	61	1	61	3.95e-35	126
PfKH02_060023700|NTS|1|1|61	QE0453-C.g98	100.000	61	0	0	1	61	1	61	6.00e-35	125
PfKH02_060023700|DBLa|1|62|456	QE0429-C.g117	100.000	395	0	0	1	395	62	456	0.0	827
PfKH02_060023700|DBLa|1|62|456	QE0429-C.g117	31.250	320	164	15	5	306	790	1071	2.54e-28	119
PfKH02_060023700|DBLa|1|62|456	QE0429-C.g117	28.289	304	170	9	116	395	1726	2005	2.16e-19	93.2
PfKH02_060023700|DBLa|1|62|456	QE0429-C.g117	21.918	365	221	13	50	395	1240	1559	2.71e-08	58.5
PfKH02_060023700|DBLa|1|62|456	PD0500-C.g168	100.000	395	0	0	1	395	62	456	0.0	827
PfKH02_060023700|DBLa|1|62|456	PD0500-C.g168	31.250	320	164	15	5	306	790	1071	2.57e-28	119
PfKH02_060023700|DBLa|1|62|456	PD0500-C.g168	28.289	304	170	9	116	395	1726	2005	2.16e-19	93.2
PfKH02_060023700|DBLa|1|62|456	PD0500-C.g168	21.918	365	221	13	50	395	1240	1559	2.76e-08	58.5
PfKH02_060023700|DBLa|1|62|456	QE0453-C.g98	100.000	395	0	0	1	395	62	456	0.0	826
PfKH02_060023700|DBLa|1|62|456	QE0453-C.g98	31.875	320	162	15	5	306	790	1071	2.64e-28	119
PfKH02_060023700|DBLa|1|62|456	QE0453-C.g98	28.289	304	170	9	116	395	1726	2005	2.66e-19	92.8
PfKH02_060023700|DBLa|1|62|456	QE0453-C.g98	21.918	365	221	13	50	395	1240	1559	2.67e-08	58.5
PfKH02_060023700|DBLa|1|62|456	QE0453-C.g419	100.000	395	0	0	1	395	62	456	0.0	825
PfKH02_060023700|DBLa|1|62|456	QE0453-C.g419	31.875	320	162	15	5	306	790	1071	3.12e-28	119
PfKH02_060023700|DBLa|1|62|456	QE0453-C.g419	28.289	304	170	9	116	395	1726	2005	2.86e-19	92.8
PfKH02_060023700|DBLa|1|62|456	QE0453-C.g419	21.918	365	221	13	50	395	1240	1559	2.61e-08	58.5
PfKH02_060023700|DBLa|1|62|456	PD0667-C.g168	100.000	395	0	0	1	395	62	456	0.0	825
PfKH02_060023700|DBLa|1|62|456	PD0667-C.g168	31.875	320	162	15	5	306	790	1071	3.12e-28	119
PfKH02_060023700|DBLa|1|62|456	PD0667-C.g168	28.289	304	170	9	116	395	1726	2005	2.86e-19	92.8
PfKH02_060023700|DBLa|1|62|456	PD0667-C.g168	21.918	365	221	13	50	395	1240	1559	2.61e-08	58.5
PfKH02_060023700|CIDRa|1|457|704	PH0117-C.g22	100.000	248	0	0	1	248	457	704	5.67e-172	510
PfKH02_060023700|CIDRa|1|457|704	QE0393-Cx.g384	100.000	248	0	0	1	248	457	704	1.82e-170	510
PfKH02_060023700|CIDRa|1|457|704	PV0195-C.g57	100.000	248	0	0	1	248	457	704	2.27e-168	511
PfKH02_060023700|CIDRa|1|457|704	QE0453-C.g98	100.000	248	0	0	1	248	457	704	7.45e-167	512
PfKH02_060023700|CIDRa|1|457|704	QE0453-C.g98	26.636	214	143	6	40	245	2045	2252	6.62e-11	64.3
PfKH02_060023700|CIDRa|1|457|704	QE0453-C.g419	100.000	248	0	0	1	248	457	704	9.16e-167	511
PfKH02_060023700|CIDRa|1|457|704	QE0453-C.g419	26.636	214	143	6	40	245	2045	2252	5.68e-11	64.7
PfKH02_060023700|DBLb|1|724|1179	QE0429-C.g117	100.000	456	0	0	1	456	724	1179	0.0	957
PfKH02_060023700|DBLb|1|724|1179	QE0429-C.g117	33.333	309	168	14	38	326	39	329	5.72e-30	126
PfKH02_060023700|DBLb|1|724|1179	QE0429-C.g117	25.762	361	209	13	61	394	1196	1524	1.97e-18	91.3
PfKH02_060023700|DBLb|1|724|1179	QE0453-C.g98	100.000	456	0	0	1	456	724	1179	0.0	957
PfKH02_060023700|DBLb|1|724|1179	QE0453-C.g98	33.333	309	168	14	38	326	39	329	4.17e-30	126
PfKH02_060023700|DBLb|1|724|1179	QE0453-C.g98	25.762	361	209	13	61	394	1196	1524	1.03e-18	92.0
PfKH02_060023700|DBLb|1|724|1179	PD0500-C.g168	100.000	456	0	0	1	456	724	1179	0.0	957
PfKH02_060023700|DBLb|1|724|1179	PD0500-C.g168	33.333	309	168	14	38	326	39	329	5.93e-30	126
PfKH02_060023700|DBLb|1|724|1179	PD0500-C.g168	25.762	361	209	13	61	394	1196	1524	2.10e-18	90.9
PfKH02_060023700|DBLb|1|724|1179	QE0453-C.g419	100.000	456	0	0	1	456	724	1179	0.0	955
PfKH02_060023700|DBLb|1|724|1179	QE0453-C.g419	33.333	309	168	14	38	326	39	329	4.92e-30	126
PfKH02_060023700|DBLb|1|724|1179	QE0453-C.g419	25.762	361	209	13	61	394	1196	1524	1.15e-18	91.7
PfKH02_060023700|DBLb|1|724|1179	PD0667-C.g168	100.000	456	0	0	1	456	724	1179	0.0	955
PfKH02_060023700|DBLb|1|724|1179	PD0667-C.g168	33.333	309	168	14	38	326	39	329	4.92e-30	126
PfKH02_060023700|DBLb|1|724|1179	PD0667-C.g168	25.762	361	209	13	61	394	1196	1524	1.15e-18	91.7
PfKH02_060023700|DBLg|1|1196|1561	QE0429-C.g117	100.000	366	0	0	1	366	1196	1561	0.0	775
PfKH02_060023700|DBLg|1|1196|1561	QE0429-C.g117	33.819	343	158	15	1	279	1586	1923	3.99e-38	147
PfKH02_060023700|DBLg|1|1196|1561	QE0429-C.g117	25.989	354	203	13	1	322	784	1110	8.82e-19	90.5
PfKH02_060023700|DBLg|1|1196|1561	QE0429-C.g117	22.727	264	158	9	45	277	111	359	4.89e-07	54.3
PfKH02_060023700|DBLg|1|1196|1561	PD0500-C.g168	100.000	366	0	0	1	366	1196	1561	0.0	775
PfKH02_060023700|DBLg|1|1196|1561	PD0500-C.g168	33.819	343	158	15	1	279	1586	1923	3.88e-38	147
PfKH02_060023700|DBLg|1|1196|1561	PD0500-C.g168	26.705	352	203	13	1	322	784	1110	8.27e-19	90.9
PfKH02_060023700|DBLg|1|1196|1561	PD0500-C.g168	22.727	264	158	9	45	277	111	359	4.80e-07	54.3
PfKH02_060023700|DBLg|1|1196|1561	QE0453-C.g98	100.000	366	0	0	1	366	1196	1561	0.0	773
PfKH02_060023700|DBLg|1|1196|1561	QE0453-C.g98	33.819	343	158	15	1	279	1586	1923	4.92e-38	147
PfKH02_060023700|DBLg|1|1196|1561	QE0453-C.g98	26.705	352	203	13	1	322	784	1110	7.36e-19	90.9
PfKH02_060023700|DBLg|1|1196|1561	QE0453-C.g98	22.727	264	158	9	45	277	111	359	4.57e-07	54.3
PfKH02_060023700|DBLg|1|1196|1561	QE0453-C.g419	100.000	366	0	0	1	366	1196	1561	0.0	772
PfKH02_060023700|DBLg|1|1196|1561	QE0453-C.g419	33.819	343	158	15	1	279	1586	1923	6.42e-38	147
PfKH02_060023700|DBLg|1|1196|1561	QE0453-C.g419	25.989	354	203	13	1	322	784	1110	7.78e-19	90.9
PfKH02_060023700|DBLg|1|1196|1561	QE0453-C.g419	22.727	264	158	9	45	277	111	359	5.01e-07	54.3
PfKH02_060023700|DBLg|1|1196|1561	PD0667-C.g168	100.000	366	0	0	1	366	1196	1561	0.0	772
PfKH02_060023700|DBLg|1|1196|1561	PD0667-C.g168	33.819	343	158	15	1	279	1586	1923	6.42e-38	147
PfKH02_060023700|DBLg|1|1196|1561	PD0667-C.g168	25.989	354	203	13	1	322	784	1110	7.78e-19	90.9
PfKH02_060023700|DBLg|1|1196|1561	PD0667-C.g168	22.727	264	158	9	45	277	111	359	5.01e-07	54.3
PfKH02_060023700|DBLd|1|1586|2005	PD0500-C.g168	100.000	420	0	0	1	420	1586	2005	0.0	865
PfKH02_060023700|DBLd|1|1586|2005	PD0500-C.g168	33.967	368	174	15	1	363	1196	1499	8.16e-44	166
PfKH02_060023700|DBLd|1|1586|2005	PD0500-C.g168	28.289	304	170	9	141	420	177	456	6.00e-23	104
PfKH02_060023700|DBLd|1|1586|2005	PD0500-C.g168	22.047	381	207	16	18	376	799	1111	6.57e-10	63.9
PfKH02_060023700|DBLd|1|1586|2005	QE0429-C.g117	100.000	420	0	0	1	420	1586	2005	0.0	865
PfKH02_060023700|DBLd|1|1586|2005	QE0429-C.g117	33.967	368	174	15	1	363	1196	1499	7.08e-44	166
PfKH02_060023700|DBLd|1|1586|2005	QE0429-C.g117	28.289	304	170	9	141	420	177	456	5.53e-23	104
PfKH02_060023700|DBLd|1|1586|2005	QE0429-C.g117	22.047	381	207	16	18	376	799	1111	6.07e-10	63.9
PfKH02_060023700|DBLd|1|1586|2005	QE0453-C.g98	100.000	420	0	0	1	420	1586	2005	0.0	865
PfKH02_060023700|DBLd|1|1586|2005	QE0453-C.g98	33.943	383	180	16	1	374	1196	1514	8.30e-44	166
PfKH02_060023700|DBLd|1|1586|2005	QE0453-C.g98	28.289	304	170	9	141	420	177	456	5.48e-23	104
PfKH02_060023700|DBLd|1|1586|2005	QE0453-C.g98	22.047	381	207	16	18	376	799	1111	5.72e-10	63.9
PfKH02_060023700|DBLd|1|1586|2005	QE0453-C.g419	100.000	420	0	0	1	420	1586	2005	0.0	863
PfKH02_060023700|DBLd|1|1586|2005	QE0453-C.g419	33.943	383	180	16	1	374	1196	1514	1.14e-43	166
PfKH02_060023700|DBLd|1|1586|2005	QE0453-C.g419	28.289	304	170	9	141	420	177	456	5.33e-23	104
PfKH02_060023700|DBLd|1|1586|2005	QE0453-C.g419	22.047	381	207	16	18	376	799	1111	5.89e-10	63.9
PfKH02_060023700|DBLd|1|1586|2005	PD0667-C.g168	100.000	420	0	0	1	420	1586	2005	0.0	863
PfKH02_060023700|DBLd|1|1586|2005	PD0667-C.g168	33.943	383	180	16	1	374	1196	1514	1.14e-43	166
PfKH02_060023700|DBLd|1|1586|2005	PD0667-C.g168	28.289	304	170	9	141	420	177	456	5.33e-23	104
PfKH02_060023700|DBLd|1|1586|2005	PD0667-C.g168	22.047	381	207	16	18	376	799	1111	5.89e-10	63.9
PfKH02_060023700|CIDRb|1|2006|2258	PV0184-C.g10	100.000	253	0	0	1	253	635	887	9.10e-178	518
PfKH02_060023700|CIDRb|1|2006|2258	PV0251-C.g39	100.000	253	0	0	1	253	462	714	4.30e-176	518
PfKH02_060023700|CIDRb|1|2006|2258	PM0073-C.g489	100.000	253	0	0	1	253	406	658	1.53e-175	517
PfKH02_060023700|CIDRb|1|2006|2258	QG0261-C.g376	100.000	253	0	0	1	253	649	901	1.67e-175	512
PfKH02_060023700|CIDRb|1|2006|2258	PV0087-C.g18	100.000	253	0	0	1	253	768	1020	2.01e-174	516
PfKH02_060023700|ATS|1|2368|2733	PT0219-C.g393	100.000	366	0	0	1	366	1700	2065	0.0	757
PfKH02_060023700|ATS|1|2368|2733	PA0057-C.g87	100.000	366	0	0	1	366	1742	2107	0.0	756
PfKH02_060023700|ATS|1|2368|2733	PM0115-C.g136	100.000	366	0	0	1	366	2392	2757	0.0	755
PfKH02_060023700|ATS|1|2368|2733	QE0395-C.g192	100.000	366	0	0	1	366	1696	2061	0.0	754
PfKH02_060023700|ATS|1|2368|2733	PM0136-C.g276	100.000	366	0	0	1	366	2371	2736	0.0	754
PfKH02_060023900|NTS|1|1|70	PC0080-C.g325	100.000	70	0	0	1	70	1	70	4.52e-41	143
PfKH02_060023900|NTS|1|1|70	PC0083-C.g254	100.000	70	0	0	1	70	1	70	4.60e-41	143
PfKH02_060023900|NTS|1|1|70	QE0395-C.g192	100.000	70	0	0	1	70	1	70	5.12e-41	143
PfKH02_060023900|NTS|1|1|70	PD0667-C.g145	100.000	70	0	0	1	70	1	70	7.03e-41	143
PfKH02_060023900|NTS|1|1|70	QE0453-C.g72	100.000	70	0	0	1	70	1	70	7.45e-41	143
PfKH02_060023900|DBLa|1|71|521	PV0195-C.g81	100.000	451	0	0	1	451	71	521	0.0	940
PfKH02_060023900|DBLa|1|71|521	PD0667-C.g145	100.000	451	0	0	1	451	71	521	0.0	940
PfKH02_060023900|DBLa|1|71|521	QE0453-C.g72	100.000	451	0	0	1	451	71	521	0.0	939
PfKH02_060023900|DBLa|1|71|521	PD0500-C.g603	100.000	451	0	0	1	451	71	521	0.0	939
PfKH02_060023900|DBLa|1|71|521	QE0395-C.g192	79.249	453	84	5	1	451	71	515	0.0	696
PfKH02_060023900|CIDRa|1|522|823	PH0117-C.g27	100.000	302	0	0	1	302	104	405	0.0	622
PfKH02_060023900|CIDRa|1|522|823	PD0667-C.g145	100.000	302	0	0	1	302	522	823	0.0	622
PfKH02_060023900|CIDRa|1|522|823	QE0453-C.g72	100.000	302	0	0	1	302	522	823	0.0	622
PfKH02_060023900|CIDRa|1|522|823	PD0500-C.g603	100.000	302	0	0	1	302	522	823	0.0	622
PfKH02_060023900|CIDRa|1|522|823	PV0195-C.g81	100.000	302	0	0	1	302	522	823	0.0	622
PfKH02_060023900|DBLd|1|888|1324	PH0117-C.g27	79.819	441	83	3	1	437	470	908	0.0	678
PfKH02_060023900|DBLd|1|888|1324	QE0453-C.g72	100.000	294	0	0	1	294	888	1181	0.0	607
PfKH02_060023900|DBLd|1|888|1324	QE0453-C.g72	25.215	349	173	11	156	437	194	521	3.47e-17	86.7
PfKH02_060023900|DBLd|1|888|1324	PD0500-C.g603	100.000	294	0	0	1	294	888	1181	0.0	607
PfKH02_060023900|DBLd|1|888|1324	PD0500-C.g603	25.215	349	173	11	156	437	194	521	3.47e-17	86.7
PfKH02_060023900|DBLd|1|888|1324	PD0667-C.g145	100.000	291	0	0	1	291	888	1178	0.0	600
PfKH02_060023900|DBLd|1|888|1324	PD0667-C.g145	25.215	349	173	11	156	437	194	521	3.38e-17	86.7
PfKH02_060023900|DBLd|1|888|1324	QE0453-C.g73	100.000	283	0	0	155	437	1	283	0.0	583
PfKH02_060023900|DBLd|1|888|1324	QE0453-C.g73	26.718	262	133	11	141	372	706	938	8.24e-14	76.3
PfKH02_060023900|DBLd|1|888|1324	QE0453-C.g73	21.345	342	157	10	30	369	1048	1279	1.12e-12	72.8
PfKH02_060023900|CIDRg|1|1325|1584	PV0195-C.g92	100.000	260	0	0	1	260	251	510	2.43e-177	526
PfKH02_060023900|CIDRg|1|1325|1584	QE0453-C.g73	100.000	260	0	0	1	260	284	543	6.63e-177	525
PfKH02_060023900|CIDRg|1|1325|1584	PD0667-C.g79	100.000	260	0	0	1	260	284	543	6.63e-177	525
PfKH02_060023900|CIDRg|1|1325|1584	PD0500-C.g649	100.000	260	0	0	1	260	284	543	6.63e-177	525
PfKH02_060023900|CIDRg|1|1325|1584	PA0007-C.g440	98.444	257	4	0	1	257	308	564	9.52e-173	511
PfKH02_060023900|DBLz|1|1625|2051	QE0453-C.g73	100.000	427	0	0	1	427	584	1010	0.0	865
PfKH02_060023900|DBLz|1|1625|2051	QE0453-C.g73	25.510	294	170	13	81	370	1049	1297	1.23e-15	82.0
PfKH02_060023900|DBLz|1|1625|2051	QE0453-C.g73	26.638	229	127	8	155	355	3	218	3.49e-13	74.3
PfKH02_060023900|DBLz|1|1625|2051	PD0667-C.g79	100.000	427	0	0	1	427	584	1010	0.0	865
PfKH02_060023900|DBLz|1|1625|2051	PD0667-C.g79	25.510	294	170	13	81	370	1049	1297	1.23e-15	82.0
PfKH02_060023900|DBLz|1|1625|2051	PD0667-C.g79	26.638	229	127	8	155	355	3	218	3.49e-13	74.3
PfKH02_060023900|DBLz|1|1625|2051	PD0500-C.g649	100.000	427	0	0	1	427	584	1010	0.0	865
PfKH02_060023900|DBLz|1|1625|2051	PD0500-C.g649	25.510	294	170	13	81	370	1049	1297	1.23e-15	82.0
PfKH02_060023900|DBLz|1|1625|2051	PD0500-C.g649	26.638	229	127	8	155	355	3	218	3.49e-13	74.3
PfKH02_060023900|DBLz|1|1625|2051	PV0195-C.g92	100.000	427	0	0	1	427	551	977	0.0	865
PfKH02_060023900|DBLz|1|1625|2051	PV0195-C.g92	25.510	294	170	13	81	370	1016	1264	1.13e-15	82.0
PfKH02_060023900|DBLz|1|1625|2051	PV0195-C.g92	26.627	169	96	5	215	355	17	185	2.08e-09	62.4
PfKH02_060023900|DBLz|1|1625|2051	PA0158-C.g395	75.576	434	89	4	1	427	1670	2093	0.0	654
PfKH02_060023900|DBLz|1|1625|2051	PA0158-C.g395	29.712	313	170	10	85	352	119	426	2.86e-32	132
PfKH02_060023900|DBLz|1|1625|2051	PA0158-C.g395	27.152	302	155	13	91	383	2146	2391	3.15e-15	80.9
PfKH02_060023900|DBLz|1|1625|2051	PA0158-C.g395	30.769	195	103	8	253	425	1193	1377	1.24e-10	66.2
PfKH02_060023900|DBLe|1|2056|2377	QE0429-C.g382	100.000	322	0	0	1	322	2092	2413	0.0	671
PfKH02_060023900|DBLe|1|2056|2377	QE0429-C.g382	24.399	291	150	9	49	269	127	417	5.57e-13	72.0
PfKH02_060023900|DBLe|1|2056|2377	QE0429-C.g382	24.000	200	104	8	50	209	1759	1950	1.37e-10	65.1
PfKH02_060023900|DBLe|1|2056|2377	QE0429-C.g382	23.013	239	115	8	98	268	1048	1285	8.45e-08	56.2
PfKH02_060023900|DBLe|1|2056|2377	QE0453-C.g73	100.000	322	0	0	1	322	1015	1336	0.0	666
PfKH02_060023900|DBLe|1|2056|2377	QE0453-C.g73	25.850	294	169	13	35	283	664	953	5.54e-16	81.3
PfKH02_060023900|DBLe|1|2056|2377	QE0453-C.g73	23.474	213	109	6	107	265	3	215	3.44e-09	60.5
PfKH02_060023900|DBLe|1|2056|2377	PV0195-C.g92	100.000	322	0	0	1	322	982	1303	0.0	666
PfKH02_060023900|DBLe|1|2056|2377	PV0195-C.g92	25.850	294	169	13	35	283	631	920	4.94e-16	81.3
PfKH02_060023900|DBLe|1|2056|2377	PD0667-C.g79	100.000	322	0	0	1	322	1015	1336	0.0	666
PfKH02_060023900|DBLe|1|2056|2377	PD0667-C.g79	25.850	294	169	13	35	283	664	953	5.54e-16	81.3
PfKH02_060023900|DBLe|1|2056|2377	PD0667-C.g79	23.474	213	109	6	107	265	3	215	3.44e-09	60.5
PfKH02_060023900|DBLe|1|2056|2377	PD0500-C.g649	100.000	322	0	0	1	322	1015	1336	0.0	666
PfKH02_060023900|DBLe|1|2056|2377	PD0500-C.g649	25.850	294	169	13	35	283	664	953	5.54e-16	81.3
PfKH02_060023900|DBLe|1|2056|2377	PD0500-C.g649	23.474	213	109	6	107	265	3	215	3.44e-09	60.5
PfKH02_060023900|ATS|1|2428|2908	PFKE09.g410	89.834	482	47	2	1	481	1751	2231	0.0	831
PfKH02_060023900|ATS|1|2428|2908	PD0472-C.g722	80.164	489	74	4	1	481	1681	2154	0.0	731
PfKH02_060023900|ATS|1|2428|2908	PF0638-C.g8678	76.210	496	93	6	1	481	1747	2232	0.0	718
PfKH02_060023900|ATS|1|2428|2908	PV0128-C.g36	81.702	470	81	5	1	469	1848	2313	0.0	713
PfKH02_060023900|ATS|1|2428|2908	PC0107-C.g222	78.214	459	86	6	1	456	1797	2244	0.0	707
PfKH02_060024100|NTS|1|1|70	PC0080-C.g325	100.000	70	0	0	1	70	1	70	4.52e-41	143
PfKH02_060024100|NTS|1|1|70	PC0083-C.g254	100.000	70	0	0	1	70	1	70	4.60e-41	143
PfKH02_060024100|NTS|1|1|70	QE0395-C.g192	100.000	70	0	0	1	70	1	70	5.12e-41	143
PfKH02_060024100|NTS|1|1|70	PD0667-C.g145	100.000	70	0	0	1	70	1	70	7.03e-41	143
PfKH02_060024100|NTS|1|1|70	QE0453-C.g72	100.000	70	0	0	1	70	1	70	7.45e-41	143
PfKH02_060024100|DBLa|1|71|521	PV0195-C.g81	100.000	451	0	0	1	451	71	521	0.0	940
PfKH02_060024100|DBLa|1|71|521	PD0667-C.g145	100.000	451	0	0	1	451	71	521	0.0	940
PfKH02_060024100|DBLa|1|71|521	QE0453-C.g72	100.000	451	0	0	1	451	71	521	0.0	939
PfKH02_060024100|DBLa|1|71|521	PD0500-C.g603	100.000	451	0	0	1	451	71	521	0.0	939
PfKH02_060024100|DBLa|1|71|521	QE0395-C.g192	79.249	453	84	5	1	451	71	515	0.0	696
PfKH02_060024100|CIDRa|1|522|823	PH0117-C.g27	100.000	302	0	0	1	302	104	405	0.0	622
PfKH02_060024100|CIDRa|1|522|823	PD0667-C.g145	100.000	302	0	0	1	302	522	823	0.0	622
PfKH02_060024100|CIDRa|1|522|823	QE0453-C.g72	100.000	302	0	0	1	302	522	823	0.0	622
PfKH02_060024100|CIDRa|1|522|823	PD0500-C.g603	100.000	302	0	0	1	302	522	823	0.0	622
PfKH02_060024100|CIDRa|1|522|823	PV0195-C.g81	100.000	302	0	0	1	302	522	823	0.0	622
PfKH02_060024100|DBLd|1|888|1324	PH0117-C.g27	79.819	441	83	3	1	437	470	908	0.0	678
PfKH02_060024100|DBLd|1|888|1324	QE0453-C.g72	100.000	294	0	0	1	294	888	1181	0.0	607
PfKH02_060024100|DBLd|1|888|1324	QE0453-C.g72	25.215	349	173	11	156	437	194	521	3.47e-17	86.7
PfKH02_060024100|DBLd|1|888|1324	PD0500-C.g603	100.000	294	0	0	1	294	888	1181	0.0	607
PfKH02_060024100|DBLd|1|888|1324	PD0500-C.g603	25.215	349	173	11	156	437	194	521	3.47e-17	86.7
PfKH02_060024100|DBLd|1|888|1324	PD0667-C.g145	100.000	291	0	0	1	291	888	1178	0.0	600
PfKH02_060024100|DBLd|1|888|1324	PD0667-C.g145	25.215	349	173	11	156	437	194	521	3.38e-17	86.7
PfKH02_060024100|DBLd|1|888|1324	QE0453-C.g73	100.000	283	0	0	155	437	1	283	0.0	583
PfKH02_060024100|DBLd|1|888|1324	QE0453-C.g73	26.718	262	133	11	141	372	706	938	8.24e-14	76.3
PfKH02_060024100|DBLd|1|888|1324	QE0453-C.g73	21.345	342	157	10	30	369	1048	1279	1.12e-12	72.8
PfKH02_060024100|CIDRg|1|1325|1584	PV0195-C.g92	100.000	260	0	0	1	260	251	510	2.43e-177	526
PfKH02_060024100|CIDRg|1|1325|1584	QE0453-C.g73	100.000	260	0	0	1	260	284	543	6.63e-177	525
PfKH02_060024100|CIDRg|1|1325|1584	PD0667-C.g79	100.000	260	0	0	1	260	284	543	6.63e-177	525
PfKH02_060024100|CIDRg|1|1325|1584	PD0500-C.g649	100.000	260	0	0	1	260	284	543	6.63e-177	525
PfKH02_060024100|CIDRg|1|1325|1584	PA0007-C.g440	98.444	257	4	0	1	257	308	564	9.52e-173	511
PfKH02_060024100|DBLz|1|1625|2051	QE0453-C.g73	100.000	427	0	0	1	427	584	1010	0.0	865
PfKH02_060024100|DBLz|1|1625|2051	QE0453-C.g73	25.510	294	170	13	81	370	1049	1297	1.23e-15	82.0
PfKH02_060024100|DBLz|1|1625|2051	QE0453-C.g73	26.638	229	127	8	155	355	3	218	3.49e-13	74.3
PfKH02_060024100|DBLz|1|1625|2051	PD0667-C.g79	100.000	427	0	0	1	427	584	1010	0.0	865
PfKH02_060024100|DBLz|1|1625|2051	PD0667-C.g79	25.510	294	170	13	81	370	1049	1297	1.23e-15	82.0
PfKH02_060024100|DBLz|1|1625|2051	PD0667-C.g79	26.638	229	127	8	155	355	3	218	3.49e-13	74.3
PfKH02_060024100|DBLz|1|1625|2051	PD0500-C.g649	100.000	427	0	0	1	427	584	1010	0.0	865
PfKH02_060024100|DBLz|1|1625|2051	PD0500-C.g649	25.510	294	170	13	81	370	1049	1297	1.23e-15	82.0
PfKH02_060024100|DBLz|1|1625|2051	PD0500-C.g649	26.638	229	127	8	155	355	3	218	3.49e-13	74.3
PfKH02_060024100|DBLz|1|1625|2051	PV0195-C.g92	100.000	427	0	0	1	427	551	977	0.0	865
PfKH02_060024100|DBLz|1|1625|2051	PV0195-C.g92	25.510	294	170	13	81	370	1016	1264	1.13e-15	82.0
PfKH02_060024100|DBLz|1|1625|2051	PV0195-C.g92	26.627	169	96	5	215	355	17	185	2.08e-09	62.4
PfKH02_060024100|DBLz|1|1625|2051	PA0158-C.g395	75.576	434	89	4	1	427	1670	2093	0.0	654
PfKH02_060024100|DBLz|1|1625|2051	PA0158-C.g395	29.712	313	170	10	85	352	119	426	2.86e-32	132
PfKH02_060024100|DBLz|1|1625|2051	PA0158-C.g395	27.152	302	155	13	91	383	2146	2391	3.15e-15	80.9
PfKH02_060024100|DBLz|1|1625|2051	PA0158-C.g395	30.769	195	103	8	253	425	1193	1377	1.24e-10	66.2
PfKH02_060024100|DBLe|1|2056|2377	QE0429-C.g382	100.000	322	0	0	1	322	2092	2413	0.0	671
PfKH02_060024100|DBLe|1|2056|2377	QE0429-C.g382	24.399	291	150	9	49	269	127	417	5.57e-13	72.0
PfKH02_060024100|DBLe|1|2056|2377	QE0429-C.g382	24.000	200	104	8	50	209	1759	1950	1.37e-10	65.1
PfKH02_060024100|DBLe|1|2056|2377	QE0429-C.g382	23.013	239	115	8	98	268	1048	1285	8.45e-08	56.2
PfKH02_060024100|DBLe|1|2056|2377	QE0453-C.g73	100.000	322	0	0	1	322	1015	1336	0.0	666
PfKH02_060024100|DBLe|1|2056|2377	QE0453-C.g73	25.850	294	169	13	35	283	664	953	5.54e-16	81.3
PfKH02_060024100|DBLe|1|2056|2377	QE0453-C.g73	23.474	213	109	6	107	265	3	215	3.44e-09	60.5
PfKH02_060024100|DBLe|1|2056|2377	PV0195-C.g92	100.000	322	0	0	1	322	982	1303	0.0	666
PfKH02_060024100|DBLe|1|2056|2377	PV0195-C.g92	25.850	294	169	13	35	283	631	920	4.94e-16	81.3
PfKH02_060024100|DBLe|1|2056|2377	PD0667-C.g79	100.000	322	0	0	1	322	1015	1336	0.0	666
PfKH02_060024100|DBLe|1|2056|2377	PD0667-C.g79	25.850	294	169	13	35	283	664	953	5.54e-16	81.3
PfKH02_060024100|DBLe|1|2056|2377	PD0667-C.g79	23.474	213	109	6	107	265	3	215	3.44e-09	60.5
PfKH02_060024100|DBLe|1|2056|2377	PD0500-C.g649	100.000	322	0	0	1	322	1015	1336	0.0	666
PfKH02_060024100|DBLe|1|2056|2377	PD0500-C.g649	25.850	294	169	13	35	283	664	953	5.54e-16	81.3
PfKH02_060024100|DBLe|1|2056|2377	PD0500-C.g649	23.474	213	109	6	107	265	3	215	3.44e-09	60.5
PfKH02_060024100|ATS|1|2428|2908	PFKE09.g410	89.834	482	47	2	1	481	1751	2231	0.0	831
PfKH02_060024100|ATS|1|2428|2908	PD0472-C.g722	80.164	489	74	4	1	481	1681	2154	0.0	731
PfKH02_060024100|ATS|1|2428|2908	PF0638-C.g8678	76.210	496	93	6	1	481	1747	2232	0.0	718
PfKH02_060024100|ATS|1|2428|2908	PV0128-C.g36	81.702	470	81	5	1	469	1848	2313	0.0	713
PfKH02_060024100|ATS|1|2428|2908	PC0107-C.g222	78.214	459	86	6	1	456	1797	2244	0.0	707
PfKH02_060039000|NTS|1|1|71	PH0991-C.g169	100.000	71	0	0	1	71	1	71	3.75e-43	149
PfKH02_060039000|NTS|1|1|71	PH0915-C.g314	100.000	71	0	0	1	71	1	71	3.75e-43	149
PfKH02_060039000|NTS|1|1|71	PH0856-C.g17	100.000	71	0	0	1	71	1	71	3.75e-43	149
PfKH02_060039000|NTS|1|1|71	PA0267-C.g609	100.000	71	0	0	1	71	1	71	3.79e-43	149
PfKH02_060039000|NTS|1|1|71	PD0500-C.g623	100.000	71	0	0	1	71	1	71	5.00e-43	149
PfKH02_060039000|DBLa|1|72|461	PH0991-C.g169	100.000	390	0	0	1	390	72	461	0.0	814
PfKH02_060039000|DBLa|1|72|461	PH0991-C.g169	32.588	313	152	10	57	358	853	1117	2.19e-29	122
PfKH02_060039000|DBLa|1|72|461	PH0991-C.g169	31.250	176	115	4	220	390	2070	2244	7.32e-16	82.0
PfKH02_060039000|DBLa|1|72|461	PH0991-C.g169	27.244	312	194	8	43	345	1341	1628	1.42e-15	81.3
PfKH02_060039000|DBLa|1|72|461	PH0915-C.g314	100.000	390	0	0	1	390	72	461	0.0	814
PfKH02_060039000|DBLa|1|72|461	PH0915-C.g314	32.588	313	152	10	57	358	853	1117	2.19e-29	122
PfKH02_060039000|DBLa|1|72|461	PH0915-C.g314	31.250	176	115	4	220	390	2070	2244	7.32e-16	82.0
PfKH02_060039000|DBLa|1|72|461	PH0915-C.g314	27.244	312	194	8	43	345	1341	1628	1.42e-15	81.3
PfKH02_060039000|DBLa|1|72|461	PH0856-C.g17	100.000	390	0	0	1	390	72	461	0.0	814
PfKH02_060039000|DBLa|1|72|461	PH0856-C.g17	32.588	313	152	10	57	358	853	1117	2.19e-29	122
PfKH02_060039000|DBLa|1|72|461	PH0856-C.g17	31.250	176	115	4	220	390	2070	2244	7.32e-16	82.0
PfKH02_060039000|DBLa|1|72|461	PH0856-C.g17	27.244	312	194	8	43	345	1341	1628	1.42e-15	81.3
PfKH02_060039000|DBLa|1|72|461	PD0500-C.g623	100.000	390	0	0	1	390	72	461	0.0	811
PfKH02_060039000|DBLa|1|72|461	PD0500-C.g623	32.588	313	152	10	57	358	853	1117	2.16e-29	122
PfKH02_060039000|DBLa|1|72|461	QE0466-C.g368	70.750	400	103	6	1	390	75	470	0.0	569
PfKH02_060039000|DBLa|1|72|461	QE0466-C.g368	31.937	191	114	5	213	390	1982	2169	5.47e-17	85.5
PfKH02_060039000|DBLa|1|72|461	QE0466-C.g368	26.367	311	154	11	38	320	825	1088	7.43e-15	79.0
PfKH02_060039000|DBLa|1|72|461	QE0466-C.g368	23.469	294	172	7	50	325	1336	1594	1.13e-09	62.8
PfKH02_060039000|CIDRd|1|462|717	PD0500-C.g623	100.000	256	0	0	1	256	462	717	5.64e-176	521
PfKH02_060039000|CIDRd|1|462|717	PH0991-C.g169	100.000	256	0	0	1	256	462	717	1.65e-170	523
PfKH02_060039000|CIDRd|1|462|717	PH0991-C.g169	34.855	241	148	4	5	244	2249	2481	4.33e-32	126
PfKH02_060039000|CIDRd|1|462|717	PH0915-C.g314	100.000	256	0	0	1	256	462	717	1.65e-170	523
PfKH02_060039000|CIDRd|1|462|717	PH0915-C.g314	34.855	241	148	4	5	244	2249	2481	4.33e-32	126
PfKH02_060039000|CIDRd|1|462|717	PH0856-C.g17	100.000	256	0	0	1	256	462	717	1.65e-170	523
PfKH02_060039000|CIDRd|1|462|717	PH0856-C.g17	34.855	241	148	4	5	244	2249	2481	4.33e-32	126
PfKH02_060039000|CIDRd|1|462|717	PT0080-C.g778	84.252	254	40	0	1	254	458	711	3.48e-141	439
PfKH02_060039000|CIDRd|1|462|717	PT0080-C.g778	36.893	206	124	3	42	243	2356	2559	2.23e-27	112
PfKH02_060039000|DBLb|1|739|1182	PH0991-C.g169	100.000	444	0	0	1	444	739	1182	0.0	927
PfKH02_060039000|DBLb|1|739|1182	PH0991-C.g169	37.838	222	104	8	115	313	128	338	5.40e-30	125
PfKH02_060039000|DBLb|1|739|1182	PH0991-C.g169	22.951	305	186	9	114	386	1354	1641	1.72e-09	62.8
PfKH02_060039000|DBLb|1|739|1182	PH0915-C.g314	100.000	444	0	0	1	444	739	1182	0.0	927
PfKH02_060039000|DBLb|1|739|1182	PH0915-C.g314	37.838	222	104	8	115	313	128	338	5.40e-30	125
PfKH02_060039000|DBLb|1|739|1182	PH0915-C.g314	22.951	305	186	9	114	386	1354	1641	1.72e-09	62.8
PfKH02_060039000|DBLb|1|739|1182	PH0856-C.g17	100.000	444	0	0	1	444	739	1182	0.0	927
PfKH02_060039000|DBLb|1|739|1182	PH0856-C.g17	37.838	222	104	8	115	313	128	338	5.40e-30	125
PfKH02_060039000|DBLb|1|739|1182	PH0856-C.g17	22.951	305	186	9	114	386	1354	1641	1.72e-09	62.8
PfKH02_060039000|DBLb|1|739|1182	PD0500-C.g623	100.000	444	0	0	1	444	739	1182	0.0	923
PfKH02_060039000|DBLb|1|739|1182	PD0500-C.g623	37.838	222	104	8	115	313	128	338	5.45e-30	125
PfKH02_060039000|DBLb|1|739|1182	QE0464-C.g414	97.973	444	9	0	1	444	747	1190	0.0	910
PfKH02_060039000|DBLb|1|739|1182	QE0464-C.g414	29.310	406	209	17	16	360	21	409	7.56e-32	131
PfKH02_060039000|DBLb|1|739|1182	QE0464-C.g414	24.121	398	218	16	5	349	1233	1599	1.36e-18	91.3
PfKH02_060039000|DBLg|1|1310|1678	PH0991-C.g169	100.000	369	0	0	1	369	1310	1678	0.0	764
PfKH02_060039000|DBLg|1|1310|1678	PH0991-C.g169	23.873	377	174	8	35	298	1800	2176	1.24e-27	117
PfKH02_060039000|DBLg|1|1310|1678	PH0991-C.g169	26.586	331	186	10	32	326	114	423	4.83e-16	82.4
PfKH02_060039000|DBLg|1|1310|1678	PH0991-C.g169	23.279	305	185	9	45	332	852	1124	5.00e-08	57.4
PfKH02_060039000|DBLg|1|1310|1678	PH0915-C.g314	100.000	369	0	0	1	369	1310	1678	0.0	764
PfKH02_060039000|DBLg|1|1310|1678	PH0915-C.g314	23.873	377	174	8	35	298	1800	2176	1.24e-27	117
PfKH02_060039000|DBLg|1|1310|1678	PH0915-C.g314	26.586	331	186	10	32	326	114	423	4.83e-16	82.4
PfKH02_060039000|DBLg|1|1310|1678	PH0915-C.g314	23.279	305	185	9	45	332	852	1124	5.00e-08	57.4
PfKH02_060039000|DBLg|1|1310|1678	PH0856-C.g17	100.000	369	0	0	1	369	1310	1678	0.0	764
PfKH02_060039000|DBLg|1|1310|1678	PH0856-C.g17	23.873	377	174	8	35	298	1800	2176	1.24e-27	117
PfKH02_060039000|DBLg|1|1310|1678	PH0856-C.g17	26.586	331	186	10	32	326	114	423	4.83e-16	82.4
PfKH02_060039000|DBLg|1|1310|1678	PH0856-C.g17	23.279	305	185	9	45	332	852	1124	5.00e-08	57.4
PfKH02_060039000|DBLg|1|1310|1678	PD0539-C.g441	91.689	373	26	2	1	369	891	1262	0.0	674
PfKH02_060039000|DBLg|1|1310|1678	PD0539-C.g441	33.819	343	139	13	44	298	1463	1805	2.30e-41	157
PfKH02_060039000|DBLg|1|1310|1678	PD0539-C.g441	26.846	298	166	11	36	301	111	388	1.69e-15	80.9
PfKH02_060039000|DBLg|1|1310|1678	PD0530-C.g517	91.689	373	26	2	1	369	891	1262	0.0	674
PfKH02_060039000|DBLg|1|1310|1678	PD0530-C.g517	33.819	343	139	13	44	298	1463	1805	2.30e-41	157
PfKH02_060039000|DBLg|1|1310|1678	PD0530-C.g517	26.846	298	166	11	36	301	111	388	1.69e-15	80.9
PfKH02_060039000|DBLd|1|1753|2244	PH0991-C.g169	100.000	492	0	0	1	492	1753	2244	0.0	1017
PfKH02_060039000|DBLd|1|1753|2244	PH0991-C.g169	24.324	370	161	10	48	414	1344	1597	2.28e-25	112
PfKH02_060039000|DBLd|1|1753|2244	PH0991-C.g169	31.579	171	111	4	323	492	296	461	1.98e-14	79.0
PfKH02_060039000|DBLd|1|1753|2244	PH0915-C.g314	100.000	492	0	0	1	492	1753	2244	0.0	1017
PfKH02_060039000|DBLd|1|1753|2244	PH0915-C.g314	24.324	370	161	10	48	414	1344	1597	2.28e-25	112
PfKH02_060039000|DBLd|1|1753|2244	PH0915-C.g314	31.579	171	111	4	323	492	296	461	1.98e-14	79.0
PfKH02_060039000|DBLd|1|1753|2244	PH0856-C.g17	100.000	492	0	0	1	492	1753	2244	0.0	1017
PfKH02_060039000|DBLd|1|1753|2244	PH0856-C.g17	24.324	370	161	10	48	414	1344	1597	2.28e-25	112
PfKH02_060039000|DBLd|1|1753|2244	PH0856-C.g17	31.579	171	111	4	323	492	296	461	1.98e-14	79.0
PfKH02_060039000|DBLd|1|1753|2244	PV0139-C.g68	58.065	527	143	17	1	492	1749	2232	2.21e-159	503
PfKH02_060039000|DBLd|1|1753|2244	PV0139-C.g68	25.122	410	166	11	15	424	1292	1560	4.01e-33	136
PfKH02_060039000|DBLd|1|1753|2244	PV0139-C.g68	25.114	219	126	7	212	429	264	445	1.42e-11	69.7
PfKH02_060039000|DBLd|1|1753|2244	PFKE07.g49	52.897	535	189	19	1	492	872	1386	4.71e-156	487
PfKH02_060039000|DBLd|1|1753|2244	PFKE07.g49	27.124	306	163	12	209	492	216	483	7.30e-15	80.1
PfKH02_060039000|CIDRb|1|2245|2492	PV0139-C.g68	100.000	248	0	0	1	248	2233	2480	4.93e-166	510
PfKH02_060039000|CIDRb|1|2245|2492	PV0139-C.g68	26.848	257	165	10	4	244	521	770	4.97e-09	58.9
PfKH02_060039000|CIDRb|1|2245|2492	PH0991-C.g169	100.000	248	0	0	1	248	2245	2492	5.66e-166	510
PfKH02_060039000|CIDRb|1|2245|2492	PH0991-C.g169	34.855	241	148	4	5	237	466	705	4.20e-32	126
PfKH02_060039000|CIDRb|1|2245|2492	PH0915-C.g314	100.000	248	0	0	1	248	2245	2492	5.66e-166	510
PfKH02_060039000|CIDRb|1|2245|2492	PH0915-C.g314	34.855	241	148	4	5	237	466	705	4.20e-32	126
PfKH02_060039000|CIDRb|1|2245|2492	PH0856-C.g17	100.000	248	0	0	1	248	2245	2492	5.66e-166	510
PfKH02_060039000|CIDRb|1|2245|2492	PH0856-C.g17	34.855	241	148	4	5	237	466	705	4.20e-32	126
PfKH02_060039000|CIDRb|1|2245|2492	PD0497-C.g588	81.928	249	42	3	1	248	1338	1584	6.56e-130	406
PfKH02_060039000|ATS|1|2613|3055	PT0256-C.g286	86.130	447	58	1	1	443	2267	2713	0.0	780
PfKH02_060039000|ATS|1|2613|3055	PA0262-C.g127	85.714	448	59	2	1	443	2860	3307	0.0	774
PfKH02_060039000|ATS|1|2613|3055	PfKE04.g1	87.472	447	32	4	1	443	3373	3799	0.0	773
PfKH02_060039000|ATS|1|2613|3055	PC0104-C.g47	85.268	448	61	2	1	443	3045	3492	0.0	768
PfKH02_060039000|ATS|1|2613|3055	PFKE11.g431	84.340	447	65	3	1	443	3005	3450	0.0	763
PfKH02_070015000|NTS|1|1|63	PD0648-C.g1487	100.000	63	0	0	1	63	1	63	3.04e-38	135
PfKH02_070015000|NTS|1|1|63	PD0590-C.g668	100.000	63	0	0	1	63	1	63	3.04e-38	135
PfKH02_070015000|NTS|1|1|63	PD0555-C.g600	100.000	63	0	0	1	63	1	63	3.04e-38	135
PfKH02_070015000|NTS|1|1|63	PD0532-C.g598	100.000	63	0	0	1	63	1	63	3.04e-38	135
PfKH02_070015000|NTS|1|1|63	PD0509-Cx2.g135	100.000	63	0	0	1	63	1	63	3.04e-38	135
PfKH02_070015000|DBLa|1|64|472	PH0558-C.g718	100.000	409	0	0	1	409	63	471	0.0	847
PfKH02_070015000|DBLa|1|64|472	PH0558-C.g718	34.211	342	157	16	6	331	803	1092	8.07e-33	133
PfKH02_070015000|DBLa|1|64|472	PH0558-C.g718	34.112	214	128	5	53	265	1301	1502	2.99e-31	129
PfKH02_070015000|DBLa|1|64|472	PH0558-C.g718	26.346	353	187	11	33	378	1691	1977	1.89e-15	81.3
PfKH02_070015000|DBLa|1|64|472	PD0554-C.g468	100.000	409	0	0	1	409	64	472	0.0	847
PfKH02_070015000|DBLa|1|64|472	PD0554-C.g468	34.211	342	157	16	6	331	804	1093	1.34e-32	132
PfKH02_070015000|DBLa|1|64|472	PV0028-C.g101	100.000	409	0	0	1	409	64	472	0.0	846
PfKH02_070015000|DBLa|1|64|472	PV0028-C.g101	34.211	342	157	16	6	331	804	1093	9.19e-33	133
PfKH02_070015000|DBLa|1|64|472	PV0028-C.g101	31.169	308	167	9	53	354	1303	1571	5.85e-31	128
PfKH02_070015000|DBLa|1|64|472	PV0028-C.g101	24.912	285	150	6	49	333	1689	1909	2.47e-15	80.9
PfKH02_070015000|DBLa|1|64|472	PH0991-C.g485	100.000	409	0	0	1	409	64	472	0.0	846
PfKH02_070015000|DBLa|1|64|472	PH0991-C.g485	34.211	342	157	16	6	331	804	1093	9.19e-33	133
PfKH02_070015000|DBLa|1|64|472	PH0991-C.g485	31.169	308	167	9	53	354	1303	1571	5.85e-31	128
PfKH02_070015000|DBLa|1|64|472	PH0991-C.g485	24.912	285	150	6	49	333	1689	1909	2.47e-15	80.9
PfKH02_070015000|DBLa|1|64|472	PH0915-C.g645	100.000	409	0	0	1	409	1	409	0.0	846
PfKH02_070015000|DBLa|1|64|472	PH0915-C.g645	34.211	342	157	16	6	331	741	1030	9.30e-33	133
PfKH02_070015000|DBLa|1|64|472	PH0915-C.g645	31.169	308	167	9	53	354	1240	1508	5.76e-31	128
PfKH02_070015000|DBLa|1|64|472	PH0915-C.g645	24.912	285	150	6	49	333	1626	1846	2.29e-15	80.9
PfKH02_070015000|CIDRa|1|473|724	PD0554-C.g468	100.000	252	0	0	1	252	473	724	5.74e-175	516
PfKH02_070015000|CIDRa|1|473|724	PH0471-C.g431	100.000	252	0	0	1	252	473	724	2.39e-170	515
PfKH02_070015000|CIDRa|1|473|724	PH0558-C.g718	100.000	252	0	0	1	252	472	723	1.64e-169	516
PfKH02_070015000|CIDRa|1|473|724	PV0028-C.g101	100.000	252	0	0	1	252	473	724	3.70e-169	515
PfKH02_070015000|CIDRa|1|473|724	PH0991-C.g485	100.000	252	0	0	1	252	473	724	3.70e-169	515
PfKH02_070015000|DBLb|1|740|1194	PD0554-C.g468	100.000	455	0	0	1	455	740	1194	0.0	958
PfKH02_070015000|DBLb|1|740|1194	PD0554-C.g468	33.875	369	172	18	40	354	44	394	1.11e-33	137
PfKH02_070015000|DBLb|1|740|1194	PH0558-C.g718	100.000	455	0	0	1	455	739	1193	0.0	957
PfKH02_070015000|DBLb|1|740|1194	PH0558-C.g718	31.667	420	240	14	62	455	1255	1653	7.80e-41	158
PfKH02_070015000|DBLb|1|740|1194	PH0558-C.g718	33.875	369	172	18	40	354	43	393	1.76e-33	136
PfKH02_070015000|DBLb|1|740|1194	PH0558-C.g718	28.516	256	140	10	103	351	1703	1922	1.63e-16	85.1
PfKH02_070015000|DBLb|1|740|1194	PH0471-C.g431	100.000	455	0	0	1	455	740	1194	0.0	957
PfKH02_070015000|DBLb|1|740|1194	PH0471-C.g431	31.568	472	241	19	17	455	1213	1635	4.05e-42	162
PfKH02_070015000|DBLb|1|740|1194	PH0471-C.g431	33.875	369	172	18	40	354	44	394	2.11e-33	136
PfKH02_070015000|DBLb|1|740|1194	PH0915-C.g645	100.000	455	0	0	1	455	677	1131	0.0	957
PfKH02_070015000|DBLb|1|740|1194	PH0915-C.g645	31.277	470	245	18	17	455	1150	1572	8.00e-42	161
PfKH02_070015000|DBLb|1|740|1194	PH0915-C.g645	34.211	342	157	16	65	354	6	331	6.79e-32	132
PfKH02_070015000|DBLb|1|740|1194	PH0915-C.g645	27.500	280	153	11	110	381	1629	1866	3.84e-17	87.0
PfKH02_070015000|DBLb|1|740|1194	PV0028-C.g101	100.000	455	0	0	1	455	740	1194	0.0	956
PfKH02_070015000|DBLb|1|740|1194	PV0028-C.g101	31.277	470	245	18	17	455	1213	1635	6.61e-42	161
PfKH02_070015000|DBLb|1|740|1194	PV0028-C.g101	33.875	369	172	18	40	354	44	394	3.21e-33	135
PfKH02_070015000|DBLb|1|740|1194	PV0028-C.g101	27.500	280	153	11	110	381	1692	1929	3.12e-17	87.4
PfKH02_070015000|DBLz|1|1207|1635	PH0471-C.g431	100.000	429	0	0	1	429	1207	1635	0.0	881
PfKH02_070015000|DBLz|1|1207|1635	PH0471-C.g431	31.568	472	241	18	7	429	756	1194	1.38e-42	162
PfKH02_070015000|DBLz|1|1207|1635	PH0471-C.g431	30.120	332	195	8	97	397	116	441	7.67e-33	134
PfKH02_070015000|DBLz|1|1207|1635	PH0915-C.g645	100.000	429	0	0	1	429	1144	1572	0.0	879
PfKH02_070015000|DBLz|1|1207|1635	PH0915-C.g645	31.568	472	241	18	7	429	693	1131	1.79e-42	162
PfKH02_070015000|DBLz|1|1207|1635	PH0915-C.g645	30.120	332	195	8	97	397	53	378	9.08e-33	134
PfKH02_070015000|DBLz|1|1207|1635	PH0915-C.g645	25.869	259	149	7	94	352	1627	1842	6.80e-15	79.7
PfKH02_070015000|DBLz|1|1207|1635	PV0028-C.g101	100.000	429	0	0	1	429	1207	1635	0.0	879
PfKH02_070015000|DBLz|1|1207|1635	PV0028-C.g101	31.568	472	241	18	7	429	756	1194	1.27e-42	162
PfKH02_070015000|DBLz|1|1207|1635	PV0028-C.g101	29.851	335	192	9	97	397	116	441	7.66e-33	134
PfKH02_070015000|DBLz|1|1207|1635	PV0028-C.g101	25.869	259	149	7	94	352	1690	1905	5.57e-15	80.1
PfKH02_070015000|DBLz|1|1207|1635	PH0991-C.g485	100.000	429	0	0	1	429	1207	1635	0.0	879
PfKH02_070015000|DBLz|1|1207|1635	PH0991-C.g485	31.568	472	241	18	7	429	756	1194	1.27e-42	162
PfKH02_070015000|DBLz|1|1207|1635	PH0991-C.g485	29.851	335	192	9	97	397	116	441	7.66e-33	134
PfKH02_070015000|DBLz|1|1207|1635	PH0991-C.g485	25.869	259	149	7	94	352	1690	1905	5.57e-15	80.1
PfKH02_070015000|DBLz|1|1207|1635	PH0592-C.g389	100.000	429	0	0	1	429	1207	1635	0.0	879
PfKH02_070015000|DBLz|1|1207|1635	PH0592-C.g389	31.568	472	241	18	7	429	756	1194	1.27e-42	162
PfKH02_070015000|DBLz|1|1207|1635	PH0592-C.g389	29.851	335	192	9	97	397	116	441	7.66e-33	134
PfKH02_070015000|DBLz|1|1207|1635	PH0592-C.g389	25.869	259	149	7	94	352	1690	1905	5.57e-15	80.1
PfKH02_070015000|DBLe|1|1640|1961	PV0239-C.g11	99.689	322	1	0	1	322	2949	3270	0.0	675
PfKH02_070015000|DBLe|1|1640|1961	PV0239-C.g11	25.292	257	146	7	47	258	1361	1616	1.43e-17	86.3
PfKH02_070015000|DBLe|1|1640|1961	PV0239-C.g11	25.830	271	156	8	40	266	2598	2867	3.19e-16	82.0
PfKH02_070015000|DBLe|1|1640|1961	PV0239-C.g11	29.752	242	129	10	51	255	861	1098	3.39e-15	79.0
PfKH02_070015000|DBLe|1|1640|1961	PV0239-C.g11	26.087	276	153	11	50	275	121	395	2.72e-13	73.2
PfKH02_070015000|DBLe|1|1640|1961	PD0503-C.g65	99.689	322	1	0	1	322	2950	3271	0.0	674
PfKH02_070015000|DBLe|1|1640|1961	PD0503-C.g65	27.843	255	139	9	53	270	843	1089	1.34e-17	86.3
PfKH02_070015000|DBLe|1|1640|1961	PD0503-C.g65	25.292	257	146	7	47	258	1362	1617	1.42e-17	86.3
PfKH02_070015000|DBLe|1|1640|1961	PD0503-C.g65	25.830	271	156	8	40	266	2599	2868	3.05e-16	82.0
PfKH02_070015000|DBLe|1|1640|1961	PD0503-C.g65	24.815	270	155	7	50	271	128	397	6.25e-13	72.0
PfKH02_070015000|DBLe|1|1640|1961	PV0028-C.g101	100.000	322	0	0	1	322	1640	1961	0.0	673
PfKH02_070015000|DBLe|1|1640|1961	PV0028-C.g101	27.857	280	152	12	53	290	849	1120	1.20e-17	86.3
PfKH02_070015000|DBLe|1|1640|1961	PV0028-C.g101	25.869	259	149	7	51	266	1300	1558	3.66e-16	81.6
PfKH02_070015000|DBLe|1|1640|1961	PV0028-C.g101	24.912	285	150	6	50	270	112	396	5.49e-16	81.3
PfKH02_070015000|DBLe|1|1640|1961	PH0991-C.g485	100.000	322	0	0	1	322	1640	1961	0.0	673
PfKH02_070015000|DBLe|1|1640|1961	PH0991-C.g485	27.857	280	152	12	53	290	849	1120	1.20e-17	86.3
PfKH02_070015000|DBLe|1|1640|1961	PH0991-C.g485	25.869	259	149	7	51	266	1300	1558	3.66e-16	81.6
PfKH02_070015000|DBLe|1|1640|1961	PH0991-C.g485	24.912	285	150	6	50	270	112	396	5.49e-16	81.3
PfKH02_070015000|DBLe|1|1640|1961	PH0932-C.g689	99.689	322	1	0	1	322	2958	3279	0.0	673
PfKH02_070015000|DBLe|1|1640|1961	PH0932-C.g689	25.292	257	146	7	47	258	1370	1625	1.37e-17	86.3
PfKH02_070015000|DBLe|1|1640|1961	PH0932-C.g689	25.830	271	156	8	40	266	2607	2876	3.16e-16	82.0
PfKH02_070015000|DBLe|1|1640|1961	PH0932-C.g689	29.752	242	129	10	51	255	861	1098	3.40e-15	79.0
PfKH02_070015000|DBLe|1|1640|1961	PH0932-C.g689	26.087	276	153	11	50	275	121	395	3.24e-13	72.8
PfKH02_070015000|ATS|1|2020|2513	PH0604-C.g150	79.084	502	91	7	1	494	683	1178	0.0	728
PfKH02_070015000|ATS|1|2020|2513	PD0472-C.g722	75.960	495	97	6	1	494	1681	2154	0.0	703
PfKH02_070015000|ATS|1|2020|2513	PFKE09.g410	76.040	505	86	9	1	494	1751	2231	0.0	695
PfKH02_070015000|ATS|1|2020|2513	PF0638-C.g8678	76.040	505	91	8	1	494	1747	2232	0.0	694
PfKH02_070015000|ATS|1|2020|2513	PF0235-C.g378	81.366	483	83	3	1	482	760	1236	0.0	685
PfKH02_070015100|NTS|1|1|64	PV0028-C.g31	100.000	64	0	0	1	64	1	64	1.39e-35	127
PfKH02_070015100|NTS|1|1|64	PD0500-C.g138	100.000	64	0	0	1	64	1	64	1.46e-35	127
PfKH02_070015100|NTS|1|1|64	PH0991-C.g503	100.000	64	0	0	1	64	1	64	1.86e-35	127
PfKH02_070015100|NTS|1|1|64	PH0915-C.g542	100.000	64	0	0	1	64	1	64	1.86e-35	127
PfKH02_070015100|NTS|1|1|64	PH0592-C.g338	100.000	64	0	0	1	64	1	64	1.86e-35	127
PfKH02_070015100|DBLa|1|65|495	PV0028-C.g31	100.000	431	0	0	1	431	65	495	0.0	901
PfKH02_070015100|DBLa|1|65|495	PV0028-C.g31	23.885	314	177	10	124	431	1092	1349	4.05e-11	67.8
PfKH02_070015100|DBLa|1|65|495	PD0500-C.g138	100.000	431	0	0	1	431	65	495	0.0	898
PfKH02_070015100|DBLa|1|65|495	PH0991-C.g503	100.000	431	0	0	1	431	65	495	0.0	898
PfKH02_070015100|DBLa|1|65|495	PH0991-C.g503	23.885	314	177	10	124	431	1092	1349	4.51e-11	67.8
PfKH02_070015100|DBLa|1|65|495	PH0915-C.g542	100.000	431	0	0	1	431	65	495	0.0	898
PfKH02_070015100|DBLa|1|65|495	PH0915-C.g542	23.885	314	177	10	124	431	1092	1349	4.51e-11	67.8
PfKH02_070015100|DBLa|1|65|495	PH0592-C.g338	100.000	431	0	0	1	431	65	495	0.0	898
PfKH02_070015100|DBLa|1|65|495	PH0592-C.g338	23.885	314	177	10	124	431	1092	1349	4.51e-11	67.8
PfKH02_070015100|CIDRa|1|496|808	PV0028-C.g31	100.000	313	0	0	1	313	496	808	0.0	641
PfKH02_070015100|CIDRa|1|496|808	PV0028-C.g31	41.538	65	37	1	147	211	1460	1523	4.14e-08	57.0
PfKH02_070015100|CIDRa|1|496|808	PD0500-C.g138	100.000	313	0	0	1	313	496	808	0.0	641
PfKH02_070015100|CIDRa|1|496|808	PH0991-C.g503	100.000	313	0	0	1	313	496	808	0.0	639
PfKH02_070015100|CIDRa|1|496|808	PH0991-C.g503	41.538	65	37	1	147	211	1460	1523	6.33e-08	56.6
PfKH02_070015100|CIDRa|1|496|808	PH0915-C.g542	100.000	313	0	0	1	313	496	808	0.0	639
PfKH02_070015100|CIDRa|1|496|808	PH0915-C.g542	41.538	65	37	1	147	211	1460	1523	6.33e-08	56.6
PfKH02_070015100|CIDRa|1|496|808	PH0592-C.g338	100.000	313	0	0	1	313	496	808	0.0	639
PfKH02_070015100|CIDRa|1|496|808	PH0592-C.g338	41.538	65	37	1	147	211	1460	1523	6.33e-08	56.6
PfKH02_070015100|DBLd|1|880|1349	PV0028-C.g31	100.000	470	0	0	1	470	880	1349	0.0	979
PfKH02_070015100|DBLd|1|880|1349	PV0028-C.g31	23.885	314	177	10	213	470	188	495	9.76e-08	57.4
PfKH02_070015100|DBLd|1|880|1349	PH0991-C.g503	100.000	470	0	0	1	470	880	1349	0.0	976
PfKH02_070015100|DBLd|1|880|1349	PH0991-C.g503	23.885	314	177	10	213	470	188	495	1.22e-07	57.0
PfKH02_070015100|DBLd|1|880|1349	PH0915-C.g542	100.000	470	0	0	1	470	880	1349	0.0	976
PfKH02_070015100|DBLd|1|880|1349	PH0915-C.g542	23.885	314	177	10	213	470	188	495	1.22e-07	57.0
PfKH02_070015100|DBLd|1|880|1349	PH0592-C.g338	100.000	470	0	0	1	470	880	1349	0.0	976
PfKH02_070015100|DBLd|1|880|1349	PH0592-C.g338	23.885	314	177	10	213	470	188	495	1.22e-07	57.0
PfKH02_070015100|DBLd|1|880|1349	PH0560-C.g573	100.000	470	0	0	1	470	880	1349	0.0	976
PfKH02_070015100|DBLd|1|880|1349	PH0560-C.g573	23.885	314	177	10	213	470	188	495	1.22e-07	57.0
PfKH02_070015100|CIDRb|1|1350|1611	PD0554-C.g537	100.000	262	0	0	1	262	1198	1459	1.18e-178	534
PfKH02_070015100|CIDRb|1|1350|1611	PD0554-C.g537	41.429	70	32	2	111	175	518	583	4.05e-07	53.1
PfKH02_070015100|CIDRb|1|1350|1611	PD0508-C.g3567	100.000	262	0	0	1	262	1191	1452	1.35e-178	534
PfKH02_070015100|CIDRb|1|1350|1611	PD0508-C.g3567	41.429	70	32	2	111	175	511	576	3.93e-07	53.1
PfKH02_070015100|CIDRb|1|1350|1611	PH0991-C.g503	100.000	262	0	0	1	262	1350	1611	4.69e-178	535
PfKH02_070015100|CIDRb|1|1350|1611	PH0915-C.g542	100.000	262	0	0	1	262	1350	1611	4.69e-178	535
PfKH02_070015100|CIDRb|1|1350|1611	PH0592-C.g338	100.000	262	0	0	1	262	1350	1611	4.69e-178	535
PfKH02_070015100|ATS|1|1737|2223	PV0028-C.g31	85.481	489	36	7	1	487	1737	2192	0.0	816
PfKH02_070015100|ATS|1|1737|2223	PV0139-C.g130	75.670	522	75	7	1	487	874	1378	0.0	728
PfKH02_070015100|ATS|1|1737|2223	PD0549-C.g516	76.735	490	69	11	1	487	2187	2634	0.0	701
PfKH02_070015100|ATS|1|1737|2223	PD0511-C.g583	76.735	490	69	11	1	487	2187	2634	0.0	701
PfKH02_070015100|ATS|1|1737|2223	QE0436-C.g670	72.989	522	92	11	2	487	1708	2216	0.0	685
PfKH02_070015200|NTS|1|1|72	PD0667-C.g315	100.000	72	0	0	1	72	1	72	1.30e-44	154
PfKH02_070015200|NTS|1|1|72	PH0991-C.g230	100.000	72	0	0	1	72	1	72	1.36e-44	154
PfKH02_070015200|NTS|1|1|72	PH0915-C.g344	100.000	72	0	0	1	72	1	72	1.36e-44	154
PfKH02_070015200|NTS|1|1|72	PH0592-C.g176	100.000	72	0	0	1	72	1	72	1.36e-44	154
PfKH02_070015200|NTS|1|1|72	PH0560-C.g250	100.000	72	0	0	1	72	1	72	1.36e-44	154
PfKH02_070015200|DBLa|1|73|488	PD0667-C.g315	100.000	416	0	0	1	416	73	488	0.0	862
PfKH02_070015200|DBLa|1|73|488	PD0667-C.g315	28.205	351	191	11	80	416	959	1262	7.80e-27	115
PfKH02_070015200|DBLa|1|73|488	PD0667-C.g315	29.097	299	131	15	41	337	2271	2490	8.36e-18	88.6
PfKH02_070015200|DBLa|1|73|488	PV0028-C.g38	100.000	416	0	0	1	416	73	488	0.0	862
PfKH02_070015200|DBLa|1|73|488	PV0028-C.g38	29.060	351	188	13	80	416	1022	1325	4.45e-27	116
PfKH02_070015200|DBLa|1|73|488	PV0028-C.g38	29.097	299	131	15	41	337	2334	2553	5.44e-18	89.0
PfKH02_070015200|DBLa|1|73|488	PH0991-C.g230	100.000	416	0	0	1	416	73	488	0.0	861
PfKH02_070015200|DBLa|1|73|488	PH0991-C.g230	29.060	351	188	13	80	416	959	1262	7.65e-27	115
PfKH02_070015200|DBLa|1|73|488	PH0991-C.g230	29.097	299	131	15	41	337	2271	2490	8.29e-18	88.6
PfKH02_070015200|DBLa|1|73|488	PH0915-C.g344	100.000	416	0	0	1	416	73	488	0.0	861
PfKH02_070015200|DBLa|1|73|488	PH0915-C.g344	29.060	351	188	13	80	416	959	1262	7.65e-27	115
PfKH02_070015200|DBLa|1|73|488	PH0915-C.g344	29.097	299	131	15	41	337	2271	2490	8.29e-18	88.6
PfKH02_070015200|DBLa|1|73|488	PH0592-C.g176	100.000	416	0	0	1	416	73	488	0.0	861
PfKH02_070015200|DBLa|1|73|488	PH0592-C.g176	29.060	351	188	13	80	416	959	1262	7.65e-27	115
PfKH02_070015200|DBLa|1|73|488	PH0592-C.g176	29.097	299	131	15	41	337	2271	2490	8.29e-18	88.6
PfKH02_070015200|CIDRa|1|489|742	PV0028-C.g38	100.000	254	0	0	1	254	489	742	1.96e-171	526
PfKH02_070015200|CIDRa|1|489|742	PD0667-C.g315	100.000	254	0	0	1	254	489	742	2.25e-171	525
PfKH02_070015200|CIDRa|1|489|742	PH0991-C.g230	100.000	254	0	0	1	254	489	742	4.52e-171	525
PfKH02_070015200|CIDRa|1|489|742	PH0915-C.g344	100.000	254	0	0	1	254	489	742	4.52e-171	525
PfKH02_070015200|CIDRa|1|489|742	PH0592-C.g176	100.000	254	0	0	1	254	489	742	4.52e-171	525
PfKH02_070015200|DBLd|1|822|1262	PD0667-C.g315	100.000	441	0	0	1	441	822	1262	0.0	920
PfKH02_070015200|DBLd|1|822|1262	PD0667-C.g315	29.060	351	188	13	138	441	152	488	4.40e-26	114
PfKH02_070015200|DBLd|1|822|1262	PD0667-C.g315	22.172	221	118	6	165	385	2330	2496	5.71e-08	57.8
PfKH02_070015200|DBLd|1|822|1262	PD0667-C.g315	23.045	243	120	11	166	399	2002	2186	5.40e-07	54.7
PfKH02_070015200|DBLd|1|822|1262	PH0991-C.g230	100.000	441	0	0	1	441	822	1262	0.0	919
PfKH02_070015200|DBLd|1|822|1262	PH0991-C.g230	29.060	351	188	13	138	441	152	488	3.80e-26	114
PfKH02_070015200|DBLd|1|822|1262	PH0991-C.g230	22.172	221	118	6	165	385	2330	2496	4.84e-08	58.2
PfKH02_070015200|DBLd|1|822|1262	PH0991-C.g230	23.045	243	120	11	166	399	2002	2186	4.95e-07	55.1
PfKH02_070015200|DBLd|1|822|1262	PH0915-C.g344	100.000	441	0	0	1	441	822	1262	0.0	919
PfKH02_070015200|DBLd|1|822|1262	PH0915-C.g344	29.060	351	188	13	138	441	152	488	3.80e-26	114
PfKH02_070015200|DBLd|1|822|1262	PH0915-C.g344	22.172	221	118	6	165	385	2330	2496	4.84e-08	58.2
PfKH02_070015200|DBLd|1|822|1262	PH0915-C.g344	23.045	243	120	11	166	399	2002	2186	4.95e-07	55.1
PfKH02_070015200|DBLd|1|822|1262	PH0592-C.g176	100.000	441	0	0	1	441	822	1262	0.0	919
PfKH02_070015200|DBLd|1|822|1262	PH0592-C.g176	29.060	351	188	13	138	441	152	488	3.80e-26	114
PfKH02_070015200|DBLd|1|822|1262	PH0592-C.g176	22.172	221	118	6	165	385	2330	2496	4.84e-08	58.2
PfKH02_070015200|DBLd|1|822|1262	PH0592-C.g176	23.045	243	120	11	166	399	2002	2186	4.95e-07	55.1
PfKH02_070015200|DBLd|1|822|1262	PH0560-C.g250	100.000	441	0	0	1	441	822	1262	0.0	919
PfKH02_070015200|DBLd|1|822|1262	PH0560-C.g250	29.060	351	188	13	138	441	152	488	3.80e-26	114
PfKH02_070015200|DBLd|1|822|1262	PH0560-C.g250	22.172	221	118	6	165	385	2330	2496	4.84e-08	58.2
PfKH02_070015200|DBLd|1|822|1262	PH0560-C.g250	23.045	243	120	11	166	399	2002	2186	4.95e-07	55.1
PfKH02_070015200|CIDRg|1|1263|1518	QE0465-C.g786	99.609	256	1	0	1	256	869	1124	1.50e-177	528
PfKH02_070015200|CIDRg|1|1263|1518	PV0082-C.g8	100.000	256	0	0	1	256	2536	2791	1.11e-171	527
PfKH02_070015200|CIDRg|1|1263|1518	PV0082-C.g8	32.258	93	60	2	74	163	541	633	5.60e-08	55.8
PfKH02_070015200|CIDRg|1|1263|1518	PV0134-C.g32	99.609	256	1	0	1	256	2177	2432	2.42e-171	525
PfKH02_070015200|CIDRg|1|1263|1518	PV0134-C.g32	34.343	99	62	2	74	169	544	642	4.65e-10	62.0
PfKH02_070015200|CIDRg|1|1263|1518	PH0279-C.g10	100.000	256	0	0	1	256	2029	2284	2.92e-171	526
PfKH02_070015200|CIDRg|1|1263|1518	PH0279-C.g10	40.154	259	142	6	1	256	462	710	4.80e-43	158
PfKH02_070015200|CIDRg|1|1263|1518	PD0667-C.g315	100.000	256	0	0	1	256	1263	1518	3.21e-171	525
PfKH02_070015200|DBLe|1|1558|1895	PD0667-C.g315	100.000	338	0	0	1	338	1558	1895	0.0	694
PfKH02_070015200|DBLe|1|1558|1895	PD0667-C.g315	30.466	279	134	11	46	310	2277	2509	3.32e-22	100
PfKH02_070015200|DBLe|1|1558|1895	PD0667-C.g315	24.354	271	166	8	45	307	1947	2186	1.09e-15	80.9
PfKH02_070015200|DBLe|1|1558|1895	PV0028-C.g38	100.000	338	0	0	1	338	1621	1958	0.0	694
PfKH02_070015200|DBLe|1|1558|1895	PV0028-C.g38	30.466	279	134	11	46	310	2340	2572	2.74e-22	100
PfKH02_070015200|DBLe|1|1558|1895	PV0028-C.g38	24.354	271	166	8	45	307	2010	2249	1.07e-15	80.9
PfKH02_070015200|DBLe|1|1558|1895	PH0991-C.g230	100.000	338	0	0	1	338	1558	1895	0.0	693
PfKH02_070015200|DBLe|1|1558|1895	PH0991-C.g230	30.466	279	134	11	46	310	2277	2509	2.75e-22	100
PfKH02_070015200|DBLe|1|1558|1895	PH0991-C.g230	24.354	271	166	8	45	307	1947	2186	1.14e-15	80.5
PfKH02_070015200|DBLe|1|1558|1895	PH0915-C.g344	100.000	338	0	0	1	338	1558	1895	0.0	693
PfKH02_070015200|DBLe|1|1558|1895	PH0915-C.g344	30.466	279	134	11	46	310	2277	2509	2.75e-22	100
PfKH02_070015200|DBLe|1|1558|1895	PH0915-C.g344	24.354	271	166	8	45	307	1947	2186	1.14e-15	80.5
PfKH02_070015200|DBLe|1|1558|1895	PH0592-C.g176	100.000	338	0	0	1	338	1558	1895	0.0	693
PfKH02_070015200|DBLe|1|1558|1895	PH0592-C.g176	30.466	279	134	11	46	310	2277	2509	2.75e-22	100
PfKH02_070015200|DBLe|1|1558|1895	PH0592-C.g176	24.354	271	166	8	45	307	1947	2186	1.14e-15	80.5
PfKH02_070015200|DBLe|2|1907|2190	PV0028-C.g38	100.000	284	0	0	1	284	1970	2253	0.0	590
PfKH02_070015200|DBLe|2|1907|2190	PV0028-C.g38	33.610	241	147	6	41	279	2339	2568	3.00e-31	125
PfKH02_070015200|DBLe|2|1907|2190	PV0028-C.g38	24.444	270	165	8	41	279	1665	1926	1.15e-15	79.3
PfKH02_070015200|DBLe|2|1907|2190	PV0028-C.g38	23.045	243	120	11	96	280	1050	1283	4.85e-07	53.5
PfKH02_070015200|DBLe|2|1907|2190	PD0667-C.g315	100.000	284	0	0	1	284	1907	2190	0.0	590
PfKH02_070015200|DBLe|2|1907|2190	PD0667-C.g315	33.610	241	147	6	41	279	2276	2505	2.86e-31	125
PfKH02_070015200|DBLe|2|1907|2190	PD0667-C.g315	24.074	270	166	7	41	279	1602	1863	1.07e-15	79.7
PfKH02_070015200|DBLe|2|1907|2190	PD0667-C.g315	23.045	243	120	11	96	280	987	1220	4.71e-07	53.5
PfKH02_070015200|DBLe|2|1907|2190	PH0991-C.g230	100.000	284	0	0	1	284	1907	2190	0.0	589
PfKH02_070015200|DBLe|2|1907|2190	PH0991-C.g230	33.610	241	147	6	41	279	2276	2505	3.00e-31	125
PfKH02_070015200|DBLe|2|1907|2190	PH0991-C.g230	24.444	270	165	8	41	279	1602	1863	1.08e-15	79.7
PfKH02_070015200|DBLe|2|1907|2190	PH0991-C.g230	23.045	243	120	11	96	280	987	1220	5.06e-07	53.5
PfKH02_070015200|DBLe|2|1907|2190	PH0915-C.g344	100.000	284	0	0	1	284	1907	2190	0.0	589
PfKH02_070015200|DBLe|2|1907|2190	PH0915-C.g344	33.610	241	147	6	41	279	2276	2505	3.00e-31	125
PfKH02_070015200|DBLe|2|1907|2190	PH0915-C.g344	24.444	270	165	8	41	279	1602	1863	1.08e-15	79.7
PfKH02_070015200|DBLe|2|1907|2190	PH0915-C.g344	23.045	243	120	11	96	280	987	1220	5.06e-07	53.5
PfKH02_070015200|DBLe|2|1907|2190	PH0592-C.g176	100.000	284	0	0	1	284	1907	2190	0.0	589
PfKH02_070015200|DBLe|2|1907|2190	PH0592-C.g176	33.610	241	147	6	41	279	2276	2505	3.00e-31	125
PfKH02_070015200|DBLe|2|1907|2190	PH0592-C.g176	24.444	270	165	8	41	279	1602	1863	1.08e-15	79.7
PfKH02_070015200|DBLe|2|1907|2190	PH0592-C.g176	23.045	243	120	11	96	280	987	1220	5.06e-07	53.5
PfKH02_070015200|DBLe|3|2233|2534	PV0028-C.g38	100.000	302	0	0	1	302	2296	2597	0.0	627
PfKH02_070015200|DBLe|3|2233|2534	PV0028-C.g38	33.750	240	146	6	45	273	2011	2248	7.17e-31	124
PfKH02_070015200|DBLe|3|2233|2534	PV0028-C.g38	30.619	307	150	13	45	302	1666	1958	3.14e-23	102
PfKH02_070015200|DBLe|3|2233|2534	PV0028-C.g38	28.428	299	133	14	39	258	113	409	2.86e-18	87.8
PfKH02_070015200|DBLe|3|2233|2534	PV0028-C.g38	22.172	221	118	6	98	264	1049	1269	4.02e-08	57.0
PfKH02_070015200|DBLe|3|2233|2534	PH0991-C.g230	100.000	302	0	0	1	302	2233	2534	0.0	626
PfKH02_070015200|DBLe|3|2233|2534	PH0991-C.g230	33.750	240	146	6	45	273	1948	2185	6.95e-31	124
PfKH02_070015200|DBLe|3|2233|2534	PH0991-C.g230	30.619	307	150	13	45	302	1603	1895	3.05e-23	102
PfKH02_070015200|DBLe|3|2233|2534	PH0991-C.g230	28.428	299	133	14	39	258	113	409	2.88e-18	87.8
PfKH02_070015200|DBLe|3|2233|2534	PH0991-C.g230	22.172	221	118	6	98	264	986	1206	3.84e-08	57.0
PfKH02_070015200|DBLe|3|2233|2534	PH0915-C.g344	100.000	302	0	0	1	302	2233	2534	0.0	626
PfKH02_070015200|DBLe|3|2233|2534	PH0915-C.g344	33.750	240	146	6	45	273	1948	2185	6.95e-31	124
PfKH02_070015200|DBLe|3|2233|2534	PH0915-C.g344	30.619	307	150	13	45	302	1603	1895	3.05e-23	102
PfKH02_070015200|DBLe|3|2233|2534	PH0915-C.g344	28.428	299	133	14	39	258	113	409	2.88e-18	87.8
PfKH02_070015200|DBLe|3|2233|2534	PH0915-C.g344	22.172	221	118	6	98	264	986	1206	3.84e-08	57.0
PfKH02_070015200|DBLe|3|2233|2534	PH0592-C.g176	100.000	302	0	0	1	302	2233	2534	0.0	626
PfKH02_070015200|DBLe|3|2233|2534	PH0592-C.g176	33.750	240	146	6	45	273	1948	2185	6.95e-31	124
PfKH02_070015200|DBLe|3|2233|2534	PH0592-C.g176	30.619	307	150	13	45	302	1603	1895	3.05e-23	102
PfKH02_070015200|DBLe|3|2233|2534	PH0592-C.g176	28.428	299	133	14	39	258	113	409	2.88e-18	87.8
PfKH02_070015200|DBLe|3|2233|2534	PH0592-C.g176	22.172	221	118	6	98	264	986	1206	3.84e-08	57.0
PfKH02_070015200|DBLe|3|2233|2534	PH0560-C.g250	100.000	302	0	0	1	302	2233	2534	0.0	626
PfKH02_070015200|DBLe|3|2233|2534	PH0560-C.g250	33.750	240	146	6	45	273	1948	2185	6.95e-31	124
PfKH02_070015200|DBLe|3|2233|2534	PH0560-C.g250	30.619	307	150	13	45	302	1603	1895	3.05e-23	102
PfKH02_070015200|DBLe|3|2233|2534	PH0560-C.g250	28.428	299	133	14	39	258	113	409	2.88e-18	87.8
PfKH02_070015200|DBLe|3|2233|2534	PH0560-C.g250	22.172	221	118	6	98	264	986	1206	3.84e-08	57.0
PfKH02_070015200|ATS|1|2573|3022	PH0872-C.g60	77.021	470	88	5	1	450	2361	2830	0.0	714
PfKH02_070015200|ATS|1|2573|3022	PH0729-C.g215	78.298	470	82	5	1	450	1853	2322	0.0	714
PfKH02_070015200|ATS|1|2573|3022	QE0455-C.g411	77.495	471	84	6	1	450	2005	2474	0.0	704
PfKH02_070015200|ATS|1|2573|3022	PH0500-CW.g232	77.495	471	84	6	1	450	1672	2141	0.0	704
PfKH02_070015200|ATS|1|2573|3022	PF0456-C.g190	76.483	472	88	6	1	450	2056	2526	0.0	692
PfKH02_070015500|NTS|1|1|59	PV0239-C.g65	100.000	59	0	0	1	59	1	59	9.38e-34	122
PfKH02_070015500|NTS|1|1|59	PD0553-C.g454	100.000	59	0	0	1	59	1	59	1.10e-33	122
PfKH02_070015500|NTS|1|1|59	PV0028-C.g68	100.000	59	0	0	1	59	1	59	5.41e-31	114
PfKH02_070015500|NTS|1|1|59	PH0991-C.g533	100.000	59	0	0	1	59	1	59	5.68e-31	114
PfKH02_070015500|NTS|1|1|59	PH0915-C.g434	100.000	59	0	0	1	59	1	59	5.68e-31	114
PfKH02_070015500|DBLa|1|60|509	PV0028-C.g68	100.000	450	0	0	1	450	60	509	0.0	932
PfKH02_070015500|DBLa|1|60|509	PV0028-C.g68	30.899	356	165	16	1	341	1672	1961	1.73e-29	124
PfKH02_070015500|DBLa|1|60|509	PV0028-C.g68	30.178	169	109	3	189	349	1070	1237	4.12e-14	77.4
PfKH02_070015500|DBLa|1|60|509	PH0991-C.g533	100.000	450	0	0	1	450	60	509	0.0	932
PfKH02_070015500|DBLa|1|60|509	PH0991-C.g533	30.899	356	165	16	1	341	1672	1961	1.79e-29	124
PfKH02_070015500|DBLa|1|60|509	PH0991-C.g533	26.250	240	115	5	45	284	2090	2267	3.73e-14	77.8
PfKH02_070015500|DBLa|1|60|509	PH0991-C.g533	30.178	169	109	3	189	349	1070	1237	4.26e-14	77.4
PfKH02_070015500|DBLa|1|60|509	PH0915-C.g434	100.000	450	0	0	1	450	60	509	0.0	932
PfKH02_070015500|DBLa|1|60|509	PH0915-C.g434	30.899	356	165	16	1	341	1672	1961	1.79e-29	124
PfKH02_070015500|DBLa|1|60|509	PH0915-C.g434	26.250	240	115	5	45	284	2090	2267	3.73e-14	77.8
PfKH02_070015500|DBLa|1|60|509	PH0915-C.g434	30.178	169	109	3	189	349	1070	1237	4.26e-14	77.4
PfKH02_070015500|DBLa|1|60|509	PH0592-C.g251	100.000	450	0	0	1	450	60	509	0.0	932
PfKH02_070015500|DBLa|1|60|509	PH0592-C.g251	30.899	356	165	16	1	341	1672	1961	1.79e-29	124
PfKH02_070015500|DBLa|1|60|509	PH0592-C.g251	26.250	240	115	5	45	284	2090	2267	3.73e-14	77.8
PfKH02_070015500|DBLa|1|60|509	PH0592-C.g251	30.178	169	109	3	189	349	1070	1237	4.26e-14	77.4
PfKH02_070015500|DBLa|1|60|509	PH0560-C.g342	100.000	450	0	0	1	450	60	509	0.0	932
PfKH02_070015500|DBLa|1|60|509	PH0560-C.g342	30.899	356	165	16	1	341	1672	1961	1.79e-29	124
PfKH02_070015500|DBLa|1|60|509	PH0560-C.g342	26.250	240	115	5	45	284	2090	2267	3.73e-14	77.8
PfKH02_070015500|DBLa|1|60|509	PH0560-C.g342	30.178	169	109	3	189	349	1070	1237	4.26e-14	77.4
PfKH02_070015500|CIDRa|1|510|808	PD0667-C.g95	100.000	299	0	0	1	299	34	332	0.0	615
PfKH02_070015500|CIDRa|1|510|808	PD0667-C.g95	39.080	87	49	3	124	208	956	1040	1.45e-08	58.2
PfKH02_070015500|CIDRa|1|510|808	PH0991-C.g533	100.000	299	0	0	1	299	510	808	0.0	614
PfKH02_070015500|CIDRa|1|510|808	PH0991-C.g533	29.565	115	74	4	141	252	1422	1532	5.26e-07	53.5
PfKH02_070015500|CIDRa|1|510|808	PH0915-C.g434	100.000	299	0	0	1	299	510	808	0.0	614
PfKH02_070015500|CIDRa|1|510|808	PH0915-C.g434	29.565	115	74	4	141	252	1422	1532	5.26e-07	53.5
PfKH02_070015500|CIDRa|1|510|808	PH0592-C.g251	100.000	299	0	0	1	299	510	808	0.0	614
PfKH02_070015500|CIDRa|1|510|808	PH0592-C.g251	29.565	115	74	4	141	252	1422	1532	5.26e-07	53.5
PfKH02_070015500|CIDRa|1|510|808	PH0560-C.g342	100.000	299	0	0	1	299	510	808	0.0	614
PfKH02_070015500|CIDRa|1|510|808	PH0560-C.g342	29.565	115	74	4	141	252	1422	1532	5.26e-07	53.5
PfKH02_070015500|DBLd|1|885|1313	PV0028-C.g68	100.000	429	0	0	1	429	885	1313	0.0	883
PfKH02_070015500|DBLd|1|885|1313	PV0028-C.g68	30.178	169	109	3	186	353	248	408	2.45e-14	77.8
PfKH02_070015500|DBLd|1|885|1313	PV0028-C.g68	24.185	368	182	13	49	392	1715	2009	2.18e-12	72.0
PfKH02_070015500|DBLd|1|885|1313	PH0991-C.g533	100.000	429	0	0	1	429	885	1313	0.0	883
PfKH02_070015500|DBLd|1|885|1313	PH0991-C.g533	30.178	169	109	3	186	353	248	408	2.47e-14	77.8
PfKH02_070015500|DBLd|1|885|1313	PH0991-C.g533	24.185	368	182	13	49	392	1715	2009	2.18e-12	72.0
PfKH02_070015500|DBLd|1|885|1313	PH0915-C.g434	100.000	429	0	0	1	429	885	1313	0.0	883
PfKH02_070015500|DBLd|1|885|1313	PH0915-C.g434	30.178	169	109	3	186	353	248	408	2.47e-14	77.8
PfKH02_070015500|DBLd|1|885|1313	PH0915-C.g434	24.185	368	182	13	49	392	1715	2009	2.18e-12	72.0
PfKH02_070015500|DBLd|1|885|1313	PH0592-C.g251	100.000	429	0	0	1	429	885	1313	0.0	883
PfKH02_070015500|DBLd|1|885|1313	PH0592-C.g251	30.178	169	109	3	186	353	248	408	2.47e-14	77.8
PfKH02_070015500|DBLd|1|885|1313	PH0592-C.g251	24.185	368	182	13	49	392	1715	2009	2.18e-12	72.0
PfKH02_070015500|DBLd|1|885|1313	PH0560-C.g342	100.000	429	0	0	1	429	885	1313	0.0	883
PfKH02_070015500|DBLd|1|885|1313	PH0560-C.g342	30.178	169	109	3	186	353	248	408	2.47e-14	77.8
PfKH02_070015500|DBLd|1|885|1313	PH0560-C.g342	24.185	368	182	13	49	392	1715	2009	2.18e-12	72.0
PfKH02_070015500|CIDRg|1|1314|1580	PH0474-CW.g310	100.000	267	0	0	1	267	894	1160	0.0	549
PfKH02_070015500|CIDRg|1|1314|1580	PH0474-CW.g310	29.565	115	74	4	109	219	230	341	5.83e-07	52.8
PfKH02_070015500|CIDRg|1|1314|1580	PD0667-C.g955	100.000	267	0	0	1	267	838	1104	0.0	548
PfKH02_070015500|CIDRg|1|1314|1580	PD0667-C.g955	29.565	115	74	4	109	219	174	285	6.04e-07	52.8
PfKH02_070015500|CIDRg|1|1314|1580	PH0471-C.g402	100.000	267	0	0	1	267	1027	1293	1.60e-180	548
PfKH02_070015500|CIDRg|1|1314|1580	PH0471-C.g402	29.565	115	74	4	109	219	363	474	4.85e-07	53.1
PfKH02_070015500|CIDRg|1|1314|1580	PH0991-C.g533	100.000	267	0	0	1	267	1314	1580	2.40e-180	550
PfKH02_070015500|CIDRg|1|1314|1580	PH0991-C.g533	29.565	115	74	4	109	219	650	761	4.39e-07	53.1
PfKH02_070015500|CIDRg|1|1314|1580	PH0915-C.g434	100.000	267	0	0	1	267	1314	1580	2.40e-180	550
PfKH02_070015500|CIDRg|1|1314|1580	PH0915-C.g434	29.565	115	74	4	109	219	650	761	4.39e-07	53.1
PfKH02_070015500|DBLz|1|1621|2040	PV0028-C.g68	100.000	420	0	0	1	420	1621	2040	0.0	853
PfKH02_070015500|DBLz|1|1621|2040	PV0028-C.g68	29.923	391	192	17	31	354	39	414	6.34e-31	128
PfKH02_070015500|DBLz|1|1621|2040	PV0028-C.g68	24.913	289	175	8	93	363	2093	2357	1.77e-13	75.1
PfKH02_070015500|DBLz|1|1621|2040	PV0028-C.g68	23.741	417	218	15	50	389	883	1276	9.48e-13	72.8
PfKH02_070015500|DBLz|1|1621|2040	PH0991-C.g533	100.000	420	0	0	1	420	1621	2040	0.0	853
PfKH02_070015500|DBLz|1|1621|2040	PH0991-C.g533	29.923	391	192	17	31	354	39	414	6.45e-31	128
PfKH02_070015500|DBLz|1|1621|2040	PH0991-C.g533	26.103	272	163	8	93	363	2093	2327	8.45e-16	82.4
PfKH02_070015500|DBLz|1|1621|2040	PH0991-C.g533	23.741	417	218	15	50	389	883	1276	9.80e-13	72.8
PfKH02_070015500|DBLz|1|1621|2040	PH0915-C.g434	100.000	420	0	0	1	420	1621	2040	0.0	853
PfKH02_070015500|DBLz|1|1621|2040	PH0915-C.g434	29.923	391	192	17	31	354	39	414	6.45e-31	128
PfKH02_070015500|DBLz|1|1621|2040	PH0915-C.g434	26.103	272	163	8	93	363	2093	2327	8.45e-16	82.4
PfKH02_070015500|DBLz|1|1621|2040	PH0915-C.g434	23.741	417	218	15	50	389	883	1276	9.80e-13	72.8
PfKH02_070015500|DBLz|1|1621|2040	PH0592-C.g251	100.000	420	0	0	1	420	1621	2040	0.0	853
PfKH02_070015500|DBLz|1|1621|2040	PH0592-C.g251	29.923	391	192	17	31	354	39	414	6.45e-31	128
PfKH02_070015500|DBLz|1|1621|2040	PH0592-C.g251	26.103	272	163	8	93	363	2093	2327	8.45e-16	82.4
PfKH02_070015500|DBLz|1|1621|2040	PH0592-C.g251	23.741	417	218	15	50	389	883	1276	9.80e-13	72.8
PfKH02_070015500|DBLz|1|1621|2040	PH0560-C.g342	100.000	420	0	0	1	420	1621	2040	0.0	853
PfKH02_070015500|DBLz|1|1621|2040	PH0560-C.g342	29.923	391	192	17	31	354	39	414	6.45e-31	128
PfKH02_070015500|DBLz|1|1621|2040	PH0560-C.g342	26.103	272	163	8	93	363	2093	2327	8.45e-16	82.4
PfKH02_070015500|DBLz|1|1621|2040	PH0560-C.g342	23.741	417	218	15	50	389	883	1276	9.80e-13	72.8
PfKH02_070015500|DBLe|1|2045|2366	PD0497-C.g400	100.000	322	0	0	1	322	2114	2435	0.0	674
PfKH02_070015500|DBLe|1|2045|2366	PD0497-C.g400	27.217	327	169	9	46	303	126	452	7.01e-21	95.9
PfKH02_070015500|DBLe|1|2045|2366	PD0497-C.g400	26.374	273	163	8	48	283	1781	2052	5.81e-16	81.3
PfKH02_070015500|DBLe|1|2045|2366	PD0474-C.g515	100.000	322	0	0	1	322	2114	2435	0.0	673
PfKH02_070015500|DBLe|1|2045|2366	PD0474-C.g515	27.217	327	169	9	46	303	126	452	5.73e-21	96.3
PfKH02_070015500|DBLe|1|2045|2366	PD0474-C.g515	26.374	273	163	8	48	283	1781	2052	5.47e-16	81.3
PfKH02_070015500|DBLe|1|2045|2366	PH0991-C.g533	100.000	322	0	0	1	322	2045	2366	0.0	672
PfKH02_070015500|DBLe|1|2045|2366	PH0991-C.g533	26.374	273	163	8	48	283	1712	1983	5.40e-16	81.3
PfKH02_070015500|DBLe|1|2045|2366	PH0991-C.g533	26.250	240	115	5	46	223	104	343	2.51e-14	76.3
PfKH02_070015500|DBLe|1|2045|2366	PH0915-C.g434	100.000	322	0	0	1	322	2045	2366	0.0	672
PfKH02_070015500|DBLe|1|2045|2366	PH0915-C.g434	26.374	273	163	8	48	283	1712	1983	5.40e-16	81.3
PfKH02_070015500|DBLe|1|2045|2366	PH0915-C.g434	26.250	240	115	5	46	223	104	343	2.51e-14	76.3
PfKH02_070015500|DBLe|1|2045|2366	PH0592-C.g251	100.000	322	0	0	1	322	2045	2366	0.0	672
PfKH02_070015500|DBLe|1|2045|2366	PH0592-C.g251	26.374	273	163	8	48	283	1712	1983	5.40e-16	81.3
PfKH02_070015500|DBLe|1|2045|2366	PH0592-C.g251	26.250	240	115	5	46	223	104	343	2.51e-14	76.3
PfKH02_070015500|ATS|1|2413|2879	PA0030-C.g1290	83.898	472	60	7	1	467	2067	2527	0.0	758
PfKH02_070015500|ATS|1|2413|2879	PM0049-C.g385	83.898	472	60	7	1	467	2466	2926	0.0	758
PfKH02_070015500|ATS|1|2413|2879	PA0040-C.g261	83.898	472	60	7	1	467	2366	2826	0.0	757
PfKH02_070015500|ATS|1|2413|2879	QE0395-C.g341	84.110	472	67	6	1	467	2374	2842	0.0	735
PfKH02_070015500|ATS|1|2413|2879	PH0592-C.g161	84.110	472	67	6	1	467	2377	2845	0.0	735
PfKH02_070015800|NTS|1|1|69	PF0359-C.g86	100.000	69	0	0	1	69	1	69	3.82e-41	144
PfKH02_070015800|NTS|1|1|69	PD0667-C.g491	100.000	69	0	0	1	69	1	69	1.29e-39	139
PfKH02_070015800|NTS|1|1|69	PT0141-C.g1033	100.000	69	0	0	1	69	1	69	2.03e-39	139
PfKH02_070015800|NTS|1|1|69	PH0991-C.g93	100.000	69	0	0	1	69	1	69	2.04e-39	139
PfKH02_070015800|NTS|1|1|69	PH0471-C.g489	100.000	69	0	0	1	69	1	69	2.17e-39	139
PfKH02_070015800|DBLa|1|70|476	PH0915-C.g198	100.000	407	0	0	1	407	70	476	0.0	842
PfKH02_070015800|DBLa|1|70|476	PH0915-C.g198	32.708	373	208	13	13	377	1629	1966	2.29e-40	155
PfKH02_070015800|DBLa|1|70|476	PH0915-C.g198	28.645	391	216	13	1	382	798	1134	6.21e-29	122
PfKH02_070015800|DBLa|1|70|476	PH0915-C.g198	25.070	359	196	13	14	362	1200	1495	1.43e-12	72.0
PfKH02_070015800|DBLa|1|70|476	PH0915-C.g198	27.477	222	118	7	49	268	2048	2228	2.08e-11	68.6
PfKH02_070015800|DBLa|1|70|476	PH0592-C.g318	100.000	407	0	0	1	407	70	476	0.0	842
PfKH02_070015800|DBLa|1|70|476	PH0592-C.g318	32.708	373	208	13	13	377	1629	1966	2.29e-40	155
PfKH02_070015800|DBLa|1|70|476	PH0592-C.g318	28.645	391	216	13	1	382	798	1134	6.21e-29	122
PfKH02_070015800|DBLa|1|70|476	PH0592-C.g318	25.070	359	196	13	14	362	1200	1495	1.43e-12	72.0
PfKH02_070015800|DBLa|1|70|476	PH0592-C.g318	27.477	222	118	7	49	268	2048	2228	2.08e-11	68.6
PfKH02_070015800|DBLa|1|70|476	PH0560-C.g606	100.000	407	0	0	1	407	70	476	0.0	842
PfKH02_070015800|DBLa|1|70|476	PH0560-C.g606	32.708	373	208	13	13	377	1629	1966	2.29e-40	155
PfKH02_070015800|DBLa|1|70|476	PH0560-C.g606	28.645	391	216	13	1	382	798	1134	6.21e-29	122
PfKH02_070015800|DBLa|1|70|476	PH0560-C.g606	25.070	359	196	13	14	362	1200	1495	1.43e-12	72.0
PfKH02_070015800|DBLa|1|70|476	PH0560-C.g606	27.477	222	118	7	49	268	2048	2228	2.08e-11	68.6
PfKH02_070015800|DBLa|1|70|476	PH0471-C.g489	100.000	407	0	0	1	407	70	476	0.0	842
PfKH02_070015800|DBLa|1|70|476	PH0471-C.g489	32.708	373	208	13	13	377	1629	1966	1.84e-40	155
PfKH02_070015800|DBLa|1|70|476	PH0471-C.g489	28.645	391	216	13	1	382	798	1134	5.45e-29	122
PfKH02_070015800|DBLa|1|70|476	PH0471-C.g489	25.070	359	196	13	14	362	1200	1495	1.27e-12	72.4
PfKH02_070015800|DBLa|1|70|476	PH0471-C.g489	27.477	222	118	7	49	268	2048	2228	1.99e-11	68.6
PfKH02_070015800|DBLa|1|70|476	PD0491-C.g778	100.000	407	0	0	1	407	70	476	0.0	842
PfKH02_070015800|DBLa|1|70|476	PD0491-C.g778	32.708	373	208	13	13	377	1629	1966	2.29e-40	155
PfKH02_070015800|DBLa|1|70|476	PD0491-C.g778	28.645	391	216	13	1	382	798	1134	6.21e-29	122
PfKH02_070015800|DBLa|1|70|476	PD0491-C.g778	25.070	359	196	13	14	362	1200	1495	1.43e-12	72.0
PfKH02_070015800|DBLa|1|70|476	PD0491-C.g778	27.477	222	118	7	49	268	2048	2228	2.08e-11	68.6
PfKH02_070015800|CIDRa|1|477|728	PV0236-C.g58	98.413	252	4	0	1	252	470	721	9.28e-173	506
PfKH02_070015800|CIDRa|1|477|728	PD0667-C.g491	100.000	252	0	0	1	252	477	728	6.99e-171	515
PfKH02_070015800|CIDRa|1|477|728	PH0915-C.g198	100.000	252	0	0	1	252	477	728	2.02e-168	517
PfKH02_070015800|CIDRa|1|477|728	PH0592-C.g318	100.000	252	0	0	1	252	477	728	2.02e-168	517
PfKH02_070015800|CIDRa|1|477|728	PH0560-C.g606	100.000	252	0	0	1	252	477	728	2.02e-168	517
PfKH02_070015800|DBLb|1|737|1172	PH0471-C.g489	100.000	436	0	0	1	436	737	1172	0.0	911
PfKH02_070015800|DBLb|1|737|1172	PH0471-C.g489	30.607	428	236	15	39	436	1600	1996	6.24e-39	152
PfKH02_070015800|DBLb|1|737|1172	PH0471-C.g489	27.955	440	249	15	15	398	24	451	2.89e-29	123
PfKH02_070015800|DBLb|1|737|1172	PH0471-C.g489	28.794	257	155	9	104	354	2042	2276	7.47e-19	92.0
PfKH02_070015800|DBLb|1|737|1172	PH0471-C.g489	27.541	305	181	13	61	345	1186	1470	8.09e-16	82.8
PfKH02_070015800|DBLb|1|737|1172	PH0915-C.g198	100.000	436	0	0	1	436	737	1172	0.0	911
PfKH02_070015800|DBLb|1|737|1172	PH0915-C.g198	30.607	428	236	15	39	436	1600	1996	5.90e-39	152
PfKH02_070015800|DBLb|1|737|1172	PH0915-C.g198	27.955	440	249	15	15	398	24	451	2.79e-29	123
PfKH02_070015800|DBLb|1|737|1172	PH0915-C.g198	28.794	257	155	9	104	354	2042	2276	7.15e-19	92.0
PfKH02_070015800|DBLb|1|737|1172	PH0915-C.g198	27.541	305	181	13	61	345	1186	1470	7.75e-16	82.8
PfKH02_070015800|DBLb|1|737|1172	PH0592-C.g318	100.000	436	0	0	1	436	737	1172	0.0	911
PfKH02_070015800|DBLb|1|737|1172	PH0592-C.g318	30.607	428	236	15	39	436	1600	1996	5.90e-39	152
PfKH02_070015800|DBLb|1|737|1172	PH0592-C.g318	27.955	440	249	15	15	398	24	451	2.79e-29	123
PfKH02_070015800|DBLb|1|737|1172	PH0592-C.g318	28.794	257	155	9	104	354	2042	2276	7.15e-19	92.0
PfKH02_070015800|DBLb|1|737|1172	PH0592-C.g318	27.541	305	181	13	61	345	1186	1470	7.75e-16	82.8
PfKH02_070015800|DBLb|1|737|1172	PH0560-C.g606	100.000	436	0	0	1	436	737	1172	0.0	911
PfKH02_070015800|DBLb|1|737|1172	PH0560-C.g606	30.607	428	236	15	39	436	1600	1996	5.90e-39	152
PfKH02_070015800|DBLb|1|737|1172	PH0560-C.g606	27.955	440	249	15	15	398	24	451	2.79e-29	123
PfKH02_070015800|DBLb|1|737|1172	PH0560-C.g606	28.794	257	155	9	104	354	2042	2276	7.15e-19	92.0
PfKH02_070015800|DBLb|1|737|1172	PH0560-C.g606	27.541	305	181	13	61	345	1186	1470	7.75e-16	82.8
PfKH02_070015800|DBLb|1|737|1172	PD0491-C.g778	100.000	436	0	0	1	436	737	1172	0.0	911
PfKH02_070015800|DBLb|1|737|1172	PD0491-C.g778	30.607	428	236	15	39	436	1600	1996	5.90e-39	152
PfKH02_070015800|DBLb|1|737|1172	PD0491-C.g778	27.955	440	249	15	15	398	24	451	2.79e-29	123
PfKH02_070015800|DBLb|1|737|1172	PD0491-C.g778	28.794	257	155	9	104	354	2042	2276	7.15e-19	92.0
PfKH02_070015800|DBLb|1|737|1172	PD0491-C.g778	27.541	305	181	13	61	345	1186	1470	7.75e-16	82.8
PfKH02_070015800|DBLg|1|1187|1564	PH0915-C.g198	100.000	378	0	0	1	378	1187	1564	0.0	790
PfKH02_070015800|DBLg|1|1187|1564	PH0915-C.g198	30.420	286	159	11	45	329	2050	2296	1.51e-27	117
PfKH02_070015800|DBLg|1|1187|1564	PH0915-C.g198	28.467	274	148	11	32	284	835	1081	8.92e-17	84.7
PfKH02_070015800|DBLg|1|1187|1564	PH0915-C.g198	26.715	277	169	8	32	284	1650	1916	6.84e-15	79.0
PfKH02_070015800|DBLg|1|1187|1564	PH0915-C.g198	25.137	366	187	13	14	309	83	431	2.79e-13	73.9
PfKH02_070015800|DBLg|1|1187|1564	PH0592-C.g318	100.000	378	0	0	1	378	1187	1564	0.0	790
PfKH02_070015800|DBLg|1|1187|1564	PH0592-C.g318	30.420	286	159	11	45	329	2050	2296	1.51e-27	117
PfKH02_070015800|DBLg|1|1187|1564	PH0592-C.g318	28.467	274	148	11	32	284	835	1081	8.92e-17	84.7
PfKH02_070015800|DBLg|1|1187|1564	PH0592-C.g318	26.715	277	169	8	32	284	1650	1916	6.84e-15	79.0
PfKH02_070015800|DBLg|1|1187|1564	PH0592-C.g318	25.137	366	187	13	14	309	83	431	2.79e-13	73.9
PfKH02_070015800|DBLg|1|1187|1564	PH0560-C.g606	100.000	378	0	0	1	378	1187	1564	0.0	790
PfKH02_070015800|DBLg|1|1187|1564	PH0560-C.g606	30.420	286	159	11	45	329	2050	2296	1.51e-27	117
PfKH02_070015800|DBLg|1|1187|1564	PH0560-C.g606	28.467	274	148	11	32	284	835	1081	8.92e-17	84.7
PfKH02_070015800|DBLg|1|1187|1564	PH0560-C.g606	26.715	277	169	8	32	284	1650	1916	6.84e-15	79.0
PfKH02_070015800|DBLg|1|1187|1564	PH0560-C.g606	25.137	366	187	13	14	309	83	431	2.79e-13	73.9
PfKH02_070015800|DBLg|1|1187|1564	PH0474-CW.g419	100.000	378	0	0	1	378	1187	1564	0.0	790
PfKH02_070015800|DBLg|1|1187|1564	PH0474-CW.g419	30.420	286	159	11	45	329	2050	2296	1.89e-27	117
PfKH02_070015800|DBLg|1|1187|1564	PH0474-CW.g419	28.467	274	148	11	32	284	835	1081	1.03e-16	84.7
PfKH02_070015800|DBLg|1|1187|1564	PH0474-CW.g419	26.715	277	169	8	32	284	1650	1916	6.50e-15	79.0
PfKH02_070015800|DBLg|1|1187|1564	PH0474-CW.g419	25.137	366	187	13	14	309	83	431	2.73e-13	73.9
PfKH02_070015800|DBLg|1|1187|1564	PH0471-C.g489	100.000	378	0	0	1	378	1187	1564	0.0	790
PfKH02_070015800|DBLg|1|1187|1564	PH0471-C.g489	30.420	286	159	11	45	329	2050	2296	1.72e-27	117
PfKH02_070015800|DBLg|1|1187|1564	PH0471-C.g489	28.467	274	148	11	32	284	835	1081	1.06e-16	84.7
PfKH02_070015800|DBLg|1|1187|1564	PH0471-C.g489	26.715	277	169	8	32	284	1650	1916	7.35e-15	79.0
PfKH02_070015800|DBLg|1|1187|1564	PH0471-C.g489	25.137	366	187	13	14	309	83	431	3.22e-13	73.9
PfKH02_070015800|DBLz|1|1578|1996	PV0035-C.g63	100.000	419	0	0	1	419	589	1007	0.0	872
PfKH02_070015800|DBLz|1|1578|1996	PV0035-C.g63	27.451	255	150	9	87	338	1062	1284	2.99e-17	86.7
PfKH02_070015800|DBLz|1|1578|1996	PV0035-C.g63	26.962	293	156	15	72	339	233	492	1.75e-08	59.3
PfKH02_070015800|DBLz|1|1578|1996	QG0243-C.g3020	100.000	419	0	0	1	419	2478	2896	0.0	870
PfKH02_070015800|DBLz|1|1578|1996	QG0243-C.g3020	31.458	480	243	18	10	419	761	1224	7.51e-48	178
PfKH02_070015800|DBLz|1|1578|1996	QG0243-C.g3020	33.333	357	190	15	64	389	103	442	9.67e-36	142
PfKH02_070015800|DBLz|1|1578|1996	QG0243-C.g3020	24.728	368	228	11	84	419	1649	1999	7.11e-18	89.0
PfKH02_070015800|DBLz|1|1578|1996	QG0243-C.g3020	27.451	255	150	9	87	338	2951	3173	3.21e-17	87.0
PfKH02_070015800|DBLz|1|1578|1996	QG0243-C.g3020	27.820	266	144	13	73	320	1278	1513	4.92e-10	64.3
PfKH02_070015800|DBLz|1|1578|1996	QG0243-C.g3020	26.962	293	156	15	72	339	2122	2381	1.85e-08	59.3
PfKH02_070015800|DBLz|1|1578|1996	QG0182-C.g16	100.000	419	0	0	1	419	615	1033	0.0	870
PfKH02_070015800|DBLz|1|1578|1996	QG0182-C.g16	29.612	206	116	7	87	292	1088	1264	3.38e-17	86.7
PfKH02_070015800|DBLz|1|1578|1996	QG0182-C.g16	25.085	295	159	13	72	339	259	518	5.52e-09	60.8
PfKH02_070015800|DBLz|1|1578|1996	QE0429-C.g367	100.000	419	0	0	1	419	2469	2887	0.0	870
PfKH02_070015800|DBLz|1|1578|1996	QE0429-C.g367	30.977	481	245	18	10	419	763	1227	5.13e-46	172
PfKH02_070015800|DBLz|1|1578|1996	QE0429-C.g367	33.444	302	150	14	64	332	104	387	7.00e-32	131
PfKH02_070015800|DBLz|1|1578|1996	QE0429-C.g367	26.558	369	202	14	84	419	1652	1984	7.79e-20	94.7
PfKH02_070015800|DBLz|1|1578|1996	QE0429-C.g367	27.451	255	150	9	87	338	2942	3164	2.61e-17	87.0
PfKH02_070015800|DBLz|1|1578|1996	QE0429-C.g367	28.873	284	158	13	72	339	2117	2372	2.89e-11	68.2
PfKH02_070015800|DBLz|1|1578|1996	QE0429-C.g367	27.407	270	140	14	73	320	1281	1516	1.06e-09	63.2
PfKH02_070015800|DBLz|1|1578|1996	SenT165.09.g2961	100.000	419	0	0	1	419	1050	1468	0.0	870
PfKH02_070015800|DBLz|1|1578|1996	SenT165.09.g2961	27.451	255	150	9	87	338	1523	1745	4.63e-17	86.3
PfKH02_070015800|DBLz|1|1578|1996	SenT165.09.g2961	28.975	283	152	13	84	344	234	489	8.38e-13	73.2
PfKH02_070015800|DBLz|1|1578|1996	SenT165.09.g2961	28.276	290	156	16	72	339	694	953	4.22e-08	58.2
PfKH02_070015800|DBLe|1|2002|2324	PH0915-C.g198	100.000	323	0	0	1	323	2002	2324	0.0	671
PfKH02_070015800|DBLe|1|2002|2324	PH0915-C.g198	30.420	286	159	11	49	295	1231	1515	5.01e-25	108
PfKH02_070015800|DBLe|1|2002|2324	PH0915-C.g198	29.771	262	146	10	50	274	1664	1924	1.42e-19	92.0
PfKH02_070015800|DBLe|1|2002|2324	PH0915-C.g198	28.794	257	155	9	41	275	840	1090	2.52e-19	91.3
PfKH02_070015800|DBLe|1|2002|2324	PH0915-C.g198	27.354	223	119	7	46	227	117	337	9.05e-12	68.6
PfKH02_070015800|DBLe|1|2002|2324	PH0592-C.g318	100.000	323	0	0	1	323	2002	2324	0.0	671
PfKH02_070015800|DBLe|1|2002|2324	PH0592-C.g318	30.420	286	159	11	49	295	1231	1515	5.01e-25	108
PfKH02_070015800|DBLe|1|2002|2324	PH0592-C.g318	29.771	262	146	10	50	274	1664	1924	1.42e-19	92.0
PfKH02_070015800|DBLe|1|2002|2324	PH0592-C.g318	28.794	257	155	9	41	275	840	1090	2.52e-19	91.3
PfKH02_070015800|DBLe|1|2002|2324	PH0592-C.g318	27.354	223	119	7	46	227	117	337	9.05e-12	68.6
PfKH02_070015800|DBLe|1|2002|2324	PH0560-C.g606	100.000	323	0	0	1	323	2002	2324	0.0	671
PfKH02_070015800|DBLe|1|2002|2324	PH0560-C.g606	30.420	286	159	11	49	295	1231	1515	5.01e-25	108
PfKH02_070015800|DBLe|1|2002|2324	PH0560-C.g606	29.771	262	146	10	50	274	1664	1924	1.42e-19	92.0
PfKH02_070015800|DBLe|1|2002|2324	PH0560-C.g606	28.794	257	155	9	41	275	840	1090	2.52e-19	91.3
PfKH02_070015800|DBLe|1|2002|2324	PH0560-C.g606	27.354	223	119	7	46	227	117	337	9.05e-12	68.6
PfKH02_070015800|DBLe|1|2002|2324	PH0474-CW.g419	100.000	323	0	0	1	323	2002	2324	0.0	671
PfKH02_070015800|DBLe|1|2002|2324	PH0474-CW.g419	30.420	286	159	11	49	295	1231	1515	5.17e-25	108
PfKH02_070015800|DBLe|1|2002|2324	PH0474-CW.g419	29.771	262	146	10	50	274	1664	1924	1.38e-19	92.0
PfKH02_070015800|DBLe|1|2002|2324	PH0474-CW.g419	28.794	257	155	9	41	275	840	1090	2.31e-19	91.3
PfKH02_070015800|DBLe|1|2002|2324	PH0474-CW.g419	27.354	223	119	7	46	227	117	337	8.00e-12	68.6
PfKH02_070015800|DBLe|1|2002|2324	PD0491-C.g778	100.000	323	0	0	1	323	2002	2324	0.0	671
PfKH02_070015800|DBLe|1|2002|2324	PD0491-C.g778	30.420	286	159	11	49	295	1231	1515	5.01e-25	108
PfKH02_070015800|DBLe|1|2002|2324	PD0491-C.g778	29.771	262	146	10	50	274	1664	1924	1.42e-19	92.0
PfKH02_070015800|DBLe|1|2002|2324	PD0491-C.g778	28.794	257	155	9	41	275	840	1090	2.52e-19	91.3
PfKH02_070015800|DBLe|1|2002|2324	PD0491-C.g778	27.354	223	119	7	46	227	117	337	9.05e-12	68.6
PfKH02_070015800|ATS|1|2403|2817	PH0915-C.g198	100.000	415	0	0	1	415	2403	2817	0.0	851
PfKH02_070015800|ATS|1|2403|2817	PH0592-C.g318	100.000	415	0	0	1	415	2403	2817	0.0	851
PfKH02_070015800|ATS|1|2403|2817	PH0560-C.g606	100.000	415	0	0	1	415	2403	2817	0.0	851
PfKH02_070015800|ATS|1|2403|2817	PD0491-C.g778	100.000	415	0	0	1	415	2403	2817	0.0	851
PfKH02_070015800|ATS|1|2403|2817	PH0471-C.g489	100.000	397	0	0	1	397	2403	2799	0.0	813
PfKH02_070015900|NTS|1|1|58	PT0034-C.g767	100.000	58	0	0	1	58	1	58	7.68e-34	122
PfKH02_070015900|NTS|1|1|58	PFKE07.g56	100.000	58	0	0	1	58	1	58	7.68e-34	122
PfKH02_070015900|NTS|1|1|58	PF0507-C.g703	100.000	58	0	0	1	58	1	58	1.55e-33	121
PfKH02_070015900|NTS|1|1|58	QE0418-C.g561	100.000	58	0	0	1	58	1	58	1.97e-33	121
PfKH02_070015900|NTS|1|1|58	PH0341-C.g549	100.000	58	0	0	1	58	1	58	2.03e-33	121
PfKH02_070015900|DBLa|1|64|485	QE0440-C.g789	100.000	422	0	0	1	422	64	485	0.0	879
PfKH02_070015900|DBLa|1|64|485	PV0211-C.g40	100.000	422	0	0	1	422	64	485	0.0	877
PfKH02_070015900|DBLa|1|64|485	QE0465-C.g601	100.000	422	0	0	1	422	64	485	0.0	876
PfKH02_070015900|DBLa|1|64|485	QE0465-C.g601	26.481	287	134	12	178	422	1111	1362	2.92e-11	68.2
PfKH02_070015900|DBLa|1|64|485	QE0434-C.g678	99.763	422	1	0	1	422	64	485	0.0	876
PfKH02_070015900|DBLa|1|64|485	QE0434-C.g678	25.899	278	137	9	183	422	1125	1371	3.23e-15	80.5
PfKH02_070015900|DBLa|1|64|485	QE0417-C.g675	100.000	422	0	0	1	422	64	485	0.0	876
PfKH02_070015900|DBLa|1|64|485	QE0417-C.g675	25.389	193	109	3	230	422	1207	1364	2.78e-10	65.1
PfKH02_070015900|CIDRa|1|486|780	PD0667-C.g128	100.000	295	0	0	1	295	486	780	0.0	607
PfKH02_070015900|CIDRa|1|486|780	PD0500-C.g17	100.000	295	0	0	1	295	486	780	0.0	607
PfKH02_070015900|CIDRa|1|486|780	PH0991-C.g625	100.000	295	0	0	1	295	486	780	0.0	605
PfKH02_070015900|CIDRa|1|486|780	PH0991-C.g625	38.462	78	47	1	130	207	1435	1511	2.65e-09	60.5
PfKH02_070015900|CIDRa|1|486|780	PH0915-C.g637	100.000	295	0	0	1	295	486	780	0.0	605
PfKH02_070015900|CIDRa|1|486|780	PH0915-C.g637	38.462	78	47	1	130	207	1435	1511	2.65e-09	60.5
PfKH02_070015900|CIDRa|1|486|780	PH0592-C.g487	100.000	295	0	0	1	295	486	780	0.0	605
PfKH02_070015900|CIDRa|1|486|780	PH0592-C.g487	38.462	78	47	1	130	207	1435	1511	2.65e-09	60.5
PfKH02_070015900|DBLd|1|844|1321	PH0991-C.g625	100.000	478	0	0	1	478	844	1321	0.0	981
PfKH02_070015900|DBLd|1|844|1321	PH0991-C.g625	26.502	283	139	8	222	478	246	485	4.59e-16	84.0
PfKH02_070015900|DBLd|1|844|1321	PH0915-C.g637	100.000	478	0	0	1	478	844	1321	0.0	981
PfKH02_070015900|DBLd|1|844|1321	PH0915-C.g637	26.502	283	139	8	222	478	246	485	4.59e-16	84.0
PfKH02_070015900|DBLd|1|844|1321	PH0592-C.g487	100.000	478	0	0	1	478	844	1321	0.0	981
PfKH02_070015900|DBLd|1|844|1321	PH0592-C.g487	26.502	283	139	8	222	478	246	485	4.59e-16	84.0
PfKH02_070015900|DBLd|1|844|1321	PH0474-CW.g361	100.000	478	0	0	1	478	844	1321	0.0	981
PfKH02_070015900|DBLd|1|844|1321	PH0474-CW.g361	26.502	283	139	8	222	478	246	485	4.59e-16	84.0
PfKH02_070015900|DBLd|1|844|1321	PH0471-C.g427	100.000	478	0	0	1	478	844	1321	0.0	981
PfKH02_070015900|DBLd|1|844|1321	PH0471-C.g427	26.502	283	139	8	222	478	246	485	4.59e-16	84.0
PfKH02_070015900|CIDRb|1|1322|1592	PH0560-C.g583	100.000	271	0	0	1	271	1304	1574	0.0	557
PfKH02_070015900|CIDRb|1|1322|1592	PH0560-C.g583	38.462	78	47	1	114	190	597	674	3.00e-09	59.7
PfKH02_070015900|CIDRb|1|1322|1592	PH0991-C.g625	100.000	271	0	0	1	271	1322	1592	0.0	556
PfKH02_070015900|CIDRb|1|1322|1592	PH0991-C.g625	38.462	78	47	1	114	190	615	692	3.03e-09	59.7
PfKH02_070015900|CIDRb|1|1322|1592	PH0915-C.g637	100.000	271	0	0	1	271	1322	1592	0.0	556
PfKH02_070015900|CIDRb|1|1322|1592	PH0915-C.g637	38.462	78	47	1	114	190	615	692	3.03e-09	59.7
PfKH02_070015900|CIDRb|1|1322|1592	PH0592-C.g487	100.000	271	0	0	1	271	1322	1592	0.0	556
PfKH02_070015900|CIDRb|1|1322|1592	PH0592-C.g487	38.462	78	47	1	114	190	615	692	3.03e-09	59.7
PfKH02_070015900|CIDRb|1|1322|1592	PH0474-CW.g361	100.000	271	0	0	1	271	1322	1592	0.0	556
PfKH02_070015900|CIDRb|1|1322|1592	PH0474-CW.g361	38.462	78	47	1	114	190	615	692	3.03e-09	59.7
PfKH02_070015900|ATS|1|1720|2154	PFKE09.g563	82.143	448	59	7	2	435	776	1216	0.0	702
PfKH02_070015900|ATS|1|1720|2154	PV0028-C.g31	75.983	458	83	7	2	435	1738	2192	0.0	679
PfKH02_070015900|ATS|1|1720|2154	PF0590-C.g528	79.545	440	77	4	2	435	2052	2484	0.0	674
PfKH02_070015900|ATS|1|1720|2154	QE0438-C.g681	75.271	461	70	8	1	435	1669	2111	0.0	673
PfKH02_070015900|ATS|1|1720|2154	PD0549-C.g516	76.000	450	91	4	1	435	2187	2634	0.0	670
PfKH02_070035100|NTS|1|13|77	PH0991-C.g675	100.000	65	0	0	1	65	13	77	1.11e-36	130
PfKH02_070035100|NTS|1|13|77	PH0915-C.g654	100.000	65	0	0	1	65	13	77	1.11e-36	130
PfKH02_070035100|NTS|1|13|77	SenT184.09.g1024	66.667	63	21	0	3	65	2	64	7.65e-19	80.1
PfKH02_070035100|NTS|1|13|77	QE0468-C.g798	68.254	63	18	2	3	63	2	64	1.54e-18	79.3
PfKH02_070035100|NTS|1|13|77	PT0156-C.g82	68.333	60	18	1	3	62	2	60	2.24e-17	75.9
PfKH02_070035100|DBLa|1|78|521	PH0991-C.g675	100.000	444	0	0	1	444	78	521	0.0	929
PfKH02_070035100|DBLa|1|78|521	PH0991-C.g675	23.758	463	240	18	61	444	933	1361	1.00e-15	82.4
PfKH02_070035100|DBLa|1|78|521	PH0915-C.g654	100.000	444	0	0	1	444	78	521	0.0	929
PfKH02_070035100|DBLa|1|78|521	PH0915-C.g654	23.758	463	240	18	61	444	933	1361	1.00e-15	82.4
PfKH02_070035100|DBLa|1|78|521	PD0555-C.g266	72.198	464	103	9	1	444	73	530	0.0	648
PfKH02_070035100|DBLa|1|78|521	PD0555-C.g266	31.734	271	148	9	32	293	2170	2412	2.26e-26	115
PfKH02_070035100|DBLa|1|78|521	PD0555-C.g266	26.807	332	179	10	146	444	1118	1418	6.52e-18	89.4
PfKH02_070035100|DBLa|1|78|521	PD0555-C.g266	24.204	314	159	12	59	352	1769	2023	8.66e-10	63.9
PfKH02_070035100|DBLa|1|78|521	PD0510-C.g595	72.198	464	103	9	1	444	73	530	0.0	648
PfKH02_070035100|DBLa|1|78|521	PD0510-C.g595	25.597	293	160	9	127	396	1083	1340	1.23e-15	82.0
PfKH02_070035100|DBLa|1|78|521	PD0519-C.g1183	72.198	464	103	9	1	444	73	530	0.0	648
PfKH02_070035100|DBLa|1|78|521	PD0519-C.g1183	25.806	310	161	9	124	385	1057	1345	7.53e-15	79.7
PfKH02_070035100|CIDRa|1|522|797	PH0991-C.g675	100.000	276	0	0	1	276	522	797	0.0	577
PfKH02_070035100|CIDRa|1|522|797	PH0915-C.g654	100.000	276	0	0	1	276	522	797	0.0	577
PfKH02_070035100|CIDRa|1|522|797	PD0500-C.g635	100.000	276	0	0	1	276	241	516	0.0	572
PfKH02_070035100|CIDRa|1|522|797	QG0260-C.g1382	75.000	276	51	6	1	276	196	453	7.50e-119	373
PfKH02_070035100|CIDRa|1|522|797	PA0168-C.g681	74.638	276	52	6	1	276	507	764	8.27e-118	373
PfKH02_070035100|DBLd|1|863|1383	PD0500-C.g20	100.000	521	0	0	1	521	116	636	0.0	1093
PfKH02_070035100|DBLd|1|863|1383	PH0549-C.g619	86.616	523	49	7	1	521	1311	1814	0.0	873
PfKH02_070035100|DBLd|1|863|1383	PH0549-C.g619	23.611	288	167	9	170	452	160	399	3.66e-11	68.6
PfKH02_070035100|DBLd|1|863|1383	PD0564-C.g761	64.259	526	129	15	1	521	865	1336	0.0	589
PfKH02_070035100|DBLd|1|863|1383	PD0564-C.g761	26.923	286	146	13	185	468	177	401	1.51e-13	76.3
PfKH02_070035100|DBLd|1|863|1383	PD0552-C.g699	64.259	526	129	15	1	521	865	1336	0.0	589
PfKH02_070035100|DBLd|1|863|1383	PD0552-C.g699	26.923	286	146	13	185	468	177	401	1.51e-13	76.3
PfKH02_070035100|DBLd|1|863|1383	PD0544-C.g733	64.259	526	129	15	1	521	865	1336	0.0	589
PfKH02_070035100|DBLd|1|863|1383	PD0544-C.g733	26.923	286	146	13	185	468	177	401	1.51e-13	76.3
PfKH02_070035100|CIDRb|1|1384|1629	PD0500-C.g20	100.000	246	0	0	1	246	637	882	1.80e-175	511
PfKH02_070035100|CIDRb|1|1384|1629	PD0564-C.g761	100.000	246	0	0	1	246	1337	1582	3.42e-168	508
PfKH02_070035100|CIDRb|1|1384|1629	PD0552-C.g699	100.000	246	0	0	1	246	1337	1582	3.42e-168	508
PfKH02_070035100|CIDRb|1|1384|1629	PD0544-C.g733	100.000	246	0	0	1	246	1337	1582	3.42e-168	508
PfKH02_070035100|CIDRb|1|1384|1629	PD0491-C.g777	100.000	246	0	0	1	246	1337	1582	3.42e-168	508
PfKH02_070035100|ATS|1|1739|2215	PA0245-C.g998	80.498	482	65	7	1	477	1706	2163	0.0	734
PfKH02_070035100|ATS|1|1739|2215	PV0147-C.g7	78.079	479	63	6	1	477	1761	2199	0.0	711
PfKH02_070035100|ATS|1|1739|2215	PA0270-C.g443	78.261	483	71	8	1	477	2185	2639	0.0	710
PfKH02_070035100|ATS|1|1739|2215	PC0097-C.g664	77.339	481	72	10	1	477	2364	2811	0.0	690
PfKH02_070035100|ATS|1|1739|2215	PA0204-C.g659	79.394	495	62	8	1	477	1701	2173	0.0	689
PfKH02_080005200|NTS|1|1|65	PD0500-C.g5	100.000	65	0	0	1	65	1	65	9.55e-39	136
PfKH02_080005200|NTS|1|1|65	QE0458-C.g638	84.615	65	10	0	1	65	1	65	1.10e-28	108
PfKH02_080005200|NTS|1|1|65	QE0456-C.g1076	84.615	65	10	0	1	65	1	65	1.10e-28	108
PfKH02_080005200|NTS|1|1|65	QE0460-C.g778	84.615	65	10	0	1	65	1	65	1.58e-28	107
PfKH02_080005200|NTS|1|1|65	QE0436-C.g749	84.615	65	10	0	1	65	1	65	1.58e-28	107
PfKH02_080005200|DBLa|1|66|496	PD0500-C.g5	100.000	431	0	0	1	431	66	496	0.0	904
PfKH02_080005200|DBLa|1|66|496	QE0460-C.g778	72.374	438	106	6	1	431	66	495	0.0	633
PfKH02_080005200|DBLa|1|66|496	QE0460-C.g778	27.823	248	142	6	197	431	1111	1334	4.05e-16	83.6
PfKH02_080005200|DBLa|1|66|496	QE0436-C.g749	72.374	438	106	6	1	431	66	495	0.0	633
PfKH02_080005200|DBLa|1|66|496	QE0436-C.g749	27.823	248	142	6	197	431	1111	1334	4.05e-16	83.6
PfKH02_080005200|DBLa|1|66|496	QE0423-C.g1064	72.374	438	106	6	1	431	66	495	0.0	633
PfKH02_080005200|DBLa|1|66|496	QE0423-C.g1064	27.823	248	142	6	197	431	1111	1334	4.05e-16	83.6
PfKH02_080005200|DBLa|1|66|496	QE0463-C.g778	72.374	438	106	6	1	431	66	495	0.0	633
PfKH02_080005200|DBLa|1|66|496	QE0463-C.g778	27.823	248	142	6	197	431	1111	1334	3.87e-16	83.6
PfKH02_080005200|CIDRa|1|497|752	PD0500-C.g5	100.000	256	0	0	1	256	497	752	2.25e-180	525
PfKH02_080005200|CIDRa|1|497|752	SenT046.11.g891	93.333	255	17	0	1	255	471	725	5.63e-151	467
PfKH02_080005200|CIDRa|1|497|752	QE0461-C.g527	86.192	239	33	0	1	239	494	732	9.57e-139	429
PfKH02_080005200|CIDRa|1|497|752	PM0076-C.g950	81.008	258	47	2	1	256	494	751	2.21e-136	423
PfKH02_080005200|CIDRa|1|497|752	PA0261-C.g488	72.266	256	68	1	1	256	497	749	2.67e-113	356
PfKH02_080005200|DBLd|1|862|1359	PD0585-C.g534	86.965	514	50	5	1	498	1245	1757	0.0	876
PfKH02_080005200|DBLd|1|862|1359	PD0585-C.g534	30.256	195	127	5	309	498	276	466	2.37e-12	72.4
PfKH02_080005200|DBLd|1|862|1359	PH0560-C.g65	53.371	534	198	14	1	498	85	603	9.14e-168	501
PfKH02_080005200|DBLd|1|862|1359	PH0251-C.g433	53.371	534	198	14	1	498	549	1067	1.52e-163	502
PfKH02_080005200|DBLd|1|862|1359	PH0055-C.g484	53.371	534	198	14	1	498	893	1411	5.89e-162	503
PfKH02_080005200|DBLd|1|862|1359	PH0055-C.g484	29.064	203	107	7	331	498	304	504	1.52e-10	66.6
PfKH02_080005200|DBLd|1|862|1359	PH0495-CW.g697	53.371	534	198	14	1	498	886	1404	9.75e-162	503
PfKH02_080005200|DBLd|1|862|1359	PH0495-CW.g697	29.064	203	107	7	331	498	297	497	1.28e-10	66.6
PfKH02_080005200|CIDRg|1|1360|1625	PD0585-C.g534	100.000	266	0	0	1	266	1758	2023	0.0	550
PfKH02_080005200|CIDRg|1|1360|1625	PH0307-C.g445	86.765	272	29	2	1	266	1341	1611	1.07e-148	457
PfKH02_080005200|CIDRg|1|1360|1625	PM0029-C.g726	75.093	269	64	1	1	266	599	867	9.61e-140	419
PfKH02_080005200|CIDRg|1|1360|1625	PF0190-C.g476	74.721	269	61	5	1	266	1345	1609	1.09e-129	405
PfKH02_080005200|CIDRg|1|1360|1625	PV0094-C.g36	77.574	272	55	4	1	266	1703	1974	2.41e-129	405
PfKH02_080005200|ATS|1|1728|2267	PV0211-C.g126	79.298	541	75	6	1	540	841	1345	0.0	804
PfKH02_080005200|ATS|1|1728|2267	PD0590-C.g13	74.406	547	73	11	1	540	818	1304	0.0	737
PfKH02_080005200|ATS|1|1728|2267	PFKE12.g465	72.426	544	92	11	1	540	1773	2262	0.0	719
PfKH02_080005200|ATS|1|1728|2267	PV0239-C.g10	70.357	560	84	13	1	540	3361	3858	0.0	704
PfKH02_080005200|ATS|1|1728|2267	QE0434-C.g52	72.593	540	93	12	2	536	2811	3300	0.0	692
PfKH02_080014100|NTS|1|1|59	PD0541-C.g771	100.000	59	0	0	1	59	1	59	2.50e-35	126
PfKH02_080014100|NTS|1|1|59	PD0461-C.g745	100.000	59	0	0	1	59	1	59	2.50e-35	126
PfKH02_080014100|NTS|1|1|59	QE0470-C.g1044	100.000	59	0	0	1	59	1	59	3.07e-35	126
PfKH02_080014100|NTS|1|1|59	PV0229-C.g69	100.000	59	0	0	1	59	1	59	3.07e-35	126
PfKH02_080014100|NTS|1|1|59	PV0195-C.g76	100.000	59	0	0	1	59	1	59	3.07e-35	126
PfKH02_080014100|DBLa|1|60|488	PD0507-C.g796	100.000	429	0	0	1	429	60	488	0.0	894
PfKH02_080014100|DBLa|1|60|488	PD0507-C.g796	27.372	274	144	9	177	429	1097	1336	9.75e-15	79.3
PfKH02_080014100|DBLa|1|60|488	PD0497-C.g621	100.000	429	0	0	1	429	60	488	0.0	894
PfKH02_080014100|DBLa|1|60|488	PD0497-C.g621	35.652	115	61	4	225	330	1186	1296	6.84e-11	67.0
PfKH02_080014100|DBLa|1|60|488	QE0470-C.g1044	100.000	429	0	0	1	429	60	488	0.0	893
PfKH02_080014100|DBLa|1|60|488	QE0470-C.g1044	27.372	274	144	9	177	429	1097	1336	1.02e-14	79.0
PfKH02_080014100|DBLa|1|60|488	PV0229-C.g69	100.000	429	0	0	1	429	60	488	0.0	893
PfKH02_080014100|DBLa|1|60|488	PV0229-C.g69	27.372	274	144	9	177	429	1097	1336	1.02e-14	79.0
PfKH02_080014100|DBLa|1|60|488	PV0195-C.g76	100.000	429	0	0	1	429	60	488	0.0	893
PfKH02_080014100|DBLa|1|60|488	PV0195-C.g76	27.372	274	144	9	177	429	1097	1336	1.02e-14	79.0
PfKH02_080014100|CIDRa|1|489|791	PD0497-C.g621	100.000	303	0	0	1	303	489	791	0.0	622
PfKH02_080014100|CIDRa|1|489|791	PV0288-C.g71	100.000	303	0	0	1	303	179	481	0.0	621
PfKH02_080014100|CIDRa|1|489|791	PD0507-C.g796	100.000	303	0	0	1	303	489	791	0.0	621
PfKH02_080014100|CIDRa|1|489|791	PD0548-C.g782	100.000	303	0	0	1	303	182	484	0.0	621
PfKH02_080014100|CIDRa|1|489|791	PD0496-C.g861	100.000	303	0	0	1	303	460	762	0.0	620
PfKH02_080014100|DBLd|1|870|1336	PD0507-C.g796	100.000	467	0	0	1	467	870	1336	0.0	974
PfKH02_080014100|DBLd|1|870|1336	PD0507-C.g796	26.706	337	187	13	170	467	173	488	7.04e-11	67.4
PfKH02_080014100|DBLd|1|870|1336	PD0548-C.g782	100.000	467	0	0	1	467	563	1029	0.0	973
PfKH02_080014100|DBLd|1|870|1336	PV0288-C.g71	100.000	467	0	0	1	467	560	1026	0.0	972
PfKH02_080014100|DBLd|1|870|1336	PD0496-C.g861	100.000	467	0	0	1	467	841	1307	0.0	972
PfKH02_080014100|DBLd|1|870|1336	PH0114-C.g33	100.000	467	0	0	1	467	248	714	0.0	972
PfKH02_080014100|CIDRb|1|1337|1588	PH0114-C.g33	100.000	252	0	0	1	252	715	966	1.47e-173	509
PfKH02_080014100|CIDRb|1|1337|1588	PV0288-C.g71	100.000	252	0	0	1	252	1027	1278	3.44e-170	508
PfKH02_080014100|CIDRb|1|1337|1588	PD0548-C.g782	100.000	252	0	0	1	252	1030	1281	3.65e-170	508
PfKH02_080014100|CIDRb|1|1337|1588	PD0496-C.g861	100.000	252	0	0	1	252	1308	1559	2.00e-168	508
PfKH02_080014100|CIDRb|1|1337|1588	QE0470-C.g1044	100.000	252	0	0	1	252	1337	1588	4.62e-168	508
PfKH02_080014100|ATS|1|1707|2183	PFKE09.g410	86.100	482	61	5	1	477	1751	2231	0.0	772
PfKH02_080014100|ATS|1|1707|2183	PV0128-C.g36	86.296	467	61	2	1	465	1848	2313	0.0	765
PfKH02_080014100|ATS|1|1707|2183	PV0099-C.g12	72.984	496	112	8	1	477	3295	3787	0.0	669
PfKH02_080014100|ATS|1|1707|2183	PA0262-C.g433	75.413	484	102	7	1	477	2175	2648	0.0	667
PfKH02_080014100|ATS|1|1707|2183	PM0142-C.g950	70.532	526	104	9	1	477	980	1503	0.0	664
PfKH02_080014300|NTS|1|1|67	QE0470-C.g403	100.000	67	0	0	1	67	1	67	6.14e-41	143
PfKH02_080014300|NTS|1|1|67	PV0288-C.g17	100.000	67	0	0	1	67	1	67	6.14e-41	143
PfKH02_080014300|NTS|1|1|67	PH0604-C.g63	100.000	67	0	0	1	67	1	67	6.14e-41	143
PfKH02_080014300|NTS|1|1|67	PH0329-C.g56	100.000	67	0	0	1	67	1	67	6.14e-41	143
PfKH02_080014300|NTS|1|1|67	PH0307-C.g384	100.000	67	0	0	1	67	1	67	6.14e-41	143
PfKH02_080014300|DBLa|1|68|473	PV0195-C.g13	100.000	406	0	0	1	406	68	473	0.0	843
PfKH02_080014300|DBLa|1|68|473	PV0195-C.g13	28.904	429	217	18	14	406	812	1188	4.43e-34	137
PfKH02_080014300|DBLa|1|68|473	PV0195-C.g13	34.483	290	139	10	52	321	1579	1837	5.67e-31	128
PfKH02_080014300|DBLa|1|68|473	PV0195-C.g13	27.500	280	148	7	48	327	1962	2186	1.73e-18	90.5
PfKH02_080014300|DBLa|1|68|473	PV0083-C.g20	100.000	406	0	0	1	406	68	473	0.0	843
PfKH02_080014300|DBLa|1|68|473	PV0083-C.g20	28.904	429	217	18	14	406	812	1188	4.43e-34	137
PfKH02_080014300|DBLa|1|68|473	PV0083-C.g20	34.483	290	139	10	52	321	1579	1837	5.67e-31	128
PfKH02_080014300|DBLa|1|68|473	PV0083-C.g20	27.500	280	148	7	48	327	1962	2186	1.73e-18	90.5
PfKH02_080014300|DBLa|1|68|473	PD0569-C.g109	100.000	406	0	0	1	406	68	473	0.0	843
PfKH02_080014300|DBLa|1|68|473	PD0569-C.g109	28.904	429	217	18	14	406	812	1188	4.43e-34	137
PfKH02_080014300|DBLa|1|68|473	PD0569-C.g109	34.483	290	139	10	52	321	1579	1837	5.67e-31	128
PfKH02_080014300|DBLa|1|68|473	PD0569-C.g109	27.500	280	148	7	48	327	1962	2186	1.73e-18	90.5
PfKH02_080014300|DBLa|1|68|473	PD0548-C.g783	100.000	406	0	0	1	406	68	473	0.0	843
PfKH02_080014300|DBLa|1|68|473	PD0548-C.g783	28.904	429	217	18	14	406	812	1188	4.43e-34	137
PfKH02_080014300|DBLa|1|68|473	PD0548-C.g783	34.483	290	139	10	52	321	1579	1837	5.67e-31	128
PfKH02_080014300|DBLa|1|68|473	PD0548-C.g783	27.500	280	148	7	48	327	1962	2186	1.73e-18	90.5
PfKH02_080014300|DBLa|1|68|473	PD0513-C.g697	100.000	406	0	0	1	406	68	473	0.0	843
PfKH02_080014300|DBLa|1|68|473	PD0513-C.g697	28.904	429	217	18	14	406	812	1188	4.43e-34	137
PfKH02_080014300|DBLa|1|68|473	PD0513-C.g697	34.483	290	139	10	52	321	1579	1837	5.67e-31	128
PfKH02_080014300|DBLa|1|68|473	PD0513-C.g697	27.500	280	148	7	48	327	1962	2186	1.73e-18	90.5
PfKH02_080014300|CIDRa|1|474|724	PH0117-C.g17	100.000	251	0	0	1	251	474	724	1.52e-173	520
PfKH02_080014300|CIDRa|1|474|724	PH0117-C.g17	27.647	170	111	3	1	167	1189	1349	3.62e-14	73.9
PfKH02_080014300|CIDRa|1|474|724	PD0526-C.g903	100.000	251	0	0	1	251	474	724	5.12e-172	520
PfKH02_080014300|CIDRa|1|474|724	PD0526-C.g903	27.647	170	111	3	1	167	1189	1349	3.99e-14	73.9
PfKH02_080014300|CIDRa|1|474|724	PH0474-CW.g29	100.000	251	0	0	1	251	162	412	7.70e-171	523
PfKH02_080014300|CIDRa|1|474|724	PH0474-CW.g29	27.647	170	111	3	1	167	877	1037	3.70e-14	73.9
PfKH02_080014300|CIDRa|1|474|724	PD0544-C.g621	100.000	251	0	0	1	251	353	603	1.48e-170	521
PfKH02_080014300|CIDRa|1|474|724	PD0544-C.g621	27.647	170	111	3	1	167	1068	1228	5.18e-14	73.6
PfKH02_080014300|CIDRa|1|474|724	PD0549-C.g118	100.000	251	0	0	1	251	474	724	1.67e-170	521
PfKH02_080014300|CIDRa|1|474|724	PD0549-C.g118	27.647	170	111	3	1	167	1189	1349	4.88e-14	73.9
PfKH02_080014300|DBLd|1|787|1188	PV0128-C.g68	100.000	402	0	0	1	402	123	524	0.0	832
PfKH02_080014300|DBLd|1|787|1188	PV0128-C.g68	25.309	324	151	11	37	350	1290	1532	7.18e-16	82.4
PfKH02_080014300|DBLd|1|787|1188	PV0128-C.g68	24.277	346	187	11	34	354	902	1197	7.38e-14	76.3
PfKH02_080014300|DBLd|1|787|1188	PV0195-C.g13	100.000	402	0	0	1	402	787	1188	0.0	830
PfKH02_080014300|DBLd|1|787|1188	PV0195-C.g13	29.604	429	214	19	26	402	81	473	1.55e-34	138
PfKH02_080014300|DBLd|1|787|1188	PV0195-C.g13	25.309	324	151	11	37	350	1954	2196	8.50e-16	82.0
PfKH02_080014300|DBLd|1|787|1188	PV0195-C.g13	24.277	346	187	11	34	354	1566	1861	5.68e-14	76.6
PfKH02_080014300|DBLd|1|787|1188	PV0083-C.g20	100.000	402	0	0	1	402	787	1188	0.0	830
PfKH02_080014300|DBLd|1|787|1188	PV0083-C.g20	29.604	429	214	19	26	402	81	473	1.55e-34	138
PfKH02_080014300|DBLd|1|787|1188	PV0083-C.g20	25.309	324	151	11	37	350	1954	2196	8.50e-16	82.0
PfKH02_080014300|DBLd|1|787|1188	PV0083-C.g20	24.277	346	187	11	34	354	1566	1861	5.68e-14	76.6
PfKH02_080014300|DBLd|1|787|1188	PH0471-C.g30	100.000	402	0	0	1	402	787	1188	0.0	830
PfKH02_080014300|DBLd|1|787|1188	PH0471-C.g30	28.671	429	218	18	26	402	81	473	4.73e-33	134
PfKH02_080014300|DBLd|1|787|1188	PH0471-C.g30	25.309	324	151	11	37	350	1954	2196	8.06e-16	82.4
PfKH02_080014300|DBLd|1|787|1188	PH0471-C.g30	24.277	346	187	11	34	354	1566	1861	5.53e-14	76.6
PfKH02_080014300|DBLd|1|787|1188	PD0569-C.g109	100.000	402	0	0	1	402	787	1188	0.0	830
PfKH02_080014300|DBLd|1|787|1188	PD0569-C.g109	29.604	429	214	19	26	402	81	473	1.55e-34	138
PfKH02_080014300|DBLd|1|787|1188	PD0569-C.g109	25.309	324	151	11	37	350	1954	2196	8.50e-16	82.0
PfKH02_080014300|DBLd|1|787|1188	PD0569-C.g109	24.277	346	187	11	34	354	1566	1861	5.68e-14	76.6
PfKH02_080014300|CIDRg|1|1189|1437	PV0205-C.g33	100.000	249	0	0	1	249	345	593	3.65e-173	507
PfKH02_080014300|CIDRg|1|1189|1437	PV0229-C.g81	100.000	249	0	0	1	249	534	782	6.68e-169	509
PfKH02_080014300|CIDRg|1|1189|1437	PH0117-C.g17	100.000	249	0	0	1	249	1189	1437	1.53e-168	507
PfKH02_080014300|CIDRg|1|1189|1437	PH0117-C.g17	27.647	170	111	3	1	161	474	640	3.71e-14	73.9
PfKH02_080014300|CIDRg|1|1189|1437	PV0128-C.g68	100.000	249	0	0	1	249	525	773	2.24e-167	511
PfKH02_080014300|CIDRg|1|1189|1437	PD0526-C.g903	100.000	249	0	0	1	249	1189	1437	3.90e-167	506
PfKH02_080014300|CIDRg|1|1189|1437	PD0526-C.g903	27.647	170	111	3	1	161	474	640	3.86e-14	73.9
PfKH02_080014300|DBLz|1|1485|1910	PV0128-C.g68	100.000	426	0	0	1	426	821	1246	0.0	875
PfKH02_080014300|DBLz|1|1485|1910	PV0128-C.g68	28.522	291	153	13	81	362	1285	1529	7.02e-16	82.8
PfKH02_080014300|DBLz|1|1485|1910	PV0128-C.g68	23.647	351	183	14	82	377	156	476	3.09e-13	74.3
PfKH02_080014300|DBLz|1|1485|1910	PH0474-CW.g29	100.000	426	0	0	1	426	1173	1598	0.0	873
PfKH02_080014300|DBLz|1|1485|1910	PH0474-CW.g29	28.522	291	153	13	81	362	1637	1881	6.06e-16	82.8
PfKH02_080014300|DBLz|1|1485|1910	PH0474-CW.g29	23.647	351	183	14	82	377	508	828	2.84e-13	74.7
PfKH02_080014300|DBLz|1|1485|1910	PV0229-C.g81	100.000	426	0	0	1	426	830	1255	0.0	872
PfKH02_080014300|DBLz|1|1485|1910	PV0229-C.g81	28.522	291	153	13	81	362	1294	1538	4.91e-16	83.2
PfKH02_080014300|DBLz|1|1485|1910	PV0229-C.g81	23.647	351	183	14	82	377	165	485	3.26e-13	74.3
PfKH02_080014300|DBLz|1|1485|1910	PV0195-C.g13	100.000	426	0	0	1	426	1485	1910	0.0	872
PfKH02_080014300|DBLz|1|1485|1910	PV0195-C.g13	34.483	290	139	10	95	353	119	388	7.30e-30	125
PfKH02_080014300|DBLz|1|1485|1910	PV0195-C.g13	28.522	291	153	13	81	362	1949	2193	6.43e-16	82.8
PfKH02_080014300|DBLz|1|1485|1910	PV0195-C.g13	23.647	351	183	14	82	377	820	1140	3.03e-13	74.7
PfKH02_080014300|DBLz|1|1485|1910	PV0083-C.g20	100.000	426	0	0	1	426	1485	1910	0.0	872
PfKH02_080014300|DBLz|1|1485|1910	PV0083-C.g20	34.483	290	139	10	95	353	119	388	7.30e-30	125
PfKH02_080014300|DBLz|1|1485|1910	PV0083-C.g20	28.522	291	153	13	81	362	1949	2193	6.43e-16	82.8
PfKH02_080014300|DBLz|1|1485|1910	PV0083-C.g20	23.647	351	183	14	82	377	820	1140	3.03e-13	74.7
PfKH02_080014300|DBLe|1|1915|2237	PV0128-C.g68	100.000	323	0	0	1	323	1251	1573	0.0	677
PfKH02_080014300|DBLe|1|1915|2237	PV0128-C.g68	29.242	277	144	12	49	279	912	1182	5.58e-17	84.3
PfKH02_080014300|DBLe|1|1915|2237	PV0128-C.g68	24.540	326	156	12	40	285	159	474	5.46e-14	75.1
PfKH02_080014300|DBLe|1|1915|2237	PV0229-C.g81	100.000	323	0	0	1	323	1260	1582	0.0	675
PfKH02_080014300|DBLe|1|1915|2237	PV0229-C.g81	28.522	291	153	13	35	279	910	1191	7.85e-17	84.0
PfKH02_080014300|DBLe|1|1915|2237	PV0229-C.g81	24.540	326	156	12	40	285	168	483	7.87e-14	74.7
PfKH02_080014300|DBLe|1|1915|2237	PV0195-C.g13	100.000	323	0	0	1	323	1915	2237	0.0	675
PfKH02_080014300|DBLe|1|1915|2237	PV0195-C.g13	27.500	280	148	7	48	272	115	394	7.89e-19	89.7
PfKH02_080014300|DBLe|1|1915|2237	PV0195-C.g13	29.242	277	144	12	49	279	1576	1846	6.91e-17	84.0
PfKH02_080014300|DBLe|1|1915|2237	PV0195-C.g13	24.540	326	156	12	40	285	823	1138	6.44e-14	75.1
PfKH02_080014300|DBLe|1|1915|2237	PV0083-C.g20	100.000	323	0	0	1	323	1915	2237	0.0	675
PfKH02_080014300|DBLe|1|1915|2237	PV0083-C.g20	27.500	280	148	7	48	272	115	394	7.89e-19	89.7
PfKH02_080014300|DBLe|1|1915|2237	PV0083-C.g20	29.242	277	144	12	49	279	1576	1846	6.91e-17	84.0
PfKH02_080014300|DBLe|1|1915|2237	PV0083-C.g20	24.540	326	156	12	40	285	823	1138	6.44e-14	75.1
PfKH02_080014300|DBLe|1|1915|2237	PH0474-CW.g29	100.000	323	0	0	1	323	1603	1925	0.0	675
PfKH02_080014300|DBLe|1|1915|2237	PH0474-CW.g29	29.242	277	144	12	49	279	1264	1534	6.46e-17	84.0
PfKH02_080014300|DBLe|1|1915|2237	PH0474-CW.g29	24.540	326	156	12	40	285	511	826	5.81e-14	75.1
PfKH02_080014300|ATS|1|2298|2758	PV0195-C.g13	100.000	461	0	0	1	461	2298	2758	0.0	941
PfKH02_080014300|ATS|1|2298|2758	PV0083-C.g20	100.000	461	0	0	1	461	2298	2758	0.0	941
PfKH02_080014300|ATS|1|2298|2758	PH0471-C.g30	100.000	461	0	0	1	461	2298	2758	0.0	941
PfKH02_080014300|ATS|1|2298|2758	PD0569-C.g109	100.000	461	0	0	1	461	2298	2758	0.0	941
PfKH02_080014300|ATS|1|2298|2758	PD0548-C.g783	100.000	461	0	0	1	461	2298	2758	0.0	941
PfKH02_080014500|NTS|1|1|59	PV0128-C.g78	100.000	59	0	0	1	59	1	59	5.14e-34	123
PfKH02_080014500|NTS|1|1|59	PV0239-C.g99	100.000	59	0	0	1	59	1	59	5.39e-34	122
PfKH02_080014500|NTS|1|1|59	PV0211-C.g116	100.000	59	0	0	1	59	1	59	5.39e-34	122
PfKH02_080014500|NTS|1|1|59	PH0932-C.g451	100.000	59	0	0	1	59	1	59	5.39e-34	122
PfKH02_080014500|NTS|1|1|59	PD0667-C.g977	100.000	59	0	0	1	59	1	59	5.39e-34	122
PfKH02_080014500|DBLa|1|65|470	PV0083-C.g62	100.000	406	0	0	1	406	65	470	0.0	848
PfKH02_080014500|DBLa|1|65|470	PV0083-C.g62	30.108	186	115	7	224	406	1141	1314	4.22e-13	73.9
PfKH02_080014500|DBLa|1|65|470	PV0239-C.g99	100.000	406	0	0	1	406	65	470	0.0	847
PfKH02_080014500|DBLa|1|65|470	PV0211-C.g116	100.000	406	0	0	1	406	65	470	0.0	847
PfKH02_080014500|DBLa|1|65|470	PV0128-C.g78	100.000	406	0	0	1	406	65	470	0.0	847
PfKH02_080014500|DBLa|1|65|470	PV0128-C.g78	30.108	186	115	7	224	406	1141	1314	3.49e-13	73.9
PfKH02_080014500|DBLa|1|65|470	PH0932-C.g451	100.000	406	0	0	1	406	65	470	0.0	847
PfKH02_080014500|CIDRa|1|471|728	PH0059-C.g441	100.000	258	0	0	1	258	471	728	0.0	532
PfKH02_080014500|CIDRa|1|471|728	PV0081-C.g94	100.000	258	0	0	1	258	166	423	3.50e-179	531
PfKH02_080014500|CIDRa|1|471|728	PH0117-C.g18	100.000	258	0	0	1	258	342	599	8.65e-178	531
PfKH02_080014500|CIDRa|1|471|728	PV0230-C.g67	98.438	256	4	0	1	256	249	504	1.34e-177	518
PfKH02_080014500|CIDRa|1|471|728	PV0128-C.g78	100.000	258	0	0	1	258	471	728	6.06e-177	531
PfKH02_080014500|DBLd|1|808|1314	PD0544-C.g40	100.000	507	0	0	1	507	173	679	0.0	1049
PfKH02_080014500|DBLd|1|808|1314	PD0667-C.g977	100.000	507	0	0	1	507	808	1314	0.0	1047
PfKH02_080014500|DBLd|1|808|1314	PD0667-C.g977	30.108	186	115	7	334	507	288	470	1.98e-13	75.9
PfKH02_080014500|DBLd|1|808|1314	PV0083-C.g62	100.000	507	0	0	1	507	808	1314	0.0	1047
PfKH02_080014500|DBLd|1|808|1314	PV0083-C.g62	30.108	186	115	7	334	507	288	470	1.00e-13	76.6
PfKH02_080014500|DBLd|1|808|1314	QE0470-C.g845	100.000	507	0	0	1	507	808	1314	0.0	1046
PfKH02_080014500|DBLd|1|808|1314	QE0470-C.g845	30.108	186	115	7	334	507	288	470	1.55e-13	76.3
PfKH02_080014500|DBLd|1|808|1314	PV0288-C.g55	100.000	507	0	0	1	507	808	1314	0.0	1046
PfKH02_080014500|DBLd|1|808|1314	PV0288-C.g55	30.108	186	115	7	334	507	288	470	1.55e-13	76.3
PfKH02_080014500|CIDRb|1|1315|1578	PD0544-C.g40	100.000	264	0	0	1	264	680	943	0.0	544
PfKH02_080014500|CIDRb|1|1315|1578	PV0081-C.g94	100.000	264	0	0	1	264	1010	1273	0.0	540
PfKH02_080014500|CIDRb|1|1315|1578	PH0117-C.g18	100.000	264	0	0	1	264	1186	1449	1.05e-180	540
PfKH02_080014500|CIDRb|1|1315|1578	PD0541-C.g771	100.000	264	0	0	1	264	1305	1568	7.95e-180	540
PfKH02_080014500|CIDRb|1|1315|1578	PD0461-C.g745	100.000	264	0	0	1	264	1305	1568	7.95e-180	540
PfKH02_080014500|ATS|1|1700|2141	PD0561-C.g263	79.614	466	61	9	1	442	2424	2879	0.0	724
PfKH02_080014500|ATS|1|1700|2141	PFKE09.g563	78.587	453	75	8	1	442	775	1216	0.0	679
PfKH02_080014500|ATS|1|1700|2141	PV0028-C.g43	78.842	449	76	10	1	442	1843	2279	0.0	669
PfKH02_080014500|ATS|1|1700|2141	PV0239-C.g98	73.404	470	84	8	2	442	1285	1742	0.0	659
PfKH02_080014500|ATS|1|1700|2141	PFKE11.g671	68.627	510	78	10	1	442	2046	2541	0.0	655
PfKH02_080014700|NTS|1|1|70	PH0585-C.g321	100.000	70	0	0	1	70	1	70	2.14e-42	147
PfKH02_080014700|NTS|1|1|70	PH0117-C.g12	100.000	70	0	0	1	70	1	70	2.14e-42	147
PfKH02_080014700|NTS|1|1|70	PD0546-C.g394	100.000	70	0	0	1	70	1	70	2.14e-42	147
PfKH02_080014700|NTS|1|1|70	PD0526-C.g463	100.000	70	0	0	1	70	1	70	2.14e-42	147
PfKH02_080014700|NTS|1|1|70	PD0514-C.g193	100.000	70	0	0	1	70	1	70	2.14e-42	147
PfKH02_080014700|DBLa|1|71|508	QE0470-C.g284	100.000	438	0	0	1	438	71	508	0.0	917
PfKH02_080014700|DBLa|1|71|508	QE0470-C.g284	26.608	342	199	10	121	438	1044	1357	6.69e-19	92.4
PfKH02_080014700|DBLa|1|71|508	PV0288-C.g23	100.000	438	0	0	1	438	71	508	0.0	917
PfKH02_080014700|DBLa|1|71|508	PV0288-C.g23	26.608	342	199	10	121	438	1044	1357	6.69e-19	92.4
PfKH02_080014700|DBLa|1|71|508	PV0195-C.g45	100.000	438	0	0	1	438	71	508	0.0	917
PfKH02_080014700|DBLa|1|71|508	PV0195-C.g45	26.608	342	199	10	121	438	1044	1357	6.69e-19	92.4
PfKH02_080014700|DBLa|1|71|508	PV0081-C.g51	100.000	438	0	0	1	438	71	508	0.0	917
PfKH02_080014700|DBLa|1|71|508	PV0081-C.g51	26.765	340	197	10	123	438	1046	1357	3.92e-19	92.8
PfKH02_080014700|DBLa|1|71|508	PH0471-C.g290	100.000	438	0	0	1	438	71	508	0.0	917
PfKH02_080014700|DBLa|1|71|508	PH0471-C.g290	26.608	342	199	10	121	438	1044	1357	6.69e-19	92.4
PfKH02_080014700|CIDRa|1|509|800	PD0487-C.g530	100.000	292	0	0	1	292	509	800	0.0	611
PfKH02_080014700|CIDRa|1|509|800	QE0470-C.g284	100.000	292	0	0	1	292	509	800	0.0	611
PfKH02_080014700|CIDRa|1|509|800	PV0288-C.g23	100.000	292	0	0	1	292	509	800	0.0	611
PfKH02_080014700|CIDRa|1|509|800	PV0195-C.g45	100.000	292	0	0	1	292	509	800	0.0	611
PfKH02_080014700|CIDRa|1|509|800	PV0083-C.g63	100.000	292	0	0	1	292	323	614	0.0	611
PfKH02_080014700|DBLd|1|870|1357	PH0604-C.g878	100.000	488	0	0	1	488	57	544	0.0	1020
PfKH02_080014700|DBLd|1|870|1357	PD0487-C.g530	100.000	488	0	0	1	488	870	1357	0.0	1015
PfKH02_080014700|DBLd|1|870|1357	PD0487-C.g530	26.765	340	197	10	177	488	193	508	9.75e-20	95.5
PfKH02_080014700|DBLd|1|870|1357	PH0329-C.g318	100.000	488	0	0	1	488	870	1357	0.0	1015
PfKH02_080014700|DBLd|1|870|1357	PH0329-C.g318	26.765	340	197	10	177	488	193	508	1.28e-19	95.1
PfKH02_080014700|DBLd|1|870|1357	QE0470-C.g284	100.000	488	0	0	1	488	870	1357	0.0	1014
PfKH02_080014700|DBLd|1|870|1357	QE0470-C.g284	26.765	340	197	10	177	488	193	508	1.25e-19	95.1
PfKH02_080014700|DBLd|1|870|1357	PV0288-C.g23	100.000	488	0	0	1	488	870	1357	0.0	1014
PfKH02_080014700|DBLd|1|870|1357	PV0288-C.g23	26.765	340	197	10	177	488	193	508	1.25e-19	95.1
PfKH02_080014700|CIDRg|1|1358|1626	PH0589-C.g588	100.000	269	0	0	1	269	720	988	0.0	556
PfKH02_080014700|CIDRg|1|1358|1626	PH0604-C.g878	100.000	269	0	0	1	269	545	813	0.0	554
PfKH02_080014700|CIDRg|1|1358|1626	PH0059-C.g487	100.000	269	0	0	1	269	307	575	0.0	553
PfKH02_080014700|CIDRg|1|1358|1626	PT0014-CW.g4	99.628	269	1	0	1	269	500	768	0.0	552
PfKH02_080014700|CIDRg|1|1358|1626	QE0470-C.g284	100.000	269	0	0	1	269	1358	1626	0.0	551
PfKH02_080014700|ATS|1|1741|2196	QE0470-C.g284	100.000	456	0	0	1	456	1741	2196	0.0	939
PfKH02_080014700|ATS|1|1741|2196	PV0288-C.g23	100.000	456	0	0	1	456	1741	2196	0.0	939
PfKH02_080014700|ATS|1|1741|2196	PV0195-C.g45	100.000	456	0	0	1	456	1741	2196	0.0	939
PfKH02_080014700|ATS|1|1741|2196	PH0471-C.g290	100.000	456	0	0	1	456	1741	2196	0.0	939
PfKH02_080014700|ATS|1|1741|2196	PH0329-C.g318	100.000	456	0	0	1	456	1741	2196	0.0	939
PfKH02_080038400|NTS|1|1|63	PH0560-C.g549	100.000	63	0	0	1	63	1	63	1.47e-36	130
PfKH02_080038400|NTS|1|1|63	PH0055-C.g78	100.000	63	0	0	1	63	1	63	2.33e-36	129
PfKH02_080038400|NTS|1|1|63	PH0695-C.g761	100.000	63	0	0	1	63	1	63	2.48e-36	129
PfKH02_080038400|NTS|1|1|63	PH0991-C.g465	100.000	63	0	0	1	63	1	63	2.48e-36	129
PfKH02_080038400|NTS|1|1|63	PH0286-CW.g612	100.000	63	0	0	1	63	1	63	2.84e-36	129
PfKH02_080038400|DBLa|1|64|491	PH0560-C.g549	100.000	428	0	0	1	428	64	491	0.0	901
PfKH02_080038400|DBLa|1|64|491	PH0560-C.g549	20.139	288	168	7	91	326	1044	1321	5.27e-08	57.8
PfKH02_080038400|DBLa|1|64|491	PH0251-C.g31	100.000	428	0	0	1	428	64	491	0.0	898
PfKH02_080038400|DBLa|1|64|491	PH0055-C.g78	100.000	428	0	0	1	428	64	491	0.0	898
PfKH02_080038400|DBLa|1|64|491	PH0991-C.g465	100.000	428	0	0	1	428	64	491	0.0	897
PfKH02_080038400|DBLa|1|64|491	PH0991-C.g465	31.980	197	101	7	233	428	1199	1363	1.88e-14	78.2
PfKH02_080038400|DBLa|1|64|491	PH0225-C.g109	100.000	428	0	0	1	428	64	491	0.0	897
PfKH02_080038400|CIDRa|1|492|802	PH0560-C.g549	100.000	311	0	0	1	311	492	802	0.0	635
PfKH02_080038400|CIDRa|1|492|802	PD0548-C.g779	100.000	311	0	0	1	311	492	802	0.0	634
PfKH02_080038400|CIDRa|1|492|802	PH0225-C.g109	100.000	311	0	0	1	311	492	802	0.0	634
PfKH02_080038400|CIDRa|1|492|802	PD0545-C.g788	100.000	311	0	0	1	311	492	802	0.0	633
PfKH02_080038400|CIDRa|1|492|802	PD0545-C.g788	33.333	96	51	2	156	240	1491	1584	1.48e-07	55.5
PfKH02_080038400|CIDRa|1|492|802	PD0513-C.g573	100.000	311	0	0	1	311	492	802	0.0	633
PfKH02_080038400|CIDRa|1|492|802	PD0513-C.g573	33.333	96	51	2	156	240	1491	1584	1.48e-07	55.5
PfKH02_080038400|DBLd|1|874|1356	PH0915-C.g14	100.000	483	0	0	1	483	286	768	0.0	1003
PfKH02_080038400|DBLd|1|874|1356	PH0286-CW.g612	100.000	483	0	0	1	483	874	1356	0.0	1002
PfKH02_080038400|DBLd|1|874|1356	PH0286-CW.g612	30.102	196	99	5	326	483	296	491	4.63e-15	80.9
PfKH02_080038400|DBLd|1|874|1356	PH0999-C.g677	100.000	483	0	0	1	483	874	1356	0.0	1002
PfKH02_080038400|DBLd|1|874|1356	PH0999-C.g677	30.102	196	99	5	326	483	296	491	4.72e-15	80.9
PfKH02_080038400|DBLd|1|874|1356	PH0704-C.g739	100.000	483	0	0	1	483	874	1356	0.0	1002
PfKH02_080038400|DBLd|1|874|1356	PH0704-C.g739	30.102	196	99	5	326	483	296	491	4.72e-15	80.9
PfKH02_080038400|DBLd|1|874|1356	PH0578-C.g499	100.000	483	0	0	1	483	874	1356	0.0	1002
PfKH02_080038400|DBLd|1|874|1356	PH0578-C.g499	30.102	196	99	5	326	483	296	491	4.72e-15	80.9
PfKH02_080038400|CIDRb|1|1357|1610	PH0915-C.g14	100.000	254	0	0	1	254	769	1022	8.89e-179	524
PfKH02_080038400|CIDRb|1|1357|1610	PH0286-CW.g612	100.000	254	0	0	1	254	1357	1610	1.09e-173	523
PfKH02_080038400|CIDRb|1|1357|1610	PH0999-C.g677	100.000	254	0	0	1	254	1357	1610	1.84e-173	523
PfKH02_080038400|CIDRb|1|1357|1610	PH0704-C.g739	100.000	254	0	0	1	254	1357	1610	1.84e-173	523
PfKH02_080038400|CIDRb|1|1357|1610	PH0578-C.g499	100.000	254	0	0	1	254	1357	1610	1.84e-173	523
PfKH02_080038400|ATS|1|1733|2197	QE0444-C.g638	73.622	508	72	9	1	465	1311	1799	0.0	686
PfKH02_080038400|ATS|1|1733|2197	QE0436-C.g670	71.887	530	62	9	2	465	1708	2216	0.0	671
PfKH02_080038400|ATS|1|1733|2197	PH0121-CW.g102	76.068	468	70	9	1	465	802	1230	0.0	655
PfKH02_080038400|ATS|1|1733|2197	PV0134-C.g25	74.153	472	85	10	2	465	2381	2823	0.0	651
PfKH02_080038400|ATS|1|1733|2197	PA0245-C.g998	70.961	489	87	8	1	465	1706	2163	0.0	645
PfKH02_090005100|NTS|1|1|71	QE0454-C.g738	100.000	71	0	0	1	71	1	71	6.34e-43	149
PfKH02_090005100|NTS|1|1|71	PH0729-C.g506	100.000	71	0	0	1	71	1	71	6.34e-43	149
PfKH02_090005100|NTS|1|1|71	PH0872-C.g832	100.000	71	0	0	1	71	1	71	6.34e-43	149
PfKH02_090005100|NTS|1|1|71	PD0500-C.g95	100.000	71	0	0	1	71	1	71	6.59e-43	149
PfKH02_090005100|NTS|1|1|71	PH0349-C.g288	100.000	71	0	0	1	71	1	71	7.92e-43	149
PfKH02_090005100|DBLa|1|72|501	QE0454-C.g738	100.000	430	0	0	1	430	72	501	0.0	905
PfKH02_090005100|DBLa|1|72|501	QE0454-C.g738	29.412	425	224	16	1	410	855	1218	2.95e-34	138
PfKH02_090005100|DBLa|1|72|501	QE0454-C.g738	31.889	323	181	11	112	430	1836	2123	3.43e-34	138
PfKH02_090005100|DBLa|1|72|501	QE0454-C.g738	31.514	403	220	12	19	420	2502	2849	4.84e-33	134
PfKH02_090005100|DBLa|1|72|501	QE0454-C.g738	27.600	250	120	11	21	270	2895	3083	1.45e-11	69.3
PfKH02_090005100|DBLa|1|72|501	PH0872-C.g832	100.000	430	0	0	1	430	72	501	0.0	905
PfKH02_090005100|DBLa|1|72|501	PH0872-C.g832	29.412	425	224	16	1	410	855	1218	2.71e-34	138
PfKH02_090005100|DBLa|1|72|501	PH0872-C.g832	31.889	323	181	11	112	430	1836	2123	3.27e-34	138
PfKH02_090005100|DBLa|1|72|501	PH0872-C.g832	31.514	403	220	12	19	420	2502	2849	4.29e-33	135
PfKH02_090005100|DBLa|1|72|501	PH0872-C.g832	27.600	250	120	11	21	270	2895	3083	1.45e-11	69.3
PfKH02_090005100|DBLa|1|72|501	PH0729-C.g506	100.000	430	0	0	1	430	72	501	0.0	905
PfKH02_090005100|DBLa|1|72|501	PH0729-C.g506	29.412	425	224	16	1	410	855	1218	2.95e-34	138
PfKH02_090005100|DBLa|1|72|501	PH0729-C.g506	31.889	323	181	11	112	430	1836	2123	3.43e-34	138
PfKH02_090005100|DBLa|1|72|501	PH0729-C.g506	31.514	403	220	12	19	420	2502	2849	4.84e-33	134
PfKH02_090005100|DBLa|1|72|501	PH0729-C.g506	27.600	250	120	11	21	270	2895	3083	1.45e-11	69.3
PfKH02_090005100|DBLa|1|72|501	PD0507-C.g28	100.000	430	0	0	1	430	72	501	0.0	905
PfKH02_090005100|DBLa|1|72|501	PD0507-C.g28	28.959	442	238	16	1	427	855	1235	1.52e-34	139
PfKH02_090005100|DBLa|1|72|501	PD0500-C.g95	100.000	430	0	0	1	430	72	501	0.0	905
PfKH02_090005100|DBLa|1|72|501	PD0500-C.g95	29.412	425	224	16	1	410	855	1218	2.54e-34	138
PfKH02_090005100|DBLa|1|72|501	PD0500-C.g95	31.889	323	181	11	112	430	1836	2123	3.24e-34	138
PfKH02_090005100|DBLa|1|72|501	PD0500-C.g95	31.514	403	220	12	19	420	2502	2849	4.29e-33	135
PfKH02_090005100|DBLa|1|72|501	PD0500-C.g95	27.600	250	120	11	21	270	2895	3083	1.49e-11	69.3
PfKH02_090005100|CIDRa|1|502|779	QE0454-C.g738	100.000	278	0	0	1	278	502	779	0.0	577
PfKH02_090005100|CIDRa|1|502|779	QE0454-C.g738	24.667	150	85	4	83	229	2194	2318	5.32e-08	56.2
PfKH02_090005100|CIDRa|1|502|779	PH0872-C.g832	100.000	278	0	0	1	278	502	779	0.0	577
PfKH02_090005100|CIDRa|1|502|779	PH0872-C.g832	24.667	150	85	4	83	229	2194	2318	5.94e-08	56.2
PfKH02_090005100|CIDRa|1|502|779	PH0729-C.g506	100.000	278	0	0	1	278	502	779	0.0	577
PfKH02_090005100|CIDRa|1|502|779	PH0729-C.g506	24.667	150	85	4	83	229	2194	2318	5.32e-08	56.2
PfKH02_090005100|CIDRa|1|502|779	PD0500-C.g95	100.000	278	0	0	1	278	502	779	0.0	577
PfKH02_090005100|CIDRa|1|502|779	PD0500-C.g95	24.667	150	85	4	83	229	2194	2318	5.88e-08	56.2
PfKH02_090005100|CIDRa|1|502|779	PT0035-C.g571	100.000	278	0	0	1	278	498	775	0.0	576
PfKH02_090005100|DBLb|1|794|1267	PH0872-C.g832	100.000	474	0	0	1	474	794	1267	0.0	1002
PfKH02_090005100|DBLb|1|794|1267	PH0872-C.g832	35.644	303	155	8	112	393	2534	2817	1.04e-40	158
PfKH02_090005100|DBLb|1|794|1267	PH0872-C.g832	27.586	493	278	18	12	442	23	498	2.78e-31	130
PfKH02_090005100|DBLb|1|794|1267	PH0872-C.g832	28.897	263	138	10	111	366	2923	3143	1.18e-14	79.3
PfKH02_090005100|DBLb|1|794|1267	PH0872-C.g832	23.607	305	149	12	103	358	1315	1584	3.76e-11	68.2
PfKH02_090005100|DBLb|1|794|1267	PD0500-C.g95	100.000	474	0	0	1	474	794	1267	0.0	1002
PfKH02_090005100|DBLb|1|794|1267	PD0500-C.g95	35.644	303	155	8	112	393	2534	2817	1.06e-40	158
PfKH02_090005100|DBLb|1|794|1267	PD0500-C.g95	27.586	493	278	18	12	442	23	498	2.76e-31	130
PfKH02_090005100|DBLb|1|794|1267	PD0500-C.g95	28.897	263	138	10	111	366	2923	3143	1.21e-14	79.3
PfKH02_090005100|DBLb|1|794|1267	PD0500-C.g95	23.607	305	149	12	103	358	1315	1584	3.83e-11	68.2
PfKH02_090005100|DBLb|1|794|1267	QE0454-C.g738	100.000	474	0	0	1	474	794	1267	0.0	1001
PfKH02_090005100|DBLb|1|794|1267	QE0454-C.g738	35.644	303	155	8	112	393	2534	2817	1.05e-40	158
PfKH02_090005100|DBLb|1|794|1267	QE0454-C.g738	27.586	493	278	18	12	442	23	498	3.13e-31	130
PfKH02_090005100|DBLb|1|794|1267	QE0454-C.g738	28.897	263	138	10	111	366	2923	3143	1.19e-14	79.3
PfKH02_090005100|DBLb|1|794|1267	QE0454-C.g738	23.607	305	149	12	103	358	1315	1584	4.32e-11	68.2
PfKH02_090005100|DBLb|1|794|1267	PH0729-C.g506	100.000	474	0	0	1	474	794	1267	0.0	1001
PfKH02_090005100|DBLb|1|794|1267	PH0729-C.g506	35.644	303	155	8	112	393	2534	2817	1.05e-40	158
PfKH02_090005100|DBLb|1|794|1267	PH0729-C.g506	27.586	493	278	18	12	442	23	498	3.13e-31	130
PfKH02_090005100|DBLb|1|794|1267	PH0729-C.g506	28.897	263	138	10	111	366	2923	3143	1.19e-14	79.3
PfKH02_090005100|DBLb|1|794|1267	PH0729-C.g506	23.607	305	149	12	103	358	1315	1584	4.32e-11	68.2
PfKH02_090005100|DBLb|1|794|1267	PD0507-C.g28	100.000	474	0	0	1	474	794	1267	0.0	997
PfKH02_090005100|DBLb|1|794|1267	PD0507-C.g28	27.586	493	278	18	12	442	23	498	2.36e-31	130
PfKH02_090005100|DBLg|1|1285|1665	PD0507-C.g43	100.000	381	0	0	1	381	148	528	0.0	800
PfKH02_090005100|DBLg|1|1285|1665	PD0507-C.g43	28.729	362	162	10	40	313	612	965	1.47e-37	146
PfKH02_090005100|DBLg|1|1285|1665	QE0454-C.g738	100.000	381	0	0	1	381	1285	1665	0.0	797
PfKH02_090005100|DBLg|1|1285|1665	QE0454-C.g738	33.013	312	146	10	40	298	1749	2050	1.28e-40	155
PfKH02_090005100|DBLg|1|1285|1665	QE0454-C.g738	23.607	305	149	12	31	300	896	1151	5.13e-11	67.0
PfKH02_090005100|DBLg|1|1285|1665	QE0454-C.g738	24.324	259	147	8	28	266	2518	2747	3.37e-10	64.3
PfKH02_090005100|DBLg|1|1285|1665	QE0454-C.g738	23.427	286	156	9	41	317	2921	3152	1.77e-08	58.9
PfKH02_090005100|DBLg|1|1285|1665	PH0729-C.g506	100.000	381	0	0	1	381	1285	1665	0.0	797
PfKH02_090005100|DBLg|1|1285|1665	PH0729-C.g506	33.013	312	146	10	40	298	1749	2050	1.28e-40	155
PfKH02_090005100|DBLg|1|1285|1665	PH0729-C.g506	23.607	305	149	12	31	300	896	1151	5.13e-11	67.0
PfKH02_090005100|DBLg|1|1285|1665	PH0729-C.g506	24.324	259	147	8	28	266	2518	2747	3.37e-10	64.3
PfKH02_090005100|DBLg|1|1285|1665	PH0729-C.g506	23.427	286	156	9	41	317	2921	3152	1.77e-08	58.9
PfKH02_090005100|DBLg|1|1285|1665	PH0872-C.g832	100.000	381	0	0	1	381	1285	1665	0.0	796
PfKH02_090005100|DBLg|1|1285|1665	PH0872-C.g832	33.013	312	146	10	40	298	1749	2050	1.30e-40	155
PfKH02_090005100|DBLg|1|1285|1665	PH0872-C.g832	23.607	305	149	12	31	300	896	1151	5.97e-11	67.0
PfKH02_090005100|DBLg|1|1285|1665	PH0872-C.g832	24.324	259	147	8	28	266	2518	2747	3.89e-10	64.3
PfKH02_090005100|DBLg|1|1285|1665	PH0872-C.g832	23.427	286	156	9	41	317	2921	3152	1.86e-08	58.9
PfKH02_090005100|DBLg|1|1285|1665	PD0500-C.g95	100.000	381	0	0	1	381	1285	1665	0.0	796
PfKH02_090005100|DBLg|1|1285|1665	PD0500-C.g95	33.013	312	146	10	40	298	1749	2050	1.26e-40	155
PfKH02_090005100|DBLg|1|1285|1665	PD0500-C.g95	23.607	305	149	12	31	300	896	1151	5.76e-11	67.0
PfKH02_090005100|DBLg|1|1285|1665	PD0500-C.g95	24.324	259	147	8	28	266	2518	2747	3.85e-10	64.3
PfKH02_090005100|DBLg|1|1285|1665	PD0500-C.g95	23.427	286	156	9	41	317	2921	3152	1.81e-08	58.9
PfKH02_090005100|DBLd|1|1672|2120	QE0454-C.g738	72.570	463	102	5	1	449	1672	2123	0.0	573
PfKH02_090005100|DBLd|1|1672|2120	QE0454-C.g738	32.312	359	164	12	78	421	1324	1618	1.13e-44	169
PfKH02_090005100|DBLd|1|1672|2120	QE0454-C.g738	24.775	222	145	7	165	368	183	400	3.89e-11	68.2
PfKH02_090005100|DBLd|1|1672|2120	QE0454-C.g738	23.554	242	118	8	160	381	956	1150	6.51e-10	64.3
PfKH02_090005100|DBLd|1|1672|2120	PH0872-C.g832	72.786	463	101	5	1	449	1672	2123	0.0	573
PfKH02_090005100|DBLd|1|1672|2120	PH0872-C.g832	32.312	359	164	12	78	421	1324	1618	1.25e-44	169
PfKH02_090005100|DBLd|1|1672|2120	PH0872-C.g832	24.775	222	145	7	165	368	183	400	4.14e-11	68.2
PfKH02_090005100|DBLd|1|1672|2120	PH0872-C.g832	23.554	242	118	8	160	381	956	1150	7.05e-10	63.9
PfKH02_090005100|DBLd|1|1672|2120	PH0729-C.g506	72.570	463	102	5	1	449	1672	2123	0.0	573
PfKH02_090005100|DBLd|1|1672|2120	PH0729-C.g506	32.312	359	164	12	78	421	1324	1618	1.13e-44	169
PfKH02_090005100|DBLd|1|1672|2120	PH0729-C.g506	24.775	222	145	7	165	368	183	400	3.89e-11	68.2
PfKH02_090005100|DBLd|1|1672|2120	PH0729-C.g506	23.554	242	118	8	160	381	956	1150	6.51e-10	64.3
PfKH02_090005100|DBLd|1|1672|2120	PD0500-C.g95	72.570	463	102	5	1	449	1672	2123	0.0	573
PfKH02_090005100|DBLd|1|1672|2120	PD0500-C.g95	32.312	359	164	12	78	421	1324	1618	1.16e-44	169
PfKH02_090005100|DBLd|1|1672|2120	PD0500-C.g95	24.775	222	145	7	165	368	183	400	4.00e-11	68.2
PfKH02_090005100|DBLd|1|1672|2120	PD0500-C.g95	23.554	242	118	8	160	381	956	1150	6.75e-10	64.3
PfKH02_090005100|DBLd|1|1672|2120	PD0500-C.g224	54.784	533	149	16	1	449	265	789	7.57e-154	483
PfKH02_090005100|CIDRb|1|2121|2377	PV0286-C.g55	99.611	257	1	0	1	257	1327	1583	1.71e-174	525
PfKH02_090005100|CIDRb|1|2121|2377	PV0285-C.g41	99.611	257	1	0	1	257	1327	1583	6.49e-174	527
PfKH02_090005100|CIDRb|1|2121|2377	PD0500-C.g224	100.000	257	0	0	1	257	790	1046	5.94e-173	527
PfKH02_090005100|CIDRb|1|2121|2377	PV0182-C.g18	96.887	257	8	0	1	257	1715	1971	1.24e-165	509
PfKH02_090005100|CIDRb|1|2121|2377	PA0260-C.g247	88.800	250	28	0	1	250	2280	2529	1.28e-136	426
PfKH02_090005100|DBLe|1|2414|2757	PD0500-C.g224	100.000	344	0	0	1	344	1083	1426	0.0	709
PfKH02_090005100|DBLe|1|2414|2757	PD0500-C.g224	31.343	201	101	7	44	244	1478	1641	2.16e-17	85.9
PfKH02_090005100|DBLe|1|2414|2757	PD0500-C.g224	26.715	277	160	8	43	316	1807	2043	6.86e-13	72.4
PfKH02_090005100|DBLe|1|2414|2757	PD0500-C.g224	24.586	362	167	13	34	289	360	721	1.67e-09	62.0
PfKH02_090005100|DBLe|1|2414|2757	PA0075-C.g545	99.128	344	3	0	1	344	697	1040	0.0	699
PfKH02_090005100|DBLe|1|2414|2757	PA0075-C.g545	28.873	284	161	9	43	324	1419	1663	3.60e-20	94.4
PfKH02_090005100|DBLe|1|2414|2757	PA0075-C.g545	30.846	201	101	7	44	244	1091	1253	3.25e-16	82.4
PfKH02_090005100|DBLe|1|2414|2757	PA0022-C.g405	99.128	344	3	0	1	344	2340	2683	0.0	699
PfKH02_090005100|DBLe|1|2414|2757	PA0022-C.g405	28.873	284	161	9	43	324	3062	3306	5.90e-20	93.6
PfKH02_090005100|DBLe|1|2414|2757	PA0022-C.g405	30.846	201	101	7	44	244	2734	2896	1.08e-16	84.0
PfKH02_090005100|DBLe|1|2414|2757	PA0022-C.g405	23.549	293	179	9	48	312	1261	1536	1.33e-10	65.5
PfKH02_090005100|DBLe|1|2414|2757	PA0022-C.g405	23.704	270	167	8	42	292	852	1101	1.06e-09	62.4
PfKH02_090005100|DBLe|1|2414|2757	PT0184-C.g4505	99.128	344	3	0	1	344	1651	1994	0.0	699
PfKH02_090005100|DBLe|1|2414|2757	PT0184-C.g4505	28.873	284	161	9	43	324	2373	2617	5.27e-20	94.0
PfKH02_090005100|DBLe|1|2414|2757	PT0184-C.g4505	30.693	202	102	7	43	244	2044	2207	1.23e-16	83.6
PfKH02_090005100|DBLe|1|2414|2757	PC0012_01.g10	99.128	344	3	0	1	344	423	766	0.0	697
PfKH02_090005100|DBLe|1|2414|2757	PC0012_01.g10	28.873	284	161	9	43	324	1145	1389	3.45e-20	94.4
PfKH02_090005100|DBLe|1|2414|2757	PC0012_01.g10	30.846	201	101	7	44	244	817	979	3.07e-16	82.4
PfKH02_090005100|DBLe|2|2769|3054	PD0500-C.g224	100.000	286	0	0	1	286	1438	1723	0.0	599
PfKH02_090005100|DBLe|2|2769|3054	PD0500-C.g224	38.498	213	110	8	14	213	1773	1977	1.66e-30	123
PfKH02_090005100|DBLe|2|2769|3054	PD0500-C.g224	31.343	201	101	7	41	204	1126	1326	1.01e-16	82.8
PfKH02_090005100|DBLe|2|2769|3054	PD0590-C.g868	87.413	286	36	0	1	286	792	1077	6.90e-165	497
PfKH02_090005100|DBLe|2|2769|3054	PD0590-C.g868	39.013	223	110	9	4	214	1123	1331	1.32e-33	132
PfKH02_090005100|DBLe|2|2769|3054	PD0590-C.g868	28.522	291	159	10	37	286	471	753	5.53e-23	100
PfKH02_090005100|DBLe|2|2769|3054	PM0051-C.g1503	84.615	286	42	1	1	286	333	616	9.03e-164	482
PfKH02_090005100|DBLe|2|2769|3054	PM0051-C.g1503	35.656	244	138	9	43	281	703	932	1.04e-32	129
PfKH02_090005100|DBLe|2|2769|3054	PM0051-C.g1503	34.826	201	90	10	41	204	25	221	1.08e-17	85.5
PfKH02_090005100|DBLe|2|2769|3054	PV0204-C.g11	87.413	286	34	1	1	286	1275	1558	4.49e-163	499
PfKH02_090005100|DBLe|2|2769|3054	PV0204-C.g11	37.668	223	114	9	4	214	1604	1813	9.32e-30	120
PfKH02_090005100|DBLe|2|2769|3054	PV0204-C.g11	28.772	285	153	12	41	286	964	1237	3.79e-21	95.5
PfKH02_090005100|DBLe|2|2769|3054	PV0204-C.g11	25.595	168	105	5	137	286	6	171	2.12e-10	63.5
PfKH02_090005100|DBLe|2|2769|3054	PA0185-C.g934	82.168	286	48	1	1	286	1082	1364	5.10e-163	494
PfKH02_090005100|DBLe|2|2769|3054	PA0185-C.g934	45.098	153	77	5	43	193	1451	1598	2.49e-29	119
PfKH02_090005100|DBLe|2|2769|3054	PA0185-C.g934	26.429	280	166	7	42	286	769	1043	2.80e-19	90.1
PfKH02_090005100|DBLe|3|3097|3399	PD0500-C.g224	100.000	303	0	0	1	303	1766	2068	0.0	631
PfKH02_090005100|DBLe|3|3097|3399	PD0500-C.g224	38.115	244	132	10	45	274	1480	1718	1.17e-31	127
PfKH02_090005100|DBLe|3|3097|3399	PD0500-C.g224	26.367	311	173	11	41	303	1124	1426	8.04e-13	71.2
PfKH02_090005100|DBLe|3|3097|3399	PF0365-C.g897	99.340	303	2	0	1	303	2325	2627	0.0	626
PfKH02_090005100|DBLe|3|3097|3399	PF0365-C.g897	31.731	312	148	15	43	303	1629	1926	1.78e-27	114
PfKH02_090005100|DBLe|3|3097|3399	PF0365-C.g897	29.032	279	156	11	16	256	1981	2255	1.12e-24	106
PfKH02_090005100|DBLe|3|3097|3399	PF0365-C.g897	27.723	303	147	14	35	268	104	403	1.20e-18	89.0
PfKH02_090005100|DBLe|3|3097|3399	PA0044-C.g427	99.670	303	1	0	1	303	1930	2232	0.0	625
PfKH02_090005100|DBLe|3|3097|3399	PA0044-C.g427	30.314	287	153	11	30	274	1601	1882	3.77e-27	114
PfKH02_090005100|DBLe|3|3097|3399	PA0044-C.g427	26.480	321	164	13	35	293	102	412	2.15e-19	90.9
PfKH02_090005100|DBLe|3|3097|3399	PA0044-C.g427	26.022	269	151	10	45	270	836	1099	4.02e-19	90.1
PfKH02_090005100|DBLe|3|3097|3399	PA0044-C.g427	29.545	308	159	15	44	303	1234	1531	1.66e-18	88.2
PfKH02_090005100|DBLe|3|3097|3399	PT0137-C.g563	99.340	303	2	0	1	303	1953	2255	0.0	623
PfKH02_090005100|DBLe|3|3097|3399	PT0137-C.g563	30.063	316	156	15	42	303	1250	1554	8.66e-25	107
PfKH02_090005100|DBLe|3|3097|3399	PT0137-C.g563	28.674	279	157	11	16	256	1609	1883	1.02e-23	103
PfKH02_090005100|DBLe|3|3097|3399	PT0137-C.g563	30.078	256	127	10	43	254	823	1070	1.36e-20	94.7
PfKH02_090005100|DBLe|3|3097|3399	PT0137-C.g563	27.698	278	144	10	38	258	101	378	1.12e-18	89.0
PfKH02_090005100|DBLe|3|3097|3399	PT0264-C.g278	98.680	303	4	0	1	303	1962	2264	0.0	617
PfKH02_090005100|DBLe|3|3097|3399	PT0264-C.g278	29.496	278	156	10	16	256	1618	1892	3.24e-25	108
PfKH02_090005100|DBLe|3|3097|3399	PT0264-C.g278	28.981	314	162	15	40	303	1261	1563	3.63e-20	93.2
PfKH02_090005100|DBLe|3|3097|3399	PT0264-C.g278	27.148	291	135	11	42	258	122	409	4.53e-17	84.0
PfKH02_090005100|DBLe|3|3097|3399	PT0264-C.g278	27.700	213	110	8	39	207	848	1060	1.30e-16	82.8
PfKH02_090005100|ATS|1|3439|3875	PFKE07.g667	81.556	450	68	6	2	437	2366	2814	0.0	733
PfKH02_090005100|ATS|1|3439|3875	PV0129-C.g36	80.440	455	67	7	1	437	1739	2189	0.0	717
PfKH02_090005100|ATS|1|3439|3875	PV0084-C.g24	76.520	477	66	4	1	433	2454	2928	0.0	716
PfKH02_090005100|ATS|1|3439|3875	PC0122-C.g20	82.393	443	63	8	2	437	2347	2781	0.0	716
PfKH02_090005100|ATS|1|3439|3875	PD0474-C.g567	78.571	462	71	6	1	437	2375	2833	0.0	704
PfKH02_090042700|NTS|1|1|68	PH0500-CW.g2	100.000	68	0	0	1	68	1	68	7.31e-40	140
PfKH02_090042700|NTS|1|1|68	PH0307-C.g42	100.000	68	0	0	1	68	1	68	8.70e-40	140
PfKH02_090042700|NTS|1|1|68	PH0932-C.g28	100.000	68	0	0	1	68	3	70	1.18e-39	139
PfKH02_090042700|NTS|1|1|68	PV0288-C.g40	100.000	68	0	0	1	68	1	68	1.28e-39	139
PfKH02_090042700|NTS|1|1|68	PD0500-C.g210	100.000	68	0	0	1	68	1	68	1.37e-39	139
PfKH02_090042700|DBLa|1|69|463	PD0500-C.g210	100.000	395	0	0	1	395	69	463	0.0	823
PfKH02_090042700|DBLa|1|69|463	PD0500-C.g210	32.203	295	168	8	115	395	1242	1518	6.50e-31	127
PfKH02_090042700|DBLa|1|69|463	PD0500-C.g210	29.179	329	174	11	6	318	1889	2174	5.93e-28	119
PfKH02_090042700|DBLa|1|69|463	PD0500-C.g210	25.000	284	161	11	53	320	796	1043	7.11e-10	63.5
PfKH02_090042700|DBLa|1|69|463	PD0500-C.g210	23.132	281	159	7	54	317	2322	2562	1.83e-09	62.4
PfKH02_090042700|DBLa|1|69|463	PV0229-C.g9	99.747	395	1	0	1	395	69	463	0.0	822
PfKH02_090042700|DBLa|1|69|463	PV0229-C.g9	27.798	277	148	7	56	318	1930	2168	2.66e-24	107
PfKH02_090042700|DBLa|1|69|463	PV0229-C.g9	27.714	433	248	17	1	395	1108	1513	1.03e-20	97.1
PfKH02_090042700|DBLa|1|69|463	PV0229-C.g9	24.567	289	163	9	54	325	2321	2571	3.17e-15	80.5
PfKH02_090042700|DBLa|1|69|463	PV0229-C.g9	24.606	317	186	10	44	360	2692	2955	9.61e-12	69.3
PfKH02_090042700|DBLa|1|69|463	PV0229-C.g9	25.000	284	161	11	53	320	796	1043	6.50e-10	63.9
PfKH02_090042700|DBLa|1|69|463	PH0549-C.g195	99.747	395	1	0	1	395	69	463	0.0	821
PfKH02_090042700|DBLa|1|69|463	PH0549-C.g195	27.798	277	148	7	56	318	1930	2168	2.63e-24	107
PfKH02_090042700|DBLa|1|69|463	PH0549-C.g195	27.714	433	248	17	1	395	1108	1513	1.05e-20	97.1
PfKH02_090042700|DBLa|1|69|463	PH0549-C.g195	24.567	289	163	9	54	325	2321	2571	3.86e-15	80.1
PfKH02_090042700|DBLa|1|69|463	PH0549-C.g195	24.606	317	186	10	44	360	2692	2955	9.21e-12	69.7
PfKH02_090042700|DBLa|1|69|463	PH0549-C.g195	24.845	322	182	13	53	356	796	1075	6.18e-10	63.9
PfKH02_090042700|DBLa|1|69|463	PV0288-C.g40	99.747	395	1	0	1	395	69	463	0.0	821
PfKH02_090042700|DBLa|1|69|463	PV0288-C.g40	27.714	433	248	17	1	395	1108	1513	9.25e-21	97.1
PfKH02_090042700|DBLa|1|69|463	PV0288-C.g40	24.845	322	182	13	53	356	796	1075	4.24e-10	64.3
PfKH02_090042700|DBLa|1|69|463	PH0286-CW.g580	99.747	395	1	0	1	395	69	463	0.0	821
PfKH02_090042700|DBLa|1|69|463	PH0286-CW.g580	27.798	277	148	7	56	318	1930	2168	2.63e-24	107
PfKH02_090042700|DBLa|1|69|463	PH0286-CW.g580	27.714	433	248	17	1	395	1108	1513	1.03e-20	97.1
PfKH02_090042700|DBLa|1|69|463	PH0286-CW.g580	24.567	289	163	9	54	325	2321	2571	3.89e-15	80.1
PfKH02_090042700|DBLa|1|69|463	PH0286-CW.g580	24.606	317	186	10	44	360	2692	2955	9.88e-12	69.3
PfKH02_090042700|DBLa|1|69|463	PH0286-CW.g580	24.845	322	182	13	53	356	796	1075	6.45e-10	63.9
PfKH02_090042700|CIDRa|1|464|715	PV0288-C.g40	100.000	252	0	0	1	252	464	715	1.71e-169	514
PfKH02_090042700|CIDRa|1|464|715	PV0288-C.g40	26.562	128	92	2	35	162	1550	1675	6.31e-08	55.5
PfKH02_090042700|CIDRa|1|464|715	PD0552-C.g319	100.000	252	0	0	1	252	469	720	1.70e-167	514
PfKH02_090042700|CIDRa|1|464|715	PD0552-C.g319	26.562	128	92	2	35	162	1555	1680	6.09e-08	55.5
PfKH02_090042700|CIDRa|1|464|715	PD0524-C.g435	100.000	252	0	0	1	252	324	575	2.00e-167	514
PfKH02_090042700|CIDRa|1|464|715	PD0638-C.g566	100.000	252	0	0	1	252	469	720	2.11e-167	513
PfKH02_090042700|CIDRa|1|464|715	PD0638-C.g566	26.562	128	92	2	35	162	1555	1680	5.82e-08	55.8
PfKH02_090042700|CIDRa|1|464|715	PV0229-C.g9	100.000	252	0	0	1	252	464	715	3.32e-167	514
PfKH02_090042700|CIDRa|1|464|715	PV0229-C.g9	26.562	128	92	2	35	162	1550	1675	5.56e-08	55.8
PfKH02_090042700|DBLg|1|754|1103	PD0500-C.g210	100.000	350	0	0	1	350	754	1103	0.0	719
PfKH02_090042700|DBLg|1|754|1103	PD0500-C.g210	35.045	331	183	11	38	350	2316	2632	9.13e-47	172
PfKH02_090042700|DBLg|1|754|1103	PD0500-C.g210	29.283	321	159	10	45	304	1152	1465	1.18e-34	137
PfKH02_090042700|DBLg|1|754|1103	PD0500-C.g210	27.509	269	159	13	36	288	1926	2174	5.35e-11	66.6
PfKH02_090042700|DBLg|1|754|1103	PD0500-C.g210	24.762	315	176	12	12	290	99	388	1.39e-09	62.0
PfKH02_090042700|DBLg|1|754|1103	PD0519-C.g208	95.429	350	16	0	1	350	759	1108	0.0	686
PfKH02_090042700|DBLg|1|754|1103	PD0519-C.g208	33.235	340	184	8	1	318	2316	2634	1.30e-44	166
PfKH02_090042700|DBLg|1|754|1103	PD0519-C.g208	27.077	325	152	8	45	299	1156	1465	8.44e-27	114
PfKH02_090042700|DBLg|1|754|1103	PD0519-C.g208	26.812	276	159	11	35	288	1923	2177	1.02e-08	59.3
PfKH02_090042700|DBLg|1|754|1103	PD0519-C.g208	24.085	328	188	14	11	290	79	393	1.82e-07	55.5
PfKH02_090042700|DBLg|1|754|1103	PV0288-C.g40	95.429	350	16	0	1	350	754	1103	0.0	686
PfKH02_090042700|DBLg|1|754|1103	PV0288-C.g40	27.077	325	152	8	45	299	1151	1460	7.80e-27	114
PfKH02_090042700|DBLg|1|754|1103	PV0288-C.g40	24.444	315	177	12	12	290	99	388	6.78e-09	60.1
PfKH02_090042700|DBLg|1|754|1103	PV0229-C.g9	95.429	350	16	0	1	350	754	1103	0.0	686
PfKH02_090042700|DBLg|1|754|1103	PV0229-C.g9	36.612	366	192	14	1	350	2276	2617	1.82e-51	186
PfKH02_090042700|DBLg|1|754|1103	PV0229-C.g9	27.077	325	152	8	45	299	1151	1460	1.12e-26	114
PfKH02_090042700|DBLg|1|754|1103	PV0229-C.g9	27.829	327	190	13	1	323	2663	2947	1.05e-19	93.2
PfKH02_090042700|DBLg|1|754|1103	PV0229-C.g9	25.982	331	187	12	35	344	1919	2212	6.53e-14	75.5
PfKH02_090042700|DBLg|1|754|1103	PV0229-C.g9	24.444	315	177	12	12	290	99	388	8.83e-09	59.7
PfKH02_090042700|DBLg|1|754|1103	PH0549-C.g195	95.429	350	16	0	1	350	754	1103	0.0	686
PfKH02_090042700|DBLg|1|754|1103	PH0549-C.g195	36.612	366	192	14	1	350	2276	2617	1.23e-51	186
PfKH02_090042700|DBLg|1|754|1103	PH0549-C.g195	27.077	325	152	8	45	299	1151	1460	7.99e-27	114
PfKH02_090042700|DBLg|1|754|1103	PH0549-C.g195	27.829	327	190	13	1	323	2663	2947	9.95e-20	93.2
PfKH02_090042700|DBLg|1|754|1103	PH0549-C.g195	25.680	331	188	11	35	344	1919	2212	3.66e-14	76.3
PfKH02_090042700|DBLg|1|754|1103	PH0549-C.g195	24.444	315	177	12	12	290	99	388	6.38e-09	60.1
PfKH02_090042700|DBLd|1|1108|1518	PD0569-C.g185	100.000	411	0	0	1	411	1605	2015	0.0	847
PfKH02_090042700|DBLd|1|1108|1518	PD0569-C.g185	36.441	354	160	15	1	342	1238	1538	4.84e-46	172
PfKH02_090042700|DBLd|1|1108|1518	PD0569-C.g185	32.134	389	181	16	1	378	2775	3091	2.15e-43	164
PfKH02_090042700|DBLd|1|1108|1518	PD0569-C.g185	31.399	293	169	7	135	411	189	465	3.37e-33	134
PfKH02_090042700|DBLd|1|1108|1518	PD0569-C.g185	23.127	307	165	11	45	342	872	1116	8.06e-09	60.5
PfKH02_090042700|DBLd|1|1108|1518	PD0549-C.g69	100.000	411	0	0	1	411	1605	2015	0.0	847
PfKH02_090042700|DBLd|1|1108|1518	PD0549-C.g69	36.441	354	160	15	1	342	1238	1538	4.84e-46	172
PfKH02_090042700|DBLd|1|1108|1518	PD0549-C.g69	32.134	389	181	16	1	378	2775	3091	2.15e-43	164
PfKH02_090042700|DBLd|1|1108|1518	PD0549-C.g69	31.399	293	169	7	135	411	189	465	3.37e-33	134
PfKH02_090042700|DBLd|1|1108|1518	PD0549-C.g69	23.127	307	165	11	45	342	872	1116	8.06e-09	60.5
PfKH02_090042700|DBLd|1|1108|1518	PD0546-C.g846	100.000	411	0	0	1	411	1605	2015	0.0	847
PfKH02_090042700|DBLd|1|1108|1518	PD0546-C.g846	36.441	354	160	15	1	342	1238	1538	4.84e-46	172
PfKH02_090042700|DBLd|1|1108|1518	PD0546-C.g846	32.134	389	181	16	1	378	2775	3091	2.15e-43	164
PfKH02_090042700|DBLd|1|1108|1518	PD0546-C.g846	31.399	293	169	7	135	411	189	465	3.37e-33	134
PfKH02_090042700|DBLd|1|1108|1518	PD0546-C.g846	23.127	307	165	11	45	342	872	1116	8.06e-09	60.5
PfKH02_090042700|DBLd|1|1108|1518	PD0539-C.g691	100.000	411	0	0	1	411	1605	2015	0.0	847
PfKH02_090042700|DBLd|1|1108|1518	PD0539-C.g691	36.441	354	160	15	1	342	1238	1538	4.84e-46	172
PfKH02_090042700|DBLd|1|1108|1518	PD0539-C.g691	32.134	389	181	16	1	378	2775	3091	2.15e-43	164
PfKH02_090042700|DBLd|1|1108|1518	PD0539-C.g691	31.399	293	169	7	135	411	189	465	3.37e-33	134
PfKH02_090042700|DBLd|1|1108|1518	PD0539-C.g691	23.127	307	165	11	45	342	872	1116	8.06e-09	60.5
PfKH02_090042700|DBLd|1|1108|1518	PD0527-C.g92	100.000	411	0	0	1	411	1605	2015	0.0	847
PfKH02_090042700|DBLd|1|1108|1518	PD0527-C.g92	36.441	354	160	15	1	342	1238	1538	4.84e-46	172
PfKH02_090042700|DBLd|1|1108|1518	PD0527-C.g92	32.134	389	181	16	1	378	2775	3091	2.15e-43	164
PfKH02_090042700|DBLd|1|1108|1518	PD0527-C.g92	31.399	293	169	7	135	411	189	465	3.37e-33	134
PfKH02_090042700|DBLd|1|1108|1518	PD0527-C.g92	23.127	307	165	11	45	342	872	1116	8.06e-09	60.5
PfKH02_090042700|CIDRb|1|1520|1773	PD0569-C.g185	100.000	254	0	0	1	254	2017	2270	7.73e-169	519
PfKH02_090042700|CIDRb|1|1520|1773	PD0569-C.g185	31.718	227	154	1	29	254	493	719	8.41e-32	125
PfKH02_090042700|CIDRb|1|1520|1773	PD0549-C.g69	100.000	254	0	0	1	254	2017	2270	7.73e-169	519
PfKH02_090042700|CIDRb|1|1520|1773	PD0549-C.g69	31.718	227	154	1	29	254	493	719	8.41e-32	125
PfKH02_090042700|CIDRb|1|1520|1773	PD0546-C.g846	100.000	254	0	0	1	254	2017	2270	7.73e-169	519
PfKH02_090042700|CIDRb|1|1520|1773	PD0546-C.g846	31.718	227	154	1	29	254	493	719	8.41e-32	125
PfKH02_090042700|CIDRb|1|1520|1773	PD0539-C.g691	100.000	254	0	0	1	254	2017	2270	7.73e-169	519
PfKH02_090042700|CIDRb|1|1520|1773	PD0539-C.g691	31.718	227	154	1	29	254	493	719	8.41e-32	125
PfKH02_090042700|CIDRb|1|1520|1773	PD0527-C.g92	100.000	254	0	0	1	254	2017	2270	7.73e-169	519
PfKH02_090042700|CIDRb|1|1520|1773	PD0527-C.g92	31.718	227	154	1	29	254	493	719	8.41e-32	125
PfKH02_090042700|DBLb|1|1809|2264	PD0569-C.g185	100.000	456	0	0	1	456	2306	2761	0.0	951
PfKH02_090042700|DBLb|1|1809|2264	PD0569-C.g185	46.362	481	218	13	1	456	753	1218	9.56e-121	390
PfKH02_090042700|DBLb|1|1809|2264	PD0569-C.g185	27.938	451	248	15	8	409	4	426	1.19e-36	146
PfKH02_090042700|DBLb|1|1809|2264	PD0569-C.g185	26.959	319	189	12	70	368	2768	3062	8.65e-15	79.7
PfKH02_090042700|DBLb|1|1809|2264	PD0569-C.g185	25.152	330	192	12	77	373	1238	1545	1.24e-12	72.8
PfKH02_090042700|DBLb|1|1809|2264	PD0549-C.g69	100.000	456	0	0	1	456	2306	2761	0.0	951
PfKH02_090042700|DBLb|1|1809|2264	PD0549-C.g69	46.362	481	218	13	1	456	753	1218	9.56e-121	390
PfKH02_090042700|DBLb|1|1809|2264	PD0549-C.g69	27.938	451	248	15	8	409	4	426	1.19e-36	146
PfKH02_090042700|DBLb|1|1809|2264	PD0549-C.g69	26.959	319	189	12	70	368	2768	3062	8.65e-15	79.7
PfKH02_090042700|DBLb|1|1809|2264	PD0549-C.g69	25.152	330	192	12	77	373	1238	1545	1.24e-12	72.8
PfKH02_090042700|DBLb|1|1809|2264	PD0546-C.g846	100.000	456	0	0	1	456	2306	2761	0.0	951
PfKH02_090042700|DBLb|1|1809|2264	PD0546-C.g846	46.362	481	218	13	1	456	753	1218	9.56e-121	390
PfKH02_090042700|DBLb|1|1809|2264	PD0546-C.g846	27.938	451	248	15	8	409	4	426	1.19e-36	146
PfKH02_090042700|DBLb|1|1809|2264	PD0546-C.g846	26.959	319	189	12	70	368	2768	3062	8.65e-15	79.7
PfKH02_090042700|DBLb|1|1809|2264	PD0546-C.g846	25.152	330	192	12	77	373	1238	1545	1.24e-12	72.8
PfKH02_090042700|DBLb|1|1809|2264	PD0539-C.g691	100.000	456	0	0	1	456	2306	2761	0.0	951
PfKH02_090042700|DBLb|1|1809|2264	PD0539-C.g691	46.362	481	218	13	1	456	753	1218	9.56e-121	390
PfKH02_090042700|DBLb|1|1809|2264	PD0539-C.g691	27.938	451	248	15	8	409	4	426	1.19e-36	146
PfKH02_090042700|DBLb|1|1809|2264	PD0539-C.g691	26.959	319	189	12	70	368	2768	3062	8.65e-15	79.7
PfKH02_090042700|DBLb|1|1809|2264	PD0539-C.g691	25.152	330	192	12	77	373	1238	1545	1.24e-12	72.8
PfKH02_090042700|DBLb|1|1809|2264	PD0527-C.g92	100.000	456	0	0	1	456	2306	2761	0.0	951
PfKH02_090042700|DBLb|1|1809|2264	PD0527-C.g92	46.362	481	218	13	1	456	753	1218	9.56e-121	390
PfKH02_090042700|DBLb|1|1809|2264	PD0527-C.g92	27.938	451	248	15	8	409	4	426	1.19e-36	146
PfKH02_090042700|DBLb|1|1809|2264	PD0527-C.g92	26.959	319	189	12	70	368	2768	3062	8.65e-15	79.7
PfKH02_090042700|DBLb|1|1809|2264	PD0527-C.g92	25.152	330	192	12	77	373	1238	1545	1.24e-12	72.8
PfKH02_090042700|DBLg|2|2278|2632	PD0569-C.g185	100.000	355	0	0	1	355	2775	3129	0.0	742
PfKH02_090042700|DBLg|2|2278|2632	PD0569-C.g185	42.204	372	189	9	1	355	1238	1600	1.67e-81	273
PfKH02_090042700|DBLg|2|2278|2632	PD0569-C.g185	31.362	389	184	14	1	317	1605	1982	8.65e-43	161
PfKH02_090042700|DBLg|2|2278|2632	PD0569-C.g185	25.984	381	201	15	34	355	860	1218	1.28e-17	87.0
PfKH02_090042700|DBLg|2|2278|2632	PD0569-C.g185	26.804	291	171	10	20	288	2403	2673	2.45e-14	77.0
PfKH02_090042700|DBLg|2|2278|2632	PD0569-C.g185	22.026	227	134	7	43	246	126	332	1.02e-07	56.2
PfKH02_090042700|DBLg|2|2278|2632	PD0549-C.g69	100.000	355	0	0	1	355	2775	3129	0.0	742
PfKH02_090042700|DBLg|2|2278|2632	PD0549-C.g69	42.204	372	189	9	1	355	1238	1600	1.67e-81	273
PfKH02_090042700|DBLg|2|2278|2632	PD0549-C.g69	31.362	389	184	14	1	317	1605	1982	8.65e-43	161
PfKH02_090042700|DBLg|2|2278|2632	PD0549-C.g69	25.984	381	201	15	34	355	860	1218	1.28e-17	87.0
PfKH02_090042700|DBLg|2|2278|2632	PD0549-C.g69	26.804	291	171	10	20	288	2403	2673	2.45e-14	77.0
PfKH02_090042700|DBLg|2|2278|2632	PD0549-C.g69	22.026	227	134	7	43	246	126	332	1.02e-07	56.2
PfKH02_090042700|DBLg|2|2278|2632	PD0546-C.g846	100.000	355	0	0	1	355	2775	3129	0.0	742
PfKH02_090042700|DBLg|2|2278|2632	PD0546-C.g846	42.204	372	189	9	1	355	1238	1600	1.67e-81	273
PfKH02_090042700|DBLg|2|2278|2632	PD0546-C.g846	31.362	389	184	14	1	317	1605	1982	8.65e-43	161
PfKH02_090042700|DBLg|2|2278|2632	PD0546-C.g846	25.984	381	201	15	34	355	860	1218	1.28e-17	87.0
PfKH02_090042700|DBLg|2|2278|2632	PD0546-C.g846	26.804	291	171	10	20	288	2403	2673	2.45e-14	77.0
PfKH02_090042700|DBLg|2|2278|2632	PD0546-C.g846	22.026	227	134	7	43	246	126	332	1.02e-07	56.2
PfKH02_090042700|DBLg|2|2278|2632	PD0539-C.g691	100.000	355	0	0	1	355	2775	3129	0.0	742
PfKH02_090042700|DBLg|2|2278|2632	PD0539-C.g691	42.204	372	189	9	1	355	1238	1600	1.67e-81	273
PfKH02_090042700|DBLg|2|2278|2632	PD0539-C.g691	31.362	389	184	14	1	317	1605	1982	8.65e-43	161
PfKH02_090042700|DBLg|2|2278|2632	PD0539-C.g691	25.984	381	201	15	34	355	860	1218	1.28e-17	87.0
PfKH02_090042700|DBLg|2|2278|2632	PD0539-C.g691	26.804	291	171	10	20	288	2403	2673	2.45e-14	77.0
PfKH02_090042700|DBLg|2|2278|2632	PD0539-C.g691	22.026	227	134	7	43	246	126	332	1.02e-07	56.2
PfKH02_090042700|DBLg|2|2278|2632	PD0527-C.g92	100.000	355	0	0	1	355	2775	3129	0.0	742
PfKH02_090042700|DBLg|2|2278|2632	PD0527-C.g92	42.204	372	189	9	1	355	1238	1600	1.67e-81	273
PfKH02_090042700|DBLg|2|2278|2632	PD0527-C.g92	31.362	389	184	14	1	317	1605	1982	8.65e-43	161
PfKH02_090042700|DBLg|2|2278|2632	PD0527-C.g92	25.984	381	201	15	34	355	860	1218	1.28e-17	87.0
PfKH02_090042700|DBLg|2|2278|2632	PD0527-C.g92	26.804	291	171	10	20	288	2403	2673	2.45e-14	77.0
PfKH02_090042700|DBLg|2|2278|2632	PD0527-C.g92	22.026	227	134	7	43	246	126	332	1.02e-07	56.2
PfKH02_090042700|ATS|1|2740|3152	PC0113-C.g1115	86.493	422	48	2	1	413	3496	3917	0.0	739
PfKH02_090042700|ATS|1|2740|3152	PV0089-C.g15	83.908	435	48	3	1	413	2331	2765	0.0	734
PfKH02_090042700|ATS|1|2740|3152	PFKE07.g1073	86.715	414	53	2	1	413	3671	4083	0.0	729
PfKH02_090042700|ATS|1|2740|3152	PF0513-C.g5231	85.273	421	53	2	2	413	2389	2809	0.0	723
PfKH02_090042700|ATS|1|2740|3152	QE0439-C.g635	86.747	415	48	2	6	413	1711	2125	0.0	717
PfKH02_090042800|NTS|1|1|64	PD0500-C.g663	100.000	64	0	0	1	64	1	64	5.90e-37	131
PfKH02_090042800|NTS|1|1|64	PH0549-C.g828	100.000	64	0	0	1	64	1	64	8.72e-34	122
PfKH02_090042800|NTS|1|1|64	QG0237-C.g2625	100.000	49	0	0	16	64	20	68	1.16e-24	96.7
PfKH02_090042800|NTS|1|1|64	PC0118-C.g414	81.667	60	9	1	5	64	2	59	1.02e-22	91.3
PfKH02_090042800|NTS|1|1|64	PA0263-C.g521	75.806	62	12	1	6	64	3	64	9.55e-21	85.5
PfKH02_090042800|DBLa|1|65|512	PD0500-C.g663	100.000	448	0	0	1	448	65	512	0.0	933
PfKH02_090042800|DBLa|1|65|512	PH0549-C.g828	100.000	448	0	0	1	448	65	512	0.0	931
PfKH02_090042800|DBLa|1|65|512	PH0549-C.g828	27.225	191	112	6	260	448	1220	1385	3.33e-11	68.2
PfKH02_090042800|DBLa|1|65|512	QG0237-C.g2625	90.909	451	37	3	1	448	69	518	0.0	770
PfKH02_090042800|DBLa|1|65|512	QG0237-C.g2625	26.131	199	106	10	207	376	1229	1415	1.35e-07	56.6
PfKH02_090042800|DBLa|1|65|512	PA0260-C.g706	78.867	459	81	10	1	448	70	523	0.0	664
PfKH02_090042800|DBLa|1|65|512	PA0260-C.g706	27.660	282	158	10	116	366	1110	1376	9.87e-17	85.5
PfKH02_090042800|DBLa|1|65|512	PA0149-C.g436	75.855	468	83	8	1	448	68	525	0.0	642
PfKH02_090042800|DBLa|1|65|512	PA0149-C.g436	28.571	189	107	6	260	448	1254	1414	2.90e-11	68.6
PfKH02_090042800|CIDRa|1|513|831	PD0500-C.g663	100.000	319	0	0	1	319	513	831	0.0	660
PfKH02_090042800|CIDRa|1|513|831	PH0549-C.g828	100.000	319	0	0	1	319	513	831	0.0	657
PfKH02_090042800|CIDRa|1|513|831	QE0470-C.g1171	97.143	315	9	0	1	315	71	385	0.0	635
PfKH02_090042800|CIDRa|1|513|831	QG0237-C.g2625	96.815	314	10	0	1	314	519	832	0.0	629
PfKH02_090042800|CIDRa|1|513|831	PA0172-C.g942	70.032	317	84	2	1	317	491	796	3.48e-135	423
PfKH02_090042800|CIDRa|1|513|831	PA0172-C.g942	32.090	134	73	6	126	258	1498	1614	1.06e-07	55.8
PfKH02_090042800|DBLd|1|912|1392	QE0467-C.g980	66.471	510	101	10	1	481	827	1295	0.0	632
PfKH02_090042800|DBLd|1|912|1392	QE0467-C.g980	25.797	345	171	15	173	481	185	480	8.19e-10	63.9
PfKH02_090042800|DBLd|1|912|1392	PD0497-C.g122	66.867	498	106	11	1	481	183	638	0.0	617
PfKH02_090042800|DBLd|1|912|1392	PD0510-C.g788	62.214	524	120	14	1	481	812	1300	0.0	589
PfKH02_090042800|DBLd|1|912|1392	PD0510-C.g788	27.794	349	178	15	166	481	171	478	1.40e-18	91.7
PfKH02_090042800|DBLd|1|912|1392	PD0500-C.g663	95.960	297	11	1	1	296	912	1208	0.0	579
PfKH02_090042800|DBLd|1|912|1392	PD0500-C.g663	23.009	452	238	14	76	481	125	512	2.56e-14	78.2
PfKH02_090042800|DBLd|1|912|1392	PD0481-C.g708	61.036	521	125	15	1	481	814	1296	0.0	565
PfKH02_090042800|DBLd|1|912|1392	PD0481-C.g708	24.458	323	181	14	189	481	189	478	3.69e-10	65.1
PfKH02_090042800|CIDRb|1|1393|1638	PD0510-C.g788	100.000	246	0	0	1	246	1301	1546	1.61e-168	508
PfKH02_090042800|CIDRb|1|1393|1638	PD0481-C.g708	100.000	246	0	0	1	246	1297	1542	5.13e-168	506
PfKH02_090042800|CIDRb|1|1393|1638	PD0569-C.g796	100.000	246	0	0	1	246	1301	1546	1.92e-167	505
PfKH02_090042800|CIDRb|1|1393|1638	PD0549-C.g720	100.000	246	0	0	1	246	1301	1546	1.92e-167	505
PfKH02_090042800|CIDRb|1|1393|1638	PD0546-C.g615	100.000	246	0	0	1	246	1301	1546	1.92e-167	505
PfKH02_090042800|ATS|1|1743|2172	PD0549-C.g516	82.262	451	56	4	1	430	2187	2634	0.0	728
PfKH02_090042800|ATS|1|1743|2172	PD0511-C.g583	82.262	451	56	4	1	430	2187	2634	0.0	728
PfKH02_090042800|ATS|1|1743|2172	PV0147-C.g7	80.488	451	55	4	1	430	1761	2199	0.0	709
PfKH02_090042800|ATS|1|1743|2172	QE0434-C.g814	82.679	433	65	4	1	430	2811	3236	0.0	691
PfKH02_090042800|ATS|1|1743|2172	PFKE01.g19	82.313	441	65	7	1	430	1733	2171	0.0	690
PfKH02_100005000|NTS|1|1|71	QE0454-C.g738	100.000	71	0	0	1	71	1	71	6.34e-43	149
PfKH02_100005000|NTS|1|1|71	PH0729-C.g506	100.000	71	0	0	1	71	1	71	6.34e-43	149
PfKH02_100005000|NTS|1|1|71	PH0872-C.g832	100.000	71	0	0	1	71	1	71	6.34e-43	149
PfKH02_100005000|NTS|1|1|71	PD0500-C.g95	100.000	71	0	0	1	71	1	71	6.59e-43	149
PfKH02_100005000|NTS|1|1|71	PH0349-C.g288	100.000	71	0	0	1	71	1	71	7.92e-43	149
PfKH02_100005000|DBLa|1|72|501	QE0454-C.g738	100.000	430	0	0	1	430	72	501	0.0	905
PfKH02_100005000|DBLa|1|72|501	QE0454-C.g738	29.412	425	224	16	1	410	855	1218	2.95e-34	138
PfKH02_100005000|DBLa|1|72|501	QE0454-C.g738	31.889	323	181	11	112	430	1836	2123	3.43e-34	138
PfKH02_100005000|DBLa|1|72|501	QE0454-C.g738	31.514	403	220	12	19	420	2502	2849	4.84e-33	134
PfKH02_100005000|DBLa|1|72|501	QE0454-C.g738	27.600	250	120	11	21	270	2895	3083	1.45e-11	69.3
PfKH02_100005000|DBLa|1|72|501	PH0872-C.g832	100.000	430	0	0	1	430	72	501	0.0	905
PfKH02_100005000|DBLa|1|72|501	PH0872-C.g832	29.412	425	224	16	1	410	855	1218	2.71e-34	138
PfKH02_100005000|DBLa|1|72|501	PH0872-C.g832	31.889	323	181	11	112	430	1836	2123	3.27e-34	138
PfKH02_100005000|DBLa|1|72|501	PH0872-C.g832	31.514	403	220	12	19	420	2502	2849	4.29e-33	135
PfKH02_100005000|DBLa|1|72|501	PH0872-C.g832	27.600	250	120	11	21	270	2895	3083	1.45e-11	69.3
PfKH02_100005000|DBLa|1|72|501	PH0729-C.g506	100.000	430	0	0	1	430	72	501	0.0	905
PfKH02_100005000|DBLa|1|72|501	PH0729-C.g506	29.412	425	224	16	1	410	855	1218	2.95e-34	138
PfKH02_100005000|DBLa|1|72|501	PH0729-C.g506	31.889	323	181	11	112	430	1836	2123	3.43e-34	138
PfKH02_100005000|DBLa|1|72|501	PH0729-C.g506	31.514	403	220	12	19	420	2502	2849	4.84e-33	134
PfKH02_100005000|DBLa|1|72|501	PH0729-C.g506	27.600	250	120	11	21	270	2895	3083	1.45e-11	69.3
PfKH02_100005000|DBLa|1|72|501	PD0507-C.g28	100.000	430	0	0	1	430	72	501	0.0	905
PfKH02_100005000|DBLa|1|72|501	PD0507-C.g28	28.959	442	238	16	1	427	855	1235	1.52e-34	139
PfKH02_100005000|DBLa|1|72|501	PD0500-C.g95	100.000	430	0	0	1	430	72	501	0.0	905
PfKH02_100005000|DBLa|1|72|501	PD0500-C.g95	29.412	425	224	16	1	410	855	1218	2.54e-34	138
PfKH02_100005000|DBLa|1|72|501	PD0500-C.g95	31.889	323	181	11	112	430	1836	2123	3.24e-34	138
PfKH02_100005000|DBLa|1|72|501	PD0500-C.g95	31.514	403	220	12	19	420	2502	2849	4.29e-33	135
PfKH02_100005000|DBLa|1|72|501	PD0500-C.g95	27.600	250	120	11	21	270	2895	3083	1.49e-11	69.3
PfKH02_100005000|CIDRa|1|502|779	QE0454-C.g738	100.000	278	0	0	1	278	502	779	0.0	577
PfKH02_100005000|CIDRa|1|502|779	QE0454-C.g738	24.667	150	85	4	83	229	2194	2318	5.32e-08	56.2
PfKH02_100005000|CIDRa|1|502|779	PH0872-C.g832	100.000	278	0	0	1	278	502	779	0.0	577
PfKH02_100005000|CIDRa|1|502|779	PH0872-C.g832	24.667	150	85	4	83	229	2194	2318	5.94e-08	56.2
PfKH02_100005000|CIDRa|1|502|779	PH0729-C.g506	100.000	278	0	0	1	278	502	779	0.0	577
PfKH02_100005000|CIDRa|1|502|779	PH0729-C.g506	24.667	150	85	4	83	229	2194	2318	5.32e-08	56.2
PfKH02_100005000|CIDRa|1|502|779	PD0500-C.g95	100.000	278	0	0	1	278	502	779	0.0	577
PfKH02_100005000|CIDRa|1|502|779	PD0500-C.g95	24.667	150	85	4	83	229	2194	2318	5.88e-08	56.2
PfKH02_100005000|CIDRa|1|502|779	PT0035-C.g571	100.000	278	0	0	1	278	498	775	0.0	576
PfKH02_100005000|DBLb|1|794|1267	PH0872-C.g832	100.000	474	0	0	1	474	794	1267	0.0	1002
PfKH02_100005000|DBLb|1|794|1267	PH0872-C.g832	35.644	303	155	8	112	393	2534	2817	1.04e-40	158
PfKH02_100005000|DBLb|1|794|1267	PH0872-C.g832	27.586	493	278	18	12	442	23	498	2.78e-31	130
PfKH02_100005000|DBLb|1|794|1267	PH0872-C.g832	28.897	263	138	10	111	366	2923	3143	1.18e-14	79.3
PfKH02_100005000|DBLb|1|794|1267	PH0872-C.g832	23.607	305	149	12	103	358	1315	1584	3.76e-11	68.2
PfKH02_100005000|DBLb|1|794|1267	PD0500-C.g95	100.000	474	0	0	1	474	794	1267	0.0	1002
PfKH02_100005000|DBLb|1|794|1267	PD0500-C.g95	35.644	303	155	8	112	393	2534	2817	1.06e-40	158
PfKH02_100005000|DBLb|1|794|1267	PD0500-C.g95	27.586	493	278	18	12	442	23	498	2.76e-31	130
PfKH02_100005000|DBLb|1|794|1267	PD0500-C.g95	28.897	263	138	10	111	366	2923	3143	1.21e-14	79.3
PfKH02_100005000|DBLb|1|794|1267	PD0500-C.g95	23.607	305	149	12	103	358	1315	1584	3.83e-11	68.2
PfKH02_100005000|DBLb|1|794|1267	QE0454-C.g738	100.000	474	0	0	1	474	794	1267	0.0	1001
PfKH02_100005000|DBLb|1|794|1267	QE0454-C.g738	35.644	303	155	8	112	393	2534	2817	1.05e-40	158
PfKH02_100005000|DBLb|1|794|1267	QE0454-C.g738	27.586	493	278	18	12	442	23	498	3.13e-31	130
PfKH02_100005000|DBLb|1|794|1267	QE0454-C.g738	28.897	263	138	10	111	366	2923	3143	1.19e-14	79.3
PfKH02_100005000|DBLb|1|794|1267	QE0454-C.g738	23.607	305	149	12	103	358	1315	1584	4.32e-11	68.2
PfKH02_100005000|DBLb|1|794|1267	PH0729-C.g506	100.000	474	0	0	1	474	794	1267	0.0	1001
PfKH02_100005000|DBLb|1|794|1267	PH0729-C.g506	35.644	303	155	8	112	393	2534	2817	1.05e-40	158
PfKH02_100005000|DBLb|1|794|1267	PH0729-C.g506	27.586	493	278	18	12	442	23	498	3.13e-31	130
PfKH02_100005000|DBLb|1|794|1267	PH0729-C.g506	28.897	263	138	10	111	366	2923	3143	1.19e-14	79.3
PfKH02_100005000|DBLb|1|794|1267	PH0729-C.g506	23.607	305	149	12	103	358	1315	1584	4.32e-11	68.2
PfKH02_100005000|DBLb|1|794|1267	PD0507-C.g28	100.000	474	0	0	1	474	794	1267	0.0	997
PfKH02_100005000|DBLb|1|794|1267	PD0507-C.g28	27.586	493	278	18	12	442	23	498	2.36e-31	130
PfKH02_100005000|DBLg|1|1285|1665	PD0507-C.g43	100.000	381	0	0	1	381	148	528	0.0	800
PfKH02_100005000|DBLg|1|1285|1665	PD0507-C.g43	28.729	362	162	10	40	313	612	965	1.47e-37	146
PfKH02_100005000|DBLg|1|1285|1665	QE0454-C.g738	100.000	381	0	0	1	381	1285	1665	0.0	797
PfKH02_100005000|DBLg|1|1285|1665	QE0454-C.g738	33.013	312	146	10	40	298	1749	2050	1.28e-40	155
PfKH02_100005000|DBLg|1|1285|1665	QE0454-C.g738	23.607	305	149	12	31	300	896	1151	5.13e-11	67.0
PfKH02_100005000|DBLg|1|1285|1665	QE0454-C.g738	24.324	259	147	8	28	266	2518	2747	3.37e-10	64.3
PfKH02_100005000|DBLg|1|1285|1665	QE0454-C.g738	23.427	286	156	9	41	317	2921	3152	1.77e-08	58.9
PfKH02_100005000|DBLg|1|1285|1665	PH0729-C.g506	100.000	381	0	0	1	381	1285	1665	0.0	797
PfKH02_100005000|DBLg|1|1285|1665	PH0729-C.g506	33.013	312	146	10	40	298	1749	2050	1.28e-40	155
PfKH02_100005000|DBLg|1|1285|1665	PH0729-C.g506	23.607	305	149	12	31	300	896	1151	5.13e-11	67.0
PfKH02_100005000|DBLg|1|1285|1665	PH0729-C.g506	24.324	259	147	8	28	266	2518	2747	3.37e-10	64.3
PfKH02_100005000|DBLg|1|1285|1665	PH0729-C.g506	23.427	286	156	9	41	317	2921	3152	1.77e-08	58.9
PfKH02_100005000|DBLg|1|1285|1665	PH0872-C.g832	100.000	381	0	0	1	381	1285	1665	0.0	796
PfKH02_100005000|DBLg|1|1285|1665	PH0872-C.g832	33.013	312	146	10	40	298	1749	2050	1.30e-40	155
PfKH02_100005000|DBLg|1|1285|1665	PH0872-C.g832	23.607	305	149	12	31	300	896	1151	5.97e-11	67.0
PfKH02_100005000|DBLg|1|1285|1665	PH0872-C.g832	24.324	259	147	8	28	266	2518	2747	3.89e-10	64.3
PfKH02_100005000|DBLg|1|1285|1665	PH0872-C.g832	23.427	286	156	9	41	317	2921	3152	1.86e-08	58.9
PfKH02_100005000|DBLg|1|1285|1665	PD0500-C.g95	100.000	381	0	0	1	381	1285	1665	0.0	796
PfKH02_100005000|DBLg|1|1285|1665	PD0500-C.g95	33.013	312	146	10	40	298	1749	2050	1.26e-40	155
PfKH02_100005000|DBLg|1|1285|1665	PD0500-C.g95	23.607	305	149	12	31	300	896	1151	5.76e-11	67.0
PfKH02_100005000|DBLg|1|1285|1665	PD0500-C.g95	24.324	259	147	8	28	266	2518	2747	3.85e-10	64.3
PfKH02_100005000|DBLg|1|1285|1665	PD0500-C.g95	23.427	286	156	9	41	317	2921	3152	1.81e-08	58.9
PfKH02_100005000|DBLd|1|1672|2123	PH0872-C.g832	100.000	452	0	0	1	452	1672	2123	0.0	929
PfKH02_100005000|DBLd|1|1672|2123	PH0872-C.g832	33.762	311	143	11	78	378	1324	1581	1.17e-42	164
PfKH02_100005000|DBLd|1|1672|2123	PH0872-C.g832	31.269	323	183	11	165	452	183	501	3.03e-28	120
PfKH02_100005000|DBLd|1|1672|2123	PD0500-C.g95	100.000	452	0	0	1	452	1672	2123	0.0	929
PfKH02_100005000|DBLd|1|1672|2123	PD0500-C.g95	33.762	311	143	11	78	378	1324	1581	1.10e-42	164
PfKH02_100005000|DBLd|1|1672|2123	PD0500-C.g95	31.269	323	183	11	165	452	183	501	2.92e-28	120
PfKH02_100005000|DBLd|1|1672|2123	QE0454-C.g738	100.000	452	0	0	1	452	1672	2123	0.0	927
PfKH02_100005000|DBLd|1|1672|2123	QE0454-C.g738	33.762	311	143	11	78	378	1324	1581	1.13e-42	164
PfKH02_100005000|DBLd|1|1672|2123	QE0454-C.g738	31.269	323	183	11	165	452	183	501	2.89e-28	120
PfKH02_100005000|DBLd|1|1672|2123	PH0729-C.g506	100.000	452	0	0	1	452	1672	2123	0.0	927
PfKH02_100005000|DBLd|1|1672|2123	PH0729-C.g506	33.762	311	143	11	78	378	1324	1581	1.13e-42	164
PfKH02_100005000|DBLd|1|1672|2123	PH0729-C.g506	31.269	323	183	11	165	452	183	501	2.89e-28	120
PfKH02_100005000|DBLd|1|1672|2123	PF0314-C.g833	78.525	461	64	9	1	452	1611	2045	0.0	698
PfKH02_100005000|DBLd|1|1672|2123	PF0314-C.g833	34.383	381	164	14	1	376	1237	1536	7.14e-45	170
PfKH02_100005000|DBLd|1|1672|2123	PF0314-C.g833	29.299	314	167	10	175	452	178	472	3.33e-27	117
PfKH02_100005000|DBLd|1|1672|2123	PF0314-C.g833	28.155	206	97	9	172	377	3107	3261	5.27e-09	61.2
PfKH02_100005000|DBLd|1|1672|2123	PF0314-C.g833	25.822	213	101	8	172	376	2455	2618	2.01e-08	59.3
PfKH02_100005000|DBLd|1|1672|2123	PF0314-C.g833	23.111	225	127	7	170	384	928	1116	2.97e-07	55.8
PfKH02_100005000|CIDRg|1|2124|2371	PD0500-C.g95	100.000	248	0	0	1	248	2124	2371	3.51e-165	508
PfKH02_100005000|CIDRg|1|2124|2371	PF0314-C.g833	100.000	248	0	0	1	248	2046	2293	1.34e-164	506
PfKH02_100005000|CIDRg|1|2124|2371	QE0454-C.g738	99.597	248	1	0	1	248	2124	2371	4.73e-164	504
PfKH02_100005000|CIDRg|1|2124|2371	PH0729-C.g506	99.597	248	1	0	1	248	2124	2371	4.73e-164	504
PfKH02_100005000|CIDRg|1|2124|2371	PH0872-C.g832	99.597	248	1	0	1	248	2124	2371	6.15e-164	504
PfKH02_100005000|DBLz|1|2436|2866	QE0454-C.g738	100.000	431	0	0	1	431	2436	2866	0.0	894
PfKH02_100005000|DBLz|1|2436|2866	QE0454-C.g738	36.184	304	154	8	99	383	905	1187	1.37e-47	177
PfKH02_100005000|DBLz|1|2436|2866	QE0454-C.g738	32.010	403	218	12	67	414	90	491	1.65e-35	142
PfKH02_100005000|DBLz|1|2436|2866	QE0454-C.g738	26.844	339	178	14	95	431	2920	3190	2.34e-16	84.3
PfKH02_100005000|DBLz|1|2436|2866	QE0454-C.g738	24.497	298	170	9	83	351	1312	1583	2.52e-14	78.2
PfKH02_100005000|DBLz|1|2436|2866	QE0454-C.g738	20.663	392	231	13	98	429	1752	2123	2.11e-08	59.3
PfKH02_100005000|DBLz|1|2436|2866	PH0729-C.g506	100.000	431	0	0	1	431	2436	2866	0.0	894
PfKH02_100005000|DBLz|1|2436|2866	PH0729-C.g506	36.184	304	154	8	99	383	905	1187	1.37e-47	177
PfKH02_100005000|DBLz|1|2436|2866	PH0729-C.g506	32.010	403	218	12	67	414	90	491	1.65e-35	142
PfKH02_100005000|DBLz|1|2436|2866	PH0729-C.g506	26.844	339	178	14	95	431	2920	3190	2.34e-16	84.3
PfKH02_100005000|DBLz|1|2436|2866	PH0729-C.g506	24.497	298	170	9	83	351	1312	1583	2.52e-14	78.2
PfKH02_100005000|DBLz|1|2436|2866	PH0729-C.g506	20.663	392	231	13	98	429	1752	2123	2.11e-08	59.3
PfKH02_100005000|DBLz|1|2436|2866	PH0872-C.g832	100.000	431	0	0	1	431	2436	2866	0.0	894
PfKH02_100005000|DBLz|1|2436|2866	PH0872-C.g832	36.184	304	154	8	99	383	905	1187	1.53e-47	177
PfKH02_100005000|DBLz|1|2436|2866	PH0872-C.g832	32.010	403	218	12	67	414	90	491	1.78e-35	142
PfKH02_100005000|DBLz|1|2436|2866	PH0872-C.g832	26.844	339	178	14	95	431	2920	3190	2.51e-16	84.3
PfKH02_100005000|DBLz|1|2436|2866	PH0872-C.g832	24.497	298	170	9	83	351	1312	1583	2.63e-14	77.8
PfKH02_100005000|DBLz|1|2436|2866	PH0872-C.g832	20.663	392	231	13	98	429	1752	2123	2.08e-08	59.3
PfKH02_100005000|DBLz|1|2436|2866	PH0556-C.g845	100.000	431	0	0	1	431	2498	2928	0.0	894
PfKH02_100005000|DBLz|1|2436|2866	PH0556-C.g845	31.838	468	255	14	3	431	864	1306	5.29e-52	190
PfKH02_100005000|DBLz|1|2436|2866	PH0556-C.g845	30.878	353	196	9	96	401	124	475	1.92e-35	142
PfKH02_100005000|DBLz|1|2436|2866	PH0556-C.g845	26.844	339	178	14	95	431	2982	3252	3.43e-16	84.0
PfKH02_100005000|DBLz|1|2436|2866	PH0556-C.g845	24.129	402	192	18	98	402	1761	2146	1.00e-10	66.6
PfKH02_100005000|DBLz|1|2436|2866	PH0556-C.g845	23.496	349	230	13	97	431	1367	1692	2.74e-10	65.1
PfKH02_100005000|DBLz|1|2436|2866	PD0500-C.g95	100.000	431	0	0	1	431	2436	2866	0.0	894
PfKH02_100005000|DBLz|1|2436|2866	PD0500-C.g95	36.184	304	154	8	99	383	905	1187	1.47e-47	177
PfKH02_100005000|DBLz|1|2436|2866	PD0500-C.g95	32.010	403	218	12	67	414	90	491	1.71e-35	142
PfKH02_100005000|DBLz|1|2436|2866	PD0500-C.g95	26.844	339	178	14	95	431	2920	3190	2.53e-16	84.3
PfKH02_100005000|DBLz|1|2436|2866	PD0500-C.g95	24.497	298	170	9	83	351	1312	1583	2.78e-14	77.8
PfKH02_100005000|DBLz|1|2436|2866	PD0500-C.g95	20.663	392	231	13	98	429	1752	2123	2.17e-08	59.3
PfKH02_100005000|DBLe|1|2872|3190	QE0454-C.g738	100.000	319	0	0	1	319	2872	3190	0.0	668
PfKH02_100005000|DBLe|1|2872|3190	QE0454-C.g738	32.683	205	94	9	52	219	904	1101	3.41e-16	82.0
PfKH02_100005000|DBLe|1|2872|3190	QE0454-C.g738	26.331	338	181	13	49	319	2530	2866	6.43e-13	72.0
PfKH02_100005000|DBLe|1|2872|3190	QE0454-C.g738	27.600	250	120	11	24	212	92	341	6.49e-13	72.0
PfKH02_100005000|DBLe|1|2872|3190	QE0454-C.g738	24.126	286	154	9	50	281	1325	1601	3.73e-09	60.5
PfKH02_100005000|DBLe|1|2872|3190	QE0454-C.g738	22.368	228	122	4	101	274	1836	2062	6.88e-08	56.6
PfKH02_100005000|DBLe|1|2872|3190	PH0872-C.g832	100.000	319	0	0	1	319	2872	3190	0.0	668
PfKH02_100005000|DBLe|1|2872|3190	PH0872-C.g832	32.683	205	94	9	52	219	904	1101	3.20e-16	82.0
PfKH02_100005000|DBLe|1|2872|3190	PH0872-C.g832	26.331	338	181	13	49	319	2530	2866	4.98e-13	72.4
PfKH02_100005000|DBLe|1|2872|3190	PH0872-C.g832	27.600	250	120	11	24	212	92	341	6.09e-13	72.0
PfKH02_100005000|DBLe|1|2872|3190	PH0872-C.g832	24.126	286	154	9	50	281	1325	1601	3.57e-09	60.5
PfKH02_100005000|DBLe|1|2872|3190	PH0872-C.g832	22.368	228	122	4	101	274	1836	2062	6.82e-08	56.6
PfKH02_100005000|DBLe|1|2872|3190	PH0729-C.g506	100.000	319	0	0	1	319	2872	3190	0.0	668
PfKH02_100005000|DBLe|1|2872|3190	PH0729-C.g506	32.683	205	94	9	52	219	904	1101	3.41e-16	82.0
PfKH02_100005000|DBLe|1|2872|3190	PH0729-C.g506	26.331	338	181	13	49	319	2530	2866	6.43e-13	72.0
PfKH02_100005000|DBLe|1|2872|3190	PH0729-C.g506	27.600	250	120	11	24	212	92	341	6.49e-13	72.0
PfKH02_100005000|DBLe|1|2872|3190	PH0729-C.g506	24.126	286	154	9	50	281	1325	1601	3.73e-09	60.5
PfKH02_100005000|DBLe|1|2872|3190	PH0729-C.g506	22.368	228	122	4	101	274	1836	2062	6.88e-08	56.6
PfKH02_100005000|DBLe|1|2872|3190	PH0556-C.g845	100.000	319	0	0	1	319	2934	3252	0.0	668
PfKH02_100005000|DBLe|1|2872|3190	PH0556-C.g845	29.500	200	104	8	52	219	959	1153	3.21e-14	75.9
PfKH02_100005000|DBLe|1|2872|3190	PH0556-C.g845	26.331	338	181	13	49	319	2592	2928	6.50e-13	72.0
PfKH02_100005000|DBLe|1|2872|3190	PH0556-C.g845	24.576	236	110	7	50	228	124	348	2.31e-11	67.4
PfKH02_100005000|DBLe|1|2872|3190	PH0556-C.g845	26.087	253	143	9	51	263	1367	1615	2.49e-11	67.0
PfKH02_100005000|DBLe|1|2872|3190	PD0500-C.g95	100.000	319	0	0	1	319	2872	3190	0.0	668
PfKH02_100005000|DBLe|1|2872|3190	PD0500-C.g95	32.683	205	94	9	52	219	904	1101	3.26e-16	82.0
PfKH02_100005000|DBLe|1|2872|3190	PD0500-C.g95	26.331	338	181	13	49	319	2530	2866	5.08e-13	72.4
PfKH02_100005000|DBLe|1|2872|3190	PD0500-C.g95	27.600	250	120	11	24	212	92	341	6.09e-13	72.0
PfKH02_100005000|DBLe|1|2872|3190	PD0500-C.g95	24.126	286	154	9	50	281	1325	1601	3.54e-09	60.5
PfKH02_100005000|DBLe|1|2872|3190	PD0500-C.g95	22.368	228	122	4	101	274	1836	2062	6.70e-08	56.6
PfKH02_100005000|ATS|1|3213|3649	PFKE07.g1065	82.993	441	53	6	2	437	1645	2068	0.0	734
PfKH02_100005000|ATS|1|3213|3649	PV0129-C.g36	81.718	454	63	7	1	437	1739	2189	0.0	728
PfKH02_100005000|ATS|1|3213|3649	PV0028-C.g43	82.127	442	69	6	1	437	1843	2279	0.0	723
PfKH02_100005000|ATS|1|3213|3649	PFKE07.g667	80.710	451	70	7	2	437	2366	2814	0.0	720
PfKH02_100005000|ATS|1|3213|3649	PD0474-C.g567	79.176	461	70	6	1	437	2375	2833	0.0	707
PfKH02_100045500|NTS|1|1|65	QE0455-C.g505	100.000	65	0	0	1	65	1	65	5.94e-38	134
PfKH02_100045500|NTS|1|1|65	PV0286-C.g33	100.000	65	0	0	1	65	1	65	6.61e-38	134
PfKH02_100045500|NTS|1|1|65	PV0285-C.g40	100.000	65	0	0	1	65	1	65	6.61e-38	134
PfKH02_100045500|NTS|1|1|65	PV0129-C.g53	100.000	65	0	0	1	65	1	65	6.61e-38	134
PfKH02_100045500|NTS|1|1|65	QE0449-C.g522	100.000	65	0	0	1	65	1	65	6.68e-38	134
PfKH02_100045500|DBLa|1|66|525	PV0286-C.g33	100.000	460	0	0	1	460	66	525	0.0	964
PfKH02_100045500|DBLa|1|66|525	PV0286-C.g33	28.095	210	135	7	156	358	1108	1308	1.72e-07	56.6
PfKH02_100045500|DBLa|1|66|525	PV0285-C.g40	100.000	460	0	0	1	460	66	525	0.0	964
PfKH02_100045500|DBLa|1|66|525	PV0285-C.g40	28.095	210	135	7	156	358	1108	1308	1.72e-07	56.6
PfKH02_100045500|DBLa|1|66|525	PV0129-C.g53	100.000	460	0	0	1	460	66	525	0.0	964
PfKH02_100045500|DBLa|1|66|525	PV0129-C.g53	28.095	210	135	7	156	358	1108	1308	1.72e-07	56.6
PfKH02_100045500|DBLa|1|66|525	PD0500-C.g56	100.000	460	0	0	1	460	46	505	0.0	964
PfKH02_100045500|DBLa|1|66|525	QE0449-C.g522	100.000	460	0	0	1	460	66	525	0.0	963
PfKH02_100045500|DBLa|1|66|525	QE0449-C.g522	28.095	210	135	7	156	358	1111	1311	1.86e-07	56.2
PfKH02_100045500|CIDRa|1|526|839	PD0500-C.g56	100.000	314	0	0	1	314	506	819	0.0	630
PfKH02_100045500|CIDRa|1|526|839	QE0455-C.g505	100.000	314	0	0	1	314	525	838	0.0	629
PfKH02_100045500|CIDRa|1|526|839	PH0991-C.g248	100.000	314	0	0	1	314	526	839	0.0	628
PfKH02_100045500|CIDRa|1|526|839	PH0915-C.g250	100.000	314	0	0	1	314	526	839	0.0	628
PfKH02_100045500|CIDRa|1|526|839	PV0286-C.g33	99.682	314	1	0	1	314	526	839	0.0	627
PfKH02_100045500|DBLd|1|911|1411	PH0991-C.g248	100.000	501	0	0	1	501	911	1411	0.0	1045
PfKH02_100045500|DBLd|1|911|1411	PH0991-C.g248	28.315	279	159	8	171	437	185	434	1.91e-21	100
PfKH02_100045500|DBLd|1|911|1411	PH0915-C.g250	100.000	501	0	0	1	501	911	1411	0.0	1045
PfKH02_100045500|DBLd|1|911|1411	PH0915-C.g250	28.315	279	159	8	171	437	185	434	1.91e-21	100
PfKH02_100045500|DBLd|1|911|1411	PD0500-C.g617	100.000	446	0	0	56	501	1	446	0.0	922
PfKH02_100045500|DBLd|1|911|1411	PD0500-C.g676	56.126	506	196	10	1	501	508	992	5.70e-173	525
PfKH02_100045500|DBLd|1|911|1411	PV0088-C.g81	53.957	556	147	17	1	501	275	776	4.32e-172	520
PfKH02_100045500|CIDRg|1|1412|1673	PV0088-C.g81	100.000	262	0	0	1	262	777	1038	0.0	541
PfKH02_100045500|CIDRg|1|1412|1673	PD0500-C.g617	100.000	262	0	0	1	262	447	708	1.04e-180	539
PfKH02_100045500|CIDRg|1|1412|1673	PH0991-C.g248	100.000	262	0	0	1	262	1412	1673	3.55e-176	539
PfKH02_100045500|CIDRg|1|1412|1673	PH0915-C.g250	100.000	262	0	0	1	262	1412	1673	3.55e-176	539
PfKH02_100045500|CIDRg|1|1412|1673	PC0056-C.g45	82.824	262	39	2	1	262	1565	1820	2.28e-134	419
PfKH02_100045500|CIDRg|1|1412|1673	PC0056-C.g45	26.872	227	134	7	37	252	65	270	9.62e-11	64.3
PfKH02_100045500|DBLz|1|1737|2167	PH0991-C.g248	100.000	431	0	0	1	431	1737	2167	0.0	899
PfKH02_100045500|DBLz|1|1737|2167	PH0991-C.g248	31.447	318	174	10	91	364	113	430	3.06e-29	123
PfKH02_100045500|DBLz|1|1737|2167	PH0991-C.g248	25.287	261	153	8	95	355	2221	2439	1.00e-12	72.8
PfKH02_100045500|DBLz|1|1737|2167	PH0915-C.g250	100.000	431	0	0	1	431	1737	2167	0.0	899
PfKH02_100045500|DBLz|1|1737|2167	PH0915-C.g250	31.447	318	174	10	91	364	113	430	3.06e-29	123
PfKH02_100045500|DBLz|1|1737|2167	PH0915-C.g250	25.287	261	153	8	95	355	2221	2439	1.00e-12	72.8
PfKH02_100045500|DBLz|1|1737|2167	PA0065-C.g638	100.000	431	0	0	1	431	2000	2430	0.0	897
PfKH02_100045500|DBLz|1|1737|2167	PA0065-C.g638	34.722	288	149	10	96	351	119	399	2.43e-32	132
PfKH02_100045500|DBLz|1|1737|2167	PA0065-C.g638	26.331	357	210	12	69	412	859	1175	6.98e-18	89.0
PfKH02_100045500|DBLz|1|1737|2167	PA0065-C.g638	25.287	261	153	8	95	355	2484	2702	9.41e-13	73.2
PfKH02_100045500|DBLz|1|1737|2167	PA0065-C.g638	22.843	394	201	16	98	393	1268	1656	2.47e-10	65.5
PfKH02_100045500|DBLz|1|1737|2167	PD0500-C.g617	100.000	431	0	0	1	431	772	1202	0.0	897
PfKH02_100045500|DBLz|1|1737|2167	PD0500-C.g617	25.287	261	153	8	95	355	1256	1474	8.51e-13	73.2
PfKH02_100045500|DBLz|1|1737|2167	PA0167-C.g443	100.000	431	0	0	1	431	1651	2081	0.0	896
PfKH02_100045500|DBLz|1|1737|2167	PA0167-C.g443	34.495	287	152	11	96	353	124	403	6.74e-29	122
PfKH02_100045500|DBLz|1|1737|2167	PA0167-C.g443	25.287	261	153	8	95	355	2135	2353	1.10e-12	72.8
PfKH02_100045500|DBLe|1|2173|2492	PH0991-C.g248	100.000	320	0	0	1	320	2173	2492	0.0	669
PfKH02_100045500|DBLe|1|2173|2492	PH0991-C.g248	26.054	261	151	8	49	267	1831	2091	6.12e-14	75.1
PfKH02_100045500|DBLe|1|2173|2492	PH0915-C.g250	100.000	320	0	0	1	320	2173	2492	0.0	669
PfKH02_100045500|DBLe|1|2173|2492	PH0915-C.g250	26.054	261	151	8	49	267	1831	2091	6.12e-14	75.1
PfKH02_100045500|DBLe|1|2173|2492	PD0500-C.g617	100.000	320	0	0	1	320	1208	1527	0.0	667
PfKH02_100045500|DBLe|1|2173|2492	PD0500-C.g617	26.054	261	151	8	49	267	866	1126	4.59e-14	75.5
PfKH02_100045500|DBLe|1|2173|2492	PA0065-C.g638	100.000	320	0	0	1	320	2436	2755	0.0	667
PfKH02_100045500|DBLe|1|2173|2492	PA0065-C.g638	30.100	299	178	11	50	320	885	1180	1.76e-24	106
PfKH02_100045500|DBLe|1|2173|2492	PA0065-C.g638	26.054	261	151	8	49	267	2094	2354	4.24e-14	75.5
PfKH02_100045500|DBLe|1|2173|2492	PA0167-C.g443	100.000	320	0	0	1	320	2087	2406	0.0	665
PfKH02_100045500|DBLe|1|2173|2492	PA0167-C.g443	25.547	274	158	9	49	276	1745	2018	5.93e-14	75.1
PfKH02_100045500|DBLe|1|2173|2492	PA0167-C.g443	24.537	216	122	5	50	224	124	339	2.93e-07	54.7
PfKH02_100045500|ATS|1|2515|2973	PA0245-C.g998	87.609	460	54	2	1	459	1706	2163	0.0	806
PfKH02_100045500|ATS|1|2515|2973	PV0211-C.g126	80.435	506	51	4	1	459	841	1345	0.0	764
PfKH02_100045500|ATS|1|2515|2973	PV0134-C.g25	81.290	465	58	7	2	459	2381	2823	0.0	724
PfKH02_100045500|ATS|1|2515|2973	PV0147-C.g7	80.435	460	68	8	1	459	1761	2199	0.0	709
PfKH02_100045500|ATS|1|2515|2973	PA0270-C.g443	78.959	461	89	4	1	459	2185	2639	0.0	705
PfKH02_110005700|NTS|1|1|62	PV0195-C.g52	100.000	62	0	0	1	62	1	62	4.55e-36	129
PfKH02_110005700|NTS|1|1|62	PH0471-C.g435	100.000	62	0	0	1	62	1	62	4.55e-36	129
PfKH02_110005700|NTS|1|1|62	PD0667-C.g1064	100.000	62	0	0	1	62	1	62	4.55e-36	129
PfKH02_110005700|NTS|1|1|62	PH0474-CW.g389	100.000	60	0	0	3	62	1	60	2.15e-34	124
PfKH02_110005700|NTS|1|1|62	PH0114-C.g26	77.049	61	13	1	1	61	1	60	4.59e-22	89.4
PfKH02_110005700|DBLa|1|63|529	PV0195-C.g52	100.000	467	0	0	1	467	63	529	0.0	964
PfKH02_110005700|DBLa|1|63|529	PV0195-C.g52	25.311	241	136	5	229	467	1154	1352	6.70e-14	77.0
PfKH02_110005700|DBLa|1|63|529	PH0474-CW.g389	100.000	467	0	0	1	467	61	527	0.0	964
PfKH02_110005700|DBLa|1|63|529	PH0474-CW.g389	25.311	241	136	5	229	467	1152	1350	7.06e-14	77.0
PfKH02_110005700|DBLa|1|63|529	PH0471-C.g435	100.000	467	0	0	1	467	63	529	0.0	964
PfKH02_110005700|DBLa|1|63|529	PH0471-C.g435	25.311	241	136	5	229	467	1154	1352	6.70e-14	77.0
PfKH02_110005700|DBLa|1|63|529	PD0667-C.g1064	100.000	467	0	0	1	467	63	529	0.0	964
PfKH02_110005700|DBLa|1|63|529	PD0667-C.g1064	25.311	241	136	5	229	467	1154	1352	6.70e-14	77.0
PfKH02_110005700|DBLa|1|63|529	PA0168-C.g790	72.009	468	103	9	1	467	67	507	0.0	647
PfKH02_110005700|DBLa|1|63|529	PA0168-C.g790	23.513	353	200	11	50	354	929	1259	1.05e-14	79.3
PfKH02_110005700|CIDRa|1|530|784	PH0474-CW.g389	97.600	250	6	0	1	250	528	777	3.06e-168	509
PfKH02_110005700|CIDRa|1|530|784	PV0195-C.g52	97.600	250	6	0	1	250	530	779	3.15e-168	509
PfKH02_110005700|CIDRa|1|530|784	PH0471-C.g435	97.600	250	6	0	1	250	530	779	3.15e-168	509
PfKH02_110005700|CIDRa|1|530|784	PD0667-C.g1064	97.600	250	6	0	1	250	530	779	3.15e-168	509
PfKH02_110005700|CIDRa|1|530|784	PA0205-C.g727	86.328	256	34	1	1	255	470	725	4.85e-153	468
PfKH02_110005700|DBLd|1|842|1331	PD0500-C.g676	80.962	499	72	7	1	490	508	992	0.0	801
PfKH02_110005700|DBLd|1|842|1331	PH0471-C.g366	73.905	525	82	10	1	490	1270	1774	0.0	738
PfKH02_110005700|DBLd|1|842|1331	PH0474-CW.g290	73.905	525	82	10	1	490	1141	1645	0.0	737
PfKH02_110005700|DBLd|1|842|1331	QE0470-C.g1202	68.979	519	115	11	1	490	459	960	0.0	665
PfKH02_110005700|DBLd|1|842|1331	PV0080-C.g49	51.371	547	183	16	1	490	340	860	1.07e-159	484
PfKH02_110005700|CIDRb|1|1332|1582	QE0470-C.g1202	100.000	251	0	0	1	251	961	1211	1.31e-174	518
PfKH02_110005700|CIDRb|1|1332|1582	PD0500-C.g676	98.406	251	4	0	1	251	993	1243	3.81e-171	509
PfKH02_110005700|CIDRb|1|1332|1582	PH0474-CW.g290	100.000	251	0	0	1	251	1646	1896	3.01e-169	515
PfKH02_110005700|CIDRb|1|1332|1582	PH0474-CW.g290	34.375	128	83	1	41	168	384	510	1.44e-12	69.3
PfKH02_110005700|CIDRb|1|1332|1582	PH0471-C.g366	100.000	251	0	0	1	251	1775	2025	8.63e-169	515
PfKH02_110005700|CIDRb|1|1332|1582	PH0471-C.g366	34.375	128	83	1	41	168	513	639	1.48e-12	69.3
PfKH02_110005700|CIDRb|1|1332|1582	PV0160-C.g67	81.526	249	35	5	1	244	1508	1750	6.54e-126	395
PfKH02_110005700|ATS|1|1694|2192	PV0211-C.g126	78.723	517	80	8	1	499	841	1345	0.0	765
PfKH02_110005700|ATS|1|1694|2192	PD0590-C.g13	75.723	519	74	10	1	499	818	1304	0.0	738
PfKH02_110005700|ATS|1|1694|2192	PFKE12.g465	74.004	527	72	10	1	499	1773	2262	0.0	726
PfKH02_110005700|ATS|1|1694|2192	PD0582-C.g763	78.782	509	40	7	1	499	1663	2113	0.0	714
PfKH02_110005700|ATS|1|1694|2192	PA0245-C.g998	74.850	501	81	7	1	499	1706	2163	0.0	703
PfKH02_110054900|NTS|1|1|75	PD0555-C.g525	100.000	75	0	0	1	75	1	75	7.80e-46	157
PfKH02_110054900|NTS|1|1|75	PD0667-C.g747	92.000	75	6	0	1	75	1	75	1.61e-40	142
PfKH02_110054900|NTS|1|1|75	PH0471-C.g393	92.000	75	6	0	1	75	1	75	2.00e-40	142
PfKH02_110054900|NTS|1|1|75	PH0121-CW.g56	92.000	75	6	0	1	75	1	75	2.29e-40	142
PfKH02_110054900|NTS|1|1|75	PfKE05.g186	80.000	75	15	0	1	75	1	75	1.52e-35	128
PfKH02_110054900|DBLa|1|76|464	PD0555-C.g525	100.000	389	0	0	1	389	76	464	0.0	811
PfKH02_110054900|DBLa|1|76|464	PD0555-C.g525	26.625	323	181	12	111	389	1447	1757	5.89e-19	91.7
PfKH02_110054900|DBLa|1|76|464	PD0555-C.g525	25.378	331	173	13	38	329	801	1096	8.22e-15	79.0
PfKH02_110054900|DBLa|1|76|464	PH0121-CW.g56	97.943	389	8	0	1	389	76	464	0.0	788
PfKH02_110054900|DBLa|1|76|464	PH0121-CW.g56	34.713	314	169	10	25	326	1260	1549	3.08e-37	145
PfKH02_110054900|DBLa|1|76|464	PH0121-CW.g56	26.449	276	158	8	51	317	1672	1911	6.86e-19	91.3
PfKH02_110054900|DBLa|1|76|464	PH0121-CW.g56	24.232	293	167	8	38	316	840	1091	6.67e-16	82.4
PfKH02_110054900|DBLa|1|76|464	PD0667-C.g747	97.943	389	8	0	1	389	76	464	0.0	787
PfKH02_110054900|DBLa|1|76|464	PD0667-C.g747	34.713	314	169	10	25	326	1224	1513	3.04e-37	145
PfKH02_110054900|DBLa|1|76|464	PD0667-C.g747	26.449	276	158	8	51	317	1636	1875	6.96e-19	91.3
PfKH02_110054900|DBLa|1|76|464	PD0667-C.g747	24.232	293	167	8	38	316	804	1055	5.65e-16	82.4
PfKH02_110054900|DBLa|1|76|464	PH0471-C.g393	97.943	389	8	0	1	389	76	464	0.0	787
PfKH02_110054900|DBLa|1|76|464	PH0471-C.g393	34.713	314	169	10	25	326	1224	1513	3.08e-37	145
PfKH02_110054900|DBLa|1|76|464	PH0471-C.g393	26.449	276	158	8	51	317	1636	1875	6.21e-19	91.7
PfKH02_110054900|DBLa|1|76|464	PH0471-C.g393	24.232	293	167	8	38	316	804	1055	6.09e-16	82.4
PfKH02_110054900|DBLa|1|76|464	PD0500-C.g546	100.000	293	0	0	97	389	1	293	0.0	603
PfKH02_110054900|DBLa|1|76|464	PD0500-C.g546	24.232	293	167	8	38	316	633	884	6.17e-16	82.0
PfKH02_110054900|CIDRd|1|465|718	PD0500-C.g546	100.000	254	0	0	1	254	294	547	8.37e-173	507
PfKH02_110054900|CIDRd|1|465|718	PD0555-C.g525	100.000	254	0	0	1	254	465	718	3.08e-168	514
PfKH02_110054900|CIDRd|1|465|718	PD0555-C.g525	35.714	182	113	4	5	184	1762	1941	1.61e-27	113
PfKH02_110054900|CIDRd|1|465|718	PD0667-C.g747	100.000	254	0	0	1	254	465	718	1.01e-166	508
PfKH02_110054900|CIDRd|1|465|718	PH0121-CW.g56	100.000	254	0	0	1	254	465	718	1.54e-166	509
PfKH02_110054900|CIDRd|1|465|718	PH0471-C.g393	100.000	254	0	0	1	254	465	718	2.08e-166	507
PfKH02_110054900|DBLg|1|768|1149	PD0667-C.g747	100.000	382	0	0	1	382	768	1149	0.0	796
PfKH02_110054900|DBLg|1|768|1149	PD0667-C.g747	28.428	299	172	12	46	333	1635	1902	8.37e-20	94.0
PfKH02_110054900|DBLg|1|768|1149	PD0667-C.g747	25.088	283	149	9	37	274	113	377	1.09e-13	75.5
PfKH02_110054900|DBLg|1|768|1149	PD0667-C.g747	22.605	261	166	9	46	281	1247	1496	2.06e-08	58.9
PfKH02_110054900|DBLg|1|768|1149	PH0121-CW.g56	100.000	382	0	0	1	382	804	1185	0.0	796
PfKH02_110054900|DBLg|1|768|1149	PH0121-CW.g56	28.094	299	173	11	46	333	1671	1938	5.41e-20	94.7
PfKH02_110054900|DBLg|1|768|1149	PH0121-CW.g56	25.088	283	149	9	37	274	113	377	9.13e-14	75.5
PfKH02_110054900|DBLg|1|768|1149	PH0121-CW.g56	22.605	261	166	9	46	281	1283	1532	2.08e-08	58.9
PfKH02_110054900|DBLg|1|768|1149	PH0471-C.g393	100.000	382	0	0	1	382	768	1149	0.0	795
PfKH02_110054900|DBLg|1|768|1149	PH0471-C.g393	28.763	299	171	12	46	333	1635	1902	6.09e-20	94.4
PfKH02_110054900|DBLg|1|768|1149	PH0471-C.g393	25.088	283	149	9	37	274	113	377	8.81e-14	75.5
PfKH02_110054900|DBLg|1|768|1149	PH0471-C.g393	22.605	261	166	9	46	281	1247	1496	1.91e-08	58.9
PfKH02_110054900|DBLg|1|768|1149	PV0195-C.g48	100.000	382	0	0	1	382	765	1146	0.0	794
PfKH02_110054900|DBLg|1|768|1149	PV0195-C.g48	28.428	299	172	12	46	333	1632	1899	7.38e-20	94.4
PfKH02_110054900|DBLg|1|768|1149	PV0195-C.g48	23.333	300	170	10	35	288	104	389	4.13e-11	67.4
PfKH02_110054900|DBLg|1|768|1149	PV0195-C.g48	22.605	261	166	9	46	281	1244	1493	2.06e-08	58.9
PfKH02_110054900|DBLg|1|768|1149	PD0500-C.g546	98.691	382	5	0	1	382	597	978	0.0	786
PfKH02_110054900|DBLg|1|768|1149	PD0500-C.g546	24.352	193	111	5	116	274	15	206	6.02e-10	63.5
PfKH02_110054900|DBLz|1|1163|1581	PD0667-C.g747	100.000	419	0	0	1	419	1163	1581	0.0	857
PfKH02_110054900|DBLz|1|1163|1581	PD0667-C.g747	36.237	287	145	11	62	323	100	373	7.25e-36	142
PfKH02_110054900|DBLz|1|1163|1581	PD0667-C.g747	26.351	296	179	7	87	375	1637	1900	6.06e-18	89.0
PfKH02_110054900|DBLz|1|1163|1581	PD0667-C.g747	24.904	261	160	10	85	334	813	1048	6.13e-10	63.9
PfKH02_110054900|DBLz|1|1163|1581	PH0471-C.g393	100.000	419	0	0	1	419	1163	1581	0.0	856
PfKH02_110054900|DBLz|1|1163|1581	PH0471-C.g393	36.237	287	145	11	62	323	100	373	6.95e-36	142
PfKH02_110054900|DBLz|1|1163|1581	PH0471-C.g393	26.351	296	179	7	87	375	1637	1900	7.48e-18	88.6
PfKH02_110054900|DBLz|1|1163|1581	PH0471-C.g393	24.904	261	160	10	85	334	813	1048	6.88e-10	63.9
PfKH02_110054900|DBLz|1|1163|1581	PH0121-CW.g56	100.000	419	0	0	1	419	1199	1617	0.0	856
PfKH02_110054900|DBLz|1|1163|1581	PH0121-CW.g56	36.237	287	145	11	62	323	100	373	6.77e-36	142
PfKH02_110054900|DBLz|1|1163|1581	PH0121-CW.g56	26.351	296	179	7	87	375	1673	1936	7.56e-18	88.6
PfKH02_110054900|DBLz|1|1163|1581	PH0121-CW.g56	24.904	261	160	10	85	334	849	1084	7.25e-10	63.9
PfKH02_110054900|DBLz|1|1163|1581	PV0195-C.g48	100.000	419	0	0	1	419	1160	1578	0.0	855
PfKH02_110054900|DBLz|1|1163|1581	PV0195-C.g48	33.333	270	149	9	88	335	123	383	3.12e-31	129
PfKH02_110054900|DBLz|1|1163|1581	PV0195-C.g48	26.351	296	179	7	87	375	1634	1897	8.63e-18	88.6
PfKH02_110054900|DBLz|1|1163|1581	PV0195-C.g48	24.904	261	160	10	85	334	810	1045	7.25e-10	63.9
PfKH02_110054900|DBLz|1|1163|1581	QE0398-C.g261	98.807	419	5	0	1	419	1602	2020	0.0	845
PfKH02_110054900|DBLz|1|1163|1581	QE0398-C.g261	34.106	302	156	9	86	372	845	1118	7.25e-39	151
PfKH02_110054900|DBLz|1|1163|1581	QE0398-C.g261	32.012	328	185	11	65	369	96	408	4.14e-36	143
PfKH02_110054900|DBLz|1|1163|1581	QE0398-C.g261	26.263	297	180	7	86	375	2075	2339	5.19e-18	89.4
PfKH02_110054900|DBLz|1|1163|1581	QE0398-C.g261	27.562	283	153	11	73	334	1236	1487	2.84e-16	84.0
PfKH02_110054900|DBLe|1|1587|1930	PH0121-CW.g56	100.000	344	0	0	1	344	1623	1966	0.0	719
PfKH02_110054900|DBLe|1|1587|1930	PH0121-CW.g56	28.239	301	174	12	49	318	849	1138	6.34e-20	93.6
PfKH02_110054900|DBLe|1|1587|1930	PH0121-CW.g56	29.437	231	127	8	50	262	126	338	8.44e-18	87.0
PfKH02_110054900|DBLe|1|1587|1930	PH0121-CW.g56	26.014	296	180	7	51	314	1285	1573	1.53e-17	86.3
PfKH02_110054900|DBLe|1|1587|1930	PH0471-C.g393	100.000	344	0	0	1	344	1587	1930	0.0	719
PfKH02_110054900|DBLe|1|1587|1930	PH0471-C.g393	28.239	301	174	12	49	318	813	1102	6.35e-20	93.6
PfKH02_110054900|DBLe|1|1587|1930	PH0471-C.g393	29.437	231	127	8	50	262	126	338	8.53e-18	87.0
PfKH02_110054900|DBLe|1|1587|1930	PH0471-C.g393	26.014	296	180	7	51	314	1249	1537	1.45e-17	86.7
PfKH02_110054900|DBLe|1|1587|1930	PV0195-C.g48	100.000	344	0	0	1	344	1584	1927	0.0	718
PfKH02_110054900|DBLe|1|1587|1930	PV0195-C.g48	25.519	337	196	10	39	331	110	435	1.88e-20	95.1
PfKH02_110054900|DBLe|1|1587|1930	PV0195-C.g48	27.575	301	176	11	49	318	810	1099	5.47e-20	93.6
PfKH02_110054900|DBLe|1|1587|1930	PV0195-C.g48	26.014	296	180	7	51	314	1246	1534	1.28e-17	86.7
PfKH02_110054900|DBLe|1|1587|1930	PD0667-C.g747	98.547	344	5	0	1	344	1587	1930	0.0	709
PfKH02_110054900|DBLe|1|1587|1930	PD0667-C.g747	27.575	301	176	11	49	318	813	1102	6.27e-20	93.6
PfKH02_110054900|DBLe|1|1587|1930	PD0667-C.g747	29.437	231	127	8	50	262	126	338	7.48e-18	87.4
PfKH02_110054900|DBLe|1|1587|1930	PD0667-C.g747	26.014	296	180	7	51	314	1249	1537	1.44e-17	86.7
PfKH02_110054900|DBLe|1|1587|1930	QE0433-C.g335	96.221	344	13	0	1	344	2034	2377	0.0	693
PfKH02_110054900|DBLe|1|1587|1930	QE0433-C.g335	26.370	292	152	8	51	305	838	1103	1.18e-19	92.8
PfKH02_110054900|DBLe|1|1587|1930	QE0433-C.g335	26.000	350	201	15	43	344	1257	1596	1.38e-19	92.4
PfKH02_110054900|DBLe|1|1587|1930	QE0433-C.g335	27.027	296	177	8	51	314	1696	1984	4.66e-19	90.9
PfKH02_110054900|DBLe|1|1587|1930	QE0433-C.g335	25.862	290	152	10	48	288	114	389	1.56e-17	86.3
PfKH02_110054900|ATS|1|1975|2406	PD0543-C.g389	83.945	436	66	2	1	432	2360	2795	0.0	734
PfKH02_110054900|ATS|1|1975|2406	PFKE07.g424	84.296	433	56	4	1	432	2619	3040	0.0	720
PfKH02_110054900|ATS|1|1975|2406	PH0279-C.g10	83.636	440	55	3	1	432	3185	3615	0.0	716
PfKH02_110054900|ATS|1|1975|2406	PT0158-C.g302	81.696	448	63	4	1	432	2359	2803	0.0	714
PfKH02_110054900|ATS|1|1975|2406	PF0513-C.g5231	82.870	432	62	4	2	432	2389	2809	0.0	710
PfKH02_120005100|NTS|1|1|67	QE0451-C.g687	100.000	67	0	0	1	67	1	67	8.94e-39	137
PfKH02_120005100|NTS|1|1|67	PM0019-C.g1146	90.323	62	6	0	6	67	7	68	3.11e-30	112
PfKH02_120005100|NTS|1|1|67	PA0137-C.g118	74.194	62	15	1	6	67	3	63	3.07e-22	90.1
PfKH02_120005100|NTS|1|1|67	PM0098-C.g470	67.647	68	21	1	1	67	1	68	1.25e-21	88.2
PfKH02_120005100|NTS|1|1|67	PC0046-C.g163	58.824	68	27	1	1	67	1	68	7.64e-19	80.1
PfKH02_120005100|DBLa|1|68|500	QE0451-C.g687	98.383	433	7	0	1	433	68	500	0.0	897
PfKH02_120005100|DBLa|1|68|500	QE0451-C.g687	21.453	289	159	10	184	433	1191	1450	5.62e-09	60.8
PfKH02_120005100|DBLa|1|68|500	PA0183-C.g511	73.799	458	91	11	1	433	60	513	0.0	648
PfKH02_120005100|DBLa|1|68|500	PA0183-C.g511	25.517	290	160	11	184	433	1205	1478	1.00e-14	79.3
PfKH02_120005100|DBLa|1|68|500	QG0187-C.g307	70.067	451	109	9	1	433	71	513	0.0	612
PfKH02_120005100|DBLa|1|68|500	QG0187-C.g307	27.604	192	99	7	185	340	1172	1359	5.25e-12	70.5
PfKH02_120005100|DBLa|1|68|500	QG0186-C.g416	70.067	451	109	9	1	433	71	513	0.0	612
PfKH02_120005100|DBLa|1|68|500	QG0186-C.g416	27.604	192	99	7	185	340	1172	1359	4.55e-12	70.9
PfKH02_120005100|DBLa|1|68|500	PT0052-C.g774	67.692	455	114	10	1	433	62	505	0.0	602
PfKH02_120005100|DBLa|1|68|500	PT0052-C.g774	24.012	329	179	16	140	433	1139	1431	7.53e-08	57.4
PfKH02_120005100|CIDRa|1|501|828	PD0500-C.g664	100.000	328	0	0	1	328	80	407	0.0	677
PfKH02_120005100|CIDRa|1|501|828	QE0451-C.g687	100.000	328	0	0	1	328	501	828	0.0	676
PfKH02_120005100|CIDRa|1|501|828	PD0500-C.g676	100.000	328	0	0	1	328	80	407	0.0	674
PfKH02_120005100|CIDRa|1|501|828	PV0133-C.g136	100.000	328	0	0	1	328	289	616	0.0	672
PfKH02_120005100|CIDRa|1|501|828	PF0524-C.g967	83.537	328	40	2	1	328	524	837	2.31e-164	503
PfKH02_120005100|DBLd|1|922|1407	PH0474-CW.g388	85.288	503	49	7	1	486	856	1350	0.0	759
PfKH02_120005100|DBLd|1|922|1407	PH0474-CW.g388	29.064	203	118	8	309	486	294	495	4.48e-11	68.2
PfKH02_120005100|DBLd|1|922|1407	PH0471-C.g436	85.288	503	49	7	1	486	862	1356	0.0	759
PfKH02_120005100|DBLd|1|922|1407	PH0471-C.g436	29.064	203	118	8	309	486	300	501	4.52e-11	68.2
PfKH02_120005100|DBLd|1|922|1407	PD0544-C.g723	74.037	493	93	12	1	486	845	1309	0.0	632
PfKH02_120005100|DBLd|1|922|1407	PD0544-C.g723	25.387	323	173	12	202	486	212	504	1.09e-12	73.2
PfKH02_120005100|DBLd|1|922|1407	PD0562-C.g549	67.343	493	114	14	2	486	822	1275	0.0	568
PfKH02_120005100|DBLd|1|922|1407	PD0562-C.g549	34.239	184	96	10	322	486	300	477	9.97e-13	73.2
PfKH02_120005100|DBLd|1|922|1407	PD0552-C.g716	67.343	493	114	14	2	486	822	1275	0.0	568
PfKH02_120005100|DBLd|1|922|1407	PD0552-C.g716	34.239	184	96	10	322	486	300	477	9.97e-13	73.2
PfKH02_120005100|CIDRb|1|1408|1660	PH0474-CW.g388	100.000	253	0	0	1	253	1351	1603	3.42e-170	514
PfKH02_120005100|CIDRb|1|1408|1660	PD0544-C.g723	100.000	253	0	0	1	253	1310	1562	3.43e-170	513
PfKH02_120005100|CIDRb|1|1408|1660	PH0471-C.g436	100.000	253	0	0	1	253	1357	1609	4.17e-170	514
PfKH02_120005100|CIDRb|1|1408|1660	PD0562-C.g549	100.000	253	0	0	1	253	1276	1528	5.19e-170	512
PfKH02_120005100|CIDRb|1|1408|1660	PD0552-C.g716	100.000	253	0	0	1	253	1276	1528	5.19e-170	512
PfKH02_120005100|ATS|1|1766|2250	PA0245-C.g998	79.671	487	66	6	2	485	1707	2163	0.0	759
PfKH02_120005100|ATS|1|1766|2250	PV0239-C.g10	75.769	520	67	6	2	485	3362	3858	0.0	757
PfKH02_120005100|ATS|1|1766|2250	PC0104-C.g515	80.120	498	75	9	2	485	1695	2182	0.0	733
PfKH02_120005100|ATS|1|1766|2250	PV0229-C.g26	77.096	489	80	7	2	485	1804	2265	0.0	719
PfKH02_120005100|ATS|1|1766|2250	PD0549-C.g516	77.113	485	72	10	2	485	2188	2634	0.0	711
PfKH02_120006100|NTSpam|1|1|51	PH0474-CW.g141	100.000	51	0	0	1	51	1	51	1.10e-27	104
PfKH02_120006100|NTSpam|1|1|51	PD0510-C.g232	100.000	51	0	0	1	51	1	51	1.10e-27	104
PfKH02_120006100|NTSpam|1|1|51	PD0500-C.g170	100.000	51	0	0	1	51	1	51	1.10e-27	104
PfKH02_120006100|NTSpam|1|1|51	PH0471-C.g136	100.000	51	0	0	1	51	1	51	1.26e-27	104
PfKH02_120006100|NTSpam|1|1|51	PF0207-C.g501	96.078	51	2	0	1	51	1	51	6.01e-26	99.8
PfKH02_120006100|DBLpam1|1|52|430	PH0471-C.g136	100.000	379	0	0	1	379	52	430	0.0	783
PfKH02_120006100|DBLpam1|1|52|430	PH0471-C.g136	30.729	384	229	12	14	379	3436	3800	2.54e-34	137
PfKH02_120006100|DBLpam1|1|52|430	PH0471-C.g136	27.451	255	151	7	40	280	576	810	2.46e-20	95.5
PfKH02_120006100|DBLpam1|1|52|430	PH0471-C.g136	26.336	262	134	11	44	296	2722	2933	2.01e-14	77.8
PfKH02_120006100|DBLpam1|1|52|430	PH0471-C.g136	26.667	315	166	15	25	327	2032	2293	2.24e-14	77.4
PfKH02_120006100|DBLpam1|1|52|430	PH0471-C.g136	25.448	279	160	11	45	323	4176	4406	1.31e-11	68.9
PfKH02_120006100|DBLpam1|1|52|430	PH0471-C.g136	23.333	270	145	12	40	299	2376	2593	8.60e-10	63.2
PfKH02_120006100|DBLpam1|1|52|430	PH0471-C.g136	25.168	298	170	11	43	315	1627	1896	4.31e-09	60.8
PfKH02_120006100|DBLpam1|1|52|430	PH0471-C.g136	23.457	324	181	14	21	300	1237	1537	5.86e-09	60.5
PfKH02_120006100|DBLpam1|1|52|430	PH0474-CW.g141	100.000	379	0	0	1	379	52	430	0.0	781
PfKH02_120006100|DBLpam1|1|52|430	PH0474-CW.g141	30.729	384	229	12	14	379	3436	3800	3.03e-34	137
PfKH02_120006100|DBLpam1|1|52|430	PH0474-CW.g141	24.419	344	195	12	40	340	576	897	2.47e-20	95.5
PfKH02_120006100|DBLpam1|1|52|430	PH0474-CW.g141	26.336	262	134	11	44	296	2722	2933	2.44e-14	77.4
PfKH02_120006100|DBLpam1|1|52|430	PH0474-CW.g141	26.667	315	166	15	25	327	2032	2293	2.72e-14	77.4
PfKH02_120006100|DBLpam1|1|52|430	PH0474-CW.g141	25.448	279	160	11	45	323	4176	4406	1.84e-11	68.6
PfKH02_120006100|DBLpam1|1|52|430	PH0474-CW.g141	23.333	270	145	12	40	299	2376	2593	1.23e-09	62.8
PfKH02_120006100|DBLpam1|1|52|430	PH0474-CW.g141	26.014	296	164	12	43	312	1627	1893	6.26e-09	60.5
PfKH02_120006100|DBLpam1|1|52|430	PH0474-CW.g141	23.457	324	181	14	21	300	1237	1537	7.08e-09	60.5
PfKH02_120006100|DBLpam1|1|52|430	PD0510-C.g232	100.000	379	0	0	1	379	52	430	0.0	781
PfKH02_120006100|DBLpam1|1|52|430	PD0510-C.g232	30.729	384	229	12	14	379	3436	3800	3.03e-34	137
PfKH02_120006100|DBLpam1|1|52|430	PD0510-C.g232	24.419	344	195	12	40	340	576	897	2.47e-20	95.5
PfKH02_120006100|DBLpam1|1|52|430	PD0510-C.g232	26.336	262	134	11	44	296	2722	2933	2.44e-14	77.4
PfKH02_120006100|DBLpam1|1|52|430	PD0510-C.g232	26.667	315	166	15	25	327	2032	2293	2.72e-14	77.4
PfKH02_120006100|DBLpam1|1|52|430	PD0510-C.g232	25.448	279	160	11	45	323	4176	4406	1.84e-11	68.6
PfKH02_120006100|DBLpam1|1|52|430	PD0510-C.g232	23.333	270	145	12	40	299	2376	2593	1.23e-09	62.8
PfKH02_120006100|DBLpam1|1|52|430	PD0510-C.g232	26.014	296	164	12	43	312	1627	1893	6.26e-09	60.5
PfKH02_120006100|DBLpam1|1|52|430	PD0510-C.g232	23.457	324	181	14	21	300	1237	1537	7.08e-09	60.5
PfKH02_120006100|DBLpam1|1|52|430	PD0500-C.g170	100.000	379	0	0	1	379	52	430	0.0	781
PfKH02_120006100|DBLpam1|1|52|430	PD0500-C.g170	30.729	384	229	12	14	379	3436	3800	3.03e-34	137
PfKH02_120006100|DBLpam1|1|52|430	PD0500-C.g170	24.419	344	195	12	40	340	576	897	2.47e-20	95.5
PfKH02_120006100|DBLpam1|1|52|430	PD0500-C.g170	26.336	262	134	11	44	296	2722	2933	2.44e-14	77.4
PfKH02_120006100|DBLpam1|1|52|430	PD0500-C.g170	26.667	315	166	15	25	327	2032	2293	2.72e-14	77.4
PfKH02_120006100|DBLpam1|1|52|430	PD0500-C.g170	25.448	279	160	11	45	323	4176	4406	1.84e-11	68.6
PfKH02_120006100|DBLpam1|1|52|430	PD0500-C.g170	23.333	270	145	12	40	299	2376	2593	1.23e-09	62.8
PfKH02_120006100|DBLpam1|1|52|430	PD0500-C.g170	26.014	296	164	12	43	312	1627	1893	6.26e-09	60.5
PfKH02_120006100|DBLpam1|1|52|430	PD0500-C.g170	23.457	324	181	14	21	300	1237	1537	7.08e-09	60.5
PfKH02_120006100|DBLpam1|1|52|430	PD0541-C.g209	86.684	383	45	2	1	379	51	431	0.0	662
PfKH02_120006100|DBLpam1|1|52|430	PD0541-C.g209	26.627	338	194	15	40	340	578	898	1.58e-22	102
PfKH02_120006100|DBLpam1|1|52|430	PD0541-C.g209	26.837	313	172	13	25	327	2020	2285	2.24e-17	86.7
PfKH02_120006100|DBLpam1|1|52|430	PD0541-C.g209	26.441	295	158	13	33	323	2360	2599	1.65e-14	77.8
PfKH02_120006100|DBLpam1|1|52|430	PD0541-C.g209	25.939	293	166	11	43	312	1615	1879	3.45e-10	64.3
PfKH02_120006100|DBLpam1|1|52|430	PD0541-C.g209	24.138	319	180	14	18	300	1233	1525	3.67e-10	64.3
PfKH02_120006100|DBLpam2|1|530|962	PH0471-C.g136	100.000	433	0	0	1	433	530	962	0.0	889
PfKH02_120006100|DBLpam2|1|530|962	PH0471-C.g136	28.235	255	149	8	47	281	91	331	1.77e-21	100
PfKH02_120006100|DBLpam2|1|530|962	PH0471-C.g136	28.188	298	181	7	52	325	3463	3751	2.28e-19	93.6
PfKH02_120006100|DBLpam2|1|530|962	PH0471-C.g136	28.470	281	174	7	52	321	1629	1893	6.86e-18	89.4
PfKH02_120006100|DBLpam2|1|530|962	PH0471-C.g136	31.343	201	105	7	52	252	4176	4343	1.24e-16	85.1
PfKH02_120006100|DBLpam2|1|530|962	PH0471-C.g136	30.337	178	90	5	115	289	2775	2921	2.12e-15	81.3
PfKH02_120006100|DBLpam2|1|530|962	PH0471-C.g136	27.106	273	135	10	47	313	2376	2590	5.67e-15	80.1
PfKH02_120006100|DBLpam2|1|530|962	PH0471-C.g136	27.547	265	146	7	52	316	2051	2269	8.45e-15	79.7
PfKH02_120006100|DBLpam2|1|530|962	PH0471-C.g136	28.017	232	113	7	52	277	3852	4035	1.63e-13	75.5
PfKH02_120006100|DBLpam2|1|530|962	PH0471-C.g136	25.606	289	140	11	28	287	3043	3285	1.12e-10	66.6
PfKH02_120006100|DBLpam2|1|530|962	PH0471-C.g136	25.623	281	144	10	54	289	1261	1521	3.44e-10	65.1
PfKH02_120006100|DBLpam2|1|530|962	PH0474-CW.g141	100.000	433	0	0	1	433	530	962	0.0	887
PfKH02_120006100|DBLpam2|1|530|962	PH0474-CW.g141	28.235	255	149	8	47	281	91	331	1.65e-21	100
PfKH02_120006100|DBLpam2|1|530|962	PH0474-CW.g141	28.188	298	181	7	52	325	3463	3751	2.41e-19	93.6
PfKH02_120006100|DBLpam2|1|530|962	PH0474-CW.g141	28.470	281	174	7	52	321	1629	1893	7.01e-18	89.0
PfKH02_120006100|DBLpam2|1|530|962	PH0474-CW.g141	31.343	201	105	7	52	252	4176	4343	1.06e-16	85.5
PfKH02_120006100|DBLpam2|1|530|962	PH0474-CW.g141	30.337	178	90	5	115	289	2775	2921	2.24e-15	81.3
PfKH02_120006100|DBLpam2|1|530|962	PH0474-CW.g141	27.106	273	135	10	47	313	2376	2590	6.98e-15	79.7
PfKH02_120006100|DBLpam2|1|530|962	PH0474-CW.g141	27.547	265	146	7	52	316	2051	2269	8.48e-15	79.7
PfKH02_120006100|DBLpam2|1|530|962	PH0474-CW.g141	28.017	232	113	7	52	277	3852	4035	1.64e-13	75.5
PfKH02_120006100|DBLpam2|1|530|962	PH0474-CW.g141	25.606	289	140	11	28	287	3043	3285	1.26e-10	66.2
PfKH02_120006100|DBLpam2|1|530|962	PH0474-CW.g141	25.623	281	144	10	54	289	1261	1521	3.46e-10	65.1
PfKH02_120006100|DBLpam2|1|530|962	PD0510-C.g232	100.000	433	0	0	1	433	530	962	0.0	887
PfKH02_120006100|DBLpam2|1|530|962	PD0510-C.g232	28.235	255	149	8	47	281	91	331	1.65e-21	100
PfKH02_120006100|DBLpam2|1|530|962	PD0510-C.g232	28.188	298	181	7	52	325	3463	3751	2.41e-19	93.6
PfKH02_120006100|DBLpam2|1|530|962	PD0510-C.g232	28.470	281	174	7	52	321	1629	1893	7.01e-18	89.0
PfKH02_120006100|DBLpam2|1|530|962	PD0510-C.g232	31.343	201	105	7	52	252	4176	4343	1.06e-16	85.5
PfKH02_120006100|DBLpam2|1|530|962	PD0510-C.g232	30.337	178	90	5	115	289	2775	2921	2.24e-15	81.3
PfKH02_120006100|DBLpam2|1|530|962	PD0510-C.g232	27.106	273	135	10	47	313	2376	2590	6.98e-15	79.7
PfKH02_120006100|DBLpam2|1|530|962	PD0510-C.g232	27.547	265	146	7	52	316	2051	2269	8.48e-15	79.7
PfKH02_120006100|DBLpam2|1|530|962	PD0510-C.g232	28.017	232	113	7	52	277	3852	4035	1.64e-13	75.5
PfKH02_120006100|DBLpam2|1|530|962	PD0510-C.g232	25.606	289	140	11	28	287	3043	3285	1.26e-10	66.2
PfKH02_120006100|DBLpam2|1|530|962	PD0510-C.g232	25.623	281	144	10	54	289	1261	1521	3.46e-10	65.1
PfKH02_120006100|DBLpam2|1|530|962	PD0500-C.g170	100.000	433	0	0	1	433	530	962	0.0	887
PfKH02_120006100|DBLpam2|1|530|962	PD0500-C.g170	28.235	255	149	8	47	281	91	331	1.65e-21	100
PfKH02_120006100|DBLpam2|1|530|962	PD0500-C.g170	28.188	298	181	7	52	325	3463	3751	2.41e-19	93.6
PfKH02_120006100|DBLpam2|1|530|962	PD0500-C.g170	28.470	281	174	7	52	321	1629	1893	7.01e-18	89.0
PfKH02_120006100|DBLpam2|1|530|962	PD0500-C.g170	31.343	201	105	7	52	252	4176	4343	1.06e-16	85.5
PfKH02_120006100|DBLpam2|1|530|962	PD0500-C.g170	30.337	178	90	5	115	289	2775	2921	2.24e-15	81.3
PfKH02_120006100|DBLpam2|1|530|962	PD0500-C.g170	27.106	273	135	10	47	313	2376	2590	6.98e-15	79.7
PfKH02_120006100|DBLpam2|1|530|962	PD0500-C.g170	27.547	265	146	7	52	316	2051	2269	8.48e-15	79.7
PfKH02_120006100|DBLpam2|1|530|962	PD0500-C.g170	28.017	232	113	7	52	277	3852	4035	1.64e-13	75.5
PfKH02_120006100|DBLpam2|1|530|962	PD0500-C.g170	25.606	289	140	11	28	287	3043	3285	1.26e-10	66.2
PfKH02_120006100|DBLpam2|1|530|962	PD0500-C.g170	25.623	281	144	10	54	289	1261	1521	3.46e-10	65.1
PfKH02_120006100|DBLpam2|1|530|962	PH0549-C.g394	93.764	433	27	0	1	433	526	958	0.0	784
PfKH02_120006100|DBLpam2|1|530|962	PH0549-C.g394	28.185	259	149	7	52	289	96	338	1.62e-22	103
PfKH02_120006100|DBLpam2|1|530|962	PH0549-C.g394	28.216	241	120	8	52	287	2378	2570	1.27e-17	88.2
PfKH02_120006100|DBLpam2|1|530|962	PH0549-C.g394	26.761	284	180	7	52	321	1613	1882	5.50e-17	86.3
PfKH02_120006100|DBLpam2|1|530|962	PH0549-C.g394	27.037	270	145	8	52	316	2040	2262	2.81e-11	68.6
PfKH02_120006100|DBLpam2|1|530|962	PH0549-C.g394	25.092	271	146	9	54	289	1257	1505	4.50e-11	67.8
PfKH02_120006100|CIDRpam|1|971|1198	PH0471-C.g136	100.000	228	0	0	1	228	971	1198	6.22e-151	466
PfKH02_120006100|CIDRpam|1|971|1198	PH0474-CW.g141	100.000	228	0	0	1	228	971	1198	9.22e-151	466
PfKH02_120006100|CIDRpam|1|971|1198	PD0510-C.g232	100.000	228	0	0	1	228	971	1198	9.22e-151	466
PfKH02_120006100|CIDRpam|1|971|1198	PD0500-C.g170	100.000	228	0	0	1	228	971	1198	9.22e-151	466
PfKH02_120006100|CIDRpam|1|971|1198	PV0112-C.g90	89.474	228	24	0	1	228	426	653	6.08e-136	414
PfKH02_120006100|DBLpam3|1|1217|1583	PH0471-C.g136	100.000	367	0	0	1	367	1217	1583	0.0	755
PfKH02_120006100|DBLpam3|1|1217|1583	PH0471-C.g136	24.825	286	150	10	40	305	578	818	1.82e-10	65.1
PfKH02_120006100|DBLpam3|1|1217|1583	PH0471-C.g136	24.188	277	174	10	45	319	3059	3301	4.71e-10	63.9
PfKH02_120006100|DBLpam3|1|1217|1583	PH0471-C.g136	22.105	285	152	8	37	318	2717	2934	1.50e-09	62.4
PfKH02_120006100|DBLpam3|1|1217|1583	PH0471-C.g136	24.573	293	157	12	42	332	2050	2280	1.64e-09	62.4
PfKH02_120006100|DBLpam3|1|1217|1583	PH0471-C.g136	23.926	326	177	15	21	321	72	351	4.52e-09	60.8
PfKH02_120006100|DBLpam3|1|1217|1583	PH0471-C.g136	24.534	322	182	13	23	325	1606	1885	9.73e-09	59.7
PfKH02_120006100|DBLpam3|1|1217|1583	PH0474-CW.g141	100.000	367	0	0	1	367	1217	1583	0.0	754
PfKH02_120006100|DBLpam3|1|1217|1583	PH0474-CW.g141	24.825	286	150	10	40	305	578	818	1.92e-10	65.1
PfKH02_120006100|DBLpam3|1|1217|1583	PH0474-CW.g141	24.188	277	174	10	45	319	3059	3301	5.70e-10	63.5
PfKH02_120006100|DBLpam3|1|1217|1583	PH0474-CW.g141	22.105	285	152	8	37	318	2717	2934	1.60e-09	62.4
PfKH02_120006100|DBLpam3|1|1217|1583	PH0474-CW.g141	24.915	293	156	12	42	332	2050	2280	1.83e-09	62.0
PfKH02_120006100|DBLpam3|1|1217|1583	PH0474-CW.g141	23.926	326	177	15	21	321	72	351	4.54e-09	60.8
PfKH02_120006100|DBLpam3|1|1217|1583	PH0474-CW.g141	24.224	322	183	13	23	325	1606	1885	1.25e-08	59.3
PfKH02_120006100|DBLpam3|1|1217|1583	PD0510-C.g232	100.000	367	0	0	1	367	1217	1583	0.0	754
PfKH02_120006100|DBLpam3|1|1217|1583	PD0510-C.g232	24.825	286	150	10	40	305	578	818	1.92e-10	65.1
PfKH02_120006100|DBLpam3|1|1217|1583	PD0510-C.g232	24.188	277	174	10	45	319	3059	3301	5.70e-10	63.5
PfKH02_120006100|DBLpam3|1|1217|1583	PD0510-C.g232	22.105	285	152	8	37	318	2717	2934	1.60e-09	62.4
PfKH02_120006100|DBLpam3|1|1217|1583	PD0510-C.g232	24.915	293	156	12	42	332	2050	2280	1.83e-09	62.0
PfKH02_120006100|DBLpam3|1|1217|1583	PD0510-C.g232	23.926	326	177	15	21	321	72	351	4.54e-09	60.8
PfKH02_120006100|DBLpam3|1|1217|1583	PD0510-C.g232	24.224	322	183	13	23	325	1606	1885	1.25e-08	59.3
PfKH02_120006100|DBLpam3|1|1217|1583	PD0500-C.g170	100.000	367	0	0	1	367	1217	1583	0.0	754
PfKH02_120006100|DBLpam3|1|1217|1583	PD0500-C.g170	24.825	286	150	10	40	305	578	818	1.92e-10	65.1
PfKH02_120006100|DBLpam3|1|1217|1583	PD0500-C.g170	24.188	277	174	10	45	319	3059	3301	5.70e-10	63.5
PfKH02_120006100|DBLpam3|1|1217|1583	PD0500-C.g170	22.105	285	152	8	37	318	2717	2934	1.60e-09	62.4
PfKH02_120006100|DBLpam3|1|1217|1583	PD0500-C.g170	24.915	293	156	12	42	332	2050	2280	1.83e-09	62.0
PfKH02_120006100|DBLpam3|1|1217|1583	PD0500-C.g170	23.926	326	177	15	21	321	72	351	4.54e-09	60.8
PfKH02_120006100|DBLpam3|1|1217|1583	PD0500-C.g170	24.224	322	183	13	23	325	1606	1885	1.25e-08	59.3
PfKH02_120006100|DBLpam3|1|1217|1583	PD0667-C.g880	95.640	367	16	0	1	367	1216	1582	0.0	717
PfKH02_120006100|DBLpam3|1|1217|1583	PD0667-C.g880	26.071	280	146	10	40	305	582	814	4.62e-10	63.9
PfKH02_120006100|DBLpam3|1|1217|1583	PD0667-C.g880	23.934	305	169	10	42	325	1627	1889	4.14e-08	57.8
PfKH02_120006100|DBLpam3|1|1217|1583	PD0667-C.g880	23.853	327	180	14	21	321	72	355	5.58e-08	57.4
PfKH02_120006100|DBLe|1|1585|1924	PH0474-CW.g141	100.000	340	0	0	1	340	1585	1924	0.0	706
PfKH02_120006100|DBLe|1|1585|1924	PH0474-CW.g141	27.758	281	176	6	45	309	581	850	2.01e-17	85.9
PfKH02_120006100|DBLe|1|1585|1924	PH0474-CW.g141	27.931	290	159	12	43	328	2049	2292	1.47e-16	83.6
PfKH02_120006100|DBLe|1|1585|1924	PH0474-CW.g141	29.259	270	147	10	41	309	2719	2945	1.59e-15	80.5
PfKH02_120006100|DBLe|1|1585|1924	PH0474-CW.g141	28.125	320	156	16	28	340	3837	4089	5.89e-14	75.5
PfKH02_120006100|DBLe|1|1585|1924	PH0474-CW.g141	25.524	286	159	11	43	300	94	353	9.62e-10	62.8
PfKH02_120006100|DBLe|1|1585|1924	PH0474-CW.g141	24.648	284	156	10	19	294	4149	4382	1.21e-09	62.4
PfKH02_120006100|DBLe|1|1585|1924	PH0474-CW.g141	23.899	318	182	11	22	298	1239	1537	1.69e-09	62.0
PfKH02_120006100|DBLe|1|1585|1924	PH0474-CW.g141	25.630	238	137	8	44	281	2380	2577	1.83e-09	61.6
PfKH02_120006100|DBLe|1|1585|1924	PH0474-CW.g141	27.103	214	139	8	45	252	3463	3665	1.33e-08	58.9
PfKH02_120006100|DBLe|1|1585|1924	PH0471-C.g136	100.000	340	0	0	1	340	1585	1924	0.0	706
PfKH02_120006100|DBLe|1|1585|1924	PH0471-C.g136	27.758	281	176	6	45	309	581	850	2.68e-17	85.9
PfKH02_120006100|DBLe|1|1585|1924	PH0471-C.g136	28.794	257	143	10	43	296	2049	2268	1.68e-16	83.2
PfKH02_120006100|DBLe|1|1585|1924	PH0471-C.g136	29.259	270	147	10	41	309	2719	2945	1.60e-15	80.5
PfKH02_120006100|DBLe|1|1585|1924	PH0471-C.g136	28.125	320	156	16	28	340	3837	4089	5.91e-14	75.5
PfKH02_120006100|DBLe|1|1585|1924	PH0471-C.g136	25.263	285	161	11	43	300	94	353	1.21e-09	62.4
PfKH02_120006100|DBLe|1|1585|1924	PH0471-C.g136	24.648	284	156	10	19	294	4149	4382	1.45e-09	62.0
PfKH02_120006100|DBLe|1|1585|1924	PH0471-C.g136	24.224	322	183	12	22	301	1239	1541	1.85e-09	61.6
PfKH02_120006100|DBLe|1|1585|1924	PH0471-C.g136	25.630	238	137	8	44	281	2380	2577	2.02e-09	61.6
PfKH02_120006100|DBLe|1|1585|1924	PH0471-C.g136	27.103	214	139	8	45	252	3463	3665	1.75e-08	58.5
PfKH02_120006100|DBLe|1|1585|1924	PD0510-C.g232	100.000	340	0	0	1	340	1585	1924	0.0	706
PfKH02_120006100|DBLe|1|1585|1924	PD0510-C.g232	27.758	281	176	6	45	309	581	850	2.01e-17	85.9
PfKH02_120006100|DBLe|1|1585|1924	PD0510-C.g232	27.931	290	159	12	43	328	2049	2292	1.47e-16	83.6
PfKH02_120006100|DBLe|1|1585|1924	PD0510-C.g232	29.259	270	147	10	41	309	2719	2945	1.59e-15	80.5
PfKH02_120006100|DBLe|1|1585|1924	PD0510-C.g232	28.125	320	156	16	28	340	3837	4089	5.89e-14	75.5
PfKH02_120006100|DBLe|1|1585|1924	PD0510-C.g232	25.524	286	159	11	43	300	94	353	9.62e-10	62.8
PfKH02_120006100|DBLe|1|1585|1924	PD0510-C.g232	24.648	284	156	10	19	294	4149	4382	1.21e-09	62.4
PfKH02_120006100|DBLe|1|1585|1924	PD0510-C.g232	23.899	318	182	11	22	298	1239	1537	1.69e-09	62.0
PfKH02_120006100|DBLe|1|1585|1924	PD0510-C.g232	25.630	238	137	8	44	281	2380	2577	1.83e-09	61.6
PfKH02_120006100|DBLe|1|1585|1924	PD0510-C.g232	27.103	214	139	8	45	252	3463	3665	1.33e-08	58.9
PfKH02_120006100|DBLe|1|1585|1924	PD0500-C.g170	100.000	340	0	0	1	340	1585	1924	0.0	706
PfKH02_120006100|DBLe|1|1585|1924	PD0500-C.g170	27.758	281	176	6	45	309	581	850	2.01e-17	85.9
PfKH02_120006100|DBLe|1|1585|1924	PD0500-C.g170	27.931	290	159	12	43	328	2049	2292	1.47e-16	83.6
PfKH02_120006100|DBLe|1|1585|1924	PD0500-C.g170	29.259	270	147	10	41	309	2719	2945	1.59e-15	80.5
PfKH02_120006100|DBLe|1|1585|1924	PD0500-C.g170	28.125	320	156	16	28	340	3837	4089	5.89e-14	75.5
PfKH02_120006100|DBLe|1|1585|1924	PD0500-C.g170	25.524	286	159	11	43	300	94	353	9.62e-10	62.8
PfKH02_120006100|DBLe|1|1585|1924	PD0500-C.g170	24.648	284	156	10	19	294	4149	4382	1.21e-09	62.4
PfKH02_120006100|DBLe|1|1585|1924	PD0500-C.g170	23.899	318	182	11	22	298	1239	1537	1.69e-09	62.0
PfKH02_120006100|DBLe|1|1585|1924	PD0500-C.g170	25.630	238	137	8	44	281	2380	2577	1.83e-09	61.6
PfKH02_120006100|DBLe|1|1585|1924	PD0500-C.g170	27.103	214	139	8	45	252	3463	3665	1.33e-08	58.9
PfKH02_120006100|DBLe|1|1585|1924	PH0361-C.g474	96.232	345	8	1	1	340	1589	1933	0.0	682
PfKH02_120006100|DBLe|1|1585|1924	PH0361-C.g474	30.345	290	158	11	43	328	2059	2308	2.14e-24	106
PfKH02_120006100|DBLe|1|1585|1924	PH0361-C.g474	26.462	325	172	11	1	311	2350	2621	4.54e-18	87.8
PfKH02_120006100|DBLe|1|1585|1924	PH0361-C.g474	27.181	298	175	11	38	309	571	852	2.19e-15	79.7
PfKH02_120006100|DBLe|1|1585|1924	PH0361-C.g474	25.000	312	148	11	42	298	1261	1541	1.22e-13	74.7
PfKH02_120006100|DBLe|2|2001|2296	PH0471-C.g136	100.000	296	0	0	1	296	2001	2296	0.0	612
PfKH02_120006100|DBLe|2|2001|2296	PH0471-C.g136	38.255	298	169	7	1	296	3805	4089	4.61e-52	186
PfKH02_120006100|DBLe|2|2001|2296	PH0471-C.g136	37.024	289	161	8	14	296	4140	4413	4.37e-39	148
PfKH02_120006100|DBLe|2|2001|2296	PH0471-C.g136	35.336	283	156	10	25	296	2697	2963	1.24e-38	147
PfKH02_120006100|DBLe|2|2001|2296	PH0471-C.g136	31.373	255	152	10	50	296	2380	2619	8.96e-22	97.8
PfKH02_120006100|DBLe|2|2001|2296	PH0471-C.g136	28.417	278	165	8	49	296	3055	3328	8.33e-18	86.3
PfKH02_120006100|DBLe|2|2001|2296	PH0471-C.g136	27.931	290	159	12	49	292	1627	1912	1.33e-16	82.4
PfKH02_120006100|DBLe|2|2001|2296	PH0471-C.g136	27.547	265	146	8	51	269	581	845	5.23e-15	77.8
PfKH02_120006100|DBLe|2|2001|2296	PH0471-C.g136	27.113	284	146	14	32	266	76	347	3.68e-14	75.5
PfKH02_120006100|DBLe|2|2001|2296	PH0471-C.g136	27.391	230	111	10	50	225	1258	1485	9.14e-10	62.0
PfKH02_120006100|DBLe|2|2001|2296	PH0471-C.g136	27.835	194	110	9	46	209	3458	3651	8.79e-09	58.9
PfKH02_120006100|DBLe|2|2001|2296	PH0474-CW.g141	100.000	296	0	0	1	296	2001	2296	0.0	612
PfKH02_120006100|DBLe|2|2001|2296	PH0474-CW.g141	38.255	298	169	7	1	296	3805	4089	4.42e-52	186
PfKH02_120006100|DBLe|2|2001|2296	PH0474-CW.g141	37.024	289	161	8	14	296	4140	4413	4.48e-39	148
PfKH02_120006100|DBLe|2|2001|2296	PH0474-CW.g141	35.336	283	156	10	25	296	2697	2963	1.32e-38	147
PfKH02_120006100|DBLe|2|2001|2296	PH0474-CW.g141	31.373	255	152	10	50	296	2380	2619	1.02e-21	97.8
PfKH02_120006100|DBLe|2|2001|2296	PH0474-CW.g141	28.417	278	165	8	49	296	3055	3328	8.94e-18	86.3
PfKH02_120006100|DBLe|2|2001|2296	PH0474-CW.g141	28.028	289	158	12	50	292	1628	1912	1.35e-16	82.4
PfKH02_120006100|DBLe|2|2001|2296	PH0474-CW.g141	27.547	265	146	8	51	269	581	845	5.21e-15	77.8
PfKH02_120006100|DBLe|2|2001|2296	PH0474-CW.g141	27.113	284	146	14	32	266	76	347	3.38e-14	75.5
PfKH02_120006100|DBLe|2|2001|2296	PH0474-CW.g141	27.391	230	111	10	50	225	1258	1485	9.71e-10	62.0
PfKH02_120006100|DBLe|2|2001|2296	PH0474-CW.g141	27.835	194	110	9	46	209	3458	3651	8.30e-09	58.9
PfKH02_120006100|DBLe|2|2001|2296	PD0510-C.g232	100.000	296	0	0	1	296	2001	2296	0.0	612
PfKH02_120006100|DBLe|2|2001|2296	PD0510-C.g232	38.255	298	169	7	1	296	3805	4089	4.42e-52	186
PfKH02_120006100|DBLe|2|2001|2296	PD0510-C.g232	37.024	289	161	8	14	296	4140	4413	4.48e-39	148
PfKH02_120006100|DBLe|2|2001|2296	PD0510-C.g232	35.336	283	156	10	25	296	2697	2963	1.32e-38	147
PfKH02_120006100|DBLe|2|2001|2296	PD0510-C.g232	31.373	255	152	10	50	296	2380	2619	1.02e-21	97.8
PfKH02_120006100|DBLe|2|2001|2296	PD0510-C.g232	28.417	278	165	8	49	296	3055	3328	8.94e-18	86.3
PfKH02_120006100|DBLe|2|2001|2296	PD0510-C.g232	28.028	289	158	12	50	292	1628	1912	1.35e-16	82.4
PfKH02_120006100|DBLe|2|2001|2296	PD0510-C.g232	27.547	265	146	8	51	269	581	845	5.21e-15	77.8
PfKH02_120006100|DBLe|2|2001|2296	PD0510-C.g232	27.113	284	146	14	32	266	76	347	3.38e-14	75.5
PfKH02_120006100|DBLe|2|2001|2296	PD0510-C.g232	27.391	230	111	10	50	225	1258	1485	9.71e-10	62.0
PfKH02_120006100|DBLe|2|2001|2296	PD0510-C.g232	27.835	194	110	9	46	209	3458	3651	8.30e-09	58.9
PfKH02_120006100|DBLe|2|2001|2296	PD0500-C.g170	100.000	296	0	0	1	296	2001	2296	0.0	612
PfKH02_120006100|DBLe|2|2001|2296	PD0500-C.g170	38.255	298	169	7	1	296	3805	4089	4.42e-52	186
PfKH02_120006100|DBLe|2|2001|2296	PD0500-C.g170	37.024	289	161	8	14	296	4140	4413	4.48e-39	148
PfKH02_120006100|DBLe|2|2001|2296	PD0500-C.g170	35.336	283	156	10	25	296	2697	2963	1.32e-38	147
PfKH02_120006100|DBLe|2|2001|2296	PD0500-C.g170	31.373	255	152	10	50	296	2380	2619	1.02e-21	97.8
PfKH02_120006100|DBLe|2|2001|2296	PD0500-C.g170	28.417	278	165	8	49	296	3055	3328	8.94e-18	86.3
PfKH02_120006100|DBLe|2|2001|2296	PD0500-C.g170	28.028	289	158	12	50	292	1628	1912	1.35e-16	82.4
PfKH02_120006100|DBLe|2|2001|2296	PD0500-C.g170	27.547	265	146	8	51	269	581	845	5.21e-15	77.8
PfKH02_120006100|DBLe|2|2001|2296	PD0500-C.g170	27.113	284	146	14	32	266	76	347	3.38e-14	75.5
PfKH02_120006100|DBLe|2|2001|2296	PD0500-C.g170	27.391	230	111	10	50	225	1258	1485	9.71e-10	62.0
PfKH02_120006100|DBLe|2|2001|2296	PD0500-C.g170	27.835	194	110	9	46	209	3458	3651	8.30e-09	58.9
PfKH02_120006100|DBLe|2|2001|2296	PD0632-C.g20	96.000	300	8	1	1	296	2028	2327	0.0	589
PfKH02_120006100|DBLe|2|2001|2296	PD0632-C.g20	32.308	260	145	10	51	296	2411	2653	7.65e-25	107
PfKH02_120006100|DBLe|2|2001|2296	PD0632-C.g20	27.027	259	148	8	50	268	1649	1906	2.71e-15	78.6
PfKH02_120006100|DBLe|2|2001|2296	PD0632-C.g20	27.232	224	129	6	51	240	583	806	3.51e-12	69.3
PfKH02_120006100|DBLe|2|2001|2296	PD0632-C.g20	24.194	310	178	13	34	293	78	380	2.64e-10	63.5
PfKH02_120006100|DBLe|2|2001|2296	PD0632-C.g20	27.193	228	111	10	50	224	1280	1505	2.70e-09	60.5
PfKH02_120006100|DBLe|3|2336|2645	PH0471-C.g136	100.000	310	0	0	1	310	2336	2645	0.0	650
PfKH02_120006100|DBLe|3|2336|2645	PH0471-C.g136	38.132	257	143	6	2	248	4125	4375	4.17e-41	154
PfKH02_120006100|DBLe|3|2336|2645	PH0471-C.g136	41.096	219	116	4	102	310	3139	3354	2.15e-37	144
PfKH02_120006100|DBLe|3|2336|2645	PH0471-C.g136	32.095	296	166	10	36	310	2713	2994	3.22e-31	125
PfKH02_120006100|DBLe|3|2336|2645	PH0471-C.g136	31.373	255	152	10	45	284	2050	2296	3.89e-22	99.4
PfKH02_120006100|DBLe|3|2336|2645	PH0471-C.g136	29.150	247	158	8	46	284	3852	4089	8.81e-21	95.5
PfKH02_120006100|DBLe|3|2336|2645	PH0471-C.g136	27.686	242	133	8	41	241	576	816	4.24e-14	75.5
PfKH02_120006100|DBLe|3|2336|2645	PH0471-C.g136	23.552	259	148	12	46	258	96	350	3.49e-10	63.5
PfKH02_120006100|DBLe|3|2336|2645	PH0471-C.g136	25.292	257	152	10	46	262	3463	3719	3.88e-09	60.5
PfKH02_120006100|DBLe|3|2336|2645	PH0471-C.g136	25.630	238	137	8	45	242	1628	1865	9.11e-09	59.3
PfKH02_120006100|DBLe|3|2336|2645	PH0474-CW.g141	100.000	310	0	0	1	310	2336	2645	0.0	650
PfKH02_120006100|DBLe|3|2336|2645	PH0474-CW.g141	38.132	257	143	6	2	248	4125	4375	3.60e-41	154
PfKH02_120006100|DBLe|3|2336|2645	PH0474-CW.g141	41.096	219	116	4	102	310	3139	3354	2.44e-37	143
PfKH02_120006100|DBLe|3|2336|2645	PH0474-CW.g141	32.095	296	166	10	36	310	2713	2994	3.56e-31	125
PfKH02_120006100|DBLe|3|2336|2645	PH0474-CW.g141	31.373	255	152	10	45	284	2050	2296	3.91e-22	99.4
PfKH02_120006100|DBLe|3|2336|2645	PH0474-CW.g141	29.150	247	158	8	46	284	3852	4089	8.77e-21	95.5
PfKH02_120006100|DBLe|3|2336|2645	PH0474-CW.g141	27.686	242	133	8	41	241	576	816	3.88e-14	75.5
PfKH02_120006100|DBLe|3|2336|2645	PH0474-CW.g141	23.552	259	148	12	46	258	96	350	2.93e-10	63.9
PfKH02_120006100|DBLe|3|2336|2645	PH0474-CW.g141	25.292	257	152	10	46	262	3463	3719	3.26e-09	60.5
PfKH02_120006100|DBLe|3|2336|2645	PH0474-CW.g141	25.630	238	137	8	45	242	1628	1865	8.84e-09	59.3
PfKH02_120006100|DBLe|3|2336|2645	PD0510-C.g232	100.000	310	0	0	1	310	2336	2645	0.0	650
PfKH02_120006100|DBLe|3|2336|2645	PD0510-C.g232	38.132	257	143	6	2	248	4125	4375	3.60e-41	154
PfKH02_120006100|DBLe|3|2336|2645	PD0510-C.g232	41.096	219	116	4	102	310	3139	3354	2.44e-37	143
PfKH02_120006100|DBLe|3|2336|2645	PD0510-C.g232	32.095	296	166	10	36	310	2713	2994	3.56e-31	125
PfKH02_120006100|DBLe|3|2336|2645	PD0510-C.g232	31.373	255	152	10	45	284	2050	2296	3.91e-22	99.4
PfKH02_120006100|DBLe|3|2336|2645	PD0510-C.g232	29.150	247	158	8	46	284	3852	4089	8.77e-21	95.5
PfKH02_120006100|DBLe|3|2336|2645	PD0510-C.g232	27.686	242	133	8	41	241	576	816	3.88e-14	75.5
PfKH02_120006100|DBLe|3|2336|2645	PD0510-C.g232	23.552	259	148	12	46	258	96	350	2.93e-10	63.9
PfKH02_120006100|DBLe|3|2336|2645	PD0510-C.g232	25.292	257	152	10	46	262	3463	3719	3.26e-09	60.5
PfKH02_120006100|DBLe|3|2336|2645	PD0510-C.g232	25.630	238	137	8	45	242	1628	1865	8.84e-09	59.3
PfKH02_120006100|DBLe|3|2336|2645	PD0500-C.g170	100.000	310	0	0	1	310	2336	2645	0.0	650
PfKH02_120006100|DBLe|3|2336|2645	PD0500-C.g170	38.132	257	143	6	2	248	4125	4375	3.60e-41	154
PfKH02_120006100|DBLe|3|2336|2645	PD0500-C.g170	41.096	219	116	4	102	310	3139	3354	2.44e-37	143
PfKH02_120006100|DBLe|3|2336|2645	PD0500-C.g170	32.095	296	166	10	36	310	2713	2994	3.56e-31	125
PfKH02_120006100|DBLe|3|2336|2645	PD0500-C.g170	31.373	255	152	10	45	284	2050	2296	3.91e-22	99.4
PfKH02_120006100|DBLe|3|2336|2645	PD0500-C.g170	29.150	247	158	8	46	284	3852	4089	8.77e-21	95.5
PfKH02_120006100|DBLe|3|2336|2645	PD0500-C.g170	27.686	242	133	8	41	241	576	816	3.88e-14	75.5
PfKH02_120006100|DBLe|3|2336|2645	PD0500-C.g170	23.552	259	148	12	46	258	96	350	2.93e-10	63.9
PfKH02_120006100|DBLe|3|2336|2645	PD0500-C.g170	25.292	257	152	10	46	262	3463	3719	3.26e-09	60.5
PfKH02_120006100|DBLe|3|2336|2645	PD0500-C.g170	25.630	238	137	8	45	242	1628	1865	8.84e-09	59.3
PfKH02_120006100|DBLe|3|2336|2645	PV0089-C.g22	88.462	312	32	3	1	310	2371	2680	0.0	564
PfKH02_120006100|DBLe|3|2336|2645	PV0089-C.g22	29.323	266	162	10	36	284	2748	3004	2.19e-22	100
PfKH02_120006100|DBLe|3|2336|2645	PV0089-C.g22	30.651	261	152	10	45	284	2079	2331	1.17e-20	95.1
PfKH02_120006100|DBLe|3|2336|2645	PV0089-C.g22	26.349	315	148	11	21	255	556	866	4.66e-17	84.3
PfKH02_120006100|DBLe|3|2336|2645	PV0089-C.g22	24.176	273	155	13	35	258	85	354	5.33e-09	59.7
PfKH02_120006100|DBLe|3|2336|2645	PV0089-C.g22	25.830	271	159	10	11	242	1626	1893	8.07e-09	59.3
PfKH02_120006100|DBLe|3|2336|2645	PV0089-C.g22	26.596	188	102	8	102	257	1389	1572	9.57e-09	58.9
PfKH02_120006100|DBLe|4|2676|2994	QG0208-C.g199	100.000	319	0	0	1	319	1860	2178	0.0	671
PfKH02_120006100|DBLe|4|2676|2994	QG0208-C.g199	25.382	327	179	10	45	319	1516	1829	4.76e-20	93.2
PfKH02_120006100|DBLe|4|2676|2994	QG0208-C.g199	28.363	342	186	12	19	319	2219	2542	1.06e-17	86.3
PfKH02_120006100|DBLe|4|2676|2994	QG0208-C.g199	24.113	282	143	11	46	258	114	393	2.28e-09	61.2
PfKH02_120006100|DBLe|4|2676|2994	PH0471-C.g136	100.000	319	0	0	1	319	2676	2994	0.0	669
PfKH02_120006100|DBLe|4|2676|2994	PH0471-C.g136	35.336	283	156	10	22	288	2025	2296	1.20e-38	147
PfKH02_120006100|DBLe|4|2676|2994	PH0471-C.g136	32.095	296	166	10	38	319	2371	2645	5.52e-31	125
PfKH02_120006100|DBLe|4|2676|2994	PH0471-C.g136	30.132	302	178	10	2	288	3806	4089	2.49e-30	123
PfKH02_120006100|DBLe|4|2676|2994	PH0471-C.g136	33.992	253	147	8	4	249	4134	4373	4.28e-28	117
PfKH02_120006100|DBLe|4|2676|2994	PH0471-C.g136	29.532	342	178	12	19	319	3035	3354	1.37e-21	97.8
PfKH02_120006100|DBLe|4|2676|2994	PH0471-C.g136	28.477	302	163	13	48	296	3463	3764	2.53e-18	88.2
PfKH02_120006100|DBLe|4|2676|2994	PH0471-C.g136	27.986	293	159	10	20	270	1611	1893	1.91e-15	79.7
PfKH02_120006100|DBLe|4|2676|2994	PH0471-C.g136	26.437	261	133	11	48	258	96	347	4.09e-15	78.6
PfKH02_120006100|DBLe|4|2676|2994	PH0471-C.g136	28.261	184	92	6	97	246	641	818	1.88e-14	76.6
PfKH02_120006100|DBLe|4|2676|2994	PH0471-C.g136	21.404	285	154	7	42	259	1253	1534	3.65e-09	60.5
PfKH02_120006100|DBLe|4|2676|2994	PH0474-CW.g141	100.000	319	0	0	1	319	2676	2994	0.0	668
PfKH02_120006100|DBLe|4|2676|2994	PH0474-CW.g141	35.336	283	156	10	22	288	2025	2296	1.38e-38	147
PfKH02_120006100|DBLe|4|2676|2994	PH0474-CW.g141	32.095	296	166	10	38	319	2371	2645	7.03e-31	125
PfKH02_120006100|DBLe|4|2676|2994	PH0474-CW.g141	30.132	302	178	10	2	288	3806	4089	2.32e-30	123
PfKH02_120006100|DBLe|4|2676|2994	PH0474-CW.g141	33.992	253	147	8	4	249	4134	4373	4.06e-28	117
PfKH02_120006100|DBLe|4|2676|2994	PH0474-CW.g141	29.532	342	178	12	19	319	3035	3354	1.71e-21	97.8
PfKH02_120006100|DBLe|4|2676|2994	PH0474-CW.g141	28.146	302	164	12	48	296	3463	3764	2.66e-18	88.2
PfKH02_120006100|DBLe|4|2676|2994	PH0474-CW.g141	27.986	293	159	10	20	270	1611	1893	1.69e-15	79.7
PfKH02_120006100|DBLe|4|2676|2994	PH0474-CW.g141	26.255	259	136	10	48	258	96	347	3.49e-15	79.0
PfKH02_120006100|DBLe|4|2676|2994	PH0474-CW.g141	28.261	184	92	6	97	246	641	818	2.11e-14	76.6
PfKH02_120006100|DBLe|4|2676|2994	PH0474-CW.g141	21.404	285	154	7	42	259	1253	1534	3.48e-09	60.5
PfKH02_120006100|DBLe|4|2676|2994	PD0510-C.g232	100.000	319	0	0	1	319	2676	2994	0.0	668
PfKH02_120006100|DBLe|4|2676|2994	PD0510-C.g232	35.336	283	156	10	22	288	2025	2296	1.38e-38	147
PfKH02_120006100|DBLe|4|2676|2994	PD0510-C.g232	32.095	296	166	10	38	319	2371	2645	7.03e-31	125
PfKH02_120006100|DBLe|4|2676|2994	PD0510-C.g232	30.132	302	178	10	2	288	3806	4089	2.32e-30	123
PfKH02_120006100|DBLe|4|2676|2994	PD0510-C.g232	33.992	253	147	8	4	249	4134	4373	4.06e-28	117
PfKH02_120006100|DBLe|4|2676|2994	PD0510-C.g232	29.532	342	178	12	19	319	3035	3354	1.71e-21	97.8
PfKH02_120006100|DBLe|4|2676|2994	PD0510-C.g232	28.146	302	164	12	48	296	3463	3764	2.66e-18	88.2
PfKH02_120006100|DBLe|4|2676|2994	PD0510-C.g232	27.986	293	159	10	20	270	1611	1893	1.69e-15	79.7
PfKH02_120006100|DBLe|4|2676|2994	PD0510-C.g232	26.255	259	136	10	48	258	96	347	3.49e-15	79.0
PfKH02_120006100|DBLe|4|2676|2994	PD0510-C.g232	28.261	184	92	6	97	246	641	818	2.11e-14	76.6
PfKH02_120006100|DBLe|4|2676|2994	PD0510-C.g232	21.404	285	154	7	42	259	1253	1534	3.48e-09	60.5
PfKH02_120006100|DBLe|4|2676|2994	PD0500-C.g170	100.000	319	0	0	1	319	2676	2994	0.0	668
PfKH02_120006100|DBLe|4|2676|2994	PD0500-C.g170	35.336	283	156	10	22	288	2025	2296	1.38e-38	147
PfKH02_120006100|DBLe|4|2676|2994	PD0500-C.g170	32.095	296	166	10	38	319	2371	2645	7.03e-31	125
PfKH02_120006100|DBLe|4|2676|2994	PD0500-C.g170	30.132	302	178	10	2	288	3806	4089	2.32e-30	123
PfKH02_120006100|DBLe|4|2676|2994	PD0500-C.g170	33.992	253	147	8	4	249	4134	4373	4.06e-28	117
PfKH02_120006100|DBLe|4|2676|2994	PD0500-C.g170	29.532	342	178	12	19	319	3035	3354	1.71e-21	97.8
PfKH02_120006100|DBLe|4|2676|2994	PD0500-C.g170	28.146	302	164	12	48	296	3463	3764	2.66e-18	88.2
PfKH02_120006100|DBLe|4|2676|2994	PD0500-C.g170	27.986	293	159	10	20	270	1611	1893	1.69e-15	79.7
PfKH02_120006100|DBLe|4|2676|2994	PD0500-C.g170	26.255	259	136	10	48	258	96	347	3.49e-15	79.0
PfKH02_120006100|DBLe|4|2676|2994	PD0500-C.g170	28.261	184	92	6	97	246	641	818	2.11e-14	76.6
PfKH02_120006100|DBLe|4|2676|2994	PD0500-C.g170	21.404	285	154	7	42	259	1253	1534	3.48e-09	60.5
PfKH02_120006100|DBLe|5|3003|3354	PH0471-C.g136	100.000	352	0	0	1	352	3003	3354	0.0	719
PfKH02_120006100|DBLe|5|3003|3354	PH0471-C.g136	41.096	219	116	4	137	352	2437	2645	4.46e-44	164
PfKH02_120006100|DBLe|5|3003|3354	PH0471-C.g136	29.532	342	178	12	33	352	2694	2994	5.99e-25	108
PfKH02_120006100|DBLe|5|3003|3354	PH0471-C.g136	29.032	279	162	9	53	326	2049	2296	7.45e-21	96.7
PfKH02_120006100|DBLe|5|3003|3354	PH0471-C.g136	27.599	279	150	12	57	326	4178	4413	6.17e-18	87.8
PfKH02_120006100|DBLe|5|3003|3354	PH0471-C.g136	30.622	209	124	8	135	335	3904	4099	3.86e-17	85.5
PfKH02_120006100|DBLe|5|3003|3354	PH0471-C.g136	24.188	277	174	10	57	299	1261	1535	6.55e-11	66.2
PfKH02_120006100|DBLe|5|3003|3354	PH0471-C.g136	25.153	326	176	14	57	350	3465	3754	1.36e-10	65.5
PfKH02_120006100|DBLe|5|3003|3354	PH0471-C.g136	24.038	312	156	10	41	297	557	842	1.72e-10	65.1
PfKH02_120006100|DBLe|5|3003|3354	PH0474-CW.g141	100.000	352	0	0	1	352	3003	3354	0.0	719
PfKH02_120006100|DBLe|5|3003|3354	PH0474-CW.g141	41.096	219	116	4	137	352	2437	2645	5.79e-44	164
PfKH02_120006100|DBLe|5|3003|3354	PH0474-CW.g141	29.532	342	178	12	33	352	2694	2994	6.30e-25	108
PfKH02_120006100|DBLe|5|3003|3354	PH0474-CW.g141	29.032	279	162	9	53	326	2049	2296	8.05e-21	96.7
PfKH02_120006100|DBLe|5|3003|3354	PH0474-CW.g141	27.798	277	152	11	57	326	4178	4413	5.81e-18	87.8
PfKH02_120006100|DBLe|5|3003|3354	PH0474-CW.g141	30.622	209	124	8	135	335	3904	4099	4.29e-17	85.5
PfKH02_120006100|DBLe|5|3003|3354	PH0474-CW.g141	24.188	277	174	10	57	299	1261	1535	6.01e-11	66.6
PfKH02_120006100|DBLe|5|3003|3354	PH0474-CW.g141	25.153	326	176	14	57	350	3465	3754	1.21e-10	65.5
PfKH02_120006100|DBLe|5|3003|3354	PH0474-CW.g141	24.522	314	152	11	41	297	557	842	1.54e-10	65.1
PfKH02_120006100|DBLe|5|3003|3354	PD0510-C.g232	100.000	352	0	0	1	352	3003	3354	0.0	719
PfKH02_120006100|DBLe|5|3003|3354	PD0510-C.g232	41.096	219	116	4	137	352	2437	2645	5.79e-44	164
PfKH02_120006100|DBLe|5|3003|3354	PD0510-C.g232	29.532	342	178	12	33	352	2694	2994	6.30e-25	108
PfKH02_120006100|DBLe|5|3003|3354	PD0510-C.g232	29.032	279	162	9	53	326	2049	2296	8.05e-21	96.7
PfKH02_120006100|DBLe|5|3003|3354	PD0510-C.g232	27.798	277	152	11	57	326	4178	4413	5.81e-18	87.8
PfKH02_120006100|DBLe|5|3003|3354	PD0510-C.g232	30.622	209	124	8	135	335	3904	4099	4.29e-17	85.5
PfKH02_120006100|DBLe|5|3003|3354	PD0510-C.g232	24.188	277	174	10	57	299	1261	1535	6.01e-11	66.6
PfKH02_120006100|DBLe|5|3003|3354	PD0510-C.g232	25.153	326	176	14	57	350	3465	3754	1.21e-10	65.5
PfKH02_120006100|DBLe|5|3003|3354	PD0510-C.g232	24.522	314	152	11	41	297	557	842	1.54e-10	65.1
PfKH02_120006100|DBLe|5|3003|3354	PD0500-C.g170	100.000	352	0	0	1	352	3003	3354	0.0	719
PfKH02_120006100|DBLe|5|3003|3354	PD0500-C.g170	41.096	219	116	4	137	352	2437	2645	5.79e-44	164
PfKH02_120006100|DBLe|5|3003|3354	PD0500-C.g170	29.532	342	178	12	33	352	2694	2994	6.30e-25	108
PfKH02_120006100|DBLe|5|3003|3354	PD0500-C.g170	29.032	279	162	9	53	326	2049	2296	8.05e-21	96.7
PfKH02_120006100|DBLe|5|3003|3354	PD0500-C.g170	27.798	277	152	11	57	326	4178	4413	5.81e-18	87.8
PfKH02_120006100|DBLe|5|3003|3354	PD0500-C.g170	30.622	209	124	8	135	335	3904	4099	4.29e-17	85.5
PfKH02_120006100|DBLe|5|3003|3354	PD0500-C.g170	24.188	277	174	10	57	299	1261	1535	6.01e-11	66.6
PfKH02_120006100|DBLe|5|3003|3354	PD0500-C.g170	25.153	326	176	14	57	350	3465	3754	1.21e-10	65.5
PfKH02_120006100|DBLe|5|3003|3354	PD0500-C.g170	24.522	314	152	11	41	297	557	842	1.54e-10	65.1
PfKH02_120006100|DBLe|5|3003|3354	QG0208-C.g199	91.922	359	19	3	1	352	2187	2542	0.0	617
PfKH02_120006100|DBLe|5|3003|3354	QG0208-C.g199	32.288	319	183	6	57	352	1521	1829	1.01e-38	149
PfKH02_120006100|DBLe|5|3003|3354	QG0208-C.g199	29.532	342	178	12	33	352	1878	2178	2.35e-24	107
PfKH02_120006100|DBLe|6|3805|4089	PH0471-C.g136	100.000	285	0	0	1	285	3805	4089	0.0	596
PfKH02_120006100|DBLe|6|3805|4089	PH0471-C.g136	38.255	298	169	7	1	285	2001	2296	2.34e-52	186
PfKH02_120006100|DBLe|6|3805|4089	PH0471-C.g136	33.218	289	177	9	4	285	4134	4413	4.76e-38	144
PfKH02_120006100|DBLe|6|3805|4089	PH0471-C.g136	30.132	302	178	10	2	285	2677	2963	1.22e-30	123
PfKH02_120006100|DBLe|6|3805|4089	PH0471-C.g136	29.150	247	158	8	48	285	2381	2619	6.24e-21	95.1
PfKH02_120006100|DBLe|6|3805|4089	PH0471-C.g136	28.934	197	124	5	100	285	3137	3328	2.52e-14	75.5
PfKH02_120006100|DBLe|6|3805|4089	PH0471-C.g136	28.125	320	156	16	33	285	1612	1924	2.43e-13	72.4
PfKH02_120006100|DBLe|6|3805|4089	PH0471-C.g136	27.586	232	114	7	48	231	581	806	3.62e-13	72.0
PfKH02_120006100|DBLe|6|3805|4089	PH0471-C.g136	26.009	223	126	7	43	226	3458	3680	6.05e-07	53.1
PfKH02_120006100|DBLe|6|3805|4089	PH0474-CW.g141	100.000	285	0	0	1	285	3805	4089	0.0	595
PfKH02_120006100|DBLe|6|3805|4089	PH0474-CW.g141	38.255	298	169	7	1	285	2001	2296	1.81e-52	186
PfKH02_120006100|DBLe|6|3805|4089	PH0474-CW.g141	33.218	289	177	9	4	285	4134	4413	4.23e-38	145
PfKH02_120006100|DBLe|6|3805|4089	PH0474-CW.g141	30.132	302	178	10	2	285	2677	2963	1.20e-30	123
PfKH02_120006100|DBLe|6|3805|4089	PH0474-CW.g141	29.150	247	158	8	48	285	2381	2619	6.22e-21	95.1
PfKH02_120006100|DBLe|6|3805|4089	PH0474-CW.g141	28.934	197	124	5	100	285	3137	3328	2.40e-14	75.5
PfKH02_120006100|DBLe|6|3805|4089	PH0474-CW.g141	28.125	320	156	16	33	285	1612	1924	2.34e-13	72.8
PfKH02_120006100|DBLe|6|3805|4089	PH0474-CW.g141	27.586	232	114	7	48	231	581	806	2.92e-13	72.4
PfKH02_120006100|DBLe|6|3805|4089	PH0474-CW.g141	27.354	223	123	8	43	226	3458	3680	4.60e-07	53.5
PfKH02_120006100|DBLe|6|3805|4089	PD0510-C.g232	100.000	285	0	0	1	285	3805	4089	0.0	595
PfKH02_120006100|DBLe|6|3805|4089	PD0510-C.g232	38.255	298	169	7	1	285	2001	2296	1.81e-52	186
PfKH02_120006100|DBLe|6|3805|4089	PD0510-C.g232	33.218	289	177	9	4	285	4134	4413	4.23e-38	145
PfKH02_120006100|DBLe|6|3805|4089	PD0510-C.g232	30.132	302	178	10	2	285	2677	2963	1.20e-30	123
PfKH02_120006100|DBLe|6|3805|4089	PD0510-C.g232	29.150	247	158	8	48	285	2381	2619	6.22e-21	95.1
PfKH02_120006100|DBLe|6|3805|4089	PD0510-C.g232	28.934	197	124	5	100	285	3137	3328	2.40e-14	75.5
PfKH02_120006100|DBLe|6|3805|4089	PD0510-C.g232	28.125	320	156	16	33	285	1612	1924	2.34e-13	72.8
PfKH02_120006100|DBLe|6|3805|4089	PD0510-C.g232	27.586	232	114	7	48	231	581	806	2.92e-13	72.4
PfKH02_120006100|DBLe|6|3805|4089	PD0510-C.g232	27.354	223	123	8	43	226	3458	3680	4.60e-07	53.5
PfKH02_120006100|DBLe|6|3805|4089	PD0500-C.g170	100.000	285	0	0	1	285	3805	4089	0.0	595
PfKH02_120006100|DBLe|6|3805|4089	PD0500-C.g170	38.255	298	169	7	1	285	2001	2296	1.81e-52	186
PfKH02_120006100|DBLe|6|3805|4089	PD0500-C.g170	33.218	289	177	9	4	285	4134	4413	4.23e-38	145
PfKH02_120006100|DBLe|6|3805|4089	PD0500-C.g170	30.132	302	178	10	2	285	2677	2963	1.20e-30	123
PfKH02_120006100|DBLe|6|3805|4089	PD0500-C.g170	29.150	247	158	8	48	285	2381	2619	6.22e-21	95.1
PfKH02_120006100|DBLe|6|3805|4089	PD0500-C.g170	28.934	197	124	5	100	285	3137	3328	2.40e-14	75.5
PfKH02_120006100|DBLe|6|3805|4089	PD0500-C.g170	28.125	320	156	16	33	285	1612	1924	2.34e-13	72.8
PfKH02_120006100|DBLe|6|3805|4089	PD0500-C.g170	27.586	232	114	7	48	231	581	806	2.92e-13	72.4
PfKH02_120006100|DBLe|6|3805|4089	PD0500-C.g170	27.354	223	123	8	43	226	3458	3680	4.60e-07	53.5
PfKH02_120006100|DBLe|6|3805|4089	QG0196-C.g438	99.649	285	1	0	1	285	3123	3407	0.0	594
PfKH02_120006100|DBLe|6|3805|4089	QG0196-C.g438	38.158	304	164	8	1	285	2024	2322	5.90e-50	179
PfKH02_120006100|DBLe|6|3805|4089	QG0196-C.g438	33.218	289	177	9	4	285	3452	3731	5.41e-38	144
PfKH02_120006100|DBLe|6|3805|4089	QG0196-C.g438	27.972	286	192	7	7	285	2368	2646	8.73e-22	97.4
PfKH02_120006100|DBLe|6|3805|4089	QG0196-C.g438	28.025	314	158	16	33	285	1639	1945	2.00e-15	79.0
PfKH02_120006100|DBLe|6|3805|4089	QG0196-C.g438	29.365	252	110	10	48	231	583	834	1.44e-12	70.1
PfKH02_120006100|DBLe|6|3805|4089	QG0196-C.g438	27.374	179	105	5	103	256	1383	1561	7.28e-10	62.0
PfKH02_120006100|DBLe|6|3805|4089	QG0196-C.g438	25.203	246	124	13	26	216	73	313	1.06e-07	55.5
PfKH02_120006100|DBLe|6|3805|4089	QG0196-C.g438	26.009	223	126	7	43	226	2776	2998	6.70e-07	53.1
PfKH02_120006100|DBLe|7|4131|4413	PC0080-C.g441	100.000	283	0	0	1	283	396	678	0.0	588
PfKH02_120006100|DBLe|7|4131|4413	PC0080-C.g441	37.153	288	163	9	10	283	71	354	4.67e-37	141
PfKH02_120006100|DBLe|7|4131|4413	QE0469-C.g873	100.000	283	0	0	1	283	620	902	0.0	586
PfKH02_120006100|DBLe|7|4131|4413	QE0469-C.g873	35.906	298	160	10	10	283	288	578	7.33e-34	132
PfKH02_120006100|DBLe|7|4131|4413	PV0147-C.g2	100.000	283	0	0	1	283	2362	2644	0.0	586
PfKH02_120006100|DBLe|7|4131|4413	PV0147-C.g2	35.932	295	164	9	10	283	2030	2320	2.93e-34	134
PfKH02_120006100|DBLe|7|4131|4413	PV0147-C.g2	27.111	225	106	10	46	213	578	801	4.36e-13	71.6
PfKH02_120006100|DBLe|7|4131|4413	PV0147-C.g2	23.875	289	157	10	19	252	1614	1894	2.88e-11	66.2
PfKH02_120006100|DBLe|7|4131|4413	PV0147-C.g2	24.080	299	155	11	37	276	86	371	3.13e-11	66.2
PfKH02_120006100|DBLe|7|4131|4413	PV0147-C.g2	23.986	296	149	13	48	282	1285	1565	8.44e-08	55.8
PfKH02_120006100|DBLe|7|4131|4413	PV0139-C.g9	100.000	283	0	0	1	283	2344	2626	0.0	586
PfKH02_120006100|DBLe|7|4131|4413	PV0139-C.g9	35.906	298	160	10	10	283	2012	2302	3.38e-34	133
PfKH02_120006100|DBLe|7|4131|4413	PV0139-C.g9	25.410	244	140	6	12	213	546	789	1.57e-15	79.0
PfKH02_120006100|DBLe|7|4131|4413	PV0139-C.g9	25.641	234	120	8	37	227	87	309	2.13e-12	69.7
PfKH02_120006100|DBLe|7|4131|4413	PV0139-C.g9	25.000	276	162	10	19	252	1602	1874	1.71e-10	63.9
PfKH02_120006100|DBLe|7|4131|4413	PV0139-C.g9	23.051	295	152	12	48	282	1274	1553	1.84e-08	57.8
PfKH02_120006100|DBLe|7|4131|4413	PV0134-C.g6	100.000	283	0	0	1	283	2344	2626	0.0	586
PfKH02_120006100|DBLe|7|4131|4413	PV0134-C.g6	35.906	298	160	10	10	283	2012	2302	3.38e-34	133
PfKH02_120006100|DBLe|7|4131|4413	PV0134-C.g6	25.410	244	140	6	12	213	546	789	1.57e-15	79.0
PfKH02_120006100|DBLe|7|4131|4413	PV0134-C.g6	25.641	234	120	8	37	227	87	309	2.13e-12	69.7
PfKH02_120006100|DBLe|7|4131|4413	PV0134-C.g6	25.000	276	162	10	19	252	1602	1874	1.71e-10	63.9
PfKH02_120006100|DBLe|7|4131|4413	PV0134-C.g6	23.051	295	152	12	48	282	1274	1553	1.84e-08	57.8
PfKH02_120006100|ATS|1|4630|5083	PH0471-C.g136	100.000	454	0	0	1	454	4630	5083	0.0	936
PfKH02_120006100|ATS|1|4630|5083	PV0147-C.g2	100.000	454	0	0	1	454	2861	3314	0.0	936
PfKH02_120006100|ATS|1|4630|5083	PV0020-C.g2	100.000	454	0	0	1	454	2861	3314	0.0	936
PfKH02_120006100|ATS|1|4630|5083	QE0415-C.g724	100.000	454	0	0	1	454	2835	3288	0.0	935
PfKH02_120006100|ATS|1|4630|5083	PT0052-C.g402	99.780	454	1	0	1	454	2831	3284	0.0	933
PfKH02_120024500|NTS|1|1|58	PH0114-C.g6	100.000	58	0	0	1	58	1	58	9.71e-34	122
PfKH02_120024500|NTS|1|1|58	PD0626-C.g750	100.000	58	0	0	1	58	1	58	9.90e-34	122
PfKH02_120024500|NTS|1|1|58	QE0471-C.g96	100.000	58	0	0	1	58	1	58	9.99e-34	122
PfKH02_120024500|NTS|1|1|58	QE0453-C.g554	100.000	58	0	0	1	58	1	58	1.01e-33	122
PfKH02_120024500|NTS|1|1|58	QE0395-C.g652	100.000	58	0	0	1	58	1	58	1.01e-33	122
PfKH02_120024500|DBLa|1|59|450	PH0121-CW.g14	100.000	392	0	0	1	392	59	450	0.0	823
PfKH02_120024500|DBLa|1|59|450	PH0121-CW.g14	33.456	272	157	8	1	262	2368	2625	2.58e-32	131
PfKH02_120024500|DBLa|1|59|450	PH0121-CW.g14	33.333	255	135	8	164	392	1761	2006	1.12e-27	117
PfKH02_120024500|DBLa|1|59|450	PH0121-CW.g14	29.769	346	183	13	8	334	797	1101	2.62e-27	116
PfKH02_120024500|DBLa|1|59|450	PH0121-CW.g14	25.993	277	153	8	49	325	2807	3031	3.43e-15	80.1
PfKH02_120024500|DBLa|1|59|450	PH0121-CW.g14	26.214	309	158	13	26	312	1216	1476	3.64e-10	64.7
PfKH02_120024500|DBLa|1|59|450	PD0582-C.g186	100.000	392	0	0	1	392	59	450	0.0	823
PfKH02_120024500|DBLa|1|59|450	PD0582-C.g186	33.456	272	157	8	1	262	2368	2625	2.58e-32	131
PfKH02_120024500|DBLa|1|59|450	PD0582-C.g186	33.333	255	135	8	164	392	1761	2006	1.12e-27	117
PfKH02_120024500|DBLa|1|59|450	PD0582-C.g186	29.769	346	183	13	8	334	797	1101	2.62e-27	116
PfKH02_120024500|DBLa|1|59|450	PD0582-C.g186	25.993	277	153	8	49	325	2807	3031	3.43e-15	80.1
PfKH02_120024500|DBLa|1|59|450	PD0582-C.g186	26.214	309	158	13	26	312	1216	1476	3.64e-10	64.7
PfKH02_120024500|DBLa|1|59|450	PA0071-C.g26	100.000	392	0	0	1	392	59	450	0.0	822
PfKH02_120024500|DBLa|1|59|450	PA0071-C.g26	30.864	324	167	12	8	312	797	1082	5.20e-27	115
PfKH02_120024500|DBLa|1|59|450	PA0071-C.g26	24.367	316	188	11	26	323	1217	1499	1.08e-11	69.3
PfKH02_120024500|DBLa|1|59|450	QG0214-C.g520	100.000	392	0	0	1	392	59	450	0.0	822
PfKH02_120024500|DBLa|1|59|450	QG0214-C.g520	29.769	346	183	13	8	334	797	1101	2.54e-27	116
PfKH02_120024500|DBLa|1|59|450	QG0214-C.g520	26.214	309	158	13	26	312	1216	1476	4.69e-10	63.9
PfKH02_120024500|DBLa|1|59|450	QG0196-C.g529	100.000	392	0	0	1	392	59	450	0.0	822
PfKH02_120024500|DBLa|1|59|450	QG0196-C.g529	29.769	346	183	13	8	334	797	1101	2.36e-27	117
PfKH02_120024500|DBLa|1|59|450	QG0196-C.g529	30.620	258	138	7	170	392	1803	2054	3.57e-21	98.2
PfKH02_120024500|DBLa|1|59|450	QG0196-C.g529	26.214	309	158	13	26	312	1216	1476	6.22e-10	63.5
PfKH02_120024500|CIDRa|1|451|701	QG0214-C.g520	99.602	251	1	0	1	251	451	701	3.72e-169	513
PfKH02_120024500|CIDRa|1|451|701	PA0071-C.g26	99.602	251	1	0	1	251	451	701	5.12e-169	513
PfKH02_120024500|CIDRa|1|451|701	PH0114-C.g6	100.000	251	0	0	1	251	451	701	1.93e-168	515
PfKH02_120024500|CIDRa|1|451|701	PH0121-CW.g14	100.000	251	0	0	1	251	451	701	4.90e-168	516
PfKH02_120024500|CIDRa|1|451|701	PD0582-C.g186	100.000	251	0	0	1	251	451	701	4.90e-168	516
PfKH02_120024500|DBLb|1|730|1183	PH0121-CW.g14	100.000	454	0	0	1	454	730	1183	0.0	957
PfKH02_120024500|DBLb|1|730|1183	PH0121-CW.g14	34.375	288	165	9	87	360	2391	2668	4.55e-36	144
PfKH02_120024500|DBLb|1|730|1183	PH0121-CW.g14	30.899	356	182	16	24	336	19	353	1.70e-25	112
PfKH02_120024500|DBLb|1|730|1183	PH0121-CW.g14	28.016	257	145	8	99	353	2800	3018	1.35e-19	94.7
PfKH02_120024500|DBLb|1|730|1183	PH0121-CW.g14	26.752	314	179	12	61	353	1193	1476	7.13e-19	92.4
PfKH02_120024500|DBLb|1|730|1183	PH0121-CW.g14	25.414	181	82	6	237	364	1764	1944	8.32e-07	54.3
PfKH02_120024500|DBLb|1|730|1183	PD0582-C.g186	100.000	454	0	0	1	454	730	1183	0.0	957
PfKH02_120024500|DBLb|1|730|1183	PD0582-C.g186	34.375	288	165	9	87	360	2391	2668	4.55e-36	144
PfKH02_120024500|DBLb|1|730|1183	PD0582-C.g186	30.899	356	182	16	24	336	19	353	1.70e-25	112
PfKH02_120024500|DBLb|1|730|1183	PD0582-C.g186	28.016	257	145	8	99	353	2800	3018	1.35e-19	94.7
PfKH02_120024500|DBLb|1|730|1183	PD0582-C.g186	26.752	314	179	12	61	353	1193	1476	7.13e-19	92.4
PfKH02_120024500|DBLb|1|730|1183	PD0582-C.g186	25.414	181	82	6	237	364	1764	1944	8.32e-07	54.3
PfKH02_120024500|DBLb|1|730|1183	PD0626-C.g750	100.000	454	0	0	1	454	730	1183	0.0	955
PfKH02_120024500|DBLb|1|730|1183	PD0626-C.g750	34.375	288	165	9	87	360	2391	2668	4.55e-36	144
PfKH02_120024500|DBLb|1|730|1183	PD0626-C.g750	31.596	307	153	12	68	336	66	353	1.50e-25	112
PfKH02_120024500|DBLb|1|730|1183	PD0626-C.g750	26.752	314	179	12	61	353	1193	1476	7.47e-19	92.4
PfKH02_120024500|DBLb|1|730|1183	QG0214-C.g520	100.000	454	0	0	1	454	730	1183	0.0	954
PfKH02_120024500|DBLb|1|730|1183	QG0214-C.g520	31.596	307	153	12	68	336	66	353	8.64e-26	113
PfKH02_120024500|DBLb|1|730|1183	QG0214-C.g520	26.752	314	179	12	61	353	1193	1476	5.74e-19	92.8
PfKH02_120024500|DBLb|1|730|1183	PH0495-CW.g247	100.000	454	0	0	1	454	370	823	0.0	954
PfKH02_120024500|DBLb|1|730|1183	PH0495-CW.g247	34.375	288	165	9	87	360	2031	2308	4.79e-36	144
PfKH02_120024500|DBLb|1|730|1183	PH0495-CW.g247	28.016	257	145	8	99	353	2440	2658	2.03e-19	94.0
PfKH02_120024500|DBLb|1|730|1183	PH0495-CW.g247	26.752	314	179	12	61	353	833	1116	7.18e-19	92.4
PfKH02_120024500|DBLg|1|1194|1539	QG0214-C.g520	100.000	346	0	0	1	346	1194	1539	0.0	713
PfKH02_120024500|DBLg|1|1194|1539	QG0214-C.g520	27.139	339	188	14	1	301	791	1108	5.50e-19	90.9
PfKH02_120024500|DBLg|1|1194|1539	QG0214-C.g520	26.693	251	115	10	1	183	1547	1796	3.61e-15	79.3
PfKH02_120024500|DBLg|1|1194|1539	QG0196-C.g529	100.000	346	0	0	1	346	1194	1539	0.0	713
PfKH02_120024500|DBLg|1|1194|1539	QG0196-C.g529	26.796	362	147	13	45	288	1621	1982	1.71e-23	104
PfKH02_120024500|DBLg|1|1194|1539	QG0196-C.g529	26.837	313	178	12	1	283	791	1082	5.94e-19	90.9
PfKH02_120024500|DBLg|1|1194|1539	PH0121-CW.g14	100.000	346	0	0	1	346	1194	1539	0.0	713
PfKH02_120024500|DBLg|1|1194|1539	PH0121-CW.g14	29.639	388	167	15	1	283	1547	1933	2.27e-34	136
PfKH02_120024500|DBLg|1|1194|1539	PH0121-CW.g14	30.938	320	165	13	37	346	2801	3074	3.69e-31	127
PfKH02_120024500|DBLg|1|1194|1539	PH0121-CW.g14	27.157	313	177	12	1	283	791	1082	5.04e-19	90.9
PfKH02_120024500|DBLg|1|1194|1539	PH0121-CW.g14	27.165	254	149	9	20	253	2389	2626	5.98e-13	72.4
PfKH02_120024500|DBLg|1|1194|1539	PD0582-C.g186	100.000	346	0	0	1	346	1194	1539	0.0	713
PfKH02_120024500|DBLg|1|1194|1539	PD0582-C.g186	29.639	388	167	15	1	283	1547	1933	2.27e-34	136
PfKH02_120024500|DBLg|1|1194|1539	PD0582-C.g186	30.938	320	165	13	37	346	2801	3074	3.69e-31	127
PfKH02_120024500|DBLg|1|1194|1539	PD0582-C.g186	27.157	313	177	12	1	283	791	1082	5.04e-19	90.9
PfKH02_120024500|DBLg|1|1194|1539	PD0582-C.g186	27.165	254	149	9	20	253	2389	2626	5.98e-13	72.4
PfKH02_120024500|DBLg|1|1194|1539	PH0114-C.g6	100.000	346	0	0	1	346	1194	1539	0.0	712
PfKH02_120024500|DBLg|1|1194|1539	PH0114-C.g6	29.639	388	167	15	1	283	1547	1933	2.34e-34	136
PfKH02_120024500|DBLg|1|1194|1539	PH0114-C.g6	26.837	313	178	12	1	283	791	1082	5.69e-19	90.9
PfKH02_120024500|DBLd|1|1547|2006	PH0121-CW.g14	100.000	460	0	0	1	460	1547	2006	0.0	950
PfKH02_120024500|DBLd|1|1547|2006	PH0121-CW.g14	28.608	388	171	14	1	387	1194	1476	8.19e-34	137
PfKH02_120024500|DBLd|1|1547|2006	PH0121-CW.g14	31.802	283	156	9	187	460	196	450	1.68e-23	106
PfKH02_120024500|DBLd|1|1547|2006	PH0121-CW.g14	22.350	349	171	12	56	398	839	1093	3.00e-09	62.0
PfKH02_120024500|DBLd|1|1547|2006	PH0121-CW.g14	27.461	193	101	7	150	339	2471	2627	6.42e-09	61.2
PfKH02_120024500|DBLd|1|1547|2006	PD0582-C.g186	100.000	460	0	0	1	460	1547	2006	0.0	950
PfKH02_120024500|DBLd|1|1547|2006	PD0582-C.g186	28.608	388	171	14	1	387	1194	1476	8.19e-34	137
PfKH02_120024500|DBLd|1|1547|2006	PD0582-C.g186	31.802	283	156	9	187	460	196	450	1.68e-23	106
PfKH02_120024500|DBLd|1|1547|2006	PD0582-C.g186	22.350	349	171	12	56	398	839	1093	3.00e-09	62.0
PfKH02_120024500|DBLd|1|1547|2006	PD0582-C.g186	27.461	193	101	7	150	339	2471	2627	6.42e-09	61.2
PfKH02_120024500|DBLd|1|1547|2006	PH0114-C.g6	100.000	460	0	0	1	460	1547	2006	0.0	949
PfKH02_120024500|DBLd|1|1547|2006	PH0114-C.g6	28.608	388	171	14	1	387	1194	1476	1.05e-33	137
PfKH02_120024500|DBLd|1|1547|2006	PH0114-C.g6	31.915	282	155	9	188	460	197	450	1.60e-23	106
PfKH02_120024500|DBLd|1|1547|2006	PH0114-C.g6	22.350	349	171	12	56	398	839	1093	3.42e-09	62.0
PfKH02_120024500|DBLd|1|1547|2006	QE0453-C.g554	100.000	460	0	0	1	460	1547	2006	0.0	948
PfKH02_120024500|DBLd|1|1547|2006	QE0453-C.g554	28.608	388	171	14	1	387	1194	1476	1.82e-33	136
PfKH02_120024500|DBLd|1|1547|2006	QE0453-C.g554	31.802	283	156	9	187	460	196	450	1.83e-23	106
PfKH02_120024500|DBLd|1|1547|2006	QE0453-C.g554	22.350	349	171	12	56	398	839	1093	4.24e-09	61.6
PfKH02_120024500|DBLd|1|1547|2006	QE0453-C.g554	27.461	193	101	7	150	339	2471	2627	9.47e-09	60.5
PfKH02_120024500|DBLd|1|1547|2006	QE0395-C.g652	100.000	460	0	0	1	460	1547	2006	0.0	948
PfKH02_120024500|DBLd|1|1547|2006	QE0395-C.g652	28.608	388	171	14	1	387	1194	1476	1.82e-33	136
PfKH02_120024500|DBLd|1|1547|2006	QE0395-C.g652	31.802	283	156	9	187	460	196	450	1.83e-23	106
PfKH02_120024500|DBLd|1|1547|2006	QE0395-C.g652	22.350	349	171	12	56	398	839	1093	4.24e-09	61.6
PfKH02_120024500|DBLd|1|1547|2006	QE0395-C.g652	27.461	193	101	7	150	339	2471	2627	9.47e-09	60.5
PfKH02_120024500|CIDRg|1|2007|2260	PV0087-C.g12	100.000	254	0	0	1	254	446	699	2.35e-173	519
PfKH02_120024500|CIDRg|1|2007|2260	QG0290-C.g133	100.000	254	0	0	1	254	1777	2030	5.98e-170	522
PfKH02_120024500|CIDRg|1|2007|2260	PD0632-C.g784	100.000	254	0	0	1	254	1152	1405	7.13e-170	520
PfKH02_120024500|CIDRg|1|2007|2260	PH0117-C.g8	100.000	254	0	0	1	254	1159	1412	8.23e-170	519
PfKH02_120024500|CIDRg|1|2007|2260	PH0121-CW.g14	100.000	254	0	0	1	254	2007	2260	1.53e-169	521
PfKH02_120024500|DBLz|1|2321|2753	QG0290-C.g133	100.000	433	0	0	1	433	2091	2523	0.0	891
PfKH02_120024500|DBLz|1|2321|2753	QG0290-C.g133	38.208	212	104	9	91	280	121	327	1.99e-28	121
PfKH02_120024500|DBLz|1|2321|2753	QG0290-C.g133	24.701	251	145	8	91	338	2578	2787	1.91e-18	90.9
PfKH02_120024500|DBLz|1|2321|2753	QG0290-C.g133	26.518	313	184	13	59	348	868	1157	3.42e-14	77.4
PfKH02_120024500|DBLz|1|2321|2753	QG0290-C.g133	25.086	291	147	12	139	361	1437	1724	4.20e-10	64.7
PfKH02_120024500|DBLz|1|2321|2753	PA0185-C.g816	99.769	433	1	0	1	433	1002	1434	0.0	890
PfKH02_120024500|DBLz|1|2321|2753	PA0185-C.g816	26.693	251	141	10	91	338	1489	1699	1.19e-18	91.3
PfKH02_120024500|DBLz|1|2321|2753	PH0121-CW.g14	100.000	433	0	0	1	433	2321	2753	0.0	890
PfKH02_120024500|DBLz|1|2321|2753	PH0121-CW.g14	31.105	389	221	14	71	433	816	1183	6.79e-42	161
PfKH02_120024500|DBLz|1|2321|2753	PH0121-CW.g14	31.498	327	189	10	28	328	40	357	4.96e-33	134
PfKH02_120024500|DBLz|1|2321|2753	PH0121-CW.g14	24.701	251	145	8	91	338	2808	3017	1.33e-18	91.3
PfKH02_120024500|DBLz|1|2321|2753	PH0121-CW.g14	27.241	290	170	10	69	342	1213	1477	7.82e-17	85.9
PfKH02_120024500|DBLz|1|2321|2753	PH0121-CW.g14	24.915	293	162	11	120	361	1669	1954	1.40e-11	69.3
PfKH02_120024500|DBLz|1|2321|2753	PD0582-C.g186	100.000	433	0	0	1	433	2321	2753	0.0	890
PfKH02_120024500|DBLz|1|2321|2753	PD0582-C.g186	31.105	389	221	14	71	433	816	1183	6.79e-42	161
PfKH02_120024500|DBLz|1|2321|2753	PD0582-C.g186	31.498	327	189	10	28	328	40	357	4.96e-33	134
PfKH02_120024500|DBLz|1|2321|2753	PD0582-C.g186	24.701	251	145	8	91	338	2808	3017	1.33e-18	91.3
PfKH02_120024500|DBLz|1|2321|2753	PD0582-C.g186	27.241	290	170	10	69	342	1213	1477	7.82e-17	85.9
PfKH02_120024500|DBLz|1|2321|2753	PD0582-C.g186	24.915	293	162	11	120	361	1669	1954	1.40e-11	69.3
PfKH02_120024500|DBLz|1|2321|2753	PT0264-C.g738	100.000	433	0	0	1	433	2340	2772	0.0	889
PfKH02_120024500|DBLz|1|2321|2753	PT0264-C.g738	31.105	389	221	14	71	433	816	1183	4.34e-42	161
PfKH02_120024500|DBLz|1|2321|2753	PT0264-C.g738	31.498	327	189	10	28	328	40	357	2.67e-33	135
PfKH02_120024500|DBLz|1|2321|2753	PT0264-C.g738	24.701	251	145	8	91	338	2827	3036	1.39e-18	91.3
PfKH02_120024500|DBLz|1|2321|2753	PT0264-C.g738	27.241	290	170	10	69	342	1213	1477	7.72e-17	85.9
PfKH02_120024500|DBLz|1|2321|2753	PT0264-C.g738	24.125	257	145	6	155	361	1717	1973	1.11e-10	66.6
PfKH02_120024500|DBLe|1|2758|3074	QG0290-C.g133	100.000	317	0	0	1	317	2528	2844	0.0	664
PfKH02_120024500|DBLe|1|2758|3074	QG0290-C.g133	27.397	292	155	10	19	262	869	1151	4.46e-18	87.4
PfKH02_120024500|DBLe|1|2758|3074	QG0290-C.g133	24.701	251	145	8	51	260	2181	2428	3.79e-16	81.6
PfKH02_120024500|DBLe|1|2758|3074	QG0290-C.g133	25.472	318	149	14	14	255	92	397	1.51e-11	67.8
PfKH02_120024500|DBLe|1|2758|3074	PH0121-CW.g14	100.000	317	0	0	1	317	2758	3074	0.0	662
PfKH02_120024500|DBLe|1|2758|3074	PH0121-CW.g14	30.892	314	169	12	46	317	1232	1539	2.96e-31	126
PfKH02_120024500|DBLe|1|2758|3074	PH0121-CW.g14	28.049	246	138	7	53	261	839	1082	1.99e-20	94.4
PfKH02_120024500|DBLe|1|2758|3074	PH0121-CW.g14	24.701	251	145	8	51	260	2411	2658	7.21e-16	80.9
PfKH02_120024500|DBLe|1|2758|3074	PH0121-CW.g14	26.984	252	130	9	50	248	107	357	9.40e-13	71.6
PfKH02_120024500|DBLe|1|2758|3074	PD0582-C.g186	100.000	317	0	0	1	317	2758	3074	0.0	662
PfKH02_120024500|DBLe|1|2758|3074	PD0582-C.g186	30.892	314	169	12	46	317	1232	1539	2.96e-31	126
PfKH02_120024500|DBLe|1|2758|3074	PD0582-C.g186	28.049	246	138	7	53	261	839	1082	1.99e-20	94.4
PfKH02_120024500|DBLe|1|2758|3074	PD0582-C.g186	24.701	251	145	8	51	260	2411	2658	7.21e-16	80.9
PfKH02_120024500|DBLe|1|2758|3074	PD0582-C.g186	26.984	252	130	9	50	248	107	357	9.40e-13	71.6
PfKH02_120024500|DBLe|1|2758|3074	PV0087-C.g12	100.000	317	0	0	1	317	1197	1513	0.0	661
PfKH02_120024500|DBLe|1|2758|3074	PV0087-C.g12	24.701	251	145	8	51	260	850	1097	3.13e-16	82.0
PfKH02_120024500|DBLe|1|2758|3074	PH0495-CW.g247	100.000	317	0	0	1	317	2398	2714	0.0	660
PfKH02_120024500|DBLe|1|2758|3074	PH0495-CW.g247	30.892	314	169	12	46	317	872	1179	2.16e-31	126
PfKH02_120024500|DBLe|1|2758|3074	PH0495-CW.g247	28.514	249	133	8	53	261	479	722	1.04e-20	95.1
PfKH02_120024500|DBLe|1|2758|3074	PH0495-CW.g247	24.701	251	145	8	51	260	2051	2298	5.12e-16	81.3
PfKH02_120024500|ATS|1|3109|3581	PH0121-CW.g14	100.000	473	0	0	1	473	3109	3581	0.0	971
PfKH02_120024500|ATS|1|3109|3581	PD0582-C.g186	100.000	473	0	0	1	473	3109	3581	0.0	971
PfKH02_120024500|ATS|1|3109|3581	PT0226-Cx.g621	94.503	473	25	1	1	473	2452	2923	0.0	911
PfKH02_120024500|ATS|1|3109|3581	PFKE12.g8	91.755	473	38	1	1	473	1689	2160	0.0	886
PfKH02_120024500|ATS|1|3109|3581	PH0471-C.g72	91.332	473	39	1	1	473	2550	3020	0.0	874
PfKH02_120045200|NTS|1|1|65	PT0034-C.g684	100.000	65	0	0	1	65	1	65	1.67e-38	136
PfKH02_120045200|NTS|1|1|65	SenT084.10.g2288	100.000	65	0	0	1	65	1	65	1.91e-38	135
PfKH02_120045200|NTS|1|1|65	PM0073-C.g400	100.000	65	0	0	1	65	1	65	1.94e-38	135
PfKH02_120045200|NTS|1|1|65	PH0349-C.g366	100.000	65	0	0	1	65	1	65	2.21e-38	135
PfKH02_120045200|NTS|1|1|65	PV0285-C.g70	100.000	65	0	0	1	65	1	65	2.36e-38	135
PfKH02_120045200|DBLa|1|66|502	PD0500-C.g456	100.000	437	0	0	1	437	66	502	0.0	919
PfKH02_120045200|DBLa|1|66|502	PD0500-C.g456	25.562	356	177	14	127	437	1149	1461	2.36e-12	71.6
PfKH02_120045200|DBLa|1|66|502	PD0549-C.g676	100.000	437	0	0	1	437	66	502	0.0	917
PfKH02_120045200|DBLa|1|66|502	PD0549-C.g676	27.273	209	124	5	232	437	1233	1416	2.18e-11	68.6
PfKH02_120045200|DBLa|1|66|502	QE0453-C.g968	100.000	437	0	0	1	437	66	502	0.0	916
PfKH02_120045200|DBLa|1|66|502	QE0453-C.g968	29.493	217	109	9	232	437	1228	1411	1.76e-09	62.8
PfKH02_120045200|DBLa|1|66|502	PD0569-C.g58	100.000	437	0	0	1	437	66	502	0.0	916
PfKH02_120045200|DBLa|1|66|502	PD0546-C.g31	100.000	437	0	0	1	437	66	502	0.0	916
PfKH02_120045200|CIDRa|1|503|821	PD0500-C.g456	100.000	319	0	0	1	319	503	821	0.0	654
PfKH02_120045200|CIDRa|1|503|821	QE0393-Cx.g340	100.000	319	0	0	1	319	75	393	0.0	653
PfKH02_120045200|CIDRa|1|503|821	PD0549-C.g676	100.000	319	0	0	1	319	503	821	0.0	653
PfKH02_120045200|CIDRa|1|503|821	PD0569-C.g58	100.000	319	0	0	1	319	503	821	0.0	652
PfKH02_120045200|CIDRa|1|503|821	PD0546-C.g31	100.000	319	0	0	1	319	503	821	0.0	652
PfKH02_120045200|DBLd|1|908|1461	PH0332-C.g460	100.000	554	0	0	1	554	917	1470	0.0	1139
PfKH02_120045200|DBLd|1|908|1461	PH0332-C.g460	23.810	252	157	6	233	480	193	413	4.07e-11	68.6
PfKH02_120045200|DBLd|1|908|1461	QE0393-Cx.g340	100.000	554	0	0	1	554	480	1033	0.0	1138
PfKH02_120045200|DBLd|1|908|1461	QE0467-C.g97	100.000	554	0	0	1	554	168	721	0.0	1137
PfKH02_120045200|DBLd|1|908|1461	QE0459-C.g56	100.000	554	0	0	1	554	62	615	0.0	1137
PfKH02_120045200|DBLd|1|908|1461	PH0592-C.g35	100.000	554	0	0	1	554	62	615	0.0	1137
PfKH02_120045200|CIDRb|1|1462|1712	QE0459-C.g56	100.000	251	0	0	1	251	616	866	2.62e-179	521
PfKH02_120045200|CIDRb|1|1462|1712	PH0592-C.g35	100.000	251	0	0	1	251	616	866	2.62e-179	521
PfKH02_120045200|CIDRb|1|1462|1712	QE0467-C.g97	100.000	251	0	0	1	251	722	972	2.12e-178	521
PfKH02_120045200|CIDRb|1|1462|1712	PH0332-C.g460	100.000	251	0	0	1	251	1471	1721	4.39e-171	518
PfKH02_120045200|CIDRb|1|1462|1712	PD0500-C.g456	100.000	251	0	0	1	251	1462	1712	7.76e-171	517
PfKH02_120045200|ATS|1|1827|2318	PV0160-C.g28	71.203	507	91	11	1	492	1448	1914	0.0	674
PfKH02_120045200|ATS|1|1827|2318	QG0296-C.g5597	69.960	496	106	8	1	492	1002	1458	0.0	669
PfKH02_120045200|ATS|1|1827|2318	PFKE06.g276	72.929	495	84	7	1	492	1752	2199	0.0	662
PfKH02_120045200|ATS|1|1827|2318	PFKE11.g698	71.630	497	95	7	1	492	2120	2575	0.0	650
PfKH02_120045200|ATS|1|1827|2318	PC0113-C.g462	71.774	496	94	6	1	492	1699	2152	0.0	646
PfKH02_120045600|NTS|1|1|66	PH0592-C.g160	100.000	66	0	0	1	66	1	66	5.97e-38	134
PfKH02_120045600|NTS|1|1|66	PD0667-C.g202	100.000	66	0	0	1	66	1	66	7.02e-38	134
PfKH02_120045600|NTS|1|1|66	QE0438-C.g906	100.000	66	0	0	1	66	1	66	8.44e-38	134
PfKH02_120045600|NTS|1|1|66	QE0455-C.g488	100.000	66	0	0	1	66	1	66	1.27e-35	127
PfKH02_120045600|NTS|1|1|66	QE0424-C.g27	100.000	66	0	0	1	66	1	66	2.59e-35	127
PfKH02_120045600|DBLa|1|67|525	PH0332-C.g460	100.000	459	0	0	1	459	67	525	0.0	957
PfKH02_120045600|DBLa|1|67|525	PH0332-C.g460	24.312	218	131	5	161	347	1182	1396	8.24e-11	67.0
PfKH02_120045600|DBLa|1|67|525	QE0467-C.g975	100.000	459	0	0	1	459	67	525	0.0	956
PfKH02_120045600|DBLa|1|67|525	QE0467-C.g975	24.727	275	145	9	123	355	1078	1332	3.68e-09	61.6
PfKH02_120045600|DBLa|1|67|525	PH0592-C.g160	100.000	459	0	0	1	459	67	525	0.0	955
PfKH02_120045600|DBLa|1|67|525	PH0592-C.g160	24.727	275	145	9	123	355	1099	1353	3.28e-09	62.0
PfKH02_120045600|DBLa|1|67|525	QE0438-C.g906	100.000	459	0	0	1	459	67	525	0.0	955
PfKH02_120045600|DBLa|1|67|525	QE0455-C.g488	100.000	459	0	0	1	459	67	525	0.0	954
PfKH02_120045600|DBLa|1|67|525	QE0455-C.g488	25.228	329	163	14	161	459	1162	1437	1.09e-11	69.7
PfKH02_120045600|CIDRa|1|526|820	PH0332-C.g460	100.000	295	0	0	1	295	526	820	0.0	605
PfKH02_120045600|CIDRa|1|526|820	QE0438-C.g906	100.000	295	0	0	1	295	526	820	0.0	603
PfKH02_120045600|CIDRa|1|526|820	PD0667-C.g202	100.000	295	0	0	1	295	526	820	0.0	603
PfKH02_120045600|CIDRa|1|526|820	PH0546-C.g759	100.000	295	0	0	1	295	192	486	0.0	603
PfKH02_120045600|CIDRa|1|526|820	QE0455-C.g488	100.000	295	0	0	1	295	526	820	0.0	602
PfKH02_120045600|DBLd|1|917|1420	PH0592-C.g160	100.000	504	0	0	1	504	917	1420	0.0	1046
PfKH02_120045600|DBLd|1|917|1420	PH0592-C.g160	24.727	275	145	9	183	437	189	421	9.90e-10	63.9
PfKH02_120045600|DBLd|1|917|1420	QE0453-C.g968	100.000	504	0	0	1	504	908	1411	0.0	1043
PfKH02_120045600|DBLd|1|917|1420	QE0453-C.g968	29.384	211	117	8	321	504	297	502	5.36e-09	61.6
PfKH02_120045600|DBLd|1|917|1420	QE0467-C.g975	79.468	526	82	4	1	504	878	1399	0.0	831
PfKH02_120045600|DBLd|1|917|1420	QE0467-C.g975	24.727	275	145	9	183	437	189	421	9.17e-10	63.9
PfKH02_120045600|DBLd|1|917|1420	PD0549-C.g676	71.648	522	120	8	1	504	905	1416	0.0	693
PfKH02_120045600|DBLd|1|917|1420	PD0549-C.g676	29.384	211	117	8	321	504	297	502	5.74e-09	61.6
PfKH02_120045600|DBLd|1|917|1420	PD0569-C.g772	58.594	512	132	18	12	504	934	1384	4.01e-173	533
PfKH02_120045600|DBLd|1|917|1420	PD0569-C.g772	25.067	371	200	16	174	504	190	522	1.06e-11	70.1
PfKH02_120045600|CIDRb|1|1421|1676	QE0467-C.g975	100.000	256	0	0	1	256	1400	1655	1.85e-176	532
PfKH02_120045600|CIDRb|1|1421|1676	PH0592-C.g160	100.000	256	0	0	1	256	1421	1676	2.43e-176	531
PfKH02_120045600|CIDRb|1|1421|1676	QE0453-C.g968	100.000	256	0	0	1	256	1412	1667	6.72e-176	530
PfKH02_120045600|CIDRb|1|1421|1676	PT0102-C.g710	100.000	256	0	0	1	256	1405	1660	8.23e-176	530
PfKH02_120045600|CIDRb|1|1421|1676	PD0569-C.g772	100.000	256	0	0	1	256	1385	1640	2.15e-175	528
PfKH02_120045600|ATS|1|1785|2256	PD0549-C.g516	84.355	473	48	5	1	472	2187	2634	0.0	788
PfKH02_120045600|ATS|1|1785|2256	PD0511-C.g583	84.355	473	48	5	1	472	2187	2634	0.0	788
PfKH02_120045600|ATS|1|1785|2256	PV0139-C.g130	79.961	509	61	7	1	472	874	1378	0.0	769
PfKH02_120045600|ATS|1|1785|2256	PV0028-C.g31	80.083	482	60	8	1	472	1737	2192	0.0	758
PfKH02_120045600|ATS|1|1785|2256	PC0104-C.g515	81.744	493	65	8	1	472	1694	2182	0.0	746
PfKH02_120045700|NTS|1|1|66	PH0248-C.g302	100.000	66	0	0	1	66	1	66	7.03e-37	131
PfKH02_120045700|NTS|1|1|66	PD0549-C.g751	100.000	66	0	0	1	66	1	66	7.17e-37	131
PfKH02_120045700|NTS|1|1|66	QE0453-C.g718	100.000	66	0	0	1	66	1	66	7.32e-37	131
PfKH02_120045700|NTS|1|1|66	PV0195-C.g49	100.000	66	0	0	1	66	1	66	7.32e-37	131
PfKH02_120045700|NTS|1|1|66	PH0592-C.g326	100.000	66	0	0	1	66	1	66	7.32e-37	131
PfKH02_120045700|DBLa|1|67|519	QE0453-C.g718	100.000	453	0	0	1	453	67	519	0.0	947
PfKH02_120045700|DBLa|1|67|519	QE0453-C.g718	29.097	299	148	9	52	345	949	1188	7.98e-29	122
PfKH02_120045700|DBLa|1|67|519	QE0453-C.g718	27.492	331	166	15	117	410	1561	1854	5.06e-18	89.7
PfKH02_120045700|DBLa|1|67|519	PV0195-C.g49	100.000	453	0	0	1	453	67	519	0.0	947
PfKH02_120045700|DBLa|1|67|519	PV0195-C.g49	29.097	299	148	9	52	345	949	1188	7.98e-29	122
PfKH02_120045700|DBLa|1|67|519	PV0195-C.g49	27.492	331	166	15	117	410	1561	1854	5.06e-18	89.7
PfKH02_120045700|DBLa|1|67|519	PH0592-C.g326	100.000	453	0	0	1	453	67	519	0.0	947
PfKH02_120045700|DBLa|1|67|519	PH0592-C.g326	29.097	299	148	9	52	345	949	1188	7.98e-29	122
PfKH02_120045700|DBLa|1|67|519	PH0592-C.g326	27.492	331	166	15	117	410	1561	1854	5.06e-18	89.7
PfKH02_120045700|DBLa|1|67|519	PH0546-C.g176	100.000	453	0	0	1	453	67	519	0.0	947
PfKH02_120045700|DBLa|1|67|519	PH0546-C.g176	29.097	299	148	9	52	345	949	1188	7.98e-29	122
PfKH02_120045700|DBLa|1|67|519	PH0546-C.g176	27.492	331	166	15	117	410	1561	1854	5.06e-18	89.7
PfKH02_120045700|DBLa|1|67|519	PH0332-C.g494	100.000	453	0	0	1	453	67	519	0.0	947
PfKH02_120045700|DBLa|1|67|519	PH0332-C.g494	29.097	299	148	9	52	345	949	1188	7.98e-29	122
PfKH02_120045700|DBLa|1|67|519	PH0332-C.g494	27.492	331	166	15	117	410	1561	1854	5.06e-18	89.7
PfKH02_120045700|CIDRa|1|520|829	QE0453-C.g718	100.000	310	0	0	1	310	520	829	0.0	645
PfKH02_120045700|CIDRa|1|520|829	PV0195-C.g49	100.000	310	0	0	1	310	520	829	0.0	645
PfKH02_120045700|CIDRa|1|520|829	PH0592-C.g326	100.000	310	0	0	1	310	520	829	0.0	645
PfKH02_120045700|CIDRa|1|520|829	PH0546-C.g176	100.000	310	0	0	1	310	520	829	0.0	645
PfKH02_120045700|CIDRa|1|520|829	PH0332-C.g494	100.000	310	0	0	1	310	520	829	0.0	645
PfKH02_120045700|DBLb|1|836|1296	PH0248-C.g302	100.000	461	0	0	1	461	836	1296	0.0	972
PfKH02_120045700|DBLb|1|836|1296	PH0248-C.g302	26.434	401	222	13	15	353	22	411	5.95e-28	120
PfKH02_120045700|DBLb|1|836|1296	PH0117-C.g16	100.000	461	0	0	1	461	836	1296	0.0	972
PfKH02_120045700|DBLb|1|836|1296	PH0117-C.g16	26.434	401	222	13	15	353	22	411	6.09e-28	120
PfKH02_120045700|DBLb|1|836|1296	PT0102-C.g503	100.000	461	0	0	1	461	830	1290	0.0	972
PfKH02_120045700|DBLb|1|836|1296	PT0102-C.g503	27.089	395	221	13	15	353	22	405	1.71e-29	124
PfKH02_120045700|DBLb|1|836|1296	PD0569-C.g605	100.000	461	0	0	1	461	836	1296	0.0	972
PfKH02_120045700|DBLb|1|836|1296	PD0569-C.g605	26.683	401	221	13	15	353	22	411	2.89e-28	121
PfKH02_120045700|DBLb|1|836|1296	PD0546-C.g320	100.000	461	0	0	1	461	836	1296	0.0	972
PfKH02_120045700|DBLb|1|836|1296	PD0546-C.g320	26.683	401	221	13	15	353	22	411	2.89e-28	121
PfKH02_120045700|DBLd|1|1363|1878	QE0453-C.g718	100.000	516	0	0	1	516	1363	1878	0.0	1068
PfKH02_120045700|DBLd|1|1363|1878	QE0453-C.g718	27.410	332	167	15	198	492	182	476	1.25e-17	89.4
PfKH02_120045700|DBLd|1|1363|1878	PV0195-C.g49	100.000	516	0	0	1	516	1363	1878	0.0	1068
PfKH02_120045700|DBLd|1|1363|1878	PV0195-C.g49	27.410	332	167	15	198	492	182	476	1.25e-17	89.4
PfKH02_120045700|DBLd|1|1363|1878	PH0592-C.g326	100.000	516	0	0	1	516	1363	1878	0.0	1068
PfKH02_120045700|DBLd|1|1363|1878	PH0592-C.g326	27.410	332	167	15	198	492	182	476	1.25e-17	89.4
PfKH02_120045700|DBLd|1|1363|1878	PH0546-C.g176	100.000	516	0	0	1	516	1363	1878	0.0	1068
PfKH02_120045700|DBLd|1|1363|1878	PH0546-C.g176	27.410	332	167	15	198	492	182	476	1.25e-17	89.4
PfKH02_120045700|DBLd|1|1363|1878	PH0332-C.g494	100.000	516	0	0	1	516	1363	1878	0.0	1068
PfKH02_120045700|DBLd|1|1363|1878	PH0332-C.g494	27.410	332	167	15	198	492	182	476	1.25e-17	89.4
PfKH02_120045700|CIDRb|1|1879|2130	PA0012-C.g409	100.000	252	0	0	1	252	1407	1658	2.66e-173	523
PfKH02_120045700|CIDRb|1|1879|2130	PA0197-C.g762	100.000	252	0	0	1	252	1422	1673	4.27e-173	523
PfKH02_120045700|CIDRb|1|1879|2130	QE0453-C.g718	100.000	252	0	0	1	252	1879	2130	7.47e-171	522
PfKH02_120045700|CIDRb|1|1879|2130	PV0195-C.g49	100.000	252	0	0	1	252	1879	2130	7.47e-171	522
PfKH02_120045700|CIDRb|1|1879|2130	PH0592-C.g326	100.000	252	0	0	1	252	1879	2130	7.47e-171	522
PfKH02_120045700|ATS|1|2251|2723	PF0638-C.g8678	86.735	490	44	3	1	473	1747	2232	0.0	807
PfKH02_120045700|ATS|1|2251|2723	QE0439-C.g985	85.685	482	60	5	1	473	1674	2155	0.0	780
PfKH02_120045700|ATS|1|2251|2723	PD0472-C.g722	80.882	476	86	4	1	473	1681	2154	0.0	750
PfKH02_120045700|ATS|1|2251|2723	PA0262-C.g433	78.468	483	85	9	1	473	2175	2648	0.0	699
PfKH02_120045700|ATS|1|2251|2723	PA0221-C.g780	77.914	489	75	9	1	473	1803	2274	0.0	696
PfKH02_120059400|NTS|1|1|75	PD0667-C.g747	100.000	75	0	0	1	75	1	75	6.87e-46	157
PfKH02_120059400|NTS|1|1|75	PH0471-C.g393	100.000	75	0	0	1	75	1	75	8.26e-46	157
PfKH02_120059400|NTS|1|1|75	PH0121-CW.g56	100.000	75	0	0	1	75	1	75	9.11e-46	157
PfKH02_120059400|NTS|1|1|75	PT0274-Cx.g320	89.333	75	8	0	1	75	1	75	5.18e-41	144
PfKH02_120059400|NTS|1|1|75	PT0299-Cx.g8390	89.333	75	8	0	1	75	1	75	5.56e-41	143
PfKH02_120059400|DBLa|1|76|464	PH0121-CW.g56	100.000	389	0	0	1	389	76	464	0.0	807
PfKH02_120059400|DBLa|1|76|464	PH0121-CW.g56	34.921	315	167	11	25	326	1260	1549	8.62e-37	144
PfKH02_120059400|DBLa|1|76|464	PH0121-CW.g56	28.520	277	151	10	51	317	1672	1911	1.02e-19	94.0
PfKH02_120059400|DBLa|1|76|464	PH0121-CW.g56	25.589	297	158	9	38	316	840	1091	3.58e-16	83.2
PfKH02_120059400|DBLa|1|76|464	PH0471-C.g393	100.000	389	0	0	1	389	76	464	0.0	806
PfKH02_120059400|DBLa|1|76|464	PH0471-C.g393	34.921	315	167	11	25	326	1224	1513	7.26e-37	144
PfKH02_120059400|DBLa|1|76|464	PH0471-C.g393	28.520	277	151	10	51	317	1636	1875	8.97e-20	94.0
PfKH02_120059400|DBLa|1|76|464	PH0471-C.g393	25.589	297	158	9	38	316	804	1055	3.10e-16	83.2
PfKH02_120059400|DBLa|1|76|464	PD0667-C.g747	100.000	389	0	0	1	389	76	464	0.0	806
PfKH02_120059400|DBLa|1|76|464	PD0667-C.g747	34.921	315	167	11	25	326	1224	1513	8.41e-37	144
PfKH02_120059400|DBLa|1|76|464	PD0667-C.g747	28.520	277	151	10	51	317	1636	1875	9.28e-20	94.0
PfKH02_120059400|DBLa|1|76|464	PD0667-C.g747	25.589	297	158	9	38	316	804	1055	2.92e-16	83.2
PfKH02_120059400|DBLa|1|76|464	PD0555-C.g525	97.943	389	8	0	1	389	76	464	0.0	792
PfKH02_120059400|DBLa|1|76|464	PD0555-C.g525	26.625	323	181	12	111	389	1447	1757	5.33e-19	91.7
PfKH02_120059400|DBLa|1|76|464	PD0555-C.g525	31.515	165	92	6	171	329	947	1096	1.97e-13	74.7
PfKH02_120059400|DBLa|1|76|464	PD0500-C.g546	100.000	293	0	0	97	389	1	293	0.0	603
PfKH02_120059400|DBLa|1|76|464	PD0500-C.g546	25.589	297	158	9	38	316	633	884	2.81e-16	83.2
PfKH02_120059400|CIDRd|1|465|718	PD0500-C.g546	100.000	254	0	0	1	254	294	547	8.37e-173	507
PfKH02_120059400|CIDRd|1|465|718	PD0555-C.g525	100.000	254	0	0	1	254	465	718	3.08e-168	514
PfKH02_120059400|CIDRd|1|465|718	PD0555-C.g525	35.714	182	113	4	5	184	1762	1941	1.61e-27	113
PfKH02_120059400|CIDRd|1|465|718	PD0667-C.g747	100.000	254	0	0	1	254	465	718	1.01e-166	508
PfKH02_120059400|CIDRd|1|465|718	PH0121-CW.g56	100.000	254	0	0	1	254	465	718	1.54e-166	509
PfKH02_120059400|CIDRd|1|465|718	PH0471-C.g393	100.000	254	0	0	1	254	465	718	2.08e-166	507
PfKH02_120059400|DBLg|1|768|1149	PD0667-C.g747	100.000	382	0	0	1	382	768	1149	0.0	796
PfKH02_120059400|DBLg|1|768|1149	PD0667-C.g747	28.428	299	172	12	46	333	1635	1902	8.37e-20	94.0
PfKH02_120059400|DBLg|1|768|1149	PD0667-C.g747	25.088	283	149	9	37	274	113	377	1.09e-13	75.5
PfKH02_120059400|DBLg|1|768|1149	PD0667-C.g747	22.605	261	166	9	46	281	1247	1496	2.06e-08	58.9
PfKH02_120059400|DBLg|1|768|1149	PH0121-CW.g56	100.000	382	0	0	1	382	804	1185	0.0	796
PfKH02_120059400|DBLg|1|768|1149	PH0121-CW.g56	28.094	299	173	11	46	333	1671	1938	5.41e-20	94.7
PfKH02_120059400|DBLg|1|768|1149	PH0121-CW.g56	25.088	283	149	9	37	274	113	377	9.13e-14	75.5
PfKH02_120059400|DBLg|1|768|1149	PH0121-CW.g56	22.605	261	166	9	46	281	1283	1532	2.08e-08	58.9
PfKH02_120059400|DBLg|1|768|1149	PH0471-C.g393	100.000	382	0	0	1	382	768	1149	0.0	795
PfKH02_120059400|DBLg|1|768|1149	PH0471-C.g393	28.763	299	171	12	46	333	1635	1902	6.09e-20	94.4
PfKH02_120059400|DBLg|1|768|1149	PH0471-C.g393	25.088	283	149	9	37	274	113	377	8.81e-14	75.5
PfKH02_120059400|DBLg|1|768|1149	PH0471-C.g393	22.605	261	166	9	46	281	1247	1496	1.91e-08	58.9
PfKH02_120059400|DBLg|1|768|1149	PV0195-C.g48	100.000	382	0	0	1	382	765	1146	0.0	794
PfKH02_120059400|DBLg|1|768|1149	PV0195-C.g48	28.428	299	172	12	46	333	1632	1899	7.38e-20	94.4
PfKH02_120059400|DBLg|1|768|1149	PV0195-C.g48	23.333	300	170	10	35	288	104	389	4.13e-11	67.4
PfKH02_120059400|DBLg|1|768|1149	PV0195-C.g48	22.605	261	166	9	46	281	1244	1493	2.06e-08	58.9
PfKH02_120059400|DBLg|1|768|1149	PD0500-C.g546	98.691	382	5	0	1	382	597	978	0.0	786
PfKH02_120059400|DBLg|1|768|1149	PD0500-C.g546	24.352	193	111	5	116	274	15	206	6.02e-10	63.5
PfKH02_120059400|DBLz|1|1163|1581	PD0667-C.g747	100.000	419	0	0	1	419	1163	1581	0.0	857
PfKH02_120059400|DBLz|1|1163|1581	PD0667-C.g747	36.237	287	145	11	62	323	100	373	7.25e-36	142
PfKH02_120059400|DBLz|1|1163|1581	PD0667-C.g747	26.351	296	179	7	87	375	1637	1900	6.06e-18	89.0
PfKH02_120059400|DBLz|1|1163|1581	PD0667-C.g747	24.904	261	160	10	85	334	813	1048	6.13e-10	63.9
PfKH02_120059400|DBLz|1|1163|1581	PH0471-C.g393	100.000	419	0	0	1	419	1163	1581	0.0	856
PfKH02_120059400|DBLz|1|1163|1581	PH0471-C.g393	36.237	287	145	11	62	323	100	373	6.95e-36	142
PfKH02_120059400|DBLz|1|1163|1581	PH0471-C.g393	26.351	296	179	7	87	375	1637	1900	7.48e-18	88.6
PfKH02_120059400|DBLz|1|1163|1581	PH0471-C.g393	24.904	261	160	10	85	334	813	1048	6.88e-10	63.9
PfKH02_120059400|DBLz|1|1163|1581	PH0121-CW.g56	100.000	419	0	0	1	419	1199	1617	0.0	856
PfKH02_120059400|DBLz|1|1163|1581	PH0121-CW.g56	36.237	287	145	11	62	323	100	373	6.77e-36	142
PfKH02_120059400|DBLz|1|1163|1581	PH0121-CW.g56	26.351	296	179	7	87	375	1673	1936	7.56e-18	88.6
PfKH02_120059400|DBLz|1|1163|1581	PH0121-CW.g56	24.904	261	160	10	85	334	849	1084	7.25e-10	63.9
PfKH02_120059400|DBLz|1|1163|1581	PV0195-C.g48	100.000	419	0	0	1	419	1160	1578	0.0	855
PfKH02_120059400|DBLz|1|1163|1581	PV0195-C.g48	33.333	270	149	9	88	335	123	383	3.12e-31	129
PfKH02_120059400|DBLz|1|1163|1581	PV0195-C.g48	26.351	296	179	7	87	375	1634	1897	8.63e-18	88.6
PfKH02_120059400|DBLz|1|1163|1581	PV0195-C.g48	24.904	261	160	10	85	334	810	1045	7.25e-10	63.9
PfKH02_120059400|DBLz|1|1163|1581	QE0398-C.g261	98.807	419	5	0	1	419	1602	2020	0.0	845
PfKH02_120059400|DBLz|1|1163|1581	QE0398-C.g261	34.106	302	156	9	86	372	845	1118	7.25e-39	151
PfKH02_120059400|DBLz|1|1163|1581	QE0398-C.g261	32.012	328	185	11	65	369	96	408	4.14e-36	143
PfKH02_120059400|DBLz|1|1163|1581	QE0398-C.g261	26.263	297	180	7	86	375	2075	2339	5.19e-18	89.4
PfKH02_120059400|DBLz|1|1163|1581	QE0398-C.g261	27.562	283	153	11	73	334	1236	1487	2.84e-16	84.0
PfKH02_120059400|DBLe|1|1587|1930	PH0121-CW.g56	100.000	344	0	0	1	344	1623	1966	0.0	719
PfKH02_120059400|DBLe|1|1587|1930	PH0121-CW.g56	28.239	301	174	12	49	318	849	1138	6.34e-20	93.6
PfKH02_120059400|DBLe|1|1587|1930	PH0121-CW.g56	29.437	231	127	8	50	262	126	338	8.44e-18	87.0
PfKH02_120059400|DBLe|1|1587|1930	PH0121-CW.g56	26.014	296	180	7	51	314	1285	1573	1.53e-17	86.3
PfKH02_120059400|DBLe|1|1587|1930	PH0471-C.g393	100.000	344	0	0	1	344	1587	1930	0.0	719
PfKH02_120059400|DBLe|1|1587|1930	PH0471-C.g393	28.239	301	174	12	49	318	813	1102	6.35e-20	93.6
PfKH02_120059400|DBLe|1|1587|1930	PH0471-C.g393	29.437	231	127	8	50	262	126	338	8.53e-18	87.0
PfKH02_120059400|DBLe|1|1587|1930	PH0471-C.g393	26.014	296	180	7	51	314	1249	1537	1.45e-17	86.7
PfKH02_120059400|DBLe|1|1587|1930	PV0195-C.g48	100.000	344	0	0	1	344	1584	1927	0.0	718
PfKH02_120059400|DBLe|1|1587|1930	PV0195-C.g48	25.519	337	196	10	39	331	110	435	1.88e-20	95.1
PfKH02_120059400|DBLe|1|1587|1930	PV0195-C.g48	27.575	301	176	11	49	318	810	1099	5.47e-20	93.6
PfKH02_120059400|DBLe|1|1587|1930	PV0195-C.g48	26.014	296	180	7	51	314	1246	1534	1.28e-17	86.7
PfKH02_120059400|DBLe|1|1587|1930	PD0667-C.g747	98.547	344	5	0	1	344	1587	1930	0.0	709
PfKH02_120059400|DBLe|1|1587|1930	PD0667-C.g747	27.575	301	176	11	49	318	813	1102	6.27e-20	93.6
PfKH02_120059400|DBLe|1|1587|1930	PD0667-C.g747	29.437	231	127	8	50	262	126	338	7.48e-18	87.4
PfKH02_120059400|DBLe|1|1587|1930	PD0667-C.g747	26.014	296	180	7	51	314	1249	1537	1.44e-17	86.7
PfKH02_120059400|DBLe|1|1587|1930	QE0433-C.g335	96.221	344	13	0	1	344	2034	2377	0.0	693
PfKH02_120059400|DBLe|1|1587|1930	QE0433-C.g335	26.370	292	152	8	51	305	838	1103	1.18e-19	92.8
PfKH02_120059400|DBLe|1|1587|1930	QE0433-C.g335	26.000	350	201	15	43	344	1257	1596	1.38e-19	92.4
PfKH02_120059400|DBLe|1|1587|1930	QE0433-C.g335	27.027	296	177	8	51	314	1696	1984	4.66e-19	90.9
PfKH02_120059400|DBLe|1|1587|1930	QE0433-C.g335	25.862	290	152	10	48	288	114	389	1.56e-17	86.3
PfKH02_120059400|ATS|1|1975|2406	PD0543-C.g389	83.945	436	66	2	1	432	2360	2795	0.0	734
PfKH02_120059400|ATS|1|1975|2406	PFKE07.g424	84.296	433	56	4	1	432	2619	3040	0.0	720
PfKH02_120059400|ATS|1|1975|2406	PH0279-C.g10	83.636	440	55	3	1	432	3185	3615	0.0	716
PfKH02_120059400|ATS|1|1975|2406	PT0158-C.g302	81.696	448	63	4	1	432	2359	2803	0.0	714
PfKH02_120059400|ATS|1|1975|2406	PF0513-C.g5231	82.870	432	62	4	2	432	2389	2809	0.0	710
PfKH02_140005500|NTS|1|2|66	QE0461-C.g621	100.000	65	0	0	1	65	2	66	3.38e-37	132
PfKH02_140005500|NTS|1|2|66	QE0428-C.g691	100.000	65	0	0	1	65	2	66	3.38e-37	132
PfKH02_140005500|NTS|1|2|66	QE0427-C.g833	100.000	65	0	0	1	65	2	66	3.38e-37	132
PfKH02_140005500|NTS|1|2|66	QE0399-C.g567	100.000	65	0	0	1	65	2	66	3.38e-37	132
PfKH02_140005500|NTS|1|2|66	PH0516-C.g654	100.000	65	0	0	1	65	2	66	3.91e-37	132
PfKH02_140005500|DBLa|1|67|511	PH0516-C.g654	100.000	445	0	0	1	445	67	511	0.0	921
PfKH02_140005500|DBLa|1|67|511	PH0516-C.g654	27.920	351	174	14	105	445	1002	1283	2.41e-21	99.8
PfKH02_140005500|DBLa|1|67|511	PH0856-C.g305	100.000	445	0	0	1	445	67	511	0.0	920
PfKH02_140005500|DBLa|1|67|511	PH0856-C.g305	24.731	372	203	9	122	445	1020	1362	1.17e-15	82.4
PfKH02_140005500|DBLa|1|67|511	PH0856-C.g305	26.351	296	151	11	60	349	1745	1979	4.21e-14	77.4
PfKH02_140005500|DBLa|1|67|511	PD0500-C.g413	100.000	445	0	0	1	445	67	511	0.0	920
PfKH02_140005500|DBLa|1|67|511	PD0500-C.g413	24.731	372	203	9	122	445	1020	1362	1.17e-15	82.4
PfKH02_140005500|DBLa|1|67|511	PD0500-C.g413	26.351	296	151	11	60	349	1745	1979	4.21e-14	77.4
PfKH02_140005500|DBLa|1|67|511	PD0564-C.g741	88.315	445	37	4	1	445	69	498	0.0	796
PfKH02_140005500|DBLa|1|67|511	PD0564-C.g741	30.000	210	118	7	170	352	1089	1296	8.24e-15	79.7
PfKH02_140005500|DBLa|1|67|511	QE0461-C.g621	87.191	445	47	4	1	445	67	501	0.0	795
PfKH02_140005500|DBLa|1|67|511	QE0461-C.g621	23.340	497	259	17	23	445	904	1352	6.62e-14	76.6
PfKH02_140005500|CIDRa|1|512|787	PH0114-C.g13	100.000	276	0	0	1	276	118	393	0.0	577
PfKH02_140005500|CIDRa|1|512|787	PH0856-C.g305	100.000	276	0	0	1	276	512	787	0.0	577
PfKH02_140005500|CIDRa|1|512|787	PD0500-C.g413	100.000	276	0	0	1	276	512	787	0.0	577
PfKH02_140005500|CIDRa|1|512|787	PH0516-C.g654	100.000	276	0	0	1	276	512	787	0.0	576
PfKH02_140005500|CIDRa|1|512|787	QE0461-C.g621	95.683	278	10	2	1	276	502	779	0.0	548
PfKH02_140005500|DBLd|1|858|1362	PH0114-C.g13	100.000	505	0	0	1	505	464	968	0.0	1051
PfKH02_140005500|DBLd|1|858|1362	PH0856-C.g305	100.000	505	0	0	1	505	858	1362	0.0	1051
PfKH02_140005500|DBLd|1|858|1362	PH0856-C.g305	25.995	377	192	12	163	505	188	511	1.08e-18	92.4
PfKH02_140005500|DBLd|1|858|1362	PD0500-C.g413	100.000	505	0	0	1	505	858	1362	0.0	1051
PfKH02_140005500|DBLd|1|858|1362	PD0500-C.g413	25.995	377	192	12	163	505	188	511	1.08e-18	92.4
PfKH02_140005500|DBLd|1|858|1362	PV0028-C.g143	82.775	418	53	5	91	505	5	406	0.0	674
PfKH02_140005500|DBLd|1|858|1362	SenT125.11.g781	55.340	515	187	16	1	505	244	725	6.03e-169	508
PfKH02_140005500|CIDRg|1|1363|1624	PV0028-C.g143	100.000	262	0	0	1	262	407	668	0.0	534
PfKH02_140005500|CIDRg|1|1363|1624	PH0114-C.g13	100.000	262	0	0	1	262	969	1230	1.60e-178	535
PfKH02_140005500|CIDRg|1|1363|1624	PH0856-C.g305	100.000	262	0	0	1	262	1363	1624	9.56e-176	535
PfKH02_140005500|CIDRg|1|1363|1624	PD0500-C.g413	100.000	262	0	0	1	262	1363	1624	9.56e-176	535
PfKH02_140005500|CIDRg|1|1363|1624	PA0270-C.g221	99.237	262	2	0	1	262	2244	2505	1.22e-174	535
PfKH02_140005500|DBLe|1|1668|2055	PH0856-C.g305	100.000	388	0	0	1	388	1668	2055	0.0	792
PfKH02_140005500|DBLe|1|1668|2055	PH0856-C.g305	26.351	296	151	10	78	312	126	415	8.80e-15	79.0
PfKH02_140005500|DBLe|1|1668|2055	PD0500-C.g413	100.000	388	0	0	1	388	1668	2055	0.0	792
PfKH02_140005500|DBLe|1|1668|2055	PD0500-C.g413	26.351	296	151	10	78	312	126	415	8.80e-15	79.0
PfKH02_140005500|DBLe|1|1668|2055	PV0028-C.g143	100.000	388	0	0	1	388	712	1099	0.0	791
PfKH02_140005500|DBLe|1|1668|2055	PH0114-C.g13	100.000	369	0	0	1	369	1274	1642	0.0	756
PfKH02_140005500|DBLe|1|1668|2055	PC0056-C.g126	78.772	391	73	4	1	388	1632	2015	0.0	616
PfKH02_140005500|DBLe|1|1668|2055	PC0056-C.g126	26.512	215	121	6	127	312	181	387	1.72e-11	68.6
PfKH02_140005500|ATS|1|2110|2591	PV0211-C.g126	83.399	506	59	5	1	482	841	1345	0.0	777
PfKH02_140005500|ATS|1|2110|2591	PA0245-C.g998	79.752	484	70	3	1	482	1706	2163	0.0	751
PfKH02_140005500|ATS|1|2110|2591	PA0270-C.g443	76.701	485	80	5	1	482	2185	2639	0.0	704
PfKH02_140005500|ATS|1|2110|2591	PV0239-C.g10	71.977	521	84	8	1	482	3361	3858	0.0	696
PfKH02_140005500|ATS|1|2110|2591	PV0028-C.g50	75.152	495	71	7	1	482	2600	3055	0.0	690
PfKH02_000007800|NTS|1|13|77	PH0991-C.g675	100.000	65	0	0	1	65	13	77	1.11e-36	130
PfKH02_000007800|NTS|1|13|77	PH0915-C.g654	100.000	65	0	0	1	65	13	77	1.11e-36	130
PfKH02_000007800|NTS|1|13|77	SenT184.09.g1024	66.667	63	21	0	3	65	2	64	7.65e-19	80.1
PfKH02_000007800|NTS|1|13|77	QE0468-C.g798	68.254	63	18	2	3	63	2	64	1.54e-18	79.3
PfKH02_000007800|NTS|1|13|77	PT0156-C.g82	68.333	60	18	1	3	62	2	60	2.24e-17	75.9
PfKH02_000007800|DBLa|1|78|521	PH0991-C.g675	100.000	444	0	0	1	444	78	521	0.0	929
PfKH02_000007800|DBLa|1|78|521	PH0991-C.g675	23.758	463	240	18	61	444	933	1361	1.00e-15	82.4
PfKH02_000007800|DBLa|1|78|521	PH0915-C.g654	100.000	444	0	0	1	444	78	521	0.0	929
PfKH02_000007800|DBLa|1|78|521	PH0915-C.g654	23.758	463	240	18	61	444	933	1361	1.00e-15	82.4
PfKH02_000007800|DBLa|1|78|521	PD0555-C.g266	72.198	464	103	9	1	444	73	530	0.0	648
PfKH02_000007800|DBLa|1|78|521	PD0555-C.g266	31.734	271	148	9	32	293	2170	2412	2.26e-26	115
PfKH02_000007800|DBLa|1|78|521	PD0555-C.g266	26.807	332	179	10	146	444	1118	1418	6.52e-18	89.4
PfKH02_000007800|DBLa|1|78|521	PD0555-C.g266	24.204	314	159	12	59	352	1769	2023	8.66e-10	63.9
PfKH02_000007800|DBLa|1|78|521	PD0510-C.g595	72.198	464	103	9	1	444	73	530	0.0	648
PfKH02_000007800|DBLa|1|78|521	PD0510-C.g595	25.597	293	160	9	127	396	1083	1340	1.23e-15	82.0
PfKH02_000007800|DBLa|1|78|521	PD0519-C.g1183	72.198	464	103	9	1	444	73	530	0.0	648
PfKH02_000007800|DBLa|1|78|521	PD0519-C.g1183	25.806	310	161	9	124	385	1057	1345	7.53e-15	79.7
PfKH02_000007800|CIDRa|1|522|797	PH0991-C.g675	100.000	276	0	0	1	276	522	797	0.0	577
PfKH02_000007800|CIDRa|1|522|797	PH0915-C.g654	100.000	276	0	0	1	276	522	797	0.0	577
PfKH02_000007800|CIDRa|1|522|797	PD0500-C.g635	100.000	276	0	0	1	276	241	516	0.0	572
PfKH02_000007800|CIDRa|1|522|797	QG0260-C.g1382	75.000	276	51	6	1	276	196	453	7.50e-119	373
PfKH02_000007800|CIDRa|1|522|797	PA0168-C.g681	74.638	276	52	6	1	276	507	764	8.27e-118	373
PfKH02_000007800|DBLd|1|863|1356	PD0500-C.g635	100.000	494	0	0	1	494	582	1075	0.0	1026
PfKH02_000007800|DBLd|1|863|1356	PD0500-C.g635	35.484	124	77	2	323	446	36	156	1.45e-14	79.3
PfKH02_000007800|DBLd|1|863|1356	PD0500-C.g20	56.226	530	187	16	1	494	116	636	5.51e-172	513
PfKH02_000007800|DBLd|1|863|1356	PH0991-C.g675	55.172	522	183	10	1	494	863	1361	1.56e-165	513
PfKH02_000007800|DBLd|1|863|1356	PH0991-C.g675	29.442	197	110	4	250	446	270	437	5.29e-17	87.0
PfKH02_000007800|DBLd|1|863|1356	PH0915-C.g654	55.172	522	183	10	1	494	863	1361	1.56e-165	513
PfKH02_000007800|DBLd|1|863|1356	PH0915-C.g654	29.442	197	110	4	250	446	270	437	5.29e-17	87.0
PfKH02_000007800|DBLd|1|863|1356	PT0102-C.g413	51.773	564	188	17	1	494	1361	1910	2.47e-149	473
PfKH02_000007800|DBLd|1|863|1356	PT0102-C.g413	27.393	303	158	12	161	445	163	421	9.22e-18	89.4
PfKH02_000007800|CIDRb|1|1357|1607	PD0500-C.g635	100.000	251	0	0	1	251	1076	1326	4.86e-174	517
PfKH02_000007800|CIDRb|1|1357|1607	PM0096-C.g350	100.000	251	0	0	1	251	1320	1570	3.03e-172	518
PfKH02_000007800|CIDRb|1|1357|1607	PT0073-C.g720	96.414	251	9	0	1	251	1396	1646	6.93e-164	498
PfKH02_000007800|CIDRb|1|1357|1607	PT0261-Cx.g750	93.774	257	10	2	1	251	1374	1630	4.91e-162	492
PfKH02_000007800|CIDRb|1|1357|1607	QG0201-C.g31	93.774	257	10	2	1	251	1461	1717	7.99e-161	490
PfKH02_000007800|ATS|1|1720|2206	PA0204-C.g659	83.838	495	50	4	1	487	1701	2173	0.0	763
PfKH02_000007800|ATS|1|1720|2206	PA0245-C.g998	80.573	489	62	6	1	487	1706	2163	0.0	747
PfKH02_000007800|ATS|1|1720|2206	PA0270-C.g443	78.571	490	67	6	1	487	2185	2639	0.0	733
PfKH02_000007800|ATS|1|1720|2206	PV0139-C.g62	76.394	538	56	5	1	487	1704	2221	0.0	726
PfKH02_000007800|ATS|1|1720|2206	PD0483-C.g348	78.776	490	69	5	1	487	2589	3046	0.0	717
