PfSN01_010018400|NTS|1|1|64	QG0271-C.g854	98.438	64	1	0	1	64	1	64	6.39e-38	134
PfSN01_010018400|NTS|1|1|64	QG0269-C.g681	98.438	64	1	0	1	64	1	64	6.39e-38	134
PfSN01_010018400|NTS|1|1|64	PC0103-C.g809	98.438	64	1	0	1	64	1	64	6.39e-38	134
PfSN01_010018400|NTS|1|1|64	PM0108-C.g4	81.250	64	8	1	1	64	1	60	2.63e-28	107
PfSN01_010018400|NTS|1|1|64	PA0158-C.g824	82.692	52	7	1	5	56	5	54	6.07e-23	91.7
PfSN01_010018400|DBLa|1|67|479	PM0108-C.g4	98.547	413	6	0	1	413	63	475	0.0	849
PfSN01_010018400|DBLa|1|67|479	PM0108-C.g4	29.433	282	142	11	1	267	823	1062	3.16e-24	107
PfSN01_010018400|DBLa|1|67|479	PM0108-C.g4	24.688	320	177	10	35	332	1295	1572	8.96e-14	75.9
PfSN01_010018400|DBLa|1|67|479	QG0271-C.g854	97.094	413	9	1	1	413	67	476	0.0	832
PfSN01_010018400|DBLa|1|67|479	QG0271-C.g854	30.303	264	125	9	16	254	845	1074	1.39e-20	97.1
PfSN01_010018400|DBLa|1|67|479	QG0271-C.g854	21.818	330	180	13	28	328	1306	1586	2.76e-07	55.5
PfSN01_010018400|DBLa|1|67|479	QG0269-C.g681	97.094	413	9	1	1	413	67	476	0.0	832
PfSN01_010018400|DBLa|1|67|479	QG0269-C.g681	30.303	264	125	9	16	254	845	1074	1.39e-20	97.1
PfSN01_010018400|DBLa|1|67|479	QG0269-C.g681	21.818	330	180	13	28	328	1306	1586	2.76e-07	55.5
PfSN01_010018400|DBLa|1|67|479	PC0103-C.g809	97.094	413	9	1	1	413	67	476	0.0	832
PfSN01_010018400|DBLa|1|67|479	PC0103-C.g809	30.303	264	125	9	16	254	845	1074	1.39e-20	97.1
PfSN01_010018400|DBLa|1|67|479	PC0103-C.g809	21.818	330	180	13	28	328	1306	1586	2.76e-07	55.5
PfSN01_010018400|DBLa|1|67|479	QE0455-C.g199	74.584	421	94	4	1	413	67	482	0.0	621
PfSN01_010018400|DBLa|1|67|479	QE0455-C.g199	33.068	251	132	8	52	294	874	1096	6.09e-29	122
PfSN01_010018400|DBLa|1|67|479	QE0455-C.g199	26.144	306	160	8	116	413	1393	1640	4.42e-24	107
PfSN01_010018400|CIDRa|1|480|754	QG0271-C.g854	99.273	275	2	0	1	275	477	751	0.0	559
PfSN01_010018400|CIDRa|1|480|754	QG0269-C.g681	99.273	275	2	0	1	275	477	751	0.0	559
PfSN01_010018400|CIDRa|1|480|754	PC0103-C.g809	99.273	275	2	0	1	275	477	751	0.0	559
PfSN01_010018400|CIDRa|1|480|754	PM0113-C.g365	81.749	263	47	1	1	262	484	746	6.42e-131	410
PfSN01_010018400|CIDRa|1|480|754	QG0295-C.g2489	78.626	262	41	1	1	262	471	717	1.79e-116	367
PfSN01_010018400|DBLb|1|764|1226	PM0049-C.g391	86.393	463	46	4	1	463	757	1202	0.0	790
PfSN01_010018400|DBLb|1|764|1226	PM0049-C.g391	28.866	388	214	10	23	355	15	395	2.16e-36	145
PfSN01_010018400|DBLb|1|764|1226	PT0158-C.g269	86.393	463	46	5	1	463	757	1202	0.0	789
PfSN01_010018400|DBLb|1|764|1226	PT0158-C.g269	31.298	393	198	12	98	463	2076	2423	7.75e-44	167
PfSN01_010018400|DBLb|1|764|1226	PT0158-C.g269	28.238	386	217	10	22	355	18	395	1.63e-36	145
PfSN01_010018400|DBLb|1|764|1226	PT0158-C.g269	27.907	258	146	10	116	365	2478	2703	1.03e-18	92.0
PfSN01_010018400|DBLb|1|764|1226	QG0216-C.g935	86.825	463	44	5	1	463	780	1225	0.0	788
PfSN01_010018400|DBLb|1|764|1226	QG0216-C.g935	28.682	387	215	13	22	355	20	398	1.72e-34	139
PfSN01_010018400|DBLb|1|764|1226	QG0216-C.g935	22.356	331	190	12	68	357	1250	1554	1.42e-09	63.2
PfSN01_010018400|DBLb|1|764|1226	PC0005-Cx.g250	82.759	464	62	5	1	463	804	1250	0.0	746
PfSN01_010018400|DBLb|1|764|1226	PC0005-Cx.g250	28.177	362	204	12	45	355	41	397	1.43e-30	128
PfSN01_010018400|DBLb|1|764|1226	SenT151.08.g933	62.553	470	152	9	1	463	842	1294	1.08e-177	552
PfSN01_010018400|DBLb|1|764|1226	SenT151.08.g933	27.570	428	225	12	68	412	65	490	2.81e-30	127
PfSN01_010018400|DBLg|1|1269|1635	PT0258-Cx.g443	99.728	367	1	0	1	367	1261	1627	0.0	764
PfSN01_010018400|DBLg|1|1269|1635	PT0258-Cx.g443	21.260	381	217	9	45	367	871	1226	3.31e-13	73.6
PfSN01_010018400|DBLg|1|1269|1635	PT0258-Cx.g443	26.220	328	177	14	31	312	114	422	8.38e-11	66.2
PfSN01_010018400|DBLg|1|1269|1635	PT0242-Cx.g723	99.728	367	1	0	1	367	1261	1627	0.0	764
PfSN01_010018400|DBLg|1|1269|1635	PT0242-Cx.g723	21.260	381	217	9	45	367	871	1226	3.31e-13	73.6
PfSN01_010018400|DBLg|1|1269|1635	PT0242-Cx.g723	26.220	328	177	14	31	312	114	422	8.38e-11	66.2
PfSN01_010018400|DBLg|1|1269|1635	PA0187-C.g627	97.275	367	10	0	1	367	1657	2023	0.0	750
PfSN01_010018400|DBLg|1|1269|1635	PA0187-C.g627	29.659	381	147	16	44	308	889	1264	2.69e-30	125
PfSN01_010018400|DBLg|1|1269|1635	PA0187-C.g627	23.793	290	167	9	40	289	109	384	7.28e-09	60.1
PfSN01_010018400|DBLg|1|1269|1635	PM0068-C.g743	95.913	367	14	1	1	367	1265	1630	0.0	731
PfSN01_010018400|DBLg|1|1269|1635	PM0068-C.g743	23.003	313	198	9	36	324	836	1129	6.26e-15	79.0
PfSN01_010018400|DBLg|1|1269|1635	PM0068-C.g743	25.818	275	149	10	42	275	105	365	1.16e-08	59.3
PfSN01_010018400|DBLg|1|1269|1635	PA0092-C.g802	78.457	376	71	5	1	367	1148	1522	0.0	593
PfSN01_010018400|DBLg|1|1269|1635	PA0092-C.g802	24.354	271	160	8	45	290	741	991	2.38e-14	77.0
PfSN01_010018400|ATS|1|1689|2130	PC0122-C.g20	80.942	446	69	7	2	442	2347	2781	0.0	711
PfSN01_010018400|ATS|1|1689|2130	PV0028-C.g43	79.233	443	85	4	1	442	1843	2279	0.0	691
PfSN01_010018400|ATS|1|1689|2130	PC0053-C.g243	78.696	460	79	5	1	442	2111	2569	0.0	680
PfSN01_010018400|ATS|1|1689|2130	PFKE07.g667	76.856	458	80	8	2	442	2366	2814	0.0	674
PfSN01_010018400|ATS|1|1689|2130	PFKE07.g1065	75.955	445	82	6	2	442	1645	2068	0.0	659
PfSN01_030005000|NTS|1|1|69	PA0140-C.g694	100.000	69	0	0	1	69	1	69	3.13e-40	141
PfSN01_030005000|NTS|1|1|69	PA0208-C.g430	100.000	69	0	0	1	69	1	69	5.34e-40	140
PfSN01_030005000|NTS|1|1|69	SenT165.09.g4041	100.000	69	0	0	1	69	1	69	7.42e-40	140
PfSN01_030005000|NTS|1|1|69	PM0117-C.g643	95.652	69	3	0	1	69	1	69	2.70e-32	118
PfSN01_030005000|NTS|1|1|69	QE0429-C.g860	74.194	62	16	0	8	69	8	69	1.05e-22	91.3
PfSN01_030005000|DBLa|1|70|483	PA0140-C.g694	100.000	414	0	0	1	414	70	483	0.0	868
PfSN01_030005000|DBLa|1|70|483	PA0140-C.g694	25.523	239	126	9	133	332	1045	1270	3.49e-10	64.7
PfSN01_030005000|DBLa|1|70|483	SenT165.09.g4041	100.000	414	0	0	1	414	70	483	0.0	866
PfSN01_030005000|DBLa|1|70|483	SenT165.09.g4041	24.638	276	140	6	108	332	997	1255	3.34e-18	89.7
PfSN01_030005000|DBLa|1|70|483	PA0208-C.g430	95.894	414	17	0	1	414	70	483	0.0	835
PfSN01_030005000|DBLa|1|70|483	PA0208-C.g430	29.444	180	115	5	236	414	1215	1383	1.99e-13	74.7
PfSN01_030005000|DBLa|1|70|483	PV0035-C.g53	79.616	417	80	3	1	414	65	479	0.0	676
PfSN01_030005000|DBLa|1|70|483	PV0035-C.g53	34.694	98	61	2	234	329	1133	1229	1.45e-09	62.8
PfSN01_030005000|DBLa|1|70|483	QE0414-C.g47	78.571	420	83	3	1	414	65	483	0.0	673
PfSN01_030005000|CIDRa|1|484|730	SenT165.09.g4041	100.000	247	0	0	1	247	484	730	8.88e-170	503
PfSN01_030005000|CIDRa|1|484|730	PA0140-C.g694	100.000	247	0	0	1	247	484	730	4.36e-167	504
PfSN01_030005000|CIDRa|1|484|730	PA0208-C.g430	95.547	247	11	0	1	247	484	730	2.21e-148	456
PfSN01_030005000|CIDRa|1|484|730	PF0816-C.g547	83.265	245	38	1	1	245	487	728	6.60e-132	412
PfSN01_030005000|CIDRa|1|484|730	SenT092.08.g1153	82.857	245	42	0	1	245	493	737	2.92e-131	408
PfSN01_030005000|DBLd|1|818|1323	PA0211-C.g814	56.874	531	154	15	10	506	843	1332	3.00e-170	525
PfSN01_030005000|DBLd|1|818|1323	PA0211-C.g814	27.363	201	100	10	344	506	312	504	9.25e-08	57.4
PfSN01_030005000|DBLd|1|818|1323	QE0475-C.g50	52.107	522	174	14	1	506	311	772	7.11e-155	473
PfSN01_030005000|DBLd|1|818|1323	PD0461-C.g598	52.182	527	187	19	1	506	879	1361	5.79e-148	466
PfSN01_030005000|DBLd|1|818|1323	PD0461-C.g598	26.047	215	120	8	328	506	286	497	4.73e-09	61.6
PfSN01_030005000|DBLd|1|818|1323	PA0270-C.g901	50.092	541	210	17	1	506	882	1397	1.02e-145	459
PfSN01_030005000|DBLd|1|818|1323	QE0468-C.g706	49.728	551	171	18	1	506	917	1406	4.31e-141	447
PfSN01_030005000|DBLd|1|818|1323	QE0468-C.g706	34.737	95	58	2	355	445	325	419	2.96e-10	65.5
PfSN01_030005000|CIDRb|1|1324|1575	PA0211-C.g814	96.825	252	7	1	1	252	1333	1583	1.21e-163	496
PfSN01_030005000|CIDRb|1|1324|1575	PA0163-C.g424	63.320	259	86	4	1	251	1906	2163	1.18e-93	303
PfSN01_030005000|CIDRb|1|1324|1575	PT0219-C.g608	61.789	246	89	4	1	242	1377	1621	2.02e-92	299
PfSN01_030005000|CIDRb|1|1324|1575	PC0058-C.g4	58.103	253	102	2	4	252	693	945	3.23e-90	289
PfSN01_030005000|CIDRb|1|1324|1575	SenT013.11.g322	60.081	248	95	3	2	246	1389	1635	2.41e-89	291
PfSN01_030005000|ATS|1|1676|2128	PA0245-C.g998	86.057	459	57	4	1	453	1706	2163	0.0	772
PfSN01_030005000|ATS|1|1676|2128	PV0211-C.g126	81.028	506	42	6	1	453	841	1345	0.0	757
PfSN01_030005000|ATS|1|1676|2128	PA0270-C.g443	81.360	456	81	4	1	453	2185	2639	0.0	720
PfSN01_030005000|ATS|1|1676|2128	PV0147-C.g7	82.198	455	63	8	1	453	1761	2199	0.0	707
PfSN01_030005000|ATS|1|1676|2128	PA0245-C.g391	80.659	455	67	5	1	453	2512	2947	0.0	701
PfSN01_030031500|NTS|1|1|69	PT0117-C.g23	100.000	69	0	0	1	69	1	69	5.78e-41	143
PfSN01_030031500|NTS|1|1|69	PM0161-C.g2961	92.754	69	5	0	1	69	1	69	6.66e-37	131
PfSN01_030031500|NTS|1|1|69	PC0005-Cx.g727	92.754	69	5	0	1	69	1	69	2.72e-36	130
PfSN01_030031500|NTS|1|1|69	PF0424-C.g458	85.507	69	10	0	1	69	1	69	5.55e-32	117
PfSN01_030031500|NTS|1|1|69	PA0052-C.g525	82.609	69	12	0	1	69	1	69	6.87e-31	114
PfSN01_030031500|DBLa|1|70|477	PT0117-C.g23	95.610	410	15	2	1	408	70	478	0.0	805
PfSN01_030031500|DBLa|1|70|477	PT0117-C.g23	25.664	339	187	15	109	408	1008	1320	3.64e-14	77.0
PfSN01_030031500|DBLa|1|70|477	PF0449-C.g7	87.500	408	49	2	1	408	81	486	0.0	728
PfSN01_030031500|DBLa|1|70|477	PF0449-C.g7	25.484	310	176	8	129	408	1026	1310	5.60e-10	63.9
PfSN01_030031500|DBLa|1|70|477	PC0005-Cx.g727	87.621	412	41	5	1	408	70	475	0.0	728
PfSN01_030031500|DBLa|1|70|477	PC0005-Cx.g727	25.862	232	139	8	116	345	901	1101	1.38e-09	62.8
PfSN01_030031500|DBLa|1|70|477	PT0059-C.g770	76.341	410	89	4	1	408	77	480	0.0	639
PfSN01_030031500|DBLa|1|70|477	PT0059-C.g770	34.043	188	105	7	230	408	1151	1328	6.42e-20	94.7
PfSN01_030031500|DBLa|1|70|477	QE0437-C.g833	76.341	410	89	4	1	408	69	472	0.0	638
PfSN01_030031500|DBLa|1|70|477	QE0437-C.g833	28.492	179	116	3	230	408	1118	1284	7.63e-12	69.7
PfSN01_030031500|CIDRa|1|478|715	PF0206-C.g544	72.574	237	63	2	1	235	483	719	2.57e-108	344
PfSN01_030031500|CIDRa|1|478|715	PA0098-C.g699	69.874	239	68	2	1	235	499	737	1.51e-101	325
PfSN01_030031500|CIDRa|1|478|715	PA0039-C.g646	69.874	239	68	2	1	235	499	737	1.51e-101	325
PfSN01_030031500|CIDRa|1|478|715	QG0200-C.g265	68.050	241	73	3	1	237	495	735	7.05e-100	320
PfSN01_030031500|CIDRa|1|478|715	PA0256-C.g729	67.635	241	74	3	1	237	510	750	7.84e-100	320
PfSN01_030031500|DBLd|1|813|1328	PA0094-C.g207	73.755	522	77	8	1	516	885	1352	0.0	702
PfSN01_030031500|DBLd|1|813|1328	PA0094-C.g207	28.421	285	140	12	268	516	248	504	2.45e-15	82.0
PfSN01_030031500|DBLd|1|813|1328	PA0022-C.g456	48.909	550	211	15	1	516	210	723	2.47e-148	454
PfSN01_030031500|DBLd|1|813|1328	PA0203-C.g702	49.550	555	198	18	1	516	836	1347	8.61e-143	452
PfSN01_030031500|DBLd|1|813|1328	PA0203-C.g702	28.520	277	141	9	261	516	248	488	5.14e-15	80.9
PfSN01_030031500|DBLd|1|813|1328	PT0181-C.g181	47.323	579	218	14	1	516	884	1438	2.33e-142	447
PfSN01_030031500|DBLd|1|813|1328	PT0181-C.g181	22.939	279	169	6	186	449	163	410	1.09e-10	67.0
PfSN01_030031500|DBLd|1|813|1328	PF0098-C.g258	48.768	568	194	19	1	516	891	1413	2.91e-141	448
PfSN01_030031500|DBLd|1|813|1328	PF0098-C.g258	25.784	287	153	10	257	516	252	505	3.57e-11	68.6
PfSN01_030031500|CIDRb|1|1329|1587	PA0044-C.g438	79.447	253	52	0	1	253	2285	2537	1.32e-127	400
PfSN01_030031500|CIDRb|1|1329|1587	PA0044-C.g438	37.143	70	43	1	102	170	616	685	1.75e-08	57.4
PfSN01_030031500|CIDRb|1|1329|1587	PV0084-C.g146	75.294	255	61	1	1	253	412	666	1.40e-124	382
PfSN01_030031500|CIDRb|1|1329|1587	QE0438-C.g670	78.088	251	53	1	1	249	1389	1639	3.02e-124	390
PfSN01_030031500|CIDRb|1|1329|1587	QE0399-C.g493	78.088	251	53	1	1	249	1389	1639	3.02e-124	390
PfSN01_030031500|CIDRb|1|1329|1587	SenT233.08.g135	77.075	253	58	0	1	253	1867	2119	1.21e-122	386
PfSN01_030031500|ATS|1|1703|2161	PA0245-C.g998	85.529	463	58	5	1	459	1706	2163	0.0	772
PfSN01_030031500|ATS|1|1703|2161	PA0270-C.g443	80.870	460	82	5	1	459	2185	2639	0.0	716
PfSN01_030031500|ATS|1|1703|2161	PC0107-C.g899	82.789	459	55	4	1	459	1572	2006	0.0	699
PfSN01_030031500|ATS|1|1703|2161	QE0436-C.g591	77.890	493	72	6	1	459	1702	2191	0.0	697
PfSN01_030031500|ATS|1|1703|2161	PV0099-C.g26	82.692	468	67	6	1	459	2596	3058	0.0	697
PfSN01_040005200|NTS|1|1|69	PM0096-C.g397	100.000	69	0	0	1	69	1	69	1.14e-41	145
PfSN01_040005200|NTS|1|1|69	PM0021-C.g597	86.667	60	8	0	10	69	7	66	5.11e-28	106
PfSN01_040005200|NTS|1|1|69	PC0063-C.g6321	86.667	60	8	0	10	69	7	66	5.32e-28	106
PfSN01_040005200|NTS|1|1|69	PA0134-C.g22	86.667	60	8	0	10	69	7	66	6.69e-28	106
PfSN01_040005200|NTS|1|1|69	PA0078-C.g555	86.667	60	8	0	10	69	7	66	7.51e-28	105
PfSN01_040005200|DBLa|1|70|511	PM0096-C.g397	97.968	443	8	1	1	442	70	512	0.0	910
PfSN01_040005200|DBLa|1|70|511	PM0096-C.g397	23.034	356	191	13	122	442	1148	1455	1.85e-11	68.9
PfSN01_040005200|DBLa|1|70|511	QG0246-C.g3543	70.601	449	115	9	1	442	65	503	0.0	616
PfSN01_040005200|DBLa|1|70|511	QG0246-C.g3543	24.252	301	159	11	112	350	1075	1368	5.99e-13	73.6
PfSN01_040005200|DBLa|1|70|511	PM0062-C.g545	65.618	445	134	9	7	442	70	504	0.0	583
PfSN01_040005200|DBLa|1|70|511	PM0062-C.g545	27.053	207	112	8	243	442	1157	1331	3.94e-11	67.8
PfSN01_040005200|DBLa|1|70|511	PA0134-C.g931	66.368	446	134	8	1	442	65	498	0.0	583
PfSN01_040005200|DBLa|1|70|511	PA0134-C.g931	29.412	102	67	1	245	341	1227	1328	6.31e-07	54.7
PfSN01_040005200|DBLa|1|70|511	PD0561-C.g650	67.195	442	126	8	1	442	62	484	0.0	582
PfSN01_040005200|DBLa|1|70|511	PD0561-C.g650	27.358	106	71	2	242	341	1166	1271	3.81e-07	55.1
PfSN01_040005200|CIDRa|1|512|808	PM0096-C.g397	95.667	300	10	2	1	297	513	812	0.0	596
PfSN01_040005200|CIDRa|1|512|808	PM0096-C.g397	38.462	65	40	0	133	197	1557	1621	9.15e-08	55.8
PfSN01_040005200|CIDRa|1|512|808	SenT140.11.g507	89.116	294	30	1	1	292	496	789	2.54e-178	538
PfSN01_040005200|CIDRa|1|512|808	PA0200-C.g729	86.441	295	37	1	1	292	496	790	9.23e-170	515
PfSN01_040005200|CIDRa|1|512|808	PA0220-C.g886	84.106	302	42	3	1	296	502	803	5.97e-160	490
PfSN01_040005200|CIDRa|1|512|808	QE0404-C.g589	76.730	318	50	4	1	297	508	822	7.33e-147	454
PfSN01_040005200|DBLd|1|894|1395	PC0122-C.g582	53.663	546	195	18	1	502	921	1452	4.94e-168	521
PfSN01_040005200|DBLd|1|894|1395	PC0122-C.g582	25.103	243	147	6	205	435	189	408	2.18e-11	69.3
PfSN01_040005200|DBLd|1|894|1395	PT0017-CW.g643	48.841	561	197	16	1	502	39	568	2.93e-144	441
PfSN01_040005200|DBLd|1|894|1395	PA0065-C.g680	47.909	574	180	23	1	502	488	1014	5.56e-141	442
PfSN01_040005200|DBLd|1|894|1395	PT0042-C.g441	47.786	542	228	14	1	502	807	1333	4.38e-140	444
PfSN01_040005200|DBLd|1|894|1395	PT0042-C.g441	31.731	104	69	1	338	441	290	391	2.19e-09	62.8
PfSN01_040005200|DBLd|1|894|1395	PM0108-C.g26	47.909	574	180	23	1	502	888	1414	1.55e-139	441
PfSN01_040005200|DBLd|1|894|1395	PM0108-C.g26	23.221	267	153	9	196	444	168	400	5.59e-09	61.6
PfSN01_040005200|CIDRb|1|1396|1641	PC0122-C.g582	77.869	244	46	3	1	236	1453	1696	1.75e-117	370
PfSN01_040005200|CIDRb|1|1396|1641	PA0067-C.g585	75.709	247	55	4	1	244	1373	1617	1.05e-111	354
PfSN01_040005200|CIDRb|1|1396|1641	QG0216-C.g783	66.023	259	75	6	1	246	1432	1690	6.59e-100	320
PfSN01_040005200|CIDRb|1|1396|1641	QG0201-C.g161	68.775	253	66	6	1	244	2167	2415	1.08e-99	320
PfSN01_040005200|CIDRb|1|1396|1641	PT0080-C.g355	66.667	252	76	4	1	244	1795	2046	1.53e-96	311
PfSN01_040005200|CIDRb|1|1396|1641	PT0080-C.g355	34.444	90	47	4	100	181	617	702	3.79e-07	53.1
PfSN01_040005200|ATS|1|1748|2215	PA0245-C.g998	76.956	473	89	8	1	468	1706	2163	0.0	689
PfSN01_040005200|ATS|1|1748|2215	PV0147-C.g7	74.788	472	82	8	1	468	1761	2199	0.0	663
PfSN01_040005200|ATS|1|1748|2215	QE0475-C.g596	78.436	473	85	8	1	468	1737	2197	0.0	662
PfSN01_040005200|ATS|1|1748|2215	PV0099-C.g26	77.331	472	94	5	1	468	2596	3058	0.0	652
PfSN01_040005200|ATS|1|1748|2215	QE0436-C.g591	75.200	500	82	11	1	468	1702	2191	0.0	649
PfSN01_040005400|NTS|1|1|69	PF0590-C.g183	97.101	69	2	0	1	69	1	69	2.99e-39	138
PfSN01_040005400|NTS|1|1|69	PA0180-C.g76	95.652	69	3	0	1	69	1	69	1.24e-38	136
PfSN01_040005400|NTS|1|1|69	PT0035-C.g249	94.203	69	4	0	1	69	1	69	4.89e-38	135
PfSN01_040005400|NTS|1|1|69	PC0065-C.g3513	94.203	69	4	0	1	69	1	69	4.89e-38	135
PfSN01_040005400|NTS|1|1|69	PA0221-C.g224	95.652	69	3	0	1	69	1	69	6.07e-38	134
PfSN01_040005400|DBLa|1|70|459	QE0428-C.g250	85.533	394	53	3	1	390	70	463	0.0	691
PfSN01_040005400|DBLa|1|70|459	QE0428-C.g250	33.657	309	174	9	20	322	1585	1868	2.65e-43	164
PfSN01_040005400|DBLa|1|70|459	QE0428-C.g250	28.814	295	134	15	57	322	1161	1408	2.90e-17	86.7
PfSN01_040005400|DBLa|1|70|459	QE0428-C.g250	27.358	212	109	9	51	259	2028	2197	4.75e-13	73.6
PfSN01_040005400|DBLa|1|70|459	QE0428-C.g250	22.420	281	167	9	54	321	805	1047	3.68e-09	61.2
PfSN01_040005400|DBLa|1|70|459	QE0427-C.g207	85.533	394	53	3	1	390	70	463	0.0	691
PfSN01_040005400|DBLa|1|70|459	QE0427-C.g207	33.657	309	174	9	20	322	1585	1868	3.44e-43	163
PfSN01_040005400|DBLa|1|70|459	QE0427-C.g207	28.814	295	134	15	57	322	1161	1408	3.43e-17	86.3
PfSN01_040005400|DBLa|1|70|459	QE0427-C.g207	29.500	200	73	9	51	248	2028	2161	2.69e-11	68.2
PfSN01_040005400|DBLa|1|70|459	QE0427-C.g207	22.420	281	167	9	54	321	805	1047	3.91e-09	61.2
PfSN01_040005400|DBLa|1|70|459	PC0026-C.g11	85.204	392	56	1	1	390	70	461	0.0	664
PfSN01_040005400|DBLa|1|70|459	PC0026-C.g11	23.145	337	206	12	24	343	774	1074	2.39e-11	68.2
PfSN01_040005400|DBLa|1|70|459	PV0115-C.g6	80.457	394	73	3	1	390	69	462	0.0	651
PfSN01_040005400|DBLa|1|70|459	PV0115-C.g6	33.333	324	182	10	17	333	1584	1880	4.19e-43	163
PfSN01_040005400|DBLa|1|70|459	PV0115-C.g6	25.362	276	149	10	54	326	2041	2262	3.69e-14	77.0
PfSN01_040005400|DBLa|1|70|459	PV0115-C.g6	24.138	290	165	9	57	336	1181	1425	2.89e-12	70.9
PfSN01_040005400|DBLa|1|70|459	PV0115-C.g6	25.902	305	180	13	54	344	804	1076	7.62e-10	63.5
PfSN01_040005400|DBLa|1|70|459	PV0188-C.g1	80.457	394	73	3	1	390	69	462	0.0	650
PfSN01_040005400|DBLa|1|70|459	PV0188-C.g1	33.333	324	182	10	17	333	1584	1880	3.77e-43	163
PfSN01_040005400|DBLa|1|70|459	PV0188-C.g1	25.595	336	187	13	56	383	2043	2323	2.54e-14	77.4
PfSN01_040005400|DBLa|1|70|459	PV0188-C.g1	24.138	290	165	8	57	336	1181	1425	2.29e-12	71.2
PfSN01_040005400|DBLa|1|70|459	PV0188-C.g1	24.699	332	202	14	54	371	804	1101	5.19e-10	63.9
PfSN01_040005400|CIDRb|1|460|715	PM0107-C.g51	96.875	256	8	0	1	256	46	301	2.18e-168	503
PfSN01_040005400|CIDRb|1|460|715	PT0264-C.g208	96.875	256	8	0	1	256	465	720	8.30e-164	503
PfSN01_040005400|CIDRb|1|460|715	PM0115-C.g151	96.875	256	8	0	1	256	465	720	8.30e-164	503
PfSN01_040005400|CIDRb|1|460|715	PH0329-C.g443	92.188	256	20	0	1	256	458	713	2.91e-155	479
PfSN01_040005400|CIDRb|1|460|715	PH0704-C.g445	92.188	256	20	0	1	256	458	713	2.98e-155	479
PfSN01_040005400|DBLg|1|759|1114	PM0019-C.g1286	95.506	356	16	0	1	356	763	1118	0.0	667
PfSN01_040005400|DBLg|1|759|1114	PM0019-C.g1286	29.787	329	185	11	13	334	2006	2295	9.07e-28	117
PfSN01_040005400|DBLg|1|759|1114	PM0019-C.g1286	25.786	318	199	8	44	356	1179	1464	2.54e-20	95.1
PfSN01_040005400|DBLg|1|759|1114	PM0019-C.g1286	26.214	309	173	13	42	314	128	417	1.06e-09	62.8
PfSN01_040005400|DBLg|1|759|1114	PM0019-C.g1286	23.443	273	176	8	36	288	1608	1867	1.38e-09	62.4
PfSN01_040005400|DBLg|1|759|1114	PA0134-C.g401	91.854	356	29	0	1	356	753	1108	0.0	638
PfSN01_040005400|DBLg|1|759|1114	PA0134-C.g401	29.787	329	185	11	13	334	1996	2285	3.86e-28	118
PfSN01_040005400|DBLg|1|759|1114	PA0134-C.g401	26.101	318	198	8	44	356	1169	1454	1.94e-21	98.6
PfSN01_040005400|DBLg|1|759|1114	PA0134-C.g401	25.253	297	182	8	43	316	130	409	1.27e-12	71.6
PfSN01_040005400|DBLg|1|759|1114	PA0134-C.g401	23.443	273	176	8	36	288	1598	1857	1.36e-09	62.4
PfSN01_040005400|DBLg|1|759|1114	PC0118-C.g146	85.112	356	53	0	1	356	749	1104	0.0	620
PfSN01_040005400|DBLg|1|759|1114	PC0118-C.g146	29.787	329	185	11	13	334	1993	2282	5.51e-28	117
PfSN01_040005400|DBLg|1|759|1114	PC0118-C.g146	26.027	292	177	9	44	326	1165	1426	3.43e-13	73.6
PfSN01_040005400|DBLg|1|759|1114	PC0118-C.g146	23.077	273	177	8	36	288	1595	1854	4.84e-10	63.5
PfSN01_040005400|DBLg|1|759|1114	PM0024-C.g589	88.202	356	42	0	1	356	768	1123	0.0	612
PfSN01_040005400|DBLg|1|759|1114	PM0024-C.g589	25.786	318	199	8	44	356	1184	1469	2.04e-20	95.1
PfSN01_040005400|DBLg|1|759|1114	PM0024-C.g589	23.443	273	176	8	36	288	1613	1872	1.75e-09	62.0
PfSN01_040005400|DBLg|1|759|1114	PM0024-C.g589	24.194	310	180	10	43	314	130	422	1.06e-07	56.2
PfSN01_040005400|DBLg|1|759|1114	PM0038-C.g2132	86.517	356	48	0	1	356	761	1116	0.0	611
PfSN01_040005400|DBLg|1|759|1114	PM0038-C.g2132	30.091	329	184	11	13	334	2004	2293	9.54e-29	120
PfSN01_040005400|DBLg|1|759|1114	PM0038-C.g2132	25.776	322	194	8	44	356	1177	1462	5.09e-21	97.1
PfSN01_040005400|DBLg|1|759|1114	PM0038-C.g2132	23.443	273	176	8	36	288	1606	1865	1.56e-09	62.0
PfSN01_040005400|DBLg|1|759|1114	PM0038-C.g2132	27.232	224	123	9	43	247	128	330	1.23e-07	56.2
PfSN01_040005400|DBLe|1|1122|1461	PT0005-CW.g87	93.824	340	21	0	1	340	1121	1460	0.0	634
PfSN01_040005400|DBLe|1|1122|1461	PT0005-CW.g87	37.618	319	182	6	35	340	1976	2290	6.20e-59	207
PfSN01_040005400|DBLe|1|1122|1461	PT0005-CW.g87	26.374	273	161	9	53	317	2373	2613	1.59e-24	107
PfSN01_040005400|DBLe|1|1122|1461	PT0005-CW.g87	26.349	315	200	9	55	340	802	1113	1.62e-19	92.4
PfSN01_040005400|DBLe|1|1122|1461	PT0005-CW.g87	27.393	303	173	10	53	309	1601	1902	4.56e-14	75.9
PfSN01_040005400|DBLe|1|1122|1461	PT0005-CW.g87	26.523	279	133	10	56	281	126	385	7.11e-10	62.8
PfSN01_040005400|DBLe|1|1122|1461	PD0472-C.g293	89.412	340	36	0	1	340	1120	1459	0.0	620
PfSN01_040005400|DBLe|1|1122|1461	PD0472-C.g293	27.548	363	192	15	20	340	779	1112	2.51e-21	97.8
PfSN01_040005400|DBLe|1|1122|1461	PD0472-C.g293	29.740	269	140	9	53	307	2016	2249	1.20e-19	92.8
PfSN01_040005400|DBLe|1|1122|1461	PD0472-C.g293	28.767	219	106	10	126	295	181	398	1.59e-10	65.1
PfSN01_040005400|DBLe|1|1122|1461	PD0472-C.g293	24.324	370	177	16	55	340	1612	1962	1.38e-09	62.0
PfSN01_040005400|DBLe|1|1122|1461	PT0226-Cx.g144	89.412	340	36	0	1	340	1128	1467	0.0	619
PfSN01_040005400|DBLe|1|1122|1461	PT0226-Cx.g144	29.242	277	170	7	51	322	2042	2297	3.84e-32	129
PfSN01_040005400|DBLe|1|1122|1461	PT0226-Cx.g144	25.836	329	197	10	49	340	802	1120	2.30e-16	82.8
PfSN01_040005400|DBLe|1|1122|1461	PT0226-Cx.g144	27.036	307	147	11	56	305	133	419	3.38e-13	73.2
PfSN01_040005400|DBLe|1|1122|1461	PT0226-Cx.g144	23.636	275	164	7	55	296	1620	1881	8.80e-10	62.8
PfSN01_040005400|DBLe|1|1122|1461	PT0225-C.g311	89.412	340	36	0	1	340	1128	1467	0.0	619
PfSN01_040005400|DBLe|1|1122|1461	PT0225-C.g311	29.242	277	170	7	51	322	2042	2297	3.69e-32	129
PfSN01_040005400|DBLe|1|1122|1461	PT0225-C.g311	25.836	329	197	10	49	340	802	1120	2.15e-16	82.8
PfSN01_040005400|DBLe|1|1122|1461	PT0225-C.g311	27.055	292	141	10	56	295	133	404	3.91e-13	73.2
PfSN01_040005400|DBLe|1|1122|1461	PT0225-C.g311	23.636	275	164	7	55	296	1620	1881	8.49e-10	62.8
PfSN01_040005400|DBLe|1|1122|1461	PM0019-C.g1286	87.647	340	41	1	1	340	1126	1464	0.0	612
PfSN01_040005400|DBLe|1|1122|1461	PM0019-C.g1286	30.605	281	161	7	51	322	2039	2294	8.44e-33	131
PfSN01_040005400|DBLe|1|1122|1461	PM0019-C.g1286	27.434	339	209	10	34	340	785	1118	4.09e-20	94.0
PfSN01_040005400|DBLe|1|1122|1461	PM0019-C.g1286	24.275	276	161	8	55	296	1617	1878	1.99e-10	64.7
PfSN01_040005400|DBLe|1|1122|1461	PM0019-C.g1286	24.775	222	121	6	126	301	188	409	7.90e-10	62.8
PfSN01_040005400|DBLz|1|1520|1964	PA0064-C.g480	97.079	445	13	0	1	445	464	908	0.0	893
PfSN01_040005400|DBLz|1|1520|1964	PA0064-C.g480	29.091	220	112	9	93	309	962	1140	5.55e-13	73.9
PfSN01_040005400|DBLz|1|1520|1964	PA0064-C.g480	23.274	391	198	14	75	445	97	405	6.51e-11	67.4
PfSN01_040005400|DBLz|1|1520|1964	PD0472-C.g293	97.303	445	12	0	1	445	1518	1962	0.0	891
PfSN01_040005400|DBLz|1|1520|1964	PD0472-C.g293	33.945	327	176	10	60	357	83	398	1.67e-41	160
PfSN01_040005400|DBLz|1|1520|1964	PD0472-C.g293	24.908	273	178	6	86	346	793	1050	1.16e-11	69.7
PfSN01_040005400|DBLz|1|1520|1964	PD0472-C.g293	24.745	392	192	16	75	445	1150	1459	1.92e-11	68.9
PfSN01_040005400|DBLz|1|1520|1964	PD0472-C.g293	26.275	255	143	11	93	342	2016	2230	2.62e-10	65.5
PfSN01_040005400|DBLz|1|1520|1964	PH0471-C.g469	97.079	445	13	0	1	445	1510	1954	0.0	890
PfSN01_040005400|DBLz|1|1520|1964	PH0471-C.g469	35.082	305	166	8	67	348	89	384	1.19e-45	172
PfSN01_040005400|DBLz|1|1520|1964	PH0471-C.g469	27.178	287	165	10	78	347	778	1037	2.51e-17	87.4
PfSN01_040005400|DBLz|1|1520|1964	PH0471-C.g469	26.275	255	143	11	93	342	2008	2222	1.96e-10	65.9
PfSN01_040005400|DBLz|1|1520|1964	PH0471-C.g469	22.616	367	186	13	95	445	1167	1451	1.79e-08	59.7
PfSN01_040005400|DBLz|1|1520|1964	PH0991-C.g182	97.079	445	13	0	1	445	1510	1954	0.0	889
PfSN01_040005400|DBLz|1|1520|1964	PH0991-C.g182	35.082	305	166	8	67	348	89	384	1.04e-45	172
PfSN01_040005400|DBLz|1|1520|1964	PH0991-C.g182	27.083	288	166	10	77	347	777	1037	2.27e-17	87.8
PfSN01_040005400|DBLz|1|1520|1964	PH0991-C.g182	26.275	255	143	11	93	342	2008	2222	1.91e-10	65.9
PfSN01_040005400|DBLz|1|1520|1964	PH0991-C.g182	22.066	426	207	15	63	445	1108	1451	1.64e-08	59.7
PfSN01_040005400|DBLz|1|1520|1964	PH0915-C.g233	97.079	445	13	0	1	445	1510	1954	0.0	889
PfSN01_040005400|DBLz|1|1520|1964	PH0915-C.g233	35.082	305	166	8	67	348	89	384	1.04e-45	172
PfSN01_040005400|DBLz|1|1520|1964	PH0915-C.g233	27.083	288	166	10	77	347	777	1037	2.27e-17	87.8
PfSN01_040005400|DBLz|1|1520|1964	PH0915-C.g233	26.275	255	143	11	93	342	2008	2222	1.91e-10	65.9
PfSN01_040005400|DBLz|1|1520|1964	PH0915-C.g233	22.066	426	207	15	63	445	1108	1451	1.64e-08	59.7
PfSN01_040005400|DBLe|2|1969|2265	PA0046-C.g453	98.316	297	5	0	1	297	483	779	0.0	607
PfSN01_040005400|DBLe|2|1969|2265	PA0046-C.g453	29.730	222	121	11	42	228	121	342	9.62e-10	61.6
PfSN01_040005400|DBLe|2|1969|2265	QE0471-C.g965	97.980	297	6	0	1	297	475	771	0.0	604
PfSN01_040005400|DBLe|2|1969|2265	QE0471-C.g965	29.730	222	121	10	42	228	113	334	3.00e-13	72.4
PfSN01_040005400|DBLe|2|1969|2265	PA0081-C.g407	97.980	297	6	0	1	297	475	771	0.0	604
PfSN01_040005400|DBLe|2|1969|2265	PA0081-C.g407	29.730	222	121	10	42	228	113	334	2.86e-13	72.4
PfSN01_040005400|DBLe|2|1969|2265	QG0186-C.g1034	97.980	297	6	0	1	297	475	771	0.0	604
PfSN01_040005400|DBLe|2|1969|2265	QG0186-C.g1034	30.531	226	114	12	42	228	113	334	2.40e-13	72.8
PfSN01_040005400|DBLe|2|1969|2265	PT0261-Cx.g1134	97.980	297	6	0	1	297	483	779	0.0	604
PfSN01_040005400|DBLe|2|1969|2265	PT0261-Cx.g1134	25.523	239	130	8	37	228	105	342	3.65e-10	63.2
PfSN01_040005400|ATS|1|2382|2811	PA0267-C.g23	100.000	430	0	0	1	430	2384	2813	0.0	890
PfSN01_040005400|ATS|1|2382|2811	PF0789-C.g724	100.000	430	0	0	1	430	887	1316	0.0	887
PfSN01_040005400|ATS|1|2382|2811	QE0456-C.g1148	100.000	430	0	0	1	430	893	1322	0.0	885
PfSN01_040005400|ATS|1|2382|2811	QE0424-C.g794	100.000	430	0	0	1	430	893	1322	0.0	885
PfSN01_040005400|ATS|1|2382|2811	QG0186-C.g1034	99.767	430	1	0	1	430	888	1317	0.0	884
PfSN01_040017400|NTS|1|1|66	PM0041-C.g169	100.000	66	0	0	1	66	1	66	1.90e-38	135
PfSN01_040017400|NTS|1|1|66	PA0267-C.g608	100.000	66	0	0	1	66	1	66	2.59e-38	135
PfSN01_040017400|NTS|1|1|66	PA0237-C.g757	100.000	66	0	0	1	66	1	66	2.59e-38	135
PfSN01_040017400|NTS|1|1|66	PA0213-C.g1034	100.000	66	0	0	1	66	1	66	2.59e-38	135
PfSN01_040017400|NTS|1|1|66	PA0203-C.g708	100.000	66	0	0	1	66	1	66	2.59e-38	135
PfSN01_040017400|DBLa|1|67|491	PA0267-C.g608	100.000	425	0	0	1	425	67	491	0.0	889
PfSN01_040017400|DBLa|1|67|491	PA0267-C.g608	26.111	360	196	13	114	425	1016	1353	1.18e-17	88.2
PfSN01_040017400|DBLa|1|67|491	PA0237-C.g757	100.000	425	0	0	1	425	67	491	0.0	889
PfSN01_040017400|DBLa|1|67|491	PA0237-C.g757	26.111	360	196	13	114	425	1016	1353	1.18e-17	88.2
PfSN01_040017400|DBLa|1|67|491	PA0213-C.g1034	100.000	425	0	0	1	425	67	491	0.0	889
PfSN01_040017400|DBLa|1|67|491	PA0213-C.g1034	26.111	360	196	13	114	425	1016	1353	1.18e-17	88.2
PfSN01_040017400|DBLa|1|67|491	PA0203-C.g708	100.000	425	0	0	1	425	67	491	0.0	889
PfSN01_040017400|DBLa|1|67|491	PA0203-C.g708	26.111	360	196	13	114	425	1016	1353	1.18e-17	88.2
PfSN01_040017400|DBLa|1|67|491	PA0202-C.g626	100.000	425	0	0	1	425	67	491	0.0	889
PfSN01_040017400|DBLa|1|67|491	PA0202-C.g626	26.111	360	196	13	114	425	1016	1353	1.18e-17	88.2
PfSN01_040017400|CIDRa|1|492|745	PA0064-C.g427	100.000	254	0	0	1	254	492	745	1.72e-177	526
PfSN01_040017400|CIDRa|1|492|745	PA0008-C.g135	100.000	254	0	0	1	254	492	745	2.02e-175	525
PfSN01_040017400|CIDRa|1|492|745	PA0008-C.g135	27.950	161	104	5	67	223	1443	1595	3.59e-08	56.2
PfSN01_040017400|CIDRa|1|492|745	PM0041-C.g169	100.000	254	0	0	1	254	492	745	5.73e-175	525
PfSN01_040017400|CIDRa|1|492|745	PM0041-C.g169	26.425	193	128	6	67	253	1339	1523	1.36e-09	60.5
PfSN01_040017400|CIDRa|1|492|745	PA0185-C.g688	100.000	254	0	0	1	254	473	726	1.14e-174	526
PfSN01_040017400|CIDRa|1|492|745	PA0185-C.g688	26.425	193	128	6	67	253	1424	1608	1.75e-09	60.1
PfSN01_040017400|CIDRa|1|492|745	SenT030.11.g92	100.000	254	0	0	1	254	492	745	1.53e-174	526
PfSN01_040017400|CIDRa|1|492|745	SenT030.11.g92	26.425	193	128	6	67	253	1472	1656	1.56e-09	60.5
PfSN01_040017400|DBLd|1|820|1353	SenT119.09.g332	100.000	534	0	0	1	534	148	681	0.0	1116
PfSN01_040017400|DBLd|1|820|1353	SenT085.10.g77	100.000	534	0	0	1	534	116	649	0.0	1115
PfSN01_040017400|DBLd|1|820|1353	SenT150.09.g409	100.000	534	0	0	1	534	101	634	0.0	1114
PfSN01_040017400|DBLd|1|820|1353	SenT013.11.g972	100.000	534	0	0	1	534	64	597	0.0	1114
PfSN01_040017400|DBLd|1|820|1353	SenT002.07.g1048	100.000	534	0	0	1	534	116	649	0.0	1114
PfSN01_040017400|CIDRg|1|1354|1635	SenT150.09.g409	100.000	282	0	0	1	282	635	916	0.0	586
PfSN01_040017400|CIDRg|1|1354|1635	SenT085.10.g77	100.000	282	0	0	1	282	650	931	0.0	586
PfSN01_040017400|CIDRg|1|1354|1635	SenT119.09.g332	100.000	282	0	0	1	282	682	963	0.0	585
PfSN01_040017400|CIDRg|1|1354|1635	SenT001.11.g394	100.000	282	0	0	1	282	612	893	0.0	585
PfSN01_040017400|CIDRg|1|1354|1635	SenT013.11.g972	100.000	282	0	0	1	282	598	879	0.0	585
PfSN01_040017400|ATS|1|1727|2174	PD0518-C.g670	94.196	448	26	0	1	448	1690	2137	0.0	882
PfSN01_040017400|ATS|1|1727|2174	PD0585-C.g823	93.080	448	30	1	1	448	1711	2157	0.0	872
PfSN01_040017400|ATS|1|1727|2174	PH0367-C.g369	93.080	448	30	1	1	448	1614	2060	0.0	871
PfSN01_040017400|ATS|1|1727|2174	PV0099-C.g22	91.904	457	28	3	1	448	1757	2213	0.0	865
PfSN01_040017400|ATS|1|1727|2174	PFKE12.g25	92.952	454	26	1	1	448	1712	2165	0.0	861
PfSN01_040017700|NTS|1|1|61	PV0287-C.g19	100.000	61	0	0	1	61	1	61	2.38e-36	129
PfSN01_040017700|NTS|1|1|61	PA0270-C.g454	100.000	61	0	0	1	61	1	61	2.53e-36	129
PfSN01_040017700|NTS|1|1|61	PA0213-C.g656	100.000	61	0	0	1	61	1	61	2.53e-36	129
PfSN01_040017700|NTS|1|1|61	SenT052.11.g610	100.000	61	0	0	1	61	1	61	2.55e-36	129
PfSN01_040017700|NTS|1|1|61	PA0065-C.g686	100.000	61	0	0	1	61	1	61	2.65e-36	129
PfSN01_040017700|DBLa|1|62|505	PFKE08.g496	100.000	444	0	0	1	444	62	505	0.0	927
PfSN01_040017700|DBLa|1|62|505	PFKE08.g496	30.946	349	168	13	4	337	907	1197	6.20e-32	132
PfSN01_040017700|DBLa|1|62|505	PFKE08.g496	27.778	288	142	10	141	390	1912	2171	3.31e-19	93.2
PfSN01_040017700|DBLa|1|62|505	PV0287-C.g19	100.000	444	0	0	1	444	62	505	0.0	927
PfSN01_040017700|DBLa|1|62|505	PV0287-C.g19	30.946	349	168	13	4	337	907	1197	4.63e-32	132
PfSN01_040017700|DBLa|1|62|505	PV0287-C.g19	19.868	302	188	7	43	338	1369	1622	1.32e-08	60.1
PfSN01_040017700|DBLa|1|62|505	PV0287-C.g19	25.506	247	105	10	144	337	1962	2182	1.51e-08	59.7
PfSN01_040017700|DBLa|1|62|505	QE0465-C.g41	100.000	444	0	0	1	444	62	505	0.0	926
PfSN01_040017700|DBLa|1|62|505	QE0465-C.g41	30.946	349	168	13	4	337	907	1197	5.47e-32	132
PfSN01_040017700|DBLa|1|62|505	QE0465-C.g41	28.472	288	140	11	141	390	1912	2171	4.24e-19	92.8
PfSN01_040017700|DBLa|1|62|505	QE0463-C.g350	100.000	444	0	0	1	444	62	505	0.0	926
PfSN01_040017700|DBLa|1|62|505	QE0463-C.g350	30.946	349	168	13	4	337	907	1197	5.47e-32	132
PfSN01_040017700|DBLa|1|62|505	QE0463-C.g350	28.472	288	140	11	141	390	1912	2171	4.24e-19	92.8
PfSN01_040017700|DBLa|1|62|505	QE0460-C.g400	100.000	444	0	0	1	444	62	505	0.0	926
PfSN01_040017700|DBLa|1|62|505	QE0460-C.g400	30.946	349	168	13	4	337	907	1197	5.47e-32	132
PfSN01_040017700|DBLa|1|62|505	QE0460-C.g400	28.472	288	140	11	141	390	1912	2171	4.24e-19	92.8
PfSN01_040017700|CIDRa|1|506|830	PV0287-C.g19	100.000	325	0	0	1	325	506	830	0.0	664
PfSN01_040017700|CIDRa|1|506|830	PFKE08.g496	100.000	325	0	0	1	325	506	830	0.0	664
PfSN01_040017700|CIDRa|1|506|830	PM0085-C.g208	100.000	325	0	0	1	325	506	830	0.0	663
PfSN01_040017700|CIDRa|1|506|830	PC0107-C.g403	100.000	325	0	0	1	325	506	830	0.0	663
PfSN01_040017700|CIDRa|1|506|830	PA0084-C.g918	100.000	325	0	0	1	325	506	830	0.0	663
PfSN01_040017700|DBLb|1|843|1313	PA0065-C.g686	100.000	471	0	0	1	471	843	1313	0.0	996
PfSN01_040017700|DBLb|1|843|1313	PA0065-C.g686	29.398	415	211	16	5	355	2	398	1.64e-32	134
PfSN01_040017700|DBLb|1|843|1313	PA0202-C.g175	100.000	471	0	0	1	471	831	1301	0.0	996
PfSN01_040017700|DBLb|1|843|1313	PA0202-C.g175	33.574	277	127	12	65	296	72	336	3.78e-26	115
PfSN01_040017700|DBLb|1|843|1313	PA0202-C.g175	25.461	271	151	9	98	342	1350	1595	1.08e-11	70.1
PfSN01_040017700|DBLb|1|843|1313	PA0237-C.g344	100.000	471	0	0	1	471	843	1313	0.0	995
PfSN01_040017700|DBLb|1|843|1313	PA0237-C.g344	29.398	415	211	16	5	355	2	398	1.91e-32	134
PfSN01_040017700|DBLb|1|843|1313	PA0237-C.g344	25.461	271	151	9	98	342	1362	1607	1.01e-11	70.1
PfSN01_040017700|DBLb|1|843|1313	PA0203-C.g347	100.000	471	0	0	1	471	843	1313	0.0	995
PfSN01_040017700|DBLb|1|843|1313	PA0203-C.g347	29.398	415	211	16	5	355	2	398	1.91e-32	134
PfSN01_040017700|DBLb|1|843|1313	PA0203-C.g347	25.461	271	151	9	98	342	1362	1607	1.01e-11	70.1
PfSN01_040017700|DBLb|1|843|1313	PA0195-C.g241	100.000	471	0	0	1	471	843	1313	0.0	995
PfSN01_040017700|DBLb|1|843|1313	PA0195-C.g241	29.398	415	211	16	5	355	2	398	1.91e-32	134
PfSN01_040017700|DBLb|1|843|1313	PA0195-C.g241	25.461	271	151	9	98	342	1362	1607	1.01e-11	70.1
PfSN01_040017700|DBLg|1|1334|1690	PA0202-C.g175	100.000	357	0	0	1	357	1322	1678	0.0	751
PfSN01_040017700|DBLg|1|1334|1690	PA0202-C.g175	29.008	393	166	15	1	287	1715	2100	1.60e-31	128
PfSN01_040017700|DBLg|1|1334|1690	PA0202-C.g175	25.461	271	151	9	29	274	928	1172	8.05e-12	69.3
PfSN01_040017700|DBLg|1|1334|1690	PA0185-C.g127	100.000	357	0	0	1	357	613	969	0.0	751
PfSN01_040017700|DBLg|1|1334|1690	PA0185-C.g127	29.008	393	166	15	1	287	1006	1391	1.64e-31	128
PfSN01_040017700|DBLg|1|1334|1690	PA0185-C.g127	25.461	271	151	9	29	274	219	463	6.42e-12	69.3
PfSN01_040017700|DBLg|1|1334|1690	PA0027-C.g11	100.000	357	0	0	1	357	124	480	0.0	751
PfSN01_040017700|DBLg|1|1334|1690	PA0027-C.g11	29.008	393	166	15	1	287	517	902	1.70e-31	128
PfSN01_040017700|DBLg|1|1334|1690	PM0085-C.g208	100.000	357	0	0	1	357	1334	1690	0.0	751
PfSN01_040017700|DBLg|1|1334|1690	PM0085-C.g208	25.461	271	151	9	29	274	940	1184	6.20e-12	69.7
PfSN01_040017700|DBLg|1|1334|1690	PA0270-C.g454	100.000	357	0	0	1	357	1334	1690	0.0	750
PfSN01_040017700|DBLg|1|1334|1690	PA0270-C.g454	29.008	393	166	15	1	287	1727	2112	1.60e-31	128
PfSN01_040017700|DBLg|1|1334|1690	PA0270-C.g454	25.461	271	151	9	29	274	940	1184	7.50e-12	69.3
PfSN01_040017700|DBLd|1|1727|2180	PA0202-C.g175	100.000	454	0	0	1	454	1715	2168	0.0	942
PfSN01_040017700|DBLd|1|1727|2180	PA0202-C.g175	30.460	348	149	14	48	386	1345	1608	1.83e-31	130
PfSN01_040017700|DBLd|1|1727|2180	PA0202-C.g175	25.753	299	171	10	192	454	226	509	4.68e-13	74.3
PfSN01_040017700|DBLd|1|1727|2180	PA0185-C.g127	100.000	454	0	0	1	454	1006	1459	0.0	941
PfSN01_040017700|DBLd|1|1727|2180	PA0185-C.g127	30.460	348	149	14	48	386	636	899	2.14e-31	130
PfSN01_040017700|DBLd|1|1727|2180	PA0008-C.g336	100.000	454	0	0	1	454	1715	2168	0.0	941
PfSN01_040017700|DBLd|1|1727|2180	PA0008-C.g336	30.460	348	149	14	48	386	1345	1608	2.14e-31	130
PfSN01_040017700|DBLd|1|1727|2180	PA0008-C.g336	29.502	261	129	9	192	424	208	441	6.94e-16	83.2
PfSN01_040017700|DBLd|1|1727|2180	PA0237-C.g344	100.000	454	0	0	1	454	1727	2180	0.0	940
PfSN01_040017700|DBLd|1|1727|2180	PA0237-C.g344	30.460	348	149	14	48	386	1357	1620	2.68e-31	130
PfSN01_040017700|DBLd|1|1727|2180	PA0237-C.g344	26.551	403	212	17	53	424	102	451	1.43e-19	94.7
PfSN01_040017700|DBLd|1|1727|2180	PA0203-C.g347	100.000	454	0	0	1	454	1727	2180	0.0	940
PfSN01_040017700|DBLd|1|1727|2180	PA0203-C.g347	30.460	348	149	14	48	386	1357	1620	2.68e-31	130
PfSN01_040017700|DBLd|1|1727|2180	PA0203-C.g347	26.551	403	212	17	53	424	102	451	1.43e-19	94.7
PfSN01_040017700|CIDRb|1|2181|2428	PA0027-C.g11	100.000	248	0	0	1	248	971	1218	2.84e-169	504
PfSN01_040017700|CIDRb|1|2181|2428	QE0458-C.g76	100.000	248	0	0	1	248	1111	1358	5.16e-168	503
PfSN01_040017700|CIDRb|1|2181|2428	PA0267-C.g150	100.000	248	0	0	1	248	1207	1454	2.90e-167	503
PfSN01_040017700|CIDRb|1|2181|2428	PA0185-C.g127	100.000	248	0	0	1	248	1460	1707	6.70e-166	504
PfSN01_040017700|CIDRb|1|2181|2428	SenT119.09.g316	100.000	248	0	0	1	248	1529	1776	2.27e-165	503
PfSN01_040017700|ATS|1|2548|2993	PF0489-C.g691	81.208	447	76	6	1	446	1767	2206	0.0	723
PfSN01_040017700|ATS|1|2548|2993	PV0028-C.g27	76.230	488	69	6	1	446	2441	2923	0.0	718
PfSN01_040017700|ATS|1|2548|2993	PV0028-C.g43	76.786	448	84	9	1	444	1843	2274	0.0	678
PfSN01_040017700|ATS|1|2548|2993	PV0211-C.g52	75.110	454	100	4	2	444	1846	2297	0.0	669
PfSN01_040017700|ATS|1|2548|2993	PFKE11.g708	75.717	453	87	7	1	444	1918	2356	0.0	658
PfSN01_040017800|NTS|1|1|68	QE0467-C.g59	100.000	68	0	0	1	68	1	68	1.40e-40	142
PfSN01_040017800|NTS|1|1|68	PA0102-C.g487	100.000	68	0	0	1	68	1	68	1.52e-40	142
PfSN01_040017800|NTS|1|1|68	PV0138-C.g16	100.000	68	0	0	1	68	1	68	1.88e-40	142
PfSN01_040017800|NTS|1|1|68	PV0112-C.g17	100.000	68	0	0	1	68	1	68	1.88e-40	142
PfSN01_040017800|NTS|1|1|68	PV0098-C.g35	100.000	68	0	0	1	68	1	68	1.88e-40	142
PfSN01_040017800|DBLa|1|69|509	PA0064-C.g488	100.000	441	0	0	1	441	69	509	0.0	919
PfSN01_040017800|DBLa|1|69|509	SenT013.11.g309	100.000	441	0	0	1	441	69	509	0.0	918
PfSN01_040017800|DBLa|1|69|509	SenT013.11.g309	25.926	189	111	5	253	441	1243	1402	2.70e-09	62.0
PfSN01_040017800|DBLa|1|69|509	PF0041-C.g652	100.000	441	0	0	1	441	69	509	0.0	918
PfSN01_040017800|DBLa|1|69|509	PF0041-C.g652	25.926	189	111	5	253	441	1243	1402	2.41e-09	62.4
PfSN01_040017800|DBLa|1|69|509	PA0042-C.g453	100.000	441	0	0	1	441	69	509	0.0	918
PfSN01_040017800|DBLa|1|69|509	PA0042-C.g453	25.926	189	111	5	253	441	1243	1402	2.41e-09	62.4
PfSN01_040017800|DBLa|1|69|509	PA0012-C.g170	100.000	441	0	0	1	441	69	509	0.0	918
PfSN01_040017800|DBLa|1|69|509	PA0012-C.g170	25.926	189	111	5	253	441	1243	1402	2.41e-09	62.4
PfSN01_040017800|CIDRa|1|510|807	SenT001.11.g903	100.000	298	0	0	1	298	520	817	0.0	612
PfSN01_040017800|CIDRa|1|510|807	PA0064-C.g488	100.000	298	0	0	1	298	510	807	0.0	610
PfSN01_040017800|CIDRa|1|510|807	PA0213-C.g1060	100.000	298	0	0	1	298	510	807	0.0	610
PfSN01_040017800|CIDRa|1|510|807	PA0202-C.g809	100.000	298	0	0	1	298	130	427	0.0	610
PfSN01_040017800|CIDRa|1|510|807	SenT013.11.g309	100.000	298	0	0	1	298	510	807	0.0	610
PfSN01_040017800|DBLd|1|887|1402	PA0213-C.g1060	100.000	516	0	0	1	516	887	1402	0.0	1068
PfSN01_040017800|DBLd|1|887|1402	PA0213-C.g1060	25.926	189	111	5	357	516	321	509	2.01e-07	56.6
PfSN01_040017800|DBLd|1|887|1402	PA0267-C.g765	100.000	516	0	0	1	516	887	1402	0.0	1067
PfSN01_040017800|DBLd|1|887|1402	PA0267-C.g765	25.926	189	111	5	357	516	321	509	2.80e-07	55.8
PfSN01_040017800|DBLd|1|887|1402	PA0185-C.g640	100.000	516	0	0	1	516	870	1385	0.0	1067
PfSN01_040017800|DBLd|1|887|1402	SenT002.07.g1625	100.000	516	0	0	1	516	887	1402	0.0	1067
PfSN01_040017800|DBLd|1|887|1402	SenT002.07.g1625	25.926	189	111	5	357	516	321	509	2.12e-07	56.2
PfSN01_040017800|DBLd|1|887|1402	PF0311-C.g557	100.000	516	0	0	1	516	870	1385	0.0	1067
PfSN01_040017800|CIDRb|1|1403|1658	PA0029-C.g28	100.000	256	0	0	1	256	607	862	2.46e-180	523
PfSN01_040017800|CIDRb|1|1403|1658	PM0063-C.g655	100.000	256	0	0	1	256	710	965	5.82e-179	523
PfSN01_040017800|CIDRb|1|1403|1658	PA0202-C.g809	100.000	256	0	0	1	256	1023	1278	2.34e-175	521
PfSN01_040017800|CIDRb|1|1403|1658	PA0087-C.g385	100.000	256	0	0	1	256	1079	1334	1.47e-174	521
PfSN01_040017800|CIDRb|1|1403|1658	SenT058.11.g595	100.000	256	0	0	1	256	1143	1398	5.54e-174	520
PfSN01_040017800|ATS|1|1779|2230	PA0270-C.g443	76.989	465	84	4	1	452	2185	2639	0.0	691
PfSN01_040017800|ATS|1|1779|2230	PV0028-C.g50	78.801	467	73	6	1	452	2600	3055	0.0	689
PfSN01_040017800|ATS|1|1779|2230	PFKE09.g563	79.515	454	79	7	1	452	775	1216	0.0	686
PfSN01_040017800|ATS|1|1779|2230	PA0245-C.g391	78.319	452	82	4	1	452	2512	2947	0.0	685
PfSN01_040017800|ATS|1|1779|2230	PV0229-C.g26	76.891	476	73	8	1	452	1803	2265	0.0	681
PfSN01_040025500|NTS|1|1|56	PD0572-C.g527	98.214	56	1	0	1	56	1	56	1.57e-30	112
PfSN01_040025500|NTS|1|1|56	PA0078-C.g48	98.214	56	1	0	1	56	1	56	2.45e-30	112
PfSN01_040025500|NTS|1|1|56	PD0555-C.g456	98.214	56	1	0	1	56	1	56	2.62e-30	112
PfSN01_040025500|NTS|1|1|56	PT0071-C.g393	98.214	56	1	0	1	56	1	56	2.78e-30	112
PfSN01_040025500|NTS|1|1|56	PA0176-C.g193	92.857	56	4	0	1	56	1	56	2.61e-28	106
PfSN01_040025500|DBLa|1|57|457	QE0417-C.g262	95.262	401	19	0	1	401	60	460	0.0	777
PfSN01_040025500|DBLa|1|57|457	QE0417-C.g262	36.093	302	158	11	1	288	796	1076	1.68e-39	153
PfSN01_040025500|DBLa|1|57|457	QE0417-C.g262	31.788	302	138	11	115	401	1742	1990	8.26e-30	124
PfSN01_040025500|DBLa|1|57|457	QE0417-C.g262	25.538	325	187	12	42	353	1251	1533	1.59e-14	78.2
PfSN01_040025500|DBLa|1|57|457	QE0392-C.g222	95.262	401	19	0	1	401	60	460	0.0	776
PfSN01_040025500|DBLa|1|57|457	QE0392-C.g222	36.093	302	158	11	1	288	796	1076	1.46e-39	153
PfSN01_040025500|DBLa|1|57|457	QE0392-C.g222	31.788	302	138	11	115	401	1742	1990	1.19e-29	124
PfSN01_040025500|DBLa|1|57|457	QE0392-C.g222	25.538	325	187	12	42	353	1251	1533	2.23e-14	77.8
PfSN01_040025500|DBLa|1|57|457	PM0129-C.g1183	90.025	401	40	0	1	401	57	457	0.0	737
PfSN01_040025500|DBLa|1|57|457	PM0129-C.g1183	33.894	357	184	13	1	342	793	1112	1.11e-40	156
PfSN01_040025500|DBLa|1|57|457	PM0129-C.g1183	25.561	223	113	6	131	319	1451	1654	4.12e-09	61.2
PfSN01_040025500|DBLa|1|57|457	PV0234-C.g45	89.027	401	44	0	1	401	57	457	0.0	733
PfSN01_040025500|DBLa|1|57|457	PV0234-C.g45	36.426	291	143	12	7	280	797	1062	1.03e-36	144
PfSN01_040025500|DBLa|1|57|457	PV0234-C.g45	31.316	380	192	12	74	401	1390	1752	4.17e-29	122
PfSN01_040025500|DBLa|1|57|457	PA0176-C.g193	89.027	401	44	0	1	401	57	457	0.0	733
PfSN01_040025500|DBLa|1|57|457	PA0176-C.g193	36.426	291	143	12	7	280	797	1062	1.04e-36	144
PfSN01_040025500|DBLa|1|57|457	PA0176-C.g193	31.316	380	192	12	74	401	1390	1752	4.10e-29	122
PfSN01_040025500|CIDRa|1|458|706	QE0417-C.g262	100.000	249	0	0	1	249	461	709	1.84e-168	517
PfSN01_040025500|CIDRa|1|458|706	QE0417-C.g262	27.737	137	96	1	34	167	2026	2162	1.49e-12	69.3
PfSN01_040025500|CIDRa|1|458|706	QE0392-C.g222	100.000	249	0	0	1	249	461	709	2.38e-168	516
PfSN01_040025500|CIDRa|1|458|706	QE0392-C.g222	27.737	137	96	1	34	167	2026	2162	1.87e-12	68.9
PfSN01_040025500|CIDRa|1|458|706	PM0160-C.g267	96.748	246	8	0	4	249	1	246	2.08e-161	488
PfSN01_040025500|CIDRa|1|458|706	PM0160-C.g267	26.540	211	145	4	39	240	1200	1409	2.67e-12	68.6
PfSN01_040025500|CIDRa|1|458|706	PA0176-C.g193	89.600	250	25	1	1	249	458	707	3.93e-151	468
PfSN01_040025500|CIDRa|1|458|706	PA0176-C.g193	25.641	195	143	2	1	193	1753	1947	1.92e-09	60.1
PfSN01_040025500|CIDRa|1|458|706	PV0241-C.g50	89.600	250	25	1	1	249	458	707	3.98e-151	466
PfSN01_040025500|CIDRa|1|458|706	PV0241-C.g50	24.762	210	156	2	1	208	1753	1962	1.76e-09	60.1
PfSN01_040025500|DBLb|1|729|1201	QE0417-C.g262	93.053	475	31	1	1	473	732	1206	0.0	923
PfSN01_040025500|DBLb|1|729|1201	QE0417-C.g262	31.398	379	188	16	16	348	16	368	1.77e-35	143
PfSN01_040025500|DBLb|1|729|1201	QE0417-C.g262	26.735	389	220	11	104	473	1252	1594	5.61e-30	126
PfSN01_040025500|DBLb|1|729|1201	QE0417-C.g262	21.122	303	166	7	111	360	1650	1932	1.74e-11	69.3
PfSN01_040025500|DBLb|1|729|1201	QE0392-C.g222	93.053	475	31	1	1	473	732	1206	0.0	921
PfSN01_040025500|DBLb|1|729|1201	QE0392-C.g222	31.398	379	188	16	16	348	16	368	3.12e-35	142
PfSN01_040025500|DBLb|1|729|1201	QE0392-C.g222	26.735	389	220	11	104	473	1252	1594	8.97e-30	125
PfSN01_040025500|DBLb|1|729|1201	QE0392-C.g222	21.122	303	166	7	111	360	1650	1932	2.27e-11	68.9
PfSN01_040025500|DBLb|1|729|1201	PM0160-C.g267	89.099	477	47	3	1	473	269	744	0.0	873
PfSN01_040025500|DBLb|1|729|1201	PM0129-C.g1183	72.557	481	114	9	1	473	731	1201	0.0	675
PfSN01_040025500|DBLb|1|729|1201	PM0129-C.g1183	34.204	383	192	16	6	348	3	365	1.23e-43	167
PfSN01_040025500|DBLb|1|729|1201	PM0129-C.g1183	20.000	330	180	9	140	397	1375	1692	1.68e-07	56.6
PfSN01_040025500|DBLb|1|729|1201	PM0160-C.g268	72.690	487	115	8	1	473	694	1176	0.0	666
PfSN01_040025500|DBLb|1|729|1201	PM0160-C.g268	30.978	368	171	16	16	348	16	335	2.08e-31	130
PfSN01_040025500|DBLg|1|1213|1589	QE0417-C.g262	100.000	377	0	0	1	377	1218	1594	0.0	789
PfSN01_040025500|DBLg|1|1213|1589	QE0417-C.g262	35.669	314	157	5	23	296	1631	1939	4.97e-52	188
PfSN01_040025500|DBLg|1|1213|1589	QE0417-C.g262	26.478	389	223	9	35	377	835	1206	1.99e-30	125
PfSN01_040025500|DBLg|1|1213|1589	QE0417-C.g262	26.429	280	156	11	34	276	101	367	1.88e-13	74.7
PfSN01_040025500|DBLg|1|1213|1589	PF0725-C.g797	99.735	377	1	0	1	377	1214	1590	0.0	789
PfSN01_040025500|DBLg|1|1213|1589	PF0725-C.g797	35.000	340	166	7	23	315	1627	1958	8.25e-52	188
PfSN01_040025500|DBLg|1|1213|1589	PF0725-C.g797	27.848	395	197	13	42	377	837	1202	1.94e-31	128
PfSN01_040025500|DBLg|1|1213|1589	PF0725-C.g797	26.568	271	153	10	40	276	106	364	5.50e-15	79.3
PfSN01_040025500|DBLg|1|1213|1589	PA0040-C.g522	99.735	377	1	0	1	377	55	431	0.0	789
PfSN01_040025500|DBLg|1|1213|1589	PA0040-C.g522	35.000	340	166	7	23	315	468	799	9.43e-52	187
PfSN01_040025500|DBLg|1|1213|1589	QE0392-C.g222	100.000	377	0	0	1	377	1218	1594	0.0	788
PfSN01_040025500|DBLg|1|1213|1589	QE0392-C.g222	35.669	314	157	5	23	296	1631	1939	5.77e-52	188
PfSN01_040025500|DBLg|1|1213|1589	QE0392-C.g222	26.478	389	223	9	35	377	835	1206	1.74e-30	125
PfSN01_040025500|DBLg|1|1213|1589	QE0392-C.g222	26.429	280	156	11	34	276	101	367	1.78e-13	74.7
PfSN01_040025500|DBLg|1|1213|1589	PM0144-C.g166	99.735	377	1	0	1	377	1192	1568	0.0	788
PfSN01_040025500|DBLg|1|1213|1589	PM0144-C.g166	35.000	340	166	7	23	315	1605	1936	9.23e-52	187
PfSN01_040025500|DBLg|1|1213|1589	PM0144-C.g166	29.858	422	197	19	11	377	803	1180	1.48e-31	129
PfSN01_040025500|DBLg|1|1213|1589	PM0144-C.g166	25.818	275	157	9	41	281	112	373	4.06e-11	67.4
PfSN01_040025500|DBLd|1|1598|1985	QE0417-C.g262	100.000	388	0	0	1	388	1603	1990	0.0	810
PfSN01_040025500|DBLd|1|1598|1985	QE0417-C.g262	34.848	330	167	6	29	353	1240	1526	5.37e-52	189
PfSN01_040025500|DBLd|1|1598|1985	QE0417-C.g262	29.470	302	145	12	140	388	174	460	5.26e-24	106
PfSN01_040025500|DBLd|1|1598|1985	QE0417-C.g262	20.792	303	169	6	48	330	842	1093	2.13e-11	68.2
PfSN01_040025500|DBLd|1|1598|1985	QE0392-C.g222	100.000	388	0	0	1	388	1603	1990	0.0	807
PfSN01_040025500|DBLd|1|1598|1985	QE0392-C.g222	34.848	330	167	6	29	353	1240	1526	6.85e-52	188
PfSN01_040025500|DBLd|1|1598|1985	QE0392-C.g222	29.470	302	145	12	140	388	174	460	4.60e-24	107
PfSN01_040025500|DBLd|1|1598|1985	QE0392-C.g222	20.792	303	169	6	48	330	842	1093	1.67e-11	68.6
PfSN01_040025500|DBLd|1|1598|1985	PT0170-C.g68	100.000	388	0	0	1	388	1591	1978	0.0	806
PfSN01_040025500|DBLd|1|1598|1985	PT0170-C.g68	34.969	326	164	6	33	353	1232	1514	1.13e-51	188
PfSN01_040025500|DBLd|1|1598|1985	PT0170-C.g68	27.778	324	175	11	114	388	154	467	5.62e-19	91.7
PfSN01_040025500|DBLd|1|1598|1985	PF0417-C.g74	99.227	388	3	0	1	388	288	675	0.0	804
PfSN01_040025500|DBLd|1|1598|1985	PF0417-C.g74	37.931	232	115	6	129	353	2	211	2.57e-37	145
PfSN01_040025500|DBLd|1|1598|1985	PH0872-C.g136	97.423	388	10	0	1	388	1613	2000	0.0	788
PfSN01_040025500|DBLd|1|1598|1985	PH0872-C.g136	38.545	275	136	9	1	270	1223	1469	1.08e-46	173
PfSN01_040025500|DBLd|1|1598|1985	PH0872-C.g136	26.712	292	160	11	140	388	176	456	1.71e-20	96.3
PfSN01_040025500|DBLd|1|1598|1985	PH0872-C.g136	24.561	342	185	16	1	316	797	1091	1.03e-08	59.7
PfSN01_040025500|CIDRg|1|1986|2243	QE0455-C.g411	100.000	258	0	0	1	258	1646	1903	2.28e-173	531
PfSN01_040025500|CIDRg|1|1986|2243	QE0455-C.g411	26.012	173	105	5	8	170	512	671	8.60e-08	55.1
PfSN01_040025500|CIDRg|1|1986|2243	QE0392-C.g222	100.000	258	0	0	1	258	1991	2248	7.61e-173	528
PfSN01_040025500|CIDRg|1|1986|2243	QE0392-C.g222	27.737	137	96	1	36	172	494	627	3.06e-12	68.6
PfSN01_040025500|CIDRg|1|1986|2243	QE0417-C.g262	100.000	258	0	0	1	258	1991	2248	9.78e-173	530
PfSN01_040025500|CIDRg|1|1986|2243	QE0417-C.g262	27.737	137	96	1	36	172	494	627	4.43e-12	68.2
PfSN01_040025500|CIDRg|1|1986|2243	PF0113-C.g138	100.000	258	0	0	1	258	1963	2220	1.79e-172	527
PfSN01_040025500|CIDRg|1|1986|2243	PT0170-C.g68	100.000	258	0	0	1	258	1979	2236	2.27e-172	527
PfSN01_040025500|CIDRg|1|1986|2243	PT0170-C.g68	28.994	169	103	7	5	170	481	635	6.03e-12	67.8
PfSN01_040025500|ATS|1|2345|2798	QE0468-C.g411	95.815	454	18	1	1	454	1770	2222	0.0	890
PfSN01_040025500|ATS|1|2345|2798	PA0042-C.g156	95.815	454	18	1	1	454	1781	2233	0.0	887
PfSN01_040025500|ATS|1|2345|2798	PfKE03.g309	95.154	454	21	1	1	454	1764	2216	0.0	880
PfSN01_040025500|ATS|1|2345|2798	PF0818-C.g552	95.154	454	21	1	1	454	1782	2234	0.0	880
PfSN01_040025500|ATS|1|2345|2798	PA0068-C.g160	92.408	461	27	2	1	454	767	1226	0.0	767
PfSN01_040025900|NTS|1|1|56	PC0073-C.g438	100.000	56	0	0	1	56	1	56	1.49e-31	115
PfSN01_040025900|NTS|1|1|56	PF0314-C.g166	100.000	56	0	0	1	56	1	56	3.00e-31	115
PfSN01_040025900|NTS|1|1|56	PM0129-C.g1020	100.000	56	0	0	1	56	1	56	3.15e-31	115
PfSN01_040025900|NTS|1|1|56	PA0151-C.g70	100.000	56	0	0	1	56	1	56	5.81e-31	114
PfSN01_040025900|NTS|1|1|56	QG0234-C.g2621	100.000	56	0	0	1	56	1	56	6.53e-31	114
PfSN01_040025900|DBLa|1|57|461	PT0080-C.g564	100.000	405	0	0	1	405	57	461	0.0	845
PfSN01_040025900|DBLa|1|57|461	PT0080-C.g564	29.429	333	188	12	1	315	790	1093	4.51e-29	122
PfSN01_040025900|DBLa|1|57|461	PT0080-C.g564	30.719	306	168	10	108	405	1744	2013	1.96e-24	108
PfSN01_040025900|DBLa|1|57|461	PT0080-C.g564	23.841	302	167	13	36	321	1263	1517	1.30e-08	59.7
PfSN01_040025900|DBLa|1|57|461	PF0157-C.g287	100.000	405	0	0	1	405	57	461	0.0	845
PfSN01_040025900|DBLa|1|57|461	PF0157-C.g287	29.429	333	188	12	1	315	790	1093	8.56e-29	121
PfSN01_040025900|DBLa|1|57|461	PF0157-C.g287	28.610	374	215	10	47	405	1703	2039	4.23e-28	119
PfSN01_040025900|DBLa|1|57|461	PF0157-C.g287	21.429	322	198	11	36	340	1263	1546	4.80e-08	57.8
PfSN01_040025900|DBLa|1|57|461	PA0151-C.g70	99.753	405	1	0	1	405	57	461	0.0	845
PfSN01_040025900|DBLa|1|57|461	PA0151-C.g70	32.394	284	145	12	55	325	840	1089	2.36e-30	126
PfSN01_040025900|DBLa|1|57|461	PA0151-C.g70	30.100	299	156	12	117	405	1728	1983	7.47e-24	106
PfSN01_040025900|DBLa|1|57|461	PA0151-C.g70	25.568	176	85	6	177	338	1380	1523	4.71e-09	61.2
PfSN01_040025900|DBLa|1|57|461	PM0160-C.g26	99.753	405	1	0	1	405	57	461	0.0	844
PfSN01_040025900|DBLa|1|57|461	PM0160-C.g26	30.745	322	176	12	55	363	840	1127	1.68e-30	126
PfSN01_040025900|DBLa|1|57|461	PM0160-C.g26	30.537	298	164	11	117	405	1743	2006	3.58e-18	89.4
PfSN01_040025900|DBLa|1|57|461	PM0160-C.g26	23.101	316	165	12	37	321	1245	1513	3.89e-07	55.1
PfSN01_040025900|DBLa|1|57|461	PT0225-C.g18	99.506	405	2	0	1	405	57	461	0.0	843
PfSN01_040025900|DBLa|1|57|461	PT0225-C.g18	31.410	312	166	8	117	405	1729	2015	1.08e-31	130
PfSN01_040025900|DBLa|1|57|461	PT0225-C.g18	31.928	332	179	15	1	315	790	1091	3.40e-31	128
PfSN01_040025900|DBLa|1|57|461	PT0225-C.g18	28.916	166	92	6	177	338	1369	1512	7.17e-09	60.5
PfSN01_040025900|CIDRa|1|462|709	PC0073-C.g438	100.000	248	0	0	1	248	462	709	7.10e-167	503
PfSN01_040025900|CIDRa|1|462|709	PH0592-C.g817	96.787	249	7	1	1	248	462	710	6.14e-165	489
PfSN01_040025900|CIDRa|1|462|709	PV0209-C.g30	96.787	249	7	1	1	248	464	712	7.51e-165	488
PfSN01_040025900|CIDRa|1|462|709	QG0234-C.g3041	100.000	248	0	0	1	248	466	713	7.99e-165	504
PfSN01_040025900|CIDRa|1|462|709	PF0157-C.g287	100.000	248	0	0	1	248	462	709	9.24e-165	504
PfSN01_040025900|DBLb|1|729|1216	QG0234-C.g3041	100.000	488	0	0	1	488	733	1220	0.0	1022
PfSN01_040025900|DBLb|1|729|1216	QG0234-C.g3041	30.254	433	214	15	76	488	1681	2045	7.74e-34	138
PfSN01_040025900|DBLb|1|729|1216	QG0234-C.g3041	29.444	360	205	14	29	359	30	369	2.93e-29	124
PfSN01_040025900|DBLb|1|729|1216	QG0234-C.g3041	26.316	342	185	13	58	372	1231	1532	4.15e-17	87.4
PfSN01_040025900|DBLb|1|729|1216	QG0234-C.g2621	100.000	488	0	0	1	488	729	1216	0.0	1022
PfSN01_040025900|DBLb|1|729|1216	QG0234-C.g2621	30.254	433	214	15	76	488	1677	2041	9.22e-34	138
PfSN01_040025900|DBLb|1|729|1216	QG0234-C.g2621	29.330	358	204	14	31	359	28	365	7.10e-29	123
PfSN01_040025900|DBLb|1|729|1216	QG0234-C.g2621	26.316	342	185	13	58	372	1227	1528	4.30e-17	87.4
PfSN01_040025900|DBLb|1|729|1216	PT0080-C.g564	100.000	488	0	0	1	488	729	1216	0.0	1022
PfSN01_040025900|DBLb|1|729|1216	PT0080-C.g564	29.330	358	204	14	31	359	28	365	1.40e-28	122
PfSN01_040025900|DBLb|1|729|1216	PT0080-C.g564	27.697	343	185	11	58	380	1227	1526	7.34e-20	95.9
PfSN01_040025900|DBLb|1|729|1216	PT0080-C.g564	24.291	247	143	8	189	408	1750	1979	4.74e-09	61.6
PfSN01_040025900|DBLb|1|729|1216	PF0157-C.g287	100.000	488	0	0	1	488	729	1216	0.0	1021
PfSN01_040025900|DBLb|1|729|1216	PF0157-C.g287	30.254	433	214	15	76	488	1677	2041	8.88e-34	138
PfSN01_040025900|DBLb|1|729|1216	PF0157-C.g287	29.330	358	204	14	31	359	28	365	7.16e-29	123
PfSN01_040025900|DBLb|1|729|1216	PF0157-C.g287	26.316	342	185	13	58	372	1227	1528	4.69e-17	87.0
PfSN01_040025900|DBLb|1|729|1216	QG0271-C.g12	85.020	494	63	4	1	488	120	608	0.0	854
PfSN01_040025900|DBLb|1|729|1216	QG0271-C.g12	30.254	433	214	15	76	488	1072	1436	4.10e-34	139
PfSN01_040025900|DBLb|1|729|1216	QG0271-C.g12	26.211	351	192	13	49	372	613	923	1.54e-17	88.6
PfSN01_040025900|DBLg|1|1231|1607	QG0271-C.g12	100.000	377	0	0	1	377	626	1002	0.0	783
PfSN01_040025900|DBLg|1|1231|1607	QG0271-C.g12	25.000	320	177	13	18	298	198	493	2.02e-14	77.4
PfSN01_040025900|DBLg|1|1231|1607	QG0271-C.g12	24.324	333	191	13	1	294	1045	1355	6.04e-11	66.6
PfSN01_040025900|DBLg|1|1231|1607	QG0234-C.g3041	100.000	377	0	0	1	377	1235	1611	0.0	782
PfSN01_040025900|DBLg|1|1231|1607	QG0234-C.g3041	25.545	321	172	11	18	298	811	1104	4.06e-16	82.8
PfSN01_040025900|DBLg|1|1231|1607	QG0234-C.g3041	24.324	333	191	13	1	294	1654	1964	5.90e-11	66.6
PfSN01_040025900|DBLg|1|1231|1607	PF0157-C.g287	100.000	377	0	0	1	377	1231	1607	0.0	782
PfSN01_040025900|DBLg|1|1231|1607	PF0157-C.g287	25.545	321	172	11	18	298	807	1100	3.54e-16	82.8
PfSN01_040025900|DBLg|1|1231|1607	PF0157-C.g287	24.324	333	191	13	1	294	1650	1960	5.84e-11	66.6
PfSN01_040025900|DBLg|1|1231|1607	QG0234-C.g2621	100.000	377	0	0	1	377	1231	1607	0.0	782
PfSN01_040025900|DBLg|1|1231|1607	QG0234-C.g2621	25.545	321	172	11	18	298	807	1100	3.84e-16	82.8
PfSN01_040025900|DBLg|1|1231|1607	QG0234-C.g2621	24.324	333	191	13	1	294	1650	1960	6.06e-11	66.6
PfSN01_040025900|DBLg|1|1231|1607	QG0287-C.g77	62.797	379	123	6	1	377	1221	1583	3.79e-154	481
PfSN01_040025900|DBLg|1|1231|1607	QG0287-C.g77	26.596	282	144	10	48	298	850	1099	1.18e-13	75.1
PfSN01_040025900|DBLg|1|1231|1607	QG0287-C.g77	23.404	282	159	10	41	294	1680	1932	5.44e-12	70.1
PfSN01_040025900|DBLg|1|1231|1607	QG0287-C.g77	25.000	284	170	9	40	298	110	375	1.10e-09	62.8
PfSN01_040025900|DBLz|1|1616|2041	QG0271-C.g12	100.000	426	0	0	1	426	1011	1436	0.0	872
PfSN01_040025900|DBLz|1|1616|2041	QG0271-C.g12	31.264	435	208	18	62	426	195	608	7.19e-41	157
PfSN01_040025900|DBLz|1|1616|2041	QG0271-C.g12	24.625	333	190	13	35	345	626	919	5.00e-14	77.0
PfSN01_040025900|DBLz|1|1616|2041	QG0234-C.g3041	100.000	426	0	0	1	426	1620	2045	0.0	870
PfSN01_040025900|DBLz|1|1616|2041	QG0234-C.g3041	30.435	437	208	16	62	426	808	1220	4.47e-38	149
PfSN01_040025900|DBLz|1|1616|2041	QG0234-C.g3041	31.618	272	142	7	94	336	113	369	3.49e-28	120
PfSN01_040025900|DBLz|1|1616|2041	QG0234-C.g3041	24.625	333	190	13	35	345	1235	1528	5.44e-14	76.6
PfSN01_040025900|DBLz|1|1616|2041	PF0157-C.g287	100.000	426	0	0	1	426	1616	2041	0.0	870
PfSN01_040025900|DBLz|1|1616|2041	PF0157-C.g287	30.435	437	208	16	62	426	804	1216	3.88e-38	149
PfSN01_040025900|DBLz|1|1616|2041	PF0157-C.g287	31.655	278	146	7	88	336	103	365	1.62e-28	121
PfSN01_040025900|DBLz|1|1616|2041	PF0157-C.g287	24.625	333	190	13	35	345	1231	1524	4.32e-14	77.0
PfSN01_040025900|DBLz|1|1616|2041	QG0234-C.g2621	100.000	426	0	0	1	426	1616	2041	0.0	869
PfSN01_040025900|DBLz|1|1616|2041	QG0234-C.g2621	30.435	437	208	16	62	426	804	1216	3.22e-38	150
PfSN01_040025900|DBLz|1|1616|2041	QG0234-C.g2621	31.655	278	146	7	88	336	103	365	8.25e-29	122
PfSN01_040025900|DBLz|1|1616|2041	QG0234-C.g2621	24.625	333	190	13	35	345	1231	1524	4.32e-14	77.0
PfSN01_040025900|DBLz|1|1616|2041	PM0108-C.g578	98.122	426	8	0	1	426	3142	3567	0.0	858
PfSN01_040025900|DBLz|1|1616|2041	PM0108-C.g578	32.558	387	201	16	74	426	858	1218	1.02e-41	160
PfSN01_040025900|DBLz|1|1616|2041	PM0108-C.g578	30.685	365	209	10	2	336	26	376	5.38e-38	149
PfSN01_040025900|DBLz|1|1616|2041	PM0108-C.g578	29.040	427	220	15	51	426	2347	2741	1.23e-37	148
PfSN01_040025900|DBLz|1|1616|2041	PM0108-C.g578	28.671	286	156	12	80	349	1267	1520	1.53e-18	90.9
PfSN01_040025900|DBLz|1|1616|2041	PM0108-C.g578	25.806	279	166	12	80	345	2800	3050	3.04e-16	84.0
PfSN01_040025900|DBLz|1|1616|2041	PM0108-C.g578	25.072	347	179	14	50	345	1590	1906	4.59e-10	64.7
PfSN01_040025900|ATS|1|2127|2580	QG0296-C.g5597	71.429	462	119	9	1	454	1002	1458	0.0	647
PfSN01_040025900|ATS|1|2127|2580	PA0245-C.g391	72.826	460	95	13	1	454	2512	2947	0.0	620
PfSN01_040025900|ATS|1|2127|2580	PFKE01.g326	71.245	466	106	9	1	454	1767	2216	0.0	609
PfSN01_040025900|ATS|1|2127|2580	PV0239-C.g5	78.205	390	74	5	1	382	4871	5257	0.0	608
PfSN01_040025900|ATS|1|2127|2580	PV0239-C.g5	69.697	33	10	0	183	215	5258	5290	9.32e-07	54.3
PfSN01_040025900|ATS|1|2127|2580	PFKE09.g410	66.735	490	118	13	1	454	1751	2231	0.0	598
PfSN01_050005400|NTS|1|1|67	PF0240-C.g498	100.000	67	0	0	1	67	1	67	6.90e-40	140
PfSN01_050005400|NTS|1|1|67	SenT231.08.g323	100.000	67	0	0	1	67	1	67	7.58e-40	140
PfSN01_050005400|NTS|1|1|67	PF0400-C.g192	100.000	67	0	0	1	67	1	67	1.06e-39	139
PfSN01_050005400|NTS|1|1|67	PD0552-C.g414	100.000	67	0	0	1	67	1	67	1.08e-39	139
PfSN01_050005400|NTS|1|1|67	PM0157-C.g651	100.000	67	0	0	1	67	1	67	2.96e-38	135
PfSN01_050005400|DBLa|1|68|452	PH0589-C.g377	77.635	389	82	3	1	385	68	455	0.0	588
PfSN01_050005400|DBLa|1|68|452	PH0589-C.g377	34.828	290	159	10	52	332	1608	1876	9.76e-41	156
PfSN01_050005400|DBLa|1|68|452	PH0589-C.g377	28.470	281	155	10	52	326	2034	2274	1.07e-19	94.0
PfSN01_050005400|DBLa|1|68|452	PH0589-C.g377	24.746	295	154	10	55	331	1174	1418	9.99e-14	75.5
PfSN01_050005400|DBLa|1|68|452	PH0589-C.g377	24.823	282	169	7	54	322	799	1050	1.02e-13	75.5
PfSN01_050005400|DBLa|1|68|452	PF0400-C.g192	77.378	389	84	2	1	385	68	456	0.0	588
PfSN01_050005400|DBLa|1|68|452	PF0400-C.g192	35.714	280	148	9	49	317	1610	1868	1.64e-41	158
PfSN01_050005400|DBLa|1|68|452	PF0400-C.g192	27.027	333	170	15	21	325	1129	1416	6.46e-19	91.3
PfSN01_050005400|DBLa|1|68|452	PF0400-C.g192	29.767	215	98	6	37	244	2017	2185	5.71e-17	85.5
PfSN01_050005400|DBLa|1|68|452	PF0400-C.g192	23.580	352	199	14	52	378	805	1111	3.87e-12	70.5
PfSN01_050005400|DBLa|1|68|452	QG0186-C.g1065	76.031	388	90	2	1	385	68	455	0.0	577
PfSN01_050005400|DBLa|1|68|452	QG0186-C.g1065	37.091	275	155	6	114	385	1709	1968	9.92e-45	167
PfSN01_050005400|DBLa|1|68|452	QG0186-C.g1065	33.696	276	164	7	1	273	2310	2569	1.64e-42	161
PfSN01_050005400|DBLa|1|68|452	QG0186-C.g1065	33.626	342	166	12	6	327	808	1108	6.44e-38	147
PfSN01_050005400|DBLa|1|68|452	QG0186-C.g1065	28.986	207	115	7	52	257	2732	2907	2.49e-14	77.4
PfSN01_050005400|DBLa|1|68|452	QG0186-C.g1065	24.306	288	159	8	52	318	1246	1495	1.31e-12	72.0
PfSN01_050005400|DBLa|1|68|452	PA0263-C.g66	73.779	389	97	3	1	385	77	464	0.0	573
PfSN01_050005400|DBLa|1|68|452	PA0263-C.g66	22.993	274	172	6	54	315	808	1054	1.61e-11	68.6
PfSN01_050005400|DBLa|1|68|452	PT0101-C.g237	72.634	391	100	5	1	385	76	465	0.0	560
PfSN01_050005400|DBLa|1|68|452	PT0101-C.g237	33.438	317	175	12	25	327	1595	1889	1.53e-36	144
PfSN01_050005400|DBLa|1|68|452	PT0101-C.g237	27.711	249	141	6	35	283	2038	2247	4.81e-17	85.9
PfSN01_050005400|DBLa|1|68|452	PT0101-C.g237	24.834	302	181	8	52	338	806	1076	1.80e-15	80.9
PfSN01_050005400|DBLa|1|68|452	PT0101-C.g237	26.384	307	165	13	30	315	1161	1427	9.50e-12	69.3
PfSN01_050005400|CIDRb|1|453|708	PT0240-C.g763	86.719	256	34	0	1	256	459	714	2.49e-152	453
PfSN01_050005400|CIDRb|1|453|708	PF0368-C.g191	89.844	256	26	0	1	256	467	722	9.46e-151	466
PfSN01_050005400|CIDRb|1|453|708	PH1003-C.g203	87.109	256	33	0	1	256	462	717	1.81e-146	454
PfSN01_050005400|CIDRb|1|453|708	PH0999-C.g1004	87.109	256	33	0	1	256	462	717	1.81e-146	454
PfSN01_050005400|CIDRb|1|453|708	PH0578-C.g191	87.109	256	33	0	1	256	462	717	1.81e-146	454
PfSN01_050005400|DBLg|1|752|1107	PT0206-Cx.g272	82.584	356	62	0	1	356	757	1112	0.0	600
PfSN01_050005400|DBLg|1|752|1107	PT0206-Cx.g272	23.964	338	219	10	24	356	1154	1458	2.82e-16	82.8
PfSN01_050005400|DBLg|1|752|1107	PT0206-Cx.g272	25.182	274	172	8	36	288	1602	1863	4.03e-13	73.2
PfSN01_050005400|DBLg|1|752|1107	PT0206-Cx.g272	25.177	282	161	12	42	288	121	387	6.29e-11	66.2
PfSN01_050005400|DBLg|1|752|1107	QG0292-C.g1136	82.073	357	63	1	1	356	763	1119	0.0	593
PfSN01_050005400|DBLg|1|752|1107	QG0292-C.g1136	24.260	338	218	11	24	356	1161	1465	1.41e-15	80.9
PfSN01_050005400|DBLg|1|752|1107	QG0292-C.g1136	25.182	274	172	8	36	288	1609	1870	1.36e-13	74.7
PfSN01_050005400|DBLg|1|752|1107	QG0292-C.g1136	25.402	311	182	14	37	337	2016	2286	4.00e-13	73.2
PfSN01_050005400|DBLg|1|752|1107	QG0292-C.g1136	23.894	226	143	7	36	247	122	332	3.47e-07	54.7
PfSN01_050005400|DBLg|1|752|1107	PC0103-C.g411	81.742	356	65	0	1	356	759	1114	0.0	593
PfSN01_050005400|DBLg|1|752|1107	PC0103-C.g411	23.964	338	219	10	24	356	1156	1460	3.24e-16	82.8
PfSN01_050005400|DBLg|1|752|1107	PC0103-C.g411	28.641	206	117	10	45	234	124	315	3.13e-08	58.2
PfSN01_050005400|DBLg|1|752|1107	SenT113.09.g346	82.073	357	63	1	1	356	763	1119	0.0	593
PfSN01_050005400|DBLg|1|752|1107	SenT113.09.g346	24.260	338	218	11	24	356	1161	1465	1.76e-15	80.5
PfSN01_050005400|DBLg|1|752|1107	SenT113.09.g346	24.910	277	169	9	36	288	1609	1870	1.03e-13	75.1
PfSN01_050005400|DBLg|1|752|1107	SenT113.09.g346	23.894	226	143	7	36	247	122	332	2.95e-07	55.1
PfSN01_050005400|DBLg|1|752|1107	PA0137-C.g589	82.073	357	63	1	1	356	763	1119	0.0	592
PfSN01_050005400|DBLg|1|752|1107	PA0137-C.g589	24.260	338	218	11	24	356	1161	1465	1.97e-15	80.1
PfSN01_050005400|DBLg|1|752|1107	PA0137-C.g589	25.182	274	172	8	36	288	1609	1870	1.39e-13	74.7
PfSN01_050005400|DBLg|1|752|1107	PA0137-C.g589	23.894	226	143	7	36	247	122	332	3.17e-07	54.7
PfSN01_050005400|DBLe|1|1115|1450	PT0169-C.g456	86.607	336	45	0	1	336	1104	1439	0.0	605
PfSN01_050005400|DBLe|1|1115|1450	PT0169-C.g456	27.333	300	168	11	48	312	783	1067	1.12e-18	89.7
PfSN01_050005400|DBLe|1|1115|1450	PT0169-C.g456	26.108	203	96	7	126	274	168	370	9.27e-10	62.4
PfSN01_050005400|DBLe|1|1115|1450	PT0169-C.g456	24.028	283	153	10	53	291	1590	1854	8.04e-09	59.7
PfSN01_050005400|DBLe|1|1115|1450	QE0439-C.g73	86.607	336	45	0	1	336	1117	1452	0.0	598
PfSN01_050005400|DBLe|1|1115|1450	QE0439-C.g73	36.677	319	181	6	35	336	1968	2282	1.06e-51	186
PfSN01_050005400|DBLe|1|1115|1450	QE0439-C.g73	32.743	226	131	8	105	319	2396	2611	1.99e-28	118
PfSN01_050005400|DBLe|1|1115|1450	QE0439-C.g73	27.077	325	182	13	54	336	798	1109	8.10e-21	96.3
PfSN01_050005400|DBLe|1|1115|1450	QE0439-C.g73	25.497	302	176	9	53	305	1593	1894	6.56e-14	75.5
PfSN01_050005400|DBLe|1|1115|1450	QE0439-C.g73	28.788	198	92	8	126	274	181	378	8.61e-11	65.9
PfSN01_050005400|DBLe|1|1115|1450	PFKE07.g667	85.882	340	44	3	1	336	1131	1470	0.0	594
PfSN01_050005400|DBLe|1|1115|1450	PFKE07.g667	27.798	277	170	8	51	318	2045	2300	7.58e-31	125
PfSN01_050005400|DBLe|1|1115|1450	PFKE07.g667	27.891	294	177	9	49	312	806	1094	1.22e-21	98.6
PfSN01_050005400|DBLe|1|1115|1450	PFKE07.g667	26.126	222	106	6	126	291	189	408	2.48e-12	70.5
PfSN01_050005400|DBLe|1|1115|1450	PFKE07.g667	21.799	289	166	9	55	301	1623	1893	5.01e-08	57.0
PfSN01_050005400|DBLe|1|1115|1450	QG0264-C.g1116	85.417	336	49	0	1	336	863	1198	0.0	591
PfSN01_050005400|DBLe|1|1115|1450	QG0264-C.g1116	36.991	319	180	6	35	336	1714	2028	9.97e-53	189
PfSN01_050005400|DBLe|1|1115|1450	QG0264-C.g1116	27.914	326	179	16	54	336	543	855	2.04e-14	76.6
PfSN01_050005400|DBLe|1|1115|1450	QG0264-C.g1116	25.497	302	176	9	53	305	1339	1640	6.62e-14	75.1
PfSN01_050005400|DBLe|1|1115|1450	QE0395-C.g632	85.799	338	45	2	2	336	1125	1462	0.0	588
PfSN01_050005400|DBLe|1|1115|1450	QE0395-C.g632	28.571	322	181	11	54	336	805	1116	1.94e-19	92.0
PfSN01_050005400|DBLe|1|1115|1450	QE0395-C.g632	28.846	260	150	9	53	303	2019	2252	6.23e-17	84.3
PfSN01_050005400|DBLe|1|1115|1450	QE0395-C.g632	26.106	226	113	8	126	297	183	408	2.31e-14	76.6
PfSN01_050005400|DBLe|1|1115|1450	QE0395-C.g632	24.706	425	200	17	1	336	1572	1965	4.86e-11	66.6
PfSN01_050005400|DBLz|1|1509|1953	PA0256-C.g32	99.775	445	1	0	1	445	1503	1947	0.0	918
PfSN01_050005400|DBLz|1|1509|1953	PA0256-C.g32	31.765	340	186	10	87	400	124	443	3.05e-37	147
PfSN01_050005400|DBLz|1|1509|1953	PA0256-C.g32	26.103	272	173	6	86	347	776	1029	1.37e-15	82.0
PfSN01_050005400|DBLz|1|1509|1953	PA0256-C.g32	27.064	218	119	8	93	309	2001	2179	1.37e-11	69.3
PfSN01_050005400|DBLz|1|1509|1953	PT0222-C.g780	98.427	445	7	0	1	445	1513	1957	0.0	906
PfSN01_050005400|DBLz|1|1509|1953	PT0222-C.g780	33.227	313	177	8	60	347	80	385	4.25e-37	147
PfSN01_050005400|DBLz|1|1509|1953	PT0222-C.g780	27.083	288	166	11	78	348	780	1040	2.05e-16	84.7
PfSN01_050005400|DBLz|1|1509|1953	PT0222-C.g780	26.275	255	143	10	93	342	2011	2225	6.81e-10	63.9
PfSN01_050005400|DBLz|1|1509|1953	PT0215-Cx.g198	97.978	445	9	0	1	445	1519	1963	0.0	899
PfSN01_050005400|DBLz|1|1509|1953	PT0215-Cx.g198	34.810	316	174	9	60	351	91	398	1.42e-42	163
PfSN01_050005400|DBLz|1|1509|1953	PT0215-Cx.g198	29.545	220	111	9	93	309	2017	2195	9.76e-14	76.3
PfSN01_050005400|DBLz|1|1509|1953	PT0215-Cx.g198	26.481	287	164	13	81	347	790	1049	1.84e-11	68.9
PfSN01_050005400|DBLz|1|1509|1953	PT0215-Cx.g198	24.275	276	141	12	95	349	1179	1407	3.35e-09	62.0
PfSN01_050005400|DBLz|1|1509|1953	PA0261-C.g52	96.854	445	14	0	1	445	1527	1971	0.0	891
PfSN01_050005400|DBLz|1|1509|1953	PA0261-C.g52	32.890	301	169	9	67	341	97	390	6.59e-34	137
PfSN01_050005400|DBLz|1|1509|1953	PA0261-C.g52	25.266	376	211	15	86	445	801	1122	4.64e-16	83.6
PfSN01_050005400|DBLz|1|1509|1953	PA0261-C.g52	27.397	219	117	8	93	309	2025	2203	8.60e-11	67.0
PfSN01_050005400|DBLz|1|1509|1953	PA0261-C.g52	22.554	368	185	13	95	445	1184	1468	8.59e-09	60.5
PfSN01_050005400|DBLz|1|1509|1953	QG0201-C.g317	96.854	445	14	0	1	445	1527	1971	0.0	890
PfSN01_050005400|DBLz|1|1509|1953	QG0201-C.g317	32.890	301	169	9	67	341	97	390	7.44e-34	137
PfSN01_050005400|DBLz|1|1509|1953	QG0201-C.g317	25.266	376	211	15	86	445	801	1122	4.85e-16	83.6
PfSN01_050005400|DBLz|1|1509|1953	QG0201-C.g317	27.397	219	117	8	93	309	2025	2203	9.45e-11	67.0
PfSN01_050005400|DBLz|1|1509|1953	QG0201-C.g317	22.554	368	185	13	95	445	1184	1468	7.73e-09	60.8
PfSN01_050005400|DBLe|2|1958|2254	PT0073-C.g1018	98.990	297	3	0	1	297	483	779	0.0	611
PfSN01_050005400|DBLe|2|1958|2254	PT0073-C.g1018	23.881	268	152	9	12	228	76	342	6.14e-09	59.3
PfSN01_050005400|DBLe|2|1958|2254	PT0299-Cx.g4870	98.990	297	3	0	1	297	481	777	0.0	610
PfSN01_050005400|DBLe|2|1958|2254	PT0299-Cx.g4870	26.027	219	125	7	46	228	123	340	8.80e-08	55.8
PfSN01_050005400|DBLe|2|1958|2254	PA0180-C.g15	98.990	297	3	0	1	297	483	779	0.0	609
PfSN01_050005400|DBLe|2|1958|2254	PA0180-C.g15	23.881	268	152	9	12	228	76	342	4.72e-09	59.7
PfSN01_050005400|DBLe|2|1958|2254	PA0185-C.g915	98.653	297	4	0	1	297	475	771	0.0	608
PfSN01_050005400|DBLe|2|1958|2254	PA0185-C.g915	28.571	238	134	11	27	228	97	334	1.16e-10	64.7
PfSN01_050005400|DBLe|2|1958|2254	PfKE04.g845	98.653	297	4	0	1	297	483	779	0.0	608
PfSN01_050005400|DBLe|2|1958|2254	PfKE04.g845	23.881	268	152	9	12	228	76	342	8.89e-09	58.9
PfSN01_050005400|ATS|1|2371|2809	PM0146-C.g533	100.000	439	0	0	1	439	886	1324	0.0	894
PfSN01_050005400|ATS|1|2371|2809	PD0494-C.g622	79.911	448	66	7	1	439	610	1042	0.0	697
PfSN01_050005400|ATS|1|2371|2809	PV0241-C.g88	79.911	448	71	5	1	439	922	1359	0.0	687
PfSN01_050005400|ATS|1|2371|2809	QE0475-C.g490	75.955	445	91	6	3	439	1574	2010	0.0	670
PfSN01_050005400|ATS|1|2371|2809	PD0552-C.g460	75.955	445	91	6	3	439	1574	2010	0.0	670
PfSN01_050037800|NTS|1|1|76	QG0287-C.g6593	100.000	76	0	0	1	76	1	76	1.36e-45	157
PfSN01_050037800|NTS|1|1|76	PT0206-Cx.g416	100.000	76	0	0	1	76	1	76	1.44e-45	157
PfSN01_050037800|NTS|1|1|76	PA0100-C.g590	100.000	76	0	0	1	76	1	76	1.61e-45	156
PfSN01_050037800|NTS|1|1|76	PM0096-C.g571	100.000	76	0	0	1	76	1	76	1.67e-45	156
PfSN01_050037800|NTS|1|1|76	PC0058-C.g298	100.000	76	0	0	1	76	1	76	1.69e-45	156
PfSN01_050037800|DBLa|1|77|471	PA0137-C.g465	100.000	395	0	0	1	395	77	471	0.0	829
PfSN01_050037800|DBLa|1|77|471	PA0137-C.g465	32.063	315	157	10	55	360	867	1133	4.20e-36	142
PfSN01_050037800|DBLa|1|77|471	PA0137-C.g465	24.373	279	171	6	51	314	2054	2307	9.19e-18	88.2
PfSN01_050037800|DBLa|1|77|471	PA0137-C.g465	24.342	304	173	10	51	330	1268	1538	8.82e-14	75.9
PfSN01_050037800|DBLa|1|77|471	PA0137-C.g465	24.038	312	183	10	33	324	1663	1940	1.66e-12	72.0
PfSN01_050037800|DBLa|1|77|471	PA0137-C.g465	24.434	221	135	5	114	317	2699	2904	4.24e-11	67.4
PfSN01_050037800|DBLa|1|77|471	PA0100-C.g590	100.000	395	0	0	1	395	77	471	0.0	829
PfSN01_050037800|DBLa|1|77|471	PA0100-C.g590	34.444	270	135	9	55	315	867	1103	1.07e-36	144
PfSN01_050037800|DBLa|1|77|471	PA0100-C.g590	24.549	277	171	6	51	314	2054	2305	1.16e-18	90.9
PfSN01_050037800|DBLa|1|77|471	PA0100-C.g590	25.000	328	183	10	114	395	2697	3007	1.62e-14	78.2
PfSN01_050037800|DBLa|1|77|471	PA0100-C.g590	24.342	304	173	10	51	330	1268	1538	7.13e-14	76.3
PfSN01_050037800|DBLa|1|77|471	PA0100-C.g590	23.476	328	195	11	19	324	1647	1940	4.95e-12	70.5
PfSN01_050037800|DBLa|1|77|471	QG0256-C.g2706	97.215	395	11	0	1	395	77	471	0.0	808
PfSN01_050037800|DBLa|1|77|471	QG0256-C.g2706	34.444	270	135	9	55	315	863	1099	9.95e-36	141
PfSN01_050037800|DBLa|1|77|471	QG0256-C.g2706	24.188	277	172	6	51	314	2035	2286	2.59e-17	86.7
PfSN01_050037800|DBLa|1|77|471	QG0256-C.g2706	26.582	316	175	11	46	334	1258	1543	9.85e-15	79.0
PfSN01_050037800|DBLa|1|77|471	QG0256-C.g2706	23.718	312	184	10	33	324	1650	1927	6.22e-12	70.1
PfSN01_050037800|DBLa|1|77|471	PT0048-C.g425	96.709	395	13	0	1	395	77	471	0.0	805
PfSN01_050037800|DBLa|1|77|471	PT0048-C.g425	36.803	269	131	8	55	315	865	1102	3.19e-42	160
PfSN01_050037800|DBLa|1|77|471	PT0048-C.g425	23.611	288	181	5	51	327	2044	2303	2.81e-17	86.7
PfSN01_050037800|DBLa|1|77|471	PT0048-C.g425	26.367	311	172	11	51	334	1267	1547	3.43e-14	77.0
PfSN01_050037800|DBLa|1|77|471	PT0048-C.g425	23.355	304	185	8	33	320	1654	1925	5.82e-12	70.1
PfSN01_050037800|DBLa|1|77|471	PF0449-C.g793	96.709	395	13	0	1	395	77	471	0.0	803
PfSN01_050037800|DBLa|1|77|471	PF0449-C.g793	36.803	269	131	8	55	315	865	1102	2.76e-42	160
PfSN01_050037800|DBLa|1|77|471	PF0449-C.g793	23.611	288	181	5	51	327	2044	2303	3.04e-17	86.7
PfSN01_050037800|DBLa|1|77|471	PF0449-C.g793	26.367	311	172	11	51	334	1267	1547	3.49e-14	77.0
PfSN01_050037800|DBLa|1|77|471	PF0449-C.g793	23.355	304	185	8	33	320	1654	1925	6.82e-12	70.1
PfSN01_050037800|DBLa|1|77|471	PF0449-C.g793	33.654	104	67	1	219	322	2862	2963	1.51e-10	65.9
PfSN01_050037800|CIDRa|1|472|726	PA0137-C.g465	100.000	255	0	0	1	255	472	726	3.22e-170	523
PfSN01_050037800|CIDRa|1|472|726	PA0100-C.g590	100.000	255	0	0	1	255	472	726	3.95e-170	522
PfSN01_050037800|CIDRa|1|472|726	PT0048-C.g425	99.608	255	1	0	1	255	472	726	1.13e-169	521
PfSN01_050037800|CIDRa|1|472|726	PT0048-C.g425	27.647	170	108	4	5	169	3055	3214	3.68e-08	56.2
PfSN01_050037800|CIDRa|1|472|726	PF0449-C.g793	99.608	255	1	0	1	255	472	726	2.56e-169	520
PfSN01_050037800|CIDRa|1|472|726	QG0256-C.g2706	94.118	255	13	2	1	255	472	724	1.08e-155	481
PfSN01_050037800|DBLb|1|742|1204	PA0100-C.g590	100.000	463	0	0	1	463	742	1204	0.0	962
PfSN01_050037800|DBLb|1|742|1204	PA0100-C.g590	30.233	387	187	15	71	392	68	436	5.02e-39	153
PfSN01_050037800|DBLb|1|742|1204	PA0100-C.g590	29.825	399	206	13	109	463	1254	1622	8.40e-37	147
PfSN01_050037800|DBLb|1|742|1204	PA0100-C.g590	29.499	339	186	14	90	399	2024	2338	2.58e-23	106
PfSN01_050037800|DBLb|1|742|1204	PA0100-C.g590	27.372	274	156	10	125	370	1684	1942	4.29e-15	80.9
PfSN01_050037800|DBLb|1|742|1204	PA0137-C.g465	99.784	463	1	0	1	463	742	1204	0.0	960
PfSN01_050037800|DBLb|1|742|1204	PA0137-C.g465	30.233	387	187	15	71	392	68	436	4.83e-39	153
PfSN01_050037800|DBLb|1|742|1204	PA0137-C.g465	30.075	399	205	13	109	463	1254	1622	1.11e-36	146
PfSN01_050037800|DBLb|1|742|1204	PA0137-C.g465	28.446	341	189	13	90	399	2024	2340	5.03e-22	102
PfSN01_050037800|DBLb|1|742|1204	PA0137-C.g465	27.737	274	155	10	125	370	1684	1942	1.29e-15	82.4
PfSN01_050037800|DBLb|1|742|1204	QG0256-C.g2706	90.497	463	42	1	1	463	740	1200	0.0	849
PfSN01_050037800|DBLb|1|742|1204	QG0256-C.g2706	30.233	387	187	15	71	392	68	436	2.55e-38	151
PfSN01_050037800|DBLb|1|742|1204	QG0256-C.g2706	30.435	414	200	15	97	463	1237	1609	1.53e-37	149
PfSN01_050037800|DBLb|1|742|1204	QG0256-C.g2706	29.204	339	187	14	90	399	2005	2319	7.42e-22	101
PfSN01_050037800|DBLb|1|742|1204	QG0256-C.g2706	27.333	300	165	12	125	395	1671	1946	1.22e-16	85.5
PfSN01_050037800|DBLb|1|742|1204	PF0393-CW.g29	88.985	463	49	1	1	463	739	1199	0.0	835
PfSN01_050037800|DBLb|1|742|1204	PF0393-CW.g29	30.534	393	192	18	28	362	22	391	2.15e-36	145
PfSN01_050037800|DBLb|1|742|1204	PF0393-CW.g29	30.597	402	191	15	109	463	1247	1607	2.06e-34	139
PfSN01_050037800|DBLb|1|742|1204	PF0393-CW.g29	29.794	339	185	14	90	399	2003	2317	8.25e-24	107
PfSN01_050037800|DBLb|1|742|1204	PF0393-CW.g29	27.969	261	149	8	125	361	1669	1914	1.15e-17	88.6
PfSN01_050037800|DBLb|1|742|1204	PF0449-C.g793	84.086	465	69	3	1	463	742	1203	0.0	788
PfSN01_050037800|DBLb|1|742|1204	PF0449-C.g793	30.749	387	185	15	71	392	68	436	4.54e-39	153
PfSN01_050037800|DBLb|1|742|1204	PF0449-C.g793	30.597	402	191	15	109	463	1253	1613	1.80e-34	140
PfSN01_050037800|DBLb|1|742|1204	PF0449-C.g793	27.941	408	217	15	90	463	2014	2378	3.44e-28	121
PfSN01_050037800|DBLb|1|742|1204	PF0449-C.g793	28.188	298	165	12	125	395	1675	1950	1.84e-16	85.1
PfSN01_050037800|DBLg|1|1222|1622	PA0069-C.g398	100.000	401	0	0	1	401	86	486	0.0	842
PfSN01_050037800|DBLg|1|1222|1622	PA0069-C.g398	42.941	340	157	8	1	330	877	1189	5.14e-76	259
PfSN01_050037800|DBLg|1|1222|1622	PA0069-C.g398	36.977	311	169	9	1	302	503	795	3.66e-55	198
PfSN01_050037800|DBLg|1|1222|1622	PA0069-C.g398	29.517	393	183	10	1	303	1411	1799	3.99e-39	152
PfSN01_050037800|DBLg|1|1222|1622	PA0100-C.g590	100.000	401	0	0	1	401	1222	1622	0.0	841
PfSN01_050037800|DBLg|1|1222|1622	PA0100-C.g590	42.941	340	157	8	1	330	2013	2325	5.87e-76	259
PfSN01_050037800|DBLg|1|1222|1622	PA0100-C.g590	36.977	311	169	9	1	302	1639	1931	2.80e-55	199
PfSN01_050037800|DBLg|1|1222|1622	PA0100-C.g590	29.517	393	183	10	1	303	2547	2935	3.76e-39	152
PfSN01_050037800|DBLg|1|1222|1622	PA0100-C.g590	29.319	382	197	12	50	401	866	1204	6.22e-35	139
PfSN01_050037800|DBLg|1|1222|1622	PA0100-C.g590	24.342	304	173	10	47	317	127	406	6.44e-14	76.3
PfSN01_050037800|DBLg|1|1222|1622	PA0050-C.g359	100.000	401	0	0	1	401	73	473	0.0	841
PfSN01_050037800|DBLg|1|1222|1622	PA0050-C.g359	42.941	340	157	8	1	330	864	1176	5.56e-76	259
PfSN01_050037800|DBLg|1|1222|1622	PA0050-C.g359	36.977	311	169	9	1	302	490	782	3.67e-55	198
PfSN01_050037800|DBLg|1|1222|1622	PA0050-C.g359	29.517	393	183	10	1	303	1398	1786	4.35e-39	151
PfSN01_050037800|DBLg|1|1222|1622	PA0068-C.g259	100.000	401	0	0	1	401	73	473	0.0	840
PfSN01_050037800|DBLg|1|1222|1622	PA0068-C.g259	42.941	340	157	8	1	330	864	1176	5.71e-76	259
PfSN01_050037800|DBLg|1|1222|1622	PA0068-C.g259	36.977	311	169	9	1	302	490	782	3.55e-55	198
PfSN01_050037800|DBLg|1|1222|1622	PA0068-C.g259	29.517	393	183	10	1	303	1398	1786	3.77e-39	152
PfSN01_050037800|DBLg|1|1222|1622	PA0137-C.g465	99.252	401	3	0	1	401	1222	1622	0.0	836
PfSN01_050037800|DBLg|1|1222|1622	PA0137-C.g465	43.695	341	155	8	1	330	2013	2327	8.75e-79	267
PfSN01_050037800|DBLg|1|1222|1622	PA0137-C.g465	36.334	311	171	9	1	302	1639	1931	1.67e-53	194
PfSN01_050037800|DBLg|1|1222|1622	PA0137-C.g465	27.470	415	214	12	1	335	2529	2936	2.18e-39	152
PfSN01_050037800|DBLg|1|1222|1622	PA0137-C.g465	29.319	382	197	12	50	401	866	1204	1.28e-34	138
PfSN01_050037800|DBLg|1|1222|1622	PA0137-C.g465	24.342	304	173	10	47	317	127	406	7.49e-14	76.3
PfSN01_050037800|DBLg|2|1639|2006	PA0068-C.g259	100.000	368	0	0	1	368	490	857	0.0	764
PfSN01_050037800|DBLg|2|1639|2006	PA0068-C.g259	40.360	389	186	15	1	368	864	1227	1.09e-72	248
PfSN01_050037800|DBLg|2|1639|2006	PA0068-C.g259	36.977	311	169	9	1	293	73	374	2.82e-56	200
PfSN01_050037800|DBLg|2|1639|2006	PA0068-C.g259	26.879	439	197	14	1	325	1398	1826	3.25e-32	130
PfSN01_050037800|DBLg|2|1639|2006	PA0050-C.g359	100.000	368	0	0	1	368	490	857	0.0	764
PfSN01_050037800|DBLg|2|1639|2006	PA0050-C.g359	40.360	389	186	15	1	368	864	1227	1.28e-72	248
PfSN01_050037800|DBLg|2|1639|2006	PA0050-C.g359	36.977	311	169	9	1	293	73	374	3.49e-56	200
PfSN01_050037800|DBLg|2|1639|2006	PA0050-C.g359	27.107	439	196	14	1	325	1398	1826	3.79e-32	130
PfSN01_050037800|DBLg|2|1639|2006	PA0069-C.g398	100.000	368	0	0	1	368	503	870	0.0	763
PfSN01_050037800|DBLg|2|1639|2006	PA0069-C.g398	40.360	389	186	15	1	368	877	1240	1.12e-72	248
PfSN01_050037800|DBLg|2|1639|2006	PA0069-C.g398	36.977	311	169	9	1	293	86	387	3.29e-56	200
PfSN01_050037800|DBLg|2|1639|2006	PA0069-C.g398	27.107	439	196	14	1	325	1411	1839	3.58e-32	130
PfSN01_050037800|DBLg|2|1639|2006	PA0100-C.g590	100.000	368	0	0	1	368	1639	2006	0.0	762
PfSN01_050037800|DBLg|2|1639|2006	PA0100-C.g590	40.360	389	186	15	1	368	2013	2376	1.85e-72	247
PfSN01_050037800|DBLg|2|1639|2006	PA0100-C.g590	36.977	311	169	9	1	293	1222	1523	5.42e-56	199
PfSN01_050037800|DBLg|2|1639|2006	PA0100-C.g590	27.107	439	196	14	1	325	2547	2975	5.07e-32	130
PfSN01_050037800|DBLg|2|1639|2006	PA0100-C.g590	27.957	279	148	12	46	304	866	1111	2.43e-14	77.0
PfSN01_050037800|DBLg|2|1639|2006	PA0100-C.g590	23.077	312	186	9	25	302	109	400	1.64e-12	71.6
PfSN01_050037800|DBLg|2|1639|2006	PA0137-C.g465	97.554	368	9	0	1	368	1639	2006	0.0	747
PfSN01_050037800|DBLg|2|1639|2006	PA0137-C.g465	40.206	388	190	13	1	368	2013	2378	2.47e-74	253
PfSN01_050037800|DBLg|2|1639|2006	PA0137-C.g465	36.977	311	169	9	1	293	1222	1523	5.68e-56	199
PfSN01_050037800|DBLg|2|1639|2006	PA0137-C.g465	29.609	358	153	12	30	297	2558	2906	2.12e-40	154
PfSN01_050037800|DBLg|2|1639|2006	PA0137-C.g465	27.244	312	174	12	9	304	837	1111	7.93e-15	78.6
PfSN01_050037800|DBLg|2|1639|2006	PA0137-C.g465	23.718	312	184	10	25	302	109	400	1.67e-12	71.6
PfSN01_050037800|DBLg|3|2013|2376	PA0100-C.g590	100.000	364	0	0	1	364	2013	2376	0.0	760
PfSN01_050037800|DBLg|3|2013|2376	PA0100-C.g590	42.941	340	157	8	1	313	1222	1551	5.61e-76	257
PfSN01_050037800|DBLg|3|2013|2376	PA0100-C.g590	40.360	389	186	15	1	364	1639	2006	6.84e-72	245
PfSN01_050037800|DBLg|3|2013|2376	PA0100-C.g590	27.249	389	185	11	1	293	2547	2933	2.62e-39	151
PfSN01_050037800|DBLg|3|2013|2376	PA0100-C.g590	27.976	336	184	13	18	326	836	1140	1.20e-22	102
PfSN01_050037800|DBLg|3|2013|2376	PA0100-C.g590	24.286	280	174	6	42	296	127	393	8.56e-19	90.5
PfSN01_050037800|DBLg|3|2013|2376	PA0069-C.g398	100.000	364	0	0	1	364	877	1240	0.0	760
PfSN01_050037800|DBLg|3|2013|2376	PA0069-C.g398	42.941	340	157	8	1	313	86	415	6.60e-76	257
PfSN01_050037800|DBLg|3|2013|2376	PA0069-C.g398	40.360	389	186	15	1	364	503	870	8.94e-72	245
PfSN01_050037800|DBLg|3|2013|2376	PA0069-C.g398	27.249	389	185	11	1	293	1411	1797	2.55e-39	151
PfSN01_050037800|DBLg|3|2013|2376	PA0068-C.g259	100.000	364	0	0	1	364	864	1227	0.0	760
PfSN01_050037800|DBLg|3|2013|2376	PA0068-C.g259	42.941	340	157	8	1	313	73	402	6.48e-76	257
PfSN01_050037800|DBLg|3|2013|2376	PA0068-C.g259	40.360	389	186	15	1	364	490	857	9.38e-72	245
PfSN01_050037800|DBLg|3|2013|2376	PA0068-C.g259	27.249	389	185	11	1	293	1398	1784	2.85e-39	151
PfSN01_050037800|DBLg|3|2013|2376	PA0050-C.g359	100.000	364	0	0	1	364	864	1227	0.0	760
PfSN01_050037800|DBLg|3|2013|2376	PA0050-C.g359	42.941	340	157	8	1	313	73	402	7.43e-76	257
PfSN01_050037800|DBLg|3|2013|2376	PA0050-C.g359	40.360	389	186	15	1	364	490	857	1.11e-71	245
PfSN01_050037800|DBLg|3|2013|2376	PA0050-C.g359	27.249	389	185	11	1	293	1398	1784	2.86e-39	151
PfSN01_050037800|DBLg|3|2013|2376	PF0393-CW.g29	98.901	364	4	0	1	364	1992	2355	0.0	751
PfSN01_050037800|DBLg|3|2013|2376	PF0393-CW.g29	44.126	349	165	8	1	326	1215	1556	6.04e-77	260
PfSN01_050037800|DBLg|3|2013|2376	PF0393-CW.g29	39.062	384	192	13	1	364	1624	1985	6.85e-72	245
PfSN01_050037800|DBLg|3|2013|2376	PF0393-CW.g29	26.710	307	172	11	43	326	859	1135	1.77e-19	92.8
PfSN01_050037800|DBLg|3|2013|2376	PF0393-CW.g29	24.014	279	176	6	42	296	127	393	1.53e-16	84.0
PfSN01_050037800|DBLd|1|2547|3007	PA0069-C.g398	100.000	461	0	0	1	461	1411	1871	0.0	961
PfSN01_050037800|DBLd|1|2547|3007	PA0069-C.g398	29.517	393	183	10	1	389	86	388	8.52e-42	161
PfSN01_050037800|DBLd|1|2547|3007	PA0069-C.g398	28.535	389	180	13	1	387	877	1169	3.60e-39	153
PfSN01_050037800|DBLd|1|2547|3007	PA0069-C.g398	28.030	396	176	13	1	389	503	796	3.01e-32	133
PfSN01_050037800|DBLd|1|2547|3007	PA0100-C.g590	100.000	461	0	0	1	461	2547	3007	0.0	960
PfSN01_050037800|DBLd|1|2547|3007	PA0100-C.g590	29.517	393	183	10	1	389	1222	1524	1.39e-41	160
PfSN01_050037800|DBLd|1|2547|3007	PA0100-C.g590	28.535	389	180	13	1	387	2013	2305	5.80e-39	153
PfSN01_050037800|DBLd|1|2547|3007	PA0100-C.g590	27.919	394	179	11	1	389	1639	1932	3.49e-32	133
PfSN01_050037800|DBLd|1|2547|3007	PA0100-C.g590	24.773	331	186	10	148	461	187	471	1.91e-13	75.5
PfSN01_050037800|DBLd|1|2547|3007	PA0068-C.g259	100.000	461	0	0	1	461	1398	1858	0.0	960
PfSN01_050037800|DBLd|1|2547|3007	PA0068-C.g259	29.517	393	183	10	1	389	73	375	9.36e-42	161
PfSN01_050037800|DBLd|1|2547|3007	PA0068-C.g259	28.535	389	180	13	1	387	864	1156	3.92e-39	153
PfSN01_050037800|DBLd|1|2547|3007	PA0068-C.g259	28.030	396	176	13	1	389	490	783	3.01e-32	133
PfSN01_050037800|DBLd|1|2547|3007	PA0050-C.g359	100.000	461	0	0	1	461	1398	1858	0.0	960
PfSN01_050037800|DBLd|1|2547|3007	PA0050-C.g359	29.517	393	183	10	1	389	73	375	8.79e-42	161
PfSN01_050037800|DBLd|1|2547|3007	PA0050-C.g359	28.535	389	180	13	1	387	864	1156	4.04e-39	153
PfSN01_050037800|DBLd|1|2547|3007	PA0050-C.g359	28.030	396	176	13	1	389	490	783	2.86e-32	133
PfSN01_050037800|DBLd|1|2547|3007	PA0263-C.g1608	70.070	431	104	7	40	461	801	1215	0.0	592
PfSN01_050037800|DBLd|1|2547|3007	PA0263-C.g1608	28.834	326	146	10	170	461	109	382	4.46e-20	96.3
PfSN01_050037800|CIDRb|1|3008|3259	PA0263-C.g1608	100.000	252	0	0	1	252	1216	1467	5.69e-170	510
PfSN01_050037800|CIDRb|1|3008|3259	PA0050-C.g359	100.000	252	0	0	1	252	1859	2110	2.04e-167	512
PfSN01_050037800|CIDRb|1|3008|3259	PA0069-C.g398	100.000	252	0	0	1	252	1872	2123	2.32e-167	512
PfSN01_050037800|CIDRb|1|3008|3259	PA0068-C.g259	100.000	252	0	0	1	252	1859	2110	2.57e-167	512
PfSN01_050037800|CIDRb|1|3008|3259	PA0100-C.g590	100.000	252	0	0	1	252	3008	3259	3.48e-166	511
PfSN01_050037800|ATS|1|3385|3805	PfKE02.g88	81.132	424	66	4	2	421	2972	3385	0.0	674
PfSN01_050037800|ATS|1|3385|3805	PD0503-C.g340	77.650	434	83	5	1	421	2120	2552	0.0	654
PfSN01_050037800|ATS|1|3385|3805	PC0085-C.g1320	78.824	425	84	4	2	421	2061	2484	0.0	651
PfSN01_050037800|ATS|1|3385|3805	QE0463-C.g287	78.555	429	84	6	1	421	2589	3017	0.0	649
PfSN01_050037800|ATS|1|3385|3805	PFKE11.g264	75.278	449	83	9	1	421	2779	3227	0.0	644
PfSN01_050037900|NTS|1|1|64	PA0021-C.g158	75.472	53	12	1	13	64	15	67	1.14e-17	76.6
PfSN01_050037900|NTS|1|1|64	PM0134-C.g8	65.672	67	20	2	1	64	1	67	1.38e-17	76.6
PfSN01_050037900|NTS|1|1|64	PA0020-C.g314	64.062	64	22	1	1	64	1	63	1.52e-17	76.3
PfSN01_050037900|NTS|1|1|64	PT0256-C.g527	60.656	61	24	0	1	61	1	61	1.72e-17	76.3
PfSN01_050037900|NTS|1|1|64	PC0103-C.g259	77.551	49	11	0	15	63	13	61	1.85e-17	76.3
PfSN01_050037900|DBLa|1|65|513	PA0049-C.g499	79.007	443	77	7	14	449	85	518	0.0	626
PfSN01_050037900|DBLa|1|65|513	PA0262-C.g630	78.971	447	71	11	16	449	87	523	0.0	615
PfSN01_050037900|DBLa|1|65|513	PA0262-C.g630	31.579	133	84	4	230	358	1274	1403	1.01e-09	63.5
PfSN01_050037900|DBLa|1|65|513	PA0094-C.g466	79.007	443	77	7	14	449	85	518	0.0	609
PfSN01_050037900|DBLa|1|65|513	QG0258-C.g1096	67.516	471	125	11	1	449	60	524	0.0	592
PfSN01_050037900|DBLa|1|65|513	QG0258-C.g1096	37.374	99	54	2	46	136	1004	1102	2.45e-09	62.0
PfSN01_050037900|DBLa|1|65|513	PH0856-C.g155	67.312	465	111	11	13	449	77	528	0.0	583
PfSN01_050037900|DBLa|1|65|513	PH0856-C.g155	34.667	225	122	8	51	273	1778	1979	4.65e-28	120
PfSN01_050037900|DBLa|1|65|513	PH0856-C.g155	27.168	346	166	11	116	449	1123	1394	1.20e-23	107
PfSN01_050037900|DBLa|1|65|513	PH0856-C.g155	23.746	299	141	10	46	337	2170	2388	8.12e-13	73.6
PfSN01_050037900|CIDRa|1|514|844	QG0296-C.g5399	71.676	346	66	5	1	331	507	835	1.29e-151	469
PfSN01_050037900|CIDRa|1|514|844	QG0182-C.g1104	67.341	346	77	7	1	331	485	809	2.60e-139	434
PfSN01_050037900|CIDRa|1|514|844	PT0042-C.g402	69.971	343	78	7	1	331	514	843	9.25e-138	431
PfSN01_050037900|CIDRa|1|514|844	PC0077-C.g552	68.657	335	74	6	1	324	535	849	6.82e-133	405
PfSN01_050037900|CIDRa|1|514|844	PM0071-C.g538	65.205	342	94	8	1	331	506	833	1.05e-127	391
PfSN01_050037900|DBLd|1|913|1404	PT0098-C.g571	52.941	510	176	17	1	492	862	1325	8.72e-149	467
PfSN01_050037900|DBLd|1|913|1404	PT0098-C.g571	23.841	302	174	9	176	466	186	442	1.16e-12	73.2
PfSN01_050037900|DBLd|1|913|1404	PT0156-C.g1000	52.987	519	197	16	1	492	901	1399	7.93e-147	462
PfSN01_050037900|DBLd|1|913|1404	PT0156-C.g1000	29.286	280	136	12	243	492	246	493	8.49e-17	86.3
PfSN01_050037900|DBLd|1|913|1404	PFKE11.g19	51.346	520	207	13	1	492	924	1425	2.77e-144	456
PfSN01_050037900|DBLd|1|913|1404	PFKE11.g19	29.101	189	99	6	243	426	272	430	1.64e-13	75.9
PfSN01_050037900|DBLd|1|913|1404	SenT011.09.g841	52.140	514	201	17	1	492	151	641	9.88e-144	440
PfSN01_050037900|DBLd|1|913|1404	PF0513-C.g476	51.601	531	192	18	2	492	877	1382	1.25e-143	454
PfSN01_050037900|DBLd|1|913|1404	PF0513-C.g476	26.997	363	194	13	160	492	164	485	3.94e-21	99.8
PfSN01_050037900|CIDRb|1|1405|1652	SenT085.10.g116	64.940	251	79	5	1	248	1436	1680	1.27e-96	311
PfSN01_050037900|CIDRb|1|1405|1652	SenT136.09.g43	64.940	251	79	5	1	248	2280	2524	4.00e-96	310
PfSN01_050037900|CIDRb|1|1405|1652	PD0507-C.g729	64.940	251	79	5	1	248	1376	1620	4.44e-96	310
PfSN01_050037900|CIDRb|1|1405|1652	QE0476-C.g466	66.270	252	73	8	1	246	1417	1662	7.76e-96	309
PfSN01_050037900|CIDRb|1|1405|1652	PM0076-C.g1178	68.163	245	71	5	1	243	1419	1658	9.28e-96	309
PfSN01_050037900|ATS|1|1770|2199	PV0028-C.g31	79.476	458	64	6	1	430	1737	2192	0.0	713
PfSN01_050037900|ATS|1|1770|2199	PD0549-C.g516	79.157	451	70	5	1	430	2187	2634	0.0	694
PfSN01_050037900|ATS|1|1770|2199	PD0511-C.g583	79.157	451	70	5	1	430	2187	2634	0.0	694
PfSN01_050037900|ATS|1|1770|2199	PFKE09.g563	78.348	448	73	6	1	430	775	1216	0.0	673
PfSN01_050037900|ATS|1|1770|2199	PF0590-C.g528	78.555	443	73	7	1	430	2051	2484	0.0	661
PfSN01_060005100|NTS|1|1|62	PD0496-C.g858	77.778	63	13	1	1	62	1	63	6.06e-26	100
PfSN01_060005100|NTS|1|1|62	PA0041-C.g510	76.271	59	12	1	6	62	7	65	7.71e-24	94.4
PfSN01_060005100|NTS|1|1|62	PT0073-C.g576	72.131	61	17	0	2	62	6	66	5.99e-22	89.0
PfSN01_060005100|NTS|1|1|62	PA0079-C.g357	75.439	57	14	0	6	62	1	57	1.32e-21	87.8
PfSN01_060005100|NTS|1|1|62	PA0098-C.g49	74.194	62	16	0	1	62	1	62	1.64e-21	87.4
PfSN01_060005100|DBLa|1|63|490	PF0818-C.g575	71.889	434	104	7	1	428	62	483	0.0	622
PfSN01_060005100|DBLa|1|63|490	PF0818-C.g575	35.052	194	102	7	238	428	1207	1379	2.15e-17	87.4
PfSN01_060005100|DBLa|1|63|490	QG0203-C.g696	68.409	440	120	10	1	428	65	497	0.0	572
PfSN01_060005100|DBLa|1|63|490	QG0203-C.g696	26.236	263	138	9	117	336	1127	1376	9.36e-18	88.6
PfSN01_060005100|DBLa|1|63|490	PA0079-C.g357	64.486	428	144	4	1	428	58	477	0.0	551
PfSN01_060005100|DBLa|1|63|490	PA0079-C.g357	30.319	188	109	5	241	428	1501	1666	7.92e-15	79.3
PfSN01_060005100|DBLa|1|63|490	PA0079-C.g357	24.542	273	146	10	26	275	797	1032	1.82e-11	68.9
PfSN01_060005100|DBLa|1|63|490	SenT224.08.g474	65.268	429	121	6	19	428	89	508	9.26e-180	548
PfSN01_060005100|DBLa|1|63|490	SenT224.08.g474	25.000	352	188	15	117	428	1070	1385	9.49e-16	82.4
PfSN01_060005100|DBLa|1|63|490	PH0594-C.g1055	63.889	432	138	10	1	428	74	491	1.38e-178	534
PfSN01_060005100|CIDRa|1|491|763	PT0063-C.g260	77.174	276	58	2	1	271	479	754	2.16e-132	415
PfSN01_060005100|CIDRa|1|491|763	SenT224.08.g474	72.727	275	65	4	1	273	509	775	2.24e-125	393
PfSN01_060005100|CIDRa|1|491|763	SenT224.08.g474	27.465	142	83	4	140	271	1492	1623	1.58e-07	54.7
PfSN01_060005100|CIDRa|1|491|763	SenT150.09.g824	69.360	297	66	6	1	273	474	769	1.75e-121	379
PfSN01_060005100|CIDRa|1|491|763	PM0004-C.g700	64.577	319	66	6	1	273	492	809	1.32e-118	371
PfSN01_060005100|CIDRa|1|491|763	PT0014-CW.g425	68.841	276	76	4	1	273	509	777	1.85e-118	369
PfSN01_060005100|DBLg|1|839|1225	SenT143.09.g1107	100.000	387	0	0	1	387	169	555	0.0	816
PfSN01_060005100|DBLg|1|839|1225	SenT143.09.g1107	28.536	403	165	16	24	306	625	1024	1.49e-31	129
PfSN01_060005100|DBLg|1|839|1225	PT0063-C.g260	98.711	388	4	1	1	387	838	1225	0.0	800
PfSN01_060005100|DBLg|1|839|1225	PT0063-C.g260	26.911	327	140	10	75	305	1381	1704	2.60e-26	113
PfSN01_060005100|DBLg|1|839|1225	PT0063-C.g260	23.793	290	175	9	45	295	111	393	3.44e-10	64.3
PfSN01_060005100|DBLg|1|839|1225	PC0061-C.g540	98.711	388	4	1	1	387	812	1199	0.0	796
PfSN01_060005100|DBLg|1|839|1225	PC0061-C.g540	24.573	468	210	15	1	338	1222	1676	1.41e-28	120
PfSN01_060005100|DBLg|1|839|1225	PC0061-C.g540	23.698	384	214	15	45	381	115	466	7.79e-15	79.0
PfSN01_060005100|DBLg|1|839|1225	QG0186-C.g141	80.549	401	63	6	1	387	1322	1721	0.0	635
PfSN01_060005100|DBLg|1|839|1225	QG0186-C.g141	26.250	480	202	21	1	337	1737	2207	6.96e-26	112
PfSN01_060005100|DBLg|1|839|1225	QG0186-C.g141	23.544	395	234	11	32	387	948	1313	4.20e-18	89.0
PfSN01_060005100|DBLg|1|839|1225	QG0186-C.g141	25.597	293	160	13	45	295	116	392	5.17e-09	60.8
PfSN01_060005100|DBLg|1|839|1225	PF0638-C.g4298	100.000	264	0	0	124	387	1	264	0.0	549
PfSN01_060005100|DBLg|1|839|1225	PF0638-C.g4298	27.461	386	173	11	29	307	315	700	2.91e-33	134
PfSN01_060005100|DBLd|1|1246|1749	SenT143.09.g1107	100.000	504	0	0	1	504	576	1079	0.0	1044
PfSN01_060005100|DBLd|1|1246|1749	SenT143.09.g1107	29.563	389	151	17	64	449	206	474	9.45e-31	129
PfSN01_060005100|DBLd|1|1246|1749	PA0214-C.g387	90.711	506	41	4	1	504	1628	2129	0.0	927
PfSN01_060005100|DBLd|1|1246|1749	PA0214-C.g387	28.969	359	147	8	78	433	1275	1528	1.28e-35	144
PfSN01_060005100|DBLd|1|1246|1749	PA0214-C.g387	32.381	105	51	4	269	373	251	335	2.53e-07	56.2
PfSN01_060005100|DBLd|1|1246|1749	PF0507-C.g696	62.431	543	130	12	1	504	854	1361	0.0	595
PfSN01_060005100|DBLd|1|1246|1749	PF0507-C.g696	27.746	173	96	6	269	434	247	397	1.66e-09	63.2
PfSN01_060005100|DBLd|1|1246|1749	PM0041-C.g1211	51.619	556	194	22	1	504	201	733	1.24e-156	476
PfSN01_060005100|DBLd|1|1246|1749	PA0197-C.g815	51.941	541	198	18	1	504	901	1416	8.53e-150	471
PfSN01_060005100|DBLd|1|1246|1749	PA0197-C.g815	26.183	317	176	13	206	488	203	495	5.23e-15	80.9
PfSN01_060005100|CIDRb|1|1750|2014	SenT143.09.g1107	100.000	265	0	0	1	265	1080	1344	0.0	546
PfSN01_060005100|CIDRb|1|1750|2014	PA0214-C.g387	100.000	265	0	0	1	265	2130	2394	9.49e-178	543
PfSN01_060005100|CIDRb|1|1750|2014	PF0393-CW.g353	91.321	265	22	1	1	265	1305	1568	7.27e-160	484
PfSN01_060005100|CIDRb|1|1750|2014	PC0113-C.g1023	91.321	265	22	1	1	265	1517	1780	8.95e-159	486
PfSN01_060005100|CIDRb|1|1750|2014	PM0029-C.g2448	85.283	265	33	4	1	265	1360	1618	2.79e-143	442
PfSN01_060005100|ATS|1|2123|2612	PV0211-C.g126	80.350	514	68	6	1	490	841	1345	0.0	779
PfSN01_060005100|ATS|1|2123|2612	PV0117-C.g64	75.422	533	62	5	1	490	1194	1700	0.0	751
PfSN01_060005100|ATS|1|2123|2612	PFKE09.g563	76.471	493	62	4	1	490	775	1216	0.0	721
PfSN01_060005100|ATS|1|2123|2612	PD0590-C.g13	76.301	519	62	11	1	490	818	1304	0.0	721
PfSN01_060005100|ATS|1|2123|2612	PV0147-C.g7	76.673	493	58	7	1	490	1761	2199	0.0	720
PfSN01_060022500|NTS|1|1|57	QG0194-C.g180	100.000	57	0	0	1	57	1	57	2.14e-32	118
PfSN01_060022500|NTS|1|1|57	PA0254-C.g274	100.000	57	0	0	1	57	1	57	2.16e-32	118
PfSN01_060022500|NTS|1|1|57	PF0417-C.g144	100.000	57	0	0	1	57	1	57	2.16e-32	118
PfSN01_060022500|NTS|1|1|57	PFKE08.g360	100.000	57	0	0	1	57	1	57	2.21e-32	118
PfSN01_060022500|NTS|1|1|57	PFKE10.g267	100.000	57	0	0	1	57	1	57	2.21e-32	118
PfSN01_060022500|DBLa|1|58|454	QG0194-C.g180	100.000	397	0	0	1	397	58	454	0.0	835
PfSN01_060022500|DBLa|1|58|454	QG0194-C.g180	31.959	291	161	11	118	397	1361	1625	3.69e-27	116
PfSN01_060022500|DBLa|1|58|454	QG0194-C.g180	33.468	248	131	10	44	273	828	1059	1.93e-26	114
PfSN01_060022500|DBLa|1|58|454	PA0254-C.g274	100.000	397	0	0	1	397	58	454	0.0	835
PfSN01_060022500|DBLa|1|58|454	PA0254-C.g274	31.959	291	161	11	118	397	1361	1625	3.98e-27	116
PfSN01_060022500|DBLa|1|58|454	PA0254-C.g274	33.468	248	131	10	44	273	828	1059	1.96e-26	114
PfSN01_060022500|DBLa|1|58|454	PF0417-C.g144	100.000	397	0	0	1	397	58	454	0.0	835
PfSN01_060022500|DBLa|1|58|454	PF0417-C.g144	31.959	291	161	11	118	397	1361	1625	3.98e-27	116
PfSN01_060022500|DBLa|1|58|454	PF0417-C.g144	33.468	248	131	10	44	273	828	1059	1.96e-26	114
PfSN01_060022500|DBLa|1|58|454	PFKE08.g360	100.000	397	0	0	1	397	58	454	0.0	835
PfSN01_060022500|DBLa|1|58|454	PFKE08.g360	31.959	291	161	11	118	397	1361	1625	4.09e-27	116
PfSN01_060022500|DBLa|1|58|454	PFKE08.g360	33.468	248	131	10	44	273	828	1059	1.98e-26	114
PfSN01_060022500|DBLa|1|58|454	PFKE10.g267	100.000	397	0	0	1	397	58	454	0.0	835
PfSN01_060022500|DBLa|1|58|454	PFKE10.g267	31.959	291	161	11	118	397	1361	1625	4.09e-27	116
PfSN01_060022500|DBLa|1|58|454	PFKE10.g267	33.468	248	131	10	44	273	828	1059	1.98e-26	114
PfSN01_060022500|CIDRa|1|455|708	PM0144-C.g67	100.000	254	0	0	1	254	455	708	7.16e-176	522
PfSN01_060022500|CIDRa|1|455|708	PF0206-C.g348	100.000	254	0	0	1	254	99	352	7.45e-173	520
PfSN01_060022500|CIDRa|1|455|708	PF0206-C.g348	25.292	257	172	8	1	248	1270	1515	8.23e-13	70.1
PfSN01_060022500|CIDRa|1|455|708	PM0156-C.g245	100.000	254	0	0	1	254	455	708	5.28e-171	520
PfSN01_060022500|CIDRa|1|455|708	PM0156-C.g245	25.292	257	172	8	1	248	1626	1871	8.80e-13	70.1
PfSN01_060022500|CIDRa|1|455|708	PA0203-C.g487	100.000	254	0	0	1	254	455	708	6.42e-171	520
PfSN01_060022500|CIDRa|1|455|708	PA0203-C.g487	25.292	257	172	8	1	248	1626	1871	5.83e-13	70.5
PfSN01_060022500|CIDRa|1|455|708	QG0271-C.g211	100.000	254	0	0	1	254	455	708	7.10e-171	520
PfSN01_060022500|CIDRa|1|455|708	QG0271-C.g211	25.292	257	172	8	1	248	1626	1871	5.94e-13	70.5
PfSN01_060022500|DBLb|1|728|1204	QG0194-C.g180	100.000	477	0	0	1	477	728	1204	0.0	1000
PfSN01_060022500|DBLb|1|728|1204	QG0194-C.g180	29.851	335	186	13	21	332	22	330	4.09e-26	115
PfSN01_060022500|DBLb|1|728|1204	QG0194-C.g180	24.224	322	164	12	112	376	1269	1567	3.17e-12	71.6
PfSN01_060022500|DBLb|1|728|1204	PA0254-C.g274	100.000	477	0	0	1	477	728	1204	0.0	1000
PfSN01_060022500|DBLb|1|728|1204	PA0254-C.g274	29.851	335	186	13	21	332	22	330	4.24e-26	115
PfSN01_060022500|DBLb|1|728|1204	PA0254-C.g274	24.845	322	162	12	112	376	1269	1567	3.17e-12	71.6
PfSN01_060022500|DBLb|1|728|1204	PFKE08.g360	100.000	477	0	0	1	477	728	1204	0.0	1000
PfSN01_060022500|DBLb|1|728|1204	PFKE08.g360	29.851	335	186	13	21	332	22	330	4.01e-26	115
PfSN01_060022500|DBLb|1|728|1204	PFKE08.g360	24.845	322	162	12	112	376	1269	1567	3.22e-12	71.6
PfSN01_060022500|DBLb|1|728|1204	PFKE10.g267	100.000	477	0	0	1	477	728	1204	0.0	1000
PfSN01_060022500|DBLb|1|728|1204	PFKE10.g267	29.851	335	186	13	21	332	22	330	4.01e-26	115
PfSN01_060022500|DBLb|1|728|1204	PFKE10.g267	24.845	322	162	12	112	376	1269	1567	3.22e-12	71.6
PfSN01_060022500|DBLb|1|728|1204	PfKE02.g256	100.000	477	0	0	1	477	728	1204	0.0	1000
PfSN01_060022500|DBLb|1|728|1204	PfKE02.g256	29.851	335	186	13	21	332	22	330	4.01e-26	115
PfSN01_060022500|DBLb|1|728|1204	PfKE02.g256	24.845	322	162	12	112	376	1269	1567	3.22e-12	71.6
PfSN01_060022500|DBLd|1|1221|1625	QG0194-C.g180	100.000	405	0	0	1	405	1221	1625	0.0	850
PfSN01_060022500|DBLd|1|1221|1625	QG0194-C.g180	31.633	294	164	11	138	405	172	454	4.58e-26	113
PfSN01_060022500|DBLd|1|1221|1625	QG0194-C.g180	23.101	316	175	11	49	347	839	1103	5.21e-13	73.6
PfSN01_060022500|DBLd|1|1221|1625	PA0237-C.g203	100.000	405	0	0	1	405	238	642	0.0	850
PfSN01_060022500|DBLd|1|1221|1625	PA0254-C.g274	100.000	405	0	0	1	405	1221	1625	0.0	850
PfSN01_060022500|DBLd|1|1221|1625	PA0254-C.g274	31.633	294	164	11	138	405	172	454	5.16e-26	113
PfSN01_060022500|DBLd|1|1221|1625	PA0254-C.g274	23.101	316	175	11	49	347	839	1103	5.07e-13	73.6
PfSN01_060022500|DBLd|1|1221|1625	PF0417-C.g144	100.000	405	0	0	1	405	1221	1625	0.0	850
PfSN01_060022500|DBLd|1|1221|1625	PF0417-C.g144	31.633	294	164	11	138	405	172	454	5.21e-26	113
PfSN01_060022500|DBLd|1|1221|1625	PF0417-C.g144	23.101	316	175	11	49	347	839	1103	5.35e-13	73.6
PfSN01_060022500|DBLd|1|1221|1625	PFKE08.g360	100.000	405	0	0	1	405	1221	1625	0.0	850
PfSN01_060022500|DBLd|1|1221|1625	PFKE08.g360	31.633	294	164	11	138	405	172	454	5.02e-26	113
PfSN01_060022500|DBLd|1|1221|1625	PFKE08.g360	23.101	316	175	11	49	347	839	1103	5.25e-13	73.6
PfSN01_060022500|CIDRb|1|1626|1878	PA0237-C.g203	100.000	253	0	0	1	253	643	895	8.73e-176	521
PfSN01_060022500|CIDRb|1|1626|1878	PM0073-C.g344	100.000	253	0	0	1	253	1004	1256	6.49e-175	520
PfSN01_060022500|CIDRb|1|1626|1878	QG0280-C.g611	100.000	253	0	0	1	253	1080	1332	2.21e-174	520
PfSN01_060022500|CIDRb|1|1626|1878	PA0022-C.g374	100.000	253	0	0	1	253	964	1216	1.85e-173	522
PfSN01_060022500|CIDRb|1|1626|1878	PF0206-C.g348	100.000	253	0	0	1	253	1270	1522	3.10e-173	520
PfSN01_060022500|CIDRb|1|1626|1878	PF0206-C.g348	24.903	257	173	6	1	246	99	346	3.58e-11	65.1
PfSN01_060022500|ATS|1|1989|2354	PFKE01.g195	99.727	366	1	0	1	366	2457	2822	0.0	751
PfSN01_060022500|ATS|1|1989|2354	PC0104-C.g333	99.727	366	1	0	1	366	2355	2720	0.0	751
PfSN01_060022500|ATS|1|1989|2354	PA0165-C.g96	99.727	366	1	0	1	366	2407	2772	0.0	751
PfSN01_060022500|ATS|1|1989|2354	PT0008-CW.g504	99.727	366	1	0	1	366	2385	2750	0.0	750
PfSN01_060022500|ATS|1|1989|2354	PM0071-C.g509	99.727	366	1	0	1	366	2410	2775	0.0	749
PfSN01_060037800|NTS|1|1|66	PM0124-C.g704	100.000	66	0	0	1	66	7	72	2.77e-36	129
PfSN01_060037800|NTS|1|1|66	PA0084-C.g946	100.000	66	0	0	1	66	1	66	6.98e-36	128
PfSN01_060037800|NTS|1|1|66	PD0507-C.g826	100.000	66	0	0	1	66	1	66	8.73e-36	128
PfSN01_060037800|NTS|1|1|66	QG0290-C.g261	100.000	66	0	0	1	66	1	66	9.81e-36	128
PfSN01_060037800|NTS|1|1|66	QG0258-C.g630	100.000	66	0	0	1	66	1	66	9.81e-36	128
PfSN01_060037800|DBLa|1|74|457	PD0507-C.g826	100.000	384	0	0	1	384	74	457	0.0	800
PfSN01_060037800|DBLa|1|74|457	PD0507-C.g826	33.478	230	136	6	171	384	1310	1538	6.68e-25	109
PfSN01_060037800|DBLa|1|74|457	PD0507-C.g826	25.455	330	201	10	42	356	2229	2528	4.20e-18	89.0
PfSN01_060037800|DBLa|1|74|457	PD0507-C.g826	26.959	319	146	15	28	314	764	1027	2.22e-17	86.7
PfSN01_060037800|DBLa|1|74|457	PD0507-C.g826	23.571	280	159	10	51	329	2595	2820	2.59e-13	74.3
PfSN01_060037800|DBLa|1|74|457	PD0507-C.g826	24.631	203	123	5	58	255	1883	2060	9.89e-11	66.2
PfSN01_060037800|DBLa|1|74|457	PA0040-C.g387	100.000	384	0	0	1	384	74	457	0.0	799
PfSN01_060037800|DBLa|1|74|457	PA0040-C.g387	33.478	230	136	6	171	384	1310	1538	6.20e-25	109
PfSN01_060037800|DBLa|1|74|457	PA0040-C.g387	26.959	319	146	15	28	314	764	1027	3.85e-17	85.9
PfSN01_060037800|DBLa|1|74|457	QG0290-C.g261	100.000	384	0	0	1	384	74	457	0.0	798
PfSN01_060037800|DBLa|1|74|457	QG0290-C.g261	33.478	230	136	6	171	384	1310	1538	8.87e-25	108
PfSN01_060037800|DBLa|1|74|457	QG0290-C.g261	25.455	330	201	10	42	356	2229	2528	3.86e-18	89.0
PfSN01_060037800|DBLa|1|74|457	QG0290-C.g261	26.959	319	146	15	28	314	764	1027	2.90e-17	86.3
PfSN01_060037800|DBLa|1|74|457	QG0290-C.g261	23.571	280	159	10	51	329	2595	2820	2.56e-13	74.3
PfSN01_060037800|DBLa|1|74|457	QG0290-C.g261	24.631	203	123	5	58	255	1883	2060	9.45e-11	66.2
PfSN01_060037800|DBLa|1|74|457	QG0258-C.g630	100.000	384	0	0	1	384	74	457	0.0	798
PfSN01_060037800|DBLa|1|74|457	QG0258-C.g630	33.478	230	136	6	171	384	1310	1538	8.87e-25	108
PfSN01_060037800|DBLa|1|74|457	QG0258-C.g630	25.455	330	201	10	42	356	2229	2528	3.86e-18	89.0
PfSN01_060037800|DBLa|1|74|457	QG0258-C.g630	26.959	319	146	15	28	314	764	1027	2.90e-17	86.3
PfSN01_060037800|DBLa|1|74|457	QG0258-C.g630	23.571	280	159	10	51	329	2595	2820	2.56e-13	74.3
PfSN01_060037800|DBLa|1|74|457	QG0258-C.g630	24.631	203	123	5	58	255	1883	2060	9.45e-11	66.2
PfSN01_060037800|DBLa|1|74|457	QG0209-C.g65	100.000	384	0	0	1	384	74	457	0.0	798
PfSN01_060037800|DBLa|1|74|457	QG0209-C.g65	33.478	230	136	6	171	384	1310	1538	8.87e-25	108
PfSN01_060037800|DBLa|1|74|457	QG0209-C.g65	25.455	330	201	10	42	356	2229	2528	3.86e-18	89.0
PfSN01_060037800|DBLa|1|74|457	QG0209-C.g65	26.959	319	146	15	28	314	764	1027	2.90e-17	86.3
PfSN01_060037800|DBLa|1|74|457	QG0209-C.g65	23.571	280	159	10	51	329	2595	2820	2.56e-13	74.3
PfSN01_060037800|DBLa|1|74|457	QG0209-C.g65	24.631	203	123	5	58	255	1883	2060	9.45e-11	66.2
PfSN01_060037800|CIDRb|1|458|711	PH0915-C.g267	100.000	254	0	0	1	254	212	465	3.43e-173	510
PfSN01_060037800|CIDRb|1|458|711	PA0040-C.g387	100.000	254	0	0	1	254	458	711	7.61e-171	513
PfSN01_060037800|CIDRb|1|458|711	PH0500-CW.g533	100.000	254	0	0	1	254	458	711	5.68e-170	512
PfSN01_060037800|CIDRb|1|458|711	PM0103-C.g236	99.606	254	1	0	1	254	459	712	5.42e-168	512
PfSN01_060037800|CIDRb|1|458|711	PM0103-C.g236	29.075	227	153	5	32	254	1568	1790	5.64e-22	97.1
PfSN01_060037800|CIDRb|1|458|711	PD0507-C.g826	100.000	254	0	0	1	254	458	711	1.18e-167	515
PfSN01_060037800|CIDRb|1|458|711	PD0507-C.g826	26.820	261	147	8	1	246	1539	1770	9.90e-17	81.6
PfSN01_060037800|DBLg|1|744|1102	PD0496-C.g417	100.000	359	0	0	1	359	747	1105	0.0	746
PfSN01_060037800|DBLg|1|744|1102	PD0496-C.g417	34.114	299	131	12	1	246	1125	1410	6.84e-40	152
PfSN01_060037800|DBLg|1|744|1102	PD0496-C.g417	26.994	326	191	14	45	359	1883	2172	1.04e-20	96.3
PfSN01_060037800|DBLg|1|744|1102	PD0496-C.g417	27.000	300	153	12	42	325	2249	2498	3.63e-19	91.7
PfSN01_060037800|DBLg|1|744|1102	PD0496-C.g417	28.879	232	106	11	43	246	130	330	7.51e-15	78.6
PfSN01_060037800|DBLg|1|744|1102	PD0507-C.g826	100.000	359	0	0	1	359	744	1102	0.0	746
PfSN01_060037800|DBLg|1|744|1102	PD0507-C.g826	36.897	290	138	13	1	249	1122	1407	3.67e-38	147
PfSN01_060037800|DBLg|1|744|1102	PD0507-C.g826	29.310	290	162	9	12	288	1845	2104	2.31e-21	98.2
PfSN01_060037800|DBLg|1|744|1102	PD0507-C.g826	25.392	319	184	12	42	350	2597	2871	1.02e-17	87.4
PfSN01_060037800|DBLg|1|744|1102	PD0507-C.g826	28.516	256	124	12	21	246	101	327	9.81e-15	78.2
PfSN01_060037800|DBLg|1|744|1102	PD0507-C.g826	22.419	339	198	12	42	347	2239	2545	2.87e-10	64.3
PfSN01_060037800|DBLg|1|744|1102	PA0040-C.g387	100.000	359	0	0	1	359	744	1102	0.0	746
PfSN01_060037800|DBLg|1|744|1102	PA0040-C.g387	37.363	273	126	13	1	232	1122	1390	3.49e-38	147
PfSN01_060037800|DBLg|1|744|1102	PA0040-C.g387	28.516	256	124	12	21	246	101	327	8.33e-15	78.2
PfSN01_060037800|DBLg|1|744|1102	PH0500-CW.g533	100.000	359	0	0	1	359	744	1102	0.0	745
PfSN01_060037800|DBLg|1|744|1102	PH0500-CW.g533	37.363	273	126	13	1	232	1122	1390	3.12e-38	147
PfSN01_060037800|DBLg|1|744|1102	PH0500-CW.g533	28.516	256	124	12	21	246	101	327	8.41e-15	78.2
PfSN01_060037800|DBLg|1|744|1102	QG0290-C.g261	100.000	359	0	0	1	359	744	1102	0.0	744
PfSN01_060037800|DBLg|1|744|1102	QG0290-C.g261	37.363	273	126	13	1	232	1122	1390	4.77e-38	147
PfSN01_060037800|DBLg|1|744|1102	QG0290-C.g261	29.310	290	162	9	12	288	1845	2104	3.01e-21	97.8
PfSN01_060037800|DBLg|1|744|1102	QG0290-C.g261	25.392	319	184	12	42	350	2597	2871	8.80e-18	87.4
PfSN01_060037800|DBLg|1|744|1102	QG0290-C.g261	28.516	256	124	12	21	246	101	327	1.36e-14	77.8
PfSN01_060037800|DBLg|1|744|1102	QG0290-C.g261	22.419	339	198	12	42	347	2239	2545	3.95e-10	63.9
PfSN01_060037800|DBLd|1|1122|1538	PT0066-C.g97	100.000	417	0	0	1	417	1128	1544	0.0	860
PfSN01_060037800|DBLd|1|1122|1538	PT0066-C.g97	33.910	289	148	10	1	286	750	998	1.52e-40	156
PfSN01_060037800|DBLd|1|1122|1538	PT0066-C.g97	33.624	229	138	5	189	417	249	463	2.80e-28	120
PfSN01_060037800|DBLd|1|1122|1538	PT0066-C.g97	20.787	356	178	13	33	364	1854	2129	1.10e-08	60.1
PfSN01_060037800|DBLd|1|1122|1538	PT0066-C.g97	24.306	144	96	3	148	285	2293	2429	2.75e-08	58.9
PfSN01_060037800|DBLd|1|1122|1538	PT0066-C.g97	20.717	251	137	6	141	391	2642	2830	5.42e-08	57.8
PfSN01_060037800|DBLd|1|1122|1538	PD0507-C.g826	100.000	417	0	0	1	417	1122	1538	0.0	859
PfSN01_060037800|DBLd|1|1122|1538	PD0507-C.g826	36.897	290	138	13	1	286	744	992	3.36e-42	161
PfSN01_060037800|DBLd|1|1122|1538	PD0507-C.g826	33.913	230	135	6	189	417	244	457	5.35e-27	116
PfSN01_060037800|DBLd|1|1122|1538	PD0507-C.g826	24.306	144	96	3	148	285	2302	2438	2.66e-08	58.9
PfSN01_060037800|DBLd|1|1122|1538	PD0507-C.g826	20.717	251	137	6	141	391	2651	2839	5.37e-08	57.8
PfSN01_060037800|DBLd|1|1122|1538	PD0507-C.g826	20.506	356	179	13	33	364	1863	2138	1.14e-07	56.6
PfSN01_060037800|DBLd|1|1122|1538	PA0040-C.g387	100.000	417	0	0	1	417	1122	1538	0.0	858
PfSN01_060037800|DBLd|1|1122|1538	PA0040-C.g387	36.897	290	138	13	1	286	744	992	3.59e-42	161
PfSN01_060037800|DBLd|1|1122|1538	PA0040-C.g387	33.913	230	135	6	189	417	244	457	6.53e-27	115
PfSN01_060037800|DBLd|1|1122|1538	PH0500-CW.g533	100.000	417	0	0	1	417	1122	1538	0.0	858
PfSN01_060037800|DBLd|1|1122|1538	PH0500-CW.g533	36.897	290	138	13	1	286	744	992	3.54e-42	161
PfSN01_060037800|DBLd|1|1122|1538	PH0500-CW.g533	33.913	230	135	6	189	417	244	457	7.96e-27	115
PfSN01_060037800|DBLd|1|1122|1538	PA0137-C.g169	100.000	417	0	0	1	417	1122	1538	0.0	857
PfSN01_060037800|DBLd|1|1122|1538	PA0137-C.g169	36.897	290	138	13	1	286	744	992	4.15e-42	161
PfSN01_060037800|DBLd|1|1122|1538	PA0137-C.g169	33.913	230	135	6	189	417	244	457	9.18e-27	115
PfSN01_060037800|DBLd|1|1122|1538	PA0137-C.g169	24.306	144	96	3	148	285	2302	2438	2.34e-08	58.9
PfSN01_060037800|DBLd|1|1122|1538	PA0137-C.g169	20.506	356	179	13	33	364	1863	2138	1.41e-07	56.6
PfSN01_060037800|CIDRg|1|1539|1777	PH0500-CW.g344	100.000	239	0	0	1	239	30	268	1.25e-163	490
PfSN01_060037800|CIDRg|1|1539|1777	PA0039-C.g664	100.000	239	0	0	1	239	332	570	1.89e-161	489
PfSN01_060037800|CIDRg|1|1539|1777	PM0073-C.g494	100.000	239	0	0	1	239	635	873	2.62e-160	489
PfSN01_060037800|CIDRg|1|1539|1777	PA0092-C.g421	100.000	239	0	0	1	239	577	815	3.02e-160	489
PfSN01_060037800|CIDRg|1|1539|1777	PA0040-C.g518	100.000	239	0	0	1	239	2143	2381	1.18e-159	491
PfSN01_060037800|DBLe|1|1808|2155	PA0040-C.g518	100.000	348	0	0	1	348	2412	2759	0.0	724
PfSN01_060037800|DBLe|1|1808|2155	PA0040-C.g518	28.378	296	181	12	26	315	3158	3428	1.46e-20	95.5
PfSN01_060037800|DBLe|1|1808|2155	PA0040-C.g518	30.542	203	115	6	72	253	2844	3041	1.59e-19	92.4
PfSN01_060037800|DBLe|1|1808|2155	PA0040-C.g518	28.155	309	165	13	26	286	883	1182	1.46e-17	86.7
PfSN01_060037800|DBLe|1|1808|2155	PA0040-C.g518	26.690	281	148	11	77	300	118	397	6.31e-12	69.3
PfSN01_060037800|DBLe|1|1808|2155	PA0040-C.g518	23.273	275	160	10	74	302	1362	1631	2.15e-10	64.7
PfSN01_060037800|DBLe|1|1808|2155	PA0040-C.g518	20.475	337	165	12	74	331	1777	2089	8.85e-07	53.5
PfSN01_060037800|DBLe|1|1808|2155	PA0137-C.g169	100.000	348	0	0	1	348	1808	2155	0.0	723
PfSN01_060037800|DBLe|1|1808|2155	PA0137-C.g169	29.167	264	147	8	64	297	778	1031	1.17e-21	99.0
PfSN01_060037800|DBLe|1|1808|2155	PA0137-C.g169	30.542	203	115	6	72	253	2240	2437	1.59e-19	92.4
PfSN01_060037800|DBLe|1|1808|2155	PA0137-C.g169	24.631	203	123	5	76	253	131	328	4.76e-10	63.5
PfSN01_060037800|DBLe|1|1808|2155	PA0137-C.g169	29.143	175	103	6	26	195	2554	2712	1.90e-08	58.5
PfSN01_060037800|DBLe|1|1808|2155	PA0137-C.g169	20.506	356	179	13	56	331	1154	1485	6.52e-07	53.9
PfSN01_060037800|DBLe|1|1808|2155	PM0124-C.g167	100.000	348	0	0	1	348	1814	2161	0.0	723
PfSN01_060037800|DBLe|1|1808|2155	PM0124-C.g167	29.167	264	147	8	64	297	784	1037	1.28e-21	98.6
PfSN01_060037800|DBLe|1|1808|2155	PM0124-C.g167	30.542	203	115	6	72	253	2246	2443	1.64e-19	92.4
PfSN01_060037800|DBLe|1|1808|2155	PM0124-C.g167	28.095	210	124	9	26	230	2560	2747	1.33e-10	65.5
PfSN01_060037800|DBLe|1|1808|2155	PM0124-C.g167	24.631	203	123	5	76	253	137	334	4.63e-10	63.5
PfSN01_060037800|DBLe|1|1808|2155	PM0124-C.g167	20.506	356	179	13	56	331	1160	1491	7.91e-07	53.5
PfSN01_060037800|DBLe|1|1808|2155	PD0507-C.g826	100.000	348	0	0	1	348	1808	2155	0.0	722
PfSN01_060037800|DBLe|1|1808|2155	PD0507-C.g826	29.167	264	147	8	64	297	778	1031	1.25e-21	99.0
PfSN01_060037800|DBLe|1|1808|2155	PD0507-C.g826	28.378	296	181	12	26	315	2554	2824	1.77e-20	95.5
PfSN01_060037800|DBLe|1|1808|2155	PD0507-C.g826	30.542	203	115	6	72	253	2240	2437	1.78e-19	92.4
PfSN01_060037800|DBLe|1|1808|2155	PD0507-C.g826	24.631	203	123	5	76	253	131	328	5.37e-10	63.5
PfSN01_060037800|DBLe|1|1808|2155	PD0507-C.g826	20.506	356	179	13	56	331	1154	1485	6.49e-07	53.9
PfSN01_060037800|DBLe|1|1808|2155	QG0290-C.g261	100.000	348	0	0	1	348	1808	2155	0.0	722
PfSN01_060037800|DBLe|1|1808|2155	QG0290-C.g261	29.167	264	147	8	64	297	778	1031	1.36e-21	98.6
PfSN01_060037800|DBLe|1|1808|2155	QG0290-C.g261	28.378	296	181	12	26	315	2554	2824	1.79e-20	95.5
PfSN01_060037800|DBLe|1|1808|2155	QG0290-C.g261	30.542	203	115	6	72	253	2240	2437	1.71e-19	92.4
PfSN01_060037800|DBLe|1|1808|2155	QG0290-C.g261	24.631	203	123	5	76	253	131	328	4.74e-10	63.5
PfSN01_060037800|DBLe|1|1808|2155	QG0290-C.g261	20.506	356	179	13	56	331	1154	1485	8.83e-07	53.5
PfSN01_060037800|DBLe|2|2181|2511	PT0066-C.g97	100.000	331	0	0	1	331	2172	2502	0.0	691
PfSN01_060037800|DBLe|2|2181|2511	PT0066-C.g97	28.870	239	133	7	22	258	2553	2756	1.83e-25	109
PfSN01_060037800|DBLe|2|2181|2511	PT0066-C.g97	30.348	201	114	6	62	257	1872	2051	8.62e-19	90.1
PfSN01_060037800|DBLe|2|2181|2511	PT0066-C.g97	25.448	279	172	6	59	308	129	400	3.57e-14	75.9
PfSN01_060037800|DBLe|2|2181|2511	PT0066-C.g97	23.208	293	173	10	59	325	791	1057	2.20e-11	67.4
PfSN01_060037800|DBLe|2|2181|2511	PT0066-C.g97	24.306	144	96	3	122	258	1275	1412	2.88e-07	54.7
PfSN01_060037800|DBLe|2|2181|2511	PD0507-C.g826	100.000	331	0	0	1	331	2181	2511	0.0	691
PfSN01_060037800|DBLe|2|2181|2511	PD0507-C.g826	28.870	239	133	7	22	258	2562	2765	1.84e-25	109
PfSN01_060037800|DBLe|2|2181|2511	PD0507-C.g826	30.846	201	113	6	62	257	1881	2060	1.92e-19	92.0
PfSN01_060037800|DBLe|2|2181|2511	PD0507-C.g826	26.207	290	174	9	49	308	115	394	1.87e-13	73.9
PfSN01_060037800|DBLe|2|2181|2511	PD0507-C.g826	22.867	293	174	10	59	325	785	1051	3.64e-10	63.9
PfSN01_060037800|DBLe|2|2181|2511	PD0507-C.g826	23.944	142	99	2	122	258	1269	1406	3.09e-07	54.7
PfSN01_060037800|DBLe|2|2181|2511	PA0040-C.g518	100.000	331	0	0	1	331	2785	3115	0.0	691
PfSN01_060037800|DBLe|2|2181|2511	PA0040-C.g518	28.870	239	133	7	22	258	3166	3369	3.50e-25	108
PfSN01_060037800|DBLe|2|2181|2511	PA0040-C.g518	30.542	203	115	6	60	257	2483	2664	3.12e-19	91.3
PfSN01_060037800|DBLe|2|2181|2511	PA0040-C.g518	24.567	289	160	8	53	301	919	1189	8.27e-13	72.0
PfSN01_060037800|DBLe|2|2181|2511	PA0040-C.g518	24.885	217	132	7	53	245	1353	1562	1.49e-10	65.1
PfSN01_060037800|DBLe|2|2181|2511	PA0040-C.g518	24.380	242	139	7	50	261	103	330	1.11e-09	62.4
PfSN01_060037800|DBLe|2|2181|2511	PA0040-C.g518	24.306	144	96	3	122	258	1873	2010	3.67e-07	54.3
PfSN01_060037800|DBLe|2|2181|2511	QG0290-C.g261	100.000	331	0	0	1	331	2181	2511	0.0	690
PfSN01_060037800|DBLe|2|2181|2511	QG0290-C.g261	28.870	239	133	7	22	258	2562	2765	2.51e-25	109
PfSN01_060037800|DBLe|2|2181|2511	QG0290-C.g261	30.542	203	115	6	60	257	1879	2060	2.22e-19	91.7
PfSN01_060037800|DBLe|2|2181|2511	QG0290-C.g261	26.207	290	174	9	49	308	115	394	1.31e-13	74.3
PfSN01_060037800|DBLe|2|2181|2511	QG0290-C.g261	22.867	293	174	10	59	325	785	1051	3.13e-10	63.9
PfSN01_060037800|DBLe|2|2181|2511	QG0290-C.g261	24.306	144	96	3	122	258	1269	1406	3.01e-07	54.7
PfSN01_060037800|DBLe|2|2181|2511	QG0258-C.g630	100.000	331	0	0	1	331	2181	2511	0.0	690
PfSN01_060037800|DBLe|2|2181|2511	QG0258-C.g630	28.870	239	133	7	22	258	2562	2765	2.51e-25	109
PfSN01_060037800|DBLe|2|2181|2511	QG0258-C.g630	30.542	203	115	6	60	257	1879	2060	2.22e-19	91.7
PfSN01_060037800|DBLe|2|2181|2511	QG0258-C.g630	26.207	290	174	9	49	308	115	394	1.31e-13	74.3
PfSN01_060037800|DBLe|2|2181|2511	QG0258-C.g630	22.867	293	174	10	59	325	785	1051	3.13e-10	63.9
PfSN01_060037800|DBLe|2|2181|2511	QG0258-C.g630	24.306	144	96	3	122	258	1269	1406	3.01e-07	54.7
PfSN01_060037800|DBLe|3|2554|2855	PA0040-C.g518	100.000	302	0	0	1	302	3158	3459	0.0	630
PfSN01_060037800|DBLe|3|2554|2855	PA0040-C.g518	28.870	239	133	7	9	212	2806	3042	6.28e-26	110
PfSN01_060037800|DBLe|3|2554|2855	PA0040-C.g518	28.378	296	181	12	1	271	2437	2726	1.10e-20	94.7
PfSN01_060037800|DBLe|3|2554|2855	PA0040-C.g518	24.731	279	152	10	30	252	913	1189	1.61e-16	82.4
PfSN01_060037800|DBLe|3|2554|2855	PA0040-C.g518	22.260	292	169	9	30	266	1346	1634	2.87e-13	72.8
PfSN01_060037800|DBLe|3|2554|2855	PA0040-C.g518	22.697	304	159	10	35	266	103	402	2.26e-12	70.1
PfSN01_060037800|DBLe|3|2554|2855	PA0040-C.g518	22.321	224	124	6	88	262	1857	2079	3.16e-07	54.3
PfSN01_060037800|DBLe|3|2554|2855	PT0066-C.g97	100.000	302	0	0	1	302	2545	2846	0.0	630
PfSN01_060037800|DBLe|3|2554|2855	PT0066-C.g97	28.870	239	133	7	9	212	2193	2429	6.94e-26	110
PfSN01_060037800|DBLe|3|2554|2855	PT0066-C.g97	28.716	296	180	12	1	271	1824	2113	6.62e-22	98.6
PfSN01_060037800|DBLe|3|2554|2855	PT0066-C.g97	24.667	300	163	12	43	301	790	1067	6.46e-16	80.5
PfSN01_060037800|DBLe|3|2554|2855	PT0066-C.g97	24.286	280	156	8	44	267	129	408	5.03e-12	68.9
PfSN01_060037800|DBLe|3|2554|2855	PT0066-C.g97	22.321	224	124	6	88	262	1259	1481	4.01e-07	53.9
PfSN01_060037800|DBLe|3|2554|2855	PD0507-C.g826	100.000	302	0	0	1	302	2554	2855	0.0	630
PfSN01_060037800|DBLe|3|2554|2855	PD0507-C.g826	28.870	239	133	7	9	212	2202	2438	8.47e-26	109
PfSN01_060037800|DBLe|3|2554|2855	PD0507-C.g826	28.378	296	181	12	1	271	1833	2122	1.21e-20	94.7
PfSN01_060037800|DBLe|3|2554|2855	PD0507-C.g826	24.749	299	164	10	43	301	784	1061	9.21e-17	83.2
PfSN01_060037800|DBLe|3|2554|2855	PD0507-C.g826	23.571	280	159	10	42	267	124	402	2.02e-11	67.0
PfSN01_060037800|DBLe|3|2554|2855	PD0507-C.g826	22.321	224	124	6	88	262	1253	1475	4.54e-07	53.9
PfSN01_060037800|DBLe|3|2554|2855	PT0021-CW.g424	100.000	302	0	0	1	302	1943	2244	0.0	629
PfSN01_060037800|DBLe|3|2554|2855	PT0021-CW.g424	28.870	239	133	7	9	212	1591	1827	7.25e-26	110
PfSN01_060037800|DBLe|3|2554|2855	PT0021-CW.g424	24.918	305	171	11	19	271	1213	1511	2.89e-15	78.6
PfSN01_060037800|DBLe|3|2554|2855	PT0021-CW.g424	25.806	279	156	13	35	267	794	1067	2.78e-13	72.8
PfSN01_060037800|DBLe|3|2554|2855	PT0021-CW.g424	24.551	334	178	10	7	270	88	417	2.44e-10	63.9
PfSN01_060037800|DBLe|3|2554|2855	PM0086-C.g997	100.000	302	0	0	1	302	2554	2855	0.0	629
PfSN01_060037800|DBLe|3|2554|2855	PM0086-C.g997	28.870	239	133	7	9	212	2202	2438	7.34e-26	110
PfSN01_060037800|DBLe|3|2554|2855	PM0086-C.g997	28.378	296	181	12	1	271	1833	2122	1.02e-20	94.7
PfSN01_060037800|DBLe|3|2554|2855	PM0086-C.g997	25.418	299	162	11	43	301	784	1061	8.39e-17	83.2
PfSN01_060037800|DBLe|3|2554|2855	PM0086-C.g997	23.571	280	159	10	42	267	124	402	1.88e-11	67.4
PfSN01_060037800|DBLe|3|2554|2855	PM0086-C.g997	22.321	224	124	6	88	262	1253	1475	3.74e-07	53.9
PfSN01_060037800|ATS|1|2909|3349	PD0507-C.g826	100.000	441	0	0	1	441	2909	3349	0.0	906
PfSN01_060037800|ATS|1|2909|3349	PF0513-C.g5231	87.104	442	36	3	1	441	2388	2809	0.0	775
PfSN01_060037800|ATS|1|2909|3349	PfKE02.g50	83.445	447	67	5	2	441	2566	3012	0.0	755
PfSN01_060037800|ATS|1|2909|3349	PF0489-C.g117	83.521	443	69	3	2	441	2945	3386	0.0	749
PfSN01_060037800|ATS|1|2909|3349	QE0475-C.g490	85.135	444	56	5	2	441	1573	2010	0.0	748
PfSN01_060037900|NTS|1|1|58	PF0609-C.g5545	72.131	61	14	1	1	58	1	61	1.03e-20	85.1
PfSN01_060037900|NTS|1|1|58	PV0195-C.g97	71.930	57	16	0	2	58	6	62	3.05e-19	80.9
PfSN01_060037900|NTS|1|1|58	PH0495-CW.g561	71.930	57	16	0	2	58	6	62	3.30e-19	80.9
PfSN01_060037900|NTS|1|1|58	PH0248-C.g352	71.930	57	16	0	2	58	6	62	3.30e-19	80.9
PfSN01_060037900|NTS|1|1|58	PH0117-C.g11	71.930	57	16	0	2	58	6	62	3.30e-19	80.9
PfSN01_060037900|DBLa|1|59|488	PA0134-C.g1015	71.628	430	107	8	8	430	76	497	0.0	590
PfSN01_060037900|DBLa|1|59|488	PA0134-C.g1015	22.727	484	249	21	36	430	935	1382	2.77e-13	74.7
PfSN01_060037900|DBLa|1|59|488	PM0020-C.g62	65.870	460	114	10	1	430	64	510	0.0	560
PfSN01_060037900|DBLa|1|59|488	PV0276-C.g122	65.287	435	130	8	11	430	72	500	0.0	548
PfSN01_060037900|DBLa|1|59|488	PV0246-C.g91	65.287	435	130	8	11	430	72	500	0.0	548
PfSN01_060037900|DBLa|1|59|488	PD0562-C.g731	61.369	453	148	7	1	430	71	519	3.81e-180	533
PfSN01_060037900|DBLa|1|59|488	PD0562-C.g731	30.864	162	87	5	52	190	935	1094	3.58e-13	73.9
PfSN01_060037900|CIDRa|1|489|768	PA0134-C.g1015	81.455	275	41	3	1	273	498	764	2.07e-144	446
PfSN01_060037900|CIDRa|1|489|768	PF0725-C.g594	66.197	284	85	4	1	279	509	786	7.78e-120	379
PfSN01_060037900|CIDRa|1|489|768	PC0065-C.g3618	68.421	285	78	2	1	273	506	790	6.43e-117	370
PfSN01_060037900|CIDRa|1|489|768	PV0276-C.g122	65.836	281	76	7	1	279	501	763	5.09e-116	358
PfSN01_060037900|CIDRa|1|489|768	PV0246-C.g91	65.836	281	76	7	1	279	501	763	1.05e-115	358
PfSN01_060037900|DBLd|1|865|1399	PA0101-C.g377	62.700	563	148	16	1	535	88	616	0.0	647
PfSN01_060037900|DBLd|1|865|1399	PA0020-C.g374	62.700	563	148	16	1	535	87	615	0.0	647
PfSN01_060037900|DBLd|1|865|1399	PA0016-C.g462	62.700	563	148	16	1	535	88	616	0.0	647
PfSN01_060037900|DBLd|1|865|1399	PM0133-C.g670	62.545	558	129	17	1	535	667	1167	0.0	635
PfSN01_060037900|DBLd|1|865|1399	SenT013.11.g794	62.545	558	129	17	1	535	169	669	0.0	635
PfSN01_060037900|CIDRb|1|1400|1659	PM0058-C.g560	74.400	250	64	0	1	250	1428	1677	6.78e-123	386
PfSN01_060037900|CIDRb|1|1400|1659	PA0204-C.g681	74.400	250	64	0	1	250	1422	1671	7.59e-123	386
PfSN01_060037900|CIDRb|1|1400|1659	PA0137-C.g711	56.031	257	108	2	5	260	1351	1603	7.86e-90	292
PfSN01_060037900|CIDRb|1|1400|1659	PM0159-C.g779	59.600	250	100	1	1	250	1299	1547	1.08e-89	292
PfSN01_060037900|CIDRb|1|1400|1659	PM0159-C.g779	25.258	194	128	6	19	208	521	701	4.00e-07	53.1
PfSN01_060037900|CIDRb|1|1400|1659	PM0018-C.g1126	55.686	255	112	1	1	254	596	850	6.10e-88	283
PfSN01_060037900|ATS|1|1743|2240	PV0239-C.g10	80.545	514	68	5	1	498	3361	3858	0.0	806
PfSN01_060037900|ATS|1|1743|2240	PFKE12.g465	81.532	509	64	7	1	498	1773	2262	0.0	803
PfSN01_060037900|ATS|1|1743|2240	PfKE03.g242	80.990	505	56	6	1	498	1361	1832	0.0	773
PfSN01_060037900|ATS|1|1743|2240	QE0414-C.g590	75.490	510	100	10	1	498	3404	3900	0.0	716
PfSN01_060037900|ATS|1|1743|2240	PV0229-C.g26	72.070	512	80	7	1	498	1803	2265	0.0	687
PfSN01_070005400|NTS|1|1|64	SenT084.10.g2097	100.000	64	0	0	1	64	1	64	3.64e-39	137
PfSN01_070005400|NTS|1|1|64	PT0042-C.g402	100.000	59	0	0	6	64	10	68	8.31e-36	128
PfSN01_070005400|NTS|1|1|64	PA0044-C.g567	100.000	58	0	0	7	64	10	67	1.03e-34	125
PfSN01_070005400|NTS|1|1|64	PA0041-C.g510	76.271	59	14	0	6	64	7	65	1.67e-25	99.0
PfSN01_070005400|NTS|1|1|64	PA0270-C.g372	67.647	68	18	1	1	64	1	68	3.96e-23	92.4
PfSN01_070005400|DBLa|1|65|496	SenT084.10.g2097	98.148	432	8	0	1	432	65	496	0.0	894
PfSN01_070005400|DBLa|1|65|496	SenT084.10.g2097	28.372	215	110	8	228	432	1214	1394	2.58e-10	65.1
PfSN01_070005400|DBLa|1|65|496	PA0044-C.g567	83.105	438	59	6	1	432	68	496	0.0	701
PfSN01_070005400|DBLa|1|65|496	PA0044-C.g567	22.302	278	147	8	117	337	1094	1359	1.99e-12	72.0
PfSN01_070005400|DBLa|1|65|496	PV0229-C.g61	70.682	440	108	6	1	432	64	490	0.0	614
PfSN01_070005400|DBLa|1|65|496	PV0229-C.g61	30.303	165	83	8	226	384	1239	1377	2.44e-09	62.0
PfSN01_070005400|DBLa|1|65|496	PV0128-C.g63	70.682	440	108	6	1	432	64	490	0.0	614
PfSN01_070005400|DBLa|1|65|496	PV0128-C.g63	30.303	165	83	8	226	384	1239	1377	2.41e-09	62.0
PfSN01_070005400|DBLa|1|65|496	PT0042-C.g402	67.849	451	120	9	1	432	69	513	0.0	591
PfSN01_070005400|CIDRa|1|497|787	SenT084.10.g2097	100.000	291	0	0	1	291	497	787	0.0	597
PfSN01_070005400|CIDRa|1|497|787	SenT084.10.g2097	32.500	120	69	5	92	210	1474	1582	4.71e-08	56.6
PfSN01_070005400|CIDRa|1|497|787	PH0341-C.g628	88.660	291	29	1	1	291	113	399	2.55e-171	511
PfSN01_070005400|CIDRa|1|497|787	PH0341-C.g628	33.333	87	56	2	121	207	1055	1139	1.68e-07	54.7
PfSN01_070005400|CIDRa|1|497|787	PV0285-C.g69	88.660	291	29	1	1	291	509	795	2.06e-168	512
PfSN01_070005400|CIDRa|1|497|787	PV0285-C.g69	32.039	103	66	4	121	222	1439	1538	3.51e-07	53.9
PfSN01_070005400|CIDRa|1|497|787	PC0053-C.g576	86.254	291	35	2	1	291	506	791	2.08e-161	488
PfSN01_070005400|CIDRa|1|497|787	PA0180-C.g584	80.412	291	52	2	1	291	509	794	2.90e-150	462
PfSN01_070005400|DBLd|1|871|1355	PF0058-C.g516	77.733	494	99	6	1	485	815	1306	0.0	716
PfSN01_070005400|DBLd|1|871|1355	PF0058-C.g516	30.247	162	100	4	327	475	286	447	7.61e-08	57.8
PfSN01_070005400|DBLd|1|871|1355	QG0295-C.g3526	60.571	525	142	12	1	485	482	981	2.48e-177	536
PfSN01_070005400|DBLd|1|871|1355	SenT044.10.g1116	60.571	525	142	12	1	485	786	1285	1.66e-174	535
PfSN01_070005400|DBLd|1|871|1355	PA0044-C.g573	48.122	559	183	16	1	485	876	1401	6.95e-145	457
PfSN01_070005400|DBLd|1|871|1355	PA0044-C.g573	25.373	201	111	6	322	485	319	517	2.29e-07	56.2
PfSN01_070005400|DBLd|1|871|1355	QE0429-C.g289	51.076	511	199	19	1	485	1816	2301	2.52e-138	442
PfSN01_070005400|DBLd|1|871|1355	QE0429-C.g289	31.034	87	59	1	325	410	291	377	4.29e-07	55.5
PfSN01_070005400|CIDRb|1|1356|1610	QG0261-C.g1134	85.547	256	36	1	1	255	1659	1914	5.05e-134	419
PfSN01_070005400|CIDRb|1|1356|1610	QG0261-C.g1134	27.778	162	99	6	33	181	501	657	4.01e-10	62.4
PfSN01_070005400|CIDRb|1|1356|1610	QG0228-C.g3085	86.957	253	31	2	5	255	1367	1619	1.12e-124	390
PfSN01_070005400|CIDRb|1|1356|1610	QG0228-C.g3085	40.260	77	45	1	87	162	568	644	4.58e-11	65.1
PfSN01_070005400|CIDRb|1|1356|1610	PA0237-C.g554	86.957	253	31	2	5	255	1433	1685	6.75e-124	389
PfSN01_070005400|CIDRb|1|1356|1610	PA0044-C.g573	86.957	253	31	2	5	255	1406	1658	1.22e-123	388
PfSN01_070005400|CIDRb|1|1356|1610	PA0041-C.g683	75.769	260	57	4	1	255	939	1197	1.38e-114	359
PfSN01_070005400|ATS|1|1714|2161	PD0483-C.g348	82.609	460	66	4	1	448	2589	3046	0.0	718
PfSN01_070005400|ATS|1|1714|2161	PV0147-C.g7	82.405	449	68	8	1	448	1761	2199	0.0	706
PfSN01_070005400|ATS|1|1714|2161	PA0245-C.g391	80.353	453	67	7	1	448	2512	2947	0.0	696
PfSN01_070005400|ATS|1|1714|2161	PA0245-C.g998	77.970	463	82	7	1	448	1706	2163	0.0	696
PfSN01_070005400|ATS|1|1714|2161	PA0204-C.g659	80.462	476	62	7	1	448	1701	2173	0.0	690
PfSN01_070005700|NTS|1|1|59	PM0037-C.g1311	100.000	59	0	0	1	59	1	59	3.67e-30	112
PfSN01_070005700|NTS|1|1|59	PA0064-C.g21	100.000	59	0	0	1	59	1	59	3.67e-30	112
PfSN01_070005700|NTS|1|1|59	PA0052-C.g223	100.000	59	0	0	1	59	1	59	3.67e-30	112
PfSN01_070005700|NTS|1|1|59	PA0040-C.g96	100.000	59	0	0	1	59	1	59	3.67e-30	112
PfSN01_070005700|NTS|1|1|59	PM0019-C.g436	84.483	58	9	0	2	59	10	67	2.61e-23	92.4
PfSN01_070005700|DBLa|1|60|451	PM0037-C.g1311	100.000	392	0	0	1	392	60	451	0.0	825
PfSN01_070005700|DBLa|1|60|451	PM0037-C.g1311	30.233	344	203	11	46	373	1717	2039	2.74e-37	146
PfSN01_070005700|DBLa|1|60|451	PM0037-C.g1311	34.419	215	89	11	52	238	830	1020	1.52e-24	108
PfSN01_070005700|DBLa|1|60|451	PM0037-C.g1311	25.704	284	158	8	52	335	2113	2343	4.72e-16	82.8
PfSN01_070005700|DBLa|1|60|451	PM0037-C.g1311	23.404	282	171	6	48	314	1286	1537	7.35e-12	69.7
PfSN01_070005700|DBLa|1|60|451	PA0064-C.g21	100.000	392	0	0	1	392	60	451	0.0	825
PfSN01_070005700|DBLa|1|60|451	PA0064-C.g21	30.233	344	203	11	46	373	1717	2039	2.74e-37	146
PfSN01_070005700|DBLa|1|60|451	PA0064-C.g21	34.419	215	89	11	52	238	830	1020	1.52e-24	108
PfSN01_070005700|DBLa|1|60|451	PA0064-C.g21	25.704	284	158	8	52	335	2113	2343	4.72e-16	82.8
PfSN01_070005700|DBLa|1|60|451	PA0064-C.g21	23.404	282	171	6	48	314	1286	1537	7.35e-12	69.7
PfSN01_070005700|DBLa|1|60|451	PA0052-C.g223	100.000	392	0	0	1	392	60	451	0.0	825
PfSN01_070005700|DBLa|1|60|451	PA0052-C.g223	30.233	344	203	11	46	373	1717	2039	2.74e-37	146
PfSN01_070005700|DBLa|1|60|451	PA0052-C.g223	34.419	215	89	11	52	238	830	1020	1.52e-24	108
PfSN01_070005700|DBLa|1|60|451	PA0052-C.g223	25.704	284	158	8	52	335	2113	2343	4.72e-16	82.8
PfSN01_070005700|DBLa|1|60|451	PA0052-C.g223	23.404	282	171	6	48	314	1286	1537	7.35e-12	69.7
PfSN01_070005700|DBLa|1|60|451	PA0040-C.g96	100.000	392	0	0	1	392	60	451	0.0	825
PfSN01_070005700|DBLa|1|60|451	PA0040-C.g96	30.233	344	203	11	46	373	1717	2039	2.74e-37	146
PfSN01_070005700|DBLa|1|60|451	PA0040-C.g96	34.419	215	89	11	52	238	830	1020	1.52e-24	108
PfSN01_070005700|DBLa|1|60|451	PA0040-C.g96	25.704	284	158	8	52	335	2113	2343	4.72e-16	82.8
PfSN01_070005700|DBLa|1|60|451	PA0040-C.g96	23.404	282	171	6	48	314	1286	1537	7.35e-12	69.7
PfSN01_070005700|DBLa|1|60|451	PM0152-C.g335	97.449	392	10	0	1	392	61	452	0.0	800
PfSN01_070005700|DBLa|1|60|451	PM0152-C.g335	31.118	331	191	10	49	363	1737	2046	5.80e-31	127
PfSN01_070005700|DBLa|1|60|451	PM0152-C.g335	31.164	292	130	13	49	313	828	1075	5.84e-22	100
PfSN01_070005700|DBLa|1|60|451	PM0152-C.g335	26.596	282	157	9	47	325	2125	2359	6.09e-15	79.3
PfSN01_070005700|DBLa|1|60|451	PM0152-C.g335	22.896	297	181	9	48	323	1295	1564	6.39e-12	70.1
PfSN01_070005700|CIDRa|1|452|707	PM0037-C.g1311	100.000	256	0	0	1	256	452	707	1.17e-170	523
PfSN01_070005700|CIDRa|1|452|707	PA0064-C.g21	100.000	256	0	0	1	256	452	707	1.17e-170	523
PfSN01_070005700|CIDRa|1|452|707	PA0052-C.g223	100.000	256	0	0	1	256	452	707	1.17e-170	523
PfSN01_070005700|CIDRa|1|452|707	PA0040-C.g96	100.000	256	0	0	1	256	452	707	1.17e-170	523
PfSN01_070005700|CIDRa|1|452|707	PM0051-C.g1008	100.000	248	0	0	9	256	1	248	5.70e-166	505
PfSN01_070005700|DBLb|1|713|1179	PM0037-C.g1311	100.000	467	0	0	1	467	713	1179	0.0	978
PfSN01_070005700|DBLb|1|713|1179	PM0037-C.g1311	31.522	368	187	14	23	362	1642	1972	2.75e-37	148
PfSN01_070005700|DBLb|1|713|1179	PM0037-C.g1311	34.419	215	89	11	118	308	111	297	3.29e-24	108
PfSN01_070005700|DBLb|1|713|1179	PM0037-C.g1311	25.231	325	182	12	53	368	2057	2329	1.08e-16	85.9
PfSN01_070005700|DBLb|1|713|1179	PM0037-C.g1311	24.516	310	172	15	101	379	1273	1551	7.07e-10	64.3
PfSN01_070005700|DBLb|1|713|1179	PA0064-C.g21	100.000	467	0	0	1	467	713	1179	0.0	978
PfSN01_070005700|DBLb|1|713|1179	PA0064-C.g21	31.522	368	187	14	23	362	1642	1972	2.75e-37	148
PfSN01_070005700|DBLb|1|713|1179	PA0064-C.g21	34.419	215	89	11	118	308	111	297	3.29e-24	108
PfSN01_070005700|DBLb|1|713|1179	PA0064-C.g21	25.231	325	182	12	53	368	2057	2329	1.08e-16	85.9
PfSN01_070005700|DBLb|1|713|1179	PA0064-C.g21	24.516	310	172	15	101	379	1273	1551	7.07e-10	64.3
PfSN01_070005700|DBLb|1|713|1179	PA0052-C.g223	100.000	467	0	0	1	467	713	1179	0.0	978
PfSN01_070005700|DBLb|1|713|1179	PA0052-C.g223	31.522	368	187	14	23	362	1642	1972	2.75e-37	148
PfSN01_070005700|DBLb|1|713|1179	PA0052-C.g223	34.419	215	89	11	118	308	111	297	3.29e-24	108
PfSN01_070005700|DBLb|1|713|1179	PA0052-C.g223	25.231	325	182	12	53	368	2057	2329	1.08e-16	85.9
PfSN01_070005700|DBLb|1|713|1179	PA0052-C.g223	24.516	310	172	15	101	379	1273	1551	7.07e-10	64.3
PfSN01_070005700|DBLb|1|713|1179	PA0040-C.g96	100.000	467	0	0	1	467	713	1179	0.0	978
PfSN01_070005700|DBLb|1|713|1179	PA0040-C.g96	31.522	368	187	14	23	362	1642	1972	2.75e-37	148
PfSN01_070005700|DBLb|1|713|1179	PA0040-C.g96	34.419	215	89	11	118	308	111	297	3.29e-24	108
PfSN01_070005700|DBLb|1|713|1179	PA0040-C.g96	25.231	325	182	12	53	368	2057	2329	1.08e-16	85.9
PfSN01_070005700|DBLb|1|713|1179	PA0040-C.g96	24.516	310	172	15	101	379	1273	1551	7.07e-10	64.3
PfSN01_070005700|DBLb|1|713|1179	PM0051-C.g1008	98.073	467	9	0	1	467	254	720	0.0	961
PfSN01_070005700|DBLb|1|713|1179	PM0051-C.g1008	29.383	405	204	14	40	400	1203	1569	6.25e-38	150
PfSN01_070005700|DBLb|1|713|1179	PM0051-C.g1008	27.925	265	146	10	112	368	1651	1878	6.80e-16	83.2
PfSN01_070005700|DBLg|1|1242|1620	PM0037-C.g1311	100.000	379	0	0	1	379	1242	1620	0.0	793
PfSN01_070005700|DBLg|1|1242|1620	PM0037-C.g1311	26.848	257	143	6	48	300	2112	2327	1.71e-18	90.1
PfSN01_070005700|DBLg|1|1242|1620	PM0037-C.g1311	24.199	281	168	7	45	295	107	372	2.83e-12	70.9
PfSN01_070005700|DBLg|1|1242|1620	PM0037-C.g1311	24.684	316	174	14	1	286	1680	1961	2.17e-11	68.2
PfSN01_070005700|DBLg|1|1242|1620	PM0037-C.g1311	24.516	310	172	15	32	310	813	1091	3.57e-10	64.3
PfSN01_070005700|DBLg|1|1242|1620	PA0064-C.g21	100.000	379	0	0	1	379	1242	1620	0.0	793
PfSN01_070005700|DBLg|1|1242|1620	PA0064-C.g21	26.848	257	143	6	48	300	2112	2327	1.71e-18	90.1
PfSN01_070005700|DBLg|1|1242|1620	PA0064-C.g21	24.199	281	168	7	45	295	107	372	2.83e-12	70.9
PfSN01_070005700|DBLg|1|1242|1620	PA0064-C.g21	24.684	316	174	14	1	286	1680	1961	2.17e-11	68.2
PfSN01_070005700|DBLg|1|1242|1620	PA0064-C.g21	24.516	310	172	15	32	310	813	1091	3.57e-10	64.3
PfSN01_070005700|DBLg|1|1242|1620	PA0052-C.g223	100.000	379	0	0	1	379	1242	1620	0.0	793
PfSN01_070005700|DBLg|1|1242|1620	PA0052-C.g223	26.848	257	143	6	48	300	2112	2327	1.71e-18	90.1
PfSN01_070005700|DBLg|1|1242|1620	PA0052-C.g223	24.199	281	168	7	45	295	107	372	2.83e-12	70.9
PfSN01_070005700|DBLg|1|1242|1620	PA0052-C.g223	24.684	316	174	14	1	286	1680	1961	2.17e-11	68.2
PfSN01_070005700|DBLg|1|1242|1620	PA0052-C.g223	24.516	310	172	15	32	310	813	1091	3.57e-10	64.3
PfSN01_070005700|DBLg|1|1242|1620	PA0040-C.g96	100.000	379	0	0	1	379	1242	1620	0.0	793
PfSN01_070005700|DBLg|1|1242|1620	PA0040-C.g96	26.848	257	143	6	48	300	2112	2327	1.71e-18	90.1
PfSN01_070005700|DBLg|1|1242|1620	PA0040-C.g96	24.199	281	168	7	45	295	107	372	2.83e-12	70.9
PfSN01_070005700|DBLg|1|1242|1620	PA0040-C.g96	24.684	316	174	14	1	286	1680	1961	2.17e-11	68.2
PfSN01_070005700|DBLg|1|1242|1620	PA0040-C.g96	24.516	310	172	15	32	310	813	1091	3.57e-10	64.3
PfSN01_070005700|DBLg|1|1242|1620	PA0172-C.g210	80.157	383	60	2	1	379	1251	1621	0.0	622
PfSN01_070005700|DBLg|1|1242|1620	PA0172-C.g210	29.921	254	158	7	48	293	1676	1917	2.01e-20	95.9
PfSN01_070005700|DBLg|1|1242|1620	PA0172-C.g210	25.291	344	194	12	12	346	2438	2727	5.57e-19	91.7
PfSN01_070005700|DBLg|1|1242|1620	PA0172-C.g210	26.190	294	167	13	31	295	2067	2339	3.96e-14	76.6
PfSN01_070005700|DBLg|1|1242|1620	PA0172-C.g210	22.378	286	180	5	40	295	106	379	2.12e-12	71.2
PfSN01_070005700|DBLg|1|1242|1620	PA0172-C.g210	25.773	291	158	14	32	293	818	1079	3.29e-12	70.9
PfSN01_070005700|DBLz|1|1634|2058	PM0037-C.g1311	100.000	425	0	0	1	425	1634	2058	0.0	872
PfSN01_070005700|DBLz|1|1634|2058	PM0037-C.g1311	31.319	364	187	13	11	339	739	1074	2.91e-37	147
PfSN01_070005700|DBLz|1|1634|2058	PM0037-C.g1311	29.942	344	204	9	84	406	105	432	1.11e-36	145
PfSN01_070005700|DBLz|1|1634|2058	PM0037-C.g1311	26.996	263	149	10	87	347	2110	2331	2.15e-19	93.6
PfSN01_070005700|DBLz|1|1634|2058	PM0037-C.g1311	24.606	317	175	14	46	328	1241	1527	6.69e-12	70.1
PfSN01_070005700|DBLz|1|1634|2058	PA0064-C.g21	100.000	425	0	0	1	425	1634	2058	0.0	872
PfSN01_070005700|DBLz|1|1634|2058	PA0064-C.g21	31.319	364	187	13	11	339	739	1074	2.91e-37	147
PfSN01_070005700|DBLz|1|1634|2058	PA0064-C.g21	29.942	344	204	9	84	406	105	432	1.11e-36	145
PfSN01_070005700|DBLz|1|1634|2058	PA0064-C.g21	26.996	263	149	10	87	347	2110	2331	2.15e-19	93.6
PfSN01_070005700|DBLz|1|1634|2058	PA0064-C.g21	24.606	317	175	14	46	328	1241	1527	6.69e-12	70.1
PfSN01_070005700|DBLz|1|1634|2058	PA0052-C.g223	100.000	425	0	0	1	425	1634	2058	0.0	872
PfSN01_070005700|DBLz|1|1634|2058	PA0052-C.g223	31.319	364	187	13	11	339	739	1074	2.91e-37	147
PfSN01_070005700|DBLz|1|1634|2058	PA0052-C.g223	29.942	344	204	9	84	406	105	432	1.11e-36	145
PfSN01_070005700|DBLz|1|1634|2058	PA0052-C.g223	26.996	263	149	10	87	347	2110	2331	2.15e-19	93.6
PfSN01_070005700|DBLz|1|1634|2058	PA0052-C.g223	24.606	317	175	14	46	328	1241	1527	6.69e-12	70.1
PfSN01_070005700|DBLz|1|1634|2058	PA0040-C.g96	100.000	425	0	0	1	425	1634	2058	0.0	872
PfSN01_070005700|DBLz|1|1634|2058	PA0040-C.g96	31.319	364	187	13	11	339	739	1074	2.91e-37	147
PfSN01_070005700|DBLz|1|1634|2058	PA0040-C.g96	29.942	344	204	9	84	406	105	432	1.11e-36	145
PfSN01_070005700|DBLz|1|1634|2058	PA0040-C.g96	26.996	263	149	10	87	347	2110	2331	2.15e-19	93.6
PfSN01_070005700|DBLz|1|1634|2058	PA0040-C.g96	24.606	317	175	14	46	328	1241	1527	6.69e-12	70.1
PfSN01_070005700|DBLz|1|1634|2058	PH0815-C.g182	93.662	426	26	1	1	425	2054	2479	0.0	815
PfSN01_070005700|DBLz|1|1634|2058	PH0815-C.g182	30.233	387	234	12	2	354	20	404	1.89e-38	150
PfSN01_070005700|DBLz|1|1634|2058	PH0815-C.g182	26.996	263	149	10	87	347	2531	2752	7.28e-20	95.1
PfSN01_070005700|DBLz|1|1634|2058	PH0815-C.g182	26.712	292	163	10	61	336	1700	1956	1.18e-15	82.0
PfSN01_070005700|DBLe|1|2064|2376	PM0037-C.g1311	100.000	313	0	0	1	313	2064	2376	0.0	651
PfSN01_070005700|DBLe|1|2064|2376	PM0037-C.g1311	26.996	263	149	10	47	268	1720	1980	8.53e-20	92.4
PfSN01_070005700|DBLe|1|2064|2376	PM0037-C.g1311	26.848	257	143	6	49	264	1289	1541	9.53e-19	89.4
PfSN01_070005700|DBLe|1|2064|2376	PM0037-C.g1311	25.532	282	157	8	50	278	111	392	1.01e-16	83.2
PfSN01_070005700|DBLe|1|2064|2376	PM0037-C.g1311	26.054	261	145	9	47	266	827	1080	3.23e-16	81.6
PfSN01_070005700|DBLe|1|2064|2376	PA0064-C.g21	100.000	313	0	0	1	313	2064	2376	0.0	651
PfSN01_070005700|DBLe|1|2064|2376	PA0064-C.g21	26.996	263	149	10	47	268	1720	1980	8.53e-20	92.4
PfSN01_070005700|DBLe|1|2064|2376	PA0064-C.g21	26.848	257	143	6	49	264	1289	1541	9.53e-19	89.4
PfSN01_070005700|DBLe|1|2064|2376	PA0064-C.g21	25.532	282	157	8	50	278	111	392	1.01e-16	83.2
PfSN01_070005700|DBLe|1|2064|2376	PA0064-C.g21	26.054	261	145	9	47	266	827	1080	3.23e-16	81.6
PfSN01_070005700|DBLe|1|2064|2376	PA0052-C.g223	100.000	313	0	0	1	313	2064	2376	0.0	651
PfSN01_070005700|DBLe|1|2064|2376	PA0052-C.g223	26.996	263	149	10	47	268	1720	1980	8.53e-20	92.4
PfSN01_070005700|DBLe|1|2064|2376	PA0052-C.g223	26.848	257	143	6	49	264	1289	1541	9.53e-19	89.4
PfSN01_070005700|DBLe|1|2064|2376	PA0052-C.g223	25.532	282	157	8	50	278	111	392	1.01e-16	83.2
PfSN01_070005700|DBLe|1|2064|2376	PA0052-C.g223	26.054	261	145	9	47	266	827	1080	3.23e-16	81.6
PfSN01_070005700|DBLe|1|2064|2376	PA0040-C.g96	100.000	313	0	0	1	313	2064	2376	0.0	651
PfSN01_070005700|DBLe|1|2064|2376	PA0040-C.g96	26.996	263	149	10	47	268	1720	1980	8.53e-20	92.4
PfSN01_070005700|DBLe|1|2064|2376	PA0040-C.g96	26.848	257	143	6	49	264	1289	1541	9.53e-19	89.4
PfSN01_070005700|DBLe|1|2064|2376	PA0040-C.g96	25.532	282	157	8	50	278	111	392	1.01e-16	83.2
PfSN01_070005700|DBLe|1|2064|2376	PA0040-C.g96	26.054	261	145	9	47	266	827	1080	3.23e-16	81.6
PfSN01_070005700|DBLe|1|2064|2376	PH0815-C.g182	99.681	313	1	0	1	313	2485	2797	0.0	649
PfSN01_070005700|DBLe|1|2064|2376	PH0815-C.g182	32.911	237	132	8	49	264	1733	1963	1.39e-27	115
PfSN01_070005700|DBLe|1|2064|2376	PH0815-C.g182	27.376	263	149	9	47	268	2140	2401	1.25e-19	92.0
PfSN01_070005700|DBLe|1|2064|2376	PH0815-C.g182	26.370	292	151	11	50	278	117	407	2.76e-14	75.9
PfSN01_070005700|ATS|1|2392|2844	PA0270-C.g443	81.878	458	73	8	2	453	2186	2639	0.0	711
PfSN01_070005700|ATS|1|2392|2844	PA0245-C.g998	79.176	461	83	8	2	453	1707	2163	0.0	697
PfSN01_070005700|ATS|1|2392|2844	PC0097-C.g664	80.087	462	67	9	2	453	2365	2811	0.0	692
PfSN01_070005700|ATS|1|2392|2844	PC0122-C.g587	76.507	481	83	5	2	453	3365	3844	0.0	681
PfSN01_070005700|ATS|1|2392|2844	PV0211-C.g39	78.326	466	76	13	2	453	2633	3087	0.0	680
PfSN01_070016500|NTS|1|1|64	PF0590-C.g34	78.000	50	11	0	12	61	18	67	1.32e-18	79.3
PfSN01_070016500|NTS|1|1|64	PM0018-C.g496	71.154	52	15	0	1	52	1	52	1.36e-17	76.6
PfSN01_070016500|NTS|1|1|64	PH0610-C.g395	67.241	58	19	0	3	60	7	64	3.62e-17	75.5
PfSN01_070016500|NTS|1|1|64	PH0599-C.g581	67.241	58	19	0	3	60	7	64	3.62e-17	75.5
PfSN01_070016500|NTS|1|1|64	PH0594-C.g744	67.241	58	19	0	3	60	7	64	4.97e-17	75.1
PfSN01_070016500|DBLa|1|65|539	PF0730-C.g666	73.248	471	101	11	18	475	79	537	0.0	623
PfSN01_070016500|DBLa|1|65|539	PF0730-C.g666	26.174	298	154	12	205	475	1177	1435	1.39e-14	79.3
PfSN01_070016500|DBLa|1|65|539	PV0124-C.g20	67.140	493	132	10	1	475	59	539	0.0	612
PfSN01_070016500|DBLa|1|65|539	PV0124-C.g20	28.968	252	133	7	60	308	2212	2420	4.93e-20	96.3
PfSN01_070016500|DBLa|1|65|539	PV0124-C.g20	25.676	296	174	9	107	378	1106	1379	2.28e-15	81.6
PfSN01_070016500|DBLa|1|65|539	PV0124-C.g20	26.042	192	105	6	173	364	1878	2032	3.26e-10	65.5
PfSN01_070016500|DBLa|1|65|539	PV0118-C.g27	67.140	493	132	10	1	475	59	539	0.0	612
PfSN01_070016500|DBLa|1|65|539	PV0118-C.g27	28.968	252	133	7	60	308	2212	2420	4.93e-20	96.3
PfSN01_070016500|DBLa|1|65|539	PV0118-C.g27	25.676	296	174	9	107	378	1106	1379	2.28e-15	81.6
PfSN01_070016500|DBLa|1|65|539	PV0118-C.g27	26.042	192	105	6	173	364	1878	2032	3.26e-10	65.5
PfSN01_070016500|DBLa|1|65|539	PV0116-C.g23	67.140	493	132	10	1	475	59	539	0.0	612
PfSN01_070016500|DBLa|1|65|539	PV0116-C.g23	28.968	252	133	7	60	308	2212	2420	4.93e-20	96.3
PfSN01_070016500|DBLa|1|65|539	PV0116-C.g23	25.676	296	174	9	107	378	1106	1379	2.28e-15	81.6
PfSN01_070016500|DBLa|1|65|539	PV0116-C.g23	26.042	192	105	6	173	364	1878	2032	3.26e-10	65.5
PfSN01_070016500|DBLa|1|65|539	PM0114-C.g499	67.006	491	126	13	1	475	68	538	0.0	606
PfSN01_070016500|CIDRa|1|540|828	PT0184-C.g8	78.231	294	52	2	1	289	503	789	5.04e-147	457
PfSN01_070016500|CIDRa|1|540|828	PV0035-C.g43	66.782	289	90	3	1	289	495	777	3.92e-117	371
PfSN01_070016500|CIDRa|1|540|828	PA0207-C.g825	64.437	284	92	4	1	283	484	759	1.29e-114	364
PfSN01_070016500|CIDRa|1|540|828	SenT036.10.g2104	65.614	285	91	5	1	282	517	797	2.00e-114	363
PfSN01_070016500|CIDRa|1|540|828	QG0243-C.g218	65.292	291	91	7	1	288	524	807	4.76e-114	361
PfSN01_070016500|DBLd|1|903|1485	PM0152-C.g690	49.674	614	222	21	1	583	52	609	7.87e-167	503
PfSN01_070016500|DBLd|1|903|1485	PM0017-C.g569	47.508	602	240	15	1	583	74	618	1.22e-165	499
PfSN01_070016500|DBLd|1|903|1485	SenT013.11.g294	48.581	599	244	16	1	583	902	1452	4.14e-161	506
PfSN01_070016500|DBLd|1|903|1485	SenT013.11.g294	26.623	308	140	13	315	583	250	510	3.99e-15	81.6
PfSN01_070016500|DBLd|1|903|1485	PA0201-C.g13	48.485	594	212	15	1	583	197	707	4.62e-161	491
PfSN01_070016500|DBLd|1|903|1485	PM0144-C.g288	48.355	608	236	12	1	583	885	1439	5.70e-160	508
PfSN01_070016500|DBLd|1|903|1485	PM0144-C.g288	31.551	187	112	5	411	583	311	495	3.39e-16	85.1
PfSN01_070016500|DBLd|1|903|1485	PM0144-C.g288	24.786	234	118	6	317	546	1947	2126	2.86e-08	59.7
PfSN01_070016500|CIDRg|1|1486|1747	PV0233-C.g90	71.480	277	61	7	1	262	1382	1655	4.60e-116	367
PfSN01_070016500|CIDRg|1|1486|1747	PT0039-C.g249	75.368	272	56	7	1	262	774	1044	9.11e-116	360
PfSN01_070016500|CIDRg|1|1486|1747	PF0122-C.g465	74.046	262	55	5	1	249	1361	1622	8.00e-114	360
PfSN01_070016500|CIDRg|1|1486|1747	PT0219-C.g559	75.368	272	56	7	1	262	1457	1727	5.64e-113	358
PfSN01_070016500|CIDRg|1|1486|1747	PF0730-C.g752	73.551	276	58	7	1	262	1389	1663	3.84e-112	356
PfSN01_070016500|ATS|1|1844|2354	PFKE11.g671	72.913	539	75	10	1	511	2046	2541	0.0	719
PfSN01_070016500|ATS|1|1844|2354	PF0638-C.g8678	74.521	522	86	7	1	511	1747	2232	0.0	717
PfSN01_070016500|ATS|1|1844|2354	PA0262-C.g433	73.786	515	90	6	1	511	2175	2648	0.0	699
PfSN01_070016500|ATS|1|1844|2354	PFKE09.g410	71.984	514	108	6	1	511	1751	2231	0.0	697
PfSN01_070016500|ATS|1|1844|2354	PC0107-C.g222	72.041	490	91	6	1	486	1797	2244	0.0	671
PfSN01_070016700|NTS|1|1|66	PT0303-Cx.g2124	100.000	66	0	0	1	66	1	66	2.46e-35	127
PfSN01_070016700|NTS|1|1|66	PF0158-C.g409	84.375	64	10	0	3	66	5	68	4.54e-28	106
PfSN01_070016700|NTS|1|1|66	PH0059-C.g154	84.375	64	10	0	3	66	5	68	9.88e-28	105
PfSN01_070016700|NTS|1|1|66	PV0241-C.g64	84.375	64	10	0	3	66	5	68	1.64e-27	104
PfSN01_070016700|NTS|1|1|66	PV0234-C.g36	84.375	64	10	0	3	66	5	68	1.64e-27	104
PfSN01_070016700|DBLa|1|67|525	PF0158-C.g409	77.730	467	89	6	1	459	69	528	0.0	703
PfSN01_070016700|DBLa|1|67|525	PF0158-C.g409	23.507	268	172	8	108	346	1063	1326	8.40e-10	63.9
PfSN01_070016700|DBLa|1|67|525	PV0241-C.g64	77.070	471	92	9	1	459	69	535	0.0	689
PfSN01_070016700|DBLa|1|67|525	PV0241-C.g64	23.507	268	172	8	108	346	1055	1318	7.50e-10	63.9
PfSN01_070016700|DBLa|1|67|525	PV0234-C.g36	77.070	471	92	9	1	459	69	535	0.0	689
PfSN01_070016700|DBLa|1|67|525	PV0234-C.g36	23.507	268	172	8	108	346	1055	1318	7.50e-10	63.9
PfSN01_070016700|DBLa|1|67|525	PA0059-C.g360	72.078	462	102	8	11	459	75	522	0.0	652
PfSN01_070016700|DBLa|1|67|525	PH0059-C.g154	71.338	471	118	10	1	459	69	534	0.0	633
PfSN01_070016700|DBLa|1|67|525	PH0059-C.g154	22.835	381	223	11	108	459	1060	1398	4.31e-17	87.0
PfSN01_070016700|CIDRa|1|526|834	PM0134-C.g1204	66.881	311	91	4	1	309	507	807	3.35e-126	397
PfSN01_070016700|CIDRa|1|526|834	SenT230.08.g302	66.454	313	80	6	1	309	503	794	4.32e-113	361
PfSN01_070016700|CIDRa|1|526|834	PC0057-C.g252	67.442	301	83	4	1	301	506	791	6.53e-113	360
PfSN01_070016700|CIDRa|1|526|834	QG0282-C.g564	60.703	313	93	5	1	309	493	779	3.76e-111	349
PfSN01_070016700|CIDRa|1|526|834	PD0543-C.g439	64.474	304	86	5	1	302	511	794	1.31e-110	354
PfSN01_070016700|ATS|1|998|1509	PV0276-C.g5	95.866	508	16	2	9	512	2479	2985	0.0	990
PfSN01_070016700|ATS|1|998|1509	PC0118-C.g189	94.141	512	18	1	1	512	1709	2208	0.0	981
PfSN01_070016700|ATS|1|998|1509	PFKE11.g502	96.721	488	16	0	21	508	1	488	0.0	942
PfSN01_070016700|ATS|1|998|1509	PFKE11.g502	60.482	539	124	14	21	512	489	985	6.21e-178	528
PfSN01_070016700|ATS|1|998|1509	PV0139-C.g5	73.745	518	88	10	1	512	2090	2565	0.0	701
PfSN01_070016700|ATS|1|998|1509	PV0116-C.g28	66.346	520	134	13	1	512	1887	2373	0.0	613
PfSN01_070016900|NTS|1|1|65	PA0208-C.g493	90.196	51	5	0	8	58	6	56	7.02e-24	94.4
PfSN01_070016900|NTS|1|1|65	PM0076-C.g940	90.196	51	5	0	8	58	6	56	7.44e-24	94.4
PfSN01_070016900|NTS|1|1|65	QG0261-C.g1037	72.131	61	17	0	1	61	1	61	1.71e-21	87.8
PfSN01_070016900|NTS|1|1|65	PH0560-C.g418	73.333	60	13	2	1	58	1	59	1.38e-19	82.4
PfSN01_070016900|NTS|1|1|65	PH0471-C.g345	73.333	60	13	2	1	58	1	59	1.38e-19	82.4
PfSN01_070016900|DBLa|1|66|503	PA0260-C.g770	91.031	446	30	5	1	438	76	519	0.0	799
PfSN01_070016900|DBLa|1|66|503	PA0260-C.g770	29.707	239	127	8	204	438	1175	1376	7.49e-19	92.0
PfSN01_070016900|DBLa|1|66|503	QG0261-C.g795	89.933	447	34	3	1	438	70	514	0.0	791
PfSN01_070016900|DBLa|1|66|503	QG0261-C.g795	25.779	353	187	7	122	438	1054	1367	1.03e-21	100
PfSN01_070016900|DBLa|1|66|503	SenT097.11.g538	76.310	439	93	6	1	438	71	499	0.0	644
PfSN01_070016900|DBLa|1|66|503	SenT097.11.g538	24.204	314	178	12	41	341	870	1136	1.79e-07	56.2
PfSN01_070016900|DBLa|1|66|503	QG0246-C.g3123	73.696	441	105	8	1	438	68	500	0.0	636
PfSN01_070016900|DBLa|1|66|503	QG0246-C.g3123	35.909	220	100	7	57	271	909	1092	3.74e-30	126
PfSN01_070016900|DBLa|1|66|503	QG0246-C.g3123	24.219	256	143	8	125	351	1545	1778	2.09e-10	65.5
PfSN01_070016900|DBLa|1|66|503	PT0034-C.g711	70.370	459	108	9	1	438	74	525	0.0	626
PfSN01_070016900|DBLa|1|66|503	PT0034-C.g711	24.891	229	132	5	142	338	1112	1332	9.86e-13	72.8
PfSN01_070016900|CIDRa|1|504|770	QG0261-C.g795	98.876	267	3	0	1	267	515	781	0.0	549
PfSN01_070016900|CIDRa|1|504|770	QG0261-C.g795	27.619	210	128	9	12	208	1386	1584	2.34e-08	57.0
PfSN01_070016900|CIDRa|1|504|770	PA0260-C.g770	93.657	268	16	1	1	267	520	787	5.77e-172	520
PfSN01_070016900|CIDRa|1|504|770	PF0449-C.g702	65.263	285	79	7	1	267	493	775	1.49e-112	357
PfSN01_070016900|CIDRa|1|504|770	PM0146-C.g500	65.845	284	75	7	1	265	493	773	4.00e-111	353
PfSN01_070016900|CIDRa|1|504|770	PM0020-C.g62	66.786	280	75	8	1	267	511	785	7.87e-111	349
PfSN01_070016900|DBLd|1|850|1361	PM0038-C.g2090	56.772	539	173	12	1	512	671	1176	5.63e-170	516
PfSN01_070016900|DBLd|1|850|1361	PM0038-C.g2090	27.653	311	163	10	226	512	25	297	4.28e-14	77.8
PfSN01_070016900|DBLd|1|850|1361	PM0087-C.g577	56.343	536	157	15	13	512	903	1397	3.15e-169	521
PfSN01_070016900|DBLd|1|850|1361	PM0133-C.g631	56.137	554	195	15	1	512	2153	2700	7.58e-162	511
PfSN01_070016900|DBLd|1|850|1361	PM0133-C.g631	28.139	462	173	13	1	454	1218	1528	1.97e-37	150
PfSN01_070016900|DBLd|1|850|1361	PM0133-C.g631	23.108	502	207	14	1	483	1622	1963	3.16e-25	112
PfSN01_070016900|DBLd|1|850|1361	PM0133-C.g631	31.694	183	110	6	341	512	284	462	2.64e-15	82.0
PfSN01_070016900|DBLd|1|850|1361	PA0201-C.g14	52.091	574	199	16	1	512	2124	2683	1.37e-151	481
PfSN01_070016900|DBLd|1|850|1361	PA0201-C.g14	29.737	380	132	12	66	443	1287	1533	3.36e-31	131
PfSN01_070016900|DBLd|1|850|1361	PA0201-C.g14	28.947	342	117	10	65	401	1669	1889	3.55e-25	112
PfSN01_070016900|DBLd|1|850|1361	PA0201-C.g14	31.694	183	110	6	341	512	286	464	2.20e-15	82.0
PfSN01_070016900|DBLd|1|850|1361	PA0157-C.g738	50.369	542	214	15	1	512	890	1406	1.83e-149	470
PfSN01_070016900|DBLd|1|850|1361	PA0157-C.g738	29.936	157	92	5	339	484	310	459	8.01e-11	67.4
PfSN01_070016900|CIDRb|1|1362|1603	PM0087-C.g577	99.587	242	1	0	1	242	1398	1639	4.33e-163	493
PfSN01_070016900|CIDRb|1|1362|1603	PA0262-C.g687	83.471	242	39	1	1	241	1380	1621	9.76e-131	407
PfSN01_070016900|CIDRb|1|1362|1603	PT0242-Cx.g751	82.479	234	40	1	1	233	1317	1550	4.05e-125	391
PfSN01_070016900|CIDRb|1|1362|1603	PT0035-C.g326	82.479	234	40	1	1	233	1812	2045	1.11e-124	391
PfSN01_070016900|CIDRb|1|1362|1603	PC0047-C.g116	82.479	234	40	1	1	233	2027	2260	3.45e-124	390
PfSN01_070016900|ATS|1|1710|2201	PH0604-C.g150	82.236	501	75	7	1	492	683	1178	0.0	750
PfSN01_070016900|ATS|1|1710|2201	PV0089-C.g38	77.282	515	78	9	1	492	1747	2245	0.0	733
PfSN01_070016900|ATS|1|1710|2201	PV0099-C.g12	74.206	504	107	8	1	492	3295	3787	0.0	707
PfSN01_070016900|ATS|1|1710|2201	PD0590-C.g627	73.190	511	107	8	1	492	1894	2393	0.0	704
PfSN01_070016900|ATS|1|1710|2201	PD0510-C.g444	73.190	511	107	8	1	492	1930	2429	0.0	704
PfSN01_070017000|NTS|1|1|67	PM0103-C.g944	100.000	67	0	0	1	67	1	67	2.86e-39	138
PfSN01_070017000|NTS|1|1|67	PA0015-C.g328	100.000	67	0	0	1	67	1	67	3.07e-36	129
PfSN01_070017000|NTS|1|1|67	PC0079-C.g462	100.000	67	0	0	1	67	1	67	3.62e-36	129
PfSN01_070017000|NTS|1|1|67	PF0754-C.g717	100.000	67	0	0	1	67	1	67	7.34e-36	128
PfSN01_070017000|NTS|1|1|67	PA0059-C.g360	98.507	67	1	0	1	67	1	67	1.95e-34	124
PfSN01_070017000|DBLa|1|68|516	PA0015-C.g328	100.000	449	0	0	1	449	68	516	0.0	938
PfSN01_070017000|DBLa|1|68|516	PA0015-C.g328	25.000	396	225	14	98	449	1051	1418	7.89e-19	92.0
PfSN01_070017000|DBLa|1|68|516	PF0754-C.g717	100.000	449	0	0	1	449	68	516	0.0	936
PfSN01_070017000|DBLa|1|68|516	PC0079-C.g462	100.000	449	0	0	1	449	68	516	0.0	936
PfSN01_070017000|DBLa|1|68|516	PC0079-C.g462	25.000	396	225	14	98	449	1028	1395	9.58e-19	92.0
PfSN01_070017000|DBLa|1|68|516	PM0103-C.g944	100.000	449	0	0	1	449	68	516	0.0	936
PfSN01_070017000|DBLa|1|68|516	PA0059-C.g360	90.330	455	38	3	1	449	68	522	0.0	839
PfSN01_070017000|CIDRa|1|517|815	PM0103-C.g944	100.000	299	0	0	1	299	517	815	0.0	618
PfSN01_070017000|CIDRa|1|517|815	PA0015-C.g328	100.000	299	0	0	1	299	517	815	0.0	617
PfSN01_070017000|CIDRa|1|517|815	PA0059-C.g360	99.322	295	2	0	1	295	523	817	0.0	604
PfSN01_070017000|CIDRa|1|517|815	PF0754-C.g717	93.559	295	16	1	1	295	517	808	0.0	563
PfSN01_070017000|CIDRa|1|517|815	PC0079-C.g462	93.355	301	18	1	1	299	517	817	1.13e-167	510
PfSN01_070017000|DBLd|1|894|1395	PC0079-C.g462	81.018	511	84	6	1	502	889	1395	0.0	791
PfSN01_070017000|DBLd|1|894|1395	PC0079-C.g462	25.987	304	182	8	140	443	165	425	2.55e-15	81.6
PfSN01_070017000|DBLd|1|894|1395	PA0015-C.g328	73.872	532	105	9	1	502	891	1418	0.0	731
PfSN01_070017000|DBLd|1|894|1395	PA0015-C.g328	25.987	304	182	8	140	443	165	425	2.69e-15	81.6
PfSN01_070017000|DBLd|1|894|1395	PV0112-C.g55	51.630	552	194	18	1	502	527	1055	2.31e-159	491
PfSN01_070017000|DBLd|1|894|1395	PV0138-C.g47	51.630	552	194	18	1	502	578	1106	6.53e-159	491
PfSN01_070017000|DBLd|1|894|1395	PV0138-C.g47	31.613	155	76	6	348	473	1	154	3.19e-11	68.6
PfSN01_070017000|DBLd|1|894|1395	PV0115-C.g66	51.630	552	194	18	1	502	713	1241	7.63e-158	491
PfSN01_070017000|DBLd|1|894|1395	PV0115-C.g66	27.152	302	142	13	212	473	26	289	7.45e-14	77.0
PfSN01_070017000|CIDRg|1|1396|1658	PM0144-C.g776	91.954	261	17	3	1	259	1417	1675	4.84e-154	472
PfSN01_070017000|CIDRg|1|1396|1658	PH0589-C.g265	66.540	263	84	2	1	263	2152	2410	5.14e-111	353
PfSN01_070017000|CIDRg|1|1396|1658	PM0049-C.g515	68.561	264	72	6	1	259	903	1160	6.61e-109	343
PfSN01_070017000|CIDRg|1|1396|1658	PF0145-C.g314	65.789	266	81	4	1	263	1427	1685	1.44e-106	340
PfSN01_070017000|CIDRg|1|1396|1658	PF0145-C.g314	36.667	90	47	4	109	197	680	760	1.63e-07	54.3
PfSN01_070017000|CIDRg|1|1396|1658	PV0035-C.g45	67.897	271	76	5	1	263	1362	1629	1.68e-106	340
PfSN01_070017000|ATS|1|1753|2184	PV0147-C.g56	84.009	444	59	3	1	432	1700	2143	0.0	722
PfSN01_070017000|ATS|1|1753|2184	PFKE07.g667	77.974	454	74	7	1	432	2365	2814	0.0	695
PfSN01_070017000|ATS|1|1753|2184	PV0129-C.g36	78.166	458	67	9	1	432	1739	2189	0.0	690
PfSN01_070017000|ATS|1|1753|2184	PFKE07.g1065	79.032	434	78	8	2	432	1645	2068	0.0	678
PfSN01_070017000|ATS|1|1753|2184	PC0122-C.g20	78.507	442	77	10	2	432	2347	2781	0.0	674
PfSN01_070017300|NTS|1|1|65	PT0034-C.g946	70.968	62	18	0	4	65	2	63	3.84e-20	84.0
PfSN01_070017300|NTS|1|1|65	PA0104-C.g513	67.692	65	20	1	1	65	1	64	2.35e-19	81.6
PfSN01_070017300|NTS|1|1|65	PF0159-C.g771	67.188	64	21	0	2	65	4	67	8.52e-19	80.1
PfSN01_070017300|NTS|1|1|65	PA0205-C.g848	72.131	61	16	1	5	65	2	61	1.03e-18	79.7
PfSN01_070017300|NTS|1|1|65	QG0216-C.g483	62.903	62	22	1	5	65	2	63	1.35e-18	79.3
PfSN01_070017300|DBLa|1|66|514	PA0158-C.g757	73.391	466	89	8	3	449	66	515	0.0	673
PfSN01_070017300|DBLa|1|66|514	PA0158-C.g757	22.491	289	168	8	111	355	1100	1376	8.73e-10	63.5
PfSN01_070017300|DBLa|1|66|514	PF0098-C.g99	68.547	461	121	7	3	449	64	514	0.0	620
PfSN01_070017300|DBLa|1|66|514	PF0098-C.g99	25.610	164	109	5	194	347	1110	1270	1.27e-07	56.6
PfSN01_070017300|DBLa|1|66|514	PfKE04.g777	70.870	460	109	9	1	449	63	508	0.0	605
PfSN01_070017300|DBLa|1|66|514	PfKE04.g777	24.615	260	142	11	152	382	1102	1336	3.34e-11	68.2
PfSN01_070017300|DBLa|1|66|514	QG0194-C.g667	70.652	460	110	9	1	449	63	508	0.0	605
PfSN01_070017300|DBLa|1|66|514	QG0194-C.g667	24.615	260	142	11	152	382	1102	1336	3.62e-11	68.2
PfSN01_070017300|DBLa|1|66|514	PA0098-C.g648	67.234	470	111	11	8	449	72	526	0.0	589
PfSN01_070017300|DBLa|1|66|514	PA0098-C.g648	23.488	281	166	10	110	357	1047	1311	2.64e-11	68.6
PfSN01_070017300|CIDRa|1|515|822	QG0196-C.g770	100.000	308	0	0	1	308	176	483	0.0	635
PfSN01_070017300|CIDRa|1|515|822	QG0194-C.g667	100.000	308	0	0	1	308	509	816	0.0	635
PfSN01_070017300|CIDRa|1|515|822	PfKE04.g777	100.000	308	0	0	1	308	509	816	0.0	635
PfSN01_070017300|CIDRa|1|515|822	PT0008-CW.g560	85.804	317	32	2	1	306	486	800	1.14e-176	521
PfSN01_070017300|CIDRa|1|515|822	QE0449-C.g567	72.078	308	74	5	1	306	541	838	5.35e-128	402
PfSN01_070017300|CIDRa|1|515|822	QE0449-C.g567	36.667	90	55	2	116	204	1418	1506	8.49e-09	59.3
PfSN01_070017300|DBLd|1|915|1402	SenT230.08.g134	91.583	499	28	3	1	488	913	1408	0.0	879
PfSN01_070017300|DBLd|1|915|1402	SenT230.08.g134	25.172	290	152	12	233	488	251	509	1.71e-11	69.3
PfSN01_070017300|DBLd|1|915|1402	QG0194-C.g667	88.353	498	45	5	1	488	893	1387	0.0	838
PfSN01_070017300|DBLd|1|915|1402	QG0194-C.g667	25.680	331	161	17	207	488	214	508	8.54e-11	67.0
PfSN01_070017300|DBLd|1|915|1402	QG0196-C.g770	88.353	498	45	5	1	488	560	1054	0.0	838
PfSN01_070017300|DBLd|1|915|1402	PfKE04.g777	88.353	498	45	5	1	488	893	1387	0.0	837
PfSN01_070017300|DBLd|1|915|1402	PfKE04.g777	25.982	331	160	17	207	488	214	508	3.71e-11	68.2
PfSN01_070017300|DBLd|1|915|1402	PC0077-C.g98	67.734	406	110	9	94	488	1036	1431	4.13e-156	483
PfSN01_070017300|DBLd|1|915|1402	PC0077-C.g98	25.532	329	164	14	207	488	214	508	1.11e-13	76.3
PfSN01_070017300|DBLd|1|915|1402	PC0077-C.g98	44.211	95	37	6	1	92	872	953	4.68e-08	58.5
PfSN01_070017300|CIDRb|1|1403|1651	QG0196-C.g770	99.598	249	1	0	1	249	1055	1303	4.65e-171	510
PfSN01_070017300|CIDRb|1|1403|1651	SenT230.08.g134	99.598	249	1	0	1	249	1409	1657	7.30e-169	511
PfSN01_070017300|CIDRb|1|1403|1651	PfKE04.g777	99.598	249	1	0	1	249	1388	1636	1.29e-168	510
PfSN01_070017300|CIDRb|1|1403|1651	QG0194-C.g667	99.598	249	1	0	1	249	1388	1636	1.52e-168	510
PfSN01_070017300|CIDRb|1|1403|1651	PA0195-C.g609	84.739	249	36	1	1	249	1391	1637	7.71e-137	424
PfSN01_070017300|ATS|1|1751|2207	PV0118-C.g21	71.600	500	91	5	1	457	2115	2606	0.0	677
PfSN01_070017300|ATS|1|1751|2207	PV0028-C.g24	72.008	493	94	6	1	457	1827	2311	0.0	676
PfSN01_070017300|ATS|1|1751|2207	PD0497-C.g400	74.304	467	100	8	2	457	2488	2945	0.0	663
PfSN01_070017300|ATS|1|1751|2207	PFKE12.g18	73.491	464	113	8	1	457	1747	2207	0.0	662
PfSN01_070017300|ATS|1|1751|2207	QE0444-C.g638	71.690	491	103	9	1	457	1311	1799	0.0	643
PfSN01_070017500|NTS|1|1|62	QG0252-C.g2260	100.000	62	0	0	1	62	1	62	2.13e-34	124
PfSN01_070017500|NTS|1|1|62	QG0276-C.g481	100.000	62	0	0	1	62	1	62	2.91e-34	124
PfSN01_070017500|NTS|1|1|62	QE0468-C.g723	100.000	62	0	0	1	62	1	62	3.75e-34	123
PfSN01_070017500|NTS|1|1|62	PT0240-C.g712	100.000	62	0	0	1	62	1	62	3.75e-34	123
PfSN01_070017500|NTS|1|1|62	SenP027.02.g251	100.000	62	0	0	1	62	1	62	4.01e-34	123
PfSN01_070017500|DBLa|1|63|521	QG0276-C.g481	81.345	461	81	5	1	459	63	520	0.0	747
PfSN01_070017500|DBLa|1|63|521	QG0276-C.g481	34.000	100	60	3	260	354	1210	1308	3.15e-07	55.5
PfSN01_070017500|DBLa|1|63|521	QE0449-C.g313	80.000	465	84	6	1	459	63	524	0.0	731
PfSN01_070017500|DBLa|1|63|521	QE0449-C.g313	28.517	263	128	13	200	426	1157	1395	5.95e-15	80.1
PfSN01_070017500|DBLa|1|63|521	QE0448-C.g630	80.000	465	84	6	1	459	63	524	0.0	731
PfSN01_070017500|DBLa|1|63|521	QE0448-C.g630	28.517	263	128	13	200	426	1157	1395	5.95e-15	80.1
PfSN01_070017500|DBLa|1|63|521	QE0419-C.g545	80.000	465	84	6	1	459	63	524	0.0	731
PfSN01_070017500|DBLa|1|63|521	QE0419-C.g545	28.517	263	128	13	200	426	1157	1395	5.95e-15	80.1
PfSN01_070017500|DBLa|1|63|521	PV0160-C.g29	80.000	465	84	6	1	459	63	524	0.0	731
PfSN01_070017500|DBLa|1|63|521	PV0160-C.g29	28.517	263	128	13	200	426	1157	1395	5.95e-15	80.1
PfSN01_070017500|CIDRa|1|522|822	PF0035-C.g547	90.759	303	25	2	1	301	512	813	0.0	550
PfSN01_070017500|CIDRa|1|522|822	PC0061-C.g69	81.699	306	47	5	1	301	179	480	6.16e-159	481
PfSN01_070017500|CIDRa|1|522|822	PC0059-C.g206	81.699	306	47	5	1	301	491	792	2.37e-157	482
PfSN01_070017500|CIDRa|1|522|822	PA0160-C.g432	80.130	307	51	5	1	301	25	327	5.04e-157	473
PfSN01_070017500|CIDRa|1|522|822	QG0281-C.g543	80.130	307	51	5	1	301	502	804	2.06e-153	471
PfSN01_070017500|DBLd|1|895|1408	QG0256-C.g3302	49.823	566	216	16	1	514	334	883	7.33e-160	489
PfSN01_070017500|DBLd|1|895|1408	PFKE06.g34	49.503	604	200	17	1	514	869	1457	3.68e-158	495
PfSN01_070017500|DBLd|1|895|1408	PFKE06.g34	31.217	189	108	6	345	514	305	490	7.31e-13	73.9
PfSN01_070017500|DBLd|1|895|1408	QG0214-C.g806	48.468	555	215	17	1	514	191	715	1.13e-152	464
PfSN01_070017500|DBLd|1|895|1408	QE0419-C.g343	50.000	534	203	14	1	514	813	1302	1.33e-152	484
PfSN01_070017500|DBLd|1|895|1408	QE0419-C.g343	28.857	350	138	10	63	409	1645	1886	2.96e-30	128
PfSN01_070017500|DBLd|1|895|1408	QE0419-C.g343	23.925	372	204	13	174	514	163	486	2.64e-15	82.0
PfSN01_070017500|DBLd|1|895|1408	QG0268-C.g2963	50.175	572	203	19	1	514	900	1447	3.30e-152	474
PfSN01_070017500|CIDRg|1|1409|1675	QG0256-C.g3302	69.231	273	59	5	1	256	884	1148	4.84e-115	360
PfSN01_070017500|CIDRg|1|1409|1675	PT0106-C.g169	68.266	271	67	5	1	262	1636	1896	6.24e-112	356
PfSN01_070017500|CIDRg|1|1409|1675	QE0449-C.g669	68.030	269	74	5	1	262	1318	1581	8.32e-112	355
PfSN01_070017500|CIDRg|1|1409|1675	QE0448-C.g709	68.030	269	74	5	1	262	1318	1581	8.32e-112	355
PfSN01_070017500|CIDRg|1|1409|1675	PF0524-C.g377	68.015	272	71	6	1	263	1703	1967	3.25e-111	354
PfSN01_070017500|ATS|1|1773|2281	PFKE11.g671	88.802	509	44	2	1	509	2046	2541	0.0	914
PfSN01_070017500|ATS|1|1773|2281	PD0590-C.g548	77.426	505	72	8	1	504	2191	2654	0.0	770
PfSN01_070017500|ATS|1|1773|2281	PD0585-C.g522	77.426	505	72	8	1	504	2191	2654	0.0	770
PfSN01_070017500|ATS|1|1773|2281	PA0214-C.g1007	74.302	537	106	11	1	509	995	1527	0.0	746
PfSN01_070017500|ATS|1|1773|2281	PfKE02.g507	74.710	518	83	10	1	509	1741	2219	0.0	731
PfSN01_070036700|NTS|1|1|70	PA0040-C.g235	100.000	70	0	0	1	70	1	70	9.67e-43	148
PfSN01_070036700|NTS|1|1|70	PA0208-C.g140	100.000	70	0	0	1	70	1	70	1.19e-42	148
PfSN01_070036700|NTS|1|1|70	PA0168-C.g509	100.000	70	0	0	1	70	1	70	1.21e-42	148
PfSN01_070036700|NTS|1|1|70	PT0264-C.g714	98.571	70	1	0	1	70	1	70	2.06e-42	147
PfSN01_070036700|NTS|1|1|70	QG0298-C.g927	98.571	70	1	0	1	70	1	70	2.89e-42	147
PfSN01_070036700|DBLa|1|71|464	QG0286-C.g6255	80.348	402	70	4	1	394	71	471	0.0	641
PfSN01_070036700|DBLa|1|71|464	PA0008-C.g53	75.598	418	74	6	1	394	64	477	0.0	629
PfSN01_070036700|DBLa|1|71|464	PA0008-C.g53	27.881	269	145	9	168	394	1097	1358	3.65e-20	95.1
PfSN01_070036700|DBLa|1|71|464	PF0782-C.g836	76.847	406	81	5	1	394	65	469	0.0	620
PfSN01_070036700|DBLa|1|71|464	PF0782-C.g836	28.249	177	111	5	223	394	1125	1290	3.24e-16	83.2
PfSN01_070036700|DBLa|1|71|464	PA0040-C.g235	71.667	420	92	6	1	394	71	489	0.0	599
PfSN01_070036700|DBLa|1|71|464	PA0040-C.g235	29.948	384	211	14	1	363	1667	2013	5.22e-30	124
PfSN01_070036700|DBLa|1|71|464	PA0040-C.g235	29.114	316	186	9	100	394	1027	1325	1.02e-29	124
PfSN01_070036700|DBLa|1|71|464	PA0040-C.g235	28.866	194	105	7	47	240	2099	2259	6.46e-13	73.2
PfSN01_070036700|DBLa|1|71|464	PA0193-C.g722	73.350	409	93	5	1	394	71	478	0.0	582
PfSN01_070036700|DBLa|1|71|464	PA0193-C.g722	27.376	263	141	11	170	394	1090	1340	1.67e-14	77.8
PfSN01_070036700|CIDRa|1|465|719	QG0286-C.g6255	81.600	250	46	0	1	250	472	721	2.21e-143	431
PfSN01_070036700|CIDRa|1|465|719	PF0513-C.g1448	77.255	255	57	1	1	255	490	743	5.31e-132	410
PfSN01_070036700|CIDRa|1|465|719	PT0098-C.g624	77.255	255	57	1	1	255	487	740	1.33e-131	410
PfSN01_070036700|CIDRa|1|465|719	PA0229-C.g37	76.863	255	59	0	1	255	479	733	1.38e-129	395
PfSN01_070036700|CIDRa|1|465|719	PM0004-C.g796	76.863	255	59	0	1	255	46	300	2.08e-128	394
PfSN01_070036700|CIDRa|1|465|719	PM0004-C.g796	31.000	100	66	2	71	168	939	1037	1.76e-08	57.4
PfSN01_070036700|DBLd|1|806|1279	PM0058-C.g895	51.543	551	172	16	1	474	842	1374	4.14e-148	465
PfSN01_070036700|DBLd|1|806|1279	PM0058-C.g895	37.864	103	64	0	308	410	306	408	4.96e-10	64.7
PfSN01_070036700|DBLd|1|806|1279	PH0594-C.g75	53.094	501	188	17	1	474	491	971	7.71e-146	452
PfSN01_070036700|DBLd|1|806|1279	PH0594-C.g75	28.472	432	182	19	28	453	2	312	9.64e-33	134
PfSN01_070036700|DBLd|1|806|1279	PC0080-C.g423	53.094	501	188	17	1	474	607	1087	2.82e-145	453
PfSN01_070036700|DBLd|1|806|1279	PC0080-C.g423	28.758	459	197	20	1	453	94	428	2.42e-35	142
PfSN01_070036700|DBLd|1|806|1279	PH0610-C.g667	53.094	501	188	17	1	474	686	1166	2.55e-144	452
PfSN01_070036700|DBLd|1|806|1279	PH0610-C.g667	28.758	459	197	20	1	453	173	507	4.38e-35	141
PfSN01_070036700|DBLd|1|806|1279	PD0523-C.g365	54.183	502	183	19	1	474	1308	1790	7.27e-144	457
PfSN01_070036700|DBLd|1|806|1279	PD0523-C.g365	26.031	388	181	11	1	386	814	1097	8.35e-28	120
PfSN01_070036700|CIDRb|1|1280|1538	SenT130.09.g216	68.939	264	66	4	2	259	1414	1667	1.55e-110	351
PfSN01_070036700|CIDRb|1|1280|1538	SenT036.10.g4232	64.202	257	82	4	1	248	892	1147	2.19e-100	320
PfSN01_070036700|CIDRb|1|1280|1538	PF0816-C.g757	64.202	257	82	4	1	248	2762	3017	1.13e-98	318
PfSN01_070036700|CIDRb|1|1280|1538	PM0127-C.g708	63.077	260	85	5	1	250	746	1004	2.51e-97	308
PfSN01_070036700|CIDRb|1|1280|1538	QE0412-C.g500	63.821	246	80	4	1	239	1417	1660	2.61e-93	302
PfSN01_070036700|ATS|1|1704|2156	PD0483-C.g348	81.739	460	75	5	1	453	2589	3046	0.0	694
PfSN01_070036700|ATS|1|1704|2156	PD0474-C.g567	78.664	464	83	9	1	453	2375	2833	0.0	686
PfSN01_070036700|ATS|1|1704|2156	PA0270-C.g443	78.139	462	85	12	1	453	2185	2639	0.0	675
PfSN01_070036700|ATS|1|1704|2156	PA0157-C.g190	77.391	460	91	11	1	453	2245	2698	0.0	671
PfSN01_070036700|ATS|1|1704|2156	PT0095-C.g144	78.005	441	78	8	1	425	2284	2721	0.0	661
PfSN01_080012800|NTS|1|1|65	SenT002.07.g1014	100.000	65	0	0	1	65	1	65	8.35e-38	134
PfSN01_080012800|NTS|1|1|65	PA0104-C.g404	100.000	65	0	0	1	65	1	65	8.35e-38	134
PfSN01_080012800|NTS|1|1|65	PM0076-C.g1112	81.538	65	12	0	1	65	1	65	2.80e-28	107
PfSN01_080012800|NTS|1|1|65	PT0073-C.g626	71.429	63	16	1	1	63	1	61	2.75e-22	90.1
PfSN01_080012800|NTS|1|1|65	PC0107-C.g744	73.913	69	14	2	1	65	1	69	3.58e-22	89.7
PfSN01_080012800|DBLa|1|66|508	SenT002.07.g1014	100.000	443	0	0	1	443	66	508	0.0	923
PfSN01_080012800|DBLa|1|66|508	SenT002.07.g1014	23.333	270	154	6	109	345	1105	1354	1.09e-08	60.1
PfSN01_080012800|DBLa|1|66|508	PA0104-C.g404	100.000	443	0	0	1	443	66	508	0.0	923
PfSN01_080012800|DBLa|1|66|508	PA0104-C.g404	23.333	270	154	6	109	345	1105	1354	1.09e-08	60.1
PfSN01_080012800|DBLa|1|66|508	PV0099-C.g16	82.057	457	64	6	1	443	59	511	0.0	747
PfSN01_080012800|DBLa|1|66|508	PV0099-C.g16	24.865	370	191	13	122	443	1021	1351	8.17e-15	79.7
PfSN01_080012800|DBLa|1|66|508	PF0157-C.g543	66.595	464	120	12	1	443	68	517	0.0	584
PfSN01_080012800|DBLa|1|66|508	PT0095-C.g579	67.834	457	123	11	1	443	68	514	0.0	583
PfSN01_080012800|DBLa|1|66|508	PT0095-C.g579	26.005	373	184	16	126	443	1056	1391	1.36e-12	72.4
PfSN01_080012800|CIDRa|1|509|834	SenT002.07.g1014	100.000	326	0	0	1	326	509	834	0.0	673
PfSN01_080012800|CIDRa|1|509|834	SenT002.07.g1014	40.278	72	40	2	154	225	1528	1596	2.55e-09	60.8
PfSN01_080012800|CIDRa|1|509|834	PA0104-C.g404	100.000	326	0	0	1	326	509	834	0.0	673
PfSN01_080012800|CIDRa|1|509|834	PA0104-C.g404	40.278	72	40	2	154	225	1528	1596	2.55e-09	60.8
PfSN01_080012800|CIDRa|1|509|834	PA0078-C.g595	100.000	272	0	0	55	326	1	272	0.0	565
PfSN01_080012800|CIDRa|1|509|834	PA0078-C.g595	40.278	72	40	2	154	225	966	1034	1.51e-09	61.6
PfSN01_080012800|CIDRa|1|509|834	PC0122-C.g626	92.593	324	24	0	1	324	489	812	1.87e-180	545
PfSN01_080012800|CIDRa|1|509|834	PA0149-C.g279	92.593	324	24	0	1	324	524	847	2.94e-180	545
PfSN01_080012800|DBLd|1|907|1423	PA0078-C.g595	100.000	517	0	0	1	517	345	861	0.0	1064
PfSN01_080012800|DBLd|1|907|1423	SenT002.07.g1014	100.000	517	0	0	1	517	907	1423	0.0	1063
PfSN01_080012800|DBLd|1|907|1423	SenT002.07.g1014	23.188	276	159	6	193	448	168	410	9.82e-12	70.5
PfSN01_080012800|DBLd|1|907|1423	PA0104-C.g404	100.000	517	0	0	1	517	907	1423	0.0	1063
PfSN01_080012800|DBLd|1|907|1423	PA0104-C.g404	23.188	276	159	6	193	448	168	410	9.82e-12	70.5
PfSN01_080012800|DBLd|1|907|1423	PT0014-CW.g383	52.799	536	198	19	1	517	851	1350	5.27e-151	474
PfSN01_080012800|DBLd|1|907|1423	PT0014-CW.g383	25.676	222	139	7	230	447	215	414	6.44e-09	61.2
PfSN01_080012800|DBLd|1|907|1423	PM0021-C.g973	50.538	558	193	17	1	517	100	615	1.48e-149	456
PfSN01_080012800|CIDRb|1|1424|1681	PA0078-C.g595	100.000	258	0	0	1	258	862	1119	6.88e-180	530
PfSN01_080012800|CIDRb|1|1424|1681	PA0078-C.g595	40.278	72	40	2	105	173	100	171	2.90e-09	59.7
PfSN01_080012800|CIDRb|1|1424|1681	SenT002.07.g1014	100.000	258	0	0	1	258	1424	1681	1.11e-174	528
PfSN01_080012800|CIDRb|1|1424|1681	SenT002.07.g1014	40.278	72	40	2	105	173	662	733	3.68e-09	59.3
PfSN01_080012800|CIDRb|1|1424|1681	PA0104-C.g404	100.000	258	0	0	1	258	1424	1681	1.11e-174	528
PfSN01_080012800|CIDRb|1|1424|1681	PA0104-C.g404	40.278	72	40	2	105	173	662	733	3.68e-09	59.3
PfSN01_080012800|CIDRb|1|1424|1681	PM0100-C.g1630	85.878	262	33	2	1	258	1353	1614	1.55e-144	445
PfSN01_080012800|CIDRb|1|1424|1681	PM0100-C.g1630	31.183	93	57	2	88	173	624	716	9.36e-07	52.0
PfSN01_080012800|CIDRb|1|1424|1681	PM0159-C.g48	85.878	262	33	2	1	258	1317	1578	2.06e-144	444
PfSN01_080012800|CIDRb|1|1424|1681	PM0159-C.g48	32.653	98	63	1	88	185	598	692	5.59e-10	62.0
PfSN01_080012800|ATS|1|1801|2274	PV0246-C.g3	68.958	480	113	11	1	474	3066	3515	0.0	608
PfSN01_080012800|ATS|1|1801|2274	PV0234-C.g26	68.463	501	109	11	2	471	1736	2218	0.0	607
PfSN01_080012800|ATS|1|1801|2274	PH0121-CW.g9	67.556	487	121	10	2	474	1637	2100	0.0	595
PfSN01_080012800|ATS|1|1801|2274	PD0590-C.g548	64.286	490	126	10	1	468	2191	2653	0.0	587
PfSN01_080012800|ATS|1|1801|2274	PD0585-C.g522	64.286	490	126	10	1	468	2191	2653	0.0	587
PfSN01_080013000|NTS|1|1|72	QG0291-C.g3239	100.000	72	0	0	1	72	1	72	4.82e-41	143
PfSN01_080013000|NTS|1|1|72	PA0091-C.g697	100.000	72	0	0	1	72	1	72	5.07e-41	143
PfSN01_080013000|NTS|1|1|72	PA0091-C.g697	57.377	61	23	1	12	72	726	783	3.81e-13	64.3
PfSN01_080013000|NTS|1|1|72	PF0609-C.g321	100.000	72	0	0	1	72	1	72	5.53e-41	143
PfSN01_080013000|NTS|1|1|72	PA0148-C.g676	100.000	72	0	0	1	72	1	72	3.11e-40	141
PfSN01_080013000|NTS|1|1|72	PFKE12.g271	100.000	72	0	0	1	72	1	72	3.40e-40	141
PfSN01_080013000|DBLa|1|73|518	PA0078-C.g613	100.000	446	0	0	1	446	73	518	0.0	917
PfSN01_080013000|DBLa|1|73|518	PA0104-C.g437	100.000	446	0	0	1	446	73	518	0.0	916
PfSN01_080013000|DBLa|1|73|518	PA0104-C.g437	25.090	279	159	8	92	332	1050	1316	5.41e-15	80.1
PfSN01_080013000|DBLa|1|73|518	PC0071-C.g511	79.148	446	69	7	12	446	86	518	0.0	686
PfSN01_080013000|DBLa|1|73|518	PC0071-C.g511	28.239	301	165	11	138	406	1110	1391	8.53e-20	95.1
PfSN01_080013000|DBLa|1|73|518	PA0201-C.g317	75.870	460	74	9	1	446	70	506	0.0	665
PfSN01_080013000|DBLa|1|73|518	PA0201-C.g317	29.972	357	190	12	39	385	1782	2088	4.65e-27	117
PfSN01_080013000|DBLa|1|73|518	PA0201-C.g317	29.412	204	107	5	174	343	1142	1342	6.39e-14	77.0
PfSN01_080013000|DBLa|1|73|518	PA0201-C.g317	29.386	228	117	8	38	264	2162	2346	3.72e-12	71.2
PfSN01_080013000|DBLa|1|73|518	PM0077-C.g3283	72.271	458	100	6	8	446	76	525	0.0	652
PfSN01_080013000|DBLa|1|73|518	PM0077-C.g3283	25.597	293	168	10	98	345	1044	1331	3.39e-11	68.2
PfSN01_080013000|CIDRa|1|519|824	PA0078-C.g613	100.000	306	0	0	1	306	519	824	0.0	622
PfSN01_080013000|CIDRa|1|519|824	PA0104-C.g437	100.000	306	0	0	1	306	519	824	0.0	619
PfSN01_080013000|CIDRa|1|519|824	PC0071-C.g511	91.830	306	16	1	1	306	519	815	0.0	547
PfSN01_080013000|CIDRa|1|519|824	PA0201-C.g317	91.830	306	16	1	1	306	507	803	4.14e-178	546
PfSN01_080013000|CIDRa|1|519|824	PM0160-C.g896	76.190	315	60	5	1	304	539	849	2.13e-137	428
PfSN01_080013000|DBLd|1|906|1384	PA0104-C.g437	100.000	479	0	0	1	479	906	1384	0.0	992
PfSN01_080013000|DBLd|1|906|1384	PA0104-C.g437	26.562	256	138	8	168	411	187	404	9.46e-15	79.7
PfSN01_080013000|DBLd|1|906|1384	PF0037-C.g956	84.156	486	66	5	1	479	835	1316	0.0	784
PfSN01_080013000|DBLd|1|906|1384	PF0037-C.g956	23.837	344	194	12	68	399	98	385	4.40e-13	74.3
PfSN01_080013000|DBLd|1|906|1384	PV0082-C.g56	62.049	527	145	16	1	479	885	1404	0.0	584
PfSN01_080013000|DBLd|1|906|1384	PV0082-C.g56	28.000	225	112	7	204	414	206	394	4.98e-13	74.3
PfSN01_080013000|DBLd|1|906|1384	PV0139-C.g130	60.118	509	160	15	1	479	13	508	0.0	550
PfSN01_080013000|DBLd|1|906|1384	QE0414-C.g582	60.895	514	153	16	1	479	821	1321	3.44e-179	554
PfSN01_080013000|DBLd|1|906|1384	QE0414-C.g582	30.280	393	175	14	55	445	1710	2005	5.20e-36	144
PfSN01_080013000|DBLd|1|906|1384	QE0414-C.g582	27.737	274	135	9	229	479	247	480	1.05e-17	89.0
PfSN01_080013000|CIDRb|1|1385|1643	PA0104-C.g437	100.000	259	0	0	1	259	1385	1643	3.62e-178	536
PfSN01_080013000|CIDRb|1|1385|1643	PF0037-C.g956	100.000	259	0	0	1	259	1317	1575	6.22e-178	533
PfSN01_080013000|CIDRb|1|1385|1643	PA0087-C.g355	78.947	266	39	6	3	259	1359	1616	2.99e-126	395
PfSN01_080013000|CIDRb|1|1385|1643	PC0103-C.g517	67.045	264	80	4	1	259	1694	1955	1.12e-104	335
PfSN01_080013000|CIDRb|1|1385|1643	PC0103-C.g517	29.333	150	97	3	19	168	486	626	3.15e-13	71.6
PfSN01_080013000|CIDRb|1|1385|1643	PC0005-Cx.g542	64.419	267	86	5	1	259	1433	1698	1.49e-103	332
PfSN01_080013000|CIDRb|1|1385|1643	PC0005-Cx.g542	32.283	127	67	5	101	214	660	780	5.27e-07	52.8
PfSN01_080013000|ATS|1|1767|2217	PF0489-C.g691	79.867	452	78	4	1	451	1767	2206	0.0	720
PfSN01_080013000|ATS|1|1767|2217	PD0585-C.g573	75.610	451	90	5	1	449	2220	2652	0.0	682
PfSN01_080013000|ATS|1|1767|2217	PV0028-C.g43	76.484	455	78	8	1	449	1843	2274	0.0	681
PfSN01_080013000|ATS|1|1767|2217	PV0084-C.g6	75.385	455	95	7	1	449	1815	2258	0.0	676
PfSN01_080013000|ATS|1|1767|2217	PFKE12.g210	77.970	463	88	7	1	451	2533	2993	0.0	671
PfSN01_080013300|NTS|1|1|63	SenT002.07.g953	100.000	63	0	0	1	63	1	63	5.34e-37	131
PfSN01_080013300|NTS|1|1|63	PA0078-C.g233	100.000	63	0	0	1	63	1	63	5.34e-37	131
PfSN01_080013300|NTS|1|1|63	PFKE10.g15	66.667	63	21	0	1	63	1	63	9.04e-19	79.7
PfSN01_080013300|NTS|1|1|63	PA0205-C.g832	63.492	63	23	0	1	63	1	63	3.40e-18	78.2
PfSN01_080013300|NTS|1|1|63	PF0311-C.g566	81.633	49	9	0	15	63	7	55	6.17e-18	77.4
PfSN01_080013300|DBLa|1|64|505	SenT002.07.g953	93.694	444	26	2	1	442	64	507	0.0	809
PfSN01_080013300|DBLa|1|64|505	SenT002.07.g953	28.283	198	107	7	249	442	1240	1406	8.39e-15	79.3
PfSN01_080013300|DBLa|1|64|505	PA0078-C.g233	93.694	444	26	2	1	442	64	507	0.0	809
PfSN01_080013300|DBLa|1|64|505	PA0078-C.g233	28.283	198	107	7	249	442	1240	1406	8.39e-15	79.3
PfSN01_080013300|DBLa|1|64|505	PH0305-C.g389	67.347	441	110	10	13	442	77	494	0.0	573
PfSN01_080013300|DBLa|1|64|505	PH0305-C.g389	31.527	203	101	7	249	442	1230	1403	3.18e-14	77.8
PfSN01_080013300|DBLa|1|64|505	SenT013.11.g1180	66.895	438	115	10	13	442	77	492	0.0	563
PfSN01_080013300|DBLa|1|64|505	PT0137-C.g767	67.521	468	111	17	1	442	62	514	0.0	554
PfSN01_080013300|DBLa|1|64|505	PT0137-C.g767	24.390	369	210	17	112	442	1080	1417	5.06e-13	73.9
PfSN01_080013300|CIDRa|1|506|810	SenT002.07.g953	100.000	305	0	0	1	305	508	812	0.0	640
PfSN01_080013300|CIDRa|1|506|810	PA0078-C.g233	100.000	305	0	0	1	305	508	812	0.0	640
PfSN01_080013300|CIDRa|1|506|810	PT0149-C.g725	70.126	318	74	5	1	305	510	819	1.20e-127	401
PfSN01_080013300|CIDRa|1|506|810	PF0235-C.g328	59.143	350	96	3	1	304	507	855	2.64e-126	388
PfSN01_080013300|CIDRa|1|506|810	QG0285-C.g8364	64.832	327	91	6	1	305	492	816	2.47e-123	389
PfSN01_080013300|DBLd|1|887|1404	SenT002.07.g953	100.000	518	0	0	1	518	889	1406	0.0	1065
PfSN01_080013300|DBLd|1|887|1404	SenT002.07.g953	28.283	198	107	7	352	518	314	507	6.92e-13	73.9
PfSN01_080013300|DBLd|1|887|1404	PA0078-C.g233	100.000	518	0	0	1	518	889	1406	0.0	1065
PfSN01_080013300|DBLd|1|887|1404	PA0078-C.g233	28.283	198	107	7	352	518	314	507	6.92e-13	73.9
PfSN01_080013300|DBLd|1|887|1404	PD0473-C.g979	54.464	560	164	19	1	518	837	1347	2.26e-159	497
PfSN01_080013300|DBLd|1|887|1404	PD0473-C.g979	24.716	352	194	14	194	518	176	483	4.94e-15	80.9
PfSN01_080013300|DBLd|1|887|1404	QE0460-C.g808	53.220	528	186	17	13	518	826	1314	2.03e-150	471
PfSN01_080013300|DBLd|1|887|1404	QE0460-C.g808	24.854	342	194	11	194	518	176	471	2.37e-14	78.6
PfSN01_080013300|DBLd|1|887|1404	QG0276-C.g596	50.350	572	192	18	1	518	870	1403	4.43e-150	472
PfSN01_080013300|DBLd|1|887|1404	QG0276-C.g596	26.975	367	178	19	194	518	173	491	1.83e-13	75.9
PfSN01_080013300|CIDRb|1|1405|1658	SenT002.07.g953	100.000	254	0	0	1	254	1407	1660	8.84e-171	516
PfSN01_080013300|CIDRb|1|1405|1658	PA0078-C.g233	100.000	254	0	0	1	254	1407	1660	8.84e-171	516
PfSN01_080013300|CIDRb|1|1405|1658	SenT143.09.g1702	88.000	250	28	2	1	249	748	996	7.30e-146	436
PfSN01_080013300|CIDRb|1|1405|1658	PD0473-C.g979	86.400	250	32	2	1	249	1348	1596	1.64e-137	426
PfSN01_080013300|CIDRb|1|1405|1658	PH0594-C.g1021	83.267	251	38	4	1	249	1347	1595	1.05e-128	402
PfSN01_080013300|ATS|1|1787|2262	QG0296-C.g5597	73.760	484	92	8	1	476	1002	1458	0.0	682
PfSN01_080013300|ATS|1|1787|2262	PM0152-C.g381	72.165	485	97	8	1	476	924	1379	0.0	655
PfSN01_080013300|ATS|1|1787|2262	QE0468-C.g704	71.753	485	99	8	1	476	1767	2222	0.0	652
PfSN01_080013300|ATS|1|1787|2262	QE0404-C.g357	71.369	482	95	6	2	476	1763	2208	0.0	650
PfSN01_080013300|ATS|1|1787|2262	PV0139-C.g11	71.369	482	95	6	2	476	1763	2208	0.0	650
PfSN01_080013700|NTS|1|1|67	PA0104-C.g449	100.000	67	0	0	1	67	1	67	7.73e-39	137
PfSN01_080013700|NTS|1|1|67	PA0078-C.g299	100.000	67	0	0	1	67	1	67	8.85e-39	137
PfSN01_080013700|NTS|1|1|67	SenT002.07.g2040	100.000	67	0	0	1	67	1	67	1.25e-37	133
PfSN01_080013700|NTS|1|1|67	PM0156-C.g355	80.597	67	8	1	1	67	1	62	2.00e-26	102
PfSN01_080013700|NTS|1|1|67	PA0188-C.g580	85.714	56	5	1	15	67	9	64	1.22e-23	94.0
PfSN01_080013700|DBLa|1|68|501	PA0078-C.g299	100.000	434	0	0	1	434	68	501	0.0	906
PfSN01_080013700|DBLa|1|68|501	PA0078-C.g299	26.207	290	148	11	179	434	1101	1358	1.18e-13	75.9
PfSN01_080013700|DBLa|1|68|501	PA0104-C.g449	100.000	434	0	0	1	434	68	501	0.0	906
PfSN01_080013700|DBLa|1|68|501	PA0104-C.g449	26.207	290	148	11	179	434	1101	1358	2.30e-13	74.7
PfSN01_080013700|DBLa|1|68|501	SenT002.07.g2040	100.000	434	0	0	1	434	68	501	0.0	905
PfSN01_080013700|DBLa|1|68|501	QE0453-C.g1007	73.154	447	97	8	1	434	62	498	0.0	641
PfSN01_080013700|DBLa|1|68|501	QE0453-C.g1007	27.143	350	156	11	139	434	1092	1396	8.97e-18	88.6
PfSN01_080013700|DBLa|1|68|501	PM0156-C.g355	74.888	446	90	7	1	434	63	498	0.0	615
PfSN01_080013700|DBLa|1|68|501	PM0156-C.g355	26.178	191	106	5	234	412	1167	1334	7.42e-11	67.0
PfSN01_080013700|CIDRa|1|502|760	SenT002.07.g2040	100.000	259	0	0	1	259	502	760	0.0	535
PfSN01_080013700|CIDRa|1|502|760	PA0078-C.g299	100.000	259	0	0	1	259	502	760	1.82e-177	534
PfSN01_080013700|CIDRa|1|502|760	PA0104-C.g449	100.000	259	0	0	1	259	502	760	1.84e-177	534
PfSN01_080013700|CIDRa|1|502|760	PA0185-C.g72	77.255	255	57	1	1	255	515	768	3.48e-133	402
PfSN01_080013700|CIDRa|1|502|760	PV0117-C.g91	75.676	259	62	1	1	259	503	760	5.20e-132	404
PfSN01_080013700|DBLd|1|841|1356	PA0078-C.g299	100.000	516	0	0	1	516	843	1358	0.0	1060
PfSN01_080013700|DBLd|1|841|1356	PA0078-C.g299	26.006	323	169	14	229	516	214	501	8.98e-13	73.6
PfSN01_080013700|DBLd|1|841|1356	PA0104-C.g449	99.806	516	1	0	1	516	843	1358	0.0	1057
PfSN01_080013700|DBLd|1|841|1356	PA0104-C.g449	26.006	323	169	14	229	516	214	501	8.16e-13	73.9
PfSN01_080013700|DBLd|1|841|1356	PT0141-C.g761	71.132	530	105	7	1	516	886	1381	0.0	719
PfSN01_080013700|DBLd|1|841|1356	PT0141-C.g761	25.895	475	254	17	79	516	86	499	6.41e-25	112
PfSN01_080013700|DBLd|1|841|1356	PC0065-C.g101	71.132	530	105	7	1	516	886	1381	0.0	719
PfSN01_080013700|DBLd|1|841|1356	PC0065-C.g101	25.895	475	254	17	79	516	86	499	5.70e-25	112
PfSN01_080013700|DBLd|1|841|1356	PT0230-Cx.g747	65.217	529	140	11	1	516	882	1379	0.0	597
PfSN01_080013700|DBLd|1|841|1356	PT0230-Cx.g747	27.796	313	178	11	221	516	218	499	6.36e-17	87.0
PfSN01_080013700|CIDRb|1|1357|1605	PA0078-C.g299	100.000	249	0	0	1	249	1359	1607	7.05e-165	499
PfSN01_080013700|CIDRb|1|1357|1605	PT0141-C.g761	99.598	249	1	0	1	249	1382	1630	1.28e-164	499
PfSN01_080013700|CIDRb|1|1357|1605	PC0065-C.g101	99.598	249	1	0	1	249	1382	1630	1.30e-164	499
PfSN01_080013700|CIDRb|1|1357|1605	PA0104-C.g449	98.394	249	4	0	1	249	1359	1607	9.12e-162	491
PfSN01_080013700|CIDRb|1|1357|1605	QG0204-C.g716	83.267	251	37	3	1	248	1257	1505	2.17e-130	405
PfSN01_080013700|ATS|1|1721|2177	PF0400-C.g153	94.530	457	25	0	1	457	1784	2240	0.0	894
PfSN01_080013700|ATS|1|1721|2177	PM0073-C.g489	92.560	457	32	2	1	457	775	1229	0.0	837
PfSN01_080013700|ATS|1|1721|2177	QG0201-C.g247	94.092	457	27	0	1	457	1705	2161	0.0	833
PfSN01_080013700|ATS|1|1721|2177	PT0170-C.g342	93.435	457	30	0	1	457	1782	2238	0.0	831
PfSN01_080013700|ATS|1|1721|2177	PFKE08.g214	93.435	457	30	0	1	457	1740	2196	0.0	830
PfSN01_080037400|NTS|1|1|71	PT0225-C.g52	100.000	71	0	0	1	71	1	71	3.23e-39	138
PfSN01_080037400|NTS|1|1|71	PA0260-C.g142	100.000	71	0	0	1	71	1	71	3.96e-39	138
PfSN01_080037400|NTS|1|1|71	PM0114-C.g361	100.000	71	0	0	1	71	1	71	5.83e-39	137
PfSN01_080037400|NTS|1|1|71	QE0466-C.g934	100.000	71	0	0	1	71	1	71	7.30e-39	137
PfSN01_080037400|NTS|1|1|71	PA0021-C.g603	100.000	71	0	0	1	71	1	71	8.61e-39	137
PfSN01_080037400|DBLa|1|72|469	PF0113-C.g225	97.487	398	9	1	1	398	72	468	0.0	806
PfSN01_080037400|DBLa|1|72|469	PF0113-C.g225	25.867	375	201	12	17	358	1300	1630	4.47e-26	113
PfSN01_080037400|DBLa|1|72|469	PF0113-C.g225	29.667	300	139	13	58	324	835	1095	1.17e-24	108
PfSN01_080037400|DBLa|1|72|469	PT0215-Cx.g911	92.714	398	29	0	1	398	72	469	0.0	773
PfSN01_080037400|DBLa|1|72|469	PT0215-Cx.g911	31.228	285	131	13	58	318	1349	1592	1.92e-25	111
PfSN01_080037400|DBLa|1|72|469	PT0215-Cx.g911	28.803	309	146	14	58	334	836	1102	1.62e-22	102
PfSN01_080037400|DBLa|1|72|469	QG0218-C.g5742	91.457	398	33	1	1	398	72	468	0.0	758
PfSN01_080037400|DBLa|1|72|469	QG0218-C.g5742	31.476	359	168	16	1	330	1299	1608	4.91e-30	125
PfSN01_080037400|DBLa|1|72|469	QG0218-C.g5742	28.620	297	146	12	58	324	836	1096	2.15e-23	105
PfSN01_080037400|DBLa|1|72|469	QG0218-C.g5742	25.994	327	178	12	117	398	2802	3109	5.28e-18	89.0
PfSN01_080037400|DBLa|1|72|469	QG0218-C.g5742	23.826	298	178	11	38	316	2133	2400	3.09e-13	74.3
PfSN01_080037400|DBLa|1|72|469	QG0218-C.g5742	23.551	276	164	8	38	287	1743	1997	1.40e-11	68.9
PfSN01_080037400|DBLa|1|72|469	PA0053-C.g65	88.221	399	44	2	1	398	72	468	0.0	731
PfSN01_080037400|DBLa|1|72|469	PA0053-C.g65	28.099	242	126	7	58	274	835	1053	1.15e-20	96.7
PfSN01_080037400|DBLa|1|72|469	PT0206-Cx.g286	87.940	398	48	0	1	398	72	469	0.0	726
PfSN01_080037400|DBLa|1|72|469	PT0206-Cx.g286	32.219	329	172	13	6	317	796	1090	3.72e-36	143
PfSN01_080037400|DBLa|1|72|469	PT0206-Cx.g286	29.502	261	138	10	8	253	1308	1537	1.56e-23	105
PfSN01_080037400|DBLa|1|72|469	PT0206-Cx.g286	20.275	291	173	11	50	316	1746	2001	2.13e-07	55.8
PfSN01_080037400|CIDRa|1|470|720	PM0051-C.g656	99.602	251	1	0	1	251	468	718	3.11e-165	508
PfSN01_080037400|CIDRa|1|470|720	QG0208-C.g272	99.602	251	1	0	1	251	468	718	3.21e-164	505
PfSN01_080037400|CIDRa|1|470|720	PM0133-C.g321	99.203	251	2	0	1	251	465	715	7.10e-164	504
PfSN01_080037400|CIDRa|1|470|720	QG0218-C.g5742	96.016	251	10	0	1	251	469	719	5.83e-158	487
PfSN01_080037400|CIDRa|1|470|720	PT0181-C.g1911	94.821	251	13	0	1	251	468	718	5.77e-150	464
PfSN01_080037400|CIDRa|1|470|720	PT0181-C.g1911	32.743	113	73	3	83	193	2421	2532	1.27e-08	57.8
PfSN01_080037400|DBLb|1|729|1212	PM0051-C.g656	90.408	490	40	2	1	484	727	1215	0.0	920
PfSN01_080037400|DBLb|1|729|1212	PM0051-C.g656	42.292	506	225	13	4	484	1734	2197	5.41e-111	363
PfSN01_080037400|DBLb|1|729|1212	PM0051-C.g656	41.223	507	216	14	10	484	1255	1711	5.07e-110	360
PfSN01_080037400|DBLb|1|729|1212	PM0051-C.g656	29.911	224	109	8	109	309	129	327	1.66e-20	97.8
PfSN01_080037400|DBLb|1|729|1212	PM0133-C.g321	89.184	490	46	2	1	484	724	1212	0.0	903
PfSN01_080037400|DBLb|1|729|1212	PM0133-C.g321	39.020	510	228	16	1	484	1237	1689	2.57e-93	312
PfSN01_080037400|DBLb|1|729|1212	PM0133-C.g321	27.515	338	181	15	5	309	18	324	1.43e-21	101
PfSN01_080037400|DBLb|1|729|1212	PM0133-C.g321	23.102	303	175	9	93	375	1738	2002	4.78e-15	80.9
PfSN01_080037400|DBLb|1|729|1212	PM0133-C.g321	24.012	329	193	13	53	354	2078	2376	3.93e-11	68.2
PfSN01_080037400|DBLb|1|729|1212	PT0215-Cx.g911	89.506	486	44	4	1	484	728	1208	0.0	896
PfSN01_080037400|DBLb|1|729|1212	PT0215-Cx.g911	45.676	370	176	12	12	368	1243	1600	2.62e-91	306
PfSN01_080037400|DBLb|1|729|1212	PT0215-Cx.g911	28.283	297	144	12	109	366	129	395	1.52e-20	97.8
PfSN01_080037400|DBLb|1|729|1212	QG0208-C.g272	88.980	490	37	3	1	484	727	1205	0.0	895
PfSN01_080037400|DBLb|1|729|1212	QG0208-C.g272	41.016	512	231	15	1	484	1221	1689	1.99e-109	358
PfSN01_080037400|DBLb|1|729|1212	QG0208-C.g272	26.794	418	208	13	93	484	1739	2084	8.52e-31	129
PfSN01_080037400|DBLb|1|729|1212	QG0208-C.g272	29.911	224	109	8	109	309	129	327	2.26e-20	97.4
PfSN01_080037400|DBLb|1|729|1212	QG0208-C.g272	22.444	401	251	13	55	433	2100	2462	1.93e-16	85.1
PfSN01_080037400|DBLb|1|729|1212	PT0117-C.g1149	87.755	490	45	3	1	484	676	1156	0.0	894
PfSN01_080037400|DBLb|1|729|1212	PT0117-C.g1149	43.271	483	218	15	12	484	1190	1626	8.52e-106	348
PfSN01_080037400|DBLb|1|729|1212	PT0117-C.g1149	29.464	224	110	8	109	309	76	274	5.63e-21	99.4
PfSN01_080037400|DBLb|1|729|1212	PT0117-C.g1149	27.758	281	136	11	103	355	2050	2291	4.56e-14	77.8
PfSN01_080037400|DBLb|1|729|1212	PT0117-C.g1149	21.918	292	174	9	89	353	1668	1932	8.70e-09	60.8
PfSN01_080037400|DBLg|1|1232|1618	PA0045-C.g169	79.639	388	63	5	1	387	1300	1672	0.0	602
PfSN01_080037400|DBLg|1|1232|1618	PA0045-C.g169	49.005	402	160	15	1	387	1679	2050	1.78e-99	326
PfSN01_080037400|DBLg|1|1232|1618	PA0045-C.g169	35.806	310	145	5	45	301	2277	2585	3.39e-47	175
PfSN01_080037400|DBLg|1|1232|1618	PA0045-C.g169	24.516	310	168	12	20	301	917	1188	5.17e-12	70.1
PfSN01_080037400|DBLg|1|1232|1618	PA0045-C.g169	23.746	299	175	10	31	301	407	680	6.12e-11	67.0
PfSN01_080037400|DBLg|1|1232|1618	PA0051-C.g242	79.639	388	63	5	1	387	1734	2106	0.0	601
PfSN01_080037400|DBLg|1|1232|1618	PA0051-C.g242	49.005	402	160	15	1	387	2113	2484	2.30e-99	325
PfSN01_080037400|DBLg|1|1232|1618	PA0051-C.g242	35.806	310	145	5	45	301	2711	3019	3.54e-47	175
PfSN01_080037400|DBLg|1|1232|1618	PA0051-C.g242	24.516	310	168	12	20	301	1351	1622	5.57e-12	70.1
PfSN01_080037400|DBLg|1|1232|1618	PA0051-C.g242	26.154	260	120	9	125	333	193	431	4.55e-11	67.4
PfSN01_080037400|DBLg|1|1232|1618	PA0051-C.g242	23.746	299	175	10	31	301	841	1114	7.08e-11	66.6
PfSN01_080037400|DBLg|1|1232|1618	PA0017-C.g578	79.639	388	63	5	1	387	1734	2106	0.0	601
PfSN01_080037400|DBLg|1|1232|1618	PA0017-C.g578	49.005	402	160	15	1	387	2113	2484	2.30e-99	325
PfSN01_080037400|DBLg|1|1232|1618	PA0017-C.g578	35.806	310	145	5	45	301	2711	3019	3.54e-47	175
PfSN01_080037400|DBLg|1|1232|1618	PA0017-C.g578	24.516	310	168	12	20	301	1351	1622	5.57e-12	70.1
PfSN01_080037400|DBLg|1|1232|1618	PA0017-C.g578	26.154	260	120	9	125	333	193	431	4.55e-11	67.4
PfSN01_080037400|DBLg|1|1232|1618	PA0017-C.g578	23.746	299	175	10	31	301	841	1114	7.08e-11	66.6
PfSN01_080037400|DBLg|1|1232|1618	PH0510-C.g72	66.410	390	117	6	1	387	1207	1585	1.47e-162	507
PfSN01_080037400|DBLg|1|1232|1618	PH0510-C.g72	43.266	349	172	10	1	334	1603	1940	6.69e-72	246
PfSN01_080037400|DBLg|1|1232|1618	PH0510-C.g72	31.124	347	153	10	45	305	2166	2512	6.82e-35	139
PfSN01_080037400|DBLg|1|1232|1618	PH0510-C.g72	26.059	307	154	11	31	301	324	593	1.03e-13	75.5
PfSN01_080037400|DBLg|1|1232|1618	PH0510-C.g72	25.503	298	163	11	31	303	831	1094	1.47e-13	75.1
PfSN01_080037400|DBLg|1|1232|1618	PT0066-C.g738	66.752	391	107	8	1	387	1746	2117	2.08e-159	498
PfSN01_080037400|DBLg|1|1232|1618	PT0066-C.g738	35.154	421	213	13	1	387	2137	2531	1.84e-59	210
PfSN01_080037400|DBLg|1|1232|1618	PT0066-C.g738	29.193	322	148	11	66	307	2770	3091	1.24e-27	117
PfSN01_080037400|DBLg|1|1232|1618	PT0066-C.g738	26.441	295	152	10	31	301	854	1107	7.28e-13	72.8
PfSN01_080037400|DBLg|1|1232|1618	PT0066-C.g738	24.806	387	204	14	43	387	1390	1731	3.81e-12	70.5
PfSN01_080037400|DBLg|1|1232|1618	PT0066-C.g738	27.586	174	92	6	165	315	270	432	3.93e-07	54.7
PfSN01_080037400|DBLg|2|1625|2000	PF0157-C.g853	81.530	379	58	6	1	376	1662	2031	0.0	622
PfSN01_080037400|DBLg|2|1625|2000	PF0157-C.g853	25.829	422	142	11	47	298	2252	2672	1.23e-26	114
PfSN01_080037400|DBLg|2|1625|2000	PF0157-C.g853	28.975	283	150	9	48	307	1307	1561	1.51e-23	105
PfSN01_080037400|DBLg|2|1625|2000	PF0157-C.g853	25.155	322	184	12	33	320	108	406	5.91e-19	91.3
PfSN01_080037400|DBLg|2|1625|2000	PF0157-C.g853	25.912	274	150	9	51	306	806	1044	7.80e-16	82.0
PfSN01_080037400|DBLg|2|1625|2000	PH0549-C.g376	75.789	380	78	4	1	376	1273	1642	0.0	582
PfSN01_080037400|DBLg|2|1625|2000	PH0549-C.g376	28.571	455	173	16	1	310	1805	2252	4.24e-36	142
PfSN01_080037400|DBLg|2|1625|2000	PH0549-C.g376	27.636	275	143	9	48	300	867	1107	2.36e-20	95.5
PfSN01_080037400|DBLg|2|1625|2000	PH0549-C.g376	26.490	302	168	12	34	298	106	390	4.12e-16	82.8
PfSN01_080037400|DBLg|2|1625|2000	PA0183-C.g646	72.703	381	84	7	1	376	1692	2057	8.50e-178	550
PfSN01_080037400|DBLg|2|1625|2000	PA0183-C.g646	46.177	327	139	10	1	299	2075	2392	5.50e-80	269
PfSN01_080037400|DBLg|2|1625|2000	PA0183-C.g646	30.928	388	178	15	1	303	2587	2969	8.07e-32	129
PfSN01_080037400|DBLg|2|1625|2000	PA0183-C.g646	26.277	274	141	10	48	298	838	1073	4.10e-15	79.7
PfSN01_080037400|DBLg|2|1625|2000	PA0183-C.g646	24.675	308	174	10	15	300	1303	1574	5.33e-15	79.3
PfSN01_080037400|DBLg|2|1625|2000	PA0183-C.g646	25.000	284	159	11	33	284	107	368	3.44e-14	77.0
PfSN01_080037400|DBLg|2|1625|2000	PA0168-C.g483	85.906	298	42	0	1	298	1231	1528	4.04e-173	534
PfSN01_080037400|DBLg|2|1625|2000	PA0168-C.g483	49.871	387	172	8	1	376	1638	2013	1.51e-114	369
PfSN01_080037400|DBLg|2|1625|2000	PA0168-C.g483	25.436	287	168	8	31	299	829	1087	1.25e-19	93.2
PfSN01_080037400|DBLg|2|1625|2000	PA0168-C.g483	26.970	330	184	13	27	320	106	414	3.67e-17	85.9
PfSN01_080037400|DBLg|2|1625|2000	PA0207-C.g199	85.906	298	42	0	1	298	1248	1545	6.14e-173	536
PfSN01_080037400|DBLg|2|1625|2000	PA0207-C.g199	46.205	303	134	7	1	284	1655	1947	6.40e-67	231
PfSN01_080037400|DBLg|2|1625|2000	PA0207-C.g199	29.024	379	168	10	24	302	2204	2581	1.41e-40	155
PfSN01_080037400|DBLg|2|1625|2000	PA0207-C.g199	28.438	320	174	14	34	320	109	406	2.27e-19	92.8
PfSN01_080037400|DBLg|2|1625|2000	PA0207-C.g199	25.000	308	173	11	32	306	829	1111	9.15e-15	78.6
PfSN01_080037400|DBLd|1|2133|2627	PM0015-C.g11	54.563	504	152	12	1	495	428	863	4.65e-163	496
PfSN01_080037400|DBLd|1|2133|2627	QG0298-C.g2171	50.276	543	187	12	12	495	901	1419	5.57e-150	471
PfSN01_080037400|DBLd|1|2133|2627	QG0298-C.g2171	33.133	166	89	5	334	482	316	476	2.82e-12	72.0
PfSN01_080037400|DBLd|1|2133|2627	PC0065-C.g3413	53.282	518	204	14	1	495	2219	2721	1.79e-148	472
PfSN01_080037400|DBLd|1|2133|2627	PC0065-C.g3413	27.568	370	148	11	60	427	1315	1566	1.14e-29	126
PfSN01_080037400|DBLd|1|2133|2627	PC0065-C.g3413	26.556	482	213	19	1	465	1635	1992	6.97e-29	124
PfSN01_080037400|DBLd|1|2133|2627	PC0065-C.g3413	29.730	185	106	7	328	495	289	466	6.97e-14	77.0
PfSN01_080037400|DBLd|1|2133|2627	PM0062-C.g2	51.040	529	191	20	1	495	134	628	1.48e-147	449
PfSN01_080037400|DBLd|1|2133|2627	PA0098-C.g708	50.089	559	202	16	1	495	827	1372	1.79e-144	455
PfSN01_080037400|DBLd|1|2133|2627	PA0098-C.g708	32.044	181	103	7	334	495	313	492	3.48e-14	78.2
PfSN01_080037400|CIDRb|1|2628|2897	PF0240-C.g368	89.630	270	24	2	1	270	1429	1694	1.22e-151	466
PfSN01_080037400|CIDRb|1|2628|2897	PM0015-C.g11	85.348	273	35	4	1	270	864	1134	6.71e-149	449
PfSN01_080037400|CIDRb|1|2628|2897	QG0296-C.g5322	79.167	264	51	4	2	262	1390	1652	9.52e-129	403
PfSN01_080037400|CIDRb|1|2628|2897	QG0184-C.g751	69.373	271	70	5	1	270	1005	1263	2.50e-114	359
PfSN01_080037400|CIDRb|1|2628|2897	PA0038-C.g505	71.910	267	67	4	1	265	1456	1716	8.29e-111	353
PfSN01_080037400|ATS|1|3030|3472	PfKE02.g50	84.389	442	64	3	7	443	2571	3012	0.0	747
PfSN01_080037400|ATS|1|3030|3472	PF0489-C.g117	83.371	445	70	3	1	443	2944	3386	0.0	744
PfSN01_080037400|ATS|1|3030|3472	PT0256-C.g286	82.812	448	71	3	1	443	2267	2713	0.0	744
PfSN01_080037400|ATS|1|3030|3472	PfKE02.g12	85.287	435	58	3	1	430	2562	2995	0.0	742
PfSN01_080037400|ATS|1|3030|3472	PfKE02.g12	68.966	116	18	3	330	443	2995	3094	6.92e-34	137
PfSN01_080037400|ATS|1|3030|3472	QE0448-C.g49	82.774	447	53	4	1	443	2723	3149	0.0	736
PfSN01_080037600|NTS|1|1|63	PT0303-Cx.g2123	89.583	48	5	0	16	63	12	59	1.76e-22	90.5
PfSN01_080037600|NTS|1|1|63	PA0205-C.g599	74.576	59	14	1	1	58	1	59	2.08e-20	84.3
PfSN01_080037600|NTS|1|1|63	PF0311-C.g576	85.106	47	6	1	18	63	14	60	3.44e-18	78.2
PfSN01_080037600|NTS|1|1|63	PF0298-C.g484	79.592	49	9	1	16	63	11	59	1.58e-17	76.3
PfSN01_080037600|NTS|1|1|63	QE0410-C.g907	73.469	49	13	0	15	63	16	64	1.90e-17	76.3
PfSN01_080037600|DBLa|1|64|496	PA0220-C.g291	62.640	447	145	8	1	433	65	503	0.0	535
PfSN01_080037600|DBLa|1|64|496	PT0035-C.g564	64.302	451	130	12	1	433	68	505	9.42e-180	543
PfSN01_080037600|DBLa|1|64|496	PT0035-C.g564	27.675	271	146	13	184	433	1145	1386	8.14e-12	70.1
PfSN01_080037600|DBLa|1|64|496	SenT179.08.g1673	61.111	450	142	14	1	433	66	499	7.30e-171	507
PfSN01_080037600|DBLa|1|64|496	PM0136-C.g529	61.707	457	144	12	1	433	61	510	7.42e-171	523
PfSN01_080037600|DBLa|1|64|496	PM0136-C.g529	26.536	358	214	16	96	433	997	1325	5.27e-17	86.3
PfSN01_080037600|DBLa|1|64|496	QE0418-C.g655	59.955	442	158	10	1	433	72	503	4.68e-170	509
PfSN01_080037600|CIDRa|1|497|775	PV0035-C.g43	76.786	280	51	3	1	270	495	770	2.07e-131	411
PfSN01_080037600|CIDRa|1|497|775	PF0330-C.g523	78.022	273	56	3	1	270	488	759	1.33e-126	389
PfSN01_080037600|CIDRa|1|497|775	PT0027-C.g2	78.022	273	56	3	1	270	488	759	1.73e-126	389
PfSN01_080037600|CIDRa|1|497|775	QE0455-C.g17	71.181	288	68	5	1	274	484	770	3.69e-126	389
PfSN01_080037600|CIDRa|1|497|775	PA0149-C.g368	73.310	281	69	3	1	279	495	771	9.47e-126	395
PfSN01_080037600|CIDRa|1|497|775	PA0149-C.g368	34.524	84	53	2	108	190	1473	1555	3.42e-07	53.9
PfSN01_080037600|DBLd|1|898|1394	PA0046-C.g400	53.861	531	181	15	1	497	698	1198	8.77e-159	491
PfSN01_080037600|DBLd|1|898|1394	PA0046-C.g400	26.518	313	161	9	200	481	11	285	2.31e-15	81.6
PfSN01_080037600|DBLd|1|898|1394	PA0034-C.g460	53.861	531	181	15	1	497	699	1199	1.06e-158	491
PfSN01_080037600|DBLd|1|898|1394	PA0034-C.g460	26.518	313	161	9	200	481	12	286	2.46e-15	81.6
PfSN01_080037600|DBLd|1|898|1394	PC0085-C.g75	54.739	517	198	17	1	497	750	1250	1.39e-158	493
PfSN01_080037600|DBLd|1|898|1394	SenT133.11.g388	54.721	519	201	18	1	497	835	1341	9.61e-158	491
PfSN01_080037600|DBLd|1|898|1394	SenT133.11.g388	30.389	283	144	11	240	497	249	503	9.00e-20	95.5
PfSN01_080037600|DBLd|1|898|1394	SenT129.11.g792	54.721	519	201	18	1	497	835	1341	9.61e-158	491
PfSN01_080037600|DBLd|1|898|1394	SenT129.11.g792	30.389	283	144	11	240	497	249	503	9.00e-20	95.5
PfSN01_080037600|CIDRg|1|1395|1669	PF0122-C.g458	100.000	275	0	0	1	275	1004	1278	0.0	567
PfSN01_080037600|CIDRg|1|1395|1669	QG0218-C.g2451	71.805	266	67	3	1	266	875	1132	1.45e-118	369
PfSN01_080037600|CIDRg|1|1395|1669	PF0207-C.g30	71.536	267	68	3	1	266	1017	1276	4.32e-118	370
PfSN01_080037600|CIDRg|1|1395|1669	PC0070-C.g483	66.904	281	84	5	1	275	607	884	5.71e-117	360
PfSN01_080037600|CIDRg|1|1395|1669	PM0073-C.g1347	66.547	278	86	4	1	273	1531	1806	2.50e-113	360
PfSN01_080037600|ATS|1|1765|2266	PV0211-C.g122	75.828	513	88	9	1	502	891	1378	0.0	711
PfSN01_080037600|ATS|1|1765|2266	PV0211-C.g126	73.106	528	93	9	1	502	841	1345	0.0	702
PfSN01_080037600|ATS|1|1765|2266	QE0475-C.g596	76.331	507	69	7	1	502	1737	2197	0.0	699
PfSN01_080037600|ATS|1|1765|2266	PA0270-C.g443	73.663	505	80	8	1	502	2185	2639	0.0	694
PfSN01_080037600|ATS|1|1765|2266	PFKE12.g291	76.955	486	67	7	1	470	1061	1517	0.0	694
PfSN01_090005500|NTS|1|1|69	PA0140-C.g694	100.000	69	0	0	1	69	1	69	3.13e-40	141
PfSN01_090005500|NTS|1|1|69	PA0208-C.g430	100.000	69	0	0	1	69	1	69	5.34e-40	140
PfSN01_090005500|NTS|1|1|69	SenT165.09.g4041	100.000	69	0	0	1	69	1	69	7.42e-40	140
PfSN01_090005500|NTS|1|1|69	PM0117-C.g643	95.652	69	3	0	1	69	1	69	2.70e-32	118
PfSN01_090005500|NTS|1|1|69	QE0429-C.g860	74.194	62	16	0	8	69	8	69	1.05e-22	91.3
PfSN01_090005500|DBLa|1|70|483	PA0140-C.g694	100.000	414	0	0	1	414	70	483	0.0	868
PfSN01_090005500|DBLa|1|70|483	PA0140-C.g694	25.523	239	126	9	133	332	1045	1270	3.49e-10	64.7
PfSN01_090005500|DBLa|1|70|483	SenT165.09.g4041	100.000	414	0	0	1	414	70	483	0.0	866
PfSN01_090005500|DBLa|1|70|483	SenT165.09.g4041	24.638	276	140	6	108	332	997	1255	3.34e-18	89.7
PfSN01_090005500|DBLa|1|70|483	PA0208-C.g430	95.894	414	17	0	1	414	70	483	0.0	835
PfSN01_090005500|DBLa|1|70|483	PA0208-C.g430	29.444	180	115	5	236	414	1215	1383	1.99e-13	74.7
PfSN01_090005500|DBLa|1|70|483	PV0035-C.g53	79.616	417	80	3	1	414	65	479	0.0	676
PfSN01_090005500|DBLa|1|70|483	PV0035-C.g53	34.694	98	61	2	234	329	1133	1229	1.45e-09	62.8
PfSN01_090005500|DBLa|1|70|483	QE0414-C.g47	78.571	420	83	3	1	414	65	483	0.0	673
PfSN01_090005500|CIDRa|1|484|730	SenT165.09.g4041	100.000	247	0	0	1	247	484	730	8.88e-170	503
PfSN01_090005500|CIDRa|1|484|730	PA0140-C.g694	100.000	247	0	0	1	247	484	730	4.36e-167	504
PfSN01_090005500|CIDRa|1|484|730	PA0208-C.g430	95.547	247	11	0	1	247	484	730	2.21e-148	456
PfSN01_090005500|CIDRa|1|484|730	PF0816-C.g547	83.265	245	38	1	1	245	487	728	6.60e-132	412
PfSN01_090005500|CIDRa|1|484|730	SenT092.08.g1153	82.857	245	42	0	1	245	493	737	2.92e-131	408
PfSN01_090005500|DBLd|1|818|1349	PA0140-C.g694	62.362	542	167	10	1	532	818	1332	0.0	620
PfSN01_090005500|DBLd|1|818|1349	PA0140-C.g694	26.996	263	147	10	282	532	254	483	3.34e-17	87.8
PfSN01_090005500|DBLd|1|818|1349	PA0221-C.g852	58.791	546	161	14	1	532	795	1290	0.0	588
PfSN01_090005500|DBLd|1|818|1349	PA0221-C.g852	25.191	262	155	8	282	532	235	466	2.42e-13	75.5
PfSN01_090005500|DBLd|1|818|1349	PT0106-C.g799	57.245	559	175	16	1	532	847	1368	0.0	579
PfSN01_090005500|DBLd|1|818|1349	PT0106-C.g799	30.882	204	102	9	362	532	283	480	1.14e-13	76.6
PfSN01_090005500|DBLd|1|818|1349	SenT165.09.g4041	58.228	474	145	9	1	459	818	1253	2.57e-162	496
PfSN01_090005500|DBLd|1|818|1349	SenT165.09.g4041	26.996	263	147	10	282	532	254	483	3.85e-17	87.8
PfSN01_090005500|DBLd|1|818|1349	QG0196-C.g853	52.734	567	192	17	1	532	831	1356	3.85e-160	499
PfSN01_090005500|DBLd|1|818|1349	QG0196-C.g853	24.251	367	210	13	188	532	172	492	9.30e-15	80.1
PfSN01_090005500|CIDRb|1|1350|1600	PT0106-C.g799	88.189	254	24	3	1	251	1369	1619	6.31e-142	438
PfSN01_090005500|CIDRb|1|1350|1600	PT0262-C.g717	87.149	249	24	3	1	245	1407	1651	1.14e-138	429
PfSN01_090005500|CIDRb|1|1350|1600	QG0196-C.g853	81.818	253	43	2	1	251	1357	1608	2.01e-132	412
PfSN01_090005500|CIDRb|1|1350|1600	PD0572-C.g731	81.746	252	44	2	1	251	1333	1583	4.94e-132	410
PfSN01_090005500|CIDRb|1|1350|1600	PD0552-C.g703	79.200	250	51	1	1	249	1384	1633	1.01e-127	399
PfSN01_090005500|ATS|1|1732|2188	PD0483-C.g348	84.565	460	66	5	1	457	2589	3046	0.0	745
PfSN01_090005500|ATS|1|1732|2188	PV0028-C.g43	80.694	461	61	7	1	457	1843	2279	0.0	734
PfSN01_090005500|ATS|1|1732|2188	PA0270-C.g443	79.348	460	87	7	1	457	2185	2639	0.0	720
PfSN01_090005500|ATS|1|1732|2188	PV0211-C.g122	79.065	492	64	7	1	457	891	1378	0.0	716
PfSN01_090005500|ATS|1|1732|2188	PD0474-C.g567	79.741	464	82	9	1	457	2375	2833	0.0	715
PfSN01_090005700|NTS|1|1|75	PF0282-C.g279	74.667	75	19	0	1	75	1	75	1.36e-29	111
PfSN01_090005700|NTS|1|1|75	PM0103-C.g503	74.667	75	19	0	1	75	1	75	1.49e-29	111
PfSN01_090005700|NTS|1|1|75	PM0136-C.g65	74.667	75	19	0	1	75	1	75	1.71e-29	110
PfSN01_090005700|NTS|1|1|75	PF0818-C.g201	76.000	75	18	0	1	75	1	75	4.63e-28	107
PfSN01_090005700|NTS|1|1|75	PA0213-C.g702	74.667	75	19	0	1	75	1	75	7.84e-28	106
PfSN01_090005700|DBLa|1|76|474	PA0081-C.g47	74.442	403	99	3	1	399	76	478	0.0	584
PfSN01_090005700|DBLa|1|76|474	PA0081-C.g47	33.248	391	205	15	17	381	1350	1710	4.64e-46	172
PfSN01_090005700|DBLa|1|76|474	PA0081-C.g47	30.868	311	173	11	21	316	843	1126	1.58e-36	144
PfSN01_090005700|DBLa|1|76|474	PA0081-C.g47	29.154	319	159	8	17	318	1814	2082	1.29e-32	132
PfSN01_090005700|DBLa|1|76|474	PA0081-C.g47	24.219	256	153	7	173	399	2551	2794	2.71e-12	71.2
PfSN01_090005700|DBLa|1|76|474	PC0071-C.g44	74.505	404	98	3	1	399	76	479	0.0	584
PfSN01_090005700|DBLa|1|76|474	PC0071-C.g44	37.313	201	101	7	13	190	810	1008	5.34e-30	124
PfSN01_090005700|DBLa|1|76|474	PH0604-C.g967	72.750	400	108	1	1	399	76	475	0.0	574
PfSN01_090005700|DBLa|1|76|474	PH0604-C.g967	33.456	272	149	10	21	273	828	1086	9.11e-37	145
PfSN01_090005700|DBLa|1|76|474	PH0604-C.g967	31.159	276	147	9	55	316	1407	1653	9.34e-31	127
PfSN01_090005700|DBLa|1|76|474	PH0604-C.g967	25.413	303	162	12	36	316	2185	2445	4.38e-15	80.1
PfSN01_090005700|DBLa|1|76|474	PH0604-C.g967	22.973	296	174	7	35	318	1791	2044	2.05e-13	74.7
PfSN01_090005700|DBLa|1|76|474	PH0604-C.g967	28.333	180	108	5	228	399	2963	3129	4.17e-11	67.4
PfSN01_090005700|DBLa|1|76|474	PH0585-C.g813	72.750	400	108	1	1	399	76	475	0.0	574
PfSN01_090005700|DBLa|1|76|474	PH0585-C.g813	33.456	272	149	10	21	273	828	1086	9.11e-37	145
PfSN01_090005700|DBLa|1|76|474	PH0585-C.g813	31.159	276	147	9	55	316	1407	1653	9.34e-31	127
PfSN01_090005700|DBLa|1|76|474	PH0585-C.g813	25.413	303	162	12	36	316	2185	2445	4.38e-15	80.1
PfSN01_090005700|DBLa|1|76|474	PH0585-C.g813	22.973	296	174	7	35	318	1791	2044	2.05e-13	74.7
PfSN01_090005700|DBLa|1|76|474	PH0585-C.g813	28.333	180	108	5	228	399	2963	3129	4.17e-11	67.4
PfSN01_090005700|DBLa|1|76|474	PA0044-C.g80	72.637	402	105	3	1	399	76	475	0.0	574
PfSN01_090005700|DBLa|1|76|474	PA0044-C.g80	30.508	354	199	14	21	359	1294	1615	4.33e-38	149
PfSN01_090005700|DBLa|1|76|474	PA0044-C.g80	34.982	283	129	12	55	316	854	1102	2.50e-37	146
PfSN01_090005700|DBLa|1|76|474	PA0044-C.g80	26.364	330	183	13	114	399	2345	2658	1.78e-14	78.2
PfSN01_090005700|DBLa|1|76|474	PA0044-C.g80	24.104	307	174	10	36	316	1701	1974	1.22e-13	75.5
PfSN01_090005700|CIDRa|1|475|724	PT0262-C.g759	99.600	250	1	0	1	250	477	726	6.97e-170	514
PfSN01_090005700|CIDRa|1|475|724	PA0102-C.g189	100.000	250	0	0	1	250	464	713	2.60e-168	516
PfSN01_090005700|CIDRa|1|475|724	PA0260-C.g79	81.275	251	46	1	1	250	475	725	1.51e-131	412
PfSN01_090005700|CIDRa|1|475|724	PF0263-C.g511	81.275	251	46	1	1	250	475	725	1.75e-131	411
PfSN01_090005700|CIDRa|1|475|724	PT0215-Cx.g565	82.072	251	44	1	1	250	476	726	4.70e-131	410
PfSN01_090005700|DBLb|1|733|1227	PA0172-C.g948	69.777	493	131	8	1	489	732	1210	0.0	681
PfSN01_090005700|DBLb|1|733|1227	PA0172-C.g948	41.257	509	228	17	1	490	2277	2733	2.78e-91	307
PfSN01_090005700|DBLb|1|733|1227	PA0172-C.g948	33.948	271	138	10	67	318	84	332	4.65e-33	136
PfSN01_090005700|DBLb|1|733|1227	PA0172-C.g948	24.375	320	191	11	58	364	2748	3029	3.98e-15	81.3
PfSN01_090005700|DBLb|1|733|1227	PA0172-C.g948	23.569	297	169	12	110	390	1277	1531	7.92e-09	60.8
PfSN01_090005700|DBLb|1|733|1227	PH0815-C.g877	69.450	491	140	5	10	495	250	735	0.0	672
PfSN01_090005700|DBLb|1|733|1227	PH0815-C.g877	27.333	450	241	16	60	490	779	1161	2.25e-31	130
PfSN01_090005700|DBLb|1|733|1227	QE0481-C.g710	69.450	491	140	5	10	495	753	1238	0.0	672
PfSN01_090005700|DBLb|1|733|1227	QE0481-C.g710	31.034	348	187	13	36	346	45	376	1.84e-34	140
PfSN01_090005700|DBLb|1|733|1227	QE0481-C.g710	27.333	450	241	16	60	490	1282	1664	1.83e-31	131
PfSN01_090005700|DBLb|1|733|1227	QE0481-C.g710	27.372	274	153	11	108	357	1729	1980	1.25e-16	85.9
PfSN01_090005700|DBLb|1|733|1227	QE0415-C.g45	69.450	491	140	5	10	495	753	1238	0.0	672
PfSN01_090005700|DBLb|1|733|1227	QE0415-C.g45	31.034	348	187	13	36	346	45	376	1.84e-34	140
PfSN01_090005700|DBLb|1|733|1227	QE0415-C.g45	27.333	450	241	16	60	490	1282	1664	1.83e-31	131
PfSN01_090005700|DBLb|1|733|1227	QE0415-C.g45	27.372	274	153	11	108	357	1729	1980	1.25e-16	85.9
PfSN01_090005700|DBLb|1|733|1227	PF0240-C.g533	69.138	499	123	9	1	492	732	1206	0.0	669
PfSN01_090005700|DBLb|1|733|1227	PF0240-C.g533	41.633	502	222	17	1	488	2273	2717	1.17e-105	348
PfSN01_090005700|DBLb|1|733|1227	PF0240-C.g533	33.688	282	145	11	67	329	84	342	2.58e-33	137
PfSN01_090005700|DBLb|1|733|1227	PF0240-C.g533	27.076	277	145	14	94	356	2763	2996	3.31e-12	72.0
PfSN01_090005700|DBLb|1|733|1227	PF0240-C.g533	27.099	262	148	13	110	357	1279	1511	3.20e-11	68.6
PfSN01_090005700|DBLg|1|1268|1603	PM0133-C.g449	100.000	336	0	0	1	336	1264	1599	0.0	689
PfSN01_090005700|DBLg|1|1268|1603	PM0133-C.g449	48.468	359	160	8	1	336	2758	3114	2.53e-91	300
PfSN01_090005700|DBLg|1|1268|1603	PM0133-C.g449	30.792	341	169	11	1	276	1604	1942	5.50e-37	143
PfSN01_090005700|DBLg|1|1268|1603	PM0133-C.g449	29.435	248	149	8	43	267	842	1086	1.28e-17	86.7
PfSN01_090005700|DBLg|1|1268|1603	PM0133-C.g449	25.632	277	151	8	40	273	128	392	3.79e-16	82.0
PfSN01_090005700|DBLg|1|1268|1603	PM0133-C.g449	27.309	249	148	9	28	259	2402	2634	1.38e-15	80.5
PfSN01_090005700|DBLg|1|1268|1603	QG0295-C.g1410	100.000	336	0	0	1	336	1266	1601	0.0	687
PfSN01_090005700|DBLg|1|1268|1603	QG0295-C.g1410	44.663	356	176	7	1	336	2754	3108	1.48e-87	289
PfSN01_090005700|DBLg|1|1268|1603	QG0295-C.g1410	30.473	338	165	12	1	274	1606	1937	1.71e-35	139
PfSN01_090005700|DBLg|1|1268|1603	QG0295-C.g1410	28.852	305	173	12	43	318	2400	2689	3.66e-18	88.2
PfSN01_090005700|DBLg|1|1268|1603	QG0295-C.g1410	25.939	293	174	11	15	273	108	391	1.20e-17	86.7
PfSN01_090005700|DBLg|1|1268|1603	QG0295-C.g1410	26.792	265	156	8	37	275	844	1096	2.38e-14	76.6
PfSN01_090005700|DBLg|1|1268|1603	QG0253-C.g2565	76.261	337	79	1	1	336	548	884	4.83e-169	523
PfSN01_090005700|DBLg|1|1268|1603	QG0253-C.g2565	46.389	360	167	8	1	336	2070	2427	5.56e-90	296
PfSN01_090005700|DBLg|1|1268|1603	QG0253-C.g2565	32.667	300	133	9	42	273	936	1234	2.27e-36	141
PfSN01_090005700|DBLg|1|1268|1603	QG0253-C.g2565	24.723	271	174	7	28	274	1697	1961	9.38e-15	77.8
PfSN01_090005700|DBLg|1|1268|1603	QG0253-C.g2565	28.750	240	122	13	37	245	100	321	1.93e-11	67.8
PfSN01_090005700|DBLg|1|1268|1603	QG0256-C.g2719	76.261	337	79	1	1	336	850	1186	1.49e-168	522
PfSN01_090005700|DBLg|1|1268|1603	QG0256-C.g2719	46.389	360	167	8	1	336	2372	2729	8.85e-90	296
PfSN01_090005700|DBLg|1|1268|1603	QG0256-C.g2719	32.667	300	133	9	42	273	1238	1536	2.78e-36	141
PfSN01_090005700|DBLg|1|1268|1603	QG0256-C.g2719	24.723	271	174	7	28	274	1999	2263	8.18e-15	78.2
PfSN01_090005700|DBLg|1|1268|1603	QG0256-C.g2719	28.750	240	122	13	37	245	402	623	2.00e-11	67.8
PfSN01_090005700|DBLg|1|1268|1603	PM0038-C.g2427	72.917	336	89	1	1	336	1277	1610	1.07e-161	501
PfSN01_090005700|DBLg|1|1268|1603	PM0038-C.g2427	30.678	339	169	9	1	279	1615	1947	2.17e-41	156
PfSN01_090005700|DBLg|1|1268|1603	PM0038-C.g2427	25.552	317	185	14	1	275	788	1095	7.38e-14	75.1
PfSN01_090005700|DBLg|1|1268|1603	PM0038-C.g2427	24.528	212	135	5	41	231	123	330	1.18e-13	74.3
PfSN01_090005700|DBLd|1|1608|2022	PfKE04.g6	97.619	420	5	1	1	415	1176	1595	0.0	842
PfSN01_090005700|DBLd|1|1608|2022	PfKE04.g6	36.517	356	148	14	1	348	826	1111	4.83e-50	184
PfSN01_090005700|DBLd|1|1608|2022	PfKE04.g6	28.462	390	210	7	41	415	130	465	1.28e-34	139
PfSN01_090005700|DBLd|1|1608|2022	PA0047-C.g530	97.619	420	5	1	1	415	362	781	0.0	838
PfSN01_090005700|DBLd|1|1608|2022	PA0047-C.g530	36.517	356	148	14	1	348	12	297	1.08e-49	183
PfSN01_090005700|DBLd|1|1608|2022	PA0047-C.g530	20.551	399	211	10	42	413	1186	1505	2.04e-08	58.9
PfSN01_090005700|DBLd|1|1608|2022	PT0242-Cx.g208	96.905	420	7	2	1	415	1219	1637	0.0	833
PfSN01_090005700|DBLd|1|1608|2022	PT0242-Cx.g208	35.152	330	148	8	38	345	866	1151	2.18e-45	171
PfSN01_090005700|DBLd|1|1608|2022	PT0242-Cx.g208	29.040	396	205	9	38	415	124	461	9.82e-39	151
PfSN01_090005700|DBLd|1|1608|2022	PA0204-C.g725	94.787	422	14	3	1	415	1611	2031	0.0	813
PfSN01_090005700|DBLd|1|1608|2022	PA0204-C.g725	35.233	386	188	10	6	384	1253	1583	3.80e-54	196
PfSN01_090005700|DBLd|1|1608|2022	PA0204-C.g725	31.232	349	163	12	1	345	2791	3066	3.09e-40	155
PfSN01_090005700|DBLd|1|1608|2022	PA0204-C.g725	24.834	451	234	18	12	415	89	481	2.02e-16	84.3
PfSN01_090005700|DBLd|1|1608|2022	PA0204-C.g725	23.741	278	128	10	136	390	2506	2722	4.69e-09	61.2
PfSN01_090005700|DBLd|1|1608|2022	PM0161-C.g791	94.787	422	14	3	1	415	220	640	0.0	811
PfSN01_090005700|DBLd|1|1608|2022	PM0161-C.g791	34.081	223	114	6	164	384	1	192	1.29e-23	106
PfSN01_090005700|DBLd|1|1608|2022	PM0161-C.g791	23.741	278	128	10	136	390	1115	1331	5.21e-09	60.8
PfSN01_090005700|CIDRb|1|2023|2275	PM0161-C.g791	100.000	253	0	0	1	253	641	893	2.96e-170	509
PfSN01_090005700|CIDRb|1|2023|2275	PA0047-C.g530	100.000	253	0	0	1	253	782	1034	2.53e-169	508
PfSN01_090005700|CIDRb|1|2023|2275	PT0242-Cx.g208	100.000	253	0	0	1	253	1638	1890	8.41e-167	512
PfSN01_090005700|CIDRb|1|2023|2275	PT0242-Cx.g208	31.325	249	155	7	2	244	463	701	4.57e-21	94.4
PfSN01_090005700|CIDRb|1|2023|2275	PfKE04.g6	100.000	253	0	0	1	253	1596	1848	9.12e-167	513
PfSN01_090005700|CIDRb|1|2023|2275	PfKE04.g6	29.524	210	143	3	36	244	503	708	4.13e-24	103
PfSN01_090005700|CIDRb|1|2023|2275	PA0204-C.g725	100.000	253	0	0	1	253	2032	2284	1.70e-166	512
PfSN01_090005700|CIDRb|1|2023|2275	PA0204-C.g725	24.473	237	152	9	20	243	503	725	2.11e-10	63.2
PfSN01_090005700|DBLb|2|2303|2745	PM0020-C.g306	81.678	453	68	4	1	443	1890	2337	0.0	755
PfSN01_090005700|DBLb|2|2303|2745	PM0020-C.g306	30.633	395	204	13	6	353	16	387	2.81e-34	139
PfSN01_090005700|DBLb|2|2303|2745	PM0020-C.g306	27.747	364	214	12	101	437	2385	2726	1.31e-27	119
PfSN01_090005700|DBLb|2|2303|2745	PM0020-C.g306	23.132	281	160	6	116	353	868	1135	3.32e-11	68.2
PfSN01_090005700|DBLb|2|2303|2745	PM0020-C.g306	23.473	311	154	11	111	354	1247	1540	3.90e-07	55.1
PfSN01_090005700|DBLb|2|2303|2745	PC0103-C.g1222	81.457	453	69	4	1	443	1924	2371	0.0	753
PfSN01_090005700|DBLb|2|2303|2745	PC0103-C.g1222	29.754	447	229	18	4	394	18	435	1.32e-38	151
PfSN01_090005700|DBLb|2|2303|2745	PC0103-C.g1222	25.464	377	207	15	101	443	2415	2751	5.90e-20	95.5
PfSN01_090005700|DBLb|2|2303|2745	PC0103-C.g1222	23.432	303	168	7	101	353	881	1169	1.81e-12	72.4
PfSN01_090005700|DBLb|2|2303|2745	PC0103-C.g1222	23.548	310	153	11	111	353	1281	1573	4.39e-07	55.1
PfSN01_090005700|DBLb|2|2303|2745	QG0271-C.g48	79.431	457	80	5	1	443	259	715	0.0	731
PfSN01_090005700|DBLb|2|2303|2745	QG0271-C.g48	26.471	272	160	9	97	352	751	998	6.82e-14	76.6
PfSN01_090005700|DBLb|2|2303|2745	PM0054-C.g170	79.650	457	79	5	1	443	1663	2119	0.0	731
PfSN01_090005700|DBLb|2|2303|2745	PM0054-C.g170	47.870	493	196	14	1	443	112	593	2.07e-131	420
PfSN01_090005700|DBLb|2|2303|2745	PM0054-C.g170	26.616	263	146	9	116	353	664	904	5.66e-14	77.0
PfSN01_090005700|DBLb|2|2303|2745	PM0054-C.g170	26.217	267	161	9	101	352	2159	2404	3.44e-13	74.7
PfSN01_090005700|DBLb|2|2303|2745	PM0054-C.g170	25.714	245	119	7	184	382	1110	1337	1.84e-09	62.8
PfSN01_090005700|DBLb|2|2303|2745	PA0200-C.g171	79.650	457	79	5	1	443	1258	1714	0.0	730
PfSN01_090005700|DBLb|2|2303|2745	PA0200-C.g171	39.894	188	70	7	298	443	2	188	7.40e-28	119
PfSN01_090005700|DBLb|2|2303|2745	PA0200-C.g171	26.616	263	146	9	116	353	259	499	5.61e-14	77.0
PfSN01_090005700|DBLb|2|2303|2745	PA0200-C.g171	26.606	218	108	8	184	358	2240	2448	1.73e-09	62.8
PfSN01_090005700|DBLb|2|2303|2745	PA0200-C.g171	25.714	245	119	7	184	382	705	932	1.82e-09	62.8
PfSN01_090005700|DBLg|2|2755|3105	PC0113-C.g130	99.145	351	3	0	1	351	2752	3102	0.0	723
PfSN01_090005700|DBLg|2|2755|3105	PC0113-C.g130	43.976	332	155	11	3	318	1246	1562	3.30e-66	228
PfSN01_090005700|DBLg|2|2755|3105	PC0113-C.g130	29.042	334	175	8	1	274	1595	1926	7.58e-39	149
PfSN01_090005700|DBLg|2|2755|3105	PC0113-C.g130	26.246	301	167	11	1	267	2362	2641	6.04e-13	72.8
PfSN01_090005700|DBLg|2|2755|3105	PC0113-C.g130	27.734	256	146	9	47	274	853	1097	8.13e-12	69.3
PfSN01_090005700|DBLg|2|2755|3105	PC0113-C.g130	22.383	277	153	7	43	270	127	390	1.67e-10	65.1
PfSN01_090005700|DBLg|2|2755|3105	QG0271-C.g48	99.145	351	3	0	1	351	725	1075	0.0	723
PfSN01_090005700|DBLg|2|2755|3105	QG0271-C.g48	28.028	289	146	12	27	276	361	626	1.82e-15	80.1
PfSN01_090005700|DBLg|2|2755|3105	PC0061-C.g354	97.721	351	8	0	1	351	1170	1520	0.0	714
PfSN01_090005700|DBLg|2|2755|3105	PC0061-C.g354	29.114	395	197	13	1	316	22	412	1.00e-35	140
PfSN01_090005700|DBLg|2|2755|3105	PC0061-C.g354	27.239	268	143	11	39	276	826	1071	5.03e-13	72.8
PfSN01_090005700|DBLg|2|2755|3105	PT0137-C.g158	98.006	351	7	0	1	351	2739	3089	0.0	712
PfSN01_090005700|DBLg|2|2755|3105	PT0137-C.g158	43.353	346	166	11	3	332	1239	1570	1.27e-67	233
PfSN01_090005700|DBLg|2|2755|3105	PT0137-C.g158	29.114	395	197	13	1	316	1587	1977	1.35e-35	140
PfSN01_090005700|DBLg|2|2755|3105	PT0137-C.g158	24.522	314	183	7	44	314	125	427	9.23e-15	78.2
PfSN01_090005700|DBLg|2|2755|3105	PT0137-C.g158	26.437	261	151	9	45	276	2392	2640	1.69e-13	74.3
PfSN01_090005700|DBLg|2|2755|3105	PT0137-C.g158	26.923	260	149	10	45	274	837	1085	7.57e-11	66.2
PfSN01_090005700|DBLg|2|2755|3105	PM0054-C.g170	93.484	353	21	1	1	351	2129	2481	0.0	656
PfSN01_090005700|DBLg|2|2755|3105	PM0054-C.g170	37.725	334	172	10	8	323	628	943	4.80e-56	199
PfSN01_090005700|DBLg|2|2755|3105	PM0054-C.g170	30.750	400	185	13	1	316	971	1362	2.93e-40	153
PfSN01_090005700|DBLg|2|2755|3105	PM0054-C.g170	28.028	289	146	12	27	276	1765	2030	2.04e-15	80.1
PfSN01_090005700|DBLg|2|2755|3105	PM0054-C.g170	26.894	264	161	9	35	275	211	465	4.27e-11	67.0
PfSN01_090005700|ATS|1|3266|3696	PC0113-C.g1367	84.687	431	65	1	1	431	3053	3482	0.0	700
PfSN01_090005700|ATS|1|3266|3696	PV0099-C.g17	80.831	433	75	4	1	431	2971	3397	0.0	694
PfSN01_090005700|ATS|1|3266|3696	PD0569-C.g128	78.132	439	86	4	1	431	2498	2934	0.0	676
PfSN01_090005700|ATS|1|3266|3696	PD0507-C.g210	79.493	434	78	6	1	431	3017	3442	0.0	674
PfSN01_090005700|ATS|1|3266|3696	PV0239-C.g11	79.724	434	78	5	1	431	3329	3755	0.0	671
PfSN01_100005200|NTS|1|1|69	SenT136.09.g764	89.855	69	7	0	1	69	1	69	7.93e-36	128
PfSN01_100005200|NTS|1|1|69	PC0005-Cx.g727	82.609	69	12	0	1	69	1	69	6.28e-33	120
PfSN01_100005200|NTS|1|1|69	PT0117-C.g23	78.261	69	15	0	1	69	1	69	2.32e-30	113
PfSN01_100005200|NTS|1|1|69	PFKE07.g1050	79.710	69	14	0	1	69	1	69	4.16e-30	112
PfSN01_100005200|NTS|1|1|69	QG0194-C.g930	79.710	69	14	0	1	69	1	69	8.36e-30	111
PfSN01_100005200|DBLa|1|70|480	SenT136.09.g764	98.054	411	8	0	1	411	70	480	0.0	838
PfSN01_100005200|DBLa|1|70|480	SenT136.09.g764	25.794	252	137	9	123	332	1064	1307	4.93e-17	85.9
PfSN01_100005200|DBLa|1|70|480	PM0161-C.g2961	74.209	411	105	1	1	411	70	479	0.0	639
PfSN01_100005200|DBLa|1|70|480	PM0161-C.g2961	24.138	261	155	10	180	411	1088	1334	4.88e-07	54.7
PfSN01_100005200|DBLa|1|70|480	QE0410-C.g672	75.243	412	101	1	1	411	65	476	0.0	627
PfSN01_100005200|DBLa|1|70|480	QE0410-C.g672	28.261	184	112	9	230	411	1122	1287	3.59e-08	58.2
PfSN01_100005200|DBLa|1|70|480	PM0060-C.g598	73.494	415	102	3	1	411	77	487	0.0	615
PfSN01_100005200|DBLa|1|70|480	PM0060-C.g598	21.951	328	201	8	123	411	1019	1330	5.46e-08	57.8
PfSN01_100005200|DBLa|1|70|480	PA0232-C.g751	72.639	413	108	3	1	411	80	489	0.0	615
PfSN01_100005200|DBLa|1|70|480	PA0232-C.g751	25.397	252	137	8	124	329	1019	1265	3.89e-10	64.3
PfSN01_100005200|CIDRa|1|481|728	SenT136.09.g764	95.968	248	10	0	1	248	481	728	4.35e-165	500
PfSN01_100005200|CIDRa|1|481|728	PA0229-C.g928	71.200	250	70	2	1	248	488	737	7.09e-114	360
PfSN01_100005200|CIDRa|1|481|728	PM0152-C.g695	63.922	255	84	3	1	248	512	765	2.00e-102	328
PfSN01_100005200|CIDRa|1|481|728	PM0024-C.g10	64.400	250	86	2	1	247	470	719	5.64e-100	321
PfSN01_100005200|CIDRa|1|481|728	PM0019-C.g468	62.000	250	92	2	1	247	468	717	1.84e-97	310
PfSN01_100005200|DBLd|1|815|1296	PM0073-C.g1642	79.356	528	55	5	1	482	914	1433	0.0	827
PfSN01_100005200|DBLd|1|815|1296	PM0073-C.g1642	21.037	328	193	11	172	466	179	473	9.36e-08	57.4
PfSN01_100005200|DBLd|1|815|1296	PV0082-C.g55	47.137	524	209	14	1	482	896	1393	1.05e-133	426
PfSN01_100005200|DBLd|1|815|1296	PV0082-C.g55	24.149	323	167	11	201	482	213	498	4.67e-10	64.7
PfSN01_100005200|DBLd|1|815|1296	QG0246-C.g5	48.496	532	195	15	1	482	886	1388	1.59e-133	426
PfSN01_100005200|DBLd|1|815|1296	QG0225-C.g2800	51.076	511	159	18	1	482	951	1399	6.87e-132	421
PfSN01_100005200|DBLd|1|815|1296	QE0419-C.g237	51.562	512	196	15	1	482	824	1313	1.55e-131	422
PfSN01_100005200|DBLd|1|815|1296	QE0419-C.g237	25.676	296	159	12	205	482	231	483	2.59e-12	72.0
PfSN01_100005200|CIDRb|1|1297|1557	PM0073-C.g1642	99.225	258	2	0	1	258	1434	1691	1.34e-175	530
PfSN01_100005200|CIDRb|1|1297|1557	PM0041-C.g218	82.927	246	40	2	18	261	769	1014	5.79e-133	404
PfSN01_100005200|CIDRb|1|1297|1557	PF0792-C.g585	82.927	246	40	2	18	261	791	1036	8.30e-133	404
PfSN01_100005200|CIDRb|1|1297|1557	PM0090-C.g445	82.927	246	40	2	18	261	1423	1668	8.81e-129	402
PfSN01_100005200|CIDRb|1|1297|1557	PT0095-C.g38	67.939	262	66	9	1	255	656	906	4.29e-102	321
PfSN01_100005200|ATS|1|1663|2170	PC0104-C.g515	72.157	510	119	10	1	508	1694	2182	0.0	660
PfSN01_100005200|ATS|1|1663|2170	PV0028-C.g43	69.922	512	75	11	1	508	1843	2279	0.0	657
PfSN01_100005200|ATS|1|1663|2170	PV0301-C.g29	77.674	430	77	6	1	429	2550	2961	0.0	655
PfSN01_100005200|ATS|1|1663|2170	PV0234-C.g27	67.760	549	95	10	1	508	2445	2952	0.0	648
PfSN01_100005200|ATS|1|1663|2170	PD0483-C.g348	70.117	512	95	9	1	508	2589	3046	0.0	647
PfSN01_110052800|NTS|1|1|68	PM0038-C.g2427	100.000	68	0	0	1	68	1	68	8.18e-41	142
PfSN01_110052800|NTS|1|1|68	PT0158-C.g935	100.000	68	0	0	1	68	1	68	9.65e-41	142
PfSN01_110052800|NTS|1|1|68	PFKE07.g297	100.000	68	0	0	1	68	1	68	9.65e-41	142
PfSN01_110052800|NTS|1|1|68	PD0561-C.g783	89.706	68	7	0	1	68	1	68	9.53e-35	125
PfSN01_110052800|NTS|1|1|68	PF0235-C.g132	89.706	68	7	0	1	68	1	68	1.17e-34	125
PfSN01_110052800|DBLa|1|69|469	PT0158-C.g935	100.000	401	0	0	1	401	69	469	0.0	835
PfSN01_110052800|DBLa|1|69|469	PT0158-C.g935	30.081	369	195	13	58	397	2357	2691	3.33e-36	143
PfSN01_110052800|DBLa|1|69|469	PT0158-C.g935	31.818	330	172	14	58	363	841	1141	2.23e-33	135
PfSN01_110052800|DBLa|1|69|469	PT0158-C.g935	28.231	294	176	9	121	401	1681	1952	1.09e-19	94.0
PfSN01_110052800|DBLa|1|69|469	PT0158-C.g935	26.207	290	165	9	41	324	1231	1477	6.51e-15	79.3
PfSN01_110052800|DBLa|1|69|469	PT0158-C.g935	23.397	312	197	9	56	351	2758	3043	2.17e-13	74.7
PfSN01_110052800|DBLa|1|69|469	PT0158-C.g935	26.087	276	137	14	48	321	3153	3363	4.27e-10	64.3
PfSN01_110052800|DBLa|1|69|469	PFKE07.g297	100.000	401	0	0	1	401	69	469	0.0	835
PfSN01_110052800|DBLa|1|69|469	PFKE07.g297	30.081	369	195	13	58	397	2357	2691	3.33e-36	143
PfSN01_110052800|DBLa|1|69|469	PFKE07.g297	31.818	330	172	14	58	363	841	1141	2.23e-33	135
PfSN01_110052800|DBLa|1|69|469	PFKE07.g297	28.231	294	176	9	121	401	1681	1952	1.09e-19	94.0
PfSN01_110052800|DBLa|1|69|469	PFKE07.g297	26.207	290	165	9	41	324	1231	1477	6.51e-15	79.3
PfSN01_110052800|DBLa|1|69|469	PFKE07.g297	23.397	312	197	9	56	351	2758	3043	2.17e-13	74.7
PfSN01_110052800|DBLa|1|69|469	PFKE07.g297	26.087	276	137	14	48	321	3153	3363	4.27e-10	64.3
PfSN01_110052800|DBLa|1|69|469	PM0038-C.g2427	96.758	401	12	1	1	401	69	468	0.0	803
PfSN01_110052800|DBLa|1|69|469	PM0038-C.g2427	35.088	285	137	11	58	322	838	1094	1.51e-37	147
PfSN01_110052800|DBLa|1|69|469	PM0038-C.g2427	29.275	386	215	15	48	401	1649	2008	3.80e-34	137
PfSN01_110052800|DBLa|1|69|469	PM0038-C.g2427	24.818	274	162	6	55	324	1317	1550	1.08e-15	81.6
PfSN01_110052800|DBLa|1|69|469	PD0561-C.g783	83.292	407	61	3	1	401	69	474	0.0	666
PfSN01_110052800|DBLa|1|69|469	PD0561-C.g783	32.558	344	178	14	57	373	847	1163	1.52e-38	150
PfSN01_110052800|DBLa|1|69|469	PD0561-C.g783	31.295	278	124	12	57	326	2695	2913	6.84e-21	97.8
PfSN01_110052800|DBLa|1|69|469	PD0561-C.g783	27.763	389	220	11	52	401	1613	1979	2.41e-19	93.2
PfSN01_110052800|DBLa|1|69|469	PD0561-C.g783	27.551	294	171	10	41	324	1247	1508	1.18e-18	90.9
PfSN01_110052800|DBLa|1|69|469	PD0561-C.g783	26.545	275	152	10	59	321	2325	2561	8.32e-12	69.7
PfSN01_110052800|DBLa|1|69|469	PA0144-C.g134	80.988	405	73	2	1	401	68	472	0.0	643
PfSN01_110052800|DBLa|1|69|469	PA0144-C.g134	34.877	324	159	14	57	355	843	1139	1.46e-39	153
PfSN01_110052800|DBLa|1|69|469	PA0144-C.g134	26.355	406	228	11	38	401	1636	2012	2.24e-29	123
PfSN01_110052800|DBLa|1|69|469	PA0144-C.g134	30.576	278	125	12	57	326	2733	2950	7.82e-20	94.4
PfSN01_110052800|DBLa|1|69|469	PA0144-C.g134	26.351	296	170	11	46	321	1260	1527	2.11e-16	84.0
PfSN01_110052800|DBLa|1|69|469	PA0144-C.g134	27.317	205	111	7	117	321	2432	2598	2.38e-09	62.0
PfSN01_110052800|CIDRa|1|470|720	PT0158-C.g935	98.805	251	3	0	1	251	470	720	9.88e-164	504
PfSN01_110052800|CIDRa|1|470|720	PT0158-C.g935	26.126	222	145	8	27	236	1980	2194	2.65e-07	53.5
PfSN01_110052800|CIDRa|1|470|720	PFKE07.g297	98.805	251	3	0	1	251	470	720	9.88e-164	504
PfSN01_110052800|CIDRa|1|470|720	PFKE07.g297	26.126	222	145	8	27	236	1980	2194	2.65e-07	53.5
PfSN01_110052800|CIDRa|1|470|720	PM0038-C.g2427	95.618	251	11	0	1	251	469	719	2.07e-159	491
PfSN01_110052800|CIDRa|1|470|720	PM0038-C.g2427	24.419	258	167	8	1	244	2009	2252	1.11e-08	57.8
PfSN01_110052800|CIDRa|1|470|720	PH0329-C.g35	94.024	251	15	0	1	251	285	535	4.08e-154	456
PfSN01_110052800|CIDRa|1|470|720	PH0055-C.g12	94.024	251	15	0	1	251	285	535	5.11e-154	456
PfSN01_110052800|DBLb|1|729|1199	QG0296-C.g5742	96.815	471	12	1	1	471	724	1191	0.0	948
PfSN01_110052800|DBLb|1|729|1199	QG0296-C.g5742	31.317	281	143	11	116	368	126	384	9.13e-28	119
PfSN01_110052800|DBLb|1|729|1199	QG0296-C.g5742	26.148	283	167	13	99	368	1238	1491	5.37e-12	70.9
PfSN01_110052800|DBLb|1|729|1199	PT0158-C.g935	77.590	473	82	5	1	471	729	1179	0.0	741
PfSN01_110052800|DBLb|1|729|1199	PT0158-C.g935	48.163	490	205	13	1	471	2240	2699	7.90e-129	414
PfSN01_110052800|DBLb|1|729|1199	PT0158-C.g935	38.889	234	120	11	116	340	126	345	1.86e-33	137
PfSN01_110052800|DBLb|1|729|1199	PT0158-C.g935	23.313	326	194	9	99	399	2742	3036	7.91e-19	92.4
PfSN01_110052800|DBLb|1|729|1199	PT0158-C.g935	26.038	265	130	9	113	370	3160	3365	1.19e-14	79.3
PfSN01_110052800|DBLb|1|729|1199	PT0158-C.g935	24.415	299	171	12	115	401	1244	1499	7.86e-11	67.4
PfSN01_110052800|DBLb|1|729|1199	PT0158-C.g935	23.939	330	186	13	113	390	1589	1905	8.08e-08	57.8
PfSN01_110052800|DBLb|1|729|1199	PFKE07.g297	77.590	473	82	5	1	471	729	1179	0.0	741
PfSN01_110052800|DBLb|1|729|1199	PFKE07.g297	48.163	490	205	13	1	471	2240	2699	7.90e-129	414
PfSN01_110052800|DBLb|1|729|1199	PFKE07.g297	38.889	234	120	11	116	340	126	345	1.86e-33	137
PfSN01_110052800|DBLb|1|729|1199	PFKE07.g297	23.313	326	194	9	99	399	2742	3036	7.91e-19	92.4
PfSN01_110052800|DBLb|1|729|1199	PFKE07.g297	26.038	265	130	9	113	370	3160	3365	1.19e-14	79.3
PfSN01_110052800|DBLb|1|729|1199	PFKE07.g297	24.415	299	171	12	115	401	1244	1499	7.86e-11	67.4
PfSN01_110052800|DBLb|1|729|1199	PFKE07.g297	23.939	330	186	13	113	390	1589	1905	8.08e-08	57.8
PfSN01_110052800|DBLb|1|729|1199	QG0203-C.g711	66.667	492	123	10	1	471	722	1193	0.0	633
PfSN01_110052800|DBLb|1|729|1199	QG0203-C.g711	33.333	237	124	10	116	340	125	339	1.09e-25	113
PfSN01_110052800|DBLb|1|729|1199	QG0203-C.g711	29.630	270	137	10	110	373	2716	2938	8.99e-25	110
PfSN01_110052800|DBLb|1|729|1199	QG0203-C.g711	25.130	386	226	15	100	470	1260	1597	7.96e-20	95.5
PfSN01_110052800|DBLb|1|729|1199	QG0203-C.g711	24.662	296	177	9	99	380	2333	2596	1.70e-12	72.8
PfSN01_110052800|DBLb|1|729|1199	QG0203-C.g711	22.373	295	168	11	179	429	1721	1998	1.80e-08	59.7
PfSN01_110052800|DBLb|1|729|1199	PV0239-C.g17	68.487	476	133	8	1	471	729	1192	0.0	628
PfSN01_110052800|DBLb|1|729|1199	PV0239-C.g17	39.715	491	239	15	1	471	2280	2733	3.79e-96	320
PfSN01_110052800|DBLb|1|729|1199	PV0239-C.g17	33.453	278	156	13	77	340	83	345	3.74e-31	130
PfSN01_110052800|DBLb|1|729|1199	PV0239-C.g17	25.517	290	177	8	99	373	2776	3041	1.59e-22	103
PfSN01_110052800|DBLb|1|729|1199	PV0239-C.g17	24.012	329	183	12	99	401	1240	1527	2.06e-15	82.0
PfSN01_110052800|DBLg|1|1216|1562	QG0296-C.g5742	100.000	347	0	0	1	347	1208	1554	0.0	715
PfSN01_110052800|DBLg|1|1216|1562	QG0296-C.g5742	45.263	95	45	4	1	90	1559	1651	5.12e-15	79.0
PfSN01_110052800|DBLg|1|1216|1562	QG0296-C.g5742	26.148	283	167	13	31	284	819	1088	1.14e-12	71.6
PfSN01_110052800|DBLg|1|1216|1562	QG0296-C.g5742	22.050	322	182	11	9	287	92	387	4.56e-09	60.5
PfSN01_110052800|DBLg|1|1216|1562	PA0098-C.g720	82.759	348	57	2	1	347	1256	1601	0.0	587
PfSN01_110052800|DBLg|1|1216|1562	PA0098-C.g720	34.133	375	164	12	1	308	1606	1964	6.93e-51	184
PfSN01_110052800|DBLg|1|1216|1562	PA0098-C.g720	31.613	310	168	11	43	347	2842	3112	8.90e-30	122
PfSN01_110052800|DBLg|1|1216|1562	PA0098-C.g720	25.882	340	176	14	34	310	112	438	3.20e-15	79.3
PfSN01_110052800|DBLg|1|1216|1562	PA0098-C.g720	27.049	244	141	10	48	270	891	1118	4.14e-12	70.1
PfSN01_110052800|DBLg|1|1216|1562	PA0098-C.g720	26.818	220	127	9	48	248	2409	2613	2.09e-09	61.6
PfSN01_110052800|DBLg|1|1216|1562	PA0167-C.g162	77.011	348	73	3	1	347	1232	1573	8.23e-174	538
PfSN01_110052800|DBLg|1|1216|1562	PA0167-C.g162	37.892	351	175	12	1	320	2739	3077	2.90e-52	188
PfSN01_110052800|DBLg|1|1216|1562	PA0167-C.g162	35.072	345	151	13	1	284	1578	1910	7.88e-47	172
PfSN01_110052800|DBLg|1|1216|1562	PA0167-C.g162	27.344	256	151	10	48	284	884	1123	6.49e-14	75.5
PfSN01_110052800|DBLg|1|1216|1562	PA0167-C.g162	22.989	348	215	11	34	336	113	452	3.02e-12	70.5
PfSN01_110052800|DBLg|1|1216|1562	PA0167-C.g162	23.404	235	164	5	48	270	2390	2620	1.77e-10	65.1
PfSN01_110052800|DBLg|1|1216|1562	PA0149-C.g578	71.839	348	90	4	1	347	1245	1585	8.62e-161	500
PfSN01_110052800|DBLg|1|1216|1562	PA0149-C.g578	33.000	400	180	12	1	326	1590	1975	5.87e-45	167
PfSN01_110052800|DBLg|1|1216|1562	PA0149-C.g578	26.689	296	169	12	48	311	2408	2687	2.45e-14	76.6
PfSN01_110052800|DBLg|1|1216|1562	PA0149-C.g578	24.837	306	165	11	34	287	112	404	5.44e-11	66.6
PfSN01_110052800|DBLg|1|1216|1562	PA0149-C.g578	25.769	260	148	11	48	286	905	1140	9.13e-11	65.9
PfSN01_110052800|DBLg|1|1216|1562	PM0132-C.g275	69.613	362	95	4	1	347	1253	1614	7.12e-160	498
PfSN01_110052800|DBLg|1|1216|1562	PM0132-C.g275	38.109	349	171	14	1	316	2792	3128	5.84e-54	193
PfSN01_110052800|DBLg|1|1216|1562	PM0132-C.g275	30.263	380	185	9	1	308	1619	1990	4.71e-41	155
PfSN01_110052800|DBLg|1|1216|1562	PM0132-C.g275	25.085	295	182	10	34	296	113	400	5.75e-13	72.8
PfSN01_110052800|DBLg|1|1216|1562	PM0132-C.g275	25.769	260	157	10	48	286	901	1145	8.00e-11	65.9
PfSN01_110052800|DBLg|1|1216|1562	PM0132-C.g275	23.552	259	157	9	48	285	2448	2686	4.19e-09	60.8
PfSN01_110052800|DBLd|1|1567|1977	PT0158-C.g935	100.000	411	0	0	1	411	1542	1952	0.0	846
PfSN01_110052800|DBLd|1|1567|1977	PT0158-C.g935	33.159	383	195	13	1	371	2713	3046	1.61e-52	191
PfSN01_110052800|DBLd|1|1567|1977	PT0158-C.g935	32.703	370	164	13	1	359	1196	1491	6.52e-41	157
PfSN01_110052800|DBLd|1|1567|1977	PT0158-C.g935	25.187	401	235	11	35	411	110	469	1.15e-18	91.3
PfSN01_110052800|DBLd|1|1567|1977	PT0158-C.g935	22.747	233	118	7	135	352	2430	2615	5.35e-08	57.8
PfSN01_110052800|DBLd|1|1567|1977	PT0158-C.g935	24.719	267	147	12	30	283	824	1049	6.86e-07	54.3
PfSN01_110052800|DBLd|1|1567|1977	PFKE07.g297	100.000	411	0	0	1	411	1542	1952	0.0	846
PfSN01_110052800|DBLd|1|1567|1977	PFKE07.g297	33.159	383	195	13	1	371	2713	3046	1.61e-52	191
PfSN01_110052800|DBLd|1|1567|1977	PFKE07.g297	32.703	370	164	13	1	359	1196	1491	6.52e-41	157
PfSN01_110052800|DBLd|1|1567|1977	PFKE07.g297	25.187	401	235	11	35	411	110	469	1.15e-18	91.3
PfSN01_110052800|DBLd|1|1567|1977	PFKE07.g297	22.747	233	118	7	135	352	2430	2615	5.35e-08	57.8
PfSN01_110052800|DBLd|1|1567|1977	PFKE07.g297	24.719	267	147	12	30	283	824	1049	6.86e-07	54.3
PfSN01_110052800|DBLd|1|1567|1977	PA0262-C.g216	69.660	412	121	3	1	411	1181	1589	8.21e-175	542
PfSN01_110052800|DBLd|1|1567|1977	PA0262-C.g216	40.000	330	145	10	36	360	850	1131	1.09e-56	203
PfSN01_110052800|DBLd|1|1567|1977	PA0262-C.g216	30.435	230	143	5	184	411	261	475	3.56e-25	110
PfSN01_110052800|DBLd|1|1567|1977	PM0097-C.g721	71.801	422	95	8	1	411	1128	1536	4.42e-174	541
PfSN01_110052800|DBLd|1|1567|1977	PM0097-C.g721	34.933	375	182	14	1	364	2317	2640	6.93e-54	195
PfSN01_110052800|DBLd|1|1567|1977	PM0097-C.g721	31.818	352	175	11	19	360	782	1078	1.11e-38	150
PfSN01_110052800|DBLd|1|1567|1977	PM0097-C.g721	26.119	402	240	14	30	411	107	471	7.53e-24	107
PfSN01_110052800|DBLd|1|1567|1977	PM0097-C.g721	23.837	344	171	13	39	358	1945	2221	5.54e-08	57.8
PfSN01_110052800|DBLd|1|1567|1977	PM0097-C.g721	24.883	213	108	8	131	343	2813	2973	6.25e-07	54.3
PfSN01_110052800|DBLd|1|1567|1977	PA0197-C.g224	69.905	422	109	7	1	411	1103	1517	1.94e-168	525
PfSN01_110052800|DBLd|1|1567|1977	PA0197-C.g224	31.458	391	204	14	1	387	2274	2604	2.80e-43	164
PfSN01_110052800|DBLd|1|1567|1977	PA0197-C.g224	30.814	344	168	12	19	353	762	1044	4.46e-36	143
PfSN01_110052800|DBLd|1|1567|1977	PA0197-C.g224	25.648	386	220	12	49	411	118	459	1.10e-17	88.2
PfSN01_110052800|CIDRb|1|1978|2237	PT0158-C.g935	99.615	260	1	0	1	260	1953	2212	1.73e-173	532
PfSN01_110052800|CIDRb|1|1978|2237	PFKE07.g297	99.615	260	1	0	1	260	1953	2212	1.73e-173	532
PfSN01_110052800|CIDRb|1|1978|2237	PA0197-C.g224	93.462	260	17	0	1	260	1518	1777	3.35e-163	503
PfSN01_110052800|CIDRb|1|1978|2237	PA0197-C.g224	23.673	245	169	5	7	243	466	700	3.64e-10	62.4
PfSN01_110052800|CIDRb|1|1978|2237	PM0097-C.g721	93.077	260	18	0	1	260	1537	1796	1.93e-162	501
PfSN01_110052800|CIDRb|1|1978|2237	PM0097-C.g721	23.415	205	150	4	37	239	505	704	3.13e-08	56.6
PfSN01_110052800|CIDRb|1|1978|2237	PV0239-C.g17	66.923	260	85	1	1	260	1992	2250	1.04e-108	347
PfSN01_110052800|DBLb|2|2265|2722	PT0158-C.g935	82.609	460	78	2	1	458	2240	2699	0.0	776
PfSN01_110052800|DBLb|2|2265|2722	PT0158-C.g935	50.317	473	198	13	1	458	729	1179	5.67e-137	437
PfSN01_110052800|DBLb|2|2265|2722	PT0158-C.g935	30.454	463	242	18	12	427	13	442	3.88e-35	141
PfSN01_110052800|DBLb|2|2265|2722	PT0158-C.g935	29.057	265	133	11	115	375	3160	3373	3.66e-16	84.0
PfSN01_110052800|DBLb|2|2265|2722	PT0158-C.g935	23.853	327	183	12	84	366	2710	3014	1.70e-14	79.0
PfSN01_110052800|DBLb|2|2265|2722	PT0158-C.g935	24.409	254	164	7	117	365	1244	1474	1.25e-11	69.7
PfSN01_110052800|DBLb|2|2265|2722	PFKE07.g297	82.609	460	78	2	1	458	2240	2699	0.0	776
PfSN01_110052800|DBLb|2|2265|2722	PFKE07.g297	50.317	473	198	13	1	458	729	1179	5.67e-137	437
PfSN01_110052800|DBLb|2|2265|2722	PFKE07.g297	30.454	463	242	18	12	427	13	442	3.88e-35	141
PfSN01_110052800|DBLb|2|2265|2722	PFKE07.g297	29.057	265	133	11	115	375	3160	3373	3.66e-16	84.0
PfSN01_110052800|DBLb|2|2265|2722	PFKE07.g297	23.853	327	183	12	84	366	2710	3014	1.70e-14	79.0
PfSN01_110052800|DBLb|2|2265|2722	PFKE07.g297	24.409	254	164	7	117	365	1244	1474	1.25e-11	69.7
PfSN01_110052800|DBLb|2|2265|2722	QG0218-C.g5457	69.697	462	128	4	1	458	2450	2903	0.0	648
PfSN01_110052800|DBLb|2|2265|2722	QG0218-C.g5457	39.959	488	235	12	13	458	396	867	1.84e-96	320
PfSN01_110052800|DBLb|2|2265|2722	QG0218-C.g5457	29.155	367	198	13	117	458	925	1254	2.04e-26	115
PfSN01_110052800|DBLb|2|2265|2722	QG0218-C.g5457	26.909	275	150	11	103	351	1423	1672	1.28e-13	75.9
PfSN01_110052800|DBLb|2|2265|2722	QG0218-C.g5457	26.316	285	168	12	117	383	2966	3226	1.23e-12	72.8
PfSN01_110052800|DBLb|2|2265|2722	QG0218-C.g5457	21.905	315	159	9	113	366	1800	2088	7.54e-07	54.3
PfSN01_110052800|DBLb|2|2265|2722	PT0215-Cx.g390	69.697	462	128	4	1	458	1465	1918	0.0	647
PfSN01_110052800|DBLb|2|2265|2722	PT0215-Cx.g390	25.887	282	145	11	117	365	71	321	8.80e-14	76.6
PfSN01_110052800|DBLb|2|2265|2722	PT0215-Cx.g390	26.316	285	168	12	117	383	1981	2241	1.10e-12	73.2
PfSN01_110052800|DBLb|2|2265|2722	PT0215-Cx.g390	23.871	310	190	10	103	393	447	729	4.17e-09	61.6
PfSN01_110052800|DBLb|2|2265|2722	PT0215-Cx.g390	21.905	315	159	9	113	366	815	1103	8.74e-07	54.3
PfSN01_110052800|DBLb|2|2265|2722	PA0071-C.g41	65.302	464	139	8	1	458	763	1210	0.0	603
PfSN01_110052800|DBLb|2|2265|2722	PA0071-C.g41	40.733	491	204	16	1	458	311	747	8.32e-94	312
PfSN01_110052800|DBLb|2|2265|2722	PA0071-C.g41	24.749	299	149	10	117	380	1280	1537	2.89e-17	87.4
PfSN01_110052800|DBLg|2|2736|3102	PT0117-C.g16	90.217	368	35	1	1	367	1103	1470	0.0	696
PfSN01_110052800|DBLg|2|2736|3102	PT0117-C.g16	34.672	274	132	10	72	301	13	283	7.66e-37	144
PfSN01_110052800|DBLg|2|2736|3102	PT0117-C.g16	24.242	363	208	13	11	367	1517	1818	5.93e-16	82.0
PfSN01_110052800|DBLg|2|2736|3102	PT0117-C.g16	25.773	291	158	14	31	298	741	996	4.24e-14	76.3
PfSN01_110052800|DBLg|2|2736|3102	PM0097-C.g721	90.217	368	35	1	1	367	2317	2684	0.0	696
PfSN01_110052800|DBLg|2|2736|3102	PM0097-C.g721	39.634	328	176	8	19	338	782	1095	1.01e-65	228
PfSN01_110052800|DBLg|2|2736|3102	PM0097-C.g721	33.600	375	184	14	1	323	1128	1489	2.00e-46	172
PfSN01_110052800|DBLg|2|2736|3102	PM0097-C.g721	24.242	363	208	13	11	367	2731	3032	4.69e-16	82.4
PfSN01_110052800|DBLg|2|2736|3102	PM0097-C.g721	25.000	288	164	9	36	300	1946	2204	6.99e-15	79.0
PfSN01_110052800|DBLg|2|2736|3102	PM0097-C.g721	22.543	346	217	13	43	356	127	453	5.02e-09	60.5
PfSN01_110052800|DBLg|2|2736|3102	PT0158-C.g935	82.162	370	63	3	1	367	2713	3082	0.0	634
PfSN01_110052800|DBLg|2|2736|3102	PT0158-C.g935	39.368	348	156	16	1	330	1196	1506	6.04e-56	199
PfSN01_110052800|DBLg|2|2736|3102	PT0158-C.g935	33.600	375	186	12	1	323	1542	1905	8.38e-51	184
PfSN01_110052800|DBLg|2|2736|3102	PT0158-C.g935	26.490	302	154	15	31	300	825	1090	3.61e-16	82.8
PfSN01_110052800|DBLg|2|2736|3102	PT0158-C.g935	23.345	287	159	7	42	299	2352	2606	2.12e-14	77.4
PfSN01_110052800|DBLg|2|2736|3102	PT0158-C.g935	24.862	362	197	13	11	367	3129	3420	9.14e-14	75.5
PfSN01_110052800|DBLg|2|2736|3102	PT0158-C.g935	26.103	272	149	10	45	284	124	375	1.37e-11	68.6
PfSN01_110052800|DBLg|2|2736|3102	PFKE07.g297	82.162	370	63	3	1	367	2713	3082	0.0	634
PfSN01_110052800|DBLg|2|2736|3102	PFKE07.g297	39.368	348	156	16	1	330	1196	1506	6.04e-56	199
PfSN01_110052800|DBLg|2|2736|3102	PFKE07.g297	33.600	375	186	12	1	323	1542	1905	8.38e-51	184
PfSN01_110052800|DBLg|2|2736|3102	PFKE07.g297	26.490	302	154	15	31	300	825	1090	3.61e-16	82.8
PfSN01_110052800|DBLg|2|2736|3102	PFKE07.g297	23.345	287	159	7	42	299	2352	2606	2.12e-14	77.4
PfSN01_110052800|DBLg|2|2736|3102	PFKE07.g297	24.862	362	197	13	11	367	3129	3420	9.14e-14	75.5
PfSN01_110052800|DBLg|2|2736|3102	PFKE07.g297	26.103	272	149	10	45	284	124	375	1.37e-11	68.6
PfSN01_110052800|DBLg|2|2736|3102	PT0274-Cx.g714	77.507	369	74	3	1	367	2740	3101	0.0	589
PfSN01_110052800|DBLg|2|2736|3102	PT0274-Cx.g714	41.576	368	200	9	3	367	1230	1585	1.60e-74	253
PfSN01_110052800|DBLg|2|2736|3102	PT0274-Cx.g714	36.842	342	159	11	1	298	1590	1918	3.44e-55	197
PfSN01_110052800|DBLg|2|2736|3102	PT0274-Cx.g714	24.658	292	170	8	46	314	856	1120	2.39e-14	77.0
PfSN01_110052800|DBLg|2|2736|3102	PT0274-Cx.g714	24.042	287	170	8	31	299	2378	2634	6.32e-14	75.9
PfSN01_110052800|DBLg|2|2736|3102	PT0274-Cx.g714	23.901	364	198	13	11	367	3148	3439	7.48e-11	66.2
PfSN01_110052800|DBLg|2|2736|3102	PT0274-Cx.g714	23.247	271	160	7	43	285	128	378	5.03e-08	57.4
PfSN01_110052800|DBLe|1|3138|3440	PT0274-Cx.g714	100.000	303	0	0	1	303	3137	3439	0.0	625
PfSN01_110052800|DBLe|1|3138|3440	PT0274-Cx.g714	26.518	313	175	10	45	303	1274	1585	3.39e-20	93.6
PfSN01_110052800|DBLe|1|3138|3440	PT0274-Cx.g714	26.236	263	147	11	45	262	856	1116	4.34e-14	75.1
PfSN01_110052800|DBLe|1|3138|3440	PT0274-Cx.g714	25.591	254	145	8	43	254	2390	2641	1.22e-13	73.9
PfSN01_110052800|DBLe|1|3138|3440	PT0274-Cx.g714	27.536	207	109	8	29	194	114	320	3.48e-11	66.2
PfSN01_110052800|DBLe|1|3138|3440	PT0274-Cx.g714	23.034	356	204	15	13	303	2751	3101	1.23e-08	58.5
PfSN01_110052800|DBLe|1|3138|3440	PH0589-C.g664	100.000	303	0	0	1	303	2652	2954	0.0	625
PfSN01_110052800|DBLe|1|3138|3440	PH0589-C.g664	25.392	319	183	9	37	303	790	1105	6.34e-20	92.4
PfSN01_110052800|DBLe|1|3138|3440	PH0589-C.g664	30.328	244	134	10	43	254	1914	2153	1.05e-17	85.9
PfSN01_110052800|DBLe|1|3138|3440	PH0589-C.g664	26.449	276	136	11	36	248	114	385	6.06e-13	71.6
PfSN01_110052800|DBLe|1|3138|3440	PH0589-C.g664	23.529	357	203	15	12	303	2265	2616	1.99e-09	61.2
PfSN01_110052800|DBLe|1|3138|3440	PH0589-C.g664	22.785	316	166	13	17	255	1125	1439	2.21e-08	57.8
PfSN01_110052800|DBLe|1|3138|3440	QE0410-C.g1031	100.000	303	0	0	1	303	2264	2566	0.0	624
PfSN01_110052800|DBLe|1|3138|3440	QE0410-C.g1031	25.392	319	183	9	37	303	402	717	6.33e-20	92.4
PfSN01_110052800|DBLe|1|3138|3440	QE0410-C.g1031	30.328	244	134	10	43	254	1526	1765	8.92e-18	86.3
PfSN01_110052800|DBLe|1|3138|3440	QE0410-C.g1031	23.529	357	203	15	12	303	1877	2228	1.87e-09	61.2
PfSN01_110052800|DBLe|1|3138|3440	QE0410-C.g1031	22.785	316	166	13	17	255	737	1051	2.23e-08	57.8
PfSN01_110052800|DBLe|1|3138|3440	PD0509-Cx2.g228	100.000	303	0	0	1	303	2100	2402	0.0	624
PfSN01_110052800|DBLe|1|3138|3440	PD0509-Cx2.g228	27.389	314	171	10	45	303	225	536	6.07e-26	110
PfSN01_110052800|DBLe|1|3138|3440	PD0509-Cx2.g228	31.102	254	128	13	43	253	1351	1600	3.24e-20	93.6
PfSN01_110052800|DBLe|1|3138|3440	PD0509-Cx2.g228	23.529	357	203	15	12	303	1713	2064	1.27e-09	61.6
PfSN01_110052800|DBLe|1|3138|3440	PD0590-C.g121	100.000	303	0	0	1	303	2669	2971	0.0	624
PfSN01_110052800|DBLe|1|3138|3440	PD0590-C.g121	27.389	314	171	10	45	303	794	1105	7.19e-26	110
PfSN01_110052800|DBLe|1|3138|3440	PD0590-C.g121	31.102	254	128	13	43	253	1920	2169	3.55e-20	93.2
PfSN01_110052800|DBLe|1|3138|3440	PD0590-C.g121	23.529	357	203	15	12	303	2282	2633	1.99e-09	61.2
PfSN01_110052800|DBLe|1|3138|3440	PD0590-C.g121	22.989	261	143	11	45	247	123	383	1.17e-08	58.5
PfSN01_110052800|ATS|1|3481|3893	PV0117-C.g18	77.053	475	45	4	1	413	2511	2983	0.0	696
PfSN01_110052800|ATS|1|3481|3893	PF0513-C.g5231	81.690	426	59	7	2	413	2389	2809	0.0	676
PfSN01_110052800|ATS|1|3481|3893	PC0113-C.g1115	77.934	426	77	5	1	413	3496	3917	0.0	653
PfSN01_110052800|ATS|1|3481|3893	PF0507-C.g221	80.144	418	73	5	3	413	2377	2791	0.0	652
PfSN01_110052800|ATS|1|3481|3893	PC0104-C.g272	77.169	438	71	6	2	413	2969	3403	0.0	650
PfSN01_110053000|NTS|1|1|60	PT0117-C.g1183	81.633	49	9	0	12	60	12	60	5.55e-20	83.2
PfSN01_110053000|NTS|1|1|60	SenT055.11.g162	80.328	61	11	1	1	60	1	61	1.10e-18	79.3
PfSN01_110053000|NTS|1|1|60	PC0070-C.g412	72.414	58	13	1	6	60	6	63	1.50e-18	79.0
PfSN01_110053000|NTS|1|1|60	PC0046-C.g686	63.333	60	22	0	1	60	5	64	1.73e-18	79.0
PfSN01_110053000|NTS|1|1|60	PT0109-C.g729	63.333	60	22	0	1	60	5	64	1.91e-18	79.0
PfSN01_110053000|DBLa|1|61|511	QE0470-C.g170	79.310	435	72	6	18	451	72	489	0.0	689
PfSN01_110053000|DBLa|1|61|511	QE0470-C.g170	29.187	209	114	6	247	451	1166	1344	4.67e-11	67.8
PfSN01_110053000|DBLa|1|61|511	PA0245-C.g908	74.510	459	99	5	1	451	75	523	0.0	670
PfSN01_110053000|DBLa|1|61|511	PA0245-C.g908	24.444	315	173	11	172	451	1151	1435	5.10e-10	64.3
PfSN01_110053000|DBLa|1|61|511	PA0267-C.g599	74.830	441	98	9	18	451	72	506	0.0	650
PfSN01_110053000|DBLa|1|61|511	PA0267-C.g599	25.272	368	169	13	131	451	1019	1327	7.59e-14	76.6
PfSN01_110053000|DBLa|1|61|511	PFKE09.g2	73.543	446	97	8	18	451	70	506	0.0	644
PfSN01_110053000|DBLa|1|61|511	PFKE09.g2	24.573	293	144	13	121	353	1135	1410	8.44e-08	57.4
PfSN01_110053000|DBLa|1|61|511	PV0139-C.g75	73.182	440	92	7	14	451	72	487	0.0	636
PfSN01_110053000|DBLa|1|61|511	PV0139-C.g75	27.915	283	139	12	198	451	1080	1326	5.75e-17	86.3
PfSN01_110053000|CIDRa|1|512|783	PV0233-C.g153	72.302	278	70	3	1	272	510	786	1.63e-131	403
PfSN01_110053000|CIDRa|1|512|783	QE0414-C.g667	72.302	278	70	3	1	272	517	793	3.30e-129	404
PfSN01_110053000|CIDRa|1|512|783	QE0459-C.g841	72.302	278	70	3	1	272	500	776	7.29e-129	402
PfSN01_110053000|CIDRa|1|512|783	QG0236-C.g2616	67.483	286	77	5	1	272	501	784	2.36e-119	378
PfSN01_110053000|CIDRa|1|512|783	PV0155-C.g19	66.429	280	79	6	1	272	484	756	5.57e-115	358
PfSN01_110053000|DBLd|1|853|1302	PT0156-C.g922	53.307	499	179	14	1	450	887	1380	1.27e-147	462
PfSN01_110053000|DBLd|1|853|1302	PFKE07.g41	50.551	544	166	18	1	450	819	1353	1.24e-141	446
PfSN01_110053000|DBLd|1|853|1302	PFKE07.g41	34.043	141	84	5	281	415	296	433	7.93e-08	57.4
PfSN01_110053000|DBLd|1|853|1302	PA0168-C.g786	53.333	495	171	20	1	450	893	1372	5.15e-140	442
PfSN01_110053000|DBLd|1|853|1302	QE0481-C.g1248	51.373	510	161	17	1	450	497	979	8.51e-139	432
PfSN01_110053000|DBLd|1|853|1302	QG0196-C.g770	52.463	467	171	14	1	420	560	1022	1.62e-138	433
PfSN01_110053000|CIDRb|1|1303|1574	PA0195-C.g342	90.947	243	21	1	1	243	1742	1983	1.33e-134	421
PfSN01_110053000|CIDRb|1|1303|1574	PT0156-C.g922	72.760	279	59	7	1	270	1381	1651	2.97e-109	348
PfSN01_110053000|CIDRb|1|1303|1574	PF0692-C.g838	64.479	259	77	4	1	256	1352	1598	2.06e-102	329
PfSN01_110053000|CIDRb|1|1303|1574	PF0692-C.g838	23.673	245	159	8	26	258	512	740	7.07e-07	52.8
PfSN01_110053000|CIDRb|1|1303|1574	PA0193-C.g18	59.058	276	103	5	1	272	725	994	9.92e-94	300
PfSN01_110053000|CIDRb|1|1303|1574	PF0314-C.g708	66.288	264	76	5	1	261	1371	1624	1.39e-91	298
PfSN01_110053000|ATS|1|1711|2196	PV0028-C.g50	80.573	489	55	10	4	486	2601	3055	0.0	732
PfSN01_110053000|ATS|1|1711|2196	PA0245-C.g998	77.869	488	76	7	1	486	1706	2163	0.0	724
PfSN01_110053000|ATS|1|1711|2196	PC0104-C.g515	79.116	498	83	9	1	486	1694	2182	0.0	702
PfSN01_110053000|ATS|1|1711|2196	PA0270-C.g443	74.642	489	87	8	1	486	2185	2639	0.0	690
PfSN01_110053000|ATS|1|1711|2196	PV0139-C.g130	75.000	524	74	8	1	486	874	1378	0.0	689
PfSN01_120005600|NTS|1|1|64	PF0113-C.g27	68.254	63	16	1	6	64	5	67	1.22e-21	88.2
PfSN01_120005600|NTS|1|1|64	SenT105.07.g197	70.000	60	18	0	5	64	190	249	1.82e-21	87.4
PfSN01_120005600|NTS|1|1|64	PM0142-C.g932	77.358	53	12	0	12	64	13	65	3.38e-21	86.7
PfSN01_120005600|NTS|1|1|64	SenT002.07.g419	60.000	65	25	1	1	64	1	65	3.35e-18	78.2
PfSN01_120005600|NTS|1|1|64	PM0021-C.g280	60.000	65	25	1	1	64	1	65	4.01e-18	78.2
PfSN01_120005600|DBLa|1|65|498	PA0102-C.g486	89.498	438	42	2	1	434	64	501	0.0	763
PfSN01_120005600|DBLa|1|65|498	PA0102-C.g486	24.409	254	150	7	116	337	1091	1334	3.00e-12	71.2
PfSN01_120005600|DBLa|1|65|498	PM0142-C.g932	82.207	444	62	6	1	434	66	502	0.0	676
PfSN01_120005600|DBLa|1|65|498	PM0142-C.g932	28.692	237	127	8	115	334	1048	1259	2.66e-14	77.8
PfSN01_120005600|DBLa|1|65|498	PD0503-C.g694	69.063	459	115	9	1	434	70	526	0.0	605
PfSN01_120005600|DBLa|1|65|498	PD0503-C.g694	28.346	127	87	2	230	354	1271	1395	2.33e-08	58.9
PfSN01_120005600|DBLa|1|65|498	PD0585-C.g729	69.063	459	115	9	1	434	70	526	0.0	604
PfSN01_120005600|DBLa|1|65|498	PD0585-C.g729	30.483	269	147	9	135	380	1138	1389	2.14e-20	96.7
PfSN01_120005600|DBLa|1|65|498	PF0113-C.g27	68.610	446	122	7	1	434	68	507	0.0	586
PfSN01_120005600|DBLa|1|65|498	PF0113-C.g27	33.852	257	148	6	19	273	2073	2309	5.01e-34	137
PfSN01_120005600|DBLa|1|65|498	PF0113-C.g27	27.820	266	148	6	176	434	1122	1350	1.23e-17	88.2
PfSN01_120005600|DBLa|1|65|498	PF0113-C.g27	23.175	315	171	12	38	336	1684	1943	3.56e-07	55.5
PfSN01_120005600|CIDRa|1|499|825	PA0102-C.g486	91.131	327	28	1	1	327	502	827	0.0	585
PfSN01_120005600|CIDRa|1|499|825	PD0585-C.g729	74.174	333	77	3	1	327	527	856	2.20e-145	451
PfSN01_120005600|CIDRa|1|499|825	PD0585-C.g729	39.344	61	37	0	152	212	1530	1590	5.45e-08	57.0
PfSN01_120005600|CIDRa|1|499|825	PD0503-C.g694	74.174	333	77	3	1	327	527	856	2.32e-145	451
PfSN01_120005600|CIDRa|1|499|825	QG0236-C.g2840	73.556	329	71	4	1	327	496	810	6.95e-141	439
PfSN01_120005600|CIDRa|1|499|825	QG0236-C.g2840	40.625	64	38	0	152	215	1534	1597	4.18e-08	57.4
PfSN01_120005600|CIDRa|1|499|825	SenT114.09.g898	72.072	333	83	3	1	327	513	841	4.88e-137	429
PfSN01_120005600|CIDRa|1|499|825	SenT114.09.g898	39.062	64	39	0	152	215	1540	1603	1.22e-07	55.8
PfSN01_120005600|DBLd|1|931|1510	PA0052-C.g569	50.669	598	220	18	1	580	827	1367	1.84e-167	521
PfSN01_120005600|DBLd|1|931|1510	PA0052-C.g569	35.567	194	98	9	403	580	306	488	1.97e-15	82.8
PfSN01_120005600|DBLd|1|931|1510	PA0045-C.g556	50.669	598	220	18	1	580	827	1367	1.84e-167	521
PfSN01_120005600|DBLd|1|931|1510	PA0045-C.g556	35.567	194	98	9	403	580	306	488	1.97e-15	82.8
PfSN01_120005600|DBLd|1|931|1510	PT0035-C.g439	52.027	592	199	19	1	580	569	1087	6.32e-164	517
PfSN01_120005600|DBLd|1|931|1510	PA0267-C.g681	49.835	606	217	23	1	580	71	615	7.19e-163	492
PfSN01_120005600|DBLd|1|931|1510	PD0532-C.g410	49.342	608	248	18	1	580	1632	2207	1.69e-162	515
PfSN01_120005600|DBLd|1|931|1510	PD0532-C.g410	26.286	350	136	11	151	500	1295	1522	2.01e-21	101
PfSN01_120005600|DBLd|1|931|1510	PD0532-C.g410	32.418	182	114	6	403	580	292	468	6.98e-16	84.3
PfSN01_120005600|CIDRg|1|1511|1774	PT0184-C.g334	78.652	267	52	2	1	264	1378	1642	2.44e-139	431
PfSN01_120005600|CIDRg|1|1511|1774	QE0472-C.g604	78.755	273	49	6	1	264	1407	1679	5.74e-133	414
PfSN01_120005600|CIDRg|1|1511|1774	PFKE07.g81	75.281	267	56	7	1	257	1400	1666	1.24e-119	377
PfSN01_120005600|CIDRg|1|1511|1774	PM0133-C.g635	70.722	263	69	3	1	257	1357	1617	1.28e-118	374
PfSN01_120005600|CIDRg|1|1511|1774	PA0030-C.g1473	68.519	270	75	6	1	264	901	1166	2.08e-116	362
PfSN01_120005600|ATS|1|1890|2368	PA0245-C.g998	79.167	480	77	5	1	479	1706	2163	0.0	734
PfSN01_120005600|ATS|1|1890|2368	QE0436-C.g591	80.561	499	68	7	1	479	1702	2191	0.0	731
PfSN01_120005600|ATS|1|1890|2368	PV0028-C.g50	77.984	486	70	5	1	479	2600	3055	0.0	718
PfSN01_120005600|ATS|1|1890|2368	PA0245-C.g391	76.458	480	68	5	1	479	2512	2947	0.0	700
PfSN01_120005600|ATS|1|1890|2368	PV0134-C.g25	75.876	485	68	8	2	479	2381	2823	0.0	697
PfSN01_120005700|NTS|1|1|74	PF0311-C.g489	98.649	74	1	0	1	74	1	74	3.04e-44	152
PfSN01_120005700|NTS|1|1|74	PC0085-C.g893	98.649	74	1	0	1	74	1	74	2.78e-41	144
PfSN01_120005700|NTS|1|1|74	PV0258-C.g5	87.838	74	9	0	1	74	1	74	6.21e-40	140
PfSN01_120005700|NTS|1|1|74	PV0035-C.g12	87.838	74	9	0	1	74	1	74	1.07e-39	140
PfSN01_120005700|NTS|1|1|74	QG0208-C.g117	90.541	74	7	0	1	74	1	74	4.77e-39	138
PfSN01_120005700|DBLa|1|75|460	PF0311-C.g489	91.969	386	31	0	1	386	75	460	0.0	738
PfSN01_120005700|DBLa|1|75|460	PF0311-C.g489	31.541	279	136	9	55	315	909	1150	3.02e-30	125
PfSN01_120005700|DBLa|1|75|460	PF0311-C.g489	26.102	295	169	9	51	323	1317	1584	2.70e-14	77.4
PfSN01_120005700|DBLa|1|75|460	PF0311-C.g489	26.246	301	169	11	38	322	1676	1939	4.09e-14	76.6
PfSN01_120005700|DBLa|1|75|460	PC0085-C.g893	89.896	386	39	0	1	386	75	460	0.0	725
PfSN01_120005700|DBLa|1|75|460	PC0085-C.g893	30.576	278	140	8	55	315	909	1150	8.64e-28	118
PfSN01_120005700|DBLa|1|75|460	PC0085-C.g893	26.027	292	173	8	51	323	1311	1578	2.19e-14	77.4
PfSN01_120005700|DBLa|1|75|460	PC0085-C.g893	23.891	293	173	8	38	315	1670	1927	2.35e-13	74.3
PfSN01_120005700|DBLa|1|75|460	PH0856-C.g118	88.601	386	44	0	1	386	76	461	0.0	716
PfSN01_120005700|DBLa|1|75|460	PH0856-C.g118	31.095	283	132	7	55	313	909	1152	5.66e-31	127
PfSN01_120005700|DBLa|1|75|460	PH0856-C.g118	34.440	241	139	9	39	267	1740	1973	1.23e-30	126
PfSN01_120005700|DBLa|1|75|460	PH0856-C.g118	23.301	309	188	9	22	313	1283	1559	1.27e-13	75.1
PfSN01_120005700|DBLa|1|75|460	PH0856-C.g118	25.090	279	148	9	51	328	2136	2354	6.94e-12	69.7
PfSN01_120005700|DBLa|1|75|460	PT0039-C.g556	88.747	391	39	2	1	386	76	466	0.0	715
PfSN01_120005700|DBLa|1|75|460	PT0039-C.g556	28.994	338	173	11	44	363	889	1177	5.16e-31	127
PfSN01_120005700|DBLa|1|75|460	PV0084-C.g28	86.788	386	51	0	1	386	76	461	0.0	704
PfSN01_120005700|DBLa|1|75|460	PV0084-C.g28	29.882	338	189	12	53	367	2134	2446	3.54e-31	128
PfSN01_120005700|DBLa|1|75|460	PV0084-C.g28	29.455	275	144	7	55	315	906	1144	6.97e-26	112
PfSN01_120005700|DBLa|1|75|460	PV0084-C.g28	26.959	319	167	12	57	370	1731	1988	2.89e-14	77.0
PfSN01_120005700|DBLa|1|75|460	PV0084-C.g28	25.497	302	164	11	51	349	2519	2762	4.71e-12	70.5
PfSN01_120005700|DBLa|1|75|460	PV0084-C.g28	22.789	294	179	9	37	313	1284	1546	3.97e-10	64.3
PfSN01_120005700|CIDRd|1|461|717	PC0085-C.g893	100.000	257	0	0	1	257	461	717	2.94e-170	522
PfSN01_120005700|CIDRd|1|461|717	PF0754-C.g200	100.000	257	0	0	1	257	467	723	2.60e-169	520
PfSN01_120005700|CIDRd|1|461|717	PF0311-C.g489	93.385	257	17	0	1	257	461	717	1.86e-146	453
PfSN01_120005700|CIDRd|1|461|717	PC0077-C.g520	84.047	257	41	0	1	257	475	731	3.28e-139	419
PfSN01_120005700|CIDRd|1|461|717	PC0061-C.g320	86.381	257	35	0	1	257	466	722	5.50e-137	427
PfSN01_120005700|DBLb|1|748|1256	PC0085-C.g893	96.275	510	17	2	1	509	748	1256	0.0	1019
PfSN01_120005700|DBLb|1|748|1256	PC0085-C.g893	26.648	364	202	10	162	478	129	474	1.71e-26	116
PfSN01_120005700|DBLb|1|748|1256	PC0085-C.g893	25.000	316	172	11	161	446	1684	1964	4.94e-15	80.9
PfSN01_120005700|DBLb|1|748|1256	PC0085-C.g893	23.913	276	159	10	161	404	1314	1570	1.46e-09	63.5
PfSN01_120005700|DBLb|1|748|1256	PM0134-C.g1327	97.826	414	9	0	96	509	1	414	0.0	859
PfSN01_120005700|DBLb|1|748|1256	PM0134-C.g1327	38.182	550	250	17	1	509	470	970	1.24e-99	331
PfSN01_120005700|DBLb|1|748|1256	PA0184-C.g567	87.984	516	46	4	1	509	749	1255	0.0	841
PfSN01_120005700|DBLb|1|748|1256	PA0184-C.g567	40.000	565	232	20	1	509	2319	2832	8.65e-103	340
PfSN01_120005700|DBLb|1|748|1256	PA0184-C.g567	29.008	393	211	15	146	509	3252	3605	1.98e-26	116
PfSN01_120005700|DBLb|1|748|1256	PA0184-C.g567	26.994	326	173	9	162	440	130	437	4.38e-24	109
PfSN01_120005700|DBLb|1|748|1256	PA0184-C.g567	25.795	283	141	13	161	403	1313	1566	2.78e-10	65.9
PfSN01_120005700|DBLb|1|748|1256	PA0184-C.g567	23.510	302	173	10	161	429	2892	3168	5.12e-10	65.1
PfSN01_120005700|DBLb|1|748|1256	PA0180-C.g40	87.984	516	46	4	1	509	745	1251	0.0	840
PfSN01_120005700|DBLb|1|748|1256	PA0180-C.g40	41.635	526	213	15	1	509	2333	2781	2.10e-113	371
PfSN01_120005700|DBLb|1|748|1256	PA0180-C.g40	27.123	365	199	11	162	478	129	474	3.10e-24	109
PfSN01_120005700|DBLb|1|748|1256	PA0180-C.g40	28.205	273	150	11	154	402	2832	3082	5.43e-13	74.3
PfSN01_120005700|DBLb|1|748|1256	PA0180-C.g40	25.795	283	141	13	161	403	1309	1562	2.64e-10	65.9
PfSN01_120005700|DBLb|1|748|1256	PF0311-C.g489	87.597	516	56	4	1	509	748	1262	0.0	840
PfSN01_120005700|DBLb|1|748|1256	PF0311-C.g489	30.035	283	144	8	162	408	129	393	1.45e-26	117
PfSN01_120005700|DBLb|1|748|1256	PF0311-C.g489	24.419	344	198	12	161	473	1690	2002	1.51e-15	82.4
PfSN01_120005700|DBLb|1|748|1256	PF0311-C.g489	23.913	276	159	10	161	404	1320	1576	4.41e-09	62.0
PfSN01_120005700|DBLg|1|1271|1631	PC0085-C.g893	95.568	361	16	0	1	361	1271	1631	0.0	726
PfSN01_120005700|DBLg|1|1271|1631	PC0085-C.g893	37.429	350	173	10	1	330	1636	1959	5.92e-58	205
PfSN01_120005700|DBLg|1|1271|1631	PC0085-C.g893	26.667	300	175	9	41	315	125	404	5.40e-16	82.0
PfSN01_120005700|DBLg|1|1271|1631	PC0085-C.g893	24.364	275	158	9	44	300	908	1150	3.87e-12	70.1
PfSN01_120005700|DBLg|1|1271|1631	PF0311-C.g489	95.291	361	17	0	1	361	1277	1637	0.0	722
PfSN01_120005700|DBLg|1|1271|1631	PF0311-C.g489	37.714	350	172	10	1	330	1642	1965	1.91e-57	204
PfSN01_120005700|DBLg|1|1271|1631	PF0311-C.g489	27.000	300	174	9	41	315	125	404	7.14e-16	81.6
PfSN01_120005700|DBLg|1|1271|1631	PF0311-C.g489	24.542	273	156	9	44	298	908	1148	8.87e-13	72.0
PfSN01_120005700|DBLg|1|1271|1631	PA0184-C.g567	80.886	361	67	1	1	361	1270	1628	0.0	607
PfSN01_120005700|DBLg|1|1271|1631	PA0184-C.g567	39.362	376	195	14	1	361	2848	3205	1.49e-69	239
PfSN01_120005700|DBLg|1|1271|1631	PA0184-C.g567	37.346	324	179	12	1	314	3225	3534	9.06e-52	187
PfSN01_120005700|DBLg|1|1271|1631	PA0184-C.g567	37.539	317	154	10	19	298	1651	1960	1.46e-50	184
PfSN01_120005700|DBLg|1|1271|1631	PA0184-C.g567	26.102	295	170	10	41	308	126	399	2.88e-12	70.9
PfSN01_120005700|DBLg|1|1271|1631	PA0184-C.g567	24.367	316	177	12	44	323	2444	2733	2.31e-11	67.8
PfSN01_120005700|DBLg|1|1271|1631	PA0184-C.g567	23.358	274	160	9	44	298	900	1142	2.12e-10	65.1
PfSN01_120005700|DBLg|1|1271|1631	PA0180-C.g40	80.055	361	70	1	1	361	1266	1624	0.0	601
PfSN01_120005700|DBLg|1|1271|1631	PA0180-C.g40	36.080	352	186	11	1	333	2795	3126	1.40e-51	187
PfSN01_120005700|DBLg|1|1271|1631	PA0180-C.g40	34.699	366	160	12	1	301	1629	1980	4.70e-46	171
PfSN01_120005700|DBLg|1|1271|1631	PA0180-C.g40	25.503	298	181	7	41	315	125	404	1.67e-15	80.5
PfSN01_120005700|DBLg|1|1271|1631	PA0180-C.g40	23.358	274	160	9	44	298	896	1138	1.96e-10	65.1
PfSN01_120005700|DBLg|1|1271|1631	PA0180-C.g40	22.258	310	173	9	39	323	2450	2716	1.25e-09	62.4
PfSN01_120005700|DBLg|1|1271|1631	PFKE06.g8	72.629	369	91	4	1	361	1251	1617	3.54e-175	541
PfSN01_120005700|DBLg|1|1271|1631	PFKE06.g8	35.422	367	202	9	1	346	1622	1974	7.28e-58	205
PfSN01_120005700|DBLg|1|1271|1631	PFKE06.g8	36.102	313	163	8	1	298	2005	2295	5.51e-50	182
PfSN01_120005700|DBLg|1|1271|1631	PFKE06.g8	24.176	273	158	9	44	299	900	1140	4.93e-13	73.2
PfSN01_120005700|DBLg|1|1271|1631	PFKE06.g8	25.510	294	173	9	41	308	126	399	2.21e-12	70.9
PfSN01_120005700|DBLg|2|1636|2004	PA0172-C.g810	97.561	369	9	0	1	369	1304	1672	0.0	750
PfSN01_120005700|DBLg|2|1636|2004	PA0172-C.g810	26.804	291	165	9	33	293	878	1150	6.56e-15	79.0
PfSN01_120005700|DBLg|2|1636|2004	PA0172-C.g810	23.453	307	181	9	35	295	145	443	1.57e-12	71.6
PfSN01_120005700|DBLg|2|1636|2004	PF0311-C.g489	92.412	369	28	0	1	369	1642	2010	0.0	709
PfSN01_120005700|DBLg|2|1636|2004	PF0311-C.g489	36.639	363	175	11	1	337	1277	1610	3.68e-57	203
PfSN01_120005700|DBLg|2|1636|2004	PF0311-C.g489	27.119	295	154	12	49	313	908	1171	4.55e-18	88.6
PfSN01_120005700|DBLg|2|1636|2004	PF0311-C.g489	24.460	278	162	8	46	290	125	387	1.74e-13	74.3
PfSN01_120005700|DBLg|2|1636|2004	PC0085-C.g893	91.057	369	33	0	1	369	1636	2004	0.0	708
PfSN01_120005700|DBLg|2|1636|2004	PC0085-C.g893	36.915	363	174	11	1	337	1271	1604	1.33e-57	204
PfSN01_120005700|DBLg|2|1636|2004	PC0085-C.g893	24.194	310	174	11	49	328	908	1186	4.88e-16	82.4
PfSN01_120005700|DBLg|2|1636|2004	PC0085-C.g893	24.382	283	156	9	46	290	125	387	2.37e-13	73.9
PfSN01_120005700|DBLg|2|1636|2004	PA0092-C.g171	84.718	373	53	1	1	369	1647	2019	0.0	660
PfSN01_120005700|DBLg|2|1636|2004	PA0092-C.g171	36.857	350	177	13	1	324	1280	1611	6.40e-52	188
PfSN01_120005700|DBLg|2|1636|2004	PA0092-C.g171	26.619	278	156	10	46	290	125	387	4.38e-17	85.5
PfSN01_120005700|DBLg|2|1636|2004	PA0092-C.g171	24.405	336	185	12	49	344	902	1208	1.91e-12	71.2
PfSN01_120005700|DBLg|2|1636|2004	QE0400-C.g384	81.915	376	61	3	1	369	1641	2016	0.0	631
PfSN01_120005700|DBLg|2|1636|2004	QE0400-C.g384	35.440	364	182	14	1	338	1274	1610	3.37e-51	186
PfSN01_120005700|DBLg|2|1636|2004	QE0400-C.g384	25.753	299	157	12	49	310	911	1181	1.00e-14	78.2
PfSN01_120005700|DBLg|2|1636|2004	QE0400-C.g384	22.945	292	173	8	35	290	113	388	1.68e-14	77.8
PfSN01_120005700|ATS|1|2199|2627	PV0139-C.g51	92.791	430	28	3	1	429	2344	2771	0.0	808
PfSN01_120005700|ATS|1|2199|2627	QE0463-C.g287	91.163	430	36	2	1	429	2589	3017	0.0	798
PfSN01_120005700|ATS|1|2199|2627	PT0256-C.g286	87.082	449	36	4	1	429	2267	2713	0.0	776
PfSN01_120005700|ATS|1|2199|2627	PV0099-C.g17	87.179	429	53	2	1	429	2971	3397	0.0	775
PfSN01_120005700|ATS|1|2199|2627	PA0262-C.g127	86.222	450	39	5	1	429	2860	3307	0.0	765
PfSN01_120005800|DBLb|1|50|503	PT0063-C.g87	97.471	435	7	2	20	454	96	526	0.0	886
PfSN01_120005800|DBLb|1|50|503	PT0063-C.g87	54.545	484	174	11	1	454	585	1052	1.36e-154	487
PfSN01_120005800|DBLb|1|50|503	PT0063-C.g87	52.632	475	190	13	1	454	1091	1551	7.30e-139	442
PfSN01_120005800|DBLb|1|50|503	PT0071-C.g35	82.729	469	60	7	1	454	20	482	0.0	788
PfSN01_120005800|DBLb|1|50|503	PT0071-C.g35	59.759	497	143	15	1	454	529	1011	5.86e-179	537
PfSN01_120005800|DBLb|1|50|503	PA0078-C.g64	83.297	455	58	5	11	454	84	531	0.0	727
PfSN01_120005800|DBLb|1|50|503	PA0078-C.g64	61.746	481	130	14	1	454	589	1042	9.59e-170	530
PfSN01_120005800|DBLb|1|50|503	PA0078-C.g64	47.737	486	202	17	1	454	1080	1545	3.51e-119	385
PfSN01_120005800|DBLb|1|50|503	PA0187-C.g680	74.603	441	97	6	22	454	7	440	0.0	659
PfSN01_120005800|DBLb|1|50|503	PA0187-C.g680	50.531	471	170	14	15	452	475	915	1.16e-129	415
PfSN01_120005800|DBLb|1|50|503	PM0142-C.g424	69.915	472	112	9	1	454	106	565	0.0	652
PfSN01_120005800|DBLb|1|50|503	PM0142-C.g424	50.205	488	197	10	1	454	601	1076	5.74e-140	444
PfSN01_120005800|DBLb|2|562|1028	SenT190.09.g46	79.253	482	72	5	1	467	432	900	0.0	753
PfSN01_120005800|DBLb|2|562|1028	SenT190.09.g46	52.381	399	153	10	60	450	7	376	3.50e-114	371
PfSN01_120005800|DBLb|2|562|1028	PF0235-C.g198	75.906	469	101	6	1	467	498	956	0.0	722
PfSN01_120005800|DBLb|2|562|1028	PF0235-C.g198	46.532	447	202	10	16	447	15	439	6.57e-123	384
PfSN01_120005800|DBLb|2|562|1028	PA0008-C.g546	75.693	469	100	6	1	467	626	1082	0.0	720
PfSN01_120005800|DBLb|2|562|1028	PA0008-C.g546	46.045	493	192	15	21	465	110	576	4.34e-120	389
PfSN01_120005800|DBLb|2|562|1028	PM0152-C.g582	75.693	469	100	5	1	467	615	1071	0.0	720
PfSN01_120005800|DBLb|2|562|1028	PM0152-C.g582	46.394	513	201	15	1	465	79	565	2.79e-129	410
PfSN01_120005800|DBLb|2|562|1028	QE0400-C.g465	75.855	468	102	7	1	467	486	943	0.0	718
PfSN01_120005800|DBLb|2|562|1028	QE0400-C.g465	59.296	398	131	8	63	450	54	430	1.05e-140	446
PfSN01_120005800|DBLd|1|1178|1710	PF0092-C.g718	54.983	582	180	20	1	533	867	1415	4.01e-171	530
PfSN01_120005800|DBLd|1|1178|1710	PF0092-C.g718	23.881	335	191	10	215	531	186	474	5.69e-11	68.2
PfSN01_120005800|DBLd|1|1178|1710	PM0096-C.g273	51.858	565	203	14	1	533	81	608	2.60e-164	494
PfSN01_120005800|DBLd|1|1178|1710	PF0725-C.g818	50.785	573	202	18	1	533	229	761	3.55e-146	451
PfSN01_120005800|DBLd|1|1178|1710	PD0548-C.g677	49.117	566	212	15	1	533	805	1327	1.42e-144	457
PfSN01_120005800|DBLd|1|1178|1710	PD0548-C.g677	30.457	197	101	10	365	533	291	479	9.08e-12	70.5
PfSN01_120005800|DBLd|1|1178|1710	PD0513-C.g640	49.117	566	212	15	1	533	805	1327	1.42e-144	457
PfSN01_120005800|DBLd|1|1178|1710	PD0513-C.g640	30.457	197	101	10	365	533	291	479	9.08e-12	70.5
PfSN01_120005800|CIDRb|1|1711|1950	PF0092-C.g718	100.000	240	0	0	1	240	1416	1655	8.51e-165	499
PfSN01_120005800|CIDRb|1|1711|1950	PA0056-C.g425	80.508	236	43	3	1	235	899	1132	1.29e-122	379
PfSN01_120005800|CIDRb|1|1711|1950	PF0417-C.g413	78.667	225	46	2	1	224	1383	1606	8.60e-114	359
PfSN01_120005800|CIDRb|1|1711|1950	QG0204-C.g370	72.541	244	63	3	1	240	1698	1941	2.43e-111	353
PfSN01_120005800|CIDRb|1|1711|1950	PM0156-C.g630	72.926	229	56	4	1	227	1092	1316	1.14e-105	335
PfSN01_120005800|ATS|1|2067|2489	PA0245-C.g998	75.162	463	70	7	1	423	1706	2163	0.0	656
PfSN01_120005800|ATS|1|2067|2489	PD0582-C.g778	77.538	463	60	6	1	423	1669	2127	0.0	648
PfSN01_120005800|ATS|1|2067|2489	PV0118-C.g26	79.499	439	73	3	1	423	1745	2182	0.0	645
PfSN01_120005800|ATS|1|2067|2489	PV0028-C.g50	74.837	461	73	7	1	423	2600	3055	0.0	644
PfSN01_120005800|ATS|1|2067|2489	PC0113-C.g949	77.354	446	75	5	1	423	1702	2144	0.0	640
PfSN01_120006400|NTSpam|1|1|51	QG0182-C.g126	96.078	51	2	0	1	51	1	51	2.50e-26	100
PfSN01_120006400|NTSpam|1|1|51	PF0489-C.g728	96.078	51	2	0	1	51	1	51	2.76e-26	100
PfSN01_120006400|NTSpam|1|1|51	SenT165.09.g650	96.078	51	2	0	1	51	1	51	3.91e-26	100
PfSN01_120006400|NTSpam|1|1|51	PA0039-C.g64	96.078	51	2	0	1	51	1	51	4.23e-26	100
PfSN01_120006400|NTSpam|1|1|51	PM0144-C.g224	96.078	51	2	0	1	51	1	51	6.13e-26	99.8
PfSN01_120006400|DBLpam1|1|52|425	PA0038-C.g279	89.037	374	38	2	1	374	52	422	0.0	679
PfSN01_120006400|DBLpam1|1|52|425	PA0038-C.g279	32.331	266	130	12	45	289	569	805	6.01e-23	103
PfSN01_120006400|DBLpam1|1|52|425	PA0038-C.g279	25.694	288	144	12	42	318	2357	2585	1.62e-12	71.6
PfSN01_120006400|DBLpam1|1|52|425	PA0038-C.g279	23.003	313	188	11	37	337	2010	2281	3.32e-12	70.5
PfSN01_120006400|DBLpam1|1|52|425	PA0038-C.g279	22.500	320	173	12	45	328	1595	1875	2.31e-09	61.6
PfSN01_120006400|DBLpam1|1|52|425	PA0038-C.g279	24.062	320	172	13	24	304	1219	1506	5.67e-09	60.5
PfSN01_120006400|DBLpam1|1|52|425	SenT094.09.g201	86.667	375	49	1	1	374	52	426	0.0	664
PfSN01_120006400|DBLpam1|1|52|425	SenT094.09.g201	27.797	295	170	10	18	281	547	829	2.90e-20	95.1
PfSN01_120006400|DBLpam1|1|52|425	SenT094.09.g201	25.552	317	161	14	24	304	1271	1548	2.91e-09	61.2
PfSN01_120006400|DBLpam1|1|52|425	SenT094.09.g201	22.830	311	183	13	45	328	1637	1917	2.35e-07	55.5
PfSN01_120006400|DBLpam1|1|52|425	PA0039-C.g64	84.267	375	56	2	1	374	52	424	0.0	644
PfSN01_120006400|DBLpam1|1|52|425	PA0039-C.g64	29.371	286	163	13	27	286	549	821	2.41e-21	98.6
PfSN01_120006400|DBLpam1|1|52|425	PA0039-C.g64	23.344	317	190	11	37	341	2013	2288	3.20e-12	70.9
PfSN01_120006400|DBLpam1|1|52|425	PA0039-C.g64	25.939	293	161	14	33	324	2354	2591	5.93e-10	63.5
PfSN01_120006400|DBLpam1|1|52|425	PA0039-C.g64	22.756	312	174	12	45	328	1606	1878	7.58e-09	60.1
PfSN01_120006400|DBLpam1|1|52|425	PA0039-C.g64	24.224	322	171	14	24	304	1228	1517	2.32e-07	55.5
PfSN01_120006400|DBLpam1|1|52|425	PT0008-CW.g576	82.759	377	62	1	1	374	52	428	0.0	643
PfSN01_120006400|DBLpam1|1|52|425	PT0008-CW.g576	29.730	259	146	10	45	285	575	815	1.09e-21	99.4
PfSN01_120006400|DBLpam1|1|52|425	PM0134-C.g518	83.690	374	58	2	1	374	52	422	0.0	640
PfSN01_120006400|DBLpam1|1|52|425	PM0134-C.g518	30.370	270	142	11	45	286	569	820	4.27e-23	103
PfSN01_120006400|DBLpam1|1|52|425	PM0134-C.g518	24.126	286	159	10	45	324	2383	2616	2.34e-12	71.2
PfSN01_120006400|DBLpam1|1|52|425	PM0134-C.g518	22.093	344	198	13	16	341	2017	2308	1.78e-10	65.1
PfSN01_120006400|DBLpam1|1|52|425	PM0134-C.g518	23.975	317	168	12	24	304	1256	1535	6.42e-09	60.5
PfSN01_120006400|DBLpam1|1|52|425	PM0134-C.g518	21.656	314	181	11	45	328	1624	1902	1.36e-08	59.3
PfSN01_120006400|DBLpam2|1|519|949	PA0148-C.g83	88.276	435	47	1	1	431	516	950	0.0	768
PfSN01_120006400|DBLpam2|1|519|949	PA0148-C.g83	32.068	237	113	9	54	281	2365	2562	4.76e-21	98.6
PfSN01_120006400|DBLpam2|1|519|949	PA0148-C.g83	28.112	249	145	8	54	278	96	334	3.21e-20	96.3
PfSN01_120006400|DBLpam2|1|519|949	PA0148-C.g83	26.027	292	165	11	23	281	1222	1495	5.67e-12	70.5
PfSN01_120006400|DBLpam2|1|519|949	PA0148-C.g83	25.263	285	169	11	54	316	1605	1867	5.98e-12	70.5
PfSN01_120006400|DBLpam2|1|519|949	PA0148-C.g83	27.014	211	120	5	54	255	2026	2211	3.20e-10	65.1
PfSN01_120006400|DBLpam2|1|519|949	PM0098-C.g224	88.276	435	47	1	1	431	516	950	0.0	768
PfSN01_120006400|DBLpam2|1|519|949	PM0098-C.g224	32.068	237	113	9	54	281	2365	2562	4.76e-21	98.6
PfSN01_120006400|DBLpam2|1|519|949	PM0098-C.g224	28.112	249	145	8	54	278	96	334	3.21e-20	96.3
PfSN01_120006400|DBLpam2|1|519|949	PM0098-C.g224	26.027	292	165	11	23	281	1222	1495	5.67e-12	70.5
PfSN01_120006400|DBLpam2|1|519|949	PM0098-C.g224	25.263	285	169	11	54	316	1605	1867	5.98e-12	70.5
PfSN01_120006400|DBLpam2|1|519|949	PM0098-C.g224	27.014	211	120	5	54	255	2026	2211	3.20e-10	65.1
PfSN01_120006400|DBLpam2|1|519|949	PA0256-C.g199	84.978	446	50	6	1	431	523	966	0.0	740
PfSN01_120006400|DBLpam2|1|519|949	PA0256-C.g199	31.250	256	124	10	35	281	2362	2574	2.48e-21	99.8
PfSN01_120006400|DBLpam2|1|519|949	PA0256-C.g199	28.159	277	147	12	37	271	68	334	6.42e-19	92.0
PfSN01_120006400|DBLpam2|1|519|949	PA0256-C.g199	25.059	427	220	17	15	393	1217	1591	1.80e-14	78.6
PfSN01_120006400|DBLpam2|1|519|949	PA0256-C.g199	30.457	197	111	5	54	248	2043	2215	1.42e-13	75.5
PfSN01_120006400|DBLpam2|1|519|949	PA0256-C.g199	25.000	284	171	10	54	316	1622	1884	1.80e-12	72.0
PfSN01_120006400|DBLpam2|1|519|949	PM0098-C.g355	85.812	437	50	3	1	431	519	949	0.0	740
PfSN01_120006400|DBLpam2|1|519|949	PM0098-C.g355	27.976	336	180	12	54	367	96	391	1.26e-27	118
PfSN01_120006400|DBLpam2|1|519|949	PM0098-C.g355	30.738	244	114	9	49	281	2371	2570	1.77e-23	106
PfSN01_120006400|DBLpam2|1|519|949	PM0098-C.g355	23.573	403	227	15	23	393	1222	1575	4.48e-12	70.9
PfSN01_120006400|DBLpam2|1|519|949	PM0098-C.g355	24.653	288	176	8	54	316	1606	1877	5.29e-12	70.5
PfSN01_120006400|DBLpam2|1|519|949	PM0098-C.g355	27.778	270	139	8	54	311	2036	2261	6.70e-12	70.5
PfSN01_120006400|DBLpam2|1|519|949	PF0489-C.g728	82.391	460	51	5	1	431	515	973	0.0	739
PfSN01_120006400|DBLpam2|1|519|949	PF0489-C.g728	29.600	250	139	9	54	278	96	333	1.60e-23	106
PfSN01_120006400|DBLpam2|1|519|949	PF0489-C.g728	26.518	313	166	11	15	281	1225	1519	4.77e-11	67.4
PfSN01_120006400|CIDRpam|1|958|1186	PM0062-C.g413	91.266	229	20	0	1	229	1004	1232	2.35e-137	427
PfSN01_120006400|CIDRpam|1|958|1186	PA0183-C.g462	88.210	229	27	0	1	229	958	1186	2.56e-134	418
PfSN01_120006400|CIDRpam|1|958|1186	QG0295-C.g1719	88.696	230	25	1	1	229	802	1031	2.66e-134	410
PfSN01_120006400|CIDRpam|1|958|1186	PA0047-C.g268	87.336	229	29	0	1	229	983	1211	9.09e-134	410
PfSN01_120006400|CIDRpam|1|958|1186	PC0056-C.g729	85.590	229	32	1	1	229	687	914	9.33e-133	402
PfSN01_120006400|DBLpam3|1|1205|1560	PA0053-C.g17	96.067	356	12	2	1	356	403	756	0.0	691
PfSN01_120006400|DBLpam3|1|1205|1560	PA0053-C.g17	24.919	309	172	13	42	338	1229	1489	1.59e-12	71.2
PfSN01_120006400|DBLpam3|1|1205|1560	PA0053-C.g17	25.168	298	163	12	42	314	801	1063	5.76e-12	69.7
PfSN01_120006400|DBLpam3|1|1205|1560	PA0053-C.g17	26.941	219	117	8	126	332	1618	1805	1.71e-10	65.1
PfSN01_120006400|DBLpam3|1|1205|1560	PT0256-C.g195	93.820	356	20	2	1	356	1245	1598	0.0	673
PfSN01_120006400|DBLpam3|1|1205|1560	PT0256-C.g195	28.636	220	111	8	126	332	2450	2636	4.20e-15	79.3
PfSN01_120006400|DBLpam3|1|1205|1560	PT0256-C.g195	25.424	295	160	14	42	326	2063	2307	9.06e-14	75.1
PfSN01_120006400|DBLpam3|1|1205|1560	PT0256-C.g195	24.315	292	166	10	42	314	1643	1898	1.84e-12	71.2
PfSN01_120006400|DBLpam3|1|1205|1560	PT0256-C.g195	26.408	284	152	11	40	292	582	839	1.37e-10	65.5
PfSN01_120006400|DBLpam3|1|1205|1560	PT0256-C.g195	23.125	320	186	13	18	310	69	355	1.55e-09	62.0
PfSN01_120006400|DBLpam3|1|1205|1560	QG0187-C.g594	94.302	351	19	1	6	356	1232	1581	0.0	673
PfSN01_120006400|DBLpam3|1|1205|1560	QG0187-C.g594	26.087	345	190	14	18	334	69	376	5.33e-18	88.2
PfSN01_120006400|DBLpam3|1|1205|1560	QG0187-C.g594	27.174	276	150	9	45	294	573	823	5.15e-09	60.5
PfSN01_120006400|DBLpam3|1|1205|1560	PM0098-C.g355	94.101	356	19	2	2	356	1206	1560	0.0	673
PfSN01_120006400|DBLpam3|1|1205|1560	PM0098-C.g355	24.854	342	186	13	24	334	75	376	2.84e-15	79.7
PfSN01_120006400|DBLpam3|1|1205|1560	PM0098-C.g355	30.734	218	115	10	42	258	2035	2217	4.85e-14	75.9
PfSN01_120006400|DBLpam3|1|1205|1560	PM0098-C.g355	25.503	298	164	10	42	314	1605	1869	1.25e-13	74.7
PfSN01_120006400|DBLpam3|1|1205|1560	PM0098-C.g355	26.415	265	151	9	40	292	569	801	2.26e-12	70.9
PfSN01_120006400|DBLpam3|1|1205|1560	PM0098-C.g355	27.476	313	141	15	40	332	2373	2619	3.75e-10	63.9
PfSN01_120006400|DBLpam3|1|1205|1560	PA0022-C.g464	93.521	355	22	1	2	356	1227	1580	0.0	673
PfSN01_120006400|DBLpam3|1|1205|1560	PA0022-C.g464	26.101	318	168	14	42	349	2048	2308	3.80e-15	79.3
PfSN01_120006400|DBLpam3|1|1205|1560	PA0022-C.g464	24.000	350	199	13	18	334	69	384	1.13e-14	77.8
PfSN01_120006400|DBLpam3|1|1205|1560	PA0022-C.g464	28.390	236	115	9	115	332	2422	2621	1.00e-11	68.9
PfSN01_120006400|DBLpam3|1|1205|1560	PA0022-C.g464	23.630	292	170	10	42	314	1625	1882	1.76e-11	68.2
PfSN01_120006400|DBLpam3|1|1205|1560	PA0022-C.g464	25.087	287	144	10	40	294	576	823	1.71e-10	65.1
PfSN01_120006400|DBLe|1|1562|1897	PT0256-C.g195	96.154	338	11	1	1	336	1600	1937	0.0	670
PfSN01_120006400|DBLe|1|1562|1897	PT0256-C.g195	29.078	282	160	9	43	323	2062	2304	3.16e-23	103
PfSN01_120006400|DBLe|1|1562|1897	PT0256-C.g195	27.857	280	134	12	43	307	2392	2618	2.25e-16	82.8
PfSN01_120006400|DBLe|1|1562|1897	PT0256-C.g195	25.517	290	174	9	45	308	96	369	2.86e-14	76.3
PfSN01_120006400|DBLe|1|1562|1897	PT0256-C.g195	24.912	285	162	10	44	294	1286	1552	5.13e-14	75.5
PfSN01_120006400|DBLe|1|1562|1897	PT0256-C.g195	25.000	264	143	9	45	271	585	830	2.75e-11	67.4
PfSN01_120006400|DBLe|1|1562|1897	PA0197-C.g639	94.940	336	17	0	1	336	1052	1387	0.0	668
PfSN01_120006400|DBLe|1|1562|1897	PA0197-C.g639	29.297	256	145	8	43	295	1513	1735	2.33e-20	94.7
PfSN01_120006400|DBLe|1|1562|1897	PA0197-C.g639	26.280	293	158	12	45	305	68	334	5.23e-12	69.3
PfSN01_120006400|DBLe|1|1562|1897	PA0197-C.g639	24.823	282	165	9	44	297	746	1008	5.99e-12	69.3
PfSN01_120006400|DBLe|1|1562|1897	PA0197-C.g639	25.705	319	154	15	1	293	1802	2063	2.13e-09	61.2
PfSN01_120006400|DBLe|1|1562|1897	PA0167-C.g306	95.280	339	12	2	1	336	1597	1934	0.0	661
PfSN01_120006400|DBLe|1|1562|1897	PA0167-C.g306	28.269	283	162	9	43	323	2059	2302	4.91e-20	93.6
PfSN01_120006400|DBLe|1|1562|1897	PA0167-C.g306	26.606	327	167	13	1	307	2345	2618	2.78e-17	85.5
PfSN01_120006400|DBLe|1|1562|1897	PA0167-C.g306	24.373	279	171	8	44	294	1283	1549	1.12e-14	77.8
PfSN01_120006400|DBLe|1|1562|1897	PA0167-C.g306	23.611	288	179	9	45	308	96	366	8.02e-10	62.8
PfSN01_120006400|DBLe|1|1562|1897	PM0144-C.g223	93.586	343	15	1	1	336	2304	2646	0.0	660
PfSN01_120006400|DBLe|1|1562|1897	PM0144-C.g223	29.181	281	165	10	43	323	2773	3019	1.47e-20	95.5
PfSN01_120006400|DBLe|1|1562|1897	PM0144-C.g223	25.182	274	158	10	43	302	93	333	2.29e-14	76.6
PfSN01_120006400|DBLe|1|1562|1897	PM0144-C.g223	23.906	297	172	9	44	297	1975	2260	1.71e-12	70.9
PfSN01_120006400|DBLe|1|1562|1897	PM0144-C.g223	24.204	314	174	10	44	305	1256	1557	7.06e-12	68.9
PfSN01_120006400|DBLe|1|1562|1897	PM0144-C.g223	26.490	302	157	12	44	336	3108	3353	2.75e-11	67.4
PfSN01_120006400|DBLe|1|1562|1897	PM0144-C.g223	26.923	260	134	11	45	269	552	790	1.20e-10	65.5
PfSN01_120006400|DBLe|1|1562|1897	PM0144-C.g223	24.825	286	160	13	38	295	3515	3773	2.09e-07	55.1
PfSN01_120006400|DBLe|1|1562|1897	PT0262-C.g161	94.643	336	18	0	1	336	1594	1929	0.0	659
PfSN01_120006400|DBLe|1|1562|1897	PT0262-C.g161	29.787	282	162	9	43	323	2054	2300	1.14e-22	101
PfSN01_120006400|DBLe|1|1562|1897	PT0262-C.g161	27.007	274	146	11	43	309	2387	2613	4.23e-16	82.0
PfSN01_120006400|DBLe|1|1562|1897	PT0262-C.g161	24.296	284	173	10	44	297	1279	1550	2.80e-12	70.5
PfSN01_120006400|DBLe|1|1562|1897	PT0262-C.g161	23.102	303	191	8	45	321	96	382	1.12e-11	68.6
PfSN01_120006400|DBLe|1|1562|1897	PT0262-C.g161	24.206	252	144	8	45	269	586	817	6.41e-08	57.0
PfSN01_120006400|DBLe|2|1976|2280	QG0216-C.g324	92.208	308	21	1	1	305	2010	2317	0.0	581
PfSN01_120006400|DBLe|2|1976|2280	QG0216-C.g324	31.786	280	155	10	36	305	2388	2641	2.27e-30	123
PfSN01_120006400|DBLe|2|1976|2280	QG0216-C.g324	27.758	281	169	8	50	300	1644	1920	2.03e-20	94.0
PfSN01_120006400|DBLe|2|1976|2280	QG0216-C.g324	25.830	271	152	12	50	274	1282	1549	2.59e-13	72.8
PfSN01_120006400|DBLe|2|1976|2280	QG0216-C.g324	24.573	293	168	11	47	298	91	371	6.57e-12	68.6
PfSN01_120006400|DBLe|2|1976|2280	QG0216-C.g324	26.523	279	156	8	51	280	579	857	1.10e-10	65.1
PfSN01_120006400|DBLe|2|1976|2280	QG0275-C.g1098	93.831	308	10	3	1	305	2017	2318	0.0	578
PfSN01_120006400|DBLe|2|1976|2280	QG0275-C.g1098	32.342	269	155	10	41	305	2394	2639	8.27e-27	112
PfSN01_120006400|DBLe|2|1976|2280	QG0275-C.g1098	26.882	279	172	9	50	300	1652	1926	1.51e-18	88.6
PfSN01_120006400|DBLe|2|1976|2280	QG0275-C.g1098	25.887	282	149	11	50	274	1279	1557	2.03e-14	76.3
PfSN01_120006400|DBLe|2|1976|2280	QG0275-C.g1098	24.691	324	185	10	15	298	67	371	2.99e-14	75.9
PfSN01_120006400|DBLe|2|1976|2280	QG0275-C.g1098	26.224	286	148	8	51	279	578	857	3.92e-11	66.2
PfSN01_120006400|DBLe|2|1976|2280	QE0429-C.g232	91.883	308	22	1	1	305	1991	2298	0.0	578
PfSN01_120006400|DBLe|2|1976|2280	QE0429-C.g232	31.317	281	156	10	38	305	2369	2625	3.56e-27	114
PfSN01_120006400|DBLe|2|1976|2280	QE0429-C.g232	27.018	285	170	8	50	300	1620	1900	8.67e-20	92.4
PfSN01_120006400|DBLe|2|1976|2280	QE0429-C.g232	26.855	283	163	13	50	303	1278	1545	1.39e-14	76.6
PfSN01_120006400|DBLe|2|1976|2280	QE0429-C.g232	22.917	336	195	12	8	298	60	376	9.91e-10	62.0
PfSN01_120006400|DBLe|2|1976|2280	QE0429-C.g232	26.978	278	148	10	51	279	583	854	4.09e-09	60.1
PfSN01_120006400|DBLe|2|1976|2280	PV0286-C.g6	91.883	308	22	1	1	305	1991	2298	0.0	578
PfSN01_120006400|DBLe|2|1976|2280	PV0286-C.g6	31.317	281	156	10	38	305	2369	2625	3.56e-27	114
PfSN01_120006400|DBLe|2|1976|2280	PV0286-C.g6	27.018	285	170	8	50	300	1620	1900	8.67e-20	92.4
PfSN01_120006400|DBLe|2|1976|2280	PV0286-C.g6	26.855	283	163	13	50	303	1278	1545	1.39e-14	76.6
PfSN01_120006400|DBLe|2|1976|2280	PV0286-C.g6	22.917	336	195	12	8	298	60	376	9.91e-10	62.0
PfSN01_120006400|DBLe|2|1976|2280	PV0286-C.g6	26.978	278	148	10	51	279	583	854	4.09e-09	60.1
PfSN01_120006400|DBLe|2|1976|2280	PV0285-C.g7	91.883	308	22	1	1	305	1991	2298	0.0	578
PfSN01_120006400|DBLe|2|1976|2280	PV0285-C.g7	31.317	281	156	10	38	305	2369	2625	3.56e-27	114
PfSN01_120006400|DBLe|2|1976|2280	PV0285-C.g7	27.018	285	170	8	50	300	1620	1900	8.67e-20	92.4
PfSN01_120006400|DBLe|2|1976|2280	PV0285-C.g7	26.855	283	163	13	50	303	1278	1545	1.39e-14	76.6
PfSN01_120006400|DBLe|2|1976|2280	PV0285-C.g7	22.917	336	195	12	8	298	60	376	9.91e-10	62.0
PfSN01_120006400|DBLe|2|1976|2280	PV0285-C.g7	26.978	278	148	10	51	279	583	854	4.09e-09	60.1
PfSN01_120006400|DBLe|3|2318|2633	PM0051-C.g458	92.744	317	21	2	1	316	1033	1348	0.0	598
PfSN01_120006400|DBLe|3|2318|2633	PM0051-C.g458	29.514	288	171	8	32	297	728	1005	5.92e-25	107
PfSN01_120006400|DBLe|3|2318|2633	PM0051-C.g458	29.474	190	100	7	103	263	53	237	1.47e-12	70.9
PfSN01_120006400|DBLe|3|2318|2633	PM0051-C.g458	24.333	300	185	9	1	266	285	576	2.43e-11	67.0
PfSN01_120006400|DBLe|3|2318|2633	SenT002.07.g1926	91.509	318	25	2	1	316	2361	2678	0.0	588
PfSN01_120006400|DBLe|3|2318|2633	SenT002.07.g1926	30.894	246	144	6	32	259	2052	2289	6.42e-27	113
PfSN01_120006400|DBLe|3|2318|2633	SenT002.07.g1926	28.713	303	145	13	9	245	543	840	4.69e-14	75.5
PfSN01_120006400|DBLe|3|2318|2633	SenT002.07.g1926	28.774	212	112	9	41	214	90	300	1.06e-13	74.3
PfSN01_120006400|DBLe|3|2318|2633	SenT002.07.g1926	29.630	189	100	7	103	263	1370	1553	1.55e-11	67.8
PfSN01_120006400|DBLe|3|2318|2633	SenT002.07.g1926	23.958	288	165	7	25	266	1621	1900	2.83e-11	67.0
PfSN01_120006400|DBLe|3|2318|2633	PM0037-C.g1019	88.679	318	34	2	1	316	2327	2644	0.0	572
PfSN01_120006400|DBLe|3|2318|2633	PM0037-C.g1019	32.510	243	142	7	32	259	2020	2255	3.63e-25	108
PfSN01_120006400|DBLe|3|2318|2633	PM0037-C.g1019	30.769	247	113	13	47	245	582	818	5.11e-16	81.3
PfSN01_120006400|DBLe|3|2318|2633	PM0037-C.g1019	27.239	268	142	10	40	259	89	351	2.12e-15	79.3
PfSN01_120006400|DBLe|3|2318|2633	PM0037-C.g1019	30.645	186	100	6	104	263	1347	1529	1.37e-14	77.0
PfSN01_120006400|DBLe|3|2318|2633	PM0037-C.g1019	25.000	300	183	9	1	266	1577	1868	5.39e-13	72.0
PfSN01_120006400|DBLe|3|2318|2633	PM0144-C.g102	82.132	319	52	5	1	316	882	1198	6.26e-176	521
PfSN01_120006400|DBLe|3|2318|2633	PM0144-C.g102	31.930	285	161	9	32	297	584	854	1.33e-28	118
PfSN01_120006400|DBLe|3|2318|2633	PM0144-C.g102	24.590	305	183	8	1	266	137	433	3.92e-11	66.2
PfSN01_120006400|DBLe|3|2318|2633	PM0144-C.g102	34.831	89	50	2	183	263	1	89	3.09e-08	57.4
PfSN01_120006400|DBLe|3|2318|2633	SenP027.02.g265	83.962	318	48	3	1	316	2298	2614	3.98e-175	540
PfSN01_120006400|DBLe|3|2318|2633	SenP027.02.g265	52.012	323	138	9	1	316	4285	4597	1.88e-86	285
PfSN01_120006400|DBLe|3|2318|2633	SenP027.02.g265	31.930	285	161	9	32	297	2000	2270	1.05e-28	119
PfSN01_120006400|DBLe|3|2318|2633	SenP027.02.g265	33.468	248	142	8	13	245	4638	4877	1.22e-28	118
PfSN01_120006400|DBLe|3|2318|2633	SenP027.02.g265	32.520	246	141	7	32	259	3979	4217	1.75e-27	115
PfSN01_120006400|DBLe|3|2318|2633	SenP027.02.g265	27.863	262	147	9	39	259	87	347	1.26e-16	83.2
PfSN01_120006400|DBLe|3|2318|2633	SenP027.02.g265	30.204	245	120	11	47	245	545	784	1.27e-15	80.1
PfSN01_120006400|DBLe|3|2318|2633	SenP027.02.g265	29.609	179	99	5	103	263	3317	3486	6.20e-13	72.0
PfSN01_120006400|DBLe|3|2318|2633	SenP027.02.g265	24.503	302	184	9	1	266	3534	3827	3.67e-12	69.7
PfSN01_120006400|DBLe|3|2318|2633	SenP027.02.g265	29.412	187	103	6	103	263	1322	1505	7.94e-12	68.6
PfSN01_120006400|DBLe|3|2318|2633	SenP027.02.g265	24.590	305	183	8	1	266	1553	1849	5.05e-11	66.2
PfSN01_120006400|DBLe|3|2318|2633	SenP027.02.g265	35.897	117	62	4	141	245	2664	2779	3.82e-08	57.4
PfSN01_120006400|ATS|1|2650|3057	PD0582-C.g234	99.510	408	2	0	1	408	2663	3070	0.0	838
PfSN01_120006400|ATS|1|2650|3057	PD0572-C.g308	98.526	407	6	0	2	408	2683	3089	0.0	827
PfSN01_120006400|ATS|1|2650|3057	PD0543-C.g218	98.526	407	6	0	2	408	2691	3097	0.0	827
PfSN01_120006400|ATS|1|2650|3057	PH0589-C.g320	95.086	407	20	0	2	408	1269	1675	0.0	803
PfSN01_120006400|ATS|1|2650|3057	PFKE12.g429	96.543	405	14	0	1	405	2681	3085	0.0	801
PfSN01_120006700|NTSpam|1|1|51	PT0256-C.g195	100.000	51	0	0	1	51	1	51	1.52e-27	104
PfSN01_120006700|NTSpam|1|1|51	SenT067.09.g792	98.039	51	1	0	1	51	1	51	4.26e-27	102
PfSN01_120006700|NTSpam|1|1|51	PA0167-C.g306	98.039	51	1	0	1	51	1	51	5.22e-27	102
PfSN01_120006700|NTSpam|1|1|51	PT0262-C.g161	98.039	51	1	0	1	51	1	51	5.81e-27	102
PfSN01_120006700|NTSpam|1|1|51	QG0296-C.g3159	98.039	51	1	0	1	51	1	51	5.99e-27	102
PfSN01_120006700|DBLpam1|1|52|434	PT0256-C.g195	94.241	382	21	1	1	382	52	432	0.0	736
PfSN01_120006700|DBLpam1|1|52|434	PT0256-C.g195	27.576	330	195	11	25	317	561	883	8.39e-25	108
PfSN01_120006700|DBLpam1|1|52|434	PT0256-C.g195	27.875	287	150	14	42	327	2391	2621	3.99e-15	79.7
PfSN01_120006700|DBLpam1|1|52|434	PT0256-C.g195	24.503	302	165	10	45	319	1644	1909	5.14e-11	67.0
PfSN01_120006700|DBLpam1|1|52|434	PT0256-C.g195	23.226	310	169	13	9	300	2021	2279	1.51e-10	65.5
PfSN01_120006700|DBLpam1|1|52|434	PT0256-C.g195	23.313	326	176	13	18	304	1262	1552	1.64e-09	62.4
PfSN01_120006700|DBLpam1|1|52|434	PC0113-C.g105	89.791	382	37	1	1	382	52	431	0.0	700
PfSN01_120006700|DBLpam1|1|52|434	PC0113-C.g105	26.048	334	180	13	25	317	560	867	4.48e-21	97.8
PfSN01_120006700|DBLpam1|1|52|434	PC0113-C.g105	23.197	319	184	13	19	304	1248	1538	2.30e-10	65.1
PfSN01_120006700|DBLpam1|1|52|434	PA0157-C.g107	89.791	382	37	1	1	382	52	431	0.0	697
PfSN01_120006700|DBLpam1|1|52|434	PA0157-C.g107	26.048	334	180	13	25	317	560	867	5.83e-21	97.4
PfSN01_120006700|DBLpam1|1|52|434	PA0157-C.g107	26.573	286	154	11	42	327	2382	2611	3.74e-15	79.7
PfSN01_120006700|DBLpam1|1|52|434	PA0157-C.g107	23.669	338	187	13	9	327	2008	2293	5.30e-12	70.1
PfSN01_120006700|DBLpam1|1|52|434	PA0157-C.g107	23.197	319	184	13	19	304	1248	1538	3.47e-10	64.3
PfSN01_120006700|DBLpam1|1|52|434	PA0157-C.g107	24.503	302	165	11	45	319	1630	1895	4.48e-10	63.9
PfSN01_120006700|DBLpam1|1|52|434	PC0005-Cx.g29	89.791	382	37	1	1	382	52	431	0.0	697
PfSN01_120006700|DBLpam1|1|52|434	PC0005-Cx.g29	26.048	334	180	13	25	317	560	867	5.72e-21	97.4
PfSN01_120006700|DBLpam1|1|52|434	PC0005-Cx.g29	26.573	286	154	11	42	327	2382	2611	3.71e-15	79.7
PfSN01_120006700|DBLpam1|1|52|434	PC0005-Cx.g29	23.669	338	187	13	9	327	2008	2293	5.35e-12	70.1
PfSN01_120006700|DBLpam1|1|52|434	PC0005-Cx.g29	23.197	319	184	13	19	304	1248	1538	3.66e-10	64.3
PfSN01_120006700|DBLpam1|1|52|434	PC0005-Cx.g29	24.503	302	165	11	45	319	1630	1895	4.48e-10	63.9
PfSN01_120006700|DBLpam1|1|52|434	QG0296-C.g2732	87.728	383	44	1	1	383	52	431	0.0	686
PfSN01_120006700|DBLpam1|1|52|434	QG0296-C.g2732	27.692	325	181	15	25	317	559	861	1.92e-21	99.0
PfSN01_120006700|DBLpam1|1|52|434	QG0296-C.g2732	26.552	290	156	13	42	327	2367	2603	1.28e-14	78.2
PfSN01_120006700|DBLpam1|1|52|434	QG0296-C.g2732	25.685	292	174	9	45	319	1608	1873	3.92e-12	70.5
PfSN01_120006700|DBLpam1|1|52|434	QG0296-C.g2732	20.882	340	209	9	9	331	1985	2281	7.45e-11	66.6
PfSN01_120006700|DBLpam1|1|52|434	QG0296-C.g2732	24.281	313	176	14	19	304	1238	1516	2.31e-10	65.1
PfSN01_120006700|DBLpam2|1|534|990	QG0236-C.g2305	89.107	459	46	2	1	457	529	985	0.0	812
PfSN01_120006700|DBLpam2|1|534|990	QG0236-C.g2305	31.518	257	149	9	53	305	96	329	6.25e-26	114
PfSN01_120006700|DBLpam2|1|534|990	QG0236-C.g2305	29.299	314	134	14	14	310	2371	2613	2.61e-17	87.4
PfSN01_120006700|DBLpam2|1|534|990	QG0236-C.g2305	26.573	286	152	9	55	313	1284	1538	4.12e-13	74.3
PfSN01_120006700|DBLpam2|1|534|990	QG0236-C.g2305	25.468	267	166	8	53	309	1644	1887	3.38e-11	68.2
PfSN01_120006700|DBLpam2|1|534|990	QG0236-C.g2305	28.139	231	116	7	53	283	2075	2255	2.90e-09	62.0
PfSN01_120006700|DBLpam2|1|534|990	PC0057-C.g584	85.529	463	61	3	1	457	530	992	0.0	780
PfSN01_120006700|DBLpam2|1|534|990	PC0057-C.g584	30.682	264	152	10	48	305	91	329	2.80e-24	108
PfSN01_120006700|DBLpam2|1|534|990	PC0057-C.g584	28.185	259	120	11	53	309	2408	2602	9.68e-16	82.8
PfSN01_120006700|DBLpam2|1|534|990	PC0057-C.g584	26.642	274	146	11	53	309	1648	1883	1.31e-12	72.8
PfSN01_120006700|DBLpam2|1|534|990	PC0057-C.g584	27.758	281	151	9	55	313	1292	1542	1.41e-11	69.7
PfSN01_120006700|DBLpam2|1|534|990	PC0057-C.g584	26.587	252	130	7	53	299	2071	2272	8.03e-10	63.9
PfSN01_120006700|DBLpam2|1|534|990	QG0228-C.g2377	84.829	468	42	4	1	457	527	976	0.0	774
PfSN01_120006700|DBLpam2|1|534|990	QG0228-C.g2377	33.210	271	142	14	48	306	91	334	9.24e-25	110
PfSN01_120006700|DBLpam2|1|534|990	QG0228-C.g2377	27.798	277	145	9	55	313	1276	1515	1.83e-13	75.5
PfSN01_120006700|DBLpam2|1|534|990	SenT066.08.g1627	83.711	485	44	5	1	457	529	1006	0.0	772
PfSN01_120006700|DBLpam2|1|534|990	SenT066.08.g1627	33.333	273	144	14	48	308	90	336	2.32e-27	118
PfSN01_120006700|DBLpam2|1|534|990	PM0077-C.g350	84.233	463	63	4	1	457	530	988	0.0	770
PfSN01_120006700|DBLpam2|1|534|990	PM0077-C.g350	31.298	262	153	10	48	305	91	329	1.36e-25	112
PfSN01_120006700|DBLpam2|1|534|990	PM0077-C.g350	26.923	286	150	9	55	313	1288	1541	7.68e-13	73.6
PfSN01_120006700|CIDRpam|1|999|1227	PM0144-C.g223	90.393	229	22	0	1	229	1687	1915	7.38e-135	420
PfSN01_120006700|CIDRpam|1|999|1227	PM0144-C.g223	86.026	229	32	0	1	229	968	1196	7.22e-128	400
PfSN01_120006700|CIDRpam|1|999|1227	PA0209-C.g1352	89.083	229	25	0	1	229	974	1202	8.54e-133	414
PfSN01_120006700|CIDRpam|1|999|1227	PF0119-C.g1028	87.773	229	27	1	1	229	1000	1227	1.11e-132	407
PfSN01_120006700|CIDRpam|1|999|1227	QG0203-C.g68	88.210	229	27	0	1	229	990	1218	4.79e-132	404
PfSN01_120006700|CIDRpam|1|999|1227	PA0186-C.g607	88.646	229	26	0	1	229	981	1209	4.87e-132	411
PfSN01_120006700|DBLpam3|1|1246|1614	QE0470-C.g152	95.628	366	15	1	4	369	1224	1588	0.0	709
PfSN01_120006700|DBLpam3|1|1246|1614	QE0470-C.g152	24.373	279	155	9	42	319	2054	2277	1.35e-13	74.7
PfSN01_120006700|DBLpam3|1|1246|1614	QE0470-C.g152	28.261	184	102	5	140	319	2452	2609	3.41e-10	64.3
PfSN01_120006700|DBLpam3|1|1246|1614	QE0470-C.g152	23.473	311	158	11	42	327	1633	1888	9.04e-10	63.2
PfSN01_120006700|DBLpam3|1|1246|1614	QE0470-C.g152	23.423	333	176	14	19	323	70	351	2.29e-09	61.6
PfSN01_120006700|DBLpam3|1|1246|1614	QE0470-C.g152	25.965	285	156	11	40	307	576	822	5.82e-09	60.5
PfSN01_120006700|DBLpam3|1|1246|1614	PT0149-C.g300	93.784	370	21	2	1	369	1239	1607	0.0	698
PfSN01_120006700|DBLpam3|1|1246|1614	PT0149-C.g300	25.090	279	146	10	42	319	2071	2287	4.62e-13	73.2
PfSN01_120006700|DBLpam3|1|1246|1614	PT0149-C.g300	26.599	297	160	8	40	307	568	835	1.13e-10	65.9
PfSN01_120006700|DBLpam3|1|1246|1614	PT0149-C.g300	22.508	311	160	10	42	327	1652	1906	1.03e-08	59.7
PfSN01_120006700|DBLpam3|1|1246|1614	PT0149-C.g300	25.234	214	127	7	133	343	2455	2638	3.07e-08	58.2
PfSN01_120006700|DBLpam3|1|1246|1614	PT0149-C.g300	23.171	328	174	14	24	323	74	351	1.56e-07	55.8
PfSN01_120006700|DBLpam3|1|1246|1614	SenP027.02.g265	92.954	369	26	0	1	369	1183	1551	0.0	697
PfSN01_120006700|DBLpam3|1|1246|1614	SenP027.02.g265	79.891	368	45	5	2	369	3194	3532	0.0	562
PfSN01_120006700|DBLpam3|1|1246|1614	SenP027.02.g265	31.050	219	112	8	140	345	2399	2591	6.76e-17	85.1
PfSN01_120006700|DBLpam3|1|1246|1614	SenP027.02.g265	26.407	231	114	9	42	271	2014	2189	5.02e-12	70.1
PfSN01_120006700|DBLpam3|1|1246|1614	SenP027.02.g265	24.830	294	165	12	42	334	3993	4231	1.06e-11	68.9
PfSN01_120006700|DBLpam3|1|1246|1614	SenP027.02.g265	24.918	305	159	12	42	327	1596	1849	1.57e-11	68.6
PfSN01_120006700|DBLpam3|1|1246|1614	SenP027.02.g265	25.849	383	200	14	20	366	530	864	8.74e-11	66.2
PfSN01_120006700|DBLpam3|1|1246|1614	SenP027.02.g265	23.867	331	178	11	19	323	69	351	1.07e-10	65.9
PfSN01_120006700|DBLpam3|1|1246|1614	SenP027.02.g265	23.529	306	159	11	42	327	3577	3827	9.72e-10	62.8
PfSN01_120006700|DBLpam3|1|1246|1614	SenP027.02.g265	26.904	197	109	9	129	320	4377	4543	8.94e-07	53.5
PfSN01_120006700|DBLpam3|1|1246|1614	PC0065-C.g3416	92.141	369	28	1	1	369	1232	1599	0.0	691
PfSN01_120006700|DBLpam3|1|1246|1614	PC0065-C.g3416	28.700	223	117	9	140	353	2461	2650	2.94e-13	73.9
PfSN01_120006700|DBLpam3|1|1246|1614	PC0065-C.g3416	27.155	232	119	9	42	271	2064	2247	3.39e-11	67.4
PfSN01_120006700|DBLpam3|1|1246|1614	PC0065-C.g3416	25.600	375	188	15	40	366	583	914	5.12e-10	63.9
PfSN01_120006700|DBLpam3|1|1246|1614	PC0065-C.g3416	23.856	306	163	11	42	327	1644	1899	6.80e-10	63.5
PfSN01_120006700|DBLpam3|1|1246|1614	QG0277-C.g211	91.599	369	29	1	1	369	1244	1610	0.0	689
PfSN01_120006700|DBLpam3|1|1246|1614	QG0277-C.g211	24.752	303	157	11	42	327	1655	1903	4.14e-13	73.6
PfSN01_120006700|DBLpam3|1|1246|1614	QG0277-C.g211	27.948	229	116	10	42	269	2069	2249	5.66e-11	66.6
PfSN01_120006700|DBLpam3|1|1246|1614	QG0277-C.g211	26.282	312	161	8	18	305	561	827	7.20e-11	66.6
PfSN01_120006700|DBLpam3|1|1246|1614	QG0277-C.g211	23.952	334	174	15	19	323	69	351	1.71e-09	62.0
PfSN01_120006700|DBLe|1|1616|1951	PA0197-C.g639	95.238	336	16	0	1	336	1052	1387	0.0	670
PfSN01_120006700|DBLe|1|1616|1951	PA0197-C.g639	29.297	256	145	8	43	295	1513	1735	2.65e-20	94.4
PfSN01_120006700|DBLe|1|1616|1951	PA0197-C.g639	26.280	293	158	12	45	305	68	334	5.23e-12	69.3
PfSN01_120006700|DBLe|1|1616|1951	PA0197-C.g639	24.823	282	165	9	44	297	746	1008	7.11e-12	68.9
PfSN01_120006700|DBLe|1|1616|1951	PA0197-C.g639	25.763	295	140	14	21	293	1826	2063	5.98e-09	60.1
PfSN01_120006700|DBLe|1|1616|1951	PC0058-C.g863	95.238	336	15	1	1	336	71	405	0.0	660
PfSN01_120006700|DBLe|1|1616|1951	PC0058-C.g863	30.035	283	161	10	43	324	530	776	2.25e-21	97.4
PfSN01_120006700|DBLe|1|1616|1951	PC0058-C.g863	24.164	269	143	11	24	276	845	1068	2.85e-07	54.7
PfSN01_120006700|DBLe|1|1616|1951	PA0261-C.g194	93.003	343	17	1	1	336	1590	1932	0.0	657
PfSN01_120006700|DBLe|1|1616|1951	PA0261-C.g194	26.523	279	157	9	43	317	2399	2633	6.63e-19	90.5
PfSN01_120006700|DBLe|1|1616|1951	PA0261-C.g194	27.875	287	170	10	43	324	2059	2313	4.29e-18	87.8
PfSN01_120006700|DBLe|1|1616|1951	PA0261-C.g194	24.585	301	185	9	45	319	96	380	1.04e-15	80.9
PfSN01_120006700|DBLe|1|1616|1951	PA0261-C.g194	25.694	288	168	11	42	297	1273	1546	3.52e-12	70.1
PfSN01_120006700|DBLe|1|1616|1951	PM0004-C.g916	92.733	344	17	2	1	336	1582	1925	0.0	657
PfSN01_120006700|DBLe|1|1616|1951	PM0004-C.g916	27.368	285	167	11	43	324	2050	2297	8.12e-19	90.1
PfSN01_120006700|DBLe|1|1616|1951	PM0004-C.g916	25.830	271	153	10	43	307	2382	2610	3.17e-15	79.3
PfSN01_120006700|DBLe|1|1616|1951	PM0004-C.g916	25.723	311	175	12	22	297	1249	1538	4.52e-14	75.9
PfSN01_120006700|DBLe|1|1616|1951	PM0004-C.g916	25.311	241	143	7	45	269	583	802	5.55e-13	72.4
PfSN01_120006700|DBLe|1|1616|1951	PM0004-C.g916	24.028	283	173	10	45	301	95	361	7.25e-08	56.6
PfSN01_120006700|DBLe|1|1616|1951	SenT077.11.g109	93.003	343	17	1	1	336	1590	1932	0.0	656
PfSN01_120006700|DBLe|1|1616|1951	SenT077.11.g109	26.523	279	157	9	43	317	2399	2633	7.21e-19	90.1
PfSN01_120006700|DBLe|1|1616|1951	SenT077.11.g109	27.875	287	170	10	43	324	2059	2313	4.92e-18	87.8
PfSN01_120006700|DBLe|1|1616|1951	SenT077.11.g109	25.694	288	168	11	42	297	1273	1546	3.75e-12	70.1
PfSN01_120006700|DBLe|1|1616|1951	SenT077.11.g109	25.887	282	168	12	45	302	95	359	3.43e-10	63.9
PfSN01_120006700|DBLe|1|1616|1951	SenT077.11.g109	26.236	263	141	10	45	271	579	824	3.56e-09	60.8
PfSN01_120006700|DBLe|2|2029|2329	PV0209-C.g5	93.750	304	16	1	1	301	2007	2310	0.0	578
PfSN01_120006700|DBLe|2|2029|2329	PV0209-C.g5	30.292	274	163	7	38	301	2381	2636	2.99e-27	114
PfSN01_120006700|DBLe|2|2029|2329	PV0209-C.g5	29.434	265	158	8	50	291	1642	1900	6.25e-22	98.6
PfSN01_120006700|DBLe|2|2029|2329	PV0209-C.g5	24.823	282	169	10	50	299	1297	1567	1.62e-15	79.3
PfSN01_120006700|DBLe|2|2029|2329	PV0209-C.g5	28.571	231	120	6	51	236	587	817	1.19e-13	73.9
PfSN01_120006700|DBLe|2|2029|2329	PV0117-C.g16	93.750	304	16	1	1	301	2007	2310	0.0	578
PfSN01_120006700|DBLe|2|2029|2329	PV0117-C.g16	30.292	274	163	7	38	301	2381	2636	2.99e-27	114
PfSN01_120006700|DBLe|2|2029|2329	PV0117-C.g16	29.434	265	158	8	50	291	1642	1900	6.25e-22	98.6
PfSN01_120006700|DBLe|2|2029|2329	PV0117-C.g16	24.823	282	169	10	50	299	1297	1567	1.62e-15	79.3
PfSN01_120006700|DBLe|2|2029|2329	PV0117-C.g16	28.571	231	120	6	51	236	587	817	1.19e-13	73.9
PfSN01_120006700|DBLe|2|2029|2329	PM0093-C.g458	93.750	304	16	1	1	301	537	840	0.0	578
PfSN01_120006700|DBLe|2|2029|2329	PM0093-C.g458	29.368	269	169	7	36	301	909	1159	7.50e-25	107
PfSN01_120006700|DBLe|2|2029|2329	PM0093-C.g458	27.675	271	163	7	50	291	165	431	2.61e-19	90.5
PfSN01_120006700|DBLe|2|2029|2329	PC0046-C.g481	93.750	304	16	1	1	301	2007	2310	0.0	578
PfSN01_120006700|DBLe|2|2029|2329	PC0046-C.g481	30.292	274	163	7	38	301	2381	2636	2.99e-27	114
PfSN01_120006700|DBLe|2|2029|2329	PC0046-C.g481	29.434	265	158	8	50	291	1642	1900	6.13e-22	98.6
PfSN01_120006700|DBLe|2|2029|2329	PC0046-C.g481	24.823	282	169	10	50	299	1297	1567	1.61e-15	79.3
PfSN01_120006700|DBLe|2|2029|2329	PC0046-C.g481	28.571	231	120	6	51	236	587	817	1.19e-13	73.9
PfSN01_120006700|DBLe|2|2029|2329	PT0071-C.g31	93.750	304	16	1	1	301	537	840	0.0	575
PfSN01_120006700|DBLe|2|2029|2329	PT0071-C.g31	30.292	274	163	7	38	301	911	1166	2.11e-27	114
PfSN01_120006700|DBLe|2|2029|2329	PT0071-C.g31	28.679	265	163	7	50	291	169	430	2.49e-21	96.7
PfSN01_120006700|DBLe|3|2369|2681	PF0041-C.g102	87.898	314	35	2	1	313	2359	2670	0.0	559
PfSN01_120006700|DBLe|3|2369|2681	PF0041-C.g102	29.818	275	162	8	32	284	2054	2319	7.49e-26	110
PfSN01_120006700|DBLe|3|2369|2681	PF0041-C.g102	28.740	254	111	12	47	241	599	841	1.79e-16	82.4
PfSN01_120006700|DBLe|3|2369|2681	PF0041-C.g102	27.653	311	152	13	42	280	91	400	2.99e-15	79.0
PfSN01_120006700|DBLe|3|2369|2681	PF0041-C.g102	24.815	270	158	9	45	272	1647	1913	3.62e-14	75.5
PfSN01_120006700|DBLe|3|2369|2681	PF0041-C.g102	24.272	309	151	11	46	290	1290	1579	4.54e-10	63.2
PfSN01_120006700|DBLe|3|2369|2681	PA0146-C.g156	82.965	317	50	1	1	313	1285	1601	7.78e-180	540
PfSN01_120006700|DBLe|3|2369|2681	PA0146-C.g156	30.935	278	154	10	32	284	981	1245	6.97e-26	110
PfSN01_120006700|DBLe|3|2369|2681	PA0146-C.g156	26.515	264	134	11	45	272	600	839	5.12e-18	87.0
PfSN01_120006700|DBLe|3|2369|2681	PA0146-C.g156	25.217	230	120	8	96	290	320	532	6.54e-10	62.8
PfSN01_120006700|DBLe|3|2369|2681	SenT151.08.g523	87.619	315	34	4	1	313	2344	2655	2.36e-179	551
PfSN01_120006700|DBLe|3|2369|2681	SenT151.08.g523	30.249	281	155	10	32	284	2037	2304	1.31e-24	106
PfSN01_120006700|DBLe|3|2369|2681	SenT151.08.g523	26.882	279	146	11	45	272	1625	1896	1.38e-16	82.8
PfSN01_120006700|DBLe|3|2369|2681	SenT151.08.g523	29.252	294	150	15	42	280	91	381	5.23e-16	81.3
PfSN01_120006700|DBLe|3|2369|2681	SenT151.08.g523	25.431	232	104	9	47	216	579	803	8.01e-13	71.6
PfSN01_120006700|DBLe|3|2369|2681	SenT151.08.g523	27.897	233	111	9	96	290	1344	1557	1.84e-10	64.3
PfSN01_120006700|DBLe|3|2369|2681	SenP051.02.g44	87.619	315	34	4	1	313	2344	2655	2.36e-179	551
PfSN01_120006700|DBLe|3|2369|2681	SenP051.02.g44	30.249	281	155	10	32	284	2037	2304	1.31e-24	106
PfSN01_120006700|DBLe|3|2369|2681	SenP051.02.g44	26.882	279	146	11	45	272	1625	1896	1.38e-16	82.8
PfSN01_120006700|DBLe|3|2369|2681	SenP051.02.g44	29.252	294	150	15	42	280	91	381	5.23e-16	81.3
PfSN01_120006700|DBLe|3|2369|2681	SenP051.02.g44	25.431	232	104	9	47	216	579	803	8.01e-13	71.6
PfSN01_120006700|DBLe|3|2369|2681	SenP051.02.g44	27.897	233	111	9	96	290	1344	1557	1.84e-10	64.3
PfSN01_120006700|DBLe|3|2369|2681	PA0042-C.g114	87.619	315	34	4	1	313	2344	2655	2.36e-179	551
PfSN01_120006700|DBLe|3|2369|2681	PA0042-C.g114	30.249	281	155	10	32	284	2037	2304	1.31e-24	106
PfSN01_120006700|DBLe|3|2369|2681	PA0042-C.g114	26.882	279	146	11	45	272	1625	1896	1.38e-16	82.8
PfSN01_120006700|DBLe|3|2369|2681	PA0042-C.g114	29.252	294	150	15	42	280	91	381	5.23e-16	81.3
PfSN01_120006700|DBLe|3|2369|2681	PA0042-C.g114	25.431	232	104	9	47	216	579	803	8.01e-13	71.6
PfSN01_120006700|DBLe|3|2369|2681	PA0042-C.g114	27.897	233	111	9	96	290	1344	1557	1.84e-10	64.3
PfSN01_120006700|ATS|1|2698|3105	PFKE06.g409	98.039	408	7	1	1	408	5929	6335	0.0	819
PfSN01_120006700|ATS|1|2698|3105	PfKE04.g1171	97.778	405	9	0	1	405	2671	3075	0.0	815
PfSN01_120006700|ATS|1|2698|3105	PA0134-C.g295	97.059	408	11	1	1	408	2692	3098	0.0	812
PfSN01_120006700|ATS|1|2698|3105	PFKE08.g252	97.059	408	12	0	1	408	1070	1477	0.0	810
PfSN01_120006700|ATS|1|2698|3105	PV0099-C.g24	85.841	452	20	2	1	408	2680	3131	0.0	776
PfSN01_120025100|NTS|1|1|67	PA0078-C.g489	79.365	63	12	1	3	64	7	69	2.17e-26	101
PfSN01_120025100|NTS|1|1|67	PA0104-C.g549	66.667	66	22	0	1	66	1	66	2.19e-20	84.7
PfSN01_120025100|NTS|1|1|67	PC0079-C.g709	87.500	48	6	0	4	51	5	52	4.62e-20	83.6
PfSN01_120025100|NTS|1|1|67	PC0085-C.g1458	68.182	66	18	1	2	67	5	67	5.72e-20	83.6
PfSN01_120025100|NTS|1|1|67	PM0073-C.g638	69.841	63	19	0	4	66	61	123	8.06e-20	83.2
PfSN01_120025100|DBLa|1|68|492	PA0183-C.g578	79.118	431	81	4	1	425	70	497	0.0	660
PfSN01_120025100|DBLa|1|68|492	PA0183-C.g578	25.439	342	179	11	123	425	1003	1307	5.12e-18	89.4
PfSN01_120025100|DBLa|1|68|492	PM0157-C.g578	79.118	431	81	4	1	425	70	497	0.0	660
PfSN01_120025100|DBLa|1|68|492	PM0157-C.g578	25.439	342	179	11	123	425	1003	1307	5.12e-18	89.4
PfSN01_120025100|DBLa|1|68|492	PH0856-C.g711	76.168	428	92	5	1	425	70	490	0.0	657
PfSN01_120025100|DBLa|1|68|492	PA0260-C.g829	77.336	428	87	5	1	425	73	493	0.0	642
PfSN01_120025100|DBLa|1|68|492	PA0260-C.g829	37.000	100	59	1	239	338	1203	1298	3.03e-14	77.4
PfSN01_120025100|DBLa|1|68|492	PV0028-C.g74	75.410	427	100	3	1	425	100	523	0.0	641
PfSN01_120025100|DBLa|1|68|492	PV0028-C.g74	29.154	319	160	14	123	425	1005	1273	8.89e-22	100
PfSN01_120025100|DBLa|1|68|492	PV0028-C.g74	24.633	341	184	11	1	341	1584	1851	1.06e-11	69.7
PfSN01_120025100|CIDRa|1|493|735	PH0856-C.g711	80.753	239	46	0	1	239	491	729	6.72e-133	404
PfSN01_120025100|CIDRa|1|493|735	QG0209-C.g616	80.247	243	48	0	1	243	497	739	3.05e-129	403
PfSN01_120025100|CIDRa|1|493|735	QG0209-C.g616	28.646	192	116	8	65	243	1436	1619	1.60e-07	54.3
PfSN01_120025100|CIDRa|1|493|735	PF0692-C.g866	82.427	239	39	2	1	237	504	741	1.96e-127	397
PfSN01_120025100|CIDRa|1|493|735	PA0253-C.g804	78.814	236	50	0	1	236	503	738	2.26e-123	387
PfSN01_120025100|CIDRa|1|493|735	SenT036.10.g3868	76.987	239	55	0	1	239	504	742	2.33e-123	386
PfSN01_120025100|DBLd|1|846|1392	SenT002.07.g845	54.454	595	151	20	1	547	229	751	1.30e-168	509
PfSN01_120025100|DBLd|1|846|1392	SenT002.07.g845	27.232	224	98	8	293	515	6	165	9.04e-13	73.6
PfSN01_120025100|DBLd|1|846|1392	PT0141-C.g928	52.980	604	195	25	1	547	821	1392	8.16e-164	511
PfSN01_120025100|DBLd|1|846|1392	PT0141-C.g928	29.333	225	113	9	260	479	210	393	2.13e-16	85.5
PfSN01_120025100|DBLd|1|846|1392	PD0545-C.g751	51.687	563	171	19	1	547	900	1377	5.11e-157	492
PfSN01_120025100|DBLd|1|846|1392	PD0545-C.g751	36.607	112	67	2	377	486	294	403	3.03e-13	75.5
PfSN01_120025100|DBLd|1|846|1392	PV0265-C.g60	51.079	556	206	18	1	513	630	1162	2.20e-156	478
PfSN01_120025100|DBLd|1|846|1392	PV0265-C.g60	28.351	194	93	3	293	486	46	193	2.12e-17	88.6
PfSN01_120025100|DBLd|1|846|1392	PC0005-Cx.g779	49.752	605	210	19	1	547	189	757	2.23e-156	478
PfSN01_120025100|CIDRb|1|1393|1649	PD0545-C.g751	73.200	250	55	4	1	250	1378	1615	3.97e-111	353
PfSN01_120025100|CIDRb|1|1393|1649	QG0291-C.g3932	70.039	257	67	4	1	257	1299	1545	1.04e-108	345
PfSN01_120025100|CIDRb|1|1393|1649	QG0291-C.g3932	35.294	102	62	3	67	167	556	654	7.50e-10	61.2
PfSN01_120025100|CIDRb|1|1393|1649	PT0137-C.g797	65.370	257	81	3	1	257	1364	1612	2.17e-101	325
PfSN01_120025100|CIDRb|1|1393|1649	PV0276-C.g27	64.368	261	87	4	1	257	2210	2468	4.05e-99	319
PfSN01_120025100|CIDRb|1|1393|1649	PM0051-C.g878	63.258	264	84	6	1	257	1716	1973	2.31e-98	317
PfSN01_120025100|ATS|1|1771|2246	PH0121-CW.g14	86.192	478	59	4	1	476	3109	3581	0.0	830
PfSN01_120025100|ATS|1|1771|2246	PD0582-C.g186	86.192	478	59	4	1	476	3109	3581	0.0	830
PfSN01_120025100|ATS|1|1771|2246	PT0226-Cx.g621	86.373	477	59	3	1	476	2452	2923	0.0	825
PfSN01_120025100|ATS|1|1771|2246	PFKE12.g8	84.067	477	70	3	1	476	1689	2160	0.0	811
PfSN01_120025100|ATS|1|1771|2246	PH0148-CW.g19	85.535	477	62	4	1	476	2598	3068	0.0	804
PfSN01_120045500|NTS|1|1|68	QE0429-C.g664	95.588	68	3	0	1	68	1	68	5.52e-37	132
PfSN01_120045500|NTS|1|1|68	QE0412-C.g303	90.909	66	5	1	3	68	1	65	2.97e-31	115
PfSN01_120045500|NTS|1|1|68	PH0856-C.g130	83.824	68	9	2	1	68	1	66	5.29e-23	92.0
PfSN01_120045500|NTS|1|1|68	PD0632-C.g168	83.824	68	9	2	1	68	1	66	5.29e-23	92.0
PfSN01_120045500|NTS|1|1|68	PD0552-C.g444	83.824	68	9	2	1	68	1	66	5.29e-23	92.0
PfSN01_120045500|DBLa|1|69|513	QE0412-C.g303	99.775	445	1	0	1	445	66	510	0.0	929
PfSN01_120045500|DBLa|1|69|513	QE0412-C.g303	29.650	371	197	15	1	361	882	1198	5.46e-35	140
PfSN01_120045500|DBLa|1|69|513	QE0412-C.g303	24.204	471	235	17	56	445	1447	1876	2.05e-14	78.6
PfSN01_120045500|DBLa|1|69|513	QE0429-C.g664	99.551	445	2	0	1	445	69	513	0.0	928
PfSN01_120045500|DBLa|1|69|513	QE0429-C.g664	29.412	374	194	15	1	361	885	1201	1.64e-34	139
PfSN01_120045500|DBLa|1|69|513	QE0429-C.g664	25.667	300	162	9	186	445	1579	1857	7.34e-13	73.6
PfSN01_120045500|DBLa|1|69|513	PH0856-C.g130	70.705	454	97	10	1	445	67	493	0.0	615
PfSN01_120045500|DBLa|1|69|513	PH0856-C.g130	39.336	211	96	8	65	273	915	1095	5.29e-30	126
PfSN01_120045500|DBLa|1|69|513	PH0856-C.g130	27.684	177	97	5	203	348	1967	2143	1.49e-12	72.4
PfSN01_120045500|DBLa|1|69|513	PD0632-C.g168	70.705	454	97	10	1	445	67	493	0.0	615
PfSN01_120045500|DBLa|1|69|513	PD0632-C.g168	39.336	211	96	8	65	273	915	1095	5.29e-30	126
PfSN01_120045500|DBLa|1|69|513	PD0632-C.g168	27.684	177	97	5	203	348	1967	2143	1.49e-12	72.4
PfSN01_120045500|DBLa|1|69|513	PD0564-C.g440	70.705	454	97	10	1	445	67	493	0.0	615
PfSN01_120045500|DBLa|1|69|513	PD0564-C.g440	39.336	211	96	8	65	273	915	1095	5.24e-30	126
PfSN01_120045500|DBLa|1|69|513	PD0564-C.g440	27.684	177	97	5	203	348	1967	2143	1.48e-12	72.4
PfSN01_120045500|CIDRa|1|514|812	QE0429-C.g664	100.000	299	0	0	1	299	514	812	0.0	617
PfSN01_120045500|CIDRa|1|514|812	QE0412-C.g303	99.666	299	1	0	1	299	511	809	0.0	615
PfSN01_120045500|CIDRa|1|514|812	PC0046-C.g16	75.920	299	58	4	1	299	444	728	5.10e-143	447
PfSN01_120045500|CIDRa|1|514|812	PfKE05.g284	79.402	301	55	3	1	299	499	794	9.80e-143	446
PfSN01_120045500|CIDRa|1|514|812	PfKE05.g284	29.545	88	61	1	103	190	2265	2351	6.31e-08	56.2
PfSN01_120045500|CIDRa|1|514|812	PA0220-C.g465	78.548	303	51	6	1	299	505	797	1.65e-140	439
PfSN01_120045500|CIDRa|1|514|812	PA0220-C.g465	39.394	66	39	1	125	190	2016	2080	1.03e-07	55.8
PfSN01_120045500|DBLb|1|819|1289	PH0349-C.g331	73.729	472	121	3	1	471	817	1286	0.0	677
PfSN01_120045500|DBLb|1|819|1289	PH0349-C.g331	33.457	269	128	8	109	339	127	382	4.22e-29	124
PfSN01_120045500|DBLb|1|819|1289	PH0343-C.g338	73.729	472	121	3	1	471	817	1286	0.0	677
PfSN01_120045500|DBLb|1|819|1289	PH0343-C.g338	33.457	269	128	8	109	339	127	382	4.22e-29	124
PfSN01_120045500|DBLb|1|819|1289	QE0439-C.g661	73.729	472	121	3	1	471	817	1286	0.0	677
PfSN01_120045500|DBLb|1|819|1289	QE0439-C.g661	33.457	269	128	8	109	339	127	382	4.34e-29	124
PfSN01_120045500|DBLb|1|819|1289	QE0459-C.g418	66.869	495	124	12	1	471	761	1239	0.0	627
PfSN01_120045500|DBLb|1|819|1289	QE0459-C.g418	34.298	242	115	10	109	318	106	335	6.12e-25	111
PfSN01_120045500|DBLb|1|819|1289	QE0455-C.g568	66.869	495	124	12	1	471	761	1239	0.0	625
PfSN01_120045500|DBLb|1|819|1289	QE0455-C.g568	34.298	242	115	10	109	318	106	335	9.75e-25	110
PfSN01_120045500|DBLd|1|1354|1849	PA0165-C.g885	52.471	526	209	12	1	496	872	1386	1.44e-155	486
PfSN01_120045500|DBLd|1|1354|1849	PA0165-C.g885	23.529	204	119	6	328	496	310	511	4.83e-07	55.1
PfSN01_120045500|DBLd|1|1354|1849	PT0219-C.g616	51.601	531	196	13	1	496	844	1348	2.40e-154	482
PfSN01_120045500|DBLd|1|1354|1849	PT0219-C.g616	34.694	98	62	1	336	431	318	415	1.40e-10	66.6
PfSN01_120045500|DBLd|1|1354|1849	PM0021-C.g936	53.321	527	186	19	1	496	854	1351	5.32e-150	470
PfSN01_120045500|DBLd|1|1354|1849	PM0021-C.g936	22.781	338	201	11	186	496	186	490	5.12e-11	67.8
PfSN01_120045500|DBLd|1|1354|1849	PV0160-C.g19	53.537	523	199	17	1	496	1797	2302	1.01e-149	475
PfSN01_120045500|DBLd|1|1354|1849	PV0160-C.g19	25.549	364	152	9	70	428	1334	1583	3.57e-26	115
PfSN01_120045500|DBLd|1|1354|1849	PV0160-C.g19	22.761	268	139	8	250	496	296	516	4.47e-07	55.5
PfSN01_120045500|DBLd|1|1354|1849	PA0047-C.g473	51.731	520	191	17	1	496	268	751	1.08e-147	453
PfSN01_120045500|DBLd|1|1354|1849	PA0047-C.g473	26.667	180	77	4	249	428	39	163	6.70e-11	67.4
PfSN01_120045500|CIDRb|1|1850|2105	PT0071-C.g582	72.222	234	56	4	1	234	1479	1703	2.44e-102	328
PfSN01_120045500|CIDRb|1|1850|2105	PT0052-C.g283	64.751	261	82	5	1	255	2435	2691	1.42e-99	320
PfSN01_120045500|CIDRb|1|1850|2105	PT0052-C.g283	28.387	155	102	4	22	171	496	646	1.79e-08	57.4
PfSN01_120045500|CIDRb|1|1850|2105	PA0203-C.g738	70.940	234	59	4	1	234	1291	1515	2.48e-99	319
PfSN01_120045500|CIDRb|1|1850|2105	PA0203-C.g738	35.065	77	49	1	93	168	582	658	2.26e-08	57.0
PfSN01_120045500|CIDRb|1|1850|2105	PF0133-C.g372	64.639	263	84	5	1	256	1393	1653	3.46e-99	319
PfSN01_120045500|CIDRb|1|1850|2105	PA0035-C.g72	65.490	255	80	5	1	252	1338	1587	1.02e-96	312
PfSN01_120045500|ATS|1|2214|2723	PFKE11.g671	84.570	512	61	4	1	510	2046	2541	0.0	845
PfSN01_120045500|ATS|1|2214|2723	PFKE07.g932	88.303	436	38	2	1	434	1791	2215	0.0	751
PfSN01_120045500|ATS|1|2214|2723	PA0221-C.g780	75.728	515	77	9	1	510	1803	2274	0.0	718
PfSN01_120045500|ATS|1|2214|2723	PfKE02.g507	75.097	514	89	9	1	510	1741	2219	0.0	711
PfSN01_120045500|ATS|1|2214|2723	PV0099-C.g12	73.294	513	114	8	1	510	3295	3787	0.0	705
PfSN01_120045800|NTS|1|1|55	PT0206-Cx.g158	89.091	55	5	1	1	55	1	54	3.35e-24	94.7
PfSN01_120045800|NTS|1|1|55	PA0044-C.g468	89.091	55	5	1	1	55	1	54	4.99e-24	94.4
PfSN01_120045800|NTS|1|1|55	PA0151-C.g188	89.091	55	5	1	1	55	1	54	5.46e-24	94.4
PfSN01_120045800|NTS|1|1|55	QE0476-C.g390	89.091	55	5	1	1	55	1	54	6.31e-24	94.0
PfSN01_120045800|NTS|1|1|55	QE0470-C.g534	89.091	55	5	1	1	55	1	54	6.31e-24	94.0
PfSN01_120045800|DBLa|1|63|462	PD0555-C.g632	77.307	401	86	3	1	400	63	459	0.0	659
PfSN01_120045800|DBLa|1|63|462	PD0555-C.g632	32.881	295	154	12	10	279	799	1074	3.39e-31	128
PfSN01_120045800|DBLa|1|63|462	SenT084.10.g2807	80.050	401	77	3	1	400	62	460	0.0	655
PfSN01_120045800|DBLa|1|63|462	SenT084.10.g2807	28.532	361	206	10	8	358	795	1113	5.85e-33	133
PfSN01_120045800|DBLa|1|63|462	SenT084.10.g2807	32.432	148	95	2	16	163	2454	2596	1.06e-12	72.4
PfSN01_120045800|DBLa|1|63|462	SenT084.10.g2807	32.911	158	89	6	218	375	1538	1678	1.08e-10	66.2
PfSN01_120045800|DBLa|1|63|462	SenT084.10.g2807	26.923	260	147	11	49	288	2059	2295	6.25e-10	63.9
PfSN01_120045800|DBLa|1|63|462	PM0108-C.g6	78.250	400	82	3	1	400	59	453	0.0	650
PfSN01_120045800|DBLa|1|63|462	PM0108-C.g6	35.135	222	112	7	53	267	838	1034	5.66e-30	124
PfSN01_120045800|DBLa|1|63|462	PM0108-C.g6	24.252	301	184	12	42	322	1240	1516	2.75e-07	55.5
PfSN01_120045800|DBLa|1|63|462	PM0020-C.g1481	76.658	407	82	6	1	400	61	461	0.0	650
PfSN01_120045800|DBLa|1|63|462	PM0020-C.g1481	36.626	243	116	8	53	279	852	1072	3.32e-32	131
PfSN01_120045800|DBLa|1|63|462	PA0151-C.g188	78.554	401	80	4	1	400	62	457	0.0	648
PfSN01_120045800|DBLa|1|63|462	PA0151-C.g188	34.965	286	146	10	9	279	793	1053	4.85e-36	142
PfSN01_120045800|DBLa|1|63|462	PA0151-C.g188	27.273	253	138	7	175	400	1442	1675	8.50e-12	69.7
PfSN01_120045800|CIDRa|1|463|716	PT0039-C.g156	89.431	246	26	0	1	246	469	714	1.58e-149	461
PfSN01_120045800|CIDRa|1|463|716	PA0038-C.g547	94.628	242	13	0	1	242	464	705	3.42e-145	446
PfSN01_120045800|CIDRa|1|463|716	QG0214-C.g1851	80.321	249	47	1	1	247	423	671	4.27e-130	407
PfSN01_120045800|CIDRa|1|463|716	PH0114-C.g19	73.279	247	66	0	1	247	465	711	1.35e-124	385
PfSN01_120045800|CIDRa|1|463|716	QG0182-C.g463	74.167	240	62	0	1	240	466	705	5.97e-118	373
PfSN01_120045800|DBLb|1|729|1195	PV0139-C.g78	95.198	479	11	1	1	467	748	1226	0.0	938
PfSN01_120045800|DBLb|1|729|1195	PV0139-C.g78	29.805	359	193	14	68	388	1689	2026	3.89e-33	135
PfSN01_120045800|DBLb|1|729|1195	PV0139-C.g78	29.965	287	137	9	114	352	128	398	2.78e-27	118
PfSN01_120045800|DBLb|1|729|1195	PV0139-C.g78	30.469	256	133	10	111	358	2131	2349	7.16e-20	95.5
PfSN01_120045800|DBLb|1|729|1195	PV0139-C.g78	23.864	264	142	9	113	345	1303	1538	7.26e-09	60.8
PfSN01_120045800|DBLb|1|729|1195	PM0076-C.g1238	78.224	473	91	6	1	467	744	1210	0.0	729
PfSN01_120045800|DBLb|1|729|1195	PM0076-C.g1238	35.688	269	117	10	114	335	112	371	1.91e-28	121
PfSN01_120045800|DBLb|1|729|1195	PM0076-C.g1238	26.599	297	155	12	113	371	1295	1566	2.18e-16	84.7
PfSN01_120045800|DBLb|1|729|1195	PM0113-C.g612	76.008	471	96	7	1	467	736	1193	0.0	710
PfSN01_120045800|DBLb|1|729|1195	PM0113-C.g612	30.952	336	184	13	80	388	2455	2769	9.82e-34	137
PfSN01_120045800|DBLb|1|729|1195	PM0113-C.g612	28.804	368	197	16	13	335	24	371	2.36e-29	124
PfSN01_120045800|DBLb|1|729|1195	PM0113-C.g612	30.588	255	132	10	111	357	2874	3091	2.80e-20	97.1
PfSN01_120045800|DBLb|1|729|1195	PM0113-C.g612	24.116	311	170	13	78	352	2007	2287	6.20e-09	61.2
PfSN01_120045800|DBLb|1|729|1195	QG0218-C.g722	73.348	469	109	7	1	467	760	1214	0.0	670
PfSN01_120045800|DBLb|1|729|1195	QG0218-C.g722	34.016	244	120	8	114	326	123	356	2.08e-29	124
PfSN01_120045800|DBLb|1|729|1195	QG0218-C.g722	25.387	323	188	11	97	382	1287	1593	6.97e-14	77.0
PfSN01_120045800|DBLb|1|729|1195	PM0144-C.g352	62.979	470	153	8	1	467	745	1196	0.0	579
PfSN01_120045800|DBLb|1|729|1195	PM0144-C.g352	34.510	255	122	8	114	334	109	352	2.87e-29	124
PfSN01_120045800|DBLb|1|729|1195	PM0144-C.g352	25.597	461	251	18	39	467	1192	1592	3.72e-23	105
PfSN01_120045800|DBLg|1|1224|1613	SenT128.08.g281	71.646	395	98	5	1	390	743	1128	0.0	556
PfSN01_120045800|DBLg|1|1224|1613	SenT128.08.g281	36.449	321	159	11	1	289	1150	1457	8.40e-42	159
PfSN01_120045800|DBLg|1|1224|1613	SenT165.09.g2056	71.646	395	98	5	1	390	838	1223	0.0	556
PfSN01_120045800|DBLg|1|1224|1613	SenT165.09.g2056	36.449	321	159	11	1	289	1245	1552	8.24e-42	159
PfSN01_120045800|DBLg|1|1224|1613	SenT165.09.g2056	23.656	279	157	12	44	292	111	363	7.90e-08	57.0
PfSN01_120045800|DBLg|1|1224|1613	PV0139-C.g78	85.099	302	36	1	1	302	1255	1547	4.22e-172	533
PfSN01_120045800|DBLg|1|1224|1613	PV0139-C.g78	26.287	369	214	13	46	390	1741	2075	4.64e-20	95.1
PfSN01_120045800|DBLg|1|1224|1613	PV0139-C.g78	24.359	390	224	13	49	390	860	1226	4.34e-19	92.0
PfSN01_120045800|DBLg|1|1224|1613	PV0139-C.g78	24.825	286	160	12	34	311	2116	2354	1.77e-11	68.6
PfSN01_120045800|DBLg|1|1224|1613	PV0139-C.g78	24.490	294	164	11	46	300	124	398	5.29e-09	60.8
PfSN01_120045800|DBLg|1|1224|1613	PT0242-Cx.g760	64.213	394	115	8	1	390	1323	1694	6.59e-154	477
PfSN01_120045800|DBLg|1|1224|1613	PT0242-Cx.g760	26.598	391	222	16	42	390	927	1294	1.25e-21	99.8
PfSN01_120045800|DBLg|1|1224|1613	PT0242-Cx.g760	23.214	336	193	11	10	302	91	404	2.13e-08	58.9
PfSN01_120045800|DBLg|1|1224|1613	PM0146-C.g367	58.373	418	137	10	1	390	795	1203	3.49e-146	459
PfSN01_120045800|DBLg|1|1224|1613	PM0146-C.g367	27.273	396	171	13	48	328	1281	1674	1.32e-29	123
PfSN01_120045800|DBLg|1|1224|1613	PM0146-C.g367	22.674	344	196	12	46	339	114	437	3.54e-09	61.2
PfSN01_120045800|DBLd|1|1631|2114	PM0108-C.g714	51.400	500	207	13	1	484	1205	1684	6.06e-146	462
PfSN01_120045800|DBLd|1|1631|2114	PM0108-C.g714	23.297	279	144	7	177	448	794	1009	1.57e-07	56.6
PfSN01_120045800|DBLd|1|1631|2114	QE0470-C.g818	53.455	492	196	17	1	484	873	1339	9.08e-146	458
PfSN01_120045800|DBLd|1|1631|2114	QE0470-C.g818	24.818	274	146	7	237	484	246	485	4.12e-13	74.7
PfSN01_120045800|DBLd|1|1631|2114	PM0138-C.g657	50.664	527	197	17	1	484	862	1368	5.17e-144	454
PfSN01_120045800|DBLd|1|1631|2114	PM0138-C.g657	21.642	268	169	6	159	416	169	405	4.04e-10	65.1
PfSN01_120045800|DBLd|1|1631|2114	PA0211-C.g600	50.664	527	197	17	1	484	862	1368	5.50e-144	454
PfSN01_120045800|DBLd|1|1631|2114	PA0211-C.g600	21.642	268	169	6	159	416	169	405	4.19e-10	65.1
PfSN01_120045800|DBLd|1|1631|2114	SenV092.05.g260	50.664	527	197	17	1	484	862	1368	5.78e-144	454
PfSN01_120045800|DBLd|1|1631|2114	SenV092.05.g260	21.642	268	169	6	159	416	169	405	4.45e-10	64.7
PfSN01_120045800|CIDRb|1|2115|2377	PF0158-C.g746	96.198	263	9	1	1	263	871	1132	2.25e-177	523
PfSN01_120045800|CIDRb|1|2115|2377	PM0049-C.g436	89.888	267	23	1	1	263	1423	1689	4.98e-149	458
PfSN01_120045800|CIDRb|1|2115|2377	PT0041-C.g400	70.522	268	71	3	1	263	1371	1635	1.54e-117	371
PfSN01_120045800|CIDRb|1|2115|2377	PT0181-C.g2438	70.522	268	71	3	1	263	1438	1702	4.01e-117	370
PfSN01_120045800|CIDRb|1|2115|2377	PA0051-C.g171	70.149	268	72	3	1	263	1367	1631	1.29e-116	369
PfSN01_120045800|ATS|1|2469|2916	PfKE03.g242	78.858	473	74	6	1	448	1361	1832	0.0	691
PfSN01_120045800|ATS|1|2469|2916	PV0028-C.g31	76.231	467	81	8	1	448	1737	2192	0.0	673
PfSN01_120045800|ATS|1|2469|2916	PV0234-C.g27	73.529	510	71	9	1	448	2445	2952	0.0	665
PfSN01_120045800|ATS|1|2469|2916	PD0549-C.g516	76.304	460	85	8	1	448	2187	2634	0.0	653
PfSN01_120045800|ATS|1|2469|2916	PD0511-C.g583	76.304	460	85	8	1	448	2187	2634	0.0	653
PfSN01_120046000|NTS|1|1|70	PT0073-C.g759	100.000	70	0	0	1	70	1	70	1.64e-41	145
PfSN01_120046000|NTS|1|1|70	PF0330-C.g259	75.714	70	11	1	1	70	1	64	2.27e-27	104
PfSN01_120046000|NTS|1|1|70	PF0037-C.g866	75.714	70	11	1	1	70	1	64	2.27e-27	104
PfSN01_120046000|NTS|1|1|70	PM0159-C.g1106	79.167	72	13	1	1	70	1	72	3.08e-27	104
PfSN01_120046000|NTS|1|1|70	PA0049-C.g446	79.167	72	13	1	1	70	1	72	3.13e-27	104
PfSN01_120046000|DBLa|1|71|500	PT0073-C.g759	96.047	430	0	1	1	430	71	483	0.0	850
PfSN01_120046000|DBLa|1|71|500	PT0073-C.g759	24.739	287	146	8	181	430	1112	1365	1.06e-11	69.7
PfSN01_120046000|DBLa|1|71|500	PM0063-C.g408	79.680	438	78	6	1	430	63	497	0.0	698
PfSN01_120046000|DBLa|1|71|500	PM0063-C.g408	24.880	209	107	5	182	340	1160	1368	7.27e-13	73.2
PfSN01_120046000|DBLa|1|71|500	QE0455-C.g876	76.443	433	97	3	1	430	73	503	0.0	683
PfSN01_120046000|DBLa|1|71|500	QE0455-C.g876	31.522	276	126	9	115	378	1026	1250	3.09e-25	111
PfSN01_120046000|DBLa|1|71|500	PA0172-C.g978	76.443	433	97	3	1	430	73	503	0.0	682
PfSN01_120046000|DBLa|1|71|500	PA0172-C.g978	31.159	276	127	9	115	378	1026	1250	1.91e-24	108
PfSN01_120046000|DBLa|1|71|500	PT0042-C.g442	76.443	433	97	3	1	430	73	503	0.0	682
PfSN01_120046000|DBLa|1|71|500	PT0042-C.g442	23.358	274	153	8	112	338	1104	1367	1.98e-12	72.0
PfSN01_120046000|CIDRa|1|501|810	PT0073-C.g759	100.000	310	0	0	1	310	484	793	0.0	638
PfSN01_120046000|CIDRa|1|501|810	PM0073-C.g1225	72.313	307	74	2	1	307	506	801	3.63e-135	424
PfSN01_120046000|CIDRa|1|501|810	PM0076-C.g691	72.313	307	74	2	1	307	506	801	4.47e-135	424
PfSN01_120046000|CIDRa|1|501|810	PA0039-C.g370	72.313	307	74	2	1	307	506	801	5.66e-135	424
PfSN01_120046000|CIDRa|1|501|810	PC0113-C.g41	66.234	308	87	3	1	307	487	778	3.26e-121	384
PfSN01_120046000|CIDRa|1|501|810	PC0113-C.g41	36.364	77	47	2	151	227	1516	1590	3.23e-08	57.4
PfSN01_120046000|DBLd|1|887|1391	PT0059-C.g821	56.801	544	161	17	1	505	874	1382	2.52e-165	513
PfSN01_120046000|DBLd|1|887|1391	PT0059-C.g821	24.156	385	186	12	175	505	166	498	1.86e-15	82.0
PfSN01_120046000|DBLd|1|887|1391	PF0513-C.g373	55.083	541	169	18	1	505	891	1393	1.55e-163	508
PfSN01_120046000|DBLd|1|887|1391	PF0145-C.g419	55.249	543	167	19	1	505	892	1396	1.44e-162	505
PfSN01_120046000|DBLd|1|887|1391	QG0292-C.g2612	54.212	546	179	20	1	505	890	1405	3.18e-162	504
PfSN01_120046000|DBLd|1|887|1391	PM0103-C.g355	53.965	517	203	13	1	505	894	1387	1.42e-154	483
PfSN01_120046000|DBLd|1|887|1391	PM0103-C.g355	25.490	357	186	14	191	505	177	495	6.60e-10	64.3
PfSN01_120046000|CIDRb|1|1392|1642	PF0513-C.g373	72.835	254	59	4	1	251	1394	1640	8.13e-107	340
PfSN01_120046000|CIDRb|1|1392|1642	QG0292-C.g2612	72.835	254	59	4	1	251	1406	1652	8.72e-107	340
PfSN01_120046000|CIDRb|1|1392|1642	PF0145-C.g419	72.835	254	59	4	1	251	1397	1643	1.05e-106	340
PfSN01_120046000|CIDRb|1|1392|1642	PT0059-C.g821	68.217	258	69	5	1	251	1383	1634	9.68e-105	335
PfSN01_120046000|CIDRb|1|1392|1642	PC0063-C.g8283	66.260	246	74	4	1	239	1407	1650	2.19e-97	313
PfSN01_120046000|ATS|1|1762|2223	PD0590-C.g548	83.299	479	50	5	1	462	2191	2656	0.0	799
PfSN01_120046000|ATS|1|1762|2223	PD0585-C.g522	83.299	479	50	5	1	462	2191	2656	0.0	799
PfSN01_120046000|ATS|1|1762|2223	PV0084-C.g6	75.162	463	93	9	1	460	1815	2258	0.0	673
PfSN01_120046000|ATS|1|1762|2223	PF0489-C.g691	75.536	466	84	12	1	462	1767	2206	0.0	670
PfSN01_120046000|ATS|1|1762|2223	PF0489-C.g723	72.521	484	85	10	1	462	1717	2174	0.0	655
PfSN01_120046300|NTS|1|1|79	QG0277-C.g929	100.000	79	0	0	1	79	1	79	7.80e-48	163
PfSN01_120046300|NTS|1|1|79	PFKE09.g234	100.000	79	0	0	1	79	1	79	8.34e-48	163
PfSN01_120046300|NTS|1|1|79	QG0260-C.g1011	100.000	79	0	0	1	79	1	79	8.76e-48	163
PfSN01_120046300|NTS|1|1|79	PF0400-C.g6	100.000	79	0	0	1	79	1	79	1.02e-47	163
PfSN01_120046300|NTS|1|1|79	PA0237-C.g317	100.000	79	0	0	1	79	1	79	2.26e-47	162
PfSN01_120046300|DBLa|1|80|505	QG0260-C.g1011	90.443	429	25	3	1	426	80	495	0.0	767
PfSN01_120046300|DBLa|1|80|505	QG0260-C.g1011	26.165	279	156	10	181	426	1061	1322	3.12e-15	80.5
PfSN01_120046300|DBLa|1|80|505	PF0400-C.g6	90.443	429	25	3	1	426	80	495	0.0	766
PfSN01_120046300|DBLa|1|80|505	QG0277-C.g929	90.443	429	25	3	1	426	80	495	0.0	766
PfSN01_120046300|DBLa|1|80|505	QG0277-C.g929	26.685	356	201	13	105	426	992	1321	2.28e-16	84.3
PfSN01_120046300|DBLa|1|80|505	PA0237-C.g317	90.210	429	26	3	1	426	80	495	0.0	764
PfSN01_120046300|DBLa|1|80|505	PFKE09.g234	90.443	429	25	3	1	426	80	495	0.0	762
PfSN01_120046300|DBLa|1|80|505	PFKE09.g234	26.038	265	158	9	184	426	1076	1324	2.16e-12	71.6
PfSN01_120046300|CIDRa|1|506|759	PF0400-C.g6	100.000	254	0	0	1	254	496	749	0.0	530
PfSN01_120046300|CIDRa|1|506|759	PA0237-C.g317	99.606	254	1	0	1	254	496	749	1.52e-179	526
PfSN01_120046300|CIDRa|1|506|759	QG0260-C.g1011	100.000	254	0	0	1	254	496	749	1.34e-176	531
PfSN01_120046300|CIDRa|1|506|759	QG0277-C.g929	100.000	254	0	0	1	254	496	749	2.44e-176	529
PfSN01_120046300|CIDRa|1|506|759	PFKE09.g234	100.000	254	0	0	1	254	496	749	4.62e-176	528
PfSN01_120046300|DBLd|1|829|1339	QG0260-C.g736	60.617	551	151	16	1	511	865	1389	0.0	586
PfSN01_120046300|DBLd|1|829|1339	QG0260-C.g736	27.566	341	188	10	188	511	176	474	8.12e-23	105
PfSN01_120046300|DBLd|1|829|1339	QG0277-C.g689	60.436	551	152	16	1	511	877	1401	0.0	586
PfSN01_120046300|DBLd|1|829|1339	QG0277-C.g689	27.431	288	155	10	245	511	257	511	9.06e-17	86.3
PfSN01_120046300|DBLd|1|829|1339	QE0393-Cx.g542	51.948	539	195	12	1	511	851	1353	8.47e-157	483
PfSN01_120046300|DBLd|1|829|1339	QE0393-Cx.g542	26.377	345	198	13	188	511	187	496	4.52e-16	84.0
PfSN01_120046300|DBLd|1|829|1339	PM0114-C.g611	52.247	534	200	18	1	511	953	1454	2.11e-151	476
PfSN01_120046300|DBLd|1|829|1339	PM0114-C.g611	28.369	141	91	5	377	511	2	138	1.61e-08	60.1
PfSN01_120046300|DBLd|1|829|1339	PF0725-C.g563	52.142	537	211	12	1	511	811	1327	1.11e-147	464
PfSN01_120046300|DBLd|1|829|1339	PF0725-C.g563	25.401	374	202	14	171	511	165	494	3.77e-15	81.3
PfSN01_120046300|CIDRb|1|1340|1591	QG0260-C.g736	89.641	251	24	1	1	251	1390	1638	6.96e-146	449
PfSN01_120046300|CIDRb|1|1340|1591	QG0260-C.g736	32.184	87	58	1	82	167	614	700	1.00e-08	57.8
PfSN01_120046300|CIDRb|1|1340|1591	QG0277-C.g689	89.641	251	24	1	1	251	1402	1650	1.53e-145	448
PfSN01_120046300|CIDRb|1|1340|1591	PA0209-C.g1153	78.689	244	47	4	2	244	1621	1860	1.07e-120	380
PfSN01_120046300|CIDRb|1|1340|1591	PA0209-C.g1153	40.000	65	38	1	104	167	380	444	7.09e-08	55.5
PfSN01_120046300|CIDRb|1|1340|1591	PC0046-C.g258	70.902	244	65	4	1	242	1319	1558	8.04e-109	346
PfSN01_120046300|CIDRb|1|1340|1591	PD0523-C.g597	70.782	243	67	3	2	243	1377	1616	2.44e-106	339
PfSN01_120046300|ATS|1|1707|2053	PV0211-C.g52	97.721	351	0	1	1	343	1845	2195	0.0	709
PfSN01_120046300|ATS|1|1707|2053	PT0095-C.g144	83.383	337	52	4	2	336	2285	2619	0.0	569
PfSN01_120046300|ATS|1|1707|2053	PV0028-C.g43	83.432	338	52	4	2	336	1844	2180	0.0	565
PfSN01_120046300|ATS|1|1707|2053	PC0122-C.g20	83.186	339	52	3	1	336	2346	2682	0.0	564
PfSN01_120046300|ATS|1|1707|2053	PFKE09.g410	83.036	336	54	3	2	337	1752	2084	0.0	556
PfSN01_120060500|NTS|1|1|71	PA0100-C.g634	100.000	71	0	0	1	71	1	71	3.11e-43	150
PfSN01_120060500|NTS|1|1|71	PA0161-C.g89	98.387	62	1	0	10	71	7	68	2.65e-35	127
PfSN01_120060500|NTS|1|1|71	PA0161-C.g685	72.222	54	15	0	18	71	12	65	4.28e-19	81.3
PfSN01_120060500|NTS|1|1|71	PC0047-C.g251	72.727	55	15	0	1	55	1	55	2.52e-18	79.0
PfSN01_120060500|NTS|1|1|71	PF0489-C.g142	70.000	50	15	0	22	71	16	65	8.03e-18	77.4
PfSN01_120060500|DBLa|1|72|467	PA0161-C.g89	100.000	396	0	0	1	396	69	464	0.0	833
PfSN01_120060500|DBLa|1|72|467	PA0161-C.g89	35.246	244	132	9	21	246	2408	2643	6.89e-29	121
PfSN01_120060500|DBLa|1|72|467	PA0161-C.g89	31.502	273	139	11	52	315	871	1104	1.12e-23	105
PfSN01_120060500|DBLa|1|72|467	PA0161-C.g89	28.213	319	174	11	101	396	1374	1660	2.29e-17	87.0
PfSN01_120060500|DBLa|1|72|467	PA0161-C.g89	22.654	309	178	9	37	322	1994	2264	3.09e-10	64.7
PfSN01_120060500|DBLa|1|72|467	PA0100-C.g634	100.000	396	0	0	1	396	72	467	0.0	832
PfSN01_120060500|DBLa|1|72|467	PA0100-C.g634	31.716	268	137	12	1	252	831	1068	7.49e-26	112
PfSN01_120060500|DBLa|1|72|467	PH0594-C.g713	74.463	419	81	8	1	396	64	479	0.0	611
PfSN01_120060500|DBLa|1|72|467	PH0594-C.g713	31.044	364	181	15	21	356	2451	2772	1.16e-37	147
PfSN01_120060500|DBLa|1|72|467	PH0594-C.g713	29.043	303	172	10	118	396	1401	1684	1.63e-26	114
PfSN01_120060500|DBLa|1|72|467	PH0594-C.g713	35.484	217	104	6	49	252	891	1084	3.21e-23	104
PfSN01_120060500|DBLa|1|72|467	PH0594-C.g713	23.333	240	128	6	102	335	2904	3093	1.70e-11	68.6
PfSN01_120060500|DBLa|1|72|467	PH0594-C.g713	25.941	239	144	5	36	252	2023	2250	1.16e-10	66.2
PfSN01_120060500|DBLa|1|72|467	QG0286-C.g4186	72.414	406	101	7	1	396	67	471	0.0	592
PfSN01_120060500|DBLa|1|72|467	QG0286-C.g4186	33.632	223	126	7	52	258	1729	1945	1.19e-28	120
PfSN01_120060500|DBLa|1|72|467	QG0286-C.g4186	33.790	219	106	6	52	252	887	1084	2.11e-25	111
PfSN01_120060500|DBLa|1|72|467	PA0221-C.g61	70.574	401	107	7	1	396	63	457	0.0	572
PfSN01_120060500|DBLa|1|72|467	PA0221-C.g61	32.941	255	121	9	20	252	834	1060	1.39e-26	114
PfSN01_120060500|CIDRa|1|468|763	PA0100-C.g634	100.000	296	0	0	1	296	468	763	0.0	606
PfSN01_120060500|CIDRa|1|468|763	PA0074-C.g313	100.000	296	0	0	1	296	69	364	0.0	605
PfSN01_120060500|CIDRa|1|468|763	PA0161-C.g89	98.649	296	0	1	1	296	465	756	0.0	592
PfSN01_120060500|CIDRa|1|468|763	PA0209-C.g901	83.165	297	37	4	1	296	484	768	4.22e-153	474
PfSN01_120060500|CIDRa|1|468|763	PA0084-C.g850	77.000	300	55	4	1	296	498	787	1.53e-142	442
PfSN01_120060500|DBLb|1|773|1220	PA0074-C.g313	100.000	448	0	0	1	448	374	821	0.0	942
PfSN01_120060500|DBLb|1|773|1220	PA0074-C.g313	27.901	405	200	12	86	448	1993	2347	1.99e-33	136
PfSN01_120060500|DBLb|1|773|1220	PA0074-C.g313	23.298	382	203	13	94	448	1595	1913	3.17e-18	90.5
PfSN01_120060500|DBLb|1|773|1220	PA0100-C.g634	100.000	448	0	0	1	448	773	1220	0.0	940
PfSN01_120060500|DBLb|1|773|1220	PA0100-C.g634	27.792	403	205	18	37	373	48	430	2.63e-27	117
PfSN01_120060500|DBLb|1|773|1220	PM0060-C.g1029	98.438	448	7	0	1	448	777	1224	0.0	928
PfSN01_120060500|DBLb|1|773|1220	PM0060-C.g1029	33.538	325	158	10	59	346	2367	2670	2.49e-40	157
PfSN01_120060500|DBLb|1|773|1220	PM0060-C.g1029	29.176	425	190	19	37	377	46	443	9.00e-33	134
PfSN01_120060500|DBLb|1|773|1220	PM0060-C.g1029	24.595	309	178	10	57	330	1935	2223	4.43e-11	67.8
PfSN01_120060500|DBLb|1|773|1220	PM0060-C.g1029	27.711	166	80	5	172	317	1380	1525	4.51e-08	58.2
PfSN01_120060500|DBLb|1|773|1220	PT0195-Cx.g95	88.791	455	44	4	1	448	769	1223	0.0	830
PfSN01_120060500|DBLb|1|773|1220	PT0195-Cx.g95	33.983	359	171	14	36	347	2362	2701	1.25e-46	175
PfSN01_120060500|DBLb|1|773|1220	PT0195-Cx.g95	27.727	440	220	19	9	376	26	439	4.33e-31	129
PfSN01_120060500|DBLb|1|773|1220	PT0195-Cx.g95	23.282	262	157	9	102	330	1995	2245	6.19e-10	64.3
PfSN01_120060500|DBLb|1|773|1220	PT0118-C.g165	87.692	455	49	4	1	448	765	1219	0.0	812
PfSN01_120060500|DBLb|1|773|1220	PT0118-C.g165	28.349	321	171	9	25	296	23	333	1.96e-26	115
PfSN01_120060500|DBLb|1|773|1220	PT0118-C.g165	24.609	256	136	10	103	324	1287	1519	5.93e-10	64.3
PfSN01_120060500|DBLb|1|773|1220	PT0118-C.g165	20.811	370	200	12	57	359	1627	1970	9.52e-09	60.5
PfSN01_120060500|DBLd|1|1240|1664	PA0074-C.g313	100.000	425	0	0	1	425	841	1265	0.0	880
PfSN01_120060500|DBLd|1|1240|1664	PA0074-C.g313	30.130	385	176	13	11	392	1575	1869	2.81e-34	138
PfSN01_120060500|DBLd|1|1240|1664	PA0100-C.g557	100.000	425	0	0	1	425	155	579	0.0	879
PfSN01_120060500|DBLd|1|1240|1664	PA0100-C.g557	30.130	385	176	13	11	392	889	1183	3.63e-34	137
PfSN01_120060500|DBLd|1|1240|1664	QG0258-C.g918	81.352	429	64	5	1	425	1264	1680	0.0	699
PfSN01_120060500|DBLd|1|1240|1664	QG0258-C.g918	36.585	369	155	15	1	358	1977	2277	3.61e-53	193
PfSN01_120060500|DBLd|1|1240|1664	QG0258-C.g918	29.518	332	189	11	124	424	175	492	5.61e-26	113
PfSN01_120060500|DBLd|1|1240|1664	QG0258-C.g918	24.479	384	201	15	30	389	2439	2757	3.11e-14	77.8
PfSN01_120060500|DBLd|1|1240|1664	PF0368-C.g31	81.352	429	64	5	1	425	1266	1682	0.0	698
PfSN01_120060500|DBLd|1|1240|1664	PF0368-C.g31	29.899	398	183	14	1	392	1979	2286	2.62e-34	138
PfSN01_120060500|DBLd|1|1240|1664	PF0368-C.g31	29.518	332	189	11	124	424	175	492	9.80e-23	103
PfSN01_120060500|DBLd|1|1240|1664	QG0236-C.g2319	81.352	429	62	5	1	425	1205	1619	0.0	679
PfSN01_120060500|DBLd|1|1240|1664	QG0236-C.g2319	33.007	409	192	13	1	398	1916	2253	2.54e-46	174
PfSN01_120060500|DBLd|1|1240|1664	QG0236-C.g2319	25.721	416	228	13	39	425	102	465	1.54e-26	115
PfSN01_120060500|DBLd|1|1240|1664	QG0236-C.g2319	22.105	285	152	9	30	297	2381	2612	3.92e-08	58.2
PfSN01_120060500|CIDRb|1|1665|1918	SenT143.09.g1565	99.606	254	1	0	1	254	761	1014	3.43e-178	521
PfSN01_120060500|CIDRb|1|1665|1918	PF0424-C.g862	100.000	254	0	0	1	254	49	302	2.40e-172	514
PfSN01_120060500|CIDRb|1|1665|1918	PH0594-C.g29	99.606	254	1	0	1	254	1349	1602	3.32e-171	514
PfSN01_120060500|CIDRb|1|1665|1918	PA0100-C.g557	100.000	254	0	0	1	254	580	833	6.80e-170	514
PfSN01_120060500|CIDRb|1|1665|1918	QG0258-C.g918	100.000	254	0	0	1	254	1681	1934	8.90e-168	516
PfSN01_120060500|DBLg|1|1961|2312	PF0368-C.g31	100.000	352	0	0	1	352	1979	2330	0.0	724
PfSN01_120060500|DBLg|1|1961|2312	PF0368-C.g31	29.948	384	193	9	1	308	1266	1649	7.53e-39	149
PfSN01_120060500|DBLg|1|1961|2312	PF0368-C.g31	22.969	357	202	11	46	352	2431	2764	2.90e-17	85.9
PfSN01_120060500|DBLg|1|1961|2312	PF0368-C.g31	27.273	264	135	11	47	273	891	1134	7.23e-16	81.6
PfSN01_120060500|DBLg|1|1961|2312	PF0368-C.g31	21.631	282	161	7	44	273	126	399	4.21e-08	57.8
PfSN01_120060500|DBLg|1|1961|2312	PA0074-C.g313	100.000	352	0	0	1	352	1562	1913	0.0	723
PfSN01_120060500|DBLg|1|1961|2312	PA0074-C.g313	29.301	372	174	11	23	308	864	1232	3.68e-34	135
PfSN01_120060500|DBLg|1|1961|2312	PA0074-C.g313	24.603	378	203	13	34	352	467	821	6.28e-18	87.8
PfSN01_120060500|DBLg|1|1961|2312	PA0074-C.g313	22.969	357	202	11	46	352	2014	2347	2.58e-17	85.9
PfSN01_120060500|DBLg|1|1961|2312	PA0100-C.g557	100.000	352	0	0	1	352	876	1227	0.0	721
PfSN01_120060500|DBLg|1|1961|2312	PA0100-C.g557	29.301	372	174	11	23	308	178	546	3.92e-34	135
PfSN01_120060500|DBLg|1|1961|2312	PA0100-C.g557	22.969	357	202	11	46	352	1328	1661	2.63e-17	85.9
PfSN01_120060500|DBLg|1|1961|2312	PM0097-C.g1177	93.750	352	20	1	1	352	262	611	0.0	668
PfSN01_120060500|DBLg|1|1961|2312	PM0097-C.g1177	22.969	357	202	11	46	352	712	1045	2.15e-17	85.9
PfSN01_120060500|DBLg|1|1961|2312	PF0424-C.g88	85.876	354	48	1	1	352	2051	2404	0.0	627
PfSN01_120060500|DBLg|1|1961|2312	PF0424-C.g88	30.657	274	133	11	38	274	873	1126	5.74e-21	97.1
PfSN01_120060500|DBLg|1|1961|2312	PF0424-C.g88	23.416	363	147	12	46	277	1327	1689	3.37e-18	88.6
PfSN01_120060500|DBLg|1|1961|2312	PF0424-C.g88	21.194	335	186	10	44	307	120	447	5.40e-10	63.5
PfSN01_120060500|DBLg|1|1961|2312	PF0424-C.g88	25.532	235	126	11	46	245	2507	2727	1.22e-09	62.4
PfSN01_120060500|DBLz|1|2321|2746	PF0368-C.g31	100.000	426	0	0	1	426	2339	2764	0.0	868
PfSN01_120060500|DBLz|1|2321|2746	PF0368-C.g31	30.897	301	160	8	71	353	868	1138	1.48e-33	136
PfSN01_120060500|DBLz|1|2321|2746	PF0368-C.g31	32.808	317	178	10	65	351	90	401	1.08e-31	130
PfSN01_120060500|DBLz|1|2321|2746	PF0368-C.g31	25.468	267	154	8	93	351	2024	2253	7.85e-19	92.0
PfSN01_120060500|DBLz|1|2321|2746	PA0074-C.g313	100.000	426	0	0	1	426	1922	2347	0.0	868
PfSN01_120060500|DBLz|1|2321|2746	PA0074-C.g313	28.218	404	200	12	72	426	459	821	2.95e-34	138
PfSN01_120060500|DBLz|1|2321|2746	PA0074-C.g313	25.468	267	154	8	93	351	1607	1836	1.10e-18	91.3
PfSN01_120060500|DBLz|1|2321|2746	PA0074-C.g313	21.220	410	235	15	79	418	870	1261	8.71e-07	53.9
PfSN01_120060500|DBLz|1|2321|2746	PA0100-C.g557	100.000	426	0	0	1	426	1236	1661	0.0	867
PfSN01_120060500|DBLz|1|2321|2746	PA0100-C.g557	25.468	267	154	8	93	351	921	1150	1.38e-18	90.9
PfSN01_120060500|DBLz|1|2321|2746	PA0100-C.g557	22.485	338	187	11	79	351	184	511	9.26e-07	53.9
PfSN01_120060500|DBLz|1|2321|2746	PM0097-C.g1177	100.000	426	0	0	1	426	620	1045	0.0	867
PfSN01_120060500|DBLz|1|2321|2746	PM0097-C.g1177	25.632	277	160	8	79	346	290	529	3.70e-20	95.9
PfSN01_120060500|DBLz|1|2321|2746	PF0754-C.g423	75.870	431	92	3	1	426	1597	2020	0.0	651
PfSN01_120060500|DBLz|1|2321|2746	PF0754-C.g423	31.152	382	196	12	65	401	813	1172	1.13e-41	160
PfSN01_120060500|DBLz|1|2321|2746	PF0754-C.g423	30.844	308	188	8	60	349	75	375	6.07e-28	119
PfSN01_120060500|DBLz|1|2321|2746	PF0754-C.g423	23.208	293	170	13	79	346	1244	1506	1.37e-08	59.7
PfSN01_120060500|ATS|1|2833|3284	PC0113-C.g949	86.283	452	53	3	1	452	1702	2144	0.0	741
PfSN01_120060500|ATS|1|2833|3284	PC0097-C.g664	81.818	462	60	8	1	452	2364	2811	0.0	728
PfSN01_120060500|ATS|1|2833|3284	PFKE07.g667	80.879	455	77	9	2	452	2366	2814	0.0	722
PfSN01_120060500|ATS|1|2833|3284	PV0028-C.g50	83.153	463	60	10	1	452	2600	3055	0.0	721
PfSN01_120060500|ATS|1|2833|3284	PV0028-C.g43	78.947	456	73	7	1	452	1843	2279	0.0	709
PfSN01_120060800|NTS|1|1|64	PF0725-C.g588	90.566	53	5	0	12	64	15	67	4.18e-26	100
PfSN01_120060800|NTS|1|1|64	SenT001.11.g86	90.566	53	5	0	12	64	15	67	6.46e-26	100
PfSN01_120060800|NTS|1|1|64	PT0303-Cx.g1713	83.019	53	9	0	12	64	16	68	3.32e-23	92.4
PfSN01_120060800|NTS|1|1|64	PM0098-C.g561	78.689	61	10	2	1	60	1	59	5.65e-22	89.0
PfSN01_120060800|NTS|1|1|64	QE0434-C.g763	72.581	62	17	0	3	64	5	66	1.43e-20	85.1
PfSN01_120060800|DBLa|1|65|504	PA0161-C.g369	100.000	440	0	0	1	440	67	506	0.0	916
PfSN01_120060800|DBLa|1|65|504	PA0161-C.g369	32.222	360	159	12	54	401	873	1159	7.65e-40	155
PfSN01_120060800|DBLa|1|65|504	PA0161-C.g369	24.022	358	183	15	122	440	1506	1813	1.38e-12	72.4
PfSN01_120060800|DBLa|1|65|504	PC0056-C.g452	76.072	443	80	5	1	440	62	481	0.0	657
PfSN01_120060800|DBLa|1|65|504	PC0056-C.g452	25.000	280	145	11	195	440	1029	1277	3.79e-13	74.3
PfSN01_120060800|DBLa|1|65|504	PF0725-C.g612	73.991	446	93	7	1	440	65	493	0.0	642
PfSN01_120060800|DBLa|1|65|504	PF0725-C.g612	24.194	372	203	14	110	440	1020	1353	1.20e-13	75.9
PfSN01_120060800|DBLa|1|65|504	QG0277-C.g925	73.991	446	93	7	1	440	68	496	0.0	640
PfSN01_120060800|DBLa|1|65|504	QG0277-C.g925	26.891	357	192	14	118	440	988	1309	8.30e-23	104
PfSN01_120060800|DBLa|1|65|504	QG0276-C.g583	73.991	446	93	7	1	440	68	496	0.0	640
PfSN01_120060800|DBLa|1|65|504	QG0276-C.g583	26.923	364	172	16	121	440	1076	1389	2.60e-16	84.3
PfSN01_120060800|CIDRa|1|505|758	PA0161-C.g369	100.000	254	0	0	1	254	507	760	3.16e-174	531
PfSN01_120060800|CIDRa|1|505|758	PA0161-C.g369	31.013	158	91	4	36	187	1854	1999	5.15e-10	62.0
PfSN01_120060800|CIDRa|1|505|758	PF0507-C.g713	78.346	254	53	1	1	254	503	754	5.67e-131	408
PfSN01_120060800|CIDRa|1|505|758	QE0471-C.g920	78.210	257	50	4	1	254	483	736	1.57e-127	398
PfSN01_120060800|CIDRa|1|505|758	PA0134-C.g59	75.299	251	48	3	1	245	505	747	1.74e-123	377
PfSN01_120060800|CIDRa|1|505|758	PH0474-CW.g1	70.400	250	72	1	1	250	493	740	9.61e-119	365
PfSN01_120060800|DBLb|1|765|1228	PA0161-C.g369	99.784	464	1	0	1	464	767	1230	0.0	973
PfSN01_120060800|DBLb|1|765|1228	PA0161-C.g369	36.364	286	114	10	107	336	120	393	1.64e-38	152
PfSN01_120060800|DBLb|1|765|1228	PM0060-C.g409	72.399	471	110	9	1	464	743	1200	0.0	667
PfSN01_120060800|DBLb|1|765|1228	PM0060-C.g409	31.233	365	181	14	107	425	124	464	1.48e-35	143
PfSN01_120060800|DBLb|1|765|1228	PH0148-CW.g24	70.913	471	117	9	1	464	759	1216	0.0	630
PfSN01_120060800|DBLb|1|765|1228	PH0148-CW.g24	32.891	377	182	13	12	336	23	380	4.49e-42	162
PfSN01_120060800|DBLb|1|765|1228	PM0015-C.g17	62.213	479	150	11	1	464	108	570	0.0	563
PfSN01_120060800|DBLb|1|765|1228	PM0015-C.g17	26.848	257	140	8	109	342	671	902	1.49e-11	69.3
PfSN01_120060800|DBLb|1|765|1228	SenT013.11.g282	61.345	476	151	10	1	464	33	487	0.0	555
PfSN01_120060800|DBLd|1|1301|1765	PA0100-C.g314	92.553	470	29	1	2	465	947	1416	0.0	838
PfSN01_120060800|DBLd|1|1301|1765	PA0100-C.g314	34.259	108	62	2	317	417	334	439	2.67e-09	62.4
PfSN01_120060800|DBLd|1|1301|1765	PA0074-C.g413	92.553	470	29	1	2	465	947	1416	0.0	838
PfSN01_120060800|DBLd|1|1301|1765	PA0074-C.g413	34.259	108	62	2	317	417	334	439	2.67e-09	62.4
PfSN01_120060800|DBLd|1|1301|1765	PF0730-C.g738	56.735	490	160	15	1	465	896	1358	2.75e-148	464
PfSN01_120060800|DBLd|1|1301|1765	PF0730-C.g738	25.279	269	146	7	250	465	250	516	1.34e-13	75.9
PfSN01_120060800|DBLd|1|1301|1765	PC0058-C.g508	56.531	490	161	15	1	465	893	1355	1.41e-147	462
PfSN01_120060800|DBLd|1|1301|1765	PC0058-C.g508	24.907	269	147	7	250	465	250	516	4.18e-12	71.2
PfSN01_120060800|DBLd|1|1301|1765	PC0107-C.g206	56.531	490	161	15	1	465	896	1358	5.05e-146	462
PfSN01_120060800|DBLd|1|1301|1765	PC0107-C.g206	25.279	269	146	7	250	465	250	516	8.11e-14	76.6
PfSN01_120060800|CIDRb|1|1766|2003	PA0100-C.g314	100.000	238	0	0	1	238	1417	1654	2.44e-161	490
PfSN01_120060800|CIDRb|1|1766|2003	PA0074-C.g413	100.000	238	0	0	1	238	1417	1654	2.44e-161	490
PfSN01_120060800|CIDRb|1|1766|2003	PV0182-C.g38	82.008	239	37	4	2	235	1300	1537	7.91e-118	370
PfSN01_120060800|CIDRb|1|1766|2003	PH0059-C.g438	82.008	239	37	4	2	235	1368	1605	1.09e-117	370
PfSN01_120060800|CIDRb|1|1766|2003	PA0185-C.g70	68.880	241	66	3	3	234	684	924	3.46e-105	329
PfSN01_120060800|ATS|1|2131|2571	PFKE07.g667	81.556	450	72	4	2	441	2366	2814	0.0	747
PfSN01_120060800|ATS|1|2131|2571	PC0097-C.g664	82.262	451	67	4	1	441	2364	2811	0.0	733
PfSN01_120060800|ATS|1|2131|2571	PV0028-C.g43	81.614	446	68	7	1	441	1843	2279	0.0	725
PfSN01_120060800|ATS|1|2131|2571	PC0113-C.g949	84.719	445	62	5	1	441	1702	2144	0.0	725
PfSN01_120060800|ATS|1|2131|2571	PD0497-C.g588	89.000	400	36	2	1	400	1696	2087	0.0	719
PfSN01_120061000|NTS|1|1|65	PM0098-C.g961	62.295	61	23	0	4	64	5	65	1.56e-17	76.6
PfSN01_120061000|NTS|1|1|65	PH0349-C.g371	62.500	64	23	1	1	64	1	63	3.39e-17	75.5
PfSN01_120061000|NTS|1|1|65	PH0343-C.g404	62.500	64	23	1	1	64	1	63	3.39e-17	75.5
PfSN01_120061000|NTS|1|1|65	PH1003-C.g983	62.500	64	23	1	1	64	1	63	4.59e-17	75.1
PfSN01_120061000|NTS|1|1|65	PH0999-C.g900	62.500	64	23	1	1	64	1	63	4.59e-17	75.1
PfSN01_120061000|DBLa|1|66|504	PF0816-C.g871	71.558	443	95	10	1	439	77	492	0.0	615
PfSN01_120061000|DBLa|1|66|504	PF0816-C.g871	23.837	344	191	13	134	439	1077	1387	5.98e-12	70.5
PfSN01_120061000|DBLa|1|66|504	PA0167-C.g801	71.106	443	114	9	1	439	74	506	0.0	588
PfSN01_120061000|DBLa|1|66|504	PA0167-C.g801	29.381	194	106	5	196	359	1137	1329	2.70e-13	74.7
PfSN01_120061000|DBLa|1|66|504	PT0059-C.g614	65.772	447	119	11	1	439	68	488	0.0	563
PfSN01_120061000|DBLa|1|66|504	PT0059-C.g614	30.070	286	124	11	20	294	872	1092	6.00e-24	107
PfSN01_120061000|DBLa|1|66|504	PT0059-C.g614	27.692	195	110	7	254	439	1636	1808	1.17e-08	60.1
PfSN01_120061000|DBLa|1|66|504	QG0201-C.g539	63.982	447	136	9	1	439	67	496	0.0	555
PfSN01_120061000|DBLa|1|66|504	QG0201-C.g539	26.894	264	146	12	197	439	1134	1371	4.62e-11	67.8
PfSN01_120061000|DBLa|1|66|504	SenT002.07.g2272	63.982	447	136	9	1	439	67	496	0.0	553
PfSN01_120061000|CIDRa|1|505|802	PT0039-C.g300	99.003	301	0	1	1	298	494	794	0.0	611
PfSN01_120061000|CIDRa|1|505|802	PT0039-C.g300	34.118	85	51	4	119	201	1532	1613	7.59e-07	53.1
PfSN01_120061000|CIDRa|1|505|802	PT0027-C.g523	98.671	301	1	1	1	298	494	794	0.0	609
PfSN01_120061000|CIDRa|1|505|802	PM0018-C.g496	94.314	299	14	1	1	296	509	807	0.0	573
PfSN01_120061000|CIDRa|1|505|802	QG0196-C.g941	93.023	301	18	1	1	298	489	789	0.0	556
PfSN01_120061000|CIDRa|1|505|802	QG0287-C.g626	74.751	301	62	5	1	298	490	779	1.37e-140	436
PfSN01_120061000|DBLd|1|919|1418	PFKE08.g501	52.768	542	181	19	1	500	1835	2343	2.74e-154	489
PfSN01_120061000|DBLd|1|919|1418	PFKE08.g501	29.793	386	172	14	73	451	1352	1645	3.13e-38	152
PfSN01_120061000|DBLd|1|919|1418	PFKE08.g501	25.641	273	141	8	243	500	327	552	6.73e-15	80.5
PfSN01_120061000|DBLd|1|919|1418	SenT113.09.g433	54.430	553	179	17	1	500	930	1462	1.98e-152	479
PfSN01_120061000|DBLd|1|919|1418	SenT113.09.g433	23.000	200	121	3	237	434	240	408	5.92e-09	61.2
PfSN01_120061000|DBLd|1|919|1418	PF0263-C.g439	52.151	558	169	20	1	500	556	1073	2.33e-149	464
PfSN01_120061000|DBLd|1|919|1418	PH0604-C.g503	50.277	541	194	14	1	500	1753	2259	1.18e-148	472
PfSN01_120061000|DBLd|1|919|1418	PH0604-C.g503	30.375	293	116	9	78	367	1255	1462	5.08e-27	118
PfSN01_120061000|DBLd|1|919|1418	PH0604-C.g503	22.727	330	192	11	188	500	191	474	1.83e-11	69.3
PfSN01_120061000|DBLd|1|919|1418	PH0585-C.g237	50.277	541	194	14	1	500	1753	2259	1.18e-148	472
PfSN01_120061000|DBLd|1|919|1418	PH0585-C.g237	30.375	293	116	9	78	367	1255	1462	5.08e-27	118
PfSN01_120061000|DBLd|1|919|1418	PH0585-C.g237	22.727	330	192	11	188	500	191	474	1.83e-11	69.3
PfSN01_120061000|CIDRb|1|1419|1673	PF0263-C.g439	90.361	249	22	1	1	249	1074	1320	1.87e-145	444
PfSN01_120061000|CIDRb|1|1419|1673	PT0048-C.g14	70.312	256	72	2	1	255	590	842	8.66e-118	362
PfSN01_120061000|CIDRb|1|1419|1673	PF0424-C.g577	76.448	259	53	4	1	255	1407	1661	1.42e-117	371
PfSN01_120061000|CIDRb|1|1419|1673	PM0114-C.g511	75.720	243	57	2	4	245	1343	1584	1.81e-108	345
PfSN01_120061000|CIDRb|1|1419|1673	PM0114-C.g511	33.913	115	61	4	70	173	542	652	7.78e-09	58.2
PfSN01_120061000|CIDRb|1|1419|1673	PC0079-C.g686	65.490	255	84	2	1	255	871	1121	5.66e-107	337
PfSN01_120061000|ATS|1|1764|2230	PA0245-C.g998	81.876	469	72	5	1	467	1706	2163	0.0	743
PfSN01_120061000|ATS|1|1764|2230	PV0028-C.g50	81.723	476	58	8	1	467	2600	3055	0.0	739
PfSN01_120061000|ATS|1|1764|2230	QE0436-C.g591	81.087	497	57	7	1	467	1702	2191	0.0	732
PfSN01_120061000|ATS|1|1764|2230	PV0147-C.g7	80.255	471	57	8	1	467	1761	2199	0.0	719
PfSN01_120061000|ATS|1|1764|2230	PD0483-C.g348	80.508	472	73	6	1	467	2589	3046	0.0	712
PfSN01_130075300|NTS|1|1|67	PT0095-C.g26	100.000	67	0	0	1	67	1	67	3.29e-38	135
PfSN01_130075300|NTS|1|1|67	QG0282-C.g124	92.063	63	4	1	1	63	1	62	2.71e-31	115
PfSN01_130075300|NTS|1|1|67	PM0134-C.g150	92.063	63	4	1	1	63	1	62	7.91e-31	114
PfSN01_130075300|NTS|1|1|67	PF0119-C.g98	92.063	63	4	1	1	63	1	62	8.29e-31	114
PfSN01_130075300|NTS|1|1|67	QG0182-C.g635	92.063	63	4	1	1	63	1	62	9.31e-31	114
PfSN01_130075300|DBLa|1|70|485	PT0095-C.g26	100.000	416	0	0	1	416	70	485	0.0	860
PfSN01_130075300|DBLa|1|70|485	PT0095-C.g26	33.237	346	185	14	48	386	2621	2927	4.29e-37	146
PfSN01_130075300|DBLa|1|70|485	PT0095-C.g26	34.328	268	128	14	1	263	810	1034	2.31e-28	120
PfSN01_130075300|DBLa|1|70|485	PT0095-C.g26	30.366	191	110	8	237	416	2044	2222	1.10e-13	75.9
PfSN01_130075300|DBLa|1|70|485	PT0095-C.g26	24.658	292	143	10	50	336	3007	3226	4.47e-12	70.9
PfSN01_130075300|DBLa|1|70|485	PT0095-C.g26	25.373	268	151	8	36	294	1246	1473	5.23e-12	70.5
PfSN01_130075300|DBLa|1|70|485	PA0157-C.g175	68.900	418	121	5	1	416	132	542	0.0	565
PfSN01_130075300|DBLa|1|70|485	PA0157-C.g175	25.935	401	220	17	10	379	864	1218	8.53e-25	109
PfSN01_130075300|DBLa|1|70|485	PA0157-C.g175	32.184	174	106	5	248	416	2153	2319	6.58e-17	85.9
PfSN01_130075300|DBLa|1|70|485	PA0157-C.g175	25.246	305	179	12	45	341	1339	1602	1.73e-11	68.9
PfSN01_130075300|DBLa|1|70|485	PV0028-C.g48	68.009	422	125	6	1	416	84	501	0.0	563
PfSN01_130075300|DBLa|1|70|485	PV0028-C.g48	30.203	394	198	17	11	376	826	1170	1.00e-28	121
PfSN01_130075300|DBLa|1|70|485	PV0028-C.g48	25.588	340	183	9	123	416	1965	2280	4.06e-20	95.5
PfSN01_130075300|DBLa|1|70|485	PV0028-C.g48	25.146	342	191	15	54	374	1321	1618	2.81e-12	71.2
PfSN01_130075300|DBLa|1|70|485	PH0704-C.g302	68.009	422	125	6	1	416	84	501	0.0	562
PfSN01_130075300|DBLa|1|70|485	PH0704-C.g302	29.949	394	199	16	11	376	826	1170	9.75e-29	121
PfSN01_130075300|DBLa|1|70|485	PH0704-C.g302	25.588	340	183	9	123	416	1965	2280	6.16e-20	95.1
PfSN01_130075300|DBLa|1|70|485	PH0704-C.g302	24.854	342	192	14	54	374	1321	1618	2.92e-12	71.2
PfSN01_130075300|DBLa|1|70|485	PH0549-C.g469	68.009	422	125	6	1	416	84	501	0.0	562
PfSN01_130075300|DBLa|1|70|485	PH0549-C.g469	29.949	394	199	16	11	376	826	1170	9.75e-29	121
PfSN01_130075300|DBLa|1|70|485	PH0549-C.g469	25.588	340	183	9	123	416	1965	2280	6.16e-20	95.1
PfSN01_130075300|DBLa|1|70|485	PH0549-C.g469	24.854	342	192	14	54	374	1321	1618	2.92e-12	71.2
PfSN01_130075300|CIDRa|1|486|741	PT0095-C.g26	100.000	256	0	0	1	256	486	741	8.03e-172	527
PfSN01_130075300|CIDRa|1|486|741	PM0136-C.g363	88.672	256	29	0	1	256	483	738	2.97e-152	470
PfSN01_130075300|CIDRa|1|486|741	PA0256-C.g384	88.672	256	29	0	1	256	483	738	1.39e-151	469
PfSN01_130075300|CIDRa|1|486|741	SenT097.11.g287	84.462	251	38	1	1	250	462	712	3.05e-140	435
PfSN01_130075300|CIDRa|1|486|741	PF0782-C.g288	84.064	251	40	0	1	251	456	706	5.26e-140	436
PfSN01_130075300|DBLb|1|747|1199	PT0095-C.g26	100.000	453	0	0	1	453	747	1199	0.0	944
PfSN01_130075300|DBLb|1|747|1199	PT0095-C.g26	31.579	475	244	16	13	453	2531	2958	2.24e-50	186
PfSN01_130075300|DBLb|1|747|1199	PT0095-C.g26	30.788	406	207	21	7	346	8	405	8.42e-36	143
PfSN01_130075300|DBLb|1|747|1199	PT0095-C.g26	31.228	285	143	11	100	375	3004	3244	3.52e-24	108
PfSN01_130075300|DBLb|1|747|1199	PT0095-C.g26	27.481	262	125	10	110	339	1261	1489	5.16e-16	83.6
PfSN01_130075300|DBLb|1|747|1199	PV0094-C.g11	68.478	460	136	5	1	453	756	1213	0.0	608
PfSN01_130075300|DBLb|1|747|1199	PV0094-C.g11	30.270	370	202	11	29	346	29	394	1.97e-37	148
PfSN01_130075300|DBLb|1|747|1199	PV0094-C.g11	29.961	257	141	11	110	347	1307	1543	5.82e-17	86.7
PfSN01_130075300|DBLb|1|747|1199	PT0027-C.g26	67.797	472	132	7	1	453	54	524	0.0	606
PfSN01_130075300|DBLb|1|747|1199	PT0027-C.g26	30.137	292	159	12	110	378	583	852	1.11e-19	94.7
PfSN01_130075300|DBLb|1|747|1199	PT0027-C.g26	33.690	187	101	7	39	214	942	1116	2.20e-16	84.3
PfSN01_130075300|DBLb|1|747|1199	PA0092-C.g888	67.024	467	140	5	1	453	800	1266	0.0	605
PfSN01_130075300|DBLb|1|747|1199	PA0092-C.g888	29.512	410	201	20	37	377	114	504	2.24e-27	118
PfSN01_130075300|DBLb|1|747|1199	PA0092-C.g888	29.885	261	138	9	110	346	1361	1600	2.52e-21	100
PfSN01_130075300|DBLb|1|747|1199	PA0092-C.g888	23.611	216	115	7	173	350	2026	2229	1.03e-08	60.5
PfSN01_130075300|DBLb|1|747|1199	PV0099-C.g52	67.245	461	140	5	1	453	805	1262	0.0	595
PfSN01_130075300|DBLb|1|747|1199	PV0099-C.g52	31.532	333	165	14	103	380	172	496	1.34e-28	122
PfSN01_130075300|DBLb|1|747|1199	PV0099-C.g52	25.253	297	138	8	110	346	1328	1600	2.15e-09	62.4
PfSN01_130075300|DBLg|1|1217|1565	PT0095-C.g26	100.000	349	0	0	1	349	1217	1565	0.0	731
PfSN01_130075300|DBLg|1|1217|1565	PT0095-C.g26	28.283	297	124	7	73	280	1850	2146	8.43e-26	111
PfSN01_130075300|DBLg|1|1217|1565	PT0095-C.g26	26.220	328	183	10	29	344	2997	3277	6.44e-24	105
PfSN01_130075300|DBLg|1|1217|1565	PT0095-C.g26	27.451	255	120	10	45	266	856	1078	6.46e-16	81.6
PfSN01_130075300|DBLg|1|1217|1565	PT0095-C.g26	26.950	282	151	12	29	273	2614	2877	7.65e-14	75.5
PfSN01_130075300|DBLg|1|1217|1565	PT0095-C.g26	25.746	268	150	8	30	257	105	363	1.15e-12	71.6
PfSN01_130075300|DBLg|1|1217|1565	QE0433-C.g265	83.102	361	36	3	1	349	1202	1549	0.0	607
PfSN01_130075300|DBLg|1|1217|1565	QE0433-C.g265	29.316	307	122	9	44	255	1779	2085	1.90e-28	119
PfSN01_130075300|DBLg|1|1217|1565	QE0433-C.g265	24.549	277	155	10	42	280	127	387	1.69e-12	71.2
PfSN01_130075300|DBLg|1|1217|1565	QE0433-C.g265	24.060	266	153	7	28	268	820	1061	5.66e-11	66.6
PfSN01_130075300|DBLg|1|1217|1565	SenT113.09.g130	83.102	361	36	3	1	349	1202	1549	0.0	607
PfSN01_130075300|DBLg|1|1217|1565	SenT113.09.g130	29.683	347	139	10	42	283	1705	2051	1.67e-34	136
PfSN01_130075300|DBLg|1|1217|1565	SenT113.09.g130	24.549	277	155	10	42	280	127	387	2.25e-12	70.9
PfSN01_130075300|DBLg|1|1217|1565	SenT113.09.g130	24.060	266	153	7	28	268	820	1061	5.95e-11	66.2
PfSN01_130075300|DBLg|1|1217|1565	PA0064-C.g65	83.102	361	36	3	1	349	1074	1421	0.0	606
PfSN01_130075300|DBLg|1|1217|1565	PA0064-C.g65	29.683	347	139	10	42	283	1577	1923	1.77e-34	136
PfSN01_130075300|DBLg|1|1217|1565	PA0064-C.g65	24.364	275	154	10	44	280	1	259	6.70e-12	69.3
PfSN01_130075300|DBLg|1|1217|1565	PA0064-C.g65	24.060	266	153	7	28	268	692	933	5.51e-11	66.6
PfSN01_130075300|DBLg|1|1217|1565	PH0279-C.g80	82.271	361	36	4	1	349	1202	1546	0.0	595
PfSN01_130075300|DBLg|1|1217|1565	PH0279-C.g80	24.549	277	155	10	42	280	127	387	1.99e-12	70.9
PfSN01_130075300|DBLg|1|1217|1565	PH0279-C.g80	24.060	266	153	7	28	268	820	1061	5.14e-11	66.6
PfSN01_130075300|DBLd|1|1673|2162	PA0038-C.g361	100.000	490	0	0	1	490	86	575	0.0	1017
PfSN01_130075300|DBLd|1|1673|2162	PT0095-C.g26	63.047	571	117	10	1	490	1665	2222	0.0	653
PfSN01_130075300|DBLd|1|1673|2162	PT0095-C.g26	28.070	342	142	12	73	414	1259	1496	4.96e-25	112
PfSN01_130075300|DBLd|1|1673|2162	PT0095-C.g26	32.447	188	104	8	314	490	310	485	3.22e-14	78.2
PfSN01_130075300|DBLd|1|1673|2162	PA0193-C.g853	54.935	537	164	16	1	490	836	1341	3.56e-166	514
PfSN01_130075300|DBLd|1|1673|2162	PA0193-C.g853	35.088	114	73	1	320	432	302	415	1.06e-13	76.6
PfSN01_130075300|DBLd|1|1673|2162	PT0141-C.g268	54.894	521	172	17	1	490	839	1327	6.29e-159	494
PfSN01_130075300|DBLd|1|1673|2162	PA0165-C.g850	49.333	525	219	11	1	490	823	1335	4.42e-157	489
PfSN01_130075300|DBLd|1|1673|2162	PA0165-C.g850	32.821	195	111	7	310	490	291	479	1.47e-16	85.5
PfSN01_130075300|CIDRg|1|2163|2437	PA0038-C.g361	100.000	275	0	0	1	275	576	850	0.0	569
PfSN01_130075300|CIDRg|1|2163|2437	PT0095-C.g26	100.000	275	0	0	1	275	2223	2497	0.0	568
PfSN01_130075300|CIDRg|1|2163|2437	PA0034-C.g431	81.159	276	44	1	1	268	1401	1676	5.83e-148	456
PfSN01_130075300|CIDRg|1|2163|2437	PM0124-C.g119	78.868	265	50	2	1	265	1816	2074	1.06e-133	419
PfSN01_130075300|CIDRg|1|2163|2437	PA0053-C.g276	68.266	271	85	1	1	270	626	896	2.86e-118	364
PfSN01_130075300|DBLz|1|2473|2898	PA0038-C.g361	100.000	426	0	0	1	426	886	1311	0.0	877
PfSN01_130075300|DBLz|1|2473|2898	PA0038-C.g361	25.483	259	149	7	94	352	1365	1579	1.21e-18	91.3
PfSN01_130075300|DBLz|1|2473|2898	PT0095-C.g26	100.000	426	0	0	1	426	2533	2958	0.0	875
PfSN01_130075300|DBLz|1|2473|2898	PT0095-C.g26	31.568	472	242	15	2	426	762	1199	5.81e-47	176
PfSN01_130075300|DBLz|1|2473|2898	PT0095-C.g26	32.093	430	229	19	16	395	39	455	7.27e-38	149
PfSN01_130075300|DBLz|1|2473|2898	PT0095-C.g26	25.483	259	149	7	94	352	3012	3226	1.13e-18	91.3
PfSN01_130075300|DBLz|1|2473|2898	PT0095-C.g26	26.950	282	151	12	82	345	1245	1489	5.48e-13	73.6
PfSN01_130075300|DBLz|1|2473|2898	PF0158-C.g719	84.742	426	61	2	1	426	2253	2674	0.0	731
PfSN01_130075300|DBLz|1|2473|2898	PF0158-C.g719	32.297	418	217	12	51	426	804	1197	6.24e-46	172
PfSN01_130075300|DBLz|1|2473|2898	PF0158-C.g719	30.216	417	239	17	16	395	46	447	1.17e-35	142
PfSN01_130075300|DBLz|1|2473|2898	PF0158-C.g719	25.573	262	146	8	94	352	2728	2943	7.57e-16	82.8
PfSN01_130075300|DBLz|1|2473|2898	PF0158-C.g719	26.257	358	194	14	67	374	1578	1915	2.61e-15	80.9
PfSN01_130075300|DBLz|1|2473|2898	PF0158-C.g719	24.916	297	173	10	95	374	1252	1515	9.10e-10	63.5
PfSN01_130075300|DBLz|1|2473|2898	PA0098-C.g262	83.099	426	71	1	1	426	1909	2333	0.0	717
PfSN01_130075300|DBLz|1|2473|2898	PA0098-C.g262	29.126	412	239	12	28	397	48	448	8.15e-33	134
PfSN01_130075300|DBLz|1|2473|2898	PA0098-C.g262	25.483	259	149	7	94	352	2387	2601	1.47e-18	90.9
PfSN01_130075300|DBLz|1|2473|2898	PA0098-C.g262	23.989	371	216	12	95	426	1557	1900	2.96e-18	90.1
PfSN01_130075300|DBLz|1|2473|2898	PA0098-C.g262	24.928	349	190	15	82	371	836	1171	6.41e-10	63.9
PfSN01_130075300|DBLz|1|2473|2898	QE0440-C.g733	81.818	429	69	4	1	426	773	1195	0.0	704
PfSN01_130075300|DBLz|1|2473|2898	QE0440-C.g733	28.226	248	132	10	92	338	1248	1450	3.02e-16	84.0
PfSN01_130075300|DBLe|1|2903|3223	PA0038-C.g361	100.000	321	0	0	1	321	1316	1636	0.0	670
PfSN01_130075300|DBLe|1|2903|3223	PA0038-C.g361	25.714	245	138	7	50	250	979	1223	6.31e-19	90.1
PfSN01_130075300|DBLe|1|2903|3223	PT0095-C.g26	100.000	321	0	0	1	321	2963	3283	0.0	669
PfSN01_130075300|DBLe|1|2903|3223	PT0095-C.g26	26.433	314	173	9	49	315	1258	1560	4.18e-24	105
PfSN01_130075300|DBLe|1|2903|3223	PT0095-C.g26	32.028	281	140	11	45	282	849	1121	1.42e-22	100
PfSN01_130075300|DBLe|1|2903|3223	PT0095-C.g26	25.714	245	138	7	50	250	2626	2870	7.87e-19	89.7
PfSN01_130075300|DBLe|1|2903|3223	PT0095-C.g26	23.975	317	156	11	20	264	102	405	4.05e-13	72.8
PfSN01_130075300|DBLe|1|2903|3223	PA0098-C.g262	100.000	321	0	0	1	321	2338	2658	0.0	666
PfSN01_130075300|DBLe|1|2903|3223	PA0098-C.g262	28.239	301	160	8	22	276	1531	1821	4.64e-24	105
PfSN01_130075300|DBLe|1|2903|3223	PA0098-C.g262	27.931	290	143	10	40	264	108	396	3.32e-19	90.9
PfSN01_130075300|DBLe|1|2903|3223	PA0098-C.g262	25.506	247	136	8	50	250	2001	2245	3.09e-16	82.0
PfSN01_130075300|DBLe|1|2903|3223	PA0064-C.g273	99.688	321	1	0	1	321	2748	3068	0.0	664
PfSN01_130075300|DBLe|1|2903|3223	PA0064-C.g273	27.675	271	147	6	43	264	1082	1352	2.53e-24	106
PfSN01_130075300|DBLe|1|2903|3223	PA0064-C.g273	29.740	269	146	10	49	279	697	960	1.68e-20	94.7
PfSN01_130075300|DBLe|1|2903|3223	PA0064-C.g273	28.346	254	121	8	47	250	272	514	2.39e-20	94.4
PfSN01_130075300|DBLe|1|2903|3223	PA0064-C.g273	23.810	273	161	8	29	257	2393	2662	8.46e-14	74.7
PfSN01_130075300|DBLe|1|2903|3223	PA0064-C.g273	21.662	337	154	9	40	268	1619	1953	2.72e-13	73.2
PfSN01_130075300|DBLe|1|2903|3223	PF0206-C.g505	99.688	321	1	0	1	321	3203	3523	0.0	664
PfSN01_130075300|DBLe|1|2903|3223	PF0206-C.g505	28.975	283	156	10	22	267	1544	1818	1.54e-22	100
PfSN01_130075300|DBLe|1|2903|3223	PF0206-C.g505	26.829	287	178	9	16	279	1159	1436	6.42e-21	95.9
PfSN01_130075300|DBLe|1|2903|3223	PF0206-C.g505	31.858	226	118	10	55	250	805	1024	6.56e-18	87.0
PfSN01_130075300|DBLe|1|2903|3223	PF0206-C.g505	27.243	301	165	10	22	268	94	394	3.88e-17	84.7
PfSN01_130075300|DBLe|1|2903|3223	PF0206-C.g505	23.810	273	161	8	29	257	2848	3117	8.01e-14	74.7
PfSN01_130075300|DBLe|1|2903|3223	PF0206-C.g505	25.217	230	114	5	97	268	2179	2408	1.71e-13	73.9
PfSN01_130075300|ATS|1|3274|3713	PH0549-C.g563	93.409	440	25	1	1	440	2423	2858	0.0	816
PfSN01_130075300|ATS|1|3274|3713	PT0240-C.g375	87.330	442	52	3	1	440	2417	2856	0.0	744
PfSN01_130075300|ATS|1|3274|3713	PfKE02.g7	73.111	450	106	4	1	440	2941	3385	0.0	664
PfSN01_130075300|ATS|1|3274|3713	SenV092.05.g137	74.944	443	101	4	1	440	2843	3278	0.0	650
PfSN01_130075300|ATS|1|3274|3713	PFKE11.g264	68.062	454	126	5	1	440	2779	3227	0.0	621
PfSN01_130075700|NTS|1|1|64	PM0098-C.g1115	98.333	60	1	0	5	64	3	62	1.18e-32	119
PfSN01_130075700|NTS|1|1|64	SenP051.02.g294	78.846	52	10	1	14	64	13	64	1.94e-18	79.0
PfSN01_130075700|NTS|1|1|64	QG0291-C.g3714	77.358	53	11	1	13	64	12	64	4.45e-18	77.8
PfSN01_130075700|NTS|1|1|64	PT0095-C.g361	65.672	67	14	2	6	64	8	73	4.77e-18	77.8
PfSN01_130075700|NTS|1|1|64	PM0054-C.g1099	66.667	63	17	2	6	64	10	72	8.44e-17	74.3
PfSN01_130075700|DBLa|1|65|478	PT0215-Cx.g969	74.353	425	95	7	3	414	72	495	0.0	620
PfSN01_130075700|DBLa|1|65|478	PT0215-Cx.g969	39.512	205	87	7	53	248	916	1092	4.00e-30	125
PfSN01_130075700|DBLa|1|65|478	SenT231.08.g184	73.397	421	99	7	3	414	72	488	0.0	610
PfSN01_130075700|DBLa|1|65|478	SenT231.08.g184	31.068	309	148	11	33	322	870	1132	1.52e-27	117
PfSN01_130075700|DBLa|1|65|478	SenT231.08.g184	25.275	273	151	6	143	369	1534	1799	3.38e-14	77.4
PfSN01_130075700|DBLa|1|65|478	PD0667-C.g502	74.883	426	90	7	3	414	71	493	0.0	608
PfSN01_130075700|DBLa|1|65|478	PD0667-C.g502	30.195	308	152	9	50	340	922	1183	1.89e-27	117
PfSN01_130075700|DBLa|1|65|478	PD0667-C.g502	30.374	214	125	9	206	414	1645	1839	1.09e-14	79.0
PfSN01_130075700|DBLa|1|65|478	PC0016-C.g289	75.895	419	84	7	10	414	51	466	0.0	607
PfSN01_130075700|DBLa|1|65|478	PC0016-C.g289	33.182	220	103	8	53	259	906	1094	2.72e-22	102
PfSN01_130075700|DBLa|1|65|478	PC0016-C.g289	30.374	214	125	9	206	414	1668	1862	1.29e-14	78.6
PfSN01_130075700|DBLa|1|65|478	SenT136.09.g588	71.868	423	93	10	12	414	94	510	0.0	581
PfSN01_130075700|DBLa|1|65|478	SenT136.09.g588	28.718	195	110	7	224	414	1300	1469	3.70e-09	61.6
PfSN01_130075700|CIDRa|1|479|757	PT0181-C.g2081	70.463	281	72	6	1	277	487	760	1.35e-114	364
PfSN01_130075700|CIDRa|1|479|757	SenP051.02.g70	66.434	286	82	6	1	275	487	769	2.31e-111	355
PfSN01_130075700|CIDRa|1|479|757	PA0084-C.g315	66.434	286	82	6	1	275	487	769	2.52e-111	355
PfSN01_130075700|CIDRa|1|479|757	PA0042-C.g128	66.434	286	82	6	1	275	487	769	2.52e-111	355
PfSN01_130075700|CIDRa|1|479|757	QG0271-C.g496	65.854	287	84	7	1	275	497	781	1.22e-108	347
PfSN01_130075700|DBLd|1|840|1349	PC0080-C.g448	51.923	520	176	17	1	510	282	737	4.94e-152	466
PfSN01_130075700|DBLd|1|840|1349	PA0008-C.g231	49.631	542	207	16	1	510	193	700	2.15e-149	457
PfSN01_130075700|DBLd|1|840|1349	PA0035-C.g400	50.000	558	190	20	1	510	98	614	2.17e-149	454
PfSN01_130075700|DBLd|1|840|1349	QE0452-C.g780	50.191	524	204	10	1	510	518	998	4.46e-149	462
PfSN01_130075700|DBLd|1|840|1349	PA0092-C.g591	51.923	520	176	17	1	510	881	1336	2.69e-147	464
PfSN01_130075700|DBLd|1|840|1349	PA0092-C.g591	28.723	94	64	1	348	438	308	401	4.27e-07	55.5
PfSN01_130075700|CIDRb|1|1350|1604	PC0046-C.g332	97.647	255	6	0	1	255	1199	1453	2.73e-168	506
PfSN01_130075700|CIDRb|1|1350|1604	PM0153-C.g707	88.285	239	28	0	1	239	1421	1659	3.63e-135	420
PfSN01_130075700|CIDRb|1|1350|1604	PM0153-C.g707	32.381	105	57	2	69	159	572	676	9.38e-08	55.1
PfSN01_130075700|CIDRb|1|1350|1604	PH0856-C.g292	68.627	255	72	2	1	255	1839	2085	1.01e-108	346
PfSN01_130075700|CIDRb|1|1350|1604	PV0035-C.g54	68.627	255	72	2	1	255	1336	1582	1.27e-108	345
PfSN01_130075700|CIDRb|1|1350|1604	PA0100-C.g5	66.667	255	77	2	1	255	621	867	6.89e-106	330
PfSN01_130075700|ATS|1|1718|2176	PV0099-C.g26	84.086	465	66	5	1	459	2596	3058	0.0	711
PfSN01_130075700|ATS|1|1718|2176	PA0245-C.g998	79.140	465	84	8	1	459	1706	2163	0.0	709
PfSN01_130075700|ATS|1|1718|2176	PA0270-C.g443	79.095	464	83	8	1	459	2185	2639	0.0	703
PfSN01_130075700|ATS|1|1718|2176	PC0097-C.g664	78.402	463	81	8	1	459	2364	2811	0.0	694
PfSN01_130075700|ATS|1|1718|2176	PFKE09.g563	79.741	464	67	8	1	459	775	1216	0.0	692
PfSN01_140006100|NTS|1|1|66	PA0084-C.g838	81.818	66	12	0	1	66	1	66	4.68e-30	112
PfSN01_140006100|NTS|1|1|66	PV0256-C.g74	80.303	66	13	0	1	66	1	66	9.38e-29	108
PfSN01_140006100|NTS|1|1|66	PA0015-C.g444	74.242	66	17	0	1	66	1	66	2.66e-27	104
PfSN01_140006100|NTS|1|1|66	PM0114-C.g546	77.273	66	15	0	1	66	1	66	2.91e-27	104
PfSN01_140006100|NTS|1|1|66	PD0555-C.g573	78.788	66	14	0	1	66	1	66	3.05e-27	103
PfSN01_140006100|DBLa|1|67|488	QE0400-C.g627	74.824	425	91	6	1	422	68	479	0.0	638
PfSN01_140006100|DBLa|1|67|488	QE0438-C.g478	74.824	425	91	6	1	422	68	479	0.0	636
PfSN01_140006100|DBLa|1|67|488	QE0438-C.g478	28.244	262	156	6	20	272	1701	1939	2.00e-25	111
PfSN01_140006100|DBLa|1|67|488	QE0438-C.g478	28.231	294	166	10	83	347	1016	1293	3.07e-20	96.3
PfSN01_140006100|DBLa|1|67|488	QE0438-C.g478	23.024	291	150	8	42	332	2102	2318	5.64e-14	76.6
PfSN01_140006100|DBLa|1|67|488	QE0418-C.g335	74.824	425	91	6	1	422	68	479	0.0	636
PfSN01_140006100|DBLa|1|67|488	QE0418-C.g335	28.244	262	156	6	20	272	1701	1939	2.00e-25	111
PfSN01_140006100|DBLa|1|67|488	QE0418-C.g335	28.231	294	166	10	83	347	1016	1293	3.07e-20	96.3
PfSN01_140006100|DBLa|1|67|488	QE0418-C.g335	23.024	291	150	8	42	332	2102	2318	5.64e-14	76.6
PfSN01_140006100|DBLa|1|67|488	PV0115-C.g19	74.824	425	91	6	1	422	68	479	0.0	634
PfSN01_140006100|DBLa|1|67|488	PV0115-C.g19	33.333	291	144	10	55	339	1647	1893	4.77e-32	131
PfSN01_140006100|DBLa|1|67|488	PV0115-C.g19	28.783	337	175	14	98	422	965	1248	5.15e-25	110
PfSN01_140006100|DBLa|1|67|488	PV0115-C.g19	26.087	230	135	6	50	272	2040	2241	3.76e-16	83.6
PfSN01_140006100|DBLa|1|67|488	QG0252-C.g963	72.390	431	106	7	1	422	68	494	0.0	610
PfSN01_140006100|DBLa|1|67|488	QG0252-C.g963	29.568	301	157	9	45	339	1663	1914	1.60e-28	121
PfSN01_140006100|DBLa|1|67|488	QG0252-C.g963	31.148	244	137	7	190	422	1049	1272	2.02e-24	108
PfSN01_140006100|DBLa|1|67|488	QG0252-C.g963	22.179	257	154	8	25	272	2049	2268	7.89e-09	60.5
PfSN01_140006100|CIDRa|1|489|778	PV0287-C.g41	80.272	294	54	2	1	290	483	776	2.71e-152	468
PfSN01_140006100|CIDRa|1|489|778	PA0016-C.g337	80.479	292	55	1	1	290	503	794	1.70e-150	466
PfSN01_140006100|CIDRa|1|489|778	PA0052-C.g211	80.479	292	55	1	1	290	503	794	1.71e-149	464
PfSN01_140006100|CIDRa|1|489|778	PA0020-C.g202	80.479	292	55	1	1	290	503	794	1.71e-149	464
PfSN01_140006100|CIDRa|1|489|778	PA0246-C.g585	75.768	293	62	7	1	286	488	778	4.12e-135	421
PfSN01_140006100|DBLd|1|875|1395	PFKE12.g25	55.473	539	190	13	1	521	829	1335	8.96e-174	541
PfSN01_140006100|DBLd|1|875|1395	PFKE12.g25	31.053	190	115	7	342	521	312	495	9.22e-15	80.1
PfSN01_140006100|DBLd|1|875|1395	PD0500-C.g375	52.182	573	181	17	1	521	1270	1801	9.53e-165	517
PfSN01_140006100|DBLd|1|875|1395	PD0500-C.g375	29.756	205	125	6	327	521	278	473	5.49e-11	68.2
PfSN01_140006100|DBLd|1|875|1395	SenT165.09.g15	52.285	547	205	17	1	521	170	686	2.96e-161	488
PfSN01_140006100|DBLd|1|875|1395	SenT151.08.g933	53.775	543	172	19	1	521	1317	1802	6.16e-158	499
PfSN01_140006100|DBLd|1|875|1395	SenT151.08.g933	23.698	384	163	12	1	381	2099	2355	1.23e-18	92.4
PfSN01_140006100|DBLd|1|875|1395	SenT151.08.g933	29.384	211	112	8	340	521	316	518	3.29e-11	68.9
PfSN01_140006100|DBLd|1|875|1395	SenT151.08.g149	52.505	539	184	15	1	521	928	1412	6.53e-158	494
PfSN01_140006100|DBLd|1|875|1395	SenT151.08.g149	31.250	208	114	7	341	521	315	520	6.05e-13	74.3
PfSN01_140006100|CIDRg|1|1396|1664	PM0062-C.g606	72.414	261	65	4	1	259	714	969	7.32e-120	370
PfSN01_140006100|CIDRg|1|1396|1664	PA0015-C.g177	70.370	270	65	4	1	269	581	836	1.22e-116	369
PfSN01_140006100|CIDRg|1|1396|1664	PF0818-C.g684	72.414	261	65	4	1	259	1355	1610	2.43e-116	368
PfSN01_140006100|CIDRg|1|1396|1664	PA0261-C.g462	72.414	261	65	4	1	259	1412	1667	3.21e-116	368
PfSN01_140006100|CIDRg|1|1396|1664	PA0087-C.g249	70.370	270	65	4	1	269	776	1031	3.91e-116	368
PfSN01_140006100|DBLz|1|1703|2125	PM0071-C.g587	88.652	423	43	2	1	423	2367	2784	0.0	757
PfSN01_140006100|DBLz|1|1703|2125	PM0071-C.g587	32.997	397	205	14	65	423	845	1218	8.79e-43	163
PfSN01_140006100|DBLz|1|1703|2125	PM0071-C.g587	33.894	357	187	14	92	423	130	462	1.89e-42	162
PfSN01_140006100|DBLz|1|1703|2125	PM0071-C.g587	26.332	319	190	11	78	370	1261	1560	1.17e-19	94.4
PfSN01_140006100|DBLz|1|1703|2125	PM0071-C.g587	26.149	348	173	12	91	365	1690	2026	1.05e-14	79.0
PfSN01_140006100|DBLz|1|1703|2125	PM0071-C.g587	22.857	315	179	12	54	365	2801	3054	1.31e-10	66.2
PfSN01_140006100|DBLz|1|1703|2125	QG0216-C.g483	78.788	429	77	3	1	423	1606	2026	0.0	682
PfSN01_140006100|DBLz|1|1703|2125	QG0216-C.g483	31.306	444	239	15	4	390	26	460	3.39e-42	161
PfSN01_140006100|DBLz|1|1703|2125	QG0216-C.g483	28.832	274	159	8	90	363	2079	2316	2.15e-20	96.7
PfSN01_140006100|DBLz|1|1703|2125	QG0216-C.g483	24.390	328	169	15	139	423	1002	1293	9.36e-07	53.9
PfSN01_140006100|DBLz|1|1703|2125	PA0202-C.g845	79.487	429	78	4	1	423	2328	2752	0.0	672
PfSN01_140006100|DBLz|1|1703|2125	PA0202-C.g845	31.892	370	197	10	93	423	860	1213	8.16e-46	172
PfSN01_140006100|DBLz|1|1703|2125	PA0202-C.g845	33.210	271	150	10	92	341	129	389	6.19e-32	131
PfSN01_140006100|DBLz|1|1703|2125	PA0202-C.g845	27.273	286	164	12	91	374	2807	3050	6.95e-18	89.0
PfSN01_140006100|DBLz|1|1703|2125	PA0202-C.g845	27.208	283	155	10	79	329	1262	1525	3.79e-17	86.7
PfSN01_140006100|DBLz|1|1703|2125	PA0202-C.g845	23.918	439	211	16	68	421	1638	2038	6.21e-14	76.6
PfSN01_140006100|DBLz|1|1703|2125	PA0015-C.g475	79.487	429	78	4	1	423	2369	2793	0.0	672
PfSN01_140006100|DBLz|1|1703|2125	PA0015-C.g475	31.135	379	210	11	69	423	824	1175	7.93e-43	163
PfSN01_140006100|DBLz|1|1703|2125	PA0015-C.g475	32.188	320	179	12	92	390	129	431	6.38e-35	140
PfSN01_140006100|DBLz|1|1703|2125	PA0015-C.g475	27.273	286	164	12	91	374	2848	3091	7.08e-18	89.0
PfSN01_140006100|DBLz|1|1703|2125	PA0015-C.g475	25.606	289	167	10	79	342	1351	1616	5.23e-13	73.9
PfSN01_140006100|DBLz|1|1703|2125	PA0015-C.g475	24.478	335	185	10	63	347	1704	2020	1.02e-12	72.8
PfSN01_140006100|DBLz|1|1703|2125	SenP051.02.g129	79.487	429	78	4	1	423	1722	2146	0.0	671
PfSN01_140006100|DBLz|1|1703|2125	SenP051.02.g129	31.266	387	209	13	70	423	244	606	7.99e-43	163
PfSN01_140006100|DBLz|1|1703|2125	SenP051.02.g129	27.273	286	164	12	91	374	2201	2444	7.09e-18	89.0
PfSN01_140006100|DBLz|1|1703|2125	SenP051.02.g129	23.109	476	233	16	32	421	1004	1432	2.53e-14	77.8
PfSN01_140006100|DBLz|1|1703|2125	SenP051.02.g129	26.807	332	199	13	65	370	640	953	1.11e-13	75.9
PfSN01_140006100|DBLe|1|2130|2448	PM0084-C.g312	85.580	319	46	0	1	319	1475	1793	0.0	577
PfSN01_140006100|DBLe|1|2130|2448	PM0084-C.g312	30.435	230	110	12	36	226	1124	1342	2.76e-17	85.1
PfSN01_140006100|DBLe|1|2130|2448	PA0051-C.g67	83.750	320	51	1	1	319	2011	2330	0.0	555
PfSN01_140006100|DBLe|1|2130|2448	PA0051-C.g67	27.444	266	147	9	3	226	1628	1889	2.95e-16	82.0
PfSN01_140006100|DBLe|1|2130|2448	PA0051-C.g67	30.374	214	100	8	50	216	120	331	2.12e-15	79.3
PfSN01_140006100|DBLe|1|2130|2448	PA0045-C.g594	83.750	320	51	1	1	319	1264	1583	0.0	554
PfSN01_140006100|DBLe|1|2130|2448	PA0045-C.g594	27.444	266	147	9	3	226	881	1142	3.71e-16	81.6
PfSN01_140006100|DBLe|1|2130|2448	PA0017-C.g457	83.750	320	51	1	1	319	1806	2125	0.0	554
PfSN01_140006100|DBLe|1|2130|2448	PA0017-C.g457	27.444	266	147	9	3	226	1423	1684	2.71e-16	82.0
PfSN01_140006100|DBLe|1|2130|2448	PA0017-C.g457	37.647	85	32	3	151	216	44	126	3.76e-07	54.3
PfSN01_140006100|DBLe|1|2130|2448	PD0555-C.g662	80.878	319	59	1	1	319	1240	1556	6.03e-175	528
PfSN01_140006100|DBLe|1|2130|2448	PD0555-C.g662	29.365	252	136	9	3	219	857	1101	6.56e-18	87.0
PfSN01_140006100|ATS|1|2498|2966	PD0561-C.g263	79.830	471	78	6	1	469	2424	2879	0.0	739
PfSN01_140006100|ATS|1|2498|2966	PV0239-C.g98	79.830	471	79	8	2	469	1285	1742	0.0	697
PfSN01_140006100|ATS|1|2498|2966	PFKE09.g563	74.322	479	76	4	1	469	775	1216	0.0	682
PfSN01_140006100|ATS|1|2498|2966	PV0028-C.g31	71.429	497	73	8	1	469	1737	2192	0.0	674
PfSN01_140006100|ATS|1|2498|2966	PV0239-C.g24	72.121	495	102	10	1	469	1705	2189	0.0	672
PfSN01_140088600|NTS|1|1|63	PH0856-C.g155	77.778	63	14	0	1	63	1	63	2.24e-23	92.8
PfSN01_140088600|NTS|1|1|63	PA0187-C.g872	77.778	63	14	0	1	63	1	63	3.69e-22	89.4
PfSN01_140088600|NTS|1|1|63	PH0248-C.g322	73.016	63	17	0	1	63	1	63	2.62e-21	87.0
PfSN01_140088600|NTS|1|1|63	PD0569-C.g667	73.016	63	17	0	1	63	1	63	3.06e-21	87.0
PfSN01_140088600|NTS|1|1|63	PD0549-C.g542	73.016	63	17	0	1	63	1	63	3.06e-21	87.0
PfSN01_140088600|DBLa|1|64|510	PM0153-C.g45	73.434	463	91	11	1	447	69	515	0.0	653
PfSN01_140088600|DBLa|1|64|510	PM0153-C.g45	25.146	342	180	10	143	447	1171	1473	1.45e-14	79.0
PfSN01_140088600|DBLa|1|64|510	PF0092-C.g201	70.000	460	114	7	1	447	65	513	0.0	612
PfSN01_140088600|DBLa|1|64|510	PF0092-C.g201	24.815	270	172	8	111	353	1118	1383	1.02e-11	69.7
PfSN01_140088600|DBLa|1|64|510	SenT179.08.g1202	66.880	468	125	7	1	447	64	522	0.0	600
PfSN01_140088600|DBLa|1|64|510	SenT179.08.g1202	23.823	361	208	12	118	447	1064	1388	3.21e-16	84.0
PfSN01_140088600|DBLa|1|64|510	SenT055.11.g578	67.763	456	131	7	1	447	68	516	0.0	600
PfSN01_140088600|DBLa|1|64|510	SenT055.11.g578	25.623	281	169	9	114	361	1056	1329	4.66e-19	92.8
PfSN01_140088600|DBLa|1|64|510	PM0018-C.g431	65.310	467	133	9	1	447	63	520	0.0	592
PfSN01_140088600|DBLa|1|64|510	PM0018-C.g431	31.193	109	73	2	245	352	1323	1430	1.48e-08	59.7
PfSN01_140088600|CIDRa|1|511|800	PA0151-C.g683	100.000	290	0	0	1	290	508	797	0.0	609
PfSN01_140088600|CIDRa|1|511|800	PM0145-C.g493	99.310	290	2	0	1	290	519	808	0.0	605
PfSN01_140088600|CIDRa|1|511|800	SenP027.02.g294	96.644	298	2	1	1	290	521	818	0.0	597
PfSN01_140088600|CIDRa|1|511|800	PF0818-C.g656	94.828	290	14	1	1	290	524	812	1.05e-173	526
PfSN01_140088600|CIDRa|1|511|800	PH0225-C.g96	79.538	303	48	3	1	290	157	458	6.97e-156	473
PfSN01_140088600|DBLd|1|891|1421	PA0059-C.g393	57.069	580	142	19	1	531	75	596	0.0	578
PfSN01_140088600|DBLd|1|891|1421	PV0083-C.g59	51.724	580	167	17	1	531	899	1414	3.33e-162	506
PfSN01_140088600|DBLd|1|891|1421	PV0083-C.g59	32.800	250	135	10	307	531	275	516	8.63e-22	102
PfSN01_140088600|DBLd|1|891|1421	SenP027.02.g302	49.917	605	199	17	1	531	856	1430	1.52e-158	496
PfSN01_140088600|DBLd|1|891|1421	SenP027.02.g302	35.256	156	81	6	353	491	273	425	2.03e-16	85.5
PfSN01_140088600|DBLd|1|891|1421	SenT129.11.g226	50.733	546	192	15	1	531	419	902	9.80e-155	469
PfSN01_140088600|DBLd|1|891|1421	PT0225-C.g467	50.896	558	217	16	1	531	892	1419	8.98e-153	485
PfSN01_140088600|DBLd|1|891|1421	PT0225-C.g467	31.313	198	105	6	365	531	300	497	1.82e-17	89.0
PfSN01_140088600|DBLd|1|891|1421	PT0225-C.g467	27.136	199	110	8	307	494	1938	2112	3.35e-08	59.3
PfSN01_140088600|CIDRg|1|1422|1672	PA0059-C.g393	100.000	251	0	0	1	251	597	847	2.62e-180	523
PfSN01_140088600|CIDRg|1|1422|1672	QG0297-C.g1646	98.805	251	3	0	1	251	2269	2519	2.26e-167	514
PfSN01_140088600|CIDRg|1|1422|1672	PC0070-C.g533	83.012	259	36	2	1	251	615	873	2.21e-148	441
PfSN01_140088600|CIDRg|1|1422|1672	PC0005-Cx.g353	83.012	259	36	2	1	251	1422	1680	1.02e-141	438
PfSN01_140088600|CIDRg|1|1422|1672	PA0046-C.g493	78.764	259	46	3	1	251	663	920	1.55e-136	411
PfSN01_140088600|ATS|1|1782|2214	PT0158-C.g224	71.685	445	93	10	2	433	2360	2784	0.0	613
PfSN01_140088600|ATS|1|1782|2214	PV0028-C.g43	71.840	451	95	12	1	433	1843	2279	0.0	611
PfSN01_140088600|ATS|1|1782|2214	PV0147-C.g56	73.991	446	101	10	1	433	1700	2143	0.0	605
PfSN01_140088600|ATS|1|1782|2214	PFKE09.g563	72.160	449	102	11	1	433	775	1216	0.0	605
PfSN01_140088600|ATS|1|1782|2214	PV0147-C.g7	71.205	448	105	9	1	433	1761	2199	0.0	603
PfSN01_000009500|NTS|1|1|67	PA0098-C.g699	100.000	67	0	0	1	67	1	67	2.56e-40	141
PfSN01_000009500|NTS|1|1|67	PA0039-C.g646	100.000	67	0	0	1	67	1	67	2.56e-40	141
PfSN01_000009500|NTS|1|1|67	PC0070-C.g379	96.875	64	2	0	4	67	5	68	5.77e-37	132
PfSN01_000009500|NTS|1|1|67	PF0157-C.g792	100.000	62	0	0	6	67	15	76	1.44e-36	130
PfSN01_000009500|NTS|1|1|67	SenT136.09.g818	96.825	63	2	0	5	67	4	66	6.05e-36	129
PfSN01_000009500|DBLa|1|68|489	PC0070-C.g379	99.763	422	1	0	1	422	69	490	0.0	889
PfSN01_000009500|DBLa|1|68|489	PC0070-C.g379	31.250	192	112	9	240	422	1178	1358	3.51e-13	74.3
PfSN01_000009500|DBLa|1|68|489	PF0725-C.g518	97.393	422	5	3	1	422	66	481	0.0	857
PfSN01_000009500|DBLa|1|68|489	PF0725-C.g518	26.875	320	163	10	156	422	1109	1410	5.42e-19	92.0
PfSN01_000009500|DBLa|1|68|489	QE0468-C.g727	75.236	424	95	4	1	422	71	486	0.0	633
PfSN01_000009500|DBLa|1|68|489	QE0468-C.g727	31.414	191	111	9	237	422	1189	1364	8.01e-10	63.5
PfSN01_000009500|DBLa|1|68|489	PV0115-C.g45	75.236	424	95	4	1	422	71	486	0.0	633
PfSN01_000009500|DBLa|1|68|489	PV0115-C.g45	31.414	191	111	9	237	422	1189	1364	8.01e-10	63.5
PfSN01_000009500|DBLa|1|68|489	PT0149-C.g758	74.528	424	98	4	1	422	71	486	0.0	621
PfSN01_000009500|DBLa|1|68|489	PT0149-C.g758	24.242	330	183	11	126	422	1005	1300	1.31e-15	81.6
PfSN01_000009500|CIDRa|1|490|749	PC0070-C.g379	99.615	260	1	0	1	260	491	750	4.14e-175	528
PfSN01_000009500|CIDRa|1|490|749	PT0225-C.g643	98.462	260	4	0	1	260	474	733	1.18e-173	525
PfSN01_000009500|CIDRa|1|490|749	PT0225-C.g643	30.275	109	64	1	73	169	1506	1614	5.56e-08	55.8
PfSN01_000009500|CIDRa|1|490|749	PF0725-C.g518	97.308	260	7	0	1	260	482	741	4.45e-171	518
PfSN01_000009500|CIDRa|1|490|749	QG0247-C.g345	78.927	261	54	1	1	260	482	742	7.37e-140	419
PfSN01_000009500|CIDRa|1|490|749	QG0225-C.g10	78.927	261	54	1	1	260	482	742	3.69e-135	419
PfSN01_000009500|CIDRa|1|490|749	QG0225-C.g10	28.571	154	97	3	104	257	1399	1539	1.89e-10	63.2
PfSN01_000009500|DBLd|1|827|1261	PA0197-C.g297	79.909	438	44	6	1	435	1224	1620	0.0	639
PfSN01_000009500|DBLd|1|827|1261	PA0197-C.g297	33.829	269	116	7	57	319	1969	2181	1.30e-33	136
PfSN01_000009500|DBLd|1|827|1261	PA0197-C.g297	30.472	233	125	7	175	383	174	393	5.59e-14	77.0
PfSN01_000009500|DBLd|1|827|1261	PA0197-C.g297	25.888	197	122	6	176	364	2466	2646	2.58e-11	68.6
PfSN01_000009500|DBLd|1|827|1261	QE0464-C.g506	68.192	437	101	7	1	435	1733	2133	0.0	575
PfSN01_000009500|DBLd|1|827|1261	QE0464-C.g506	31.746	315	139	9	63	377	1285	1523	4.80e-34	137
PfSN01_000009500|DBLd|1|827|1261	QE0464-C.g506	31.864	295	152	9	179	435	193	476	7.03e-26	113
PfSN01_000009500|DBLd|1|827|1261	QE0464-C.g506	24.664	223	120	7	174	387	904	1087	1.47e-08	59.7
PfSN01_000009500|DBLd|1|827|1261	PC0058-C.g58	68.192	437	101	7	1	435	1823	2223	0.0	574
PfSN01_000009500|DBLd|1|827|1261	PC0058-C.g58	31.429	315	140	9	63	377	1375	1613	2.12e-33	135
PfSN01_000009500|DBLd|1|827|1261	PC0058-C.g58	32.333	300	145	9	179	435	191	475	1.49e-29	124
PfSN01_000009500|DBLd|1|827|1261	PC0058-C.g58	23.256	344	183	14	56	370	807	1098	1.60e-08	59.7
PfSN01_000009500|DBLd|1|827|1261	PH0361-C.g104	68.192	437	101	7	1	435	2117	2517	0.0	574
PfSN01_000009500|DBLd|1|827|1261	PH0361-C.g104	31.179	263	120	6	61	317	1650	1857	2.70e-34	138
PfSN01_000009500|DBLd|1|827|1261	PH0361-C.g104	32.523	329	129	11	65	382	1262	1508	5.22e-33	134
PfSN01_000009500|DBLd|1|827|1261	PH0361-C.g104	31.271	291	155	10	179	435	190	469	6.62e-30	125
PfSN01_000009500|DBLd|1|827|1261	PH0361-C.g104	23.762	202	105	6	174	364	917	1080	9.53e-07	53.9
PfSN01_000009500|DBLd|1|827|1261	PT0109-C.g283	67.478	452	106	6	1	435	865	1292	0.0	567
PfSN01_000009500|DBLd|1|827|1261	PT0109-C.g283	28.346	381	179	12	1	377	1603	1893	9.72e-37	145
PfSN01_000009500|DBLd|1|827|1261	PT0109-C.g283	30.172	232	128	6	175	377	185	411	3.86e-21	99.0
PfSN01_000009500|DBLd|1|827|1261	PT0109-C.g283	30.968	155	91	7	176	318	2130	2280	8.42e-07	54.3
PfSN01_000009500|CIDRg|1|1262|1520	PT0109-C.g283	99.614	259	1	0	1	259	1293	1551	2.00e-173	531
PfSN01_000009500|CIDRg|1|1262|1520	PA0197-C.g297	100.000	259	0	0	1	259	1621	1879	6.24e-173	530
PfSN01_000009500|CIDRg|1|1262|1520	PA0197-C.g297	29.341	167	114	4	33	197	514	678	5.31e-12	67.8
PfSN01_000009500|CIDRg|1|1262|1520	QG0246-C.g2382	99.614	259	1	0	1	259	1652	1910	2.19e-172	529
PfSN01_000009500|CIDRg|1|1262|1520	QG0246-C.g2382	27.168	173	117	5	1	170	484	650	6.73e-10	61.6
PfSN01_000009500|CIDRg|1|1262|1520	PA0146-C.g935	99.614	259	1	0	1	259	1603	1861	7.69e-172	527
PfSN01_000009500|CIDRg|1|1262|1520	PM0134-C.g321	99.614	259	1	0	1	259	1603	1861	7.69e-172	527
PfSN01_000009500|DBLg|1|1572|1943	PA0197-C.g297	100.000	372	0	0	1	372	1931	2302	0.0	770
PfSN01_000009500|DBLg|1|1572|1943	PA0197-C.g297	35.549	346	162	9	1	292	1224	1562	1.11e-46	173
PfSN01_000009500|DBLg|1|1572|1943	PA0197-C.g297	24.147	381	216	13	31	372	2391	2737	6.49e-15	79.0
PfSN01_000009500|DBLg|1|1572|1943	PA0197-C.g297	22.059	272	151	9	47	295	862	1095	5.71e-08	57.4
PfSN01_000009500|DBLg|1|1572|1943	PT0048-C.g29	76.344	372	83	2	1	372	2066	2432	0.0	586
PfSN01_000009500|DBLg|1|1572|1943	PT0048-C.g29	26.463	393	186	14	1	294	1262	1650	1.55e-29	122
PfSN01_000009500|DBLg|1|1572|1943	PT0048-C.g29	22.642	265	159	6	47	286	858	1101	2.42e-12	71.2
PfSN01_000009500|DBLg|1|1572|1943	PT0048-C.g29	22.485	338	192	13	44	333	120	435	3.85e-10	64.3
PfSN01_000009500|DBLg|1|1572|1943	PT0048-C.g29	22.590	363	223	11	41	372	2528	2863	2.45e-08	58.5
PfSN01_000009500|DBLg|1|1572|1943	PA0087-C.g426	76.075	372	87	1	1	372	1903	2272	0.0	572
PfSN01_000009500|DBLg|1|1572|1943	PA0087-C.g426	33.433	335	178	9	28	332	1238	1557	8.17e-54	193
PfSN01_000009500|DBLg|1|1572|1943	PA0087-C.g426	24.252	301	165	11	44	296	107	392	4.14e-11	67.4
PfSN01_000009500|DBLg|1|1572|1943	PA0087-C.g426	24.399	291	154	13	30	293	835	1086	2.81e-10	64.7
PfSN01_000009500|DBLg|1|1572|1943	PA0087-C.g426	24.062	320	190	12	41	331	2368	2663	2.53e-07	55.5
PfSN01_000009500|DBLg|1|1572|1943	PM0129-C.g1280	67.828	373	101	4	1	372	1211	1565	1.47e-160	498
PfSN01_000009500|DBLg|1|1572|1943	PM0129-C.g1280	24.282	383	215	16	31	372	1652	2000	5.16e-14	76.3
PfSN01_000009500|DBLg|1|1572|1943	PM0129-C.g1280	24.573	293	157	13	31	293	833	1091	2.15e-12	71.2
PfSN01_000009500|DBLg|1|1572|1943	PM0129-C.g1280	23.485	264	159	8	44	279	109	357	2.35e-11	67.8
PfSN01_000009500|DBLg|1|1572|1943	PT0059-C.g911	68.044	363	100	3	13	372	792	1141	2.21e-158	487
PfSN01_000009500|DBLg|1|1572|1943	PT0059-C.g911	22.297	296	197	10	31	308	1228	1508	8.19e-12	69.3
PfSN01_000009500|DBLg|1|1572|1943	PT0059-C.g911	23.810	294	170	10	40	293	116	395	3.40e-10	64.3
PfSN01_000009500|DBLz|1|1952|2378	PA0197-C.g297	100.000	427	0	0	1	427	2311	2737	0.0	878
PfSN01_000009500|DBLz|1|1952|2378	PA0197-C.g297	31.373	357	200	9	43	383	805	1132	2.11e-42	162
PfSN01_000009500|DBLz|1|1952|2378	PA0197-C.g297	30.483	269	155	7	95	337	113	375	3.57e-25	111
PfSN01_000009500|DBLz|1|1952|2378	PA0197-C.g297	22.257	319	176	12	71	336	1250	1549	2.25e-10	65.5
PfSN01_000009500|DBLz|1|1952|2378	PA0197-C.g297	24.409	381	214	13	78	427	1965	2302	4.71e-08	58.2
PfSN01_000009500|DBLz|1|1952|2378	PA0221-C.g167	91.803	427	28	1	1	427	2398	2817	0.0	802
PfSN01_000009500|DBLz|1|1952|2378	PA0221-C.g167	26.261	476	264	14	4	427	850	1290	1.73e-37	147
PfSN01_000009500|DBLz|1|1952|2378	PA0221-C.g167	29.126	309	182	7	95	367	119	426	1.31e-30	127
PfSN01_000009500|DBLz|1|1952|2378	PA0221-C.g167	23.773	387	220	13	81	427	2038	2389	2.28e-09	62.4
PfSN01_000009500|DBLz|1|1952|2378	PA0221-C.g167	22.714	339	189	12	80	361	1329	1651	2.30e-07	55.8
PfSN01_000009500|DBLz|1|1952|2378	PC0020-C.g11	91.803	427	28	1	1	427	840	1259	0.0	799
PfSN01_000009500|DBLz|1|1952|2378	PC0020-C.g11	26.126	222	130	8	95	303	508	708	2.21e-09	62.0
PfSN01_000009500|DBLz|1|1952|2378	PA0151-C.g161	86.183	427	52	1	1	427	2284	2703	0.0	750
PfSN01_000009500|DBLz|1|1952|2378	PA0151-C.g161	30.691	391	199	14	4	371	767	1108	2.13e-38	150
PfSN01_000009500|DBLz|1|1952|2378	PA0151-C.g161	32.959	267	147	9	95	343	118	370	7.97e-28	119
PfSN01_000009500|DBLz|1|1952|2378	PA0151-C.g161	26.546	388	204	20	80	427	1929	2275	1.24e-15	82.0
PfSN01_000009500|DBLz|1|1952|2378	QE0451-C.g544	80.796	427	75	1	1	427	1811	2230	0.0	709
PfSN01_000009500|DBLz|1|1952|2378	QE0451-C.g544	27.801	482	259	16	2	427	237	685	1.49e-45	171
PfSN01_000009500|DBLz|1|1952|2378	QE0451-C.g544	25.806	372	205	15	95	427	1463	1802	3.70e-13	74.3
PfSN01_000009500|DBLz|1|1952|2378	QE0451-C.g544	21.264	348	188	12	81	351	733	1071	1.53e-07	56.6
PfSN01_000009500|ATS|1|2464|2964	PV0211-C.g126	74.579	535	72	10	1	501	841	1345	0.0	706
PfSN01_000009500|ATS|1|2464|2964	PV0028-C.g50	74.455	505	76	13	1	501	2600	3055	0.0	671
PfSN01_000009500|ATS|1|2464|2964	PA0245-C.g998	71.825	504	93	11	1	501	1706	2163	0.0	664
PfSN01_000009500|ATS|1|2464|2964	PA0157-C.g190	71.968	503	90	10	1	501	2245	2698	0.0	655
PfSN01_000009500|ATS|1|2464|2964	PD0474-C.g567	70.693	505	98	10	1	501	2375	2833	0.0	648
PfSN01_000010400|NTS|1|1|66	PF0119-C.g789	90.769	65	6	0	1	65	1	65	4.13e-32	117
PfSN01_000010400|NTS|1|1|66	PM0021-C.g180	85.075	67	7	2	1	66	1	65	2.28e-28	107
PfSN01_000010400|NTS|1|1|66	PA0167-C.g577	83.871	62	6	1	5	66	2	59	1.43e-25	99.4
PfSN01_000010400|NTS|1|1|66	PT0042-C.g427	77.419	62	11	1	5	66	2	60	2.99e-22	90.1
PfSN01_000010400|NTS|1|1|66	PC0113-C.g1309	79.661	59	11	1	5	63	2	59	1.54e-21	87.8
PfSN01_000010400|DBLa|1|67|495	PT0059-C.g614	74.142	437	89	7	1	429	68	488	0.0	641
PfSN01_000010400|DBLa|1|67|495	PT0059-C.g614	33.610	241	110	10	47	276	890	1091	1.03e-26	115
PfSN01_000010400|DBLa|1|67|495	PT0059-C.g614	26.961	204	111	7	235	429	1634	1808	1.62e-09	62.8
PfSN01_000010400|DBLa|1|67|495	QG0216-C.g585	73.182	440	91	7	1	429	68	491	0.0	631
PfSN01_000010400|DBLa|1|67|495	QG0216-C.g585	31.407	398	197	16	9	392	870	1205	5.70e-30	125
PfSN01_000010400|DBLa|1|67|495	QG0216-C.g585	29.851	201	121	8	236	429	1653	1840	2.13e-11	68.6
PfSN01_000010400|DBLa|1|67|495	QG0204-C.g342	72.727	440	93	7	1	429	68	491	0.0	627
PfSN01_000010400|DBLa|1|67|495	QG0204-C.g342	31.443	388	178	18	11	389	870	1178	1.37e-33	136
PfSN01_000010400|DBLa|1|67|495	QG0204-C.g342	32.461	191	108	8	239	429	1677	1846	1.58e-14	78.6
PfSN01_000010400|DBLa|1|67|495	PF0818-C.g307	72.581	434	108	6	1	429	67	494	0.0	622
PfSN01_000010400|DBLa|1|67|495	PF0818-C.g307	29.659	381	202	14	22	390	1694	2020	1.82e-31	130
PfSN01_000010400|DBLa|1|67|495	PF0818-C.g307	30.120	249	139	8	194	429	1117	1343	2.50e-15	80.9
PfSN01_000010400|DBLa|1|67|495	PF0818-C.g307	26.991	226	108	8	53	275	2108	2279	4.91e-11	67.4
PfSN01_000010400|DBLa|1|67|495	PA0078-C.g199	66.071	448	127	8	1	429	64	505	0.0	576
PfSN01_000010400|DBLa|1|67|495	PA0078-C.g199	27.988	343	177	7	57	392	935	1214	9.40e-31	127
PfSN01_000010400|DBLa|1|67|495	PA0078-C.g199	29.870	154	91	2	236	389	1740	1876	7.84e-10	63.9
PfSN01_000010400|CIDRa|1|496|790	PM0041-C.g1159	84.281	299	40	3	1	295	289	584	2.03e-164	497
PfSN01_000010400|CIDRa|1|496|790	PM0108-C.g1063	77.333	300	38	5	1	295	502	776	5.87e-144	445
PfSN01_000010400|CIDRa|1|496|790	QG0186-C.g637	69.388	294	64	4	1	288	490	763	5.22e-123	388
PfSN01_000010400|CIDRa|1|496|790	SenP027.02.g62	66.340	306	74	9	1	293	510	799	3.21e-119	378
PfSN01_000010400|CIDRa|1|496|790	PH0810-C.g255	66.667	300	71	9	1	287	523	806	3.95e-117	372
PfSN01_000010400|DBLd|1|870|1404	QG0226-C.g188	50.269	557	195	20	1	535	395	891	5.02e-148	459
PfSN01_000010400|DBLd|1|870|1404	PD0552-C.g41	47.952	586	229	21	1	535	1	561	3.96e-147	449
PfSN01_000010400|DBLd|1|870|1404	QE0469-C.g1180	49.060	585	202	21	1	535	836	1374	4.57e-144	456
PfSN01_000010400|DBLd|1|870|1404	QE0469-C.g1180	39.362	94	51	2	374	463	292	383	4.52e-12	71.6
PfSN01_000010400|DBLd|1|870|1404	PF0692-C.g537	48.606	574	196	17	1	535	913	1426	1.46e-143	456
PfSN01_000010400|DBLd|1|870|1404	PF0692-C.g537	22.812	377	221	11	186	535	182	515	1.14e-11	70.5
PfSN01_000010400|DBLd|1|870|1404	PF0152-C.g479	48.542	583	206	14	1	535	961	1497	1.39e-142	453
PfSN01_000010400|DBLd|1|870|1404	PF0152-C.g479	29.231	195	105	4	370	535	306	496	1.18e-13	76.6
PfSN01_000010400|CIDRb|1|1405|1656	PF0152-C.g479	91.700	253	20	1	1	252	1498	1750	6.77e-151	464
PfSN01_000010400|CIDRb|1|1405|1656	PF0692-C.g537	93.469	245	16	0	1	245	1427	1671	1.01e-150	462
PfSN01_000010400|CIDRb|1|1405|1656	PD0569-C.g804	69.841	252	69	3	1	245	1315	1566	3.65e-105	335
PfSN01_000010400|CIDRb|1|1405|1656	PD0550-C.g652	69.841	252	69	3	1	245	1315	1566	3.65e-105	335
PfSN01_000010400|CIDRb|1|1405|1656	PD0549-C.g687	69.841	252	69	3	1	245	1315	1566	3.65e-105	335
PfSN01_000010400|ATS|1|1758|2272	PC0104-C.g515	75.723	519	92	9	1	515	1694	2182	0.0	699
PfSN01_000010400|ATS|1|1758|2272	PV0028-C.g31	70.600	517	89	9	1	515	1737	2192	0.0	688
PfSN01_000010400|ATS|1|1758|2272	PT0219-C.g578	73.114	517	103	11	1	515	1736	2218	0.0	685
PfSN01_000010400|ATS|1|1758|2272	PA0270-C.g443	69.482	521	87	9	1	515	2185	2639	0.0	663
PfSN01_000010400|ATS|1|1758|2272	PD0549-C.g516	70.463	518	80	11	1	515	2187	2634	0.0	662
PfSN01_000012100|NTS|1|1|64	PA0021-C.g158	75.472	53	12	1	13	64	15	67	1.14e-17	76.6
PfSN01_000012100|NTS|1|1|64	PM0134-C.g8	65.672	67	20	2	1	64	1	67	1.38e-17	76.6
PfSN01_000012100|NTS|1|1|64	PA0020-C.g314	64.062	64	22	1	1	64	1	63	1.52e-17	76.3
PfSN01_000012100|NTS|1|1|64	PT0256-C.g527	60.656	61	24	0	1	61	1	61	1.72e-17	76.3
PfSN01_000012100|NTS|1|1|64	PC0103-C.g259	77.551	49	11	0	15	63	13	61	1.85e-17	76.3
PfSN01_000012100|DBLa|1|65|513	PA0049-C.g499	79.007	443	77	7	14	449	85	518	0.0	626
PfSN01_000012100|DBLa|1|65|513	PA0262-C.g630	78.971	447	71	11	16	449	87	523	0.0	615
PfSN01_000012100|DBLa|1|65|513	PA0262-C.g630	31.579	133	84	4	230	358	1274	1403	1.01e-09	63.5
PfSN01_000012100|DBLa|1|65|513	PA0094-C.g466	79.007	443	77	7	14	449	85	518	0.0	609
PfSN01_000012100|DBLa|1|65|513	QG0258-C.g1096	67.516	471	125	11	1	449	60	524	0.0	592
PfSN01_000012100|DBLa|1|65|513	QG0258-C.g1096	37.374	99	54	2	46	136	1004	1102	2.45e-09	62.0
PfSN01_000012100|DBLa|1|65|513	PH0856-C.g155	67.312	465	111	11	13	449	77	528	0.0	583
PfSN01_000012100|DBLa|1|65|513	PH0856-C.g155	34.667	225	122	8	51	273	1778	1979	4.65e-28	120
PfSN01_000012100|DBLa|1|65|513	PH0856-C.g155	27.168	346	166	11	116	449	1123	1394	1.20e-23	107
PfSN01_000012100|DBLa|1|65|513	PH0856-C.g155	23.746	299	141	10	46	337	2170	2388	8.12e-13	73.6
PfSN01_000012100|CIDRa|1|514|844	QG0296-C.g5399	71.676	346	66	5	1	331	507	835	1.29e-151	469
PfSN01_000012100|CIDRa|1|514|844	QG0182-C.g1104	67.341	346	77	7	1	331	485	809	2.60e-139	434
PfSN01_000012100|CIDRa|1|514|844	PT0042-C.g402	69.971	343	78	7	1	331	514	843	9.25e-138	431
PfSN01_000012100|CIDRa|1|514|844	PC0077-C.g552	68.657	335	74	6	1	324	535	849	6.82e-133	405
PfSN01_000012100|CIDRa|1|514|844	PM0071-C.g538	65.205	342	94	8	1	331	506	833	1.05e-127	391
PfSN01_000012100|DBLd|1|913|1383	PA0211-C.g606	68.842	475	103	8	1	471	918	1351	0.0	592
PfSN01_000012100|DBLd|1|913|1383	PA0211-C.g606	28.261	184	95	3	226	394	254	415	7.03e-14	77.0
PfSN01_000012100|DBLd|1|913|1383	PfKE03.g342	63.812	467	142	6	20	471	753	1207	3.55e-176	537
PfSN01_000012100|DBLd|1|913|1383	PfKE03.g342	32.886	149	91	3	295	436	66	212	7.97e-12	70.5
PfSN01_000012100|DBLd|1|913|1383	PM0068-C.g68	54.871	503	158	12	1	471	1882	2347	3.23e-155	490
PfSN01_000012100|DBLd|1|913|1383	PM0068-C.g68	29.912	341	138	14	52	391	1444	1684	1.27e-30	128
PfSN01_000012100|DBLd|1|913|1383	PM0068-C.g68	30.279	251	145	9	226	471	322	547	1.05e-18	92.0
PfSN01_000012100|DBLd|1|913|1383	QG0282-C.g640	55.110	499	186	13	1	471	837	1325	2.08e-154	481
PfSN01_000012100|DBLd|1|913|1383	QG0282-C.g640	27.273	176	94	5	223	391	239	387	6.09e-10	64.3
PfSN01_000012100|DBLd|1|913|1383	PF0133-C.g208	52.214	542	173	19	1	471	883	1409	2.80e-151	477
PfSN01_000012100|DBLd|1|913|1383	PF0133-C.g208	30.144	418	193	18	1	414	1742	2064	3.02e-38	151
PfSN01_000012100|DBLd|1|913|1383	PF0133-C.g208	28.470	281	139	11	226	471	248	501	5.14e-16	83.6
PfSN01_000012100|CIDRb|1|1384|1634	PF0133-C.g208	82.158	241	42	1	1	240	1410	1650	1.09e-127	400
PfSN01_000012100|CIDRb|1|1384|1634	PF0449-C.g713	71.951	246	66	2	2	245	1390	1634	1.70e-113	359
PfSN01_000012100|CIDRb|1|1384|1634	PV0155-C.g7	68.775	253	75	4	1	251	1167	1417	7.43e-107	340
PfSN01_000012100|CIDRb|1|1384|1634	QE0474-C.g132	68.775	253	75	4	1	251	2232	2482	1.81e-106	340
PfSN01_000012100|CIDRb|1|1384|1634	QE0474-C.g132	25.943	212	137	8	40	240	114	316	3.76e-07	53.1
PfSN01_000012100|CIDRb|1|1384|1634	QG0282-C.g640	69.841	252	67	4	1	245	1326	1575	2.06e-105	336
PfSN01_000012100|DBLg|1|1684|2047	QG0252-C.g1956	83.060	366	58	4	1	364	1226	1589	0.0	619
PfSN01_000012100|DBLg|1|1684|2047	QG0252-C.g1956	25.182	274	153	8	41	286	844	1093	3.09e-14	76.6
PfSN01_000012100|DBLg|1|1684|2047	QG0252-C.g1956	25.413	303	168	10	32	289	96	385	7.48e-12	69.3
PfSN01_000012100|DBLg|1|1684|2047	QG0261-C.g1134	80.874	366	66	4	1	364	1967	2330	0.0	604
PfSN01_000012100|DBLg|1|1684|2047	QG0261-C.g1134	32.229	332	153	11	30	289	1265	1596	3.74e-39	150
PfSN01_000012100|DBLg|1|1684|2047	QG0261-C.g1134	28.195	266	145	8	46	286	856	1100	1.85e-16	83.6
PfSN01_000012100|DBLg|1|1684|2047	QG0261-C.g1134	25.513	341	189	13	32	319	94	422	1.32e-12	71.6
PfSN01_000012100|DBLg|1|1684|2047	QG0261-C.g1134	23.194	263	165	8	45	283	2431	2680	2.03e-07	55.5
PfSN01_000012100|DBLg|1|1684|2047	PD0481-C.g224	79.781	366	70	4	1	364	2028	2391	0.0	591
PfSN01_000012100|DBLg|1|1684|2047	PD0481-C.g224	23.419	427	174	12	45	318	1248	1674	3.30e-20	94.7
PfSN01_000012100|DBLg|1|1684|2047	PD0481-C.g224	26.996	263	144	9	46	286	843	1079	2.01e-15	80.5
PfSN01_000012100|DBLg|1|1684|2047	PD0481-C.g224	23.529	289	176	9	32	282	103	384	6.88e-13	72.8
PfSN01_000012100|DBLg|1|1684|2047	PD0481-C.g224	23.677	359	217	13	45	364	2494	2834	4.98e-07	54.3
PfSN01_000012100|DBLg|1|1684|2047	QE0410-C.g616	69.786	374	88	9	1	364	1242	1600	2.25e-163	501
PfSN01_000012100|DBLg|1|1684|2047	QE0410-C.g616	25.868	317	156	13	32	289	96	392	8.48e-14	75.5
PfSN01_000012100|DBLg|1|1684|2047	QE0410-C.g616	24.627	268	158	8	46	287	855	1104	4.44e-13	73.2
PfSN01_000012100|DBLg|1|1684|2047	PV0265-C.g15	69.786	374	88	9	1	364	1246	1604	3.15e-163	502
PfSN01_000012100|DBLg|1|1684|2047	PV0265-C.g15	25.868	317	156	13	32	289	100	396	8.61e-14	75.5
PfSN01_000012100|DBLg|1|1684|2047	PV0265-C.g15	24.627	268	158	8	46	287	859	1108	3.84e-13	73.2
PfSN01_000012100|DBLz|1|2056|2475	PV0276-C.g20	86.429	420	57	0	1	420	2007	2426	0.0	724
PfSN01_000012100|DBLz|1|2056|2475	PV0276-C.g20	29.260	311	182	9	63	343	83	385	4.14e-26	114
PfSN01_000012100|DBLz|1|2056|2475	PV0276-C.g20	26.301	346	182	17	78	396	1662	1961	5.94e-12	70.5
PfSN01_000012100|DBLz|1|2056|2475	PV0129-C.g26	86.429	420	57	0	1	420	2058	2477	0.0	723
PfSN01_000012100|DBLz|1|2056|2475	PV0129-C.g26	28.426	394	228	14	7	355	17	401	7.81e-24	107
PfSN01_000012100|DBLz|1|2056|2475	PV0129-C.g26	24.088	274	179	9	78	339	1710	1966	6.96e-14	76.6
PfSN01_000012100|DBLz|1|2056|2475	PV0129-C.g26	23.106	264	128	10	154	345	1024	1284	3.09e-07	55.5
PfSN01_000012100|DBLz|1|2056|2475	QE0428-C.g161	86.429	420	57	0	1	420	1916	2335	0.0	721
PfSN01_000012100|DBLz|1|2056|2475	QE0428-C.g161	27.928	333	201	8	93	390	116	444	3.62e-26	114
PfSN01_000012100|DBLz|1|2056|2475	QE0428-C.g161	24.713	348	194	17	78	396	1562	1870	6.29e-12	70.5
PfSN01_000012100|DBLz|1|2056|2475	QE0428-C.g161	25.260	289	161	11	154	418	968	1225	1.93e-08	59.3
PfSN01_000012100|DBLz|1|2056|2475	QE0427-C.g275	86.429	420	57	0	1	420	1916	2335	0.0	721
PfSN01_000012100|DBLz|1|2056|2475	QE0427-C.g275	27.928	333	201	8	93	390	116	444	3.62e-26	114
PfSN01_000012100|DBLz|1|2056|2475	QE0427-C.g275	24.713	348	194	17	78	396	1562	1870	6.29e-12	70.5
PfSN01_000012100|DBLz|1|2056|2475	QE0427-C.g275	25.260	289	161	11	154	418	968	1225	1.93e-08	59.3
PfSN01_000012100|DBLz|1|2056|2475	PT0073-C.g457	85.238	420	62	0	1	420	1600	2019	0.0	713
PfSN01_000012100|DBLz|1|2056|2475	PT0073-C.g457	27.315	432	212	19	52	420	798	1190	4.09e-30	125
PfSN01_000012100|DBLz|1|2056|2475	PT0073-C.g457	30.618	356	210	12	93	418	112	460	5.07e-26	113
PfSN01_000012100|DBLz|1|2056|2475	PT0073-C.g457	25.733	307	174	12	70	343	1227	1512	5.73e-08	57.8
PfSN01_000012100|ATS|1|2561|3050	PT0219-C.g578	78.728	503	74	9	1	490	1736	2218	0.0	745
PfSN01_000012100|ATS|1|2561|3050	PC0104-C.g515	81.162	499	75	7	1	490	1694	2182	0.0	742
PfSN01_000012100|ATS|1|2561|3050	PfKE03.g242	76.575	508	65	9	1	490	1361	1832	0.0	720
PfSN01_000012100|ATS|1|2561|3050	PV0139-C.g130	76.628	522	69	7	2	490	877	1378	0.0	717
PfSN01_000012100|ATS|1|2561|3050	PA0245-C.g998	75.000	496	80	8	1	490	1706	2163	0.0	702
PfSN01_000012600|NTS|1|1|64	QG0271-C.g854	98.438	64	1	0	1	64	1	64	6.39e-38	134
PfSN01_000012600|NTS|1|1|64	QG0269-C.g681	98.438	64	1	0	1	64	1	64	6.39e-38	134
PfSN01_000012600|NTS|1|1|64	PC0103-C.g809	98.438	64	1	0	1	64	1	64	6.39e-38	134
PfSN01_000012600|NTS|1|1|64	PM0108-C.g4	81.250	64	8	1	1	64	1	60	2.63e-28	107
PfSN01_000012600|NTS|1|1|64	PA0158-C.g824	82.692	52	7	1	5	56	5	54	6.07e-23	91.7
PfSN01_000012600|DBLa|1|67|478	QG0271-C.g854	91.041	413	33	2	1	412	67	476	0.0	764
PfSN01_000012600|DBLa|1|67|478	QG0271-C.g854	26.502	283	159	9	16	265	845	1111	5.71e-14	76.6
PfSN01_000012600|DBLa|1|67|478	QG0269-C.g681	91.041	413	33	2	1	412	67	476	0.0	764
PfSN01_000012600|DBLa|1|67|478	QG0269-C.g681	26.502	283	159	9	16	265	845	1111	5.71e-14	76.6
PfSN01_000012600|DBLa|1|67|478	PC0103-C.g809	91.041	413	33	2	1	412	67	476	0.0	764
PfSN01_000012600|DBLa|1|67|478	PC0103-C.g809	26.502	283	159	9	16	265	845	1111	5.71e-14	76.6
PfSN01_000012600|DBLa|1|67|478	PM0108-C.g4	92.252	413	31	1	1	412	63	475	0.0	757
PfSN01_000012600|DBLa|1|67|478	PM0108-C.g4	29.358	218	118	8	1	206	823	1016	1.04e-17	88.2
PfSN01_000012600|DBLa|1|67|478	QE0455-C.g199	70.309	421	111	4	1	412	67	482	0.0	577
PfSN01_000012600|DBLa|1|67|478	QE0455-C.g199	31.197	234	130	8	52	266	874	1095	2.48e-20	96.3
PfSN01_000012600|DBLa|1|67|478	QE0455-C.g199	22.876	306	169	9	116	412	1393	1640	8.22e-13	72.8
PfSN01_000012600|CIDRa|1|479|753	QG0271-C.g854	99.273	275	2	0	1	275	477	751	0.0	559
PfSN01_000012600|CIDRa|1|479|753	QG0269-C.g681	99.273	275	2	0	1	275	477	751	0.0	559
PfSN01_000012600|CIDRa|1|479|753	PC0103-C.g809	99.273	275	2	0	1	275	477	751	0.0	559
PfSN01_000012600|CIDRa|1|479|753	PM0113-C.g365	81.749	263	47	1	1	262	484	746	6.42e-131	410
PfSN01_000012600|CIDRa|1|479|753	QG0295-C.g2489	78.626	262	41	1	1	262	471	717	1.79e-116	367
PfSN01_000012600|DBLb|1|763|1225	PM0049-C.g391	86.393	463	46	4	1	463	757	1202	0.0	790
PfSN01_000012600|DBLb|1|763|1225	PM0049-C.g391	28.866	388	214	10	23	355	15	395	2.16e-36	145
PfSN01_000012600|DBLb|1|763|1225	PT0158-C.g269	86.393	463	46	5	1	463	757	1202	0.0	789
PfSN01_000012600|DBLb|1|763|1225	PT0158-C.g269	31.298	393	198	12	98	463	2076	2423	7.75e-44	167
PfSN01_000012600|DBLb|1|763|1225	PT0158-C.g269	28.238	386	217	10	22	355	18	395	1.63e-36	145
PfSN01_000012600|DBLb|1|763|1225	PT0158-C.g269	27.907	258	146	10	116	365	2478	2703	1.03e-18	92.0
PfSN01_000012600|DBLb|1|763|1225	QG0216-C.g935	86.825	463	44	5	1	463	780	1225	0.0	788
PfSN01_000012600|DBLb|1|763|1225	QG0216-C.g935	28.682	387	215	13	22	355	20	398	1.72e-34	139
PfSN01_000012600|DBLb|1|763|1225	QG0216-C.g935	22.356	331	190	12	68	357	1250	1554	1.42e-09	63.2
PfSN01_000012600|DBLb|1|763|1225	PC0005-Cx.g250	82.759	464	62	5	1	463	804	1250	0.0	746
PfSN01_000012600|DBLb|1|763|1225	PC0005-Cx.g250	28.177	362	204	12	45	355	41	397	1.43e-30	128
PfSN01_000012600|DBLb|1|763|1225	SenT151.08.g933	62.553	470	152	9	1	463	842	1294	1.08e-177	552
PfSN01_000012600|DBLb|1|763|1225	SenT151.08.g933	27.570	428	225	12	68	412	65	490	2.81e-30	127
PfSN01_000012600|DBLg|1|1268|1634	PT0258-Cx.g443	99.728	367	1	0	1	367	1261	1627	0.0	764
PfSN01_000012600|DBLg|1|1268|1634	PT0258-Cx.g443	21.260	381	217	9	45	367	871	1226	3.31e-13	73.6
PfSN01_000012600|DBLg|1|1268|1634	PT0258-Cx.g443	26.220	328	177	14	31	312	114	422	8.38e-11	66.2
PfSN01_000012600|DBLg|1|1268|1634	PT0242-Cx.g723	99.728	367	1	0	1	367	1261	1627	0.0	764
PfSN01_000012600|DBLg|1|1268|1634	PT0242-Cx.g723	21.260	381	217	9	45	367	871	1226	3.31e-13	73.6
PfSN01_000012600|DBLg|1|1268|1634	PT0242-Cx.g723	26.220	328	177	14	31	312	114	422	8.38e-11	66.2
PfSN01_000012600|DBLg|1|1268|1634	PA0187-C.g627	97.275	367	10	0	1	367	1657	2023	0.0	750
PfSN01_000012600|DBLg|1|1268|1634	PA0187-C.g627	29.659	381	147	16	44	308	889	1264	2.69e-30	125
PfSN01_000012600|DBLg|1|1268|1634	PA0187-C.g627	23.793	290	167	9	40	289	109	384	7.28e-09	60.1
PfSN01_000012600|DBLg|1|1268|1634	PM0068-C.g743	95.913	367	14	1	1	367	1265	1630	0.0	731
PfSN01_000012600|DBLg|1|1268|1634	PM0068-C.g743	23.003	313	198	9	36	324	836	1129	6.26e-15	79.0
PfSN01_000012600|DBLg|1|1268|1634	PM0068-C.g743	25.818	275	149	10	42	275	105	365	1.16e-08	59.3
PfSN01_000012600|DBLg|1|1268|1634	PA0092-C.g802	78.457	376	71	5	1	367	1148	1522	0.0	593
PfSN01_000012600|DBLg|1|1268|1634	PA0092-C.g802	24.354	271	160	8	45	290	741	991	2.38e-14	77.0
PfSN01_000012600|ATS|1|1688|2178	PV0239-C.g25	71.748	492	103	5	1	491	2129	2585	0.0	664
PfSN01_000012600|ATS|1|1688|2178	PV0301-C.g29	79.097	421	71	5	1	413	2550	2961	0.0	654
PfSN01_000012600|ATS|1|1688|2178	PH0121-CW.g61	72.727	495	109	11	1	491	1474	1946	0.0	650
PfSN01_000012600|ATS|1|1688|2178	PC0122-C.g587	70.058	521	86	6	1	491	3364	3844	0.0	642
PfSN01_000012600|ATS|1|1688|2178	PM0142-C.g950	63.686	548	118	11	1	491	980	1503	0.0	640
PfSN01_000012700|DBLg|1|1|319	SenT058.11.g46	97.500	320	7	1	1	319	1368	1687	0.0	649
PfSN01_000012700|DBLg|1|1|319	SenT058.11.g46	26.578	301	158	11	1	268	846	1116	8.07e-12	68.6
PfSN01_000012700|DBLg|1|1|319	SenT058.11.g46	29.412	153	77	6	119	245	250	397	7.57e-10	62.4
PfSN01_000012700|DBLg|1|1|319	QG0285-C.g33	95.625	320	13	1	1	319	627	946	0.0	643
PfSN01_000012700|DBLg|1|1|319	QG0285-C.g33	27.652	264	140	11	1	242	131	365	2.25e-13	73.2
PfSN01_000012700|DBLg|1|1|319	PC0085-C.g1511	95.938	320	12	1	1	319	549	868	0.0	643
PfSN01_000012700|DBLg|1|1|319	PC0085-C.g1511	31.268	355	159	13	15	291	1125	1472	1.82e-37	144
PfSN01_000012700|DBLg|1|1|319	PC0085-C.g1511	27.652	264	140	11	1	242	53	287	4.17e-13	72.4
PfSN01_000012700|DBLg|1|1|319	PF0467-C.g190	90.312	320	29	2	1	319	1346	1664	0.0	565
PfSN01_000012700|DBLg|1|1|319	PF0467-C.g190	23.678	397	148	10	1	242	1824	2220	4.03e-21	96.7
PfSN01_000012700|DBLg|1|1|319	PF0467-C.g190	26.027	292	161	11	1	262	841	1107	2.58e-15	79.3
PfSN01_000012700|DBLg|1|1|319	PF0467-C.g190	24.000	275	166	9	2	245	133	395	2.19e-09	61.2
PfSN01_000012700|DBLg|1|1|319	PFKE07.g1043	73.636	330	73	3	1	319	1366	1692	1.94e-158	491
PfSN01_000012700|DBLg|1|1|319	PFKE07.g1043	30.961	281	89	9	25	200	1940	2220	1.28e-28	118
PfSN01_000012700|DBLg|1|1|319	PFKE07.g1043	23.934	305	170	12	1	277	861	1131	9.45e-11	65.5
PfSN01_000012700|DBLd|1|421|951	PF0692-C.g537	50.631	555	178	16	15	531	930	1426	5.52e-150	473
PfSN01_000012700|DBLd|1|421|951	PF0692-C.g537	22.812	377	221	11	182	531	182	515	8.77e-12	70.5
PfSN01_000012700|DBLd|1|421|951	PD0519-C.g522	52.974	538	196	14	1	531	1599	2086	4.52e-148	472
PfSN01_000012700|DBLd|1|421|951	PD0519-C.g522	24.221	417	152	13	48	459	795	1052	1.18e-18	92.4
PfSN01_000012700|DBLd|1|421|951	PD0519-C.g522	35.542	166	98	4	370	531	303	463	2.65e-17	88.2
PfSN01_000012700|DBLd|1|421|951	PD0481-C.g375	52.974	538	196	14	1	531	1599	2086	4.52e-148	472
PfSN01_000012700|DBLd|1|421|951	PD0481-C.g375	24.221	417	152	13	48	459	795	1052	1.18e-18	92.4
PfSN01_000012700|DBLd|1|421|951	PD0481-C.g375	35.542	166	98	4	370	531	303	463	2.65e-17	88.2
PfSN01_000012700|DBLd|1|421|951	PD0473-C.g426	52.974	538	196	14	1	531	1599	2086	4.58e-148	472
PfSN01_000012700|DBLd|1|421|951	PD0473-C.g426	24.221	417	152	13	48	459	795	1052	1.10e-18	92.8
PfSN01_000012700|DBLd|1|421|951	PD0473-C.g426	35.542	166	98	4	370	531	303	463	2.49e-17	88.6
PfSN01_000012700|DBLd|1|421|951	PV0116-C.g87	52.347	554	209	21	1	531	820	1341	4.72e-148	466
PfSN01_000012700|DBLd|1|421|951	PV0116-C.g87	26.195	481	169	17	1	474	250	551	4.26e-28	122
PfSN01_000012700|CIDRb|1|952|1203	PF0152-C.g479	91.700	253	20	1	1	252	1498	1750	6.77e-151	464
PfSN01_000012700|CIDRb|1|952|1203	PF0692-C.g537	93.469	245	16	0	1	245	1427	1671	1.01e-150	462
PfSN01_000012700|CIDRb|1|952|1203	PD0569-C.g804	69.841	252	69	3	1	245	1315	1566	3.65e-105	335
PfSN01_000012700|CIDRb|1|952|1203	PD0550-C.g652	69.841	252	69	3	1	245	1315	1566	3.65e-105	335
PfSN01_000012700|CIDRb|1|952|1203	PD0549-C.g687	69.841	252	69	3	1	245	1315	1566	3.65e-105	335
PfSN01_000012700|ATS|1|1288|1712	PV0239-C.g11	84.884	430	57	4	1	425	3329	3755	0.0	733
PfSN01_000012700|ATS|1|1288|1712	PV0286-C.g2	82.670	427	71	2	2	425	2996	3422	0.0	716
PfSN01_000012700|ATS|1|1288|1712	PV0285-C.g1	82.670	427	71	2	2	425	2996	3422	0.0	716
PfSN01_000012700|ATS|1|1288|1712	PA0262-C.g127	80.134	448	66	3	1	425	2860	3307	0.0	716
PfSN01_000012700|ATS|1|1288|1712	PV0099-C.g17	81.499	427	77	1	1	425	2971	3397	0.0	716
PfSN01_000015500|NTS|1|1|64	SenT084.10.g2097	100.000	64	0	0	1	64	1	64	3.64e-39	137
PfSN01_000015500|NTS|1|1|64	PT0042-C.g402	100.000	59	0	0	6	64	10	68	8.31e-36	128
PfSN01_000015500|NTS|1|1|64	PA0044-C.g567	100.000	58	0	0	7	64	10	67	1.03e-34	125
PfSN01_000015500|NTS|1|1|64	PA0041-C.g510	76.271	59	14	0	6	64	7	65	1.67e-25	99.0
PfSN01_000015500|NTS|1|1|64	PA0270-C.g372	67.647	68	18	1	1	64	1	68	3.96e-23	92.4
PfSN01_000015500|DBLa|1|65|496	SenT084.10.g2097	98.148	432	8	0	1	432	65	496	0.0	894
PfSN01_000015500|DBLa|1|65|496	SenT084.10.g2097	28.372	215	110	8	228	432	1214	1394	2.58e-10	65.1
PfSN01_000015500|DBLa|1|65|496	PA0044-C.g567	83.105	438	59	6	1	432	68	496	0.0	701
PfSN01_000015500|DBLa|1|65|496	PA0044-C.g567	22.302	278	147	8	117	337	1094	1359	1.99e-12	72.0
PfSN01_000015500|DBLa|1|65|496	PV0229-C.g61	70.682	440	108	6	1	432	64	490	0.0	614
PfSN01_000015500|DBLa|1|65|496	PV0229-C.g61	30.303	165	83	8	226	384	1239	1377	2.44e-09	62.0
PfSN01_000015500|DBLa|1|65|496	PV0128-C.g63	70.682	440	108	6	1	432	64	490	0.0	614
PfSN01_000015500|DBLa|1|65|496	PV0128-C.g63	30.303	165	83	8	226	384	1239	1377	2.41e-09	62.0
PfSN01_000015500|DBLa|1|65|496	PT0042-C.g402	67.849	451	120	9	1	432	69	513	0.0	591
PfSN01_000015500|CIDRa|1|497|787	SenT084.10.g2097	100.000	291	0	0	1	291	497	787	0.0	597
PfSN01_000015500|CIDRa|1|497|787	SenT084.10.g2097	32.500	120	69	5	92	210	1474	1582	4.71e-08	56.6
PfSN01_000015500|CIDRa|1|497|787	PH0341-C.g628	88.660	291	29	1	1	291	113	399	2.55e-171	511
PfSN01_000015500|CIDRa|1|497|787	PH0341-C.g628	33.333	87	56	2	121	207	1055	1139	1.68e-07	54.7
PfSN01_000015500|CIDRa|1|497|787	PV0285-C.g69	88.660	291	29	1	1	291	509	795	2.06e-168	512
PfSN01_000015500|CIDRa|1|497|787	PV0285-C.g69	32.039	103	66	4	121	222	1439	1538	3.51e-07	53.9
PfSN01_000015500|CIDRa|1|497|787	PC0053-C.g576	86.254	291	35	2	1	291	506	791	2.08e-161	488
PfSN01_000015500|CIDRa|1|497|787	PA0180-C.g584	80.412	291	52	2	1	291	509	794	2.90e-150	462
PfSN01_000015500|DBLd|1|871|1363	PF0058-C.g516	97.972	493	9	1	1	493	815	1306	0.0	996
PfSN01_000015500|DBLd|1|871|1363	PF0058-C.g516	29.066	289	129	10	231	493	237	475	2.23e-14	78.6
PfSN01_000015500|DBLd|1|871|1363	QG0295-C.g3526	57.034	526	167	10	1	493	482	981	2.99e-176	533
PfSN01_000015500|DBLd|1|871|1363	SenT044.10.g1116	57.985	526	162	10	1	493	786	1285	1.49e-173	533
PfSN01_000015500|DBLd|1|871|1363	SenT044.10.g1116	30.876	217	109	7	316	493	205	419	5.59e-18	90.1
PfSN01_000015500|DBLd|1|871|1363	QG0291-C.g1764	58.546	509	144	18	1	493	169	626	6.75e-162	507
PfSN01_000015500|DBLd|1|871|1363	SenT119.09.g126	56.164	511	173	14	1	493	284	761	1.40e-157	485
PfSN01_000015500|DBLd|1|871|1363	SenT119.09.g126	30.625	320	115	9	104	423	1	213	1.65e-28	122
PfSN01_000015500|CIDRg|1|1364|1614	PF0058-C.g516	100.000	251	0	0	1	251	1307	1557	9.90e-170	516
PfSN01_000015500|CIDRg|1|1364|1614	PF0058-C.g516	24.405	168	121	5	25	189	507	671	3.67e-08	56.2
PfSN01_000015500|CIDRg|1|1364|1614	PM0100-C.g1136	99.602	251	1	0	1	251	1810	2060	4.46e-169	516
PfSN01_000015500|CIDRg|1|1364|1614	PD0532-C.g752	96.813	251	8	0	1	251	146	396	8.29e-169	501
PfSN01_000015500|CIDRg|1|1364|1614	PA0254-C.g87	100.000	251	0	0	1	251	1656	1906	2.29e-168	517
PfSN01_000015500|CIDRg|1|1364|1614	PA0254-C.g87	24.737	190	132	5	24	205	513	699	8.45e-12	67.0
PfSN01_000015500|CIDRg|1|1364|1614	PF0692-C.g95	99.602	251	1	0	1	251	1776	2026	7.90e-168	516
PfSN01_000015500|DBLz|1|1655|2070	PC0071-C.g609	91.885	419	31	1	1	416	1573	1991	0.0	748
PfSN01_000015500|DBLz|1|1655|2070	PC0071-C.g609	28.022	364	205	13	71	387	11	364	2.37e-24	108
PfSN01_000015500|DBLz|1|1655|2070	PC0071-C.g609	28.475	295	166	11	79	370	2034	2286	4.34e-20	95.5
PfSN01_000015500|DBLz|1|1655|2070	SenT124.10.g804	81.733	427	66	4	1	416	656	1081	0.0	693
PfSN01_000015500|DBLz|1|1655|2070	SenT124.10.g804	28.774	212	109	8	89	296	1133	1306	5.95e-14	76.6
PfSN01_000015500|DBLz|1|1655|2070	PM0041-C.g1240	77.986	427	82	4	1	416	638	1063	0.0	663
PfSN01_000015500|DBLz|1|1655|2070	PM0041-C.g1240	26.510	298	164	12	89	380	1115	1363	3.80e-16	83.2
PfSN01_000015500|DBLz|1|1655|2070	QG0274-C.g68	74.171	422	103	2	1	416	752	1173	0.0	642
PfSN01_000015500|DBLz|1|1655|2070	QG0274-C.g68	24.111	253	163	6	189	416	190	438	3.06e-10	64.7
PfSN01_000015500|DBLz|1|1655|2070	PF0288-C.g271	77.962	422	87	3	1	416	1701	2122	0.0	639
PfSN01_000015500|DBLz|1|1655|2070	PF0288-C.g271	31.818	286	162	7	94	353	116	394	3.24e-35	140
PfSN01_000015500|DBLz|1|1655|2070	PF0288-C.g271	25.694	288	164	10	79	358	2162	2407	1.92e-18	90.5
PfSN01_000015500|DBLz|1|1655|2070	PF0288-C.g271	21.053	342	197	13	140	416	1067	1400	2.70e-08	58.9
PfSN01_000015500|DBLe|1|2075|2399	PC0071-C.g609	84.013	319	51	0	1	319	1996	2314	0.0	566
PfSN01_000015500|DBLe|1|2075|2399	PC0071-C.g609	28.990	307	172	11	39	303	1654	1956	4.94e-19	90.5
PfSN01_000015500|DBLe|1|2075|2399	PC0071-C.g609	26.562	320	168	13	53	314	32	342	9.49e-15	77.8
PfSN01_000015500|DBLe|1|2075|2399	PA0140-C.g893	79.624	319	63	1	1	319	2524	2840	1.38e-171	530
PfSN01_000015500|DBLe|1|2075|2399	PA0140-C.g893	29.434	265	129	11	54	272	914	1166	5.40e-18	87.4
PfSN01_000015500|DBLe|1|2075|2399	PA0140-C.g893	26.855	283	139	10	53	268	118	399	5.73e-15	78.2
PfSN01_000015500|DBLe|1|2075|2399	PA0140-C.g893	30.374	214	106	9	54	226	2186	2397	4.66e-14	75.5
PfSN01_000015500|DBLe|1|2075|2399	PD0648-C.g1487	74.540	326	79	3	1	325	1635	1957	7.60e-164	504
PfSN01_000015500|DBLe|1|2075|2399	PD0648-C.g1487	28.000	275	155	8	49	285	842	1111	9.12e-23	101
PfSN01_000015500|DBLe|1|2075|2399	PD0648-C.g1487	27.362	307	151	10	40	278	99	401	1.94e-17	85.9
PfSN01_000015500|DBLe|1|2075|2399	PD0648-C.g1487	27.667	300	155	15	24	274	1273	1559	7.42e-15	77.8
PfSN01_000015500|DBLe|1|2075|2399	PD0590-C.g668	74.540	326	79	3	1	325	1635	1957	7.60e-164	504
PfSN01_000015500|DBLe|1|2075|2399	PD0590-C.g668	28.000	275	155	8	49	285	842	1111	9.12e-23	101
PfSN01_000015500|DBLe|1|2075|2399	PD0590-C.g668	27.362	307	151	10	40	278	99	401	1.94e-17	85.9
PfSN01_000015500|DBLe|1|2075|2399	PD0590-C.g668	27.667	300	155	15	24	274	1273	1559	7.42e-15	77.8
PfSN01_000015500|DBLe|1|2075|2399	PD0555-C.g600	74.540	326	79	3	1	325	1635	1957	7.60e-164	504
PfSN01_000015500|DBLe|1|2075|2399	PD0555-C.g600	28.000	275	155	8	49	285	842	1111	9.12e-23	101
PfSN01_000015500|DBLe|1|2075|2399	PD0555-C.g600	27.362	307	151	10	40	278	99	401	1.94e-17	85.9
PfSN01_000015500|DBLe|1|2075|2399	PD0555-C.g600	27.667	300	155	15	24	274	1273	1559	7.42e-15	77.8
PfSN01_000015500|ATS|1|2449|2915	PFKE09.g563	79.318	469	66	7	2	467	776	1216	0.0	721
PfSN01_000015500|ATS|1|2449|2915	PV0147-C.g7	77.778	468	72	8	2	467	1762	2199	0.0	710
PfSN01_000015500|ATS|1|2449|2915	PA0245-C.g998	77.234	470	90	8	2	467	1707	2163	0.0	703
PfSN01_000015500|ATS|1|2449|2915	PV0028-C.g50	78.769	471	79	10	2	467	2601	3055	0.0	698
PfSN01_000015500|ATS|1|2449|2915	PT0219-C.g578	73.307	502	78	10	2	467	1737	2218	0.0	688
PfSN01_000016000|NTS|1|1|64	PA0161-C.g583	100.000	64	0	0	1	64	1	64	2.09e-37	132
PfSN01_000016000|NTS|1|1|64	PA0263-C.g1277	91.803	61	5	0	1	61	1	61	3.28e-30	112
PfSN01_000016000|NTS|1|1|64	SenT143.09.g908	83.871	62	8	2	1	61	1	61	1.26e-25	99.4
PfSN01_000016000|NTS|1|1|64	SenT232.08.g193	75.000	64	16	0	1	64	1	64	6.47e-24	94.7
PfSN01_000016000|NTS|1|1|64	SenT084.10.g2004	72.308	65	17	1	1	64	1	65	2.90e-23	92.8
PfSN01_000016000|DBLa|1|65|528	SenT084.10.g2004	99.784	464	1	0	1	464	66	529	0.0	966
PfSN01_000016000|DBLa|1|65|528	SenT084.10.g2004	21.951	410	229	14	95	464	1098	1456	1.94e-09	62.8
PfSN01_000016000|DBLa|1|65|528	PA0161-C.g583	81.585	467	62	4	1	464	65	510	0.0	748
PfSN01_000016000|DBLa|1|65|528	PA0161-C.g583	27.419	248	116	7	194	403	1143	1364	6.43e-14	77.0
PfSN01_000016000|DBLa|1|65|528	QG0280-C.g898	76.875	480	84	6	1	464	66	534	0.0	705
PfSN01_000016000|DBLa|1|65|528	QG0280-C.g898	29.032	186	108	6	248	430	1258	1422	7.61e-11	67.0
PfSN01_000016000|DBLa|1|65|528	PF0449-C.g2	74.786	468	101	6	1	464	60	514	0.0	674
PfSN01_000016000|DBLa|1|65|528	PF0449-C.g2	26.316	171	108	5	193	351	1152	1316	1.07e-08	60.5
PfSN01_000016000|DBLa|1|65|528	PT0158-C.g856	66.598	485	123	13	1	464	66	532	0.0	586
PfSN01_000016000|DBLa|1|65|528	PT0158-C.g856	24.903	257	146	10	109	337	1101	1338	2.73e-09	62.4
PfSN01_000016000|CIDRa|1|529|825	SenT084.10.g2004	99.663	297	1	0	1	297	530	826	0.0	608
PfSN01_000016000|CIDRa|1|529|825	QG0194-C.g153	69.836	305	68	6	1	291	94	388	1.72e-132	403
PfSN01_000016000|CIDRa|1|529|825	PA0232-C.g57	67.089	316	76	5	1	297	513	819	2.48e-131	404
PfSN01_000016000|CIDRa|1|529|825	PC0071-C.g301	64.095	337	77	5	1	296	498	831	6.60e-130	407
PfSN01_000016000|CIDRa|1|529|825	QG0247-C.g3120	64.263	319	79	7	1	295	509	816	1.94e-126	398
PfSN01_000016000|DBLd|1|892|1409	PT0256-C.g637	56.147	545	166	18	1	518	843	1341	4.46e-173	533
PfSN01_000016000|DBLd|1|892|1409	PT0256-C.g637	29.064	203	115	5	344	518	295	496	4.31e-09	62.0
PfSN01_000016000|DBLd|1|892|1409	PM0018-C.g666	53.357	566	208	19	1	518	652	1209	5.78e-161	498
PfSN01_000016000|DBLd|1|892|1409	PM0018-C.g666	24.110	365	160	10	71	431	295	546	1.73e-22	104
PfSN01_000016000|DBLd|1|892|1409	PA0188-C.g208	53.297	546	188	20	1	518	1338	1844	4.78e-155	490
PfSN01_000016000|DBLd|1|892|1409	PA0188-C.g208	25.463	216	113	6	349	518	310	523	2.48e-10	65.9
PfSN01_000016000|DBLd|1|892|1409	PD0532-C.g410	51.203	582	214	21	1	518	1632	2207	5.50e-155	491
PfSN01_000016000|DBLd|1|892|1409	PD0532-C.g410	25.167	449	183	13	1	447	1225	1522	1.43e-27	120
PfSN01_000016000|DBLd|1|892|1409	PD0532-C.g410	33.523	176	106	5	353	518	294	468	6.69e-17	87.0
PfSN01_000016000|DBLd|1|892|1409	PA0232-C.g676	51.394	574	198	19	1	518	897	1445	3.75e-154	484
PfSN01_000016000|DBLd|1|892|1409	PA0232-C.g676	28.155	206	106	6	353	518	309	512	9.56e-13	73.6
PfSN01_000016000|CIDRg|1|1410|1672	PT0256-C.g637	98.859	263	3	0	1	263	1342	1604	9.35e-179	537
PfSN01_000016000|CIDRg|1|1410|1672	PFKE09.g321	76.426	263	61	1	1	263	1418	1679	3.33e-134	418
PfSN01_000016000|CIDRg|1|1410|1672	PF0816-C.g871	77.239	268	53	3	1	263	1388	1652	1.67e-132	413
PfSN01_000016000|CIDRg|1|1410|1672	SenT058.11.g918	68.182	264	78	4	1	259	812	1074	4.94e-116	361
PfSN01_000016000|CIDRg|1|1410|1672	PM0097-C.g773	69.004	271	68	7	1	263	1399	1661	1.79e-111	354
PfSN01_000016000|ATS|1|1781|2245	PV0028-C.g31	84.335	466	62	5	1	465	1737	2192	0.0	788
PfSN01_000016000|ATS|1|1781|2245	PD0549-C.g516	83.476	466	58	5	1	465	2187	2634	0.0	764
PfSN01_000016000|ATS|1|1781|2245	PD0511-C.g583	83.476	466	58	5	1	465	2187	2634	0.0	764
PfSN01_000016000|ATS|1|1781|2245	PT0219-C.g578	77.049	488	84	7	1	465	1736	2218	0.0	705
PfSN01_000016000|ATS|1|1781|2245	PFKE09.g563	77.987	477	58	6	1	465	775	1216	0.0	695
PfSN01_000017100|NTS|1|1|58	PF0513-C.g4727	81.034	58	11	0	1	58	1	58	4.49e-25	97.4
PfSN01_000017100|NTS|1|1|58	PfKE02.g291	79.032	62	9	1	1	58	1	62	4.68e-25	97.4
PfSN01_000017100|NTS|1|1|58	PT0253-Cx.g281	79.310	58	12	0	1	58	1	58	9.07e-25	96.7
PfSN01_000017100|NTS|1|1|58	PA0008-C.g638	76.190	63	10	1	1	58	1	63	1.56e-24	95.9
PfSN01_000017100|NTS|1|1|58	PA0221-C.g365	81.356	59	10	1	1	58	1	59	1.63e-24	95.9
PfSN01_000017100|DBLa|1|64|486	PT0299-Cx.g1430	74.769	432	88	8	1	423	68	487	0.0	589
PfSN01_000017100|DBLa|1|64|486	PT0299-Cx.g1430	26.744	344	180	14	21	332	1682	1985	1.31e-16	85.1
PfSN01_000017100|DBLa|1|64|486	PT0299-Cx.g1430	25.697	323	163	11	139	423	1055	1338	1.82e-11	68.9
PfSN01_000017100|DBLa|1|64|486	PM0097-C.g379	68.349	436	116	6	1	423	65	491	0.0	572
PfSN01_000017100|DBLa|1|64|486	PM0097-C.g379	28.135	327	155	10	153	423	1394	1696	5.88e-21	98.2
PfSN01_000017100|DBLa|1|64|486	PM0097-C.g379	24.458	323	181	10	37	338	822	1102	6.62e-10	63.9
PfSN01_000017100|DBLa|1|64|486	PM0103-C.g607	68.966	435	110	8	1	423	65	486	0.0	569
PfSN01_000017100|DBLa|1|64|486	PM0103-C.g607	29.455	275	142	12	183	423	1139	1395	5.15e-17	86.3
PfSN01_000017100|DBLa|1|64|486	QG0201-C.g687	63.908	435	145	4	1	423	65	499	0.0	556
PfSN01_000017100|DBLa|1|64|486	QG0201-C.g687	36.082	97	60	1	230	324	1221	1317	2.90e-10	65.1
PfSN01_000017100|DBLa|1|64|486	PT0066-C.g761	63.908	435	145	4	1	423	65	499	0.0	556
PfSN01_000017100|DBLa|1|64|486	PT0066-C.g761	34.021	97	62	1	230	324	1222	1318	1.77e-09	62.4
PfSN01_000017100|CIDRa|1|487|737	PA0201-C.g758	91.165	249	22	0	1	249	475	723	6.91e-150	458
PfSN01_000017100|CIDRa|1|487|737	PA0046-C.g420	84.064	251	40	0	1	251	482	732	5.51e-142	437
PfSN01_000017100|CIDRa|1|487|737	PA0034-C.g374	84.064	251	40	0	1	251	482	732	5.51e-142	437
PfSN01_000017100|CIDRa|1|487|737	SenT105.07.g284	81.275	251	47	0	1	251	475	725	5.55e-139	430
PfSN01_000017100|CIDRa|1|487|737	SenT150.09.g383	81.275	251	47	0	1	251	475	725	5.96e-139	430
PfSN01_000017100|DBLd|1|806|1309	PC0005-Cx.g620	50.568	528	196	14	1	504	856	1342	1.00e-144	456
PfSN01_000017100|DBLd|1|806|1309	PC0005-Cx.g620	30.980	255	132	10	278	504	250	488	9.15e-18	89.4
PfSN01_000017100|DBLd|1|806|1309	PT0021-CW.g466	45.660	530	213	11	1	504	131	611	1.24e-136	422
PfSN01_000017100|DBLd|1|806|1309	PD0524-C.g410	49.630	540	182	18	1	504	1858	2343	2.45e-134	431
PfSN01_000017100|DBLd|1|806|1309	PD0524-C.g410	30.897	301	145	10	136	432	1357	1598	3.38e-32	134
PfSN01_000017100|DBLd|1|806|1309	PD0524-C.g410	28.163	245	137	10	209	441	242	459	1.29e-14	79.7
PfSN01_000017100|DBLd|1|806|1309	SenT151.08.g128	46.630	549	230	19	1	504	864	1394	6.20e-134	429
PfSN01_000017100|DBLd|1|806|1309	SenT151.08.g128	29.258	229	126	10	233	441	188	400	1.74e-11	69.7
PfSN01_000017100|DBLd|1|806|1309	PF0489-C.g519	47.445	548	208	16	1	504	876	1387	6.60e-134	427
PfSN01_000017100|DBLd|1|806|1309	PF0489-C.g519	29.299	157	98	3	278	432	259	404	1.72e-15	82.4
PfSN01_000017100|CIDRb|1|1310|1563	QG0236-C.g2329	78.632	234	48	1	21	254	2376	2607	8.07e-119	375
PfSN01_000017100|CIDRb|1|1310|1563	PM0117-C.g815	74.899	247	52	2	16	254	2975	3219	1.94e-115	365
PfSN01_000017100|CIDRb|1|1310|1563	PA0104-C.g300	74.000	250	58	6	5	252	2667	2911	8.91e-111	352
PfSN01_000017100|CIDRb|1|1310|1563	PM0108-C.g203	74.000	250	58	6	5	252	2427	2671	1.13e-110	352
PfSN01_000017100|CIDRb|1|1310|1563	PA0084-C.g133	74.000	250	58	6	5	252	2612	2856	1.16e-110	352
PfSN01_000017100|ATS|1|1677|2111	PFKE09.g563	83.408	446	59	6	1	435	775	1216	0.0	713
PfSN01_000017100|ATS|1|1677|2111	PV0028-C.g50	81.878	458	54	7	4	435	2601	3055	0.0	712
PfSN01_000017100|ATS|1|1677|2111	PC0122-C.g100	86.635	419	53	3	1	418	1987	2403	0.0	707
PfSN01_000017100|ATS|1|1677|2111	PFKE01.g19	82.353	442	68	6	1	435	1733	2171	0.0	694
PfSN01_000017100|ATS|1|1677|2111	PV0028-C.g43	80.682	440	77	7	1	435	1843	2279	0.0	692
PfSN01_000018200|NTS|1|1|64	PA0079-C.g352	96.364	55	2	0	10	64	12	66	1.38e-26	102
PfSN01_000018200|NTS|1|1|64	PA0144-C.g813	96.364	55	2	0	10	64	12	66	2.65e-26	101
PfSN01_000018200|NTS|1|1|64	PA0104-C.g510	88.136	59	7	0	6	64	5	63	3.77e-25	98.2
PfSN01_000018200|NTS|1|1|64	PA0089-C.g375	75.000	64	15	1	1	64	1	63	1.17e-24	96.7
PfSN01_000018200|NTS|1|1|64	PM0019-C.g2077	90.909	55	5	0	10	64	15	69	2.35e-24	95.9
PfSN01_000018200|DBLa|1|65|479	PA0144-C.g813	81.250	416	76	2	1	415	67	481	0.0	699
PfSN01_000018200|DBLa|1|65|479	PA0144-C.g813	25.816	337	190	12	114	415	1010	1321	4.59e-17	86.3
PfSN01_000018200|DBLa|1|65|479	PA0079-C.g352	81.250	416	76	2	1	415	67	481	0.0	698
PfSN01_000018200|DBLa|1|65|479	PA0079-C.g352	24.383	324	179	12	130	415	1045	1340	3.11e-14	77.4
PfSN01_000018200|DBLa|1|65|479	SenT230.08.g478	79.759	415	74	5	1	415	75	479	0.0	681
PfSN01_000018200|DBLa|1|65|479	SenT230.08.g478	29.348	184	108	5	237	415	1109	1275	1.54e-14	78.2
PfSN01_000018200|DBLa|1|65|479	PA0165-C.g958	77.698	417	87	5	1	415	75	487	0.0	667
PfSN01_000018200|DBLa|1|65|479	PA0165-C.g958	24.528	212	147	4	214	415	1153	1361	3.65e-09	61.6
PfSN01_000018200|DBLa|1|65|479	PM0019-C.g2077	78.313	415	87	3	1	415	70	481	0.0	662
PfSN01_000018200|DBLa|1|65|479	PM0019-C.g2077	25.962	312	156	13	145	415	1018	1295	8.32e-14	76.3
PfSN01_000018200|CIDRa|1|480|723	QE0399-C.g677	91.393	244	21	0	1	244	488	731	1.00e-150	461
PfSN01_000018200|CIDRa|1|480|723	QE0438-C.g681	91.393	244	21	0	1	244	488	731	1.70e-149	461
PfSN01_000018200|CIDRa|1|480|723	PT0073-C.g29	90.574	244	23	0	1	244	64	307	8.40e-142	430
PfSN01_000018200|CIDRa|1|480|723	QG0243-C.g3334	90.574	244	23	0	1	244	476	719	8.54e-140	431
PfSN01_000018200|CIDRa|1|480|723	QE0460-C.g501	89.344	244	26	0	1	244	464	707	3.57e-134	419
PfSN01_000018200|DBLd|1|794|1342	PT0095-C.g16	53.888	553	209	12	1	549	339	849	1.60e-168	512
PfSN01_000018200|DBLd|1|794|1342	PM0115-C.g21	49.573	585	237	21	1	549	82	644	8.69e-152	463
PfSN01_000018200|DBLd|1|794|1342	PM0107-C.g550	49.573	585	237	21	1	549	82	644	8.69e-152	463
PfSN01_000018200|DBLd|1|794|1342	PH0542-C.g1488	51.318	569	177	20	1	549	867	1355	3.60e-151	476
PfSN01_000018200|DBLd|1|794|1342	PH0542-C.g1488	26.500	200	122	8	372	549	291	487	2.91e-08	59.3
PfSN01_000018200|DBLd|1|794|1342	QG0286-C.g4930	52.797	572	199	23	1	549	899	1422	1.42e-148	470
PfSN01_000018200|DBLd|1|794|1342	QG0286-C.g4930	22.807	399	204	16	197	549	180	520	4.21e-12	71.6
PfSN01_000018200|CIDRb|1|1343|1606	PT0095-C.g16	96.212	264	8	1	1	264	850	1111	3.87e-176	520
PfSN01_000018200|CIDRb|1|1343|1606	PF0609-C.g5812	73.047	256	61	5	1	250	1848	2101	1.51e-115	366
PfSN01_000018200|CIDRb|1|1343|1606	QG0202-C.g615	68.401	269	72	6	1	264	1338	1598	9.72e-110	349
PfSN01_000018200|CIDRb|1|1343|1606	QG0216-C.g1043	61.710	269	95	5	1	264	1346	1611	1.02e-96	312
PfSN01_000018200|CIDRb|1|1343|1606	PD0638-C.g160	59.259	270	98	6	1	264	863	1126	2.65e-96	308
PfSN01_000018200|ATS|1|1731|2207	PT0219-C.g578	79.878	492	75	9	1	477	1736	2218	0.0	743
PfSN01_000018200|ATS|1|1731|2207	PFKE09.g563	77.149	477	74	4	1	477	775	1216	0.0	718
PfSN01_000018200|ATS|1|1731|2207	PV0028-C.g31	75.464	485	82	9	1	477	1737	2192	0.0	705
PfSN01_000018200|ATS|1|1731|2207	PV0229-C.g26	76.556	482	89	9	1	477	1803	2265	0.0	676
PfSN01_000018200|ATS|1|1731|2207	PD0549-C.g516	74.059	478	93	9	1	477	2187	2634	0.0	669
PfSN01_000020700|NTS|1|1|64	PA0157-C.g517	68.627	51	16	0	1	51	1	51	4.86e-18	77.8
PfSN01_000020700|NTS|1|1|64	PF0119-C.g481	72.549	51	14	0	2	52	6	56	7.24e-18	77.4
PfSN01_000020700|NTS|1|1|64	SenT230.08.g225	72.549	51	14	0	2	52	6	56	7.39e-18	77.4
PfSN01_000020700|NTS|1|1|64	PA0008-C.g1017	60.317	63	25	0	1	63	1	63	1.53e-17	76.3
PfSN01_000020700|NTS|1|1|64	PM0058-C.g591	62.500	64	23	1	1	64	1	63	4.53e-17	75.1
PfSN01_000020700|DBLa|1|65|503	SenT190.09.g262	69.095	453	120	9	1	439	71	517	0.0	596
PfSN01_000020700|DBLa|1|65|503	SenT190.09.g262	38.614	101	59	2	246	344	1293	1392	1.10e-12	72.8
PfSN01_000020700|DBLa|1|65|503	QE0470-C.g170	69.930	429	115	7	15	439	71	489	0.0	583
PfSN01_000020700|DBLa|1|65|503	QE0470-C.g170	22.126	348	192	8	132	439	1036	1344	3.59e-12	71.2
PfSN01_000020700|DBLa|1|65|503	PA0262-C.g619	65.324	447	141	8	3	439	59	501	0.0	564
PfSN01_000020700|DBLa|1|65|503	PA0262-C.g619	22.887	284	141	8	121	344	1063	1328	1.51e-12	72.4
PfSN01_000020700|DBLa|1|65|503	PT0035-C.g498	65.132	456	126	11	1	439	70	509	0.0	559
PfSN01_000020700|DBLa|1|65|503	PT0035-C.g498	33.333	108	65	4	241	344	1213	1317	3.87e-08	58.5
PfSN01_000020700|DBLa|1|65|503	PF0513-C.g983	65.577	459	131	10	1	439	79	530	0.0	558
PfSN01_000020700|DBLa|1|65|503	PF0513-C.g983	25.359	209	124	5	160	344	1106	1306	1.30e-14	79.0
PfSN01_000020700|CIDRa|1|504|782	PA0057-C.g408	68.954	306	65	6	1	279	480	782	2.62e-126	396
PfSN01_000020700|CIDRa|1|504|782	PA0057-C.g408	31.395	86	58	1	89	173	1490	1575	3.02e-08	57.0
PfSN01_000020700|CIDRa|1|504|782	PF0725-C.g594	69.395	281	74	6	1	275	509	783	1.20e-122	386
PfSN01_000020700|CIDRa|1|504|782	PA0134-C.g1015	68.070	285	72	5	1	278	498	770	9.29e-122	384
PfSN01_000020700|CIDRa|1|504|782	QG0187-C.g626	67.742	279	63	5	1	272	503	761	9.16e-120	378
PfSN01_000020700|CIDRa|1|504|782	QG0187-C.g626	25.210	119	85	2	69	185	1398	1514	4.22e-07	53.5
PfSN01_000020700|CIDRa|1|504|782	QG0275-C.g763	67.742	279	63	5	1	272	508	766	9.47e-120	378
PfSN01_000020700|CIDRa|1|504|782	QG0275-C.g763	25.210	119	85	2	69	185	1403	1519	4.50e-07	53.5
PfSN01_000020700|DBLd|1|876|1336	PA0068-C.g576	62.840	514	132	14	1	461	909	1416	0.0	596
PfSN01_000020700|DBLd|1|876|1336	PA0068-C.g576	28.389	391	177	14	1	387	511	802	4.94e-38	150
PfSN01_000020700|DBLd|1|876|1336	PA0050-C.g177	62.840	514	132	14	1	461	1696	2203	0.0	595
PfSN01_000020700|DBLd|1|876|1336	PA0050-C.g177	28.389	391	177	14	1	387	1298	1589	3.94e-38	150
PfSN01_000020700|DBLd|1|876|1336	PA0050-C.g177	25.820	244	139	5	158	390	197	409	4.08e-14	77.8
PfSN01_000020700|DBLd|1|876|1336	PA0094-C.g143	62.840	514	132	14	1	461	1696	2203	0.0	595
PfSN01_000020700|DBLd|1|876|1336	PA0094-C.g143	28.389	391	177	14	1	387	1298	1589	4.93e-38	150
PfSN01_000020700|DBLd|1|876|1336	PA0094-C.g143	25.820	244	139	5	158	390	197	409	4.39e-14	77.4
PfSN01_000020700|DBLd|1|876|1336	QG0276-C.g240	56.597	523	153	12	1	461	1209	1719	8.61e-168	525
PfSN01_000020700|DBLd|1|876|1336	QG0276-C.g240	29.474	190	105	6	294	461	297	479	4.56e-07	55.1
PfSN01_000020700|DBLd|1|876|1336	PH0549-C.g13	56.175	502	168	16	1	461	836	1326	4.83e-165	504
PfSN01_000020700|DBLd|1|876|1336	PH0549-C.g13	26.403	303	169	12	183	461	215	487	4.82e-11	67.8
PfSN01_000020700|CIDRg|1|1337|1607	PA0068-C.g576	98.524	271	4	0	1	271	1417	1687	0.0	558
PfSN01_000020700|CIDRg|1|1337|1607	PA0050-C.g177	98.524	271	4	0	1	271	2204	2474	0.0	555
PfSN01_000020700|CIDRg|1|1337|1607	QG0218-C.g6467	79.554	269	48	3	1	262	2240	2508	8.24e-139	433
PfSN01_000020700|CIDRg|1|1337|1607	PT0063-C.g647	78.700	277	45	4	1	270	1404	1673	9.54e-139	433
PfSN01_000020700|CIDRg|1|1337|1607	PA0008-C.g84	72.963	270	70	2	1	269	1300	1567	3.20e-126	395
PfSN01_000020700|ATS|1|1700|2167	PT0170-C.g672	79.339	484	58	8	1	468	1768	2225	0.0	731
PfSN01_000020700|ATS|1|1700|2167	PV0028-C.g50	81.799	467	71	5	4	468	2601	3055	0.0	726
PfSN01_000020700|ATS|1|1700|2167	PV0028-C.g43	76.008	471	76	6	1	468	1843	2279	0.0	698
PfSN01_000020700|ATS|1|1700|2167	PT0034-C.g724	74.125	514	79	10	1	468	2851	3356	0.0	689
PfSN01_000020700|ATS|1|1700|2167	PFKE09.g563	78.298	470	72	8	1	468	775	1216	0.0	682
PfSN01_000020900|NTS|1|1|71	PA0203-C.g614	100.000	71	0	0	1	71	1	71	6.16e-43	149
PfSN01_000020900|NTS|1|1|71	PH0589-C.g564	100.000	71	0	0	1	71	1	71	6.28e-43	149
PfSN01_000020900|NTS|1|1|71	PH0367-C.g94	100.000	71	0	0	1	71	1	71	6.72e-43	149
PfSN01_000020900|NTS|1|1|71	PC0097-C.g73	100.000	71	0	0	1	71	1	71	6.72e-43	149
PfSN01_000020900|NTS|1|1|71	PH0349-C.g30	100.000	71	0	0	1	71	1	71	6.85e-43	149
PfSN01_000020900|DBLa|1|72|465	PT0042-C.g2	93.401	394	26	0	1	394	71	464	0.0	771
PfSN01_000020900|DBLa|1|72|465	PT0042-C.g2	33.632	223	89	8	58	239	840	1044	3.91e-23	103
PfSN01_000020900|DBLa|1|72|465	PM0054-C.g1179	90.863	394	36	0	1	394	71	464	0.0	753
PfSN01_000020900|DBLa|1|72|465	PM0054-C.g1179	32.215	298	129	9	58	314	840	1105	5.81e-33	133
PfSN01_000020900|DBLa|1|72|465	PM0054-C.g1179	26.168	214	119	7	117	316	1709	1897	3.83e-11	67.8
PfSN01_000020900|DBLa|1|72|465	PM0054-C.g1179	24.460	278	155	10	55	313	1248	1489	2.17e-10	65.1
PfSN01_000020900|DBLa|1|72|465	PM0054-C.g1179	23.874	222	129	7	141	325	2408	2626	5.52e-10	63.9
PfSN01_000020900|DBLa|1|72|465	PA0193-C.g616	89.594	394	40	1	1	394	71	463	0.0	743
PfSN01_000020900|DBLa|1|72|465	PA0193-C.g616	33.746	323	164	12	56	356	2935	3229	5.91e-38	148
PfSN01_000020900|DBLa|1|72|465	PA0193-C.g616	30.897	301	172	8	117	394	2284	2571	6.24e-29	121
PfSN01_000020900|DBLa|1|72|465	PA0193-C.g616	32.082	293	139	11	58	315	837	1104	7.56e-28	118
PfSN01_000020900|DBLa|1|72|465	PA0193-C.g616	26.697	221	121	8	55	251	1242	1445	1.95e-11	68.6
PfSN01_000020900|DBLa|1|72|465	PA0193-C.g616	22.772	303	166	11	46	317	1627	1892	8.01e-07	53.9
PfSN01_000020900|DBLa|1|72|465	PT0109-C.g893	88.325	394	46	0	1	394	72	465	0.0	735
PfSN01_000020900|DBLa|1|72|465	PT0109-C.g893	30.769	299	132	9	58	314	841	1106	6.42e-30	124
PfSN01_000020900|DBLa|1|72|465	PT0109-C.g893	24.199	281	174	7	55	325	1249	1500	1.06e-15	81.6
PfSN01_000020900|DBLa|1|72|465	PT0109-C.g893	32.110	109	71	1	225	330	2548	2656	1.27e-14	78.6
PfSN01_000020900|DBLa|1|72|465	PT0109-C.g893	25.589	297	160	14	44	320	1624	1879	5.04e-09	60.8
PfSN01_000020900|DBLa|1|72|465	PT0137-C.g141	88.579	394	45	0	1	394	72	465	0.0	735
PfSN01_000020900|DBLa|1|72|465	PT0137-C.g141	31.879	298	130	9	58	314	841	1106	4.00e-32	131
PfSN01_000020900|DBLa|1|72|465	PT0137-C.g141	24.460	278	155	10	55	313	1249	1490	2.33e-10	65.1
PfSN01_000020900|DBLa|1|72|465	PT0137-C.g141	24.775	222	127	8	141	325	2406	2624	4.17e-10	64.3
PfSN01_000020900|CIDRa|1|466|717	PM0073-C.g622	93.651	252	16	0	1	252	465	716	3.68e-159	490
PfSN01_000020900|CIDRa|1|466|717	PM0096-C.g686	93.651	252	16	0	1	252	325	576	4.17e-159	491
PfSN01_000020900|CIDRa|1|466|717	PA0102-C.g71	92.857	252	18	0	1	252	465	716	3.96e-156	482
PfSN01_000020900|CIDRa|1|466|717	PF0424-C.g808	90.079	252	25	0	1	252	417	668	6.56e-154	468
PfSN01_000020900|CIDRa|1|466|717	PT0042-C.g2	87.698	252	31	0	1	252	465	716	2.76e-153	455
PfSN01_000020900|DBLb|1|726|1199	PM0096-C.g686	100.000	474	0	0	1	474	585	1058	0.0	999
PfSN01_000020900|DBLb|1|726|1199	PM0096-C.g686	30.729	384	201	12	103	474	1098	1428	5.09e-41	159
PfSN01_000020900|DBLb|1|726|1199	PM0096-C.g686	34.211	228	95	8	144	352	9	200	3.30e-25	112
PfSN01_000020900|DBLb|1|726|1199	PM0096-C.g686	22.442	303	156	11	99	374	1471	1721	7.74e-09	60.8
PfSN01_000020900|DBLb|1|726|1199	PA0173-C.g230	100.000	474	0	0	1	474	730	1203	0.0	998
PfSN01_000020900|DBLb|1|726|1199	PA0173-C.g230	30.729	384	201	12	103	474	1243	1573	5.18e-41	159
PfSN01_000020900|DBLb|1|726|1199	PA0173-C.g230	31.720	372	183	16	8	352	17	344	1.24e-35	143
PfSN01_000020900|DBLb|1|726|1199	PA0173-C.g230	22.442	303	156	11	99	374	1616	1866	7.26e-09	60.8
PfSN01_000020900|DBLb|1|726|1199	PM0073-C.g622	100.000	474	0	0	1	474	725	1198	0.0	998
PfSN01_000020900|DBLb|1|726|1199	PM0073-C.g622	30.729	384	201	12	103	474	1238	1568	5.45e-41	159
PfSN01_000020900|DBLb|1|726|1199	PM0073-C.g622	29.867	375	189	15	4	352	14	340	1.29e-31	131
PfSN01_000020900|DBLb|1|726|1199	PM0073-C.g622	22.442	303	156	11	99	374	1611	1861	9.23e-09	60.5
PfSN01_000020900|DBLb|1|726|1199	PC0085-C.g995	99.789	474	1	0	1	474	46	519	0.0	998
PfSN01_000020900|DBLb|1|726|1199	PC0085-C.g995	30.729	384	201	12	103	474	559	889	7.79e-41	159
PfSN01_000020900|DBLb|1|726|1199	PC0085-C.g995	22.442	303	156	11	99	374	962	1212	1.82e-08	59.7
PfSN01_000020900|DBLb|1|726|1199	PA0102-C.g71	99.367	474	3	0	1	474	725	1198	0.0	991
PfSN01_000020900|DBLb|1|726|1199	PA0102-C.g71	29.534	386	205	13	103	474	1238	1570	2.58e-36	145
PfSN01_000020900|DBLb|1|726|1199	PA0102-C.g71	30.728	371	183	16	8	352	17	339	4.84e-30	127
PfSN01_000020900|DBLb|1|726|1199	PA0102-C.g71	22.442	303	156	11	99	374	1613	1863	1.48e-08	60.1
PfSN01_000020900|DBLg|1|1209|1569	PC0085-C.g995	100.000	361	0	0	1	361	529	889	0.0	764
PfSN01_000020900|DBLg|1|1209|1569	PC0085-C.g995	41.045	268	135	9	28	279	962	1222	4.36e-52	188
PfSN01_000020900|DBLg|1|1209|1569	PC0085-C.g995	30.729	384	201	12	31	361	148	519	1.90e-41	157
PfSN01_000020900|DBLg|1|1209|1569	PA0173-C.g230	100.000	361	0	0	1	361	1213	1573	0.0	763
PfSN01_000020900|DBLg|1|1209|1569	PA0173-C.g230	40.604	298	151	11	1	279	1586	1876	1.05e-56	201
PfSN01_000020900|DBLg|1|1209|1569	PA0173-C.g230	30.729	384	201	12	31	361	832	1203	2.88e-41	157
PfSN01_000020900|DBLg|1|1209|1569	PA0173-C.g230	25.948	343	153	10	65	310	2250	2588	7.37e-18	87.8
PfSN01_000020900|DBLg|1|1209|1569	PA0173-C.g230	23.282	262	152	8	41	265	125	374	3.15e-10	64.3
PfSN01_000020900|DBLg|1|1209|1569	PM0073-C.g622	100.000	361	0	0	1	361	1208	1568	0.0	763
PfSN01_000020900|DBLg|1|1209|1569	PM0073-C.g622	40.604	298	151	11	1	279	1581	1871	1.11e-56	201
PfSN01_000020900|DBLg|1|1209|1569	PM0073-C.g622	30.729	384	201	12	31	361	827	1198	2.58e-41	157
PfSN01_000020900|DBLg|1|1209|1569	PM0073-C.g622	26.293	232	94	6	65	219	2245	2476	3.56e-11	67.4
PfSN01_000020900|DBLg|1|1209|1569	PM0073-C.g622	24.125	257	151	8	41	265	126	370	8.83e-11	65.9
PfSN01_000020900|DBLg|1|1209|1569	PM0096-C.g686	100.000	361	0	0	1	361	1068	1428	0.0	762
PfSN01_000020900|DBLg|1|1209|1569	PM0096-C.g686	40.604	298	151	11	1	279	1441	1731	1.03e-56	201
PfSN01_000020900|DBLg|1|1209|1569	PM0096-C.g686	30.729	384	201	12	31	361	687	1058	2.84e-41	157
PfSN01_000020900|DBLg|1|1209|1569	PM0096-C.g686	25.948	343	153	10	65	310	2105	2443	7.97e-18	87.8
PfSN01_000020900|DBLg|1|1209|1569	PM0096-C.g686	24.084	191	116	5	104	265	40	230	4.54e-07	54.3
PfSN01_000020900|DBLg|1|1209|1569	PA0102-C.g71	97.796	363	6	1	1	361	1208	1570	0.0	745
PfSN01_000020900|DBLg|1|1209|1569	PA0102-C.g71	40.604	298	151	11	1	279	1583	1873	1.96e-56	201
PfSN01_000020900|DBLg|1|1209|1569	PA0102-C.g71	30.729	384	201	12	31	361	827	1198	1.46e-41	157
PfSN01_000020900|DBLg|1|1209|1569	PA0102-C.g71	27.221	349	151	11	35	281	2200	2547	2.75e-23	103
PfSN01_000020900|DBLg|1|1209|1569	PA0102-C.g71	22.981	322	201	10	41	328	125	433	1.18e-13	75.1
PfSN01_000020900|DBLg|2|1582|1938	PF0113-C.g361	92.582	364	20	2	1	357	891	1254	0.0	694
PfSN01_000020900|DBLg|2|1582|1938	PF0113-C.g361	40.678	295	148	11	1	283	510	789	8.81e-59	207
PfSN01_000020900|DBLg|2|1582|1938	PF0113-C.g361	25.737	373	157	10	69	321	1613	1985	1.50e-25	110
PfSN01_000020900|DBLg|2|1582|1938	PF0113-C.g361	25.342	292	153	12	31	273	125	400	1.56e-12	71.2
PfSN01_000020900|DBLg|2|1582|1938	PT0109-C.g893	92.582	364	20	2	1	357	1590	1953	0.0	692
PfSN01_000020900|DBLg|2|1582|1938	PT0109-C.g893	40.678	295	148	11	1	283	1209	1488	1.21e-58	207
PfSN01_000020900|DBLg|2|1582|1938	PT0109-C.g893	25.737	373	157	10	69	321	2312	2684	2.34e-25	110
PfSN01_000020900|DBLg|2|1582|1938	PT0109-C.g893	24.398	332	186	12	31	313	824	1139	2.35e-12	70.9
PfSN01_000020900|DBLg|2|1582|1938	PT0109-C.g893	25.743	303	160	14	35	294	115	395	5.07e-11	66.6
PfSN01_000020900|DBLg|2|1582|1938	QE0410-C.g483	86.034	358	49	1	1	357	1088	1445	0.0	647
PfSN01_000020900|DBLg|2|1582|1938	QE0410-C.g483	38.291	316	160	10	1	295	707	1008	1.86e-54	195
PfSN01_000020900|DBLg|2|1582|1938	QE0410-C.g483	23.095	420	187	10	37	320	2205	2624	1.30e-22	102
PfSN01_000020900|DBLg|2|1582|1938	QE0410-C.g483	24.691	324	198	11	31	322	311	620	6.64e-14	75.5
PfSN01_000020900|DBLg|2|1582|1938	QE0410-C.g483	26.820	261	153	11	47	285	1603	1847	8.71e-14	75.5
PfSN01_000020900|DBLg|2|1582|1938	PH0589-C.g564	86.034	358	49	1	1	357	1600	1957	0.0	647
PfSN01_000020900|DBLg|2|1582|1938	PH0589-C.g564	37.654	324	167	10	1	303	1219	1528	1.74e-54	195
PfSN01_000020900|DBLg|2|1582|1938	PH0589-C.g564	23.095	420	187	10	37	320	2717	3136	1.33e-22	102
PfSN01_000020900|DBLg|2|1582|1938	PH0589-C.g564	24.691	324	198	11	31	322	823	1132	6.90e-14	75.5
PfSN01_000020900|DBLg|2|1582|1938	PH0589-C.g564	26.820	261	153	11	47	285	2115	2359	1.01e-13	75.1
PfSN01_000020900|DBLg|2|1582|1938	PH0589-C.g564	24.688	320	184	14	35	316	115	415	3.66e-07	54.7
PfSN01_000020900|DBLg|2|1582|1938	PV0287-C.g7	86.034	358	49	1	1	357	1595	1952	0.0	646
PfSN01_000020900|DBLg|2|1582|1938	PV0287-C.g7	38.679	318	167	9	1	303	1219	1523	4.68e-56	199
PfSN01_000020900|DBLg|2|1582|1938	PV0287-C.g7	26.031	388	139	13	44	283	2704	3091	5.95e-27	114
PfSN01_000020900|DBLg|2|1582|1938	PV0287-C.g7	24.691	324	198	11	31	322	823	1132	7.83e-14	75.5
PfSN01_000020900|DBLg|2|1582|1938	PV0287-C.g7	27.027	259	158	11	47	285	2110	2357	4.80e-13	73.2
PfSN01_000020900|DBLg|2|1582|1938	PV0287-C.g7	24.149	323	182	13	35	314	115	417	1.33e-09	62.4
PfSN01_000020900|DBLg|3|2026|2381	PA0262-C.g127	98.876	356	4	0	1	356	827	1182	0.0	731
PfSN01_000020900|DBLg|3|2026|2381	PA0262-C.g127	40.230	348	171	14	1	328	2351	2681	2.57e-62	218
PfSN01_000020900|DBLg|3|2026|2381	PA0262-C.g127	39.286	308	128	11	42	294	1234	1537	5.08e-49	179
PfSN01_000020900|DBLg|3|2026|2381	PA0262-C.g127	26.246	301	151	10	41	294	126	402	1.57e-17	86.7
PfSN01_000020900|DBLg|3|2026|2381	PA0262-C.g127	23.276	348	202	12	1	320	1975	2285	2.58e-12	70.9
PfSN01_000020900|DBLg|3|2026|2381	PF0816-C.g262	95.225	356	17	0	1	356	839	1194	0.0	702
PfSN01_000020900|DBLg|3|2026|2381	PF0816-C.g262	37.425	334	158	11	1	288	1199	1527	2.13e-50	183
PfSN01_000020900|DBLg|3|2026|2381	PF0816-C.g262	27.044	318	169	13	1	287	1975	2260	7.64e-16	81.6
PfSN01_000020900|DBLg|3|2026|2381	PF0816-C.g262	24.742	291	158	12	40	293	125	391	4.08e-10	63.9
PfSN01_000020900|DBLg|3|2026|2381	PM0093-C.g1324	94.101	356	21	0	1	356	881	1236	0.0	695
PfSN01_000020900|DBLg|3|2026|2381	PM0093-C.g1324	39.655	348	173	13	1	328	2417	2747	2.99e-62	217
PfSN01_000020900|DBLg|3|2026|2381	PM0093-C.g1324	38.663	344	159	10	1	294	1241	1582	2.76e-56	200
PfSN01_000020900|DBLg|3|2026|2381	PM0093-C.g1324	25.850	294	149	11	41	294	126	390	2.13e-13	73.9
PfSN01_000020900|DBLg|3|2026|2381	PM0093-C.g1324	22.659	331	191	11	30	320	2046	2351	3.96e-11	67.0
PfSN01_000020900|DBLg|3|2026|2381	PT0008-CW.g59	78.889	360	64	3	1	356	926	1277	0.0	574
PfSN01_000020900|DBLg|3|2026|2381	PT0008-CW.g59	39.514	329	157	11	38	330	1323	1645	1.51e-55	198
PfSN01_000020900|DBLg|3|2026|2381	PT0008-CW.g59	26.647	334	178	14	40	329	128	438	5.21e-16	82.0
PfSN01_000020900|DBLg|3|2026|2381	PT0008-CW.g59	26.332	319	176	11	1	294	2050	2334	1.66e-12	71.2
PfSN01_000020900|DBLg|3|2026|2381	PM0062-C.g613	79.775	356	65	2	1	356	894	1242	1.12e-180	557
PfSN01_000020900|DBLg|3|2026|2381	PM0062-C.g613	40.625	352	153	11	18	335	2418	2747	2.26e-58	206
PfSN01_000020900|DBLg|3|2026|2381	PM0062-C.g613	36.391	338	173	10	1	301	1247	1579	3.09e-52	188
PfSN01_000020900|DBLg|3|2026|2381	PM0062-C.g613	25.464	377	204	14	31	354	114	466	1.48e-16	83.6
PfSN01_000020900|DBLg|3|2026|2381	PM0062-C.g613	25.691	362	188	14	1	320	2007	2329	3.15e-15	79.7
PfSN01_000020900|DBLd|1|2386|2786	PA0140-C.g808	98.010	402	7	1	1	401	423	824	0.0	811
PfSN01_000020900|DBLd|1|2386|2786	PA0140-C.g808	38.462	338	158	12	1	331	61	355	7.31e-54	194
PfSN01_000020900|DBLd|1|2386|2786	PF0152-C.g159	94.789	403	15	2	1	401	27	425	0.0	746
PfSN01_000020900|DBLd|1|2386|2786	PC0020-C.g2	85.075	402	58	2	1	401	402	802	0.0	672
PfSN01_000020900|DBLd|1|2386|2786	PC0020-C.g2	37.714	350	155	12	1	331	29	334	1.30e-54	197
PfSN01_000020900|DBLd|1|2386|2786	PC0020-C.g2	33.333	345	169	7	1	343	1557	1842	5.84e-43	163
PfSN01_000020900|DBLd|1|2386|2786	PT0008-CW.g71	84.577	402	60	2	1	401	1221	1621	0.0	670
PfSN01_000020900|DBLd|1|2386|2786	PT0008-CW.g71	32.964	361	194	9	1	344	837	1166	5.64e-46	172
PfSN01_000020900|DBLd|1|2386|2786	PT0008-CW.g71	30.063	316	179	9	114	401	174	475	1.11e-23	106
PfSN01_000020900|DBLd|1|2386|2786	QG0200-C.g118	80.446	404	75	2	1	401	1303	1705	0.0	638
PfSN01_000020900|DBLd|1|2386|2786	QG0200-C.g118	37.571	354	168	15	1	339	927	1242	3.26e-50	184
PfSN01_000020900|DBLd|1|2386|2786	QG0200-C.g118	28.718	390	200	10	48	401	129	476	2.05e-38	149
PfSN01_000020900|CIDRb|1|2787|3038	PF0152-C.g159	100.000	252	0	0	1	252	426	677	9.85e-175	518
PfSN01_000020900|CIDRb|1|2787|3038	PA0140-C.g808	100.000	252	0	0	1	252	825	1076	9.09e-172	518
PfSN01_000020900|CIDRb|1|2787|3038	PV0184-C.g5	84.524	252	38	1	1	251	589	840	1.51e-131	404
PfSN01_000020900|CIDRb|1|2787|3038	PT0017-CW.g14	84.127	252	39	1	1	251	702	953	2.50e-130	403
PfSN01_000020900|CIDRb|1|2787|3038	PH0305-C.g275	84.921	252	37	1	1	251	1585	1836	1.25e-129	406
PfSN01_000020900|CIDRb|1|2787|3038	PH0305-C.g275	36.842	247	150	4	5	247	470	714	2.36e-44	161
PfSN01_000020900|DBLb|2|3066|3536	PF0152-C.g159	100.000	471	0	0	1	471	705	1175	0.0	971
PfSN01_000020900|DBLb|2|3066|3536	PA0140-C.g808	99.788	471	1	0	1	471	1104	1574	0.0	969
PfSN01_000020900|DBLb|2|3066|3536	PA0140-C.g808	23.934	305	179	11	111	384	94	376	8.08e-10	63.9
PfSN01_000020900|DBLb|2|3066|3536	PfKE04.g6	97.458	472	11	1	1	471	1877	2348	0.0	946
PfSN01_000020900|DBLb|2|3066|3536	PfKE04.g6	30.077	389	197	17	52	391	50	412	1.79e-29	125
PfSN01_000020900|DBLb|2|3066|3536	PfKE04.g6	23.596	267	156	11	126	371	870	1109	2.24e-07	56.2
PfSN01_000020900|DBLb|2|3066|3536	PM0134-C.g579	96.195	473	16	1	1	471	1949	2421	0.0	931
PfSN01_000020900|DBLb|2|3066|3536	PM0134-C.g579	27.616	344	200	11	4	329	18	330	7.84e-27	117
PfSN01_000020900|DBLb|2|3066|3536	PM0134-C.g579	23.132	281	159	9	111	357	930	1187	1.09e-08	60.5
PfSN01_000020900|DBLb|2|3066|3536	PA0047-C.g530	77.149	477	100	4	1	471	1062	1535	0.0	727
PfSN01_000020900|DBLb|2|3066|3536	PA0047-C.g530	23.596	267	156	11	126	371	56	295	3.45e-07	55.5
PfSN01_000020900|ATS|1|3693|4120	QE0448-C.g49	87.850	428	51	1	1	428	2723	3149	0.0	766
PfSN01_000020900|ATS|1|3693|4120	PV0139-C.g51	86.215	428	59	0	1	428	2344	2771	0.0	766
PfSN01_000020900|ATS|1|3693|4120	PFKE01.g6	88.084	428	48	3	1	428	2709	3133	0.0	760
PfSN01_000020900|ATS|1|3693|4120	PfKE04.g1	85.280	428	62	1	1	428	3373	3799	0.0	746
PfSN01_000020900|ATS|1|3693|4120	PV0211-C.g29	84.346	428	66	1	1	428	2905	3331	0.0	743
