	Genome	Gene	Type	Cluster	Occupancy
0	3D7	PF3D7_0100400	RIFIN-A	PF3D7_0100400	5
1	3D7	PF3D7_0100600	RIFIN-B	PF3D7_0100600	3
2	3D7	PF3D7_0100800	RIFIN-A	PF3D7_0100800	2
3	3D7	PF3D7_0100900	RIFIN-A	PF3D7_0100900	2
4	3D7	PF3D7_0101000	RIFIN-A	PF3D7_0101000	2
5	3D7	PF3D7_0101600	RIFIN-A	PF3D7_0101600	3
6	3D7	PF3D7_0101900	RIFIN-B	PF3D7_0101900	2
7	3D7	PF3D7_0114700	RIFIN-B	PF3D7_0114700	16
8	3D7	PF3D7_0115200	RIFIN-A	PF3D7_0115200	6
9	3D7	PF3D7_0115300	RIFIN-B	PF3D7_0115300	2
10	3D7	PF3D7_0115600	RIFIN-A	PF3D7_0115600	2
11	3D7	PF3D7_0200200	RIFIN-A	PF3D7_0200200	4
12	3D7	PF3D7_0200500	RIFIN-A	PF3D7_0200500	2
13	3D7	PF3D7_0200600	RIFIN-A	PF3D7_0200600	2
14	3D7	PF3D7_0200700	RIFIN-A	PF3D7_0200700	4
15	3D7	PF3D7_0201000	RIFIN-B	PF3D7_0201000	3
16	3D7	PF3D7_0201200	RIFIN-A	PF3D7_0201200	10
17	3D7	PF3D7_0222500	RIFIN-B	PF3D7_0222500	2
18	3D7	PF3D7_0222600	RIFIN-A	PF3D7_0222600	2
19	3D7	PF3D7_0222700	RIFIN-B	PF3D7_0222700	2
20	3D7	PF3D7_0223100	RIFIN-A	PF3D7_0223100	4
21	3D7	PF3D7_0223200	RIFIN-B	PF3D7_0223200	2
22	3D7	PF3D7_0223400	RIFIN-A	PF3D7_0223400	7
23	3D7	PF3D7_0300200	RIFIN-A	PF3D7_0300200	2
24	3D7	PF3D7_0300500	RIFIN-B	PF3D7_0300500	2
25	3D7	PF3D7_0300700	RIFIN-A	PF3D7_0300700	8
26	3D7	PF3D7_0300800	RIFIN-A	PF3D7_0300800	11
27	3D7	PF3D7_0324400	RIFIN-A	PF3D7_0324400	2
28	3D7	PF3D7_0324500	RIFIN-B	PF3D7_0324500	3
29	3D7	PF3D7_0324800	RIFIN-A	PF3D7_0324800	2
30	3D7	PF3D7_0400300	RIFIN-A	PF3D7_0400300	2
31	3D7	PF3D7_0400500	RIFIN-A	PF3D7_0400500	2
32	3D7	PF3D7_0400700	RIFIN-A	PF3D7_0400700	4
33	3D7	PF3D7_0400900	RIFIN-A	PF3D7_0400900	2
34	3D7	PF3D7_0401000	RIFIN-B	PF3D7_0401000	2
35	3D7	PF3D7_0401200	RIFIN-A	PF3D7_0401200	2
36	3D7	PF3D7_0401300	RIFIN-A	PF3D7_0401300	2
37	3D7	PF3D7_0401400	RIFIN-A	PF3D7_0401400	2
38	3D7	PF3D7_0413200	RIFIN-A	PF3D7_0413200	10
39	3D7	PF3D7_0413300	RIFIN-A	PF3D7_0413300	10
40	3D7	PF3D7_0421200	RIFIN-B	PF3D7_0421200	2
41	3D7	PF3D7_0425700	RIFIN-A	PF3D7_0425700	5
42	3D7	PF3D7_0425900	RIFIN-A	PF3D7_0425900	6
43	3D7	PF3D7_0500400	RIFIN-A	PF3D7_0500400	6
44	3D7	PF3D7_0500500	RIFIN-B	PF3D7_0500500	12
45	3D7	PF3D7_0532900	RIFIN-B	PF3D7_0532900	15
46	3D7	PF3D7_0600300	RIFIN-A	PF3D7_0600300	4
47	3D7	PF3D7_0600500	RIFIN-A	PF3D7_0600500	2
48	3D7	PF3D7_0600700	RIFIN-A	PF3D7_0600700	2
49	3D7	PF3D7_0617700	RIFIN-A	PF3D7_0617700	6
50	3D7	PF3D7_0631800	RIFIN-B	PF3D7_0631800	2
51	3D7	PF3D7_0632000	RIFIN-A	PF3D7_0632000	7
52	3D7	PF3D7_0632100	RIFIN-A	PF3D7_0632100	2
53	3D7	PF3D7_0632200	RIFIN-A	PF3D7_0632200	2
54	3D7	PF3D7_0632300	RIFIN-B	PF3D7_0632300	2
55	3D7	PF3D7_0632400	RIFIN-A	PF3D7_0632400	2
56	3D7	PF3D7_0632700	RIFIN-A	PF3D7_0632700	9
57	3D7	PF3D7_0700200	RIFIN-A	PF3D7_0700200	5
58	3D7	PF3D7_0700300	RIFIN-A	PF3D7_0700300	8
59	3D7	PF3D7_0700500	RIFIN-A	PF3D7_0700500	3
60	3D7	PF3D7_0701100	RIFIN-A	PF3D7_0701100	4
61	3D7	PF3D7_0701800	RIFIN-A	PF3D7_0701800	15
62	3D7	PF3D7_0713000	RIFIN-A	PF3D7_0713000	14
63	3D7	PF3D7_0732200	RIFIN-A	PF3D7_0732200	2
64	3D7	PF3D7_0732300	RIFIN-A	PF3D7_0732300	2
65	3D7	PF3D7_0732400	RIFIN-A	PF3D7_0732400	7
66	3D7	PF3D7_0732500	RIFIN-A	PF3D7_0732500	2
67	3D7	PF3D7_0732700	RIFIN-B	PF3D7_0732700	2
68	3D7	PF3D7_0732900	RIFIN-A	PF3D7_0732900	2
69	3D7	PF3D7_0800400	RIFIN-A	PF3D7_0800400	1
70	3D7	PF3D7_0800500	RIFIN-A	PF3D7_0800500	3
71	3D7	PF3D7_0808800	RIFIN-A	PF3D7_0808800	5
72	3D7	PF3D7_0808900	RIFIN-A	PF3D7_0808900	4
73	3D7	PF3D7_0832500	RIFIN-A	PF3D7_0832500	2
74	3D7	PF3D7_0832800	RIFIN-B	PF3D7_0832800	4
75	3D7	PF3D7_0833000	RIFIN-A	PF3D7_0833000	3
76	3D7	PF3D7_0833100	RIFIN-A	PF3D7_0833100	3
77	3D7	PF3D7_0833200	RIFIN-B	PF3D7_0833200	2
78	3D7	PF3D7_0833400	RIFIN-A	PF3D7_0833400	6
79	3D7	PF3D7_0900200	RIFIN-A	PF3D7_0900200	8
80	3D7	PF3D7_0900300	RIFIN-B	PF3D7_0900300	9
81	3D7	PF3D7_0900400	RIFIN-A	PF3D7_0900400	6
82	3D7	PF3D7_0900500	RIFIN-B	PF3D7_0900500	2
83	3D7	PF3D7_0900600	RIFIN-A	PF3D7_0900600	2
84	3D7	PF3D7_0900700	RIFIN-A	PF3D7_0900700	2
85	3D7	PF3D7_0901000	RIFIN-B	PF3D7_0901000	2
86	3D7	PF3D7_0901100	RIFIN-A	PF3D7_0901100	2
87	3D7	PF3D7_0901300	RIFIN-A	PF3D7_0901300	2
88	3D7	PF3D7_0901400	RIFIN-A	PF3D7_0901400	3
89	3D7	PF3D7_0901500	RIFIN-A	PF3D7_0901500	3
90	3D7	PF3D7_0937300	RIFIN-A	PF3D7_0937300	4
91	3D7	PF3D7_0937400	RIFIN-B	PF3D7_0937400	4
92	3D7	PF3D7_0937500	RIFIN-A	PF3D7_0937500	3
93	3D7	PF3D7_0937700	RIFIN-A	PF3D7_0937700	6
94	3D7	PF3D7_1000200	RIFIN-A	PF3D7_1000200	3
95	3D7	PF3D7_1000300	RIFIN-B	PF3D7_1000300	2
96	3D7	PF3D7_1000400	RIFIN-A	PF3D7_1000400	2
97	3D7	PF3D7_1000500	RIFIN-A	PF3D7_1000500	4
98	3D7	PF3D7_1000600	RIFIN-B	PF3D7_1000600	8
99	3D7	PF3D7_1040000	RIFIN-A	PF3D7_1040000	4
100	3D7	PF3D7_1040100	RIFIN-B	PF3D7_1040100	4
101	3D7	PF3D7_1040300	RIFIN-A	PF3D7_1040300	2
102	3D7	PF3D7_1040400	RIFIN-B	PF3D7_1040400	2
103	3D7	PF3D7_1040500	RIFIN-A	PF3D7_1040500	2
104	3D7	PF3D7_1040600	RIFIN-B	PF3D7_1040600	3
105	3D7	PF3D7_1040700	RIFIN-A	PF3D7_1040700	3
106	3D7	PF3D7_1040800	RIFIN-B	PF3D7_1040800	3
107	3D7	PF3D7_1040900	RIFIN-B	PF3D7_1040900	2
108	3D7	PF3D7_1041000	RIFIN-A	PF3D7_1041000	2
109	3D7	PF3D7_1041100	RIFIN-B	PF3D7_1041100	2
110	3D7	PF3D7_1041200	RIFIN-A	PF3D7_1041200	2
111	3D7	PF3D7_1100300	RIFIN-A	PF3D7_1100300	3
112	3D7	PF3D7_1100400	RIFIN-A	PF3D7_1100400	2
113	3D7	PF3D7_1100500	RIFIN-A	PF3D7_1100500	2
114	3D7	PF3D7_1101100	RIFIN-A	PF3D7_1101100	4
115	3D7	PF3D7_1101200	RIFIN-B	PF3D7_1101200	1
116	3D7	PF3D7_1101300	RIFIN-A	PF3D7_1101300	1
117	3D7	PF3D7_1149800	RIFIN-B	PF3D7_1149800	6
118	3D7	PF3D7_1150000	RIFIN-A	PF3D7_1150000	2
119	3D7	PF3D7_1150200	RIFIN-A	PF3D7_1150200	3
120	3D7	PF3D7_1150300	RIFIN-A	PF3D7_1150300	3
121	3D7	PF3D7_1200200	RIFIN-A	PF3D7_1200200	3
122	3D7	PF3D7_1200300	RIFIN-B	PF3D7_1200300	3
123	3D7	PF3D7_1200500	RIFIN-A	PF3D7_1200500	3
124	3D7	PF3D7_1253700	RIFIN-A	PF3D7_1253700	13
125	3D7	PF3D7_1254000	RIFIN-B	PF3D7_1254000	3
126	3D7	PF3D7_1254200	RIFIN-A	PF3D7_1254200	3
127	3D7	PF3D7_1254400	RIFIN-A	PF3D7_1254400	2
128	3D7	PF3D7_1254500	RIFIN-B	PF3D7_1254500	4
129	3D7	PF3D7_1254700	RIFIN-A	PF3D7_1254700	5
130	3D7	PF3D7_1254800	RIFIN-A	PF3D7_1254800	5
131	3D7	PF3D7_1255000	RIFIN-B	PF3D7_1255000	2
132	3D7	PF3D7_1255100	RIFIN-A	PF3D7_1255100	3
133	3D7	PF3D7_1300200	RIFIN-A	PF3D7_1300200	2
134	3D7	PF3D7_1300400	RIFIN-A	PF3D7_1300400	16
135	3D7	PF3D7_1300500	RIFIN-A	PF3D7_1300500	3
136	3D7	PF3D7_1300600	RIFIN-B	PF3D7_1300600	2
137	3D7	PF3D7_1300700	RIFIN-A	PF3D7_1300700	2
138	3D7	PF3D7_1372600	RIFIN-B	PF3D7_1372600	15
139	3D7	PF3D7_1372700	RIFIN-A	PF3D7_1372700	3
140	3D7	PF3D7_1373000	RIFIN-A	PF3D7_1373000	8
141	3D7	PF3D7_1373100	RIFIN-A	PF3D7_1373100	2
142	3D7	PF3D7_1373300	RIFIN-B	PF3D7_1373300	1
143	3D7	PF3D7_1373400	RIFIN-A	PF3D7_1373400	3
144	3D7	PF3D7_1400200	RIFIN-A	PF3D7_1400200	2
145	3D7	PF3D7_1400300	RIFIN-B	PF3D7_1400300	2
146	3D7	PF3D7_1400400	RIFIN-A	PF3D7_1400400	2
147	3D7	PF3D7_1400500	RIFIN-B	PF3D7_1400500	2
148	3D7	PF3D7_1400600	RIFIN-A	PF3D7_1400600	3
149	3D7	PF3D7_1400800	RIFIN-B	PF3D7_1400800	2
150	3D7	PF3D7_1479400	RIFIN-B	PF3D7_1479400	3
151	3D7	PF3D7_1479600	RIFIN-B	PF3D7_1479600	2
152	3D7	PF3D7_1479700	RIFIN-A	PF3D7_1479700	2
153	3D7	PF3D7_1479800	RIFIN-B	PF3D7_1479800	2
154	3D7	PF3D7_1480000	RIFIN-A	PF3D7_1480000	2
155	7G8-2019	Pf7G8-2_000006400	RIFIN-A	Pf7G8-2_000006400	2
156	7G8-2019	Pf7G8-2_000035400	RIFIN-A	Pf7G8-2_000035400	2
157	7G8-2019	Pf7G8-2_000035600	RIFIN-A	PfDd2_010019300	6
158	7G8-2019	Pf7G8-2_000035800	RIFIN-A	PfDd2_140083700	3
159	7G8-2019	Pf7G8-2_000035900	RIFIN-A	Pf7G8-2_000035900	2
160	7G8-2019	Pf7G8-2_000036000	RIFIN-B	Pf7G8-2_000036000	6
161	7G8-2019	Pf7G8-2_000048300	RIFIN-B	PF3D7_0114700	16
162	7G8-2019	Pf7G8-2_000049200	RIFIN-B	Pf7G8-2_000049200	3
163	7G8-2019	Pf7G8-2_000049300	RIFIN-A	Pf7G8-2_000049300	9
164	7G8-2019	Pf7G8-2_000069800	RIFIN-A	PfDd2_100045800	8
165	7G8-2019	Pf7G8-2_000069900	RIFIN-A	PfDd2_130078300	4
166	7G8-2019	Pf7G8-2_000070100	RIFIN-B	Pf7G8-2_000070100	2
167	7G8-2019	Pf7G8-2_000093800	RIFIN-A	Pf7G8-2_000093800	2
168	7G8-2019	Pf7G8-2_000094100	RIFIN-A	Pf7G8-2_000094100	6
169	7G8-2019	Pf7G8-2_000094200	RIFIN-A	Pf7G8-2_000094200	2
170	7G8-2019	Pf7G8-2_000094500	RIFIN-A	Pf7G8-2_000094500	2
171	7G8-2019	Pf7G8-2_000095800	RIFIN-A	PF3D7_0402500	16
172	7G8-2019	Pf7G8-2_000106000	RIFIN-A	PF3D7_0413200	10
173	7G8-2019	Pf7G8-2_000106100	RIFIN-A	PF3D7_0413300	10
174	7G8-2019	Pf7G8-2_000113700	RIFIN-A	PF3D7_0421500	12
175	7G8-2019	Pf7G8-2_000117900	RIFIN-A	Pf7G8-2_000117900	6
176	7G8-2019	Pf7G8-2_000118000	RIFIN-A	Pf7G8-2_000118000	2
177	7G8-2019	Pf7G8-2_000118100	RIFIN-A	PfDd2_060005500	4
178	7G8-2019	Pf7G8-2_000118200	RIFIN-A	Pf7G8-2_000118200	2
179	7G8-2019	Pf7G8-2_000118500	RIFIN-A	Pf7G8-2_000118500	2
180	7G8-2019	Pf7G8-2_000119300	RIFIN-A	Pf7G8-2_000119300	3
181	7G8-2019	Pf7G8-2_000119500	RIFIN-A	Pf7G8-2_000119500	3
182	7G8-2019	Pf7G8-2_000119600	RIFIN-A	Pf7G8-2_000119600	2
183	7G8-2019	Pf7G8-2_000119700	RIFIN-B	Pf7G8-2_000119700	3
184	7G8-2019	Pf7G8-2_000119800	RIFIN-A	Pf7G8-2_000119800	2
185	7G8-2019	Pf7G8-2_000119900	RIFIN-A	Pf7G8-2_000119900	2
186	7G8-2019	Pf7G8-2_000152100	RIFIN-A	Pf7G8-2_000152100	2
187	7G8-2019	Pf7G8-2_000152200	RIFIN-A	PF3D7_1300400	16
188	7G8-2019	Pf7G8-2_000152400	RIFIN-A	Pf7G8-2_000152400	2
189	7G8-2019	Pf7G8-2_000153000	RIFIN-A	Pf7G8-2_000153000	2
190	7G8-2019	Pf7G8-2_000183500	RIFIN-A	Pf7G8-2_000183500	4
191	7G8-2019	Pf7G8-2_000183800	RIFIN-B	Pf7G8-2_000183800	1
192	7G8-2019	Pf7G8-2_000184300	RIFIN-A	Pf7G8-2_000184300	3
193	7G8-2019	Pf7G8-2_000184400	RIFIN-B	Pf7G8-2_000184400	3
194	7G8-2019	Pf7G8-2_000184700	RIFIN-A	Pf7G8-2_000184700	3
195	7G8-2019	Pf7G8-2_000185300	RIFIN-A	PfDd2_040031100	3
196	7G8-2019	Pf7G8-2_000185400	RIFIN-B	Pf7G8-2_000185400	2
197	7G8-2019	Pf7G8-2_000185500	RIFIN-A	PfDd2_140005000	4
198	7G8-2019	Pf7G8-2_000185800	RIFIN-A	Pf7G8-2_000185800	2
199	7G8-2019	Pf7G8-2_000186100	RIFIN-A	PF3D7_0701800	15
200	7G8-2019	Pf7G8-2_000196300	RIFIN-A	Pf7G8-2_000196300	7
201	7G8-2019	Pf7G8-2_000196400	RIFIN-A	Pf7G8-2_000196400	7
202	7G8-2019	Pf7G8-2_000196900	RIFIN-A	PF3D7_0713000	14
203	7G8-2019	Pf7G8-2_000215600	RIFIN-A	Pf7G8-2_000215600	2
204	7G8-2019	Pf7G8-2_000215700	RIFIN-A	Pf7G8-2_000215700	9
205	7G8-2019	Pf7G8-2_000216100	RIFIN-A	Pf7G8-2_000216100	2
206	7G8-2019	Pf7G8-2_000216200	RIFIN-A	Pf7G8-2_000216200	3
207	7G8-2019	Pf7G8-2_000216300	RIFIN-B	Pf7G8-2_000216300	3
208	7G8-2019	Pf7G8-2_000247400	RIFIN-A	Pf7G8-2_000247400	2
209	7G8-2019	Pf7G8-2_000247800	RIFIN-B	Pf7G8-2_000247800	3
210	7G8-2019	Pf7G8-2_000247900	RIFIN-A	Pf7G8-2_000247900	2
211	7G8-2019	Pf7G8-2_000249000	RIFIN-A	Pf7G8-2_000249000	2
212	7G8-2019	Pf7G8-2_000249300	RIFIN-A	Pf7G8-2_000249300	2
213	7G8-2019	Pf7G8-2_000249700	RIFIN-A	PfDd2_090006900	6
214	7G8-2019	Pf7G8-2_000285500	RIFIN-B	PfDd2_090042600	9
215	7G8-2019	Pf7G8-2_000285600	RIFIN-A	PfDd2_090042700	6
216	7G8-2019	Pf7G8-2_000285700	RIFIN-A	Pf7G8-2_000285700	5
217	7G8-2019	Pf7G8-2_000286500	RIFIN-A	Pf7G8-2_000286500	2
218	7G8-2019	Pf7G8-2_000324700	RIFIN-A	Pf7G8-2_000324700	2
219	7G8-2019	Pf7G8-2_000324800	RIFIN-A	Pf7G8-2_000324800	3
220	7G8-2019	Pf7G8-2_000324900	RIFIN-B	Pf7G8-2_000324900	3
221	7G8-2019	Pf7G8-2_000325000	RIFIN-B	Pf7G8-2_000325000	6
222	7G8-2019	Pf7G8-2_000371900	RIFIN-A	PfDd2_040006200	9
223	7G8-2019	Pf7G8-2_000372200	RIFIN-A	PfDd2_040005800	4
224	7G8-2019	Pf7G8-2_000389900	RIFIN-A	Pf7G8-2_000389900	3
225	7G8-2019	Pf7G8-2_000390000	RIFIN-A	Pf7G8-2_000390000	3
226	7G8-2019	Pf7G8-2_000403200	RIFIN-B	Pf7G8-2_000403200	4
227	7G8-2019	Pf7G8-2_000403300	RIFIN-A	Pf7G8-2_000403300	4
228	7G8-2019	Pf7G8-2_000474500	RIFIN-A	PF3D7_1253700	13
229	7G8-2019	Pf7G8-2_000474900	RIFIN-A	Pf7G8-2_000474900	2
230	7G8-2019	Pf7G8-2_000475400	RIFIN-A	Pf7G8-2_000475400	2
231	7G8-2019	Pf7G8-2_000475500	RIFIN-A	Pf7G8-2_000475500	2
232	7G8-2019	Pf7G8-2_000475900	RIFIN-B	Pf7G8-2_000475900	2
233	7G8-2019	Pf7G8-2_000476000	RIFIN-B	PfDd2_140005200	5
234	7G8-2019	Pf7G8-2_000552600	RIFIN-B	Pf7G8-2_000552600	5
235	7G8-2019	Pf7G8-2_000552800	RIFIN-A	PfDd2_060036800	4
236	7G8	Pf7G8_010005500	RIFIN-A	Pf7G8-2_000035400	2
237	7G8	Pf7G8_010005700	RIFIN-A	PfDd2_010019300	6
238	7G8	Pf7G8_010005800	RIFIN-A	Pf7G8-2_000035700:pseudogene	2
239	7G8	Pf7G8_010005900	RIFIN-A	PfDd2_140083700	3
240	7G8	Pf7G8_010006000	RIFIN-A	Pf7G8-2_000035900	2
241	7G8	Pf7G8_010006100	RIFIN-B	Pf7G8-2_000036000	6
242	7G8	Pf7G8_010018600	RIFIN-B	PF3D7_0114700	16
243	7G8	Pf7G8_020005700	RIFIN-A	PfDd2_010005400	10
244	7G8	Pf7G8_020005800	RIFIN-B	Pf7G8-2_000049200	3
245	7G8	Pf7G8_020005900	RIFIN-A	Pf7G8-2_000049300	9
246	7G8	Pf7G8_020026600	RIFIN-A	Pf7G8_020026600	1
247	7G8	Pf7G8_020026700	RIFIN-B	Pf7G8_020026700	1
248	7G8	Pf7G8_020027000	RIFIN-A	Pf7G8-2_000183500	4
249	7G8	Pf7G8_030006000	RIFIN-A	PfDd2_100045800	8
250	7G8	Pf7G8_030006100	RIFIN-A	PfDd2_130078300	4
251	7G8	Pf7G8_030006300	RIFIN-B	Pf7G8-2_000070100	2
252	7G8	Pf7G8_030030300	RIFIN-A	Pf7G8-2_000093800	2
253	7G8	Pf7G8_030030500	RIFIN-B	PF3D7_0500400	6
254	7G8	Pf7G8_040005700	RIFIN-A	Pf7G8-2_000094100	6
255	7G8	Pf7G8_040005800	RIFIN-A	Pf7G8-2_000094200	2
256	7G8	Pf7G8_040005900	RIFIN-B	Pf7G8-2_000094300:pseudogene	3
257	7G8	Pf7G8_040006100	RIFIN-A	Pf7G8-2_000094500	2
258	7G8	Pf7G8_040006200	RIFIN-A	Pf7G8-2_000094600:pseudogene	2
259	7G8	Pf7G8_040007400	RIFIN-A	PF3D7_0402500	16
260	7G8	Pf7G8_040018000	RIFIN-A	PF3D7_0413200	10
261	7G8	Pf7G8_040018100	RIFIN-A	PF3D7_0413300	10
262	7G8	Pf7G8_040025800	RIFIN-A	PF3D7_0421500	12
263	7G8	Pf7G8_040030100	RIFIN-B	Pf7G8_040030100	1
264	7G8	Pf7G8_040030200	RIFIN-A	Pf7G8-2_000117900	6
265	7G8	Pf7G8_040030300	RIFIN-A	Pf7G8-2_000118000	2
266	7G8	Pf7G8_040030400	RIFIN-A	PfDd2_060005500	4
267	7G8	Pf7G8_040030500	RIFIN-A	Pf7G8-2_000118200	2
268	7G8	Pf7G8_040030700	RIFIN-A	Pf7G8-2_000118500	2
269	7G8	Pf7G8_050005400	RIFIN-A	Pf7G8-2_000119300	3
270	7G8	Pf7G8_050005600	RIFIN-A	Pf7G8-2_000119500	3
271	7G8	Pf7G8_050005700	RIFIN-A	Pf7G8-2_000119600	2
272	7G8	Pf7G8_050005800	RIFIN-B	Pf7G8-2_000119700	3
273	7G8	Pf7G8_050005900	RIFIN-A	Pf7G8-2_000119800	2
274	7G8	Pf7G8_050006000	RIFIN-A	Pf7G8-2_000119900	2
275	7G8	Pf7G8_050006100	RIFIN-B	Pf7G8-2_000120000:pseudogene	4
276	7G8	Pf7G8_050038000	RIFIN-A	Pf7G8-2_000152100	2
277	7G8	Pf7G8_050038100	RIFIN-A	PF3D7_1300400	16
278	7G8	Pf7G8_050038300	RIFIN-A	Pf7G8-2_000152400	2
279	7G8	Pf7G8_060005600	RIFIN-A	Pf7G8-2_000153000	2
280	7G8	Pf7G8_070005300	RIFIN-A	Pf7G8-2_000184300	3
281	7G8	Pf7G8_070005400	RIFIN-B	Pf7G8-2_000184400	3
282	7G8	Pf7G8_070005600	RIFIN-A	Pf7G8-2_000184600:pseudogene	5
283	7G8	Pf7G8_070005700	RIFIN-A	Pf7G8-2_000184700	3
284	7G8	Pf7G8_070006400	RIFIN-A	PfDd2_040031100	3
285	7G8	Pf7G8_070006500	RIFIN-B	Pf7G8-2_000185400	2
286	7G8	Pf7G8_070006600	RIFIN-A	PfDd2_140005000	4
287	7G8	Pf7G8_070006700	RIFIN-B	PfDd2_140005100	4
288	7G8	Pf7G8_070006800	RIFIN-B	Pf7G8-2_000185700:pseudogene	2
289	7G8	Pf7G8_070006900	RIFIN-A	Pf7G8-2_000185800	2
290	7G8	Pf7G8_070007100	RIFIN-B	Pf7G8-2_000186000:pseudogene	2
291	7G8	Pf7G8_070007200	RIFIN-A	PF3D7_0701800	15
292	7G8	Pf7G8_070017200	RIFIN-B	Pf7G8-2_000196000:pseudogene	5
293	7G8	Pf7G8_070017800	RIFIN-A	Pf7G8-2_000196300	7
294	7G8	Pf7G8_070017900	RIFIN-A	Pf7G8-2_000196400	7
295	7G8	Pf7G8_070018400	RIFIN-A	PF3D7_0713000	14
296	7G8	Pf7G8_070037100	RIFIN-A	Pf7G8-2_000215600	2
297	7G8	Pf7G8_070037200	RIFIN-A	Pf7G8-2_000215700	9
298	7G8	Pf7G8_080005500	RIFIN-A	Pf7G8-2_000216100	2
299	7G8	Pf7G8_080005600	RIFIN-A	Pf7G8-2_000216200	3
300	7G8	Pf7G8_080005700	RIFIN-B	Pf7G8-2_000216300	3
301	7G8	Pf7G8_080005800	RIFIN-A	Pf7G8-2_000216400:pseudogene	6
302	7G8	Pf7G8_080037500	RIFIN-A	Pf7G8-2_000247400	2
303	7G8	Pf7G8_080037600	RIFIN-A	Pf7G8-2_000247500:pseudogene	2
304	7G8	Pf7G8_080037900	RIFIN-B	Pf7G8-2_000247800	3
305	7G8	Pf7G8_080038000	RIFIN-A	Pf7G8-2_000247900	2
306	7G8	Pf7G8_080038200	RIFIN-A	Pf7G8-2_000248100:pseudogene	4
307	7G8	Pf7G8_090005700	RIFIN-A	Pf7G8-2_000249000	2
308	7G8	Pf7G8_090006000	RIFIN-A	Pf7G8-2_000249300	2
309	7G8	Pf7G8_090006100	RIFIN-B	Pf7G8-2_000249400:pseudogene	3
310	7G8	Pf7G8_090006400	RIFIN-A	PfDd2_090006900	6
311	7G8	Pf7G8_090042400	RIFIN-B	PfDd2_090042600	9
312	7G8	Pf7G8_090042500	RIFIN-A	PfDd2_090042700	6
313	7G8	Pf7G8_090042700	RIFIN-A	Pf7G8-2_000285700	5
314	7G8	Pf7G8_100005200	RIFIN-A	Pf7G8-2_000286500	2
315	7G8	Pf7G8_110005100	RIFIN-A	Pf7G8-2_000324700	2
316	7G8	Pf7G8_110005200	RIFIN-A	Pf7G8-2_000324800	3
317	7G8	Pf7G8_110005300	RIFIN-B	Pf7G8-2_000324900	3
318	7G8	Pf7G8_110052900	RIFIN-A	PfDd2_040006200	9
319	7G8	Pf7G8_110053400	RIFIN-A	Pf7G8-2_000372300:pseudogene	2
320	7G8	Pf7G8_110053500	RIFIN-B	Pf7G8-2_000372500:pseudogene	2
321	7G8	Pf7G8_120005500	RIFIN-A	Pf7G8-2_000006400	2
322	7G8	Pf7G8_120045900	RIFIN-A	Pf7G8-2_000389900	3
323	7G8	Pf7G8_120046000	RIFIN-A	Pf7G8-2_000390000	3
324	7G8	Pf7G8_120059600	RIFIN-B	PF3D7_1372600	15
325	7G8	Pf7G8_120059700	RIFIN-A	PfDd2_130077800	9
326	7G8	Pf7G8_120059800	RIFIN-B	Pf7G8-2_000403200	4
327	7G8	Pf7G8_120059900	RIFIN-A	Pf7G8-2_000403300	4
328	7G8	Pf7G8_130005000	RIFIN-A	Pf7G8-2_000403900:pseudogene	2
329	7G8	Pf7G8_130076600	RIFIN-A	PF3D7_1253700	13
330	7G8	Pf7G8_140005100	RIFIN-A	Pf7G8-2_000475100:pseudogene	2
331	7G8	Pf7G8_140005200	RIFIN-B	Pf7G8-2_000475200:pseudogene	2
332	7G8	Pf7G8_140005400	RIFIN-A	Pf7G8-2_000475400	2
333	7G8	Pf7G8_140005500	RIFIN-A	Pf7G8-2_000475500	2
334	7G8	Pf7G8_140005700	RIFIN-B	Pf7G8-2_000475700:pseudogene	2
335	7G8	Pf7G8_140005800	RIFIN-A	Pf7G8-2_000475800:pseudogene	2
336	7G8	Pf7G8_140005900	RIFIN-B	Pf7G8-2_000475900	2
337	7G8	Pf7G8_140006000	RIFIN-B	PfDd2_140005200	5
338	7G8	Pf7G8_140084300	RIFIN-B	Pf7G8-2_000552600	5
339	7G8	Pf7G8_140084500	RIFIN-A	PfDd2_060036800	4
340	CD01	PfCD01_000005900	RIFIN-A	PF3D7_1373000	8
341	CD01	PfCD01_000006100	RIFIN-A	PfCD01_000006100	1
342	CD01	PfCD01_000006300	RIFIN-B	PfCD01_000006300	4
343	CD01	PfCD01_000006400	RIFIN-A	PfCD01_000006400	1
344	CD01	PfCD01_000006500	RIFIN-A	PfCD01_000006500	1
345	CD01	PfCD01_000007400	RIFIN-A	PfCD01_000007400	1
346	CD01	PfCD01_000007600	RIFIN-B	PfCD01_000007600	1
347	CD01	PfCD01_000007800	RIFIN-A	PfCD01_000007800	2
348	CD01	PfCD01_000008400	RIFIN-A	PfCD01_000008400	3
349	CD01	PfCD01_000008700	RIFIN-B	PfCD01_000008700	1
350	CD01	PfCD01_000010400	RIFIN-A	PfCD01_000010400	1
351	CD01	PfCD01_010006100	RIFIN-A	PfDd2_100045400	6
352	CD01	PfCD01_010006400	RIFIN-B	PfDd2_010005700	7
353	CD01	PfCD01_010018600	RIFIN-B	PF3D7_0114700	16
354	CD01	PfCD01_010019200	RIFIN-A	PF3D7_0115200	6
355	CD01	PfCD01_010019300	RIFIN-B	PfCD01_010019300	1
356	CD01	PfCD01_010019400	RIFIN-A	PfCD01_010019400	1
357	CD01	PfCD01_020006100	RIFIN-A	PfCD01_020006100	2
358	CD01	PfCD01_020006200	RIFIN-B	PfCD01_020006200	2
359	CD01	PfCD01_020006300	RIFIN-A	PfCD01_020006300	3
360	CD01	PfCD01_020026700	RIFIN-A	PfCD01_020026700	1
361	CD01	PfCD01_020026800	RIFIN-A	Pf7G8-2_000049300	9
362	CD01	PfCD01_020027000	RIFIN-B	PfCD01_020027000	1
363	CD01	PfCD01_020027100	RIFIN-A	PfCD01_020027100	1
364	CD01	PfCD01_030005600	RIFIN-A	PF3D7_0900200	8
365	CD01	PfCD01_030005800	RIFIN-A	PfCD01_030005800	4
366	CD01	PfCD01_030006100	RIFIN-B	PfCD01_030006100	1
367	CD01	PfCD01_030006200	RIFIN-A	PfCD01_030006200	4
368	CD01	PfCD01_030029900	RIFIN-A	PfCD01_030029900	3
369	CD01	PfCD01_030030000	RIFIN-A	Pf7G8-2_000117900	6
370	CD01	PfCD01_030030100	RIFIN-B	PfCD01_030030100	1
371	CD01	PfCD01_030030200	RIFIN-A	PfDd2_130077800	9
372	CD01	PfCD01_030030300	RIFIN-A	PfCD01_030030300	1
373	CD01	PfCD01_030030400	RIFIN-A	PfCD01_030030400	1
374	CD01	PfCD01_040005100	RIFIN-A	PfCD01_040005100	1
375	CD01	PfCD01_040005400	RIFIN-A	PfCD01_040005400	2
376	CD01	PfCD01_040005600	RIFIN-B	PfCD01_040005600	1
377	CD01	PfCD01_040005700	RIFIN-B	PfCD01_040005700	1
378	CD01	PfCD01_040005900	RIFIN-A	PfCD01_040005900	3
379	CD01	PfCD01_040007200	RIFIN-A	PF3D7_0402500	16
380	CD01	PfCD01_040018500	RIFIN-A	PF3D7_0413200	10
381	CD01	PfCD01_040018600	RIFIN-A	PF3D7_0413300	10
382	CD01	PfCD01_040026700	RIFIN-A	PF3D7_0421500	12
383	CD01	PfCD01_040030800	RIFIN-B	PfCD01_040030800	1
384	CD01	PfCD01_040030900	RIFIN-A	PfCD01_040030900	5
385	CD01	PfCD01_040031000	RIFIN-A	PfCD01_040031000	1
386	CD01	PfCD01_050005700	RIFIN-A	PfCD01_050005700	1
387	CD01	PfCD01_050005800	RIFIN-A	PfCD01_050005800	1
388	CD01	PfCD01_050006000	RIFIN-B	PfCD01_050006000	1
389	CD01	PfCD01_050006700	RIFIN-A	PfCD01_050006700	1
390	CD01	PfCD01_050006900	RIFIN-A	PfCD01_050006900	1
391	CD01	PfCD01_050007000	RIFIN-B	PfCD01_050007000	1
392	CD01	PfCD01_050007100	RIFIN-A	PfCD01_050007100	1
393	CD01	PfCD01_050007200	RIFIN-B	PfCD01_050007200	2
394	CD01	PfCD01_050007300	RIFIN-B	PF3D7_0500500	12
395	CD01	PfCD01_050039200	RIFIN-A	PfCD01_050039200	1
396	CD01	PfCD01_050039300	RIFIN-A	PfDd2_010019300	6
397	CD01	PfCD01_050039500	RIFIN-A	PfDd2_050038900	2
398	CD01	PfCD01_060005400	RIFIN-A	PfCD01_060005400	1
399	CD01	PfCD01_060005700	RIFIN-A	PfCD01_060005700	1
400	CD01	PfCD01_060006000	RIFIN-B	PfCD01_060006000	1
401	CD01	PfCD01_060006100	RIFIN-B	PfCD01_060006100	1
402	CD01	PfCD01_060006200	RIFIN-A	PfCD01_060006200	1
403	CD01	PfCD01_060023100	RIFIN-A	PF3D7_0712500	14
404	CD01	PfCD01_070005400	RIFIN-A	PfCD01_070005400	1
405	CD01	PfCD01_070005700	RIFIN-A	PF3D7_0701800	15
406	CD01	PfCD01_070016600	RIFIN-A	Pf7G8-2_000196300	7
407	CD01	PfCD01_070017000	RIFIN-A	PfCD01_070017000	1
408	CD01	PfCD01_070035200	RIFIN-B	PfCD01_070035200	1
409	CD01	PfCD01_070035400	RIFIN-A	PfCD01_070035400	1
410	CD01	PfCD01_070035500	RIFIN-A	PF3D7_0100400	5
411	CD01	PfCD01_070035700	RIFIN-A	PfCD01_070035700	1
412	CD01	PfCD01_080005600	RIFIN-B	PfCD01_080005600	1
413	CD01	PfCD01_080005700	RIFIN-A	Pf7G8-2_000216400:pseudogene	6
414	CD01	PfCD01_080013900	RIFIN-A	PfDd2_080014200	3
415	CD01	PfCD01_080014100	RIFIN-A	PfCD01_080014100	1
416	CD01	PfCD01_080014200	RIFIN-A	PfDd2_120045500	2
417	CD01	PfCD01_080038200	RIFIN-B	PfCD01_080038200	1
418	CD01	PfCD01_080038300	RIFIN-A	PfCD01_080038300	1
419	CD01	PfCD01_080038400	RIFIN-B	PfCD01_080038400	4
420	CD01	PfCD01_080038500	RIFIN-B	PfCD01_080038500	1
421	CD01	PfCD01_080038600	RIFIN-B	PfCD01_080038600	1
422	CD01	PfCD01_080038700	RIFIN-B	PfCD01_080038700	1
423	CD01	PfCD01_080039000	RIFIN-A	PfCD01_080039000	1
424	CD01	PfCD01_080039100	RIFIN-A	PfCD01_080039100	1
425	CD01	PfCD01_080039200	RIFIN-B	PfCD01_080039200	1
426	CD01	PfCD01_080039300	RIFIN-A	PfCD01_080039300	1
427	CD01	PfCD01_090005700	RIFIN-A	PfCD01_090005700	1
428	CD01	PfCD01_090005900	RIFIN-A	PfCD01_090005900	1
429	CD01	PfCD01_090006000	RIFIN-A	PfCD01_090006000	1
430	CD01	PfCD01_090042000	RIFIN-B	PfDd2_090042600	9
431	CD01	PfCD01_090042100	RIFIN-A	PfCD01_090042100	1
432	CD01	PfCD01_090042200	RIFIN-A	PfCD01_090042200	1
433	CD01	PfCD01_090042300	RIFIN-B	PfCD01_090042300	1
434	CD01	PfCD01_090042600	RIFIN-A	PfCD01_090042600	1
435	CD01	PfCD01_090042700	RIFIN-B	PfCD01_090042700	1
436	CD01	PfCD01_090042800	RIFIN-A	PF3D7_1300400	16
437	CD01	PfCD01_100005700	RIFIN-A	PfDd2_050005600	4
438	CD01	PfCD01_100005900	RIFIN-A	PfCD01_100005900	1
439	CD01	PfCD01_100006000	RIFIN-B	PfCD01_100006000	5
440	CD01	PfCD01_100044800	RIFIN-A	PfCD01_100044800	1
441	CD01	PfCD01_100044900	RIFIN-B	PfCD01_100044900	1
442	CD01	PfCD01_100045000	RIFIN-B	PfCD01_100045000	1
443	CD01	PfCD01_100045300	RIFIN-A	PfCD01_100045300	1
444	CD01	PfCD01_110006000	RIFIN-A	PF3D7_0632700	9
445	CD01	PfCD01_110006100	RIFIN-B	Pf7G8-2_000403200	4
446	CD01	PfCD01_110006200	RIFIN-B	PfCD01_110006200	1
447	CD01	PfCD01_110006300	RIFIN-A	PfCD01_110006300	2
448	CD01	PfCD01_110006400	RIFIN-A	PfCD01_110006400	2
449	CD01	PfCD01_110006500	RIFIN-B	PfCD01_110006500	1
450	CD01	PfCD01_110006600	RIFIN-A	PfCD01_110006600	1
451	CD01	PfCD01_110006700	RIFIN-B	PfCD01_110006700	1
452	CD01	PfCD01_110006800	RIFIN-B	PfCD01_110006800	1
453	CD01	PfCD01_110006900	RIFIN-A	PF3D7_0222400	9
454	CD01	PfCD01_110054600	RIFIN-A	PfDd2_040006200	9
455	CD01	PfCD01_110054900	RIFIN-B	PfDd2_040005700	5
456	CD01	PfCD01_110055100	RIFIN-A	PfCD01_110055100	1
457	CD01	PfCD01_110055200	RIFIN-A	PfCD01_110055200	1
458	CD01	PfCD01_110055300	RIFIN-A	PfCD01_110055300	1
459	CD01	PfCD01_110055400	RIFIN-A	PfCD01_110055400	1
460	CD01	PfCD01_120005600	RIFIN-A	PfCD01_120005600	2
461	CD01	PfCD01_120024400	RIFIN-A	PfCD01_120024400	2
462	CD01	PfCD01_120058200	RIFIN-A	PfCD01_120058200	1
463	CD01	PfCD01_120058400	RIFIN-A	PF3D7_0223400	7
464	CD01	PfCD01_130005600	RIFIN-A	PfCD01_130005600	3
465	CD01	PfCD01_130005900	RIFIN-B	PfCD01_130005900	6
466	CD01	PfCD01_130077600	RIFIN-B	PF3D7_1372600	15
467	CD01	PfCD01_130077700	RIFIN-A	PfCD01_130077700	1
468	CD01	PfCD01_130078000	RIFIN-B	PfCD01_130078000	2
469	CD01	PfCD01_130078100	RIFIN-A	PfCD01_130078100	2
470	CD01	PfCD01_130078200	RIFIN-A	PfCD01_130078200	1
471	CD01	PfCD01_130078300	RIFIN-A	PfCD01_130078300	1
472	CD01	PfCD01_130078500	RIFIN-A	PF3D7_0425900	6
473	CD01	PfCD01_140005700	RIFIN-A	PfCD01_140005700	1
474	CD01	PfCD01_140006000	RIFIN-B	PfCD01_140006000	1
475	CD01	PfCD01_140006100	RIFIN-A	PfCD01_140006100	1
476	CD01	PfCD01_140006200	RIFIN-A	PF3D7_1000500	4
477	CD01	PfCD01_140006300	RIFIN-B	PfCD01_140006300	1
478	CD01	PfCD01_140084600	RIFIN-A	PfCD01_140084600	1
479	CD01	PfCD01_140084700	RIFIN-A	PfDd2_010019200	2
480	CD01	PfCD01_140084800	RIFIN-A	PfCD01_140084800	1
481	CD01	PfCD01_140085000	RIFIN-B	PfCD01_140085000	1
482	CD01	PfCD01_140085300	RIFIN-A	PfCD01_140085300	2
483	CD01	PfCD01_140085500	RIFIN-A	PfCD01_140085500	1
484	CD01	PfCD01_140085700	RIFIN-A	Pf7G8-2_000183500	4
485	CD01	PfCD01_140085900	RIFIN-B	PfCD01_140085900	1
486	CD01	PfCD01_140086000	RIFIN-A	PfCD01_140086000	3
487	CD01	PfCD01_140086200	RIFIN-A	PF3D7_0100200	4
488	Dd2	PfDd2_010005600	RIFIN-A	PfDd2_010005600	1
489	Dd2	PfDd2_010005700	RIFIN-B	PfDd2_010005700	7
490	Dd2	PfDd2_010018200	RIFIN-B	PF3D7_0114700	16
491	Dd2	PfDd2_010018800	RIFIN-A	PfDd2_010018800	2
492	Dd2	PfDd2_010018900	RIFIN-B	PfDd2_010018900	1
493	Dd2	PfDd2_010019000	RIFIN-B	PfDd2_010019000	1
494	Dd2	PfDd2_010019100	RIFIN-A	PfDd2_010019100	1
495	Dd2	PfDd2_010019200	RIFIN-A	PfDd2_010019200	2
496	Dd2	PfDd2_010019300	RIFIN-A	PfDd2_010019300	6
497	Dd2	PfDd2_020024700	RIFIN-A	PfDd2_020024700	1
498	Dd2	PfDd2_020024900	RIFIN-A	PfDd2_020024900	1
499	Dd2	PfDd2_020025300	RIFIN-A	PF3D7_0101600	3
500	Dd2	PfDd2_030005500	RIFIN-A	PF3D7_0632700	9
501	Dd2	PfDd2_030005600	RIFIN-B	PF3D7_0900300	9
502	Dd2	PfDd2_030005700	RIFIN-A	PfDd2_030005700	1
503	Dd2	PfDd2_030005800	RIFIN-A	PF3D7_0300800	11
504	Dd2	PfDd2_030029500	RIFIN-A	PfDd2_030029500	3
505	Dd2	PfDd2_030029600	RIFIN-B	PfDd2_030029600	1
506	Dd2	PfDd2_030029700	RIFIN-A	PfDd2_030029700	1
507	Dd2	PfDd2_040005200	RIFIN-A	PfDd2_040005200	4
508	Dd2	PfDd2_040005300	RIFIN-A	PfDd2_040005300	1
509	Dd2	PfDd2_040005700	RIFIN-B	PfDd2_040005700	5
510	Dd2	PfDd2_040005800	RIFIN-A	PfDd2_040005800	4
511	Dd2	PfDd2_040006200	RIFIN-A	PfDd2_040006200	9
512	Dd2	PfDd2_040007500	RIFIN-A	PF3D7_0402500	16
513	Dd2	PfDd2_040007700	RIFIN-A	PF3D7_0402700	16
514	Dd2	PfDd2_040018300	RIFIN-A	PfDd2_040018300	6
515	Dd2	PfDd2_040018400	RIFIN-A	PF3D7_0413300	10
516	Dd2	PfDd2_040026100	RIFIN-A	PfDd2_040026100	3
517	Dd2	PfDd2_040026500	RIFIN-A	PF3D7_0421500	12
518	Dd2	PfDd2_040030600	RIFIN-A	PfDd2_040030600	1
519	Dd2	PfDd2_040030800	RIFIN-B	PfDd2_040030800	1
520	Dd2	PfDd2_040030900	RIFIN-A	PfDd2_040030900	1
521	Dd2	PfDd2_040031000	RIFIN-B	PfDd2_040031000	1
522	Dd2	PfDd2_040031100	RIFIN-A	PfDd2_040031100	3
523	Dd2	PfDd2_040031200	RIFIN-B	PfDd2_040031200	1
524	Dd2	PfDd2_050005100	RIFIN-A	PfDd2_050005100	1
525	Dd2	PfDd2_050005200	RIFIN-B	PfDd2_050005200	4
526	Dd2	PfDd2_050005300	RIFIN-A	PfDd2_050005300	1
527	Dd2	PfDd2_050005600	RIFIN-A	PfDd2_050005600	4
528	Dd2	PfDd2_050005800	RIFIN-B	PF3D7_0500500	12
529	Dd2	PfDd2_050037700	RIFIN-A	PfDd2_050037700	1
530	Dd2	PfDd2_050037800	RIFIN-B	PfDd2_050037800	1
531	Dd2	PfDd2_050038000	RIFIN-A	PfDd2_050038000	1
532	Dd2	PfDd2_050038100	RIFIN-B	PfDd2_050038100	1
533	Dd2	PfDd2_050038500	RIFIN-A	PfDd2_050038500	1
534	Dd2	PfDd2_050038600	RIFIN-A	PfDd2_050038600	1
535	Dd2	PfDd2_050038700	RIFIN-B	PfDd2_050038700	1
536	Dd2	PfDd2_050038900	RIFIN-A	PfDd2_050038900	2
537	Dd2	PfDd2_060005100	RIFIN-A	PF3D7_0900400	6
538	Dd2	PfDd2_060005200	RIFIN-A	PfDd2_060005200	1
539	Dd2	PfDd2_060005300	RIFIN-A	PfDd2_060005300	1
540	Dd2	PfDd2_060005500	RIFIN-A	PfDd2_060005500	4
541	Dd2	PfDd2_060022400	RIFIN-A	PfDd2_060022400	1
542	Dd2	PfDd2_060036400	RIFIN-A	PfDd2_060036400	5
543	Dd2	PfDd2_060036500	RIFIN-B	PfDd2_060036500	3
544	Dd2	PfDd2_060036600	RIFIN-B	PfDd2_060036600	4
545	Dd2	PfDd2_060036800	RIFIN-A	PfDd2_060036800	4
546	Dd2	PfDd2_070005400	RIFIN-A	PfDd2_070005400	1
547	Dd2	PfDd2_070005600	RIFIN-A	PfDd2_070005600	1
548	Dd2	PfDd2_070005700	RIFIN-B	PfDd2_070005700	1
549	Dd2	PfDd2_070005800	RIFIN-A	PfDd2_070005800	1
550	Dd2	PfDd2_070006000	RIFIN-A	PF3D7_0701800	15
551	Dd2	PfDd2_070016600	RIFIN-A	PF3D7_0713000	14
552	Dd2	PfDd2_070035200	RIFIN-A	PfDd2_070035200	2
553	Dd2	PfDd2_070035300	RIFIN-A	PfDd2_070035300	2
554	Dd2	PfDd2_070035500	RIFIN-A	PfDd2_070035500	1
555	Dd2	PfDd2_070035600	RIFIN-A	PfDd2_070035600	2
556	Dd2	PfDd2_080005600	RIFIN-A	PfDd2_080005600	5
557	Dd2	PfDd2_080005900	RIFIN-A	PfDd2_080005900	1
558	Dd2	PfDd2_080014200	RIFIN-A	PfDd2_080014200	3
559	Dd2	PfDd2_090006200	RIFIN-A	PF3D7_0300700	8
560	Dd2	PfDd2_090006300	RIFIN-A	PfDd2_090006300	2
561	Dd2	PfDd2_090006500	RIFIN-B	PfDd2_090006500	2
562	Dd2	PfDd2_090006600	RIFIN-A	PfDd2_090006600	3
563	Dd2	PfDd2_090006900	RIFIN-A	PfDd2_090006900	6
564	Dd2	PfDd2_090042600	RIFIN-B	PfDd2_090042600	9
565	Dd2	PfDd2_090042700	RIFIN-A	PfDd2_090042700	6
566	Dd2	PfDd2_090042800	RIFIN-B	PfDd2_090042800	1
567	Dd2	PfDd2_100005200	RIFIN-A	PfDd2_100005200	3
568	Dd2	PfDd2_100005300	RIFIN-A	PfDd2_100005300	1
569	Dd2	PfDd2_100005400	RIFIN-A	PfDd2_100005400	1
570	Dd2	PfDd2_100005800	RIFIN-A	PfDd2_100005800	1
571	Dd2	PfDd2_100005900	RIFIN-B	PF3D7_1000600	8
572	Dd2	PfDd2_100044800	RIFIN-A	PF3D7_1101400	5
573	Dd2	PfDd2_100044900	RIFIN-B	PfDd2_100044900	2
574	Dd2	PfDd2_100045100	RIFIN-A	PfDd2_100045100	1
575	Dd2	PfDd2_100045400	RIFIN-A	PfDd2_100045400	6
576	Dd2	PfDd2_100045500	RIFIN-B	PfDd2_100045500	2
577	Dd2	PfDd2_100045700	RIFIN-A	PfDd2_100045700	2
578	Dd2	PfDd2_100045800	RIFIN-A	PfDd2_100045800	8
579	Dd2	PfDd2_110052400	RIFIN-B	PF3D7_1149800	6
580	Dd2	PfDd2_110052600	RIFIN-A	PfDd2_110052600	1
581	Dd2	PfDd2_110052700	RIFIN-A	PfDd2_110052700	1
582	Dd2	PfDd2_110052900	RIFIN-B	PfDd2_110052900	1
583	Dd2	PfDd2_110053100	RIFIN-A	PfDd2_110053100	1
584	Dd2	PfDd2_110053200	RIFIN-A	PF3D7_1300400	16
585	Dd2	PfDd2_120005000	RIFIN-A	PfDd2_120005000	3
586	Dd2	PfDd2_120005300	RIFIN-B	PfDd2_120005300	2
587	Dd2	PfDd2_120005400	RIFIN-A	PfDd2_120005400	2
588	Dd2	PfDd2_120045400	RIFIN-A	PfDd2_120045400	1
589	Dd2	PfDd2_120045500	RIFIN-A	PfDd2_120045500	2
590	Dd2	PfDd2_130005800	RIFIN-A	PfDd2_130005800	1
591	Dd2	PfDd2_130005900	RIFIN-B	PfDd2_130005900	1
592	Dd2	PfDd2_130006000	RIFIN-A	PfDd2_130006000	1
593	Dd2	PfDd2_130006100	RIFIN-A	PfDd2_130006100	1
594	Dd2	PfDd2_130006300	RIFIN-A	PfDd2_130006300	1
595	Dd2	PfDd2_130077700	RIFIN-B	PF3D7_1372600	15
596	Dd2	PfDd2_130077800	RIFIN-A	PfDd2_130077800	9
597	Dd2	PfDd2_130077900	RIFIN-B	PfDd2_130077900	2
598	Dd2	PfDd2_130078000	RIFIN-B	PfDd2_130078000	2
599	Dd2	PfDd2_130078100	RIFIN-B	PfDd2_130078100	2
600	Dd2	PfDd2_130078300	RIFIN-A	PfDd2_130078300	4
601	Dd2	PfDd2_130078500	RIFIN-A	PfDd2_130078500	3
602	Dd2	PfDd2_130078600	RIFIN-A	PfDd2_130078600	2
603	Dd2	PfDd2_140005000	RIFIN-A	PfDd2_140005000	4
604	Dd2	PfDd2_140005100	RIFIN-B	PfDd2_140005100	4
605	Dd2	PfDd2_140005200	RIFIN-B	PfDd2_140005200	5
606	Dd2	PfDd2_140083300	RIFIN-A	PF3D7_1253700	13
607	Dd2	PfDd2_140083600	RIFIN-B	PfDd2_140083600	1
608	Dd2	PfDd2_140083700	RIFIN-A	PfDd2_140083700	3
609	GA01	PfGA01_000006000	RIFIN-A	PF3D7_0201200	10
610	GA01	PfGA01_000006100	RIFIN-A	Pf7G8-2_000049300	9
611	GA01	PfGA01_000006300	RIFIN-B	PF3D7_0201000	3
612	GA01	PfGA01_000006500	RIFIN-A	PfGA01_000006500	1
613	GA01	PfGA01_000006600	RIFIN-A	PfDd2_010005400	10
614	GA01	PfGA01_000006800	RIFIN-B	PF3D7_0632600	6
615	GA01	PfGA01_000007000	RIFIN-B	PfGA01_000007000	2
616	GA01	PfGA01_000007300	RIFIN-B	PfGA01_000007300	1
617	GA01	PfGA01_000007600	RIFIN-A	PfGA01_000007600	1
618	GA01	PfGA01_000009500	RIFIN-A	PF3D7_0200200	4
619	GA01	PfGA01_000009700	RIFIN-A	PF3D7_1101100	4
620	GA01	PfGA01_000009800	RIFIN-B	PfGA01_000009800	1
621	GA01	PfGA01_000009900	RIFIN-A	PfGA01_000009900	1
622	GA01	PfGA01_000010000	RIFIN-A	PfGA01_000010000	1
623	GA01	PfGA01_000010100	RIFIN-B	PfDd2_100044900	2
624	GA01	PfGA01_000010200	RIFIN-A	PF3D7_0701300	5
625	GA01	PfGA01_010005700	RIFIN-A	PfDd2_040005200	4
626	GA01	PfGA01_010005900	RIFIN-A	PfGA01_010005900	1
627	GA01	PfGA01_010006100	RIFIN-B	PfGA01_010006100	1
628	GA01	PfGA01_010006200	RIFIN-A	PfGA01_010006200	1
629	GA01	PfGA01_010006300	RIFIN-B	PfDd2_010005700	7
630	GA01	PfGA01_010018600	RIFIN-B	PF3D7_0114700	16
631	GA01	PfGA01_010019300	RIFIN-A	PfGA01_010019300	6
632	GA01	PfGA01_010019400	RIFIN-A	PfGA01_010019400	2
633	GA01	PfGA01_010019500	RIFIN-A	PfGA01_010019500	1
634	GA01	PfGA01_010019600	RIFIN-A	PfGA01_010019600	4
635	GA01	PfGA01_010019800	RIFIN-B	PfGA01_010019800	1
636	GA01	PfGA01_010020200	RIFIN-A	PfGA01_010020200	1
637	GA01	PfGA01_020025200	RIFIN-A	Pf7G8-2_000325000	6
638	GA01	PfGA01_020025300	RIFIN-B	PfGA01_020025300	1
639	GA01	PfGA01_020025400	RIFIN-A	PfGA01_020025400	5
640	GA01	PfGA01_030005900	RIFIN-A	PfGA01_030005900	4
641	GA01	PfGA01_030006000	RIFIN-B	PfGA01_030006000	1
642	GA01	PfGA01_030006100	RIFIN-A	PfGA01_030006100	1
643	GA01	PfGA01_030006300	RIFIN-B	PfGA01_030006300	1
644	GA01	PfGA01_030006400	RIFIN-B	PfGA01_030006400	1
645	GA01	PfGA01_030006500	RIFIN-A	PfCD01_030005800	4
646	GA01	PfGA01_030006800	RIFIN-A	PfGA01_030006800	1
647	GA01	PfGA01_030006900	RIFIN-B	PfGA01_030006900	1
648	GA01	PfGA01_030007100	RIFIN-A	PfGA01_030007100	2
649	GA01	PfGA01_030007200	RIFIN-A	PF3D7_0300800	11
650	GA01	PfGA01_030031100	RIFIN-A	PfGA01_030031100	1
651	GA01	PfGA01_030031200	RIFIN-A	PfGA01_030031200	1
652	GA01	PfGA01_030031400	RIFIN-B	PfGA01_030031400	1
653	GA01	PfGA01_030031500	RIFIN-A	PfGA01_030031500	1
654	GA01	PfGA01_030031600	RIFIN-A	PfGA01_030031600	1
655	GA01	PfGA01_030031800	RIFIN-A	PfGA01_030031800	4
656	GA01	PfGA01_030031900	RIFIN-A	PfGA01_030031900	1
657	GA01	PfGA01_030032100	RIFIN-A	PfGA01_030032100	1
658	GA01	PfGA01_040005700	RIFIN-A	PF3D7_0833400	6
659	GA01	PfGA01_040005900	RIFIN-A	PfGA01_040005900	1
660	GA01	PfGA01_040006000	RIFIN-A	PfGA01_040006000	1
661	GA01	PfGA01_040007100	RIFIN-A	PF3D7_0402500	16
662	GA01	PfGA01_040007300	RIFIN-A	PF3D7_0402700	16
663	GA01	PfGA01_040017600	RIFIN-A	PF3D7_0413200	10
664	GA01	PfGA01_040017700	RIFIN-A	PF3D7_0413300	10
665	GA01	PfGA01_040025600	RIFIN-A	PfDd2_040026100	3
666	GA01	PfGA01_040025900	RIFIN-A	PfGA01_040025900	1
667	GA01	PfGA01_040030800	RIFIN-A	PfGA01_040030800	1
668	GA01	PfGA01_050004000	RIFIN-A	PF3D7_0833000	3
669	GA01	PfGA01_050005100	RIFIN-B	PfGA01_050005100	1
670	GA01	PfGA01_050005200	RIFIN-B	PfGA01_050005200	1
671	GA01	PfGA01_050005300	RIFIN-B	PF3D7_0500500	12
672	GA01	PfGA01_050036800	RIFIN-B	PF3D7_0532900	15
673	GA01	PfGA01_050037100	RIFIN-A	PF3D7_1300500	3
674	GA01	PfGA01_050037200	RIFIN-A	PfCD01_030006200	4
675	GA01	PfGA01_050037400	RIFIN-A	PfGA01_050037400	2
676	GA01	PfGA01_060005200	RIFIN-A	PF3D7_0400700	4
677	GA01	PfGA01_060005500	RIFIN-B	Pf7G8-2_000403200	4
678	GA01	PfGA01_060005700	RIFIN-A	PfGA01_060005700	1
679	GA01	PfGA01_060022700	RIFIN-A	PF3D7_0617700	6
680	GA01	PfGA01_070005200	RIFIN-A	PF3D7_0701800	15
681	GA01	PfGA01_070015700	RIFIN-B	PfGA01_070015700	1
682	GA01	PfGA01_070016000	RIFIN-A	PF3D7_0713000	14
683	GA01	PfGA01_070034700	RIFIN-B	PfGA01_070034700	3
684	GA01	PfGA01_070034800	RIFIN-A	PfGA01_070034800	3
685	GA01	PfGA01_070035000	RIFIN-A	PfGA01_070035000	2
686	GA01	PfGA01_070035700	RIFIN-B	PF3D7_1040100	4
687	GA01	PfGA01_070035800	RIFIN-A	PfGA01_070035800	1
688	GA01	PfGA01_070035900	RIFIN-A	PfGA01_070035900	1
689	GA01	PfGA01_070036000	RIFIN-B	PfGA01_070036000	1
690	GA01	PfGA01_070036100	RIFIN-A	PfGA01_070036100	1
691	GA01	PfGA01_070036200	RIFIN-B	PfGA01_070036200	1
692	GA01	PfGA01_070036300	RIFIN-A	PfGA01_070036300	1
693	GA01	PfGA01_080035600	RIFIN-B	PF3D7_0832800	4
694	GA01	PfGA01_080035800	RIFIN-A	PfGA01_080035800	1
695	GA01	PfGA01_080035900	RIFIN-A	PfGA01_080035900	1
696	GA01	PfGA01_080036100	RIFIN-B	PF3D7_0500400	6
697	GA01	PfGA01_080036200	RIFIN-A	PfGA01_080036200	1
698	GA01	PfGA01_080036300	RIFIN-B	PfGA01_080036300	1
699	GA01	PfGA01_080036600	RIFIN-A	PfGA01_080036600	3
700	GA01	PfGA01_080036700	RIFIN-A	PfGA01_080036700	1
701	GA01	PfGA01_080036800	RIFIN-A	PF3D7_0223400	7
702	GA01	PfGA01_090005400	RIFIN-A	PfGA01_090005400	1
703	GA01	PfGA01_090005600	RIFIN-A	PF3D7_1300400	16
704	GA01	PfGA01_090005700	RIFIN-B	PfGA01_090005700	2
705	GA01	PfGA01_090005900	RIFIN-A	PfGA01_090005900	2
706	GA01	PfGA01_090006000	RIFIN-B	PfGA01_090006000	1
707	GA01	PfGA01_100005500	RIFIN-A	PF3D7_1255100	3
708	GA01	PfGA01_100005600	RIFIN-B	PfGA01_100005600	1
709	GA01	PfGA01_100005700	RIFIN-A	PfGA01_100005700	3
710	GA01	PfGA01_100005900	RIFIN-A	PfGA01_100005900	1
711	GA01	PfGA01_100006000	RIFIN-B	PfGA01_100006000	1
712	GA01	PfGA01_100006100	RIFIN-A	PfGA01_100006100	1
713	GA01	PfGA01_100006200	RIFIN-B	PfCD01_100006000	5
714	GA01	PfGA01_100045100	RIFIN-A	PfGA01_100045100	1
715	GA01	PfGA01_100045200	RIFIN-A	PfGA01_100045200	1
716	GA01	PfGA01_110005500	RIFIN-A	PfGA01_110005500	1
717	GA01	PfGA01_110005700	RIFIN-A	PfGA01_110005700	2
718	GA01	PfGA01_110005900	RIFIN-A	PfGA01_110005900	1
719	GA01	PfGA01_110006000	RIFIN-B	PfGA01_110006000	1
720	GA01	PfGA01_110006100	RIFIN-A	PF3D7_0631700	5
721	GA01	PfGA01_110053300	RIFIN-A	PfDd2_040006200	9
722	GA01	PfGA01_110053600	RIFIN-B	PfDd2_040005700	5
723	GA01	PfGA01_110053700	RIFIN-A	PfGA01_110053700	1
724	GA01	PfGA01_110053800	RIFIN-B	PfGA01_110053800	2
725	GA01	PfGA01_110054100	RIFIN-A	PfGA01_110054100	1
726	GA01	PfGA01_110054300	RIFIN-A	PfGA01_110054300	1
727	GA01	PfGA01_120005600	RIFIN-A	PfCD01_000008400	3
728	GA01	PfGA01_120045000	RIFIN-B	PfGA01_120045000	2
729	GA01	PfGA01_120045200	RIFIN-B	PfGA01_120045200	1
730	GA01	PfGA01_120045400	RIFIN-B	PfGA01_120045400	1
731	GA01	PfGA01_120045600	RIFIN-A	Pf7G8-2_000389900	3
732	GA01	PfGA01_120045700	RIFIN-A	Pf7G8-2_000390000	3
733	GA01	PfGA01_120046000	RIFIN-A	PfGA01_120046000	1
734	GA01	PfGA01_120046100	RIFIN-A	PfGA01_120046100	1
735	GA01	PfGA01_120059400	RIFIN-A	PF3D7_1372700	3
736	GA01	PfGA01_120059900	RIFIN-A	PfGA01_120059900	1
737	GA01	PfGA01_120060000	RIFIN-A	PfGA01_120060000	1
738	GA01	PfGA01_120060100	RIFIN-A	PfGA01_120060100	1
739	GA01	PfGA01_120060300	RIFIN-A	PfGA01_120060300	1
740	GA01	PfGA01_120060500	RIFIN-A	PfGA01_120060500	1
741	GA01	PfGA01_120060700	RIFIN-A	PfGA01_120060700	1
742	GA01	PfGA01_130005600	RIFIN-A	PfGA01_130005600	3
743	GA01	PfGA01_130005700	RIFIN-A	PfGA01_130005700	1
744	GA01	PfGA01_130005900	RIFIN-B	PfGA01_130005900	1
745	GA01	PfGA01_130006000	RIFIN-A	PfGA01_130006000	2
746	GA01	PfGA01_130006200	RIFIN-B	PfGA01_130006200	1
747	GA01	PfGA01_130006300	RIFIN-A	PfGA01_130006300	1
748	GA01	PfGA01_130006400	RIFIN-B	PfGA01_130006400	1
749	GA01	PfGA01_130078100	RIFIN-B	PF3D7_1372600	15
750	GA01	PfGA01_130078200	RIFIN-B	PfGA01_130078200	1
751	GA01	PfGA01_130078300	RIFIN-B	PfGA01_130078300	1
752	GA01	PfGA01_130078500	RIFIN-A	PfGA01_130078500	1
753	GA01	PfGA01_130078600	RIFIN-B	PfGA01_130078600	1
754	GA01	PfGA01_130078700	RIFIN-A	PfGA01_130078700	1
755	GA01	PfGA01_130079300	RIFIN-B	PfGA01_130079300	1
756	GA01	PfGA01_140005600	RIFIN-A	PfGA01_140005600	1
757	GA01	PfGA01_140006100	RIFIN-B	PfGA01_140006100	1
758	GA01	PfGA01_140006300	RIFIN-A	PfGA01_140006300	1
759	GA01	PfGA01_140084400	RIFIN-A	PF3D7_1253700	13
760	GA01	PfGA01_140084700	RIFIN-B	PF3D7_1254000	3
761	GA01	PfGA01_140084900	RIFIN-A	Pf7G8-2_000119300	3
762	GB4	PfGB4_000006300	RIFIN-B	PfGB4_000006300	1
763	GB4	PfGB4_000006500	RIFIN-A	PF3D7_0700300	8
764	GB4	PfGB4_000006600	RIFIN-A	Pf7G8-2_000215700	9
765	GB4	PfGB4_000006800	RIFIN-A	PfGB4_000006800	1
766	GB4	PfGB4_000007500	RIFIN-A	PF3D7_0222400	9
767	GB4	PfGB4_000007600	RIFIN-B	PfGB4_000007600	1
768	GB4	PfGB4_000007700	RIFIN-A	PfGB4_000007700	1
769	GB4	PfGB4_000007800	RIFIN-A	PfGB4_000007800	1
770	GB4	PfGB4_000007900	RIFIN-B	PfGB4_000007900	1
771	GB4	PfGB4_000008000	RIFIN-A	PfGB4_000008000	1
772	GB4	PfGB4_000008100	RIFIN-A	PfGB4_000008100	1
773	GB4	PfGB4_000008300	RIFIN-A	PfGB4_000008300	1
774	GB4	PfGB4_000010700	RIFIN-B	PfDd2_090042600	9
775	GB4	PfGB4_000010800	RIFIN-A	PfDd2_090042700	6
776	GB4	PfGB4_000010900	RIFIN-A	PfCD01_020006100	2
777	GB4	PfGB4_000012500	RIFIN-A	PF3D7_0201200	10
778	GB4	PfGB4_000012600	RIFIN-A	PfDd2_040006200	9
779	GB4	PfGB4_000012900	RIFIN-B	PfDd2_040005700	5
780	GB4	PfGB4_000013300	RIFIN-A	PfGB4_000013300	1
781	GB4	PfGB4_000013400	RIFIN-B	PfGB4_000013400	1
782	GB4	PfGB4_000013500	RIFIN-A	PfGB4_000013500	1
783	GB4	PfGB4_000013600	RIFIN-B	PfGB4_000013600	1
784	GB4	PfGB4_000013700	RIFIN-A	PfGB4_000013700	1
785	GB4	PfGB4_000014800	RIFIN-B	PfGB4_000014800	1
786	GB4	PfGB4_000015000	RIFIN-A	PfGB4_000015000	1
787	GB4	PfGB4_000015200	RIFIN-B	PfDd2_140005100	4
788	GB4	PfGB4_000015300	RIFIN-A	PfDd2_140005000	4
789	GB4	PfGB4_000015400	RIFIN-B	PfGB4_000015400	2
790	GB4	PfGB4_000015500	RIFIN-B	PfGB4_000015500	1
791	GB4	PfGB4_000015600	RIFIN-A	PfGB4_000015600	1
792	GB4	PfGB4_000015700	RIFIN-B	PfGB4_000015700	1
793	GB4	PfGB4_000015800	RIFIN-A	PfGB4_000015800	1
794	GB4	PfGB4_000016000	RIFIN-A	PfGA01_050037400	2
795	GB4	PfGB4_000016700	RIFIN-A	PfGB4_000016700	1
796	GB4	PfGB4_000016800	RIFIN-B	Pf7G8-2_000184400	3
797	GB4	PfGB4_000017000	RIFIN-A	Pf7G8-2_000184600:pseudogene	5
798	GB4	PfGB4_000017200	RIFIN-A	PF3D7_1373000	8
799	GB4	PfGB4_000017600	RIFIN-B	PfGB4_000017600	1
800	GB4	PfGB4_000017700	RIFIN-A	PfDd2_060036400	5
801	GB4	PfGB4_000018700	RIFIN-A	PF3D7_0115200	6
802	GB4	PfGB4_000019600	RIFIN-A	PF3D7_0937700	6
803	GB4	PfGB4_010005600	RIFIN-A	PfGB4_010005600	1
804	GB4	PfGB4_010005700	RIFIN-A	PfGB4_010005700	1
805	GB4	PfGB4_010018300	RIFIN-B	PF3D7_0114700	16
806	GB4	PfGB4_010018900	RIFIN-A	PfDd2_010018800	2
807	GB4	PfGB4_010019000	RIFIN-A	PfGB4_010019000	1
808	GB4	PfGB4_010019300	RIFIN-A	PfGB4_010019300	1
809	GB4	PfGB4_030005900	RIFIN-A	PfGB4_030005900	2
810	GB4	PfGB4_030006100	RIFIN-A	PfGB4_030006100	1
811	GB4	PfGB4_030006200	RIFIN-B	PfGB4_030006200	2
812	GB4	PfGB4_030006400	RIFIN-A	PfGB4_030006400	2
813	GB4	PfGB4_030006500	RIFIN-A	PfGB4_030006500	3
814	GB4	PfGB4_030006700	RIFIN-A	PF3D7_0300700	8
815	GB4	PfGB4_030030100	RIFIN-A	PfGB4_030030100	1
816	GB4	PfGB4_030030200	RIFIN-A	PfGB4_030030200	1
817	GB4	PfGB4_030030300	RIFIN-B	PfGB4_030030300	1
818	GB4	PfGB4_030030700	RIFIN-A	PF3D7_1101100	4
819	GB4	PfGB4_040005700	RIFIN-A	Pf7G8-2_000403300	4
820	GB4	PfGB4_040005900	RIFIN-A	PfGB4_040005900	1
821	GB4	PfGB4_040006100	RIFIN-A	PfGB4_040006100	1
822	GB4	PfGB4_040006300	RIFIN-A	PfGB4_040006300	1
823	GB4	PfGB4_040006400	RIFIN-A	PfCD01_040005900	3
824	GB4	PfGB4_040007600	RIFIN-A	PF3D7_0402500	16
825	GB4	PfGB4_040018500	RIFIN-A	PfDd2_040018300	6
826	GB4	PfGB4_040030400	RIFIN-A	PfGB4_040030400	2
827	GB4	PfGB4_040030500	RIFIN-A	Pf7G8-2_000049300	9
828	GB4	PfGB4_040030700	RIFIN-B	PF3D7_0900300	9
829	GB4	PfGB4_040030800	RIFIN-A	PF3D7_0632700	9
830	GB4	PfGB4_040030900	RIFIN-B	PfGB4_040030900	1
831	GB4	PfGB4_040031000	RIFIN-B	PfGB4_040031000	1
832	GB4	PfGB4_040031100	RIFIN-B	PfGB4_040031100	1
833	GB4	PfGB4_040031200	RIFIN-A	PfGB4_040031200	2
834	GB4	PfGB4_040031400	RIFIN-A	PF3D7_0425900	6
835	GB4	PfGB4_050005500	RIFIN-A	PfGB4_050005500	1
836	GB4	PfGB4_050005600	RIFIN-B	PfGB4_050005600	2
837	GB4	PfGB4_050005700	RIFIN-A	PfDd2_100045400	6
838	GB4	PfGB4_050006000	RIFIN-B	PF3D7_0500500	12
839	GB4	PfGB4_050038800	RIFIN-A	PfGB4_050038800	3
840	GB4	PfGB4_050039000	RIFIN-B	Pf7G8-2_000247800	3
841	GB4	PfGB4_050039100	RIFIN-A	PfGB4_050039100	1
842	GB4	PfGB4_060022100	RIFIN-A	Pf7G8-2_000170000:pseudogene	4
843	GB4	PfGB4_070005900	RIFIN-A	PfGB4_070005900	1
844	GB4	PfGB4_070006100	RIFIN-A	PfGB4_070006100	1
845	GB4	PfGB4_070006300	RIFIN-A	PfGB4_070006300	1
846	GB4	PfGB4_070006600	RIFIN-A	PfGB4_070006600	1
847	GB4	PfGB4_070006700	RIFIN-B	PfGB4_070006700	1
848	GB4	PfGB4_070006800	RIFIN-A	PfGB4_070006800	2
849	GB4	PfGB4_070006900	RIFIN-B	PfGB4_070006900	1
850	GB4	PfGB4_070007000	RIFIN-A	PF3D7_0701800	15
851	GB4	PfGB4_070017400	RIFIN-A	Pf7G8-2_000196300	7
852	GB4	PfGB4_070018300	RIFIN-A	PF3D7_0713000	14
853	GB4	PfGB4_070036700	RIFIN-B	PF3D7_0731900	15
854	GB4	PfGB4_070036900	RIFIN-A	PfGB4_070036900	4
855	GB4	PfGB4_070037100	RIFIN-A	PfGB4_070037100	2
856	GB4	PfGB4_070037200	RIFIN-A	PfGB4_070037200	1
857	GB4	PfGB4_070037300	RIFIN-A	PfDd2_100045800	8
858	GB4	PfGB4_070037500	RIFIN-A	PfDd2_010005400	10
859	GB4	PfGB4_080037000	RIFIN-A	PfGA01_030031800	4
860	GB4	PfGB4_080037100	RIFIN-A	PF3D7_1300400	16
861	GB4	PfGB4_080037400	RIFIN-A	PfGB4_080037400	1
862	GB4	PfGB4_090005600	RIFIN-A	PfGB4_090005600	1
863	GB4	PfGB4_090005900	RIFIN-B	PfGB4_090005900	1
864	GB4	PfGB4_090006000	RIFIN-A	Pf7G8-2_000183500	4
865	GB4	PfGB4_090006100	RIFIN-A	PfGA01_090005900	2
866	GB4	PfGB4_090006300	RIFIN-A	PfGB4_090006300	1
867	GB4	PfGB4_090006500	RIFIN-A	PF3D7_0901400	3
868	GB4	PfGB4_090006600	RIFIN-A	PF3D7_0901500	3
869	GB4	PfGB4_100005000	RIFIN-A	PF3D7_1150300	3
870	GB4	PfGB4_100005100	RIFIN-A	PfGB4_100005100	1
871	GB4	PfGB4_100005200	RIFIN-A	PfGB4_100005200	1
872	GB4	PfGB4_100005500	RIFIN-B	PF3D7_1254500	4
873	GB4	PfGB4_100005600	RIFIN-A	PfGB4_100005600	1
874	GB4	PfGB4_100005700	RIFIN-B	PfCD01_100006000	5
875	GB4	PfGB4_110006700	RIFIN-A	PfGB4_110006700	1
876	GB4	PfGB4_110007000	RIFIN-A	PfGB4_110007000	1
877	GB4	PfGB4_110007300	RIFIN-B	PfGB4_110007300	1
878	GB4	PfGB4_110007500	RIFIN-A	PfGB4_110007500	1
879	GB4	PfGB4_110007600	RIFIN-A	PfGB4_110007600	1
880	GB4	PfGB4_110007700	RIFIN-A	PF3D7_0732400	7
881	GB4	PfGB4_110007800	RIFIN-B	PfGB4_110007800	1
882	GB4	PfGB4_110008000	RIFIN-A	PfGB4_110008000	1
883	GB4	PfGB4_110008100	RIFIN-A	PF3D7_1101400	5
884	GB4	PfGB4_110055700	RIFIN-A	PfGB4_110055700	1
885	GB4	PfGB4_110056000	RIFIN-A	PfGB4_110056000	1
886	GB4	PfGB4_110056200	RIFIN-A	PfGB4_110056200	1
887	GB4	PfGB4_110056300	RIFIN-A	PfGA01_010019600	4
888	GB4	PfGB4_110056400	RIFIN-A	PfGB4_110056400	2
889	GB4	PfGB4_110056500	RIFIN-A	PfCD01_020006300	3
890	GB4	PfGB4_110056700	RIFIN-B	PfCD01_000006300	4
891	GB4	PfGB4_110056800	RIFIN-B	PfGB4_110056800	1
892	GB4	PfGB4_110056900	RIFIN-B	PfGB4_110056900	1
893	GB4	PfGB4_110057000	RIFIN-B	PfDd2_060036600	4
894	GB4	PfGB4_110057200	RIFIN-A	PfGB4_110057200	1
895	GB4	PfGB4_120005500	RIFIN-A	PfCD01_140086000	3
896	GB4	PfGB4_130005800	RIFIN-A	PfGB4_130005800	1
897	GB4	PfGB4_130005900	RIFIN-A	PfGB4_130005900	2
898	GB4	PfGB4_130006200	RIFIN-B	PfGB4_130006200	1
899	GB4	PfGB4_130006300	RIFIN-A	PF3D7_1400600	3
900	GB4	PfGB4_130006400	RIFIN-A	PfGB4_130006400	1
901	GB4	PfGB4_130006500	RIFIN-B	PfGB4_130006500	1
902	GB4	PfGB4_130077900	RIFIN-B	PF3D7_1372600	15
903	GB4	PfGB4_130078000	RIFIN-A	PfDd2_130077800	9
904	GB4	PfGB4_130078100	RIFIN-B	PfGB4_130078100	1
905	GB4	PfGB4_130078200	RIFIN-A	PF3D7_0900200	8
906	GB4	PfGB4_130078700	RIFIN-B	PfGB4_130078700	1
907	GB4	PfGB4_130078800	RIFIN-B	PfGB4_130078800	1
908	GB4	PfGB4_130078900	RIFIN-B	PfGB4_130078900	1
909	GB4	PfGB4_130079000	RIFIN-A	PfGB4_130079000	1
910	GB4	PfGB4_130079100	RIFIN-A	PfGB4_130079100	1
911	GB4	PfGB4_130079300	RIFIN-A	PfGA01_030005900	4
912	GB4	PfGB4_140005600	RIFIN-A	PF3D7_0833400	6
913	GB4	PfGB4_140006000	RIFIN-B	PfGA01_110053800	2
914	GB4	PfGB4_140006200	RIFIN-A	PF3D7_0833100	3
915	GB4	PfGB4_140006300	RIFIN-A	PfGB4_140006300	1
916	GB4	PfGB4_140006400	RIFIN-A	PfGB4_140006400	1
917	GB4	PfGB4_140006500	RIFIN-B	PfGB4_140006500	3
918	GB4	PfGB4_140006700	RIFIN-A	PfGB4_140006700	1
919	GB4	PfGB4_140006800	RIFIN-A	PfDd2_040006300	7
920	GB4	PfGB4_140085000	RIFIN-B	Pf7G8-2_000552600	5
921	GB4	PfGB4_140085300	RIFIN-A	PfCD01_130005600	3
922	GN01	PfGN01_010005200	RIFIN-A	PfGN01_010005200	1
923	GN01	PfGN01_010005300	RIFIN-B	PfGB4_010019200	3
924	GN01	PfGN01_010005500	RIFIN-A	PF3D7_1373000	8
925	GN01	PfGN01_010005800	RIFIN-B	PfGN01_010005800	1
926	GN01	PfGN01_010005900	RIFIN-A	PfGN01_010005900	1
927	GN01	PfGN01_010006000	RIFIN-A	PfGN01_010006000	1
928	GN01	PfGN01_010006400	RIFIN-B	PfGN01_010006400	1
929	GN01	PfGN01_010018600	RIFIN-B	PF3D7_0114700	16
930	GN01	PfGN01_010019200	RIFIN-A	PfGA01_010019300	6
931	GN01	PfGN01_010019300	RIFIN-B	Pf7G8-2_000119700	3
932	GN01	PfGN01_010019400	RIFIN-A	PfGN01_010019400	1
933	GN01	PfGN01_010019500	RIFIN-A	PfGN01_010019500	2
934	GN01	PfGN01_010019600	RIFIN-B	PfGN01_010019600	1
935	GN01	PfGN01_010019700	RIFIN-A	PfGN01_010019700	1
936	GN01	PfGN01_010019900	RIFIN-A	PfGN01_010019900	1
937	GN01	PfGN01_010020300	RIFIN-A	PfDd2_100045400	6
938	GN01	PfGN01_020005700	RIFIN-A	PfGN01_020005700	1
939	GN01	PfGN01_020005800	RIFIN-B	PF3D7_0632600	6
940	GN01	PfGN01_020006000	RIFIN-A	PfGN01_020006000	2
941	GN01	PfGN01_020006100	RIFIN-B	PfGN01_020006100	1
942	GN01	PfGN01_020006500	RIFIN-A	PfGB4_110056400	2
943	GN01	PfGN01_020006600	RIFIN-A	Pf7G8-2_000049300	9
944	GN01	PfGN01_020006700	RIFIN-A	PF3D7_0201200	10
945	GN01	PfGN01_020027400	RIFIN-A	PF3D7_0222400	9
946	GN01	PfGN01_020027500	RIFIN-B	PfGN01_020027500	1
947	GN01	PfGN01_020027600	RIFIN-B	PfGN01_020027600	1
948	GN01	PfGN01_020027800	RIFIN-A	PfGN01_020027800	1
949	GN01	PfGN01_020028000	RIFIN-B	PfGN01_020028000	1
950	GN01	PfGN01_020028100	RIFIN-A	Pf7G8-2_000285700	5
951	GN01	PfGN01_030005700	RIFIN-A	PfGN01_030005700	1
952	GN01	PfGN01_030005900	RIFIN-A	PfDd2_100045800	8
953	GN01	PfGN01_030006000	RIFIN-A	PfDd2_100045700	2
954	GN01	PfGN01_030006200	RIFIN-B	PfGN01_030006200	1
955	GN01	PfGN01_030006500	RIFIN-A	PF3D7_0300800	11
956	GN01	PfGN01_030030100	RIFIN-A	PfCD01_030029900	3
957	GN01	PfGN01_030030300	RIFIN-A	PfGN01_030030300	1
958	GN01	PfGN01_030030600	RIFIN-A	PfGN01_030030600	1
959	GN01	PfGN01_030030700	RIFIN-A	PF3D7_0937700	6
960	GN01	PfGN01_040005300	RIFIN-B	PfGN01_040005300	1
961	GN01	PfGN01_040005400	RIFIN-A	PfGN01_040005400	2
962	GN01	PfGN01_040005500	RIFIN-B	PfGN01_040005500	1
963	GN01	PfGN01_040005600	RIFIN-A	PfGN01_040005600	1
964	GN01	PfGN01_040006200	RIFIN-A	PF3D7_0300700	8
965	GN01	PfGN01_040007500	RIFIN-A	PF3D7_0402500	16
966	GN01	PfGN01_040007700	RIFIN-A	PF3D7_0402700	16
967	GN01	PfGN01_040018600	RIFIN-A	PfDd2_040018300	6
968	GN01	PfGN01_040026600	RIFIN-A	PF3D7_0421500	12
969	GN01	PfGN01_040030800	RIFIN-B	PfGN01_040030800	1
970	GN01	PfGN01_040030900	RIFIN-A	PfGN01_040030900	1
971	GN01	PfGN01_040031000	RIFIN-B	PfGN01_040031000	1
972	GN01	PfGN01_040031200	RIFIN-A	PfGN01_040031200	1
973	GN01	PfGN01_040031400	RIFIN-A	PfGN01_040031400	1
974	GN01	PfGN01_040031900	RIFIN-A	PF3D7_0223400	7
975	GN01	PfGN01_050005000	RIFIN-A	PfGN01_050005000	1
976	GN01	PfGN01_050005100	RIFIN-B	PfGN01_050005100	1
977	GN01	PfGN01_050005300	RIFIN-A	PfGN01_050005300	1
978	GN01	PfGN01_050005500	RIFIN-B	PfGN01_050005500	1
979	GN01	PfGN01_050005600	RIFIN-A	PfGN01_050005600	1
980	GN01	PfGN01_050005700	RIFIN-B	Pf7G8-2_000120000:pseudogene	4
981	GN01	PfGN01_050037700	RIFIN-A	PfGN01_050037700	1
982	GN01	PfGN01_060006200	RIFIN-A	PfGN01_060006200	1
983	GN01	PfGN01_060006300	RIFIN-A	PfGN01_060006300	1
984	GN01	PfGN01_060006400	RIFIN-B	PfGN01_060006400	1
985	GN01	PfGN01_060006500	RIFIN-A	PfGN01_060006500	1
986	GN01	PfGN01_060023400	RIFIN-A	PF3D7_0712500	14
987	GN01	PfGN01_060038000	RIFIN-A	PfGN01_060038000	1
988	GN01	PfGN01_060038200	RIFIN-B	PF3D7_0900300	9
989	GN01	PfGN01_060038300	RIFIN-A	Pf7G8-2_000184300	3
990	GN01	PfGN01_060038500	RIFIN-B	PfGB4_000015400	2
991	GN01	PfGN01_070005400	RIFIN-A	PfGN01_070005400	1
992	GN01	PfGN01_070005700	RIFIN-B	PfGN01_070005700	1
993	GN01	PfGN01_070005800	RIFIN-A	PfGN01_070005800	1
994	GN01	PfGN01_070006400	RIFIN-A	PfGN01_070006400	1
995	GN01	PfGN01_070006700	RIFIN-B	PF3D7_1254500	4
996	GN01	PfGN01_070006800	RIFIN-A	PF3D7_0701800	15
997	GN01	PfGN01_070017100	RIFIN-B	PfGN01_070017100	1
998	GN01	PfGN01_070018000	RIFIN-A	PF3D7_0713000	14
999	GN01	PfGN01_070036600	RIFIN-B	PF3D7_0731900	15
1000	GN01	PfGN01_070036800	RIFIN-A	PfGN01_070036800	1
1001	GN01	PfGN01_070036900	RIFIN-B	PfGN01_070036900	1
1002	GN01	PfGN01_070037100	RIFIN-A	PF3D7_1254700	5
1003	GN01	PfGN01_080005500	RIFIN-A	PfGN01_080005500	1
1004	GN01	PfGN01_080005600	RIFIN-B	PfGN01_080005600	1
1005	GN01	PfGN01_080005800	RIFIN-A	PfGN01_080005800	1
1006	GN01	PfGN01_080006000	RIFIN-B	PfGN01_080006000	1
1007	GN01	PfGN01_080006100	RIFIN-A	PfGA01_100005700	3
1008	GN01	PfGN01_080006300	RIFIN-B	PfGN01_080006300	2
1009	GN01	PfGN01_080006400	RIFIN-A	PF3D7_0800500	3
1010	GN01	PfGN01_080038000	RIFIN-B	PfGN01_080038000	1
1011	GN01	PfGN01_080038100	RIFIN-A	PfGN01_080038100	1
1012	GN01	PfGN01_080038300	RIFIN-A	PfGN01_080038300	1
1013	GN01	PfGN01_090005900	RIFIN-A	PfGN01_090005900	1
1014	GN01	PfGN01_090006000	RIFIN-B	PfGB4_050005600	2
1015	GN01	PfGN01_090006100	RIFIN-A	PfGN01_090006100	1
1016	GN01	PfGN01_090006200	RIFIN-B	Pf7G8-2_000249400:pseudogene	3
1017	GN01	PfGN01_090006500	RIFIN-A	PfDd2_090006900	6
1018	GN01	PfGN01_090042500	RIFIN-A	PF3D7_0937300	4
1019	GN01	PfGN01_090042600	RIFIN-B	PF3D7_0937400	4
1020	GN01	PfGN01_090042700	RIFIN-A	PfGN01_090042700	1
1021	GN01	PfGN01_090042800	RIFIN-A	PF3D7_1300400	16
1022	GN01	PfGN01_090043000	RIFIN-A	PfGN01_090043000	1
1023	GN01	PfGN01_100005700	RIFIN-A	PfGN01_100005700	1
1024	GN01	PfGN01_100006000	RIFIN-A	PfGN01_100006000	1
1025	GN01	PfGN01_100006200	RIFIN-A	PfGN01_100006200	2
1026	GN01	PfGN01_100006300	RIFIN-B	PF3D7_1000600	8
1027	GN01	PfGN01_100045000	RIFIN-A	PfGN01_100045000	3
1028	GN01	PfGN01_100045100	RIFIN-A	PfGN01_100045100	1
1029	GN01	PfGN01_100045300	RIFIN-A	PfGN01_100045300	1
1030	GN01	PfGN01_100045400	RIFIN-A	PfGB4_030006500	3
1031	GN01	PfGN01_100045500	RIFIN-A	PfGN01_100045500	1
1032	GN01	PfGN01_100045600	RIFIN-B	PfGN01_100045600	1
1033	GN01	PfGN01_100045800	RIFIN-A	Pf7G8-2_000094100	6
1034	GN01	PfGN01_110005900	RIFIN-A	PfGA01_030005900	4
1035	GN01	PfGN01_110006100	RIFIN-B	PfGN01_110006100	1
1036	GN01	PfGN01_110006200	RIFIN-A	PfGN01_110006200	1
1037	GN01	PfGN01_110054000	RIFIN-A	PfGN01_110054000	2
1038	GN01	PfGN01_110054100	RIFIN-A	PfGN01_110054100	1
1039	GN01	PfGN01_110054200	RIFIN-A	PfGN01_110054200	1
1040	GN01	PfGN01_110054400	RIFIN-A	PfGN01_110054400	1
1041	GN01	PfGN01_120006000	RIFIN-A	PfGN01_120006000	1
1042	GN01	PfGN01_120006100	RIFIN-B	PfGN01_120006100	1
1043	GN01	PfGN01_120006200	RIFIN-A	PF3D7_0223100	4
1044	GN01	PfGN01_120006500	RIFIN-B	PfGN01_120006500	3
1045	GN01	PfGN01_120006600	RIFIN-A	PfGN01_120006600	2
1046	GN01	PfGN01_120007200	RIFIN-A	PfGN01_120007200	1
1047	GN01	PfGN01_120060300	RIFIN-A	PfDd2_120005000	3
1048	GN01	PfGN01_120060400	RIFIN-B	PfGN01_120060400	1
1049	GN01	PfGN01_120060500	RIFIN-B	PfGN01_120060500	1
1050	GN01	PfGN01_120060700	RIFIN-A	PfGN01_120060700	2
1051	GN01	PfGN01_120060900	RIFIN-A	PF3D7_0700300	8
1052	GN01	PfGN01_120061000	RIFIN-A	PF3D7_0700200	5
1053	GN01	PfGN01_120061400	RIFIN-A	PfCD01_000007800	2
1054	GN01	PfGN01_120061600	RIFIN-A	PfGN01_120061600	1
1055	GN01	PfGN01_130005600	RIFIN-A	PfGN01_130005600	1
1056	GN01	PfGN01_130005800	RIFIN-A	PfGN01_130005800	1
1057	GN01	PfGN01_130005900	RIFIN-A	PfGN01_130005900	1
1058	GN01	PfGN01_130006100	RIFIN-B	PfGN01_130006100	1
1059	GN01	PfGN01_130006200	RIFIN-A	PfGN01_130006200	1
1060	GN01	PfGN01_130006300	RIFIN-B	PfCD01_000006300	4
1061	GN01	PfGN01_130006500	RIFIN-A	PfGN01_130006500	3
1062	GN01	PfGN01_130006700	RIFIN-A	PfGA01_130006000	2
1063	GN01	PfGN01_130007000	RIFIN-B	PfGN01_130007000	1
1064	GN01	PfGN01_130007100	RIFIN-B	PfCD01_130005900	6
1065	GN01	PfGN01_130078600	RIFIN-B	PfGN01_130078600	1
1066	GN01	PfGN01_130078700	RIFIN-A	PfDd2_130077800	9
1067	GN01	PfGN01_130079000	RIFIN-A	PfGN01_130079000	1
1068	GN01	PfGN01_130079100	RIFIN-A	PfGN01_130079100	1
1069	GN01	PfGN01_130079300	RIFIN-A	PfGN01_130079300	1
1070	GN01	PfGN01_140005000	RIFIN-A	PF3D7_0100400	5
1071	GN01	PfGN01_140005200	RIFIN-A	PfGA01_130005600	3
1072	GN01	PfGN01_140005300	RIFIN-A	PF3D7_0732400	7
1073	GN01	PfGN01_140005400	RIFIN-A	PfGN01_140005400	1
1074	GN01	PfGN01_140005500	RIFIN-A	PfGN01_140005500	1
1075	GN01	PfGN01_140005600	RIFIN-B	PfGN01_140005600	1
1076	GN01	PfGN01_140005700	RIFIN-B	PfGN01_140005700	1
1077	GN01	PfGN01_140005800	RIFIN-A	PfGN01_140005800	1
1078	GN01	PfGN01_140005900	RIFIN-A	PfGN01_140005900	1
1079	GN01	PfGN01_140084800	RIFIN-A	PfGN01_140084800	1
1080	GN01	PfGN01_140085100	RIFIN-B	PF3D7_0500400	6
1081	GN01	PfGN01_140085200	RIFIN-A	PF3D7_0632700	9
1082	GN01	PfGN01_140085300	RIFIN-A	PfDd2_040005200	4
1083	GN01	PfGN01_140085500	RIFIN-A	PF3D7_0100200	4
1084	HB3	PfHB3_000006700	RIFIN-B	PfHB3_000006700	1
1085	HB3	PfHB3_000007000	RIFIN-A	PfHB3_000007000	1
1086	HB3	PfHB3_000008600	RIFIN-A	PfHB3_000008600	1
1087	HB3	PfHB3_000011300	RIFIN-B	PfDd2_090042600	9
1088	HB3	PfHB3_010005500	RIFIN-A	PfHB3_010005500	1
1089	HB3	PfHB3_010005800	RIFIN-B	PfHB3_010005800	1
1090	HB3	PfHB3_010005900	RIFIN-A	PfHB3_010005900	1
1091	HB3	PfHB3_010006000	RIFIN-A	PfHB3_010006000	1
1092	HB3	PfHB3_010006100	RIFIN-B	Pf7G8-2_000036000	6
1093	HB3	PfHB3_010019000	RIFIN-A	PfGA01_010019300	6
1094	HB3	PfHB3_010019100	RIFIN-B	PfHB3_010019100	2
1095	HB3	PfHB3_010019400	RIFIN-A	PfHB3_010019400	1
1096	HB3	PfHB3_020005800	RIFIN-A	PfHB3_020005800	4
1097	HB3	PfHB3_020006000	RIFIN-A	PfGA01_030031800	4
1098	HB3	PfHB3_020026400	RIFIN-A	PfHB3_020026400	1
1099	HB3	PfHB3_030028200	RIFIN-A	PfHB3_030028200	1
1100	HB3	PfHB3_030028300	RIFIN-B	PfHB3_030028300	1
1101	HB3	PfHB3_030028400	RIFIN-B	PfGB4_140006500	3
1102	HB3	PfHB3_030028500	RIFIN-A	PfHB3_030028500	2
1103	HB3	PfHB3_030028600	RIFIN-A	PfHB3_030028600	1
1104	HB3	PfHB3_030028900	RIFIN-A	PfCD01_030005800	4
1105	HB3	PfHB3_030029200	RIFIN-A	PfGA01_080036600	3
1106	HB3	PfHB3_030029300	RIFIN-A	PfHB3_030029300	1
1107	HB3	PfHB3_040005100	RIFIN-A	PfGA01_010019600	4
1108	HB3	PfHB3_040006300	RIFIN-A	PF3D7_0402500	16
1109	HB3	PfHB3_040017200	RIFIN-A	PfDd2_040018300	6
1110	HB3	PfHB3_040024900	RIFIN-A	PF3D7_0421500	12
1111	HB3	PfHB3_040029000	RIFIN-B	PF3D7_1372600	15
1112	HB3	PfHB3_040029100	RIFIN-A	PfCD01_040030900	5
1113	HB3	PfHB3_040029200	RIFIN-B	PfHB3_040029200	2
1114	HB3	PfHB3_040029400	RIFIN-A	PF3D7_0900200	8
1115	HB3	PfHB3_050005300	RIFIN-A	PfHB3_050005300	1
1116	HB3	PfHB3_050005400	RIFIN-A	PfHB3_050005400	1
1117	HB3	PfHB3_050005700	RIFIN-B	PfHB3_050005700	1
1118	HB3	PfHB3_050005800	RIFIN-B	PF3D7_0500500	12
1119	HB3	PfHB3_050037600	RIFIN-B	PF3D7_0532900	15
1120	HB3	PfHB3_050037900	RIFIN-A	PfGB4_050038800	3
1121	HB3	PfHB3_050038100	RIFIN-A	PfHB3_050038100	1
1122	HB3	PfHB3_050038200	RIFIN-A	PfHB3_050038200	1
1123	HB3	PfHB3_050038300	RIFIN-B	PfHB3_050038300	1
1124	HB3	PfHB3_050038400	RIFIN-A	PfHB3_050038400	1
1125	HB3	PfHB3_060021900	RIFIN-A	PfHB3_060021900	1
1126	HB3	PfHB3_060035900	RIFIN-A	PfDd2_060036400	5
1127	HB3	PfHB3_060036000	RIFIN-B	PfDd2_060036500	3
1128	HB3	PfHB3_060036100	RIFIN-B	PfDd2_060036600	4
1129	HB3	PfHB3_060036300	RIFIN-A	PfHB3_060036300	1
1130	HB3	PfHB3_060036400	RIFIN-A	PfHB3_060036400	2
1131	HB3	PfHB3_060036500	RIFIN-A	PfHB3_060036500	1
1132	HB3	PfHB3_060036600	RIFIN-A	PfCD01_030006200	4
1133	HB3	PfHB3_060036800	RIFIN-A	PfHB3_060036800	1
1134	HB3	PfHB3_060036900	RIFIN-A	PfHB3_060036900	1
1135	HB3	PfHB3_070005400	RIFIN-A	PF3D7_0425700	5
1136	HB3	PfHB3_070005600	RIFIN-A	PfHB3_070005600	1
1137	HB3	PfHB3_070005800	RIFIN-A	PF3D7_0701800	15
1138	HB3	PfHB3_070016200	RIFIN-A	PF3D7_0713000	14
1139	HB3	PfHB3_070034900	RIFIN-A	PF3D7_1373000	8
1140	HB3	PfHB3_080005200	RIFIN-A	PF3D7_1300400	16
1141	HB3	PfHB3_080005300	RIFIN-B	PfHB3_080005300	1
1142	HB3	PfHB3_080005400	RIFIN-A	PfHB3_080005400	1
1143	HB3	PfHB3_080005600	RIFIN-A	PF3D7_0800500	3
1144	HB3	PfHB3_080013700	RIFIN-A	PfHB3_080013700	1
1145	HB3	PfHB3_080013900	RIFIN-A	PF3D7_0712500	14
1146	HB3	PfHB3_080014300	RIFIN-A	PfHB3_080014300	1
1147	HB3	PfHB3_080014400	RIFIN-A	PfDd2_040026100	3
1148	HB3	PfHB3_080037500	RIFIN-A	PfHB3_080037500	1
1149	HB3	PfHB3_090005600	RIFIN-A	PfHB3_090005600	1
1150	HB3	PfHB3_090006100	RIFIN-A	PfCD01_130078100	2
1151	HB3	PfHB3_090006200	RIFIN-B	PfCD01_130078000	2
1152	HB3	PfHB3_090006300	RIFIN-A	PfHB3_090006300	1
1153	HB3	PfHB3_100005000	RIFIN-A	PfHB3_100005000	1
1154	HB3	PfHB3_100005100	RIFIN-B	PF3D7_1000600	8
1155	HB3	PfHB3_100044000	RIFIN-B	PfGA01_040030500	3
1156	HB3	PfHB3_100044300	RIFIN-A	PfHB3_100044300	1
1157	HB3	PfHB3_120005900	RIFIN-A	PfHB3_120005900	1
1158	HB3	PfHB3_120045400	RIFIN-A	PfHB3_120045400	1
1159	HB3	PfHB3_120058500	RIFIN-A	PfHB3_120058500	1
1160	HB3	PfHB3_120058600	RIFIN-B	PfHB3_120058600	1
1161	HB3	PfHB3_120058800	RIFIN-A	PfHB3_120058800	1
1162	HB3	PfHB3_120058900	RIFIN-B	PfHB3_120058900	1
1163	HB3	PfHB3_120059000	RIFIN-A	PfGA01_030005900	4
1164	HB3	PfHB3_130005800	RIFIN-A	PF3D7_0632700	9
1165	HB3	PfHB3_130005900	RIFIN-B	Pf7G8-2_000049200	3
1166	HB3	PfHB3_130006000	RIFIN-A	PfHB3_130006000	1
1167	HB3	PfHB3_130006100	RIFIN-A	PfHB3_130006100	1
1168	HB3	PfHB3_130006200	RIFIN-A	PfHB3_130006200	1
1169	HB3	PfHB3_130006300	RIFIN-A	PfHB3_130006300	1
1170	HB3	PfHB3_130006400	RIFIN-A	PfHB3_130006400	1
1171	HB3	PfHB3_130006500	RIFIN-A	PfHB3_130006500	1
1172	HB3	PfHB3_130006700	RIFIN-B	PfCD01_130005900	6
1173	HB3	PfHB3_130078100	RIFIN-A	PfDd2_040006200	9
1174	HB3	PfHB3_130078500	RIFIN-B	PfHB3_130078500	1
1175	HB3	PfHB3_130078600	RIFIN-A	PfHB3_130078600	1
1176	HB3	PfHB3_130078800	RIFIN-A	PfGA01_110005700	2
1177	HB3	PfHB3_130079000	RIFIN-B	PfGA01_110005600	2
1178	HB3	PfHB3_130079300	RIFIN-A	PfHB3_130079300	1
1179	HB3	PfHB3_130079900	RIFIN-A	PfHB3_130079900	2
1180	HB3	PfHB3_130080000	RIFIN-A	PfDd2_070035300	2
1181	HB3	PfHB3_140005700	RIFIN-A	PF3D7_0223400	7
1182	HB3	PfHB3_140005800	RIFIN-B	PfHB3_140005800	1
1183	HB3	PfHB3_140005900	RIFIN-A	PfHB3_140005900	1
1184	HB3	PfHB3_140006000	RIFIN-B	PfHB3_140006000	1
1185	HB3	PfHB3_140006200	RIFIN-A	PfHB3_140006200	1
1186	HB3	PfHB3_140006300	RIFIN-A	PfHB3_140006300	1
1187	HB3	PfHB3_140006500	RIFIN-A	PfHB3_140006500	1
1188	HB3	PfHB3_140084300	RIFIN-A	PF3D7_1253700	13
1189	HB3	PfHB3_140085000	RIFIN-A	PfHB3_140085000	1
1190	IT	PfIT_000007000	RIFIN-B	PfIT_000007000	1
1191	IT	PfIT_000007400	RIFIN-B	PfIT_000007400	1
1192	IT	PfIT_000007500	RIFIN-A	Pf7G8-2_000117900	6
1193	IT	PfIT_000009600	RIFIN-A	PfIT_000009600	1
1194	IT	PfIT_000009700	RIFIN-B	PfIT_000009700	1
1195	IT	PfIT_000011500	RIFIN-A	PfIT_000011500	1
1196	IT	PfIT_000011600	RIFIN-B	PfIT_000011600	1
1197	IT	PfIT_000011800	RIFIN-A	Pf7G8-2_000215700	9
1198	IT	PfIT_000012000	RIFIN-A	Pf7G8-2_000216400:pseudogene	6
1199	IT	PfIT_010005100	RIFIN-A	PfIT_010005100	1
1200	IT	PfIT_010005300	RIFIN-B	PfDd2_010005700	7
1201	IT	PfIT_010017700	RIFIN-B	PF3D7_0114700	16
1202	IT	PfIT_020005300	RIFIN-A	PfIT_020005300	1
1203	IT	PfIT_020005400	RIFIN-B	PfIT_020005400	1
1204	IT	PfIT_020005500	RIFIN-A	PfIT_020005500	1
1205	IT	PfIT_020005600	RIFIN-B	PfIT_020005600	1
1206	IT	PfIT_020005700	RIFIN-A	PfIT_020005700	1
1207	IT	PfIT_020005800	RIFIN-B	PfIT_020005800	1
1208	IT	PfIT_020006000	RIFIN-A	PfIT_020006000	1
1209	IT	PfIT_020026800	RIFIN-A	PfCD01_030029900	3
1210	IT	PfIT_020026900	RIFIN-B	PfGN01_120006500	3
1211	IT	PfIT_020027100	RIFIN-A	PfIT_020027100	1
1212	IT	PfIT_020027200	RIFIN-B	PfIT_020027200	1
1213	IT	PfIT_020027500	RIFIN-A	PfIT_020027500	1
1214	IT	PfIT_030005200	RIFIN-A	PfIT_030005200	2
1215	IT	PfIT_030005300	RIFIN-B	PfIT_030005300	1
1216	IT	PfIT_030005500	RIFIN-A	PfGA01_030007100	2
1217	IT	PfIT_030005600	RIFIN-A	PF3D7_0300800	11
1218	IT	PfIT_030029300	RIFIN-A	PfCD01_000005500	3
1219	IT	PfIT_030029500	RIFIN-A	PfIT_030029500	1
1220	IT	PfIT_030029600	RIFIN-A	PfIT_030029600	1
1221	IT	PfIT_040005500	RIFIN-A	PfIT_040005500	1
1222	IT	PfIT_040005600	RIFIN-B	PfIT_040005600	1
1223	IT	PfIT_040006900	RIFIN-A	PF3D7_0402500	16
1224	IT	PfIT_040007100	RIFIN-A	PF3D7_0402700	16
1225	IT	PfIT_040017500	RIFIN-A	PF3D7_0413200	10
1226	IT	PfIT_040017600	RIFIN-A	PF3D7_0413300	10
1227	IT	PfIT_040030300	RIFIN-B	PfIT_040030300	1
1228	IT	PfIT_040030400	RIFIN-A	PfIT_040030400	1
1229	IT	PfIT_050005600	RIFIN-A	PfIT_050005600	1
1230	IT	PfIT_050005700	RIFIN-B	Pf7G8-2_000094300:pseudogene	3
1231	IT	PfIT_050005800	RIFIN-A	PfIT_050005800	1
1232	IT	PfIT_050005900	RIFIN-B	PfCD01_050007200	2
1233	IT	PfIT_050006000	RIFIN-B	Pf7G8-2_000120000:pseudogene	4
1234	IT	PfIT_050038100	RIFIN-A	PfIT_050038100	1
1235	IT	PfIT_050038200	RIFIN-A	PfIT_050038200	1
1236	IT	PfIT_050038300	RIFIN-B	PfIT_050038300	1
1237	IT	PfIT_050038400	RIFIN-A	PfDd2_010005400	10
1238	IT	PfIT_060035500	RIFIN-A	PfDd2_060036400	5
1239	IT	PfIT_060035600	RIFIN-B	PfDd2_060036500	3
1240	IT	PfIT_060035700	RIFIN-B	PfDd2_060036600	4
1241	IT	PfIT_060035900	RIFIN-A	PfDd2_060036800	4
1242	IT	PfIT_060036500	RIFIN-A	PfGN01_130006500	3
1243	IT	PfIT_060036600	RIFIN-A	PfIT_060036600	1
1244	IT	PfIT_070006000	RIFIN-A	PfIT_070006000	1
1245	IT	PfIT_070006100	RIFIN-B	PfIT_070006100	2
1246	IT	PfIT_070006200	RIFIN-A	PfIT_070006200	1
1247	IT	PfIT_070006400	RIFIN-A	PfIT_070006400	1
1248	IT	PfIT_070006600	RIFIN-B	PfCD01_070005600	2
1249	IT	PfIT_070006700	RIFIN-A	PF3D7_0701800	15
1250	IT	PfIT_070017300	RIFIN-A	PF3D7_0713000	14
1251	IT	PfIT_070036000	RIFIN-A	PF3D7_1373000	8
1252	IT	PfIT_070036100	RIFIN-A	PfIT_070036100	1
1253	IT	PfIT_070036300	RIFIN-B	PfIT_070036300	1
1254	IT	PfIT_080005100	RIFIN-A	PfIT_080005100	1
1255	IT	PfIT_080005400	RIFIN-B	PfIT_080005400	1
1256	IT	PfIT_080005500	RIFIN-A	PfIT_080005500	1
1257	IT	PfIT_080005600	RIFIN-B	PfIT_080005600	1
1258	IT	PfIT_080005800	RIFIN-A	PfIT_080005800	1
1259	IT	PfIT_080037300	RIFIN-A	PfIT_080037300	3
1260	IT	PfIT_090005200	RIFIN-A	PF3D7_0900400	6
1261	IT	PfIT_090005300	RIFIN-A	PF3D7_1300400	16
1262	IT	PfIT_090005400	RIFIN-B	PfGA01_090005700	2
1263	IT	PfIT_090005500	RIFIN-A	PfIT_090005500	3
1264	IT	PfIT_090005800	RIFIN-A	PF3D7_0500500	12
1265	IT	PfIT_090005900	RIFIN-B	PfCD01_130005900	6
1266	IT	PfIT_090006300	RIFIN-A	PfDd2_090006900	6
1267	IT	PfIT_100043800	RIFIN-A	Pf7G8-2_000184700	3
1268	IT	PfIT_100043900	RIFIN-A	Pf7G8-2_000184600:pseudogene	5
1269	IT	PfIT_110005700	RIFIN-A	PfIT_110005700	1
1270	IT	PfIT_110006000	RIFIN-B	PF3D7_1040000	4
1271	IT	PfIT_120005600	RIFIN-A	PF3D7_0425900	6
1272	IT	PfIT_120005700	RIFIN-A	PfCD01_040030900	5
1273	IT	PfIT_120005800	RIFIN-B	PfIT_120005800	1
1274	IT	PfIT_120005900	RIFIN-A	PfGB4_070036900	4
1275	IT	PfIT_120045300	RIFIN-A	PfIT_120045300	1
1276	IT	PfIT_120045400	RIFIN-A	PfIT_120045400	1
1277	IT	PfIT_120045900	RIFIN-A	PF3D7_0808800	5
1278	IT	PfIT_120046000	RIFIN-A	PfIT_120046000	1
1279	IT	PfIT_120059400	RIFIN-A	PfDd2_130077800	9
1280	IT	PfIT_120059500	RIFIN-B	PfDd2_130077900	2
1281	IT	PfIT_120059600	RIFIN-B	PfDd2_130078000	2
1282	IT	PfIT_120059700	RIFIN-B	PfDd2_130078100	2
1283	IT	PfIT_120059900	RIFIN-A	PfDd2_130078300	4
1284	IT	PfIT_120060100	RIFIN-A	PfDd2_130078500	3
1285	IT	PfIT_120060200	RIFIN-A	PfDd2_130078600	2
1286	IT	PfIT_130005400	RIFIN-A	PfIT_130005400	1
1287	IT	PfIT_130005500	RIFIN-A	PfIT_130005500	1
1288	IT	PfIT_130005600	RIFIN-B	PfIT_130005600	1
1289	IT	PfIT_130005800	RIFIN-A	PfGA01_010019600	4
1290	IT	PfIT_130077100	RIFIN-A	PfDd2_040006200	9
1291	IT	PfIT_130077400	RIFIN-A	PfIT_130077400	1
1292	IT	PfIT_130077500	RIFIN-B	PfIT_130077500	1
1293	IT	PfIT_130077700	RIFIN-A	PfIT_130077700	1
1294	IT	PfIT_140006300	RIFIN-A	PF3D7_0600300	4
1295	IT	PfIT_140006500	RIFIN-A	PfIT_140006500	1
1296	IT	PfIT_140006600	RIFIN-A	PfGB4_070037100	2
1297	IT	PfIT_140006800	RIFIN-A	PfIT_140006800	1
1298	IT	PfIT_140006900	RIFIN-A	PfHB3_030028500	2
1299	IT	PfIT_140007000	RIFIN-B	PfGB4_140006500	3
1300	IT	PfIT_140007200	RIFIN-A	PfIT_140007200	1
1301	IT	PfIT_140085200	RIFIN-A	PF3D7_1253700	13
1302	IT	PfIT_140085500	RIFIN-B	Pf7G8-2_000552600	5
1303	IT	PfIT_140085600	RIFIN-A	PF3D7_0632700	9
1304	KE01	PfKE01_000005200	RIFIN-B	PfDd2_100045500	2
1305	KE01	PfKE01_000005400	RIFIN-A	PF3D7_0700300	8
1306	KE01	PfKE01_000005500	RIFIN-A	PF3D7_0900400	6
1307	KE01	PfKE01_000005700	RIFIN-B	PfKE01_000005700	2
1308	KE01	PfKE01_000005800	RIFIN-A	PfKE01_000005800	1
1309	KE01	PfKE01_000006000	RIFIN-A	PfKE01_000006000	1
1310	KE01	PfKE01_000006100	RIFIN-A	PfKE01_000006100	1
1311	KE01	PfKE01_000007700	RIFIN-A	PF3D7_0115200	6
1312	KE01	PfKE01_000008700	RIFIN-A	PfKE01_000008700	1
1313	KE01	PfKE01_000008800	RIFIN-B	PfKE01_000008800	1
1314	KE01	PfKE01_000008900	RIFIN-B	PfKE01_000008900	1
1315	KE01	PfKE01_000009000	RIFIN-B	PfKE01_000009000	1
1316	KE01	PfKE01_000009100	RIFIN-A	PfKE01_000009100	1
1317	KE01	PfKE01_000009300	RIFIN-A	PF3D7_1372600	15
1318	KE01	PfKE01_010005100	RIFIN-A	PfDd2_010019300	6
1319	KE01	PfKE01_010005200	RIFIN-A	PfKE01_010005200	1
1320	KE01	PfKE01_010005300	RIFIN-A	PfKE01_010005300	1
1321	KE01	PfKE01_020024600	RIFIN-B	Pf7G8-2_000325000	6
1322	KE01	PfKE01_020024700	RIFIN-A	PfKE01_020024700	1
1323	KE01	PfKE01_020024900	RIFIN-A	PfKE01_020024900	1
1324	KE01	PfKE01_030005300	RIFIN-A	PF3D7_1300400	16
1325	KE01	PfKE01_030005400	RIFIN-A	PF3D7_1253700	13
1326	KE01	PfKE01_030005500	RIFIN-A	PF3D7_0300800	11
1327	KE01	PfKE01_040005600	RIFIN-A	PF3D7_0900200	8
1328	KE01	PfKE01_040005900	RIFIN-B	PfKE01_040005900	1
1329	KE01	PfKE01_040006100	RIFIN-A	PfKE01_040006100	1
1330	KE01	PfKE01_040006200	RIFIN-A	PfKE01_040006200	1
1331	KE01	PfKE01_040006300	RIFIN-B	PfKE01_040006300	1
1332	KE01	PfKE01_040006400	RIFIN-A	Pf7G8-2_000216200	3
1333	KE01	PfKE01_040006500	RIFIN-B	PfKE01_040006500	1
1334	KE01	PfKE01_040006600	RIFIN-A	PF3D7_0200700	4
1335	KE01	PfKE01_040006900	RIFIN-A	PfKE01_040006900	1
1336	KE01	PfKE01_040007000	RIFIN-B	PfKE01_040007000	1
1337	KE01	PfKE01_040007100	RIFIN-A	PfKE01_040007100	1
1338	KE01	PfKE01_040007400	RIFIN-B	PfGN01_040005900	2
1339	KE01	PfKE01_040007600	RIFIN-A	PfKE01_040007600	1
1340	KE01	PfKE01_040008800	RIFIN-A	PF3D7_0402500	16
1341	KE01	PfKE01_040009000	RIFIN-A	PF3D7_0402700	16
1342	KE01	PfKE01_040019200	RIFIN-A	Pf7G8-2_000196300	7
1343	KE01	PfKE01_040019300	RIFIN-A	Pf7G8-2_000196400	7
1344	KE01	PfKE01_040020100	RIFIN-A	PfDd2_040018300	6
1345	KE01	PfKE01_040027800	RIFIN-A	PF3D7_0617700	6
1346	KE01	PfKE01_040028000	RIFIN-A	PfKE01_040028000	1
1347	KE01	PfKE01_040032200	RIFIN-B	PfKE01_040032200	1
1348	KE01	PfKE01_040032300	RIFIN-A	PfCD01_040030900	5
1349	KE01	PfKE01_040032400	RIFIN-B	PfKE01_040032400	2
1350	KE01	PfKE01_040032500	RIFIN-A	Pf7G8-2_000094100	6
1351	KE01	PfKE01_050005200	RIFIN-A	PF3D7_0500400	6
1352	KE01	PfKE01_050005300	RIFIN-B	PF3D7_0500500	12
1353	KE01	PfKE01_050036900	RIFIN-B	PF3D7_0532900	15
1354	KE01	PfKE01_050037200	RIFIN-A	PfCD01_110006400	2
1355	KE01	PfKE01_050037300	RIFIN-A	PfCD01_110006300	2
1356	KE01	PfKE01_050037500	RIFIN-B	PfKE01_050037500	1
1357	KE01	PfKE01_050037600	RIFIN-A	PfKE01_050037600	1
1358	KE01	PfKE01_050037700	RIFIN-A	PfKE01_050037700	1
1359	KE01	PfKE01_060005100	RIFIN-A	PfKE01_060005100	1
1360	KE01	PfKE01_060005400	RIFIN-B	PfKE01_060005400	1
1361	KE01	PfKE01_060005600	RIFIN-A	PfKE01_060005600	1
1362	KE01	PfKE01_060005700	RIFIN-A	PfGN01_110054000	2
1363	KE01	PfKE01_060005800	RIFIN-A	PfDd2_080005600	5
1364	KE01	PfKE01_060006100	RIFIN-A	PfKE01_060006100	1
1365	KE01	PfKE01_060006200	RIFIN-A	PfKE01_060006200	1
1366	KE01	PfKE01_060006600	RIFIN-B	PfKE01_060006600	1
1367	KE01	PfKE01_060006700	RIFIN-A	PfKE01_060006700	1
1368	KE01	PfKE01_060023800	RIFIN-A	PF3D7_0712500	14
1369	KE01	PfKE01_060038000	RIFIN-A	PfKE01_060038000	1
1370	KE01	PfKE01_060038100	RIFIN-B	PfKE01_060038100	1
1371	KE01	PfKE01_060038200	RIFIN-A	PF3D7_1000200	3
1372	KE01	PfKE01_060038500	RIFIN-A	Pf7G8-2_000403300	4
1373	KE01	PfKE01_070005100	RIFIN-B	PfCD01_080038400	4
1374	KE01	PfKE01_070005200	RIFIN-A	PfKE01_070005200	1
1375	KE01	PfKE01_070005300	RIFIN-A	PfDd2_010005400	10
1376	KE01	PfKE01_070005400	RIFIN-A	PF3D7_0701800	15
1377	KE01	PfKE01_070016100	RIFIN-A	PF3D7_0713000	14
1378	KE01	PfKE01_070034800	RIFIN-A	PfKE01_070034800	2
1379	KE01	PfKE01_070034900	RIFIN-B	PfKE01_070034900	1
1380	KE01	PfKE01_070035000	RIFIN-A	PF3D7_0425700	5
1381	KE01	PfKE01_070035200	RIFIN-A	PfKE01_070035200	1
1382	KE01	PfKE01_080005500	RIFIN-A	PfKE01_080005500	1
1383	KE01	PfKE01_080005700	RIFIN-A	PfKE01_080005700	1
1384	KE01	PfKE01_080005800	RIFIN-B	PfKE01_080005800	1
1385	KE01	PfKE01_080005900	RIFIN-A	PfKE01_080005900	1
1386	KE01	PfKE01_080006200	RIFIN-B	PfGN01_080006300	2
1387	KE01	PfKE01_080006300	RIFIN-A	PfKE01_080006300	1
1388	KE01	PfKE01_080037700	RIFIN-A	PfKE01_080037700	1
1389	KE01	PfKE01_090005400	RIFIN-A	PfKE01_090005400	1
1390	KE01	PfKE01_090005500	RIFIN-B	PF3D7_0900300	9
1391	KE01	PfKE01_090005700	RIFIN-A	PF3D7_1200500	3
1392	KE01	PfKE01_090005800	RIFIN-B	Pf7G8-2_000216300	3
1393	KE01	PfKE01_090005900	RIFIN-A	PfKE01_090005900	1
1394	KE01	PfKE01_100005600	RIFIN-A	PfGB4_030005900	2
1395	KE01	PfKE01_100005700	RIFIN-A	PfKE01_100005700	1
1396	KE01	PfKE01_100005900	RIFIN-A	PfKE01_100005900	1
1397	KE01	PfKE01_100006000	RIFIN-B	PF3D7_1000600	8
1398	KE01	PfKE01_100045300	RIFIN-A	PF3D7_1101400	5
1399	KE01	PfKE01_100045400	RIFIN-B	PfKE01_100045400	1
1400	KE01	PfKE01_110005700	RIFIN-A	PfKE01_110005700	1
1401	KE01	PfKE01_110005800	RIFIN-A	PF3D7_0632000	7
1402	KE01	PfKE01_110006000	RIFIN-B	PfKE01_110006000	1
1403	KE01	PfKE01_110006100	RIFIN-A	PfKE01_110006100	1
1404	KE01	PfKE01_110006200	RIFIN-A	PfKE01_110006200	1
1405	KE01	PfKE01_110053800	RIFIN-B	PF3D7_1149800	6
1406	KE01	PfKE01_110054000	RIFIN-A	PF3D7_1150200	3
1407	KE01	PfKE01_120005500	RIFIN-A	PfKE01_120005500	1
1408	KE01	PfKE01_120005700	RIFIN-B	PfKE01_120005700	1
1409	KE01	PfKE01_120005900	RIFIN-A	PfKE01_120005900	1
1410	KE01	PfKE01_120006000	RIFIN-A	PfKE01_120006000	1
1411	KE01	PfKE01_120059400	RIFIN-A	PfKE01_120059400	1
1412	KE01	PfKE01_120059600	RIFIN-A	PF3D7_1372700	3
1413	KE01	PfKE01_120059700	RIFIN-B	PfKE01_120059700	1
1414	KE01	PfKE01_120060000	RIFIN-A	PfKE01_120060000	2
1415	KE01	PfKE01_120060100	RIFIN-A	PfKE01_120060100	1
1416	KE01	PfKE01_120060200	RIFIN-A	PfKE01_120060200	1
1417	KE01	PfKE01_130005500	RIFIN-A	PfHB3_020005800	4
1418	KE01	PfKE01_130005700	RIFIN-A	PfDd2_050005600	4
1419	KE01	PfKE01_130005900	RIFIN-B	PfKE01_130005900	1
1420	KE01	PfKE01_130006000	RIFIN-A	PfKE01_130006000	1
1421	KE01	PfKE01_130006200	RIFIN-B	PfCD01_130005900	6
1422	KE01	PfKE01_140005400	RIFIN-A	PfKE01_140005400	1
1423	KE01	PfKE01_140005500	RIFIN-B	PfKE01_140005500	1
1424	KE01	PfKE01_140005900	RIFIN-A	PF3D7_1254700	5
1425	KE01	PfKE01_140083700	RIFIN-B	PfDd2_010005700	7
1426	KE01	PfKE01_140084100	RIFIN-A	PfKE01_140084100	1
1427	KH01	PfKH01_000027900	RIFIN-B	PF3D7_1372600	15
1428	KH01	PfKH01_000028000	RIFIN-A	PfKH01_000028000	1
1429	KH01	PfKH01_000028200	RIFIN-A	PfKH01_000028200	1
1430	KH01	PfKH01_000028800	RIFIN-B	PfKH01_000028800	1
1431	KH01	PfKH01_000029000	RIFIN-A	PfKH01_000029000	1
1432	KH01	PfKH01_000029400	RIFIN-A	PfKH01_000029400	2
1433	KH01	PfKH01_000029700	RIFIN-B	PF3D7_1149800	6
1434	KH01	PfKH01_000031800	RIFIN-A	PfKH01_000031800	1
1435	KH01	PfKH01_000032100	RIFIN-B	PfHB3_010019100	2
1436	KH01	PfKH01_000032200	RIFIN-A	PfKH01_000032200	1
1437	KH01	PfKH01_010006000	RIFIN-A	PfKH01_010006000	1
1438	KH01	PfKH01_010006100	RIFIN-A	Pf7G8-2_000248100:pseudogene	4
1439	KH01	PfKH01_010006200	RIFIN-B	PfDd2_050005200	4
1440	KH01	PfKH01_010006300	RIFIN-A	PfKH01_010006300	1
1441	KH01	PfKH01_010006500	RIFIN-A	PfKH01_010006500	1
1442	KH01	PfKH01_010006600	RIFIN-A	PfKH01_010006600	1
1443	KH01	PfKH01_010006700	RIFIN-A	PfKH01_010006700	1
1444	KH01	PfKH01_010006900	RIFIN-B	PfKH01_010006900	1
1445	KH01	PfKH01_010007000	RIFIN-A	PfKH01_010007000	1
1446	KH01	PfKH01_010007100	RIFIN-B	Pf7G8-2_000036000	6
1447	KH01	PfKH01_010020200	RIFIN-A	PfGA01_010019300	6
1448	KH01	PfKH01_010020300	RIFIN-A	PfKH01_010020300	1
1449	KH01	PfKH01_010020400	RIFIN-A	PfDd2_060005500	4
1450	KH01	PfKH01_010020700	RIFIN-A	PfKH01_010020700	1
1451	KH01	PfKH01_010020900	RIFIN-B	PfKH01_010020900	1
1452	KH01	PfKH01_010021000	RIFIN-A	PfKH01_010021000	1
1453	KH01	PfKH01_010021200	RIFIN-B	PfKH01_010021200	1
1454	KH01	PfKH01_010021300	RIFIN-A	PfKH01_010021300	1
1455	KH01	PfKH01_020005200	RIFIN-A	PfDd2_100045400	6
1456	KH01	PfKH01_020005300	RIFIN-A	PfKH01_020005300	1
1457	KH01	PfKH01_020005700	RIFIN-A	PfCD01_000005500	3
1458	KH01	PfKH01_020005800	RIFIN-A	PfKH01_020005800	1
1459	KH01	PfKH01_020006000	RIFIN-B	PfKE01_060037800	2
1460	KH01	PfKH01_020006100	RIFIN-A	PfKH01_020006100	1
1461	KH01	PfKH01_020006300	RIFIN-A	PfKH01_020006300	1
1462	KH01	PfKH01_020006500	RIFIN-A	Pf7G8-2_000049300	9
1463	KH01	PfKH01_020006600	RIFIN-A	PF3D7_0201200	10
1464	KH01	PfKH01_020027400	RIFIN-A	PfDd2_030029500	3
1465	KH01	PfKH01_020027500	RIFIN-B	PfKH01_020027500	1
1466	KH01	PfKH01_020027600	RIFIN-B	PfKH01_020027600	1
1467	KH01	PfKH01_020027900	RIFIN-A	PfKH01_020027900	1
1468	KH01	PfKH01_020028000	RIFIN-B	PfKH01_020028000	2
1469	KH01	PfKH01_020028100	RIFIN-A	PfKH01_020028100	1
1470	KH01	PfKH01_030005000	RIFIN-A	PfKH01_030005000	1
1471	KH01	PfKH01_030005200	RIFIN-A	PfGN01_020006000	2
1472	KH01	PfKH01_030005300	RIFIN-B	PfKH01_030005300	1
1473	KH01	PfKH01_030005400	RIFIN-A	PfKH01_030005400	1
1474	KH01	PfKH01_030005500	RIFIN-A	PfKH01_030005500	1
1475	KH01	PfKH01_030005600	RIFIN-A	PfKH01_030005600	1
1476	KH01	PfKH01_030029400	RIFIN-A	PF3D7_0222400	9
1477	KH01	PfKH01_030029500	RIFIN-B	PF3D7_1040100	4
1478	KH01	PfKH01_030029800	RIFIN-A	PfKH01_030029800	1
1479	KH01	PfKH01_030029900	RIFIN-B	PfKH01_030029900	1
1480	KH01	PfKH01_030030000	RIFIN-A	PfKH01_030030000	1
1481	KH01	PfKH01_030030100	RIFIN-A	PfKH01_030030100	1
1482	KH01	PfKH01_030030300	RIFIN-A	PF3D7_1100300	3
1483	KH01	PfKH01_040005900	RIFIN-A	PfKH01_040005900	1
1484	KH01	PfKH01_040006000	RIFIN-A	PfKH01_040006000	1
1485	KH01	PfKH01_040007200	RIFIN-A	PF3D7_0402500	16
1486	KH01	PfKH01_040007400	RIFIN-A	PF3D7_0402700	16
1487	KH01	PfKH01_040018000	RIFIN-A	PF3D7_0808800	5
1488	KH01	PfKH01_040018600	RIFIN-A	PfDd2_040018300	6
1489	KH01	PfKH01_040026400	RIFIN-A	PfKH01_040026400	1
1490	KH01	PfKH01_040026800	RIFIN-B	PfKH01_040026800	1
1491	KH01	PfKH01_040027000	RIFIN-A	PF3D7_0700300	8
1492	KH01	PfKH01_040027100	RIFIN-A	PF3D7_0700200	5
1493	KH01	PfKH01_040027200	RIFIN-A	Pf7G8-2_000215700	9
1494	KH01	PfKH01_040027400	RIFIN-B	PfKH01_040027400	1
1495	KH01	PfKH01_040027500	RIFIN-A	PfKH01_040027500	1
1496	KH01	PfKH01_040027600	RIFIN-A	PfKH01_040027600	1
1497	KH01	PfKH01_040027900	RIFIN-A	PF3D7_0421500	12
1498	KH01	PfKH01_050005700	RIFIN-A	PfDd2_080005600	5
1499	KH01	PfKH01_050006000	RIFIN-B	PfKH01_050006000	1
1500	KH01	PfKH01_050006100	RIFIN-A	PF3D7_0701100	4
1501	KH01	PfKH01_050006200	RIFIN-B	PF3D7_0900300	9
1502	KH01	PfKH01_050006300	RIFIN-A	PfKH01_050006300	1
1503	KH01	PfKH01_050038000	RIFIN-A	PfKH01_050038000	1
1504	KH01	PfKH01_050038200	RIFIN-B	PfKH01_050038200	1
1505	KH01	PfKH01_050038300	RIFIN-A	PF3D7_0223400	7
1506	KH01	PfKH01_060006800	RIFIN-A	PfIT_030005200	2
1507	KH01	PfKH01_060007100	RIFIN-B	PfKH01_060007100	1
1508	KH01	PfKH01_060007200	RIFIN-A	PfKH01_060007200	1
1509	KH01	PfKH01_060007300	RIFIN-A	PfKH01_060007300	1
1510	KH01	PfKH01_060007400	RIFIN-A	PfKH01_060007400	1
1511	KH01	PfKH01_060007700	RIFIN-B	PfGN01_120006500	3
1512	KH01	PfKH01_060007800	RIFIN-A	PfKH01_060007800	1
1513	KH01	PfKH01_060024700	RIFIN-A	PF3D7_0712500	14
1514	KH01	PfKH01_060038900	RIFIN-A	PfDd2_060036400	5
1515	KH01	PfKH01_060039000	RIFIN-B	PfKH01_060039000	1
1516	KH01	PfKH01_060039100	RIFIN-A	PfKH01_060039100	1
1517	KH01	PfKH01_060039500	RIFIN-A	PfGA01_080036600	3
1518	KH01	PfKH01_070005100	RIFIN-A	PfKH01_070005100	1
1519	KH01	PfKH01_070005400	RIFIN-A	PfKH01_070005400	1
1520	KH01	PfKH01_070005500	RIFIN-A	PfGN01_100045000	3
1521	KH01	PfKH01_070005700	RIFIN-B	PfKH01_070005700	1
1522	KH01	PfKH01_070005800	RIFIN-A	PF3D7_0701800	15
1523	KH01	PfKH01_070016000	RIFIN-A	Pf7G8-2_000196300	7
1524	KH01	PfKH01_070016100	RIFIN-A	Pf7G8-2_000196400	7
1525	KH01	PfKH01_070016500	RIFIN-A	PfKH01_070016500	1
1526	KH01	PfKH01_070017000	RIFIN-A	PF3D7_0713000	14
1527	KH01	PfKH01_070035400	RIFIN-B	PF3D7_0731900	15
1528	KH01	PfKH01_070035700	RIFIN-A	PfKE01_070034800	2
1529	KH01	PfKH01_070035800	RIFIN-B	PfKH01_070035800	1
1530	KH01	PfKH01_080013000	RIFIN-A	PfKH01_080013000	1
1531	KH01	PfKH01_080013100	RIFIN-A	PfKH01_080013100	1
1532	KH01	PfKH01_080037300	RIFIN-B	PF3D7_0832800	4
1533	KH01	PfKH01_080037400	RIFIN-A	PfGB4_070006800	2
1534	KH01	PfKH01_080037500	RIFIN-B	PfKH01_080037500	1
1535	KH01	PfKH01_080038000	RIFIN-A	PfDd2_010005400	10
1536	KH01	PfKH01_090005600	RIFIN-A	PfKH01_090005600	1
1537	KH01	PfKH01_090005700	RIFIN-A	PfKH01_090005700	1
1538	KH01	PfKH01_090005800	RIFIN-B	PfKH01_090005800	1
1539	KH01	PfKH01_090005900	RIFIN-A	PfKH01_090005900	1
1540	KH01	PfKH01_090041700	RIFIN-B	PfDd2_090042600	9
1541	KH01	PfKH01_090041800	RIFIN-A	PfDd2_090042700	6
1542	KH01	PfKH01_090041900	RIFIN-A	PF3D7_1300400	16
1543	KH01	PfKH01_090042100	RIFIN-A	PfKH01_090042100	1
1544	KH01	PfKH01_090042200	RIFIN-B	PfKH01_090042200	1
1545	KH01	PfKH01_090042300	RIFIN-A	PfKH01_090042300	1
1546	KH01	PfKH01_090042400	RIFIN-A	Pf7G8-2_000094100	6
1547	KH01	PfKH01_100005100	RIFIN-A	PfKH01_100005100	1
1548	KH01	PfKH01_100005200	RIFIN-A	PF3D7_1000500	4
1549	KH01	PfKH01_100005300	RIFIN-B	PfCD01_100006000	5
1550	KH01	PfKH01_100044400	RIFIN-A	PfKH01_100044400	1
1551	KH01	PfKH01_100044500	RIFIN-B	PF3D7_0100600	3
1552	KH01	PfKH01_100044600	RIFIN-A	PfKH01_100044600	1
1553	KH01	PfKH01_100045000	RIFIN-A	PfKH01_100045000	1
1554	KH01	PfKH01_110005200	RIFIN-A	PfKH01_110005200	1
1555	KH01	PfKH01_110005300	RIFIN-A	PfKH01_110005300	1
1556	KH01	PfKH01_110005400	RIFIN-A	PfKH01_110005400	1
1557	KH01	PfKH01_110005600	RIFIN-A	PfKH01_110005600	1
1558	KH01	PfKH01_110005700	RIFIN-B	PfKH01_110005700	1
1559	KH01	PfKH01_110005800	RIFIN-A	PfKH01_110005800	1
1560	KH01	PfKH01_120005500	RIFIN-A	PfGA01_020025400	5
1561	KH01	PfKH01_120005600	RIFIN-A	PfKH01_120005600	1
1562	KH01	PfKH01_120006000	RIFIN-B	PfKH01_120006000	1
1563	KH01	PfKH01_120006200	RIFIN-A	PfKH01_120006200	1
1564	KH01	PfKH01_120006300	RIFIN-A	PfKH01_120006300	1
1565	KH01	PfKH01_120006400	RIFIN-B	PfKH01_120006400	1
1566	KH01	PfKH01_120006600	RIFIN-A	PfKH01_120006600	1
1567	KH01	PfKH01_120006700	RIFIN-A	PfKH01_120006700	1
1568	KH01	PfKH01_120006800	RIFIN-B	PfKH01_120006800	1
1569	KH01	PfKH01_120006900	RIFIN-A	PfGA01_100005700	3
1570	KH01	PfKH01_120025900	RIFIN-A	PfCD01_120024400	2
1571	KH01	PfKH01_120047000	RIFIN-A	PfKH01_120047000	1
1572	KH01	PfKH01_120060000	RIFIN-B	PfKH01_120060000	1
1573	KH01	PfKH01_130076100	RIFIN-A	PfDd2_130077800	9
1574	KH01	PfKH01_130076200	RIFIN-A	PfKH01_130076200	1
1575	KH01	PfKH01_130076400	RIFIN-A	PfKH01_130076400	1
1576	KH01	PfKH01_130076500	RIFIN-A	PfGB4_030006400	2
1577	KH01	PfKH01_130076600	RIFIN-B	PfGB4_030006200	2
1578	KH01	PfKH01_130076700	RIFIN-A	PfDd2_070035600	2
1579	KH01	PfKH01_140005500	RIFIN-A	PfKH01_140005500	1
1580	KH01	PfKH01_140005600	RIFIN-A	PfKH01_140005600	1
1581	KH01	PfKH01_140005700	RIFIN-A	PfKH01_140005700	1
1582	KH01	PfKH01_140005800	RIFIN-A	PfGB4_070036900	4
1583	KH01	PfKH01_140005900	RIFIN-B	PfKH01_140005900	2
1584	KH01	PfKH01_140006100	RIFIN-A	PF3D7_1254800	5
1585	KH01	PfKH01_140006200	RIFIN-A	PF3D7_1254700	5
1586	KH01	PfKH01_140084600	RIFIN-A	PfGN01_040005400	2
1587	KH01	PfKH01_140084700	RIFIN-B	PfKH01_140084700	1
1588	KH01	PfKH01_140084900	RIFIN-A	PfKH01_140084900	1
1589	KH01	PfKH01_140085100	RIFIN-B	PfKH01_140085100	1
1590	KH01	PfKH01_140085200	RIFIN-A	PfKH01_140085200	1
1591	KH01	PfKH01_140085300	RIFIN-A	PF3D7_0900200	8
1592	KH02	PfKH02_000008100	RIFIN-A	PfGA01_070034800	3
1593	KH02	PfKH02_000008200	RIFIN-B	PfGA01_070034700	3
1594	KH02	PfKH02_000008400	RIFIN-B	PF3D7_0324500	3
1595	KH02	PfKH02_000008500	RIFIN-A	PfKE01_120060000	2
1596	KH02	PfKH02_000008600	RIFIN-B	PfKH02_000008600	1
1597	KH02	PfKH02_000008700	RIFIN-B	PfKH02_000008700	1
1598	KH02	PfKH02_000008800	RIFIN-A	PfKH02_000008800	1
1599	KH02	PfKH02_000009000	RIFIN-B	Pf7G8-2_000552600	5
1600	KH02	PfKH02_010005000	RIFIN-A	PF3D7_1300400	16
1601	KH02	PfKH02_010005100	RIFIN-A	PfDd2_130078500	3
1602	KH02	PfKH02_010005200	RIFIN-A	PfKH02_010005200	1
1603	KH02	PfKH02_010005600	RIFIN-A	PfKH02_010005600	1
1604	KH02	PfKH02_010005700	RIFIN-B	PfKH02_010005700	1
1605	KH02	PfKH02_010005800	RIFIN-B	PfDd2_010005700	7
1606	KH02	PfKH02_010018300	RIFIN-B	PF3D7_0114700	16
1607	KH02	PfKH02_010018900	RIFIN-A	PF3D7_0115200	6
1608	KH02	PfKH02_010019200	RIFIN-A	PfDd2_080005600	5
1609	KH02	PfKH02_010019300	RIFIN-A	PfKH02_010019300	1
1610	KH02	PfKH02_010019400	RIFIN-B	PfKH02_010019400	1
1611	KH02	PfKH02_010019800	RIFIN-A	PfDd2_100045400	6
1612	KH02	PfKH02_020005000	RIFIN-B	PfKH02_020005000	1
1613	KH02	PfKH02_020005100	RIFIN-A	PfKH02_020005100	1
1614	KH02	PfKH02_020005200	RIFIN-A	PfGN01_130006500	3
1615	KH02	PfKH02_020005300	RIFIN-A	PfKH02_020005300	1
1616	KH02	PfKH02_020026100	RIFIN-A	PfDd2_030029500	3
1617	KH02	PfKH02_020026200	RIFIN-B	PfKH02_020026200	1
1618	KH02	PfKH02_020026300	RIFIN-A	PfGA01_020025400	5
1619	KH02	PfKH02_030006000	RIFIN-A	PfKH02_030006000	1
1620	KH02	PfKH02_030006100	RIFIN-A	PfDd2_010005400	10
1621	KH02	PfKH02_030006300	RIFIN-A	PfCD01_030006200	4
1622	KH02	PfKH02_030030100	RIFIN-A	PfKH02_030030100	1
1623	KH02	PfKH02_040005600	RIFIN-A	PfKH02_040005600	1
1624	KH02	PfKH02_040005700	RIFIN-B	PfKH02_040005700	2
1625	KH02	PfKH02_040005800	RIFIN-A	PfKH02_040005800	2
1626	KH02	PfKH02_040005900	RIFIN-A	PfKH02_040005900	2
1627	KH02	PfKH02_040007000	RIFIN-A	PF3D7_0402500	16
1628	KH02	PfKH02_040007200	RIFIN-A	PF3D7_0402700	16
1629	KH02	PfKH02_040017400	RIFIN-A	PfKH02_040017400	1
1630	KH02	PfKH02_040017800	RIFIN-A	PfKH02_040017800	1
1631	KH02	PfKH02_040018100	RIFIN-A	PF3D7_0413200	10
1632	KH02	PfKH02_040018200	RIFIN-A	PF3D7_0413300	10
1633	KH02	PfKH02_040026200	RIFIN-A	Pf7G8-2_000196300	7
1634	KH02	PfKH02_040026300	RIFIN-A	PfKH02_040026300	1
1635	KH02	PfKH02_040026500	RIFIN-A	PF3D7_0425700	5
1636	KH02	PfKH02_040026900	RIFIN-A	PF3D7_0421500	12
1637	KH02	PfKH02_040031300	RIFIN-B	PfKH02_040031300	1
1638	KH02	PfKH02_040031400	RIFIN-A	PfKH02_040031400	1
1639	KH02	PfKH02_040031500	RIFIN-B	PfKH02_040031500	1
1640	KH02	PfKH02_040031700	RIFIN-A	PfKH02_040031700	1
1641	KH02	PfKH02_040032000	RIFIN-A	PfKH02_040032000	1
1642	KH02	PfKH02_040032100	RIFIN-B	PfKH02_040032100	1
1643	KH02	PfKH02_050005600	RIFIN-A	PfKH02_050005600	1
1644	KH02	PfKH02_050005700	RIFIN-B	PfKH02_050005700	1
1645	KH02	PfKH02_050005800	RIFIN-A	PfKH02_050005800	1
1646	KH02	PfKH02_050005900	RIFIN-B	PfKH02_050005900	1
1647	KH02	PfKH02_050006000	RIFIN-A	PfKH02_050006000	1
1648	KH02	PfKH02_050006100	RIFIN-A	PfKH02_050006100	1
1649	KH02	PfKH02_050006200	RIFIN-B	PfKH02_050006200	1
1650	KH02	PfKH02_050006300	RIFIN-B	PF3D7_0500500	12
1651	KH02	PfKH02_060005900	RIFIN-A	PfDd2_100045800	8
1652	KH02	PfKH02_060006000	RIFIN-A	PfKH02_060006000	2
1653	KH02	PfKH02_060006100	RIFIN-A	PfKH02_060006100	2
1654	KH02	PfKH02_060006200	RIFIN-A	PfKH02_060006200	2
1655	KH02	PfKH02_060006300	RIFIN-A	PfIT_090005500	3
1656	KH02	PfKH02_060006700	RIFIN-B	PfKH02_060006700	2
1657	KH02	PfKH02_060006800	RIFIN-A	PF3D7_0631700	5
1658	KH02	PfKH02_060024200	RIFIN-A	PF3D7_0712500	14
1659	KH02	PfKH02_060038600	RIFIN-B	PfKH02_060038600	1
1660	KH02	PfKH02_060038800	RIFIN-A	PfKH02_060038800	1
1661	KH02	PfKH02_060038900	RIFIN-A	PfKH02_060038900	1
1662	KH02	PfKH02_070005100	RIFIN-A	PF3D7_0701800	15
1663	KH02	PfKH02_070015400	RIFIN-A	PF3D7_1240700	8
1664	KH02	PfKH02_070015600	RIFIN-A	PfKH02_070015600	1
1665	KH02	PfKH02_070015700	RIFIN-A	PfKH02_070015700	1
1666	KH02	PfKH02_070016000	RIFIN-A	PF3D7_0713000	14
1667	KH02	PfKH02_070034900	RIFIN-B	PfKH02_070034900	1
1668	KH02	PfKH02_070035000	RIFIN-A	PfKH02_070035000	1
1669	KH02	PfKH02_080005300	RIFIN-A	PfKH02_080005300	1
1670	KH02	PfKH02_080005400	RIFIN-A	PfKH02_080005400	2
1671	KH02	PfKH02_080005500	RIFIN-A	PfKH02_080005500	1
1672	KH02	PfKH02_080005600	RIFIN-A	PfKH02_080005600	1
1673	KH02	PfKH02_080005700	RIFIN-B	PfKH02_080005700	1
1674	KH02	PfKH02_080005900	RIFIN-A	Pf7G8-2_000215700	9
1675	KH02	PfKH02_080006100	RIFIN-A	Pf7G8-2_000216400:pseudogene	6
1676	KH02	PfKH02_080014400	RIFIN-A	PfKH02_080014400	1
1677	KH02	PfKH02_080014600	RIFIN-B	Pf7G8-2_000196000:pseudogene	5
1678	KH02	PfKH02_080037800	RIFIN-A	PfIT_080037300	3
1679	KH02	PfKH02_080037900	RIFIN-A	PF3D7_1254800	5
1680	KH02	PfKH02_080038000	RIFIN-A	PF3D7_0732400	7
1681	KH02	PfKH02_080038100	RIFIN-A	PfGA01_130005600	3
1682	KH02	PfKH02_090005200	RIFIN-A	PfKH02_090005200	1
1683	KH02	PfKH02_090005300	RIFIN-A	PfCD01_140085300	2
1684	KH02	PfKH02_090005600	RIFIN-B	PfKH02_090005600	1
1685	KH02	PfKH02_090005700	RIFIN-A	PfKH02_090005700	1
1686	KH02	PfKH02_090005900	RIFIN-A	PF3D7_0300700	8
1687	KH02	PfKH02_090006000	RIFIN-A	PfDd2_090006300	2
1688	KH02	PfKH02_090006200	RIFIN-B	PfDd2_090006500	2
1689	KH02	PfKH02_090006300	RIFIN-A	PfDd2_090006600	3
1690	KH02	PfKH02_090042400	RIFIN-B	PfDd2_090042600	9
1691	KH02	PfKH02_090042600	RIFIN-A	PfKH02_090042600	1
1692	KH02	PfKH02_100005100	RIFIN-A	PfCD01_040005400	2
1693	KH02	PfKH02_100005300	RIFIN-A	PfKH02_100005300	1
1694	KH02	PfKH02_100005500	RIFIN-B	PfKH02_100005500	1
1695	KH02	PfKH02_100005700	RIFIN-A	PfGN01_120060700	2
1696	KH02	PfKH02_100005900	RIFIN-B	PfKH02_100005900	1
1697	KH02	PfKH02_100006000	RIFIN-A	PfGN01_100006200	2
1698	KH02	PfKH02_100006100	RIFIN-B	PF3D7_1000600	8
1699	KH02	PfKH02_100045000	RIFIN-A	PfHB3_130079900	2
1700	KH02	PfKH02_100045100	RIFIN-A	PfKH02_100045100	1
1701	KH02	PfKH02_100045200	RIFIN-A	PfKH02_100045200	1
1702	KH02	PfKH02_100045300	RIFIN-B	PfKH02_100045300	1
1703	KH02	PfKH02_100045400	RIFIN-A	PfKH02_100045400	1
1704	KH02	PfKH02_110005800	RIFIN-A	Pf7G8-2_000248100:pseudogene	4
1705	KH02	PfKH02_110005900	RIFIN-B	PfKH02_110005900	1
1706	KH02	PfKH02_110006000	RIFIN-B	PfKH02_110006000	1
1707	KH02	PfKH02_110006100	RIFIN-A	PfKH02_110006100	1
1708	KH02	PfKH02_110006200	RIFIN-A	PfKH02_110006200	1
1709	KH02	PfKH02_110006300	RIFIN-B	PfKH02_110006300	1
1710	KH02	PfKH02_110006500	RIFIN-A	PfKH02_110006500	1
1711	KH02	PfKH02_110006600	RIFIN-A	PF3D7_1101400	5
1712	KH02	PfKH02_110054300	RIFIN-A	PfDd2_040006200	9
1713	KH02	PfKH02_110054600	RIFIN-A	PfDd2_040005800	4
1714	KH02	PfKH02_110054700	RIFIN-B	PfKH02_110054700	1
1715	KH02	PfKH02_120005200	RIFIN-A	PfKH02_120005200	1
1716	KH02	PfKH02_120005400	RIFIN-B	PfKH02_120005400	1
1717	KH02	PfKH02_120005500	RIFIN-A	PfDd2_120005000	3
1718	KH02	PfKH02_120005800	RIFIN-B	PfDd2_120005300	2
1719	KH02	PfKH02_120005900	RIFIN-A	PfDd2_120005400	2
1720	KH02	PfKH02_120045400	RIFIN-A	PF3D7_0808900	4
1721	KH02	PfKH02_120058600	RIFIN-A	PF3D7_1372600	15
1722	KH02	PfKH02_120058700	RIFIN-B	PF3D7_1040600	3
1723	KH02	PfKH02_120058800	RIFIN-A	PF3D7_1040700	3
1724	KH02	PfKH02_120058900	RIFIN-B	PF3D7_1040800	3
1725	KH02	PfKH02_120059000	RIFIN-A	PfKH02_120059000	1
1726	KH02	PfKH02_120059200	RIFIN-A	PF3D7_0700300	8
1727	KH02	PfKH02_120059300	RIFIN-A	PF3D7_0700200	5
1728	KH02	PfKH02_130075100	RIFIN-A	PfKH02_130075100	1
1729	KH02	PfKH02_130075200	RIFIN-A	PfKH02_130075200	1
1730	KH02	PfKH02_130075300	RIFIN-B	PfKH01_020028000	2
1731	KH02	PfKH02_130075400	RIFIN-A	PfKH02_130075400	1
1732	KH02	PfKH02_140005600	RIFIN-A	Pf7G8-2_000285700	5
1733	KH02	PfKH02_140005700	RIFIN-A	PfCD01_040030900	5
1734	KH02	PfKH02_140005800	RIFIN-A	PfDd2_070035200	2
1735	KH02	PfKH02_140006000	RIFIN-B	PfKH02_140006000	1
1736	KH02	PfKH02_140006100	RIFIN-B	PfKH02_140006100	1
1737	KH02	PfKH02_140006200	RIFIN-A	PfKH02_140006200	1
1738	KH02	PfKH02_140006400	RIFIN-A	PF3D7_1254200	3
1739	KH02	PfKH02_140006500	RIFIN-B	PfKH02_140006500	1
1740	NF166	PfNF166_000006400	RIFIN-A	PfNF166_000006400	1
1741	NF166	PfNF166_000006500	RIFIN-B	PfKE01_040032400	2
1742	NF166	PfNF166_000006600	RIFIN-A	PfNF166_000006600	1
1743	NF166	PfNF166_000006700	RIFIN-A	PfNF166_000006700	1
1744	NF166	PfNF166_000007700	RIFIN-A	PfNF166_000007700	1
1745	NF166	PfNF166_000008000	RIFIN-A	PF3D7_0937700	6
1746	NF166	PfNF166_000008300	RIFIN-B	PfNF166_000008300	2
1747	NF166	PfNF166_000008400	RIFIN-A	PfNF166_000008400	1
1748	NF166	PfNF166_000009100	RIFIN-A	PfNF166_000009100	1
1749	NF166	PfNF166_000009200	RIFIN-B	PfNF166_000009200	1
1750	NF166	PfNF166_000009300	RIFIN-A	PfNF166_000009300	1
1751	NF166	PfNF166_000009400	RIFIN-A	PfNF166_000009400	1
1752	NF166	PfNF166_000009600	RIFIN-A	PfNF166_000009600	1
1753	NF166	PfNF166_000017800	RIFIN-A	PfNF166_000017800	1
1754	NF166	PfNF166_000018000	RIFIN-A	Pf7G8-2_000119500	3
1755	NF166	PfNF166_000018100	RIFIN-A	PfNF166_000018100	1
1756	NF166	PfNF166_000018300	RIFIN-A	PfNF166_000018300	1
1757	NF166	PfNF166_000019500	RIFIN-A	PfGA01_010019300	6
1758	NF166	PfNF166_000019600	RIFIN-A	PfNF166_000019600	1
1759	NF166	PfNF166_000020600	RIFIN-A	PfNF166_000020600	1
1760	NF166	PfNF166_000020900	RIFIN-A	PfNF166_000020900	1
1761	NF166	PfNF166_000021000	RIFIN-B	PfNF166_000021000	1
1762	NF166	PfNF166_000021100	RIFIN-A	PfGB4_070036900	4
1763	NF166	PfNF166_000021200	RIFIN-B	PfKH01_140005900	2
1764	NF166	PfNF166_000021300	RIFIN-A	Pf7G8-2_000215700	9
1765	NF166	PfNF166_000021400	RIFIN-A	PF3D7_0700300	8
1766	NF166	PfNF166_000021600	RIFIN-A	PF3D7_0700500	3
1767	NF166	PfNF166_000022300	RIFIN-A	PF3D7_0701100	4
1768	NF166	PfNF166_000022600	RIFIN-A	PF3D7_0701300	5
1769	NF166	PfNF166_010005100	RIFIN-A	PfNF166_010005100	1
1770	NF166	PfNF166_010005200	RIFIN-A	PfNF166_010005200	1
1771	NF166	PfNF166_010005800	RIFIN-A	PfCD01_140086000	3
1772	NF166	PfNF166_010018000	RIFIN-B	PF3D7_0114700	16
1773	NF166	PfNF166_020005600	RIFIN-A	PfDd2_100005200	3
1774	NF166	PfNF166_020005700	RIFIN-A	PF3D7_0833400	6
1775	NF166	PfNF166_020006000	RIFIN-A	PfNF166_020006000	1
1776	NF166	PfNF166_020006300	RIFIN-A	PF3D7_0732400	7
1777	NF166	PfNF166_040007300	RIFIN-A	PfNF166_040007300	1
1778	NF166	PfNF166_040007400	RIFIN-B	PfKH02_040005700	2
1779	NF166	PfNF166_040008800	RIFIN-A	PF3D7_0402500	16
1780	NF166	PfNF166_040019000	RIFIN-B	Pf7G8-2_000196000:pseudogene	5
1781	NF166	PfNF166_040019300	RIFIN-A	PF3D7_0413200	10
1782	NF166	PfNF166_040026900	RIFIN-A	PF3D7_0421500	12
1783	NF166	PfNF166_040031400	RIFIN-A	Pf7G8-2_000324800	3
1784	NF166	PfNF166_040031500	RIFIN-B	PfDd2_040005700	5
1785	NF166	PfNF166_040031600	RIFIN-A	Pf7G8-2_000285700	5
1786	NF166	PfNF166_040031800	RIFIN-B	PfNF166_040031800	1
1787	NF166	PfNF166_040032300	RIFIN-A	PfGA01_020025400	5
1788	NF166	PfNF166_050005100	RIFIN-A	PfNF166_050005100	1
1789	NF166	PfNF166_050005400	RIFIN-A	PfNF166_050005400	1
1790	NF166	PfNF166_050005700	RIFIN-A	PfNF166_050005700	1
1791	NF166	PfNF166_050037900	RIFIN-A	Pf7G8-2_000184600:pseudogene	5
1792	NF166	PfNF166_050038100	RIFIN-A	PfNF166_050038100	1
1793	NF166	PfNF166_060022100	RIFIN-A	PfNF166_060022100	1
1794	NF166	PfNF166_060035800	RIFIN-A	PF3D7_0222400	9
1795	NF166	PfNF166_060035900	RIFIN-B	PfNF166_060035900	1
1796	NF166	PfNF166_060036000	RIFIN-A	Pf7G8-2_000117900	6
1797	NF166	PfNF166_060036300	RIFIN-A	PfNF166_060036300	1
1798	NF166	PfNF166_060036400	RIFIN-B	PfNF166_060036400	1
1799	NF166	PfNF166_060036500	RIFIN-A	PF3D7_0900200	8
1800	NF166	PfNF166_070005300	RIFIN-A	PfNF166_070005300	1
1801	NF166	PfNF166_070005400	RIFIN-B	PF3D7_0632600	6
1802	NF166	PfNF166_070005600	RIFIN-A	PfNF166_070005600	1
1803	NF166	PfNF166_070005800	RIFIN-A	PfNF166_070005800	1
1804	NF166	PfNF166_070005900	RIFIN-A	PfNF166_070005900	1
1805	NF166	PfNF166_070006300	RIFIN-B	PfNF166_070006300	1
1806	NF166	PfNF166_070006400	RIFIN-A	PF3D7_0701800	15
1807	NF166	PfNF166_070016400	RIFIN-A	PF3D7_0808900	4
1808	NF166	PfNF166_070016500	RIFIN-A	Pf7G8-2_000196400	7
1809	NF166	PfNF166_070035200	RIFIN-B	PfGA01_070034700	3
1810	NF166	PfNF166_070035300	RIFIN-A	PfGA01_070034800	3
1811	NF166	PfNF166_070035700	RIFIN-A	PfNF166_070035700	1
1812	NF166	PfNF166_080012900	RIFIN-A	PfNF166_080012900	1
1813	NF166	PfNF166_080035900	RIFIN-A	PfIT_080037300	3
1814	NF166	PfNF166_080036000	RIFIN-A	PfNF166_080036000	1
1815	NF166	PfNF166_080036200	RIFIN-A	PfNF166_080036200	1
1816	NF166	PfNF166_090005100	RIFIN-A	PfNF166_090005100	1
1817	NF166	PfNF166_090005200	RIFIN-A	PfNF166_090005200	1
1818	NF166	PfNF166_090005300	RIFIN-A	PfNF166_090005300	1
1819	NF166	PfNF166_090005500	RIFIN-B	PfNF166_090005500	1
1820	NF166	PfNF166_090005700	RIFIN-A	PfNF166_090005700	1
1821	NF166	PfNF166_090041600	RIFIN-B	PfDd2_090042600	9
1822	NF166	PfNF166_090041700	RIFIN-A	PfDd2_090042700	6
1823	NF166	PfNF166_090041800	RIFIN-A	PF3D7_0300700	8
1824	NF166	PfNF166_090042000	RIFIN-B	PF3D7_0900300	9
1825	NF166	PfNF166_090042100	RIFIN-A	PfNF166_090042100	1
1826	NF166	PfNF166_090042300	RIFIN-A	PfNF166_090042300	1
1827	NF166	PfNF166_090042500	RIFIN-A	PF3D7_0425900	6
1828	NF166	PfNF166_100005100	RIFIN-A	PfNF166_100005100	1
1829	NF166	PfNF166_100005300	RIFIN-A	PfNF166_100005300	1
1830	NF166	PfNF166_100005500	RIFIN-A	PfGN01_010019500	2
1831	NF166	PfNF166_100005600	RIFIN-A	PfNF166_100005600	1
1832	NF166	PfNF166_100005700	RIFIN-B	PF3D7_1000600	8
1833	NF166	PfNF166_110052400	RIFIN-B	PF3D7_1149800	6
1834	NF166	PfNF166_110052600	RIFIN-B	PfNF166_110052600	1
1835	NF166	PfNF166_110052800	RIFIN-A	PfNF166_110052800	1
1836	NF166	PfNF166_120007100	RIFIN-A	PfHB3_020005800	4
1837	NF166	PfNF166_120007300	RIFIN-A	PfNF166_120007300	1
1838	NF166	PfNF166_120007500	RIFIN-A	PfNF166_120007500	1
1839	NF166	PfNF166_120007800	RIFIN-A	PfGB4_030006500	3
1840	NF166	PfNF166_120059100	RIFIN-A	PfDd2_130077800	9
1841	NF166	PfNF166_120059200	RIFIN-B	PfNF166_120059200	1
1842	NF166	PfNF166_120059300	RIFIN-A	PF3D7_1300400	16
1843	NF166	PfNF166_130005500	RIFIN-A	PfGB4_040031200	2
1844	NF166	PfNF166_130005700	RIFIN-A	PfNF166_130005700	1
1845	NF166	PfNF166_130005800	RIFIN-A	PfNF166_130005800	1
1846	NF166	PfNF166_130005900	RIFIN-B	PfNF166_130005900	1
1847	NF166	PfNF166_130006100	RIFIN-A	PfKH02_040005800	2
1848	NF166	PfNF166_140005000	RIFIN-B	PF3D7_0500500	12
1849	NF166	PfNF166_140005100	RIFIN-B	PfDd2_140005200	5
1850	NF166	PfNF166_140081600	RIFIN-A	PF3D7_1253700	13
1851	NF54	PfNF54_010005900	RIFIN-A	PF3D7_0100400	5
1852	NF54	PfNF54_010006000	RIFIN-B	PF3D7_0100600	3
1853	NF54	PfNF54_010006200	RIFIN-A	PF3D7_0100800	2
1854	NF54	PfNF54_010006300	RIFIN-A	PF3D7_0100900	2
1855	NF54	PfNF54_010006400	RIFIN-A	PF3D7_0101000	2
1856	NF54	PfNF54_010006800	RIFIN-A	PF3D7_0101600	3
1857	NF54	PfNF54_010007100	RIFIN-B	PF3D7_0101900	2
1858	NF54	PfNF54_010019100	RIFIN-B	PF3D7_0114700	16
1859	NF54	PfNF54_010019700	RIFIN-A	PF3D7_0115200	6
1860	NF54	PfNF54_010019800	RIFIN-B	PF3D7_0115300	2
1861	NF54	PfNF54_010020100	RIFIN-A	PF3D7_0115600	2
1862	NF54	PfNF54_020005200	RIFIN-A	PF3D7_0200200	4
1863	NF54	PfNF54_020005500	RIFIN-A	PF3D7_0200500	2
1864	NF54	PfNF54_020005600	RIFIN-A	PF3D7_0200600	2
1865	NF54	PfNF54_020005700	RIFIN-A	PF3D7_0200700	4
1866	NF54	PfNF54_020006000	RIFIN-B	PF3D7_0201000	3
1867	NF54	PfNF54_020006200	RIFIN-A	PF3D7_0201200	10
1868	NF54	PfNF54_020026500	RIFIN-B	PF3D7_0222500	2
1869	NF54	PfNF54_020026600	RIFIN-A	PF3D7_0222600	2
1870	NF54	PfNF54_020026700	RIFIN-B	PF3D7_0222700	2
1871	NF54	PfNF54_020027100	RIFIN-A	PF3D7_0223100	4
1872	NF54	PfNF54_020027200	RIFIN-B	PF3D7_0223200	2
1873	NF54	PfNF54_020027400	RIFIN-A	PF3D7_0223400	7
1874	NF54	PfNF54_030005400	RIFIN-A	PF3D7_0300200	2
1875	NF54	PfNF54_030005700	RIFIN-B	PF3D7_0300500	2
1876	NF54	PfNF54_030005900	RIFIN-A	PF3D7_0300700	8
1877	NF54	PfNF54_030029700	RIFIN-A	PF3D7_0324400	2
1878	NF54	PfNF54_030029800	RIFIN-B	PF3D7_0324500	3
1879	NF54	PfNF54_030030200	RIFIN-A	PF3D7_0324800	2
1880	NF54	PfNF54_040005800	RIFIN-A	PF3D7_0400300	2
1881	NF54	PfNF54_040006000	RIFIN-A	PF3D7_0400500	2
1882	NF54	PfNF54_040006100	RIFIN-A	PF3D7_0400700	4
1883	NF54	PfNF54_040006300	RIFIN-A	PF3D7_0400900	2
1884	NF54	PfNF54_040006400	RIFIN-B	PF3D7_0401000	2
1885	NF54	PfNF54_040006600	RIFIN-A	PF3D7_0401200	2
1886	NF54	PfNF54_040006700	RIFIN-A	PF3D7_0401300	2
1887	NF54	PfNF54_040006800	RIFIN-A	PF3D7_0401400	2
1888	NF54	PfNF54_040018700	RIFIN-A	PF3D7_0413200	10
1889	NF54	PfNF54_040018800	RIFIN-A	PF3D7_0413300	10
1890	NF54	PfNF54_040026800	RIFIN-B	PF3D7_0421200	2
1891	NF54	PfNF54_040031100	RIFIN-A	PF3D7_0425700	5
1892	NF54	PfNF54_040031300	RIFIN-A	PF3D7_0425900	6
1893	NF54	PfNF54_050005200	RIFIN-A	PF3D7_0500400	6
1894	NF54	PfNF54_050005300	RIFIN-B	PF3D7_0500500	12
1895	NF54	PfNF54_050036700	RIFIN-B	PF3D7_0532900	15
1896	NF54	PfNF54_060005100	RIFIN-A	PF3D7_0600300	4
1897	NF54	PfNF54_060005300	RIFIN-A	PF3D7_0600500	2
1898	NF54	PfNF54_060005500	RIFIN-A	PF3D7_0600700	2
1899	NF54	PfNF54_060005600	RIFIN-B	PF3D7_0600800	2
1900	NF54	PfNF54_060022700	RIFIN-A	PF3D7_0617700	6
1901	NF54	PfNF54_060037100	RIFIN-B	PF3D7_0631800	2
1902	NF54	PfNF54_060037300	RIFIN-A	PF3D7_0632000	7
1903	NF54	PfNF54_060037400	RIFIN-A	PF3D7_0632100	2
1904	NF54	PfNF54_060037500	RIFIN-A	PF3D7_0632200	2
1905	NF54	PfNF54_060037600	RIFIN-B	PF3D7_0632300	2
1906	NF54	PfNF54_060037700	RIFIN-A	PF3D7_0632400	2
1907	NF54	PfNF54_060037900	RIFIN-B	PF3D7_0632600	6
1908	NF54	PfNF54_060038000	RIFIN-A	PF3D7_0632700	9
1909	NF54	PfNF54_070005600	RIFIN-A	PF3D7_0700200	5
1910	NF54	PfNF54_070005700	RIFIN-A	PF3D7_0700300	8
1911	NF54	PfNF54_070005900	RIFIN-A	PF3D7_0700500	3
1912	NF54	PfNF54_070006700	RIFIN-A	PF3D7_0701800	15
1913	NF54	PfNF54_070017400	RIFIN-A	PF3D7_0713000	14
1914	NF54	PfNF54_070036000	RIFIN-A	PF3D7_0732200	2
1915	NF54	PfNF54_070036100	RIFIN-A	PF3D7_0732300	2
1916	NF54	PfNF54_070036200	RIFIN-A	PF3D7_0732400	7
1917	NF54	PfNF54_070036300	RIFIN-A	PF3D7_0732500	2
1918	NF54	PfNF54_070036500	RIFIN-B	PF3D7_0732700	2
1919	NF54	PfNF54_070036700	RIFIN-A	PF3D7_0732900	2
1920	NF54	PfNF54_080012800	RIFIN-A	PF3D7_0808800	5
1921	NF54	PfNF54_080012900	RIFIN-A	PF3D7_0808900	4
1922	NF54	PfNF54_080035900	RIFIN-A	PF3D7_0832500	2
1923	NF54	PfNF54_080036200	RIFIN-B	PF3D7_0832800	4
1924	NF54	PfNF54_080036400	RIFIN-A	PF3D7_0833000	3
1925	NF54	PfNF54_080036500	RIFIN-A	PF3D7_0833100	3
1926	NF54	PfNF54_080036600	RIFIN-B	PF3D7_0833200	2
1927	NF54	PfNF54_080036800	RIFIN-A	PF3D7_0833400	6
1928	NF54	PfNF54_090005400	RIFIN-A	PF3D7_0900200	8
1929	NF54	PfNF54_090005500	RIFIN-B	PF3D7_0900300	9
1930	NF54	PfNF54_090005700	RIFIN-A	PF3D7_0900400	6
1931	NF54	PfNF54_090005800	RIFIN-B	PF3D7_0900500	2
1932	NF54	PfNF54_090005900	RIFIN-A	PF3D7_0900600	2
1933	NF54	PfNF54_090006000	RIFIN-A	PF3D7_0900700	2
1934	NF54	PfNF54_090006300	RIFIN-B	PF3D7_0901000	2
1935	NF54	PfNF54_090006600	RIFIN-A	PF3D7_0901300	2
1936	NF54	PfNF54_090006700	RIFIN-A	PF3D7_0901400	3
1937	NF54	PfNF54_090006800	RIFIN-A	PF3D7_0901500	3
1938	NF54	PfNF54_090042600	RIFIN-A	PF3D7_0937300	4
1939	NF54	PfNF54_090042700	RIFIN-B	PF3D7_0937400	4
1940	NF54	PfNF54_090042800	RIFIN-A	PF3D7_0937500	3
1941	NF54	PfNF54_090043000	RIFIN-A	PF3D7_0937700	6
1942	NF54	PfNF54_100005400	RIFIN-A	PF3D7_1000200	3
1943	NF54	PfNF54_100005500	RIFIN-B	PF3D7_1000300	2
1944	NF54	PfNF54_100005600	RIFIN-A	PF3D7_1000400	2
1945	NF54	PfNF54_100005700	RIFIN-A	PF3D7_1000500	4
1946	NF54	PfNF54_100005800	RIFIN-B	PF3D7_1000600	8
1947	NF54	PfNF54_100044200	RIFIN-B	PF3D7_1040100	4
1948	NF54	PfNF54_100044400	RIFIN-A	PF3D7_1040300	2
1949	NF54	PfNF54_100044500	RIFIN-B	PF3D7_1040400	2
1950	NF54	PfNF54_100044600	RIFIN-A	PF3D7_1040500	2
1951	NF54	PfNF54_100044700	RIFIN-B	PF3D7_1040600	3
1952	NF54	PfNF54_100044800	RIFIN-A	PF3D7_1040700	3
1953	NF54	PfNF54_100044900	RIFIN-B	PF3D7_1040800	3
1954	NF54	PfNF54_100045000	RIFIN-B	PF3D7_1040900	2
1955	NF54	PfNF54_100045100	RIFIN-A	PF3D7_1041000	2
1956	NF54	PfNF54_100045200	RIFIN-B	PF3D7_1041100	2
1957	NF54	PfNF54_100045300	RIFIN-A	PF3D7_1041200	2
1958	NF54	PfNF54_110005500	RIFIN-A	PF3D7_1100300	3
1959	NF54	PfNF54_110005600	RIFIN-A	PF3D7_1100400	2
1960	NF54	PfNF54_110005700	RIFIN-A	PF3D7_1100500	2
1961	NF54	PfNF54_110006500	RIFIN-A	PF3D7_0701100	4
1962	NF54	PfNF54_110053100	RIFIN-B	PF3D7_1149800	6
1963	NF54	PfNF54_110053300	RIFIN-A	PF3D7_1150000	2
1964	NF54	PfNF54_110053500	RIFIN-A	PF3D7_1150200	3
1965	NF54	PfNF54_110053600	RIFIN-A	PF3D7_1150300	3
1966	NF54	PfNF54_120005300	RIFIN-A	PF3D7_1200200	3
1967	NF54	PfNF54_120005400	RIFIN-B	PF3D7_1200300	3
1968	NF54	PfNF54_120005600	RIFIN-A	PF3D7_1200500	3
1969	NF54	PfNF54_120057400	RIFIN-A	PF3D7_1253700	13
1970	NF54	PfNF54_120057700	RIFIN-B	PF3D7_1254000	3
1971	NF54	PfNF54_120057900	RIFIN-A	PF3D7_1254200	3
1972	NF54	PfNF54_120058100	RIFIN-A	PF3D7_1254400	2
1973	NF54	PfNF54_120058400	RIFIN-A	PF3D7_1254700	5
1974	NF54	PfNF54_120058500	RIFIN-A	PF3D7_1254800	5
1975	NF54	PfNF54_120058700	RIFIN-B	PF3D7_1255000	2
1976	NF54	PfNF54_120058800	RIFIN-A	PF3D7_1255100	3
1977	NF54	PfNF54_130005300	RIFIN-A	PF3D7_1300200	2
1978	NF54	PfNF54_130005500	RIFIN-A	PF3D7_1300400	16
1979	NF54	PfNF54_130005600	RIFIN-A	PF3D7_1300500	3
1980	NF54	PfNF54_130005700	RIFIN-B	PF3D7_1300600	2
1981	NF54	PfNF54_130005800	RIFIN-A	PF3D7_1300700	2
1982	NF54	PfNF54_140005200	RIFIN-A	PF3D7_1400200	2
1983	NF54	PfNF54_140005300	RIFIN-B	PF3D7_1400300	2
1984	NF54	PfNF54_140005400	RIFIN-A	PF3D7_1400400	2
1985	NF54	PfNF54_140005500	RIFIN-B	PF3D7_1400500	2
1986	NF54	PfNF54_140005600	RIFIN-A	PF3D7_1400600	3
1987	NF54	PfNF54_140005800	RIFIN-B	PF3D7_1400800	2
1988	NF54	PfNF54_140082400	RIFIN-B	PF3D7_1479400	3
1989	NF54	PfNF54_140082600	RIFIN-B	PF3D7_1479600	2
1990	NF54	PfNF54_140082700	RIFIN-A	PF3D7_1479700	2
1991	NF54	PfNF54_140082800	RIFIN-B	PF3D7_1479800	2
1992	NF54	PfNF54_140083000	RIFIN-A	PF3D7_1480000	2
1993	SN01	PfSN01_000005200	RIFIN-B	PF3D7_0937400	4
1994	SN01	PfSN01_000005300	RIFIN-A	PF3D7_0937500	3
1995	SN01	PfSN01_000005500	RIFIN-A	PfSN01_000005500	1
1996	SN01	PfSN01_000006900	RIFIN-A	PfCD01_000008400	3
1997	SN01	PfSN01_000009600	RIFIN-A	PfSN01_000009600	1
1998	SN01	PfSN01_000010100	RIFIN-A	PfDd2_040005200	4
1999	SN01	PfSN01_000011400	RIFIN-B	Pf7G8-2_000324900	3
2000	SN01	PfSN01_000012000	RIFIN-A	PfSN01_000012000	1
2001	SN01	PfSN01_000012900	RIFIN-A	PF3D7_0223100	4
2002	SN01	PfSN01_000013100	RIFIN-A	PfDd2_010005400	10
2003	SN01	PfSN01_000013700	RIFIN-A	PfDd2_010019300	6
2004	SN01	PfSN01_000013800	RIFIN-A	PfSN01_000013800	1
2005	SN01	PfSN01_000013900	RIFIN-A	PfGA01_010019400	2
2006	SN01	PfSN01_000014000	RIFIN-A	PfGA01_010019300	6
2007	SN01	PfSN01_000014400	RIFIN-A	PF3D7_0701300	5
2008	SN01	PfSN01_000014800	RIFIN-A	PfSN01_000014800	1
2009	SN01	PfSN01_000015000	RIFIN-A	PfSN01_000015000	1
2010	SN01	PfSN01_000015100	RIFIN-A	PfSN01_000015100	1
2011	SN01	PfSN01_000015300	RIFIN-A	PfSN01_000015300	1
2012	SN01	PfSN01_000015400	RIFIN-A	PfKH02_080005400	2
2013	SN01	PfSN01_000016100	RIFIN-A	PfSN01_000016100	1
2014	SN01	PfSN01_000017200	RIFIN-A	PfSN01_000017200	1
2015	SN01	PfSN01_000018300	RIFIN-A	PfSN01_000018300	1
2016	SN01	PfSN01_000018700	RIFIN-B	PfSN01_000018700	1
2017	SN01	PfSN01_000020800	RIFIN-A	PfSN01_000020800	1
2018	SN01	PfSN01_000021000	RIFIN-A	PF3D7_1300400	16
2019	SN01	PfSN01_000021100	RIFIN-A	PfSN01_000021100	1
2020	SN01	PfSN01_000021200	RIFIN-A	PF3D7_0201200	10
2021	SN01	PfSN01_010017100	RIFIN-B	PF3D7_0114700	16
2022	SN01	PfSN01_010017800	RIFIN-A	Pf7G8-2_000216400:pseudogene	6
2023	SN01	PfSN01_010017900	RIFIN-B	PfSN01_010017900	1
2024	SN01	PfSN01_010018300	RIFIN-A	PfSN01_010018300	1
2025	SN01	PfSN01_030005100	RIFIN-A	PfSN01_030005100	1
2026	SN01	PfSN01_030006000	RIFIN-B	PfSN01_030006000	1
2027	SN01	PfSN01_030006200	RIFIN-A	PfSN01_030006200	1
2028	SN01	PfSN01_030006300	RIFIN-A	PF3D7_0300800	11
2029	SN01	PfSN01_030030200	RIFIN-B	PfSN01_030030200	1
2030	SN01	PfSN01_030030400	RIFIN-A	PfSN01_030030400	1
2031	SN01	PfSN01_030031100	RIFIN-B	PF3D7_0701200	4
2032	SN01	PfSN01_030031200	RIFIN-A	Pf7G8-2_000117900	6
2033	SN01	PfSN01_030031300	RIFIN-B	PfSN01_030031300	1
2034	SN01	PfSN01_030031400	RIFIN-A	PfGA01_020025400	5
2035	SN01	PfSN01_040005300	RIFIN-A	PfSN01_040005300	1
2036	SN01	PfSN01_040005500	RIFIN-A	PfSN01_040005500	1
2037	SN01	PfSN01_040005700	RIFIN-B	PfSN01_040005700	1
2038	SN01	PfSN01_040005800	RIFIN-B	PfCD01_000006300	4
2039	SN01	PfSN01_040007200	RIFIN-A	PF3D7_0402500	16
2040	SN01	PfSN01_040017900	RIFIN-A	PF3D7_0413200	10
2041	SN01	PfSN01_040018000	RIFIN-A	PF3D7_0413300	10
2042	SN01	PfSN01_040025800	RIFIN-A	PF3D7_0617700	6
2043	SN01	PfSN01_040026000	RIFIN-A	PfSN01_040026000	1
2044	SN01	PfSN01_040030300	RIFIN-A	PfGB4_040030400	2
2045	SN01	PfSN01_040030400	RIFIN-A	Pf7G8-2_000215700	9
2046	SN01	PfSN01_040030500	RIFIN-B	PfKE01_000005700	2
2047	SN01	PfSN01_050005100	RIFIN-A	PfSN01_050005100	1
2048	SN01	PfSN01_050005200	RIFIN-A	PfSN01_050005200	1
2049	SN01	PfSN01_050005300	RIFIN-A	PfSN01_050005300	1
2050	SN01	PfSN01_050005500	RIFIN-A	PfSN01_050005500	1
2051	SN01	PfSN01_050005600	RIFIN-A	PfSN01_050005600	1
2052	SN01	PfSN01_050005700	RIFIN-A	PfSN01_050005700	1
2053	SN01	PfSN01_050005900	RIFIN-A	PF3D7_0200200	4
2054	SN01	PfSN01_050006000	RIFIN-A	PfSN01_050006000	1
2055	SN01	PfSN01_050006100	RIFIN-B	PfSN01_050006100	1
2056	SN01	PfSN01_050037400	RIFIN-B	PF3D7_0532900	15
2057	SN01	PfSN01_050037700	RIFIN-A	PfSN01_050037700	1
2058	SN01	PfSN01_060005200	RIFIN-A	PfSN01_060005200	1
2059	SN01	PfSN01_060005500	RIFIN-B	PfNF166_000008300	2
2060	SN01	PfSN01_060022600	RIFIN-A	PF3D7_0712500	14
2061	SN01	PfSN01_060036800	RIFIN-A	PF3D7_0631700	5
2062	SN01	PfSN01_060036900	RIFIN-B	PfKH02_060006700	2
2063	SN01	PfSN01_060037300	RIFIN-A	PfIT_090005500	3
2064	SN01	PfSN01_060037400	RIFIN-A	PfKH02_060006200	2
2065	SN01	PfSN01_060037500	RIFIN-A	PfKH02_060006100	2
2066	SN01	PfSN01_060037600	RIFIN-A	PfKH02_060006000	2
2067	SN01	PfSN01_060037700	RIFIN-A	PfDd2_100045800	8
2068	SN01	PfSN01_070005500	RIFIN-A	PF3D7_1200200	3
2069	SN01	PfSN01_070005600	RIFIN-B	PfSN01_070005600	1
2070	SN01	PfSN01_070005800	RIFIN-A	PfSN01_070005800	1
2071	SN01	PfSN01_070005900	RIFIN-A	PF3D7_0200700	4
2072	SN01	PfSN01_070006300	RIFIN-B	PfSN01_070006300	1
2073	SN01	PfSN01_070006500	RIFIN-A	PfSN01_070006500	1
2074	SN01	PfSN01_070006600	RIFIN-A	PfSN01_070006600	1
2075	SN01	PfSN01_070017600	RIFIN-A	PF3D7_0713000	14
2076	SN01	PfSN01_070036000	RIFIN-B	PF3D7_0731900	15
2077	SN01	PfSN01_070036200	RIFIN-A	PfSN01_070036200	1
2078	SN01	PfSN01_070036300	RIFIN-A	Pf7G8-2_000049300	9
2079	SN01	PfSN01_070036500	RIFIN-B	PF3D7_0900300	9
2080	SN01	PfSN01_070036600	RIFIN-A	PfSN01_070036600	1
2081	SN01	PfSN01_080013400	RIFIN-A	PF3D7_0808800	5
2082	SN01	PfSN01_080037000	RIFIN-A	PfGA01_030031800	4
2083	SN01	PfSN01_080037200	RIFIN-A	PfSN01_080037200	1
2084	SN01	PfSN01_080037300	RIFIN-A	PfSN01_080037300	1
2085	SN01	PfSN01_080037500	RIFIN-A	PfSN01_080037500	1
2086	SN01	PfSN01_090005600	RIFIN-A	PfSN01_090005600	1
2087	SN01	PfSN01_090005800	RIFIN-A	PfSN01_090005800	1
2088	SN01	PfSN01_090006000	RIFIN-B	PfSN01_090006000	1
2089	SN01	PfSN01_090006300	RIFIN-A	PfDd2_090006900	6
2090	SN01	PfSN01_100005300	RIFIN-A	PF3D7_0600300	4
2091	SN01	PfSN01_100005500	RIFIN-A	PF3D7_0100400	5
2092	SN01	PfSN01_100005700	RIFIN-A	PfSN01_100005700	1
2093	SN01	PfSN01_100006000	RIFIN-A	PfSN01_100006000	1
2094	SN01	PfSN01_100006100	RIFIN-B	PfCD01_100006000	5
2095	SN01	PfSN01_100045000	RIFIN-A	PF3D7_1040000	4
2096	SN01	PfSN01_100045100	RIFIN-B	PfSN01_100045100	1
2097	SN01	PfSN01_100045200	RIFIN-A	PfSN01_100045200	1
2098	SN01	PfSN01_100045400	RIFIN-A	PF3D7_0937700	6
2099	SN01	PfSN01_100045500	RIFIN-A	PfDd2_100005200	3
2100	SN01	PfSN01_110052600	RIFIN-A	PfSN01_110052600	1
2101	SN01	PfSN01_110052700	RIFIN-A	PfSN01_110052700	1
2102	SN01	PfSN01_110052900	RIFIN-A	PfHB3_020005800	4
2103	SN01	PfSN01_120006100	RIFIN-A	PF3D7_1373400	3
2104	SN01	PfSN01_120006200	RIFIN-B	PfSN01_120006200	1
2105	SN01	PfSN01_120006300	RIFIN-A	PfDd2_080005600	5
2106	SN01	PfSN01_120045900	RIFIN-B	PfGA01_120045000	2
2107	SN01	PfSN01_120059500	RIFIN-A	PF3D7_1253700	13
2108	SN01	PfSN01_120059900	RIFIN-B	PfCD01_130005900	6
2109	SN01	PfSN01_120060300	RIFIN-A	PfKH01_000029400	2
2110	SN01	PfSN01_120060400	RIFIN-A	PfCD01_130005600	3
2111	SN01	PfSN01_120060600	RIFIN-B	PfSN01_120060600	1
2112	SN01	PfSN01_120060700	RIFIN-A	PfSN01_120060700	1
2113	SN01	PfSN01_120060900	RIFIN-B	PfGA01_000007000	2
2114	SN01	PfSN01_130075100	RIFIN-B	PF3D7_1372600	15
2115	SN01	PfSN01_130075200	RIFIN-A	PfSN01_130075200	1
2116	SN01	PfSN01_130075500	RIFIN-A	PF3D7_0833400	6
2117	SN01	PfSN01_130075600	RIFIN-A	PfSN01_130075600	1
2118	SN01	PfSN01_140006200	RIFIN-A	PfSN01_140006200	1
2119	SN01	PfSN01_140006400	RIFIN-A	PfSN01_140006400	1
2120	SN01	PfSN01_140006700	RIFIN-B	PfGA01_040030500	3
2121	SN01	PfSN01_140007200	RIFIN-A	PfGB4_130005900	2
2122	SN01	PfSN01_140007500	RIFIN-B	PfSN01_140007500	1
2123	SN01	PfSN01_140007600	RIFIN-A	PfSN01_140007600	1
2124	SN01	PfSN01_140007700	RIFIN-B	PfSN01_140007700	1
2125	SN01	PfSN01_140007800	RIFIN-A	PfSN01_140007800	1
2126	SN01	PfSN01_140008000	RIFIN-B	PfDd2_140005200	5
2127	SN01	PfSN01_140086000	RIFIN-A	PfSN01_140086000	1
2128	SN01	PfSN01_140086400	RIFIN-B	PfSN01_140086400	1
2129	SN01	PfSN01_140086600	RIFIN-A	PfSN01_140086600	1
2130	SN01	PfSN01_140086900	RIFIN-A	PfSN01_140086900	1
2131	SN01	PfSN01_140087000	RIFIN-A	PfHB3_060036400	2
2132	SN01	PfSN01_140087100	RIFIN-A	PfSN01_140087100	1
2133	SN01	PfSN01_140087200	RIFIN-A	PfSN01_140087200	1
2134	SN01	PfSN01_140087300	RIFIN-A	PfSN01_140087300	1
2135	SN01	PfSN01_140087400	RIFIN-A	PfSN01_140087400	1
2136	SN01	PfSN01_140087600	RIFIN-A	PfSN01_140087600	1
2137	SN01	PfSN01_140087900	RIFIN-A	PfCD01_030005800	4
2138	SN01	PfSN01_140088100	RIFIN-A	PfSN01_140088100	1
2139	SN01	PfSN01_140088200	RIFIN-A	PfSN01_140088200	1
2140	SN01	PfSN01_140088400	RIFIN-B	PfSN01_140088400	1
2141	SN01	PfSN01_140088500	RIFIN-A	Pf7G8-2_000094100	6
